sample_id,stream,line_number,text
timing-Sieve-sieve-rxvm-control-warmup-1,stdout,1,benchmark=awfy_sieve repetitions=5500 result=669
timing-Sieve-sieve-rxvm-control-warmup-1,stdout,2,PASS: AWFY Sieve
timing-Sieve-sieve-rxvm-candidate-warmup-1,stdout,1,benchmark=awfy_sieve repetitions=5500 result=669
timing-Sieve-sieve-rxvm-candidate-warmup-1,stdout,2,PASS: AWFY Sieve
timing-Sieve-sieve-rxbvm-control-warmup-1,stdout,1,benchmark=awfy_sieve repetitions=5500 result=669
timing-Sieve-sieve-rxbvm-control-warmup-1,stdout,2,PASS: AWFY Sieve
timing-Sieve-sieve-rxbvm-candidate-warmup-1,stdout,1,benchmark=awfy_sieve repetitions=5500 result=669
timing-Sieve-sieve-rxbvm-candidate-warmup-1,stdout,2,PASS: AWFY Sieve
timing-Sieve-sieve-rxvm-control-recorded-1,stdout,1,benchmark=awfy_sieve repetitions=5500 result=669
timing-Sieve-sieve-rxvm-control-recorded-1,stdout,2,PASS: AWFY Sieve
timing-Sieve-sieve-rxvm-candidate-recorded-1,stdout,1,benchmark=awfy_sieve repetitions=5500 result=669
timing-Sieve-sieve-rxvm-candidate-recorded-1,stdout,2,PASS: AWFY Sieve
timing-Sieve-sieve-rxbvm-control-recorded-1,stdout,1,benchmark=awfy_sieve repetitions=5500 result=669
timing-Sieve-sieve-rxbvm-control-recorded-1,stdout,2,PASS: AWFY Sieve
timing-Sieve-sieve-rxbvm-candidate-recorded-1,stdout,1,benchmark=awfy_sieve repetitions=5500 result=669
timing-Sieve-sieve-rxbvm-candidate-recorded-1,stdout,2,PASS: AWFY Sieve
timing-Sieve-sieve-rxbvm-candidate-recorded-2,stdout,1,benchmark=awfy_sieve repetitions=5500 result=669
timing-Sieve-sieve-rxbvm-candidate-recorded-2,stdout,2,PASS: AWFY Sieve
timing-Sieve-sieve-rxbvm-control-recorded-2,stdout,1,benchmark=awfy_sieve repetitions=5500 result=669
timing-Sieve-sieve-rxbvm-control-recorded-2,stdout,2,PASS: AWFY Sieve
timing-Sieve-sieve-rxvm-candidate-recorded-2,stdout,1,benchmark=awfy_sieve repetitions=5500 result=669
timing-Sieve-sieve-rxvm-candidate-recorded-2,stdout,2,PASS: AWFY Sieve
timing-Sieve-sieve-rxvm-control-recorded-2,stdout,1,benchmark=awfy_sieve repetitions=5500 result=669
timing-Sieve-sieve-rxvm-control-recorded-2,stdout,2,PASS: AWFY Sieve
timing-Sieve-sieve-rxbvm-control-recorded-3,stdout,1,benchmark=awfy_sieve repetitions=5500 result=669
timing-Sieve-sieve-rxbvm-control-recorded-3,stdout,2,PASS: AWFY Sieve
timing-Sieve-sieve-rxbvm-candidate-recorded-3,stdout,1,benchmark=awfy_sieve repetitions=5500 result=669
timing-Sieve-sieve-rxbvm-candidate-recorded-3,stdout,2,PASS: AWFY Sieve
timing-Sieve-sieve-rxvm-control-recorded-3,stdout,1,benchmark=awfy_sieve repetitions=5500 result=669
timing-Sieve-sieve-rxvm-control-recorded-3,stdout,2,PASS: AWFY Sieve
timing-Sieve-sieve-rxvm-candidate-recorded-3,stdout,1,benchmark=awfy_sieve repetitions=5500 result=669
timing-Sieve-sieve-rxvm-candidate-recorded-3,stdout,2,PASS: AWFY Sieve
timing-Sieve-sieve-rxvm-candidate-recorded-4,stdout,1,benchmark=awfy_sieve repetitions=5500 result=669
timing-Sieve-sieve-rxvm-candidate-recorded-4,stdout,2,PASS: AWFY Sieve
timing-Sieve-sieve-rxvm-control-recorded-4,stdout,1,benchmark=awfy_sieve repetitions=5500 result=669
timing-Sieve-sieve-rxvm-control-recorded-4,stdout,2,PASS: AWFY Sieve
timing-Sieve-sieve-rxbvm-candidate-recorded-4,stdout,1,benchmark=awfy_sieve repetitions=5500 result=669
timing-Sieve-sieve-rxbvm-candidate-recorded-4,stdout,2,PASS: AWFY Sieve
timing-Sieve-sieve-rxbvm-control-recorded-4,stdout,1,benchmark=awfy_sieve repetitions=5500 result=669
timing-Sieve-sieve-rxbvm-control-recorded-4,stdout,2,PASS: AWFY Sieve
timing-Sieve-sieve-rxvm-control-recorded-5,stdout,1,benchmark=awfy_sieve repetitions=5500 result=669
timing-Sieve-sieve-rxvm-control-recorded-5,stdout,2,PASS: AWFY Sieve
timing-Sieve-sieve-rxvm-candidate-recorded-5,stdout,1,benchmark=awfy_sieve repetitions=5500 result=669
timing-Sieve-sieve-rxvm-candidate-recorded-5,stdout,2,PASS: AWFY Sieve
timing-Sieve-sieve-rxbvm-control-recorded-5,stdout,1,benchmark=awfy_sieve repetitions=5500 result=669
timing-Sieve-sieve-rxbvm-control-recorded-5,stdout,2,PASS: AWFY Sieve
timing-Sieve-sieve-rxbvm-candidate-recorded-5,stdout,1,benchmark=awfy_sieve repetitions=5500 result=669
timing-Sieve-sieve-rxbvm-candidate-recorded-5,stdout,2,PASS: AWFY Sieve
timing-Sieve-sieve-rxbvm-candidate-recorded-6,stdout,1,benchmark=awfy_sieve repetitions=5500 result=669
timing-Sieve-sieve-rxbvm-candidate-recorded-6,stdout,2,PASS: AWFY Sieve
timing-Sieve-sieve-rxbvm-control-recorded-6,stdout,1,benchmark=awfy_sieve repetitions=5500 result=669
timing-Sieve-sieve-rxbvm-control-recorded-6,stdout,2,PASS: AWFY Sieve
timing-Sieve-sieve-rxvm-candidate-recorded-6,stdout,1,benchmark=awfy_sieve repetitions=5500 result=669
timing-Sieve-sieve-rxvm-candidate-recorded-6,stdout,2,PASS: AWFY Sieve
timing-Sieve-sieve-rxvm-control-recorded-6,stdout,1,benchmark=awfy_sieve repetitions=5500 result=669
timing-Sieve-sieve-rxvm-control-recorded-6,stdout,2,PASS: AWFY Sieve
timing-Sieve-sieve-rxbvm-control-recorded-7,stdout,1,benchmark=awfy_sieve repetitions=5500 result=669
timing-Sieve-sieve-rxbvm-control-recorded-7,stdout,2,PASS: AWFY Sieve
timing-Sieve-sieve-rxbvm-candidate-recorded-7,stdout,1,benchmark=awfy_sieve repetitions=5500 result=669
timing-Sieve-sieve-rxbvm-candidate-recorded-7,stdout,2,PASS: AWFY Sieve
timing-Sieve-sieve-rxvm-control-recorded-7,stdout,1,benchmark=awfy_sieve repetitions=5500 result=669
timing-Sieve-sieve-rxvm-control-recorded-7,stdout,2,PASS: AWFY Sieve
timing-Sieve-sieve-rxvm-candidate-recorded-7,stdout,1,benchmark=awfy_sieve repetitions=5500 result=669
timing-Sieve-sieve-rxvm-candidate-recorded-7,stdout,2,PASS: AWFY Sieve
timing-Sieve-sieve-rxvm-candidate-recorded-8,stdout,1,benchmark=awfy_sieve repetitions=5500 result=669
timing-Sieve-sieve-rxvm-candidate-recorded-8,stdout,2,PASS: AWFY Sieve
timing-Sieve-sieve-rxvm-control-recorded-8,stdout,1,benchmark=awfy_sieve repetitions=5500 result=669
timing-Sieve-sieve-rxvm-control-recorded-8,stdout,2,PASS: AWFY Sieve
timing-Sieve-sieve-rxbvm-candidate-recorded-8,stdout,1,benchmark=awfy_sieve repetitions=5500 result=669
timing-Sieve-sieve-rxbvm-candidate-recorded-8,stdout,2,PASS: AWFY Sieve
timing-Sieve-sieve-rxbvm-control-recorded-8,stdout,1,benchmark=awfy_sieve repetitions=5500 result=669
timing-Sieve-sieve-rxbvm-control-recorded-8,stdout,2,PASS: AWFY Sieve
timing-Sieve-sieve-rxvm-control-recorded-9,stdout,1,benchmark=awfy_sieve repetitions=5500 result=669
timing-Sieve-sieve-rxvm-control-recorded-9,stdout,2,PASS: AWFY Sieve
timing-Sieve-sieve-rxvm-candidate-recorded-9,stdout,1,benchmark=awfy_sieve repetitions=5500 result=669
timing-Sieve-sieve-rxvm-candidate-recorded-9,stdout,2,PASS: AWFY Sieve
timing-Sieve-sieve-rxbvm-control-recorded-9,stdout,1,benchmark=awfy_sieve repetitions=5500 result=669
timing-Sieve-sieve-rxbvm-control-recorded-9,stdout,2,PASS: AWFY Sieve
timing-Sieve-sieve-rxbvm-candidate-recorded-9,stdout,1,benchmark=awfy_sieve repetitions=5500 result=669
timing-Sieve-sieve-rxbvm-candidate-recorded-9,stdout,2,PASS: AWFY Sieve
timing-Sieve-sieve-rxbvm-candidate-recorded-10,stdout,1,benchmark=awfy_sieve repetitions=5500 result=669
timing-Sieve-sieve-rxbvm-candidate-recorded-10,stdout,2,PASS: AWFY Sieve
timing-Sieve-sieve-rxbvm-control-recorded-10,stdout,1,benchmark=awfy_sieve repetitions=5500 result=669
timing-Sieve-sieve-rxbvm-control-recorded-10,stdout,2,PASS: AWFY Sieve
timing-Sieve-sieve-rxvm-candidate-recorded-10,stdout,1,benchmark=awfy_sieve repetitions=5500 result=669
timing-Sieve-sieve-rxvm-candidate-recorded-10,stdout,2,PASS: AWFY Sieve
timing-Sieve-sieve-rxvm-control-recorded-10,stdout,1,benchmark=awfy_sieve repetitions=5500 result=669
timing-Sieve-sieve-rxvm-control-recorded-10,stdout,2,PASS: AWFY Sieve
timing-Sieve-sieve-rxbvm-control-recorded-11,stdout,1,benchmark=awfy_sieve repetitions=5500 result=669
timing-Sieve-sieve-rxbvm-control-recorded-11,stdout,2,PASS: AWFY Sieve
timing-Sieve-sieve-rxbvm-candidate-recorded-11,stdout,1,benchmark=awfy_sieve repetitions=5500 result=669
timing-Sieve-sieve-rxbvm-candidate-recorded-11,stdout,2,PASS: AWFY Sieve
timing-Sieve-sieve-rxvm-control-recorded-11,stdout,1,benchmark=awfy_sieve repetitions=5500 result=669
timing-Sieve-sieve-rxvm-control-recorded-11,stdout,2,PASS: AWFY Sieve
timing-Sieve-sieve-rxvm-candidate-recorded-11,stdout,1,benchmark=awfy_sieve repetitions=5500 result=669
timing-Sieve-sieve-rxvm-candidate-recorded-11,stdout,2,PASS: AWFY Sieve
timing-Sieve-sieve-rxvm-candidate-recorded-12,stdout,1,benchmark=awfy_sieve repetitions=5500 result=669
timing-Sieve-sieve-rxvm-candidate-recorded-12,stdout,2,PASS: AWFY Sieve
timing-Sieve-sieve-rxvm-control-recorded-12,stdout,1,benchmark=awfy_sieve repetitions=5500 result=669
timing-Sieve-sieve-rxvm-control-recorded-12,stdout,2,PASS: AWFY Sieve
timing-Sieve-sieve-rxbvm-candidate-recorded-12,stdout,1,benchmark=awfy_sieve repetitions=5500 result=669
timing-Sieve-sieve-rxbvm-candidate-recorded-12,stdout,2,PASS: AWFY Sieve
timing-Sieve-sieve-rxbvm-control-recorded-12,stdout,1,benchmark=awfy_sieve repetitions=5500 result=669
timing-Sieve-sieve-rxbvm-control-recorded-12,stdout,2,PASS: AWFY Sieve
timing-Permute-permute-rxvm-control-warmup-1,stdout,1,benchmark=awfy_permute repetitions=5000 result=8660
timing-Permute-permute-rxvm-control-warmup-1,stdout,2,PASS: AWFY Permute
timing-Permute-permute-rxvm-candidate-warmup-1,stdout,1,benchmark=awfy_permute repetitions=5000 result=8660
timing-Permute-permute-rxvm-candidate-warmup-1,stdout,2,PASS: AWFY Permute
timing-Permute-permute-rxbvm-control-warmup-1,stdout,1,benchmark=awfy_permute repetitions=5000 result=8660
timing-Permute-permute-rxbvm-control-warmup-1,stdout,2,PASS: AWFY Permute
timing-Permute-permute-rxbvm-candidate-warmup-1,stdout,1,benchmark=awfy_permute repetitions=5000 result=8660
timing-Permute-permute-rxbvm-candidate-warmup-1,stdout,2,PASS: AWFY Permute
timing-Permute-permute-rxvm-control-recorded-1,stdout,1,benchmark=awfy_permute repetitions=5000 result=8660
timing-Permute-permute-rxvm-control-recorded-1,stdout,2,PASS: AWFY Permute
timing-Permute-permute-rxvm-candidate-recorded-1,stdout,1,benchmark=awfy_permute repetitions=5000 result=8660
timing-Permute-permute-rxvm-candidate-recorded-1,stdout,2,PASS: AWFY Permute
timing-Permute-permute-rxbvm-control-recorded-1,stdout,1,benchmark=awfy_permute repetitions=5000 result=8660
timing-Permute-permute-rxbvm-control-recorded-1,stdout,2,PASS: AWFY Permute
timing-Permute-permute-rxbvm-candidate-recorded-1,stdout,1,benchmark=awfy_permute repetitions=5000 result=8660
timing-Permute-permute-rxbvm-candidate-recorded-1,stdout,2,PASS: AWFY Permute
timing-Permute-permute-rxbvm-candidate-recorded-2,stdout,1,benchmark=awfy_permute repetitions=5000 result=8660
timing-Permute-permute-rxbvm-candidate-recorded-2,stdout,2,PASS: AWFY Permute
timing-Permute-permute-rxbvm-control-recorded-2,stdout,1,benchmark=awfy_permute repetitions=5000 result=8660
timing-Permute-permute-rxbvm-control-recorded-2,stdout,2,PASS: AWFY Permute
timing-Permute-permute-rxvm-candidate-recorded-2,stdout,1,benchmark=awfy_permute repetitions=5000 result=8660
timing-Permute-permute-rxvm-candidate-recorded-2,stdout,2,PASS: AWFY Permute
timing-Permute-permute-rxvm-control-recorded-2,stdout,1,benchmark=awfy_permute repetitions=5000 result=8660
timing-Permute-permute-rxvm-control-recorded-2,stdout,2,PASS: AWFY Permute
timing-Permute-permute-rxbvm-control-recorded-3,stdout,1,benchmark=awfy_permute repetitions=5000 result=8660
timing-Permute-permute-rxbvm-control-recorded-3,stdout,2,PASS: AWFY Permute
timing-Permute-permute-rxbvm-candidate-recorded-3,stdout,1,benchmark=awfy_permute repetitions=5000 result=8660
timing-Permute-permute-rxbvm-candidate-recorded-3,stdout,2,PASS: AWFY Permute
timing-Permute-permute-rxvm-control-recorded-3,stdout,1,benchmark=awfy_permute repetitions=5000 result=8660
timing-Permute-permute-rxvm-control-recorded-3,stdout,2,PASS: AWFY Permute
timing-Permute-permute-rxvm-candidate-recorded-3,stdout,1,benchmark=awfy_permute repetitions=5000 result=8660
timing-Permute-permute-rxvm-candidate-recorded-3,stdout,2,PASS: AWFY Permute
timing-Permute-permute-rxvm-candidate-recorded-4,stdout,1,benchmark=awfy_permute repetitions=5000 result=8660
timing-Permute-permute-rxvm-candidate-recorded-4,stdout,2,PASS: AWFY Permute
timing-Permute-permute-rxvm-control-recorded-4,stdout,1,benchmark=awfy_permute repetitions=5000 result=8660
timing-Permute-permute-rxvm-control-recorded-4,stdout,2,PASS: AWFY Permute
timing-Permute-permute-rxbvm-candidate-recorded-4,stdout,1,benchmark=awfy_permute repetitions=5000 result=8660
timing-Permute-permute-rxbvm-candidate-recorded-4,stdout,2,PASS: AWFY Permute
timing-Permute-permute-rxbvm-control-recorded-4,stdout,1,benchmark=awfy_permute repetitions=5000 result=8660
timing-Permute-permute-rxbvm-control-recorded-4,stdout,2,PASS: AWFY Permute
timing-Permute-permute-rxvm-control-recorded-5,stdout,1,benchmark=awfy_permute repetitions=5000 result=8660
timing-Permute-permute-rxvm-control-recorded-5,stdout,2,PASS: AWFY Permute
timing-Permute-permute-rxvm-candidate-recorded-5,stdout,1,benchmark=awfy_permute repetitions=5000 result=8660
timing-Permute-permute-rxvm-candidate-recorded-5,stdout,2,PASS: AWFY Permute
timing-Permute-permute-rxbvm-control-recorded-5,stdout,1,benchmark=awfy_permute repetitions=5000 result=8660
timing-Permute-permute-rxbvm-control-recorded-5,stdout,2,PASS: AWFY Permute
timing-Permute-permute-rxbvm-candidate-recorded-5,stdout,1,benchmark=awfy_permute repetitions=5000 result=8660
timing-Permute-permute-rxbvm-candidate-recorded-5,stdout,2,PASS: AWFY Permute
timing-Permute-permute-rxbvm-candidate-recorded-6,stdout,1,benchmark=awfy_permute repetitions=5000 result=8660
timing-Permute-permute-rxbvm-candidate-recorded-6,stdout,2,PASS: AWFY Permute
timing-Permute-permute-rxbvm-control-recorded-6,stdout,1,benchmark=awfy_permute repetitions=5000 result=8660
timing-Permute-permute-rxbvm-control-recorded-6,stdout,2,PASS: AWFY Permute
timing-Permute-permute-rxvm-candidate-recorded-6,stdout,1,benchmark=awfy_permute repetitions=5000 result=8660
timing-Permute-permute-rxvm-candidate-recorded-6,stdout,2,PASS: AWFY Permute
timing-Permute-permute-rxvm-control-recorded-6,stdout,1,benchmark=awfy_permute repetitions=5000 result=8660
timing-Permute-permute-rxvm-control-recorded-6,stdout,2,PASS: AWFY Permute
timing-Permute-permute-rxbvm-control-recorded-7,stdout,1,benchmark=awfy_permute repetitions=5000 result=8660
timing-Permute-permute-rxbvm-control-recorded-7,stdout,2,PASS: AWFY Permute
timing-Permute-permute-rxbvm-candidate-recorded-7,stdout,1,benchmark=awfy_permute repetitions=5000 result=8660
timing-Permute-permute-rxbvm-candidate-recorded-7,stdout,2,PASS: AWFY Permute
timing-Permute-permute-rxvm-control-recorded-7,stdout,1,benchmark=awfy_permute repetitions=5000 result=8660
timing-Permute-permute-rxvm-control-recorded-7,stdout,2,PASS: AWFY Permute
timing-Permute-permute-rxvm-candidate-recorded-7,stdout,1,benchmark=awfy_permute repetitions=5000 result=8660
timing-Permute-permute-rxvm-candidate-recorded-7,stdout,2,PASS: AWFY Permute
timing-Permute-permute-rxvm-candidate-recorded-8,stdout,1,benchmark=awfy_permute repetitions=5000 result=8660
timing-Permute-permute-rxvm-candidate-recorded-8,stdout,2,PASS: AWFY Permute
timing-Permute-permute-rxvm-control-recorded-8,stdout,1,benchmark=awfy_permute repetitions=5000 result=8660
timing-Permute-permute-rxvm-control-recorded-8,stdout,2,PASS: AWFY Permute
timing-Permute-permute-rxbvm-candidate-recorded-8,stdout,1,benchmark=awfy_permute repetitions=5000 result=8660
timing-Permute-permute-rxbvm-candidate-recorded-8,stdout,2,PASS: AWFY Permute
timing-Permute-permute-rxbvm-control-recorded-8,stdout,1,benchmark=awfy_permute repetitions=5000 result=8660
timing-Permute-permute-rxbvm-control-recorded-8,stdout,2,PASS: AWFY Permute
timing-Permute-permute-rxvm-control-recorded-9,stdout,1,benchmark=awfy_permute repetitions=5000 result=8660
timing-Permute-permute-rxvm-control-recorded-9,stdout,2,PASS: AWFY Permute
timing-Permute-permute-rxvm-candidate-recorded-9,stdout,1,benchmark=awfy_permute repetitions=5000 result=8660
timing-Permute-permute-rxvm-candidate-recorded-9,stdout,2,PASS: AWFY Permute
timing-Permute-permute-rxbvm-control-recorded-9,stdout,1,benchmark=awfy_permute repetitions=5000 result=8660
timing-Permute-permute-rxbvm-control-recorded-9,stdout,2,PASS: AWFY Permute
timing-Permute-permute-rxbvm-candidate-recorded-9,stdout,1,benchmark=awfy_permute repetitions=5000 result=8660
timing-Permute-permute-rxbvm-candidate-recorded-9,stdout,2,PASS: AWFY Permute
timing-Permute-permute-rxbvm-candidate-recorded-10,stdout,1,benchmark=awfy_permute repetitions=5000 result=8660
timing-Permute-permute-rxbvm-candidate-recorded-10,stdout,2,PASS: AWFY Permute
timing-Permute-permute-rxbvm-control-recorded-10,stdout,1,benchmark=awfy_permute repetitions=5000 result=8660
timing-Permute-permute-rxbvm-control-recorded-10,stdout,2,PASS: AWFY Permute
timing-Permute-permute-rxvm-candidate-recorded-10,stdout,1,benchmark=awfy_permute repetitions=5000 result=8660
timing-Permute-permute-rxvm-candidate-recorded-10,stdout,2,PASS: AWFY Permute
timing-Permute-permute-rxvm-control-recorded-10,stdout,1,benchmark=awfy_permute repetitions=5000 result=8660
timing-Permute-permute-rxvm-control-recorded-10,stdout,2,PASS: AWFY Permute
timing-Permute-permute-rxbvm-control-recorded-11,stdout,1,benchmark=awfy_permute repetitions=5000 result=8660
timing-Permute-permute-rxbvm-control-recorded-11,stdout,2,PASS: AWFY Permute
timing-Permute-permute-rxbvm-candidate-recorded-11,stdout,1,benchmark=awfy_permute repetitions=5000 result=8660
timing-Permute-permute-rxbvm-candidate-recorded-11,stdout,2,PASS: AWFY Permute
timing-Permute-permute-rxvm-control-recorded-11,stdout,1,benchmark=awfy_permute repetitions=5000 result=8660
timing-Permute-permute-rxvm-control-recorded-11,stdout,2,PASS: AWFY Permute
timing-Permute-permute-rxvm-candidate-recorded-11,stdout,1,benchmark=awfy_permute repetitions=5000 result=8660
timing-Permute-permute-rxvm-candidate-recorded-11,stdout,2,PASS: AWFY Permute
timing-Permute-permute-rxvm-candidate-recorded-12,stdout,1,benchmark=awfy_permute repetitions=5000 result=8660
timing-Permute-permute-rxvm-candidate-recorded-12,stdout,2,PASS: AWFY Permute
timing-Permute-permute-rxvm-control-recorded-12,stdout,1,benchmark=awfy_permute repetitions=5000 result=8660
timing-Permute-permute-rxvm-control-recorded-12,stdout,2,PASS: AWFY Permute
timing-Permute-permute-rxbvm-candidate-recorded-12,stdout,1,benchmark=awfy_permute repetitions=5000 result=8660
timing-Permute-permute-rxbvm-candidate-recorded-12,stdout,2,PASS: AWFY Permute
timing-Permute-permute-rxbvm-control-recorded-12,stdout,1,benchmark=awfy_permute repetitions=5000 result=8660
timing-Permute-permute-rxbvm-control-recorded-12,stdout,2,PASS: AWFY Permute
timing-Bounce-bounce-rxvm-control-warmup-1,stdout,1,benchmark=awfy_bounce repetitions=4200 result=1331
timing-Bounce-bounce-rxvm-control-warmup-1,stdout,2,PASS: AWFY Bounce
timing-Bounce-bounce-rxvm-candidate-warmup-1,stdout,1,benchmark=awfy_bounce repetitions=4200 result=1331
timing-Bounce-bounce-rxvm-candidate-warmup-1,stdout,2,PASS: AWFY Bounce
timing-Bounce-bounce-rxbvm-control-warmup-1,stdout,1,benchmark=awfy_bounce repetitions=4200 result=1331
timing-Bounce-bounce-rxbvm-control-warmup-1,stdout,2,PASS: AWFY Bounce
timing-Bounce-bounce-rxbvm-candidate-warmup-1,stdout,1,benchmark=awfy_bounce repetitions=4200 result=1331
timing-Bounce-bounce-rxbvm-candidate-warmup-1,stdout,2,PASS: AWFY Bounce
timing-Bounce-bounce-rxvm-control-recorded-1,stdout,1,benchmark=awfy_bounce repetitions=4200 result=1331
timing-Bounce-bounce-rxvm-control-recorded-1,stdout,2,PASS: AWFY Bounce
timing-Bounce-bounce-rxvm-candidate-recorded-1,stdout,1,benchmark=awfy_bounce repetitions=4200 result=1331
timing-Bounce-bounce-rxvm-candidate-recorded-1,stdout,2,PASS: AWFY Bounce
timing-Bounce-bounce-rxbvm-control-recorded-1,stdout,1,benchmark=awfy_bounce repetitions=4200 result=1331
timing-Bounce-bounce-rxbvm-control-recorded-1,stdout,2,PASS: AWFY Bounce
timing-Bounce-bounce-rxbvm-candidate-recorded-1,stdout,1,benchmark=awfy_bounce repetitions=4200 result=1331
timing-Bounce-bounce-rxbvm-candidate-recorded-1,stdout,2,PASS: AWFY Bounce
timing-Bounce-bounce-rxbvm-candidate-recorded-2,stdout,1,benchmark=awfy_bounce repetitions=4200 result=1331
timing-Bounce-bounce-rxbvm-candidate-recorded-2,stdout,2,PASS: AWFY Bounce
timing-Bounce-bounce-rxbvm-control-recorded-2,stdout,1,benchmark=awfy_bounce repetitions=4200 result=1331
timing-Bounce-bounce-rxbvm-control-recorded-2,stdout,2,PASS: AWFY Bounce
timing-Bounce-bounce-rxvm-candidate-recorded-2,stdout,1,benchmark=awfy_bounce repetitions=4200 result=1331
timing-Bounce-bounce-rxvm-candidate-recorded-2,stdout,2,PASS: AWFY Bounce
timing-Bounce-bounce-rxvm-control-recorded-2,stdout,1,benchmark=awfy_bounce repetitions=4200 result=1331
timing-Bounce-bounce-rxvm-control-recorded-2,stdout,2,PASS: AWFY Bounce
timing-Bounce-bounce-rxbvm-control-recorded-3,stdout,1,benchmark=awfy_bounce repetitions=4200 result=1331
timing-Bounce-bounce-rxbvm-control-recorded-3,stdout,2,PASS: AWFY Bounce
timing-Bounce-bounce-rxbvm-candidate-recorded-3,stdout,1,benchmark=awfy_bounce repetitions=4200 result=1331
timing-Bounce-bounce-rxbvm-candidate-recorded-3,stdout,2,PASS: AWFY Bounce
timing-Bounce-bounce-rxvm-control-recorded-3,stdout,1,benchmark=awfy_bounce repetitions=4200 result=1331
timing-Bounce-bounce-rxvm-control-recorded-3,stdout,2,PASS: AWFY Bounce
timing-Bounce-bounce-rxvm-candidate-recorded-3,stdout,1,benchmark=awfy_bounce repetitions=4200 result=1331
timing-Bounce-bounce-rxvm-candidate-recorded-3,stdout,2,PASS: AWFY Bounce
timing-Bounce-bounce-rxvm-candidate-recorded-4,stdout,1,benchmark=awfy_bounce repetitions=4200 result=1331
timing-Bounce-bounce-rxvm-candidate-recorded-4,stdout,2,PASS: AWFY Bounce
timing-Bounce-bounce-rxvm-control-recorded-4,stdout,1,benchmark=awfy_bounce repetitions=4200 result=1331
timing-Bounce-bounce-rxvm-control-recorded-4,stdout,2,PASS: AWFY Bounce
timing-Bounce-bounce-rxbvm-candidate-recorded-4,stdout,1,benchmark=awfy_bounce repetitions=4200 result=1331
timing-Bounce-bounce-rxbvm-candidate-recorded-4,stdout,2,PASS: AWFY Bounce
timing-Bounce-bounce-rxbvm-control-recorded-4,stdout,1,benchmark=awfy_bounce repetitions=4200 result=1331
timing-Bounce-bounce-rxbvm-control-recorded-4,stdout,2,PASS: AWFY Bounce
timing-Bounce-bounce-rxvm-control-recorded-5,stdout,1,benchmark=awfy_bounce repetitions=4200 result=1331
timing-Bounce-bounce-rxvm-control-recorded-5,stdout,2,PASS: AWFY Bounce
timing-Bounce-bounce-rxvm-candidate-recorded-5,stdout,1,benchmark=awfy_bounce repetitions=4200 result=1331
timing-Bounce-bounce-rxvm-candidate-recorded-5,stdout,2,PASS: AWFY Bounce
timing-Bounce-bounce-rxbvm-control-recorded-5,stdout,1,benchmark=awfy_bounce repetitions=4200 result=1331
timing-Bounce-bounce-rxbvm-control-recorded-5,stdout,2,PASS: AWFY Bounce
timing-Bounce-bounce-rxbvm-candidate-recorded-5,stdout,1,benchmark=awfy_bounce repetitions=4200 result=1331
timing-Bounce-bounce-rxbvm-candidate-recorded-5,stdout,2,PASS: AWFY Bounce
timing-Bounce-bounce-rxbvm-candidate-recorded-6,stdout,1,benchmark=awfy_bounce repetitions=4200 result=1331
timing-Bounce-bounce-rxbvm-candidate-recorded-6,stdout,2,PASS: AWFY Bounce
timing-Bounce-bounce-rxbvm-control-recorded-6,stdout,1,benchmark=awfy_bounce repetitions=4200 result=1331
timing-Bounce-bounce-rxbvm-control-recorded-6,stdout,2,PASS: AWFY Bounce
timing-Bounce-bounce-rxvm-candidate-recorded-6,stdout,1,benchmark=awfy_bounce repetitions=4200 result=1331
timing-Bounce-bounce-rxvm-candidate-recorded-6,stdout,2,PASS: AWFY Bounce
timing-Bounce-bounce-rxvm-control-recorded-6,stdout,1,benchmark=awfy_bounce repetitions=4200 result=1331
timing-Bounce-bounce-rxvm-control-recorded-6,stdout,2,PASS: AWFY Bounce
timing-Bounce-bounce-rxbvm-control-recorded-7,stdout,1,benchmark=awfy_bounce repetitions=4200 result=1331
timing-Bounce-bounce-rxbvm-control-recorded-7,stdout,2,PASS: AWFY Bounce
timing-Bounce-bounce-rxbvm-candidate-recorded-7,stdout,1,benchmark=awfy_bounce repetitions=4200 result=1331
timing-Bounce-bounce-rxbvm-candidate-recorded-7,stdout,2,PASS: AWFY Bounce
timing-Bounce-bounce-rxvm-control-recorded-7,stdout,1,benchmark=awfy_bounce repetitions=4200 result=1331
timing-Bounce-bounce-rxvm-control-recorded-7,stdout,2,PASS: AWFY Bounce
timing-Bounce-bounce-rxvm-candidate-recorded-7,stdout,1,benchmark=awfy_bounce repetitions=4200 result=1331
timing-Bounce-bounce-rxvm-candidate-recorded-7,stdout,2,PASS: AWFY Bounce
timing-Bounce-bounce-rxvm-candidate-recorded-8,stdout,1,benchmark=awfy_bounce repetitions=4200 result=1331
timing-Bounce-bounce-rxvm-candidate-recorded-8,stdout,2,PASS: AWFY Bounce
timing-Bounce-bounce-rxvm-control-recorded-8,stdout,1,benchmark=awfy_bounce repetitions=4200 result=1331
timing-Bounce-bounce-rxvm-control-recorded-8,stdout,2,PASS: AWFY Bounce
timing-Bounce-bounce-rxbvm-candidate-recorded-8,stdout,1,benchmark=awfy_bounce repetitions=4200 result=1331
timing-Bounce-bounce-rxbvm-candidate-recorded-8,stdout,2,PASS: AWFY Bounce
timing-Bounce-bounce-rxbvm-control-recorded-8,stdout,1,benchmark=awfy_bounce repetitions=4200 result=1331
timing-Bounce-bounce-rxbvm-control-recorded-8,stdout,2,PASS: AWFY Bounce
timing-Bounce-bounce-rxvm-control-recorded-9,stdout,1,benchmark=awfy_bounce repetitions=4200 result=1331
timing-Bounce-bounce-rxvm-control-recorded-9,stdout,2,PASS: AWFY Bounce
timing-Bounce-bounce-rxvm-candidate-recorded-9,stdout,1,benchmark=awfy_bounce repetitions=4200 result=1331
timing-Bounce-bounce-rxvm-candidate-recorded-9,stdout,2,PASS: AWFY Bounce
timing-Bounce-bounce-rxbvm-control-recorded-9,stdout,1,benchmark=awfy_bounce repetitions=4200 result=1331
timing-Bounce-bounce-rxbvm-control-recorded-9,stdout,2,PASS: AWFY Bounce
timing-Bounce-bounce-rxbvm-candidate-recorded-9,stdout,1,benchmark=awfy_bounce repetitions=4200 result=1331
timing-Bounce-bounce-rxbvm-candidate-recorded-9,stdout,2,PASS: AWFY Bounce
timing-Bounce-bounce-rxbvm-candidate-recorded-10,stdout,1,benchmark=awfy_bounce repetitions=4200 result=1331
timing-Bounce-bounce-rxbvm-candidate-recorded-10,stdout,2,PASS: AWFY Bounce
timing-Bounce-bounce-rxbvm-control-recorded-10,stdout,1,benchmark=awfy_bounce repetitions=4200 result=1331
timing-Bounce-bounce-rxbvm-control-recorded-10,stdout,2,PASS: AWFY Bounce
timing-Bounce-bounce-rxvm-candidate-recorded-10,stdout,1,benchmark=awfy_bounce repetitions=4200 result=1331
timing-Bounce-bounce-rxvm-candidate-recorded-10,stdout,2,PASS: AWFY Bounce
timing-Bounce-bounce-rxvm-control-recorded-10,stdout,1,benchmark=awfy_bounce repetitions=4200 result=1331
timing-Bounce-bounce-rxvm-control-recorded-10,stdout,2,PASS: AWFY Bounce
timing-Bounce-bounce-rxbvm-control-recorded-11,stdout,1,benchmark=awfy_bounce repetitions=4200 result=1331
timing-Bounce-bounce-rxbvm-control-recorded-11,stdout,2,PASS: AWFY Bounce
timing-Bounce-bounce-rxbvm-candidate-recorded-11,stdout,1,benchmark=awfy_bounce repetitions=4200 result=1331
timing-Bounce-bounce-rxbvm-candidate-recorded-11,stdout,2,PASS: AWFY Bounce
timing-Bounce-bounce-rxvm-control-recorded-11,stdout,1,benchmark=awfy_bounce repetitions=4200 result=1331
timing-Bounce-bounce-rxvm-control-recorded-11,stdout,2,PASS: AWFY Bounce
timing-Bounce-bounce-rxvm-candidate-recorded-11,stdout,1,benchmark=awfy_bounce repetitions=4200 result=1331
timing-Bounce-bounce-rxvm-candidate-recorded-11,stdout,2,PASS: AWFY Bounce
timing-Bounce-bounce-rxvm-candidate-recorded-12,stdout,1,benchmark=awfy_bounce repetitions=4200 result=1331
timing-Bounce-bounce-rxvm-candidate-recorded-12,stdout,2,PASS: AWFY Bounce
timing-Bounce-bounce-rxvm-control-recorded-12,stdout,1,benchmark=awfy_bounce repetitions=4200 result=1331
timing-Bounce-bounce-rxvm-control-recorded-12,stdout,2,PASS: AWFY Bounce
timing-Bounce-bounce-rxbvm-candidate-recorded-12,stdout,1,benchmark=awfy_bounce repetitions=4200 result=1331
timing-Bounce-bounce-rxbvm-candidate-recorded-12,stdout,2,PASS: AWFY Bounce
timing-Bounce-bounce-rxbvm-control-recorded-12,stdout,1,benchmark=awfy_bounce repetitions=4200 result=1331
timing-Bounce-bounce-rxbvm-control-recorded-12,stdout,2,PASS: AWFY Bounce
timing-Richards-richards-rxvm-control-warmup-1,stdout,1,benchmark=awfy_richards repetitions=20 queue_packets=23246 holds=9297
timing-Richards-richards-rxvm-control-warmup-1,stdout,2,PASS: AWFY Richards
timing-Richards-richards-rxvm-candidate-warmup-1,stdout,1,benchmark=awfy_richards repetitions=20 queue_packets=23246 holds=9297
timing-Richards-richards-rxvm-candidate-warmup-1,stdout,2,PASS: AWFY Richards
timing-Richards-richards-rxbvm-control-warmup-1,stdout,1,benchmark=awfy_richards repetitions=20 queue_packets=23246 holds=9297
timing-Richards-richards-rxbvm-control-warmup-1,stdout,2,PASS: AWFY Richards
timing-Richards-richards-rxbvm-candidate-warmup-1,stdout,1,benchmark=awfy_richards repetitions=20 queue_packets=23246 holds=9297
timing-Richards-richards-rxbvm-candidate-warmup-1,stdout,2,PASS: AWFY Richards
timing-Richards-richards-rxvm-control-recorded-1,stdout,1,benchmark=awfy_richards repetitions=20 queue_packets=23246 holds=9297
timing-Richards-richards-rxvm-control-recorded-1,stdout,2,PASS: AWFY Richards
timing-Richards-richards-rxvm-candidate-recorded-1,stdout,1,benchmark=awfy_richards repetitions=20 queue_packets=23246 holds=9297
timing-Richards-richards-rxvm-candidate-recorded-1,stdout,2,PASS: AWFY Richards
timing-Richards-richards-rxbvm-control-recorded-1,stdout,1,benchmark=awfy_richards repetitions=20 queue_packets=23246 holds=9297
timing-Richards-richards-rxbvm-control-recorded-1,stdout,2,PASS: AWFY Richards
timing-Richards-richards-rxbvm-candidate-recorded-1,stdout,1,benchmark=awfy_richards repetitions=20 queue_packets=23246 holds=9297
timing-Richards-richards-rxbvm-candidate-recorded-1,stdout,2,PASS: AWFY Richards
timing-Richards-richards-rxbvm-candidate-recorded-2,stdout,1,benchmark=awfy_richards repetitions=20 queue_packets=23246 holds=9297
timing-Richards-richards-rxbvm-candidate-recorded-2,stdout,2,PASS: AWFY Richards
timing-Richards-richards-rxbvm-control-recorded-2,stdout,1,benchmark=awfy_richards repetitions=20 queue_packets=23246 holds=9297
timing-Richards-richards-rxbvm-control-recorded-2,stdout,2,PASS: AWFY Richards
timing-Richards-richards-rxvm-candidate-recorded-2,stdout,1,benchmark=awfy_richards repetitions=20 queue_packets=23246 holds=9297
timing-Richards-richards-rxvm-candidate-recorded-2,stdout,2,PASS: AWFY Richards
timing-Richards-richards-rxvm-control-recorded-2,stdout,1,benchmark=awfy_richards repetitions=20 queue_packets=23246 holds=9297
timing-Richards-richards-rxvm-control-recorded-2,stdout,2,PASS: AWFY Richards
timing-Richards-richards-rxbvm-control-recorded-3,stdout,1,benchmark=awfy_richards repetitions=20 queue_packets=23246 holds=9297
timing-Richards-richards-rxbvm-control-recorded-3,stdout,2,PASS: AWFY Richards
timing-Richards-richards-rxbvm-candidate-recorded-3,stdout,1,benchmark=awfy_richards repetitions=20 queue_packets=23246 holds=9297
timing-Richards-richards-rxbvm-candidate-recorded-3,stdout,2,PASS: AWFY Richards
timing-Richards-richards-rxvm-control-recorded-3,stdout,1,benchmark=awfy_richards repetitions=20 queue_packets=23246 holds=9297
timing-Richards-richards-rxvm-control-recorded-3,stdout,2,PASS: AWFY Richards
timing-Richards-richards-rxvm-candidate-recorded-3,stdout,1,benchmark=awfy_richards repetitions=20 queue_packets=23246 holds=9297
timing-Richards-richards-rxvm-candidate-recorded-3,stdout,2,PASS: AWFY Richards
timing-Richards-richards-rxvm-candidate-recorded-4,stdout,1,benchmark=awfy_richards repetitions=20 queue_packets=23246 holds=9297
timing-Richards-richards-rxvm-candidate-recorded-4,stdout,2,PASS: AWFY Richards
timing-Richards-richards-rxvm-control-recorded-4,stdout,1,benchmark=awfy_richards repetitions=20 queue_packets=23246 holds=9297
timing-Richards-richards-rxvm-control-recorded-4,stdout,2,PASS: AWFY Richards
timing-Richards-richards-rxbvm-candidate-recorded-4,stdout,1,benchmark=awfy_richards repetitions=20 queue_packets=23246 holds=9297
timing-Richards-richards-rxbvm-candidate-recorded-4,stdout,2,PASS: AWFY Richards
timing-Richards-richards-rxbvm-control-recorded-4,stdout,1,benchmark=awfy_richards repetitions=20 queue_packets=23246 holds=9297
timing-Richards-richards-rxbvm-control-recorded-4,stdout,2,PASS: AWFY Richards
timing-Richards-richards-rxvm-control-recorded-5,stdout,1,benchmark=awfy_richards repetitions=20 queue_packets=23246 holds=9297
timing-Richards-richards-rxvm-control-recorded-5,stdout,2,PASS: AWFY Richards
timing-Richards-richards-rxvm-candidate-recorded-5,stdout,1,benchmark=awfy_richards repetitions=20 queue_packets=23246 holds=9297
timing-Richards-richards-rxvm-candidate-recorded-5,stdout,2,PASS: AWFY Richards
timing-Richards-richards-rxbvm-control-recorded-5,stdout,1,benchmark=awfy_richards repetitions=20 queue_packets=23246 holds=9297
timing-Richards-richards-rxbvm-control-recorded-5,stdout,2,PASS: AWFY Richards
timing-Richards-richards-rxbvm-candidate-recorded-5,stdout,1,benchmark=awfy_richards repetitions=20 queue_packets=23246 holds=9297
timing-Richards-richards-rxbvm-candidate-recorded-5,stdout,2,PASS: AWFY Richards
timing-Richards-richards-rxbvm-candidate-recorded-6,stdout,1,benchmark=awfy_richards repetitions=20 queue_packets=23246 holds=9297
timing-Richards-richards-rxbvm-candidate-recorded-6,stdout,2,PASS: AWFY Richards
timing-Richards-richards-rxbvm-control-recorded-6,stdout,1,benchmark=awfy_richards repetitions=20 queue_packets=23246 holds=9297
timing-Richards-richards-rxbvm-control-recorded-6,stdout,2,PASS: AWFY Richards
timing-Richards-richards-rxvm-candidate-recorded-6,stdout,1,benchmark=awfy_richards repetitions=20 queue_packets=23246 holds=9297
timing-Richards-richards-rxvm-candidate-recorded-6,stdout,2,PASS: AWFY Richards
timing-Richards-richards-rxvm-control-recorded-6,stdout,1,benchmark=awfy_richards repetitions=20 queue_packets=23246 holds=9297
timing-Richards-richards-rxvm-control-recorded-6,stdout,2,PASS: AWFY Richards
timing-Richards-richards-rxbvm-control-recorded-7,stdout,1,benchmark=awfy_richards repetitions=20 queue_packets=23246 holds=9297
timing-Richards-richards-rxbvm-control-recorded-7,stdout,2,PASS: AWFY Richards
timing-Richards-richards-rxbvm-candidate-recorded-7,stdout,1,benchmark=awfy_richards repetitions=20 queue_packets=23246 holds=9297
timing-Richards-richards-rxbvm-candidate-recorded-7,stdout,2,PASS: AWFY Richards
timing-Richards-richards-rxvm-control-recorded-7,stdout,1,benchmark=awfy_richards repetitions=20 queue_packets=23246 holds=9297
timing-Richards-richards-rxvm-control-recorded-7,stdout,2,PASS: AWFY Richards
timing-Richards-richards-rxvm-candidate-recorded-7,stdout,1,benchmark=awfy_richards repetitions=20 queue_packets=23246 holds=9297
timing-Richards-richards-rxvm-candidate-recorded-7,stdout,2,PASS: AWFY Richards
timing-Richards-richards-rxvm-candidate-recorded-8,stdout,1,benchmark=awfy_richards repetitions=20 queue_packets=23246 holds=9297
timing-Richards-richards-rxvm-candidate-recorded-8,stdout,2,PASS: AWFY Richards
timing-Richards-richards-rxvm-control-recorded-8,stdout,1,benchmark=awfy_richards repetitions=20 queue_packets=23246 holds=9297
timing-Richards-richards-rxvm-control-recorded-8,stdout,2,PASS: AWFY Richards
timing-Richards-richards-rxbvm-candidate-recorded-8,stdout,1,benchmark=awfy_richards repetitions=20 queue_packets=23246 holds=9297
timing-Richards-richards-rxbvm-candidate-recorded-8,stdout,2,PASS: AWFY Richards
timing-Richards-richards-rxbvm-control-recorded-8,stdout,1,benchmark=awfy_richards repetitions=20 queue_packets=23246 holds=9297
timing-Richards-richards-rxbvm-control-recorded-8,stdout,2,PASS: AWFY Richards
timing-Richards-richards-rxvm-control-recorded-9,stdout,1,benchmark=awfy_richards repetitions=20 queue_packets=23246 holds=9297
timing-Richards-richards-rxvm-control-recorded-9,stdout,2,PASS: AWFY Richards
timing-Richards-richards-rxvm-candidate-recorded-9,stdout,1,benchmark=awfy_richards repetitions=20 queue_packets=23246 holds=9297
timing-Richards-richards-rxvm-candidate-recorded-9,stdout,2,PASS: AWFY Richards
timing-Richards-richards-rxbvm-control-recorded-9,stdout,1,benchmark=awfy_richards repetitions=20 queue_packets=23246 holds=9297
timing-Richards-richards-rxbvm-control-recorded-9,stdout,2,PASS: AWFY Richards
timing-Richards-richards-rxbvm-candidate-recorded-9,stdout,1,benchmark=awfy_richards repetitions=20 queue_packets=23246 holds=9297
timing-Richards-richards-rxbvm-candidate-recorded-9,stdout,2,PASS: AWFY Richards
timing-Richards-richards-rxbvm-candidate-recorded-10,stdout,1,benchmark=awfy_richards repetitions=20 queue_packets=23246 holds=9297
timing-Richards-richards-rxbvm-candidate-recorded-10,stdout,2,PASS: AWFY Richards
timing-Richards-richards-rxbvm-control-recorded-10,stdout,1,benchmark=awfy_richards repetitions=20 queue_packets=23246 holds=9297
timing-Richards-richards-rxbvm-control-recorded-10,stdout,2,PASS: AWFY Richards
timing-Richards-richards-rxvm-candidate-recorded-10,stdout,1,benchmark=awfy_richards repetitions=20 queue_packets=23246 holds=9297
timing-Richards-richards-rxvm-candidate-recorded-10,stdout,2,PASS: AWFY Richards
timing-Richards-richards-rxvm-control-recorded-10,stdout,1,benchmark=awfy_richards repetitions=20 queue_packets=23246 holds=9297
timing-Richards-richards-rxvm-control-recorded-10,stdout,2,PASS: AWFY Richards
timing-Richards-richards-rxbvm-control-recorded-11,stdout,1,benchmark=awfy_richards repetitions=20 queue_packets=23246 holds=9297
timing-Richards-richards-rxbvm-control-recorded-11,stdout,2,PASS: AWFY Richards
timing-Richards-richards-rxbvm-candidate-recorded-11,stdout,1,benchmark=awfy_richards repetitions=20 queue_packets=23246 holds=9297
timing-Richards-richards-rxbvm-candidate-recorded-11,stdout,2,PASS: AWFY Richards
timing-Richards-richards-rxvm-control-recorded-11,stdout,1,benchmark=awfy_richards repetitions=20 queue_packets=23246 holds=9297
timing-Richards-richards-rxvm-control-recorded-11,stdout,2,PASS: AWFY Richards
timing-Richards-richards-rxvm-candidate-recorded-11,stdout,1,benchmark=awfy_richards repetitions=20 queue_packets=23246 holds=9297
timing-Richards-richards-rxvm-candidate-recorded-11,stdout,2,PASS: AWFY Richards
timing-Richards-richards-rxvm-candidate-recorded-12,stdout,1,benchmark=awfy_richards repetitions=20 queue_packets=23246 holds=9297
timing-Richards-richards-rxvm-candidate-recorded-12,stdout,2,PASS: AWFY Richards
timing-Richards-richards-rxvm-control-recorded-12,stdout,1,benchmark=awfy_richards repetitions=20 queue_packets=23246 holds=9297
timing-Richards-richards-rxvm-control-recorded-12,stdout,2,PASS: AWFY Richards
timing-Richards-richards-rxbvm-candidate-recorded-12,stdout,1,benchmark=awfy_richards repetitions=20 queue_packets=23246 holds=9297
timing-Richards-richards-rxbvm-candidate-recorded-12,stdout,2,PASS: AWFY Richards
timing-Richards-richards-rxbvm-control-recorded-12,stdout,1,benchmark=awfy_richards repetitions=20 queue_packets=23246 holds=9297
timing-Richards-richards-rxbvm-control-recorded-12,stdout,2,PASS: AWFY Richards
timing-Base64-base64-rxvm-control-warmup-1,stdout,1,benchmark=base64_roundtrip repetitions=2500 encoded_length=1368 checksum=130560
timing-Base64-base64-rxvm-control-warmup-1,stdout,2,PASS: Base64 Roundtrip
timing-Base64-base64-rxvm-candidate-warmup-1,stdout,1,benchmark=base64_roundtrip repetitions=2500 encoded_length=1368 checksum=130560
timing-Base64-base64-rxvm-candidate-warmup-1,stdout,2,PASS: Base64 Roundtrip
timing-Base64-base64-rxbvm-control-warmup-1,stdout,1,benchmark=base64_roundtrip repetitions=2500 encoded_length=1368 checksum=130560
timing-Base64-base64-rxbvm-control-warmup-1,stdout,2,PASS: Base64 Roundtrip
timing-Base64-base64-rxbvm-candidate-warmup-1,stdout,1,benchmark=base64_roundtrip repetitions=2500 encoded_length=1368 checksum=130560
timing-Base64-base64-rxbvm-candidate-warmup-1,stdout,2,PASS: Base64 Roundtrip
timing-Base64-base64-rxvm-control-recorded-1,stdout,1,benchmark=base64_roundtrip repetitions=2500 encoded_length=1368 checksum=130560
timing-Base64-base64-rxvm-control-recorded-1,stdout,2,PASS: Base64 Roundtrip
timing-Base64-base64-rxvm-candidate-recorded-1,stdout,1,benchmark=base64_roundtrip repetitions=2500 encoded_length=1368 checksum=130560
timing-Base64-base64-rxvm-candidate-recorded-1,stdout,2,PASS: Base64 Roundtrip
timing-Base64-base64-rxbvm-control-recorded-1,stdout,1,benchmark=base64_roundtrip repetitions=2500 encoded_length=1368 checksum=130560
timing-Base64-base64-rxbvm-control-recorded-1,stdout,2,PASS: Base64 Roundtrip
timing-Base64-base64-rxbvm-candidate-recorded-1,stdout,1,benchmark=base64_roundtrip repetitions=2500 encoded_length=1368 checksum=130560
timing-Base64-base64-rxbvm-candidate-recorded-1,stdout,2,PASS: Base64 Roundtrip
timing-Base64-base64-rxbvm-candidate-recorded-2,stdout,1,benchmark=base64_roundtrip repetitions=2500 encoded_length=1368 checksum=130560
timing-Base64-base64-rxbvm-candidate-recorded-2,stdout,2,PASS: Base64 Roundtrip
timing-Base64-base64-rxbvm-control-recorded-2,stdout,1,benchmark=base64_roundtrip repetitions=2500 encoded_length=1368 checksum=130560
timing-Base64-base64-rxbvm-control-recorded-2,stdout,2,PASS: Base64 Roundtrip
timing-Base64-base64-rxvm-candidate-recorded-2,stdout,1,benchmark=base64_roundtrip repetitions=2500 encoded_length=1368 checksum=130560
timing-Base64-base64-rxvm-candidate-recorded-2,stdout,2,PASS: Base64 Roundtrip
timing-Base64-base64-rxvm-control-recorded-2,stdout,1,benchmark=base64_roundtrip repetitions=2500 encoded_length=1368 checksum=130560
timing-Base64-base64-rxvm-control-recorded-2,stdout,2,PASS: Base64 Roundtrip
timing-Base64-base64-rxbvm-control-recorded-3,stdout,1,benchmark=base64_roundtrip repetitions=2500 encoded_length=1368 checksum=130560
timing-Base64-base64-rxbvm-control-recorded-3,stdout,2,PASS: Base64 Roundtrip
timing-Base64-base64-rxbvm-candidate-recorded-3,stdout,1,benchmark=base64_roundtrip repetitions=2500 encoded_length=1368 checksum=130560
timing-Base64-base64-rxbvm-candidate-recorded-3,stdout,2,PASS: Base64 Roundtrip
timing-Base64-base64-rxvm-control-recorded-3,stdout,1,benchmark=base64_roundtrip repetitions=2500 encoded_length=1368 checksum=130560
timing-Base64-base64-rxvm-control-recorded-3,stdout,2,PASS: Base64 Roundtrip
timing-Base64-base64-rxvm-candidate-recorded-3,stdout,1,benchmark=base64_roundtrip repetitions=2500 encoded_length=1368 checksum=130560
timing-Base64-base64-rxvm-candidate-recorded-3,stdout,2,PASS: Base64 Roundtrip
timing-Base64-base64-rxvm-candidate-recorded-4,stdout,1,benchmark=base64_roundtrip repetitions=2500 encoded_length=1368 checksum=130560
timing-Base64-base64-rxvm-candidate-recorded-4,stdout,2,PASS: Base64 Roundtrip
timing-Base64-base64-rxvm-control-recorded-4,stdout,1,benchmark=base64_roundtrip repetitions=2500 encoded_length=1368 checksum=130560
timing-Base64-base64-rxvm-control-recorded-4,stdout,2,PASS: Base64 Roundtrip
timing-Base64-base64-rxbvm-candidate-recorded-4,stdout,1,benchmark=base64_roundtrip repetitions=2500 encoded_length=1368 checksum=130560
timing-Base64-base64-rxbvm-candidate-recorded-4,stdout,2,PASS: Base64 Roundtrip
timing-Base64-base64-rxbvm-control-recorded-4,stdout,1,benchmark=base64_roundtrip repetitions=2500 encoded_length=1368 checksum=130560
timing-Base64-base64-rxbvm-control-recorded-4,stdout,2,PASS: Base64 Roundtrip
timing-Base64-base64-rxvm-control-recorded-5,stdout,1,benchmark=base64_roundtrip repetitions=2500 encoded_length=1368 checksum=130560
timing-Base64-base64-rxvm-control-recorded-5,stdout,2,PASS: Base64 Roundtrip
timing-Base64-base64-rxvm-candidate-recorded-5,stdout,1,benchmark=base64_roundtrip repetitions=2500 encoded_length=1368 checksum=130560
timing-Base64-base64-rxvm-candidate-recorded-5,stdout,2,PASS: Base64 Roundtrip
timing-Base64-base64-rxbvm-control-recorded-5,stdout,1,benchmark=base64_roundtrip repetitions=2500 encoded_length=1368 checksum=130560
timing-Base64-base64-rxbvm-control-recorded-5,stdout,2,PASS: Base64 Roundtrip
timing-Base64-base64-rxbvm-candidate-recorded-5,stdout,1,benchmark=base64_roundtrip repetitions=2500 encoded_length=1368 checksum=130560
timing-Base64-base64-rxbvm-candidate-recorded-5,stdout,2,PASS: Base64 Roundtrip
timing-Base64-base64-rxbvm-candidate-recorded-6,stdout,1,benchmark=base64_roundtrip repetitions=2500 encoded_length=1368 checksum=130560
timing-Base64-base64-rxbvm-candidate-recorded-6,stdout,2,PASS: Base64 Roundtrip
timing-Base64-base64-rxbvm-control-recorded-6,stdout,1,benchmark=base64_roundtrip repetitions=2500 encoded_length=1368 checksum=130560
timing-Base64-base64-rxbvm-control-recorded-6,stdout,2,PASS: Base64 Roundtrip
timing-Base64-base64-rxvm-candidate-recorded-6,stdout,1,benchmark=base64_roundtrip repetitions=2500 encoded_length=1368 checksum=130560
timing-Base64-base64-rxvm-candidate-recorded-6,stdout,2,PASS: Base64 Roundtrip
timing-Base64-base64-rxvm-control-recorded-6,stdout,1,benchmark=base64_roundtrip repetitions=2500 encoded_length=1368 checksum=130560
timing-Base64-base64-rxvm-control-recorded-6,stdout,2,PASS: Base64 Roundtrip
timing-Base64-base64-rxbvm-control-recorded-7,stdout,1,benchmark=base64_roundtrip repetitions=2500 encoded_length=1368 checksum=130560
timing-Base64-base64-rxbvm-control-recorded-7,stdout,2,PASS: Base64 Roundtrip
timing-Base64-base64-rxbvm-candidate-recorded-7,stdout,1,benchmark=base64_roundtrip repetitions=2500 encoded_length=1368 checksum=130560
timing-Base64-base64-rxbvm-candidate-recorded-7,stdout,2,PASS: Base64 Roundtrip
timing-Base64-base64-rxvm-control-recorded-7,stdout,1,benchmark=base64_roundtrip repetitions=2500 encoded_length=1368 checksum=130560
timing-Base64-base64-rxvm-control-recorded-7,stdout,2,PASS: Base64 Roundtrip
timing-Base64-base64-rxvm-candidate-recorded-7,stdout,1,benchmark=base64_roundtrip repetitions=2500 encoded_length=1368 checksum=130560
timing-Base64-base64-rxvm-candidate-recorded-7,stdout,2,PASS: Base64 Roundtrip
timing-Base64-base64-rxvm-candidate-recorded-8,stdout,1,benchmark=base64_roundtrip repetitions=2500 encoded_length=1368 checksum=130560
timing-Base64-base64-rxvm-candidate-recorded-8,stdout,2,PASS: Base64 Roundtrip
timing-Base64-base64-rxvm-control-recorded-8,stdout,1,benchmark=base64_roundtrip repetitions=2500 encoded_length=1368 checksum=130560
timing-Base64-base64-rxvm-control-recorded-8,stdout,2,PASS: Base64 Roundtrip
timing-Base64-base64-rxbvm-candidate-recorded-8,stdout,1,benchmark=base64_roundtrip repetitions=2500 encoded_length=1368 checksum=130560
timing-Base64-base64-rxbvm-candidate-recorded-8,stdout,2,PASS: Base64 Roundtrip
timing-Base64-base64-rxbvm-control-recorded-8,stdout,1,benchmark=base64_roundtrip repetitions=2500 encoded_length=1368 checksum=130560
timing-Base64-base64-rxbvm-control-recorded-8,stdout,2,PASS: Base64 Roundtrip
timing-Base64-base64-rxvm-control-recorded-9,stdout,1,benchmark=base64_roundtrip repetitions=2500 encoded_length=1368 checksum=130560
timing-Base64-base64-rxvm-control-recorded-9,stdout,2,PASS: Base64 Roundtrip
timing-Base64-base64-rxvm-candidate-recorded-9,stdout,1,benchmark=base64_roundtrip repetitions=2500 encoded_length=1368 checksum=130560
timing-Base64-base64-rxvm-candidate-recorded-9,stdout,2,PASS: Base64 Roundtrip
timing-Base64-base64-rxbvm-control-recorded-9,stdout,1,benchmark=base64_roundtrip repetitions=2500 encoded_length=1368 checksum=130560
timing-Base64-base64-rxbvm-control-recorded-9,stdout,2,PASS: Base64 Roundtrip
timing-Base64-base64-rxbvm-candidate-recorded-9,stdout,1,benchmark=base64_roundtrip repetitions=2500 encoded_length=1368 checksum=130560
timing-Base64-base64-rxbvm-candidate-recorded-9,stdout,2,PASS: Base64 Roundtrip
timing-Base64-base64-rxbvm-candidate-recorded-10,stdout,1,benchmark=base64_roundtrip repetitions=2500 encoded_length=1368 checksum=130560
timing-Base64-base64-rxbvm-candidate-recorded-10,stdout,2,PASS: Base64 Roundtrip
timing-Base64-base64-rxbvm-control-recorded-10,stdout,1,benchmark=base64_roundtrip repetitions=2500 encoded_length=1368 checksum=130560
timing-Base64-base64-rxbvm-control-recorded-10,stdout,2,PASS: Base64 Roundtrip
timing-Base64-base64-rxvm-candidate-recorded-10,stdout,1,benchmark=base64_roundtrip repetitions=2500 encoded_length=1368 checksum=130560
timing-Base64-base64-rxvm-candidate-recorded-10,stdout,2,PASS: Base64 Roundtrip
timing-Base64-base64-rxvm-control-recorded-10,stdout,1,benchmark=base64_roundtrip repetitions=2500 encoded_length=1368 checksum=130560
timing-Base64-base64-rxvm-control-recorded-10,stdout,2,PASS: Base64 Roundtrip
timing-Base64-base64-rxbvm-control-recorded-11,stdout,1,benchmark=base64_roundtrip repetitions=2500 encoded_length=1368 checksum=130560
timing-Base64-base64-rxbvm-control-recorded-11,stdout,2,PASS: Base64 Roundtrip
timing-Base64-base64-rxbvm-candidate-recorded-11,stdout,1,benchmark=base64_roundtrip repetitions=2500 encoded_length=1368 checksum=130560
timing-Base64-base64-rxbvm-candidate-recorded-11,stdout,2,PASS: Base64 Roundtrip
timing-Base64-base64-rxvm-control-recorded-11,stdout,1,benchmark=base64_roundtrip repetitions=2500 encoded_length=1368 checksum=130560
timing-Base64-base64-rxvm-control-recorded-11,stdout,2,PASS: Base64 Roundtrip
timing-Base64-base64-rxvm-candidate-recorded-11,stdout,1,benchmark=base64_roundtrip repetitions=2500 encoded_length=1368 checksum=130560
timing-Base64-base64-rxvm-candidate-recorded-11,stdout,2,PASS: Base64 Roundtrip
timing-Base64-base64-rxvm-candidate-recorded-12,stdout,1,benchmark=base64_roundtrip repetitions=2500 encoded_length=1368 checksum=130560
timing-Base64-base64-rxvm-candidate-recorded-12,stdout,2,PASS: Base64 Roundtrip
timing-Base64-base64-rxvm-control-recorded-12,stdout,1,benchmark=base64_roundtrip repetitions=2500 encoded_length=1368 checksum=130560
timing-Base64-base64-rxvm-control-recorded-12,stdout,2,PASS: Base64 Roundtrip
timing-Base64-base64-rxbvm-candidate-recorded-12,stdout,1,benchmark=base64_roundtrip repetitions=2500 encoded_length=1368 checksum=130560
timing-Base64-base64-rxbvm-candidate-recorded-12,stdout,2,PASS: Base64 Roundtrip
timing-Base64-base64-rxbvm-control-recorded-12,stdout,1,benchmark=base64_roundtrip repetitions=2500 encoded_length=1368 checksum=130560
timing-Base64-base64-rxbvm-control-recorded-12,stdout,2,PASS: Base64 Roundtrip
timing-Towers-towers-rxvm-control-warmup-1,stdout,1,benchmark=awfy_towers repetitions=100 result=8191
timing-Towers-towers-rxvm-control-warmup-1,stdout,2,PASS: AWFY Towers
timing-Towers-towers-rxvm-candidate-warmup-1,stdout,1,benchmark=awfy_towers repetitions=100 result=8191
timing-Towers-towers-rxvm-candidate-warmup-1,stdout,2,PASS: AWFY Towers
timing-Towers-towers-rxbvm-control-warmup-1,stdout,1,benchmark=awfy_towers repetitions=100 result=8191
timing-Towers-towers-rxbvm-control-warmup-1,stdout,2,PASS: AWFY Towers
timing-Towers-towers-rxbvm-candidate-warmup-1,stdout,1,benchmark=awfy_towers repetitions=100 result=8191
timing-Towers-towers-rxbvm-candidate-warmup-1,stdout,2,PASS: AWFY Towers
timing-Towers-towers-rxvm-control-recorded-1,stdout,1,benchmark=awfy_towers repetitions=100 result=8191
timing-Towers-towers-rxvm-control-recorded-1,stdout,2,PASS: AWFY Towers
timing-Towers-towers-rxvm-candidate-recorded-1,stdout,1,benchmark=awfy_towers repetitions=100 result=8191
timing-Towers-towers-rxvm-candidate-recorded-1,stdout,2,PASS: AWFY Towers
timing-Towers-towers-rxbvm-control-recorded-1,stdout,1,benchmark=awfy_towers repetitions=100 result=8191
timing-Towers-towers-rxbvm-control-recorded-1,stdout,2,PASS: AWFY Towers
timing-Towers-towers-rxbvm-candidate-recorded-1,stdout,1,benchmark=awfy_towers repetitions=100 result=8191
timing-Towers-towers-rxbvm-candidate-recorded-1,stdout,2,PASS: AWFY Towers
timing-Towers-towers-rxbvm-candidate-recorded-2,stdout,1,benchmark=awfy_towers repetitions=100 result=8191
timing-Towers-towers-rxbvm-candidate-recorded-2,stdout,2,PASS: AWFY Towers
timing-Towers-towers-rxbvm-control-recorded-2,stdout,1,benchmark=awfy_towers repetitions=100 result=8191
timing-Towers-towers-rxbvm-control-recorded-2,stdout,2,PASS: AWFY Towers
timing-Towers-towers-rxvm-candidate-recorded-2,stdout,1,benchmark=awfy_towers repetitions=100 result=8191
timing-Towers-towers-rxvm-candidate-recorded-2,stdout,2,PASS: AWFY Towers
timing-Towers-towers-rxvm-control-recorded-2,stdout,1,benchmark=awfy_towers repetitions=100 result=8191
timing-Towers-towers-rxvm-control-recorded-2,stdout,2,PASS: AWFY Towers
timing-Towers-towers-rxbvm-control-recorded-3,stdout,1,benchmark=awfy_towers repetitions=100 result=8191
timing-Towers-towers-rxbvm-control-recorded-3,stdout,2,PASS: AWFY Towers
timing-Towers-towers-rxbvm-candidate-recorded-3,stdout,1,benchmark=awfy_towers repetitions=100 result=8191
timing-Towers-towers-rxbvm-candidate-recorded-3,stdout,2,PASS: AWFY Towers
timing-Towers-towers-rxvm-control-recorded-3,stdout,1,benchmark=awfy_towers repetitions=100 result=8191
timing-Towers-towers-rxvm-control-recorded-3,stdout,2,PASS: AWFY Towers
timing-Towers-towers-rxvm-candidate-recorded-3,stdout,1,benchmark=awfy_towers repetitions=100 result=8191
timing-Towers-towers-rxvm-candidate-recorded-3,stdout,2,PASS: AWFY Towers
timing-Towers-towers-rxvm-candidate-recorded-4,stdout,1,benchmark=awfy_towers repetitions=100 result=8191
timing-Towers-towers-rxvm-candidate-recorded-4,stdout,2,PASS: AWFY Towers
timing-Towers-towers-rxvm-control-recorded-4,stdout,1,benchmark=awfy_towers repetitions=100 result=8191
timing-Towers-towers-rxvm-control-recorded-4,stdout,2,PASS: AWFY Towers
timing-Towers-towers-rxbvm-candidate-recorded-4,stdout,1,benchmark=awfy_towers repetitions=100 result=8191
timing-Towers-towers-rxbvm-candidate-recorded-4,stdout,2,PASS: AWFY Towers
timing-Towers-towers-rxbvm-control-recorded-4,stdout,1,benchmark=awfy_towers repetitions=100 result=8191
timing-Towers-towers-rxbvm-control-recorded-4,stdout,2,PASS: AWFY Towers
timing-Towers-towers-rxvm-control-recorded-5,stdout,1,benchmark=awfy_towers repetitions=100 result=8191
timing-Towers-towers-rxvm-control-recorded-5,stdout,2,PASS: AWFY Towers
timing-Towers-towers-rxvm-candidate-recorded-5,stdout,1,benchmark=awfy_towers repetitions=100 result=8191
timing-Towers-towers-rxvm-candidate-recorded-5,stdout,2,PASS: AWFY Towers
timing-Towers-towers-rxbvm-control-recorded-5,stdout,1,benchmark=awfy_towers repetitions=100 result=8191
timing-Towers-towers-rxbvm-control-recorded-5,stdout,2,PASS: AWFY Towers
timing-Towers-towers-rxbvm-candidate-recorded-5,stdout,1,benchmark=awfy_towers repetitions=100 result=8191
timing-Towers-towers-rxbvm-candidate-recorded-5,stdout,2,PASS: AWFY Towers
timing-Towers-towers-rxbvm-candidate-recorded-6,stdout,1,benchmark=awfy_towers repetitions=100 result=8191
timing-Towers-towers-rxbvm-candidate-recorded-6,stdout,2,PASS: AWFY Towers
timing-Towers-towers-rxbvm-control-recorded-6,stdout,1,benchmark=awfy_towers repetitions=100 result=8191
timing-Towers-towers-rxbvm-control-recorded-6,stdout,2,PASS: AWFY Towers
timing-Towers-towers-rxvm-candidate-recorded-6,stdout,1,benchmark=awfy_towers repetitions=100 result=8191
timing-Towers-towers-rxvm-candidate-recorded-6,stdout,2,PASS: AWFY Towers
timing-Towers-towers-rxvm-control-recorded-6,stdout,1,benchmark=awfy_towers repetitions=100 result=8191
timing-Towers-towers-rxvm-control-recorded-6,stdout,2,PASS: AWFY Towers
timing-Towers-towers-rxbvm-control-recorded-7,stdout,1,benchmark=awfy_towers repetitions=100 result=8191
timing-Towers-towers-rxbvm-control-recorded-7,stdout,2,PASS: AWFY Towers
timing-Towers-towers-rxbvm-candidate-recorded-7,stdout,1,benchmark=awfy_towers repetitions=100 result=8191
timing-Towers-towers-rxbvm-candidate-recorded-7,stdout,2,PASS: AWFY Towers
timing-Towers-towers-rxvm-control-recorded-7,stdout,1,benchmark=awfy_towers repetitions=100 result=8191
timing-Towers-towers-rxvm-control-recorded-7,stdout,2,PASS: AWFY Towers
timing-Towers-towers-rxvm-candidate-recorded-7,stdout,1,benchmark=awfy_towers repetitions=100 result=8191
timing-Towers-towers-rxvm-candidate-recorded-7,stdout,2,PASS: AWFY Towers
timing-Towers-towers-rxvm-candidate-recorded-8,stdout,1,benchmark=awfy_towers repetitions=100 result=8191
timing-Towers-towers-rxvm-candidate-recorded-8,stdout,2,PASS: AWFY Towers
timing-Towers-towers-rxvm-control-recorded-8,stdout,1,benchmark=awfy_towers repetitions=100 result=8191
timing-Towers-towers-rxvm-control-recorded-8,stdout,2,PASS: AWFY Towers
timing-Towers-towers-rxbvm-candidate-recorded-8,stdout,1,benchmark=awfy_towers repetitions=100 result=8191
timing-Towers-towers-rxbvm-candidate-recorded-8,stdout,2,PASS: AWFY Towers
timing-Towers-towers-rxbvm-control-recorded-8,stdout,1,benchmark=awfy_towers repetitions=100 result=8191
timing-Towers-towers-rxbvm-control-recorded-8,stdout,2,PASS: AWFY Towers
timing-Towers-towers-rxvm-control-recorded-9,stdout,1,benchmark=awfy_towers repetitions=100 result=8191
timing-Towers-towers-rxvm-control-recorded-9,stdout,2,PASS: AWFY Towers
timing-Towers-towers-rxvm-candidate-recorded-9,stdout,1,benchmark=awfy_towers repetitions=100 result=8191
timing-Towers-towers-rxvm-candidate-recorded-9,stdout,2,PASS: AWFY Towers
timing-Towers-towers-rxbvm-control-recorded-9,stdout,1,benchmark=awfy_towers repetitions=100 result=8191
timing-Towers-towers-rxbvm-control-recorded-9,stdout,2,PASS: AWFY Towers
timing-Towers-towers-rxbvm-candidate-recorded-9,stdout,1,benchmark=awfy_towers repetitions=100 result=8191
timing-Towers-towers-rxbvm-candidate-recorded-9,stdout,2,PASS: AWFY Towers
timing-Towers-towers-rxbvm-candidate-recorded-10,stdout,1,benchmark=awfy_towers repetitions=100 result=8191
timing-Towers-towers-rxbvm-candidate-recorded-10,stdout,2,PASS: AWFY Towers
timing-Towers-towers-rxbvm-control-recorded-10,stdout,1,benchmark=awfy_towers repetitions=100 result=8191
timing-Towers-towers-rxbvm-control-recorded-10,stdout,2,PASS: AWFY Towers
timing-Towers-towers-rxvm-candidate-recorded-10,stdout,1,benchmark=awfy_towers repetitions=100 result=8191
timing-Towers-towers-rxvm-candidate-recorded-10,stdout,2,PASS: AWFY Towers
timing-Towers-towers-rxvm-control-recorded-10,stdout,1,benchmark=awfy_towers repetitions=100 result=8191
timing-Towers-towers-rxvm-control-recorded-10,stdout,2,PASS: AWFY Towers
timing-Towers-towers-rxbvm-control-recorded-11,stdout,1,benchmark=awfy_towers repetitions=100 result=8191
timing-Towers-towers-rxbvm-control-recorded-11,stdout,2,PASS: AWFY Towers
timing-Towers-towers-rxbvm-candidate-recorded-11,stdout,1,benchmark=awfy_towers repetitions=100 result=8191
timing-Towers-towers-rxbvm-candidate-recorded-11,stdout,2,PASS: AWFY Towers
timing-Towers-towers-rxvm-control-recorded-11,stdout,1,benchmark=awfy_towers repetitions=100 result=8191
timing-Towers-towers-rxvm-control-recorded-11,stdout,2,PASS: AWFY Towers
timing-Towers-towers-rxvm-candidate-recorded-11,stdout,1,benchmark=awfy_towers repetitions=100 result=8191
timing-Towers-towers-rxvm-candidate-recorded-11,stdout,2,PASS: AWFY Towers
timing-Towers-towers-rxvm-candidate-recorded-12,stdout,1,benchmark=awfy_towers repetitions=100 result=8191
timing-Towers-towers-rxvm-candidate-recorded-12,stdout,2,PASS: AWFY Towers
timing-Towers-towers-rxvm-control-recorded-12,stdout,1,benchmark=awfy_towers repetitions=100 result=8191
timing-Towers-towers-rxvm-control-recorded-12,stdout,2,PASS: AWFY Towers
timing-Towers-towers-rxbvm-candidate-recorded-12,stdout,1,benchmark=awfy_towers repetitions=100 result=8191
timing-Towers-towers-rxbvm-candidate-recorded-12,stdout,2,PASS: AWFY Towers
timing-Towers-towers-rxbvm-control-recorded-12,stdout,1,benchmark=awfy_towers repetitions=100 result=8191
timing-Towers-towers-rxbvm-control-recorded-12,stdout,2,PASS: AWFY Towers
timing-RexxCPS-rexxcps-rxvm-control-warmup-1,stdout,1,----- REXXCPS 2.2d -- Measuring cREXX clauses/second -----
timing-RexxCPS-rexxcps-rxvm-control-warmup-1,stdout,2, cREXX version is: macOS 64 crexx-1.0.0-beta.3+local.g4813e98d1dca 20260805
timing-RexxCPS-rexxcps-rxvm-control-warmup-1,stdout,3,       System is: macOS
timing-RexxCPS-rexxcps-rxvm-control-warmup-1,stdout,4,REXXCPS-PROVENANCE contract=canonical-default argv_count=0 initial_count=100 averaging=100
timing-RexxCPS-rexxcps-rxvm-control-warmup-1,stdout,5,        Averaged: 500 x 100 iterations of 1000 clauses (over 1.1 s)
timing-RexxCPS-rexxcps-rxvm-control-warmup-1,stdout,6,REXXCPS-EFFECTIVE contract=canonical-default initial_count=100 effective_count=500 averaging=100 calibrated=1
timing-RexxCPS-rexxcps-rxvm-control-warmup-1,stdout,7,
timing-RexxCPS-rexxcps-rxvm-control-warmup-1,stdout,8,     Performance: 46929409 cREXX clauses per second
timing-RexxCPS-rexxcps-rxvm-control-warmup-1,stdout,9,
timing-RexxCPS-rexxcps-rxvm-control-warmup-1,stdout,10,PASS: RexxCPS 2.2d cREXX port
timing-RexxCPS-rexxcps-rxvm-candidate-warmup-1,stdout,1,----- REXXCPS 2.2d -- Measuring cREXX clauses/second -----
timing-RexxCPS-rexxcps-rxvm-candidate-warmup-1,stdout,2, cREXX version is: macOS 64 crexx-1.0.0-beta.3+local.g3471a1d4e286.dirty 20260806
timing-RexxCPS-rexxcps-rxvm-candidate-warmup-1,stdout,3,       System is: macOS
timing-RexxCPS-rexxcps-rxvm-candidate-warmup-1,stdout,4,REXXCPS-PROVENANCE contract=canonical-default argv_count=0 initial_count=100 averaging=100
timing-RexxCPS-rexxcps-rxvm-candidate-warmup-1,stdout,5,        Averaged: 500 x 100 iterations of 1000 clauses (over 1.0 s)
timing-RexxCPS-rexxcps-rxvm-candidate-warmup-1,stdout,6,REXXCPS-EFFECTIVE contract=canonical-default initial_count=100 effective_count=500 averaging=100 calibrated=1
timing-RexxCPS-rexxcps-rxvm-candidate-warmup-1,stdout,7,
timing-RexxCPS-rexxcps-rxvm-candidate-warmup-1,stdout,8,     Performance: 48461493 cREXX clauses per second
timing-RexxCPS-rexxcps-rxvm-candidate-warmup-1,stdout,9,
timing-RexxCPS-rexxcps-rxvm-candidate-warmup-1,stdout,10,PASS: RexxCPS 2.2d cREXX port
timing-RexxCPS-rexxcps-rxbvm-control-warmup-1,stdout,1,----- REXXCPS 2.2d -- Measuring cREXX clauses/second -----
timing-RexxCPS-rexxcps-rxbvm-control-warmup-1,stdout,2, cREXX version is: macOS 64 crexx-1.0.0-beta.3+local.g4813e98d1dca 20260805
timing-RexxCPS-rexxcps-rxbvm-control-warmup-1,stdout,3,       System is: macOS
timing-RexxCPS-rexxcps-rxbvm-control-warmup-1,stdout,4,REXXCPS-PROVENANCE contract=canonical-default argv_count=0 initial_count=100 averaging=100
timing-RexxCPS-rexxcps-rxbvm-control-warmup-1,stdout,5,        Averaged: 500 x 100 iterations of 1000 clauses (over 1.1 s)
timing-RexxCPS-rexxcps-rxbvm-control-warmup-1,stdout,6,REXXCPS-EFFECTIVE contract=canonical-default initial_count=100 effective_count=500 averaging=100 calibrated=1
timing-RexxCPS-rexxcps-rxbvm-control-warmup-1,stdout,7,
timing-RexxCPS-rexxcps-rxbvm-control-warmup-1,stdout,8,     Performance: 47085147 cREXX clauses per second
timing-RexxCPS-rexxcps-rxbvm-control-warmup-1,stdout,9,
timing-RexxCPS-rexxcps-rxbvm-control-warmup-1,stdout,10,PASS: RexxCPS 2.2d cREXX port
timing-RexxCPS-rexxcps-rxbvm-candidate-warmup-1,stdout,1,----- REXXCPS 2.2d -- Measuring cREXX clauses/second -----
timing-RexxCPS-rexxcps-rxbvm-candidate-warmup-1,stdout,2, cREXX version is: macOS 64 crexx-1.0.0-beta.3+local.g3471a1d4e286.dirty 20260806
timing-RexxCPS-rexxcps-rxbvm-candidate-warmup-1,stdout,3,       System is: macOS
timing-RexxCPS-rexxcps-rxbvm-candidate-warmup-1,stdout,4,REXXCPS-PROVENANCE contract=canonical-default argv_count=0 initial_count=100 averaging=100
timing-RexxCPS-rexxcps-rxbvm-candidate-warmup-1,stdout,5,        Averaged: 500 x 100 iterations of 1000 clauses (over 1.0 s)
timing-RexxCPS-rexxcps-rxbvm-candidate-warmup-1,stdout,6,REXXCPS-EFFECTIVE contract=canonical-default initial_count=100 effective_count=500 averaging=100 calibrated=1
timing-RexxCPS-rexxcps-rxbvm-candidate-warmup-1,stdout,7,
timing-RexxCPS-rexxcps-rxbvm-candidate-warmup-1,stdout,8,     Performance: 48800818 cREXX clauses per second
timing-RexxCPS-rexxcps-rxbvm-candidate-warmup-1,stdout,9,
timing-RexxCPS-rexxcps-rxbvm-candidate-warmup-1,stdout,10,PASS: RexxCPS 2.2d cREXX port
timing-RexxCPS-rexxcps-rxvm-control-recorded-1,stdout,1,----- REXXCPS 2.2d -- Measuring cREXX clauses/second -----
timing-RexxCPS-rexxcps-rxvm-control-recorded-1,stdout,2, cREXX version is: macOS 64 crexx-1.0.0-beta.3+local.g4813e98d1dca 20260805
timing-RexxCPS-rexxcps-rxvm-control-recorded-1,stdout,3,       System is: macOS
timing-RexxCPS-rexxcps-rxvm-control-recorded-1,stdout,4,REXXCPS-PROVENANCE contract=canonical-default argv_count=0 initial_count=100 averaging=100
timing-RexxCPS-rexxcps-rxvm-control-recorded-1,stdout,5,        Averaged: 500 x 100 iterations of 1000 clauses (over 1.1 s)
timing-RexxCPS-rexxcps-rxvm-control-recorded-1,stdout,6,REXXCPS-EFFECTIVE contract=canonical-default initial_count=100 effective_count=500 averaging=100 calibrated=1
timing-RexxCPS-rexxcps-rxvm-control-recorded-1,stdout,7,
timing-RexxCPS-rexxcps-rxvm-control-recorded-1,stdout,8,     Performance: 46833933 cREXX clauses per second
timing-RexxCPS-rexxcps-rxvm-control-recorded-1,stdout,9,
timing-RexxCPS-rexxcps-rxvm-control-recorded-1,stdout,10,PASS: RexxCPS 2.2d cREXX port
timing-RexxCPS-rexxcps-rxvm-candidate-recorded-1,stdout,1,----- REXXCPS 2.2d -- Measuring cREXX clauses/second -----
timing-RexxCPS-rexxcps-rxvm-candidate-recorded-1,stdout,2, cREXX version is: macOS 64 crexx-1.0.0-beta.3+local.g3471a1d4e286.dirty 20260806
timing-RexxCPS-rexxcps-rxvm-candidate-recorded-1,stdout,3,       System is: macOS
timing-RexxCPS-rexxcps-rxvm-candidate-recorded-1,stdout,4,REXXCPS-PROVENANCE contract=canonical-default argv_count=0 initial_count=100 averaging=100
timing-RexxCPS-rexxcps-rxvm-candidate-recorded-1,stdout,5,        Averaged: 500 x 100 iterations of 1000 clauses (over 1.0 s)
timing-RexxCPS-rexxcps-rxvm-candidate-recorded-1,stdout,6,REXXCPS-EFFECTIVE contract=canonical-default initial_count=100 effective_count=500 averaging=100 calibrated=1
timing-RexxCPS-rexxcps-rxvm-candidate-recorded-1,stdout,7,
timing-RexxCPS-rexxcps-rxvm-candidate-recorded-1,stdout,8,     Performance: 48173827 cREXX clauses per second
timing-RexxCPS-rexxcps-rxvm-candidate-recorded-1,stdout,9,
timing-RexxCPS-rexxcps-rxvm-candidate-recorded-1,stdout,10,PASS: RexxCPS 2.2d cREXX port
timing-RexxCPS-rexxcps-rxbvm-control-recorded-1,stdout,1,----- REXXCPS 2.2d -- Measuring cREXX clauses/second -----
timing-RexxCPS-rexxcps-rxbvm-control-recorded-1,stdout,2, cREXX version is: macOS 64 crexx-1.0.0-beta.3+local.g4813e98d1dca 20260805
timing-RexxCPS-rexxcps-rxbvm-control-recorded-1,stdout,3,       System is: macOS
timing-RexxCPS-rexxcps-rxbvm-control-recorded-1,stdout,4,REXXCPS-PROVENANCE contract=canonical-default argv_count=0 initial_count=100 averaging=100
timing-RexxCPS-rexxcps-rxbvm-control-recorded-1,stdout,5,        Averaged: 500 x 100 iterations of 1000 clauses (over 1.1 s)
timing-RexxCPS-rexxcps-rxbvm-control-recorded-1,stdout,6,REXXCPS-EFFECTIVE contract=canonical-default initial_count=100 effective_count=500 averaging=100 calibrated=1
timing-RexxCPS-rexxcps-rxbvm-control-recorded-1,stdout,7,
timing-RexxCPS-rexxcps-rxbvm-control-recorded-1,stdout,8,     Performance: 47625126 cREXX clauses per second
timing-RexxCPS-rexxcps-rxbvm-control-recorded-1,stdout,9,
timing-RexxCPS-rexxcps-rxbvm-control-recorded-1,stdout,10,PASS: RexxCPS 2.2d cREXX port
timing-RexxCPS-rexxcps-rxbvm-candidate-recorded-1,stdout,1,----- REXXCPS 2.2d -- Measuring cREXX clauses/second -----
timing-RexxCPS-rexxcps-rxbvm-candidate-recorded-1,stdout,2, cREXX version is: macOS 64 crexx-1.0.0-beta.3+local.g3471a1d4e286.dirty 20260806
timing-RexxCPS-rexxcps-rxbvm-candidate-recorded-1,stdout,3,       System is: macOS
timing-RexxCPS-rexxcps-rxbvm-candidate-recorded-1,stdout,4,REXXCPS-PROVENANCE contract=canonical-default argv_count=0 initial_count=100 averaging=100
timing-RexxCPS-rexxcps-rxbvm-candidate-recorded-1,stdout,5,        Averaged: 500 x 100 iterations of 1000 clauses (over 1.0 s)
timing-RexxCPS-rexxcps-rxbvm-candidate-recorded-1,stdout,6,REXXCPS-EFFECTIVE contract=canonical-default initial_count=100 effective_count=500 averaging=100 calibrated=1
timing-RexxCPS-rexxcps-rxbvm-candidate-recorded-1,stdout,7,
timing-RexxCPS-rexxcps-rxbvm-candidate-recorded-1,stdout,8,     Performance: 48815111 cREXX clauses per second
timing-RexxCPS-rexxcps-rxbvm-candidate-recorded-1,stdout,9,
timing-RexxCPS-rexxcps-rxbvm-candidate-recorded-1,stdout,10,PASS: RexxCPS 2.2d cREXX port
timing-RexxCPS-rexxcps-rxbvm-candidate-recorded-2,stdout,1,----- REXXCPS 2.2d -- Measuring cREXX clauses/second -----
timing-RexxCPS-rexxcps-rxbvm-candidate-recorded-2,stdout,2, cREXX version is: macOS 64 crexx-1.0.0-beta.3+local.g3471a1d4e286.dirty 20260806
timing-RexxCPS-rexxcps-rxbvm-candidate-recorded-2,stdout,3,       System is: macOS
timing-RexxCPS-rexxcps-rxbvm-candidate-recorded-2,stdout,4,REXXCPS-PROVENANCE contract=canonical-default argv_count=0 initial_count=100 averaging=100
timing-RexxCPS-rexxcps-rxbvm-candidate-recorded-2,stdout,5,        Averaged: 500 x 100 iterations of 1000 clauses (over 1.0 s)
timing-RexxCPS-rexxcps-rxbvm-candidate-recorded-2,stdout,6,REXXCPS-EFFECTIVE contract=canonical-default initial_count=100 effective_count=500 averaging=100 calibrated=1
timing-RexxCPS-rexxcps-rxbvm-candidate-recorded-2,stdout,7,
timing-RexxCPS-rexxcps-rxbvm-candidate-recorded-2,stdout,8,     Performance: 49489418 cREXX clauses per second
timing-RexxCPS-rexxcps-rxbvm-candidate-recorded-2,stdout,9,
timing-RexxCPS-rexxcps-rxbvm-candidate-recorded-2,stdout,10,PASS: RexxCPS 2.2d cREXX port
timing-RexxCPS-rexxcps-rxbvm-control-recorded-2,stdout,1,----- REXXCPS 2.2d -- Measuring cREXX clauses/second -----
timing-RexxCPS-rexxcps-rxbvm-control-recorded-2,stdout,2, cREXX version is: macOS 64 crexx-1.0.0-beta.3+local.g4813e98d1dca 20260805
timing-RexxCPS-rexxcps-rxbvm-control-recorded-2,stdout,3,       System is: macOS
timing-RexxCPS-rexxcps-rxbvm-control-recorded-2,stdout,4,REXXCPS-PROVENANCE contract=canonical-default argv_count=0 initial_count=100 averaging=100
timing-RexxCPS-rexxcps-rxbvm-control-recorded-2,stdout,5,        Averaged: 500 x 100 iterations of 1000 clauses (over 1.1 s)
timing-RexxCPS-rexxcps-rxbvm-control-recorded-2,stdout,6,REXXCPS-EFFECTIVE contract=canonical-default initial_count=100 effective_count=500 averaging=100 calibrated=1
timing-RexxCPS-rexxcps-rxbvm-control-recorded-2,stdout,7,
timing-RexxCPS-rexxcps-rxbvm-control-recorded-2,stdout,8,     Performance: 47608347 cREXX clauses per second
timing-RexxCPS-rexxcps-rxbvm-control-recorded-2,stdout,9,
timing-RexxCPS-rexxcps-rxbvm-control-recorded-2,stdout,10,PASS: RexxCPS 2.2d cREXX port
timing-RexxCPS-rexxcps-rxvm-candidate-recorded-2,stdout,1,----- REXXCPS 2.2d -- Measuring cREXX clauses/second -----
timing-RexxCPS-rexxcps-rxvm-candidate-recorded-2,stdout,2, cREXX version is: macOS 64 crexx-1.0.0-beta.3+local.g3471a1d4e286.dirty 20260806
timing-RexxCPS-rexxcps-rxvm-candidate-recorded-2,stdout,3,       System is: macOS
timing-RexxCPS-rexxcps-rxvm-candidate-recorded-2,stdout,4,REXXCPS-PROVENANCE contract=canonical-default argv_count=0 initial_count=100 averaging=100
timing-RexxCPS-rexxcps-rxvm-candidate-recorded-2,stdout,5,        Averaged: 500 x 100 iterations of 1000 clauses (over 1.0 s)
timing-RexxCPS-rexxcps-rxvm-candidate-recorded-2,stdout,6,REXXCPS-EFFECTIVE contract=canonical-default initial_count=100 effective_count=500 averaging=100 calibrated=1
timing-RexxCPS-rexxcps-rxvm-candidate-recorded-2,stdout,7,
timing-RexxCPS-rexxcps-rxvm-candidate-recorded-2,stdout,8,     Performance: 48686535 cREXX clauses per second
timing-RexxCPS-rexxcps-rxvm-candidate-recorded-2,stdout,9,
timing-RexxCPS-rexxcps-rxvm-candidate-recorded-2,stdout,10,PASS: RexxCPS 2.2d cREXX port
timing-RexxCPS-rexxcps-rxvm-control-recorded-2,stdout,1,----- REXXCPS 2.2d -- Measuring cREXX clauses/second -----
timing-RexxCPS-rexxcps-rxvm-control-recorded-2,stdout,2, cREXX version is: macOS 64 crexx-1.0.0-beta.3+local.g4813e98d1dca 20260805
timing-RexxCPS-rexxcps-rxvm-control-recorded-2,stdout,3,       System is: macOS
timing-RexxCPS-rexxcps-rxvm-control-recorded-2,stdout,4,REXXCPS-PROVENANCE contract=canonical-default argv_count=0 initial_count=100 averaging=100
timing-RexxCPS-rexxcps-rxvm-control-recorded-2,stdout,5,        Averaged: 500 x 100 iterations of 1000 clauses (over 1.1 s)
timing-RexxCPS-rexxcps-rxvm-control-recorded-2,stdout,6,REXXCPS-EFFECTIVE contract=canonical-default initial_count=100 effective_count=500 averaging=100 calibrated=1
timing-RexxCPS-rexxcps-rxvm-control-recorded-2,stdout,7,
timing-RexxCPS-rexxcps-rxvm-control-recorded-2,stdout,8,     Performance: 46621394 cREXX clauses per second
timing-RexxCPS-rexxcps-rxvm-control-recorded-2,stdout,9,
timing-RexxCPS-rexxcps-rxvm-control-recorded-2,stdout,10,PASS: RexxCPS 2.2d cREXX port
timing-RexxCPS-rexxcps-rxbvm-control-recorded-3,stdout,1,----- REXXCPS 2.2d -- Measuring cREXX clauses/second -----
timing-RexxCPS-rexxcps-rxbvm-control-recorded-3,stdout,2, cREXX version is: macOS 64 crexx-1.0.0-beta.3+local.g4813e98d1dca 20260805
timing-RexxCPS-rexxcps-rxbvm-control-recorded-3,stdout,3,       System is: macOS
timing-RexxCPS-rexxcps-rxbvm-control-recorded-3,stdout,4,REXXCPS-PROVENANCE contract=canonical-default argv_count=0 initial_count=100 averaging=100
timing-RexxCPS-rexxcps-rxbvm-control-recorded-3,stdout,5,        Averaged: 500 x 100 iterations of 1000 clauses (over 1.1 s)
timing-RexxCPS-rexxcps-rxbvm-control-recorded-3,stdout,6,REXXCPS-EFFECTIVE contract=canonical-default initial_count=100 effective_count=500 averaging=100 calibrated=1
timing-RexxCPS-rexxcps-rxbvm-control-recorded-3,stdout,7,
timing-RexxCPS-rexxcps-rxbvm-control-recorded-3,stdout,8,     Performance: 47047754 cREXX clauses per second
timing-RexxCPS-rexxcps-rxbvm-control-recorded-3,stdout,9,
timing-RexxCPS-rexxcps-rxbvm-control-recorded-3,stdout,10,PASS: RexxCPS 2.2d cREXX port
timing-RexxCPS-rexxcps-rxbvm-candidate-recorded-3,stdout,1,----- REXXCPS 2.2d -- Measuring cREXX clauses/second -----
timing-RexxCPS-rexxcps-rxbvm-candidate-recorded-3,stdout,2, cREXX version is: macOS 64 crexx-1.0.0-beta.3+local.g3471a1d4e286.dirty 20260806
timing-RexxCPS-rexxcps-rxbvm-candidate-recorded-3,stdout,3,       System is: macOS
timing-RexxCPS-rexxcps-rxbvm-candidate-recorded-3,stdout,4,REXXCPS-PROVENANCE contract=canonical-default argv_count=0 initial_count=100 averaging=100
timing-RexxCPS-rexxcps-rxbvm-candidate-recorded-3,stdout,5,        Averaged: 500 x 100 iterations of 1000 clauses (over 1.0 s)
timing-RexxCPS-rexxcps-rxbvm-candidate-recorded-3,stdout,6,REXXCPS-EFFECTIVE contract=canonical-default initial_count=100 effective_count=500 averaging=100 calibrated=1
timing-RexxCPS-rexxcps-rxbvm-candidate-recorded-3,stdout,7,
timing-RexxCPS-rexxcps-rxbvm-candidate-recorded-3,stdout,8,     Performance: 49264530 cREXX clauses per second
timing-RexxCPS-rexxcps-rxbvm-candidate-recorded-3,stdout,9,
timing-RexxCPS-rexxcps-rxbvm-candidate-recorded-3,stdout,10,PASS: RexxCPS 2.2d cREXX port
timing-RexxCPS-rexxcps-rxvm-control-recorded-3,stdout,1,----- REXXCPS 2.2d -- Measuring cREXX clauses/second -----
timing-RexxCPS-rexxcps-rxvm-control-recorded-3,stdout,2, cREXX version is: macOS 64 crexx-1.0.0-beta.3+local.g4813e98d1dca 20260805
timing-RexxCPS-rexxcps-rxvm-control-recorded-3,stdout,3,       System is: macOS
timing-RexxCPS-rexxcps-rxvm-control-recorded-3,stdout,4,REXXCPS-PROVENANCE contract=canonical-default argv_count=0 initial_count=100 averaging=100
timing-RexxCPS-rexxcps-rxvm-control-recorded-3,stdout,5,        Averaged: 500 x 100 iterations of 1000 clauses (over 1.1 s)
timing-RexxCPS-rexxcps-rxvm-control-recorded-3,stdout,6,REXXCPS-EFFECTIVE contract=canonical-default initial_count=100 effective_count=500 averaging=100 calibrated=1
timing-RexxCPS-rexxcps-rxvm-control-recorded-3,stdout,7,
timing-RexxCPS-rexxcps-rxvm-control-recorded-3,stdout,8,     Performance: 46817093 cREXX clauses per second
timing-RexxCPS-rexxcps-rxvm-control-recorded-3,stdout,9,
timing-RexxCPS-rexxcps-rxvm-control-recorded-3,stdout,10,PASS: RexxCPS 2.2d cREXX port
timing-RexxCPS-rexxcps-rxvm-candidate-recorded-3,stdout,1,----- REXXCPS 2.2d -- Measuring cREXX clauses/second -----
timing-RexxCPS-rexxcps-rxvm-candidate-recorded-3,stdout,2, cREXX version is: macOS 64 crexx-1.0.0-beta.3+local.g3471a1d4e286.dirty 20260806
timing-RexxCPS-rexxcps-rxvm-candidate-recorded-3,stdout,3,       System is: macOS
timing-RexxCPS-rexxcps-rxvm-candidate-recorded-3,stdout,4,REXXCPS-PROVENANCE contract=canonical-default argv_count=0 initial_count=100 averaging=100
timing-RexxCPS-rexxcps-rxvm-candidate-recorded-3,stdout,5,        Averaged: 500 x 100 iterations of 1000 clauses (over 1.0 s)
timing-RexxCPS-rexxcps-rxvm-candidate-recorded-3,stdout,6,REXXCPS-EFFECTIVE contract=canonical-default initial_count=100 effective_count=500 averaging=100 calibrated=1
timing-RexxCPS-rexxcps-rxvm-candidate-recorded-3,stdout,7,
timing-RexxCPS-rexxcps-rxvm-candidate-recorded-3,stdout,8,     Performance: 48517688 cREXX clauses per second
timing-RexxCPS-rexxcps-rxvm-candidate-recorded-3,stdout,9,
timing-RexxCPS-rexxcps-rxvm-candidate-recorded-3,stdout,10,PASS: RexxCPS 2.2d cREXX port
timing-RexxCPS-rexxcps-rxvm-candidate-recorded-4,stdout,1,----- REXXCPS 2.2d -- Measuring cREXX clauses/second -----
timing-RexxCPS-rexxcps-rxvm-candidate-recorded-4,stdout,2, cREXX version is: macOS 64 crexx-1.0.0-beta.3+local.g3471a1d4e286.dirty 20260806
timing-RexxCPS-rexxcps-rxvm-candidate-recorded-4,stdout,3,       System is: macOS
timing-RexxCPS-rexxcps-rxvm-candidate-recorded-4,stdout,4,REXXCPS-PROVENANCE contract=canonical-default argv_count=0 initial_count=100 averaging=100
timing-RexxCPS-rexxcps-rxvm-candidate-recorded-4,stdout,5,        Averaged: 500 x 100 iterations of 1000 clauses (over 1.0 s)
timing-RexxCPS-rexxcps-rxvm-candidate-recorded-4,stdout,6,REXXCPS-EFFECTIVE contract=canonical-default initial_count=100 effective_count=500 averaging=100 calibrated=1
timing-RexxCPS-rexxcps-rxvm-candidate-recorded-4,stdout,7,
timing-RexxCPS-rexxcps-rxvm-candidate-recorded-4,stdout,8,     Performance: 47948798 cREXX clauses per second
timing-RexxCPS-rexxcps-rxvm-candidate-recorded-4,stdout,9,
timing-RexxCPS-rexxcps-rxvm-candidate-recorded-4,stdout,10,PASS: RexxCPS 2.2d cREXX port
timing-RexxCPS-rexxcps-rxvm-control-recorded-4,stdout,1,----- REXXCPS 2.2d -- Measuring cREXX clauses/second -----
timing-RexxCPS-rexxcps-rxvm-control-recorded-4,stdout,2, cREXX version is: macOS 64 crexx-1.0.0-beta.3+local.g4813e98d1dca 20260805
timing-RexxCPS-rexxcps-rxvm-control-recorded-4,stdout,3,       System is: macOS
timing-RexxCPS-rexxcps-rxvm-control-recorded-4,stdout,4,REXXCPS-PROVENANCE contract=canonical-default argv_count=0 initial_count=100 averaging=100
timing-RexxCPS-rexxcps-rxvm-control-recorded-4,stdout,5,        Averaged: 500 x 100 iterations of 1000 clauses (over 1.1 s)
timing-RexxCPS-rexxcps-rxvm-control-recorded-4,stdout,6,REXXCPS-EFFECTIVE contract=canonical-default initial_count=100 effective_count=500 averaging=100 calibrated=1
timing-RexxCPS-rexxcps-rxvm-control-recorded-4,stdout,7,
timing-RexxCPS-rexxcps-rxvm-control-recorded-4,stdout,8,     Performance: 46093358 cREXX clauses per second
timing-RexxCPS-rexxcps-rxvm-control-recorded-4,stdout,9,
timing-RexxCPS-rexxcps-rxvm-control-recorded-4,stdout,10,PASS: RexxCPS 2.2d cREXX port
timing-RexxCPS-rexxcps-rxbvm-candidate-recorded-4,stdout,1,----- REXXCPS 2.2d -- Measuring cREXX clauses/second -----
timing-RexxCPS-rexxcps-rxbvm-candidate-recorded-4,stdout,2, cREXX version is: macOS 64 crexx-1.0.0-beta.3+local.g3471a1d4e286.dirty 20260806
timing-RexxCPS-rexxcps-rxbvm-candidate-recorded-4,stdout,3,       System is: macOS
timing-RexxCPS-rexxcps-rxbvm-candidate-recorded-4,stdout,4,REXXCPS-PROVENANCE contract=canonical-default argv_count=0 initial_count=100 averaging=100
timing-RexxCPS-rexxcps-rxbvm-candidate-recorded-4,stdout,5,        Averaged: 500 x 100 iterations of 1000 clauses (over 1.0 s)
timing-RexxCPS-rexxcps-rxbvm-candidate-recorded-4,stdout,6,REXXCPS-EFFECTIVE contract=canonical-default initial_count=100 effective_count=500 averaging=100 calibrated=1
timing-RexxCPS-rexxcps-rxbvm-candidate-recorded-4,stdout,7,
timing-RexxCPS-rexxcps-rxbvm-candidate-recorded-4,stdout,8,     Performance: 48553636 cREXX clauses per second
timing-RexxCPS-rexxcps-rxbvm-candidate-recorded-4,stdout,9,
timing-RexxCPS-rexxcps-rxbvm-candidate-recorded-4,stdout,10,PASS: RexxCPS 2.2d cREXX port
timing-RexxCPS-rexxcps-rxbvm-control-recorded-4,stdout,1,----- REXXCPS 2.2d -- Measuring cREXX clauses/second -----
timing-RexxCPS-rexxcps-rxbvm-control-recorded-4,stdout,2, cREXX version is: macOS 64 crexx-1.0.0-beta.3+local.g4813e98d1dca 20260805
timing-RexxCPS-rexxcps-rxbvm-control-recorded-4,stdout,3,       System is: macOS
timing-RexxCPS-rexxcps-rxbvm-control-recorded-4,stdout,4,REXXCPS-PROVENANCE contract=canonical-default argv_count=0 initial_count=100 averaging=100
timing-RexxCPS-rexxcps-rxbvm-control-recorded-4,stdout,5,        Averaged: 500 x 100 iterations of 1000 clauses (over 1.1 s)
timing-RexxCPS-rexxcps-rxbvm-control-recorded-4,stdout,6,REXXCPS-EFFECTIVE contract=canonical-default initial_count=100 effective_count=500 averaging=100 calibrated=1
timing-RexxCPS-rexxcps-rxbvm-control-recorded-4,stdout,7,
timing-RexxCPS-rexxcps-rxbvm-control-recorded-4,stdout,8,     Performance: 46889184 cREXX clauses per second
timing-RexxCPS-rexxcps-rxbvm-control-recorded-4,stdout,9,
timing-RexxCPS-rexxcps-rxbvm-control-recorded-4,stdout,10,PASS: RexxCPS 2.2d cREXX port
timing-RexxCPS-rexxcps-rxvm-control-recorded-5,stdout,1,----- REXXCPS 2.2d -- Measuring cREXX clauses/second -----
timing-RexxCPS-rexxcps-rxvm-control-recorded-5,stdout,2, cREXX version is: macOS 64 crexx-1.0.0-beta.3+local.g4813e98d1dca 20260805
timing-RexxCPS-rexxcps-rxvm-control-recorded-5,stdout,3,       System is: macOS
timing-RexxCPS-rexxcps-rxvm-control-recorded-5,stdout,4,REXXCPS-PROVENANCE contract=canonical-default argv_count=0 initial_count=100 averaging=100
timing-RexxCPS-rexxcps-rxvm-control-recorded-5,stdout,5,        Averaged: 500 x 100 iterations of 1000 clauses (over 1.1 s)
timing-RexxCPS-rexxcps-rxvm-control-recorded-5,stdout,6,REXXCPS-EFFECTIVE contract=canonical-default initial_count=100 effective_count=500 averaging=100 calibrated=1
timing-RexxCPS-rexxcps-rxvm-control-recorded-5,stdout,7,
timing-RexxCPS-rexxcps-rxvm-control-recorded-5,stdout,8,     Performance: 47305167 cREXX clauses per second
timing-RexxCPS-rexxcps-rxvm-control-recorded-5,stdout,9,
timing-RexxCPS-rexxcps-rxvm-control-recorded-5,stdout,10,PASS: RexxCPS 2.2d cREXX port
timing-RexxCPS-rexxcps-rxvm-candidate-recorded-5,stdout,1,----- REXXCPS 2.2d -- Measuring cREXX clauses/second -----
timing-RexxCPS-rexxcps-rxvm-candidate-recorded-5,stdout,2, cREXX version is: macOS 64 crexx-1.0.0-beta.3+local.g3471a1d4e286.dirty 20260806
timing-RexxCPS-rexxcps-rxvm-candidate-recorded-5,stdout,3,       System is: macOS
timing-RexxCPS-rexxcps-rxvm-candidate-recorded-5,stdout,4,REXXCPS-PROVENANCE contract=canonical-default argv_count=0 initial_count=100 averaging=100
timing-RexxCPS-rexxcps-rxvm-candidate-recorded-5,stdout,5,        Averaged: 500 x 100 iterations of 1000 clauses (over 1.0 s)
timing-RexxCPS-rexxcps-rxvm-candidate-recorded-5,stdout,6,REXXCPS-EFFECTIVE contract=canonical-default initial_count=100 effective_count=500 averaging=100 calibrated=1
timing-RexxCPS-rexxcps-rxvm-candidate-recorded-5,stdout,7,
timing-RexxCPS-rexxcps-rxvm-candidate-recorded-5,stdout,8,     Performance: 48040939 cREXX clauses per second
timing-RexxCPS-rexxcps-rxvm-candidate-recorded-5,stdout,9,
timing-RexxCPS-rexxcps-rxvm-candidate-recorded-5,stdout,10,PASS: RexxCPS 2.2d cREXX port
timing-RexxCPS-rexxcps-rxbvm-control-recorded-5,stdout,1,----- REXXCPS 2.2d -- Measuring cREXX clauses/second -----
timing-RexxCPS-rexxcps-rxbvm-control-recorded-5,stdout,2, cREXX version is: macOS 64 crexx-1.0.0-beta.3+local.g4813e98d1dca 20260805
timing-RexxCPS-rexxcps-rxbvm-control-recorded-5,stdout,3,       System is: macOS
timing-RexxCPS-rexxcps-rxbvm-control-recorded-5,stdout,4,REXXCPS-PROVENANCE contract=canonical-default argv_count=0 initial_count=100 averaging=100
timing-RexxCPS-rexxcps-rxbvm-control-recorded-5,stdout,5,        Averaged: 500 x 100 iterations of 1000 clauses (over 1.1 s)
timing-RexxCPS-rexxcps-rxbvm-control-recorded-5,stdout,6,REXXCPS-EFFECTIVE contract=canonical-default initial_count=100 effective_count=500 averaging=100 calibrated=1
timing-RexxCPS-rexxcps-rxbvm-control-recorded-5,stdout,7,
timing-RexxCPS-rexxcps-rxbvm-control-recorded-5,stdout,8,     Performance: 47129440 cREXX clauses per second
timing-RexxCPS-rexxcps-rxbvm-control-recorded-5,stdout,9,
timing-RexxCPS-rexxcps-rxbvm-control-recorded-5,stdout,10,PASS: RexxCPS 2.2d cREXX port
timing-RexxCPS-rexxcps-rxbvm-candidate-recorded-5,stdout,1,----- REXXCPS 2.2d -- Measuring cREXX clauses/second -----
timing-RexxCPS-rexxcps-rxbvm-candidate-recorded-5,stdout,2, cREXX version is: macOS 64 crexx-1.0.0-beta.3+local.g3471a1d4e286.dirty 20260806
timing-RexxCPS-rexxcps-rxbvm-candidate-recorded-5,stdout,3,       System is: macOS
timing-RexxCPS-rexxcps-rxbvm-candidate-recorded-5,stdout,4,REXXCPS-PROVENANCE contract=canonical-default argv_count=0 initial_count=100 averaging=100
timing-RexxCPS-rexxcps-rxbvm-candidate-recorded-5,stdout,5,        Averaged: 500 x 100 iterations of 1000 clauses (over 1.0 s)
timing-RexxCPS-rexxcps-rxbvm-candidate-recorded-5,stdout,6,REXXCPS-EFFECTIVE contract=canonical-default initial_count=100 effective_count=500 averaging=100 calibrated=1
timing-RexxCPS-rexxcps-rxbvm-candidate-recorded-5,stdout,7,
timing-RexxCPS-rexxcps-rxbvm-candidate-recorded-5,stdout,8,     Performance: 48983255 cREXX clauses per second
timing-RexxCPS-rexxcps-rxbvm-candidate-recorded-5,stdout,9,
timing-RexxCPS-rexxcps-rxbvm-candidate-recorded-5,stdout,10,PASS: RexxCPS 2.2d cREXX port
timing-RexxCPS-rexxcps-rxbvm-candidate-recorded-6,stdout,1,----- REXXCPS 2.2d -- Measuring cREXX clauses/second -----
timing-RexxCPS-rexxcps-rxbvm-candidate-recorded-6,stdout,2, cREXX version is: macOS 64 crexx-1.0.0-beta.3+local.g3471a1d4e286.dirty 20260806
timing-RexxCPS-rexxcps-rxbvm-candidate-recorded-6,stdout,3,       System is: macOS
timing-RexxCPS-rexxcps-rxbvm-candidate-recorded-6,stdout,4,REXXCPS-PROVENANCE contract=canonical-default argv_count=0 initial_count=100 averaging=100
timing-RexxCPS-rexxcps-rxbvm-candidate-recorded-6,stdout,5,        Averaged: 500 x 100 iterations of 1000 clauses (over 1.0 s)
timing-RexxCPS-rexxcps-rxbvm-candidate-recorded-6,stdout,6,REXXCPS-EFFECTIVE contract=canonical-default initial_count=100 effective_count=500 averaging=100 calibrated=1
timing-RexxCPS-rexxcps-rxbvm-candidate-recorded-6,stdout,7,
timing-RexxCPS-rexxcps-rxbvm-candidate-recorded-6,stdout,8,     Performance: 49568261 cREXX clauses per second
timing-RexxCPS-rexxcps-rxbvm-candidate-recorded-6,stdout,9,
timing-RexxCPS-rexxcps-rxbvm-candidate-recorded-6,stdout,10,PASS: RexxCPS 2.2d cREXX port
timing-RexxCPS-rexxcps-rxbvm-control-recorded-6,stdout,1,----- REXXCPS 2.2d -- Measuring cREXX clauses/second -----
timing-RexxCPS-rexxcps-rxbvm-control-recorded-6,stdout,2, cREXX version is: macOS 64 crexx-1.0.0-beta.3+local.g4813e98d1dca 20260805
timing-RexxCPS-rexxcps-rxbvm-control-recorded-6,stdout,3,       System is: macOS
timing-RexxCPS-rexxcps-rxbvm-control-recorded-6,stdout,4,REXXCPS-PROVENANCE contract=canonical-default argv_count=0 initial_count=100 averaging=100
timing-RexxCPS-rexxcps-rxbvm-control-recorded-6,stdout,5,        Averaged: 500 x 100 iterations of 1000 clauses (over 1.0 s)
timing-RexxCPS-rexxcps-rxbvm-control-recorded-6,stdout,6,REXXCPS-EFFECTIVE contract=canonical-default initial_count=100 effective_count=500 averaging=100 calibrated=1
timing-RexxCPS-rexxcps-rxbvm-control-recorded-6,stdout,7,
timing-RexxCPS-rexxcps-rxbvm-control-recorded-6,stdout,8,     Performance: 47928943 cREXX clauses per second
timing-RexxCPS-rexxcps-rxbvm-control-recorded-6,stdout,9,
timing-RexxCPS-rexxcps-rxbvm-control-recorded-6,stdout,10,PASS: RexxCPS 2.2d cREXX port
timing-RexxCPS-rexxcps-rxvm-candidate-recorded-6,stdout,1,----- REXXCPS 2.2d -- Measuring cREXX clauses/second -----
timing-RexxCPS-rexxcps-rxvm-candidate-recorded-6,stdout,2, cREXX version is: macOS 64 crexx-1.0.0-beta.3+local.g3471a1d4e286.dirty 20260806
timing-RexxCPS-rexxcps-rxvm-candidate-recorded-6,stdout,3,       System is: macOS
timing-RexxCPS-rexxcps-rxvm-candidate-recorded-6,stdout,4,REXXCPS-PROVENANCE contract=canonical-default argv_count=0 initial_count=100 averaging=100
timing-RexxCPS-rexxcps-rxvm-candidate-recorded-6,stdout,5,        Averaged: 500 x 100 iterations of 1000 clauses (over 1.0 s)
timing-RexxCPS-rexxcps-rxvm-candidate-recorded-6,stdout,6,REXXCPS-EFFECTIVE contract=canonical-default initial_count=100 effective_count=500 averaging=100 calibrated=1
timing-RexxCPS-rexxcps-rxvm-candidate-recorded-6,stdout,7,
timing-RexxCPS-rexxcps-rxvm-candidate-recorded-6,stdout,8,     Performance: 48601256 cREXX clauses per second
timing-RexxCPS-rexxcps-rxvm-candidate-recorded-6,stdout,9,
timing-RexxCPS-rexxcps-rxvm-candidate-recorded-6,stdout,10,PASS: RexxCPS 2.2d cREXX port
timing-RexxCPS-rexxcps-rxvm-control-recorded-6,stdout,1,----- REXXCPS 2.2d -- Measuring cREXX clauses/second -----
timing-RexxCPS-rexxcps-rxvm-control-recorded-6,stdout,2, cREXX version is: macOS 64 crexx-1.0.0-beta.3+local.g4813e98d1dca 20260805
timing-RexxCPS-rexxcps-rxvm-control-recorded-6,stdout,3,       System is: macOS
timing-RexxCPS-rexxcps-rxvm-control-recorded-6,stdout,4,REXXCPS-PROVENANCE contract=canonical-default argv_count=0 initial_count=100 averaging=100
timing-RexxCPS-rexxcps-rxvm-control-recorded-6,stdout,5,        Averaged: 500 x 100 iterations of 1000 clauses (over 1.0 s)
timing-RexxCPS-rexxcps-rxvm-control-recorded-6,stdout,6,REXXCPS-EFFECTIVE contract=canonical-default initial_count=100 effective_count=500 averaging=100 calibrated=1
timing-RexxCPS-rexxcps-rxvm-control-recorded-6,stdout,7,
timing-RexxCPS-rexxcps-rxvm-control-recorded-6,stdout,8,     Performance: 47638648 cREXX clauses per second
timing-RexxCPS-rexxcps-rxvm-control-recorded-6,stdout,9,
timing-RexxCPS-rexxcps-rxvm-control-recorded-6,stdout,10,PASS: RexxCPS 2.2d cREXX port
timing-RexxCPS-rexxcps-rxbvm-control-recorded-7,stdout,1,----- REXXCPS 2.2d -- Measuring cREXX clauses/second -----
timing-RexxCPS-rexxcps-rxbvm-control-recorded-7,stdout,2, cREXX version is: macOS 64 crexx-1.0.0-beta.3+local.g4813e98d1dca 20260805
timing-RexxCPS-rexxcps-rxbvm-control-recorded-7,stdout,3,       System is: macOS
timing-RexxCPS-rexxcps-rxbvm-control-recorded-7,stdout,4,REXXCPS-PROVENANCE contract=canonical-default argv_count=0 initial_count=100 averaging=100
timing-RexxCPS-rexxcps-rxbvm-control-recorded-7,stdout,5,        Averaged: 500 x 100 iterations of 1000 clauses (over 1.0 s)
timing-RexxCPS-rexxcps-rxbvm-control-recorded-7,stdout,6,REXXCPS-EFFECTIVE contract=canonical-default initial_count=100 effective_count=500 averaging=100 calibrated=1
timing-RexxCPS-rexxcps-rxbvm-control-recorded-7,stdout,7,
timing-RexxCPS-rexxcps-rxbvm-control-recorded-7,stdout,8,     Performance: 47729690 cREXX clauses per second
timing-RexxCPS-rexxcps-rxbvm-control-recorded-7,stdout,9,
timing-RexxCPS-rexxcps-rxbvm-control-recorded-7,stdout,10,PASS: RexxCPS 2.2d cREXX port
timing-RexxCPS-rexxcps-rxbvm-candidate-recorded-7,stdout,1,----- REXXCPS 2.2d -- Measuring cREXX clauses/second -----
timing-RexxCPS-rexxcps-rxbvm-candidate-recorded-7,stdout,2, cREXX version is: macOS 64 crexx-1.0.0-beta.3+local.g3471a1d4e286.dirty 20260806
timing-RexxCPS-rexxcps-rxbvm-candidate-recorded-7,stdout,3,       System is: macOS
timing-RexxCPS-rexxcps-rxbvm-candidate-recorded-7,stdout,4,REXXCPS-PROVENANCE contract=canonical-default argv_count=0 initial_count=100 averaging=100
timing-RexxCPS-rexxcps-rxbvm-candidate-recorded-7,stdout,5,        Averaged: 500 x 100 iterations of 1000 clauses (over 1.0 s)
timing-RexxCPS-rexxcps-rxbvm-candidate-recorded-7,stdout,6,REXXCPS-EFFECTIVE contract=canonical-default initial_count=100 effective_count=500 averaging=100 calibrated=1
timing-RexxCPS-rexxcps-rxbvm-candidate-recorded-7,stdout,7,
timing-RexxCPS-rexxcps-rxbvm-candidate-recorded-7,stdout,8,     Performance: 48862911 cREXX clauses per second
timing-RexxCPS-rexxcps-rxbvm-candidate-recorded-7,stdout,9,
timing-RexxCPS-rexxcps-rxbvm-candidate-recorded-7,stdout,10,PASS: RexxCPS 2.2d cREXX port
timing-RexxCPS-rexxcps-rxvm-control-recorded-7,stdout,1,----- REXXCPS 2.2d -- Measuring cREXX clauses/second -----
timing-RexxCPS-rexxcps-rxvm-control-recorded-7,stdout,2, cREXX version is: macOS 64 crexx-1.0.0-beta.3+local.g4813e98d1dca 20260805
timing-RexxCPS-rexxcps-rxvm-control-recorded-7,stdout,3,       System is: macOS
timing-RexxCPS-rexxcps-rxvm-control-recorded-7,stdout,4,REXXCPS-PROVENANCE contract=canonical-default argv_count=0 initial_count=100 averaging=100
timing-RexxCPS-rexxcps-rxvm-control-recorded-7,stdout,5,        Averaged: 500 x 100 iterations of 1000 clauses (over 1.1 s)
timing-RexxCPS-rexxcps-rxvm-control-recorded-7,stdout,6,REXXCPS-EFFECTIVE contract=canonical-default initial_count=100 effective_count=500 averaging=100 calibrated=1
timing-RexxCPS-rexxcps-rxvm-control-recorded-7,stdout,7,
timing-RexxCPS-rexxcps-rxvm-control-recorded-7,stdout,8,     Performance: 47135571 cREXX clauses per second
timing-RexxCPS-rexxcps-rxvm-control-recorded-7,stdout,9,
timing-RexxCPS-rexxcps-rxvm-control-recorded-7,stdout,10,PASS: RexxCPS 2.2d cREXX port
timing-RexxCPS-rexxcps-rxvm-candidate-recorded-7,stdout,1,----- REXXCPS 2.2d -- Measuring cREXX clauses/second -----
timing-RexxCPS-rexxcps-rxvm-candidate-recorded-7,stdout,2, cREXX version is: macOS 64 crexx-1.0.0-beta.3+local.g3471a1d4e286.dirty 20260806
timing-RexxCPS-rexxcps-rxvm-candidate-recorded-7,stdout,3,       System is: macOS
timing-RexxCPS-rexxcps-rxvm-candidate-recorded-7,stdout,4,REXXCPS-PROVENANCE contract=canonical-default argv_count=0 initial_count=100 averaging=100
timing-RexxCPS-rexxcps-rxvm-candidate-recorded-7,stdout,5,        Averaged: 500 x 100 iterations of 1000 clauses (over 1.0 s)
timing-RexxCPS-rexxcps-rxvm-candidate-recorded-7,stdout,6,REXXCPS-EFFECTIVE contract=canonical-default initial_count=100 effective_count=500 averaging=100 calibrated=1
timing-RexxCPS-rexxcps-rxvm-candidate-recorded-7,stdout,7,
timing-RexxCPS-rexxcps-rxvm-candidate-recorded-7,stdout,8,     Performance: 47815501 cREXX clauses per second
timing-RexxCPS-rexxcps-rxvm-candidate-recorded-7,stdout,9,
timing-RexxCPS-rexxcps-rxvm-candidate-recorded-7,stdout,10,PASS: RexxCPS 2.2d cREXX port
timing-RexxCPS-rexxcps-rxvm-candidate-recorded-8,stdout,1,----- REXXCPS 2.2d -- Measuring cREXX clauses/second -----
timing-RexxCPS-rexxcps-rxvm-candidate-recorded-8,stdout,2, cREXX version is: macOS 64 crexx-1.0.0-beta.3+local.g3471a1d4e286.dirty 20260806
timing-RexxCPS-rexxcps-rxvm-candidate-recorded-8,stdout,3,       System is: macOS
timing-RexxCPS-rexxcps-rxvm-candidate-recorded-8,stdout,4,REXXCPS-PROVENANCE contract=canonical-default argv_count=0 initial_count=100 averaging=100
timing-RexxCPS-rexxcps-rxvm-candidate-recorded-8,stdout,5,        Averaged: 500 x 100 iterations of 1000 clauses (over 1.0 s)
timing-RexxCPS-rexxcps-rxvm-candidate-recorded-8,stdout,6,REXXCPS-EFFECTIVE contract=canonical-default initial_count=100 effective_count=500 averaging=100 calibrated=1
timing-RexxCPS-rexxcps-rxvm-candidate-recorded-8,stdout,7,
timing-RexxCPS-rexxcps-rxvm-candidate-recorded-8,stdout,8,     Performance: 48169418 cREXX clauses per second
timing-RexxCPS-rexxcps-rxvm-candidate-recorded-8,stdout,9,
timing-RexxCPS-rexxcps-rxvm-candidate-recorded-8,stdout,10,PASS: RexxCPS 2.2d cREXX port
timing-RexxCPS-rexxcps-rxvm-control-recorded-8,stdout,1,----- REXXCPS 2.2d -- Measuring cREXX clauses/second -----
timing-RexxCPS-rexxcps-rxvm-control-recorded-8,stdout,2, cREXX version is: macOS 64 crexx-1.0.0-beta.3+local.g4813e98d1dca 20260805
timing-RexxCPS-rexxcps-rxvm-control-recorded-8,stdout,3,       System is: macOS
timing-RexxCPS-rexxcps-rxvm-control-recorded-8,stdout,4,REXXCPS-PROVENANCE contract=canonical-default argv_count=0 initial_count=100 averaging=100
timing-RexxCPS-rexxcps-rxvm-control-recorded-8,stdout,5,        Averaged: 500 x 100 iterations of 1000 clauses (over 1.1 s)
timing-RexxCPS-rexxcps-rxvm-control-recorded-8,stdout,6,REXXCPS-EFFECTIVE contract=canonical-default initial_count=100 effective_count=500 averaging=100 calibrated=1
timing-RexxCPS-rexxcps-rxvm-control-recorded-8,stdout,7,
timing-RexxCPS-rexxcps-rxvm-control-recorded-8,stdout,8,     Performance: 46793608 cREXX clauses per second
timing-RexxCPS-rexxcps-rxvm-control-recorded-8,stdout,9,
timing-RexxCPS-rexxcps-rxvm-control-recorded-8,stdout,10,PASS: RexxCPS 2.2d cREXX port
timing-RexxCPS-rexxcps-rxbvm-candidate-recorded-8,stdout,1,----- REXXCPS 2.2d -- Measuring cREXX clauses/second -----
timing-RexxCPS-rexxcps-rxbvm-candidate-recorded-8,stdout,2, cREXX version is: macOS 64 crexx-1.0.0-beta.3+local.g3471a1d4e286.dirty 20260806
timing-RexxCPS-rexxcps-rxbvm-candidate-recorded-8,stdout,3,       System is: macOS
timing-RexxCPS-rexxcps-rxbvm-candidate-recorded-8,stdout,4,REXXCPS-PROVENANCE contract=canonical-default argv_count=0 initial_count=100 averaging=100
timing-RexxCPS-rexxcps-rxbvm-candidate-recorded-8,stdout,5,        Averaged: 500 x 100 iterations of 1000 clauses (over 1.0 s)
timing-RexxCPS-rexxcps-rxbvm-candidate-recorded-8,stdout,6,REXXCPS-EFFECTIVE contract=canonical-default initial_count=100 effective_count=500 averaging=100 calibrated=1
timing-RexxCPS-rexxcps-rxbvm-candidate-recorded-8,stdout,7,
timing-RexxCPS-rexxcps-rxbvm-candidate-recorded-8,stdout,8,     Performance: 49514804 cREXX clauses per second
timing-RexxCPS-rexxcps-rxbvm-candidate-recorded-8,stdout,9,
timing-RexxCPS-rexxcps-rxbvm-candidate-recorded-8,stdout,10,PASS: RexxCPS 2.2d cREXX port
timing-RexxCPS-rexxcps-rxbvm-control-recorded-8,stdout,1,----- REXXCPS 2.2d -- Measuring cREXX clauses/second -----
timing-RexxCPS-rexxcps-rxbvm-control-recorded-8,stdout,2, cREXX version is: macOS 64 crexx-1.0.0-beta.3+local.g4813e98d1dca 20260805
timing-RexxCPS-rexxcps-rxbvm-control-recorded-8,stdout,3,       System is: macOS
timing-RexxCPS-rexxcps-rxbvm-control-recorded-8,stdout,4,REXXCPS-PROVENANCE contract=canonical-default argv_count=0 initial_count=100 averaging=100
timing-RexxCPS-rexxcps-rxbvm-control-recorded-8,stdout,5,        Averaged: 500 x 100 iterations of 1000 clauses (over 1.0 s)
timing-RexxCPS-rexxcps-rxbvm-control-recorded-8,stdout,6,REXXCPS-EFFECTIVE contract=canonical-default initial_count=100 effective_count=500 averaging=100 calibrated=1
timing-RexxCPS-rexxcps-rxbvm-control-recorded-8,stdout,7,
timing-RexxCPS-rexxcps-rxbvm-control-recorded-8,stdout,8,     Performance: 47677759 cREXX clauses per second
timing-RexxCPS-rexxcps-rxbvm-control-recorded-8,stdout,9,
timing-RexxCPS-rexxcps-rxbvm-control-recorded-8,stdout,10,PASS: RexxCPS 2.2d cREXX port
timing-RexxCPS-rexxcps-rxvm-control-recorded-9,stdout,1,----- REXXCPS 2.2d -- Measuring cREXX clauses/second -----
timing-RexxCPS-rexxcps-rxvm-control-recorded-9,stdout,2, cREXX version is: macOS 64 crexx-1.0.0-beta.3+local.g4813e98d1dca 20260805
timing-RexxCPS-rexxcps-rxvm-control-recorded-9,stdout,3,       System is: macOS
timing-RexxCPS-rexxcps-rxvm-control-recorded-9,stdout,4,REXXCPS-PROVENANCE contract=canonical-default argv_count=0 initial_count=100 averaging=100
timing-RexxCPS-rexxcps-rxvm-control-recorded-9,stdout,5,        Averaged: 500 x 100 iterations of 1000 clauses (over 1.1 s)
timing-RexxCPS-rexxcps-rxvm-control-recorded-9,stdout,6,REXXCPS-EFFECTIVE contract=canonical-default initial_count=100 effective_count=500 averaging=100 calibrated=1
timing-RexxCPS-rexxcps-rxvm-control-recorded-9,stdout,7,
timing-RexxCPS-rexxcps-rxvm-control-recorded-9,stdout,8,     Performance: 47256746 cREXX clauses per second
timing-RexxCPS-rexxcps-rxvm-control-recorded-9,stdout,9,
timing-RexxCPS-rexxcps-rxvm-control-recorded-9,stdout,10,PASS: RexxCPS 2.2d cREXX port
timing-RexxCPS-rexxcps-rxvm-candidate-recorded-9,stdout,1,----- REXXCPS 2.2d -- Measuring cREXX clauses/second -----
timing-RexxCPS-rexxcps-rxvm-candidate-recorded-9,stdout,2, cREXX version is: macOS 64 crexx-1.0.0-beta.3+local.g3471a1d4e286.dirty 20260806
timing-RexxCPS-rexxcps-rxvm-candidate-recorded-9,stdout,3,       System is: macOS
timing-RexxCPS-rexxcps-rxvm-candidate-recorded-9,stdout,4,REXXCPS-PROVENANCE contract=canonical-default argv_count=0 initial_count=100 averaging=100
timing-RexxCPS-rexxcps-rxvm-candidate-recorded-9,stdout,5,        Averaged: 500 x 100 iterations of 1000 clauses (over 1.0 s)
timing-RexxCPS-rexxcps-rxvm-candidate-recorded-9,stdout,6,REXXCPS-EFFECTIVE contract=canonical-default initial_count=100 effective_count=500 averaging=100 calibrated=1
timing-RexxCPS-rexxcps-rxvm-candidate-recorded-9,stdout,7,
timing-RexxCPS-rexxcps-rxvm-candidate-recorded-9,stdout,8,     Performance: 48180140 cREXX clauses per second
timing-RexxCPS-rexxcps-rxvm-candidate-recorded-9,stdout,9,
timing-RexxCPS-rexxcps-rxvm-candidate-recorded-9,stdout,10,PASS: RexxCPS 2.2d cREXX port
timing-RexxCPS-rexxcps-rxbvm-control-recorded-9,stdout,1,----- REXXCPS 2.2d -- Measuring cREXX clauses/second -----
timing-RexxCPS-rexxcps-rxbvm-control-recorded-9,stdout,2, cREXX version is: macOS 64 crexx-1.0.0-beta.3+local.g4813e98d1dca 20260805
timing-RexxCPS-rexxcps-rxbvm-control-recorded-9,stdout,3,       System is: macOS
timing-RexxCPS-rexxcps-rxbvm-control-recorded-9,stdout,4,REXXCPS-PROVENANCE contract=canonical-default argv_count=0 initial_count=100 averaging=100
timing-RexxCPS-rexxcps-rxbvm-control-recorded-9,stdout,5,        Averaged: 500 x 100 iterations of 1000 clauses (over 1.1 s)
timing-RexxCPS-rexxcps-rxbvm-control-recorded-9,stdout,6,REXXCPS-EFFECTIVE contract=canonical-default initial_count=100 effective_count=500 averaging=100 calibrated=1
timing-RexxCPS-rexxcps-rxbvm-control-recorded-9,stdout,7,
timing-RexxCPS-rexxcps-rxbvm-control-recorded-9,stdout,8,     Performance: 46991465 cREXX clauses per second
timing-RexxCPS-rexxcps-rxbvm-control-recorded-9,stdout,9,
timing-RexxCPS-rexxcps-rxbvm-control-recorded-9,stdout,10,PASS: RexxCPS 2.2d cREXX port
timing-RexxCPS-rexxcps-rxbvm-candidate-recorded-9,stdout,1,----- REXXCPS 2.2d -- Measuring cREXX clauses/second -----
timing-RexxCPS-rexxcps-rxbvm-candidate-recorded-9,stdout,2, cREXX version is: macOS 64 crexx-1.0.0-beta.3+local.g3471a1d4e286.dirty 20260806
timing-RexxCPS-rexxcps-rxbvm-candidate-recorded-9,stdout,3,       System is: macOS
timing-RexxCPS-rexxcps-rxbvm-candidate-recorded-9,stdout,4,REXXCPS-PROVENANCE contract=canonical-default argv_count=0 initial_count=100 averaging=100
timing-RexxCPS-rexxcps-rxbvm-candidate-recorded-9,stdout,5,        Averaged: 500 x 100 iterations of 1000 clauses (over 1.0 s)
timing-RexxCPS-rexxcps-rxbvm-candidate-recorded-9,stdout,6,REXXCPS-EFFECTIVE contract=canonical-default initial_count=100 effective_count=500 averaging=100 calibrated=1
timing-RexxCPS-rexxcps-rxbvm-candidate-recorded-9,stdout,7,
timing-RexxCPS-rexxcps-rxbvm-candidate-recorded-9,stdout,8,     Performance: 49260016 cREXX clauses per second
timing-RexxCPS-rexxcps-rxbvm-candidate-recorded-9,stdout,9,
timing-RexxCPS-rexxcps-rxbvm-candidate-recorded-9,stdout,10,PASS: RexxCPS 2.2d cREXX port
timing-RexxCPS-rexxcps-rxbvm-candidate-recorded-10,stdout,1,----- REXXCPS 2.2d -- Measuring cREXX clauses/second -----
timing-RexxCPS-rexxcps-rxbvm-candidate-recorded-10,stdout,2, cREXX version is: macOS 64 crexx-1.0.0-beta.3+local.g3471a1d4e286.dirty 20260806
timing-RexxCPS-rexxcps-rxbvm-candidate-recorded-10,stdout,3,       System is: macOS
timing-RexxCPS-rexxcps-rxbvm-candidate-recorded-10,stdout,4,REXXCPS-PROVENANCE contract=canonical-default argv_count=0 initial_count=100 averaging=100
timing-RexxCPS-rexxcps-rxbvm-candidate-recorded-10,stdout,5,        Averaged: 500 x 100 iterations of 1000 clauses (over 1.0 s)
timing-RexxCPS-rexxcps-rxbvm-candidate-recorded-10,stdout,6,REXXCPS-EFFECTIVE contract=canonical-default initial_count=100 effective_count=500 averaging=100 calibrated=1
timing-RexxCPS-rexxcps-rxbvm-candidate-recorded-10,stdout,7,
timing-RexxCPS-rexxcps-rxbvm-candidate-recorded-10,stdout,8,     Performance: 49271618 cREXX clauses per second
timing-RexxCPS-rexxcps-rxbvm-candidate-recorded-10,stdout,9,
timing-RexxCPS-rexxcps-rxbvm-candidate-recorded-10,stdout,10,PASS: RexxCPS 2.2d cREXX port
timing-RexxCPS-rexxcps-rxbvm-control-recorded-10,stdout,1,----- REXXCPS 2.2d -- Measuring cREXX clauses/second -----
timing-RexxCPS-rexxcps-rxbvm-control-recorded-10,stdout,2, cREXX version is: macOS 64 crexx-1.0.0-beta.3+local.g4813e98d1dca 20260805
timing-RexxCPS-rexxcps-rxbvm-control-recorded-10,stdout,3,       System is: macOS
timing-RexxCPS-rexxcps-rxbvm-control-recorded-10,stdout,4,REXXCPS-PROVENANCE contract=canonical-default argv_count=0 initial_count=100 averaging=100
timing-RexxCPS-rexxcps-rxbvm-control-recorded-10,stdout,5,        Averaged: 500 x 100 iterations of 1000 clauses (over 1.1 s)
timing-RexxCPS-rexxcps-rxbvm-control-recorded-10,stdout,6,REXXCPS-EFFECTIVE contract=canonical-default initial_count=100 effective_count=500 averaging=100 calibrated=1
timing-RexxCPS-rexxcps-rxbvm-control-recorded-10,stdout,7,
timing-RexxCPS-rexxcps-rxbvm-control-recorded-10,stdout,8,     Performance: 46946197 cREXX clauses per second
timing-RexxCPS-rexxcps-rxbvm-control-recorded-10,stdout,9,
timing-RexxCPS-rexxcps-rxbvm-control-recorded-10,stdout,10,PASS: RexxCPS 2.2d cREXX port
timing-RexxCPS-rexxcps-rxvm-candidate-recorded-10,stdout,1,----- REXXCPS 2.2d -- Measuring cREXX clauses/second -----
timing-RexxCPS-rexxcps-rxvm-candidate-recorded-10,stdout,2, cREXX version is: macOS 64 crexx-1.0.0-beta.3+local.g3471a1d4e286.dirty 20260806
timing-RexxCPS-rexxcps-rxvm-candidate-recorded-10,stdout,3,       System is: macOS
timing-RexxCPS-rexxcps-rxvm-candidate-recorded-10,stdout,4,REXXCPS-PROVENANCE contract=canonical-default argv_count=0 initial_count=100 averaging=100
timing-RexxCPS-rexxcps-rxvm-candidate-recorded-10,stdout,5,        Averaged: 500 x 100 iterations of 1000 clauses (over 1.0 s)
timing-RexxCPS-rexxcps-rxvm-candidate-recorded-10,stdout,6,REXXCPS-EFFECTIVE contract=canonical-default initial_count=100 effective_count=500 averaging=100 calibrated=1
timing-RexxCPS-rexxcps-rxvm-candidate-recorded-10,stdout,7,
timing-RexxCPS-rexxcps-rxvm-candidate-recorded-10,stdout,8,     Performance: 48413021 cREXX clauses per second
timing-RexxCPS-rexxcps-rxvm-candidate-recorded-10,stdout,9,
timing-RexxCPS-rexxcps-rxvm-candidate-recorded-10,stdout,10,PASS: RexxCPS 2.2d cREXX port
timing-RexxCPS-rexxcps-rxvm-control-recorded-10,stdout,1,----- REXXCPS 2.2d -- Measuring cREXX clauses/second -----
timing-RexxCPS-rexxcps-rxvm-control-recorded-10,stdout,2, cREXX version is: macOS 64 crexx-1.0.0-beta.3+local.g4813e98d1dca 20260805
timing-RexxCPS-rexxcps-rxvm-control-recorded-10,stdout,3,       System is: macOS
timing-RexxCPS-rexxcps-rxvm-control-recorded-10,stdout,4,REXXCPS-PROVENANCE contract=canonical-default argv_count=0 initial_count=100 averaging=100
timing-RexxCPS-rexxcps-rxvm-control-recorded-10,stdout,5,        Averaged: 500 x 100 iterations of 1000 clauses (over 1.1 s)
timing-RexxCPS-rexxcps-rxvm-control-recorded-10,stdout,6,REXXCPS-EFFECTIVE contract=canonical-default initial_count=100 effective_count=500 averaging=100 calibrated=1
timing-RexxCPS-rexxcps-rxvm-control-recorded-10,stdout,7,
timing-RexxCPS-rexxcps-rxvm-control-recorded-10,stdout,8,     Performance: 46360084 cREXX clauses per second
timing-RexxCPS-rexxcps-rxvm-control-recorded-10,stdout,9,
timing-RexxCPS-rexxcps-rxvm-control-recorded-10,stdout,10,PASS: RexxCPS 2.2d cREXX port
timing-RexxCPS-rexxcps-rxbvm-control-recorded-11,stdout,1,----- REXXCPS 2.2d -- Measuring cREXX clauses/second -----
timing-RexxCPS-rexxcps-rxbvm-control-recorded-11,stdout,2, cREXX version is: macOS 64 crexx-1.0.0-beta.3+local.g4813e98d1dca 20260805
timing-RexxCPS-rexxcps-rxbvm-control-recorded-11,stdout,3,       System is: macOS
timing-RexxCPS-rexxcps-rxbvm-control-recorded-11,stdout,4,REXXCPS-PROVENANCE contract=canonical-default argv_count=0 initial_count=100 averaging=100
timing-RexxCPS-rexxcps-rxbvm-control-recorded-11,stdout,5,        Averaged: 500 x 100 iterations of 1000 clauses (over 1.1 s)
timing-RexxCPS-rexxcps-rxbvm-control-recorded-11,stdout,6,REXXCPS-EFFECTIVE contract=canonical-default initial_count=100 effective_count=500 averaging=100 calibrated=1
timing-RexxCPS-rexxcps-rxbvm-control-recorded-11,stdout,7,
timing-RexxCPS-rexxcps-rxbvm-control-recorded-11,stdout,8,     Performance: 47167275 cREXX clauses per second
timing-RexxCPS-rexxcps-rxbvm-control-recorded-11,stdout,9,
timing-RexxCPS-rexxcps-rxbvm-control-recorded-11,stdout,10,PASS: RexxCPS 2.2d cREXX port
timing-RexxCPS-rexxcps-rxbvm-candidate-recorded-11,stdout,1,----- REXXCPS 2.2d -- Measuring cREXX clauses/second -----
timing-RexxCPS-rexxcps-rxbvm-candidate-recorded-11,stdout,2, cREXX version is: macOS 64 crexx-1.0.0-beta.3+local.g3471a1d4e286.dirty 20260806
timing-RexxCPS-rexxcps-rxbvm-candidate-recorded-11,stdout,3,       System is: macOS
timing-RexxCPS-rexxcps-rxbvm-candidate-recorded-11,stdout,4,REXXCPS-PROVENANCE contract=canonical-default argv_count=0 initial_count=100 averaging=100
timing-RexxCPS-rexxcps-rxbvm-candidate-recorded-11,stdout,5,        Averaged: 500 x 100 iterations of 1000 clauses (over 1.0 s)
timing-RexxCPS-rexxcps-rxbvm-candidate-recorded-11,stdout,6,REXXCPS-EFFECTIVE contract=canonical-default initial_count=100 effective_count=500 averaging=100 calibrated=1
timing-RexxCPS-rexxcps-rxbvm-candidate-recorded-11,stdout,7,
timing-RexxCPS-rexxcps-rxbvm-candidate-recorded-11,stdout,8,     Performance: 49848510 cREXX clauses per second
timing-RexxCPS-rexxcps-rxbvm-candidate-recorded-11,stdout,9,
timing-RexxCPS-rexxcps-rxbvm-candidate-recorded-11,stdout,10,PASS: RexxCPS 2.2d cREXX port
timing-RexxCPS-rexxcps-rxvm-control-recorded-11,stdout,1,----- REXXCPS 2.2d -- Measuring cREXX clauses/second -----
timing-RexxCPS-rexxcps-rxvm-control-recorded-11,stdout,2, cREXX version is: macOS 64 crexx-1.0.0-beta.3+local.g4813e98d1dca 20260805
timing-RexxCPS-rexxcps-rxvm-control-recorded-11,stdout,3,       System is: macOS
timing-RexxCPS-rexxcps-rxvm-control-recorded-11,stdout,4,REXXCPS-PROVENANCE contract=canonical-default argv_count=0 initial_count=100 averaging=100
timing-RexxCPS-rexxcps-rxvm-control-recorded-11,stdout,5,        Averaged: 500 x 100 iterations of 1000 clauses (over 1.1 s)
timing-RexxCPS-rexxcps-rxvm-control-recorded-11,stdout,6,REXXCPS-EFFECTIVE contract=canonical-default initial_count=100 effective_count=500 averaging=100 calibrated=1
timing-RexxCPS-rexxcps-rxvm-control-recorded-11,stdout,7,
timing-RexxCPS-rexxcps-rxvm-control-recorded-11,stdout,8,     Performance: 44924639 cREXX clauses per second
timing-RexxCPS-rexxcps-rxvm-control-recorded-11,stdout,9,
timing-RexxCPS-rexxcps-rxvm-control-recorded-11,stdout,10,PASS: RexxCPS 2.2d cREXX port
timing-RexxCPS-rexxcps-rxvm-candidate-recorded-11,stdout,1,----- REXXCPS 2.2d -- Measuring cREXX clauses/second -----
timing-RexxCPS-rexxcps-rxvm-candidate-recorded-11,stdout,2, cREXX version is: macOS 64 crexx-1.0.0-beta.3+local.g3471a1d4e286.dirty 20260806
timing-RexxCPS-rexxcps-rxvm-candidate-recorded-11,stdout,3,       System is: macOS
timing-RexxCPS-rexxcps-rxvm-candidate-recorded-11,stdout,4,REXXCPS-PROVENANCE contract=canonical-default argv_count=0 initial_count=100 averaging=100
timing-RexxCPS-rexxcps-rxvm-candidate-recorded-11,stdout,5,        Averaged: 500 x 100 iterations of 1000 clauses (over 1.1 s)
timing-RexxCPS-rexxcps-rxvm-candidate-recorded-11,stdout,6,REXXCPS-EFFECTIVE contract=canonical-default initial_count=100 effective_count=500 averaging=100 calibrated=1
timing-RexxCPS-rexxcps-rxvm-candidate-recorded-11,stdout,7,
timing-RexxCPS-rexxcps-rxvm-candidate-recorded-11,stdout,8,     Performance: 47613153 cREXX clauses per second
timing-RexxCPS-rexxcps-rxvm-candidate-recorded-11,stdout,9,
timing-RexxCPS-rexxcps-rxvm-candidate-recorded-11,stdout,10,PASS: RexxCPS 2.2d cREXX port
timing-RexxCPS-rexxcps-rxvm-candidate-recorded-12,stdout,1,----- REXXCPS 2.2d -- Measuring cREXX clauses/second -----
timing-RexxCPS-rexxcps-rxvm-candidate-recorded-12,stdout,2, cREXX version is: macOS 64 crexx-1.0.0-beta.3+local.g3471a1d4e286.dirty 20260806
timing-RexxCPS-rexxcps-rxvm-candidate-recorded-12,stdout,3,       System is: macOS
timing-RexxCPS-rexxcps-rxvm-candidate-recorded-12,stdout,4,REXXCPS-PROVENANCE contract=canonical-default argv_count=0 initial_count=100 averaging=100
timing-RexxCPS-rexxcps-rxvm-candidate-recorded-12,stdout,5,        Averaged: 500 x 100 iterations of 1000 clauses (over 1.1 s)
timing-RexxCPS-rexxcps-rxvm-candidate-recorded-12,stdout,6,REXXCPS-EFFECTIVE contract=canonical-default initial_count=100 effective_count=500 averaging=100 calibrated=1
timing-RexxCPS-rexxcps-rxvm-candidate-recorded-12,stdout,7,
timing-RexxCPS-rexxcps-rxvm-candidate-recorded-12,stdout,8,     Performance: 46736310 cREXX clauses per second
timing-RexxCPS-rexxcps-rxvm-candidate-recorded-12,stdout,9,
timing-RexxCPS-rexxcps-rxvm-candidate-recorded-12,stdout,10,PASS: RexxCPS 2.2d cREXX port
timing-RexxCPS-rexxcps-rxvm-control-recorded-12,stdout,1,----- REXXCPS 2.2d -- Measuring cREXX clauses/second -----
timing-RexxCPS-rexxcps-rxvm-control-recorded-12,stdout,2, cREXX version is: macOS 64 crexx-1.0.0-beta.3+local.g4813e98d1dca 20260805
timing-RexxCPS-rexxcps-rxvm-control-recorded-12,stdout,3,       System is: macOS
timing-RexxCPS-rexxcps-rxvm-control-recorded-12,stdout,4,REXXCPS-PROVENANCE contract=canonical-default argv_count=0 initial_count=100 averaging=100
timing-RexxCPS-rexxcps-rxvm-control-recorded-12,stdout,5,        Averaged: 500 x 100 iterations of 1000 clauses (over 1.1 s)
timing-RexxCPS-rexxcps-rxvm-control-recorded-12,stdout,6,REXXCPS-EFFECTIVE contract=canonical-default initial_count=100 effective_count=500 averaging=100 calibrated=1
timing-RexxCPS-rexxcps-rxvm-control-recorded-12,stdout,7,
timing-RexxCPS-rexxcps-rxvm-control-recorded-12,stdout,8,     Performance: 45822584 cREXX clauses per second
timing-RexxCPS-rexxcps-rxvm-control-recorded-12,stdout,9,
timing-RexxCPS-rexxcps-rxvm-control-recorded-12,stdout,10,PASS: RexxCPS 2.2d cREXX port
timing-RexxCPS-rexxcps-rxbvm-candidate-recorded-12,stdout,1,----- REXXCPS 2.2d -- Measuring cREXX clauses/second -----
timing-RexxCPS-rexxcps-rxbvm-candidate-recorded-12,stdout,2, cREXX version is: macOS 64 crexx-1.0.0-beta.3+local.g3471a1d4e286.dirty 20260806
timing-RexxCPS-rexxcps-rxbvm-candidate-recorded-12,stdout,3,       System is: macOS
timing-RexxCPS-rexxcps-rxbvm-candidate-recorded-12,stdout,4,REXXCPS-PROVENANCE contract=canonical-default argv_count=0 initial_count=100 averaging=100
timing-RexxCPS-rexxcps-rxbvm-candidate-recorded-12,stdout,5,        Averaged: 500 x 100 iterations of 1000 clauses (over 1.0 s)
timing-RexxCPS-rexxcps-rxbvm-candidate-recorded-12,stdout,6,REXXCPS-EFFECTIVE contract=canonical-default initial_count=100 effective_count=500 averaging=100 calibrated=1
timing-RexxCPS-rexxcps-rxbvm-candidate-recorded-12,stdout,7,
timing-RexxCPS-rexxcps-rxbvm-candidate-recorded-12,stdout,8,     Performance: 48101344 cREXX clauses per second
timing-RexxCPS-rexxcps-rxbvm-candidate-recorded-12,stdout,9,
timing-RexxCPS-rexxcps-rxbvm-candidate-recorded-12,stdout,10,PASS: RexxCPS 2.2d cREXX port
timing-RexxCPS-rexxcps-rxbvm-control-recorded-12,stdout,1,----- REXXCPS 2.2d -- Measuring cREXX clauses/second -----
timing-RexxCPS-rexxcps-rxbvm-control-recorded-12,stdout,2, cREXX version is: macOS 64 crexx-1.0.0-beta.3+local.g4813e98d1dca 20260805
timing-RexxCPS-rexxcps-rxbvm-control-recorded-12,stdout,3,       System is: macOS
timing-RexxCPS-rexxcps-rxbvm-control-recorded-12,stdout,4,REXXCPS-PROVENANCE contract=canonical-default argv_count=0 initial_count=100 averaging=100
timing-RexxCPS-rexxcps-rxbvm-control-recorded-12,stdout,5,        Averaged: 500 x 100 iterations of 1000 clauses (over 1.0 s)
timing-RexxCPS-rexxcps-rxbvm-control-recorded-12,stdout,6,REXXCPS-EFFECTIVE contract=canonical-default initial_count=100 effective_count=500 averaging=100 calibrated=1
timing-RexxCPS-rexxcps-rxbvm-control-recorded-12,stdout,7,
timing-RexxCPS-rexxcps-rxbvm-control-recorded-12,stdout,8,     Performance: 47687127 cREXX clauses per second
timing-RexxCPS-rexxcps-rxbvm-control-recorded-12,stdout,9,
timing-RexxCPS-rexxcps-rxbvm-control-recorded-12,stdout,10,PASS: RexxCPS 2.2d cREXX port
