2026-09-15T21:21:40.1007890Z Current runner version: '2.337.0'
2026-09-15T21:21:40.1024010Z ##[group]Runner Image Provisioner
2026-09-15T21:21:40.1024620Z Hosted Compute Agent
2026-09-15T21:21:40.1025040Z Version: 20260828.587
2026-09-15T21:21:40.1025520Z Commit: abac92662cab4cc7352de4f9f9d2e2419aad9c29
2026-09-15T21:21:40.1026050Z Build Date: 2026-08-28T16:44:25Z
2026-09-15T21:21:40.1026570Z Worker ID: {b7bb6215-2a11-4f8f-88bd-c0ded0bd6353}
2026-09-15T21:21:40.1027110Z Azure Region: westus
2026-09-15T21:21:40.1027550Z ##[endgroup]
2026-09-15T21:21:40.1028480Z ##[group]Operating System
2026-09-15T21:21:40.1028940Z macOS
2026-09-15T21:21:40.1029320Z 15.7.9
2026-09-15T21:21:40.1029720Z 24G830
2026-09-15T21:21:40.1030130Z ##[endgroup]
2026-09-15T21:21:40.1030530Z ##[group]Runner Image
2026-09-15T21:21:40.1030970Z Image: macos-15-arm64
2026-09-15T21:21:40.1031400Z Version: 20260907.0337.1
2026-09-15T21:21:40.1032290Z Included Software: https://github.com/actions/runner-images/blob/macos-15-arm64/20260907.0337/images/macos/macos-15-arm64-Readme.md
2026-09-15T21:21:40.1033380Z Image Release: https://github.com/actions/runner-images/releases/tag/macos-15-arm64%2F20260907.0337
2026-09-15T21:21:40.1034080Z ##[endgroup]
2026-09-15T21:21:40.1034870Z ##[group]GITHUB_TOKEN Permissions
2026-09-15T21:21:40.1036070Z Contents: read
2026-09-15T21:21:40.1036500Z Metadata: read
2026-09-15T21:21:40.1036910Z ##[endgroup]
2026-09-15T21:21:40.1038350Z Secret source: Actions
2026-09-15T21:21:40.1039020Z Cache mode: write
2026-09-15T21:21:40.1039520Z Prepare workflow directory
2026-09-15T21:21:40.1366550Z Prepare all required actions
2026-09-15T21:21:40.1404140Z Getting action download info
2026-09-15T21:21:40.4327470Z Download action repository 'actions/checkout@v5' (SHA:fbc6f3992d24b796d5a048ff273f7fcc4a7b6c09)
2026-09-15T21:21:41.1193230Z Download action repository 'actions/setup-python@v6' (SHA:ece7cb06caefa5fff74198d8649806c4678c61a1)
2026-09-15T21:21:41.2421400Z Download action repository 'ilammy/msvc-dev-cmd@v1' (SHA:0b201ec74fa43914dc39ae48a89fd1d8cb592756)
2026-09-15T21:21:41.8568350Z Download action repository 'actions/upload-artifact@v7' (SHA:043fb46d1a93c77aae656e7c1c64a875d1fc6a0a)
2026-09-15T21:21:42.0349410Z Complete job name: Core macos-arm64
2026-09-15T21:21:42.1062590Z ##[group]Run actions/checkout@v5
2026-09-15T21:21:42.1063500Z with:
2026-09-15T21:21:42.1064080Z   submodules: recursive
2026-09-15T21:21:42.1064820Z   ref: 21666b6bcf0c5a14986652ef0b0a76bddc43611b
2026-09-15T21:21:42.1066000Z   repository: adesutherland/CREXX
2026-09-15T21:21:42.1070160Z   token: ***
2026-09-15T21:21:42.1070780Z   ssh-strict: true
2026-09-15T21:21:42.1071350Z   ssh-user: git
2026-09-15T21:21:42.1071990Z   persist-credentials: true
2026-09-15T21:21:42.1072640Z   clean: true
2026-09-15T21:21:42.1073300Z   sparse-checkout-cone-mode: true
2026-09-15T21:21:42.1073990Z   fetch-depth: 1
2026-09-15T21:21:42.1074580Z   fetch-tags: false
2026-09-15T21:21:42.1075200Z   show-progress: true
2026-09-15T21:21:42.1077940Z   lfs: false
2026-09-15T21:21:42.1079440Z   set-safe-directory: true
2026-09-15T21:21:42.1080200Z   allow-unsafe-pr-checkout: false
2026-09-15T21:21:42.1083550Z ##[endgroup]
2026-09-15T21:21:42.4797890Z Syncing repository: adesutherland/CREXX
2026-09-15T21:21:42.4800290Z ##[group]Getting Git version info
2026-09-15T21:21:42.4801060Z Working directory is '/Users/runner/work/CREXX/CREXX'
2026-09-15T21:21:42.4802490Z [command]/opt/homebrew/bin/git version
2026-09-15T21:21:42.5379140Z git version 2.55.0
2026-09-15T21:21:42.5391990Z ##[endgroup]
2026-09-15T21:21:42.5404530Z Copying '/Users/runner/.gitconfig' to '/Users/runner/work/_temp/5c7a0058-ea7c-4975-a3d5-92873135de85/.gitconfig'
2026-09-15T21:21:42.5408820Z Temporarily overriding HOME='/Users/runner/work/_temp/5c7a0058-ea7c-4975-a3d5-92873135de85' before making global git config changes
2026-09-15T21:21:42.5412780Z Adding repository directory to the temporary git global config as a safe directory
2026-09-15T21:21:42.5416370Z [command]/opt/homebrew/bin/git config --global --add safe.directory /Users/runner/work/CREXX/CREXX
2026-09-15T21:21:42.5592280Z Deleting the contents of '/Users/runner/work/CREXX/CREXX'
2026-09-15T21:21:42.5597710Z ##[group]Initializing the repository
2026-09-15T21:21:42.5606680Z [command]/opt/homebrew/bin/git init /Users/runner/work/CREXX/CREXX
2026-09-15T21:21:42.5885580Z hint: Using 'master' as the name for the initial branch. This default branch name
2026-09-15T21:21:42.5890050Z hint: will change to "main" in Git 3.0. To configure the initial branch name
2026-09-15T21:21:42.5892910Z hint: to use in all of your new repositories, which will suppress this warning,
2026-09-15T21:21:42.5895120Z hint: call:
2026-09-15T21:21:42.5896430Z hint:
2026-09-15T21:21:42.5898260Z hint: 	git config --global init.defaultBranch <name>
2026-09-15T21:21:42.5900220Z hint:
2026-09-15T21:21:42.5902110Z hint: Names commonly chosen instead of 'master' are 'main', 'trunk' and
2026-09-15T21:21:42.5904890Z hint: 'development'. The just-created branch can be renamed via this command:
2026-09-15T21:21:42.5907060Z hint:
2026-09-15T21:21:42.5908490Z hint: 	git branch -m <name>
2026-09-15T21:21:42.5910030Z hint:
2026-09-15T21:21:42.5912320Z hint: Disable this message with "git config set advice.defaultBranchName false"
2026-09-15T21:21:42.5915240Z Initialized empty Git repository in /Users/runner/work/CREXX/CREXX/.git/
2026-09-15T21:21:42.5920260Z [command]/opt/homebrew/bin/git remote add origin https://github.com/adesutherland/CREXX
2026-09-15T21:21:42.6008180Z ##[endgroup]
2026-09-15T21:21:42.6009410Z ##[group]Disabling automatic garbage collection
2026-09-15T21:21:42.6010370Z [command]/opt/homebrew/bin/git config --local gc.auto 0
2026-09-15T21:21:42.6073040Z ##[endgroup]
2026-09-15T21:21:42.6075480Z ##[group]Setting up auth
2026-09-15T21:21:42.6078260Z [command]/opt/homebrew/bin/git config --local --name-only --get-regexp core\.sshCommand
2026-09-15T21:21:42.6144030Z [command]/opt/homebrew/bin/git submodule foreach --recursive sh -c "git config --local --name-only --get-regexp 'core\.sshCommand' && git config --local --unset-all 'core.sshCommand' || :"
2026-09-15T21:21:42.7100490Z [command]/opt/homebrew/bin/git config --local --name-only --get-regexp http\.https\:\/\/github\.com\/\.extraheader
2026-09-15T21:21:42.7173700Z [command]/opt/homebrew/bin/git submodule foreach --recursive sh -c "git config --local --name-only --get-regexp 'http\.https\:\/\/github\.com\/\.extraheader' && git config --local --unset-all 'http.https://github.com/.extraheader' || :"
2026-09-15T21:21:42.8026220Z [command]/opt/homebrew/bin/git config --local --name-only --get-regexp ^includeIf\.gitdir:
2026-09-15T21:21:42.8088790Z [command]/opt/homebrew/bin/git submodule foreach --recursive git config --local --show-origin --name-only --get-regexp remote.origin.url
2026-09-15T21:21:43.0114790Z [command]/opt/homebrew/bin/git config --local http.https://github.com/.extraheader AUTHORIZATION: basic ***
2026-09-15T21:21:43.0458310Z ##[endgroup]
2026-09-15T21:21:43.0462160Z ##[group]Fetching the repository
2026-09-15T21:21:43.0464570Z [command]/opt/homebrew/bin/git -c protocol.version=2 fetch --no-tags --prune --no-recurse-submodules --depth=1 origin 21666b6bcf0c5a14986652ef0b0a76bddc43611b
2026-09-15T21:21:51.3967400Z From https://github.com/adesutherland/CREXX
2026-09-15T21:21:51.3971360Z  * branch              21666b6bcf0c5a14986652ef0b0a76bddc43611b -> FETCH_HEAD
2026-09-15T21:21:51.4011610Z ##[endgroup]
2026-09-15T21:21:51.4015350Z ##[group]Determining the checkout info
2026-09-15T21:21:51.4026320Z ##[endgroup]
2026-09-15T21:21:51.4027080Z [command]/opt/homebrew/bin/git sparse-checkout disable
2026-09-15T21:21:51.4139970Z [command]/opt/homebrew/bin/git config --local --unset-all extensions.worktreeConfig
2026-09-15T21:21:51.4208260Z ##[group]Checking out the ref
2026-09-15T21:21:51.4238610Z [command]/opt/homebrew/bin/git checkout --progress --force 21666b6bcf0c5a14986652ef0b0a76bddc43611b
2026-09-15T21:21:52.6117750Z Updating files:  18% (6948/38396)
2026-09-15T21:21:52.6966430Z Updating files:  19% (7296/38396)
2026-09-15T21:21:52.7388500Z Updating files:  20% (7680/38396)
2026-09-15T21:21:52.7857650Z Updating files:  21% (8064/38396)
2026-09-15T21:21:52.8221850Z Updating files:  22% (8448/38396)
2026-09-15T21:21:52.8627280Z Updating files:  23% (8832/38396)
2026-09-15T21:21:52.9047510Z Updating files:  24% (9216/38396)
2026-09-15T21:21:52.9472940Z Updating files:  25% (9599/38396)
2026-09-15T21:21:52.9862170Z Updating files:  26% (9983/38396)
2026-09-15T21:21:53.0289890Z Updating files:  27% (10367/38396)
2026-09-15T21:21:53.0784710Z Updating files:  28% (10751/38396)
2026-09-15T21:21:53.1139920Z Updating files:  29% (11135/38396)
2026-09-15T21:21:53.1534200Z Updating files:  30% (11519/38396)
2026-09-15T21:21:53.1918420Z Updating files:  31% (11903/38396)
2026-09-15T21:21:53.2308910Z Updating files:  32% (12287/38396)
2026-09-15T21:21:53.2720210Z Updating files:  33% (12671/38396)
2026-09-15T21:21:53.3073620Z Updating files:  34% (13055/38396)
2026-09-15T21:21:53.3506580Z Updating files:  35% (13439/38396)
2026-09-15T21:21:53.4294800Z Updating files:  36% (13823/38396)
2026-09-15T21:21:53.4744350Z Updating files:  37% (14207/38396)
2026-09-15T21:21:53.4903830Z Updating files:  37% (14474/38396)
2026-09-15T21:21:53.5735250Z Updating files:  38% (14591/38396)
2026-09-15T21:21:53.6345400Z Updating files:  39% (14975/38396)
2026-09-15T21:21:53.8067070Z Updating files:  40% (15359/38396)
2026-09-15T21:21:53.9668780Z Updating files:  41% (15743/38396)
2026-09-15T21:21:54.0224250Z Updating files:  42% (16127/38396)
2026-09-15T21:21:54.0804300Z Updating files:  43% (16511/38396)
2026-09-15T21:21:54.1273750Z Updating files:  44% (16895/38396)
2026-09-15T21:21:54.1829300Z Updating files:  45% (17279/38396)
2026-09-15T21:21:54.2481770Z Updating files:  46% (17663/38396)
2026-09-15T21:21:54.2884690Z Updating files:  47% (18047/38396)
2026-09-15T21:21:54.3386470Z Updating files:  48% (18431/38396)
2026-09-15T21:21:54.4715500Z Updating files:  49% (18815/38396)
2026-09-15T21:21:54.4798740Z Updating files:  49% (19135/38396)
2026-09-15T21:21:54.5202910Z Updating files:  50% (19198/38396)
2026-09-15T21:21:54.5744580Z Updating files:  51% (19582/38396)
2026-09-15T21:21:54.6172040Z Updating files:  52% (19966/38396)
2026-09-15T21:21:54.6668050Z Updating files:  53% (20350/38396)
2026-09-15T21:21:54.7119910Z Updating files:  54% (20734/38396)
2026-09-15T21:21:54.7474300Z Updating files:  55% (21118/38396)
2026-09-15T21:21:54.8067960Z Updating files:  56% (21502/38396)
2026-09-15T21:21:54.8415410Z Updating files:  57% (21886/38396)
2026-09-15T21:21:54.8752820Z Updating files:  58% (22270/38396)
2026-09-15T21:21:54.9119700Z Updating files:  59% (22654/38396)
2026-09-15T21:21:54.9542680Z Updating files:  60% (23038/38396)
2026-09-15T21:21:54.9912060Z Updating files:  61% (23422/38396)
2026-09-15T21:21:55.0416580Z Updating files:  62% (23806/38396)
2026-09-15T21:21:55.0792520Z Updating files:  63% (24190/38396)
2026-09-15T21:21:55.1816430Z Updating files:  64% (24574/38396)
2026-09-15T21:21:55.2328640Z Updating files:  65% (24958/38396)
2026-09-15T21:21:55.4552180Z Updating files:  66% (25342/38396)
2026-09-15T21:21:55.5372140Z Updating files:  67% (25726/38396)
2026-09-15T21:21:55.5781110Z Updating files:  67% (25759/38396)
2026-09-15T21:21:55.6333540Z Updating files:  68% (26110/38396)
2026-09-15T21:21:55.6847040Z Updating files:  69% (26494/38396)
2026-09-15T21:21:55.7317420Z Updating files:  70% (26878/38396)
2026-09-15T21:21:55.7777610Z Updating files:  71% (27262/38396)
2026-09-15T21:21:55.8277050Z Updating files:  72% (27646/38396)
2026-09-15T21:21:55.8772740Z Updating files:  73% (28030/38396)
2026-09-15T21:21:55.9394270Z Updating files:  74% (28414/38396)
2026-09-15T21:21:55.9890910Z Updating files:  75% (28797/38396)
2026-09-15T21:21:56.0291040Z Updating files:  76% (29181/38396)
2026-09-15T21:21:56.0656770Z Updating files:  77% (29565/38396)
2026-09-15T21:21:56.1235560Z Updating files:  78% (29949/38396)
2026-09-15T21:21:56.1750270Z Updating files:  79% (30333/38396)
2026-09-15T21:21:56.2454510Z Updating files:  80% (30717/38396)
2026-09-15T21:21:56.3044930Z Updating files:  81% (31101/38396)
2026-09-15T21:21:56.3725980Z Updating files:  82% (31485/38396)
2026-09-15T21:21:56.4220490Z Updating files:  83% (31869/38396)
2026-09-15T21:21:56.4632100Z Updating files:  84% (32253/38396)
2026-09-15T21:21:56.4737410Z Updating files:  85% (32637/38396)
2026-09-15T21:21:56.5035860Z Updating files:  85% (32754/38396)
2026-09-15T21:21:56.5470460Z Updating files:  86% (33021/38396)
2026-09-15T21:21:56.6404580Z Updating files:  87% (33405/38396)
2026-09-15T21:21:56.7042830Z Updating files:  88% (33789/38396)
2026-09-15T21:21:56.7628820Z Updating files:  89% (34173/38396)
2026-09-15T21:21:56.8008660Z Updating files:  90% (34557/38396)
2026-09-15T21:21:56.8439230Z Updating files:  91% (34941/38396)
2026-09-15T21:21:56.8785900Z Updating files:  92% (35325/38396)
2026-09-15T21:21:56.9174070Z Updating files:  93% (35709/38396)
2026-09-15T21:21:56.9532060Z Updating files:  94% (36093/38396)
2026-09-15T21:21:56.9885810Z Updating files:  95% (36477/38396)
2026-09-15T21:21:57.0545660Z Updating files:  96% (36861/38396)
2026-09-15T21:21:57.0948610Z Updating files:  97% (37245/38396)
2026-09-15T21:21:57.1345210Z Updating files:  98% (37629/38396)
2026-09-15T21:21:57.2794300Z Updating files:  99% (38013/38396)
2026-09-15T21:21:57.2799080Z Updating files: 100% (38396/38396)
2026-09-15T21:21:57.2799390Z Updating files: 100% (38396/38396), done.
2026-09-15T21:21:57.3225930Z HEAD is now at 21666b6b ci: build qualified cores once and deliver separate llama plugin archives
2026-09-15T21:21:57.3303840Z ##[endgroup]
2026-09-15T21:21:57.3312180Z ##[group]Setting up auth for fetching submodules
2026-09-15T21:21:57.3315660Z [command]/opt/homebrew/bin/git config --global http.https://github.com/.extraheader AUTHORIZATION: basic ***
2026-09-15T21:21:57.3425850Z [command]/opt/homebrew/bin/git config --global --unset-all url.https://github.com/.insteadOf
2026-09-15T21:21:57.3571720Z [command]/opt/homebrew/bin/git config --global --add url.https://github.com/.insteadOf git@github.com:
2026-09-15T21:21:57.3650950Z [command]/opt/homebrew/bin/git config --global --add url.https://github.com/.insteadOf org-4367482@github.com:
2026-09-15T21:21:57.3717690Z ##[endgroup]
2026-09-15T21:21:57.3718650Z ##[group]Fetching submodules
2026-09-15T21:21:57.3723930Z [command]/opt/homebrew/bin/git submodule sync --recursive
2026-09-15T21:21:57.4736790Z [command]/opt/homebrew/bin/git -c protocol.version=2 submodule update --init --force --depth=1 --recursive
2026-09-15T21:21:57.6030110Z [command]/opt/homebrew/bin/git submodule foreach --recursive git config --local gc.auto 0
2026-09-15T21:21:57.7243420Z ##[endgroup]
2026-09-15T21:21:57.7247090Z ##[group]Persisting credentials for submodules
2026-09-15T21:21:57.7273290Z [command]/opt/homebrew/bin/git submodule foreach --recursive sh -c "git config --local --name-only --get-regexp 'url\.https\:\/\/github\.com\/\.insteadOf' && git config --local --unset-all 'url.https://github.com/.insteadOf' || :"
2026-09-15T21:21:57.8392970Z [command]/opt/homebrew/bin/git submodule foreach --recursive sh -c "git config --local 'http.https://github.com/.extraheader' 'AUTHORIZATION: basic ***' && git config --local --show-origin --name-only --get-regexp remote.origin.url"
2026-09-15T21:21:57.9672780Z [command]/opt/homebrew/bin/git submodule foreach --recursive git config --local --add 'url.https://github.com/.insteadOf' 'git@github.com:'
2026-09-15T21:21:58.0964270Z [command]/opt/homebrew/bin/git submodule foreach --recursive git config --local --add 'url.https://github.com/.insteadOf' 'org-4367482@github.com:'
2026-09-15T21:21:58.2467990Z ##[endgroup]
2026-09-15T21:21:58.3745590Z [command]/opt/homebrew/bin/git log -1 --format=%H
2026-09-15T21:21:58.3746240Z 21666b6bcf0c5a14986652ef0b0a76bddc43611b
2026-09-15T21:21:58.4834080Z ##[group]Run actions/setup-python@v6
2026-09-15T21:21:58.4834340Z with:
2026-09-15T21:21:58.4834530Z   python-version: 3.12
2026-09-15T21:21:58.4834740Z   check-latest: false
2026-09-15T21:21:58.4842540Z   token: ***
2026-09-15T21:21:58.4842760Z   update-environment: true
2026-09-15T21:21:58.4842980Z   allow-prereleases: false
2026-09-15T21:21:58.4843530Z   freethreaded: false
2026-09-15T21:21:58.4843730Z ##[endgroup]
2026-09-15T21:21:58.6766610Z ##[group]Installed versions
2026-09-15T21:21:58.6854260Z Successfully set up CPython (3.12.10)
2026-09-15T21:21:58.6856600Z ##[endgroup]
2026-09-15T21:21:58.6967220Z ##[group]Run cmake -S . -G Ninja -B "/Users/runner/work/_temp/build" \
2026-09-15T21:21:58.6967780Z [36;1mcmake -S . -G Ninja -B "/Users/runner/work/_temp/build" \[0m
2026-09-15T21:21:58.6968150Z [36;1m  -DCMAKE_BUILD_TYPE=Release \[0m
2026-09-15T21:21:58.6968400Z [36;1m  -DCREXX_QA_CTEST_JOBS=5 \[0m
2026-09-15T21:21:58.6968740Z [36;1m  -DCREXX_VERSION_OVERRIDE="1.0.0-beta.3" \[0m
2026-09-15T21:21:58.6969050Z [36;1m  -DCREXX_BUILD_CHANNEL="local" \[0m
2026-09-15T21:21:58.6969420Z [36;1m  -DCREXX_BUILD_TIMESTAMP="20260915T212129Z" \[0m
2026-09-15T21:21:58.6969820Z [36;1m  -DCREXX_BUILD_COMMIT="21666b6bcf0c5a14986652ef0b0a76bddc43611b" \[0m
2026-09-15T21:21:58.6970250Z [36;1m  -DCREXX_ALLOW_NETWORK_DOWNLOADS=ON -DENABLE_LLAMA=OFF \[0m
2026-09-15T21:21:58.6970850Z [36;1m  -DCMAKE_OSX_ARCHITECTURES=arm64[0m
2026-09-15T21:21:58.7027820Z shell: /bin/bash --noprofile --norc -e -o pipefail {0}
2026-09-15T21:21:58.7028110Z env:
2026-09-15T21:21:58.7028460Z   pythonLocation: /Users/runner/hostedtoolcache/Python/3.12.10/arm64
2026-09-15T21:21:58.7028940Z   PKG_CONFIG_PATH: /Users/runner/hostedtoolcache/Python/3.12.10/arm64/lib/pkgconfig
2026-09-15T21:21:58.7029390Z   Python_ROOT_DIR: /Users/runner/hostedtoolcache/Python/3.12.10/arm64
2026-09-15T21:21:58.7029810Z   Python2_ROOT_DIR: /Users/runner/hostedtoolcache/Python/3.12.10/arm64
2026-09-15T21:21:58.7030210Z   Python3_ROOT_DIR: /Users/runner/hostedtoolcache/Python/3.12.10/arm64
2026-09-15T21:21:58.7030520Z ##[endgroup]
2026-09-15T21:22:00.9098300Z -- The C compiler identification is AppleClang 17.0.0.17000013
2026-09-15T21:22:02.0340430Z -- The CXX compiler identification is AppleClang 17.0.0.17000013
2026-09-15T21:22:02.0833310Z -- Detecting C compiler ABI info
2026-09-15T21:22:02.2587320Z -- Detecting C compiler ABI info - done
2026-09-15T21:22:02.2992130Z -- Check for working C compiler: /usr/bin/cc - skipped
2026-09-15T21:22:02.3000060Z -- Detecting C compile features
2026-09-15T21:22:02.3011510Z -- Detecting C compile features - done
2026-09-15T21:22:02.3135440Z -- Detecting CXX compiler ABI info
2026-09-15T21:22:02.4948760Z -- Detecting CXX compiler ABI info - done
2026-09-15T21:22:02.5400410Z -- Check for working CXX compiler: /usr/bin/c++ - skipped
2026-09-15T21:22:02.5406240Z -- Detecting CXX compile features
2026-09-15T21:22:02.5452320Z -- Detecting CXX compile features - done
2026-09-15T21:22:02.5541640Z -- CMake Version: 4.4.3
2026-09-15T21:22:02.5542310Z -- CREXX Version: crexx-1.0.0-beta.3+local.g21666b6bcf0c
2026-09-15T21:22:02.5542740Z -- CREXX Build Channel: local
2026-09-15T21:22:02.5543070Z -- CREXX Build Timestamp: 20260915T212129Z
2026-09-15T21:22:02.5543350Z -- CREXX Build Commit: 21666b6bcf0c
2026-09-15T21:22:02.5543730Z -- CMake Generator: Ninja
2026-09-15T21:22:02.5548440Z -- cREXX build resources: profile=developer-fast, vm-compile=4, native-link=6, backend=Ninja pools
2026-09-15T21:22:02.5622150Z -- Fetching DSL-Syntax-Highlighter develop from https://github.com/adesutherland/DSL-Syntax-Highlighter.git
2026-09-15T21:22:04.1531210Z -- Performing Test cxxflag__W
2026-09-15T21:22:04.2901930Z -- Performing Test cxxflag__W - Success
2026-09-15T21:22:04.2907310Z -- Performing Test cxxflag__Wall
2026-09-15T21:22:04.4586650Z -- Performing Test cxxflag__Wall - Success
2026-09-15T21:22:04.4590890Z -- Performing Test cxxflag__Wextra
2026-09-15T21:22:04.6155820Z -- Performing Test cxxflag__Wextra - Success
2026-09-15T21:22:04.6164790Z -- Performing Test cxxflag__Weffc__
2026-09-15T21:22:04.8465200Z -- Performing Test cxxflag__Weffc__ - Success
2026-09-15T21:22:04.8466560Z -- Performing Test cxxflag__pedantic
2026-09-15T21:22:05.0148330Z -- Performing Test cxxflag__pedantic - Success
2026-09-15T21:22:05.0152560Z -- Performing Test cxxflag__Wformat_2
2026-09-15T21:22:05.1805430Z -- Performing Test cxxflag__Wformat_2 - Success
2026-09-15T21:22:05.1810270Z -- Performing Test cxxflag__Wredundant_decls
2026-09-15T21:22:05.3391070Z -- Performing Test cxxflag__Wredundant_decls - Success
2026-09-15T21:22:05.3396550Z -- Performing Test cxxflag__Wsuggest_attribute_format
2026-09-15T21:22:05.4943600Z -- Performing Test cxxflag__Wsuggest_attribute_format - Failed
2026-09-15T21:22:05.4951100Z -- Performing Test cxxflag__Wconversion
2026-09-15T21:22:05.6468830Z -- Performing Test cxxflag__Wconversion - Success
2026-09-15T21:22:05.6473830Z -- Performing Test cxxflag__Wsign_conversion
2026-09-15T21:22:05.8198240Z -- Performing Test cxxflag__Wsign_conversion - Success
2026-09-15T21:22:05.8236150Z -- Performing Test cxxflag__Werror_return_type
2026-09-15T21:22:06.0242930Z -- Performing Test cxxflag__Werror_return_type - Success
2026-09-15T21:22:06.0246790Z -- Performing Test cxxflag__Weverything
2026-09-15T21:22:06.2080570Z -- Performing Test cxxflag__Weverything - Success
2026-09-15T21:22:06.2116310Z -- Performing Test cxxflag__fdiagnostics_color_always
2026-09-15T21:22:06.4607710Z -- Performing Test cxxflag__fdiagnostics_color_always - Success
2026-09-15T21:22:06.4608160Z -- C compiler flags: 
2026-09-15T21:22:06.4609890Z -- C++ compiler flags:  -W -Wall -Wextra -Weffc++ -pedantic -Wformat=2 -Wredundant-decls -Wconversion -Wsign-conversion -Werror=return-type -Weverything -Wno-unknown-warning-option -Wno-reserved-id-macro -Wno-padded -Wno-nested-anon-types -Wno-reserved-identifier -Wno-shadow-field-in-constructor -Wno-undefined-func-template -Wno-c++98-compat -Wno-c++98-compat-pedantic -Wno-unsafe-pointer-arithmetic -Wno-unsafe-buffer-usage -Wno-exit-time-destructors -Wno-switch-enum -fdiagnostics-color=always 
2026-09-15T21:22:06.4611650Z -- Linker flags for executables: 
2026-09-15T21:22:06.4611900Z -- Linker flags for shared libs: 
2026-09-15T21:22:06.4612170Z -- Release C compiler flags: -O3 -DNDEBUG
2026-09-15T21:22:06.4612490Z -- Release C++ compiler flags: -O3 -DNDEBUG
2026-09-15T21:22:06.4612870Z -- Release linker flags for executables: 
2026-09-15T21:22:06.4613140Z -- Release linker flags for shared libs: 
2026-09-15T21:22:07.0753610Z -- Looking for sys/types.h
2026-09-15T21:22:07.2860670Z -- Looking for sys/types.h - found
2026-09-15T21:22:07.2861200Z -- Looking for sys/stat.h
2026-09-15T21:22:07.4354310Z -- Looking for sys/stat.h - found
2026-09-15T21:22:07.4354820Z -- Looking for fcntl.h
2026-09-15T21:22:07.6773570Z -- Looking for fcntl.h - found
2026-09-15T21:22:07.6774180Z -- Looking for unistd.h
2026-09-15T21:22:07.8435130Z -- Looking for unistd.h - found
2026-09-15T21:22:07.8435760Z -- Looking for io.h
2026-09-15T21:22:07.9352080Z -- Looking for io.h - not found
2026-09-15T21:22:07.9363210Z -- Writing config.h
2026-09-15T21:22:07.9692910Z -- Performing Test CMAKE_HAVE_LIBC_PTHREAD
2026-09-15T21:22:08.1349650Z -- Performing Test CMAKE_HAVE_LIBC_PTHREAD - Success
2026-09-15T21:22:08.1364700Z -- Found Threads: TRUE
2026-09-15T21:22:08.4108950Z -- cREXX VM handler panel: profile-20
2026-09-15T21:22:08.4242260Z -- cREXX VM core socket TLS backend: NETWORK
2026-09-15T21:22:08.4244920Z -- cREXX product VM: rxvm -> rxbvm (AppleClang)
2026-09-15T21:22:09.2417160Z -- Found Python3: /Users/runner/hostedtoolcache/Python/3.12.10/arm64/bin/python3.12 (found version "3.12.10") found components: Interpreter
2026-09-15T21:22:09.2554830Z -- Legacy OpenSSL socket plugin is disabled; use VM core sockets/rxsocket instead.
2026-09-15T21:22:09.2555320Z -- GTK Gui support is disabled, skipping subdirectory.
2026-09-15T21:22:09.2570370Z -- ODBC support is disabled; building the mock-driver qualification target only.
2026-09-15T21:22:10.2553060Z -- Configuring done (11.4s)
2026-09-15T21:22:13.0932460Z -- Generating done (2.8s)
2026-09-15T21:22:13.1034150Z -- Build files have been written to: /Users/runner/work/_temp/build
2026-09-15T21:22:13.1837330Z ##[group]Run cmake --build "/Users/runner/work/_temp/build" \
2026-09-15T21:22:13.1837840Z [36;1mcmake --build "/Users/runner/work/_temp/build" \[0m
2026-09-15T21:22:13.1839970Z [36;1m  --target stage-product stage-optional \[0m
2026-09-15T21:22:13.1840330Z [36;1m  --parallel 2[0m
2026-09-15T21:22:13.2693520Z shell: /bin/bash --noprofile --norc -e -o pipefail {0}
2026-09-15T21:22:13.2693860Z env:
2026-09-15T21:22:13.2694440Z   pythonLocation: /Users/runner/hostedtoolcache/Python/3.12.10/arm64
2026-09-15T21:22:13.2695120Z   PKG_CONFIG_PATH: /Users/runner/hostedtoolcache/Python/3.12.10/arm64/lib/pkgconfig
2026-09-15T21:22:13.2695710Z   Python_ROOT_DIR: /Users/runner/hostedtoolcache/Python/3.12.10/arm64
2026-09-15T21:22:13.2696380Z   Python2_ROOT_DIR: /Users/runner/hostedtoolcache/Python/3.12.10/arm64
2026-09-15T21:22:13.2697030Z   Python3_ROOT_DIR: /Users/runner/hostedtoolcache/Python/3.12.10/arm64
2026-09-15T21:22:13.2697500Z ##[endgroup]
2026-09-15T21:22:13.3808360Z [0/2] Re-checking globbed directories...
2026-09-15T21:22:13.4501870Z [1/676] Copying bootstrap src/options/parse_opts.cc, reconfigure with RE2C_REBUILD_LEXERS to regenerate
2026-09-15T21:22:13.4560270Z [2/676] Copying bootstrap src/parse/lexer.cc and src/parse/lexer.h, reconfigure with RE2C_REBUILD_LEXERS to regenerate
2026-09-15T21:22:13.4654470Z [3/676] Copying bootstrap src/parse/conf_lexer.cc, reconfigure with RE2C_REBUILD_LEXERS to regenerate
2026-09-15T21:22:13.4726010Z [4/676] Copying bootstrap parser, reconfigure with RE2C_REBUILD_PARSERS to regenerate
2026-09-15T21:22:13.4844020Z [5/676] Copying bootstrap syntax file, reconfigure with RE2C_REBUILD_PARSERS to regenerate
2026-09-15T21:22:13.4921710Z [6/676] Copying bootstrap parser, reconfigure with RE2C_REBUILD_PARSERS to regenerate
2026-09-15T21:22:13.5005810Z [7/676] Copying bootstrap syntax file, reconfigure with RE2C_REBUILD_PARSERS to regenerate
2026-09-15T21:22:13.5082750Z [8/676] Copying bootstrap syntax file, reconfigure with RE2C_REBUILD_PARSERS to regenerate
2026-09-15T21:22:13.5213830Z [9/676] Copying bootstrap syntax file, reconfigure with RE2C_REBUILD_PARSERS to regenerate
2026-09-15T21:22:13.5266380Z [10/676] Copying bootstrap syntax file, reconfigure with RE2C_REBUILD_PARSERS to regenerate
2026-09-15T21:22:13.5360380Z [11/676] Copying bootstrap syntax file, reconfigure with RE2C_REBUILD_PARSERS to regenerate
2026-09-15T21:22:13.5433750Z [12/676] Copying bootstrap syntax file, reconfigure with RE2C_REBUILD_PARSERS to regenerate
2026-09-15T21:22:13.5484460Z [13/676] Copying bootstrap syntax file, reconfigure with RE2C_REBUILD_PARSERS to regenerate
2026-09-15T21:22:13.5602250Z [14/676] Copying bootstrap syntax file, reconfigure with RE2C_REBUILD_PARSERS to regenerate
2026-09-15T21:22:13.5625140Z [15/676] Copying bootstrap syntax file, reconfigure with RE2C_REBUILD_PARSERS to regenerate
2026-09-15T21:22:13.5786240Z [16/676] Copying bootstrap syntax file, reconfigure with RE2C_REBUILD_PARSERS to regenerate
2026-09-15T21:22:13.5834150Z [17/676] Copying bootstrap syntax file, reconfigure with RE2C_REBUILD_PARSERS to regenerate
2026-09-15T21:22:13.5949670Z [18/676] Generating doc/re2c.1
2026-09-15T21:22:13.5991430Z [19/676] Copying bootstrap src/msg/ver_to_vernum.cc, reconfigure with RE2C_REBUILD_LEXERS to regenerate
2026-09-15T21:22:15.2824520Z [20/676] Building CXX object re2c/CMakeFiles/re2c_objects_autogen.dir/src/options/parse_opts.cc.o
2026-09-15T21:22:15.5395470Z [21/676] Building CXX object re2c/CMakeFiles/re2c_objects_autogen.dir/src/parse/lexer.cc.o
2026-09-15T21:22:15.8582800Z [22/676] Building CXX object re2c/CMakeFiles/re2c_objects_autogen.dir/src/parse/parser.cc.o
2026-09-15T21:22:16.4585790Z [23/676] Building CXX object re2c/CMakeFiles/re2c_objects_autogen.dir/src/parse/conf_parser.cc.o
2026-09-15T21:22:16.7774870Z [24/676] Building CXX object re2c/CMakeFiles/re2c_objects_autogen_ver_to_vernum.dir/src/msg/ver_to_vernum.cc.o
2026-09-15T21:22:16.9275450Z [25/676] Building CXX object re2c/CMakeFiles/re2c_objects_autogen.dir/src/parse/conf_lexer.cc.o
2026-09-15T21:22:16.9401270Z [26/676] Generating src/msg/help_re2c.cc
2026-09-15T21:22:17.0517690Z [27/676] Building C object _deps/dsl_syntax_highlighter-build/CMakeFiles/dslsyntax_parser.dir/code_buffer.c.o
2026-09-15T21:22:17.2071540Z [28/676] Building C object _deps/dsl_syntax_highlighter-build/CMakeFiles/dslsyntax_parser.dir/comms.c.o
2026-09-15T21:22:17.2883840Z [29/676] Building C object _deps/dsl_syntax_highlighter-build/CMakeFiles/dslsyntax_parser.dir/dslsyntax_log.c.o
2026-09-15T21:22:17.3648460Z [30/676] Building C object _deps/dsl_syntax_highlighter-build/CMakeFiles/dslsyntax_parser.dir/dslsyntax_common.c.o
2026-09-15T21:22:17.5090970Z [31/676] Building C object _deps/dsl_syntax_highlighter-build/CMakeFiles/dslsyntax_parser.dir/serialization.c.o
2026-09-15T21:22:17.5356130Z [32/676] Building C object _deps/dsl_syntax_highlighter-build/CMakeFiles/dslsyntax_parser.dir/diff.c.o
2026-09-15T21:22:17.6453750Z [33/676] Building C object _deps/dsl_syntax_highlighter-build/CMakeFiles/dslsyntax_parser.dir/thread_utils.c.o
2026-09-15T21:22:17.7885280Z [34/676] Building C object _deps/dsl_syntax_highlighter-build/CMakeFiles/dslsyntax_parser.dir/dslsyntax_parser.c.o
2026-09-15T21:22:17.8758160Z [35/676] Building C object _deps/dsl_syntax_highlighter-build/CMakeFiles/dslsyntax_parser.dir/emergency_parse.c.o
2026-09-15T21:22:18.3476710Z [36/676] Building CXX object re2c/CMakeFiles/re2c.dir/src/codegen/helpers.cc.o
2026-09-15T21:22:18.7252080Z [37/676] Building CXX object re2c/CMakeFiles/re2c.dir/src/codegen/output.cc.o
2026-09-15T21:22:19.3424620Z [38/676] Building CXX object re2c/CMakeFiles/re2c.dir/src/codegen/pass1_analyze.cc.o
2026-09-15T21:22:19.9882400Z [39/676] Building CXX object re2c/CMakeFiles/re2c.dir/src/codegen/pass3_fixup.cc.o
2026-09-15T21:22:20.1487520Z [40/676] Building CXX object re2c/CMakeFiles/re2c.dir/src/codegen/pass2_generate.cc.o
2026-09-15T21:22:20.8235230Z [41/676] Building CXX object re2c/CMakeFiles/re2c.dir/src/codegen/pass4_render.cc.o
2026-09-15T21:22:21.2635960Z [42/676] Building CXX object re2c/CMakeFiles/re2c.dir/src/options/symtab.cc.o
2026-09-15T21:22:22.0502870Z [43/676] Building CXX object re2c/CMakeFiles/re2c.dir/src/nfa/re_to_nfa.cc.o
2026-09-15T21:22:22.0832850Z [44/676] Building CXX object re2c/CMakeFiles/re2c.dir/src/options/opt.cc.o
2026-09-15T21:22:22.1163570Z [45/676] Building CXX object re2c/CMakeFiles/re2c.dir/src/debug/dump_adfa.cc.o
2026-09-15T21:22:22.1509890Z [46/676] Building CXX object re2c/CMakeFiles/re2c.dir/src/debug/dump_cfg.cc.o
2026-09-15T21:22:22.1826370Z [47/676] Building CXX object re2c/CMakeFiles/re2c.dir/src/debug/dump_dfa.cc.o
2026-09-15T21:22:22.2173800Z [48/676] Building CXX object re2c/CMakeFiles/re2c.dir/src/debug/dump_dfa_tree.cc.o
2026-09-15T21:22:22.2453050Z [49/676] Building CXX object re2c/CMakeFiles/re2c.dir/src/debug/dump_interf.cc.o
2026-09-15T21:22:22.2818790Z [50/676] Building CXX object re2c/CMakeFiles/re2c.dir/src/debug/dump_nfa.cc.o
2026-09-15T21:22:22.8215190Z [51/676] Building CXX object re2c/CMakeFiles/re2c.dir/src/cfg/cfg.cc.o
2026-09-15T21:22:23.0765040Z [52/676] Building CXX object re2c/CMakeFiles/re2c.dir/src/adfa/adfa.cc.o
2026-09-15T21:22:23.3342540Z [53/676] Building CXX object re2c/CMakeFiles/re2c.dir/src/cfg/compact.cc.o
2026-09-15T21:22:23.5248010Z [54/676] Building CXX object re2c/CMakeFiles/re2c.dir/src/cfg/dce.cc.o
2026-09-15T21:22:23.7863480Z [55/676] Building CXX object re2c/CMakeFiles/re2c.dir/src/cfg/freeze.cc.o
2026-09-15T21:22:24.0829810Z [56/676] Building CXX object re2c/CMakeFiles/re2c.dir/src/cfg/interfere.cc.o
2026-09-15T21:22:24.2778220Z [57/676] Building CXX object re2c/CMakeFiles/re2c.dir/src/cfg/liveanal.cc.o
2026-09-15T21:22:24.6025320Z [58/676] Building CXX object re2c/CMakeFiles/re2c.dir/src/cfg/normalize.cc.o
2026-09-15T21:22:24.7561960Z [59/676] Building CXX object re2c/CMakeFiles/re2c.dir/src/cfg/optimize.cc.o
2026-09-15T21:22:25.0715820Z [60/676] Building CXX object re2c/CMakeFiles/re2c.dir/src/cfg/rename.cc.o
2026-09-15T21:22:25.2062650Z [61/676] Building CXX object re2c/CMakeFiles/re2c.dir/src/cfg/varalloc.cc.o
2026-09-15T21:22:26.0199240Z [62/676] Building CXX object re2c/CMakeFiles/re2c.dir/src/dfa/dead_rules.cc.o
2026-09-15T21:22:26.6232110Z [63/676] Building CXX object re2c/CMakeFiles/re2c.dir/src/dfa/closure.cc.o
2026-09-15T21:22:27.0727990Z [64/676] Building CXX object re2c/CMakeFiles/re2c.dir/src/dfa/determinization.cc.o
2026-09-15T21:22:27.1293030Z [65/676] Building CXX object re2c/CMakeFiles/re2c.dir/src/dfa/fallback_tags.cc.o
2026-09-15T21:22:27.7830100Z [66/676] Building CXX object re2c/CMakeFiles/re2c.dir/src/dfa/fillpoints.cc.o
2026-09-15T21:22:27.8774600Z [67/676] Building CXX object re2c/CMakeFiles/re2c.dir/src/dfa/find_state.cc.o
2026-09-15T21:22:28.2953960Z [68/676] Building CXX object re2c/CMakeFiles/re2c.dir/src/dfa/minimization.cc.o
2026-09-15T21:22:28.3499920Z [69/676] Building CXX object re2c/CMakeFiles/re2c.dir/src/dfa/tagver_table.cc.o
2026-09-15T21:22:28.7024150Z [70/676] Building CXX object re2c/CMakeFiles/re2c.dir/src/encoding/ebcdic.cc.o
2026-09-15T21:22:28.8167830Z [71/676] Building CXX object re2c/CMakeFiles/re2c.dir/src/dfa/tcmd.cc.o
2026-09-15T21:22:29.1076030Z [72/676] Building CXX object re2c/CMakeFiles/re2c.dir/src/encoding/enc.cc.o
2026-09-15T21:22:29.1881260Z [73/676] Building CXX object re2c/CMakeFiles/re2c.dir/src/encoding/range_suffix.cc.o
2026-09-15T21:22:29.5507320Z [74/676] Building CXX object re2c/CMakeFiles/re2c.dir/src/encoding/utf8.cc.o
2026-09-15T21:22:29.9277560Z [75/676] Building CXX object re2c/CMakeFiles/re2c.dir/src/encoding/utf16.cc.o
2026-09-15T21:22:30.3668760Z [76/676] Building CXX object re2c/CMakeFiles/re2c.dir/src/msg/msg.cc.o
2026-09-15T21:22:30.9618230Z [77/676] Building CXX object re2c/CMakeFiles/re2c.dir/src/encoding/unicode_casemap.cc.o
2026-09-15T21:22:31.1474170Z [78/676] Building CXX object re2c/CMakeFiles/re2c.dir/src/msg/warn.cc.o
2026-09-15T21:22:31.6458140Z [79/676] Building CXX object re2c/CMakeFiles/re2c.dir/src/regexp/default_tags.cc.o
2026-09-15T21:22:31.8404330Z [80/676] Building CXX object re2c/CMakeFiles/re2c.dir/src/regexp/ast_to_re.cc.o
2026-09-15T21:22:32.1654940Z [81/676] Building CXX object re2c/CMakeFiles/re2c.dir/src/regexp/fixed_tags.cc.o
2026-09-15T21:22:32.2759780Z [82/676] Building CXX object re2c/CMakeFiles/re2c.dir/src/regexp/nullable.cc.o
2026-09-15T21:22:32.6757090Z [83/676] Building CXX object re2c/CMakeFiles/re2c.dir/src/regexp/regexp.cc.o
2026-09-15T21:22:32.9374240Z [84/676] Building CXX object re2c/CMakeFiles/re2c.dir/src/regexp/split_charset.cc.o
2026-09-15T21:22:33.3612370Z [85/676] Building CXX object re2c/CMakeFiles/re2c.dir/src/skeleton/control_flow.cc.o
2026-09-15T21:22:33.6815710Z [86/676] Building CXX object re2c/CMakeFiles/re2c.dir/src/skeleton/generate_code.cc.o
2026-09-15T21:22:34.2640190Z [87/676] Building CXX object re2c/CMakeFiles/re2c.dir/src/skeleton/maxpath.cc.o
2026-09-15T21:22:34.4272000Z [88/676] Building CXX object re2c/CMakeFiles/re2c.dir/src/skeleton/generate_data.cc.o
2026-09-15T21:22:34.8318720Z [89/676] Building CXX object re2c/CMakeFiles/re2c.dir/src/skeleton/skeleton.cc.o
2026-09-15T21:22:35.3163830Z [90/676] Building CXX object re2c/CMakeFiles/re2c.dir/src/parse/ast.cc.o
2026-09-15T21:22:35.4514620Z [91/676] Building CXX object re2c/CMakeFiles/re2c.dir/src/parse/input.cc.o
2026-09-15T21:22:35.5806490Z [92/676] Building CXX object re2c/CMakeFiles/re2c.dir/src/util/file_utils.cc.o
2026-09-15T21:22:35.8925160Z [93/676] Building CXX object re2c/CMakeFiles/re2c.dir/src/util/string_utils.cc.o
2026-09-15T21:22:35.9500040Z [94/676] Building CXX object re2c/CMakeFiles/re2c.dir/src/util/range.cc.o
2026-09-15T21:22:35.9896900Z [95/676] Building CXX object re2c/CMakeFiles/re2c.dir/src/msg/help_re2c.cc.o
2026-09-15T21:22:36.7187950Z [96/676] Building CXX object re2c/CMakeFiles/re2c.dir/src/main.cc.o
2026-09-15T21:22:36.7750340Z [97/676] Building C object lemon/CMakeFiles/lemon.dir/lemon.c.o
2026-09-15T21:22:36.8231060Z [98/676] Building C object platform/CMakeFiles/platform.dir/rxinteger.c.o
2026-09-15T21:22:36.8570440Z [99/676] Building C object platform/CMakeFiles/platform.dir/platform.c.o
2026-09-15T21:22:36.9039850Z [100/676] Building C object avl_tree/CMakeFiles/avl_tree.dir/avl_tree.c.o
2026-09-15T21:22:36.9486220Z [101/676] Building C object binutils/CMakeFiles/rxbin.dir/rxbin.c.o
2026-09-15T21:22:37.0394370Z [102/676] Building C object binutils/CMakeFiles/rxbin.dir/rxsignature.c.o
2026-09-15T21:22:37.1379310Z [103/676] Building C object binutils/CMakeFiles/rxbin.dir/rxsha256.c.o
2026-09-15T21:22:37.2888270Z [104/676] Building C object binutils/CMakeFiles/rxbin.dir/rxbin007.c.o
2026-09-15T21:22:37.4218280Z [105/676] Building C object interpreter/CMakeFiles/rxvmmemory.dir/rxvmmemory.c.o
2026-09-15T21:22:37.7644320Z [106/676] Building C object binutils/CMakeFiles/rxbin.dir/rxgraph.c.o
2026-09-15T21:22:37.8545500Z [107/676] Linking CXX executable re2c/re2c
2026-09-15T21:22:37.9238160Z [108/676] Linking C executable lemon/lemon
2026-09-15T21:22:39.2568870Z [109/676] Linking C static library bin/libplatform.a
2026-09-15T21:22:39.2675300Z [110/676] Linking C static library _deps/dsl_syntax_highlighter-build/libdslsyntax_parser.a
2026-09-15T21:22:39.3071020Z [111/676] Linking C static library bin/libavl_tree.a
2026-09-15T21:22:39.3245560Z [112/676] Linking C static library bin/librxbin.a
2026-09-15T21:22:39.3727650Z [113/676] Building C object interpreter/CMakeFiles/rxvmref.dir/rxvmref.c.o
2026-09-15T21:22:39.4228060Z [114/676] Building C object interpreter/CMakeFiles/rxvmref.dir/rxpacompat.c.o
2026-09-15T21:22:39.4357130Z [115/676] Create REXX ASSEMBLER Parser...
2026-09-15T21:22:39.4419900Z [116/676] Linking C static library bin/librxvmmemory.a
2026-09-15T21:22:39.5027430Z [117/676] Linking C static library bin/librxvmref.a
2026-09-15T21:22:39.6123530Z [118/676] Building C object interpreter/rxvmplugin/CMakeFiles/rxvmplugin.dir/rxvmplugin_framework.c.o
2026-09-15T21:22:39.6784910Z [119/676] Building C object interpreter/rxvmplugin/rxvmplugins/mc_decimal/CMakeFiles/decnumber.dir/decnumber/decContext.c.o
2026-09-15T21:22:40.1075500Z [120/676] Building C object interpreter/rxvmplugin/rxvmplugins/mc_decimal/CMakeFiles/decnumber.dir/decnumber/decNumber.c.o
2026-09-15T21:22:40.1549640Z [121/676] Linking C static library bin/librxvmplugin.a
2026-09-15T21:22:40.2180690Z [122/676] Linking C static library bin/libdecnumber.a
2026-09-15T21:22:40.3183480Z [123/676] Building C object interpreter/rxvmplugin/rxvmplugins/mc_decimal/CMakeFiles/mc_decimal_manual.dir/mc_decimal.c.o
2026-09-15T21:22:40.3702230Z [124/676] Building C object rxpa/CMakeFiles/rxpa.dir/rxpa.c.o
2026-09-15T21:22:41.2842880Z [125/676] Create REXX ASSEMBLER Lexer...
2026-09-15T21:22:41.3450760Z [126/676] Building C object assembler/CMakeFiles/rxaslib.dir/rxastoke.c.o
2026-09-15T21:22:41.3990910Z [127/676] Building C object assembler/CMakeFiles/rxaslib.dir/rxaseror.c.o
2026-09-15T21:22:41.6048620Z [128/676] Building C object assembler/CMakeFiles/rxaslib.dir/rxasscan.c.o
2026-09-15T21:22:41.8675640Z [129/676] Building C object assembler/CMakeFiles/rxaslib.dir/rxas_opt.c.o
2026-09-15T21:22:42.4404090Z [130/676] Building C object assembler/CMakeFiles/rxaslib.dir/rxas_flow.c.o
2026-09-15T21:22:42.5153320Z [131/676] Building C object assembler/CMakeFiles/rxaslib.dir/rxas_flow_batch.c.o
2026-09-15T21:22:42.5892170Z [132/676] Building C object assembler/CMakeFiles/rxaslib.dir/rxas_flow_pass.c.o
2026-09-15T21:22:42.8205120Z [133/676] Building C object assembler/CMakeFiles/rxaslib.dir/rxas_flow_graph.c.o
2026-09-15T21:22:43.0970130Z [134/676] Building C object assembler/CMakeFiles/rxaslib.dir/rxas_flow_analysis.c.o
2026-09-15T21:22:43.1747250Z [135/676] Building C object assembler/CMakeFiles/rxaslib.dir/rxas_flow_rewrite.c.o
2026-09-15T21:22:43.4320640Z [136/676] Building C object assembler/CMakeFiles/rxaslib.dir/rxas_flow_signal.c.o
2026-09-15T21:22:43.9406720Z [137/676] Building C object assembler/CMakeFiles/rxaslib.dir/rxas_flow_ssa.c.o
2026-09-15T21:22:44.1415300Z [138/676] Building C object assembler/CMakeFiles/rxaslib.dir/rxas_flow_use.c.o
2026-09-15T21:22:44.8283660Z [139/676] Building C object assembler/CMakeFiles/rxaslib.dir/rxas_flow_proof.c.o
2026-09-15T21:22:44.9226740Z [140/676] Building C object assembler/CMakeFiles/rxaslib.dir/rxasgrmr.c.o
2026-09-15T21:22:45.4528120Z [141/676] Building C object assembler/CMakeFiles/rxaslib.dir/rxasassm.c.o
2026-09-15T21:22:45.5597960Z [142/676] Building C object assembler/CMakeFiles/rxaslib.dir/__/binutils/rxopmeta.c.o
2026-09-15T21:22:45.6245180Z [143/676] Building C object assembler/CMakeFiles/rxaslib.dir/rxaslib.c.o
2026-09-15T21:22:45.7768400Z [144/676] Building C object assembler/CMakeFiles/rxaslib.dir/rxas_dsl.c.o
2026-09-15T21:22:45.8502110Z [145/676] Building C object interpreter/CMakeFiles/rxbvm_core_objects.dir/rxvmworker.c.o
2026-09-15T21:22:45.9700620Z [146/676] Building C object interpreter/CMakeFiles/rxbvm_core_objects.dir/rxvmprogram.c.o
2026-09-15T21:22:46.5008740Z [147/676] Building C object interpreter/CMakeFiles/rxbvm_core_objects.dir/rxvmexecutor.c.o
2026-09-15T21:22:46.8929180Z [148/676] Building C object interpreter/CMakeFiles/rxbvm_core_objects.dir/rxvmchannel.c.o
2026-09-15T21:22:47.0611270Z [149/676] Building C object interpreter/CMakeFiles/rxbvm_core_objects.dir/rxvmchannel_process.c.o
2026-09-15T21:22:47.1179890Z [150/676] Building C object interpreter/CMakeFiles/rxbvm_core_objects.dir/rxvmprocessprotocol.c.o
2026-09-15T21:22:47.1968680Z [151/676] Building C object interpreter/CMakeFiles/rxbvm_core_objects.dir/rxvmprocessworker.c.o
2026-09-15T21:22:47.2786260Z [152/676] Building C object interpreter/CMakeFiles/rxbvm_core_objects.dir/rxvmbyteendpoint.c.o
2026-09-15T21:22:47.4071310Z [153/676] Building C object interpreter/CMakeFiles/rxbvm_core_objects.dir/rxvmchannel_byte.c.o
2026-09-15T21:22:47.5852570Z [154/676] Building C object interpreter/CMakeFiles/rxbvm_core_objects.dir/rxvmchannel_child.c.o
2026-09-15T21:22:47.6437150Z [155/676] Building C object interpreter/CMakeFiles/rxbvm_core_objects.dir/rxvmactive.c.o
2026-09-15T21:22:47.9695290Z [156/676] Building C object interpreter/CMakeFiles/rxbvm_core_objects.dir/rxvmload.c.o
2026-09-15T21:22:48.0773390Z [157/676] Building C object interpreter/CMakeFiles/rxbvm_core_objects.dir/interrupt.c.o
2026-09-15T21:22:48.5725230Z [158/676] Building C object interpreter/CMakeFiles/rxbvm_core_objects.dir/rxspawn.c.o
2026-09-15T21:22:49.0112820Z [159/676] Building C object interpreter/CMakeFiles/rxbvm_core_objects.dir/rxcrexxcmd.c.o
2026-09-15T21:22:49.0706150Z [160/676] Building C object interpreter/CMakeFiles/rxbvm_core_objects.dir/exitfunc.c.o
2026-09-15T21:22:49.1825170Z [161/676] Building C object interpreter/CMakeFiles/rxbvm_core_objects.dir/rxpacallmethod.c.o
2026-09-15T21:22:49.4330520Z [162/676] Building C object interpreter/CMakeFiles/rxbvm_core_objects.dir/rxpafuncs.c.o
2026-09-15T21:22:49.5831900Z [163/676] Building C object interpreter/CMakeFiles/rxbvm_core_objects.dir/rxvml/rxvm_run.c.o
2026-09-15T21:22:50.2609190Z [164/676] Building C object interpreter/CMakeFiles/rxvm_platform_objects.dir/rxvmsock.c.o
2026-09-15T21:22:50.3320820Z [165/676] Building C object interpreter/CMakeFiles/rxbvml.dir/rxvmlib.c.o
2026-09-15T21:22:50.9057170Z [166/676] Building C object interpreter/CMakeFiles/rxbvml.dir/rxvml.c.o
2026-09-15T21:22:50.9733850Z [167/676] Linking C static library bin/rxvm_mc_decimal_manual.a
2026-09-15T21:22:51.0365640Z [168/676] Linking C static library bin/librxpa.a
2026-09-15T21:22:51.1185640Z [169/676] Linking C static library bin/librxaslib.a
2026-09-15T21:22:51.1993500Z [170/676] Building C object assembler/CMakeFiles/rxas.dir/rxasmain.c.o
2026-09-15T21:22:51.2649550Z [171/676] Linking C executable bin/rxas
2026-09-15T21:22:51.2760130Z [172/676] cREXX assemble _elapsed ...
2026-09-15T21:22:51.2880720Z [173/676] cREXX RXAS Library Archive ...
2026-09-15T21:22:51.7798730Z [174/676] Building C object linker/CMakeFiles/rxlink.dir/rxlinkmain.c.o
2026-09-15T21:22:51.8427530Z [175/676] Linking C executable bin/rxlink
2026-09-15T21:22:51.9967250Z [176/676] Building C object lib/plugins/keyaccess/CMakeFiles/_keyaccess.dir/keyaccess.c.o
2026-09-15T21:22:52.1234830Z [177/676] Building C object lib/plugins/id/CMakeFiles/id.dir/id.c.o
2026-09-15T21:22:52.2386630Z [178/676] Building C object lib/plugins/fs/CMakeFiles/fs.dir/rxfs.c.o
2026-09-15T21:22:52.3424370Z [179/676] Building C object lib/plugins/platform/CMakeFiles/_platform.dir/rxplatform.c.o
2026-09-15T21:22:52.4191590Z [180/676] Linking C shared module bin/rx_keyaccess.rxplugin
2026-09-15T21:22:52.5018940Z [181/676] Linking C shared module bin/rxid.rxplugin
2026-09-15T21:22:52.5892260Z [182/676] Linking C shared module bin/rxfs.rxplugin
2026-09-15T21:22:52.6724340Z [183/676] Linking C shared module bin/rxplatform.rxplugin
2026-09-15T21:22:52.8285470Z [184/676] Building C object preprocessor/CMakeFiles/precomp.dir/precomp.c.o
2026-09-15T21:22:52.8900940Z [185/676] Building C object cpacker/CMakeFiles/rxcpack.dir/rxcpack.c.o
2026-09-15T21:22:52.9588730Z [186/676] Building C object interpreter/CMakeFiles/rxvml.dir/rxvmlib.c.o
2026-09-15T21:22:53.4916490Z [187/676] Building C object interpreter/CMakeFiles/rxvml.dir/rxvml.c.o
2026-09-15T21:22:53.5521390Z [188/676] Building C object interpreter/CMakeFiles/rxpashim.dir/rxpashim.c.o
2026-09-15T21:22:53.7115520Z [189/676] Building C object preprocessor/CMakeFiles/precomp_static.dir/precomp.c.o
2026-09-15T21:22:53.7707700Z [190/676] Linking C shared module bin/rxprecomp.rxplugin
2026-09-15T21:22:53.8615790Z [191/676] Building C object lib/plugins/hash/CMakeFiles/_hash.dir/rx_hash.c.o
2026-09-15T21:22:53.9699410Z [192/676] Building C object lib/plugins/fs/CMakeFiles/fs_static.dir/rxfs.c.o
2026-09-15T21:22:54.0680540Z [193/676] Building C object lib/plugins/platform/CMakeFiles/_platform_static.dir/rxplatform.c.o
2026-09-15T21:22:54.1348220Z [194/676] Linking C executable bin/rxcpack
2026-09-15T21:22:54.2206730Z [195/676] Building C object interpreter/CMakeFiles/rxbvm.dir/rxvmmain.c.o
2026-09-15T21:22:54.2900940Z [196/676] Linking C static library bin/librxpashim.a
2026-09-15T21:22:54.3476120Z [197/676] Linking C static library bin/rxprecomp_static.a
2026-09-15T21:22:54.3678180Z [198/676] Stage rxpp macro support files ...
2026-09-15T21:22:54.4474500Z [199/676] Linking C shared module bin/rx_hash.rxplugin
2026-09-15T21:22:54.5451370Z [200/676] Linking C static library bin/rxfs_static.a
2026-09-15T21:22:54.6271660Z [201/676] Linking C static library bin/rxplatform_static.a
2026-09-15T21:22:54.7018040Z [202/676] Building C object lib/plugins/float/CMakeFiles/float.dir/rxfloat.c.o
2026-09-15T21:22:54.7726680Z [203/676] Building C object lib/plugins/float/CMakeFiles/float_static.dir/rxfloat.c.o
2026-09-15T21:22:54.8456930Z [204/676] Building C object lib/plugins/hash/CMakeFiles/_hash_static.dir/rx_hash.c.o
2026-09-15T21:23:15.0815050Z [205/676] Building C object interpreter/CMakeFiles/rxbvm_core_objects.dir/rxvmintp.c.o
2026-09-15T21:23:15.2055990Z [206/676] Linking C static library bin/librxbvml.a
2026-09-15T21:23:15.2210000Z [207/676] Create Options Parser...
2026-09-15T21:23:15.7056210Z [208/676] Create REXX B Parser...
2026-09-15T21:23:16.1313510Z [209/676] Create Options Lexer...
2026-09-15T21:23:16.9237360Z [210/676] Building C object lib/plugins/sqlite/CMakeFiles/crexx_sqlite3_objects.dir/vendor/sqlite3.c.o
2026-09-15T21:23:17.9513200Z [211/676] Create REXX C Lexer...
2026-09-15T21:23:18.2200950Z [212/676] Create REXX C Parser...
2026-09-15T21:23:18.3079060Z [213/676] Linking C static library bin/librxvml.a
2026-09-15T21:23:18.4845870Z [214/676] Linking C executable bin/rxbvm
2026-09-15T21:23:18.7571480Z [215/676] Building C object lib/plugins/sqlite/CMakeFiles/sqlite.dir/rxsqlite.c.o
2026-09-15T21:23:18.9254560Z [216/676] Building C object lib/plugins/keyaccess/CMakeFiles/_keyaccess_static.dir/keyaccess.c.o
2026-09-15T21:23:19.0487280Z [217/676] Building C object lib/plugins/llist/CMakeFiles/_llist.dir/llist.c.o
2026-09-15T21:23:19.1432510Z [218/676] Building C object lib/plugins/llist/CMakeFiles/_llist_static.dir/llist.c.o
2026-09-15T21:23:19.3737640Z [219/676] Building C object lib/plugins/treemap/CMakeFiles/_treemap.dir/treemap.c.o
2026-09-15T21:23:19.6003220Z [220/676] Building C object lib/plugins/treemap/CMakeFiles/_treemap_static.dir/treemap.c.o
2026-09-15T21:23:19.7059650Z [221/676] Building C object lib/plugins/console/CMakeFiles/console.dir/rxconsole.c.o
2026-09-15T21:23:19.8182350Z [222/676] Building C object lib/plugins/console/CMakeFiles/console.dir/rxconsole_core.c.o
2026-09-15T21:23:19.9455920Z [223/676] Building C object lib/plugins/console/CMakeFiles/console.dir/rxconsole_decode.c.o
2026-09-15T21:23:20.0348420Z [224/676] Linking C shared module bin/rxfloat.rxplugin
2026-09-15T21:23:20.1878040Z [225/676] Linking C static library bin/rxfloat_static.a
2026-09-15T21:23:20.2918630Z [226/676] Linking C static library bin/rx_hash_static.a
2026-09-15T21:23:20.4027340Z [227/676] Linking C static library bin/rx_keyaccess_static.a
2026-09-15T21:23:20.4909900Z [228/676] Linking C shared module bin/rxsqlite.rxplugin
2026-09-15T21:23:20.5593210Z [229/676] Linking C shared module bin/rx_llist.rxplugin
2026-09-15T21:23:20.6459090Z [230/676] Linking C static library bin/rx_llist_static.a
2026-09-15T21:23:20.7016910Z [231/676] Linking C shared module bin/rx_treemap.rxplugin
2026-09-15T21:23:20.8171440Z [232/676] Linking C static library bin/rx_treemap_static.a
2026-09-15T21:23:20.9089510Z [233/676] Linking C shared module bin/rxconsole.rxplugin
2026-09-15T21:23:21.1405550Z [234/676] Building C object interpreter/CMakeFiles/crexxsaa.dir/crexxsaa.c.o
2026-09-15T21:23:21.2420940Z [235/676] Linking C shared library bin/libcrexxsaa.dylib
2026-09-15T21:23:21.3192220Z [236/676] Building C object interpreter/CMakeFiles/crexxsaa_tool.dir/crexxsaa_tool.c.o
2026-09-15T21:23:21.4140340Z [237/676] Linking C executable bin/crexxsaa
2026-09-15T21:23:21.4352900Z [238/676] Creating rxvm symlink to rxbvm
2026-09-15T21:23:38.3744070Z [239/676] Create REXX B Lexer...
2026-09-15T21:23:38.5084200Z [240/676] Building C object compiler/CMakeFiles/rxclib.dir/rxcpmain.c.o
2026-09-15T21:23:38.5903780Z [241/676] Building C object compiler/CMakeFiles/rxclib.dir/rxcp_ast_print.c.o
2026-09-15T21:23:38.6315250Z [242/676] Building C object compiler/CMakeFiles/rxclib.dir/rxcp_ast_core.c.o
2026-09-15T21:23:38.6356060Z [243/676] Building C object compiler/CMakeFiles/rxclib.dir/rxcp_ast_walk.c.o
2026-09-15T21:23:38.7477980Z [244/676] Building C object compiler/CMakeFiles/rxclib.dir/rxcp_diag.c.o
2026-09-15T21:23:38.7780150Z [245/676] Building C object compiler/CMakeFiles/rxclib.dir/rxcp_util.c.o
2026-09-15T21:23:38.8122370Z [246/676] Building C object compiler/CMakeFiles/rxclib.dir/rxcp_diag_fallback.c.o
2026-09-15T21:23:38.9078180Z [247/676] Building C object compiler/CMakeFiles/rxclib.dir/rxcp_dsl.c.o
2026-09-15T21:23:39.0133600Z [248/676] Building C object compiler/CMakeFiles/rxclib.dir/rxcp_source_tree.c.o
2026-09-15T21:23:39.0792220Z [249/676] Building C object compiler/CMakeFiles/rxclib.dir/rxcp_source_ext.c.o
2026-09-15T21:23:39.1109570Z [250/676] Building C object compiler/CMakeFiles/rxclib.dir/rxcp_highlight_controller.c.o
2026-09-15T21:23:39.1928090Z [251/676] Building C object compiler/CMakeFiles/rxclib.dir/rxcp_srcmap.c.o
2026-09-15T21:23:39.2542110Z [252/676] Building C object compiler/CMakeFiles/rxclib.dir/rxcpopgr.c.o
2026-09-15T21:23:39.3114750Z [253/676] Building C object compiler/CMakeFiles/rxclib.dir/rxcpopar.c.o
2026-09-15T21:23:39.3324780Z [254/676] Building C object compiler/CMakeFiles/rxclib.dir/rxcposcn.c.o
2026-09-15T21:23:39.6412720Z [255/676] Building C object compiler/CMakeFiles/rxclib.dir/rxcpbgmr.c.o
2026-09-15T21:23:39.7063840Z [256/676] Building C object compiler/CMakeFiles/rxclib.dir/rxcpbpar.c.o
2026-09-15T21:23:40.1031190Z [257/676] Building C object compiler/CMakeFiles/rxclib.dir/rexcscan.c.o
2026-09-15T21:23:40.2691670Z [258/676] Building C object compiler/CMakeFiles/rxclib.dir/rxcpcgmr.c.o
2026-09-15T21:23:40.4338720Z [259/676] Building C object compiler/CMakeFiles/rxclib.dir/rxcpcpar.c.o
2026-09-15T21:23:40.6796880Z [260/676] Building C object compiler/CMakeFiles/rxclib.dir/rxcpcdiag.c.o
2026-09-15T21:23:40.7480230Z [261/676] Building C object compiler/CMakeFiles/rxclib.dir/rxcpcsym.c.o
2026-09-15T21:23:40.8058910Z [262/676] Building C object compiler/CMakeFiles/rxclib.dir/rxcpcval.c.o
2026-09-15T21:23:40.9891690Z [263/676] Building C object compiler/CMakeFiles/rxclib.dir/rxcp_val_sym.c.o
2026-09-15T21:23:41.3724630Z [264/676] Building C object compiler/CMakeFiles/rxclib.dir/rxcp_val_type.c.o
2026-09-15T21:23:41.4837970Z [265/676] Building C object compiler/CMakeFiles/rxclib.dir/rxcp_val_trans.c.o
2026-09-15T21:23:41.5559470Z [266/676] Building C object compiler/CMakeFiles/rxclib.dir/rxcp_ast_rewrite.c.o
2026-09-15T21:23:41.7761000Z [267/676] Building C object compiler/CMakeFiles/rxclib.dir/rxcp_val_check.c.o
2026-09-15T21:23:41.8586250Z [268/676] Building C object compiler/CMakeFiles/rxclib.dir/rxcp_val_plugin.c.o
2026-09-15T21:23:42.1339520Z [269/676] Building C object compiler/CMakeFiles/rxclib.dir/rxcp_val_orch.c.o
2026-09-15T21:23:42.4186170Z [270/676] Building C object compiler/CMakeFiles/rxclib.dir/rxcpsymb.c.o
2026-09-15T21:23:42.5158820Z [271/676] Building C object compiler/CMakeFiles/rxclib.dir/rxcp_fixup.c.o
2026-09-15T21:23:42.5935630Z [272/676] Building C object compiler/CMakeFiles/rxclib.dir/rxcp_ast_val.c.o
2026-09-15T21:23:42.6665330Z [273/676] Building C object compiler/CMakeFiles/rxclib.dir/rxcp_remap.c.o
2026-09-15T21:23:42.8153530Z [274/676] Building C object compiler/CMakeFiles/rxclib.dir/rxcp_remap_build.c.o
2026-09-15T21:23:43.0125970Z [275/676] Building C object compiler/CMakeFiles/rxclib.dir/rxcp_task_lower.c.o
2026-09-15T21:23:43.1261630Z [276/676] Building C object compiler/CMakeFiles/rxclib.dir/rexbscan.c.o
2026-09-15T21:23:43.3150930Z [277/676] Building C object compiler/CMakeFiles/rxclib.dir/rxcp_levelc_lower.c.o
2026-09-15T21:23:43.4079580Z [278/676] Building C object compiler/CMakeFiles/rxclib.dir/rxcp_inline_rules.c.o
2026-09-15T21:23:43.5764580Z [279/676] Building C object compiler/CMakeFiles/rxclib.dir/rxcpemit.c.o
2026-09-15T21:23:43.7486740Z [280/676] Building C object compiler/CMakeFiles/rxclib.dir/rxcp_emit_core.c.o
2026-09-15T21:23:43.9629170Z [281/676] Building C object compiler/CMakeFiles/rxclib.dir/rxcp_emit_super.c.o
2026-09-15T21:23:44.1824470Z [282/676] Building C object compiler/CMakeFiles/rxclib.dir/rxcp_emit_reg.c.o
2026-09-15T21:23:44.3150770Z [283/676] Building C object compiler/CMakeFiles/rxclib.dir/rxcp_inline.c.o
2026-09-15T21:23:44.4154320Z [284/676] Building C object compiler/CMakeFiles/rxclib.dir/rxcp_emit_expr.c.o
2026-09-15T21:23:44.4711110Z [285/676] Building C object compiler/CMakeFiles/rxclib.dir/rxcp_emit_flow.c.o
2026-09-15T21:23:44.5249260Z [286/676] Building C object compiler/CMakeFiles/rxclib.dir/rxcp_emit_proc.c.o
2026-09-15T21:23:44.5774790Z [287/676] Building C object compiler/CMakeFiles/rxclib.dir/rxcp_emit_meta.c.o
2026-09-15T21:23:44.8770320Z [288/676] Building C object compiler/CMakeFiles/rxclib.dir/rxcp_partial_call.c.o
2026-09-15T21:23:44.9487040Z [289/676] Building C object compiler/CMakeFiles/rxclib.dir/rxcp_opt.c.o
2026-09-15T21:23:45.1049830Z [290/676] Building C object compiler/CMakeFiles/rxclib.dir/rxcp_dispatch.c.o
2026-09-15T21:23:45.2449810Z [291/676] Building C object compiler/CMakeFiles/rxclib.dir/__/platform/platform.c.o
2026-09-15T21:23:45.2929480Z [292/676] Building C object compiler/CMakeFiles/rxclib.dir/__/platform/rxinteger.c.o
2026-09-15T21:23:45.3113440Z [293/676] Building C object compiler/CMakeFiles/rxclib.dir/rxcp_flow.c.o
2026-09-15T21:23:45.4250870Z [294/676] Building C object compiler/CMakeFiles/rxclib.dir/rxcp_import_report.c.o
2026-09-15T21:23:45.5214540Z [295/676] Building C object compiler/CMakeFiles/rxclib.dir/rxcp_project_dependencies.c.o
2026-09-15T21:23:45.5617410Z [296/676] Building C object compiler/CMakeFiles/rxclib.dir/rxcp_import_publish.c.o
2026-09-15T21:23:45.9361160Z [297/676] Building C object compiler/CMakeFiles/rxclib.dir/rxcp_exit.c.o
2026-09-15T21:23:45.9498800Z [298/676] Building C object compiler/CMakeFiles/rxclib.dir/rxcpfunc.c.o
2026-09-15T21:23:45.9921150Z [299/676] Building C object compiler/CMakeFiles/rxc.dir/rxc_main.c.o
2026-09-15T21:23:45.9975180Z [300/676] Building C object compiler/CMakeFiles/rxclib.dir/rxcp_instr.c.o
2026-09-15T21:23:46.0784780Z [301/676] Linking C static library bin/librxclib.a
2026-09-15T21:23:46.1750010Z [302/676] Linking C executable bin/rxc
2026-09-15T21:23:46.2750220Z [303/676] Building token.rxbin
2026-09-15T21:23:47.3050570Z [304/676] cREXX compile and assemble _address ...
2026-09-15T21:23:47.6396720Z [305/676] cREXX compile and assemble _rxsystem ...
2026-09-15T21:23:47.9831110Z [306/676] cREXX compile and assemble _jdn ...
2026-09-15T21:23:48.3620850Z [307/676] cREXX compile and assemble _datei ...
2026-09-15T21:23:48.7136840Z [308/676] cREXX compile and assemble _dateo ...
2026-09-15T21:23:49.0312650Z [309/676] cREXX compile and assemble _ftrunc ...
2026-09-15T21:23:49.3436900Z [310/676] cREXX compile and assemble _itrunc ...
2026-09-15T21:23:49.8431020Z [311/676] cREXX compile and assemble _typedformat ...
2026-09-15T21:23:50.1543150Z [312/676] cREXX compile and assemble abbrev ...
2026-09-15T21:23:50.4536380Z [313/676] cREXX compile and assemble abs ...
2026-09-15T21:23:50.7559640Z [314/676] cREXX compile and assemble intabs ...
2026-09-15T21:23:51.0457220Z [315/676] cREXX compile and assemble floatabs ...
2026-09-15T21:23:51.3496690Z [316/676] cREXX compile and assemble b2x ...
2026-09-15T21:23:51.6634220Z [317/676] cREXX compile and assemble b2d ...
2026-09-15T21:23:52.0265160Z [318/676] cREXX compile and assemble binary ...
2026-09-15T21:23:52.3301550Z [319/676] cREXX compile and assemble c2x ...
2026-09-15T21:23:52.6499200Z [320/676] cREXX compile and assemble c2d ...
2026-09-15T21:23:52.9520140Z [321/676] cREXX compile and assemble center ...
2026-09-15T21:23:53.2456480Z [322/676] cREXX compile and assemble centre ...
2026-09-15T21:23:53.5674180Z [323/676] cREXX compile and assemble changestr ...
2026-09-15T21:23:53.9657900Z [324/676] cREXX compile and assemble compare ...
2026-09-15T21:23:54.3002130Z [325/676] cREXX compile and assemble copies ...
2026-09-15T21:23:54.6396270Z [326/676] cREXX compile and assemble countstr ...
2026-09-15T21:23:54.9977730Z [327/676] cREXX compile and assemble d2b ...
2026-09-15T21:23:55.2842200Z [328/676] cREXX compile and assemble d2c ...
2026-09-15T21:23:55.5904690Z [329/676] cREXX compile and assemble d2x ...
2026-09-15T21:23:55.9219490Z [330/676] cREXX compile and assemble date ...
2026-09-15T21:23:56.2421380Z [331/676] cREXX compile and assemble delstr ...
2026-09-15T21:23:56.5653730Z [332/676] cREXX compile and assemble delword ...
2026-09-15T21:23:56.9494170Z [333/676] cREXX compile and assemble fileio ...
2026-09-15T21:23:57.2587760Z [334/676] cREXX compile and assemble filter ...
2026-09-15T21:23:57.7972920Z [335/676] cREXX compile and assemble format ...
2026-09-15T21:23:58.0698900Z [336/676] cREXX compile and assemble intformat ...
2026-09-15T21:23:58.3906900Z [337/676] cREXX compile and assemble floatformat ...
2026-09-15T21:23:58.6887870Z [338/676] cREXX compile and assemble fnv ...
2026-09-15T21:23:58.9767570Z [339/676] cREXX compile and assemble getenv ...
2026-09-15T21:23:59.2981750Z [340/676] cREXX compile and assemble insert ...
2026-09-15T21:23:59.5525030Z [341/676] cREXX compile and assemble length ...
2026-09-15T21:23:59.8476700Z [342/676] cREXX compile and assemble linesize ...
2026-09-15T21:24:00.1884210Z [343/676] cREXX compile and assemble loadmodule ...
2026-09-15T21:24:00.4888380Z [344/676] cREXX compile and assemble lower ...
2026-09-15T21:24:00.7879510Z [345/676] cREXX compile and assemble max ...
2026-09-15T21:24:01.0829810Z [346/676] cREXX compile and assemble intmax ...
2026-09-15T21:24:01.4139560Z [347/676] cREXX compile and assemble floatmax ...
2026-09-15T21:24:01.7086030Z [348/676] cREXX compile and assemble min ...
2026-09-15T21:24:02.0115290Z [349/676] cREXX compile and assemble intmin ...
2026-09-15T21:24:02.3117780Z [350/676] cREXX compile and assemble floatmin ...
2026-09-15T21:24:02.5901560Z [351/676] cREXX compile and assemble numeric ...
2026-09-15T21:24:02.8757590Z [352/676] cREXX compile and assemble overlay ...
2026-09-15T21:24:03.1375970Z [353/676] cREXX compile and assemble pos ...
2026-09-15T21:24:03.4782600Z [354/676] cREXX compile and assemble qscan ...
2026-09-15T21:24:03.7546070Z [355/676] cREXX compile and assemble qpos ...
2026-09-15T21:24:04.0425060Z [356/676] cREXX compile and assemble qsplit ...
2026-09-15T21:24:04.3238860Z [357/676] cREXX compile and assemble qsplitsafe ...
2026-09-15T21:24:04.5956500Z [358/676] cREXX compile and assemble qextractall ...
2026-09-15T21:24:04.8659120Z [359/676] cREXX compile and assemble qextractpair ...
2026-09-15T21:24:05.1463070Z [360/676] cREXX compile and assemble qstripcomment ...
2026-09-15T21:24:05.4269470Z [361/676] cREXX compile and assemble qremoveall ...
2026-09-15T21:24:05.7760700Z [362/676] cREXX compile and assemble fsayfmt ...
2026-09-15T21:24:06.0527300Z [363/676] cREXX compile and assemble lastpos ...
2026-09-15T21:24:06.2599580Z [364/676] cREXX compile and assemble left ...
2026-09-15T21:24:06.5267500Z [365/676] cREXX compile and assemble right ...
2026-09-15T21:24:06.8430310Z [366/676] cREXX compile and assemble raise ...
2026-09-15T21:24:07.1619940Z [367/676] cREXX compile and assemble reverse ...
2026-09-15T21:24:07.4595250Z [368/676] cREXX compile and assemble signal ...
2026-09-15T21:24:07.9751500Z [369/676] cREXX compile and assemble trace ...
2026-09-15T21:24:08.2465520Z [370/676] cREXX compile and assemble sign ...
2026-09-15T21:24:08.5219870Z [371/676] cREXX compile and assemble intsign ...
2026-09-15T21:24:08.7968240Z [372/676] cREXX compile and assemble floatsign ...
2026-09-15T21:24:09.0284530Z [373/676] cREXX compile and assemble space ...
2026-09-15T21:24:09.2382940Z [374/676] cREXX compile and assemble strip ...
2026-09-15T21:24:09.4465080Z [375/676] cREXX compile and assemble substr ...
2026-09-15T21:24:09.7257130Z [376/676] cREXX compile and assemble substro ...
2026-09-15T21:24:10.0271930Z [377/676] cREXX compile and assemble symbol ...
2026-09-15T21:24:10.3238610Z [378/676] cREXX compile and assemble time ...
2026-09-15T21:24:10.5934850Z [379/676] cREXX compile and assemble translate ...
2026-09-15T21:24:10.8888930Z [380/676] cREXX compile and assemble trunc ...
2026-09-15T21:24:11.1916010Z [381/676] cREXX compile and assemble floattrunc ...
2026-09-15T21:24:11.4037290Z [382/676] cREXX compile and assemble upper ...
2026-09-15T21:24:11.6800370Z [383/676] cREXX compile and assemble value ...
2026-09-15T21:24:11.9545480Z [384/676] cREXX compile and assemble verify ...
2026-09-15T21:24:12.2100440Z [385/676] cREXX compile and assemble version ...
2026-09-15T21:24:12.4662760Z [386/676] cREXX compile and assemble sourceinfo ...
2026-09-15T21:24:12.6745040Z [387/676] cREXX compile and assemble word ...
2026-09-15T21:24:12.8782420Z [388/676] cREXX compile and assemble words ...
2026-09-15T21:24:13.1337260Z [389/676] cREXX compile and assemble wordindex ...
2026-09-15T21:24:13.3946420Z [390/676] cREXX compile and assemble subword ...
2026-09-15T21:24:13.6483110Z [391/676] cREXX compile and assemble wordlength ...
2026-09-15T21:24:13.8730240Z [392/676] cREXX compile and assemble wordpos ...
2026-09-15T21:24:14.1357320Z [393/676] cREXX compile and assemble qword ...
2026-09-15T21:24:14.4231780Z [394/676] cREXX compile and assemble qwordlength ...
2026-09-15T21:24:14.6866990Z [395/676] cREXX compile and assemble qwords ...
2026-09-15T21:24:14.9476330Z [396/676] cREXX compile and assemble qwordindex ...
2026-09-15T21:24:15.2116970Z [397/676] cREXX compile and assemble qwordpos ...
2026-09-15T21:24:15.4694290Z [398/676] cREXX compile and assemble qsubword ...
2026-09-15T21:24:15.9803770Z [399/676] cREXX compile and assemble regex ...
2026-09-15T21:24:16.2618220Z [400/676] cREXX compile and assemble x2b ...
2026-09-15T21:24:16.5375650Z [401/676] cREXX compile and assemble x2c ...
2026-09-15T21:24:16.8368580Z [402/676] cREXX compile and assemble x2d ...
2026-09-15T21:24:17.1274480Z [403/676] cREXX compile and assemble random ...
2026-09-15T21:24:17.4438090Z [404/676] cREXX compile and assemble reradix ...
2026-09-15T21:24:17.7348290Z [405/676] cREXX compile and assemble sequence ...
2026-09-15T21:24:18.0271120Z [406/676] cREXX compile and assemble find ...
2026-09-15T21:24:18.2952790Z [407/676] cREXX compile and assemble index ...
2026-09-15T21:24:18.5719770Z [408/676] cREXX compile and assemble xrange ...
2026-09-15T21:24:18.9412100Z [409/676] cREXX compile and assemble parsecompile ...
2026-09-15T21:24:19.4464710Z [410/676] cREXX compile and assemble parsestring ...
2026-09-15T21:24:19.7202680Z [411/676] cREXX compile and assemble parse ...
2026-09-15T21:24:20.0289000Z [412/676] cREXX compile and assemble datatype ...
2026-09-15T21:24:20.3071720Z [413/676] cREXX compile and assemble arrayfind ...
2026-09-15T21:24:20.5747300Z [414/676] cREXX compile and assemble splice ...
2026-09-15T21:24:20.8497020Z [415/676] cREXX compile and assemble arrayinsert ...
2026-09-15T21:24:21.1190290Z [416/676] cREXX compile and assemble arraydelete ...
2026-09-15T21:24:21.3914370Z [417/676] cREXX compile and assemble arrayappend ...
2026-09-15T21:24:21.7061170Z [418/676] cREXX compile and assemble arrayprepend ...
2026-09-15T21:24:21.9899650Z [419/676] cREXX compile and assemble objectarrayinsert ...
2026-09-15T21:24:22.2642580Z [420/676] cREXX compile and assemble objectarraydelete ...
2026-09-15T21:24:22.5335660Z [421/676] cREXX compile and assemble objectarrayappend ...
2026-09-15T21:24:22.8082820Z [422/676] cREXX compile and assemble objectarrayprepend ...
2026-09-15T21:24:23.0813490Z [423/676] cREXX compile and assemble objectarraydrop ...
2026-09-15T21:24:23.3595540Z [424/676] cREXX compile and assemble objectarraymove ...
2026-09-15T21:24:23.6325900Z [425/676] cREXX compile and assemble arraypop ...
2026-09-15T21:24:23.9237730Z [426/676] cREXX compile and assemble arrayshift ...
2026-09-15T21:24:24.1941110Z [427/676] cREXX compile and assemble arrayget ...
2026-09-15T21:24:24.4687280Z [428/676] cREXX compile and assemble arrayset ...
2026-09-15T21:24:24.7440880Z [429/676] cREXX compile and assemble arraycontains ...
2026-09-15T21:24:25.0290260Z [430/676] cREXX compile and assemble arrayindexof ...
2026-09-15T21:24:25.3008220Z [431/676] cREXX compile and assemble arrayreverse ...
2026-09-15T21:24:25.5747270Z [432/676] cREXX compile and assemble arrayjoin ...
2026-09-15T21:24:25.8664640Z [433/676] cREXX compile and assemble arraysort ...
2026-09-15T21:24:26.1452900Z [434/676] cREXX compile and assemble arraycopy ...
2026-09-15T21:24:26.4215510Z [435/676] cREXX compile and assemble arraydrop ...
2026-09-15T21:24:26.7035480Z [436/676] cREXX compile and assemble arrayhi ...
2026-09-15T21:24:27.0055180Z [437/676] cREXX compile and assemble arraymove ...
2026-09-15T21:24:27.3589340Z [438/676] cREXX compile and assemble fmtmask ...
2026-09-15T21:24:27.6947040Z [439/676] cREXX compile and assemble compilemask ...
2026-09-15T21:24:27.9950790Z [440/676] cREXX compile and assemble runmask ...
2026-09-15T21:24:28.2944760Z [441/676] cREXX compile and assemble stem ...
2026-09-15T21:24:29.2129470Z [442/676] cREXX compile and assemble rxjson ...
2026-09-15T21:24:29.2445290Z [443/676] cREXX compile and assemble rxsocket ...
2026-09-15T21:24:29.5340820Z [444/676] cREXX compile and assemble wordrep ...
2026-09-15T21:24:29.8615250Z [445/676] cREXX compile and assemble rxqueue ...
2026-09-15T21:24:30.1360160Z [446/676] cREXX compile and assemble afterword ...
2026-09-15T21:24:30.2194530Z [447/676] cREXX REXX Library Archive ...
2026-09-15T21:24:30.3643090Z [448/676] cREXX Linked Library Image ...
2026-09-15T21:24:30.3833390Z [449/676] Staging deterministic compiler-exit imports ...
2026-09-15T21:24:30.4889460Z [450/676] Building Dump.rxbin
2026-09-15T21:24:30.5288610Z [451/676] Building optimized arraydump function example
2026-09-15T21:24:30.5901980Z [452/676] Building Query.rxbin
2026-09-15T21:24:30.6974610Z [453/676] Building Sort.rxbin
2026-09-15T21:24:30.8057880Z [454/676] Building Sortx.rxbin
2026-09-15T21:24:31.0982210Z [455/676] Building Execio.rxbin
2026-09-15T21:24:31.2237130Z [456/676] Building Add.rxbin
2026-09-15T21:24:31.3386330Z [457/676] Building Fsay.rxbin
2026-09-15T21:24:31.5017540Z [458/676] Building Msay.rxbin
2026-09-15T21:24:32.1640460Z [459/676] Building Address.rxbin
2026-09-15T21:24:32.5714380Z [460/676] Building Signal.rxbin
2026-09-15T21:24:33.2625640Z [461/676] Building Trace.rxbin
2026-09-15T21:24:33.7658620Z [462/676] Building Parse.rxbin
2026-09-15T21:24:33.7999270Z [463/676] Building RexxScript.rxbin
2026-09-15T21:24:33.9303150Z [464/676] Building Dummy.rxbin
2026-09-15T21:24:34.0017620Z [465/676] Building Substr.rxbin
2026-09-15T21:24:34.0642610Z [466/676] Building Queue.rxbin
2026-09-15T21:24:34.1139370Z [467/676] Building rxcexits.rxbin (bundled via concatenation)
2026-09-15T21:24:34.1452520Z [468/676] Building optimized arrayformat function example
2026-09-15T21:24:34.1460600Z [469/676] Staging immutable class library compiler imports ...
2026-09-15T21:24:34.1689340Z [470/676] Staging immutable native-backed class library compiler imports ...
2026-09-15T21:24:34.3776520Z [471/676] cREXX compile and assemble ObjectIterator ...
2026-09-15T21:24:34.3865910Z [472/676] cREXX compile and assemble StringIterator ...
2026-09-15T21:24:34.6023210Z [473/676] cREXX compile and assemble Iterator ...
2026-09-15T21:24:34.6082820Z [474/676] cREXX compile and assemble Bag ...
2026-09-15T21:24:34.8131900Z [475/676] cREXX compile and assemble ObjectIterable ...
2026-09-15T21:24:34.8433100Z [476/676] cREXX compile and assemble ObjectPrintable ...
2026-09-15T21:24:35.0249960Z [477/676] cREXX compile and assemble Printable ...
2026-09-15T21:24:35.0513520Z [478/676] cREXX compile and assemble StringIterable ...
2026-09-15T21:24:35.2470660Z [479/676] cREXX compile and assemble StringTreeSetIterator ...
2026-09-15T21:24:35.3214220Z [480/676] cREXX compile and assemble ArrayBagIterator ...
2026-09-15T21:24:35.4990490Z [481/676] cREXX compile and assemble ArrayList ...
2026-09-15T21:24:35.5307120Z [482/676] cREXX compile and assemble Comparator ...
2026-09-15T21:24:35.7621470Z [483/676] cREXX compile and assemble Map ...
2026-09-15T21:24:35.8408570Z [484/676] cREXX compile and assemble DateTime ...
2026-09-15T21:24:36.0355730Z [485/676] cREXX compile and assemble ObjectArrayList ...
2026-09-15T21:24:36.0491720Z [486/676] cREXX compile and assemble ObjectComparator ...
2026-09-15T21:24:36.2577160Z [487/676] cREXX compile and assemble ObjectKeyStrategy ...
2026-09-15T21:24:36.2671730Z [488/676] cREXX compile and assemble ObjectObjectHashMapIterator ...
2026-09-15T21:24:36.4812370Z [489/676] cREXX compile and assemble ObjectObjectTreeMapIterator ...
2026-09-15T21:24:36.5211950Z [490/676] cREXX compile and assemble StringArrayList ...
2026-09-15T21:24:36.6996480Z [491/676] cREXX compile and assemble StringHashMapIterator ...
2026-09-15T21:24:36.7389140Z [492/676] cREXX compile and assemble StringHashSetIterator ...
2026-09-15T21:24:36.9453040Z [493/676] cREXX compile and assemble StringObjectHashMapIterator ...
2026-09-15T21:24:36.9543340Z [494/676] cREXX compile and assemble StringObjectTreeMapIterator ...
2026-09-15T21:24:37.1639460Z [495/676] cREXX compile and assemble StringTreeMapIterator ...
2026-09-15T21:24:37.3749680Z [496/676] cREXX compile and assemble TreeMapIterator ...
2026-09-15T21:24:37.3888670Z [497/676] cREXX compile and assemble StringTreeSet ...
2026-09-15T21:24:37.6076570Z [498/676] cREXX compile and assemble ArrayBag ...
2026-09-15T21:24:37.6205100Z [499/676] cREXX compile and assemble ArrayListIterator ...
2026-09-15T21:24:38.0018740Z [500/676] cREXX compile and assemble ISO8601 ...
2026-09-15T21:24:38.2524310Z [501/676] cREXX compile and assemble Iterable ...
2026-09-15T21:24:38.4198510Z [502/676] cREXX compile and assemble Concurrency ...
2026-09-15T21:24:38.4833910Z [503/676] cREXX compile and assemble ObjectArrayListIterator ...
2026-09-15T21:24:38.6520460Z [504/676] cREXX compile and assemble ObjectEquatable ...
2026-09-15T21:24:38.7251860Z [505/676] cREXX compile and assemble ObjectLinkedList ...
2026-09-15T21:24:38.9468330Z [506/676] cREXX compile and assemble ObjectObjectHashMap ...
2026-09-15T21:24:39.1862130Z [507/676] cREXX compile and assemble ObjectStack ...
2026-09-15T21:24:39.2359850Z [508/676] cREXX compile and assemble ObjectObjectTreeMap ...
2026-09-15T21:24:39.4819220Z [509/676] cREXX compile and assemble OffsetDateTime ...
2026-09-15T21:24:39.4898060Z [510/676] cREXX compile and assemble Qfind ...
2026-09-15T21:24:39.7612920Z [511/676] cREXX compile and assemble RexxComparator ...
2026-09-15T21:24:39.8763350Z [512/676] cREXX compile and assemble Rexx ...
2026-09-15T21:24:40.1547270Z [513/676] cREXX compile and assemble StringArrayListIterator ...
2026-09-15T21:24:40.2898950Z [514/676] cREXX compile and assemble Scanlex ...
2026-09-15T21:24:40.4362570Z [515/676] cREXX compile and assemble StringHashMap ...
2026-09-15T21:24:40.5918820Z [516/676] cREXX compile and assemble StringHashSet ...
2026-09-15T21:24:40.7255540Z [517/676] cREXX compile and assemble StringLinkedList ...
2026-09-15T21:24:40.8754530Z [518/676] cREXX compile and assemble StringObjectHashMap ...
2026-09-15T21:24:41.1999410Z [519/676] cREXX compile and assemble StringOldTreeMap ...
2026-09-15T21:24:41.2247920Z [520/676] cREXX compile and assemble StringObjectTreeMap ...
2026-09-15T21:24:41.4073440Z [521/676] cREXX compile and assemble StringStack ...
2026-09-15T21:24:41.6569230Z [522/676] cREXX compile and assemble StringTreeMap ...
2026-09-15T21:24:41.8331670Z [523/676] cREXX compile and assemble TreeMap ...
2026-09-15T21:24:41.8970500Z [524/676] cREXX compile and assemble native-backed classlib adapter Id ...
2026-09-15T21:24:41.9729790Z [525/676] cREXX Linked Class Library Image ...
2026-09-15T21:24:41.9957790Z [526/676] Publishing consolidated class library image ...
2026-09-15T21:24:42.0451400Z [527/676] Staging immutable rxfnsc compiler imports ...
2026-09-15T21:24:42.1807970Z [528/676] cREXX compile and assemble native-backed classlib adapter KeyDB ...
2026-09-15T21:24:42.7950470Z [529/676] cREXX compile and assemble rxfnsc runtime RexxClassicBifAbbrev ...
2026-09-15T21:24:42.8671440Z [530/676] cREXX compile and assemble rxfnsc runtime RexxClassicBifAbs ...
2026-09-15T21:24:43.5363740Z [531/676] cREXX compile and assemble rxfnsc runtime RexxClassicBifAddress ...
2026-09-15T21:24:43.5707310Z [532/676] cREXX compile and assemble rxfnsc runtime RexxClassicBifB2x ...
2026-09-15T21:24:43.9066820Z [533/676] cREXX compile and assemble rxfnsc runtime RexxClassicBifBitand ...
2026-09-15T21:24:43.9365320Z [534/676] cREXX compile and assemble rxfnsc runtime RexxClassicBifBitor ...
2026-09-15T21:24:44.2862540Z [535/676] cREXX compile and assemble rxfnsc runtime RexxClassicBifBitxor ...
2026-09-15T21:24:44.7110210Z [536/676] cREXX compile and assemble rxfnsc runtime RexxClassicBifC2d ...
2026-09-15T21:24:45.0440980Z [537/676] cREXX compile and assemble rxfnsc runtime RexxClassicBifC2x ...
2026-09-15T21:24:45.4868850Z [538/676] cREXX compile and assemble rxfnsc runtime RexxClassicBifCenter ...
2026-09-15T21:24:45.8171970Z [539/676] cREXX compile and assemble rxfnsc runtime RexxClassicBifChangestr ...
2026-09-15T21:24:46.2282450Z [540/676] cREXX compile and assemble rxfnsc runtime RexxClassicBifCompare ...
2026-09-15T21:24:46.5731790Z [541/676] cREXX compile and assemble rxfnsc runtime RexxClassicBifCopies ...
2026-09-15T21:24:46.9488370Z [542/676] cREXX compile and assemble rxfnsc runtime RexxClassicBifCountstr ...
2026-09-15T21:24:47.3011680Z [543/676] cREXX compile and assemble rxfnsc runtime RexxClassicBifD2c ...
2026-09-15T21:24:47.7286820Z [544/676] cREXX compile and assemble rxfnsc runtime RexxClassicBifD2x ...
2026-09-15T21:24:48.1438330Z [545/676] cREXX compile and assemble rxfnsc runtime RexxClassicBifDatatype ...
2026-09-15T21:24:48.5110420Z [546/676] cREXX compile and assemble rxfnsc runtime RexxClassicBifDate ...
2026-09-15T21:24:48.8898540Z [547/676] cREXX compile and assemble rxfnsc runtime RexxClassicBifDelstr ...
2026-09-15T21:24:49.2381080Z [548/676] cREXX compile and assemble rxfnsc runtime RexxClassicBifDelword ...
2026-09-15T21:24:49.9687820Z [549/676] cREXX compile and assemble rxfnsc runtime RexxClassicBifFormat ...
2026-09-15T21:24:50.1239600Z [550/676] cREXX compile and assemble rxfnsc runtime RexxClassicBifInsert ...
2026-09-15T21:24:50.6754680Z [551/676] cREXX compile and assemble rxfnsc runtime RexxClassicBifLastpos ...
2026-09-15T21:24:50.8689930Z [552/676] cREXX compile and assemble rxfnsc runtime RexxClassicBifLeft ...
2026-09-15T21:24:51.4360820Z [553/676] cREXX compile and assemble rxfnsc runtime RexxClassicBifLength ...
2026-09-15T21:24:51.5761810Z [554/676] cREXX compile and assemble rxfnsc runtime RexxClassicBifMax ...
2026-09-15T21:24:52.1169160Z [555/676] cREXX compile and assemble rxfnsc runtime RexxClassicBifMin ...
2026-09-15T21:24:52.2610460Z [556/676] cREXX compile and assemble rxfnsc runtime RexxClassicBifNumeric ...
2026-09-15T21:24:52.8821340Z [557/676] cREXX compile and assemble rxfnsc runtime RexxClassicBifOverlay ...
2026-09-15T21:24:52.9340310Z [558/676] cREXX compile and assemble rxfnsc runtime RexxClassicBifPos ...
2026-09-15T21:24:53.5282670Z [559/676] cREXX compile and assemble rxfnsc runtime RexxClassicBifRandom ...
2026-09-15T21:24:53.5789800Z [560/676] cREXX compile and assemble rxfnsc runtime RexxClassicBifReverse ...
2026-09-15T21:24:54.1567060Z [561/676] cREXX compile and assemble rxfnsc runtime RexxClassicBifRight ...
2026-09-15T21:24:54.1782250Z [562/676] cREXX compile and assemble rxfnsc runtime RexxClassicBifSign ...
2026-09-15T21:24:54.8262280Z [563/676] cREXX compile and assemble rxfnsc runtime RexxClassicBifStrip ...
2026-09-15T21:24:54.8434370Z [564/676] cREXX compile and assemble rxfnsc runtime RexxClassicBifSpace ...
2026-09-15T21:24:55.5252440Z [565/676] cREXX compile and assemble rxfnsc runtime RexxClassicBifSubword ...
2026-09-15T21:24:55.5387410Z [566/676] cREXX compile and assemble rxfnsc runtime RexxClassicBifSubstr ...
2026-09-15T21:24:56.1562010Z [567/676] cREXX compile and assemble rxfnsc runtime RexxClassicBifSymbol ...
2026-09-15T21:24:56.2480910Z [568/676] cREXX compile and assemble rxfnsc runtime RexxClassicBifTime ...
2026-09-15T21:24:56.8507640Z [569/676] cREXX compile and assemble rxfnsc runtime RexxClassicBifTrace ...
2026-09-15T21:24:56.9990280Z [570/676] cREXX compile and assemble rxfnsc runtime RexxClassicBifTranslate ...
2026-09-15T21:24:57.5770110Z [571/676] cREXX compile and assemble rxfnsc runtime RexxClassicBifTrunc ...
2026-09-15T21:24:57.7075730Z [572/676] cREXX compile and assemble rxfnsc runtime RexxClassicBifValue ...
2026-09-15T21:24:58.3095510Z [573/676] cREXX compile and assemble rxfnsc runtime RexxClassicBifVerify ...
2026-09-15T21:24:58.4303400Z [574/676] cREXX compile and assemble rxfnsc runtime RexxClassicBifWord ...
2026-09-15T21:24:59.0526330Z [575/676] cREXX compile and assemble rxfnsc runtime RexxClassicBifWordindex ...
2026-09-15T21:24:59.1334130Z [576/676] cREXX compile and assemble rxfnsc runtime RexxClassicBifWordlength ...
2026-09-15T21:24:59.8545180Z [577/676] cREXX compile and assemble rxfnsc runtime RexxClassicBifWords ...
2026-09-15T21:24:59.8614690Z [578/676] cREXX compile and assemble rxfnsc runtime RexxClassicBifWordpos ...
2026-09-15T21:25:00.6539790Z [579/676] cREXX compile and assemble rxfnsc runtime RexxClassicBifX2b ...
2026-09-15T21:25:00.6581230Z [580/676] cREXX compile and assemble rxfnsc runtime RexxClassicBifX2c ...
2026-09-15T21:25:01.3835340Z [581/676] cREXX compile and assemble rxfnsc runtime RexxClassicBifXrange ...
2026-09-15T21:25:01.4150660Z [582/676] cREXX compile and assemble rxfnsc runtime RexxClassicBifX2d ...
2026-09-15T21:25:01.8403230Z [583/676] cREXX compile and assemble rxfnsc runtime RexxClassicBitFunctions ...
2026-09-15T21:25:02.2909170Z [584/676] cREXX compile and assemble rxfnsc runtime RexxClassicCharacterOps ...
2026-09-15T21:25:02.5406430Z [585/676] cREXX compile and assemble rxfnsc runtime RexxClassicCharacterScan ...
2026-09-15T21:25:02.6679140Z [586/676] cREXX compile and assemble rxfnsc runtime RexxClassicBifs ...
2026-09-15T21:25:02.8900850Z [587/676] cREXX compile and assemble rxfnsc runtime RexxClassicConfig ...
2026-09-15T21:25:03.1879020Z [588/676] cREXX compile and assemble rxfnsc runtime RexxClassicDatatype ...
2026-09-15T21:25:03.2541340Z [589/676] cREXX compile and assemble rxfnsc runtime RexxClassicEncoding ...
2026-09-15T21:25:03.4393120Z [590/676] cREXX compile and assemble rxfnsc runtime RexxClassicState ...
2026-09-15T21:25:03.5329610Z [591/676] cREXX compile and assemble rxfnsc runtime RexxStem ...
2026-09-15T21:25:03.9020060Z [592/676] cREXX compile and assemble rxfnsc runtime RexxValue ...
2026-09-15T21:25:04.2083940Z [593/676] cREXX compile and assemble native-backed classlib adapter Os ...
2026-09-15T21:25:04.2221700Z [594/676] cREXX compile and assemble rxfnsc runtime RexxVariablePool ...
2026-09-15T21:25:04.2331320Z [595/676] cREXX Linked native-backed Class Library Adapter Image ...
2026-09-15T21:25:04.2551430Z [596/676] Publishing native-backed class library image ...
2026-09-15T21:25:04.2751510Z [597/676] Staging exact imports for the Level B Level G builder ...
2026-09-15T21:25:04.3108590Z [598/676] cREXX Linked rxfnsc Runtime Library Image ...
2026-09-15T21:25:04.3422820Z [599/676] Publishing consolidated rxfnsc runtime library image ...
2026-09-15T21:25:04.3708720Z [600/676] Staging immutable RexxScript compiler imports ...
2026-09-15T21:25:04.5492640Z [601/676] Building experimental backend-neutral Level G UI library
2026-09-15T21:25:07.8466910Z [602/676] cREXX compile and assemble RexxScript runtime RexxScriptEvaluator ...
2026-09-15T21:25:07.8468550Z Warning in RexxScriptEvaluator.crexx @ 266:10 - #NOT_IN_SAME_SCOPE: Implicit use creates a separate binding; the earlier same-named binding is at line 249, column 8. Declare this binding explicitly if intentional., "i"
2026-09-15T21:25:07.8469830Z Warning in RexxScriptEvaluator.crexx @ 608:7 - #NOT_IN_SAME_SCOPE: Implicit use creates a separate binding; the earlier same-named binding is at line 600, column 7. Declare this binding explicitly if intentional., "expr"
2026-09-15T21:25:07.8470710Z 2 warning(s) in source file
2026-09-15T21:25:08.0099060Z [603/676] cREXX compile and assemble RexxScript runtime RexxScriptRuntime ...
2026-09-15T21:25:08.1710100Z [604/676] cREXX compile and assemble RexxScript runtime RexxScriptEvaluateCompat ...
2026-09-15T21:25:08.2062770Z [605/676] cREXX Linked RexxScript Runtime Library Image ...
2026-09-15T21:25:08.2359870Z [606/676] Publishing consolidated RexxScript runtime library image ...
2026-09-15T21:25:08.3206130Z [607/676] Stage immutable rxpp compiler imports ...
2026-09-15T21:25:08.4383180Z [608/676] Bootstrapping the Level B Level G builder ...
2026-09-15T21:25:08.6074760Z [609/676] Generating UI contract v0 bindings and schema
2026-09-15T21:25:11.6556460Z [610/676] Compile and assemble rxpp in its private member directory ...
2026-09-15T21:25:11.9713790Z [611/676] Link the private rxpp runtime image ...
2026-09-15T21:25:12.1039850Z [612/676] Package the private rxpp runtime image as C ...
2026-09-15T21:25:12.3680390Z [613/676] Generating ../../bin/ui_catalog.rxbin
2026-09-15T21:25:12.3980400Z [614/676] Staging deterministic debugger imports ...
2026-09-15T21:25:12.8664870Z [615/676] Building C object preprocessor/CMakeFiles/rxpp.dir/generated/rxpp/rxpp.c.o
2026-09-15T21:25:13.8349930Z [616/676] Generating ../../bin/ui_contract.rxbin
2026-09-15T21:25:14.0809950Z [617/676] cREXX compile and assemble rxdb_gui ...
2026-09-15T21:25:14.1997450Z [618/676] Linking C executable bin/rxpp
2026-09-15T21:25:14.7882670Z [619/676] Generating ../../bin/ui_local_resources.rxbin
2026-09-15T21:25:14.8135520Z [620/676] Bundling array-formatting function example
2026-09-15T21:25:14.8356600Z [621/676] Staging deterministic crexx driver imports ...
2026-09-15T21:25:14.8512780Z [622/676] Staging deterministic rxdb GUI metadata ...
2026-09-15T21:25:15.4576780Z [623/676] Generating ../../bin/ui_dialogs.rxbin
2026-09-15T21:25:16.2673580Z [624/676] Generating ../../bin/ui_terminal_view.rxbin
2026-09-15T21:25:16.2872640Z [625/676] Staging deterministic RexxScript runner imports ...
2026-09-15T21:25:16.5289340Z [626/676] Building optimized array-formatting example program
2026-09-15T21:25:16.5966360Z [627/676] Generating source-mapped Text Inspector application with RXPP
2026-09-15T21:25:16.5968050Z CRX0010I [21:25:16.570266] Pre-Compile started
2026-09-15T21:25:16.5969530Z Input File:   /Users/runner/work/CREXX/CREXX/examples/ui/text-inspector/text_inspector.rxpp
2026-09-15T21:25:16.5972910Z Output File:  /Users/runner/work/_temp/build/examples/ui/text-inspector/generated/text_inspector.crexx
2026-09-15T21:25:16.5974710Z Macro Lib:    /Users/runner/work/_temp/build/examples/ui/text-inspector/rxpp/maclib.rexx
2026-09-15T21:25:16.5976870Z Verbose:      1
2026-09-15T21:25:16.5977630Z CRX0100I [21:25:16.572206] Pre-Compile pass one
2026-09-15T21:25:16.5978950Z CRX0110I [21:25:16.572220] System Path /Users/runner/work/_temp/build/examples/ui/text-inspector/rxpp/
2026-09-15T21:25:16.5980710Z CRX0110I [21:25:16.572223] Input Path  /Users/runner/work/CREXX/CREXX/examples/ui/text-inspector/
2026-09-15T21:25:16.5982320Z CRX0110I [21:25:16.572225] Macro Path  /Users/runner/work/_temp/build/examples/ui/text-inspector/rxpp/
2026-09-15T21:25:16.5983930Z CRX0110I [21:25:16.572227] Build Path  /Users/runner/work/_temp/build/examples/ui/text-inspector/generated/
2026-09-15T21:25:16.5985440Z CRX0120I [21:25:16.574060] Maclib loaded:      68 records
2026-09-15T21:25:16.5986430Z CRX0130I [21:25:16.574075] Macros extracted:   35
2026-09-15T21:25:16.5987340Z CRX0120I [21:25:16.575549] System Maclib loaded: 42 records
2026-09-15T21:25:16.5988380Z CRX0130I [21:25:16.575561] Macros extracted:     29
2026-09-15T21:25:16.5989340Z CRX0140I [21:25:16.576617] Rexx Source loaded: 210 records
2026-09-15T21:25:16.5990680Z CRX0110I [21:25:16.577357] Macro Path  /Users/runner/work/_temp/build/examples/ui/text-inspector/rxpp/ui/
2026-09-15T21:25:16.5992830Z CRX0170I Script macro ##ui_launcher registered from /Users/runner/work/_temp/build/examples/ui/text-inspector/rxpp/ui/
2026-09-15T21:25:16.5993610Z CRX0170I Script macro ##ui_node registered from /Users/runner/work/_temp/build/examples/ui/text-inspector/rxpp/ui/
2026-09-15T21:25:16.5994370Z CRX0170I Script macro ##ui_command registered from /Users/runner/work/_temp/build/examples/ui/text-inspector/rxpp/ui/
2026-09-15T21:25:16.5994900Z CRX0150I [21:25:16.581194] Macros extracted:   0
2026-09-15T21:25:16.5995290Z CRX0160I [21:25:16.581267] Macros arranged:    64
2026-09-15T21:25:16.5995710Z CRX0200I [21:25:16.581418] Pre-Compile pass two
2026-09-15T21:25:16.5996300Z CRX0171I Script macro ##ui_command selected from /Users/runner/work/_temp/build/examples/ui/text-inspector/rxpp/ui/ui_command.rxpm
2026-09-15T21:25:16.5997120Z CRX0171I Script macro ##ui_node selected from /Users/runner/work/_temp/build/examples/ui/text-inspector/rxpp/ui/ui_node.rxpm
2026-09-15T21:25:16.5997690Z CRX0300I [21:25:16.594550] Pre-Compiled REXX generated 
2026-09-15T21:25:16.5998040Z CRX0310I [21:25:16.594564] Pre-Compiled REXX saved
2026-09-15T21:25:16.5998640Z CRX0510I [21:25:16.595060] Library import names passed to /Users/runner/work/_temp/build/examples/ui/text-inspector/generated/text_inspector.inc
2026-09-15T21:25:16.5999360Z CRX0500I [21:25:16.595071] Pre-Compile completed, 8 macro calls expanded, total source lines 600
2026-09-15T21:25:16.6011130Z CRX0101I [21:25:16.595078] Elapsed Time 0.025655 seconds, 25.655 milliseconds
2026-09-15T21:25:17.0555140Z [628/676] Bootstrapping the installed crexx project-build worker ...
2026-09-15T21:25:17.4195140Z [629/676] cREXX compile, assemble, link and package rxdb ...
2026-09-15T21:25:17.4685500Z [630/676] Staging deterministic Level L imports ...
2026-09-15T21:25:17.4881820Z [631/676] Staging deterministic rxsqlite ADDRESS imports ...
2026-09-15T21:25:18.1431380Z [632/676] Building portable Level G cREXX TUI driver
2026-09-15T21:25:19.0354960Z [633/676] Generating ../../bin/ui_ansi.rxbin
2026-09-15T21:25:19.3742830Z [634/676] Generating ui_driver_probe.rxbin
2026-09-15T21:25:19.7039850Z [635/676] Building optimized pprint compiler-exit example
2026-09-15T21:25:20.1358080Z [636/676] Compiling and assembling Text Inspector application
2026-09-15T21:25:20.2093270Z [637/676] Building C object debugger/CMakeFiles/rxdb.dir/rxdb.c.o
2026-09-15T21:25:20.5328830Z [638/676] Building C object preprocessor/CMakeFiles/rxpp_sh.dir/rxpp_sh.c.o
2026-09-15T21:25:20.6349920Z [639/676] cREXX compile and assemble tinyexpr ...
2026-09-15T21:25:21.1638710Z [640/676] Building the rxsqlite Level-G ADDRESS facade ...
2026-09-15T21:25:21.1874420Z [641/676] Bundling standalone pprint compiler-exit example
2026-09-15T21:25:21.2484620Z [642/676] Generating Text Inspector TUI launcher with RXPP
2026-09-15T21:25:21.2486510Z CRX0010I [21:25:21.231357] Pre-Compile started
2026-09-15T21:25:21.2488110Z Input File:   /Users/runner/work/CREXX/CREXX/examples/ui/text-inspector/text_inspector_tui.rxpp
2026-09-15T21:25:21.2490090Z Output File:  /Users/runner/work/_temp/build/examples/ui/text-inspector/generated/text_inspector_tui.crexx
2026-09-15T21:25:21.2491940Z Macro Lib:    /Users/runner/work/_temp/build/examples/ui/text-inspector/rxpp/maclib.rexx
2026-09-15T21:25:21.2493260Z Verbose:      1
2026-09-15T21:25:21.2494160Z CRX0100I [21:25:21.234160] Pre-Compile pass one
2026-09-15T21:25:21.2495650Z CRX0110I [21:25:21.234186] System Path /Users/runner/work/_temp/build/examples/ui/text-inspector/rxpp/
2026-09-15T21:25:21.2497460Z CRX0110I [21:25:21.234194] Input Path  /Users/runner/work/CREXX/CREXX/examples/ui/text-inspector/
2026-09-15T21:25:21.2499280Z CRX0110I [21:25:21.234199] Macro Path  /Users/runner/work/_temp/build/examples/ui/text-inspector/rxpp/
2026-09-15T21:25:21.2501190Z CRX0110I [21:25:21.234205] Build Path  /Users/runner/work/_temp/build/examples/ui/text-inspector/generated/
2026-09-15T21:25:21.2502750Z CRX0120I [21:25:21.238144] Maclib loaded:      68 records
2026-09-15T21:25:21.2503880Z CRX0130I [21:25:21.238164] Macros extracted:   35
2026-09-15T21:25:21.2505030Z CRX0120I [21:25:21.241631] System Maclib loaded: 42 records
2026-09-15T21:25:21.2506190Z CRX0130I [21:25:21.241652] Macros extracted:     29
2026-09-15T21:25:21.2507230Z CRX0140I [21:25:21.242248] Rexx Source loaded: 7 records
2026-09-15T21:25:21.2508670Z CRX0110I [21:25:21.242730] Macro Path  /Users/runner/work/_temp/build/examples/ui/text-inspector/rxpp/ui/
2026-09-15T21:25:21.2510720Z CRX0170I Script macro ##ui_launcher registered from /Users/runner/work/_temp/build/examples/ui/text-inspector/rxpp/ui/
2026-09-15T21:25:21.2512870Z CRX0170I Script macro ##ui_node registered from /Users/runner/work/_temp/build/examples/ui/text-inspector/rxpp/ui/
2026-09-15T21:25:21.2515050Z CRX0170I Script macro ##ui_command registered from /Users/runner/work/_temp/build/examples/ui/text-inspector/rxpp/ui/
2026-09-15T21:25:21.2516710Z CRX0150I [21:25:21.243659] Macros extracted:   0
2026-09-15T21:25:21.2517630Z CRX0160I [21:25:21.243731] Macros arranged:    64
2026-09-15T21:25:21.2518490Z CRX0200I [21:25:21.243755] Pre-Compile pass two
2026-09-15T21:25:21.2519980Z CRX0171I Script macro ##ui_launcher selected from /Users/runner/work/_temp/build/examples/ui/text-inspector/rxpp/ui/ui_launcher.rxpm
2026-09-15T21:25:21.2523440Z CRX0300I [21:25:21.246720] Pre-Compiled REXX generated 
2026-09-15T21:25:21.2524420Z CRX0310I [21:25:21.246736] Pre-Compiled REXX saved
2026-09-15T21:25:21.2526210Z CRX0510I [21:25:21.247021] Library import names passed to /Users/runner/work/_temp/build/examples/ui/text-inspector/generated/text_inspector_tui.inc
2026-09-15T21:25:21.2528370Z CRX0500I [21:25:21.247034] Pre-Compile completed, 0 macro calls expanded, total source lines 26
2026-09-15T21:25:21.2529950Z CRX0101I [21:25:21.247043] Elapsed Time 0.016487 seconds, 16.487 milliseconds
2026-09-15T21:25:21.3098040Z [643/676] Generating generated/text_inspector_ansi.crexx
2026-09-15T21:25:21.3098680Z CRX0010I [21:25:21.294539] Pre-Compile started
2026-09-15T21:25:21.3099290Z Input File:   /Users/runner/work/CREXX/CREXX/examples/ui/text-inspector/text_inspector_ansi.rxpp
2026-09-15T21:25:21.3100040Z Output File:  /Users/runner/work/_temp/build/examples/ui/text-inspector/generated/text_inspector_ansi.crexx
2026-09-15T21:25:21.3100720Z Macro Lib:    /Users/runner/work/_temp/build/examples/ui/text-inspector/rxpp/maclib.rexx
2026-09-15T21:25:21.3101230Z Verbose:      1
2026-09-15T21:25:21.3101610Z CRX0100I [21:25:21.296099] Pre-Compile pass one
2026-09-15T21:25:21.3102140Z CRX0110I [21:25:21.296132] System Path /Users/runner/work/_temp/build/examples/ui/text-inspector/rxpp/
2026-09-15T21:25:21.3103210Z CRX0110I [21:25:21.296140] Input Path  /Users/runner/work/CREXX/CREXX/examples/ui/text-inspector/
2026-09-15T21:25:21.3103930Z CRX0110I [21:25:21.296146] Macro Path  /Users/runner/work/_temp/build/examples/ui/text-inspector/rxpp/
2026-09-15T21:25:21.3104780Z CRX0110I [21:25:21.296151] Build Path  /Users/runner/work/_temp/build/examples/ui/text-inspector/generated/
2026-09-15T21:25:21.3105270Z CRX0120I [21:25:21.300088] Maclib loaded:      68 records
2026-09-15T21:25:21.3105610Z CRX0130I [21:25:21.300120] Macros extracted:   35
2026-09-15T21:25:21.3105960Z CRX0120I [21:25:21.303527] System Maclib loaded: 42 records
2026-09-15T21:25:21.3106310Z CRX0130I [21:25:21.303546] Macros extracted:     29
2026-09-15T21:25:21.3106660Z CRX0140I [21:25:21.303990] Rexx Source loaded: 7 records
2026-09-15T21:25:21.3107140Z CRX0110I [21:25:21.304474] Macro Path  /Users/runner/work/_temp/build/examples/ui/text-inspector/rxpp/ui/
2026-09-15T21:25:21.3107790Z CRX0170I Script macro ##ui_launcher registered from /Users/runner/work/_temp/build/examples/ui/text-inspector/rxpp/ui/
2026-09-15T21:25:21.3108480Z CRX0170I Script macro ##ui_node registered from /Users/runner/work/_temp/build/examples/ui/text-inspector/rxpp/ui/
2026-09-15T21:25:21.3109160Z CRX0170I Script macro ##ui_command registered from /Users/runner/work/_temp/build/examples/ui/text-inspector/rxpp/ui/
2026-09-15T21:25:21.3109670Z CRX0150I [21:25:21.305436] Macros extracted:   0
2026-09-15T21:25:21.3110000Z CRX0160I [21:25:21.305543] Macros arranged:    64
2026-09-15T21:25:21.3110320Z CRX0200I [21:25:21.305590] Pre-Compile pass two
2026-09-15T21:25:21.3110870Z CRX0171I Script macro ##ui_launcher selected from /Users/runner/work/_temp/build/examples/ui/text-inspector/rxpp/ui/ui_launcher.rxpm
2026-09-15T21:25:21.3111440Z CRX0300I [21:25:21.308231] Pre-Compiled REXX generated 
2026-09-15T21:25:21.3111790Z CRX0310I [21:25:21.308246] Pre-Compiled REXX saved
2026-09-15T21:25:21.3112390Z CRX0510I [21:25:21.308504] Library import names passed to /Users/runner/work/_temp/build/examples/ui/text-inspector/generated/text_inspector_ansi.inc
2026-09-15T21:25:21.3113090Z CRX0500I [21:25:21.308515] Pre-Compile completed, 0 macro calls expanded, total source lines 26
2026-09-15T21:25:21.3113610Z CRX0101I [21:25:21.308523] Elapsed Time 0.014635 seconds, 14.635 milliseconds
2026-09-15T21:25:21.7284210Z [644/676] Generating text_inspector_test_host.rxbin
2026-09-15T21:25:21.8390990Z [645/676] Linking C executable bin/rxdb
2026-09-15T21:25:21.9645010Z [646/676] Linking C executable bin/rxpp-sh
2026-09-15T21:25:21.9734510Z [647/676] cREXX Linked Level L Library Image ...
2026-09-15T21:25:22.4114370Z [648/676] Building the rxsqlite ADDRESS consumer demo ...
2026-09-15T21:25:22.7015710Z [649/676] Building program with standalone pprint exit example
2026-09-15T21:25:23.0387670Z [650/676] Building Text Inspector TUI launcher
2026-09-15T21:25:23.3651290Z [651/676] Generating text_inspector_ansi.rxbin
2026-09-15T21:25:23.6757070Z [652/676] Generating text_inspector_core_noopt.rxbin
2026-09-15T21:25:24.0483890Z [653/676] Generating text_inspector_core_opt.rxbin
2026-09-15T21:25:24.3778050Z [654/676] Generating text_inspector_tui_noopt.rxbin
2026-09-15T21:25:25.0963270Z [655/676] Generating text_inspector_tui_opt.rxbin
2026-09-15T21:25:31.3561610Z [656/676] Building Level G and Unicode with the Level B builder ...
2026-09-15T21:25:31.3562790Z WAVE: G1 independent base members jobs=5
2026-09-15T21:25:31.3563720Z START: G member decimal
2026-09-15T21:25:31.3564330Z START: G member packednumeric
2026-09-15T21:25:31.3565030Z START: G member httpcore
2026-09-15T21:25:31.3565610Z START: G member integer
2026-09-15T21:25:31.3566140Z START: G member httpcodec
2026-09-15T21:25:31.3566710Z BUILT: G member integer
2026-09-15T21:25:31.3567320Z BUILT: G member packednumeric
2026-09-15T21:25:31.3567920Z BUILT: G member decimal
2026-09-15T21:25:31.3568450Z BUILT: G member httpcodec
2026-09-15T21:25:31.3568990Z BUILT: G member httpcore
2026-09-15T21:25:31.3569660Z WAVE: G2 public HTTP jobs=1
2026-09-15T21:25:31.3583960Z START: G member http
2026-09-15T21:25:31.3584940Z BUILT: G member http
2026-09-15T21:25:31.3585480Z WAVE: G3 HTTP consumers jobs=2
2026-09-15T21:25:31.3586070Z START: G member httpserver
2026-09-15T21:25:31.3587050Z START: G member llm
2026-09-15T21:25:31.3587540Z BUILT: G member llm
2026-09-15T21:25:31.3588050Z BUILT: G member httpserver
2026-09-15T21:25:31.3588650Z WAVE: U1 independent table tools jobs=6
2026-09-15T21:25:31.3589320Z START: G member grapheme_table
2026-09-15T21:25:31.3589920Z START: G member level_l_gennorm2
2026-09-15T21:25:31.3590530Z START: G member encoding_table
2026-09-15T21:25:31.3591140Z START: G member unicode_normprops
2026-09-15T21:25:31.3591750Z START: G member case_mapping_table
2026-09-15T21:25:31.3592620Z START: G member casefold_table
2026-09-15T21:25:31.3592990Z BUILT: G member level_l_gennorm2
2026-09-15T21:25:31.3593220Z BUILT: G member case_mapping_table
2026-09-15T21:25:31.3593450Z BUILT: G member casefold_table
2026-09-15T21:25:31.3593680Z BUILT: G member encoding_table
2026-09-15T21:25:31.3593920Z BUILT: G member grapheme_table
2026-09-15T21:25:31.3594160Z BUILT: G member unicode_normprops
2026-09-15T21:25:31.3594420Z WAVE: U2 dependent generators jobs=5
2026-09-15T21:25:31.3594660Z START: G member generate_casefold
2026-09-15T21:25:31.3594880Z START: G member generate_grapheme
2026-09-15T21:25:31.3595170Z START: G member generate_case_mapping
2026-09-15T21:25:31.3595410Z START: G member unicode_gennorm2
2026-09-15T21:25:31.3595620Z START: G member generate_encoding
2026-09-15T21:25:31.3595840Z BUILT: G member generate_casefold
2026-09-15T21:25:31.3596070Z BUILT: G member generate_case_mapping
2026-09-15T21:25:31.3596300Z BUILT: G member generate_grapheme
2026-09-15T21:25:31.3596510Z BUILT: G member generate_encoding
2026-09-15T21:25:31.3596730Z BUILT: G member unicode_gennorm2
2026-09-15T21:25:31.3596950Z WAVE: U3 normalization data tool jobs=1
2026-09-15T21:25:31.3597190Z START: G member unicode_data
2026-09-15T21:25:31.3597390Z BUILT: G member unicode_data
2026-09-15T21:25:31.3597620Z WAVE: U4 prepared normalization table jobs=1
2026-09-15T21:25:31.3597880Z START: G member unicode_d
2026-09-15T21:25:31.3598080Z BUILT: G member unicode_d
2026-09-15T21:25:31.3598300Z WAVE: U5 normalization generator jobs=1
2026-09-15T21:25:31.3598540Z START: G member generate_normalization
2026-09-15T21:25:31.3598770Z BUILT: G member generate_normalization
2026-09-15T21:25:31.3599010Z WAVE: U6 link source generators jobs=5
2026-09-15T21:25:31.3599240Z START: link case-mapping generator
2026-09-15T21:25:31.3599460Z START: link case-fold generator
2026-09-15T21:25:31.3599680Z START: link encoding generator
2026-09-15T21:25:31.3599880Z START: link grapheme generator
2026-09-15T21:25:31.3600090Z START: link normalization generator
2026-09-15T21:25:31.3600330Z BUILT: link encoding generator
2026-09-15T21:25:31.3600540Z BUILT: link case-fold generator
2026-09-15T21:25:31.3600750Z BUILT: link normalization generator
2026-09-15T21:25:31.3600980Z BUILT: link case-mapping generator
2026-09-15T21:25:31.3601200Z BUILT: link grapheme generator
2026-09-15T21:25:31.3601410Z WAVE: U7 generate runtime sources jobs=5
2026-09-15T21:25:31.3602060Z START: generate case-mapping source
2026-09-15T21:25:31.3602730Z START: generate case-fold source
2026-09-15T21:25:31.3602960Z START: generate encoding source
2026-09-15T21:25:31.3603160Z START: generate grapheme source
2026-09-15T21:25:31.3603370Z START: generate normalization source
2026-09-15T21:25:31.3603590Z BUILT: generate grapheme source
2026-09-15T21:25:31.3603800Z BUILT: generate case-fold source
2026-09-15T21:25:31.3604030Z BUILT: generate encoding source
2026-09-15T21:25:31.3604250Z BUILT: generate normalization source
2026-09-15T21:25:31.3604480Z BUILT: generate case-mapping source
2026-09-15T21:25:31.3604720Z WAVE: U8 private Unicode runtimes jobs=5
2026-09-15T21:25:31.3604950Z START: G member unicode_casefold
2026-09-15T21:25:31.3605160Z START: G member unicode_case_mapping
2026-09-15T21:25:31.3605390Z START: G member unicode_normalization
2026-09-15T21:25:31.3605930Z START: G member unicode_grapheme
2026-09-15T21:25:31.3606310Z START: G member unicode_codec
2026-09-15T21:25:31.3606520Z BUILT: G member unicode_grapheme
2026-09-15T21:25:31.3606900Z BUILT: G member unicode_codec
2026-09-15T21:25:31.3607120Z BUILT: G member unicode_case_mapping
2026-09-15T21:25:31.3607350Z BUILT: G member unicode_normalization
2026-09-15T21:25:31.3607590Z BUILT: G member unicode_casefold
2026-09-15T21:25:31.3607840Z WAVE: U9 public Unicode facade jobs=1
2026-09-15T21:25:31.3608080Z START: G member unicode
2026-09-15T21:25:31.3608260Z BUILT: G member unicode
2026-09-15T21:25:31.3608440Z BUILT: Level G library
2026-09-15T21:25:31.3608720Z PUBLISHED: /Users/runner/work/_temp/build/bin/rxfnsg.rxbin
2026-09-15T21:25:31.7751560Z [657/676] Compiling ollama_generate.crexx ...
2026-09-15T21:25:32.1940000Z [658/676] C Packing cREXX Core Libraries ...
2026-09-15T21:25:32.2602270Z [659/676] Compiling openai_generate.crexx ...
2026-09-15T21:25:32.3051940Z [660/676] Building C object interpreter/CMakeFiles/rxvme.dir/rxvmmain.c.o
2026-09-15T21:25:32.3947990Z [661/676] Building C object interpreter/CMakeFiles/rxbvme.dir/rxvmmain.c.o
2026-09-15T21:25:38.0211670Z [662/676] Building C object interpreter/CMakeFiles/rxvme.dir/library.c.o
2026-09-15T21:25:38.2885070Z [663/676] Linking C executable bin/rxvme
2026-09-15T21:25:38.2932490Z [664/676] Building C object interpreter/CMakeFiles/rxbvme.dir/library.c.o
2026-09-15T21:25:38.9870610Z [665/676] cREXX compile, assemble, link and package standalone RexxScript runner ...
2026-09-15T21:25:39.5738200Z [666/676] Building C object rexxscript/CMakeFiles/rexxscript_cli.dir/RexxScriptRunner.c.o
2026-09-15T21:25:39.7109960Z [667/676] Linking C executable bin/rxbvme
2026-09-15T21:25:39.8373040Z [668/676] Linking C executable bin/rexxscript
2026-09-15T21:25:40.5237120Z [669/676] Compiling anthropic_generate.crexx ...
2026-09-15T21:25:41.1278080Z [670/676] Compiling gemini_generate.crexx ...
2026-09-15T21:25:42.0237760Z [671/676] Compiling llm_address_demo.crexx ...
2026-09-15T21:25:42.0260460Z Warning in llm_address_demo.crexx @ 4:8 - #UNUSED_IMPORT: Import is recognized but not used., "rxfnsg"
2026-09-15T21:25:42.0268010Z 1 warning(s) in source file
2026-09-15T21:25:42.7539610Z [672/676] Compiling llm_address_environment.crexx ...
2026-09-15T21:25:50.2750270Z [673/676] cREXX compile, assemble, link and package crexx ...
2026-09-15T21:25:50.7398510Z [674/676] Building C object crexx_driver/CMakeFiles/crexx.dir/crexx.c.o
2026-09-15T21:25:50.8788100Z [675/676] Linking C executable bin/crexx
2026-09-15T21:25:50.9175870Z ##[group]Run cmake --build "/Users/runner/work/_temp/build" \
2026-09-15T21:25:50.9177330Z [36;1mcmake --build "/Users/runner/work/_temp/build" \[0m
2026-09-15T21:25:50.9178790Z [36;1m  --target qa-smoke \[0m
2026-09-15T21:25:50.9179420Z [36;1m  --parallel 2[0m
2026-09-15T21:25:50.9552080Z shell: /bin/bash --noprofile --norc -e -o pipefail {0}
2026-09-15T21:25:50.9552500Z env:
2026-09-15T21:25:50.9552810Z   pythonLocation: /Users/runner/hostedtoolcache/Python/3.12.10/arm64
2026-09-15T21:25:50.9553410Z   PKG_CONFIG_PATH: /Users/runner/hostedtoolcache/Python/3.12.10/arm64/lib/pkgconfig
2026-09-15T21:25:50.9554020Z   Python_ROOT_DIR: /Users/runner/hostedtoolcache/Python/3.12.10/arm64
2026-09-15T21:25:50.9554670Z   Python2_ROOT_DIR: /Users/runner/hostedtoolcache/Python/3.12.10/arm64
2026-09-15T21:25:50.9555160Z   Python3_ROOT_DIR: /Users/runner/hostedtoolcache/Python/3.12.10/arm64
2026-09-15T21:25:50.9555580Z ##[endgroup]
2026-09-15T21:25:51.1167860Z [0/2] Re-checking globbed directories...
2026-09-15T21:25:51.6607780Z [1/226] Building C object linker/CMakeFiles/rxlink_concat_files.dir/tests/concat_files.c.o
2026-09-15T21:25:51.7536870Z [2/226] Building C object interpreter/rxvmplugin/rxvmplugins/mc_decimal/CMakeFiles/mc_decimal_dynamic.dir/mc_decimal.c.o
2026-09-15T21:25:51.8428790Z [3/226] Linking C shared module bin/rxvm_mc_decimal.rxvmplugin
2026-09-15T21:25:51.8549400Z [4/226] cREXX RXLINK fixture tests_link_root ...
2026-09-15T21:25:51.8674040Z [5/226] cREXX RXLINK fixture tests_link_provider_a ...
2026-09-15T21:25:51.9010510Z [6/226] cREXX RXLINK fixture tests_link_interface_root ...
2026-09-15T21:25:51.9099250Z [7/226] cREXX RXLINK fixture tests_link_interface_impl ...
2026-09-15T21:25:51.9806900Z [8/226] Linking C executable linker/rxlink_concat_files
2026-09-15T21:25:51.9958030Z [9/226] cREXX RXLINK success fixture ...
2026-09-15T21:25:52.0081710Z [10/226] cREXX RXLINK interface fixture ...
2026-09-15T21:25:52.0785840Z [11/226] Building C object disassembler/CMakeFiles/rxdas.dir/rxdamain.c.o
2026-09-15T21:25:52.2266750Z [12/226] Compiling dynamic_load_provider.crexx ...
2026-09-15T21:25:52.3991360Z [13/226] Building C object disassembler/CMakeFiles/rxdas.dir/rxdadism.c.o
2026-09-15T21:25:52.3994080Z [14/226] Building C object lib/plugins/map/CMakeFiles/_map.dir/map.c.o
2026-09-15T21:25:52.4471470Z [15/226] Building C object tests/rxpa/CMakeFiles/_rxpalink_decl.dir/rxpa_staticlink.c.o
2026-09-15T21:25:52.4510690Z [16/226] Building C object tests/rxpa/CMakeFiles/_rxpa_callmethod_static.dir/rxpa_callmethod.c.o
2026-09-15T21:25:52.5168090Z [17/226] Building C object tests/rxpa/CMakeFiles/_testfuncs_static.dir/rxpa_functests.c.o
2026-09-15T21:25:52.6892080Z [18/226] Building C object _deps/dsl_syntax_highlighter-build/CMakeFiles/dslsyntax_editor.dir/code_buffer.c.o
2026-09-15T21:25:52.7529390Z [19/226] Building C object _deps/dsl_syntax_highlighter-build/CMakeFiles/dslsyntax_editor.dir/comms.c.o
2026-09-15T21:25:52.7994740Z [20/226] Building C object _deps/dsl_syntax_highlighter-build/CMakeFiles/dslsyntax_editor.dir/dslsyntax_log.c.o
2026-09-15T21:25:52.9333360Z [21/226] Building C object _deps/dsl_syntax_highlighter-build/CMakeFiles/dslsyntax_editor.dir/dslsyntax_common.c.o
2026-09-15T21:25:52.9823000Z [22/226] Building C object _deps/dsl_syntax_highlighter-build/CMakeFiles/dslsyntax_editor.dir/serialization.c.o
2026-09-15T21:25:53.0707070Z [23/226] Building C object _deps/dsl_syntax_highlighter-build/CMakeFiles/dslsyntax_editor.dir/diff.c.o
2026-09-15T21:25:53.1453560Z [24/226] Building C object _deps/dsl_syntax_highlighter-build/CMakeFiles/dslsyntax_editor.dir/thread_utils.c.o
2026-09-15T21:25:53.2851180Z [25/226] Building C object _deps/dsl_syntax_highlighter-build/CMakeFiles/dslsyntax_editor.dir/emergency_parse.c.o
2026-09-15T21:25:53.3017390Z [26/226] Building C object _deps/dsl_syntax_highlighter-build/CMakeFiles/dslsyntax_editor.dir/dslsyntax_editor.c.o
2026-09-15T21:25:54.1335030Z [27/226] Compiling cms_address_demo.crexx ...
2026-09-15T21:25:54.4591860Z [28/226] Compiling address_cms_host.crexx ...
2026-09-15T21:25:55.0371960Z [29/226] Compiling cms_address_environment.crexx ...
2026-09-15T21:25:55.1820260Z [30/226] Compiling address_callback_host.crexx ...
2026-09-15T21:25:55.5147220Z [31/226] Compiling dynamic_load_host.crexx ...
2026-09-15T21:25:55.5384070Z [32/226] cREXX RXLINK inline-metadata fixture ...
2026-09-15T21:25:55.5510960Z [33/226] cREXX RXLINK stripped fixture ...
2026-09-15T21:25:55.5738040Z [34/226] cREXX RXLINK record-stream concat fixture ...
2026-09-15T21:25:55.6362580Z [35/226] Linking C executable bin/rxdas
2026-09-15T21:25:55.6623010Z [36/226] Compiling crexxsaa_variables_host.crexx ...
2026-09-15T21:25:55.7027120Z [37/226] Building C object disassembler/CMakeFiles/mutate_graph_rxbin.dir/tests/mutate_graph_rxbin.c.o
2026-09-15T21:25:55.7127910Z [38/226] cREXX RXBIN 007 portable-format tests ...
2026-09-15T21:25:55.9628850Z [39/226] Building C object interpreter/CMakeFiles/rxvm_platform_notls_objects.dir/rxvmsock.c.o
2026-09-15T21:25:56.0848700Z [40/226] Building C object interpreter/rxvmplugin/rxvmplugins/db_decimal/CMakeFiles/db_decimal_dynamic.dir/db_decimal.c.o
2026-09-15T21:25:56.0883990Z [41/226] Compiling test_reentrancy.crexx ...
2026-09-15T21:25:56.1488320Z [42/226] Building C object lib/plugins/stack/CMakeFiles/_stack.dir/stack.c.o
2026-09-15T21:25:56.2096750Z [43/226] Building C object interpreter/rxvmplugin/rxvmplugins/db_decimal/CMakeFiles/db_decimal_manual.dir/db_decimal.c.o
2026-09-15T21:25:56.2700030Z [44/226] Linking C shared module bin/rx_map.rxplugin
2026-09-15T21:25:56.3153190Z [45/226] Building C object lib/plugins/strings/CMakeFiles/_strings.dir/strings.c.o
2026-09-15T21:25:56.6065720Z [46/226] Generating testid_noopt.rxbin
2026-09-15T21:25:56.6735850Z [47/226] Generating testid_opt.rxbin
2026-09-15T21:25:56.7706460Z [48/226] Building C object tests/rxpa/CMakeFiles/_rxpa_dynlink.dir/rxpa_dynlink.c.o
2026-09-15T21:25:56.8381330Z [49/226] Building C object tests/native_signals/CMakeFiles/signal_tester.dir/sigtest-posix.c.o
2026-09-15T21:25:56.8435250Z [50/226] Linking C static library tests/rx_rxpa_callmethod_static.a
2026-09-15T21:25:56.8927040Z [51/226] Linking C static library tests/rx_rxpalink_decl.a
2026-09-15T21:25:56.8933260Z [52/226] Building C object tests/rxpa/CMakeFiles/rxc_staticlink.dir/__/__/compiler/rxc_main.c.o
2026-09-15T21:25:56.9446960Z [53/226] Building C object tests/rxpa/CMakeFiles/_rxpa_classdecl_static_decl.dir/rxpa_classdecl.c.o
2026-09-15T21:25:56.9546540Z [54/226] Building C object tests/rxpa/CMakeFiles/_rxpalink_static.dir/rxpa_staticlink.c.o
2026-09-15T21:25:57.0078890Z [55/226] Building C object tests/rxpa/CMakeFiles/_testfuncs_dynamic.dir/rxpa_functests.c.o
2026-09-15T21:25:57.0114710Z [56/226] Linking C static library tests/rx_testfuncs_static.a
2026-09-15T21:25:57.0605950Z [57/226] Building C object tests/rxpa/multplugins/CMakeFiles/_plugin1.dir/plugin1.c.o
2026-09-15T21:25:57.0849450Z [58/226] Building C object tests/rxpa/CMakeFiles/funcvm.dir/__/__/interpreter/rxvmmain.c.o
2026-09-15T21:25:57.1030040Z [59/226] Building C object tests/rxpa/multplugins/CMakeFiles/_plugin2.dir/plugin2.c.o
2026-09-15T21:25:57.1468140Z [60/226] Linking C static library _deps/dsl_syntax_highlighter-build/libdslsyntax_editor.a
2026-09-15T21:25:57.2499900Z [61/226] Building C object binutils/CMakeFiles/test_rxsha256.dir/tests/test_rxsha256.c.o
2026-09-15T21:25:57.2844970Z [62/226] Building C object dslsyntax-tools/CMakeFiles/parser_tester.dir/parser_tester.c.o
2026-09-15T21:25:57.3287370Z [63/226] Building C object contract/CMakeFiles/crexx-contract.dir/contractmain.c.o
2026-09-15T21:25:57.4157500Z [64/226] Building C object contract/CMakeFiles/crexx-contract.dir/contract_model.c.o
2026-09-15T21:25:57.4199830Z [65/226] Building C object contract/CMakeFiles/crexx-contract.dir/contract_json.c.o
2026-09-15T21:25:57.5130720Z [66/226] Building C object compiler/tests/CMakeFiles/crexx_test_driver.dir/src/test_driver.c.o
2026-09-15T21:25:57.5565950Z [67/226] Building C object compiler/tests/CMakeFiles/test_crexxsaa_status.dir/src/test_crexxsaa_status.c.o
2026-09-15T21:25:57.6577120Z [68/226] Building C object contract/CMakeFiles/crexx-contract.dir/contract_compat.c.o
2026-09-15T21:25:57.7107580Z [69/226] Building C object compiler/tests/CMakeFiles/test_source_provenance.dir/src/test_source_provenance.c.o
2026-09-15T21:25:57.7770290Z [70/226] Building C object compiler/tests/CMakeFiles/test_address_bridge.dir/src/test_address_bridge.c.o
2026-09-15T21:25:57.8461130Z [71/226] Building C object compiler/tests/CMakeFiles/test_source_semantics.dir/src/test_source_semantics.c.o
2026-09-15T21:25:57.8650270Z [72/226] Building C object compiler/tests/CMakeFiles/test_address_callback_host.dir/src/test_address_callback_host.c.o
2026-09-15T21:25:57.9058210Z [73/226] Building C object compiler/tests/CMakeFiles/test_dynamic_load.dir/src/test_dynamic_load.c.o
2026-09-15T21:25:57.9161300Z [74/226] cREXX RXLINK fixture tests_link_provider_b ...
2026-09-15T21:25:57.9366200Z [75/226] Building C object compiler/tests/CMakeFiles/test_crexxsaa_variables.dir/src/test_crexxsaa_variables.c.o
2026-09-15T21:25:57.9981210Z [76/226] Linking C executable disassembler/mutate_graph_rxbin
2026-09-15T21:25:58.0312640Z [77/226] Building C object linker/CMakeFiles/test_linked_format.dir/tests/test_linked_format.c.o
2026-09-15T21:25:58.1131820Z [78/226] Building C object disassembler/CMakeFiles/test_disassembler_dump.dir/tests/test_disassembler_dump.c.o
2026-09-15T21:25:58.1264860Z [79/226] cREXX RXDAS roundtrip fixture tests_compact_format ...
2026-09-15T21:25:58.3436400Z [80/226] Building C object disassembler/CMakeFiles/test_disassembler_dump.dir/rxdadism.c.o
2026-09-15T21:25:58.4079040Z [81/226] Building C object interpreter/CMakeFiles/rxtvm_core_objects.dir/rxvmworker.c.o
2026-09-15T21:25:58.5098830Z [82/226] Building C object interpreter/CMakeFiles/rxtvm_core_objects.dir/rxvmprogram.c.o
2026-09-15T21:25:59.1519510Z [83/226] Building C object interpreter/CMakeFiles/rxtvm_core_objects.dir/rxvmexecutor.c.o
2026-09-15T21:25:59.5803200Z [84/226] Building C object interpreter/CMakeFiles/rxtvm_core_objects.dir/rxvmchannel.c.o
2026-09-15T21:25:59.7907120Z [85/226] Building C object interpreter/CMakeFiles/rxtvm_core_objects.dir/rxvmchannel_process.c.o
2026-09-15T21:25:59.8571430Z [86/226] Building C object interpreter/CMakeFiles/rxtvm_core_objects.dir/rxvmprocessprotocol.c.o
2026-09-15T21:25:59.9364990Z [87/226] Building C object interpreter/CMakeFiles/rxtvm_core_objects.dir/rxvmprocessworker.c.o
2026-09-15T21:26:00.0230530Z [88/226] Building C object interpreter/CMakeFiles/rxtvm_core_objects.dir/rxvmbyteendpoint.c.o
2026-09-15T21:26:00.1816540Z [89/226] Building C object interpreter/CMakeFiles/rxtvm_core_objects.dir/rxvmchannel_byte.c.o
2026-09-15T21:26:00.4052330Z [90/226] Building C object interpreter/CMakeFiles/rxtvm_core_objects.dir/rxvmchannel_child.c.o
2026-09-15T21:26:00.4820200Z [91/226] Building C object interpreter/CMakeFiles/rxtvm_core_objects.dir/rxvmactive.c.o
2026-09-15T21:26:00.9000790Z [92/226] Building C object interpreter/CMakeFiles/rxtvm_core_objects.dir/rxvmload.c.o
2026-09-15T21:26:01.0080330Z [93/226] Building C object interpreter/CMakeFiles/rxtvm_core_objects.dir/interrupt.c.o
2026-09-15T21:26:01.5406380Z [94/226] Building C object interpreter/CMakeFiles/rxtvm_core_objects.dir/rxspawn.c.o
2026-09-15T21:26:01.9868760Z [95/226] Building C object interpreter/CMakeFiles/rxtvm_core_objects.dir/rxcrexxcmd.c.o
2026-09-15T21:26:02.0799610Z [96/226] Building C object interpreter/CMakeFiles/rxtvm_core_objects.dir/exitfunc.c.o
2026-09-15T21:26:02.2078020Z [97/226] Building C object interpreter/CMakeFiles/rxtvm_core_objects.dir/rxpacallmethod.c.o
2026-09-15T21:26:02.4161820Z [98/226] Building C object interpreter/CMakeFiles/rxtvm_core_objects.dir/rxpafuncs.c.o
2026-09-15T21:26:02.6199420Z [99/226] Building C object interpreter/CMakeFiles/rxtvm_core_objects.dir/rxvml/rxvm_run.c.o
2026-09-15T21:26:02.7274440Z [100/226] Building C object interpreter/CMakeFiles/rxtvm.dir/rxvmmain.c.o
2026-09-15T21:26:03.7741480Z [101/226] Building C object interpreter/CMakeFiles/ts_regvalue_tester.dir/tests/ts_regvalue_tester.c.o
2026-09-15T21:26:03.9987870Z [102/226] Building C object interpreter/CMakeFiles/test_rxpa_utf_validation.dir/tests/test_rxpa_utf_validation.c.o
2026-09-15T21:26:04.2787130Z [103/226] Building C object interpreter/CMakeFiles/test_rxpa_utf_validation.dir/rxpafuncs.c.o
2026-09-15T21:26:04.3481340Z [104/226] Building C object interpreter/CMakeFiles/test_rxpa_utf_validation.dir/rxvmactive.c.o
2026-09-15T21:26:04.4264440Z [105/226] Building C object interpreter/CMakeFiles/test_rxpa_utf_validation.dir/rxvmworker.c.o
2026-09-15T21:26:04.5357820Z [106/226] Building C object interpreter/CMakeFiles/test_compact_format.dir/tests/test_compact_format.c.o
2026-09-15T21:26:04.6221760Z [107/226] Building C object interpreter/CMakeFiles/test_reentrancy.dir/tests/test_reentrancy.c.o
2026-09-15T21:26:04.6981770Z [108/226] Linking C shared module bin/rxvm_db_decimal.rxvmplugin
2026-09-15T21:26:04.7744140Z [109/226] Linking C static library bin/rxvm_db_decimal_manual.a
2026-09-15T21:26:04.8288230Z [110/226] Linking C shared module bin/rx_stack.rxplugin
2026-09-15T21:26:04.8886270Z [111/226] Linking C shared module bin/rx_strings.rxplugin
2026-09-15T21:26:05.0757880Z [112/226] Building C object lib/plugins/keyaccess/CMakeFiles/keyaccess_compact_failure_test.dir/keyaccess_compact_failure_test.c.o
2026-09-15T21:26:05.1399520Z [113/226] Generating map_test.crexx
2026-09-15T21:26:05.4865670Z [114/226] Generating testKeyDB_noopt.rxbin
2026-09-15T21:26:06.1960690Z [115/226] Generating testKeyDB_opt.rxbin
2026-09-15T21:26:06.5823720Z [116/226] Generating numeric_test_support.rxbin
2026-09-15T21:26:06.6486540Z [117/226] Linking C executable tools/signal_tester
2026-09-15T21:26:06.7327000Z [118/226] Linking C shared module tests/rxpa/rx_rxpa_dynlink.rxplugin
2026-09-15T21:26:06.8385500Z [119/226] Linking C executable tests/rxc_staticlink
2026-09-15T21:26:06.9142760Z [120/226] Linking C static library tests/rx_rxpa_classdecl_static_decl.a
2026-09-15T21:26:06.9712730Z [121/226] Building C object tests/rxpa/CMakeFiles/rxc_classdecl_static.dir/__/__/compiler/rxc_main.c.o
2026-09-15T21:26:07.0263570Z [122/226] Linking C static library tests/rx_rxpalink_static.a
2026-09-15T21:26:07.1107260Z [123/226] Building C object tests/rxpa/CMakeFiles/testvm.dir/__/__/interpreter/rxvmmain.c.o
2026-09-15T21:26:07.1702270Z [124/226] Linking C shared module tests/rxpa/rx_testfuncs_dynamic.rxplugin
2026-09-15T21:26:07.2344930Z [125/226] Linking C executable tests/funcvm
2026-09-15T21:26:07.2824570Z [126/226] Linking C shared module tests/rxpa/multplugins/rx_plugin1.rxplugin
2026-09-15T21:26:07.3366990Z [127/226] Linking C shared module tests/rxpa/multplugins/rx_plugin2.rxplugin
2026-09-15T21:26:07.3932790Z [128/226] Linking C executable dslsyntax-tools/parser_tester
2026-09-15T21:26:07.4494000Z [129/226] Linking C executable bin/test_rxsha256
2026-09-15T21:26:07.5029910Z [130/226] Linking C executable bin/crexx-contract
2026-09-15T21:26:07.5534610Z [131/226] Linking C executable compiler/tests/crexx_test_driver
2026-09-15T21:26:07.6330060Z [132/226] Linking C executable compiler/tests/test_address_bridge
2026-09-15T21:26:07.7272830Z [133/226] Linking C executable compiler/tests/test_address_callback_host
2026-09-15T21:26:07.8123750Z [134/226] Linking C executable compiler/tests/test_dynamic_load
2026-09-15T21:26:07.8923490Z [135/226] Linking C executable compiler/tests/test_crexxsaa_variables
2026-09-15T21:26:08.0117970Z [136/226] Linking C executable compiler/tests/test_crexxsaa_status
2026-09-15T21:26:08.1224410Z [137/226] Linking C executable compiler/tests/test_source_provenance
2026-09-15T21:26:08.2421150Z [138/226] Linking C executable compiler/tests/test_source_semantics
2026-09-15T21:26:08.3054120Z [139/226] Linking C executable linker/test_linked_format
2026-09-15T21:26:08.3201590Z [140/226] cREXX RXLINK fixture tests_link_signature_bad_impl ...
2026-09-15T21:26:08.3284250Z [141/226] cREXX RXLINK control-file fixture ...
2026-09-15T21:26:08.3920270Z [142/226] Linking C executable disassembler/test_disassembler_dump
2026-09-15T21:26:08.4093660Z [143/226] cREXX RXDAS roundtrip fixture tests_basic ...
2026-09-15T21:26:08.4225040Z [144/226] cREXX RXDAS invalid semantic-graph fixture ...
2026-09-15T21:26:08.4438730Z [145/226] cREXX RXDAS roundtrip fixture tests_interfaces ...
2026-09-15T21:26:08.4529530Z [146/226] cREXX RXDAS roundtrip fixture tests_rxdas_large_binary ...
2026-09-15T21:26:08.5242360Z [147/226] Linking C executable interpreter/ts_regvalue_tester
2026-09-15T21:26:08.6004050Z [148/226] Linking C executable interpreter/test_rxpa_utf_validation
2026-09-15T21:26:08.6502030Z [149/226] Linking C executable interpreter/test_compact_format
2026-09-15T21:26:08.7186440Z [150/226] Linking C executable interpreter/test_reentrancy
2026-09-15T21:26:08.7279690Z [151/226] cREXX RXAS Instruction Tests (raise uncaptured signal) ...
2026-09-15T21:26:08.7381750Z [152/226] cREXX RXAS Instruction Tests (register flag partitioning) ...
2026-09-15T21:26:08.7479410Z [153/226] cREXX RXAS Instruction Tests (UTF flag cache) ...
2026-09-15T21:26:08.7707410Z [154/226] cREXX RXAS Instruction Tests (reference value instructions) ...
2026-09-15T21:26:08.7818130Z [155/226] cREXX RXAS Basic Instruction Tests ...
2026-09-15T21:26:08.8078100Z [156/226] cREXX RXAS String Instruction Tests ...
2026-09-15T21:26:08.8614620Z [157/226] cREXX RXAS Decimal Instruction Tests ...
2026-09-15T21:26:08.8761560Z [158/226] cREXX RXAS Interface Dispatch Instruction Tests ...
2026-09-15T21:26:08.9936230Z [159/226] Linking archive-level db_decimal regression harness ...
2026-09-15T21:26:09.5864960Z [160/226] Generating ts_address_noopt.rxbin
2026-09-15T21:26:09.9650280Z [161/226] Generating ts_parse_noopt.rxbin
2026-09-15T21:26:10.3271050Z [162/226] Generating ts_stem_noopt.rxbin
2026-09-15T21:26:10.6378440Z [163/226] Generating ts_rxjson_noopt.rxbin
2026-09-15T21:26:10.9562250Z [164/226] Generating ts_rxsocket_noopt.rxbin
2026-09-15T21:26:11.2673560Z [165/226] Generating ts_tinyexpr_noopt.rxbin
2026-09-15T21:26:11.6535200Z [166/226] Generating stack_test_noopt.rxbin
2026-09-15T21:26:12.0421910Z [167/226] Generating strings_test_noopt.rxbin
2026-09-15T21:26:12.1047850Z [168/226] Linking C executable lib/plugins/keyaccess/keyaccess_compact_failure_test
2026-09-15T21:26:12.4669240Z [169/226] Generating keyaccess_test_noopt.rxbin
2026-09-15T21:26:12.8491370Z [170/226] Generating map_test_noopt.rxbin
2026-09-15T21:26:13.2031290Z [171/226] Generating testStringArrayList_noopt.rxbin
2026-09-15T21:26:13.5381240Z [172/226] Generating testStringHashMap_noopt.rxbin
2026-09-15T21:26:13.8842270Z [173/226] Generating testObjectCollections_noopt.rxbin
2026-09-15T21:26:14.1840940Z [174/226] Generating testJSON_noopt.rxbin
2026-09-15T21:26:14.4663490Z [175/226] Generating testOS_noopt.rxbin
2026-09-15T21:26:14.7761230Z [176/226] Generating ts_math_integer_contract_rxbvm_noopt.rxbin
2026-09-15T21:26:15.3025000Z [177/226] Generating ts_math_integer_contract_rxbvm_opt.rxbin
2026-09-15T21:26:15.6551040Z [178/226] Generating ts_math_integer_contract_rxtvm_noopt.rxbin
2026-09-15T21:26:16.2264400Z [179/226] Generating ts_math_integer_contract_rxtvm_opt.rxbin
2026-09-15T21:26:16.5925790Z [180/226] Generating ts_math_decimal_contract_rxbvm_noopt.rxbin
2026-09-15T21:26:18.3955770Z [181/226] Generating ts_math_decimal_contract_rxbvm_opt.rxbin
2026-09-15T21:26:18.7394750Z [182/226] Generating ts_math_decimal_contract_rxtvm_noopt.rxbin
2026-09-15T21:26:20.5579140Z [183/226] Generating ts_math_decimal_contract_rxtvm_opt.rxbin
2026-09-15T21:26:20.8684190Z [184/226] Generating ts_llm_providers_noopt.rxbin
2026-09-15T21:26:21.2302740Z [185/226] Generating testRexxValue_noopt.rxbin
2026-09-15T21:26:21.5064060Z [186/226] Generating testRexxRuntimePools_noopt.rxbin
2026-09-15T21:26:21.9255740Z [187/226] Generating testRexxClassicBifs_noopt.rxbin
2026-09-15T21:26:22.2636390Z [188/226] Generating testRexxScriptRuntime_noopt.rxbin
2026-09-15T21:26:22.5325360Z [189/226] Generating testRexxScriptCompat_noopt.rxbin
2026-09-15T21:26:22.5405650Z [190/226] cREXX RXAS intr_test - Native Signal Test Harness ...
2026-09-15T21:26:22.8955220Z [191/226] Generating benchmark_awfy_sieve_opt.rxbin
2026-09-15T21:26:23.2912490Z [192/226] Generating benchmark_awfy_permute_opt.rxbin
2026-09-15T21:26:23.6537730Z [193/226] Generating benchmark_awfy_mandelbrot_opt.rxbin
2026-09-15T21:26:24.0689160Z [194/226] Generating benchmark_awfy_mandelbrot_hoisted_control_opt.rxbin
2026-09-15T21:26:24.4727470Z [195/226] Generating benchmark_awfy_towers_opt.rxbin
2026-09-15T21:26:24.8324610Z [196/226] Generating benchmark_awfy_bounce_opt.rxbin
2026-09-15T21:26:25.1931980Z [197/226] Generating benchmark_awfy_storage_opt.rxbin
2026-09-15T21:26:25.5146970Z [198/226] Generating benchmark_awfy_list_opt.rxbin
2026-09-15T21:26:25.9581590Z [199/226] Generating benchmark_awfy_richards_opt.rxbin
2026-09-15T21:26:26.4277820Z [200/226] Generating benchmark_awfy_queens_opt.rxbin
2026-09-15T21:26:27.0524680Z [201/226] Generating benchmark_awfy_deltablue_opt.rxbin
2026-09-15T21:26:27.9774470Z [202/226] Generating benchmark_awfy_cd_opt.rxbin
2026-09-15T21:26:28.6028580Z [203/226] Generating benchmark_awfy_havlak_opt.rxbin
2026-09-15T21:26:29.0216170Z [204/226] Generating benchmark_awfy_json_opt.rxbin
2026-09-15T21:26:29.4439790Z [205/226] Generating benchmark_json_parser_opt.rxbin
2026-09-15T21:26:29.8806610Z [206/226] Generating benchmark_json_parse_opt.rxbin
2026-09-15T21:26:30.2958240Z [207/226] Generating benchmark_json_query_opt.rxbin
2026-09-15T21:26:30.8143080Z [208/226] Generating benchmark_base64_roundtrip_opt.rxbin
2026-09-15T21:26:31.2834370Z [209/226] Generating benchmark_base64_roundtrip_v2_opt.rxbin
2026-09-15T21:26:32.1294550Z [210/226] Generating benchmark_parse_frozen_opt.rxbin
2026-09-15T21:26:33.2323220Z [211/226] Generating benchmark_rexxcps_levelb_opt.rxbin
2026-09-15T21:26:33.6594450Z [212/226] Generating benchmark_awfy_nbody_opt.rxbin
2026-09-15T21:26:33.7299190Z [213/226] Building C object interpreter/CMakeFiles/rxtvm_core_objects.dir/rxvmintp.c.o
2026-09-15T21:26:33.8390330Z [214/226] Linking C executable bin/rxtvm
2026-09-15T21:26:34.4842050Z [215/226] Generating benchmark_runner_opt.rxbin
2026-09-15T21:26:34.5845800Z [216/226] Linking C executable tests/rxc_classdecl_static
2026-09-15T21:26:34.6391370Z [217/226] Linking C executable tests/testvm
2026-09-15T21:26:34.8297910Z [218/226] Generating benchmark_rexxcps_levelb_opaque_opt.rxbin
2026-09-15T21:26:35.0128580Z [219/226] Generating rxpa_dynlink_run_noopt.rxbin
2026-09-15T21:26:35.2275190Z [220/226] Generating rxpa_staticlink_run_noopt.rxbin
2026-09-15T21:26:35.3785220Z [221/226] Generating rxpa_signal_funcs_dynamic_noopt.rxbin
2026-09-15T21:26:35.5903490Z [222/226] Generating rxpa_native_payload_funcs_dynamic_noopt.rxbin
2026-09-15T21:26:35.7651590Z [223/226] Generating rxpa_native_unwind_funcs_dynamic_noopt.rxbin
2026-09-15T21:26:35.9077320Z [224/226] Generating rxpa_mult_test_noopt.rxbin
2026-09-15T21:26:35.9078350Z [224/226] Running essential and smoke QA
2026-09-15T21:26:35.9536830Z Test project /Users/runner/work/_temp/build
2026-09-15T21:26:36.0770050Z         Start    3: rxsha256_unit
2026-09-15T21:26:36.0789430Z         Start    5: crexx_contract_generation
2026-09-15T21:26:36.0790380Z         Start    7: test_rxas_01_init
2026-09-15T21:26:36.0823730Z         Start    9: test_rxas_03_token_types
2026-09-15T21:26:36.0844570Z         Start   10: test_rxas_04_errors
2026-09-15T21:26:36.1064250Z   1/162 Test    #3: rxsha256_unit ...................................   Passed    0.03 sec
2026-09-15T21:26:36.1099810Z         Start   11: rxas_reject_non_source_mnemonics
2026-09-15T21:26:36.1836900Z   2/162 Test   #10: test_rxas_04_errors .............................   Passed    0.10 sec
2026-09-15T21:26:36.1838100Z         Start   12: rxas_constant_aliases
2026-09-15T21:26:36.2052220Z   3/162 Test   #12: rxas_constant_aliases ...........................   Passed    0.02 sec
2026-09-15T21:26:36.2053380Z         Start   14: rxc_help_syntaxhighlight
2026-09-15T21:26:36.2233910Z   4/162 Test   #14: rxc_help_syntaxhighlight ........................   Passed    0.02 sec
2026-09-15T21:26:36.2237830Z         Start   26: rxas_invalid_diagnostic
2026-09-15T21:26:36.2249590Z   5/162 Test   #11: rxas_reject_non_source_mnemonics ................   Passed    0.12 sec
2026-09-15T21:26:36.2255200Z         Start   33: rxc_function_lookup_diagnostic
2026-09-15T21:26:36.2332380Z   6/162 Test    #9: test_rxas_03_token_types ........................   Passed    0.15 sec
2026-09-15T21:26:36.2333080Z         Start   40: rxc_constants_levelb
2026-09-15T21:26:36.2407280Z   7/162 Test   #26: rxas_invalid_diagnostic .........................   Passed    0.01 sec
2026-09-15T21:26:36.2410420Z         Start   51: 01_assign_noopt
2026-09-15T21:26:36.3334230Z   8/162 Test    #7: test_rxas_01_init ...............................   Passed    0.25 sec
2026-09-15T21:26:36.3435940Z         Start   56: 03_calc_opt
2026-09-15T21:26:36.6850690Z   9/162 Test   #33: rxc_function_lookup_diagnostic ..................   Passed    0.46 sec
2026-09-15T21:26:36.6952810Z         Start   79: 07_loops_noopt
2026-09-15T21:26:36.8697560Z  10/162 Test   #51: 01_assign_noopt .................................   Passed    0.63 sec
2026-09-15T21:26:36.8800210Z         Start   82: 08_select_opt
2026-09-15T21:26:37.0476070Z  11/162 Test   #56: 03_calc_opt .....................................   Passed    0.72 sec
2026-09-15T21:26:37.0588850Z         Start  101: 10_procs_noopt
2026-09-15T21:26:37.2938540Z  12/162 Test   #79: 07_loops_noopt ..................................   Passed    0.61 sec
2026-09-15T21:26:37.3042800Z         Start  128: 15_imports_opt
2026-09-15T21:26:37.4090490Z  13/162 Test    #5: crexx_contract_generation .......................   Passed    1.33 sec
2026-09-15T21:26:37.4191910Z         Start  132: err_01_type_fail
2026-09-15T21:26:37.4694630Z  14/162 Test   #82: 08_select_opt ...................................   Passed    0.60 sec
2026-09-15T21:26:37.4797690Z         Start  133: err_02_syntax_fail
2026-09-15T21:26:37.5198990Z  15/162 Test  #133: err_02_syntax_fail ..............................   Passed    0.05 sec
2026-09-15T21:26:37.5299650Z         Start  136: err_06_missing_method_fail
2026-09-15T21:26:37.6318330Z  16/162 Test   #40: rxc_constants_levelb ............................   Passed    1.39 sec
2026-09-15T21:26:37.6419780Z         Start  225: unused_import_warn
2026-09-15T21:26:37.6522250Z  17/162 Test  #101: 10_procs_noopt ..................................   Passed    0.58 sec
2026-09-15T21:26:37.6624960Z         Start  411: repro_opt_args_run_noopt
2026-09-15T21:26:37.8950040Z  18/162 Test  #128: 15_imports_opt ..................................   Passed    0.59 sec
2026-09-15T21:26:37.9050370Z         Start  427: basic_arrays_run_noopt
2026-09-15T21:26:38.0159690Z  19/162 Test  #132: err_01_type_fail ................................   Passed    0.61 sec
2026-09-15T21:26:38.0260560Z         Start  459: 13_stems_run_noopt
2026-09-15T21:26:38.1671160Z  20/162 Test  #225: unused_import_warn ..............................   Passed    0.53 sec
2026-09-15T21:26:38.1771070Z         Start  481: optional_arg_presence_copy_run_noopt
2026-09-15T21:26:38.1880280Z  21/162 Test  #136: err_06_missing_method_fail ......................   Passed    0.66 sec
2026-09-15T21:26:38.2039030Z         Start  519: interface_runtime_dispatch_multi_run_noopt
2026-09-15T21:26:38.3415470Z  22/162 Test  #411: repro_opt_args_run_noopt ........................   Passed    0.71 sec
2026-09-15T21:26:38.3518310Z         Start  594: interface_source_import_run_noopt
2026-09-15T21:26:38.6310330Z  23/162 Test  #427: basic_arrays_run_noopt ..........................   Passed    0.74 sec
2026-09-15T21:26:38.6410600Z         Start  633: source_import_contract_stub_implements
2026-09-15T21:26:38.8448780Z  24/162 Test  #459: 13_stems_run_noopt ..............................   Passed    0.82 sec
2026-09-15T21:26:38.8550100Z         Start  634: source_import_optional_factory_arg
2026-09-15T21:26:38.9889300Z  25/162 Test  #481: optional_arg_presence_copy_run_noopt ............   Passed    0.82 sec
2026-09-15T21:26:38.9988130Z         Start  991: levelc_slice1_pool_say
2026-09-15T21:26:39.1678750Z  26/162 Test  #519: interface_runtime_dispatch_multi_run_noopt ......   Passed    0.97 sec
2026-09-15T21:26:39.1777030Z         Start 1005: levelc_slice6_expressions
2026-09-15T21:26:39.3901950Z  27/162 Test  #633: source_import_contract_stub_implements ..........   Passed    0.76 sec
2026-09-15T21:26:39.4002220Z         Start 1014: address_bridge
2026-09-15T21:26:39.4816780Z  28/162 Test  #634: source_import_optional_factory_arg ..............   Passed    0.63 sec
2026-09-15T21:26:39.4916920Z         Start 1019: address_callback_host
2026-09-15T21:26:39.5118830Z  29/162 Test #1019: address_callback_host ...........................   Passed    0.03 sec
2026-09-15T21:26:39.5219820Z         Start 1021: dynamic_load
2026-09-15T21:26:39.5522160Z  30/162 Test #1021: dynamic_load ....................................   Passed    0.04 sec
2026-09-15T21:26:39.5630580Z         Start 1024: crexxsaa_variables
2026-09-15T21:26:39.6113090Z  31/162 Test #1024: crexxsaa_variables ..............................   Passed    0.05 sec
2026-09-15T21:26:39.6227280Z         Start 1025: crexxsaa_status
2026-09-15T21:26:39.7068390Z  32/162 Test #1014: address_bridge ..................................   Passed    0.31 sec
2026-09-15T21:26:39.7169820Z         Start 1026: source_provenance
2026-09-15T21:26:39.7270340Z  33/162 Test #1026: source_provenance ...............................   Passed    0.02 sec
2026-09-15T21:26:39.7372560Z         Start 1027: rxc_srcmap
2026-09-15T21:26:39.7577870Z  34/162 Test  #594: interface_source_import_run_noopt ...............   Passed    1.39 sec
2026-09-15T21:26:39.7675130Z         Start 1029: trace_stem_sugar
2026-09-15T21:26:39.8116840Z  35/162 Test  #991: levelc_slice1_pool_say ..........................   Passed    0.82 sec
2026-09-15T21:26:39.8217790Z         Start 1031: source_semantics
2026-09-15T21:26:39.8529060Z  36/162 Test #1031: source_semantics ................................   Passed    0.04 sec
2026-09-15T21:26:39.8630530Z         Start 1033: rxc_diagnostic_catalogs
2026-09-15T21:26:40.3928870Z  37/162 Test #1005: levelc_slice6_expressions .......................   Passed    1.22 sec
2026-09-15T21:26:40.4029980Z         Start 1124: rxlink_success_run
2026-09-15T21:26:40.4044010Z  38/162 Test #1124: rxlink_success_run ..............................   Passed    0.01 sec
2026-09-15T21:26:40.4044540Z         Start 1125: rxlink_control_run
2026-09-15T21:26:40.4044970Z  39/162 Test #1125: rxlink_control_run ..............................   Passed    0.01 sec
2026-09-15T21:26:40.4045410Z         Start 1127: rxlink_interface_run
2026-09-15T21:26:40.4162640Z  40/162 Test #1127: rxlink_interface_run ............................   Passed    0.01 sec
2026-09-15T21:26:40.4264660Z         Start 1130: rxlink_format_check
2026-09-15T21:26:40.4265940Z  41/162 Test #1130: rxlink_format_check .............................   Passed    0.01 sec
2026-09-15T21:26:40.4367580Z         Start 1134: rxlink_signature_mismatch_error
2026-09-15T21:26:40.4468950Z  42/162 Test #1134: rxlink_signature_mismatch_error .................   Passed    0.02 sec
2026-09-15T21:26:40.4570160Z         Start 1136: rxlink_rxdas_inline_preserve_smoke
2026-09-15T21:26:40.4671360Z  43/162 Test #1136: rxlink_rxdas_inline_preserve_smoke ..............   Passed    0.02 sec
2026-09-15T21:26:40.4772520Z         Start 1138: rxdas_roundtrip_basic
2026-09-15T21:26:40.4976740Z  44/162 Test #1138: rxdas_roundtrip_basic ...........................   Passed    0.04 sec
2026-09-15T21:26:40.5078480Z         Start 1143: rxdas_graph_error
2026-09-15T21:26:40.5088550Z  45/162 Test #1143: rxdas_graph_error ...............................   Passed    0.01 sec
2026-09-15T21:26:40.5089260Z         Start 1144: rxdas_roundtrip_interfaces
2026-09-15T21:26:40.5502290Z  46/162 Test #1144: rxdas_roundtrip_interfaces ......................   Passed    0.04 sec
2026-09-15T21:26:40.5603620Z         Start 1148: rxdas_roundtrip_large_binary_alias
2026-09-15T21:26:40.5804340Z  47/162 Test #1148: rxdas_roundtrip_large_binary_alias ..............   Passed    0.03 sec
2026-09-15T21:26:40.5921750Z         Start 1152: rxdas_dump_support
2026-09-15T21:26:40.6023010Z  48/162 Test #1152: rxdas_dump_support ..............................   Passed    0.01 sec
2026-09-15T21:26:40.6124140Z         Start 1184: crexxsaa_cache_tool_location
2026-09-15T21:26:40.6150760Z  49/162 Test #1184: crexxsaa_cache_tool_location ....................   Passed    0.01 sec
2026-09-15T21:26:40.6251850Z         Start 1186: rxpa_utf_validation
2026-09-15T21:26:40.6352980Z  50/162 Test #1186: rxpa_utf_validation .............................   Passed    0.01 sec
2026-09-15T21:26:40.6454110Z         Start 1187: ts_regvalue_tester
2026-09-15T21:26:40.6555280Z  51/162 Test #1187: ts_regvalue_tester ..............................   Passed    0.01 sec
2026-09-15T21:26:40.6656350Z         Start 1190: rxassignalstests
2026-09-15T21:26:40.6760260Z  52/162 Test #1190: rxassignalstests ................................   Passed    0.03 sec
2026-09-15T21:26:40.6861450Z         Start 1199: rxasregisterflagtests
2026-09-15T21:26:40.6962660Z  53/162 Test #1199: rxasregisterflagtests ...........................   Passed    0.00 sec
2026-09-15T21:26:40.7063720Z         Start 1200: rxasutfflagtests
2026-09-15T21:26:40.7276600Z  54/162 Test #1200: rxasutfflagtests ................................   Passed    0.00 sec
2026-09-15T21:26:40.7277120Z         Start 1204: rxasreferencetests
2026-09-15T21:26:40.7378150Z  55/162 Test #1204: rxasreferencetests ..............................   Passed    0.01 sec
2026-09-15T21:26:40.7479880Z         Start 1236: rxasbasictests
2026-09-15T21:26:40.7581390Z  56/162 Test #1236: rxasbasictests ..................................   Passed    0.00 sec
2026-09-15T21:26:40.7688820Z         Start 1247: compact_format_check
2026-09-15T21:26:40.7790180Z  57/162 Test #1247: compact_format_check ............................   Passed    0.01 sec
2026-09-15T21:26:40.7891050Z         Start 1248: rxasstringtests
2026-09-15T21:26:40.7990130Z  58/162 Test #1248: rxasstringtests .................................   Passed    0.00 sec
2026-09-15T21:26:40.8090830Z         Start 1308: rxasdecimaltests-mc
2026-09-15T21:26:40.8191670Z  59/162 Test #1308: rxasdecimaltests-mc .............................   Passed    0.01 sec
2026-09-15T21:26:40.8222250Z         Start 1313: rxasinterfacetests
2026-09-15T21:26:40.8223160Z  60/162 Test #1313: rxasinterfacetests ..............................   Passed    0.01 sec
2026-09-15T21:26:40.8223860Z         Start 1320: reentrancy_check
2026-09-15T21:26:40.8224530Z  61/162 Test #1320: reentrancy_check ................................   Passed    0.01 sec
2026-09-15T21:26:40.8225460Z         Start 1372: db_decimal_archive_link
2026-09-15T21:26:40.8326810Z  62/162 Test #1372: db_decimal_archive_link .........................   Passed    0.01 sec
2026-09-15T21:26:40.8327330Z         Start 1381: rxpp_smoke
2026-09-15T21:26:41.0277470Z  63/162 Test #1025: crexxsaa_status .................................   Passed    1.42 sec
2026-09-15T21:26:41.0296860Z         Start 1382: rxpp_srcmap
2026-09-15T21:26:41.2735400Z  64/162 Test #1029: trace_stem_sugar ................................   Passed    1.53 sec
2026-09-15T21:26:41.2837700Z         Start 1383: rxpp_relative_include
2026-09-15T21:26:41.3239460Z  65/162 Test #1383: rxpp_relative_include ...........................   Passed    0.05 sec
2026-09-15T21:26:41.3339850Z         Start 1384: rxpp_script_macro_exact_match
2026-09-15T21:26:41.3787950Z  66/162 Test #1384: rxpp_script_macro_exact_match ...................   Passed    0.05 sec
2026-09-15T21:26:41.3888260Z         Start 1385: rxpp_loadmacro
2026-09-15T21:26:41.4189510Z  67/162 Test #1385: rxpp_loadmacro ..................................   Passed    0.05 sec
2026-09-15T21:26:41.4290740Z         Start 1389: rxpp_diagnostics
2026-09-15T21:26:41.5517750Z  68/162 Test #1027: rxc_srcmap ......................................   Passed    1.83 sec
2026-09-15T21:26:41.5619320Z         Start 1538: ts_parse_noopt
2026-09-15T21:26:41.5820580Z  69/162 Test #1538: ts_parse_noopt ..................................   Passed    0.02 sec
2026-09-15T21:26:41.5921800Z         Start 1638: ts_stem_noopt
2026-09-15T21:26:41.6023010Z  70/162 Test #1638: ts_stem_noopt ...................................   Passed    0.02 sec
2026-09-15T21:26:41.6124470Z         Start 1640: ts_rxjson_noopt
2026-09-15T21:26:41.6325210Z  71/162 Test #1640: ts_rxjson_noopt .................................   Passed    0.02 sec
2026-09-15T21:26:41.6427270Z         Start 1648: ts_rxsocket_noopt
2026-09-15T21:26:41.7050830Z  72/162 Test #1648: ts_rxsocket_noopt ...............................   Passed    0.07 sec
2026-09-15T21:26:41.7152070Z         Start 1685: ts_tinyexpr_noopt
2026-09-15T21:26:41.7252640Z  73/162 Test #1685: ts_tinyexpr_noopt ...............................   Passed    0.02 sec
2026-09-15T21:26:41.7353900Z         Start 1703: rxfloat_contract_surface_coverage
2026-09-15T21:26:41.7456190Z  74/162 Test #1703: rxfloat_contract_surface_coverage ...............   Passed    0.01 sec
2026-09-15T21:26:41.7558930Z         Start 1717: stack_test_noopt
2026-09-15T21:26:41.7658810Z  75/162 Test #1717: stack_test_noopt ................................   Passed    0.02 sec
2026-09-15T21:26:41.7759040Z         Start 1738: strings_test_noopt
2026-09-15T21:26:41.7860490Z  76/162 Test #1738: strings_test_noopt ..............................   Passed    0.02 sec
2026-09-15T21:26:41.7962160Z         Start 1742: keyaccess_test_noopt
2026-09-15T21:26:41.8063430Z  77/162 Test #1742: keyaccess_test_noopt ............................   Passed    0.02 sec
2026-09-15T21:26:41.8163840Z         Start 1744: keyaccess_compact_failure
2026-09-15T21:26:41.8264640Z  78/162 Test #1744: keyaccess_compact_failure .......................   Passed    0.01 sec
2026-09-15T21:26:41.8366130Z         Start 1767: map_test_noopt
2026-09-15T21:26:41.8469620Z  79/162 Test #1767: map_test_noopt ..................................   Passed    0.02 sec
2026-09-15T21:26:41.8571230Z         Start 1782: testStringArrayList_noopt
2026-09-15T21:26:41.9147880Z  80/162 Test #1782: testStringArrayList_noopt .......................   Passed    0.08 sec
2026-09-15T21:26:41.9250990Z         Start 1784: testStringHashMap_noopt
2026-09-15T21:26:41.9952610Z  81/162 Test #1784: testStringHashMap_noopt .........................   Passed    0.08 sec
2026-09-15T21:26:42.0155300Z         Start 1796: testObjectCollections_noopt
2026-09-15T21:26:42.0658180Z  82/162 Test #1381: rxpp_smoke ......................................   Passed    1.36 sec
2026-09-15T21:26:42.0831200Z         Start 1814: testJSON_noopt
2026-09-15T21:26:42.0933040Z  83/162 Test #1389: rxpp_diagnostics ................................   Passed    0.66 sec
2026-09-15T21:26:42.1034250Z         Start 1824: testOS_noopt
2026-09-15T21:26:42.1638650Z  84/162 Test #1796: testObjectCollections_noopt .....................   Passed    0.14 sec
2026-09-15T21:26:42.1871780Z         Start 1859: rxunicode_contract_surface
2026-09-15T21:26:42.1973000Z  85/162 Test #1814: testJSON_noopt ..................................   Passed    0.11 sec
2026-09-15T21:26:42.2247160Z         Start 1865: rcc5c_math_contract_surface_coverage
2026-09-15T21:26:42.2870020Z  86/162 Test #1859: rxunicode_contract_surface ......................   Passed    0.09 sec
2026-09-15T21:26:42.2992050Z         Start 1866: ts_math_integer_contract_rxbvm_noopt
2026-09-15T21:26:42.2992570Z  87/162 Test #1865: rcc5c_math_contract_surface_coverage ............   Passed    0.06 sec
2026-09-15T21:26:42.3110810Z         Start 1867: ts_math_integer_contract_rxbvm_opt
2026-09-15T21:26:42.3323160Z  88/162 Test #1824: testOS_noopt ....................................   Passed    0.25 sec
2026-09-15T21:26:42.3424320Z         Start 1868: ts_math_integer_contract_rxtvm_noopt
2026-09-15T21:26:42.4583060Z  89/162 Test #1382: rxpp_srcmap .....................................   Passed    1.43 sec
2026-09-15T21:26:42.4684120Z         Start 1869: ts_math_integer_contract_rxtvm_opt
2026-09-15T21:26:42.5637520Z  90/162 Test #1866: ts_math_integer_contract_rxbvm_noopt ............   Passed    0.29 sec
2026-09-15T21:26:42.5737600Z         Start 1870: ts_math_decimal_contract_rxbvm_noopt
2026-09-15T21:26:42.6647270Z  91/162 Test #1868: ts_math_integer_contract_rxtvm_noopt ............   Passed    0.33 sec
2026-09-15T21:26:42.6748740Z         Start 1871: ts_math_decimal_contract_rxbvm_opt
2026-09-15T21:26:42.8476950Z  92/162 Test #1870: ts_math_decimal_contract_rxbvm_noopt ............   Passed    0.28 sec
2026-09-15T21:26:42.8578040Z         Start 1872: ts_math_decimal_contract_rxtvm_noopt
2026-09-15T21:26:43.0287240Z  93/162 Test #1872: ts_math_decimal_contract_rxtvm_noopt ............   Passed    0.18 sec
2026-09-15T21:26:43.0389110Z         Start 1873: ts_math_decimal_contract_rxtvm_opt
2026-09-15T21:26:43.2496310Z  94/162 Test #1033: rxc_diagnostic_catalogs .........................   Passed    3.40 sec
2026-09-15T21:26:43.2596330Z         Start 1902: ts_llm_providers_noopt
2026-09-15T21:26:43.8016110Z  95/162 Test #1902: ts_llm_providers_noopt ..........................   Passed    0.55 sec
2026-09-15T21:26:43.8116430Z         Start 1937: testRexxValue_noopt
2026-09-15T21:26:43.8920360Z  96/162 Test #1937: testRexxValue_noopt .............................   Passed    0.09 sec
2026-09-15T21:26:43.9021970Z         Start 1939: testRexxRuntimePools_noopt
2026-09-15T21:26:43.9824950Z  97/162 Test #1939: testRexxRuntimePools_noopt ......................   Passed    0.09 sec
2026-09-15T21:26:43.9926010Z         Start 1941: testRexxClassicBifs_noopt
2026-09-15T21:26:44.0868200Z  98/162 Test #1941: testRexxClassicBifs_noopt .......................   Passed    0.11 sec
2026-09-15T21:26:44.0969240Z         Start 2058: testRexxScriptRuntime_noopt
2026-09-15T21:26:44.1730970Z  99/162 Test #2058: testRexxScriptRuntime_noopt .....................   Passed    0.08 sec
2026-09-15T21:26:44.1832020Z         Start 2060: testRexxScriptCompat_noopt
2026-09-15T21:26:44.2434070Z 100/162 Test #2060: testRexxScriptCompat_noopt ......................   Passed    0.07 sec
2026-09-15T21:26:44.2534490Z         Start 2062: rexxscript_cli_smoke
2026-09-15T21:26:44.3352600Z 101/162 Test #2062: rexxscript_cli_smoke ............................   Passed    0.08 sec
2026-09-15T21:26:44.3452470Z         Start 2083: rxas_optimizer_copy_acopy_opt
2026-09-15T21:26:44.3554320Z 102/162 Test #2083: rxas_optimizer_copy_acopy_opt ...................   Passed    0.02 sec
2026-09-15T21:26:44.3654420Z         Start 2195: benchmark_awfy_sieve_opt
2026-09-15T21:26:44.3856530Z 103/162 Test #2195: benchmark_awfy_sieve_opt ........................   Passed    0.04 sec
2026-09-15T21:26:44.3957250Z         Start 2197: benchmark_awfy_permute_opt
2026-09-15T21:26:44.4258550Z 104/162 Test #1867: ts_math_integer_contract_rxbvm_opt ..............   Passed    2.15 sec
2026-09-15T21:26:44.4360410Z         Start 2199: benchmark_awfy_mandelbrot_opt
2026-09-15T21:26:44.4462160Z 105/162 Test #2197: benchmark_awfy_permute_opt ......................   Passed    0.06 sec
2026-09-15T21:26:44.4571980Z         Start 2201: benchmark_awfy_mandelbrot_hoisted_control_opt
2026-09-15T21:26:44.4673730Z 106/162 Test #2199: benchmark_awfy_mandelbrot_opt ...................   Passed    0.03 sec
2026-09-15T21:26:44.4773940Z         Start 2203: benchmark_awfy_towers_opt
2026-09-15T21:26:44.4875430Z 107/162 Test #2201: benchmark_awfy_mandelbrot_hoisted_control_opt ...   Passed    0.03 sec
2026-09-15T21:26:44.4976670Z         Start 2205: benchmark_awfy_bounce_opt
2026-09-15T21:26:44.5139780Z 108/162 Test #2205: benchmark_awfy_bounce_opt .......................   Passed    0.03 sec
2026-09-15T21:26:44.5240910Z         Start 2207: benchmark_awfy_storage_opt
2026-09-15T21:26:44.5544950Z 109/162 Test #1869: ts_math_integer_contract_rxtvm_opt ..............   Passed    2.09 sec
2026-09-15T21:26:44.5646320Z         Start 2209: benchmark_awfy_list_opt
2026-09-15T21:26:44.5747530Z 110/162 Test #2203: benchmark_awfy_towers_opt .......................   Passed    0.09 sec
2026-09-15T21:26:44.5891190Z         Start 2211: benchmark_awfy_richards_opt
2026-09-15T21:26:44.5993290Z 111/162 Test #2209: benchmark_awfy_list_opt .........................   Passed    0.04 sec
2026-09-15T21:26:44.6094650Z         Start 2213: benchmark_awfy_queens_opt
2026-09-15T21:26:44.6296220Z 112/162 Test #2211: benchmark_awfy_richards_opt .....................   Passed    0.08 sec
2026-09-15T21:26:44.6398380Z 113/162 Test #2213: benchmark_awfy_queens_opt .......................   Passed    0.04 sec
2026-09-15T21:26:44.6500900Z         Start 2215: benchmark_awfy_deltablue_opt
2026-09-15T21:26:44.6601810Z         Start 2217: benchmark_awfy_cd_opt
2026-09-15T21:26:44.6702910Z 114/162 Test #2215: benchmark_awfy_deltablue_opt ....................   Passed    0.04 sec
2026-09-15T21:26:44.6803830Z         Start 2219: benchmark_awfy_havlak_opt
2026-09-15T21:26:44.6810420Z 115/162 Test #2217: benchmark_awfy_cd_opt ...........................   Passed    0.04 sec
2026-09-15T21:26:44.6810810Z         Start 2221: benchmark_awfy_json_opt
2026-09-15T21:26:44.7219040Z 116/162 Test #2221: benchmark_awfy_json_opt .........................   Passed    0.04 sec
2026-09-15T21:26:44.7320470Z         Start 2223: benchmark_json_parser_opt
2026-09-15T21:26:44.7621410Z 117/162 Test #2223: benchmark_json_parser_opt .......................   Passed    0.04 sec
2026-09-15T21:26:44.7722490Z         Start 2225: benchmark_json_parse_opt
2026-09-15T21:26:44.8058760Z 118/162 Test #2225: benchmark_json_parse_opt ........................   Passed    0.04 sec
2026-09-15T21:26:44.8159660Z         Start 2227: benchmark_json_query_opt
2026-09-15T21:26:44.8359420Z 119/162 Test #2227: benchmark_json_query_opt ........................   Passed    0.04 sec
2026-09-15T21:26:44.8461420Z         Start 2229: benchmark_base64_roundtrip_opt
2026-09-15T21:26:44.8562550Z 120/162 Test #1871: ts_math_decimal_contract_rxbvm_opt ..............   Passed    2.19 sec
2026-09-15T21:26:44.8663880Z         Start 2231: benchmark_base64_roundtrip_v2_opt
2026-09-15T21:26:44.8764940Z 121/162 Test #2229: benchmark_base64_roundtrip_opt ..................   Passed    0.03 sec
2026-09-15T21:26:44.8866690Z         Start 2233: benchmark_parse_frozen_opt
2026-09-15T21:26:44.9023460Z 122/162 Test #2231: benchmark_base64_roundtrip_v2_opt ...............   Passed    0.03 sec
2026-09-15T21:26:44.9124610Z         Start 2237: benchmark_rexxcps_levelb_opt
2026-09-15T21:26:44.9228870Z 123/162 Test #2207: benchmark_awfy_storage_opt ......................   Passed    0.39 sec
2026-09-15T21:26:44.9329990Z         Start 2239: benchmark_awfy_nbody_opt
2026-09-15T21:26:44.9431230Z 124/162 Test #2233: benchmark_parse_frozen_opt ......................   Passed    0.03 sec
2026-09-15T21:26:44.9532700Z         Start 2242: benchmark_rexxcps_levelb_opaque_opt
2026-09-15T21:26:44.9633870Z 125/162 Test #2239: benchmark_awfy_nbody_opt ........................   Passed    0.03 sec
2026-09-15T21:26:44.9634320Z         Start 2244: benchmark_runner_opt
2026-09-15T21:26:44.9735170Z 126/162 Test #2242: benchmark_rexxcps_levelb_opaque_opt .............   Passed    0.04 sec
2026-09-15T21:26:44.9836200Z         Start 2445: rxpa_dynlink_run_noopt
2026-09-15T21:26:44.9937670Z 127/162 Test #2445: rxpa_dynlink_run_noopt ..........................   Passed    0.02 sec
2026-09-15T21:26:44.9971590Z         Start 2447: rxpa_staticlink_run_noopt
2026-09-15T21:26:44.9972140Z 128/162 Test #2447: rxpa_staticlink_run_noopt .......................   Passed    0.02 sec
2026-09-15T21:26:44.9972610Z         Start 2457: rxpa_classdecl_static_compile_opt
2026-09-15T21:26:45.2033230Z 129/162 Test #1873: ts_math_decimal_contract_rxtvm_opt ..............   Passed    2.17 sec
2026-09-15T21:26:45.2047920Z         Start 2460: rxpa_signal_funcs_dynamic_noopt
2026-09-15T21:26:45.2459660Z 130/162 Test #2460: rxpa_signal_funcs_dynamic_noopt .................   Passed    0.04 sec
2026-09-15T21:26:45.2559780Z         Start 2480: rxpa_native_payload_funcs_dynamic_noopt
2026-09-15T21:26:45.2762400Z 131/162 Test #2480: rxpa_native_payload_funcs_dynamic_noopt .........   Passed    0.02 sec
2026-09-15T21:26:45.2862060Z         Start 2484: rxpa_native_unwind_funcs_dynamic_noopt
2026-09-15T21:26:45.2963170Z 132/162 Test #2484: rxpa_native_unwind_funcs_dynamic_noopt ..........   Passed    0.02 sec
2026-09-15T21:26:45.3064150Z         Start 2488: rxpa_mult_test_noopt
2026-09-15T21:26:45.3193750Z 133/162 Test #2488: rxpa_mult_test_noopt ............................   Passed    0.02 sec
2026-09-15T21:26:45.3294620Z         Start 2490: rxbin_autoload_contract
2026-09-15T21:26:45.4231760Z 134/162 Test #2490: rxbin_autoload_contract .........................   Passed    0.10 sec
2026-09-15T21:26:45.4332090Z         Start 2491: crexx_help_smoke
2026-09-15T21:26:45.5035360Z 135/162 Test #2491: crexx_help_smoke ................................   Passed    0.09 sec
2026-09-15T21:26:45.5136230Z         Start 2492: crexx_headerless_simple_smoke
2026-09-15T21:26:45.5462540Z 136/162 Test #2457: rxpa_classdecl_static_compile_opt ...............   Passed    0.56 sec
2026-09-15T21:26:46.6787980Z 137/162 Test #2237: benchmark_rexxcps_levelb_opt ....................   Passed    1.79 sec
2026-09-15T21:26:47.0380670Z 138/162 Test #2492: crexx_headerless_simple_smoke ...................   Passed    1.53 sec
2026-09-15T21:26:47.0480120Z         Start 2496: crexx_args_smoke
2026-09-15T21:26:47.0924560Z 139/162 Test #2244: benchmark_runner_opt ............................   Passed    2.16 sec
2026-09-15T21:26:47.7755070Z 140/162 Test #2496: crexx_args_smoke ................................   Passed    0.73 sec
2026-09-15T21:26:47.7855730Z         Start 2497: crexx_rexxscript_smoke
2026-09-15T21:26:48.5054670Z 141/162 Test #2497: crexx_rexxscript_smoke ..........................   Passed    0.74 sec
2026-09-15T21:26:48.5156120Z         Start 2498: crexx_levelc_classic_runtime_smoke
2026-09-15T21:26:49.9263030Z 142/162 Test #2498: crexx_levelc_classic_runtime_smoke ..............   Passed    1.41 sec
2026-09-15T21:26:49.9366900Z         Start 2499: crexx_status_diagnostics
2026-09-15T21:26:51.5032080Z 143/162 Test #2499: crexx_status_diagnostics ........................   Passed    1.58 sec
2026-09-15T21:26:51.5134180Z         Start 2507: crexx_rxpp_builddir
2026-09-15T21:26:52.4069330Z 144/162 Test #2507: crexx_rxpp_builddir .............................   Passed    0.90 sec
2026-09-15T21:26:52.4174760Z         Start 2508: crexx_rxpp_metadata_link
2026-09-15T21:26:55.8434230Z 145/162 Test #2508: crexx_rxpp_metadata_link ........................   Passed    3.43 sec
2026-09-15T21:26:55.8537070Z         Start 2509: crexx_rxpp_metadata_link_invalid_source
2026-09-15T21:26:56.5708120Z 146/162 Test #2509: crexx_rxpp_metadata_link_invalid_source .........   Passed    0.73 sec
2026-09-15T21:26:56.5809430Z         Start 2510: crexx_rxpp_metadata_external_bare
2026-09-15T21:26:57.8235510Z 147/162 Test #2510: crexx_rxpp_metadata_external_bare ...............   Passed    1.25 sec
2026-09-15T21:26:57.8336980Z         Start 2511: crexx_rxpp_metadata_external_spaces
2026-09-15T21:26:59.0436880Z 148/162 Test #2511: crexx_rxpp_metadata_external_spaces .............   Passed    1.22 sec
2026-09-15T21:26:59.0537980Z         Start 2512: crexx_rxpp_metadata_external_names
2026-09-15T21:26:59.5882520Z 149/162 Test #2512: crexx_rxpp_metadata_external_names ..............   Passed    0.54 sec
2026-09-15T21:26:59.5985030Z         Start 2513: crexx_rxpp_metadata_external_missing
2026-09-15T21:27:00.1801880Z 150/162 Test #2513: crexx_rxpp_metadata_external_missing ............   Passed    0.59 sec
2026-09-15T21:27:00.1902980Z         Start 2514: crexx_rxpp_metadata_norun
2026-09-15T21:27:03.6756040Z 151/162 Test #2514: crexx_rxpp_metadata_norun .......................   Passed    3.49 sec
2026-09-15T21:27:03.6858000Z         Start 2515: crexx_source_root_compile_only
2026-09-15T21:27:04.2733250Z 152/162 Test #2515: crexx_source_root_compile_only ..................   Passed    0.60 sec
2026-09-15T21:27:04.2736540Z         Start 2519: crexx_native_explicit_header_smoke
2026-09-15T21:27:05.1757200Z 153/162 Test #2519: crexx_native_explicit_header_smoke ..............   Passed    0.90 sec
2026-09-15T21:27:05.1758420Z         Start 2521: crexx_native_rx_hash_provider
2026-09-15T21:27:06.0668120Z 154/162 Test #2521: crexx_native_rx_hash_provider ...................   Passed    0.89 sec
2026-09-15T21:27:06.0761060Z         Start 2522: crexx_native_default_link_strip
2026-09-15T21:27:06.8957040Z 155/162 Test #2522: crexx_native_default_link_strip .................   Passed    0.83 sec
2026-09-15T21:27:11.0406610Z 156/162 Test #2219: benchmark_awfy_havlak_opt .......................   Passed   26.36 sec
2026-09-15T21:27:11.0409220Z         Start  920: syntaxhighlight_trace_keywords
2026-09-15T21:27:11.6699490Z 157/162 Test  #920: syntaxhighlight_trace_keywords ..................   Passed    0.63 sec
2026-09-15T21:27:11.6700530Z         Start 1388: rxpp_sh_tokens
2026-09-15T21:27:12.1476800Z 158/162 Test #1388: rxpp_sh_tokens ..................................   Passed    0.48 sec
2026-09-15T21:27:12.1479160Z         Start 1404: ts_address_noopt
2026-09-15T21:27:12.6536570Z 159/162 Test #1404: ts_address_noopt ................................   Passed    0.50 sec
2026-09-15T21:27:12.6626770Z         Start 2189: QUIT
2026-09-15T21:27:12.9084250Z 160/162 Test #2189: QUIT ............................................   Passed    0.26 sec
2026-09-15T21:27:12.9096330Z         Start 2191: INT
2026-09-15T21:27:13.2736460Z 161/162 Test #2191: INT .............................................   Passed    0.36 sec
2026-09-15T21:27:13.2782860Z         Start 2506: crexx_project_build_contract
2026-09-15T21:27:56.2393580Z 162/162 Test #2506: crexx_project_build_contract ....................   Passed   42.95 sec
2026-09-15T21:27:56.2411390Z 
2026-09-15T21:27:56.2411930Z 100% tests passed out of 162
2026-09-15T21:27:56.2452800Z 
2026-09-15T21:27:56.2462540Z Label Time Summary:
2026-09-15T21:27:56.2479500Z assembler                            =   0.10 sec*proc (1 test)
2026-09-15T21:27:56.2482600Z autoload                             =  43.05 sec*proc (2 tests)
2026-09-15T21:27:56.2484140Z benchmark                            =  31.56 sec*proc (24 tests)
2026-09-15T21:27:56.2485950Z binutils                             =   1.33 sec*proc (1 test)
2026-09-15T21:27:56.2487330Z build                                =  55.11 sec*proc (9 tests)
2026-09-15T21:27:56.2492510Z canonical-contract                   =   2.16 sec*proc (1 test)
2026-09-15T21:27:56.2493540Z classlib                             =   0.25 sec*proc (1 test)
2026-09-15T21:27:56.2496590Z compiler                             =  14.63 sec*proc (19 tests)
2026-09-15T21:27:56.2499560Z concurrency                          =   0.56 sec*proc (2 tests)
2026-09-15T21:27:56.2500320Z concurrency-sp03                     =   0.01 sec*proc (1 test)
2026-09-15T21:27:56.2503990Z concurrency-sp07                     =   0.55 sec*proc (1 test)
2026-09-15T21:27:56.2506120Z contract                             =  11.18 sec*proc (12 tests)
2026-09-15T21:27:56.2507290Z decimal                              =   4.89 sec*proc (5 tests)
2026-09-15T21:27:56.2509320Z diagnostics                          =   6.34 sec*proc (4 tests)
2026-09-15T21:27:56.2510920Z driver                               =  55.11 sec*proc (9 tests)
2026-09-15T21:27:56.2512540Z essential                            =   1.46 sec*proc (4 tests)
2026-09-15T21:27:56.2514300Z file                                 =   0.03 sec*proc (1 test)
2026-09-15T21:27:56.2515350Z float                                =   0.01 sec*proc (1 test)
2026-09-15T21:27:56.2515920Z hash                                 =   0.03 sec*proc (1 test)
2026-09-15T21:27:56.2516880Z imports                              =   1.39 sec*proc (2 tests)
2026-09-15T21:27:56.2517690Z includes                             =   0.05 sec*proc (1 test)
2026-09-15T21:27:56.2519410Z incremental                          =  42.95 sec*proc (1 test)
2026-09-15T21:27:56.2521480Z indexed-red-black-tree-adaptation    =   0.04 sec*proc (1 test)
2026-09-15T21:27:56.2522970Z integer                              =   4.92 sec*proc (5 tests)
2026-09-15T21:27:56.2524940Z interpreter                          =   0.10 sec*proc (2 tests)
2026-09-15T21:27:56.2733090Z language                             =  29.40 sec*proc (23 tests)
2026-09-15T21:27:56.2733920Z levelc                               =   2.04 sec*proc (2 tests)
2026-09-15T21:27:56.2734340Z levelg                               =   9.84 sec*proc (10 tests)
2026-09-15T21:27:56.2734750Z library                              =   9.88 sec*proc (12 tests)
2026-09-15T21:27:56.2760110Z linked_opt                           =  40.16 sec*proc (28 tests)
2026-09-15T21:27:56.2760620Z linker                               =   0.10 sec*proc (1 test)
2026-09-15T21:27:56.2761120Z macros                               =   0.10 sec*proc (2 tests)
2026-09-15T21:27:56.2761560Z math                                 =   9.76 sec*proc (10 tests)
2026-09-15T21:27:56.2762070Z native-adapter                       =   0.25 sec*proc (1 test)
2026-09-15T21:27:56.2762540Z native-math-control                  =   0.07 sec*proc (2 tests)
2026-09-15T21:27:56.2762920Z native_signal                        =   0.62 sec*proc (2 tests)
2026-09-15T21:27:56.2763420Z noncanonical                         =   1.79 sec*proc (1 test)
2026-09-15T21:27:56.2764000Z optimizer                            =   0.02 sec*proc (1 test)
2026-09-15T21:27:56.2764460Z optimizer-parity                     =  43.80 sec*proc (59 tests)
2026-09-15T21:27:56.2764960Z optimizer-resistance                 =   0.04 sec*proc (1 test)
2026-09-15T21:27:56.2765460Z parallel                             =  42.95 sec*proc (1 test)
2026-09-15T21:27:56.2765890Z plugins                              =   0.01 sec*proc (1 test)
2026-09-15T21:27:56.2766250Z preprocessor                         =  13.44 sec*proc (13 tests)
2026-09-15T21:27:56.2766710Z regression                           =  55.36 sec*proc (13 tests)
2026-09-15T21:27:56.2767650Z rexxcps-smoke                        =   1.79 sec*proc (1 test)
2026-09-15T21:27:56.2768090Z runner                               =   2.16 sec*proc (1 test)
2026-09-15T21:27:56.2768560Z rxas                                 =   0.02 sec*proc (1 test)
2026-09-15T21:27:56.2769000Z rxbvm                                =   4.91 sec*proc (4 tests)
2026-09-15T21:27:56.2769370Z rxpa                                 =   0.02 sec*proc (2 tests)
2026-09-15T21:27:56.2769790Z rxtvm                                =   4.78 sec*proc (4 tests)
2026-09-15T21:27:56.2770250Z sha256                               =   0.03 sec*proc (1 test)
2026-09-15T21:27:56.2770720Z smoke                                = 140.33 sec*proc (158 tests)
2026-09-15T21:27:56.2771180Z srcmap                               =   1.83 sec*proc (1 test)
2026-09-15T21:27:56.2771640Z stable-indexed-cfg-adaptation        =  26.36 sec*proc (1 test)
2026-09-15T21:27:56.2772060Z stable-indexed-graph-adaptation      =   0.04 sec*proc (1 test)
2026-09-15T21:27:56.2772500Z stage0                               =   0.63 sec*proc (1 test)
2026-09-15T21:27:56.2773110Z stage2                               =   0.02 sec*proc (1 test)
2026-09-15T21:27:56.2773560Z stage3                               =   1.85 sec*proc (5 tests)
2026-09-15T21:27:56.2774020Z stage4                               =   1.53 sec*proc (1 test)
2026-09-15T21:27:56.2774460Z stage5                               =   0.04 sec*proc (1 test)
2026-09-15T21:27:56.2774930Z standard-library-adaptation          =   0.04 sec*proc (1 test)
2026-09-15T21:27:56.2775320Z syntax_highlighting                  =   1.16 sec*proc (4 tests)
2026-09-15T21:27:56.2775770Z unicode                              =   0.09 sec*proc (1 test)
2026-09-15T21:27:56.2776170Z unit                                 =   0.03 sec*proc (1 test)
2026-09-15T21:27:56.2776690Z utf                                  =   0.01 sec*proc (1 test)
2026-09-15T21:27:56.2776940Z 
2026-09-15T21:27:56.2777150Z Total Test time (real) =  80.25 sec
2026-09-15T21:27:56.2909230Z ##[group]Run set -euo pipefail
2026-09-15T21:27:56.2909940Z [36;1mset -euo pipefail[0m
2026-09-15T21:27:56.2910250Z [36;1m[0m
2026-09-15T21:27:56.2910660Z [36;1mstage="/Users/runner/work/_temp/release-payload/CREXX-macos-arm64"[0m
2026-09-15T21:27:56.2911140Z [36;1mmkdir -p "$stage/bin" "$stage/examples"[0m
2026-09-15T21:27:56.2911530Z [36;1m[0m
2026-09-15T21:27:56.2911920Z [36;1mcp -R "/Users/runner/work/_temp/build/bin/." "$stage/bin/"[0m
2026-09-15T21:27:56.2912290Z [36;1mcp -R examples/. "$stage/examples/"[0m
2026-09-15T21:27:56.2912830Z [36;1mcp -R "/Users/runner/work/_temp/build/example-artifacts/." "$stage/examples/"[0m
2026-09-15T21:27:56.2913330Z [36;1mcp LICENSE README.md SECURITY.md INSTALL-RUN.md "$stage/"[0m
2026-09-15T21:27:56.2913720Z [36;1mcp "/Users/runner/work/_temp/build/generated/VERSION" "$stage/VERSION"[0m
2026-09-15T21:27:56.2914300Z [36;1mcp "/Users/runner/work/_temp/build/generated/BUILDINFO" "$stage/BUILDINFO"[0m
2026-09-15T21:27:56.3121260Z shell: /bin/bash --noprofile --norc -e -o pipefail {0}
2026-09-15T21:27:56.3121640Z env:
2026-09-15T21:27:56.3122040Z   pythonLocation: /Users/runner/hostedtoolcache/Python/3.12.10/arm64
2026-09-15T21:27:56.3122570Z   PKG_CONFIG_PATH: /Users/runner/hostedtoolcache/Python/3.12.10/arm64/lib/pkgconfig
2026-09-15T21:27:56.3123040Z   Python_ROOT_DIR: /Users/runner/hostedtoolcache/Python/3.12.10/arm64
2026-09-15T21:27:56.3123580Z   Python2_ROOT_DIR: /Users/runner/hostedtoolcache/Python/3.12.10/arm64
2026-09-15T21:27:56.3124050Z   Python3_ROOT_DIR: /Users/runner/hostedtoolcache/Python/3.12.10/arm64
2026-09-15T21:27:56.3124490Z ##[endgroup]
2026-09-15T21:27:56.5614720Z ##[group]Run python scripts/package-core-release.py --source . --build "/Users/runner/work/_temp/build" \
2026-09-15T21:27:56.5615400Z [36;1mpython scripts/package-core-release.py --source . --build "/Users/runner/work/_temp/build" \[0m
2026-09-15T21:27:56.5616000Z [36;1m  --payload "/Users/runner/work/_temp/release-payload/CREXX-macos-arm64" \[0m
2026-09-15T21:27:56.5616890Z [36;1m  --output "/Users/runner/work/_temp/core-package" --platform "macos-arm64" \[0m
2026-09-15T21:27:56.5617330Z [36;1m  --toolchain "clang" --preferred-vm "rxbvm" \[0m
2026-09-15T21:27:56.5617690Z [36;1m  --commit "21666b6bcf0c5a14986652ef0b0a76bddc43611b"[0m
2026-09-15T21:27:56.5655690Z shell: /bin/bash --noprofile --norc -e -o pipefail {0}
2026-09-15T21:27:56.5655970Z env:
2026-09-15T21:27:56.5656290Z   pythonLocation: /Users/runner/hostedtoolcache/Python/3.12.10/arm64
2026-09-15T21:27:56.5656790Z   PKG_CONFIG_PATH: /Users/runner/hostedtoolcache/Python/3.12.10/arm64/lib/pkgconfig
2026-09-15T21:27:56.5657360Z   Python_ROOT_DIR: /Users/runner/hostedtoolcache/Python/3.12.10/arm64
2026-09-15T21:27:56.5657760Z   Python2_ROOT_DIR: /Users/runner/hostedtoolcache/Python/3.12.10/arm64
2026-09-15T21:27:56.5658180Z   Python3_ROOT_DIR: /Users/runner/hostedtoolcache/Python/3.12.10/arm64
2026-09-15T21:27:56.5658500Z ##[endgroup]
2026-09-15T21:28:01.6803780Z PASS: extracted llama-free core, both optimization modes, applicable VMs and relocated native consumer
2026-09-15T21:28:01.7062480Z ##[group]Run actions/upload-artifact@v7
2026-09-15T21:28:01.7063170Z with:
2026-09-15T21:28:01.7063880Z   name: core-qa-macos-arm64-21666b6bcf0c5a14986652ef0b0a76bddc43611b
2026-09-15T21:28:01.7152200Z   path: /Users/runner/work/_temp/core-package/qa
/Users/runner/work/_temp/build/Testing/Temporary
/Users/runner/work/_temp/build/CMakeCache.txt
/Users/runner/work/_temp/build/CMakeFiles/CMakeConfigureLog.yaml

2026-09-15T21:28:01.7152940Z   retention-days: 14
2026-09-15T21:28:01.7153240Z   if-no-files-found: warn
2026-09-15T21:28:01.7153460Z   compression-level: 6
2026-09-15T21:28:01.7153640Z   overwrite: false
2026-09-15T21:28:01.7153820Z   include-hidden-files: false
2026-09-15T21:28:01.7154020Z   archive: true
2026-09-15T21:28:01.7154190Z env:
2026-09-15T21:28:01.7154450Z   pythonLocation: /Users/runner/hostedtoolcache/Python/3.12.10/arm64
2026-09-15T21:28:01.7154950Z   PKG_CONFIG_PATH: /Users/runner/hostedtoolcache/Python/3.12.10/arm64/lib/pkgconfig
2026-09-15T21:28:01.7155620Z   Python_ROOT_DIR: /Users/runner/hostedtoolcache/Python/3.12.10/arm64
2026-09-15T21:28:01.7156090Z   Python2_ROOT_DIR: /Users/runner/hostedtoolcache/Python/3.12.10/arm64
2026-09-15T21:28:01.7156490Z   Python3_ROOT_DIR: /Users/runner/hostedtoolcache/Python/3.12.10/arm64
2026-09-15T21:28:01.7156930Z ##[endgroup]
2026-09-15T21:28:02.1003240Z Multiple search paths detected. Calculating the least common ancestor of all paths
2026-09-15T21:28:02.1006320Z The least common ancestor is /Users/runner/work/_temp. This will be the root directory of the artifact
2026-09-15T21:28:02.1006810Z With the provided path, there will be 18 files uploaded
2026-09-15T21:28:02.1007460Z Artifact name is valid!
2026-09-15T21:28:02.1007830Z Root directory input is valid!
2026-09-15T21:28:02.3997220Z Uploading artifact: core-qa-macos-arm64-21666b6bcf0c5a14986652ef0b0a76bddc43611b.zip
2026-09-15T21:28:02.4031010Z Beginning upload of artifact content to blob storage
2026-09-15T21:28:02.6858380Z Uploaded bytes 47587
2026-09-15T21:28:02.7367350Z Finished uploading artifact content to blob storage!
2026-09-15T21:28:02.7471640Z SHA256 digest of uploaded artifact is 2394762afa402ff54ffeab5d13272d14220835d141d61bee92492251aa94f3ce
2026-09-15T21:28:02.7574430Z Finalizing artifact upload
2026-09-15T21:28:03.0699700Z Artifact core-qa-macos-arm64-21666b6bcf0c5a14986652ef0b0a76bddc43611b successfully finalized. Artifact ID 10418624259
2026-09-15T21:28:03.0701430Z Artifact core-qa-macos-arm64-21666b6bcf0c5a14986652ef0b0a76bddc43611b has been successfully uploaded! Final size is 47587 bytes. Artifact ID is 10418624259
2026-09-15T21:28:03.0702600Z Artifact download URL: https://github.com/adesutherland/CREXX/actions/runs/35025115905/artifacts/10418624259
2026-09-15T21:28:03.0865800Z ##[group]Run actions/upload-artifact@v7
2026-09-15T21:28:03.0866230Z with:
2026-09-15T21:28:03.0866700Z   name: user-test-21666b6bcf0c5a14986652ef0b0a76bddc43611b-CREXX-macos-arm64
2026-09-15T21:28:03.0867960Z   path: /Users/runner/work/_temp/core-package/assets/*.zip
2026-09-15T21:28:03.0868410Z   if-no-files-found: error
2026-09-15T21:28:03.0868780Z   retention-days: 14
2026-09-15T21:28:03.0869070Z   compression-level: 6
2026-09-15T21:28:03.0869410Z   overwrite: false
2026-09-15T21:28:03.0869770Z   include-hidden-files: false
2026-09-15T21:28:03.0870160Z   archive: true
2026-09-15T21:28:03.0870460Z env:
2026-09-15T21:28:03.0870830Z   pythonLocation: /Users/runner/hostedtoolcache/Python/3.12.10/arm64
2026-09-15T21:28:03.0871360Z   PKG_CONFIG_PATH: /Users/runner/hostedtoolcache/Python/3.12.10/arm64/lib/pkgconfig
2026-09-15T21:28:03.0871960Z   Python_ROOT_DIR: /Users/runner/hostedtoolcache/Python/3.12.10/arm64
2026-09-15T21:28:03.0872520Z   Python2_ROOT_DIR: /Users/runner/hostedtoolcache/Python/3.12.10/arm64
2026-09-15T21:28:03.0872920Z   Python3_ROOT_DIR: /Users/runner/hostedtoolcache/Python/3.12.10/arm64
2026-09-15T21:28:03.0873250Z ##[endgroup]
2026-09-15T21:28:03.3809880Z With the provided path, there will be 1 file uploaded
2026-09-15T21:28:03.3812680Z Artifact name is valid!
2026-09-15T21:28:03.3813390Z Root directory input is valid!
2026-09-15T21:28:03.6273590Z Uploading artifact: user-test-21666b6bcf0c5a14986652ef0b0a76bddc43611b-CREXX-macos-arm64.zip
2026-09-15T21:28:03.6475250Z Beginning upload of artifact content to blob storage
2026-09-15T21:28:04.4181150Z Uploaded bytes 8388608
2026-09-15T21:28:04.7355600Z Uploaded bytes 16777216
2026-09-15T21:28:04.8443480Z Uploaded bytes 19503480
2026-09-15T21:28:04.8940400Z Finished uploading artifact content to blob storage!
2026-09-15T21:28:04.8942280Z SHA256 digest of uploaded artifact is aecc2d56fea3a0c37c1a08827a4fedc3fddfd3beb47451d7b96328e529724f8b
2026-09-15T21:28:04.8943830Z Finalizing artifact upload
2026-09-15T21:28:05.1752880Z Artifact user-test-21666b6bcf0c5a14986652ef0b0a76bddc43611b-CREXX-macos-arm64 successfully finalized. Artifact ID 10419765518
2026-09-15T21:28:05.1754230Z Artifact user-test-21666b6bcf0c5a14986652ef0b0a76bddc43611b-CREXX-macos-arm64 has been successfully uploaded! Final size is 19503480 bytes. Artifact ID is 10419765518
2026-09-15T21:28:05.1759940Z Artifact download URL: https://github.com/adesutherland/CREXX/actions/runs/35025115905/artifacts/10419765518
2026-09-15T21:28:05.2165560Z Post job cleanup.
2026-09-15T21:28:05.3729630Z Post job cleanup.
2026-09-15T21:28:05.4775600Z [command]/opt/homebrew/bin/git version
2026-09-15T21:28:05.5010470Z git version 2.55.0
2026-09-15T21:28:05.5030750Z Copying '/Users/runner/.gitconfig' to '/Users/runner/work/_temp/dac0a8c4-80d3-4bb2-8318-62555a3fd2dd/.gitconfig'
2026-09-15T21:28:05.5044150Z Temporarily overriding HOME='/Users/runner/work/_temp/dac0a8c4-80d3-4bb2-8318-62555a3fd2dd' before making global git config changes
2026-09-15T21:28:05.5046260Z Adding repository directory to the temporary git global config as a safe directory
2026-09-15T21:28:05.5047800Z [command]/opt/homebrew/bin/git config --global --add safe.directory /Users/runner/work/CREXX/CREXX
2026-09-15T21:28:05.5178180Z [command]/opt/homebrew/bin/git config --local --name-only --get-regexp core\.sshCommand
2026-09-15T21:28:05.5366320Z [command]/opt/homebrew/bin/git submodule foreach --recursive sh -c "git config --local --name-only --get-regexp 'core\.sshCommand' && git config --local --unset-all 'core.sshCommand' || :"
2026-09-15T21:28:05.6485450Z [command]/opt/homebrew/bin/git config --local --name-only --get-regexp http\.https\:\/\/github\.com\/\.extraheader
2026-09-15T21:28:05.6544510Z http.https://github.com/.extraheader
2026-09-15T21:28:05.6557420Z [command]/opt/homebrew/bin/git config --local --unset-all http.https://github.com/.extraheader
2026-09-15T21:28:05.6637070Z [command]/opt/homebrew/bin/git submodule foreach --recursive sh -c "git config --local --name-only --get-regexp 'http\.https\:\/\/github\.com\/\.extraheader' && git config --local --unset-all 'http.https://github.com/.extraheader' || :"
2026-09-15T21:28:05.7605870Z [command]/opt/homebrew/bin/git config --local --name-only --get-regexp ^includeIf\.gitdir:
2026-09-15T21:28:05.7673920Z [command]/opt/homebrew/bin/git submodule foreach --recursive git config --local --show-origin --name-only --get-regexp remote.origin.url
2026-09-15T21:28:05.9527400Z Cleaning up orphan processes
