2026-09-15T21:35:31.0510078Z Current runner version: '2.337.0'
2026-09-15T21:35:31.0539739Z ##[group]Runner Image Provisioner
2026-09-15T21:35:31.0540540Z Hosted Compute Agent
2026-09-15T21:35:31.0541157Z Version: 20260828.587
2026-09-15T21:35:31.0542273Z Commit: abac92662cab4cc7352de4f9f9d2e2419aad9c29
2026-09-15T21:35:31.0543005Z Build Date: 2026-08-28T16:44:25Z
2026-09-15T21:35:31.0543679Z Worker ID: {7ac18db4-f6df-41aa-950e-6c6efbe08d58}
2026-09-15T21:35:31.0544361Z Azure Region: westus
2026-09-15T21:35:31.0544896Z ##[endgroup]
2026-09-15T21:35:31.0546384Z ##[group]Operating System
2026-09-15T21:35:31.0547074Z Microsoft Windows Server 2025
2026-09-15T21:35:31.0547674Z 10.0.26100
2026-09-15T21:35:31.0548216Z Datacenter
2026-09-15T21:35:31.0548725Z ##[endgroup]
2026-09-15T21:35:31.0549232Z ##[group]Runner Image
2026-09-15T21:35:31.0549780Z Image: windows-2025-vs2026
2026-09-15T21:35:31.0550376Z Version: 20260907.229.1
2026-09-15T21:35:31.0551797Z Included Software: https://github.com/actions/runner-images/blob/win25-vs2026/20260907.229/images/windows/Windows2025-VS2026-Readme.md
2026-09-15T21:35:31.0553444Z Image Release: https://github.com/actions/runner-images/releases/tag/win25-vs2026%2F20260907.229
2026-09-15T21:35:31.0554380Z ##[endgroup]
2026-09-15T21:35:31.0555535Z ##[group]GITHUB_TOKEN Permissions
2026-09-15T21:35:31.0557512Z Actions: read
2026-09-15T21:35:31.0558146Z Contents: read
2026-09-15T21:35:31.0558696Z Metadata: read
2026-09-15T21:35:31.0559277Z ##[endgroup]
2026-09-15T21:35:31.0561310Z Secret source: Actions
2026-09-15T21:35:31.0562689Z Cache mode: write
2026-09-15T21:35:31.0563538Z Prepare workflow directory
2026-09-15T21:35:31.0907428Z Prepare all required actions
2026-09-15T21:35:31.0980040Z Getting action download info
2026-09-15T21:35:31.4574414Z Download action repository 'actions/checkout@v5' (SHA:fbc6f3992d24b796d5a048ff273f7fcc4a7b6c09)
2026-09-15T21:35:31.5991732Z Download action repository 'ilammy/msvc-dev-cmd@v1' (SHA:0b201ec74fa43914dc39ae48a89fd1d8cb592756)
2026-09-15T21:35:31.9630672Z Download action repository 'msys2/setup-msys2@v2' (SHA:66cd2cce69caa17b53920067426061ca1de3a884)
2026-09-15T21:35:32.2543147Z Download action repository 'actions/setup-python@v6' (SHA:ece7cb06caefa5fff74198d8649806c4678c61a1)
2026-09-15T21:35:32.4007810Z Download action repository 'actions/upload-artifact@v7' (SHA:043fb46d1a93c77aae656e7c1c64a875d1fc6a0a)
2026-09-15T21:35:32.6616864Z Complete job name: Comprehensive Windows x64 MinGW
2026-09-15T21:35:32.8162374Z ##[group]Run actions/checkout@v5
2026-09-15T21:35:32.8163846Z with:
2026-09-15T21:35:32.8164610Z   submodules: recursive
2026-09-15T21:35:32.8165561Z   ref: 21666b6bcf0c5a14986652ef0b0a76bddc43611b
2026-09-15T21:35:32.8166667Z   repository: adesutherland/CREXX
2026-09-15T21:35:32.8174736Z   token: ***
2026-09-15T21:35:32.8175521Z   ssh-strict: true
2026-09-15T21:35:32.8176304Z   ssh-user: git
2026-09-15T21:35:32.8177112Z   persist-credentials: true
2026-09-15T21:35:32.8178006Z   clean: true
2026-09-15T21:35:32.8178794Z   sparse-checkout-cone-mode: true
2026-09-15T21:35:32.8179747Z   fetch-depth: 1
2026-09-15T21:35:32.8180511Z   fetch-tags: false
2026-09-15T21:35:32.8181305Z   show-progress: true
2026-09-15T21:35:32.8182085Z   lfs: false
2026-09-15T21:35:32.8182836Z   set-safe-directory: true
2026-09-15T21:35:32.8183739Z   allow-unsafe-pr-checkout: false
2026-09-15T21:35:32.8184943Z ##[endgroup]
2026-09-15T21:35:32.9766993Z Syncing repository: adesutherland/CREXX
2026-09-15T21:35:32.9769475Z ##[group]Getting Git version info
2026-09-15T21:35:32.9770586Z Working directory is 'D:\a\CREXX\CREXX'
2026-09-15T21:35:33.1399250Z [command]"C:\Program Files\Git\bin\git.exe" version
2026-09-15T21:35:33.5202369Z git version 2.55.0.windows.5
2026-09-15T21:35:33.5254437Z ##[endgroup]
2026-09-15T21:35:33.5275334Z Temporarily overriding HOME='D:\a\_temp\03e9b509-3e3f-45c5-9959-0a2f07ba0a7a' before making global git config changes
2026-09-15T21:35:33.5278323Z Adding repository directory to the temporary git global config as a safe directory
2026-09-15T21:35:33.5286255Z [command]"C:\Program Files\Git\bin\git.exe" config --global --add safe.directory D:\a\CREXX\CREXX
2026-09-15T21:35:33.5979132Z Deleting the contents of 'D:\a\CREXX\CREXX'
2026-09-15T21:35:33.5985730Z ##[group]Initializing the repository
2026-09-15T21:35:33.5994317Z [command]"C:\Program Files\Git\bin\git.exe" init D:\a\CREXX\CREXX
2026-09-15T21:35:33.6788278Z Initialized empty Git repository in D:/a/CREXX/CREXX/.git/
2026-09-15T21:35:33.6831150Z [command]"C:\Program Files\Git\bin\git.exe" remote add origin https://github.com/adesutherland/CREXX
2026-09-15T21:35:33.7482887Z ##[endgroup]
2026-09-15T21:35:33.7505555Z ##[group]Disabling automatic garbage collection
2026-09-15T21:35:33.7507850Z [command]"C:\Program Files\Git\bin\git.exe" config --local gc.auto 0
2026-09-15T21:35:33.7900989Z ##[endgroup]
2026-09-15T21:35:33.7904057Z ##[group]Setting up auth
2026-09-15T21:35:33.7906839Z [command]"C:\Program Files\Git\bin\git.exe" config --local --name-only --get-regexp core\.sshCommand
2026-09-15T21:35:33.8246283Z [command]"C:\Program Files\Git\bin\git.exe" submodule foreach --recursive "sh -c \"git config --local --name-only --get-regexp 'core\.sshCommand' && git config --local --unset-all 'core.sshCommand' || :\""
2026-09-15T21:35:35.3222562Z [command]"C:\Program Files\Git\bin\git.exe" config --local --name-only --get-regexp http\.https\:\/\/github\.com\/\.extraheader
2026-09-15T21:35:35.3517160Z [command]"C:\Program Files\Git\bin\git.exe" submodule foreach --recursive "sh -c \"git config --local --name-only --get-regexp 'http\.https\:\/\/github\.com\/\.extraheader' && git config --local --unset-all 'http.https://github.com/.extraheader' || :\""
2026-09-15T21:35:35.8766521Z [command]"C:\Program Files\Git\bin\git.exe" config --local --name-only --get-regexp ^includeIf\.gitdir:
2026-09-15T21:35:35.9054631Z [command]"C:\Program Files\Git\bin\git.exe" submodule foreach --recursive "git config --local --show-origin --name-only --get-regexp remote.origin.url"
2026-09-15T21:35:36.4442790Z [command]"C:\Program Files\Git\bin\git.exe" config --local http.https://github.com/.extraheader "AUTHORIZATION: basic ***"
2026-09-15T21:35:36.4744004Z ##[endgroup]
2026-09-15T21:35:36.4744687Z ##[group]Fetching the repository
2026-09-15T21:35:36.4762779Z [command]"C:\Program Files\Git\bin\git.exe" -c protocol.version=2 fetch --no-tags --prune --no-recurse-submodules --depth=1 origin 21666b6bcf0c5a14986652ef0b0a76bddc43611b
2026-09-15T21:35:41.1642836Z From https://github.com/adesutherland/CREXX
2026-09-15T21:35:41.1717019Z  * branch              21666b6bcf0c5a14986652ef0b0a76bddc43611b -> FETCH_HEAD
2026-09-15T21:35:41.1722253Z ##[endgroup]
2026-09-15T21:35:41.1723551Z ##[group]Determining the checkout info
2026-09-15T21:35:41.1724640Z ##[endgroup]
2026-09-15T21:35:41.1725546Z [command]"C:\Program Files\Git\bin\git.exe" sparse-checkout disable
2026-09-15T21:35:41.2186354Z [command]"C:\Program Files\Git\bin\git.exe" config --local --unset-all extensions.worktreeConfig
2026-09-15T21:35:41.2471497Z ##[group]Checking out the ref
2026-09-15T21:35:41.2480192Z [command]"C:\Program Files\Git\bin\git.exe" checkout --progress --force 21666b6bcf0c5a14986652ef0b0a76bddc43611b
2026-09-15T21:35:42.3595718Z Updating files:   8% (3429/38396)
2026-09-15T21:35:42.4648642Z Updating files:   9% (3456/38396)
2026-09-15T21:35:42.7635641Z Updating files:  10% (3840/38396)
2026-09-15T21:35:42.9801184Z Updating files:  11% (4224/38396)
2026-09-15T21:35:43.0822334Z Updating files:  12% (4608/38396)
2026-09-15T21:35:43.1828432Z Updating files:  13% (4992/38396)
2026-09-15T21:35:43.2710726Z Updating files:  14% (5376/38396)
2026-09-15T21:35:43.3452681Z Updating files:  15% (5760/38396)
2026-09-15T21:35:43.3548846Z Updating files:  15% (6104/38396)
2026-09-15T21:35:43.4714138Z Updating files:  16% (6144/38396)
2026-09-15T21:35:43.6040495Z Updating files:  17% (6528/38396)
2026-09-15T21:35:43.6907609Z Updating files:  18% (6912/38396)
2026-09-15T21:35:43.8283659Z Updating files:  19% (7296/38396)
2026-09-15T21:35:43.9145849Z Updating files:  20% (7680/38396)
2026-09-15T21:35:44.0068536Z Updating files:  21% (8064/38396)
2026-09-15T21:35:44.2380190Z Updating files:  22% (8448/38396)
2026-09-15T21:35:44.3228457Z Updating files:  23% (8832/38396)
2026-09-15T21:35:44.3588777Z Updating files:  24% (9216/38396)
2026-09-15T21:35:44.4132252Z Updating files:  24% (9359/38396)
2026-09-15T21:35:44.4897070Z Updating files:  25% (9599/38396)
2026-09-15T21:35:44.5723375Z Updating files:  26% (9983/38396)
2026-09-15T21:35:44.6493638Z Updating files:  27% (10367/38396)
2026-09-15T21:35:44.7334135Z Updating files:  28% (10751/38396)
2026-09-15T21:35:44.8551102Z Updating files:  29% (11135/38396)
2026-09-15T21:35:44.9274482Z Updating files:  30% (11519/38396)
2026-09-15T21:35:45.0042222Z Updating files:  31% (11903/38396)
2026-09-15T21:35:45.0696143Z Updating files:  32% (12287/38396)
2026-09-15T21:35:45.1374186Z Updating files:  33% (12671/38396)
2026-09-15T21:35:45.2031457Z Updating files:  34% (13055/38396)
2026-09-15T21:35:45.2743463Z Updating files:  35% (13439/38396)
2026-09-15T21:35:45.3534107Z Updating files:  36% (13823/38396)
2026-09-15T21:35:45.3607027Z Updating files:  37% (14207/38396)
2026-09-15T21:35:45.4897565Z Updating files:  37% (14237/38396)
2026-09-15T21:35:45.6303966Z Updating files:  38% (14591/38396)
2026-09-15T21:35:45.7367255Z Updating files:  39% (14975/38396)
2026-09-15T21:35:45.9643444Z Updating files:  40% (15359/38396)
2026-09-15T21:35:46.0576306Z Updating files:  41% (15743/38396)
2026-09-15T21:35:46.0814931Z Updating files:  42% (16127/38396)
2026-09-15T21:35:46.0817953Z warning: created file symlink 'performance/evidence/2026-07-18-nr-09-large-instruction-batch-first-release-verdict/qa-closeout/asan/20260719-205746-full/current.log' pointing to '\Users\adrian\CLionProjects\CREXX\performance\evidence\2026-07-18-nr-09-large-instruction-batch-first-release-verdict\qa-closeout\asan\20260719-205746-full\build.log';
2026-09-15T21:35:46.0820989Z set the `symlink` gitattribute to `dir` if a directory symlink is required
2026-09-15T21:35:46.0845862Z warning: created file symlink 'performance/evidence/2026-07-18-nr-09-large-instruction-batch-first-release-verdict/qa-closeout/asan/20260719-205848-full/current.log' pointing to '\Users\adrian\CLionProjects\CREXX\performance\evidence\2026-07-18-nr-09-large-instruction-batch-first-release-verdict\qa-closeout\asan\20260719-205848-full\ctest.log';
2026-09-15T21:35:46.0850172Z set the `symlink` gitattribute to `dir` if a directory symlink is required
2026-09-15T21:35:46.0859196Z warning: created file symlink 'performance/evidence/2026-07-18-nr-09-large-instruction-batch-first-release-verdict/qa-closeout/asan/20260719-212042-ctest/current.log' pointing to '\Users\adrian\CLionProjects\CREXX\performance\evidence\2026-07-18-nr-09-large-instruction-batch-first-release-verdict\qa-closeout\asan\20260719-212042-ctest\ctest.log';
2026-09-15T21:35:46.0862060Z set the `symlink` gitattribute to `dir` if a directory symlink is required
2026-09-15T21:35:46.0871000Z warning: created file symlink 'performance/evidence/2026-07-18-nr-09-large-instruction-batch-first-release-verdict/qa-closeout/asan/20260719-212239-ctest/current.log' pointing to '\Users\adrian\CLionProjects\CREXX\performance\evidence\2026-07-18-nr-09-large-instruction-batch-first-release-verdict\qa-closeout\asan\20260719-212239-ctest\ctest.log';
2026-09-15T21:35:46.0873904Z set the `symlink` gitattribute to `dir` if a directory symlink is required
2026-09-15T21:35:46.0880251Z warning: created file symlink 'performance/evidence/2026-07-18-nr-09-large-instruction-batch-first-release-verdict/qa-closeout/asan/latest' pointing to '\Users\adrian\CLionProjects\CREXX\performance\evidence\2026-07-18-nr-09-large-instruction-batch-first-release-verdict\qa-closeout\asan\20260719-212239-ctest';
2026-09-15T21:35:46.0882850Z set the `symlink` gitattribute to `dir` if a directory symlink is required
2026-09-15T21:35:46.2614330Z Updating files:  43% (16511/38396)
2026-09-15T21:35:46.3493776Z Updating files:  44% (16895/38396)
2026-09-15T21:35:46.3610267Z Updating files:  45% (17279/38396)
2026-09-15T21:35:46.3911707Z Updating files:  45% (17316/38396)
2026-09-15T21:35:46.3914086Z warning: created file symlink 'performance/evidence/2026-07-22-nr-15-first-release-verdict/qa-closeout/asan/20260722-215009-build/current.log' pointing to '\Users\adrian\CLionProjects\CREXX\performance\evidence\2026-07-22-nr-15-first-release-verdict\qa-closeout\asan\20260722-215009-build\build.log';
2026-09-15T21:35:46.3916274Z set the `symlink` gitattribute to `dir` if a directory symlink is required
2026-09-15T21:35:46.3925631Z warning: created file symlink 'performance/evidence/2026-07-22-nr-15-first-release-verdict/qa-closeout/asan/20260722-220435-ctest/current.log' pointing to '\Users\adrian\CLionProjects\CREXX\performance\evidence\2026-07-22-nr-15-first-release-verdict\qa-closeout\asan\20260722-220435-ctest\ctest.log';
2026-09-15T21:35:46.3928070Z set the `symlink` gitattribute to `dir` if a directory symlink is required
2026-09-15T21:35:46.3937236Z warning: created file symlink 'performance/evidence/2026-07-22-nr-15-first-release-verdict/qa-closeout/asan/20260722-220509-ctest/current.log' pointing to '\Users\adrian\CLionProjects\CREXX\performance\evidence\2026-07-22-nr-15-first-release-verdict\qa-closeout\asan\20260722-220509-ctest\ctest.log';
2026-09-15T21:35:46.3939428Z set the `symlink` gitattribute to `dir` if a directory symlink is required
2026-09-15T21:35:46.3948470Z warning: created file symlink 'performance/evidence/2026-07-22-nr-15-first-release-verdict/qa-closeout/asan/20260722-220547-build/current.log' pointing to '\Users\adrian\CLionProjects\CREXX\performance\evidence\2026-07-22-nr-15-first-release-verdict\qa-closeout\asan\20260722-220547-build\build.log';
2026-09-15T21:35:46.3950623Z set the `symlink` gitattribute to `dir` if a directory symlink is required
2026-09-15T21:35:46.3961349Z warning: created file symlink 'performance/evidence/2026-07-22-nr-15-first-release-verdict/qa-closeout/asan/20260722-220557-ctest/current.log' pointing to '\Users\adrian\CLionProjects\CREXX\performance\evidence\2026-07-22-nr-15-first-release-verdict\qa-closeout\asan\20260722-220557-ctest\ctest.log';
2026-09-15T21:35:46.3963794Z set the `symlink` gitattribute to `dir` if a directory symlink is required
2026-09-15T21:35:46.3976283Z warning: created file symlink 'performance/evidence/2026-07-22-nr-15-first-release-verdict/qa-closeout/asan/latest' pointing to '\Users\adrian\CLionProjects\CREXX\performance\evidence\2026-07-22-nr-15-first-release-verdict\qa-closeout\asan\20260722-220557-ctest';
2026-09-15T21:35:46.3978957Z set the `symlink` gitattribute to `dir` if a directory symlink is required
2026-09-15T21:35:46.5537582Z Updating files:  46% (17663/38396)
2026-09-15T21:35:46.6445175Z Updating files:  47% (18047/38396)
2026-09-15T21:35:46.8483872Z Updating files:  48% (18431/38396)
2026-09-15T21:35:46.9352353Z Updating files:  49% (18815/38396)
2026-09-15T21:35:47.0211865Z Updating files:  50% (19198/38396)
2026-09-15T21:35:47.1361583Z Updating files:  51% (19582/38396)
2026-09-15T21:35:47.2328881Z Updating files:  52% (19966/38396)
2026-09-15T21:35:47.3413593Z Updating files:  53% (20350/38396)
2026-09-15T21:35:47.3665972Z Updating files:  54% (20734/38396)
2026-09-15T21:35:47.4316448Z Updating files:  54% (20846/38396)
2026-09-15T21:35:47.5113630Z Updating files:  55% (21118/38396)
2026-09-15T21:35:47.6082316Z Updating files:  56% (21502/38396)
2026-09-15T21:35:47.7276302Z Updating files:  57% (21886/38396)
2026-09-15T21:35:47.7960389Z Updating files:  58% (22270/38396)
2026-09-15T21:35:47.8803777Z Updating files:  59% (22654/38396)
2026-09-15T21:35:47.9674245Z Updating files:  60% (23038/38396)
2026-09-15T21:35:48.0510131Z Updating files:  61% (23422/38396)
2026-09-15T21:35:48.2676982Z Updating files:  62% (23806/38396)
2026-09-15T21:35:48.3574215Z Updating files:  63% (24190/38396)
2026-09-15T21:35:48.3800079Z Updating files:  64% (24574/38396)
2026-09-15T21:35:48.4568178Z Updating files:  64% (24686/38396)
2026-09-15T21:35:48.5518786Z Updating files:  65% (24958/38396)
2026-09-15T21:35:49.0246391Z Updating files:  66% (25342/38396)
2026-09-15T21:35:49.2199697Z Updating files:  67% (25726/38396)
2026-09-15T21:35:49.2959280Z Updating files:  68% (26110/38396)
2026-09-15T21:35:49.3813224Z Updating files:  69% (26494/38396)
2026-09-15T21:35:49.3855342Z Updating files:  69% (26858/38396)
2026-09-15T21:35:49.4735162Z Updating files:  70% (26878/38396)
2026-09-15T21:35:49.5571341Z Updating files:  71% (27262/38396)
2026-09-15T21:35:49.6401146Z Updating files:  72% (27646/38396)
2026-09-15T21:35:49.7314411Z Updating files:  73% (28030/38396)
2026-09-15T21:35:49.8315749Z Updating files:  74% (28414/38396)
2026-09-15T21:35:49.9448440Z Updating files:  75% (28797/38396)
2026-09-15T21:35:50.0403540Z Updating files:  76% (29181/38396)
2026-09-15T21:35:50.1417827Z Updating files:  77% (29565/38396)
2026-09-15T21:35:50.2448844Z Updating files:  78% (29949/38396)
2026-09-15T21:35:50.3446763Z Updating files:  79% (30333/38396)
2026-09-15T21:35:50.3903349Z Updating files:  80% (30717/38396)
2026-09-15T21:35:50.5162970Z Updating files:  80% (30882/38396)
2026-09-15T21:35:50.6109827Z Updating files:  81% (31101/38396)
2026-09-15T21:35:50.7347543Z Updating files:  82% (31485/38396)
2026-09-15T21:35:50.8358229Z Updating files:  83% (31869/38396)
2026-09-15T21:35:50.9241207Z Updating files:  84% (32253/38396)
2026-09-15T21:35:50.9975864Z Updating files:  85% (32637/38396)
2026-09-15T21:35:51.0840273Z Updating files:  86% (33021/38396)
2026-09-15T21:35:51.2329925Z Updating files:  87% (33405/38396)
2026-09-15T21:35:51.3503337Z Updating files:  88% (33789/38396)
2026-09-15T21:35:51.3945652Z Updating files:  89% (34173/38396)
2026-09-15T21:35:51.5002641Z Updating files:  89% (34227/38396)
2026-09-15T21:35:51.6042812Z Updating files:  90% (34557/38396)
2026-09-15T21:35:51.7039369Z Updating files:  91% (34941/38396)
2026-09-15T21:35:51.7825321Z Updating files:  92% (35325/38396)
2026-09-15T21:35:51.8565003Z Updating files:  93% (35709/38396)
2026-09-15T21:35:51.9366634Z Updating files:  94% (36093/38396)
2026-09-15T21:35:52.0289689Z Updating files:  95% (36477/38396)
2026-09-15T21:35:52.1461296Z Updating files:  96% (36861/38396)
2026-09-15T21:35:52.2464615Z Updating files:  97% (37245/38396)
2026-09-15T21:35:52.3366376Z Updating files:  98% (37629/38396)
2026-09-15T21:35:52.4136653Z Updating files:  99% (38013/38396)
2026-09-15T21:35:52.4747122Z Updating files:  99% (38130/38396)
2026-09-15T21:35:52.4747632Z Updating files: 100% (38396/38396)
2026-09-15T21:35:52.4747913Z Updating files: 100% (38396/38396), done.
2026-09-15T21:35:52.5380897Z Note: switching to '21666b6bcf0c5a14986652ef0b0a76bddc43611b'.
2026-09-15T21:35:52.5381653Z 
2026-09-15T21:35:52.5382083Z You are in 'detached HEAD' state. You can look around, make experimental
2026-09-15T21:35:52.5382893Z changes and commit them, and you can discard any commits you make in this
2026-09-15T21:35:52.5383688Z state without impacting any branches by switching back to a branch.
2026-09-15T21:35:52.5384198Z 
2026-09-15T21:35:52.5384501Z If you want to create a new branch to retain commits you create, you may
2026-09-15T21:35:52.5385225Z do so (now or later) by using -c with the switch command. Example:
2026-09-15T21:35:52.5385650Z 
2026-09-15T21:35:52.5385841Z   git switch -c <new-branch-name>
2026-09-15T21:35:52.5386124Z 
2026-09-15T21:35:52.5386289Z Or undo this operation with:
2026-09-15T21:35:52.5386560Z 
2026-09-15T21:35:52.5386688Z   git switch -
2026-09-15T21:35:52.5386874Z 
2026-09-15T21:35:52.5387272Z Turn off this advice by setting config variable advice.detachedHead to false
2026-09-15T21:35:52.5387800Z 
2026-09-15T21:35:52.5388246Z HEAD is now at 21666b6b ci: build qualified cores once and deliver separate llama plugin archives
2026-09-15T21:35:52.5606470Z ##[endgroup]
2026-09-15T21:35:52.5607146Z ##[group]Setting up auth for fetching submodules
2026-09-15T21:35:52.5618825Z [command]"C:\Program Files\Git\bin\git.exe" config --global http.https://github.com/.extraheader "AUTHORIZATION: basic ***"
2026-09-15T21:35:52.5934652Z [command]"C:\Program Files\Git\bin\git.exe" config --global --unset-all url.https://github.com/.insteadOf
2026-09-15T21:35:52.6229283Z [command]"C:\Program Files\Git\bin\git.exe" config --global --add url.https://github.com/.insteadOf git@github.com:
2026-09-15T21:35:52.6536181Z [command]"C:\Program Files\Git\bin\git.exe" config --global --add url.https://github.com/.insteadOf org-4367482@github.com:
2026-09-15T21:35:52.6823533Z ##[endgroup]
2026-09-15T21:35:52.6824134Z ##[group]Fetching submodules
2026-09-15T21:35:52.6833170Z [command]"C:\Program Files\Git\bin\git.exe" submodule sync --recursive
2026-09-15T21:35:53.2154807Z [command]"C:\Program Files\Git\bin\git.exe" -c protocol.version=2 submodule update --init --force --depth=1 --recursive
2026-09-15T21:35:53.7423114Z [command]"C:\Program Files\Git\bin\git.exe" submodule foreach --recursive "git config --local gc.auto 0"
2026-09-15T21:35:54.2855488Z ##[endgroup]
2026-09-15T21:35:54.2855905Z ##[group]Persisting credentials for submodules
2026-09-15T21:35:54.2867561Z [command]"C:\Program Files\Git\bin\git.exe" submodule foreach --recursive "sh -c \"git config --local --name-only --get-regexp 'url\.https\:\/\/github\.com\/\.insteadOf' && git config --local --unset-all 'url.https://github.com/.insteadOf' || :\""
2026-09-15T21:35:54.8502343Z [command]"C:\Program Files\Git\bin\git.exe" submodule foreach --recursive "sh -c \"git config --local 'http.https://github.com/.extraheader' 'AUTHORIZATION: basic ***' && git config --local --show-origin --name-only --get-regexp remote.origin.url\""
2026-09-15T21:35:55.3973570Z [command]"C:\Program Files\Git\bin\git.exe" submodule foreach --recursive "git config --local --add 'url.https://github.com/.insteadOf' 'git@github.com:'"
2026-09-15T21:35:55.9451201Z [command]"C:\Program Files\Git\bin\git.exe" submodule foreach --recursive "git config --local --add 'url.https://github.com/.insteadOf' 'org-4367482@github.com:'"
2026-09-15T21:35:56.4809295Z ##[endgroup]
2026-09-15T21:35:56.5140459Z [command]"C:\Program Files\Git\bin\git.exe" log -1 --format=%H
2026-09-15T21:35:56.5400473Z 21666b6bcf0c5a14986652ef0b0a76bddc43611b
2026-09-15T21:35:56.5842541Z ##[group]Run msys2/setup-msys2@v2
2026-09-15T21:35:56.5842861Z with:
2026-09-15T21:35:56.5843052Z   update: true
2026-09-15T21:35:56.5843251Z   install: base-devel git
2026-09-15T21:35:56.5843581Z   pacboy: toolchain:p cmake:p ninja:p openssl:p pkgconf:p python:p
2026-09-15T21:35:56.5843930Z   msystem: MINGW64
2026-09-15T21:35:56.5844129Z   path-type: minimal
2026-09-15T21:35:56.5844323Z   release: true
2026-09-15T21:35:56.5844531Z   platform-check-severity: fatal
2026-09-15T21:35:56.5844775Z   cache: true
2026-09-15T21:35:56.5844953Z ##[endgroup]
2026-09-15T21:35:56.7285109Z ##[group]Downloading MSYS2...
2026-09-15T21:35:57.4656827Z ##[endgroup]
2026-09-15T21:35:57.4657696Z ##[group]Extracting MSYS2...
2026-09-15T21:35:57.4673172Z [command]C:\hostedtoolcache\windows\msys2-installer\0.0.20260611\x64\base.exe -y
2026-09-15T21:35:57.7202160Z 
2026-09-15T21:35:57.7203210Z 7-Zip SFX 25.01 ZS v1.5.7 R4 (x64) : Copyright (c) 1999-2025 Igor Pavlov, 2016-2026 Tino Reichardt, 2022-2026 Sergey G. Brester : 2026-01-10
2026-09-15T21:35:57.7205060Z 
2026-09-15T21:35:57.7205731Z Extracting archive: C:\hostedtoolcache\windows\msys2-installer\0.0.20260611\x64\base.exe
2026-09-15T21:35:57.7206590Z --
2026-09-15T21:35:57.7206958Z Path = C:\hostedtoolcache\windows\msys2-installer\0.0.20260611\x64\base.exe
2026-09-15T21:35:57.7207373Z Type = 7z
2026-09-15T21:35:57.7207492Z 
2026-09-15T21:35:57.9101598Z   0%
2026-09-15T21:35:57.9101940Z     
2026-09-15T21:35:58.1141425Z   0% 598 - msys64\usr\share\perl5\core_perl\autodie\Scope
2026-09-15T21:35:58.1141879Z                                                          
2026-09-15T21:35:58.3160004Z   0% 1182 - msys64\usr\bin\mintheme
2026-09-15T21:35:58.3160486Z                                    
2026-09-15T21:35:58.5194323Z   3% 1650 - msys64\usr\lib\terminfo\61\ansi+cpr
2026-09-15T21:35:58.5194890Z                                                
2026-09-15T21:35:58.7218770Z   3% 2187 - msys64\usr\lib\terminfo\64\darwin-128x40-m
2026-09-15T21:35:58.7219383Z                                                       
2026-09-15T21:35:58.9374656Z   4% 2723 - msys64\usr\lib\terminfo\6c\linux+sfkeys
2026-09-15T21:35:58.9375365Z                                                    
2026-09-15T21:35:59.1293515Z   4% 3223 - msys64\usr\lib\terminfo\70\pt250
2026-09-15T21:35:59.1294064Z                                             
2026-09-15T21:35:59.3313179Z   4% 3725 - msys64\usr\lib\terminfo\75\ultima2
2026-09-15T21:35:59.3313739Z                                               
2026-09-15T21:35:59.5353189Z   4% 4217 - msys64\usr\lib\terminfo\78\xterm+alt+title
2026-09-15T21:35:59.5353885Z                                                       
2026-09-15T21:35:59.7385965Z   5% 4751 - msys64\usr\share\bash-completion\completions\ldapmodrdn
2026-09-15T21:35:59.7386635Z                                                                    
2026-09-15T21:35:59.9423030Z   5% 5285 - msys64\usr\share\bash-completion\completions\_eject
2026-09-15T21:35:59.9423767Z                                                                
2026-09-15T21:36:00.1441269Z   8% 5774 - msys64\usr\share\doc\xz\COPYING.0BSD
2026-09-15T21:36:00.1441819Z                                                 
2026-09-15T21:36:00.3481338Z  14% 6179 - msys64\usr\share\locale\es\LC_MESSAGES\libgpg-error.mo
2026-09-15T21:36:00.3482007Z                                                                   
2026-09-15T21:36:00.5501981Z  22% 6548 - msys64\usr\share\locale\or\LC_MESSAGES\p11-kit.mo
2026-09-15T21:36:00.5502570Z                                                              
2026-09-15T21:36:00.7542116Z  32% 6899 - msys64\usr\share\makepkg\executable\pacman.sh
2026-09-15T21:36:00.7542757Z                                                          
2026-09-15T21:36:00.9571013Z  32% 7386 - msys64\usr\share\man\man1\openssl-rsautl.1ssl.gz
2026-09-15T21:36:00.9571557Z                                                             
2026-09-15T21:36:01.1601004Z  33% 7906 - msys64\usr\share\man\man3\CURLOPT_HSTSREADFUNCTION.3.gz
2026-09-15T21:36:01.1601776Z                                                                    
2026-09-15T21:36:01.3627276Z  33% 8433 - msys64\usr\share\man\man3\getbkgd.3x.gz
2026-09-15T21:36:01.3627896Z                                                    
2026-09-15T21:36:01.5668537Z  34% 8965 - msys64\usr\share\man\man3\new_form_sp.3x.gz
2026-09-15T21:36:01.5669244Z                                                        
2026-09-15T21:36:01.7692613Z  34% 9478 - msys64\usr\share\man\ro\man1\xzmore.1.gz
2026-09-15T21:36:01.7693324Z                                                     
2026-09-15T21:36:01.9730583Z  41% 9904 - msys64\usr\share\perl5\core_perl\Module\CoreList\Utils.pm
2026-09-15T21:36:01.9731320Z                                                                      
2026-09-15T21:36:02.1768051Z  43% 10298 - msys64\usr\share\perl5\core_perl\Unicode\Collate\Locale\cs.pl
2026-09-15T21:36:02.1768530Z                                                                           
2026-09-15T21:36:02.3785326Z  44% 10646 - msys64\usr\share\perl5\core_perl\unicore\lib\Lb\GL.pl
2026-09-15T21:36:02.3785863Z                                                                   
2026-09-15T21:36:02.5820458Z  46% 11072 - msys64\usr\share\terminfo\50\P14-M-W
2026-09-15T21:36:02.5821052Z                                                  
2026-09-15T21:36:02.7847984Z  47% 11605 - msys64\usr\share\terminfo\64\d132
2026-09-15T21:36:02.7848535Z                                               
2026-09-15T21:36:02.9890181Z  47% 12117 - msys64\usr\share\terminfo\68\hp2640b
2026-09-15T21:36:02.9890767Z                                                  
2026-09-15T21:36:03.1910880Z  47% 12644 - msys64\usr\share\terminfo\6f\opennt-100-nti
2026-09-15T21:36:03.1911742Z                                                         
2026-09-15T21:36:03.3939809Z  47% 13148 - msys64\usr\share\terminfo\74\ts1
2026-09-15T21:36:03.3940365Z                                              
2026-09-15T21:36:03.6643495Z  47% 13646 - msys64\usr\share\terminfo\77\wyse30-vb
2026-09-15T21:36:03.6644096Z                                                    
2026-09-15T21:36:03.8626645Z  48% 14054 - msys64\usr\share\zoneinfo\America\Indiana\Indianapolis
2026-09-15T21:36:03.8632568Z                                                                    
2026-09-15T21:36:04.0659072Z  48% 14529 - msys64\usr\share\zoneinfo\posix\Africa\Juba
2026-09-15T21:36:04.0659705Z                                                         
2026-09-15T21:36:04.2695021Z  48% 14999 - msys64\usr\share\zoneinfo\posix\GMT-0
2026-09-15T21:36:04.2695647Z                                                   
2026-09-15T21:36:04.4732275Z  48% 15455 - msys64\usr\share\zoneinfo\right\Australia\Canberra
2026-09-15T21:36:04.6770015Z                                                                
2026-09-15T21:36:04.6770754Z  48% 15925 - msys64\var\lib\pacman\local\libsqlite-3.53.2-1\desc
2026-09-15T21:36:04.6771432Z                                                                 
2026-09-15T21:36:04.8869883Z  56% 16248 - msys64\usr\bin\mktemp.exe
2026-09-15T21:36:04.8870325Z                                       
2026-09-15T21:36:05.0825817Z  74% 16358 - msys64\usr\bin\pacman.exe
2026-09-15T21:36:05.0826321Z                                       
2026-09-15T21:36:05.1290112Z  97% 16567 - msys64\usr\lib\perl5\core_perl\auto\Win32\Win32.dll
2026-09-15T21:36:05.1290781Z                                                                 
2026-09-15T21:36:05.1291372Z Everything is Ok
2026-09-15T21:36:05.1313377Z ##[endgroup]
2026-09-15T21:36:05.1313961Z ##[group]Disable Key Refresh...
2026-09-15T21:36:05.1331679Z ##[endgroup]
2026-09-15T21:36:05.1348088Z ##[group]Restoring package cache...
2026-09-15T21:36:05.5268853Z Cache hit for restore-key: msys2-pkgs-upd:true-conf:dae72d96-files:575e42a33352b67f10ca2ba21a40d9839a24406c97277f1bfff04054d48e18db
2026-09-15T21:36:06.8157425Z Received 33554432 of 210449016 (15.9%), 32.0 MBs/sec
2026-09-15T21:36:07.8203412Z Received 134217728 of 210449016 (63.8%), 63.8 MBs/sec
2026-09-15T21:36:08.8326854Z Received 202060408 of 210449016 (96.0%), 63.8 MBs/sec
2026-09-15T21:36:09.2526865Z Received 210449016 of 210449016 (100.0%), 58.4 MBs/sec
2026-09-15T21:36:09.2531254Z Cache Size: ~201 MB (210449016 B)
2026-09-15T21:36:09.2569919Z [command]"C:\Program Files\Git\usr\bin\tar.exe" -xf D:/a/_temp/a37b1aa4-b396-402e-8e1c-775e08e92819/cache.tzst -P -C D:/a/CREXX/CREXX --force-local --use-compress-program "zstd -d"
2026-09-15T21:36:09.7833599Z Cache restored successfully
2026-09-15T21:36:09.7944137Z Cache restore for msys2-pkgs-upd:true-conf:dae72d96, got msys2-pkgs-upd:true-conf:dae72d96-files:575e42a33352b67f10ca2ba21a40d9839a24406c97277f1bfff04054d48e18db
2026-09-15T21:36:09.7946149Z Cache restore for msys2-pkgs-upd:true-conf:dae72d96, got msys2-pkgs-upd:true-conf:dae72d96-files:575e42a33352b67f10ca2ba21a40d9839a24406c97277f1bfff04054d48e18db
2026-09-15T21:36:09.7947709Z ##[endgroup]
2026-09-15T21:36:09.7948117Z ##[group]Starting MSYS2 for the first time...
2026-09-15T21:36:09.9233972Z [command]C:\Windows\system32\cmd.exe /D /S /C D:\a\_temp\setup-msys2\msys2.cmd -c "'uname' '-a'"
2026-09-15T21:36:09.9886756Z [1;32mMSYS2 is starting for the first time. Executing the initial setup.[1;0m
2026-09-15T21:36:10.0929566Z Copying skeleton files.
2026-09-15T21:36:10.0930324Z These files are for the users to personalise their msys2 experience.
2026-09-15T21:36:10.0930780Z 
2026-09-15T21:36:10.0930981Z They will never be overwritten nor automatically updated.
2026-09-15T21:36:10.0931302Z 
2026-09-15T21:36:10.1467028Z './.bashrc' -> '/home/runneradmin/.bashrc'
2026-09-15T21:36:10.1649278Z './.bash_profile' -> '/home/runneradmin/.bash_profile'
2026-09-15T21:36:10.1876341Z './.profile' -> '/home/runneradmin/.profile'
2026-09-15T21:36:10.2598849Z 'C:\Windows\system32\drivers\etc\hosts' -> '/etc/hosts'
2026-09-15T21:36:10.3768351Z 'C:\Windows\system32\drivers\etc\protocol' -> '/etc/protocols'
2026-09-15T21:36:10.4413939Z 'C:\Windows\system32\drivers\etc\services' -> '/etc/services'
2026-09-15T21:36:10.4942775Z 'C:\Windows\system32\drivers\etc\networks' -> '/etc/networks'
2026-09-15T21:36:10.6893960Z gpg: /etc/pacman.d/gnupg/trustdb.gpg: trustdb created
2026-09-15T21:36:10.6979538Z gpg: no ultimately trusted keys found
2026-09-15T21:36:11.0291084Z gpg: starting migration from earlier GnuPG versions
2026-09-15T21:36:11.0893133Z gpg: porting secret keys from '/etc/pacman.d/gnupg/secring.gpg' to gpg-agent
2026-09-15T21:36:11.0896607Z gpg: migration succeeded
2026-09-15T21:36:11.1127493Z ==> Generating pacman master key. This may take some time.
2026-09-15T21:36:11.1330468Z gpg: Generating pacman keyring master key...
2026-09-15T21:36:12.8109879Z gpg: directory '/etc/pacman.d/gnupg/openpgp-revocs.d' created
2026-09-15T21:36:12.8360228Z gpg: revocation certificate stored as '/etc/pacman.d/gnupg/openpgp-revocs.d/B93F025F3E08592EF3562FDFAA9BD82F2E784F97.rev'
2026-09-15T21:36:12.8361456Z gpg: Done
2026-09-15T21:36:12.8545914Z ==> Updating trust database...
2026-09-15T21:36:12.8967717Z gpg: marginals needed: 3  completes needed: 1  trust model: pgp
2026-09-15T21:36:12.8968347Z gpg: depth: 0  valid:   1  signed:   0  trust: 0-, 0q, 0n, 0m, 0f, 1u
2026-09-15T21:36:13.0355722Z ==> Appending keys from msys2.gpg...
2026-09-15T21:36:13.6536605Z ==> Locally signing trusted keys in keyring...
2026-09-15T21:36:14.2562550Z   -> Locally signed 5 keys.
2026-09-15T21:36:14.2721261Z ==> Importing owner trust values...
2026-09-15T21:36:14.2921866Z gpg: setting ownertrust to 4
2026-09-15T21:36:14.2923193Z gpg: setting ownertrust to 4
2026-09-15T21:36:14.2923687Z gpg: setting ownertrust to 4
2026-09-15T21:36:14.2924175Z gpg: setting ownertrust to 4
2026-09-15T21:36:14.2924642Z gpg: setting ownertrust to 4
2026-09-15T21:36:14.3222438Z ==> Disabling revoked keys in keyring...
2026-09-15T21:36:14.6806474Z   -> Disabled 4 keys.
2026-09-15T21:36:14.6969971Z ==> Updating trust database...
2026-09-15T21:36:14.7409139Z gpg: marginals needed: 3  completes needed: 1  trust model: pgp
2026-09-15T21:36:14.7441761Z gpg: depth: 0  valid:   1  signed:   5  trust: 0-, 0q, 0n, 0m, 0f, 1u
2026-09-15T21:36:14.7477013Z gpg: depth: 1  valid:   5  signed:   6  trust: 0-, 0q, 0n, 5m, 0f, 0u
2026-09-15T21:36:14.7491763Z gpg: depth: 2  valid:   3  signed:   2  trust: 3-, 0q, 0n, 0m, 0f, 0u
2026-09-15T21:36:14.7918294Z pacman-key (pacman) 6.1.0
2026-09-15T21:36:14.7918862Z Copyright (c) 2010-2024 Pacman Development Team <pacman-dev@lists.archlinux.org>.
2026-09-15T21:36:14.7919331Z 
2026-09-15T21:36:14.8080213Z This is free software; see the source for copying conditions.
2026-09-15T21:36:14.8080938Z There is NO WARRANTY, to the extent permitted by law.
2026-09-15T21:36:15.0374830Z [1;32mInitial setup complete. MSYS2 is now ready to use.[1;0m
2026-09-15T21:36:15.0562973Z MINGW64_NT-10.0-26100 runnervmvmocb 3.6.9-01d6c708.x86_64 2026-05-24 10:45 UTC x86_64 Msys
2026-09-15T21:36:15.0618631Z ##[endgroup]
2026-09-15T21:36:15.0619090Z ##[group]Disable CheckSpace...
2026-09-15T21:36:15.1456400Z [command]C:\Windows\system32\cmd.exe /D /S /C D:\a\_temp\setup-msys2\msys2.cmd -c "'sed' '-i' 's/^CheckSpace/#CheckSpace/g' '/etc/pacman.conf'"
2026-09-15T21:36:15.3686755Z ##[endgroup]
2026-09-15T21:36:15.4493189Z ##[group]Updating packages...
2026-09-15T21:36:15.4493843Z [command]C:\Windows\system32\cmd.exe /D /S /C D:\a\_temp\setup-msys2\msys2.cmd -c "'pacman' '--noconfirm' '-Syuu' '--overwrite' '*'"
2026-09-15T21:36:16.2661316Z :: Synchronizing package databases...
2026-09-15T21:36:20.9066697Z  clangarm64 downloading...
2026-09-15T21:36:20.9067334Z  mingw32 downloading...
2026-09-15T21:36:20.9067857Z  mingw64 downloading...
2026-09-15T21:36:20.9068442Z  ucrt64 downloading...
2026-09-15T21:36:20.9068939Z  clang64 downloading...
2026-09-15T21:36:20.9070598Z  msys downloading...
2026-09-15T21:36:21.4613914Z :: Starting core system upgrade...
2026-09-15T21:36:21.6479254Z warning: terminate other MSYS2 programs before proceeding
2026-09-15T21:36:21.6479731Z resolving dependencies...
2026-09-15T21:36:21.6480024Z looking for conflicting packages...
2026-09-15T21:36:21.6599047Z 
2026-09-15T21:36:21.6599366Z Packages (1) msys2-runtime-3.6.10-4
2026-09-15T21:36:21.6599778Z 
2026-09-15T21:36:21.6599971Z Total Installed Size:   6.33 MiB
2026-09-15T21:36:21.6600502Z Net Upgrade Size:      -0.20 MiB
2026-09-15T21:36:21.6600831Z 
2026-09-15T21:36:21.6604315Z :: Proceed with installation? [Y/n] 
2026-09-15T21:36:21.6604713Z checking keyring...
2026-09-15T21:36:21.7134461Z checking package integrity...
2026-09-15T21:36:21.8781581Z loading package files...
2026-09-15T21:36:21.8804493Z checking for file conflicts...
2026-09-15T21:36:21.8826775Z :: Processing package changes...
2026-09-15T21:36:21.8827286Z upgrading msys2-runtime...
2026-09-15T21:36:22.0561813Z :: To complete this update all MSYS2 processes including this terminal will be closed. Confirm to proceed [Y/n] 
2026-09-15T21:36:22.3853823Z ##[endgroup]
2026-09-15T21:36:22.3854541Z ##[group]Killing remaining tasks...
2026-09-15T21:36:22.4659955Z [command]C:\Windows\system32\taskkill.exe /F /FI "MODULES eq msys-2.0.dll"
2026-09-15T21:36:22.5729394Z 
2026-09-15T21:36:22.5729832Z INFO: No tasks running with the specified criteria.
2026-09-15T21:36:22.5768395Z ##[endgroup]
2026-09-15T21:36:22.5768828Z ##[group]Final system upgrade...
2026-09-15T21:36:22.7164663Z [command]C:\Windows\system32\cmd.exe /D /S /C D:\a\_temp\setup-msys2\msys2.cmd -c "'pacman' '--noconfirm' '-Syuu' '--overwrite' '*'"
2026-09-15T21:36:23.4954032Z :: Synchronizing package databases...
2026-09-15T21:36:24.7664471Z  clangarm64 downloading...
2026-09-15T21:36:24.7664940Z  mingw32 downloading...
2026-09-15T21:36:24.7665244Z  mingw64 downloading...
2026-09-15T21:36:24.7665513Z  ucrt64 downloading...
2026-09-15T21:36:24.7665831Z  clang64 downloading...
2026-09-15T21:36:24.7666089Z  msys downloading...
2026-09-15T21:36:25.2822812Z :: Starting core system upgrade...
2026-09-15T21:36:25.4704198Z  there is nothing to do
2026-09-15T21:36:25.4704628Z :: Starting full system upgrade...
2026-09-15T21:36:25.5021635Z resolving dependencies...
2026-09-15T21:36:25.5093198Z looking for conflicting packages...
2026-09-15T21:36:25.5229094Z 
2026-09-15T21:36:25.5232366Z Packages (37) bash-completion-2.18.0-1  bsdtar-3.8.9-1  ca-certificates-20260816-1  curl-8.22.0-1  findutils-4.11.0-2  gawk-5.4.1-1  gcc-libs-15.3.0-1  gnupg-2.4.9-3  inetutils-2.8-1  libcurl-8.22.0-1  libexpat-2.8.4-1  libffi-3.8.0-1  libgcrypt-1.12.4-1  libgnutls-3.8.13-2  libhogweed-4.0-1  libksba-1.8.1-1  liblzma-5.8.4-1  libnettle-4.0-1  libnghttp2-1.70.0-1  libnghttp3-1.18.0-1  libngtcp2-1.25.0-1  libopenssl-3.6.4-1  libp11-kit-0.26.5-1  libpcre2_8-10.48-1  libpsl-0.23.2-1  libsqlite-3.53.4-1  msys2-keyring-1~20260814-1  nano-9.2-1  nettle-4.0-1  openssl-3.6.4-1  p11-kit-0.26.5-1  pacman-contrib-1.10.6-2  perl-5.42.3-1  pinentry-1.3.3-1  tzcode-2026d-1  wget-1.25.0-2  xz-5.8.4-1
2026-09-15T21:36:25.5235730Z 
2026-09-15T21:36:25.5235879Z Total Installed Size:  115.69 MiB
2026-09-15T21:36:25.5236254Z Net Upgrade Size:       -1.09 MiB
2026-09-15T21:36:25.5236498Z 
2026-09-15T21:36:25.5289996Z :: Proceed with installation? [Y/n] 
2026-09-15T21:36:25.5290559Z checking keyring...
2026-09-15T21:36:25.5861573Z checking package integrity...
2026-09-15T21:36:30.3378007Z loading package files...
2026-09-15T21:36:30.4192827Z checking for file conflicts...
2026-09-15T21:36:30.4735100Z :: Running pre-transaction hooks...
2026-09-15T21:36:30.4736167Z (1/1) Removing old entries from the info directory file...
2026-09-15T21:36:30.6090813Z :: Processing package changes...
2026-09-15T21:36:30.6091766Z upgrading bash-completion...
2026-09-15T21:36:31.7332918Z upgrading gcc-libs...
2026-09-15T21:36:31.7523159Z upgrading libexpat...
2026-09-15T21:36:31.7574072Z upgrading liblzma...
2026-09-15T21:36:31.7623873Z upgrading libopenssl...
2026-09-15T21:36:31.7884294Z upgrading bsdtar...
2026-09-15T21:36:31.7986219Z upgrading openssl...
2026-09-15T21:36:31.9263299Z upgrading findutils...
2026-09-15T21:36:32.0155681Z upgrading libffi...
2026-09-15T21:36:32.0279752Z upgrading libpcre2_8...
2026-09-15T21:36:32.0336582Z upgrading libp11-kit...
2026-09-15T21:36:32.0411221Z upgrading p11-kit...
2026-09-15T21:36:32.2304908Z upgrading ca-certificates...
2026-09-15T21:36:32.8484245Z upgrading libnghttp3...
2026-09-15T21:36:32.8557338Z upgrading libngtcp2...
2026-09-15T21:36:32.8651027Z upgrading libnghttp2...
2026-09-15T21:36:32.8720636Z upgrading libpsl...
2026-09-15T21:36:32.8829005Z upgrading libcurl...
2026-09-15T21:36:32.8901600Z upgrading curl...
2026-09-15T21:36:33.4405958Z upgrading gawk...
2026-09-15T21:36:33.5708035Z upgrading libgcrypt...
2026-09-15T21:36:33.5839961Z upgrading libhogweed...
2026-09-15T21:36:33.5892186Z upgrading libnettle...
2026-09-15T21:36:33.5946482Z upgrading libgnutls...
2026-09-15T21:36:33.6546644Z upgrading libksba...
2026-09-15T21:36:33.6644095Z upgrading libsqlite...
2026-09-15T21:36:33.6749586Z upgrading nettle...
2026-09-15T21:36:33.6923477Z upgrading pinentry...
2026-09-15T21:36:33.6995327Z upgrading gnupg...
2026-09-15T21:36:38.3728822Z ==> Appending keys from msys2.gpg...
2026-09-15T21:36:38.9494382Z ==> Updating trust database...
2026-09-15T21:36:38.9706469Z gpg: no need for a trustdb check
2026-09-15T21:36:39.0808142Z upgrading inetutils...
2026-09-15T21:36:39.1010978Z upgrading msys2-keyring...
2026-09-15T21:36:39.5153729Z ==> Appending keys from msys2.gpg...
2026-09-15T21:36:40.1522434Z ==> Updating trust database...
2026-09-15T21:36:40.1745179Z gpg: next trustdb check due at 2027-02-10
2026-09-15T21:36:40.2820597Z upgrading nano...
2026-09-15T21:36:40.4148405Z upgrading xz...
2026-09-15T21:36:40.8367859Z upgrading pacman-contrib...
2026-09-15T21:36:40.9094303Z New optional dependencies for pacman-contrib
2026-09-15T21:36:40.9095024Z     perl: for pacsearch [installed]
2026-09-15T21:36:40.9095601Z     vim: default diff program for pacdiff
2026-09-15T21:36:40.9097556Z upgrading perl...
2026-09-15T21:36:43.0770736Z upgrading tzcode...
2026-09-15T21:36:45.3417894Z upgrading wget...
2026-09-15T21:36:45.4819805Z :: Running post-transaction hooks...
2026-09-15T21:36:45.4820454Z (1/1) Updating the info directory file...
2026-09-15T21:36:47.8162323Z ##[endgroup]
2026-09-15T21:36:47.8162813Z ##[group]Installing additional packages through pacman...
2026-09-15T21:36:47.8963651Z [command]C:\Windows\system32\cmd.exe /D /S /C D:\a\_temp\setup-msys2\msys2.cmd -c "'pacman' '--noconfirm' '-S' '--needed' '--overwrite' '*' 'base-devel' 'git' 'pactoys'"
2026-09-15T21:36:48.8577175Z resolving dependencies...
2026-09-15T21:36:48.8700691Z looking for conflicting packages...
2026-09-15T21:36:48.8763258Z 
2026-09-15T21:36:48.8767515Z Packages (46) binutils-2.47-1  bison-3.8.2-5  diffutils-3.12-1  dos2unix-7.5.7-1  flex-2.6.4-4  heimdal-7.8.0-5  heimdal-libs-7.8.0-5  libcbor-0.14.0-2  libedit-20240808_3.1-1  libfido2-1.17.0-1  m4-1.4.21-1  make-4.4.1-3  openssh-10.5p1-2  patch-2.7.6-3  perl-Authen-SASL-2.2100-1  perl-Clone-0.50-2  perl-Convert-BinHex-1.125-2  perl-Encode-Locale-1.05-2  perl-Error-0.17030-1  perl-File-Listing-6.16-1  perl-HTML-Parser-3.85-1  perl-HTML-Tagset-3.24-1  perl-HTTP-Cookies-6.12-1  perl-HTTP-Daemon-6.17-1  perl-HTTP-Date-6.08-1  perl-HTTP-Message-7.04-1  perl-HTTP-Negotiate-6.01-3  perl-IO-HTML-1.004-2  perl-IO-Socket-SSL-2.099-1  perl-IO-Stringy-2.113-3  perl-LWP-MediaTypes-6.05-1  perl-MIME-tools-5.518-1  perl-MailTools-2.22-1  perl-Net-HTTP-6.24-1  perl-Net-SMTP-SSL-1.04-2  perl-Net-SSLeay-1.96-1  perl-TermReadKey-2.38-8  perl-TimeDate-2.35-1  perl-Try-Tiny-0.32-1  perl-URI-5.37-1  perl-WWW-RobotRules-6.03-1  perl-http-cookiejar-0.014-1  perl-libwww-6.83-2  base-devel-2026.08-3  git-2.55.0-1  pactoys-r65.b5fcc0f-1
2026-09-15T21:36:48.8775332Z 
2026-09-15T21:36:48.8775904Z Total Installed Size:  111.85 MiB
2026-09-15T21:36:48.8776237Z 
2026-09-15T21:36:48.8843242Z :: Proceed with installation? [Y/n] 
2026-09-15T21:36:48.8843837Z checking keyring...
2026-09-15T21:36:48.9314404Z checking package integrity...
2026-09-15T21:36:53.8388175Z loading package files...
2026-09-15T21:36:53.9069021Z checking for file conflicts...
2026-09-15T21:36:54.0725095Z :: Processing package changes...
2026-09-15T21:36:54.0725709Z installing binutils...
2026-09-15T21:36:54.3562703Z installing m4...
2026-09-15T21:36:54.3656162Z installing bison...
2026-09-15T21:36:54.5816124Z installing diffutils...
2026-09-15T21:36:54.6318286Z installing dos2unix...
2026-09-15T21:36:54.7560997Z installing flex...
2026-09-15T21:36:54.7939684Z installing make...
2026-09-15T21:36:54.8325607Z installing patch...
2026-09-15T21:36:54.8371446Z Optional dependencies for patch
2026-09-15T21:36:54.8371905Z     ed: for patch -e functionality
2026-09-15T21:36:54.8372233Z installing base-devel...
2026-09-15T21:36:54.8397138Z installing libedit...
2026-09-15T21:36:54.8796544Z installing heimdal-libs...
2026-09-15T21:36:54.8996633Z installing heimdal...
2026-09-15T21:36:55.6723509Z installing libcbor...
2026-09-15T21:36:55.6756682Z installing libfido2...
2026-09-15T21:36:55.6796436Z installing openssh...
2026-09-15T21:36:55.7273827Z installing perl-Error...
2026-09-15T21:36:55.7369658Z installing perl-Authen-SASL...
2026-09-15T21:36:55.7655274Z installing perl-Encode-Locale...
2026-09-15T21:36:55.7724488Z installing perl-HTTP-Date...
2026-09-15T21:36:55.7799293Z installing perl-File-Listing...
2026-09-15T21:36:55.7869799Z installing perl-HTML-Tagset...
2026-09-15T21:36:55.7949369Z installing perl-Clone...
2026-09-15T21:36:55.8010701Z installing perl-IO-HTML...
2026-09-15T21:36:55.8080573Z installing perl-LWP-MediaTypes...
2026-09-15T21:36:55.8162327Z installing perl-URI...
2026-09-15T21:36:55.9721095Z installing perl-HTTP-Message...
2026-09-15T21:36:55.9953954Z installing perl-HTML-Parser...
2026-09-15T21:36:56.0130012Z installing perl-HTTP-Cookies...
2026-09-15T21:36:56.0229420Z installing perl-HTTP-Daemon...
2026-09-15T21:36:56.0284432Z installing perl-http-cookiejar...
2026-09-15T21:36:56.0364315Z installing perl-HTTP-Negotiate...
2026-09-15T21:36:56.0418124Z installing perl-Net-HTTP...
2026-09-15T21:36:56.0548550Z installing perl-WWW-RobotRules...
2026-09-15T21:36:56.0663885Z installing perl-Try-Tiny...
2026-09-15T21:36:56.0749839Z installing perl-libwww...
2026-09-15T21:36:56.1161927Z Optional dependencies for perl-libwww
2026-09-15T21:36:56.1162594Z     perl-LWP-Protocol-https: for https:// url schemes
2026-09-15T21:36:56.1163218Z installing perl-Convert-BinHex...
2026-09-15T21:36:56.2569311Z module test... pass.
2026-09-15T21:36:56.2583279Z installing perl-IO-Stringy...
2026-09-15T21:36:56.2801019Z installing perl-TimeDate...
2026-09-15T21:36:56.3604481Z installing perl-MailTools...
2026-09-15T21:36:56.3934851Z installing perl-MIME-tools...
2026-09-15T21:36:56.4394446Z installing perl-Net-SSLeay...
2026-09-15T21:36:56.5307194Z installing perl-IO-Socket-SSL...
2026-09-15T21:36:56.5455249Z installing perl-Net-SMTP-SSL...
2026-09-15T21:36:56.5507781Z installing perl-TermReadKey...
2026-09-15T21:36:56.5603185Z installing git...
2026-09-15T21:36:57.1867060Z Optional dependencies for git
2026-09-15T21:36:57.1867613Z     python: various helper scripts
2026-09-15T21:36:57.1868090Z     subversion: git svn
2026-09-15T21:36:57.1868509Z     aspell: spell checking in git gui
2026-09-15T21:36:57.1868986Z installing pactoys...
2026-09-15T21:36:57.2097691Z :: Running post-transaction hooks...
2026-09-15T21:36:57.2098240Z (1/1) Updating the info directory file...
2026-09-15T21:36:58.2699990Z ##[endgroup]
2026-09-15T21:36:58.2700647Z ##[group]Installing additional packages through pacboy...
2026-09-15T21:36:58.3491040Z [command]C:\Windows\system32\cmd.exe /D /S /C D:\a\_temp\setup-msys2\msys2.cmd -c "'pacboy' '--noconfirm' '-S' '--needed' 'toolchain:p' 'cmake:p' 'ninja:p' 'openssl:p' 'pkgconf:p' 'python:p'"
2026-09-15T21:36:59.3678000Z :: There are 13 members in group mingw-w64-x86_64-toolchain:
2026-09-15T21:36:59.3678619Z :: Repository mingw64
2026-09-15T21:36:59.3680449Z    1) mingw-w64-x86_64-binutils  2) mingw-w64-x86_64-crt  3) mingw-w64-x86_64-gcc  4) mingw-w64-x86_64-gdb  5) mingw-w64-x86_64-gdb-multiarch  6) mingw-w64-x86_64-headers  7) mingw-w64-x86_64-libmangle  8) mingw-w64-x86_64-libwinpthread  9) mingw-w64-x86_64-make  10) mingw-w64-x86_64-pkgconf  11) mingw-w64-x86_64-tools  12) mingw-w64-x86_64-winpthreads  13) mingw-w64-x86_64-winstorecompat
2026-09-15T21:36:59.3682100Z 
2026-09-15T21:36:59.3682219Z Enter a selection (default=all): 
2026-09-15T21:36:59.3682534Z resolving dependencies...
2026-09-15T21:36:59.3883093Z looking for conflicting packages...
2026-09-15T21:36:59.3962393Z 
2026-09-15T21:36:59.3972871Z Packages (66) mingw-w64-x86_64-brotli-1.2.0-1  mingw-w64-x86_64-bzip2-1.0.8-4  mingw-w64-x86_64-c-ares-1.34.8-1  mingw-w64-x86_64-ca-certificates-20260816-1  mingw-w64-x86_64-cppdap-1.65.r11.g6464cd7-1  mingw-w64-x86_64-curl-8.22.0-1  mingw-w64-x86_64-expat-2.8.4-2  mingw-w64-x86_64-gcc-libs-16.2.0-3  mingw-w64-x86_64-gettext-runtime-1.0-1  mingw-w64-x86_64-gmp-6.3.0-2  mingw-w64-x86_64-gnutls-3.8.13-3  mingw-w64-x86_64-isl-0.28-1  mingw-w64-x86_64-jsoncpp-1.9.8-1  mingw-w64-x86_64-libarchive-3.8.9-6  mingw-w64-x86_64-libb2-0.98.1-3  mingw-w64-x86_64-libffi-3.8.0-1  mingw-w64-x86_64-libiconv-1.19-1  mingw-w64-x86_64-libidn2-2.3.8-4  mingw-w64-x86_64-libpsl-0.21.5-3  mingw-w64-x86_64-libssh2-1.11.1-2  mingw-w64-x86_64-libsystre-1.0.2-3  mingw-w64-x86_64-libtasn1-4.21.0-1  mingw-w64-x86_64-libtre-0.9.0-2  mingw-w64-x86_64-libunistring-1.4.2-1  mingw-w64-x86_64-libuv-1.52.1-1  mingw-w64-x86_64-lz4-1.10.0-1  mingw-w64-x86_64-mpc-1.4.1-1  mingw-w64-x86_64-mpdecimal-4.0.1-3  mingw-w64-x86_64-mpfr-4.2.2-3  mingw-w64-x86_64-ncurses-6.6-4  mingw-w64-x86_64-nettle-4.0-1  mingw-w64-x86_64-nghttp2-1.70.0-1  mingw-w64-x86_64-nghttp3-1.18.0-1  mingw-w64-x86_64-ngtcp2-1.25.0-1  mingw-w64-x86_64-p11-kit-0.26.5-1  mingw-w64-x86_64-pcre2-10.48-3  mingw-w64-x86_64-readline-8.3.003-1  mingw-w64-x86_64-rhash-1.4.6-1  mingw-w64-x86_64-sqlite3-3.53.4-1  mingw-w64-x86_64-tcl-8.6.18-1  mingw-w64-x86_64-termcap-1.3.1-7  mingw-w64-x86_64-tk-8.6.18-1  mingw-w64-x86_64-tzdata-2026d-1  mingw-w64-x86_64-windows-default-manifest-20260815-1  mingw-w64-x86_64-wineditline-2.208-1  mingw-w64-x86_64-xxhash-0.8.3-2  mingw-w64-x86_64-xz-5.8.4-1  mingw-w64-x86_64-zlib-1.3.2-2  mingw-w64-x86_64-zstd-1.5.7-2  mingw-w64-x86_64-binutils-2.47-3  mingw-w64-x86_64-cmake-4.4.3-2  mingw-w64-x86_64-crt-14.0.0.r375.g9c1abbbf5-1  mingw-w64-x86_64-gcc-16.2.0-3  mingw-w64-x86_64-gdb-17.2-1  mingw-w64-x86_64-gdb-multiarch-17.2-1  mingw-w64-x86_64-headers-14.0.0.r375.g9c1abbbf5-1  mingw-w64-x86_64-libmangle-14.0.0.r375.g9c1abbbf5-1  mingw-w64-x86_64-libwinpthread-14.0.0.r375.g9c1abbbf5-1  mingw-w64-x86_64-make-4.4.1-5  mingw-w64-x86_64-ninja-1.13.2-1  mingw-w64-x86_64-openssl-3.6.4-1  mingw-w64-x86_64-pkgconf-1~3.0.7-1  mingw-w64-x86_64-python-3.14.7-1  mingw-w64-x86_64-tools-14.0.0.r375.g9c1abbbf5-1  mingw-w64-x86_64-winpthreads-14.0.0.r375.g9c1abbbf5-1  mingw-w64-x86_64-winstorecompat-14.0.0.r375.g9c1abbbf5-1
2026-09-15T21:36:59.3980983Z 
2026-09-15T21:36:59.3981083Z Total Installed Size:  986.72 MiB
2026-09-15T21:36:59.3981261Z 
2026-09-15T21:36:59.4075736Z :: Proceed with installation? [Y/n] 
2026-09-15T21:36:59.4076228Z checking keyring...
2026-09-15T21:36:59.4692225Z checking package integrity...
2026-09-15T21:37:10.0819143Z loading package files...
2026-09-15T21:37:10.3764404Z checking for file conflicts...
2026-09-15T21:37:12.2935459Z :: Processing package changes...
2026-09-15T21:37:12.2936035Z installing mingw-w64-x86_64-libwinpthread...
2026-09-15T21:37:12.2991973Z installing mingw-w64-x86_64-tzdata...
2026-09-15T21:37:14.2352025Z installing mingw-w64-x86_64-gcc-libs...
2026-09-15T21:37:14.2532106Z installing mingw-w64-x86_64-libiconv...
2026-09-15T21:37:14.2812042Z installing mingw-w64-x86_64-gettext-runtime...
2026-09-15T21:37:14.4364719Z installing mingw-w64-x86_64-zlib...
2026-09-15T21:37:14.4465299Z installing mingw-w64-x86_64-zstd...
2026-09-15T21:37:14.4696752Z installing mingw-w64-x86_64-binutils...
2026-09-15T21:37:14.7325375Z installing mingw-w64-x86_64-headers...
2026-09-15T21:37:16.2277115Z installing mingw-w64-x86_64-crt...
2026-09-15T21:37:17.0517572Z installing mingw-w64-x86_64-gmp...
2026-09-15T21:37:17.0678550Z installing mingw-w64-x86_64-isl...
2026-09-15T21:37:17.1429847Z installing mingw-w64-x86_64-mpfr...
2026-09-15T21:37:17.1717511Z installing mingw-w64-x86_64-mpc...
2026-09-15T21:37:17.1799120Z installing mingw-w64-x86_64-windows-default-manifest...
2026-09-15T21:37:17.1832330Z installing mingw-w64-x86_64-winpthreads...
2026-09-15T21:37:17.1951155Z installing mingw-w64-x86_64-gcc...
2026-09-15T21:37:18.7015947Z installing mingw-w64-x86_64-expat...
2026-09-15T21:37:18.7191599Z installing mingw-w64-x86_64-bzip2...
2026-09-15T21:37:18.7412326Z installing mingw-w64-x86_64-wineditline...
2026-09-15T21:37:18.7511030Z installing mingw-w64-x86_64-pcre2...
2026-09-15T21:37:18.9612809Z installing mingw-w64-x86_64-libtre...
2026-09-15T21:37:18.9755442Z installing mingw-w64-x86_64-libsystre...
2026-09-15T21:37:18.9862337Z installing mingw-w64-x86_64-ncurses...
2026-09-15T21:37:24.5518359Z installing mingw-w64-x86_64-libffi...
2026-09-15T21:37:24.5640262Z installing mingw-w64-x86_64-mpdecimal...
2026-09-15T21:37:24.5807155Z installing mingw-w64-x86_64-openssl...
2026-09-15T21:37:31.2711117Z Optional dependencies for mingw-w64-x86_64-openssl
2026-09-15T21:37:31.2711800Z     mingw-w64-x86_64-ca-certificates [pending]
2026-09-15T21:37:31.2712334Z installing mingw-w64-x86_64-tcl...
2026-09-15T21:37:33.0965362Z installing mingw-w64-x86_64-sqlite3...
2026-09-15T21:37:33.2432850Z installing mingw-w64-x86_64-tk...
2026-09-15T21:37:33.8570301Z installing mingw-w64-x86_64-libb2...
2026-09-15T21:37:33.8653925Z installing mingw-w64-x86_64-xz...
2026-09-15T21:37:33.9982672Z installing mingw-w64-x86_64-python...
2026-09-15T21:37:42.5845119Z installing mingw-w64-x86_64-termcap...
2026-09-15T21:37:42.5910336Z installing mingw-w64-x86_64-readline...
2026-09-15T21:37:42.6343247Z installing mingw-w64-x86_64-xxhash...
2026-09-15T21:37:42.6495870Z installing mingw-w64-x86_64-gdb...
2026-09-15T21:37:42.8039082Z Optional dependencies for mingw-w64-x86_64-gdb
2026-09-15T21:37:42.8039546Z     mingw-w64-x86_64-python-pygments: for syntax highlighting
2026-09-15T21:37:42.8039921Z installing mingw-w64-x86_64-gdb-multiarch...
2026-09-15T21:37:42.8893739Z Optional dependencies for mingw-w64-x86_64-gdb-multiarch
2026-09-15T21:37:42.8894485Z     mingw-w64-x86_64-python-pygments: for syntax highlighting
2026-09-15T21:37:42.8895103Z installing mingw-w64-x86_64-libmangle...
2026-09-15T21:37:42.8950170Z installing mingw-w64-x86_64-make...
2026-09-15T21:37:42.9067496Z installing mingw-w64-x86_64-pkgconf...
2026-09-15T21:37:42.9336561Z installing mingw-w64-x86_64-tools...
2026-09-15T21:37:42.9442848Z installing mingw-w64-x86_64-winstorecompat...
2026-09-15T21:37:42.9484309Z installing mingw-w64-x86_64-cppdap...
2026-09-15T21:37:42.9760903Z installing mingw-w64-x86_64-c-ares...
2026-09-15T21:37:43.1125311Z installing mingw-w64-x86_64-brotli...
2026-09-15T21:37:43.1374756Z installing mingw-w64-x86_64-libunistring...
2026-09-15T21:37:43.1905928Z installing mingw-w64-x86_64-libidn2...
2026-09-15T21:37:43.2253764Z installing mingw-w64-x86_64-libpsl...
2026-09-15T21:37:43.2357802Z installing mingw-w64-x86_64-libtasn1...
2026-09-15T21:37:43.2822431Z installing mingw-w64-x86_64-p11-kit...
2026-09-15T21:37:43.4538980Z installing mingw-w64-x86_64-ca-certificates...
2026-09-15T21:37:44.0698884Z installing mingw-w64-x86_64-libssh2...
2026-09-15T21:37:44.2279261Z installing mingw-w64-x86_64-nghttp2...
2026-09-15T21:37:44.2527027Z installing mingw-w64-x86_64-nettle...
2026-09-15T21:37:44.3247586Z installing mingw-w64-x86_64-gnutls...
2026-09-15T21:37:45.4184425Z installing mingw-w64-x86_64-ngtcp2...
2026-09-15T21:37:45.4435076Z installing mingw-w64-x86_64-nghttp3...
2026-09-15T21:37:45.4594981Z installing mingw-w64-x86_64-curl...
2026-09-15T21:37:45.9853989Z installing mingw-w64-x86_64-jsoncpp...
2026-09-15T21:37:46.0065420Z installing mingw-w64-x86_64-lz4...
2026-09-15T21:37:46.0226386Z installing mingw-w64-x86_64-libarchive...
2026-09-15T21:37:46.1143420Z installing mingw-w64-x86_64-libuv...
2026-09-15T21:37:46.1387854Z installing mingw-w64-x86_64-ninja...
2026-09-15T21:37:46.1445156Z installing mingw-w64-x86_64-rhash...
2026-09-15T21:37:46.1848553Z installing mingw-w64-x86_64-cmake...
2026-09-15T21:37:49.9951991Z Optional dependencies for mingw-w64-x86_64-cmake
2026-09-15T21:37:49.9952409Z     mingw-w64-x86_64-emacs: for cmake emacs mode
2026-09-15T21:37:50.0755520Z ##[endgroup]
2026-09-15T21:37:50.0756201Z ##[group]Saving package cache...
2026-09-15T21:37:50.1569906Z [command]C:\Windows\system32\cmd.exe /D /S /C D:\a\_temp\setup-msys2\msys2.cmd -c "'paccache' '-r' '-f' '-u' '-k0'"
2026-09-15T21:37:51.1136411Z ==> no candidate packages found for pruning
2026-09-15T21:37:51.2108232Z [command]C:\Windows\system32\cmd.exe /D /S /C D:\a\_temp\setup-msys2\msys2.cmd -c "'paccache' '-r' '-f' '-k1'"
2026-09-15T21:37:51.5420775Z ==> no candidate packages found for pruning
2026-09-15T21:37:52.1561772Z Cache unchanged, skipping save for msys2-pkgs-upd:true-conf:dae72d96-files:575e42a33352b67f10ca2ba21a40d9839a24406c97277f1bfff04054d48e18db
2026-09-15T21:37:52.2410492Z [command]C:\Windows\system32\cmd.exe /D /S /C D:\a\_temp\setup-msys2\msys2.cmd -c "'pacman' '--noconfirm' '-Scc'"
2026-09-15T21:37:53.0424237Z 
2026-09-15T21:37:53.0424713Z Cache directory: /var/cache/pacman/pkg/
2026-09-15T21:37:53.0828937Z :: Do you want to remove ALL files from cache? [Y/n] 
2026-09-15T21:37:53.0829367Z removing all files from cache...
2026-09-15T21:37:53.0829552Z 
2026-09-15T21:37:53.0829667Z Database directory: /var/lib/pacman/
2026-09-15T21:37:53.0849505Z :: Do you want to remove unused repositories? [Y/n] 
2026-09-15T21:37:53.0850099Z removing unused sync repositories...
2026-09-15T21:37:53.0905415Z ##[endgroup]
2026-09-15T21:37:53.1224486Z ##[group]Run cmake -S . -G Ninja -B "D:\a\_temp/qualification" \
2026-09-15T21:37:53.1225047Z [36;1mcmake -S . -G Ninja -B "D:\a\_temp/qualification" \[0m
2026-09-15T21:37:53.1225408Z [36;1m  -DCMAKE_BUILD_TYPE=Release \[0m
2026-09-15T21:37:53.1225693Z [36;1m  -DCREXX_QA_CTEST_JOBS=2 \[0m
2026-09-15T21:37:53.1225975Z [36;1m  -DCREXX_BUILD_CHANNEL=nightly \[0m
2026-09-15T21:37:53.1226370Z [36;1m  -DCREXX_BUILD_COMMIT="21666b6bcf0c5a14986652ef0b0a76bddc43611b" \[0m
2026-09-15T21:37:53.1226913Z [36;1m  -DCREXX_ALLOW_NETWORK_DOWNLOADS=ON -DENABLE_LLAMA=OFF -DENABLE_PARSER_MODE=OFF \[0m
2026-09-15T21:37:53.1227381Z [36;1m  -DCREXX_FORCE_SYSTEM_OPENSSL=ON[0m
2026-09-15T21:37:53.1233406Z shell: D:\a\_temp\setup-msys2\msys2.CMD {0}
2026-09-15T21:37:53.1233702Z env:
2026-09-15T21:37:53.1234006Z   MSYSTEM: MINGW64
2026-09-15T21:37:53.1234357Z ##[endgroup]
2026-09-15T21:37:53.5343918Z -- The C compiler identification is GNU 16.2.0
2026-09-15T21:37:53.7133589Z -- The CXX compiler identification is GNU 16.2.0
2026-09-15T21:37:53.7625244Z -- Detecting C compiler ABI info
2026-09-15T21:37:54.1402424Z -- Detecting C compiler ABI info - done
2026-09-15T21:37:54.1759195Z -- Check for working C compiler: D:/a/_temp/msys64/mingw64/bin/cc.exe - skipped
2026-09-15T21:37:54.1763482Z -- Detecting C compile features
2026-09-15T21:37:54.1768837Z -- Detecting C compile features - done
2026-09-15T21:37:54.2209833Z -- Detecting CXX compiler ABI info
2026-09-15T21:37:54.6258469Z -- Detecting CXX compiler ABI info - done
2026-09-15T21:37:54.6613357Z -- Check for working CXX compiler: D:/a/_temp/msys64/mingw64/bin/c++.exe - skipped
2026-09-15T21:37:54.6618337Z -- Detecting CXX compile features
2026-09-15T21:37:54.6627534Z -- Detecting CXX compile features - done
2026-09-15T21:37:54.6847838Z -- CMake Version: 4.4.3
2026-09-15T21:37:54.6848540Z -- CREXX Version: crexx-1.0.0-beta.3+nightly.g21666b6bcf0c
2026-09-15T21:37:54.6849269Z -- CREXX Build Channel: nightly
2026-09-15T21:37:54.6849576Z -- CREXX Build Timestamp: 20260915T213753Z
2026-09-15T21:37:54.6849875Z -- CREXX Build Commit: 21666b6bcf0c
2026-09-15T21:37:54.6850133Z -- CMake Generator: Ninja
2026-09-15T21:37:54.6852111Z -- cREXX build resources: profile=portable, vm-compile=2, native-link=2, backend=Ninja pools
2026-09-15T21:37:54.7028439Z -- Performing Test cxxflag__W
2026-09-15T21:37:54.9168525Z -- Performing Test cxxflag__W - Success
2026-09-15T21:37:54.9182282Z -- Performing Test cxxflag__Wall
2026-09-15T21:37:55.1268901Z -- Performing Test cxxflag__Wall - Success
2026-09-15T21:37:55.1281353Z -- Performing Test cxxflag__Wextra
2026-09-15T21:37:55.3268214Z -- Performing Test cxxflag__Wextra - Success
2026-09-15T21:37:55.3281266Z -- Performing Test cxxflag__Weffc__
2026-09-15T21:37:55.5272765Z -- Performing Test cxxflag__Weffc__ - Success
2026-09-15T21:37:55.5285672Z -- Performing Test cxxflag__pedantic
2026-09-15T21:37:55.7276702Z -- Performing Test cxxflag__pedantic - Success
2026-09-15T21:37:55.7290037Z -- Performing Test cxxflag__Wformat_2
2026-09-15T21:37:55.9259371Z -- Performing Test cxxflag__Wformat_2 - Success
2026-09-15T21:37:55.9271763Z -- Performing Test cxxflag__Wredundant_decls
2026-09-15T21:37:56.1244729Z -- Performing Test cxxflag__Wredundant_decls - Success
2026-09-15T21:37:56.1258195Z -- Performing Test cxxflag__Wsuggest_attribute_format
2026-09-15T21:37:56.3267040Z -- Performing Test cxxflag__Wsuggest_attribute_format - Success
2026-09-15T21:37:56.3280323Z -- Performing Test cxxflag__Wconversion
2026-09-15T21:37:56.5270214Z -- Performing Test cxxflag__Wconversion - Success
2026-09-15T21:37:56.5283468Z -- Performing Test cxxflag__Wsign_conversion
2026-09-15T21:37:56.7319089Z -- Performing Test cxxflag__Wsign_conversion - Success
2026-09-15T21:37:56.7331612Z -- Performing Test cxxflag__Werror_return_type
2026-09-15T21:37:56.9338841Z -- Performing Test cxxflag__Werror_return_type - Success
2026-09-15T21:37:56.9351751Z -- Performing Test cxxflag__Weverything
2026-09-15T21:37:57.0263357Z -- Performing Test cxxflag__Weverything - Failed
2026-09-15T21:37:57.0274434Z -- Performing Test cxxflag__fdiagnostics_color_always
2026-09-15T21:37:57.2280530Z -- Performing Test cxxflag__fdiagnostics_color_always - Success
2026-09-15T21:37:57.2282765Z -- C compiler flags:  -D__USE_MINGW_ANSI_STDIO=1
2026-09-15T21:37:57.2284672Z -- C++ compiler flags:  -W -Wall -Wextra -Weffc++ -pedantic -Wformat=2 -Wredundant-decls -Wsuggest-attribute=format -Wconversion -Wsign-conversion -Werror=return-type -fdiagnostics-color=always  -D__USE_MINGW_ANSI_STDIO=1
2026-09-15T21:37:57.2286539Z -- Linker flags for executables: 
2026-09-15T21:37:57.2287254Z -- Linker flags for shared libs: 
2026-09-15T21:37:57.2287771Z -- Release C compiler flags: -O3 -DNDEBUG
2026-09-15T21:37:57.2288298Z -- Release C++ compiler flags: -O3 -DNDEBUG
2026-09-15T21:37:57.2288802Z -- Release linker flags for executables: 
2026-09-15T21:37:57.2289313Z -- Release linker flags for shared libs: 
2026-09-15T21:37:57.2302187Z -- Looking for sys/types.h
2026-09-15T21:37:57.4290670Z -- Looking for sys/types.h - found
2026-09-15T21:37:57.4292633Z -- Looking for sys/stat.h
2026-09-15T21:37:57.6321234Z -- Looking for sys/stat.h - found
2026-09-15T21:37:57.6323420Z -- Looking for fcntl.h
2026-09-15T21:37:57.8478281Z -- Looking for fcntl.h - found
2026-09-15T21:37:57.8480315Z -- Looking for unistd.h
2026-09-15T21:37:58.0521036Z -- Looking for unistd.h - found
2026-09-15T21:37:58.0522980Z -- Looking for io.h
2026-09-15T21:37:58.2572279Z -- Looking for io.h - found
2026-09-15T21:37:58.2587434Z -- Writing config.h
2026-09-15T21:37:58.2937414Z -- Performing Test CMAKE_HAVE_LIBC_PTHREAD
2026-09-15T21:37:58.5064868Z -- Performing Test CMAKE_HAVE_LIBC_PTHREAD - Success
2026-09-15T21:37:58.5076946Z -- Found Threads: TRUE
2026-09-15T21:37:58.6240769Z -- Smoke test 'rxc_help_syntaxhighlight' is not present in this configuration; skipping
2026-09-15T21:37:58.6244074Z -- Smoke test 'syntaxhighlight_trace_keywords' is not present in this configuration; skipping
2026-09-15T21:37:58.6245345Z -- Smoke test 'source_semantics' is not present in this configuration; skipping
2026-09-15T21:37:58.7901606Z -- cREXX VM handler panel: profile-20
2026-09-15T21:37:58.7989589Z -- cREXX VM core socket TLS backend: SCHANNEL
2026-09-15T21:37:58.7993425Z -- cREXX product VM: rxvm -> rxtvm (GNU)
2026-09-15T21:37:58.8681058Z -- Smoke test 'rxpp_sh_tokens' is not present in this configuration; skipping
2026-09-15T21:37:59.1868562Z -- Legacy OpenSSL socket plugin is disabled; use VM core sockets/rxsocket instead.
2026-09-15T21:37:59.1923714Z -- GTK Gui support is disabled, skipping subdirectory.
2026-09-15T21:37:59.1948724Z -- ODBC support is disabled; building the mock-driver qualification target only.
2026-09-15T21:37:59.5642215Z -- Skipping INT_SIGNAL native signal test on Windows
2026-09-15T21:37:59.5643040Z -- Smoke test 'INT' is not present in this configuration; skipping
2026-09-15T21:37:59.8267787Z -- Configuring done (6.4s)
2026-09-15T21:38:01.7941155Z CMake Warning (unused-cli):
2026-09-15T21:38:01.7941571Z   Manually-specified variables were not used by the project:
2026-09-15T21:38:01.7941842Z 
2026-09-15T21:38:01.7941940Z     CREXX_FORCE_SYSTEM_OPENSSL
2026-09-15T21:38:01.7942101Z 
2026-09-15T21:38:01.7942104Z 
2026-09-15T21:38:01.7942201Z -- Generating done (2.0s)
2026-09-15T21:38:01.7957099Z -- Build files have been written to: D:/a/_temp/qualification
2026-09-15T21:38:01.8951600Z ##[group]Run cmake --build "D:\a\_temp/qualification" \
2026-09-15T21:38:01.8952086Z [36;1mcmake --build "D:\a\_temp/qualification" \[0m
2026-09-15T21:38:01.8952445Z [36;1m  --target qa-comprehensive \[0m
2026-09-15T21:38:01.8952721Z [36;1m  --parallel 4[0m
2026-09-15T21:38:01.8954689Z shell: D:\a\_temp\setup-msys2\msys2.CMD {0}
2026-09-15T21:38:01.8954973Z env:
2026-09-15T21:38:01.8955157Z   MSYSTEM: MINGW64
2026-09-15T21:38:01.8955355Z ##[endgroup]
2026-09-15T21:38:02.2193831Z [0/2] Re-checking globbed directories...
2026-09-15T21:38:02.3961418Z [1/1965] Copying bootstrap src/options/parse_opts.cc, reconfigure with RE2C_REBUILD_LEXERS to regenerate
2026-09-15T21:38:02.4302118Z [2/1965] Copying bootstrap src/parse/conf_lexer.cc, reconfigure with RE2C_REBUILD_LEXERS to regenerate
2026-09-15T21:38:02.4370515Z [3/1965] Copying bootstrap src/parse/lexer.cc and src/parse/lexer.h, reconfigure with RE2C_REBUILD_LEXERS to regenerate
2026-09-15T21:38:02.4795372Z [4/1965] Copying bootstrap syntax file, reconfigure with RE2C_REBUILD_PARSERS to regenerate
2026-09-15T21:38:02.4822168Z [5/1965] Copying bootstrap parser, reconfigure with RE2C_REBUILD_PARSERS to regenerate
2026-09-15T21:38:02.4899968Z [6/1965] Copying bootstrap syntax file, reconfigure with RE2C_REBUILD_PARSERS to regenerate
2026-09-15T21:38:02.5296773Z [7/1965] Copying bootstrap syntax file, reconfigure with RE2C_REBUILD_PARSERS to regenerate
2026-09-15T21:38:02.5354504Z [8/1965] Copying bootstrap syntax file, reconfigure with RE2C_REBUILD_PARSERS to regenerate
2026-09-15T21:38:02.5398137Z [9/1965] Copying bootstrap parser, reconfigure with RE2C_REBUILD_PARSERS to regenerate
2026-09-15T21:38:02.5574431Z [10/1965] Copying bootstrap syntax file, reconfigure with RE2C_REBUILD_PARSERS to regenerate
2026-09-15T21:38:02.5827055Z [11/1965] Copying bootstrap syntax file, reconfigure with RE2C_REBUILD_PARSERS to regenerate
2026-09-15T21:38:02.5849005Z [12/1965] Copying bootstrap syntax file, reconfigure with RE2C_REBUILD_PARSERS to regenerate
2026-09-15T21:38:02.5886156Z [13/1965] Copying bootstrap syntax file, reconfigure with RE2C_REBUILD_PARSERS to regenerate
2026-09-15T21:38:02.6218091Z [14/1965] Copying bootstrap syntax file, reconfigure with RE2C_REBUILD_PARSERS to regenerate
2026-09-15T21:38:02.6281911Z [15/1965] Copying bootstrap syntax file, reconfigure with RE2C_REBUILD_PARSERS to regenerate
2026-09-15T21:38:02.6330844Z [16/1965] Copying bootstrap syntax file, reconfigure with RE2C_REBUILD_PARSERS to regenerate
2026-09-15T21:38:02.6526388Z [17/1965] Copying bootstrap syntax file, reconfigure with RE2C_REBUILD_PARSERS to regenerate
2026-09-15T21:38:02.6734372Z [18/1965] Generating doc/re2c.1
2026-09-15T21:38:02.6989897Z [19/1965] Copying bootstrap src/msg/ver_to_vernum.cc, reconfigure with RE2C_REBUILD_LEXERS to regenerate
2026-09-15T21:38:04.1920542Z [20/1965] Building C object platform/CMakeFiles/platform.dir/platform.c.obj
2026-09-15T21:38:04.7309188Z [21/1965] Building CXX object re2c/CMakeFiles/re2c_objects_autogen.dir/src/options/parse_opts.cc.obj
2026-09-15T21:38:05.3515170Z [22/1965] Building CXX object re2c/CMakeFiles/re2c_objects_autogen.dir/src/parse/parser.cc.obj
2026-09-15T21:38:06.5982614Z [23/1965] Building C object lemon/CMakeFiles/lemon.dir/lemon.c.obj
2026-09-15T21:38:06.6585847Z [24/1965] Building CXX object re2c/CMakeFiles/re2c_objects_autogen.dir/src/parse/conf_parser.cc.obj
2026-09-15T21:38:06.6986599Z [25/1965] Building CXX object re2c/CMakeFiles/re2c_objects_autogen.dir/src/parse/lexer.cc.obj
2026-09-15T21:38:06.8299231Z [26/1965] Building C object platform/CMakeFiles/platform.dir/rxinteger.c.obj
2026-09-15T21:38:07.0276119Z [27/1965] Building CXX object re2c/CMakeFiles/re2c_objects_autogen_ver_to_vernum.dir/src/msg/ver_to_vernum.cc.obj
2026-09-15T21:38:07.1116605Z [28/1965] Building C object avl_tree/CMakeFiles/avl_tree.dir/avl_tree.c.obj
2026-09-15T21:38:07.2073315Z [29/1965] Building C object binutils/CMakeFiles/rxbin.dir/rxbin.c.obj
2026-09-15T21:38:07.4948786Z [30/1965] Building C object binutils/CMakeFiles/rxbin.dir/rxsignature.c.obj
2026-09-15T21:38:07.6276369Z [31/1965] Building C object binutils/CMakeFiles/rxbin.dir/rxsha256.c.obj
2026-09-15T21:38:09.2745733Z [32/1965] Building C object binutils/CMakeFiles/rxbin.dir/rxbin007.c.obj
2026-09-15T21:38:09.4963047Z [33/1965] Building C object interpreter/CMakeFiles/rxvmmemory.dir/rxvmmemory.c.obj
2026-09-15T21:38:09.5806819Z [34/1965] Linking C executable lemon\lemon.exe
2026-09-15T21:38:09.6109683Z [35/1965] Linking C static library bin\libplatform.a
2026-09-15T21:38:09.6855665Z [36/1965] Linking C static library bin\libavl_tree.a
2026-09-15T21:38:09.7998413Z [37/1965] Building C object interpreter/CMakeFiles/rxvmref.dir/rxvmref.c.obj
2026-09-15T21:38:09.9318811Z [38/1965] Linking C static library bin\librxvmmemory.a
2026-09-15T21:38:10.5634495Z [39/1965] Building CXX object re2c/CMakeFiles/re2c_objects_autogen.dir/src/parse/conf_lexer.cc.obj
2026-09-15T21:38:10.6188275Z [40/1965] Generating src/msg/help_re2c.cc
2026-09-15T21:38:11.0965930Z [41/1965] Building C object interpreter/CMakeFiles/rxvmref.dir/rxpacompat.c.obj
2026-09-15T21:38:11.1589450Z [42/1965] Building C object binutils/CMakeFiles/rxbin.dir/rxgraph.c.obj
2026-09-15T21:38:11.5941953Z [43/1965] Building CXX object re2c/CMakeFiles/re2c.dir/src/codegen/helpers.cc.obj
2026-09-15T21:38:11.9602328Z [44/1965] Building C object interpreter/rxvmplugin/CMakeFiles/rxvmplugin.dir/rxvmplugin_framework.c.obj
2026-09-15T21:38:13.0635200Z [45/1965] Building CXX object re2c/CMakeFiles/re2c.dir/src/codegen/pass3_fixup.cc.obj
2026-09-15T21:38:13.1694359Z [46/1965] Building CXX object re2c/CMakeFiles/re2c.dir/src/codegen/output.cc.obj
2026-09-15T21:38:13.6976337Z [47/1965] Building CXX object re2c/CMakeFiles/re2c.dir/src/codegen/pass1_analyze.cc.obj
2026-09-15T21:38:14.4352031Z [48/1965] Building CXX object re2c/CMakeFiles/re2c.dir/src/options/symtab.cc.obj
2026-09-15T21:38:15.6927630Z [49/1965] Building CXX object re2c/CMakeFiles/re2c.dir/src/nfa/re_to_nfa.cc.obj
2026-09-15T21:38:15.9396527Z [50/1965] Building CXX object re2c/CMakeFiles/re2c.dir/src/codegen/pass4_render.cc.obj
2026-09-15T21:38:16.0135707Z [51/1965] Building CXX object re2c/CMakeFiles/re2c.dir/src/debug/dump_adfa.cc.obj
2026-09-15T21:38:16.0917485Z [52/1965] Building CXX object re2c/CMakeFiles/re2c.dir/src/debug/dump_cfg.cc.obj
2026-09-15T21:38:16.1692691Z [53/1965] Building CXX object re2c/CMakeFiles/re2c.dir/src/debug/dump_dfa.cc.obj
2026-09-15T21:38:16.2481868Z [54/1965] Building CXX object re2c/CMakeFiles/re2c.dir/src/debug/dump_dfa_tree.cc.obj
2026-09-15T21:38:16.3198472Z [55/1965] Building CXX object re2c/CMakeFiles/re2c.dir/src/debug/dump_interf.cc.obj
2026-09-15T21:38:16.3922887Z [56/1965] Building CXX object re2c/CMakeFiles/re2c.dir/src/debug/dump_nfa.cc.obj
2026-09-15T21:38:16.7824037Z [57/1965] Building CXX object re2c/CMakeFiles/re2c.dir/src/codegen/pass2_generate.cc.obj
2026-09-15T21:38:17.3670070Z [58/1965] Building CXX object re2c/CMakeFiles/re2c.dir/src/cfg/cfg.cc.obj
2026-09-15T21:38:17.5345155Z [59/1965] Building CXX object re2c/CMakeFiles/re2c.dir/src/cfg/compact.cc.obj
2026-09-15T21:38:18.0396465Z [60/1965] Building CXX object re2c/CMakeFiles/re2c.dir/src/cfg/dce.cc.obj
2026-09-15T21:38:18.0443117Z [61/1965] Building CXX object re2c/CMakeFiles/re2c.dir/src/adfa/adfa.cc.obj
2026-09-15T21:38:18.2574200Z [62/1965] Building CXX object re2c/CMakeFiles/re2c.dir/src/cfg/freeze.cc.obj
2026-09-15T21:38:18.9307178Z [63/1965] Building CXX object re2c/CMakeFiles/re2c.dir/src/cfg/interfere.cc.obj
2026-09-15T21:38:18.9460484Z [64/1965] Building CXX object re2c/CMakeFiles/re2c.dir/src/cfg/liveanal.cc.obj
2026-09-15T21:38:19.2122052Z [65/1965] Building CXX object re2c/CMakeFiles/re2c.dir/src/cfg/normalize.cc.obj
2026-09-15T21:38:19.7791349Z [66/1965] Building CXX object re2c/CMakeFiles/re2c.dir/src/cfg/rename.cc.obj
2026-09-15T21:38:19.8083212Z [67/1965] Building CXX object re2c/CMakeFiles/re2c.dir/src/cfg/optimize.cc.obj
2026-09-15T21:38:19.9906953Z [68/1965] Building CXX object re2c/CMakeFiles/re2c.dir/src/cfg/varalloc.cc.obj
2026-09-15T21:38:21.2325897Z [69/1965] Building CXX object re2c/CMakeFiles/re2c.dir/src/dfa/dead_rules.cc.obj
2026-09-15T21:38:22.1585781Z [70/1965] Building CXX object re2c/CMakeFiles/re2c.dir/src/dfa/fallback_tags.cc.obj
2026-09-15T21:38:22.9486586Z [71/1965] Building CXX object re2c/CMakeFiles/re2c.dir/src/dfa/determinization.cc.obj
2026-09-15T21:38:23.0999825Z [72/1965] Building CXX object re2c/CMakeFiles/re2c.dir/src/dfa/closure.cc.obj
2026-09-15T21:38:23.4397485Z [73/1965] Building CXX object re2c/CMakeFiles/re2c.dir/src/options/opt.cc.obj
2026-09-15T21:38:23.4816025Z [74/1965] Building CXX object re2c/CMakeFiles/re2c.dir/src/dfa/fillpoints.cc.obj
2026-09-15T21:38:24.1156636Z [75/1965] Building CXX object re2c/CMakeFiles/re2c.dir/src/dfa/minimization.cc.obj
2026-09-15T21:38:24.2425997Z [76/1965] Building CXX object re2c/CMakeFiles/re2c.dir/src/dfa/tagver_table.cc.obj
2026-09-15T21:38:24.5391386Z [77/1965] Building CXX object re2c/CMakeFiles/re2c.dir/src/dfa/tcmd.cc.obj
2026-09-15T21:38:24.6219908Z [78/1965] Building CXX object re2c/CMakeFiles/re2c.dir/src/encoding/ebcdic.cc.obj
2026-09-15T21:38:24.7741488Z [79/1965] Building CXX object re2c/CMakeFiles/re2c.dir/src/encoding/enc.cc.obj
2026-09-15T21:38:25.0349680Z [80/1965] Building CXX object re2c/CMakeFiles/re2c.dir/src/encoding/range_suffix.cc.obj
2026-09-15T21:38:25.1151921Z [81/1965] Building CXX object re2c/CMakeFiles/re2c.dir/src/dfa/find_state.cc.obj
2026-09-15T21:38:25.4347735Z [82/1965] Building CXX object re2c/CMakeFiles/re2c.dir/src/encoding/utf8.cc.obj
2026-09-15T21:38:25.6061869Z [83/1965] Building CXX object re2c/CMakeFiles/re2c.dir/src/encoding/utf16.cc.obj
2026-09-15T21:38:25.8353989Z [84/1965] Building CXX object re2c/CMakeFiles/re2c.dir/src/encoding/unicode_casemap.cc.obj
2026-09-15T21:38:26.0040724Z [85/1965] Building CXX object re2c/CMakeFiles/re2c.dir/src/msg/msg.cc.obj
2026-09-15T21:38:26.7592143Z [86/1965] Building CXX object re2c/CMakeFiles/re2c.dir/src/regexp/default_tags.cc.obj
2026-09-15T21:38:26.9399844Z [87/1965] Building CXX object re2c/CMakeFiles/re2c.dir/src/regexp/fixed_tags.cc.obj
2026-09-15T21:38:26.9867488Z [88/1965] Building CXX object re2c/CMakeFiles/re2c.dir/src/msg/warn.cc.obj
2026-09-15T21:38:27.4885989Z [89/1965] Building CXX object re2c/CMakeFiles/re2c.dir/src/regexp/nullable.cc.obj
2026-09-15T21:38:27.5333418Z [90/1965] Building CXX object re2c/CMakeFiles/re2c.dir/src/regexp/ast_to_re.cc.obj
2026-09-15T21:38:27.7477997Z [91/1965] Building CXX object re2c/CMakeFiles/re2c.dir/src/regexp/regexp.cc.obj
2026-09-15T21:38:28.0955877Z [92/1965] Building CXX object re2c/CMakeFiles/re2c.dir/src/regexp/split_charset.cc.obj
2026-09-15T21:38:29.0442258Z [93/1965] Building CXX object re2c/CMakeFiles/re2c.dir/src/skeleton/control_flow.cc.obj
2026-09-15T21:38:29.1798686Z [94/1965] Building CXX object re2c/CMakeFiles/re2c.dir/src/skeleton/maxpath.cc.obj
2026-09-15T21:38:30.4297801Z [95/1965] Building CXX object re2c/CMakeFiles/re2c.dir/src/skeleton/skeleton.cc.obj
2026-09-15T21:38:31.1999696Z [96/1965] Building CXX object re2c/CMakeFiles/re2c.dir/src/skeleton/generate_code.cc.obj
2026-09-15T21:38:31.4588737Z [97/1965] Building CXX object re2c/CMakeFiles/re2c.dir/src/skeleton/generate_data.cc.obj
2026-09-15T21:38:31.5973563Z [98/1965] Building CXX object re2c/CMakeFiles/re2c.dir/src/util/file_utils.cc.obj
2026-09-15T21:38:31.9225914Z [99/1965] Building CXX object re2c/CMakeFiles/re2c.dir/src/parse/input.cc.obj
2026-09-15T21:38:32.0434705Z [100/1965] Building CXX object re2c/CMakeFiles/re2c.dir/src/util/string_utils.cc.obj
2026-09-15T21:38:32.0620461Z [101/1965] Building CXX object re2c/CMakeFiles/re2c.dir/src/util/range.cc.obj
2026-09-15T21:38:32.1193261Z [102/1965] Building CXX object re2c/CMakeFiles/re2c.dir/src/msg/help_re2c.cc.obj
2026-09-15T21:38:32.1757436Z [103/1965] Linking C static library bin\librxbin.a
2026-09-15T21:38:32.2201863Z [104/1965] Linking C static library bin\librxvmref.a
2026-09-15T21:38:32.3284718Z [105/1965] Building CXX object re2c/CMakeFiles/re2c.dir/src/parse/ast.cc.obj
2026-09-15T21:38:32.4346007Z [106/1965] Building C object interpreter/rxvmplugin/rxvmplugins/mc_decimal/CMakeFiles/decnumber.dir/decnumber/decContext.c.obj
2026-09-15T21:38:32.4557059Z [107/1965] Linking C static library bin\librxvmplugin.a
2026-09-15T21:38:33.0116119Z [108/1965] Building C object interpreter/rxvmplugin/rxvmplugins/mc_decimal/CMakeFiles/mc_decimal_manual.dir/mc_decimal.c.obj
2026-09-15T21:38:33.8298216Z [109/1965] Building C object rxpa/CMakeFiles/rxpa.dir/rxpa.c.obj
2026-09-15T21:38:34.8062560Z [110/1965] Building CXX object re2c/CMakeFiles/re2c.dir/src/main.cc.obj
2026-09-15T21:38:35.0448546Z [111/1965] Linking CXX executable re2c\re2c.exe
2026-09-15T21:38:35.0871402Z [112/1965] Create REXX ASSEMBLER Parser...
2026-09-15T21:38:35.2698259Z [113/1965] Building C object interpreter/CMakeFiles/rxbvm_core_objects.dir/rxvmworker.c.obj
2026-09-15T21:38:36.9669007Z [114/1965] Building C object interpreter/CMakeFiles/rxbvm_core_objects.dir/rxvmprogram.c.obj
2026-09-15T21:38:37.3393984Z [115/1965] Create REXX ASSEMBLER Lexer...
2026-09-15T21:38:37.4542493Z [116/1965] Building C object interpreter/rxvmplugin/rxvmplugins/mc_decimal/CMakeFiles/decnumber.dir/decnumber/decNumber.c.obj
2026-09-15T21:38:37.5382206Z [117/1965] Building C object assembler/CMakeFiles/rxaslib.dir/rxastoke.c.obj
2026-09-15T21:38:37.5644068Z [118/1965] Linking C static library bin\libdecnumber.a
2026-09-15T21:38:37.7104431Z [119/1965] Building C object assembler/CMakeFiles/rxaslib.dir/rxaseror.c.obj
2026-09-15T21:38:38.9344657Z [120/1965] Building C object assembler/CMakeFiles/rxaslib.dir/rxasscan.c.obj
2026-09-15T21:38:38.9885521Z [121/1965] Building C object assembler/CMakeFiles/rxaslib.dir/rxas_opt.c.obj
2026-09-15T21:38:39.3133325Z [122/1965] Building C object assembler/CMakeFiles/rxaslib.dir/rxas_flow_batch.c.obj
2026-09-15T21:38:39.6961174Z [123/1965] Building C object assembler/CMakeFiles/rxaslib.dir/rxas_flow_pass.c.obj
2026-09-15T21:38:40.7506934Z [124/1965] Building C object interpreter/CMakeFiles/rxbvm_core_objects.dir/rxvmexecutor.c.obj
2026-09-15T21:38:40.9505643Z [125/1965] Building C object assembler/CMakeFiles/rxaslib.dir/rxas_flow_graph.c.obj
2026-09-15T21:38:41.4522499Z [126/1965] Building C object assembler/CMakeFiles/rxaslib.dir/rxas_flow_rewrite.c.obj
2026-09-15T21:38:42.2848899Z [127/1965] Building C object assembler/CMakeFiles/rxaslib.dir/rxas_flow_analysis.c.obj
2026-09-15T21:38:42.2871686Z In function 'flow_analysis_calloc',
2026-09-15T21:38:42.2873005Z     inlined from 'flow_analysis_build_rpo' at D:/a/CREXX/CREXX/assembler/rxas_flow_analysis.c:309:21,
2026-09-15T21:38:42.3129463Z     inlined from 'flow_structural_build' at D:/a/CREXX/CREXX/assembler/rxas_flow_analysis.c:1179:10,
2026-09-15T21:38:42.3204063Z     inlined from 'rxas_flow_require_structural_analysis' at D:/a/CREXX/CREXX/assembler/rxas_flow_analysis.c:1215:27:
2026-09-15T21:38:42.3209185Z D:/a/CREXX/CREXX/assembler/rxas_flow_analysis.c:86:14: warning: product '2305843009213693951 * 8' of arguments 1 and 2 exceeds maximum object size 9223372036854775807 [-Walloc-size-larger-than=]
2026-09-15T21:38:42.3487463Z    86 |     memory = calloc(count, size);
2026-09-15T21:38:42.3508965Z       |              ^~~~~~~~~~~~~~~~~~~
2026-09-15T21:38:42.3512943Z In file included from D:/a/_temp/msys64/mingw64/include/stdlib.h:10,
2026-09-15T21:38:42.3546247Z                  from D:/a/CREXX/CREXX/binutils/include/rxbin.h:38,
2026-09-15T21:38:42.3825965Z                  from D:/a/CREXX/CREXX/assembler/rxas.h:32,
2026-09-15T21:38:42.4188085Z                  from D:/a/CREXX/CREXX/assembler/rxas_flow_graph.h:13,
2026-09-15T21:38:42.4303201Z                  from D:/a/CREXX/CREXX/assembler/rxas_flow_analysis.h:13,
2026-09-15T21:38:42.4402101Z                  from D:/a/CREXX/CREXX/assembler/rxas_flow_analysis.c:9:
2026-09-15T21:38:42.4478279Z D:/a/_temp/msys64/mingw64/include/corecrt_malloc.h: In function 'rxas_flow_require_structural_analysis':
2026-09-15T21:38:42.4528548Z D:/a/_temp/msys64/mingw64/include/corecrt_malloc.h:42:17: note: in a call to allocation function 'calloc' declared here
2026-09-15T21:38:42.4550362Z    42 |   void *__cdecl calloc(size_t _NumOfElements,size_t _SizeOfElements);
2026-09-15T21:38:42.4654180Z       |                 ^~~~~~
2026-09-15T21:38:42.5893515Z [128/1965] Building C object assembler/CMakeFiles/rxaslib.dir/rxas_flow.c.obj
2026-09-15T21:38:42.7687491Z [129/1965] Building C object assembler/CMakeFiles/rxaslib.dir/rxas_flow_signal.c.obj
2026-09-15T21:38:43.4775719Z [130/1965] Building C object assembler/CMakeFiles/rxaslib.dir/rxas_flow_use.c.obj
2026-09-15T21:38:43.7413163Z [131/1965] Building C object assembler/CMakeFiles/rxaslib.dir/rxasgrmr.c.obj
2026-09-15T21:38:45.5785743Z [132/1965] Building C object assembler/CMakeFiles/rxaslib.dir/rxas_flow_ssa.c.obj
2026-09-15T21:38:45.8861059Z [133/1965] Building C object assembler/CMakeFiles/rxaslib.dir/rxasassm.c.obj
2026-09-15T21:38:46.0423031Z [134/1965] Building C object assembler/CMakeFiles/rxaslib.dir/__/binutils/rxopmeta.c.obj
2026-09-15T21:38:46.1270869Z [135/1965] Building C object assembler/CMakeFiles/rxaslib.dir/rxaslib.c.obj
2026-09-15T21:38:46.1327143Z [136/1965] Building C object assembler/CMakeFiles/rxaslib.dir/rxas_dsl.c.obj
2026-09-15T21:38:46.8571130Z [137/1965] Building C object assembler/CMakeFiles/rxaslib.dir/rxas_flow_proof.c.obj
2026-09-15T21:38:48.2430401Z [138/1965] Building C object interpreter/CMakeFiles/rxbvml.dir/rxvmlib.c.obj
2026-09-15T21:38:48.7101965Z [139/1965] Building C object interpreter/CMakeFiles/rxvm_platform_objects.dir/rxvmsock.c.obj
2026-09-15T21:38:48.8153949Z [140/1965] Linking C static library bin\rxvm_mc_decimal_manual.a
2026-09-15T21:38:48.9469512Z [141/1965] Linking C static library bin\librxpa.a
2026-09-15T21:38:49.0916764Z [142/1965] Linking C static library bin\librxaslib.a
2026-09-15T21:38:49.3044426Z [143/1965] Building C object assembler/CMakeFiles/rxas.dir/rxasmain.c.obj
2026-09-15T21:38:49.5241663Z [144/1965] Building C object interpreter/CMakeFiles/rxbvm_core_objects.dir/rxvmchannel.c.obj
2026-09-15T21:38:49.5286042Z [145/1965] Linking C executable bin\rxas.exe
2026-09-15T21:38:49.5593209Z [146/1965] cREXX assemble _elapsed ...
2026-09-15T21:38:49.6111820Z [147/1965] cREXX RXAS Library Archive ...
2026-09-15T21:38:51.3008562Z [148/1965] Building C object interpreter/CMakeFiles/rxbvml.dir/rxvml.c.obj
2026-09-15T21:38:51.4518718Z [149/1965] Building C object interpreter/CMakeFiles/rxbvm_core_objects.dir/rxvmchannel_process.c.obj
2026-09-15T21:38:51.6286304Z [150/1965] Building C object interpreter/CMakeFiles/rxbvm_core_objects.dir/rxvmprocessprotocol.c.obj
2026-09-15T21:38:51.6452834Z [151/1965] Building C object linker/CMakeFiles/rxlink.dir/rxlinkmain.c.obj
2026-09-15T21:38:51.8342121Z [152/1965] Linking C executable bin\rxlink.exe
2026-09-15T21:38:53.0743214Z [153/1965] Building C object interpreter/CMakeFiles/rxbvm_core_objects.dir/rxvmprocessworker.c.obj
2026-09-15T21:38:53.1035442Z [154/1965] Building C object lib/plugins/keyaccess/CMakeFiles/_keyaccess.dir/keyaccess.c.obj
2026-09-15T21:38:53.5602916Z [155/1965] Building C object lib/plugins/id/CMakeFiles/id.dir/id.c.obj
2026-09-15T21:38:54.5837298Z [156/1965] Building C object interpreter/CMakeFiles/rxbvm_core_objects.dir/rxvmbyteendpoint.c.obj
2026-09-15T21:38:54.7358468Z [157/1965] Building C object lib/plugins/fs/CMakeFiles/fs.dir/rxfs.c.obj
2026-09-15T21:38:54.9482328Z [158/1965] Linking C shared module bin\rx_keyaccess.rxplugin
2026-09-15T21:38:54.9836321Z [159/1965] Building C object lib/plugins/platform/CMakeFiles/_platform.dir/rxplatform.c.obj
2026-09-15T21:38:55.2208311Z [160/1965] Linking C shared module bin\rxid.rxplugin
2026-09-15T21:38:55.2491960Z [161/1965] Linking C shared module bin\rxfs.rxplugin
2026-09-15T21:38:55.3901930Z [162/1965] Building C object interpreter/CMakeFiles/rxpashim.dir/rxpashim.c.obj
2026-09-15T21:38:55.5078939Z [163/1965] Linking C shared module bin\rxplatform.rxplugin
2026-09-15T21:38:55.7198829Z [164/1965] Building C object lib/plugins/hash/CMakeFiles/_hash.dir/rx_hash.c.obj
2026-09-15T21:38:55.8298022Z [165/1965] Linking C static library bin\librxpashim.a
2026-09-15T21:38:56.4802219Z [166/1965] Building C object preprocessor/CMakeFiles/precomp.dir/precomp.c.obj
2026-09-15T21:38:56.5207270Z [167/1965] Building C object interpreter/CMakeFiles/rxbvm_core_objects.dir/rxvmchannel_byte.c.obj
2026-09-15T21:38:56.7616271Z [168/1965] Linking C shared module bin\rx_hash.rxplugin
2026-09-15T21:38:56.9420338Z [169/1965] Building C object cpacker/CMakeFiles/rxcpack.dir/rxcpack.c.obj
2026-09-15T21:38:57.0126310Z [170/1965] Building C object interpreter/CMakeFiles/rxbvm.dir/rxvmmain.c.obj
2026-09-15T21:38:58.3795397Z [171/1965] Building C object interpreter/CMakeFiles/rxvml.dir/rxvmlib.c.obj
2026-09-15T21:38:58.6329542Z [172/1965] Building C object interpreter/CMakeFiles/rxbvm_core_objects.dir/rxvmchannel_child.c.obj
2026-09-15T21:38:58.8427782Z [173/1965] Building C object interpreter/CMakeFiles/rxbvm_core_objects.dir/rxvmactive.c.obj
2026-09-15T21:38:58.9870645Z [174/1965] Building C object preprocessor/CMakeFiles/precomp_static.dir/precomp.c.obj
2026-09-15T21:38:59.1592089Z [175/1965] Linking C shared module bin\rxprecomp.rxplugin
2026-09-15T21:39:00.0871287Z [176/1965] Building C object interpreter/CMakeFiles/rxvml.dir/rxvml.c.obj
2026-09-15T21:39:00.8456110Z [177/1965] Building C object lib/plugins/fs/CMakeFiles/fs_static.dir/rxfs.c.obj
2026-09-15T21:39:01.0364006Z [178/1965] Linking C executable bin\rxcpack.exe
2026-09-15T21:39:01.1426180Z [179/1965] Linking C static library bin\rxprecomp_static.a
2026-09-15T21:39:01.2436183Z [180/1965] Stage rxpp macro support files ...
2026-09-15T21:39:01.4803673Z [181/1965] Linking C static library bin\rxfs_static.a
2026-09-15T21:39:01.4835632Z [182/1965] Building C object lib/plugins/platform/CMakeFiles/_platform_static.dir/rxplatform.c.obj
2026-09-15T21:39:01.7609000Z [183/1965] Linking C static library bin\rxplatform_static.a
2026-09-15T21:39:02.1175590Z [184/1965] Building C object interpreter/CMakeFiles/rxbvm_core_objects.dir/rxvmload.c.obj
2026-09-15T21:39:02.3062848Z [185/1965] Building C object interpreter/rxvmplugin/rxvmplugins/mc_decimal/CMakeFiles/mc_decimal_dynamic.dir/mc_decimal.c.obj
2026-09-15T21:39:02.7224714Z [186/1965] Building C object lib/plugins/float/CMakeFiles/float.dir/rxfloat.c.obj
2026-09-15T21:39:02.9256148Z [187/1965] Building C object interpreter/CMakeFiles/rxtvm.dir/rxvmmain.c.obj
2026-09-15T21:39:03.0648617Z [188/1965] Building C object lib/plugins/float/CMakeFiles/float_static.dir/rxfloat.c.obj
2026-09-15T21:39:03.2615905Z [189/1965] Building C object lib/plugins/hash/CMakeFiles/_hash_static.dir/rx_hash.c.obj
2026-09-15T21:39:03.6685296Z [190/1965] Building C object interpreter/CMakeFiles/rxbvm_core_objects.dir/interrupt.c.obj
2026-09-15T21:39:04.8492418Z [191/1965] Building C object lib/plugins/llist/CMakeFiles/_llist.dir/llist.c.obj
2026-09-15T21:39:04.9018352Z [192/1965] Building C object lib/plugins/keyaccess/CMakeFiles/_keyaccess_static.dir/keyaccess.c.obj
2026-09-15T21:39:06.0789314Z [193/1965] Building C object lib/plugins/treemap/CMakeFiles/_treemap.dir/treemap.c.obj
2026-09-15T21:39:06.4509928Z [194/1965] Building C object lib/plugins/llist/CMakeFiles/_llist_static.dir/llist.c.obj
2026-09-15T21:39:06.6697295Z [195/1965] Linking C shared module bin\rxvm_mc_decimal.rxvmplugin
2026-09-15T21:39:06.9776251Z [196/1965] Linking C shared module bin\rxfloat.rxplugin
2026-09-15T21:39:07.2434590Z [197/1965] Building C object lib/plugins/treemap/CMakeFiles/_treemap_static.dir/treemap.c.obj
2026-09-15T21:39:07.2875902Z [198/1965] Linking C static library bin\rxfloat_static.a
2026-09-15T21:39:07.3900308Z [199/1965] Linking C static library bin\rx_keyaccess_static.a
2026-09-15T21:39:07.4847546Z [200/1965] Linking C static library bin\rx_hash_static.a
2026-09-15T21:39:07.5602661Z [201/1965] Linking C shared module bin\rx_llist.rxplugin
2026-09-15T21:39:07.6094260Z [202/1965] Linking C static library bin\rx_llist_static.a
2026-09-15T21:39:07.7120008Z [203/1965] Linking C static library bin\rx_treemap_static.a
2026-09-15T21:39:07.7514691Z [204/1965] Linking C shared module bin\rx_treemap.rxplugin
2026-09-15T21:39:07.8395370Z [205/1965] Building C object linker/CMakeFiles/rxlink_concat_files.dir/tests/concat_files.c.obj
2026-09-15T21:39:07.9570128Z [206/1965] Building C object interpreter/CMakeFiles/rxbvm_core_objects.dir/rxspawn.c.obj
2026-09-15T21:39:09.0028367Z [207/1965] Building C object interpreter/CMakeFiles/_e5native.dir/tests/e5_native_return_plugin.c.obj
2026-09-15T21:39:10.0705021Z [208/1965] Building C object lib/plugins/sqlite/CMakeFiles/sqlite.dir/rxsqlite.c.obj
2026-09-15T21:39:10.2820077Z [209/1965] Building C object lib/plugins/console/CMakeFiles/console.dir/rxconsole.c.obj
2026-09-15T21:39:11.0372994Z [210/1965] Building C object interpreter/CMakeFiles/rxbvm_core_objects.dir/rxcrexxcmd.c.obj
2026-09-15T21:39:11.2212427Z [211/1965] Building C object interpreter/CMakeFiles/rxbvm_core_objects.dir/exitfunc.c.obj
2026-09-15T21:39:11.7440645Z [212/1965] Building C object interpreter/CMakeFiles/rxbvm_core_objects.dir/rxpacallmethod.c.obj
2026-09-15T21:39:11.8123092Z [213/1965] Building C object lib/plugins/console/CMakeFiles/console.dir/rxconsole_core.c.obj
2026-09-15T21:39:12.1284489Z [214/1965] Building C object lib/plugins/console/CMakeFiles/console.dir/rxconsole_decode.c.obj
2026-09-15T21:39:12.9776120Z [215/1965] Building C object interpreter/CMakeFiles/rxbvm_core_objects.dir/rxpafuncs.c.obj
2026-09-15T21:39:13.4347136Z [216/1965] Building C object tests/rxpa/CMakeFiles/_cri17_attached.dir/cri17_attached_provider.c.obj
2026-09-15T21:39:13.4353640Z D:/a/CREXX/CREXX/tests/rxpa/cri17_attached_provider.c:73:1: warning: 'thread' attribute directive ignored [-Wattributes]
2026-09-15T21:39:13.4366680Z    73 | static CRI17_THREAD_LOCAL cri17_session *cri17_current_session;
2026-09-15T21:39:13.4373549Z       | ^~~~~~
2026-09-15T21:39:13.7444695Z [217/1965] Building C object interpreter/CMakeFiles/rxbvm_core_objects.dir/rxvml/rxvm_run.c.obj
2026-09-15T21:39:14.7839813Z [218/1965] Building C object tests/rxpa/CMakeFiles/_cri17_attached_static.dir/cri17_attached_provider.c.obj
2026-09-15T21:39:14.7865191Z D:/a/CREXX/CREXX/tests/rxpa/cri17_attached_provider.c:73:1: warning: 'thread' attribute directive ignored [-Wattributes]
2026-09-15T21:39:14.7866639Z    73 | static CRI17_THREAD_LOCAL cri17_session *cri17_current_session;
2026-09-15T21:39:14.7949261Z       | ^~~~~~
2026-09-15T21:39:15.0050486Z [219/1965] Linking C executable linker\rxlink_concat_files.exe
2026-09-15T21:39:16.3908225Z [220/1965] Building C object disassembler/CMakeFiles/rxdas.dir/rxdamain.c.obj
2026-09-15T21:39:17.7458520Z [221/1965] Building C object disassembler/CMakeFiles/rxdas.dir/rxdadism.c.obj
2026-09-15T21:39:17.9251026Z [222/1965] Building C object interpreter/CMakeFiles/mutate_retired_process_opcode.dir/tests/mutate_retired_process_opcode.c.obj
2026-09-15T21:39:18.1283815Z [223/1965] Linking C shared module bin\rx_e5native.rxplugin
2026-09-15T21:39:18.4123094Z [224/1965] Linking C shared module bin\rxconsole.rxplugin
2026-09-15T21:39:21.0923823Z [225/1965] Building C object lib/plugins/recv390/CMakeFiles/_recv390.dir/recv390.c.obj
2026-09-15T21:39:21.8712360Z [226/1965] Building C object lib/plugins/map/CMakeFiles/_map.dir/map.c.obj
2026-09-15T21:39:22.1303441Z [227/1965] Linking C shared module tests\rxpa\rx_cri17provider.rxplugin
2026-09-15T21:39:22.3653536Z [228/1965] Linking C static library tests\rx_cri17provider_static.a
2026-09-15T21:39:22.5151996Z [229/1965] Building C object tests/rxpa/CMakeFiles/_rxpa_callmethod_static.dir/rxpa_callmethod.c.obj
2026-09-15T21:39:22.6218514Z [230/1965] Building C object tests/rxpa/CMakeFiles/_rxpalink_decl.dir/rxpa_staticlink.c.obj
2026-09-15T21:39:22.8366068Z [231/1965] Building C object tests/rxpa/CMakeFiles/_testfuncs_static.dir/rxpa_functests.c.obj
2026-09-15T21:39:22.9166297Z [232/1965] Building C object compiler/exits/address/CMakeFiles/address_spawn_group_fixture.dir/address_spawn_group_fixture.c.obj
2026-09-15T21:39:23.1526866Z [233/1965] Linking C executable bin\rxdas.exe
2026-09-15T21:39:23.2993489Z [234/1965] Building C object disassembler/CMakeFiles/mutate_graph_rxbin.dir/tests/mutate_graph_rxbin.c.obj
2026-09-15T21:39:25.6122941Z [235/1965] Building C object interpreter/CMakeFiles/rxvm_platform_notls_objects.dir/rxvmsock.c.obj
2026-09-15T21:39:26.6588872Z [236/1965] Building C object interpreter/CMakeFiles/crexxsaa.dir/crexxsaa.c.obj
2026-09-15T21:39:26.8112888Z [237/1965] Building C object interpreter/CMakeFiles/rxpa_host_fixture_modern.dir/tests/rxpa_host_service_fixture.c.obj
2026-09-15T21:39:26.9194988Z [238/1965] Building C object interpreter/CMakeFiles/rxpa_host_fixture_old.dir/tests/rxpa_host_service_fixture.c.obj
2026-09-15T21:39:27.1344853Z [239/1965] Building C object interpreter/CMakeFiles/mutate_jtable_rxbin.dir/tests/mutate_jtable_rxbin.c.obj
2026-09-15T21:39:27.3614667Z [240/1965] Linking C executable interpreter\mutate_retired_process_opcode.exe
2026-09-15T21:39:28.6542545Z [241/1965] Building C object interpreter/CMakeFiles/_e5native_static.dir/tests/e5_native_return_plugin.c.obj
2026-09-15T21:39:28.7211280Z [242/1965] Assembling PERF3-13 E5 sparse progress fixture ...
2026-09-15T21:39:29.2457673Z [243/1965] Building C object interpreter/rxvmplugin/rxvmplugins/mc_decimal/CMakeFiles/mc_decimal.dir/mc_decimal.c.obj
2026-09-15T21:39:29.9881494Z [244/1965] Building C object interpreter/rxvmplugin/rxvmplugins/db_decimal/CMakeFiles/db_decimal_dynamic.dir/db_decimal.c.obj
2026-09-15T21:39:30.7601930Z [245/1965] Building C object interpreter/rxvmplugin/rxvmplugins/db_decimal/CMakeFiles/db_decimal_manual.dir/db_decimal.c.obj
2026-09-15T21:39:32.0017191Z [246/1965] Building C object lib/rxfnsb/tests_functional/CMakeFiles/address_argv_fixture.dir/address_argv_fixture.c.obj
2026-09-15T21:39:32.1556810Z [247/1965] Building C object lib/rxfnsb/tests_functional/CMakeFiles/address_spawn_transfer_fixture.dir/address_spawn_transfer_fixture.c.obj
2026-09-15T21:39:33.5198577Z [248/1965] Building C object lib/rxfnsb/tests_functional/CMakeFiles/linein_stdin_harness.dir/linein_stdin_harness.c.obj
2026-09-15T21:39:33.6381563Z [249/1965] Building C object lib/plugins/CMakeFiles/_rxpa_session_failure.dir/__/__/interpreter/tests/rxpa_session_failure_plugin.c.obj
2026-09-15T21:39:34.4796207Z [250/1965] Building C object lib/plugins/arrays/CMakeFiles/_arrays.dir/arrays.c.obj
2026-09-15T21:39:35.1218564Z [251/1965] Building C object lib/plugins/stats/CMakeFiles/stats.dir/rxstats.c.obj
2026-09-15T21:39:35.7432120Z [252/1965] Building C object lib/plugins/stats/CMakeFiles/stats_static.dir/rxstats.c.obj
2026-09-15T21:39:36.2500085Z [253/1965] Building C object lib/plugins/vector/CMakeFiles/vector.dir/rxvector.c.obj
2026-09-15T21:39:36.7675689Z [254/1965] Building C object lib/plugins/vector/CMakeFiles/vector_static.dir/rxvector.c.obj
2026-09-15T21:39:36.9758951Z [255/1965] Building C object lib/plugins/stack/CMakeFiles/_stack.dir/stack.c.obj
2026-09-15T21:39:37.2183670Z [256/1965] Building C object lib/plugins/stack/CMakeFiles/_stack_static.dir/stack.c.obj
2026-09-15T21:39:37.4198605Z [257/1965] Building C object lib/plugins/cipher/CMakeFiles/_cipher.dir/cipher.c.obj
2026-09-15T21:39:37.6070164Z [258/1965] Building C object lib/plugins/cipher/CMakeFiles/_cipher_static.dir/cipher.c.obj
2026-09-15T21:39:38.5460229Z [259/1965] Building C object lib/plugins/sqlite/CMakeFiles/sqlite_static.dir/rxsqlite.c.obj
2026-09-15T21:39:39.2471894Z [260/1965] Building C object lib/plugins/strings/CMakeFiles/_strings.dir/strings.c.obj
2026-09-15T21:39:40.5932032Z [261/1965] Building C object lib/plugins/getpi/CMakeFiles/_getpi.dir/getpi.c.obj
2026-09-15T21:39:42.3072037Z [262/1965] Building C object lib/plugins/id/CMakeFiles/id_static.dir/id.c.obj
2026-09-15T21:39:42.5133607Z [263/1965] Building C object lib/plugins/console/CMakeFiles/console_static.dir/rxconsole.c.obj
2026-09-15T21:39:43.9905603Z [264/1965] Building C object lib/plugins/console/CMakeFiles/console_static.dir/rxconsole_core.c.obj
2026-09-15T21:39:44.2814237Z [265/1965] Building C object lib/plugins/console/CMakeFiles/console_static.dir/rxconsole_decode.c.obj
2026-09-15T21:39:44.4893670Z [266/1965] Linking C shared module bin\rx_recv390.rxplugin
2026-09-15T21:39:44.6580688Z [267/1965] Linking C shared module bin\rx_map.rxplugin
2026-09-15T21:39:45.9217967Z [268/1965] Building C object lib/plugins/rxtcp/CMakeFiles/_rxtcp.dir/rxtcp.c.obj
2026-09-15T21:39:47.9867883Z [269/1965] Building C object lib/plugins/odbc/CMakeFiles/_odbc_mock.dir/odbc.c.obj
2026-09-15T21:39:49.4157303Z [270/1965] Building C object lib/plugins/odbc/CMakeFiles/_odbc_mock.dir/tests/mock_odbc.c.obj
2026-09-15T21:39:50.8425261Z [271/1965] Building C object tests/native_signals/CMakeFiles/signal_tester.dir/sigtest-windows.c.obj
2026-09-15T21:39:50.9826913Z [272/1965] Building C object tests/rxpa/CMakeFiles/_rcc_provider.dir/rcc_provider.c.obj
2026-09-15T21:39:51.0852561Z [273/1965] Building C object tests/rxpa/CMakeFiles/_rcc_provider_static.dir/rcc_provider.c.obj
2026-09-15T21:39:52.5038249Z [274/1965] Building C object tests/rxpa/CMakeFiles/_rxpa_objects.dir/rxpa_objects.c.obj
2026-09-15T21:39:53.9458233Z [275/1965] Building C object tests/rxpa/CMakeFiles/_rxpa_objects_static.dir/rxpa_objects.c.obj
2026-09-15T21:39:54.0515026Z [276/1965] Linking C static library tests\rx_rxpa_callmethod_static.a
2026-09-15T21:39:54.1545019Z [277/1965] Linking C static library tests\rx_rxpalink_decl.a
2026-09-15T21:39:54.2653727Z [278/1965] Building C object tests/rxpa/CMakeFiles/_rxpa_classdecl_static_decl.dir/rxpa_classdecl.c.obj
2026-09-15T21:39:54.3806499Z [279/1965] Building C object tests/rxpa/CMakeFiles/_rxpalink_static.dir/rxpa_staticlink.c.obj
2026-09-15T21:39:54.4811574Z [280/1965] Linking C static library tests\rx_testfuncs_static.a
2026-09-15T21:39:55.9274844Z [281/1965] Building C object tests/rxpa/CMakeFiles/funcvm.dir/__/__/interpreter/rxvmmain.c.obj
2026-09-15T21:39:56.1494984Z [282/1965] Building C object binutils/CMakeFiles/test_rxsha256.dir/tests/test_rxsha256.c.obj
2026-09-15T21:39:56.5615943Z [283/1965] Building C object binutils/CMakeFiles/test_rxgraph.dir/tests/test_rxgraph.c.obj
2026-09-15T21:39:56.7343354Z [284/1965] Building C object contract/CMakeFiles/crexx-contract.dir/contractmain.c.obj
2026-09-15T21:39:57.3661884Z [285/1965] Building C object contract/CMakeFiles/crexx-contract.dir/contract_model.c.obj
2026-09-15T21:39:57.6026988Z [286/1965] Building C object contract/CMakeFiles/crexx-contract.dir/contract_json.c.obj
2026-09-15T21:39:58.7226534Z [287/1965] Building C object contract/CMakeFiles/crexx-contract.dir/contract_compat.c.obj
2026-09-15T21:39:58.8579350Z [288/1965] Building C object compiler/tests/CMakeFiles/mutate_rxbin_feature.dir/mutate_rxbin_feature.c.obj
2026-09-15T21:39:58.9805930Z [289/1965] Building C object compiler/tests/CMakeFiles/test_rxvml_utf_boundaries.dir/src/test_rxvml_utf_boundaries.c.obj
2026-09-15T21:39:59.1861489Z [290/1965] Linking C executable bin\address_spawn_group_fixture.exe
2026-09-15T21:39:59.3473830Z [291/1965] Linking C executable disassembler\mutate_graph_rxbin.exe
2026-09-15T21:39:59.4979100Z [292/1965] Building C object interpreter/CMakeFiles/test_rxseqfile.dir/tests/test_rxseqfile.c.obj
2026-09-15T21:39:59.7733673Z [293/1965] Building C object interpreter/CMakeFiles/test_rxseqfile.dir/rxseqfile.c.obj
2026-09-15T21:40:01.1375370Z [294/1965] Building C object interpreter/CMakeFiles/rxbvm_instrumented.dir/rxvmmain.c.obj
2026-09-15T21:40:02.6064454Z [295/1965] Building C object interpreter/CMakeFiles/rxtvm_instrumented.dir/rxvmmain.c.obj
2026-09-15T21:40:02.7901902Z [296/1965] Building C object interpreter/CMakeFiles/test_rxcrexxcmd_flush.dir/tests/test_rxcrexxcmd_flush.c.obj
2026-09-15T21:40:03.9124958Z [297/1965] Building C object interpreter/CMakeFiles/crexxsaa_tool.dir/crexxsaa_tool.c.obj
2026-09-15T21:40:10.0193681Z [298/1965] Building C object interpreter/CMakeFiles/ts_regvalue_tester.dir/tests/ts_regvalue_tester.c.obj
2026-09-15T21:40:18.3752948Z [299/1965] Building C object interpreter/CMakeFiles/test_rxvmstem.dir/tests/test_rxvmstem.c.obj
2026-09-15T21:40:20.2896011Z [300/1965] Building C object interpreter/CMakeFiles/test_rxvmstem_allocator_family.dir/tests/test_rxvmstem_allocator_family.c.obj
2026-09-15T21:40:21.7562426Z [301/1965] Building C object interpreter/CMakeFiles/test_rxvmmemory.dir/tests/test_rxvmmemory.c.obj
2026-09-15T21:40:22.9932438Z [302/1965] Building C object interpreter/CMakeFiles/test_rxvmworker.dir/tests/test_rxvmworker.c.obj
2026-09-15T21:40:24.3024429Z [303/1965] Building C object interpreter/CMakeFiles/test_rxvmworker.dir/rxvmworker.c.obj
2026-09-15T21:40:24.6501445Z [304/1965] Building C object interpreter/CMakeFiles/test_rxvmchannel_registry.dir/tests/test_rxvmchannel_registry.c.obj
2026-09-15T21:40:25.9489651Z [305/1965] Building C object interpreter/CMakeFiles/test_rxvmbyteendpoint.dir/tests/test_rxvmbyteendpoint.c.obj
2026-09-15T21:40:26.9628016Z [306/1965] Building C object interpreter/CMakeFiles/test_rxvmchannel_byte.dir/tests/test_rxvmchannel_byte.c.obj
2026-09-15T21:40:28.3523178Z [307/1965] Building C object interpreter/CMakeFiles/test_rxvmchannel_lifetime.dir/tests/test_rxvmchannel_lifetime.c.obj
2026-09-15T21:40:29.7291940Z [308/1965] Building C object interpreter/CMakeFiles/test_rxvmactive.dir/tests/test_rxvmactive.c.obj
2026-09-15T21:40:31.0819501Z [309/1965] Building C object interpreter/CMakeFiles/test_rxvmplugin_context.dir/tests/test_rxvmplugin_context.c.obj
2026-09-15T21:40:31.3121795Z [310/1965] Building C object lib/plugins/sqlite/CMakeFiles/crexx_sqlite3_objects.dir/vendor/sqlite3.c.obj
2026-09-15T21:40:34.2398106Z [311/1965] Building C object interpreter/CMakeFiles/test_rxpa_concurrency.dir/tests/test_rxpa_concurrency.c.obj
2026-09-15T21:40:34.4050449Z [312/1965] Linking C shared module interpreter\rxpa_host_fixture_modern.rxplugin
2026-09-15T21:40:34.6860713Z [313/1965] Linking C shared module bin\rxsqlite.rxplugin
2026-09-15T21:40:34.8584480Z [314/1965] Linking C shared module interpreter\rxpa_host_fixture_old.rxplugin
2026-09-15T21:40:35.1461088Z [315/1965] Building C object interpreter/CMakeFiles/test_rxpa_host_services.dir/tests/test_rxpa_host_services.c.obj
2026-09-15T21:40:37.1099442Z [316/1965] Building C object interpreter/CMakeFiles/test_rxpa_odbc.dir/tests/test_rxpa_odbc.c.obj
2026-09-15T21:40:37.2693969Z [317/1965] Building C object interpreter/CMakeFiles/test_rxpa_odbc_old_host.dir/tests/test_rxpa_odbc_old_host.c.obj
2026-09-15T21:40:37.3871759Z [318/1965] Building C object interpreter/CMakeFiles/test_jtable_policy.dir/tests/test_jtable_policy.c.obj
2026-09-15T21:40:37.4758994Z [319/1965] Building C object interpreter/CMakeFiles/test_signal_mask.dir/tests/test_signal_mask.c.obj
2026-09-15T21:40:37.6734744Z [320/1965] Linking C executable interpreter\mutate_jtable_rxbin.exe
2026-09-15T21:40:38.0669835Z [321/1965] Building C object interpreter/CMakeFiles/test_rxpa_worker_startup.dir/tests/test_rxpa_worker_startup.c.obj
2026-09-15T21:40:39.0616137Z [322/1965] Building C object interpreter/CMakeFiles/test_rxpa_utf_validation.dir/tests/test_rxpa_utf_validation.c.obj
2026-09-15T21:40:39.2038662Z [323/1965] Building C object interpreter/CMakeFiles/test_rxpa_utf_validation.dir/rxpafuncs.c.obj
2026-09-15T21:40:39.2076371Z [324/1965] Building C object interpreter/CMakeFiles/test_rxpa_utf_validation.dir/rxvmactive.c.obj
2026-09-15T21:40:39.3034055Z [325/1965] Linking C static library interpreter\rx_e5native_static.a
2026-09-15T21:40:39.3238643Z [326/1965] cREXX RXAS jump-table corruption base (linear) ...
2026-09-15T21:40:39.3433393Z [327/1965] cREXX RXAS jump-table corruption base (openhash) ...
2026-09-15T21:40:39.3605227Z [328/1965] cREXX RXAS jump-table corruption base (acph) ...
2026-09-15T21:40:39.6855512Z [329/1965] Building C object interpreter/rxvmplugin/rxvmplugins/mc_decimal/CMakeFiles/decnumber_test.dir/decnumber_test.c.obj
2026-09-15T21:40:39.8190014Z [330/1965] Linking C static library bin\rxvm_mc_decimal.a
2026-09-15T21:40:40.2782026Z [331/1965] Building C object interpreter/rxvmplugin/rxvmplugins/mc_decimal/CMakeFiles/mc_decimal_test_harness.dir/mc_decimal_sanity_harness_test.c.obj
2026-09-15T21:40:40.5034912Z [332/1965] Building C object interpreter/CMakeFiles/test_rxpa_utf_validation.dir/rxvmworker.c.obj
2026-09-15T21:40:40.7676153Z [333/1965] Building C object interpreter/rxvmplugin/rxvmplugins/mc_decimal/CMakeFiles/mc_decimal_dyn_test_harness.dir/mc_decimal_sanity_harness_test.c.obj
2026-09-15T21:40:40.9902289Z [334/1965] Building C object interpreter/rxvmplugin/rxvmplugins/mc_decimal/CMakeFiles/mc_decimal_manual_test_harness.dir/mc_decimal_sanity_harness_test.c.obj
2026-09-15T21:40:41.1706694Z [335/1965] Linking C shared module bin\rxvm_db_decimal.rxvmplugin
2026-09-15T21:40:41.2743063Z [336/1965] Linking C static library bin\rxvm_db_decimal_manual.a
2026-09-15T21:40:42.6582604Z [337/1965] Building C object interpreter/rxvmplugin/rxvmplugins/mc_decimal/CMakeFiles/mc_decimal_full_tests.dir/mc_decimal_full_tests.c.obj
2026-09-15T21:40:42.7995906Z [338/1965] Linking C executable bin\address_argv_fixture.exe
2026-09-15T21:40:42.9518557Z [339/1965] Linking C executable bin\address_spawn_transfer_fixture.exe
2026-09-15T21:40:43.1232626Z [340/1965] Linking C executable bin\linein_stdin_harness.exe
2026-09-15T21:40:43.2547906Z [341/1965] Linking C shared module bin\rx_rxpa_session_failure.rxplugin
2026-09-15T21:40:43.4174441Z [342/1965] Linking C shared module bin\rx_arrays.rxplugin
2026-09-15T21:40:43.6896815Z [343/1965] Linking C shared module bin\rxstats.rxplugin
2026-09-15T21:40:43.7913899Z [344/1965] Building C object interpreter/rxvmplugin/rxvmplugins/db_decimal/CMakeFiles/db_decimal_tests.dir/db_decimal_tests.c.obj
2026-09-15T21:40:43.9945970Z [345/1965] Linking C static library bin\rxstats_static.a
2026-09-15T21:40:44.0553453Z [346/1965] Linking C shared module bin\rxvector.rxplugin
2026-09-15T21:40:44.2292466Z [347/1965] Linking C static library bin\rxvector_static.a
2026-09-15T21:40:44.2400690Z [348/1965] Linking C shared module bin\rx_stack.rxplugin
2026-09-15T21:40:44.3224369Z [349/1965] Linking C static library bin\rx_stack_static.a
2026-09-15T21:40:44.3917758Z [350/1965] Linking C shared module bin\rx_cipher.rxplugin
2026-09-15T21:40:44.4207100Z [351/1965] Linking C static library bin\rx_cipher_static.a
2026-09-15T21:40:44.6329495Z [352/1965] Linking C static library bin\rxsqlite_static.a
2026-09-15T21:40:44.8106506Z [353/1965] Linking C shared module bin\rx_strings.rxplugin
2026-09-15T21:40:44.9662637Z [354/1965] Linking C shared module bin\rx_getpi.rxplugin
2026-09-15T21:40:46.7386935Z [355/1965] Building C object lib/plugins/keyaccess/CMakeFiles/keyaccess_compact_failure_test.dir/keyaccess_compact_failure_test.c.obj
2026-09-15T21:40:46.9090817Z [356/1965] Building C object lib/plugins/sqlite/CMakeFiles/rxsqlite_thread_test.dir/tests/rxsqlite_thread_test.c.obj
2026-09-15T21:40:46.9864621Z [357/1965] Linking C static library bin\rxid_static.a
2026-09-15T21:40:47.1382401Z [358/1965] Linking C static library bin\rxconsole_static.a
2026-09-15T21:40:47.1700844Z [359/1965] Building C object lib/plugins/console/CMakeFiles/rxconsole_decoder_test.dir/tests/test_decoder.c.obj
2026-09-15T21:40:47.3364193Z [360/1965] Linking C shared module bin\rx_rxtcp.rxplugin
2026-09-15T21:40:47.4565129Z [361/1965] Building C object lib/plugins/console/CMakeFiles/rxconsole_decoder_test.dir/rxconsole_decode.c.obj
2026-09-15T21:40:47.4843092Z [362/1965] Linking C shared module lib\plugins\odbc\mock\rx_odbc.rxplugin
2026-09-15T21:40:47.6143970Z [363/1965] Building C object tests/CMakeFiles/test_rxinteger_contract.dir/test_rxinteger_contract.c.obj
2026-09-15T21:40:47.7330254Z [364/1965] Building C object tests/CMakeFiles/test_rxop_metadata.dir/__/binutils/include/opdata.c.obj
2026-09-15T21:40:48.1708177Z [365/1965] Building C object tests/CMakeFiles/test_rxop_metadata.dir/__/binutils/rxopmeta.c.obj
2026-09-15T21:40:48.5633174Z [366/1965] Building C object tests/CMakeFiles/test_rxop_metadata.dir/test_rxop_metadata.c.obj
2026-09-15T21:40:48.7231539Z [367/1965] Linking C executable tools\signal_tester.exe
2026-09-15T21:40:48.9540509Z [368/1965] Linking C shared module bin\rx_rcc_provider.rxplugin
2026-09-15T21:40:49.2075264Z [369/1965] Linking C static library tests\rx_rcc_provider_static.a
2026-09-15T21:40:49.4589343Z [370/1965] Linking C shared module tests\rxpa\rx_rxpa_objects.rxplugin
2026-09-15T21:40:49.7287145Z [371/1965] Linking C static library tests\rx_rxpa_objects_static.a
2026-09-15T21:40:50.5515412Z [372/1965] Building C object tests/CMakeFiles/test_rxas_flow_graph.dir/test_rxas_flow_graph.c.obj
2026-09-15T21:40:50.9835234Z [373/1965] Building C object tests/rxpa/CMakeFiles/objects_rxbvm.dir/__/__/interpreter/rxvmmain.c.obj
2026-09-15T21:40:51.0811122Z [374/1965] Linking C static library tests\rx_rxpa_classdecl_static_decl.a
2026-09-15T21:40:51.1713706Z [375/1965] Linking C static library tests\rx_rxpalink_static.a
2026-09-15T21:40:51.9598360Z [376/1965] Building C object tests/rxpa/CMakeFiles/objects_rxtvm.dir/__/__/interpreter/rxvmmain.c.obj
2026-09-15T21:40:52.1269668Z [377/1965] Linking C executable bin\test_rxsha256.exe
2026-09-15T21:40:52.2938605Z [378/1965] Linking C executable bin\test_rxgraph.exe
2026-09-15T21:40:52.4966661Z [379/1965] Linking C executable bin\crexx-contract.exe
2026-09-15T21:40:52.6245275Z [380/1965] Building C object tests/rxpa/CMakeFiles/testvm.dir/__/__/interpreter/rxvmmain.c.obj
2026-09-15T21:40:52.6669125Z [381/1965] Linking C executable compiler\tests\mutate_rxbin_feature.exe
2026-09-15T21:40:52.7964630Z [382/1965] Linking C executable bin\test_rxseqfile.exe
2026-09-15T21:40:52.8419134Z [383/1965] Linking C executable interpreter\ts_regvalue_tester.exe
2026-09-15T21:40:52.9854175Z [384/1965] Linking C executable interpreter\test_rxvmstem.exe
2026-09-15T21:40:53.0462636Z [385/1965] Linking C executable interpreter\test_rxvmstem_allocator_family.exe
2026-09-15T21:40:53.1527338Z [386/1965] Linking C executable interpreter\test_rxvmmemory.exe
2026-09-15T21:40:53.2178943Z [387/1965] Linking C executable interpreter\test_rxvmworker.exe
2026-09-15T21:40:53.3209994Z [388/1965] Linking C executable interpreter\test_rxpa_odbc_old_host.exe
2026-09-15T21:40:53.3826394Z [389/1965] Linking C executable interpreter\test_jtable_policy.exe
2026-09-15T21:40:53.5022018Z [390/1965] Linking C executable interpreter\test_signal_mask.exe
2026-09-15T21:40:53.5282202Z [391/1965] Mutating jump table rxasjtablecorruptalgorithm (algorithm) ...
2026-09-15T21:40:53.5494942Z [392/1965] Mutating jump table rxasjtablecorruptheader (header) ...
2026-09-15T21:40:53.5686972Z [393/1965] Mutating jump table rxasjtablecorruptlinearkey (linear-key-offset) ...
2026-09-15T21:40:53.5730825Z [394/1965] Linking C executable interpreter\test_rxpa_utf_validation.exe
2026-09-15T21:40:53.5881120Z [395/1965] Mutating jump table rxasjtablecorruptlineartarget (linear-target) ...
2026-09-15T21:40:53.5923580Z [396/1965] Mutating jump table rxasjtablecorruptopenslot (open-slot-offset) ...
2026-09-15T21:40:53.6090333Z [397/1965] Mutating jump table rxasjtablecorruptacphslot (acph-slot-kind) ...
2026-09-15T21:40:53.6124730Z [398/1965] Mutating jump table rxasjtablecorruptacphtarget (acph-target) ...
2026-09-15T21:40:53.7690523Z [399/1965] Linking C executable interpreter\rxvmplugin\rxvmplugins\mc_decimal\decnumber_test.exe
2026-09-15T21:40:53.7978852Z [400/1965] Linking C executable interpreter\rxvmplugin\rxvmplugins\mc_decimal\mc_decimal_test_harness.exe
2026-09-15T21:40:53.9932066Z [401/1965] Linking C executable interpreter\rxvmplugin\rxvmplugins\mc_decimal\mc_decimal_dyn_test_harness.exe
2026-09-15T21:40:54.0225599Z [402/1965] Linking C executable interpreter\rxvmplugin\rxvmplugins\mc_decimal\mc_decimal_manual_test_harness.exe
2026-09-15T21:40:54.2018539Z [403/1965] Linking C executable interpreter\rxvmplugin\rxvmplugins\mc_decimal\mc_decimal_full_tests.exe
2026-09-15T21:40:54.2688778Z [404/1965] Linking C executable interpreter\rxvmplugin\rxvmplugins\db_decimal\db_decimal_tests.exe
2026-09-15T21:40:54.3991077Z [405/1965] Linking C executable lib\plugins\sqlite\rxsqlite_thread_test.exe
2026-09-15T21:40:54.4396628Z [406/1965] Linking C executable lib\plugins\keyaccess\keyaccess_compact_failure_test.exe
2026-09-15T21:40:54.5933408Z [407/1965] Linking C executable bin\rxconsole_decoder_test.exe
2026-09-15T21:40:54.6000976Z [408/1965] Linking C executable tests\test_rxinteger_contract.exe
2026-09-15T21:40:54.7616248Z [409/1965] Linking C executable tests\test_rxop_metadata.exe
2026-09-15T21:40:54.7884148Z [410/1965] Linking C executable tests\test_rxas_flow_graph.exe
2026-09-15T21:41:56.3364999Z [411/1965] Building C object interpreter/CMakeFiles/rxbvm_core_objects.dir/rxvmintp.c.obj
2026-09-15T21:41:56.4994837Z [412/1965] Linking C static library bin\librxbvml.a
2026-09-15T21:41:56.5232207Z [413/1965] Create Options Parser...
2026-09-15T21:41:56.6272654Z [414/1965] Linking C executable bin\rxbvm.exe
2026-09-15T21:41:57.1920718Z [415/1965] Create Options Lexer...
2026-09-15T21:41:57.4165599Z [416/1965] Create REXX B Parser...
2026-09-15T21:41:57.6649606Z [417/1965] Building C object interpreter/CMakeFiles/rxtvm_core_objects.dir/rxvmworker.c.obj
2026-09-15T21:41:57.6816816Z [418/1965] Create REXX C Parser...
2026-09-15T21:41:59.2165364Z [419/1965] Create REXX C Lexer...
2026-09-15T21:41:59.2795913Z [420/1965] Building C object interpreter/CMakeFiles/rxtvm_core_objects.dir/rxvmprogram.c.obj
2026-09-15T21:41:59.4647911Z [421/1965] Linking C executable tests\objects_rxbvm.exe
2026-09-15T21:42:02.2600409Z [422/1965] Building C object interpreter/CMakeFiles/rxtvm_core_objects.dir/rxvmexecutor.c.obj
2026-09-15T21:42:05.1327403Z [423/1965] Building C object interpreter/CMakeFiles/rxtvm_core_objects.dir/rxvmchannel.c.obj
2026-09-15T21:42:06.8770464Z [424/1965] Building C object interpreter/CMakeFiles/rxtvm_core_objects.dir/rxvmchannel_process.c.obj
2026-09-15T21:42:07.0080650Z [425/1965] Building C object interpreter/CMakeFiles/rxtvm_core_objects.dir/rxvmprocessprotocol.c.obj
2026-09-15T21:42:08.2192355Z [426/1965] Building C object interpreter/CMakeFiles/rxtvm_core_objects.dir/rxvmprocessworker.c.obj
2026-09-15T21:42:09.3921389Z [427/1965] Building C object interpreter/CMakeFiles/rxtvm_core_objects.dir/rxvmbyteendpoint.c.obj
2026-09-15T21:42:10.8350140Z [428/1965] Building C object interpreter/CMakeFiles/rxtvm_core_objects.dir/rxvmchannel_byte.c.obj
2026-09-15T21:42:12.5358248Z [429/1965] Building C object interpreter/CMakeFiles/rxtvm_core_objects.dir/rxvmchannel_child.c.obj
2026-09-15T21:42:12.6449783Z [430/1965] Building C object interpreter/CMakeFiles/rxtvm_core_objects.dir/rxvmactive.c.obj
2026-09-15T21:42:15.1329105Z [431/1965] Building C object interpreter/CMakeFiles/rxtvm_core_objects.dir/rxvmload.c.obj
2026-09-15T21:42:16.2987298Z [432/1965] Building C object interpreter/CMakeFiles/rxtvm_core_objects.dir/interrupt.c.obj
2026-09-15T21:42:19.5396905Z [433/1965] Building C object interpreter/CMakeFiles/rxtvm_core_objects.dir/rxspawn.c.obj
2026-09-15T21:42:21.8456456Z [434/1965] Building C object interpreter/CMakeFiles/rxtvm_core_objects.dir/rxcrexxcmd.c.obj
2026-09-15T21:42:21.9728910Z [435/1965] Building C object interpreter/CMakeFiles/rxtvm_core_objects.dir/exitfunc.c.obj
2026-09-15T21:42:22.4210510Z [436/1965] Building C object interpreter/CMakeFiles/rxtvm_core_objects.dir/rxpacallmethod.c.obj
2026-09-15T21:42:23.3384011Z [437/1965] Building C object interpreter/CMakeFiles/rxtvm_core_objects.dir/rxpafuncs.c.obj
2026-09-15T21:42:23.9456854Z [438/1965] Building C object interpreter/CMakeFiles/rxtvm_core_objects.dir/rxvml/rxvm_run.c.obj
2026-09-15T21:42:25.3601057Z [439/1965] Create REXX B Lexer...
2026-09-15T21:42:25.8938030Z [440/1965] Building C object compiler/CMakeFiles/rxclib.dir/rxcpmain.c.obj
2026-09-15T21:42:26.3418406Z [441/1965] Building C object compiler/CMakeFiles/rxclib.dir/rxcp_ast_print.c.obj
2026-09-15T21:42:26.5287741Z [442/1965] Building C object compiler/CMakeFiles/rxclib.dir/rxcp_ast_walk.c.obj
2026-09-15T21:42:27.2363377Z [443/1965] Building C object compiler/CMakeFiles/rxclib.dir/rxcp_ast_core.c.obj
2026-09-15T21:42:27.4011681Z [444/1965] Building C object compiler/CMakeFiles/rxclib.dir/rxcp_util.c.obj
2026-09-15T21:42:27.6239538Z [445/1965] Building C object compiler/CMakeFiles/rxclib.dir/rxcp_diag_fallback.c.obj
2026-09-15T21:42:27.7009234Z [446/1965] Building C object compiler/CMakeFiles/rxclib.dir/rxcp_dsl.c.obj
2026-09-15T21:42:27.7781103Z [447/1965] Building C object compiler/CMakeFiles/rxclib.dir/rxcp_highlight_controller.c.obj
2026-09-15T21:42:28.0416148Z [448/1965] Building C object compiler/CMakeFiles/rxclib.dir/rxcp_diag.c.obj
2026-09-15T21:42:28.1510171Z [449/1965] Building C object interpreter/CMakeFiles/rxtvm_core_objects.dir/rxvmintp.c.obj
2026-09-15T21:42:28.6566514Z [450/1965] Building C object compiler/CMakeFiles/rxclib.dir/rxcp_source_tree.c.obj
2026-09-15T21:42:28.6822164Z [451/1965] Building C object compiler/CMakeFiles/rxclib.dir/rxcp_source_ext.c.obj
2026-09-15T21:42:29.2667835Z [452/1965] Building C object compiler/CMakeFiles/rxclib.dir/rxcp_srcmap.c.obj
2026-09-15T21:42:29.2727949Z [453/1965] Building C object compiler/CMakeFiles/rxclib.dir/rxcpopgr.c.obj
2026-09-15T21:42:29.5864707Z [454/1965] Building C object compiler/CMakeFiles/rxclib.dir/rxcpopar.c.obj
2026-09-15T21:42:30.4061514Z [455/1965] Building C object compiler/CMakeFiles/rxclib.dir/rxcposcn.c.obj
2026-09-15T21:42:30.7776155Z [456/1965] Building C object compiler/CMakeFiles/rxclib.dir/rxcpbpar.c.obj
2026-09-15T21:42:31.2753471Z [457/1965] Building C object compiler/CMakeFiles/rxclib.dir/rxcpbgmr.c.obj
2026-09-15T21:42:32.5006823Z [458/1965] Building C object compiler/CMakeFiles/rxclib.dir/rxcpcgmr.c.obj
2026-09-15T21:42:33.1166782Z [459/1965] Building C object compiler/CMakeFiles/rxclib.dir/rexcscan.c.obj
2026-09-15T21:42:33.7237155Z [460/1965] Building C object compiler/CMakeFiles/rxclib.dir/rxcpcpar.c.obj
2026-09-15T21:42:33.9108680Z [461/1965] Building C object compiler/CMakeFiles/rxclib.dir/rxcpcsym.c.obj
2026-09-15T21:42:34.1559027Z [462/1965] Building C object compiler/CMakeFiles/rxclib.dir/rxcpcval.c.obj
2026-09-15T21:42:34.2660478Z [463/1965] Building C object compiler/CMakeFiles/rxclib.dir/rxcpcdiag.c.obj
2026-09-15T21:42:35.3294370Z [464/1965] Building C object compiler/CMakeFiles/rxclib.dir/rxcp_val_sym.c.obj
2026-09-15T21:42:35.8913147Z [465/1965] Building C object compiler/CMakeFiles/rxclib.dir/rxcp_val_trans.c.obj
2026-09-15T21:42:36.2078136Z [466/1965] Building C object compiler/CMakeFiles/rxclib.dir/rxcp_val_type.c.obj
2026-09-15T21:42:36.2352778Z [467/1965] Building C object compiler/CMakeFiles/rxclib.dir/rxcp_ast_rewrite.c.obj
2026-09-15T21:42:36.4789843Z [468/1965] Building C object compiler/CMakeFiles/rxclib.dir/rxcp_val_plugin.c.obj
2026-09-15T21:42:37.3427243Z [469/1965] Building C object compiler/CMakeFiles/rxclib.dir/rxcp_val_check.c.obj
2026-09-15T21:42:38.2516043Z [470/1965] Building C object compiler/CMakeFiles/rxclib.dir/rxcp_val_orch.c.obj
2026-09-15T21:42:38.4455075Z [471/1965] Building C object compiler/CMakeFiles/rxclib.dir/rxcp_fixup.c.obj
2026-09-15T21:42:38.7102701Z [472/1965] Building C object compiler/CMakeFiles/rxclib.dir/rxcp_ast_val.c.obj
2026-09-15T21:42:39.0476406Z [473/1965] Building C object compiler/CMakeFiles/rxclib.dir/rxcp_remap.c.obj
2026-09-15T21:42:39.6561979Z [474/1965] Building C object compiler/CMakeFiles/rxclib.dir/rxcpsymb.c.obj
2026-09-15T21:42:40.0957134Z [475/1965] Building C object compiler/CMakeFiles/rxclib.dir/rxcp_remap_build.c.obj
2026-09-15T21:42:41.1976599Z [476/1965] Building C object compiler/CMakeFiles/rxclib.dir/rxcp_levelc_lower.c.obj
2026-09-15T21:42:41.3802031Z [477/1965] Building C object compiler/CMakeFiles/rxclib.dir/rxcp_task_lower.c.obj
2026-09-15T21:42:41.7391012Z [478/1965] Building C object compiler/CMakeFiles/rxclib.dir/rxcp_inline_rules.c.obj
2026-09-15T21:42:42.6448361Z [479/1965] Building C object compiler/CMakeFiles/rxclib.dir/rxcpemit.c.obj
2026-09-15T21:42:43.5404565Z [480/1965] Building C object compiler/CMakeFiles/rxclib.dir/rxcp_emit_core.c.obj
2026-09-15T21:42:44.6228471Z [481/1965] Building C object compiler/CMakeFiles/rxclib.dir/rxcp_emit_super.c.obj
2026-09-15T21:42:46.1491943Z [482/1965] Building C object compiler/CMakeFiles/rxclib.dir/rxcp_emit_reg.c.obj
2026-09-15T21:42:47.6566815Z [483/1965] Building C object compiler/CMakeFiles/rxclib.dir/rxcp_emit_expr.c.obj
2026-09-15T21:42:48.2264516Z [484/1965] Building C object compiler/CMakeFiles/rxclib.dir/rxcp_inline.c.obj
2026-09-15T21:42:49.0663706Z [485/1965] Building C object compiler/CMakeFiles/rxclib.dir/rxcp_emit_flow.c.obj
2026-09-15T21:42:49.1189621Z [486/1965] Building C object compiler/CMakeFiles/rxclib.dir/rxcp_emit_proc.c.obj
2026-09-15T21:42:49.5662095Z [487/1965] Building C object compiler/CMakeFiles/rxclib.dir/rxcp_emit_meta.c.obj
2026-09-15T21:42:51.4016680Z [488/1965] Building C object compiler/CMakeFiles/rxclib.dir/rxcp_partial_call.c.obj
2026-09-15T21:42:51.8495342Z [489/1965] Building C object compiler/CMakeFiles/rxclib.dir/rxcp_opt.c.obj
2026-09-15T21:42:52.4820608Z [490/1965] Building C object compiler/CMakeFiles/rxclib.dir/rxcp_dispatch.c.obj
2026-09-15T21:42:53.4214030Z [491/1965] Building C object compiler/CMakeFiles/rxclib.dir/rxcp_flow.c.obj
2026-09-15T21:42:53.5470984Z [492/1965] Building C object compiler/CMakeFiles/rxclib.dir/__/platform/rxinteger.c.obj
2026-09-15T21:42:54.1942667Z [493/1965] Building C object compiler/CMakeFiles/rxclib.dir/__/platform/platform.c.obj
2026-09-15T21:42:54.7223806Z [494/1965] Building C object compiler/CMakeFiles/rxclib.dir/rxcp_import_report.c.obj
2026-09-15T21:42:55.0288908Z [495/1965] Building C object compiler/CMakeFiles/rxclib.dir/rxcp_project_dependencies.c.obj
2026-09-15T21:42:56.1114492Z [496/1965] Building C object compiler/CMakeFiles/rxclib.dir/rxcp_import_publish.c.obj
2026-09-15T21:42:56.4710136Z [497/1965] Building C object compiler/CMakeFiles/rxclib.dir/rxcpfunc.c.obj
2026-09-15T21:42:56.6443448Z [498/1965] Building C object compiler/CMakeFiles/rxclib.dir/rxcp_instr.c.obj
2026-09-15T21:42:56.7415464Z [499/1965] Building C object compiler/CMakeFiles/rxc.dir/rxc_main.c.obj
2026-09-15T21:42:56.9451466Z [500/1965] Linking C static library bin\librxvml.a
2026-09-15T21:42:57.2310106Z [501/1965] Linking C executable bin\rxtvm.exe
2026-09-15T21:42:57.2893515Z [502/1965] Creating rxvm copy of rxtvm
2026-09-15T21:42:57.3085614Z [503/1965] cREXX RXLINK fixture tests_link_root ...
2026-09-15T21:42:57.3274977Z [504/1965] cREXX RXLINK fixture tests_link_provider_a ...
2026-09-15T21:42:57.3464819Z [505/1965] cREXX RXLINK fixture tests_link_interface_root ...
2026-09-15T21:42:57.3657641Z [506/1965] cREXX RXLINK fixture tests_link_interface_impl ...
2026-09-15T21:42:57.3872655Z [507/1965] cREXX RXLINK success fixture ...
2026-09-15T21:42:57.4097073Z [508/1965] cREXX RXLINK interface fixture ...
2026-09-15T21:42:57.4505417Z [509/1965] cREXX RXLINK inline-metadata fixture ...
2026-09-15T21:42:57.6587536Z [510/1965] cREXX RXLINK stripped fixture ...
2026-09-15T21:42:57.6846108Z [511/1965] cREXX RXLINK record-stream concat fixture ...
2026-09-15T21:42:57.7064061Z [512/1965] cREXX RXAS Float Constant Pool Tests ...
2026-09-15T21:42:57.7285121Z [513/1965] cREXX RXBIN 007 portable-format tests ...
2026-09-15T21:42:57.7794429Z [514/1965] Assembling Gate F F1e process channel fixture ...
2026-09-15T21:42:58.1000685Z [515/1965] Building C object compiler/tests/CMakeFiles/test_project_dependencies.dir/test_project_dependencies.c.obj
2026-09-15T21:42:58.1090357Z [516/1965] Building C object compiler/CMakeFiles/rxclib.dir/rxcp_exit.c.obj
2026-09-15T21:42:58.2535174Z [517/1965] Building C object compiler/tests/CMakeFiles/test_rxcp_super_combiner.dir/test_rxcp_super_combiner.c.obj
2026-09-15T21:42:58.3553093Z [518/1965] Building C object compiler/tests/CMakeFiles/test_import_resolution_report.dir/test_import_resolution_report.c.obj
2026-09-15T21:42:58.4380511Z [519/1965] cREXX RXLINK fixture tests_link_provider_b ...
2026-09-15T21:42:58.4599044Z [520/1965] cREXX RXLINK fixture tests_link_srcfproc_root ...
2026-09-15T21:42:58.4815535Z [521/1965] cREXX RXLINK fixture tests_link_srcfproc_contract ...
2026-09-15T21:42:58.5012393Z [522/1965] Building C object compiler/tests/CMakeFiles/test_source_provenance.dir/src/test_source_provenance.c.obj
2026-09-15T21:42:58.5045102Z [523/1965] cREXX RXLINK fixture tests_link_srcmethod_root ...
2026-09-15T21:42:58.5209627Z [524/1965] cREXX RXLINK fixture tests_link_srcmethod_provider ...
2026-09-15T21:42:58.8217160Z [525/1965] Building C object linker/CMakeFiles/test_linked_format.dir/tests/test_linked_format.c.obj
2026-09-15T21:42:58.8836944Z [526/1965] Building C object disassembler/CMakeFiles/test_disassembler_dump.dir/tests/test_disassembler_dump.c.obj
2026-09-15T21:42:58.9052777Z [527/1965] cREXX RXDAS roundtrip fixture tests_compact_format ...
2026-09-15T21:42:59.4444620Z [528/1965] Building C object compiler/CMakeFiles/rxclib.dir/rexbscan.c.obj
2026-09-15T21:42:59.7013872Z [529/1965] Linking C shared library bin\libcrexxsaa.dll
2026-09-15T21:42:59.9377269Z [530/1965] Linking C static library bin\librxclib.a
2026-09-15T21:43:00.1026537Z [531/1965] Building C object interpreter/CMakeFiles/test_float_pool_format.dir/tests/test_float_pool_format.c.obj
2026-09-15T21:43:00.1599756Z [532/1965] Building C object disassembler/CMakeFiles/test_disassembler_dump.dir/rxdadism.c.obj
2026-09-15T21:43:00.3464017Z [533/1965] Building C object interpreter/CMakeFiles/rxbvm_instrumented_core_objects.dir/rxvmworker.c.obj
2026-09-15T21:43:00.4865069Z [534/1965] Building C object interpreter/CMakeFiles/test_compact_format.dir/tests/test_compact_format.c.obj
2026-09-15T21:43:00.4948788Z [535/1965] Building C object interpreter/CMakeFiles/test_rxvmchannel_process.dir/tests/test_rxvmchannel_process.c.obj
2026-09-15T21:43:00.5068830Z [536/1965] Assembling retired process-opcode base fixture ...
2026-09-15T21:43:00.6037684Z [537/1965] Building C object tests/rxpa/CMakeFiles/_rxpa_invalid_manifest.dir/rxpa_invalid_manifest.c.obj
2026-09-15T21:43:00.7721492Z [538/1965] Linking C executable tests\funcvm.exe
2026-09-15T21:43:00.8608296Z [539/1965] Linking C executable compiler\tests\test_rxvml_utf_boundaries.exe
2026-09-15T21:43:01.0961786Z [540/1965] Linking C executable bin\rxc.exe
2026-09-15T21:43:01.1507629Z [541/1965] Linking C executable compiler\tests\test_project_dependencies.exe
2026-09-15T21:43:01.4552492Z [542/1965] Building token.rxbin
2026-09-15T21:43:01.7951923Z [543/1965] Building C object compiler/tests/CMakeFiles/crexx_test_driver.dir/src/test_driver.c.obj
2026-09-15T21:43:01.9487717Z [544/1965] Building C object interpreter/CMakeFiles/rxbvm_instrumented_core_objects.dir/rxvmprogram.c.obj
2026-09-15T21:43:02.0721033Z [545/1965] Linking C executable compiler\tests\test_import_resolution_report.exe
2026-09-15T21:43:02.2366680Z [546/1965] Linking C executable compiler\tests\crexx_test_driver.exe
2026-09-15T21:43:02.5589490Z [547/1965] Linking C executable compiler\tests\test_rxcp_super_combiner.exe
2026-09-15T21:43:02.8469911Z [548/1965] Linking C executable compiler\tests\test_source_provenance.exe
2026-09-15T21:43:03.1056574Z [549/1965] Linking C executable linker\test_linked_format.exe
2026-09-15T21:43:03.1268074Z [550/1965] cREXX RXLINK fixture tests_link_signature_bad_impl ...
2026-09-15T21:43:03.1474484Z [551/1965] cREXX RXLINK control-file fixture ...
2026-09-15T21:43:03.1671439Z [552/1965] cREXX RXLINK srcfprocsel fixture ...
2026-09-15T21:43:03.1834243Z [553/1965] cREXX RXLINK srcmethodsel fixture ...
2026-09-15T21:43:03.4119731Z [554/1965] Linking C executable disassembler\test_disassembler_dump.exe
2026-09-15T21:43:03.4362889Z [555/1965] cREXX RXDAS roundtrip fixture tests_basic ...
2026-09-15T21:43:03.4649807Z [556/1965] cREXX RXDAS roundtrip fixture tests_int_contract ...
2026-09-15T21:43:03.4862179Z [557/1965] cREXX RXDAS roundtrip fixture tests_float_pool ...
2026-09-15T21:43:03.5085314Z [558/1965] cREXX RXDAS roundtrip fixture tests_wide_operands ...
2026-09-15T21:43:03.5320451Z [559/1965] cREXX RXDAS invalid semantic-graph fixture ...
2026-09-15T21:43:03.6108456Z [560/1965] cREXX RXDAS roundtrip fixture tests_interfaces ...
2026-09-15T21:43:03.6321075Z [561/1965] cREXX RXDAS roundtrip fixture tests_disassembler_roundtrip ...
2026-09-15T21:43:03.6523527Z [562/1965] cREXX RXDAS roundtrip fixture tests_disassembler_imported ...
2026-09-15T21:43:03.6999582Z [563/1965] cREXX RXDAS roundtrip fixture tests_binary ...
2026-09-15T21:43:03.7202457Z [564/1965] cREXX RXDAS roundtrip fixture tests_rxdas_large_binary ...
2026-09-15T21:43:03.7490205Z [565/1965] cREXX RXDAS roundtrip fixture tests_jump_table ...
2026-09-15T21:43:03.7723679Z [566/1965] cREXX compile and assemble _address ...
2026-09-15T21:43:03.7767841Z [567/1965] cREXX RXDAS roundtrip fixture tests_jump_table_hash_edges ...
2026-09-15T21:43:03.8064533Z [568/1965] cREXX RXDAS roundtrip fixture tests_jump_table_rexx_strings ...
2026-09-15T21:43:04.0056197Z [569/1965] Linking C executable bin\test_rxcrexxcmd_flush.exe
2026-09-15T21:43:04.1757943Z [570/1965] Linking C executable bin\crexxsaa.exe
2026-09-15T21:43:04.4996669Z [571/1965] Linking C executable interpreter\test_rxvmchannel_registry.exe
2026-09-15T21:43:04.7374259Z [572/1965] cREXX compile and assemble _rxsystem ...
2026-09-15T21:43:04.8418936Z [573/1965] Linking C executable interpreter\test_rxvmchannel_process.exe
2026-09-15T21:43:05.0405115Z [574/1965] Linking C executable interpreter\test_rxvmbyteendpoint.exe
2026-09-15T21:43:05.2825952Z [575/1965] Linking C executable interpreter\test_rxvmchannel_byte.exe
2026-09-15T21:43:05.4192228Z [576/1965] Building C object interpreter/CMakeFiles/rxbvm_instrumented_core_objects.dir/rxvmexecutor.c.obj
2026-09-15T21:43:05.5211670Z [577/1965] Linking C executable interpreter\test_rxvmchannel_lifetime.exe
2026-09-15T21:43:05.6645979Z [578/1965] cREXX compile and assemble _jdn ...
2026-09-15T21:43:05.7973328Z [579/1965] Linking C executable interpreter\test_rxvmactive.exe
2026-09-15T21:43:06.0495056Z [580/1965] Linking C executable interpreter\test_rxvmplugin_context.exe
2026-09-15T21:43:06.3567421Z [581/1965] Linking C executable interpreter\test_rxpa_concurrency.exe
2026-09-15T21:43:06.6244989Z [582/1965] Linking C executable interpreter\test_rxpa_host_services.exe
2026-09-15T21:43:06.6983380Z [583/1965] cREXX compile and assemble _datei ...
2026-09-15T21:43:06.9107422Z [584/1965] Linking C executable interpreter\test_rxpa_worker_startup.exe
2026-09-15T21:43:07.1680285Z [585/1965] Linking C executable interpreter\test_rxpa_odbc.exe
2026-09-15T21:43:07.3426906Z [586/1965] Linking C executable interpreter\test_float_pool_format.exe
2026-09-15T21:43:07.5531588Z [587/1965] Linking C executable interpreter\test_compact_format.exe
2026-09-15T21:43:07.5770790Z [588/1965] cREXX RXAS Instruction Tests (raise uncaptured signal) ...
2026-09-15T21:43:07.5982290Z [589/1965] cREXX RXAS Instruction Tests (fallback panic source reporting) ...
2026-09-15T21:43:07.6176790Z [590/1965] cREXX RXAS Instruction Tests (breakpoint address reporting) ...
2026-09-15T21:43:07.6215086Z [591/1965] cREXX compile and assemble _dateo ...
2026-09-15T21:43:07.6509144Z [592/1965] cREXX RXAS Instruction Tests (register flag partitioning) ...
2026-09-15T21:43:07.6793566Z [593/1965] cREXX RXAS Instruction Tests (UTF flag cache) ...
2026-09-15T21:43:07.7177920Z [594/1965] cREXX RXAS Instruction Tests (attribute bulk insert/delete) ...
2026-09-15T21:43:07.7738163Z [595/1965] cREXX RXAS Instruction Tests (reference value instructions) ...
2026-09-15T21:43:07.8035343Z [596/1965] cREXX RXAS Instruction Tests (PERF2-02 direct reference guards) ...
2026-09-15T21:43:07.8308803Z [597/1965] cREXX RXAS Instruction Tests (PERF2-05 partial reference materialization) ...
2026-09-15T21:43:07.8607735Z [598/1965] cREXX RXAS Instruction Tests (PERF2-05 exact reference relink) ...
2026-09-15T21:43:07.8812474Z [599/1965] cREXX RXAS Instruction Tests (object initialization lifecycle instructions) ...
2026-09-15T21:43:07.9050613Z [600/1965] cREXX RXAS Instruction Tests (signal call argument attributes) ...
2026-09-15T21:43:07.9264358Z [601/1965] cREXX RXAS Instruction Tests (signal handler response modes) ...
2026-09-15T21:43:07.9512262Z [602/1965] cREXX RXAS Instruction Tests (signal call-window mapping unwind) ...
2026-09-15T21:43:07.9718522Z [603/1965] cREXX RXAS Instruction Tests (signal mask boundary handling) ...
2026-09-15T21:43:08.0404935Z [604/1965] cREXX RXAS Instruction Tests (signal silent halt response) ...
2026-09-15T21:43:08.0642967Z [605/1965] cREXX RXAS Instruction Tests (signal frame handler table scope) ...
2026-09-15T21:43:08.0862132Z [606/1965] cREXX RXAS Instruction Tests (nested pending signal delivery) ...
2026-09-15T21:43:08.1068835Z [607/1965] cREXX RXAS Instruction Tests (action-aware signal handlers) ...
2026-09-15T21:43:08.1275560Z [608/1965] cREXX RXAS Instruction Tests (retired signal retry marker) ...
2026-09-15T21:43:08.1502023Z [609/1965] cREXX RXAS Instruction Tests (signal handler push/pop scope) ...
2026-09-15T21:43:08.1718318Z [610/1965] cREXX RXAS Instruction Tests (signal branch with bound value) ...
2026-09-15T21:43:08.2204272Z [611/1965] cREXX RXAS Instruction Tests (NR-09 large instructions) ...
2026-09-15T21:43:08.2482538Z [612/1965] cREXX RXAS Basic Instruction Tests ...
2026-09-15T21:43:08.2804203Z [613/1965] cREXX RXAS Integer Math Instruction Tests ...
2026-09-15T21:43:08.3059636Z [614/1965] cREXX RXAS Instruction Tests (signed 64-bit integer contract) ...
2026-09-15T21:43:08.3329797Z [615/1965] cREXX RXAS Float Math Instruction Tests ...
2026-09-15T21:43:08.3925253Z [616/1965] cREXX RXAS String Instruction Tests ...
2026-09-15T21:43:08.4149905Z [617/1965] cREXX compile and assemble _ftrunc ...
2026-09-15T21:43:08.4393764Z [618/1965] cREXX RXAS Logic and Flow Instruction Tests ...
2026-09-15T21:43:08.4663938Z [619/1965] cREXX RXAS System and I/O Instruction Tests ...
2026-09-15T21:43:08.5138177Z [620/1965] cREXX RXAS Instruction Tests (binary buffer and I/O) ...
2026-09-15T21:43:08.5842526Z [621/1965] cREXX RXAS Instruction Tests (typed binary memory operations) ...
2026-09-15T21:43:08.7253648Z [622/1965] Assembling Gate F F1c local channel fixture ...
2026-09-15T21:43:08.7489477Z [623/1965] Injecting retired process opcode 466 into stale RXBIN fixture ...
2026-09-15T21:43:08.7691540Z [624/1965] Injecting retired process opcode 467 into stale RXBIN fixture ...
2026-09-15T21:43:08.7890364Z [625/1965] Injecting retired process opcode 468 into stale RXBIN fixture ...
2026-09-15T21:43:08.8071853Z [626/1965] Injecting retired process opcode 469 into stale RXBIN fixture ...
2026-09-15T21:43:08.8256469Z [627/1965] Injecting retired process opcode 470 into stale RXBIN fixture ...
2026-09-15T21:43:08.8312642Z [628/1965] Building C object interpreter/CMakeFiles/rxbvm_instrumented_core_objects.dir/rxvmchannel.c.obj
2026-09-15T21:43:08.8454986Z [629/1965] Injecting retired process opcode 471 into stale RXBIN fixture ...
2026-09-15T21:43:08.8728744Z [630/1965] cREXX RXAS Instruction Tests (linear jump table dispatch) ...
2026-09-15T21:43:08.9102797Z [631/1965] cREXX RXAS Instruction Tests (linear jump table source matrix) ...
2026-09-15T21:43:08.9474605Z [632/1965] cREXX RXAS Instruction Tests (openhash jump table source matrix) ...
2026-09-15T21:43:08.9842927Z [633/1965] cREXX RXAS Instruction Tests (acph jump table source matrix) ...
2026-09-15T21:43:09.0188145Z [634/1965] cREXX RXAS Instruction Tests (auto jump table source matrix) ...
2026-09-15T21:43:09.0456780Z [635/1965] cREXX RXAS Instruction Tests (open-hash and ACPH jump table edge cases) ...
2026-09-15T21:43:09.0700514Z [636/1965] cREXX RXAS Instruction Tests (auto jump table policy paths) ...
2026-09-15T21:43:09.1372618Z [637/1965] cREXX RXAS Instruction Tests (Rexx padded and numeric string jump tables) ...
2026-09-15T21:43:09.1593012Z [638/1965] cREXX RXAS Instruction Tests (jump table syntax and value boundaries) ...
2026-09-15T21:43:09.1929445Z [639/1965] cREXX compile and assemble _itrunc ...
2026-09-15T21:43:09.2013440Z [640/1965] cREXX RXAS Socket Instruction Tests ...
2026-09-15T21:43:09.3029938Z [641/1965] cREXX RXAS Decimal Instruction Tests ...
2026-09-15T21:43:09.3525035Z [642/1965] cREXX RXAS Conversion Instruction Tests ...
2026-09-15T21:43:09.3757468Z [643/1965] cREXX RXAS Object Instruction Tests ...
2026-09-15T21:43:09.3986472Z [644/1965] cREXX RXAS Reflection Instruction Tests ...
2026-09-15T21:43:09.4407557Z [645/1965] cREXX RXAS Interface Dispatch Instruction Tests ...
2026-09-15T21:43:09.4642005Z [646/1965] cREXX RXAS Instruction Tests (descriptor selector contracts) ...
2026-09-15T21:43:09.5216674Z [647/1965] cREXX RXAS Instruction Tests (remaining deterministic instruction gaps) ...
2026-09-15T21:43:09.5436285Z [648/1965] cREXX RXAS Instruction Tests (arbitrary operand pipeline) ...
2026-09-15T21:43:09.8526853Z [649/1965] Linking archive-level db_decimal regression harness ...
2026-09-15T21:43:09.8759579Z [650/1965] Generating whole_procedure_runtime_rxvm_noopt.rxbin
2026-09-15T21:43:09.9015956Z [651/1965] Generating whole_procedure_runtime_rxvm_opt.rxbin
2026-09-15T21:43:09.9238970Z [652/1965] Generating nr18_flow_runtime_rxvm_noopt.rxbin
2026-09-15T21:43:09.9466776Z [653/1965] Generating nr18_flow_runtime_rxvm_opt.rxbin
2026-09-15T21:43:09.9659306Z [654/1965] Generating storage_identity_runtime_rxvm_noopt.rxbin
2026-09-15T21:43:09.9881660Z [655/1965] Generating storage_identity_runtime_rxvm_opt.rxbin
2026-09-15T21:43:10.0085375Z [656/1965] Generating redundant_itos_runtime_rxvm_noopt.rxbin
2026-09-15T21:43:10.0335026Z [657/1965] Generating redundant_itos_runtime_rxvm_opt.rxbin
2026-09-15T21:43:10.0554311Z [658/1965] Generating signal_contract_runtime_rxvm_noopt.rxbin
2026-09-15T21:43:10.0868247Z [659/1965] Generating signal_contract_runtime_rxvm_opt.rxbin
2026-09-15T21:43:10.1074085Z [660/1965] Generating copied_xtoy_component_placement_runtime_rxvm_noopt.rxbin
2026-09-15T21:43:10.1278753Z [661/1965] Generating copied_xtoy_component_placement_runtime_rxvm_opt.rxbin
2026-09-15T21:43:10.1526741Z [662/1965] Generating branch_thread_runtime_rxvm_noopt.rxbin
2026-09-15T21:43:10.1724423Z [663/1965] Generating branch_thread_runtime_rxvm_opt.rxbin
2026-09-15T21:43:10.2343146Z [664/1965] cREXX RXAS intr_test - Native Signal Test Harness ...
2026-09-15T21:43:10.2574215Z [665/1965] Generating reference_iterator_system_rxvm_noopt.rxbin
2026-09-15T21:43:10.2891223Z [666/1965] Generating reference_iterator_system_rxvm_opt.rxbin
2026-09-15T21:43:10.3109615Z [667/1965] Generating reference_generated_contract_rxvm_noopt.rxbin
2026-09-15T21:43:10.3479490Z [668/1965] Generating reference_generated_contract_rxvm_opt.rxbin
2026-09-15T21:43:10.4197205Z [669/1965] cREXX compile and assemble _typedformat ...
2026-09-15T21:43:10.4960005Z [670/1965] Linking C shared module tests\rxpa\rx_rxpa_invalid_manifest.rxplugin
2026-09-15T21:43:10.7943103Z [671/1965] Linking C executable tests\objects_rxtvm.exe
2026-09-15T21:43:10.8000486Z [672/1965] Building C object interpreter/CMakeFiles/rxbvm_instrumented_core_objects.dir/rxvmchannel_process.c.obj
2026-09-15T21:43:10.9434865Z [673/1965] Building C object interpreter/CMakeFiles/rxbvm_instrumented_core_objects.dir/rxvmprocessprotocol.c.obj
2026-09-15T21:43:11.0373018Z [674/1965] Linking C executable tests\testvm.exe
2026-09-15T21:43:11.0750907Z [675/1965] cREXX compile and assemble abbrev ...
2026-09-15T21:43:11.6593994Z [676/1965] cREXX compile and assemble abs ...
2026-09-15T21:43:12.0983212Z [677/1965] Building C object interpreter/CMakeFiles/rxbvm_instrumented_core_objects.dir/rxvmprocessworker.c.obj
2026-09-15T21:43:12.2429043Z [678/1965] cREXX compile and assemble intabs ...
2026-09-15T21:43:12.8579431Z [679/1965] cREXX compile and assemble floatabs ...
2026-09-15T21:43:13.3115039Z [680/1965] Building C object interpreter/CMakeFiles/rxbvm_instrumented_core_objects.dir/rxvmbyteendpoint.c.obj
2026-09-15T21:43:13.3837680Z [681/1965] cREXX compile and assemble b2x ...
2026-09-15T21:43:13.9698440Z [682/1965] cREXX compile and assemble b2d ...
2026-09-15T21:43:14.6192449Z [683/1965] cREXX compile and assemble binary ...
2026-09-15T21:43:14.7800253Z [684/1965] Building C object interpreter/CMakeFiles/rxbvm_instrumented_core_objects.dir/rxvmchannel_byte.c.obj
2026-09-15T21:43:15.1826591Z [685/1965] cREXX compile and assemble c2x ...
2026-09-15T21:43:15.7608089Z [686/1965] cREXX compile and assemble c2d ...
2026-09-15T21:43:16.2688375Z [687/1965] Building C object interpreter/CMakeFiles/rxbvm_instrumented_core_objects.dir/rxvmchannel_child.c.obj
2026-09-15T21:43:16.3321767Z [688/1965] cREXX compile and assemble center ...
2026-09-15T21:43:16.4171261Z [689/1965] Building C object interpreter/CMakeFiles/rxbvm_instrumented_core_objects.dir/rxvmactive.c.obj
2026-09-15T21:43:16.8181998Z [690/1965] cREXX compile and assemble centre ...
2026-09-15T21:43:17.4028203Z [691/1965] cREXX compile and assemble changestr ...
2026-09-15T21:43:18.0125411Z [692/1965] cREXX compile and assemble compare ...
2026-09-15T21:43:18.4983016Z [693/1965] cREXX compile and assemble copies ...
2026-09-15T21:43:18.9828827Z [694/1965] Building C object interpreter/CMakeFiles/rxbvm_instrumented_core_objects.dir/rxvmload.c.obj
2026-09-15T21:43:18.9955786Z [695/1965] cREXX compile and assemble countstr ...
2026-09-15T21:43:19.5162822Z [696/1965] cREXX compile and assemble d2b ...
2026-09-15T21:43:20.1462477Z [697/1965] cREXX compile and assemble d2c ...
2026-09-15T21:43:20.2538890Z [698/1965] Building C object interpreter/CMakeFiles/rxbvm_instrumented_core_objects.dir/interrupt.c.obj
2026-09-15T21:43:20.6410594Z [699/1965] cREXX compile and assemble d2x ...
2026-09-15T21:43:21.1839318Z [700/1965] cREXX compile and assemble date ...
2026-09-15T21:43:21.7127437Z [701/1965] cREXX compile and assemble delstr ...
2026-09-15T21:43:22.2659766Z [702/1965] cREXX compile and assemble delword ...
2026-09-15T21:43:23.0142675Z [703/1965] cREXX compile and assemble fileio ...
2026-09-15T21:43:23.4293807Z [704/1965] cREXX compile and assemble filter ...
2026-09-15T21:43:23.5134965Z [705/1965] Building C object interpreter/CMakeFiles/rxbvm_instrumented_core_objects.dir/rxspawn.c.obj
2026-09-15T21:43:24.4142137Z [706/1965] cREXX compile and assemble format ...
2026-09-15T21:43:24.9666411Z [707/1965] cREXX compile and assemble intformat ...
2026-09-15T21:43:25.5540671Z [708/1965] cREXX compile and assemble floatformat ...
2026-09-15T21:43:26.0317961Z [709/1965] Building C object interpreter/CMakeFiles/rxbvm_instrumented_core_objects.dir/rxcrexxcmd.c.obj
2026-09-15T21:43:26.1204056Z [710/1965] cREXX compile and assemble fnv ...
2026-09-15T21:43:26.1519419Z [711/1965] Building C object interpreter/CMakeFiles/rxbvm_instrumented_core_objects.dir/exitfunc.c.obj
2026-09-15T21:43:26.5409864Z [712/1965] Building C object interpreter/CMakeFiles/rxbvm_instrumented_core_objects.dir/rxpacallmethod.c.obj
2026-09-15T21:43:26.6985090Z [713/1965] cREXX compile and assemble getenv ...
2026-09-15T21:43:27.3522129Z [714/1965] cREXX compile and assemble insert ...
2026-09-15T21:43:27.5203101Z [715/1965] Building C object interpreter/CMakeFiles/rxbvm_instrumented_core_objects.dir/rxpafuncs.c.obj
2026-09-15T21:43:28.0026157Z [716/1965] cREXX compile and assemble length ...
2026-09-15T21:43:28.2346776Z [717/1965] Building C object interpreter/CMakeFiles/rxbvm_instrumented_core_objects.dir/rxvml/rxvm_run.c.obj
2026-09-15T21:43:28.6819726Z [718/1965] cREXX compile and assemble linesize ...
2026-09-15T21:43:29.3423058Z [719/1965] cREXX compile and assemble loadmodule ...
2026-09-15T21:43:29.9172736Z [720/1965] cREXX compile and assemble lower ...
2026-09-15T21:43:30.5072183Z [721/1965] cREXX compile and assemble max ...
2026-09-15T21:43:31.0420314Z [722/1965] cREXX compile and assemble intmax ...
2026-09-15T21:43:31.6372500Z [723/1965] cREXX compile and assemble floatmax ...
2026-09-15T21:43:32.1643393Z [724/1965] cREXX compile and assemble min ...
2026-09-15T21:43:32.7855914Z [725/1965] cREXX compile and assemble intmin ...
2026-09-15T21:43:33.3434319Z [726/1965] cREXX compile and assemble floatmin ...
2026-09-15T21:43:33.8408652Z [727/1965] cREXX compile and assemble numeric ...
2026-09-15T21:43:34.3651505Z [728/1965] cREXX compile and assemble overlay ...
2026-09-15T21:43:34.9349605Z [729/1965] cREXX compile and assemble pos ...
2026-09-15T21:43:35.6177416Z [730/1965] cREXX compile and assemble qscan ...
2026-09-15T21:43:36.2208248Z [731/1965] cREXX compile and assemble qpos ...
2026-09-15T21:43:36.7960565Z [732/1965] cREXX compile and assemble qsplit ...
2026-09-15T21:43:37.3521209Z [733/1965] cREXX compile and assemble qsplitsafe ...
2026-09-15T21:43:37.8875793Z [734/1965] cREXX compile and assemble qextractall ...
2026-09-15T21:43:38.4198428Z [735/1965] cREXX compile and assemble qextractpair ...
2026-09-15T21:43:38.9585908Z [736/1965] cREXX compile and assemble qstripcomment ...
2026-09-15T21:43:39.5731217Z [737/1965] cREXX compile and assemble qremoveall ...
2026-09-15T21:43:40.2271149Z [738/1965] cREXX compile and assemble fsayfmt ...
2026-09-15T21:43:40.7692723Z [739/1965] cREXX compile and assemble lastpos ...
2026-09-15T21:43:41.2796529Z [740/1965] cREXX compile and assemble left ...
2026-09-15T21:43:41.7801372Z [741/1965] cREXX compile and assemble right ...
2026-09-15T21:43:42.3332971Z [742/1965] cREXX compile and assemble raise ...
2026-09-15T21:43:42.8461067Z [743/1965] cREXX compile and assemble reverse ...
2026-09-15T21:43:43.3807058Z [744/1965] cREXX compile and assemble signal ...
2026-09-15T21:43:44.4677507Z [745/1965] cREXX compile and assemble trace ...
2026-09-15T21:43:44.9777337Z [746/1965] cREXX compile and assemble sign ...
2026-09-15T21:43:45.5291123Z [747/1965] cREXX compile and assemble intsign ...
2026-09-15T21:43:46.1410712Z [748/1965] cREXX compile and assemble floatsign ...
2026-09-15T21:43:46.6510117Z [749/1965] cREXX compile and assemble space ...
2026-09-15T21:43:47.1832723Z [750/1965] cREXX compile and assemble strip ...
2026-09-15T21:43:47.7747485Z [751/1965] cREXX compile and assemble substr ...
2026-09-15T21:43:48.4416108Z [752/1965] cREXX compile and assemble substro ...
2026-09-15T21:43:49.0469680Z [753/1965] cREXX compile and assemble symbol ...
2026-09-15T21:43:49.7116125Z [754/1965] cREXX compile and assemble time ...
2026-09-15T21:43:50.3225864Z [755/1965] cREXX compile and assemble translate ...
2026-09-15T21:43:50.9854459Z [756/1965] cREXX compile and assemble trunc ...
2026-09-15T21:43:51.5453583Z [757/1965] cREXX compile and assemble floattrunc ...
2026-09-15T21:43:52.0543201Z [758/1965] cREXX compile and assemble upper ...
2026-09-15T21:43:52.6353984Z [759/1965] cREXX compile and assemble value ...
2026-09-15T21:43:53.2145327Z [760/1965] cREXX compile and assemble verify ...
2026-09-15T21:43:53.8246767Z [761/1965] cREXX compile and assemble version ...
2026-09-15T21:43:54.4295115Z [762/1965] cREXX compile and assemble sourceinfo ...
2026-09-15T21:43:54.9187232Z [763/1965] cREXX compile and assemble word ...
2026-09-15T21:43:55.5217745Z [764/1965] cREXX compile and assemble words ...
2026-09-15T21:43:56.0748200Z [765/1965] cREXX compile and assemble wordindex ...
2026-09-15T21:43:56.6393064Z [766/1965] cREXX compile and assemble subword ...
2026-09-15T21:43:57.2289087Z [767/1965] cREXX compile and assemble wordlength ...
2026-09-15T21:43:57.8510039Z [768/1965] cREXX compile and assemble wordpos ...
2026-09-15T21:43:58.3736628Z [769/1965] cREXX compile and assemble qword ...
2026-09-15T21:43:58.9349929Z [770/1965] cREXX compile and assemble qwordlength ...
2026-09-15T21:43:59.4473367Z [771/1965] cREXX compile and assemble qwords ...
2026-09-15T21:43:59.9907487Z [772/1965] cREXX compile and assemble qwordindex ...
2026-09-15T21:44:00.5344767Z [773/1965] cREXX compile and assemble qwordpos ...
2026-09-15T21:44:01.0570589Z [774/1965] cREXX compile and assemble qsubword ...
2026-09-15T21:44:02.1549902Z [775/1965] cREXX compile and assemble regex ...
2026-09-15T21:44:02.7287545Z [776/1965] cREXX compile and assemble x2b ...
2026-09-15T21:44:03.2943324Z [777/1965] cREXX compile and assemble x2c ...
2026-09-15T21:44:03.9479106Z [778/1965] cREXX compile and assemble x2d ...
2026-09-15T21:44:04.5131426Z [779/1965] cREXX compile and assemble random ...
2026-09-15T21:44:05.2093357Z [780/1965] cREXX compile and assemble reradix ...
2026-09-15T21:44:05.7851139Z [781/1965] cREXX compile and assemble sequence ...
2026-09-15T21:44:06.3291150Z [782/1965] cREXX compile and assemble find ...
2026-09-15T21:44:06.8833212Z [783/1965] cREXX compile and assemble index ...
2026-09-15T21:44:07.3553813Z [784/1965] cREXX compile and assemble xrange ...
2026-09-15T21:44:08.0731885Z [785/1965] cREXX compile and assemble parsecompile ...
2026-09-15T21:44:09.0742632Z [786/1965] cREXX compile and assemble parsestring ...
2026-09-15T21:44:09.6130870Z [787/1965] cREXX compile and assemble parse ...
2026-09-15T21:44:10.2362873Z [788/1965] cREXX compile and assemble datatype ...
2026-09-15T21:44:10.8438001Z [789/1965] cREXX compile and assemble arrayfind ...
2026-09-15T21:44:11.3067060Z [790/1965] cREXX compile and assemble splice ...
2026-09-15T21:44:11.8339643Z [791/1965] cREXX compile and assemble arrayinsert ...
2026-09-15T21:44:12.4020152Z [792/1965] cREXX compile and assemble arraydelete ...
2026-09-15T21:44:12.8806327Z [793/1965] cREXX compile and assemble arrayappend ...
2026-09-15T21:44:13.3398689Z [794/1965] cREXX compile and assemble arrayprepend ...
2026-09-15T21:44:13.8621276Z [795/1965] cREXX compile and assemble objectarrayinsert ...
2026-09-15T21:44:14.3601642Z [796/1965] cREXX compile and assemble objectarraydelete ...
2026-09-15T21:44:14.8923397Z [797/1965] cREXX compile and assemble objectarrayappend ...
2026-09-15T21:44:15.4406319Z [798/1965] cREXX compile and assemble objectarrayprepend ...
2026-09-15T21:44:15.9682088Z [799/1965] cREXX compile and assemble objectarraydrop ...
2026-09-15T21:44:16.5492926Z [800/1965] cREXX compile and assemble objectarraymove ...
2026-09-15T21:44:17.1290692Z [801/1965] cREXX compile and assemble arraypop ...
2026-09-15T21:44:17.6470415Z [802/1965] cREXX compile and assemble arrayshift ...
2026-09-15T21:44:18.1905007Z [803/1965] cREXX compile and assemble arrayget ...
2026-09-15T21:44:18.7743400Z [804/1965] cREXX compile and assemble arrayset ...
2026-09-15T21:44:19.3492856Z [805/1965] cREXX compile and assemble arraycontains ...
2026-09-15T21:44:19.8945421Z [806/1965] cREXX compile and assemble arrayindexof ...
2026-09-15T21:44:20.4391355Z [807/1965] cREXX compile and assemble arrayreverse ...
2026-09-15T21:44:20.9255031Z [808/1965] cREXX compile and assemble arrayjoin ...
2026-09-15T21:44:21.4649267Z [809/1965] cREXX compile and assemble arraysort ...
2026-09-15T21:44:22.0584845Z [810/1965] cREXX compile and assemble arraycopy ...
2026-09-15T21:44:22.6101393Z [811/1965] cREXX compile and assemble arraydrop ...
2026-09-15T21:44:23.1302657Z [812/1965] cREXX compile and assemble arrayhi ...
2026-09-15T21:44:23.6464393Z [813/1965] cREXX compile and assemble arraymove ...
2026-09-15T21:44:24.3136938Z [814/1965] cREXX compile and assemble fmtmask ...
2026-09-15T21:44:25.0470943Z [815/1965] cREXX compile and assemble compilemask ...
2026-09-15T21:44:25.7523667Z [816/1965] cREXX compile and assemble runmask ...
2026-09-15T21:44:26.4388690Z [817/1965] cREXX compile and assemble stem ...
2026-09-15T21:44:28.4771815Z [818/1965] cREXX compile and assemble rxjson ...
2026-09-15T21:44:28.5755056Z [819/1965] cREXX compile and assemble rxsocket ...
2026-09-15T21:44:29.1230314Z [820/1965] cREXX compile and assemble wordrep ...
2026-09-15T21:44:29.7420675Z [821/1965] cREXX compile and assemble rxqueue ...
2026-09-15T21:44:30.3727109Z [822/1965] cREXX compile and assemble afterword ...
2026-09-15T21:44:30.4331353Z [823/1965] cREXX REXX Library Archive ...
2026-09-15T21:44:30.6333587Z [824/1965] cREXX Linked Library Image ...
2026-09-15T21:44:30.7374329Z [825/1965] Staging deterministic compiler-exit imports ...
2026-09-15T21:44:31.0560153Z [826/1965] Building optimized arraydump function example
2026-09-15T21:44:31.2523477Z [827/1965] Building Dump.rxbin
2026-09-15T21:44:31.4122219Z [828/1965] Building Query.rxbin
2026-09-15T21:44:31.7705753Z [829/1965] Building Sort.rxbin
2026-09-15T21:44:32.3055248Z [830/1965] Building Sortx.rxbin
2026-09-15T21:44:33.1192432Z [831/1965] Building Execio.rxbin
2026-09-15T21:44:33.6061786Z [832/1965] Building Add.rxbin
2026-09-15T21:44:34.6850738Z [833/1965] Building Fsay.rxbin
2026-09-15T21:44:35.5080145Z [834/1965] Building Address.rxbin
2026-09-15T21:44:35.5298086Z [835/1965] Building Msay.rxbin
2026-09-15T21:44:37.1111372Z [836/1965] Building Signal.rxbin
2026-09-15T21:44:39.6541912Z [837/1965] Building Trace.rxbin
2026-09-15T21:44:41.7486119Z [838/1965] Building Parse.rxbin
2026-09-15T21:44:41.9256429Z [839/1965] Building RexxScript.rxbin
2026-09-15T21:44:42.7195454Z [840/1965] Building Dummy.rxbin
2026-09-15T21:44:42.8302136Z [841/1965] Building Substr.rxbin
2026-09-15T21:44:43.4151257Z [842/1965] Building optimized arrayformat function example
2026-09-15T21:44:43.5131843Z [843/1965] Building Queue.rxbin
2026-09-15T21:44:43.5844502Z [844/1965] Bundling array-formatting function example
2026-09-15T21:44:43.6724606Z [845/1965] Building rxcexits.rxbin (bundled via concatenation)
2026-09-15T21:44:43.7723454Z [846/1965] Staging deterministic Level L imports ...
2026-09-15T21:44:43.9866812Z [847/1965] Staging immutable class library compiler imports ...
2026-09-15T21:44:44.0007437Z [848/1965] Staging immutable native-backed class library compiler imports ...
2026-09-15T21:44:44.8621488Z [849/1965] cREXX compile and assemble ObjectIterator ...
2026-09-15T21:44:44.8747389Z [850/1965] cREXX compile and assemble StringIterator ...
2026-09-15T21:44:45.7272260Z [851/1965] cREXX compile and assemble Bag ...
2026-09-15T21:44:45.7320711Z [852/1965] cREXX compile and assemble Iterator ...
2026-09-15T21:44:46.5676440Z [853/1965] cREXX compile and assemble ObjectPrintable ...
2026-09-15T21:44:46.5724133Z [854/1965] cREXX compile and assemble ObjectIterable ...
2026-09-15T21:44:47.4129801Z [855/1965] cREXX compile and assemble Printable ...
2026-09-15T21:44:47.4207602Z [856/1965] cREXX compile and assemble StringIterable ...
2026-09-15T21:44:48.3701774Z [857/1965] cREXX compile and assemble StringTreeSetIterator ...
2026-09-15T21:44:48.4406535Z [858/1965] cREXX compile and assemble ArrayBagIterator ...
2026-09-15T21:44:49.4266298Z [859/1965] cREXX compile and assemble ArrayList ...
2026-09-15T21:44:49.4444888Z [860/1965] cREXX compile and assemble Comparator ...
2026-09-15T21:44:50.3872761Z [861/1965] cREXX compile and assemble Map ...
2026-09-15T21:44:50.5838239Z [862/1965] cREXX compile and assemble DateTime ...
2026-09-15T21:44:51.5552005Z [863/1965] cREXX compile and assemble ObjectArrayList ...
2026-09-15T21:44:51.5595426Z [864/1965] cREXX compile and assemble ObjectComparator ...
2026-09-15T21:44:52.3769598Z [865/1965] cREXX compile and assemble ObjectObjectHashMapIterator ...
2026-09-15T21:44:52.3790662Z [866/1965] cREXX compile and assemble ObjectKeyStrategy ...
2026-09-15T21:44:53.3207712Z [867/1965] cREXX compile and assemble ObjectObjectTreeMapIterator ...
2026-09-15T21:44:53.3799633Z [868/1965] cREXX compile and assemble StringArrayList ...
2026-09-15T21:44:54.2590851Z [869/1965] cREXX compile and assemble StringHashMapIterator ...
2026-09-15T21:44:54.2695197Z [870/1965] cREXX compile and assemble StringHashSetIterator ...
2026-09-15T21:44:55.0830056Z [871/1965] cREXX compile and assemble StringObjectTreeMapIterator ...
2026-09-15T21:44:55.1202242Z [872/1965] cREXX compile and assemble StringObjectHashMapIterator ...
2026-09-15T21:44:56.1218143Z [873/1965] cREXX compile and assemble StringTreeMapIterator ...
2026-09-15T21:44:56.7510404Z [874/1965] cREXX compile and assemble StringTreeSet ...
2026-09-15T21:44:57.1684854Z [875/1965] cREXX compile and assemble TreeMapIterator ...
2026-09-15T21:44:58.0738015Z [876/1965] cREXX compile and assemble ArrayBag ...
2026-09-15T21:44:58.2030415Z [877/1965] cREXX compile and assemble ArrayListIterator ...
2026-09-15T21:44:59.9382133Z [878/1965] cREXX compile and assemble ISO8601 ...
2026-09-15T21:45:00.9608604Z [879/1965] cREXX compile and assemble Concurrency ...
2026-09-15T21:45:01.1281686Z [880/1965] cREXX compile and assemble Iterable ...
2026-09-15T21:45:02.0424627Z [881/1965] cREXX compile and assemble ObjectArrayListIterator ...
2026-09-15T21:45:02.1672868Z [882/1965] cREXX compile and assemble ObjectEquatable ...
2026-09-15T21:45:03.1683167Z [883/1965] cREXX compile and assemble ObjectLinkedList ...
2026-09-15T21:45:03.3805336Z [884/1965] cREXX compile and assemble ObjectObjectHashMap ...
2026-09-15T21:45:04.4684879Z [885/1965] cREXX compile and assemble ObjectStack ...
2026-09-15T21:45:04.8159203Z [886/1965] cREXX compile and assemble ObjectObjectTreeMap ...
2026-09-15T21:45:05.7928467Z [887/1965] cREXX compile and assemble OffsetDateTime ...
2026-09-15T21:45:05.8414904Z [888/1965] cREXX compile and assemble Qfind ...
2026-09-15T21:45:07.3192574Z [889/1965] cREXX compile and assemble RexxComparator ...
2026-09-15T21:45:07.3425491Z [890/1965] cREXX compile and assemble Rexx ...
2026-09-15T21:45:08.6410217Z [891/1965] cREXX compile and assemble StringArrayListIterator ...
2026-09-15T21:45:08.8816106Z [892/1965] cREXX compile and assemble Scanlex ...
2026-09-15T21:45:09.7264811Z [893/1965] cREXX compile and assemble StringHashMap ...
2026-09-15T21:45:09.9341170Z [894/1965] cREXX compile and assemble StringHashSet ...
2026-09-15T21:45:10.8538109Z [895/1965] cREXX compile and assemble StringLinkedList ...
2026-09-15T21:45:11.1045901Z [896/1965] cREXX compile and assemble StringObjectHashMap ...
2026-09-15T21:45:12.4953246Z [897/1965] cREXX compile and assemble StringOldTreeMap ...
2026-09-15T21:45:12.6036463Z [898/1965] cREXX compile and assemble StringObjectTreeMap ...
2026-09-15T21:45:13.5814618Z [899/1965] cREXX compile and assemble StringStack ...
2026-09-15T21:45:14.2316098Z [900/1965] cREXX compile and assemble StringTreeMap ...
2026-09-15T21:45:15.4792503Z [901/1965] cREXX compile and assemble TreeMap ...
2026-09-15T21:45:15.5095564Z [902/1965] cREXX compile and assemble native-backed classlib adapter Id ...
2026-09-15T21:45:15.9266452Z [903/1965] cREXX Linked Class Library Image ...
2026-09-15T21:45:16.4967759Z [904/1965] Publishing consolidated class library image ...
2026-09-15T21:45:16.6412280Z [905/1965] cREXX compile and assemble native-backed classlib adapter KeyDB ...
2026-09-15T21:45:16.8697298Z [906/1965] Staging immutable rxfnsc compiler imports ...
2026-09-15T21:45:17.6778046Z [907/1965] cREXX compile and assemble native-backed classlib adapter Os ...
2026-09-15T21:45:20.0844443Z [908/1965] cREXX compile and assemble rxfnsc runtime RexxClassicBifAbbrev ...
2026-09-15T21:45:21.0376429Z [909/1965] cREXX compile and assemble rxfnsc runtime RexxClassicBifAbs ...
2026-09-15T21:45:23.2737863Z [910/1965] cREXX compile and assemble rxfnsc runtime RexxClassicBifAddress ...
2026-09-15T21:45:24.0473647Z [911/1965] cREXX compile and assemble rxfnsc runtime RexxClassicBifB2x ...
2026-09-15T21:45:24.9431660Z [912/1965] cREXX compile and assemble rxfnsc runtime RexxClassicBifBitand ...
2026-09-15T21:45:25.8165309Z [913/1965] cREXX compile and assemble rxfnsc runtime RexxClassicBifBitor ...
2026-09-15T21:45:26.5951743Z [914/1965] cREXX compile and assemble rxfnsc runtime RexxClassicBifBitxor ...
2026-09-15T21:45:28.1242091Z [915/1965] cREXX compile and assemble rxfnsc runtime RexxClassicBifC2d ...
2026-09-15T21:45:28.5876703Z [916/1965] cREXX compile and assemble rxfnsc runtime RexxClassicBifC2x ...
2026-09-15T21:45:30.1504907Z [917/1965] cREXX compile and assemble rxfnsc runtime RexxClassicBifCenter ...
2026-09-15T21:45:30.5544337Z [918/1965] cREXX compile and assemble rxfnsc runtime RexxClassicBifChangestr ...
2026-09-15T21:45:32.0658494Z [919/1965] cREXX compile and assemble rxfnsc runtime RexxClassicBifCompare ...
2026-09-15T21:45:32.4256052Z [920/1965] cREXX compile and assemble rxfnsc runtime RexxClassicBifCopies ...
2026-09-15T21:45:33.9711643Z [921/1965] cREXX compile and assemble rxfnsc runtime RexxClassicBifCountstr ...
2026-09-15T21:45:34.3901773Z [922/1965] cREXX compile and assemble rxfnsc runtime RexxClassicBifD2c ...
2026-09-15T21:45:35.9029957Z [923/1965] cREXX compile and assemble rxfnsc runtime RexxClassicBifD2x ...
2026-09-15T21:45:36.2359128Z [924/1965] cREXX compile and assemble rxfnsc runtime RexxClassicBifDatatype ...
2026-09-15T21:45:37.9700805Z [925/1965] cREXX compile and assemble rxfnsc runtime RexxClassicBifDate ...
2026-09-15T21:45:38.0523161Z [926/1965] cREXX compile and assemble rxfnsc runtime RexxClassicBifDelstr ...
2026-09-15T21:45:39.8623716Z [927/1965] cREXX compile and assemble rxfnsc runtime RexxClassicBifDelword ...
2026-09-15T21:45:40.5406502Z [928/1965] cREXX compile and assemble rxfnsc runtime RexxClassicBifFormat ...
2026-09-15T21:45:41.9441188Z [929/1965] cREXX compile and assemble rxfnsc runtime RexxClassicBifInsert ...
2026-09-15T21:45:42.5469116Z [930/1965] cREXX compile and assemble rxfnsc runtime RexxClassicBifLastpos ...
2026-09-15T21:45:44.0870723Z [931/1965] cREXX compile and assemble rxfnsc runtime RexxClassicBifLeft ...
2026-09-15T21:45:44.9175944Z [932/1965] cREXX compile and assemble rxfnsc runtime RexxClassicBifLength ...
2026-09-15T21:45:45.8954327Z [933/1965] cREXX compile and assemble rxfnsc runtime RexxClassicBifMax ...
2026-09-15T21:45:46.7062393Z [934/1965] cREXX compile and assemble rxfnsc runtime RexxClassicBifMin ...
2026-09-15T21:45:47.6744156Z [935/1965] cREXX compile and assemble rxfnsc runtime RexxClassicBifNumeric ...
2026-09-15T21:45:48.6983308Z [936/1965] cREXX compile and assemble rxfnsc runtime RexxClassicBifOverlay ...
2026-09-15T21:45:49.5264349Z [937/1965] cREXX compile and assemble rxfnsc runtime RexxClassicBifPos ...
2026-09-15T21:45:50.5719143Z [938/1965] cREXX compile and assemble rxfnsc runtime RexxClassicBifRandom ...
2026-09-15T21:45:51.3866738Z [939/1965] cREXX compile and assemble rxfnsc runtime RexxClassicBifReverse ...
2026-09-15T21:45:52.4510737Z [940/1965] cREXX compile and assemble rxfnsc runtime RexxClassicBifRight ...
2026-09-15T21:45:53.2410059Z [941/1965] cREXX compile and assemble rxfnsc runtime RexxClassicBifSign ...
2026-09-15T21:45:54.4671595Z [942/1965] cREXX compile and assemble rxfnsc runtime RexxClassicBifSpace ...
2026-09-15T21:45:55.1672312Z [943/1965] cREXX compile and assemble rxfnsc runtime RexxClassicBifStrip ...
2026-09-15T21:45:56.5022082Z [944/1965] cREXX compile and assemble rxfnsc runtime RexxClassicBifSubstr ...
2026-09-15T21:45:57.1100677Z [945/1965] cREXX compile and assemble rxfnsc runtime RexxClassicBifSubword ...
2026-09-15T21:45:58.3954047Z [946/1965] cREXX compile and assemble rxfnsc runtime RexxClassicBifSymbol ...
2026-09-15T21:45:59.0871063Z [947/1965] cREXX compile and assemble rxfnsc runtime RexxClassicBifTime ...
2026-09-15T21:46:00.1734243Z [948/1965] cREXX compile and assemble rxfnsc runtime RexxClassicBifTrace ...
2026-09-15T21:46:01.0283087Z [949/1965] cREXX compile and assemble rxfnsc runtime RexxClassicBifTranslate ...
2026-09-15T21:46:02.2064662Z [950/1965] cREXX compile and assemble rxfnsc runtime RexxClassicBifTrunc ...
2026-09-15T21:46:02.9566566Z [951/1965] cREXX compile and assemble rxfnsc runtime RexxClassicBifValue ...
2026-09-15T21:46:04.1151887Z [952/1965] cREXX compile and assemble rxfnsc runtime RexxClassicBifVerify ...
2026-09-15T21:46:04.9602326Z [953/1965] cREXX compile and assemble rxfnsc runtime RexxClassicBifWord ...
2026-09-15T21:46:06.1041989Z [954/1965] cREXX compile and assemble rxfnsc runtime RexxClassicBifWordindex ...
2026-09-15T21:46:06.9520708Z [955/1965] cREXX compile and assemble rxfnsc runtime RexxClassicBifWordlength ...
2026-09-15T21:46:08.2172680Z [956/1965] cREXX compile and assemble rxfnsc runtime RexxClassicBifWordpos ...
2026-09-15T21:46:08.9280134Z [957/1965] cREXX compile and assemble rxfnsc runtime RexxClassicBifWords ...
2026-09-15T21:46:10.1520293Z [958/1965] cREXX compile and assemble rxfnsc runtime RexxClassicBifX2b ...
2026-09-15T21:46:10.8355126Z [959/1965] cREXX compile and assemble rxfnsc runtime RexxClassicBifX2c ...
2026-09-15T21:46:12.1821675Z [960/1965] cREXX compile and assemble rxfnsc runtime RexxClassicBifX2d ...
2026-09-15T21:46:12.7788948Z [961/1965] cREXX compile and assemble rxfnsc runtime RexxClassicBifXrange ...
2026-09-15T21:46:13.7691957Z [962/1965] cREXX compile and assemble rxfnsc runtime RexxClassicBitFunctions ...
2026-09-15T21:46:14.7576525Z [963/1965] cREXX compile and assemble rxfnsc runtime RexxClassicCharacterOps ...
2026-09-15T21:46:14.9358925Z [964/1965] cREXX compile and assemble rxfnsc runtime RexxClassicBifs ...
2026-09-15T21:46:15.4168543Z [965/1965] cREXX compile and assemble rxfnsc runtime RexxClassicCharacterScan ...
2026-09-15T21:46:15.8501760Z [966/1965] cREXX compile and assemble rxfnsc runtime RexxClassicConfig ...
2026-09-15T21:46:16.7328178Z [967/1965] cREXX compile and assemble rxfnsc runtime RexxClassicEncoding ...
2026-09-15T21:46:16.7375092Z [968/1965] cREXX compile and assemble rxfnsc runtime RexxClassicDatatype ...
2026-09-15T21:46:17.4095894Z [969/1965] cREXX compile and assemble rxfnsc runtime RexxClassicState ...
2026-09-15T21:46:17.5168107Z [970/1965] cREXX compile and assemble rxfnsc runtime RexxStem ...
2026-09-15T21:46:18.4852387Z [971/1965] cREXX compile and assemble rxfnsc runtime RexxValue ...
2026-09-15T21:46:18.5922022Z [972/1965] cREXX Linked native-backed Class Library Adapter Image ...
2026-09-15T21:46:18.7159978Z [973/1965] Publishing native-backed class library image ...
2026-09-15T21:46:18.8119561Z [974/1965] Staging exact imports for the Level B Level G builder ...
2026-09-15T21:46:19.0771712Z [975/1965] cREXX compile and assemble rxfnsc runtime RexxVariablePool ...
2026-09-15T21:46:19.3039921Z [976/1965] cREXX Linked rxfnsc Runtime Library Image ...
2026-09-15T21:46:19.4396518Z [977/1965] Publishing consolidated rxfnsc runtime library image ...
2026-09-15T21:46:19.5609079Z [978/1965] Staging immutable RexxScript compiler imports ...
2026-09-15T21:46:26.2509092Z [979/1965] cREXX compile and assemble RexxScript runtime RexxScriptEvaluator ...
2026-09-15T21:46:26.2546137Z Warning in RexxScriptEvaluator.crexx @ 266:10 - #NOT_IN_SAME_SCOPE: Implicit use creates a separate binding; the earlier same-named binding is at line 249, column 8. Declare this binding explicitly if intentional., "i"
2026-09-15T21:46:26.2593652Z Warning in RexxScriptEvaluator.crexx @ 608:7 - #NOT_IN_SAME_SCOPE: Implicit use creates a separate binding; the earlier same-named binding is at line 600, column 7. Declare this binding explicitly if intentional., "expr"
2026-09-15T21:46:26.2872173Z 2 warning(s) in source file
2026-09-15T21:46:26.6719994Z [980/1965] Bootstrapping the Level B Level G builder ...
2026-09-15T21:46:26.7658255Z [981/1965] cREXX compile and assemble RexxScript runtime RexxScriptRuntime ...
2026-09-15T21:46:27.2109243Z [982/1965] cREXX compile and assemble RexxScript runtime RexxScriptEvaluateCompat ...
2026-09-15T21:46:27.2976578Z [983/1965] cREXX Linked RexxScript Runtime Library Image ...
2026-09-15T21:46:27.5530862Z [984/1965] Publishing consolidated RexxScript runtime library image ...
2026-09-15T21:46:28.3635081Z [985/1965] Stage immutable rxpp compiler imports ...
2026-09-15T21:46:35.2001916Z [986/1965] Compile and assemble rxpp in its private member directory ...
2026-09-15T21:46:36.2267893Z [987/1965] Building experimental backend-neutral Level G UI library
2026-09-15T21:46:36.5218833Z [988/1965] Building C object interpreter/CMakeFiles/rxbvm_instrumented_core_objects.dir/rxvmintp.c.obj
2026-09-15T21:46:36.9149582Z [989/1965] Generating UI contract v0 bindings and schema
2026-09-15T21:46:37.0361990Z [990/1965] Link the private rxpp runtime image ...
2026-09-15T21:46:37.4180899Z [991/1965] Package the private rxpp runtime image as C ...
2026-09-15T21:46:37.5151568Z [992/1965] Staging deterministic crexx driver imports ...
2026-09-15T21:46:37.6034583Z [993/1965] Staging deterministic debugger imports ...
2026-09-15T21:46:37.6674773Z [994/1965] Generating ../../bin/ui_catalog.rxbin
2026-09-15T21:46:38.2148437Z [995/1965] Building C object preprocessor/CMakeFiles/rxpp.dir/generated/rxpp/rxpp.c.obj
2026-09-15T21:46:39.9077864Z [996/1965] Bootstrapping the installed crexx project-build worker ...
2026-09-15T21:46:40.2766140Z [997/1965] Generating ../../bin/ui_contract.rxbin
2026-09-15T21:46:40.6805565Z [998/1965] Linking C executable bin\rxpp.exe
2026-09-15T21:46:40.7780630Z [999/1965] cREXX compile and assemble rxdb_gui ...
2026-09-15T21:46:41.6631047Z [1000/1965] Compiling dynamic_load_provider.crexx ...
2026-09-15T21:46:41.7527060Z [1001/1965] Staging deterministic rxdb GUI metadata ...
2026-09-15T21:46:42.1090662Z [1002/1965] Generating ../../bin/ui_local_resources.rxbin
2026-09-15T21:46:43.5302413Z [1003/1965] Generating ../../bin/ui_terminal_view.rxbin
2026-09-15T21:46:43.6466904Z [1004/1965] Generating ../../bin/ui_dialogs.rxbin
2026-09-15T21:46:43.6764554Z [1005/1965] Staging deterministic RexxScript runner imports ...
2026-09-15T21:46:43.8263398Z [1006/1965] Generating source-mapped Text Inspector application with RXPP
2026-09-15T21:46:43.8275765Z CRX0010I [21:46:43.745826] Pre-Compile started
2026-09-15T21:46:43.8291372Z Input File:   D:/a/CREXX/CREXX/examples/ui/text-inspector/text_inspector.rxpp
2026-09-15T21:46:43.8292869Z Output File:  D:/a/_temp/qualification/examples/ui/text-inspector/generated/text_inspector.crexx
2026-09-15T21:46:43.8296667Z Macro Lib:    D:/a/_temp/qualification/examples/ui/text-inspector/rxpp/maclib.rexx
2026-09-15T21:46:43.8363194Z Verbose:      1
2026-09-15T21:46:43.8380721Z CRX0100I [21:46:43.751202] Pre-Compile pass one
2026-09-15T21:46:43.8413560Z CRX0110I [21:46:43.751231] System Path D:/a/_temp/qualification/examples/ui/text-inspector/rxpp/
2026-09-15T21:46:43.8425928Z CRX0110I [21:46:43.751270] Input Path  D:/a/CREXX/CREXX/examples/ui/text-inspector/
2026-09-15T21:46:43.8439318Z CRX0110I [21:46:43.751298] Macro Path  D:/a/_temp/qualification/examples/ui/text-inspector/rxpp/
2026-09-15T21:46:43.8476345Z CRX0110I [21:46:43.751322] Build Path  D:/a/_temp/qualification/examples/ui/text-inspector/generated/
2026-09-15T21:46:43.8497796Z CRX0120I [21:46:43.755087] Maclib loaded:      68 records
2026-09-15T21:46:43.8501202Z CRX0130I [21:46:43.755124] Macros extracted:   35
2026-09-15T21:46:43.8581495Z CRX0120I [21:46:43.758023] System Maclib loaded: 42 records
2026-09-15T21:46:43.8616993Z CRX0130I [21:46:43.758053] Macros extracted:     29
2026-09-15T21:46:43.8618626Z CRX0140I [21:46:43.759379] Rexx Source loaded: 210 records
2026-09-15T21:46:43.8619812Z CRX0110I [21:46:43.760944] Macro Path  D:/a/_temp/qualification/examples/ui/text-inspector/rxpp/ui/
2026-09-15T21:46:43.8642418Z CRX0170I Script macro ##ui_command registered from D:/a/_temp/qualification/examples/ui/text-inspector/rxpp/ui/
2026-09-15T21:46:43.8682042Z CRX0170I Script macro ##ui_launcher registered from D:/a/_temp/qualification/examples/ui/text-inspector/rxpp/ui/
2026-09-15T21:46:43.8695201Z CRX0170I Script macro ##ui_node registered from D:/a/_temp/qualification/examples/ui/text-inspector/rxpp/ui/
2026-09-15T21:46:43.8707782Z CRX0150I [21:46:43.770546] Macros extracted:   0
2026-09-15T21:46:43.8742229Z CRX0160I [21:46:43.770710] Macros arranged:    64
2026-09-15T21:46:43.8762583Z CRX0200I [21:46:43.771073] Pre-Compile pass two
2026-09-15T21:46:43.8765825Z CRX0171I Script macro ##ui_command selected from D:/a/_temp/qualification/examples/ui/text-inspector/rxpp/ui/ui_command.rxpm
2026-09-15T21:46:43.8832948Z CRX0171I Script macro ##ui_node selected from D:/a/_temp/qualification/examples/ui/text-inspector/rxpp/ui/ui_node.rxpm
2026-09-15T21:46:43.8850522Z CRX0300I [21:46:43.816222] Pre-Compiled REXX generated 
2026-09-15T21:46:43.8852611Z CRX0310I [21:46:43.816286] Pre-Compiled REXX saved
2026-09-15T21:46:43.8914079Z CRX0510I [21:46:43.817458] Library import names passed to D:/a/_temp/qualification/examples/ui/text-inspector/generated/text_inspector.inc
2026-09-15T21:46:43.8941966Z CRX0500I [21:46:43.817515] Pre-Compile completed, 8 macro calls expanded, total source lines 600
2026-09-15T21:46:43.8974083Z CRX0101I [21:46:43.817559] Elapsed Time 0.07251 seconds, 72.51 milliseconds
2026-09-15T21:46:43.9171458Z [1007/1965] Generating ascommon_noopt.rxbin
2026-09-15T21:46:43.9252612Z [1008/1965] Generating ascommon_opt.rxbin
2026-09-15T21:46:44.3573239Z [1009/1965] Building optimized array-formatting example program
2026-09-15T21:46:44.6611106Z [1010/1965] Compiling stub_plugin.crexx ...
2026-09-15T21:46:45.4389688Z [1011/1965] Compiling cms_address_demo.crexx ...
2026-09-15T21:46:46.1852858Z [1012/1965] Compiling address_cms_host.crexx ...
2026-09-15T21:46:46.8061751Z [1013/1965] Compiling cms_address_environment.crexx ...
2026-09-15T21:46:47.2676396Z [1014/1965] Compiling kv_address_demo.crexx ...
2026-09-15T21:46:47.9357767Z [1015/1965] Compiling address_callback_host.crexx ...
2026-09-15T21:46:48.1932127Z [1016/1965] Compiling e2_active_context.crexx ...
2026-09-15T21:46:48.7425122Z [1017/1965] Compiling dynamic_load_host.crexx ...
2026-09-15T21:46:49.0798294Z [1018/1965] Compiling crexxsaa_variables_host.crexx ...
2026-09-15T21:46:49.6759268Z [1019/1965] cREXX compile, assemble, link and package rxdb ...
2026-09-15T21:46:49.7788469Z [1020/1965] Compiling test_reentrancy.crexx ...
2026-09-15T21:46:51.1428972Z [1021/1965] Compiling PERF3-13 E4 program-generation controls ...
2026-09-15T21:46:51.8770343Z [1022/1965] Compiling PERF3-13 E5 native-doorbell control ...
2026-09-15T21:46:52.5142811Z [1023/1965] Compiling RCC-3 module initializer fixtures ...
2026-09-15T21:46:52.6197855Z [1024/1965] Generating we_noopt.rxbin
2026-09-15T21:46:52.8639902Z [1025/1965] cREXX compile and assemble tinyexpr ...
2026-09-15T21:46:52.9540218Z [1026/1965] Staging deterministic rxsqlite ADDRESS imports ...
2026-09-15T21:46:53.4436660Z [1027/1965] Generating we_opt.rxbin
2026-09-15T21:46:53.5701240Z [1028/1965] Generating testid_noopt.rxbin
2026-09-15T21:46:54.1005604Z [1029/1965] Generating testid_opt.rxbin
2026-09-15T21:46:54.9269075Z [1030/1965] Building portable Level G cREXX TUI driver
2026-09-15T21:46:56.4265914Z [1031/1965] Generating ui_driver_probe.rxbin
2026-09-15T21:46:56.4927303Z [1032/1965] Generating ../../bin/ui_ansi.rxbin
2026-09-15T21:46:57.7601821Z [1033/1965] Building optimized pprint compiler-exit example
2026-09-15T21:46:58.0006638Z [1034/1965] Compiling and assembling Text Inspector application
2026-09-15T21:46:58.0027741Z [1035/1965] Generating asutf_noopt.rxbin
2026-09-15T21:46:58.0281804Z [1036/1965] Generating asutf_opt.rxbin
2026-09-15T21:46:58.1367400Z [1037/1965] Building C object tests/rxpa/CMakeFiles/_rxpa_dynlink.dir/rxpa_dynlink.c.obj
2026-09-15T21:46:58.1389821Z [1038/1965] Building C object tests/rxpa/CMakeFiles/_rxpa_callmethod.dir/rxpa_callmethod.c.obj
2026-09-15T21:46:58.2295291Z [1039/1965] Building C object tests/rxpa/CMakeFiles/rxc_staticlink.dir/__/__/compiler/rxc_main.c.obj
2026-09-15T21:46:58.3575338Z [1040/1965] Building C object tests/rxpa/CMakeFiles/_testfuncs_dynamic.dir/rxpa_functests.c.obj
2026-09-15T21:46:58.4606339Z [1041/1965] Building C object tests/rxpa/multplugins/CMakeFiles/_plugin1.dir/plugin1.c.obj
2026-09-15T21:46:58.5601030Z [1042/1965] Building C object tests/rxpa/multplugins/CMakeFiles/_plugin2.dir/plugin2.c.obj
2026-09-15T21:46:58.7033670Z [1043/1965] Building C object compiler/tests/CMakeFiles/test_crexxsaa_status.dir/src/test_crexxsaa_status.c.obj
2026-09-15T21:46:58.8590415Z [1044/1965] Building C object compiler/tests/CMakeFiles/test_bridge.dir/src/test_bridge.c.obj
2026-09-15T21:46:58.8950081Z [1045/1965] Generating cri17_attached_provider_noopt.rxbin
2026-09-15T21:46:58.9956218Z [1046/1965] Building C object compiler/tests/CMakeFiles/test_address_bridge.dir/src/test_address_bridge.c.obj
2026-09-15T21:46:59.2569540Z [1047/1965] Building C object compiler/tests/CMakeFiles/test_address_callback_host.dir/src/test_address_callback_host.c.obj
2026-09-15T21:46:59.3775016Z [1048/1965] Building C object compiler/tests/CMakeFiles/native_kv_address_demo.dir/__/__/demos/native/kv/kv_address_demo.c.obj
2026-09-15T21:46:59.4975634Z [1049/1965] Building C object compiler/tests/CMakeFiles/test_dynamic_load.dir/src/test_dynamic_load.c.obj
2026-09-15T21:46:59.6884801Z [1050/1965] Building C object compiler/tests/CMakeFiles/test_crexxsaa_variables.dir/src/test_crexxsaa_variables.c.obj
2026-09-15T21:47:00.1908666Z [1051/1965] Building exittestsupport.rxbin
2026-09-15T21:47:00.8933857Z [1052/1965] Building C object compiler/tests/CMakeFiles/test_e2_active_context.dir/src/test_e2_active_context.c.obj
2026-09-15T21:47:01.3311423Z [1053/1965] Compiling test_trace_source_jump_helper.crexx (noopt)
2026-09-15T21:47:01.7186449Z [1054/1965] Building C object debugger/CMakeFiles/rxdb.dir/rxdb.c.obj
2026-09-15T21:47:02.2044060Z [1055/1965] Compiling test_trace_source_jump_helper.crexx (opt)
2026-09-15T21:47:02.4009447Z [1056/1965] Building C object interpreter/CMakeFiles/test_reentrancy.dir/tests/test_reentrancy.c.obj
2026-09-15T21:47:02.6327766Z [1057/1965] Building C object interpreter/CMakeFiles/module_initializers-rxvml.dir/tests/test_module_initializers.c.obj
2026-09-15T21:47:02.8571673Z [1058/1965] Building C object interpreter/CMakeFiles/module_initializers-rxbvml.dir/tests/test_module_initializers.c.obj
2026-09-15T21:47:03.0979220Z [1059/1965] Building C object interpreter/CMakeFiles/module_initializers-rxtvml.dir/tests/test_module_initializers.c.obj
2026-09-15T21:47:03.2313083Z [1060/1965] Building C object interpreter/CMakeFiles/rxtvm_instrumented_core_objects.dir/rxvmworker.c.obj
2026-09-15T21:47:04.7248048Z [1061/1965] Building C object interpreter/CMakeFiles/rxtvm_instrumented_core_objects.dir/rxvmprogram.c.obj
2026-09-15T21:47:06.0214875Z [1062/1965] Building C object interpreter/CMakeFiles/module_initializers-rxtvml.dir/rxvml.c.obj
2026-09-15T21:47:06.6143327Z [1063/1965] Building C object interpreter/CMakeFiles/program_generation_control-rxvml.dir/tests/test_program_generation_control.c.obj
2026-09-15T21:47:07.2179739Z [1064/1965] Building C object interpreter/CMakeFiles/program_generation_control-rxbvml.dir/tests/test_program_generation_control.c.obj
2026-09-15T21:47:07.8241437Z [1065/1965] Building C object interpreter/CMakeFiles/program_generation_control-rxtvml.dir/tests/test_program_generation_control.c.obj
2026-09-15T21:47:08.2301930Z [1066/1965] Building C object interpreter/CMakeFiles/rxtvm_instrumented_core_objects.dir/rxvmexecutor.c.obj
2026-09-15T21:47:10.8295898Z [1067/1965] Building C object interpreter/CMakeFiles/program_generation_control-rxtvml.dir/rxvml.c.obj
2026-09-15T21:47:11.5833795Z [1068/1965] Building C object interpreter/CMakeFiles/rxtvm_instrumented_core_objects.dir/rxvmchannel.c.obj
2026-09-15T21:47:11.8752039Z [1069/1965] Building Level G and Unicode with the Level B builder ...
2026-09-15T21:47:11.8755614Z WAVE: G1 independent base members jobs=5
2026-09-15T21:47:11.8776076Z START: G member decimal
2026-09-15T21:47:11.8777714Z START: G member packednumeric
2026-09-15T21:47:11.8780923Z START: G member httpcodec
2026-09-15T21:47:11.8791880Z START: G member integer
2026-09-15T21:47:11.8804223Z START: G member httpcore
2026-09-15T21:47:11.8860420Z BUILT: G member integer
2026-09-15T21:47:11.8879574Z BUILT: G member decimal
2026-09-15T21:47:11.8882502Z BUILT: G member packednumeric
2026-09-15T21:47:11.8998757Z BUILT: G member httpcodec
2026-09-15T21:47:11.9087349Z BUILT: G member httpcore
2026-09-15T21:47:11.9107611Z WAVE: G2 public HTTP jobs=1
2026-09-15T21:47:11.9188501Z START: G member http
2026-09-15T21:47:11.9332214Z BUILT: G member http
2026-09-15T21:47:11.9415905Z WAVE: G3 HTTP consumers jobs=2
2026-09-15T21:47:11.9436082Z START: G member httpserver
2026-09-15T21:47:11.9512777Z START: G member llm
2026-09-15T21:47:11.9650886Z BUILT: G member llm
2026-09-15T21:47:11.9763215Z BUILT: G member httpserver
2026-09-15T21:47:11.9866488Z WAVE: U1 independent table tools jobs=6
2026-09-15T21:47:12.0003355Z START: G member encoding_table
2026-09-15T21:47:12.0099330Z START: G member unicode_normprops
2026-09-15T21:47:12.0119445Z START: G member level_l_gennorm2
2026-09-15T21:47:12.0200389Z START: G member case_mapping_table
2026-09-15T21:47:12.0342599Z START: G member casefold_table
2026-09-15T21:47:12.0436180Z BUILT: G member level_l_gennorm2
2026-09-15T21:47:12.0519103Z START: G member grapheme_table
2026-09-15T21:47:12.0676345Z BUILT: G member encoding_table
2026-09-15T21:47:12.0760327Z BUILT: G member case_mapping_table
2026-09-15T21:47:12.0760892Z BUILT: G member unicode_normprops
2026-09-15T21:47:12.0761347Z BUILT: G member grapheme_table
2026-09-15T21:47:12.0761802Z BUILT: G member casefold_table
2026-09-15T21:47:12.0763862Z WAVE: U2 dependent generators jobs=5
2026-09-15T21:47:12.0764626Z START: G member generate_case_mapping
2026-09-15T21:47:12.0765115Z START: G member unicode_gennorm2
2026-09-15T21:47:12.0765566Z START: G member generate_encoding
2026-09-15T21:47:12.0766030Z START: G member generate_grapheme
2026-09-15T21:47:12.0766514Z BUILT: G member generate_grapheme
2026-09-15T21:47:12.0766943Z BUILT: G member generate_encoding
2026-09-15T21:47:12.0767398Z START: G member generate_casefold
2026-09-15T21:47:12.0767865Z BUILT: G member generate_case_mapping
2026-09-15T21:47:12.0768355Z BUILT: G member generate_casefold
2026-09-15T21:47:12.0768800Z BUILT: G member unicode_gennorm2
2026-09-15T21:47:12.0769269Z WAVE: U3 normalization data tool jobs=1
2026-09-15T21:47:12.0769758Z START: G member unicode_data
2026-09-15T21:47:12.0770169Z BUILT: G member unicode_data
2026-09-15T21:47:12.0770639Z WAVE: U4 prepared normalization table jobs=1
2026-09-15T21:47:12.0771316Z START: G member unicode_d
2026-09-15T21:47:12.0771715Z BUILT: G member unicode_d
2026-09-15T21:47:12.0772124Z WAVE: U5 normalization generator jobs=1
2026-09-15T21:47:12.0772618Z START: G member generate_normalization
2026-09-15T21:47:12.0773112Z BUILT: G member generate_normalization
2026-09-15T21:47:12.0773612Z WAVE: U6 link source generators jobs=5
2026-09-15T21:47:12.0774087Z START: link encoding generator
2026-09-15T21:47:12.1334671Z START: link case-fold generator
2026-09-15T21:47:12.1412088Z START: link case-mapping generator
2026-09-15T21:47:12.1420756Z START: link grapheme generator
2026-09-15T21:47:12.1503399Z START: link normalization generator
2026-09-15T21:47:12.1662922Z BUILT: link normalization generator
2026-09-15T21:47:12.1739191Z BUILT: link case-mapping generator
2026-09-15T21:47:12.1822082Z BUILT: link case-fold generator
2026-09-15T21:47:12.1999223Z BUILT: link grapheme generator
2026-09-15T21:47:12.2059937Z BUILT: link encoding generator
2026-09-15T21:47:12.2062401Z WAVE: U7 generate runtime sources jobs=5
2026-09-15T21:47:12.2158299Z START: generate case-fold source
2026-09-15T21:47:12.2317717Z START: generate case-mapping source
2026-09-15T21:47:12.2376567Z START: generate encoding source
2026-09-15T21:47:12.2396746Z START: generate grapheme source
2026-09-15T21:47:12.2478858Z START: generate normalization source
2026-09-15T21:47:12.2638120Z BUILT: generate grapheme source
2026-09-15T21:47:12.2707996Z BUILT: generate encoding source
2026-09-15T21:47:12.2727933Z BUILT: generate case-mapping source
2026-09-15T21:47:12.2809741Z BUILT: generate case-fold source
2026-09-15T21:47:12.2968866Z BUILT: generate normalization source
2026-09-15T21:47:12.3026157Z WAVE: U8 private Unicode runtimes jobs=5
2026-09-15T21:47:12.3046291Z START: G member unicode_casefold
2026-09-15T21:47:12.3126680Z START: G member unicode_normalization
2026-09-15T21:47:12.3313996Z START: G member unicode_grapheme
2026-09-15T21:47:12.3404793Z BUILT: G member unicode_grapheme
2026-09-15T21:47:12.3663480Z START: G member unicode_codec
2026-09-15T21:47:12.3751124Z START: G member unicode_case_mapping
2026-09-15T21:47:12.3845701Z BUILT: G member unicode_casefold
2026-09-15T21:47:12.3982108Z BUILT: G member unicode_case_mapping
2026-09-15T21:47:12.4047731Z BUILT: G member unicode_codec
2026-09-15T21:47:12.4080109Z BUILT: G member unicode_normalization
2026-09-15T21:47:12.4179611Z WAVE: U9 public Unicode facade jobs=1
2026-09-15T21:47:12.4317663Z START: G member unicode
2026-09-15T21:47:12.4379443Z BUILT: G member unicode
2026-09-15T21:47:12.4398491Z BUILT: Level G library
2026-09-15T21:47:12.4502309Z PUBLISHED: D:/a/_temp/qualification/bin/rxfnsg.rxbin
2026-09-15T21:47:12.5598921Z [1070/1965] Building C object interpreter/CMakeFiles/persistent_worker_executor-rxvml.dir/tests/test_persistent_worker_executor.c.obj
2026-09-15T21:47:13.3905167Z [1071/1965] Building C object interpreter/CMakeFiles/rxtvm_instrumented_core_objects.dir/rxvmchannel_process.c.obj
2026-09-15T21:47:14.2409623Z [1072/1965] C Packing cREXX Core Libraries ...
2026-09-15T21:47:14.3942114Z [1073/1965] Compiling address_llm_host.crexx ...
2026-09-15T21:47:14.8810689Z [1074/1965] Compiling llm_address_environment.crexx ...
2026-09-15T21:47:15.0099447Z [1075/1965] Building C object interpreter/CMakeFiles/rxtvm_instrumented_core_objects.dir/rxvmprocessprotocol.c.obj
2026-09-15T21:47:15.5280734Z [1076/1965] Building C object interpreter/CMakeFiles/rxvme.dir/rxvmmain.c.obj
2026-09-15T21:47:16.3216892Z [1077/1965] Building C object interpreter/CMakeFiles/rxtvm_instrumented_core_objects.dir/rxvmprocessworker.c.obj
2026-09-15T21:47:16.8303142Z [1078/1965] Building C object interpreter/CMakeFiles/rxbvme.dir/rxvmmain.c.obj
2026-09-15T21:47:17.6327693Z [1079/1965] Building C object interpreter/CMakeFiles/rxtvm_instrumented_core_objects.dir/rxvmbyteendpoint.c.obj
2026-09-15T21:47:18.2850665Z [1080/1965] Building C object interpreter/CMakeFiles/rxvme.dir/library.c.obj
2026-09-15T21:47:19.2760009Z [1081/1965] Building C object interpreter/CMakeFiles/rxtvm_instrumented_core_objects.dir/rxvmchannel_byte.c.obj
2026-09-15T21:47:19.9810740Z [1082/1965] Building C object interpreter/CMakeFiles/persistent_worker_executor-rxbvml.dir/tests/test_persistent_worker_executor.c.obj
2026-09-15T21:47:20.7754566Z [1083/1965] Building C object interpreter/CMakeFiles/rxbvme.dir/library.c.obj
2026-09-15T21:47:21.1594699Z [1084/1965] Building C object interpreter/CMakeFiles/rxtvm_instrumented_core_objects.dir/rxvmchannel_child.c.obj
2026-09-15T21:47:21.3260138Z [1085/1965] Building C object interpreter/CMakeFiles/rxtvm_instrumented_core_objects.dir/rxvmactive.c.obj
2026-09-15T21:47:21.7478875Z [1086/1965] Building C object interpreter/CMakeFiles/persistent_worker_executor-rxtvml.dir/tests/test_persistent_worker_executor.c.obj
2026-09-15T21:47:22.5216065Z [1087/1965] Building the LOADMODULE focused provider
2026-09-15T21:47:23.3843095Z [1088/1965] Generating test1_noopt.rxbin
2026-09-15T21:47:23.5971090Z [1089/1965] Building C object interpreter/CMakeFiles/persistent_worker_executor-rxtvml.dir/rxvml.c.obj
2026-09-15T21:47:23.6176395Z [1090/1965] cREXX Linked Level L Library Image ...
2026-09-15T21:47:24.2337117Z [1091/1965] Generating test1_opt.rxbin
2026-09-15T21:47:24.3025903Z [1092/1965] Building C object interpreter/CMakeFiles/rxtvm_instrumented_core_objects.dir/rxvmload.c.obj
2026-09-15T21:47:24.4865363Z [1093/1965] Generating numeric_test_support.rxbin
2026-09-15T21:47:24.5770513Z [1094/1965] Generating treemap_test.crexx
2026-09-15T21:47:24.6731389Z [1095/1965] Generating recv390_test.crexx
2026-09-15T21:47:24.7726424Z [1096/1965] Generating map_test.crexx
2026-09-15T21:47:25.4401307Z [1097/1965] Building the rxsqlite Level-G ADDRESS facade ...
2026-09-15T21:47:25.5824813Z [1098/1965] Generating testKeyDB_noopt.rxbin
2026-09-15T21:47:25.7007412Z [1099/1965] Building C object interpreter/CMakeFiles/rxtvm_instrumented_core_objects.dir/interrupt.c.obj
2026-09-15T21:47:26.4600826Z [1100/1965] Generating numeric_test_support.rxbin
2026-09-15T21:47:26.5491705Z [1101/1965] Bundling standalone pprint compiler-exit example
2026-09-15T21:47:26.6827839Z [1102/1965] Generating Text Inspector TUI launcher with RXPP
2026-09-15T21:47:26.6831034Z CRX0010I [21:47:26.612277] Pre-Compile started
2026-09-15T21:47:26.6851422Z Input File:   D:/a/CREXX/CREXX/examples/ui/text-inspector/text_inspector_tui.rxpp
2026-09-15T21:47:26.6855000Z Output File:  D:/a/_temp/qualification/examples/ui/text-inspector/generated/text_inspector_tui.crexx
2026-09-15T21:47:26.6906401Z Macro Lib:    D:/a/_temp/qualification/examples/ui/text-inspector/rxpp/maclib.rexx
2026-09-15T21:47:26.6924098Z Verbose:      1
2026-09-15T21:47:26.6941792Z CRX0100I [21:47:26.657013] Pre-Compile pass one
2026-09-15T21:47:26.6945761Z CRX0110I [21:47:26.657050] System Path D:/a/_temp/qualification/examples/ui/text-inspector/rxpp/
2026-09-15T21:47:26.6949460Z CRX0110I [21:47:26.657095] Input Path  D:/a/CREXX/CREXX/examples/ui/text-inspector/
2026-09-15T21:47:26.6970141Z CRX0110I [21:47:26.657124] Macro Path  D:/a/_temp/qualification/examples/ui/text-inspector/rxpp/
2026-09-15T21:47:26.7019402Z CRX0110I [21:47:26.657158] Build Path  D:/a/_temp/qualification/examples/ui/text-inspector/generated/
2026-09-15T21:47:26.7152113Z CRX0120I [21:47:26.661109] Maclib loaded:      68 records
2026-09-15T21:47:26.7232535Z CRX0130I [21:47:26.661149] Macros extracted:   35
2026-09-15T21:47:26.7303232Z CRX0120I [21:47:26.664281] System Maclib loaded: 42 records
2026-09-15T21:47:26.7322655Z CRX0130I [21:47:26.664311] Macros extracted:     29
2026-09-15T21:47:26.7483666Z CRX0140I [21:47:26.664560] Rexx Source loaded: 7 records
2026-09-15T21:47:26.7505997Z CRX0110I [21:47:26.665007] Macro Path  D:/a/_temp/qualification/examples/ui/text-inspector/rxpp/ui/
2026-09-15T21:47:26.7508431Z CRX0170I Script macro ##ui_command registered from D:/a/_temp/qualification/examples/ui/text-inspector/rxpp/ui/
2026-09-15T21:47:26.7510173Z CRX0170I Script macro ##ui_launcher registered from D:/a/_temp/qualification/examples/ui/text-inspector/rxpp/ui/
2026-09-15T21:47:26.7512398Z CRX0170I Script macro ##ui_node registered from D:/a/_temp/qualification/examples/ui/text-inspector/rxpp/ui/
2026-09-15T21:47:26.7517535Z CRX0150I [21:47:26.666512] Macros extracted:   0
2026-09-15T21:47:26.7520289Z CRX0160I [21:47:26.666666] Macros arranged:    64
2026-09-15T21:47:26.7529906Z CRX0200I [21:47:26.666735] Pre-Compile pass two
2026-09-15T21:47:26.7531804Z CRX0171I Script macro ##ui_launcher selected from D:/a/_temp/qualification/examples/ui/text-inspector/rxpp/ui/ui_launcher.rxpm
2026-09-15T21:47:26.7533173Z CRX0300I [21:47:26.672502] Pre-Compiled REXX generated 
2026-09-15T21:47:26.7534612Z CRX0310I [21:47:26.672532] Pre-Compiled REXX saved
2026-09-15T21:47:26.7536762Z CRX0510I [21:47:26.673150] Library import names passed to D:/a/_temp/qualification/examples/ui/text-inspector/generated/text_inspector_tui.inc
2026-09-15T21:47:26.7541194Z CRX0500I [21:47:26.673190] Pre-Compile completed, 0 macro calls expanded, total source lines 26
2026-09-15T21:47:26.7544138Z CRX0101I [21:47:26.673256] Elapsed Time 0.061721 seconds, 61.721 milliseconds
2026-09-15T21:47:26.7801732Z [1103/1965] Generating generated/text_inspector_ansi.crexx
2026-09-15T21:47:26.7819717Z CRX0010I [21:47:26.747424] Pre-Compile started
2026-09-15T21:47:26.7821501Z Input File:   D:/a/CREXX/CREXX/examples/ui/text-inspector/text_inspector_ansi.rxpp
2026-09-15T21:47:26.7882598Z Output File:  D:/a/_temp/qualification/examples/ui/text-inspector/generated/text_inspector_ansi.crexx
2026-09-15T21:47:26.7888029Z Macro Lib:    D:/a/_temp/qualification/examples/ui/text-inspector/rxpp/maclib.rexx
2026-09-15T21:47:26.7905272Z Verbose:      1
2026-09-15T21:47:26.7959143Z CRX0100I [21:47:26.754613] Pre-Compile pass one
2026-09-15T21:47:26.8120545Z CRX0110I [21:47:26.754645] System Path D:/a/_temp/qualification/examples/ui/text-inspector/rxpp/
2026-09-15T21:47:26.8201918Z CRX0110I [21:47:26.754683] Input Path  D:/a/CREXX/CREXX/examples/ui/text-inspector/
2026-09-15T21:47:26.8216757Z CRX0110I [21:47:26.754708] Macro Path  D:/a/_temp/qualification/examples/ui/text-inspector/rxpp/
2026-09-15T21:47:26.8284697Z CRX0110I [21:47:26.754733] Build Path  D:/a/_temp/qualification/examples/ui/text-inspector/generated/
2026-09-15T21:47:26.8457546Z CRX0120I [21:47:26.758398] Maclib loaded:      68 records
2026-09-15T21:47:26.8534677Z CRX0130I [21:47:26.758429] Macros extracted:   35
2026-09-15T21:47:26.8615355Z CRX0120I [21:47:26.761674] System Maclib loaded: 42 records
2026-09-15T21:47:26.8776539Z CRX0130I [21:47:26.761706] Macros extracted:     29
2026-09-15T21:47:26.8853077Z CRX0140I [21:47:26.761961] Rexx Source loaded: 7 records
2026-09-15T21:47:26.8854802Z CRX0110I [21:47:26.762477] Macro Path  D:/a/_temp/qualification/examples/ui/text-inspector/rxpp/ui/
2026-09-15T21:47:26.8941580Z CRX0170I Script macro ##ui_command registered from D:/a/_temp/qualification/examples/ui/text-inspector/rxpp/ui/
2026-09-15T21:47:26.9100425Z CRX0170I Script macro ##ui_launcher registered from D:/a/_temp/qualification/examples/ui/text-inspector/rxpp/ui/
2026-09-15T21:47:26.9171223Z CRX0170I Script macro ##ui_node registered from D:/a/_temp/qualification/examples/ui/text-inspector/rxpp/ui/
2026-09-15T21:47:26.9276366Z CRX0150I [21:47:26.764101] Macros extracted:   0
2026-09-15T21:47:26.9431712Z CRX0160I [21:47:26.764242] Macros arranged:    64
2026-09-15T21:47:26.9489977Z CRX0200I [21:47:26.764318] Pre-Compile pass two
2026-09-15T21:47:26.9609691Z CRX0171I Script macro ##ui_launcher selected from D:/a/_temp/qualification/examples/ui/text-inspector/rxpp/ui/ui_launcher.rxpm
2026-09-15T21:47:26.9674136Z CRX0300I [21:47:26.769887] Pre-Compiled REXX generated 
2026-09-15T21:47:26.9677023Z CRX0310I [21:47:26.769919] Pre-Compiled REXX saved
2026-09-15T21:47:26.9691027Z CRX0510I [21:47:26.770799] Library import names passed to D:/a/_temp/qualification/examples/ui/text-inspector/generated/text_inspector_ansi.inc
2026-09-15T21:47:26.9695877Z CRX0500I [21:47:26.770836] Pre-Compile completed, 0 macro calls expanded, total source lines 26
2026-09-15T21:47:26.9697103Z CRX0101I [21:47:26.770873] Elapsed Time 0.024337 seconds, 24.337 milliseconds
2026-09-15T21:47:26.9751124Z [1104/1965] Generating testKeyDB_opt.rxbin
2026-09-15T21:47:27.7006326Z [1105/1965] Generating text_inspector_test_host.rxbin
2026-09-15T21:47:27.8477397Z [1106/1965] Generating basic_noopt.rxbin
2026-09-15T21:47:27.9916423Z [1107/1965] Linking C shared module tests\rxpa\rx_rxpa_dynlink.rxplugin
2026-09-15T21:47:28.2502401Z [1108/1965] Linking C executable bin\rxvme.exe
2026-09-15T21:47:28.6104950Z [1109/1965] Generating basic_opt.rxbin
2026-09-15T21:47:29.5796111Z [1110/1965] Building C object interpreter/CMakeFiles/rxtvm_instrumented_core_objects.dir/rxspawn.c.obj
2026-09-15T21:47:30.1045036Z [1111/1965] cREXX compile, assemble, link and package standalone RexxScript runner ...
2026-09-15T21:47:30.5679432Z [1112/1965] Building C object rexxscript/CMakeFiles/rexxscript_cli.dir/RexxScriptRunner.c.obj
2026-09-15T21:47:30.6659072Z [1113/1965] Building C object tests/rxpa/CMakeFiles/_rxpa_classdecl.dir/rxpa_classdecl.c.obj
2026-09-15T21:47:30.8191125Z [1114/1965] Linking C shared module tests\rxpa\rx_rxpa_callmethod.rxplugin
2026-09-15T21:47:30.9250880Z [1115/1965] Building C object tests/rxpa/CMakeFiles/_rxpa_bad_signatures.dir/rxpa_bad_signatures.c.obj
2026-09-15T21:47:31.2236864Z [1116/1965] Linking C executable tests\rxc_staticlink.exe
2026-09-15T21:47:31.3181799Z [1117/1965] Building C object tests/rxpa/CMakeFiles/rxc_classdecl_static.dir/__/__/compiler/rxc_main.c.obj
2026-09-15T21:47:31.4647756Z [1118/1965] Linking C shared module tests\rxpa\rx_testfuncs_dynamic.rxplugin
2026-09-15T21:47:31.6682303Z [1119/1965] Building C object tests/rxpa/CMakeFiles/cri17_attached_provider_control-rxvml.dir/cri17_attached_provider_control.c.obj
2026-09-15T21:47:31.8681426Z [1120/1965] Building C object tests/rxpa/CMakeFiles/cri17_attached_provider_control-rxbvml.dir/cri17_attached_provider_control.c.obj
2026-09-15T21:47:32.0256236Z [1121/1965] Linking C shared module tests\rxpa\multplugins\rx_plugin1.rxplugin
2026-09-15T21:47:32.2100960Z [1122/1965] Linking C shared module tests\rxpa\multplugins\rx_plugin2.rxplugin
2026-09-15T21:47:32.4079776Z [1123/1965] Building C object interpreter/CMakeFiles/rxtvm_instrumented_core_objects.dir/rxcrexxcmd.c.obj
2026-09-15T21:47:32.4428280Z [1124/1965] Linking C executable compiler\tests\test_bridge.exe
2026-09-15T21:47:32.5877455Z [1125/1965] Building C object interpreter/CMakeFiles/rxtvm_instrumented_core_objects.dir/exitfunc.c.obj
2026-09-15T21:47:32.6944622Z [1126/1965] Linking C executable compiler\tests\test_address_bridge.exe
2026-09-15T21:47:32.9391071Z [1127/1965] Linking C executable compiler\tests\native_kv_address_demo.exe
2026-09-15T21:47:33.0514986Z [1128/1965] Building C object interpreter/CMakeFiles/rxtvm_instrumented_core_objects.dir/rxpacallmethod.c.obj
2026-09-15T21:47:33.1814542Z [1129/1965] Linking C executable compiler\tests\test_address_callback_host.exe
2026-09-15T21:47:33.4534097Z [1130/1965] Linking C executable compiler\tests\test_e2_active_context.exe
2026-09-15T21:47:33.6742719Z [1131/1965] Linking C executable compiler\tests\test_dynamic_load.exe
2026-09-15T21:47:33.8466955Z [1132/1965] Linking C executable compiler\tests\test_crexxsaa_variables.exe
2026-09-15T21:47:34.0018672Z [1133/1965] Linking C executable compiler\tests\test_crexxsaa_status.exe
2026-09-15T21:47:34.1656645Z [1134/1965] Building C object interpreter/CMakeFiles/rxtvm_instrumented_core_objects.dir/rxpafuncs.c.obj
2026-09-15T21:47:34.5035491Z [1135/1965] Building C object interpreter/CMakeFiles/rxtvm_instrumented_core_objects.dir/rxvmintp.c.obj
2026-09-15T21:47:34.8173480Z [1136/1965] Building C object interpreter/CMakeFiles/rxtvm_instrumented_core_objects.dir/rxvml/rxvm_run.c.obj
2026-09-15T21:47:35.3788709Z [1137/1965] Compiling test_dump.crexx with exit (noopt)
2026-09-15T21:47:35.7051518Z [1138/1965] Compiling test_dump.crexx with exit (opt)
2026-09-15T21:47:36.0630457Z [1139/1965] Linking Level G LLM ADDRESS fixture with its concurrency classes ...
2026-09-15T21:47:36.2818129Z [1140/1965] Compiling test_query.crexx with exit (noopt)
2026-09-15T21:47:36.6051833Z [1141/1965] Compiling test_query.crexx with exit (opt)
2026-09-15T21:47:36.9586066Z [1142/1965] Compiling test_sort.crexx with exit (noopt)
2026-09-15T21:47:37.1817590Z [1143/1965] Compiling test_sort.crexx with exit (opt)
2026-09-15T21:47:37.4940725Z [1144/1965] Compiling test_sortx.crexx with exit (noopt)
2026-09-15T21:47:37.8622676Z [1145/1965] Compiling test_sortx.crexx with exit (opt)
2026-09-15T21:47:38.1125654Z [1146/1965] Compiling test_address.crexx with exit (noopt)
2026-09-15T21:47:38.6151818Z [1147/1965] Compiling test_address.crexx with exit (opt)
2026-09-15T21:47:38.9497709Z [1148/1965] Compiling test_address_direct.crexx with exit (noopt)
2026-09-15T21:47:39.5385370Z [1149/1965] Compiling test_address_after_signal_block.crexx with exit (noopt)
2026-09-15T21:47:39.9689979Z [1150/1965] Compiling test_address_after_signal_block.crexx with exit (opt)
2026-09-15T21:47:40.4820286Z [1151/1965] Compiling test_address_parallel_spawn.crexx with exit (noopt)
2026-09-15T21:47:41.0460823Z [1152/1965] Compiling test_address_parallel_spawn.crexx with exit (opt)
2026-09-15T21:47:41.0794192Z [1153/1965] Compiling test_address_direct.crexx with exit (opt)
2026-09-15T21:47:41.3664097Z [1154/1965] Compiling test_execio.crexx with exit (noopt)
2026-09-15T21:47:41.9619808Z [1155/1965] Compiling test_execio.crexx with exit (opt)
2026-09-15T21:47:42.0477164Z [1156/1965] Compiling test_add.crexx with exit (noopt)
2026-09-15T21:47:42.2757853Z [1157/1965] Compiling test_add.crexx with exit (opt)
2026-09-15T21:47:42.8574539Z [1158/1965] Compiling test_fsay.crexx with exit (noopt)
2026-09-15T21:47:42.9429632Z [1159/1965] Compiling test_fsay.crexx with exit (opt)
2026-09-15T21:47:43.1826063Z [1160/1965] Compiling test_msay.crexx with exit (noopt)
2026-09-15T21:47:43.8353282Z [1161/1965] Compiling test_msay.crexx with exit (opt)
2026-09-15T21:47:45.1482545Z [1162/1965] Compiling test_parse_direct.crexx with exit (noopt)
2026-09-15T21:47:45.3986781Z [1163/1965] Compiling test_parse.crexx with exit (noopt)
2026-09-15T21:47:46.5094240Z [1164/1965] Compiling test_parse_compiled_patterns.crexx with exit (noopt)
2026-09-15T21:47:49.3478706Z [1165/1965] Compiling test_parse_compiled_patterns.crexx with exit (opt)
2026-09-15T21:47:50.2284391Z [1166/1965] Compiling test_signal.crexx with exit (noopt)
2026-09-15T21:47:50.3980519Z [1167/1965] Compiling test_parse_direct.crexx with exit (opt)
2026-09-15T21:47:51.1661006Z [1168/1965] Compiling test_signal.crexx with exit (opt)
2026-09-15T21:47:51.4031139Z [1169/1965] Compiling test_signal_direct.crexx with exit (noopt)
2026-09-15T21:47:51.5208398Z [1170/1965] cREXX compile, assemble, link and package crexx ...
2026-09-15T21:47:51.9905686Z [1171/1965] Building C object crexx_driver/CMakeFiles/crexx.dir/crexx.c.obj
2026-09-15T21:47:52.2868581Z [1172/1965] Compiling test_signal_block.crexx with exit (noopt)
2026-09-15T21:47:52.6978124Z [1173/1965] Compiling test_signal_direct.crexx with exit (opt)
2026-09-15T21:47:52.9115886Z [1174/1965] Compiling test_signal_block.crexx with exit (opt)
2026-09-15T21:47:53.1708015Z [1175/1965] Compiling test_signal_block_levelg.crexx with exit (noopt)
2026-09-15T21:47:53.6159115Z [1176/1965] Compiling test_signal_block_levelg.crexx with exit (opt)
2026-09-15T21:47:53.8108531Z [1177/1965] Compiling reference_source_invalid_signal.crexx with exit (noopt)
2026-09-15T21:47:54.0604605Z [1178/1965] Compiling reference_source_invalid_signal.crexx with exit (opt)
2026-09-15T21:47:54.5627495Z [1179/1965] Compiling test_trace_exit.crexx with exit (noopt)
2026-09-15T21:47:55.0081311Z [1180/1965] Compiling test_trace_negated_string.crexx with exit (noopt)
2026-09-15T21:47:55.0325605Z [1181/1965] Compiling test_trace_exit.crexx with exit (opt)
2026-09-15T21:47:55.7854569Z [1182/1965] Compiling test_trace_negated_string.crexx with exit (opt)
2026-09-15T21:47:55.9278216Z [1183/1965] Compiling test_trace_results.crexx with exit (noopt)
2026-09-15T21:47:56.2029951Z [1184/1965] Compiling test_trace_results.crexx with exit (opt)
2026-09-15T21:47:56.6826075Z [1185/1965] Compiling test_trace_llm.crexx with exit (noopt)
2026-09-15T21:47:57.1243023Z [1186/1965] Compiling test_trace_llm.crexx with exit (opt)
2026-09-15T21:47:57.3337794Z [1187/1965] Compiling test_trace_direct.crexx with exit (noopt)
2026-09-15T21:47:58.0253407Z [1188/1965] Compiling test_trace_stderr.crexx with exit (noopt)
2026-09-15T21:47:58.4951900Z [1189/1965] Compiling test_trace_stderr.crexx with exit (opt)
2026-09-15T21:47:58.9211595Z [1190/1965] Compiling test_trace_file.crexx with exit (noopt)
2026-09-15T21:47:59.6675312Z [1191/1965] Compiling test_trace_file.crexx with exit (opt)
2026-09-15T21:47:59.8136301Z [1192/1965] Compiling test_trace_direct.crexx with exit (opt)
2026-09-15T21:47:59.8453060Z [1193/1965] Compiling test_trace_normal_quiet.crexx with exit (noopt)
2026-09-15T21:48:00.8047599Z [1194/1965] Compiling test_trace_normal_command.crexx with exit (noopt)
2026-09-15T21:48:00.8540479Z [1195/1965] Compiling test_trace_normal_quiet.crexx with exit (opt)
2026-09-15T21:48:01.0312496Z [1196/1965] Compiling test_trace_normal_command.crexx with exit (opt)
2026-09-15T21:48:01.7251946Z [1197/1965] Compiling test_trace_env.crexx with exit (noopt)
2026-09-15T21:48:01.9490479Z [1198/1965] Compiling test_trace_event_batch.crexx with exit (noopt)
2026-09-15T21:48:02.0379925Z [1199/1965] Compiling test_trace_env.crexx with exit (opt)
2026-09-15T21:48:02.8641198Z [1200/1965] Compiling test_trace_env.crexx with exit (noopt)
2026-09-15T21:48:02.9242185Z [1201/1965] Compiling test_trace_event_batch.crexx with exit (opt)
2026-09-15T21:48:03.1822725Z [1202/1965] Compiling test_trace_env.crexx with exit (opt)
2026-09-15T21:48:03.7686141Z [1203/1965] Compiling test_trace_env_ignored.crexx with exit (noopt)
2026-09-15T21:48:04.0946208Z [1204/1965] Compiling test_trace_env_ignored.crexx with exit (opt)
2026-09-15T21:48:04.1202730Z [1205/1965] Compiling test_trace_source_jump.crexx with exit (noopt)
2026-09-15T21:48:04.9655417Z [1206/1965] Compiling test_trace_source_jump.crexx with exit (opt)
2026-09-15T21:48:04.9965556Z [1207/1965] Compiling test_trace_namespace_commands.crexx with exit (noopt)
2026-09-15T21:48:04.9992128Z [1208/1965] Compiling test_trace_namespace_commands.crexx with exit (opt)
2026-09-15T21:48:05.8730233Z [1209/1965] Compiling test_rexxscript.crexx with exit (noopt)
2026-09-15T21:48:05.9251963Z [1210/1965] Compiling test_rexxscript.crexx with exit (opt)
2026-09-15T21:48:05.9520315Z [1211/1965] Compiling test_rexxscript_direct.crexx with exit (noopt)
2026-09-15T21:48:06.8342459Z [1212/1965] Compiling test_substr.crexx with exit (noopt)
2026-09-15T21:48:06.9153034Z [1213/1965] Compiling test_substr.crexx with exit (opt)
2026-09-15T21:48:07.1086638Z [1214/1965] Compiling test_rexxscript_direct.crexx with exit (opt)
2026-09-15T21:48:07.7019004Z [1215/1965] Compiling test_dummy.crexx with exit (noopt)
2026-09-15T21:48:07.7735589Z [1216/1965] Compiling test_dummy.crexx with exit (opt)
2026-09-15T21:48:08.0154260Z [1217/1965] Compiling test_rxqueue.crexx with exit (noopt)
2026-09-15T21:48:08.0288587Z [1218/1965] Linking C executable bin\rxdb.exe
2026-09-15T21:48:08.2610126Z [1219/1965] Linking C executable bin\rxbvme.exe
2026-09-15T21:48:08.2678892Z [1220/1965] Linking C executable bin\crexx.exe
2026-09-15T21:48:08.5654874Z [1221/1965] Linking C executable bin\rxbvm_instrumented.exe
2026-09-15T21:48:08.6447937Z [1222/1965] Compiling test_rxqueue.crexx with exit (opt)
2026-09-15T21:48:08.8298145Z [1223/1965] Linking C executable bin\rxtvm_instrumented.exe
2026-09-15T21:48:08.8408018Z [1224/1965] Compiling test_parse.crexx with exit (opt)
2026-09-15T21:48:08.8759171Z [1225/1965] Linking C executable interpreter\test_reentrancy.exe
2026-09-15T21:48:09.0651132Z [1226/1965] Linking C executable interpreter\module_initializers-rxvml.exe
2026-09-15T21:48:09.1338622Z [1227/1965] Linking C executable interpreter\module_initializers-rxbvml.exe
2026-09-15T21:48:09.2308143Z [1228/1965] Compiling dynamic interface contract ...
2026-09-15T21:48:09.3183873Z [1229/1965] Linking C executable interpreter\module_initializers-rxtvml.exe
2026-09-15T21:48:09.3789207Z [1230/1965] Linking C executable interpreter\program_generation_control-rxvml.exe
2026-09-15T21:48:09.6040709Z [1231/1965] Linking C executable interpreter\program_generation_control-rxbvml.exe
2026-09-15T21:48:09.6687675Z [1232/1965] Building the linein(stdin) prompt regression
2026-09-15T21:48:09.8477262Z [1233/1965] Linking C executable interpreter\program_generation_control-rxtvml.exe
2026-09-15T21:48:09.8980663Z [1234/1965] Linking C executable interpreter\persistent_worker_executor-rxvml.exe
2026-09-15T21:48:10.1098077Z [1235/1965] Linking C executable interpreter\persistent_worker_executor-rxbvml.exe
2026-09-15T21:48:10.1663550Z [1236/1965] Linking C executable interpreter\persistent_worker_executor-rxtvml.exe
2026-09-15T21:48:10.9095767Z [1237/1965] Generating tlinesz_noopt.rxbin
2026-09-15T21:48:10.9592215Z [1238/1965] Generating tlinesz_opt.rxbin
2026-09-15T21:48:11.0343826Z [1239/1965] Compiling dynamic interface host ...
2026-09-15T21:48:11.1024685Z [1240/1965] Compiling dynamic interface provider ...
2026-09-15T21:48:11.7381820Z [1241/1965] Generating ts_abbrev_noopt.rxbin
2026-09-15T21:48:11.7820993Z [1242/1965] Generating ts_abbrev_opt.rxbin
2026-09-15T21:48:11.8219489Z [1243/1965] Generating ts_abs_noopt.rxbin
2026-09-15T21:48:11.9394829Z [1244/1965] Generating ts_abs_opt.rxbin
2026-09-15T21:48:12.5488006Z [1245/1965] Generating ts_typed_numeric_noopt.rxbin
2026-09-15T21:48:12.7148823Z [1246/1965] Generating ts_address_protocol_noopt.rxbin
2026-09-15T21:48:12.9520658Z [1247/1965] Generating ts_typed_numeric_opt.rxbin
2026-09-15T21:48:13.4866392Z [1248/1965] Generating ts_address_noopt.rxbin
2026-09-15T21:48:13.6083115Z [1249/1965] Generating ts_address_protocol_opt.rxbin
2026-09-15T21:48:14.1168844Z [1250/1965] Generating ts_address_opt.rxbin
2026-09-15T21:48:14.4754781Z [1251/1965] Generating ts_address_crexx_noopt.rxbin
2026-09-15T21:48:14.5978277Z [1252/1965] Generating ts_address_capture_noopt.rxbin
2026-09-15T21:48:15.3467058Z [1253/1965] Generating ts_address_argv_noopt.rxbin
2026-09-15T21:48:15.5832385Z [1254/1965] Generating ts_address_argv_opt.rxbin
2026-09-15T21:48:16.1134471Z [1255/1965] Generating ts_address_capture_opt.rxbin
2026-09-15T21:48:16.2787211Z [1256/1965] Generating ts_address_array_lifecycle_noopt.rxbin
2026-09-15T21:48:16.8699100Z [1257/1965] Generating ts_address_array_lifecycle_opt.rxbin
2026-09-15T21:48:17.1348210Z [1258/1965] Generating ts_address_spawn_transfer_noopt.rxbin
2026-09-15T21:48:17.6997554Z [1259/1965] Generating ts_binary_noopt.rxbin
2026-09-15T21:48:18.4758345Z [1260/1965] Generating ts_c2x_noopt.rxbin
2026-09-15T21:48:18.6083832Z [1261/1965] Generating ts_address_spawn_transfer_opt.rxbin
2026-09-15T21:48:19.1411962Z [1262/1965] Generating ts_binary_opt.rxbin
2026-09-15T21:48:19.2762760Z [1263/1965] Generating ts_c2x_opt.rxbin
2026-09-15T21:48:19.4031318Z [1264/1965] Generating ts_center_noopt.rxbin
2026-09-15T21:48:20.0796753Z [1265/1965] Generating ts_changestr_noopt.rxbin
2026-09-15T21:48:20.0871777Z [1266/1965] Generating ts_center_opt.rxbin
2026-09-15T21:48:20.2516769Z [1267/1965] Generating ts_changestr_opt.rxbin
2026-09-15T21:48:20.8600167Z [1268/1965] Generating ts_compare_noopt.rxbin
2026-09-15T21:48:20.9949918Z [1269/1965] Generating ts_compare_opt.rxbin
2026-09-15T21:48:21.0509391Z [1270/1965] Generating ts_countstr_noopt.rxbin
2026-09-15T21:48:21.6670187Z [1271/1965] Generating ts_countstr_opt.rxbin
2026-09-15T21:48:21.8000504Z [1272/1965] Generating ts_d2c_noopt.rxbin
2026-09-15T21:48:21.9000566Z [1273/1965] Generating ts_d2c_opt.rxbin
2026-09-15T21:48:22.4514073Z [1274/1965] Generating ts_d2x_noopt.rxbin
2026-09-15T21:48:22.6927249Z [1275/1965] Generating ts_d2x_opt.rxbin
2026-09-15T21:48:22.7234698Z [1276/1965] Generating ts_date_noopt.rxbin
2026-09-15T21:48:23.4829859Z [1277/1965] Generating ts_date2_noopt.rxbin
2026-09-15T21:48:23.8369898Z [1278/1965] Generating ts_date_opt.rxbin
2026-09-15T21:48:23.8550132Z [1279/1965] Generating ts_date2_opt.rxbin
2026-09-15T21:48:24.2715548Z [1280/1965] Generating ts_date_core_noopt.rxbin
2026-09-15T21:48:24.6287641Z [1281/1965] Generating ts_delstr_noopt.rxbin
2026-09-15T21:48:24.7450697Z [1282/1965] Generating ts_date_core_opt.rxbin
2026-09-15T21:48:25.0521469Z [1283/1965] Generating ts_delstr_opt.rxbin
2026-09-15T21:48:25.4410504Z [1284/1965] Generating ts_delword_noopt.rxbin
2026-09-15T21:48:25.6053294Z [1285/1965] Generating ts_delword_opt.rxbin
2026-09-15T21:48:25.8409865Z [1286/1965] Generating ts_fileio_binary_noopt.rxbin
2026-09-15T21:48:26.3025988Z [1287/1965] Generating ts_fileio_binary_opt.rxbin
2026-09-15T21:48:26.3905220Z [1288/1965] Generating ts_fileio_chars_noopt.rxbin
2026-09-15T21:48:26.7730836Z [1289/1965] Generating ts_fileio_chars_opt.rxbin
2026-09-15T21:48:26.9019635Z [1290/1965] Generating ts_address_crexx_opt.rxbin
2026-09-15T21:48:27.1417009Z [1291/1965] Generating ts_format_noopt.rxbin
2026-09-15T21:48:27.3815679Z [1292/1965] Generating ts_format_opt.rxbin
2026-09-15T21:48:27.5513938Z [1293/1965] Generating ts_fnv_noopt.rxbin
2026-09-15T21:48:27.6917471Z [1294/1965] Generating ts_fnv_opt.rxbin
2026-09-15T21:48:27.9244881Z [1295/1965] Generating ts_fsayfmt_noopt.rxbin
2026-09-15T21:48:28.3699852Z [1296/1965] Generating ts_fsayfmt_opt.rxbin
2026-09-15T21:48:28.3780025Z [1297/1965] Generating ts_insert_noopt.rxbin
2026-09-15T21:48:28.4948942Z [1298/1965] Generating ts_insert_opt.rxbin
2026-09-15T21:48:28.7317008Z [1299/1965] Generating ts_left_noopt.rxbin
2026-09-15T21:48:29.1614631Z [1300/1965] Generating ts_length_noopt.rxbin
2026-09-15T21:48:29.1685915Z [1301/1965] Generating ts_left_opt.rxbin
2026-09-15T21:48:29.2957213Z [1302/1965] Generating ts_length_opt.rxbin
2026-09-15T21:48:29.5241033Z [1303/1965] Generating ts_lower_noopt.rxbin
2026-09-15T21:48:29.9498480Z [1304/1965] Generating ts_lower_opt.rxbin
2026-09-15T21:48:29.9718479Z [1305/1965] Generating ts_min_max_noopt.rxbin
2026-09-15T21:48:30.1050663Z [1306/1965] Generating ts_min_max_opt.rxbin
2026-09-15T21:48:30.2938418Z [1307/1965] Generating ts_overlay_noopt.rxbin
2026-09-15T21:48:30.7646654Z [1308/1965] Generating ts_pos_noopt.rxbin
2026-09-15T21:48:30.7685495Z [1309/1965] Generating ts_overlay_opt.rxbin
2026-09-15T21:48:31.0917477Z [1310/1965] Generating ts_qpos_noopt.rxbin
2026-09-15T21:48:31.1068834Z [1311/1965] Generating ts_pos_opt.rxbin
2026-09-15T21:48:31.6104035Z [1312/1965] Generating ts_qlibrary_noopt.rxbin
2026-09-15T21:48:31.6285887Z [1313/1965] Generating ts_qpos_opt.rxbin
2026-09-15T21:48:31.9087705Z [1314/1965] Generating ts_random_noopt.rxbin
2026-09-15T21:48:32.3195486Z [1315/1965] Generating ts_qlibrary_opt.rxbin
2026-09-15T21:48:32.4149352Z [1316/1965] Generating ts_reverse_noopt.rxbin
2026-09-15T21:48:32.4608002Z [1317/1965] Generating ts_random_opt.rxbin
2026-09-15T21:48:32.7503682Z [1318/1965] Generating ts_reverse_opt.rxbin
2026-09-15T21:48:33.1687424Z [1319/1965] Generating ts_regex_noopt.rxbin
2026-09-15T21:48:33.2718956Z [1320/1965] Generating ts_right_noopt.rxbin
2026-09-15T21:48:33.5467221Z [1321/1965] Generating ts_right_opt.rxbin
2026-09-15T21:48:33.9679272Z [1322/1965] Generating ts_sign_noopt.rxbin
2026-09-15T21:48:34.1539948Z [1323/1965] Generating ts_sign_opt.rxbin
2026-09-15T21:48:34.3256038Z [1324/1965] Generating ts_space_noopt.rxbin
2026-09-15T21:48:34.7419990Z [1325/1965] Generating ts_regex_opt.rxbin
2026-09-15T21:48:34.9553554Z [1326/1965] Generating ts_space_opt.rxbin
2026-09-15T21:48:34.9925971Z [1327/1965] Generating ts_strip_noopt.rxbin
2026-09-15T21:48:35.2252980Z [1328/1965] Generating ts_strip_opt.rxbin
2026-09-15T21:48:35.5231613Z [1329/1965] Generating ts_symbol_noopt.rxbin
2026-09-15T21:48:35.8428634Z [1330/1965] Generating ts_test_noopt.rxbin
2026-09-15T21:48:35.8454023Z [1331/1965] Generating ts_symbol_opt.rxbin
2026-09-15T21:48:35.9826637Z [1332/1965] Generating ts_test_opt.rxbin
2026-09-15T21:48:36.3166725Z [1333/1965] Generating ts_time_noopt.rxbin
2026-09-15T21:48:36.6858742Z [1334/1965] Generating ts_trace_noopt.rxbin
2026-09-15T21:48:37.0470468Z [1335/1965] Generating ts_time_opt.rxbin
2026-09-15T21:48:37.1390083Z [1336/1965] Generating ts_translate_noopt.rxbin
2026-09-15T21:48:37.7248306Z [1337/1965] Generating ts_translate_opt.rxbin
2026-09-15T21:48:37.8200867Z [1338/1965] Generating ts_trunc_noopt.rxbin
2026-09-15T21:48:38.0128505Z [1339/1965] Generating ts_trunc_opt.rxbin
2026-09-15T21:48:38.5064581Z [1340/1965] Generating ts_upper_noopt.rxbin
2026-09-15T21:48:38.6458576Z [1341/1965] Generating ts_upper_opt.rxbin
2026-09-15T21:48:38.8345510Z [1342/1965] Generating ts_upper_lower_noopt.rxbin
2026-09-15T21:48:39.2839735Z [1343/1965] Generating ts_upper_lower_opt.rxbin
2026-09-15T21:48:39.4532097Z [1344/1965] Generating ts_version_noopt.rxbin
2026-09-15T21:48:39.7063160Z [1345/1965] Generating ts_version_opt.rxbin
2026-09-15T21:48:40.0579561Z [1346/1965] Generating ts_sourceinfo_noopt.rxbin
2026-09-15T21:48:40.2816517Z [1347/1965] Generating ts_sourceinfo_opt.rxbin
2026-09-15T21:48:40.4912532Z [1348/1965] Generating ts_value_noopt.rxbin
2026-09-15T21:48:40.9856795Z [1349/1965] Generating ts_value_opt.rxbin
2026-09-15T21:48:41.0035958Z [1350/1965] Generating ts_trace_opt.rxbin
2026-09-15T21:48:41.0654030Z [1351/1965] Generating ts_verify_noopt.rxbin
2026-09-15T21:48:41.4556414Z [1352/1965] Generating ts_verify_opt.rxbin
2026-09-15T21:48:41.7912260Z [1353/1965] Generating ts_wordlength_noopt.rxbin
2026-09-15T21:48:41.8086207Z [1354/1965] Generating ts_wordlength_opt.rxbin
2026-09-15T21:48:41.9121996Z [1355/1965] Generating ts_wordpos_noopt.rxbin
2026-09-15T21:48:42.3079914Z [1356/1965] Generating ts_wordpos_opt.rxbin
2026-09-15T21:48:42.5833689Z [1357/1965] Generating ts_wrdix_noopt.rxbin
2026-09-15T21:48:42.6020644Z [1358/1965] Generating ts_wrdix_opt.rxbin
2026-09-15T21:48:42.7013784Z [1359/1965] Generating ts_x2b_noopt.rxbin
2026-09-15T21:48:43.1934358Z [1360/1965] Generating ts_x2b_opt.rxbin
2026-09-15T21:48:43.3850642Z [1361/1965] Generating ts_x2c_noopt.rxbin
2026-09-15T21:48:43.4722203Z [1362/1965] Generating ts_x2c_opt.rxbin
2026-09-15T21:48:43.4942071Z [1363/1965] Generating ts_x2d_noopt.rxbin
2026-09-15T21:48:44.0435762Z [1364/1965] Generating ts_x2d_opt.rxbin
2026-09-15T21:48:44.1744796Z [1365/1965] Generating tscopies_noopt.rxbin
2026-09-15T21:48:44.2841765Z [1366/1965] Generating tscopies_opt.rxbin
2026-09-15T21:48:44.3050525Z [1367/1965] Generating tslastpos_noopt.rxbin
2026-09-15T21:48:44.9615939Z [1368/1965] Generating tsubstr_noopt.rxbin
2026-09-15T21:48:45.0688334Z [1369/1965] Generating tslastpos_opt.rxbin
2026-09-15T21:48:45.0843221Z [1370/1965] Generating tsword_noopt.rxbin
2026-09-15T21:48:45.1256035Z [1371/1965] Generating tsubstr_opt.rxbin
2026-09-15T21:48:45.8123321Z [1372/1965] Generating tsword_opt.rxbin
2026-09-15T21:48:45.8476162Z [1373/1965] Generating ts_words_noopt.rxbin
2026-09-15T21:48:45.8986015Z [1374/1965] Generating ts_reradix_noopt.rxbin
2026-09-15T21:48:45.9017652Z [1375/1965] Generating ts_words_opt.rxbin
2026-09-15T21:48:46.6418973Z [1376/1965] Generating ts_sequence_noopt.rxbin
2026-09-15T21:48:46.6684891Z [1377/1965] Generating ts_reradix_opt.rxbin
2026-09-15T21:48:46.6836927Z [1378/1965] Generating ts_find_noopt.rxbin
2026-09-15T21:48:46.7764427Z [1379/1965] Generating ts_sequence_opt.rxbin
2026-09-15T21:48:47.4753937Z [1380/1965] Generating ts_find_opt.rxbin
2026-09-15T21:48:47.4777396Z [1381/1965] Generating ts_index_noopt.rxbin
2026-09-15T21:48:47.5506311Z [1382/1965] Generating ts_index_opt.rxbin
2026-09-15T21:48:47.6259930Z [1383/1965] Generating ts_parse_noopt.rxbin
2026-09-15T21:48:48.3029520Z [1384/1965] Generating ts_datatype_noopt.rxbin
2026-09-15T21:48:48.5025913Z [1385/1965] Generating ts_numeric_noopt.rxbin
2026-09-15T21:48:48.6420708Z [1386/1965] Generating ts_datatype_opt.rxbin
2026-09-15T21:48:49.1142270Z [1387/1965] Generating ts_numeric_opt.rxbin
2026-09-15T21:48:49.1209985Z [1388/1965] Generating ts_parse_opt.rxbin
2026-09-15T21:48:49.3185372Z [1389/1965] Generating ts_splice_noopt.rxbin
2026-09-15T21:48:49.5773919Z [1390/1965] Generating ts_splice_opt.rxbin
2026-09-15T21:48:49.9545506Z [1391/1965] Generating ts_arraydelete_noopt.rxbin
2026-09-15T21:48:50.1484865Z [1392/1965] Generating ts_arraydelete_focused_noopt.rxbin
2026-09-15T21:48:50.5153126Z [1393/1965] Generating ts_arraydelete_focused_opt.rxbin
2026-09-15T21:48:50.5351338Z [1394/1965] Generating ts_arraydelete_opt.rxbin
2026-09-15T21:48:50.8350465Z [1395/1965] Generating ts_arrayappend_noopt.rxbin
2026-09-15T21:48:51.0041335Z [1396/1965] Generating ts_arrayappend_opt.rxbin
2026-09-15T21:48:51.3163623Z [1397/1965] Generating ts_arraycontains_noopt.rxbin
2026-09-15T21:48:51.3805912Z [1398/1965] Generating ts_arraycontains_opt.rxbin
2026-09-15T21:48:51.6411608Z [1399/1965] Generating ts_arraycopy_noopt.rxbin
2026-09-15T21:48:51.9010878Z [1400/1965] Generating ts_arraycopy_opt.rxbin
2026-09-15T21:48:52.1215657Z [1401/1965] Generating ts_arraydrop_noopt.rxbin
2026-09-15T21:48:52.1573726Z [1402/1965] Generating ts_arraydrop_opt.rxbin
2026-09-15T21:48:52.4658544Z [1403/1965] Generating ts_arrayfind_noopt.rxbin
2026-09-15T21:48:52.7759436Z [1404/1965] Generating ts_arrayfind_opt.rxbin
2026-09-15T21:48:52.9339738Z [1405/1965] Generating ts_arrayget_noopt.rxbin
2026-09-15T21:48:52.9992828Z [1406/1965] Generating ts_arrayget_opt.rxbin
2026-09-15T21:48:53.2419833Z [1407/1965] Generating ts_arrayhi_noopt.rxbin
2026-09-15T21:48:53.6173559Z [1408/1965] Generating ts_arrayhi_opt.rxbin
2026-09-15T21:48:53.7427002Z [1409/1965] Generating ts_arrayindexof_noopt.rxbin
2026-09-15T21:48:53.8527895Z [1410/1965] Generating ts_arrayindexof_opt.rxbin
2026-09-15T21:48:54.0506297Z [1411/1965] Generating ts_arrayinsert_noopt.rxbin
2026-09-15T21:48:54.5267336Z [1412/1965] Generating ts_arrayinsert_opt.rxbin
2026-09-15T21:48:54.5445089Z [1413/1965] Generating ts_arrayjoin_noopt.rxbin
2026-09-15T21:48:54.6618972Z [1414/1965] Generating ts_arrayjoin_opt.rxbin
2026-09-15T21:48:54.8308547Z [1415/1965] Generating ts_arraymove_noopt.rxbin
2026-09-15T21:48:55.3310520Z [1416/1965] Generating ts_arraypop_noopt.rxbin
2026-09-15T21:48:55.4184049Z [1417/1965] Generating ts_arraymove_opt.rxbin
2026-09-15T21:48:55.4592376Z [1418/1965] Generating ts_arraypop_opt.rxbin
2026-09-15T21:48:55.6539847Z [1419/1965] Generating ts_arrayprepend_noopt.rxbin
2026-09-15T21:48:56.1326050Z [1420/1965] Generating ts_arrayprepend_opt.rxbin
2026-09-15T21:48:56.2323477Z [1421/1965] Generating ts_arrayreverse_noopt.rxbin
2026-09-15T21:48:56.3064145Z [1422/1965] Generating ts_arrayreverse_opt.rxbin
2026-09-15T21:48:56.4254482Z [1423/1965] Generating ts_arrayset_noopt.rxbin
2026-09-15T21:48:56.9904530Z [1424/1965] Generating ts_arrayset_opt.rxbin
2026-09-15T21:48:57.0006951Z [1425/1965] Generating ts_arrayshift_noopt.rxbin
2026-09-15T21:48:57.1291683Z [1426/1965] Generating ts_arrayshift_opt.rxbin
2026-09-15T21:48:57.2051009Z [1427/1965] Generating ts_arraysort_noopt.rxbin
2026-09-15T21:48:57.7921578Z [1428/1965] Generating ts_b2d_noopt.rxbin
2026-09-15T21:48:57.8832291Z [1429/1965] Generating ts_arraysort_opt.rxbin
2026-09-15T21:48:57.9857897Z [1430/1965] Generating ts_b2d_opt.rxbin
2026-09-15T21:48:58.0126597Z [1431/1965] Generating ts_b2x_noopt.rxbin
2026-09-15T21:48:58.6720064Z [1432/1965] Generating ts_c2d_noopt.rxbin
2026-09-15T21:48:58.6905318Z [1433/1965] Generating ts_b2x_opt.rxbin
2026-09-15T21:48:58.8005792Z [1434/1965] Generating ts_centre_noopt.rxbin
2026-09-15T21:48:58.8065463Z [1435/1965] Generating ts_c2d_opt.rxbin
2026-09-15T21:48:59.5130769Z [1436/1965] Generating ts_d2b_noopt.rxbin
2026-09-15T21:48:59.6016906Z [1437/1965] Generating ts_centre_opt.rxbin
2026-09-15T21:48:59.6077351Z [1438/1965] Generating ts_ftrunc_noopt.rxbin
2026-09-15T21:48:59.6407336Z [1439/1965] Generating ts_d2b_opt.rxbin
2026-09-15T21:49:00.3372631Z [1440/1965] Generating ts_ftrunc_opt.rxbin
2026-09-15T21:49:00.4009347Z [1441/1965] Generating ts_getenv_noopt.rxbin
2026-09-15T21:49:00.4272526Z [1442/1965] Generating ts_itrunc_noopt.rxbin
2026-09-15T21:49:00.4556704Z [1443/1965] Generating ts_getenv_opt.rxbin
2026-09-15T21:49:01.1912988Z [1444/1965] Generating ts_itrunc_opt.rxbin
2026-09-15T21:49:01.1975277Z [1445/1965] Generating ts_loadmodule_noopt.rxbin
2026-09-15T21:49:01.2355563Z [1446/1965] Generating ts_loadmodule_opt.rxbin
2026-09-15T21:49:01.2466992Z [1447/1965] Generating ts_max_noopt.rxbin
2026-09-15T21:49:01.9861549Z [1448/1965] Generating ts_min_noopt.rxbin
2026-09-15T21:49:02.0316395Z [1449/1965] Generating ts_max_opt.rxbin
2026-09-15T21:49:02.0353625Z [1450/1965] Generating ts_objectarrayappend_noopt.rxbin
2026-09-15T21:49:02.0865561Z [1451/1965] Generating ts_min_opt.rxbin
2026-09-15T21:49:02.8369416Z [1452/1965] Generating ts_objectarraydelete_noopt.rxbin
2026-09-15T21:49:02.8571575Z [1453/1965] Generating ts_objectarrayappend_opt.rxbin
2026-09-15T21:49:02.8923724Z [1454/1965] Generating ts_objectarraydrop_noopt.rxbin
2026-09-15T21:49:02.9234495Z [1455/1965] Generating ts_objectarraydelete_opt.rxbin
2026-09-15T21:49:03.6506291Z [1456/1965] Generating ts_objectarraydrop_opt.rxbin
2026-09-15T21:49:03.6549957Z [1457/1965] Generating ts_objectarrayinsert_noopt.rxbin
2026-09-15T21:49:03.7188168Z [1458/1965] Generating ts_objectarraymove_noopt.rxbin
2026-09-15T21:49:03.8286901Z [1459/1965] Generating ts_objectarrayinsert_opt.rxbin
2026-09-15T21:49:04.4612880Z [1460/1965] Generating ts_objectarrayprepend_noopt.rxbin
2026-09-15T21:49:04.5589419Z [1461/1965] Generating ts_objectarraymove_opt.rxbin
2026-09-15T21:49:04.5646121Z [1462/1965] Generating ts_objectarrayprepend_opt.rxbin
2026-09-15T21:49:04.6654750Z [1463/1965] Generating ts_qwordlength_noopt.rxbin
2026-09-15T21:49:05.2839287Z [1464/1965] Generating ts_qwordlength_opt.rxbin
2026-09-15T21:49:05.3422752Z [1465/1965] Generating ts_raise_noopt.rxbin
2026-09-15T21:49:05.3991396Z [1466/1965] Generating ts_raise_opt.rxbin
2026-09-15T21:49:05.4568214Z [1467/1965] Generating ts_rxsystem_noopt.rxbin
2026-09-15T21:49:06.1325586Z [1468/1965] Generating ts_rxsystem_opt.rxbin
2026-09-15T21:49:06.1391923Z [1469/1965] Generating ts_rxsystem_exit_noopt.rxbin
2026-09-15T21:49:06.1946222Z [1470/1965] Generating ts_rxsystem_exit_opt.rxbin
2026-09-15T21:49:06.3241716Z [1471/1965] Generating ts_rxqueue_noopt.rxbin
2026-09-15T21:49:06.9353838Z [1472/1965] Generating ts_signal_noopt.rxbin
2026-09-15T21:49:07.1055222Z [1473/1965] Generating ts_substro_noopt.rxbin
2026-09-15T21:49:07.4120699Z [1474/1965] Generating ts_signal_opt.rxbin
2026-09-15T21:49:07.7746301Z [1475/1965] Generating ts_substro_opt.rxbin
2026-09-15T21:49:07.8888209Z [1476/1965] Generating ts_subword_noopt.rxbin
2026-09-15T21:49:08.2894739Z [1477/1965] Generating ts_subword_opt.rxbin
2026-09-15T21:49:08.4948410Z [1478/1965] Generating ts_rxqueue_opt.rxbin
2026-09-15T21:49:08.5735075Z [1479/1965] Generating ts_xrange_noopt.rxbin
2026-09-15T21:49:08.7556098Z [1480/1965] Generating ts_xrange_opt.rxbin
2026-09-15T21:49:09.1198482Z [1481/1965] Generating ts_objectarray_noopt.rxbin
2026-09-15T21:49:09.4251765Z [1482/1965] Generating ts_objectarray_opt.rxbin
2026-09-15T21:49:09.4628833Z [1483/1965] Generating ts_stem_noopt.rxbin
2026-09-15T21:49:09.9692854Z [1484/1965] Generating ts_rxjson_noopt.rxbin
2026-09-15T21:49:10.0786887Z [1485/1965] Generating ts_stem_opt.rxbin
2026-09-15T21:49:10.6938708Z [1486/1965] Generating ts_rxjson_document_noopt.rxbin
2026-09-15T21:49:10.8706430Z [1487/1965] Generating ts_rxjson_opt.rxbin
2026-09-15T21:49:11.4129871Z [1488/1965] Generating ts_rxjson_numeric_projection_noopt.rxbin
2026-09-15T21:49:12.2271755Z [1489/1965] Generating ts_rxjson_noisy_contract_noopt.rxbin
2026-09-15T21:49:12.4290169Z [1490/1965] Generating ts_rxjson_numeric_projection_opt.rxbin
2026-09-15T21:49:12.8264767Z [1491/1965] Generating ts_rxjson_noisy_contract_opt.rxbin
2026-09-15T21:49:13.2854296Z [1492/1965] Generating ts_rxjson_document_opt.rxbin
2026-09-15T21:49:13.2904471Z [1493/1965] Generating ts_rxsocket_noopt.rxbin
2026-09-15T21:49:14.2062820Z [1494/1965] Generating ts_rxsocket_opt.rxbin
2026-09-15T21:49:14.5088565Z [1495/1965] Generating ts_socket_tls_live_noopt.rxbin
2026-09-15T21:49:14.5548972Z [1496/1965] Generating ts_socket_tls_live_opt.rxbin
2026-09-15T21:49:14.6614686Z [1497/1965] Generating ts_afterword_noopt.rxbin
2026-09-15T21:49:15.5135798Z [1498/1965] Generating ts_afterword_opt.rxbin
2026-09-15T21:49:15.5589002Z [1499/1965] Generating ts_arraysort_errors_noopt.rxbin
2026-09-15T21:49:15.6074417Z [1500/1965] Generating ts_arraysort_errors_opt.rxbin
2026-09-15T21:49:15.7453855Z [1501/1965] Generating ts_stem_errors_noopt.rxbin
2026-09-15T21:49:16.3336154Z [1502/1965] Generating ts_stem_errors_opt.rxbin
2026-09-15T21:49:16.4301827Z [1503/1965] Generating crexxbrexx_noopt.rxbin
2026-09-15T21:49:16.4694748Z [1504/1965] Generating crexxbrexx_opt.rxbin
2026-09-15T21:49:16.5720257Z [1505/1965] Generating ts_tinyexpr_noopt.rxbin
2026-09-15T21:49:17.2226831Z [1506/1965] Generating ts_tinyexpr_opt.rxbin
2026-09-15T21:49:17.3295628Z [1507/1965] Generating arrays_test_noopt.rxbin
2026-09-15T21:49:17.4169967Z [1508/1965] Generating arrays_test_opt.rxbin
2026-09-15T21:49:17.5190672Z [1509/1965] Generating rxfloat_rxbvm_noopt.rxbin
2026-09-15T21:49:18.3068931Z [1510/1965] Generating rxfloat_rxtvm_noopt.rxbin
2026-09-15T21:49:18.4984395Z [1511/1965] Generating rxstats_rxbvm_noopt.rxbin
2026-09-15T21:49:19.0036505Z [1512/1965] Generating rxfloat_rxbvm_opt.rxbin
2026-09-15T21:49:19.1859474Z [1513/1965] Generating rxfloat_rxtvm_opt.rxbin
2026-09-15T21:49:19.4814154Z [1514/1965] Generating rxstats_rxtvm_noopt.rxbin
2026-09-15T21:49:19.9331447Z [1515/1965] Generating rxstats_rxbvm_opt.rxbin
2026-09-15T21:49:20.1000150Z [1516/1965] Generating rxvector_rxbvm_noopt.rxbin
2026-09-15T21:49:20.6258202Z [1517/1965] Generating rxstats_rxtvm_opt.rxbin
2026-09-15T21:49:20.8519957Z [1518/1965] Generating rxvector_rxtvm_noopt.rxbin
2026-09-15T21:49:21.1657654Z [1519/1965] Generating rxvector_rxbvm_opt.rxbin
2026-09-15T21:49:21.5036647Z [1520/1965] Generating stack_test_noopt.rxbin
2026-09-15T21:49:21.7455318Z [1521/1965] Generating rxvector_rxtvm_opt.rxbin
2026-09-15T21:49:21.7774844Z [1522/1965] Generating stack_test_opt.rxbin
2026-09-15T21:49:22.0333213Z [1523/1965] Generating cipher_test_noopt.rxbin
2026-09-15T21:49:22.3416648Z [1524/1965] Generating cipher_test_opt.rxbin
2026-09-15T21:49:22.6383629Z [1525/1965] Generating rx_hash_rxbvm_noopt.rxbin
2026-09-15T21:49:22.9156046Z [1526/1965] Generating rx_hash_rxtvm_noopt.rxbin
2026-09-15T21:49:23.5142751Z [1527/1965] Generating rxsqlite_typed_rxbvm_noopt.rxbin
2026-09-15T21:49:24.4192782Z [1528/1965] Generating rxsqlite_file_rxbvm_noopt.rxbin
2026-09-15T21:49:24.7876374Z [1529/1965] Generating rxsqlite_typed_rxbvm_opt.rxbin
2026-09-15T21:49:25.6759851Z [1530/1965] Generating rxsqlite_typed_rxtvm_noopt.rxbin
2026-09-15T21:49:25.7163498Z [1531/1965] Generating rxsqlite_file_rxbvm_opt.rxbin
2026-09-15T21:49:25.8574951Z [1532/1965] Generating rx_hash_rxbvm_opt.rxbin
2026-09-15T21:49:26.4017647Z [1533/1965] Generating rx_hash_rxtvm_opt.rxbin
2026-09-15T21:49:26.6245650Z [1534/1965] Generating rxsqlite_file_rxtvm_noopt.rxbin
2026-09-15T21:49:27.1613521Z [1535/1965] Generating rxsqlite_file_rxtvm_opt.rxbin
2026-09-15T21:49:27.1696605Z [1536/1965] Generating rxsqlite_attached_noopt.rxbin
2026-09-15T21:49:27.4976573Z [1537/1965] Generating rxsqlite_attached_opt.rxbin
2026-09-15T21:49:27.5812626Z [1538/1965] Generating rxsqlite_typed_rxtvm_opt.rxbin
2026-09-15T21:49:28.1654931Z [1539/1965] Generating rxsqlite_address_noopt.rxbin
2026-09-15T21:49:28.3286192Z [1540/1965] Generating strings_test_noopt.rxbin
2026-09-15T21:49:28.4514530Z [1541/1965] Generating strings_test_opt.rxbin
2026-09-15T21:49:29.0107640Z [1542/1965] Generating getpi_test_noopt.rxbin
2026-09-15T21:49:29.1533300Z [1543/1965] Generating rxsqlite_address_opt.rxbin
2026-09-15T21:49:29.1925118Z [1544/1965] Generating getpi_test_opt.rxbin
2026-09-15T21:49:29.3393631Z [1545/1965] Generating keyaccess_test_noopt.rxbin
2026-09-15T21:49:30.0025789Z [1546/1965] Generating llist_test_noopt.rxbin
2026-09-15T21:49:30.0468499Z [1547/1965] Generating llist_test_opt.rxbin
2026-09-15T21:49:30.1918918Z [1548/1965] Generating keyaccess_test_opt.rxbin
2026-09-15T21:49:30.1955780Z [1549/1965] Generating treemap_test_noopt.rxbin
2026-09-15T21:49:30.8465494Z [1550/1965] Generating treemap_test_opt.rxbin
2026-09-15T21:49:30.9177470Z [1551/1965] Generating rxid_rxbvm_noopt.rxbin
2026-09-15T21:49:31.0657279Z [1552/1965] Generating rxid_rxtvm_noopt.rxbin
2026-09-15T21:49:31.1564969Z [1553/1965] Generating rxid_rxbvm_opt.rxbin
2026-09-15T21:49:31.7824383Z [1554/1965] Generating rxfs_rxbvm_noopt.rxbin
2026-09-15T21:49:31.8217873Z [1555/1965] Generating rxid_rxtvm_opt.rxbin
2026-09-15T21:49:32.0090700Z [1556/1965] Generating rxfs_rxbvm_opt.rxbin
2026-09-15T21:49:32.0151771Z [1557/1965] Generating rxfs_rxtvm_noopt.rxbin
2026-09-15T21:49:32.7287882Z [1558/1965] Generating rxconsole_levelb_noopt.rxbin
2026-09-15T21:49:32.7487633Z [1559/1965] Generating rxfs_rxtvm_opt.rxbin
2026-09-15T21:49:32.8639884Z [1560/1965] Generating rxplatform_rxbvm_noopt.rxbin
2026-09-15T21:49:32.8735095Z [1561/1965] Generating rxconsole_levelb_opt.rxbin
2026-09-15T21:49:33.6071190Z [1562/1965] Generating rxplatform_rxbvm_opt.rxbin
2026-09-15T21:49:33.6113353Z [1563/1965] Generating rxplatform_rxtvm_noopt.rxbin
2026-09-15T21:49:33.7293722Z [1564/1965] Generating recv390_test_noopt.rxbin
2026-09-15T21:49:33.7403071Z [1565/1965] Generating rxplatform_rxtvm_opt.rxbin
2026-09-15T21:49:34.4683704Z [1566/1965] Generating recv390_test_opt.rxbin
2026-09-15T21:49:34.4748336Z [1567/1965] Generating map_test_noopt.rxbin
2026-09-15T21:49:34.6155378Z [1568/1965] Generating tcp_test_noopt.rxbin
2026-09-15T21:49:34.6199212Z [1569/1965] Generating map_test_opt.rxbin
2026-09-15T21:49:35.3392561Z [1570/1965] Generating odbc_mock_prepared.rxbin
2026-09-15T21:49:35.3615851Z [1571/1965] Generating tcp_test_opt.rxbin
2026-09-15T21:49:35.5287528Z [1572/1965] Generating testrexx0_noopt.rxbin
2026-09-15T21:49:36.2739282Z [1573/1965] Generating testrexx_noopt.rxbin
2026-09-15T21:49:36.3154345Z [1574/1965] Generating testStringArrayList_noopt.rxbin
2026-09-15T21:49:37.1014928Z [1575/1965] Generating testStringHashMap_noopt.rxbin
2026-09-15T21:49:37.2774553Z [1576/1965] Generating testStringArrayList_opt.rxbin
2026-09-15T21:49:38.0543668Z [1577/1965] Generating testStringHashSet_noopt.rxbin
2026-09-15T21:49:38.1267406Z [1578/1965] Generating testStringHashMap_opt.rxbin
2026-09-15T21:49:38.9108785Z [1579/1965] Generating testStringLinkedList_noopt.rxbin
2026-09-15T21:49:38.9848564Z [1580/1965] Generating testStringHashSet_opt.rxbin
2026-09-15T21:49:39.8989553Z [1581/1965] Generating testStringTreeMap_noopt.rxbin
2026-09-15T21:49:39.9252061Z [1582/1965] Generating testStringLinkedList_opt.rxbin
2026-09-15T21:49:40.7501273Z [1583/1965] Generating testStringTreeSet_noopt.rxbin
2026-09-15T21:49:40.8936474Z [1584/1965] Generating testrexx_opt.rxbin
2026-09-15T21:49:41.6598467Z [1585/1965] Generating testStringStack_noopt.rxbin
2026-09-15T21:49:41.6679100Z [1586/1965] Generating testStringTreeMap_opt.rxbin
2026-09-15T21:49:42.4599191Z [1587/1965] Generating testStringStack_opt.rxbin
2026-09-15T21:49:42.5333961Z [1588/1965] Generating testObjectCollections_noopt.rxbin
2026-09-15T21:49:43.0134394Z [1589/1965] Generating testStringTreeSet_opt.rxbin
2026-09-15T21:49:43.4840037Z [1590/1965] Generating testStringObjectMaps_noopt.rxbin
2026-09-15T21:49:43.8832034Z [1591/1965] Generating testObjectCollections_opt.rxbin
2026-09-15T21:49:44.2512025Z [1592/1965] Generating testObjectObjectTreeMap_noopt.rxbin
2026-09-15T21:49:44.8639121Z [1593/1965] Generating testObjectObjectTreeMap_opt.rxbin
2026-09-15T21:49:45.0632977Z [1594/1965] Generating testObjectObjectHashMap_noopt.rxbin
2026-09-15T21:49:45.8052279Z [1595/1965] Generating testObjectEquality_noopt.rxbin
2026-09-15T21:49:45.8217451Z [1596/1965] Generating testObjectObjectHashMap_opt.rxbin
2026-09-15T21:49:46.5884276Z [1597/1965] Generating testTreeMap_noopt.rxbin
2026-09-15T21:49:46.5922820Z [1598/1965] Generating testObjectEquality_opt.rxbin
2026-09-15T21:49:47.3871894Z [1599/1965] Generating testRexxComparator_noopt.rxbin
2026-09-15T21:49:47.5642685Z [1600/1965] Generating testTreeMap_opt.rxbin
2026-09-15T21:49:48.2044982Z [1601/1965] Generating testRexxComparator_opt.rxbin
2026-09-15T21:49:48.3560654Z [1602/1965] Generating testQfind_noopt.rxbin
2026-09-15T21:49:48.9814536Z [1603/1965] Generating testQfind_opt.rxbin
2026-09-15T21:49:49.0971842Z [1604/1965] Generating testTokenise_noopt.rxbin
2026-09-15T21:49:49.8216855Z [1605/1965] Generating testTokenise_opt.rxbin
2026-09-15T21:49:49.8372306Z [1606/1965] Generating testJSON_noopt.rxbin
2026-09-15T21:49:50.6028025Z [1607/1965] Generating testJSON_opt.rxbin
2026-09-15T21:49:50.7075024Z [1608/1965] Generating testConcurrency_noopt.rxbin
2026-09-15T21:49:51.5012456Z [1609/1965] Generating testDateTime_noopt.rxbin
2026-09-15T21:49:51.6528176Z [1610/1965] Generating testStringObjectMaps_opt.rxbin
2026-09-15T21:49:52.4096054Z [1611/1965] Generating testOS_noopt.rxbin
2026-09-15T21:49:52.8605349Z [1612/1965] Generating testDateTime_opt.rxbin
2026-09-15T21:49:52.9083225Z [1613/1965] Generating testConcurrency_opt.rxbin
2026-09-15T21:49:53.2638660Z [1614/1965] Generating testOS_opt.rxbin
2026-09-15T21:49:53.6248021Z [1615/1965] Generating docs_concurrency_basic_rxbvm_noopt.rxbin
2026-09-15T21:49:53.8201679Z [1616/1965] Generating docs_concurrency_basic_rxbvm_opt.rxbin
2026-09-15T21:49:54.0255986Z [1617/1965] Generating docs_concurrency_basic_rxtvm_noopt.rxbin
2026-09-15T21:49:54.5261551Z [1618/1965] Generating docs_concurrency_basic_rxtvm_opt.rxbin
2026-09-15T21:49:54.6097490Z [1619/1965] Generating docs_concurrency_providers_rxbvm_noopt.rxbin
2026-09-15T21:49:54.8291993Z [1620/1965] Generating docs_concurrency_providers_rxbvm_opt.rxbin
2026-09-15T21:49:55.3071244Z [1621/1965] Generating docs_concurrency_providers_rxtvm_noopt.rxbin
2026-09-15T21:49:55.4699885Z [1622/1965] Generating docs_concurrency_providers_rxtvm_opt.rxbin
2026-09-15T21:49:55.6051176Z [1623/1965] Generating docs_concurrency_transferable_objects_rxbvm_noopt.rxbin
2026-09-15T21:49:56.1278670Z [1624/1965] Generating docs_concurrency_transferable_objects_rxbvm_opt.rxbin
2026-09-15T21:49:56.2266690Z [1625/1965] Generating docs_concurrency_transferable_objects_rxtvm_noopt.rxbin
2026-09-15T21:49:56.4293737Z [1626/1965] Generating docs_concurrency_transferable_objects_rxtvm_opt.rxbin
2026-09-15T21:49:56.8874632Z [1627/1965] Generating docs_concurrency_taskwork_rxbvm_noopt.rxbin
2026-09-15T21:49:57.0121790Z [1628/1965] Generating docs_concurrency_taskwork_rxbvm_opt.rxbin
2026-09-15T21:49:57.2041935Z [1629/1965] Generating docs_concurrency_taskwork_rxtvm_noopt.rxbin
2026-09-15T21:49:57.7225632Z [1630/1965] Generating docs_concurrency_taskwork_rxtvm_opt.rxbin
2026-09-15T21:49:57.8217044Z [1631/1965] Generating testTaskContextEndpoint_rxbvm_noopt.rxbin
2026-09-15T21:49:58.0475529Z [1632/1965] Generating testTaskContextEndpoint_rxbvm_opt.rxbin
2026-09-15T21:49:58.5402944Z [1633/1965] Generating testTaskContextEndpoint_rxtvm_noopt.rxbin
2026-09-15T21:49:58.6917094Z [1634/1965] Generating testTaskContextEndpoint_rxtvm_opt.rxbin
2026-09-15T21:49:58.8611613Z [1635/1965] Generating testChannelRequestRelease_rxbvm_noopt.rxbin
2026-09-15T21:49:59.4124822Z [1636/1965] Generating testChannelRequestRelease_rxbvm_opt.rxbin
2026-09-15T21:49:59.4969771Z [1637/1965] Generating testChannelRequestWait_rxbvm_noopt.rxbin
2026-09-15T21:49:59.6571893Z [1638/1965] Generating testChannelRequestWait_rxbvm_opt.rxbin
2026-09-15T21:50:00.2291031Z [1639/1965] Generating testChannelRequestRelease_rxtvm_noopt.rxbin
2026-09-15T21:50:00.4076177Z [1640/1965] Generating testChannelRequestRelease_rxtvm_opt.rxbin
2026-09-15T21:50:00.4280253Z [1641/1965] Generating testChannelRequestWait_rxtvm_noopt.rxbin
2026-09-15T21:50:01.0327218Z [1642/1965] Generating testChannelRequestWait_rxtvm_opt.rxbin
2026-09-15T21:50:01.1898520Z [1643/1965] Generating ts_math_numeric_rxbvm_noopt.rxbin
2026-09-15T21:50:01.2985470Z [1644/1965] Generating ts_math_numeric_rxbvm_opt.rxbin
2026-09-15T21:50:01.8076992Z [1645/1965] Generating ts_math_numeric_rxtvm_noopt.rxbin
2026-09-15T21:50:02.0715947Z [1646/1965] Generating ts_math_numeric_rxtvm_opt.rxbin
2026-09-15T21:50:02.1919409Z [1647/1965] Generating ts_math_integer_contract_rxbvm_noopt.rxbin
2026-09-15T21:50:02.9536477Z [1648/1965] Generating ts_math_integer_contract_rxtvm_noopt.rxbin
2026-09-15T21:50:03.1299741Z [1649/1965] Generating ts_math_integer_contract_rxbvm_opt.rxbin
2026-09-15T21:50:03.5119931Z [1650/1965] Generating ts_math_integer_contract_rxtvm_opt.rxbin
2026-09-15T21:50:03.8557504Z [1651/1965] Generating ts_math_decimal_contract_rxbvm_noopt.rxbin
2026-09-15T21:50:04.4311931Z [1652/1965] Generating ts_math_decimal_contract_rxtvm_noopt.rxbin
2026-09-15T21:50:05.2241629Z [1653/1965] Generating ts_packed_numeric_rxbvm_noopt.rxbin
2026-09-15T21:50:06.3737186Z [1654/1965] Generating ts_packed_numeric_rxbvm_opt.rxbin
2026-09-15T21:50:06.5842547Z [1655/1965] Generating ts_math_decimal_contract_rxbvm_opt.rxbin
2026-09-15T21:50:07.1700913Z [1656/1965] Generating ts_packed_numeric_rxtvm_noopt.rxbin
2026-09-15T21:50:07.3156659Z [1657/1965] Generating ts_math_decimal_contract_rxtvm_opt.rxbin
2026-09-15T21:50:07.7196555Z [1658/1965] Generating ts_packed_numeric_rxtvm_opt.rxbin
2026-09-15T21:50:07.9856641Z [1659/1965] Generating ts_unicode_casefold_rxbvm_noopt.rxbin
2026-09-15T21:50:08.5363706Z [1660/1965] Generating ts_unicode_casefold_rxtvm_noopt.rxbin
2026-09-15T21:50:09.3563518Z [1661/1965] Generating ts_unicode_case_mapping_rxbvm_noopt.rxbin
2026-09-15T21:50:09.5655155Z [1662/1965] Generating ts_unicode_casefold_rxbvm_opt.rxbin
2026-09-15T21:50:10.1945319Z [1663/1965] Generating ts_unicode_casefold_rxtvm_opt.rxbin
2026-09-15T21:50:10.4039788Z [1664/1965] Generating ts_unicode_case_mapping_rxtvm_noopt.rxbin
2026-09-15T21:50:11.0448199Z [1665/1965] Generating ts_unicode_case_mapping_rxbvm_opt.rxbin
2026-09-15T21:50:11.2085183Z [1666/1965] Generating ts_unicode_grapheme_rxbvm_noopt.rxbin
2026-09-15T21:50:11.9212266Z [1667/1965] Generating ts_unicode_case_mapping_rxtvm_opt.rxbin
2026-09-15T21:50:12.0410402Z [1668/1965] Generating ts_unicode_grapheme_rxtvm_noopt.rxbin
2026-09-15T21:50:12.1525748Z [1669/1965] Generating ts_unicode_grapheme_rxbvm_opt.rxbin
2026-09-15T21:50:12.9285782Z [1670/1965] Generating ts_unicode_codec_rxbvm_noopt.rxbin
2026-09-15T21:50:13.0540218Z [1671/1965] Generating ts_unicode_grapheme_rxtvm_opt.rxbin
2026-09-15T21:50:13.8148786Z [1672/1965] Generating ts_unicode_codec_rxtvm_noopt.rxbin
2026-09-15T21:50:14.6742866Z [1673/1965] Generating ts_unicode_normalization_rxbvm_noopt.rxbin
2026-09-15T21:50:15.5902814Z [1674/1965] Generating ts_unicode_codec_rxbvm_opt.rxbin
2026-09-15T21:50:16.1198639Z [1675/1965] Generating ts_unicode_normalization_rxbvm_opt.rxbin
2026-09-15T21:50:16.4701490Z [1676/1965] Generating ts_unicode_normalization_rxtvm_noopt.rxbin
2026-09-15T21:50:16.4869265Z [1677/1965] Generating ts_unicode_codec_rxtvm_opt.rxbin
2026-09-15T21:50:17.6498569Z [1678/1965] Generating ts_http_service_contract_noopt.rxbin
2026-09-15T21:50:17.7243830Z [1679/1965] Generating ts_http_service_contract_opt.rxbin
2026-09-15T21:50:17.9669530Z [1680/1965] Generating ts_unicode_normalization_rxtvm_opt.rxbin
2026-09-15T21:50:18.5063998Z [1681/1965] Generating ts_llm_ollama_noopt.rxbin
2026-09-15T21:50:18.7899192Z [1682/1965] Generating ts_llm_providers_noopt.rxbin
2026-09-15T21:50:18.8228193Z [1683/1965] Generating ts_llm_ollama_opt.rxbin
2026-09-15T21:50:19.6422914Z [1684/1965] Generating ts_llm_providers_opt.rxbin
2026-09-15T21:50:19.7330693Z [1685/1965] Generating ts_http_server_rxbvm_noopt.rxbin
2026-09-15T21:50:20.3031553Z [1686/1965] Generating ts_http_server_rxbvm_opt.rxbin
2026-09-15T21:50:20.5732061Z [1687/1965] Generating ts_http_server_rxtvm_noopt.rxbin
2026-09-15T21:50:21.1168522Z [1688/1965] Generating ts_http_server_failures_rxbvm_noopt.rxbin
2026-09-15T21:50:21.2277375Z [1689/1965] Generating ts_http_server_rxtvm_opt.rxbin
2026-09-15T21:50:21.5185425Z [1690/1965] Generating ts_http_server_failures_rxbvm_opt.rxbin
2026-09-15T21:50:21.9489077Z [1691/1965] Generating ts_http_server_failures_rxtvm_noopt.rxbin
2026-09-15T21:50:22.1397916Z [1692/1965] Generating ts_http_server_failures_rxtvm_opt.rxbin
2026-09-15T21:50:22.4464689Z [1693/1965] Generating ts_http_pooled_rxbvm_noopt.rxbin
2026-09-15T21:50:23.1040524Z [1694/1965] Generating ts_http_pooled_rxtvm_noopt.rxbin
2026-09-15T21:50:23.6798581Z [1695/1965] Generating ts_http_pooled_rxbvm_opt.rxbin
2026-09-15T21:50:24.3114879Z [1696/1965] Generating ts_http_pooled_rxtvm_opt.rxbin
2026-09-15T21:50:24.5862772Z [1697/1965] Generating ts_http_streaming_rxbvm_noopt.rxbin
2026-09-15T21:50:25.5537292Z [1698/1965] Generating ts_http_streaming_rxtvm_noopt.rxbin
2026-09-15T21:50:25.8533827Z [1699/1965] Generating ts_http_streaming_rxbvm_opt.rxbin
2026-09-15T21:50:26.3799136Z [1700/1965] Generating ts_http_streaming_rxtvm_opt.rxbin
2026-09-15T21:50:26.4809195Z [1701/1965] Generating ts_http_crexx_rag_rxbvm_noopt.rxbin
2026-09-15T21:50:27.2578154Z [1702/1965] Generating ts_http_crexx_rag_rxbvm_opt.rxbin
2026-09-15T21:50:27.3122977Z [1703/1965] Generating ts_http_crexx_rag_rxtvm_noopt.rxbin
2026-09-15T21:50:27.8323476Z [1704/1965] Generating ts_http_crexx_rag_rxtvm_opt.rxbin
2026-09-15T21:50:28.0448372Z [1705/1965] Generating ts_http_tls_live_rxbvm_noopt.rxbin
2026-09-15T21:50:28.2060590Z [1706/1965] Generating ts_http_tls_live_rxbvm_opt.rxbin
2026-09-15T21:50:28.6205639Z [1707/1965] Generating ts_http_tls_live_rxtvm_noopt.rxbin
2026-09-15T21:50:28.9618907Z [1708/1965] Generating ts_http_tls_live_rxtvm_opt.rxbin
2026-09-15T21:50:29.1279934Z [1709/1965] Generating ts_http_policy_rxbvm_noopt.rxbin
2026-09-15T21:50:29.8615980Z [1710/1965] Generating ts_http_policy_rxtvm_noopt.rxbin
2026-09-15T21:50:30.1862097Z [1711/1965] Generating ts_http_policy_rxbvm_opt.rxbin
2026-09-15T21:50:30.6556816Z [1712/1965] Generating ts_http_codec_rxbvm_noopt.rxbin
2026-09-15T21:50:30.6950043Z [1713/1965] Generating ts_http_policy_rxtvm_opt.rxbin
2026-09-15T21:50:31.1522283Z [1714/1965] Generating ts_http_codec_rxbvm_opt.rxbin
2026-09-15T21:50:31.4306565Z [1715/1965] Generating ts_http_codec_rxtvm_noopt.rxbin
2026-09-15T21:50:31.6741462Z [1716/1965] Generating ts_http_codec_rxtvm_opt.rxbin
2026-09-15T21:50:32.0254772Z [1717/1965] Generating testRexxValue_noopt.rxbin
2026-09-15T21:50:32.5251827Z [1718/1965] Generating testRexxRuntimePools_noopt.rxbin
2026-09-15T21:50:32.7678696Z [1719/1965] Generating testRexxValue_opt.rxbin
2026-09-15T21:50:33.4227105Z [1720/1965] Generating testRexxClassicBifs_noopt.rxbin
2026-09-15T21:50:33.4273185Z [1721/1965] Generating testRexxRuntimePools_opt.rxbin
2026-09-15T21:50:34.2362154Z [1722/1965] Generating testRexxClassicBifAbbrev_noopt.rxbin
2026-09-15T21:50:34.2706507Z [1723/1965] Generating testRexxClassicBifs_opt.rxbin
2026-09-15T21:50:34.4116955Z [1724/1965] Generating testRexxClassicBifAbbrev_opt.rxbin
2026-09-15T21:50:35.0381353Z [1725/1965] Generating testRexxClassicBifAbs_noopt.rxbin
2026-09-15T21:50:35.1444353Z [1726/1965] Generating testRexxClassicBifAbs_opt.rxbin
2026-09-15T21:50:35.2158288Z [1727/1965] Generating testRexxClassicBifAddress_noopt.rxbin
2026-09-15T21:50:35.9750246Z [1728/1965] Generating testRexxClassicBifB2x_noopt.rxbin
2026-09-15T21:50:35.9841386Z [1729/1965] Generating testRexxClassicBifAddress_opt.rxbin
2026-09-15T21:50:36.1291943Z [1730/1965] Generating testRexxClassicBifB2x_opt.rxbin
2026-09-15T21:50:36.8490562Z [1731/1965] Generating testRexxClassicBifBitwise_noopt.rxbin
2026-09-15T21:50:36.9382474Z [1732/1965] Generating testRexxClassicBifC2d_noopt.rxbin
2026-09-15T21:50:37.6955069Z [1733/1965] Generating testRexxClassicBifBitwise_opt.rxbin
2026-09-15T21:50:37.7305334Z [1734/1965] Generating testRexxClassicBifC2d_opt.rxbin
2026-09-15T21:50:37.7619689Z [1735/1965] Generating testRexxClassicBifC2x_noopt.rxbin
2026-09-15T21:50:38.5728819Z [1736/1965] Generating testRexxClassicBifC2x_opt.rxbin
2026-09-15T21:50:38.5818472Z [1737/1965] Generating testRexxClassicBifCenter_noopt.rxbin
2026-09-15T21:50:38.8097987Z [1738/1965] Generating testRexxClassicBifCenter_opt.rxbin
2026-09-15T21:50:39.4548393Z [1739/1965] Generating testRexxClassicBifCentre_noopt.rxbin
2026-09-15T21:50:39.7309881Z [1740/1965] Generating testRexxClassicBifCentre_opt.rxbin
2026-09-15T21:50:39.7941524Z [1741/1965] Generating testRexxClassicBifChangestr_noopt.rxbin
2026-09-15T21:50:40.6845272Z [1742/1965] Generating testRexxClassicBifChangestr_opt.rxbin
2026-09-15T21:50:40.7790726Z [1743/1965] Generating testRexxClassicBifCompare_noopt.rxbin
2026-09-15T21:50:40.9288122Z [1744/1965] Generating testRexxClassicBifCompare_opt.rxbin
2026-09-15T21:50:41.5748921Z [1745/1965] Generating testRexxClassicBifCopies_noopt.rxbin
2026-09-15T21:50:41.7339986Z [1746/1965] Generating testRexxClassicBifCopies_opt.rxbin
2026-09-15T21:50:41.7674704Z [1747/1965] Generating testRexxClassicBifCountstr_noopt.rxbin
2026-09-15T21:50:42.4838208Z [1748/1965] Generating testRexxClassicBifCountstr_opt.rxbin
2026-09-15T21:50:42.5889430Z [1749/1965] Generating testRexxClassicBifD2x_noopt.rxbin
2026-09-15T21:50:42.7744503Z [1750/1965] Generating testRexxClassicBifD2x_opt.rxbin
2026-09-15T21:50:43.6030823Z [1751/1965] Generating testRexxClassicBifD2c_noopt.rxbin
2026-09-15T21:50:43.9377379Z [1752/1965] Generating testRexxClassicBifD2c_opt.rxbin
2026-09-15T21:50:44.0473290Z [1753/1965] Generating testRexxClassicBifDate_noopt.rxbin
2026-09-15T21:50:45.0253317Z [1754/1965] Generating testRexxClassicBifDate_opt.rxbin
2026-09-15T21:50:45.0408296Z [1755/1965] Generating testRexxClassicBifDatatype_noopt.rxbin
2026-09-15T21:50:45.8917548Z [1756/1965] Generating testRexxClassicBifDelstr_noopt.rxbin
2026-09-15T21:50:46.0415402Z [1757/1965] Generating testRexxClassicBifDatatype_opt.rxbin
2026-09-15T21:50:46.0747738Z [1758/1965] Generating testRexxClassicBifDelstr_opt.rxbin
2026-09-15T21:50:46.7407996Z [1759/1965] Generating testRexxClassicBifDelword_noopt.rxbin
2026-09-15T21:50:46.9112124Z [1760/1965] Generating testRexxClassicBifFormat_noopt.rxbin
2026-09-15T21:50:47.0901732Z [1761/1965] Generating testRexxClassicBifDelword_opt.rxbin
2026-09-15T21:50:47.8054630Z [1762/1965] Generating testRexxClassicBifFormat_opt.rxbin
2026-09-15T21:50:47.8189237Z [1763/1965] Generating testRexxClassicBifInsert_noopt.rxbin
2026-09-15T21:50:48.3006569Z [1764/1965] Generating testRexxClassicBifInsert_opt.rxbin
2026-09-15T21:50:48.6401177Z [1765/1965] Generating testRexxClassicBifLastpos_noopt.rxbin
2026-09-15T21:50:48.8680770Z [1766/1965] Generating testRexxClassicBifLastpos_opt.rxbin
2026-09-15T21:50:49.1453827Z [1767/1965] Generating testRexxClassicBifLeft_noopt.rxbin
2026-09-15T21:50:49.6594099Z [1768/1965] Generating testRexxClassicBifLength_noopt.rxbin
2026-09-15T21:50:49.6736510Z [1769/1965] Generating testRexxClassicBifLeft_opt.rxbin
2026-09-15T21:50:50.0079596Z [1770/1965] Generating testRexxClassicBifLength_opt.rxbin
2026-09-15T21:50:50.4923302Z [1771/1965] Generating testRexxClassicBifMax_noopt.rxbin
2026-09-15T21:50:50.5944059Z [1772/1965] Generating testRexxClassicBifMax_opt.rxbin
2026-09-15T21:50:50.8111071Z [1773/1965] Generating testRexxClassicBifMin_noopt.rxbin
2026-09-15T21:50:51.3585086Z [1774/1965] Generating testRexxClassicBifNumeric_noopt.rxbin
2026-09-15T21:50:51.4079690Z [1775/1965] Generating testRexxClassicBifMin_opt.rxbin
2026-09-15T21:50:51.6560650Z [1776/1965] Generating testRexxClassicBifNumeric_opt.rxbin
2026-09-15T21:50:52.2177176Z [1777/1965] Generating testRexxClassicBifOverlay_noopt.rxbin
2026-09-15T21:50:52.4986387Z [1778/1965] Generating testRexxClassicBifPos_noopt.rxbin
2026-09-15T21:50:52.6827829Z [1779/1965] Generating testRexxClassicBifOverlay_opt.rxbin
2026-09-15T21:50:53.2476396Z [1780/1965] Generating testRexxClassicBifPos_opt.rxbin
2026-09-15T21:50:53.3227415Z [1781/1965] Generating testRexxClassicBifRandom_noopt.rxbin
2026-09-15T21:50:53.6694727Z [1782/1965] Generating testRexxClassicBifRandom_opt.rxbin
2026-09-15T21:50:54.0730527Z [1783/1965] Generating testRexxClassicBifReverse_noopt.rxbin
2026-09-15T21:50:54.2279773Z [1784/1965] Generating testRexxClassicBifReverse_opt.rxbin
2026-09-15T21:50:54.5092398Z [1785/1965] Generating testRexxClassicBifRight_noopt.rxbin
2026-09-15T21:50:55.0141480Z [1786/1965] Generating testRexxClassicBifSign_noopt.rxbin
2026-09-15T21:50:55.1268337Z [1787/1965] Generating testRexxClassicBifRight_opt.rxbin
2026-09-15T21:50:55.3919797Z [1788/1965] Generating testRexxClassicBifSign_opt.rxbin
2026-09-15T21:50:55.8842136Z [1789/1965] Generating testRexxClassicBifSpace_noopt.rxbin
2026-09-15T21:50:56.1280818Z [1790/1965] Generating testRexxClassicBifSpace_opt.rxbin
2026-09-15T21:50:56.2165373Z [1791/1965] Generating testRexxClassicBifStrip_noopt.rxbin
2026-09-15T21:50:56.9577376Z [1792/1965] Generating testRexxClassicBifStrip_opt.rxbin
2026-09-15T21:50:57.0161859Z [1793/1965] Generating testRexxClassicBifSubstr_noopt.rxbin
2026-09-15T21:50:57.3445132Z [1794/1965] Generating testRexxClassicBifSubstr_opt.rxbin
2026-09-15T21:50:57.7657226Z [1795/1965] Generating testRexxClassicBifSubword_noopt.rxbin
2026-09-15T21:50:58.0542268Z [1796/1965] Generating testRexxClassicBifSubword_opt.rxbin
2026-09-15T21:50:58.1884447Z [1797/1965] Generating testRexxClassicBifSymbol_noopt.rxbin
2026-09-15T21:50:58.8302893Z [1798/1965] Generating testrexx0_opt.rxbin
2026-09-15T21:50:58.8351899Z [1799/1965] Generating testRexxClassicBifSymbol_opt.rxbin
2026-09-15T21:50:58.8865784Z [1800/1965] Generating testRexxClassicBifTime_noopt.rxbin
2026-09-15T21:50:59.3308727Z [1801/1965] Generating testRexxClassicBifTime_opt.rxbin
2026-09-15T21:50:59.6583254Z [1802/1965] Generating testRexxClassicBifTrace_noopt.rxbin
2026-09-15T21:50:59.7288576Z [1803/1965] Generating testRexxClassicBifTranslate_noopt.rxbin
2026-09-15T21:50:59.7930796Z [1804/1965] Generating testRexxClassicBifTrace_opt.rxbin
2026-09-15T21:51:00.3286458Z [1805/1965] Generating testRexxClassicBifTranslate_opt.rxbin
2026-09-15T21:51:00.4982183Z [1806/1965] Generating testRexxClassicBifTrunc_noopt.rxbin
2026-09-15T21:51:00.6791927Z [1807/1965] Generating testRexxClassicBifValue_noopt.rxbin
2026-09-15T21:51:00.8981271Z [1808/1965] Generating testRexxClassicBifTrunc_opt.rxbin
2026-09-15T21:51:01.3953228Z [1809/1965] Generating testRexxClassicBifVerify_noopt.rxbin
2026-09-15T21:51:01.7147151Z [1810/1965] Generating testRexxClassicBifWord_noopt.rxbin
2026-09-15T21:51:01.7409113Z [1811/1965] Generating testRexxClassicBifValue_opt.rxbin
2026-09-15T21:51:01.7554471Z [1812/1965] Generating testRexxClassicBifVerify_opt.rxbin
2026-09-15T21:51:02.3689434Z [1813/1965] Generating testRexxClassicBifWord_opt.rxbin
2026-09-15T21:51:02.5501355Z [1814/1965] Generating testRexxClassicBifWordindex_noopt.rxbin
2026-09-15T21:51:02.6013144Z [1815/1965] Generating testRexxClassicBifWordlength_noopt.rxbin
2026-09-15T21:51:02.7121106Z [1816/1965] Generating testRexxClassicBifWordindex_opt.rxbin
2026-09-15T21:51:03.3002769Z [1817/1965] Generating testRexxClassicBifWordlength_opt.rxbin
2026-09-15T21:51:03.3882161Z [1818/1965] Generating testRexxClassicBifWordpos_noopt.rxbin
2026-09-15T21:51:03.5561092Z [1819/1965] Generating testRexxClassicBifWords_noopt.rxbin
2026-09-15T21:51:03.7055942Z [1820/1965] Generating testRexxClassicBifWordpos_opt.rxbin
2026-09-15T21:51:04.2003628Z [1821/1965] Generating testRexxClassicBifX2b_noopt.rxbin
2026-09-15T21:51:04.2065206Z [1822/1965] Generating testRexxClassicBifWords_opt.rxbin
2026-09-15T21:51:04.4703870Z [1823/1965] Generating testRexxClassicBifX2b_opt.rxbin
2026-09-15T21:51:04.5591003Z [1824/1965] Generating testRexxClassicBifX2c_noopt.rxbin
2026-09-15T21:51:05.0714475Z [1825/1965] Generating testRexxClassicBifX2d_noopt.rxbin
2026-09-15T21:51:05.1441502Z [1826/1965] Generating testRexxClassicBifX2c_opt.rxbin
2026-09-15T21:51:05.3795387Z [1827/1965] Generating testRexxClassicBifXrange_noopt.rxbin
2026-09-15T21:51:05.5075410Z [1828/1965] Generating testRexxClassicBifX2d_opt.rxbin
2026-09-15T21:51:05.9407197Z [1829/1965] Generating testRexxClassicBifXrange_opt.rxbin
2026-09-15T21:51:06.0975779Z [1830/1965] Generating ui_standard_dialogs_noopt.rxbin
2026-09-15T21:51:06.5024496Z [1831/1965] Generating ui_contract_v0_noopt.rxbin
2026-09-15T21:51:06.8968003Z [1832/1965] Generating ui_standard_dialogs_opt.rxbin
2026-09-15T21:51:06.9794128Z [1833/1965] Generating ui_tui_contract_noopt.rxbin
2026-09-15T21:51:07.1303432Z [1834/1965] Linking C executable bin\rexxscript.exe
2026-09-15T21:51:07.4632515Z [1835/1965] Generating ui_tui_contract_opt.rxbin
2026-09-15T21:51:07.8376753Z [1836/1965] Generating testRexxScriptRuntime_noopt.rxbin
2026-09-15T21:51:08.2326194Z [1837/1965] Generating testRexxScriptCompat_noopt.rxbin
2026-09-15T21:51:08.7151709Z [1838/1965] Generating testRexxScriptCompat_opt.rxbin
2026-09-15T21:51:09.1198348Z [1839/1965] Building program with standalone pprint exit example
2026-09-15T21:51:09.6843726Z [1840/1965] Building Text Inspector TUI launcher
2026-09-15T21:51:09.9343639Z [1841/1965] Generating testRexxScriptRuntime_opt.rxbin
2026-09-15T21:51:10.0892758Z [1842/1965] Generating text_inspector_ansi.rxbin
2026-09-15T21:51:10.6004130Z [1843/1965] Generating text_inspector_core_noopt.rxbin
2026-09-15T21:51:10.9970736Z [1844/1965] Generating text_inspector_core_opt.rxbin
2026-09-15T21:51:11.0623464Z [1845/1965] Generating text_inspector_tui_noopt.rxbin
2026-09-15T21:51:11.6875562Z [1846/1965] Generating text_inspector_tui_opt.rxbin
2026-09-15T21:51:11.8464408Z [1847/1965] Generating san002_concat_after_wide_decimal_rxbvm_noopt.rxbin
2026-09-15T21:51:11.9005429Z [1848/1965] Generating san002_concat_after_wide_decimal_rxbvm_opt.rxbin
2026-09-15T21:51:12.0146188Z [1849/1965] Generating ui_contract_v0_opt.rxbin
2026-09-15T21:51:12.5432145Z [1850/1965] Generating san002_concat_after_wide_decimal_rxtvm_noopt.rxbin
2026-09-15T21:51:12.6816147Z [1851/1965] Generating san002_concat_after_wide_decimal_rxtvm_opt.rxbin
2026-09-15T21:51:12.7479283Z [1852/1965] Generating san002_wide_decimal_extract_rxbvm_noopt.rxbin
2026-09-15T21:51:12.8749497Z [1853/1965] Generating san002_wide_decimal_extract_rxbvm_opt.rxbin
2026-09-15T21:51:13.4332337Z [1854/1965] Generating san002_wide_decimal_extract_rxtvm_noopt.rxbin
2026-09-15T21:51:13.5194794Z [1855/1965] Generating san002_wide_decimal_extract_rxtvm_opt.rxbin
2026-09-15T21:51:13.6240700Z [1856/1965] Generating levelbfunc_noopt.rxbin
2026-09-15T21:51:13.7589793Z [1857/1965] Generating levelbfunc_opt.rxbin
2026-09-15T21:51:14.2017882Z [1858/1965] Generating concatenation_noopt.rxbin
2026-09-15T21:51:14.2895297Z [1859/1965] Generating concatenation_opt.rxbin
2026-09-15T21:51:14.4717591Z [1860/1965] Generating benchmark_awfy_sieve_noopt.rxbin
2026-09-15T21:51:14.6188617Z [1861/1965] Generating benchmark_awfy_sieve_opt.rxbin
2026-09-15T21:51:15.0991365Z [1862/1965] Generating benchmark_awfy_permute_noopt.rxbin
2026-09-15T21:51:15.1508437Z [1863/1965] Generating benchmark_awfy_permute_opt.rxbin
2026-09-15T21:51:15.3355722Z [1864/1965] Generating benchmark_awfy_mandelbrot_noopt.rxbin
2026-09-15T21:51:15.4972485Z [1865/1965] Generating benchmark_awfy_mandelbrot_opt.rxbin
2026-09-15T21:51:15.9805157Z [1866/1965] Generating benchmark_awfy_mandelbrot_hoisted_control_noopt.rxbin
2026-09-15T21:51:16.0286716Z [1867/1965] Generating benchmark_awfy_mandelbrot_hoisted_control_opt.rxbin
2026-09-15T21:51:16.2136909Z [1868/1965] Generating benchmark_awfy_towers_noopt.rxbin
2026-09-15T21:51:16.4180143Z [1869/1965] Generating benchmark_awfy_towers_opt.rxbin
2026-09-15T21:51:16.8750662Z [1870/1965] Generating benchmark_awfy_bounce_noopt.rxbin
2026-09-15T21:51:16.9157763Z [1871/1965] Generating benchmark_awfy_bounce_opt.rxbin
2026-09-15T21:51:17.0765009Z [1872/1965] Generating benchmark_awfy_storage_noopt.rxbin
2026-09-15T21:51:17.3282464Z [1873/1965] Generating benchmark_awfy_storage_opt.rxbin
2026-09-15T21:51:17.7335634Z [1874/1965] Generating benchmark_awfy_list_noopt.rxbin
2026-09-15T21:51:17.8318474Z [1875/1965] Generating benchmark_awfy_list_opt.rxbin
2026-09-15T21:51:17.9853752Z [1876/1965] Generating benchmark_awfy_richards_noopt.rxbin
2026-09-15T21:51:18.3242357Z [1877/1965] Generating benchmark_awfy_richards_opt.rxbin
2026-09-15T21:51:18.6091897Z [1878/1965] Generating benchmark_awfy_queens_noopt.rxbin
2026-09-15T21:51:18.7128150Z [1879/1965] Generating benchmark_awfy_queens_opt.rxbin
2026-09-15T21:51:18.9445475Z [1880/1965] Generating benchmark_awfy_deltablue_noopt.rxbin
2026-09-15T21:51:19.7401639Z [1881/1965] Generating benchmark_awfy_cd_noopt.rxbin
2026-09-15T21:51:19.7638565Z [1882/1965] Generating benchmark_awfy_deltablue_opt.rxbin
2026-09-15T21:51:19.8667288Z [1883/1965] Generating benchmark_awfy_havlak_noopt.rxbin
2026-09-15T21:51:20.5892683Z [1884/1965] Generating benchmark_awfy_cd_opt.rxbin
2026-09-15T21:51:20.6084325Z [1885/1965] Generating benchmark_awfy_json_noopt.rxbin
2026-09-15T21:51:20.7872961Z [1886/1965] Generating benchmark_awfy_json_opt.rxbin
2026-09-15T21:51:21.1524286Z [1887/1965] Generating benchmark_awfy_havlak_opt.rxbin
2026-09-15T21:51:21.4341329Z [1888/1965] Generating benchmark_json_parser_noopt.rxbin
2026-09-15T21:51:21.4531930Z [1889/1965] Generating benchmark_json_parser_opt.rxbin
2026-09-15T21:51:21.6439714Z [1890/1965] Generating benchmark_json_parse_noopt.rxbin
2026-09-15T21:51:22.0235394Z [1891/1965] Generating benchmark_json_parse_opt.rxbin
2026-09-15T21:51:22.2921300Z [1892/1965] Generating benchmark_json_query_noopt.rxbin
2026-09-15T21:51:22.3167003Z [1893/1965] Generating benchmark_json_query_opt.rxbin
2026-09-15T21:51:22.5322857Z [1894/1965] Generating benchmark_base64_roundtrip_noopt.rxbin
2026-09-15T21:51:22.9905485Z [1895/1965] Generating benchmark_base64_roundtrip_opt.rxbin
2026-09-15T21:51:23.1532416Z [1896/1965] Generating benchmark_base64_roundtrip_v2_noopt.rxbin
2026-09-15T21:51:23.2634976Z [1897/1965] Generating benchmark_base64_roundtrip_v2_opt.rxbin
2026-09-15T21:51:23.5377717Z [1898/1965] Generating benchmark_parse_frozen_noopt.rxbin
2026-09-15T21:51:24.1182185Z [1899/1965] Generating benchmark_parse_frozen_generic_noopt.rxbin
2026-09-15T21:51:24.5972503Z [1900/1965] Generating benchmark_rexxcps_levelb_noopt.rxbin
2026-09-15T21:51:24.7584428Z [1901/1965] Generating benchmark_parse_frozen_opt.rxbin
2026-09-15T21:51:25.4625810Z [1902/1965] Generating benchmark_awfy_nbody_noopt.rxbin
2026-09-15T21:51:25.8028281Z [1903/1965] Generating benchmark_awfy_nbody_opt.rxbin
2026-09-15T21:51:25.9175971Z [1904/1965] Generating benchmark_parse_frozen_generic_opt.rxbin
2026-09-15T21:51:26.4975169Z [1905/1965] Generating benchmark_rexxcps_levelb_opaque_noopt.rxbin
2026-09-15T21:51:26.6321737Z [1906/1965] Generating benchmark_rexxcps_levelb_opt.rxbin
2026-09-15T21:51:26.8556411Z [1907/1965] Linking C executable tests\cri17_attached_provider_control-rxvml.exe
2026-09-15T21:51:26.8629958Z [1908/1965] Generating benchmark_runner_noopt.rxbin
2026-09-15T21:51:27.0125545Z [1909/1965] Linking C shared module tests\rxpa\rx_rxpa_classdecl.rxplugin
2026-09-15T21:51:27.0924462Z [1910/1965] Linking C executable tests\cri17_attached_provider_control-rxbvml.exe
2026-09-15T21:51:27.1758482Z [1911/1965] Linking C shared module tests\rxpa\rx_rxpa_bad_signatures.rxplugin
2026-09-15T21:51:27.3938978Z [1912/1965] Linking C executable tests\rxc_classdecl_static.exe
2026-09-15T21:51:27.9394495Z [1913/1965] Generating benchmark_runner_opt.rxbin
2026-09-15T21:51:28.0597900Z [1914/1965] Generating cri17_attached_provider_opt.rxbin
2026-09-15T21:51:28.2869662Z [1915/1965] Generating rcc_provider_autoload_noopt.rxbin
2026-09-15T21:51:28.3757727Z [1916/1965] Generating benchmark_rexxcps_levelb_opaque_opt.rxbin
2026-09-15T21:51:28.8222699Z [1917/1965] Generating rcc_provider_autoload_opt.rxbin
2026-09-15T21:51:30.5386673Z [1918/1965] Generating rxpa_objects_class_only_noopt-linked.rxbin
2026-09-15T21:51:30.7710963Z [1919/1965] Generating rxpa_objects_class_only_opt-linked.rxbin
2026-09-15T21:51:31.5521255Z [1920/1965] Generating rxpa_objects_noopt-linked.rxbin
2026-09-15T21:51:31.9175123Z [1921/1965] Generating rxpa_objects_opt-linked.rxbin
2026-09-15T21:51:33.8244172Z [1922/1965] Generating rxpa_objects_text_worker_noopt-linked.rxbin
2026-09-15T21:51:34.0771910Z [1923/1965] Generating rxpa_objects_text_worker_opt-linked.rxbin
2026-09-15T21:51:35.7410637Z [1924/1965] Generating rxpa_objects_workers_noopt-linked.rxbin
2026-09-15T21:51:36.0620506Z [1925/1965] Generating rxpa_objects_workers_opt-linked.rxbin
2026-09-15T21:51:38.5007952Z [1926/1965] Generating rxpa_callmethod_run_noopt.rxbin
2026-09-15T21:51:38.7524672Z [1927/1965] Generating rxpa_callmethod_run_opt.rxbin
2026-09-15T21:51:41.8789554Z [1928/1965] Generating rxpa_dynlink_run_noopt.rxbin
2026-09-15T21:51:42.2603364Z [1929/1965] Generating rxpa_dynlink_run_opt.rxbin
2026-09-15T21:51:44.6932564Z [1930/1965] Generating rxpa_staticlink_run_noopt.rxbin
2026-09-15T21:51:44.9620260Z [1931/1965] Generating rxpa_staticlink_run_opt.rxbin
2026-09-15T21:51:47.9637682Z [1932/1965] Generating rxpa_callmethod_static_run_noopt.rxbin
2026-09-15T21:51:48.2793727Z [1933/1965] Generating rxpa_callmethod_static_run_opt.rxbin
2026-09-15T21:51:50.7185348Z [1934/1965] Generating rxpa_signal_funcs_dynamic_noopt.rxbin
2026-09-15T21:51:51.0413806Z [1935/1965] Generating rxpa_signal_funcs_dynamic_opt.rxbin
2026-09-15T21:51:53.9935434Z [1936/1965] Generating rxpa_signal_funcs_static_noopt.rxbin
2026-09-15T21:51:54.2599500Z [1937/1965] Generating rxpa_signal_funcs_static_opt.rxbin
2026-09-15T21:51:56.6789020Z [1938/1965] Generating rxpa_string_funcs_dynamic_noopt.rxbin
2026-09-15T21:51:57.0719543Z [1939/1965] Generating rxpa_string_funcs_dynamic_opt.rxbin
2026-09-15T21:52:00.0468480Z [1940/1965] Generating rxpa_string_funcs_static_noopt.rxbin
2026-09-15T21:52:00.2437172Z [1941/1965] Generating rxpa_string_funcs_static_opt.rxbin
2026-09-15T21:52:02.7709175Z [1942/1965] Generating rxpa_int_funcs_dynamic_noopt.rxbin
2026-09-15T21:52:03.1278603Z [1943/1965] Generating rxpa_int_funcs_dynamic_opt.rxbin
2026-09-15T21:52:06.1432115Z [1944/1965] Generating rxpa_int_funcs_static_noopt.rxbin
2026-09-15T21:52:06.3366394Z [1945/1965] Generating rxpa_int_funcs_static_opt.rxbin
2026-09-15T21:52:08.7820073Z [1946/1965] Generating rxpa_float_funcs_dynamic_noopt.rxbin
2026-09-15T21:52:09.1920155Z [1947/1965] Generating rxpa_float_funcs_dynamic_opt.rxbin
2026-09-15T21:52:12.2512204Z [1948/1965] Generating rxpa_float_funcs_static_noopt.rxbin
2026-09-15T21:52:12.4669840Z [1949/1965] Generating rxpa_float_funcs_static_opt.rxbin
2026-09-15T21:52:14.9078531Z [1950/1965] Generating rxpa_array_push_funcs_dynamic_noopt.rxbin
2026-09-15T21:52:15.2402763Z [1951/1965] Generating rxpa_array_push_funcs_dynamic_opt.rxbin
2026-09-15T21:52:18.3485537Z [1952/1965] Generating rxpa_array_push_funcs_static_noopt.rxbin
2026-09-15T21:52:18.6370231Z [1953/1965] Generating rxpa_array_push_funcs_static_opt.rxbin
2026-09-15T21:52:20.9553913Z [1954/1965] Generating rxpa_native_payload_funcs_dynamic_noopt.rxbin
2026-09-15T21:52:21.3624556Z [1955/1965] Generating rxpa_native_payload_funcs_dynamic_opt.rxbin
2026-09-15T21:52:24.4748015Z [1956/1965] Generating rxpa_native_payload_funcs_static_noopt.rxbin
2026-09-15T21:52:24.7059459Z [1957/1965] Generating rxpa_native_payload_funcs_static_opt.rxbin
2026-09-15T21:52:27.0670594Z [1958/1965] Generating rxpa_native_unwind_funcs_dynamic_noopt.rxbin
2026-09-15T21:52:27.4748130Z [1959/1965] Generating rxpa_native_unwind_funcs_dynamic_opt.rxbin
2026-09-15T21:52:27.9568485Z [1960/1965] Generating rxpa_mult_test_noopt.rxbin
2026-09-15T21:52:28.2812080Z [1961/1965] Generating rxpa_mult_test_opt.rxbin
2026-09-15T21:52:29.6561974Z [1962/1965] Generating rxpa_native_unwind_funcs_static_noopt.rxbin
2026-09-15T21:52:29.7934179Z [1963/1965] Generating rxpa_native_unwind_funcs_static_opt.rxbin
2026-09-15T21:52:29.7935428Z [1963/1965] Running comprehensive correctness QA without stress or measurement
2026-09-15T21:52:29.8306551Z Test project D:/a/_temp/qualification
2026-09-15T21:52:29.9361768Z           Start    1: rxsha256_unit
2026-09-15T21:52:29.9420248Z           Start    2: rxgraph_unit
2026-09-15T21:52:29.9507269Z    1/2248 Test    #2: rxgraph_unit .................................................   Passed    0.01 sec
2026-09-15T21:52:29.9513886Z           Start    3: crexx_contract_generation
2026-09-15T21:52:29.9636437Z    2/2248 Test    #1: rxsha256_unit ................................................   Passed    0.03 sec
2026-09-15T21:52:29.9642049Z           Start    5: rxc_help_no_exe_import
2026-09-15T21:52:29.9735084Z    3/2248 Test    #5: rxc_help_no_exe_import .......................................   Passed    0.01 sec
2026-09-15T21:52:29.9740859Z           Start    6: rxc_help_import_resolution_report
2026-09-15T21:52:29.9832771Z    4/2248 Test    #6: rxc_help_import_resolution_report ............................   Passed    0.01 sec
2026-09-15T21:52:29.9838840Z           Start    7: project_dependencies
2026-09-15T21:52:30.0134786Z    5/2248 Test    #7: project_dependencies .........................................   Passed    0.03 sec
2026-09-15T21:52:30.0139370Z           Start    8: binary_forward_dependencies
2026-09-15T21:52:31.8075074Z    6/2248 Test    #3: crexx_contract_generation ....................................   Passed    1.86 sec
2026-09-15T21:52:31.8080921Z           Start    9: inline_return_conversions
2026-09-15T21:52:35.4672867Z    7/2248 Test    #8: binary_forward_dependencies ..................................   Passed    5.45 sec
2026-09-15T21:52:35.4678537Z           Start   10: global_import_types
2026-09-15T21:52:38.0809462Z    8/2248 Test    #9: inline_return_conversions ....................................   Passed    6.27 sec
2026-09-15T21:52:38.0815193Z           Start   12: binary_storage_selector_dependencies
2026-09-15T21:52:43.8379892Z    9/2248 Test   #10: global_import_types ..........................................   Passed    8.37 sec
2026-09-15T21:52:43.8385568Z           Start   13: import_resolution_report
2026-09-15T21:52:43.8566477Z   10/2248 Test   #13: import_resolution_report .....................................   Passed    0.02 sec
2026-09-15T21:52:43.8571118Z           Start   14: rxc_import_resolution_report_cli
2026-09-15T21:52:43.8961474Z   11/2248 Test   #14: rxc_import_resolution_report_cli .............................   Passed    0.04 sec
2026-09-15T21:52:43.8966870Z           Start   16: rxas_invalid_diagnostic
2026-09-15T21:52:43.9347779Z   12/2248 Test   #16: rxas_invalid_diagnostic ......................................   Passed    0.04 sec
2026-09-15T21:52:43.9352754Z           Start   17: rxas_exposed_global_bounds
2026-09-15T21:52:44.0019292Z   13/2248 Test   #17: rxas_exposed_global_bounds ...................................   Passed    0.07 sec
2026-09-15T21:52:44.0025693Z           Start   18: rxas_invalid_utf8_string
2026-09-15T21:52:44.0383383Z   14/2248 Test   #18: rxas_invalid_utf8_string .....................................   Passed    0.04 sec
2026-09-15T21:52:44.0389063Z           Start   19: rxc_invalid_utf8_hex_literal
2026-09-15T21:52:44.5230621Z   15/2248 Test   #19: rxc_invalid_utf8_hex_literal .................................   Passed    0.48 sec
2026-09-15T21:52:44.5237287Z           Start   20: rxc_invalid_utf8_binary_literal
2026-09-15T21:52:45.0042041Z   16/2248 Test   #20: rxc_invalid_utf8_binary_literal ..............................   Passed    0.48 sec
2026-09-15T21:52:45.0047978Z           Start   21: rxc_invalid_binary_assign_literal
2026-09-15T21:52:45.5042556Z   17/2248 Test   #21: rxc_invalid_binary_assign_literal ............................   Passed    0.50 sec
2026-09-15T21:52:45.5049375Z           Start   22: rxc_invalid_binary_literal_as_string
2026-09-15T21:52:45.9693821Z   18/2248 Test   #22: rxc_invalid_binary_literal_as_string .........................   Passed    0.46 sec
2026-09-15T21:52:45.9698865Z           Start   23: rxc_function_lookup_diagnostic
2026-09-15T21:52:46.4571636Z   19/2248 Test   #23: rxc_function_lookup_diagnostic ...............................   Passed    0.49 sec
2026-09-15T21:52:46.4576990Z           Start   24: rxc_invalid_binary_to_string_runtime
2026-09-15T21:52:47.0331198Z   20/2248 Test   #24: rxc_invalid_binary_to_string_runtime .........................   Passed    0.57 sec
2026-09-15T21:52:47.0336125Z           Start   25: rxc_binary_literal_load
2026-09-15T21:52:47.3296300Z   21/2248 Test   #12: binary_storage_selector_dependencies .........................   Passed    9.25 sec
2026-09-15T21:52:47.3300606Z           Start   26: rxc_binary_memory_source
2026-09-15T21:52:47.9174494Z   22/2248 Test   #26: rxc_binary_memory_source .....................................   Passed    0.59 sec
2026-09-15T21:52:47.9180794Z           Start   27: rxc_binary_constant_alias_opt
2026-09-15T21:52:48.1942175Z   23/2248 Test   #25: rxc_binary_literal_load ......................................   Passed    1.16 sec
2026-09-15T21:52:48.1948393Z           Start   28: rxc_packed_numeric_source
2026-09-15T21:52:48.5715750Z   24/2248 Test   #27: rxc_binary_constant_alias_opt ................................   Passed    0.65 sec
2026-09-15T21:52:48.5720922Z           Start   29: rxc_binary_memory_packed_lookup
2026-09-15T21:52:48.7968240Z   25/2248 Test   #28: rxc_packed_numeric_source ....................................   Passed    0.60 sec
2026-09-15T21:52:48.7973199Z           Start   30: rxc_constants_levelb
2026-09-15T21:52:49.1653988Z   26/2248 Test   #29: rxc_binary_memory_packed_lookup ..............................   Passed    0.59 sec
2026-09-15T21:52:49.1659313Z           Start   31: rxc_register_flag_views
2026-09-15T21:52:49.9482986Z   27/2248 Test   #30: rxc_constants_levelb .........................................   Passed    1.15 sec
2026-09-15T21:52:49.9487646Z           Start   32: rxc_scoped_register_reuse
2026-09-15T21:52:50.3349457Z   28/2248 Test   #31: rxc_register_flag_views ......................................   Passed    1.17 sec
2026-09-15T21:52:50.3354811Z           Start   33: rxc_call_statement_register_reuse
2026-09-15T21:52:50.5457106Z   29/2248 Test   #32: rxc_scoped_register_reuse ....................................   Passed    0.60 sec
2026-09-15T21:52:50.5461972Z           Start   34: rxc_inline_byvalue_arg_reuse
2026-09-15T21:52:51.1423379Z   30/2248 Test   #34: rxc_inline_byvalue_arg_reuse .................................   Passed    0.60 sec
2026-09-15T21:52:51.1428496Z           Start   35: robustness_set1_main
2026-09-15T21:52:51.4705042Z   31/2248 Test   #33: rxc_call_statement_register_reuse ............................   Passed    1.13 sec
2026-09-15T21:52:51.4711338Z           Start   36: robustness_set2_main
2026-09-15T21:52:52.2501500Z   32/2248 Test   #35: robustness_set1_main .........................................   Passed    1.11 sec
2026-09-15T21:52:52.2506308Z           Start   37: robustness_set3_main
2026-09-15T21:52:52.5691486Z   33/2248 Test   #36: robustness_set2_main .........................................   Passed    1.10 sec
2026-09-15T21:52:52.5696954Z           Start   38: robustness_set4_main
2026-09-15T21:52:53.3478059Z   34/2248 Test   #37: robustness_set3_main .........................................   Passed    1.10 sec
2026-09-15T21:52:53.3483695Z           Start   39: robustness_set6_main
2026-09-15T21:52:54.1791235Z   35/2248 Test   #38: robustness_set4_main .........................................   Passed    1.61 sec
2026-09-15T21:52:54.1797880Z           Start   40: robustness_set5_encapsulation
2026-09-15T21:52:54.7159570Z   36/2248 Test   #40: robustness_set5_encapsulation ................................   Passed    0.54 sec
2026-09-15T21:52:54.7164743Z           Start   41: 01_assign_noopt
2026-09-15T21:52:55.0122737Z   37/2248 Test   #39: robustness_set6_main .........................................   Passed    1.66 sec
2026-09-15T21:52:55.0128004Z           Start   42: 01_assign_opt
2026-09-15T21:52:55.2498525Z   38/2248 Test   #41: 01_assign_noopt ..............................................   Passed    0.53 sec
2026-09-15T21:52:55.2503866Z           Start   43: 02_flow_noopt
2026-09-15T21:52:55.5518779Z   39/2248 Test   #42: 01_assign_opt ................................................   Passed    0.54 sec
2026-09-15T21:52:55.5522833Z           Start   44: 02_flow_opt
2026-09-15T21:52:55.7913906Z   40/2248 Test   #43: 02_flow_noopt ................................................   Passed    0.54 sec
2026-09-15T21:52:55.7917811Z           Start   45: 03_calc_noopt
2026-09-15T21:52:56.0749853Z   41/2248 Test   #44: 02_flow_opt ..................................................   Passed    0.52 sec
2026-09-15T21:52:56.0754203Z           Start   46: 03_calc_opt
2026-09-15T21:52:56.3022745Z   42/2248 Test   #45: 03_calc_noopt ................................................   Passed    0.51 sec
2026-09-15T21:52:56.3028122Z           Start   47: 04_literals_noopt
2026-09-15T21:52:56.5706679Z   43/2248 Test   #46: 03_calc_opt ..................................................   Passed    0.49 sec
2026-09-15T21:52:56.5711971Z           Start   48: 04_literals_opt
2026-09-15T21:52:56.8279033Z   44/2248 Test   #47: 04_literals_noopt ............................................   Passed    0.52 sec
2026-09-15T21:52:56.8284300Z           Start   49: 05_ops_common_noopt
2026-09-15T21:52:57.0941704Z   45/2248 Test   #48: 04_literals_opt ..............................................   Passed    0.52 sec
2026-09-15T21:52:57.0946726Z           Start   50: 05_ops_common_opt
2026-09-15T21:52:57.3380723Z   46/2248 Test   #49: 05_ops_common_noopt ..........................................   Passed    0.51 sec
2026-09-15T21:52:57.3386070Z           Start   51: 05_ops_classic_noopt
2026-09-15T21:52:57.6063007Z   47/2248 Test   #50: 05_ops_common_opt ............................................   Passed    0.51 sec
2026-09-15T21:52:57.6067636Z           Start   52: 05_ops_classic_opt
2026-09-15T21:52:57.8597658Z   48/2248 Test   #51: 05_ops_classic_noopt .........................................   Passed    0.52 sec
2026-09-15T21:52:57.8602734Z           Start   53: err_xor_common_fail
2026-09-15T21:52:57.9331804Z   49/2248 Test   #53: err_xor_common_fail ..........................................   Passed    0.07 sec
2026-09-15T21:52:57.9336434Z           Start   54: int64_literal_overflow_fail
2026-09-15T21:52:58.1213107Z   50/2248 Test   #52: 05_ops_classic_opt ...........................................   Passed    0.51 sec
2026-09-15T21:52:58.1217172Z           Start   55: int64_fold_overflow_fail
2026-09-15T21:52:58.4377053Z   51/2248 Test   #54: int64_literal_overflow_fail ..................................   Passed    0.50 sec
2026-09-15T21:52:58.4382108Z           Start   56: int64_fold_division_zero_fail
2026-09-15T21:52:58.6147409Z   52/2248 Test   #55: int64_fold_overflow_fail .....................................   Passed    0.49 sec
2026-09-15T21:52:58.6152818Z           Start   57: strict_compare_codegen_noopt
2026-09-15T21:52:58.9430634Z   53/2248 Test   #56: int64_fold_division_zero_fail ................................   Passed    0.50 sec
2026-09-15T21:52:58.9435291Z           Start   58: strict_compare_codegen_opt
2026-09-15T21:52:59.1357461Z   54/2248 Test   #57: strict_compare_codegen_noopt .................................   Passed    0.52 sec
2026-09-15T21:52:59.1363176Z           Start   59: address_expose_noopt
2026-09-15T21:52:59.4696221Z   55/2248 Test   #58: strict_compare_codegen_opt ...................................   Passed    0.53 sec
2026-09-15T21:52:59.4700144Z           Start   60: address_expose_opt
2026-09-15T21:52:59.6637380Z   56/2248 Test   #59: address_expose_noopt .........................................   Passed    0.53 sec
2026-09-15T21:52:59.6642979Z           Start   61: div_ops_common_noopt
2026-09-15T21:52:59.9973738Z   57/2248 Test   #60: address_expose_opt ...........................................   Passed    0.53 sec
2026-09-15T21:52:59.9979013Z           Start   62: div_ops_common_opt
2026-09-15T21:53:00.1961227Z   58/2248 Test   #61: div_ops_common_noopt .........................................   Passed    0.53 sec
2026-09-15T21:53:00.1965288Z           Start   63: div_ops_classic_noopt
2026-09-15T21:53:00.5064251Z   59/2248 Test   #62: div_ops_common_opt ...........................................   Passed    0.51 sec
2026-09-15T21:53:00.5069388Z           Start   64: div_ops_classic_opt
2026-09-15T21:53:00.7183849Z   60/2248 Test   #63: div_ops_classic_noopt ........................................   Passed    0.52 sec
2026-09-15T21:53:00.7188448Z           Start   65: 06_logic_noopt
2026-09-15T21:53:01.0265919Z   61/2248 Test   #64: div_ops_classic_opt ..........................................   Passed    0.52 sec
2026-09-15T21:53:01.0270056Z           Start   66: 06_logic_opt
2026-09-15T21:53:01.2398773Z   62/2248 Test   #65: 06_logic_noopt ...............................................   Passed    0.52 sec
2026-09-15T21:53:01.2404009Z           Start   67: named_operators_noopt
2026-09-15T21:53:01.5506235Z   63/2248 Test   #66: 06_logic_opt .................................................   Passed    0.52 sec
2026-09-15T21:53:01.5511898Z           Start   68: named_operators_opt
2026-09-15T21:53:01.7659458Z   64/2248 Test   #67: named_operators_noopt ........................................   Passed    0.53 sec
2026-09-15T21:53:01.7663586Z           Start   69: 07_loops_noopt
2026-09-15T21:53:02.0756996Z   65/2248 Test   #68: named_operators_opt ..........................................   Passed    0.52 sec
2026-09-15T21:53:02.0761332Z           Start   70: 07_loops_opt
2026-09-15T21:53:02.2978312Z   66/2248 Test   #69: 07_loops_noopt ...............................................   Passed    0.53 sec
2026-09-15T21:53:02.2984120Z           Start   71: 08_select_noopt
2026-09-15T21:53:02.6118937Z   67/2248 Test   #70: 07_loops_opt .................................................   Passed    0.54 sec
2026-09-15T21:53:02.6123377Z           Start   72: 08_select_opt
2026-09-15T21:53:02.8446086Z   68/2248 Test   #71: 08_select_noopt ..............................................   Passed    0.55 sec
2026-09-15T21:53:02.8451575Z           Start   73: test_select_classic_noopt
2026-09-15T21:53:03.1571272Z   69/2248 Test   #72: 08_select_opt ................................................   Passed    0.54 sec
2026-09-15T21:53:03.1576902Z           Start   74: test_select_classic_opt
2026-09-15T21:53:03.4731696Z   70/2248 Test   #73: test_select_classic_noopt ....................................   Passed    0.63 sec
2026-09-15T21:53:03.4736828Z           Start   75: test_select_c_noopt
2026-09-15T21:53:03.7558242Z   71/2248 Test   #74: test_select_classic_opt ......................................   Passed    0.60 sec
2026-09-15T21:53:03.7564244Z           Start   76: test_select_c_opt
2026-09-15T21:53:04.1619592Z   72/2248 Test   #75: test_select_c_noopt ..........................................   Passed    0.69 sec
2026-09-15T21:53:04.1625507Z           Start   77: select_dispatch_integer_noopt
2026-09-15T21:53:04.3427002Z   73/2248 Test   #76: test_select_c_opt ............................................   Passed    0.59 sec
2026-09-15T21:53:04.3432119Z           Start   78: select_dispatch_integer_opt
2026-09-15T21:53:04.8245908Z   74/2248 Test   #77: select_dispatch_integer_noopt ................................   Passed    0.66 sec
2026-09-15T21:53:04.8250749Z           Start   79: select_dispatch_fallback_noopt
2026-09-15T21:53:04.9845772Z   75/2248 Test   #78: select_dispatch_integer_opt ..................................   Passed    0.64 sec
2026-09-15T21:53:04.9851342Z           Start   80: select_dispatch_fallback_opt
2026-09-15T21:53:05.4728473Z   76/2248 Test   #79: select_dispatch_fallback_noopt ...............................   Passed    0.65 sec
2026-09-15T21:53:05.4732934Z           Start   81: select_dispatch_mixed_noopt
2026-09-15T21:53:05.6243315Z   77/2248 Test   #80: select_dispatch_fallback_opt .................................   Passed    0.64 sec
2026-09-15T21:53:05.6247572Z           Start   82: select_dispatch_mixed_opt
2026-09-15T21:53:06.0305934Z   78/2248 Test   #81: select_dispatch_mixed_noopt ..................................   Passed    0.56 sec
2026-09-15T21:53:06.0311562Z           Start   83: select_dispatch_general_noopt
2026-09-15T21:53:06.1964772Z   79/2248 Test   #82: select_dispatch_mixed_opt ....................................   Passed    0.57 sec
2026-09-15T21:53:06.1970976Z           Start   84: select_dispatch_general_opt
2026-09-15T21:53:06.5952173Z   80/2248 Test   #83: select_dispatch_general_noopt ................................   Passed    0.56 sec
2026-09-15T21:53:06.5958025Z           Start   85: select_dispatch_strings_noopt
2026-09-15T21:53:06.8037121Z   81/2248 Test   #84: select_dispatch_general_opt ..................................   Passed    0.61 sec
2026-09-15T21:53:06.8042761Z           Start   86: select_dispatch_strings_opt
2026-09-15T21:53:07.2645149Z   82/2248 Test   #85: select_dispatch_strings_noopt ................................   Passed    0.67 sec
2026-09-15T21:53:07.2651133Z           Start   87: repro_duplicate_call_argument_noopt
2026-09-15T21:53:07.4426153Z   83/2248 Test   #86: select_dispatch_strings_opt ..................................   Passed    0.64 sec
2026-09-15T21:53:07.4458580Z           Start   88: repro_duplicate_call_argument_opt
2026-09-15T21:53:07.9530882Z   84/2248 Test   #87: repro_duplicate_call_argument_noopt ..........................   Passed    0.68 sec
2026-09-15T21:53:07.9534507Z           Start   89: 09_nested_noopt
2026-09-15T21:53:08.0462930Z   85/2248 Test   #88: repro_duplicate_call_argument_opt ............................   Passed    0.60 sec
2026-09-15T21:53:08.0468479Z           Start   90: 09_nested_opt
2026-09-15T21:53:08.5963908Z   86/2248 Test   #90: 09_nested_opt ................................................   Passed    0.55 sec
2026-09-15T21:53:08.5968772Z           Start   91: 10_procs_noopt
2026-09-15T21:53:08.6406772Z   87/2248 Test   #89: 09_nested_noopt ..............................................   Passed    0.69 sec
2026-09-15T21:53:08.6411339Z           Start   92: 10_procs_opt
2026-09-15T21:53:09.1854151Z   88/2248 Test   #91: 10_procs_noopt ...............................................   Passed    0.59 sec
2026-09-15T21:53:09.1858571Z           Start   93: 11_scope_noopt
2026-09-15T21:53:09.2436053Z   89/2248 Test   #92: 10_procs_opt .................................................   Passed    0.60 sec
2026-09-15T21:53:09.2441832Z           Start   94: 11_scope_opt
2026-09-15T21:53:09.8119510Z   90/2248 Test   #93: 11_scope_noopt ...............................................   Passed    0.63 sec
2026-09-15T21:53:09.8124761Z           Start   95: 12_arrays_lvlb_noopt
2026-09-15T21:53:09.8417917Z   91/2248 Test   #94: 11_scope_opt .................................................   Passed    0.60 sec
2026-09-15T21:53:09.8422339Z           Start   96: 12_arrays_lvlb_opt
2026-09-15T21:53:10.4169097Z   92/2248 Test   #95: 12_arrays_lvlb_noopt .........................................   Passed    0.60 sec
2026-09-15T21:53:10.4173515Z           Start   97: array_mutation_statements_noopt
2026-09-15T21:53:10.4538770Z   93/2248 Test   #96: 12_arrays_lvlb_opt ...........................................   Passed    0.61 sec
2026-09-15T21:53:10.4546774Z           Start   98: array_mutation_statements_opt
2026-09-15T21:53:10.9923455Z   94/2248 Test   #97: array_mutation_statements_noopt ..............................   Passed    0.57 sec
2026-09-15T21:53:10.9933944Z           Start   99: 13_stems_noopt
2026-09-15T21:53:11.0121778Z   95/2248 Test   #98: array_mutation_statements_opt ................................   Passed    0.56 sec
2026-09-15T21:53:11.0126820Z           Start  100: 13_stems_opt
2026-09-15T21:53:11.5419042Z   96/2248 Test   #99: 13_stems_noopt ...............................................   Passed    0.55 sec
2026-09-15T21:53:11.5424533Z           Start  101: repro_multi_tail_stems_noopt
2026-09-15T21:53:11.5516235Z   97/2248 Test  #100: 13_stems_opt .................................................   Passed    0.54 sec
2026-09-15T21:53:11.5520415Z           Start  102: repro_multi_tail_stems_opt
2026-09-15T21:53:12.0736348Z   98/2248 Test  #101: repro_multi_tail_stems_noopt .................................   Passed    0.53 sec
2026-09-15T21:53:12.0741747Z           Start  103: 14_strings_noopt
2026-09-15T21:53:12.1125829Z   99/2248 Test  #102: repro_multi_tail_stems_opt ...................................   Passed    0.56 sec
2026-09-15T21:53:12.1130873Z           Start  104: 14_strings_opt
2026-09-15T21:53:12.6438258Z  100/2248 Test  #103: 14_strings_noopt .............................................   Passed    0.57 sec
2026-09-15T21:53:12.6443043Z           Start  105: 17_string_arrays_noopt
2026-09-15T21:53:12.6469154Z  101/2248 Test  #104: 14_strings_opt ...............................................   Passed    0.53 sec
2026-09-15T21:53:12.6474141Z           Start  106: 17_string_arrays_opt
2026-09-15T21:53:13.1850636Z  102/2248 Test  #106: 17_string_arrays_opt .........................................   Passed    0.54 sec
2026-09-15T21:53:13.1856325Z           Start  107: 18_array_class_noopt
2026-09-15T21:53:13.1939440Z  103/2248 Test  #105: 17_string_arrays_noopt .......................................   Passed    0.55 sec
2026-09-15T21:53:13.1944502Z           Start  108: 18_array_class_opt
2026-09-15T21:53:13.7458327Z  104/2248 Test  #108: 18_array_class_opt ...........................................   Passed    0.55 sec
2026-09-15T21:53:13.7464011Z           Start  109: val_magic_01_noopt
2026-09-15T21:53:13.7525878Z  105/2248 Test  #107: 18_array_class_noopt .........................................   Passed    0.57 sec
2026-09-15T21:53:13.7530584Z           Start  110: val_magic_01_opt
2026-09-15T21:53:14.3538392Z  106/2248 Test  #110: val_magic_01_opt .............................................   Passed    0.60 sec
2026-09-15T21:53:14.3543728Z           Start  111: val_magic_02_noopt
2026-09-15T21:53:14.3655934Z  107/2248 Test  #109: val_magic_01_noopt ...........................................   Passed    0.62 sec
2026-09-15T21:53:14.3661116Z           Start  112: val_magic_02_opt
2026-09-15T21:53:14.9189015Z  108/2248 Test  #111: val_magic_02_noopt ...........................................   Passed    0.56 sec
2026-09-15T21:53:14.9194238Z           Start  113: opt_decimal_safety_noopt
2026-09-15T21:53:14.9599906Z  109/2248 Test  #112: val_magic_02_opt .............................................   Passed    0.59 sec
2026-09-15T21:53:14.9606021Z           Start  114: opt_decimal_safety_opt
2026-09-15T21:53:15.5473942Z  110/2248 Test  #114: opt_decimal_safety_opt .......................................   Passed    0.59 sec
2026-09-15T21:53:15.5479548Z           Start  115: opt_numeric_safety_noopt
2026-09-15T21:53:15.5586172Z  111/2248 Test  #113: opt_decimal_safety_noopt .....................................   Passed    0.64 sec
2026-09-15T21:53:15.5590522Z           Start  116: opt_numeric_safety_opt
2026-09-15T21:53:16.0888529Z  112/2248 Test  #116: opt_numeric_safety_opt .......................................   Passed    0.53 sec
2026-09-15T21:53:16.0892279Z           Start  117: 15_imports_noopt
2026-09-15T21:53:16.0962874Z  113/2248 Test  #115: opt_numeric_safety_noopt .....................................   Passed    0.55 sec
2026-09-15T21:53:16.0967010Z           Start  118: 15_imports_opt
2026-09-15T21:53:16.6471958Z  114/2248 Test  #118: 15_imports_opt ...............................................   Passed    0.55 sec
2026-09-15T21:53:16.6477480Z           Start  119: class_import_noopt
2026-09-15T21:53:16.6505008Z  115/2248 Test  #117: 15_imports_noopt .............................................   Passed    0.56 sec
2026-09-15T21:53:16.6510529Z           Start  120: class_import_opt
2026-09-15T21:53:17.1806087Z  116/2248 Test  #119: class_import_noopt ...........................................   Passed    0.53 sec
2026-09-15T21:53:17.1811263Z           Start  121: 16_classes_parse
2026-09-15T21:53:17.2048876Z  117/2248 Test  #120: class_import_opt .............................................   Passed    0.55 sec
2026-09-15T21:53:17.2053511Z           Start  122: err_01_type_fail
2026-09-15T21:53:17.7448886Z  118/2248 Test  #122: err_01_type_fail .............................................   Passed    0.54 sec
2026-09-15T21:53:17.7454181Z           Start  123: err_02_syntax_fail
2026-09-15T21:53:17.7650843Z  119/2248 Test  #121: 16_classes_parse .............................................   Passed    0.58 sec
2026-09-15T21:53:17.7655203Z           Start  124: err_04_getter_fail
2026-09-15T21:53:17.8254406Z  120/2248 Test  #123: err_02_syntax_fail ...........................................   Passed    0.08 sec
2026-09-15T21:53:17.8255530Z           Start  125: err_05_setter_fail
2026-09-15T21:53:18.2748226Z  121/2248 Test  #124: err_04_getter_fail ...........................................   Passed    0.51 sec
2026-09-15T21:53:18.2754408Z           Start  126: err_06_missing_method_fail
2026-09-15T21:53:18.3807496Z  122/2248 Test  #125: err_05_setter_fail ...........................................   Passed    0.55 sec
2026-09-15T21:53:18.3808695Z           Start  127: array_mutation_bad_index_fail
2026-09-15T21:53:18.8077713Z  123/2248 Test  #126: err_06_missing_method_fail ...................................   Passed    0.53 sec
2026-09-15T21:53:18.8082444Z           Start  128: array_mutation_bad_value_fail
2026-09-15T21:53:18.9324847Z  124/2248 Test  #127: array_mutation_bad_index_fail ................................   Passed    0.55 sec
2026-09-15T21:53:18.9326995Z           Start  129: array_mutation_fixed_target_fail
2026-09-15T21:53:19.3427916Z  125/2248 Test  #128: array_mutation_bad_value_fail ................................   Passed    0.53 sec
2026-09-15T21:53:19.3432195Z           Start  130: array_mutation_scalar_target_fail
2026-09-15T21:53:19.4505960Z  126/2248 Test  #129: array_mutation_fixed_target_fail .............................   Passed    0.52 sec
2026-09-15T21:53:19.4510929Z           Start  131: err_symbol_boundary_whitespace_fail
2026-09-15T21:53:19.8683241Z  127/2248 Test  #130: array_mutation_scalar_target_fail ............................   Passed    0.52 sec
2026-09-15T21:53:19.8687999Z           Start  132: err_loop_class_fail
2026-09-15T21:53:19.9864417Z  128/2248 Test  #131: err_symbol_boundary_whitespace_fail ..........................   Passed    0.53 sec
2026-09-15T21:53:19.9869385Z           Start  133: err_select_no_when_fail
2026-09-15T21:53:20.0662985Z  129/2248 Test  #133: err_select_no_when_fail ......................................   Passed    0.08 sec
2026-09-15T21:53:20.0669032Z           Start  134: err_select_c_no_when_fail
2026-09-15T21:53:20.1413626Z  130/2248 Test  #134: err_select_c_no_when_fail ....................................   Passed    0.07 sec
2026-09-15T21:53:20.1419334Z           Start  135: err_class_assign_fail
2026-09-15T21:53:20.2179880Z  131/2248 Test  #135: err_class_assign_fail ........................................   Passed    0.08 sec
2026-09-15T21:53:20.2184574Z           Start  136: err_register_flag_compiler_write_fail
2026-09-15T21:53:20.4005086Z  132/2248 Test  #132: err_loop_class_fail ..........................................   Passed    0.53 sec
2026-09-15T21:53:20.4010502Z           Start  137: err_register_flag_language_write_fail
2026-09-15T21:53:20.7606006Z  133/2248 Test  #136: err_register_flag_compiler_write_fail ........................   Passed    0.54 sec
2026-09-15T21:53:20.7611845Z           Start  138: err_register_flag_unknown_fail
2026-09-15T21:53:20.8403909Z  134/2248 Test  #138: err_register_flag_unknown_fail ...............................   Passed    0.08 sec
2026-09-15T21:53:20.8408670Z           Start  139: err_register_flag_type_fail
2026-09-15T21:53:20.9195407Z  135/2248 Test  #139: err_register_flag_type_fail ..................................   Passed    0.08 sec
2026-09-15T21:53:20.9200565Z           Start  140: err_address_commandless_sandbox_fail
2026-09-15T21:53:20.9523316Z  136/2248 Test  #137: err_register_flag_language_write_fail ........................   Passed    0.55 sec
2026-09-15T21:53:20.9527745Z           Start  141: err_block_expr_type_mismatch_fail
2026-09-15T21:53:21.4625557Z  137/2248 Test  #140: err_address_commandless_sandbox_fail .........................   Passed    0.54 sec
2026-09-15T21:53:21.4629714Z           Start  142: err_block_expr_no_leave_fail
2026-09-15T21:53:21.4864147Z  138/2248 Test  #141: err_block_expr_type_mismatch_fail ............................   Passed    0.53 sec
2026-09-15T21:53:21.4868772Z           Start  143: err_block_expr_leave_plain_fail
2026-09-15T21:53:21.9964180Z  139/2248 Test  #142: err_block_expr_no_leave_fail .................................   Passed    0.53 sec
2026-09-15T21:53:21.9969338Z           Start  144: err_block_expr_missing_end_fail
2026-09-15T21:53:22.0371264Z  140/2248 Test  #143: err_block_expr_leave_plain_fail ..............................   Passed    0.55 sec
2026-09-15T21:53:22.0375930Z           Start  145: err_block_expr_incomplete_fail
2026-09-15T21:53:22.0705877Z  141/2248 Test  #144: err_block_expr_missing_end_fail ..............................   Passed    0.07 sec
2026-09-15T21:53:22.0710482Z           Start  146: err_leave_with_not_in_block_fail
2026-09-15T21:53:22.1118137Z  142/2248 Test  #145: err_block_expr_incomplete_fail ...............................   Passed    0.07 sec
2026-09-15T21:53:22.1122593Z           Start  147: initializer_direct_call_fail
2026-09-15T21:53:22.6175696Z  143/2248 Test  #146: err_leave_with_not_in_block_fail .............................   Passed    0.55 sec
2026-09-15T21:53:22.6181086Z           Start  148: initializer_namespace_expose_fail
2026-09-15T21:53:22.6684814Z  144/2248 Test  #147: initializer_direct_call_fail .................................   Passed    0.56 sec
2026-09-15T21:53:22.6690576Z           Start  149: initializer_argument_fail
2026-09-15T21:53:22.7449132Z  145/2248 Test  #149: initializer_argument_fail ....................................   Passed    0.08 sec
2026-09-15T21:53:22.7472747Z           Start  150: initializer_return_value_fail
2026-09-15T21:53:23.1750627Z  146/2248 Test  #148: initializer_namespace_expose_fail ............................   Passed    0.56 sec
2026-09-15T21:53:23.1756286Z           Start  151: interface_missing_impl_fail
2026-09-15T21:53:23.2902714Z  147/2248 Test  #150: initializer_return_value_fail ................................   Passed    0.54 sec
2026-09-15T21:53:23.2907658Z           Start  152: interface_match_bad_args_fail
2026-09-15T21:53:23.7285754Z  148/2248 Test  #151: interface_missing_impl_fail ..................................   Passed    0.55 sec
2026-09-15T21:53:23.7291380Z           Start  153: interface_match_without_factory_fail
2026-09-15T21:53:23.8476387Z  149/2248 Test  #152: interface_match_bad_args_fail ................................   Passed    0.56 sec
2026-09-15T21:53:23.8477537Z           Start  154: interface_default_redefine_fail
2026-09-15T21:53:24.2682295Z  150/2248 Test  #153: interface_match_without_factory_fail .........................   Passed    0.54 sec
2026-09-15T21:53:24.2689000Z           Start  155: interface_factory_return_type_fail
2026-09-15T21:53:24.3445027Z  151/2248 Test  #155: interface_factory_return_type_fail ...........................   Passed    0.08 sec
2026-09-15T21:53:24.3449401Z           Start  156: interface_signature_static_bad_method_fail
2026-09-15T21:53:24.3780384Z  152/2248 Test  #154: interface_default_redefine_fail ..............................   Passed    0.53 sec
2026-09-15T21:53:24.3784991Z           Start  157: qualified_namespace_missing_import_fail
2026-09-15T21:53:24.8964601Z  153/2248 Test  #156: interface_signature_static_bad_method_fail ...................   Passed    0.55 sec
2026-09-15T21:53:24.8969408Z           Start  158: type_ops_reserved_keyword_fail
2026-09-15T21:53:24.9245259Z  154/2248 Test  #157: qualified_namespace_missing_import_fail ......................   Passed    0.55 sec
2026-09-15T21:53:24.9250396Z           Start  159: reference_source_value_to_ref_fail
2026-09-15T21:53:24.9847739Z  155/2248 Test  #158: type_ops_reserved_keyword_fail ...............................   Passed    0.09 sec
2026-09-15T21:53:24.9851894Z           Start  160: reference_source_ref_to_value_fail
2026-09-15T21:53:25.4647054Z  156/2248 Test  #159: reference_source_value_to_ref_fail ...........................   Passed    0.54 sec
2026-09-15T21:53:25.4652150Z           Start  161: reference_source_non_storage_fail
2026-09-15T21:53:25.5229093Z  157/2248 Test  #160: reference_source_ref_to_value_fail ...........................   Passed    0.54 sec
2026-09-15T21:53:25.5233836Z           Start  162: reference_source_ref_target_fail
2026-09-15T21:53:25.9924653Z  158/2248 Test  #161: reference_source_non_storage_fail ............................   Passed    0.53 sec
2026-09-15T21:53:25.9929477Z           Start  163: reference_source_nested_type_fail
2026-09-15T21:53:26.0723840Z  159/2248 Test  #162: reference_source_ref_target_fail .............................   Passed    0.55 sec
2026-09-15T21:53:26.0729146Z           Start  164: reference_source_deref_nonref_fail
2026-09-15T21:53:26.5324348Z  160/2248 Test  #163: reference_source_nested_type_fail ............................   Passed    0.54 sec
2026-09-15T21:53:26.5329718Z           Start  165: reference_source_deref_expr_fail
2026-09-15T21:53:26.6174239Z  161/2248 Test  #164: reference_source_deref_nonref_fail ...........................   Passed    0.54 sec
2026-09-15T21:53:26.6180330Z           Start  166: reference_source_deref_attr_fail
2026-09-15T21:53:27.0768413Z  162/2248 Test  #165: reference_source_deref_expr_fail .............................   Passed    0.54 sec
2026-09-15T21:53:27.0772753Z           Start  167: reference_source_deref_index_fail
2026-09-15T21:53:27.1838866Z  163/2248 Test  #166: reference_source_deref_attr_fail .............................   Passed    0.57 sec
2026-09-15T21:53:27.1844854Z           Start  168: reference_source_deref_global_fail
2026-09-15T21:53:27.6284405Z  164/2248 Test  #167: reference_source_deref_index_fail ............................   Passed    0.55 sec
2026-09-15T21:53:27.6291382Z           Start  169: reference_source_refvalid_nonref_fail
2026-09-15T21:53:27.7188329Z  165/2248 Test  #168: reference_source_deref_global_fail ...........................   Passed    0.53 sec
2026-09-15T21:53:27.7194538Z           Start  170: reference_source_comparison_fail
2026-09-15T21:53:28.1883687Z  166/2248 Test  #169: reference_source_refvalid_nonref_fail ........................   Passed    0.56 sec
2026-09-15T21:53:28.1888282Z           Start  171: reference_source_refsame_nonref_fail
2026-09-15T21:53:28.3087181Z  167/2248 Test  #170: reference_source_comparison_fail .............................   Passed    0.59 sec
2026-09-15T21:53:28.3091832Z           Start  172: reference_source_refsame_type_fail
2026-09-15T21:53:28.7296258Z  168/2248 Test  #171: reference_source_refsame_nonref_fail .........................   Passed    0.54 sec
2026-09-15T21:53:28.7301269Z           Start  173: eq_levelb_fail
2026-09-15T21:53:28.8701104Z  169/2248 Test  #172: reference_source_refsame_type_fail ...........................   Passed    0.56 sec
2026-09-15T21:53:28.8707151Z           Start  174: eq_missing_interface_fail
2026-09-15T21:53:29.2775741Z  170/2248 Test  #173: eq_levelb_fail ...............................................   Passed    0.55 sec
2026-09-15T21:53:29.2780549Z           Start  175: eq_nonobject_fail
2026-09-15T21:53:29.4243588Z  171/2248 Test  #174: eq_missing_interface_fail ....................................   Passed    0.55 sec
2026-09-15T21:53:29.4247607Z           Start  176: crexx_driver_reference_failure_propagation
2026-09-15T21:53:29.8350391Z  172/2248 Test  #175: eq_nonobject_fail ............................................   Passed    0.56 sec
2026-09-15T21:53:29.8356009Z           Start  177: binary_memory_invalid_storage_fail
2026-09-15T21:53:30.0986562Z  173/2248 Test  #176: crexx_driver_reference_failure_propagation ...................   Passed    0.67 sec
2026-09-15T21:53:30.0992740Z           Start  178: binary_memory_fixed_for_fail
2026-09-15T21:53:30.3931943Z  174/2248 Test  #177: binary_memory_invalid_storage_fail ...........................   Passed    0.56 sec
2026-09-15T21:53:30.3937152Z           Start  179: binary_memory_missing_offset_fail
2026-09-15T21:53:30.6558127Z  175/2248 Test  #178: binary_memory_fixed_for_fail .................................   Passed    0.56 sec
2026-09-15T21:53:30.6563143Z           Start  180: binary_memory_readonly_write_fail
2026-09-15T21:53:30.9655057Z  176/2248 Test  #179: binary_memory_missing_offset_fail ............................   Passed    0.57 sec
2026-09-15T21:53:30.9660762Z           Start  181: binary_memory_span_write_fail
2026-09-15T21:53:31.2088838Z  177/2248 Test  #180: binary_memory_readonly_write_fail ............................   Passed    0.55 sec
2026-09-15T21:53:31.2093687Z           Start  182: binary_memory_target_not_binary_fail
2026-09-15T21:53:31.4970472Z  178/2248 Test  #181: binary_memory_span_write_fail ................................   Passed    0.53 sec
2026-09-15T21:53:31.4976645Z           Start  183: binary_memory_length_required_fail
2026-09-15T21:53:31.7494362Z  179/2248 Test  #182: binary_memory_target_not_binary_fail .........................   Passed    0.54 sec
2026-09-15T21:53:31.7500067Z           Start  184: binary_memory_decimal_length_fail
2026-09-15T21:53:32.0423980Z  180/2248 Test  #183: binary_memory_length_required_fail ...........................   Passed    0.54 sec
2026-09-15T21:53:32.0429037Z           Start  185: binary_memory_extra_argument_fail
2026-09-15T21:53:32.1246460Z  181/2248 Test  #185: binary_memory_extra_argument_fail ............................   Passed    0.08 sec
2026-09-15T21:53:32.1250585Z           Start  186: binary_memory_missing_length_argument_fail
2026-09-15T21:53:32.2972113Z  182/2248 Test  #184: binary_memory_decimal_length_fail ............................   Passed    0.55 sec
2026-09-15T21:53:32.2977262Z           Start  187: packed_invalid_storage_fail
2026-09-15T21:53:32.6943211Z  183/2248 Test  #186: binary_memory_missing_length_argument_fail ...................   Passed    0.57 sec
2026-09-15T21:53:32.6947912Z           Start  188: packed_missing_index_fail
2026-09-15T21:53:32.7755052Z  184/2248 Test  #188: packed_missing_index_fail ....................................   Passed    0.08 sec
2026-09-15T21:53:32.7758995Z           Start  189: packed_extra_argument_fail
2026-09-15T21:53:32.8487689Z  185/2248 Test  #189: packed_extra_argument_fail ...................................   Passed    0.07 sec
2026-09-15T21:53:32.8492400Z           Start  190: packed_target_not_binary_fail
2026-09-15T21:53:32.8594774Z  186/2248 Test  #187: packed_invalid_storage_fail ..................................   Passed    0.56 sec
2026-09-15T21:53:32.8598636Z           Start  191: packed_readonly_write_fail
2026-09-15T21:53:33.3916799Z  187/2248 Test  #191: packed_readonly_write_fail ...................................   Passed    0.53 sec
2026-09-15T21:53:33.3920382Z  188/2248 Test  #190: packed_target_not_binary_fail ................................   Passed    0.54 sec
2026-09-15T21:53:33.3924347Z           Start   11: binary_global_import_types
2026-09-15T21:55:29.0984154Z  189/2248 Test   #11: binary_global_import_types ...................................   Passed  115.71 sec
2026-09-15T21:55:29.0990458Z           Start  192: binary_memory_generic_types_unsupported_fail
2026-09-15T21:55:29.1013987Z           Start  193: binary_memory_blen_syntax_fail
2026-09-15T21:55:29.1753478Z  190/2248 Test  #193: binary_memory_blen_syntax_fail ...............................   Passed    0.07 sec
2026-09-15T21:55:29.1759653Z           Start  194: binary_memory_blen_target_not_binary_fail
2026-09-15T21:55:29.1781488Z  191/2248 Test  #192: binary_memory_generic_types_unsupported_fail .................   Passed    0.08 sec
2026-09-15T21:55:29.1785874Z           Start  195: binary_memory_compare_arguments_fail
2026-09-15T21:55:29.7267194Z  192/2248 Test  #194: binary_memory_blen_target_not_binary_fail ....................   Passed    0.55 sec
2026-09-15T21:55:29.7271281Z           Start  196: binary_memory_compare_explicit_length_fail
2026-09-15T21:55:29.8214536Z  193/2248 Test  #195: binary_memory_compare_arguments_fail .........................   Passed    0.64 sec
2026-09-15T21:55:29.8220789Z           Start  197: binary_memory_compare_needle_type_fail
2026-09-15T21:55:30.2845344Z  194/2248 Test  #196: binary_memory_compare_explicit_length_fail ...................   Passed    0.56 sec
2026-09-15T21:55:30.2850174Z           Start  198: binary_memory_compare_target_not_binary_fail
2026-09-15T21:55:30.3834551Z  195/2248 Test  #197: binary_memory_compare_needle_type_fail .......................   Passed    0.56 sec
2026-09-15T21:55:30.3839021Z           Start  199: binary_memory_compare_type_fail
2026-09-15T21:55:30.8177803Z  196/2248 Test  #198: binary_memory_compare_target_not_binary_fail .................   Passed    0.53 sec
2026-09-15T21:55:30.8183730Z           Start  200: literal_continuation_suffix_error_fail
2026-09-15T21:55:30.8999788Z  197/2248 Test  #200: literal_continuation_suffix_error_fail .......................   Passed    0.08 sec
2026-09-15T21:55:30.9004496Z           Start  201: intrinsic_argexists_invalid_fail
2026-09-15T21:55:30.9357957Z  198/2248 Test  #199: binary_memory_compare_type_fail ..............................   Passed    0.55 sec
2026-09-15T21:55:30.9362028Z           Start  202: legacy_arg_call_removed_fail
2026-09-15T21:55:30.9738908Z  199/2248 Test  #201: intrinsic_argexists_invalid_fail .............................   Passed    0.07 sec
2026-09-15T21:55:30.9743592Z           Start  203: legacy_arg_stem_removed_fail
2026-09-15T21:55:31.0088514Z  200/2248 Test  #202: legacy_arg_call_removed_fail .................................   Passed    0.07 sec
2026-09-15T21:55:31.0093923Z           Start  204: legacy_typeof_removed_fail
2026-09-15T21:55:31.0486300Z  201/2248 Test  #203: legacy_arg_stem_removed_fail .................................   Passed    0.07 sec
2026-09-15T21:55:31.0491088Z           Start  205: legacy_refvalid_removed_fail
2026-09-15T21:55:31.0857903Z  202/2248 Test  #204: legacy_typeof_removed_fail ...................................   Passed    0.08 sec
2026-09-15T21:55:31.0863825Z           Start  206: err_address_exit_disabled_fail
2026-09-15T21:55:31.1297740Z  203/2248 Test  #205: legacy_refvalid_removed_fail .................................   Passed    0.08 sec
2026-09-15T21:55:31.1303369Z           Start  207: err_parse_exit_disabled_fail
2026-09-15T21:55:31.5585887Z  204/2248 Test  #206: err_address_exit_disabled_fail ...............................   Passed    0.47 sec
2026-09-15T21:55:31.5590987Z           Start  208: err_parse_inline_then_exit_disabled_fail
2026-09-15T21:55:31.6054390Z  205/2248 Test  #207: err_parse_exit_disabled_fail .................................   Passed    0.47 sec
2026-09-15T21:55:31.6058757Z           Start  209: err_trace_exit_disabled_fail
2026-09-15T21:55:32.0319755Z  206/2248 Test  #208: err_parse_inline_then_exit_disabled_fail .....................   Passed    0.47 sec
2026-09-15T21:55:32.0324269Z           Start  210: err_parse_missing_arguments_fail
2026-09-15T21:55:32.1075020Z  207/2248 Test  #209: err_trace_exit_disabled_fail .................................   Passed    0.50 sec
2026-09-15T21:55:32.1089453Z           Start  211: loop_warn
2026-09-15T21:55:32.5741596Z  208/2248 Test  #210: err_parse_missing_arguments_fail .............................   Passed    0.54 sec
2026-09-15T21:55:32.5746900Z           Start  212: implicit_member_call_address_warn
2026-09-15T21:55:32.7513278Z  209/2248 Test  #211: loop_warn ....................................................   Passed    0.64 sec
2026-09-15T21:55:32.7518639Z           Start  213: implicit_exit_reject_address_warn
2026-09-15T21:55:33.1137428Z  210/2248 Test  #212: implicit_member_call_address_warn ............................   Passed    0.54 sec
2026-09-15T21:55:33.1142877Z           Start  214: procedure_expose_no_duplicate_warn
2026-09-15T21:55:33.2965474Z  211/2248 Test  #213: implicit_exit_reject_address_warn ............................   Passed    0.54 sec
2026-09-15T21:55:33.2970817Z           Start  215: unused_import_warn
2026-09-15T21:55:33.6705074Z  212/2248 Test  #214: procedure_expose_no_duplicate_warn ...........................   Passed    0.56 sec
2026-09-15T21:55:33.6710259Z           Start  216: unused_import_used_proc_warn
2026-09-15T21:55:33.8743676Z  213/2248 Test  #215: unused_import_warn ...........................................   Passed    0.58 sec
2026-09-15T21:55:33.8749440Z           Start  217: unused_import_used_type_warn
2026-09-15T21:55:34.2310731Z  214/2248 Test  #216: unused_import_used_proc_warn .................................   Passed    0.56 sec
2026-09-15T21:55:34.2315648Z           Start  218: unused_import_inline_used_warn
2026-09-15T21:55:34.4212991Z  215/2248 Test  #217: unused_import_used_type_warn .................................   Passed    0.55 sec
2026-09-15T21:55:34.4217903Z           Start  219: repro_dotted_index_noopt
2026-09-15T21:55:34.8124900Z  216/2248 Test  #218: unused_import_inline_used_warn ...............................   Passed    0.58 sec
2026-09-15T21:55:34.8129184Z           Start  220: repro_dotted_index_opt
2026-09-15T21:55:34.9804098Z  217/2248 Test  #219: repro_dotted_index_noopt .....................................   Passed    0.56 sec
2026-09-15T21:55:34.9808649Z           Start  221: repro_expand_until_noopt
2026-09-15T21:55:35.3512932Z  218/2248 Test  #220: repro_dotted_index_opt .......................................   Passed    0.54 sec
2026-09-15T21:55:35.3518581Z           Start  222: repro_expand_until_opt
2026-09-15T21:55:35.5243795Z  219/2248 Test  #221: repro_expand_until_noopt .....................................   Passed    0.54 sec
2026-09-15T21:55:35.5248436Z           Start  223: repro_array_arg_noopt
2026-09-15T21:55:35.9117998Z  220/2248 Test  #222: repro_expand_until_opt .......................................   Passed    0.56 sec
2026-09-15T21:55:35.9123412Z           Start  224: repro_array_arg_opt
2026-09-15T21:55:36.0922804Z  221/2248 Test  #223: repro_array_arg_noopt ........................................   Passed    0.57 sec
2026-09-15T21:55:36.0927203Z           Start  225: repro_opt_args_noopt
2026-09-15T21:55:36.4855907Z  222/2248 Test  #224: repro_array_arg_opt ..........................................   Passed    0.57 sec
2026-09-15T21:55:36.4860574Z           Start  226: repro_opt_args_opt
2026-09-15T21:55:36.6584940Z  223/2248 Test  #225: repro_opt_args_noopt .........................................   Passed    0.57 sec
2026-09-15T21:55:36.6590894Z           Start  227: arg_semantics_scalar_noopt
2026-09-15T21:55:37.0240903Z  224/2248 Test  #226: repro_opt_args_opt ...........................................   Passed    0.54 sec
2026-09-15T21:55:37.0245144Z           Start  228: arg_semantics_scalar_opt
2026-09-15T21:55:37.2080694Z  225/2248 Test  #227: arg_semantics_scalar_noopt ...................................   Passed    0.55 sec
2026-09-15T21:55:37.2085751Z           Start  229: arg_semantics_array_noopt
2026-09-15T21:55:37.5721808Z  226/2248 Test  #228: arg_semantics_scalar_opt .....................................   Passed    0.55 sec
2026-09-15T21:55:37.5727251Z           Start  230: arg_semantics_array_opt
2026-09-15T21:55:37.7582023Z  227/2248 Test  #229: arg_semantics_array_noopt ....................................   Passed    0.55 sec
2026-09-15T21:55:37.7588123Z           Start  231: arg_semantics_object_noopt
2026-09-15T21:55:38.1312744Z  228/2248 Test  #230: arg_semantics_array_opt ......................................   Passed    0.56 sec
2026-09-15T21:55:38.1318774Z           Start  232: arg_semantics_object_opt
2026-09-15T21:55:38.3133496Z  229/2248 Test  #231: arg_semantics_object_noopt ...................................   Passed    0.55 sec
2026-09-15T21:55:38.3138716Z           Start  233: object_reference_regression_noopt
2026-09-15T21:55:38.6941334Z  230/2248 Test  #232: arg_semantics_object_opt .....................................   Passed    0.56 sec
2026-09-15T21:55:38.6947339Z           Start  234: object_reference_regression_opt
2026-09-15T21:55:38.8748205Z  231/2248 Test  #233: object_reference_regression_noopt ............................   Passed    0.56 sec
2026-09-15T21:55:38.8752026Z           Start  235: basic_loops_noopt
2026-09-15T21:55:39.2617985Z  232/2248 Test  #234: object_reference_regression_opt ..............................   Passed    0.57 sec
2026-09-15T21:55:39.2623447Z           Start  236: basic_loops_opt
2026-09-15T21:55:39.4439519Z  233/2248 Test  #235: basic_loops_noopt ............................................   Passed    0.57 sec
2026-09-15T21:55:39.4444132Z           Start  237: basic_strings_noopt
2026-09-15T21:55:39.8273067Z  234/2248 Test  #236: basic_loops_opt ..............................................   Passed    0.56 sec
2026-09-15T21:55:39.8278707Z           Start  238: basic_strings_opt
2026-09-15T21:55:40.0306239Z  235/2248 Test  #237: basic_strings_noopt ..........................................   Passed    0.59 sec
2026-09-15T21:55:40.0311737Z           Start  239: basic_arrays_noopt
2026-09-15T21:55:40.4460719Z  236/2248 Test  #238: basic_strings_opt ............................................   Passed    0.62 sec
2026-09-15T21:55:40.4466621Z           Start  240: basic_arrays_opt
2026-09-15T21:55:40.6467131Z  237/2248 Test  #239: basic_arrays_noopt ...........................................   Passed    0.62 sec
2026-09-15T21:55:40.6474217Z           Start  241: block_expr_basic_noopt
2026-09-15T21:55:41.2072485Z  238/2248 Test  #240: basic_arrays_opt .............................................   Passed    0.76 sec
2026-09-15T21:55:41.2077465Z           Start  242: block_expr_basic_opt
2026-09-15T21:55:41.3982110Z  239/2248 Test  #241: block_expr_basic_noopt .......................................   Passed    0.75 sec
2026-09-15T21:55:41.3989047Z           Start  243: block_expr_short_circuit_noopt
2026-09-15T21:55:41.9874705Z  240/2248 Test  #242: block_expr_basic_opt .........................................   Passed    0.78 sec
2026-09-15T21:55:41.9876348Z           Start  244: block_expr_short_circuit_opt
2026-09-15T21:55:42.1817820Z  241/2248 Test  #243: block_expr_short_circuit_noopt ...............................   Passed    0.78 sec
2026-09-15T21:55:42.1819351Z           Start  245: inline_test1_noopt
2026-09-15T21:55:42.7212233Z  242/2248 Test  #244: block_expr_short_circuit_opt .................................   Passed    0.73 sec
2026-09-15T21:55:42.7216108Z           Start  246: inline_test1_opt
2026-09-15T21:55:42.8409095Z  243/2248 Test  #245: inline_test1_noopt ...........................................   Passed    0.66 sec
2026-09-15T21:55:42.8413018Z           Start  247: inline_test2_noopt
2026-09-15T21:55:43.2842062Z  244/2248 Test  #246: inline_test1_opt .............................................   Passed    0.56 sec
2026-09-15T21:55:43.2847477Z           Start  248: inline_test2_opt
2026-09-15T21:55:43.4117885Z  245/2248 Test  #247: inline_test2_noopt ...........................................   Passed    0.57 sec
2026-09-15T21:55:43.4121966Z           Start  249: inline_test_call_noopt
2026-09-15T21:55:43.8416851Z  246/2248 Test  #248: inline_test2_opt .............................................   Passed    0.56 sec
2026-09-15T21:55:43.8422412Z           Start  250: inline_test_call_opt
2026-09-15T21:55:43.9563003Z  247/2248 Test  #249: inline_test_call_noopt .......................................   Passed    0.54 sec
2026-09-15T21:55:43.9567372Z           Start  251: inline_test_expr_noopt
2026-09-15T21:55:44.3914830Z  248/2248 Test  #250: inline_test_call_opt .........................................   Passed    0.55 sec
2026-09-15T21:55:44.3920393Z           Start  252: inline_test_expr_opt
2026-09-15T21:55:44.4968488Z  249/2248 Test  #251: inline_test_expr_noopt .......................................   Passed    0.54 sec
2026-09-15T21:55:44.4972568Z           Start  253: inline_test_expr_negative_noopt
2026-09-15T21:55:44.9594202Z  250/2248 Test  #252: inline_test_expr_opt .........................................   Passed    0.57 sec
2026-09-15T21:55:44.9598918Z           Start  254: inline_test_expr_negative_opt
2026-09-15T21:55:45.1393602Z  251/2248 Test  #253: inline_test_expr_negative_noopt ..............................   Passed    0.64 sec
2026-09-15T21:55:45.1398331Z           Start  255: inline_test_nested_call_expr_noopt
2026-09-15T21:55:45.5118488Z  252/2248 Test  #254: inline_test_expr_negative_opt ................................   Passed    0.55 sec
2026-09-15T21:55:45.5123412Z           Start  256: inline_test_nested_call_expr_opt
2026-09-15T21:55:45.6786262Z  253/2248 Test  #255: inline_test_nested_call_expr_noopt ...........................   Passed    0.54 sec
2026-09-15T21:55:45.6791148Z           Start  257: inline_test_concat_expr_noopt
2026-09-15T21:55:46.0459140Z  254/2248 Test  #256: inline_test_nested_call_expr_opt .............................   Passed    0.53 sec
2026-09-15T21:55:46.0465075Z           Start  258: inline_test_concat_expr_opt
2026-09-15T21:55:46.2313664Z  255/2248 Test  #257: inline_test_concat_expr_noopt ................................   Passed    0.55 sec
2026-09-15T21:55:46.2318860Z           Start  259: inline_test_say_expr_noopt
2026-09-15T21:55:46.5906451Z  256/2248 Test  #258: inline_test_concat_expr_opt ..................................   Passed    0.54 sec
2026-09-15T21:55:46.5912154Z           Start  260: inline_test_say_expr_opt
2026-09-15T21:55:46.7677075Z  257/2248 Test  #259: inline_test_say_expr_noopt ...................................   Passed    0.54 sec
2026-09-15T21:55:46.7683084Z           Start  261: inline_test_say_expr_negative_noopt
2026-09-15T21:55:47.2229263Z  258/2248 Test  #260: inline_test_say_expr_opt .....................................   Passed    0.63 sec
2026-09-15T21:55:47.2234671Z           Start  262: inline_test_say_expr_negative_opt
2026-09-15T21:55:47.3375321Z  259/2248 Test  #261: inline_test_say_expr_negative_noopt ..........................   Passed    0.57 sec
2026-09-15T21:55:47.3379921Z           Start  263: inline_test_return_expr_noopt
2026-09-15T21:55:47.7534955Z  260/2248 Test  #262: inline_test_say_expr_negative_opt ............................   Passed    0.53 sec
2026-09-15T21:55:47.7539424Z           Start  264: inline_test_return_expr_opt
2026-09-15T21:55:47.8775044Z  261/2248 Test  #263: inline_test_return_expr_noopt ................................   Passed    0.54 sec
2026-09-15T21:55:47.8781321Z           Start  265: inline_test_unary_expr_noopt
2026-09-15T21:55:48.2881797Z  262/2248 Test  #264: inline_test_return_expr_opt ..................................   Passed    0.53 sec
2026-09-15T21:55:48.2885618Z           Start  266: inline_test_unary_expr_opt
2026-09-15T21:55:48.4014917Z  263/2248 Test  #265: inline_test_unary_expr_noopt .................................   Passed    0.52 sec
2026-09-15T21:55:48.4019114Z           Start  267: inline_test_compare_expr_noopt
2026-09-15T21:55:48.8188912Z  264/2248 Test  #266: inline_test_unary_expr_opt ...................................   Passed    0.53 sec
2026-09-15T21:55:48.8193338Z           Start  268: inline_test_compare_expr_opt
2026-09-15T21:55:48.9441539Z  265/2248 Test  #267: inline_test_compare_expr_noopt ...............................   Passed    0.54 sec
2026-09-15T21:55:48.9447053Z           Start  269: inline_test_call_arg_expr_noopt
2026-09-15T21:55:49.4359489Z  266/2248 Test  #268: inline_test_compare_expr_opt .................................   Passed    0.62 sec
2026-09-15T21:55:49.4364768Z           Start  270: inline_test_call_arg_expr_opt
2026-09-15T21:55:49.5085973Z  267/2248 Test  #269: inline_test_call_arg_expr_noopt ..............................   Passed    0.56 sec
2026-09-15T21:55:49.5090174Z           Start  271: inline_test_call_like_arg_expr_noopt
2026-09-15T21:55:49.9982223Z  268/2248 Test  #270: inline_test_call_arg_expr_opt ................................   Passed    0.56 sec
2026-09-15T21:55:49.9986530Z           Start  272: inline_test_call_like_arg_expr_opt
2026-09-15T21:55:50.0709448Z  269/2248 Test  #271: inline_test_call_like_arg_expr_noopt .........................   Passed    0.56 sec
2026-09-15T21:55:50.0714721Z           Start  273: inline_test_short_circuit_expr_noopt
2026-09-15T21:55:50.5434779Z  270/2248 Test  #272: inline_test_call_like_arg_expr_opt ...........................   Passed    0.54 sec
2026-09-15T21:55:50.5440128Z           Start  274: inline_test_short_circuit_expr_opt
2026-09-15T21:55:50.6075700Z  271/2248 Test  #273: inline_test_short_circuit_expr_noopt .........................   Passed    0.54 sec
2026-09-15T21:55:50.6080069Z           Start  275: inline_test_composed_expr_contexts_noopt
2026-09-15T21:55:51.1249762Z  272/2248 Test  #274: inline_test_short_circuit_expr_opt ...........................   Passed    0.58 sec
2026-09-15T21:55:51.1253913Z           Start  276: inline_test_composed_expr_contexts_opt
2026-09-15T21:55:51.1889672Z  273/2248 Test  #275: inline_test_composed_expr_contexts_noopt .....................   Passed    0.58 sec
2026-09-15T21:55:51.1895825Z           Start  277: inline_test_byvalue_arg_reuse_noopt
2026-09-15T21:55:51.6878939Z  274/2248 Test  #276: inline_test_composed_expr_contexts_opt .......................   Passed    0.56 sec
2026-09-15T21:55:51.6884181Z           Start  278: inline_test_byvalue_arg_reuse_opt
2026-09-15T21:55:51.7308177Z  275/2248 Test  #277: inline_test_byvalue_arg_reuse_noopt ..........................   Passed    0.54 sec
2026-09-15T21:55:51.7313527Z           Start  279: inline_test_stateful_assembler_noopt
2026-09-15T21:55:52.2947399Z  276/2248 Test  #278: inline_test_byvalue_arg_reuse_opt ............................   Passed    0.61 sec
2026-09-15T21:55:52.2952991Z           Start  280: inline_test_stateful_assembler_opt
2026-09-15T21:55:52.2979629Z  277/2248 Test  #279: inline_test_stateful_assembler_noopt .........................   Passed    0.57 sec
2026-09-15T21:55:52.2984670Z           Start  281: inline_test_condition_contexts_noopt
2026-09-15T21:55:52.8563501Z  278/2248 Test  #280: inline_test_stateful_assembler_opt ...........................   Passed    0.56 sec
2026-09-15T21:55:52.8569051Z           Start  282: inline_test_condition_contexts_opt
2026-09-15T21:55:52.8613118Z  279/2248 Test  #281: inline_test_condition_contexts_noopt .........................   Passed    0.56 sec
2026-09-15T21:55:52.8617906Z           Start  283: inline_test_loop_bound_expr_noopt
2026-09-15T21:55:53.3964554Z  280/2248 Test  #283: inline_test_loop_bound_expr_noopt ............................   Passed    0.53 sec
2026-09-15T21:55:53.3971624Z           Start  284: inline_test_loop_bound_expr_opt
2026-09-15T21:55:53.4056604Z  281/2248 Test  #282: inline_test_condition_contexts_opt ...........................   Passed    0.55 sec
2026-09-15T21:55:53.4064533Z           Start  285: inline_test_member_receiver_expr_noopt
2026-09-15T21:55:53.9585485Z  282/2248 Test  #285: inline_test_member_receiver_expr_noopt .......................   Passed    0.55 sec
2026-09-15T21:55:53.9591445Z           Start  286: inline_test_member_receiver_expr_opt
2026-09-15T21:55:53.9622282Z  283/2248 Test  #284: inline_test_loop_bound_expr_opt ..............................   Passed    0.56 sec
2026-09-15T21:55:53.9630909Z           Start  287: inline_test_named_factory_selector_noopt
2026-09-15T21:55:54.5443387Z  284/2248 Test  #286: inline_test_member_receiver_expr_opt .........................   Passed    0.58 sec
2026-09-15T21:55:54.5448498Z           Start  288: inline_test_named_factory_selector_opt
2026-09-15T21:55:54.5601234Z  285/2248 Test  #287: inline_test_named_factory_selector_noopt .....................   Passed    0.60 sec
2026-09-15T21:55:54.5604901Z           Start  289: inline_test_ref_opt_noopt
2026-09-15T21:55:55.0931863Z  286/2248 Test  #288: inline_test_named_factory_selector_opt .......................   Passed    0.55 sec
2026-09-15T21:55:55.0935988Z           Start  290: inline_test_ref_opt_opt
2026-09-15T21:55:55.1040542Z  287/2248 Test  #289: inline_test_ref_opt_noopt ....................................   Passed    0.54 sec
2026-09-15T21:55:55.1044764Z           Start  291: inline_test_ref_indexed_noopt
2026-09-15T21:55:55.6555978Z  288/2248 Test  #290: inline_test_ref_opt_opt ......................................   Passed    0.56 sec
2026-09-15T21:55:55.6561165Z           Start  292: inline_test_ref_indexed_opt
2026-09-15T21:55:55.6666544Z  289/2248 Test  #291: inline_test_ref_indexed_noopt ................................   Passed    0.56 sec
2026-09-15T21:55:55.6671337Z           Start  293: inline_test_ref_stem_noopt
2026-09-15T21:55:56.1753354Z  290/2248 Test  #292: inline_test_ref_indexed_opt ..................................   Passed    0.52 sec
2026-09-15T21:55:56.1758669Z           Start  294: inline_test_ref_stem_opt
2026-09-15T21:55:56.1984160Z  291/2248 Test  #293: inline_test_ref_stem_noopt ...................................   Passed    0.53 sec
2026-09-15T21:55:56.1988731Z           Start  295: inline_test_ref_computed_noopt
2026-09-15T21:55:56.7820018Z  292/2248 Test  #294: inline_test_ref_stem_opt .....................................   Passed    0.61 sec
2026-09-15T21:55:56.7824850Z           Start  296: inline_test_ref_computed_opt
2026-09-15T21:55:56.7894950Z  293/2248 Test  #295: inline_test_ref_computed_noopt ...............................   Passed    0.59 sec
2026-09-15T21:55:56.7899707Z           Start  297: inline_test_ref_vararg_noopt
2026-09-15T21:55:57.3156604Z  294/2248 Test  #297: inline_test_ref_vararg_noopt .................................   Passed    0.53 sec
2026-09-15T21:55:57.3161225Z           Start  298: inline_test_ref_vararg_opt
2026-09-15T21:55:57.3206526Z  295/2248 Test  #296: inline_test_ref_computed_opt .................................   Passed    0.54 sec
2026-09-15T21:55:57.3211264Z           Start  299: inline_test_ref_vararg_runtime_noopt
2026-09-15T21:55:57.8540027Z  296/2248 Test  #299: inline_test_ref_vararg_runtime_noopt .........................   Passed    0.53 sec
2026-09-15T21:55:57.8544296Z           Start  300: inline_test_ref_vararg_runtime_opt
2026-09-15T21:55:57.8600836Z  297/2248 Test  #298: inline_test_ref_vararg_opt ...................................   Passed    0.54 sec
2026-09-15T21:55:57.8604870Z           Start  301: inline_test_ref_negative_noopt
2026-09-15T21:55:58.4110623Z  298/2248 Test  #300: inline_test_ref_vararg_runtime_opt ...........................   Passed    0.56 sec
2026-09-15T21:55:58.4115198Z           Start  302: inline_test_ref_negative_opt
2026-09-15T21:55:58.4203654Z  299/2248 Test  #301: inline_test_ref_negative_noopt ...............................   Passed    0.56 sec
2026-09-15T21:55:58.4208850Z           Start  303: inline_test_bool_expr_negative_noopt
2026-09-15T21:55:58.9502619Z  300/2248 Test  #302: inline_test_ref_negative_opt .................................   Passed    0.54 sec
2026-09-15T21:55:58.9508036Z           Start  304: inline_test_bool_expr_negative_opt
2026-09-15T21:55:58.9677987Z  301/2248 Test  #303: inline_test_bool_expr_negative_noopt .........................   Passed    0.55 sec
2026-09-15T21:55:58.9682313Z           Start  305: inline_test_vararg_noopt
2026-09-15T21:55:59.5407627Z  302/2248 Test  #304: inline_test_bool_expr_negative_opt ...........................   Passed    0.59 sec
2026-09-15T21:55:59.5412688Z           Start  306: inline_test_vararg_opt
2026-09-15T21:55:59.5917226Z  303/2248 Test  #305: inline_test_vararg_noopt .....................................   Passed    0.62 sec
2026-09-15T21:55:59.5923188Z           Start  307: inline_test_vararg_dynamic_noopt
2026-09-15T21:56:00.0740017Z  304/2248 Test  #306: inline_test_vararg_opt .......................................   Passed    0.53 sec
2026-09-15T21:56:00.0745069Z           Start  308: inline_test_vararg_dynamic_opt
2026-09-15T21:56:00.1241092Z  305/2248 Test  #307: inline_test_vararg_dynamic_noopt .............................   Passed    0.53 sec
2026-09-15T21:56:00.1245381Z           Start  309: inline_test_vararg_dynamic_loop_noopt
2026-09-15T21:56:00.6146769Z  306/2248 Test  #308: inline_test_vararg_dynamic_opt ...............................   Passed    0.54 sec
2026-09-15T21:56:00.6152053Z           Start  310: inline_test_vararg_dynamic_loop_opt
2026-09-15T21:56:00.6601510Z  307/2248 Test  #309: inline_test_vararg_dynamic_loop_noopt ........................   Passed    0.54 sec
2026-09-15T21:56:00.6607199Z           Start  311: inline_test_vararg_negative_noopt
2026-09-15T21:56:01.1634732Z  308/2248 Test  #310: inline_test_vararg_dynamic_loop_opt ..........................   Passed    0.55 sec
2026-09-15T21:56:01.1641415Z           Start  312: inline_test_vararg_negative_opt
2026-09-15T21:56:01.1977652Z  309/2248 Test  #311: inline_test_vararg_negative_noopt ............................   Passed    0.54 sec
2026-09-15T21:56:01.1982711Z           Start  313: inline_test_exposed_nested_call_noopt
2026-09-15T21:56:01.7573003Z  310/2248 Test  #313: inline_test_exposed_nested_call_noopt ........................   Passed    0.56 sec
2026-09-15T21:56:01.7579183Z           Start  314: inline_test_exposed_nested_call_opt
2026-09-15T21:56:01.7609119Z  311/2248 Test  #312: inline_test_vararg_negative_opt ..............................   Passed    0.60 sec
2026-09-15T21:56:01.7614512Z           Start  315: inline_test_self_recursive_negative_noopt
2026-09-15T21:56:02.3197764Z  312/2248 Test  #315: inline_test_self_recursive_negative_noopt ....................   Passed    0.56 sec
2026-09-15T21:56:02.3202791Z           Start  316: inline_test_self_recursive_negative_opt
2026-09-15T21:56:02.3227340Z  313/2248 Test  #314: inline_test_exposed_nested_call_opt ..........................   Passed    0.56 sec
2026-09-15T21:56:02.3232118Z           Start  317: inline_test_mutual_recursive_negative_noopt
2026-09-15T21:56:02.8620921Z  314/2248 Test  #317: inline_test_mutual_recursive_negative_noopt ..................   Passed    0.54 sec
2026-09-15T21:56:02.8625663Z           Start  318: inline_test_mutual_recursive_negative_opt
2026-09-15T21:56:02.8647799Z  315/2248 Test  #316: inline_test_self_recursive_negative_opt ......................   Passed    0.54 sec
2026-09-15T21:56:02.8651974Z           Start  319: inline_test_nested_scope_do_noopt
2026-09-15T21:56:03.3978082Z  316/2248 Test  #319: inline_test_nested_scope_do_noopt ............................   Passed    0.53 sec
2026-09-15T21:56:03.3984437Z           Start  320: inline_test_nested_scope_do_opt
2026-09-15T21:56:03.4016443Z  317/2248 Test  #318: inline_test_mutual_recursive_negative_opt ....................   Passed    0.54 sec
2026-09-15T21:56:03.4021194Z           Start  321: inline_test_nested_scope_if_do_noopt
2026-09-15T21:56:03.9342843Z  318/2248 Test  #320: inline_test_nested_scope_do_opt ..............................   Passed    0.54 sec
2026-09-15T21:56:03.9348671Z           Start  322: inline_test_nested_scope_if_do_opt
2026-09-15T21:56:03.9393995Z  319/2248 Test  #321: inline_test_nested_scope_if_do_noopt .........................   Passed    0.54 sec
2026-09-15T21:56:03.9399399Z           Start  323: inline_test_nested_scope_exposed_call_noopt
2026-09-15T21:56:04.5309227Z  320/2248 Test  #322: inline_test_nested_scope_if_do_opt ...........................   Passed    0.60 sec
2026-09-15T21:56:04.5313344Z           Start  324: inline_test_nested_scope_exposed_call_opt
2026-09-15T21:56:04.5432165Z  321/2248 Test  #323: inline_test_nested_scope_exposed_call_noopt ..................   Passed    0.60 sec
2026-09-15T21:56:04.5437453Z           Start  325: inline_test_multi_return_assign_noopt
2026-09-15T21:56:05.0559252Z  322/2248 Test  #324: inline_test_nested_scope_exposed_call_opt ....................   Passed    0.52 sec
2026-09-15T21:56:05.0564014Z           Start  326: inline_test_multi_return_assign_opt
2026-09-15T21:56:05.0794094Z  323/2248 Test  #325: inline_test_multi_return_assign_noopt ........................   Passed    0.54 sec
2026-09-15T21:56:05.0798617Z           Start  327: inline_test_multi_return_expr_noopt
2026-09-15T21:56:05.5821914Z  324/2248 Test  #326: inline_test_multi_return_assign_opt ..........................   Passed    0.53 sec
2026-09-15T21:56:05.5826317Z           Start  328: inline_test_multi_return_expr_opt
2026-09-15T21:56:05.6108299Z  325/2248 Test  #327: inline_test_multi_return_expr_noopt ..........................   Passed    0.53 sec
2026-09-15T21:56:05.6112643Z           Start  329: inline_test_multi_return_call_noopt
2026-09-15T21:56:06.1161109Z  326/2248 Test  #328: inline_test_multi_return_expr_opt ............................   Passed    0.53 sec
2026-09-15T21:56:06.1165189Z           Start  330: inline_test_multi_return_call_opt
2026-09-15T21:56:06.1339962Z  327/2248 Test  #329: inline_test_multi_return_call_noopt ..........................   Passed    0.52 sec
2026-09-15T21:56:06.1345273Z           Start  331: inline_test_void_fallthrough_call_noopt
2026-09-15T21:56:06.6709608Z  328/2248 Test  #330: inline_test_multi_return_call_opt ............................   Passed    0.55 sec
2026-09-15T21:56:06.6715265Z           Start  332: inline_test_void_fallthrough_call_opt
2026-09-15T21:56:06.7509926Z  329/2248 Test  #331: inline_test_void_fallthrough_call_noopt ......................   Passed    0.61 sec
2026-09-15T21:56:06.7512348Z           Start  333: inline_test_array_return_assign_noopt
2026-09-15T21:56:07.2005956Z  330/2248 Test  #332: inline_test_void_fallthrough_call_opt ........................   Passed    0.53 sec
2026-09-15T21:56:07.2011014Z           Start  334: inline_test_array_return_assign_opt
2026-09-15T21:56:07.2777156Z  331/2248 Test  #333: inline_test_array_return_assign_noopt ........................   Passed    0.53 sec
2026-09-15T21:56:07.2781218Z           Start  335: inline_test_array_return_expr_noopt
2026-09-15T21:56:07.7316274Z  332/2248 Test  #334: inline_test_array_return_assign_opt ..........................   Passed    0.53 sec
2026-09-15T21:56:07.7321916Z           Start  336: inline_test_array_return_expr_opt
2026-09-15T21:56:07.8078687Z  333/2248 Test  #335: inline_test_array_return_expr_noopt ..........................   Passed    0.53 sec
2026-09-15T21:56:07.8083946Z           Start  337: inline_test_array_multi_return_expr_noopt
2026-09-15T21:56:08.2684700Z  334/2248 Test  #336: inline_test_array_return_expr_opt ............................   Passed    0.54 sec
2026-09-15T21:56:08.2690044Z           Start  338: inline_test_array_multi_return_expr_opt
2026-09-15T21:56:08.3214439Z  335/2248 Test  #337: inline_test_array_multi_return_expr_noopt ....................   Passed    0.51 sec
2026-09-15T21:56:08.3220606Z           Start  339: inline_test_array_multi_return_assign_noopt
2026-09-15T21:56:08.8077398Z  336/2248 Test  #338: inline_test_array_multi_return_expr_opt ......................   Passed    0.54 sec
2026-09-15T21:56:08.8083743Z           Start  340: inline_test_array_multi_return_assign_opt
2026-09-15T21:56:08.8661958Z  337/2248 Test  #339: inline_test_array_multi_return_assign_noopt ..................   Passed    0.54 sec
2026-09-15T21:56:08.8667858Z           Start  341: inline_test_object_return_assign_noopt
2026-09-15T21:56:09.4492595Z  338/2248 Test  #340: inline_test_array_multi_return_assign_opt ....................   Passed    0.64 sec
2026-09-15T21:56:09.4497428Z           Start  342: inline_test_object_return_assign_opt
2026-09-15T21:56:09.4739154Z  339/2248 Test  #341: inline_test_object_return_assign_noopt .......................   Passed    0.61 sec
2026-09-15T21:56:09.4744066Z           Start  343: inline_test_object_return_expr_noopt
2026-09-15T21:56:09.9936326Z  340/2248 Test  #342: inline_test_object_return_assign_opt .........................   Passed    0.54 sec
2026-09-15T21:56:09.9941331Z           Start  344: inline_test_object_return_expr_opt
2026-09-15T21:56:10.0245280Z  341/2248 Test  #343: inline_test_object_return_expr_noopt .........................   Passed    0.55 sec
2026-09-15T21:56:10.0249296Z           Start  345: inline_test_object_const_arg_mutation_noopt
2026-09-15T21:56:10.5481038Z  342/2248 Test  #344: inline_test_object_return_expr_opt ...........................   Passed    0.55 sec
2026-09-15T21:56:10.5486586Z           Start  346: inline_test_object_const_arg_mutation_opt
2026-09-15T21:56:10.5680914Z  343/2248 Test  #345: inline_test_object_const_arg_mutation_noopt ..................   Passed    0.54 sec
2026-09-15T21:56:10.5685884Z           Start  347: inline_test_object_writable_arg_noopt
2026-09-15T21:56:11.0644602Z  344/2248 Test  #346: inline_test_object_const_arg_mutation_opt ....................   Passed    0.52 sec
2026-09-15T21:56:11.0651464Z           Start  348: inline_test_object_writable_arg_opt
2026-09-15T21:56:11.0990047Z  345/2248 Test  #347: inline_test_object_writable_arg_noopt ........................   Passed    0.53 sec
2026-09-15T21:56:11.1002282Z           Start  349: inline_test_array_expr_arg_noopt
2026-09-15T21:56:11.6250557Z  346/2248 Test  #348: inline_test_object_writable_arg_opt ..........................   Passed    0.56 sec
2026-09-15T21:56:11.6254881Z           Start  350: inline_test_array_expr_arg_opt
2026-09-15T21:56:11.7620212Z  347/2248 Test  #349: inline_test_array_expr_arg_noopt .............................   Passed    0.67 sec
2026-09-15T21:56:11.7625572Z           Start  351: inline_test_object_expr_arg_noopt
2026-09-15T21:56:12.1631609Z  348/2248 Test  #350: inline_test_array_expr_arg_opt ...............................   Passed    0.54 sec
2026-09-15T21:56:12.1637042Z           Start  352: inline_test_object_expr_arg_opt
2026-09-15T21:56:12.2914873Z  349/2248 Test  #351: inline_test_object_expr_arg_noopt ............................   Passed    0.53 sec
2026-09-15T21:56:12.2920540Z           Start  353: inline_test_array_return_temp_noopt
2026-09-15T21:56:12.7082199Z  350/2248 Test  #352: inline_test_object_expr_arg_opt ..............................   Passed    0.54 sec
2026-09-15T21:56:12.7086438Z           Start  354: inline_test_array_return_temp_opt
2026-09-15T21:56:12.8200069Z  351/2248 Test  #353: inline_test_array_return_temp_noopt ..........................   Passed    0.53 sec
2026-09-15T21:56:12.8204562Z           Start  355: inline_test_complex_lhs_assign_noopt
2026-09-15T21:56:13.2402835Z  352/2248 Test  #354: inline_test_array_return_temp_opt ............................   Passed    0.53 sec
2026-09-15T21:56:13.2408457Z           Start  356: inline_test_complex_lhs_assign_opt
2026-09-15T21:56:13.3431773Z  353/2248 Test  #355: inline_test_complex_lhs_assign_noopt .........................   Passed    0.52 sec
2026-09-15T21:56:13.3436896Z           Start  357: inline_test_binary_arg_return_noopt
2026-09-15T21:56:13.8168838Z  354/2248 Test  #356: inline_test_complex_lhs_assign_opt ...........................   Passed    0.58 sec
2026-09-15T21:56:13.8174249Z           Start  358: inline_test_binary_arg_return_opt
2026-09-15T21:56:13.9625158Z  355/2248 Test  #357: inline_test_binary_arg_return_noopt ..........................   Passed    0.62 sec
2026-09-15T21:56:13.9631049Z           Start  359: inline_test_block_expr_live_sibling_noopt
2026-09-15T21:56:14.3640668Z  356/2248 Test  #358: inline_test_binary_arg_return_opt ............................   Passed    0.55 sec
2026-09-15T21:56:14.3646493Z           Start  360: inline_test_block_expr_live_sibling_opt
2026-09-15T21:56:14.4988678Z  357/2248 Test  #359: inline_test_block_expr_live_sibling_noopt ....................   Passed    0.54 sec
2026-09-15T21:56:14.4993809Z           Start  361: inline_test_class_methods_noopt
2026-09-15T21:56:14.9374425Z  358/2248 Test  #360: inline_test_block_expr_live_sibling_opt ......................   Passed    0.57 sec
2026-09-15T21:56:14.9379663Z           Start  362: inline_test_class_methods_opt
2026-09-15T21:56:15.0750199Z  359/2248 Test  #361: inline_test_class_methods_noopt ..............................   Passed    0.58 sec
2026-09-15T21:56:15.0755988Z           Start  364: nr21_fixed_call_contract
2026-09-15T21:56:15.4904863Z  360/2248 Test  #362: inline_test_class_methods_opt ................................   Passed    0.55 sec
2026-09-15T21:56:15.4910607Z           Start  365: nr14_frozen_parse_contract
2026-09-15T21:56:16.4859383Z  361/2248 Test  #364: nr21_fixed_call_contract .....................................   Passed    1.41 sec
2026-09-15T21:56:16.4864277Z           Start  366: nr15_native_stem_contract
2026-09-15T21:56:16.6292011Z  362/2248 Test  #366: nr15_native_stem_contract ....................................   Passed    0.14 sec
2026-09-15T21:56:16.6297585Z           Start  367: gate_f_channel_contract
2026-09-15T21:56:16.7742529Z  363/2248 Test  #367: gate_f_channel_contract ......................................   Passed    0.14 sec
2026-09-15T21:56:16.7746943Z           Start  377: reference_source_explicit_rxvm_noopt
2026-09-15T21:56:17.4446571Z  364/2248 Test  #377: reference_source_explicit_rxvm_noopt .........................   Passed    0.67 sec
2026-09-15T21:56:17.4452225Z           Start  378: reference_source_explicit_rxvm_opt
2026-09-15T21:56:17.8890816Z  365/2248 Test  #365: nr14_frozen_parse_contract ...................................   Passed    2.40 sec
2026-09-15T21:56:17.8896819Z           Start  379: reference_source_contract_rxvm_noopt
2026-09-15T21:56:18.1972170Z  366/2248 Test  #378: reference_source_explicit_rxvm_opt ...........................   Passed    0.75 sec
2026-09-15T21:56:18.1976142Z           Start  380: reference_source_contract_rxvm_opt
2026-09-15T21:56:18.5615223Z  367/2248 Test  #379: reference_source_contract_rxvm_noopt .........................   Passed    0.67 sec
2026-09-15T21:56:18.5620760Z           Start  381: reference_source_iterator_rxvm_noopt
2026-09-15T21:56:19.0116168Z  368/2248 Test  #380: reference_source_contract_rxvm_opt ...........................   Passed    0.81 sec
2026-09-15T21:56:19.0120725Z           Start  382: reference_source_iterator_rxvm_opt
2026-09-15T21:56:19.3024139Z  369/2248 Test  #381: reference_source_iterator_rxvm_noopt .........................   Passed    0.74 sec
2026-09-15T21:56:19.3029856Z           Start  383: reference_source_dereference_live_rxvm_noopt
2026-09-15T21:56:19.8176110Z  370/2248 Test  #382: reference_source_iterator_rxvm_opt ...........................   Passed    0.81 sec
2026-09-15T21:56:19.8181528Z           Start  384: reference_source_dereference_live_rxvm_opt
2026-09-15T21:56:19.9874672Z  371/2248 Test  #383: reference_source_dereference_live_rxvm_noopt .................   Passed    0.68 sec
2026-09-15T21:56:19.9879246Z           Start  385: reference_source_inline_lifetime_rxvm_noopt
2026-09-15T21:56:20.5629516Z  372/2248 Test  #384: reference_source_dereference_live_rxvm_opt ...................   Passed    0.74 sec
2026-09-15T21:56:20.5635365Z           Start  386: reference_source_inline_lifetime_rxvm_opt
2026-09-15T21:56:20.6409671Z  373/2248 Test  #385: reference_source_inline_lifetime_rxvm_noopt ..................   Passed    0.65 sec
2026-09-15T21:56:20.6413950Z           Start  387: reference_source_block_lifetime_rxvm_noopt
2026-09-15T21:56:21.3326386Z  374/2248 Test  #387: reference_source_block_lifetime_rxvm_noopt ...................   Passed    0.69 sec
2026-09-15T21:56:21.3331877Z           Start  388: reference_source_block_lifetime_rxvm_opt
2026-09-15T21:56:21.3380801Z  375/2248 Test  #386: reference_source_inline_lifetime_rxvm_opt ....................   Passed    0.77 sec
2026-09-15T21:56:21.3384963Z           Start  389: repro_dotted_index_run_noopt
2026-09-15T21:56:21.9977417Z  376/2248 Test  #389: repro_dotted_index_run_noopt .................................   Passed    0.66 sec
2026-09-15T21:56:21.9983141Z           Start  390: repro_dotted_index_run_opt
2026-09-15T21:56:22.0484769Z  377/2248 Test  #388: reference_source_block_lifetime_rxvm_opt .....................   Passed    0.71 sec
2026-09-15T21:56:22.0490527Z           Start  391: int64_contract_run_noopt
2026-09-15T21:56:22.6946259Z  378/2248 Test  #391: int64_contract_run_noopt .....................................   Passed    0.65 sec
2026-09-15T21:56:22.6952902Z           Start  392: int64_contract_run_opt
2026-09-15T21:56:22.7238220Z  379/2248 Test  #390: repro_dotted_index_run_opt ...................................   Passed    0.73 sec
2026-09-15T21:56:22.7244401Z           Start  393: repro_expand_until_run_noopt
2026-09-15T21:56:23.4034715Z  380/2248 Test  #393: repro_expand_until_run_noopt .................................   Passed    0.68 sec
2026-09-15T21:56:23.4040438Z           Start  394: repro_expand_until_run_opt
2026-09-15T21:56:23.4194100Z  381/2248 Test  #392: int64_contract_run_opt .......................................   Passed    0.72 sec
2026-09-15T21:56:23.4199418Z           Start  395: repro_array_arg_run_noopt
2026-09-15T21:56:24.1124748Z  382/2248 Test  #395: repro_array_arg_run_noopt ....................................   Passed    0.69 sec
2026-09-15T21:56:24.1130874Z           Start  396: repro_array_arg_run_opt
2026-09-15T21:56:24.1618509Z  383/2248 Test  #394: repro_expand_until_run_opt ...................................   Passed    0.76 sec
2026-09-15T21:56:24.1623256Z           Start  397: repro_array_trailing_concat_run_noopt
2026-09-15T21:56:24.8280118Z  384/2248 Test  #397: repro_array_trailing_concat_run_noopt ........................   Passed    0.67 sec
2026-09-15T21:56:24.8286489Z           Start  398: repro_array_trailing_concat_run_opt
2026-09-15T21:56:24.8449390Z  385/2248 Test  #396: repro_array_arg_run_opt ......................................   Passed    0.73 sec
2026-09-15T21:56:24.8455121Z           Start  399: stem_index_concat_run_noopt
2026-09-15T21:56:25.5543602Z  386/2248 Test  #399: stem_index_concat_run_noopt ..................................   Passed    0.71 sec
2026-09-15T21:56:25.5548296Z           Start  400: stem_index_concat_run_opt
2026-09-15T21:56:25.5632481Z  387/2248 Test  #398: repro_array_trailing_concat_run_opt ..........................   Passed    0.73 sec
2026-09-15T21:56:25.5667612Z           Start  401: repro_opt_args_run_noopt
2026-09-15T21:56:26.2477626Z  388/2248 Test  #401: repro_opt_args_run_noopt .....................................   Passed    0.68 sec
2026-09-15T21:56:26.2483527Z           Start  402: repro_opt_args_run_opt
2026-09-15T21:56:26.3143156Z  389/2248 Test  #400: stem_index_concat_run_opt ....................................   Passed    0.76 sec
2026-09-15T21:56:26.3148788Z           Start  403: arg_semantics_scalar_run_noopt
2026-09-15T21:56:26.9674471Z  390/2248 Test  #402: repro_opt_args_run_opt .......................................   Passed    0.72 sec
2026-09-15T21:56:26.9679223Z           Start  404: arg_semantics_scalar_run_opt
2026-09-15T21:56:27.0052038Z  391/2248 Test  #403: arg_semantics_scalar_run_noopt ...............................   Passed    0.69 sec
2026-09-15T21:56:27.0056788Z           Start  405: arg_semantics_array_run_noopt
2026-09-15T21:56:27.6801172Z  392/2248 Test  #405: arg_semantics_array_run_noopt ................................   Passed    0.67 sec
2026-09-15T21:56:27.6806161Z           Start  406: arg_semantics_array_run_opt
2026-09-15T21:56:27.7263126Z  393/2248 Test  #404: arg_semantics_scalar_run_opt .................................   Passed    0.76 sec
2026-09-15T21:56:27.7269720Z           Start  407: multiple_exposed_arrays_run_noopt
2026-09-15T21:56:28.3992000Z  394/2248 Test  #407: multiple_exposed_arrays_run_noopt ............................   Passed    0.67 sec
2026-09-15T21:56:28.3997755Z           Start  408: multiple_exposed_arrays_run_opt
2026-09-15T21:56:28.4521260Z  395/2248 Test  #406: arg_semantics_array_run_opt ..................................   Passed    0.77 sec
2026-09-15T21:56:28.4526556Z           Start  409: arg_semantics_object_run_noopt
2026-09-15T21:56:29.1079419Z  396/2248 Test  #409: arg_semantics_object_run_noopt ...............................   Passed    0.65 sec
2026-09-15T21:56:29.1084731Z           Start  410: arg_semantics_object_run_opt
2026-09-15T21:56:29.1552394Z  397/2248 Test  #408: multiple_exposed_arrays_run_opt ..............................   Passed    0.75 sec
2026-09-15T21:56:29.1557061Z           Start  411: object_reference_regression_run_noopt
2026-09-15T21:56:29.8582338Z  398/2248 Test  #411: object_reference_regression_run_noopt ........................   Passed    0.70 sec
2026-09-15T21:56:29.8587433Z           Start  412: object_reference_regression_run_opt
2026-09-15T21:56:29.8784401Z  399/2248 Test  #410: arg_semantics_object_run_opt .................................   Passed    0.77 sec
2026-09-15T21:56:29.8790284Z           Start  413: basic_loops_run_noopt
2026-09-15T21:56:30.5821457Z  400/2248 Test  #413: basic_loops_run_noopt ........................................   Passed    0.70 sec
2026-09-15T21:56:30.5826686Z           Start  414: basic_loops_run_opt
2026-09-15T21:56:30.6470636Z  401/2248 Test  #412: object_reference_regression_run_opt ..........................   Passed    0.79 sec
2026-09-15T21:56:30.6477002Z           Start  415: basic_strings_run_noopt
2026-09-15T21:56:31.2933046Z  402/2248 Test  #414: basic_loops_run_opt ..........................................   Passed    0.71 sec
2026-09-15T21:56:31.2937886Z           Start  416: basic_strings_run_opt
2026-09-15T21:56:31.3313907Z  403/2248 Test  #415: basic_strings_run_noopt ......................................   Passed    0.68 sec
2026-09-15T21:56:31.3319508Z           Start  417: basic_arrays_run_noopt
2026-09-15T21:56:31.9814588Z  404/2248 Test  #417: basic_arrays_run_noopt .......................................   Passed    0.65 sec
2026-09-15T21:56:31.9820058Z           Start  418: basic_arrays_run_opt
2026-09-15T21:56:32.0320795Z  405/2248 Test  #416: basic_strings_run_opt ........................................   Passed    0.74 sec
2026-09-15T21:56:32.0326339Z           Start  419: array_mutation_statements_run_noopt
2026-09-15T21:56:32.7257432Z  406/2248 Test  #419: array_mutation_statements_run_noopt ..........................   Passed    0.69 sec
2026-09-15T21:56:32.7262793Z           Start  420: array_mutation_statements_run_opt
2026-09-15T21:56:32.7335190Z  407/2248 Test  #418: basic_arrays_run_opt .........................................   Passed    0.75 sec
2026-09-15T21:56:32.7341454Z           Start  421: block_expr_basic_run_noopt
2026-09-15T21:56:33.4345210Z  408/2248 Test  #421: block_expr_basic_run_noopt ...................................   Passed    0.70 sec
2026-09-15T21:56:33.4350142Z           Start  422: block_expr_basic_run_opt
2026-09-15T21:56:33.4963029Z  409/2248 Test  #420: array_mutation_statements_run_opt ............................   Passed    0.77 sec
2026-09-15T21:56:33.4969172Z           Start  423: block_expr_short_circuit_run_noopt
2026-09-15T21:56:34.2179456Z  410/2248 Test  #423: block_expr_short_circuit_run_noopt ...........................   Passed    0.72 sec
2026-09-15T21:56:34.2184792Z           Start  424: block_expr_short_circuit_run_opt
2026-09-15T21:56:34.2399039Z  411/2248 Test  #422: block_expr_basic_run_opt .....................................   Passed    0.80 sec
2026-09-15T21:56:34.2404602Z           Start  425: repro_args_parse_run_noopt
2026-09-15T21:56:34.9533694Z  412/2248 Test  #425: repro_args_parse_run_noopt ...................................   Passed    0.71 sec
2026-09-15T21:56:34.9538191Z           Start  426: repro_args_parse_run_opt
2026-09-15T21:56:34.9806764Z  413/2248 Test  #424: block_expr_short_circuit_run_opt .............................   Passed    0.76 sec
2026-09-15T21:56:34.9812676Z           Start  427: repro_args_alias_run_noopt
2026-09-15T21:56:35.6524088Z  414/2248 Test  #427: repro_args_alias_run_noopt ...................................   Passed    0.67 sec
2026-09-15T21:56:35.6529435Z           Start  428: repro_args_alias_run_opt
2026-09-15T21:56:35.7010838Z  415/2248 Test  #426: repro_args_parse_run_opt .....................................   Passed    0.75 sec
2026-09-15T21:56:35.7016129Z           Start  429: repro_sconcat_run_noopt
2026-09-15T21:56:36.3616977Z  416/2248 Test  #429: repro_sconcat_run_noopt ......................................   Passed    0.66 sec
2026-09-15T21:56:36.3621401Z           Start  430: repro_sconcat_run_opt
2026-09-15T21:56:36.3866206Z  417/2248 Test  #428: repro_args_alias_run_opt .....................................   Passed    0.73 sec
2026-09-15T21:56:36.3871027Z           Start  431: repro_strict_compare_run_noopt
2026-09-15T21:56:37.0799247Z  418/2248 Test  #430: repro_sconcat_run_opt ........................................   Passed    0.72 sec
2026-09-15T21:56:37.0804273Z           Start  432: repro_strict_compare_run_opt
2026-09-15T21:56:37.1644046Z  419/2248 Test  #431: repro_strict_compare_run_noopt ...............................   Passed    0.78 sec
2026-09-15T21:56:37.1650063Z           Start  433: 08_select_run_noopt
2026-09-15T21:56:37.7990582Z  420/2248 Test  #433: 08_select_run_noopt ..........................................   Passed    0.63 sec
2026-09-15T21:56:37.7995719Z           Start  434: 08_select_run_opt
2026-09-15T21:56:37.8105135Z  421/2248 Test  #432: repro_strict_compare_run_opt .................................   Passed    0.73 sec
2026-09-15T21:56:37.8106494Z           Start  435: select_dispatch_integer_run_noopt
2026-09-15T21:56:38.4918883Z  422/2248 Test  #435: select_dispatch_integer_run_noopt ............................   Passed    0.68 sec
2026-09-15T21:56:38.4922905Z           Start  436: select_dispatch_integer_run_opt
2026-09-15T21:56:38.5170317Z  423/2248 Test  #434: 08_select_run_opt ............................................   Passed    0.72 sec
2026-09-15T21:56:38.5174610Z           Start  437: select_dispatch_fallback_run_noopt
2026-09-15T21:56:39.1703543Z  424/2248 Test  #437: select_dispatch_fallback_run_noopt ...........................   Passed    0.65 sec
2026-09-15T21:56:39.1708123Z           Start  438: select_dispatch_fallback_run_opt
2026-09-15T21:56:39.2187017Z  425/2248 Test  #436: select_dispatch_integer_run_opt ..............................   Passed    0.73 sec
2026-09-15T21:56:39.2192290Z           Start  439: select_dispatch_mixed_run_noopt
2026-09-15T21:56:39.8701119Z  426/2248 Test  #438: select_dispatch_fallback_run_opt .............................   Passed    0.70 sec
2026-09-15T21:56:39.8706005Z           Start  440: select_dispatch_mixed_run_opt
2026-09-15T21:56:39.8754449Z  427/2248 Test  #439: select_dispatch_mixed_run_noopt ..............................   Passed    0.66 sec
2026-09-15T21:56:39.8758243Z           Start  441: select_dispatch_general_run_noopt
2026-09-15T21:56:40.5518154Z  428/2248 Test  #441: select_dispatch_general_run_noopt ............................   Passed    0.68 sec
2026-09-15T21:56:40.5523500Z           Start  442: select_dispatch_general_run_opt
2026-09-15T21:56:40.6199056Z  429/2248 Test  #440: select_dispatch_mixed_run_opt ................................   Passed    0.75 sec
2026-09-15T21:56:40.6204082Z           Start  443: select_dispatch_strings_run_noopt
2026-09-15T21:56:41.3195055Z  430/2248 Test  #442: select_dispatch_general_run_opt ..............................   Passed    0.77 sec
2026-09-15T21:56:41.3200466Z           Start  444: select_dispatch_strings_run_opt
2026-09-15T21:56:41.3553283Z  431/2248 Test  #443: select_dispatch_strings_run_noopt ............................   Passed    0.73 sec
2026-09-15T21:56:41.3558316Z           Start  445: repro_duplicate_call_argument_run_noopt
2026-09-15T21:56:41.9982532Z  432/2248 Test  #445: repro_duplicate_call_argument_run_noopt ......................   Passed    0.64 sec
2026-09-15T21:56:41.9987781Z           Start  446: repro_duplicate_call_argument_run_opt
2026-09-15T21:56:42.0458379Z  433/2248 Test  #444: select_dispatch_strings_run_opt ..............................   Passed    0.73 sec
2026-09-15T21:56:42.0463721Z           Start  447: nr06_call_window_scalar_run_noopt
2026-09-15T21:56:42.7056149Z  434/2248 Test  #446: repro_duplicate_call_argument_run_opt ........................   Passed    0.71 sec
2026-09-15T21:56:42.7061549Z           Start  448: nr06_call_window_scalar_run_opt
2026-09-15T21:56:42.7237551Z  435/2248 Test  #447: nr06_call_window_scalar_run_noopt ............................   Passed    0.68 sec
2026-09-15T21:56:42.7242635Z           Start  449: 13_stems_run_noopt
2026-09-15T21:56:43.3917250Z  436/2248 Test  #449: 13_stems_run_noopt ...........................................   Passed    0.67 sec
2026-09-15T21:56:43.3921629Z           Start  450: 13_stems_run_opt
2026-09-15T21:56:43.4435473Z  437/2248 Test  #448: nr06_call_window_scalar_run_opt ..............................   Passed    0.74 sec
2026-09-15T21:56:43.4441103Z           Start  451: repro_multi_tail_stems_run_noopt
2026-09-15T21:56:44.1279603Z  438/2248 Test  #451: repro_multi_tail_stems_run_noopt .............................   Passed    0.68 sec
2026-09-15T21:56:44.1284873Z           Start  452: repro_multi_tail_stems_run_opt
2026-09-15T21:56:44.1337381Z  439/2248 Test  #450: 13_stems_run_opt .............................................   Passed    0.74 sec
2026-09-15T21:56:44.1347681Z           Start  453: repro_rexx_compare_method_run_noopt
2026-09-15T21:56:44.8889568Z  440/2248 Test  #452: repro_multi_tail_stems_run_opt ...............................   Passed    0.76 sec
2026-09-15T21:56:44.8895552Z           Start  454: repro_rexx_compare_method_run_opt
2026-09-15T21:56:44.9308951Z  441/2248 Test  #453: repro_rexx_compare_method_run_noopt ..........................   Passed    0.80 sec
2026-09-15T21:56:44.9313876Z           Start  455: repro_rexx_format_sign_gap_run_noopt
2026-09-15T21:56:45.7524894Z  442/2248 Test  #454: repro_rexx_compare_method_run_opt ............................   Passed    0.86 sec
2026-09-15T21:56:45.7530716Z           Start  456: repro_rexx_format_sign_gap_run_opt
2026-09-15T21:56:45.7691423Z  443/2248 Test  #455: repro_rexx_format_sign_gap_run_noopt .........................   Passed    0.84 sec
2026-09-15T21:56:45.7697138Z           Start  457: numeric_mixed_compare_run_noopt
2026-09-15T21:56:46.5153953Z  444/2248 Test  #457: numeric_mixed_compare_run_noopt ..............................   Passed    0.75 sec
2026-09-15T21:56:46.5159627Z           Start  458: numeric_mixed_compare_run_opt
2026-09-15T21:56:46.7535969Z  445/2248 Test  #456: repro_rexx_format_sign_gap_run_opt ...........................   Passed    1.00 sec
2026-09-15T21:56:46.7541772Z           Start  459: repro_implicit_address_abuttal_run_noopt
2026-09-15T21:56:47.4338197Z  446/2248 Test  #458: numeric_mixed_compare_run_opt ................................   Passed    0.92 sec
2026-09-15T21:56:47.4343668Z           Start  460: repro_implicit_address_abuttal_run_opt
2026-09-15T21:56:47.4845705Z  447/2248 Test  #459: repro_implicit_address_abuttal_run_noopt .....................   Passed    0.73 sec
2026-09-15T21:56:47.4847001Z           Start  461: implicit_address_indexed_stem_run_noopt
2026-09-15T21:56:48.2965565Z  448/2248 Test  #461: implicit_address_indexed_stem_run_noopt ......................   Passed    0.81 sec
2026-09-15T21:56:48.2970841Z           Start  462: implicit_address_indexed_stem_run_opt
2026-09-15T21:56:48.3535547Z  449/2248 Test  #460: repro_implicit_address_abuttal_run_opt .......................   Passed    0.92 sec
2026-09-15T21:56:48.3541692Z           Start  463: test_explicit_address_run_noopt
2026-09-15T21:56:49.1881417Z  450/2248 Test  #462: implicit_address_indexed_stem_run_opt ........................   Passed    0.89 sec
2026-09-15T21:56:49.1888175Z           Start  464: test_explicit_address_run_opt
2026-09-15T21:56:49.2325724Z  451/2248 Test  #463: test_explicit_address_run_noopt ..............................   Passed    0.88 sec
2026-09-15T21:56:49.2331890Z           Start  465: test_address_redirect_run_noopt
2026-09-15T21:56:50.0037081Z  452/2248 Test  #465: test_address_redirect_run_noopt ..............................   Passed    0.77 sec
2026-09-15T21:56:50.0043354Z           Start  466: test_address_redirect_run_opt
2026-09-15T21:56:50.2507554Z  453/2248 Test  #464: test_explicit_address_run_opt ................................   Passed    1.06 sec
2026-09-15T21:56:50.2513050Z           Start  467: address_crexx_flush_visible_run_noopt
2026-09-15T21:56:50.9288432Z  454/2248 Test  #466: test_address_redirect_run_opt ................................   Passed    0.92 sec
2026-09-15T21:56:50.9293989Z           Start  468: address_crexx_flush_visible_run_opt
2026-09-15T21:56:53.0487710Z  455/2248 Test  #467: address_crexx_flush_visible_run_noopt ........................   Passed    2.80 sec
2026-09-15T21:56:53.0488964Z           Start  469: lineout_flush_visible_run_noopt
2026-09-15T21:56:53.6900238Z  456/2248 Test  #468: address_crexx_flush_visible_run_opt ..........................   Passed    2.76 sec
2026-09-15T21:56:53.6904893Z           Start  470: lineout_flush_visible_run_opt
2026-09-15T21:56:53.7793712Z  457/2248 Test  #469: lineout_flush_visible_run_noopt ..............................   Passed    0.73 sec
2026-09-15T21:56:53.7799810Z           Start  471: optional_arg_presence_copy_run_noopt
2026-09-15T21:56:54.5887702Z  458/2248 Test  #471: optional_arg_presence_copy_run_noopt .........................   Passed    0.81 sec
2026-09-15T21:56:54.5916632Z           Start  472: optional_arg_presence_copy_run_opt
2026-09-15T21:56:54.7018406Z  459/2248 Test  #470: lineout_flush_visible_run_opt ................................   Passed    1.01 sec
2026-09-15T21:56:54.7023538Z           Start  473: test_implicit_address_run_noopt
2026-09-15T21:56:55.4041393Z  460/2248 Test  #472: optional_arg_presence_copy_run_opt ...........................   Passed    0.82 sec
2026-09-15T21:56:55.4047287Z           Start  474: test_implicit_address_run_opt
2026-09-15T21:56:55.5809674Z  461/2248 Test  #473: test_implicit_address_run_noopt ..............................   Passed    0.88 sec
2026-09-15T21:56:55.5814770Z           Start  475: test_parse_statement_run_noopt
2026-09-15T21:56:56.3342545Z  462/2248 Test  #474: test_implicit_address_run_opt ................................   Passed    0.93 sec
2026-09-15T21:56:56.3348256Z           Start  476: test_parse_statement_run_opt
2026-09-15T21:56:56.4264953Z  463/2248 Test  #475: test_parse_statement_run_noopt ...............................   Passed    0.84 sec
2026-09-15T21:56:56.4271542Z           Start  477: qualified_namespace_same_module_run_noopt
2026-09-15T21:56:57.1687637Z  464/2248 Test  #477: qualified_namespace_same_module_run_noopt ....................   Passed    0.74 sec
2026-09-15T21:56:57.1693299Z           Start  478: qualified_namespace_same_module_run_opt
2026-09-15T21:56:57.2133531Z  465/2248 Test  #476: test_parse_statement_run_opt .................................   Passed    0.88 sec
2026-09-15T21:56:57.2139289Z           Start  479: class_attr_string_promotion_run_noopt
2026-09-15T21:56:57.9755956Z  466/2248 Test  #479: class_attr_string_promotion_run_noopt ........................   Passed    0.76 sec
2026-09-15T21:56:57.9761361Z           Start  480: class_attr_string_promotion_run_opt
2026-09-15T21:56:57.9959894Z  467/2248 Test  #478: qualified_namespace_same_module_run_opt ......................   Passed    0.83 sec
2026-09-15T21:56:57.9964925Z           Start  481: class_attr_register_views_run_noopt
2026-09-15T21:56:58.7640883Z  468/2248 Test  #480: class_attr_string_promotion_run_opt ..........................   Passed    0.79 sec
2026-09-15T21:56:58.7646315Z           Start  482: class_attr_register_views_run_opt
2026-09-15T21:56:58.7891597Z  469/2248 Test  #481: class_attr_register_views_run_noopt ..........................   Passed    0.79 sec
2026-09-15T21:56:58.7898030Z           Start  483: constants_levelb_payloads_run_noopt
2026-09-15T21:56:59.5633224Z  470/2248 Test  #483: constants_levelb_payloads_run_noopt ..........................   Passed    0.77 sec
2026-09-15T21:56:59.5638424Z           Start  484: constants_levelb_payloads_run_opt
2026-09-15T21:56:59.7315699Z  471/2248 Test  #482: class_attr_register_views_run_opt ............................   Passed    0.97 sec
2026-09-15T21:56:59.7320791Z           Start  485: binary_memory_source_run_noopt
2026-09-15T21:57:00.3410131Z  472/2248 Test  #484: constants_levelb_payloads_run_opt ............................   Passed    0.78 sec
2026-09-15T21:57:00.3415840Z           Start  486: binary_memory_source_run_opt
2026-09-15T21:57:00.5344318Z  473/2248 Test  #485: binary_memory_source_run_noopt ...............................   Passed    0.80 sec
2026-09-15T21:57:00.5349827Z           Start  487: binary_memory_span_oob_run_noopt
2026-09-15T21:57:01.2079609Z  474/2248 Test  #486: binary_memory_source_run_opt .................................   Passed    0.87 sec
2026-09-15T21:57:01.2084501Z           Start  488: binary_memory_span_oob_run_opt
2026-09-15T21:57:01.3356887Z  475/2248 Test  #487: binary_memory_span_oob_run_noopt .............................   Passed    0.80 sec
2026-09-15T21:57:01.3362494Z           Start  489: binary_memory_packed_lookup_run_noopt
2026-09-15T21:57:02.0266633Z  476/2248 Test  #488: binary_memory_span_oob_run_opt ...............................   Passed    0.82 sec
2026-09-15T21:57:02.0271807Z           Start  490: binary_memory_packed_lookup_run_opt
2026-09-15T21:57:02.1365080Z  477/2248 Test  #489: binary_memory_packed_lookup_run_noopt ........................   Passed    0.80 sec
2026-09-15T21:57:02.1370481Z           Start  491: packed_numeric_source_run_noopt
2026-09-15T21:57:02.8412599Z  478/2248 Test  #490: binary_memory_packed_lookup_run_opt ..........................   Passed    0.81 sec
2026-09-15T21:57:02.8418339Z           Start  492: packed_numeric_source_run_opt
2026-09-15T21:57:02.9497226Z  479/2248 Test  #491: packed_numeric_source_run_noopt ..............................   Passed    0.81 sec
2026-09-15T21:57:02.9502652Z           Start  493: class_binary_attribute_store_run_noopt
2026-09-15T21:57:03.7025977Z  480/2248 Test  #492: packed_numeric_source_run_opt ................................   Passed    0.86 sec
2026-09-15T21:57:03.7032252Z           Start  494: class_binary_attribute_store_run_opt
2026-09-15T21:57:03.7629618Z  481/2248 Test  #493: class_binary_attribute_store_run_noopt .......................   Passed    0.81 sec
2026-09-15T21:57:03.7635580Z           Start  495: literal_continuation_run_noopt
2026-09-15T21:57:04.5689457Z  482/2248 Test  #494: class_binary_attribute_store_run_opt .........................   Passed    0.87 sec
2026-09-15T21:57:04.5695209Z           Start  496: literal_continuation_run_opt
2026-09-15T21:57:04.5831848Z  483/2248 Test  #495: literal_continuation_run_noopt ...............................   Passed    0.82 sec
2026-09-15T21:57:04.5837675Z           Start  497: qualified_bif_direct_namespace_run_noopt
2026-09-15T21:57:05.3044099Z  484/2248 Test  #497: qualified_bif_direct_namespace_run_noopt .....................   Passed    0.72 sec
2026-09-15T21:57:05.3049879Z           Start  498: qualified_bif_direct_namespace_run_opt
2026-09-15T21:57:05.4277695Z  485/2248 Test  #496: literal_continuation_run_opt .................................   Passed    0.86 sec
2026-09-15T21:57:05.4284003Z           Start  499: qualified_namespace_import_source_run_noopt
2026-09-15T21:57:06.1703519Z  486/2248 Test  #498: qualified_bif_direct_namespace_run_opt .......................   Passed    0.86 sec
2026-09-15T21:57:06.1709329Z           Start  500: qualified_namespace_import_source_run_opt
2026-09-15T21:57:07.5176663Z  487/2248 Test  #499: qualified_namespace_import_source_run_noopt ..................   Passed    2.09 sec
2026-09-15T21:57:07.5182100Z           Start  501: qualified_namespace_import_binary_run_noopt
2026-09-15T21:57:08.4085585Z  488/2248 Test  #500: qualified_namespace_import_source_run_opt ....................   Passed    2.24 sec
2026-09-15T21:57:08.4091370Z           Start  502: qualified_namespace_import_binary_run_opt
2026-09-15T21:57:09.4982866Z  489/2248 Test  #501: qualified_namespace_import_binary_run_noopt ..................   Passed    1.98 sec
2026-09-15T21:57:09.4988890Z           Start  503: optional_binary_import_source_run_noopt
2026-09-15T21:57:10.6437669Z  490/2248 Test  #502: qualified_namespace_import_binary_run_opt ....................   Passed    2.23 sec
2026-09-15T21:57:10.6443062Z           Start  504: optional_binary_import_source_run_opt
2026-09-15T21:57:10.9408275Z  491/2248 Test  #503: optional_binary_import_source_run_noopt ......................   Passed    1.44 sec
2026-09-15T21:57:10.9413933Z           Start  505: optional_binary_import_binary_run_noopt
2026-09-15T21:57:12.2107732Z  492/2248 Test  #504: optional_binary_import_source_run_opt ........................   Passed    1.57 sec
2026-09-15T21:57:12.2113130Z           Start  506: optional_binary_import_binary_run_opt
2026-09-15T21:57:12.4088961Z  493/2248 Test  #505: optional_binary_import_binary_run_noopt ......................   Passed    1.47 sec
2026-09-15T21:57:12.4094512Z           Start  507: interface_tracer_run_noopt
2026-09-15T21:57:13.0771066Z  494/2248 Test  #507: interface_tracer_run_noopt ...................................   Passed    0.67 sec
2026-09-15T21:57:13.0776322Z           Start  508: interface_tracer_run_opt
2026-09-15T21:57:13.5622445Z  495/2248 Test  #506: optional_binary_import_binary_run_opt ........................   Passed    1.35 sec
2026-09-15T21:57:13.5627255Z           Start  509: interface_runtime_dispatch_multi_run_noopt
2026-09-15T21:57:13.8248230Z  496/2248 Test  #508: interface_tracer_run_opt .....................................   Passed    0.75 sec
2026-09-15T21:57:13.8253846Z           Start  510: interface_runtime_dispatch_multi_run_opt
2026-09-15T21:57:14.2186404Z  497/2248 Test  #509: interface_runtime_dispatch_multi_run_noopt ...................   Passed    0.66 sec
2026-09-15T21:57:14.2193463Z           Start  511: interface_method_arg_same_module_run_noopt
2026-09-15T21:57:14.5296616Z  498/2248 Test  #510: interface_runtime_dispatch_multi_run_opt .....................   Passed    0.70 sec
2026-09-15T21:57:14.5302907Z           Start  512: interface_method_arg_same_module_run_opt
2026-09-15T21:57:14.9520067Z  499/2248 Test  #511: interface_method_arg_same_module_run_noopt ...................   Passed    0.73 sec
2026-09-15T21:57:14.9525055Z           Start  513: interface_method_object_arg_same_module_run_noopt
2026-09-15T21:57:15.2375870Z  500/2248 Test  #512: interface_method_arg_same_module_run_opt .....................   Passed    0.71 sec
2026-09-15T21:57:15.2380407Z           Start  514: interface_method_object_arg_same_module_run_opt
2026-09-15T21:57:15.5995128Z  501/2248 Test  #513: interface_method_object_arg_same_module_run_noopt ............   Passed    0.65 sec
2026-09-15T21:57:15.6001374Z           Start  515: interface_signature_static_positive_run_noopt
2026-09-15T21:57:16.0084028Z  502/2248 Test  #514: interface_method_object_arg_same_module_run_opt ..............   Passed    0.77 sec
2026-09-15T21:57:16.0089423Z           Start  516: interface_signature_static_positive_run_opt
2026-09-15T21:57:16.2690171Z  503/2248 Test  #515: interface_signature_static_positive_run_noopt ................   Passed    0.67 sec
2026-09-15T21:57:16.2695640Z           Start  517: interface_factory_tiebreak_run_noopt
2026-09-15T21:57:16.7541666Z  504/2248 Test  #516: interface_signature_static_positive_run_opt ..................   Passed    0.74 sec
2026-09-15T21:57:16.7547375Z           Start  518: interface_factory_tiebreak_run_opt
2026-09-15T21:57:16.9189015Z  505/2248 Test  #517: interface_factory_tiebreak_run_noopt .........................   Passed    0.65 sec
2026-09-15T21:57:16.9194609Z           Start  519: interface_no_impl_run_noopt
2026-09-15T21:57:17.4632812Z  506/2248 Test  #518: interface_factory_tiebreak_run_opt ...........................   Passed    0.71 sec
2026-09-15T21:57:17.4637229Z           Start  520: interface_no_impl_run_opt
2026-09-15T21:57:17.5785574Z  507/2248 Test  #519: interface_no_impl_run_noopt ..................................   Passed    0.66 sec
2026-09-15T21:57:17.5792127Z           Start  521: interface_default_codegen_noopt
2026-09-15T21:57:18.1255578Z  508/2248 Test  #521: interface_default_codegen_noopt ..............................   Passed    0.55 sec
2026-09-15T21:57:18.1259879Z           Start  522: interface_default_codegen_opt
2026-09-15T21:57:18.1578140Z  509/2248 Test  #520: interface_no_impl_run_opt ....................................   Passed    0.69 sec
2026-09-15T21:57:18.1583086Z           Start  523: interface_default_same_module_run_noopt
2026-09-15T21:57:18.6611165Z  510/2248 Test  #522: interface_default_codegen_opt ................................   Passed    0.53 sec
2026-09-15T21:57:18.6616670Z           Start  524: interface_default_same_module_run_opt
2026-09-15T21:57:18.7910114Z  511/2248 Test  #523: interface_default_same_module_run_noopt ......................   Passed    0.63 sec
2026-09-15T21:57:18.7914994Z           Start  525: interface_multi_interface_same_module_run_noopt
2026-09-15T21:57:19.3683898Z  512/2248 Test  #524: interface_default_same_module_run_opt ........................   Passed    0.71 sec
2026-09-15T21:57:19.3689105Z           Start  526: interface_multi_interface_same_module_run_opt
2026-09-15T21:57:19.4382648Z  513/2248 Test  #525: interface_multi_interface_same_module_run_noopt ..............   Passed    0.65 sec
2026-09-15T21:57:19.4389465Z           Start  527: interface_showcase_same_module_run_noopt
2026-09-15T21:57:20.0518675Z  514/2248 Test  #526: interface_multi_interface_same_module_run_opt ................   Passed    0.68 sec
2026-09-15T21:57:20.0523558Z           Start  528: interface_showcase_same_module_run_opt
2026-09-15T21:57:20.0955124Z  515/2248 Test  #527: interface_showcase_same_module_run_noopt .....................   Passed    0.66 sec
2026-09-15T21:57:20.0960824Z           Start  529: type_ops_showcase_run_noopt
2026-09-15T21:57:20.7071283Z  516/2248 Test  #529: type_ops_showcase_run_noopt ..................................   Passed    0.61 sec
2026-09-15T21:57:20.7075832Z           Start  530: type_ops_showcase_run_opt
2026-09-15T21:57:20.7558583Z  517/2248 Test  #528: interface_showcase_same_module_run_opt .......................   Passed    0.70 sec
2026-09-15T21:57:20.7563296Z           Start  531: interface_match_same_module_run_noopt
2026-09-15T21:57:21.3865648Z  518/2248 Test  #530: type_ops_showcase_run_opt ....................................   Passed    0.68 sec
2026-09-15T21:57:21.3870443Z           Start  532: interface_match_same_module_run_opt
2026-09-15T21:57:21.4085645Z  519/2248 Test  #531: interface_match_same_module_run_noopt ........................   Passed    0.65 sec
2026-09-15T21:57:21.4090806Z           Start  533: interface_match_reject_single_run_noopt
2026-09-15T21:57:22.0414483Z  520/2248 Test  #533: interface_match_reject_single_run_noopt ......................   Passed    0.63 sec
2026-09-15T21:57:22.0419322Z           Start  534: interface_match_reject_single_run_opt
2026-09-15T21:57:22.0822984Z  521/2248 Test  #532: interface_match_same_module_run_opt ..........................   Passed    0.69 sec
2026-09-15T21:57:22.0839326Z           Start  535: type_ops_fail_run_noopt
2026-09-15T21:57:22.7010521Z  522/2248 Test  #535: type_ops_fail_run_noopt ......................................   Passed    0.62 sec
2026-09-15T21:57:22.7014319Z           Start  536: type_ops_fail_run_opt
2026-09-15T21:57:22.7537314Z  523/2248 Test  #534: interface_match_reject_single_run_opt ........................   Passed    0.71 sec
2026-09-15T21:57:22.7543519Z           Start  537: gate_f_levelb_contract
2026-09-15T21:57:23.3772862Z  524/2248 Test  #536: type_ops_fail_run_opt ........................................   Passed    0.68 sec
2026-09-15T21:57:23.3778733Z           Start  538: gate_f_levelg_rxbvm_noopt
2026-09-15T21:57:23.4039652Z  525/2248 Test  #537: gate_f_levelb_contract .......................................   Passed    0.65 sec
2026-09-15T21:57:23.4045204Z           Start  550: gate_f_bad_scope
2026-09-15T21:57:24.0295279Z  526/2248 Test  #550: gate_f_bad_scope .............................................   Passed    0.62 sec
2026-09-15T21:57:24.0300536Z           Start  551: gate_f_pending_mutation
2026-09-15T21:57:24.6462302Z  527/2248 Test  #551: gate_f_pending_mutation ......................................   Passed    0.62 sec
2026-09-15T21:57:24.6468044Z           Start  552: gate_f_pending_return
2026-09-15T21:57:25.2066392Z  528/2248 Test  #538: gate_f_levelg_rxbvm_noopt ....................................   Passed    1.83 sec
2026-09-15T21:57:25.2076970Z           Start  539: gate_f_levelg_rxbvm_opt
2026-09-15T21:57:25.2646344Z  529/2248 Test  #552: gate_f_pending_return ........................................   Passed    0.62 sec
2026-09-15T21:57:25.2651489Z           Start  553: gate_f_pending_reference
2026-09-15T21:57:25.8458444Z  530/2248 Test  #553: gate_f_pending_reference .....................................   Passed    0.58 sec
2026-09-15T21:57:25.8463662Z           Start  554: gate_f_nested_task_wait
2026-09-15T21:57:26.4691353Z  531/2248 Test  #554: gate_f_nested_task_wait ......................................   Passed    0.62 sec
2026-09-15T21:57:26.4696615Z           Start  555: gate_f_task_exposed_arg
2026-09-15T21:57:26.5640545Z  532/2248 Test  #555: gate_f_task_exposed_arg ......................................   Passed    0.09 sec
2026-09-15T21:57:26.5646220Z           Start  556: gate_f_task_reference_arg
2026-09-15T21:57:26.6639728Z  533/2248 Test  #556: gate_f_task_reference_arg ....................................   Passed    0.10 sec
2026-09-15T21:57:26.6645814Z           Start  557: gate_f_task_receiver
2026-09-15T21:57:26.7593813Z  534/2248 Test  #557: gate_f_task_receiver .........................................   Passed    0.09 sec
2026-09-15T21:57:26.7600459Z           Start  558: gate_f_dynamic_task_target
2026-09-15T21:57:27.4169694Z  535/2248 Test  #558: gate_f_dynamic_task_target ...................................   Passed    0.66 sec
2026-09-15T21:57:27.4175531Z           Start  559: gate_f_scope_reused
2026-09-15T21:57:27.6027948Z  536/2248 Test  #539: gate_f_levelg_rxbvm_opt ......................................   Passed    2.39 sec
2026-09-15T21:57:27.6033636Z           Start  540: gate_f_levelg_rxtvm_noopt
2026-09-15T21:57:28.0358781Z  537/2248 Test  #559: gate_f_scope_reused ..........................................   Passed    0.62 sec
2026-09-15T21:57:28.0364746Z           Start  560: gate_f_task_levelb
2026-09-15T21:57:28.1429607Z  538/2248 Test  #560: gate_f_task_levelb ...........................................   Passed    0.11 sec
2026-09-15T21:57:28.1435830Z           Start  561: gate_f_parallel_levelb
2026-09-15T21:57:28.2486081Z  539/2248 Test  #561: gate_f_parallel_levelb .......................................   Passed    0.10 sec
2026-09-15T21:57:28.2492422Z           Start  562: gate_f_parallel_expr_levelb
2026-09-15T21:57:28.3698749Z  540/2248 Test  #562: gate_f_parallel_expr_levelb ..................................   Passed    0.12 sec
2026-09-15T21:57:28.3703950Z           Start  563: gate_f_task_target_levelb
2026-09-15T21:57:28.4858050Z  541/2248 Test  #563: gate_f_task_target_levelb ....................................   Passed    0.11 sec
2026-09-15T21:57:28.4864142Z           Start  564: gate_f_task_factory_target_levelb
2026-09-15T21:57:28.6024685Z  542/2248 Test  #564: gate_f_task_factory_target_levelb ............................   Passed    0.12 sec
2026-09-15T21:57:28.6030413Z           Start  565: gate_f_taskwork_required
2026-09-15T21:57:29.2632928Z  543/2248 Test  #565: gate_f_taskwork_required .....................................   Passed    0.66 sec
2026-09-15T21:57:29.2637979Z           Start  566: gate_f_taskwork_factory_arg
2026-09-15T21:57:29.5441981Z  544/2248 Test  #540: gate_f_levelg_rxtvm_noopt ....................................   Passed    1.94 sec
2026-09-15T21:57:29.5446798Z           Start  541: gate_f_levelg_rxtvm_opt
2026-09-15T21:57:29.8974532Z  545/2248 Test  #566: gate_f_taskwork_factory_arg ..................................   Passed    0.63 sec
2026-09-15T21:57:29.8979470Z           Start  567: gate_f_task_object_result_required
2026-09-15T21:57:30.5219218Z  546/2248 Test  #567: gate_f_task_object_result_required ...........................   Passed    0.62 sec
2026-09-15T21:57:30.5225161Z           Start  568: gate_f_task_interface_result
2026-09-15T21:57:31.1633729Z  547/2248 Test  #568: gate_f_task_interface_result .................................   Passed    0.64 sec
2026-09-15T21:57:31.1639458Z           Start  569: gate_f_contextual_levelb
2026-09-15T21:57:31.8153187Z  548/2248 Test  #569: gate_f_contextual_levelb .....................................   Passed    0.65 sec
2026-09-15T21:57:31.8157352Z           Start  570: signal_control_unwind_rxbvm_noopt
2026-09-15T21:57:31.8603090Z  549/2248 Test  #541: gate_f_levelg_rxtvm_opt ......................................   Passed    2.32 sec
2026-09-15T21:57:31.8609158Z           Start  542: gate_f_task_method_import_rxbvm_noopt
2026-09-15T21:57:32.4484285Z  550/2248 Test  #570: signal_control_unwind_rxbvm_noopt ............................   Passed    0.63 sec
2026-09-15T21:57:32.4490422Z           Start  571: signal_control_unwind_rxbvm_opt
2026-09-15T21:57:33.1200145Z  551/2248 Test  #571: signal_control_unwind_rxbvm_opt ..............................   Passed    0.67 sec
2026-09-15T21:57:33.1204969Z           Start  572: signal_control_unwind_rxtvm_noopt
2026-09-15T21:57:33.7534156Z  552/2248 Test  #572: signal_control_unwind_rxtvm_noopt ............................   Passed    0.63 sec
2026-09-15T21:57:33.7538757Z           Start  573: signal_control_unwind_rxtvm_opt
2026-09-15T21:57:34.3998624Z  553/2248 Test  #573: signal_control_unwind_rxtvm_opt ..............................   Passed    0.65 sec
2026-09-15T21:57:34.4004724Z           Start  574: interface_named_factory_same_module_run_noopt
2026-09-15T21:57:35.0311985Z  554/2248 Test  #574: interface_named_factory_same_module_run_noopt ................   Passed    0.63 sec
2026-09-15T21:57:35.0315974Z           Start  575: interface_named_factory_same_module_run_opt
2026-09-15T21:57:35.2588172Z  555/2248 Test  #542: gate_f_task_method_import_rxbvm_noopt ........................   Passed    3.40 sec
2026-09-15T21:57:35.2592859Z           Start  543: gate_f_task_method_import_rxbvm_opt
2026-09-15T21:57:35.7034128Z  556/2248 Test  #575: interface_named_factory_same_module_run_opt ..................   Passed    0.67 sec
2026-09-15T21:57:35.7038437Z           Start  576: interface_named_factory_tiebreak_run_noopt
2026-09-15T21:57:36.3473646Z  557/2248 Test  #576: interface_named_factory_tiebreak_run_noopt ...................   Passed    0.64 sec
2026-09-15T21:57:36.3474884Z           Start  577: interface_named_factory_tiebreak_run_opt
2026-09-15T21:57:37.0437222Z  558/2248 Test  #577: interface_named_factory_tiebreak_run_opt .....................   Passed    0.70 sec
2026-09-15T21:57:37.0442708Z           Start  578: interface_named_factory_no_impl_run_noopt
2026-09-15T21:57:37.6574851Z  559/2248 Test  #578: interface_named_factory_no_impl_run_noopt ....................   Passed    0.61 sec
2026-09-15T21:57:37.6580135Z           Start  579: interface_named_factory_no_impl_run_opt
2026-09-15T21:57:38.3278102Z  560/2248 Test  #579: interface_named_factory_no_impl_run_opt ......................   Passed    0.67 sec
2026-09-15T21:57:38.3283375Z           Start  580: interface_default_source_import_run_noopt
2026-09-15T21:57:39.0692573Z  561/2248 Test  #543: gate_f_task_method_import_rxbvm_opt ..........................   Passed    3.81 sec
2026-09-15T21:57:39.0697222Z           Start  544: gate_f_task_method_import_rxtvm_noopt
2026-09-15T21:57:39.5285318Z  562/2248 Test  #580: interface_default_source_import_run_noopt ....................   Passed    1.20 sec
2026-09-15T21:57:39.5292037Z           Start  581: interface_default_source_import_run_opt
2026-09-15T21:57:40.8098168Z  563/2248 Test  #581: interface_default_source_import_run_opt ......................   Passed    1.28 sec
2026-09-15T21:57:40.8102273Z           Start  582: interface_default_binary_import_run_noopt
2026-09-15T21:57:42.0131898Z  564/2248 Test  #582: interface_default_binary_import_run_noopt ....................   Passed    1.20 sec
2026-09-15T21:57:42.0136891Z           Start  583: interface_default_binary_import_run_opt
2026-09-15T21:57:42.4144785Z  565/2248 Test  #544: gate_f_task_method_import_rxtvm_noopt ........................   Passed    3.34 sec
2026-09-15T21:57:42.4150258Z           Start  545: gate_f_task_method_import_rxtvm_opt
2026-09-15T21:57:43.2628379Z  566/2248 Test  #583: interface_default_binary_import_run_opt ......................   Passed    1.25 sec
2026-09-15T21:57:43.2633117Z           Start  584: interface_source_import_run_noopt
2026-09-15T21:57:44.4795845Z  567/2248 Test  #584: interface_source_import_run_noopt ............................   Passed    1.22 sec
2026-09-15T21:57:44.4801024Z           Start  585: interface_source_import_run_opt
2026-09-15T21:57:45.8020941Z  568/2248 Test  #585: interface_source_import_run_opt ..............................   Passed    1.32 sec
2026-09-15T21:57:45.8025092Z           Start  586: interface_binary_import_run_noopt
2026-09-15T21:57:46.2337622Z  569/2248 Test  #545: gate_f_task_method_import_rxtvm_opt ..........................   Passed    3.82 sec
2026-09-15T21:57:46.2343441Z           Start  546: gate_f_taskwork_import_rxbvm_noopt
2026-09-15T21:57:46.9965922Z  570/2248 Test  #586: interface_binary_import_run_noopt ............................   Passed    1.19 sec
2026-09-15T21:57:46.9971369Z           Start  587: interface_binary_import_run_opt
2026-09-15T21:57:48.2148560Z  571/2248 Test  #546: gate_f_taskwork_import_rxbvm_noopt ...........................   Passed    1.98 sec
2026-09-15T21:57:48.2152253Z           Start  547: gate_f_taskwork_import_rxbvm_opt
2026-09-15T21:57:48.2469592Z  572/2248 Test  #587: interface_binary_import_run_opt ..............................   Passed    1.25 sec
2026-09-15T21:57:48.2475015Z           Start  588: interface_match_source_import_run_noopt
2026-09-15T21:57:49.4435059Z  573/2248 Test  #588: interface_match_source_import_run_noopt ......................   Passed    1.20 sec
2026-09-15T21:57:49.4440020Z           Start  589: interface_match_source_import_run_opt
2026-09-15T21:57:50.1979289Z  574/2248 Test  #547: gate_f_taskwork_import_rxbvm_opt .............................   Passed    1.98 sec
2026-09-15T21:57:50.1984463Z           Start  548: gate_f_taskwork_import_rxtvm_noopt
2026-09-15T21:57:50.7068239Z  575/2248 Test  #589: interface_match_source_import_run_opt ........................   Passed    1.26 sec
2026-09-15T21:57:50.7072570Z           Start  590: interface_match_binary_import_run_noopt
2026-09-15T21:57:51.9602072Z  576/2248 Test  #590: interface_match_binary_import_run_noopt ......................   Passed    1.25 sec
2026-09-15T21:57:51.9605304Z           Start  591: interface_match_binary_import_run_opt
2026-09-15T21:57:52.1840311Z  577/2248 Test  #548: gate_f_taskwork_import_rxtvm_noopt ...........................   Passed    1.99 sec
2026-09-15T21:57:52.1846314Z           Start  549: gate_f_taskwork_import_rxtvm_opt
2026-09-15T21:57:53.2289272Z  578/2248 Test  #591: interface_match_binary_import_run_opt ........................   Passed    1.27 sec
2026-09-15T21:57:53.2293544Z           Start  592: interface_named_factory_source_import_run_noopt
2026-09-15T21:57:54.1963466Z  579/2248 Test  #549: gate_f_taskwork_import_rxtvm_opt .............................   Passed    2.01 sec
2026-09-15T21:57:54.1967735Z           Start  593: interface_named_factory_source_import_run_opt
2026-09-15T21:57:54.4490200Z  580/2248 Test  #592: interface_named_factory_source_import_run_noopt ..............   Passed    1.22 sec
2026-09-15T21:57:54.4495640Z           Start  594: interface_named_factory_binary_import_run_noopt
2026-09-15T21:57:55.4658065Z  581/2248 Test  #593: interface_named_factory_source_import_run_opt ................   Passed    1.27 sec
2026-09-15T21:57:55.4662169Z           Start  595: interface_named_factory_binary_import_run_opt
2026-09-15T21:57:55.6904115Z  582/2248 Test  #594: interface_named_factory_binary_import_run_noopt ..............   Passed    1.24 sec
2026-09-15T21:57:55.6909550Z           Start  596: interface_import_provider_source_run_noopt
2026-09-15T21:57:56.7337360Z  583/2248 Test  #595: interface_named_factory_binary_import_run_opt ................   Passed    1.27 sec
2026-09-15T21:57:56.7341399Z           Start  597: interface_import_provider_source_run_opt
2026-09-15T21:57:57.5259759Z  584/2248 Test  #596: interface_import_provider_source_run_noopt ...................   Passed    1.83 sec
2026-09-15T21:57:57.5265090Z           Start  598: interface_import_provider_binary_run_noopt
2026-09-15T21:57:58.6008405Z  585/2248 Test  #597: interface_import_provider_source_run_opt .....................   Passed    1.87 sec
2026-09-15T21:57:58.6012757Z           Start  599: interface_import_provider_binary_run_opt
2026-09-15T21:57:59.3297760Z  586/2248 Test  #598: interface_import_provider_binary_run_noopt ...................   Passed    1.80 sec
2026-09-15T21:57:59.3302552Z           Start  600: interface_split_same_namespace_source_run_noopt
2026-09-15T21:58:00.4857254Z  587/2248 Test  #599: interface_import_provider_binary_run_opt .....................   Passed    1.88 sec
2026-09-15T21:58:00.4862946Z           Start  601: interface_split_same_namespace_source_run_opt
2026-09-15T21:58:01.1723719Z  588/2248 Test  #600: interface_split_same_namespace_source_run_noopt ..............   Passed    1.84 sec
2026-09-15T21:58:01.1728511Z           Start  602: interface_split_same_namespace_binary_run_noopt
2026-09-15T21:58:02.3637201Z  589/2248 Test  #601: interface_split_same_namespace_source_run_opt ................   Passed    1.88 sec
2026-09-15T21:58:02.3642113Z           Start  603: interface_split_same_namespace_binary_run_opt
2026-09-15T21:58:03.0368323Z  590/2248 Test  #602: interface_split_same_namespace_binary_run_noopt ..............   Passed    1.86 sec
2026-09-15T21:58:03.0374430Z           Start  604: interface_binary_covariant_run_noopt
2026-09-15T21:58:04.2304744Z  591/2248 Test  #603: interface_split_same_namespace_binary_run_opt ................   Passed    1.87 sec
2026-09-15T21:58:04.2309781Z           Start  605: interface_binary_covariant_run_opt
2026-09-15T21:58:04.8394163Z  592/2248 Test  #604: interface_binary_covariant_run_noopt .........................   Passed    1.80 sec
2026-09-15T21:58:04.8399067Z           Start  606: qualified_interface_import_run_noopt
2026-09-15T21:58:06.0782520Z  593/2248 Test  #605: interface_binary_covariant_run_opt ...........................   Passed    1.85 sec
2026-09-15T21:58:06.0787557Z           Start  607: qualified_interface_import_run_opt
2026-09-15T21:58:06.7549179Z  594/2248 Test  #606: qualified_interface_import_run_noopt .........................   Passed    1.91 sec
2026-09-15T21:58:06.7550466Z           Start  608: qualified_interface_binary_import_run_noopt
2026-09-15T21:58:08.0365804Z  595/2248 Test  #607: qualified_interface_import_run_opt ...........................   Passed    1.96 sec
2026-09-15T21:58:08.0369880Z           Start  609: qualified_interface_binary_import_run_opt
2026-09-15T21:58:08.5696295Z  596/2248 Test  #608: qualified_interface_binary_import_run_noopt ..................   Passed    1.81 sec
2026-09-15T21:58:08.5701793Z           Start  610: imported_record_return_contract
2026-09-15T21:58:09.8695498Z  597/2248 Test  #609: qualified_interface_binary_import_run_opt ....................   Passed    1.83 sec
2026-09-15T21:58:09.8700423Z           Start  611: do_forever_return_contract
2026-09-15T21:58:15.3210078Z  598/2248 Test  #611: do_forever_return_contract ...................................   Passed    5.45 sec
2026-09-15T21:58:15.3215205Z           Start  612: parse_levelg_contract
2026-09-15T21:58:18.1849403Z  599/2248 Test  #612: parse_levelg_contract ........................................   Passed    2.86 sec
2026-09-15T21:58:18.1854615Z           Start  613: inline_cross_file_binary_opt
2026-09-15T21:58:19.4891241Z  600/2248 Test  #613: inline_cross_file_binary_opt .................................   Passed    1.30 sec
2026-09-15T21:58:19.4897220Z           Start  614: inline_summary_version_fallback_binary_opt
2026-09-15T21:58:20.8431714Z  601/2248 Test  #614: inline_summary_version_fallback_binary_opt ...................   Passed    1.35 sec
2026-09-15T21:58:20.8436579Z           Start  615: inline_summary_shape_fallback_binary_opt
2026-09-15T21:58:22.1404143Z  602/2248 Test  #615: inline_summary_shape_fallback_binary_opt .....................   Passed    1.30 sec
2026-09-15T21:58:22.1408845Z           Start  616: inline_summary_formal_fallback_binary_opt
2026-09-15T21:58:22.6711445Z  603/2248 Test  #610: imported_record_return_contract ..............................   Passed   14.10 sec
2026-09-15T21:58:22.6717622Z           Start  617: inline_receiver_summary_fallback_binary_opt
2026-09-15T21:58:23.4770595Z  604/2248 Test  #616: inline_summary_formal_fallback_binary_opt ....................   Passed    1.34 sec
2026-09-15T21:58:23.4775433Z           Start  618: inline_ref_array_count_binary_opt
2026-09-15T21:58:23.9832925Z  605/2248 Test  #617: inline_receiver_summary_fallback_binary_opt ..................   Passed    1.31 sec
2026-09-15T21:58:23.9838197Z           Start  619: inline_rhs_block_expr_concat_binary_opt
2026-09-15T21:58:24.6498009Z  606/2248 Test  #619: inline_rhs_block_expr_concat_binary_opt ......................   Passed    0.67 sec
2026-09-15T21:58:24.6522123Z           Start  620: inline_nested_binary_block_owner_shape_opt
2026-09-15T21:58:24.7867581Z  607/2248 Test  #618: inline_ref_array_count_binary_opt ............................   Passed    1.31 sec
2026-09-15T21:58:24.7871954Z           Start  621: inline_cross_file_source_opt
2026-09-15T21:58:25.4292155Z  608/2248 Test  #620: inline_nested_binary_block_owner_shape_opt ...................   Passed    0.78 sec
2026-09-15T21:58:25.4298014Z           Start  622: source_import_dotted_floats_decimal_opt
2026-09-15T21:58:26.1062528Z  609/2248 Test  #622: source_import_dotted_floats_decimal_opt ......................   Passed    0.68 sec
2026-09-15T21:58:26.1067147Z           Start  623: source_import_contract_stub_implements
2026-09-15T21:58:26.2864654Z  610/2248 Test  #621: inline_cross_file_source_opt .................................   Passed    1.50 sec
2026-09-15T21:58:26.2869124Z           Start  624: source_import_optional_factory_arg
2026-09-15T21:58:26.7250664Z  611/2248 Test  #623: source_import_contract_stub_implements .......................   Passed    0.62 sec
2026-09-15T21:58:26.7255890Z           Start  625: source_import_srcmap_factory
2026-09-15T21:58:26.7904469Z  612/2248 Test  #625: source_import_srcmap_factory .................................   Passed    0.06 sec
2026-09-15T21:58:26.7909421Z           Start  626: source_import_contract_stub_covariant_cycle
2026-09-15T21:58:26.9263176Z  613/2248 Test  #624: source_import_optional_factory_arg ...........................   Passed    0.64 sec
2026-09-15T21:58:26.9267470Z           Start  627: mixed_aggregate_source_contract_stub_covariant
2026-09-15T21:58:27.4275614Z  614/2248 Test  #626: source_import_contract_stub_covariant_cycle ..................   Passed    0.64 sec
2026-09-15T21:58:27.4281599Z           Start  628: source_extension_direct_defaults
2026-09-15T21:58:29.3469792Z  615/2248 Test  #627: mixed_aggregate_source_contract_stub_covariant ...............   Passed    2.42 sec
2026-09-15T21:58:29.3474556Z           Start  629: source_extension_standard_imports
2026-09-15T21:58:29.9338200Z  616/2248 Test  #628: source_extension_direct_defaults .............................   Passed    2.51 sec
2026-09-15T21:58:29.9343571Z           Start  630: source_extension_rexx_import_default
2026-09-15T21:58:30.1066746Z  617/2248 Test  #629: source_extension_standard_imports ............................   Passed    0.76 sec
2026-09-15T21:58:30.1068292Z           Start  631: source_extension_arbitrary_imports
2026-09-15T21:58:30.6673496Z  618/2248 Test  #630: source_extension_rexx_import_default .........................   Passed    0.73 sec
2026-09-15T21:58:30.6678874Z           Start  632: inline_local_member_scalar_opt
2026-09-15T21:58:30.8752425Z  619/2248 Test  #631: source_extension_arbitrary_imports ...........................   Passed    0.77 sec
2026-09-15T21:58:30.8757466Z           Start  633: inline_receiver_nested_this_direct_placement_opt
2026-09-15T21:58:31.4831238Z  620/2248 Test  #632: inline_local_member_scalar_opt ...............................   Passed    0.81 sec
2026-09-15T21:58:31.4836026Z           Start  634: inline_receiver_detached_guard_opt
2026-09-15T21:58:31.7685458Z  621/2248 Test  #633: inline_receiver_nested_this_direct_placement_opt .............   Passed    0.89 sec
2026-09-15T21:58:31.7690784Z           Start  635: inline_receiver_production_ladder_opt
2026-09-15T21:58:33.5067304Z  622/2248 Test  #635: inline_receiver_production_ladder_opt ........................   Passed    1.74 sec
2026-09-15T21:58:33.5073278Z           Start  636: inline_receiver_reference_alias_opt
2026-09-15T21:58:33.9746246Z  623/2248 Test  #634: inline_receiver_detached_guard_opt ...........................   Passed    2.49 sec
2026-09-15T21:58:33.9751708Z           Start  637: inline_reference_member_accessors_opt
2026-09-15T21:58:34.2502480Z  624/2248 Test  #636: inline_receiver_reference_alias_opt ..........................   Passed    0.74 sec
2026-09-15T21:58:34.2507184Z           Start  638: inline_reference_accessors_import_opt
2026-09-15T21:58:34.7617527Z  625/2248 Test  #637: inline_reference_member_accessors_opt ........................   Passed    0.79 sec
2026-09-15T21:58:34.7623640Z           Start  639: inline_scalar_accessors_import_opt
2026-09-15T21:58:37.0057887Z  626/2248 Test  #638: inline_reference_accessors_import_opt ........................   Passed    2.75 sec
2026-09-15T21:58:37.0061960Z           Start  640: inline_packed_accessors_import_opt
2026-09-15T21:58:37.4629474Z  627/2248 Test  #639: inline_scalar_accessors_import_opt ...........................   Passed    2.70 sec
2026-09-15T21:58:37.4634561Z           Start  641: inline_receiver_storage_import_opt
2026-09-15T21:58:40.3913248Z  628/2248 Test  #640: inline_packed_accessors_import_opt ...........................   Passed    3.38 sec
2026-09-15T21:58:40.3918939Z           Start  642: inline_test_computed_receiver_copyback_opt_rewrites
2026-09-15T21:58:41.0468312Z  629/2248 Test  #642: inline_test_computed_receiver_copyback_opt_rewrites ..........   Passed    0.65 sec
2026-09-15T21:58:41.0473633Z           Start  643: inline_loop_bound_early_return_cleanup_opt_rewrites
2026-09-15T21:58:41.7481162Z  630/2248 Test  #643: inline_loop_bound_early_return_cleanup_opt_rewrites ..........   Passed    0.70 sec
2026-09-15T21:58:41.7485302Z           Start  644: structured_exit_crossed_loop_cleanup_opt_rewrites
2026-09-15T21:58:41.8635125Z  631/2248 Test  #641: inline_receiver_storage_import_opt ...........................   Passed    4.40 sec
2026-09-15T21:58:41.8640147Z           Start  645: signal_crossed_loop_cleanup_opt_rewrites
2026-09-15T21:58:42.4539327Z  632/2248 Test  #644: structured_exit_crossed_loop_cleanup_opt_rewrites ............   Passed    0.70 sec
2026-09-15T21:58:42.4540567Z           Start  646: inline_receiver_signal_cleanup
2026-09-15T21:58:42.5518950Z  633/2248 Test  #645: signal_crossed_loop_cleanup_opt_rewrites .....................   Passed    0.69 sec
2026-09-15T21:58:42.5523669Z           Start  647: test_parse_arg_filename_run_args_noopt
2026-09-15T21:58:43.2443237Z  634/2248 Test  #647: test_parse_arg_filename_run_args_noopt .......................   Passed    0.69 sec
2026-09-15T21:58:43.2446992Z           Start  648: test_parse_arg_filename_run_args_opt
2026-09-15T21:58:44.0489346Z  635/2248 Test  #648: test_parse_arg_filename_run_args_opt .........................   Passed    0.80 sec
2026-09-15T21:58:44.0494519Z           Start  649: implicit_main_arg_compat_run_args_noopt
2026-09-15T21:58:44.2011392Z  636/2248 Test  #646: inline_receiver_signal_cleanup ...............................   Passed    1.75 sec
2026-09-15T21:58:44.2015512Z           Start  650: implicit_main_arg_compat_run_args_opt
2026-09-15T21:58:44.7555482Z  637/2248 Test  #649: implicit_main_arg_compat_run_args_noopt ......................   Passed    0.71 sec
2026-09-15T21:58:44.7560798Z           Start  651: arg_compat_no_vargs_run_args_noopt
2026-09-15T21:58:44.9319678Z  638/2248 Test  #650: implicit_main_arg_compat_run_args_opt ........................   Passed    0.73 sec
2026-09-15T21:58:44.9324382Z           Start  652: arg_compat_no_vargs_run_args_opt
2026-09-15T21:58:45.4330613Z  639/2248 Test  #651: arg_compat_no_vargs_run_args_noopt ...........................   Passed    0.68 sec
2026-09-15T21:58:45.4336171Z           Start  653: crxc_noargs_run
2026-09-15T21:58:45.7192274Z  640/2248 Test  #652: arg_compat_no_vargs_run_args_opt .............................   Passed    0.79 sec
2026-09-15T21:58:45.7196520Z           Start  654: structured_exit_debug_run
2026-09-15T21:58:46.2499228Z  641/2248 Test  #653: crxc_noargs_run ..............................................   Passed    0.82 sec
2026-09-15T21:58:46.2504752Z           Start  655: test_obj_prop_run_noopt
2026-09-15T21:58:46.9767322Z  642/2248 Test  #655: test_obj_prop_run_noopt ......................................   Passed    0.73 sec
2026-09-15T21:58:46.9772088Z           Start  656: test_obj_prop_run_opt
2026-09-15T21:58:47.7286107Z  643/2248 Test  #656: test_obj_prop_run_opt ........................................   Passed    0.75 sec
2026-09-15T21:58:47.7291930Z           Start  657: test_meth_vs_proc_run_noopt
2026-09-15T21:58:48.4220828Z  644/2248 Test  #657: test_meth_vs_proc_run_noopt ..................................   Passed    0.69 sec
2026-09-15T21:58:48.4226426Z           Start  658: test_meth_vs_proc_run_opt
2026-09-15T21:58:49.1623760Z  645/2248 Test  #658: test_meth_vs_proc_run_opt ....................................   Passed    0.74 sec
2026-09-15T21:58:49.1627953Z           Start  659: function_arg_method_call_run_noopt
2026-09-15T21:58:49.8786058Z  646/2248 Test  #659: function_arg_method_call_run_noopt ...........................   Passed    0.72 sec
2026-09-15T21:58:49.8791646Z           Start  660: function_arg_method_call_run_opt
2026-09-15T21:58:50.6792506Z  647/2248 Test  #660: function_arg_method_call_run_opt .............................   Passed    0.80 sec
2026-09-15T21:58:50.6797871Z           Start  661: test_class_adv_run_noopt
2026-09-15T21:58:51.4135497Z  648/2248 Test  #661: test_class_adv_run_noopt .....................................   Passed    0.73 sec
2026-09-15T21:58:51.4141131Z           Start  662: test_class_adv_run_opt
2026-09-15T21:58:52.1472590Z  649/2248 Test  #662: test_class_adv_run_opt .......................................   Passed    0.73 sec
2026-09-15T21:58:52.1477271Z           Start  663: test_array_edge_run_noopt
2026-09-15T21:58:52.8493150Z  650/2248 Test  #663: test_array_edge_run_noopt ....................................   Passed    0.70 sec
2026-09-15T21:58:52.8498506Z           Start  664: test_array_edge_run_opt
2026-09-15T21:58:53.6017938Z  651/2248 Test  #664: test_array_edge_run_opt ......................................   Passed    0.75 sec
2026-09-15T21:58:53.6022149Z           Start  665: test_utf_math_run_noopt
2026-09-15T21:58:54.2632566Z  652/2248 Test  #665: test_utf_math_run_noopt ......................................   Passed    0.66 sec
2026-09-15T21:58:54.2637865Z           Start  666: test_utf_math_run_opt
2026-09-15T21:58:54.9942472Z  653/2248 Test  #666: test_utf_math_run_opt ........................................   Passed    0.73 sec
2026-09-15T21:58:54.9946875Z           Start  667: binary_literal_load_run_noopt
2026-09-15T21:58:55.7486688Z  654/2248 Test  #667: binary_literal_load_run_noopt ................................   Passed    0.75 sec
2026-09-15T21:58:55.7493228Z           Start  668: binary_literal_load_run_opt
2026-09-15T21:58:56.6486706Z  655/2248 Test  #668: binary_literal_load_run_opt ..................................   Passed    0.90 sec
2026-09-15T21:58:56.6491063Z           Start  669: scalar_type_casts_run_noopt
2026-09-15T21:58:57.3568722Z  656/2248 Test  #669: scalar_type_casts_run_noopt ..................................   Passed    0.71 sec
2026-09-15T21:58:57.3572555Z           Start  670: scalar_type_casts_run_opt
2026-09-15T21:58:58.1101454Z  657/2248 Test  #670: scalar_type_casts_run_opt ....................................   Passed    0.75 sec
2026-09-15T21:58:58.1102652Z           Start  671: decimal_literal_context_run_noopt
2026-09-15T21:58:58.8027099Z  658/2248 Test  #671: decimal_literal_context_run_noopt ............................   Passed    0.69 sec
2026-09-15T21:58:58.8032109Z           Start  672: decimal_literal_context_run_opt
2026-09-15T21:58:59.5609360Z  659/2248 Test  #672: decimal_literal_context_run_opt ..............................   Passed    0.76 sec
2026-09-15T21:58:59.5614227Z           Start  673: typed_constructor_builtin_run_noopt
2026-09-15T21:59:00.2950679Z  660/2248 Test  #673: typed_constructor_builtin_run_noopt ..........................   Passed    0.73 sec
2026-09-15T21:59:00.2955412Z           Start  674: typed_constructor_builtin_run_opt
2026-09-15T21:59:01.0581521Z  661/2248 Test  #674: typed_constructor_builtin_run_opt ............................   Passed    0.76 sec
2026-09-15T21:59:01.0585075Z           Start  675: test_lib_boundary_run_noopt
2026-09-15T21:59:01.7230578Z  662/2248 Test  #675: test_lib_boundary_run_noopt ..................................   Passed    0.66 sec
2026-09-15T21:59:01.7235814Z           Start  676: test_lib_boundary_run_opt
2026-09-15T21:59:02.4736791Z  663/2248 Test  #676: test_lib_boundary_run_opt ....................................   Passed    0.75 sec
2026-09-15T21:59:02.4742107Z           Start  677: div_ops_common_run_noopt
2026-09-15T21:59:03.1635811Z  664/2248 Test  #677: div_ops_common_run_noopt .....................................   Passed    0.69 sec
2026-09-15T21:59:03.1640399Z           Start  678: div_ops_common_run_opt
2026-09-15T21:59:03.9288810Z  665/2248 Test  #678: div_ops_common_run_opt .......................................   Passed    0.76 sec
2026-09-15T21:59:03.9292847Z           Start  679: div_ops_classic_run_noopt
2026-09-15T21:59:04.6223652Z  666/2248 Test  #679: div_ops_classic_run_noopt ....................................   Passed    0.69 sec
2026-09-15T21:59:04.6228349Z           Start  680: div_ops_classic_run_opt
2026-09-15T21:59:05.4374553Z  667/2248 Test  #680: div_ops_classic_run_opt ......................................   Passed    0.81 sec
2026-09-15T21:59:05.4379633Z           Start  681: classic_xor_run_noopt
2026-09-15T21:59:06.1015731Z  668/2248 Test  #681: classic_xor_run_noopt ........................................   Passed    0.66 sec
2026-09-15T21:59:06.1019666Z           Start  682: classic_xor_run_opt
2026-09-15T21:59:06.8864104Z  669/2248 Test  #682: classic_xor_run_opt ..........................................   Passed    0.78 sec
2026-09-15T21:59:06.8868575Z           Start  683: named_operators_run_noopt
2026-09-15T21:59:07.5629666Z  670/2248 Test  #683: named_operators_run_noopt ....................................   Passed    0.68 sec
2026-09-15T21:59:07.5634902Z           Start  684: named_operators_run_opt
2026-09-15T21:59:08.4252244Z  671/2248 Test  #684: named_operators_run_opt ......................................   Passed    0.86 sec
2026-09-15T21:59:08.4257516Z           Start  685: do_scope_typed_shadows_run_noopt
2026-09-15T21:59:09.2481426Z  672/2248 Test  #685: do_scope_typed_shadows_run_noopt .............................   Passed    0.82 sec
2026-09-15T21:59:09.2485845Z           Start  686: do_scope_typed_shadows_run_opt
2026-09-15T21:59:10.1622386Z  673/2248 Test  #686: do_scope_typed_shadows_run_opt ...............................   Passed    0.91 sec
2026-09-15T21:59:10.1679557Z           Start  687: test_global_subscopes_run_noopt
2026-09-15T21:59:10.9333279Z  674/2248 Test  #687: test_global_subscopes_run_noopt ..............................   Passed    0.77 sec
2026-09-15T21:59:10.9340006Z           Start  688: test_global_subscopes_run_opt
2026-09-15T21:59:11.7879833Z  675/2248 Test  #688: test_global_subscopes_run_opt ................................   Passed    0.85 sec
2026-09-15T21:59:11.7884950Z           Start  689: inline_test1_run_noopt
2026-09-15T21:59:12.4805336Z  676/2248 Test  #689: inline_test1_run_noopt .......................................   Passed    0.69 sec
2026-09-15T21:59:12.4810464Z           Start  690: inline_test1_run_opt
2026-09-15T21:59:13.2110490Z  677/2248 Test  #690: inline_test1_run_opt .........................................   Passed    0.73 sec
2026-09-15T21:59:13.2115390Z           Start  691: inline_test2_run_noopt
2026-09-15T21:59:13.9417235Z  678/2248 Test  #691: inline_test2_run_noopt .......................................   Passed    0.73 sec
2026-09-15T21:59:13.9423020Z           Start  692: inline_test2_run_opt
2026-09-15T21:59:14.7046153Z  679/2248 Test  #692: inline_test2_run_opt .........................................   Passed    0.76 sec
2026-09-15T21:59:14.7050203Z           Start  693: inline_test_call_run_noopt
2026-09-15T21:59:15.4215233Z  680/2248 Test  #693: inline_test_call_run_noopt ...................................   Passed    0.72 sec
2026-09-15T21:59:15.4220095Z           Start  694: inline_test_call_run_opt
2026-09-15T21:59:16.2073586Z  681/2248 Test  #694: inline_test_call_run_opt .....................................   Passed    0.78 sec
2026-09-15T21:59:16.2085620Z           Start  695: inline_test_expr_run_noopt
2026-09-15T21:59:16.9027974Z  682/2248 Test  #695: inline_test_expr_run_noopt ...................................   Passed    0.69 sec
2026-09-15T21:59:16.9033265Z           Start  696: inline_test_expr_run_opt
2026-09-15T21:59:17.6345087Z  683/2248 Test  #696: inline_test_expr_run_opt .....................................   Passed    0.73 sec
2026-09-15T21:59:17.6350713Z           Start  697: inline_test_expr_negative_run_noopt
2026-09-15T21:59:18.3734489Z  684/2248 Test  #697: inline_test_expr_negative_run_noopt ..........................   Passed    0.74 sec
2026-09-15T21:59:18.3739027Z           Start  698: inline_test_expr_negative_run_opt
2026-09-15T21:59:19.1344093Z  685/2248 Test  #698: inline_test_expr_negative_run_opt ............................   Passed    0.76 sec
2026-09-15T21:59:19.1348712Z           Start  699: inline_test_nested_call_expr_run_noopt
2026-09-15T21:59:19.8221459Z  686/2248 Test  #699: inline_test_nested_call_expr_run_noopt .......................   Passed    0.69 sec
2026-09-15T21:59:19.8227074Z           Start  700: inline_test_nested_call_expr_run_opt
2026-09-15T21:59:20.5508564Z  687/2248 Test  #700: inline_test_nested_call_expr_run_opt .........................   Passed    0.73 sec
2026-09-15T21:59:20.5513185Z           Start  701: inline_nested_binary_block_owner_run_noopt
2026-09-15T21:59:21.2345126Z  688/2248 Test  #701: inline_nested_binary_block_owner_run_noopt ...................   Passed    0.68 sec
2026-09-15T21:59:21.2350597Z           Start  702: inline_nested_binary_block_owner_run_opt
2026-09-15T21:59:22.0026239Z  689/2248 Test  #702: inline_nested_binary_block_owner_run_opt .....................   Passed    0.77 sec
2026-09-15T21:59:22.0031000Z           Start  703: inline_test_concat_expr_run_noopt
2026-09-15T21:59:22.7002107Z  690/2248 Test  #703: inline_test_concat_expr_run_noopt ............................   Passed    0.70 sec
2026-09-15T21:59:22.7006164Z           Start  704: inline_test_concat_expr_run_opt
2026-09-15T21:59:23.4487119Z  691/2248 Test  #704: inline_test_concat_expr_run_opt ..............................   Passed    0.75 sec
2026-09-15T21:59:23.4491496Z           Start  705: inline_test_say_expr_run_noopt
2026-09-15T21:59:24.1276150Z  692/2248 Test  #705: inline_test_say_expr_run_noopt ...............................   Passed    0.68 sec
2026-09-15T21:59:24.1281398Z           Start  706: inline_test_say_expr_run_opt
2026-09-15T21:59:24.8684981Z  693/2248 Test  #706: inline_test_say_expr_run_opt .................................   Passed    0.74 sec
2026-09-15T21:59:24.8690273Z           Start  707: inline_test_say_expr_negative_run_noopt
2026-09-15T21:59:25.5757333Z  694/2248 Test  #707: inline_test_say_expr_negative_run_noopt ......................   Passed    0.71 sec
2026-09-15T21:59:25.5764075Z           Start  708: inline_test_say_expr_negative_run_opt
2026-09-15T21:59:26.3823858Z  695/2248 Test  #708: inline_test_say_expr_negative_run_opt ........................   Passed    0.81 sec
2026-09-15T21:59:26.3828599Z           Start  709: inline_test_return_expr_run_noopt
2026-09-15T21:59:27.1622820Z  696/2248 Test  #709: inline_test_return_expr_run_noopt ............................   Passed    0.78 sec
2026-09-15T21:59:27.1627241Z           Start  710: inline_test_return_expr_run_opt
2026-09-15T21:59:27.8923187Z  697/2248 Test  #710: inline_test_return_expr_run_opt ..............................   Passed    0.73 sec
2026-09-15T21:59:27.8928032Z           Start  711: inline_test_unary_expr_run_noopt
2026-09-15T21:59:28.6084101Z  698/2248 Test  #711: inline_test_unary_expr_run_noopt .............................   Passed    0.72 sec
2026-09-15T21:59:28.6088722Z           Start  712: inline_test_unary_expr_run_opt
2026-09-15T21:59:29.3641779Z  699/2248 Test  #712: inline_test_unary_expr_run_opt ...............................   Passed    0.75 sec
2026-09-15T21:59:29.3647368Z           Start  713: inline_test_compare_expr_run_noopt
2026-09-15T21:59:30.0652531Z  700/2248 Test  #713: inline_test_compare_expr_run_noopt ...........................   Passed    0.70 sec
2026-09-15T21:59:30.0657540Z           Start  714: inline_test_compare_expr_run_opt
2026-09-15T21:59:30.8287704Z  701/2248 Test  #714: inline_test_compare_expr_run_opt .............................   Passed    0.76 sec
2026-09-15T21:59:30.8291418Z           Start  715: inline_test_call_arg_expr_run_noopt
2026-09-15T21:59:31.5076853Z  702/2248 Test  #715: inline_test_call_arg_expr_run_noopt ..........................   Passed    0.68 sec
2026-09-15T21:59:31.5080673Z           Start  716: inline_test_call_arg_expr_run_opt
2026-09-15T21:59:32.2351639Z  703/2248 Test  #716: inline_test_call_arg_expr_run_opt ............................   Passed    0.73 sec
2026-09-15T21:59:32.2356351Z           Start  717: inline_test_call_like_arg_expr_run_noopt
2026-09-15T21:59:32.9266696Z  704/2248 Test  #717: inline_test_call_like_arg_expr_run_noopt .....................   Passed    0.69 sec
2026-09-15T21:59:32.9271772Z           Start  718: inline_test_call_like_arg_expr_run_opt
2026-09-15T21:59:33.6510405Z  705/2248 Test  #718: inline_test_call_like_arg_expr_run_opt .......................   Passed    0.72 sec
2026-09-15T21:59:33.6515991Z           Start  719: inline_test_short_circuit_expr_run_noopt
2026-09-15T21:59:34.3462049Z  706/2248 Test  #719: inline_test_short_circuit_expr_run_noopt .....................   Passed    0.69 sec
2026-09-15T21:59:34.3466719Z           Start  720: inline_test_short_circuit_expr_run_opt
2026-09-15T21:59:35.1023959Z  707/2248 Test  #720: inline_test_short_circuit_expr_run_opt .......................   Passed    0.76 sec
2026-09-15T21:59:35.1028127Z           Start  721: inline_test_composed_expr_contexts_run_noopt
2026-09-15T21:59:35.7801023Z  708/2248 Test  #721: inline_test_composed_expr_contexts_run_noopt .................   Passed    0.68 sec
2026-09-15T21:59:35.7806726Z           Start  722: inline_test_composed_expr_contexts_run_opt
2026-09-15T21:59:36.5103995Z  709/2248 Test  #722: inline_test_composed_expr_contexts_run_opt ...................   Passed    0.73 sec
2026-09-15T21:59:36.5109184Z           Start  723: inline_test_byvalue_arg_reuse_run_noopt
2026-09-15T21:59:37.1939299Z  710/2248 Test  #723: inline_test_byvalue_arg_reuse_run_noopt ......................   Passed    0.68 sec
2026-09-15T21:59:37.1944472Z           Start  724: inline_test_byvalue_arg_reuse_run_opt
2026-09-15T21:59:37.9169291Z  711/2248 Test  #724: inline_test_byvalue_arg_reuse_run_opt ........................   Passed    0.72 sec
2026-09-15T21:59:37.9173375Z           Start  725: inline_test_stateful_assembler_run_noopt
2026-09-15T21:59:38.6084493Z  712/2248 Test  #725: inline_test_stateful_assembler_run_noopt .....................   Passed    0.69 sec
2026-09-15T21:59:38.6088319Z           Start  726: inline_test_stateful_assembler_run_opt
2026-09-15T21:59:39.3458876Z  713/2248 Test  #726: inline_test_stateful_assembler_run_opt .......................   Passed    0.74 sec
2026-09-15T21:59:39.3462591Z           Start  727: assembler_wide_operands_run_noopt
2026-09-15T21:59:40.0242245Z  714/2248 Test  #727: assembler_wide_operands_run_noopt ............................   Passed    0.68 sec
2026-09-15T21:59:40.0246603Z           Start  728: assembler_wide_operands_run_opt
2026-09-15T21:59:40.8012712Z  715/2248 Test  #728: assembler_wide_operands_run_opt ..............................   Passed    0.78 sec
2026-09-15T21:59:40.8016351Z           Start  729: inline_test_condition_contexts_run_noopt
2026-09-15T21:59:41.5064795Z  716/2248 Test  #729: inline_test_condition_contexts_run_noopt .....................   Passed    0.70 sec
2026-09-15T21:59:41.5069931Z           Start  730: inline_test_condition_contexts_run_opt
2026-09-15T21:59:42.2350530Z  717/2248 Test  #730: inline_test_condition_contexts_run_opt .......................   Passed    0.73 sec
2026-09-15T21:59:42.2355702Z           Start  731: inline_test_loop_bound_expr_run_noopt
2026-09-15T21:59:43.0190561Z  718/2248 Test  #731: inline_test_loop_bound_expr_run_noopt ........................   Passed    0.78 sec
2026-09-15T21:59:43.0194878Z           Start  732: inline_test_loop_bound_expr_run_opt
2026-09-15T21:59:43.9063140Z  719/2248 Test  #732: inline_test_loop_bound_expr_run_opt ..........................   Passed    0.89 sec
2026-09-15T21:59:43.9068375Z           Start  733: inline_test_member_receiver_expr_run_noopt
2026-09-15T21:59:44.6665497Z  720/2248 Test  #733: inline_test_member_receiver_expr_run_noopt ...................   Passed    0.76 sec
2026-09-15T21:59:44.6670559Z           Start  734: inline_test_member_receiver_expr_run_opt
2026-09-15T21:59:45.4377843Z  721/2248 Test  #734: inline_test_member_receiver_expr_run_opt .....................   Passed    0.77 sec
2026-09-15T21:59:45.4381511Z           Start  735: inline_test_named_factory_selector_run_noopt
2026-09-15T21:59:46.2453275Z  722/2248 Test  #735: inline_test_named_factory_selector_run_noopt .................   Passed    0.81 sec
2026-09-15T21:59:46.2458196Z           Start  736: inline_test_named_factory_selector_run_opt
2026-09-15T21:59:47.1166688Z  723/2248 Test  #736: inline_test_named_factory_selector_run_opt ...................   Passed    0.87 sec
2026-09-15T21:59:47.1172052Z           Start  737: inline_test_factory_arg_scope_run_noopt
2026-09-15T21:59:47.8006746Z  724/2248 Test  #737: inline_test_factory_arg_scope_run_noopt ......................   Passed    0.68 sec
2026-09-15T21:59:47.8010841Z           Start  738: inline_test_factory_arg_scope_run_opt
2026-09-15T21:59:48.5463868Z  725/2248 Test  #738: inline_test_factory_arg_scope_run_opt ........................   Passed    0.74 sec
2026-09-15T21:59:48.5468252Z           Start  739: san003_inline_scoped_array_actual_run_noopt
2026-09-15T21:59:49.2597868Z  726/2248 Test  #739: san003_inline_scoped_array_actual_run_noopt ..................   Passed    0.71 sec
2026-09-15T21:59:49.2602863Z           Start  740: san003_inline_scoped_array_actual_run_opt
2026-09-15T21:59:49.9891326Z  727/2248 Test  #740: san003_inline_scoped_array_actual_run_opt ....................   Passed    0.73 sec
2026-09-15T21:59:49.9895612Z           Start  741: san003_inline_scoped_array_actual_compile
2026-09-15T21:59:50.5380163Z  728/2248 Test  #741: san003_inline_scoped_array_actual_compile ....................   Passed    0.55 sec
2026-09-15T21:59:50.5386232Z           Start  742: san004_task_pending_object_result_compile
2026-09-15T21:59:51.0809180Z  729/2248 Test  #742: san004_task_pending_object_result_compile ....................   Passed    0.54 sec
2026-09-15T21:59:51.0815212Z           Start  743: san006_import_context_lifetime
2026-09-15T21:59:51.2412936Z  730/2248 Test  #743: san006_import_context_lifetime ...............................   Passed    0.16 sec
2026-09-15T21:59:51.2417487Z           Start  744: san007_imported_inline_payload_lifetime
2026-09-15T21:59:52.4895207Z  731/2248 Test  #744: san007_imported_inline_payload_lifetime ......................   Passed    1.25 sec
2026-09-15T21:59:52.4900287Z           Start  745: inline_test_computed_receiver_copyback_run_noopt
2026-09-15T21:59:53.1256531Z  732/2248 Test  #745: inline_test_computed_receiver_copyback_run_noopt .............   Passed    0.64 sec
2026-09-15T21:59:53.1261401Z           Start  746: inline_test_computed_receiver_copyback_run_opt
2026-09-15T21:59:53.7846895Z  733/2248 Test  #746: inline_test_computed_receiver_copyback_run_opt ...............   Passed    0.66 sec
2026-09-15T21:59:53.7850603Z           Start  747: call_postfix_surface_run_noopt
2026-09-15T21:59:54.3873741Z  734/2248 Test  #747: call_postfix_surface_run_noopt ...............................   Passed    0.60 sec
2026-09-15T21:59:54.3879085Z           Start  748: call_postfix_surface_run_opt
2026-09-15T21:59:55.0527100Z  735/2248 Test  #748: call_postfix_surface_run_opt .................................   Passed    0.66 sec
2026-09-15T21:59:55.0532407Z           Start  749: inline_test_loop_bound_early_return_cleanup_run_noopt
2026-09-15T21:59:55.6663606Z  736/2248 Test  #749: inline_test_loop_bound_early_return_cleanup_run_noopt ........   Passed    0.61 sec
2026-09-15T21:59:55.6669059Z           Start  750: inline_test_loop_bound_early_return_cleanup_run_opt
2026-09-15T21:59:56.3383431Z  737/2248 Test  #750: inline_test_loop_bound_early_return_cleanup_run_opt ..........   Passed    0.67 sec
2026-09-15T21:59:56.3387138Z           Start  751: structured_exit_crossed_loop_cleanup_run_noopt
2026-09-15T21:59:57.0055432Z  738/2248 Test  #751: structured_exit_crossed_loop_cleanup_run_noopt ...............   Passed    0.67 sec
2026-09-15T21:59:57.0059238Z           Start  752: structured_exit_crossed_loop_cleanup_run_opt
2026-09-15T21:59:57.6710490Z  739/2248 Test  #752: structured_exit_crossed_loop_cleanup_run_opt .................   Passed    0.66 sec
2026-09-15T21:59:57.6714117Z           Start  753: signal_crossed_loop_cleanup_run_noopt
2026-09-15T21:59:58.2768920Z  740/2248 Test  #753: signal_crossed_loop_cleanup_run_noopt ........................   Passed    0.61 sec
2026-09-15T21:59:58.2774399Z           Start  754: signal_crossed_loop_cleanup_run_opt
2026-09-15T21:59:58.9475107Z  741/2248 Test  #754: signal_crossed_loop_cleanup_run_opt ..........................   Passed    0.67 sec
2026-09-15T21:59:58.9478433Z           Start  755: signal_nested_handler_unwind_run_noopt
2026-09-15T21:59:59.5540511Z  742/2248 Test  #755: signal_nested_handler_unwind_run_noopt .......................   Passed    0.61 sec
2026-09-15T21:59:59.5545757Z           Start  756: signal_nested_handler_unwind_run_opt
2026-09-15T22:00:00.2151946Z  743/2248 Test  #756: signal_nested_handler_unwind_run_opt .........................   Passed    0.66 sec
2026-09-15T22:00:00.2156480Z           Start  757: inline_test_mutating_method_scalar_attr_return_run_noopt
2026-09-15T22:00:00.8443018Z  744/2248 Test  #757: inline_test_mutating_method_scalar_attr_return_run_noopt .....   Passed    0.63 sec
2026-09-15T22:00:00.8447610Z           Start  758: inline_test_mutating_method_scalar_attr_return_run_opt
2026-09-15T22:00:01.5304372Z  745/2248 Test  #758: inline_test_mutating_method_scalar_attr_return_run_opt .......   Passed    0.69 sec
2026-09-15T22:00:01.5309894Z           Start  760: flow_copy_fixed_point_inline_result_run_noopt
2026-09-15T22:00:02.1552538Z  746/2248 Test  #760: flow_copy_fixed_point_inline_result_run_noopt ................   Passed    0.62 sec
2026-09-15T22:00:02.1557176Z           Start  761: flow_copy_fixed_point_inline_result_run_opt
2026-09-15T22:00:02.8469121Z  747/2248 Test  #761: flow_copy_fixed_point_inline_result_run_opt ..................   Passed    0.69 sec
2026-09-15T22:00:02.8473091Z           Start  763: inline_test_ref_opt_run_noopt
2026-09-15T22:00:03.4488829Z  748/2248 Test  #763: inline_test_ref_opt_run_noopt ................................   Passed    0.60 sec
2026-09-15T22:00:03.4493860Z           Start  764: inline_test_ref_opt_run_opt
2026-09-15T22:00:04.1502921Z  749/2248 Test  #764: inline_test_ref_opt_run_opt ..................................   Passed    0.70 sec
2026-09-15T22:00:04.1506527Z           Start  765: inline_test_ref_indexed_run_noopt
2026-09-15T22:00:04.7551675Z  750/2248 Test  #765: inline_test_ref_indexed_run_noopt ............................   Passed    0.60 sec
2026-09-15T22:00:04.7556822Z           Start  766: inline_test_ref_indexed_run_opt
2026-09-15T22:00:05.4446034Z  751/2248 Test  #766: inline_test_ref_indexed_run_opt ..............................   Passed    0.69 sec
2026-09-15T22:00:05.4451237Z           Start  767: inline_test_ref_stem_run_noopt
2026-09-15T22:00:06.0787492Z  752/2248 Test  #767: inline_test_ref_stem_run_noopt ...............................   Passed    0.63 sec
2026-09-15T22:00:06.0791881Z           Start  768: inline_test_ref_stem_run_opt
2026-09-15T22:00:06.8011345Z  753/2248 Test  #768: inline_test_ref_stem_run_opt .................................   Passed    0.72 sec
2026-09-15T22:00:06.8015748Z           Start  769: inline_test_ref_computed_run_noopt
2026-09-15T22:00:07.4123114Z  754/2248 Test  #769: inline_test_ref_computed_run_noopt ...........................   Passed    0.61 sec
2026-09-15T22:00:07.4127292Z           Start  770: inline_test_ref_computed_run_opt
2026-09-15T22:00:08.1055756Z  755/2248 Test  #770: inline_test_ref_computed_run_opt .............................   Passed    0.69 sec
2026-09-15T22:00:08.1061026Z           Start  771: inline_test_ref_vararg_run_noopt
2026-09-15T22:00:08.7221874Z  756/2248 Test  #771: inline_test_ref_vararg_run_noopt .............................   Passed    0.62 sec
2026-09-15T22:00:08.7226725Z           Start  772: inline_test_ref_vararg_run_opt
2026-09-15T22:00:09.3815043Z  757/2248 Test  #772: inline_test_ref_vararg_run_opt ...............................   Passed    0.66 sec
2026-09-15T22:00:09.3819517Z           Start  773: inline_test_ref_vararg_runtime_run_noopt
2026-09-15T22:00:09.9843544Z  758/2248 Test  #773: inline_test_ref_vararg_runtime_run_noopt .....................   Passed    0.60 sec
2026-09-15T22:00:09.9848611Z           Start  774: inline_test_ref_vararg_runtime_run_opt
2026-09-15T22:00:10.6542521Z  759/2248 Test  #774: inline_test_ref_vararg_runtime_run_opt .......................   Passed    0.67 sec
2026-09-15T22:00:10.6547937Z           Start  775: inline_test_ref_negative_run_noopt
2026-09-15T22:00:11.2707104Z  760/2248 Test  #775: inline_test_ref_negative_run_noopt ...........................   Passed    0.62 sec
2026-09-15T22:00:11.2712925Z           Start  776: inline_test_ref_negative_run_opt
2026-09-15T22:00:11.9808187Z  761/2248 Test  #776: inline_test_ref_negative_run_opt .............................   Passed    0.71 sec
2026-09-15T22:00:11.9813946Z           Start  777: inline_test_bool_expr_negative_run_noopt
2026-09-15T22:00:12.6017623Z  762/2248 Test  #777: inline_test_bool_expr_negative_run_noopt .....................   Passed    0.62 sec
2026-09-15T22:00:12.6022954Z           Start  778: inline_test_bool_expr_negative_run_opt
2026-09-15T22:00:13.2681461Z  763/2248 Test  #778: inline_test_bool_expr_negative_run_opt .......................   Passed    0.67 sec
2026-09-15T22:00:13.2685210Z           Start  779: inline_test_vararg_run_noopt
2026-09-15T22:00:13.8963850Z  764/2248 Test  #779: inline_test_vararg_run_noopt .................................   Passed    0.63 sec
2026-09-15T22:00:13.8968065Z           Start  780: inline_test_vararg_run_opt
2026-09-15T22:00:14.5760329Z  765/2248 Test  #780: inline_test_vararg_run_opt ...................................   Passed    0.68 sec
2026-09-15T22:00:14.5765828Z           Start  781: inline_test_vararg_dynamic_run_noopt
2026-09-15T22:00:15.2087219Z  766/2248 Test  #781: inline_test_vararg_dynamic_run_noopt .........................   Passed    0.63 sec
2026-09-15T22:00:15.2091649Z           Start  782: inline_test_vararg_dynamic_run_opt
2026-09-15T22:00:15.8946174Z  767/2248 Test  #654: structured_exit_debug_run ....................................   Passed   90.17 sec
2026-09-15T22:00:15.8952369Z           Start  783: inline_test_vararg_dynamic_loop_run_noopt
2026-09-15T22:00:15.9157783Z  768/2248 Test  #782: inline_test_vararg_dynamic_run_opt ...........................   Passed    0.71 sec
2026-09-15T22:00:15.9162538Z           Start  784: inline_test_vararg_dynamic_loop_run_opt
2026-09-15T22:00:16.5162286Z  769/2248 Test  #783: inline_test_vararg_dynamic_loop_run_noopt ....................   Passed    0.62 sec
2026-09-15T22:00:16.5167767Z           Start  785: inline_test_vararg_negative_run_noopt
2026-09-15T22:00:16.6026616Z  770/2248 Test  #784: inline_test_vararg_dynamic_loop_run_opt ......................   Passed    0.69 sec
2026-09-15T22:00:16.6031816Z           Start  786: inline_test_vararg_negative_run_opt
2026-09-15T22:00:17.1432866Z  771/2248 Test  #785: inline_test_vararg_negative_run_noopt ........................   Passed    0.63 sec
2026-09-15T22:00:17.1437758Z           Start  787: issue_680_vararg_call_argument_run_noopt
2026-09-15T22:00:17.2773743Z  772/2248 Test  #786: inline_test_vararg_negative_run_opt ..........................   Passed    0.67 sec
2026-09-15T22:00:17.2777770Z           Start  788: issue_680_vararg_call_argument_run_opt
2026-09-15T22:00:17.7774142Z  773/2248 Test  #787: issue_680_vararg_call_argument_run_noopt .....................   Passed    0.63 sec
2026-09-15T22:00:17.7779705Z           Start  789: inline_test_exposed_nested_call_run_noopt
2026-09-15T22:00:17.9559277Z  774/2248 Test  #788: issue_680_vararg_call_argument_run_opt .......................   Passed    0.68 sec
2026-09-15T22:00:17.9564520Z           Start  790: inline_test_exposed_nested_call_run_opt
2026-09-15T22:00:18.4659777Z  775/2248 Test  #789: inline_test_exposed_nested_call_run_noopt ....................   Passed    0.69 sec
2026-09-15T22:00:18.4664177Z           Start  791: inline_test_nested_scope_do_run_noopt
2026-09-15T22:00:18.6602226Z  776/2248 Test  #790: inline_test_exposed_nested_call_run_opt ......................   Passed    0.70 sec
2026-09-15T22:00:18.6606134Z           Start  792: inline_test_nested_scope_do_run_opt
2026-09-15T22:00:19.1336049Z  777/2248 Test  #791: inline_test_nested_scope_do_run_noopt ........................   Passed    0.67 sec
2026-09-15T22:00:19.1340879Z           Start  793: inline_test_nested_scope_if_do_run_noopt
2026-09-15T22:00:19.3724768Z  778/2248 Test  #792: inline_test_nested_scope_do_run_opt ..........................   Passed    0.71 sec
2026-09-15T22:00:19.3728514Z           Start  794: inline_test_nested_scope_if_do_run_opt
2026-09-15T22:00:19.7607933Z  779/2248 Test  #793: inline_test_nested_scope_if_do_run_noopt .....................   Passed    0.63 sec
2026-09-15T22:00:19.7613499Z           Start  795: inline_test_nested_scope_exposed_call_run_noopt
2026-09-15T22:00:20.0366495Z  780/2248 Test  #794: inline_test_nested_scope_if_do_run_opt .......................   Passed    0.66 sec
2026-09-15T22:00:20.0370518Z           Start  796: inline_test_nested_scope_exposed_call_run_opt
2026-09-15T22:00:20.3951971Z  781/2248 Test  #795: inline_test_nested_scope_exposed_call_run_noopt ..............   Passed    0.63 sec
2026-09-15T22:00:20.3957192Z           Start  797: inline_test_multi_return_assign_run_noopt
2026-09-15T22:00:20.7233179Z  782/2248 Test  #796: inline_test_nested_scope_exposed_call_run_opt ................   Passed    0.69 sec
2026-09-15T22:00:20.7237289Z           Start  798: inline_test_multi_return_assign_run_opt
2026-09-15T22:00:21.0388675Z  783/2248 Test  #797: inline_test_multi_return_assign_run_noopt ....................   Passed    0.64 sec
2026-09-15T22:00:21.0393685Z           Start  799: inline_test_multi_return_expr_run_noopt
2026-09-15T22:00:21.3932765Z  784/2248 Test  #798: inline_test_multi_return_assign_run_opt ......................   Passed    0.67 sec
2026-09-15T22:00:21.3937337Z           Start  800: inline_test_multi_return_expr_run_opt
2026-09-15T22:00:21.6775309Z  785/2248 Test  #799: inline_test_multi_return_expr_run_noopt ......................   Passed    0.64 sec
2026-09-15T22:00:21.6780455Z           Start  801: inline_test_multi_return_call_run_noopt
2026-09-15T22:00:22.0774456Z  786/2248 Test  #800: inline_test_multi_return_expr_run_opt ........................   Passed    0.68 sec
2026-09-15T22:00:22.0779349Z           Start  802: inline_test_multi_return_call_run_opt
2026-09-15T22:00:22.3034869Z  787/2248 Test  #801: inline_test_multi_return_call_run_noopt ......................   Passed    0.62 sec
2026-09-15T22:00:22.3039209Z           Start  803: inline_test_void_fallthrough_call_run_noopt
2026-09-15T22:00:22.7461355Z  788/2248 Test  #802: inline_test_multi_return_call_run_opt ........................   Passed    0.67 sec
2026-09-15T22:00:22.7465594Z           Start  804: inline_test_void_fallthrough_call_run_opt
2026-09-15T22:00:22.9310108Z  789/2248 Test  #803: inline_test_void_fallthrough_call_run_noopt ..................   Passed    0.63 sec
2026-09-15T22:00:22.9316056Z           Start  805: inline_test_array_return_assign_run_noopt
2026-09-15T22:00:23.4316998Z  790/2248 Test  #804: inline_test_void_fallthrough_call_run_opt ....................   Passed    0.68 sec
2026-09-15T22:00:23.4321597Z           Start  806: inline_test_array_return_assign_run_opt
2026-09-15T22:00:23.5883627Z  791/2248 Test  #805: inline_test_array_return_assign_run_noopt ....................   Passed    0.66 sec
2026-09-15T22:00:23.5888327Z           Start  807: inline_test_array_return_expr_run_noopt
2026-09-15T22:00:24.1068685Z  792/2248 Test  #806: inline_test_array_return_assign_run_opt ......................   Passed    0.67 sec
2026-09-15T22:00:24.1073530Z           Start  808: inline_test_array_return_expr_run_opt
2026-09-15T22:00:24.2196300Z  793/2248 Test  #807: inline_test_array_return_expr_run_noopt ......................   Passed    0.63 sec
2026-09-15T22:00:24.2201226Z           Start  809: inline_test_array_multi_return_expr_run_noopt
2026-09-15T22:00:24.7946424Z  794/2248 Test  #808: inline_test_array_return_expr_run_opt ........................   Passed    0.69 sec
2026-09-15T22:00:24.7952167Z           Start  810: inline_test_array_multi_return_expr_run_opt
2026-09-15T22:00:24.8420323Z  795/2248 Test  #809: inline_test_array_multi_return_expr_run_noopt ................   Passed    0.62 sec
2026-09-15T22:00:24.8426212Z           Start  811: inline_test_array_multi_return_assign_run_noopt
2026-09-15T22:00:25.4585385Z  796/2248 Test  #811: inline_test_array_multi_return_assign_run_noopt ..............   Passed    0.62 sec
2026-09-15T22:00:25.4589588Z           Start  812: inline_test_array_multi_return_assign_run_opt
2026-09-15T22:00:25.4773334Z  797/2248 Test  #810: inline_test_array_multi_return_expr_run_opt ..................   Passed    0.68 sec
2026-09-15T22:00:25.4777591Z           Start  813: inline_test_object_return_assign_run_noopt
2026-09-15T22:00:26.1147581Z  798/2248 Test  #813: inline_test_object_return_assign_run_noopt ...................   Passed    0.64 sec
2026-09-15T22:00:26.1152019Z           Start  814: inline_test_object_return_assign_run_opt
2026-09-15T22:00:26.1599399Z  799/2248 Test  #812: inline_test_array_multi_return_assign_run_opt ................   Passed    0.70 sec
2026-09-15T22:00:26.1604527Z           Start  815: inline_test_object_return_expr_run_noopt
2026-09-15T22:00:26.7823906Z  800/2248 Test  #815: inline_test_object_return_expr_run_noopt .....................   Passed    0.62 sec
2026-09-15T22:00:26.7828949Z           Start  816: inline_test_object_return_expr_run_opt
2026-09-15T22:00:26.7938061Z  801/2248 Test  #814: inline_test_object_return_assign_run_opt .....................   Passed    0.68 sec
2026-09-15T22:00:26.7940236Z           Start  817: inline_test_object_const_arg_mutation_run_noopt
2026-09-15T22:00:27.4374863Z  802/2248 Test  #817: inline_test_object_const_arg_mutation_run_noopt ..............   Passed    0.64 sec
2026-09-15T22:00:27.4379418Z           Start  818: inline_test_object_const_arg_mutation_run_opt
2026-09-15T22:00:27.4953378Z  803/2248 Test  #816: inline_test_object_return_expr_run_opt .......................   Passed    0.71 sec
2026-09-15T22:00:27.4959967Z           Start  819: inline_test_object_writable_arg_run_noopt
2026-09-15T22:00:28.1004088Z  804/2248 Test  #819: inline_test_object_writable_arg_run_noopt ....................   Passed    0.60 sec
2026-09-15T22:00:28.1008307Z           Start  820: inline_test_object_writable_arg_run_opt
2026-09-15T22:00:28.1129163Z  805/2248 Test  #818: inline_test_object_const_arg_mutation_run_opt ................   Passed    0.67 sec
2026-09-15T22:00:28.1133745Z           Start  821: inline_test_array_expr_arg_run_noopt
2026-09-15T22:00:28.7317487Z  806/2248 Test  #821: inline_test_array_expr_arg_run_noopt .........................   Passed    0.62 sec
2026-09-15T22:00:28.7322977Z           Start  822: inline_test_array_expr_arg_run_opt
2026-09-15T22:00:28.7770764Z  807/2248 Test  #820: inline_test_object_writable_arg_run_opt ......................   Passed    0.68 sec
2026-09-15T22:00:28.7776249Z           Start  823: inline_test_object_expr_arg_run_noopt
2026-09-15T22:00:29.4180368Z  808/2248 Test  #823: inline_test_object_expr_arg_run_noopt ........................   Passed    0.64 sec
2026-09-15T22:00:29.4184845Z           Start  824: inline_test_object_expr_arg_run_opt
2026-09-15T22:00:29.4289618Z  809/2248 Test  #822: inline_test_array_expr_arg_run_opt ...........................   Passed    0.69 sec
2026-09-15T22:00:29.4290656Z           Start  825: inline_test_array_return_temp_run_noopt
2026-09-15T22:00:30.0622223Z  810/2248 Test  #825: inline_test_array_return_temp_run_noopt ......................   Passed    0.64 sec
2026-09-15T22:00:30.0627573Z           Start  826: inline_test_array_return_temp_run_opt
2026-09-15T22:00:30.1150956Z  811/2248 Test  #824: inline_test_object_expr_arg_run_opt ..........................   Passed    0.70 sec
2026-09-15T22:00:30.1154894Z           Start  827: inline_test_block_expr_live_sibling_run_noopt
2026-09-15T22:00:30.7269406Z  812/2248 Test  #826: inline_test_array_return_temp_run_opt ........................   Passed    0.66 sec
2026-09-15T22:00:30.7273941Z           Start  828: inline_test_block_expr_live_sibling_run_opt
2026-09-15T22:00:30.7402380Z  813/2248 Test  #827: inline_test_block_expr_live_sibling_run_noopt ................   Passed    0.62 sec
2026-09-15T22:00:30.7407087Z           Start  829: inline_test_imported_bif_block_expr_lifetime_run_noopt
2026-09-15T22:00:31.3773931Z  814/2248 Test  #829: inline_test_imported_bif_block_expr_lifetime_run_noopt .......   Passed    0.64 sec
2026-09-15T22:00:31.3778080Z           Start  830: inline_test_imported_bif_block_expr_lifetime_run_opt
2026-09-15T22:00:31.4362932Z  815/2248 Test  #828: inline_test_block_expr_live_sibling_run_opt ..................   Passed    0.71 sec
2026-09-15T22:00:31.4369331Z           Start  831: attr_array_call_result_lifetime_run_noopt
2026-09-15T22:00:32.0796910Z  816/2248 Test  #830: inline_test_imported_bif_block_expr_lifetime_run_opt .........   Passed    0.70 sec
2026-09-15T22:00:32.0802804Z           Start  832: attr_array_call_result_lifetime_run_opt
2026-09-15T22:00:32.0826199Z  817/2248 Test  #831: attr_array_call_result_lifetime_run_noopt ....................   Passed    0.65 sec
2026-09-15T22:00:32.0831034Z           Start  833: deferred_register_outer_if_lifetime_run_noopt
2026-09-15T22:00:32.8957218Z  818/2248 Test  #833: deferred_register_outer_if_lifetime_run_noopt ................   Passed    0.81 sec
2026-09-15T22:00:32.8961120Z           Start  834: deferred_register_outer_if_lifetime_run_opt
2026-09-15T22:00:32.9247943Z  819/2248 Test  #832: attr_array_call_result_lifetime_run_opt ......................   Passed    0.84 sec
2026-09-15T22:00:32.9253505Z           Start  835: short_circuit_linked_left_run_noopt
2026-09-15T22:00:33.7134267Z  820/2248 Test  #834: deferred_register_outer_if_lifetime_run_opt ..................   Passed    0.82 sec
2026-09-15T22:00:33.7139775Z           Start  836: short_circuit_linked_left_run_opt
2026-09-15T22:00:33.7467541Z  821/2248 Test  #835: short_circuit_linked_left_run_noopt ..........................   Passed    0.82 sec
2026-09-15T22:00:33.7473700Z           Start  837: inline_indexed_attr_factory_lifetime_run_noopt
2026-09-15T22:00:34.5359934Z  822/2248 Test  #837: inline_indexed_attr_factory_lifetime_run_noopt ...............   Passed    0.79 sec
2026-09-15T22:00:34.5365852Z           Start  838: inline_indexed_attr_factory_lifetime_run_opt
2026-09-15T22:00:34.5591122Z  823/2248 Test  #836: short_circuit_linked_left_run_opt ............................   Passed    0.84 sec
2026-09-15T22:00:34.5596562Z           Start  839: inline_indexed_attr_factory_lifetime_shape
2026-09-15T22:00:35.2596986Z  824/2248 Test  #839: inline_indexed_attr_factory_lifetime_shape ...................   Passed    0.70 sec
2026-09-15T22:00:35.2602818Z           Start  840: inline_test_complex_lhs_assign_run_noopt
2026-09-15T22:00:35.3884425Z  825/2248 Test  #838: inline_indexed_attr_factory_lifetime_run_opt .................   Passed    0.85 sec
2026-09-15T22:00:35.3889412Z           Start  841: inline_test_complex_lhs_assign_run_opt
2026-09-15T22:00:36.0297686Z  826/2248 Test  #840: inline_test_complex_lhs_assign_run_noopt .....................   Passed    0.77 sec
2026-09-15T22:00:36.0303112Z           Start  842: inline_test_binary_arg_return_run_noopt
2026-09-15T22:00:36.2185483Z  827/2248 Test  #841: inline_test_complex_lhs_assign_run_opt .......................   Passed    0.83 sec
2026-09-15T22:00:36.2190609Z           Start  843: inline_test_binary_arg_return_run_opt
2026-09-15T22:00:36.8602630Z  828/2248 Test  #842: inline_test_binary_arg_return_run_noopt ......................   Passed    0.83 sec
2026-09-15T22:00:36.8607797Z           Start  844: inline_binary_formal_string_conversion_run_args_noopt
2026-09-15T22:00:37.0148231Z  829/2248 Test  #843: inline_test_binary_arg_return_run_opt ........................   Passed    0.80 sec
2026-09-15T22:00:37.0153502Z           Start  845: inline_binary_formal_string_conversion_run_args_opt
2026-09-15T22:00:37.6704753Z  830/2248 Test  #844: inline_binary_formal_string_conversion_run_args_noopt ........   Passed    0.81 sec
2026-09-15T22:00:37.6709476Z           Start  846: inline_binary_formal_string_conversion_shape
2026-09-15T22:00:37.9462960Z  831/2248 Test  #845: inline_binary_formal_string_conversion_run_args_opt ..........   Passed    0.93 sec
2026-09-15T22:00:37.9468015Z           Start  847: inline_test_binary_class_attr_assign_run_noopt
2026-09-15T22:00:38.3965743Z  832/2248 Test  #846: inline_binary_formal_string_conversion_shape .................   Passed    0.73 sec
2026-09-15T22:00:38.3970430Z           Start  848: inline_test_binary_class_attr_assign_run_opt
2026-09-15T22:00:38.7200830Z  833/2248 Test  #847: inline_test_binary_class_attr_assign_run_noopt ...............   Passed    0.77 sec
2026-09-15T22:00:38.7205441Z           Start  849: inline_test_binary_class_attr_assign_shape
2026-09-15T22:00:39.2699947Z  834/2248 Test  #848: inline_test_binary_class_attr_assign_run_opt .................   Passed    0.87 sec
2026-09-15T22:00:39.2704945Z           Start  850: gate_f_signal_names_run_noopt
2026-09-15T22:00:39.4274849Z  835/2248 Test  #849: inline_test_binary_class_attr_assign_shape ...................   Passed    0.71 sec
2026-09-15T22:00:39.4278739Z           Start  851: gate_f_signal_names_run_opt
2026-09-15T22:00:40.0304152Z  836/2248 Test  #850: gate_f_signal_names_run_noopt ................................   Passed    0.76 sec
2026-09-15T22:00:40.0308174Z           Start  852: inline_test_class_methods_run_noopt
2026-09-15T22:00:40.2078558Z  837/2248 Test  #851: gate_f_signal_names_run_opt ..................................   Passed    0.78 sec
2026-09-15T22:00:40.2083373Z           Start  853: inline_test_class_methods_run_opt
2026-09-15T22:00:40.8027227Z  838/2248 Test  #852: inline_test_class_methods_run_noopt ..........................   Passed    0.77 sec
2026-09-15T22:00:40.8047057Z           Start  854: test_simple_do_subscope_run_noopt
2026-09-15T22:00:41.0270825Z  839/2248 Test  #853: inline_test_class_methods_run_opt ............................   Passed    0.82 sec
2026-09-15T22:00:41.0275762Z           Start  855: test_simple_do_subscope_run_opt
2026-09-15T22:00:41.6473513Z  840/2248 Test  #854: test_simple_do_subscope_run_noopt ............................   Passed    0.84 sec
2026-09-15T22:00:41.6478895Z           Start  856: test_if_do_subscope_run_noopt
2026-09-15T22:00:41.9016878Z  841/2248 Test  #855: test_simple_do_subscope_run_opt ..............................   Passed    0.87 sec
2026-09-15T22:00:41.9018127Z           Start  857: test_if_do_subscope_run_opt
2026-09-15T22:00:42.4168958Z  842/2248 Test  #856: test_if_do_subscope_run_noopt ................................   Passed    0.77 sec
2026-09-15T22:00:42.4174891Z           Start  858: test_iterative_do_subscope_run_noopt
2026-09-15T22:00:42.7162259Z  843/2248 Test  #857: test_if_do_subscope_run_opt ..................................   Passed    0.81 sec
2026-09-15T22:00:42.7166760Z           Start  859: test_iterative_do_subscope_run_opt
2026-09-15T22:00:43.1898897Z  844/2248 Test  #858: test_iterative_do_subscope_run_noopt .........................   Passed    0.77 sec
2026-09-15T22:00:43.1904328Z           Start  860: test_if_no_subscope_run_noopt
2026-09-15T22:00:43.4877525Z  845/2248 Test  #859: test_iterative_do_subscope_run_opt ...........................   Passed    0.77 sec
2026-09-15T22:00:43.4882604Z           Start  861: test_if_no_subscope_run_opt
2026-09-15T22:00:43.9908352Z  846/2248 Test  #860: test_if_no_subscope_run_noopt ................................   Passed    0.80 sec
2026-09-15T22:00:43.9914296Z           Start  862: test_untyped_subscopes_run_noopt
2026-09-15T22:00:44.3649538Z  847/2248 Test  #861: test_if_no_subscope_run_opt ..................................   Passed    0.88 sec
2026-09-15T22:00:44.3653978Z           Start  863: test_untyped_subscopes_run_opt
2026-09-15T22:00:44.7610179Z  848/2248 Test  #862: test_untyped_subscopes_run_noopt .............................   Passed    0.77 sec
2026-09-15T22:00:44.7616476Z           Start  864: test_untyped_subscope_2_run_noopt
2026-09-15T22:00:45.1302209Z  849/2248 Test  #863: test_untyped_subscopes_run_opt ...............................   Passed    0.76 sec
2026-09-15T22:00:45.1306709Z           Start  865: test_untyped_subscope_2_run_opt
2026-09-15T22:00:45.5149404Z  850/2248 Test  #864: test_untyped_subscope_2_run_noopt ............................   Passed    0.75 sec
2026-09-15T22:00:45.5154989Z           Start  866: test_if_else_nested_subscopes_run_noopt
2026-09-15T22:00:45.9214779Z  851/2248 Test  #865: test_untyped_subscope_2_run_opt ..............................   Passed    0.79 sec
2026-09-15T22:00:45.9217800Z           Start  867: test_if_else_nested_subscopes_run_opt
2026-09-15T22:00:46.3359449Z  852/2248 Test  #866: test_if_else_nested_subscopes_run_noopt ......................   Passed    0.82 sec
2026-09-15T22:00:46.3365090Z           Start  868: test_sub_sub_scopes_run_noopt
2026-09-15T22:00:46.6835709Z  853/2248 Test  #867: test_if_else_nested_subscopes_run_opt ........................   Passed    0.76 sec
2026-09-15T22:00:46.6839861Z           Start  869: test_sub_sub_scopes_run_opt
2026-09-15T22:00:47.1507864Z  854/2248 Test  #868: test_sub_sub_scopes_run_noopt ................................   Passed    0.81 sec
2026-09-15T22:00:47.1512205Z           Start  870: test_sub_sub_scopes_untyped_run_noopt
2026-09-15T22:00:47.4940693Z  855/2248 Test  #869: test_sub_sub_scopes_run_opt ..................................   Passed    0.81 sec
2026-09-15T22:00:47.4945954Z           Start  871: test_sub_sub_scopes_untyped_run_opt
2026-09-15T22:00:47.9916706Z  856/2248 Test  #870: test_sub_sub_scopes_untyped_run_noopt ........................   Passed    0.84 sec
2026-09-15T22:00:47.9922393Z           Start  872: test_global_nested_complex_run_noopt
2026-09-15T22:00:48.3545160Z  857/2248 Test  #871: test_sub_sub_scopes_untyped_run_opt ..........................   Passed    0.86 sec
2026-09-15T22:00:48.3549643Z           Start  873: test_global_nested_complex_run_opt
2026-09-15T22:00:48.7492989Z  858/2248 Test  #872: test_global_nested_complex_run_noopt .........................   Passed    0.76 sec
2026-09-15T22:00:48.7497660Z           Start  874: test_function_shadowing_run_noopt
2026-09-15T22:00:49.2212634Z  859/2248 Test  #873: test_global_nested_complex_run_opt ...........................   Passed    0.87 sec
2026-09-15T22:00:49.2216660Z           Start  875: test_function_shadowing_run_opt
2026-09-15T22:00:49.5482702Z  860/2248 Test  #874: test_function_shadowing_run_noopt ............................   Passed    0.80 sec
2026-09-15T22:00:49.5488422Z           Start  876: test_disjoint_detailed_run_noopt
2026-09-15T22:00:50.0584437Z  861/2248 Test  #875: test_function_shadowing_run_opt ..............................   Passed    0.84 sec
2026-09-15T22:00:50.0589436Z           Start  877: test_disjoint_detailed_run_opt
2026-09-15T22:00:50.3693972Z  862/2248 Test  #876: test_disjoint_detailed_run_noopt .............................   Passed    0.82 sec
2026-09-15T22:00:50.3698943Z           Start  878: test_disjoint_detailed_warn
2026-09-15T22:00:50.9248230Z  863/2248 Test  #877: test_disjoint_detailed_run_opt ...............................   Passed    0.87 sec
2026-09-15T22:00:50.9253294Z           Start  879: cri18_scope_warning
2026-09-15T22:00:51.0956997Z  864/2248 Test  #878: test_disjoint_detailed_warn ..................................   Passed    0.73 sec
2026-09-15T22:00:51.0960880Z           Start  880: cri18_exit_scratch_warning
2026-09-15T22:00:52.0360805Z  865/2248 Test  #880: cri18_exit_scratch_warning ...................................   Passed    0.94 sec
2026-09-15T22:00:52.0367396Z           Start  881: expr_abut_01_parse
2026-09-15T22:00:52.7402916Z  866/2248 Test  #881: expr_abut_01_parse ...........................................   Passed    0.70 sec
2026-09-15T22:00:52.7408018Z           Start  882: expr_abut_02_parse
2026-09-15T22:00:53.4352704Z  867/2248 Test  #882: expr_abut_02_parse ...........................................   Passed    0.69 sec
2026-09-15T22:00:53.4357516Z           Start  883: expr_abut_03_parse
2026-09-15T22:00:54.1533800Z  868/2248 Test  #883: expr_abut_03_parse ...........................................   Passed    0.72 sec
2026-09-15T22:00:54.1537295Z           Start  884: expr_abut_04_parse
2026-09-15T22:00:54.8473382Z  869/2248 Test  #884: expr_abut_04_parse ...........................................   Passed    0.69 sec
2026-09-15T22:00:54.8478587Z           Start  885: expr_ambig_01_parse
2026-09-15T22:00:54.9264803Z  870/2248 Test  #879: cri18_scope_warning ..........................................   Passed    4.00 sec
2026-09-15T22:00:54.9270476Z           Start  886: expr_ambig_02_parse
2026-09-15T22:00:55.4810493Z  871/2248 Test  #885: expr_ambig_01_parse ..........................................   Passed    0.63 sec
2026-09-15T22:00:55.4815564Z           Start  887: expr_ambig_03_parse
2026-09-15T22:00:55.5712157Z  872/2248 Test  #886: expr_ambig_02_parse ..........................................   Passed    0.64 sec
2026-09-15T22:00:55.5716578Z           Start  888: binary_intrinsics_parse_parse
2026-09-15T22:00:56.1861969Z  873/2248 Test  #887: expr_ambig_03_parse ..........................................   Passed    0.70 sec
2026-09-15T22:00:56.1868794Z           Start  889: err_struct_01_parse
2026-09-15T22:00:56.2707236Z  874/2248 Test  #889: err_struct_01_parse ..........................................   Passed    0.08 sec
2026-09-15T22:00:56.2711470Z           Start  890: err_struct_02_parse
2026-09-15T22:00:56.3300105Z  875/2248 Test  #888: binary_intrinsics_parse_parse ................................   Passed    0.76 sec
2026-09-15T22:00:56.3305393Z           Start  891: err_struct_03_parse
2026-09-15T22:00:56.3559659Z  876/2248 Test  #890: err_struct_02_parse ..........................................   Passed    0.08 sec
2026-09-15T22:00:56.3564280Z           Start  892: err_namespace_class_anchor_parse
2026-09-15T22:00:56.4138831Z  877/2248 Test  #891: err_struct_03_parse ..........................................   Passed    0.08 sec
2026-09-15T22:00:56.4143125Z           Start  893: address_exit_extended_parse
2026-09-15T22:00:56.4470997Z  878/2248 Test  #892: err_namespace_class_anchor_parse .............................   Passed    0.09 sec
2026-09-15T22:00:56.4475671Z           Start  894: address_inline_then_parse
2026-09-15T22:00:57.1993479Z  879/2248 Test  #894: address_inline_then_parse ....................................   Passed    0.75 sec
2026-09-15T22:00:57.1998162Z           Start  895: do_simple_parse_parse
2026-09-15T22:00:57.2029476Z  880/2248 Test  #893: address_exit_extended_parse ..................................   Passed    0.79 sec
2026-09-15T22:00:57.2033089Z           Start  896: do_counted_parse_parse
2026-09-15T22:00:57.8586882Z  881/2248 Test  #896: do_counted_parse_parse .......................................   Passed    0.65 sec
2026-09-15T22:00:57.8592065Z           Start  897: do_while_parse_parse
2026-09-15T22:00:57.9128227Z  882/2248 Test  #895: do_simple_parse_parse ........................................   Passed    0.71 sec
2026-09-15T22:00:57.9133034Z           Start  898: do_until_parse_parse
2026-09-15T22:00:58.6003025Z  883/2248 Test  #897: do_while_parse_parse .........................................   Passed    0.74 sec
2026-09-15T22:00:58.6008037Z           Start  899: block_expr_parse_parse
2026-09-15T22:00:58.6143231Z  884/2248 Test  #898: do_until_parse_parse .........................................   Passed    0.70 sec
2026-09-15T22:00:58.6145695Z           Start  900: select_classic_parse_parse
2026-09-15T22:00:59.3307610Z  885/2248 Test  #899: block_expr_parse_parse .......................................   Passed    0.73 sec
2026-09-15T22:00:59.3312163Z           Start  901: select_c_parse_parse
2026-09-15T22:00:59.3592560Z  886/2248 Test  #900: select_classic_parse_parse ...................................   Passed    0.74 sec
2026-09-15T22:00:59.3597334Z           Start  902: levelc_compile_unsupported
2026-09-15T22:00:59.4732497Z  887/2248 Test  #902: levelc_compile_unsupported ...................................   Passed    0.11 sec
2026-09-15T22:00:59.4738322Z           Start  903: levelc_slice2_procedure_expose_unsupported
2026-09-15T22:00:59.5884764Z  888/2248 Test  #903: levelc_slice2_procedure_expose_unsupported ...................   Passed    0.12 sec
2026-09-15T22:00:59.5890431Z           Start  904: levelc_slice3_unsupported_bif
2026-09-15T22:00:59.7046052Z  889/2248 Test  #904: levelc_slice3_unsupported_bif ................................   Passed    0.12 sec
2026-09-15T22:00:59.7051111Z           Start  905: levelc_slice4_procedure_arg_count_unsupported
2026-09-15T22:00:59.8245152Z  890/2248 Test  #905: levelc_slice4_procedure_arg_count_unsupported ................   Passed    0.12 sec
2026-09-15T22:00:59.8250388Z           Start  906: levelc_slice4_omitted_call_unsupported
2026-09-15T22:00:59.9465590Z  891/2248 Test  #906: levelc_slice4_omitted_call_unsupported .......................   Passed    0.12 sec
2026-09-15T22:00:59.9470330Z           Start  907: levelc_slice5_compound_expose_unsupported
2026-09-15T22:00:59.9498971Z  892/2248 Test  #901: select_c_parse_parse .........................................   Passed    0.62 sec
2026-09-15T22:00:59.9503840Z           Start  908: levelc_slice6_bare_stem_value_unsupported
2026-09-15T22:01:00.0610368Z  893/2248 Test  #907: levelc_slice5_compound_expose_unsupported ....................   Passed    0.11 sec
2026-09-15T22:01:00.0615708Z           Start  909: levelc_slice6_local_function_omitted_arg_unsupported
2026-09-15T22:01:00.0733580Z  894/2248 Test  #908: levelc_slice6_bare_stem_value_unsupported ....................   Passed    0.12 sec
2026-09-15T22:01:00.0736167Z           Start  910: levelc_slice6_procedure_parse_unsupported
2026-09-15T22:01:00.1692505Z  895/2248 Test  #909: levelc_slice6_local_function_omitted_arg_unsupported .........   Passed    0.11 sec
2026-09-15T22:01:00.1697978Z           Start  911: levelc_compile_invalid_if_missing_then
2026-09-15T22:01:00.1741973Z  896/2248 Test  #910: levelc_slice6_procedure_parse_unsupported ....................   Passed    0.10 sec
2026-09-15T22:01:00.1746219Z           Start  912: levelc_compile_invalid_expression_trailing_operator
2026-09-15T22:01:00.2792435Z  897/2248 Test  #911: levelc_compile_invalid_if_missing_then .......................   Passed    0.11 sec
2026-09-15T22:01:00.2797506Z           Start  913: levelc_compile_invalid_do_end_symbol
2026-09-15T22:01:00.2869464Z  898/2248 Test  #912: levelc_compile_invalid_expression_trailing_operator ..........   Passed    0.11 sec
2026-09-15T22:01:00.2871029Z           Start  914: levelc_compile_invalid_select_missing_when
2026-09-15T22:01:00.3923853Z  899/2248 Test  #913: levelc_compile_invalid_do_end_symbol .........................   Passed    0.11 sec
2026-09-15T22:01:00.3928342Z           Start  915: levelc_slice1_target_shape
2026-09-15T22:01:00.3958265Z  900/2248 Test  #914: levelc_compile_invalid_select_missing_when ...................   Passed    0.11 sec
2026-09-15T22:01:00.3962931Z           Start  916: levelc_slice1_pool_say
2026-09-15T22:01:01.3078920Z  901/2248 Test  #915: levelc_slice1_target_shape ...................................   Passed    0.91 sec
2026-09-15T22:01:01.3084726Z           Start  917: levelc_generated_imports_no_unused_warning
2026-09-15T22:01:01.3129303Z  902/2248 Test  #916: levelc_slice1_pool_say .......................................   Passed    0.92 sec
2026-09-15T22:01:01.3133056Z           Start  918: levelc_slice2_procedure_expose_target_shape
2026-09-15T22:01:02.0283347Z  903/2248 Test  #917: levelc_generated_imports_no_unused_warning ...................   Passed    0.72 sec
2026-09-15T22:01:02.0288414Z           Start  919: levelc_slice2_procedure_expose
2026-09-15T22:01:02.1572669Z  904/2248 Test  #918: levelc_slice2_procedure_expose_target_shape ..................   Passed    0.84 sec
2026-09-15T22:01:02.1577507Z           Start  920: levelc_slice3_bif_length_target_shape
2026-09-15T22:01:02.9502436Z  905/2248 Test  #919: levelc_slice2_procedure_expose ...............................   Passed    0.92 sec
2026-09-15T22:01:02.9508053Z           Start  921: levelc_slice3_bif_length
2026-09-15T22:01:03.1118248Z  906/2248 Test  #920: levelc_slice3_bif_length_target_shape ........................   Passed    0.95 sec
2026-09-15T22:01:03.1122951Z           Start  922: levelc_slice4_bif_substr_target_shape
2026-09-15T22:01:03.8211327Z  907/2248 Test  #921: levelc_slice3_bif_length .....................................   Passed    0.87 sec
2026-09-15T22:01:03.8216350Z           Start  923: levelc_slice4_bif_substr
2026-09-15T22:01:04.0132393Z  908/2248 Test  #922: levelc_slice4_bif_substr_target_shape ........................   Passed    0.90 sec
2026-09-15T22:01:04.0137656Z           Start  924: levelc_slice4_procedure_args_return_target_shape
2026-09-15T22:01:04.8123392Z  909/2248 Test  #923: levelc_slice4_bif_substr .....................................   Passed    0.99 sec
2026-09-15T22:01:04.8127966Z           Start  925: levelc_slice4_procedure_args_return
2026-09-15T22:01:04.9213011Z  910/2248 Test  #924: levelc_slice4_procedure_args_return_target_shape .............   Passed    0.91 sec
2026-09-15T22:01:04.9217911Z           Start  926: levelc_slice4_call_args_expose
2026-09-15T22:01:05.7567262Z  911/2248 Test  #925: levelc_slice4_procedure_args_return ..........................   Passed    0.94 sec
2026-09-15T22:01:05.7572730Z           Start  927: levelc_slice5_stem_expose_target_shape
2026-09-15T22:01:05.8293138Z  912/2248 Test  #926: levelc_slice4_call_args_expose ...............................   Passed    0.91 sec
2026-09-15T22:01:05.8298357Z           Start  928: levelc_slice5_stem_expose
2026-09-15T22:01:06.7546462Z  913/2248 Test  #928: levelc_slice5_stem_expose ....................................   Passed    0.92 sec
2026-09-15T22:01:06.7550824Z           Start  929: levelc_slice6_expressions_target_shape
2026-09-15T22:01:06.7941220Z  914/2248 Test  #927: levelc_slice5_stem_expose_target_shape .......................   Passed    1.04 sec
2026-09-15T22:01:06.7946174Z           Start  930: levelc_slice6_expressions
2026-09-15T22:01:07.7820595Z  915/2248 Test  #929: levelc_slice6_expressions_target_shape .......................   Passed    1.03 sec
2026-09-15T22:01:07.7821814Z           Start  931: levelc_slice2_procedure_expose_tree_shape
2026-09-15T22:01:07.9599589Z  916/2248 Test  #930: levelc_slice6_expressions ....................................   Passed    1.16 sec
2026-09-15T22:01:07.9605055Z           Start  932: levelc_slice3_bif_length_tree_shape
2026-09-15T22:01:08.7662256Z  917/2248 Test  #931: levelc_slice2_procedure_expose_tree_shape ....................   Passed    0.98 sec
2026-09-15T22:01:08.7667134Z           Start  933: levelc_slice4_bif_substr_tree_shape
2026-09-15T22:01:08.9712268Z  918/2248 Test  #932: levelc_slice3_bif_length_tree_shape ..........................   Passed    1.01 sec
2026-09-15T22:01:08.9717255Z           Start  934: levelc_slice4_procedure_args_return_tree_shape
2026-09-15T22:01:09.9956941Z  919/2248 Test  #934: levelc_slice4_procedure_args_return_tree_shape ...............   Passed    1.02 sec
2026-09-15T22:01:09.9961948Z           Start  935: levelc_slice5_stem_expose_tree_shape
2026-09-15T22:01:10.0215391Z  920/2248 Test  #933: levelc_slice4_bif_substr_tree_shape ..........................   Passed    1.25 sec
2026-09-15T22:01:10.0219985Z           Start  936: levelc_slice6_expressions_tree_shape
2026-09-15T22:01:11.1156404Z  921/2248 Test  #935: levelc_slice5_stem_expose_tree_shape .........................   Passed    1.12 sec
2026-09-15T22:01:11.1162600Z           Start  937: BridgeConnectivity
2026-09-15T22:01:11.1781922Z  922/2248 Test  #937: BridgeConnectivity ...........................................   Passed    0.06 sec
2026-09-15T22:01:11.1786755Z           Start  938: rxvml_utf_boundaries
2026-09-15T22:01:11.1933744Z  923/2248 Test  #938: rxvml_utf_boundaries .........................................   Passed    0.01 sec
2026-09-15T22:01:11.1937657Z           Start  939: address_bridge
2026-09-15T22:01:11.2919247Z  924/2248 Test  #939: address_bridge ...............................................   Passed    0.10 sec
2026-09-15T22:01:11.2924177Z           Start  940: address_cms_provider
2026-09-15T22:01:11.3306060Z  925/2248 Test  #940: address_cms_provider .........................................   Passed    0.04 sec
2026-09-15T22:01:11.3311803Z           Start  941: address_cms_demo
2026-09-15T22:01:11.4246264Z  926/2248 Test  #941: address_cms_demo .............................................   Passed    0.09 sec
2026-09-15T22:01:11.4251633Z           Start  942: address_llm_provider
2026-09-15T22:01:11.4772710Z  927/2248 Test  #936: levelc_slice6_expressions_tree_shape .........................   Passed    1.45 sec
2026-09-15T22:01:11.4777598Z           Start  943: address_native_kv_demo
2026-09-15T22:01:11.5139136Z  928/2248 Test  #943: address_native_kv_demo .......................................   Passed    0.04 sec
2026-09-15T22:01:11.5144978Z           Start  944: address_callback_host
2026-09-15T22:01:11.5536031Z  929/2248 Test  #944: address_callback_host ........................................   Passed    0.04 sec
2026-09-15T22:01:11.5540497Z           Start  945: e2_active_context_isolation
2026-09-15T22:01:11.6427323Z  930/2248 Test  #945: e2_active_context_isolation ..................................   Passed    0.09 sec
2026-09-15T22:01:11.6431901Z           Start  946: dynamic_load
2026-09-15T22:01:11.6814352Z  931/2248 Test  #946: dynamic_load .................................................   Passed    0.04 sec
2026-09-15T22:01:11.6818234Z           Start  947: dynamic_interface_load_rxvm
2026-09-15T22:01:11.7214347Z  932/2248 Test  #947: dynamic_interface_load_rxvm ..................................   Passed    0.04 sec
2026-09-15T22:01:11.7219355Z           Start  948: dynamic_interface_load_driver
2026-09-15T22:01:12.9860568Z  933/2248 Test  #948: dynamic_interface_load_driver ................................   Passed    1.26 sec
2026-09-15T22:01:12.9865030Z           Start  949: crexxsaa_variables
2026-09-15T22:01:12.9911975Z  934/2248 Test  #942: address_llm_provider .........................................   Passed    1.57 sec
2026-09-15T22:01:12.9915823Z           Start  950: crexxsaa_status
2026-09-15T22:01:13.0256642Z  935/2248 Test  #949: crexxsaa_variables ...........................................   Passed    0.04 sec
2026-09-15T22:01:13.0261748Z           Start  951: source_provenance
2026-09-15T22:01:13.0391721Z  936/2248 Test  #951: source_provenance ............................................   Passed    0.01 sec
2026-09-15T22:01:13.0395205Z           Start  952: rxc_srcmap
2026-09-15T22:01:14.2158418Z  937/2248 Test  #950: crexxsaa_status ..............................................   Passed    1.22 sec
2026-09-15T22:01:14.2163693Z           Start  953: trace_event_metadata
2026-09-15T22:01:14.7411324Z  938/2248 Test  #952: rxc_srcmap ...................................................   Passed    1.70 sec
2026-09-15T22:01:14.7415964Z           Start  954: trace_stem_sugar
2026-09-15T22:01:14.8810380Z  939/2248 Test  #953: trace_event_metadata .........................................   Passed    0.66 sec
2026-09-15T22:01:14.8814951Z           Start  955: rxc_diagnostic_catalogs
2026-09-15T22:01:16.2116059Z  940/2248 Test  #954: trace_stem_sugar .............................................   Passed    1.47 sec
2026-09-15T22:01:16.2120257Z           Start  956: rxc_diagnostic_localization
2026-09-15T22:01:17.0238804Z  941/2248 Test  #955: rxc_diagnostic_catalogs ......................................   Passed    2.14 sec
2026-09-15T22:01:17.0243869Z           Start  957: rxc_diagnostic_raw
2026-09-15T22:01:17.7201447Z  942/2248 Test  #957: rxc_diagnostic_raw ...........................................   Passed    0.70 sec
2026-09-15T22:01:17.7206715Z           Start  958: test_dump_noopt
2026-09-15T22:01:17.7307972Z  943/2248 Test  #958: test_dump_noopt ..............................................   Passed    0.01 sec
2026-09-15T22:01:17.7312088Z           Start  959: test_dump_opt
2026-09-15T22:01:17.7406409Z  944/2248 Test  #959: test_dump_opt ................................................   Passed    0.01 sec
2026-09-15T22:01:17.7410663Z           Start  960: test_query_noopt
2026-09-15T22:01:17.7679170Z  945/2248 Test  #960: test_query_noopt .............................................   Passed    0.03 sec
2026-09-15T22:01:17.7684370Z           Start  961: test_query_opt
2026-09-15T22:01:17.7995005Z  946/2248 Test  #961: test_query_opt ...............................................   Passed    0.03 sec
2026-09-15T22:01:17.7999480Z           Start  962: test_sort_noopt
2026-09-15T22:01:17.8271393Z  947/2248 Test  #962: test_sort_noopt ..............................................   Passed    0.03 sec
2026-09-15T22:01:17.8277226Z           Start  963: test_sort_opt
2026-09-15T22:01:17.8592019Z  948/2248 Test  #963: test_sort_opt ................................................   Passed    0.03 sec
2026-09-15T22:01:17.8595811Z           Start  964: test_sortx_noopt
2026-09-15T22:01:17.8909753Z  949/2248 Test  #964: test_sortx_noopt .............................................   Passed    0.03 sec
2026-09-15T22:01:17.8914840Z           Start  965: test_sortx_opt
2026-09-15T22:01:17.9197210Z  950/2248 Test  #965: test_sortx_opt ...............................................   Passed    0.03 sec
2026-09-15T22:01:17.9201531Z           Start  966: test_address_noopt
2026-09-15T22:01:17.9875603Z  951/2248 Test  #966: test_address_noopt ...........................................   Passed    0.07 sec
2026-09-15T22:01:17.9879807Z           Start  967: test_address_opt
2026-09-15T22:01:18.0599222Z  952/2248 Test  #967: test_address_opt .............................................   Passed    0.07 sec
2026-09-15T22:01:18.0603773Z           Start  968: test_address_direct_noopt
2026-09-15T22:01:18.1281875Z  953/2248 Test  #968: test_address_direct_noopt ....................................   Passed    0.07 sec
2026-09-15T22:01:18.1286210Z           Start  969: test_address_direct_opt
2026-09-15T22:01:18.2074541Z  954/2248 Test  #969: test_address_direct_opt ......................................   Passed    0.08 sec
2026-09-15T22:01:18.2079747Z           Start  970: test_address_after_signal_block_noopt
2026-09-15T22:01:18.2499037Z  955/2248 Test  #970: test_address_after_signal_block_noopt ........................   Passed    0.04 sec
2026-09-15T22:01:18.2503208Z           Start  971: test_address_after_signal_block_opt
2026-09-15T22:01:18.2924938Z  956/2248 Test  #971: test_address_after_signal_block_opt ..........................   Passed    0.04 sec
2026-09-15T22:01:18.2929717Z           Start  974: test_execio_noopt
2026-09-15T22:01:18.3212047Z  957/2248 Test  #974: test_execio_noopt ............................................   Passed    0.03 sec
2026-09-15T22:01:18.3216736Z           Start  975: test_execio_opt
2026-09-15T22:01:18.3497742Z  958/2248 Test  #975: test_execio_opt ..............................................   Passed    0.03 sec
2026-09-15T22:01:18.3502497Z           Start  976: test_add_noopt
2026-09-15T22:01:18.3782931Z  959/2248 Test  #976: test_add_noopt ...............................................   Passed    0.03 sec
2026-09-15T22:01:18.3786723Z           Start  977: test_add_opt
2026-09-15T22:01:18.4067202Z  960/2248 Test  #977: test_add_opt .................................................   Passed    0.03 sec
2026-09-15T22:01:18.4071023Z           Start  978: test_fsay_noopt
2026-09-15T22:01:18.4356791Z  961/2248 Test  #978: test_fsay_noopt ..............................................   Passed    0.03 sec
2026-09-15T22:01:18.4360819Z           Start  979: test_fsay_opt
2026-09-15T22:01:18.4645584Z  962/2248 Test  #979: test_fsay_opt ................................................   Passed    0.03 sec
2026-09-15T22:01:18.4649940Z           Start  980: test_msay_noopt
2026-09-15T22:01:18.4933535Z  963/2248 Test  #980: test_msay_noopt ..............................................   Passed    0.03 sec
2026-09-15T22:01:18.4938392Z           Start  981: test_msay_opt
2026-09-15T22:01:18.5222922Z  964/2248 Test  #981: test_msay_opt ................................................   Passed    0.03 sec
2026-09-15T22:01:18.5227929Z           Start  982: test_parse_noopt
2026-09-15T22:01:18.5586928Z  965/2248 Test  #982: test_parse_noopt .............................................   Passed    0.04 sec
2026-09-15T22:01:18.5591823Z           Start  983: test_parse_opt
2026-09-15T22:01:18.5945508Z  966/2248 Test  #983: test_parse_opt ...............................................   Passed    0.03 sec
2026-09-15T22:01:18.5949759Z           Start  984: test_parse_direct_noopt
2026-09-15T22:01:18.6683607Z  967/2248 Test  #984: test_parse_direct_noopt ......................................   Passed    0.07 sec
2026-09-15T22:01:18.6688283Z           Start  985: test_parse_direct_opt
2026-09-15T22:01:18.7472211Z  968/2248 Test  #985: test_parse_direct_opt ........................................   Passed    0.08 sec
2026-09-15T22:01:18.7477179Z           Start  986: test_parse_compiled_patterns_noopt
2026-09-15T22:01:18.7783822Z  969/2248 Test  #986: test_parse_compiled_patterns_noopt ...........................   Passed    0.03 sec
2026-09-15T22:01:18.7787830Z           Start  987: test_parse_compiled_patterns_opt
2026-09-15T22:01:18.8094320Z  970/2248 Test  #987: test_parse_compiled_patterns_opt .............................   Passed    0.03 sec
2026-09-15T22:01:18.8098509Z           Start  988: test_signal_noopt
2026-09-15T22:01:18.8380573Z  971/2248 Test  #988: test_signal_noopt ............................................   Passed    0.03 sec
2026-09-15T22:01:18.8384085Z           Start  989: test_signal_opt
2026-09-15T22:01:18.8659039Z  972/2248 Test  #989: test_signal_opt ..............................................   Passed    0.03 sec
2026-09-15T22:01:18.8663727Z           Start  990: test_signal_direct_noopt
2026-09-15T22:01:18.9335095Z  973/2248 Test  #990: test_signal_direct_noopt .....................................   Passed    0.07 sec
2026-09-15T22:01:18.9339098Z           Start  991: test_signal_direct_opt
2026-09-15T22:01:19.0053214Z  974/2248 Test  #991: test_signal_direct_opt .......................................   Passed    0.07 sec
2026-09-15T22:01:19.0058650Z           Start  992: test_signal_block_noopt
2026-09-15T22:01:19.0334745Z  975/2248 Test  #992: test_signal_block_noopt ......................................   Passed    0.03 sec
2026-09-15T22:01:19.0338515Z           Start  993: test_signal_block_opt
2026-09-15T22:01:19.0617383Z  976/2248 Test  #993: test_signal_block_opt ........................................   Passed    0.03 sec
2026-09-15T22:01:19.0622598Z           Start  994: test_signal_block_levelg_noopt
2026-09-15T22:01:19.0900641Z  977/2248 Test  #994: test_signal_block_levelg_noopt ...............................   Passed    0.03 sec
2026-09-15T22:01:19.0904098Z           Start  995: test_signal_block_levelg_opt
2026-09-15T22:01:19.1168480Z  978/2248 Test  #995: test_signal_block_levelg_opt .................................   Passed    0.03 sec
2026-09-15T22:01:19.1172092Z           Start  996: reference_source_invalid_signal_noopt
2026-09-15T22:01:19.1442488Z  979/2248 Test  #996: reference_source_invalid_signal_noopt ........................   Passed    0.03 sec
2026-09-15T22:01:19.1446222Z           Start  997: reference_source_invalid_signal_opt
2026-09-15T22:01:19.1765737Z  980/2248 Test  #997: reference_source_invalid_signal_opt ..........................   Passed    0.03 sec
2026-09-15T22:01:19.1770674Z           Start  998: test_signal_bad_arg_diagnostic
2026-09-15T22:01:19.7647083Z  981/2248 Test  #998: test_signal_bad_arg_diagnostic ...............................   Passed    0.59 sec
2026-09-15T22:01:19.7652813Z           Start  999: test_signal_bad_return_diagnostic
2026-09-15T22:01:20.3871980Z  982/2248 Test  #999: test_signal_bad_return_diagnostic ............................   Passed    0.62 sec
2026-09-15T22:01:20.3876924Z           Start 1000: test_signal_no_arg_diagnostic
2026-09-15T22:01:20.9956900Z  983/2248 Test #1000: test_signal_no_arg_diagnostic ................................   Passed    0.61 sec
2026-09-15T22:01:20.9961453Z           Start 1001: test_signal_missing_handler_diagnostic
2026-09-15T22:01:21.6040362Z  984/2248 Test #1001: test_signal_missing_handler_diagnostic .......................   Passed    0.61 sec
2026-09-15T22:01:21.6046158Z           Start 1002: test_signal_block_counted_bad_diagnostic
2026-09-15T22:01:21.7349099Z  985/2248 Test #1002: test_signal_block_counted_bad_diagnostic .....................   Passed    0.13 sec
2026-09-15T22:01:21.7354390Z           Start 1003: test_signal_retry_removed_diagnostic
2026-09-15T22:01:22.4414055Z  986/2248 Test #1003: test_signal_retry_removed_diagnostic .........................   Passed    0.71 sec
2026-09-15T22:01:22.4421851Z           Start 1004: test_trace_exit_noopt
2026-09-15T22:01:22.4778460Z  987/2248 Test #1004: test_trace_exit_noopt ........................................   Passed    0.04 sec
2026-09-15T22:01:22.4783998Z           Start 1005: test_trace_exit_opt
2026-09-15T22:01:22.5127267Z  988/2248 Test #1005: test_trace_exit_opt ..........................................   Passed    0.03 sec
2026-09-15T22:01:22.5131475Z           Start 1006: test_trace_negated_string_noopt
2026-09-15T22:01:22.5429204Z  989/2248 Test #1006: test_trace_negated_string_noopt ..............................   Passed    0.03 sec
2026-09-15T22:01:22.5434491Z           Start 1007: test_trace_negated_string_opt
2026-09-15T22:01:22.5732716Z  990/2248 Test #1007: test_trace_negated_string_opt ................................   Passed    0.03 sec
2026-09-15T22:01:22.5737337Z           Start 1008: test_trace_results_noopt
2026-09-15T22:01:22.6127480Z  991/2248 Test #1008: test_trace_results_noopt .....................................   Passed    0.04 sec
2026-09-15T22:01:22.6131852Z           Start 1009: test_trace_results_opt
2026-09-15T22:01:22.6485465Z  992/2248 Test #1009: test_trace_results_opt .......................................   Passed    0.03 sec
2026-09-15T22:01:22.6489803Z           Start 1010: test_trace_llm_noopt
2026-09-15T22:01:22.6781443Z  993/2248 Test #1010: test_trace_llm_noopt .........................................   Passed    0.03 sec
2026-09-15T22:01:22.6786541Z           Start 1011: test_trace_llm_opt
2026-09-15T22:01:22.7116674Z  994/2248 Test #1011: test_trace_llm_opt ...........................................   Passed    0.03 sec
2026-09-15T22:01:22.7121012Z           Start 1012: test_trace_direct_noopt
2026-09-15T22:01:22.7811069Z  995/2248 Test #1012: test_trace_direct_noopt ......................................   Passed    0.07 sec
2026-09-15T22:01:22.7816025Z           Start 1013: test_trace_direct_opt
2026-09-15T22:01:22.8530092Z  996/2248 Test #1013: test_trace_direct_opt ........................................   Passed    0.07 sec
2026-09-15T22:01:22.8534596Z           Start 1014: test_trace_stderr_noopt
2026-09-15T22:01:22.9129727Z  997/2248 Test #1014: test_trace_stderr_noopt ......................................   Passed    0.06 sec
2026-09-15T22:01:22.9134733Z           Start 1015: test_trace_stderr_opt
2026-09-15T22:01:22.9735825Z  998/2248 Test #1015: test_trace_stderr_opt ........................................   Passed    0.06 sec
2026-09-15T22:01:22.9741279Z           Start 1016: test_trace_file_noopt
2026-09-15T22:01:23.0358201Z  999/2248 Test #1016: test_trace_file_noopt ........................................   Passed    0.06 sec
2026-09-15T22:01:23.0363274Z           Start 1017: test_trace_file_opt
2026-09-15T22:01:23.0951693Z 1000/2248 Test #1017: test_trace_file_opt ..........................................   Passed    0.06 sec
2026-09-15T22:01:23.0956769Z           Start 1018: test_trace_normal_quiet_noopt
2026-09-15T22:01:23.1637249Z 1001/2248 Test #1018: test_trace_normal_quiet_noopt ................................   Passed    0.07 sec
2026-09-15T22:01:23.1642690Z           Start 1019: test_trace_normal_quiet_opt
2026-09-15T22:01:23.2255054Z 1002/2248 Test #1019: test_trace_normal_quiet_opt ..................................   Passed    0.06 sec
2026-09-15T22:01:23.2259205Z           Start 1020: test_trace_normal_command_noopt
2026-09-15T22:01:23.2864860Z 1003/2248 Test #1020: test_trace_normal_command_noopt ..............................   Passed    0.06 sec
2026-09-15T22:01:23.2871101Z           Start 1021: test_trace_normal_command_opt
2026-09-15T22:01:23.3487185Z 1004/2248 Test #1021: test_trace_normal_command_opt ................................   Passed    0.06 sec
2026-09-15T22:01:23.3491898Z           Start 1022: test_trace_env_noopt
2026-09-15T22:01:23.4169807Z 1005/2248 Test #1022: test_trace_env_noopt .........................................   Passed    0.07 sec
2026-09-15T22:01:23.4175273Z           Start 1023: test_trace_env_opt
2026-09-15T22:01:23.4829398Z 1006/2248 Test #1023: test_trace_env_opt ...........................................   Passed    0.06 sec
2026-09-15T22:01:23.4833995Z           Start 1024: test_trace_event_batch_noopt
2026-09-15T22:01:23.5450443Z 1007/2248 Test #1024: test_trace_event_batch_noopt .................................   Passed    0.06 sec
2026-09-15T22:01:23.5454771Z           Start 1025: test_trace_event_batch_opt
2026-09-15T22:01:23.6092071Z 1008/2248 Test #1025: test_trace_event_batch_opt ...................................   Passed    0.06 sec
2026-09-15T22:01:23.6096101Z           Start 1026: test_trace_env_invalid_noopt
2026-09-15T22:01:23.6697494Z 1009/2248 Test #1026: test_trace_env_invalid_noopt .................................   Passed    0.06 sec
2026-09-15T22:01:23.6702886Z           Start 1027: test_trace_env_invalid_opt
2026-09-15T22:01:23.7340657Z 1010/2248 Test #1027: test_trace_env_invalid_opt ...................................   Passed    0.06 sec
2026-09-15T22:01:23.7344311Z           Start 1028: test_trace_env_ignored_noopt
2026-09-15T22:01:23.7958847Z 1011/2248 Test #1028: test_trace_env_ignored_noopt .................................   Passed    0.06 sec
2026-09-15T22:01:23.7962905Z           Start 1029: test_trace_env_ignored_opt
2026-09-15T22:01:23.8586068Z 1012/2248 Test #1029: test_trace_env_ignored_opt ...................................   Passed    0.06 sec
2026-09-15T22:01:23.8590479Z           Start 1030: test_trace_source_jump_noopt
2026-09-15T22:01:23.9220992Z 1013/2248 Test #1030: test_trace_source_jump_noopt .................................   Passed    0.06 sec
2026-09-15T22:01:23.9225147Z           Start 1031: test_trace_source_jump_opt
2026-09-15T22:01:23.9835076Z 1014/2248 Test #1031: test_trace_source_jump_opt ...................................   Passed    0.06 sec
2026-09-15T22:01:23.9840489Z           Start 1032: test_trace_namespace_commands_noopt
2026-09-15T22:01:24.0106815Z 1015/2248 Test #1032: test_trace_namespace_commands_noopt ..........................   Passed    0.03 sec
2026-09-15T22:01:24.0112216Z           Start 1033: test_trace_namespace_commands_opt
2026-09-15T22:01:24.0444122Z 1016/2248 Test #1033: test_trace_namespace_commands_opt ............................   Passed    0.03 sec
2026-09-15T22:01:24.0448667Z           Start 1034: test_trace_unknown_option_diagnostic
2026-09-15T22:01:24.8173609Z 1017/2248 Test #1034: test_trace_unknown_option_diagnostic .........................   Passed    0.77 sec
2026-09-15T22:01:24.8178400Z           Start 1035: test_trace_bad_abbreviation_diagnostic
2026-09-15T22:01:25.2741719Z 1018/2248 Test  #956: rxc_diagnostic_localization ..................................   Passed    9.06 sec
2026-09-15T22:01:25.2748113Z           Start 1036: test_rexxscript_noopt
2026-09-15T22:01:25.3829718Z 1019/2248 Test #1036: test_rexxscript_noopt ........................................   Passed    0.11 sec
2026-09-15T22:01:25.3835094Z           Start 1037: test_rexxscript_opt
2026-09-15T22:01:25.4586415Z 1020/2248 Test #1035: test_trace_bad_abbreviation_diagnostic .......................   Passed    0.64 sec
2026-09-15T22:01:25.4592369Z           Start 1038: test_rexxscript_direct_noopt
2026-09-15T22:01:25.4863645Z 1021/2248 Test #1037: test_rexxscript_opt ..........................................   Passed    0.10 sec
2026-09-15T22:01:25.4868648Z           Start 1039: test_rexxscript_direct_opt
2026-09-15T22:01:25.6463351Z 1022/2248 Test #1038: test_rexxscript_direct_noopt .................................   Passed    0.19 sec
2026-09-15T22:01:25.6468203Z           Start 1040: test_substr_noopt
2026-09-15T22:01:25.6696397Z 1023/2248 Test #1039: test_rexxscript_direct_opt ...................................   Passed    0.18 sec
2026-09-15T22:01:25.6700173Z           Start 1041: test_substr_opt
2026-09-15T22:01:25.6742381Z 1024/2248 Test #1040: test_substr_noopt ............................................   Passed    0.03 sec
2026-09-15T22:01:25.6746328Z           Start 1042: test_dummy_noopt
2026-09-15T22:01:25.6832484Z 1025/2248 Test #1042: test_dummy_noopt .............................................   Passed    0.01 sec
2026-09-15T22:01:25.6837969Z           Start 1043: test_dummy_opt
2026-09-15T22:01:25.6921259Z 1026/2248 Test #1043: test_dummy_opt ...............................................   Passed    0.01 sec
2026-09-15T22:01:25.6924506Z           Start 1044: test_rxqueue_noopt
2026-09-15T22:01:25.6982498Z 1027/2248 Test #1041: test_substr_opt ..............................................   Passed    0.03 sec
2026-09-15T22:01:25.6986898Z           Start 1045: test_rxqueue_opt
2026-09-15T22:01:25.7189228Z 1028/2248 Test #1044: test_rxqueue_noopt ...........................................   Passed    0.03 sec
2026-09-15T22:01:25.7193459Z           Start 1046: rxlink_success_run
2026-09-15T22:01:25.7249275Z 1029/2248 Test #1045: test_rxqueue_opt .............................................   Passed    0.03 sec
2026-09-15T22:01:25.7252380Z           Start 1047: rxlink_control_run
2026-09-15T22:01:25.7289765Z 1030/2248 Test #1046: rxlink_success_run ...........................................   Passed    0.01 sec
2026-09-15T22:01:25.7293661Z           Start 1048: rxlink_strip_run
2026-09-15T22:01:25.7345825Z 1031/2248 Test #1047: rxlink_control_run ...........................................   Passed    0.01 sec
2026-09-15T22:01:25.7349664Z           Start 1049: rxlink_interface_run
2026-09-15T22:01:25.7389672Z 1032/2248 Test #1048: rxlink_strip_run .............................................   Passed    0.01 sec
2026-09-15T22:01:25.7392888Z           Start 1050: rxlink_srcfproc_run
2026-09-15T22:01:25.7440029Z 1033/2248 Test #1049: rxlink_interface_run .........................................   Passed    0.01 sec
2026-09-15T22:01:25.7443319Z           Start 1051: rxlink_srcmethod_run
2026-09-15T22:01:25.7480512Z 1034/2248 Test #1050: rxlink_srcfproc_run ..........................................   Passed    0.01 sec
2026-09-15T22:01:25.7483812Z           Start 1052: rxlink_format_check
2026-09-15T22:01:25.7533569Z 1035/2248 Test #1051: rxlink_srcmethod_run .........................................   Passed    0.01 sec
2026-09-15T22:01:25.7537442Z           Start 1053: rxlink_duplicate_provider_error
2026-09-15T22:01:25.7572115Z 1036/2248 Test #1052: rxlink_format_check ..........................................   Passed    0.01 sec
2026-09-15T22:01:25.7575856Z           Start 1054: rxlink_duplicate_selected_export_error
2026-09-15T22:01:25.7901546Z 1037/2248 Test #1053: rxlink_duplicate_provider_error ..............................   Passed    0.04 sec
2026-09-15T22:01:25.7907627Z           Start 1055: rxlink_include_omit_conflict_error
2026-09-15T22:01:25.7932773Z 1038/2248 Test #1054: rxlink_duplicate_selected_export_error .......................   Passed    0.04 sec
2026-09-15T22:01:25.7936779Z           Start 1056: rxlink_signature_mismatch_error
2026-09-15T22:01:25.8276092Z 1039/2248 Test #1055: rxlink_include_omit_conflict_error ...........................   Passed    0.04 sec
2026-09-15T22:01:25.8281037Z           Start 1057: rxlink_rxdas_smoke
2026-09-15T22:01:25.8307404Z 1040/2248 Test #1056: rxlink_signature_mismatch_error ..............................   Passed    0.04 sec
2026-09-15T22:01:25.8310633Z           Start 1058: rxlink_rxdas_inline_preserve_smoke
2026-09-15T22:01:25.8640175Z 1041/2248 Test #1057: rxlink_rxdas_smoke ...........................................   Passed    0.04 sec
2026-09-15T22:01:25.8644631Z           Start 1059: rxlink_rxdas_strip_smoke
2026-09-15T22:01:25.8672085Z 1042/2248 Test #1058: rxlink_rxdas_inline_preserve_smoke ...........................   Passed    0.04 sec
2026-09-15T22:01:25.8675844Z           Start 1060: rxdas_roundtrip_basic
2026-09-15T22:01:25.9082131Z 1043/2248 Test #1059: rxlink_rxdas_strip_smoke .....................................   Passed    0.04 sec
2026-09-15T22:01:25.9087398Z           Start 1061: rxdas_roundtrip_int64_contract
2026-09-15T22:01:25.9541997Z 1044/2248 Test #1060: rxdas_roundtrip_basic ........................................   Passed    0.09 sec
2026-09-15T22:01:25.9547895Z           Start 1062: rxdas_roundtrip_float_pool
2026-09-15T22:01:25.9896925Z 1045/2248 Test #1061: rxdas_roundtrip_int64_contract ...............................   Passed    0.08 sec
2026-09-15T22:01:25.9901020Z           Start 1063: rxdas_roundtrip_compact_format
2026-09-15T22:01:26.0330124Z 1046/2248 Test #1062: rxdas_roundtrip_float_pool ...................................   Passed    0.08 sec
2026-09-15T22:01:26.0335440Z           Start 1064: rxdas_roundtrip_wide_operands
2026-09-15T22:01:26.0720205Z 1047/2248 Test #1063: rxdas_roundtrip_compact_format ...............................   Passed    0.08 sec
2026-09-15T22:01:26.0724593Z           Start 1065: rxdas_graph_error
2026-09-15T22:01:26.1061784Z 1048/2248 Test #1065: rxdas_graph_error ............................................   Passed    0.03 sec
2026-09-15T22:01:26.1066662Z           Start 1066: rxdas_roundtrip_interfaces
2026-09-15T22:01:26.1175729Z 1049/2248 Test #1064: rxdas_roundtrip_wide_operands ................................   Passed    0.08 sec
2026-09-15T22:01:26.1179067Z           Start 1067: rxdas_roundtrip_metadata
2026-09-15T22:01:26.1925459Z 1050/2248 Test #1067: rxdas_roundtrip_metadata .....................................   Passed    0.08 sec
2026-09-15T22:01:26.1929963Z           Start 1068: rxdas_roundtrip_imported
2026-09-15T22:01:26.1969752Z 1051/2248 Test #1066: rxdas_roundtrip_interfaces ...................................   Passed    0.09 sec
2026-09-15T22:01:26.1974472Z           Start 1069: rxdas_roundtrip_binary
2026-09-15T22:01:26.2700333Z 1052/2248 Test #1068: rxdas_roundtrip_imported .....................................   Passed    0.08 sec
2026-09-15T22:01:26.2705410Z           Start 1070: rxdas_roundtrip_large_binary_alias
2026-09-15T22:01:26.2881242Z 1053/2248 Test #1069: rxdas_roundtrip_binary .......................................   Passed    0.09 sec
2026-09-15T22:01:26.2885602Z           Start 1071: rxdas_roundtrip_jtable_linear
2026-09-15T22:01:26.3490194Z 1054/2248 Test #1070: rxdas_roundtrip_large_binary_alias ...........................   Passed    0.08 sec
2026-09-15T22:01:26.3493838Z           Start 1072: rxdas_roundtrip_jtable_hash
2026-09-15T22:01:26.3717965Z 1055/2248 Test #1071: rxdas_roundtrip_jtable_linear ................................   Passed    0.08 sec
2026-09-15T22:01:26.3722278Z           Start 1073: rxdas_roundtrip_jtable_rexx_strings
2026-09-15T22:01:26.4335981Z 1056/2248 Test #1072: rxdas_roundtrip_jtable_hash ..................................   Passed    0.08 sec
2026-09-15T22:01:26.4340959Z           Start 1074: rxdas_dump_support
2026-09-15T22:01:26.4444045Z 1057/2248 Test #1074: rxdas_dump_support ...........................................   Passed    0.01 sec
2026-09-15T22:01:26.4447860Z           Start 1075: rxdb_usage_smoke
2026-09-15T22:01:26.4569458Z 1058/2248 Test #1073: rxdas_roundtrip_jtable_rexx_strings ..........................   Passed    0.08 sec
2026-09-15T22:01:26.4573898Z           Start 1076: rxseqfileformat
2026-09-15T22:01:26.4619501Z 1059/2248 Test #1075: rxdb_usage_smoke .............................................   Passed    0.02 sec
2026-09-15T22:01:26.4623768Z           Start 1077: crexx_address_unredirected_flush
2026-09-15T22:01:26.4686980Z 1060/2248 Test #1076: rxseqfileformat ..............................................   Passed    0.01 sec
2026-09-15T22:01:26.4690203Z           Start 1078: rxpa_host_text_services
2026-09-15T22:01:26.4735754Z 1061/2248 Test #1077: crexx_address_unredirected_flush .............................   Passed    0.01 sec
2026-09-15T22:01:26.4739310Z           Start 1079: rxpa_worker_startup_attached
2026-09-15T22:01:26.4810614Z 1062/2248 Test #1078: rxpa_host_text_services ......................................   Passed    0.01 sec
2026-09-15T22:01:26.4813635Z           Start 1080: rxpa_worker_startup_callback
2026-09-15T22:01:26.4875951Z 1063/2248 Test #1079: rxpa_worker_startup_attached .................................   Passed    0.01 sec
2026-09-15T22:01:26.4879528Z           Start 1081: rxvm_product_entry_point
2026-09-15T22:01:26.4924333Z 1064/2248 Test #1080: rxpa_worker_startup_callback .................................   Passed    0.01 sec
2026-09-15T22:01:26.4927901Z           Start 1082: rxvmstem_storage
2026-09-15T22:01:26.5025490Z 1065/2248 Test #1082: rxvmstem_storage .............................................   Passed    0.01 sec
2026-09-15T22:01:26.5029187Z           Start 1083: rxvmstem_allocator_family
2026-09-15T22:01:26.5111676Z 1066/2248 Test #1083: rxvmstem_allocator_family ....................................   Passed    0.01 sec
2026-09-15T22:01:26.5114694Z           Start 1084: rxvmmemory_allocator
2026-09-15T22:01:26.5195316Z 1067/2248 Test #1084: rxvmmemory_allocator .........................................   Passed    0.01 sec
2026-09-15T22:01:26.5198135Z           Start 1085: rxvmworker_lifecycle
2026-09-15T22:01:26.5240989Z 1068/2248 Test #1081: rxvm_product_entry_point .....................................   Passed    0.04 sec
2026-09-15T22:01:26.5245061Z           Start 1086: rxvmchannel_provider_registry
2026-09-15T22:01:26.5292317Z 1069/2248 Test #1085: rxvmworker_lifecycle .........................................   Passed    0.01 sec
2026-09-15T22:01:26.5295624Z           Start 1087: rxvmbyteendpoint_substrate
2026-09-15T22:01:26.5357676Z 1070/2248 Test #1086: rxvmchannel_provider_registry ................................   Passed    0.01 sec
2026-09-15T22:01:26.5361196Z           Start 1088: rxvmchannel_byte_provider
2026-09-15T22:01:26.5406345Z 1071/2248 Test #1087: rxvmbyteendpoint_substrate ...................................   Passed    0.01 sec
2026-09-15T22:01:26.5409440Z           Start 1089: rxvmchannel_request_lifetime
2026-09-15T22:01:26.8158724Z 1072/2248 Test #1088: rxvmchannel_byte_provider ....................................   Passed    0.28 sec
2026-09-15T22:01:26.8163495Z           Start 1090: rxvmactive_isolation
2026-09-15T22:01:26.8304661Z 1073/2248 Test #1090: rxvmactive_isolation .........................................   Passed    0.01 sec
2026-09-15T22:01:26.8308745Z           Start 1091: rxvmplugin_context_ownership
2026-09-15T22:01:26.8406780Z 1074/2248 Test #1089: rxvmchannel_request_lifetime .................................   Passed    0.30 sec
2026-09-15T22:01:26.8411606Z           Start 1092: rxpa_static_catalogue_replay
2026-09-15T22:01:26.8458714Z 1075/2248 Test #1091: rxvmplugin_context_ownership .................................   Passed    0.01 sec
2026-09-15T22:01:26.8462630Z           Start 1093: rxpa_static_session_lifecycle
2026-09-15T22:01:26.8565512Z 1076/2248 Test #1092: rxpa_static_catalogue_replay .................................   Passed    0.01 sec
2026-09-15T22:01:26.8569865Z           Start 1094: rxpa_session_factory_failure_rollback
2026-09-15T22:01:26.8591439Z 1077/2248 Test #1093: rxpa_static_session_lifecycle ................................   Passed    0.01 sec
2026-09-15T22:01:26.8594508Z           Start 1095: rxpa_session_manifest_fail_closed
2026-09-15T22:01:26.8684477Z 1078/2248 Test #1094: rxpa_session_factory_failure_rollback ........................   Passed    0.01 sec
2026-09-15T22:01:26.8687455Z           Start 1096: rxpa_float_static_alias_binding
2026-09-15T22:01:26.8708859Z 1079/2248 Test #1095: rxpa_session_manifest_fail_closed ............................   Passed    0.01 sec
2026-09-15T22:01:26.8711849Z           Start 1097: rxpa_legacy_call_serialization
2026-09-15T22:01:26.8805240Z 1080/2248 Test #1096: rxpa_float_static_alias_binding ..............................   Passed    0.01 sec
2026-09-15T22:01:26.8808102Z           Start 1098: rxpa_process_reentrant_overlap
2026-09-15T22:01:26.8829675Z 1081/2248 Test #1097: rxpa_legacy_call_serialization ...............................   Passed    0.01 sec
2026-09-15T22:01:26.8834599Z           Start 1099: rxpa_legacy_recursive_reentry
2026-09-15T22:01:26.8917755Z 1082/2248 Test #1098: rxpa_process_reentrant_overlap ...............................   Passed    0.01 sec
2026-09-15T22:01:26.8920512Z           Start 1100: rxpa_branch_free_load_binding
2026-09-15T22:01:26.8940747Z 1083/2248 Test #1099: rxpa_legacy_recursive_reentry ................................   Passed    0.01 sec
2026-09-15T22:01:26.8943998Z           Start 1101: rxpa_bound_legacy_serialization
2026-09-15T22:01:26.9034261Z 1084/2248 Test #1100: rxpa_branch_free_load_binding ................................   Passed    0.01 sec
2026-09-15T22:01:26.9037848Z           Start 1102: rxpa_legacy_transition_quiescence
2026-09-15T22:01:26.9062182Z 1085/2248 Test #1101: rxpa_bound_legacy_serialization ..............................   Passed    0.01 sec
2026-09-15T22:01:26.9065695Z           Start 1103: rxpa_worker_startup_transition
2026-09-15T22:01:26.9158882Z 1086/2248 Test #1102: rxpa_legacy_transition_quiescence ............................   Passed    0.01 sec
2026-09-15T22:01:26.9162157Z           Start 1104: crexxsaa_cache_tool_location
2026-09-15T22:01:26.9208300Z 1087/2248 Test #1103: rxpa_worker_startup_transition ...............................   Passed    0.01 sec
2026-09-15T22:01:26.9212413Z           Start 1105: crexxsaa_cache_tool_clear
2026-09-15T22:01:26.9278662Z 1088/2248 Test #1104: crexxsaa_cache_tool_location .................................   Passed    0.01 sec
2026-09-15T22:01:26.9282162Z           Start 1106: rxpa_utf_validation
2026-09-15T22:01:26.9324224Z 1089/2248 Test #1105: crexxsaa_cache_tool_clear ....................................   Passed    0.01 sec
2026-09-15T22:01:26.9328697Z           Start 1107: ts_regvalue_tester
2026-09-15T22:01:26.9379678Z 1090/2248 Test #1106: rxpa_utf_validation ..........................................   Passed    0.01 sec
2026-09-15T22:01:26.9383458Z           Start 1108: test_jtable_policy
2026-09-15T22:01:26.9437915Z 1091/2248 Test #1107: ts_regvalue_tester ...........................................   Passed    0.01 sec
2026-09-15T22:01:26.9442142Z           Start 1109: test_signal_mask
2026-09-15T22:01:26.9493678Z 1092/2248 Test #1108: test_jtable_policy ...........................................   Passed    0.01 sec
2026-09-15T22:01:26.9497828Z           Start 1110: rxassignalstests
2026-09-15T22:01:26.9530657Z 1093/2248 Test #1109: test_signal_mask .............................................   Passed    0.01 sec
2026-09-15T22:01:26.9534294Z           Start 1111: rxvminstrumentedsignaltests
2026-09-15T22:01:27.0246577Z 1094/2248 Test #1110: rxassignalstests .............................................   Passed    0.07 sec
2026-09-15T22:01:27.0252129Z           Start 1112: rxbvminstrumentedsignaltests
2026-09-15T22:01:27.0367203Z 1095/2248 Test #1111: rxvminstrumentedsignaltests ..................................   Passed    0.08 sec
2026-09-15T22:01:27.0372368Z           Start 1113: rxaspanicaddresstests
2026-09-15T22:01:27.0991598Z 1096/2248 Test #1112: rxbvminstrumentedsignaltests .................................   Passed    0.07 sec
2026-09-15T22:01:27.0996403Z           Start 1114: rxaspanicsourcetests
2026-09-15T22:01:27.1052027Z 1097/2248 Test #1113: rxaspanicaddresstests ........................................   Passed    0.07 sec
2026-09-15T22:01:27.1054747Z           Start 1115: rxasbreakpointaddresstests
2026-09-15T22:01:27.1163938Z 1098/2248 Test #1115: rxasbreakpointaddresstests ...................................   Passed    0.01 sec
2026-09-15T22:01:27.1167834Z           Start 1116: rxasbreakpointtraceeventtests
2026-09-15T22:01:27.1261765Z 1099/2248 Test #1116: rxasbreakpointtraceeventtests ................................   Passed    0.01 sec
2026-09-15T22:01:27.1266419Z           Start 1117: rxvminstrumentedbreakpointtests
2026-09-15T22:01:27.1367372Z 1100/2248 Test #1117: rxvminstrumentedbreakpointtests ..............................   Passed    0.01 sec
2026-09-15T22:01:27.1371165Z           Start 1118: rxbvminstrumentedbreakpointtests
2026-09-15T22:01:27.1475522Z 1101/2248 Test #1118: rxbvminstrumentedbreakpointtests .............................   Passed    0.01 sec
2026-09-15T22:01:27.1479122Z           Start 1119: rxasregisterflagtests
2026-09-15T22:01:27.1568037Z 1102/2248 Test #1119: rxasregisterflagtests ........................................   Passed    0.01 sec
2026-09-15T22:01:27.1571709Z           Start 1120: rxasutfflagtests
2026-09-15T22:01:27.1666694Z 1103/2248 Test #1120: rxasutfflagtests .............................................   Passed    0.01 sec
2026-09-15T22:01:27.1670852Z           Start 1121: rxasutfboundaryfreadlinetests
2026-09-15T22:01:27.1693589Z 1104/2248 Test #1114: rxaspanicsourcetests .........................................   Passed    0.07 sec
2026-09-15T22:01:27.1697307Z           Start 1122: rxasutfboundaryfreadcdpttests
2026-09-15T22:01:27.2136399Z 1105/2248 Test #1121: rxasutfboundaryfreadlinetests ................................   Passed    0.05 sec
2026-09-15T22:01:27.2140765Z           Start 1123: rxasattributebulktests
2026-09-15T22:01:27.2160984Z 1106/2248 Test #1122: rxasutfboundaryfreadcdpttests ................................   Passed    0.05 sec
2026-09-15T22:01:27.2164879Z           Start 1124: rxasreferencetests
2026-09-15T22:01:27.2231920Z 1107/2248 Test #1123: rxasattributebulktests .......................................   Passed    0.01 sec
2026-09-15T22:01:27.2235341Z           Start 1125: rxasreferencecatchtests
2026-09-15T22:01:27.2257590Z 1108/2248 Test #1124: rxasreferencetests ...........................................   Passed    0.01 sec
2026-09-15T22:01:27.2260876Z           Start 1126: rxasperf2referenceguardtests
2026-09-15T22:01:27.2324220Z 1109/2248 Test #1125: rxasreferencecatchtests ......................................   Passed    0.01 sec
2026-09-15T22:01:27.2327400Z           Start 1127: rxasperf2partialreferencetests
2026-09-15T22:01:27.2349077Z 1110/2248 Test #1126: rxasperf2referenceguardtests .................................   Passed    0.01 sec
2026-09-15T22:01:27.2352396Z           Start 1128: rxasperf2exactrelinktests
2026-09-15T22:01:27.2422232Z 1111/2248 Test #1127: rxasperf2partialreferencetests ...............................   Passed    0.01 sec
2026-09-15T22:01:27.2425942Z           Start 1129: rxasobjectinitializationtests
2026-09-15T22:01:27.2451560Z 1112/2248 Test #1128: rxasperf2exactrelinktests ....................................   Passed    0.01 sec
2026-09-15T22:01:27.2455452Z           Start 1130: rxasobjectinitializationcatchtests
2026-09-15T22:01:27.2523242Z 1113/2248 Test #1129: rxasobjectinitializationtests ................................   Passed    0.01 sec
2026-09-15T22:01:27.2526598Z           Start 1131: rxassignalattrcodetests
2026-09-15T22:01:27.2549291Z 1114/2248 Test #1130: rxasobjectinitializationcatchtests ...........................   Passed    0.01 sec
2026-09-15T22:01:27.2552833Z           Start 1132: rxassignalattrnametests
2026-09-15T22:01:27.2620755Z 1115/2248 Test #1131: rxassignalattrcodetests ......................................   Passed    0.01 sec
2026-09-15T22:01:27.2623804Z           Start 1133: rxassignalattrpayloadtests
2026-09-15T22:01:27.2646239Z 1116/2248 Test #1132: rxassignalattrnametests ......................................   Passed    0.01 sec
2026-09-15T22:01:27.2649018Z           Start 1134: rxassignalattrsourcetests
2026-09-15T22:01:27.2712103Z 1117/2248 Test #1133: rxassignalattrpayloadtests ...................................   Passed    0.01 sec
2026-09-15T22:01:27.2715569Z           Start 1135: rxassignalmodeignoretests
2026-09-15T22:01:27.2742022Z 1118/2248 Test #1134: rxassignalattrsourcetests ....................................   Passed    0.01 sec
2026-09-15T22:01:27.2745047Z           Start 1136: rxassignalmodebranchtests
2026-09-15T22:01:27.2802454Z 1119/2248 Test #1135: rxassignalmodeignoretests ....................................   Passed    0.01 sec
2026-09-15T22:01:27.2805700Z           Start 1137: rxassignalmodecallbranchtests
2026-09-15T22:01:27.2833016Z 1120/2248 Test #1136: rxassignalmodebranchtests ....................................   Passed    0.01 sec
2026-09-15T22:01:27.2835883Z           Start 1138: rxassignalmodereturntests
2026-09-15T22:01:27.2899740Z 1121/2248 Test #1137: rxassignalmodecallbranchtests ................................   Passed    0.01 sec
2026-09-15T22:01:27.2903135Z           Start 1139: rxassignalcallunwindtests
2026-09-15T22:01:27.2929600Z 1122/2248 Test #1138: rxassignalmodereturntests ....................................   Passed    0.01 sec
2026-09-15T22:01:27.2932304Z           Start 1140: rxassignalmaskotherignoretests
2026-09-15T22:01:27.2993253Z 1123/2248 Test #1139: rxassignalcallunwindtests ....................................   Passed    0.01 sec
2026-09-15T22:01:27.2997130Z           Start 1141: rxassignalmaskbreakpointignoretests
2026-09-15T22:01:27.3023440Z 1124/2248 Test #1140: rxassignalmaskotherignoretests ...............................   Passed    0.01 sec
2026-09-15T22:01:27.3027350Z           Start 1142: rxassignalsilenthalttests
2026-09-15T22:01:27.3095284Z 1125/2248 Test #1141: rxassignalmaskbreakpointignoretests ..........................   Passed    0.01 sec
2026-09-15T22:01:27.3098883Z           Start 1143: rxassignalframescopechildtests
2026-09-15T22:01:27.3119792Z 1126/2248 Test #1142: rxassignalsilenthalttests ....................................   Passed    0.01 sec
2026-09-15T22:01:27.3123529Z           Start 1144: rxassignalframescopeparenttests
2026-09-15T22:01:27.3187158Z 1127/2248 Test #1143: rxassignalframescopechildtests ...............................   Passed    0.01 sec
2026-09-15T22:01:27.3189772Z           Start 1145: rxassignalnestedpendingtests
2026-09-15T22:01:27.3213719Z 1128/2248 Test #1144: rxassignalframescopeparenttests ..............................   Passed    0.01 sec
2026-09-15T22:01:27.3216813Z           Start 1146: rxassignalactionskiptests
2026-09-15T22:01:27.3277670Z 1129/2248 Test #1145: rxassignalnestedpendingtests .................................   Passed    0.01 sec
2026-09-15T22:01:27.3281045Z           Start 1147: rxassignalactiondynamictests
2026-09-15T22:01:27.3307532Z 1130/2248 Test #1146: rxassignalactionskiptests ....................................   Passed    0.01 sec
2026-09-15T22:01:27.3310548Z           Start 1148: rxassignalretryretiredtests
2026-09-15T22:01:27.3378177Z 1131/2248 Test #1147: rxassignalactiondynamictests .................................   Passed    0.01 sec
2026-09-15T22:01:27.3382527Z           Start 1149: rxassignalpushpoprestoretests
2026-09-15T22:01:27.3490101Z 1132/2248 Test #1149: rxassignalpushpoprestoretests ................................   Passed    0.01 sec
2026-09-15T22:01:27.3493906Z           Start 1150: rxassignalpushpopbranchtests
2026-09-15T22:01:27.3579378Z 1133/2248 Test #1150: rxassignalpushpopbranchtests .................................   Passed    0.01 sec
2026-09-15T22:01:27.3582635Z           Start 1151: rxassignalpushpophandlerrestoretests
2026-09-15T22:01:27.3680074Z 1134/2248 Test #1151: rxassignalpushpophandlerrestoretests .........................   Passed    0.01 sec
2026-09-15T22:01:27.3683384Z           Start 1152: rxassignalbrvrawtests
2026-09-15T22:01:27.3785386Z 1135/2248 Test #1152: rxassignalbrvrawtests ........................................   Passed    0.01 sec
2026-09-15T22:01:27.3789602Z           Start 1153: rxassignalbrvnametests
2026-09-15T22:01:27.3884110Z 1136/2248 Test #1153: rxassignalbrvnametests .......................................   Passed    0.01 sec
2026-09-15T22:01:27.3888026Z           Start 1154: rxassignalbrvpayloadtests
2026-09-15T22:01:27.3986256Z 1137/2248 Test #1154: rxassignalbrvpayloadtests ....................................   Passed    0.01 sec
2026-09-15T22:01:27.3990382Z           Start 1155: rxasnr09superinstructiontests
2026-09-15T22:01:27.4010231Z 1138/2248 Test #1148: rxassignalretryretiredtests ..................................   Passed    0.07 sec
2026-09-15T22:01:27.4013620Z           Start 1156: rxasbasictests
2026-09-15T22:01:27.4085608Z 1139/2248 Test #1155: rxasnr09superinstructiontests ................................   Passed    0.01 sec
2026-09-15T22:01:27.4088684Z           Start 1157: rxasdispatchcontract-rxbvm
2026-09-15T22:01:27.4111145Z 1140/2248 Test #1156: rxasbasictests ...............................................   Passed    0.01 sec
2026-09-15T22:01:27.4114951Z           Start 1158: rxasdispatchcontract-rxtvm
2026-09-15T22:01:27.4183433Z 1141/2248 Test #1157: rxasdispatchcontract-rxbvm ...................................   Passed    0.01 sec
2026-09-15T22:01:27.4186869Z           Start 1159: rxasintmathtests
2026-09-15T22:01:27.4212430Z 1142/2248 Test #1158: rxasdispatchcontract-rxtvm ...................................   Passed    0.01 sec
2026-09-15T22:01:27.4215835Z           Start 1160: rxasintcontracttests
2026-09-15T22:01:27.4285448Z 1143/2248 Test #1159: rxasintmathtests .............................................   Passed    0.01 sec
2026-09-15T22:01:27.4289546Z           Start 1161: rxasintoverflowpositive
2026-09-15T22:01:27.4323708Z 1144/2248 Test #1160: rxasintcontracttests .........................................   Passed    0.01 sec
2026-09-15T22:01:27.4327513Z           Start 1162: rxasintoverflownegative
2026-09-15T22:01:27.4658552Z 1145/2248 Test #1161: rxasintoverflowpositive ......................................   Passed    0.04 sec
2026-09-15T22:01:27.4663319Z           Start 1163: rxasfloatmathtests
2026-09-15T22:01:27.4689783Z 1146/2248 Test #1162: rxasintoverflownegative ......................................   Passed    0.04 sec
2026-09-15T22:01:27.4693916Z           Start 1164: rxasfloatpooltests
2026-09-15T22:01:27.4761022Z 1147/2248 Test #1163: rxasfloatmathtests ...........................................   Passed    0.01 sec
2026-09-15T22:01:27.4763818Z           Start 1165: float_pool_format_check
2026-09-15T22:01:27.4808499Z 1148/2248 Test #1164: rxasfloatpooltests ...........................................   Passed    0.01 sec
2026-09-15T22:01:27.4811109Z           Start 1166: rxascompactformattests
2026-09-15T22:01:27.4843417Z 1149/2248 Test #1165: float_pool_format_check ......................................   Passed    0.01 sec
2026-09-15T22:01:27.4847215Z           Start 1167: compact_format_check
2026-09-15T22:01:27.4894470Z 1150/2248 Test #1166: rxascompactformattests .......................................   Passed    0.01 sec
2026-09-15T22:01:27.4898494Z           Start 1168: rxasstringtests
2026-09-15T22:01:27.4931483Z 1151/2248 Test #1167: compact_format_check .........................................   Passed    0.01 sec
2026-09-15T22:01:27.4935202Z           Start 1169: rxaslogicflowtests
2026-09-15T22:01:27.4993399Z 1152/2248 Test #1168: rxasstringtests ..............................................   Passed    0.01 sec
2026-09-15T22:01:27.4997576Z           Start 1170: rxassystemiotests
2026-09-15T22:01:27.5023898Z 1153/2248 Test #1169: rxaslogicflowtests ...........................................   Passed    0.01 sec
2026-09-15T22:01:27.5027037Z           Start 1171: rxasbinaryslicetests
2026-09-15T22:01:27.5098250Z 1154/2248 Test #1170: rxassystemiotests ............................................   Passed    0.01 sec
2026-09-15T22:01:27.5101957Z           Start 1172: rxasbinarymemorytests
2026-09-15T22:01:27.5125059Z 1155/2248 Test #1171: rxasbinaryslicetests .........................................   Passed    0.01 sec
2026-09-15T22:01:27.5128823Z           Start 1173: gate_f_channel_local_rxbvm
2026-09-15T22:01:27.5194448Z 1156/2248 Test #1172: rxasbinarymemorytests ........................................   Passed    0.01 sec
2026-09-15T22:01:27.5198111Z           Start 1174: gate_f_channel_local_rxtvm
2026-09-15T22:01:27.5711417Z 1157/2248 Test #1174: gate_f_channel_local_rxtvm ...................................   Passed    0.05 sec
2026-09-15T22:01:27.5714261Z 1158/2248 Test #1173: gate_f_channel_local_rxbvm ...................................   Passed    0.06 sec
2026-09-15T22:01:27.5717621Z           Start 1175: rxvmchannel_process_crash_replacement
2026-09-15T22:01:27.5760411Z           Start 1176: gate_f_channel_process_rxbvm
2026-09-15T22:01:28.3472471Z 1159/2248 Test #1175: rxvmchannel_process_crash_replacement ........................   Passed    0.78 sec
2026-09-15T22:01:28.3477544Z           Start 1177: gate_f_channel_process_rxtvm
2026-09-15T22:01:28.5372372Z 1160/2248 Test #1176: gate_f_channel_process_rxbvm .................................   Passed    0.96 sec
2026-09-15T22:01:28.5376721Z           Start 1178: retired_process_opcode_466_rxbvm
2026-09-15T22:01:28.5986050Z 1161/2248 Test #1178: retired_process_opcode_466_rxbvm .............................   Passed    0.06 sec
2026-09-15T22:01:28.5989865Z           Start 1179: retired_process_opcode_466_rxtvm
2026-09-15T22:01:28.6655849Z 1162/2248 Test #1179: retired_process_opcode_466_rxtvm .............................   Passed    0.07 sec
2026-09-15T22:01:28.6660286Z           Start 1180: retired_process_opcode_467_rxbvm
2026-09-15T22:01:28.7325601Z 1163/2248 Test #1180: retired_process_opcode_467_rxbvm .............................   Passed    0.07 sec
2026-09-15T22:01:28.7329562Z           Start 1181: retired_process_opcode_467_rxtvm
2026-09-15T22:01:28.7961089Z 1164/2248 Test #1181: retired_process_opcode_467_rxtvm .............................   Passed    0.06 sec
2026-09-15T22:01:28.7966301Z           Start 1182: retired_process_opcode_468_rxbvm
2026-09-15T22:01:28.8628526Z 1165/2248 Test #1182: retired_process_opcode_468_rxbvm .............................   Passed    0.07 sec
2026-09-15T22:01:28.8632580Z           Start 1183: retired_process_opcode_468_rxtvm
2026-09-15T22:01:28.9316654Z 1166/2248 Test #1183: retired_process_opcode_468_rxtvm .............................   Passed    0.07 sec
2026-09-15T22:01:28.9321427Z           Start 1184: retired_process_opcode_469_rxbvm
2026-09-15T22:01:29.0019922Z 1167/2248 Test #1184: retired_process_opcode_469_rxbvm .............................   Passed    0.07 sec
2026-09-15T22:01:29.0024489Z           Start 1185: retired_process_opcode_469_rxtvm
2026-09-15T22:01:29.0734977Z 1168/2248 Test #1185: retired_process_opcode_469_rxtvm .............................   Passed    0.07 sec
2026-09-15T22:01:29.0739241Z           Start 1186: retired_process_opcode_470_rxbvm
2026-09-15T22:01:29.1389100Z 1169/2248 Test #1186: retired_process_opcode_470_rxbvm .............................   Passed    0.06 sec
2026-09-15T22:01:29.1393422Z           Start 1187: retired_process_opcode_470_rxtvm
2026-09-15T22:01:29.2057697Z 1170/2248 Test #1187: retired_process_opcode_470_rxtvm .............................   Passed    0.07 sec
2026-09-15T22:01:29.2061656Z           Start 1188: retired_process_opcode_471_rxbvm
2026-09-15T22:01:29.2205581Z 1171/2248 Test #1177: gate_f_channel_process_rxtvm .................................   Passed    0.87 sec
2026-09-15T22:01:29.2209702Z           Start 1189: retired_process_opcode_471_rxtvm
2026-09-15T22:01:29.2763377Z 1172/2248 Test #1188: retired_process_opcode_471_rxbvm .............................   Passed    0.07 sec
2026-09-15T22:01:29.2769062Z           Start 1190: rxasjumptabletests
2026-09-15T22:01:29.2871051Z 1173/2248 Test #1190: rxasjumptabletests ...........................................   Passed    0.01 sec
2026-09-15T22:01:29.2876787Z           Start 1191: rxasjumptablelinearsources
2026-09-15T22:01:29.2897186Z 1174/2248 Test #1189: retired_process_opcode_471_rxtvm .............................   Passed    0.07 sec
2026-09-15T22:01:29.2900912Z           Start 1192: rxasjumptableopenhashsources
2026-09-15T22:01:29.2973843Z 1175/2248 Test #1191: rxasjumptablelinearsources ...................................   Passed    0.01 sec
2026-09-15T22:01:29.2977561Z           Start 1193: rxasjumptableacphsources
2026-09-15T22:01:29.2998153Z 1176/2248 Test #1192: rxasjumptableopenhashsources .................................   Passed    0.01 sec
2026-09-15T22:01:29.3001848Z           Start 1194: rxasjumptableautosources
2026-09-15T22:01:29.3069982Z 1177/2248 Test #1193: rxasjumptableacphsources .....................................   Passed    0.01 sec
2026-09-15T22:01:29.3074015Z           Start 1195: rxasjumptablehashedges
2026-09-15T22:01:29.3101502Z 1178/2248 Test #1194: rxasjumptableautosources .....................................   Passed    0.01 sec
2026-09-15T22:01:29.3105344Z           Start 1196: rxasjumptableautoedges
2026-09-15T22:01:29.3171298Z 1179/2248 Test #1195: rxasjumptablehashedges .......................................   Passed    0.01 sec
2026-09-15T22:01:29.3174642Z           Start 1197: rxasjumptablerexxstrings
2026-09-15T22:01:29.3195482Z 1180/2248 Test #1196: rxasjumptableautoedges .......................................   Passed    0.01 sec
2026-09-15T22:01:29.3198634Z           Start 1198: rxasjumptableboundaries
2026-09-15T22:01:29.3260366Z 1181/2248 Test #1197: rxasjumptablerexxstrings .....................................   Passed    0.01 sec
2026-09-15T22:01:29.3263987Z           Start 1199: rxasjtablecorruptalgorithm_rxvm
2026-09-15T22:01:29.3291085Z 1182/2248 Test #1198: rxasjumptableboundaries ......................................   Passed    0.01 sec
2026-09-15T22:01:29.3295024Z           Start 1200: rxasjtablecorruptheader_rxvm
2026-09-15T22:01:29.3662616Z 1183/2248 Test #1199: rxasjtablecorruptalgorithm_rxvm ..............................   Passed    0.04 sec
2026-09-15T22:01:29.3667187Z           Start 1201: rxasjtablecorruptlinearkey_rxvm
2026-09-15T22:01:29.3688763Z 1184/2248 Test #1200: rxasjtablecorruptheader_rxvm .................................   Passed    0.04 sec
2026-09-15T22:01:29.3692263Z           Start 1202: rxasjtablecorruptlineartarget_rxvm
2026-09-15T22:01:29.4076444Z 1185/2248 Test #1201: rxasjtablecorruptlinearkey_rxvm ..............................   Passed    0.04 sec
2026-09-15T22:01:29.4081033Z           Start 1203: rxasjtablecorruptopenslot_rxvm
2026-09-15T22:01:29.4103900Z 1186/2248 Test #1202: rxasjtablecorruptlineartarget_rxvm ...........................   Passed    0.04 sec
2026-09-15T22:01:29.4108072Z           Start 1204: rxasjtablecorruptacphslot_rxvm
2026-09-15T22:01:29.4536492Z 1187/2248 Test #1203: rxasjtablecorruptopenslot_rxvm ...............................   Passed    0.04 sec
2026-09-15T22:01:29.4540656Z           Start 1205: rxasjtablecorruptacphtarget_rxvm
2026-09-15T22:01:29.4562399Z 1188/2248 Test #1204: rxasjtablecorruptacphslot_rxvm ...............................   Passed    0.04 sec
2026-09-15T22:01:29.4565575Z           Start 1206: rxasjumptablebadnolabel
2026-09-15T22:01:29.4941729Z 1189/2248 Test #1206: rxasjumptablebadnolabel ......................................   Passed    0.04 sec
2026-09-15T22:01:29.4947436Z           Start 1207: rxasjumptablebadunknown
2026-09-15T22:01:29.4975494Z 1190/2248 Test #1205: rxasjtablecorruptacphtarget_rxvm .............................   Passed    0.04 sec
2026-09-15T22:01:29.4979961Z           Start 1208: rxasjumptablebadjumpbsvariable
2026-09-15T22:01:29.5330295Z 1191/2248 Test #1207: rxasjumptablebadunknown ......................................   Passed    0.04 sec
2026-09-15T22:01:29.5335023Z           Start 1209: rxasjumptablebadduplicate
2026-09-15T22:01:29.5358339Z 1192/2248 Test #1208: rxasjumptablebadjumpbsvariable ...............................   Passed    0.04 sec
2026-09-15T22:01:29.5363064Z           Start 1210: rxasjumptablebadtypemismatch
2026-09-15T22:01:29.5710523Z 1193/2248 Test #1209: rxasjumptablebadduplicate ....................................   Passed    0.04 sec
2026-09-15T22:01:29.5714548Z           Start 1211: rxasjumptablebadempty
2026-09-15T22:01:29.5737071Z 1194/2248 Test #1210: rxasjumptablebadtypemismatch .................................   Passed    0.04 sec
2026-09-15T22:01:29.5740713Z           Start 1212: rxasjumptablebadduplicatebinary
2026-09-15T22:01:29.6086105Z 1195/2248 Test #1211: rxasjumptablebadempty ........................................   Passed    0.04 sec
2026-09-15T22:01:29.6090879Z           Start 1213: rxasjumptablebadduplicatetable
2026-09-15T22:01:29.6112554Z 1196/2248 Test #1212: rxasjumptablebadduplicatebinary ..............................   Passed    0.04 sec
2026-09-15T22:01:29.6116226Z           Start 1214: rxasjumptablebadalgorithmname
2026-09-15T22:01:29.6456228Z 1197/2248 Test #1213: rxasjumptablebadduplicatetable ...............................   Passed    0.04 sec
2026-09-15T22:01:29.6461395Z           Start 1215: rxasjumptablebadoperand
2026-09-15T22:01:29.6483832Z 1198/2248 Test #1214: rxasjumptablebadalgorithmname ................................   Passed    0.04 sec
2026-09-15T22:01:29.6487513Z           Start 1216: rxasjumptablebadnumerickey
2026-09-15T22:01:29.6820600Z 1199/2248 Test #1215: rxasjumptablebadoperand ......................................   Passed    0.04 sec
2026-09-15T22:01:29.6824873Z           Start 1217: rxasjumptablebadnumericduplicate
2026-09-15T22:01:29.6846208Z 1200/2248 Test #1216: rxasjumptablebadnumerickey ...................................   Passed    0.04 sec
2026-09-15T22:01:29.6857320Z           Start 1218: rxasjumptablebadpaddedduplicate
2026-09-15T22:01:29.7190813Z 1201/2248 Test #1217: rxasjumptablebadnumericduplicate .............................   Passed    0.04 sec
2026-09-15T22:01:29.7195357Z           Start 1219: rxasjumptablebadmatchmode
2026-09-15T22:01:29.7217509Z 1202/2248 Test #1218: rxasjumptablebadpaddedduplicate ..............................   Passed    0.04 sec
2026-09-15T22:01:29.7221468Z           Start 1220: rxasjumptablebadoutsideprocedure
2026-09-15T22:01:29.7605775Z 1203/2248 Test #1219: rxasjumptablebadmatchmode ....................................   Passed    0.04 sec
2026-09-15T22:01:29.7610215Z           Start 1221: rxasjumptablebadcaseonly
2026-09-15T22:01:29.7636461Z 1204/2248 Test #1220: rxasjumptablebadoutsideprocedure .............................   Passed    0.04 sec
2026-09-15T22:01:29.7640730Z           Start 1222: rxasjumptablebadprocedurescope
2026-09-15T22:01:29.7998113Z 1205/2248 Test #1221: rxasjumptablebadcaseonly .....................................   Passed    0.04 sec
2026-09-15T22:01:29.8002898Z           Start 1223: rxasjumptablebadjumpbsempty
2026-09-15T22:01:29.8025895Z 1206/2248 Test #1222: rxasjumptablebadprocedurescope ...............................   Passed    0.04 sec
2026-09-15T22:01:29.8029953Z           Start 1224: rxasjumptablebadutf8
2026-09-15T22:01:29.8398179Z 1207/2248 Test #1224: rxasjumptablebadutf8 .........................................   Passed    0.04 sec
2026-09-15T22:01:29.8402166Z           Start 1225: rxasjumptablebadnumericzeroduplicate
2026-09-15T22:01:29.8422870Z 1208/2248 Test #1223: rxasjumptablebadjumpbsempty ..................................   Passed    0.04 sec
2026-09-15T22:01:29.8427063Z           Start 1226: rxassockettests
2026-09-15T22:01:29.8566675Z 1209/2248 Test #1226: rxassockettests ..............................................   Passed    0.01 sec
2026-09-15T22:01:29.8569872Z           Start 1227: rxasdecimaltests
2026-09-15T22:01:29.8679708Z 1210/2248 Test #1227: rxasdecimaltests .............................................   Passed    0.01 sec
2026-09-15T22:01:29.8683793Z           Start 1228: rxasdecimaltests-mc
2026-09-15T22:01:29.8779594Z 1211/2248 Test #1225: rxasjumptablebadnumericzeroduplicate .........................   Passed    0.04 sec
2026-09-15T22:01:29.8783624Z           Start 1229: rxasdecimaltests-db
2026-09-15T22:01:29.8804686Z 1212/2248 Test #1228: rxasdecimaltests-mc ..........................................   Passed    0.01 sec
2026-09-15T22:01:29.8808824Z           Start 1230: rxasconversiontests
2026-09-15T22:01:29.8892720Z 1213/2248 Test #1229: rxasdecimaltests-db ..........................................   Passed    0.01 sec
2026-09-15T22:01:29.8896967Z           Start 1231: rxasobjecttests
2026-09-15T22:01:29.8917027Z 1214/2248 Test #1230: rxasconversiontests ..........................................   Passed    0.01 sec
2026-09-15T22:01:29.8921024Z           Start 1232: rxasreflectiontests
2026-09-15T22:01:29.8989243Z 1215/2248 Test #1231: rxasobjecttests ..............................................   Passed    0.01 sec
2026-09-15T22:01:29.8992889Z           Start 1233: rxasinterfacetests
2026-09-15T22:01:29.9017331Z 1216/2248 Test #1232: rxasreflectiontests ..........................................   Passed    0.01 sec
2026-09-15T22:01:29.9021446Z           Start 1234: rxasselectordescriptortests
2026-09-15T22:01:29.9092772Z 1217/2248 Test #1233: rxasinterfacetests ...........................................   Passed    0.01 sec
2026-09-15T22:01:29.9096113Z           Start 1235: rxasselectordescriptorbadmethod
2026-09-15T22:01:29.9118224Z 1218/2248 Test #1234: rxasselectordescriptortests ..................................   Passed    0.01 sec
2026-09-15T22:01:29.9122771Z           Start 1236: rxasselectordescriptorbadfactory
2026-09-15T22:01:29.9549918Z 1219/2248 Test #1235: rxasselectordescriptorbadmethod ..............................   Passed    0.04 sec
2026-09-15T22:01:29.9555664Z           Start 1238: rxasinstructiongaptests
2026-09-15T22:01:29.9580899Z 1220/2248 Test #1236: rxasselectordescriptorbadfactory .............................   Passed    0.05 sec
2026-09-15T22:01:29.9584484Z           Start 1239: rxaswideoperandtests
2026-09-15T22:01:29.9678418Z 1221/2248 Test #1238: rxasinstructiongaptests ......................................   Passed    0.01 sec
2026-09-15T22:01:29.9681310Z           Start 1240: reentrancy_check
2026-09-15T22:01:29.9724877Z 1222/2248 Test #1239: rxaswideoperandtests .........................................   Passed    0.01 sec
2026-09-15T22:01:29.9728946Z           Start 1241: module_initializers-rxvml
2026-09-15T22:01:29.9798606Z 1223/2248 Test #1240: reentrancy_check .............................................   Passed    0.01 sec
2026-09-15T22:01:29.9802594Z           Start 1242: module_initializers-rxbvml
2026-09-15T22:01:29.9900679Z 1224/2248 Test #1241: module_initializers-rxvml ....................................   Passed    0.02 sec
2026-09-15T22:01:29.9904922Z           Start 1243: module_initializers-rxtvml
2026-09-15T22:01:29.9960381Z 1225/2248 Test #1242: module_initializers-rxbvml ...................................   Passed    0.02 sec
2026-09-15T22:01:29.9964766Z           Start 1244: program_generation_control-rxvml
2026-09-15T22:01:30.0082483Z 1226/2248 Test #1243: module_initializers-rxtvml ...................................   Passed    0.02 sec
2026-09-15T22:01:30.0086181Z           Start 1245: program_generation_control-rxbvml
2026-09-15T22:01:30.0134757Z 1227/2248 Test #1244: program_generation_control-rxvml .............................   Passed    0.02 sec
2026-09-15T22:01:30.0138666Z           Start 1246: program_generation_control-rxtvml
2026-09-15T22:01:30.0235338Z 1228/2248 Test #1245: program_generation_control-rxbvml ............................   Passed    0.01 sec
2026-09-15T22:01:30.0240108Z           Start 1247: persistent_worker_executor-rxvml
2026-09-15T22:01:30.0293517Z 1229/2248 Test #1246: program_generation_control-rxtvml ............................   Passed    0.02 sec
2026-09-15T22:01:30.0297620Z           Start 1249: persistent_worker_executor-rxvml-sparse-owner
2026-09-15T22:01:30.1141961Z 1230/2248 Test #1247: persistent_worker_executor-rxvml .............................   Passed    0.09 sec
2026-09-15T22:01:30.1147645Z           Start 1251: persistent_worker_executor-rxvml-sparse-progress
2026-09-15T22:01:30.1313469Z 1231/2248 Test #1249: persistent_worker_executor-rxvml-sparse-owner ................   Passed    0.10 sec
2026-09-15T22:01:30.1318538Z           Start 1252: persistent_worker_executor-rxvml-native-return
2026-09-15T22:01:30.1529719Z 1232/2248 Test #1251: persistent_worker_executor-rxvml-sparse-progress .............   Passed    0.04 sec
2026-09-15T22:01:30.1534822Z           Start 1262: persistent_worker_executor-rxvml-doorbell-fallback
2026-09-15T22:01:30.1886739Z 1233/2248 Test #1262: persistent_worker_executor-rxvml-doorbell-fallback ...........   Passed    0.03 sec
2026-09-15T22:01:30.1890975Z           Start 1263: persistent_worker_executor-rxvml-fallback
2026-09-15T22:01:30.1912683Z 1234/2248 Test #1252: persistent_worker_executor-rxvml-native-return ...............   Passed    0.06 sec
2026-09-15T22:01:30.1916997Z           Start 1265: persistent_worker_executor-rxvml-sparse-progress-fallback
2026-09-15T22:01:30.2275738Z 1235/2248 Test #1265: persistent_worker_executor-rxvml-sparse-progress-fallback ....   Passed    0.04 sec
2026-09-15T22:01:30.2279613Z           Start 1266: persistent_worker_executor-rxbvml
2026-09-15T22:01:30.2914261Z 1236/2248 Test #1263: persistent_worker_executor-rxvml-fallback ....................   Passed    0.10 sec
2026-09-15T22:01:30.2918155Z           Start 1268: persistent_worker_executor-rxbvml-sparse-owner
2026-09-15T22:01:30.3141536Z 1237/2248 Test #1266: persistent_worker_executor-rxbvml ............................   Passed    0.09 sec
2026-09-15T22:01:30.3146113Z           Start 1270: persistent_worker_executor-rxbvml-sparse-progress
2026-09-15T22:01:30.3514200Z 1238/2248 Test #1270: persistent_worker_executor-rxbvml-sparse-progress ............   Passed    0.04 sec
2026-09-15T22:01:30.3518133Z           Start 1271: persistent_worker_executor-rxbvml-native-return
2026-09-15T22:01:30.3998092Z 1239/2248 Test #1268: persistent_worker_executor-rxbvml-sparse-owner ...............   Passed    0.11 sec
2026-09-15T22:01:30.4002357Z           Start 1281: persistent_worker_executor-rxbvml-doorbell-fallback
2026-09-15T22:01:30.4146767Z 1240/2248 Test #1271: persistent_worker_executor-rxbvml-native-return ..............   Passed    0.06 sec
2026-09-15T22:01:30.4151550Z           Start 1282: persistent_worker_executor-rxbvml-fallback
2026-09-15T22:01:30.4366390Z 1241/2248 Test #1281: persistent_worker_executor-rxbvml-doorbell-fallback ..........   Passed    0.04 sec
2026-09-15T22:01:30.4371060Z           Start 1284: persistent_worker_executor-rxbvml-sparse-progress-fallback
2026-09-15T22:01:30.4709941Z 1242/2248 Test #1284: persistent_worker_executor-rxbvml-sparse-progress-fallback ...   Passed    0.03 sec
2026-09-15T22:01:30.4713631Z           Start 1285: persistent_worker_executor-rxtvml
2026-09-15T22:01:30.5277130Z 1243/2248 Test #1282: persistent_worker_executor-rxbvml-fallback ...................   Passed    0.11 sec
2026-09-15T22:01:30.5281665Z           Start 1287: persistent_worker_executor-rxtvml-sparse-owner
2026-09-15T22:01:30.5619578Z 1244/2248 Test #1285: persistent_worker_executor-rxtvml ............................   Passed    0.09 sec
2026-09-15T22:01:30.5623610Z           Start 1289: persistent_worker_executor-rxtvml-sparse-progress
2026-09-15T22:01:30.5966794Z 1245/2248 Test #1289: persistent_worker_executor-rxtvml-sparse-progress ............   Passed    0.03 sec
2026-09-15T22:01:30.5970692Z           Start 1290: persistent_worker_executor-rxtvml-native-return
2026-09-15T22:01:30.6330091Z 1246/2248 Test #1287: persistent_worker_executor-rxtvml-sparse-owner ...............   Passed    0.10 sec
2026-09-15T22:01:30.6335521Z           Start 1300: persistent_worker_executor-rxtvml-doorbell-fallback
2026-09-15T22:01:30.6528122Z 1247/2248 Test #1290: persistent_worker_executor-rxtvml-native-return ..............   Passed    0.06 sec
2026-09-15T22:01:30.6531751Z           Start 1301: persistent_worker_executor-rxtvml-fallback
2026-09-15T22:01:30.6702962Z 1248/2248 Test #1300: persistent_worker_executor-rxtvml-doorbell-fallback ..........   Passed    0.04 sec
2026-09-15T22:01:30.6707173Z           Start 1303: persistent_worker_executor-rxtvml-sparse-progress-fallback
2026-09-15T22:01:30.7083240Z 1249/2248 Test #1303: persistent_worker_executor-rxtvml-sparse-progress-fallback ...   Passed    0.04 sec
2026-09-15T22:01:30.7086705Z           Start 1304: db_decimal_archive_link
2026-09-15T22:01:30.7196832Z 1250/2248 Test #1304: db_decimal_archive_link ......................................   Passed    0.01 sec
2026-09-15T22:01:30.7199661Z           Start 1305: decnumber_test
2026-09-15T22:01:30.7283521Z 1251/2248 Test #1305: decnumber_test ...............................................   Passed    0.01 sec
2026-09-15T22:01:30.7286856Z           Start 1306: mc_decimal_test1
2026-09-15T22:01:30.7363775Z 1252/2248 Test #1306: mc_decimal_test1 .............................................   Passed    0.01 sec
2026-09-15T22:01:30.7367399Z           Start 1307: mc_decimal_test2
2026-09-15T22:01:30.7423737Z 1253/2248 Test #1307: mc_decimal_test2 .............................................   Passed    0.01 sec
2026-09-15T22:01:30.7426495Z           Start 1308: mc_decimal_test3
2026-09-15T22:01:30.7481465Z 1254/2248 Test #1308: mc_decimal_test3 .............................................   Passed    0.01 sec
2026-09-15T22:01:30.7484323Z           Start 1309: mc_decimal_dyn_test1
2026-09-15T22:01:30.7572495Z 1255/2248 Test #1309: mc_decimal_dyn_test1 .........................................   Passed    0.01 sec
2026-09-15T22:01:30.7575495Z           Start 1310: mc_decimal_manual_test1
2026-09-15T22:01:30.7618821Z 1256/2248 Test #1301: persistent_worker_executor-rxtvml-fallback ...................   Passed    0.11 sec
2026-09-15T22:01:30.7622865Z           Start 1311: mc_decimal_full_tests
2026-09-15T22:01:30.7669205Z 1257/2248 Test #1310: mc_decimal_manual_test1 ......................................   Passed    0.01 sec
2026-09-15T22:01:30.7672163Z           Start 1312: db_decimal_tests
2026-09-15T22:01:30.7734454Z 1258/2248 Test #1311: mc_decimal_full_tests ........................................   Passed    0.01 sec
2026-09-15T22:01:30.7739087Z           Start 1313: rxpp_smoke
2026-09-15T22:01:30.7784200Z 1259/2248 Test #1312: db_decimal_tests .............................................   Passed    0.01 sec
2026-09-15T22:01:30.7787494Z           Start 1314: rxpp_srcmap
2026-09-15T22:01:32.0991099Z 1260/2248 Test #1313: rxpp_smoke ...................................................   Passed    1.32 sec
2026-09-15T22:01:32.0994909Z           Start 1315: rxpp_relative_include
2026-09-15T22:01:32.1537576Z 1261/2248 Test #1314: rxpp_srcmap ..................................................   Passed    1.37 sec
2026-09-15T22:01:32.1543282Z           Start 1316: rxpp_script_macro_exact_match
2026-09-15T22:01:32.1963721Z 1262/2248 Test #1315: rxpp_relative_include ........................................   Passed    0.10 sec
2026-09-15T22:01:32.1967526Z           Start 1317: rxpp_loadmacro
2026-09-15T22:01:32.2552664Z 1263/2248 Test #1316: rxpp_script_macro_exact_match ................................   Passed    0.10 sec
2026-09-15T22:01:32.2557426Z           Start 1318: rxpp_diagnostics
2026-09-15T22:01:32.3034405Z 1264/2248 Test #1317: rxpp_loadmacro ...............................................   Passed    0.11 sec
2026-09-15T22:01:32.3038650Z           Start 1319: rxpp_diagnostic_catalogs
2026-09-15T22:01:33.4100190Z 1265/2248 Test #1318: rxpp_diagnostics .............................................   Passed    1.15 sec
2026-09-15T22:01:33.4104851Z           Start 1320: ts_linein_stdin_prompt
2026-09-15T22:01:33.6329164Z 1266/2248 Test #1320: ts_linein_stdin_prompt .......................................   Passed    0.22 sec
2026-09-15T22:01:33.6334138Z           Start 1321: ts_linein_stdin_crexx_driver
2026-09-15T22:01:34.2523278Z 1267/2248 Test #1319: rxpp_diagnostic_catalogs .....................................   Passed    1.95 sec
2026-09-15T22:01:34.2528977Z           Start 1322: tlinesz_noopt
2026-09-15T22:01:34.2827611Z 1268/2248 Test #1322: tlinesz_noopt ................................................   Passed    0.03 sec
2026-09-15T22:01:34.2832907Z           Start 1323: tlinesz_opt
2026-09-15T22:01:34.3795021Z 1269/2248 Test #1323: tlinesz_opt ..................................................   Passed    0.10 sec
2026-09-15T22:01:34.3799419Z           Start 1324: ts_abbrev_noopt
2026-09-15T22:01:34.4129920Z 1270/2248 Test #1324: ts_abbrev_noopt ..............................................   Passed    0.03 sec
2026-09-15T22:01:34.4134736Z           Start 1325: ts_abbrev_opt
2026-09-15T22:01:34.5122685Z 1271/2248 Test #1325: ts_abbrev_opt ................................................   Passed    0.10 sec
2026-09-15T22:01:34.5127133Z           Start 1326: ts_abs_noopt
2026-09-15T22:01:34.5404650Z 1272/2248 Test #1326: ts_abs_noopt .................................................   Passed    0.03 sec
2026-09-15T22:01:34.5409272Z           Start 1327: ts_abs_opt
2026-09-15T22:01:34.6339249Z 1273/2248 Test #1327: ts_abs_opt ...................................................   Passed    0.09 sec
2026-09-15T22:01:34.6344212Z           Start 1328: ts_typed_numeric_noopt
2026-09-15T22:01:34.6533421Z 1274/2248 Test #1321: ts_linein_stdin_crexx_driver .................................   Passed    1.02 sec
2026-09-15T22:01:34.6537538Z           Start 1329: ts_typed_numeric_opt
2026-09-15T22:01:34.6687205Z 1275/2248 Test #1328: ts_typed_numeric_noopt .......................................   Passed    0.03 sec
2026-09-15T22:01:34.6691437Z           Start 1330: ts_address_protocol_noopt
2026-09-15T22:01:34.7111186Z 1276/2248 Test #1330: ts_address_protocol_noopt ....................................   Passed    0.04 sec
2026-09-15T22:01:34.7129192Z           Start 1331: ts_address_protocol_opt
2026-09-15T22:01:34.7640396Z 1277/2248 Test #1329: ts_typed_numeric_opt .........................................   Passed    0.11 sec
2026-09-15T22:01:34.7645343Z           Start 1334: ts_address_crexx_noopt
2026-09-15T22:01:34.8908189Z 1278/2248 Test #1331: ts_address_protocol_opt ......................................   Passed    0.18 sec
2026-09-15T22:01:34.8912760Z           Start 1335: ts_address_crexx_opt
2026-09-15T22:01:34.8947518Z 1279/2248 Test #1334: ts_address_crexx_noopt .......................................   Passed    0.13 sec
2026-09-15T22:01:34.8951335Z           Start 1336: ts_address_capture_noopt
2026-09-15T22:01:34.9426951Z 1280/2248 Test #1336: ts_address_capture_noopt .....................................   Passed    0.05 sec
2026-09-15T22:01:34.9431458Z           Start 1337: ts_address_capture_opt
2026-09-15T22:01:35.1332235Z 1281/2248 Test #1337: ts_address_capture_opt .......................................   Passed    0.19 sec
2026-09-15T22:01:35.1340371Z           Start 1338: ts_address_argv_noopt
2026-09-15T22:01:35.1382272Z 1282/2248 Test #1335: ts_address_crexx_opt .........................................   Passed    0.25 sec
2026-09-15T22:01:35.1387114Z           Start 1339: ts_address_argv_opt
2026-09-15T22:01:35.1770965Z 1283/2248 Test #1338: ts_address_argv_noopt ........................................   Passed    0.04 sec
2026-09-15T22:01:35.1775388Z           Start 1340: ts_address_array_lifecycle_noopt
2026-09-15T22:01:35.2211126Z 1284/2248 Test #1340: ts_address_array_lifecycle_noopt .............................   Passed    0.04 sec
2026-09-15T22:01:35.2215814Z           Start 1341: ts_address_array_lifecycle_opt
2026-09-15T22:01:35.3122848Z 1285/2248 Test #1339: ts_address_argv_opt ..........................................   Passed    0.17 sec
2026-09-15T22:01:35.3127570Z           Start 1342: ts_address_spawn_transfer_noopt
2026-09-15T22:01:35.4026662Z 1286/2248 Test #1341: ts_address_array_lifecycle_opt ...............................   Passed    0.18 sec
2026-09-15T22:01:35.4033831Z           Start 1343: ts_address_spawn_transfer_opt
2026-09-15T22:01:35.6125708Z 1287/2248 Test #1342: ts_address_spawn_transfer_noopt ..............................   Passed    0.30 sec
2026-09-15T22:01:35.6130888Z           Start 1344: ts_binary_noopt
2026-09-15T22:01:35.6494012Z 1288/2248 Test #1344: ts_binary_noopt ..............................................   Passed    0.04 sec
2026-09-15T22:01:35.6501168Z           Start 1345: ts_binary_opt
2026-09-15T22:01:35.7587562Z 1289/2248 Test #1345: ts_binary_opt ................................................   Passed    0.11 sec
2026-09-15T22:01:35.7592059Z           Start 1346: ts_c2x_noopt
2026-09-15T22:01:35.7975417Z 1290/2248 Test #1346: ts_c2x_noopt .................................................   Passed    0.04 sec
2026-09-15T22:01:35.7989637Z           Start 1347: ts_c2x_opt
2026-09-15T22:01:35.8892227Z 1291/2248 Test #1343: ts_address_spawn_transfer_opt ................................   Passed    0.49 sec
2026-09-15T22:01:35.8896648Z           Start 1348: ts_center_noopt
2026-09-15T22:01:35.9021333Z 1292/2248 Test #1347: ts_c2x_opt ...................................................   Passed    0.11 sec
2026-09-15T22:01:35.9025810Z           Start 1349: ts_center_opt
2026-09-15T22:01:35.9218645Z 1293/2248 Test #1348: ts_center_noopt ..............................................   Passed    0.03 sec
2026-09-15T22:01:35.9222980Z           Start 1350: ts_changestr_noopt
2026-09-15T22:01:35.9551571Z 1294/2248 Test #1350: ts_changestr_noopt ...........................................   Passed    0.03 sec
2026-09-15T22:01:35.9558201Z           Start 1351: ts_changestr_opt
2026-09-15T22:01:35.9996797Z 1295/2248 Test #1349: ts_center_opt ................................................   Passed    0.10 sec
2026-09-15T22:01:36.0003398Z           Start 1352: ts_compare_noopt
2026-09-15T22:01:36.0342465Z 1296/2248 Test #1352: ts_compare_noopt .............................................   Passed    0.03 sec
2026-09-15T22:01:36.0347495Z           Start 1353: ts_compare_opt
2026-09-15T22:01:36.0588231Z 1297/2248 Test #1351: ts_changestr_opt .............................................   Passed    0.10 sec
2026-09-15T22:01:36.0592858Z           Start 1354: ts_countstr_noopt
2026-09-15T22:01:36.0932926Z 1298/2248 Test #1354: ts_countstr_noopt ............................................   Passed    0.03 sec
2026-09-15T22:01:36.0937385Z           Start 1355: ts_countstr_opt
2026-09-15T22:01:36.1326928Z 1299/2248 Test #1353: ts_compare_opt ...............................................   Passed    0.10 sec
2026-09-15T22:01:36.1331546Z           Start 1356: ts_d2c_noopt
2026-09-15T22:01:36.1622744Z 1300/2248 Test #1356: ts_d2c_noopt .................................................   Passed    0.03 sec
2026-09-15T22:01:36.1627972Z           Start 1357: ts_d2c_opt
2026-09-15T22:01:36.1980338Z 1301/2248 Test #1355: ts_countstr_opt ..............................................   Passed    0.10 sec
2026-09-15T22:01:36.1984902Z           Start 1358: ts_d2x_noopt
2026-09-15T22:01:36.2350202Z 1302/2248 Test #1358: ts_d2x_noopt .................................................   Passed    0.04 sec
2026-09-15T22:01:36.2354827Z           Start 1359: ts_d2x_opt
2026-09-15T22:01:36.2600589Z 1303/2248 Test #1357: ts_d2c_opt ...................................................   Passed    0.10 sec
2026-09-15T22:01:36.2605855Z           Start 1360: ts_date_noopt
2026-09-15T22:01:36.2954672Z 1304/2248 Test #1360: ts_date_noopt ................................................   Passed    0.03 sec
2026-09-15T22:01:36.2956663Z           Start 1361: ts_date_opt
2026-09-15T22:01:36.3424037Z 1305/2248 Test #1359: ts_d2x_opt ...................................................   Passed    0.10 sec
2026-09-15T22:01:36.3425123Z           Start 1362: ts_date2_noopt
2026-09-15T22:01:36.3832383Z 1306/2248 Test #1362: ts_date2_noopt ...............................................   Passed    0.04 sec
2026-09-15T22:01:36.3834086Z           Start 1363: ts_date2_opt
2026-09-15T22:01:36.4084570Z 1307/2248 Test #1361: ts_date_opt ..................................................   Passed    0.11 sec
2026-09-15T22:01:36.4086768Z           Start 1364: ts_date_core_noopt
2026-09-15T22:01:36.4446845Z 1308/2248 Test #1364: ts_date_core_noopt ...........................................   Passed    0.04 sec
2026-09-15T22:01:36.4451103Z           Start 1365: ts_date_core_opt
2026-09-15T22:01:36.4866710Z 1309/2248 Test #1363: ts_date2_opt .................................................   Passed    0.10 sec
2026-09-15T22:01:36.4871372Z           Start 1366: ts_delstr_noopt
2026-09-15T22:01:36.5219366Z 1310/2248 Test #1366: ts_delstr_noopt ..............................................   Passed    0.03 sec
2026-09-15T22:01:36.5223434Z           Start 1367: ts_delstr_opt
2026-09-15T22:01:36.5459510Z 1311/2248 Test #1365: ts_date_core_opt .............................................   Passed    0.10 sec
2026-09-15T22:01:36.5464390Z           Start 1368: ts_delword_noopt
2026-09-15T22:01:36.5752926Z 1312/2248 Test #1368: ts_delword_noopt .............................................   Passed    0.03 sec
2026-09-15T22:01:36.5757428Z           Start 1369: ts_delword_opt
2026-09-15T22:01:36.6248558Z 1313/2248 Test #1367: ts_delstr_opt ................................................   Passed    0.10 sec
2026-09-15T22:01:36.6254589Z           Start 1370: ts_fileio_binary_noopt
2026-09-15T22:01:36.6627540Z 1314/2248 Test #1370: ts_fileio_binary_noopt .......................................   Passed    0.04 sec
2026-09-15T22:01:36.6631830Z           Start 1371: ts_fileio_binary_opt
2026-09-15T22:01:36.6788236Z 1315/2248 Test #1369: ts_delword_opt ...............................................   Passed    0.10 sec
2026-09-15T22:01:36.6793229Z           Start 1374: ts_format_noopt
2026-09-15T22:01:36.7113241Z 1316/2248 Test #1374: ts_format_noopt ..............................................   Passed    0.03 sec
2026-09-15T22:01:36.7117957Z           Start 1375: ts_format_opt
2026-09-15T22:01:36.7912122Z 1317/2248 Test #1371: ts_fileio_binary_opt .........................................   Passed    0.13 sec
2026-09-15T22:01:36.7917073Z           Start 1376: ts_fnv_noopt
2026-09-15T22:01:36.8026126Z 1318/2248 Test #1375: ts_format_opt ................................................   Passed    0.09 sec
2026-09-15T22:01:36.8030453Z           Start 1377: ts_fnv_opt
2026-09-15T22:01:36.8246906Z 1319/2248 Test #1376: ts_fnv_noopt .................................................   Passed    0.03 sec
2026-09-15T22:01:36.8251160Z           Start 1378: ts_fsayfmt_noopt
2026-09-15T22:01:36.8576953Z 1320/2248 Test #1378: ts_fsayfmt_noopt .............................................   Passed    0.03 sec
2026-09-15T22:01:36.8583191Z           Start 1379: ts_fsayfmt_opt
2026-09-15T22:01:36.9173971Z 1321/2248 Test #1377: ts_fnv_opt ...................................................   Passed    0.11 sec
2026-09-15T22:01:36.9177991Z           Start 1380: ts_insert_noopt
2026-09-15T22:01:36.9515723Z 1322/2248 Test #1380: ts_insert_noopt ..............................................   Passed    0.03 sec
2026-09-15T22:01:36.9520306Z           Start 1381: ts_insert_opt
2026-09-15T22:01:36.9679015Z 1323/2248 Test #1379: ts_fsayfmt_opt ...............................................   Passed    0.11 sec
2026-09-15T22:01:36.9683534Z           Start 1382: ts_left_noopt
2026-09-15T22:01:36.9971182Z 1324/2248 Test #1382: ts_left_noopt ................................................   Passed    0.03 sec
2026-09-15T22:01:36.9975591Z           Start 1383: ts_left_opt
2026-09-15T22:01:37.0561688Z 1325/2248 Test #1381: ts_insert_opt ................................................   Passed    0.10 sec
2026-09-15T22:01:37.0566080Z           Start 1384: ts_length_noopt
2026-09-15T22:01:37.0904321Z 1326/2248 Test #1384: ts_length_noopt ..............................................   Passed    0.03 sec
2026-09-15T22:01:37.0911597Z           Start 1385: ts_length_opt
2026-09-15T22:01:37.0941898Z 1327/2248 Test #1383: ts_left_opt ..................................................   Passed    0.10 sec
2026-09-15T22:01:37.0946186Z           Start 1386: ts_lower_noopt
2026-09-15T22:01:37.1280892Z 1328/2248 Test #1386: ts_lower_noopt ...............................................   Passed    0.03 sec
2026-09-15T22:01:37.1285271Z           Start 1387: ts_lower_opt
2026-09-15T22:01:37.1883359Z 1329/2248 Test #1385: ts_length_opt ................................................   Passed    0.10 sec
2026-09-15T22:01:37.1888856Z           Start 1388: ts_min_max_noopt
2026-09-15T22:01:37.2204655Z 1330/2248 Test #1388: ts_min_max_noopt .............................................   Passed    0.03 sec
2026-09-15T22:01:37.2209638Z           Start 1389: ts_min_max_opt
2026-09-15T22:01:37.2266137Z 1331/2248 Test #1387: ts_lower_opt .................................................   Passed    0.10 sec
2026-09-15T22:01:37.2278288Z           Start 1390: ts_overlay_noopt
2026-09-15T22:01:37.2624771Z 1332/2248 Test #1390: ts_overlay_noopt .............................................   Passed    0.03 sec
2026-09-15T22:01:37.2629827Z           Start 1391: ts_overlay_opt
2026-09-15T22:01:37.3211406Z 1333/2248 Test #1389: ts_min_max_opt ...............................................   Passed    0.10 sec
2026-09-15T22:01:37.3216920Z           Start 1392: ts_pos_noopt
2026-09-15T22:01:37.3546402Z 1334/2248 Test #1392: ts_pos_noopt .................................................   Passed    0.03 sec
2026-09-15T22:01:37.3550142Z           Start 1393: ts_pos_opt
2026-09-15T22:01:37.3572539Z 1335/2248 Test #1391: ts_overlay_opt ...............................................   Passed    0.09 sec
2026-09-15T22:01:37.3576236Z           Start 1394: ts_qpos_noopt
2026-09-15T22:01:37.3881993Z 1336/2248 Test #1394: ts_qpos_noopt ................................................   Passed    0.03 sec
2026-09-15T22:01:37.3887429Z           Start 1395: ts_qpos_opt
2026-09-15T22:01:37.4605305Z 1337/2248 Test #1393: ts_pos_opt ...................................................   Passed    0.10 sec
2026-09-15T22:01:37.4616837Z           Start 1396: ts_qlibrary_noopt
2026-09-15T22:01:37.4960881Z 1338/2248 Test #1396: ts_qlibrary_noopt ............................................   Passed    0.04 sec
2026-09-15T22:01:37.4965076Z           Start 1397: ts_qlibrary_opt
2026-09-15T22:01:37.4987999Z 1339/2248 Test #1395: ts_qpos_opt ..................................................   Passed    0.11 sec
2026-09-15T22:01:37.4992671Z           Start 1398: ts_random_noopt
2026-09-15T22:01:37.5287532Z 1340/2248 Test #1398: ts_random_noopt ..............................................   Passed    0.03 sec
2026-09-15T22:01:37.5291981Z           Start 1399: ts_random_opt
2026-09-15T22:01:37.6033421Z 1341/2248 Test #1397: ts_qlibrary_opt ..............................................   Passed    0.11 sec
2026-09-15T22:01:37.6034231Z           Start 1400: ts_reverse_noopt
2026-09-15T22:01:37.6283312Z 1342/2248 Test #1399: ts_random_opt ................................................   Passed    0.10 sec
2026-09-15T22:01:37.6288284Z           Start 1401: ts_reverse_opt
2026-09-15T22:01:37.6334083Z 1343/2248 Test #1400: ts_reverse_noopt .............................................   Passed    0.03 sec
2026-09-15T22:01:37.6338841Z           Start 1402: ts_regex_noopt
2026-09-15T22:01:37.6761012Z 1344/2248 Test #1402: ts_regex_noopt ...............................................   Passed    0.04 sec
2026-09-15T22:01:37.6765298Z           Start 1403: ts_regex_opt
2026-09-15T22:01:37.7322208Z 1345/2248 Test #1401: ts_reverse_opt ...............................................   Passed    0.10 sec
2026-09-15T22:01:37.7326832Z           Start 1404: ts_right_noopt
2026-09-15T22:01:37.7691990Z 1346/2248 Test #1404: ts_right_noopt ...............................................   Passed    0.04 sec
2026-09-15T22:01:37.7695761Z           Start 1405: ts_right_opt
2026-09-15T22:01:37.7926209Z 1347/2248 Test #1403: ts_regex_opt .................................................   Passed    0.12 sec
2026-09-15T22:01:37.7931902Z           Start 1406: ts_sign_noopt
2026-09-15T22:01:37.8229745Z 1348/2248 Test #1406: ts_sign_noopt ................................................   Passed    0.03 sec
2026-09-15T22:01:37.8234411Z           Start 1407: ts_sign_opt
2026-09-15T22:01:37.8681058Z 1349/2248 Test #1405: ts_right_opt .................................................   Passed    0.10 sec
2026-09-15T22:01:37.8685618Z           Start 1408: ts_space_noopt
2026-09-15T22:01:37.9012964Z 1350/2248 Test #1408: ts_space_noopt ...............................................   Passed    0.03 sec
2026-09-15T22:01:37.9017324Z           Start 1409: ts_space_opt
2026-09-15T22:01:37.9220961Z 1351/2248 Test #1407: ts_sign_opt ..................................................   Passed    0.10 sec
2026-09-15T22:01:37.9225327Z           Start 1410: ts_strip_noopt
2026-09-15T22:01:37.9554571Z 1352/2248 Test #1410: ts_strip_noopt ...............................................   Passed    0.03 sec
2026-09-15T22:01:37.9558614Z           Start 1411: ts_strip_opt
2026-09-15T22:01:38.0045065Z 1353/2248 Test #1409: ts_space_opt .................................................   Passed    0.10 sec
2026-09-15T22:01:38.0046122Z           Start 1412: ts_symbol_noopt
2026-09-15T22:01:38.0388026Z 1354/2248 Test #1412: ts_symbol_noopt ..............................................   Passed    0.04 sec
2026-09-15T22:01:38.0392618Z           Start 1413: ts_symbol_opt
2026-09-15T22:01:38.0622471Z 1355/2248 Test #1411: ts_strip_opt .................................................   Passed    0.11 sec
2026-09-15T22:01:38.0627857Z           Start 1414: ts_test_noopt
2026-09-15T22:01:38.0945977Z 1356/2248 Test #1414: ts_test_noopt ................................................   Passed    0.03 sec
2026-09-15T22:01:38.0947531Z           Start 1415: ts_test_opt
2026-09-15T22:01:38.1363970Z 1357/2248 Test #1413: ts_symbol_opt ................................................   Passed    0.10 sec
2026-09-15T22:01:38.1368518Z           Start 1416: ts_time_noopt
2026-09-15T22:01:38.1701804Z 1358/2248 Test #1416: ts_time_noopt ................................................   Passed    0.03 sec
2026-09-15T22:01:38.1706164Z           Start 1417: ts_time_opt
2026-09-15T22:01:38.1888361Z 1359/2248 Test #1415: ts_test_opt ..................................................   Passed    0.09 sec
2026-09-15T22:01:38.1893613Z           Start 1418: ts_trace_noopt
2026-09-15T22:01:38.2662807Z 1360/2248 Test #1417: ts_time_opt ..................................................   Passed    0.10 sec
2026-09-15T22:01:38.2667216Z           Start 1419: ts_trace_opt
2026-09-15T22:01:38.4246519Z 1361/2248 Test #1419: ts_trace_opt .................................................   Passed    0.16 sec
2026-09-15T22:01:38.4251164Z           Start 1420: ts_translate_noopt
2026-09-15T22:01:38.4531752Z 1362/2248 Test #1420: ts_translate_noopt ...........................................   Passed    0.03 sec
2026-09-15T22:01:38.4536231Z           Start 1421: ts_translate_opt
2026-09-15T22:01:38.5533186Z 1363/2248 Test #1421: ts_translate_opt .............................................   Passed    0.10 sec
2026-09-15T22:01:38.5541293Z           Start 1422: ts_trunc_noopt
2026-09-15T22:01:38.5837981Z 1364/2248 Test #1422: ts_trunc_noopt ...............................................   Passed    0.03 sec
2026-09-15T22:01:38.5842768Z           Start 1423: ts_trunc_opt
2026-09-15T22:01:38.6743210Z 1365/2248 Test #1423: ts_trunc_opt .................................................   Passed    0.09 sec
2026-09-15T22:01:38.6747785Z           Start 1424: ts_upper_noopt
2026-09-15T22:01:38.7038986Z 1366/2248 Test #1424: ts_upper_noopt ...............................................   Passed    0.03 sec
2026-09-15T22:01:38.7043609Z           Start 1425: ts_upper_opt
2026-09-15T22:01:38.7913777Z 1367/2248 Test #1425: ts_upper_opt .................................................   Passed    0.09 sec
2026-09-15T22:01:38.7918049Z           Start 1426: ts_upper_lower_noopt
2026-09-15T22:01:38.8241560Z 1368/2248 Test #1426: ts_upper_lower_noopt .........................................   Passed    0.03 sec
2026-09-15T22:01:38.8245767Z           Start 1427: ts_upper_lower_opt
2026-09-15T22:01:38.8913176Z 1369/2248 Test #1427: ts_upper_lower_opt ...........................................   Passed    0.07 sec
2026-09-15T22:01:38.8917546Z           Start 1428: ts_version_noopt
2026-09-15T22:01:38.9239230Z 1370/2248 Test #1428: ts_version_noopt .............................................   Passed    0.03 sec
2026-09-15T22:01:38.9244056Z           Start 1429: ts_version_opt
2026-09-15T22:01:39.0236393Z 1371/2248 Test #1429: ts_version_opt ...............................................   Passed    0.10 sec
2026-09-15T22:01:39.0240688Z           Start 1430: ts_sourceinfo_noopt
2026-09-15T22:01:39.0481370Z 1372/2248 Test #1418: ts_trace_noopt ...............................................   Passed    0.86 sec
2026-09-15T22:01:39.0486213Z           Start 1431: ts_sourceinfo_opt
2026-09-15T22:01:39.0528448Z 1373/2248 Test #1430: ts_sourceinfo_noopt ..........................................   Passed    0.03 sec
2026-09-15T22:01:39.0533381Z           Start 1432: ts_value_noopt
2026-09-15T22:01:39.0957790Z 1374/2248 Test #1432: ts_value_noopt ...............................................   Passed    0.04 sec
2026-09-15T22:01:39.0972105Z           Start 1433: ts_value_opt
2026-09-15T22:01:39.1578587Z 1375/2248 Test #1431: ts_sourceinfo_opt ............................................   Passed    0.11 sec
2026-09-15T22:01:39.1583662Z           Start 1434: ts_verify_noopt
2026-09-15T22:01:39.1925210Z 1376/2248 Test #1434: ts_verify_noopt ..............................................   Passed    0.03 sec
2026-09-15T22:01:39.1929672Z           Start 1435: ts_verify_opt
2026-09-15T22:01:39.1955204Z 1377/2248 Test #1433: ts_value_opt .................................................   Passed    0.10 sec
2026-09-15T22:01:39.1958929Z           Start 1436: ts_wordlength_noopt
2026-09-15T22:01:39.2299958Z 1378/2248 Test #1436: ts_wordlength_noopt ..........................................   Passed    0.03 sec
2026-09-15T22:01:39.2304374Z           Start 1437: ts_wordlength_opt
2026-09-15T22:01:39.2931568Z 1379/2248 Test #1435: ts_verify_opt ................................................   Passed    0.10 sec
2026-09-15T22:01:39.2936148Z           Start 1438: ts_wordpos_noopt
2026-09-15T22:01:39.3264461Z 1380/2248 Test #1438: ts_wordpos_noopt .............................................   Passed    0.03 sec
2026-09-15T22:01:39.3269395Z           Start 1439: ts_wordpos_opt
2026-09-15T22:01:39.3292777Z 1381/2248 Test #1437: ts_wordlength_opt ............................................   Passed    0.10 sec
2026-09-15T22:01:39.3296933Z           Start 1440: ts_wrdix_noopt
2026-09-15T22:01:39.3594112Z 1382/2248 Test #1440: ts_wrdix_noopt ...............................................   Passed    0.03 sec
2026-09-15T22:01:39.3598574Z           Start 1441: ts_wrdix_opt
2026-09-15T22:01:39.4252911Z 1383/2248 Test #1439: ts_wordpos_opt ...............................................   Passed    0.10 sec
2026-09-15T22:01:39.4257197Z           Start 1442: ts_x2b_noopt
2026-09-15T22:01:39.4586009Z 1384/2248 Test #1441: ts_wrdix_opt .................................................   Passed    0.10 sec
2026-09-15T22:01:39.4590520Z           Start 1443: ts_x2b_opt
2026-09-15T22:01:39.4618124Z 1385/2248 Test #1442: ts_x2b_noopt .................................................   Passed    0.04 sec
2026-09-15T22:01:39.4622401Z           Start 1444: ts_x2c_noopt
2026-09-15T22:01:39.4967194Z 1386/2248 Test #1444: ts_x2c_noopt .................................................   Passed    0.03 sec
2026-09-15T22:01:39.4971744Z           Start 1445: ts_x2c_opt
2026-09-15T22:01:39.5553257Z 1387/2248 Test #1443: ts_x2b_opt ...................................................   Passed    0.10 sec
2026-09-15T22:01:39.5557964Z           Start 1446: ts_x2d_noopt
2026-09-15T22:01:39.5883296Z 1388/2248 Test #1446: ts_x2d_noopt .................................................   Passed    0.03 sec
2026-09-15T22:01:39.5887448Z           Start 1447: ts_x2d_opt
2026-09-15T22:01:39.6021749Z 1389/2248 Test #1445: ts_x2c_opt ...................................................   Passed    0.10 sec
2026-09-15T22:01:39.6024013Z           Start 1448: tscopies_noopt
2026-09-15T22:01:39.6338158Z 1390/2248 Test #1448: tscopies_noopt ...............................................   Passed    0.03 sec
2026-09-15T22:01:39.6339310Z           Start 1449: tscopies_opt
2026-09-15T22:01:39.6957282Z 1391/2248 Test #1447: ts_x2d_opt ...................................................   Passed    0.11 sec
2026-09-15T22:01:39.6962246Z           Start 1450: tslastpos_noopt
2026-09-15T22:01:39.7299091Z 1392/2248 Test #1450: tslastpos_noopt ..............................................   Passed    0.03 sec
2026-09-15T22:01:39.7303387Z           Start 1451: tslastpos_opt
2026-09-15T22:01:39.7367807Z 1393/2248 Test #1449: tscopies_opt .................................................   Passed    0.10 sec
2026-09-15T22:01:39.7396524Z           Start 1452: tsubstr_noopt
2026-09-15T22:01:39.7720958Z 1394/2248 Test #1452: tsubstr_noopt ................................................   Passed    0.03 sec
2026-09-15T22:01:39.7726796Z           Start 1453: tsubstr_opt
2026-09-15T22:01:39.8223308Z 1395/2248 Test #1451: tslastpos_opt ................................................   Passed    0.09 sec
2026-09-15T22:01:39.8228124Z           Start 1454: tsword_noopt
2026-09-15T22:01:39.8549595Z 1396/2248 Test #1454: tsword_noopt .................................................   Passed    0.03 sec
2026-09-15T22:01:39.8554282Z           Start 1455: tsword_opt
2026-09-15T22:01:39.8764292Z 1397/2248 Test #1453: tsubstr_opt ..................................................   Passed    0.10 sec
2026-09-15T22:01:39.8769038Z           Start 1456: ts_words_noopt
2026-09-15T22:01:39.9094792Z 1398/2248 Test #1456: ts_words_noopt ...............................................   Passed    0.03 sec
2026-09-15T22:01:39.9099414Z           Start 1457: ts_words_opt
2026-09-15T22:01:39.9476088Z 1399/2248 Test #1455: tsword_opt ...................................................   Passed    0.09 sec
2026-09-15T22:01:39.9480602Z           Start 1458: ts_reradix_noopt
2026-09-15T22:01:39.9843558Z 1400/2248 Test #1458: ts_reradix_noopt .............................................   Passed    0.04 sec
2026-09-15T22:01:39.9845073Z           Start 1459: ts_reradix_opt
2026-09-15T22:01:40.0080146Z 1401/2248 Test #1457: ts_words_opt .................................................   Passed    0.10 sec
2026-09-15T22:01:40.0085367Z           Start 1460: ts_sequence_noopt
2026-09-15T22:01:40.0404963Z 1402/2248 Test #1460: ts_sequence_noopt ............................................   Passed    0.03 sec
2026-09-15T22:01:40.0409074Z           Start 1461: ts_sequence_opt
2026-09-15T22:01:40.0800009Z 1403/2248 Test #1459: ts_reradix_opt ...............................................   Passed    0.09 sec
2026-09-15T22:01:40.0804534Z           Start 1462: ts_find_noopt
2026-09-15T22:01:40.1161841Z 1404/2248 Test #1462: ts_find_noopt ................................................   Passed    0.04 sec
2026-09-15T22:01:40.1166271Z           Start 1463: ts_find_opt
2026-09-15T22:01:40.1391165Z 1405/2248 Test #1461: ts_sequence_opt ..............................................   Passed    0.10 sec
2026-09-15T22:01:40.1395647Z           Start 1464: ts_index_noopt
2026-09-15T22:01:40.1734295Z 1406/2248 Test #1464: ts_index_noopt ...............................................   Passed    0.03 sec
2026-09-15T22:01:40.1737464Z           Start 1465: ts_index_opt
2026-09-15T22:01:40.2229157Z 1407/2248 Test #1463: ts_find_opt ..................................................   Passed    0.10 sec
2026-09-15T22:01:40.2243197Z           Start 1466: ts_parse_noopt
2026-09-15T22:01:40.2593346Z 1408/2248 Test #1466: ts_parse_noopt ...............................................   Passed    0.04 sec
2026-09-15T22:01:40.2598138Z           Start 1467: ts_parse_opt
2026-09-15T22:01:40.2817220Z 1409/2248 Test #1465: ts_index_opt .................................................   Passed    0.11 sec
2026-09-15T22:01:40.2818417Z           Start 1468: ts_datatype_noopt
2026-09-15T22:01:40.3118018Z 1410/2248 Test #1468: ts_datatype_noopt ............................................   Passed    0.03 sec
2026-09-15T22:01:40.3122307Z           Start 1469: ts_datatype_opt
2026-09-15T22:01:40.3646677Z 1411/2248 Test #1467: ts_parse_opt .................................................   Passed    0.10 sec
2026-09-15T22:01:40.3651516Z           Start 1470: ts_numeric_noopt
2026-09-15T22:01:40.3989872Z 1412/2248 Test #1470: ts_numeric_noopt .............................................   Passed    0.03 sec
2026-09-15T22:01:40.3994906Z           Start 1471: ts_numeric_opt
2026-09-15T22:01:40.4147214Z 1413/2248 Test #1469: ts_datatype_opt ..............................................   Passed    0.10 sec
2026-09-15T22:01:40.4151992Z           Start 1472: ts_splice_noopt
2026-09-15T22:01:40.4478425Z 1414/2248 Test #1472: ts_splice_noopt ..............................................   Passed    0.03 sec
2026-09-15T22:01:40.4483240Z           Start 1473: ts_splice_opt
2026-09-15T22:01:40.4972235Z 1415/2248 Test #1471: ts_numeric_opt ...............................................   Passed    0.10 sec
2026-09-15T22:01:40.4976939Z           Start 1474: ts_arraydelete_noopt
2026-09-15T22:01:40.5324664Z 1416/2248 Test #1474: ts_arraydelete_noopt .........................................   Passed    0.03 sec
2026-09-15T22:01:40.5329605Z           Start 1475: ts_arraydelete_opt
2026-09-15T22:01:40.5455547Z 1417/2248 Test #1473: ts_splice_opt ................................................   Passed    0.10 sec
2026-09-15T22:01:40.5456572Z           Start 1476: ts_arraydelete_focused_noopt
2026-09-15T22:01:40.5764611Z 1418/2248 Test #1476: ts_arraydelete_focused_noopt .................................   Passed    0.03 sec
2026-09-15T22:01:40.5768865Z           Start 1477: ts_arraydelete_focused_opt
2026-09-15T22:01:40.6354344Z 1419/2248 Test #1475: ts_arraydelete_opt ...........................................   Passed    0.10 sec
2026-09-15T22:01:40.6359006Z           Start 1478: ts_arrayappend_noopt
2026-09-15T22:01:40.6706585Z 1420/2248 Test #1477: ts_arraydelete_focused_opt ...................................   Passed    0.09 sec
2026-09-15T22:01:40.6710728Z           Start 1479: ts_arrayappend_opt
2026-09-15T22:01:40.6731935Z 1421/2248 Test #1478: ts_arrayappend_noopt .........................................   Passed    0.04 sec
2026-09-15T22:01:40.6736046Z           Start 1480: ts_arraycontains_noopt
2026-09-15T22:01:40.7048594Z 1422/2248 Test #1480: ts_arraycontains_noopt .......................................   Passed    0.03 sec
2026-09-15T22:01:40.7052931Z           Start 1481: ts_arraycontains_opt
2026-09-15T22:01:40.7715200Z 1423/2248 Test #1479: ts_arrayappend_opt ...........................................   Passed    0.10 sec
2026-09-15T22:01:40.7716082Z           Start 1482: ts_arraycopy_noopt
2026-09-15T22:01:40.8021699Z 1424/2248 Test #1482: ts_arraycopy_noopt ...........................................   Passed    0.03 sec
2026-09-15T22:01:40.8025939Z           Start 1483: ts_arraycopy_opt
2026-09-15T22:01:40.8136915Z 1425/2248 Test #1481: ts_arraycontains_opt .........................................   Passed    0.10 sec
2026-09-15T22:01:40.8153648Z           Start 1484: ts_arraydrop_noopt
2026-09-15T22:01:40.8453087Z 1426/2248 Test #1484: ts_arraydrop_noopt ...........................................   Passed    0.03 sec
2026-09-15T22:01:40.8457279Z           Start 1485: ts_arraydrop_opt
2026-09-15T22:01:40.8953350Z 1427/2248 Test #1483: ts_arraycopy_opt .............................................   Passed    0.09 sec
2026-09-15T22:01:40.8958031Z           Start 1486: ts_arrayfind_noopt
2026-09-15T22:01:40.9286251Z 1428/2248 Test #1486: ts_arrayfind_noopt ...........................................   Passed    0.03 sec
2026-09-15T22:01:40.9290287Z           Start 1487: ts_arrayfind_opt
2026-09-15T22:01:40.9443674Z 1429/2248 Test #1485: ts_arraydrop_opt .............................................   Passed    0.10 sec
2026-09-15T22:01:40.9448201Z           Start 1488: ts_arrayget_noopt
2026-09-15T22:01:40.9755771Z 1430/2248 Test #1488: ts_arrayget_noopt ............................................   Passed    0.03 sec
2026-09-15T22:01:40.9760184Z           Start 1489: ts_arrayget_opt
2026-09-15T22:01:41.0229451Z 1431/2248 Test #1487: ts_arrayfind_opt .............................................   Passed    0.09 sec
2026-09-15T22:01:41.0235294Z           Start 1490: ts_arrayhi_noopt
2026-09-15T22:01:41.0606249Z 1432/2248 Test #1490: ts_arrayhi_noopt .............................................   Passed    0.03 sec
2026-09-15T22:01:41.0607512Z           Start 1491: ts_arrayhi_opt
2026-09-15T22:01:41.0834575Z 1433/2248 Test #1489: ts_arrayget_opt ..............................................   Passed    0.10 sec
2026-09-15T22:01:41.0854127Z           Start 1492: ts_arrayindexof_noopt
2026-09-15T22:01:41.1192549Z 1434/2248 Test #1492: ts_arrayindexof_noopt ........................................   Passed    0.04 sec
2026-09-15T22:01:41.1211411Z           Start 1493: ts_arrayindexof_opt
2026-09-15T22:01:41.2176222Z 1435/2248 Test #1491: ts_arrayhi_opt ...............................................   Passed    0.16 sec
2026-09-15T22:01:41.2180261Z           Start 1494: ts_arrayinsert_noopt
2026-09-15T22:01:41.2438138Z 1436/2248 Test #1493: ts_arrayindexof_opt ..........................................   Passed    0.12 sec
2026-09-15T22:01:41.2442859Z           Start 1495: ts_arrayinsert_opt
2026-09-15T22:01:41.2484607Z 1437/2248 Test #1494: ts_arrayinsert_noopt .........................................   Passed    0.03 sec
2026-09-15T22:01:41.2488684Z           Start 1496: ts_arrayjoin_noopt
2026-09-15T22:01:41.2829708Z 1438/2248 Test #1496: ts_arrayjoin_noopt ...........................................   Passed    0.03 sec
2026-09-15T22:01:41.2833871Z           Start 1497: ts_arrayjoin_opt
2026-09-15T22:01:41.3497362Z 1439/2248 Test #1495: ts_arrayinsert_opt ...........................................   Passed    0.10 sec
2026-09-15T22:01:41.3501833Z           Start 1498: ts_arraymove_noopt
2026-09-15T22:01:41.3833611Z 1440/2248 Test #1498: ts_arraymove_noopt ...........................................   Passed    0.03 sec
2026-09-15T22:01:41.3838512Z           Start 1499: ts_arraymove_opt
2026-09-15T22:01:41.3943440Z 1441/2248 Test #1497: ts_arrayjoin_opt .............................................   Passed    0.11 sec
2026-09-15T22:01:41.3968916Z           Start 1500: ts_arraypop_noopt
2026-09-15T22:01:41.4265031Z 1442/2248 Test #1500: ts_arraypop_noopt ............................................   Passed    0.03 sec
2026-09-15T22:01:41.4269605Z           Start 1501: ts_arraypop_opt
2026-09-15T22:01:41.4784199Z 1443/2248 Test #1499: ts_arraymove_opt .............................................   Passed    0.09 sec
2026-09-15T22:01:41.4788862Z           Start 1502: ts_arrayprepend_noopt
2026-09-15T22:01:41.5100669Z 1444/2248 Test #1502: ts_arrayprepend_noopt ........................................   Passed    0.03 sec
2026-09-15T22:01:41.5104966Z           Start 1503: ts_arrayprepend_opt
2026-09-15T22:01:41.5269901Z 1445/2248 Test #1501: ts_arraypop_opt ..............................................   Passed    0.10 sec
2026-09-15T22:01:41.5274788Z           Start 1504: ts_arrayreverse_noopt
2026-09-15T22:01:41.5588822Z 1446/2248 Test #1504: ts_arrayreverse_noopt ........................................   Passed    0.03 sec
2026-09-15T22:01:41.5593058Z           Start 1505: ts_arrayreverse_opt
2026-09-15T22:01:41.6091699Z 1447/2248 Test #1503: ts_arrayprepend_opt ..........................................   Passed    0.10 sec
2026-09-15T22:01:41.6095964Z           Start 1506: ts_arrayset_noopt
2026-09-15T22:01:41.6403153Z 1448/2248 Test #1506: ts_arrayset_noopt ............................................   Passed    0.03 sec
2026-09-15T22:01:41.6407132Z           Start 1507: ts_arrayset_opt
2026-09-15T22:01:41.6603524Z 1449/2248 Test #1505: ts_arrayreverse_opt ..........................................   Passed    0.10 sec
2026-09-15T22:01:41.6607965Z           Start 1508: ts_arrayshift_noopt
2026-09-15T22:01:41.6903160Z 1450/2248 Test #1508: ts_arrayshift_noopt ..........................................   Passed    0.03 sec
2026-09-15T22:01:41.6907458Z           Start 1509: ts_arrayshift_opt
2026-09-15T22:01:41.7389183Z 1451/2248 Test #1507: ts_arrayset_opt ..............................................   Passed    0.10 sec
2026-09-15T22:01:41.7393640Z           Start 1510: ts_arraysort_noopt
2026-09-15T22:01:41.7728032Z 1452/2248 Test #1510: ts_arraysort_noopt ...........................................   Passed    0.03 sec
2026-09-15T22:01:41.7732751Z           Start 1511: ts_arraysort_opt
2026-09-15T22:01:41.7931163Z 1453/2248 Test #1509: ts_arrayshift_opt ............................................   Passed    0.10 sec
2026-09-15T22:01:41.7932060Z           Start 1512: ts_b2d_noopt
2026-09-15T22:01:41.8276774Z 1454/2248 Test #1512: ts_b2d_noopt .................................................   Passed    0.04 sec
2026-09-15T22:01:41.8292728Z           Start 1513: ts_b2d_opt
2026-09-15T22:01:41.8951067Z 1455/2248 Test #1511: ts_arraysort_opt .............................................   Passed    0.12 sec
2026-09-15T22:01:41.8961146Z           Start 1514: ts_b2x_noopt
2026-09-15T22:01:41.9280722Z 1456/2248 Test #1514: ts_b2x_noopt .................................................   Passed    0.03 sec
2026-09-15T22:01:41.9285516Z           Start 1515: ts_b2x_opt
2026-09-15T22:01:41.9405696Z 1457/2248 Test #1513: ts_b2d_opt ...................................................   Passed    0.11 sec
2026-09-15T22:01:41.9408701Z           Start 1516: ts_c2d_noopt
2026-09-15T22:01:41.9711952Z 1458/2248 Test #1516: ts_c2d_noopt .................................................   Passed    0.03 sec
2026-09-15T22:01:41.9716295Z           Start 1517: ts_c2d_opt
2026-09-15T22:01:42.0194656Z 1459/2248 Test #1515: ts_b2x_opt ...................................................   Passed    0.09 sec
2026-09-15T22:01:42.0199455Z           Start 1518: ts_centre_noopt
2026-09-15T22:01:42.0534844Z 1460/2248 Test #1518: ts_centre_noopt ..............................................   Passed    0.03 sec
2026-09-15T22:01:42.0538724Z           Start 1519: ts_centre_opt
2026-09-15T22:01:42.0696588Z 1461/2248 Test #1517: ts_c2d_opt ...................................................   Passed    0.10 sec
2026-09-15T22:01:42.0701669Z           Start 1520: ts_d2b_noopt
2026-09-15T22:01:42.1009701Z 1462/2248 Test #1520: ts_d2b_noopt .................................................   Passed    0.03 sec
2026-09-15T22:01:42.1013886Z           Start 1521: ts_d2b_opt
2026-09-15T22:01:42.1539946Z 1463/2248 Test #1519: ts_centre_opt ................................................   Passed    0.10 sec
2026-09-15T22:01:42.1545538Z           Start 1522: ts_ftrunc_noopt
2026-09-15T22:01:42.1849178Z 1464/2248 Test #1522: ts_ftrunc_noopt ..............................................   Passed    0.03 sec
2026-09-15T22:01:42.1853216Z           Start 1523: ts_ftrunc_opt
2026-09-15T22:01:42.1982628Z 1465/2248 Test #1521: ts_d2b_opt ...................................................   Passed    0.10 sec
2026-09-15T22:01:42.1985516Z           Start 1524: ts_getenv_noopt
2026-09-15T22:01:42.2292718Z 1466/2248 Test #1524: ts_getenv_noopt ..............................................   Passed    0.03 sec
2026-09-15T22:01:42.2297293Z           Start 1525: ts_getenv_opt
2026-09-15T22:01:42.2838626Z 1467/2248 Test #1523: ts_ftrunc_opt ................................................   Passed    0.10 sec
2026-09-15T22:01:42.2842991Z           Start 1526: ts_itrunc_noopt
2026-09-15T22:01:42.3170310Z 1468/2248 Test #1526: ts_itrunc_noopt ..............................................   Passed    0.03 sec
2026-09-15T22:01:42.3175010Z           Start 1527: ts_itrunc_opt
2026-09-15T22:01:42.3290268Z 1469/2248 Test #1525: ts_getenv_opt ................................................   Passed    0.10 sec
2026-09-15T22:01:42.3301663Z           Start 1528: ts_loadmodule_noopt
2026-09-15T22:01:42.3685466Z 1470/2248 Test #1528: ts_loadmodule_noopt ..........................................   Passed    0.04 sec
2026-09-15T22:01:42.3691281Z           Start 1529: ts_loadmodule_opt
2026-09-15T22:01:42.4282973Z 1471/2248 Test #1527: ts_itrunc_opt ................................................   Passed    0.11 sec
2026-09-15T22:01:42.4296651Z           Start 1530: ts_max_noopt
2026-09-15T22:01:42.4614298Z 1472/2248 Test #1530: ts_max_noopt .................................................   Passed    0.03 sec
2026-09-15T22:01:42.4618708Z           Start 1531: ts_max_opt
2026-09-15T22:01:42.4688860Z 1473/2248 Test #1529: ts_loadmodule_opt ............................................   Passed    0.10 sec
2026-09-15T22:01:42.4713101Z           Start 1532: ts_min_noopt
2026-09-15T22:01:42.5023147Z 1474/2248 Test #1532: ts_min_noopt .................................................   Passed    0.03 sec
2026-09-15T22:01:42.5027561Z           Start 1533: ts_min_opt
2026-09-15T22:01:42.5606404Z 1475/2248 Test #1531: ts_max_opt ...................................................   Passed    0.10 sec
2026-09-15T22:01:42.5610987Z           Start 1534: ts_objectarrayappend_noopt
2026-09-15T22:01:42.5931065Z 1476/2248 Test #1534: ts_objectarrayappend_noopt ...................................   Passed    0.03 sec
2026-09-15T22:01:42.5936355Z           Start 1535: ts_objectarrayappend_opt
2026-09-15T22:01:42.6047836Z 1477/2248 Test #1533: ts_min_opt ...................................................   Passed    0.10 sec
2026-09-15T22:01:42.6050697Z           Start 1536: ts_objectarraydelete_noopt
2026-09-15T22:01:42.6380035Z 1478/2248 Test #1536: ts_objectarraydelete_noopt ...................................   Passed    0.03 sec
2026-09-15T22:01:42.6384114Z           Start 1537: ts_objectarraydelete_opt
2026-09-15T22:01:42.6885396Z 1479/2248 Test #1535: ts_objectarrayappend_opt .....................................   Passed    0.09 sec
2026-09-15T22:01:42.6890329Z           Start 1538: ts_objectarraydrop_noopt
2026-09-15T22:01:42.7207569Z 1480/2248 Test #1538: ts_objectarraydrop_noopt .....................................   Passed    0.03 sec
2026-09-15T22:01:42.7212450Z           Start 1539: ts_objectarraydrop_opt
2026-09-15T22:01:42.7385570Z 1481/2248 Test #1537: ts_objectarraydelete_opt .....................................   Passed    0.10 sec
2026-09-15T22:01:42.7390322Z           Start 1540: ts_objectarrayinsert_noopt
2026-09-15T22:01:42.7735583Z 1482/2248 Test #1540: ts_objectarrayinsert_noopt ...................................   Passed    0.03 sec
2026-09-15T22:01:42.7739829Z           Start 1541: ts_objectarrayinsert_opt
2026-09-15T22:01:42.8200619Z 1483/2248 Test #1539: ts_objectarraydrop_opt .......................................   Passed    0.10 sec
2026-09-15T22:01:42.8205243Z           Start 1542: ts_objectarraymove_noopt
2026-09-15T22:01:42.8557773Z 1484/2248 Test #1542: ts_objectarraymove_noopt .....................................   Passed    0.03 sec
2026-09-15T22:01:42.8562288Z           Start 1543: ts_objectarraymove_opt
2026-09-15T22:01:42.8763152Z 1485/2248 Test #1541: ts_objectarrayinsert_opt .....................................   Passed    0.10 sec
2026-09-15T22:01:42.8767725Z           Start 1544: ts_objectarrayprepend_noopt
2026-09-15T22:01:42.9109477Z 1486/2248 Test #1544: ts_objectarrayprepend_noopt ..................................   Passed    0.03 sec
2026-09-15T22:01:42.9113708Z           Start 1545: ts_objectarrayprepend_opt
2026-09-15T22:01:42.9516528Z 1487/2248 Test #1543: ts_objectarraymove_opt .......................................   Passed    0.09 sec
2026-09-15T22:01:42.9532055Z           Start 1546: ts_qwordlength_noopt
2026-09-15T22:01:42.9834461Z 1488/2248 Test #1546: ts_qwordlength_noopt .........................................   Passed    0.03 sec
2026-09-15T22:01:42.9852000Z           Start 1547: ts_qwordlength_opt
2026-09-15T22:01:43.0139482Z 1489/2248 Test #1545: ts_objectarrayprepend_opt ....................................   Passed    0.10 sec
2026-09-15T22:01:43.0144222Z           Start 1548: ts_raise_noopt
2026-09-15T22:01:43.0444501Z 1490/2248 Test #1548: ts_raise_noopt ...............................................   Passed    0.03 sec
2026-09-15T22:01:43.0448994Z           Start 1549: ts_raise_opt
2026-09-15T22:01:43.0786761Z 1491/2248 Test #1547: ts_qwordlength_opt ...........................................   Passed    0.09 sec
2026-09-15T22:01:43.0797541Z           Start 1550: ts_rxsystem_noopt
2026-09-15T22:01:43.1078347Z 1492/2248 Test #1550: ts_rxsystem_noopt ............................................   Passed    0.03 sec
2026-09-15T22:01:43.1082778Z           Start 1551: ts_rxsystem_opt
2026-09-15T22:01:43.1461295Z 1493/2248 Test #1549: ts_raise_opt .................................................   Passed    0.10 sec
2026-09-15T22:01:43.1465669Z           Start 1552: ts_rxsystem_exit_noopt
2026-09-15T22:01:43.2125803Z 1494/2248 Test #1552: ts_rxsystem_exit_noopt .......................................   Passed    0.07 sec
2026-09-15T22:01:43.2130197Z           Start 1553: ts_rxsystem_exit_opt
2026-09-15T22:01:43.2264435Z 1495/2248 Test #1551: ts_rxsystem_opt ..............................................   Passed    0.12 sec
2026-09-15T22:01:43.2268664Z           Start 1554: ts_rxqueue_noopt
2026-09-15T22:01:43.2588249Z 1496/2248 Test #1554: ts_rxqueue_noopt .............................................   Passed    0.03 sec
2026-09-15T22:01:43.2592316Z           Start 1555: ts_rxqueue_opt
2026-09-15T22:01:43.2786868Z 1497/2248 Test #1553: ts_rxsystem_exit_opt .........................................   Passed    0.07 sec
2026-09-15T22:01:43.2791610Z           Start 1556: ts_signal_noopt
2026-09-15T22:01:43.3136454Z 1498/2248 Test #1556: ts_signal_noopt ..............................................   Passed    0.03 sec
2026-09-15T22:01:43.3140694Z           Start 1557: ts_signal_opt
2026-09-15T22:01:43.3627307Z 1499/2248 Test #1555: ts_rxqueue_opt ...............................................   Passed    0.10 sec
2026-09-15T22:01:43.3632329Z           Start 1558: ts_substro_noopt
2026-09-15T22:01:43.3962309Z 1500/2248 Test #1558: ts_substro_noopt .............................................   Passed    0.03 sec
2026-09-15T22:01:43.3967020Z           Start 1559: ts_substro_opt
2026-09-15T22:01:43.4374151Z 1501/2248 Test #1557: ts_signal_opt ................................................   Passed    0.12 sec
2026-09-15T22:01:43.4378399Z           Start 1560: ts_subword_noopt
2026-09-15T22:01:43.4721970Z 1502/2248 Test #1560: ts_subword_noopt .............................................   Passed    0.03 sec
2026-09-15T22:01:43.4726068Z           Start 1561: ts_subword_opt
2026-09-15T22:01:43.5009970Z 1503/2248 Test #1559: ts_substro_opt ...............................................   Passed    0.10 sec
2026-09-15T22:01:43.5061549Z           Start 1562: ts_xrange_noopt
2026-09-15T22:01:43.5334654Z 1504/2248 Test #1562: ts_xrange_noopt ..............................................   Passed    0.03 sec
2026-09-15T22:01:43.5337554Z           Start 1563: ts_xrange_opt
2026-09-15T22:01:43.5729093Z 1505/2248 Test #1561: ts_subword_opt ...............................................   Passed    0.10 sec
2026-09-15T22:01:43.5733880Z           Start 1564: ts_objectarray_noopt
2026-09-15T22:01:43.6067208Z 1506/2248 Test #1564: ts_objectarray_noopt .........................................   Passed    0.03 sec
2026-09-15T22:01:43.6069950Z           Start 1565: ts_objectarray_opt
2026-09-15T22:01:43.6296584Z 1507/2248 Test #1563: ts_xrange_opt ................................................   Passed    0.10 sec
2026-09-15T22:01:43.6301219Z           Start 1566: ts_stem_noopt
2026-09-15T22:01:43.6643463Z 1508/2248 Test #1566: ts_stem_noopt ................................................   Passed    0.03 sec
2026-09-15T22:01:43.6648804Z           Start 1567: ts_stem_opt
2026-09-15T22:01:43.7030414Z 1509/2248 Test #1565: ts_objectarray_opt ...........................................   Passed    0.10 sec
2026-09-15T22:01:43.7034712Z           Start 1568: ts_rxjson_noopt
2026-09-15T22:01:43.7406308Z 1510/2248 Test #1568: ts_rxjson_noopt ..............................................   Passed    0.04 sec
2026-09-15T22:01:43.7411617Z           Start 1569: ts_rxjson_opt
2026-09-15T22:01:43.7644354Z 1511/2248 Test #1567: ts_stem_opt ..................................................   Passed    0.10 sec
2026-09-15T22:01:43.7648967Z           Start 1570: ts_rxjson_document_noopt
2026-09-15T22:01:43.7994600Z 1512/2248 Test #1570: ts_rxjson_document_noopt .....................................   Passed    0.03 sec
2026-09-15T22:01:43.7998904Z           Start 1571: ts_rxjson_document_opt
2026-09-15T22:01:43.8478887Z 1513/2248 Test #1569: ts_rxjson_opt ................................................   Passed    0.11 sec
2026-09-15T22:01:43.8483565Z           Start 1572: ts_rxjson_numeric_projection_noopt
2026-09-15T22:01:43.8851334Z 1514/2248 Test #1572: ts_rxjson_numeric_projection_noopt ...........................   Passed    0.03 sec
2026-09-15T22:01:43.8883233Z           Start 1573: ts_rxjson_numeric_projection_opt
2026-09-15T22:01:43.9137922Z 1515/2248 Test #1571: ts_rxjson_document_opt .......................................   Passed    0.11 sec
2026-09-15T22:01:43.9142618Z           Start 1574: ts_rxjson_noisy_contract_noopt
2026-09-15T22:01:43.9507588Z 1516/2248 Test #1574: ts_rxjson_noisy_contract_noopt ...............................   Passed    0.04 sec
2026-09-15T22:01:43.9512195Z           Start 1575: ts_rxjson_noisy_contract_opt
2026-09-15T22:01:44.0061080Z 1517/2248 Test #1573: ts_rxjson_numeric_projection_opt .............................   Passed    0.12 sec
2026-09-15T22:01:44.0065347Z           Start 1576: ts_rxsocket_noopt
2026-09-15T22:01:44.0641056Z 1518/2248 Test #1575: ts_rxjson_noisy_contract_opt .................................   Passed    0.11 sec
2026-09-15T22:01:44.0645539Z           Start 1577: ts_rxsocket_opt
2026-09-15T22:01:44.1395517Z 1519/2248 Test #1576: ts_rxsocket_noopt ............................................   Passed    0.13 sec
2026-09-15T22:01:44.1398768Z           Start 1578: ts_socket_tls_live_noopt
2026-09-15T22:01:44.1661894Z 1520/2248 Test #1578: ts_socket_tls_live_noopt .....................................   Passed    0.03 sec
2026-09-15T22:01:44.1666163Z           Start 1579: ts_socket_tls_live_opt
2026-09-15T22:01:44.2377898Z 1521/2248 Test #1577: ts_rxsocket_opt ..............................................   Passed    0.17 sec
2026-09-15T22:01:44.2381288Z           Start 1580: ts_afterword_noopt
2026-09-15T22:01:44.2633598Z 1522/2248 Test #1579: ts_socket_tls_live_opt .......................................   Passed    0.10 sec
2026-09-15T22:01:44.2640263Z           Start 1581: ts_afterword_opt
2026-09-15T22:01:44.2675765Z 1523/2248 Test #1580: ts_afterword_noopt ...........................................   Passed    0.03 sec
2026-09-15T22:01:44.2680546Z           Start 1582: ts_fileio_binary_rxbvm_noopt
2026-09-15T22:01:44.3017332Z 1524/2248 Test #1582: ts_fileio_binary_rxbvm_noopt .................................   Passed    0.03 sec
2026-09-15T22:01:44.3021693Z           Start 1583: ts_fileio_binary_rxbvm_opt
2026-09-15T22:01:44.3654460Z 1525/2248 Test #1581: ts_afterword_opt .............................................   Passed    0.10 sec
2026-09-15T22:01:44.3659254Z           Start 1584: ts_fileio_binary_rxtvm_noopt
2026-09-15T22:01:44.4006487Z 1526/2248 Test #1584: ts_fileio_binary_rxtvm_noopt .................................   Passed    0.03 sec
2026-09-15T22:01:44.4010970Z           Start 1585: ts_fileio_binary_rxtvm_opt
2026-09-15T22:01:44.4227488Z 1527/2248 Test #1583: ts_fileio_binary_rxbvm_opt ...................................   Passed    0.12 sec
2026-09-15T22:01:44.4231981Z           Start 1586: ts_rxjson_document_rxbvm_noopt
2026-09-15T22:01:44.4595347Z 1528/2248 Test #1586: ts_rxjson_document_rxbvm_noopt ...............................   Passed    0.04 sec
2026-09-15T22:01:44.4600172Z           Start 1587: ts_rxjson_document_rxbvm_opt
2026-09-15T22:01:44.5112246Z 1529/2248 Test #1585: ts_fileio_binary_rxtvm_opt ...................................   Passed    0.11 sec
2026-09-15T22:01:44.5116697Z           Start 1588: ts_rxjson_noisy_contract_rxbvm_noopt
2026-09-15T22:01:44.5481509Z 1530/2248 Test #1588: ts_rxjson_noisy_contract_rxbvm_noopt .........................   Passed    0.04 sec
2026-09-15T22:01:44.5488993Z           Start 1589: ts_rxjson_noisy_contract_rxbvm_opt
2026-09-15T22:01:44.5727943Z 1531/2248 Test #1587: ts_rxjson_document_rxbvm_opt .................................   Passed    0.11 sec
2026-09-15T22:01:44.5732363Z           Start 1590: ts_rxjson_numeric_projection_rxbvm_noopt
2026-09-15T22:01:44.6104167Z 1532/2248 Test #1590: ts_rxjson_numeric_projection_rxbvm_noopt .....................   Passed    0.03 sec
2026-09-15T22:01:44.6118849Z           Start 1591: ts_rxjson_numeric_projection_rxbvm_opt
2026-09-15T22:01:44.6675875Z 1533/2248 Test #1589: ts_rxjson_noisy_contract_rxbvm_opt ...........................   Passed    0.12 sec
2026-09-15T22:01:44.6680665Z           Start 1592: ts_address_capture_rxbvm_noopt
2026-09-15T22:01:44.7149047Z 1534/2248 Test #1592: ts_address_capture_rxbvm_noopt ...............................   Passed    0.05 sec
2026-09-15T22:01:44.7154010Z           Start 1593: ts_address_capture_rxbvm_opt
2026-09-15T22:01:44.7302503Z 1535/2248 Test #1591: ts_rxjson_numeric_projection_rxbvm_opt .......................   Passed    0.12 sec
2026-09-15T22:01:44.7307108Z           Start 1594: ts_address_argv_rxbvm_noopt
2026-09-15T22:01:44.7704573Z 1536/2248 Test #1594: ts_address_argv_rxbvm_noopt ..................................   Passed    0.04 sec
2026-09-15T22:01:44.7709141Z           Start 1595: ts_address_argv_rxbvm_opt
2026-09-15T22:01:44.8873935Z 1537/2248 Test #1593: ts_address_capture_rxbvm_opt .................................   Passed    0.17 sec
2026-09-15T22:01:44.8878712Z           Start 1596: ts_address_array_lifecycle_rxbvm_noopt
2026-09-15T22:01:44.9301068Z 1538/2248 Test #1596: ts_address_array_lifecycle_rxbvm_noopt .......................   Passed    0.04 sec
2026-09-15T22:01:44.9305580Z           Start 1597: ts_address_array_lifecycle_rxbvm_opt
2026-09-15T22:01:44.9470427Z 1539/2248 Test #1595: ts_address_argv_rxbvm_opt ....................................   Passed    0.18 sec
2026-09-15T22:01:44.9475076Z           Start 1598: ts_address_spawn_transfer_rxbvm_noopt
2026-09-15T22:01:45.1183378Z 1540/2248 Test #1597: ts_address_array_lifecycle_rxbvm_opt .........................   Passed    0.19 sec
2026-09-15T22:01:45.1188103Z           Start 1599: ts_address_spawn_transfer_rxbvm_opt
2026-09-15T22:01:45.2692332Z 1541/2248 Test #1598: ts_address_spawn_transfer_rxbvm_noopt ........................   Passed    0.32 sec
2026-09-15T22:01:45.2698378Z           Start 1600: ts_address_spawn_transfer_rxtvm_noopt
2026-09-15T22:01:45.6075438Z 1542/2248 Test #1600: ts_address_spawn_transfer_rxtvm_noopt ........................   Passed    0.34 sec
2026-09-15T22:01:45.6080012Z           Start 1601: ts_address_spawn_transfer_rxtvm_opt
2026-09-15T22:01:45.6127483Z 1543/2248 Test #1599: ts_address_spawn_transfer_rxbvm_opt ..........................   Passed    0.49 sec
2026-09-15T22:01:45.6131846Z           Start 1602: ts_arraysort_errors_noopt
2026-09-15T22:01:45.6458475Z 1544/2248 Test #1602: ts_arraysort_errors_noopt ....................................   Passed    0.03 sec
2026-09-15T22:01:45.6462616Z           Start 1603: ts_arraysort_errors_opt
2026-09-15T22:01:45.7451507Z 1545/2248 Test #1603: ts_arraysort_errors_opt ......................................   Passed    0.10 sec
2026-09-15T22:01:45.7457242Z           Start 1604: ts_stem_errors_noopt
2026-09-15T22:01:45.7780334Z 1546/2248 Test #1604: ts_stem_errors_noopt .........................................   Passed    0.03 sec
2026-09-15T22:01:45.7787974Z           Start 1605: ts_stem_errors_opt
2026-09-15T22:01:45.8868791Z 1547/2248 Test #1605: ts_stem_errors_opt ...........................................   Passed    0.11 sec
2026-09-15T22:01:45.8874619Z           Start 1606: we_noopt
2026-09-15T22:01:46.0547231Z 1548/2248 Test #1601: ts_address_spawn_transfer_rxtvm_opt ..........................   Passed    0.45 sec
2026-09-15T22:01:46.0552170Z           Start 1607: we_opt
2026-09-15T22:01:46.2582541Z 1549/2248 Test #1606: we_noopt .....................................................   Passed    0.37 sec
2026-09-15T22:01:46.2597316Z           Start 1608: test1_noopt
2026-09-15T22:01:46.4301114Z 1550/2248 Test #1607: we_opt .......................................................   Passed    0.37 sec
2026-09-15T22:01:46.4306005Z           Start 1609: test1_opt
2026-09-15T22:01:47.9168840Z 1551/2248 Test #1608: test1_noopt ..................................................   Passed    1.66 sec
2026-09-15T22:01:47.9186392Z           Start 1610: crexxbrexx_noopt
2026-09-15T22:01:48.3414923Z 1552/2248 Test #1609: test1_opt ....................................................   Passed    1.91 sec
2026-09-15T22:01:48.3419665Z           Start 1611: crexxbrexx_opt
2026-09-15T22:01:49.5764255Z 1553/2248 Test #1610: crexxbrexx_noopt .............................................   Passed    1.66 sec
2026-09-15T22:01:49.5770681Z           Start 1612: rxfnsl_tinyexpr_binary_surface_smoke
2026-09-15T22:01:49.6224018Z 1554/2248 Test #1612: rxfnsl_tinyexpr_binary_surface_smoke .........................   Passed    0.04 sec
2026-09-15T22:01:49.6228617Z           Start 1613: ts_tinyexpr_noopt
2026-09-15T22:01:49.6562058Z 1555/2248 Test #1613: ts_tinyexpr_noopt ............................................   Passed    0.03 sec
2026-09-15T22:01:49.6566763Z           Start 1614: ts_tinyexpr_opt
2026-09-15T22:01:49.7562425Z 1556/2248 Test #1614: ts_tinyexpr_opt ..............................................   Passed    0.10 sec
2026-09-15T22:01:49.7567209Z           Start 1615: rxpa_bundled_cipher_concurrency
2026-09-15T22:01:49.7692382Z 1557/2248 Test #1615: rxpa_bundled_cipher_concurrency ..............................   Passed    0.01 sec
2026-09-15T22:01:49.7696411Z           Start 1616: rxpa_bundled_hash_concurrency
2026-09-15T22:01:49.7814032Z 1558/2248 Test #1616: rxpa_bundled_hash_concurrency ................................   Passed    0.01 sec
2026-09-15T22:01:49.7818054Z           Start 1617: rxpa_bundled_stack_concurrency
2026-09-15T22:01:49.7935772Z 1559/2248 Test #1617: rxpa_bundled_stack_concurrency ...............................   Passed    0.01 sec
2026-09-15T22:01:49.7939725Z           Start 1618: rxpa_bundled_strings_concurrency
2026-09-15T22:01:49.8077614Z 1560/2248 Test #1618: rxpa_bundled_strings_concurrency .............................   Passed    0.01 sec
2026-09-15T22:01:49.8081433Z           Start 1619: rxpa_bundled_getpi_concurrency
2026-09-15T22:01:49.8327140Z 1561/2248 Test #1619: rxpa_bundled_getpi_concurrency ...............................   Passed    0.02 sec
2026-09-15T22:01:49.8331424Z           Start 1620: rxpa_bundled_id_concurrency
2026-09-15T22:01:49.8475500Z 1562/2248 Test #1620: rxpa_bundled_id_concurrency ..................................   Passed    0.01 sec
2026-09-15T22:01:49.8479427Z           Start 1621: rxpa_bundled_float_concurrency
2026-09-15T22:01:49.8619428Z 1563/2248 Test #1621: rxpa_bundled_float_concurrency ...............................   Passed    0.01 sec
2026-09-15T22:01:49.8623811Z           Start 1622: rxpa_bundled_stats_concurrency
2026-09-15T22:01:49.8755833Z 1564/2248 Test #1622: rxpa_bundled_stats_concurrency ...............................   Passed    0.01 sec
2026-09-15T22:01:49.8759809Z           Start 1623: rxpa_bundled_vector_concurrency
2026-09-15T22:01:49.8877086Z 1565/2248 Test #1623: rxpa_bundled_vector_concurrency ..............................   Passed    0.01 sec
2026-09-15T22:01:49.8880972Z           Start 1624: rxpa_bundled_fs_concurrency
2026-09-15T22:01:49.9014960Z 1566/2248 Test #1624: rxpa_bundled_fs_concurrency ..................................   Passed    0.01 sec
2026-09-15T22:01:49.9019226Z           Start 1625: rxpa_bundled_platform_concurrency
2026-09-15T22:01:49.9141638Z 1567/2248 Test #1625: rxpa_bundled_platform_concurrency ............................   Passed    0.01 sec
2026-09-15T22:01:49.9145774Z           Start 1626: rxpa_dynamic_session_factory_failure_rollback
2026-09-15T22:01:49.9274334Z 1568/2248 Test #1626: rxpa_dynamic_session_factory_failure_rollback ................   Passed    0.01 sec
2026-09-15T22:01:49.9278574Z           Start 1627: rxpa_odbc_mock_prepared_sessions
2026-09-15T22:01:49.9433195Z 1569/2248 Test #1627: rxpa_odbc_mock_prepared_sessions .............................   Passed    0.02 sec
2026-09-15T22:01:49.9437593Z           Start 1628: rxpa_odbc_old_host_default_session
2026-09-15T22:01:49.9512484Z 1570/2248 Test #1628: rxpa_odbc_old_host_default_session ...........................   Passed    0.01 sec
2026-09-15T22:01:49.9516498Z           Start 1629: arrays_test_noopt
2026-09-15T22:01:49.9883815Z 1571/2248 Test #1629: arrays_test_noopt ............................................   Passed    0.04 sec
2026-09-15T22:01:49.9888656Z           Start 1630: arrays_test_opt
2026-09-15T22:01:50.1120191Z 1572/2248 Test #1630: arrays_test_opt ..............................................   Passed    0.12 sec
2026-09-15T22:01:50.1137267Z           Start 1631: rxfloat_contract_surface_coverage
2026-09-15T22:01:50.1482530Z 1573/2248 Test #1631: rxfloat_contract_surface_coverage ............................   Passed    0.04 sec
2026-09-15T22:01:50.1486995Z           Start 1632: rxfloat_rxbvm_noopt
2026-09-15T22:01:50.1798650Z 1574/2248 Test #1632: rxfloat_rxbvm_noopt ..........................................   Passed    0.03 sec
2026-09-15T22:01:50.1803666Z           Start 1633: rxfloat_rxbvm_opt
2026-09-15T22:01:50.2200822Z 1575/2248 Test #1611: crexxbrexx_opt ...............................................   Passed    1.88 sec
2026-09-15T22:01:50.2204888Z           Start 1634: rxfloat_rxtvm_noopt
2026-09-15T22:01:50.2615510Z 1576/2248 Test #1634: rxfloat_rxtvm_noopt ..........................................   Passed    0.04 sec
2026-09-15T22:01:50.2619884Z           Start 1635: rxfloat_rxtvm_opt
2026-09-15T22:01:50.2836379Z 1577/2248 Test #1633: rxfloat_rxbvm_opt ............................................   Passed    0.10 sec
2026-09-15T22:01:50.2841690Z           Start 1636: rxstats_packedint_rejected
2026-09-15T22:01:50.3668834Z 1578/2248 Test #1635: rxfloat_rxtvm_opt ............................................   Passed    0.10 sec
2026-09-15T22:01:50.3674442Z           Start 1637: rxstats_rxbvm_noopt
2026-09-15T22:01:50.5522682Z 1579/2248 Test #1637: rxstats_rxbvm_noopt ..........................................   Passed    0.18 sec
2026-09-15T22:01:50.5527563Z           Start 1638: rxstats_rxbvm_opt
2026-09-15T22:01:50.7292014Z 1580/2248 Test #1638: rxstats_rxbvm_opt ............................................   Passed    0.18 sec
2026-09-15T22:01:50.7296481Z           Start 1639: rxstats_rxtvm_noopt
2026-09-15T22:01:50.9138413Z 1581/2248 Test #1639: rxstats_rxtvm_noopt ..........................................   Passed    0.18 sec
2026-09-15T22:01:50.9143443Z           Start 1640: rxstats_rxtvm_opt
2026-09-15T22:01:51.0616409Z 1582/2248 Test #1636: rxstats_packedint_rejected ...................................   Passed    0.78 sec
2026-09-15T22:01:51.0622641Z           Start 1641: rxvector_rxbvm_noopt
2026-09-15T22:01:51.0716475Z 1583/2248 Test #1640: rxstats_rxtvm_opt ............................................   Passed    0.16 sec
2026-09-15T22:01:51.0721058Z           Start 1642: rxvector_rxbvm_opt
2026-09-15T22:01:51.2430826Z 1584/2248 Test #1642: rxvector_rxbvm_opt ...........................................   Passed    0.17 sec
2026-09-15T22:01:51.2435257Z           Start 1643: rxvector_rxtvm_noopt
2026-09-15T22:01:51.2505499Z 1585/2248 Test #1641: rxvector_rxbvm_noopt .........................................   Passed    0.19 sec
2026-09-15T22:01:51.2509780Z           Start 1644: rxvector_rxtvm_opt
2026-09-15T22:01:51.4131686Z 1586/2248 Test #1644: rxvector_rxtvm_opt ...........................................   Passed    0.16 sec
2026-09-15T22:01:51.4136337Z           Start 1645: stack_test_noopt
2026-09-15T22:01:51.4296845Z 1587/2248 Test #1643: rxvector_rxtvm_noopt .........................................   Passed    0.19 sec
2026-09-15T22:01:51.4301033Z           Start 1646: stack_test_opt
2026-09-15T22:01:51.4483635Z 1588/2248 Test #1645: stack_test_noopt .............................................   Passed    0.03 sec
2026-09-15T22:01:51.4488599Z           Start 1647: cipher_test_noopt
2026-09-15T22:01:51.4809062Z 1589/2248 Test #1647: cipher_test_noopt ............................................   Passed    0.03 sec
2026-09-15T22:01:51.4813876Z           Start 1648: cipher_test_opt
2026-09-15T22:01:51.5243488Z 1590/2248 Test #1646: stack_test_opt ...............................................   Passed    0.09 sec
2026-09-15T22:01:51.5248409Z           Start 1649: rx_hash_rxbvm_noopt
2026-09-15T22:01:51.5786227Z 1591/2248 Test #1648: cipher_test_opt ..............................................   Passed    0.10 sec
2026-09-15T22:01:51.5790563Z           Start 1650: rx_hash_rxbvm_opt
2026-09-15T22:01:51.7218990Z 1592/2248 Test #1649: rx_hash_rxbvm_noopt ..........................................   Passed    0.19 sec
2026-09-15T22:01:51.7247162Z           Start 1651: rx_hash_rxtvm_noopt
2026-09-15T22:01:51.8883190Z 1593/2248 Test #1650: rx_hash_rxbvm_opt ............................................   Passed    0.31 sec
2026-09-15T22:01:51.8888100Z           Start 1652: rx_hash_rxtvm_opt
2026-09-15T22:01:51.9189820Z 1594/2248 Test #1651: rx_hash_rxtvm_noopt ..........................................   Passed    0.20 sec
2026-09-15T22:01:51.9194106Z           Start 1653: rxsqlite_thread_sessions
2026-09-15T22:01:52.1440433Z 1595/2248 Test #1653: rxsqlite_thread_sessions .....................................   Passed    0.22 sec
2026-09-15T22:01:52.1444998Z           Start 1654: rxsqlite_typed_rxbvm_noopt
2026-09-15T22:01:52.1756919Z 1596/2248 Test #1652: rx_hash_rxtvm_opt ............................................   Passed    0.29 sec
2026-09-15T22:01:52.1761976Z           Start 1655: rxsqlite_typed_rxbvm_opt
2026-09-15T22:01:52.1945518Z 1597/2248 Test #1654: rxsqlite_typed_rxbvm_noopt ...................................   Passed    0.05 sec
2026-09-15T22:01:52.1950632Z           Start 1656: rxsqlite_file_rxbvm_noopt
2026-09-15T22:01:52.2865601Z 1598/2248 Test #1655: rxsqlite_typed_rxbvm_opt .....................................   Passed    0.11 sec
2026-09-15T22:01:52.2872274Z           Start 1657: rxsqlite_file_rxbvm_opt
2026-09-15T22:01:52.3053216Z 1599/2248 Test #1656: rxsqlite_file_rxbvm_noopt ....................................   Passed    0.11 sec
2026-09-15T22:01:52.3054761Z           Start 1658: rxsqlite_typed_rxtvm_noopt
2026-09-15T22:01:52.3477039Z 1600/2248 Test #1658: rxsqlite_typed_rxtvm_noopt ...................................   Passed    0.04 sec
2026-09-15T22:01:52.3481669Z           Start 1659: rxsqlite_typed_rxtvm_opt
2026-09-15T22:01:52.4535386Z 1601/2248 Test #1659: rxsqlite_typed_rxtvm_opt .....................................   Passed    0.10 sec
2026-09-15T22:01:52.4540095Z           Start 1660: rxsqlite_file_rxtvm_noopt
2026-09-15T22:01:52.4665875Z 1602/2248 Test #1657: rxsqlite_file_rxbvm_opt ......................................   Passed    0.18 sec
2026-09-15T22:01:52.4670257Z           Start 1661: rxsqlite_file_rxtvm_opt
2026-09-15T22:01:52.5697850Z 1603/2248 Test #1660: rxsqlite_file_rxtvm_noopt ....................................   Passed    0.12 sec
2026-09-15T22:01:52.5701828Z           Start 1662: rxsqlite_attached_noopt
2026-09-15T22:01:52.6344441Z 1604/2248 Test #1661: rxsqlite_file_rxtvm_opt ......................................   Passed    0.17 sec
2026-09-15T22:01:52.6349700Z           Start 1663: rxsqlite_attached_opt
2026-09-15T22:01:52.7819767Z 1605/2248 Test #1662: rxsqlite_attached_noopt ......................................   Passed    0.21 sec
2026-09-15T22:01:52.7824572Z           Start 1664: rxsqlite_address_noopt
2026-09-15T22:01:52.8929327Z 1606/2248 Test #1664: rxsqlite_address_noopt .......................................   Passed    0.11 sec
2026-09-15T22:01:52.8934563Z           Start 1665: rxsqlite_address_opt
2026-09-15T22:01:53.2016921Z 1607/2248 Test #1663: rxsqlite_attached_opt ........................................   Passed    0.57 sec
2026-09-15T22:01:53.2021336Z           Start 1666: strings_test_noopt
2026-09-15T22:01:53.2305449Z 1608/2248 Test #1666: strings_test_noopt ...........................................   Passed    0.03 sec
2026-09-15T22:01:53.2309730Z           Start 1667: strings_test_opt
2026-09-15T22:01:53.2968324Z 1609/2248 Test #1665: rxsqlite_address_opt .........................................   Passed    0.40 sec
2026-09-15T22:01:53.2972508Z           Start 1668: getpi_test_noopt
2026-09-15T22:01:53.2994889Z 1610/2248 Test #1667: strings_test_opt .............................................   Passed    0.07 sec
2026-09-15T22:01:53.2999023Z           Start 1669: getpi_test_opt
2026-09-15T22:01:53.3500585Z 1611/2248 Test #1668: getpi_test_noopt .............................................   Passed    0.05 sec
2026-09-15T22:01:53.3505364Z           Start 1670: keyaccess_test_noopt
2026-09-15T22:01:53.3950970Z 1612/2248 Test #1670: keyaccess_test_noopt .........................................   Passed    0.04 sec
2026-09-15T22:01:53.3964143Z           Start 1671: keyaccess_test_opt
2026-09-15T22:01:53.4186809Z 1613/2248 Test #1669: getpi_test_opt ...............................................   Passed    0.12 sec
2026-09-15T22:01:53.4187923Z           Start 1673: llist_test_noopt
2026-09-15T22:01:53.4522254Z 1614/2248 Test #1673: llist_test_noopt .............................................   Passed    0.03 sec
2026-09-15T22:01:53.4527032Z           Start 1674: llist_test_opt
2026-09-15T22:01:53.5033863Z 1615/2248 Test #1671: keyaccess_test_opt ...........................................   Passed    0.11 sec
2026-09-15T22:01:53.5039229Z           Start 1672: keyaccess_compact_failure
2026-09-15T22:01:53.5169784Z 1616/2248 Test #1672: keyaccess_compact_failure ....................................   Passed    0.01 sec
2026-09-15T22:01:53.5174107Z           Start 1675: treemap_test_noopt
2026-09-15T22:01:53.5499025Z 1617/2248 Test #1675: treemap_test_noopt ...........................................   Passed    0.03 sec
2026-09-15T22:01:53.5503053Z           Start 1676: treemap_test_opt
2026-09-15T22:01:53.5528322Z 1618/2248 Test #1674: llist_test_opt ...............................................   Passed    0.10 sec
2026-09-15T22:01:53.5533023Z           Start 1677: rxid_rxbvm_noopt
2026-09-15T22:01:53.5877112Z 1619/2248 Test #1677: rxid_rxbvm_noopt .............................................   Passed    0.03 sec
2026-09-15T22:01:53.5881397Z           Start 1678: rxid_rxbvm_opt
2026-09-15T22:01:53.6149642Z 1620/2248 Test #1676: treemap_test_opt .............................................   Passed    0.06 sec
2026-09-15T22:01:53.6154700Z           Start 1679: rxid_rxtvm_noopt
2026-09-15T22:01:53.6519978Z 1621/2248 Test #1679: rxid_rxtvm_noopt .............................................   Passed    0.04 sec
2026-09-15T22:01:53.6525053Z           Start 1680: rxid_rxtvm_opt
2026-09-15T22:01:53.6926227Z 1622/2248 Test #1678: rxid_rxbvm_opt ...............................................   Passed    0.10 sec
2026-09-15T22:01:53.6930532Z           Start 1681: rxfs_rxbvm_noopt
2026-09-15T22:01:53.7303428Z 1623/2248 Test #1681: rxfs_rxbvm_noopt .............................................   Passed    0.04 sec
2026-09-15T22:01:53.7308298Z           Start 1682: rxfs_rxbvm_opt
2026-09-15T22:01:53.7536494Z 1624/2248 Test #1680: rxid_rxtvm_opt ...............................................   Passed    0.10 sec
2026-09-15T22:01:53.7540881Z           Start 1683: rxfs_rxtvm_noopt
2026-09-15T22:01:53.7867474Z 1625/2248 Test #1683: rxfs_rxtvm_noopt .............................................   Passed    0.03 sec
2026-09-15T22:01:53.7872952Z           Start 1684: rxfs_rxtvm_opt
2026-09-15T22:01:53.8364112Z 1626/2248 Test #1682: rxfs_rxbvm_opt ...............................................   Passed    0.11 sec
2026-09-15T22:01:53.8368886Z           Start 1685: rxconsole_decoder
2026-09-15T22:01:53.8533965Z 1627/2248 Test #1685: rxconsole_decoder ............................................   Passed    0.02 sec
2026-09-15T22:01:53.8538146Z           Start 1686: rxconsole_levelb_noopt
2026-09-15T22:01:53.8903383Z 1628/2248 Test #1686: rxconsole_levelb_noopt .......................................   Passed    0.04 sec
2026-09-15T22:01:53.8907758Z           Start 1687: rxconsole_levelb_opt
2026-09-15T22:01:53.8930852Z 1629/2248 Test #1684: rxfs_rxtvm_opt ...............................................   Passed    0.11 sec
2026-09-15T22:01:53.8934955Z           Start 1688: rxplatform_rxbvm_noopt
2026-09-15T22:01:53.9333800Z 1630/2248 Test #1688: rxplatform_rxbvm_noopt .......................................   Passed    0.04 sec
2026-09-15T22:01:53.9334958Z           Start 1689: rxplatform_rxbvm_opt
2026-09-15T22:01:53.9984039Z 1631/2248 Test #1687: rxconsole_levelb_opt .........................................   Passed    0.11 sec
2026-09-15T22:01:53.9988780Z           Start 1690: rxplatform_rxtvm_noopt
2026-09-15T22:01:54.0366429Z 1632/2248 Test #1690: rxplatform_rxtvm_noopt .......................................   Passed    0.04 sec
2026-09-15T22:01:54.0371235Z           Start 1691: rxplatform_rxtvm_opt
2026-09-15T22:01:54.0439078Z 1633/2248 Test #1689: rxplatform_rxbvm_opt .........................................   Passed    0.11 sec
2026-09-15T22:01:54.0466780Z           Start 1692: recv390_test_noopt
2026-09-15T22:01:54.0772930Z 1634/2248 Test #1692: recv390_test_noopt ...........................................   Passed    0.03 sec
2026-09-15T22:01:54.0777121Z           Start 1693: recv390_test_opt
2026-09-15T22:01:54.1427438Z 1635/2248 Test #1691: rxplatform_rxtvm_opt .........................................   Passed    0.11 sec
2026-09-15T22:01:54.1431711Z           Start 1694: map_test_noopt
2026-09-15T22:01:54.1772731Z 1636/2248 Test #1694: map_test_noopt ...............................................   Passed    0.03 sec
2026-09-15T22:01:54.1776875Z           Start 1695: map_test_opt
2026-09-15T22:01:54.1799409Z 1637/2248 Test #1693: recv390_test_opt .............................................   Passed    0.10 sec
2026-09-15T22:01:54.1803833Z           Start 1696: tcp_test_noopt
2026-09-15T22:01:54.2292077Z 1638/2248 Test #1696: tcp_test_noopt ...............................................   Passed    0.05 sec
2026-09-15T22:01:54.2296560Z           Start 1697: tcp_test_opt
2026-09-15T22:01:54.2687322Z 1639/2248 Test #1695: map_test_opt .................................................   Passed    0.09 sec
2026-09-15T22:01:54.2691603Z           Start 1701: odbc_mock_prepared_rxbvm
2026-09-15T22:01:54.3005010Z 1640/2248 Test #1701: odbc_mock_prepared_rxbvm .....................................   Passed    0.03 sec
2026-09-15T22:01:54.3008709Z           Start 1702: odbc_mock_prepared_rxtvm
2026-09-15T22:01:54.3338324Z 1641/2248 Test #1702: odbc_mock_prepared_rxtvm .....................................   Passed    0.03 sec
2026-09-15T22:01:54.3342857Z           Start 1703: classlib_rxdas_inline_preserve_smoke
2026-09-15T22:01:54.3499201Z 1642/2248 Test #1697: tcp_test_opt .................................................   Passed    0.12 sec
2026-09-15T22:01:54.3503719Z           Start 1704: classlib_rexxdoc_coverage
2026-09-15T22:01:54.6082527Z 1643/2248 Test #1703: classlib_rxdas_inline_preserve_smoke .........................   Passed    0.27 sec
2026-09-15T22:01:54.6087271Z           Start 1705: rexx_api_doc_exposed_regression
2026-09-15T22:01:55.2494690Z 1644/2248 Test #1704: classlib_rexxdoc_coverage ....................................   Passed    0.90 sec
2026-09-15T22:01:55.2499755Z           Start 1706: gate_f_levelb_bridge_inspection
2026-09-15T22:01:55.2882477Z 1645/2248 Test #1706: gate_f_levelb_bridge_inspection ..............................   Passed    0.04 sec
2026-09-15T22:01:55.2886758Z           Start 1707: classlib_rexx_method_test_coverage
2026-09-15T22:01:55.3229209Z 1646/2248 Test #1707: classlib_rexx_method_test_coverage ...........................   Passed    0.03 sec
2026-09-15T22:01:55.3249367Z           Start 1708: testrexx0_noopt
2026-09-15T22:01:55.4249870Z 1647/2248 Test #1708: testrexx0_noopt ..............................................   Passed    0.10 sec
2026-09-15T22:01:55.4254967Z           Start 1709: testrexx0_opt
2026-09-15T22:01:55.7087606Z 1648/2248 Test #1709: testrexx0_opt ................................................   Passed    0.28 sec
2026-09-15T22:01:55.7092512Z           Start 1710: testrexx_noopt
2026-09-15T22:01:55.8065041Z 1649/2248 Test #1710: testrexx_noopt ...............................................   Passed    0.10 sec
2026-09-15T22:01:55.8070141Z           Start 1711: testrexx_opt
2026-09-15T22:01:56.0016368Z 1650/2248 Test #1711: testrexx_opt .................................................   Passed    0.19 sec
2026-09-15T22:01:56.0021097Z           Start 1712: testStringArrayList_noopt
2026-09-15T22:01:56.0787753Z 1651/2248 Test #1712: testStringArrayList_noopt ....................................   Passed    0.08 sec
2026-09-15T22:01:56.0792861Z           Start 1713: testStringArrayList_opt
2026-09-15T22:01:56.4092938Z 1652/2248 Test #1705: rexx_api_doc_exposed_regression ..............................   Passed    1.80 sec
2026-09-15T22:01:56.4097799Z           Start 1714: testStringHashMap_noopt
2026-09-15T22:01:56.5019599Z 1653/2248 Test #1714: testStringHashMap_noopt ......................................   Passed    0.09 sec
2026-09-15T22:01:56.5024644Z           Start 1715: testStringHashMap_opt
2026-09-15T22:01:56.5692268Z 1654/2248 Test #1713: testStringArrayList_opt ......................................   Passed    0.49 sec
2026-09-15T22:01:56.5696812Z           Start 1716: testStringHashSet_noopt
2026-09-15T22:01:56.6484579Z 1655/2248 Test #1716: testStringHashSet_noopt ......................................   Passed    0.08 sec
2026-09-15T22:01:56.6489304Z           Start 1717: testStringHashSet_opt
2026-09-15T22:01:56.7218978Z 1656/2248 Test #1715: testStringHashMap_opt ........................................   Passed    0.22 sec
2026-09-15T22:01:56.7220164Z           Start 1718: testStringLinkedList_noopt
2026-09-15T22:01:56.7689660Z 1657/2248 Test #1717: testStringHashSet_opt ........................................   Passed    0.12 sec
2026-09-15T22:01:56.7694629Z           Start 1719: testStringLinkedList_opt
2026-09-15T22:01:56.8100339Z 1658/2248 Test #1718: testStringLinkedList_noopt ...................................   Passed    0.09 sec
2026-09-15T22:01:56.8104508Z           Start 1720: testStringTreeMap_noopt
2026-09-15T22:01:56.8785216Z 1659/2248 Test #1719: testStringLinkedList_opt .....................................   Passed    0.11 sec
2026-09-15T22:01:56.8790181Z           Start 1721: testStringTreeMap_opt
2026-09-15T22:01:56.9061947Z 1660/2248 Test #1720: testStringTreeMap_noopt ......................................   Passed    0.10 sec
2026-09-15T22:01:56.9066621Z           Start 1722: testStringTreeSet_noopt
2026-09-15T22:01:56.9939773Z 1661/2248 Test #1722: testStringTreeSet_noopt ......................................   Passed    0.09 sec
2026-09-15T22:01:56.9944358Z           Start 1723: testStringTreeSet_opt
2026-09-15T22:01:57.0886204Z 1662/2248 Test #1721: testStringTreeMap_opt ........................................   Passed    0.21 sec
2026-09-15T22:01:57.0891280Z           Start 1724: testStringStack_noopt
2026-09-15T22:01:57.1824469Z 1663/2248 Test #1724: testStringStack_noopt ........................................   Passed    0.09 sec
2026-09-15T22:01:57.1828755Z           Start 1725: testStringStack_opt
2026-09-15T22:01:57.1948773Z 1664/2248 Test #1723: testStringTreeSet_opt ........................................   Passed    0.20 sec
2026-09-15T22:01:57.1950152Z           Start 1726: testObjectCollections_noopt
2026-09-15T22:01:57.2871813Z 1665/2248 Test #1725: testStringStack_opt ..........................................   Passed    0.10 sec
2026-09-15T22:01:57.2876609Z           Start 1727: testObjectCollections_opt
2026-09-15T22:01:57.2918951Z 1666/2248 Test #1726: testObjectCollections_noopt ..................................   Passed    0.10 sec
2026-09-15T22:01:57.2923030Z           Start 1728: testStringObjectMaps_noopt
2026-09-15T22:01:57.3917899Z 1667/2248 Test #1728: testStringObjectMaps_noopt ...................................   Passed    0.10 sec
2026-09-15T22:01:57.3922913Z           Start 1729: testStringObjectMaps_opt
2026-09-15T22:01:57.8074681Z 1668/2248 Test #1727: testObjectCollections_opt ....................................   Passed    0.52 sec
2026-09-15T22:01:57.8092544Z           Start 1730: testObjectObjectTreeMap_noopt
2026-09-15T22:01:57.8962006Z 1669/2248 Test #1730: testObjectObjectTreeMap_noopt ................................   Passed    0.09 sec
2026-09-15T22:01:57.8967513Z           Start 1731: testObjectObjectTreeMap_opt
2026-09-15T22:01:57.9496876Z 1670/2248 Test #1729: testStringObjectMaps_opt .....................................   Passed    0.56 sec
2026-09-15T22:01:57.9501148Z           Start 1732: testObjectObjectHashMap_noopt
2026-09-15T22:01:58.0415864Z 1671/2248 Test #1732: testObjectObjectHashMap_noopt ................................   Passed    0.09 sec
2026-09-15T22:01:58.0419929Z           Start 1733: testObjectObjectHashMap_opt
2026-09-15T22:01:58.0904343Z 1672/2248 Test #1731: testObjectObjectTreeMap_opt ..................................   Passed    0.19 sec
2026-09-15T22:01:58.0908915Z           Start 1734: testObjectEquality_noopt
2026-09-15T22:01:58.1799907Z 1673/2248 Test #1734: testObjectEquality_noopt .....................................   Passed    0.09 sec
2026-09-15T22:01:58.1804343Z           Start 1735: testObjectEquality_opt
2026-09-15T22:01:58.2326289Z 1674/2248 Test #1733: testObjectObjectHashMap_opt ..................................   Passed    0.19 sec
2026-09-15T22:01:58.2330533Z           Start 1736: testTreeMap_noopt
2026-09-15T22:01:58.2927017Z 1675/2248 Test #1735: testObjectEquality_opt .......................................   Passed    0.11 sec
2026-09-15T22:01:58.2931820Z           Start 1737: testTreeMap_opt
2026-09-15T22:01:58.3267202Z 1676/2248 Test #1736: testTreeMap_noopt ............................................   Passed    0.09 sec
2026-09-15T22:01:58.3278589Z           Start 1738: testRexxComparator_noopt
2026-09-15T22:01:58.4117345Z 1677/2248 Test #1738: testRexxComparator_noopt .....................................   Passed    0.09 sec
2026-09-15T22:01:58.4121870Z           Start 1739: testRexxComparator_opt
2026-09-15T22:01:58.5215221Z 1678/2248 Test #1737: testTreeMap_opt ..............................................   Passed    0.23 sec
2026-09-15T22:01:58.5219441Z           Start 1740: testQfind_noopt
2026-09-15T22:01:58.6033381Z 1679/2248 Test #1739: testRexxComparator_opt .......................................   Passed    0.19 sec
2026-09-15T22:01:58.6037851Z           Start 1741: testQfind_opt
2026-09-15T22:01:58.6167979Z 1680/2248 Test #1740: testQfind_noopt ..............................................   Passed    0.09 sec
2026-09-15T22:01:58.6168875Z           Start 1742: testTokenise_noopt
2026-09-15T22:01:58.7008138Z 1681/2248 Test #1742: testTokenise_noopt ...........................................   Passed    0.09 sec
2026-09-15T22:01:58.7012677Z           Start 1743: testTokenise_opt
2026-09-15T22:01:58.7177186Z 1682/2248 Test #1741: testQfind_opt ................................................   Passed    0.11 sec
2026-09-15T22:01:58.7181683Z           Start 1744: testJSON_noopt
2026-09-15T22:01:58.8059951Z 1683/2248 Test #1744: testJSON_noopt ...............................................   Passed    0.09 sec
2026-09-15T22:01:58.8064979Z           Start 1745: testJSON_opt
2026-09-15T22:01:58.8214805Z 1684/2248 Test #1743: testTokenise_opt .............................................   Passed    0.12 sec
2026-09-15T22:01:58.8219899Z           Start 1746: testConcurrency_noopt
2026-09-15T22:01:58.9296269Z 1685/2248 Test #1745: testJSON_opt .................................................   Passed    0.12 sec
2026-09-15T22:01:58.9297649Z           Start 1747: testConcurrency_opt
2026-09-15T22:01:59.2956388Z 1686/2248 Test #1746: testConcurrency_noopt ........................................   Passed    0.47 sec
2026-09-15T22:01:59.2960812Z           Start 1748: testDateTime_noopt
2026-09-15T22:01:59.3923048Z 1687/2248 Test #1748: testDateTime_noopt ...........................................   Passed    0.10 sec
2026-09-15T22:01:59.3927720Z           Start 1749: testDateTime_opt
2026-09-15T22:01:59.6134122Z 1688/2248 Test #1749: testDateTime_opt .............................................   Passed    0.22 sec
2026-09-15T22:01:59.6139251Z           Start 1750: testid_noopt
2026-09-15T22:01:59.6530922Z 1689/2248 Test #1750: testid_noopt .................................................   Passed    0.04 sec
2026-09-15T22:01:59.6535770Z           Start 1751: testid_opt
2026-09-15T22:01:59.7509262Z 1690/2248 Test #1751: testid_opt ...................................................   Passed    0.10 sec
2026-09-15T22:01:59.7514331Z           Start 1752: testKeyDB_noopt
2026-09-15T22:01:59.7911477Z 1691/2248 Test #1752: testKeyDB_noopt ..............................................   Passed    0.04 sec
2026-09-15T22:01:59.7915425Z           Start 1753: testKeyDB_opt
2026-09-15T22:01:59.7960565Z 1692/2248 Test #1747: testConcurrency_opt ..........................................   Passed    0.87 sec
2026-09-15T22:01:59.7965657Z           Start 1754: testOS_noopt
2026-09-15T22:01:59.8392141Z 1693/2248 Test #1754: testOS_noopt .................................................   Passed    0.04 sec
2026-09-15T22:01:59.8397104Z           Start 1755: testOS_opt
2026-09-15T22:01:59.8899549Z 1694/2248 Test #1753: testKeyDB_opt ................................................   Passed    0.10 sec
2026-09-15T22:01:59.8904149Z           Start 1756: docs_concurrency_basic_rxbvm_noopt
2026-09-15T22:01:59.9567051Z 1695/2248 Test #1755: testOS_opt ...................................................   Passed    0.12 sec
2026-09-15T22:01:59.9573387Z           Start 1757: docs_concurrency_basic_rxbvm_opt
2026-09-15T22:02:00.6337441Z 1696/2248 Test #1756: docs_concurrency_basic_rxbvm_noopt ...........................   Passed    0.74 sec
2026-09-15T22:02:00.6342134Z           Start 1758: docs_concurrency_basic_rxtvm_noopt
2026-09-15T22:02:00.6496194Z 1697/2248 Test #1757: docs_concurrency_basic_rxbvm_opt .............................   Passed    0.69 sec
2026-09-15T22:02:00.6501227Z           Start 1759: docs_concurrency_basic_rxtvm_opt
2026-09-15T22:02:01.2521342Z 1698/2248 Test #1758: docs_concurrency_basic_rxtvm_noopt ...........................   Passed    0.62 sec
2026-09-15T22:02:01.2526124Z           Start 1760: docs_concurrency_providers_rxbvm_noopt
2026-09-15T22:02:01.4045379Z 1699/2248 Test #1759: docs_concurrency_basic_rxtvm_opt .............................   Passed    0.75 sec
2026-09-15T22:02:01.4050165Z           Start 1761: docs_concurrency_providers_rxbvm_opt
2026-09-15T22:02:02.3585843Z 1700/2248 Test #1760: docs_concurrency_providers_rxbvm_noopt .......................   Passed    1.11 sec
2026-09-15T22:02:02.3590770Z           Start 1762: docs_concurrency_providers_rxtvm_noopt
2026-09-15T22:02:02.4754200Z 1701/2248 Test #1761: docs_concurrency_providers_rxbvm_opt .........................   Passed    1.07 sec
2026-09-15T22:02:02.4759215Z           Start 1763: docs_concurrency_providers_rxtvm_opt
2026-09-15T22:02:03.3632782Z 1702/2248 Test #1762: docs_concurrency_providers_rxtvm_noopt .......................   Passed    1.00 sec
2026-09-15T22:02:03.3635978Z           Start 1764: docs_concurrency_transferable_objects_rxbvm_noopt
2026-09-15T22:02:03.6169781Z 1703/2248 Test #1763: docs_concurrency_providers_rxtvm_opt .........................   Passed    1.14 sec
2026-09-15T22:02:03.6174484Z           Start 1765: docs_concurrency_transferable_objects_rxbvm_opt
2026-09-15T22:02:03.9434207Z 1704/2248 Test #1764: docs_concurrency_transferable_objects_rxbvm_noopt ............   Passed    0.58 sec
2026-09-15T22:02:03.9438756Z           Start 1766: docs_concurrency_transferable_objects_rxtvm_noopt
2026-09-15T22:02:04.2249330Z 1705/2248 Test #1765: docs_concurrency_transferable_objects_rxbvm_opt ..............   Passed    0.61 sec
2026-09-15T22:02:04.2253958Z           Start 1767: docs_concurrency_transferable_objects_rxtvm_opt
2026-09-15T22:02:04.6001236Z 1706/2248 Test #1766: docs_concurrency_transferable_objects_rxtvm_noopt ............   Passed    0.66 sec
2026-09-15T22:02:04.6006382Z           Start 1768: docs_concurrency_taskwork_rxbvm_noopt
2026-09-15T22:02:04.8312348Z 1707/2248 Test #1767: docs_concurrency_transferable_objects_rxtvm_opt ..............   Passed    0.61 sec
2026-09-15T22:02:04.8317270Z           Start 1769: docs_concurrency_taskwork_rxbvm_opt
2026-09-15T22:02:05.4605823Z 1708/2248 Test #1768: docs_concurrency_taskwork_rxbvm_noopt ........................   Passed    0.86 sec
2026-09-15T22:02:05.4610471Z           Start 1770: docs_concurrency_taskwork_rxtvm_noopt
2026-09-15T22:02:05.6458188Z 1709/2248 Test #1769: docs_concurrency_taskwork_rxbvm_opt ..........................   Passed    0.81 sec
2026-09-15T22:02:05.6462466Z           Start 1771: docs_concurrency_taskwork_rxtvm_opt
2026-09-15T22:02:06.2673245Z 1710/2248 Test #1770: docs_concurrency_taskwork_rxtvm_noopt ........................   Passed    0.81 sec
2026-09-15T22:02:06.2678686Z           Start 1772: testTaskContextEndpoint_rxbvm_noopt
2026-09-15T22:02:06.4585372Z 1711/2248 Test #1771: docs_concurrency_taskwork_rxtvm_opt ..........................   Passed    0.81 sec
2026-09-15T22:02:06.4590214Z           Start 1773: testTaskContextEndpoint_rxbvm_opt
2026-09-15T22:02:06.8584906Z 1712/2248 Test #1772: testTaskContextEndpoint_rxbvm_noopt ..........................   Passed    0.59 sec
2026-09-15T22:02:06.8589257Z           Start 1774: testTaskContextEndpoint_rxtvm_noopt
2026-09-15T22:02:07.0538677Z 1713/2248 Test #1773: testTaskContextEndpoint_rxbvm_opt ............................   Passed    0.59 sec
2026-09-15T22:02:07.0543245Z           Start 1775: testTaskContextEndpoint_rxtvm_opt
2026-09-15T22:02:07.4510281Z 1714/2248 Test #1774: testTaskContextEndpoint_rxtvm_noopt ..........................   Passed    0.59 sec
2026-09-15T22:02:07.4515024Z           Start 1776: testChannelRequestRelease_rxbvm_noopt
2026-09-15T22:02:07.7116819Z 1715/2248 Test #1775: testTaskContextEndpoint_rxtvm_opt ............................   Passed    0.66 sec
2026-09-15T22:02:07.7121485Z           Start 1777: testChannelRequestRelease_rxbvm_opt
2026-09-15T22:02:07.8887960Z 1716/2248 Test #1776: testChannelRequestRelease_rxbvm_noopt ........................   Passed    0.44 sec
2026-09-15T22:02:07.8892858Z           Start 1778: testChannelRequestWait_rxbvm_noopt
2026-09-15T22:02:08.1457837Z 1717/2248 Test #1777: testChannelRequestRelease_rxbvm_opt ..........................   Passed    0.43 sec
2026-09-15T22:02:08.1461641Z           Start 1779: testChannelRequestWait_rxbvm_opt
2026-09-15T22:02:10.2085027Z 1718/2248 Test #1778: testChannelRequestWait_rxbvm_noopt ...........................   Passed    2.32 sec
2026-09-15T22:02:10.2089095Z           Start 1780: testChannelRequestRelease_rxtvm_noopt
2026-09-15T22:02:10.4386530Z 1719/2248 Test #1779: testChannelRequestWait_rxbvm_opt .............................   Passed    2.29 sec
2026-09-15T22:02:10.4404674Z           Start 1781: testChannelRequestRelease_rxtvm_opt
2026-09-15T22:02:10.5710875Z 1720/2248 Test #1780: testChannelRequestRelease_rxtvm_noopt ........................   Passed    0.36 sec
2026-09-15T22:02:10.5716475Z           Start 1782: testChannelRequestWait_rxtvm_noopt
2026-09-15T22:02:10.9010599Z 1721/2248 Test #1781: testChannelRequestRelease_rxtvm_opt ..........................   Passed    0.46 sec
2026-09-15T22:02:10.9014278Z           Start 1783: testChannelRequestWait_rxtvm_opt
2026-09-15T22:02:12.8627713Z 1722/2248 Test #1782: testChannelRequestWait_rxtvm_noopt ...........................   Passed    2.29 sec
2026-09-15T22:02:12.8631537Z           Start 1784: rxunicode_casefold_rxas_shape
2026-09-15T22:02:13.0252908Z 1723/2248 Test #1784: rxunicode_casefold_rxas_shape ................................   Passed    0.16 sec
2026-09-15T22:02:13.0256567Z           Start 1785: rxunicode_grapheme_rxas_shape
2026-09-15T22:02:13.0896764Z 1724/2248 Test #1785: rxunicode_grapheme_rxas_shape ................................   Passed    0.06 sec
2026-09-15T22:02:13.0900757Z           Start 1786: rxunicode_normalization_rxas_shape
2026-09-15T22:02:13.2036198Z 1725/2248 Test #1783: testChannelRequestWait_rxtvm_opt .............................   Passed    2.30 sec
2026-09-15T22:02:13.2054061Z           Start 1787: rxunicode_case_mapping_rxas_shape
2026-09-15T22:02:13.7711445Z 1726/2248 Test #1787: rxunicode_case_mapping_rxas_shape ............................   Passed    0.57 sec
2026-09-15T22:02:13.7716313Z           Start 1788: rxunicode_codec_rxas_shape
2026-09-15T22:02:13.8199736Z 1727/2248 Test #1788: rxunicode_codec_rxas_shape ...................................   Passed    0.05 sec
2026-09-15T22:02:13.8204264Z           Start 1789: rxunicode_contract_surface
2026-09-15T22:02:13.8576855Z 1728/2248 Test #1789: rxunicode_contract_surface ...................................   Passed    0.04 sec
2026-09-15T22:02:13.8581038Z           Start 1790: rxfnsg_rxdas_inline_preserve_smoke
2026-09-15T22:02:14.3437376Z 1729/2248 Test #1786: rxunicode_normalization_rxas_shape ...........................   Passed    1.25 sec
2026-09-15T22:02:14.3441857Z           Start 1791: ts_math_numeric_rxbvm_noopt
2026-09-15T22:02:14.5046458Z 1730/2248 Test #1791: ts_math_numeric_rxbvm_noopt ..................................   Passed    0.16 sec
2026-09-15T22:02:14.5053446Z           Start 1792: ts_math_numeric_rxbvm_opt
2026-09-15T22:02:14.6695666Z 1731/2248 Test #1792: ts_math_numeric_rxbvm_opt ....................................   Passed    0.16 sec
2026-09-15T22:02:14.6700451Z           Start 1793: ts_math_numeric_rxtvm_noopt
2026-09-15T22:02:14.8503483Z 1732/2248 Test #1793: ts_math_numeric_rxtvm_noopt ..................................   Passed    0.18 sec
2026-09-15T22:02:14.8521270Z           Start 1794: ts_math_numeric_rxtvm_opt
2026-09-15T22:02:15.0137304Z 1733/2248 Test #1794: ts_math_numeric_rxtvm_opt ....................................   Passed    0.17 sec
2026-09-15T22:02:15.0141807Z           Start 1795: rcc5c_math_contract_surface_coverage
2026-09-15T22:02:15.0479597Z 1734/2248 Test #1795: rcc5c_math_contract_surface_coverage .........................   Passed    0.03 sec
2026-09-15T22:02:15.0480839Z           Start 1796: ts_math_integer_contract_rxbvm_noopt
2026-09-15T22:02:15.2492093Z 1735/2248 Test #1796: ts_math_integer_contract_rxbvm_noopt .........................   Passed    0.20 sec
2026-09-15T22:02:15.2525037Z           Start 1797: ts_math_integer_contract_rxbvm_opt
2026-09-15T22:02:15.3758058Z 1736/2248 Test #1790: rxfnsg_rxdas_inline_preserve_smoke ...........................   Passed    1.51 sec
2026-09-15T22:02:15.3776978Z           Start 1798: ts_math_integer_contract_rxtvm_noopt
2026-09-15T22:02:15.5575987Z 1737/2248 Test #1798: ts_math_integer_contract_rxtvm_noopt .........................   Passed    0.18 sec
2026-09-15T22:02:15.5580105Z           Start 1799: ts_math_integer_contract_rxtvm_opt
2026-09-15T22:02:16.8724044Z 1738/2248 Test #1797: ts_math_integer_contract_rxbvm_opt ...........................   Passed    1.62 sec
2026-09-15T22:02:16.8728729Z           Start 1800: ts_math_decimal_contract_rxbvm_noopt
2026-09-15T22:02:16.9741692Z 1739/2248 Test #1799: ts_math_integer_contract_rxtvm_opt ...........................   Passed    1.42 sec
2026-09-15T22:02:16.9746867Z           Start 1801: ts_math_decimal_contract_rxbvm_opt
2026-09-15T22:02:17.0790912Z 1740/2248 Test #1800: ts_math_decimal_contract_rxbvm_noopt .........................   Passed    0.21 sec
2026-09-15T22:02:17.0795425Z           Start 1802: ts_math_decimal_contract_rxtvm_noopt
2026-09-15T22:02:17.2938681Z 1741/2248 Test #1802: ts_math_decimal_contract_rxtvm_noopt .........................   Passed    0.21 sec
2026-09-15T22:02:17.2943467Z           Start 1803: ts_math_decimal_contract_rxtvm_opt
2026-09-15T22:02:18.4550814Z 1742/2248 Test #1801: ts_math_decimal_contract_rxbvm_opt ...........................   Passed    1.48 sec
2026-09-15T22:02:18.4555848Z           Start 1804: ts_packed_numeric_rxbvm_noopt
2026-09-15T22:02:18.6189015Z 1743/2248 Test #1804: ts_packed_numeric_rxbvm_noopt ................................   Passed    0.16 sec
2026-09-15T22:02:18.6194187Z           Start 1805: ts_packed_numeric_rxbvm_opt
2026-09-15T22:02:18.9531689Z 1744/2248 Test #1803: ts_math_decimal_contract_rxtvm_opt ...........................   Passed    1.66 sec
2026-09-15T22:02:18.9544991Z           Start 1806: ts_packed_numeric_rxtvm_noopt
2026-09-15T22:02:19.1286235Z 1745/2248 Test #1806: ts_packed_numeric_rxtvm_noopt ................................   Passed    0.17 sec
2026-09-15T22:02:19.1290377Z           Start 1807: ts_packed_numeric_rxtvm_opt
2026-09-15T22:02:20.1554715Z 1746/2248 Test #1805: ts_packed_numeric_rxbvm_opt ..................................   Passed    1.54 sec
2026-09-15T22:02:20.1559632Z           Start 1808: ts_unicode_casefold_rxbvm_noopt
2026-09-15T22:02:20.6854088Z 1747/2248 Test #1807: ts_packed_numeric_rxtvm_opt ..................................   Passed    1.56 sec
2026-09-15T22:02:20.6858258Z           Start 1809: ts_unicode_casefold_rxbvm_opt
2026-09-15T22:02:21.6503299Z 1748/2248 Test #1808: ts_unicode_casefold_rxbvm_noopt ..............................   Passed    1.49 sec
2026-09-15T22:02:21.6527051Z           Start 1810: ts_unicode_casefold_rxtvm_noopt
2026-09-15T22:02:21.6776531Z 1749/2248 Test #1809: ts_unicode_casefold_rxbvm_opt ................................   Passed    0.99 sec
2026-09-15T22:02:21.6781831Z           Start 1811: ts_unicode_casefold_rxtvm_opt
2026-09-15T22:02:22.6812216Z 1750/2248 Test #1811: ts_unicode_casefold_rxtvm_opt ................................   Passed    1.00 sec
2026-09-15T22:02:22.6816681Z           Start 1812: ts_unicode_case_mapping_rxbvm_noopt
2026-09-15T22:02:23.0618732Z 1751/2248 Test #1810: ts_unicode_casefold_rxtvm_noopt ..............................   Passed    1.41 sec
2026-09-15T22:02:23.0623337Z           Start 1813: ts_unicode_case_mapping_rxbvm_opt
2026-09-15T22:02:25.9780995Z 1752/2248 Test #1813: ts_unicode_case_mapping_rxbvm_opt ............................   Passed    2.92 sec
2026-09-15T22:02:25.9786114Z           Start 1814: ts_unicode_case_mapping_rxtvm_noopt
2026-09-15T22:02:26.5191462Z 1753/2248 Test #1812: ts_unicode_case_mapping_rxbvm_noopt ..........................   Passed    3.84 sec
2026-09-15T22:02:26.5196243Z           Start 1815: ts_unicode_case_mapping_rxtvm_opt
2026-09-15T22:02:29.3423487Z 1754/2248 Test #1814: ts_unicode_case_mapping_rxtvm_noopt ..........................   Passed    3.36 sec
2026-09-15T22:02:29.3428077Z           Start 1816: ts_unicode_grapheme_rxbvm_noopt
2026-09-15T22:02:29.5895765Z 1755/2248 Test #1815: ts_unicode_case_mapping_rxtvm_opt ............................   Passed    3.07 sec
2026-09-15T22:02:29.5900312Z           Start 1817: ts_unicode_grapheme_rxbvm_opt
2026-09-15T22:02:31.1108918Z 1756/2248 Test #1817: ts_unicode_grapheme_rxbvm_opt ................................   Passed    1.52 sec
2026-09-15T22:02:31.1113706Z           Start 1818: ts_unicode_grapheme_rxtvm_noopt
2026-09-15T22:02:31.1981486Z 1757/2248 Test #1816: ts_unicode_grapheme_rxbvm_noopt ..............................   Passed    1.85 sec
2026-09-15T22:02:31.1985827Z           Start 1819: ts_unicode_grapheme_rxtvm_opt
2026-09-15T22:02:32.7103592Z 1758/2248 Test #1819: ts_unicode_grapheme_rxtvm_opt ................................   Passed    1.51 sec
2026-09-15T22:02:32.7107688Z           Start 1820: ts_unicode_codec_rxbvm_noopt
2026-09-15T22:02:32.7897686Z 1759/2248 Test #1818: ts_unicode_grapheme_rxtvm_noopt ..............................   Passed    1.68 sec
2026-09-15T22:02:32.7901793Z           Start 1821: ts_unicode_codec_rxbvm_opt
2026-09-15T22:02:40.0538687Z 1760/2248 Test #1820: ts_unicode_codec_rxbvm_noopt .................................   Passed    7.34 sec
2026-09-15T22:02:40.0543660Z           Start 1822: ts_unicode_codec_rxtvm_noopt
2026-09-15T22:02:40.2935053Z 1761/2248 Test #1821: ts_unicode_codec_rxbvm_opt ...................................   Passed    7.50 sec
2026-09-15T22:02:40.2938697Z           Start 1823: ts_unicode_codec_rxtvm_opt
2026-09-15T22:02:45.7625736Z 1762/2248 Test #1822: ts_unicode_codec_rxtvm_noopt .................................   Passed    5.71 sec
2026-09-15T22:02:45.7629149Z           Start 1824: ts_unicode_normalization_rxbvm_noopt
2026-09-15T22:02:46.0156843Z 1763/2248 Test #1823: ts_unicode_codec_rxtvm_opt ...................................   Passed    5.72 sec
2026-09-15T22:02:46.0160683Z           Start 1825: ts_unicode_normalization_rxbvm_opt
2026-09-15T22:02:59.0082345Z 1764/2248 Test #1824: ts_unicode_normalization_rxbvm_noopt .........................   Passed   13.24 sec
2026-09-15T22:02:59.0085687Z           Start 1826: ts_unicode_normalization_rxtvm_noopt
2026-09-15T22:02:59.0838152Z 1765/2248 Test #1825: ts_unicode_normalization_rxbvm_opt ...........................   Passed   13.07 sec
2026-09-15T22:02:59.0842919Z           Start 1827: ts_unicode_normalization_rxtvm_opt
2026-09-15T22:03:10.3862621Z 1766/2248 Test #1827: ts_unicode_normalization_rxtvm_opt ...........................   Passed   11.30 sec
2026-09-15T22:03:10.3866731Z           Start 1828: ts_http_service_contract_noopt
2026-09-15T22:03:10.4414469Z 1767/2248 Test #1826: ts_unicode_normalization_rxtvm_noopt .........................   Passed   11.43 sec
2026-09-15T22:03:10.4418166Z           Start 1829: ts_http_service_contract_opt
2026-09-15T22:03:10.6193610Z 1768/2248 Test #1828: ts_http_service_contract_noopt ...............................   Passed    0.23 sec
2026-09-15T22:03:10.6199193Z           Start 1830: ts_llm_ollama_noopt
2026-09-15T22:03:10.9329612Z 1769/2248 Test #1830: ts_llm_ollama_noopt ..........................................   Passed    0.31 sec
2026-09-15T22:03:10.9334714Z           Start 1831: ts_llm_ollama_opt
2026-09-15T22:03:11.7525305Z 1770/2248 Test #1829: ts_http_service_contract_opt .................................   Passed    1.31 sec
2026-09-15T22:03:11.7529563Z           Start 1832: ts_llm_providers_noopt
2026-09-15T22:03:12.3301165Z 1771/2248 Test #1831: ts_llm_ollama_opt ............................................   Passed    1.40 sec
2026-09-15T22:03:12.3305985Z           Start 1833: ts_llm_providers_opt
2026-09-15T22:03:12.4264989Z 1772/2248 Test #1832: ts_llm_providers_noopt .......................................   Passed    0.67 sec
2026-09-15T22:03:12.4269912Z           Start 1842: ts_http_pooled_rxbvm_noopt
2026-09-15T22:03:13.8485067Z 1773/2248 Test #1833: ts_llm_providers_opt .........................................   Passed    1.52 sec
2026-09-15T22:03:13.8489217Z           Start 1843: ts_http_pooled_rxbvm_opt
2026-09-15T22:03:14.3248687Z 1774/2248 Test #1842: ts_http_pooled_rxbvm_noopt ...................................   Passed    1.90 sec
2026-09-15T22:03:14.3254141Z           Start 1844: ts_http_pooled_rxtvm_noopt
2026-09-15T22:03:15.8822072Z 1775/2248 Test #1843: ts_http_pooled_rxbvm_opt .....................................   Passed    2.03 sec
2026-09-15T22:03:15.8826690Z           Start 1845: ts_http_pooled_rxtvm_opt
2026-09-15T22:03:16.5185839Z 1776/2248 Test #1844: ts_http_pooled_rxtvm_noopt ...................................   Passed    2.19 sec
2026-09-15T22:03:16.5191058Z           Start 1846: ts_http_streaming_rxbvm_noopt
2026-09-15T22:03:18.0376186Z 1777/2248 Test #1845: ts_http_pooled_rxtvm_opt .....................................   Passed    2.15 sec
2026-09-15T22:03:18.0381318Z           Start 1847: ts_http_streaming_rxbvm_opt
2026-09-15T22:03:18.2288363Z 1778/2248 Test #1846: ts_http_streaming_rxbvm_noopt ................................   Passed    1.71 sec
2026-09-15T22:03:18.2293106Z           Start 1848: ts_http_streaming_rxtvm_noopt
2026-09-15T22:03:19.8299632Z 1779/2248 Test #1847: ts_http_streaming_rxbvm_opt ..................................   Passed    1.79 sec
2026-09-15T22:03:19.8304135Z           Start 1849: ts_http_streaming_rxtvm_opt
2026-09-15T22:03:20.2030256Z 1780/2248 Test #1848: ts_http_streaming_rxtvm_noopt ................................   Passed    1.97 sec
2026-09-15T22:03:20.2034551Z           Start 1850: ts_http_crexx_rag_rxbvm_noopt
2026-09-15T22:03:21.6480372Z 1781/2248 Test #1849: ts_http_streaming_rxtvm_opt ..................................   Passed    1.82 sec
2026-09-15T22:03:21.6485126Z           Start 1851: ts_http_crexx_rag_rxbvm_opt
2026-09-15T22:03:22.2149019Z 1782/2248 Test #1850: ts_http_crexx_rag_rxbvm_noopt ................................   Passed    2.01 sec
2026-09-15T22:03:22.2153674Z           Start 1852: ts_http_crexx_rag_rxtvm_noopt
2026-09-15T22:03:23.9433682Z 1783/2248 Test #1851: ts_http_crexx_rag_rxbvm_opt ..................................   Passed    2.29 sec
2026-09-15T22:03:23.9435192Z           Start 1853: ts_http_crexx_rag_rxtvm_opt
2026-09-15T22:03:24.0498764Z 1784/2248 Test #1852: ts_http_crexx_rag_rxtvm_noopt ................................   Passed    1.83 sec
2026-09-15T22:03:24.0503327Z           Start 1854: ts_http_tls_live_rxbvm_noopt
2026-09-15T22:03:25.5745497Z 1785/2248 Test #1854: ts_http_tls_live_rxbvm_noopt .................................   Passed    1.52 sec
2026-09-15T22:03:25.5773402Z           Start 1855: ts_http_tls_live_rxbvm_opt
2026-09-15T22:03:26.4975584Z 1786/2248 Test #1853: ts_http_crexx_rag_rxtvm_opt ..................................   Passed    2.55 sec
2026-09-15T22:03:26.4976741Z           Start 1856: ts_http_tls_live_rxtvm_noopt
2026-09-15T22:03:27.0185119Z 1787/2248 Test #1855: ts_http_tls_live_rxbvm_opt ...................................   Passed    1.44 sec
2026-09-15T22:03:27.0188792Z           Start 1857: ts_http_tls_live_rxtvm_opt
2026-09-15T22:03:27.9940245Z 1788/2248 Test #1856: ts_http_tls_live_rxtvm_noopt .................................   Passed    1.50 sec
2026-09-15T22:03:27.9944868Z           Start 1858: ts_http_policy_rxbvm_noopt
2026-09-15T22:03:28.6923837Z 1789/2248 Test #1857: ts_http_tls_live_rxtvm_opt ...................................   Passed    1.67 sec
2026-09-15T22:03:28.6928770Z           Start 1859: ts_http_policy_rxbvm_opt
2026-09-15T22:03:30.8595390Z 1790/2248 Test #1858: ts_http_policy_rxbvm_noopt ...................................   Passed    2.86 sec
2026-09-15T22:03:30.8600663Z           Start 1860: ts_http_policy_rxtvm_noopt
2026-09-15T22:03:31.7263304Z 1791/2248 Test #1859: ts_http_policy_rxbvm_opt .....................................   Passed    3.03 sec
2026-09-15T22:03:31.7268501Z           Start 1861: ts_http_policy_rxtvm_opt
2026-09-15T22:03:33.6920095Z 1792/2248 Test #1860: ts_http_policy_rxtvm_noopt ...................................   Passed    2.83 sec
2026-09-15T22:03:33.6924787Z           Start 1862: ts_http_policy_skipped_copy_reassignment_shape
2026-09-15T22:03:33.7278745Z 1793/2248 Test #1862: ts_http_policy_skipped_copy_reassignment_shape ...............   Passed    0.03 sec
2026-09-15T22:03:33.7285258Z           Start 1863: ts_http_codec_rxbvm_noopt
2026-09-15T22:03:33.9002357Z 1794/2248 Test #1863: ts_http_codec_rxbvm_noopt ....................................   Passed    0.17 sec
2026-09-15T22:03:33.9008017Z           Start 1864: ts_http_codec_rxbvm_opt
2026-09-15T22:03:34.0736735Z 1795/2248 Test #1864: ts_http_codec_rxbvm_opt ......................................   Passed    0.17 sec
2026-09-15T22:03:34.0741173Z           Start 1865: ts_http_codec_rxtvm_noopt
2026-09-15T22:03:34.2527470Z 1796/2248 Test #1865: ts_http_codec_rxtvm_noopt ....................................   Passed    0.18 sec
2026-09-15T22:03:34.2531979Z           Start 1866: ts_http_codec_rxtvm_opt
2026-09-15T22:03:34.4078134Z 1797/2248 Test #1866: ts_http_codec_rxtvm_opt ......................................   Passed    0.15 sec
2026-09-15T22:03:34.4082192Z           Start 1867: testRexxValue_noopt
2026-09-15T22:03:34.5260925Z 1798/2248 Test #1867: testRexxValue_noopt ..........................................   Passed    0.12 sec
2026-09-15T22:03:34.5265748Z           Start 1868: testRexxValue_opt
2026-09-15T22:03:34.6527063Z 1799/2248 Test #1868: testRexxValue_opt ............................................   Passed    0.13 sec
2026-09-15T22:03:34.6531947Z           Start 1869: testRexxRuntimePools_noopt
2026-09-15T22:03:34.7593824Z 1800/2248 Test #1869: testRexxRuntimePools_noopt ...................................   Passed    0.11 sec
2026-09-15T22:03:34.7599082Z           Start 1870: testRexxRuntimePools_opt
2026-09-15T22:03:34.8434956Z 1801/2248 Test #1861: ts_http_policy_rxtvm_opt .....................................   Passed    3.12 sec
2026-09-15T22:03:34.8440104Z           Start 1871: testRexxClassicBifs_noopt
2026-09-15T22:03:34.9605463Z 1802/2248 Test #1871: testRexxClassicBifs_noopt ....................................   Passed    0.12 sec
2026-09-15T22:03:34.9606581Z           Start 1872: testRexxClassicBifs_opt
2026-09-15T22:03:35.0338458Z 1803/2248 Test #1870: testRexxRuntimePools_opt .....................................   Passed    0.27 sec
2026-09-15T22:03:35.0342662Z           Start 1873: testRexxClassicBifAbbrev_noopt
2026-09-15T22:03:35.1340031Z 1804/2248 Test #1873: testRexxClassicBifAbbrev_noopt ...............................   Passed    0.10 sec
2026-09-15T22:03:35.1345227Z           Start 1874: testRexxClassicBifAbbrev_opt
2026-09-15T22:03:35.4649800Z 1805/2248 Test #1872: testRexxClassicBifs_opt ......................................   Passed    0.50 sec
2026-09-15T22:03:35.4654836Z           Start 1875: testRexxClassicBifAbs_noopt
2026-09-15T22:03:35.5708838Z 1806/2248 Test #1875: testRexxClassicBifAbs_noopt ..................................   Passed    0.10 sec
2026-09-15T22:03:35.5713569Z           Start 1876: testRexxClassicBifAbs_opt
2026-09-15T22:03:35.6743793Z 1807/2248 Test #1874: testRexxClassicBifAbbrev_opt .................................   Passed    0.54 sec
2026-09-15T22:03:35.6748648Z           Start 1877: testRexxClassicBifAddress_noopt
2026-09-15T22:03:35.7780471Z 1808/2248 Test #1877: testRexxClassicBifAddress_noopt ..............................   Passed    0.10 sec
2026-09-15T22:03:35.7785304Z           Start 1878: testRexxClassicBifAddress_opt
2026-09-15T22:03:36.0979842Z 1809/2248 Test #1876: testRexxClassicBifAbs_opt ....................................   Passed    0.53 sec
2026-09-15T22:03:36.0984454Z           Start 1879: testRexxClassicBifB2x_noopt
2026-09-15T22:03:36.1928584Z 1810/2248 Test #1879: testRexxClassicBifB2x_noopt ..................................   Passed    0.09 sec
2026-09-15T22:03:36.1933859Z           Start 1880: testRexxClassicBifB2x_opt
2026-09-15T22:03:36.3251753Z 1811/2248 Test #1878: testRexxClassicBifAddress_opt ................................   Passed    0.55 sec
2026-09-15T22:03:36.3256582Z           Start 1881: testRexxClassicBifBitwise_noopt
2026-09-15T22:03:36.4328015Z 1812/2248 Test #1881: testRexxClassicBifBitwise_noopt ..............................   Passed    0.11 sec
2026-09-15T22:03:36.4333838Z           Start 1882: testRexxClassicBifBitwise_opt
2026-09-15T22:03:36.7131399Z 1813/2248 Test #1880: testRexxClassicBifB2x_opt ....................................   Passed    0.52 sec
2026-09-15T22:03:36.7136129Z           Start 1883: testRexxClassicBifC2d_noopt
2026-09-15T22:03:36.8218671Z 1814/2248 Test #1883: testRexxClassicBifC2d_noopt ..................................   Passed    0.11 sec
2026-09-15T22:03:36.8223762Z           Start 1884: testRexxClassicBifC2d_opt
2026-09-15T22:03:36.9308327Z 1815/2248 Test #1882: testRexxClassicBifBitwise_opt ................................   Passed    0.50 sec
2026-09-15T22:03:36.9313314Z           Start 1885: testRexxClassicBifC2x_noopt
2026-09-15T22:03:37.0416958Z 1816/2248 Test #1885: testRexxClassicBifC2x_noopt ..................................   Passed    0.11 sec
2026-09-15T22:03:37.0421727Z           Start 1886: testRexxClassicBifC2x_opt
2026-09-15T22:03:37.3196865Z 1817/2248 Test #1884: testRexxClassicBifC2d_opt ....................................   Passed    0.50 sec
2026-09-15T22:03:37.3201416Z           Start 1887: testRexxClassicBifCenter_noopt
2026-09-15T22:03:37.4319837Z 1818/2248 Test #1887: testRexxClassicBifCenter_noopt ...............................   Passed    0.11 sec
2026-09-15T22:03:37.4325104Z           Start 1888: testRexxClassicBifCenter_opt
2026-09-15T22:03:37.5297107Z 1819/2248 Test #1886: testRexxClassicBifC2x_opt ....................................   Passed    0.49 sec
2026-09-15T22:03:37.5301557Z           Start 1889: testRexxClassicBifCentre_noopt
2026-09-15T22:03:37.6360323Z 1820/2248 Test #1889: testRexxClassicBifCentre_noopt ...............................   Passed    0.11 sec
2026-09-15T22:03:37.6365218Z           Start 1890: testRexxClassicBifCentre_opt
2026-09-15T22:03:37.9352682Z 1821/2248 Test #1888: testRexxClassicBifCenter_opt .................................   Passed    0.50 sec
2026-09-15T22:03:37.9357101Z           Start 1891: testRexxClassicBifChangestr_noopt
2026-09-15T22:03:38.0474594Z 1822/2248 Test #1891: testRexxClassicBifChangestr_noopt ............................   Passed    0.11 sec
2026-09-15T22:03:38.0485927Z           Start 1892: testRexxClassicBifChangestr_opt
2026-09-15T22:03:38.1757438Z 1823/2248 Test #1890: testRexxClassicBifCentre_opt .................................   Passed    0.54 sec
2026-09-15T22:03:38.1762193Z           Start 1893: testRexxClassicBifCompare_noopt
2026-09-15T22:03:38.2789242Z 1824/2248 Test #1893: testRexxClassicBifCompare_noopt ..............................   Passed    0.10 sec
2026-09-15T22:03:38.2794240Z           Start 1894: testRexxClassicBifCompare_opt
2026-09-15T22:03:38.5364498Z 1825/2248 Test #1892: testRexxClassicBifChangestr_opt ..............................   Passed    0.49 sec
2026-09-15T22:03:38.5368779Z           Start 1895: testRexxClassicBifCopies_noopt
2026-09-15T22:03:38.6417208Z 1826/2248 Test #1895: testRexxClassicBifCopies_noopt ...............................   Passed    0.10 sec
2026-09-15T22:03:38.6421764Z           Start 1896: testRexxClassicBifCopies_opt
2026-09-15T22:03:38.8247622Z 1827/2248 Test #1894: testRexxClassicBifCompare_opt ................................   Passed    0.54 sec
2026-09-15T22:03:38.8252578Z           Start 1897: testRexxClassicBifCountstr_noopt
2026-09-15T22:03:38.9360946Z 1828/2248 Test #1897: testRexxClassicBifCountstr_noopt .............................   Passed    0.11 sec
2026-09-15T22:03:38.9366085Z           Start 1898: testRexxClassicBifCountstr_opt
2026-09-15T22:03:39.1855552Z 1829/2248 Test #1896: testRexxClassicBifCopies_opt .................................   Passed    0.54 sec
2026-09-15T22:03:39.1889892Z           Start 1899: testRexxClassicBifD2x_noopt
2026-09-15T22:03:39.3004267Z 1830/2248 Test #1899: testRexxClassicBifD2x_noopt ..................................   Passed    0.11 sec
2026-09-15T22:03:39.3038464Z           Start 1900: testRexxClassicBifD2x_opt
2026-09-15T22:03:39.5221915Z 1831/2248 Test #1898: testRexxClassicBifCountstr_opt ...............................   Passed    0.58 sec
2026-09-15T22:03:39.5226573Z           Start 1901: testRexxClassicBifD2c_noopt
2026-09-15T22:03:39.6291039Z 1832/2248 Test #1901: testRexxClassicBifD2c_noopt ..................................   Passed    0.11 sec
2026-09-15T22:03:39.6295353Z           Start 1902: testRexxClassicBifD2c_opt
2026-09-15T22:03:39.7904204Z 1833/2248 Test #1900: testRexxClassicBifD2x_opt ....................................   Passed    0.49 sec
2026-09-15T22:03:39.7908482Z           Start 1903: testRexxClassicBifDate_noopt
2026-09-15T22:03:39.9018905Z 1834/2248 Test #1903: testRexxClassicBifDate_noopt .................................   Passed    0.11 sec
2026-09-15T22:03:39.9023637Z           Start 1904: testRexxClassicBifDate_opt
2026-09-15T22:03:40.1506861Z 1835/2248 Test #1902: testRexxClassicBifD2c_opt ....................................   Passed    0.52 sec
2026-09-15T22:03:40.1511283Z           Start 1905: testRexxClassicBifDatatype_noopt
2026-09-15T22:03:40.2498719Z 1836/2248 Test #1905: testRexxClassicBifDatatype_noopt .............................   Passed    0.10 sec
2026-09-15T22:03:40.2503473Z           Start 1906: testRexxClassicBifDatatype_opt
2026-09-15T22:03:40.4089870Z 1837/2248 Test #1904: testRexxClassicBifDate_opt ...................................   Passed    0.50 sec
2026-09-15T22:03:40.4118025Z           Start 1907: testRexxClassicBifDelstr_noopt
2026-09-15T22:03:40.5135814Z 1838/2248 Test #1907: testRexxClassicBifDelstr_noopt ...............................   Passed    0.11 sec
2026-09-15T22:03:40.5141097Z           Start 1908: testRexxClassicBifDelstr_opt
2026-09-15T22:03:40.7841198Z 1839/2248 Test #1906: testRexxClassicBifDatatype_opt ...............................   Passed    0.53 sec
2026-09-15T22:03:40.7845484Z           Start 1909: testRexxClassicBifDelword_noopt
2026-09-15T22:03:40.8842802Z 1840/2248 Test #1909: testRexxClassicBifDelword_noopt ..............................   Passed    0.10 sec
2026-09-15T22:03:40.8847656Z           Start 1910: testRexxClassicBifDelword_opt
2026-09-15T22:03:41.0345671Z 1841/2248 Test #1908: testRexxClassicBifDelstr_opt .................................   Passed    0.52 sec
2026-09-15T22:03:41.0349915Z           Start 1911: testRexxClassicBifFormat_noopt
2026-09-15T22:03:41.1481224Z 1842/2248 Test #1911: testRexxClassicBifFormat_noopt ...............................   Passed    0.11 sec
2026-09-15T22:03:41.1486121Z           Start 1912: testRexxClassicBifFormat_opt
2026-09-15T22:03:41.4265809Z 1843/2248 Test #1910: testRexxClassicBifDelword_opt ................................   Passed    0.54 sec
2026-09-15T22:03:41.4270102Z           Start 1913: testRexxClassicBifInsert_noopt
2026-09-15T22:03:41.5372188Z 1844/2248 Test #1913: testRexxClassicBifInsert_noopt ...............................   Passed    0.11 sec
2026-09-15T22:03:41.5376501Z           Start 1914: testRexxClassicBifInsert_opt
2026-09-15T22:03:41.6734351Z 1845/2248 Test #1912: testRexxClassicBifFormat_opt .................................   Passed    0.52 sec
2026-09-15T22:03:41.6738713Z           Start 1915: testRexxClassicBifLastpos_noopt
2026-09-15T22:03:41.7882108Z 1846/2248 Test #1915: testRexxClassicBifLastpos_noopt ..............................   Passed    0.11 sec
2026-09-15T22:03:41.7887285Z           Start 1916: testRexxClassicBifLastpos_opt
2026-09-15T22:03:42.0329942Z 1847/2248 Test #1914: testRexxClassicBifInsert_opt .................................   Passed    0.49 sec
2026-09-15T22:03:42.0360446Z           Start 1917: testRexxClassicBifLeft_noopt
2026-09-15T22:03:42.1549275Z 1848/2248 Test #1917: testRexxClassicBifLeft_noopt .................................   Passed    0.12 sec
2026-09-15T22:03:42.1554224Z           Start 1918: testRexxClassicBifLeft_opt
2026-09-15T22:03:42.3563446Z 1849/2248 Test #1916: testRexxClassicBifLastpos_opt ................................   Passed    0.57 sec
2026-09-15T22:03:42.3575754Z           Start 1919: testRexxClassicBifLength_noopt
2026-09-15T22:03:42.4701623Z 1850/2248 Test #1919: testRexxClassicBifLength_noopt ...............................   Passed    0.11 sec
2026-09-15T22:03:42.4706547Z           Start 1920: testRexxClassicBifLength_opt
2026-09-15T22:03:42.6520426Z 1851/2248 Test #1918: testRexxClassicBifLeft_opt ...................................   Passed    0.50 sec
2026-09-15T22:03:42.6524794Z           Start 1921: testRexxClassicBifMax_noopt
2026-09-15T22:03:42.7563322Z 1852/2248 Test #1921: testRexxClassicBifMax_noopt ..................................   Passed    0.10 sec
2026-09-15T22:03:42.7568646Z           Start 1922: testRexxClassicBifMax_opt
2026-09-15T22:03:42.9992089Z 1853/2248 Test #1920: testRexxClassicBifLength_opt .................................   Passed    0.53 sec
2026-09-15T22:03:42.9996752Z           Start 1923: testRexxClassicBifMin_noopt
2026-09-15T22:03:43.1085049Z 1854/2248 Test #1923: testRexxClassicBifMin_noopt ..................................   Passed    0.11 sec
2026-09-15T22:03:43.1089098Z           Start 1924: testRexxClassicBifMin_opt
2026-09-15T22:03:43.2630555Z 1855/2248 Test #1922: testRexxClassicBifMax_opt ....................................   Passed    0.51 sec
2026-09-15T22:03:43.2634983Z           Start 1925: testRexxClassicBifNumeric_noopt
2026-09-15T22:03:43.3735974Z 1856/2248 Test #1925: testRexxClassicBifNumeric_noopt ..............................   Passed    0.11 sec
2026-09-15T22:03:43.3737351Z           Start 1926: testRexxClassicBifNumeric_opt
2026-09-15T22:03:43.5861999Z 1857/2248 Test #1924: testRexxClassicBifMin_opt ....................................   Passed    0.48 sec
2026-09-15T22:03:43.5867037Z           Start 1927: testRexxClassicBifOverlay_noopt
2026-09-15T22:03:43.7050644Z 1858/2248 Test #1927: testRexxClassicBifOverlay_noopt ..............................   Passed    0.11 sec
2026-09-15T22:03:43.7068696Z           Start 1928: testRexxClassicBifOverlay_opt
2026-09-15T22:03:43.8681968Z 1859/2248 Test #1926: testRexxClassicBifNumeric_opt ................................   Passed    0.49 sec
2026-09-15T22:03:43.8686412Z           Start 1929: testRexxClassicBifPos_noopt
2026-09-15T22:03:43.9802983Z 1860/2248 Test #1929: testRexxClassicBifPos_noopt ..................................   Passed    0.11 sec
2026-09-15T22:03:43.9808802Z           Start 1930: testRexxClassicBifPos_opt
2026-09-15T22:03:44.1896250Z 1861/2248 Test #1928: testRexxClassicBifOverlay_opt ................................   Passed    0.49 sec
2026-09-15T22:03:44.1900889Z           Start 1931: testRexxClassicBifRandom_noopt
2026-09-15T22:03:44.2984528Z 1862/2248 Test #1931: testRexxClassicBifRandom_noopt ...............................   Passed    0.11 sec
2026-09-15T22:03:44.2989101Z           Start 1932: testRexxClassicBifRandom_opt
2026-09-15T22:03:44.4822933Z 1863/2248 Test #1930: testRexxClassicBifPos_opt ....................................   Passed    0.50 sec
2026-09-15T22:03:44.4827186Z           Start 1933: testRexxClassicBifReverse_noopt
2026-09-15T22:03:44.5917978Z 1864/2248 Test #1933: testRexxClassicBifReverse_noopt ..............................   Passed    0.11 sec
2026-09-15T22:03:44.5922752Z           Start 1934: testRexxClassicBifReverse_opt
2026-09-15T22:03:44.7846690Z 1865/2248 Test #1932: testRexxClassicBifRandom_opt .................................   Passed    0.48 sec
2026-09-15T22:03:44.7862872Z           Start 1935: testRexxClassicBifRight_noopt
2026-09-15T22:03:44.8961785Z 1866/2248 Test #1935: testRexxClassicBifRight_noopt ................................   Passed    0.11 sec
2026-09-15T22:03:44.8966415Z           Start 1936: testRexxClassicBifRight_opt
2026-09-15T22:03:45.1340869Z 1867/2248 Test #1934: testRexxClassicBifReverse_opt ................................   Passed    0.54 sec
2026-09-15T22:03:45.1345502Z           Start 1937: testRexxClassicBifSign_noopt
2026-09-15T22:03:45.2290876Z 1868/2248 Test #1937: testRexxClassicBifSign_noopt .................................   Passed    0.09 sec
2026-09-15T22:03:45.2295481Z           Start 1938: testRexxClassicBifSign_opt
2026-09-15T22:03:45.3869239Z 1869/2248 Test #1936: testRexxClassicBifRight_opt ..................................   Passed    0.49 sec
2026-09-15T22:03:45.3873875Z           Start 1939: testRexxClassicBifSpace_noopt
2026-09-15T22:03:45.4963291Z 1870/2248 Test #1939: testRexxClassicBifSpace_noopt ................................   Passed    0.11 sec
2026-09-15T22:03:45.4968387Z           Start 1940: testRexxClassicBifSpace_opt
2026-09-15T22:03:45.7273201Z 1871/2248 Test #1938: testRexxClassicBifSign_opt ...................................   Passed    0.50 sec
2026-09-15T22:03:45.7277629Z           Start 1941: testRexxClassicBifStrip_noopt
2026-09-15T22:03:45.8398150Z 1872/2248 Test #1941: testRexxClassicBifStrip_noopt ................................   Passed    0.11 sec
2026-09-15T22:03:45.8402542Z           Start 1942: testRexxClassicBifStrip_opt
2026-09-15T22:03:45.9657146Z 1873/2248 Test #1940: testRexxClassicBifSpace_opt ..................................   Passed    0.47 sec
2026-09-15T22:03:45.9661730Z           Start 1943: testRexxClassicBifSubstr_noopt
2026-09-15T22:03:46.0683078Z 1874/2248 Test #1943: testRexxClassicBifSubstr_noopt ...............................   Passed    0.10 sec
2026-09-15T22:03:46.0689045Z           Start 1944: testRexxClassicBifSubstr_opt
2026-09-15T22:03:46.3389611Z 1875/2248 Test #1942: testRexxClassicBifStrip_opt ..................................   Passed    0.50 sec
2026-09-15T22:03:46.3394462Z           Start 1945: testRexxClassicBifSubword_noopt
2026-09-15T22:03:46.4542376Z 1876/2248 Test #1945: testRexxClassicBifSubword_noopt ..............................   Passed    0.11 sec
2026-09-15T22:03:46.4547079Z           Start 1946: testRexxClassicBifSubword_opt
2026-09-15T22:03:46.5893456Z 1877/2248 Test #1944: testRexxClassicBifSubstr_opt .................................   Passed    0.52 sec
2026-09-15T22:03:46.5897884Z           Start 1947: testRexxClassicBifSymbol_noopt
2026-09-15T22:03:46.7030302Z 1878/2248 Test #1947: testRexxClassicBifSymbol_noopt ...............................   Passed    0.11 sec
2026-09-15T22:03:46.7035487Z           Start 1948: testRexxClassicBifSymbol_opt
2026-09-15T22:03:46.9737364Z 1879/2248 Test #1946: testRexxClassicBifSubword_opt ................................   Passed    0.52 sec
2026-09-15T22:03:46.9754444Z           Start 1949: testRexxClassicBifTime_noopt
2026-09-15T22:03:47.0942278Z 1880/2248 Test #1949: testRexxClassicBifTime_noopt .................................   Passed    0.12 sec
2026-09-15T22:03:47.0949667Z           Start 1950: testRexxClassicBifTime_opt
2026-09-15T22:03:47.2789011Z 1881/2248 Test #1948: testRexxClassicBifSymbol_opt .................................   Passed    0.57 sec
2026-09-15T22:03:47.2793670Z           Start 1951: testRexxClassicBifTrace_noopt
2026-09-15T22:03:47.3910027Z 1882/2248 Test #1951: testRexxClassicBifTrace_noopt ................................   Passed    0.11 sec
2026-09-15T22:03:47.3914860Z           Start 1952: testRexxClassicBifTrace_opt
2026-09-15T22:03:47.5615918Z 1883/2248 Test #1950: testRexxClassicBifTime_opt ...................................   Passed    0.47 sec
2026-09-15T22:03:47.5620327Z           Start 1953: testRexxClassicBifTranslate_noopt
2026-09-15T22:03:47.6596290Z 1884/2248 Test #1953: testRexxClassicBifTranslate_noopt ............................   Passed    0.10 sec
2026-09-15T22:03:47.6601438Z           Start 1954: testRexxClassicBifTranslate_opt
2026-09-15T22:03:47.9652911Z 1885/2248 Test #1952: testRexxClassicBifTrace_opt ..................................   Passed    0.57 sec
2026-09-15T22:03:47.9657370Z           Start 1955: testRexxClassicBifTrunc_noopt
2026-09-15T22:03:48.0770676Z 1886/2248 Test #1955: testRexxClassicBifTrunc_noopt ................................   Passed    0.11 sec
2026-09-15T22:03:48.0788029Z           Start 1956: testRexxClassicBifTrunc_opt
2026-09-15T22:03:48.2010817Z 1887/2248 Test #1954: testRexxClassicBifTranslate_opt ..............................   Passed    0.54 sec
2026-09-15T22:03:48.2015519Z           Start 1957: testRexxClassicBifValue_noopt
2026-09-15T22:03:48.2999442Z 1888/2248 Test #1957: testRexxClassicBifValue_noopt ................................   Passed    0.10 sec
2026-09-15T22:03:48.3004798Z           Start 1958: testRexxClassicBifValue_opt
2026-09-15T22:03:48.6456502Z 1889/2248 Test #1956: testRexxClassicBifTrunc_opt ..................................   Passed    0.57 sec
2026-09-15T22:03:48.6460934Z           Start 1959: testRexxClassicBifVerify_noopt
2026-09-15T22:03:48.7621715Z 1890/2248 Test #1959: testRexxClassicBifVerify_noopt ...............................   Passed    0.12 sec
2026-09-15T22:03:48.7626122Z           Start 1960: testRexxClassicBifVerify_opt
2026-09-15T22:03:48.7868916Z 1891/2248 Test #1958: testRexxClassicBifValue_opt ..................................   Passed    0.49 sec
2026-09-15T22:03:48.7873868Z           Start 1961: testRexxClassicBifWord_noopt
2026-09-15T22:03:48.8908901Z 1892/2248 Test #1961: testRexxClassicBifWord_noopt .................................   Passed    0.10 sec
2026-09-15T22:03:48.8913063Z           Start 1962: testRexxClassicBifWord_opt
2026-09-15T22:03:49.3260543Z 1893/2248 Test #1960: testRexxClassicBifVerify_opt .................................   Passed    0.56 sec
2026-09-15T22:03:49.3271855Z           Start 1963: testRexxClassicBifWordindex_noopt
2026-09-15T22:03:49.3355744Z 1894/2248 Test #1962: testRexxClassicBifWord_opt ...................................   Passed    0.44 sec
2026-09-15T22:03:49.3359829Z           Start 1964: testRexxClassicBifWordindex_opt
2026-09-15T22:03:49.4355966Z 1895/2248 Test #1963: testRexxClassicBifWordindex_noopt ............................   Passed    0.11 sec
2026-09-15T22:03:49.4360888Z           Start 1965: testRexxClassicBifWordlength_noopt
2026-09-15T22:03:49.5468544Z 1896/2248 Test #1965: testRexxClassicBifWordlength_noopt ...........................   Passed    0.11 sec
2026-09-15T22:03:49.5473384Z           Start 1966: testRexxClassicBifWordlength_opt
2026-09-15T22:03:49.8112225Z 1897/2248 Test #1964: testRexxClassicBifWordindex_opt ..............................   Passed    0.47 sec
2026-09-15T22:03:49.8116909Z           Start 1967: testRexxClassicBifWordpos_noopt
2026-09-15T22:03:49.9133988Z 1898/2248 Test #1967: testRexxClassicBifWordpos_noopt ..............................   Passed    0.10 sec
2026-09-15T22:03:49.9138071Z           Start 1968: testRexxClassicBifWordpos_opt
2026-09-15T22:03:50.0962437Z 1899/2248 Test #1966: testRexxClassicBifWordlength_opt .............................   Passed    0.55 sec
2026-09-15T22:03:50.0967014Z           Start 1969: testRexxClassicBifWords_noopt
2026-09-15T22:03:50.2041205Z 1900/2248 Test #1969: testRexxClassicBifWords_noopt ................................   Passed    0.11 sec
2026-09-15T22:03:50.2046003Z           Start 1970: testRexxClassicBifWords_opt
2026-09-15T22:03:50.3944809Z 1901/2248 Test #1968: testRexxClassicBifWordpos_opt ................................   Passed    0.48 sec
2026-09-15T22:03:50.3949615Z           Start 1971: testRexxClassicBifX2b_noopt
2026-09-15T22:03:50.5049208Z 1902/2248 Test #1971: testRexxClassicBifX2b_noopt ..................................   Passed    0.11 sec
2026-09-15T22:03:50.5054206Z           Start 1972: testRexxClassicBifX2b_opt
2026-09-15T22:03:50.6637613Z 1903/2248 Test #1970: testRexxClassicBifWords_opt ..................................   Passed    0.46 sec
2026-09-15T22:03:50.6642464Z           Start 1973: testRexxClassicBifX2c_noopt
2026-09-15T22:03:50.7680723Z 1904/2248 Test #1973: testRexxClassicBifX2c_noopt ..................................   Passed    0.10 sec
2026-09-15T22:03:50.7685857Z           Start 1974: testRexxClassicBifX2c_opt
2026-09-15T22:03:51.0976755Z 1905/2248 Test #1972: testRexxClassicBifX2b_opt ....................................   Passed    0.59 sec
2026-09-15T22:03:51.0981339Z           Start 1975: testRexxClassicBifX2d_noopt
2026-09-15T22:03:51.2149611Z 1906/2248 Test #1975: testRexxClassicBifX2d_noopt ..................................   Passed    0.12 sec
2026-09-15T22:03:51.2154208Z           Start 1976: testRexxClassicBifX2d_opt
2026-09-15T22:03:51.2326371Z 1907/2248 Test #1974: testRexxClassicBifX2c_opt ....................................   Passed    0.46 sec
2026-09-15T22:03:51.2331460Z           Start 1977: testRexxClassicBifXrange_noopt
2026-09-15T22:03:51.3480194Z 1908/2248 Test #1977: testRexxClassicBifXrange_noopt ...............................   Passed    0.11 sec
2026-09-15T22:03:51.3503114Z           Start 1978: testRexxClassicBifXrange_opt
2026-09-15T22:03:51.7246477Z 1909/2248 Test #1976: testRexxClassicBifX2d_opt ....................................   Passed    0.51 sec
2026-09-15T22:03:51.7250761Z           Start 1979: ui_standard_dialogs_noopt
2026-09-15T22:03:51.8300192Z 1910/2248 Test #1978: testRexxClassicBifXrange_opt .................................   Passed    0.48 sec
2026-09-15T22:03:51.8305241Z           Start 1980: ui_standard_dialogs_opt
2026-09-15T22:03:51.8498147Z 1911/2248 Test #1979: ui_standard_dialogs_noopt ....................................   Passed    0.12 sec
2026-09-15T22:03:51.8503096Z           Start 1981: ui_contract_generation
2026-09-15T22:03:52.0342786Z 1912/2248 Test #1980: ui_standard_dialogs_opt ......................................   Passed    0.20 sec
2026-09-15T22:03:52.0347667Z           Start 1982: ui_contract_v0_noopt
2026-09-15T22:03:52.3576221Z 1913/2248 Test #1982: ui_contract_v0_noopt .........................................   Passed    0.32 sec
2026-09-15T22:03:52.3580948Z           Start 1983: ui_contract_v0_opt
2026-09-15T22:03:52.7839559Z 1914/2248 Test #1983: ui_contract_v0_opt ...........................................   Passed    0.43 sec
2026-09-15T22:03:52.7844132Z           Start 1984: ui_tui_contract_noopt
2026-09-15T22:03:52.8383053Z 1915/2248 Test #1984: ui_tui_contract_noopt ........................................   Passed    0.05 sec
2026-09-15T22:03:52.8388015Z           Start 1985: ui_tui_contract_opt
2026-09-15T22:03:53.0057202Z 1916/2248 Test #1985: ui_tui_contract_opt ..........................................   Passed    0.16 sec
2026-09-15T22:03:53.0075816Z           Start 1986: testRexxScriptRuntime_noopt
2026-09-15T22:03:53.1319205Z 1917/2248 Test #1986: testRexxScriptRuntime_noopt ..................................   Passed    0.13 sec
2026-09-15T22:03:53.1323454Z           Start 1987: testRexxScriptRuntime_opt
2026-09-15T22:03:53.1529451Z 1918/2248 Test #1981: ui_contract_generation .......................................   Passed    1.30 sec
2026-09-15T22:03:53.1534592Z           Start 1988: testRexxScriptCompat_noopt
2026-09-15T22:03:53.2592460Z 1919/2248 Test #1988: testRexxScriptCompat_noopt ...................................   Passed    0.11 sec
2026-09-15T22:03:53.2597657Z           Start 1989: testRexxScriptCompat_opt
2026-09-15T22:03:53.8336635Z 1920/2248 Test #1989: testRexxScriptCompat_opt .....................................   Passed    0.57 sec
2026-09-15T22:03:53.8341414Z           Start 1990: rexxscript_cli_smoke
2026-09-15T22:03:53.9684915Z 1921/2248 Test #1990: rexxscript_cli_smoke .........................................   Passed    0.13 sec
2026-09-15T22:03:53.9690369Z           Start 1991: example_array_formatting
2026-09-15T22:03:54.0341209Z 1922/2248 Test #1991: example_array_formatting .....................................   Passed    0.06 sec
2026-09-15T22:03:54.0345959Z           Start 1992: example_pprint_exit
2026-09-15T22:03:54.1011853Z 1923/2248 Test #1987: testRexxScriptRuntime_opt ....................................   Passed    0.96 sec
2026-09-15T22:03:54.1031813Z           Start 1993: text_inspector_rxpp_generation
2026-09-15T22:03:54.1194951Z 1924/2248 Test #1992: example_pprint_exit ..........................................   Passed    0.08 sec
2026-09-15T22:03:54.1200104Z           Start 1994: text_inspector_core_noopt
2026-09-15T22:03:54.1325615Z 1925/2248 Test #1993: text_inspector_rxpp_generation ...............................   Passed    0.03 sec
2026-09-15T22:03:54.1329844Z           Start 1995: text_inspector_core_opt
2026-09-15T22:03:54.1734312Z 1926/2248 Test #1994: text_inspector_core_noopt ....................................   Passed    0.05 sec
2026-09-15T22:03:54.1738912Z           Start 1996: text_inspector_tui_noopt
2026-09-15T22:03:54.2696981Z 1927/2248 Test #1996: text_inspector_tui_noopt .....................................   Passed    0.10 sec
2026-09-15T22:03:54.2701627Z           Start 1997: text_inspector_tui_opt
2026-09-15T22:03:54.2953145Z 1928/2248 Test #1995: text_inspector_core_opt ......................................   Passed    0.16 sec
2026-09-15T22:03:54.2957695Z           Start 1998: crexx_expected_failure_contract
2026-09-15T22:03:54.3914169Z 1929/2248 Test #1998: crexx_expected_failure_contract ..............................   Passed    0.10 sec
2026-09-15T22:03:54.3919085Z           Start 1999: rxinteger_contract
2026-09-15T22:03:54.4007578Z 1930/2248 Test #1999: rxinteger_contract ...........................................   Passed    0.01 sec
2026-09-15T22:03:54.4012476Z           Start 2000: rxas_optimizer_metadata
2026-09-15T22:03:54.4133621Z 1931/2248 Test #2000: rxas_optimizer_metadata ......................................   Passed    0.01 sec
2026-09-15T22:03:54.4138299Z           Start 2001: rxas_flow_graph_contract
2026-09-15T22:03:54.4355402Z 1932/2248 Test #2001: rxas_flow_graph_contract .....................................   Passed    0.02 sec
2026-09-15T22:03:54.4359485Z           Start 2002: rxas_optimizer_fixed_registers_opt
2026-09-15T22:03:54.4777329Z 1933/2248 Test #1997: text_inspector_tui_opt .......................................   Passed    0.21 sec
2026-09-15T22:03:54.4782258Z           Start 2003: rxas_optimizer_fixed_registers_noopt
2026-09-15T22:03:54.4934566Z 1934/2248 Test #2002: rxas_optimizer_fixed_registers_opt ...........................   Passed    0.06 sec
2026-09-15T22:03:54.4939191Z           Start 2004: rxas_optimizer_implicit_inc0_relevant
2026-09-15T22:03:54.5311852Z 1935/2248 Test #2003: rxas_optimizer_fixed_registers_noopt .........................   Passed    0.05 sec
2026-09-15T22:03:54.5317809Z           Start 2005: rxas_optimizer_implicit_inc0_unrelated
2026-09-15T22:03:54.5483227Z 1936/2248 Test #2004: rxas_optimizer_implicit_inc0_relevant ........................   Passed    0.05 sec
2026-09-15T22:03:54.5487937Z           Start 2006: rxas_optimizer_loadint_relevant
2026-09-15T22:03:54.5837516Z 1937/2248 Test #2005: rxas_optimizer_implicit_inc0_unrelated .......................   Passed    0.05 sec
2026-09-15T22:03:54.5841875Z           Start 2007: rxas_optimizer_loadint_unrelated
2026-09-15T22:03:54.6035371Z 1938/2248 Test #2006: rxas_optimizer_loadint_relevant ..............................   Passed    0.05 sec
2026-09-15T22:03:54.6040034Z           Start 2008: rxas_optimizer_linkarg_relevant
2026-09-15T22:03:54.6433132Z 1939/2248 Test #2007: rxas_optimizer_loadint_unrelated .............................   Passed    0.06 sec
2026-09-15T22:03:54.6445503Z           Start 2009: rxas_optimizer_linkarg_unrelated
2026-09-15T22:03:54.6653601Z 1940/2248 Test #2008: rxas_optimizer_linkarg_relevant ..............................   Passed    0.06 sec
2026-09-15T22:03:54.6658074Z           Start 2010: rxas_optimizer_copy_acopy_opt
2026-09-15T22:03:54.6966405Z 1941/2248 Test #2009: rxas_optimizer_linkarg_unrelated .............................   Passed    0.05 sec
2026-09-15T22:03:54.6970583Z           Start 2011: rxas_optimizer_copy_acopy_noopt
2026-09-15T22:03:54.7603785Z 1942/2248 Test #2011: rxas_optimizer_copy_acopy_noopt ..............................   Passed    0.06 sec
2026-09-15T22:03:54.7608357Z           Start 2012: rxas_optimizer_compare_branch
2026-09-15T22:03:54.7760474Z 1943/2248 Test #2010: rxas_optimizer_copy_acopy_opt ................................   Passed    0.11 sec
2026-09-15T22:03:54.7765046Z           Start 2013: rxas_optimizer_compare_branch_noopt
2026-09-15T22:03:54.8498668Z 1944/2248 Test #2013: rxas_optimizer_compare_branch_noopt ..........................   Passed    0.07 sec
2026-09-15T22:03:54.8504585Z           Start 2014: rxas_optimizer_semantic_batch_flow
2026-09-15T22:03:54.9516911Z 1945/2248 Test #2014: rxas_optimizer_semantic_batch_flow ...........................   Passed    0.10 sec
2026-09-15T22:03:54.9521747Z           Start 2015: rxas_optimizer_joined_key_private_local
2026-09-15T22:03:55.0738427Z 1946/2248 Test #2015: rxas_optimizer_joined_key_private_local ......................   Passed    0.12 sec
2026-09-15T22:03:55.0743633Z           Start 2016: rxas_optimizer_joined_key_private_local_noopt
2026-09-15T22:03:55.1294266Z 1947/2248 Test #2016: rxas_optimizer_joined_key_private_local_noopt ................   Passed    0.05 sec
2026-09-15T22:03:55.1298904Z           Start 2017: rxas_optimizer_joined_key_fixed_point_private_local
2026-09-15T22:03:55.2303583Z 1948/2248 Test #2017: rxas_optimizer_joined_key_fixed_point_private_local ..........   Passed    0.10 sec
2026-09-15T22:03:55.2311906Z           Start 2018: rxas_optimizer_string_literal_reuse
2026-09-15T22:03:55.5518458Z 1949/2248 Test #2018: rxas_optimizer_string_literal_reuse ..........................   Passed    0.32 sec
2026-09-15T22:03:55.5522957Z           Start 2019: rxas_optimizer_string_literal_reuse_noopt
2026-09-15T22:03:55.5724679Z 1950/2248 Test #2012: rxas_optimizer_compare_branch ................................   Passed    0.81 sec
2026-09-15T22:03:55.5729449Z           Start 2020: rxas_optimizer_local_single_use_copy
2026-09-15T22:03:55.6085911Z 1951/2248 Test #2019: rxas_optimizer_string_literal_reuse_noopt ....................   Passed    0.06 sec
2026-09-15T22:03:55.6095470Z           Start 2021: rxas_optimizer_branch_thread_flow
2026-09-15T22:03:55.6593099Z 1952/2248 Test #2020: rxas_optimizer_local_single_use_copy .........................   Passed    0.09 sec
2026-09-15T22:03:55.6603356Z           Start 2022: rxas_optimizer_branch_thread_flow_noopt
2026-09-15T22:03:55.7420262Z 1953/2248 Test #2022: rxas_optimizer_branch_thread_flow_noopt ......................   Passed    0.08 sec
2026-09-15T22:03:55.7437430Z           Start 2023: rxas_optimizer_unreachable_metadata_epoch
2026-09-15T22:03:55.8193376Z 1954/2248 Test #2023: rxas_optimizer_unreachable_metadata_epoch ....................   Passed    0.08 sec
2026-09-15T22:03:55.8199820Z           Start 2024: rxas_optimizer_duplicate_link_read
2026-09-15T22:03:55.8471179Z 1955/2248 Test #2021: rxas_optimizer_branch_thread_flow ............................   Passed    0.24 sec
2026-09-15T22:03:55.8475678Z           Start 2025: rxas_optimizer_duplicate_link_read_meta_relevant
2026-09-15T22:03:55.8744136Z 1956/2248 Test #2024: rxas_optimizer_duplicate_link_read ...........................   Passed    0.05 sec
2026-09-15T22:03:55.8748148Z           Start 2026: rxas_optimizer_duplicate_link_read_meta_unrelated
2026-09-15T22:03:55.9012278Z 1957/2248 Test #2025: rxas_optimizer_duplicate_link_read_meta_relevant .............   Passed    0.05 sec
2026-09-15T22:03:55.9016248Z           Start 2027: rxas_optimizer_duplicate_link_read_trace_relevant
2026-09-15T22:03:55.9275118Z 1958/2248 Test #2026: rxas_optimizer_duplicate_link_read_meta_unrelated ............   Passed    0.05 sec
2026-09-15T22:03:55.9279518Z           Start 2028: rxas_optimizer_duplicate_link_read_trace_unrelated
2026-09-15T22:03:55.9554088Z 1959/2248 Test #2027: rxas_optimizer_duplicate_link_read_trace_relevant ............   Passed    0.05 sec
2026-09-15T22:03:55.9560902Z           Start 2029: rxas_optimizer_duplicate_link_read_bcopy
2026-09-15T22:03:55.9858251Z 1960/2248 Test #2028: rxas_optimizer_duplicate_link_read_trace_unrelated ...........   Passed    0.06 sec
2026-09-15T22:03:55.9862128Z           Start 2030: rxas_optimizer_duplicate_link_read_copy_families
2026-09-15T22:03:56.0127000Z 1961/2248 Test #2029: rxas_optimizer_duplicate_link_read_bcopy .....................   Passed    0.06 sec
2026-09-15T22:03:56.0131686Z           Start 2031: rxas_optimizer_duplicate_link_read_source_changed
2026-09-15T22:03:56.0389643Z 1962/2248 Test #2030: rxas_optimizer_duplicate_link_read_copy_families .............   Passed    0.05 sec
2026-09-15T22:03:56.0393732Z           Start 2032: rxas_optimizer_duplicate_link_read_detached_changed
2026-09-15T22:03:56.0670957Z 1963/2248 Test #2031: rxas_optimizer_duplicate_link_read_source_changed ............   Passed    0.05 sec
2026-09-15T22:03:56.0675006Z           Start 2033: rxas_optimizer_duplicate_link_read_call_alias
2026-09-15T22:03:56.0918907Z 1964/2248 Test #2032: rxas_optimizer_duplicate_link_read_detached_changed ..........   Passed    0.05 sec
2026-09-15T22:03:56.0923489Z           Start 2034: rxas_optimizer_duplicate_link_read_divergent_phi
2026-09-15T22:03:56.1212620Z 1965/2248 Test #2033: rxas_optimizer_duplicate_link_read_call_alias ................   Passed    0.05 sec
2026-09-15T22:03:56.1217030Z           Start 2035: rxas_optimizer_duplicate_linkattr_read
2026-09-15T22:03:56.1440269Z 1966/2248 Test #2034: rxas_optimizer_duplicate_link_read_divergent_phi .............   Passed    0.05 sec
2026-09-15T22:03:56.1444686Z           Start 2036: rxas_optimizer_duplicate_linkattr_read_bcopy
2026-09-15T22:03:56.1751368Z 1967/2248 Test #2035: rxas_optimizer_duplicate_linkattr_read .......................   Passed    0.05 sec
2026-09-15T22:03:56.1755264Z           Start 2037: rxas_optimizer_duplicate_linkattr_read_copy_families
2026-09-15T22:03:56.2019452Z 1968/2248 Test #2036: rxas_optimizer_duplicate_linkattr_read_bcopy .................   Passed    0.06 sec
2026-09-15T22:03:56.2023874Z           Start 2038: rxas_optimizer_duplicate_linkattr_different
2026-09-15T22:03:56.2349919Z 1969/2248 Test #2037: rxas_optimizer_duplicate_linkattr_read_copy_families .........   Passed    0.06 sec
2026-09-15T22:03:56.2354190Z           Start 2039: rxas_optimizer_duplicate_linkattr_count_changed
2026-09-15T22:03:56.2559363Z 1970/2248 Test #2038: rxas_optimizer_duplicate_linkattr_different ..................   Passed    0.05 sec
2026-09-15T22:03:56.2563814Z           Start 2040: rxas_optimizer_duplicate_linkattr_unproved_signal
2026-09-15T22:03:56.2959606Z 1971/2248 Test #2039: rxas_optimizer_duplicate_linkattr_count_changed ..............   Passed    0.06 sec
2026-09-15T22:03:56.2970871Z           Start 2041: rxas_optimizer_duplicate_linkattr_source_changed
2026-09-15T22:03:56.3172354Z 1972/2248 Test #2040: rxas_optimizer_duplicate_linkattr_unproved_signal ............   Passed    0.06 sec
2026-09-15T22:03:56.3176764Z           Start 2042: rxas_optimizer_duplicate_linkattr_owner_alias
2026-09-15T22:03:56.3527780Z 1973/2248 Test #2041: rxas_optimizer_duplicate_linkattr_source_changed .............   Passed    0.06 sec
2026-09-15T22:03:56.3532374Z           Start 2043: rxas_optimizer_duplicate_linkattr_owner_different
2026-09-15T22:03:56.3737032Z 1974/2248 Test #2042: rxas_optimizer_duplicate_linkattr_owner_alias ................   Passed    0.06 sec
2026-09-15T22:03:56.3741875Z           Start 2044: rxas_optimizer_barrier_call
2026-09-15T22:03:56.4090902Z 1975/2248 Test #2043: rxas_optimizer_duplicate_linkattr_owner_different ............   Passed    0.06 sec
2026-09-15T22:03:56.4095179Z           Start 2045: rxas_optimizer_barrier_dcall
2026-09-15T22:03:56.4250299Z 1976/2248 Test #2044: rxas_optimizer_barrier_call ..................................   Passed    0.05 sec
2026-09-15T22:03:56.4254845Z           Start 2046: rxas_optimizer_barrier_srcfproc
2026-09-15T22:03:56.4621686Z 1977/2248 Test #2045: rxas_optimizer_barrier_dcall .................................   Passed    0.05 sec
2026-09-15T22:03:56.4627504Z           Start 2047: rxas_optimizer_barrier_asserttype
2026-09-15T22:03:56.4796481Z 1978/2248 Test #2046: rxas_optimizer_barrier_srcfproc ..............................   Passed    0.05 sec
2026-09-15T22:03:56.4800815Z           Start 2048: rxas_optimizer_barrier_assertinitialized
2026-09-15T22:03:56.5144561Z 1979/2248 Test #2047: rxas_optimizer_barrier_asserttype ............................   Passed    0.05 sec
2026-09-15T22:03:56.5150348Z           Start 2049: rxas_optimizer_barrier_ichkrng
2026-09-15T22:03:56.5374090Z 1980/2248 Test #2048: rxas_optimizer_barrier_assertinitialized .....................   Passed    0.06 sec
2026-09-15T22:03:56.5379181Z           Start 2050: rxas_optimizer_barrier_bcheckrange
2026-09-15T22:03:56.5697793Z 1981/2248 Test #2049: rxas_optimizer_barrier_ichkrng ...............................   Passed    0.05 sec
2026-09-15T22:03:56.5701182Z           Start 2051: rxas_optimizer_barrier_signal
2026-09-15T22:03:56.5891767Z 1982/2248 Test #2050: rxas_optimizer_barrier_bcheckrange ...........................   Passed    0.05 sec
2026-09-15T22:03:56.5897332Z           Start 2052: rxas_optimizer_barrier_igtbr
2026-09-15T22:03:56.6247345Z 1983/2248 Test #2051: rxas_optimizer_barrier_signal ................................   Passed    0.05 sec
2026-09-15T22:03:56.6251773Z           Start 2053: rxas_optimizer_barrier_iltbr
2026-09-15T22:03:56.6433399Z 1984/2248 Test #2052: rxas_optimizer_barrier_igtbr .................................   Passed    0.05 sec
2026-09-15T22:03:56.6437632Z           Start 2054: rxas_optimizer_barrier_fgtbr
2026-09-15T22:03:56.6757492Z 1985/2248 Test #2053: rxas_optimizer_barrier_iltbr .................................   Passed    0.05 sec
2026-09-15T22:03:56.6762243Z           Start 2055: rxas_optimizer_barrier_fltbr
2026-09-15T22:03:56.6983384Z 1986/2248 Test #2054: rxas_optimizer_barrier_fgtbr .................................   Passed    0.05 sec
2026-09-15T22:03:56.6988119Z           Start 2056: rxas_optimizer_barrier_dgtbr
2026-09-15T22:03:56.7276026Z 1987/2248 Test #2055: rxas_optimizer_barrier_fltbr .................................   Passed    0.05 sec
2026-09-15T22:03:56.7280217Z           Start 2057: rxas_optimizer_barrier_dltbr
2026-09-15T22:03:56.7538628Z 1988/2248 Test #2056: rxas_optimizer_barrier_dgtbr .................................   Passed    0.05 sec
2026-09-15T22:03:56.7543004Z           Start 2058: rxas_optimizer_barrier_deqbr
2026-09-15T22:03:56.7799807Z 1989/2248 Test #2057: rxas_optimizer_barrier_dltbr .................................   Passed    0.05 sec
2026-09-15T22:03:56.7804075Z           Start 2059: rxas_optimizer_barrier_metaloadmodule
2026-09-15T22:03:56.8057757Z 1990/2248 Test #2058: rxas_optimizer_barrier_deqbr .................................   Passed    0.05 sec
2026-09-15T22:03:56.8062315Z           Start 2060: rxas_optimizer_nr09_class1
2026-09-15T22:03:56.8424096Z 1991/2248 Test #2059: rxas_optimizer_barrier_metaloadmodule ........................   Passed    0.06 sec
2026-09-15T22:03:56.8435148Z           Start 2061: rxas_optimizer_nr09_class1_noopt
2026-09-15T22:03:56.8734293Z 1992/2248 Test #2060: rxas_optimizer_nr09_class1 ...................................   Passed    0.07 sec
2026-09-15T22:03:56.8739259Z           Start 2062: rxas_optimizer_nr09_class1_boundaries
2026-09-15T22:03:56.8969570Z 1993/2248 Test #2061: rxas_optimizer_nr09_class1_noopt .............................   Passed    0.05 sec
2026-09-15T22:03:56.8974348Z           Start 2063: rxas_optimizer_whole_procedure_flow
2026-09-15T22:03:56.9354425Z 1994/2248 Test #2062: rxas_optimizer_nr09_class1_boundaries ........................   Passed    0.06 sec
2026-09-15T22:03:56.9358947Z           Start 2064: rxas_optimizer_whole_procedure_flow_noopt
2026-09-15T22:03:56.9524786Z 1995/2248 Test #2063: rxas_optimizer_whole_procedure_flow ..........................   Passed    0.05 sec
2026-09-15T22:03:56.9529240Z           Start 2065: rxas_optimizer_whole_procedure_panel
2026-09-15T22:03:56.9969996Z 1996/2248 Test #2064: rxas_optimizer_whole_procedure_flow_noopt ....................   Passed    0.06 sec
2026-09-15T22:03:56.9974740Z           Start 2066: rxas_optimizer_whole_procedure_panel_noopt
2026-09-15T22:03:57.0356899Z 1997/2248 Test #2065: rxas_optimizer_whole_procedure_panel .........................   Passed    0.08 sec
2026-09-15T22:03:57.0361593Z           Start 2067: rxas_optimizer_nr18_flow_harvest
2026-09-15T22:03:57.0727758Z 1998/2248 Test #2066: rxas_optimizer_whole_procedure_panel_noopt ...................   Passed    0.07 sec
2026-09-15T22:03:57.0733013Z           Start 2068: rxas_optimizer_nr18_flow_harvest_noopt
2026-09-15T22:03:57.1605319Z 1999/2248 Test #2068: rxas_optimizer_nr18_flow_harvest_noopt .......................   Passed    0.09 sec
2026-09-15T22:03:57.1610092Z           Start 2069: rxas_optimizer_storage_identity_flow
2026-09-15T22:03:57.5642797Z 2000/2248 Test #2067: rxas_optimizer_nr18_flow_harvest .............................   Passed    0.53 sec
2026-09-15T22:03:57.5647942Z           Start 2070: rxas_optimizer_swap_round_trip_flow
2026-09-15T22:03:57.5879546Z 2001/2248 Test #2069: rxas_optimizer_storage_identity_flow .........................   Passed    0.43 sec
2026-09-15T22:03:57.5883004Z           Start 2071: rxas_optimizer_swap_round_trip_flow_noopt
2026-09-15T22:03:57.6423772Z 2002/2248 Test #2071: rxas_optimizer_swap_round_trip_flow_noopt ....................   Passed    0.05 sec
2026-09-15T22:03:57.6430005Z           Start 2072: rxas_optimizer_redundant_itos_flow
2026-09-15T22:03:57.7010805Z 2003/2248 Test #2072: rxas_optimizer_redundant_itos_flow ...........................   Passed    0.06 sec
2026-09-15T22:03:57.7015384Z           Start 2073: rxas_optimizer_redundant_itos_flow_noopt
2026-09-15T22:03:57.7555311Z 2004/2248 Test #2073: rxas_optimizer_redundant_itos_flow_noopt .....................   Passed    0.05 sec
2026-09-15T22:03:57.7560137Z           Start 2074: rxas_optimizer_redundant_xtoy_flow
2026-09-15T22:03:57.9753234Z 2005/2248 Test #2070: rxas_optimizer_swap_round_trip_flow ..........................   Passed    0.41 sec
2026-09-15T22:03:57.9758919Z           Start 2075: rxas_optimizer_redundant_xtoy_flow_noopt
2026-09-15T22:03:58.0393661Z 2006/2248 Test #2075: rxas_optimizer_redundant_xtoy_flow_noopt .....................   Passed    0.06 sec
2026-09-15T22:03:58.0398233Z           Start 2076: rxas_optimizer_copied_xtoy_component_placement
2026-09-15T22:03:58.4898180Z 2007/2248 Test #2076: rxas_optimizer_copied_xtoy_component_placement ...............   Passed    0.45 sec
2026-09-15T22:03:58.4902975Z           Start 2077: rxas_optimizer_copied_xtoy_component_placement_noopt
2026-09-15T22:03:58.5029310Z 2008/2248 Test #2074: rxas_optimizer_redundant_xtoy_flow ...........................   Passed    0.75 sec
2026-09-15T22:03:58.5030644Z           Start 2078: rxas_optimizer_redundant_constant_flow
2026-09-15T22:03:58.5408357Z 2009/2248 Test #2077: rxas_optimizer_copied_xtoy_component_placement_noopt .........   Passed    0.05 sec
2026-09-15T22:03:58.5419408Z           Start 2079: rxas_optimizer_redundant_constant_flow_noopt
2026-09-15T22:03:58.6032618Z 2010/2248 Test #2079: rxas_optimizer_redundant_constant_flow_noopt .................   Passed    0.06 sec
2026-09-15T22:03:58.6036942Z           Start 2080: rxas_optimizer_redundant_absent_flow
2026-09-15T22:03:58.7172884Z 2011/2248 Test #2078: rxas_optimizer_redundant_constant_flow .......................   Passed    0.21 sec
2026-09-15T22:03:58.7178588Z           Start 2081: rxas_optimizer_redundant_absent_flow_noopt
2026-09-15T22:03:58.7767730Z 2012/2248 Test #2081: rxas_optimizer_redundant_absent_flow_noopt ...................   Passed    0.06 sec
2026-09-15T22:03:58.7772705Z           Start 2082: rxas_optimizer_redundant_self_copy_flow
2026-09-15T22:03:58.8120808Z 2013/2248 Test #2080: rxas_optimizer_redundant_absent_flow .........................   Passed    0.21 sec
2026-09-15T22:03:58.8124073Z           Start 2083: rxas_optimizer_redundant_self_copy_flow_noopt
2026-09-15T22:03:58.8710848Z 2014/2248 Test #2083: rxas_optimizer_redundant_self_copy_flow_noopt ................   Passed    0.06 sec
2026-09-15T22:03:58.8715787Z           Start 2084: rxas_optimizer_successful_guard_flow
2026-09-15T22:03:58.9481208Z 2015/2248 Test #2082: rxas_optimizer_redundant_self_copy_flow ......................   Passed    0.17 sec
2026-09-15T22:03:58.9488262Z           Start 2085: rxas_optimizer_successful_guard_flow_noopt
2026-09-15T22:03:59.0110738Z 2016/2248 Test #2085: rxas_optimizer_successful_guard_flow_noopt ...................   Passed    0.06 sec
2026-09-15T22:03:59.0115328Z           Start 2086: whole_procedure_runtime_rxvm_noopt
2026-09-15T22:03:59.0243843Z 2017/2248 Test #2086: whole_procedure_runtime_rxvm_noopt ...........................   Passed    0.01 sec
2026-09-15T22:03:59.0247177Z           Start 2087: whole_procedure_runtime_rxvm_opt
2026-09-15T22:03:59.1175165Z 2018/2248 Test #2087: whole_procedure_runtime_rxvm_opt .............................   Passed    0.09 sec
2026-09-15T22:03:59.1180342Z           Start 2088: nr18_flow_runtime_rxvm_noopt
2026-09-15T22:03:59.1307843Z 2019/2248 Test #2088: nr18_flow_runtime_rxvm_noopt .................................   Passed    0.01 sec
2026-09-15T22:03:59.1312344Z           Start 2089: nr18_flow_runtime_rxvm_opt
2026-09-15T22:03:59.2322013Z 2020/2248 Test #2089: nr18_flow_runtime_rxvm_opt ...................................   Passed    0.10 sec
2026-09-15T22:03:59.2326835Z           Start 2090: storage_identity_runtime_rxvm_noopt
2026-09-15T22:03:59.2453209Z 2021/2248 Test #2090: storage_identity_runtime_rxvm_noopt ..........................   Passed    0.01 sec
2026-09-15T22:03:59.2457999Z           Start 2091: storage_identity_runtime_rxvm_opt
2026-09-15T22:03:59.3428492Z 2022/2248 Test #2091: storage_identity_runtime_rxvm_opt ............................   Passed    0.10 sec
2026-09-15T22:03:59.3433807Z           Start 2092: redundant_itos_runtime_rxvm_noopt
2026-09-15T22:03:59.3561345Z 2023/2248 Test #2092: redundant_itos_runtime_rxvm_noopt ............................   Passed    0.01 sec
2026-09-15T22:03:59.3565862Z           Start 2093: redundant_itos_runtime_rxvm_opt
2026-09-15T22:03:59.4209857Z 2024/2248 Test #2084: rxas_optimizer_successful_guard_flow .........................   Passed    0.55 sec
2026-09-15T22:03:59.4214944Z           Start 2094: signal_contract_runtime_rxvm_noopt
2026-09-15T22:03:59.4327531Z 2025/2248 Test #2094: signal_contract_runtime_rxvm_noopt ...........................   Passed    0.01 sec
2026-09-15T22:03:59.4331543Z           Start 2095: signal_contract_runtime_rxvm_opt
2026-09-15T22:03:59.4446379Z 2026/2248 Test #2093: redundant_itos_runtime_rxvm_opt ..............................   Passed    0.09 sec
2026-09-15T22:03:59.4448605Z           Start 2096: copied_xtoy_component_placement_runtime_rxvm_noopt
2026-09-15T22:03:59.4551498Z 2027/2248 Test #2096: copied_xtoy_component_placement_runtime_rxvm_noopt ...........   Passed    0.01 sec
2026-09-15T22:03:59.4555537Z           Start 2097: copied_xtoy_component_placement_runtime_rxvm_opt
2026-09-15T22:03:59.5167595Z 2028/2248 Test #2095: signal_contract_runtime_rxvm_opt .............................   Passed    0.08 sec
2026-09-15T22:03:59.5173266Z           Start 2098: branch_thread_runtime_rxvm_noopt
2026-09-15T22:03:59.5289576Z 2029/2248 Test #2098: branch_thread_runtime_rxvm_noopt .............................   Passed    0.01 sec
2026-09-15T22:03:59.5290925Z           Start 2099: branch_thread_runtime_rxvm_opt
2026-09-15T22:03:59.5358295Z 2030/2248 Test #2097: copied_xtoy_component_placement_runtime_rxvm_opt .............   Passed    0.08 sec
2026-09-15T22:03:59.5364011Z           Start 2100: san002_concat_after_wide_decimal_rxbvm_noopt
2026-09-15T22:03:59.5652330Z 2031/2248 Test #2100: san002_concat_after_wide_decimal_rxbvm_noopt .................   Passed    0.03 sec
2026-09-15T22:03:59.5656061Z           Start 2101: san002_concat_after_wide_decimal_rxbvm_opt
2026-09-15T22:03:59.6103195Z 2032/2248 Test #2099: branch_thread_runtime_rxvm_opt ...............................   Passed    0.08 sec
2026-09-15T22:03:59.6108439Z           Start 2102: san002_concat_after_wide_decimal_rxtvm_noopt
2026-09-15T22:03:59.6407115Z 2033/2248 Test #2102: san002_concat_after_wide_decimal_rxtvm_noopt .................   Passed    0.03 sec
2026-09-15T22:03:59.6411477Z           Start 2103: san002_concat_after_wide_decimal_rxtvm_opt
2026-09-15T22:03:59.6565766Z 2034/2248 Test #2101: san002_concat_after_wide_decimal_rxbvm_opt ...................   Passed    0.09 sec
2026-09-15T22:03:59.6570430Z           Start 2104: san002_wide_decimal_extract_rxbvm_noopt
2026-09-15T22:03:59.6851942Z 2035/2248 Test #2104: san002_wide_decimal_extract_rxbvm_noopt ......................   Passed    0.03 sec
2026-09-15T22:03:59.6856026Z           Start 2105: san002_wide_decimal_extract_rxbvm_opt
2026-09-15T22:03:59.7283495Z 2036/2248 Test #2103: san002_concat_after_wide_decimal_rxtvm_opt ...................   Passed    0.09 sec
2026-09-15T22:03:59.7288202Z           Start 2106: san002_wide_decimal_extract_rxtvm_noopt
2026-09-15T22:03:59.7598616Z 2037/2248 Test #2106: san002_wide_decimal_extract_rxtvm_noopt ......................   Passed    0.03 sec
2026-09-15T22:03:59.7602267Z           Start 2107: san002_wide_decimal_extract_rxtvm_opt
2026-09-15T22:03:59.7748982Z 2038/2248 Test #2105: san002_wide_decimal_extract_rxbvm_opt ........................   Passed    0.09 sec
2026-09-15T22:03:59.7753464Z           Start 2108: ascommon_noopt
2026-09-15T22:03:59.7849441Z 2039/2248 Test #2108: ascommon_noopt ...............................................   Passed    0.01 sec
2026-09-15T22:03:59.7854208Z           Start 2109: ascommon_opt
2026-09-15T22:03:59.8538674Z 2040/2248 Test #2107: san002_wide_decimal_extract_rxtvm_opt ........................   Passed    0.09 sec
2026-09-15T22:03:59.8543258Z           Start 2110: asutf_noopt
2026-09-15T22:03:59.8651729Z 2041/2248 Test #2110: asutf_noopt ..................................................   Passed    0.01 sec
2026-09-15T22:03:59.8655479Z           Start 2111: asutf_opt
2026-09-15T22:03:59.8677077Z 2042/2248 Test #2109: ascommon_opt .................................................   Passed    0.08 sec
2026-09-15T22:03:59.8681326Z           Start 2112: basic_noopt
2026-09-15T22:03:59.8787319Z 2043/2248 Test #2112: basic_noopt ..................................................   Passed    0.01 sec
2026-09-15T22:03:59.8791697Z           Start 2113: basic_opt
2026-09-15T22:03:59.9422633Z 2044/2248 Test #2111: asutf_opt ....................................................   Passed    0.08 sec
2026-09-15T22:03:59.9427024Z           Start 2114: levelbfunc_noopt
2026-09-15T22:03:59.9533804Z 2045/2248 Test #2114: levelbfunc_noopt .............................................   Passed    0.01 sec
2026-09-15T22:03:59.9537088Z           Start 2115: levelbfunc_opt
2026-09-15T22:03:59.9559445Z 2046/2248 Test #2113: basic_opt ....................................................   Passed    0.08 sec
2026-09-15T22:03:59.9563232Z           Start 2118: concatenation_noopt
2026-09-15T22:03:59.9666834Z 2047/2248 Test #2118: concatenation_noopt ..........................................   Passed    0.01 sec
2026-09-15T22:03:59.9670381Z           Start 2119: concatenation_opt
2026-09-15T22:04:00.0180435Z 2048/2248 Test #2119: concatenation_opt ............................................   Passed    0.05 sec
2026-09-15T22:04:00.0183892Z           Start 2120: benchmark_awfy_sieve_noopt
2026-09-15T22:04:00.0343221Z 2049/2248 Test #2115: levelbfunc_opt ...............................................   Passed    0.08 sec
2026-09-15T22:04:00.0351118Z           Start 2121: benchmark_awfy_sieve_opt
2026-09-15T22:04:00.0496092Z 2050/2248 Test #2120: benchmark_awfy_sieve_noopt ...................................   Passed    0.03 sec
2026-09-15T22:04:00.0499891Z           Start 2122: benchmark_awfy_permute_noopt
2026-09-15T22:04:00.0798903Z 2051/2248 Test #2122: benchmark_awfy_permute_noopt .................................   Passed    0.03 sec
2026-09-15T22:04:00.0802422Z           Start 2123: benchmark_awfy_permute_opt
2026-09-15T22:04:00.1245242Z 2052/2248 Test #2121: benchmark_awfy_sieve_opt .....................................   Passed    0.09 sec
2026-09-15T22:04:00.1249737Z           Start 2124: benchmark_awfy_mandelbrot_noopt
2026-09-15T22:04:00.1576515Z 2053/2248 Test #2124: benchmark_awfy_mandelbrot_noopt ..............................   Passed    0.03 sec
2026-09-15T22:04:00.1581404Z           Start 2125: benchmark_awfy_mandelbrot_opt
2026-09-15T22:04:00.1781243Z 2054/2248 Test #2123: benchmark_awfy_permute_opt ...................................   Passed    0.10 sec
2026-09-15T22:04:00.1785670Z           Start 2126: benchmark_awfy_mandelbrot_hoisted_control_noopt
2026-09-15T22:04:00.2108196Z 2055/2248 Test #2126: benchmark_awfy_mandelbrot_hoisted_control_noopt ..............   Passed    0.03 sec
2026-09-15T22:04:00.2111980Z           Start 2127: benchmark_awfy_mandelbrot_hoisted_control_opt
2026-09-15T22:04:00.2519683Z 2056/2248 Test #2125: benchmark_awfy_mandelbrot_opt ................................   Passed    0.09 sec
2026-09-15T22:04:00.2524262Z           Start 2128: benchmark_awfy_towers_noopt
2026-09-15T22:04:00.3025718Z 2057/2248 Test #2127: benchmark_awfy_mandelbrot_hoisted_control_opt ................   Passed    0.09 sec
2026-09-15T22:04:00.3030305Z           Start 2129: benchmark_awfy_towers_opt
2026-09-15T22:04:00.3488169Z 2058/2248 Test #2128: benchmark_awfy_towers_noopt ..................................   Passed    0.10 sec
2026-09-15T22:04:00.3492103Z           Start 2130: benchmark_awfy_bounce_noopt
2026-09-15T22:04:00.3781394Z 2059/2248 Test #2130: benchmark_awfy_bounce_noopt ..................................   Passed    0.03 sec
2026-09-15T22:04:00.3786625Z           Start 2131: benchmark_awfy_bounce_opt
2026-09-15T22:04:00.4415460Z 2060/2248 Test #2129: benchmark_awfy_towers_opt ....................................   Passed    0.14 sec
2026-09-15T22:04:00.4419848Z           Start 2132: benchmark_awfy_storage_noopt
2026-09-15T22:04:00.4696383Z 2061/2248 Test #2131: benchmark_awfy_bounce_opt ....................................   Passed    0.09 sec
2026-09-15T22:04:00.4700470Z           Start 2133: benchmark_awfy_storage_opt
2026-09-15T22:04:00.7794602Z 2062/2248 Test #2132: benchmark_awfy_storage_noopt .................................   Passed    0.34 sec
2026-09-15T22:04:00.7799847Z           Start 2134: benchmark_awfy_list_noopt
2026-09-15T22:04:00.8159270Z 2063/2248 Test #2134: benchmark_awfy_list_noopt ....................................   Passed    0.04 sec
2026-09-15T22:04:00.8163248Z           Start 2135: benchmark_awfy_list_opt
2026-09-15T22:04:00.8335581Z 2064/2248 Test #2133: benchmark_awfy_storage_opt ...................................   Passed    0.36 sec
2026-09-15T22:04:00.8339577Z           Start 2136: benchmark_awfy_richards_noopt
2026-09-15T22:04:00.9095513Z 2065/2248 Test #2135: benchmark_awfy_list_opt ......................................   Passed    0.09 sec
2026-09-15T22:04:00.9100312Z           Start 2137: benchmark_awfy_richards_opt
2026-09-15T22:04:00.9377878Z 2066/2248 Test #2136: benchmark_awfy_richards_noopt ................................   Passed    0.10 sec
2026-09-15T22:04:00.9381484Z           Start 2138: benchmark_awfy_queens_noopt
2026-09-15T22:04:00.9681261Z 2067/2248 Test #2138: benchmark_awfy_queens_noopt ..................................   Passed    0.03 sec
2026-09-15T22:04:00.9685435Z           Start 2139: benchmark_awfy_queens_opt
2026-09-15T22:04:01.0564861Z 2068/2248 Test #2137: benchmark_awfy_richards_opt ..................................   Passed    0.15 sec
2026-09-15T22:04:01.0569262Z           Start 2140: benchmark_awfy_deltablue_noopt
2026-09-15T22:04:01.0592865Z 2069/2248 Test #2139: benchmark_awfy_queens_opt ....................................   Passed    0.09 sec
2026-09-15T22:04:01.0596877Z           Start 2141: benchmark_awfy_deltablue_opt
2026-09-15T22:04:01.0910464Z 2070/2248 Test #2140: benchmark_awfy_deltablue_noopt ...............................   Passed    0.03 sec
2026-09-15T22:04:01.0914283Z           Start 2142: benchmark_awfy_cd_noopt
2026-09-15T22:04:01.1443944Z 2071/2248 Test #2142: benchmark_awfy_cd_noopt ......................................   Passed    0.05 sec
2026-09-15T22:04:01.1447707Z           Start 2143: benchmark_awfy_cd_opt
2026-09-15T22:04:01.1560245Z 2072/2248 Test #2141: benchmark_awfy_deltablue_opt .................................   Passed    0.09 sec
2026-09-15T22:04:01.1561480Z           Start 2144: benchmark_awfy_havlak_noopt
2026-09-15T22:04:01.2626348Z 2073/2248 Test #2143: benchmark_awfy_cd_opt ........................................   Passed    0.12 sec
2026-09-15T22:04:01.2632307Z           Start 2145: benchmark_awfy_havlak_opt
2026-09-15T22:04:09.8471558Z 2074/2248 Test #2144: benchmark_awfy_havlak_noopt ..................................   Passed    8.69 sec
2026-09-15T22:04:09.8477551Z           Start 2146: benchmark_awfy_json_noopt
2026-09-15T22:04:09.8850178Z 2075/2248 Test #2146: benchmark_awfy_json_noopt ....................................   Passed    0.04 sec
2026-09-15T22:04:09.8857104Z           Start 2147: benchmark_awfy_json_opt
2026-09-15T22:04:09.9965303Z 2076/2248 Test #2147: benchmark_awfy_json_opt ......................................   Passed    0.11 sec
2026-09-15T22:04:09.9971299Z           Start 2148: benchmark_json_parser_noopt
2026-09-15T22:04:10.0363331Z 2077/2248 Test #2148: benchmark_json_parser_noopt ..................................   Passed    0.04 sec
2026-09-15T22:04:10.0367652Z           Start 2149: benchmark_json_parser_opt
2026-09-15T22:04:10.1534336Z 2078/2248 Test #2149: benchmark_json_parser_opt ....................................   Passed    0.12 sec
2026-09-15T22:04:10.1538873Z           Start 2150: benchmark_json_parse_noopt
2026-09-15T22:04:10.1836657Z 2079/2248 Test #2150: benchmark_json_parse_noopt ...................................   Passed    0.03 sec
2026-09-15T22:04:10.1841030Z           Start 2151: benchmark_json_parse_opt
2026-09-15T22:04:10.2895831Z 2080/2248 Test #2151: benchmark_json_parse_opt .....................................   Passed    0.10 sec
2026-09-15T22:04:10.2902592Z           Start 2152: benchmark_json_query_noopt
2026-09-15T22:04:10.3203776Z 2081/2248 Test #2152: benchmark_json_query_noopt ...................................   Passed    0.03 sec
2026-09-15T22:04:10.3207891Z           Start 2153: benchmark_json_query_opt
2026-09-15T22:04:10.4321013Z 2082/2248 Test #2153: benchmark_json_query_opt .....................................   Passed    0.11 sec
2026-09-15T22:04:10.4325331Z           Start 2154: benchmark_base64_roundtrip_noopt
2026-09-15T22:04:10.4494739Z 2083/2248 Test #2145: benchmark_awfy_havlak_opt ....................................   Passed    9.19 sec
2026-09-15T22:04:10.4498683Z           Start 2155: benchmark_base64_roundtrip_opt
2026-09-15T22:04:10.4653894Z 2084/2248 Test #2154: benchmark_base64_roundtrip_noopt .............................   Passed    0.03 sec
2026-09-15T22:04:10.4657235Z           Start 2156: benchmark_base64_roundtrip_v2_noopt
2026-09-15T22:04:10.4978744Z 2085/2248 Test #2156: benchmark_base64_roundtrip_v2_noopt ..........................   Passed    0.03 sec
2026-09-15T22:04:10.4984465Z           Start 2157: benchmark_base64_roundtrip_v2_opt
2026-09-15T22:04:10.5485099Z 2086/2248 Test #2155: benchmark_base64_roundtrip_opt ...............................   Passed    0.10 sec
2026-09-15T22:04:10.5491766Z           Start 2158: benchmark_parse_frozen_noopt
2026-09-15T22:04:10.5835905Z 2087/2248 Test #2158: benchmark_parse_frozen_noopt .................................   Passed    0.03 sec
2026-09-15T22:04:10.5840490Z           Start 2159: benchmark_parse_frozen_opt
2026-09-15T22:04:10.6024520Z 2088/2248 Test #2157: benchmark_base64_roundtrip_v2_opt ............................   Passed    0.10 sec
2026-09-15T22:04:10.6028706Z           Start 2160: benchmark_parse_frozen_generic_noopt
2026-09-15T22:04:10.6323706Z 2089/2248 Test #2160: benchmark_parse_frozen_generic_noopt .........................   Passed    0.03 sec
2026-09-15T22:04:10.6328522Z           Start 2161: benchmark_parse_frozen_generic_opt
2026-09-15T22:04:10.6752730Z 2090/2248 Test #2159: benchmark_parse_frozen_opt ...................................   Passed    0.09 sec
2026-09-15T22:04:10.6756651Z           Start 2162: benchmark_rexxcps_levelb_noopt
2026-09-15T22:04:10.7218282Z 2091/2248 Test #2161: benchmark_parse_frozen_generic_opt ...........................   Passed    0.09 sec
2026-09-15T22:04:10.7222137Z           Start 2163: benchmark_rexxcps_levelb_opt
2026-09-15T22:04:11.9930635Z 2092/2248 Test #2163: benchmark_rexxcps_levelb_opt .................................   Passed    1.27 sec
2026-09-15T22:04:11.9934681Z           Start 2164: benchmark_awfy_nbody_noopt
2026-09-15T22:04:12.0237196Z 2093/2248 Test #2164: benchmark_awfy_nbody_noopt ...................................   Passed    0.03 sec
2026-09-15T22:04:12.0241688Z           Start 2165: benchmark_awfy_nbody_opt
2026-09-15T22:04:12.1217672Z 2094/2248 Test #2165: benchmark_awfy_nbody_opt .....................................   Passed    0.10 sec
2026-09-15T22:04:12.1222514Z           Start 2167: benchmark_rexxcps_levelb_opaque_noopt
2026-09-15T22:04:12.1551828Z 2095/2248 Test #2162: benchmark_rexxcps_levelb_noopt ...............................   Passed    1.48 sec
2026-09-15T22:04:12.1557173Z           Start 2168: benchmark_rexxcps_levelb_opaque_opt
2026-09-15T22:04:12.1586330Z 2096/2248 Test #2167: benchmark_rexxcps_levelb_opaque_noopt ........................   Passed    0.04 sec
2026-09-15T22:04:12.1591794Z           Start 2169: benchmark_runner_noopt
2026-09-15T22:04:12.2778621Z 2097/2248 Test #2168: benchmark_rexxcps_levelb_opaque_opt ..........................   Passed    0.12 sec
2026-09-15T22:04:12.2783462Z           Start 2170: benchmark_runner_opt
2026-09-15T22:04:13.3235953Z 2098/2248 Test #2169: benchmark_runner_noopt .......................................   Passed    1.16 sec
2026-09-15T22:04:13.3241426Z           Start 2317: reference_iterator_system_rxvm_noopt
2026-09-15T22:04:13.3348039Z 2099/2248 Test #2317: reference_iterator_system_rxvm_noopt .........................   Passed    0.01 sec
2026-09-15T22:04:13.3351686Z           Start 2318: reference_iterator_system_rxvm_opt
2026-09-15T22:04:13.4117646Z 2100/2248 Test #2318: reference_iterator_system_rxvm_opt ...........................   Passed    0.08 sec
2026-09-15T22:04:13.4122922Z           Start 2321: reference_generated_contract_rxvm_noopt
2026-09-15T22:04:13.4229133Z 2101/2248 Test #2321: reference_generated_contract_rxvm_noopt ......................   Passed    0.01 sec
2026-09-15T22:04:13.4232899Z           Start 2322: reference_generated_contract_rxvm_opt
2026-09-15T22:04:13.5024049Z 2102/2248 Test #2322: reference_generated_contract_rxvm_opt ........................   Passed    0.08 sec
2026-09-15T22:04:13.5028239Z           Start 2324: rxpa_native_return_class_import
2026-09-15T22:04:13.6115251Z 2103/2248 Test #2170: benchmark_runner_opt .........................................   Passed    1.33 sec
2026-09-15T22:04:13.6119898Z           Start 2325: cri17_attached_provider_noopt
2026-09-15T22:04:13.8083660Z 2104/2248 Test #2325: cri17_attached_provider_noopt ................................   Passed    0.20 sec
2026-09-15T22:04:13.8089655Z           Start 2326: cri17_attached_provider_opt
2026-09-15T22:04:14.1859808Z 2105/2248 Test #2324: rxpa_native_return_class_import ..............................   Passed    0.68 sec
2026-09-15T22:04:14.1864969Z           Start 2327: cri17_attached_provider_control-rxvml
2026-09-15T22:04:14.3367254Z 2106/2248 Test #2326: cri17_attached_provider_opt ..................................   Passed    0.53 sec
2026-09-15T22:04:14.3372080Z           Start 2328: cri17_attached_provider_control-rxbvml
2026-09-15T22:04:14.3845947Z 2107/2248 Test #2327: cri17_attached_provider_control-rxvml ........................   Passed    0.20 sec
2026-09-15T22:04:14.3850914Z           Start 2329: rcc_provider_autoload_noopt
2026-09-15T22:04:14.3953160Z 2108/2248 Test #2329: rcc_provider_autoload_noopt ..................................   Passed    0.01 sec
2026-09-15T22:04:14.3957833Z           Start 2330: rcc_provider_autoload_opt
2026-09-15T22:04:14.4429853Z 2109/2248 Test #2330: rcc_provider_autoload_opt ....................................   Passed    0.05 sec
2026-09-15T22:04:14.4434506Z           Start 2331: rcc_provider_wrong_identity_rejected
2026-09-15T22:04:14.4949927Z 2110/2248 Test #2331: rcc_provider_wrong_identity_rejected .........................   Passed    0.05 sec
2026-09-15T22:04:14.4954744Z           Start 2333: rcc_provider_unused_import_elided
2026-09-15T22:04:14.5452671Z 2111/2248 Test #2328: cri17_attached_provider_control-rxbvml .......................   Passed    0.21 sec
2026-09-15T22:04:14.5457036Z           Start 2334: rxpa_process_reentrant_manifest
2026-09-15T22:04:14.5590432Z 2112/2248 Test #2334: rxpa_process_reentrant_manifest ..............................   Passed    0.01 sec
2026-09-15T22:04:14.5593405Z           Start 2335: rxpa_invalid_manifest_is_legacy
2026-09-15T22:04:14.5707612Z 2113/2248 Test #2335: rxpa_invalid_manifest_is_legacy ..............................   Passed    0.01 sec
2026-09-15T22:04:14.5710484Z           Start 2336: rxpa_dynamic_context_ownership
2026-09-15T22:04:14.5838977Z 2114/2248 Test #2336: rxpa_dynamic_context_ownership ...............................   Passed    0.01 sec
2026-09-15T22:04:14.5842578Z           Start 2337: rxpa_objects_dynamic_rxbvm_noopt
2026-09-15T22:04:14.6978777Z 2115/2248 Test #2337: rxpa_objects_dynamic_rxbvm_noopt .............................   Passed    0.11 sec
2026-09-15T22:04:14.6982572Z           Start 2338: rxpa_objects_static_rxbvm_noopt
2026-09-15T22:04:14.8116370Z 2116/2248 Test #2338: rxpa_objects_static_rxbvm_noopt ..............................   Passed    0.11 sec
2026-09-15T22:04:14.8121107Z           Start 2339: rxpa_objects_dynamic_rxtvm_noopt
2026-09-15T22:04:14.9255489Z 2117/2248 Test #2339: rxpa_objects_dynamic_rxtvm_noopt .............................   Passed    0.11 sec
2026-09-15T22:04:14.9260221Z           Start 2340: rxpa_objects_static_rxtvm_noopt
2026-09-15T22:04:15.0497945Z 2118/2248 Test #2340: rxpa_objects_static_rxtvm_noopt ..............................   Passed    0.12 sec
2026-09-15T22:04:15.0502981Z           Start 2341: rxpa_objects_dynamic_rxbvm_opt
2026-09-15T22:04:15.1244914Z 2119/2248 Test #2333: rcc_provider_unused_import_elided ............................   Passed    0.63 sec
2026-09-15T22:04:15.1249508Z           Start 2342: rxpa_objects_static_rxbvm_opt
2026-09-15T22:04:15.1660561Z 2120/2248 Test #2341: rxpa_objects_dynamic_rxbvm_opt ...............................   Passed    0.12 sec
2026-09-15T22:04:15.1664698Z           Start 2343: rxpa_objects_dynamic_rxtvm_opt
2026-09-15T22:04:15.2378182Z 2121/2248 Test #2342: rxpa_objects_static_rxbvm_opt ................................   Passed    0.11 sec
2026-09-15T22:04:15.2384281Z           Start 2344: rxpa_objects_static_rxtvm_opt
2026-09-15T22:04:15.2789900Z 2122/2248 Test #2343: rxpa_objects_dynamic_rxtvm_opt ...............................   Passed    0.11 sec
2026-09-15T22:04:15.2794315Z           Start 2345: rxpa_objects_class_only_dynamic_rxbvm_noopt
2026-09-15T22:04:15.3485209Z 2123/2248 Test #2344: rxpa_objects_static_rxtvm_opt ................................   Passed    0.11 sec
2026-09-15T22:04:15.3489547Z           Start 2346: rxpa_objects_class_only_static_rxbvm_noopt
2026-09-15T22:04:15.3905067Z 2124/2248 Test #2345: rxpa_objects_class_only_dynamic_rxbvm_noopt ..................   Passed    0.11 sec
2026-09-15T22:04:15.3909719Z           Start 2347: rxpa_objects_class_only_dynamic_rxtvm_noopt
2026-09-15T22:04:15.4610301Z 2125/2248 Test #2346: rxpa_objects_class_only_static_rxbvm_noopt ...................   Passed    0.11 sec
2026-09-15T22:04:15.4613973Z           Start 2348: rxpa_objects_class_only_static_rxtvm_noopt
2026-09-15T22:04:15.5087779Z 2126/2248 Test #2347: rxpa_objects_class_only_dynamic_rxtvm_noopt ..................   Passed    0.12 sec
2026-09-15T22:04:15.5092565Z           Start 2349: rxpa_objects_class_only_dynamic_rxbvm_opt
2026-09-15T22:04:15.5757356Z 2127/2248 Test #2348: rxpa_objects_class_only_static_rxtvm_noopt ...................   Passed    0.11 sec
2026-09-15T22:04:15.5762008Z           Start 2350: rxpa_objects_class_only_static_rxbvm_opt
2026-09-15T22:04:15.6218256Z 2128/2248 Test #2349: rxpa_objects_class_only_dynamic_rxbvm_opt ....................   Passed    0.11 sec
2026-09-15T22:04:15.6223649Z           Start 2351: rxpa_objects_class_only_dynamic_rxtvm_opt
2026-09-15T22:04:15.6906782Z 2129/2248 Test #2350: rxpa_objects_class_only_static_rxbvm_opt .....................   Passed    0.11 sec
2026-09-15T22:04:15.6911095Z           Start 2352: rxpa_objects_class_only_static_rxtvm_opt
2026-09-15T22:04:15.7372096Z 2130/2248 Test #2351: rxpa_objects_class_only_dynamic_rxtvm_opt ....................   Passed    0.11 sec
2026-09-15T22:04:15.7377383Z           Start 2369: rxpa_callmethod_run_noopt
2026-09-15T22:04:15.7664426Z 2131/2248 Test #2369: rxpa_callmethod_run_noopt ....................................   Passed    0.03 sec
2026-09-15T22:04:15.7667947Z           Start 2370: rxpa_callmethod_run_opt
2026-09-15T22:04:15.8071765Z 2132/2248 Test #2352: rxpa_objects_class_only_static_rxtvm_opt .....................   Passed    0.12 sec
2026-09-15T22:04:15.8076879Z           Start 2371: rxpa_dynlink_run_noopt
2026-09-15T22:04:15.8374621Z 2133/2248 Test #2371: rxpa_dynlink_run_noopt .......................................   Passed    0.03 sec
2026-09-15T22:04:15.8378376Z           Start 2372: rxpa_dynlink_run_opt
2026-09-15T22:04:15.8588051Z 2134/2248 Test #2370: rxpa_callmethod_run_opt ......................................   Passed    0.09 sec
2026-09-15T22:04:15.8592371Z           Start 2373: rxpa_staticlink_run_noopt
2026-09-15T22:04:15.8887908Z 2135/2248 Test #2373: rxpa_staticlink_run_noopt ....................................   Passed    0.03 sec
2026-09-15T22:04:15.8892367Z           Start 2374: rxpa_staticlink_run_opt
2026-09-15T22:04:15.9244988Z 2136/2248 Test #2372: rxpa_dynlink_run_opt .........................................   Passed    0.09 sec
2026-09-15T22:04:15.9249158Z           Start 2376: rxpa_dynlink_compile_noopt
2026-09-15T22:04:15.9774765Z 2137/2248 Test #2374: rxpa_staticlink_run_opt ......................................   Passed    0.09 sec
2026-09-15T22:04:15.9778958Z           Start 2377: rxpa_staticlink_compile_noopt
2026-09-15T22:04:18.5018938Z 2138/2248 Test #2376: rxpa_dynlink_compile_noopt ...................................   Passed    2.58 sec
2026-09-15T22:04:18.5024005Z           Start 2378: rxpa_classdecl_dynamic_compile_noopt
2026-09-15T22:04:18.5459024Z 2139/2248 Test #2377: rxpa_staticlink_compile_noopt ................................   Passed    2.57 sec
2026-09-15T22:04:18.5463275Z           Start 2379: rxpa_classdecl_static_compile_noopt
2026-09-15T22:04:21.1052554Z 2140/2248 Test #2378: rxpa_classdecl_dynamic_compile_noopt .........................   Passed    2.60 sec
2026-09-15T22:04:21.1057788Z           Start 2380: rxpa_dynlink_compile_opt
2026-09-15T22:04:21.1376983Z 2141/2248 Test #2379: rxpa_classdecl_static_compile_noopt ..........................   Passed    2.59 sec
2026-09-15T22:04:21.1380750Z           Start 2381: rxpa_staticlink_compile_opt
2026-09-15T22:04:23.5470060Z 2142/2248 Test #2380: rxpa_dynlink_compile_opt .....................................   Passed    2.44 sec
2026-09-15T22:04:23.5474828Z           Start 2382: rxpa_classdecl_dynamic_compile_opt
2026-09-15T22:04:23.5845060Z 2143/2248 Test #2381: rxpa_staticlink_compile_opt ..................................   Passed    2.45 sec
2026-09-15T22:04:23.5850486Z           Start 2383: rxpa_classdecl_static_compile_opt
2026-09-15T22:04:26.0787510Z 2144/2248 Test #2382: rxpa_classdecl_dynamic_compile_opt ...........................   Passed    2.53 sec
2026-09-15T22:04:26.0792630Z           Start 2384: rxpa_callmethod_static_run_noopt
2026-09-15T22:04:26.1095377Z 2145/2248 Test #2383: rxpa_classdecl_static_compile_opt ............................   Passed    2.52 sec
2026-09-15T22:04:26.1099564Z           Start 2385: rxpa_callmethod_static_run_opt
2026-09-15T22:04:26.1123392Z 2146/2248 Test #2384: rxpa_callmethod_static_run_noopt .............................   Passed    0.03 sec
2026-09-15T22:04:26.1127700Z           Start 2386: rxpa_signal_funcs_dynamic_noopt
2026-09-15T22:04:26.2002373Z 2147/2248 Test #2385: rxpa_callmethod_static_run_opt ...............................   Passed    0.09 sec
2026-09-15T22:04:26.2006490Z           Start 2387: rxpa_signal_funcs_dynamic_opt
2026-09-15T22:04:26.2028950Z 2148/2248 Test #2386: rxpa_signal_funcs_dynamic_noopt ..............................   Passed    0.09 sec
2026-09-15T22:04:26.2034626Z           Start 2388: rxpa_signal_funcs_static_noopt
2026-09-15T22:04:26.2923263Z 2149/2248 Test #2388: rxpa_signal_funcs_static_noopt ...............................   Passed    0.09 sec
2026-09-15T22:04:26.2926929Z           Start 2389: rxpa_signal_funcs_static_opt
2026-09-15T22:04:26.2949625Z 2150/2248 Test #2387: rxpa_signal_funcs_dynamic_opt ................................   Passed    0.09 sec
2026-09-15T22:04:26.2954519Z           Start 2390: rxpa_string_funcs_dynamic_noopt
2026-09-15T22:04:26.3251522Z 2151/2248 Test #2390: rxpa_string_funcs_dynamic_noopt ..............................   Passed    0.03 sec
2026-09-15T22:04:26.3256103Z           Start 2391: rxpa_string_funcs_dynamic_opt
2026-09-15T22:04:26.3813473Z 2152/2248 Test #2389: rxpa_signal_funcs_static_opt .................................   Passed    0.09 sec
2026-09-15T22:04:26.3817613Z           Start 2392: rxpa_string_funcs_static_noopt
2026-09-15T22:04:26.4111308Z 2153/2248 Test #2392: rxpa_string_funcs_static_noopt ...............................   Passed    0.03 sec
2026-09-15T22:04:26.4115279Z           Start 2393: rxpa_string_funcs_static_opt
2026-09-15T22:04:26.4171104Z 2154/2248 Test #2391: rxpa_string_funcs_dynamic_opt ................................   Passed    0.09 sec
2026-09-15T22:04:26.4175340Z           Start 2394: rxpa_int_funcs_dynamic_noopt
2026-09-15T22:04:26.4469118Z 2155/2248 Test #2394: rxpa_int_funcs_dynamic_noopt .................................   Passed    0.03 sec
2026-09-15T22:04:26.4472571Z           Start 2395: rxpa_int_funcs_dynamic_opt
2026-09-15T22:04:26.5045408Z 2156/2248 Test #2393: rxpa_string_funcs_static_opt .................................   Passed    0.09 sec
2026-09-15T22:04:26.5050117Z           Start 2396: rxpa_int_funcs_static_noopt
2026-09-15T22:04:26.5346083Z 2157/2248 Test #2396: rxpa_int_funcs_static_noopt ..................................   Passed    0.03 sec
2026-09-15T22:04:26.5350444Z           Start 2397: rxpa_int_funcs_static_opt
2026-09-15T22:04:26.5423203Z 2158/2248 Test #2395: rxpa_int_funcs_dynamic_opt ...................................   Passed    0.09 sec
2026-09-15T22:04:26.5429361Z           Start 2398: rxpa_float_funcs_dynamic_noopt
2026-09-15T22:04:26.5729926Z 2159/2248 Test #2398: rxpa_float_funcs_dynamic_noopt ...............................   Passed    0.03 sec
2026-09-15T22:04:26.5735089Z           Start 2399: rxpa_float_funcs_dynamic_opt
2026-09-15T22:04:26.6254536Z 2160/2248 Test #2397: rxpa_int_funcs_static_opt ....................................   Passed    0.09 sec
2026-09-15T22:04:26.6257860Z           Start 2400: rxpa_float_funcs_static_noopt
2026-09-15T22:04:26.6565647Z 2161/2248 Test #2400: rxpa_float_funcs_static_noopt ................................   Passed    0.03 sec
2026-09-15T22:04:26.6569396Z           Start 2401: rxpa_float_funcs_static_opt
2026-09-15T22:04:26.6682553Z 2162/2248 Test #2399: rxpa_float_funcs_dynamic_opt .................................   Passed    0.09 sec
2026-09-15T22:04:26.6685671Z           Start 2402: rxpa_array_push_funcs_dynamic_noopt
2026-09-15T22:04:26.6951745Z 2163/2248 Test #2402: rxpa_array_push_funcs_dynamic_noopt ..........................   Passed    0.03 sec
2026-09-15T22:04:26.6956036Z           Start 2403: rxpa_array_push_funcs_dynamic_opt
2026-09-15T22:04:26.7431759Z 2164/2248 Test #2401: rxpa_float_funcs_static_opt ..................................   Passed    0.09 sec
2026-09-15T22:04:26.7436201Z           Start 2404: rxpa_array_push_funcs_static_noopt
2026-09-15T22:04:26.7728317Z 2165/2248 Test #2404: rxpa_array_push_funcs_static_noopt ...........................   Passed    0.03 sec
2026-09-15T22:04:26.7733276Z           Start 2405: rxpa_array_push_funcs_static_opt
2026-09-15T22:04:26.7859498Z 2166/2248 Test #2403: rxpa_array_push_funcs_dynamic_opt ............................   Passed    0.09 sec
2026-09-15T22:04:26.7863757Z           Start 2406: rxpa_native_payload_funcs_dynamic_noopt
2026-09-15T22:04:26.8156137Z 2167/2248 Test #2406: rxpa_native_payload_funcs_dynamic_noopt ......................   Passed    0.03 sec
2026-09-15T22:04:26.8160846Z           Start 2407: rxpa_native_payload_funcs_dynamic_opt
2026-09-15T22:04:26.8620353Z 2168/2248 Test #2405: rxpa_array_push_funcs_static_opt .............................   Passed    0.09 sec
2026-09-15T22:04:26.8625474Z           Start 2408: rxpa_native_payload_funcs_static_noopt
2026-09-15T22:04:26.8913222Z 2169/2248 Test #2408: rxpa_native_payload_funcs_static_noopt .......................   Passed    0.03 sec
2026-09-15T22:04:26.8917487Z           Start 2409: rxpa_native_payload_funcs_static_opt
2026-09-15T22:04:26.9067364Z 2170/2248 Test #2407: rxpa_native_payload_funcs_dynamic_opt ........................   Passed    0.09 sec
2026-09-15T22:04:26.9071305Z           Start 2410: rxpa_native_unwind_funcs_dynamic_noopt
2026-09-15T22:04:26.9351886Z 2171/2248 Test #2410: rxpa_native_unwind_funcs_dynamic_noopt .......................   Passed    0.03 sec
2026-09-15T22:04:26.9355767Z           Start 2411: rxpa_native_unwind_funcs_dynamic_opt
2026-09-15T22:04:26.9800004Z 2172/2248 Test #2409: rxpa_native_payload_funcs_static_opt .........................   Passed    0.09 sec
2026-09-15T22:04:26.9804637Z           Start 2412: rxpa_native_unwind_funcs_static_noopt
2026-09-15T22:04:27.0113474Z 2173/2248 Test #2412: rxpa_native_unwind_funcs_static_noopt ........................   Passed    0.03 sec
2026-09-15T22:04:27.0118019Z           Start 2413: rxpa_native_unwind_funcs_static_opt
2026-09-15T22:04:27.0336927Z 2174/2248 Test #2411: rxpa_native_unwind_funcs_dynamic_opt .........................   Passed    0.10 sec
2026-09-15T22:04:27.0341694Z           Start 2414: rxpa_mult_test_noopt
2026-09-15T22:04:27.0642106Z 2175/2248 Test #2414: rxpa_mult_test_noopt .........................................   Passed    0.03 sec
2026-09-15T22:04:27.0646567Z           Start 2415: rxpa_mult_test_opt
2026-09-15T22:04:27.1029691Z 2176/2248 Test #2413: rxpa_native_unwind_funcs_static_opt ..........................   Passed    0.09 sec
2026-09-15T22:04:27.1034505Z           Start 2416: rxbin_autoload_contract
2026-09-15T22:04:27.1585719Z 2177/2248 Test #2415: rxpa_mult_test_opt ...........................................   Passed    0.09 sec
2026-09-15T22:04:27.1590621Z           Start 2417: crexx_help_smoke
2026-09-15T22:04:27.2550602Z 2178/2248 Test #2417: crexx_help_smoke .............................................   Passed    0.10 sec
2026-09-15T22:04:27.2555833Z           Start 2418: crexx_headerless_simple_smoke
2026-09-15T22:04:27.3043621Z 2179/2248 Test #2416: rxbin_autoload_contract ......................................   Passed    0.20 sec
2026-09-15T22:04:28.7579695Z 2180/2248 Test #2418: crexx_headerless_simple_smoke ................................   Passed    1.50 sec
2026-09-15T22:04:28.7583896Z           Start 1253: persistent_worker_executor-rxvml-e6-worker-topology-w8
2026-09-15T22:04:28.8610372Z 2181/2248 Test #1253: persistent_worker_executor-rxvml-e6-worker-topology-w8 .......   Passed    0.10 sec
2026-09-15T22:04:28.8614247Z           Start 1272: persistent_worker_executor-rxbvml-e6-worker-topology-w8
2026-09-15T22:04:28.9643515Z 2182/2248 Test #1272: persistent_worker_executor-rxbvml-e6-worker-topology-w8 ......   Passed    0.10 sec
2026-09-15T22:04:28.9647363Z           Start 1291: persistent_worker_executor-rxtvml-e6-worker-topology-w8
2026-09-15T22:04:29.0672751Z 2183/2248 Test #1291: persistent_worker_executor-rxtvml-e6-worker-topology-w8 ......   Passed    0.10 sec
2026-09-15T22:04:29.0677063Z           Start 1332: ts_address_noopt
2026-09-15T22:04:29.1581292Z 2184/2248 Test #1332: ts_address_noopt .............................................   Passed    0.09 sec
2026-09-15T22:04:29.1584417Z           Start 1333: ts_address_opt
2026-09-15T22:04:29.3549478Z 2185/2248 Test #1333: ts_address_opt ...............................................   Passed    0.20 sec
2026-09-15T22:04:29.3553084Z           Start 1372: ts_fileio_chars_noopt
2026-09-15T22:04:29.3852671Z 2186/2248 Test #1372: ts_fileio_chars_noopt ........................................   Passed    0.03 sec
2026-09-15T22:04:29.3855553Z           Start 1373: ts_fileio_chars_opt
2026-09-15T22:04:29.4685367Z 2187/2248 Test #1373: ts_fileio_chars_opt ..........................................   Passed    0.08 sec
2026-09-15T22:04:29.4689124Z           Start 1834: ts_http_server_rxbvm_noopt
2026-09-15T22:04:31.4675059Z 2188/2248 Test #1834: ts_http_server_rxbvm_noopt ...................................   Passed    2.00 sec
2026-09-15T22:04:31.4679222Z           Start 1835: ts_http_server_rxbvm_opt
2026-09-15T22:04:33.7985060Z 2189/2248 Test #1835: ts_http_server_rxbvm_opt .....................................   Passed    2.33 sec
2026-09-15T22:04:33.7989783Z           Start 1836: ts_http_server_rxtvm_noopt
2026-09-15T22:04:35.8923154Z 2190/2248 Test #1836: ts_http_server_rxtvm_noopt ...................................   Passed    2.09 sec
2026-09-15T22:04:35.8927501Z           Start 1837: ts_http_server_rxtvm_opt
2026-09-15T22:04:38.2591499Z 2191/2248 Test #1837: ts_http_server_rxtvm_opt .....................................   Passed    2.37 sec
2026-09-15T22:04:38.2596013Z           Start 1838: ts_http_server_failures_rxbvm_noopt
2026-09-15T22:04:40.4831843Z 2192/2248 Test #1838: ts_http_server_failures_rxbvm_noopt ..........................   Passed    2.22 sec
2026-09-15T22:04:40.4835138Z           Start 1839: ts_http_server_failures_rxbvm_opt
2026-09-15T22:04:42.6047264Z 2193/2248 Test #1839: ts_http_server_failures_rxbvm_opt ............................   Passed    2.12 sec
2026-09-15T22:04:42.6051342Z           Start 1840: ts_http_server_failures_rxtvm_noopt
2026-09-15T22:04:44.8869601Z 2194/2248 Test #1840: ts_http_server_failures_rxtvm_noopt ..........................   Passed    2.28 sec
2026-09-15T22:04:44.8873856Z           Start 1841: ts_http_server_failures_rxtvm_opt
2026-09-15T22:04:46.9516072Z 2195/2248 Test #1841: ts_http_server_failures_rxtvm_opt ............................   Passed    2.06 sec
2026-09-15T22:04:46.9520338Z           Start 2116: QUIT
2026-09-15T22:04:47.0669176Z 2196/2248 Test #2116: QUIT .........................................................   Passed    0.11 sec
2026-09-15T22:04:47.0673768Z           Start 2117: TERM
2026-09-15T22:04:47.1670759Z 2197/2248 Test #2117: TERM .........................................................   Passed    0.10 sec
2026-09-15T22:04:47.1675613Z           Start 2353: rxpa_objects_workers_dynamic_rxbvm_noopt
2026-09-15T22:04:47.3925292Z 2198/2248 Test #2353: rxpa_objects_workers_dynamic_rxbvm_noopt .....................   Passed    0.22 sec
2026-09-15T22:04:47.3930254Z           Start 2354: rxpa_objects_workers_static_rxbvm_noopt
2026-09-15T22:04:47.6070027Z 2199/2248 Test #2354: rxpa_objects_workers_static_rxbvm_noopt ......................   Passed    0.21 sec
2026-09-15T22:04:47.6074221Z           Start 2355: rxpa_objects_workers_dynamic_rxtvm_noopt
2026-09-15T22:04:47.8246418Z 2200/2248 Test #2355: rxpa_objects_workers_dynamic_rxtvm_noopt .....................   Passed    0.22 sec
2026-09-15T22:04:47.8250217Z           Start 2356: rxpa_objects_workers_static_rxtvm_noopt
2026-09-15T22:04:48.0488404Z 2201/2248 Test #2356: rxpa_objects_workers_static_rxtvm_noopt ......................   Passed    0.22 sec
2026-09-15T22:04:48.0492440Z           Start 2357: rxpa_objects_workers_dynamic_rxbvm_opt
2026-09-15T22:04:48.2655958Z 2202/2248 Test #2357: rxpa_objects_workers_dynamic_rxbvm_opt .......................   Passed    0.22 sec
2026-09-15T22:04:48.2660018Z           Start 2358: rxpa_objects_workers_static_rxbvm_opt
2026-09-15T22:04:48.4857727Z 2203/2248 Test #2358: rxpa_objects_workers_static_rxbvm_opt ........................   Passed    0.22 sec
2026-09-15T22:04:48.4861857Z           Start 2359: rxpa_objects_workers_dynamic_rxtvm_opt
2026-09-15T22:04:48.7001846Z 2204/2248 Test #2359: rxpa_objects_workers_dynamic_rxtvm_opt .......................   Passed    0.21 sec
2026-09-15T22:04:48.7005846Z           Start 2360: rxpa_objects_workers_static_rxtvm_opt
2026-09-15T22:04:48.9151020Z 2205/2248 Test #2360: rxpa_objects_workers_static_rxtvm_opt ........................   Passed    0.21 sec
2026-09-15T22:04:48.9156065Z           Start 2361: rxpa_objects_text_worker_dynamic_rxbvm_noopt
2026-09-15T22:04:49.1341006Z 2206/2248 Test #2361: rxpa_objects_text_worker_dynamic_rxbvm_noopt .................   Passed    0.22 sec
2026-09-15T22:04:49.1345059Z           Start 2362: rxpa_objects_text_worker_static_rxbvm_noopt
2026-09-15T22:04:49.3507194Z 2207/2248 Test #2362: rxpa_objects_text_worker_static_rxbvm_noopt ..................   Passed    0.22 sec
2026-09-15T22:04:49.3511354Z           Start 2363: rxpa_objects_text_worker_dynamic_rxtvm_noopt
2026-09-15T22:04:49.5688088Z 2208/2248 Test #2363: rxpa_objects_text_worker_dynamic_rxtvm_noopt .................   Passed    0.22 sec
2026-09-15T22:04:49.5692682Z           Start 2364: rxpa_objects_text_worker_static_rxtvm_noopt
2026-09-15T22:04:49.7842844Z 2209/2248 Test #2364: rxpa_objects_text_worker_static_rxtvm_noopt ..................   Passed    0.21 sec
2026-09-15T22:04:49.7847314Z           Start 2365: rxpa_objects_text_worker_dynamic_rxbvm_opt
2026-09-15T22:04:49.9981443Z 2210/2248 Test #2365: rxpa_objects_text_worker_dynamic_rxbvm_opt ...................   Passed    0.21 sec
2026-09-15T22:04:49.9985379Z           Start 2366: rxpa_objects_text_worker_static_rxbvm_opt
2026-09-15T22:04:50.2202404Z 2211/2248 Test #2366: rxpa_objects_text_worker_static_rxbvm_opt ....................   Passed    0.22 sec
2026-09-15T22:04:50.2207299Z           Start 2367: rxpa_objects_text_worker_dynamic_rxtvm_opt
2026-09-15T22:04:50.4352351Z 2212/2248 Test #2367: rxpa_objects_text_worker_dynamic_rxtvm_opt ...................   Passed    0.21 sec
2026-09-15T22:04:50.4356651Z           Start 2368: rxpa_objects_text_worker_static_rxtvm_opt
2026-09-15T22:04:50.6492803Z 2213/2248 Test #2368: rxpa_objects_text_worker_static_rxtvm_opt ....................   Passed    0.21 sec
2026-09-15T22:04:50.6497195Z           Start 2375: rxpa_signature_diagnostics
2026-09-15T22:05:19.8449166Z 2214/2248 Test #2375: rxpa_signature_diagnostics ...................................   Passed   29.19 sec
2026-09-15T22:05:19.8454142Z           Start 2419: crexx_headerless_rexx_levelc_smoke
2026-09-15T22:05:21.4140393Z 2215/2248 Test #2419: crexx_headerless_rexx_levelc_smoke ...........................   Passed    1.57 sec
2026-09-15T22:05:21.4146092Z           Start 2420: crexx_explicit_header_smoke
2026-09-15T22:05:22.2201794Z 2216/2248 Test #2420: crexx_explicit_header_smoke ..................................   Passed    0.80 sec
2026-09-15T22:05:22.2207276Z           Start 2421: crexx_rxunicode_default_runtime
2026-09-15T22:05:23.3660949Z 2217/2248 Test #2421: crexx_rxunicode_default_runtime ..............................   Passed    1.14 sec
2026-09-15T22:05:23.3665329Z           Start 2422: crexx_args_smoke
2026-09-15T22:05:24.1632729Z 2218/2248 Test #2422: crexx_args_smoke .............................................   Passed    0.80 sec
2026-09-15T22:05:24.1636947Z           Start 2423: crexx_rexxscript_smoke
2026-09-15T22:05:24.9543458Z 2219/2248 Test #2423: crexx_rexxscript_smoke .......................................   Passed    0.79 sec
2026-09-15T22:05:24.9547600Z           Start 2424: crexx_levelc_classic_runtime_smoke
2026-09-15T22:05:26.6363897Z 2220/2248 Test #2424: crexx_levelc_classic_runtime_smoke ...........................   Passed    1.68 sec
2026-09-15T22:05:26.6368548Z           Start 2425: crexx_status_diagnostics
2026-09-15T22:05:28.3200346Z 2221/2248 Test #2425: crexx_status_diagnostics .....................................   Passed    1.68 sec
2026-09-15T22:05:28.3205767Z           Start 2426: crexx_spaced_source_smoke
2026-09-15T22:05:30.8138309Z 2222/2248 Test #2426: crexx_spaced_source_smoke ....................................   Passed    2.49 sec
2026-09-15T22:05:30.8142767Z           Start 2427: crexx_crxc_noargs_smoke
2026-09-15T22:05:31.7197167Z 2223/2248 Test #2427: crexx_crxc_noargs_smoke ......................................   Passed    0.90 sec
2026-09-15T22:05:31.7202100Z           Start 2428: crexx_license_summary_smoke
2026-09-15T22:05:31.8784739Z 2224/2248 Test #2428: crexx_license_summary_smoke ..................................   Passed    0.16 sec
2026-09-15T22:05:31.8789697Z           Start 2429: crexx_tool_output_path_policy
2026-09-15T22:05:33.5475027Z 2225/2248 Test #2429: crexx_tool_output_path_policy ................................   Passed    1.67 sec
2026-09-15T22:05:33.5478872Z           Start 2430: crexx_diagnostic_plumbing
2026-09-15T22:05:34.2172611Z 2226/2248 Test #2430: crexx_diagnostic_plumbing ....................................   Passed    0.67 sec
2026-09-15T22:05:34.2176446Z           Start 2431: crexx_driver_compile_progress
2026-09-15T22:05:36.6653941Z 2227/2248 Test #2431: crexx_driver_compile_progress ................................   Passed    2.45 sec
2026-09-15T22:05:36.6657867Z           Start 2432: crexx_project_build_contract
2026-09-15T22:06:10.9292166Z 2228/2248 Test #2432: crexx_project_build_contract .................................   Passed   34.26 sec
2026-09-15T22:06:10.9296137Z           Start 2433: crexx_rxpp_builddir
2026-09-15T22:06:11.7612165Z 2229/2248 Test #2433: crexx_rxpp_builddir ..........................................   Passed    0.83 sec
2026-09-15T22:06:11.7615842Z           Start 2434: crexx_rxpp_metadata_link
2026-09-15T22:06:15.1273527Z 2230/2248 Test #2434: crexx_rxpp_metadata_link .....................................   Passed    3.37 sec
2026-09-15T22:06:15.1277717Z           Start 2435: crexx_rxpp_metadata_link_invalid_source
2026-09-15T22:06:15.9143619Z 2231/2248 Test #2435: crexx_rxpp_metadata_link_invalid_source ......................   Passed    0.79 sec
2026-09-15T22:06:15.9147150Z           Start 2436: crexx_rxpp_metadata_external_bare
2026-09-15T22:06:17.3543461Z 2232/2248 Test #2436: crexx_rxpp_metadata_external_bare ............................   Passed    1.44 sec
2026-09-15T22:06:17.3547213Z           Start 2437: crexx_rxpp_metadata_external_spaces
2026-09-15T22:06:18.7630283Z 2233/2248 Test #2437: crexx_rxpp_metadata_external_spaces ..........................   Passed    1.41 sec
2026-09-15T22:06:18.7635073Z           Start 2438: crexx_rxpp_metadata_external_names
2026-09-15T22:06:19.4189783Z 2234/2248 Test #2438: crexx_rxpp_metadata_external_names ...........................   Passed    0.66 sec
2026-09-15T22:06:19.4193265Z           Start 2439: crexx_rxpp_metadata_external_missing
2026-09-15T22:06:20.1338698Z 2235/2248 Test #2439: crexx_rxpp_metadata_external_missing .........................   Passed    0.71 sec
2026-09-15T22:06:20.1342246Z           Start 2440: crexx_rxpp_metadata_norun
2026-09-15T22:06:23.3950635Z 2236/2248 Test #2440: crexx_rxpp_metadata_norun ....................................   Passed    3.26 sec
2026-09-15T22:06:23.3954792Z           Start 2441: crexx_source_root_compile_only
2026-09-15T22:06:24.1136628Z 2237/2248 Test #2441: crexx_source_root_compile_only ...............................   Passed    0.72 sec
2026-09-15T22:06:24.1140873Z           Start 2442: crexx_rxas_import_compile_only
2026-09-15T22:06:24.7939372Z 2238/2248 Test #2442: crexx_rxas_import_compile_only ...............................   Passed    0.68 sec
2026-09-15T22:06:24.7943457Z           Start 2443: crexx_nocompile_exec_smoke
2026-09-15T22:06:25.6682576Z 2239/2248 Test #2443: crexx_nocompile_exec_smoke ...................................   Passed    0.87 sec
2026-09-15T22:06:25.6686900Z           Start 2444: crexx_native_nocompile_smoke
2026-09-15T22:06:26.6399885Z 2240/2248 Test #2444: crexx_native_nocompile_smoke .................................   Passed    0.97 sec
2026-09-15T22:06:26.6403759Z           Start 2445: crexx_native_explicit_header_smoke
2026-09-15T22:06:27.5395372Z 2241/2248 Test #2445: crexx_native_explicit_header_smoke ...........................   Passed    0.90 sec
2026-09-15T22:06:27.5400242Z           Start 2446: crexx_native_address_crexx_smoke
2026-09-15T22:06:32.9104245Z 2242/2248 Test #2446: crexx_native_address_crexx_smoke .............................   Passed    5.37 sec
2026-09-15T22:06:32.9108234Z           Start 2447: crexx_native_rx_hash_provider
2026-09-15T22:06:33.8382755Z 2243/2248 Test #2447: crexx_native_rx_hash_provider ................................   Passed    0.93 sec
2026-09-15T22:06:33.8387302Z           Start 2448: crexx_native_default_link_strip
2026-09-15T22:06:34.7961588Z 2244/2248 Test #2448: crexx_native_default_link_strip ..............................   Passed    0.96 sec
2026-09-15T22:06:34.7965303Z           Start 2449: crexx_native_linkmap_keep_source
2026-09-15T22:06:35.7024565Z 2245/2248 Test #2449: crexx_native_linkmap_keep_source .............................   Passed    0.91 sec
2026-09-15T22:06:35.7028627Z           Start 2450: crexx_native_link_keep_inline
2026-09-15T22:06:36.6138688Z 2246/2248 Test #2450: crexx_native_link_keep_inline ................................   Passed    0.91 sec
2026-09-15T22:06:36.6142873Z           Start 2451: crexx_native_nokeep_cleanup
2026-09-15T22:06:37.5202107Z 2247/2248 Test #2451: crexx_native_nokeep_cleanup ..................................   Passed    0.91 sec
2026-09-15T22:06:37.5205800Z           Start 2452: crexx_process_runtime
2026-09-15T22:07:11.3074388Z 2248/2248 Test #2452: crexx_process_runtime ........................................   Passed   33.79 sec
2026-09-15T22:07:11.3138871Z 
2026-09-15T22:07:11.3139737Z 100% tests passed out of 2248
2026-09-15T22:07:11.3164998Z 
2026-09-15T22:07:11.3165421Z Label Time Summary:
2026-09-15T22:07:11.3166575Z abi                                  =   0.01 sec*proc (1 test)
2026-09-15T22:07:11.3167396Z address                              =   0.52 sec*proc (3 tests)
2026-09-15T22:07:11.3168357Z arrays                               =   4.40 sec*proc (1 test)
2026-09-15T22:07:11.3169031Z assembler                            =   1.04 sec*proc (3 tests)
2026-09-15T22:07:11.3169686Z autoload                             =  34.57 sec*proc (5 tests)
2026-09-15T22:07:11.3170400Z benchmark                            =  26.83 sec*proc (50 tests)
2026-09-15T22:07:11.3171242Z binary                               =  22.67 sec*proc (10 tests)
2026-09-15T22:07:11.3171838Z binary-io                            =   0.30 sec*proc (4 tests)
2026-09-15T22:07:11.3172410Z binary01                             =   3.43 sec*proc (4 tests)
2026-09-15T22:07:11.3172973Z binutils                             =   1.86 sec*proc (1 test)
2026-09-15T22:07:11.3173600Z breakpoint                           =   0.02 sec*proc (2 tests)
2026-09-15T22:07:11.3174560Z build                                =  46.76 sec*proc (10 tests)
2026-09-15T22:07:11.3175079Z bundled                              =   0.16 sec*proc (12 tests)
2026-09-15T22:07:11.3175915Z byte-endpoint                        =   0.59 sec*proc (3 tests)
2026-09-15T22:07:11.3176741Z call-postfix                         =   3.21 sec*proc (5 tests)
2026-09-15T22:07:11.3177357Z callback                             =   0.24 sec*proc (4 tests)
2026-09-15T22:07:11.3178066Z canonical-contract                   =   2.50 sec*proc (2 tests)
2026-09-15T22:07:11.3178734Z case                                 =  13.18 sec*proc (4 tests)
2026-09-15T22:07:11.3179351Z case_mapping                         =   0.57 sec*proc (1 test)
2026-09-15T22:07:11.3180348Z casefold                             =   5.06 sec*proc (5 tests)
2026-09-15T22:07:11.3180968Z channel                              =  10.89 sec*proc (8 tests)
2026-09-15T22:07:11.3181603Z channels                             =   3.46 sec*proc (10 tests)
2026-09-15T22:07:11.3182231Z checksum                             =   0.99 sec*proc (4 tests)
2026-09-15T22:07:11.3182822Z class                                =   0.68 sec*proc (1 test)
2026-09-15T22:07:11.3183408Z classes                              =  13.97 sec*proc (44 tests)
2026-09-15T22:07:11.3183977Z classlib                             =  18.06 sec*proc (28 tests)
2026-09-15T22:07:11.3184784Z cmake                                =   0.10 sec*proc (1 test)
2026-09-15T22:07:11.3185333Z codec                                =  26.32 sec*proc (5 tests)
2026-09-15T22:07:11.3185888Z codegen                              =   4.09 sec*proc (4 tests)
2026-09-15T22:07:11.3186511Z compatibility                        =   0.80 sec*proc (13 tests)
2026-09-15T22:07:11.3187121Z compiler                             = 335.70 sec*proc (169 tests)
2026-09-15T22:07:11.3187708Z compiler-exit                        =   0.94 sec*proc (1 test)
2026-09-15T22:07:11.3188345Z comprehensive                        = 1378.18 sec*proc (2096 tests)
2026-09-15T22:07:11.3188978Z compression                          =   9.37 sec*proc (8 tests)
2026-09-15T22:07:11.3189578Z concurrency                          = 189.83 sec*proc (205 tests)
2026-09-15T22:07:11.3190205Z concurrency-sp01                     =   4.19 sec*proc (46 tests)
2026-09-15T22:07:11.3190838Z concurrency-sp02                     =   1.08 sec*proc (18 tests)
2026-09-15T22:07:11.3191472Z concurrency-sp03                     =  16.03 sec*proc (11 tests)
2026-09-15T22:07:11.3192095Z concurrency-sp04                     =  19.18 sec*proc (28 tests)
2026-09-15T22:07:11.3192764Z concurrency-sp05                     =  13.66 sec*proc (12 tests)
2026-09-15T22:07:11.3193440Z concurrency-sp06                     =  54.64 sec*proc (52 tests)
2026-09-15T22:07:11.3194162Z concurrency-sp07                     =  67.40 sec*proc (39 tests)
2026-09-15T22:07:11.3194836Z concurrency-sp08                     =  66.15 sec*proc (53 tests)
2026-09-15T22:07:11.3195535Z concurrency-sp09                     =  15.60 sec*proc (19 tests)
2026-09-15T22:07:11.3196648Z conformance                          =   2.05 sec*proc (3 tests)
2026-09-15T22:07:11.3197872Z console                              =   0.49 sec*proc (5 tests)
2026-09-15T22:07:11.3198524Z contextual                           =   0.65 sec*proc (1 test)
2026-09-15T22:07:11.3199170Z contract                             =   8.94 sec*proc (12 tests)
2026-09-15T22:07:11.3199832Z control-flow                         =   5.45 sec*proc (1 test)
2026-09-15T22:07:11.3200438Z control_flow                         =   2.58 sec*proc (4 tests)
2026-09-15T22:07:11.3201025Z conversion                           =   0.73 sec*proc (1 test)
2026-09-15T22:07:11.3201675Z correctness                          =   3.84 sec*proc (4 tests)
2026-09-15T22:07:11.3202273Z corruption                           =   0.29 sec*proc (7 tests)
2026-09-15T22:07:11.3202837Z coverage                             =   0.03 sec*proc (1 test)
2026-09-15T22:07:11.3203634Z crash                                =   0.78 sec*proc (1 test)
2026-09-15T22:07:11.3204168Z crexx_rag                            =   8.69 sec*proc (4 tests)
2026-09-15T22:07:11.3204763Z cri-17                               =   1.91 sec*proc (6 tests)
2026-09-15T22:07:11.3205283Z cri-18                               =   7.39 sec*proc (3 tests)
2026-09-15T22:07:11.3205839Z deadline                             =   9.20 sec*proc (4 tests)
2026-09-15T22:07:11.3206403Z decimal                              =   4.27 sec*proc (10 tests)
2026-09-15T22:07:11.3206988Z deprecated                           =   0.16 sec*proc (2 tests)
2026-09-15T22:07:11.3207591Z diagnostics                          =  53.77 sec*proc (11 tests)
2026-09-15T22:07:11.3208164Z dialogs                              =   0.33 sec*proc (2 tests)
2026-09-15T22:07:11.3208731Z dispatch                             =   0.05 sec*proc (3 tests)
2026-09-15T22:07:11.3209289Z docs                                 =  15.56 sec*proc (18 tests)
2026-09-15T22:07:11.3209832Z driver                               =  87.06 sec*proc (15 tests)
2026-09-15T22:07:11.3210386Z dynamic                              =   6.10 sec*proc (16 tests)
2026-09-15T22:07:11.3210920Z e4a                                  =   0.05 sec*proc (3 tests)
2026-09-15T22:07:11.3211417Z e4b                                  =   0.05 sec*proc (3 tests)
2026-09-15T22:07:11.3220821Z e5                                   =   1.40 sec*proc (21 tests)
2026-09-15T22:07:11.3221436Z e6                                   =   2.45 sec*proc (3 tests)
2026-09-15T22:07:11.3222000Z effects                              =   1.26 sec*proc (6 tests)
2026-09-15T22:07:11.3222587Z endpoint                             =  13.33 sec*proc (12 tests)
2026-09-15T22:07:11.3223157Z essential                            =   1.96 sec*proc (4 tests)
2026-09-15T22:07:11.3223725Z event-loop                           =   0.52 sec*proc (4 tests)
2026-09-15T22:07:11.3224290Z events                               =   0.96 sec*proc (4 tests)
2026-09-15T22:07:11.3224830Z exact                                =   0.71 sec*proc (4 tests)
2026-09-15T22:07:11.3225369Z examples                             =   0.55 sec*proc (5 tests)
2026-09-15T22:07:11.3225921Z exits                                =   2.86 sec*proc (1 test)
2026-09-15T22:07:11.3226476Z extensions                           =   4.76 sec*proc (4 tests)
2026-09-15T22:07:11.3227045Z f1c                                  =   0.12 sec*proc (3 tests)
2026-09-15T22:07:11.3227569Z f1d                                  =   1.09 sec*proc (14 tests)
2026-09-15T22:07:11.3228107Z f1e                                  =   2.61 sec*proc (3 tests)
2026-09-15T22:07:11.3228658Z f1f                                  =  39.19 sec*proc (32 tests)
2026-09-15T22:07:11.3229170Z f1g                                  =  42.92 sec*proc (24 tests)
2026-09-15T22:07:11.3229712Z failure                              =   8.69 sec*proc (4 tests)
2026-09-15T22:07:11.3230282Z fallback                             =   1.13 sec*proc (18 tests)
2026-09-15T22:07:11.3230838Z file                                 =   0.03 sec*proc (1 test)
2026-09-15T22:07:11.3231404Z filesystem                           =   0.85 sec*proc (8 tests)
2026-09-15T22:07:11.3231984Z float                                =   0.32 sec*proc (5 tests)
2026-09-15T22:07:11.3232520Z flow                                 =   3.38 sec*proc (9 tests)
2026-09-15T22:07:11.3233128Z gate-e                               =   3.90 sec*proc (27 tests)
2026-09-15T22:07:11.3233677Z gate-f                               =   4.00 sec*proc (22 tests)
2026-09-15T22:07:11.3234212Z gate_f                               =  85.34 sec*proc (61 tests)
2026-09-15T22:07:11.3234743Z grapheme                             =   6.63 sec*proc (5 tests)
2026-09-15T22:07:11.3235282Z hash                                 =   1.01 sec*proc (5 tests)
2026-09-15T22:07:11.3235791Z http                                 =  60.43 sec*proc (33 tests)
2026-09-15T22:07:11.3236526Z id                                   =   0.27 sec*proc (4 tests)
2026-09-15T22:07:11.3237057Z import                               =  22.33 sec*proc (8 tests)
2026-09-15T22:07:11.3237850Z imports                              = 183.71 sec*proc (27 tests)
2026-09-15T22:07:11.3238426Z includes                             =   0.10 sec*proc (1 test)
2026-09-15T22:07:11.3239024Z incremental                          =  48.99 sec*proc (4 tests)
2026-09-15T22:07:11.3239697Z indexed-red-black-tree-adaptation    =   0.17 sec*proc (2 tests)
2026-09-15T22:07:11.3240365Z industrial                           =   1.40 sec*proc (21 tests)
2026-09-15T22:07:11.3240949Z initializers                         =   0.05 sec*proc (3 tests)
2026-09-15T22:07:11.3241517Z inline                               =   8.06 sec*proc (3 tests)
2026-09-15T22:07:11.3242061Z inlining                             =  11.85 sec*proc (15 tests)
2026-09-15T22:07:11.3242627Z input                                =   0.02 sec*proc (1 test)
2026-09-15T22:07:11.3243179Z inspection                           =   0.04 sec*proc (1 test)
2026-09-15T22:07:11.3243781Z instrumentation                      =   0.18 sec*proc (4 tests)
2026-09-15T22:07:11.3244366Z integer                              =   4.20 sec*proc (12 tests)
2026-09-15T22:07:11.3244954Z interfaces                           =   4.00 sec*proc (3 tests)
2026-09-15T22:07:11.3245717Z interpreter                          =  13.38 sec*proc (153 tests)
2026-09-15T22:07:11.3246314Z issue-680                            =   1.31 sec*proc (2 tests)
2026-09-15T22:07:11.3246871Z jtable                               =   1.05 sec*proc (28 tests)
2026-09-15T22:07:11.3247436Z language                             =  24.34 sec*proc (48 tests)
2026-09-15T22:07:11.3248018Z late-load                            =   1.30 sec*proc (2 tests)
2026-09-15T22:07:11.3248594Z level-l                              =   4.44 sec*proc (2 tests)
2026-09-15T22:07:11.3249137Z levelb                               =  15.55 sec*proc (17 tests)
2026-09-15T22:07:11.3249695Z levelc                               =  23.25 sec*proc (35 tests)
2026-09-15T22:07:11.3250262Z levelg                               = 229.12 sec*proc (128 tests)
2026-09-15T22:07:11.3250807Z library                              = 186.07 sec*proc (133 tests)
2026-09-15T22:07:11.3251387Z lifecycle                            =   4.90 sec*proc (14 tests)
2026-09-15T22:07:11.3251956Z linked                               = 137.64 sec*proc (66 tests)
2026-09-15T22:07:11.3252519Z linked_opt                           = 395.51 sec*proc (608 tests)
2026-09-15T22:07:11.3253077Z linker                               =   0.20 sec*proc (1 test)
2026-09-15T22:07:11.3253651Z macros                               =   0.21 sec*proc (2 tests)
2026-09-15T22:07:11.3254185Z math                                 =   9.47 sec*proc (23 tests)
2026-09-15T22:07:11.3254723Z memory                               =   0.02 sec*proc (3 tests)
2026-09-15T22:07:11.3255298Z metadata                             =   0.72 sec*proc (3 tests)
2026-09-15T22:07:11.3255842Z method                               =  14.37 sec*proc (4 tests)
2026-09-15T22:07:11.3258496Z native                               =   0.18 sec*proc (3 tests)
2026-09-15T22:07:11.3260147Z native-adapter                       =   0.43 sec*proc (6 tests)
2026-09-15T22:07:11.3261031Z native-math-control                  =   0.30 sec*proc (4 tests)
2026-09-15T22:07:11.3261883Z native-objects                       =  12.22 sec*proc (32 tests)
2026-09-15T22:07:11.3262694Z native_signal                        =   0.21 sec*proc (2 tests)
2026-09-15T22:07:11.3263490Z negative                             =  10.51 sec*proc (29 tests)
2026-09-15T22:07:11.3264295Z newbuild                             =   0.06 sec*proc (3 tests)
2026-09-15T22:07:11.3265096Z noncanonical                         =   2.75 sec*proc (2 tests)
2026-09-15T22:07:11.3266141Z noopt                                =  15.74 sec*proc (8 tests)
2026-09-15T22:07:11.3266940Z normalization                        =  50.30 sec*proc (5 tests)
2026-09-15T22:07:11.3267696Z nr15                                 =   0.15 sec*proc (2 tests)
2026-09-15T22:07:11.3268444Z objects                              =   4.40 sec*proc (1 test)
2026-09-15T22:07:11.3269228Z odbc                                 =   0.09 sec*proc (4 tests)
2026-09-15T22:07:11.3269954Z opt                                  =  17.65 sec*proc (8 tests)
2026-09-15T22:07:11.3270697Z optimizer                            =  61.77 sec*proc (104 tests)
2026-09-15T22:07:11.3271514Z optimizer-parity                     = 328.30 sec*proc (772 tests)
2026-09-15T22:07:11.3272427Z optimizer-resistance                 =   0.16 sec*proc (2 tests)
2026-09-15T22:07:11.3273256Z optional                             =   0.57 sec*proc (8 tests)
2026-09-15T22:07:11.3274026Z packed                               =   9.00 sec*proc (14 tests)
2026-09-15T22:07:11.3274801Z parallel                             =  34.26 sec*proc (1 test)
2026-09-15T22:07:11.3275580Z parse                                =   5.26 sec*proc (2 tests)
2026-09-15T22:07:11.3276320Z parser                               =   3.21 sec*proc (5 tests)
2026-09-15T22:07:11.3277228Z perf3                                =   4.46 sec*proc (32 tests)
2026-09-15T22:07:11.3278242Z platform                             =   0.30 sec*proc (5 tests)
2026-09-15T22:07:11.3279225Z plugin_arrays                        =   0.16 sec*proc (2 tests)
2026-09-15T22:07:11.3280035Z plugins                              =   7.20 sec*proc (78 tests)
2026-09-15T22:07:11.3280796Z policy                               =  11.84 sec*proc (4 tests)
2026-09-15T22:07:11.3281588Z preprocessor                         =  15.86 sec*proc (13 tests)
2026-09-15T22:07:11.3282366Z private                              =   3.85 sec*proc (24 tests)
2026-09-15T22:07:11.3283132Z process                              =  36.39 sec*proc (4 tests)
2026-09-15T22:07:11.3283924Z profiling                            =   0.01 sec*proc (1 test)
2026-09-15T22:07:11.3284741Z provider                             =   2.55 sec*proc (9 tests)
2026-09-15T22:07:11.3285515Z provider-reference                   =   0.28 sec*proc (1 test)
2026-09-15T22:07:11.3286288Z provider-registry                    =   0.01 sec*proc (1 test)
2026-09-15T22:07:11.3287007Z rcc-3                                =   0.05 sec*proc (3 tests)
2026-09-15T22:07:11.3287674Z rcc-5f                               =   0.68 sec*proc (1 test)
2026-09-15T22:07:11.3288422Z receiver                             =  20.89 sec*proc (9 tests)
2026-09-15T22:07:11.3289142Z reference                            =  13.17 sec*proc (19 tests)
2026-09-15T22:07:11.3289867Z references                           =   0.67 sec*proc (1 test)
2026-09-15T22:07:11.3290635Z register-lifetime                    =   3.99 sec*proc (5 tests)
2026-09-15T22:07:11.3291401Z registers                            =   2.33 sec*proc (3 tests)
2026-09-15T22:07:11.3292126Z regression                           = 256.10 sec*proc (98 tests)
2026-09-15T22:07:11.3292837Z resource                             =   0.33 sec*proc (2 tests)
2026-09-15T22:07:11.3293572Z rexxcps-smoke                        =   2.75 sec*proc (2 tests)
2026-09-15T22:07:11.3294292Z runner                               =   2.50 sec*proc (2 tests)
2026-09-15T22:07:11.3294977Z runtime                              =  54.66 sec*proc (23 tests)
2026-09-15T22:07:11.3295666Z rxas                                 =  12.66 sec*proc (154 tests)
2026-09-15T22:07:11.3296350Z rxbin                                =   4.09 sec*proc (4 tests)
2026-09-15T22:07:11.3297072Z rxbvm                                = 119.15 sec*proc (63 tests)
2026-09-15T22:07:11.3297754Z rxdas                                =   7.78 sec*proc (2 tests)
2026-09-15T22:07:11.3298714Z rxpa                                 =  51.53 sec*proc (126 tests)
2026-09-15T22:07:11.3299640Z rxpp                                 =   0.55 sec*proc (5 tests)
2026-09-15T22:07:11.3300283Z rxtvm                                = 112.69 sec*proc (63 tests)
2026-09-15T22:07:11.3300920Z rxvml                                =   0.01 sec*proc (1 test)
2026-09-15T22:07:11.3301717Z san-002                              =   0.47 sec*proc (8 tests)
2026-09-15T22:07:11.3302397Z san-003                              =   1.99 sec*proc (3 tests)
2026-09-15T22:07:11.3303052Z san-004                              =   0.54 sec*proc (1 test)
2026-09-15T22:07:11.3303713Z san-006                              =   0.16 sec*proc (1 test)
2026-09-15T22:07:11.3304382Z san-007                              =   1.25 sec*proc (1 test)
2026-09-15T22:07:11.3305066Z sanitizer                            =   4.41 sec*proc (14 tests)
2026-09-15T22:07:11.3305751Z scalar-access                        =   6.08 sec*proc (2 tests)
2026-09-15T22:07:11.3306408Z scope                                =   4.94 sec*proc (2 tests)
2026-09-15T22:07:11.3307083Z sequence                             =   0.01 sec*proc (1 test)
2026-09-15T22:07:11.3307987Z server                               =  17.48 sec*proc (8 tests)
2026-09-15T22:07:11.3308663Z sha256                               =   1.01 sec*proc (5 tests)
2026-09-15T22:07:11.3309297Z shape                                =   2.10 sec*proc (5 tests)
2026-09-15T22:07:11.3309929Z signal                               =   0.26 sec*proc (5 tests)
2026-09-15T22:07:11.3310789Z signals                              =   7.73 sec*proc (8 tests)
2026-09-15T22:07:11.3311464Z slow                                 =   0.16 sec*proc (2 tests)
2026-09-15T22:07:11.3312114Z smoke                                = 109.67 sec*proc (148 tests)
2026-09-15T22:07:11.3312776Z source                               =   8.71 sec*proc (12 tests)
2026-09-15T22:07:11.3313470Z source-map                           =   0.03 sec*proc (1 test)
2026-09-15T22:07:11.3314181Z sparse                               =   0.70 sec*proc (12 tests)
2026-09-15T22:07:11.3314868Z sqlite                               =   2.39 sec*proc (13 tests)
2026-09-15T22:07:11.3315558Z srcmap                               =   1.77 sec*proc (2 tests)
2026-09-15T22:07:11.3316328Z stable-indexed-cfg-adaptation        =  17.88 sec*proc (2 tests)
2026-09-15T22:07:11.3317225Z stable-indexed-graph-adaptation      =   0.13 sec*proc (2 tests)
2026-09-15T22:07:11.3318033Z stage0                               =   0.06 sec*proc (2 tests)
2026-09-15T22:07:11.3319926Z stage2                               =   0.01 sec*proc (1 test)
2026-09-15T22:07:11.3320650Z stage3                               =   4.56 sec*proc (12 tests)
2026-09-15T22:07:11.3321351Z stage4                               =   2.13 sec*proc (2 tests)
2026-09-15T22:07:11.3322109Z standard-library-adaptation          =   0.15 sec*proc (2 tests)
2026-09-15T22:07:11.3322890Z static                               =   6.24 sec*proc (18 tests)
2026-09-15T22:07:11.3323576Z stats                                =   1.48 sec*proc (5 tests)
2026-09-15T22:07:11.3324249Z stdin                                =   1.24 sec*proc (2 tests)
2026-09-15T22:07:11.3324903Z stem                                 =   0.16 sec*proc (3 tests)
2026-09-15T22:07:11.3325575Z streaming                            =   7.29 sec*proc (4 tests)
2026-09-15T22:07:11.3326266Z system                               =   0.17 sec*proc (4 tests)
2026-09-15T22:07:11.3326919Z taskcontext                          =   2.43 sec*proc (4 tests)
2026-09-15T22:07:11.3327623Z taskwork                             =   7.96 sec*proc (4 tests)
2026-09-15T22:07:11.3329360Z tls                                  =   6.14 sec*proc (4 tests)
2026-09-15T22:07:11.3332812Z topology                             =   2.45 sec*proc (3 tests)
2026-09-15T22:07:11.3333531Z tui                                  =   0.52 sec*proc (4 tests)
2026-09-15T22:07:11.3334153Z ui                                   =   3.14 sec*proc (12 tests)
2026-09-15T22:07:11.3334896Z unicode                              = 103.24 sec*proc (27 tests)
2026-09-15T22:07:11.3336792Z unit                                 =   0.03 sec*proc (1 test)
2026-09-15T22:07:11.3338525Z utf                                  =   0.21 sec*proc (6 tests)
2026-09-15T22:07:11.3339080Z vararg                               =   1.31 sec*proc (2 tests)
2026-09-15T22:07:11.3340013Z vector                               =   0.71 sec*proc (4 tests)
2026-09-15T22:07:11.3340561Z vm                                   =   0.04 sec*proc (1 test)
2026-09-15T22:07:11.3341104Z windows                              =   3.85 sec*proc (24 tests)
2026-09-15T22:07:11.3342054Z worker                               =   2.87 sec*proc (36 tests)
2026-09-15T22:07:11.3342427Z 
2026-09-15T22:07:11.3342580Z Total Test time (real) = 881.48 sec
2026-09-15T22:07:11.3861875Z ##[group]Run cmake --build "D:\a\_temp/qualification" \
2026-09-15T22:07:11.3862876Z [36;1mcmake --build "D:\a\_temp/qualification" \[0m
2026-09-15T22:07:11.3863489Z [36;1m  --target qa-qualification \[0m
2026-09-15T22:07:11.3864021Z [36;1m  --parallel 4[0m
2026-09-15T22:07:11.3867814Z shell: D:\a\_temp\setup-msys2\msys2.CMD {0}
2026-09-15T22:07:11.3868316Z env:
2026-09-15T22:07:11.3868636Z   MSYSTEM: MINGW64
2026-09-15T22:07:11.3868983Z ##[endgroup]
2026-09-15T22:07:11.8042471Z [0/2] Re-checking globbed directories...
2026-09-15T22:07:13.5054884Z [1/19] Generating decimal_gate1_common18_opt.rxbin
2026-09-15T22:07:13.5412347Z [2/19] Generating decimal_gate1_classic9_opt.rxbin
2026-09-15T22:07:14.0002361Z [3/19] Compiling ollama_generate.crexx ...
2026-09-15T22:07:14.0649071Z [4/19] Building C object tests/performance/CMakeFiles/decimal_gate1_adapter.dir/decimal/decimal_gate1_adapter.c.obj
2026-09-15T22:07:15.2203058Z [5/19] Compiling openai_generate.crexx ...
2026-09-15T22:07:15.2520835Z [6/19] Compiling anthropic_generate.crexx ...
2026-09-15T22:07:15.7816204Z [7/19] Compiling gemini_generate.crexx ...
2026-09-15T22:07:16.5265123Z [8/19] Compiling llm_address_demo.crexx ...
2026-09-15T22:07:16.5287664Z Warning in llm_address_demo.crexx @ 4:8 - #UNUSED_IMPORT: Import is recognized but not used., "rxfnsg"
2026-09-15T22:07:16.5326429Z 1 warning(s) in source file
2026-09-15T22:07:16.6397780Z [9/19] Linking C executable tests\performance\decimal_gate1_adapter.exe
2026-09-15T22:07:16.7373553Z [10/19] Generating decimal_gate1_common18_opt_rxas_noopt.rxbin
2026-09-15T22:07:16.8293515Z [11/19] Building the rxsqlite ADDRESS consumer demo ...
2026-09-15T22:07:17.0047047Z [12/19] Generating decimal_gate1_classic9_opt_rxas_noopt.rxbin
2026-09-15T22:07:17.2998500Z [13/19] Compiling llm_address_environment.crexx ...
2026-09-15T22:07:17.7216160Z [14/19] Generating decimal_gate1_common18_noopt.rxbin
2026-09-15T22:07:17.8090024Z [15/19] Generating decimal_gate1_classic9_noopt.rxbin
2026-09-15T22:07:18.3316004Z [16/19] Generating decimal_gate1_rexxcps_family_noopt.rxbin
2026-09-15T22:07:18.7993142Z [17/19] Generating decimal_gate1_rexxcps_family_opt.rxbin
2026-09-15T22:07:18.7993993Z [17/19] Running qualification QA
2026-09-15T22:07:18.8333571Z Test project D:/a/_temp/qualification
2026-09-15T22:07:18.9372523Z     Start    4: crexx_contract_installed_consumer
2026-09-15T22:07:20.0678686Z 1/3 Test    #4: crexx_contract_installed_consumer ...   Passed    1.13 sec
2026-09-15T22:07:20.0685676Z     Start 2323: rxpa_external_sdk_consumer
2026-09-15T22:07:41.5170923Z 2/3 Test #2323: rxpa_external_sdk_consumer ..........   Passed   21.45 sec
2026-09-15T22:07:41.5176500Z     Start 2332: rcc_provider_package_names
2026-09-15T22:07:41.5546322Z 3/3 Test #2332: rcc_provider_package_names ..........   Passed    0.04 sec
2026-09-15T22:07:41.5590705Z 
2026-09-15T22:07:41.5590932Z 100% tests passed out of 3
2026-09-15T22:07:41.5591347Z 
2026-09-15T22:07:41.5592023Z Label Time Summary:
2026-09-15T22:07:41.5592483Z contract             =   1.13 sec*proc (1 test)
2026-09-15T22:07:41.5593184Z crexx-rag            =  21.45 sec*proc (1 test)
2026-09-15T22:07:41.5593763Z external-consumer    =  22.58 sec*proc (2 tests)
2026-09-15T22:07:41.5594613Z hash                 =  21.45 sec*proc (1 test)
2026-09-15T22:07:41.5595076Z install              =  22.58 sec*proc (2 tests)
2026-09-15T22:07:41.5595555Z native               =  21.45 sec*proc (1 test)
2026-09-15T22:07:41.5596023Z package              =  21.48 sec*proc (2 tests)
2026-09-15T22:07:41.5596837Z packed               =  21.45 sec*proc (1 test)
2026-09-15T22:07:41.5597309Z provider             =   0.04 sec*proc (1 test)
2026-09-15T22:07:41.5597800Z qualification        =  22.61 sec*proc (3 tests)
2026-09-15T22:07:41.5598273Z rcc-5d               =  21.45 sec*proc (1 test)
2026-09-15T22:07:41.5598727Z rcc-5e               =  21.45 sec*proc (1 test)
2026-09-15T22:07:41.5601827Z rcc-5f               =  21.45 sec*proc (1 test)
2026-09-15T22:07:41.5602422Z rxpa                 =  21.48 sec*proc (2 tests)
2026-09-15T22:07:41.5602909Z sqlite               =  21.45 sec*proc (1 test)
2026-09-15T22:07:41.5603421Z stats                =  21.45 sec*proc (1 test)
2026-09-15T22:07:41.5603934Z vector               =  21.45 sec*proc (1 test)
2026-09-15T22:07:41.5604256Z 
2026-09-15T22:07:41.5604405Z Total Test time (real) =  22.72 sec
2026-09-15T22:07:41.6069790Z ##[group]Run actions/upload-artifact@v7
2026-09-15T22:07:41.6070147Z with:
2026-09-15T22:07:41.6070454Z   name: comprehensive-logs-windows-2025-mingw
2026-09-15T22:07:41.6071074Z   path: D:\a\_temp/qualification/Testing/Temporary
D:\a\_temp/qualification/CMakeFiles/CMakeConfigureLog.yaml

2026-09-15T22:07:41.6072081Z   if-no-files-found: warn
2026-09-15T22:07:41.6072328Z   retention-days: 14
2026-09-15T22:07:41.6072546Z   compression-level: 6
2026-09-15T22:07:41.6072759Z   overwrite: false
2026-09-15T22:07:41.6072972Z   include-hidden-files: false
2026-09-15T22:07:41.6073201Z   archive: true
2026-09-15T22:07:41.6073403Z env:
2026-09-15T22:07:41.6073580Z   MSYSTEM: MINGW64
2026-09-15T22:07:41.6073771Z ##[endgroup]
2026-09-15T22:07:41.8720432Z Multiple search paths detected. Calculating the least common ancestor of all paths
2026-09-15T22:07:41.8722836Z The least common ancestor is D:\a\_temp\qualification. This will be the root directory of the artifact
2026-09-15T22:07:41.8724239Z With the provided path, there will be 3 files uploaded
2026-09-15T22:07:41.8731007Z Artifact name is valid!
2026-09-15T22:07:41.8731895Z Root directory input is valid!
2026-09-15T22:07:42.2894274Z Uploading artifact: comprehensive-logs-windows-2025-mingw.zip
2026-09-15T22:07:42.2969819Z Beginning upload of artifact content to blob storage
2026-09-15T22:07:42.7272358Z Uploaded bytes 37432
2026-09-15T22:07:42.8128071Z Finished uploading artifact content to blob storage!
2026-09-15T22:07:42.8129070Z SHA256 digest of uploaded artifact is 0b249723d7920de91e28f408767f0b593656797e604a0c831028c2a2279dee26
2026-09-15T22:07:42.8129978Z Finalizing artifact upload
2026-09-15T22:07:43.1945793Z Artifact comprehensive-logs-windows-2025-mingw successfully finalized. Artifact ID 10420827225
2026-09-15T22:07:43.1947127Z Artifact comprehensive-logs-windows-2025-mingw has been successfully uploaded! Final size is 37432 bytes. Artifact ID is 10420827225
2026-09-15T22:07:43.1951943Z Artifact download URL: https://github.com/adesutherland/CREXX/actions/runs/35026467548/artifacts/10420827225
2026-09-15T22:07:43.2332240Z Post job cleanup.
2026-09-15T22:07:43.4963016Z [command]"C:\Program Files\Git\bin\git.exe" version
2026-09-15T22:07:43.5315895Z git version 2.55.0.windows.5
2026-09-15T22:07:43.5399068Z Temporarily overriding HOME='D:\a\_temp\0ffc98e6-c93a-4a2b-9216-70f592685cdf' before making global git config changes
2026-09-15T22:07:43.5400664Z Adding repository directory to the temporary git global config as a safe directory
2026-09-15T22:07:43.5414170Z [command]"C:\Program Files\Git\bin\git.exe" config --global --add safe.directory D:\a\CREXX\CREXX
2026-09-15T22:07:43.5794073Z [command]"C:\Program Files\Git\bin\git.exe" config --local --name-only --get-regexp core\.sshCommand
2026-09-15T22:07:43.6175156Z [command]"C:\Program Files\Git\bin\git.exe" submodule foreach --recursive "sh -c \"git config --local --name-only --get-regexp 'core\.sshCommand' && git config --local --unset-all 'core.sshCommand' || :\""
2026-09-15T22:07:44.3536788Z [command]"C:\Program Files\Git\bin\git.exe" config --local --name-only --get-regexp http\.https\:\/\/github\.com\/\.extraheader
2026-09-15T22:07:44.3821811Z http.https://github.com/.extraheader
2026-09-15T22:07:44.3868417Z [command]"C:\Program Files\Git\bin\git.exe" config --local --unset-all http.https://github.com/.extraheader
2026-09-15T22:07:44.4207465Z [command]"C:\Program Files\Git\bin\git.exe" submodule foreach --recursive "sh -c \"git config --local --name-only --get-regexp 'http\.https\:\/\/github\.com\/\.extraheader' && git config --local --unset-all 'http.https://github.com/.extraheader' || :\""
2026-09-15T22:07:45.1159249Z [command]"C:\Program Files\Git\bin\git.exe" config --local --name-only --get-regexp ^includeIf\.gitdir:
2026-09-15T22:07:45.1530233Z [command]"C:\Program Files\Git\bin\git.exe" submodule foreach --recursive "git config --local --show-origin --name-only --get-regexp remote.origin.url"
2026-09-15T22:07:45.8365782Z Cleaning up orphan processes
