Command: cmake --build cmake-build-debugasan --parallel 4
ASAN_OPTIONS=detect_leaks=0

[  0%] Built target lemon
[  0%] Built target re2c_objects_autogen_ver_to_vernum
[  0%] Built target dslsyntax_editor
[  1%] Built target re2c_objects_autogen
[  1%] Built target avl_tree
[  2%] Built target platform
[  3%] Built target rxbin
[  4%] Built target dslsyntax_parser
[  4%] Built target rxvmmemory
[  4%] Built target rxpa
[  5%] Built target rxbvm_core_objects
[  5%] Built target rxvm_platform_objects
[  5%] Built target decnumber
[  5%] Built target mutate_rxbin_feature
[  5%] Built target crexx_fake_editor
[  5%] Built target rxlink
[  6%] Built target rxpashim
[  6%] Built target _hash
[  6%] Built target _keyaccess
[  6%] Built target fs
[  6%] Built target id
[  6%] Built target _platform
[  6%] Built target float
[  6%] Built target float_static
[  6%] Built target _hash_static
[  7%] Built target _keyaccess_static
[  7%] Built target _llist
[  7%] Built target _treemap
[  7%] Built target _llist_static
[  7%] Built target _treemap_static
[  7%] Built target fs_static
[  7%] Built target rxlink_concat_files
[  8%] Building C object compiler/exits/address/CMakeFiles/address_spawn_group_fixture.dir/address_spawn_group_fixture.c.o
[  8%] Built target rxdas
[  8%] Built target mutate_graph_rxbin
[  8%] Linking C executable ../../../bin/address_spawn_group_fixture
[  9%] Built target rxtvm_core_objects
[  9%] Building C object interpreter/CMakeFiles/rxbvm_instrumented_core_objects.dir/rxvmintp.c.o
[  9%] Building C object interpreter/CMakeFiles/rxtvm_instrumented_core_objects.dir/rxvmintp.c.o
[  9%] Building C object interpreter/CMakeFiles/rxvm_platform_notls_objects.dir/rxvmsock.c.o
[  9%] Built target address_spawn_group_fixture
In file included from /Users/adrian/CLionProjects/CREXX/interpreter/rxvmintp.c:95:
/Users/adrian/CLionProjects/CREXX/interpreter/rxvmvars.h:2897:13: warning: 'sprintf' is deprecated: This function is provided for compatibility reasons only.  Due to security concerns inherent in the design of sprintf(3), it is highly recommended that you use snprintf(3) instead. [-Wdeprecated-declarations]
 2897 |             sprintf(formatted_output, scientific_format, coefficient, exponent);
      |             ^
/Library/Developer/CommandLineTools/SDKs/MacOSX.sdk/usr/include/_stdio.h:278:1: note: 'sprintf' has been explicitly marked deprecated here
  278 | __deprecated_msg("This function is provided for compatibility reasons only.  Due to security concerns inherent in the design of sprintf(3), it is highly recommended that you use snprintf(3) instead."In file included from )
/Users/adrian/CLionProjects/CREXX/interpreter/rxvmintp.c:95:
/Users/adrian/CLionProjects/CREXX/interpreter/rxvmvars.h:2897:13: warning: 'sprintf' is deprecated: This function is provided for compatibility reasons only.  Due to security concerns inherent in the design of sprintf(3), it is highly recommended that you use snprintf(3) instead. [-Wdeprecated-declarations]
      | ^
/Library/Developer/CommandLineTools/SDKs/MacOSX.sdk/usr/include/sys/cdefs.h:227:48: note: expanded from macro '__deprecated_msg'
 2897 |             sp  227 |         #define __deprecated_msg(_msg) __attribute__((__deprecated__(_msg)))
      |                                                       ^
rintf(formatted_output, scientific_format, coefficient, exponent);
      |             ^
/Library/Developer/CommandLineTools/SDKs/MacOSX.sdk/usr/include/_stdio.h:278:1: note: 'sprintf' has been explicitly marked deprecated here
  In file included from /Users/adrian/CLionProjects/CREXX/interpreter/rxvmintp.c:95:
/Users/adrian/CLionProjects/CREXX/interpreter/rxvmvars.h:3032:5: warning: 'sprintf' is deprecated: This function is provided for compatibility reasons only.  Due to security concerns inherent in the design of sprintf(3), it is highly recommended that you use snprintf(3) instead. [-Wdeprecated-declarations]
 3032 |     sprintf(formatted_output, engineering_fo278 | __deprecated_msg("Thrmatis function is pro, eng_exvidep);
d for compatibility reasons onl      |     ^
/Library/Developer/CommandLineTools/SDKs/MacOSX.sdk/usr/include/_stdio.h:278:1:y.   note: D'sprintf' has been explicitly marked deprecated here
  278 | __deprecated_msg("Thisu function is provided fore to  compatibility reasons onsecurity concernsly.  Due to se incurity conherentce irn thens inhe rent in dethe dsign of spriesintf(3), it is gn of highly respricommennded that you use snprintf(3)tf instead.(3),")
      | ^
 i/Library/Developer/CommandLineTools/SDKs/MacOSX.sdk/usr/include/sys/cdefs.h:227:48: note: expanded from macro '__deprecated_msg'
t i  227 |         #define _s_ deprhighlecated_msy recog(_msg) __atmmtribuete__((__dended that yprecouated__(_msg) use))
      |                                                       ^
 snprintf(3) instead.")
      | ^
/Library/Developer/CommandLineTools/SDKs/MacOSX.sdk/usr/include/sys/cdefs.h:227:48: note: expanded from macro '__deprecated_msg'
  227 |         #define __deprecated_msg(_msg) __attribute__((__deprecated__(_msg)))
      |                                                       ^
In file included from /Users/adrian/CLionProjects/CREXX/interpreter/rxvmintp.c:95:
/Users/adrian/CLionProjects/CREXX/interpreter/rxvmvars.h:3032:5: warning: 'sprintf' is deprecated: This function is provided for compatibility reasons only.  Due to security concerns inherent in the design of sprintf(3), it is highly recommended that you use snprintf(3) instead. [-Wdeprecated-declarations]
 3032 |     sprintf(formatted_output, engineering_format, eng_exp);
      |     ^
/Library/Developer/CommandLineTools/SDKs/MacOSX.sdk/usr/include/_stdio.h:278:1: note: 'sprintf' has been explicitly marked deprecated here
  278 | __deprecated_msg("This function is provided for compatibility reasons only.  Due to security concerns inherent in the design of sprintf(3), it is highly recommended that you use snprintf(3) instead.")
      | ^
/Library/Developer/CommandLineTools/SDKs/MacOSX.sdk/usr/include/sys/cdefs.h:227:48: note: expanded from macro '__deprecated_msg'
  227 |         #define __deprecated_msg(_msg) __attribute__((__deprecated__(_msg)))
      |                                                       ^
[  9%] Built target rxseq
In file included from /Users/adrian/CLionProjects/CREXX/interpreter/rxvmsock.c:65:
/Users/adrian/CLionProjects/CREXX/interpreter/rxvmvars.h:2897:13: warning: 'sprintf' is deprecated: This function is provided for compatibility reasons only.  Due to security concerns inherent in the design of sprintf(3), it is highly recommended that you use snprintf(3) instead. [-Wdeprecated-declarations]
 2897 |             sprintf(formatted_output, scientific_format, coefficient, exponent);
      |             ^
/Library/Developer/CommandLineTools/SDKs/MacOSX.sdk/usr/include/_stdio.h:278:1: note: 'sprintf' has been explicitly marked deprecated here
  278 | __deprecated_msg("This function is provided for compatibility reasons only.  Due to security concerns inherent in the design of sprintf(3), it is highly recommended that you use snprintf(3) instead.")
      | ^
/Library/Developer/CommandLineTools/SDKs/MacOSX.sdk/usr/include/sys/cdefs.h:227:48: note: expanded from macro '__deprecated_msg'
  227 |         #define __deprecated_msg(_msg) __attribute__((__deprecated__(_msg)))
      |                                                       ^
In file included from /Users/adrian/CLionProjects/CREXX/interpreter/rxvmsock.c:65:
/Users/adrian/CLionProjects/CREXX/interpreter/rxvmvars.h:3032:5: warning: 'sprintf' is deprecated: This function is provided for compatibility reasons only.  Due to security concerns inherent in the design of sprintf(3), it is highly recommended that you use snprintf(3) instead. [-Wdeprecated-declarations]
 3032 |     sprintf(formatted_output, engineering_format, eng_exp);
      |     ^
/Library/Developer/CommandLineTools/SDKs/MacOSX.sdk/usr/include/_stdio.h:278:1: note: 'sprintf' has been explicitly marked deprecated here
  278 | __deprecated_msg("This function is provided for compatibility reasons only.  Due to security concerns inherent in the design of sprintf(3), it is highly recommended that you use snprintf(3) instead.")
      | ^
/Library/Developer/CommandLineTools/SDKs/MacOSX.sdk/usr/include/sys/cdefs.h:227:48: note: expanded from macro '__deprecated_msg'
  227 |         #define __deprecated_msg(_msg) __attribute__((__deprecated__(_msg)))
      |                                                       ^
[  9%] Building C object interpreter/CMakeFiles/test_rxseqfile.dir/tests/test_rxseqfile.c.o
2 warnings generated.
[  9%] Built target rxvm_platform_notls_objects
[  9%] Building C object interpreter/CMakeFiles/test_rxseqfile.dir/rxseqfile.c.o
[  9%] Building C object interpreter/CMakeFiles/test_rxspawn_posix_termination.dir/tests/test_rxspawn_posix_termination.c.o
[  9%] Linking C executable ../bin/test_rxspawn_posix_termination
[  9%] Linking C executable ../bin/test_rxseqfile
[  9%] Built target test_rxspawn_posix_termination
[  9%] Built target test_rxseqfile
[  9%] Built target test_rxvmmemory
[  9%] Built target test_rxvmworker
[  9%] Built target _platform_static
[  9%] Building C object lib/plugins/CMakeFiles/_rxpa_session_failure.dir/__/__/interpreter/tests/rxpa_session_failure_plugin.c.o
[  9%] Building C object interpreter/CMakeFiles/rxbvm_instrumented_core_objects.dir/rxvmprogram.c.o
[  9%] Linking C shared module ../../bin/rx_rxpa_session_failure.rxplugin
[  9%] Building C object interpreter/CMakeFiles/rxbvm_instrumented_core_objects.dir/rxvmexecutor.c.o
[  9%] Built target _rxpa_session_failure
[  9%] Building C object lib/plugins/stats/CMakeFiles/stats.dir/rxstats.c.o
In file included from /Users/adrian/CLionProjects/CREXX/interpreter/rxvmexecutor.c:13:
/Users/adrian/CLionProjects/CREXX/interpreter/rxvmvars.h:2897:13: warning: 'sprintf' is deprecated: This function is provided for compatibility reasons only.  Due to security concerns inherent in the design of sprintf(3), it is highly recommended that you use snprintf(3) instead. [-Wdeprecated-declarations]
 2897 |             sprintf(formatted_output, scientific_format, coefficient, exponent);
      |             ^
/Library/Developer/CommandLineTools/SDKs/MacOSX.sdk/usr/include/_stdio.h:278:1: note: 'sprintf' has been explicitly marked deprecated here
  278 | __deprecated_msg("This function is provided for compatibility reasons only.  Due to security concerns inherent in the design of sprintf(3), it is highly recommended that you use snprintf(3) instead.")
      | ^
/Library/Developer/CommandLineTools/SDKs/MacOSX.sdk/usr/include/sys/cdefs.h:227:48: note: expanded from macro '__deprecated_msg'
  227 |         #define __deprecated_msg(_msg) __attribute__((__deprecated__(_msg)))
      |                                                       ^
In file included from /Users/adrian/CLionProjects/CREXX/interpreter/rxvmexecutor.c:13:
/Users/adrian/CLionProjects/CREXX/interpreter/rxvmvars.h:3032:5: warning: 'sprintf' is deprecated: This function is provided for compatibility reasons only.  Due to security concerns inherent in the design of sprintf(3), it is highly recommended that you use snprintf(3) instead. [-Wdeprecated-declarations]
 3032 |     sprintf(formatted_output, engineering_format, eng_exp);
      |     ^
/Library/Developer/CommandLineTools/SDKs/MacOSX.sdk/usr/include/_stdio.h:278:1: note: 'sprintf' has been explicitly marked deprecated here
  278 | __deprecated_msg("This function is provided for compatibility reasons only.  Due to security concerns inherent in the design of sprintf(3), it is highly recommended that you use snprintf(3) instead.")
      | ^
/Library/Developer/CommandLineTools/SDKs/MacOSX.sdk/usr/include/sys/cdefs.h:227:48: note: expanded from macro '__deprecated_msg'
  227 |         #define __deprecated_msg(_msg) __attribute__((__deprecated__(_msg)))
      |                                                       ^
[  9%] Linking C shared module ../../../bin/rxstats.rxplugin
2 warnings generated.
[  9%] Building C object interpreter/CMakeFiles/rxbvm_instrumented_core_objects.dir/rxvmchannel.c.o
[  9%] Built target stats
[  9%] Building C object interpreter/CMakeFiles/rxtvm_instrumented_core_objects.dir/rxvmprogram.c.o
[  9%] Building C object interpreter/CMakeFiles/rxtvm_instrumented_core_objects.dir/rxvmexecutor.c.o
[  9%] Building C object interpreter/CMakeFiles/rxbvm_instrumented_core_objects.dir/rxvmchannel_process.c.o
In file included from /Users/adrian/CLionProjects/CREXX/interpreter/rxvmexecutor.c:13:
/Users/adrian/CLionProjects/CREXX/interpreter/rxvmvars.h:2897:13: warning: 'sprintf' is deprecated: This function is provided for compatibility reasons only.  Due to security concerns inherent in the design of sprintf(3), it is highly recommended that you use snprintf(3) instead. [-Wdeprecated-declarations]
 2897 |             sprintf(formatted_output, scientific_format, coefficient, exponent);
      |             ^
/Library/Developer/CommandLineTools/SDKs/MacOSX.sdk/usr/include/_stdio.h:278:1: note: 'sprintf' has been explicitly marked deprecated here
  278 | __deprecated_msg("This function is provided for compatibility reasons only.  Due to security concerns inherent in the design of sprintf(3), it is highly recommended that you use snprintf(3) instead.")
      | ^
/Library/Developer/CommandLineTools/SDKs/MacOSX.sdk/usr/include/sys/cdefs.h:227:48: note: expanded from macro '__deprecated_msg'
  227 |         #define __deprecated_msg(_msg) __attribute__((__deprecated__(_msg)))
      |                                                       ^
In file included from /Users/adrian/CLionProjects/CREXX/interpreter/rxvmexecutor.c:13:
/Users/adrian/CLionProjects/CREXX/interpreter/rxvmvars.h:3032:5: warning: 'sprintf' is deprecated: This function is provided for compatibility reasons only.  Due to security concerns inherent in the design of sprintf(3), it is highly recommended that you use snprintf(3) instead. [-Wdeprecated-declarations]
 3032 |     sprintf(formatted_output, engineering_format, eng_exp);
      |     ^
/Library/Developer/CommandLineTools/SDKs/MacOSX.sdk/usr/include/_stdio.h:278:1: note: 'sprintf' has been explicitly marked deprecated here
  278 | __deprecated_msg("This function is provided for compatibility reasons only.  Due to security concerns inherent in the design of sprintf(3), it is highly recommended that you use snprintf(3) instead.")
      | ^
/Library/Developer/CommandLineTools/SDKs/MacOSX.sdk/usr/include/sys/cdefs.h:227:48: note: expanded from macro '__deprecated_msg'
  227 |         #define __deprecated_msg(_msg) __attribute__((__deprecated__(_msg)))
      |                                                       ^
[  9%] Building C object lib/plugins/stats/CMakeFiles/stats_static.dir/rxstats.c.o
2 warnings generated.
[  9%] Building C object interpreter/CMakeFiles/rxbvm_instrumented_core_objects.dir/rxvmprocessworker.c.o
[  9%] Linking C static library ../../../bin/rxstats_static.a
[  9%] Building C object interpreter/CMakeFiles/rxbvm_instrumented_core_objects.dir/rxvmbyteendpoint.c.o
[  9%] Building C object interpreter/CMakeFiles/rxbvm_instrumented_core_objects.dir/rxvmchannel_byte.c.o
[  9%] Built target stats_static
[  9%] Building C object lib/plugins/vector/CMakeFiles/vector.dir/rxvector.c.o
[  9%] Building C object interpreter/CMakeFiles/rxtvm_instrumented_core_objects.dir/rxvmchannel.c.o
[  9%] Linking C shared module ../../../bin/rxvector.rxplugin
[  9%] Built target vector
[  9%] Building C object interpreter/CMakeFiles/rxbvm_instrumented_core_objects.dir/rxvmchannel_child.c.o
[  9%] Building C object lib/plugins/vector/CMakeFiles/vector_static.dir/rxvector.c.o
[  9%] Building C object interpreter/CMakeFiles/rxbvm_instrumented_core_objects.dir/rxvmactive.c.o
[  9%] Linking C static library ../../../bin/rxvector_static.a
[  9%] Building C object interpreter/CMakeFiles/rxbvm_instrumented_core_objects.dir/rxvmload.c.o
In file included from /Users/adrian/CLionProjects/CREXX/interpreter/rxvmload.c:42:
/Users/adrian/CLionProjects/CREXX/interpreter/rxvmvars.h:2897:13: warning: 'sprintf' is deprecated: This function is provided for compatibility reasons only.  Due to security concerns inherent in the design of sprintf(3), it is highly recommended that you use snprintf(3) instead. [-Wdeprecated-declarations]
 2897 |             sprintf(formatted_output, scientific_format, coefficient, exponent);
      |             ^
/Library/Developer/CommandLineTools/SDKs/MacOSX.sdk/usr/include/_stdio.h:278:1: note: 'sprintf' has been explicitly marked deprecated here
  278 | __deprecated_msg("This function is provided for compatibility reasons only.  Due to security concerns inherent in the design of sprintf(3), it is highly recommended that you use snprintf(3) instead.")
      | ^
/Library/Developer/CommandLineTools/SDKs/MacOSX.sdk/usr/include/sys/cdefs.h:227:48: note: expanded from macro '__deprecated_msg'
  227 |         #define __deprecated_msg(_msg) __attribute__((__deprecated__(_msg)))
      |                                                       ^
In file included from /Users/adrian/CLionProjects/CREXX/interpreter/rxvmload.c:42:
/Users/adrian/CLionProjects/CREXX/interpreter/rxvmvars.h:3032:5: warning: 'sprintf' is deprecated: This function is provided for compatibility reasons only.  Due to security concerns inherent in the design of sprintf(3), it is highly recommended that you use snprintf(3) instead. [-Wdeprecated-declarations]
 3032 |     sprintf(formatted_output, engineering_format, eng_exp);
      |     ^
/Library/Developer/CommandLineTools/SDKs/MacOSX.sdk/usr/include/_stdio.h:278:1: note: 'sprintf' has been explicitly marked deprecated here
  278 | __deprecated_msg("This function is provided for compatibility reasons only.  Due to security concerns inherent in the design of sprintf(3), it is highly recommended that you use snprintf(3) instead.")
      | ^
/Library/Developer/CommandLineTools/SDKs/MacOSX.sdk/usr/include/sys/cdefs.h:227:48: note: expanded from macro '__deprecated_msg'
  227 |         #define __deprecated_msg(_msg) __attribute__((__deprecated__(_msg)))
      |                                                       ^
[  9%] Built target vector_static
/Users/adrian/CLionProjects/CREXX/interpreter/rxvmload.c:1290:18: warning: 'sprintf' is deprecated: This function is provided for compatibility reasons only.  Due to security concerns inherent in the design of sprintf(3), it is highly recommended that you use snprintf(3) instead. [-Wdeprecated-declarations]
 1290 |             else sprintf(full_file_name, "%s.rxplugin", file_name);
      |                  ^
/Library/Developer/CommandLineTools/SDKs/MacOSX.sdk/usr/include/_stdio.h:278:1: note: 'sprintf' has been explicitly marked deprecated here
  278 | __deprecated_msg("This function is provided for compatibility reasons only.  Due to security concerns inherent in the design of sprintf(3), it is highly recommended that you use snprintf(3) instead.")
      | ^
/Library/Developer/CommandLineTools/SDKs/MacOSX.sdk/usr/include/sys/cdefs.h:227:48: note: expanded from macro '__deprecated_msg'
  227 |         #define __deprecated_msg(_msg) __attribute__((__deprecated__(_msg)))
      |                                                       ^
[  9%] Building C object lib/plugins/stack/CMakeFiles/_stack.dir/stack.c.o
3 warnings generated.
[ 10%] Linking C shared module ../../../bin/rx_stack.rxplugin
[ 10%] Building C object interpreter/CMakeFiles/rxbvm_instrumented_core_objects.dir/interrupt.c.o
[ 10%] Built target _stack
[ 10%] Building C object interpreter/CMakeFiles/rxbvm_instrumented_core_objects.dir/rxspawn.c.o
[ 10%] Building C object lib/plugins/stack/CMakeFiles/_stack_static.dir/stack.c.o
In file included from /Users/adrian/CLionProjects/CREXX/interpreter/rxspawn.c:68:
/Users/adrian/CLionProjects/CREXX/interpreter/rxvmvars.h:2897:13: warning: 'sprintf' is deprecated: This function is provided for compatibility reasons only.  Due to security concerns inherent in the design of sprintf(3), it is highly recommended that you use snprintf(3) instead. [-Wdeprecated-declarations]
 2897 |             sprintf(formatted_output, scientific_format, coefficient, exponent);
      |             ^
/Library/Developer/CommandLineTools/SDKs/MacOSX.sdk/usr/include/_stdio.h:278:1: note: 'sprintf' has been explicitly marked deprecated here
  278 | __deprecated_msg("This function is provided for compatibility reasons only.  Due to security concerns inherent in the design of sprintf(3), it is highly recommended that you use snprintf(3) instead.")
      | ^
/Library/Developer/CommandLineTools/SDKs/MacOSX.sdk/usr/include/sys/cdefs.h:227:48: note: expanded from macro '__deprecated_msg'
  227 |         #define __deprecated_msg(_msg) __attribute__((__deprecated__(_msg)))
      |                                                       ^
In file included from /Users/adrian/CLionProjects/CREXX/interpreter/rxspawn.c:68:
/Users/adrian/CLionProjects/CREXX/interpreter/rxvmvars.h:3032:5: warning: 'sprintf' is deprecated: This function is provided for compatibility reasons only.  Due to security concerns inherent in the design of sprintf(3), it is highly recommended that you use snprintf(3) instead. [-Wdeprecated-declarations]
 3032 |     sprintf(formatted_output, engineering_format, eng_exp);
      |     ^
/Library/Developer/CommandLineTools/SDKs/MacOSX.sdk/usr/include/_stdio.h:278:1: note: 'sprintf' has been explicitly marked deprecated here
  278 | __deprecated_msg("This function is provided for compatibility reasons only.  Due to security concerns inherent in the design of sprintf(3), it is highly recommended that you use snprintf(3) instead.")
      | ^
/Library/Developer/CommandLineTools/SDKs/MacOSX.sdk/usr/include/sys/cdefs.h:227:48: note: expanded from macro '__deprecated_msg'
  227 |         #define __deprecated_msg(_msg) __attribute__((__deprecated__(_msg)))
      |                                                       ^
[ 10%] Linking C static library ../../../bin/rx_stack_static.a
/Users/adrian/CLionProjects/CREXX/interpreter/rxspawn.c:877:9: warning: 'sprintf' is deprecated: This function is provided for compatibility reasons only.  Due to security concerns inherent in the design of sprintf(3), it is highly recommended that you use snprintf(3) instead. [-Wdeprecated-declarations]
  877 |         sprintf(candidate, "%s/%s", directory, exe);
      |         ^
/Library/Developer/CommandLineTools/SDKs/MacOSX.sdk/usr/include/_stdio.h:278:1: note: 'sprintf' has been explicitly marked deprecated here
  278 | __deprecated_msg("This function is provided for compatibility reasons only.  Due to security concerns inherent in the design of sprintf(3), it is highly recommended that you use snprintf(3) instead.")
      | ^
/Library/Developer/CommandLineTools/SDKs/MacOSX.sdk/usr/include/sys/cdefs.h:227:48: note: expanded from macro '__deprecated_msg'
  227 |         #define __deprecated_msg(_msg) __attribute__((__deprecated__(_msg)))
      |                                                       ^
[ 10%] Built target _stack_static
[ 10%] Building C object lib/plugins/cipher/CMakeFiles/_cipher.dir/cipher.c.o
3 warnings generated.
[ 10%] Building C object interpreter/CMakeFiles/rxtvm_instrumented_core_objects.dir/rxvmchannel_process.c.o
/Users/adrian/CLionProjects/CREXX/lib/plugins/cipher/cipher.c:99:9: warning: 'sprintf' is deprecated: This function is provided for compatibility reasons only.  Due to security concerns inherent in the design of sprintf(3), it is highly recommended that you use snprintf(3) instead. [-Wdeprecated-declarations]
   99 |         sprintf(result+i*2,"%02x", digest[i]);
      |         ^
/Library/Developer/CommandLineTools/SDKs/MacOSX.sdk/usr/include/_stdio.h:278:1: note: 'sprintf' has been explicitly marked deprecated here
  278 | __deprecated_msg("This function is provided for compatibility reasons only.  Due to security concerns inherent in the design of sprintf(3), it is highly recommended that you use snprintf(3) instead.")
      | ^
/Library/Developer/CommandLineTools/SDKs/MacOSX.sdk/usr/include/sys/cdefs.h:227:48: note: expanded from macro '__deprecated_msg'
  227 |         #define __deprecated_msg(_msg) __attribute__((__deprecated__(_msg)))
      |                                                       ^
1 warning generated.
[ 10%] Linking C shared module ../../../bin/rx_cipher.rxplugin
[ 10%] Built target _cipher
[ 10%] Building C object interpreter/CMakeFiles/rxbvm_instrumented_core_objects.dir/rxcrexxcmd.c.o
[ 10%] Building C object lib/plugins/cipher/CMakeFiles/_cipher_static.dir/cipher.c.o
/Users/adrian/CLionProjects/CREXX/lib/plugins/cipher/cipher.c:99:9: warning: 'sprintf' is deprecated: This function is provided for compatibility reasons only.  Due to security concerns inherent in the design of sprintf(3), it is highly recommended that you use snprintf(3) instead. [-Wdeprecated-declarations]
   99 |         sprintf(result+i*2,"%02x", digest[i]);
      |         ^
/Library/Developer/CommandLineTools/SDKs/MacOSX.sdk/usr/include/_stdio.h:278:1: note: 'sprintf' has been explicitly marked deprecated here
  278 | __deprecated_msg("This function is provided for compatibility reasons only.  Due to security concerns inherent in the design of sprintf(3), it is highly recommended that you use snprintf(3) instead.")
      | ^
/Library/Developer/CommandLineTools/SDKs/MacOSX.sdk/usr/include/sys/cdefs.h:227:48: note: expanded from macro '__deprecated_msg'
  227 |         #define __deprecated_msg(_msg) __attribute__((__deprecated__(_msg)))
      |                                                       ^
1 warning generated.
[ 10%] Linking C static library ../../../bin/rx_cipher_static.a
[ 10%] Building C object interpreter/CMakeFiles/rxbvm_instrumented_core_objects.dir/exitfunc.c.o
[ 10%] Built target _cipher_static
[ 10%] Building C object lib/plugins/strings/CMakeFiles/_strings.dir/strings.c.o
[ 10%] Building C object interpreter/CMakeFiles/rxtvm_instrumented_core_objects.dir/rxvmprocessworker.c.o
[ 10%] Linking C shared module ../../../bin/rx_strings.rxplugin
[ 10%] Building C object lib/plugins/getpi/CMakeFiles/_getpi.dir/getpi.c.o
[ 10%] Built target _strings
[ 10%] Linking C shared module ../../../bin/rx_getpi.rxplugin
[ 10%] Building C object lib/plugins/id/CMakeFiles/id_static.dir/id.c.o
[ 10%] Built target _getpi
[ 10%] Building C object interpreter/CMakeFiles/rxbvm_instrumented_core_objects.dir/rxpacallmethod.c.o
[ 10%] Linking C static library ../../../bin/rxid_static.a
In file included from /Users/adrian/CLionProjects/CREXX/interpreter/rxpacallmethod.c:32:
/Users/adrian/CLionProjects/CREXX/interpreter/rxvmvars.h:2897:13: warning: 'sprintf' is deprecated: This function is provided for compatibility reasons only.  Due to security concerns inherent in the design of sprintf(3), it is highly recommended that you use snprintf(3) instead. [-Wdeprecated-declarations]
 2897 |             sprintf(formatted_output, scientific_format, coefficient, exponent);
      |             ^
/Library/Developer/CommandLineTools/SDKs/MacOSX.sdk/usr/include/_stdio.h:278:1: note: 'sprintf' has been explicitly marked deprecated here
  278 | __deprecated_msg("This function is provided for compatibility reasons only.  Due to security concerns inherent in the design of sprintf(3), it is highly recommended that you use snprintf(3) instead.")
      | ^
/Library/Developer/CommandLineTools/SDKs/MacOSX.sdk/usr/include/sys/cdefs.h:227:48: note: expanded from macro '__deprecated_msg'
  227 |         #define __deprecated_msg(_msg) __attribute__((__deprecated__(_msg)))
      |                                                       ^
In file included from /Users/adrian/CLionProjects/CREXX/interpreter/rxpacallmethod.c:32:
/Users/adrian/CLionProjects/CREXX/interpreter/rxvmvars.h:3032:5: warning: 'sprintf' is deprecated: This function is provided for compatibility reasons only.  Due to security concerns inherent in the design of sprintf(3), it is highly recommended that you use snprintf(3) instead. [-Wdeprecated-declarations]
 3032 |     sprintf(formatted_output, engineering_format, eng_exp);
      |     ^
/Library/Developer/CommandLineTools/SDKs/MacOSX.sdk/usr/include/_stdio.h:278:1: note: 'sprintf' has been explicitly marked deprecated here
  278 | __deprecated_msg("This function is provided for compatibility reasons only.  Due to security concerns inherent in the design of sprintf(3), it is highly recommended that you use snprintf(3) instead.")
      | ^
/Library/Developer/CommandLineTools/SDKs/MacOSX.sdk/usr/include/sys/cdefs.h:227:48: note: expanded from macro '__deprecated_msg'
  227 |         #define __deprecated_msg(_msg) __attribute__((__deprecated__(_msg)))
      |                                                       ^
2 warnings generated.
[ 10%] Building C object interpreter/CMakeFiles/rxbvm_instrumented_core_objects.dir/rxpafuncs.c.o
[ 10%] Built target id_static
[ 10%] Built target rxpa_host_fixture_modern
In file included from /Users/adrian/CLionProjects/CREXX/interpreter/rxpafuncs.c:34:
/Users/adrian/CLionProjects/CREXX/interpreter/rxvmvars.h:2897:13: warning: 'sprintf' is deprecated: This function is provided for compatibility reasons only.  Due to security concerns inherent in the design of sprintf(3), it is highly recommended that you use snprintf(3) instead. [-Wdeprecated-declarations]
 2897 |             sprintf(formatted_output, scientific_format, coefficient, exponent);
      |             ^
/Library/Developer/CommandLineTools/SDKs/MacOSX.sdk/usr/include/_stdio.h:278:1: note: 'sprintf' has been explicitly marked deprecated here
  278 | __deprecated_msg("This function is provided for compatibility reasons only.  Due to security concerns inherent in the design of sprintf(3), it is highly recommended that you use snprintf(3) instead.")
      | ^
/Library/Developer/CommandLineTools/SDKs/MacOSX.sdk/usr/include/sys/cdefs.h:227:48: note: expanded from macro '__deprecated_msg'
  227 |         #define __deprecated_msg(_msg) __attribute__((__deprecated__(_msg)))
      |                                                       ^
In file included from /Users/adrian/CLionProjects/CREXX/interpreter/rxpafuncs.c:34:
/Users/adrian/CLionProjects/CREXX/interpreter/rxvmvars.h:3032:5: warning: 'sprintf' is deprecated: This function is provided for compatibility reasons only.  Due to security concerns inherent in the design of sprintf(3), it is highly recommended that you use snprintf(3) instead. [-Wdeprecated-declarations]
 3032 |     sprintf(formatted_output, engineering_format, eng_exp);
      |     ^
/Library/Developer/CommandLineTools/SDKs/MacOSX.sdk/usr/include/_stdio.h:278:1: note: 'sprintf' has been explicitly marked deprecated here
  278 | __deprecated_msg("This function is provided for compatibility reasons only.  Due to security concerns inherent in the design of sprintf(3), it is highly recommended that you use snprintf(3) instead.")
      | ^
/Library/Developer/CommandLineTools/SDKs/MacOSX.sdk/usr/include/sys/cdefs.h:227:48: note: expanded from macro '__deprecated_msg'
  227 |         #define __deprecated_msg(_msg) __attribute__((__deprecated__(_msg)))
      |                                                       ^
[ 10%] Built target rxpa_host_fixture_old
2 warnings generated.
[ 10%] Building C object lib/plugins/odbc/CMakeFiles/_odbc_mock.dir/odbc.c.o
[ 10%] Building C object interpreter/CMakeFiles/rxtvm_instrumented_core_objects.dir/rxvmbyteendpoint.c.o
[ 10%] Building C object interpreter/CMakeFiles/rxtvm_instrumented_core_objects.dir/rxvmchannel_byte.c.o
[ 10%] Building C object lib/plugins/odbc/CMakeFiles/_odbc_mock.dir/tests/mock_odbc.c.o
[ 10%] Building C object interpreter/CMakeFiles/rxtvm_instrumented_core_objects.dir/rxvmchannel_child.c.o
[ 10%] Linking C shared module mock/rx_odbc.rxplugin
[ 10%] Built target _odbc_mock
[ 10%] Building C object interpreter/CMakeFiles/rxbvm_instrumented_core_objects.dir/rxvml/rxvm_run.c.o
[ 11%] Building C object interpreter/CMakeFiles/rxtvm_instrumented_core_objects.dir/rxvmactive.c.o
In file included from /Users/adrian/CLionProjects/CREXX/interpreter/rxvml/rxvm_run.c:30:
/Users/adrian/CLionProjects/CREXX/interpreter/rxvml/../rxvmvars.h:2897:13: warning: 'sprintf' is deprecated: This function is provided for compatibility reasons only.  Due to security concerns inherent in the design of sprintf(3), it is highly recommended that you use snprintf(3) instead. [-Wdeprecated-declarations]
 2897 |             sprintf(formatted_output, scientific_format, coefficient, exponent);
      |             ^
/Library/Developer/CommandLineTools/SDKs/MacOSX.sdk/usr/include/_stdio.h:278:1: note: 'sprintf' has been explicitly marked deprecated here
  278 | __deprecated_msg("This function is provided for compatibility reasons only.  Due to security concerns inherent in the design of sprintf(3), it is highly recommended that you use snprintf(3) instead.")
      | ^
/Library/Developer/CommandLineTools/SDKs/MacOSX.sdk/usr/include/sys/cdefs.h:227:48: note: expanded from macro '__deprecated_msg'
  227 |         #define __deprecated_msg(_msg) __attribute__((__deprecated__(_msg)))
      |                                                       ^
In file included from /Users/adrian/CLionProjects/CREXX/interpreter/rxvml/rxvm_run.c:30:
/Users/adrian/CLionProjects/CREXX/interpreter/rxvml/../rxvmvars.h:3032:5: warning: 'sprintf' is deprecated: This function is provided for compatibility reasons only.  Due to security concerns inherent in the design of sprintf(3), it is highly recommended that you use snprintf(3) instead. [-Wdeprecated-declarations]
 3032 |     sprintf(formatted_output, engineering_format, eng_exp);
      |     ^
/Library/Developer/CommandLineTools/SDKs/MacOSX.sdk/usr/include/_stdio.h:278:1: note: 'sprintf' has been explicitly marked deprecated here
  278 | __deprecated_msg("This function is provided for compatibility reasons only.  Due to security concerns inherent in the design of sprintf(3), it is highly recommended that you use snprintf(3) instead.")
      | ^
/Library/Developer/CommandLineTools/SDKs/MacOSX.sdk/usr/include/sys/cdefs.h:227:48: note: expanded from macro '__deprecated_msg'
  227 |         #define __deprecated_msg(_msg) __attribute__((__deprecated__(_msg)))
      |                                                       ^
[ 11%] Building C object interpreter/CMakeFiles/rxtvm_instrumented_core_objects.dir/rxvmload.c.o
2 warnings generated.
[ 11%] Built target test_jtable_policy
In file included from /Users/adrian/CLionProjects/CREXX/interpreter/rxvmload.c:42:
/Users/adrian/CLionProjects/CREXX/interpreter/rxvmvars.h:2897:13: warning: 'sprintf' is deprecated: This function is provided for compatibility reasons only.  Due to security concerns inherent in the design of sprintf(3), it is highly recommended that you use snprintf(3) instead. [-Wdeprecated-declarations]
 2897 |             sprintf(formatted_output, scientific_format, coefficient, exponent);
      |             ^
/Library/Developer/CommandLineTools/SDKs/MacOSX.sdk/usr/include/_stdio.h:278:1: note: 'sprintf' has been explicitly marked deprecated here
  278 | __deprecated_msg("This function is provided for compatibility reasons only.  Due to security concerns inherent in the design of sprintf(3), it is highly recommended that you use snprintf(3) instead.")
      | ^
/Library/Developer/CommandLineTools/SDKs/MacOSX.sdk/usr/include/sys/cdefs.h:227:48: note: expanded from macro '__deprecated_msg'
  227 |         #define __deprecated_msg(_msg) __attribute__((__deprecated__(_msg)))
      |                                                       ^
In file included from /Users/adrian/CLionProjects/CREXX/interpreter/rxvmload.c:42:
/Users/adrian/CLionProjects/CREXX/interpreter/rxvmvars.h:3032:5: warning: 'sprintf' is deprecated: This function is provided for compatibility reasons only.  Due to security concerns inherent in the design of sprintf(3), it is highly recommended that you use snprintf(3) instead. [-Wdeprecated-declarations]
 3032 |     sprintf(formatted_output, engineering_format, eng_exp);
      |     ^
/Library/Developer/CommandLineTools/SDKs/MacOSX.sdk/usr/include/_stdio.h:278:1: note: 'sprintf' has been explicitly marked deprecated here
  278 | __deprecated_msg("This function is provided for compatibility reasons only.  Due to security concerns inherent in the design of sprintf(3), it is highly recommended that you use snprintf(3) instead.")
      | ^
/Library/Developer/CommandLineTools/SDKs/MacOSX.sdk/usr/include/sys/cdefs.h:227:48: note: expanded from macro '__deprecated_msg'
  227 |         #define __deprecated_msg(_msg) __attribute__((__deprecated__(_msg)))
      |                                                       ^
[ 11%] Built target test_signal_mask
/Users/adrian/CLionProjects/CREXX/interpreter/rxvmload.c:1290:18: warning: 'sprintf' is deprecated: This function is provided for compatibility reasons only.  Due to security concerns inherent in the design of sprintf(3), it is highly recommended that you use snprintf(3) instead. [-Wdeprecated-declarations]
 1290 |             else sprintf(full_file_name, "%s.rxplugin", file_name);
      |                  ^
/Library/Developer/CommandLineTools/SDKs/MacOSX.sdk/usr/include/_stdio.h:278:1: note: 'sprintf' has been explicitly marked deprecated here
  278 | __deprecated_msg("This function is provided for compatibility reasons only.  Due to security concerns inherent in the design of sprintf(3), it is highly recommended that you use snprintf(3) instead.")
      | ^
/Library/Developer/CommandLineTools/SDKs/MacOSX.sdk/usr/include/sys/cdefs.h:227:48: note: expanded from macro '__deprecated_msg'
  227 |         #define __deprecated_msg(_msg) __attribute__((__deprecated__(_msg)))
      |                                                       ^
[ 11%] Building C object interpreter/CMakeFiles/mutate_jtable_rxbin.dir/tests/mutate_jtable_rxbin.c.o
[ 11%] Linking C executable mutate_jtable_rxbin
3 warnings generated.
[ 11%] Building C object interpreter/CMakeFiles/rxtvm_instrumented_core_objects.dir/interrupt.c.o
[ 11%] Built target mutate_jtable_rxbin
[ 11%] Building C object interpreter/CMakeFiles/mutate_retired_process_opcode.dir/tests/mutate_retired_process_opcode.c.o
[ 11%] Building C object interpreter/CMakeFiles/rxtvm_instrumented_core_objects.dir/rxspawn.c.o
[ 11%] Linking C executable mutate_retired_process_opcode
In file included from /Users/adrian/CLionProjects/CREXX/interpreter/rxspawn.c:68:
/Users/adrian/CLionProjects/CREXX/interpreter/rxvmvars.h:2897:13: warning: 'sprintf' is deprecated: This function is provided for compatibility reasons only.  Due to security concerns inherent in the design of sprintf(3), it is highly recommended that you use snprintf(3) instead. [-Wdeprecated-declarations]
 2897 |             sprintf(formatted_output, scientific_format, coefficient, exponent);
      |             ^
/Library/Developer/CommandLineTools/SDKs/MacOSX.sdk/usr/include/_stdio.h:278:1: note: 'sprintf' has been explicitly marked deprecated here
  278 | __deprecated_msg("This function is provided for compatibility reasons only.  Due to security concerns inherent in the design of sprintf(3), it is highly recommended that you use snprintf(3) instead.")
      | ^
/Library/Developer/CommandLineTools/SDKs/MacOSX.sdk/usr/include/sys/cdefs.h:227:48: note: expanded from macro '__deprecated_msg'
  227 |         #define __deprecated_msg(_msg) __attribute__((__deprecated__(_msg)))
      |                                                       ^
In file included from /Users/adrian/CLionProjects/CREXX/interpreter/rxspawn.c:68:
/Users/adrian/CLionProjects/CREXX/interpreter/rxvmvars.h:3032:5: warning: 'sprintf' is deprecated: This function is provided for compatibility reasons only.  Due to security concerns inherent in the design of sprintf(3), it is highly recommended that you use snprintf(3) instead. [-Wdeprecated-declarations]
 3032 |     sprintf(formatted_output, engineering_format, eng_exp);
      |     ^
/Library/Developer/CommandLineTools/SDKs/MacOSX.sdk/usr/include/_stdio.h:278:1: note: 'sprintf' has been explicitly marked deprecated here
  278 | __deprecated_msg("This function is provided for compatibility reasons only.  Due to security concerns inherent in the design of sprintf(3), it is highly recommended that you use snprintf(3) instead.")
      | ^
/Library/Developer/CommandLineTools/SDKs/MacOSX.sdk/usr/include/sys/cdefs.h:227:48: note: expanded from macro '__deprecated_msg'
  227 |         #define __deprecated_msg(_msg) __attribute__((__deprecated__(_msg)))
      |                                                       ^
/Users/adrian/CLionProjects/CREXX/interpreter/rxspawn.c:877:9: warning: 'sprintf' is deprecated: This function is provided for compatibility reasons only.  Due to security concerns inherent in the design of sprintf(3), it is highly recommended that you use snprintf(3) instead. [-Wdeprecated-declarations]
  877 |         sprintf(candidate, "%s/%s", directory, exe);
      |         ^
/Library/Developer/CommandLineTools/SDKs/MacOSX.sdk/usr/include/_stdio.h:278:1: note: 'sprintf' has been explicitly marked deprecated here
  278 | __deprecated_msg("This function is provided for compatibility reasons only.  Due to security concerns inherent in the design of sprintf(3), it is highly recommended that you use snprintf(3) instead.")
      | ^
/Library/Developer/CommandLineTools/SDKs/MacOSX.sdk/usr/include/sys/cdefs.h:227:48: note: expanded from macro '__deprecated_msg'
  227 |         #define __deprecated_msg(_msg) __attribute__((__deprecated__(_msg)))
      |                                                       ^
[ 11%] Built target mutate_retired_process_opcode
[ 11%] Building C object interpreter/CMakeFiles/_e5native.dir/tests/e5_native_return_plugin.c.o
3 warnings generated.
[ 11%] Building C object interpreter/CMakeFiles/rxtvm_instrumented_core_objects.dir/rxcrexxcmd.c.o
[ 11%] Linking C shared module ../bin/rx_e5native.rxplugin
[ 11%] Built target _e5native
[ 11%] Building C object interpreter/CMakeFiles/_e5native_static.dir/tests/e5_native_return_plugin.c.o
[ 11%] Building C object interpreter/CMakeFiles/rxtvm_instrumented_core_objects.dir/exitfunc.c.o
[ 11%] Linking C static library rx_e5native_static.a
[ 11%] Built target _e5native_static
[ 11%] Built target decnumber_test
2 warnings generated.
[ 11%] Built target rxpp_support_files
[ 11%] Built target rxbvm_instrumented_core_objects
[ 11%] Built target precomp_static
[ 11%] Built target precomp
[ 11%] Built target address_argv_fixture
[ 11%] Building C object interpreter/CMakeFiles/rxtvm_instrumented_core_objects.dir/rxpacallmethod.c.o
[ 11%] Built target address_spawn_transfer_fixture
[ 11%] Building C object interpreter/CMakeFiles/rxtvm_instrumented_core_objects.dir/rxpafuncs.c.o
2 warnings generated.
[ 11%] Built target linein_stdin_harness
[ 11%] Building C object interpreter/CMakeFiles/rxtvm_instrumented_core_objects.dir/rxvml/rxvm_run.c.o
[ 11%] Built target linein_tty_harness
In file included from /Users/adrian/CLionProjects/CREXX/interpreter/rxpacallmethod.c:32:
/Users/adrian/CLionProjects/CREXX/interpreter/rxvmvars.h:2897:13: warning: 'sprintf' is deprecated: This function is provided for compatibility reasons only.  Due to security concerns inherent in the design of sprintf(3), it is highly recommended that you use snprintf(3) instead. [-Wdeprecated-declarations]
 2897 |             sprintf(formatted_output, scientific_format, coefficient, exponent);
      |             ^
/Library/Developer/CommandLineTools/SDKs/MacOSX.sdk/usr/include/_stdio.h:278:1: note: 'sprintf' has been explicitly marked deprecated here
  278 | __deprecated_msg("This function is provided for compatibility reasons only.  Due to security concerns inherent in the design of sprintf(3), it is highly recommended that you use snprintf(3) instead.")
      | ^
/Library/Developer/CommandLineTools/SDKs/MacOSX.sdk/usr/include/sys/cdefs.h:227:48: note: expanded from macro '__deprecated_msg'
  227 |         #define __deprecated_msg(_msg) __attribute__((__deprecated__(_msg)))
      |                                                       ^
In file included from /Users/adrian/CLionProjects/CREXX/interpreter/rxpacallmethod.c:32:
/Users/adrian/CLionProjects/CREXX/interpreter/rxvmvars.h:3032:5: warning: 'sprintf' is deprecated: This function is provided for compatibility reasons only.  Due to security concerns inherent in the design of sprintf(3), it is highly recommended that you use snprintf(3) instead. [-Wdeprecated-declarations]
 3032 |     sprintf(formatted_output, engineering_format, eng_exp);
      |     ^
/Library/Developer/CommandLineTools/SDKs/MacOSX.sdk/usr/include/_stdio.h:278:1: note: 'sprintf' has been explicitly marked deprecated here
  278 | __deprecated_msg("This function is provided for compatibility reasons only.  Due to security concerns inherent in the design of sprintf(3), it is highly recommended that you use snprintf(3) instead.")
      | ^
/Library/Developer/CommandLineTools/SDKs/MacOSX.sdk/usr/include/sys/cdefs.h:227:48: note: expanded from macro '__deprecated_msg'
  227 |         #define __deprecated_msg(_msg) __attribute__((__deprecated__(_msg)))
      |                                                       ^
In file included from /Users/adrian/CLionProjects/CREXX/interpreter/rxpafuncs.c:34:
/Users/adrian/CLionProjects/CREXX/interpreter/rxvmvars.h:2897:13: warning: 'sprintf' is deprecated: This function is provided for compatibility reasons only.  Due to security concerns inherent in the design of sprintf(3), it is highly recommended that you use snprintf(3) instead. [-Wdeprecated-declarations]
 2897 |             sprintf(formatted_output, scientific_format, coefficient, exponent);
      |             ^
/Library/Developer/CommandLineTools/SDKs/MacOSX.sdk/usr/include/_stdio.h:278:1: note: 'sprintf' has been explicitly marked deprecated here
  278 | __deprecated_msg("This function is provided for compatibility reasons only.  Due to security concerns inherent in the design of sprintf(3), it is highly recommended that you use snprintf(3) instead.")
      | ^
/Library/Developer/CommandLineTools/SDKs/MacOSX.sdk/usr/include/sys/cdefs.h:227:48: note: expanded from macro '__deprecated_msg'
  227 |         #define __deprecated_msg(_msg) __attribute__((__deprecated__(_msg)))
      |                                                       ^
In file included from /Users/adrian/CLionProjects/CREXX/interpreter/rxpafuncs.c:34:
/Users/adrian/CLionProjects/CREXX/interpreter/rxvmvars.h:3032:5: warning: 'sprintf' is deprecated: This function is provided for compatibility reasons only.  Due to security concerns inherent in the design of sprintf(3), it is highly recommended that you use snprintf(3) instead. [-Wdeprecated-declarations]
 3032 |     sprintf(formatted_output, engineering_format, eng_exp);
      |     ^
/Library/Developer/CommandLineTools/SDKs/MacOSX.sdk/usr/include/_stdio.h:278:1: note: 'sprintf' has been explicitly marked deprecated here
  278 | __deprecated_msg("This function is provided for compatibility reasons only.  Due to security concerns inherent in the design of sprintf(3), it is highly recommended that you use snprintf(3) instead.")
      | ^
/Library/Developer/CommandLineTools/SDKs/MacOSX.sdk/usr/include/sys/cdefs.h:227:48: note: expanded from macro '__deprecated_msg'
  227 |         #define __deprecated_msg(_msg) __attribute__((__deprecated__(_msg)))
      |                                                       ^
[ 11%] Building C object lib/plugins/arrays/CMakeFiles/_arrays.dir/arrays.c.o
2 warnings generated.
In file included from /Users/adrian/CLionProjects/CREXX/interpreter/rxvml/rxvm_run.c:30:
/Users/adrian/CLionProjects/CREXX/interpreter/rxvml/../rxvmvars.h:2897:13: warning: 'sprintf' is deprecated: This function is provided for compatibility reasons only.  Due to security concerns inherent in the design of sprintf(3), it is highly recommended that you use snprintf(3) instead. [-Wdeprecated-declarations]
 2897 |             sprintf(formatted_output, scientific_format, coefficient, exponent);
      |             ^
/Library/Developer/CommandLineTools/SDKs/MacOSX.sdk/usr/include/_stdio.h:278:1: note: 'sprintf' has been explicitly marked deprecated here
  278 | __deprecated_msg("This function is provided for compatibility reasons only.  Due to security concerns inherent in the design of sprintf(3), it is highly recommended that you use snprintf(3) instead.")
      | ^
/Library/Developer/CommandLineTools/SDKs/MacOSX.sdk/usr/include/sys/cdefs.h:227:48: note: expanded from macro '__deprecated_msg'
  227 |         #define __deprecated_msg(_msg) __attribute__((__deprecated__(_msg)))
      |                                                       ^
In file included from /Users/adrian/CLionProjects/CREXX/interpreter/rxvml/rxvm_run.c:30:
/Users/adrian/CLionProjects/CREXX/interpreter/rxvml/../rxvmvars.h:3032:5: warning: 'sprintf' is deprecated: This function is provided for compatibility reasons only.  Due to security concerns inherent in the design of sprintf(3), it is highly recommended that you use snprintf(3) instead. [-Wdeprecated-declarations]
 3032 |     sprintf(formatted_output, engineering_format, eng_exp);
      |     ^
/Library/Developer/CommandLineTools/SDKs/MacOSX.sdk/usr/include/_stdio.h:278:1: note: 'sprintf' has been explicitly marked deprecated here
  278 | __deprecated_msg("This function is provided for compatibility reasons only.  Due to security concerns inherent in the design of sprintf(3), it is highly recommended that you use snprintf(3) instead.")
      | ^
/Library/Developer/CommandLineTools/SDKs/MacOSX.sdk/usr/include/sys/cdefs.h:227:48: note: expanded from macro '__deprecated_msg'
  227 |         #define __deprecated_msg(_msg) __attribute__((__deprecated__(_msg)))
      |                                                       ^
2 warnings generated.
[ 11%] Built target crexx_sqlite3_objects
2 warnings generated.
[ 11%] Built target rxtvm_instrumented_core_objects
[ 11%] Built target crexx-provider-package
[ 12%] Built target ggml-base
[ 12%] Built target rxllama_text_old_host
[ 12%] Linking C shared module ../../../bin/rx_arrays.rxplugin
[ 12%] Building CXX object _deps/crexx_llama_source-build/vendor/hash/CMakeFiles/vendor-hash.dir/hash.cpp.o
[ 12%] Built target console
[ 12%] Building C object lib/plugins/console/CMakeFiles/console_static.dir/rxconsole.c.o
[ 12%] Building C object lib/plugins/console/CMakeFiles/rxconsole_decoder_test.dir/tests/test_decoder.c.o
[ 12%] Built target _arrays
[ 12%] Building C object _deps/crexx_llama_source-build/vendor/hash/CMakeFiles/vendor-hash.dir/xxhash/xxhash.c.o
[ 12%] Building C object lib/plugins/console/CMakeFiles/console_static.dir/rxconsole_core.c.o
[ 12%] Building C object lib/plugins/console/CMakeFiles/rxconsole_decoder_test.dir/rxconsole_decode.c.o
[ 13%] Building C object lib/plugins/console/CMakeFiles/console_static.dir/rxconsole_decode.c.o
[ 13%] Linking C executable ../../../bin/rxconsole_decoder_test
[ 13%] Linking C static library ../../../bin/rxconsole_static.a
[ 13%] Built target rxconsole_decoder_test
[ 13%] Building CXX object _deps/crexx_llama_source-build/vendor/hash/CMakeFiles/vendor-hash.dir/sha1/sha1.c.o
[ 13%] Building C object _deps/crexx_llama_source-build/vendor/hash/CMakeFiles/vendor-hash.dir/sha256/sha256.c.o
[ 13%] Linking CXX static library ../../../../bin/libvendor-hash.a
[ 13%] Built target console_static
[ 13%] Building C object lib/plugins/recv390/CMakeFiles/_recv390.dir/recv390.c.o
[ 13%] Building C object lib/plugins/recv390/CMakeFiles/_recv390_static.dir/recv390.c.o
[ 13%] Building C object lib/plugins/map/CMakeFiles/_map.dir/map.c.o
/Users/adrian/CLionProjects/CREXX/lib/plugins/recv390/recv390.c:1387:9: warning: 'sprintf' is deprecated: This function is provided for compatibility reasons only.  Due to security concerns inherent in the design of sprintf(3), it is highly recommended that you use snprintf(3) instead. [-Wdeprecated-declarations]
 1387 |         sprintf(work, " %.6X", temp);                           // make display hex, use upper case letters
      |         ^
/Library/Developer/CommandLineTools/SDKs/MacOSX.sdk/usr/include/_stdio.h:278:1: note: 'sprintf' has been explicitly marked deprecated here
  278 | __deprecated_msg("This function is provided for compatibility reasons only.  Due to security concerns inherent in the design of sprintf(3), it is highly recommended that you use snprintf(3) instead.")
      | ^
/Library/Developer/CommandLineTools/SDKs/MacOSX.sdk/usr/include/sys/cdefs.h:227:48: note: expanded from macro '__deprecated_msg'
  227 |         #define __deprecated_msg(_msg) __attribute__((__deprecated__(_msg)))
      |                                                       ^
/Users/adrian/CLionProjects/CREXX/lib/plugins/recv390/recv390.c:1390:9: warning: 'sprintf' is deprecated: This function is provided for compatibility reasons only.  Due to security concerns inherent in the design of sprintf(3), it is highly recommended that you use snprintf(3) instead. [-Wdeprecated-declarations]
 1390 |         sprintf(work, " %.2X", temp);
      |         ^
/Library/Developer/CommandLineTools/SDKs/MacOSX.sdk/usr/include/_stdio.h:278:1: note: 'sprintf' has been explicitly marked deprecated here
  278 | __deprecated_msg("This function is provided for compatibility reasons only.  Due to security concerns inherent in the design of sprintf(3), it is highly recommended that you use snprintf(3) instead.")
      | ^
/Library/Developer/CommandLineTools/SDKs/MacOSX.sdk/usr/include/sys/cdefs.h:227:48: note: expanded from macro '__deprecated_msg'
  227 |         #define __deprecated_msg(_msg) __attribute__((__deprecated__(_msg)))
      |                                                       ^
/Users/adrian/CLionProjects/CREXX/lib/plugins/recv390/recv390.c:1400:17: warning: 'sprintf' is deprecated: This function is provided for compatibility reasons only.  Due to security concerns inherent in the design of sprintf(3), it is highly recommended that you use snprintf(3) instead. [-Wdeprecated-declarations]
 1400 |                 sprintf(work, "%.2X", scr);                     // list userdata
      |                 ^
/Library/Developer/CommandLineTools/SDKs/MacOSX.sdk/usr/include/_stdio.h:278:1: note: 'sprintf' has been explicitly marked deprecated here
  278 | __deprecated_msg("This function is provided for compatibility reasons only.  Due to security concerns inherent in the design of sprintf(3), it is highly recommended that you use snprintf(3) instead.")
      | ^
/Library/Developer/CommandLineTools/SDKs/MacOSX.sdk/usr/include/sys/cdefs.h:227:48: note: expanded from macro '__deprecated_msg'
  227 |         #define __deprecated_msg(_msg) __attribute__((__deprecated__(_msg)))
      |                                                       ^
/Users/adrian/CLionProjects/CREXX/lib/plugins/recv390/recv390.c:1405:13: warning: 'sprintf' is deprecated: This function is provided for compatibility reasons only.  Due to security concerns inherent in the design of sprintf(3), it is highly recommended that you use snprintf(3) instead. [-Wdeprecated-declarations]
 1405 |             sprintf(work, " %.2d.", temp);
      |             ^
/Library/Developer/CommandLineTools/SDKs/MacOSX.sdk/usr/include/_stdio.h:278:1: note: 'sprintf' has been explicitly marked deprecated here
  278 | __deprecated_msg("This function is provided for compatibility reasons only.  Due to security concerns inherent in the design of sprintf(3), it is highl/Users/adrian/CLionProjects/CREXX/lib/plugins/recv390/recv390.cy:1387:9: warning:  recomme'sprintf' is deprecated: This function is provided for compatibility reasons only.  Due to security concerns inherent in the design of sprintf(3), it is highly recommended that you use snprintf(3) instead. [-Wdeprecated-declarations]
nded that you 1387 |  us     e snprintf(3) i   sprintfnstead.")
      | ^
(work/Library/Developer/CommandLineTools/SDKs/MacOSX.sdk/usr/include/sys/cdefs.h:227:, " %.6X", t48: emp);                           /note: expanded from macro '__deprecated_msg'
/ make displa  227 |         #dey hex, use upper case letters
      |         ^
fine __dep/Library/Developer/CommandLineTools/SDKs/MacOSX.sdk/usr/include/_stdio.h:recated_m278:1: note: 'sprintf' has been explicitly marked deprecated here
sg(_msg) __attribute_  278 | __(_depr(__depreecacateted_msg("This d__funct(_mionsg)))
      |                                                       ^
 is provided for compatibility r/Users/adrian/CLionProjects/CREXX/lib/plugins/recv390/recv390.c:1408:13: warning: 'sprintf' is deprecated: This function is provided for compatibility reasons only.  Due to security concerns inherent in the design of sprintf(3), it is highly recommended that you use snprintf(3) instead. [-Wdeprecated-declarations]
easons 1408 |  only.     Due t       o security conce  sprintrns f(workinhe, "%.2rent id", ten mp);the 
      | design of             ^
sprint/Library/Developer/CommandLineTools/SDKs/MacOSX.sdk/usr/include/_stdio.h:278:1: note: f(3), i'sprintf' has been explicitly marked deprecated here
t is highly  278 | __de precatedr_msg(ecomm"endThied that yos function iu use sns proviprinded for compatf(3) insteatibd.")
      | ^
ility rea/Library/Developer/CommandLineTools/SDKs/MacOSX.sdk/usr/include/sys/cdefs.h:227:48: note: expanded from macro '__deprecated_msg'
sons on  227 | ly.        #defi  Dne __deprue ecateto secud_msg(_mrity csg)oncern __ats inhetribute_rent i_((__deprecn the ated__(_msg)))
      |                                                       ^
design of sprintf(3), it is highly recommended that you us/Users/adrian/CLionProjects/CREXX/lib/plugins/recv390/recv390.c:1390:e snpr9: warning: 'sprintf' is deprecated: This function is provided for compatibility reasons only.  Due to security concerns inherent in the design of sprintf(3), it is highly recommended that you use snprintf(3) instead. [-Wdeprecated-declarations]
intf(3 1390 | ) i        sprnstintfead(work."), " %.2X", 
      | ^
tem/Library/Developer/CommandLineTools/SDKs/MacOSX.sdk/usr/include/sys/cdefs.h:227:48p);: note: expanded from macro '__deprecated_msg'

      |         ^
  227 |         #/Library/Developer/CommandLineTools/SDKs/MacOSX.sdk/usr/include/_stdio.h:278define __deprecated_msg(:1: note: 'sprintf' has been explicitly marked deprecated here
_msg)  278 | __deprecated_msg("Th i[ 13%] Built target vendor-hash
s __attfunctionribute__((__de isprecated__(_msg)))
      |                                                       ^
 provided for compatibility reasons only.  D/Users/adrian/CLionProjects/CREXX/lib/plugins/recv390/recv390.c:1414:ue to 13: warning: 'sprintf' is deprecated: This function is provided for compatibility reasons only.  Due to security concerns inherent in the design of sprintf(3), it is highly recommended that you use snprintf(3) instead. [-Wdeprecated-declarations]
secur 1414 |    ity concer         sprintf(wns ork, " %inherent in the design of s.2x", tempprint);
      | f(3), it             ^
is hi/Library/Developer/CommandLineTools/SDKs/MacOSX.sdk/usr/include/_stdio.h:278:1:ghly r note: 'sprintf' has been explicitly marked deprecated here
e  278 | _comm_deprecendedated_m that sg(you use"This  snpfunctirintfon is provid(3) instead.")
      | ^
ed /Library/Developer/CommandLineTools/SDKs/MacOSX.sdk/usr/include/sys/cdefs.h:227:48: fornote: expanded from macro '__deprecated_msg'
 c  227 |         #ompatibildefinity reae __dsons only.epreca  Dteue td_msg(_mso secug) __atrity cotribute__((__deprecatncerned__(_s inheremsgnt in the d)))esi
      |                                                       ^
gn of sprintf(3), it is highly recommended that /Users/adrian/CLionProjects/CREXX/lib/plugins/recv390/recv390.c:1400you u:17: warning: 'sprintf' is deprecated: This function is provided for compatibility reasons only.  Due to security concerns inherent in the design of sprintf(3), it is highly recommended that you use snprintf(3) instead. [-Wdeprecated-declarations]
se sn 1400 |   printf      (3)       inst  sead.")
printf(      work, "| ^
%.2X", sc/Library/Developer/CommandLineTools/SDKs/MacOSX.sdk/usr/include/sys/cdefs.h:227:48: note: expanded from macro '__deprecated_msg'
r);                       227 |         #def/ine __/ lisdeprect uated_msg(_mserdata
      |                 ^
s/Library/Developer/CommandLineTools/SDKs/MacOSX.sdk/usr/include/_stdio.h:278:g) __attr1: ibute__((note: 'sprintf' has been explicitly marked deprecated here
__de  278precated__(_msg | __depreca)))
      |                                                       ^
ted_msg("This /Users/adrian/CLionProjects/CREXX/lib/plugins/recv390/recv390.c:1417:13: functwarning: 'sprintf' is deprecated: This function is provided for compatibility reasons only.  Due to security concerns inherent in the design of sprintf(3), it is highly recommended that you use snprintf(3) instead. [-Wdeprecated-declarations]
ion is 1417 |    provi      ded for comp    satibilprintf(woityrk, " reas:%.2x",ons only.  Due temp) to sec;
      |             ^
/Library/Developer/CommandLineTools/SDKs/MacOSX.sdk/usr/include/_stdio.h:278:1: note: 'sprintf' has been explicitly marked deprecated here
urity c  278 | __doncereprens icated_nheremsg("Thint s functiin the desigon n of spis providrined fotf(3), it isr c highly ompatrecibilommendity reasons oed that nly. you use s Due to snprintfe(3) incuritystead.")
      | ^
 conce/Library/Developer/CommandLineTools/SDKs/MacOSX.sdk/usr/include/sys/cdefs.h:227:48:rns inhe note: expanded from macro '__deprecated_msg'
rent i  227 |         #define _n the _deprecatedesigd_msg(_msg) __attribute__((n of spr__depintf(3recated__(_m), isg)))
      |                                                       ^t is high
ly recommend/Users/adrian/CLionProjects/CREXX/lib/plugins/recv390/recv390.c:1405:13: warning: ed tha'sprintf' is deprecated: This function is provided for compatibility reasons only.  Due to security concerns inherent in the design of sprintf(3), it is highly recommended that you use snprintf(3) instead. [-Wdeprecated-declarations]
t you use  1405 |    sn       printf(3) inste  sprintad.f(work")
      | ^
, "/Library/Developer/CommandLineTools/SDKs/MacOSX.sdk/usr/include/sys/cdefs.h:227: %.2d.48": note: expanded from macro '__deprecated_msg'
, te  227 |         #defimp);
      ne __|             ^
deprec/Library/Developer/CommandLineTools/SDKs/MacOSX.sdk/usr/include/_stdio.h:278:ated_m1: note: 'sprintf' has been explicitly marked deprecated here
sg  278 | __deprecated_msg(_msg) __attribute__(("T(__dephis furecanctionted__(_msg)))
      |                                                       ^
 is provided for compatibility reasons only.  Due to securi/Users/adrian/CLionProjects/CREXX/lib/plugins/recv390/recv390.c:1420:13ty c: warning: 'sprintf' is deprecated: This function is provided for compatibility reasons only.  Due to security concerns inherent in the design of sprintf(3), it is highly recommended that you use snprintf(3) instead. [-Wdeprecated-declarations]oncerns i
nheren 1420 |  t in t         he des  sprintf(worignk, " %5 of sprintfd", tem(3), ip);
t is hig      |             ^
hly re/Library/Developer/CommandLineTools/SDKs/MacOSX.sdk/usr/include/_stdio.h:278:1: commennote: 'sprintf' has been explicitly marked deprecated here
de  278 | __deprd that ecated_msg("This fuyou usne ction sis prnprinovided for compatibility reasons only. t Duf(3) e to secuinstead."rity c)
      | ^
oncer/Library/Developer/CommandLineTools/SDKs/MacOSX.sdk/usr/include/sys/cdefs.h:227:48: note: expanded from macro '__deprecated_msg'
ns in  227 |         #herentdefin in the __deprecate desied_mgn of sprinsg(_tf(3),msg) __attribut it is hie__ghly r((__deecommenpreded thcateat youd__( use s_msg)))
      | nprint                                                      ^
f(3) instead.")
      | ^
/Library/Developer/CommandLineTools/SDKs/MacOSX.sdk/usr/include/sys/cdefs.h:227:48: note: expanded from macro '__deprecated_msg'
  227 |         #defi/Users/adrian/CLionProjects/CREXX/lib/plugins/recv390/recv390.c:1408:13: warning: 'sprintf' is deprecated: This function is provided for compatibility reasons only.  Due to security concerns inherent in the design of sprintf(3), it is highly recommended that you use snprintf(3) instead. [-Wdeprecated-declarations]
ne __d 1408 | epreca            spted_msrintg(_msgf(wo) __ark, "%.2ttribd", ute__temp)((__de;
      |             ^
precat/Library/Developer/CommandLineTools/SDKs/MacOSX.sdk/usr/include/_stdio.h:278:1: note: ed__'sprintf' has been explicitly marked deprecated here
(_msg)  278 | __d))
eprecat      |                                                       ^
ed_msg("This function is provide/Users/adrian/CLionProjects/CREXX/lib/plugins/recv390/recv390.c:1423:d for compat13: warning: ibility reasons only.  Du'sprintf' is deprecated: This function is provided for compatibility reasons only.  Due to security concerns inherent in the design of sprintf(3), it is highly recommended that you use snprintf(3) instead. [-Wdeprecated-declarations]
e to s 1423 |             sprintf(work, " %5d", temp);ecurity
      |             ^
 conc/Library/Developer/CommandLineTools/SDKs/MacOSX.sdk/usr/include/_stdio.h:278:1erns : note: 'sprintf' has been explicitly marked deprecated here
in  278 | herent__depre in tcatehe desd_msg("ign ofThis fun sprinctiontf(3), is  it pris highly recommended that you use snprintf(3) instead.")
      | ^
/Library/Developer/CommandLineTools/SDKs/MacOSX.sdk/usr/include/sys/cdefs.h:227:48: note: expanded from macro '__deprecated_msg'
  227 |         #define __deprecated_msg(_msg) __attribute__((__deprecated__(_msg)))
      |                                                       ^
ovid/Users/adrian/CLionProjects/CREXX/lib/plugins/recv390/recv390.c:1414:13: warning: 'sprintf' is deprecated: This function is provided for compatibility reasons only.  Due to security concerns inherent in the design of sprintf(3), it is highly recommended that you use snprintf(3) instead. [-Wdeprecated-declarations]
 1414 |   ed fo   r compat  ibi    lity  sprintf(work, " %.2x", temp);
      |             ^r
easons only.  Due to security co/Library/Developer/CommandLineTools/SDKs/MacOSX.sdk/usr/include/_stdio.h:278ncern:1: note: 'sprintf' has been explicitly marked deprecated here
s inherent in   278 | __dethe design of sprintf(precat3), ied_msgt (is highly recommended tha"Tht you use snprintf(3) instead.")
      | ^
is fu/Library/Developer/CommandLineTools/SDKs/MacOSX.sdk/usr/include/sys/cdefs.h:nctio227:48n is : note: expanded from macro '__deprecated_msg'provid
  227 |         #ed defifor ne _compa_depretibicated_lity reasons only.  Due to secmsg(_urity msg) conce__attribute_rns inh_((__derent in the design oeprecatedf sprintf(3), it is highly reco__m(_msg)))mended t
      hat you|                                                       ^
 use snprintf(3) instead.")
      | ^
/Library/Developer/CommandLineTools/SDKs/MacOSX.sdk/usr/include/sys/cdefs.h:227:48: note: expanded from macro '__deprecated_msg'
  227 |         #define __deprecated_msg(_/Users/adrian/CLionProjects/CREXX/lib/plugins/recv390/recv390.c:1426:13msg) : warning: __attribute__'sprintf' is deprecated: This function is provided for compatibility reasons only.  Due to security concerns inherent in the design of sprintf(3), it is highly recommended that you use snprintf(3) instead. [-Wdeprecated-declarations]
((__deprecated__(_msg)))
      |                                                       ^
 1426 |             sprintf(work, "/Users/adrian/CLionProjects/CREXX/lib/plugins/recv390/recv390.c:1417:13: warning: 'sprintf' is deprecated: This function is provided for compatibility reasons only.  Due to security concerns inherent in the design of sprintf(3), it is highly recommended that you use snprintf(3) instead. [-Wdeprecated-declarations] %5d ", temp);
      |             ^

 1417 |    /Library/Developer/CommandLineTools/SDKs/MacOSX.sdk/usr/include/_stdio.h:278         s:1: printnote: 'sprintf' has been explicitly marked deprecated here
f(work  278 | __, ":%.2x", temp);
      |             ^
depr/Library/Developer/CommandLineTools/SDKs/MacOSX.sdk/usr/include/_stdio.h:278:1ecated_ms: note: 'sprintf' has been explicitly marked deprecated here
g("This fu  278 | __nctideprecaton is ed_msg("provided foThis function is provided for compatibilr compatibity reasonility reass onlons only.  Due y.  Due tto securityo sec conuritycer concns erns inherentinher in ethe desint in the design of sprintf(3)gn of, it is high sply recomrintf(3), it is himended that ghly reyou use snprintf(3commended tha) instet you usead.")
      |  sn^
pri/Library/Developer/CommandLineTools/SDKs/MacOSX.sdk/usr/include/sys/cdefs.h:227:48: ntf(note: expanded from macro '__deprecated_msg'
3) instead.  227 |         #d")
      | ^
efine /Library/Developer/CommandLineTools/SDKs/MacOSX.sdk/usr/include/sys/cdefs.h:227:48: note: expanded from macro '__deprecated_msg'
__dep  227 |         #define __deprecated_msg(_msg) __attribute__((__deprecated__(_msg)))
      |                                                       ^
recated_msg(_msg) __attribute__((__deprecated__(_msg)))
      |                                                       ^
/Users/adrian/CLionProjects/CREXX/lib/plugins/recv390/recv390.c:1420:13: warning: 'sprintf' is deprecated: This function is provided for compatibility reasons only.  Due to security concerns inherent in the design of sprintf(3), it is highly recommended that you use snprintf(3) instead. [-Wdeprecated-declarations]
 1420 |             sprintf(work, " %5d", temp);
      |             ^
/Library/Developer/CommandLineTools/SDKs/MacOSX.sdk/usr/include/_stdio.h:278:1: note: 'sprintf' has been explicitly marked deprecated here
  278 | __deprecated_msg("This function is provided for compatibility reasons only.  Due to security concerns inherent in the design of sprintf(3), it is highly recommended that you use snprintf(3) instead.")
      | ^
/Library/Developer/CommandLineTools/SDKs/MacOSX.sdk/usr/include/sys/cdefs.h:227:48: note: expanded from macro '__deprecated_msg'
  227 |         #define __deprecated_msg(_msg) __attribute__((__deprecated__(_msg)))
      |                                                       ^
/Users/adrian/CLionProjects/CREXX/lib/plugins/recv390/recv390.c:1423:13: warning: 'sprintf' is deprecated: This function is provided for compatibility reasons only.  Due to security concerns inherent in the design of sprintf(3), it is highly recommended that you use snprintf(3) instead. [-Wdeprecated-declarations]
 1423 |             sprintf(work, " %5d", temp);
      |             ^
/Library/Developer/CommandLineTools/SDKs/MacOSX.sdk/usr/include/_stdio.h:278:1: note: 'sprintf' has been explicitly marked deprecated here
  278 | __deprecated_msg("This function is provided for compatibility reasons only.  Due to security concerns inherent in the design of sprintf(3), it is highly recommended that you use snprintf(3) instead.")
      | ^
/Library/Developer/CommandLineTools/SDKs/MacOSX.sdk/usr/include/sys/cdefs.h:227:48: note: expanded from macro '__deprecated_msg'
  227 |         #define __deprecated_msg(_msg) __attribute__((__deprecated__(_msg)))
      |                                                       ^
/Users/adrian/CLionProjects/CREXX/lib/plugins/recv390/recv390.c:1426:13: warning: 'sprintf' is deprecated: This function is provided for compatibility reasons only.  Due to security concerns inherent in the design of sprintf(3), it is highly recommended that you use snprintf(3) instead. [-Wdeprecated-declarations]
 1426 |             sprintf(work, " %5d ", temp);
      |             ^
/Library/Developer/CommandLineTools/SDKs/MacOSX.sdk/usr/include/_stdio.h:278:1: note: 'sprintf' has been explicitly marked deprecated here
  278 | __deprecated_msg("This function is provided for compatibility reasons only.  Due to security concerns inherent in the design of sprintf(3), it is highly recommended that you use snprintf(3) instead.")
      | ^
/Library/Developer/CommandLineTools/SDKs/MacOSX.sdk/usr/include/sys/cdefs.h:227:48: note: expanded from macro '__deprecated_msg'
  227 |         #define __deprecated_msg(_msg) __attribute__((__deprecated__(_msg)))
      |                                                       ^
/Users/adrian/CLionProjects/CREXX/lib/plugins/recv390/recv390.c:2254:9: warning: 'sprintf' is deprecated: This function is provided for compatibility reasons only.  Due to security concerns inherent in the design of sprintf(3), it is highly recommended that you use snprintf(3) instead. [-Wdeprecated-declarations]
 2254 |         sprintf(hdrbuf, "<snap> %p.%d (0x%.4X) %s\n", ptr, len, len, title);
      |         ^
/Library/Developer/CommandLineTools/SDKs/MacOSX.sdk/usr/include/_stdio.h:278:1: note: 'sprintf' has been explicitly marked deprecated here
  278 | __deprecated_msg("This function is provided for compatibility reasons only.  Due to security concerns inherent in the design of sprintf(3), it is highly recommended that you use snprintf(3) instead.")
      | ^
/Library/Developer/CommandLineTools/SDKs/MacOSX.sdk/usr/include/sys/cdefs.h:227:48: note: expanded from macro '__deprecated_msg'
  227 |         #define __deprecated_msg(_msg) __attribute__((__deprecated__(_msg)))
      |                                                       ^
/Users/adrian/CLionProjects/CREXX/lib/plugins/recv390/recv390.c:2267:17: warning: 'sprintf' is deprecated: This function is provided for compatibility reasons only.  Due to security concerns inherent in the design of sprintf(3), it is highly recommended that you use snprintf(3) instead. [-Wdeprecated-declarations]
 2267 |             x = sprintf(prtbuf, "%.8lX %.4x  ",
      |                 ^
/Library/Developer/CommandLineTools/SDKs/MacOSX.sdk/usr/include/_stdio.h:278:1: note: 'sprintf' has been explicitly marked deprecated here
  278 | __deprecated_msg("This function is provided for compatibility reasons only.  Due to security concerns inherent in the design of sprintf(3), it is highly recommended that you use snprintf(3) instead.")
      | ^
/Library/Developer/CommandLineTools/SDKs/MacOSX.sdk/usr/include/sys/cdefs.h:227:48: note: expanded from macro '__deprecated_msg'
  227 |         #define __deprecated_msg(_msg) __attribute__((__deprecated__(_msg)))
      |                                                       ^
/Users/adrian/CLionProjects/CREXX/lib/plugins/recv390/recv390.c:2271:17: warning: 'sprintf' is deprecated: This function is provided for compatibility reasons only.  Due to security concerns inherent in the design of sprintf(3), it is highly recommended that you use snprintf(3) instead. [-Wdeprecated-declarations]
 2271 |             x = s/Users/adrian/CLionProjects/CREXX/lib/plugins/recv390/recv390.cprintf:2254:9(prtbuf,: warning: 'sprintf' is deprecated: This function is provided for compatibility reasons only.  Due to security concerns inherent in the design of sprintf(3), it is highly recommended that you use snprintf(3) instead. [-Wdeprecated-declarations]
  "%.2254 | 4x  ", i + o   ffset)   ;
        sprintf(h| d                ^
rbuf, /Library/Developer/CommandLineTools/SDKs/MacOSX.sdk/usr/include/_stdio.h:278:"<snap>1 %: note: 'sprintf' has been explicitly marked deprecated here
p.%  278d (0x%.4X) | __deprecat %s\n", ptr, len, led_men, tsg("Title)his;
      |         ^
 function is /Library/Developer/CommandLineTools/SDKs/MacOSX.sdk/usr/include/_stdio.h:provide278d f:1: note: 'sprintf' has been explicitly marked deprecated here
or compat  278 | __deprecated_msgibility reaso("Thins onlys function.  Due is prov tided foo security cor compancerntibilisty  inherreaensot ns onlyin the .  Due tdeso securiign of spty concerintfrns(3) inhe, itrent in the des is highign of ly rsprintfeco(3), it mmended is hithat you use snprintf(3) inghly recstead.")
      | ^
ommended that you/Library/Developer/CommandLineTools/SDKs/MacOSX.sdk/usr/include/sys/cdefs.h:227:48: use snpri note: expanded from macro '__deprecated_msg'
ntf(3)  227 |         #def ine _instead.")
      | ^_de
/Library/Developer/CommandLineTools/SDKs/MacOSX.sdk/usr/include/sys/cdefs.h:227:48: note: expanded from macro '__deprecated_msg'precate
d_  227 |         #define msg(_msg__depr) __ecateattribute__((__deprecatedd_msg(__(_msg)))_msg) __attri
      |                                                       ^
bute__((__deprecated__(_msg)))
      |                                                       ^
/Users/adrian/CLionProjects/CREXX/lib/plugins/recv390/recv390.c:2279:21: warning: 'sprintf' is deprecated: This function is provided for compatibility reasons only.  Due to security concerns inherent in the design of sprintf(3), it is highly recommended that you use snprintf(3) instead. [-Wdeprecated-declarations]
 2279 |                     sprintf(&prtb/Users/adrian/CLionProjects/CREXX/lib/plugins/recv390/recv390.c:2267:17: warning: 'sprintf' is deprecated: This function is provided for compatibility reasons only.  Due to security concerns inherent in the design of sprintf(3), it is highly recommended that you use snprintf(3) instead. [-Wdeprecated-declarations]
uf 2267 |             x = sprintf(prtbuf, "%.8lX %.4x  ",
      |                 ^
[x], "%.2x", workint);
      |                     ^
/Library/Developer/CommandLineTools/SDKs/MacOSX.sdk/usr/include/_stdio.h:278:1: note: 'sprintf' has been explicitly marked deprecated here
/Library/Developer/CommandLineTools/SDKs/MacOSX.sdk/usr/include/_stdio.h:278:1: note: 'sprintf' has been explicitly marked deprecated here
  278 | _  278 | __d_depreceprecatated_med_msg("This function isgs pr("This function is provided for compatibility reaovsons only.  Due to security concerns inherent in the design of sprintf(3), it is highly recommendeided for compatibility reasons only.  Due to securid tythat you use snprintf(3) instead.")
      | ^ c
oncerns inherent in the desig/Library/Developer/CommandLineTools/SDKs/MacOSX.sdk/usr/include/sys/cdefs.h:n of sprintf(3), 227:it is highly recommended that you use snprintf(3) instead.")
      48: note: expanded from macro '__deprecated_msg'
| ^
  227 |         #d/Library/Developer/CommandLineTools/SDKs/MacOSX.sdk/usr/include/sys/cdefs.h:227:48: note: expanded from macro '__deprecated_msg'
efine   227 |         #define __depre__cateddep_msg(_msg) __attribute__(re(__deprecated__(_msg)))
      |                                                       ^
cated_msg(_msg) __attribute__((__deprecated__(_msg)))
      |                                                       ^
/Users/adrian/CLionProjects/CREXX/lib/plugins/recv390/recv390.c:2271:17: warning: 'sprintf' is deprecated: This function is provided for compatibility reasons only.  Due to security concerns inherent in the design of sprintf(3), it is highly recommended that you use snprintf(3) instead. [-Wdeprecated-declarations]
 2271 |             x = sprintf(prtbuf, "%.4x  ", i + offset);
      |                 ^
/Library/Developer/CommandLineTools/SDKs/MacOSX.sdk/usr/include/_stdio.h:278:1: note: 'sprintf' has been explicitly marked deprecated here
  278 | __deprecated_msg("This function is provided for compatibility reasons only.  Due to security concerns inherent in the design of sprintf(3), it is highly recommended that you use snprintf(3) instead.")
      | ^
/Library/Developer/CommandLineTools/SDKs/MacOSX.sdk/usr/include/sys/cdefs.h:227:48: note: expanded from macro '__deprecated_msg'
  227 |         #define __deprecated_msg(_msg) __attribute__((__deprecated__(_msg)))
      |                                                       ^
/Users/adrian/CLionProjects/CREXX/lib/plugins/recv390/recv390.c:2279:21: warning: 'sprintf' is deprecated: This function is provided for compatibility reasons only.  Due to security concerns inherent in the design of sprintf(3), it is highly recommended that you use snprintf(3) instead. [-Wdeprecated-declarations]
 2279 |                     sprintf(&prtbuf[x], "%.2x", workint);
      |                     ^
/Library/Developer/CommandLineTools/SDKs/MacOSX.sdk/usr/include/_stdio.h:278:1: note: 'sprintf' has been explicitly marked deprecated here
  278 | __deprecated_msg("This function is provided for compatibility reasons only.  Due to security concerns inherent in the design of sprintf(3), it is highly recommended that you use snprintf(3) instead.")
      | ^
/Library/Developer/CommandLineTools/SDKs/MacOSX.sdk/usr/include/sys/cdefs.h:227:48: note: expanded from macro '__deprecated_msg'
  227 |         #define __deprecated_msg(_msg) __attribute__((__deprecated__(_msg)))
      |                                                       ^
[ 13%] Building C object lib/plugins/rxtcp/CMakeFiles/_rxtcp.dir/rxtcp.c.o
[ 13%] Linking C shared module ../../../bin/rx_map.rxplugin
14 warnings generated.
14 warnings generated.
[ 13%] Linking C shared module ../../../bin/rx_recv390.rxplugin
[ 13%] Linking C static library ../../../bin/rx_recv390_static.a
[ 13%] Linking C shared module ../../../bin/rx_rxtcp.rxplugin
[ 13%] Built target _map
[ 13%] Built target _recv390
[ 13%] Building C object lib/plugins/rxtcp/CMakeFiles/_rxtcp_static.dir/rxtcp.c.o
[ 13%] Built target _recv390_static
[ 13%] Built target _rxtcp
[ 13%] Building C object lib/plugins/odbc/CMakeFiles/_odbc_static.dir/odbc.c.o
[ 13%] Building C object lib/plugins/odbc/CMakeFiles/_odbc.dir/odbc.c.o
[ 13%] Building C object tests/CMakeFiles/test_rxinteger_contract.dir/test_rxinteger_contract.c.o
[ 13%] Linking C static library ../../../bin/rx_rxtcp_static.a
[ 13%] Linking C executable test_rxinteger_contract
[ 13%] Linking C static library ../../../bin/rx_odbc_static.a
[ 13%] Linking C shared module ../../../bin/rx_odbc.rxplugin
[ 13%] Built target _rxtcp_static
[ 13%] Building C object tests/CMakeFiles/test_rxop_metadata.dir/test_rxop_metadata.c.o
[ 13%] Built target test_rxinteger_contract
[ 13%] Built target _odbc_static
[ 13%] Building C object tests/CMakeFiles/test_rxop_metadata.dir/__/binutils/include/opdata.c.o
[ 13%] Built target _odbc
[ 13%] Building C object tests/CMakeFiles/test_rxop_metadata.dir/__/binutils/rxopmeta.c.o
[ 13%] Built target signal_tester
[ 13%] Building C object tests/rxpa/CMakeFiles/_rcc_provider.dir/rcc_provider.c.o
[ 13%] Building C object tests/rxpa/CMakeFiles/_rcc_provider_static.dir/rcc_provider.c.o
[ 13%] Building C object tests/rxpa/CMakeFiles/_cri17_attached.dir/cri17_attached_provider.c.o
[ 13%] Linking C executable test_rxop_metadata
[ 13%] Linking C shared module ../../bin/rx_rcc_provider.rxplugin
[ 13%] Linking C static library ../rx_rcc_provider_static.a
[ 13%] Linking C shared module rx_cri17provider.rxplugin
[ 13%] Built target test_rxop_metadata
[ 13%] Building C object tests/rxpa/CMakeFiles/_cri17_attached_static.dir/cri17_attached_provider.c.o
[ 13%] Built target _rcc_provider
[ 13%] Building C object tests/rxpa/CMakeFiles/_rxpa_bench_reentrant.dir/rxpa_call_kernel.c.o
[ 13%] Built target _cri17_attached
[ 13%] Built target _rcc_provider_static
[ 13%] Linking C static library ../rx_cri17provider_static.a
[ 13%] Building C object tests/rxpa/CMakeFiles/_rxpa_bench_legacy.dir/rxpa_call_kernel.c.o
[ 13%] Building C object tests/rxpa/CMakeFiles/_rxpa_bench_session.dir/rxpa_call_kernel.c.o
[ 13%] Linking C shared module rx_rxpa_bench_reentrant.rxplugin
[ 13%] Linking C shared module rx_rxpa_bench_session.rxplugin
[ 13%] Linking C shared module rx_rxpa_bench_legacy.rxplugin
[ 13%] Built target _rxpa_bench_reentrant
[ 13%] Built target _cri17_attached_static
[ 13%] Built target _rxpa_bench_session
[ 13%] Built target _rxpa_bench_legacy
[ 13%] Building C object tests/rxpa/CMakeFiles/_rxpa_objects.dir/rxpa_objects.c.o
[ 13%] Building C object tests/rxpa/CMakeFiles/_rxpa_objects_static.dir/rxpa_objects.c.o
[ 13%] Building C object tests/rxpa/CMakeFiles/_rxpa_objects_decl.dir/rxpa_objects.c.o
[ 13%] Building C object tests/rxpa/CMakeFiles/_rxpa_callmethod_static.dir/rxpa_callmethod.c.o
[ 13%] Linking C static library ../rx_rxpa_objects_decl.a
[ 13%] Linking C shared module rx_rxpa_objects.rxplugin
[ 13%] Linking C static library ../rx_rxpa_callmethod_static.a
[ 13%] Linking C static library ../rx_rxpa_objects_static.a
[ 13%] Built target _rxpa_objects_decl
[ 13%] Built target _rxpa_callmethod_static
[ 13%] Built target _rxpa_objects
[ 13%] Building C object tests/rxpa/CMakeFiles/_rxpalink_decl.dir/rxpa_staticlink.c.o
[ 14%] Building C object tests/rxpa/CMakeFiles/_rxpa_classdecl_static_decl.dir/rxpa_classdecl.c.o
[ 14%] Building C object tests/rxpa/CMakeFiles/_rxpalink_static.dir/rxpa_staticlink.c.o
[ 14%] Built target _rxpa_objects_static
[ 14%] Building C object tests/rxpa/CMakeFiles/_testfuncs_static.dir/rxpa_functests.c.o
[ 14%] Linking C static library ../rx_rxpalink_decl.a
[ 14%] Linking C static library ../rx_rxpa_classdecl_static_decl.a
[ 14%] Linking C static library ../rx_rxpalink_static.a
/Users/adrian/CLionProjects/CREXX/tests/rxpa/rxpa_functests.c:119:5: warning: 'sprintf' is deprecated: This function is provided for compatibility reasons only.  Due to security concerns inherent in the design of sprintf(3), it is highly recommended that you use snprintf(3) instead. [-Wdeprecated-declarations]
  119 |     sprintf(buffer, "%s%s", GETSTRING(ARG(0)), GETSTRING(ARG(1)));
      |     ^
/Library/Developer/CommandLineTools/SDKs/MacOSX.sdk/usr/include/_stdio.h:278:1: note: 'sprintf' has been explicitly marked deprecated here
  278 | __deprecated_msg("This function is provided for compatibility reasons only.  Due to security concerns inherent in the design of sprintf(3), it is highly recommended that you use snprintf(3) instead.")
      | ^
/Library/Developer/CommandLineTools/SDKs/MacOSX.sdk/usr/include/sys/cdefs.h:227:48: note: expanded from macro '__deprecated_msg'
  227 |         #define __deprecated_msg(_msg) __attribute__((__deprecated__(_msg)))
      |                                                       ^
/Users/adrian/CLionProjects/CREXX/tests/rxpa/rxpa_functests.c:139:5: warning: 'sprintf' is deprecated: This function is provided for compatibility reasons only.  Due to security concerns inherent in the design of sprintf(3), it is highly recommended that you use snprintf(3) instead. [-Wdeprecated-declarations]
  139 |     sprintf(buffer, "%s%s", GETSTRING(ARG(0)), GETSTRING(ARG(1)));
      |     ^
/Library/Developer/CommandLineTools/SDKs/MacOSX.sdk/usr/include/_stdio.h:278:1: note: 'sprintf' has been explicitly marked deprecated here
  278 | __deprecated_msg("This function is provided for compatibility reasons only.  Due to security concerns inherent in the design of sprintf(3), it is highly recommended that you use snprintf(3) instead.")
      | ^
/Library/Developer/CommandLineTools/SDKs/MacOSX.sdk/usr/include/sys/cdefs.h:227:48: note: expanded from macro '__deprecated_msg'
  227 |         #define __deprecated_msg(_msg) __attribute__((__deprecated__(_msg)))
      |                                                       ^
2 warnings generated.
[ 14%] Linking C static library ../rx_testfuncs_static.a
[ 14%] Built target _rxpalink_decl
[ 14%] Built target _rxpa_classdecl_static_decl
[ 14%] Built target _rxpalink_static
[ 14%] Built target parser_tester
[ 14%] Built target platform_terminal_harness
[ 14%] Built target rxcpack
[ 14%] Built target _testfuncs_static
[ 14%] Linking C executable ../bin/test_rxsha256
[ 14%] Building C object binutils/CMakeFiles/test_rxgraph.dir/tests/test_rxgraph.c.o
[ 14%] Built target crexx-contract
[ 15%] Built target rxas_test_flatten
[ 15%] Built target test_rxsha256
[ 15%] Built target rxvmref
[ 18%] Built target re2c
[ 18%] Linking C executable ../bin/test_rxgraph
[ 18%] Building C object interpreter/CMakeFiles/test_rxpa_odbc_old_host.dir/tests/test_rxpa_odbc_old_host.c.o
[ 18%] Built target sqlite
[ 18%] Building C object lib/plugins/sqlite/CMakeFiles/sqlite_static.dir/rxsqlite.c.o
[ 18%] Building C object lib/plugins/sqlite/CMakeFiles/rxsqlite_thread_test.dir/tests/rxsqlite_thread_test.c.o
[ 18%] Linking C executable test_rxpa_odbc_old_host
[ 18%] Built target test_rxgraph
[ 18%] Built target test_rxpa_odbc_old_host
[ 21%] Built target ggml-metal
[ 22%] Linking C static library ../../../bin/rxsqlite_static.a
[ 22%] Built target rxaslib
[ 22%] Linking C executable rxsqlite_thread_test
[ 22%] Built target rxvmplugin
[ 23%] Built target ggml-cpu
[ 23%] Building C object interpreter/CMakeFiles/ts_regvalue_tester.dir/tests/ts_regvalue_tester.c.o
[ 23%] Building C object interpreter/CMakeFiles/test_rxvmstem.dir/tests/test_rxvmstem.c.o
[ 23%] Built target sqlite_static
[ 23%] Built target rxsqlite_thread_test
In file included from /Users/adrian/CLionProjects/CREXX/interpreter/tests/ts_regvalue_tester.c:15:
/Users/adrian/CLionProjects/CREXX/interpreter/rxvmvars.h:2897:13: warning: 'sprintf' is deprecated: This function is provided for compatibility reasons only.  Due to security concerns inherent in the design of sprintf(3), it is highly recommended that you use snprintf(3) instead. [-Wdeprecated-declarations]
 2897 |             sprintf(formatted_output, scientific_format, coefficient, exponent);
      |             ^
/Library/Developer/CommandLineTools/SDKs/MacOSX.sdk/usr/include/_stdio.h:278:1: note: 'sprintf' has been explicitly marked deprecated here
  278 | __deprecated_msg("This function is provided for compatibility reasons only.  Due to security concerns inherent in the design of sprintf(3), it is highly recommended that you use snprintf(3) instead.")
      | ^
/Library/Developer/CommandLineTools/SDKs/MacOSX.sdk/usr/include/sys/cdefs.h:227:48: note: expanded from macro '__deprecated_msg'
  227 |         #define __deprecated_msg(_msg) __attribute__((__deprecated__(_msg)))
      |                                                       ^
In file included from /Users/adrian/CLionProjects/CREXX/interpreter/tests/ts_regvalue_tester.c:15:
/Users/adrian/CLionProjects/CREXX/interpreter/rxvmvars.h:3032:5: warning: 'sprintf' is deprecated: This function is provided for compatibility reasons only.  Due to security concerns inherent in the design of sprintf(3), it is highly recommended that you use snprintf(3) instead. [-Wdeprecated-declarations]
 3032 |     sprintf(formatted_output, engineering_format, eng_exp);
      |     ^
/Library/Developer/CommandLineTools/SDKs/MacOSX.sdk/usr/include/_stdio.h:278:1: note: 'sprintf' has been explicitly marked deprecated here
  278 | __deprecated_msg("This function is provided for compatibility reasons only.  Due to security concerns inherent in the design of sprintf(3), it is highly recommended that you use snprintf(3) instead.")
      | ^
/Library/Developer/CommandLineTools/SDKs/MacOSX.sdk/usr/include/sys/cdefs.h:227:48: note: expanded from macro '__deprecated_msg'
  227 |         #define __deprecated_msg(_msg) __attribute__((__deprecated__(_msg)))
      |                                                       ^
[ 23%] Building C object interpreter/CMakeFiles/test_rxvmstem_allocator_family.dir/tests/test_rxvmstem_allocator_family.c.o
[ 23%] Building C object interpreter/CMakeFiles/test_rxpa_utf_validation.dir/tests/test_rxpa_utf_validation.c.o
In file included from /Users/adrian/CLionProjects/CREXX/interpreter/tests/test_rxvmstem.c:26:
In file included from /Users/adrian/CLionProjects/CREXX/interpreter/rxvmstem.h:32:
/Users/adrian/CLionProjects/CREXX/interpreter/rxvmvars.h:2897:13: warning: 'sprintf' is deprecated: This function is provided for compatibility reasons only.  Due to security concerns inherent in the design of sprintf(3), it is highly recommended that you use snprintf(3) instead. [-Wdeprecated-declarations]
 2897 |             sprintf(formatted_output, scientific_format, coefficient, exponent);
      |             ^
/Library/Developer/CommandLineTools/SDKs/MacOSX.sdk/usr/include/_stdio.h:278:1: note: 'sprintf' has been explicitly marked deprecated here
  278 | __deprecated_msg("This function is provided for compatibility reasons only.  Due to security concerns inherent in the design of sprintf(3), it is highly recommended that you use snprintf(3) instead.")
      | ^
/Library/Developer/CommandLineTools/SDKs/MacOSX.sdk/usr/include/sys/cdefs.h:227:48: note: expanded from macro '__deprecated_msg'
  227 |         #define __deprecated_msg(_msg) __attribute__((__deprecated__(_msg)))
      |                                                       ^
In file included from /Users/adrian/CLionProjects/CREXX/interpreter/tests/test_rxvmstem.c:26:
In file included from /Users/adrian/CLionProjects/CREXX/interpreter/rxvmstem.h:32:
/Users/adrian/CLionProjects/CREXX/interpreter/rxvmvars.h:3032:5: warning: 'sprintf' is deprecated: This function is provided for compatibility reasons only.  Due to security concerns inherent in the design of sprintf(3), it is highly recommended that you use snprintf(3) instead. [-Wdeprecated-declarations]
 3032 |     sprintf(formatted_output, engineering_format, eng_exp);
      |     ^
/Library/Developer/CommandLineTools/SDKs/MacOSX.sdk/usr/include/_stdio.h:278:1: note: 'sprintf' has been explicitly marked deprecated here
  278 | __deprecated_msg("This function is provided for compatibility reasons only.  Due to security concerns inherent in the design of sprintf(3), it is highly recommended that you use snprintf(3) instead.")
      | ^
/Library/Developer/CommandLineTools/SDKs/MacOSX.sdk/usr/include/sys/cdefs.h:227:48: note: expanded from macro '__deprecated_msg'
  227 |         #define __deprecated_msg(_msg) __attribute__((__deprecated__(_msg)))
      |                                                       ^
In file included from /Users/adrian/CLionProjects/CREXX/interpreter/tests/test_rxvmstem_allocator_family.c:9:
In file included from /Users/adrian/CLionProjects/CREXX/interpreter/rxvmstem.h:32:
/Users/adrian/CLionProjects/CREXX/interpreter/rxvmvars.h:2897:13: warning: 'sprintf' is deprecated: This function is provided for compatibility reasons only.  Due to security concerns inherent in the design of sprintf(3), it is highly recommended that you use snprintf(3) instead. [-Wdeprecated-declarations]
 2897 |             sprintf(formatted_output, scientific_format, coefficient, exponent);
      |             ^
/Library/Developer/CommandLineTools/SDKs/MacOSX.sdk/usr/include/_stdio.h:278:1: note: 'sprintf' has been explicitly marked deprecated here
  278 | __deprecated_msg("This function is provided for compatibility reasons only.  Due to security concerns inherent in the design of sprintf(3), it is highly recommended that you use snprintf(3) instead.")
      | ^
/Library/Developer/CommandLineTools/SDKs/MacOSX.sdk/usr/include/sys/cdefs.h:227:48: note: expanded from macro '__deprecated_msg'
  227 |         #define __deprecated_msg(_msg) __attribute__((__deprecated__(_msg)))
      |                                                       ^
In file included from /Users/adrian/CLionProjects/CREXX/interpreter/tests/test_rxvmstem_allocator_family.c:9:
In file included from /Users/adrian/CLionProjects/CREXX/interpreter/rxvmstem.h:32:
/Users/adrian/CLionProjects/CREXX/interpreter/rxvmvars.h:3032:5: warning: 'sprintf' is deprecated: This function is provided for compatibility reasons only.  Due to security concerns inherent in the design of sprintf(3), it is highly recommended that you use snprintf(3) instead. [-Wdeprecated-declarations]
 3032 |     sprintf(formatted_output, engineering_format, eng_exp);
      |     ^
/Library/Developer/CommandLineTools/SDKs/MacOSX.sdk/usr/include/_stdio.h:278:1: note: 'sprintf' has been explicitly marked deprecated here
  278 | __deprecated_msg("This function is provided for compatibility reasons only.  Due to security concerns inherent in the design of sprintf(3), it is highly recommended that you use snprintf(3) instead.")
      | ^
/Library/Developer/CommandLineTools/SDKs/MacOSX.sdk/usr/include/sys/cdefs.h:227:48: note: expanded from macro '__deprecated_msg'
  227 |         #define __deprecated_msg(_msg) __attribute__((__deprecated__(_msg)))
      |                                                       ^
In file included from /Users/adrian/CLionProjects/CREXX/interpreter/tests/test_rxpa_utf_validation.c:8:
/Users/adrian/CLionProjects/CREXX/interpreter/rxvmvars.h:2897:13: warning: 'sprintf' is deprecated: This function is provided for compatibility reasons only.  Due to security concerns inherent in the design of sprintf(3), it is highly recommended that you use snprintf(3) instead. [-Wdeprecated-declarations]
 2897 |             sprintf(formatted_output, scientific_format, coefficient, exponent);
      |             ^
/Library/Developer/CommandLineTools/SDKs/MacOSX.sdk/usr/include/_stdio.h:278:1: note: 'sprintf' has been explicitly marked deprecated here
  278 | __deprecated_msg("This function is provided for compatibility reasons only.  Due to security concerns inherent in the design of sprintf(3), it is highly recommended that you use snprintf(3) instead.")
      | ^
/Library/Developer/CommandLineTools/SDKs/MacOSX.sdk/usr/include/sys/cdefs.h:227:48: note: expanded from macro '__deprecated_msg'
  227 |         #define __deprecated_msg(_msg) __attribute__((__deprecated__(_msg)))
      |                                                       ^
In file included from /Users/adrian/CLionProjects/CREXX/interpreter/tests/test_rxpa_utf_validation.c:8:
/Users/adrian/CLionProjects/CREXX/interpreter/rxvmvars.h:3032:5: warning: 'sprintf' is deprecated: This function is provided for compatibility reasons only.  Due to security concerns inherent in the design of sprintf(3), it is highly recommended that you use snprintf(3) instead. [-Wdeprecated-declarations]
 3032 |     sprintf(formatted_output, engineering_format, eng_exp);
      |     ^
/Library/Developer/CommandLineTools/SDKs/MacOSX.sdk/usr/include/_stdio.h:278:1: note: 'sprintf' has been explicitly marked deprecated here
  278 | __deprecated_msg("This function is provided for compatibility reasons only.  Due to security concerns inherent in the design of sprintf(3), it is highly recommended that you use snprintf(3) instead.")
      | ^
/Library/Developer/CommandLineTools/SDKs/MacOSX.sdk/usr/include/sys/cdefs.h:227:48: note: expanded from macro '__deprecated_msg'
  227 |         #define __deprecated_msg(_msg) __attribute__((__deprecated__(_msg)))
      |                                                       ^
2 warnings generated.
2 warnings generated.
[ 23%] Linking C executable test_rxvmstem
2 warnings generated.
2 warnings generated.
[ 23%] Linking C executable ts_regvalue_tester
[ 23%] Building C object interpreter/CMakeFiles/test_rxpa_utf_validation.dir/rxpafuncs.c.o
[ 23%] Linking C executable test_rxvmstem_allocator_family
[ 23%] Built target test_rxvmstem
In file included from /Users/adrian/CLionProjects/CREXX/interpreter/rxpafuncs.c:34:
/Users/adrian/CLionProjects/CREXX/interpreter/rxvmvars.h:2897:13[ 23%] Built target ts_regvalue_tester
: warning: 'sprintf' is deprecated: This function is provided for compatibility reasons only.  Due to security concerns inherent in the design of sprintf(3), it is highly recommended that you use snprintf(3) instead. [-Wdeprecated-declarations]
 2897 |             sprintf(formatted_output, scientific_format, coefficient, exponent);
      |             ^
/Library/Developer/CommandLineTools/SDKs/MacOSX.sdk/usr/include/_stdio.h:278:1: note: 'sprintf' has been explicitly marked deprecated here
  278 | __deprecated_msg("This function is provided for compatibility reasons only.  Due to security concerns inherent in the design of sprintf(3), it is highly recommended that you use snprintf(3) instead.")
      | ^
/Library/Developer/CommandLineTools/SDKs/MacOSX.sdk/usr/include/sys/cdefs.h:227:48: note: expanded from macro '__deprecated_msg'
  227 |         #define __deprecated_msg(_msg) __attribute__((__deprecated__(_msg)))
      |                                                       ^
In file included from /Users/adrian/CLionProjects/CREXX/interpreter/rxpafuncs.c:34:
/Users/adrian/CLionProjects/CREXX/interpreter/rxvmvars.h:3032:5: warning: 'sprintf' is deprecated: This function is provided for compatibility reasons only.  Due to security concerns inherent in the design of sprintf(3), it is highly recommended that you use snprintf(3) instead. [-Wdeprecated-declarations]
 3032 |     sprintf(formatted_output, engineering_format, eng_exp);
      |     ^
/Library/Developer/CommandLineTools/SDKs/MacOSX.sdk/usr/include/_stdio.h:278:1: note: 'sprintf' has been explicitly marked deprecated here
  278 | __deprecated_msg("This function is provided for compatibility reasons only.  Due to security concerns inherent in the design of sprintf(3), it is highly recommended that you use snprintf(3) instead.")
      | ^
/Library/Developer/CommandLineTools/SDKs/MacOSX.sdk/usr/include/sys/cdefs.h:227:48: note: expanded from macro '__deprecated_msg'
  227 |         #define __deprecated_msg(_msg) __attribute__((__deprecated__(_msg)))
      |                                                       ^
[ 23%] Built target test_rxvmstem_allocator_family
[ 23%] Built target db_decimal_manual
[ 23%] Built target db_decimal_dynamic
[ 23%] Built target mc_decimal
[ 23%] Building C object interpreter/CMakeFiles/test_rxpa_utf_validation.dir/rxvmactive.c.o
2 warnings generated.
[ 23%] Building C object tests/CMakeFiles/test_rxas_flow_graph.dir/test_rxas_flow_graph.c.o
[ 23%] Built target ggml
[ 23%] Built target rxas
[ 23%] Built target mc_decimal_manual
[ 23%] Linking C executable test_rxpa_utf_validation
[ 23%] Built target mc_decimal_dynamic
[ 23%] Built target rxtvm
[ 23%] Building C object interpreter/CMakeFiles/rxbvm_instrumented.dir/rxvmmain.c.o
[ 23%] Building C object interpreter/CMakeFiles/rxtvm_instrumented.dir/rxvmmain.c.o
[ 23%] Built target test_rxpa_utf_validation
[ 23%] cREXX RXAS jump-table corruption base (linear) ...
/Users/adrian/CLionProjects/CREXX/interpreter/rxvmmain.c:367:13: warning: 'sprintf' is deprecated: This function is provided for compatibility reasons only.  Due to security concerns inherent in the design of sprintf(3), it is highly recommended that you use snprintf(3) instead. [-Wdeprecated-declarations]
  367 |             sprintf(installed_provider_path, "%s/providers", exe_path);
      |             ^
/Library/Developer/CommandLineTools/SDKs/MacOSX.sdk/usr/include/_stdio.h:278:1: note: 'sprintf' has been explicitly marked deprecated here
  278 | __deprecated_msg("This function is provided for compatibility reasons only.  Due to security concerns inherent in the design of sprintf(3), it is highly recommended that you use snprintf(3) instead.")
      | ^
/Library/Developer/CommandLineTools/SDKs/MacOSX.sdk/usr/include/sys/cdefs.h:227:48: note: expanded from macro '__deprecated_msg'
  227 |         #define __deprecated_msg(_msg) __attribute__((__deprecated__(_msg)))
      |                                                       ^
/Users/adrian/CLionProjects/CREXX/interpreter/rxvmmain.c:384:9: warning: 'sprintf' is deprecated: This function is provided for compatibility reasons only.  Due to security concerns inherent in the design of sprintf(3), it is highly recommended that you use snprintf(3) instead. [-Wdeprecated-declarations]
  384 |         sprintf(combined_location/Users/adrian/CLionProjects/CREXX/interpreter/rxvmmain.c:367, ".;%s;%s", co:13: warning: 'sprintf' is deprecated: This function is provided for compatibility reasons only.  Due to security concerns inherent in the design of sprintf(3), it is highly recommended that you use snprintf(3) instead. [-Wdeprecated-declarations]
ntext.location, exe_p  367 |             sprintf(installath);
      |         ^
ed_provider_path, /Library/Developer/CommandLineTools/SDKs/MacOSX.sdk/usr/include/_stdio.h:278:1: note: 'sprintf' has been explicitly marked deprecated here
"  278 | __deprecated_msg("This function is provided for compatibility reasons only.  Due to security concerns inheren%s/providet in the design of sprintf(3), it is highrs", ly recommended that you use snpexe_path);
      |             ^
rintf(3/Library/Developer/CommandLineTools/SDKs/MacOSX.sdk/usr/include/_stdio.h:278:1: note: 'sprintf' has been explicitly marked deprecated here
) inste  278 | __deprecated_msg("This function is provided for compatibility reasoad.")
      | ^
ns only.  Due to security concerns inherent in the design of sprintf(3), it is hig/Library/Developer/CommandLineTools/SDKs/MacOSX.sdk/usr/include/sys/cdefs.h:227:48: note: expanded from macro '__deprecated_msg'
hly r  227 |         #ecomdemefine _nd_deed that you use snprintf(3) instead.")
precat      | ^
ed_msg/Library/Developer/CommandLineTools/SDKs/MacOSX.sdk/usr/include/sys/cdefs.h:(_ms227:g) _48:_a note: expanded from macro '__deprecated_msg'
ttri  227bute__(( |         __#define __dedeprecaprecated_msg(_msteg)d__(_msg)))
      |                                                       ^
 __attribute__((__deprecated__(_m/Users/adrian/CLionProjects/CREXX/interpreter/rxvmmain.c:388:9:sg)) warning: 'sprintf' is deprecated: This function is provided for compatibility reasons only.  Due to security concerns inherent in the design of sprintf(3), it is highly recommended that you use snprintf(3) instead. [-Wdeprecated-declarations]
)
      |                                                       ^  388 |    
     sprintf(combined_location, ".;%s", exe_/Users/adrian/CLionProjects/CREXX/interpreter/rxvmmain.c:384:path);
      |         ^
9: warning: 'sprintf' is deprecated: This function is provided for compatibility reasons only.  Due to security concerns inherent in the design of sprintf(3), it is highly recommended that you use snprintf(3) instead. [-Wdeprecated-declarations]
  384 |         /Library/Developer/CommandLineTools/SDKs/MacOSX.sdk/usr/include/_stdio.h:278:1:sprintf(comb note: 'sprintf' has been explicitly marked deprecated here
ined_l  278 | __deocation,pre ".;%cated_msg("This;%ss function is provided fo", cr context.lomocation, expate_pathibility reasons only.  Due to security concerns inherent in the design of sprintf(3), it is highly recommende);
      |         ^
d that you use snprintf(3) instead.")
      | ^
/Library/Developer/CommandLineTools/SDKs/MacOSX.sdk/usr/include/_stdio.h:278:1: /Library/Developer/CommandLineTools/SDKs/MacOSX.sdk/usr/include/sys/cdefs.h:227:48: note: expanded from macro '__deprecated_msg'
note: 'sprintf' has been explicitly marked deprecated here
  227 |         #define __deprecated_msg(_msg) __attribut  278 | __deprecatede_ms__((g("This functi__don ieprecas teprovided for compatibd__(_msg)i))lity
      |                                                       ^
 reasons only.  Due to security concerns inherent in the design of sprintf(3), it is highly recommended that you use snprintf(3) instead.")
      | ^
/Library/Developer/CommandLineTools/SDKs/MacOSX.sdk/usr/include/sys/cdefs.h:227:48: note: expanded from macro '__deprecated_msg'
  227 |         #define __deprecated_msg(_msg) __attribute__((__deprecated__(_msg)))
      |                                                       ^
/Users/adrian/CLionProjects/CREXX/interpreter/rxvmmain.c:388:9: warning: 'sprintf' is deprecated: This function is provided for compatibility reasons only.  Due to security concerns inherent in the design of sprintf(3), it is highly recommended that you use snprintf(3) instead. [-Wdeprecated-declarations]
  388 |         sprintf(combined_location, ".;%s", exe_path);
      |         ^
/Library/Developer/CommandLineTools/SDKs/MacOSX.sdk/usr/include/_stdio.h:278:1: note: 'sprintf' has been explicitly marked deprecated here
  278 | __deprecated_msg("This function is provided for compatibility reasons only.  Due to security concerns inherent in the design of sprintf(3), it is highly recommended that you use snprintf(3) instead.")
      | ^
/Library/Developer/CommandLineTools/SDKs/MacOSX.sdk/usr/include/sys/cdefs.h:227:48: note: expanded from macro '__deprecated_msg'
  227 |         #define __deprecated_msg(_msg) __attribute__((__deprecated__(_msg)))
      |                                                       ^
[ 23%] Linking C executable test_rxas_flow_graph
3 warnings generated.
3 warnings generated.
[ 23%] Linking C executable ../bin/rxbvm_instrumented
[ 23%] Linking C executable ../bin/rxtvm_instrumented
[ 23%] Built target prepare_tests_jump_table_corruption_linear
[ 23%] Built target test_rxas_flow_graph
[ 23%] cREXX RXAS jump-table corruption base (openhash) ...
[ 23%] cREXX RXAS jump-table corruption base (acph) ...
[ 23%] Built target rxtvm_instrumented
[ 23%] Built target rxbvm_instrumented
[ 23%] Assembling PERF3-13 E5 sparse progress fixture ...
[ 23%] Building C object interpreter/rxvmplugin/rxvmplugins/mc_decimal/CMakeFiles/mc_decimal_test_harness.dir/mc_decimal_sanity_harness_test.c.o
[ 23%] Built target prepare_tests_jump_table_corruption_openhash
[ 23%] Built target prepare_tests_jump_table_corruption_acph
In file included from /Users/adrian/CLionProjects/CREXX/interpreter/rxvmplugin/rxvmplugins/mc_decimal/mc_decimal_sanity_harness_test.c:10:
/Users/adrian/CLionProjects/CREXX/interpreter/rxvmvars.h:2897:13: warning: 'sprintf' is deprecated: This function is provided for compatibility reasons only.  Due to security concerns inherent in the design of sprintf(3), it is highly recommended that you use snprintf(3) instead. [-Wdeprecated-declarations]
 2897 |             sprintf(formatted_output, scientific_format, coefficient, exponent);
      |             ^
/Library/Developer/CommandLineTools/SDKs/MacOSX.sdk/usr/include/_stdio.h:278:1: note: 'sprintf' has been explicitly marked deprecated here
  278 | __deprecated_msg("This function is provided for compatibility reasons only.  Due to security concerns inherent in the design of sprintf(3), it is highly recommended that you use snprintf(3) instead.")
      | ^
/Library/Developer/CommandLineTools/SDKs/MacOSX.sdk/usr/include/sys/cdefs.h:227:48: note: expanded from macro '__deprecated_msg'
  227 |         #define __deprecated_msg(_msg) __attribute__((__deprecated__(_msg)))
      |                                                       ^
In file included from /Users/adrian/CLionProjects/CREXX/interpreter/rxvmplugin/rxvmplugins/mc_decimal/mc_decimal_sanity_harness_test.c:10:
/Users/adrian/CLionProjects/CREXX/interpreter/rxvmvars.h:3032:5: warning: 'sprintf' is deprecated: This function is provided for compatibility reasons only.  Due to security concerns inherent in the design of sprintf(3), it is highly recommended that you use snprintf(3) instead. [-Wdeprecated-declarations]
 3032 |     sprintf(formatted_output, engineering_format, eng_exp);
      |     ^
/Library/Developer/CommandLineTools/SDKs/MacOSX.sdk/usr/include/_stdio.h:278:1: note: 'sprintf' has been explicitly marked deprecated here
  278 | __deprecated_msg("This function is provided for compatibility reasons only.  Due to security concerns inherent in the design of sprintf(3), it is highly recommended that you use snprintf(3) instead.")
      | ^
/Library/Developer/CommandLineTools/SDKs/MacOSX.sdk/usr/include/sys/cdefs.h:227:48: note: expanded from macro '__deprecated_msg'
  227 |         #define __deprecated_msg(_msg) __attribute__((__deprecated__(_msg)))
      |                                                       ^
2 warnings generated.
[ 23%] Building C object interpreter/rxvmplugin/rxvmplugins/mc_decimal/CMakeFiles/mc_decimal_dyn_test_harness.dir/mc_decimal_sanity_harness_test.c.o
[ 23%] Linking C executable mc_decimal_test_harness
[ 23%] Building C object interpreter/rxvmplugin/rxvmplugins/mc_decimal/CMakeFiles/mc_decimal_manual_test_harness.dir/mc_decimal_sanity_harness_test.c.o
[ 23%] Built target test_persistent_worker_sparse_bin
In file included from /Users/adrian/CLionProjects/CREXX/interpreter/rxvmplugin/rxvmplugins/mc_decimal/mc_decimal_sanity_harness_test.c:10:
/Users/adrian/CLionProjects/CREXX/interpreter/rxvmvars.h:2897:13: warning: 'sprintf' is deprecated: This function is provided for compatibility reasons only.  Due to security concerns inherent in the design of sprintf(3), it is highly recommended that you use snprintf(3) instead. [-Wdeprecated-declarations]
 2897 |             sprintf(formatted_output, scientific_format, coefficient, exponent);
      |             ^
/Library/Developer/CommandLineTools/SDKs/MacOSX.sdk/usr/include/_stdio.h:278:1: note: 'sprintf' has been explicitly marked deprecated here
  278 | __deprecated_msg("This function is provided for compatibility reasons only.  Due to security concerns inherent in the design of sprintf(3), it is highly recommended that you use snprintf(3) instead.")
      | ^
/Library/Developer/CommandLineTools/SDKs/MacOSX.sdk/usr/include/sys/cdefs.h:227:48: note: expanded from macro '__deprecated_msg'
  227 |         #define __deprecated_msg(_msg) __attribute__((__deprecated__(_msg)))
      |                                                       ^
In file included from /Users/adrian/CLionProjects/CREXX/interpreter/rxvmplugin/rxvmplugins/mc_decimal/mc_decimal_sanity_harness_test.c:10:
/Users/adrian/CLionProjects/CREXX/interpreter/rxvmvars.h:3032:5: warning: 'sprintf' is deprecated: This function is provided for compatibility reasons only.  Due to security concerns inherent in the design of sprintf(3), it is highly recommended that you use snprintf(3) instead. [-Wdeprecated-declarations]
 3032 |     sprintf(formatted_output, engineering_format, eng_exp);
      |     ^
/Library/Developer/CommandLineTools/SDKs/MacOSX.sdk/usr/include/_stdio.h:278:1: note: 'sprintf' has been explicitly marked deprecated here
  278 | __deprecated_msg[ 23%] Building C object interpreter/rxvmplugin/rxvmplugins/mc_decimal/CMakeFiles/mc_decimal_full_tests.dir/mc_decimal_full_tests.c.o
("This function is provided for compatibility reasons only.  Due to security concerns inherent in the design of sprintf(3), it is highly recommended that you use snprintf(3) instead.")
      | ^
/Library/Developer/CommandLineTools/SDKs/MacOSX.sdk/usr/include/sys/cdefs.h:227:48: note: expanded from macro '__deprecated_msg'
  227 |         #define __deprecated_msg(_msg) __attribute__((__deprecated__(_msg)))
      |                                                       ^
In file included from /Users/adrian/CLionProjects/CREXX/interpreter/rxvmplugin/rxvmplugins/mc_decimal/mc_decimal_sanity_harness_test.c:10:
/Users/adrian/CLionProjects/CREXX/interpreter/rxvmvars.h:2897:13: warning: 'sprintf' is deprecated: This function is provided for compatibility reasons only.  Due to security concerns inherent in the design of sprintf(3), it is highly recommended that you use snprintf(3) instead. [-Wdeprecated-declarations]
 2897 |             sprintf(formatted_output, scientific_format, coefficient, exponent);
      |             ^
/Library/Developer/CommandLineTools/SDKs/MacOSX.sdk/usr/include/_stdio.h:278:1: note: 'sprintf' has been explicitly marked deprecated here
  278 | __deprecated_msg("This function is provided for compatibility reasons only.  Due to security concerns inherent in the design of sprintf(3), i[ 23%] Built target mc_decimal_test_harness
t is highly recommended that you use snprintf(3) instead.")
      | ^
/Library/Developer/CommandLineTools/SDKs/MacOSX.sdk/usr/include/sys/cdefs.h:227:48: note: expanded from macro '__deprecated_msg'
  227 |         #define __deprecated_msg(_msg) __attribute__((__deprecated__(_msg)))
      |                                                       ^
In file included from /Users/adrian/CLionProjects/CREXX/interpreter/rxvmplugin/rxvmplugins/mc_decimal/mc_decimal_sanity_harness_test.c:10:
/Users/adrian/CLionProjects/CREXX/interpreter/rxvmvars.h:3032:5: warning: 'sprintf' is deprecated: This function is provided for compatibility reasons only.  Due to security concerns inherent in the design of sprintf(3), it is highly recommended that you use snprintf(3) instead. [-Wdeprecated-declarations]
 3032 |     sprintf(formatted_output, engineering_format, eng_exp);
      |     ^
/Library/Developer/CommandLineTools/SDKs/MacOSX.sdk/usr/include/_stdio.h:278:1: note: 'sprintf' has been explicitly marked deprecated here
  278 | __deprecated_msg("This function is provided for compatibility reasons only.  Due to security concerns inherent in the design of sprintf(3), it is highly recommended that you use snprintf(3) instead.")
      | ^
/Library/Developer/CommandLineTools/SDKs/MacOSX.sdk/usr/include/sys/cdefs.h:227:48: note: expanded from macro '__deprecated_msg'
  227 |         #define __deprecated_msg(_msg) __attribute__((__deprecated__(_msg)))
      |                                                       ^
2 warnings generated.
2 warnings generated.
[ 23%] Linking C executable mc_decimal_dyn_test_harness
[ 23%] Linking C executable mc_decimal_manual_test_harness
[ 23%] Building C object interpreter/rxvmplugin/rxvmplugins/db_decimal/CMakeFiles/db_decimal_tests.dir/db_decimal_tests.c.o
In file included from /Users/adrian/CLionProjects/CREXX/interpreter/rxvmplugin/rxvmplugins/mc_decimal/mc_decimal_full_tests.c:16:
/Users/adrian/CLionProjects/CREXX/interpreter/rxvmvars.h:2897:13: warning: 'sprintf' is deprecated: This function is provided for compatibility reasons only.  Due to security concerns inherent in the design of sprintf(3), it is highly recommended that you use snprintf(3) instead. [-Wdeprecated-declarations]
 2897 |             sprintf(formatted_output, scientific_format, coefficient, exponent);
      |             ^
/Library/Developer/CommandLineTools/SDKs/MacOSX.sdk/usr/include/_stdio.h:278:1: note: 'sprintf' has been explicitly marked deprecated here
  278 | __deprecated_msg("This function is provided for compatibility reasons only.  Due to security concerns inherent in the design of sprintf(3), it is highly recommended that you use snprintf(3) instead.")
      | ^
/Library/Developer/CommandLineTools/SDKs/MacOSX.sdk/usr/include/sys/cdefs.h:227:48: note: expanded from macro '__deprecated_msg'
  227 |         #define __deprecated_msg(_msg) __attribute__((__deprecated__(_msg)))
      |                                                       ^
In file included from /Users/adrian/CLionProjects/CREXX/interpreter/rxvmplugin/rxvmplugins/mc_decimal/mc_decimal_full_tests.c:16:
/Users/adrian/CLionProjects/CREXX/interpreter/rxvmvars.h:3032:5: warning: 'sprintf' is deprecated: This function is provided for compatibility reasons only.  Due to security concerns inherent in the design of sprintf(3), it is highly recommended that you use snprintf(3) instead. [-Wdeprecated-declarations]
 3032 |     sprintf(formatted_output, engineering_format, eng_exp);
      |     ^
/Library/Developer/CommandLineTools/SDKs/MacOSX.sdk/usr/include/_stdio.h:278:1: note: 'sprintf' has been explicitly marked deprecated here
  278 | __deprecated_msg("This function is provided for compatibility reasons only.  Due to security concerns inherent in the design of sprintf(3), it is highly recommended that you use snprintf(3) instead.")
      | ^
/Library/Developer/CommandLineTools/SDKs/MacOSX.sdk/usr/include/sys/cdefs.h:227:48: note: expanded from macro '__deprecated_msg'
  227 |         #define __deprecated_msg(_msg) __attribute__((__deprecated__(_msg)))
      |                                                       ^
/Users/adrian/CLionProjects/CREXX/interpreter/rxvmplugin/rxvmplugins/mc_decimal/mc_decimal_full_tests.c:291:5: warning: 'sprintf' is deprecated: This function is provided for compatibility reasons only.  Due to security concerns inherent in the design of sprintf(3), it is highly recommended that you use snprintf(3) instead. [-Wdeprecated-declarations]
  291 |     sprintf(buffer, "%f", result);
      |     ^
/Library/Developer/CommandLineTools/SDKs/MacOSX.sdk/usr/include/_stdio.h:278:1: note: 'sprintf' has been explicitly marked deprecated here
  278 | __deprecated_msg("This function is provided for compatibility reasons only.  Due to security concerns inherent in the design of sprintf(3), it is highly recommended that you use snprintf(3) instead.")
      | ^
/Library/Developer/CommandLineTools/SDKs/MacOSX.sdk/usr/include/sys/cdefs.h:227:48: note: expanded from macro '__deprecated_msg'
  227 |         #define __deprecated_msg(_msg) __attribute__((__deprecated__(_msg)))
      |                                                       ^
/Users/adrian/CLionProjects/CREXX/interpreter/rxvmplugin/rxvmplugins/mc_decimal/mc_decimal_full_tests.c:302:5: warning: 'sprintf' is deprecated: This function is provided for compatibility reasons only.  Due to security concerns inherent in the design of sprintf(3), it is highly recommended that you use snprintf(3) instead. [-Wdeprecated-declarations]
  302 |     sprintf(buffer, "%f", result);
      |     ^
/Library/Developer/CommandLineTools/SDKs/MacOSX.sdk/usr/include/_stdio.h:278:1: note: 'sprintf' has been explicitly marked deprecated here
  278 | __deprecated_msg("This function is provided for compatibility reasons only.  Due to security concerns inherent in the design of sprintf(3), it is highly recommended that you use snprintf(3) instead.")
      | ^
/Library/Developer/CommandLineTools/SDKs/MacOSX.sdk/usr/include/sys/cdefs.h:227:48: note: expanded from macro '__deprecated_msg'
  227 |         #define __deprecated_msg(_msg) __attribute__((__deprecated__(_msg)))
      |                                                       ^
/Users/adrian/CLionProjects/CREXX/interpreter/rxvmplugin/rxvmplugins/mc_decimal/mc_decimal_full_tests.c:313:5: warning: 'sprintf' is deprecated: This function is provided for compatibility reasons only.  Due to security concerns inherent in the design of sprintf(3), it is highly recommended that you use snprintf(3) instead. [-Wdeprecated-declarations]
  313 |     sprintf(buffer, "%f", result);
      |     ^
/Library/Developer/CommandLineTools/SDKs/MacOSX.sdk/usr/include/_stdio.h:278:1: note: 'sprintf' has been explicitly marked deprecated here
  278 | __deprecated_msg("This function is provided for compatibility reasons only.  Due to security concerns inherent in the design of sprintf(3), it is highly recommended that you use snprintf(3) instead.")
      | ^
/Library/Developer/CommandLineTools/SDKs/MacOSX.sdk/usr/include/sys/cdefs.h:227:48: note: expanded from macro '__deprecated_msg'
  227 |         #define __deprecated_msg(_msg) __attribute__((__deprecated__(_msg)))
      |                                                       ^
/Users/adrian/CLionProjects/CREXX/interpreter/rxvmplugin/rxvmplugins/mc_decimal/mc_decimal_full_tests.c:324:5: warning: 'sprintf' is deprecated: This function is provided for compatibility reasons only.  Due to security concerns inherent in the design of sprintf(3), it is highly recommended that you use snprintf(3) instead. [-Wdeprecated-declarations]
  324 |     sprintf(buffer, "%f", result);
      |     ^
/Library/Developer/CommandLineTools/SDKs/MacOSX.sdk/usr/include/_stdio.h:278:1: note: 'sprintf' has been explicitly marked deprecated here
  278 | __deprecated_msg("This function is provided for compatibility reasons only.  Due to security concerns inherent in the design of sprintf(3), it is highly recommended that you use snprintf(3) instead.")
      | ^
/Library/Developer/CommandLineTools/SDKs/MacOSX.sdk/usr/include/sys/cdefs.h:227:48: note: expanded from macro '__deprecated_msg'
  227 |         #define __deprecated_msg(_msg) __attribute__((__deprecated__(_msg)))
      |                                                       ^
/Users/adrian/CLionProjects/CREXX/interpreter/rxvmplugin/rxvmplugins/mc_decimal/mc_decimal_full_tests.c:335:5: warning: 'sprintf' is deprecated: This function is provided for compatibility reasons only.  Due to security concerns inherent in the design of sprintf(3), it is highly recommended that you use snprintf(3) instead. [-Wdeprecated-declarations]
  335 |     sprintf(buffer, "%f", result);
      |     ^
/Library/Developer/CommandLineTools/SDKs/MacOSX.sdk/usr/include/_stdio.h:278:1: note: 'sprintf' has been explicitly marked deprecated here
  278 | __deprecated_msg("This function is provided for compatibility reasons only.  Due to security concerns inherent in the design of sprintf(3), it is highly recommended that you use snprintf(3) instead.")
      | ^
/Library/Developer/CommandLineTools/SDKs/MacOSX.sdk/usr/include/sys/cdefs.h:227:48: note: expanded from macro '__deprecated_msg'
  227 |         #define __deprecated_msg(_msg) __attribute__((__deprecated__(_msg)))
      |                                                       ^
/Users/adrian/CLionProjects/CREXX/interpreter/rxvmplugin/rxvmplugins/mc_decimal/mc_decimal_full_tests.c:346:5: warning: 'sprintf' is deprecated: This function is provided for compatibility reasons only.  Due to security concerns inherent in the design of sprintf(3), it is highly recommended that you use snprintf(3) instead. [-Wdeprecated-declarations]
  346 |     sprintf(buffer, "%f", result);
      |     ^
/Library/Developer/CommandLineTools/SDKs/MacOSX.sdk/usr/include/_stdio.h:278:1: note: 'sprintf' has been explicitly marked deprecated here
  278 | __deprecated_msg("This function is provided for compatibility reasons only.  Due to security concerns inherent in the design of sprintf(3), it is highly recommended that you use snprintf(3) instead.")
      | ^
/Library/Developer/CommandLineTools/SDKs/MacOSX.sdk/usr/include/sys/cdefs.h:227:48: note: expanded from macro '__deprecated_msg'
  227 |         #define __deprecated_msg(_msg) __attribute__((__deprecated__(_msg)))
      |                                                       ^
[ 23%] Built target mc_decimal_dyn_test_harness
In file included from /Users/adrian/CLionProjects/CREXX/interpreter/rxvmplugin/rxvmplugins/db_decimal/db_decimal_tests.c:17:
/Users/adrian/CLionProjects/CREXX/interpreter/rxvmvars.h:2897:13: warning: 'sprintf' is deprecated: This function is provided for compatibility reasons only.  Due to security concerns inherent in the design of sprintf(3), it is highly recommended that you use snprintf(3) instead. [-Wdeprecated-declarations]
 2897 |             sprintf(formatted_output, scientific_format, coefficient, exponent);
      |             ^
/Library/Developer/CommandLineTools/SDKs/MacOSX.sdk/usr/include/_stdio.h:278:1: note: 'sprintf' has been explicitly marked deprecated here
  278 | __deprecated_msg("This function is provided for compatibility reasons only.  Due to security concerns inherent in the design of sprintf(3), it is highly recommended that you use snprintf(3) instead.")
      | ^
/Library/Developer/CommandLineTools/SDKs/MacOSX.sdk/usr/include/sys/cdefs.h:227:48: note: expanded from macro '__deprecated_msg'
  227 |         #define __deprecated_msg(_msg) __attribute__((__deprecated__(_msg)))
      |                                                       ^
In file included from /Users/adrian/CLionProjects/CREXX/interpreter/rxvmplugin/rxvmplugins/db_decimal/db_decimal_tests.c:17:
/Users/adrian/CLionProjects/CREXX/interpreter/rxvmvars.h:3032:5: warning: 'sprintf' is deprecated: This function is provided for compatibility reasons only.  Due to security concerns inherent in the design of sprintf(3), it is highly recommended that you use snprintf(3) instead. [-Wdeprecated-declarations]
 3032 |     sprintf(formatted_output, engineering_format, eng_exp);
      |     ^
/Library/Developer/CommandLineTools/SDKs/MacOSX.sdk/usr/include/_stdio.h:278:1: note: 'sprintf' has been explicitly marked deprecated here
  278 | __deprecated_msg("This function is provided for compatibility reasons only.  Due to security concerns inherent in the design of sprintf(3), it is highly recommended that you use snprintf(3) instead.")
      | ^
/Library/Developer/CommandLineTools/SDKs/MacOSX.sdk/usr/include/sys/cdefs.h:227:48: note: expanded from macro '__deprecated_msg'
  227 |         #define __deprecated_msg(_msg) __attribute__((__deprecated__(_msg)))
      |                                                       ^
/Users/adrian/CLionProjects/CREXX/interpreter/rxvmplugin/rxvmplugins/db_decimal/db_decimal_tests.c:350:5: warning: 'sprintf' is deprecated: This function is provided for compatibility reasons only.  Due to security concerns inherent in the design of sprintf(3), it is highly recommended that you use snprintf(3) instead. [-Wdeprecated-declarations]
  350 |     sprintf(buffer, "%f", result);
      |     ^
/Library/Developer/CommandLineTools/SDKs/MacOSX.sdk/usr/include/_stdio.h:278:1: note: 'sprintf' has been explicitly marked deprecated here
  278 | __deprecated_msg("This function is provided for compatibility reasons only.  Due to security concerns inherent in the design of sprintf(3), it is highly recommended that you use snprintf(3) instead.")
      | ^
/Library/Developer/CommandLineTools/SDKs/MacOSX.sdk/usr/include/sys/cdefs.h:227:48: note: expanded from macro '__deprecated_msg'
  227 |         #define __deprecated_msg(_msg) __attribute__((__deprecated__(_msg)))
      |                                                       ^
/Users/adrian/CLionProjects/CREXX/interpreter/rxvmplugin/rxvmplugins/db_decimal/db_decimal_tests.c:361:5: warning: 'sprintf' is deprecated: This function is provided for compatibility reasons only.  Due to security concerns inherent in the design of sprintf(3), it is highly recommended that you use snprintf(3) instead. [-Wdeprecated-declarations]
  361 |     sprintf(buffer, "%f", result);
      |     ^
/Library/Developer/CommandLineTools/SDKs/MacOSX.sdk/usr/include/_stdio.h:278:1: note: 'sprintf' has been explicitly marked deprecated here
  278 | __deprecated_msg("This function is provided for compatibility reasons only.  Due to security concerns inherent in the design of spri[ 23%] Built target mc_decimal_manual_test_harness
ntf(3), it is highly recommended that you use snprintf(3) instead.")
      | ^
/Library/Developer/CommandLineTools/SDKs/MacOSX.sdk/usr/include/sys/cdefs.h:227:48: note: expanded from macro '__deprecated_msg'
  227 |         #define __deprecated_msg(_msg) __attribute__((__deprecated__(_msg)))
      |                                                       ^
/Users/adrian/CLionProjects/CREXX/interpreter/rxvmplugin/rxvmplugins/db_decimal/db_decimal_tests.c:372:5: warning: 'sprintf' is deprecated: This function is provided for compatibility reasons only.  Due to security concerns inherent in the design of sprintf(3), it is highly recommended that you use snprintf(3) instead. [-Wdeprecated-declarations]
  372 |     sprintf(buffer, "%f", result);
      |     ^
/Library/Developer/CommandLineTools/SDKs/MacOSX.sdk/usr/include/_stdio.h:278:1: note: 'sprintf' has been explicitly marked deprecated here
  278 | __deprecated_msg("This function is provided for compatibility reasons only.  Due to security concerns inherent in the design of sprintf(3), it is highly recommended that you use snprintf(3) instead.")
      | ^
/Library/Developer/CommandLineTools/SDKs/MacOSX.sdk/usr/include/sys/cdefs.h:227:48: note: expanded from macro '__deprecated_msg'
  227 |         #define __deprecated_msg(_msg) __attribute__((__deprecated__(_msg)))
      |                                                       ^
/Users/adrian/CLionProjects/CREXX/interpreter/rxvmplugin/rxvmplugins/db_decimal/db_decimal_tests.c:383:5: warning: 'sprintf' is deprecated: This function is provided for compatibility reasons only.  Due to security concerns inherent in the design of sprintf(3), it is highly recommended that you use snprintf(3) instead. [-Wdeprecated-declarations]
  383 |     sprintf(buffer, "%f", result);
      |     ^
/Library/Developer/CommandLineTools/SDKs/MacOSX.sdk/usr/include/_stdio.h:278:1: note: 'sprintf' has been explicitly marked deprecated here
  278 | __deprecated_msg("This function is provided for compatibility reasons only.  Due to security concerns inherent in the design of sprintf(3), it is highly recommended that you use snprintf(3) instead.")
      | ^
/Library/Developer/CommandLineTools/SDKs/MacOSX.sdk/usr/include/sys/cdefs.h:227:48: note: expanded from macro '__deprecated_msg'
  227 |         #define __deprecated_msg(_msg) __attribute__((__deprecated__(_msg)))
      |                                                       ^
/Users/adrian/CLionProjects/CREXX/interpreter/rxvmplugin/rxvmplugins/db_decimal/db_decimal_tests.c:394:5: warning: 'sprintf' is deprecated: This function is provided for compatibility reasons only.  Due to security concerns inherent in the design of sprintf(3), it is highly recommended that you use snprintf(3) instead. [-Wdeprecated-declarations]
  394 |     sprintf(buffer, "%f", result);
      |     ^
/Library/Developer/CommandLineTools/SDKs/MacOSX.sdk/usr/include/_stdio.h:278:1: note: 'sprintf' has been explicitly marked deprecated here
  278 | __deprecated_msg("This function is provided for compatibility reasons only.  Due to security concerns inherent in the design of sprintf(3), it is highly recommended that you use snprintf(3) instead.")
      | ^
/Library/Developer/CommandLineTools/SDKs/MacOSX.sdk/usr/include/sys/cdefs.h:227:48: note: expanded from macro '__deprecated_msg'
  227 |         #define __deprecated_msg(_msg) __attribute__((__deprecated__(_msg)))
      |                                                       ^
/Users/adrian/CLionProjects/CREXX/interpreter/rxvmplugin/rxvmplugins/db_decimal/db_decimal_tests.c:405:5: warning: 'sprintf' is deprecated: This function is provided for compatibility reasons only.  Due to security concerns inherent in the design of sprintf(3), it is highly recommended that you use snprintf(3) instead. [-Wdeprecated-declarations]
  405 |     sprintf(buffer, "%f", result);
      |     ^
/Library/Developer/CommandLineTools/SDKs/MacOSX.sdk/usr/include/_stdio.h:278:1: note: 'sprintf' has been explicitly marked deprecated here
  278 | __deprecated_msg("This function is provided for compatibility reasons only.  Due to security concerns inherent in the design of sprintf(3), it is highly recommended that you use snprintf(3) instead.")
      | ^
/Library/Developer/CommandLineTools/SDKs/MacOSX.sdk/usr/include/sys/cdefs.h:227:48: note: expanded from macro '__deprecated_msg'
  227 |         #define __deprecated_msg(_msg) __attribute__((__deprecated__(_msg)))
      |                                                       ^
/Users/adrian/CLionProjects/CREXX/interpreter/rxvmplugin/rxvmplugins/db_decimal/db_decimal_tests.c:720:5: warning: 'sprintf' is deprecated: This function is provided for compatibility reasons only.  Due to security concerns inherent in the design of sprintf(3), it is highly recommended that you use snprintf(3) instead. [-Wdeprecated-declarations]
  720 |     sprintf(bignum, "%Lg", LDBL_MAX / 3 * 2);
      |     ^
/Library/Developer/CommandLineTools/SDKs/MacOSX.sdk/usr/include/_stdio.h:278:1: note: 'sprintf' has been explicitly marked deprecated here
  278 | __deprecated_msg("This function is provided for compatibility reasons only.  Due to security concerns inherent in the design of sprintf(3), it is highly recommended that you use snprintf(3) instead.")
      | ^
/Library/Developer/CommandLineTools/SDKs/MacOSX.sdk/usr/include/sys/cdefs.h:227:48: note: expanded from macro '__deprecated_msg'
  227 |         #define __deprecated_msg(_msg) __attribute__((__deprecated__(_msg)))
      |                                                       ^
/Users/adrian/CLionProjects/CREXX/interpreter/rxvmplugin/rxvmplugins/db_decimal/db_decimal_tests.c:889:5: warning: 'sprintf' is deprecated: This function is provided for compatibility reasons only.  Due to security concerns inherent in the design of sprintf(3), it is highly recommended that you use snprintf(3) instead. [-Wdeprecated-declarations]
  889 |     sprintf(bignum, "%Lg", LDBL_MAX / 3 * 2);
      |     ^
/Library/Developer/CommandLineTools/SDKs/MacOSX.sdk/usr/include/_stdio.h:278:1: note: 'sprintf' has been explicitly marked deprecated here
  278 | __deprecated_msg("This function is provided for compatibility reasons only.  Due to security concerns inherent in the design of sprintf(3), it is highly recommended that you use snprintf(3) instead.")
      | ^
/Library/Developer/CommandLineTools/SDKs/MacOSX.sdk/usr/include/sys/cdefs.h:227:48: note: expanded from macro '__deprecated_msg'
  227 |         #define __deprecated_msg(_msg) __attribute__((__deprecated__(_msg)))
      |                                                       ^
/Users/adrian/CLionProjects/CREXX/interpreter/rxvmplugin/rxvmplugins/db_decimal/db_decimal_tests.c:892:5: warning: 'sprintf' is deprecated: This function is provided for compatibility reasons only.  Due to security concerns inherent in the design of sprintf(3), it is highly recommended that you use snprintf(3) instead. [-Wdeprecated-declarations]
  892 |     sprintf(bignum, "-%Lg", LDBL_MAX / 3 * 2);
      |     ^
/Library/Developer/CommandLineTools/SDKs/MacOSX.sdk/usr/include/_stdio.h:278:1: note: 'sprintf' has been explicitly marked deprecated here
  278 | __deprecated_msg("This function is provided for compatibility reasons only.  Due to security concerns inherent in the design of sprintf(3), it is highly recommended that you use snprintf(3) instead.")
      | ^
/Library/Developer/CommandLineTools/SDKs/MacOSX.sdk/usr/include/sys/cdefs.h:227:48: note: expanded from macro '__deprecated_msg'
  227 |         #define __deprecated_msg(_msg) __attribute__((__deprecated__(_msg)))
      |                                                       ^
/Users/adrian/CLionProjects/CREXX/interpreter/rxvmplugin/rxvmplugins/db_decimal/db_decimal_tests.c:1074:5: warning: 'sprintf' is deprecated: This function is provided for compatibility reasons only.  Due to security concerns inherent in the design of sprintf(3), it is highly recommended that you use snprintf(3) instead. [-Wdeprecated-declarations]
 1074 |     sprintf(bignum, "%Lg", LDBL_MAX / 3 * 2);
      |     ^
/Library/Developer/CommandLineTools/SDKs/MacOSX.sdk/usr/include/_stdio.h:278:1: note: 'sprintf' has been explicitly marked deprecated here
  278 | __deprecated_msg("This function is provided for compatibility reasons only.  Due to security concerns inherent in the design of sprintf(3), it is highly recommended that you use snprintf(3) instead.")
      | ^
/Library/Developer/CommandLineTools/SDKs/MacOSX.sdk/usr/include/sys/cdefs.h:227:48: note: expanded from macro '__deprecated_msg'
  227 |         #define __deprecated_msg(_msg) __attribute__((__deprecated__(_msg)))
      |                                                       ^
/Users/adrian/CLionProjects/CREXX/interpreter/rxvmplugin/rxvmplugins/db_decimal/db_decimal_tests.c:1245:5: warning: 'sprintf' is deprecated: This function is provided for compatibility reasons only.  Due to security concerns inherent in the design of sprintf(3), it is highly recommended that you use snprintf(3) instead. [-Wdeprecated-declarations]
 1245 |     sprintf(bignum, "%Lg", LDBL_MAX / 3 * 2);
      |     ^
/Library/Developer/CommandLineTools/SDKs/MacOSX.sdk/usr/include/_stdio.h:278:1: note: 'sprintf' has been explicitly marked deprecated here
  278 | __deprec8 warnings generated.
ated_msg("This function is provided for compatibility reasons only.  Due to security concerns inherent in the design of sprintf(3), it is highly recommended that you use snprintf(3) instead.")
      | ^
/Library/Developer/CommandLineTools/SDKs/MacOSX.sdk/usr/include/sys/cdefs.h:227:48: note: expanded from macro '__deprecated_msg'
  227 |         #define __deprecated_msg(_msg) __attribute__((__deprecated__(_msg)))
      |                                                       ^
[ 23%] Linking C executable mc_decimal_full_tests
[ 23%] Built target rxas_optimizer_test_prereqs
[ 23%] Building C object tests/performance/CMakeFiles/decimal_gate1_adapter.dir/decimal/decimal_gate1_adapter.c.o
13 warnings generated.
[ 23%] Linking C executable db_decimal_tests
[ 23%] Built target mc_decimal_full_tests
In file included from /Users/adrian/CLionProjects/CREXX/tests/performance/decimal/decimal_gate1_adapter.c:17:
/Users/adrian/CLionProjects/CREXX/interpreter/rxvmvars.h:2897:13: warning: 'sprintf' is deprecated: This function is provided for compatibility reasons only.  Due to security concerns inherent in the design of sprintf(3), it is highly recommended that you use snprintf(3) instead. [-Wdeprecated-declarations]
 2897 |             sprintf(formatted_output, scientific_format, coefficient, exponent);
      |             ^
/Library/Developer/CommandLineTools/SDKs/MacOSX.sdk/usr/include/_stdio.h:278:1: note: 'sprintf' has been explicitly marked deprecated here
  278 | __deprecated_msg("This function is provided for compatibility reasons only.  Due to security concerns inherent in the design of sprintf(3), it is highly recommended that you use snprintf(3) instead.")
      | ^
/Library/Developer/CommandLineTools/SDKs/MacOSX.sdk/usr/include/sys/cdefs.h:227:48: note: expanded from macro '__deprecated_msg'
  227 |         #define __deprecated_msg(_msg) __attribute__((__deprecated__(_msg)))
      |                                                       ^
In file included from /Users/adrian/CLionProjects/CREXX/tests/performance/decimal/decimal_gate1_adapter.c:17:
/Users/adrian/CLionProjects/CREXX/interpreter/rxvmvars.h:3032:5: warning: 'sprintf' is deprecated: This function is provided for compatibility reasons only.  Due to security concerns inherent in the design of sprintf(3), it is highly recommended that you use snprintf(3) instead. [-Wdeprecated-declarations]
 3032 |     sprintf(formatted_output, engineering_format, eng_exp);
      |     ^
/Library/Developer/CommandLineTools/SDKs/MacOSX.sdk/usr/include/_stdio.h:278:1: note: 'sprintf' has been explicitly marked deprecated here
  278 | __deprecated_msg("This function is provided for compatibility reasons only.  Due to security concerns inherent in the design of sprintf(3), it is highly recommended that you use snprintf(3) instead.")
      | ^
/Library/Developer/CommandLineTools/SDKs/MacOSX.sdk/usr/include/sys/cdefs.h:227:48: note: expanded from macro '__deprecated_msg'
  227 |         #define __deprecated_msg(_msg) __attribute__((__deprecated__(_msg)))
      |                                                       ^
[ 23%] Building C object tests/rxpa/CMakeFiles/testvm.dir/__/__/interpreter/rxvmmain.c.o
2 warnings generated.
[ 23%] Linking C executable decimal_gate1_adapter
[ 23%] Built target db_decimal_tests
/Users/adrian/CLionProjects/CREXX/interpreter/rxvmmain.c:367:13: warning: 'sprintf' is deprecated: This function is provided for compatibility reasons only.  Due to security concerns inherent in the design of sprintf(3), it is highly recommended that you use snprintf(3) instead. [-Wdeprecated-declarations]
  367 |             sprintf(installed_provider_path, "%s/providers", exe_path);
      |             ^
/Library/Developer/CommandLineTools/SDKs/MacOSX.sdk/usr/include/_stdio.h:278:1: note: 'sprintf' has been explicitly marked deprecated here
  278 | __deprecated_msg("This function is provided for compatibility reasons only.  Due to security concerns inherent in the design of sprintf(3), it is highly recommended that you use snprintf(3) instead.")
      | ^
/Library/Developer/CommandLineTools/SDKs/MacOSX.sdk/usr/include/sys/cdefs.h:227:48: note: expanded from macro '__deprecated_msg'
  227 |         #define __deprecated_msg(_msg) __attribute__((__deprecated__(_msg)))
      |                                                       ^
/Users/adrian/CLionProjects/CREXX/interpreter/rxvmmain.c:384:9: warning: 'sprintf' is deprecated: This function is provided for compatibility reasons only.  Due to security concerns inherent in the design of sprintf(3), it is highly recommended that you use snprintf(3) instead. [-Wdeprecated-declarations]
  384 |         sprintf(combined_location, ".;%s;%s", context.location, exe_path);
      |         ^
/Library/Developer/CommandLineTools/SDKs/MacOSX.sdk/usr/include/_stdio.h:278:1: note: 'sprintf' has been explicitly marked deprecated here
  278 | __deprecated_msg("This function is provided for compatibility reasons only.  Due to security concerns inherent in the design of sprintf(3), it is highly recommended that you use snprintf(3) instead.")
      | ^
/Library/Developer/CommandLineTools/SDKs/MacOSX.sdk/usr/include/sys/cdefs.h:227:48: note: expanded from macro '__deprecated_msg'
  227 |         #define __deprecated_msg(_msg) __attribute__((__deprecated__(_msg)))
      |                                                       ^
/Users/adrian/CLionProjects/CREXX/interpreter/rxvmmain.c:388:9: warning: 'sprintf' is deprecated: This function is provided for compatibility reasons only.  Due to security concerns inherent in the design of sprintf(3), it is highly recommended that you use snprintf(3) instead. [-Wdeprecated-declarations]
  388 |         sprintf(combined_location, ".;%s", exe_path);
      |         ^
/Library/Developer/CommandLineTools/SDKs/MacOSX.sdk/usr/include/_stdio.h:278:1: note: 'sprintf' has been explicitly marked deprecated here
  278 | __deprecated_msg("This function is provided for compatibility reasons only.  Due to security concerns inherent in the design of sprintf(3), it is highly recommended that you use snprintf(3) instead.")
      | ^
/Library/Developer/CommandLineTools/SDKs/MacOSX.sdk/usr/include/sys/cdefs.h:227:48: note: expanded from macro '__deprecated_msg'
  227 |         #define __deprecated_msg(_msg) __attribute__((__deprecated__(_msg)))
      |                                                       ^
3 warnings generated.
[ 23%] Building C object tests/rxpa/CMakeFiles/funcvm.dir/__/__/interpreter/rxvmmain.c.o
[ 23%] Linking C executable ../testvm
[ 23%] Built target decimal_gate1_adapter
/Users/adrian/CLionProjects/CREXX/interpreter/rxvmmain.c:367:13: warning: 'sprintf' is deprecated: This function is provided for compatibility reasons only.  Due to security concerns inherent in the design of sprintf(3), it is highly recommended that you use snprintf(3) instead. [-Wdeprecated-declarations]
  367 |             sprintf(installed_provider_path, "%s/providers", exe_path);
      |             ^
/Library/Developer/CommandLineTools/SDKs/MacOSX.sdk/usr/include/_stdio.h:278:1: note: 'sprintf' has been explicitly marked deprecated here
  278 | __deprecated_msg("This function is provided for compatibility reasons only.  Due to security concerns inherent in the design of sprintf(3), it is highly recommended that you use snprintf(3) instead.")
      | ^
/Library/Developer/CommandLineTools/SDKs/MacOSX.sdk/usr/include/sys/cdefs.h:227:48: note: expanded from macro '__deprecated_msg'
  227 |         #define __deprecated_msg(_msg) __attribute__((__deprecated__(_msg)))
      |                                                       ^
/Users/adrian/CLionProjects/CREXX/interpreter/rxvmmain.c:384:9: warning: 'sprintf' is deprecated: This function is provided for compatibility reasons only.  Due to security concerns inherent in the design of sprintf(3), it is highly recommended that you use snprintf(3) instead. [-Wdeprecated-declarations]
  384 |         sprintf(combined_location, ".;%s;%s", context.location, exe_path);
      |         ^
/Library/Developer/CommandLineTools/SDKs/MacOSX.sdk/usr/include/_stdio.h:278:1: note: 'sprintf' has been explicitly marked deprecated here
  278 | __deprecated_msg("This function is provided for compatibility reasons only.  Due to security concerns inherent in the design of sprintf(3), it is highly recommended that you use snprintf(3) instead.")
      | ^
/Library/Developer/CommandLineTools/SDKs/MacOSX.sdk/usr/include/sys/cdefs.h:227:48: note: expanded from macro '__deprecated_msg'
  227 |         #define __deprecated_msg(_msg) __attribute__((__deprecated__(_msg)))
      |                                                       ^
/Users/adrian/CLionProjects/CREXX/interpreter/rxvmmain.c:388:9: warning: 'sprintf' is deprecated: This function is provided for compatibility reasons only.  Due to security concerns inherent in the design of sprintf(3), it is highly recommended that you use snprintf(3) instead. [-Wdeprecated-declarations]
  388 |         sprintf(combined_location, ".;%s", exe_path);
      |         ^
/Library/Developer/CommandLineTools/SDKs/MacOSX.sdk/usr/include/_stdio.h:278:1: note: 'sprintf' has been explicitly marked deprecated here
  278 | __deprecated_msg("This function is provided for compatibility reasons only.  Due to security concerns inherent in the design of sprintf(3), it is highly recommended that you use snprintf(3) instead.")
      | ^
/Library/Developer/CommandLineTools/SDKs/MacOSX.sdk/usr/include/sys/cdefs.h:227:48: note: expanded from macro '__deprecated_msg'
  227 |         #define __deprecated_msg(_msg) __attribute__((__deprecated__(_msg)))
      |                                                       ^
[ 23%] Built target rxbvml
3 warnings generated.
[ 23%] Linking C executable ../funcvm
[ 23%] Built target library-rxas
[ 23%] Built target testvm
[ 24%] Built target rxvml
[ 24%] Built target rxbvm
[ 24%] Built target funcvm
[ 24%] Mutating jump table rxasjtablecorruptalgorithm (algorithm) ...
[ 24%] Mutating jump table rxasjtablecorruptheader (header) ...
[ 24%] Mutating jump table rxasjtablecorruptlinearkey (linear-key-offset) ...
[ 32%] Built target llama
[ 32%] Mutating jump table rxasjtablecorruptlineartarget (linear-target) ...
[ 32%] Built target run_rxasjtablecorruptheader
[ 32%] Built target run_rxasjtablecorruptalgorithm
[ 32%] Built target run_rxasjtablecorruptlinearkey
[ 32%] Built target run_rxasjtablecorruptlineartarget
[ 32%] Mutating jump table rxasjtablecorruptopenslot (open-slot-offset) ...
[ 32%] Mutating jump table rxasjtablecorruptacphslot (acph-slot-kind) ...
[ 32%] Linking archive-level db_decimal regression harness ...
[ 32%] Mutating jump table rxasjtablecorruptacphtarget (acph-target) ...
[ 32%] Built target run_rxasjtablecorruptacphslot
[ 32%] Built target run_rxasjtablecorruptacphtarget
[ 32%] Built target run_rxasjtablecorruptopenslot
[ 32%] Linking C executable test_rxvml_utf_boundaries
[ 32%] Built target crexx_llama_bridge
[ 35%] Built target rxclib
[ 35%] Built target crexxsaa
[ 35%] Built target rxvm
[ 35%] Building C object interpreter/CMakeFiles/test_rxcrexxcmd_flush.dir/tests/test_rxcrexxcmd_flush.c.o
[ 35%] Built target test_db_decimal_archive_link_bin
[ 35%] Building C object interpreter/CMakeFiles/test_rxspawn_diagnostics.dir/tests/test_rxspawn_diagnostics.c.o
[ 35%] Built target test_rxvml_utf_boundaries
[ 35%] Built target crexxsaa_tool
[ 35%] Building C object interpreter/CMakeFiles/test_rxvmchannel_registry.dir/tests/test_rxvmchannel_registry.c.o
[ 35%] Assembling Gate F F1e process channel fixture ...
[ 35%] Linking C executable ../bin/test_rxcrexxcmd_flush
[ 35%] Linking C executable ../bin/test_rxspawn_diagnostics
[ 35%] Linking C executable test_rxvmchannel_registry
[ 35%] Built target test_rxcrexxcmd_flush
[ 35%] Built target test_rxspawn_diagnostics
[ 35%] Building C object interpreter/CMakeFiles/test_rxvmchannel_byte.dir/tests/test_rxvmchannel_byte.c.o
[ 35%] Building C object interpreter/CMakeFiles/test_rxvmbyteendpoint.dir/tests/test_rxvmbyteendpoint.c.o
[ 35%] Built target test_gate_f_channel_process_bin
[ 35%] Built target test_rxvmchannel_registry
[ 35%] Building C object interpreter/CMakeFiles/test_rxvmchannel_lifetime.dir/tests/test_rxvmchannel_lifetime.c.o
[ 35%] Building C object interpreter/CMakeFiles/test_rxvmactive.dir/tests/test_rxvmactive.c.o
[ 36%] Linking C executable test_rxvmbyteendpoint
[ 36%] Linking C executable test_rxvmchannel_byte
[ 36%] Linking C executable test_rxvmactive
[ 36%] Linking C executable test_rxvmchannel_lifetime
[ 36%] Built target test_rxvmbyteendpoint
[ 36%] Building C object interpreter/CMakeFiles/test_rxvmplugin_context.dir/tests/test_rxvmplugin_context.c.o
[ 36%] Built target test_rxvmchannel_byte
[ 36%] Building C object interpreter/CMakeFiles/test_rxpa_concurrency.dir/tests/test_rxpa_concurrency.c.o
[ 36%] Built target test_rxvmactive
[ 36%] Built target test_rxvmchannel_lifetime
[ 36%] Linking C executable test_rxvmplugin_context
[ 36%] Built target test_rxpa_host_services
[ 36%] Building C object interpreter/CMakeFiles/test_rxpa_worker_startup.dir/tests/test_rxpa_worker_startup.c.o
In file included from /Users/adrian/CLionProjects/CREXX/interpreter/tests/test_rxpa_concurrency.c:8:
/Users/adrian/CLionProjects/CREXX/interpreter/rxvmvars.h:2897:13: warning: 'sprintf' is deprecated: This function is provided for compatibility reasons only.  Due to security concerns inherent in the design of sprintf(3), it is highly recommended that you use snprintf(3) instead. [-Wdeprecated-declarations]
 2897 |             sprintf(formatted_output, scientific_format, coefficient, exponent);
      |             ^
/Library/Developer/CommandLineTools/SDKs/MacOSX.sdk/usr/include/_stdio.h:278:1: note: 'sprintf' has been explicitly marked deprecated here
  278 | __deprecated_msg("This function is provided for compatibility reasons only.  Due to security concerns inherent in the design of sprintf(3), it is highly recommended that you use snprintf(3) instead.")
      | ^
/Library/Developer/CommandLineTools/SDKs/MacOSX.sdk/usr/include/sys/cdefs.h:227:48: note: expanded from macro '__deprecated_msg'
  227 |         #define __deprecated_msg(_msg) __attribute__((__deprecated__(_msg)))
      |                                                       ^
In file included from /Users/adrian/CLionProjects/CREXX/interpreter/tests/test_rxpa_concurrency.c:8:
/Users/adrian/CLionProjects/CREXX/interpreter/rxvmvars.h:3032:5: warning: 'sprintf' is deprecated: This function is provided for compatibility reasons only.  Due to security concerns inherent in the design of sprintf(3), it is highly recommended that you use snprintf(3) instead. [-Wdeprecated-declarations]
 3032 |     sprintf(formatted_output, engineering_format, eng_exp);
      |     ^
/Library/Developer/CommandLineTools/SDKs/MacOSX.sdk/usr/include/_stdio.h:278:1: note: 'sprintf' has been explicitly marked deprecated here
  278 | __deprecated_msg("This function is provided for compatibility reasons only.  Due to security concerns inherent in the design of sprintf(3), it is highly recommended that you use snprintf(3) instead.")
      | ^
/Library/Developer/CommandLineTools/SDKs/MacOSX.sdk/usr/include/sys/cdefs.h:227:48: note: expanded from macro '__deprecated_msg'
  227 |         #define __deprecated_msg(_msg) __attribute__((__deprecated__(_msg)))
      |                                                       ^
[ 36%] Building C object interpreter/CMakeFiles/test_rxpa_odbc.dir/tests/test_rxpa_odbc.c.o
In file included from /Users/adrian/CLionProjects/CREXX/interpreter/tests/test_rxpa_worker_startup.c:4:
In file included from /Users/adrian/CLionProjects/CREXX/interpreter/tests/test_rxpa_concurrency.c:8:
/Users/adrian/CLionProjects/CREXX/interpreter/rxvmvars.h:2897:13: warning: 'sprintf' is deprecated: This function is provided for compatibility reasons only.  Due to security concerns inherent in the design of sprintf(3), it is highly recommended that you use snprintf(3) instead. [-Wdeprecated-declarations]
 2897 |             sprintf(formatted_output, scientific_format, coefficient, exponent);
      |             ^
/Library/Developer/CommandLineTools/SDKs/MacOSX.sdk/usr/include/_stdio.h:278:1: note: 'sprintf' has been explicitly marked deprecated here
  278 | __deprecated_msg("This function is provided for compatibility reasons only.  Due to security concerns inherent in the design of sprintf(3), it is highly recommended that you use snprintf(3) instead.")
      | ^
/Library/Developer/CommandLineTools/SDKs/MacOSX.sdk/usr/include/sys/cdefs.h:227:48: note: expanded from macro '__deprecated_msg'
  227 |         #define __deprecated_msg(_msg) __attribute__((__deprecated__(_msg)))
      |                                                       ^
In file included from /Users/adrian/CLionProjects/CREXX/interpreter/tests/test_rxpa_worker_startup.c:4:
In file included from /Users/adrian/CLionProjects/CREXX/interpreter/tests/test_rxpa_concurrency.c:8:
/Users/adrian/CLionProjects/CREXX/interpreter/rxvmvars.h:3032:5: warning: 'sprintf' is deprecated: This function is provided for compatibility reasons only.  Due to security concerns inherent in the design of sprintf(3), it is highly recommended that you use snprintf(3) instead. [-Wdeprecated-declarations]
 3032 |     sprintf(formatted_output, engineering_format, eng_exp);
      |     ^
/Library/Developer/CommandLineTools/SDKs/MacOSX.sdk/usr/include/_stdio.h:278:1: note: 'sprintf' has been explicitly marked deprecated here
  278 | __deprecated_msg("This function is provided for compatibility reasons only.  Due to security concerns inherent in the design of sprintf(3), it is highly recommended that you use snprintf(3) instead.")
      | ^
/Library/Developer/CommandLineTools/SDKs/MacOSX.sdk/usr/include/sys/cdefs.h:227:48: note: expanded from macro '__deprecated_msg'
  227 |         #define __deprecated_msg(_msg) __attribute__((__deprecated__(_msg)))
      |                                                       ^
[ 36%] Built target test_rxvmplugin_context
2 warnings generated.
In file included from /Users/adrian/CLionProjects/CREXX/interpreter/tests/test_rxpa_odbc.c:3:
/Users/adrian/CLionProjects/CREXX/interpreter/rxvmvars.h:2897:13: warning: 'sprintf' is deprecated: This function is provided for compatibility reasons only.  Due to security concerns inherent in the design of sprintf(3), it is highly recommended that you use snprintf(3) instead. [-Wdeprecated-declarations]
 2897 |             sprintf(formatted_output, scientific_format, coefficient, exponent);
      |             ^
/Library/Developer/CommandLineTools/SDKs/MacOSX.sdk/usr/include/_stdio.h:278:1: note: 'sprintf' has been explicitly marked deprecated here
  278 | __deprecated_msg("This function is provided for compatibility reasons only.  Due to security concerns inherent in the design of sprintf(3), it is highly recommended that you use snprintf(3) instead.")
      | ^
/Library/Developer/CommandLineTools/SDKs/MacOSX.sdk/usr/include/sys/cdefs.h:227:48: note: expanded from macro '__deprecated_msg'
  227 |         #define __deprecated_msg(_msg) __attribute__((__deprecated__(_msg)))
      |                                                       ^
In file included from /Users/adrian/CLionProjects/CREXX/interpreter/tests/test_rxpa_odbc.c:3:
/Users/adrian/CLionProjects/CREXX/interpreter/rxvmvars.h:3032:5: warning: 'sprintf' is deprecated: This function is provided for compatibility reasons only.  Due to security concerns inherent in the design of sprintf(3), it is highly recommended that you use snprintf(3) instead. [-Wdeprecated-declarations]
 3032 |     sprintf(formatted_output, engineering_format, eng_exp);
      |     ^
/Library/Developer/CommandLineTools/SDKs/MacOSX.sdk/usr/include/_stdio.h:278:1: note: 'sprintf' has been explicitly marked deprecated here
  278 | __deprecated_msg("This function is provided for compatibility reasons only.  Due to security concerns inherent in the design of sprintf(3), it is highly recommended that you use snprintf(3) instead.")
      | ^
/Library/Developer/CommandLineTools/SDKs/MacOSX.sdk/usr/include/sys/cdefs.h:227:48: note: expanded from macro '__deprecated_msg'
  227 |         #define __deprecated_msg(_msg) __attribute__((__deprecated__(_msg)))
      |                                                       ^
[ 36%] Linking C executable test_rxpa_concurrency
[ 36%] cREXX RXAS Instruction Tests (raise uncaptured signal) ...
2 warnings generated.
2 warnings generated.
[ 37%] Linking C executable test_rxpa_odbc
[ 37%] Linking C executable test_rxpa_worker_startup
[ 37%] Built target test_rxpa_concurrency
[ 37%] Built target run_tests_signals
[ 37%] cREXX RXAS Instruction Tests (fallback panic source reporting) ...
[ 37%] cREXX RXAS Instruction Tests (breakpoint address reporting) ...
[ 37%] Built target test_rxpa_odbc
[ 37%] Built target test_rxpa_worker_startup
[ 37%] cREXX RXAS Instruction Tests (register flag partitioning) ...
[ 37%] cREXX RXAS Instruction Tests (UTF flag cache) ...
[ 37%] Built target run_tests_panic_source
[ 37%] Built target run_tests_breakpoint_address
[ 37%] cREXX RXAS Instruction Tests (attribute bulk insert/delete) ...
[ 37%] cREXX RXAS Instruction Tests (reference value instructions) ...
[ 37%] Built target run_tests_register_flags
[ 37%] Built target run_tests_utf_flags
[ 37%] cREXX RXAS Instruction Tests (PERF2-02 direct reference guards) ...
[ 37%] cREXX RXAS Instruction Tests (PERF2-05 partial reference materialization) ...
[ 37%] Built target run_tests_attributes
[ 37%] Built target run_tests_perf2_reference_guards
[ 37%] cREXX RXAS Instruction Tests (PERF2-05 exact reference relink) ...
[ 37%] Built target run_tests_perf2_partial_reference_materialization
[ 37%] Built target run_tests_references
[ 37%] cREXX RXAS Instruction Tests (object initialization lifecycle instructions) ...
[ 38%] cREXX RXAS Instruction Tests (signal call argument attributes) ...
[ 38%] cREXX RXAS Instruction Tests (signal handler response modes) ...
[ 38%] Built target run_tests_perf2_exact_relink
[ 38%] Built target run_tests_object_initialization
[ 38%] Built target run_tests_signal_call_attrs
[ 38%] Built target run_tests_signal_handler_modes
[ 38%] cREXX RXAS Instruction Tests (signal call-window mapping unwind) ...
[ 38%] cREXX RXAS Instruction Tests (signal mask boundary handling) ...
[ 38%] cREXX RXAS Instruction Tests (signal frame handler table scope) ...
[ 38%] cREXX RXAS Instruction Tests (signal silent halt response) ...
[ 38%] Built target run_tests_signal_call_unwind
[ 38%] Built target run_tests_signal_mask_bounds
[ 38%] Built target run_tests_signal_silent_halt
[ 38%] Built target run_tests_signal_frame_scope
[ 38%] cREXX RXAS Instruction Tests (nested pending signal delivery) ...
[ 38%] cREXX RXAS Instruction Tests (action-aware signal handlers) ...
[ 38%] cREXX RXAS Instruction Tests (retired signal retry marker) ...
[ 38%] cREXX RXAS Instruction Tests (signal handler push/pop scope) ...
[ 38%] Built target run_tests_signal_nested_pending
[ 38%] Built target run_tests_signal_actions
[ 38%] Built target run_tests_signal_pushpop
[ 38%] Built target run_tests_signal_retry_retired
[ 38%] cREXX RXAS Instruction Tests (signal branch with bound value) ...
[ 38%] cREXX RXAS Instruction Tests (NR-09 large instructions) ...
[ 40%] cREXX RXAS Basic Instruction Tests ...
[ 40%] cREXX RXAS Integer Math Instruction Tests ...
[ 40%] Built target run_tests_signal_branch_value
[ 40%] Built target run_tests_basic
[ 40%] cREXX RXAS Instruction Tests (signed 64-bit integer contract) ...
[ 40%] Built target run_tests_int_math
[ 40%] cREXX RXAS Float Math Instruction Tests ...
[ 40%] Built target run_tests_nr09_superinstructions
[ 40%] cREXX RXAS Float Constant Pool Tests ...
[ 40%] cREXX RXBIN 007 portable-format tests ...
[ 40%] Built target run_tests_int_contract
[ 40%] Built target run_tests_float_math
[ 40%] Built target run_tests_float_pool
[ 40%] cREXX RXAS String Instruction Tests ...
[ 40%] Built target run_tests_compact_format
[ 40%] cREXX RXAS Logic and Flow Instruction Tests ...
[ 40%] cREXX RXAS System and I/O Instruction Tests ...
[ 40%] cREXX RXAS Instruction Tests (binary buffer and I/O) ...
[ 40%] Built target run_tests_system_io
[ 40%] Built target run_tests_logic_flow
[ 40%] cREXX RXAS Instruction Tests (typed binary memory operations) ...
[ 40%] Built target run_tests_string
[ 40%] Assembling Gate F F1c local channel fixture ...
[ 40%] Built target run_tests_binary
[ 40%] Assembling retired process-opcode base fixture ...
[ 40%] Assembling Gate F F1b channel benchmark ...
[ 40%] Injecting retired process opcode 466 into stale RXBIN fixture ...
[ 40%] Built target run_tests_binary_memory
[ 40%] Built target test_gate_f_channel_benchmark_bin
[ 40%] cREXX RXAS Instruction Tests (linear jump table dispatch) ...
[ 40%] cREXX RXAS Instruction Tests (linear jump table source matrix) ...
[ 40%] Built target run_tests_jump_table
[ 40%] Built target run_tests_jump_table_linear_sources
[ 40%] Injecting retired process opcode 467 into stale RXBIN fixture ...
[ 40%] cREXX RXAS Instruction Tests (openhash jump table source matrix) ...
[ 40%] Built target test_gate_f_channel_local_bin
[ 40%] Injecting retired process opcode 468 into stale RXBIN fixture ...
[ 40%] Injecting retired process opcode 469 into stale RXBIN fixture ...
[ 40%] cREXX RXAS Instruction Tests (acph jump table source matrix) ...
[ 40%] Built target run_tests_jump_table_openhash_sources
[ 40%] Injecting retired process opcode 470 into stale RXBIN fixture ...
[ 40%] cREXX RXAS Instruction Tests (auto jump table source matrix) ...
[ 41%] Injecting retired process opcode 471 into stale RXBIN fixture ...
[ 41%] Built target run_tests_jump_table_acph_sources
[ 41%] cREXX RXAS Instruction Tests (open-hash and ACPH jump table edge cases) ...
[ 41%] cREXX RXAS Instruction Tests (auto jump table policy paths) ...
[ 41%] Built target run_tests_jump_table_auto_sources
[ 41%] Built target test_retired_process_opcode_bin
[ 41%] cREXX RXAS Instruction Tests (Rexx padded and numeric string jump tables) ...
[ 41%] cREXX RXAS Instruction Tests (jump table syntax and value boundaries) ...
[ 41%] Built target run_tests_jump_table_hash_edges
[ 41%] Built target run_tests_jump_table_auto_edges
[ 41%] cREXX RXAS Socket Instruction Tests ...
[ 41%] cREXX RXAS Decimal Instruction Tests ...
[ 41%] Built target run_tests_jump_table_rexx_strings
[ 41%] Built target run_tests_jump_table_boundaries
[ 41%] cREXX RXAS Conversion Instruction Tests ...
[ 41%] cREXX RXAS Object Instruction Tests ...
[ 41%] Built target run_tests_socket
[ 41%] Built target run_tests_objects
[ 41%] cREXX RXAS Reflection Instruction Tests ...
[ 41%] cREXX RXAS Interface Dispatch Instruction Tests ...
[ 41%] Built target run_tests_conversion
[ 41%] cREXX RXAS Instruction Tests (descriptor selector contracts) ...
[ 41%] Built target run_tests_decimal
[ 41%] Built target run_tests_reflection
[ 41%] cREXX RXAS Stress Instruction Tests ...
[ 41%] cREXX RXAS Instruction Tests (remaining deterministic instruction gaps) ...
[ 41%] Built target run_tests_interfaces
[ 41%] Built target run_tests_selector_descriptors
[ 41%] cREXX RXAS Instruction Tests (arbitrary operand pipeline) ...
[ 41%] Built target llama_provider
[ 41%] Built target llama_provider_static
[ 41%] Built target run_tests_stress
[ 41%] Building CXX object lib/plugins/llama/CMakeFiles/rxllama_embedding_reference.dir/__/__/__/tests/native-inference/embedding_reference_control.cpp.o
[ 41%] Building CXX object lib/plugins/llama/CMakeFiles/rxllama_embedding_bridge.dir/__/__/__/tests/native-inference/embedding_bridge.cpp.o
[ 41%] Built target run_tests_wide_operands
[ 41%] Built target run_tests_instruction_gaps
[ 41%] Building CXX object lib/plugins/llama/CMakeFiles/rxllama_generation_bridge.dir/__/__/__/tests/native-inference/generation_bridge.cpp.o
[ 41%] Building CXX object lib/plugins/llama/CMakeFiles/rxllama_generation_reference.dir/__/__/__/tests/native-inference/generation_reference_control.cpp.o
[ 41%] Linking CXX executable tests/rxllama_embedding_reference
[ 41%] Built target rxllama_embedding_reference
[ 41%] Linking CXX executable tests/rxllama_generation_reference
[ 41%] Linking CXX executable tests/rxllama_embedding_bridge
[ 41%] Building CXX object lib/plugins/llama/CMakeFiles/rxllama_bridge_lifecycle.dir/__/__/__/tests/native-inference/bridge_lifecycle.cpp.o
[ 41%] Built target rxllama_generation_reference
[ 41%] Built target rxllama_embedding_bridge
[ 41%] Generating whole_procedure_runtime_rxvm_noopt.rxbin
[ 42%] Generating whole_procedure_runtime_rxvm_opt.rxbin
[ 42%] Built target whole_procedure_runtime_rxvm_noopt_artifact
[ 42%] Built target whole_procedure_runtime_rxvm_opt_artifact
[ 42%] Generating nr18_flow_runtime_rxvm_noopt.rxbin
[ 42%] Generating nr18_flow_runtime_rxvm_opt.rxbin
[ 42%] Built target nr18_flow_runtime_rxvm_noopt_artifact
[ 42%] Built target nr18_flow_runtime_rxvm_opt_artifact
[ 42%] Generating storage_identity_runtime_rxvm_noopt.rxbin
[ 42%] Generating storage_identity_runtime_rxvm_opt.rxbin
[ 42%] Linking CXX executable tests/rxllama_generation_bridge
[ 42%] Built target rxllama_generation_bridge
[ 42%] Built target storage_identity_runtime_rxvm_noopt_artifact
[ 42%] Generating redundant_itos_runtime_rxvm_noopt.rxbin
[ 42%] Built target storage_identity_runtime_rxvm_opt_artifact
[ 42%] Generating redundant_itos_runtime_rxvm_opt.rxbin
[ 42%] Generating signal_contract_runtime_rxvm_noopt.rxbin
[ 42%] Built target redundant_itos_runtime_rxvm_noopt_artifact
[ 42%] Generating signal_contract_runtime_rxvm_opt.rxbin
[ 42%] Built target redundant_itos_runtime_rxvm_opt_artifact
[ 42%] Built target signal_contract_runtime_rxvm_noopt_artifact
[ 42%] Generating copied_xtoy_component_placement_runtime_rxvm_noopt.rxbin
[ 42%] Generating copied_xtoy_component_placement_runtime_rxvm_opt.rxbin
[ 42%] Linking CXX executable tests/rxllama_bridge_lifecycle
[ 42%] Built target rxllama_bridge_lifecycle
[ 42%] Built target signal_contract_runtime_rxvm_opt_artifact
[ 42%] Built target copied_xtoy_component_placement_runtime_rxvm_noopt_artifact
[ 42%] Generating branch_thread_runtime_rxvm_noopt.rxbin
[ 42%] Built target copied_xtoy_component_placement_runtime_rxvm_opt_artifact
[ 42%] Generating branch_thread_runtime_rxvm_opt.rxbin
[ 42%] cREXX RXAS intr_test - Native Signal Test Harness ...
[ 42%] Generating reference_iterator_system_rxvm_noopt.rxbin
[ 42%] Built target branch_thread_runtime_rxvm_noopt_artifact
[ 42%] Built target branch_thread_runtime_rxvm_opt_artifact
[ 42%] Built target intr_test
[ 42%] Generating reference_iterator_system_rxvm_opt.rxbin
[ 42%] Built target reference_iterator_system_rxvm_noopt_artifact
[ 42%] Generating reference_iterator_perf_rxvm_noopt.rxbin
[ 42%] Generating reference_iterator_perf_rxvm_opt.rxbin
[ 42%] Generating reference_generated_contract_rxvm_noopt.rxbin
[ 42%] Built target reference_iterator_perf_rxvm_noopt_artifact
[ 42%] Built target reference_iterator_system_rxvm_opt_artifact
[ 42%] Generating reference_generated_contract_rxvm_opt.rxbin
[ 42%] Built target reference_generated_contract_rxvm_noopt_artifact
[ 42%] Building C object tests/rxpa/CMakeFiles/_rxpa_invalid_manifest.dir/rxpa_invalid_manifest.c.o
[ 42%] Built target reference_iterator_perf_rxvm_opt_artifact
[ 42%] Built target rxc
[ 42%] Building C object compiler/tests/CMakeFiles/test_project_dependencies.dir/test_project_dependencies.c.o
[ 42%] Building C object compiler/tests/CMakeFiles/test_import_discovery_snapshot.dir/test_import_discovery_snapshot.c.o
[ 42%] Linking C shared module rx_rxpa_invalid_manifest.rxplugin
[ 42%] Built target _rxpa_invalid_manifest
[ 42%] Linking C executable test_import_discovery_snapshot
[ 42%] Linking C executable test_project_dependencies
[ 42%] Built target reference_generated_contract_rxvm_opt_artifact
[ 42%] Building C object compiler/tests/CMakeFiles/test_import_resolution_report.dir/test_import_resolution_report.c.o
[ 42%] Building C object compiler/tests/CMakeFiles/test_rxcp_super_combiner.dir/test_rxcp_super_combiner.c.o
[ 42%] Linking C executable test_rxcp_super_combiner
[ 42%] Linking C executable test_import_resolution_report
[ 42%] Built target test_project_dependencies
[ 42%] Built target test_import_discovery_snapshot
[ 42%] Built target token_bin
[ 48%] Built target library-rexx
[ 48%] Building C object compiler/tests/CMakeFiles/test_source_provenance.dir/src/test_source_provenance.c.o
[ 48%] Linking C executable test_highlight_cache
[ 48%] Built target test_rxcp_super_combiner
[ 48%] Built target test_import_resolution_report
[ 48%] Building C object compiler/tests/CMakeFiles/test_source_semantics.dir/src/test_source_semantics.c.o
[ 48%] Linking C executable test_highlight_editor_diagnostics
[ 48%] Linking C executable test_source_provenance
[ 48%] Built target test_highlight_cache
[ 48%] Built target rxlink_test_prereqs
[ 48%] Built target test_highlight_editor_diagnostics
[ 48%] Linking C executable test_source_semantics
[ 48%] cREXX RXLINK fixture tests_link_root ...
[ 48%] Built target test_source_provenance
[ 48%] cREXX RXLINK fixture tests_link_root ...
[ 48%] cREXX RXLINK fixture tests_link_root ...
[ 48%] cREXX RXLINK fixture tests_link_provider_a ...
[ 48%] Built target test_source_semantics
[ 48%] cREXX RXLINK fixture tests_link_provider_a ...
[ 48%] cREXX RXLINK fixture tests_link_provider_a ...
[ 49%] cREXX RXLINK fixture tests_link_provider_b ...
[ 49%] cREXX RXLINK success fixture ...
[ 49%] cREXX RXLINK inline-metadata fixture ...
[ 49%] cREXX RXLINK stripped fixture ...
[ 49%] cREXX RXLINK control-file fixture ...
[ 49%] Built target tests_linked_success_artifact
[ 49%] Built target tests_linked_stripped_artifact
[ 49%] Built target tests_linked_inline_artifact
[ 49%] cREXX RXLINK fixture tests_link_interface_root ...
[ 49%] cREXX RXLINK fixture tests_link_srcfproc_root ...
[ 49%] cREXX RXLINK fixture tests_link_srcmethod_root ...
[ 49%] Built target tests_linked_omit_artifact
[ 49%] cREXX RXLINK fixture tests_link_interface_impl ...
[ 49%] cREXX RXLINK fixture tests_link_srcfproc_contract ...
[ 49%] cREXX RXLINK fixture tests_link_srcmethod_provider ...
[ 49%] cREXX RXLINK interface fixture ...
[ 49%] cREXX RXLINK interface fixture ...
[ 49%] cREXX RXLINK srcfprocsel fixture ...
[ 49%] cREXX RXLINK srcmethodsel fixture ...
[ 49%] cREXX RXLINK record-stream concat fixture ...
[ 49%] Built target tests_linked_interface_artifact
[ 49%] Built target rxdas_test_prereqs
[ 49%] Building C object interpreter/CMakeFiles/test_rxvmchannel_process.dir/tests/test_rxvmchannel_process.c.o
[ 49%] Built target tests_linked_srcfproc_artifact
[ 49%] Built target tests_linked_srcmethod_artifact
[ 49%] Built target tests_record_stream_combo_artifact
[ 49%] Building C object interpreter/CMakeFiles/test_float_pool_format.dir/tests/test_float_pool_format.c.o
[ 49%] Building C object interpreter/CMakeFiles/test_compact_format.dir/tests/test_compact_format.c.o
[ 49%] Linking C executable test_rxvmchannel_process
[ 49%] Linking C executable test_float_pool_format
[ 49%] Linking C executable test_compact_format
[ 49%] Built target test_float_pool_format
[ 49%] Built target test_rxvmchannel_process
[ 49%] Built target whole_procedure_runtime
[ 49%] Built target test_compact_format
[ 49%] Built target nr18_flow_runtime
[ 49%] Built target redundant_itos_runtime
[ 49%] Built target storage_identity_runtime
[ 49%] Built target signal_contract_runtime
[ 49%] Built target branch_thread_runtime
[ 49%] Built target copied_xtoy_component_placement_runtime
[ 49%] Built target reference_iterator_system
[ 49%] Built target reference_generated_contract
[ 49%] Built target reference_iterator_perf
[ 49%] Built target crexx_test_driver
[ 49%] Built target tests_link_root_fixture
[ 49%] Built target library
[ 49%] Built target tests_link_provider_a_fixture
[ 49%] Built target tests_link_provider_b_fixture
[ 49%] Built target tests_link_interface_root_fixture
[ 49%] Built target tests_link_interface_impl_fixture
[ 49%] Built target tests_link_srcfproc_contract_fixture
[ 49%] Built target tests_link_srcfproc_root_fixture
[ 49%] Built target tests_link_srcmethod_root_fixture
[ 49%] cREXX RXLINK fixture tests_link_signature_bad_impl ...
[ 49%] Built target tests_link_srcmethod_provider_fixture
[ 49%] Building C object linker/CMakeFiles/test_linked_format.dir/tests/test_linked_format.c.o
[ 49%] cREXX RXDAS roundtrip fixture tests_basic ...
[ 49%] Linking C executable test_linked_format
[ 49%] Built target tests_link_signature_bad_impl_fixture
[ 50%] cREXX RXDAS roundtrip fixture tests_int_contract ...
[ 50%] Built target rxdas_roundtrip_basic_artifact
[ 50%] Built target test_linked_format
[ 50%] cREXX RXDAS roundtrip fixture tests_float_pool ...
[ 50%] cREXX RXDAS roundtrip fixture tests_compact_format ...
[ 50%] Built target llama_provider_runtime_package
[ 50%] cREXX RXDAS roundtrip fixture tests_wide_operands ...
[ 50%] Built target rxdas_roundtrip_int64_contract_artifact
[ 50%] Built target rxdas_roundtrip_float_pool_artifact
[ 50%] cREXX RXDAS roundtrip fixture tests_interfaces ...
[ 50%] Built target rxdas_roundtrip_compact_format_artifact
[ 50%] cREXX RXDAS roundtrip fixture tests_disassembler_roundtrip ...
[ 50%] cREXX RXDAS roundtrip fixture tests_disassembler_imported ...
[ 50%] Built target rxdas_roundtrip_wide_operands_artifact
[ 50%] cREXX RXDAS roundtrip fixture tests_binary ...
[ 50%] Built target rxdas_roundtrip_metadata_artifact
[ 50%] Built target rxdas_roundtrip_interfaces_artifact
[ 50%] Built target rxdas_roundtrip_imported_artifact
[ 50%] cREXX RXDAS roundtrip fixture tests_rxdas_large_binary ...
[ 50%] cREXX RXDAS roundtrip fixture tests_jump_table ...
[ 50%] cREXX RXDAS roundtrip fixture tests_jump_table_hash_edges ...
[ 50%] Built target rxdas_roundtrip_binary_artifact
[ 50%] Built target rxdas_roundtrip_large_binary_alias_artifact
[ 50%] cREXX RXDAS roundtrip fixture tests_jump_table_rexx_strings ...
[ 50%] Built target rxdas_roundtrip_jtable_linear_artifact
[ 50%] Built target rxdas_roundtrip_jtable_hash_artifact
[ 50%] Building C object disassembler/CMakeFiles/test_disassembler_dump.dir/tests/test_disassembler_dump.c.o
[ 50%] Built target rxfnsl_imports
[ 50%] Building C object tests/rxpa/CMakeFiles/_rxpa_dynlink.dir/rxpa_dynlink.c.o
[ 50%] Building C object tests/rxpa/CMakeFiles/_rxpa_classdecl.dir/rxpa_classdecl.c.o
[ 50%] Linking C shared module rx_rxpa_dynlink.rxplugin
[ 50%] Building C object disassembler/CMakeFiles/test_disassembler_dump.dir/rxdadism.c.o
[ 50%] Linking C shared module rx_rxpa_classdecl.rxplugin
[ 50%] Built target rxdas_roundtrip_jtable_rexx_strings_artifact
[ 50%] Building C object tests/rxpa/CMakeFiles/_rxpa_callmethod.dir/rxpa_callmethod.c.o
[ 50%] Built target _rxpa_dynlink
[ 50%] Built target _rxpa_classdecl
[ 50%] Building C object tests/rxpa/CMakeFiles/_rxpa_bad_signatures.dir/rxpa_bad_signatures.c.o
[ 50%] Linking C shared module rx_rxpa_callmethod.rxplugin
[ 50%] Linking C executable ../rxc_staticlink
[ 50%] Linking C shared module rx_rxpa_bad_signatures.rxplugin
[ 50%] Linking C executable test_disassembler_dump
[ 50%] Built target _rxpa_callmethod
[ 50%] Linking C executable ../rxc_classdecl_static
[ 50%] Built target _rxpa_bad_signatures
[ 50%] Built target rxc_staticlink
[ 50%] Built target test_disassembler_dump
[ 50%] Building C object tests/rxpa/CMakeFiles/_testfuncs_dynamic.dir/rxpa_functests.c.o
[ 50%] Building C object tests/rxpa/multplugins/CMakeFiles/_plugin1.dir/plugin1.c.o
[ 50%] Building C object tests/rxpa/multplugins/CMakeFiles/_plugin2.dir/plugin2.c.o
/Users/adrian/CLionProjects/CREXX/tests/rxpa/rxpa_functests.c:119:5: warning: 'sprintf' is deprecated: This function is provided for compatibility reasons only.  Due to security concerns inherent in the design of sprintf(3), it is highly recommended that you use snprintf(3) instead. [-Wdeprecated-declarations]
  119 |     sprintf(buffer, "%s%s", GETSTRING(ARG(0)), GETSTRING(ARG(1)));
      |     ^
/Library/Developer/CommandLineTools/SDKs/MacOSX.sdk/usr/include/_stdio.h:278:1: note: 'sprintf' has been explicitly marked deprecated here
  278 | __deprecated_msg("This function is provided for compatibility reasons only.  Due to security concerns inherent in the design of sprintf(3), it is highly recommended that you use snprintf(3) instead.")
      | ^
/Library/Developer/CommandLineTools/SDKs/MacOSX.sdk/usr/include/sys/cdefs.h:227:48: note: expanded from macro '__deprecated_msg'
  227 |         #define __deprecated_msg(_msg) __attribute__((__deprecated__(_msg)))
      |                                                       ^
/Users/adrian/CLionProjects/CREXX/tests/rxpa/rxpa_functests.c:139:5: warning: 'sprintf' is deprecated: This function is provided for compatibility reasons only.  Due to security concerns inherent in the design of sprintf(3), it is highly recommended that you use snprintf(3) instead. [-Wdeprecated-declarations]
  139 |     sprintf(buffer, "%s%s", GETSTRING(ARG(0)), GETSTRING(ARG(1)));
      |     ^
/Library/Developer/CommandLineTools/SDKs/MacOSX.sdk/usr/include/_stdio.h:278:1: note: 'sprintf' has been explicitly marked deprecated here
  278 | __deprecated_msg("This function is provided for compatibility reasons only.  Due to security concerns inherent in the design of sprintf(3), it is highly recommended that you use snprintf(3) instead.")
      | ^
/Library/Developer/CommandLineTools/SDKs/MacOSX.sdk/usr/include/sys/cdefs.h:227:48: note: expanded from macro '__deprecated_msg'
  227 |         #define __deprecated_msg(_msg) __attribute__((__deprecated__(_msg)))
      |                                                       ^
2 warnings generated.
[ 50%] Linking C shared module rx_testfuncs_dynamic.rxplugin
[ 50%] Built target rxc_classdecl_static
[ 50%] Linking C shared module rx_plugin1.rxplugin
[ 50%] Linking C shared module rx_plugin2.rxplugin
[ 50%] Staging deterministic compiler-exit imports ...
[ 50%] Built target compiler_exit_imports
[ 50%] Built target _testfuncs_dynamic
[ 50%] Built target _plugin1
[ 50%] Built target _plugin2
[ 50%] Built target rxdas_graph_error_artifact
[ 50%] Built target rxfnsl
[ 50%] Built target exit_dump_bin
[ 50%] Built target exit_rxqueue_bin
[ 50%] Built target exit_address_bin
[ 50%] Built target exit_query_bin
[ 50%] Built target exit_sort_bin
[ 50%] Built target exit_sortx_bin
[ 50%] Built target exit_msay_bin
[ 50%] Built target exit_fsay_bin
[ 50%] Built target exit_add_bin
[ 50%] Built target exit_execio_bin
[ 50%] Built target exit_rexxscript_bin
[ 50%] Built target exit_signal_bin
[ 50%] Built target exit_trace_bin
[ 51%] Built target exit_parse_bin
[ 51%] Built target exit_dummy_bin
[ 51%] Built target exit_substr_bin
[ 51%] Building exittestsupport.rxbin
[ 51%] Built target compiler_exit_bin
[ 51%] Compiling cms_address_environment.crexx ...
[ 51%] Compiling stub_plugin.crexx ...
[ 51%] Staging immutable class library compiler imports ...
[ 51%] Built target classlib_imports
[ 51%] Compiling address_cms_host.crexx ...
[ 51%] Built target exit_test_support_bin
[ 51%] Compiling kv_address_demo.crexx ...
[ 51%] Built target stub_plugin_bin
[ 51%] Compiling address_callback_host.crexx ...
[ 51%] Built target native_kv_address_demo_bin
[ 51%] Compiling e2_active_context.crexx ...
[ 51%] Compiling cms_address_demo.crexx ...
[ 51%] Compiling dynamic_load_provider.crexx ...
[ 51%] Built target address_callback_host_bin
[ 51%] Staging immutable native-backed class library compiler imports ...
[ 51%] Built target e2_active_context_bin
[ 51%] Built target classlib_native_imports
[ 51%] Compiling crexxsaa_variables_host.crexx ...
[ 51%] Linking C executable test_crexxsaa_status
[ 51%] Built target test_crexxsaa_status
[ 51%] Compiling test_dump.crexx with exit (noopt)
[ 51%] Built target address_cms_fixture_bin
[ 51%] Compiling test_query.crexx with exit (noopt)
[ 51%] Compiling dynamic_load_host.crexx ...
[ 51%] Compiling test_dump.crexx with exit (opt)
[ 51%] Built target crexxsaa_variables_host_bin
[ 51%] Compiling test_sort.crexx with exit (noopt)
[ 51%] Compiling test_query.crexx with exit (opt)
[ 51%] Built target test_dump_bin
[ 51%] Compiling test_sortx.crexx with exit (noopt)
[ 51%] Compiling test_sort.crexx with exit (opt)
[ 51%] Built target test_query_bin
[ 51%] Compiling test_address.crexx with exit (noopt)
[ 51%] Built target dynamic_load_fixture_bin
[ 51%] Compiling test_address_direct.crexx with exit (noopt)
[ 51%] Compiling test_sortx.crexx with exit (opt)
[ 51%] Built target test_sort_bin
[ 51%] Compiling test_address_after_signal_block.crexx with exit (noopt)
[ 51%] Compiling test_address.crexx with exit (opt)
[ 51%] Compiling test_address_direct.crexx with exit (opt)
[ 51%] Built target test_sortx_bin
[ 51%] Compiling test_execio.crexx with exit (noopt)
[ 51%] Compiling test_address_after_signal_block.crexx with exit (opt)
[ 51%] Built target test_address_bin
[ 51%] Compiling test_add.crexx with exit (noopt)
[ 51%] Compiling test_execio.crexx with exit (opt)
[ 51%] Built target test_address_after_signal_block_bin
[ 51%] Compiling test_add.crexx with exit (opt)
[ 51%] Compiling test_fsay.crexx with exit (noopt)
[ 51%] Built target test_execio_bin
[ 51%] Compiling test_msay.crexx with exit (noopt)
[ 51%] Built target test_add_bin
[ 51%] Compiling test_fsay.crexx with exit (opt)
[ 51%] Built target test_address_direct_bin
[ 51%] Compiling test_parse.crexx with exit (noopt)
[ 51%] Compiling test_msay.crexx with exit (opt)
[ 51%] Compiling test_parse.crexx with exit (opt)
[ 51%] Built target test_fsay_bin
[ 51%] Compiling test_parse_direct.crexx with exit (noopt)
[ 51%] Built target test_msay_bin
[ 51%] Compiling test_parse_compiled_patterns.crexx with exit (noopt)
[ 51%] Compiling test_parse_direct.crexx with exit (opt)
[ 51%] Compiling test_parse_compiled_patterns.crexx with exit (opt)
[ 51%] Compiling test_signal.crexx with exit (noopt)
[ 51%] Compiling test_signal.crexx with exit (opt)
[ 51%] Built target test_parse_direct_bin
[ 51%] Compiling test_signal_direct.crexx with exit (noopt)
[ 51%] Built target test_parse_compiled_patterns_bin
[ 51%] Compiling test_signal_block.crexx with exit (noopt)
[ 51%] Built target test_signal_bin
[ 51%] Compiling test_signal_block_levelg.crexx with exit (noopt)
[ 51%] Compiling test_signal_direct.crexx with exit (opt)
[ 52%] Compiling test_signal_block.crexx with exit (opt)
[ 52%] Compiling test_signal_block_levelg.crexx with exit (opt)
[ 52%] Built target test_signal_block_bin
[ 52%] Compiling reference_source_invalid_signal.crexx with exit (noopt)
[ 52%] Built target test_signal_block_levelg_bin
[ 52%] Compiling test_trace_exit.crexx with exit (noopt)
[ 52%] Built target test_signal_direct_bin
[ 52%] Compiling test_trace_negated_string.crexx with exit (noopt)
[ 52%] Compiling reference_source_invalid_signal.crexx with exit (opt)
[ 52%] Compiling test_trace_exit.crexx with exit (opt)
[ 52%] Compiling test_trace_negated_string.crexx with exit (opt)
[ 52%] Built target reference_source_invalid_signal_bin
[ 52%] Compiling test_trace_results.crexx with exit (noopt)
[ 52%] Built target test_trace_exit_bin
[ 52%] Compiling test_trace_llm.crexx with exit (noopt)
[ 52%] Built target test_trace_negated_string_bin
[ 52%] Compiling test_trace_direct.crexx with exit (noopt)
[ 52%] Compiling test_trace_results.crexx with exit (opt)
[ 52%] Compiling test_trace_llm.crexx with exit (opt)
[ 52%] Compiling test_trace_direct.crexx with exit (opt)
[ 52%] Built target test_trace_results_bin
[ 52%] Compiling test_trace_stderr.crexx with exit (noopt)
[ 52%] Built target test_trace_llm_bin
[ 52%] Compiling test_trace_stderr.crexx with exit (opt)
[ 52%] Compiling test_trace_file.crexx with exit (noopt)
[ 52%] Compiling test_trace_file.crexx with exit (opt)
[ 52%] Built target test_trace_stderr_bin
[ 52%] Compiling test_trace_normal_quiet.crexx with exit (noopt)
[ 52%] Built target test_trace_direct_bin
[ 52%] Compiling test_trace_normal_command.crexx with exit (noopt)
[ 52%] Compiling test_trace_normal_quiet.crexx with exit (opt)
[ 52%] Built target test_trace_file_bin
[ 52%] Compiling test_trace_normal_command.crexx with exit (opt)
[ 52%] Compiling test_trace_env.crexx with exit (noopt)
[ 52%] Built target test_trace_normal_quiet_bin
[ 52%] Compiling test_trace_env.crexx with exit (opt)
[ 52%] Built target test_trace_normal_command_bin
[ 52%] Compiling test_trace_event_batch.crexx with exit (noopt)
[ 52%] Compiling test_trace_env.crexx with exit (noopt)
[ 52%] Compiling test_trace_event_batch.crexx with exit (opt)
[ 52%] Built target test_trace_env_bin
[ 52%] Compiling test_trace_env_ignored.crexx with exit (noopt)
[ 53%] Compiling test_trace_env.crexx with exit (opt)
[ 53%] Compiling test_trace_env_ignored.crexx with exit (opt)
[ 53%] Built target test_trace_event_batch_bin
[ 53%] Compiling test_trace_source_jump_helper.crexx (noopt)
[ 53%] Built target test_trace_env_invalid_bin
[ 53%] Compiling test_trace_namespace_commands.crexx with exit (noopt)
[ 53%] Compiling test_trace_source_jump_helper.crexx (opt)
[ 53%] Built target test_trace_env_ignored_bin
[ 53%] Compiling test_substr.crexx with exit (noopt)
[ 53%] Compiling test_trace_namespace_commands.crexx with exit (opt)
[ 53%] Compiling test_trace_source_jump.crexx with exit (noopt)
[ 53%] Compiling test_substr.crexx with exit (opt)
[ 53%] Built target test_trace_namespace_commands_bin
[ 53%] Compiling test_trace_source_jump.crexx with exit (opt)
[ 53%] Compiling test_dummy.crexx with exit (noopt)
[ 53%] Built target test_substr_bin
[ 53%] Compiling test_dummy.crexx with exit (opt)
[ 53%] Compiling test_rxqueue.crexx with exit (noopt)
[ 53%] Built target test_trace_source_jump_bin
[ 53%] Built target debugger_imports
[ 53%] Compiling test_reentrancy.crexx ...
[ 53%] Built target test_dummy_bin
[ 53%] Compiling test_rxqueue.crexx with exit (opt)
[ 54%] Compiling RCC-3 module initializer fixtures ...
[ 54%] Built target test_reentrancy_bin
[ 54%] Compiling PERF3-13 E4 program-generation controls ...
[ 54%] Built target test_rxqueue_bin
[ 54%] Compiling PERF3-13 E5 native-doorbell control ...
[ 54%] Built target test_persistent_worker_executor_bin
[ 54%] Generating ts_stem_errors_opt.rxbin
[ 54%] Built target test_program_generation_control_bins
[ 54%] Generating ts_stem_errors_noopt.rxbin
[ 54%] Built target ts_stem_errors_opt_artifact
[ 54%] Building the LOADMODULE focused provider
[ 54%] Built target ts_stem_errors_noopt_artifact
[ 54%] Generating tlinesz_opt.rxbin
[ 54%] Built target ts_loadmodule_provider_artifact
[ 54%] Generating tlinesz_noopt.rxbin
[ 54%] Built target tlinesz_opt_artifact
[ 54%] Generating ts_abbrev_opt.rxbin
[ 54%] Built target test_module_initializer_bins
[ 54%] Generating ts_abbrev_noopt.rxbin
[ 54%] Built target tlinesz_noopt_artifact
[ 54%] Generating ts_abs_opt.rxbin
[ 54%] Built target ts_abbrev_opt_artifact
[ 54%] Generating ts_abs_noopt.rxbin
[ 54%] Built target ts_abbrev_noopt_artifact
[ 54%] Generating ts_typed_numeric_opt.rxbin
[ 54%] Built target ts_abs_opt_artifact
[ 54%] Generating ts_typed_numeric_noopt.rxbin
[ 54%] Built target ts_abs_noopt_artifact
[ 54%] Generating ts_address_protocol_opt.rxbin
[ 54%] Built target ts_typed_numeric_noopt_artifact
[ 54%] Generating ts_address_protocol_noopt.rxbin
[ 54%] Built target ts_typed_numeric_opt_artifact
[ 54%] Generating ts_address_opt.rxbin
[ 54%] Built target ts_address_protocol_noopt_artifact
[ 54%] Generating ts_address_noopt.rxbin
[ 54%] Built target ts_address_protocol_opt_artifact
[ 54%] Generating ts_address_crexx_opt.rxbin
[ 54%] Built target ts_address_opt_artifact
[ 54%] Generating ts_address_crexx_noopt.rxbin
[ 54%] Built target ts_address_noopt_artifact
[ 54%] Generating ts_address_capture_opt.rxbin
[ 54%] Built target ts_address_capture_opt_artifact
[ 54%] Generating ts_address_capture_noopt.rxbin
[ 54%] Built target ts_address_crexx_noopt_artifact
[ 54%] Generating ts_address_argv_opt.rxbin
[ 54%] Built target ts_address_argv_opt_artifact
[ 54%] Generating ts_address_argv_noopt.rxbin
[ 54%] Built target ts_address_capture_noopt_artifact
[ 55%] Generating ts_address_array_lifecycle_opt.rxbin
[ 55%] Built target ts_address_argv_noopt_artifact
[ 55%] Generating ts_address_array_lifecycle_noopt.rxbin
[ 55%] Built target ts_address_array_lifecycle_opt_artifact
[ 55%] Generating ts_address_spawn_transfer_opt.rxbin
[ 55%] Built target ts_address_array_lifecycle_noopt_artifact
[ 55%] Generating ts_address_spawn_transfer_noopt.rxbin
[ 55%] Built target ts_address_spawn_transfer_noopt_artifact
[ 55%] Generating ts_binary_opt.rxbin
[ 55%] Built target test_parse_bin
[ 55%] Generating ts_binary_noopt.rxbin
[ 55%] Built target ts_address_spawn_transfer_opt_artifact
[ 55%] Generating ts_c2x_opt.rxbin
[ 55%] Built target ts_binary_noopt_artifact
[ 55%] Generating ts_c2x_noopt.rxbin
[ 55%] Built target ts_c2x_opt_artifact
[ 55%] Generating ts_center_opt.rxbin
[ 55%] Built target ts_binary_opt_artifact
[ 55%] Generating ts_center_noopt.rxbin
[ 55%] Built target ts_c2x_noopt_artifact
[ 55%] Generating ts_changestr_opt.rxbin
[ 55%] Built target ts_center_opt_artifact
[ 55%] Generating ts_changestr_noopt.rxbin
[ 55%] Built target ts_center_noopt_artifact
[ 55%] Generating ts_compare_opt.rxbin
[ 55%] Built target ts_changestr_opt_artifact
[ 55%] Generating ts_compare_noopt.rxbin
[ 55%] Built target ts_changestr_noopt_artifact
[ 55%] Generating ts_countstr_opt.rxbin
[ 55%] Built target ts_compare_opt_artifact
[ 55%] Generating ts_countstr_noopt.rxbin
[ 55%] Built target ts_compare_noopt_artifact
[ 55%] Generating ts_d2c_opt.rxbin
[ 55%] Built target ts_countstr_opt_artifact
[ 55%] Generating ts_d2c_noopt.rxbin
[ 55%] Built target ts_countstr_noopt_artifact
[ 55%] Generating ts_d2x_opt.rxbin
[ 55%] Built target ts_d2c_opt_artifact
[ 55%] Generating ts_d2x_noopt.rxbin
[ 55%] Built target ts_d2c_noopt_artifact
[ 55%] Generating ts_date_opt.rxbin
[ 55%] Built target ts_d2x_opt_artifact
[ 55%] Generating ts_date_noopt.rxbin
[ 55%] Built target ts_d2x_noopt_artifact
[ 55%] Generating ts_date2_opt.rxbin
[ 55%] Built target ts_date_noopt_artifact
[ 55%] Generating ts_date2_noopt.rxbin
[ 55%] Built target ts_date_opt_artifact
[ 55%] Generating ts_date_core_opt.rxbin
[ 55%] Built target ts_date2_opt_artifact
[ 55%] Generating ts_date_core_noopt.rxbin
[ 55%] Built target ts_date2_noopt_artifact
[ 55%] Generating ts_delstr_opt.rxbin
[ 55%] Built target ts_date_core_opt_artifact
[ 55%] Generating ts_delstr_noopt.rxbin
[ 55%] Built target ts_date_core_noopt_artifact
[ 55%] Generating ts_delword_opt.rxbin
[ 55%] Built target ts_delstr_opt_artifact
[ 55%] Generating ts_delword_noopt.rxbin
[ 55%] Built target ts_delstr_noopt_artifact
[ 55%] Generating ts_fileio_binary_opt.rxbin
[ 55%] Built target ts_delword_opt_artifact
[ 55%] Generating ts_fileio_binary_noopt.rxbin
[ 55%] Built target ts_delword_noopt_artifact
[ 55%] Generating ts_fileio_chars_opt.rxbin
[ 55%] Built target ts_fileio_binary_opt_artifact
[ 55%] Generating ts_fileio_chars_noopt.rxbin
[ 55%] Built target ts_fileio_binary_noopt_artifact
[ 55%] Generating ts_format_opt.rxbin
[ 55%] Built target ts_fileio_chars_opt_artifact
[ 55%] Generating ts_format_noopt.rxbin
[ 55%] Built target ts_fileio_chars_noopt_artifact
[ 56%] Generating ts_fnv_opt.rxbin
[ 56%] Built target ts_format_opt_artifact
[ 56%] Generating ts_fnv_noopt.rxbin
[ 56%] Built target ts_format_noopt_artifact
[ 56%] Generating ts_fsayfmt_opt.rxbin
[ 56%] Built target ts_fnv_opt_artifact
[ 56%] Generating ts_fsayfmt_noopt.rxbin
[ 56%] Built target ts_fnv_noopt_artifact
[ 56%] Generating ts_insert_opt.rxbin
[ 56%] Built target ts_fsayfmt_opt_artifact
[ 56%] Generating ts_insert_noopt.rxbin
[ 56%] Built target ts_fsayfmt_noopt_artifact
[ 56%] Generating ts_left_opt.rxbin
[ 56%] Built target ts_insert_opt_artifact
[ 57%] Generating ts_left_noopt.rxbin
[ 57%] Built target ts_insert_noopt_artifact
[ 57%] Generating ts_length_opt.rxbin
[ 57%] Built target ts_left_opt_artifact
[ 57%] Generating ts_length_noopt.rxbin
[ 57%] Built target ts_left_noopt_artifact
[ 57%] Generating ts_lower_opt.rxbin
[ 57%] Built target ts_length_opt_artifact
[ 57%] Generating ts_lower_noopt.rxbin
[ 57%] Built target ts_length_noopt_artifact
[ 57%] Generating ts_min_max_opt.rxbin
[ 57%] Built target ts_lower_opt_artifact
[ 57%] Generating ts_min_max_noopt.rxbin
[ 57%] Built target ts_lower_noopt_artifact
[ 58%] Generating ts_overlay_opt.rxbin
[ 58%] Built target ts_min_max_opt_artifact
[ 58%] Generating ts_overlay_noopt.rxbin
[ 58%] Built target ts_min_max_noopt_artifact
[ 58%] Generating ts_pos_opt.rxbin
[ 58%] Built target ts_overlay_opt_artifact
[ 58%] Generating ts_pos_noopt.rxbin
[ 58%] Built target ts_overlay_noopt_artifact
[ 58%] Generating ts_qpos_opt.rxbin
[ 58%] Built target ts_address_crexx_opt_artifact
[ 58%] Generating ts_qpos_noopt.rxbin
[ 58%] Built target ts_pos_opt_artifact
[ 58%] Generating ts_qlibrary_opt.rxbin
[ 58%] Built target ts_pos_noopt_artifact
[ 58%] Generating ts_qlibrary_noopt.rxbin
[ 58%] Built target ts_qpos_opt_artifact
[ 58%] Generating ts_random_opt.rxbin
[ 58%] Built target ts_qpos_noopt_artifact
[ 58%] Generating ts_random_noopt.rxbin
[ 58%] Built target ts_qlibrary_noopt_artifact
[ 58%] Generating ts_reverse_opt.rxbin
[ 58%] Built target ts_qlibrary_opt_artifact
[ 58%] Generating ts_reverse_noopt.rxbin
[ 58%] Built target ts_random_opt_artifact
[ 58%] Generating ts_arrayget_opt.rxbin
[ 58%] Built target ts_random_noopt_artifact
[ 58%] Generating ts_arrayget_noopt.rxbin
[ 58%] Built target ts_reverse_opt_artifact
[ 58%] Generating ts_regex_opt.rxbin
[ 58%] Built target ts_reverse_noopt_artifact
[ 58%] Generating ts_regex_noopt.rxbin
[ 58%] Built target ts_arrayget_opt_artifact
[ 58%] Generating ts_right_opt.rxbin
[ 58%] Built target ts_arrayget_noopt_artifact
[ 58%] Generating ts_right_noopt.rxbin
[ 58%] Built target ts_regex_noopt_artifact
[ 58%] Generating ts_sign_opt.rxbin
[ 58%] Built target ts_right_opt_artifact
[ 58%] Generating ts_sign_noopt.rxbin
[ 58%] Built target ts_right_noopt_artifact
[ 58%] Generating ts_space_opt.rxbin
[ 58%] Built target ts_sign_noopt_artifact
[ 58%] Built target ts_sign_opt_artifact
[ 58%] Generating ts_space_noopt.rxbin
[ 58%] Generating ts_strip_opt.rxbin
[ 58%] Built target ts_space_opt_artifact
[ 58%] Generating ts_strip_noopt.rxbin
[ 58%] Built target ts_regex_opt_artifact
[ 58%] Generating ts_symbol_opt.rxbin
[ 58%] Built target ts_space_noopt_artifact
[ 58%] Generating ts_symbol_noopt.rxbin
[ 58%] Built target ts_strip_opt_artifact
[ 58%] Generating ts_test_opt.rxbin
[ 58%] Built target ts_strip_noopt_artifact
[ 58%] Generating ts_test_noopt.rxbin
[ 58%] Built target ts_symbol_opt_artifact
[ 58%] Generating ts_time_opt.rxbin
[ 58%] Built target ts_symbol_noopt_artifact
[ 60%] Generating ts_time_noopt.rxbin
[ 60%] Built target ts_test_opt_artifact
[ 60%] Generating ts_trace_opt.rxbin
[ 60%] Built target ts_test_noopt_artifact
[ 60%] Generating ts_trace_noopt.rxbin
[ 60%] Built target ts_time_noopt_artifact
[ 60%] Generating ts_translate_opt.rxbin
[ 60%] Built target ts_time_opt_artifact
[ 60%] Generating ts_translate_noopt.rxbin
[ 60%] Built target ts_trace_noopt_artifact
[ 60%] Generating ts_trunc_opt.rxbin
[ 60%] Built target ts_translate_noopt_artifact
[ 60%] Generating ts_trunc_noopt.rxbin
[ 60%] Built target ts_translate_opt_artifact
[ 60%] Generating ts_upper_opt.rxbin
[ 60%] Built target ts_trunc_opt_artifact
[ 60%] Generating ts_upper_noopt.rxbin
[ 60%] Built target ts_trunc_noopt_artifact
[ 60%] Generating ts_upper_lower_opt.rxbin
[ 60%] Built target ts_upper_opt_artifact
[ 60%] Generating ts_upper_lower_noopt.rxbin
[ 60%] Built target ts_upper_noopt_artifact
[ 60%] Generating ts_version_opt.rxbin
[ 60%] Built target ts_upper_lower_opt_artifact
[ 60%] Generating ts_version_noopt.rxbin
[ 60%] Built target ts_upper_lower_noopt_artifact
[ 60%] Generating ts_sourceinfo_opt.rxbin
[ 60%] Built target ts_version_opt_artifact
[ 60%] Generating ts_sourceinfo_noopt.rxbin
[ 60%] Built target ts_version_noopt_artifact
[ 60%] Generating ts_value_opt.rxbin
[ 60%] Built target ts_sourceinfo_opt_artifact
[ 60%] Generating ts_value_noopt.rxbin
[ 60%] Built target ts_sourceinfo_noopt_artifact
[ 60%] Generating ts_verify_opt.rxbin
[ 60%] Built target ts_value_noopt_artifact
[ 60%] Generating ts_verify_noopt.rxbin
[ 60%] Built target ts_value_opt_artifact
[ 60%] Generating ts_wordlength_opt.rxbin
[ 60%] Built target ts_verify_opt_artifact
[ 60%] Generating ts_wordlength_noopt.rxbin
[ 60%] Built target ts_trace_opt_artifact
[ 60%] Generating ts_wordpos_opt.rxbin
[ 60%] Built target ts_verify_noopt_artifact
[ 60%] Generating ts_wordpos_noopt.rxbin
[ 60%] Built target ts_wordlength_opt_artifact
[ 61%] Generating ts_wrdix_opt.rxbin
[ 61%] Built target ts_wordlength_noopt_artifact
[ 61%] Generating ts_wrdix_noopt.rxbin
[ 61%] Built target ts_wordpos_opt_artifact
[ 61%] Generating ts_x2b_opt.rxbin
[ 61%] Built target ts_wordpos_noopt_artifact
[ 61%] Generating ts_x2b_noopt.rxbin
[ 61%] Built target ts_wrdix_opt_artifact
[ 61%] Generating ts_x2c_opt.rxbin
[ 61%] Built target ts_wrdix_noopt_artifact
[ 61%] Generating ts_x2c_noopt.rxbin
[ 61%] Built target ts_x2b_opt_artifact
[ 61%] Generating ts_x2d_opt.rxbin
[ 61%] Built target ts_x2b_noopt_artifact
[ 61%] Generating ts_x2d_noopt.rxbin
[ 61%] Built target ts_x2c_opt_artifact
[ 61%] Generating tscopies_opt.rxbin
[ 61%] Built target ts_x2c_noopt_artifact
[ 61%] Generating tscopies_noopt.rxbin
[ 61%] Built target ts_x2d_opt_artifact
[ 61%] Generating tslastpos_opt.rxbin
[ 61%] Built target ts_x2d_noopt_artifact
[ 61%] Generating tslastpos_noopt.rxbin
[ 61%] Built target tscopies_opt_artifact
[ 61%] Generating tsubstr_opt.rxbin
[ 61%] Built target tscopies_noopt_artifact
[ 61%] Generating tsubstr_noopt.rxbin
[ 61%] Built target tslastpos_noopt_artifact
[ 61%] Generating tsword_opt.rxbin
[ 61%] Built target tslastpos_opt_artifact
[ 61%] Generating tsword_noopt.rxbin
[ 61%] Built target tsubstr_opt_artifact
[ 61%] Generating ts_words_opt.rxbin
[ 61%] Built target tsubstr_noopt_artifact
[ 61%] Generating ts_words_noopt.rxbin
[ 61%] Built target tsword_opt_artifact
[ 62%] Generating ts_reradix_opt.rxbin
[ 62%] Built target tsword_noopt_artifact
[ 62%] Generating ts_reradix_noopt.rxbin
[ 62%] Built target ts_words_opt_artifact
[ 62%] Generating ts_sequence_opt.rxbin
[ 62%] Built target ts_words_noopt_artifact
[ 62%] Generating ts_sequence_noopt.rxbin
[ 62%] Built target ts_reradix_noopt_artifact
[ 62%] Generating ts_find_opt.rxbin
[ 62%] Built target ts_reradix_opt_artifact
[ 62%] Generating ts_find_noopt.rxbin
[ 62%] Built target ts_sequence_opt_artifact
[ 62%] Generating ts_index_opt.rxbin
[ 62%] Built target ts_sequence_noopt_artifact
[ 62%] Generating ts_index_noopt.rxbin
[ 62%] Built target ts_find_noopt_artifact
[ 62%] Generating ts_parse_opt.rxbin
[ 62%] Built target ts_find_opt_artifact
[ 62%] Generating ts_parse_noopt.rxbin
[ 62%] Built target ts_index_opt_artifact
[ 62%] Generating ts_datatype_opt.rxbin
[ 62%] Built target ts_index_noopt_artifact
[ 62%] Generating ts_datatype_noopt.rxbin
[ 62%] Built target ts_parse_noopt_artifact
[ 62%] Generating ts_numeric_opt.rxbin
[ 62%] Built target ts_datatype_noopt_artifact
[ 62%] Generating ts_numeric_noopt.rxbin
[ 62%] Built target ts_datatype_opt_artifact
[ 62%] Generating ts_splice_opt.rxbin
[ 62%] Built target ts_parse_opt_artifact
[ 62%] Generating ts_splice_noopt.rxbin
[ 62%] Built target ts_numeric_opt_artifact
[ 62%] Generating ts_arraydelete_opt.rxbin
[ 62%] Built target ts_numeric_noopt_artifact
[ 62%] Generating ts_arraydelete_noopt.rxbin
[ 62%] Built target ts_splice_opt_artifact
[ 62%] Generating ts_arraydelete_focused_opt.rxbin
[ 62%] Built target ts_splice_noopt_artifact
[ 62%] Generating ts_arraydelete_focused_noopt.rxbin
[ 62%] Built target ts_arraydelete_noopt_artifact
[ 62%] Generating ts_arrayappend_opt.rxbin
[ 62%] Built target ts_arraydelete_opt_artifact
[ 62%] Generating ts_arrayappend_noopt.rxbin
[ 62%] Built target ts_arraydelete_focused_opt_artifact
[ 62%] Generating ts_arraycontains_opt.rxbin
[ 62%] Built target ts_arraydelete_focused_noopt_artifact
[ 62%] Generating ts_arraycontains_noopt.rxbin
[ 62%] Built target ts_arrayappend_opt_artifact
[ 62%] Generating ts_arraycopy_opt.rxbin
[ 62%] Built target ts_arrayappend_noopt_artifact
[ 62%] Generating ts_arraycopy_noopt.rxbin
[ 62%] Built target ts_arraycontains_opt_artifact
[ 63%] Generating ts_arraydrop_opt.rxbin
[ 63%] Built target ts_arraycontains_noopt_artifact
[ 63%] Generating ts_arraydrop_noopt.rxbin
[ 63%] Built target ts_arraycopy_opt_artifact
[ 63%] Generating ts_arrayfind_opt.rxbin
[ 63%] Built target ts_arraycopy_noopt_artifact
[ 63%] Generating ts_arrayfind_noopt.rxbin
[ 63%] Built target ts_arraydrop_opt_artifact
[ 63%] Generating ts_arrayhi_opt.rxbin
[ 63%] Built target ts_arraydrop_noopt_artifact
[ 63%] Generating ts_arrayhi_noopt.rxbin
[ 63%] Built target ts_arrayfind_opt_artifact
[ 63%] Generating ts_arrayindexof_opt.rxbin
[ 63%] Built target ts_arrayfind_noopt_artifact
[ 63%] Generating ts_arrayindexof_noopt.rxbin
[ 63%] Built target ts_arrayhi_opt_artifact
[ 63%] Generating ts_arrayinsert_opt.rxbin
[ 63%] Built target ts_arrayhi_noopt_artifact
[ 63%] Generating ts_arrayinsert_noopt.rxbin
[ 63%] Built target ts_arrayindexof_opt_artifact
[ 63%] Built target ts_arrayindexof_noopt_artifact
[ 63%] Generating ts_arrayjoin_opt.rxbin
[ 63%] Generating ts_arrayjoin_noopt.rxbin
[ 63%] Built target ts_arrayinsert_opt_artifact
[ 63%] Built target ts_arrayinsert_noopt_artifact
[ 63%] Generating ts_arraymove_opt.rxbin
[ 63%] Generating ts_arraymove_noopt.rxbin
[ 63%] Built target ts_arrayjoin_noopt_artifact
[ 63%] Generating ts_arraypop_opt.rxbin
[ 63%] Built target ts_arrayjoin_opt_artifact
[ 63%] Generating ts_arraypop_noopt.rxbin
[ 63%] Built target ts_arraymove_noopt_artifact
[ 63%] Generating ts_arrayprepend_opt.rxbin
[ 63%] Built target ts_arraymove_opt_artifact
[ 63%] Generating ts_arrayprepend_noopt.rxbin
[ 63%] Built target ts_arraypop_noopt_artifact
[ 63%] Built target ts_arraypop_opt_artifact
[ 63%] Generating ts_arrayreverse_opt.rxbin
[ 63%] Generating ts_arrayreverse_noopt.rxbin
[ 63%] Built target ts_arrayprepend_opt_artifact
[ 63%] Generating ts_arrayset_opt.rxbin
[ 63%] Built target ts_arrayprepend_noopt_artifact
[ 63%] Generating ts_arrayset_noopt.rxbin
[ 63%] Built target ts_arrayreverse_noopt_artifact
[ 63%] Generating ts_arrayshift_opt.rxbin
[ 63%] Built target ts_arrayreverse_opt_artifact
[ 63%] Generating ts_arrayshift_noopt.rxbin
[ 63%] Built target ts_arrayset_opt_artifact
[ 63%] Generating ts_arraysort_opt.rxbin
[ 63%] Built target ts_arrayset_noopt_artifact
[ 63%] Generating ts_arraysort_noopt.rxbin
[ 63%] Built target ts_arrayshift_opt_artifact
[ 63%] Generating ts_b2d_opt.rxbin
[ 63%] Built target ts_arrayshift_noopt_artifact
[ 63%] Generating ts_b2d_noopt.rxbin
[ 63%] Built target ts_arraysort_noopt_artifact
[ 63%] Generating ts_b2x_opt.rxbin
[ 63%] Built target ts_arraysort_opt_artifact
[ 63%] Generating ts_b2x_noopt.rxbin
[ 63%] Built target ts_b2d_opt_artifact
[ 63%] Built target ts_b2d_noopt_artifact
[ 63%] Generating ts_c2d_opt.rxbin
[ 63%] Generating ts_c2d_noopt.rxbin
[ 63%] Built target ts_b2x_noopt_artifact
[ 63%] Built target ts_b2x_opt_artifact
[ 63%] Generating ts_centre_noopt.rxbin
[ 63%] Generating ts_centre_opt.rxbin
[ 63%] Built target ts_c2d_noopt_artifact
[ 63%] Built target ts_c2d_opt_artifact
[ 63%] Generating ts_d2b_opt.rxbin
[ 64%] Generating ts_d2b_noopt.rxbin
[ 64%] Built target ts_centre_noopt_artifact
[ 64%] Generating ts_ftrunc_opt.rxbin
[ 64%] Built target ts_centre_opt_artifact
[ 64%] Generating ts_ftrunc_noopt.rxbin
[ 64%] Built target ts_d2b_noopt_artifact
[ 64%] Generating ts_getenv_opt.rxbin
[ 64%] Built target ts_d2b_opt_artifact
[ 64%] Generating ts_getenv_noopt.rxbin
[ 64%] Built target ts_ftrunc_opt_artifact
[ 64%] Generating ts_itrunc_opt.rxbin
[ 64%] Built target ts_ftrunc_noopt_artifact
[ 64%] Generating ts_itrunc_noopt.rxbin
[ 64%] Built target ts_getenv_opt_artifact
[ 64%] Generating ts_loadmodule_opt.rxbin
[ 64%] Built target ts_getenv_noopt_artifact
[ 64%] Generating ts_loadmodule_noopt.rxbin
[ 64%] Built target ts_itrunc_opt_artifact
[ 64%] Generating ts_max_opt.rxbin
[ 64%] Built target ts_itrunc_noopt_artifact
[ 64%] Generating ts_max_noopt.rxbin
[ 64%] Built target ts_loadmodule_opt_artifact
[ 64%] Built target ts_loadmodule_noopt_artifact
[ 64%] Generating ts_min_opt.rxbin
[ 64%] Generating ts_min_noopt.rxbin
[ 64%] Built target ts_max_noopt_artifact
[ 64%] Generating ts_objectarrayappend_opt.rxbin
[ 64%] Built target ts_max_opt_artifact
[ 64%] Generating ts_objectarrayappend_noopt.rxbin
[ 64%] Built target ts_min_noopt_artifact
[ 64%] Generating ts_objectarraydelete_opt.rxbin
[ 64%] Built target ts_min_opt_artifact
[ 64%] Generating ts_objectarraydelete_noopt.rxbin
[ 64%] Built target ts_objectarrayappend_noopt_artifact
[ 64%] Generating ts_objectarraydrop_opt.rxbin
[ 64%] Built target ts_objectarrayappend_opt_artifact
[ 64%] Generating ts_objectarraydrop_noopt.rxbin
[ 64%] Built target ts_objectarraydelete_noopt_artifact
[ 64%] Generating ts_objectarrayinsert_opt.rxbin
[ 64%] Built target ts_objectarraydelete_opt_artifact
[ 64%] Generating ts_objectarrayinsert_noopt.rxbin
[ 64%] Built target ts_objectarraydrop_opt_artifact
[ 64%] Built target ts_objectarraydrop_noopt_artifact
[ 64%] Generating ts_objectarraymove_opt.rxbin
[ 64%] Generating ts_objectarraymove_noopt.rxbin
[ 64%] Built target ts_objectarrayinsert_noopt_artifact
[ 64%] Generating ts_objectarrayprepend_opt.rxbin
[ 64%] Built target ts_objectarrayinsert_opt_artifact
[ 64%] Generating ts_objectarrayprepend_noopt.rxbin
[ 64%] Built target ts_objectarraymove_noopt_artifact
[ 64%] Generating ts_qwordlength_opt.rxbin
[ 64%] Built target ts_objectarraymove_opt_artifact
[ 64%] Generating ts_qwordlength_noopt.rxbin
[ 64%] Built target ts_objectarrayprepend_opt_artifact
[ 64%] Generating ts_raise_opt.rxbin
[ 64%] Built target ts_objectarrayprepend_noopt_artifact
[ 64%] Generating ts_raise_noopt.rxbin
[ 64%] Built target ts_qwordlength_opt_artifact
[ 64%] Generating ts_rxsystem_opt.rxbin
[ 64%] Built target ts_qwordlength_noopt_artifact
[ 64%] Generating ts_rxsystem_noopt.rxbin
[ 64%] Built target ts_raise_opt_artifact
[ 64%] Built target ts_raise_noopt_artifact
[ 64%] Generating ts_rxsystem_exit_opt.rxbin
[ 64%] Generating ts_rxsystem_exit_noopt.rxbin
[ 64%] Built target ts_rxsystem_opt_artifact
[ 64%] Generating ts_rxqueue_opt.rxbin
[ 64%] Built target ts_rxsystem_noopt_artifact
[ 64%] Generating ts_rxqueue_noopt.rxbin
[ 64%] Built target ts_rxsystem_exit_opt_artifact
[ 64%] Built target ts_rxsystem_exit_noopt_artifact
[ 64%] Generating ts_signal_opt.rxbin
[ 65%] Generating ts_signal_noopt.rxbin
[ 65%] Built target ts_rxqueue_noopt_artifact
[ 65%] Generating ts_substro_opt.rxbin
[ 65%] Built target ts_signal_noopt_artifact
[ 65%] Generating ts_substro_noopt.rxbin
[ 65%] Built target ts_signal_opt_artifact
[ 65%] Generating ts_subword_opt.rxbin
[ 65%] Built target ts_substro_opt_artifact
[ 65%] Generating ts_subword_noopt.rxbin
[ 65%] Built target ts_substro_noopt_artifact
[ 65%] Generating ts_xrange_opt.rxbin
[ 65%] Built target ts_subword_opt_artifact
[ 65%] Generating ts_xrange_noopt.rxbin
[ 65%] Built target ts_subword_noopt_artifact
[ 65%] Generating ts_objectarray_opt.rxbin
[ 65%] Built target ts_rxqueue_opt_artifact
[ 65%] Generating ts_objectarray_noopt.rxbin
[ 65%] Built target ts_xrange_opt_artifact
[ 65%] Generating ts_stem_opt.rxbin
[ 65%] Built target ts_xrange_noopt_artifact
[ 65%] Generating ts_stem_noopt.rxbin
[ 65%] Built target ts_objectarray_opt_artifact
[ 65%] Generating ts_rxjson_opt.rxbin
[ 65%] Built target ts_objectarray_noopt_artifact
[ 65%] Generating ts_rxjson_noopt.rxbin
[ 65%] Built target ts_stem_noopt_artifact
[ 65%] Generating ts_rxjson_document_opt.rxbin
[ 65%] Built target ts_stem_opt_artifact
[ 65%] Generating ts_rxjson_document_noopt.rxbin
[ 65%] Built target ts_rxjson_noopt_artifact
[ 65%] Generating ts_rxjson_numeric_projection_opt.rxbin
[ 65%] Built target ts_rxjson_opt_artifact
[ 65%] Generating ts_rxjson_numeric_projection_noopt.rxbin
[ 65%] Built target ts_rxjson_document_noopt_artifact
[ 65%] Generating ts_rxjson_noisy_contract_opt.rxbin
[ 65%] Built target ts_rxjson_numeric_projection_noopt_artifact
[ 65%] Generating ts_rxjson_noisy_contract_noopt.rxbin
[ 65%] Built target ts_rxjson_numeric_projection_opt_artifact
[ 65%] Generating ts_rxsocket_opt.rxbin
[ 65%] Built target ts_rxjson_noisy_contract_opt_artifact
[ 65%] Generating ts_rxsocket_noopt.rxbin
[ 65%] Built target ts_rxjson_noisy_contract_noopt_artifact
[ 65%] Generating ts_socket_tls_live_opt.rxbin
[ 65%] Built target ts_rxsocket_opt_artifact
[ 65%] Generating ts_socket_tls_live_noopt.rxbin
[ 65%] Built target ts_rxjson_document_opt_artifact
[ 65%] Generating ts_afterword_opt.rxbin
[ 65%] Built target ts_rxsocket_noopt_artifact
[ 65%] Generating ts_afterword_noopt.rxbin
[ 65%] Built target ts_socket_tls_live_opt_artifact
[ 65%] Generating ts_arraysort_errors_opt.rxbin
[ 65%] Built target ts_socket_tls_live_noopt_artifact
[ 66%] Generating ts_arraysort_errors_noopt.rxbin
[ 66%] Built target ts_afterword_opt_artifact
[ 66%] Generating we_opt.rxbin
[ 66%] Built target ts_afterword_noopt_artifact
[ 66%] Generating we_noopt.rxbin
[ 66%] Built target ts_arraysort_errors_opt_artifact
[ 66%] Generating ts_tinyexpr_opt.rxbin
[ 66%] Built target ts_arraysort_errors_noopt_artifact
[ 66%] Generating ts_tinyexpr_noopt.rxbin
[ 66%] Built target we_noopt_artifact
[ 66%] Generating arrays_test_opt.rxbin
[ 66%] Built target ts_tinyexpr_opt_artifact
[ 66%] Generating arrays_test_noopt.rxbin
[ 66%] Built target we_opt_artifact
[ 66%] Generating numeric_test_support.rxbin
[ 66%] Built target ts_tinyexpr_noopt_artifact
[ 66%] Generating stack_test_opt.rxbin
[ 66%] Built target arrays_test_noopt_artifact
[ 66%] Generating stack_test_noopt.rxbin
[ 66%] Built target arrays_test_opt_artifact
[ 66%] Generating cipher_test_opt.rxbin
[ 66%] Built target rxfloat_numeric_test_support
[ 66%] Generating cipher_test_noopt.rxbin
[ 66%] Built target stack_test_opt_artifact
[ 66%] Generating rx_hash_rxtvm_opt.rxbin
[ 66%] Built target stack_test_noopt_artifact
[ 66%] Generating rx_hash_rxbvm_noopt.rxbin
[ 66%] Built target cipher_test_opt_artifact
[ 66%] Built target cipher_test_noopt_artifact
[ 66%] Generating rx_hash_rxbvm_opt.rxbin
[ 66%] Generating rx_hash_rxtvm_noopt.rxbin
[ 66%] Built target rx_hash_rxbvm_noopt_artifact
[ 66%] Generating rxsqlite_typed_rxbvm_noopt.rxbin
[ 66%] Built target rx_hash_rxtvm_noopt_artifact
[ 66%] Generating rxsqlite_typed_rxbvm_opt.rxbin
[ 66%] Built target rxsqlite_typed_rxbvm_noopt_artifact
[ 67%] Generating rxsqlite_file_rxbvm_noopt.rxbin
[ 67%] Built target rxsqlite_file_rxbvm_noopt_artifact
[ 67%] Generating rxsqlite_file_rxbvm_opt.rxbin
[ 67%] Built target rxsqlite_typed_rxbvm_opt_artifact
[ 67%] Generating rxsqlite_typed_rxtvm_noopt.rxbin
[ 67%] Built target rx_hash_rxtvm_opt_artifact
[ 67%] Generating rxsqlite_typed_rxtvm_opt.rxbin
[ 67%] Built target rxsqlite_typed_rxtvm_noopt_artifact
[ 67%] Generating rxsqlite_file_rxtvm_noopt.rxbin
[ 67%] Built target rx_hash_rxbvm_opt_artifact
[ 67%] Generating rxsqlite_file_rxtvm_opt.rxbin
[ 67%] Built target rxsqlite_file_rxbvm_opt_artifact
[ 67%] Generating strings_test_opt.rxbin
[ 67%] Built target rxsqlite_file_rxtvm_noopt_artifact
[ 67%] Generating strings_test_noopt.rxbin
[ 67%] Built target strings_test_opt_artifact
[ 67%] Generating getpi_test_opt.rxbin
[ 67%] Built target rxsqlite_file_rxtvm_opt_artifact
[ 67%] Built target rxsqlite_typed_rxtvm_opt_artifact
[ 67%] Generating getpi_test_noopt.rxbin
[ 67%] Generating keyaccess_test_opt.rxbin
[ 67%] Built target strings_test_noopt_artifact
[ 67%] Generating keyaccess_test_noopt.rxbin
[ 67%] Built target getpi_test_opt_artifact
[ 67%] Generating llist_test_opt.rxbin
[ 67%] Built target getpi_test_noopt_artifact
[ 67%] Generating llist_test_noopt.rxbin
[ 67%] Built target keyaccess_test_opt_artifact
[ 67%] Generating rxid_rxtvm_opt.rxbin
[ 67%] Built target keyaccess_test_noopt_artifact
[ 67%] Generating rxid_rxbvm_noopt.rxbin
[ 67%] Built target llist_test_opt_artifact
[ 67%] Generating rxid_rxbvm_opt.rxbin
[ 67%] Built target llist_test_noopt_artifact
[ 68%] Generating rxid_rxtvm_noopt.rxbin
[ 68%] Built target rxid_rxtvm_opt_artifact
[ 68%] Generating rxfs_rxtvm_opt.rxbin
[ 68%] Built target rxid_rxbvm_noopt_artifact
[ 68%] Generating rxfs_rxbvm_noopt.rxbin
[ 68%] Built target rxid_rxbvm_opt_artifact
[ 68%] Generating rxfs_rxbvm_opt.rxbin
[ 68%] Built target rxid_rxtvm_noopt_artifact
[ 68%] Generating rxfs_rxtvm_noopt.rxbin
[ 68%] Built target rxfs_rxtvm_opt_artifact
[ 68%] Generating console_pty.rxbin
[ 68%] Built target rxfs_rxbvm_noopt_artifact
[ 68%] Generating rxconsole_levelb_noopt.rxbin
[ 68%] Built target rxfs_rxbvm_opt_artifact
[ 68%] Generating rxconsole_levelb_opt.rxbin
[ 68%] Built target rxfs_rxtvm_noopt_artifact
[ 68%] Generating rxplatform_rxtvm_opt.rxbin
[ 68%] Built target rxconsole_pty_artifact
[ 68%] Generating rxplatform_rxbvm_noopt.rxbin
[ 68%] Built target rxconsole_levelb_noopt_artifact
[ 68%] Generating rxplatform_rxbvm_opt.rxbin
[ 68%] Built target rxconsole_levelb_opt_artifact
[ 68%] Generating rxplatform_rxtvm_noopt.rxbin
[ 68%] Built target rxplatform_rxtvm_opt_artifact
[ 68%] Generating tcp_test_opt.rxbin
[ 68%] Built target rxplatform_rxbvm_noopt_artifact
[ 68%] Generating tcp_test_noopt.rxbin
[ 68%] Built target rxplatform_rxbvm_opt_artifact
[ 68%] Generating odbc_test.rxbin
[ 68%] Built target rxplatform_rxtvm_noopt_artifact
[ 68%] Generating odbc_mock_prepared.rxbin
[ 68%] Built target tcp_test_opt_artifact
[ 68%] Generating odbc_sqlite_prepared.rxbin
Warning in odbc_test.crexx @ 121:6 - #NOT_IN_SAME_SCOPE: Implicit use creates a separate binding; the earlier same-named binding is at line 77, column 6. Declare this binding explicitly if intentional., "col"
Warning in odbc_test.crexx @ 148:6 - #NOT_IN_SAME_SCOPE: Implicit use creates a separate binding; the earlier same-named binding is at line 77, column 6. Declare this binding explicitly if intentional., "col"
Warning in odbc_test.crexx @ 155:6 - #NOT_IN_SAME_SCOPE: Implicit use creates a separate binding; the earlier same-named binding is at line 128, column 6. Declare this binding explicitly if intentional., "colx"
Warning in odbc_test.crexx @ 156:9 - #NOT_IN_SAME_SCOPE: Implicit use creates a separate binding; the earlier same-named binding is at line 129, column 9. Declare this binding explicitly if intentional., "coli"
4 warning(s) in source file
[ 68%] Built target tcp_test_noopt_artifact
[ 68%] Staging deterministic vector-library imports ...
[ 68%] Built target veclib_imports
[ 68%] Generating numeric_test_support.rxbin
[ 68%] Built target odbc_test
[ 68%] Built target ui
[ 68%] Generating ascommon_noopt.rxbin
[ 68%] Built target ascommon_noopt_artifact
[ 68%] Generating ascommon_opt.rxbin
[ 68%] Built target ascommon_opt_artifact
[ 68%] Generating concatenation_noopt.rxbin
[ 68%] Built target odbc_mock_prepared_runtime
[ 68%] Generating concatenation_opt.rxbin
[ 68%] Built target odbc_sqlite_prepared_runtime
[ 68%] Generating benchmark_awfy_sieve_noopt.rxbin
[ 68%] Built target rxfnsg_numeric_test_support
[ 68%] Generating benchmark_awfy_sieve_opt.rxbin
[ 68%] Built target concatenation_noopt_artifact
[ 68%] Generating benchmark_awfy_permute_noopt.rxbin
[ 68%] Built target concatenation_opt_artifact
[ 68%] Generating benchmark_awfy_permute_opt.rxbin
[ 68%] Built target benchmark_awfy_sieve_noopt_artifact
[ 68%] Generating benchmark_awfy_mandelbrot_noopt.rxbin
[ 68%] Built target benchmark_awfy_sieve_opt_artifact
[ 68%] Generating benchmark_awfy_mandelbrot_opt.rxbin
[ 68%] Built target benchmark_awfy_permute_noopt_artifact
[ 68%] Generating benchmark_awfy_mandelbrot_hoisted_control_noopt.rxbin
[ 68%] Built target benchmark_awfy_permute_opt_artifact
[ 68%] Generating benchmark_awfy_mandelbrot_hoisted_control_opt.rxbin
[ 68%] Built target benchmark_awfy_mandelbrot_noopt_artifact
[ 68%] Generating benchmark_awfy_towers_noopt.rxbin
[ 68%] Built target benchmark_awfy_mandelbrot_opt_artifact
[ 68%] Generating benchmark_awfy_towers_opt.rxbin
[ 68%] Built target benchmark_awfy_mandelbrot_hoisted_control_noopt_artifact
[ 68%] Generating benchmark_awfy_bounce_noopt.rxbin
[ 68%] Built target benchmark_awfy_mandelbrot_hoisted_control_opt_artifact
[ 68%] Generating benchmark_awfy_bounce_opt.rxbin
[ 68%] Built target benchmark_awfy_towers_noopt_artifact
[ 68%] Generating benchmark_awfy_storage_noopt.rxbin
[ 68%] Built target benchmark_awfy_towers_opt_artifact
[ 68%] Generating benchmark_awfy_storage_opt.rxbin
[ 68%] Built target benchmark_awfy_bounce_noopt_artifact
[ 68%] Generating benchmark_awfy_list_noopt.rxbin
[ 68%] Built target benchmark_awfy_bounce_opt_artifact
[ 69%] Generating benchmark_awfy_list_opt.rxbin
[ 69%] Built target benchmark_awfy_storage_noopt_artifact
[ 69%] Generating benchmark_awfy_richards_noopt.rxbin
[ 69%] Built target benchmark_awfy_storage_opt_artifact
[ 69%] Generating benchmark_awfy_richards_opt.rxbin
[ 69%] Built target benchmark_awfy_list_noopt_artifact
[ 69%] Generating benchmark_awfy_queens_noopt.rxbin
[ 69%] Built target benchmark_awfy_list_opt_artifact
[ 69%] Generating benchmark_awfy_queens_opt.rxbin
[ 69%] Built target benchmark_awfy_richards_noopt_artifact
[ 69%] Generating benchmark_awfy_deltablue_noopt.rxbin
[ 69%] Built target benchmark_awfy_queens_noopt_artifact
[ 69%] Generating benchmark_awfy_deltablue_opt.rxbin
[ 69%] Built target benchmark_awfy_richards_opt_artifact
[ 69%] Generating benchmark_awfy_cd_noopt.rxbin
[ 69%] Built target benchmark_awfy_queens_opt_artifact
[ 69%] Generating benchmark_awfy_cd_opt.rxbin
[ 69%] Built target benchmark_awfy_deltablue_noopt_artifact
[ 69%] Generating benchmark_awfy_havlak_noopt.rxbin
[ 69%] Built target benchmark_awfy_cd_noopt_artifact
[ 69%] Generating benchmark_awfy_havlak_opt.rxbin
[ 69%] Built target benchmark_awfy_deltablue_opt_artifact
[ 69%] Generating benchmark_awfy_json_noopt.rxbin
[ 69%] Built target benchmark_awfy_havlak_noopt_artifact
[ 69%] Generating benchmark_awfy_json_opt.rxbin
[ 69%] Built target benchmark_awfy_cd_opt_artifact
[ 69%] Generating benchmark_json_parser_noopt.rxbin
[ 69%] Built target benchmark_awfy_json_noopt_artifact
[ 69%] Generating benchmark_json_parser_opt.rxbin
[ 69%] Built target benchmark_awfy_json_opt_artifact
[ 69%] Generating benchmark_json_parse_noopt.rxbin
[ 69%] Built target benchmark_awfy_havlak_opt_artifact
[ 70%] Generating benchmark_json_parse_opt.rxbin
[ 70%] Built target benchmark_json_parser_noopt_artifact
[ 70%] Generating benchmark_json_query_noopt.rxbin
[ 70%] Built target benchmark_json_parser_opt_artifact
[ 70%] Generating benchmark_json_query_opt.rxbin
[ 70%] Built target benchmark_json_parse_noopt_artifact
[ 70%] Generating benchmark_base64_roundtrip_noopt.rxbin
[ 70%] Built target benchmark_json_parse_opt_artifact
[ 70%] Generating benchmark_base64_roundtrip_opt.rxbin
[ 70%] Built target benchmark_json_query_noopt_artifact
[ 70%] Generating benchmark_base64_roundtrip_v2_noopt.rxbin
[ 70%] Built target benchmark_json_query_opt_artifact
[ 70%] Generating benchmark_base64_roundtrip_v2_opt.rxbin
[ 70%] Built target benchmark_base64_roundtrip_noopt_artifact
[ 70%] Generating benchmark_parse_frozen_noopt.rxbin
[ 70%] Built target benchmark_base64_roundtrip_opt_artifact
[ 70%] Generating benchmark_parse_frozen_opt.rxbin
[ 70%] Built target benchmark_base64_roundtrip_v2_noopt_artifact
[ 70%] Generating benchmark_parse_frozen_generic_noopt.rxbin
[ 70%] Built target benchmark_base64_roundtrip_v2_opt_artifact
[ 70%] Generating benchmark_parse_frozen_generic_opt.rxbin
[ 70%] Built target benchmark_parse_frozen_noopt_artifact
[ 70%] Generating benchmark_rexxcps_levelb_noopt.rxbin
[ 70%] Built target benchmark_parse_frozen_generic_noopt_artifact
[ 70%] Generating benchmark_rexxcps_levelb_opt.rxbin
[ 70%] Built target benchmark_parse_frozen_opt_artifact
[ 70%] Generating benchmark_awfy_nbody_noopt.rxbin
[ 70%] Built target benchmark_rexxcps_levelb_noopt_artifact
[ 70%] Generating benchmark_awfy_nbody_opt.rxbin
[ 70%] Built target benchmark_awfy_nbody_noopt_artifact
[ 70%] Generating benchmark_rexxcps_levelb_opaque_noopt.rxbin
[ 70%] Built target benchmark_parse_frozen_generic_opt_artifact
[ 70%] Generating benchmark_rexxcps_levelb_opaque_opt.rxbin
[ 70%] Built target benchmark_awfy_nbody_opt_artifact
[ 70%] Generating benchmark_runner_noopt.rxbin
[ 70%] Built target benchmark_rexxcps_levelb_opaque_noopt_artifact
[ 70%] Generating benchmark_runner_opt.rxbin
[ 70%] Built target benchmark_rexxcps_levelb_opt_artifact
[ 70%] Generating nr03_evidence_tool_selftest_noopt.rxbin
[ 70%] Built target benchmark_runner_noopt_artifact
[ 70%] Generating nr03_evidence_tool_selftest_opt.rxbin
[ 70%] Built target benchmark_runner_opt_artifact
[ 70%] Generating nr10_cross_runtime_matrix_selftest_noopt.rxbin
[ 70%] Built target nr03_evidence_tool_selftest_noopt_artifact
[ 70%] Generating nr10_cross_runtime_matrix_selftest_opt.rxbin
[ 70%] Built target benchmark_rexxcps_levelb_opaque_opt_artifact
[ 70%] Generating nr10_lifecycle_tool_selftest_noopt.rxbin
[ 70%] Built target nr10_cross_runtime_matrix_selftest_noopt_artifact
[ 70%] Generating nr10_lifecycle_tool_selftest_opt.rxbin
[ 70%] Built target nr10_lifecycle_tool_selftest_noopt_artifact
[ 70%] Generating nr10_artifact_inventory_selftest_noopt.rxbin
[ 70%] Built target nr10_artifact_inventory_selftest_noopt_artifact
[ 70%] Generating nr10_artifact_inventory_selftest_opt.rxbin
[ 70%] Built target nr03_evidence_tool_selftest_opt_artifact
[ 70%] Generating perf3_fusion_inventory_selftest_noopt.rxbin
[ 70%] Built target nr10_artifact_inventory_selftest_opt_artifact
[ 70%] Generating perf3_fusion_inventory_selftest_opt.rxbin
[ 70%] Built target nr10_lifecycle_tool_selftest_opt_artifact
[ 70%] Generating rcc_provider_autoload_noopt.rxbin
[ 70%] Built target nr10_cross_runtime_matrix_selftest_opt_artifact
[ 70%] Generating rcc_provider_autoload_opt.rxbin
[ 70%] Built target perf3_fusion_inventory_selftest_noopt_artifact
[ 70%] Generating rxpa_callmethod_run_noopt.rxbin
[ 70%] Built target perf3_fusion_inventory_selftest_opt_artifact
[ 70%] Generating rxpa_callmethod_run_opt.rxbin
[ 70%] Built target rcc_provider_autoload_opt_artifact
[ 70%] Built target rcc_provider_autoload_noopt_artifact
[ 70%] Generating rxpa_dynlink_run_opt.rxbin
[ 70%] Generating rxpa_dynlink_run_noopt.rxbin
[ 70%] Built target rxpa_callmethod_run_noopt_artifact
[ 70%] Generating rxpa_staticlink_run_noopt.rxbin
[ 70%] Built target rxpa_callmethod_run_opt_artifact
[ 70%] Generating rxpa_staticlink_run_opt.rxbin
[ 70%] Built target rxpa_dynlink_run_opt_artifact
[ 70%] Built target rxpa_dynlink_run_noopt_artifact
[ 70%] Generating rxpa_callmethod_static_run_noopt.rxbin
[ 70%] Generating rxpa_callmethod_static_run_opt.rxbin
[ 70%] Built target rxpa_staticlink_run_opt_artifact
[ 70%] Built target rxpa_staticlink_run_noopt_artifact
[ 70%] Generating rxpa_signal_funcs_dynamic_noopt.rxbin
[ 70%] Generating rxpa_signal_funcs_dynamic_opt.rxbin
[ 70%] Built target rxpa_callmethod_static_run_noopt_artifact
[ 70%] Built target rxpa_callmethod_static_run_opt_artifact
[ 70%] Generating rxpa_signal_funcs_static_noopt.rxbin
[ 70%] Generating rxpa_signal_funcs_static_opt.rxbin
[ 70%] Built target rxpa_signal_funcs_dynamic_opt_artifact
[ 70%] Built target rxpa_signal_funcs_dynamic_noopt_artifact
[ 70%] Generating rxpa_string_funcs_dynamic_noopt.rxbin
[ 70%] Generating rxpa_string_funcs_dynamic_opt.rxbin
[ 70%] Built target rxpa_signal_funcs_static_noopt_artifact
[ 70%] Built target rxpa_signal_funcs_static_opt_artifact
[ 70%] Generating rxpa_string_funcs_static_noopt.rxbin
[ 70%] Generating rxpa_string_funcs_static_opt.rxbin
[ 70%] Built target rxpa_string_funcs_dynamic_noopt_artifact
[ 70%] Built target rxpa_string_funcs_dynamic_opt_artifact
[ 70%] Generating rxpa_int_funcs_dynamic_noopt.rxbin
[ 70%] Generating rxpa_int_funcs_dynamic_opt.rxbin
[ 70%] Built target rxpa_string_funcs_static_noopt_artifact
[ 70%] Built target rxpa_string_funcs_static_opt_artifact
[ 70%] Generating rxpa_int_funcs_static_noopt.rxbin
[ 70%] Generating rxpa_int_funcs_static_opt.rxbin
[ 70%] Built target rxpa_int_funcs_dynamic_noopt_artifact
[ 70%] Generating rxpa_float_funcs_dynamic_noopt.rxbin
[ 70%] Built target rxpa_int_funcs_dynamic_opt_artifact
[ 70%] Generating rxpa_float_funcs_dynamic_opt.rxbin
[ 70%] Built target rxpa_int_funcs_static_noopt_artifact
[ 70%] Built target rxpa_int_funcs_static_opt_artifact
[ 70%] Generating rxpa_float_funcs_static_noopt.rxbin
[ 70%] Generating rxpa_float_funcs_static_opt.rxbin
[ 70%] Built target rxpa_float_funcs_dynamic_noopt_artifact
[ 70%] Generating rxpa_array_push_funcs_dynamic_noopt.rxbin
[ 70%] Built target rxpa_float_funcs_dynamic_opt_artifact
[ 71%] Generating rxpa_array_push_funcs_dynamic_opt.rxbin
[ 71%] Built target rxpa_float_funcs_static_noopt_artifact
[ 71%] Built target rxpa_float_funcs_static_opt_artifact
[ 71%] Generating rxpa_array_push_funcs_static_noopt.rxbin
[ 71%] Generating rxpa_array_push_funcs_static_opt.rxbin
[ 71%] Built target rxpa_array_push_funcs_dynamic_noopt_artifact
[ 71%] Generating rxpa_native_payload_funcs_dynamic_noopt.rxbin
[ 71%] Built target rxpa_array_push_funcs_dynamic_opt_artifact
[ 72%] Generating rxpa_native_payload_funcs_dynamic_opt.rxbin
[ 72%] Built target rxpa_array_push_funcs_static_noopt_artifact
[ 72%] Built target rxpa_array_push_funcs_static_opt_artifact
[ 72%] Generating rxpa_native_payload_funcs_static_noopt.rxbin
[ 72%] Generating rxpa_native_payload_funcs_static_opt.rxbin
[ 72%] Built target rxpa_native_payload_funcs_dynamic_noopt_artifact
[ 72%] Generating rxpa_native_unwind_funcs_dynamic_noopt.rxbin
[ 72%] Built target rxpa_native_payload_funcs_dynamic_opt_artifact
[ 72%] Generating rxpa_native_unwind_funcs_dynamic_opt.rxbin
[ 72%] Built target rxpa_native_payload_funcs_static_noopt_artifact
[ 72%] Generating rxpa_native_unwind_funcs_static_noopt.rxbin
[ 72%] Built target rxpa_native_payload_funcs_static_opt_artifact
[ 72%] Generating rxpa_native_unwind_funcs_static_opt.rxbin
[ 72%] Built target rxpa_native_unwind_funcs_dynamic_noopt_artifact
[ 72%] Generating rxpa_mult_test_noopt.rxbin
[ 72%] Built target rxpa_native_unwind_funcs_dynamic_opt_artifact
[ 72%] Generating rxpa_mult_test_opt.rxbin
[ 72%] Built target rxpa_native_unwind_funcs_static_noopt_artifact
[ 72%] Building C object compiler/tests/CMakeFiles/test_bridge.dir/src/test_bridge.c.o
[ 72%] Built target rxpa_native_unwind_funcs_static_opt_artifact
[ 72%] Linking C executable test_address_bridge
[ 72%] Linking C executable test_bridge
[ 73%] Built target test_address_bridge
[ 73%] Built target test_bridge
[ 76%] Built target classlib
[ 76%] Linking C executable native_kv_address_demo
[ 76%] Linking C executable test_address_callback_host
[ 76%] Built target native_kv_address_demo
[ 76%] Built target test_address_callback_host
[ 76%] Linking C executable test_e2_active_context
[ 76%] Linking C executable test_dynamic_load
[ 76%] Built target test_e2_active_context
[ 77%] Built target test_dynamic_load
[ 77%] Staging immutable rxfnsc compiler imports ...
[ 77%] Built target classlib_native
[ 77%] Linking C executable test_crexxsaa_variables
[ 77%] Built target rxfnsc_imports
[ 77%] Compiling test_address_parallel_spawn.crexx with exit (noopt)
[ 77%] Built target test_crexxsaa_variables
[ 77%] Compiling test_address_parallel_spawn.crexx with exit (opt)
[ 77%] Built target rxpa_mult_test_noopt_artifact
[ 77%] Built target rxpa_mult_test_opt_artifact
[ 77%] Staging deterministic rxdb GUI metadata ...
[ 77%] Building C object interpreter/CMakeFiles/test_reentrancy.dir/tests/test_reentrancy.c.o
[ 78%] Built target debugger_gui_imports
/Users/adrian/CLionProjects/CREXX/interpreter/tests/test_reentrancy.c:41:9: warning: 'sprintf' is deprecated: This function is provided for compatibility reasons only.  Due to security concerns inherent in the design of sprintf(3), it is highly recommended that you use snprintf(3) instead. [-Wdeprecated-declarations]
   41 |         sprintf(val1, "%d", i);
      |         ^
/Library/Developer/CommandLineTools/SDKs/MacOSX.sdk/usr/include/_stdio.h:278:1: note: 'sprintf' has been explicitly marked deprecated here
  278 | __deprecated_msg("This function is provided for compatibility reasons only.  Due to security concerns inherent in the design of sprintf(3), it is highly recommended that you use snprintf(3) instead.")
      | ^
/Library/Developer/CommandLineTools/SDKs/MacOSX.sdk/usr/include/sys/cdefs.h:227:48: note: expanded from macro '__deprecated_msg'
  227 |         #define __deprecated_msg(_msg) __attribute__((__deprecated__(_msg)))
      |                                                       ^
/Users/adrian/CLionProjects/CREXX/interpreter/tests/test_reentrancy.c:42:9: warning: 'sprintf' is deprecated: This function is provided for compatibility reasons only.  Due to security concerns inherent in the design of sprintf(3), it is highly recommended that you use snprintf(3) instead. [-Wdeprecated-declarations]
   42 |         sprintf(val2, "%d", i * 2);
      |         ^
/Library/Developer/CommandLineTools/SDKs/MacOSX.sdk/usr/include/_stdio.h:278:1: note: 'sprintf' has been explicitly marked deprecated here
  278 | __deprecated_msg("This function is provided for compatibility reasons only.  Due to security concerns inherent in the design of sprintf(3), it is highly recommended that you use snprintf(3) instead.")
      | ^
/Library/Developer/CommandLineTools/SDKs/MacOSX.sdk/usr/include/sys/cdefs.h:227:48: note: expanded from macro '__deprecated_msg'
  227 |         #define __deprecated_msg(_msg) __attribute__((__deprecated__(_msg)))
      |                                                       ^
2 warnings generated.
[ 78%] Building C object interpreter/CMakeFiles/module_initializers-rxvml.dir/tests/test_module_initializers.c.o
[ 78%] Linking C executable test_reentrancy
[ 80%] Linking C executable module_initializers-rxvml
[ 80%] Built target test_reentrancy
[ 80%] Building C object interpreter/CMakeFiles/module_initializers-rxbvml.dir/tests/test_module_initializers.c.o
[ 80%] Built target module_initializers-rxvml
[ 80%] Building C object interpreter/CMakeFiles/module_initializers-rxtvml.dir/tests/test_module_initializers.c.o
[ 80%] Linking C executable module_initializers-rxbvml
[ 80%] Building C object interpreter/CMakeFiles/module_initializers-rxtvml.dir/rxvml.c.o
[ 80%] Built target module_initializers-rxbvml
[ 80%] Building C object interpreter/CMakeFiles/program_generation_control-rxvml.dir/tests/test_program_generation_control.c.o
In file included from /Users/adrian/CLionProjects/CREXX/interpreter/rxvml.c:32:
/Users/adrian/CLionProjects/CREXX/interpreter/rxvmvars.h:2897:13: warning: 'sprintf' is deprecated: This function is provided for compatibility reasons only.  Due to security concerns inherent in the design of sprintf(3), it is highly recommended that you use snprintf(3) instead. [-Wdeprecated-declarations]
 2897 |             sprintf(formatted_output, scientific_format, coefficient, exponent);
      |             ^
/Library/Developer/CommandLineTools/SDKs/MacOSX.sdk/usr/include/_stdio.h:278:1: note: 'sprintf' has been explicitly marked deprecated here
  278 | __deprecated_msg("This function is provided for compatibility reasons only.  Due to security concerns inherent in the design of sprintf(3), it is highly recommended that you use snprintf(3) instead.")
      | ^
/Library/Developer/CommandLineTools/SDKs/MacOSX.sdk/usr/include/sys/cdefs.h:227:48: note: expanded from macro '__deprecated_msg'
  227 |         #define __deprecated_msg(_msg) __attribute__((__deprecated__(_msg)))
      |                                                       ^
In file included from /Users/adrian/CLionProjects/CREXX/interpreter/rxvml.c:32:
/Users/adrian/CLionProjects/CREXX/interpreter/rxvmvars.h:3032:5: warning: 'sprintf' is deprecated: This function is provided for compatibility reasons only.  Due to security concerns inherent in the design of sprintf(3), it is highly recommended that you use snprintf(3) instead. [-Wdeprecated-declarations]
 3032 |     sprintf(formatted_output, engineering_format, eng_exp);
      |     ^
/Library/Developer/CommandLineTools/SDKs/MacOSX.sdk/usr/include/_stdio.h:278:1: note: 'sprintf' has been explicitly marked deprecated here
  278 | __deprecated_msg("This function is provided for compatibility reasons only.  Due to security concerns inherent in the design of sprintf(3), it is highly recommended that you use snprintf(3) instead.")
      | ^
/Library/Developer/CommandLineTools/SDKs/MacOSX.sdk/usr/include/sys/cdefs.h:227:48: note: expanded from macro '__deprecated_msg'
  227 |         #define __deprecated_msg(_msg) __attribute__((__deprecated__(_msg)))
      |                                                       ^
[ 80%] Linking C executable program_generation_control-rxvml
2 warnings generated.
[ 80%] Linking C executable module_initializers-rxtvml
[ 80%] Built target program_generation_control-rxvml
[ 80%] Building C object interpreter/CMakeFiles/program_generation_control-rxbvml.dir/tests/test_program_generation_control.c.o
[ 80%] Built target module_initializers-rxtvml
[ 80%] Building C object interpreter/CMakeFiles/program_generation_control-rxtvml.dir/tests/test_program_generation_control.c.o
[ 80%] Linking C executable program_generation_control-rxbvml
[ 80%] Building C object interpreter/CMakeFiles/program_generation_control-rxtvml.dir/rxvml.c.o
[ 80%] Built target program_generation_control-rxbvml
In file included from /Users/adrian/CLionProjects/CREXX/interpreter/rxvml.c:32:
/Users/adrian/CLionProjects/CREXX/interpreter/rxvmvars.h:2897:13: warning: 'sprintf' is deprecated: This function is provided for compatibility reasons only.  Due to security concerns inherent in the design of sprintf(3), it is highly recommended that you use snprintf(3) instead. [-Wdeprecated-declarations]
 2897 |             sprintf(formatted_output, scientific_format, coefficient, exponent);
      |             ^
/Library/Developer/CommandLineTools/SDKs/MacOSX.sdk/usr/include/_stdio.h:278:1: note: 'sprintf' has been explicitly marked deprecated here
  278 | __deprecated_msg("This function is provided for compatibility reasons only.  Due to security concerns inherent in the design of sprintf(3), it is highly recommended that you use snprintf(3) instead.")
      | ^
/Library/Developer/CommandLineTools/SDKs/MacOSX.sdk/usr/include/sys/cdefs.h:227:48: note: expanded from macro '__deprecated_msg'
  227 |         #define __deprecated_msg(_msg) __attribute__((__deprecated__(_msg)))
      |                                                       ^
In file included from /Users/adrian/CLionProjects/CREXX/interpreter/rxvml.c:32:
/Users/adrian/CLionProjects/CREXX/interpreter/rxvmvars.h:3032:5: warning: 'sprintf' is deprecated: This function is provided for compatibility reasons only.  Due to security concerns inherent in the design of sprintf(3), it is highly recommended that you use snprintf(3) instead. [-Wdeprecated-declarations]
 3032 |     sprintf(formatted_output, engineering_format, eng_exp);
      |     ^
/Library/Developer/CommandLineTools/SDKs/MacOSX.sdk/usr/include/_stdio.h:278:1: note: 'sprintf' has been explicitly marked deprecated here
  278 | __deprecated_msg("This function is provided for compatibility reasons only.  Due to security concerns inherent in the design of sprintf(3), it is highly recommended that you use snprintf(3) instead.")
      | ^
/Library/Developer/CommandLineTools/SDKs/MacOSX.sdk/usr/include/sys/cdefs.h:227:48: note: expanded from macro '__deprecated_msg'
  227 |         #define __deprecated_msg(_msg) __attribute__((__deprecated__(_msg)))
      |                                                       ^
[ 80%] Building C object interpreter/CMakeFiles/persistent_worker_executor-rxvml.dir/tests/test_persistent_worker_executor.c.o
2 warnings generated.
[ 80%] Linking C executable program_generation_control-rxtvml
[ 80%] Linking C executable persistent_worker_executor-rxvml
[ 80%] Built target persistent_worker_executor-rxvml
[ 80%] Built target program_generation_control-rxtvml
[ 80%] Building C object interpreter/CMakeFiles/persistent_worker_executor-rxbvml.dir/tests/test_persistent_worker_executor.c.o
[ 80%] Building C object interpreter/CMakeFiles/persistent_worker_executor-rxtvml.dir/tests/test_persistent_worker_executor.c.o
[ 80%] Building C object interpreter/CMakeFiles/persistent_worker_executor-rxtvml.dir/rxvml.c.o
[ 80%] Linking C executable persistent_worker_executor-rxbvml
In file included from /Users/adrian/CLionProjects/CREXX/interpreter/rxvml.c:32:
/Users/adrian/CLionProjects/CREXX/interpreter/rxvmvars.h:2897:13: warning: 'sprintf' is deprecated: This function is provided for compatibility reasons only.  Due to security concerns inherent in the design of sprintf(3), it is highly recommended that you use snprintf(3) instead. [-Wdeprecated-declarations]
 2897 |             sprintf(formatted_output, scientific_format, coefficient, exponent);
      |             ^
/Library/Developer/CommandLineTools/SDKs/MacOSX.sdk/usr/include/_stdio.h:278:1: note: 'sprintf' has been explicitly marked deprecated here
  278 | __deprecated_msg("This function is provided for compatibility reasons only.  Due to security concerns inherent in the design of sprintf(3), it is highly recommended that you use snprintf(3) instead.")
      | ^
/Library/Developer/CommandLineTools/SDKs/MacOSX.sdk/usr/include/sys/cdefs.h:227:48: note: expanded from macro '__deprecated_msg'
  227 |         #define __deprecated_msg(_msg) __attribute__((__deprecated__(_msg)))
      |                                                       ^
In file included from /Users/adrian/CLionProjects/CREXX/interpreter/rxvml.c:32:
/Users/adrian/CLionProjects/CREXX/interpreter/rxvmvars.h:3032:5: warning: 'sprintf' is deprecated: This function is provided for compatibility reasons only.  Due to security concerns inherent in the design of sprintf(3), it is highly recommended that you use snprintf(3) instead. [-Wdeprecated-declarations]
 3032 |     sprintf(formatted_output, engineering_format, eng_exp);
      |     ^
/Library/Developer/CommandLineTools/SDKs/MacOSX.sdk/usr/include/_stdio.h:278:1: note: 'sprintf' has been explicitly marked deprecated here
  278 | __deprecated_msg("This function is provided for compatibility reasons only.  Due to security concerns inherent in the design of sprintf(3), it is highly recommended that you use snprintf(3) instead.")
      | ^
/Library/Developer/CommandLineTools/SDKs/MacOSX.sdk/usr/include/sys/cdefs.h:227:48: note: expanded from macro '__deprecated_msg'
  227 |         #define __deprecated_msg(_msg) __attribute__((__deprecated__(_msg)))
      |                                                       ^
[ 80%] Built target persistent_worker_executor-rxbvml
[ 80%] Built target ts_stem_errors
[ 80%] Built target tlinesz
[ 80%] Built target ts_abbrev
2 warnings generated.
[ 80%] Linking C executable persistent_worker_executor-rxtvml
[ 80%] Built target ts_abs
[ 80%] Built target ts_typed_numeric
[ 80%] Built target ts_address_protocol
[ 80%] Built target persistent_worker_executor-rxtvml
[ 80%] Built target ts_address
[ 80%] Built target ts_address_crexx
[ 80%] Built target ts_address_capture
[ 80%] Built target ts_address_argv
[ 80%] Built target ts_address_array_lifecycle
[ 80%] Built target ts_address_spawn_transfer
[ 80%] Built target ts_binary
[ 80%] Built target ts_c2x
[ 80%] Built target ts_center
[ 80%] Built target ts_changestr
[ 80%] Built target ts_compare
[ 80%] Built target ts_countstr
[ 80%] Built target ts_d2c
[ 80%] Built target ts_d2x
[ 80%] Built target ts_date
[ 80%] Built target ts_date2
[ 80%] Built target ts_date_core
[ 80%] Built target ts_delstr
[ 80%] Built target ts_delword
[ 80%] Built target ts_fileio_binary
[ 80%] Built target ts_fileio_chars
[ 80%] Built target ts_format
[ 80%] Built target ts_fnv
[ 80%] Built target ts_fsayfmt
[ 80%] Built target ts_insert
[ 80%] Built target ts_left
[ 80%] Built target ts_length
[ 80%] Built target ts_lower
[ 80%] Built target ts_min_max
[ 80%] Built target ts_overlay
[ 80%] Built target ts_pos
[ 80%] Built target ts_qpos
[ 80%] Built target ts_qlibrary
[ 80%] Built target ts_random
[ 80%] Built target ts_reverse
[ 80%] Built target ts_arrayget
[ 80%] Built target ts_regex
[ 80%] Built target ts_right
[ 80%] Built target ts_sign
[ 80%] Built target ts_space
[ 80%] Built target ts_strip
[ 80%] Built target ts_symbol
[ 80%] Built target ts_test
[ 80%] Built target ts_time
[ 80%] Built target ts_trace
[ 80%] Built target ts_translate
[ 80%] Built target ts_trunc
[ 80%] Built target ts_upper
[ 80%] Built target ts_upper_lower
[ 80%] Built target ts_version
[ 80%] Built target ts_sourceinfo
[ 80%] Built target ts_value
[ 80%] Built target ts_verify
[ 80%] Built target ts_wordlength
[ 80%] Built target ts_wordpos
[ 80%] Built target ts_wrdix
[ 80%] Built target ts_x2b
[ 80%] Built target ts_x2c
[ 80%] Built target ts_x2d
[ 80%] Built target tscopies
[ 80%] Built target tslastpos
[ 80%] Built target tsubstr
[ 80%] Built target tsword
[ 80%] Built target ts_words
[ 80%] Built target ts_reradix
[ 80%] Built target ts_sequence
[ 80%] Built target ts_find
[ 80%] Built target ts_index
[ 80%] Built target ts_parse
[ 80%] Built target ts_datatype
[ 80%] Built target ts_numeric
[ 80%] Built target ts_splice
[ 80%] Built target ts_arraydelete
[ 80%] Built target test_address_parallel_spawn_bin
[ 80%] Built target ts_arraydelete_focused
[ 80%] Built target ts_arrayappend
[ 80%] Built target ts_arraycopy
[ 80%] Built target ts_arraycontains
[ 80%] Built target ts_arraydrop
[ 80%] Built target ts_arrayfind
[ 80%] Built target ts_arrayhi
[ 80%] Built target ts_arrayindexof
[ 80%] Built target ts_arrayinsert
[ 80%] Built target ts_arrayjoin
[ 80%] Built target ts_arrayprepend
[ 80%] Built target ts_arraymove
[ 80%] Built target ts_arraypop
[ 80%] Built target ts_arrayreverse
[ 80%] Built target ts_arraysort
[ 80%] Built target ts_arrayshift
[ 80%] Built target ts_arrayset
[ 80%] Built target ts_b2d
[ 80%] Built target ts_c2d
[ 80%] Built target ts_b2x
[ 80%] Built target ts_centre
[ 80%] Built target ts_d2b
[ 80%] Built target ts_ftrunc
[ 80%] Built target ts_getenv
[ 80%] Built target ts_itrunc
[ 80%] Built target ts_loadmodule
[ 80%] Built target ts_objectarrayappend
[ 80%] Built target ts_min
[ 80%] Built target ts_max
[ 80%] Built target ts_objectarraydelete
[ 80%] Built target ts_objectarraymove
[ 80%] Built target ts_objectarraydrop
[ 80%] Built target ts_objectarrayinsert
[ 80%] Built target ts_objectarrayprepend
[ 80%] Built target ts_rxsystem
[ 80%] Built target ts_raise
[ 80%] Built target ts_qwordlength
[ 80%] Built target ts_rxsystem_exit
[ 80%] Built target ts_signal
[ 80%] Built target ts_substro
[ 80%] Built target ts_rxqueue
[ 80%] Built target ts_subword
[ 80%] Built target ts_stem
[ 80%] Built target ts_xrange
[ 80%] Built target ts_objectarray
[ 80%] Built target ts_rxjson
[ 80%] Built target ts_rxjson_numeric_projection
[ 80%] Built target ts_rxjson_document
[ 80%] Built target ts_rxjson_noisy_contract
[ 80%] Built target ts_rxsocket
[ 80%] Built target ts_arraysort_errors
[ 80%] Built target ts_socket_tls_live
[ 80%] Built target ts_afterword
[ 80%] Generating test1_opt.rxbin
[ 80%] Built target we
[ 80%] Built target ts_tinyexpr
[ 80%] Generating test1_noopt.rxbin
[ 80%] Generating rxfloat_rxtvm_opt.rxbin
[ 80%] Built target arrays_test
[ 80%] Generating rxfloat_rxbvm_noopt.rxbin
[ 80%] Built target test1_noopt_artifact
[ 80%] Built target test1_opt_artifact
[ 80%] Generating rxfloat_rxbvm_opt.rxbin
[ 80%] Generating rxfloat_rxtvm_noopt.rxbin
[ 80%] Built target rxfloat_rxbvm_noopt_artifact
[ 80%] Built target stack_test
[ 80%] Built target cipher_test
[ 80%] Built target rx_hash_test
[ 80%] Built target rxsqlite_address_imports
[ 80%] Built target strings_test
[ 80%] Built target getpi_test
[ 80%] Built target keyaccess_test
[ 80%] Built target llist_test
[ 80%] Built target rxid_test
[ 80%] Built target rxfs_test
[ 80%] Built target rxconsole_test_artifacts
[ 80%] Built target rxplatform_test
[ 80%] Built target tcp_test
[ 80%] cREXX compile and assemble veclib ...
[ 80%] Built target rxfloat_rxtvm_opt_artifact
[ 80%] Generating testChannelRequestRelease_rxtvm_opt.rxbin
[ 80%] Built target veclib
[ 80%] Generating testChannelRequestRelease_rxbvm_noopt.rxbin
[ 80%] Built target rxfloat_rxtvm_noopt_artifact
[ 80%] Generating testChannelRequestRelease_rxbvm_opt.rxbin
[ 80%] Built target testChannelRequestRelease_rxbvm_noopt_artifact
[ 80%] Generating testChannelRequestRelease_rxtvm_noopt.rxbin
[ 80%] Built target testChannelRequestRelease_rxtvm_opt_artifact
[ 80%] Generating testrexx0_opt.rxbin
[ 80%] Built target rxfloat_rxbvm_opt_artifact
[ 80%] Generating testrexx0_noopt.rxbin
[ 80%] Built target testChannelRequestRelease_rxbvm_opt_artifact
[ 80%] Generating testrexx_opt.rxbin
[ 80%] Built target testChannelRequestRelease_rxtvm_noopt_artifact
[ 80%] Generating testrexx_noopt.rxbin
[ 80%] Built target testrexx0_noopt_artifact
[ 80%] Generating testStringArrayList_opt.rxbin
[ 80%] Built target testrexx_noopt_artifact
[ 80%] Generating testStringArrayList_noopt.rxbin
[ 80%] Built target testStringArrayList_opt_artifact
[ 80%] Generating testStringHashMap_opt.rxbin
[ 80%] Built target testStringArrayList_noopt_artifact
[ 80%] Generating testStringHashMap_noopt.rxbin
[ 80%] Built target testStringHashMap_opt_artifact
[ 81%] Generating testStringHashSet_opt.rxbin
[ 81%] Built target testStringHashMap_noopt_artifact
[ 81%] Generating testStringHashSet_noopt.rxbin
[ 81%] Built target testStringHashSet_opt_artifact
[ 81%] Generating testStringLinkedList_opt.rxbin
[ 81%] Built target testStringHashSet_noopt_artifact
[ 81%] Generating testStringLinkedList_noopt.rxbin
[ 81%] Built target testStringLinkedList_noopt_artifact
[ 81%] Generating testStringTreeMap_opt.rxbin
[ 81%] Built target testStringLinkedList_opt_artifact
[ 81%] Generating testStringTreeMap_noopt.rxbin
[ 81%] Built target testStringTreeMap_noopt_artifact
[ 81%] Generating testStringTreeSet_opt.rxbin
[ 81%] Built target testrexx_opt_artifact
[ 81%] Generating testStringTreeSet_noopt.rxbin
[ 81%] Built target testStringTreeMap_opt_artifact
[ 81%] Generating testStringStack_opt.rxbin
[ 81%] Built target testStringTreeSet_noopt_artifact
[ 81%] Generating testStringStack_noopt.rxbin
[ 81%] Built target testStringStack_opt_artifact
[ 81%] Generating testObjectCollections_opt.rxbin
[ 81%] Built target testStringStack_noopt_artifact
[ 81%] Generating testObjectCollections_noopt.rxbin
[ 81%] Built target testStringTreeSet_opt_artifact
[ 81%] Generating testStringObjectMaps_opt.rxbin
[ 81%] Built target testObjectCollections_noopt_artifact
[ 81%] Generating testStringObjectMaps_noopt.rxbin
[ 81%] Built target testObjectCollections_opt_artifact
[ 81%] Generating testObjectObjectTreeMap_opt.rxbin
[ 81%] Built target testStringObjectMaps_noopt_artifact
[ 81%] Generating testObjectObjectTreeMap_noopt.rxbin
[ 81%] Built target testObjectObjectTreeMap_opt_artifact
[ 81%] Generating testObjectObjectHashMap_opt.rxbin
[ 81%] Built target testObjectObjectTreeMap_noopt_artifact
[ 81%] Generating testObjectObjectHashMap_noopt.rxbin
[ 81%] Built target testObjectObjectHashMap_noopt_artifact
[ 81%] Generating testObjectEquality_opt.rxbin
[ 81%] Built target testObjectObjectHashMap_opt_artifact
[ 81%] Generating testObjectEquality_noopt.rxbin
[ 81%] Built target testObjectEquality_opt_artifact
[ 81%] Built target testObjectEquality_noopt_artifact
[ 81%] Generating testTreeMap_opt.rxbin
[ 81%] Generating testTreeMap_noopt.rxbin
[ 81%] Built target testTreeMap_noopt_artifact
[ 81%] Generating testRexxComparator_opt.rxbin
[ 81%] Built target testTreeMap_opt_artifact
[ 81%] Generating testRexxComparator_noopt.rxbin
[ 81%] Built target testRexxComparator_opt_artifact
[ 81%] Generating testQfind_opt.rxbin
[ 81%] Built target testRexxComparator_noopt_artifact
[ 81%] Generating testQfind_noopt.rxbin
[ 81%] Built target testQfind_opt_artifact
[ 81%] Generating testTokenise_opt.rxbin
[ 81%] Built target testQfind_noopt_artifact
[ 81%] Generating testTokenise_noopt.rxbin
[ 81%] Built target testTokenise_opt_artifact
[ 81%] Generating testJSON_opt.rxbin
[ 81%] Built target testTokenise_noopt_artifact
[ 81%] Generating testJSON_noopt.rxbin
[ 81%] Built target testJSON_opt_artifact
[ 81%] Generating testConcurrency_opt.rxbin
[ 81%] Built target testJSON_noopt_artifact
[ 81%] Generating testConcurrency_noopt.rxbin
[ 81%] Built target testConcurrency_noopt_artifact
[ 81%] Generating testDateTime_opt.rxbin
[ 81%] Built target testStringObjectMaps_opt_artifact
[ 81%] Generating testDateTime_noopt.rxbin
[ 81%] Built target testDateTime_opt_artifact
[ 81%] Generating testid_opt.rxbin
[ 81%] Built target testConcurrency_opt_artifact
[ 82%] Generating testid_noopt.rxbin
[ 82%] Built target testDateTime_noopt_artifact
[ 82%] Generating docs_concurrency_taskwork_rxtvm_opt.rxbin
[ 82%] Built target testid_opt_artifact
[ 82%] Generating docs_concurrency_basic_rxbvm_noopt.rxbin
[ 82%] Built target testid_noopt_artifact
[ 82%] Generating docs_concurrency_basic_rxbvm_opt.rxbin
[ 82%] Built target docs_concurrency_taskwork_rxtvm_opt_artifact
[ 82%] Generating docs_concurrency_basic_rxtvm_noopt.rxbin
[ 82%] Built target docs_concurrency_basic_rxbvm_noopt_artifact
[ 82%] Generating docs_concurrency_basic_rxtvm_opt.rxbin
[ 82%] Built target docs_concurrency_basic_rxbvm_opt_artifact
[ 82%] Generating docs_concurrency_providers_rxbvm_noopt.rxbin
[ 82%] Built target docs_concurrency_basic_rxtvm_noopt_artifact
[ 82%] Generating docs_concurrency_providers_rxbvm_opt.rxbin
[ 82%] Built target docs_concurrency_basic_rxtvm_opt_artifact
[ 82%] Generating docs_concurrency_providers_rxtvm_noopt.rxbin
[ 82%] Built target docs_concurrency_providers_rxbvm_noopt_artifact
[ 83%] Generating docs_concurrency_providers_rxtvm_opt.rxbin
[ 83%] Built target docs_concurrency_providers_rxbvm_opt_artifact
[ 83%] Generating docs_concurrency_transferable_objects_rxbvm_noopt.rxbin
[ 83%] Built target docs_concurrency_providers_rxtvm_noopt_artifact
[ 83%] Generating docs_concurrency_transferable_objects_rxbvm_opt.rxbin
[ 83%] Built target docs_concurrency_providers_rxtvm_opt_artifact
[ 83%] Generating docs_concurrency_transferable_objects_rxtvm_noopt.rxbin
[ 83%] Built target docs_concurrency_transferable_objects_rxbvm_noopt_artifact
[ 83%] Generating docs_concurrency_transferable_objects_rxtvm_opt.rxbin
[ 83%] Built target docs_concurrency_transferable_objects_rxbvm_opt_artifact
[ 83%] Generating docs_concurrency_taskwork_rxbvm_noopt.rxbin
[ 83%] Built target docs_concurrency_transferable_objects_rxtvm_noopt_artifact
[ 83%] Generating docs_concurrency_taskwork_rxbvm_opt.rxbin
[ 83%] Built target docs_concurrency_transferable_objects_rxtvm_opt_artifact
[ 83%] Generating docs_concurrency_taskwork_rxtvm_noopt.rxbin
[ 83%] Built target docs_concurrency_taskwork_rxbvm_noopt_artifact
[ 83%] Generating testTaskContextEndpoint_rxtvm_opt.rxbin
[ 83%] Built target docs_concurrency_taskwork_rxbvm_opt_artifact
[ 83%] Generating testTaskContextEndpoint_rxbvm_noopt.rxbin
[ 83%] Built target docs_concurrency_taskwork_rxtvm_noopt_artifact
[ 83%] Generating testTaskContextEndpoint_rxbvm_opt.rxbin
[ 83%] Built target testTaskContextEndpoint_rxtvm_opt_artifact
[ 83%] Generating testTaskContextEndpoint_rxtvm_noopt.rxbin
[ 83%] Built target testTaskContextEndpoint_rxbvm_noopt_artifact
[ 83%] Generating testChannelRequestWait_rxtvm_opt.rxbin
[ 83%] Built target testTaskContextEndpoint_rxbvm_opt_artifact
[ 84%] Generating testChannelRequestWait_rxbvm_noopt.rxbin
[ 84%] Built target testTaskContextEndpoint_rxtvm_noopt_artifact
[ 84%] Generating testChannelRequestWait_rxbvm_opt.rxbin
[ 84%] Built target testChannelRequestWait_rxtvm_opt_artifact
[ 84%] Generating testChannelRequestWait_rxtvm_noopt.rxbin
[ 84%] Built target testChannelRequestWait_rxbvm_noopt_artifact
[ 84%] Built target ui_catalog
[ 84%] Built target ascommon
[ 84%] Generating asutf_noopt.rxbin
[ 84%] Built target asutf_noopt_artifact
[ 84%] Generating asutf_opt.rxbin
[ 84%] Built target asutf_opt_artifact
[ 84%] Built target concatenation_artifact
[ 84%] Built target language_benchmarks
[ 84%] Generating cri17_attached_provider_noopt.rxbin
[ 84%] Built target testChannelRequestWait_rxbvm_opt_artifact
[ 84%] Generating cri17_attached_provider_opt.rxbin
[ 84%] Built target testChannelRequestWait_rxtvm_noopt_artifact
[ 84%] Built target rcc_provider_autoload_test
[ 84%] Built target rxpa_callmethod_run
[ 84%] Built target rxpa_dynlink_run
[ 84%] Built target rxpa_staticlink_run
[ 84%] Built target rxpa_callmethod_static_run
[ 84%] Built target rxpa_signal_funcs_dynamic
[ 84%] Built target rxpa_signal_funcs_static
[ 84%] Built target rxpa_string_funcs_dynamic
[ 84%] Built target rxpa_string_funcs_static
[ 84%] Built target rxpa_int_funcs_dynamic
[ 84%] Built target rxpa_int_funcs_static
[ 84%] Built target rxpa_float_funcs_dynamic
[ 84%] Built target rxpa_float_funcs_static
[ 84%] Built target rxpa_array_push_funcs_dynamic
[ 84%] Built target rxpa_array_push_funcs_static
[ 84%] Built target rxpa_native_payload_funcs_dynamic
[ 84%] Built target rxpa_native_payload_funcs_static
[ 84%] Built target rxpa_native_unwind_funcs_dynamic
[ 84%] Built target rxpa_native_unwind_funcs_static
[ 84%] Built target rxpa_mult_test
[ 84%] Staging exact imports for the Level B Level G builder ...
[ 84%] Built target stage_g_builder_imports
[ 87%] Built target rxfnsc
[ 87%] Built target rxdb
[ 87%] Generating crexxbrexx_opt.rxbin
[ 87%] Built target cri17_attached_provider_noopt_artifact
[ 88%] Generating crexxbrexx_noopt.rxbin
[ 88%] Built target cri17_attached_provider_opt_artifact
[ 88%] Built target test1
[ 88%] Built target testrxfnsl
[ 88%] Built target rxfloat_test
[ 88%] Built target rxsqlite_address
[ 88%] Built target testChannelRequestRelease
[ 88%] Built target testrexx
[ 88%] Built target testStringArrayList
[ 88%] Built target testStringHashMap
[ 88%] Built target testStringHashSet
[ 88%] Built target testStringLinkedList
[ 88%] Built target testStringTreeMap
[ 88%] Built target testStringTreeSet
[ 88%] Built target testStringStack
[ 88%] Built target testObjectCollections
[ 88%] Built target testStringObjectMaps
[ 88%] Built target testObjectObjectTreeMap
[ 88%] Built target testObjectObjectHashMap
[ 88%] Built target testObjectEquality
[ 88%] Built target testTreeMap
[ 88%] Built target testRexxComparator
[ 88%] Built target testQfind
[ 88%] Built target testTokenise
[ 88%] Built target testJSON
[ 88%] Built target testConcurrency
[ 88%] Built target testDateTime
[ 88%] Built target testid
[ 88%] Generating testKeyDB_opt.rxbin
[ 88%] Built target crexxbrexx_opt_artifact
[ 88%] Generating testKeyDB_noopt.rxbin
[ 88%] Built target crexxbrexx_noopt_artifact
[ 88%] Built target concurrency_doc_examples
[ 88%] Built target testTaskContextEndpoint
[ 88%] Built target testChannelRequestWait
[ 88%] Generating testRexxClassicBifXrange_noopt.rxbin
[ 88%] Built target testKeyDB_noopt_artifact
[ 88%] Generating testRexxClassicBifXrange_opt.rxbin
[ 88%] Built target testRexxClassicBifXrange_noopt_artifact
[ 88%] Generating testRexxValue_noopt.rxbin
[ 88%] Built target testKeyDB_opt_artifact
[ 88%] Generating testRexxValue_opt.rxbin
[ 88%] Built target testRexxClassicBifXrange_opt_artifact
[ 88%] Generating testRexxRuntimePools_noopt.rxbin
[ 88%] Built target testRexxValue_noopt_artifact
[ 88%] Generating testRexxRuntimePools_opt.rxbin
[ 88%] Built target testRexxRuntimePools_noopt_artifact
[ 88%] Generating testRexxClassicBifs_noopt.rxbin
[ 88%] Built target testRexxValue_opt_artifact
[ 88%] Generating testRexxClassicBifs_opt.rxbin
[ 88%] Built target testRexxRuntimePools_opt_artifact
[ 88%] Generating testRexxClassicBifAbbrev_noopt.rxbin
[ 88%] Built target testRexxClassicBifs_noopt_artifact
[ 89%] Generating testRexxClassicBifAbbrev_opt.rxbin
[ 89%] Built target testRexxClassicBifAbbrev_noopt_artifact
[ 89%] Generating testRexxClassicBifAbs_noopt.rxbin
[ 89%] Built target testRexxClassicBifs_opt_artifact
[ 89%] Generating testRexxClassicBifAbs_opt.rxbin
[ 89%] Built target testRexxClassicBifAbbrev_opt_artifact
[ 89%] Generating testRexxClassicBifAddress_noopt.rxbin
[ 89%] Built target testRexxClassicBifAbs_noopt_artifact
[ 89%] Generating testRexxClassicBifAddress_opt.rxbin
[ 89%] Built target testRexxClassicBifAbs_opt_artifact
[ 89%] Generating testRexxClassicBifB2x_noopt.rxbin
[ 89%] Built target testRexxClassicBifAddress_noopt_artifact
[ 89%] Generating testRexxClassicBifB2x_opt.rxbin
[ 89%] Built target testRexxClassicBifAddress_opt_artifact
[ 89%] Generating testRexxClassicBifBitwise_noopt.rxbin
[ 89%] Built target testRexxClassicBifB2x_noopt_artifact
[ 89%] Generating testRexxClassicBifBitwise_opt.rxbin
[ 89%] Built target testRexxClassicBifB2x_opt_artifact
[ 89%] Generating testRexxClassicBifC2d_noopt.rxbin
[ 89%] Built target testRexxClassicBifBitwise_noopt_artifact
[ 89%] Generating testRexxClassicBifC2d_opt.rxbin
[ 89%] Built target testRexxClassicBifC2d_noopt_artifact
[ 89%] Generating testRexxClassicBifC2x_noopt.rxbin
[ 89%] Built target testRexxClassicBifBitwise_opt_artifact
[ 89%] Generating testRexxClassicBifC2x_opt.rxbin
[ 89%] Built target testRexxClassicBifC2d_opt_artifact
[ 89%] Generating testRexxClassicBifCenter_noopt.rxbin
[ 89%] Built target testRexxClassicBifC2x_noopt_artifact
[ 89%] Generating testRexxClassicBifCenter_opt.rxbin
[ 89%] Built target testRexxClassicBifC2x_opt_artifact
[ 89%] Generating testRexxClassicBifCentre_noopt.rxbin
[ 89%] Built target testRexxClassicBifCenter_noopt_artifact
[ 89%] Generating testRexxClassicBifCentre_opt.rxbin
[ 89%] Built target testRexxClassicBifCenter_opt_artifact
[ 89%] Generating testRexxClassicBifChangestr_noopt.rxbin
[ 89%] Built target testRexxClassicBifCentre_noopt_artifact
[ 89%] Generating testRexxClassicBifChangestr_opt.rxbin
[ 89%] Built target testRexxClassicBifCentre_opt_artifact
[ 89%] Generating testRexxClassicBifCompare_noopt.rxbin
[ 89%] Built target testRexxClassicBifChangestr_noopt_artifact
[ 89%] Generating testRexxClassicBifCompare_opt.rxbin
[ 89%] Built target testRexxClassicBifChangestr_opt_artifact
[ 89%] Generating testRexxClassicBifCopies_noopt.rxbin
[ 89%] Built target testRexxClassicBifCompare_noopt_artifact
[ 89%] Generating testRexxClassicBifCopies_opt.rxbin
[ 89%] Built target testRexxClassicBifCompare_opt_artifact
[ 89%] Generating testRexxClassicBifCountstr_noopt.rxbin
[ 89%] Built target testRexxClassicBifCopies_noopt_artifact
[ 90%] Generating testRexxClassicBifCountstr_opt.rxbin
[ 90%] Built target testRexxClassicBifCopies_opt_artifact
[ 90%] Generating testRexxClassicBifD2x_noopt.rxbin
[ 90%] Built target testRexxClassicBifCountstr_noopt_artifact
[ 90%] Generating testRexxClassicBifD2x_opt.rxbin
[ 90%] Built target testRexxClassicBifCountstr_opt_artifact
[ 90%] Generating testRexxClassicBifD2c_noopt.rxbin
[ 90%] Built target testRexxClassicBifD2x_noopt_artifact
[ 90%] Generating testRexxClassicBifD2c_opt.rxbin
[ 90%] Built target testRexxClassicBifD2x_opt_artifact
[ 90%] Generating testRexxClassicBifDate_noopt.rxbin
[ 90%] Built target testRexxClassicBifD2c_noopt_artifact
[ 90%] Generating testRexxClassicBifDate_opt.rxbin
[ 90%] Built target testRexxClassicBifD2c_opt_artifact
[ 90%] Generating testRexxClassicBifDatatype_noopt.rxbin
[ 90%] Built target testRexxClassicBifDate_noopt_artifact
[ 90%] Generating testRexxClassicBifDatatype_opt.rxbin
[ 90%] Built target testRexxClassicBifDate_opt_artifact
[ 90%] Generating testRexxClassicBifDelstr_noopt.rxbin
[ 90%] Built target testRexxClassicBifDatatype_noopt_artifact
[ 90%] Generating testRexxClassicBifDelstr_opt.rxbin
[ 90%] Built target testRexxClassicBifDelstr_noopt_artifact
[ 90%] Generating testRexxClassicBifDelword_noopt.rxbin
[ 90%] Built target testRexxClassicBifDatatype_opt_artifact
[ 90%] Generating testRexxClassicBifDelword_opt.rxbin
[ 90%] Built target testRexxClassicBifDelstr_opt_artifact
[ 90%] Generating testRexxClassicBifFormat_noopt.rxbin
[ 90%] Built target testRexxClassicBifDelword_noopt_artifact
[ 90%] Generating testRexxClassicBifFormat_opt.rxbin
[ 90%] Built target testRexxClassicBifFormat_noopt_artifact
[ 90%] Generating testRexxClassicBifInsert_noopt.rxbin
[ 90%] Built target testRexxClassicBifDelword_opt_artifact
[ 90%] Generating testRexxClassicBifInsert_opt.rxbin
[ 90%] Built target testRexxClassicBifInsert_noopt_artifact
[ 90%] Built target testRexxClassicBifFormat_opt_artifact
[ 90%] Generating testRexxClassicBifLastpos_noopt.rxbin
[ 90%] Generating testRexxClassicBifLastpos_opt.rxbin
[ 90%] Built target testRexxClassicBifInsert_opt_artifact
[ 90%] Generating testRexxClassicBifLeft_noopt.rxbin
[ 90%] Built target testRexxClassicBifLastpos_noopt_artifact
[ 90%] Generating testRexxClassicBifLeft_opt.rxbin
[ 90%] Built target testRexxClassicBifLastpos_opt_artifact
[ 90%] Generating testRexxClassicBifLength_noopt.rxbin
[ 90%] Built target testRexxClassicBifLeft_noopt_artifact
[ 90%] Generating testRexxClassicBifLength_opt.rxbin
[ 90%] Built target testRexxClassicBifLength_noopt_artifact
[ 90%] Built target testRexxClassicBifLeft_opt_artifact
[ 90%] Generating testRexxClassicBifMax_noopt.rxbin
[ 90%] Generating testRexxClassicBifMax_opt.rxbin
[ 90%] Built target testRexxClassicBifLength_opt_artifact
[ 91%] Generating testRexxClassicBifMin_noopt.rxbin
[ 91%] Built target testRexxClassicBifMax_noopt_artifact
[ 91%] Generating testRexxClassicBifMin_opt.rxbin
[ 91%] Built target testRexxClassicBifMax_opt_artifact
[ 91%] Generating testRexxClassicBifNumeric_noopt.rxbin
[ 91%] Built target testRexxClassicBifMin_noopt_artifact
[ 91%] Generating testRexxClassicBifNumeric_opt.rxbin
[ 91%] Built target testRexxClassicBifNumeric_noopt_artifact
[ 91%] Built target testRexxClassicBifMin_opt_artifact
[ 91%] Generating testRexxClassicBifOverlay_noopt.rxbin
[ 91%] Generating testRexxClassicBifOverlay_opt.rxbin
[ 91%] Built target testRexxClassicBifNumeric_opt_artifact
[ 91%] Generating testRexxClassicBifPos_noopt.rxbin
[ 91%] Built target testRexxClassicBifOverlay_noopt_artifact
[ 91%] Generating testRexxClassicBifPos_opt.rxbin
[ 91%] Built target testRexxClassicBifPos_noopt_artifact
[ 91%] Generating testRexxClassicBifRandom_noopt.rxbin
[ 91%] Built target testRexxClassicBifOverlay_opt_artifact
[ 91%] Generating testRexxClassicBifRandom_opt.rxbin
[ 91%] Built target testRexxClassicBifPos_opt_artifact
[ 91%] Generating testRexxClassicBifReverse_noopt.rxbin
[ 91%] Built target testRexxClassicBifRandom_noopt_artifact
[ 91%] Generating testRexxClassicBifReverse_opt.rxbin
[ 91%] Built target testRexxClassicBifRandom_opt_artifact
[ 91%] Generating testRexxClassicBifRight_noopt.rxbin
[ 91%] Built target testRexxClassicBifReverse_noopt_artifact
[ 91%] Generating testRexxClassicBifRight_opt.rxbin
[ 91%] Built target testRexxClassicBifReverse_opt_artifact
[ 91%] Generating testRexxClassicBifSign_noopt.rxbin
[ 91%] Built target testRexxClassicBifRight_noopt_artifact
[ 91%] Generating testRexxClassicBifSign_opt.rxbin
[ 91%] Built target testRexxClassicBifSign_noopt_artifact
[ 91%] Generating testRexxClassicBifSpace_noopt.rxbin
[ 91%] Built target testRexxClassicBifRight_opt_artifact
[ 91%] Generating testRexxClassicBifSpace_opt.rxbin
[ 91%] Built target testRexxClassicBifSign_opt_artifact
[ 91%] Generating testRexxClassicBifStrip_noopt.rxbin
[ 91%] Built target testRexxClassicBifSpace_noopt_artifact
[ 91%] Generating testRexxClassicBifStrip_opt.rxbin
[ 91%] Built target testRexxClassicBifStrip_noopt_artifact
[ 91%] Generating testRexxClassicBifSubstr_noopt.rxbin
[ 91%] Built target testRexxClassicBifSpace_opt_artifact
[ 91%] Generating testRexxClassicBifSubstr_opt.rxbin
[ 91%] Built target testRexxClassicBifStrip_opt_artifact
[ 91%] Generating testRexxClassicBifSubword_noopt.rxbin
[ 91%] Built target testRexxClassicBifSubstr_noopt_artifact
[ 91%] Generating testRexxClassicBifSubword_opt.rxbin
[ 91%] Built target testRexxClassicBifSubstr_opt_artifact
[ 92%] Generating testRexxClassicBifSymbol_noopt.rxbin
[ 92%] Built target testRexxClassicBifSubword_noopt_artifact
[ 92%] Generating testRexxClassicBifSymbol_opt.rxbin
[ 92%] Built target testRexxClassicBifSubword_opt_artifact
[ 92%] Generating testRexxClassicBifTime_noopt.rxbin
[ 92%] Built target testRexxClassicBifSymbol_noopt_artifact
[ 92%] Generating testRexxClassicBifTime_opt.rxbin
[ 92%] Built target testRexxClassicBifSymbol_opt_artifact
[ 92%] Generating testRexxClassicBifTrace_noopt.rxbin
[ 92%] Built target testRexxClassicBifTime_noopt_artifact
[ 92%] Generating testRexxClassicBifTrace_opt.rxbin
[ 92%] Built target testRexxClassicBifTime_opt_artifact
[ 92%] Generating testRexxClassicBifTranslate_noopt.rxbin
[ 92%] Built target testRexxClassicBifTrace_noopt_artifact
[ 92%] Generating testRexxClassicBifTranslate_opt.rxbin
[ 92%] Built target testRexxClassicBifTrace_opt_artifact
[ 92%] Generating testRexxClassicBifTrunc_noopt.rxbin
[ 92%] Built target testRexxClassicBifTranslate_noopt_artifact
[ 92%] Generating testRexxClassicBifTrunc_opt.rxbin
[ 92%] Built target testRexxClassicBifTranslate_opt_artifact
[ 92%] Generating testRexxClassicBifValue_noopt.rxbin
[ 92%] Built target testRexxClassicBifTrunc_noopt_artifact
[ 92%] Generating testRexxClassicBifValue_opt.rxbin
[ 92%] Built target testRexxClassicBifTrunc_opt_artifact
[ 92%] Generating testRexxClassicBifVerify_noopt.rxbin
[ 92%] Built target testRexxClassicBifValue_noopt_artifact
[ 92%] Generating testRexxClassicBifVerify_opt.rxbin
[ 92%] Built target testRexxClassicBifValue_opt_artifact
[ 92%] Generating testRexxClassicBifWord_noopt.rxbin
[ 92%] Built target testRexxClassicBifVerify_noopt_artifact
[ 92%] Generating testRexxClassicBifWord_opt.rxbin
[ 92%] Built target testRexxClassicBifVerify_opt_artifact
[ 92%] Generating testRexxClassicBifWordindex_noopt.rxbin
[ 92%] Built target testRexxClassicBifWord_noopt_artifact
[ 92%] Generating testRexxClassicBifWordindex_opt.rxbin
[ 92%] Built target testRexxClassicBifWord_opt_artifact
[ 92%] Generating testRexxClassicBifWordlength_noopt.rxbin
[ 92%] Built target testRexxClassicBifWordindex_noopt_artifact
[ 92%] Generating testRexxClassicBifWordlength_opt.rxbin
[ 92%] Built target testRexxClassicBifWordindex_opt_artifact
[ 92%] Generating testRexxClassicBifWordpos_noopt.rxbin
[ 92%] Built target testRexxClassicBifWordlength_noopt_artifact
[ 92%] Generating testRexxClassicBifWordpos_opt.rxbin
[ 92%] Built target testRexxClassicBifWordlength_opt_artifact
[ 92%] Generating testRexxClassicBifWords_noopt.rxbin
[ 92%] Built target testRexxClassicBifWordpos_noopt_artifact
[ 92%] Generating testRexxClassicBifWords_opt.rxbin
[ 92%] Built target testRexxClassicBifWordpos_opt_artifact
[ 92%] Generating testRexxClassicBifX2b_noopt.rxbin
[ 92%] Built target testRexxClassicBifWords_noopt_artifact
[ 93%] Generating testRexxClassicBifX2b_opt.rxbin
[ 93%] Built target testRexxClassicBifWords_opt_artifact
[ 93%] Generating testRexxClassicBifX2c_noopt.rxbin
[ 93%] Built target testRexxClassicBifX2b_noopt_artifact
[ 93%] Generating testRexxClassicBifX2c_opt.rxbin
[ 93%] Built target testRexxClassicBifX2b_opt_artifact
[ 93%] Generating testRexxClassicBifX2d_noopt.rxbin
[ 93%] Built target testRexxClassicBifX2c_noopt_artifact
[ 93%] Generating testRexxClassicBifX2d_opt.rxbin
[ 93%] Built target testRexxClassicBifX2c_opt_artifact
[ 93%] Built target ui_contract
[ 93%] Built target asutf
[ 93%] Generating basic_noopt.rxbin
[ 93%] Built target testRexxClassicBifX2d_noopt_artifact
[ 93%] Generating basic_opt.rxbin
[ 93%] Built target testRexxClassicBifX2d_opt_artifact
[ 93%] Built target cri17_attached_provider_test
[ 93%] Building C object tests/rxpa/CMakeFiles/cri17_attached_provider_control-rxvml.dir/cri17_attached_provider_control.c.o
[ 93%] Linking C executable ../cri17_attached_provider_control-rxvml
[ 93%] Built target cri17_attached_provider_control-rxvml
[ 93%] Building C object tests/rxpa/CMakeFiles/cri17_attached_provider_control-rxbvml.dir/cri17_attached_provider_control.c.o
[ 93%] Linking C executable ../cri17_attached_provider_control-rxbvml
[ 93%] Built target cri17_attached_provider_control-rxbvml
[ 93%] Built target rxfnsg
[ 93%] Staging immutable RexxScript compiler imports ...
[ 93%] Built target rexxscript_imports
[ 93%] Built target crexxbrexx
[ 93%] Generating rxstats_rxtvm_opt.rxbin
[ 93%] Built target basic_noopt_artifact
[ 93%] Generating rxstats_rxbvm_noopt.rxbin
[ 93%] Built target basic_opt_artifact
[ 93%] Generating rxstats_rxbvm_opt.rxbin
[ 93%] Built target rxstats_rxbvm_noopt_artifact
[ 93%] Generating rxstats_rxtvm_noopt.rxbin
[ 93%] Built target rxstats_rxtvm_opt_artifact
[ 93%] Generating rxvector_rxtvm_opt.rxbin
[ 93%] Built target rxstats_rxbvm_opt_artifact
[ 93%] Generating rxvector_rxbvm_noopt.rxbin
[ 93%] Built target rxstats_rxtvm_noopt_artifact
[ 93%] Generating rxvector_rxbvm_opt.rxbin
[ 93%] Built target rxvector_rxbvm_noopt_artifact
[ 93%] Generating rxvector_rxtvm_noopt.rxbin
[ 93%] Built target rxvector_rxtvm_opt_artifact
[ 93%] Generating rxsqlite_address_opt.rxbin
[ 93%] Built target rxvector_rxbvm_opt_artifact
[ 93%] Generating rxsqlite_attached_noopt.rxbin
[ 93%] Built target rxvector_rxtvm_noopt_artifact
[ 93%] Generating rxsqlite_attached_opt.rxbin
[ 93%] Built target rxsqlite_attached_noopt_artifact
[ 93%] Generating rxsqlite_address_noopt.rxbin
[ 93%] Built target rxsqlite_attached_opt_artifact
[ 93%] Built target testKeyDB
[ 93%] Generating testOS_opt.rxbin
[ 93%] Built target testOS_opt_artifact
[ 93%] Generating testOS_noopt.rxbin
[ 93%] Built target rxsqlite_address_opt_artifact
[ 93%] Generating ts_unicode_grapheme_rxbvm_noopt.rxbin
[ 93%] Built target rxsqlite_address_noopt_artifact
[ 94%] Generating ts_unicode_grapheme_rxbvm_opt.rxbin
[ 94%] Built target testOS_noopt_artifact
[ 94%] Generating ts_unicode_grapheme_rxtvm_noopt.rxbin
[ 94%] Built target ts_unicode_grapheme_rxbvm_noopt_artifact
[ 94%] Generating ts_unicode_grapheme_rxtvm_opt.rxbin
[ 94%] Built target ts_unicode_grapheme_rxbvm_opt_artifact
[ 94%] Generating ts_unicode_codec_rxbvm_noopt.rxbin
[ 94%] Built target ts_unicode_grapheme_rxtvm_noopt_artifact
[ 94%] Generating ts_unicode_codec_rxbvm_opt.rxbin
[ 94%] Built target ts_unicode_grapheme_rxtvm_opt_artifact
[ 94%] Generating ts_unicode_codec_rxtvm_noopt.rxbin
[ 94%] Built target ts_unicode_codec_rxbvm_noopt_artifact
[ 94%] Generating ts_unicode_codec_rxtvm_opt.rxbin
[ 94%] Built target ts_unicode_codec_rxtvm_noopt_artifact
[ 94%] Generating ts_unicode_normalization_rxbvm_noopt.rxbin
[ 94%] Built target ts_unicode_normalization_rxbvm_noopt_artifact
[ 94%] Generating ts_unicode_normalization_rxbvm_opt.rxbin
[ 94%] Built target ts_unicode_normalization_rxbvm_opt_artifact
[ 94%] Generating ts_unicode_normalization_rxtvm_noopt.rxbin
[ 94%] Built target ts_unicode_codec_rxbvm_opt_artifact
[ 94%] Generating ts_unicode_normalization_rxtvm_opt.rxbin
[ 94%] Built target ts_unicode_normalization_rxtvm_noopt_artifact
[ 94%] Generating ts_http_service_contract_noopt.rxbin
[ 94%] Built target ts_unicode_codec_rxtvm_opt_artifact
[ 94%] Generating ts_http_service_contract_opt.rxbin
[ 94%] Built target ts_http_service_contract_noopt_artifact
[ 94%] Built target ts_unicode_normalization_rxtvm_opt_artifact
[ 94%] Generating ts_llm_ollama_noopt.rxbin
[ 94%] Generating ts_llm_ollama_opt.rxbin
[ 94%] Built target ts_http_service_contract_opt_artifact
[ 94%] Generating ts_llm_providers_noopt.rxbin
[ 94%] Built target ts_llm_ollama_noopt_artifact
[ 94%] Generating ts_llm_providers_opt.rxbin
[ 94%] Built target ts_llm_providers_noopt_artifact
[ 94%] Generating ts_http_pooled_rxbvm_noopt.rxbin
[ 94%] Built target ts_llm_ollama_opt_artifact
[ 94%] Generating ts_http_pooled_rxbvm_opt.rxbin
[ 94%] Built target ts_http_pooled_rxbvm_noopt_artifact
[ 94%] Generating ts_http_pooled_rxtvm_noopt.rxbin
[ 94%] Built target ts_llm_providers_opt_artifact
[ 95%] Generating ts_http_pooled_rxtvm_opt.rxbin
[ 95%] Built target ts_http_pooled_rxbvm_opt_artifact
[ 95%] Generating ts_http_server_rxbvm_noopt.rxbin
[ 95%] Built target ts_http_pooled_rxtvm_noopt_artifact
[ 95%] Generating ts_http_server_rxbvm_opt.rxbin
[ 95%] Built target ts_http_pooled_rxtvm_opt_artifact
[ 95%] Generating ts_http_server_rxtvm_noopt.rxbin
[ 95%] Built target ts_http_server_rxbvm_noopt_artifact
[ 95%] Generating ts_http_server_rxtvm_opt.rxbin
[ 95%] Built target ts_http_server_rxbvm_opt_artifact
[ 95%] Generating ts_http_server_failures_rxbvm_noopt.rxbin
[ 95%] Built target ts_http_server_rxtvm_noopt_artifact
[ 95%] Generating ts_http_server_failures_rxbvm_opt.rxbin
[ 95%] Built target ts_http_server_rxtvm_opt_artifact
[ 95%] Generating ts_http_server_failures_rxtvm_noopt.rxbin
[ 95%] Built target ts_http_server_failures_rxbvm_noopt_artifact
[ 95%] Generating ts_http_server_failures_rxtvm_opt.rxbin
[ 95%] Built target ts_http_server_failures_rxbvm_opt_artifact
[ 95%] Generating ts_http_streaming_rxbvm_noopt.rxbin
[ 95%] Built target ts_http_server_failures_rxtvm_noopt_artifact
[ 95%] Generating ts_http_streaming_rxbvm_opt.rxbin
[ 95%] Built target ts_http_server_failures_rxtvm_opt_artifact
[ 95%] Generating ts_http_streaming_rxtvm_noopt.rxbin
[ 95%] Built target ts_http_streaming_rxbvm_noopt_artifact
[ 95%] Generating ts_http_streaming_rxtvm_opt.rxbin
[ 95%] Built target ts_http_streaming_rxtvm_noopt_artifact
[ 95%] Generating ts_http_crexx_rag_rxbvm_noopt.rxbin
[ 95%] Built target ts_http_streaming_rxbvm_opt_artifact
[ 95%] Generating ts_http_crexx_rag_rxbvm_opt.rxbin
[ 95%] Built target ts_http_crexx_rag_rxbvm_noopt_artifact
[ 95%] Generating ts_http_crexx_rag_rxtvm_noopt.rxbin
[ 95%] Built target ts_http_streaming_rxtvm_opt_artifact
[ 95%] Generating ts_http_crexx_rag_rxtvm_opt.rxbin
[ 95%] Built target ts_http_crexx_rag_rxtvm_noopt_artifact
[ 95%] Generating ts_http_tls_live_rxbvm_noopt.rxbin
[ 95%] Built target ts_http_crexx_rag_rxbvm_opt_artifact
[ 95%] Generating ts_http_tls_live_rxbvm_opt.rxbin
[ 95%] Built target ts_http_crexx_rag_rxtvm_opt_artifact
[ 95%] Generating ts_http_tls_live_rxtvm_noopt.rxbin
[ 95%] Built target ts_http_tls_live_rxbvm_noopt_artifact
[ 95%] Generating ts_http_tls_live_rxtvm_opt.rxbin
[ 95%] Built target ts_http_tls_live_rxbvm_opt_artifact
[ 95%] Generating ts_http_policy_rxbvm_noopt.rxbin
[ 95%] Built target ts_http_tls_live_rxtvm_noopt_artifact
[ 95%] Generating ts_http_policy_rxbvm_opt.rxbin
[ 95%] Built target ts_http_tls_live_rxtvm_opt_artifact
[ 95%] Generating ts_http_policy_rxtvm_noopt.rxbin
[ 95%] Built target ts_http_policy_rxbvm_noopt_artifact
[ 95%] Generating ts_http_policy_rxtvm_opt.rxbin
[ 95%] Built target ts_http_policy_rxtvm_noopt_artifact
[ 95%] Generating ts_http_codec_rxbvm_noopt.rxbin
[ 95%] Built target ts_http_policy_rxbvm_opt_artifact
[ 95%] Generating ts_http_codec_rxbvm_opt.rxbin
[ 95%] Built target ts_http_codec_rxbvm_noopt_artifact
[ 95%] Generating ts_http_codec_rxtvm_noopt.rxbin
[ 95%] Built target ts_http_policy_rxtvm_opt_artifact
[ 95%] Generating ts_http_codec_rxtvm_opt.rxbin
[ 95%] Built target ts_http_codec_rxbvm_opt_artifact
[ 95%] Generating ts_math_numeric_rxtvm_opt.rxbin
[ 95%] Built target ts_http_codec_rxtvm_noopt_artifact
[ 95%] Generating ts_math_numeric_rxbvm_noopt.rxbin
[ 95%] Built target ts_http_codec_rxtvm_opt_artifact
[ 95%] Generating ts_math_numeric_rxbvm_opt.rxbin
[ 95%] Built target ts_math_numeric_rxtvm_opt_artifact
[ 96%] Generating ts_math_numeric_rxtvm_noopt.rxbin
[ 96%] Built target testrexx0_opt_artifact
[ 96%] Generating ts_math_integer_contract_rxtvm_opt.rxbin
[ 96%] Built target ts_math_numeric_rxbvm_noopt_artifact
[ 96%] Generating ts_math_integer_contract_rxbvm_noopt.rxbin
[ 96%] Built target ts_math_numeric_rxbvm_opt_artifact
[ 96%] Generating ts_math_integer_contract_rxbvm_opt.rxbin
[ 96%] Built target ts_math_numeric_rxtvm_noopt_artifact
[ 96%] Generating ts_math_integer_contract_rxtvm_noopt.rxbin
[ 96%] Built target ts_math_integer_contract_rxbvm_noopt_artifact
[ 96%] Generating ts_math_decimal_contract_rxtvm_opt.rxbin
[ 96%] Built target ts_math_integer_contract_rxtvm_opt_artifact
[ 96%] Generating ts_math_decimal_contract_rxbvm_noopt.rxbin
[ 96%] Built target ts_math_integer_contract_rxtvm_noopt_artifact
[ 96%] Generating ts_math_decimal_contract_rxbvm_opt.rxbin
[ 96%] Built target ts_math_integer_contract_rxbvm_opt_artifact
[ 96%] Generating ts_math_decimal_contract_rxtvm_noopt.rxbin
[ 96%] Built target ts_math_decimal_contract_rxbvm_noopt_artifact
[ 96%] Generating ts_packed_numeric_rxtvm_opt.rxbin
[ 96%] Built target ts_math_decimal_contract_rxtvm_noopt_artifact
[ 96%] Generating ts_packed_numeric_rxbvm_noopt.rxbin
[ 96%] Built target ts_packed_numeric_rxbvm_noopt_artifact
[ 96%] Generating ts_packed_numeric_rxbvm_opt.rxbin
[ 96%] Built target ts_packed_numeric_rxtvm_opt_artifact
[ 96%] Generating ts_packed_numeric_rxtvm_noopt.rxbin
[ 96%] Built target ts_packed_numeric_rxtvm_noopt_artifact
[ 96%] Built target rxunicode_casefold_source
[ 96%] Built target rxunicode_case_mapping_source
[ 96%] Built target testRexxClassicBifXrange
[ 96%] Built target testRexxValue
[ 96%] Built target testRexxRuntimePools
[ 96%] Built target testRexxClassicBifs
[ 96%] Built target testRexxClassicBifAbbrev
[ 96%] Built target testRexxClassicBifAbs
[ 96%] Built target testRexxClassicBifAddress
[ 96%] Built target ts_math_decimal_contract_rxtvm_opt_artifact
[ 96%] Built target testRexxClassicBifB2x
[ 96%] Built target testRexxClassicBifBitwise
[ 96%] Built target testRexxClassicBifC2d
[ 96%] Built target testRexxClassicBifC2x
[ 96%] Built target testRexxClassicBifCenter
[ 96%] Built target testRexxClassicBifCentre
[ 96%] Built target testRexxClassicBifChangestr
[ 96%] Built target testRexxClassicBifCompare
[ 96%] Built target testRexxClassicBifCopies
[ 96%] Built target testRexxClassicBifCountstr
[ 96%] Built target testRexxClassicBifD2x
[ 96%] Built target testRexxClassicBifD2c
[ 96%] Built target testRexxClassicBifDate
[ 96%] Built target testRexxClassicBifDatatype
[ 96%] Built target testRexxClassicBifDelstr
[ 96%] Built target testRexxClassicBifDelword
[ 96%] Built target testRexxClassicBifFormat
[ 96%] Built target testRexxClassicBifInsert
[ 96%] Built target testRexxClassicBifLastpos
[ 96%] Built target testRexxClassicBifLeft
[ 96%] Built target testRexxClassicBifLength
[ 96%] Built target testRexxClassicBifMax
[ 96%] Built target testRexxClassicBifMin
[ 96%] Built target testRexxClassicBifNumeric
[ 96%] Built target testRexxClassicBifOverlay
[ 96%] Built target testRexxClassicBifPos
[ 96%] Built target ts_packed_numeric_rxbvm_opt_artifact
[ 96%] Built target testRexxClassicBifRandom
[ 96%] Built target testRexxClassicBifReverse
[ 96%] Built target testRexxClassicBifRight
[ 96%] Built target testRexxClassicBifSign
[ 96%] Built target testRexxClassicBifSpace
[ 96%] Built target testRexxClassicBifStrip
[ 96%] Built target testRexxClassicBifSubstr
[ 96%] Built target testRexxClassicBifSubword
[ 96%] Built target testRexxClassicBifSymbol
[ 96%] Built target testRexxClassicBifTime
[ 96%] Built target testRexxClassicBifTrace
[ 96%] Built target testRexxClassicBifTranslate
[ 96%] Built target testRexxClassicBifTrunc
[ 96%] Built target testRexxClassicBifValue
[ 96%] Built target testRexxClassicBifVerify
[ 96%] Built target testRexxClassicBifWord
[ 96%] Built target testRexxClassicBifWordindex
[ 96%] Built target testRexxClassicBifWordlength
[ 96%] Built target testRexxClassicBifWordpos
[ 96%] Built target testRexxClassicBifWords
[ 96%] Built target testRexxClassicBifX2b
[ 96%] Built target testRexxClassicBifX2c
[ 96%] Built target testRexxClassicBifX2d
[ 96%] Built target ui_local_resources
[ 96%] Built target ui_dialogs
[ 96%] Built target ui_terminal_view
[ 96%] Built target ui_driver_probe
[ 96%] Generating ui_contract_v0_noopt.rxbin
[ 97%] Generating ui_contract_v0_opt.rxbin
[ 97%] Built target basic
[ 97%] Generating levelbfunc_noopt.rxbin
[ 97%] Built target ts_math_decimal_contract_rxbvm_opt_artifact
[ 97%] Generating levelbfunc_opt.rxbin
[ 97%] Built target levelbfunc_noopt_artifact
[ 97%] Generating rxpa_objects_noopt-linked.rxbin
[ 97%] Built target ui_contract_v0_noopt_artifact
[ 97%] Generating rxpa_objects_opt-linked.rxbin
[ 97%] Built target levelbfunc_opt_artifact
[ 97%] Compiling address_llm_host.crexx ...
[ 97%] Compiling llm_address_environment.crexx ...
[ 97%] Generating rxpa_objects_class_only_noopt-linked.rxbin
[ 97%] Generating rxpa_objects_class_only_opt-linked.rxbin
[ 97%] Linking Level G LLM ADDRESS fixture with its concurrency classes ...
[ 97%] Built target address_llm_fixture_bin
[ 97%] Built target rexxscript
[ 97%] Generating rxpa_objects_workers_noopt-linked.rxbin
[ 97%] Generating rxpa_objects_workers_opt-linked.rxbin
[ 97%] Built target testperfbifs
[ 97%] Built target rxstats_test
[ 97%] Built target rxvector_test
[ 97%] Built target rxsqlite_test_artifacts
[ 97%] Built target testrexx0
[ 97%] Generating rxpa_objects_text_worker_noopt-linked.rxbin
[ 97%] Built target ui_contract_v0_opt_artifact
[ 97%] Generating rxpa_objects_text_worker_opt-linked.rxbin
[ 97%] Built target testOS
[ 97%] Built target ts_unicode_grapheme
[ 97%] Built target ts_unicode_codec
[ 97%] Built target ts_unicode_normalization
[ 97%] Built target ts_http_service_contract
[ 97%] Built target ts_llm_ollama
[ 97%] Built target ts_llm_providers
[ 97%] Built target ts_http_pooled
[ 97%] Built target ts_http_server
[ 97%] Built target ts_http_server_failures
[ 97%] Built target ts_http_streaming
[ 97%] Built target ts_http_crexx_rag
[ 97%] Built target ts_http_tls_live
[ 97%] Built target ts_http_policy
[ 97%] Built target ts_http_codec
[ 97%] Built target ts_math_numeric
[ 97%] Built target ts_math_integer_contract
[ 97%] Built target ts_math_decimal_contract
[ 97%] Built target ts_packed_numeric
[ 97%] Generating ts_unicode_casefold_rxtvm_opt.rxbin
[ 97%] Generating ts_unicode_casefold_rxbvm_noopt.rxbin
[ 97%] Generating ts_unicode_casefold_rxbvm_opt.rxbin
[ 97%] Built target rxpa_objects_artifacts
[ 97%] Generating ts_unicode_casefold_rxtvm_noopt.rxbin
[ 97%] Built target ts_unicode_casefold_rxtvm_opt_artifact
[ 97%] Generating ts_unicode_case_mapping_rxtvm_opt.rxbin
[ 97%] Built target ts_unicode_casefold_rxbvm_noopt_artifact
[ 97%] Generating ts_unicode_case_mapping_rxbvm_noopt.rxbin
[ 97%] Built target ts_unicode_casefold_rxtvm_noopt_artifact
[ 97%] Generating ts_unicode_case_mapping_rxbvm_opt.rxbin
[ 97%] Built target ts_unicode_case_mapping_rxbvm_noopt_artifact
[ 97%] Generating ts_unicode_case_mapping_rxtvm_noopt.rxbin
[ 97%] Built target ts_unicode_case_mapping_rxtvm_opt_artifact
[ 97%] Built target testrxfnsc
[ 97%] Built target ui_tui
[ 97%] Built target ui_ansi
[ 97%] Generating ui_standard_dialogs_noopt.rxbin
[ 97%] Built target ts_unicode_casefold_rxbvm_opt_artifact
[ 97%] Generating ui_standard_dialogs_opt.rxbin
[ 97%] Built target ts_unicode_case_mapping_rxtvm_noopt_artifact
[ 97%] Generating ui_tui_contract_noopt.rxbin
[ 97%] Built target ts_unicode_case_mapping_rxbvm_opt_artifact
[ 97%] Generating ui_tui_contract_opt.rxbin
[ 97%] Built target ui_standard_dialogs_noopt_artifact
[ 97%] Built target rexxscript_runner_imports
[ 97%] Generating testRexxScriptCompat_noopt.rxbin
[ 97%] Built target ui_tui_contract_noopt_artifact
[ 97%] Generating testRexxScriptCompat_opt.rxbin
[ 97%] Built target ui_tui_contract_opt_artifact
[ 97%] Generating testRexxScriptRuntime_noopt.rxbin
[ 97%] Built target ui_standard_dialogs_opt_artifact
[ 97%] Generating testRexxScriptRuntime_opt.rxbin
[ 97%] Built target testRexxScriptCompat_noopt_artifact
[ 97%] Built target levelbfunc
[ 97%] Staging deterministic crexx driver imports ...
[ 97%] Built target crexx_driver_imports
[ 97%] Built target packed_library
[ 97%] Compiling test_rexxscript.crexx with exit (noopt)
[ 97%] Built target testRexxScriptCompat_opt_artifact
[ 97%] Compiling test_rexxscript.crexx with exit (opt)
[ 97%] Built target testRexxScriptRuntime_noopt_artifact
[ 97%] Compiling test_rexxscript_direct.crexx with exit (noopt)
[ 98%] Built target rxbvme
[ 98%] Stage immutable rxpp compiler imports ...
[ 98%] Built target rxpp_compiler_imports
[ 98%] Compiling test_rexxscript_direct.crexx with exit (opt)
[ 98%] Built target test_rexxscript_bin
[ 98%] Built target testclasses
[ 98%] Built target ts_unicode_casefold
[ 98%] Built target ts_unicode_case_mapping
[ 98%] Generating ui_ansi_edges_noopt.rxbin
[ 98%] Generating ui_ansi_edges_opt.rxbin
[ 98%] Built target test_rexxscript_direct_bin
[ 98%] Built target testRexxScriptCompat
[ 98%] Built target crexx_build_worker
[ 98%] Built target rxvme
[ 98%] Built target rxpp
[ 98%] Building the linein(stdin) prompt regression
[ 98%] Built target testRexxScriptRuntime_opt_artifact
[ 98%] Generating treemap_test.crexx
[ 98%] Built target ui_ansi_edges_noopt_artifact
[ 98%] Generating treemap_test.crexx
[ 98%] Generating treemap_test_opt.rxbin
[ 98%] Generating treemap_test_noopt.rxbin
[ 98%] Built target ui_ansi_edges_opt_artifact
[ 98%] Generating recv390_test.crexx
[ 98%] Generating recv390_test_opt.rxbin
[ 98%] Built target ts_linein_stdin_artifact
[ 98%] Generating recv390_test_noopt.rxbin
[ 98%] Built target treemap_test_opt_artifact
[ 98%] Generating map_test.crexx
[ 98%] Built target treemap_test_noopt_artifact
[ 98%] Generating map_test.crexx
[ 98%] Generating map_test_opt.rxbin
[ 98%] Generating map_test_noopt.rxbin
[ 98%] Built target recv390_test_opt_artifact
[ 98%] Built target testrxfnsg
[ 98%] Built target ui_functional_tests
[ 98%] Built target recv390_test_noopt_artifact
[100%] Built target rexxscript_cli
[100%] Built target testRexxScriptRuntime
[100%] Built target crexx
[100%] Built target testbifs
[100%] Built target rxpp_sh
[100%] Built target rxpa_treemap_test
[100%] Built target rxpa_recv390_test
[100%] Built target testrexxscript
[100%] Compiling dynamic interface contract ...
[100%] Built target map_test_opt_artifact
[100%] Built target map_test_noopt_artifact
[100%] Built target rxpa_map_test
[100%] Compiling dynamic interface provider ...
[100%] Compiling dynamic interface host ...
[100%] Built target dynamic_interface_fixture_bin
