load_backend: loaded CPU backend from /Users/adrian/CLionProjects/CREXX/cmake-build-llama-controls/bin/libggml-cpu.so
llama_model_loader: loaded meta data with 33 key-value pairs and 290 tensors from /Users/adrian/Library/Caches/crexx/native-inference/smollm2-360m-instruct-q8_0.gguf (version GGUF V3 (latest))
llama_model_loader: Dumping metadata keys/values. Note: KV overrides do not apply in this output.
llama_model_loader: - kv   0:                       general.architecture str              = llama
llama_model_loader: - kv   1:                               general.type str              = model
llama_model_loader: - kv   2:                               general.name str              = Smollm2 360M 8k Lc100K Mix1 Ep2
llama_model_loader: - kv   3:                       general.organization str              = Loubnabnl
llama_model_loader: - kv   4:                           general.finetune str              = 8k-lc100k-mix1-ep2
llama_model_loader: - kv   5:                           general.basename str              = smollm2
llama_model_loader: - kv   6:                         general.size_label str              = 360M
llama_model_loader: - kv   7:                            general.license str              = apache-2.0
llama_model_loader: - kv   8:                          general.languages arr[str,1]       = ["en"]
llama_model_loader: - kv   9:                          llama.block_count u32              = 32
llama_model_loader: - kv  10:                       llama.context_length u32              = 8192
llama_model_loader: - kv  11:                     llama.embedding_length u32              = 960
llama_model_loader: - kv  12:                  llama.feed_forward_length u32              = 2560
llama_model_loader: - kv  13:                 llama.attention.head_count u32              = 15
llama_model_loader: - kv  14:              llama.attention.head_count_kv u32              = 5
llama_model_loader: - kv  15:                       llama.rope.freq_base f32              = 100000.000000
llama_model_loader: - kv  16:     llama.attention.layer_norm_rms_epsilon f32              = 0.000010
llama_model_loader: - kv  17:                          general.file_type u32              = 7
llama_model_loader: - kv  18:                           llama.vocab_size u32              = 49152
llama_model_loader: - kv  19:                 llama.rope.dimension_count u32              = 64
llama_model_loader: - kv  20:            tokenizer.ggml.add_space_prefix bool             = false
llama_model_loader: - kv  21:               tokenizer.ggml.add_bos_token bool             = false
llama_model_loader: - kv  22:                       tokenizer.ggml.model str              = gpt2
llama_model_loader: - kv  23:                         tokenizer.ggml.pre str              = smollm
llama_model_loader: - kv  24:                      tokenizer.ggml.tokens arr[str,49152]   = ["<|endoftext|>", "<|im_start|>", "<|...
llama_model_loader: - kv  25:                  tokenizer.ggml.token_type arr[i32,49152]   = [3, 3, 3, 3, 3, 3, 3, 3, 3, 3, 3, 3, ...
llama_model_loader: - kv  26:                      tokenizer.ggml.merges arr[str,48900]   = ["Ġ t", "Ġ a", "i n", "h e", "Ġ Ġ...
llama_model_loader: - kv  27:                tokenizer.ggml.bos_token_id u32              = 1
llama_model_loader: - kv  28:                tokenizer.ggml.eos_token_id u32              = 2
llama_model_loader: - kv  29:            tokenizer.ggml.unknown_token_id u32              = 0
llama_model_loader: - kv  30:            tokenizer.ggml.padding_token_id u32              = 2
llama_model_loader: - kv  31:                    tokenizer.chat_template str              = {% for message in messages %}{% if lo...
llama_model_loader: - kv  32:               general.quantization_version u32              = 2
llama_model_loader: - type  f32:   65 tensors
llama_model_loader: - type q8_0:  225 tensors
print_info: file format = GGUF V3 (latest)
print_info: file type   = Q8_0
print_info: file size   = 366.80 MiB (8.50 BPW) 
init_tokenizer: initializing tokenizer for type 2
load: 0 unused tokens
load: control token:     15 '<jupyter_script>' is not marked as EOG
load: control token:      7 '<gh_stars>' is not marked as EOG
load: control token:      5 '<file_sep>' is not marked as EOG
load: control token:     12 '<jupyter_text>' is not marked as EOG
load: control token:     10 '<issue_closed>' is not marked as EOG
load: control token:     11 '<jupyter_start>' is not marked as EOG
load: control token:      1 '<|im_start|>' is not marked as EOG
load: control token:      9 '<issue_comment>' is not marked as EOG
load: control token:      8 '<issue_start>' is not marked as EOG
load: control token:     13 '<jupyter_code>' is not marked as EOG
load: control token:      3 '<repo_name>' is not marked as EOG
load: control token:      6 '<filename>' is not marked as EOG
load: control token:     14 '<jupyter_output>' is not marked as EOG
load: control token:     16 '<empty_output>' is not marked as EOG
load: printing all EOG tokens:
load:   - 0 ('<|endoftext|>')
load:   - 2 ('<|im_end|>')
load:   - 4 ('<reponame>')
load: special tokens cache size = 17
load: token to piece cache size = 0.3170 MB
print_info: arch                  = llama
print_info: vocab_only            = 0
print_info: no_alloc              = 0
print_info: n_ctx_train           = 8192
print_info: n_embd_inp            = 960
print_info: n_embd                = 960
print_info: n_embd_out            = 960
print_info: n_layer               = 32
print_info: n_layer_all           = 32
print_info: n_head                = 15
print_info: n_head_kv             = 5
print_info: n_rot                 = 64
print_info: n_swa                 = 0
print_info: is_swa_any            = 0
print_info: non_causal_type       = 0
print_info: n_embd_head_k         = 64
print_info: n_embd_head_v         = 64
print_info: n_gqa                 = 3
print_info: n_embd_k_gqa          = 320
print_info: n_embd_v_gqa          = 320
print_info: f_norm_eps            = 0.0e+00
print_info: f_norm_rms_eps        = 1.0e-05
print_info: f_clamp_kqv           = 0.0e+00
print_info: f_max_alibi_bias      = 0.0e+00
print_info: f_logit_scale         = 0.0e+00
print_info: f_attn_scale          = 0.0e+00
print_info: f_attn_value_scale    = 0.0000
print_info: n_ff                  = 2560
print_info: n_expert              = 0
print_info: n_expert_used         = 0
print_info: n_expert_groups       = 0
print_info: n_group_used          = 0
print_info: causal attn           = 1
print_info: pooling type          = -1
print_info: rope type             = 0
print_info: rope scaling          = linear
print_info: freq_base_train       = 100000.0
print_info: freq_scale_train      = 1
print_info: n_ctx_orig_yarn       = 8192
print_info: rope_yarn_log_mul     = 0.0000
print_info: rope_finetuned        = unknown
print_info: model type            = 3B
print_info: model params          = 361.82 M
print_info: general.name          = Smollm2 360M 8k Lc100K Mix1 Ep2
print_info: vocab type            = BPE
print_info: n_vocab               = 49152
print_info: n_merges              = 48900
print_info: BOS token             = 1 '<|im_start|>'
print_info: EOS token             = 2 '<|im_end|>'
print_info: EOT token             = 2 '<|im_end|>'
print_info: UNK token             = 0 '<|endoftext|>'
print_info: PAD token             = 2 '<|im_end|>'
print_info: LF token              = 198 'Ċ'
print_info: FIM REP token         = 4 '<reponame>'
print_info: EOG token             = 0 '<|endoftext|>'
print_info: EOG token             = 2 '<|im_end|>'
print_info: EOG token             = 4 '<reponame>'
print_info: max token length      = 162
load_tensors: loading model tensors, this can take a while... (load_mode = mmap)
load_tensors: layer   0 assigned to device CPU, is_swa = 0
load_tensors: layer   1 assigned to device CPU, is_swa = 0
load_tensors: layer   2 assigned to device CPU, is_swa = 0
load_tensors: layer   3 assigned to device CPU, is_swa = 0
load_tensors: layer   4 assigned to device CPU, is_swa = 0
load_tensors: layer   5 assigned to device CPU, is_swa = 0
load_tensors: layer   6 assigned to device CPU, is_swa = 0
load_tensors: layer   7 assigned to device CPU, is_swa = 0
load_tensors: layer   8 assigned to device CPU, is_swa = 0
load_tensors: layer   9 assigned to device CPU, is_swa = 0
load_tensors: layer  10 assigned to device CPU, is_swa = 0
load_tensors: layer  11 assigned to device CPU, is_swa = 0
load_tensors: layer  12 assigned to device CPU, is_swa = 0
load_tensors: layer  13 assigned to device CPU, is_swa = 0
load_tensors: layer  14 assigned to device CPU, is_swa = 0
load_tensors: layer  15 assigned to device CPU, is_swa = 0
load_tensors: layer  16 assigned to device CPU, is_swa = 0
load_tensors: layer  17 assigned to device CPU, is_swa = 0
load_tensors: layer  18 assigned to device CPU, is_swa = 0
load_tensors: layer  19 assigned to device CPU, is_swa = 0
load_tensors: layer  20 assigned to device CPU, is_swa = 0
load_tensors: layer  21 assigned to device CPU, is_swa = 0
load_tensors: layer  22 assigned to device CPU, is_swa = 0
load_tensors: layer  23 assigned to device CPU, is_swa = 0
load_tensors: layer  24 assigned to device CPU, is_swa = 0
load_tensors: layer  25 assigned to device CPU, is_swa = 0
load_tensors: layer  26 assigned to device CPU, is_swa = 0
load_tensors: layer  27 assigned to device CPU, is_swa = 0
load_tensors: layer  28 assigned to device CPU, is_swa = 0
load_tensors: layer  29 assigned to device CPU, is_swa = 0
load_tensors: layer  30 assigned to device CPU, is_swa = 0
load_tensors: layer  31 assigned to device CPU, is_swa = 0
load_tensors: layer  32 assigned to device CPU, is_swa = 0
create_tensor: loading tensor token_embd.weight
create_tensor: loading tensor output_norm.weight
create_tensor: loading tensor output.weight
create_tensor: loading tensor token_embd.weight
create_tensor: loading tensor blk.0.attn_norm.weight
create_tensor: loading tensor blk.0.attn_qkv.weight
create_tensor: loading tensor blk.0.attn_q.weight
create_tensor: loading tensor blk.0.attn_k.weight
create_tensor: loading tensor blk.0.attn_v.weight
create_tensor: loading tensor blk.0.attn_q.bias
create_tensor: loading tensor blk.0.attn_k.bias
create_tensor: loading tensor blk.0.attn_v.bias
create_tensor: loading tensor blk.0.attn_output.weight
create_tensor: loading tensor blk.0.attn_output.bias
create_tensor: loading tensor blk.0.ffn_norm.weight
create_tensor: loading tensor rope_freqs.weight
create_tensor: loading tensor blk.0.ffn_gate.weight
create_tensor: loading tensor blk.0.ffn_down.weight
create_tensor: loading tensor blk.0.ffn_up.weight
create_tensor: loading tensor blk.0.ffn_gate.bias
create_tensor: loading tensor blk.0.ffn_down.bias
create_tensor: loading tensor blk.0.ffn_up.bias
create_tensor: loading tensor blk.1.attn_norm.weight
create_tensor: loading tensor blk.1.attn_qkv.weight
create_tensor: loading tensor blk.1.attn_q.weight
create_tensor: loading tensor blk.1.attn_k.weight
create_tensor: loading tensor blk.1.attn_v.weight
create_tensor: loading tensor blk.1.attn_q.bias
create_tensor: loading tensor blk.1.attn_k.bias
create_tensor: loading tensor blk.1.attn_v.bias
create_tensor: loading tensor blk.1.attn_output.weight
create_tensor: loading tensor blk.1.attn_output.bias
create_tensor: loading tensor blk.1.ffn_norm.weight
create_tensor: loading tensor rope_freqs.weight
create_tensor: loading tensor blk.1.ffn_gate.weight
create_tensor: loading tensor blk.1.ffn_down.weight
create_tensor: loading tensor blk.1.ffn_up.weight
create_tensor: loading tensor blk.1.ffn_gate.bias
create_tensor: loading tensor blk.1.ffn_down.bias
create_tensor: loading tensor blk.1.ffn_up.bias
create_tensor: loading tensor blk.2.attn_norm.weight
create_tensor: loading tensor blk.2.attn_qkv.weight
create_tensor: loading tensor blk.2.attn_q.weight
create_tensor: loading tensor blk.2.attn_k.weight
create_tensor: loading tensor blk.2.attn_v.weight
create_tensor: loading tensor blk.2.attn_q.bias
create_tensor: loading tensor blk.2.attn_k.bias
create_tensor: loading tensor blk.2.attn_v.bias
create_tensor: loading tensor blk.2.attn_output.weight
create_tensor: loading tensor blk.2.attn_output.bias
create_tensor: loading tensor blk.2.ffn_norm.weight
create_tensor: loading tensor rope_freqs.weight
create_tensor: loading tensor blk.2.ffn_gate.weight
create_tensor: loading tensor blk.2.ffn_down.weight
create_tensor: loading tensor blk.2.ffn_up.weight
create_tensor: loading tensor blk.2.ffn_gate.bias
create_tensor: loading tensor blk.2.ffn_down.bias
create_tensor: loading tensor blk.2.ffn_up.bias
create_tensor: loading tensor blk.3.attn_norm.weight
create_tensor: loading tensor blk.3.attn_qkv.weight
create_tensor: loading tensor blk.3.attn_q.weight
create_tensor: loading tensor blk.3.attn_k.weight
create_tensor: loading tensor blk.3.attn_v.weight
create_tensor: loading tensor blk.3.attn_q.bias
create_tensor: loading tensor blk.3.attn_k.bias
create_tensor: loading tensor blk.3.attn_v.bias
create_tensor: loading tensor blk.3.attn_output.weight
create_tensor: loading tensor blk.3.attn_output.bias
create_tensor: loading tensor blk.3.ffn_norm.weight
create_tensor: loading tensor rope_freqs.weight
create_tensor: loading tensor blk.3.ffn_gate.weight
create_tensor: loading tensor blk.3.ffn_down.weight
create_tensor: loading tensor blk.3.ffn_up.weight
create_tensor: loading tensor blk.3.ffn_gate.bias
create_tensor: loading tensor blk.3.ffn_down.bias
create_tensor: loading tensor blk.3.ffn_up.bias
create_tensor: loading tensor blk.4.attn_norm.weight
create_tensor: loading tensor blk.4.attn_qkv.weight
create_tensor: loading tensor blk.4.attn_q.weight
create_tensor: loading tensor blk.4.attn_k.weight
create_tensor: loading tensor blk.4.attn_v.weight
create_tensor: loading tensor blk.4.attn_q.bias
create_tensor: loading tensor blk.4.attn_k.bias
create_tensor: loading tensor blk.4.attn_v.bias
create_tensor: loading tensor blk.4.attn_output.weight
create_tensor: loading tensor blk.4.attn_output.bias
create_tensor: loading tensor blk.4.ffn_norm.weight
create_tensor: loading tensor rope_freqs.weight
create_tensor: loading tensor blk.4.ffn_gate.weight
create_tensor: loading tensor blk.4.ffn_down.weight
create_tensor: loading tensor blk.4.ffn_up.weight
create_tensor: loading tensor blk.4.ffn_gate.bias
create_tensor: loading tensor blk.4.ffn_down.bias
create_tensor: loading tensor blk.4.ffn_up.bias
create_tensor: loading tensor blk.5.attn_norm.weight
create_tensor: loading tensor blk.5.attn_qkv.weight
create_tensor: loading tensor blk.5.attn_q.weight
create_tensor: loading tensor blk.5.attn_k.weight
create_tensor: loading tensor blk.5.attn_v.weight
create_tensor: loading tensor blk.5.attn_q.bias
create_tensor: loading tensor blk.5.attn_k.bias
create_tensor: loading tensor blk.5.attn_v.bias
create_tensor: loading tensor blk.5.attn_output.weight
create_tensor: loading tensor blk.5.attn_output.bias
create_tensor: loading tensor blk.5.ffn_norm.weight
create_tensor: loading tensor rope_freqs.weight
create_tensor: loading tensor blk.5.ffn_gate.weight
create_tensor: loading tensor blk.5.ffn_down.weight
create_tensor: loading tensor blk.5.ffn_up.weight
create_tensor: loading tensor blk.5.ffn_gate.bias
create_tensor: loading tensor blk.5.ffn_down.bias
create_tensor: loading tensor blk.5.ffn_up.bias
create_tensor: loading tensor blk.6.attn_norm.weight
create_tensor: loading tensor blk.6.attn_qkv.weight
create_tensor: loading tensor blk.6.attn_q.weight
create_tensor: loading tensor blk.6.attn_k.weight
create_tensor: loading tensor blk.6.attn_v.weight
create_tensor: loading tensor blk.6.attn_q.bias
create_tensor: loading tensor blk.6.attn_k.bias
create_tensor: loading tensor blk.6.attn_v.bias
create_tensor: loading tensor blk.6.attn_output.weight
create_tensor: loading tensor blk.6.attn_output.bias
create_tensor: loading tensor blk.6.ffn_norm.weight
create_tensor: loading tensor rope_freqs.weight
create_tensor: loading tensor blk.6.ffn_gate.weight
create_tensor: loading tensor blk.6.ffn_down.weight
create_tensor: loading tensor blk.6.ffn_up.weight
create_tensor: loading tensor blk.6.ffn_gate.bias
create_tensor: loading tensor blk.6.ffn_down.bias
create_tensor: loading tensor blk.6.ffn_up.bias
create_tensor: loading tensor blk.7.attn_norm.weight
create_tensor: loading tensor blk.7.attn_qkv.weight
create_tensor: loading tensor blk.7.attn_q.weight
create_tensor: loading tensor blk.7.attn_k.weight
create_tensor: loading tensor blk.7.attn_v.weight
create_tensor: loading tensor blk.7.attn_q.bias
create_tensor: loading tensor blk.7.attn_k.bias
create_tensor: loading tensor blk.7.attn_v.bias
create_tensor: loading tensor blk.7.attn_output.weight
create_tensor: loading tensor blk.7.attn_output.bias
create_tensor: loading tensor blk.7.ffn_norm.weight
create_tensor: loading tensor rope_freqs.weight
create_tensor: loading tensor blk.7.ffn_gate.weight
create_tensor: loading tensor blk.7.ffn_down.weight
create_tensor: loading tensor blk.7.ffn_up.weight
create_tensor: loading tensor blk.7.ffn_gate.bias
create_tensor: loading tensor blk.7.ffn_down.bias
create_tensor: loading tensor blk.7.ffn_up.bias
create_tensor: loading tensor blk.8.attn_norm.weight
create_tensor: loading tensor blk.8.attn_qkv.weight
create_tensor: loading tensor blk.8.attn_q.weight
create_tensor: loading tensor blk.8.attn_k.weight
create_tensor: loading tensor blk.8.attn_v.weight
create_tensor: loading tensor blk.8.attn_q.bias
create_tensor: loading tensor blk.8.attn_k.bias
create_tensor: loading tensor blk.8.attn_v.bias
create_tensor: loading tensor blk.8.attn_output.weight
create_tensor: loading tensor blk.8.attn_output.bias
create_tensor: loading tensor blk.8.ffn_norm.weight
create_tensor: loading tensor rope_freqs.weight
create_tensor: loading tensor blk.8.ffn_gate.weight
create_tensor: loading tensor blk.8.ffn_down.weight
create_tensor: loading tensor blk.8.ffn_up.weight
create_tensor: loading tensor blk.8.ffn_gate.bias
create_tensor: loading tensor blk.8.ffn_down.bias
create_tensor: loading tensor blk.8.ffn_up.bias
create_tensor: loading tensor blk.9.attn_norm.weight
create_tensor: loading tensor blk.9.attn_qkv.weight
create_tensor: loading tensor blk.9.attn_q.weight
create_tensor: loading tensor blk.9.attn_k.weight
create_tensor: loading tensor blk.9.attn_v.weight
create_tensor: loading tensor blk.9.attn_q.bias
create_tensor: loading tensor blk.9.attn_k.bias
create_tensor: loading tensor blk.9.attn_v.bias
create_tensor: loading tensor blk.9.attn_output.weight
create_tensor: loading tensor blk.9.attn_output.bias
create_tensor: loading tensor blk.9.ffn_norm.weight
create_tensor: loading tensor rope_freqs.weight
create_tensor: loading tensor blk.9.ffn_gate.weight
create_tensor: loading tensor blk.9.ffn_down.weight
create_tensor: loading tensor blk.9.ffn_up.weight
create_tensor: loading tensor blk.9.ffn_gate.bias
create_tensor: loading tensor blk.9.ffn_down.bias
create_tensor: loading tensor blk.9.ffn_up.bias
create_tensor: loading tensor blk.10.attn_norm.weight
create_tensor: loading tensor blk.10.attn_qkv.weight
create_tensor: loading tensor blk.10.attn_q.weight
create_tensor: loading tensor blk.10.attn_k.weight
create_tensor: loading tensor blk.10.attn_v.weight
create_tensor: loading tensor blk.10.attn_q.bias
create_tensor: loading tensor blk.10.attn_k.bias
create_tensor: loading tensor blk.10.attn_v.bias
create_tensor: loading tensor blk.10.attn_output.weight
create_tensor: loading tensor blk.10.attn_output.bias
create_tensor: loading tensor blk.10.ffn_norm.weight
create_tensor: loading tensor rope_freqs.weight
create_tensor: loading tensor blk.10.ffn_gate.weight
create_tensor: loading tensor blk.10.ffn_down.weight
create_tensor: loading tensor blk.10.ffn_up.weight
create_tensor: loading tensor blk.10.ffn_gate.bias
create_tensor: loading tensor blk.10.ffn_down.bias
create_tensor: loading tensor blk.10.ffn_up.bias
create_tensor: loading tensor blk.11.attn_norm.weight
create_tensor: loading tensor blk.11.attn_qkv.weight
create_tensor: loading tensor blk.11.attn_q.weight
create_tensor: loading tensor blk.11.attn_k.weight
create_tensor: loading tensor blk.11.attn_v.weight
create_tensor: loading tensor blk.11.attn_q.bias
create_tensor: loading tensor blk.11.attn_k.bias
create_tensor: loading tensor blk.11.attn_v.bias
create_tensor: loading tensor blk.11.attn_output.weight
create_tensor: loading tensor blk.11.attn_output.bias
create_tensor: loading tensor blk.11.ffn_norm.weight
create_tensor: loading tensor rope_freqs.weight
create_tensor: loading tensor blk.11.ffn_gate.weight
create_tensor: loading tensor blk.11.ffn_down.weight
create_tensor: loading tensor blk.11.ffn_up.weight
create_tensor: loading tensor blk.11.ffn_gate.bias
create_tensor: loading tensor blk.11.ffn_down.bias
create_tensor: loading tensor blk.11.ffn_up.bias
create_tensor: loading tensor blk.12.attn_norm.weight
create_tensor: loading tensor blk.12.attn_qkv.weight
create_tensor: loading tensor blk.12.attn_q.weight
create_tensor: loading tensor blk.12.attn_k.weight
create_tensor: loading tensor blk.12.attn_v.weight
create_tensor: loading tensor blk.12.attn_q.bias
create_tensor: loading tensor blk.12.attn_k.bias
create_tensor: loading tensor blk.12.attn_v.bias
create_tensor: loading tensor blk.12.attn_output.weight
create_tensor: loading tensor blk.12.attn_output.bias
create_tensor: loading tensor blk.12.ffn_norm.weight
create_tensor: loading tensor rope_freqs.weight
create_tensor: loading tensor blk.12.ffn_gate.weight
create_tensor: loading tensor blk.12.ffn_down.weight
create_tensor: loading tensor blk.12.ffn_up.weight
create_tensor: loading tensor blk.12.ffn_gate.bias
create_tensor: loading tensor blk.12.ffn_down.bias
create_tensor: loading tensor blk.12.ffn_up.bias
create_tensor: loading tensor blk.13.attn_norm.weight
create_tensor: loading tensor blk.13.attn_qkv.weight
create_tensor: loading tensor blk.13.attn_q.weight
create_tensor: loading tensor blk.13.attn_k.weight
create_tensor: loading tensor blk.13.attn_v.weight
create_tensor: loading tensor blk.13.attn_q.bias
create_tensor: loading tensor blk.13.attn_k.bias
create_tensor: loading tensor blk.13.attn_v.bias
create_tensor: loading tensor blk.13.attn_output.weight
create_tensor: loading tensor blk.13.attn_output.bias
create_tensor: loading tensor blk.13.ffn_norm.weight
create_tensor: loading tensor rope_freqs.weight
create_tensor: loading tensor blk.13.ffn_gate.weight
create_tensor: loading tensor blk.13.ffn_down.weight
create_tensor: loading tensor blk.13.ffn_up.weight
create_tensor: loading tensor blk.13.ffn_gate.bias
create_tensor: loading tensor blk.13.ffn_down.bias
create_tensor: loading tensor blk.13.ffn_up.bias
create_tensor: loading tensor blk.14.attn_norm.weight
create_tensor: loading tensor blk.14.attn_qkv.weight
create_tensor: loading tensor blk.14.attn_q.weight
create_tensor: loading tensor blk.14.attn_k.weight
create_tensor: loading tensor blk.14.attn_v.weight
create_tensor: loading tensor blk.14.attn_q.bias
create_tensor: loading tensor blk.14.attn_k.bias
create_tensor: loading tensor blk.14.attn_v.bias
create_tensor: loading tensor blk.14.attn_output.weight
create_tensor: loading tensor blk.14.attn_output.bias
create_tensor: loading tensor blk.14.ffn_norm.weight
create_tensor: loading tensor rope_freqs.weight
create_tensor: loading tensor blk.14.ffn_gate.weight
create_tensor: loading tensor blk.14.ffn_down.weight
create_tensor: loading tensor blk.14.ffn_up.weight
create_tensor: loading tensor blk.14.ffn_gate.bias
create_tensor: loading tensor blk.14.ffn_down.bias
create_tensor: loading tensor blk.14.ffn_up.bias
create_tensor: loading tensor blk.15.attn_norm.weight
create_tensor: loading tensor blk.15.attn_qkv.weight
create_tensor: loading tensor blk.15.attn_q.weight
create_tensor: loading tensor blk.15.attn_k.weight
create_tensor: loading tensor blk.15.attn_v.weight
create_tensor: loading tensor blk.15.attn_q.bias
create_tensor: loading tensor blk.15.attn_k.bias
create_tensor: loading tensor blk.15.attn_v.bias
create_tensor: loading tensor blk.15.attn_output.weight
create_tensor: loading tensor blk.15.attn_output.bias
create_tensor: loading tensor blk.15.ffn_norm.weight
create_tensor: loading tensor rope_freqs.weight
create_tensor: loading tensor blk.15.ffn_gate.weight
create_tensor: loading tensor blk.15.ffn_down.weight
create_tensor: loading tensor blk.15.ffn_up.weight
create_tensor: loading tensor blk.15.ffn_gate.bias
create_tensor: loading tensor blk.15.ffn_down.bias
create_tensor: loading tensor blk.15.ffn_up.bias
create_tensor: loading tensor blk.16.attn_norm.weight
create_tensor: loading tensor blk.16.attn_qkv.weight
create_tensor: loading tensor blk.16.attn_q.weight
create_tensor: loading tensor blk.16.attn_k.weight
create_tensor: loading tensor blk.16.attn_v.weight
create_tensor: loading tensor blk.16.attn_q.bias
create_tensor: loading tensor blk.16.attn_k.bias
create_tensor: loading tensor blk.16.attn_v.bias
create_tensor: loading tensor blk.16.attn_output.weight
create_tensor: loading tensor blk.16.attn_output.bias
create_tensor: loading tensor blk.16.ffn_norm.weight
create_tensor: loading tensor rope_freqs.weight
create_tensor: loading tensor blk.16.ffn_gate.weight
create_tensor: loading tensor blk.16.ffn_down.weight
create_tensor: loading tensor blk.16.ffn_up.weight
create_tensor: loading tensor blk.16.ffn_gate.bias
create_tensor: loading tensor blk.16.ffn_down.bias
create_tensor: loading tensor blk.16.ffn_up.bias
create_tensor: loading tensor blk.17.attn_norm.weight
create_tensor: loading tensor blk.17.attn_qkv.weight
create_tensor: loading tensor blk.17.attn_q.weight
create_tensor: loading tensor blk.17.attn_k.weight
create_tensor: loading tensor blk.17.attn_v.weight
create_tensor: loading tensor blk.17.attn_q.bias
create_tensor: loading tensor blk.17.attn_k.bias
create_tensor: loading tensor blk.17.attn_v.bias
create_tensor: loading tensor blk.17.attn_output.weight
create_tensor: loading tensor blk.17.attn_output.bias
create_tensor: loading tensor blk.17.ffn_norm.weight
create_tensor: loading tensor rope_freqs.weight
create_tensor: loading tensor blk.17.ffn_gate.weight
create_tensor: loading tensor blk.17.ffn_down.weight
create_tensor: loading tensor blk.17.ffn_up.weight
create_tensor: loading tensor blk.17.ffn_gate.bias
create_tensor: loading tensor blk.17.ffn_down.bias
create_tensor: loading tensor blk.17.ffn_up.bias
create_tensor: loading tensor blk.18.attn_norm.weight
create_tensor: loading tensor blk.18.attn_qkv.weight
create_tensor: loading tensor blk.18.attn_q.weight
create_tensor: loading tensor blk.18.attn_k.weight
create_tensor: loading tensor blk.18.attn_v.weight
create_tensor: loading tensor blk.18.attn_q.bias
create_tensor: loading tensor blk.18.attn_k.bias
create_tensor: loading tensor blk.18.attn_v.bias
create_tensor: loading tensor blk.18.attn_output.weight
create_tensor: loading tensor blk.18.attn_output.bias
create_tensor: loading tensor blk.18.ffn_norm.weight
create_tensor: loading tensor rope_freqs.weight
create_tensor: loading tensor blk.18.ffn_gate.weight
create_tensor: loading tensor blk.18.ffn_down.weight
create_tensor: loading tensor blk.18.ffn_up.weight
create_tensor: loading tensor blk.18.ffn_gate.bias
create_tensor: loading tensor blk.18.ffn_down.bias
create_tensor: loading tensor blk.18.ffn_up.bias
create_tensor: loading tensor blk.19.attn_norm.weight
create_tensor: loading tensor blk.19.attn_qkv.weight
create_tensor: loading tensor blk.19.attn_q.weight
create_tensor: loading tensor blk.19.attn_k.weight
create_tensor: loading tensor blk.19.attn_v.weight
create_tensor: loading tensor blk.19.attn_q.bias
create_tensor: loading tensor blk.19.attn_k.bias
create_tensor: loading tensor blk.19.attn_v.bias
create_tensor: loading tensor blk.19.attn_output.weight
create_tensor: loading tensor blk.19.attn_output.bias
create_tensor: loading tensor blk.19.ffn_norm.weight
create_tensor: loading tensor rope_freqs.weight
create_tensor: loading tensor blk.19.ffn_gate.weight
create_tensor: loading tensor blk.19.ffn_down.weight
create_tensor: loading tensor blk.19.ffn_up.weight
create_tensor: loading tensor blk.19.ffn_gate.bias
create_tensor: loading tensor blk.19.ffn_down.bias
create_tensor: loading tensor blk.19.ffn_up.bias
create_tensor: loading tensor blk.20.attn_norm.weight
create_tensor: loading tensor blk.20.attn_qkv.weight
create_tensor: loading tensor blk.20.attn_q.weight
create_tensor: loading tensor blk.20.attn_k.weight
create_tensor: loading tensor blk.20.attn_v.weight
create_tensor: loading tensor blk.20.attn_q.bias
create_tensor: loading tensor blk.20.attn_k.bias
create_tensor: loading tensor blk.20.attn_v.bias
create_tensor: loading tensor blk.20.attn_output.weight
create_tensor: loading tensor blk.20.attn_output.bias
create_tensor: loading tensor blk.20.ffn_norm.weight
create_tensor: loading tensor rope_freqs.weight
create_tensor: loading tensor blk.20.ffn_gate.weight
create_tensor: loading tensor blk.20.ffn_down.weight
create_tensor: loading tensor blk.20.ffn_up.weight
create_tensor: loading tensor blk.20.ffn_gate.bias
create_tensor: loading tensor blk.20.ffn_down.bias
create_tensor: loading tensor blk.20.ffn_up.bias
create_tensor: loading tensor blk.21.attn_norm.weight
create_tensor: loading tensor blk.21.attn_qkv.weight
create_tensor: loading tensor blk.21.attn_q.weight
create_tensor: loading tensor blk.21.attn_k.weight
create_tensor: loading tensor blk.21.attn_v.weight
create_tensor: loading tensor blk.21.attn_q.bias
create_tensor: loading tensor blk.21.attn_k.bias
create_tensor: loading tensor blk.21.attn_v.bias
create_tensor: loading tensor blk.21.attn_output.weight
create_tensor: loading tensor blk.21.attn_output.bias
create_tensor: loading tensor blk.21.ffn_norm.weight
create_tensor: loading tensor rope_freqs.weight
create_tensor: loading tensor blk.21.ffn_gate.weight
create_tensor: loading tensor blk.21.ffn_down.weight
create_tensor: loading tensor blk.21.ffn_up.weight
create_tensor: loading tensor blk.21.ffn_gate.bias
create_tensor: loading tensor blk.21.ffn_down.bias
create_tensor: loading tensor blk.21.ffn_up.bias
create_tensor: loading tensor blk.22.attn_norm.weight
create_tensor: loading tensor blk.22.attn_qkv.weight
create_tensor: loading tensor blk.22.attn_q.weight
create_tensor: loading tensor blk.22.attn_k.weight
create_tensor: loading tensor blk.22.attn_v.weight
create_tensor: loading tensor blk.22.attn_q.bias
create_tensor: loading tensor blk.22.attn_k.bias
create_tensor: loading tensor blk.22.attn_v.bias
create_tensor: loading tensor blk.22.attn_output.weight
create_tensor: loading tensor blk.22.attn_output.bias
create_tensor: loading tensor blk.22.ffn_norm.weight
create_tensor: loading tensor rope_freqs.weight
create_tensor: loading tensor blk.22.ffn_gate.weight
create_tensor: loading tensor blk.22.ffn_down.weight
create_tensor: loading tensor blk.22.ffn_up.weight
create_tensor: loading tensor blk.22.ffn_gate.bias
create_tensor: loading tensor blk.22.ffn_down.bias
create_tensor: loading tensor blk.22.ffn_up.bias
create_tensor: loading tensor blk.23.attn_norm.weight
create_tensor: loading tensor blk.23.attn_qkv.weight
create_tensor: loading tensor blk.23.attn_q.weight
create_tensor: loading tensor blk.23.attn_k.weight
create_tensor: loading tensor blk.23.attn_v.weight
create_tensor: loading tensor blk.23.attn_q.bias
create_tensor: loading tensor blk.23.attn_k.bias
create_tensor: loading tensor blk.23.attn_v.bias
create_tensor: loading tensor blk.23.attn_output.weight
create_tensor: loading tensor blk.23.attn_output.bias
create_tensor: loading tensor blk.23.ffn_norm.weight
create_tensor: loading tensor rope_freqs.weight
create_tensor: loading tensor blk.23.ffn_gate.weight
create_tensor: loading tensor blk.23.ffn_down.weight
create_tensor: loading tensor blk.23.ffn_up.weight
create_tensor: loading tensor blk.23.ffn_gate.bias
create_tensor: loading tensor blk.23.ffn_down.bias
create_tensor: loading tensor blk.23.ffn_up.bias
create_tensor: loading tensor blk.24.attn_norm.weight
create_tensor: loading tensor blk.24.attn_qkv.weight
create_tensor: loading tensor blk.24.attn_q.weight
create_tensor: loading tensor blk.24.attn_k.weight
create_tensor: loading tensor blk.24.attn_v.weight
create_tensor: loading tensor blk.24.attn_q.bias
create_tensor: loading tensor blk.24.attn_k.bias
create_tensor: loading tensor blk.24.attn_v.bias
create_tensor: loading tensor blk.24.attn_output.weight
create_tensor: loading tensor blk.24.attn_output.bias
create_tensor: loading tensor blk.24.ffn_norm.weight
create_tensor: loading tensor rope_freqs.weight
create_tensor: loading tensor blk.24.ffn_gate.weight
create_tensor: loading tensor blk.24.ffn_down.weight
create_tensor: loading tensor blk.24.ffn_up.weight
create_tensor: loading tensor blk.24.ffn_gate.bias
create_tensor: loading tensor blk.24.ffn_down.bias
create_tensor: loading tensor blk.24.ffn_up.bias
create_tensor: loading tensor blk.25.attn_norm.weight
create_tensor: loading tensor blk.25.attn_qkv.weight
create_tensor: loading tensor blk.25.attn_q.weight
create_tensor: loading tensor blk.25.attn_k.weight
create_tensor: loading tensor blk.25.attn_v.weight
create_tensor: loading tensor blk.25.attn_q.bias
create_tensor: loading tensor blk.25.attn_k.bias
create_tensor: loading tensor blk.25.attn_v.bias
create_tensor: loading tensor blk.25.attn_output.weight
create_tensor: loading tensor blk.25.attn_output.bias
create_tensor: loading tensor blk.25.ffn_norm.weight
create_tensor: loading tensor rope_freqs.weight
create_tensor: loading tensor blk.25.ffn_gate.weight
create_tensor: loading tensor blk.25.ffn_down.weight
create_tensor: loading tensor blk.25.ffn_up.weight
create_tensor: loading tensor blk.25.ffn_gate.bias
create_tensor: loading tensor blk.25.ffn_down.bias
create_tensor: loading tensor blk.25.ffn_up.bias
create_tensor: loading tensor blk.26.attn_norm.weight
create_tensor: loading tensor blk.26.attn_qkv.weight
create_tensor: loading tensor blk.26.attn_q.weight
create_tensor: loading tensor blk.26.attn_k.weight
create_tensor: loading tensor blk.26.attn_v.weight
create_tensor: loading tensor blk.26.attn_q.bias
create_tensor: loading tensor blk.26.attn_k.bias
create_tensor: loading tensor blk.26.attn_v.bias
create_tensor: loading tensor blk.26.attn_output.weight
create_tensor: loading tensor blk.26.attn_output.bias
create_tensor: loading tensor blk.26.ffn_norm.weight
create_tensor: loading tensor rope_freqs.weight
create_tensor: loading tensor blk.26.ffn_gate.weight
create_tensor: loading tensor blk.26.ffn_down.weight
create_tensor: loading tensor blk.26.ffn_up.weight
create_tensor: loading tensor blk.26.ffn_gate.bias
create_tensor: loading tensor blk.26.ffn_down.bias
create_tensor: loading tensor blk.26.ffn_up.bias
create_tensor: loading tensor blk.27.attn_norm.weight
create_tensor: loading tensor blk.27.attn_qkv.weight
create_tensor: loading tensor blk.27.attn_q.weight
create_tensor: loading tensor blk.27.attn_k.weight
create_tensor: loading tensor blk.27.attn_v.weight
create_tensor: loading tensor blk.27.attn_q.bias
create_tensor: loading tensor blk.27.attn_k.bias
create_tensor: loading tensor blk.27.attn_v.bias
create_tensor: loading tensor blk.27.attn_output.weight
create_tensor: loading tensor blk.27.attn_output.bias
create_tensor: loading tensor blk.27.ffn_norm.weight
create_tensor: loading tensor rope_freqs.weight
create_tensor: loading tensor blk.27.ffn_gate.weight
create_tensor: loading tensor blk.27.ffn_down.weight
create_tensor: loading tensor blk.27.ffn_up.weight
create_tensor: loading tensor blk.27.ffn_gate.bias
create_tensor: loading tensor blk.27.ffn_down.bias
create_tensor: loading tensor blk.27.ffn_up.bias
create_tensor: loading tensor blk.28.attn_norm.weight
create_tensor: loading tensor blk.28.attn_qkv.weight
create_tensor: loading tensor blk.28.attn_q.weight
create_tensor: loading tensor blk.28.attn_k.weight
create_tensor: loading tensor blk.28.attn_v.weight
create_tensor: loading tensor blk.28.attn_q.bias
create_tensor: loading tensor blk.28.attn_k.bias
create_tensor: loading tensor blk.28.attn_v.bias
create_tensor: loading tensor blk.28.attn_output.weight
create_tensor: loading tensor blk.28.attn_output.bias
create_tensor: loading tensor blk.28.ffn_norm.weight
create_tensor: loading tensor rope_freqs.weight
create_tensor: loading tensor blk.28.ffn_gate.weight
create_tensor: loading tensor blk.28.ffn_down.weight
create_tensor: loading tensor blk.28.ffn_up.weight
create_tensor: loading tensor blk.28.ffn_gate.bias
create_tensor: loading tensor blk.28.ffn_down.bias
create_tensor: loading tensor blk.28.ffn_up.bias
create_tensor: loading tensor blk.29.attn_norm.weight
create_tensor: loading tensor blk.29.attn_qkv.weight
create_tensor: loading tensor blk.29.attn_q.weight
create_tensor: loading tensor blk.29.attn_k.weight
create_tensor: loading tensor blk.29.attn_v.weight
create_tensor: loading tensor blk.29.attn_q.bias
create_tensor: loading tensor blk.29.attn_k.bias
create_tensor: loading tensor blk.29.attn_v.bias
create_tensor: loading tensor blk.29.attn_output.weight
create_tensor: loading tensor blk.29.attn_output.bias
create_tensor: loading tensor blk.29.ffn_norm.weight
create_tensor: loading tensor rope_freqs.weight
create_tensor: loading tensor blk.29.ffn_gate.weight
create_tensor: loading tensor blk.29.ffn_down.weight
create_tensor: loading tensor blk.29.ffn_up.weight
create_tensor: loading tensor blk.29.ffn_gate.bias
create_tensor: loading tensor blk.29.ffn_down.bias
create_tensor: loading tensor blk.29.ffn_up.bias
create_tensor: loading tensor blk.30.attn_norm.weight
create_tensor: loading tensor blk.30.attn_qkv.weight
create_tensor: loading tensor blk.30.attn_q.weight
create_tensor: loading tensor blk.30.attn_k.weight
create_tensor: loading tensor blk.30.attn_v.weight
create_tensor: loading tensor blk.30.attn_q.bias
create_tensor: loading tensor blk.30.attn_k.bias
create_tensor: loading tensor blk.30.attn_v.bias
create_tensor: loading tensor blk.30.attn_output.weight
create_tensor: loading tensor blk.30.attn_output.bias
create_tensor: loading tensor blk.30.ffn_norm.weight
create_tensor: loading tensor rope_freqs.weight
create_tensor: loading tensor blk.30.ffn_gate.weight
create_tensor: loading tensor blk.30.ffn_down.weight
create_tensor: loading tensor blk.30.ffn_up.weight
create_tensor: loading tensor blk.30.ffn_gate.bias
create_tensor: loading tensor blk.30.ffn_down.bias
create_tensor: loading tensor blk.30.ffn_up.bias
create_tensor: loading tensor blk.31.attn_norm.weight
create_tensor: loading tensor blk.31.attn_qkv.weight
create_tensor: loading tensor blk.31.attn_q.weight
create_tensor: loading tensor blk.31.attn_k.weight
create_tensor: loading tensor blk.31.attn_v.weight
create_tensor: loading tensor blk.31.attn_q.bias
create_tensor: loading tensor blk.31.attn_k.bias
create_tensor: loading tensor blk.31.attn_v.bias
create_tensor: loading tensor blk.31.attn_output.weight
create_tensor: loading tensor blk.31.attn_output.bias
create_tensor: loading tensor blk.31.ffn_norm.weight
create_tensor: loading tensor rope_freqs.weight
create_tensor: loading tensor blk.31.ffn_gate.weight
create_tensor: loading tensor blk.31.ffn_down.weight
create_tensor: loading tensor blk.31.ffn_up.weight
create_tensor: loading tensor blk.31.ffn_gate.bias
create_tensor: loading tensor blk.31.ffn_down.bias
create_tensor: loading tensor blk.31.ffn_up.bias
create_tensor: loading tensor blk.0.attn_q.scale
create_tensor: loading tensor blk.0.attn_k.scale
create_tensor: loading tensor blk.0.attn_v.scale
create_tensor: loading tensor blk.0.attn_output.scale
create_tensor: loading tensor blk.0.ffn_gate.scale
create_tensor: loading tensor blk.0.ffn_down.scale
create_tensor: loading tensor blk.0.ffn_up.scale
create_tensor: loading tensor blk.0.attn_q.input_scale
create_tensor: loading tensor blk.0.attn_k.input_scale
create_tensor: loading tensor blk.0.attn_v.input_scale
create_tensor: loading tensor blk.0.attn_output.input_scale
create_tensor: loading tensor blk.0.ffn_gate.input_scale
create_tensor: loading tensor blk.0.ffn_down.input_scale
create_tensor: loading tensor blk.0.ffn_up.input_scale
create_tensor: loading tensor blk.1.attn_q.scale
create_tensor: loading tensor blk.1.attn_k.scale
create_tensor: loading tensor blk.1.attn_v.scale
create_tensor: loading tensor blk.1.attn_output.scale
create_tensor: loading tensor blk.1.ffn_gate.scale
create_tensor: loading tensor blk.1.ffn_down.scale
create_tensor: loading tensor blk.1.ffn_up.scale
create_tensor: loading tensor blk.1.attn_q.input_scale
create_tensor: loading tensor blk.1.attn_k.input_scale
create_tensor: loading tensor blk.1.attn_v.input_scale
create_tensor: loading tensor blk.1.attn_output.input_scale
create_tensor: loading tensor blk.1.ffn_gate.input_scale
create_tensor: loading tensor blk.1.ffn_down.input_scale
create_tensor: loading tensor blk.1.ffn_up.input_scale
create_tensor: loading tensor blk.2.attn_q.scale
create_tensor: loading tensor blk.2.attn_k.scale
create_tensor: loading tensor blk.2.attn_v.scale
create_tensor: loading tensor blk.2.attn_output.scale
create_tensor: loading tensor blk.2.ffn_gate.scale
create_tensor: loading tensor blk.2.ffn_down.scale
create_tensor: loading tensor blk.2.ffn_up.scale
create_tensor: loading tensor blk.2.attn_q.input_scale
create_tensor: loading tensor blk.2.attn_k.input_scale
create_tensor: loading tensor blk.2.attn_v.input_scale
create_tensor: loading tensor blk.2.attn_output.input_scale
create_tensor: loading tensor blk.2.ffn_gate.input_scale
create_tensor: loading tensor blk.2.ffn_down.input_scale
create_tensor: loading tensor blk.2.ffn_up.input_scale
create_tensor: loading tensor blk.3.attn_q.scale
create_tensor: loading tensor blk.3.attn_k.scale
create_tensor: loading tensor blk.3.attn_v.scale
create_tensor: loading tensor blk.3.attn_output.scale
create_tensor: loading tensor blk.3.ffn_gate.scale
create_tensor: loading tensor blk.3.ffn_down.scale
create_tensor: loading tensor blk.3.ffn_up.scale
create_tensor: loading tensor blk.3.attn_q.input_scale
create_tensor: loading tensor blk.3.attn_k.input_scale
create_tensor: loading tensor blk.3.attn_v.input_scale
create_tensor: loading tensor blk.3.attn_output.input_scale
create_tensor: loading tensor blk.3.ffn_gate.input_scale
create_tensor: loading tensor blk.3.ffn_down.input_scale
create_tensor: loading tensor blk.3.ffn_up.input_scale
create_tensor: loading tensor blk.4.attn_q.scale
create_tensor: loading tensor blk.4.attn_k.scale
create_tensor: loading tensor blk.4.attn_v.scale
create_tensor: loading tensor blk.4.attn_output.scale
create_tensor: loading tensor blk.4.ffn_gate.scale
create_tensor: loading tensor blk.4.ffn_down.scale
create_tensor: loading tensor blk.4.ffn_up.scale
create_tensor: loading tensor blk.4.attn_q.input_scale
create_tensor: loading tensor blk.4.attn_k.input_scale
create_tensor: loading tensor blk.4.attn_v.input_scale
create_tensor: loading tensor blk.4.attn_output.input_scale
create_tensor: loading tensor blk.4.ffn_gate.input_scale
create_tensor: loading tensor blk.4.ffn_down.input_scale
create_tensor: loading tensor blk.4.ffn_up.input_scale
create_tensor: loading tensor blk.5.attn_q.scale
create_tensor: loading tensor blk.5.attn_k.scale
create_tensor: loading tensor blk.5.attn_v.scale
create_tensor: loading tensor blk.5.attn_output.scale
create_tensor: loading tensor blk.5.ffn_gate.scale
create_tensor: loading tensor blk.5.ffn_down.scale
create_tensor: loading tensor blk.5.ffn_up.scale
create_tensor: loading tensor blk.5.attn_q.input_scale
create_tensor: loading tensor blk.5.attn_k.input_scale
create_tensor: loading tensor blk.5.attn_v.input_scale
create_tensor: loading tensor blk.5.attn_output.input_scale
create_tensor: loading tensor blk.5.ffn_gate.input_scale
create_tensor: loading tensor blk.5.ffn_down.input_scale
create_tensor: loading tensor blk.5.ffn_up.input_scale
create_tensor: loading tensor blk.6.attn_q.scale
create_tensor: loading tensor blk.6.attn_k.scale
create_tensor: loading tensor blk.6.attn_v.scale
create_tensor: loading tensor blk.6.attn_output.scale
create_tensor: loading tensor blk.6.ffn_gate.scale
create_tensor: loading tensor blk.6.ffn_down.scale
create_tensor: loading tensor blk.6.ffn_up.scale
create_tensor: loading tensor blk.6.attn_q.input_scale
create_tensor: loading tensor blk.6.attn_k.input_scale
create_tensor: loading tensor blk.6.attn_v.input_scale
create_tensor: loading tensor blk.6.attn_output.input_scale
create_tensor: loading tensor blk.6.ffn_gate.input_scale
create_tensor: loading tensor blk.6.ffn_down.input_scale
create_tensor: loading tensor blk.6.ffn_up.input_scale
create_tensor: loading tensor blk.7.attn_q.scale
create_tensor: loading tensor blk.7.attn_k.scale
create_tensor: loading tensor blk.7.attn_v.scale
create_tensor: loading tensor blk.7.attn_output.scale
create_tensor: loading tensor blk.7.ffn_gate.scale
create_tensor: loading tensor blk.7.ffn_down.scale
create_tensor: loading tensor blk.7.ffn_up.scale
create_tensor: loading tensor blk.7.attn_q.input_scale
create_tensor: loading tensor blk.7.attn_k.input_scale
create_tensor: loading tensor blk.7.attn_v.input_scale
create_tensor: loading tensor blk.7.attn_output.input_scale
create_tensor: loading tensor blk.7.ffn_gate.input_scale
create_tensor: loading tensor blk.7.ffn_down.input_scale
create_tensor: loading tensor blk.7.ffn_up.input_scale
create_tensor: loading tensor blk.8.attn_q.scale
create_tensor: loading tensor blk.8.attn_k.scale
create_tensor: loading tensor blk.8.attn_v.scale
create_tensor: loading tensor blk.8.attn_output.scale
create_tensor: loading tensor blk.8.ffn_gate.scale
create_tensor: loading tensor blk.8.ffn_down.scale
create_tensor: loading tensor blk.8.ffn_up.scale
create_tensor: loading tensor blk.8.attn_q.input_scale
create_tensor: loading tensor blk.8.attn_k.input_scale
create_tensor: loading tensor blk.8.attn_v.input_scale
create_tensor: loading tensor blk.8.attn_output.input_scale
create_tensor: loading tensor blk.8.ffn_gate.input_scale
create_tensor: loading tensor blk.8.ffn_down.input_scale
create_tensor: loading tensor blk.8.ffn_up.input_scale
create_tensor: loading tensor blk.9.attn_q.scale
create_tensor: loading tensor blk.9.attn_k.scale
create_tensor: loading tensor blk.9.attn_v.scale
create_tensor: loading tensor blk.9.attn_output.scale
create_tensor: loading tensor blk.9.ffn_gate.scale
create_tensor: loading tensor blk.9.ffn_down.scale
create_tensor: loading tensor blk.9.ffn_up.scale
create_tensor: loading tensor blk.9.attn_q.input_scale
create_tensor: loading tensor blk.9.attn_k.input_scale
create_tensor: loading tensor blk.9.attn_v.input_scale
create_tensor: loading tensor blk.9.attn_output.input_scale
create_tensor: loading tensor blk.9.ffn_gate.input_scale
create_tensor: loading tensor blk.9.ffn_down.input_scale
create_tensor: loading tensor blk.9.ffn_up.input_scale
create_tensor: loading tensor blk.10.attn_q.scale
create_tensor: loading tensor blk.10.attn_k.scale
create_tensor: loading tensor blk.10.attn_v.scale
create_tensor: loading tensor blk.10.attn_output.scale
create_tensor: loading tensor blk.10.ffn_gate.scale
create_tensor: loading tensor blk.10.ffn_down.scale
create_tensor: loading tensor blk.10.ffn_up.scale
create_tensor: loading tensor blk.10.attn_q.input_scale
create_tensor: loading tensor blk.10.attn_k.input_scale
create_tensor: loading tensor blk.10.attn_v.input_scale
create_tensor: loading tensor blk.10.attn_output.input_scale
create_tensor: loading tensor blk.10.ffn_gate.input_scale
create_tensor: loading tensor blk.10.ffn_down.input_scale
create_tensor: loading tensor blk.10.ffn_up.input_scale
create_tensor: loading tensor blk.11.attn_q.scale
create_tensor: loading tensor blk.11.attn_k.scale
create_tensor: loading tensor blk.11.attn_v.scale
create_tensor: loading tensor blk.11.attn_output.scale
create_tensor: loading tensor blk.11.ffn_gate.scale
create_tensor: loading tensor blk.11.ffn_down.scale
create_tensor: loading tensor blk.11.ffn_up.scale
create_tensor: loading tensor blk.11.attn_q.input_scale
create_tensor: loading tensor blk.11.attn_k.input_scale
create_tensor: loading tensor blk.11.attn_v.input_scale
create_tensor: loading tensor blk.11.attn_output.input_scale
create_tensor: loading tensor blk.11.ffn_gate.input_scale
create_tensor: loading tensor blk.11.ffn_down.input_scale
create_tensor: loading tensor blk.11.ffn_up.input_scale
create_tensor: loading tensor blk.12.attn_q.scale
create_tensor: loading tensor blk.12.attn_k.scale
create_tensor: loading tensor blk.12.attn_v.scale
create_tensor: loading tensor blk.12.attn_output.scale
create_tensor: loading tensor blk.12.ffn_gate.scale
create_tensor: loading tensor blk.12.ffn_down.scale
create_tensor: loading tensor blk.12.ffn_up.scale
create_tensor: loading tensor blk.12.attn_q.input_scale
create_tensor: loading tensor blk.12.attn_k.input_scale
create_tensor: loading tensor blk.12.attn_v.input_scale
create_tensor: loading tensor blk.12.attn_output.input_scale
create_tensor: loading tensor blk.12.ffn_gate.input_scale
create_tensor: loading tensor blk.12.ffn_down.input_scale
create_tensor: loading tensor blk.12.ffn_up.input_scale
create_tensor: loading tensor blk.13.attn_q.scale
create_tensor: loading tensor blk.13.attn_k.scale
create_tensor: loading tensor blk.13.attn_v.scale
create_tensor: loading tensor blk.13.attn_output.scale
create_tensor: loading tensor blk.13.ffn_gate.scale
create_tensor: loading tensor blk.13.ffn_down.scale
create_tensor: loading tensor blk.13.ffn_up.scale
create_tensor: loading tensor blk.13.attn_q.input_scale
create_tensor: loading tensor blk.13.attn_k.input_scale
create_tensor: loading tensor blk.13.attn_v.input_scale
create_tensor: loading tensor blk.13.attn_output.input_scale
create_tensor: loading tensor blk.13.ffn_gate.input_scale
create_tensor: loading tensor blk.13.ffn_down.input_scale
create_tensor: loading tensor blk.13.ffn_up.input_scale
create_tensor: loading tensor blk.14.attn_q.scale
create_tensor: loading tensor blk.14.attn_k.scale
create_tensor: loading tensor blk.14.attn_v.scale
create_tensor: loading tensor blk.14.attn_output.scale
create_tensor: loading tensor blk.14.ffn_gate.scale
create_tensor: loading tensor blk.14.ffn_down.scale
create_tensor: loading tensor blk.14.ffn_up.scale
create_tensor: loading tensor blk.14.attn_q.input_scale
create_tensor: loading tensor blk.14.attn_k.input_scale
create_tensor: loading tensor blk.14.attn_v.input_scale
create_tensor: loading tensor blk.14.attn_output.input_scale
create_tensor: loading tensor blk.14.ffn_gate.input_scale
create_tensor: loading tensor blk.14.ffn_down.input_scale
create_tensor: loading tensor blk.14.ffn_up.input_scale
create_tensor: loading tensor blk.15.attn_q.scale
create_tensor: loading tensor blk.15.attn_k.scale
create_tensor: loading tensor blk.15.attn_v.scale
create_tensor: loading tensor blk.15.attn_output.scale
create_tensor: loading tensor blk.15.ffn_gate.scale
create_tensor: loading tensor blk.15.ffn_down.scale
create_tensor: loading tensor blk.15.ffn_up.scale
create_tensor: loading tensor blk.15.attn_q.input_scale
create_tensor: loading tensor blk.15.attn_k.input_scale
create_tensor: loading tensor blk.15.attn_v.input_scale
create_tensor: loading tensor blk.15.attn_output.input_scale
create_tensor: loading tensor blk.15.ffn_gate.input_scale
create_tensor: loading tensor blk.15.ffn_down.input_scale
create_tensor: loading tensor blk.15.ffn_up.input_scale
create_tensor: loading tensor blk.16.attn_q.scale
create_tensor: loading tensor blk.16.attn_k.scale
create_tensor: loading tensor blk.16.attn_v.scale
create_tensor: loading tensor blk.16.attn_output.scale
create_tensor: loading tensor blk.16.ffn_gate.scale
create_tensor: loading tensor blk.16.ffn_down.scale
create_tensor: loading tensor blk.16.ffn_up.scale
create_tensor: loading tensor blk.16.attn_q.input_scale
create_tensor: loading tensor blk.16.attn_k.input_scale
create_tensor: loading tensor blk.16.attn_v.input_scale
create_tensor: loading tensor blk.16.attn_output.input_scale
create_tensor: loading tensor blk.16.ffn_gate.input_scale
create_tensor: loading tensor blk.16.ffn_down.input_scale
create_tensor: loading tensor blk.16.ffn_up.input_scale
create_tensor: loading tensor blk.17.attn_q.scale
create_tensor: loading tensor blk.17.attn_k.scale
create_tensor: loading tensor blk.17.attn_v.scale
create_tensor: loading tensor blk.17.attn_output.scale
create_tensor: loading tensor blk.17.ffn_gate.scale
create_tensor: loading tensor blk.17.ffn_down.scale
create_tensor: loading tensor blk.17.ffn_up.scale
create_tensor: loading tensor blk.17.attn_q.input_scale
create_tensor: loading tensor blk.17.attn_k.input_scale
create_tensor: loading tensor blk.17.attn_v.input_scale
create_tensor: loading tensor blk.17.attn_output.input_scale
create_tensor: loading tensor blk.17.ffn_gate.input_scale
create_tensor: loading tensor blk.17.ffn_down.input_scale
create_tensor: loading tensor blk.17.ffn_up.input_scale
create_tensor: loading tensor blk.18.attn_q.scale
create_tensor: loading tensor blk.18.attn_k.scale
create_tensor: loading tensor blk.18.attn_v.scale
create_tensor: loading tensor blk.18.attn_output.scale
create_tensor: loading tensor blk.18.ffn_gate.scale
create_tensor: loading tensor blk.18.ffn_down.scale
create_tensor: loading tensor blk.18.ffn_up.scale
create_tensor: loading tensor blk.18.attn_q.input_scale
create_tensor: loading tensor blk.18.attn_k.input_scale
create_tensor: loading tensor blk.18.attn_v.input_scale
create_tensor: loading tensor blk.18.attn_output.input_scale
create_tensor: loading tensor blk.18.ffn_gate.input_scale
create_tensor: loading tensor blk.18.ffn_down.input_scale
create_tensor: loading tensor blk.18.ffn_up.input_scale
create_tensor: loading tensor blk.19.attn_q.scale
create_tensor: loading tensor blk.19.attn_k.scale
create_tensor: loading tensor blk.19.attn_v.scale
create_tensor: loading tensor blk.19.attn_output.scale
create_tensor: loading tensor blk.19.ffn_gate.scale
create_tensor: loading tensor blk.19.ffn_down.scale
create_tensor: loading tensor blk.19.ffn_up.scale
create_tensor: loading tensor blk.19.attn_q.input_scale
create_tensor: loading tensor blk.19.attn_k.input_scale
create_tensor: loading tensor blk.19.attn_v.input_scale
create_tensor: loading tensor blk.19.attn_output.input_scale
create_tensor: loading tensor blk.19.ffn_gate.input_scale
create_tensor: loading tensor blk.19.ffn_down.input_scale
create_tensor: loading tensor blk.19.ffn_up.input_scale
create_tensor: loading tensor blk.20.attn_q.scale
create_tensor: loading tensor blk.20.attn_k.scale
create_tensor: loading tensor blk.20.attn_v.scale
create_tensor: loading tensor blk.20.attn_output.scale
create_tensor: loading tensor blk.20.ffn_gate.scale
create_tensor: loading tensor blk.20.ffn_down.scale
create_tensor: loading tensor blk.20.ffn_up.scale
create_tensor: loading tensor blk.20.attn_q.input_scale
create_tensor: loading tensor blk.20.attn_k.input_scale
create_tensor: loading tensor blk.20.attn_v.input_scale
create_tensor: loading tensor blk.20.attn_output.input_scale
create_tensor: loading tensor blk.20.ffn_gate.input_scale
create_tensor: loading tensor blk.20.ffn_down.input_scale
create_tensor: loading tensor blk.20.ffn_up.input_scale
create_tensor: loading tensor blk.21.attn_q.scale
create_tensor: loading tensor blk.21.attn_k.scale
create_tensor: loading tensor blk.21.attn_v.scale
create_tensor: loading tensor blk.21.attn_output.scale
create_tensor: loading tensor blk.21.ffn_gate.scale
create_tensor: loading tensor blk.21.ffn_down.scale
create_tensor: loading tensor blk.21.ffn_up.scale
create_tensor: loading tensor blk.21.attn_q.input_scale
create_tensor: loading tensor blk.21.attn_k.input_scale
create_tensor: loading tensor blk.21.attn_v.input_scale
create_tensor: loading tensor blk.21.attn_output.input_scale
create_tensor: loading tensor blk.21.ffn_gate.input_scale
create_tensor: loading tensor blk.21.ffn_down.input_scale
create_tensor: loading tensor blk.21.ffn_up.input_scale
create_tensor: loading tensor blk.22.attn_q.scale
create_tensor: loading tensor blk.22.attn_k.scale
create_tensor: loading tensor blk.22.attn_v.scale
create_tensor: loading tensor blk.22.attn_output.scale
create_tensor: loading tensor blk.22.ffn_gate.scale
create_tensor: loading tensor blk.22.ffn_down.scale
create_tensor: loading tensor blk.22.ffn_up.scale
create_tensor: loading tensor blk.22.attn_q.input_scale
create_tensor: loading tensor blk.22.attn_k.input_scale
create_tensor: loading tensor blk.22.attn_v.input_scale
create_tensor: loading tensor blk.22.attn_output.input_scale
create_tensor: loading tensor blk.22.ffn_gate.input_scale
create_tensor: loading tensor blk.22.ffn_down.input_scale
create_tensor: loading tensor blk.22.ffn_up.input_scale
create_tensor: loading tensor blk.23.attn_q.scale
create_tensor: loading tensor blk.23.attn_k.scale
create_tensor: loading tensor blk.23.attn_v.scale
create_tensor: loading tensor blk.23.attn_output.scale
create_tensor: loading tensor blk.23.ffn_gate.scale
create_tensor: loading tensor blk.23.ffn_down.scale
create_tensor: loading tensor blk.23.ffn_up.scale
create_tensor: loading tensor blk.23.attn_q.input_scale
create_tensor: loading tensor blk.23.attn_k.input_scale
create_tensor: loading tensor blk.23.attn_v.input_scale
create_tensor: loading tensor blk.23.attn_output.input_scale
create_tensor: loading tensor blk.23.ffn_gate.input_scale
create_tensor: loading tensor blk.23.ffn_down.input_scale
create_tensor: loading tensor blk.23.ffn_up.input_scale
create_tensor: loading tensor blk.24.attn_q.scale
create_tensor: loading tensor blk.24.attn_k.scale
create_tensor: loading tensor blk.24.attn_v.scale
create_tensor: loading tensor blk.24.attn_output.scale
create_tensor: loading tensor blk.24.ffn_gate.scale
create_tensor: loading tensor blk.24.ffn_down.scale
create_tensor: loading tensor blk.24.ffn_up.scale
create_tensor: loading tensor blk.24.attn_q.input_scale
create_tensor: loading tensor blk.24.attn_k.input_scale
create_tensor: loading tensor blk.24.attn_v.input_scale
create_tensor: loading tensor blk.24.attn_output.input_scale
create_tensor: loading tensor blk.24.ffn_gate.input_scale
create_tensor: loading tensor blk.24.ffn_down.input_scale
create_tensor: loading tensor blk.24.ffn_up.input_scale
create_tensor: loading tensor blk.25.attn_q.scale
create_tensor: loading tensor blk.25.attn_k.scale
create_tensor: loading tensor blk.25.attn_v.scale
create_tensor: loading tensor blk.25.attn_output.scale
create_tensor: loading tensor blk.25.ffn_gate.scale
create_tensor: loading tensor blk.25.ffn_down.scale
create_tensor: loading tensor blk.25.ffn_up.scale
create_tensor: loading tensor blk.25.attn_q.input_scale
create_tensor: loading tensor blk.25.attn_k.input_scale
create_tensor: loading tensor blk.25.attn_v.input_scale
create_tensor: loading tensor blk.25.attn_output.input_scale
create_tensor: loading tensor blk.25.ffn_gate.input_scale
create_tensor: loading tensor blk.25.ffn_down.input_scale
create_tensor: loading tensor blk.25.ffn_up.input_scale
create_tensor: loading tensor blk.26.attn_q.scale
create_tensor: loading tensor blk.26.attn_k.scale
create_tensor: loading tensor blk.26.attn_v.scale
create_tensor: loading tensor blk.26.attn_output.scale
create_tensor: loading tensor blk.26.ffn_gate.scale
create_tensor: loading tensor blk.26.ffn_down.scale
create_tensor: loading tensor blk.26.ffn_up.scale
create_tensor: loading tensor blk.26.attn_q.input_scale
create_tensor: loading tensor blk.26.attn_k.input_scale
create_tensor: loading tensor blk.26.attn_v.input_scale
create_tensor: loading tensor blk.26.attn_output.input_scale
create_tensor: loading tensor blk.26.ffn_gate.input_scale
create_tensor: loading tensor blk.26.ffn_down.input_scale
create_tensor: loading tensor blk.26.ffn_up.input_scale
create_tensor: loading tensor blk.27.attn_q.scale
create_tensor: loading tensor blk.27.attn_k.scale
create_tensor: loading tensor blk.27.attn_v.scale
create_tensor: loading tensor blk.27.attn_output.scale
create_tensor: loading tensor blk.27.ffn_gate.scale
create_tensor: loading tensor blk.27.ffn_down.scale
create_tensor: loading tensor blk.27.ffn_up.scale
create_tensor: loading tensor blk.27.attn_q.input_scale
create_tensor: loading tensor blk.27.attn_k.input_scale
create_tensor: loading tensor blk.27.attn_v.input_scale
create_tensor: loading tensor blk.27.attn_output.input_scale
create_tensor: loading tensor blk.27.ffn_gate.input_scale
create_tensor: loading tensor blk.27.ffn_down.input_scale
create_tensor: loading tensor blk.27.ffn_up.input_scale
create_tensor: loading tensor blk.28.attn_q.scale
create_tensor: loading tensor blk.28.attn_k.scale
create_tensor: loading tensor blk.28.attn_v.scale
create_tensor: loading tensor blk.28.attn_output.scale
create_tensor: loading tensor blk.28.ffn_gate.scale
create_tensor: loading tensor blk.28.ffn_down.scale
create_tensor: loading tensor blk.28.ffn_up.scale
create_tensor: loading tensor blk.28.attn_q.input_scale
create_tensor: loading tensor blk.28.attn_k.input_scale
create_tensor: loading tensor blk.28.attn_v.input_scale
create_tensor: loading tensor blk.28.attn_output.input_scale
create_tensor: loading tensor blk.28.ffn_gate.input_scale
create_tensor: loading tensor blk.28.ffn_down.input_scale
create_tensor: loading tensor blk.28.ffn_up.input_scale
create_tensor: loading tensor blk.29.attn_q.scale
create_tensor: loading tensor blk.29.attn_k.scale
create_tensor: loading tensor blk.29.attn_v.scale
create_tensor: loading tensor blk.29.attn_output.scale
create_tensor: loading tensor blk.29.ffn_gate.scale
create_tensor: loading tensor blk.29.ffn_down.scale
create_tensor: loading tensor blk.29.ffn_up.scale
create_tensor: loading tensor blk.29.attn_q.input_scale
create_tensor: loading tensor blk.29.attn_k.input_scale
create_tensor: loading tensor blk.29.attn_v.input_scale
create_tensor: loading tensor blk.29.attn_output.input_scale
create_tensor: loading tensor blk.29.ffn_gate.input_scale
create_tensor: loading tensor blk.29.ffn_down.input_scale
create_tensor: loading tensor blk.29.ffn_up.input_scale
create_tensor: loading tensor blk.30.attn_q.scale
create_tensor: loading tensor blk.30.attn_k.scale
create_tensor: loading tensor blk.30.attn_v.scale
create_tensor: loading tensor blk.30.attn_output.scale
create_tensor: loading tensor blk.30.ffn_gate.scale
create_tensor: loading tensor blk.30.ffn_down.scale
create_tensor: loading tensor blk.30.ffn_up.scale
create_tensor: loading tensor blk.30.attn_q.input_scale
create_tensor: loading tensor blk.30.attn_k.input_scale
create_tensor: loading tensor blk.30.attn_v.input_scale
create_tensor: loading tensor blk.30.attn_output.input_scale
create_tensor: loading tensor blk.30.ffn_gate.input_scale
create_tensor: loading tensor blk.30.ffn_down.input_scale
create_tensor: loading tensor blk.30.ffn_up.input_scale
create_tensor: loading tensor blk.31.attn_q.scale
create_tensor: loading tensor blk.31.attn_k.scale
create_tensor: loading tensor blk.31.attn_v.scale
create_tensor: loading tensor blk.31.attn_output.scale
create_tensor: loading tensor blk.31.ffn_gate.scale
create_tensor: loading tensor blk.31.ffn_down.scale
create_tensor: loading tensor blk.31.ffn_up.scale
create_tensor: loading tensor blk.31.attn_q.input_scale
create_tensor: loading tensor blk.31.attn_k.input_scale
create_tensor: loading tensor blk.31.attn_v.input_scale
create_tensor: loading tensor blk.31.attn_output.input_scale
create_tensor: loading tensor blk.31.ffn_gate.input_scale
create_tensor: loading tensor blk.31.ffn_down.input_scale
create_tensor: loading tensor blk.31.ffn_up.input_scale
done_getting_tensors: tensor 'token_embd.weight' (q8_0) (and 65 others) cannot be used with preferred buffer type CPU_REPACK, using CPU instead
load_tensors:   CPU_Mapped model buffer size =   366.80 MiB
load_tensors:   CPU_REPACK model buffer size =   366.56 MiB
.repack: repack tensor token_embd.weight with q8_0_4x4
.repack: repack tensor blk.0.attn_q.weight with q8_0_4x4
repack: repack tensor blk.0.attn_k.weight with q8_0_4x4
repack: repack tensor blk.0.attn_v.weight with q8_0_4x4
repack: repack tensor blk.0.attn_output.weight with q8_0_4x4
repack: repack tensor blk.0.ffn_gate.weight with q8_0_4x4
.repack: repack tensor blk.0.ffn_down.weight with q8_0_4x4
repack: repack tensor blk.0.ffn_up.weight with q8_0_4x4
.repack: repack tensor blk.1.attn_q.weight with q8_0_4x4
repack: repack tensor blk.1.attn_k.weight with q8_0_4x4
repack: repack tensor blk.1.attn_v.weight with q8_0_4x4
repack: repack tensor blk.1.attn_output.weight with q8_0_4x4
.repack: repack tensor blk.1.ffn_gate.weight with q8_0_4x4
repack: repack tensor blk.1.ffn_down.weight with q8_0_4x4
.repack: repack tensor blk.1.ffn_up.weight with q8_0_4x4
repack: repack tensor blk.2.attn_q.weight with q8_0_4x4
.repack: repack tensor blk.2.attn_k.weight with q8_0_4x4
repack: repack tensor blk.2.attn_v.weight with q8_0_4x4
repack: repack tensor blk.2.attn_output.weight with q8_0_4x4
repack: repack tensor blk.2.ffn_gate.weight with q8_0_4x4
.repack: repack tensor blk.2.ffn_down.weight with q8_0_4x4
repack: repack tensor blk.2.ffn_up.weight with q8_0_4x4
.repack: repack tensor blk.3.attn_q.weight with q8_0_4x4
repack: repack tensor blk.3.attn_k.weight with q8_0_4x4
repack: repack tensor blk.3.attn_v.weight with q8_0_4x4
repack: repack tensor blk.3.attn_output.weight with q8_0_4x4
repack: repack tensor blk.3.ffn_gate.weight with q8_0_4x4
.repack: repack tensor blk.3.ffn_down.weight with q8_0_4x4
.repack: repack tensor blk.3.ffn_up.weight with q8_0_4x4
repack: repack tensor blk.4.attn_q.weight with q8_0_4x4
repack: repack tensor blk.4.attn_k.weight with q8_0_4x4
.repack: repack tensor blk.4.attn_v.weight with q8_0_4x4
repack: repack tensor blk.4.attn_output.weight with q8_0_4x4
repack: repack tensor blk.4.ffn_gate.weight with q8_0_4x4
repack: repack tensor blk.4.ffn_down.weight with q8_0_4x4
.repack: repack tensor blk.4.ffn_up.weight with q8_0_4x4
.repack: repack tensor blk.5.attn_q.weight with q8_0_4x4
repack: repack tensor blk.5.attn_k.weight with q8_0_4x4
repack: repack tensor blk.5.attn_v.weight with q8_0_4x4
repack: repack tensor blk.5.attn_output.weight with q8_0_4x4
repack: repack tensor blk.5.ffn_gate.weight with q8_0_4x4
.repack: repack tensor blk.5.ffn_down.weight with q8_0_4x4
repack: repack tensor blk.5.ffn_up.weight with q8_0_4x4
.repack: repack tensor blk.6.attn_q.weight with q8_0_4x4
repack: repack tensor blk.6.attn_k.weight with q8_0_4x4
repack: repack tensor blk.6.attn_v.weight with q8_0_4x4
repack: repack tensor blk.6.attn_output.weight with q8_0_4x4
.repack: repack tensor blk.6.ffn_gate.weight with q8_0_4x4
repack: repack tensor blk.6.ffn_down.weight with q8_0_4x4
.repack: repack tensor blk.6.ffn_up.weight with q8_0_4x4
repack: repack tensor blk.7.attn_q.weight with q8_0_4x4
.repack: repack tensor blk.7.attn_k.weight with q8_0_4x4
repack: repack tensor blk.7.attn_v.weight with q8_0_4x4
repack: repack tensor blk.7.attn_output.weight with q8_0_4x4
repack: repack tensor blk.7.ffn_gate.weight with q8_0_4x4
.repack: repack tensor blk.7.ffn_down.weight with q8_0_4x4
repack: repack tensor blk.7.ffn_up.weight with q8_0_4x4
.repack: repack tensor blk.8.attn_q.weight with q8_0_4x4
repack: repack tensor blk.8.attn_k.weight with q8_0_4x4
repack: repack tensor blk.8.attn_v.weight with q8_0_4x4
repack: repack tensor blk.8.attn_output.weight with q8_0_4x4
repack: repack tensor blk.8.ffn_gate.weight with q8_0_4x4
.repack: repack tensor blk.8.ffn_down.weight with q8_0_4x4
.repack: repack tensor blk.8.ffn_up.weight with q8_0_4x4
repack: repack tensor blk.9.attn_q.weight with q8_0_4x4
repack: repack tensor blk.9.attn_k.weight with q8_0_4x4
.repack: repack tensor blk.9.attn_v.weight with q8_0_4x4
repack: repack tensor blk.9.attn_output.weight with q8_0_4x4
repack: repack tensor blk.9.ffn_gate.weight with q8_0_4x4
repack: repack tensor blk.9.ffn_down.weight with q8_0_4x4
.repack: repack tensor blk.9.ffn_up.weight with q8_0_4x4
.repack: repack tensor blk.10.attn_q.weight with q8_0_4x4
repack: repack tensor blk.10.attn_k.weight with q8_0_4x4
repack: repack tensor blk.10.attn_v.weight with q8_0_4x4
repack: repack tensor blk.10.attn_output.weight with q8_0_4x4
repack: repack tensor blk.10.ffn_gate.weight with q8_0_4x4
.repack: repack tensor blk.10.ffn_down.weight with q8_0_4x4
repack: repack tensor blk.10.ffn_up.weight with q8_0_4x4
.repack: repack tensor blk.11.attn_q.weight with q8_0_4x4
repack: repack tensor blk.11.attn_k.weight with q8_0_4x4
repack: repack tensor blk.11.attn_v.weight with q8_0_4x4
repack: repack tensor blk.11.attn_output.weight with q8_0_4x4
.repack: repack tensor blk.11.ffn_gate.weight with q8_0_4x4
repack: repack tensor blk.11.ffn_down.weight with q8_0_4x4
.repack: repack tensor blk.11.ffn_up.weight with q8_0_4x4
repack: repack tensor blk.12.attn_q.weight with q8_0_4x4
.repack: repack tensor blk.12.attn_k.weight with q8_0_4x4
repack: repack tensor blk.12.attn_v.weight with q8_0_4x4
repack: repack tensor blk.12.attn_output.weight with q8_0_4x4
repack: repack tensor blk.12.ffn_gate.weight with q8_0_4x4
.repack: repack tensor blk.12.ffn_down.weight with q8_0_4x4
repack: repack tensor blk.12.ffn_up.weight with q8_0_4x4
.repack: repack tensor blk.13.attn_q.weight with q8_0_4x4
repack: repack tensor blk.13.attn_k.weight with q8_0_4x4
repack: repack tensor blk.13.attn_v.weight with q8_0_4x4
repack: repack tensor blk.13.attn_output.weight with q8_0_4x4
repack: repack tensor blk.13.ffn_gate.weight with q8_0_4x4
.repack: repack tensor blk.13.ffn_down.weight with q8_0_4x4
.repack: repack tensor blk.13.ffn_up.weight with q8_0_4x4
repack: repack tensor blk.14.attn_q.weight with q8_0_4x4
repack: repack tensor blk.14.attn_k.weight with q8_0_4x4
.repack: repack tensor blk.14.attn_v.weight with q8_0_4x4
repack: repack tensor blk.14.attn_output.weight with q8_0_4x4
repack: repack tensor blk.14.ffn_gate.weight with q8_0_4x4
repack: repack tensor blk.14.ffn_down.weight with q8_0_4x4
.repack: repack tensor blk.14.ffn_up.weight with q8_0_4x4
.repack: repack tensor blk.15.attn_q.weight with q8_0_4x4
repack: repack tensor blk.15.attn_k.weight with q8_0_4x4
repack: repack tensor blk.15.attn_v.weight with q8_0_4x4
repack: repack tensor blk.15.attn_output.weight with q8_0_4x4
repack: repack tensor blk.15.ffn_gate.weight with q8_0_4x4
.repack: repack tensor blk.15.ffn_down.weight with q8_0_4x4
repack: repack tensor blk.15.ffn_up.weight with q8_0_4x4
.repack: repack tensor blk.16.attn_q.weight with q8_0_4x4
repack: repack tensor blk.16.attn_k.weight with q8_0_4x4
repack: repack tensor blk.16.attn_v.weight with q8_0_4x4
repack: repack tensor blk.16.attn_output.weight with q8_0_4x4
.repack: repack tensor blk.16.ffn_gate.weight with q8_0_4x4
repack: repack tensor blk.16.ffn_down.weight with q8_0_4x4
.repack: repack tensor blk.16.ffn_up.weight with q8_0_4x4
repack: repack tensor blk.17.attn_q.weight with q8_0_4x4
.repack: repack tensor blk.17.attn_k.weight with q8_0_4x4
repack: repack tensor blk.17.attn_v.weight with q8_0_4x4
repack: repack tensor blk.17.attn_output.weight with q8_0_4x4
repack: repack tensor blk.17.ffn_gate.weight with q8_0_4x4
.repack: repack tensor blk.17.ffn_down.weight with q8_0_4x4
repack: repack tensor blk.17.ffn_up.weight with q8_0_4x4
.repack: repack tensor blk.18.attn_q.weight with q8_0_4x4
repack: repack tensor blk.18.attn_k.weight with q8_0_4x4
repack: repack tensor blk.18.attn_v.weight with q8_0_4x4
repack: repack tensor blk.18.attn_output.weight with q8_0_4x4
repack: repack tensor blk.18.ffn_gate.weight with q8_0_4x4
.repack: repack tensor blk.18.ffn_down.weight with q8_0_4x4
.repack: repack tensor blk.18.ffn_up.weight with q8_0_4x4
repack: repack tensor blk.19.attn_q.weight with q8_0_4x4
repack: repack tensor blk.19.attn_k.weight with q8_0_4x4
.repack: repack tensor blk.19.attn_v.weight with q8_0_4x4
repack: repack tensor blk.19.attn_output.weight with q8_0_4x4
repack: repack tensor blk.19.ffn_gate.weight with q8_0_4x4
repack: repack tensor blk.19.ffn_down.weight with q8_0_4x4
.repack: repack tensor blk.19.ffn_up.weight with q8_0_4x4
.repack: repack tensor blk.20.attn_q.weight with q8_0_4x4
repack: repack tensor blk.20.attn_k.weight with q8_0_4x4
repack: repack tensor blk.20.attn_v.weight with q8_0_4x4
repack: repack tensor blk.20.attn_output.weight with q8_0_4x4
repack: repack tensor blk.20.ffn_gate.weight with q8_0_4x4
.repack: repack tensor blk.20.ffn_down.weight with q8_0_4x4
repack: repack tensor blk.20.ffn_up.weight with q8_0_4x4
.repack: repack tensor blk.21.attn_q.weight with q8_0_4x4
repack: repack tensor blk.21.attn_k.weight with q8_0_4x4
repack: repack tensor blk.21.attn_v.weight with q8_0_4x4
repack: repack tensor blk.21.attn_output.weight with q8_0_4x4
.repack: repack tensor blk.21.ffn_gate.weight with q8_0_4x4
repack: repack tensor blk.21.ffn_down.weight with q8_0_4x4
.repack: repack tensor blk.21.ffn_up.weight with q8_0_4x4
repack: repack tensor blk.22.attn_q.weight with q8_0_4x4
.repack: repack tensor blk.22.attn_k.weight with q8_0_4x4
repack: repack tensor blk.22.attn_v.weight with q8_0_4x4
repack: repack tensor blk.22.attn_output.weight with q8_0_4x4
repack: repack tensor blk.22.ffn_gate.weight with q8_0_4x4
.repack: repack tensor blk.22.ffn_down.weight with q8_0_4x4
repack: repack tensor blk.22.ffn_up.weight with q8_0_4x4
.repack: repack tensor blk.23.attn_q.weight with q8_0_4x4
repack: repack tensor blk.23.attn_k.weight with q8_0_4x4
repack: repack tensor blk.23.attn_v.weight with q8_0_4x4
repack: repack tensor blk.23.attn_output.weight with q8_0_4x4
repack: repack tensor blk.23.ffn_gate.weight with q8_0_4x4
.repack: repack tensor blk.23.ffn_down.weight with q8_0_4x4
.repack: repack tensor blk.23.ffn_up.weight with q8_0_4x4
repack: repack tensor blk.24.attn_q.weight with q8_0_4x4
.repack: repack tensor blk.24.attn_k.weight with q8_0_4x4
repack: repack tensor blk.24.attn_v.weight with q8_0_4x4
repack: repack tensor blk.24.attn_output.weight with q8_0_4x4
repack: repack tensor blk.24.ffn_gate.weight with q8_0_4x4
repack: repack tensor blk.24.ffn_down.weight with q8_0_4x4
.repack: repack tensor blk.24.ffn_up.weight with q8_0_4x4
.repack: repack tensor blk.25.attn_q.weight with q8_0_4x4
repack: repack tensor blk.25.attn_k.weight with q8_0_4x4
repack: repack tensor blk.25.attn_v.weight with q8_0_4x4
repack: repack tensor blk.25.attn_output.weight with q8_0_4x4
repack: repack tensor blk.25.ffn_gate.weight with q8_0_4x4
.repack: repack tensor blk.25.ffn_down.weight with q8_0_4x4
repack: repack tensor blk.25.ffn_up.weight with q8_0_4x4
.repack: repack tensor blk.26.attn_q.weight with q8_0_4x4
repack: repack tensor blk.26.attn_k.weight with q8_0_4x4
repack: repack tensor blk.26.attn_v.weight with q8_0_4x4
repack: repack tensor blk.26.attn_output.weight with q8_0_4x4
.repack: repack tensor blk.26.ffn_gate.weight with q8_0_4x4
repack: repack tensor blk.26.ffn_down.weight with q8_0_4x4
.repack: repack tensor blk.26.ffn_up.weight with q8_0_4x4
repack: repack tensor blk.27.attn_q.weight with q8_0_4x4
.repack: repack tensor blk.27.attn_k.weight with q8_0_4x4
repack: repack tensor blk.27.attn_v.weight with q8_0_4x4
repack: repack tensor blk.27.attn_output.weight with q8_0_4x4
repack: repack tensor blk.27.ffn_gate.weight with q8_0_4x4
.repack: repack tensor blk.27.ffn_down.weight with q8_0_4x4
repack: repack tensor blk.27.ffn_up.weight with q8_0_4x4
.repack: repack tensor blk.28.attn_q.weight with q8_0_4x4
repack: repack tensor blk.28.attn_k.weight with q8_0_4x4
repack: repack tensor blk.28.attn_v.weight with q8_0_4x4
repack: repack tensor blk.28.attn_output.weight with q8_0_4x4
repack: repack tensor blk.28.ffn_gate.weight with q8_0_4x4
.repack: repack tensor blk.28.ffn_down.weight with q8_0_4x4
.repack: repack tensor blk.28.ffn_up.weight with q8_0_4x4
repack: repack tensor blk.29.attn_q.weight with q8_0_4x4
.repack: repack tensor blk.29.attn_k.weight with q8_0_4x4
repack: repack tensor blk.29.attn_v.weight with q8_0_4x4
repack: repack tensor blk.29.attn_output.weight with q8_0_4x4
repack: repack tensor blk.29.ffn_gate.weight with q8_0_4x4
repack: repack tensor blk.29.ffn_down.weight with q8_0_4x4
.repack: repack tensor blk.29.ffn_up.weight with q8_0_4x4
.repack: repack tensor blk.30.attn_q.weight with q8_0_4x4
repack: repack tensor blk.30.attn_k.weight with q8_0_4x4
repack: repack tensor blk.30.attn_v.weight with q8_0_4x4
repack: repack tensor blk.30.attn_output.weight with q8_0_4x4
repack: repack tensor blk.30.ffn_gate.weight with q8_0_4x4
.repack: repack tensor blk.30.ffn_down.weight with q8_0_4x4
repack: repack tensor blk.30.ffn_up.weight with q8_0_4x4
.repack: repack tensor blk.31.attn_q.weight with q8_0_4x4
repack: repack tensor blk.31.attn_k.weight with q8_0_4x4
repack: repack tensor blk.31.attn_v.weight with q8_0_4x4
repack: repack tensor blk.31.attn_output.weight with q8_0_4x4
.repack: repack tensor blk.31.ffn_gate.weight with q8_0_4x4
repack: repack tensor blk.31.ffn_down.weight with q8_0_4x4
.repack: repack tensor blk.31.ffn_up.weight with q8_0_4x4
.
llama_init_from_model: model default pooling_type is [-1], but [0] was specified
llama_context: constructing llama_context
llama_context: n_seq_max             = 8
llama_context: n_ctx                 = 4096
llama_context: n_ctx_seq             = 512
llama_context: n_batch               = 512
llama_context: n_ubatch              = 128
llama_context: causal_attn           = 1
llama_context: flash_attn            = auto
llama_context: kv_unified            = false
llama_context: freq_base             = 100000.0
llama_context: freq_scale            = 1
llama_context: n_rs_seq              = 0
llama_context: n_outputs_max         = 8
llama_context: n_outputs_max_per_seq = 1
llama_context: n_ctx_seq (512) < n_ctx_train (8192) -- the full capacity of the model will not be utilized
set_abort_callback: call
llama_context:        CPU  output buffer size =     1.50 MiB
llama_kv_cache: layer   0: dev = CPU
llama_kv_cache: layer   1: dev = CPU
llama_kv_cache: layer   2: dev = CPU
llama_kv_cache: layer   3: dev = CPU
llama_kv_cache: layer   4: dev = CPU
llama_kv_cache: layer   5: dev = CPU
llama_kv_cache: layer   6: dev = CPU
llama_kv_cache: layer   7: dev = CPU
llama_kv_cache: layer   8: dev = CPU
llama_kv_cache: layer   9: dev = CPU
llama_kv_cache: layer  10: dev = CPU
llama_kv_cache: layer  11: dev = CPU
llama_kv_cache: layer  12: dev = CPU
llama_kv_cache: layer  13: dev = CPU
llama_kv_cache: layer  14: dev = CPU
llama_kv_cache: layer  15: dev = CPU
llama_kv_cache: layer  16: dev = CPU
llama_kv_cache: layer  17: dev = CPU
llama_kv_cache: layer  18: dev = CPU
llama_kv_cache: layer  19: dev = CPU
llama_kv_cache: layer  20: dev = CPU
llama_kv_cache: layer  21: dev = CPU
llama_kv_cache: layer  22: dev = CPU
llama_kv_cache: layer  23: dev = CPU
llama_kv_cache: layer  24: dev = CPU
llama_kv_cache: layer  25: dev = CPU
llama_kv_cache: layer  26: dev = CPU
llama_kv_cache: layer  27: dev = CPU
llama_kv_cache: layer  28: dev = CPU
llama_kv_cache: layer  29: dev = CPU
llama_kv_cache: layer  30: dev = CPU
llama_kv_cache: layer  31: dev = CPU
llama_kv_cache:        CPU KV buffer size =   160.00 MiB
llama_kv_cache: size =  160.00 MiB (   512 cells,  32 layers,  8/8 seqs), K (f16):   80.00 MiB, V (f16):   80.00 MiB
llama_kv_cache: attn_rot_k = 0, n_embd_head_k_all = 64
llama_kv_cache: attn_rot_v = 0, n_embd_head_k_all = 64
llama_context: enumerating backends
llama_context: backend_ptrs.size() = 1
sched_reserve: reserving ...
sched_reserve: max_nodes = 2328
sched_reserve: reserving full memory module
sched_reserve: worst-case: n_tokens = 128, n_seqs = 8, n_outputs = 8
graph_reserve: reserving a graph for ubatch with n_tokens =    8, n_seqs =  8, n_outputs =    8
resolve_fused_ops: Flash Attention enabled
resolve_fused_ops: resolving fused DeepSeek V4 HC support:
graph_reserve: reserving a graph for ubatch with n_tokens =    8, n_seqs =  8, n_outputs =    8
resolve_fused_ops: fused DeepSeek V4 HC pre enabled
graph_reserve: reserving a graph for ubatch with n_tokens =    8, n_seqs =  8, n_outputs =    8
resolve_fused_ops: fused DeepSeek V4 HC comb enabled
graph_reserve: reserving a graph for ubatch with n_tokens =    8, n_seqs =  8, n_outputs =    8
resolve_fused_ops: fused DeepSeek V4 HC post enabled
graph_reserve: reserving a graph for ubatch with n_tokens =  128, n_seqs =  8, n_outputs =    8
graph_reserve: reserving a graph for ubatch with n_tokens =    8, n_seqs =  8, n_outputs =    8
graph_reserve: reserving a graph for ubatch with n_tokens =  128, n_seqs =  8, n_outputs =    8
sched_reserve:        CPU compute buffer size =     5.75 MiB
sched_reserve: graph nodes  = 1062
sched_reserve: graph splits = 1
sched_reserve: reserve took 1.16 ms, sched copies = 1
llama_init_from_model: model default pooling_type is [-1], but [0] was specified
llama_context: constructing llama_context
llama_context: n_seq_max             = 8
llama_context: n_ctx                 = 4096
llama_context: n_ctx_seq             = 512
llama_context: n_batch               = 512
llama_context: n_ubatch              = 128
llama_context: causal_attn           = 1
llama_context: flash_attn            = auto
llama_context: kv_unified            = false
llama_context: freq_base             = 100000.0
llama_context: freq_scale            = 1
llama_context: n_rs_seq              = 0
llama_context: n_outputs_max         = 8
llama_context: n_outputs_max_per_seq = 1
llama_context: n_ctx_seq (512) < n_ctx_train (8192) -- the full capacity of the model will not be utilized
set_abort_callback: call
llama_context:        CPU  output buffer size =     1.50 MiB
llama_kv_cache: layer   0: dev = CPU
llama_kv_cache: layer   1: dev = CPU
llama_kv_cache: layer   2: dev = CPU
llama_kv_cache: layer   3: dev = CPU
llama_kv_cache: layer   4: dev = CPU
llama_kv_cache: layer   5: dev = CPU
llama_kv_cache: layer   6: dev = CPU
llama_kv_cache: layer   7: dev = CPU
llama_kv_cache: layer   8: dev = CPU
llama_kv_cache: layer   9: dev = CPU
llama_kv_cache: layer  10: dev = CPU
llama_kv_cache: layer  11: dev = CPU
llama_kv_cache: layer  12: dev = CPU
llama_kv_cache: layer  13: dev = CPU
llama_kv_cache: layer  14: dev = CPU
llama_kv_cache: layer  15: dev = CPU
llama_kv_cache: layer  16: dev = CPU
llama_kv_cache: layer  17: dev = CPU
llama_kv_cache: layer  18: dev = CPU
llama_kv_cache: layer  19: dev = CPU
llama_kv_cache: layer  20: dev = CPU
llama_kv_cache: layer  21: dev = CPU
llama_kv_cache: layer  22: dev = CPU
llama_kv_cache: layer  23: dev = CPU
llama_kv_cache: layer  24: dev = CPU
llama_kv_cache: layer  25: dev = CPU
llama_kv_cache: layer  26: dev = CPU
llama_kv_cache: layer  27: dev = CPU
llama_kv_cache: layer  28: dev = CPU
llama_kv_cache: layer  29: dev = CPU
llama_kv_cache: layer  30: dev = CPU
llama_kv_cache: layer  31: dev = CPU
llama_kv_cache:        CPU KV buffer size =   160.00 MiB
llama_kv_cache: size =  160.00 MiB (   512 cells,  32 layers,  8/8 seqs), K (f16):   80.00 MiB, V (f16):   80.00 MiB
llama_kv_cache: attn_rot_k = 0, n_embd_head_k_all = 64
llama_kv_cache: attn_rot_v = 0, n_embd_head_k_all = 64
llama_context: enumerating backends
llama_context: backend_ptrs.size() = 1
sched_reserve: reserving ...
sched_reserve: max_nodes = 2328
sched_reserve: reserving full memory module
sched_reserve: worst-case: n_tokens = 128, n_seqs = 8, n_outputs = 8
graph_reserve: reserving a graph for ubatch with n_tokens =    8, n_seqs =  8, n_outputs =    8
resolve_fused_ops: Flash Attention enabled
resolve_fused_ops: resolving fused DeepSeek V4 HC support:
graph_reserve: reserving a graph for ubatch with n_tokens =    8, n_seqs =  8, n_outputs =    8
resolve_fused_ops: fused DeepSeek V4 HC pre enabled
graph_reserve: reserving a graph for ubatch with n_tokens =    8, n_seqs =  8, n_outputs =    8
resolve_fused_ops: fused DeepSeek V4 HC comb enabled
graph_reserve: reserving a graph for ubatch with n_tokens =    8, n_seqs =  8, n_outputs =    8
resolve_fused_ops: fused DeepSeek V4 HC post enabled
graph_reserve: reserving a graph for ubatch with n_tokens =  128, n_seqs =  8, n_outputs =    8
graph_reserve: reserving a graph for ubatch with n_tokens =    8, n_seqs =  8, n_outputs =    8
graph_reserve: reserving a graph for ubatch with n_tokens =  128, n_seqs =  8, n_outputs =    8
sched_reserve:        CPU compute buffer size =     5.75 MiB
sched_reserve: graph nodes  = 1062
sched_reserve: graph splits = 1
sched_reserve: reserve took 1.17 ms, sched copies = 1
llama_init_from_model: model default pooling_type is [-1], but [0] was specified
llama_context: constructing llama_context
llama_context: n_seq_max             = 8
llama_context: n_ctx                 = 4096
llama_context: n_ctx_seq             = 512
llama_context: n_batch               = 512
llama_context: n_ubatch              = 128
llama_context: causal_attn           = 1
llama_context: flash_attn            = auto
llama_context: kv_unified            = false
llama_context: freq_base             = 100000.0
llama_context: freq_scale            = 1
llama_context: n_rs_seq              = 0
llama_context: n_outputs_max         = 8
llama_context: n_outputs_max_per_seq = 1
llama_context: n_ctx_seq (512) < n_ctx_train (8192) -- the full capacity of the model will not be utilized
set_abort_callback: call
llama_context:        CPU  output buffer size =     1.50 MiB
llama_kv_cache: layer   0: dev = CPU
llama_kv_cache: layer   1: dev = CPU
llama_kv_cache: layer   2: dev = CPU
llama_kv_cache: layer   3: dev = CPU
llama_kv_cache: layer   4: dev = CPU
llama_kv_cache: layer   5: dev = CPU
llama_kv_cache: layer   6: dev = CPU
llama_kv_cache: layer   7: dev = CPU
llama_kv_cache: layer   8: dev = CPU
llama_kv_cache: layer   9: dev = CPU
llama_kv_cache: layer  10: dev = CPU
llama_kv_cache: layer  11: dev = CPU
llama_kv_cache: layer  12: dev = CPU
llama_kv_cache: layer  13: dev = CPU
llama_kv_cache: layer  14: dev = CPU
llama_kv_cache: layer  15: dev = CPU
llama_kv_cache: layer  16: dev = CPU
llama_kv_cache: layer  17: dev = CPU
llama_kv_cache: layer  18: dev = CPU
llama_kv_cache: layer  19: dev = CPU
llama_kv_cache: layer  20: dev = CPU
llama_kv_cache: layer  21: dev = CPU
llama_kv_cache: layer  22: dev = CPU
llama_kv_cache: layer  23: dev = CPU
llama_kv_cache: layer  24: dev = CPU
llama_kv_cache: layer  25: dev = CPU
llama_kv_cache: layer  26: dev = CPU
llama_kv_cache: layer  27: dev = CPU
llama_kv_cache: layer  28: dev = CPU
llama_kv_cache: layer  29: dev = CPU
llama_kv_cache: layer  30: dev = CPU
llama_kv_cache: layer  31: dev = CPU
llama_kv_cache:        CPU KV buffer size =   160.00 MiB
llama_kv_cache: size =  160.00 MiB (   512 cells,  32 layers,  8/8 seqs), K (f16):   80.00 MiB, V (f16):   80.00 MiB
llama_kv_cache: attn_rot_k = 0, n_embd_head_k_all = 64
llama_kv_cache: attn_rot_v = 0, n_embd_head_k_all = 64
llama_context: enumerating backends
llama_context: backend_ptrs.size() = 1
sched_reserve: reserving ...
sched_reserve: max_nodes = 2328
sched_reserve: reserving full memory module
sched_reserve: worst-case: n_tokens = 128, n_seqs = 8, n_outputs = 8
graph_reserve: reserving a graph for ubatch with n_tokens =    8, n_seqs =  8, n_outputs =    8
resolve_fused_ops: Flash Attention enabled
resolve_fused_ops: resolving fused DeepSeek V4 HC support:
graph_reserve: reserving a graph for ubatch with n_tokens =    8, n_seqs =  8, n_outputs =    8
resolve_fused_ops: fused DeepSeek V4 HC pre enabled
graph_reserve: reserving a graph for ubatch with n_tokens =    8, n_seqs =  8, n_outputs =    8
resolve_fused_ops: fused DeepSeek V4 HC comb enabled
graph_reserve: reserving a graph for ubatch with n_tokens =    8, n_seqs =  8, n_outputs =    8
resolve_fused_ops: fused DeepSeek V4 HC post enabled
graph_reserve: reserving a graph for ubatch with n_tokens =  128, n_seqs =  8, n_outputs =    8
graph_reserve: reserving a graph for ubatch with n_tokens =    8, n_seqs =  8, n_outputs =    8
graph_reserve: reserving a graph for ubatch with n_tokens =  128, n_seqs =  8, n_outputs =    8
sched_reserve:        CPU compute buffer size =     5.75 MiB
sched_reserve: graph nodes  = 1062
sched_reserve: graph splits = 1
sched_reserve: reserve took 1.29 ms, sched copies = 1
llama_init_from_model: model default pooling_type is [-1], but [0] was specified
llama_context: constructing llama_context
llama_context: n_seq_max             = 8
llama_context: n_ctx                 = 4096
llama_context: n_ctx_seq             = 512
llama_context: n_batch               = 512
llama_context: n_ubatch              = 128
llama_context: causal_attn           = 1
llama_context: flash_attn            = auto
llama_context: kv_unified            = false
llama_context: freq_base             = 100000.0
llama_context: freq_scale            = 1
llama_context: n_rs_seq              = 0
llama_context: n_outputs_max         = 8
llama_context: n_outputs_max_per_seq = 1
llama_context: n_ctx_seq (512) < n_ctx_train (8192) -- the full capacity of the model will not be utilized
set_abort_callback: call
llama_context:        CPU  output buffer size =     1.50 MiB
llama_kv_cache: layer   0: dev = CPU
llama_kv_cache: layer   1: dev = CPU
llama_kv_cache: layer   2: dev = CPU
llama_kv_cache: layer   3: dev = CPU
llama_kv_cache: layer   4: dev = CPU
llama_kv_cache: layer   5: dev = CPU
llama_kv_cache: layer   6: dev = CPU
llama_kv_cache: layer   7: dev = CPU
llama_kv_cache: layer   8: dev = CPU
llama_kv_cache: layer   9: dev = CPU
llama_kv_cache: layer  10: dev = CPU
llama_kv_cache: layer  11: dev = CPU
llama_kv_cache: layer  12: dev = CPU
llama_kv_cache: layer  13: dev = CPU
llama_kv_cache: layer  14: dev = CPU
llama_kv_cache: layer  15: dev = CPU
llama_kv_cache: layer  16: dev = CPU
llama_kv_cache: layer  17: dev = CPU
llama_kv_cache: layer  18: dev = CPU
llama_kv_cache: layer  19: dev = CPU
llama_kv_cache: layer  20: dev = CPU
llama_kv_cache: layer  21: dev = CPU
llama_kv_cache: layer  22: dev = CPU
llama_kv_cache: layer  23: dev = CPU
llama_kv_cache: layer  24: dev = CPU
llama_kv_cache: layer  25: dev = CPU
llama_kv_cache: layer  26: dev = CPU
llama_kv_cache: layer  27: dev = CPU
llama_kv_cache: layer  28: dev = CPU
llama_kv_cache: layer  29: dev = CPU
llama_kv_cache: layer  30: dev = CPU
llama_kv_cache: layer  31: dev = CPU
llama_kv_cache:        CPU KV buffer size =   160.00 MiB
llama_kv_cache: size =  160.00 MiB (   512 cells,  32 layers,  8/8 seqs), K (f16):   80.00 MiB, V (f16):   80.00 MiB
llama_kv_cache: attn_rot_k = 0, n_embd_head_k_all = 64
llama_kv_cache: attn_rot_v = 0, n_embd_head_k_all = 64
llama_context: enumerating backends
llama_context: backend_ptrs.size() = 1
sched_reserve: reserving ...
sched_reserve: max_nodes = 2328
sched_reserve: reserving full memory module
sched_reserve: worst-case: n_tokens = 128, n_seqs = 8, n_outputs = 8
graph_reserve: reserving a graph for ubatch with n_tokens =    8, n_seqs =  8, n_outputs =    8
resolve_fused_ops: Flash Attention enabled
resolve_fused_ops: resolving fused DeepSeek V4 HC support:
graph_reserve: reserving a graph for ubatch with n_tokens =    8, n_seqs =  8, n_outputs =    8
resolve_fused_ops: fused DeepSeek V4 HC pre enabled
graph_reserve: reserving a graph for ubatch with n_tokens =    8, n_seqs =  8, n_outputs =    8
resolve_fused_ops: fused DeepSeek V4 HC comb enabled
graph_reserve: reserving a graph for ubatch with n_tokens =    8, n_seqs =  8, n_outputs =    8
resolve_fused_ops: fused DeepSeek V4 HC post enabled
graph_reserve: reserving a graph for ubatch with n_tokens =  128, n_seqs =  8, n_outputs =    8
graph_reserve: reserving a graph for ubatch with n_tokens =    8, n_seqs =  8, n_outputs =    8
graph_reserve: reserving a graph for ubatch with n_tokens =  128, n_seqs =  8, n_outputs =    8
sched_reserve:        CPU compute buffer size =     5.75 MiB
sched_reserve: graph nodes  = 1062
sched_reserve: graph splits = 1
sched_reserve: reserve took 1.20 ms, sched copies = 1
set_abort_callback: call
graph_compute: ggml_backend_sched_graph_compute_async failed with error 1
process_ubatch: failed to compute graph, compute status: 1
decode: removing memory module entries for seq_id = 0, pos = [0, +inf)
decode: removing memory module entries for seq_id = 1, pos = [0, +inf)
decode: removing memory module entries for seq_id = 2, pos = [0, +inf)
decode: removing memory module entries for seq_id = 3, pos = [0, +inf)
llama_decode: failed to decode, ret = 2
set_abort_callback: call
set_abort_callback: call
graph_compute: ggml_backend_sched_graph_compute_async failed with error 1
process_ubatch: failed to compute graph, compute status: 1
decode: removing memory module entries for seq_id = 0, pos = [40, +inf)
decode: removing memory module entries for seq_id = 1, pos = [44, +inf)
decode: removing memory module entries for seq_id = 2, pos = [48, +inf)
decode: removing memory module entries for seq_id = 3, pos = [30, +inf)
llama_decode: failed to decode, ret = 2
set_abort_callback: call
decode: n_tokens == 0
llama_decode: failed to decode, ret = -1
gguf_init_from_file: failed to open GGUF file '/var/folders/nr/7ckzqpl91kz80mcy3316h1tr0000gn/T/crexx-ni-invalid-1421353504277916/missing.gguf' (No such file or directory)
llama_model_load: error loading model: llama_model_loader: failed to load model from /var/folders/nr/7ckzqpl91kz80mcy3316h1tr0000gn/T/crexx-ni-invalid-1421353504277916/missing.gguf
llama_model_load_from_file_impl: failed to load model
gguf_init_from_reader: invalid magic characters: 'this', expected 'GGUF'
llama_model_load: error loading model: llama_model_loader: failed to load model from /var/folders/nr/7ckzqpl91kz80mcy3316h1tr0000gn/T/crexx-ni-invalid-1421353504277916/bad-magic.gguf
llama_model_load_from_file_impl: failed to load model
read: string length 5 exceeds remaining file size 0 bytes
gguf_init_from_reader: failed to read key-value pairs
llama_model_load: error loading model: llama_model_loader: failed to load model from /var/folders/nr/7ckzqpl91kz80mcy3316h1tr0000gn/T/crexx-ni-invalid-1421353504277916/truncated.gguf
llama_model_load_from_file_impl: failed to load model
llama_model_loader: loaded meta data with 33 key-value pairs and 290 tensors from /Users/adrian/Library/Caches/crexx/native-inference/smollm2-360m-instruct-q8_0.gguf (version GGUF V3 (latest))
llama_model_loader: Dumping metadata keys/values. Note: KV overrides do not apply in this output.
llama_model_loader: - kv   0:                       general.architecture str              = llama
llama_model_loader: - kv   1:                               general.type str              = model
llama_model_loader: - kv   2:                               general.name str              = Smollm2 360M 8k Lc100K Mix1 Ep2
llama_model_loader: - kv   3:                       general.organization str              = Loubnabnl
llama_model_loader: - kv   4:                           general.finetune str              = 8k-lc100k-mix1-ep2
llama_model_loader: - kv   5:                           general.basename str              = smollm2
llama_model_loader: - kv   6:                         general.size_label str              = 360M
llama_model_loader: - kv   7:                            general.license str              = apache-2.0
llama_model_loader: - kv   8:                          general.languages arr[str,1]       = ["en"]
llama_model_loader: - kv   9:                          llama.block_count u32              = 32
llama_model_loader: - kv  10:                       llama.context_length u32              = 8192
llama_model_loader: - kv  11:                     llama.embedding_length u32              = 960
llama_model_loader: - kv  12:                  llama.feed_forward_length u32              = 2560
llama_model_loader: - kv  13:                 llama.attention.head_count u32              = 15
llama_model_loader: - kv  14:              llama.attention.head_count_kv u32              = 5
llama_model_loader: - kv  15:                       llama.rope.freq_base f32              = 100000.000000
llama_model_loader: - kv  16:     llama.attention.layer_norm_rms_epsilon f32              = 0.000010
llama_model_loader: - kv  17:                          general.file_type u32              = 7
llama_model_loader: - kv  18:                           llama.vocab_size u32              = 49152
llama_model_loader: - kv  19:                 llama.rope.dimension_count u32              = 64
llama_model_loader: - kv  20:            tokenizer.ggml.add_space_prefix bool             = false
llama_model_loader: - kv  21:               tokenizer.ggml.add_bos_token bool             = false
llama_model_loader: - kv  22:                       tokenizer.ggml.model str              = gpt2
llama_model_loader: - kv  23:                         tokenizer.ggml.pre str              = smollm
llama_model_loader: - kv  24:                      tokenizer.ggml.tokens arr[str,49152]   = ["<|endoftext|>", "<|im_start|>", "<|...
llama_model_loader: - kv  25:                  tokenizer.ggml.token_type arr[i32,49152]   = [3, 3, 3, 3, 3, 3, 3, 3, 3, 3, 3, 3, ...
llama_model_loader: - kv  26:                      tokenizer.ggml.merges arr[str,48900]   = ["Ġ t", "Ġ a", "i n", "h e", "Ġ Ġ...
llama_model_loader: - kv  27:                tokenizer.ggml.bos_token_id u32              = 1
llama_model_loader: - kv  28:                tokenizer.ggml.eos_token_id u32              = 2
llama_model_loader: - kv  29:            tokenizer.ggml.unknown_token_id u32              = 0
llama_model_loader: - kv  30:            tokenizer.ggml.padding_token_id u32              = 2
llama_model_loader: - kv  31:                    tokenizer.chat_template str              = {% for message in messages %}{% if lo...
llama_model_loader: - kv  32:               general.quantization_version u32              = 2
llama_model_loader: - type  f32:   65 tensors
llama_model_loader: - type q8_0:  225 tensors
print_info: file format = GGUF V3 (latest)
print_info: file type   = Q8_0
print_info: file size   = 366.80 MiB (8.50 BPW) 
init_tokenizer: initializing tokenizer for type 2
load: 0 unused tokens
load: control token:     15 '<jupyter_script>' is not marked as EOG
load: control token:      7 '<gh_stars>' is not marked as EOG
load: control token:      5 '<file_sep>' is not marked as EOG
load: control token:     12 '<jupyter_text>' is not marked as EOG
load: control token:     10 '<issue_closed>' is not marked as EOG
load: control token:     11 '<jupyter_start>' is not marked as EOG
load: control token:      1 '<|im_start|>' is not marked as EOG
load: control token:      9 '<issue_comment>' is not marked as EOG
load: control token:      8 '<issue_start>' is not marked as EOG
load: control token:     13 '<jupyter_code>' is not marked as EOG
load: control token:      3 '<repo_name>' is not marked as EOG
load: control token:      6 '<filename>' is not marked as EOG
load: control token:     14 '<jupyter_output>' is not marked as EOG
load: control token:     16 '<empty_output>' is not marked as EOG
load: printing all EOG tokens:
load:   - 0 ('<|endoftext|>')
load:   - 2 ('<|im_end|>')
load:   - 4 ('<reponame>')
load: special tokens cache size = 17
load: token to piece cache size = 0.3170 MB
print_info: arch                  = llama
print_info: vocab_only            = 0
print_info: no_alloc              = 0
print_info: n_ctx_train           = 8192
print_info: n_embd_inp            = 960
print_info: n_embd                = 960
print_info: n_embd_out            = 960
print_info: n_layer               = 32
print_info: n_layer_all           = 32
print_info: n_head                = 15
print_info: n_head_kv             = 5
print_info: n_rot                 = 64
print_info: n_swa                 = 0
print_info: is_swa_any            = 0
print_info: non_causal_type       = 0
print_info: n_embd_head_k         = 64
print_info: n_embd_head_v         = 64
print_info: n_gqa                 = 3
print_info: n_embd_k_gqa          = 320
print_info: n_embd_v_gqa          = 320
print_info: f_norm_eps            = 0.0e+00
print_info: f_norm_rms_eps        = 1.0e-05
print_info: f_clamp_kqv           = 0.0e+00
print_info: f_max_alibi_bias      = 0.0e+00
print_info: f_logit_scale         = 0.0e+00
print_info: f_attn_scale          = 0.0e+00
print_info: f_attn_value_scale    = 0.0000
print_info: n_ff                  = 2560
print_info: n_expert              = 0
print_info: n_expert_used         = 0
print_info: n_expert_groups       = 0
print_info: n_group_used          = 0
print_info: causal attn           = 1
print_info: pooling type          = -1
print_info: rope type             = 0
print_info: rope scaling          = linear
print_info: freq_base_train       = 100000.0
print_info: freq_scale_train      = 1
print_info: n_ctx_orig_yarn       = 8192
print_info: rope_yarn_log_mul     = 0.0000
print_info: rope_finetuned        = unknown
print_info: model type            = 3B
print_info: model params          = 361.82 M
print_info: general.name          = Smollm2 360M 8k Lc100K Mix1 Ep2
print_info: vocab type            = BPE
print_info: n_vocab               = 49152
print_info: n_merges              = 48900
print_info: BOS token             = 1 '<|im_start|>'
print_info: EOS token             = 2 '<|im_end|>'
print_info: EOT token             = 2 '<|im_end|>'
print_info: UNK token             = 0 '<|endoftext|>'
print_info: PAD token             = 2 '<|im_end|>'
print_info: LF token              = 198 'Ċ'
print_info: FIM REP token         = 4 '<reponame>'
print_info: EOG token             = 0 '<|endoftext|>'
print_info: EOG token             = 2 '<|im_end|>'
print_info: EOG token             = 4 '<reponame>'
print_info: max token length      = 162
load_tensors: loading model tensors, this can take a while... (load_mode = mmap)
load_tensors: layer   0 assigned to device CPU, is_swa = 0
load_tensors: layer   1 assigned to device CPU, is_swa = 0
load_tensors: layer   2 assigned to device CPU, is_swa = 0
load_tensors: layer   3 assigned to device CPU, is_swa = 0
load_tensors: layer   4 assigned to device CPU, is_swa = 0
load_tensors: layer   5 assigned to device CPU, is_swa = 0
load_tensors: layer   6 assigned to device CPU, is_swa = 0
load_tensors: layer   7 assigned to device CPU, is_swa = 0
load_tensors: layer   8 assigned to device CPU, is_swa = 0
load_tensors: layer   9 assigned to device CPU, is_swa = 0
load_tensors: layer  10 assigned to device CPU, is_swa = 0
load_tensors: layer  11 assigned to device CPU, is_swa = 0
load_tensors: layer  12 assigned to device CPU, is_swa = 0
load_tensors: layer  13 assigned to device CPU, is_swa = 0
load_tensors: layer  14 assigned to device CPU, is_swa = 0
load_tensors: layer  15 assigned to device CPU, is_swa = 0
load_tensors: layer  16 assigned to device CPU, is_swa = 0
load_tensors: layer  17 assigned to device CPU, is_swa = 0
load_tensors: layer  18 assigned to device CPU, is_swa = 0
load_tensors: layer  19 assigned to device CPU, is_swa = 0
load_tensors: layer  20 assigned to device CPU, is_swa = 0
load_tensors: layer  21 assigned to device CPU, is_swa = 0
load_tensors: layer  22 assigned to device CPU, is_swa = 0
load_tensors: layer  23 assigned to device CPU, is_swa = 0
load_tensors: layer  24 assigned to device CPU, is_swa = 0
load_tensors: layer  25 assigned to device CPU, is_swa = 0
load_tensors: layer  26 assigned to device CPU, is_swa = 0
load_tensors: layer  27 assigned to device CPU, is_swa = 0
load_tensors: layer  28 assigned to device CPU, is_swa = 0
load_tensors: layer  29 assigned to device CPU, is_swa = 0
load_tensors: layer  30 assigned to device CPU, is_swa = 0
load_tensors: layer  31 assigned to device CPU, is_swa = 0
load_tensors: layer  32 assigned to device CPU, is_swa = 0
create_tensor: loading tensor token_embd.weight
create_tensor: loading tensor output_norm.weight
create_tensor: loading tensor output.weight
create_tensor: loading tensor token_embd.weight
create_tensor: loading tensor blk.0.attn_norm.weight
create_tensor: loading tensor blk.0.attn_qkv.weight
create_tensor: loading tensor blk.0.attn_q.weight
create_tensor: loading tensor blk.0.attn_k.weight
create_tensor: loading tensor blk.0.attn_v.weight
create_tensor: loading tensor blk.0.attn_q.bias
create_tensor: loading tensor blk.0.attn_k.bias
create_tensor: loading tensor blk.0.attn_v.bias
create_tensor: loading tensor blk.0.attn_output.weight
create_tensor: loading tensor blk.0.attn_output.bias
create_tensor: loading tensor blk.0.ffn_norm.weight
create_tensor: loading tensor rope_freqs.weight
create_tensor: loading tensor blk.0.ffn_gate.weight
create_tensor: loading tensor blk.0.ffn_down.weight
create_tensor: loading tensor blk.0.ffn_up.weight
create_tensor: loading tensor blk.0.ffn_gate.bias
create_tensor: loading tensor blk.0.ffn_down.bias
create_tensor: loading tensor blk.0.ffn_up.bias
create_tensor: loading tensor blk.1.attn_norm.weight
create_tensor: loading tensor blk.1.attn_qkv.weight
create_tensor: loading tensor blk.1.attn_q.weight
create_tensor: loading tensor blk.1.attn_k.weight
create_tensor: loading tensor blk.1.attn_v.weight
create_tensor: loading tensor blk.1.attn_q.bias
create_tensor: loading tensor blk.1.attn_k.bias
create_tensor: loading tensor blk.1.attn_v.bias
create_tensor: loading tensor blk.1.attn_output.weight
create_tensor: loading tensor blk.1.attn_output.bias
create_tensor: loading tensor blk.1.ffn_norm.weight
create_tensor: loading tensor rope_freqs.weight
create_tensor: loading tensor blk.1.ffn_gate.weight
create_tensor: loading tensor blk.1.ffn_down.weight
create_tensor: loading tensor blk.1.ffn_up.weight
create_tensor: loading tensor blk.1.ffn_gate.bias
create_tensor: loading tensor blk.1.ffn_down.bias
create_tensor: loading tensor blk.1.ffn_up.bias
create_tensor: loading tensor blk.2.attn_norm.weight
create_tensor: loading tensor blk.2.attn_qkv.weight
create_tensor: loading tensor blk.2.attn_q.weight
create_tensor: loading tensor blk.2.attn_k.weight
create_tensor: loading tensor blk.2.attn_v.weight
create_tensor: loading tensor blk.2.attn_q.bias
create_tensor: loading tensor blk.2.attn_k.bias
create_tensor: loading tensor blk.2.attn_v.bias
create_tensor: loading tensor blk.2.attn_output.weight
create_tensor: loading tensor blk.2.attn_output.bias
create_tensor: loading tensor blk.2.ffn_norm.weight
create_tensor: loading tensor rope_freqs.weight
create_tensor: loading tensor blk.2.ffn_gate.weight
create_tensor: loading tensor blk.2.ffn_down.weight
create_tensor: loading tensor blk.2.ffn_up.weight
create_tensor: loading tensor blk.2.ffn_gate.bias
create_tensor: loading tensor blk.2.ffn_down.bias
create_tensor: loading tensor blk.2.ffn_up.bias
create_tensor: loading tensor blk.3.attn_norm.weight
create_tensor: loading tensor blk.3.attn_qkv.weight
create_tensor: loading tensor blk.3.attn_q.weight
create_tensor: loading tensor blk.3.attn_k.weight
create_tensor: loading tensor blk.3.attn_v.weight
create_tensor: loading tensor blk.3.attn_q.bias
create_tensor: loading tensor blk.3.attn_k.bias
create_tensor: loading tensor blk.3.attn_v.bias
create_tensor: loading tensor blk.3.attn_output.weight
create_tensor: loading tensor blk.3.attn_output.bias
create_tensor: loading tensor blk.3.ffn_norm.weight
create_tensor: loading tensor rope_freqs.weight
create_tensor: loading tensor blk.3.ffn_gate.weight
create_tensor: loading tensor blk.3.ffn_down.weight
create_tensor: loading tensor blk.3.ffn_up.weight
create_tensor: loading tensor blk.3.ffn_gate.bias
create_tensor: loading tensor blk.3.ffn_down.bias
create_tensor: loading tensor blk.3.ffn_up.bias
create_tensor: loading tensor blk.4.attn_norm.weight
create_tensor: loading tensor blk.4.attn_qkv.weight
create_tensor: loading tensor blk.4.attn_q.weight
create_tensor: loading tensor blk.4.attn_k.weight
create_tensor: loading tensor blk.4.attn_v.weight
create_tensor: loading tensor blk.4.attn_q.bias
create_tensor: loading tensor blk.4.attn_k.bias
create_tensor: loading tensor blk.4.attn_v.bias
create_tensor: loading tensor blk.4.attn_output.weight
create_tensor: loading tensor blk.4.attn_output.bias
create_tensor: loading tensor blk.4.ffn_norm.weight
create_tensor: loading tensor rope_freqs.weight
create_tensor: loading tensor blk.4.ffn_gate.weight
create_tensor: loading tensor blk.4.ffn_down.weight
create_tensor: loading tensor blk.4.ffn_up.weight
create_tensor: loading tensor blk.4.ffn_gate.bias
create_tensor: loading tensor blk.4.ffn_down.bias
create_tensor: loading tensor blk.4.ffn_up.bias
create_tensor: loading tensor blk.5.attn_norm.weight
create_tensor: loading tensor blk.5.attn_qkv.weight
create_tensor: loading tensor blk.5.attn_q.weight
create_tensor: loading tensor blk.5.attn_k.weight
create_tensor: loading tensor blk.5.attn_v.weight
create_tensor: loading tensor blk.5.attn_q.bias
create_tensor: loading tensor blk.5.attn_k.bias
create_tensor: loading tensor blk.5.attn_v.bias
create_tensor: loading tensor blk.5.attn_output.weight
create_tensor: loading tensor blk.5.attn_output.bias
create_tensor: loading tensor blk.5.ffn_norm.weight
create_tensor: loading tensor rope_freqs.weight
create_tensor: loading tensor blk.5.ffn_gate.weight
create_tensor: loading tensor blk.5.ffn_down.weight
create_tensor: loading tensor blk.5.ffn_up.weight
create_tensor: loading tensor blk.5.ffn_gate.bias
create_tensor: loading tensor blk.5.ffn_down.bias
create_tensor: loading tensor blk.5.ffn_up.bias
create_tensor: loading tensor blk.6.attn_norm.weight
create_tensor: loading tensor blk.6.attn_qkv.weight
create_tensor: loading tensor blk.6.attn_q.weight
create_tensor: loading tensor blk.6.attn_k.weight
create_tensor: loading tensor blk.6.attn_v.weight
create_tensor: loading tensor blk.6.attn_q.bias
create_tensor: loading tensor blk.6.attn_k.bias
create_tensor: loading tensor blk.6.attn_v.bias
create_tensor: loading tensor blk.6.attn_output.weight
create_tensor: loading tensor blk.6.attn_output.bias
create_tensor: loading tensor blk.6.ffn_norm.weight
create_tensor: loading tensor rope_freqs.weight
create_tensor: loading tensor blk.6.ffn_gate.weight
create_tensor: loading tensor blk.6.ffn_down.weight
create_tensor: loading tensor blk.6.ffn_up.weight
create_tensor: loading tensor blk.6.ffn_gate.bias
create_tensor: loading tensor blk.6.ffn_down.bias
create_tensor: loading tensor blk.6.ffn_up.bias
create_tensor: loading tensor blk.7.attn_norm.weight
create_tensor: loading tensor blk.7.attn_qkv.weight
create_tensor: loading tensor blk.7.attn_q.weight
create_tensor: loading tensor blk.7.attn_k.weight
create_tensor: loading tensor blk.7.attn_v.weight
create_tensor: loading tensor blk.7.attn_q.bias
create_tensor: loading tensor blk.7.attn_k.bias
create_tensor: loading tensor blk.7.attn_v.bias
create_tensor: loading tensor blk.7.attn_output.weight
create_tensor: loading tensor blk.7.attn_output.bias
create_tensor: loading tensor blk.7.ffn_norm.weight
create_tensor: loading tensor rope_freqs.weight
create_tensor: loading tensor blk.7.ffn_gate.weight
create_tensor: loading tensor blk.7.ffn_down.weight
create_tensor: loading tensor blk.7.ffn_up.weight
create_tensor: loading tensor blk.7.ffn_gate.bias
create_tensor: loading tensor blk.7.ffn_down.bias
create_tensor: loading tensor blk.7.ffn_up.bias
create_tensor: loading tensor blk.8.attn_norm.weight
create_tensor: loading tensor blk.8.attn_qkv.weight
create_tensor: loading tensor blk.8.attn_q.weight
create_tensor: loading tensor blk.8.attn_k.weight
create_tensor: loading tensor blk.8.attn_v.weight
create_tensor: loading tensor blk.8.attn_q.bias
create_tensor: loading tensor blk.8.attn_k.bias
create_tensor: loading tensor blk.8.attn_v.bias
create_tensor: loading tensor blk.8.attn_output.weight
create_tensor: loading tensor blk.8.attn_output.bias
create_tensor: loading tensor blk.8.ffn_norm.weight
create_tensor: loading tensor rope_freqs.weight
create_tensor: loading tensor blk.8.ffn_gate.weight
create_tensor: loading tensor blk.8.ffn_down.weight
create_tensor: loading tensor blk.8.ffn_up.weight
create_tensor: loading tensor blk.8.ffn_gate.bias
create_tensor: loading tensor blk.8.ffn_down.bias
create_tensor: loading tensor blk.8.ffn_up.bias
create_tensor: loading tensor blk.9.attn_norm.weight
create_tensor: loading tensor blk.9.attn_qkv.weight
create_tensor: loading tensor blk.9.attn_q.weight
create_tensor: loading tensor blk.9.attn_k.weight
create_tensor: loading tensor blk.9.attn_v.weight
create_tensor: loading tensor blk.9.attn_q.bias
create_tensor: loading tensor blk.9.attn_k.bias
create_tensor: loading tensor blk.9.attn_v.bias
create_tensor: loading tensor blk.9.attn_output.weight
create_tensor: loading tensor blk.9.attn_output.bias
create_tensor: loading tensor blk.9.ffn_norm.weight
create_tensor: loading tensor rope_freqs.weight
create_tensor: loading tensor blk.9.ffn_gate.weight
create_tensor: loading tensor blk.9.ffn_down.weight
create_tensor: loading tensor blk.9.ffn_up.weight
create_tensor: loading tensor blk.9.ffn_gate.bias
create_tensor: loading tensor blk.9.ffn_down.bias
create_tensor: loading tensor blk.9.ffn_up.bias
create_tensor: loading tensor blk.10.attn_norm.weight
create_tensor: loading tensor blk.10.attn_qkv.weight
create_tensor: loading tensor blk.10.attn_q.weight
create_tensor: loading tensor blk.10.attn_k.weight
create_tensor: loading tensor blk.10.attn_v.weight
create_tensor: loading tensor blk.10.attn_q.bias
create_tensor: loading tensor blk.10.attn_k.bias
create_tensor: loading tensor blk.10.attn_v.bias
create_tensor: loading tensor blk.10.attn_output.weight
create_tensor: loading tensor blk.10.attn_output.bias
create_tensor: loading tensor blk.10.ffn_norm.weight
create_tensor: loading tensor rope_freqs.weight
create_tensor: loading tensor blk.10.ffn_gate.weight
create_tensor: loading tensor blk.10.ffn_down.weight
create_tensor: loading tensor blk.10.ffn_up.weight
create_tensor: loading tensor blk.10.ffn_gate.bias
create_tensor: loading tensor blk.10.ffn_down.bias
create_tensor: loading tensor blk.10.ffn_up.bias
create_tensor: loading tensor blk.11.attn_norm.weight
create_tensor: loading tensor blk.11.attn_qkv.weight
create_tensor: loading tensor blk.11.attn_q.weight
create_tensor: loading tensor blk.11.attn_k.weight
create_tensor: loading tensor blk.11.attn_v.weight
create_tensor: loading tensor blk.11.attn_q.bias
create_tensor: loading tensor blk.11.attn_k.bias
create_tensor: loading tensor blk.11.attn_v.bias
create_tensor: loading tensor blk.11.attn_output.weight
create_tensor: loading tensor blk.11.attn_output.bias
create_tensor: loading tensor blk.11.ffn_norm.weight
create_tensor: loading tensor rope_freqs.weight
create_tensor: loading tensor blk.11.ffn_gate.weight
create_tensor: loading tensor blk.11.ffn_down.weight
create_tensor: loading tensor blk.11.ffn_up.weight
create_tensor: loading tensor blk.11.ffn_gate.bias
create_tensor: loading tensor blk.11.ffn_down.bias
create_tensor: loading tensor blk.11.ffn_up.bias
create_tensor: loading tensor blk.12.attn_norm.weight
create_tensor: loading tensor blk.12.attn_qkv.weight
create_tensor: loading tensor blk.12.attn_q.weight
create_tensor: loading tensor blk.12.attn_k.weight
create_tensor: loading tensor blk.12.attn_v.weight
create_tensor: loading tensor blk.12.attn_q.bias
create_tensor: loading tensor blk.12.attn_k.bias
create_tensor: loading tensor blk.12.attn_v.bias
create_tensor: loading tensor blk.12.attn_output.weight
create_tensor: loading tensor blk.12.attn_output.bias
create_tensor: loading tensor blk.12.ffn_norm.weight
create_tensor: loading tensor rope_freqs.weight
create_tensor: loading tensor blk.12.ffn_gate.weight
create_tensor: loading tensor blk.12.ffn_down.weight
create_tensor: loading tensor blk.12.ffn_up.weight
create_tensor: loading tensor blk.12.ffn_gate.bias
create_tensor: loading tensor blk.12.ffn_down.bias
create_tensor: loading tensor blk.12.ffn_up.bias
create_tensor: loading tensor blk.13.attn_norm.weight
create_tensor: loading tensor blk.13.attn_qkv.weight
create_tensor: loading tensor blk.13.attn_q.weight
create_tensor: loading tensor blk.13.attn_k.weight
create_tensor: loading tensor blk.13.attn_v.weight
create_tensor: loading tensor blk.13.attn_q.bias
create_tensor: loading tensor blk.13.attn_k.bias
create_tensor: loading tensor blk.13.attn_v.bias
create_tensor: loading tensor blk.13.attn_output.weight
create_tensor: loading tensor blk.13.attn_output.bias
create_tensor: loading tensor blk.13.ffn_norm.weight
create_tensor: loading tensor rope_freqs.weight
create_tensor: loading tensor blk.13.ffn_gate.weight
create_tensor: loading tensor blk.13.ffn_down.weight
create_tensor: loading tensor blk.13.ffn_up.weight
create_tensor: loading tensor blk.13.ffn_gate.bias
create_tensor: loading tensor blk.13.ffn_down.bias
create_tensor: loading tensor blk.13.ffn_up.bias
create_tensor: loading tensor blk.14.attn_norm.weight
create_tensor: loading tensor blk.14.attn_qkv.weight
create_tensor: loading tensor blk.14.attn_q.weight
create_tensor: loading tensor blk.14.attn_k.weight
create_tensor: loading tensor blk.14.attn_v.weight
create_tensor: loading tensor blk.14.attn_q.bias
create_tensor: loading tensor blk.14.attn_k.bias
create_tensor: loading tensor blk.14.attn_v.bias
create_tensor: loading tensor blk.14.attn_output.weight
create_tensor: loading tensor blk.14.attn_output.bias
create_tensor: loading tensor blk.14.ffn_norm.weight
create_tensor: loading tensor rope_freqs.weight
create_tensor: loading tensor blk.14.ffn_gate.weight
create_tensor: loading tensor blk.14.ffn_down.weight
create_tensor: loading tensor blk.14.ffn_up.weight
create_tensor: loading tensor blk.14.ffn_gate.bias
create_tensor: loading tensor blk.14.ffn_down.bias
create_tensor: loading tensor blk.14.ffn_up.bias
create_tensor: loading tensor blk.15.attn_norm.weight
create_tensor: loading tensor blk.15.attn_qkv.weight
create_tensor: loading tensor blk.15.attn_q.weight
create_tensor: loading tensor blk.15.attn_k.weight
create_tensor: loading tensor blk.15.attn_v.weight
create_tensor: loading tensor blk.15.attn_q.bias
create_tensor: loading tensor blk.15.attn_k.bias
create_tensor: loading tensor blk.15.attn_v.bias
create_tensor: loading tensor blk.15.attn_output.weight
create_tensor: loading tensor blk.15.attn_output.bias
create_tensor: loading tensor blk.15.ffn_norm.weight
create_tensor: loading tensor rope_freqs.weight
create_tensor: loading tensor blk.15.ffn_gate.weight
create_tensor: loading tensor blk.15.ffn_down.weight
create_tensor: loading tensor blk.15.ffn_up.weight
create_tensor: loading tensor blk.15.ffn_gate.bias
create_tensor: loading tensor blk.15.ffn_down.bias
create_tensor: loading tensor blk.15.ffn_up.bias
create_tensor: loading tensor blk.16.attn_norm.weight
create_tensor: loading tensor blk.16.attn_qkv.weight
create_tensor: loading tensor blk.16.attn_q.weight
create_tensor: loading tensor blk.16.attn_k.weight
create_tensor: loading tensor blk.16.attn_v.weight
create_tensor: loading tensor blk.16.attn_q.bias
create_tensor: loading tensor blk.16.attn_k.bias
create_tensor: loading tensor blk.16.attn_v.bias
create_tensor: loading tensor blk.16.attn_output.weight
create_tensor: loading tensor blk.16.attn_output.bias
create_tensor: loading tensor blk.16.ffn_norm.weight
create_tensor: loading tensor rope_freqs.weight
create_tensor: loading tensor blk.16.ffn_gate.weight
create_tensor: loading tensor blk.16.ffn_down.weight
create_tensor: loading tensor blk.16.ffn_up.weight
create_tensor: loading tensor blk.16.ffn_gate.bias
create_tensor: loading tensor blk.16.ffn_down.bias
create_tensor: loading tensor blk.16.ffn_up.bias
create_tensor: loading tensor blk.17.attn_norm.weight
create_tensor: loading tensor blk.17.attn_qkv.weight
create_tensor: loading tensor blk.17.attn_q.weight
create_tensor: loading tensor blk.17.attn_k.weight
create_tensor: loading tensor blk.17.attn_v.weight
create_tensor: loading tensor blk.17.attn_q.bias
create_tensor: loading tensor blk.17.attn_k.bias
create_tensor: loading tensor blk.17.attn_v.bias
create_tensor: loading tensor blk.17.attn_output.weight
create_tensor: loading tensor blk.17.attn_output.bias
create_tensor: loading tensor blk.17.ffn_norm.weight
create_tensor: loading tensor rope_freqs.weight
create_tensor: loading tensor blk.17.ffn_gate.weight
create_tensor: loading tensor blk.17.ffn_down.weight
create_tensor: loading tensor blk.17.ffn_up.weight
create_tensor: loading tensor blk.17.ffn_gate.bias
create_tensor: loading tensor blk.17.ffn_down.bias
create_tensor: loading tensor blk.17.ffn_up.bias
create_tensor: loading tensor blk.18.attn_norm.weight
create_tensor: loading tensor blk.18.attn_qkv.weight
create_tensor: loading tensor blk.18.attn_q.weight
create_tensor: loading tensor blk.18.attn_k.weight
create_tensor: loading tensor blk.18.attn_v.weight
create_tensor: loading tensor blk.18.attn_q.bias
create_tensor: loading tensor blk.18.attn_k.bias
create_tensor: loading tensor blk.18.attn_v.bias
create_tensor: loading tensor blk.18.attn_output.weight
create_tensor: loading tensor blk.18.attn_output.bias
create_tensor: loading tensor blk.18.ffn_norm.weight
create_tensor: loading tensor rope_freqs.weight
create_tensor: loading tensor blk.18.ffn_gate.weight
create_tensor: loading tensor blk.18.ffn_down.weight
create_tensor: loading tensor blk.18.ffn_up.weight
create_tensor: loading tensor blk.18.ffn_gate.bias
create_tensor: loading tensor blk.18.ffn_down.bias
create_tensor: loading tensor blk.18.ffn_up.bias
create_tensor: loading tensor blk.19.attn_norm.weight
create_tensor: loading tensor blk.19.attn_qkv.weight
create_tensor: loading tensor blk.19.attn_q.weight
create_tensor: loading tensor blk.19.attn_k.weight
create_tensor: loading tensor blk.19.attn_v.weight
create_tensor: loading tensor blk.19.attn_q.bias
create_tensor: loading tensor blk.19.attn_k.bias
create_tensor: loading tensor blk.19.attn_v.bias
create_tensor: loading tensor blk.19.attn_output.weight
create_tensor: loading tensor blk.19.attn_output.bias
create_tensor: loading tensor blk.19.ffn_norm.weight
create_tensor: loading tensor rope_freqs.weight
create_tensor: loading tensor blk.19.ffn_gate.weight
create_tensor: loading tensor blk.19.ffn_down.weight
create_tensor: loading tensor blk.19.ffn_up.weight
create_tensor: loading tensor blk.19.ffn_gate.bias
create_tensor: loading tensor blk.19.ffn_down.bias
create_tensor: loading tensor blk.19.ffn_up.bias
create_tensor: loading tensor blk.20.attn_norm.weight
create_tensor: loading tensor blk.20.attn_qkv.weight
create_tensor: loading tensor blk.20.attn_q.weight
create_tensor: loading tensor blk.20.attn_k.weight
create_tensor: loading tensor blk.20.attn_v.weight
create_tensor: loading tensor blk.20.attn_q.bias
create_tensor: loading tensor blk.20.attn_k.bias
create_tensor: loading tensor blk.20.attn_v.bias
create_tensor: loading tensor blk.20.attn_output.weight
create_tensor: loading tensor blk.20.attn_output.bias
create_tensor: loading tensor blk.20.ffn_norm.weight
create_tensor: loading tensor rope_freqs.weight
create_tensor: loading tensor blk.20.ffn_gate.weight
create_tensor: loading tensor blk.20.ffn_down.weight
create_tensor: loading tensor blk.20.ffn_up.weight
create_tensor: loading tensor blk.20.ffn_gate.bias
create_tensor: loading tensor blk.20.ffn_down.bias
create_tensor: loading tensor blk.20.ffn_up.bias
create_tensor: loading tensor blk.21.attn_norm.weight
create_tensor: loading tensor blk.21.attn_qkv.weight
create_tensor: loading tensor blk.21.attn_q.weight
create_tensor: loading tensor blk.21.attn_k.weight
create_tensor: loading tensor blk.21.attn_v.weight
create_tensor: loading tensor blk.21.attn_q.bias
create_tensor: loading tensor blk.21.attn_k.bias
create_tensor: loading tensor blk.21.attn_v.bias
create_tensor: loading tensor blk.21.attn_output.weight
create_tensor: loading tensor blk.21.attn_output.bias
create_tensor: loading tensor blk.21.ffn_norm.weight
create_tensor: loading tensor rope_freqs.weight
create_tensor: loading tensor blk.21.ffn_gate.weight
create_tensor: loading tensor blk.21.ffn_down.weight
create_tensor: loading tensor blk.21.ffn_up.weight
create_tensor: loading tensor blk.21.ffn_gate.bias
create_tensor: loading tensor blk.21.ffn_down.bias
create_tensor: loading tensor blk.21.ffn_up.bias
create_tensor: loading tensor blk.22.attn_norm.weight
create_tensor: loading tensor blk.22.attn_qkv.weight
create_tensor: loading tensor blk.22.attn_q.weight
create_tensor: loading tensor blk.22.attn_k.weight
create_tensor: loading tensor blk.22.attn_v.weight
create_tensor: loading tensor blk.22.attn_q.bias
create_tensor: loading tensor blk.22.attn_k.bias
create_tensor: loading tensor blk.22.attn_v.bias
create_tensor: loading tensor blk.22.attn_output.weight
create_tensor: loading tensor blk.22.attn_output.bias
create_tensor: loading tensor blk.22.ffn_norm.weight
create_tensor: loading tensor rope_freqs.weight
create_tensor: loading tensor blk.22.ffn_gate.weight
create_tensor: loading tensor blk.22.ffn_down.weight
create_tensor: loading tensor blk.22.ffn_up.weight
create_tensor: loading tensor blk.22.ffn_gate.bias
create_tensor: loading tensor blk.22.ffn_down.bias
create_tensor: loading tensor blk.22.ffn_up.bias
create_tensor: loading tensor blk.23.attn_norm.weight
create_tensor: loading tensor blk.23.attn_qkv.weight
create_tensor: loading tensor blk.23.attn_q.weight
create_tensor: loading tensor blk.23.attn_k.weight
create_tensor: loading tensor blk.23.attn_v.weight
create_tensor: loading tensor blk.23.attn_q.bias
create_tensor: loading tensor blk.23.attn_k.bias
create_tensor: loading tensor blk.23.attn_v.bias
create_tensor: loading tensor blk.23.attn_output.weight
create_tensor: loading tensor blk.23.attn_output.bias
create_tensor: loading tensor blk.23.ffn_norm.weight
create_tensor: loading tensor rope_freqs.weight
create_tensor: loading tensor blk.23.ffn_gate.weight
create_tensor: loading tensor blk.23.ffn_down.weight
create_tensor: loading tensor blk.23.ffn_up.weight
create_tensor: loading tensor blk.23.ffn_gate.bias
create_tensor: loading tensor blk.23.ffn_down.bias
create_tensor: loading tensor blk.23.ffn_up.bias
create_tensor: loading tensor blk.24.attn_norm.weight
create_tensor: loading tensor blk.24.attn_qkv.weight
create_tensor: loading tensor blk.24.attn_q.weight
create_tensor: loading tensor blk.24.attn_k.weight
create_tensor: loading tensor blk.24.attn_v.weight
create_tensor: loading tensor blk.24.attn_q.bias
create_tensor: loading tensor blk.24.attn_k.bias
create_tensor: loading tensor blk.24.attn_v.bias
create_tensor: loading tensor blk.24.attn_output.weight
create_tensor: loading tensor blk.24.attn_output.bias
create_tensor: loading tensor blk.24.ffn_norm.weight
create_tensor: loading tensor rope_freqs.weight
create_tensor: loading tensor blk.24.ffn_gate.weight
create_tensor: loading tensor blk.24.ffn_down.weight
create_tensor: loading tensor blk.24.ffn_up.weight
create_tensor: loading tensor blk.24.ffn_gate.bias
create_tensor: loading tensor blk.24.ffn_down.bias
create_tensor: loading tensor blk.24.ffn_up.bias
create_tensor: loading tensor blk.25.attn_norm.weight
create_tensor: loading tensor blk.25.attn_qkv.weight
create_tensor: loading tensor blk.25.attn_q.weight
create_tensor: loading tensor blk.25.attn_k.weight
create_tensor: loading tensor blk.25.attn_v.weight
create_tensor: loading tensor blk.25.attn_q.bias
create_tensor: loading tensor blk.25.attn_k.bias
create_tensor: loading tensor blk.25.attn_v.bias
create_tensor: loading tensor blk.25.attn_output.weight
create_tensor: loading tensor blk.25.attn_output.bias
create_tensor: loading tensor blk.25.ffn_norm.weight
create_tensor: loading tensor rope_freqs.weight
create_tensor: loading tensor blk.25.ffn_gate.weight
create_tensor: loading tensor blk.25.ffn_down.weight
create_tensor: loading tensor blk.25.ffn_up.weight
create_tensor: loading tensor blk.25.ffn_gate.bias
create_tensor: loading tensor blk.25.ffn_down.bias
create_tensor: loading tensor blk.25.ffn_up.bias
create_tensor: loading tensor blk.26.attn_norm.weight
create_tensor: loading tensor blk.26.attn_qkv.weight
create_tensor: loading tensor blk.26.attn_q.weight
create_tensor: loading tensor blk.26.attn_k.weight
create_tensor: loading tensor blk.26.attn_v.weight
create_tensor: loading tensor blk.26.attn_q.bias
create_tensor: loading tensor blk.26.attn_k.bias
create_tensor: loading tensor blk.26.attn_v.bias
create_tensor: loading tensor blk.26.attn_output.weight
create_tensor: loading tensor blk.26.attn_output.bias
create_tensor: loading tensor blk.26.ffn_norm.weight
create_tensor: loading tensor rope_freqs.weight
create_tensor: loading tensor blk.26.ffn_gate.weight
create_tensor: loading tensor blk.26.ffn_down.weight
create_tensor: loading tensor blk.26.ffn_up.weight
create_tensor: loading tensor blk.26.ffn_gate.bias
create_tensor: loading tensor blk.26.ffn_down.bias
create_tensor: loading tensor blk.26.ffn_up.bias
create_tensor: loading tensor blk.27.attn_norm.weight
create_tensor: loading tensor blk.27.attn_qkv.weight
create_tensor: loading tensor blk.27.attn_q.weight
create_tensor: loading tensor blk.27.attn_k.weight
create_tensor: loading tensor blk.27.attn_v.weight
create_tensor: loading tensor blk.27.attn_q.bias
create_tensor: loading tensor blk.27.attn_k.bias
create_tensor: loading tensor blk.27.attn_v.bias
create_tensor: loading tensor blk.27.attn_output.weight
create_tensor: loading tensor blk.27.attn_output.bias
create_tensor: loading tensor blk.27.ffn_norm.weight
create_tensor: loading tensor rope_freqs.weight
create_tensor: loading tensor blk.27.ffn_gate.weight
create_tensor: loading tensor blk.27.ffn_down.weight
create_tensor: loading tensor blk.27.ffn_up.weight
create_tensor: loading tensor blk.27.ffn_gate.bias
create_tensor: loading tensor blk.27.ffn_down.bias
create_tensor: loading tensor blk.27.ffn_up.bias
create_tensor: loading tensor blk.28.attn_norm.weight
create_tensor: loading tensor blk.28.attn_qkv.weight
create_tensor: loading tensor blk.28.attn_q.weight
create_tensor: loading tensor blk.28.attn_k.weight
create_tensor: loading tensor blk.28.attn_v.weight
create_tensor: loading tensor blk.28.attn_q.bias
create_tensor: loading tensor blk.28.attn_k.bias
create_tensor: loading tensor blk.28.attn_v.bias
create_tensor: loading tensor blk.28.attn_output.weight
create_tensor: loading tensor blk.28.attn_output.bias
create_tensor: loading tensor blk.28.ffn_norm.weight
create_tensor: loading tensor rope_freqs.weight
create_tensor: loading tensor blk.28.ffn_gate.weight
create_tensor: loading tensor blk.28.ffn_down.weight
create_tensor: loading tensor blk.28.ffn_up.weight
create_tensor: loading tensor blk.28.ffn_gate.bias
create_tensor: loading tensor blk.28.ffn_down.bias
create_tensor: loading tensor blk.28.ffn_up.bias
create_tensor: loading tensor blk.29.attn_norm.weight
create_tensor: loading tensor blk.29.attn_qkv.weight
create_tensor: loading tensor blk.29.attn_q.weight
create_tensor: loading tensor blk.29.attn_k.weight
create_tensor: loading tensor blk.29.attn_v.weight
create_tensor: loading tensor blk.29.attn_q.bias
create_tensor: loading tensor blk.29.attn_k.bias
create_tensor: loading tensor blk.29.attn_v.bias
create_tensor: loading tensor blk.29.attn_output.weight
create_tensor: loading tensor blk.29.attn_output.bias
create_tensor: loading tensor blk.29.ffn_norm.weight
create_tensor: loading tensor rope_freqs.weight
create_tensor: loading tensor blk.29.ffn_gate.weight
create_tensor: loading tensor blk.29.ffn_down.weight
create_tensor: loading tensor blk.29.ffn_up.weight
create_tensor: loading tensor blk.29.ffn_gate.bias
create_tensor: loading tensor blk.29.ffn_down.bias
create_tensor: loading tensor blk.29.ffn_up.bias
create_tensor: loading tensor blk.30.attn_norm.weight
create_tensor: loading tensor blk.30.attn_qkv.weight
create_tensor: loading tensor blk.30.attn_q.weight
create_tensor: loading tensor blk.30.attn_k.weight
create_tensor: loading tensor blk.30.attn_v.weight
create_tensor: loading tensor blk.30.attn_q.bias
create_tensor: loading tensor blk.30.attn_k.bias
create_tensor: loading tensor blk.30.attn_v.bias
create_tensor: loading tensor blk.30.attn_output.weight
create_tensor: loading tensor blk.30.attn_output.bias
create_tensor: loading tensor blk.30.ffn_norm.weight
create_tensor: loading tensor rope_freqs.weight
create_tensor: loading tensor blk.30.ffn_gate.weight
create_tensor: loading tensor blk.30.ffn_down.weight
create_tensor: loading tensor blk.30.ffn_up.weight
create_tensor: loading tensor blk.30.ffn_gate.bias
create_tensor: loading tensor blk.30.ffn_down.bias
create_tensor: loading tensor blk.30.ffn_up.bias
create_tensor: loading tensor blk.31.attn_norm.weight
create_tensor: loading tensor blk.31.attn_qkv.weight
create_tensor: loading tensor blk.31.attn_q.weight
create_tensor: loading tensor blk.31.attn_k.weight
create_tensor: loading tensor blk.31.attn_v.weight
create_tensor: loading tensor blk.31.attn_q.bias
create_tensor: loading tensor blk.31.attn_k.bias
create_tensor: loading tensor blk.31.attn_v.bias
create_tensor: loading tensor blk.31.attn_output.weight
create_tensor: loading tensor blk.31.attn_output.bias
create_tensor: loading tensor blk.31.ffn_norm.weight
create_tensor: loading tensor rope_freqs.weight
create_tensor: loading tensor blk.31.ffn_gate.weight
create_tensor: loading tensor blk.31.ffn_down.weight
create_tensor: loading tensor blk.31.ffn_up.weight
create_tensor: loading tensor blk.31.ffn_gate.bias
create_tensor: loading tensor blk.31.ffn_down.bias
create_tensor: loading tensor blk.31.ffn_up.bias
create_tensor: loading tensor blk.0.attn_q.scale
create_tensor: loading tensor blk.0.attn_k.scale
create_tensor: loading tensor blk.0.attn_v.scale
create_tensor: loading tensor blk.0.attn_output.scale
create_tensor: loading tensor blk.0.ffn_gate.scale
create_tensor: loading tensor blk.0.ffn_down.scale
create_tensor: loading tensor blk.0.ffn_up.scale
create_tensor: loading tensor blk.0.attn_q.input_scale
create_tensor: loading tensor blk.0.attn_k.input_scale
create_tensor: loading tensor blk.0.attn_v.input_scale
create_tensor: loading tensor blk.0.attn_output.input_scale
create_tensor: loading tensor blk.0.ffn_gate.input_scale
create_tensor: loading tensor blk.0.ffn_down.input_scale
create_tensor: loading tensor blk.0.ffn_up.input_scale
create_tensor: loading tensor blk.1.attn_q.scale
create_tensor: loading tensor blk.1.attn_k.scale
create_tensor: loading tensor blk.1.attn_v.scale
create_tensor: loading tensor blk.1.attn_output.scale
create_tensor: loading tensor blk.1.ffn_gate.scale
create_tensor: loading tensor blk.1.ffn_down.scale
create_tensor: loading tensor blk.1.ffn_up.scale
create_tensor: loading tensor blk.1.attn_q.input_scale
create_tensor: loading tensor blk.1.attn_k.input_scale
create_tensor: loading tensor blk.1.attn_v.input_scale
create_tensor: loading tensor blk.1.attn_output.input_scale
create_tensor: loading tensor blk.1.ffn_gate.input_scale
create_tensor: loading tensor blk.1.ffn_down.input_scale
create_tensor: loading tensor blk.1.ffn_up.input_scale
create_tensor: loading tensor blk.2.attn_q.scale
create_tensor: loading tensor blk.2.attn_k.scale
create_tensor: loading tensor blk.2.attn_v.scale
create_tensor: loading tensor blk.2.attn_output.scale
create_tensor: loading tensor blk.2.ffn_gate.scale
create_tensor: loading tensor blk.2.ffn_down.scale
create_tensor: loading tensor blk.2.ffn_up.scale
create_tensor: loading tensor blk.2.attn_q.input_scale
create_tensor: loading tensor blk.2.attn_k.input_scale
create_tensor: loading tensor blk.2.attn_v.input_scale
create_tensor: loading tensor blk.2.attn_output.input_scale
create_tensor: loading tensor blk.2.ffn_gate.input_scale
create_tensor: loading tensor blk.2.ffn_down.input_scale
create_tensor: loading tensor blk.2.ffn_up.input_scale
create_tensor: loading tensor blk.3.attn_q.scale
create_tensor: loading tensor blk.3.attn_k.scale
create_tensor: loading tensor blk.3.attn_v.scale
create_tensor: loading tensor blk.3.attn_output.scale
create_tensor: loading tensor blk.3.ffn_gate.scale
create_tensor: loading tensor blk.3.ffn_down.scale
create_tensor: loading tensor blk.3.ffn_up.scale
create_tensor: loading tensor blk.3.attn_q.input_scale
create_tensor: loading tensor blk.3.attn_k.input_scale
create_tensor: loading tensor blk.3.attn_v.input_scale
create_tensor: loading tensor blk.3.attn_output.input_scale
create_tensor: loading tensor blk.3.ffn_gate.input_scale
create_tensor: loading tensor blk.3.ffn_down.input_scale
create_tensor: loading tensor blk.3.ffn_up.input_scale
create_tensor: loading tensor blk.4.attn_q.scale
create_tensor: loading tensor blk.4.attn_k.scale
create_tensor: loading tensor blk.4.attn_v.scale
create_tensor: loading tensor blk.4.attn_output.scale
create_tensor: loading tensor blk.4.ffn_gate.scale
create_tensor: loading tensor blk.4.ffn_down.scale
create_tensor: loading tensor blk.4.ffn_up.scale
create_tensor: loading tensor blk.4.attn_q.input_scale
create_tensor: loading tensor blk.4.attn_k.input_scale
create_tensor: loading tensor blk.4.attn_v.input_scale
create_tensor: loading tensor blk.4.attn_output.input_scale
create_tensor: loading tensor blk.4.ffn_gate.input_scale
create_tensor: loading tensor blk.4.ffn_down.input_scale
create_tensor: loading tensor blk.4.ffn_up.input_scale
create_tensor: loading tensor blk.5.attn_q.scale
create_tensor: loading tensor blk.5.attn_k.scale
create_tensor: loading tensor blk.5.attn_v.scale
create_tensor: loading tensor blk.5.attn_output.scale
create_tensor: loading tensor blk.5.ffn_gate.scale
create_tensor: loading tensor blk.5.ffn_down.scale
create_tensor: loading tensor blk.5.ffn_up.scale
create_tensor: loading tensor blk.5.attn_q.input_scale
create_tensor: loading tensor blk.5.attn_k.input_scale
create_tensor: loading tensor blk.5.attn_v.input_scale
create_tensor: loading tensor blk.5.attn_output.input_scale
create_tensor: loading tensor blk.5.ffn_gate.input_scale
create_tensor: loading tensor blk.5.ffn_down.input_scale
create_tensor: loading tensor blk.5.ffn_up.input_scale
create_tensor: loading tensor blk.6.attn_q.scale
create_tensor: loading tensor blk.6.attn_k.scale
create_tensor: loading tensor blk.6.attn_v.scale
create_tensor: loading tensor blk.6.attn_output.scale
create_tensor: loading tensor blk.6.ffn_gate.scale
create_tensor: loading tensor blk.6.ffn_down.scale
create_tensor: loading tensor blk.6.ffn_up.scale
create_tensor: loading tensor blk.6.attn_q.input_scale
create_tensor: loading tensor blk.6.attn_k.input_scale
create_tensor: loading tensor blk.6.attn_v.input_scale
create_tensor: loading tensor blk.6.attn_output.input_scale
create_tensor: loading tensor blk.6.ffn_gate.input_scale
create_tensor: loading tensor blk.6.ffn_down.input_scale
create_tensor: loading tensor blk.6.ffn_up.input_scale
create_tensor: loading tensor blk.7.attn_q.scale
create_tensor: loading tensor blk.7.attn_k.scale
create_tensor: loading tensor blk.7.attn_v.scale
create_tensor: loading tensor blk.7.attn_output.scale
create_tensor: loading tensor blk.7.ffn_gate.scale
create_tensor: loading tensor blk.7.ffn_down.scale
create_tensor: loading tensor blk.7.ffn_up.scale
create_tensor: loading tensor blk.7.attn_q.input_scale
create_tensor: loading tensor blk.7.attn_k.input_scale
create_tensor: loading tensor blk.7.attn_v.input_scale
create_tensor: loading tensor blk.7.attn_output.input_scale
create_tensor: loading tensor blk.7.ffn_gate.input_scale
create_tensor: loading tensor blk.7.ffn_down.input_scale
create_tensor: loading tensor blk.7.ffn_up.input_scale
create_tensor: loading tensor blk.8.attn_q.scale
create_tensor: loading tensor blk.8.attn_k.scale
create_tensor: loading tensor blk.8.attn_v.scale
create_tensor: loading tensor blk.8.attn_output.scale
create_tensor: loading tensor blk.8.ffn_gate.scale
create_tensor: loading tensor blk.8.ffn_down.scale
create_tensor: loading tensor blk.8.ffn_up.scale
create_tensor: loading tensor blk.8.attn_q.input_scale
create_tensor: loading tensor blk.8.attn_k.input_scale
create_tensor: loading tensor blk.8.attn_v.input_scale
create_tensor: loading tensor blk.8.attn_output.input_scale
create_tensor: loading tensor blk.8.ffn_gate.input_scale
create_tensor: loading tensor blk.8.ffn_down.input_scale
create_tensor: loading tensor blk.8.ffn_up.input_scale
create_tensor: loading tensor blk.9.attn_q.scale
create_tensor: loading tensor blk.9.attn_k.scale
create_tensor: loading tensor blk.9.attn_v.scale
create_tensor: loading tensor blk.9.attn_output.scale
create_tensor: loading tensor blk.9.ffn_gate.scale
create_tensor: loading tensor blk.9.ffn_down.scale
create_tensor: loading tensor blk.9.ffn_up.scale
create_tensor: loading tensor blk.9.attn_q.input_scale
create_tensor: loading tensor blk.9.attn_k.input_scale
create_tensor: loading tensor blk.9.attn_v.input_scale
create_tensor: loading tensor blk.9.attn_output.input_scale
create_tensor: loading tensor blk.9.ffn_gate.input_scale
create_tensor: loading tensor blk.9.ffn_down.input_scale
create_tensor: loading tensor blk.9.ffn_up.input_scale
create_tensor: loading tensor blk.10.attn_q.scale
create_tensor: loading tensor blk.10.attn_k.scale
create_tensor: loading tensor blk.10.attn_v.scale
create_tensor: loading tensor blk.10.attn_output.scale
create_tensor: loading tensor blk.10.ffn_gate.scale
create_tensor: loading tensor blk.10.ffn_down.scale
create_tensor: loading tensor blk.10.ffn_up.scale
create_tensor: loading tensor blk.10.attn_q.input_scale
create_tensor: loading tensor blk.10.attn_k.input_scale
create_tensor: loading tensor blk.10.attn_v.input_scale
create_tensor: loading tensor blk.10.attn_output.input_scale
create_tensor: loading tensor blk.10.ffn_gate.input_scale
create_tensor: loading tensor blk.10.ffn_down.input_scale
create_tensor: loading tensor blk.10.ffn_up.input_scale
create_tensor: loading tensor blk.11.attn_q.scale
create_tensor: loading tensor blk.11.attn_k.scale
create_tensor: loading tensor blk.11.attn_v.scale
create_tensor: loading tensor blk.11.attn_output.scale
create_tensor: loading tensor blk.11.ffn_gate.scale
create_tensor: loading tensor blk.11.ffn_down.scale
create_tensor: loading tensor blk.11.ffn_up.scale
create_tensor: loading tensor blk.11.attn_q.input_scale
create_tensor: loading tensor blk.11.attn_k.input_scale
create_tensor: loading tensor blk.11.attn_v.input_scale
create_tensor: loading tensor blk.11.attn_output.input_scale
create_tensor: loading tensor blk.11.ffn_gate.input_scale
create_tensor: loading tensor blk.11.ffn_down.input_scale
create_tensor: loading tensor blk.11.ffn_up.input_scale
create_tensor: loading tensor blk.12.attn_q.scale
create_tensor: loading tensor blk.12.attn_k.scale
create_tensor: loading tensor blk.12.attn_v.scale
create_tensor: loading tensor blk.12.attn_output.scale
create_tensor: loading tensor blk.12.ffn_gate.scale
create_tensor: loading tensor blk.12.ffn_down.scale
create_tensor: loading tensor blk.12.ffn_up.scale
create_tensor: loading tensor blk.12.attn_q.input_scale
create_tensor: loading tensor blk.12.attn_k.input_scale
create_tensor: loading tensor blk.12.attn_v.input_scale
create_tensor: loading tensor blk.12.attn_output.input_scale
create_tensor: loading tensor blk.12.ffn_gate.input_scale
create_tensor: loading tensor blk.12.ffn_down.input_scale
create_tensor: loading tensor blk.12.ffn_up.input_scale
create_tensor: loading tensor blk.13.attn_q.scale
create_tensor: loading tensor blk.13.attn_k.scale
create_tensor: loading tensor blk.13.attn_v.scale
create_tensor: loading tensor blk.13.attn_output.scale
create_tensor: loading tensor blk.13.ffn_gate.scale
create_tensor: loading tensor blk.13.ffn_down.scale
create_tensor: loading tensor blk.13.ffn_up.scale
create_tensor: loading tensor blk.13.attn_q.input_scale
create_tensor: loading tensor blk.13.attn_k.input_scale
create_tensor: loading tensor blk.13.attn_v.input_scale
create_tensor: loading tensor blk.13.attn_output.input_scale
create_tensor: loading tensor blk.13.ffn_gate.input_scale
create_tensor: loading tensor blk.13.ffn_down.input_scale
create_tensor: loading tensor blk.13.ffn_up.input_scale
create_tensor: loading tensor blk.14.attn_q.scale
create_tensor: loading tensor blk.14.attn_k.scale
create_tensor: loading tensor blk.14.attn_v.scale
create_tensor: loading tensor blk.14.attn_output.scale
create_tensor: loading tensor blk.14.ffn_gate.scale
create_tensor: loading tensor blk.14.ffn_down.scale
create_tensor: loading tensor blk.14.ffn_up.scale
create_tensor: loading tensor blk.14.attn_q.input_scale
create_tensor: loading tensor blk.14.attn_k.input_scale
create_tensor: loading tensor blk.14.attn_v.input_scale
create_tensor: loading tensor blk.14.attn_output.input_scale
create_tensor: loading tensor blk.14.ffn_gate.input_scale
create_tensor: loading tensor blk.14.ffn_down.input_scale
create_tensor: loading tensor blk.14.ffn_up.input_scale
create_tensor: loading tensor blk.15.attn_q.scale
create_tensor: loading tensor blk.15.attn_k.scale
create_tensor: loading tensor blk.15.attn_v.scale
create_tensor: loading tensor blk.15.attn_output.scale
create_tensor: loading tensor blk.15.ffn_gate.scale
create_tensor: loading tensor blk.15.ffn_down.scale
create_tensor: loading tensor blk.15.ffn_up.scale
create_tensor: loading tensor blk.15.attn_q.input_scale
create_tensor: loading tensor blk.15.attn_k.input_scale
create_tensor: loading tensor blk.15.attn_v.input_scale
create_tensor: loading tensor blk.15.attn_output.input_scale
create_tensor: loading tensor blk.15.ffn_gate.input_scale
create_tensor: loading tensor blk.15.ffn_down.input_scale
create_tensor: loading tensor blk.15.ffn_up.input_scale
create_tensor: loading tensor blk.16.attn_q.scale
create_tensor: loading tensor blk.16.attn_k.scale
create_tensor: loading tensor blk.16.attn_v.scale
create_tensor: loading tensor blk.16.attn_output.scale
create_tensor: loading tensor blk.16.ffn_gate.scale
create_tensor: loading tensor blk.16.ffn_down.scale
create_tensor: loading tensor blk.16.ffn_up.scale
create_tensor: loading tensor blk.16.attn_q.input_scale
create_tensor: loading tensor blk.16.attn_k.input_scale
create_tensor: loading tensor blk.16.attn_v.input_scale
create_tensor: loading tensor blk.16.attn_output.input_scale
create_tensor: loading tensor blk.16.ffn_gate.input_scale
create_tensor: loading tensor blk.16.ffn_down.input_scale
create_tensor: loading tensor blk.16.ffn_up.input_scale
create_tensor: loading tensor blk.17.attn_q.scale
create_tensor: loading tensor blk.17.attn_k.scale
create_tensor: loading tensor blk.17.attn_v.scale
create_tensor: loading tensor blk.17.attn_output.scale
create_tensor: loading tensor blk.17.ffn_gate.scale
create_tensor: loading tensor blk.17.ffn_down.scale
create_tensor: loading tensor blk.17.ffn_up.scale
create_tensor: loading tensor blk.17.attn_q.input_scale
create_tensor: loading tensor blk.17.attn_k.input_scale
create_tensor: loading tensor blk.17.attn_v.input_scale
create_tensor: loading tensor blk.17.attn_output.input_scale
create_tensor: loading tensor blk.17.ffn_gate.input_scale
create_tensor: loading tensor blk.17.ffn_down.input_scale
create_tensor: loading tensor blk.17.ffn_up.input_scale
create_tensor: loading tensor blk.18.attn_q.scale
create_tensor: loading tensor blk.18.attn_k.scale
create_tensor: loading tensor blk.18.attn_v.scale
create_tensor: loading tensor blk.18.attn_output.scale
create_tensor: loading tensor blk.18.ffn_gate.scale
create_tensor: loading tensor blk.18.ffn_down.scale
create_tensor: loading tensor blk.18.ffn_up.scale
create_tensor: loading tensor blk.18.attn_q.input_scale
create_tensor: loading tensor blk.18.attn_k.input_scale
create_tensor: loading tensor blk.18.attn_v.input_scale
create_tensor: loading tensor blk.18.attn_output.input_scale
create_tensor: loading tensor blk.18.ffn_gate.input_scale
create_tensor: loading tensor blk.18.ffn_down.input_scale
create_tensor: loading tensor blk.18.ffn_up.input_scale
create_tensor: loading tensor blk.19.attn_q.scale
create_tensor: loading tensor blk.19.attn_k.scale
create_tensor: loading tensor blk.19.attn_v.scale
create_tensor: loading tensor blk.19.attn_output.scale
create_tensor: loading tensor blk.19.ffn_gate.scale
create_tensor: loading tensor blk.19.ffn_down.scale
create_tensor: loading tensor blk.19.ffn_up.scale
create_tensor: loading tensor blk.19.attn_q.input_scale
create_tensor: loading tensor blk.19.attn_k.input_scale
create_tensor: loading tensor blk.19.attn_v.input_scale
create_tensor: loading tensor blk.19.attn_output.input_scale
create_tensor: loading tensor blk.19.ffn_gate.input_scale
create_tensor: loading tensor blk.19.ffn_down.input_scale
create_tensor: loading tensor blk.19.ffn_up.input_scale
create_tensor: loading tensor blk.20.attn_q.scale
create_tensor: loading tensor blk.20.attn_k.scale
create_tensor: loading tensor blk.20.attn_v.scale
create_tensor: loading tensor blk.20.attn_output.scale
create_tensor: loading tensor blk.20.ffn_gate.scale
create_tensor: loading tensor blk.20.ffn_down.scale
create_tensor: loading tensor blk.20.ffn_up.scale
create_tensor: loading tensor blk.20.attn_q.input_scale
create_tensor: loading tensor blk.20.attn_k.input_scale
create_tensor: loading tensor blk.20.attn_v.input_scale
create_tensor: loading tensor blk.20.attn_output.input_scale
create_tensor: loading tensor blk.20.ffn_gate.input_scale
create_tensor: loading tensor blk.20.ffn_down.input_scale
create_tensor: loading tensor blk.20.ffn_up.input_scale
create_tensor: loading tensor blk.21.attn_q.scale
create_tensor: loading tensor blk.21.attn_k.scale
create_tensor: loading tensor blk.21.attn_v.scale
create_tensor: loading tensor blk.21.attn_output.scale
create_tensor: loading tensor blk.21.ffn_gate.scale
create_tensor: loading tensor blk.21.ffn_down.scale
create_tensor: loading tensor blk.21.ffn_up.scale
create_tensor: loading tensor blk.21.attn_q.input_scale
create_tensor: loading tensor blk.21.attn_k.input_scale
create_tensor: loading tensor blk.21.attn_v.input_scale
create_tensor: loading tensor blk.21.attn_output.input_scale
create_tensor: loading tensor blk.21.ffn_gate.input_scale
create_tensor: loading tensor blk.21.ffn_down.input_scale
create_tensor: loading tensor blk.21.ffn_up.input_scale
create_tensor: loading tensor blk.22.attn_q.scale
create_tensor: loading tensor blk.22.attn_k.scale
create_tensor: loading tensor blk.22.attn_v.scale
create_tensor: loading tensor blk.22.attn_output.scale
create_tensor: loading tensor blk.22.ffn_gate.scale
create_tensor: loading tensor blk.22.ffn_down.scale
create_tensor: loading tensor blk.22.ffn_up.scale
create_tensor: loading tensor blk.22.attn_q.input_scale
create_tensor: loading tensor blk.22.attn_k.input_scale
create_tensor: loading tensor blk.22.attn_v.input_scale
create_tensor: loading tensor blk.22.attn_output.input_scale
create_tensor: loading tensor blk.22.ffn_gate.input_scale
create_tensor: loading tensor blk.22.ffn_down.input_scale
create_tensor: loading tensor blk.22.ffn_up.input_scale
create_tensor: loading tensor blk.23.attn_q.scale
create_tensor: loading tensor blk.23.attn_k.scale
create_tensor: loading tensor blk.23.attn_v.scale
create_tensor: loading tensor blk.23.attn_output.scale
create_tensor: loading tensor blk.23.ffn_gate.scale
create_tensor: loading tensor blk.23.ffn_down.scale
create_tensor: loading tensor blk.23.ffn_up.scale
create_tensor: loading tensor blk.23.attn_q.input_scale
create_tensor: loading tensor blk.23.attn_k.input_scale
create_tensor: loading tensor blk.23.attn_v.input_scale
create_tensor: loading tensor blk.23.attn_output.input_scale
create_tensor: loading tensor blk.23.ffn_gate.input_scale
create_tensor: loading tensor blk.23.ffn_down.input_scale
create_tensor: loading tensor blk.23.ffn_up.input_scale
create_tensor: loading tensor blk.24.attn_q.scale
create_tensor: loading tensor blk.24.attn_k.scale
create_tensor: loading tensor blk.24.attn_v.scale
create_tensor: loading tensor blk.24.attn_output.scale
create_tensor: loading tensor blk.24.ffn_gate.scale
create_tensor: loading tensor blk.24.ffn_down.scale
create_tensor: loading tensor blk.24.ffn_up.scale
create_tensor: loading tensor blk.24.attn_q.input_scale
create_tensor: loading tensor blk.24.attn_k.input_scale
create_tensor: loading tensor blk.24.attn_v.input_scale
create_tensor: loading tensor blk.24.attn_output.input_scale
create_tensor: loading tensor blk.24.ffn_gate.input_scale
create_tensor: loading tensor blk.24.ffn_down.input_scale
create_tensor: loading tensor blk.24.ffn_up.input_scale
create_tensor: loading tensor blk.25.attn_q.scale
create_tensor: loading tensor blk.25.attn_k.scale
create_tensor: loading tensor blk.25.attn_v.scale
create_tensor: loading tensor blk.25.attn_output.scale
create_tensor: loading tensor blk.25.ffn_gate.scale
create_tensor: loading tensor blk.25.ffn_down.scale
create_tensor: loading tensor blk.25.ffn_up.scale
create_tensor: loading tensor blk.25.attn_q.input_scale
create_tensor: loading tensor blk.25.attn_k.input_scale
create_tensor: loading tensor blk.25.attn_v.input_scale
create_tensor: loading tensor blk.25.attn_output.input_scale
create_tensor: loading tensor blk.25.ffn_gate.input_scale
create_tensor: loading tensor blk.25.ffn_down.input_scale
create_tensor: loading tensor blk.25.ffn_up.input_scale
create_tensor: loading tensor blk.26.attn_q.scale
create_tensor: loading tensor blk.26.attn_k.scale
create_tensor: loading tensor blk.26.attn_v.scale
create_tensor: loading tensor blk.26.attn_output.scale
create_tensor: loading tensor blk.26.ffn_gate.scale
create_tensor: loading tensor blk.26.ffn_down.scale
create_tensor: loading tensor blk.26.ffn_up.scale
create_tensor: loading tensor blk.26.attn_q.input_scale
create_tensor: loading tensor blk.26.attn_k.input_scale
create_tensor: loading tensor blk.26.attn_v.input_scale
create_tensor: loading tensor blk.26.attn_output.input_scale
create_tensor: loading tensor blk.26.ffn_gate.input_scale
create_tensor: loading tensor blk.26.ffn_down.input_scale
create_tensor: loading tensor blk.26.ffn_up.input_scale
create_tensor: loading tensor blk.27.attn_q.scale
create_tensor: loading tensor blk.27.attn_k.scale
create_tensor: loading tensor blk.27.attn_v.scale
create_tensor: loading tensor blk.27.attn_output.scale
create_tensor: loading tensor blk.27.ffn_gate.scale
create_tensor: loading tensor blk.27.ffn_down.scale
create_tensor: loading tensor blk.27.ffn_up.scale
create_tensor: loading tensor blk.27.attn_q.input_scale
create_tensor: loading tensor blk.27.attn_k.input_scale
create_tensor: loading tensor blk.27.attn_v.input_scale
create_tensor: loading tensor blk.27.attn_output.input_scale
create_tensor: loading tensor blk.27.ffn_gate.input_scale
create_tensor: loading tensor blk.27.ffn_down.input_scale
create_tensor: loading tensor blk.27.ffn_up.input_scale
create_tensor: loading tensor blk.28.attn_q.scale
create_tensor: loading tensor blk.28.attn_k.scale
create_tensor: loading tensor blk.28.attn_v.scale
create_tensor: loading tensor blk.28.attn_output.scale
create_tensor: loading tensor blk.28.ffn_gate.scale
create_tensor: loading tensor blk.28.ffn_down.scale
create_tensor: loading tensor blk.28.ffn_up.scale
create_tensor: loading tensor blk.28.attn_q.input_scale
create_tensor: loading tensor blk.28.attn_k.input_scale
create_tensor: loading tensor blk.28.attn_v.input_scale
create_tensor: loading tensor blk.28.attn_output.input_scale
create_tensor: loading tensor blk.28.ffn_gate.input_scale
create_tensor: loading tensor blk.28.ffn_down.input_scale
create_tensor: loading tensor blk.28.ffn_up.input_scale
create_tensor: loading tensor blk.29.attn_q.scale
create_tensor: loading tensor blk.29.attn_k.scale
create_tensor: loading tensor blk.29.attn_v.scale
create_tensor: loading tensor blk.29.attn_output.scale
create_tensor: loading tensor blk.29.ffn_gate.scale
create_tensor: loading tensor blk.29.ffn_down.scale
create_tensor: loading tensor blk.29.ffn_up.scale
create_tensor: loading tensor blk.29.attn_q.input_scale
create_tensor: loading tensor blk.29.attn_k.input_scale
create_tensor: loading tensor blk.29.attn_v.input_scale
create_tensor: loading tensor blk.29.attn_output.input_scale
create_tensor: loading tensor blk.29.ffn_gate.input_scale
create_tensor: loading tensor blk.29.ffn_down.input_scale
create_tensor: loading tensor blk.29.ffn_up.input_scale
create_tensor: loading tensor blk.30.attn_q.scale
create_tensor: loading tensor blk.30.attn_k.scale
create_tensor: loading tensor blk.30.attn_v.scale
create_tensor: loading tensor blk.30.attn_output.scale
create_tensor: loading tensor blk.30.ffn_gate.scale
create_tensor: loading tensor blk.30.ffn_down.scale
create_tensor: loading tensor blk.30.ffn_up.scale
create_tensor: loading tensor blk.30.attn_q.input_scale
create_tensor: loading tensor blk.30.attn_k.input_scale
create_tensor: loading tensor blk.30.attn_v.input_scale
create_tensor: loading tensor blk.30.attn_output.input_scale
create_tensor: loading tensor blk.30.ffn_gate.input_scale
create_tensor: loading tensor blk.30.ffn_down.input_scale
create_tensor: loading tensor blk.30.ffn_up.input_scale
create_tensor: loading tensor blk.31.attn_q.scale
create_tensor: loading tensor blk.31.attn_k.scale
create_tensor: loading tensor blk.31.attn_v.scale
create_tensor: loading tensor blk.31.attn_output.scale
create_tensor: loading tensor blk.31.ffn_gate.scale
create_tensor: loading tensor blk.31.ffn_down.scale
create_tensor: loading tensor blk.31.ffn_up.scale
create_tensor: loading tensor blk.31.attn_q.input_scale
create_tensor: loading tensor blk.31.attn_k.input_scale
create_tensor: loading tensor blk.31.attn_v.input_scale
create_tensor: loading tensor blk.31.attn_output.input_scale
create_tensor: loading tensor blk.31.ffn_gate.input_scale
create_tensor: loading tensor blk.31.ffn_down.input_scale
create_tensor: loading tensor blk.31.ffn_up.input_scale
done_getting_tensors: tensor 'token_embd.weight' (q8_0) (and 65 others) cannot be used with preferred buffer type CPU_REPACK, using CPU instead
load_tensors:   CPU_Mapped model buffer size =   366.80 MiB
load_tensors:   CPU_REPACK model buffer size =   366.56 MiB
llama_model_load_from_file_impl: cancelled model load
~llama_context:        CPU compute buffer size is   5.7530 MiB, matches expectation of   5.7530 MiB
~llama_context:        CPU compute buffer size is   5.7530 MiB, matches expectation of   5.7530 MiB
~llama_context:        CPU compute buffer size is   5.7530 MiB, matches expectation of   5.7530 MiB
~llama_context:        CPU compute buffer size is   5.7530 MiB, matches expectation of   5.7530 MiB
CONTROL_JSON {"profile":"smol","device":"cpu","devices":[{"name":"CPU","description":"Apple M5"}],"model_bytes":384618240,"model_parameters":361821120,"model_loads":1,"owners":4,"repeated_requests":100,"batches":20,"threads_per_context":2,"input_token_ids":[[1,9690,198,2683,359,253,5356,5646,11173,3365,3511,308,34519,28,7018,411,407,19712,8182,2,198,1,4093,198,504,2644,314,10902,335,253,3091,8393,388,30,2,198,1,520,9531,198],[1,9690,198,2683,359,253,5356,5646,11173,3365,3511,308,34519,28,7018,411,407,19712,8182,2,198,1,4093,198,38932,451,6330,327,10622,4006,14471,42,7655,1072,260,2644,2801,47,2,198,1,520,9531,198],[1,9690,198,2683,359,253,5356,5646,11173,3365,3511,308,34519,28,7018,411,407,19712,8182,2,198,1,4093,198,30904,24583,30,48031,2756,28,19144,34878,85,28,17097,241,115,40993,179,120,248,30,2,198,1,520,9531,198],[1,9690,198,2683,359,253,5356,5646,11173,3365,3511,308,34519,28,7018,411,407,19712,8182,2,198,1,4093,198,2,198,1,520,9531,198]],"flash_attention":"auto","context_model_identity_shared":true,"resident_after_model_bytes":798588928,"resident_after_each_context_bytes":[970293248,1143390208,1316438016,1489485824],"backend_setup_ms":2.92475,"model_load_ms":234.308125,"context_create_ms":[8.950375,8.943417,9.077541,8.684125],"timing_limits_enforced":true,"first_request_ms":302.179209,"preparation_requests_ms":918.469541,"preparation_compute_units":{"decode":{"calls":54,"total_ms":371.2044199999999,"max_ms":7.984042},"prefill":{"calls":3,"total_ms":533.3751249999999,"max_ms":181.908292}},"warm_upstream_counters":{"prompt_tokens":8410,"generated_tokens":1400,"prompt_eval_ms":11602.231,"token_eval_ms":7675.849},"warm_units":{"decode":{"calls":1760,"total_ms":10261.010677,"max_ms":8.155875},"prefill":{"calls":120,"total_ms":9024.496620999998,"max_ms":220.398958}},"generated_token_ids":[[504,2644,314,10902,335,253,3091,8393,388,30],[504,2644,2801,99,281,253,18840,1838,10172,30],[30904,24583,30,48031,2756,28,19144,34878,85,28,17097,241,115,40993,179,120,248,30],[57,5248,4421,288,4237,30,1812,506,260,3856,355,1962,346,6737,702,724,351,47]],"finish_reasons":["eos","eos","eos","eos"],"warm_single_request_ms":[104.037042,103.507542,151.821125,135.660583,101.266875,104.213417,150.641,134.511209,109.576875,108.81875,156.329708,135.206459,100.763292,104.399875,155.051542,133.499417,101.478042,106.644833,152.923458,134.288166,105.458,104.895375,158.648625,134.787417,101.78725,105.081875,158.356709,135.30075,102.732125,108.516167,156.79225,139.9635,108.015542,112.293708,158.618041,135.522334,102.885459,109.981667,155.817625,135.717417,104.912542,107.193792,159.177,145.845083,109.185541,111.265584,164.82475,139.540416,104.535833,108.944791,157.185041,135.756875,103.174042,112.838875,157.7565,140.62475,105.157,107.468834,159.021042,141.864084,110.877042,113.509,161.690167,137.608416,108.728083,112.029083,158.036792,143.413542,107.005333,109.752875,159.017625,139.066875,105.148083,108.997083,160.125042,138.128875,104.711584,109.141958,164.809959,146.126583,108.322583,111.181541,160.039833,137.927166,107.2075,109.009167,159.790917,137.793042,109.125625,112.463167,159.808792,138.642,109.293292,114.302125,163.488375,138.636834,107.011375,111.259,162.704458,141.0365],"warm_batch_request_ms":[331.411208,342.7025,335.384875,336.144083,330.942208,332.266417,342.801458,342.52325,359.637792,358.804583,337.590833,337.543792,337.092917,347.925375,337.628667,337.157333,341.4685,339.0115,341.11575,348.515667],"warm_single_total_ms":12789.050713000002,"warm_batch_total_ms":6817.668708,"inference_cancellation":[{"phase":"prefill","mechanism":"cpu_abort_callback","return_code":2,"request_during_unit":true,"callbacks":2,"cancel_to_drain_ms":0.114708,"unit_ms":0.476},{"phase":"decode","mechanism":"cpu_abort_callback","return_code":2,"request_during_unit":true,"callbacks":2,"cancel_to_drain_ms":0.06075,"unit_ms":0.293417}],"invalid_batch_rejected":true,"invalid_model_controls":[{"case":"missing.gguf","rejected":true},{"case":"bad-magic.gguf","rejected":true},{"case":"truncated.gguf","rejected":true}],"cancelled_load_progress_calls":1,"load_cancel_elapsed_ms":51.2485,"resident_memory_samples_bytes":[1496104960,1496104960,1496137728,1496137728,1496137728,1496154112,1496154112,1496154112,1496154112,1496154112,1496154112,1496203264],"retained_growth_bytes":98304,"sanitizer_allocation_samples":[],"retention_metric":"process_rss","retention_guard_growth_bytes":98304,"parity_failures":[],"parity_summary":{},"result":"PASS"}
PASS native inference direct control
