section,name,value,id,count,total_ns,average_ns,min_ns,max_ns,percent,selected,entries,resumes,terminals,module,kind,completed,unwound,return_type,args,bytes,max_bytes,high_water,status
summary,schema_version,5,,0,0,0,0,0,0,,,,,,,,,,,,,,
summary,vm_mode,rxvm,,0,0,0,0,0,0,,,,,,,,,,,,,,
summary,result,0,,0,0,0,0,0,0,,,,,,,,,,,,,,
summary,timer_read_min_ns,41,,1,41,41,41,41,0,,,,,,,,,,,,,,
summary,timer_zero_deltas,762,,0,0,0,0,0,0,,,,,,,,,,,,,,
summary,interrupt_polls,204662,,0,0,0,0,0,0,,,,,,,,,,,,,,
summary,invalid_events,0,,0,0,0,0,0,0,,,,,,,,,,,,,,
summary,counter_overflow,0,,0,0,0,0,0,0,,,,,,,,,,,,,,
summary,procedure_tracking_unavailable,0,,0,0,0,0,0,0,,,,,,,,,,,,,,
summary,allocation_tracking_unavailable,0,,0,0,0,0,0,0,,,,,,,,,,,,,,
summary,census_tracking_unavailable,0,,0,0,0,0,0,0,,,,,,,,,,,,,,
summary,metadata_tracking_unavailable,0,,0,0,0,0,0,0,,,,,,,,,,,,,,
instruction,SRCFPROCSEL_REG_STRING_REG,,58,7,22361001,3194428,2800708,3556292,84.992459,,,,,,,,,,,,,,
instruction,COPY_REG_REG,,8,1261,456830,362,0,9042,1.736376,,,,,,,,,,,,,,
instruction,BRF_ID_REG,,38,30373,396833,13,0,3500,1.508332,,,,,,,,,,,,,,
instruction,CALL_REG_FUNC_REG,,46,1103,291305,264,41,3958,1.107228,,,,,,,,,,,,,,
instruction,MTIME_REG,,459,4,198376,49594,375,196792,0.754012,,,,,,,,,,,,,,
instruction,NULL_REG,,14,14326,185244,12,0,167,0.704098,,,,,,,,,,,,,,
instruction,ENDLIFE_REG,,514,14337,182962,12,0,250,0.695425,,,,,,,,,,,,,,
instruction,ICOPY_REG_REG,,9,11501,148345,12,0,1000,0.563848,,,,,,,,,,,,,,
instruction,IEQ_REG_REG_INT,,101,9390,121969,12,0,333,0.463595,,,,,,,,,,,,,,
instruction,SCOPY_REG_REG,,11,8489,114837,13,0,917,0.436487,,,,,,,,,,,,,,
instruction,BR_ID,,36,8297,100932,12,0,2666,0.383635,,,,,,,,,,,,,,
instruction,BRT_ID_REG,,37,7711,96824,12,0,291,0.368021,,,,,,,,,,,,,,
instruction,LOAD_REG_INT,,1,7086,89982,12,0,167,0.342015,,,,,,,,,,,,,,
instruction,STRCHAR_REG_REG_REG,,150,5826,89308,15,0,292,0.339453,,,,,,,,,,,,,,
instruction,IADD_REG_REG_INT,,16,5842,83683,14,0,6959,0.318073,,,,,,,,,,,,,,
instruction,UNLINK_REG,,213,5518,72354,13,0,333,0.275012,,,,,,,,,,,,,,
instruction,IGT_REG_REG_REG,,104,5325,67658,12,0,209,0.257163,,,,,,,,,,,,,,
instruction,SWAP_REG_REG,,510,1966,60777,30,0,1208,0.231009,,,,,,,,,,,,,,
instruction,LOAD_REG_STRING,,3,3257,47850,14,0,333,0.181874,,,,,,,,,,,,,,
instruction,RET_REG,,49,707,46721,66,0,958,0.177583,,,,,,,,,,,,,,
instruction,LINKATTR1_REG_REG_INT,,203,3415,45605,13,0,500,0.173341,,,,,,,,,,,,,,
instruction,ILT_REG_REG_INT,,111,3303,44397,13,0,167,0.168750,,,,,,,,,,,,,,
instruction,ISUB_REG_REG_INT,,18,3061,40699,13,0,166,0.154694,,,,,,,,,,,,,,
instruction,IADD_REG_REG_REG,,15,3383,40257,11,0,167,0.153014,,,,,,,,,,,,,,
instruction,MINATTRS_REG_REG_INT,,223,2126,39614,18,0,1125,0.150570,,,,,,,,,,,,,,
instruction,ILT_REG_REG_REG,,110,2733,36361,13,0,250,0.138205,,,,,,,,,,,,,,
instruction,IGT_REG_REG_INT,,105,2523,33868,13,0,333,0.128730,,,,,,,,,,,,,,
instruction,IMULT_REG_REG_INT,,21,2745,33030,12,0,125,0.125545,,,,,,,,,,,,,,
instruction,LINKATTR1_REG_REG_REG,,202,2338,32269,13,0,208,0.122652,,,,,,,,,,,,,,
instruction,STRLEN_REG_REG,,149,2408,32081,13,0,1084,0.121937,,,,,,,,,,,,,,
instruction,IEQ_REG_REG_REG,,100,2376,31127,13,0,292,0.118311,,,,,,,,,,,,,,
instruction,SETTP_REG_INT,,517,2414,30588,12,0,166,0.116263,,,,,,,,,,,,,,
instruction,REQ_REG_REG_STRING,,564,699,28049,40,0,667,0.106612,,,,,,,,,,,,,,
instruction,REQ_REG_REG_REG,,563,740,26833,36,0,333,0.101990,,,,,,,,,,,,,,
instruction,BCTP_ID_REG,,349,2092,26251,12,0,333,0.099778,,,,,,,,,,,,,,
instruction,INE_REG_REG_INT,,103,1950,25452,13,0,167,0.096741,,,,,,,,,,,,,,
instruction,SETNUMDGTS_INT,,246,1139,25325,22,0,958,0.096258,,,,,,,,,,,,,,
instruction,IGTE_REG_REG_REG,,107,1848,23929,12,0,250,0.090952,,,,,,,,,,,,,,
instruction,RNE_REG_REG_STRING,,567,647,22012,34,0,208,0.083666,,,,,,,,,,,,,,
instruction,DCALL_REG_REG_REG,,47,49,21337,435,167,2666,0.081100,,,,,,,,,,,,,,
instruction,SETNUMFUZ_INT,,249,1141,21147,18,0,5208,0.080378,,,,,,,,,,,,,,
instruction,FTOS_REG,,230,60,19416,323,166,4167,0.073799,,,,,,,,,,,,,,
instruction,ILTE_REG_REG_INT,,114,1428,19121,13,0,166,0.072677,,,,,,,,,,,,,,
instruction,SUBSTRING_REG_REG_REG,,161,988,18913,19,0,333,0.071887,,,,,,,,,,,,,,
instruction,SETSTRPOS_REG_REG,,154,988,18669,18,0,833,0.070959,,,,,,,,,,,,,,
instruction,IMOD_REG_REG_REG,,25,1317,17428,13,0,167,0.066242,,,,,,,,,,,,,,
instruction,SETNUMCAS_INT,,255,1141,16210,14,0,125,0.061613,,,,,,,,,,,,,,
instruction,BRTPANDT_ID_REG_INT,,524,952,15613,16,0,1708,0.059344,,,,,,,,,,,,,,
instruction,SETNUMSTD_INT,,258,1141,15077,13,0,125,0.057307,,,,,,,,,,,,,,
instruction,SETNUMFRM_INT,,252,1139,14633,12,0,167,0.055619,,,,,,,,,,,,,,
instruction,IGTE_REG_REG_INT,,108,932,14085,15,0,2250,0.053536,,,,,,,,,,,,,,
instruction,ISUB_REG_REG_REG,,17,1093,13661,12,0,167,0.051924,,,,,,,,,,,,,,
instruction,SETATTRS_REG_INT,,217,264,13253,50,0,3916,0.050374,,,,,,,,,,,,,,
instruction,ILTE_REG_REG_REG,,113,980,12881,13,0,125,0.048960,,,,,,,,,,,,,,
instruction,STRUPPER_REG_REG,,158,441,12669,28,0,2333,0.048154,,,,,,,,,,,,,,
instruction,RET,,48,358,11793,32,0,250,0.044824,,,,,,,,,,,,,,
instruction,ASSERTTYPE_REG_STRING,,61,35,10042,286,166,583,0.038169,,,,,,,,,,,,,,
instruction,ITOS_REG,,229,172,9124,53,0,292,0.034680,,,,,,,,,,,,,,
instruction,FTOD_REG,,243,30,8918,297,166,917,0.033897,,,,,,,,,,,,,,
instruction,SAY_STRING,,455,4,7792,1948,334,5792,0.029617,,,,,,,,,,,,,,
instruction,BNE_ID_REG_INT,,43,530,7465,14,0,250,0.028374,,,,,,,,,,,,,,
instruction,BRTF_ID_ID_REG,,39,408,6555,16,0,375,0.024915,,,,,,,,,,,,,,
instruction,SAY_REG,,450,5,6375,1275,542,3625,0.024231,,,,,,,,,,,,,,
instruction,DTOS_REG,,239,57,6331,111,0,542,0.024064,,,,,,,,,,,,,,
instruction,ASSERTINITIALIZED_REG,,85,269,6247,23,0,208,0.023744,,,,,,,,,,,,,,
instruction,GETATTRS_REG_REG_INT,,215,395,6004,15,0,1000,0.022821,,,,,,,,,,,,,,
instruction,NOT_REG_REG,,182,393,5834,14,0,208,0.022175,,,,,,,,,,,,,,
instruction,DADD_REG_REG_DECIMAL,,361,28,5458,194,83,1084,0.020745,,,,,,,,,,,,,,
instruction,CONCAT_REG_REG_STRING,,135,217,5374,24,0,167,0.020426,,,,,,,,,,,,,,
instruction,FNDNBLNK_REG_REG_REG,,166,397,5338,13,0,334,0.020289,,,,,,,,,,,,,,
instruction,GETANDTP_REG_REG_INT,,522,289,5127,17,0,1209,0.019487,,,,,,,,,,,,,,
instruction,MINATTRS_REG_INT,,222,284,5083,17,0,1583,0.019320,,,,,,,,,,,,,,
instruction,DMULT_REG_REG_DECIMAL,,366,27,5042,186,83,1417,0.019164,,,,,,,,,,,,,,
instruction,ISTYPE_REG_REG_STRING,,60,7,4750,678,416,1000,0.018054,,,,,,,,,,,,,,
instruction,STOI_REG,,237,114,4710,41,0,459,0.017902,,,,,,,,,,,,,,
instruction,DGT_REG_REG_REG,,380,28,4248,151,0,2083,0.016146,,,,,,,,,,,,,,
instruction,BGE_ID_REG_INT,,355,235,4080,17,0,1000,0.015508,,,,,,,,,,,,,,
instruction,SRCMETHODSEL_REG_REG_STRING,,57,42,3874,92,0,416,0.014725,,,,,,,,,,,,,,
instruction,STOD_REG,,238,83,3792,45,0,1041,0.014413,,,,,,,,,,,,,,
instruction,RET_INT,,50,58,3752,64,0,417,0.014261,,,,,,,,,,,,,,
instruction,ISUB_REG_INT_REG,,19,232,3585,15,0,250,0.013626,,,,,,,,,,,,,,
instruction,SEQ_REG_REG_REG,,116,166,3254,19,0,375,0.012368,,,,,,,,,,,,,,
instruction,CONCAT_REG_REG_REG,,134,143,3046,21,0,209,0.011578,,,,,,,,,,,,,,
instruction,BCF_ID_REG,,350,32,2999,93,0,2125,0.011399,,,,,,,,,,,,,,
instruction,SETOBJUNINIT_REG_STRING,,84,111,2961,26,0,542,0.011255,,,,,,,,,,,,,,
instruction,SETOBJTYPE_REG_STRING,,56,52,2957,56,0,1041,0.011239,,,,,,,,,,,,,,
instruction,SEQ_REG_REG_STRING,,117,35,2623,74,0,833,0.009970,,,,,,,,,,,,,,
instruction,STRLOWER_REG_REG,,157,16,2123,132,41,1334,0.008069,,,,,,,,,,,,,,
instruction,RET_STRING,,52,30,2042,68,0,334,0.007761,,,,,,,,,,,,,,
instruction,RXVERS_REG,,461,1,2000,2000,2000,2000,0.007602,,,,,,,,,,,,,,
instruction,LOAD_REG_FLOAT,,2,52,1959,37,0,542,0.007446,,,,,,,,,,,,,,
instruction,BGT_ID_REG_REG,,352,168,1958,11,0,166,0.007442,,,,,,,,,,,,,,
instruction,FNDBLNK_REG_REG_REG,,165,29,1914,66,0,1167,0.007275,,,,,,,,,,,,,,
instruction,DCOPY_REG_REG,,12,57,1879,32,0,208,0.007142,,,,,,,,,,,,,,
instruction,CONCAT_REG_STRING_REG,,136,42,1706,40,0,167,0.006484,,,,,,,,,,,,,,
instruction,BLE_ID_REG_INT,,359,73,1628,22,0,250,0.006188,,,,,,,,,,,,,,
instruction,BEQ_ID_REG_INT,,41,51,1624,31,0,333,0.006173,,,,,,,,,,,,,,
instruction,FCOPY_REG_REG,,10,61,1622,26,0,375,0.006165,,,,,,,,,,,,,,
instruction,BCOPY_REG_REG,,581,84,1460,17,0,208,0.005549,,,,,,,,,,,,,,
instruction,FEQ_REG_REG_FLOAT,,317,28,1334,47,0,333,0.005070,,,,,,,,,,,,,,
instruction,FGT_REG_REG_REG,,320,42,1289,30,0,167,0.004899,,,,,,,,,,,,,,
instruction,FADD_REG_REG_REG,,300,30,1250,41,0,417,0.004751,,,,,,,,,,,,,,
instruction,BGE_ID_REG_REG,,354,44,1168,26,0,250,0.004439,,,,,,,,,,,,,,
instruction,APPEND_REG_REG,,143,19,1125,59,0,417,0.004276,,,,,,,,,,,,,,
instruction,BPOFF,,495,33,1085,32,0,292,0.004124,,,,,,,,,,,,,,
instruction,FLT_REG_REG_FLOAT,,327,28,958,34,0,167,0.003641,,,,,,,,,,,,,,
instruction,BLE_ID_REG_REG,,358,70,958,13,0,83,0.003641,,,,,,,,,,,,,,
instruction,STRPOS_REG_REG_REG,,164,32,877,27,0,375,0.003333,,,,,,,,,,,,,,
instruction,JUMPR_REG_BINARY,,635,1,750,750,750,750,0.002851,,,,,,,,,,,,,,
instruction,SCONCAT_REG_STRING_REG,,139,5,708,141,42,208,0.002691,,,,,,,,,,,,,,
instruction,POSCHAR_REG_REG_REG,,153,6,708,118,41,292,0.002691,,,,,,,,,,,,,,
instruction,STOF_REG,,236,2,583,291,167,416,0.002216,,,,,,,,,,,,,,
instruction,FSUB_REG_REG_REG,,302,1,542,542,542,542,0.002060,,,,,,,,,,,,,,
instruction,FDIV_REG_REG_FLOAT,,308,4,501,125,0,250,0.001904,,,,,,,,,,,,,,
instruction,ITOF_REG,,231,7,460,65,0,167,0.001748,,,,,,,,,,,,,,
instruction,SCONCAT_REG_REG_STRING,,138,4,459,114,83,209,0.001745,,,,,,,,,,,,,,
instruction,BTOI_REG,,225,32,459,14,0,83,0.001745,,,,,,,,,,,,,,
instruction,BLT_ID_REG_INT,,357,1,417,417,417,417,0.001585,,,,,,,,,,,,,,
instruction,BNE_ID_REG_REG,,42,37,415,11,0,83,0.001577,,,,,,,,,,,,,,
instruction,APPENDCHAR_REG_REG,,140,8,415,51,0,250,0.001577,,,,,,,,,,,,,,
instruction,RNE_REG_REG_REG,,566,1,334,334,334,334,0.001270,,,,,,,,,,,,,,
instruction,FDIV_REG_REG_REG,,307,3,209,69,42,84,0.000794,,,,,,,,,,,,,,
instruction,SAPPEND_REG_REG,,142,2,166,83,83,83,0.000631,,,,,,,,,,,,,,
instruction,FDIV_REG_FLOAT_REG,,309,1,83,83,83,83,0.000315,,,,,,,,,,,,,,
instruction,INE_REG_REG_REG,,102,1,42,42,42,42,0.000160,,,,,,,,,,,,,,
transition,sequential_same_frame,,0,170102,1842106,10,0,6875,83.333492,,,,,,,,,,,,,,
transition,branch_same_frame,,1,32255,341758,10,0,792,15.460504,,,,,,,,,,,,,,
transition,call_enter_frame,,2,1152,12249,10,0,167,0.554122,,,,,,,,,,,,,,
transition,return_leave_frame,,3,1152,11993,10,0,125,0.542541,,,,,,,,,,,,,,
transition,external_entry,,6,1,2417,2417,2417,2417,0.109341,,,,,,,,,,,,,,
transition,terminal,,7,1,0,0,0,0,0.000000,,,,,,,,,,,,,,
interrupt,scan_all,,,0,0,0,0,0,0,,,,,,,,,,,,,,
interrupt,scan_without_selection,,,0,0,0,0,0,0,,,,,,,,,,,,,,
interrupt,mechanics_all,,,0,0,0,0,0,0,,,,,,,,,,,,,,
procedure,"rexxcps_levelb_opaque.main","elapsed",,1,28519917,28519917,28519917,28519917,0,,,,,"benchmark_rexxcps_levelb_opaque_opt",procedure,1,0,".int","",,,,
procedure,"rexxcps_levelb_opaque.main","inclusive_body",,1,28517458,28517458,28517458,28517458,0,,,,,"benchmark_rexxcps_levelb_opaque_opt",procedure,1,0,".int","",,,,
procedure,"rexxcps_levelb_opaque.main","self",,1,413200,413200,413200,413200,0,,,,,"benchmark_rexxcps_levelb_opaque_opt",procedure,1,0,".int","",,,,
procedure,"rexxcps_levelb_opaque.main","native_child",,1,0,0,0,0,0,,,,,"benchmark_rexxcps_levelb_opaque_opt",procedure,1,0,".int","",,,,
procedure,"rexxcps_levelb_opaque.main","entry_overhead",,1,2417,2417,2417,2417,0,,,,,"benchmark_rexxcps_levelb_opaque_opt",procedure,1,0,".int","",,,,
procedure,"rexxcps_levelb_opaque.main","exit_overhead",,1,42,42,42,42,0,,,,,"benchmark_rexxcps_levelb_opaque_opt",procedure,1,0,".int","",,,,
procedure,"_rxsysb._ensure_address_environment","elapsed",,34,22701004,667676,6542,3576792,0,,,,,"_address",procedure,34,0,".int","env_name=.string",,,,
procedure,"_rxsysb._ensure_address_environment","inclusive_body",,34,22689501,667338,6084,3576292,0,,,,,"_address",procedure,34,0,".int","env_name=.string",,,,
procedure,"_rxsysb._ensure_address_environment","self",,34,22475169,661034,1793,3561791,0,,,,,"_address",procedure,34,0,".int","env_name=.string",,,,
procedure,"_rxsysb._ensure_address_environment","native_child",,34,0,0,0,0,0,,,,,"_address",procedure,34,0,".int","env_name=.string",,,,
procedure,"_rxsysb._ensure_address_environment","entry_overhead",,34,8877,261,167,541,0,,,,,"_address",procedure,34,0,".int","env_name=.string",,,,
procedure,"_rxsysb._ensure_address_environment","exit_overhead",,34,2626,77,41,209,0,,,,,"_address",procedure,34,0,".int","env_name=.string",,,,
procedure,"_rxsysb.addressenv","elapsed",,14,19720415,1408601,15375,19511292,0,,,,,"_address",procedure,14,0,"._rxsysb..addressenvironment","?env_name=.string",,,,
procedure,"_rxsysb.addressenv","inclusive_body",,14,19713958,1408139,14958,19510750,0,,,,,"_address",procedure,14,0,"._rxsysb..addressenvironment","?env_name=.string",,,,
procedure,"_rxsysb.addressenv","self",,14,4250,303,291,375,0,,,,,"_address",procedure,14,0,"._rxsysb..addressenvironment","?env_name=.string",,,,
procedure,"_rxsysb.addressenv","native_child",,14,0,0,0,0,0,,,,,"_address",procedure,14,0,"._rxsysb..addressenvironment","?env_name=.string",,,,
procedure,"_rxsysb.addressenv","entry_overhead",,14,4041,288,250,417,0,,,,,"_address",procedure,14,0,"._rxsysb..addressenvironment","?env_name=.string",,,,
procedure,"_rxsysb.addressenv","exit_overhead",,14,2416,172,125,250,0,,,,,"_address",procedure,14,0,"._rxsysb..addressenvironment","?env_name=.string",,,,
procedure,"_rxsysb._address_environment","elapsed",,14,19709708,1407836,14666,19510458,0,,,,,"_address",procedure,14,0,"._rxsysb..addressenvironment","?env_name=.string",,,,
procedure,"_rxsysb._address_environment","inclusive_body",,14,19702375,1407312,14250,19509000,0,,,,,"_address",procedure,14,0,"._rxsysb..addressenvironment","?env_name=.string",,,,
procedure,"_rxsysb._address_environment","self",,14,45374,3241,2416,3790,0,,,,,"_address",procedure,14,0,"._rxsysb..addressenvironment","?env_name=.string",,,,
procedure,"_rxsysb._address_environment","native_child",,14,0,0,0,0,0,,,,,"_address",procedure,14,0,"._rxsysb..addressenvironment","?env_name=.string",,,,
procedure,"_rxsysb._address_environment","entry_overhead",,14,5833,416,291,1250,0,,,,,"_address",procedure,14,0,"._rxsysb..addressenvironment","?env_name=.string",,,,
procedure,"_rxsysb._address_environment","exit_overhead",,14,1500,107,83,208,0,,,,,"_address",procedure,14,0,"._rxsysb..addressenvironment","?env_name=.string",,,,
procedure,"_rxsysb.ensure_address_runtime","elapsed",,118,19533543,165538,250,19495250,0,,,,,"_address",procedure,118,0,".void","",,,,
procedure,"_rxsysb.ensure_address_runtime","inclusive_body",,118,19511830,165354,125,19494750,0,,,,,"_address",procedure,118,0,".void","",,,,
procedure,"_rxsysb.ensure_address_runtime","self",,118,17997,152,125,917,0,,,,,"_address",procedure,118,0,".void","",,,,
procedure,"_rxsysb.ensure_address_runtime","native_child",,118,0,0,0,0,0,,,,,"_address",procedure,118,0,".void","",,,,
procedure,"_rxsysb.ensure_address_runtime","entry_overhead",,118,17628,149,83,792,0,,,,,"_address",procedure,118,0,".void","",,,,
procedure,"_rxsysb.ensure_address_runtime","exit_overhead",,118,4085,34,0,125,0,,,,,"_address",procedure,118,0,".void","",,,,
procedure,"_rxsysb._address","elapsed",,14,3523208,251657,33917,3062750,0,,,,,"_address",procedure,14,0,".int","?env=.string,?command=.string,in=.binary,out=.binary,err=.binary,expose ...=.string",,,,
procedure,"_rxsysb._address","inclusive_body",,14,3514250,251017,33542,3059250,0,,,,,"_address",procedure,14,0,".int","?env=.string,?command=.string,in=.binary,out=.binary,err=.binary,expose ...=.string",,,,
procedure,"_rxsysb._address","self",,14,51539,3681,3290,6042,0,,,,,"_address",procedure,14,0,".int","?env=.string,?command=.string,in=.binary,out=.binary,err=.binary,expose ...=.string",,,,
procedure,"_rxsysb._address","native_child",,14,0,0,0,0,0,,,,,"_address",procedure,14,0,".int","?env=.string,?command=.string,in=.binary,out=.binary,err=.binary,expose ...=.string",,,,
procedure,"_rxsysb._address","entry_overhead",,14,7582,541,291,3333,0,,,,,"_address",procedure,14,0,".int","?env=.string,?command=.string,in=.binary,out=.binary,err=.binary,expose ...=.string",,,,
procedure,"_rxsysb._address","exit_overhead",,14,1376,98,42,167,0,,,,,"_address",procedure,14,0,".int","?env=.string,?command=.string,in=.binary,out=.binary,err=.binary,expose ...=.string",,,,
procedure,"rxfnsb.parseexec","elapsed",,98,3287414,33545,30708,42083,0,,,,,"parseExec",procedure,98,0,".string[*]","src=.string,splan=.string,template=.string,?debug=.int",,,,
procedure,"rxfnsb.parseexec","inclusive_body",,98,3237249,33033,30291,40917,0,,,,,"parseExec",procedure,98,0,".string[*]","src=.string,splan=.string,template=.string,?debug=.int",,,,
procedure,"rxfnsb.parseexec","self",,98,3173084,32378,30291,40917,0,,,,,"parseExec",procedure,98,0,".string[*]","src=.string,splan=.string,template=.string,?debug=.int",,,,
procedure,"rxfnsb.parseexec","native_child",,98,0,0,0,0,0,,,,,"parseExec",procedure,98,0,".string[*]","src=.string,splan=.string,template=.string,?debug=.int",,,,
procedure,"rxfnsb.parseexec","entry_overhead",,98,38040,388,291,2667,0,,,,,"parseExec",procedure,98,0,".string[*]","src=.string,splan=.string,template=.string,?debug=.int",,,,
procedure,"rxfnsb.parseexec","exit_overhead",,98,12125,123,42,209,0,,,,,"parseExec",procedure,98,0,".string[*]","src=.string,splan=.string,template=.string,?debug=.int",,,,
procedure,"_rxsysb._set_address_environment","elapsed",,14,3211418,229387,13917,3027167,0,,,,,"_address",procedure,14,0,".int","env_name=.string",,,,
procedure,"_rxsysb._set_address_environment","inclusive_body",,14,3206668,229047,13625,3026500,0,,,,,"_address",procedure,14,0,".int","env_name=.string",,,,
procedure,"_rxsysb._set_address_environment","self",,14,40910,2922,2791,3291,0,,,,,"_address",procedure,14,0,".int","env_name=.string",,,,
procedure,"_rxsysb._set_address_environment","native_child",,14,0,0,0,0,0,,,,,"_address",procedure,14,0,".int","env_name=.string",,,,
procedure,"_rxsysb._set_address_environment","entry_overhead",,14,3916,279,208,542,0,,,,,"_address",procedure,14,0,".int","env_name=.string",,,,
procedure,"_rxsysb._set_address_environment","exit_overhead",,14,834,59,41,125,0,,,,,"_address",procedure,14,0,".int","env_name=.string",,,,
procedure,"rxfnsb.stem.get","elapsed",,128,615089,4805,3000,13500,0,,,,,"stem",method,128,0,".string","key=.string",,,,
procedure,"rxfnsb.stem.get","inclusive_body",,128,577410,4511,2750,12875,0,,,,,"stem",method,128,0,".string","key=.string",,,,
procedure,"rxfnsb.stem.get","self",,128,577410,4511,2750,12875,0,,,,,"stem",method,128,0,".string","key=.string",,,,
procedure,"rxfnsb.stem.get","native_child",,128,0,0,0,0,0,,,,,"stem",method,128,0,".string","key=.string",,,,
procedure,"rxfnsb.stem.get","entry_overhead",,128,30962,241,125,1209,0,,,,,"stem",method,128,0,".string","key=.string",,,,
procedure,"rxfnsb.stem.get","exit_overhead",,128,6717,52,0,416,0,,,,,"stem",method,128,0,".string","key=.string",,,,
procedure,"rxfnsb.strip","elapsed",,198,392003,1979,1333,6541,0,,,,,"strip",procedure,198,0,".string","string=.string,?option=.string,?char=.string",,,,
procedure,"rxfnsb.strip","inclusive_body",,198,322000,1626,1041,5167,0,,,,,"strip",procedure,198,0,".string","string=.string,?option=.string,?char=.string",,,,
procedure,"rxfnsb.strip","self",,198,322000,1626,1041,5167,0,,,,,"strip",procedure,198,0,".string","string=.string,?option=.string,?char=.string",,,,
procedure,"rxfnsb.strip","native_child",,198,0,0,0,0,0,,,,,"strip",procedure,198,0,".string","string=.string,?option=.string,?char=.string",,,,
procedure,"rxfnsb.strip","entry_overhead",,198,60338,304,125,3958,0,,,,,"strip",procedure,198,0,".string","string=.string,?option=.string,?char=.string",,,,
procedure,"rxfnsb.strip","exit_overhead",,198,9665,48,41,208,0,,,,,"strip",procedure,198,0,".string","string=.string,?option=.string,?char=.string",,,,
procedure,"rxfnsb.stem.set","elapsed",,83,373714,4502,709,10958,0,,,,,"stem",method,83,0,".void","?key=.string,value=.string",,,,
procedure,"rxfnsb.stem.set","inclusive_body",,83,346872,4179,500,10375,0,,,,,"stem",method,83,0,".void","?key=.string,value=.string",,,,
procedure,"rxfnsb.stem.set","self",,83,346872,4179,500,10375,0,,,,,"stem",method,83,0,".void","?key=.string,value=.string",,,,
procedure,"rxfnsb.stem.set","native_child",,83,0,0,0,0,0,,,,,"stem",method,83,0,".void","?key=.string,value=.string",,,,
procedure,"rxfnsb.stem.set","entry_overhead",,83,23504,283,166,1333,0,,,,,"stem",method,83,0,".void","?key=.string,value=.string",,,,
procedure,"rxfnsb.stem.set","exit_overhead",,83,3338,40,0,125,0,,,,,"stem",method,83,0,".void","?key=.string,value=.string",,,,
procedure,"rxfnsb.time","elapsed",,4,238376,59594,5167,215417,0,,,,,"time",procedure,4,0,".string","?option=.string",,,,
procedure,"rxfnsb.time","inclusive_body",,4,233166,58291,4708,212875,0,,,,,"time",procedure,4,0,".string","?option=.string",,,,
procedure,"rxfnsb.time","self",,4,225002,56250,3500,208751,0,,,,,"time",procedure,4,0,".string","?option=.string",,,,
procedure,"rxfnsb.time","native_child",,4,0,0,0,0,0,,,,,"time",procedure,4,0,".string","?option=.string",,,,
procedure,"rxfnsb.time","entry_overhead",,4,3584,896,292,1542,0,,,,,"time",procedure,4,0,".string","?option=.string",,,,
procedure,"rxfnsb.time","exit_overhead",,4,1626,406,167,1000,0,,,,,"time",procedure,4,0,".string","?option=.string",,,,
procedure,"rxfnsb._trace_set","elapsed",,16,223126,13945,3166,169042,0,,,,,"trace",procedure,16,0,".void","mode=.string",,,,
procedure,"rxfnsb._trace_set","inclusive_body",,16,216250,13515,2916,167833,0,,,,,"trace",procedure,16,0,".void","mode=.string",,,,
procedure,"rxfnsb._trace_set","self",,16,39873,2492,2083,4291,0,,,,,"trace",procedure,16,0,".void","mode=.string",,,,
procedure,"rxfnsb._trace_set","native_child",,16,0,0,0,0,0,,,,,"trace",procedure,16,0,".void","mode=.string",,,,
procedure,"rxfnsb._trace_set","entry_overhead",,16,5376,336,166,1417,0,,,,,"trace",procedure,16,0,".void","mode=.string",,,,
procedure,"rxfnsb._trace_set","exit_overhead",,16,1500,93,41,292,0,,,,,"trace",procedure,16,0,".void","mode=.string",,,,
procedure,"_rxsysb.dispatch_address_request","elapsed",,14,207750,14839,13333,22041,0,,,,,"_address",procedure,14,0,"._rxsysb..addressresponse","request=.addressrequest",,,,
procedure,"_rxsysb.dispatch_address_request","inclusive_body",,14,197625,14116,12833,19584,0,,,,,"_address",procedure,14,0,"._rxsysb..addressresponse","request=.addressrequest",,,,
procedure,"_rxsysb.dispatch_address_request","self",,14,71551,5110,4792,6793,0,,,,,"_address",procedure,14,0,"._rxsysb..addressresponse","request=.addressrequest",,,,
procedure,"_rxsysb.dispatch_address_request","native_child",,14,0,0,0,0,0,,,,,"_address",procedure,14,0,"._rxsysb..addressresponse","request=.addressrequest",,,,
procedure,"_rxsysb.dispatch_address_request","entry_overhead",,14,6916,494,250,2291,0,,,,,"_address",procedure,14,0,"._rxsysb..addressresponse","request=.addressrequest",,,,
procedure,"_rxsysb.dispatch_address_request","exit_overhead",,14,3209,229,166,375,0,,,,,"_address",procedure,14,0,"._rxsysb..addressresponse","request=.addressrequest",,,,
procedure,"rxfnsb._trace_ensure_runtime","elapsed",,74,169254,2287,250,146709,0,,,,,"trace",procedure,74,0,".void","",,,,
procedure,"rxfnsb._trace_ensure_runtime","inclusive_body",,74,157046,2122,125,146250,0,,,,,"trace",procedure,74,0,".void","",,,,
procedure,"rxfnsb._trace_ensure_runtime","self",,74,22424,303,125,11628,0,,,,,"trace",procedure,74,0,".void","",,,,
procedure,"rxfnsb._trace_ensure_runtime","native_child",,74,0,0,0,0,0,,,,,"trace",procedure,74,0,".void","",,,,
procedure,"rxfnsb._trace_ensure_runtime","entry_overhead",,74,9417,127,41,416,0,,,,,"trace",procedure,74,0,".void","",,,,
procedure,"rxfnsb._trace_ensure_runtime","exit_overhead",,74,2791,37,0,250,0,,,,,"trace",procedure,74,0,".void","",,,,
procedure,"rxfnsb.tracecontroller.add_suppressed_namespace","elapsed",,16,134622,8413,6625,12958,0,,,,,"trace",method,16,0,".void","namespace_name=.string",,,,
procedure,"rxfnsb.tracecontroller.add_suppressed_namespace","inclusive_body",,16,128955,8059,6375,11291,0,,,,,"trace",method,16,0,".void","namespace_name=.string",,,,
procedure,"rxfnsb.tracecontroller.add_suppressed_namespace","self",,16,97248,6078,4500,8749,0,,,,,"trace",method,16,0,".void","namespace_name=.string",,,,
procedure,"rxfnsb.tracecontroller.add_suppressed_namespace","native_child",,16,0,0,0,0,0,,,,,"trace",method,16,0,".void","namespace_name=.string",,,,
procedure,"rxfnsb.tracecontroller.add_suppressed_namespace","entry_overhead",,16,4582,286,125,1375,0,,,,,"trace",method,16,0,".void","namespace_name=.string",,,,
procedure,"rxfnsb.tracecontroller.add_suppressed_namespace","exit_overhead",,16,1085,67,41,292,0,,,,,"trace",method,16,0,".void","namespace_name=.string",,,,
procedure,"rxfnsb._stream_span","elapsed",,70,64165,916,833,1750,0,,,,,"parseExec",procedure,70,0,".string","source=.string,start=.int,span_length=.int",,,,
procedure,"rxfnsb._stream_span","inclusive_body",,70,39457,563,500,708,0,,,,,"parseExec",procedure,70,0,".string","source=.string,start=.int,span_length=.int",,,,
procedure,"rxfnsb._stream_span","self",,70,39457,563,500,708,0,,,,,"parseExec",procedure,70,0,".string","source=.string,start=.int,span_length=.int",,,,
procedure,"rxfnsb._stream_span","native_child",,70,0,0,0,0,0,,,,,"parseExec",procedure,70,0,".string","source=.string,start=.int,span_length=.int",,,,
procedure,"rxfnsb._stream_span","entry_overhead",,70,21418,305,209,1084,0,,,,,"parseExec",procedure,70,0,".string","source=.string,start=.int,span_length=.int",,,,
procedure,"rxfnsb._stream_span","exit_overhead",,70,3290,47,0,84,0,,,,,"parseExec",procedure,70,0,".string","source=.string,start=.int,span_length=.int",,,,
procedure,"rxfnsb._trace_normalize_mode","elapsed",,31,62712,2022,500,27500,0,,,,,"trace",procedure,31,0,".string","mode=.string",,,,
procedure,"rxfnsb._trace_normalize_mode","inclusive_body",,31,52832,1704,333,25541,0,,,,,"trace",procedure,31,0,".string","mode=.string",,,,
procedure,"rxfnsb._trace_normalize_mode","self",,31,40873,1318,333,16583,0,,,,,"trace",procedure,31,0,".string","mode=.string",,,,
procedure,"rxfnsb._trace_normalize_mode","native_child",,31,0,0,0,0,0,,,,,"trace",procedure,31,0,".string","mode=.string",,,,
procedure,"rxfnsb._trace_normalize_mode","entry_overhead",,31,8170,263,125,1834,0,,,,,"trace",procedure,31,0,".string","mode=.string",,,,
procedure,"rxfnsb._trace_normalize_mode","exit_overhead",,31,1710,55,0,125,0,,,,,"trace",procedure,31,0,".string","mode=.string",,,,
procedure,"rxfnsb._trace_mode_from_option","elapsed",,15,46417,3094,1042,28542,0,,,,,"trace",procedure,15,0,".string","option=.string",,,,
procedure,"rxfnsb._trace_mode_from_option","inclusive_body",,15,41291,2752,791,27917,0,,,,,"trace",procedure,15,0,".string","option=.string",,,,
procedure,"rxfnsb._trace_mode_from_option","self",,15,4164,277,208,417,0,,,,,"trace",procedure,15,0,".string","option=.string",,,,
procedure,"rxfnsb._trace_mode_from_option","native_child",,15,0,0,0,0,0,,,,,"trace",procedure,15,0,".string","option=.string",,,,
procedure,"rxfnsb._trace_mode_from_option","entry_overhead",,15,3459,230,125,500,0,,,,,"trace",procedure,15,0,".string","option=.string",,,,
procedure,"rxfnsb._trace_mode_from_option","exit_overhead",,15,1667,111,42,167,0,,,,,"trace",procedure,15,0,".string","option=.string",,,,
procedure,"_rxsysb.unknownaddressenvironment.execute","elapsed",,14,39250,2803,2333,4833,0,,,,,"_address",method,14,0,"._rxsysb..addressresponse","request=.addressrequest",,,,
procedure,"_rxsysb.unknownaddressenvironment.execute","inclusive_body",,14,34332,2452,2084,4166,0,,,,,"_address",method,14,0,"._rxsysb..addressresponse","request=.addressrequest",,,,
procedure,"_rxsysb.unknownaddressenvironment.execute","self",,14,34332,2452,2084,4166,0,,,,,"_address",method,14,0,"._rxsysb..addressresponse","request=.addressrequest",,,,
procedure,"_rxsysb.unknownaddressenvironment.execute","native_child",,14,0,0,0,0,0,,,,,"_address",method,14,0,"._rxsysb..addressresponse","request=.addressrequest",,,,
procedure,"_rxsysb.unknownaddressenvironment.execute","entry_overhead",,14,3918,279,167,542,0,,,,,"_address",method,14,0,"._rxsysb..addressresponse","request=.addressrequest",,,,
procedure,"_rxsysb.unknownaddressenvironment.execute","exit_overhead",,14,1000,71,41,208,0,,,,,"_address",method,14,0,"._rxsysb..addressresponse","request=.addressrequest",,,,
procedure,"_rxsysb._current_address_environment","elapsed",,28,21873,781,666,1500,0,,,,,"_address",procedure,28,0,".string","",,,,
procedure,"_rxsysb._current_address_environment","inclusive_body",,28,15041,537,458,916,0,,,,,"_address",procedure,28,0,".string","",,,,
procedure,"_rxsysb._current_address_environment","self",,28,6372,227,167,332,0,,,,,"_address",procedure,28,0,".string","",,,,
procedure,"_rxsysb._current_address_environment","native_child",,28,0,0,0,0,0,,,,,"_address",procedure,28,0,".string","",,,,
procedure,"_rxsysb._current_address_environment","entry_overhead",,28,5456,194,125,500,0,,,,,"_address",procedure,28,0,".string","",,,,
procedure,"_rxsysb._current_address_environment","exit_overhead",,28,1376,49,41,84,0,,,,,"_address",procedure,28,0,".string","",,,,
procedure,"rxfnsb._trace_current_mode","elapsed",,30,21082,702,541,1209,0,,,,,"trace",procedure,30,0,".string","",,,,
procedure,"rxfnsb._trace_current_mode","inclusive_body",,30,14374,479,416,708,0,,,,,"trace",procedure,30,0,".string","",,,,
procedure,"rxfnsb._trace_current_mode","self",,30,6000,200,166,332,0,,,,,"trace",procedure,30,0,".string","",,,,
procedure,"rxfnsb._trace_current_mode","native_child",,30,0,0,0,0,0,,,,,"trace",procedure,30,0,".string","",,,,
procedure,"rxfnsb._trace_current_mode","entry_overhead",,30,4375,145,83,333,0,,,,,"trace",procedure,30,0,".string","",,,,
procedure,"rxfnsb._trace_current_mode","exit_overhead",,30,2333,77,41,334,0,,,,,"trace",procedure,30,0,".string","",,,,
procedure,"rxfnsb.format","elapsed",,2,19459,9729,9459,10000,0,,,,,"format",procedure,2,0,".string","number=.decimal,?before=.int,?after=.int,?expp=.int,?expt=.int",,,,
procedure,"rxfnsb.format","inclusive_body",,2,15666,7833,6791,8875,0,,,,,"format",procedure,2,0,".string","number=.decimal,?before=.int,?after=.int,?expp=.int,?expt=.int",,,,
procedure,"rxfnsb.format","self",,2,15666,7833,6791,8875,0,,,,,"format",procedure,2,0,".string","number=.decimal,?before=.int,?after=.int,?expp=.int,?expt=.int",,,,
procedure,"rxfnsb.format","native_child",,2,0,0,0,0,0,,,,,"format",procedure,2,0,".string","number=.decimal,?before=.int,?after=.int,?expp=.int,?expt=.int",,,,
procedure,"rxfnsb.format","entry_overhead",,2,3584,1792,500,3084,0,,,,,"format",procedure,2,0,".string","number=.decimal,?before=.int,?after=.int,?expp=.int,?expt=.int",,,,
procedure,"rxfnsb.format","exit_overhead",,2,209,104,84,125,0,,,,,"format",procedure,2,0,".string","number=.decimal,?before=.int,?after=.int,?expp=.int,?expt=.int",,,,
procedure,"_rxsysb.systemaddressenvironment.§factory","elapsed",,3,17584,5861,5042,7417,0,,,,,"_address",factory,3,0,"._rxsysb..systemaddressenvironment","env_name=.string",,,,
procedure,"_rxsysb.systemaddressenvironment.§factory","inclusive_body",,3,14584,4861,4209,6083,0,,,,,"_address",factory,3,0,"._rxsysb..systemaddressenvironment","env_name=.string",,,,
procedure,"_rxsysb.systemaddressenvironment.§factory","self",,3,5167,1722,1418,2291,0,,,,,"_address",factory,3,0,"._rxsysb..systemaddressenvironment","env_name=.string",,,,
procedure,"_rxsysb.systemaddressenvironment.§factory","native_child",,3,0,0,0,0,0,,,,,"_address",factory,3,0,"._rxsysb..systemaddressenvironment","env_name=.string",,,,
procedure,"_rxsysb.systemaddressenvironment.§factory","entry_overhead",,3,2250,750,583,959,0,,,,,"_address",factory,3,0,"._rxsysb..systemaddressenvironment","env_name=.string",,,,
procedure,"_rxsysb.systemaddressenvironment.§factory","exit_overhead",,3,750,250,167,375,0,,,,,"_address",factory,3,0,"._rxsysb..systemaddressenvironment","env_name=.string",,,,
procedure,"rxfnsb.upper","elapsed",,28,14918,532,458,792,0,,,,,"upper",procedure,28,0,".string","expose string=.string",,,,
procedure,"rxfnsb.upper","inclusive_body",,28,5959,212,125,334,0,,,,,"upper",procedure,28,0,".string","expose string=.string",,,,
procedure,"rxfnsb.upper","self",,28,5959,212,125,334,0,,,,,"upper",procedure,28,0,".string","expose string=.string",,,,
procedure,"rxfnsb.upper","native_child",,28,0,0,0,0,0,,,,,"upper",procedure,28,0,".string","expose string=.string",,,,
procedure,"rxfnsb.upper","entry_overhead",,28,7251,258,208,417,0,,,,,"upper",procedure,28,0,".string","expose string=.string",,,,
procedure,"rxfnsb.upper","exit_overhead",,28,1708,61,41,84,0,,,,,"upper",procedure,28,0,".string","expose string=.string",,,,
procedure,"rxfnsb._trace_command_before","elapsed",,14,12789,913,791,1458,0,,,,,"trace",procedure,14,0,".void","environment=.string,command=.string",,,,
procedure,"rxfnsb._trace_command_before","inclusive_body",,14,8165,583,500,875,0,,,,,"trace",procedure,14,0,".void","environment=.string,command=.string",,,,
procedure,"rxfnsb._trace_command_before","self",,14,2705,193,125,334,0,,,,,"trace",procedure,14,0,".void","environment=.string,command=.string",,,,
procedure,"rxfnsb._trace_command_before","native_child",,14,0,0,0,0,0,,,,,"trace",procedure,14,0,".void","environment=.string,command=.string",,,,
procedure,"rxfnsb._trace_command_before","entry_overhead",,14,4166,297,208,583,0,,,,,"trace",procedure,14,0,".void","environment=.string,command=.string",,,,
procedure,"rxfnsb._trace_command_before","exit_overhead",,14,458,32,0,42,0,,,,,"trace",procedure,14,0,".void","environment=.string,command=.string",,,,
procedure,"rxfnsb._trace_command_after","elapsed",,14,12080,862,750,1500,0,,,,,"trace",procedure,14,0,".void","environment=.string,command=.string,rc=.int,condition=.string",,,,
procedure,"rxfnsb._trace_command_after","inclusive_body",,14,7127,509,458,791,0,,,,,"trace",procedure,14,0,".void","environment=.string,command=.string,rc=.int,condition=.string",,,,
procedure,"rxfnsb._trace_command_after","self",,14,2499,178,125,209,0,,,,,"trace",procedure,14,0,".void","environment=.string,command=.string,rc=.int,condition=.string",,,,
procedure,"rxfnsb._trace_command_after","native_child",,14,0,0,0,0,0,,,,,"trace",procedure,14,0,".void","environment=.string,command=.string,rc=.int,condition=.string",,,,
procedure,"rxfnsb._trace_command_after","entry_overhead",,14,4415,315,250,667,0,,,,,"trace",procedure,14,0,".void","environment=.string,command=.string,rc=.int,condition=.string",,,,
procedure,"rxfnsb._trace_command_after","exit_overhead",,14,538,38,0,42,0,,,,,"trace",procedure,14,0,".void","environment=.string,command=.string,rc=.int,condition=.string",,,,
procedure,"_rxsysb.systemaddressenvironment.bind_environment","elapsed",,3,10333,3444,3125,4000,0,,,,,"_address",method,3,0,".void","env_name=.string,instance_id=.string",,,,
procedure,"_rxsysb.systemaddressenvironment.bind_environment","inclusive_body",,3,8750,2916,2708,3292,0,,,,,"_address",method,3,0,".void","env_name=.string,instance_id=.string",,,,
procedure,"_rxsysb.systemaddressenvironment.bind_environment","self",,3,2333,777,749,834,0,,,,,"_address",method,3,0,".void","env_name=.string,instance_id=.string",,,,
procedure,"_rxsysb.systemaddressenvironment.bind_environment","native_child",,3,0,0,0,0,0,,,,,"_address",method,3,0,".void","env_name=.string,instance_id=.string",,,,
procedure,"_rxsysb.systemaddressenvironment.bind_environment","entry_overhead",,3,1041,347,292,416,0,,,,,"_address",method,3,0,".void","env_name=.string,instance_id=.string",,,,
procedure,"_rxsysb.systemaddressenvironment.bind_environment","exit_overhead",,3,542,180,125,292,0,,,,,"_address",method,3,0,".void","env_name=.string,instance_id=.string",,,,
procedure,"_rxsysb.crexxaddressenvironment.§factory","elapsed",,1,8166,8166,8166,8166,0,,,,,"_address",factory,1,0,"._rxsysb..crexxaddressenvironment","env_name=.string",,,,
procedure,"_rxsysb.crexxaddressenvironment.§factory","inclusive_body",,1,5333,5333,5333,5333,0,,,,,"_address",factory,1,0,"._rxsysb..crexxaddressenvironment","env_name=.string",,,,
procedure,"_rxsysb.crexxaddressenvironment.§factory","self",,1,1833,1833,1833,1833,0,,,,,"_address",factory,1,0,"._rxsysb..crexxaddressenvironment","env_name=.string",,,,
procedure,"_rxsysb.crexxaddressenvironment.§factory","native_child",,1,0,0,0,0,0,,,,,"_address",factory,1,0,"._rxsysb..crexxaddressenvironment","env_name=.string",,,,
procedure,"_rxsysb.crexxaddressenvironment.§factory","entry_overhead",,1,2708,2708,2708,2708,0,,,,,"_address",factory,1,0,"._rxsysb..crexxaddressenvironment","env_name=.string",,,,
procedure,"_rxsysb.crexxaddressenvironment.§factory","exit_overhead",,1,125,125,125,125,0,,,,,"_address",factory,1,0,"._rxsysb..crexxaddressenvironment","env_name=.string",,,,
procedure,"_rxsysb._elapsed","elapsed",,12,8164,680,292,2416,0,,,,,"/Users/adrian/CLionProjects/CREXX/lib/rxfnsb/rxas/_elapsed",procedure,12,0,".int","value=.int",,,,
procedure,"_rxsysb._elapsed","inclusive_body",,12,3291,274,125,750,0,,,,,"/Users/adrian/CLionProjects/CREXX/lib/rxfnsb/rxas/_elapsed",procedure,12,0,".int","value=.int",,,,
procedure,"_rxsysb._elapsed","self",,12,3291,274,125,750,0,,,,,"/Users/adrian/CLionProjects/CREXX/lib/rxfnsb/rxas/_elapsed",procedure,12,0,".int","value=.int",,,,
procedure,"_rxsysb._elapsed","native_child",,12,0,0,0,0,0,,,,,"/Users/adrian/CLionProjects/CREXX/lib/rxfnsb/rxas/_elapsed",procedure,12,0,".int","value=.int",,,,
procedure,"_rxsysb._elapsed","entry_overhead",,12,3458,288,125,1208,0,,,,,"/Users/adrian/CLionProjects/CREXX/lib/rxfnsb/rxas/_elapsed",procedure,12,0,".int","value=.int",,,,
procedure,"_rxsysb._elapsed","exit_overhead",,12,1415,117,41,458,0,,,,,"/Users/adrian/CLionProjects/CREXX/lib/rxfnsb/rxas/_elapsed",procedure,12,0,".int","value=.int",,,,
procedure,"rxfnsb.stem.§factory","elapsed",,2,7291,3645,1708,5583,0,,,,,"stem",factory,2,0,".rxfnsb..stem","",,,,
procedure,"rxfnsb.stem.§factory","inclusive_body",,2,4292,2146,1125,3167,0,,,,,"stem",factory,2,0,".rxfnsb..stem","",,,,
procedure,"rxfnsb.stem.§factory","self",,2,4292,2146,1125,3167,0,,,,,"stem",factory,2,0,".rxfnsb..stem","",,,,
procedure,"rxfnsb.stem.§factory","native_child",,2,0,0,0,0,0,,,,,"stem",factory,2,0,".rxfnsb..stem","",,,,
procedure,"rxfnsb.stem.§factory","entry_overhead",,2,1874,937,291,1583,0,,,,,"stem",factory,2,0,".rxfnsb..stem","",,,,
procedure,"rxfnsb.stem.§factory","exit_overhead",,2,1125,562,292,833,0,,,,,"stem",factory,2,0,".rxfnsb..stem","",,,,
procedure,"_rxsysb.unknownaddressenvironment.§factory","elapsed",,1,6958,6958,6958,6958,0,,,,,"_address",factory,1,0,"._rxsysb..unknownaddressenvironment","env_name=.string",,,,
procedure,"_rxsysb.unknownaddressenvironment.§factory","inclusive_body",,1,5667,5667,5667,5667,0,,,,,"_address",factory,1,0,"._rxsysb..unknownaddressenvironment","env_name=.string",,,,
procedure,"_rxsysb.unknownaddressenvironment.§factory","self",,1,1833,1833,1833,1833,0,,,,,"_address",factory,1,0,"._rxsysb..unknownaddressenvironment","env_name=.string",,,,
procedure,"_rxsysb.unknownaddressenvironment.§factory","native_child",,1,0,0,0,0,0,,,,,"_address",factory,1,0,"._rxsysb..unknownaddressenvironment","env_name=.string",,,,
procedure,"_rxsysb.unknownaddressenvironment.§factory","entry_overhead",,1,1000,1000,1000,1000,0,,,,,"_address",factory,1,0,"._rxsysb..unknownaddressenvironment","env_name=.string",,,,
procedure,"_rxsysb.unknownaddressenvironment.§factory","exit_overhead",,1,291,291,291,291,0,,,,,"_address",factory,1,0,"._rxsysb..unknownaddressenvironment","env_name=.string",,,,
procedure,"_rxsysb.unknownaddressenvironment.environment_name","elapsed",,13,6793,522,416,834,0,,,,,"_address",method,13,0,".string","",,,,
procedure,"_rxsysb.unknownaddressenvironment.environment_name","inclusive_body",,13,2501,192,166,292,0,,,,,"_address",method,13,0,".string","",,,,
procedure,"_rxsysb.unknownaddressenvironment.environment_name","self",,13,2501,192,166,292,0,,,,,"_address",method,13,0,".string","",,,,
procedure,"_rxsysb.unknownaddressenvironment.environment_name","native_child",,13,0,0,0,0,0,,,,,"_address",method,13,0,".string","",,,,
procedure,"_rxsysb.unknownaddressenvironment.environment_name","entry_overhead",,13,3709,285,208,541,0,,,,,"_address",method,13,0,".string","",,,,
procedure,"_rxsysb.unknownaddressenvironment.environment_name","exit_overhead",,13,583,44,41,84,0,,,,,"_address",method,13,0,".string","",,,,
procedure,"rexxcps_levelb_opaque.__rxtrace_reset_display_state","elapsed",,16,6415,400,291,1166,0,,,,,"benchmark_rexxcps_levelb_opaque_opt",procedure,16,0,".void","",,,,
procedure,"rexxcps_levelb_opaque.__rxtrace_reset_display_state","inclusive_body",,16,2875,179,166,209,0,,,,,"benchmark_rexxcps_levelb_opaque_opt",procedure,16,0,".void","",,,,
procedure,"rexxcps_levelb_opaque.__rxtrace_reset_display_state","self",,16,2875,179,166,209,0,,,,,"benchmark_rexxcps_levelb_opaque_opt",procedure,16,0,".void","",,,,
procedure,"rexxcps_levelb_opaque.__rxtrace_reset_display_state","native_child",,16,0,0,0,0,0,,,,,"benchmark_rexxcps_levelb_opaque_opt",procedure,16,0,".void","",,,,
procedure,"rexxcps_levelb_opaque.__rxtrace_reset_display_state","entry_overhead",,16,2958,184,83,958,0,,,,,"benchmark_rexxcps_levelb_opaque_opt",procedure,16,0,".void","",,,,
procedure,"rexxcps_levelb_opaque.__rxtrace_reset_display_state","exit_overhead",,16,582,36,0,83,0,,,,,"benchmark_rexxcps_levelb_opaque_opt",procedure,16,0,".void","",,,,
procedure,"_rxsysb.shelladdressenvironment.§factory","elapsed",,1,5834,5834,5834,5834,0,,,,,"_address",factory,1,0,"._rxsysb..shelladdressenvironment","env_name=.string",,,,
procedure,"_rxsysb.shelladdressenvironment.§factory","inclusive_body",,1,4917,4917,4917,4917,0,,,,,"_address",factory,1,0,"._rxsysb..shelladdressenvironment","env_name=.string",,,,
procedure,"_rxsysb.shelladdressenvironment.§factory","self",,1,1709,1709,1709,1709,0,,,,,"_address",factory,1,0,"._rxsysb..shelladdressenvironment","env_name=.string",,,,
procedure,"_rxsysb.shelladdressenvironment.§factory","native_child",,1,0,0,0,0,0,,,,,"_address",factory,1,0,"._rxsysb..shelladdressenvironment","env_name=.string",,,,
procedure,"_rxsysb.shelladdressenvironment.§factory","entry_overhead",,1,750,750,750,750,0,,,,,"_address",factory,1,0,"._rxsysb..shelladdressenvironment","env_name=.string",,,,
procedure,"_rxsysb.shelladdressenvironment.§factory","exit_overhead",,1,167,167,167,167,0,,,,,"_address",factory,1,0,"._rxsysb..shelladdressenvironment","env_name=.string",,,,
procedure,"_rxsysb.pathaddressenvironment.§factory","elapsed",,1,5500,5500,5500,5500,0,,,,,"_address",factory,1,0,"._rxsysb..pathaddressenvironment","env_name=.string",,,,
procedure,"_rxsysb.pathaddressenvironment.§factory","inclusive_body",,1,4583,4583,4583,4583,0,,,,,"_address",factory,1,0,"._rxsysb..pathaddressenvironment","env_name=.string",,,,
procedure,"_rxsysb.pathaddressenvironment.§factory","self",,1,1541,1541,1541,1541,0,,,,,"_address",factory,1,0,"._rxsysb..pathaddressenvironment","env_name=.string",,,,
procedure,"_rxsysb.pathaddressenvironment.§factory","native_child",,1,0,0,0,0,0,,,,,"_address",factory,1,0,"._rxsysb..pathaddressenvironment","env_name=.string",,,,
procedure,"_rxsysb.pathaddressenvironment.§factory","entry_overhead",,1,709,709,709,709,0,,,,,"_address",factory,1,0,"._rxsysb..pathaddressenvironment","env_name=.string",,,,
procedure,"_rxsysb.pathaddressenvironment.§factory","exit_overhead",,1,208,208,208,208,0,,,,,"_address",factory,1,0,"._rxsysb..pathaddressenvironment","env_name=.string",,,,
procedure,"_rxsysb.crexxaddressenvironment.bind_environment","elapsed",,1,4334,4334,4334,4334,0,,,,,"_address",method,1,0,".void","env_name=.string,instance_id=.string",,,,
procedure,"_rxsysb.crexxaddressenvironment.bind_environment","inclusive_body",,1,2875,2875,2875,2875,0,,,,,"_address",method,1,0,".void","env_name=.string,instance_id=.string",,,,
procedure,"_rxsysb.crexxaddressenvironment.bind_environment","self",,1,750,750,750,750,0,,,,,"_address",method,1,0,".void","env_name=.string,instance_id=.string",,,,
procedure,"_rxsysb.crexxaddressenvironment.bind_environment","native_child",,1,0,0,0,0,0,,,,,"_address",method,1,0,".void","env_name=.string,instance_id=.string",,,,
procedure,"_rxsysb.crexxaddressenvironment.bind_environment","entry_overhead",,1,1334,1334,1334,1334,0,,,,,"_address",method,1,0,".void","env_name=.string,instance_id=.string",,,,
procedure,"_rxsysb.crexxaddressenvironment.bind_environment","exit_overhead",,1,125,125,125,125,0,,,,,"_address",method,1,0,".void","env_name=.string,instance_id=.string",,,,
procedure,"_rxsysb.unknownaddressenvironment.bind_environment","elapsed",,1,4125,4125,4125,4125,0,,,,,"_address",method,1,0,".void","env_name=.string,instance_id=.string",,,,
procedure,"_rxsysb.unknownaddressenvironment.bind_environment","inclusive_body",,1,3500,3500,3500,3500,0,,,,,"_address",method,1,0,".void","env_name=.string,instance_id=.string",,,,
procedure,"_rxsysb.unknownaddressenvironment.bind_environment","self",,1,834,834,834,834,0,,,,,"_address",method,1,0,".void","env_name=.string,instance_id=.string",,,,
procedure,"_rxsysb.unknownaddressenvironment.bind_environment","native_child",,1,0,0,0,0,0,,,,,"_address",method,1,0,".void","env_name=.string,instance_id=.string",,,,
procedure,"_rxsysb.unknownaddressenvironment.bind_environment","entry_overhead",,1,458,458,458,458,0,,,,,"_address",method,1,0,".void","env_name=.string,instance_id=.string",,,,
procedure,"_rxsysb.unknownaddressenvironment.bind_environment","exit_overhead",,1,167,167,167,167,0,,,,,"_address",method,1,0,".void","env_name=.string,instance_id=.string",,,,
procedure,"_rxsysb.pathaddressenvironment.bind_environment","elapsed",,1,3750,3750,3750,3750,0,,,,,"_address",method,1,0,".void","env_name=.string,instance_id=.string",,,,
procedure,"_rxsysb.pathaddressenvironment.bind_environment","inclusive_body",,1,3250,3250,3250,3250,0,,,,,"_address",method,1,0,".void","env_name=.string,instance_id=.string",,,,
procedure,"_rxsysb.pathaddressenvironment.bind_environment","self",,1,750,750,750,750,0,,,,,"_address",method,1,0,".void","env_name=.string,instance_id=.string",,,,
procedure,"_rxsysb.pathaddressenvironment.bind_environment","native_child",,1,0,0,0,0,0,,,,,"_address",method,1,0,".void","env_name=.string,instance_id=.string",,,,
procedure,"_rxsysb.pathaddressenvironment.bind_environment","entry_overhead",,1,375,375,375,375,0,,,,,"_address",method,1,0,".void","env_name=.string,instance_id=.string",,,,
procedure,"_rxsysb.pathaddressenvironment.bind_environment","exit_overhead",,1,125,125,125,125,0,,,,,"_address",method,1,0,".void","env_name=.string,instance_id=.string",,,,
procedure,"rxfnsb.pos","elapsed",,2,3459,1729,1042,2417,0,,,,,"pos",procedure,2,0,".int","needle=.string,haystack=.string,?start=.int",,,,
procedure,"rxfnsb.pos","inclusive_body",,2,1751,875,584,1167,0,,,,,"pos",procedure,2,0,".int","needle=.string,haystack=.string,?start=.int",,,,
procedure,"rxfnsb.pos","self",,2,1751,875,584,1167,0,,,,,"pos",procedure,2,0,".int","needle=.string,haystack=.string,?start=.int",,,,
procedure,"rxfnsb.pos","native_child",,2,0,0,0,0,0,,,,,"pos",procedure,2,0,".int","needle=.string,haystack=.string,?start=.int",,,,
procedure,"rxfnsb.pos","entry_overhead",,2,1542,771,375,1167,0,,,,,"pos",procedure,2,0,".int","needle=.string,haystack=.string,?start=.int",,,,
procedure,"rxfnsb.pos","exit_overhead",,2,166,83,83,83,0,,,,,"pos",procedure,2,0,".int","needle=.string,haystack=.string,?start=.int",,,,
procedure,"_rxsysb.shelladdressenvironment.bind_environment","elapsed",,1,3375,3375,3375,3375,0,,,,,"_address",method,1,0,".void","env_name=.string,instance_id=.string",,,,
procedure,"_rxsysb.shelladdressenvironment.bind_environment","inclusive_body",,1,2875,2875,2875,2875,0,,,,,"_address",method,1,0,".void","env_name=.string,instance_id=.string",,,,
procedure,"_rxsysb.shelladdressenvironment.bind_environment","self",,1,750,750,750,750,0,,,,,"_address",method,1,0,".void","env_name=.string,instance_id=.string",,,,
procedure,"_rxsysb.shelladdressenvironment.bind_environment","native_child",,1,0,0,0,0,0,,,,,"_address",method,1,0,".void","env_name=.string,instance_id=.string",,,,
procedure,"_rxsysb.shelladdressenvironment.bind_environment","entry_overhead",,1,375,375,375,375,0,,,,,"_address",method,1,0,".void","env_name=.string,instance_id=.string",,,,
procedure,"_rxsysb.shelladdressenvironment.bind_environment","exit_overhead",,1,125,125,125,125,0,,,,,"_address",method,1,0,".void","env_name=.string,instance_id=.string",,,,
procedure,"_rxsysb.systemaddressenvironment.environment_id","elapsed",,3,2082,694,583,916,0,,,,,"_address",method,3,0,".string","",,,,
procedure,"_rxsysb.systemaddressenvironment.environment_id","inclusive_body",,3,792,264,209,333,0,,,,,"_address",method,3,0,".string","",,,,
procedure,"_rxsysb.systemaddressenvironment.environment_id","self",,3,792,264,209,333,0,,,,,"_address",method,3,0,".string","",,,,
procedure,"_rxsysb.systemaddressenvironment.environment_id","native_child",,3,0,0,0,0,0,,,,,"_address",method,3,0,".string","",,,,
procedure,"_rxsysb.systemaddressenvironment.environment_id","entry_overhead",,3,1083,361,250,500,0,,,,,"_address",method,3,0,".string","",,,,
procedure,"_rxsysb.systemaddressenvironment.environment_id","exit_overhead",,3,207,69,41,83,0,,,,,"_address",method,3,0,".string","",,,,
procedure,"_rxsysb.unknownaddressenvironment.environment_id","elapsed",,1,1250,1250,1250,1250,0,,,,,"_address",method,1,0,".string","",,,,
procedure,"_rxsysb.unknownaddressenvironment.environment_id","inclusive_body",,1,375,375,375,375,0,,,,,"_address",method,1,0,".string","",,,,
procedure,"_rxsysb.unknownaddressenvironment.environment_id","self",,1,375,375,375,375,0,,,,,"_address",method,1,0,".string","",,,,
procedure,"_rxsysb.unknownaddressenvironment.environment_id","native_child",,1,0,0,0,0,0,,,,,"_address",method,1,0,".string","",,,,
procedure,"_rxsysb.unknownaddressenvironment.environment_id","entry_overhead",,1,792,792,792,792,0,,,,,"_address",method,1,0,".string","",,,,
procedure,"_rxsysb.unknownaddressenvironment.environment_id","exit_overhead",,1,83,83,83,83,0,,,,,"_address",method,1,0,".string","",,,,
procedure,"_rxsysb.pathaddressenvironment.environment_id","elapsed",,1,834,834,834,834,0,,,,,"_address",method,1,0,".string","",,,,
procedure,"_rxsysb.pathaddressenvironment.environment_id","inclusive_body",,1,333,333,333,333,0,,,,,"_address",method,1,0,".string","",,,,
procedure,"_rxsysb.pathaddressenvironment.environment_id","self",,1,333,333,333,333,0,,,,,"_address",method,1,0,".string","",,,,
procedure,"_rxsysb.pathaddressenvironment.environment_id","native_child",,1,0,0,0,0,0,,,,,"_address",method,1,0,".string","",,,,
procedure,"_rxsysb.pathaddressenvironment.environment_id","entry_overhead",,1,459,459,459,459,0,,,,,"_address",method,1,0,".string","",,,,
procedure,"_rxsysb.pathaddressenvironment.environment_id","exit_overhead",,1,42,42,42,42,0,,,,,"_address",method,1,0,".string","",,,,
procedure,"_rxsysb.crexxaddressenvironment.environment_id","elapsed",,1,792,792,792,792,0,,,,,"_address",method,1,0,".string","",,,,
procedure,"_rxsysb.crexxaddressenvironment.environment_id","inclusive_body",,1,209,209,209,209,0,,,,,"_address",method,1,0,".string","",,,,
procedure,"_rxsysb.crexxaddressenvironment.environment_id","self",,1,209,209,209,209,0,,,,,"_address",method,1,0,".string","",,,,
procedure,"_rxsysb.crexxaddressenvironment.environment_id","native_child",,1,0,0,0,0,0,,,,,"_address",method,1,0,".string","",,,,
procedure,"_rxsysb.crexxaddressenvironment.environment_id","entry_overhead",,1,500,500,500,500,0,,,,,"_address",method,1,0,".string","",,,,
procedure,"_rxsysb.crexxaddressenvironment.environment_id","exit_overhead",,1,83,83,83,83,0,,,,,"_address",method,1,0,".string","",,,,
procedure,"_rxsysb.shelladdressenvironment.environment_id","elapsed",,1,792,792,792,792,0,,,,,"_address",method,1,0,".string","",,,,
procedure,"_rxsysb.shelladdressenvironment.environment_id","inclusive_body",,1,292,292,292,292,0,,,,,"_address",method,1,0,".string","",,,,
procedure,"_rxsysb.shelladdressenvironment.environment_id","self",,1,292,292,292,292,0,,,,,"_address",method,1,0,".string","",,,,
procedure,"_rxsysb.shelladdressenvironment.environment_id","native_child",,1,0,0,0,0,0,,,,,"_address",method,1,0,".string","",,,,
procedure,"_rxsysb.shelladdressenvironment.environment_id","entry_overhead",,1,417,417,417,417,0,,,,,"_address",method,1,0,".string","",,,,
procedure,"_rxsysb.shelladdressenvironment.environment_id","exit_overhead",,1,83,83,83,83,0,,,,,"_address",method,1,0,".string","",,,,
procedure,"_rxsysb.crexxaddressenvironment.environment_name","elapsed",,1,541,541,541,541,0,,,,,"_address",method,1,0,".string","",,,,
procedure,"_rxsysb.crexxaddressenvironment.environment_name","inclusive_body",,1,167,167,167,167,0,,,,,"_address",method,1,0,".string","",,,,
procedure,"_rxsysb.crexxaddressenvironment.environment_name","self",,1,167,167,167,167,0,,,,,"_address",method,1,0,".string","",,,,
procedure,"_rxsysb.crexxaddressenvironment.environment_name","native_child",,1,0,0,0,0,0,,,,,"_address",method,1,0,".string","",,,,
procedure,"_rxsysb.crexxaddressenvironment.environment_name","entry_overhead",,1,291,291,291,291,0,,,,,"_address",method,1,0,".string","",,,,
procedure,"_rxsysb.crexxaddressenvironment.environment_name","exit_overhead",,1,83,83,83,83,0,,,,,"_address",method,1,0,".string","",,,,
allocation,frame_blocks,,,81,0,0,0,0,0,,,,,,,,,,,594120,35800,0,complete
allocation,standalone_values,,,136,0,0,0,0,0,,,,,,,,,,,34816,256,0,complete
allocation,attribute_value_blocks,,,278,0,0,0,0,0,,,,,,,,,,,1107968,65536,0,complete
allocation,attribute_pointer_storage,,,817,0,0,0,0,0,,,,,,,,,,,88128,2048,0,complete
allocation,string_buffers,,,124,0,0,0,0,0,,,,,,,,,,,8288,128,0,complete
allocation,binary_buffers,,,0,0,0,0,0,0,,,,,,,,,,,0,0,0,complete
allocation,value_slots,,,6109,0,0,0,0,0,,,,,,,,,,,1563904,65536,0,complete
allocation,frame_activations,,,1153,0,0,0,0,0,,,,,,,,,,,0,0,7,complete
allocation,frame_reuses,,,1072,0,0,0,0,0,,,,,,,,,,,0,0,0,complete
metadata_lookup,"callable_resolve","query",,0,0,0,0,0,0,,,,,,,,,,,,,,"complete"
metadata_lookup,"callable_resolve","hit",,0,0,0,0,0,0,,,,,,,,,,,,,,"complete"
metadata_lookup,"callable_resolve","miss",,0,0,0,0,0,0,,,,,,,,,,,,,,"complete"
metadata_lookup,"callable_resolve","invalid",,0,0,0,0,0,0,,,,,,,,,,,,,,"complete"
metadata_lookup,"callable_resolve","degraded",,0,0,0,0,0,0,,,,,,,,,,,,,,"complete"
metadata_visit,"callable_resolve","total",,0,0,0,0,0,0,,,,,,,,,,,,,,"complete"
metadata_visit,"callable_resolve","META_FUNC",,0,0,0,0,0,0,,,,,,,,,,,,,,"complete"
metadata_visit,"callable_resolve","META_REG",,0,0,0,0,0,0,,,,,,,,,,,,,,"complete"
metadata_visit,"callable_resolve","META_CONST",,0,0,0,0,0,0,,,,,,,,,,,,,,"complete"
metadata_visit,"callable_resolve","META_CLEAR",,0,0,0,0,0,0,,,,,,,,,,,,,,"complete"
metadata_visit,"callable_resolve","META_CLASS",,0,0,0,0,0,0,,,,,,,,,,,,,,"complete"
metadata_visit,"callable_resolve","META_ATTR",,0,0,0,0,0,0,,,,,,,,,,,,,,"complete"
metadata_visit,"callable_resolve","META_INTERFACE",,0,0,0,0,0,0,,,,,,,,,,,,,,"complete"
metadata_visit,"callable_resolve","META_IMPLEMENTS",,0,0,0,0,0,0,,,,,,,,,,,,,,"complete"
metadata_visit,"callable_resolve","META_MEMBER",,0,0,0,0,0,0,,,,,,,,,,,,,,"complete"
metadata_visit,"callable_resolve","META_INLINE",,0,0,0,0,0,0,,,,,,,,,,,,,,"complete"
metadata_visit,"callable_resolve","META_SOURCE_STEP",,0,0,0,0,0,0,,,,,,,,,,,,,,"complete"
metadata_visit,"callable_resolve","META_TRACE_EVENT",,0,0,0,0,0,0,,,,,,,,,,,,,,"complete"
metadata_lookup,"contract_kind","query",,42,0,0,0,0,0,,,,,,,,,,,,,,"complete"
metadata_lookup,"contract_kind","hit",,42,0,0,0,0,0,,,,,,,,,,,,,,"complete"
metadata_lookup,"contract_kind","miss",,0,0,0,0,0,0,,,,,,,,,,,,,,"complete"
metadata_lookup,"contract_kind","invalid",,0,0,0,0,0,0,,,,,,,,,,,,,,"complete"
metadata_lookup,"contract_kind","degraded",,0,0,0,0,0,0,,,,,,,,,,,,,,"complete"
metadata_visit,"contract_kind","total",,182,0,0,0,0,0,,,,,,,,,,,,,,"complete"
metadata_visit,"contract_kind","META_FUNC",,0,0,0,0,0,0,,,,,,,,,,,,,,"complete"
metadata_visit,"contract_kind","META_REG",,0,0,0,0,0,0,,,,,,,,,,,,,,"complete"
metadata_visit,"contract_kind","META_CONST",,0,0,0,0,0,0,,,,,,,,,,,,,,"complete"
metadata_visit,"contract_kind","META_CLEAR",,0,0,0,0,0,0,,,,,,,,,,,,,,"complete"
metadata_visit,"contract_kind","META_CLASS",,112,0,0,0,0,0,,,,,,,,,,,,,,"complete"
metadata_visit,"contract_kind","META_ATTR",,0,0,0,0,0,0,,,,,,,,,,,,,,"complete"
metadata_visit,"contract_kind","META_INTERFACE",,70,0,0,0,0,0,,,,,,,,,,,,,,"complete"
metadata_visit,"contract_kind","META_IMPLEMENTS",,0,0,0,0,0,0,,,,,,,,,,,,,,"complete"
metadata_visit,"contract_kind","META_MEMBER",,0,0,0,0,0,0,,,,,,,,,,,,,,"complete"
metadata_visit,"contract_kind","META_INLINE",,0,0,0,0,0,0,,,,,,,,,,,,,,"complete"
metadata_visit,"contract_kind","META_SOURCE_STEP",,0,0,0,0,0,0,,,,,,,,,,,,,,"complete"
metadata_visit,"contract_kind","META_TRACE_EVENT",,0,0,0,0,0,0,,,,,,,,,,,,,,"complete"
metadata_lookup,"contract_implements","query",,84,0,0,0,0,0,,,,,,,,,,,,,,"complete"
metadata_lookup,"contract_implements","hit",,42,0,0,0,0,0,,,,,,,,,,,,,,"complete"
metadata_lookup,"contract_implements","miss",,42,0,0,0,0,0,,,,,,,,,,,,,,"complete"
metadata_lookup,"contract_implements","invalid",,0,0,0,0,0,0,,,,,,,,,,,,,,"complete"
metadata_lookup,"contract_implements","degraded",,0,0,0,0,0,0,,,,,,,,,,,,,,"complete"
metadata_visit,"contract_implements","total",,1503,0,0,0,0,0,,,,,,,,,,,,,,"complete"
metadata_visit,"contract_implements","META_FUNC",,0,0,0,0,0,0,,,,,,,,,,,,,,"complete"
metadata_visit,"contract_implements","META_REG",,0,0,0,0,0,0,,,,,,,,,,,,,,"complete"
metadata_visit,"contract_implements","META_CONST",,0,0,0,0,0,0,,,,,,,,,,,,,,"complete"
metadata_visit,"contract_implements","META_CLEAR",,0,0,0,0,0,0,,,,,,,,,,,,,,"complete"
metadata_visit,"contract_implements","META_CLASS",,0,0,0,0,0,0,,,,,,,,,,,,,,"complete"
metadata_visit,"contract_implements","META_ATTR",,0,0,0,0,0,0,,,,,,,,,,,,,,"complete"
metadata_visit,"contract_implements","META_INTERFACE",,0,0,0,0,0,0,,,,,,,,,,,,,,"complete"
metadata_visit,"contract_implements","META_IMPLEMENTS",,1503,0,0,0,0,0,,,,,,,,,,,,,,"complete"
metadata_visit,"contract_implements","META_MEMBER",,0,0,0,0,0,0,,,,,,,,,,,,,,"complete"
metadata_visit,"contract_implements","META_INLINE",,0,0,0,0,0,0,,,,,,,,,,,,,,"complete"
metadata_visit,"contract_implements","META_SOURCE_STEP",,0,0,0,0,0,0,,,,,,,,,,,,,,"complete"
metadata_visit,"contract_implements","META_TRACE_EVENT",,0,0,0,0,0,0,,,,,,,,,,,,,,"complete"
metadata_lookup,"callable_signature","query",,0,0,0,0,0,0,,,,,,,,,,,,,,"complete"
metadata_lookup,"callable_signature","hit",,0,0,0,0,0,0,,,,,,,,,,,,,,"complete"
metadata_lookup,"callable_signature","miss",,0,0,0,0,0,0,,,,,,,,,,,,,,"complete"
metadata_lookup,"callable_signature","invalid",,0,0,0,0,0,0,,,,,,,,,,,,,,"complete"
metadata_lookup,"callable_signature","degraded",,0,0,0,0,0,0,,,,,,,,,,,,,,"complete"
metadata_visit,"callable_signature","total",,0,0,0,0,0,0,,,,,,,,,,,,,,"complete"
metadata_visit,"callable_signature","META_FUNC",,0,0,0,0,0,0,,,,,,,,,,,,,,"complete"
metadata_visit,"callable_signature","META_REG",,0,0,0,0,0,0,,,,,,,,,,,,,,"complete"
metadata_visit,"callable_signature","META_CONST",,0,0,0,0,0,0,,,,,,,,,,,,,,"complete"
metadata_visit,"callable_signature","META_CLEAR",,0,0,0,0,0,0,,,,,,,,,,,,,,"complete"
metadata_visit,"callable_signature","META_CLASS",,0,0,0,0,0,0,,,,,,,,,,,,,,"complete"
metadata_visit,"callable_signature","META_ATTR",,0,0,0,0,0,0,,,,,,,,,,,,,,"complete"
metadata_visit,"callable_signature","META_INTERFACE",,0,0,0,0,0,0,,,,,,,,,,,,,,"complete"
metadata_visit,"callable_signature","META_IMPLEMENTS",,0,0,0,0,0,0,,,,,,,,,,,,,,"complete"
metadata_visit,"callable_signature","META_MEMBER",,0,0,0,0,0,0,,,,,,,,,,,,,,"complete"
metadata_visit,"callable_signature","META_INLINE",,0,0,0,0,0,0,,,,,,,,,,,,,,"complete"
metadata_visit,"callable_signature","META_SOURCE_STEP",,0,0,0,0,0,0,,,,,,,,,,,,,,"complete"
metadata_visit,"callable_signature","META_TRACE_EVENT",,0,0,0,0,0,0,,,,,,,,,,,,,,"complete"
metadata_lookup,"interface_method_registry","query",,0,0,0,0,0,0,,,,,,,,,,,,,,"complete"
metadata_lookup,"interface_method_registry","hit",,0,0,0,0,0,0,,,,,,,,,,,,,,"complete"
metadata_lookup,"interface_method_registry","miss",,0,0,0,0,0,0,,,,,,,,,,,,,,"complete"
metadata_lookup,"interface_method_registry","invalid",,0,0,0,0,0,0,,,,,,,,,,,,,,"complete"
metadata_lookup,"interface_method_registry","degraded",,0,0,0,0,0,0,,,,,,,,,,,,,,"complete"
metadata_visit,"interface_method_registry","total",,0,0,0,0,0,0,,,,,,,,,,,,,,"complete"
metadata_visit,"interface_method_registry","META_FUNC",,0,0,0,0,0,0,,,,,,,,,,,,,,"complete"
metadata_visit,"interface_method_registry","META_REG",,0,0,0,0,0,0,,,,,,,,,,,,,,"complete"
metadata_visit,"interface_method_registry","META_CONST",,0,0,0,0,0,0,,,,,,,,,,,,,,"complete"
metadata_visit,"interface_method_registry","META_CLEAR",,0,0,0,0,0,0,,,,,,,,,,,,,,"complete"
metadata_visit,"interface_method_registry","META_CLASS",,0,0,0,0,0,0,,,,,,,,,,,,,,"complete"
metadata_visit,"interface_method_registry","META_ATTR",,0,0,0,0,0,0,,,,,,,,,,,,,,"complete"
metadata_visit,"interface_method_registry","META_INTERFACE",,0,0,0,0,0,0,,,,,,,,,,,,,,"complete"
metadata_visit,"interface_method_registry","META_IMPLEMENTS",,0,0,0,0,0,0,,,,,,,,,,,,,,"complete"
metadata_visit,"interface_method_registry","META_MEMBER",,0,0,0,0,0,0,,,,,,,,,,,,,,"complete"
metadata_visit,"interface_method_registry","META_INLINE",,0,0,0,0,0,0,,,,,,,,,,,,,,"complete"
metadata_visit,"interface_method_registry","META_SOURCE_STEP",,0,0,0,0,0,0,,,,,,,,,,,,,,"complete"
metadata_visit,"interface_method_registry","META_TRACE_EVENT",,0,0,0,0,0,0,,,,,,,,,,,,,,"complete"
metadata_lookup,"interface_factory_registry","query",,0,0,0,0,0,0,,,,,,,,,,,,,,"complete"
metadata_lookup,"interface_factory_registry","hit",,0,0,0,0,0,0,,,,,,,,,,,,,,"complete"
metadata_lookup,"interface_factory_registry","miss",,0,0,0,0,0,0,,,,,,,,,,,,,,"complete"
metadata_lookup,"interface_factory_registry","invalid",,0,0,0,0,0,0,,,,,,,,,,,,,,"complete"
metadata_lookup,"interface_factory_registry","degraded",,0,0,0,0,0,0,,,,,,,,,,,,,,"complete"
metadata_visit,"interface_factory_registry","total",,0,0,0,0,0,0,,,,,,,,,,,,,,"complete"
metadata_visit,"interface_factory_registry","META_FUNC",,0,0,0,0,0,0,,,,,,,,,,,,,,"complete"
metadata_visit,"interface_factory_registry","META_REG",,0,0,0,0,0,0,,,,,,,,,,,,,,"complete"
metadata_visit,"interface_factory_registry","META_CONST",,0,0,0,0,0,0,,,,,,,,,,,,,,"complete"
metadata_visit,"interface_factory_registry","META_CLEAR",,0,0,0,0,0,0,,,,,,,,,,,,,,"complete"
metadata_visit,"interface_factory_registry","META_CLASS",,0,0,0,0,0,0,,,,,,,,,,,,,,"complete"
metadata_visit,"interface_factory_registry","META_ATTR",,0,0,0,0,0,0,,,,,,,,,,,,,,"complete"
metadata_visit,"interface_factory_registry","META_INTERFACE",,0,0,0,0,0,0,,,,,,,,,,,,,,"complete"
metadata_visit,"interface_factory_registry","META_IMPLEMENTS",,0,0,0,0,0,0,,,,,,,,,,,,,,"complete"
metadata_visit,"interface_factory_registry","META_MEMBER",,0,0,0,0,0,0,,,,,,,,,,,,,,"complete"
metadata_visit,"interface_factory_registry","META_INLINE",,0,0,0,0,0,0,,,,,,,,,,,,,,"complete"
metadata_visit,"interface_factory_registry","META_SOURCE_STEP",,0,0,0,0,0,0,,,,,,,,,,,,,,"complete"
metadata_visit,"interface_factory_registry","META_TRACE_EVENT",,0,0,0,0,0,0,,,,,,,,,,,,,,"complete"
metadata_lookup,"rxvml_member","query",,0,0,0,0,0,0,,,,,,,,,,,,,,"complete"
metadata_lookup,"rxvml_member","hit",,0,0,0,0,0,0,,,,,,,,,,,,,,"complete"
metadata_lookup,"rxvml_member","miss",,0,0,0,0,0,0,,,,,,,,,,,,,,"complete"
metadata_lookup,"rxvml_member","invalid",,0,0,0,0,0,0,,,,,,,,,,,,,,"complete"
metadata_lookup,"rxvml_member","degraded",,0,0,0,0,0,0,,,,,,,,,,,,,,"complete"
metadata_visit,"rxvml_member","total",,0,0,0,0,0,0,,,,,,,,,,,,,,"complete"
metadata_visit,"rxvml_member","META_FUNC",,0,0,0,0,0,0,,,,,,,,,,,,,,"complete"
metadata_visit,"rxvml_member","META_REG",,0,0,0,0,0,0,,,,,,,,,,,,,,"complete"
metadata_visit,"rxvml_member","META_CONST",,0,0,0,0,0,0,,,,,,,,,,,,,,"complete"
metadata_visit,"rxvml_member","META_CLEAR",,0,0,0,0,0,0,,,,,,,,,,,,,,"complete"
metadata_visit,"rxvml_member","META_CLASS",,0,0,0,0,0,0,,,,,,,,,,,,,,"complete"
metadata_visit,"rxvml_member","META_ATTR",,0,0,0,0,0,0,,,,,,,,,,,,,,"complete"
metadata_visit,"rxvml_member","META_INTERFACE",,0,0,0,0,0,0,,,,,,,,,,,,,,"complete"
metadata_visit,"rxvml_member","META_IMPLEMENTS",,0,0,0,0,0,0,,,,,,,,,,,,,,"complete"
metadata_visit,"rxvml_member","META_MEMBER",,0,0,0,0,0,0,,,,,,,,,,,,,,"complete"
metadata_visit,"rxvml_member","META_INLINE",,0,0,0,0,0,0,,,,,,,,,,,,,,"complete"
metadata_visit,"rxvml_member","META_SOURCE_STEP",,0,0,0,0,0,0,,,,,,,,,,,,,,"complete"
metadata_visit,"rxvml_member","META_TRACE_EVENT",,0,0,0,0,0,0,,,,,,,,,,,,,,"complete"
metadata_lookup,"rxvml_callable","query",,0,0,0,0,0,0,,,,,,,,,,,,,,"complete"
metadata_lookup,"rxvml_callable","hit",,0,0,0,0,0,0,,,,,,,,,,,,,,"complete"
metadata_lookup,"rxvml_callable","miss",,0,0,0,0,0,0,,,,,,,,,,,,,,"complete"
metadata_lookup,"rxvml_callable","invalid",,0,0,0,0,0,0,,,,,,,,,,,,,,"complete"
metadata_lookup,"rxvml_callable","degraded",,0,0,0,0,0,0,,,,,,,,,,,,,,"complete"
metadata_visit,"rxvml_callable","total",,0,0,0,0,0,0,,,,,,,,,,,,,,"complete"
metadata_visit,"rxvml_callable","META_FUNC",,0,0,0,0,0,0,,,,,,,,,,,,,,"complete"
metadata_visit,"rxvml_callable","META_REG",,0,0,0,0,0,0,,,,,,,,,,,,,,"complete"
metadata_visit,"rxvml_callable","META_CONST",,0,0,0,0,0,0,,,,,,,,,,,,,,"complete"
metadata_visit,"rxvml_callable","META_CLEAR",,0,0,0,0,0,0,,,,,,,,,,,,,,"complete"
metadata_visit,"rxvml_callable","META_CLASS",,0,0,0,0,0,0,,,,,,,,,,,,,,"complete"
metadata_visit,"rxvml_callable","META_ATTR",,0,0,0,0,0,0,,,,,,,,,,,,,,"complete"
metadata_visit,"rxvml_callable","META_INTERFACE",,0,0,0,0,0,0,,,,,,,,,,,,,,"complete"
metadata_visit,"rxvml_callable","META_IMPLEMENTS",,0,0,0,0,0,0,,,,,,,,,,,,,,"complete"
metadata_visit,"rxvml_callable","META_MEMBER",,0,0,0,0,0,0,,,,,,,,,,,,,,"complete"
metadata_visit,"rxvml_callable","META_INLINE",,0,0,0,0,0,0,,,,,,,,,,,,,,"complete"
metadata_visit,"rxvml_callable","META_SOURCE_STEP",,0,0,0,0,0,0,,,,,,,,,,,,,,"complete"
metadata_visit,"rxvml_callable","META_TRACE_EVENT",,0,0,0,0,0,0,,,,,,,,,,,,,,"complete"
metadata_lookup,"rxvml_contract","query",,0,0,0,0,0,0,,,,,,,,,,,,,,"complete"
metadata_lookup,"rxvml_contract","hit",,0,0,0,0,0,0,,,,,,,,,,,,,,"complete"
metadata_lookup,"rxvml_contract","miss",,0,0,0,0,0,0,,,,,,,,,,,,,,"complete"
metadata_lookup,"rxvml_contract","invalid",,0,0,0,0,0,0,,,,,,,,,,,,,,"complete"
metadata_lookup,"rxvml_contract","degraded",,0,0,0,0,0,0,,,,,,,,,,,,,,"complete"
metadata_visit,"rxvml_contract","total",,0,0,0,0,0,0,,,,,,,,,,,,,,"complete"
metadata_visit,"rxvml_contract","META_FUNC",,0,0,0,0,0,0,,,,,,,,,,,,,,"complete"
metadata_visit,"rxvml_contract","META_REG",,0,0,0,0,0,0,,,,,,,,,,,,,,"complete"
metadata_visit,"rxvml_contract","META_CONST",,0,0,0,0,0,0,,,,,,,,,,,,,,"complete"
metadata_visit,"rxvml_contract","META_CLEAR",,0,0,0,0,0,0,,,,,,,,,,,,,,"complete"
metadata_visit,"rxvml_contract","META_CLASS",,0,0,0,0,0,0,,,,,,,,,,,,,,"complete"
metadata_visit,"rxvml_contract","META_ATTR",,0,0,0,0,0,0,,,,,,,,,,,,,,"complete"
metadata_visit,"rxvml_contract","META_INTERFACE",,0,0,0,0,0,0,,,,,,,,,,,,,,"complete"
metadata_visit,"rxvml_contract","META_IMPLEMENTS",,0,0,0,0,0,0,,,,,,,,,,,,,,"complete"
metadata_visit,"rxvml_contract","META_MEMBER",,0,0,0,0,0,0,,,,,,,,,,,,,,"complete"
metadata_visit,"rxvml_contract","META_INLINE",,0,0,0,0,0,0,,,,,,,,,,,,,,"complete"
metadata_visit,"rxvml_contract","META_SOURCE_STEP",,0,0,0,0,0,0,,,,,,,,,,,,,,"complete"
metadata_visit,"rxvml_contract","META_TRACE_EVENT",,0,0,0,0,0,0,,,,,,,,,,,,,,"complete"
metadata_lookup,"rxvml_signature","query",,0,0,0,0,0,0,,,,,,,,,,,,,,"complete"
metadata_lookup,"rxvml_signature","hit",,0,0,0,0,0,0,,,,,,,,,,,,,,"complete"
metadata_lookup,"rxvml_signature","miss",,0,0,0,0,0,0,,,,,,,,,,,,,,"complete"
metadata_lookup,"rxvml_signature","invalid",,0,0,0,0,0,0,,,,,,,,,,,,,,"complete"
metadata_lookup,"rxvml_signature","degraded",,0,0,0,0,0,0,,,,,,,,,,,,,,"complete"
metadata_visit,"rxvml_signature","total",,0,0,0,0,0,0,,,,,,,,,,,,,,"complete"
metadata_visit,"rxvml_signature","META_FUNC",,0,0,0,0,0,0,,,,,,,,,,,,,,"complete"
metadata_visit,"rxvml_signature","META_REG",,0,0,0,0,0,0,,,,,,,,,,,,,,"complete"
metadata_visit,"rxvml_signature","META_CONST",,0,0,0,0,0,0,,,,,,,,,,,,,,"complete"
metadata_visit,"rxvml_signature","META_CLEAR",,0,0,0,0,0,0,,,,,,,,,,,,,,"complete"
metadata_visit,"rxvml_signature","META_CLASS",,0,0,0,0,0,0,,,,,,,,,,,,,,"complete"
metadata_visit,"rxvml_signature","META_ATTR",,0,0,0,0,0,0,,,,,,,,,,,,,,"complete"
metadata_visit,"rxvml_signature","META_INTERFACE",,0,0,0,0,0,0,,,,,,,,,,,,,,"complete"
metadata_visit,"rxvml_signature","META_IMPLEMENTS",,0,0,0,0,0,0,,,,,,,,,,,,,,"complete"
metadata_visit,"rxvml_signature","META_MEMBER",,0,0,0,0,0,0,,,,,,,,,,,,,,"complete"
metadata_visit,"rxvml_signature","META_INLINE",,0,0,0,0,0,0,,,,,,,,,,,,,,"complete"
metadata_visit,"rxvml_signature","META_SOURCE_STEP",,0,0,0,0,0,0,,,,,,,,,,,,,,"complete"
metadata_visit,"rxvml_signature","META_TRACE_EVENT",,0,0,0,0,0,0,,,,,,,,,,,,,,"complete"
metadata_lookup,"rxvml_class_discovery","query",,0,0,0,0,0,0,,,,,,,,,,,,,,"complete"
metadata_lookup,"rxvml_class_discovery","hit",,0,0,0,0,0,0,,,,,,,,,,,,,,"complete"
metadata_lookup,"rxvml_class_discovery","miss",,0,0,0,0,0,0,,,,,,,,,,,,,,"complete"
metadata_lookup,"rxvml_class_discovery","invalid",,0,0,0,0,0,0,,,,,,,,,,,,,,"complete"
metadata_lookup,"rxvml_class_discovery","degraded",,0,0,0,0,0,0,,,,,,,,,,,,,,"complete"
metadata_visit,"rxvml_class_discovery","total",,0,0,0,0,0,0,,,,,,,,,,,,,,"complete"
metadata_visit,"rxvml_class_discovery","META_FUNC",,0,0,0,0,0,0,,,,,,,,,,,,,,"complete"
metadata_visit,"rxvml_class_discovery","META_REG",,0,0,0,0,0,0,,,,,,,,,,,,,,"complete"
metadata_visit,"rxvml_class_discovery","META_CONST",,0,0,0,0,0,0,,,,,,,,,,,,,,"complete"
metadata_visit,"rxvml_class_discovery","META_CLEAR",,0,0,0,0,0,0,,,,,,,,,,,,,,"complete"
metadata_visit,"rxvml_class_discovery","META_CLASS",,0,0,0,0,0,0,,,,,,,,,,,,,,"complete"
metadata_visit,"rxvml_class_discovery","META_ATTR",,0,0,0,0,0,0,,,,,,,,,,,,,,"complete"
metadata_visit,"rxvml_class_discovery","META_INTERFACE",,0,0,0,0,0,0,,,,,,,,,,,,,,"complete"
metadata_visit,"rxvml_class_discovery","META_IMPLEMENTS",,0,0,0,0,0,0,,,,,,,,,,,,,,"complete"
metadata_visit,"rxvml_class_discovery","META_MEMBER",,0,0,0,0,0,0,,,,,,,,,,,,,,"complete"
metadata_visit,"rxvml_class_discovery","META_INLINE",,0,0,0,0,0,0,,,,,,,,,,,,,,"complete"
metadata_visit,"rxvml_class_discovery","META_SOURCE_STEP",,0,0,0,0,0,0,,,,,,,,,,,,,,"complete"
metadata_visit,"rxvml_class_discovery","META_TRACE_EVENT",,0,0,0,0,0,0,,,,,,,,,,,,,,"complete"
metadata_lookup,"source_context","query",,0,0,0,0,0,0,,,,,,,,,,,,,,"complete"
metadata_lookup,"source_context","hit",,0,0,0,0,0,0,,,,,,,,,,,,,,"complete"
metadata_lookup,"source_context","miss",,0,0,0,0,0,0,,,,,,,,,,,,,,"complete"
metadata_lookup,"source_context","invalid",,0,0,0,0,0,0,,,,,,,,,,,,,,"complete"
metadata_lookup,"source_context","degraded",,0,0,0,0,0,0,,,,,,,,,,,,,,"complete"
metadata_visit,"source_context","total",,0,0,0,0,0,0,,,,,,,,,,,,,,"complete"
metadata_visit,"source_context","META_FUNC",,0,0,0,0,0,0,,,,,,,,,,,,,,"complete"
metadata_visit,"source_context","META_REG",,0,0,0,0,0,0,,,,,,,,,,,,,,"complete"
metadata_visit,"source_context","META_CONST",,0,0,0,0,0,0,,,,,,,,,,,,,,"complete"
metadata_visit,"source_context","META_CLEAR",,0,0,0,0,0,0,,,,,,,,,,,,,,"complete"
metadata_visit,"source_context","META_CLASS",,0,0,0,0,0,0,,,,,,,,,,,,,,"complete"
metadata_visit,"source_context","META_ATTR",,0,0,0,0,0,0,,,,,,,,,,,,,,"complete"
metadata_visit,"source_context","META_INTERFACE",,0,0,0,0,0,0,,,,,,,,,,,,,,"complete"
metadata_visit,"source_context","META_IMPLEMENTS",,0,0,0,0,0,0,,,,,,,,,,,,,,"complete"
metadata_visit,"source_context","META_MEMBER",,0,0,0,0,0,0,,,,,,,,,,,,,,"complete"
metadata_visit,"source_context","META_INLINE",,0,0,0,0,0,0,,,,,,,,,,,,,,"complete"
metadata_visit,"source_context","META_SOURCE_STEP",,0,0,0,0,0,0,,,,,,,,,,,,,,"complete"
metadata_visit,"source_context","META_TRACE_EVENT",,0,0,0,0,0,0,,,,,,,,,,,,,,"complete"
metadata_lookup,"metadata_introspection","query",,0,0,0,0,0,0,,,,,,,,,,,,,,"complete"
metadata_lookup,"metadata_introspection","hit",,0,0,0,0,0,0,,,,,,,,,,,,,,"complete"
metadata_lookup,"metadata_introspection","miss",,0,0,0,0,0,0,,,,,,,,,,,,,,"complete"
metadata_lookup,"metadata_introspection","invalid",,0,0,0,0,0,0,,,,,,,,,,,,,,"complete"
metadata_lookup,"metadata_introspection","degraded",,0,0,0,0,0,0,,,,,,,,,,,,,,"complete"
metadata_visit,"metadata_introspection","total",,0,0,0,0,0,0,,,,,,,,,,,,,,"complete"
metadata_visit,"metadata_introspection","META_FUNC",,0,0,0,0,0,0,,,,,,,,,,,,,,"complete"
metadata_visit,"metadata_introspection","META_REG",,0,0,0,0,0,0,,,,,,,,,,,,,,"complete"
metadata_visit,"metadata_introspection","META_CONST",,0,0,0,0,0,0,,,,,,,,,,,,,,"complete"
metadata_visit,"metadata_introspection","META_CLEAR",,0,0,0,0,0,0,,,,,,,,,,,,,,"complete"
metadata_visit,"metadata_introspection","META_CLASS",,0,0,0,0,0,0,,,,,,,,,,,,,,"complete"
metadata_visit,"metadata_introspection","META_ATTR",,0,0,0,0,0,0,,,,,,,,,,,,,,"complete"
metadata_visit,"metadata_introspection","META_INTERFACE",,0,0,0,0,0,0,,,,,,,,,,,,,,"complete"
metadata_visit,"metadata_introspection","META_IMPLEMENTS",,0,0,0,0,0,0,,,,,,,,,,,,,,"complete"
metadata_visit,"metadata_introspection","META_MEMBER",,0,0,0,0,0,0,,,,,,,,,,,,,,"complete"
metadata_visit,"metadata_introspection","META_INLINE",,0,0,0,0,0,0,,,,,,,,,,,,,,"complete"
metadata_visit,"metadata_introspection","META_SOURCE_STEP",,0,0,0,0,0,0,,,,,,,,,,,,,,"complete"
metadata_visit,"metadata_introspection","META_TRACE_EVENT",,0,0,0,0,0,0,,,,,,,,,,,,,,"complete"
metadata_lookup,"profile_catalog","query",,369,0,0,0,0,0,,,,,,,,,,,,,,"complete"
metadata_lookup,"profile_catalog","hit",,203,0,0,0,0,0,,,,,,,,,,,,,,"complete"
metadata_lookup,"profile_catalog","miss",,166,0,0,0,0,0,,,,,,,,,,,,,,"complete"
metadata_lookup,"profile_catalog","invalid",,0,0,0,0,0,0,,,,,,,,,,,,,,"complete"
metadata_lookup,"profile_catalog","degraded",,0,0,0,0,0,0,,,,,,,,,,,,,,"complete"
metadata_visit,"profile_catalog","total",,5594,0,0,0,0,0,,,,,,,,,,,,,,"complete"
metadata_visit,"profile_catalog","META_FUNC",,372,0,0,0,0,0,,,,,,,,,,,,,,"complete"
metadata_visit,"profile_catalog","META_REG",,0,0,0,0,0,0,,,,,,,,,,,,,,"complete"
metadata_visit,"profile_catalog","META_CONST",,0,0,0,0,0,0,,,,,,,,,,,,,,"complete"
metadata_visit,"profile_catalog","META_CLEAR",,0,0,0,0,0,0,,,,,,,,,,,,,,"complete"
metadata_visit,"profile_catalog","META_CLASS",,5222,0,0,0,0,0,,,,,,,,,,,,,,"complete"
metadata_visit,"profile_catalog","META_ATTR",,0,0,0,0,0,0,,,,,,,,,,,,,,"complete"
metadata_visit,"profile_catalog","META_INTERFACE",,0,0,0,0,0,0,,,,,,,,,,,,,,"complete"
metadata_visit,"profile_catalog","META_IMPLEMENTS",,0,0,0,0,0,0,,,,,,,,,,,,,,"complete"
metadata_visit,"profile_catalog","META_MEMBER",,0,0,0,0,0,0,,,,,,,,,,,,,,"complete"
metadata_visit,"profile_catalog","META_INLINE",,0,0,0,0,0,0,,,,,,,,,,,,,,"complete"
metadata_visit,"profile_catalog","META_SOURCE_STEP",,0,0,0,0,0,0,,,,,,,,,,,,,,"complete"
metadata_visit,"profile_catalog","META_TRACE_EVENT",,0,0,0,0,0,0,,,,,,,,,,,,,,"complete"
metadata_index_build,"META_FUNC","entries",,372,0,0,0,0,0,,,,,,,,,,,,,,"complete"
metadata_index_build,"META_REG","entries",,1881,0,0,0,0,0,,,,,,,,,,,,,,"complete"
metadata_index_build,"META_CONST","entries",,3,0,0,0,0,0,,,,,,,,,,,,,,"complete"
metadata_index_build,"META_CLEAR","entries",,1815,0,0,0,0,0,,,,,,,,,,,,,,"complete"
metadata_index_build,"META_CLASS","entries",,19,0,0,0,0,0,,,,,,,,,,,,,,"complete"
metadata_index_build,"META_ATTR","entries",,115,0,0,0,0,0,,,,,,,,,,,,,,"complete"
metadata_index_build,"META_INTERFACE","entries",,5,0,0,0,0,0,,,,,,,,,,,,,,"complete"
metadata_index_build,"META_IMPLEMENTS","entries",,20,0,0,0,0,0,,,,,,,,,,,,,,"complete"
metadata_index_build,"META_MEMBER","entries",,18,0,0,0,0,0,,,,,,,,,,,,,,"complete"
metadata_index_build,"META_INLINE","entries",,0,0,0,0,0,0,,,,,,,,,,,,,,"complete"
metadata_index_build,"META_SOURCE_STEP","entries",,940,0,0,0,0,0,,,,,,,,,,,,,,"complete"
metadata_index_build,"META_TRACE_EVENT","entries",,1668,0,0,0,0,0,,,,,,,,,,,,,,"complete"
metadata_index_build,"index","modules",,16,0,0,0,0,0,,,,,,,,,,,,,,"complete"
metadata_index_build,"index","offsets",,6856,0,0,0,0,0,,,,,,,,,,,,,,"complete"
metadata_index_build,"index","retained_bytes",,109696,0,0,0,0,0,,,,,,,,,,,,,,"complete"
metadata_index_build,"index","invalid",,0,0,0,0,0,0,,,,,,,,,,,,,,"complete"
metadata_index_build,"index","degraded",,0,0,0,0,0,0,,,,,,,,,,,,,,"complete"
census,"call_path","direct_bytecode",,1103,0,0,0,0,0,,,,,,,,,,,,,,"complete"
census,"call_path","direct_native",,0,0,0,0,0,0,,,,,,,,,,,,,,"complete"
census,"call_path","dynamic_bytecode",,49,0,0,0,0,0,,,,,,,,,,,,,,"complete"
census,"call_path","dynamic_native",,0,0,0,0,0,0,,,,,,,,,,,,,,"complete"
census,"call_path","external_root",,1,0,0,0,0,0,,,,,,,,,,,,,,"complete"
census,"call_path","signal_bytecode",,0,0,0,0,0,0,,,,,,,,,,,,,,"complete"
census,"call_path","signal_native",,0,0,0,0,0,0,,,,,,,,,,,,,,"complete"
census,"arity","1",,225,0,0,0,0,0,,,,,,,,,,,,,,"complete"
census,"arity","0",,268,0,0,0,0,0,,,,,,,,,,,,,,"complete"
census,"arity","3",,360,0,0,0,0,0,,,,,,,,,,,,,,"complete"
census,"arity","2",,172,0,0,0,0,0,,,,,,,,,,,,,,"complete"
census,"arity","4",,112,0,0,0,0,0,,,,,,,,,,,,,,"complete"
census,"arity","5",,16,0,0,0,0,0,,,,,,,,,,,,,,"complete"
census,"callable_kind","procedure",,875,0,0,0,0,0,,,,,,,,,,,,,,"complete"
census,"callable_kind","method",,269,0,0,0,0,0,,,,,,,,,,,,,,"complete"
census,"callable_kind","factory",,9,0,0,0,0,0,,,,,,,,,,,,,,"complete"
census,"callable_kind","native",,0,0,0,0,0,0,,,,,,,,,,,,,,"complete"
census,"callable_kind","unknown",,0,0,0,0,0,0,,,,,,,,,,,,,,"complete"
census,"frame_disposition","fresh",,81,0,0,0,0,0,,,,,,,,,,,,,,"complete"
census,"frame_disposition","reused",,1072,0,0,0,0,0,,,,,,,,,,,,,,"complete"
census,"frame_disposition","no_child_native",,0,0,0,0,0,0,,,,,,,,,,,,,,"complete"
census,"frame_disposition","none_failed",,0,0,0,0,0,0,,,,,,,,,,,,,,"complete"
census,"call_outcome","success",,1153,0,0,0,0,0,,,,,,,,,,,,,,"complete"
census,"call_outcome","unresolved",,0,0,0,0,0,0,,,,,,,,,,,,,,"complete"
census,"call_outcome","frame_failed",,0,0,0,0,0,0,,,,,,,,,,,,,,"complete"
census,"call_outcome","invalid",,0,0,0,0,0,0,,,,,,,,,,,,,,"complete"
return,"placement","void",,358,0,0,0,0,0,,,,,,,,,,,,,,"complete"
return,"placement","ret_reg_move_local",,501,0,0,0,0,0,,,,,,,,,,,,,,"complete"
return,"placement","ret_reg_copy_nonlocal",,206,0,0,0,0,0,,,,,,,,,,,,,,"complete"
return,"placement","value_ignored",,0,0,0,0,0,0,,,,,,,,,,,,,,"complete"
return,"placement","immediate",,87,0,0,0,0,0,,,,,,,,,,,,,,"complete"
return,"placement","terminal_external",,1,0,0,0,0,0,,,,,,,,,,,,,,"complete"
dynamic,"srcmethodsel","attempt",,42,0,0,0,0,0,,,,,,,,,,,,,,"complete"
dynamic,"srcmethodsel","success",,42,0,0,0,0,0,,,,,,,,,,,,,,"complete"
dynamic,"srcmethodsel","failure",,0,0,0,0,0,0,,,,,,,,,,,,,,"complete"
dynamic,"srcfprocsel","attempt",,7,0,0,0,0,0,,,,,,,,,,,,,,"complete"
dynamic,"srcfprocsel","success",,7,0,0,0,0,0,,,,,,,,,,,,,,"complete"
dynamic,"srcfprocsel","failure",,0,0,0,0,0,0,,,,,,,,,,,,,,"complete"
mechanics,"call_window","setup_swaps",,972,0,0,0,0,0,,,,,,,,,,,,,,"complete"
mechanics,"call_window","normal_restoration_swaps",,972,0,0,0,0,0,,,,,,,,,,,,,,"complete"
mechanics,"call_window","unclassified_swaps",,22,0,0,0,0,0,,,,,,,,,,,,,,"complete"
mechanics,"call_window","defensive_argument_copies",,1,0,0,0,0,0,,,,,,,,,,,,,,"complete"
mechanics,"call_window","unclassified_copies",,1260,0,0,0,0,0,,,,,,,,,,,,,,"complete"
mechanics,"call_window","attribution_degraded",,0,0,0,0,0,0,,,,,,,,,,,,,,"complete"
unwind,"signal","events",,0,0,0,0,0,0,,,,,,,,,,,,,,"complete"
unwind,"signal","bytecode_frames_discarded",,0,0,0,0,0,0,,,,,,,,,,,,,,"complete"
unwind,"signal","argument_windows_restored",,0,0,0,0,0,0,,,,,,,,,,,,,,"complete"
unwind,"signal","argument_slots_restored",,0,0,0,0,0,0,,,,,,,,,,,,,,"complete"
unwind,"signal","interrupted_native_windows_restored",,0,0,0,0,0,0,,,,,,,,,,,,,,"complete"
unwind,"signal","interrupted_native_slots_restored",,0,0,0,0,0,0,,,,,,,,,,,,,,"complete"
unwind,"signal","restoration_failures",,0,0,0,0,0,0,,,,,,,,,,,,,,"complete"
call,"rexxcps_levelb_opaque.main","external_root",0,1,0,0,0,0,0,1,,,,"benchmark_rexxcps_levelb_opaque_opt","procedure",,,"fresh","success",0,0,0,"complete"
call,"rxfnsb.stem.§factory","direct_bytecode",439,1,0,0,0,0,0,0,,,,"benchmark_rexxcps_levelb_opaque_opt","factory",,,"fresh","success",0,0,0,"complete"
call,"rxfnsb.stem.§factory","direct_bytecode",446,1,0,0,0,0,0,0,,,,"benchmark_rexxcps_levelb_opaque_opt","factory",,,"reused","success",0,0,0,"complete"
call,"rxfnsb.time","direct_bytecode",487,1,0,0,0,0,0,1,,,,"benchmark_rexxcps_levelb_opaque_opt","procedure",,,"fresh","success",0,0,0,"complete"
call,"_rxsysb._elapsed","direct_bytecode",300,2,0,0,0,0,0,1,,,,"time","procedure",,,"fresh","success",2,2,0,"complete"
call,"_rxsysb._elapsed","direct_bytecode",328,4,0,0,0,0,0,1,,,,"time","procedure",,,"reused","success",0,0,0,"complete"
call,"_rxsysb._elapsed","direct_bytecode",338,4,0,0,0,0,0,1,,,,"time","procedure",,,"reused","success",4,4,0,"complete"
call,"rxfnsb.time","direct_bytecode",508,1,0,0,0,0,0,1,,,,"benchmark_rexxcps_levelb_opaque_opt","procedure",,,"reused","success",0,0,0,"complete"
call,"_rxsysb._elapsed","direct_bytecode",300,2,0,0,0,0,0,1,,,,"time","procedure",,,"reused","success",2,2,0,"complete"
call,"rxfnsb._trace_mode_from_option","direct_bytecode",576,1,0,0,0,0,0,1,,,,"benchmark_rexxcps_levelb_opaque_opt","procedure",,,"fresh","success",1,1,0,"complete"
call,"rxfnsb._trace_normalize_mode","direct_bytecode",18531,2,0,0,0,0,0,1,,,,"trace","procedure",,,"fresh","success",2,2,0,"complete"
call,"rxfnsb.strip","direct_bytecode",16152,1,0,0,0,0,0,3,,,,"trace","procedure",,,"fresh","success",1,1,0,"complete"
call,"rxfnsb.pos","direct_bytecode",16982,1,0,0,0,0,0,3,,,,"trace","procedure",,,"fresh","success",1,1,0,"complete"
call,"rxfnsb._trace_set","direct_bytecode",589,1,0,0,0,0,0,1,,,,"benchmark_rexxcps_levelb_opaque_opt","procedure",,,"fresh","success",0,0,0,"complete"
call,"rxfnsb._trace_ensure_runtime","direct_bytecode",12341,1,0,0,0,0,0,0,,,,"trace","procedure",,,"fresh","success",0,0,0,"complete"
call,"rxfnsb.tracecontroller.add_suppressed_namespace","direct_bytecode",15746,1,0,0,0,0,0,2,,,,"trace","method",,,"fresh","success",1,1,1,"complete"
call,"rxfnsb.strip","direct_bytecode",5787,16,0,0,0,0,0,3,,,,"trace","procedure",,,"reused","success",16,16,0,"complete"
call,"rxfnsb.tracecontroller.add_suppressed_namespace","direct_bytecode",15768,1,0,0,0,0,0,2,,,,"trace","method",,,"reused","success",1,1,0,"complete"
call,"rxfnsb.tracecontroller.add_suppressed_namespace","direct_bytecode",15790,1,0,0,0,0,0,2,,,,"trace","method",,,"reused","success",1,1,0,"complete"
call,"rxfnsb.tracecontroller.add_suppressed_namespace","direct_bytecode",15812,1,0,0,0,0,0,2,,,,"trace","method",,,"reused","success",1,1,0,"complete"
call,"rxfnsb.tracecontroller.add_suppressed_namespace","direct_bytecode",15834,1,0,0,0,0,0,2,,,,"trace","method",,,"reused","success",1,1,0,"complete"
call,"rxfnsb.tracecontroller.add_suppressed_namespace","direct_bytecode",15856,1,0,0,0,0,0,2,,,,"trace","method",,,"reused","success",1,1,0,"complete"
call,"rxfnsb.tracecontroller.add_suppressed_namespace","direct_bytecode",15878,1,0,0,0,0,0,2,,,,"trace","method",,,"reused","success",1,1,0,"complete"
call,"rxfnsb.tracecontroller.add_suppressed_namespace","direct_bytecode",15900,1,0,0,0,0,0,2,,,,"trace","method",,,"reused","success",1,1,0,"complete"
call,"rxfnsb.tracecontroller.add_suppressed_namespace","direct_bytecode",15922,1,0,0,0,0,0,2,,,,"trace","method",,,"reused","success",1,1,0,"complete"
call,"rxfnsb.tracecontroller.add_suppressed_namespace","direct_bytecode",15944,1,0,0,0,0,0,2,,,,"trace","method",,,"reused","success",1,1,0,"complete"
call,"rxfnsb.tracecontroller.add_suppressed_namespace","direct_bytecode",15966,1,0,0,0,0,0,2,,,,"trace","method",,,"reused","success",1,1,0,"complete"
call,"rxfnsb.tracecontroller.add_suppressed_namespace","direct_bytecode",15988,1,0,0,0,0,0,2,,,,"trace","method",,,"reused","success",1,1,0,"complete"
call,"rxfnsb.tracecontroller.add_suppressed_namespace","direct_bytecode",16010,1,0,0,0,0,0,2,,,,"trace","method",,,"reused","success",1,1,0,"complete"
call,"rxfnsb.tracecontroller.add_suppressed_namespace","direct_bytecode",16032,1,0,0,0,0,0,2,,,,"trace","method",,,"reused","success",1,1,0,"complete"
call,"rxfnsb.tracecontroller.add_suppressed_namespace","direct_bytecode",16054,1,0,0,0,0,0,2,,,,"trace","method",,,"reused","success",1,1,0,"complete"
call,"rxfnsb.tracecontroller.add_suppressed_namespace","direct_bytecode",16076,1,0,0,0,0,0,2,,,,"trace","method",,,"reused","success",1,1,0,"complete"
call,"rxfnsb._trace_normalize_mode","direct_bytecode",12354,16,0,0,0,0,0,1,,,,"trace","procedure",,,"reused","success",16,16,0,"complete"
call,"rxfnsb.strip","direct_bytecode",16152,1,0,0,0,0,0,3,,,,"trace","procedure",,,"reused","success",1,1,0,"complete"
call,"rxfnsb.pos","direct_bytecode",16982,1,0,0,0,0,0,3,,,,"trace","procedure",,,"reused","success",1,1,0,"complete"
call,"rxfnsb._trace_current_mode","direct_bytecode",596,1,0,0,0,0,0,0,,,,"benchmark_rexxcps_levelb_opaque_opt","procedure",,,"fresh","success",0,0,0,"complete"
call,"rxfnsb._trace_ensure_runtime","direct_bytecode",14273,30,0,0,0,0,0,0,,,,"trace","procedure",,,"reused","success",0,0,0,"complete"
call,"rexxcps_levelb_opaque.__rxtrace_reset_display_state","direct_bytecode",603,1,0,0,0,0,0,0,,,,"benchmark_rexxcps_levelb_opaque_opt","procedure",,,"fresh","success",0,0,0,"complete"
call,"rxfnsb.time","direct_bytecode",656,1,0,0,0,0,0,1,,,,"benchmark_rexxcps_levelb_opaque_opt","procedure",,,"reused","success",0,0,0,"complete"
call,"rxfnsb.stem.set","direct_bytecode",894,2,0,0,0,0,0,3,,,,"benchmark_rexxcps_levelb_opaque_opt","method",,,"fresh","success",4,4,0,"complete"
call,"rxfnsb.stem.get","direct_bytecode",926,2,0,0,0,0,0,2,,,,"benchmark_rexxcps_levelb_opaque_opt","method",,,"fresh","success",2,2,0,"complete"
call,"rxfnsb.stem.get","direct_bytecode",982,28,0,0,0,0,0,2,,,,"benchmark_rexxcps_levelb_opaque_opt","method",,,"reused","success",28,28,0,"complete"
call,"rxfnsb.stem.get","direct_bytecode",1409,28,0,0,0,0,0,2,,,,"benchmark_rexxcps_levelb_opaque_opt","method",,,"reused","success",28,28,0,"complete"
call,"rxfnsb.stem.set","direct_bytecode",1445,28,0,0,0,0,0,3,,,,"benchmark_rexxcps_levelb_opaque_opt","method",,,"reused","success",28,28,0,"complete"
call,"rxfnsb.stem.set","direct_bytecode",1492,14,0,0,0,0,0,3,,,,"benchmark_rexxcps_levelb_opaque_opt","method",,,"reused","success",14,14,0,"complete"
call,"rxfnsb.stem.get","direct_bytecode",1530,14,0,0,0,0,0,2,,,,"benchmark_rexxcps_levelb_opaque_opt","method",,,"reused","success",14,14,0,"complete"
call,"rxfnsb.stem.get","direct_bytecode",1678,14,0,0,0,0,0,2,,,,"benchmark_rexxcps_levelb_opaque_opt","method",,,"reused","success",14,14,0,"complete"
call,"rxfnsb.stem.get","direct_bytecode",1721,14,0,0,0,0,0,2,,,,"benchmark_rexxcps_levelb_opaque_opt","method",,,"reused","success",14,14,0,"complete"
call,"rxfnsb.stem.set","direct_bytecode",1757,14,0,0,0,0,0,3,,,,"benchmark_rexxcps_levelb_opaque_opt","method",,,"reused","success",14,14,0,"complete"
call,"rxfnsb.parseexec","direct_bytecode",1808,1,0,0,0,0,0,4,,,,"benchmark_rexxcps_levelb_opaque_opt","procedure",,,"fresh","success",1,1,0,"complete"
call,"rxfnsb._trace_current_mode","direct_bytecode",1842,13,0,0,0,0,0,0,,,,"benchmark_rexxcps_levelb_opaque_opt","procedure",,,"reused","success",0,0,0,"complete"
call,"rxfnsb._trace_mode_from_option","direct_bytecode",1852,13,0,0,0,0,0,1,,,,"benchmark_rexxcps_levelb_opaque_opt","procedure",,,"reused","success",0,0,0,"complete"
call,"rxfnsb._trace_normalize_mode","direct_bytecode",18531,13,0,0,0,0,0,1,,,,"trace","procedure",,,"reused","success",13,13,0,"complete"
call,"rxfnsb._trace_set","direct_bytecode",1862,13,0,0,0,0,0,1,,,,"benchmark_rexxcps_levelb_opaque_opt","procedure",,,"reused","success",0,0,0,"complete"
call,"rxfnsb._trace_ensure_runtime","direct_bytecode",12341,15,0,0,0,0,0,0,,,,"trace","procedure",,,"reused","success",0,0,0,"complete"
call,"rxfnsb._trace_current_mode","direct_bytecode",1869,14,0,0,0,0,0,0,,,,"benchmark_rexxcps_levelb_opaque_opt","procedure",,,"reused","success",0,0,0,"complete"
call,"rexxcps_levelb_opaque.__rxtrace_reset_display_state","direct_bytecode",1876,13,0,0,0,0,0,0,,,,"benchmark_rexxcps_levelb_opaque_opt","procedure",,,"reused","success",0,0,0,"complete"
call,"_rxsysb.addressenv","direct_bytecode",1929,2,0,0,0,0,0,1,,,,"benchmark_rexxcps_levelb_opaque_opt","procedure",,,"fresh","success",0,0,0,"complete"
call,"_rxsysb._address_environment","direct_bytecode",15352,2,0,0,0,0,0,1,,,,"_address","procedure",,,"fresh","success",2,2,0,"complete"
call,"_rxsysb.ensure_address_runtime","direct_bytecode",13823,1,0,0,0,0,0,0,,,,"_address","procedure",,,"fresh","success",0,0,0,"complete"
call,"_rxsysb._ensure_address_environment","direct_bytecode",16944,1,0,0,0,0,0,1,,,,"_address","procedure",,,"fresh","success",0,0,0,"complete"
call,"_rxsysb.ensure_address_runtime","direct_bytecode",15628,6,0,0,0,0,0,0,,,,"_address","procedure",,,"fresh","success",0,0,0,"complete"
call,"rxfnsb.strip","direct_bytecode",15657,34,0,0,0,0,0,3,,,,"_address","procedure",,,"reused","success",34,34,0,"complete"
call,"rxfnsb.strip","direct_bytecode",15734,34,0,0,0,0,0,3,,,,"_address","procedure",,,"reused","success",34,34,0,"complete"
call,"_rxsysb.crexxaddressenvironment.§factory","dynamic_bytecode",15831,1,0,0,0,0,0,1,,,,"_address","factory",,,"fresh","success",0,0,0,"complete"
call,"rxfnsb.strip","direct_bytecode",5805,1,0,0,0,0,0,3,,,,"_address","procedure",,,"fresh","success",1,1,0,"complete"
call,"_rxsysb.crexxaddressenvironment.environment_id","dynamic_bytecode",15884,1,0,0,0,0,0,1,,,,"_address","method",,,"fresh","success",1,1,0,"complete"
call,"_rxsysb.crexxaddressenvironment.bind_environment","dynamic_bytecode",15916,1,0,0,0,0,0,3,,,,"_address","method",,,"fresh","success",3,3,0,"complete"
call,"rxfnsb.strip","direct_bytecode",5879,1,0,0,0,0,0,3,,,,"_address","procedure",,,"reused","success",1,1,0,"complete"
call,"_rxsysb._ensure_address_environment","direct_bytecode",16957,1,0,0,0,0,0,1,,,,"_address","procedure",,,"reused","success",0,0,0,"complete"
call,"_rxsysb.systemaddressenvironment.§factory","dynamic_bytecode",15831,3,0,0,0,0,0,1,,,,"_address","factory",,,"fresh","success",0,0,0,"complete"
call,"rxfnsb.strip","direct_bytecode",6320,3,0,0,0,0,0,3,,,,"_address","procedure",,,"fresh","success",3,3,0,"complete"
call,"_rxsysb.systemaddressenvironment.environment_id","dynamic_bytecode",15884,3,0,0,0,0,0,1,,,,"_address","method",,,"fresh","success",3,3,0,"complete"
call,"_rxsysb.systemaddressenvironment.bind_environment","dynamic_bytecode",15916,3,0,0,0,0,0,3,,,,"_address","method",,,"fresh","success",9,9,0,"complete"
call,"rxfnsb.strip","direct_bytecode",6394,3,0,0,0,0,0,3,,,,"_address","procedure",,,"reused","success",3,3,0,"complete"
call,"_rxsysb._ensure_address_environment","direct_bytecode",16970,1,0,0,0,0,0,1,,,,"_address","procedure",,,"reused","success",0,0,0,"complete"
call,"_rxsysb._ensure_address_environment","direct_bytecode",16983,1,0,0,0,0,0,1,,,,"_address","procedure",,,"reused","success",0,0,0,"complete"
call,"_rxsysb._ensure_address_environment","direct_bytecode",16996,1,0,0,0,0,0,1,,,,"_address","procedure",,,"reused","success",0,0,0,"complete"
call,"_rxsysb.shelladdressenvironment.§factory","dynamic_bytecode",15831,1,0,0,0,0,0,1,,,,"_address","factory",,,"fresh","success",0,0,0,"complete"
call,"rxfnsb.strip","direct_bytecode",6818,1,0,0,0,0,0,3,,,,"_address","procedure",,,"fresh","success",1,1,0,"complete"
call,"_rxsysb.shelladdressenvironment.environment_id","dynamic_bytecode",15884,1,0,0,0,0,0,1,,,,"_address","method",,,"fresh","success",1,1,0,"complete"
call,"_rxsysb.shelladdressenvironment.bind_environment","dynamic_bytecode",15916,1,0,0,0,0,0,3,,,,"_address","method",,,"fresh","success",3,3,0,"complete"
call,"rxfnsb.strip","direct_bytecode",6892,1,0,0,0,0,0,3,,,,"_address","procedure",,,"reused","success",1,1,0,"complete"
call,"_rxsysb._ensure_address_environment","direct_bytecode",17009,1,0,0,0,0,0,1,,,,"_address","procedure",,,"reused","success",0,0,0,"complete"
call,"_rxsysb.pathaddressenvironment.§factory","dynamic_bytecode",15831,1,0,0,0,0,0,1,,,,"_address","factory",,,"fresh","success",0,0,0,"complete"
call,"rxfnsb.strip","direct_bytecode",7316,1,0,0,0,0,0,3,,,,"_address","procedure",,,"fresh","success",1,1,0,"complete"
call,"_rxsysb.pathaddressenvironment.environment_id","dynamic_bytecode",15884,1,0,0,0,0,0,1,,,,"_address","method",,,"fresh","success",1,1,0,"complete"
call,"_rxsysb.pathaddressenvironment.bind_environment","dynamic_bytecode",15916,1,0,0,0,0,0,3,,,,"_address","method",,,"fresh","success",3,3,0,"complete"
call,"rxfnsb.strip","direct_bytecode",7390,1,0,0,0,0,0,3,,,,"_address","procedure",,,"reused","success",1,1,0,"complete"
call,"rxfnsb.strip","direct_bytecode",13847,14,0,0,0,0,0,3,,,,"_address","procedure",,,"reused","success",14,14,0,"complete"
call,"_rxsysb._current_address_environment","direct_bytecode",13876,1,0,0,0,0,0,0,,,,"_address","procedure",,,"fresh","success",0,0,0,"complete"
call,"_rxsysb.ensure_address_runtime","direct_bytecode",16543,27,0,0,0,0,0,0,,,,"_address","procedure",,,"reused","success",0,0,0,"complete"
call,"_rxsysb._ensure_address_environment","direct_bytecode",13889,14,0,0,0,0,0,1,,,,"_address","procedure",,,"reused","success",14,14,0,"complete"
call,"_rxsysb.ensure_address_runtime","direct_bytecode",15628,28,0,0,0,0,0,0,,,,"_address","procedure",,,"reused","success",0,0,0,"complete"
call,"rxfnsb.strip","direct_bytecode",14006,14,0,0,0,0,0,3,,,,"_address","procedure",,,"reused","success",14,14,0,"complete"
call,"_rxsysb.crexxaddressenvironment.environment_name","dynamic_bytecode",1943,1,0,0,0,0,0,1,,,,"benchmark_rexxcps_levelb_opaque_opt","method",,,"fresh","success",0,0,0,"complete"
call,"_rxsysb._address","direct_bytecode",2001,1,0,0,0,0,0,5,,,,"benchmark_rexxcps_levelb_opaque_opt","procedure",,,"fresh","success",3,3,0,"complete"
call,"_rxsysb.ensure_address_runtime","direct_bytecode",9012,14,0,0,0,0,0,0,,,,"_address","procedure",,,"reused","success",0,0,0,"complete"
call,"rxfnsb.strip","direct_bytecode",9036,14,0,0,0,0,0,3,,,,"_address","procedure",,,"reused","success",14,14,0,"complete"
call,"_rxsysb._set_address_environment","direct_bytecode",9071,1,0,0,0,0,0,1,,,,"_address","procedure",,,"fresh","success",1,1,0,"complete"
call,"_rxsysb.ensure_address_runtime","direct_bytecode",16316,14,0,0,0,0,0,0,,,,"_address","procedure",,,"reused","success",0,0,0,"complete"
call,"rxfnsb.strip","direct_bytecode",16345,14,0,0,0,0,0,3,,,,"_address","procedure",,,"reused","success",14,14,0,"complete"
call,"_rxsysb._ensure_address_environment","direct_bytecode",16406,14,0,0,0,0,0,1,,,,"_address","procedure",,,"reused","success",14,14,0,"complete"
call,"_rxsysb.unknownaddressenvironment.§factory","dynamic_bytecode",15831,1,0,0,0,0,0,1,,,,"_address","factory",,,"fresh","success",0,0,0,"complete"
call,"rxfnsb.strip","direct_bytecode",7760,1,0,0,0,0,0,3,,,,"_address","procedure",,,"fresh","success",1,1,0,"complete"
call,"_rxsysb.unknownaddressenvironment.environment_id","dynamic_bytecode",15884,1,0,0,0,0,0,1,,,,"_address","method",,,"fresh","success",1,1,0,"complete"
call,"_rxsysb.unknownaddressenvironment.bind_environment","dynamic_bytecode",15916,1,0,0,0,0,0,3,,,,"_address","method",,,"fresh","success",3,3,0,"complete"
call,"rxfnsb.strip","direct_bytecode",7834,1,0,0,0,0,0,3,,,,"_address","procedure",,,"reused","success",1,1,0,"complete"
call,"rxfnsb.strip","direct_bytecode",16444,14,0,0,0,0,0,3,,,,"_address","procedure",,,"reused","success",14,14,0,"complete"
call,"_rxsysb._current_address_environment","direct_bytecode",9087,1,0,0,0,0,0,0,,,,"_address","procedure",,,"fresh","success",0,0,0,"complete"
call,"_rxsysb.ensure_address_runtime","direct_bytecode",16543,1,0,0,0,0,0,0,,,,"_address","procedure",,,"fresh","success",0,0,0,"complete"
call,"_rxsysb.dispatch_address_request","direct_bytecode",9470,1,0,0,0,0,0,1,,,,"_address","procedure",,,"fresh","success",1,1,0,"complete"
call,"_rxsysb.ensure_address_runtime","direct_bytecode",17721,14,0,0,0,0,0,0,,,,"_address","procedure",,,"reused","success",0,0,0,"complete"
call,"rxfnsb.strip","direct_bytecode",17759,14,0,0,0,0,0,3,,,,"_address","procedure",,,"reused","success",14,14,0,"complete"
call,"rxfnsb.strip","direct_bytecode",17817,14,0,0,0,0,0,3,,,,"_address","procedure",,,"reused","success",14,14,0,"complete"
call,"rxfnsb._trace_command_before","direct_bytecode",18224,1,0,0,0,0,0,2,,,,"_address","procedure",,,"fresh","success",2,2,0,"complete"
call,"rxfnsb._trace_ensure_runtime","direct_bytecode",19561,1,0,0,0,0,0,0,,,,"trace","procedure",,,"fresh","success",0,0,0,"complete"
call,"_rxsysb.unknownaddressenvironment.execute","dynamic_bytecode",18253,1,0,0,0,0,0,2,,,,"_address","method",,,"fresh","success",2,2,0,"complete"
call,"rxfnsb._trace_command_after","direct_bytecode",18329,1,0,0,0,0,0,4,,,,"_address","procedure",,,"fresh","success",4,4,0,"complete"
call,"rxfnsb._trace_ensure_runtime","direct_bytecode",19798,14,0,0,0,0,0,0,,,,"trace","procedure",,,"reused","success",0,0,0,"complete"
call,"rxfnsb.upper","direct_bytecode",2042,1,0,0,0,0,0,1,,,,"benchmark_rexxcps_levelb_opaque_opt","procedure",,,"fresh","success",0,0,0,"complete"
call,"rxfnsb.upper","direct_bytecode",2074,14,0,0,0,0,0,1,,,,"benchmark_rexxcps_levelb_opaque_opt","procedure",,,"reused","success",0,0,0,"complete"
call,"rxfnsb.parseexec","direct_bytecode",2110,1,0,0,0,0,0,4,,,,"benchmark_rexxcps_levelb_opaque_opt","procedure",,,"fresh","success",1,1,0,"complete"
call,"rxfnsb.parseexec","direct_bytecode",2212,14,0,0,0,0,0,4,,,,"benchmark_rexxcps_levelb_opaque_opt","procedure",,,"reused","success",14,14,0,"complete"
call,"rxfnsb._stream_span","direct_bytecode",5606,1,0,0,0,0,0,3,,,,"parseExec","procedure",,,"fresh","success",2,2,0,"complete"
call,"rxfnsb.parseexec","direct_bytecode",2300,14,0,0,0,0,0,4,,,,"benchmark_rexxcps_levelb_opaque_opt","procedure",,,"reused","success",14,14,0,"complete"
call,"rxfnsb._stream_span","direct_bytecode",5606,69,0,0,0,0,0,3,,,,"parseExec","procedure",,,"reused","success",138,138,0,"complete"
call,"rxfnsb.parseexec","direct_bytecode",2378,14,0,0,0,0,0,4,,,,"benchmark_rexxcps_levelb_opaque_opt","procedure",,,"reused","success",14,14,0,"complete"
call,"rxfnsb.parseexec","direct_bytecode",2456,14,0,0,0,0,0,4,,,,"benchmark_rexxcps_levelb_opaque_opt","procedure",,,"reused","success",14,14,0,"complete"
call,"rxfnsb.parseexec","direct_bytecode",2534,14,0,0,0,0,0,4,,,,"benchmark_rexxcps_levelb_opaque_opt","procedure",,,"reused","success",14,14,0,"complete"
call,"rxfnsb.stem.get","direct_bytecode",1584,13,0,0,0,0,0,2,,,,"benchmark_rexxcps_levelb_opaque_opt","method",,,"reused","success",13,13,0,"complete"
call,"rxfnsb.stem.set","direct_bytecode",1620,13,0,0,0,0,0,3,,,,"benchmark_rexxcps_levelb_opaque_opt","method",,,"reused","success",13,13,0,"complete"
call,"rxfnsb.parseexec","direct_bytecode",1808,13,0,0,0,0,0,4,,,,"benchmark_rexxcps_levelb_opaque_opt","procedure",,,"reused","success",13,13,0,"complete"
call,"rxfnsb._trace_current_mode","direct_bytecode",1842,1,0,0,0,0,0,0,,,,"benchmark_rexxcps_levelb_opaque_opt","procedure",,,"fresh","success",0,0,0,"complete"
call,"rxfnsb._trace_mode_from_option","direct_bytecode",1852,1,0,0,0,0,0,1,,,,"benchmark_rexxcps_levelb_opaque_opt","procedure",,,"fresh","success",0,0,0,"complete"
call,"rxfnsb._trace_set","direct_bytecode",1862,1,0,0,0,0,0,1,,,,"benchmark_rexxcps_levelb_opaque_opt","procedure",,,"fresh","success",0,0,0,"complete"
call,"rexxcps_levelb_opaque.__rxtrace_reset_display_state","direct_bytecode",1876,1,0,0,0,0,0,0,,,,"benchmark_rexxcps_levelb_opaque_opt","procedure",,,"fresh","success",0,0,0,"complete"
call,"_rxsysb.ensure_address_runtime","direct_bytecode",13823,13,0,0,0,0,0,0,,,,"_address","procedure",,,"reused","success",0,0,0,"complete"
call,"_rxsysb._current_address_environment","direct_bytecode",13876,13,0,0,0,0,0,0,,,,"_address","procedure",,,"reused","success",0,0,0,"complete"
call,"_rxsysb.unknownaddressenvironment.environment_name","dynamic_bytecode",1943,1,0,0,0,0,0,1,,,,"benchmark_rexxcps_levelb_opaque_opt","method",,,"fresh","success",0,0,0,"complete"
call,"_rxsysb._address","direct_bytecode",2001,13,0,0,0,0,0,5,,,,"benchmark_rexxcps_levelb_opaque_opt","procedure",,,"reused","success",39,39,0,"complete"
call,"_rxsysb._set_address_environment","direct_bytecode",9071,13,0,0,0,0,0,1,,,,"_address","procedure",,,"reused","success",13,13,0,"complete"
call,"_rxsysb._current_address_environment","direct_bytecode",9087,13,0,0,0,0,0,0,,,,"_address","procedure",,,"reused","success",0,0,0,"complete"
call,"_rxsysb.dispatch_address_request","direct_bytecode",9470,13,0,0,0,0,0,1,,,,"_address","procedure",,,"reused","success",13,13,0,"complete"
call,"rxfnsb._trace_command_before","direct_bytecode",18224,13,0,0,0,0,0,2,,,,"_address","procedure",,,"reused","success",26,26,0,"complete"
call,"rxfnsb._trace_ensure_runtime","direct_bytecode",19561,13,0,0,0,0,0,0,,,,"trace","procedure",,,"reused","success",0,0,0,"complete"
call,"_rxsysb.unknownaddressenvironment.execute","dynamic_bytecode",18253,13,0,0,0,0,0,2,,,,"_address","method",,,"reused","success",26,26,0,"complete"
call,"rxfnsb._trace_command_after","direct_bytecode",18329,13,0,0,0,0,0,4,,,,"_address","procedure",,,"reused","success",52,52,0,"complete"
call,"rxfnsb.upper","direct_bytecode",2042,13,0,0,0,0,0,1,,,,"benchmark_rexxcps_levelb_opaque_opt","procedure",,,"reused","success",0,0,0,"complete"
call,"rxfnsb.parseexec","direct_bytecode",2110,13,0,0,0,0,0,4,,,,"benchmark_rexxcps_levelb_opaque_opt","procedure",,,"reused","success",13,13,0,"complete"
call,"rxfnsb.stem.set","direct_bytecode",894,12,0,0,0,0,0,3,,,,"benchmark_rexxcps_levelb_opaque_opt","method",,,"reused","success",24,24,0,"complete"
call,"rxfnsb.stem.get","direct_bytecode",926,12,0,0,0,0,0,2,,,,"benchmark_rexxcps_levelb_opaque_opt","method",,,"reused","success",12,12,0,"complete"
call,"_rxsysb.addressenv","direct_bytecode",1929,12,0,0,0,0,0,1,,,,"benchmark_rexxcps_levelb_opaque_opt","procedure",,,"reused","success",0,0,0,"complete"
call,"_rxsysb._address_environment","direct_bytecode",15352,12,0,0,0,0,0,1,,,,"_address","procedure",,,"reused","success",12,12,0,"complete"
call,"_rxsysb.unknownaddressenvironment.environment_name","dynamic_bytecode",1943,12,0,0,0,0,0,1,,,,"benchmark_rexxcps_levelb_opaque_opt","method",,,"reused","success",0,0,0,"complete"
call,"rxfnsb.time","direct_bytecode",2619,1,0,0,0,0,0,1,,,,"benchmark_rexxcps_levelb_opaque_opt","procedure",,,"fresh","success",0,0,0,"complete"
call,"rxfnsb._trace_set","direct_bytecode",2642,1,0,0,0,0,0,1,,,,"benchmark_rexxcps_levelb_opaque_opt","procedure",,,"reused","success",0,0,0,"complete"
call,"rxfnsb._trace_current_mode","direct_bytecode",2649,1,0,0,0,0,0,0,,,,"benchmark_rexxcps_levelb_opaque_opt","procedure",,,"reused","success",0,0,0,"complete"
call,"rexxcps_levelb_opaque.__rxtrace_reset_display_state","direct_bytecode",2656,1,0,0,0,0,0,0,,,,"benchmark_rexxcps_levelb_opaque_opt","procedure",,,"reused","success",0,0,0,"complete"
call,"rxfnsb.format","direct_bytecode",2840,1,0,0,0,0,0,5,,,,"benchmark_rexxcps_levelb_opaque_opt","procedure",,,"fresh","success",1,1,0,"complete"
call,"rxfnsb.format","direct_bytecode",3088,1,0,0,0,0,0,5,,,,"benchmark_rexxcps_levelb_opaque_opt","procedure",,,"reused","success",0,0,0,"complete"
call,"rxfnsb.stem.get","direct_bytecode",3135,1,0,0,0,0,0,2,,,,"benchmark_rexxcps_levelb_opaque_opt","method",,,"reused","success",1,1,0,"complete"
call,"rxfnsb.stem.get","direct_bytecode",3164,1,0,0,0,0,0,2,,,,"benchmark_rexxcps_levelb_opaque_opt","method",,,"reused","success",1,1,0,"complete"
call,"rxfnsb.stem.get","direct_bytecode",3225,1,0,0,0,0,0,2,,,,"benchmark_rexxcps_levelb_opaque_opt","method",,,"reused","success",1,1,0,"complete"
