sample_id,stream,line_number,text
timing-Sieve-sieve-rxvm-baseline-append01-warmup-1,stdout,1,benchmark=awfy_sieve repetitions=5500 result=669
timing-Sieve-sieve-rxvm-baseline-append01-warmup-1,stdout,2,PASS: AWFY Sieve
timing-Sieve-sieve-rxvm-candidate-append01-warmup-1,stdout,1,benchmark=awfy_sieve repetitions=5500 result=669
timing-Sieve-sieve-rxvm-candidate-append01-warmup-1,stdout,2,PASS: AWFY Sieve
timing-Sieve-sieve-rxvm-baseline-append01-recorded-1,stdout,1,benchmark=awfy_sieve repetitions=5500 result=669
timing-Sieve-sieve-rxvm-baseline-append01-recorded-1,stdout,2,PASS: AWFY Sieve
timing-Sieve-sieve-rxvm-candidate-append01-recorded-1,stdout,1,benchmark=awfy_sieve repetitions=5500 result=669
timing-Sieve-sieve-rxvm-candidate-append01-recorded-1,stdout,2,PASS: AWFY Sieve
timing-Sieve-sieve-rxvm-candidate-append01-recorded-2,stdout,1,benchmark=awfy_sieve repetitions=5500 result=669
timing-Sieve-sieve-rxvm-candidate-append01-recorded-2,stdout,2,PASS: AWFY Sieve
timing-Sieve-sieve-rxvm-baseline-append01-recorded-2,stdout,1,benchmark=awfy_sieve repetitions=5500 result=669
timing-Sieve-sieve-rxvm-baseline-append01-recorded-2,stdout,2,PASS: AWFY Sieve
timing-Sieve-sieve-rxvm-baseline-append01-recorded-3,stdout,1,benchmark=awfy_sieve repetitions=5500 result=669
timing-Sieve-sieve-rxvm-baseline-append01-recorded-3,stdout,2,PASS: AWFY Sieve
timing-Sieve-sieve-rxvm-candidate-append01-recorded-3,stdout,1,benchmark=awfy_sieve repetitions=5500 result=669
timing-Sieve-sieve-rxvm-candidate-append01-recorded-3,stdout,2,PASS: AWFY Sieve
timing-Sieve-sieve-rxvm-candidate-append01-recorded-4,stdout,1,benchmark=awfy_sieve repetitions=5500 result=669
timing-Sieve-sieve-rxvm-candidate-append01-recorded-4,stdout,2,PASS: AWFY Sieve
timing-Sieve-sieve-rxvm-baseline-append01-recorded-4,stdout,1,benchmark=awfy_sieve repetitions=5500 result=669
timing-Sieve-sieve-rxvm-baseline-append01-recorded-4,stdout,2,PASS: AWFY Sieve
timing-Sieve-sieve-rxvm-baseline-append01-recorded-5,stdout,1,benchmark=awfy_sieve repetitions=5500 result=669
timing-Sieve-sieve-rxvm-baseline-append01-recorded-5,stdout,2,PASS: AWFY Sieve
timing-Sieve-sieve-rxvm-candidate-append01-recorded-5,stdout,1,benchmark=awfy_sieve repetitions=5500 result=669
timing-Sieve-sieve-rxvm-candidate-append01-recorded-5,stdout,2,PASS: AWFY Sieve
timing-Sieve-sieve-rxvm-candidate-append01-recorded-6,stdout,1,benchmark=awfy_sieve repetitions=5500 result=669
timing-Sieve-sieve-rxvm-candidate-append01-recorded-6,stdout,2,PASS: AWFY Sieve
timing-Sieve-sieve-rxvm-baseline-append01-recorded-6,stdout,1,benchmark=awfy_sieve repetitions=5500 result=669
timing-Sieve-sieve-rxvm-baseline-append01-recorded-6,stdout,2,PASS: AWFY Sieve
timing-Sieve-sieve-rxvm-baseline-append01-recorded-7,stdout,1,benchmark=awfy_sieve repetitions=5500 result=669
timing-Sieve-sieve-rxvm-baseline-append01-recorded-7,stdout,2,PASS: AWFY Sieve
timing-Sieve-sieve-rxvm-candidate-append01-recorded-7,stdout,1,benchmark=awfy_sieve repetitions=5500 result=669
timing-Sieve-sieve-rxvm-candidate-append01-recorded-7,stdout,2,PASS: AWFY Sieve
timing-Sieve-sieve-rxvm-candidate-append01-recorded-8,stdout,1,benchmark=awfy_sieve repetitions=5500 result=669
timing-Sieve-sieve-rxvm-candidate-append01-recorded-8,stdout,2,PASS: AWFY Sieve
timing-Sieve-sieve-rxvm-baseline-append01-recorded-8,stdout,1,benchmark=awfy_sieve repetitions=5500 result=669
timing-Sieve-sieve-rxvm-baseline-append01-recorded-8,stdout,2,PASS: AWFY Sieve
timing-Sieve-sieve-rxvm-baseline-append01-recorded-9,stdout,1,benchmark=awfy_sieve repetitions=5500 result=669
timing-Sieve-sieve-rxvm-baseline-append01-recorded-9,stdout,2,PASS: AWFY Sieve
timing-Sieve-sieve-rxvm-candidate-append01-recorded-9,stdout,1,benchmark=awfy_sieve repetitions=5500 result=669
timing-Sieve-sieve-rxvm-candidate-append01-recorded-9,stdout,2,PASS: AWFY Sieve
timing-Sieve-sieve-rxvm-candidate-append01-recorded-10,stdout,1,benchmark=awfy_sieve repetitions=5500 result=669
timing-Sieve-sieve-rxvm-candidate-append01-recorded-10,stdout,2,PASS: AWFY Sieve
timing-Sieve-sieve-rxvm-baseline-append01-recorded-10,stdout,1,benchmark=awfy_sieve repetitions=5500 result=669
timing-Sieve-sieve-rxvm-baseline-append01-recorded-10,stdout,2,PASS: AWFY Sieve
timing-Sieve-sieve-rxvm-baseline-append01-recorded-11,stdout,1,benchmark=awfy_sieve repetitions=5500 result=669
timing-Sieve-sieve-rxvm-baseline-append01-recorded-11,stdout,2,PASS: AWFY Sieve
timing-Sieve-sieve-rxvm-candidate-append01-recorded-11,stdout,1,benchmark=awfy_sieve repetitions=5500 result=669
timing-Sieve-sieve-rxvm-candidate-append01-recorded-11,stdout,2,PASS: AWFY Sieve
timing-Sieve-sieve-rxvm-candidate-append01-recorded-12,stdout,1,benchmark=awfy_sieve repetitions=5500 result=669
timing-Sieve-sieve-rxvm-candidate-append01-recorded-12,stdout,2,PASS: AWFY Sieve
timing-Sieve-sieve-rxvm-baseline-append01-recorded-12,stdout,1,benchmark=awfy_sieve repetitions=5500 result=669
timing-Sieve-sieve-rxvm-baseline-append01-recorded-12,stdout,2,PASS: AWFY Sieve
timing-Permute-permute-rxvm-baseline-append01-warmup-1,stdout,1,benchmark=awfy_permute repetitions=5000 result=8660
timing-Permute-permute-rxvm-baseline-append01-warmup-1,stdout,2,PASS: AWFY Permute
timing-Permute-permute-rxvm-candidate-append01-warmup-1,stdout,1,benchmark=awfy_permute repetitions=5000 result=8660
timing-Permute-permute-rxvm-candidate-append01-warmup-1,stdout,2,PASS: AWFY Permute
timing-Permute-permute-rxvm-baseline-append01-recorded-1,stdout,1,benchmark=awfy_permute repetitions=5000 result=8660
timing-Permute-permute-rxvm-baseline-append01-recorded-1,stdout,2,PASS: AWFY Permute
timing-Permute-permute-rxvm-candidate-append01-recorded-1,stdout,1,benchmark=awfy_permute repetitions=5000 result=8660
timing-Permute-permute-rxvm-candidate-append01-recorded-1,stdout,2,PASS: AWFY Permute
timing-Permute-permute-rxvm-candidate-append01-recorded-2,stdout,1,benchmark=awfy_permute repetitions=5000 result=8660
timing-Permute-permute-rxvm-candidate-append01-recorded-2,stdout,2,PASS: AWFY Permute
timing-Permute-permute-rxvm-baseline-append01-recorded-2,stdout,1,benchmark=awfy_permute repetitions=5000 result=8660
timing-Permute-permute-rxvm-baseline-append01-recorded-2,stdout,2,PASS: AWFY Permute
timing-Permute-permute-rxvm-baseline-append01-recorded-3,stdout,1,benchmark=awfy_permute repetitions=5000 result=8660
timing-Permute-permute-rxvm-baseline-append01-recorded-3,stdout,2,PASS: AWFY Permute
timing-Permute-permute-rxvm-candidate-append01-recorded-3,stdout,1,benchmark=awfy_permute repetitions=5000 result=8660
timing-Permute-permute-rxvm-candidate-append01-recorded-3,stdout,2,PASS: AWFY Permute
timing-Permute-permute-rxvm-candidate-append01-recorded-4,stdout,1,benchmark=awfy_permute repetitions=5000 result=8660
timing-Permute-permute-rxvm-candidate-append01-recorded-4,stdout,2,PASS: AWFY Permute
timing-Permute-permute-rxvm-baseline-append01-recorded-4,stdout,1,benchmark=awfy_permute repetitions=5000 result=8660
timing-Permute-permute-rxvm-baseline-append01-recorded-4,stdout,2,PASS: AWFY Permute
timing-Permute-permute-rxvm-baseline-append01-recorded-5,stdout,1,benchmark=awfy_permute repetitions=5000 result=8660
timing-Permute-permute-rxvm-baseline-append01-recorded-5,stdout,2,PASS: AWFY Permute
timing-Permute-permute-rxvm-candidate-append01-recorded-5,stdout,1,benchmark=awfy_permute repetitions=5000 result=8660
timing-Permute-permute-rxvm-candidate-append01-recorded-5,stdout,2,PASS: AWFY Permute
timing-Permute-permute-rxvm-candidate-append01-recorded-6,stdout,1,benchmark=awfy_permute repetitions=5000 result=8660
timing-Permute-permute-rxvm-candidate-append01-recorded-6,stdout,2,PASS: AWFY Permute
timing-Permute-permute-rxvm-baseline-append01-recorded-6,stdout,1,benchmark=awfy_permute repetitions=5000 result=8660
timing-Permute-permute-rxvm-baseline-append01-recorded-6,stdout,2,PASS: AWFY Permute
timing-Permute-permute-rxvm-baseline-append01-recorded-7,stdout,1,benchmark=awfy_permute repetitions=5000 result=8660
timing-Permute-permute-rxvm-baseline-append01-recorded-7,stdout,2,PASS: AWFY Permute
timing-Permute-permute-rxvm-candidate-append01-recorded-7,stdout,1,benchmark=awfy_permute repetitions=5000 result=8660
timing-Permute-permute-rxvm-candidate-append01-recorded-7,stdout,2,PASS: AWFY Permute
timing-Permute-permute-rxvm-candidate-append01-recorded-8,stdout,1,benchmark=awfy_permute repetitions=5000 result=8660
timing-Permute-permute-rxvm-candidate-append01-recorded-8,stdout,2,PASS: AWFY Permute
timing-Permute-permute-rxvm-baseline-append01-recorded-8,stdout,1,benchmark=awfy_permute repetitions=5000 result=8660
timing-Permute-permute-rxvm-baseline-append01-recorded-8,stdout,2,PASS: AWFY Permute
timing-Permute-permute-rxvm-baseline-append01-recorded-9,stdout,1,benchmark=awfy_permute repetitions=5000 result=8660
timing-Permute-permute-rxvm-baseline-append01-recorded-9,stdout,2,PASS: AWFY Permute
timing-Permute-permute-rxvm-candidate-append01-recorded-9,stdout,1,benchmark=awfy_permute repetitions=5000 result=8660
timing-Permute-permute-rxvm-candidate-append01-recorded-9,stdout,2,PASS: AWFY Permute
timing-Permute-permute-rxvm-candidate-append01-recorded-10,stdout,1,benchmark=awfy_permute repetitions=5000 result=8660
timing-Permute-permute-rxvm-candidate-append01-recorded-10,stdout,2,PASS: AWFY Permute
timing-Permute-permute-rxvm-baseline-append01-recorded-10,stdout,1,benchmark=awfy_permute repetitions=5000 result=8660
timing-Permute-permute-rxvm-baseline-append01-recorded-10,stdout,2,PASS: AWFY Permute
timing-Permute-permute-rxvm-baseline-append01-recorded-11,stdout,1,benchmark=awfy_permute repetitions=5000 result=8660
timing-Permute-permute-rxvm-baseline-append01-recorded-11,stdout,2,PASS: AWFY Permute
timing-Permute-permute-rxvm-candidate-append01-recorded-11,stdout,1,benchmark=awfy_permute repetitions=5000 result=8660
timing-Permute-permute-rxvm-candidate-append01-recorded-11,stdout,2,PASS: AWFY Permute
timing-Permute-permute-rxvm-candidate-append01-recorded-12,stdout,1,benchmark=awfy_permute repetitions=5000 result=8660
timing-Permute-permute-rxvm-candidate-append01-recorded-12,stdout,2,PASS: AWFY Permute
timing-Permute-permute-rxvm-baseline-append01-recorded-12,stdout,1,benchmark=awfy_permute repetitions=5000 result=8660
timing-Permute-permute-rxvm-baseline-append01-recorded-12,stdout,2,PASS: AWFY Permute
timing-Bounce-bounce-rxvm-baseline-append01-warmup-1,stdout,1,benchmark=awfy_bounce repetitions=2200 result=1331
timing-Bounce-bounce-rxvm-baseline-append01-warmup-1,stdout,2,PASS: AWFY Bounce
timing-Bounce-bounce-rxvm-candidate-append01-warmup-1,stdout,1,benchmark=awfy_bounce repetitions=2200 result=1331
timing-Bounce-bounce-rxvm-candidate-append01-warmup-1,stdout,2,PASS: AWFY Bounce
timing-Bounce-bounce-rxbvm-baseline-append01-warmup-1,stdout,1,benchmark=awfy_bounce repetitions=2200 result=1331
timing-Bounce-bounce-rxbvm-baseline-append01-warmup-1,stdout,2,PASS: AWFY Bounce
timing-Bounce-bounce-rxbvm-candidate-append01-warmup-1,stdout,1,benchmark=awfy_bounce repetitions=2200 result=1331
timing-Bounce-bounce-rxbvm-candidate-append01-warmup-1,stdout,2,PASS: AWFY Bounce
timing-Bounce-bounce-rxvm-baseline-append01-recorded-1,stdout,1,benchmark=awfy_bounce repetitions=2200 result=1331
timing-Bounce-bounce-rxvm-baseline-append01-recorded-1,stdout,2,PASS: AWFY Bounce
timing-Bounce-bounce-rxvm-candidate-append01-recorded-1,stdout,1,benchmark=awfy_bounce repetitions=2200 result=1331
timing-Bounce-bounce-rxvm-candidate-append01-recorded-1,stdout,2,PASS: AWFY Bounce
timing-Bounce-bounce-rxbvm-baseline-append01-recorded-1,stdout,1,benchmark=awfy_bounce repetitions=2200 result=1331
timing-Bounce-bounce-rxbvm-baseline-append01-recorded-1,stdout,2,PASS: AWFY Bounce
timing-Bounce-bounce-rxbvm-candidate-append01-recorded-1,stdout,1,benchmark=awfy_bounce repetitions=2200 result=1331
timing-Bounce-bounce-rxbvm-candidate-append01-recorded-1,stdout,2,PASS: AWFY Bounce
timing-Bounce-bounce-rxvm-candidate-append01-recorded-2,stdout,1,benchmark=awfy_bounce repetitions=2200 result=1331
timing-Bounce-bounce-rxvm-candidate-append01-recorded-2,stdout,2,PASS: AWFY Bounce
timing-Bounce-bounce-rxbvm-baseline-append01-recorded-2,stdout,1,benchmark=awfy_bounce repetitions=2200 result=1331
timing-Bounce-bounce-rxbvm-baseline-append01-recorded-2,stdout,2,PASS: AWFY Bounce
timing-Bounce-bounce-rxbvm-candidate-append01-recorded-2,stdout,1,benchmark=awfy_bounce repetitions=2200 result=1331
timing-Bounce-bounce-rxbvm-candidate-append01-recorded-2,stdout,2,PASS: AWFY Bounce
timing-Bounce-bounce-rxvm-baseline-append01-recorded-2,stdout,1,benchmark=awfy_bounce repetitions=2200 result=1331
timing-Bounce-bounce-rxvm-baseline-append01-recorded-2,stdout,2,PASS: AWFY Bounce
timing-Bounce-bounce-rxbvm-baseline-append01-recorded-3,stdout,1,benchmark=awfy_bounce repetitions=2200 result=1331
timing-Bounce-bounce-rxbvm-baseline-append01-recorded-3,stdout,2,PASS: AWFY Bounce
timing-Bounce-bounce-rxbvm-candidate-append01-recorded-3,stdout,1,benchmark=awfy_bounce repetitions=2200 result=1331
timing-Bounce-bounce-rxbvm-candidate-append01-recorded-3,stdout,2,PASS: AWFY Bounce
timing-Bounce-bounce-rxvm-baseline-append01-recorded-3,stdout,1,benchmark=awfy_bounce repetitions=2200 result=1331
timing-Bounce-bounce-rxvm-baseline-append01-recorded-3,stdout,2,PASS: AWFY Bounce
timing-Bounce-bounce-rxvm-candidate-append01-recorded-3,stdout,1,benchmark=awfy_bounce repetitions=2200 result=1331
timing-Bounce-bounce-rxvm-candidate-append01-recorded-3,stdout,2,PASS: AWFY Bounce
timing-Bounce-bounce-rxbvm-candidate-append01-recorded-4,stdout,1,benchmark=awfy_bounce repetitions=2200 result=1331
timing-Bounce-bounce-rxbvm-candidate-append01-recorded-4,stdout,2,PASS: AWFY Bounce
timing-Bounce-bounce-rxvm-baseline-append01-recorded-4,stdout,1,benchmark=awfy_bounce repetitions=2200 result=1331
timing-Bounce-bounce-rxvm-baseline-append01-recorded-4,stdout,2,PASS: AWFY Bounce
timing-Bounce-bounce-rxvm-candidate-append01-recorded-4,stdout,1,benchmark=awfy_bounce repetitions=2200 result=1331
timing-Bounce-bounce-rxvm-candidate-append01-recorded-4,stdout,2,PASS: AWFY Bounce
timing-Bounce-bounce-rxbvm-baseline-append01-recorded-4,stdout,1,benchmark=awfy_bounce repetitions=2200 result=1331
timing-Bounce-bounce-rxbvm-baseline-append01-recorded-4,stdout,2,PASS: AWFY Bounce
timing-Bounce-bounce-rxvm-baseline-append01-recorded-5,stdout,1,benchmark=awfy_bounce repetitions=2200 result=1331
timing-Bounce-bounce-rxvm-baseline-append01-recorded-5,stdout,2,PASS: AWFY Bounce
timing-Bounce-bounce-rxvm-candidate-append01-recorded-5,stdout,1,benchmark=awfy_bounce repetitions=2200 result=1331
timing-Bounce-bounce-rxvm-candidate-append01-recorded-5,stdout,2,PASS: AWFY Bounce
timing-Bounce-bounce-rxbvm-baseline-append01-recorded-5,stdout,1,benchmark=awfy_bounce repetitions=2200 result=1331
timing-Bounce-bounce-rxbvm-baseline-append01-recorded-5,stdout,2,PASS: AWFY Bounce
timing-Bounce-bounce-rxbvm-candidate-append01-recorded-5,stdout,1,benchmark=awfy_bounce repetitions=2200 result=1331
timing-Bounce-bounce-rxbvm-candidate-append01-recorded-5,stdout,2,PASS: AWFY Bounce
timing-Bounce-bounce-rxvm-candidate-append01-recorded-6,stdout,1,benchmark=awfy_bounce repetitions=2200 result=1331
timing-Bounce-bounce-rxvm-candidate-append01-recorded-6,stdout,2,PASS: AWFY Bounce
timing-Bounce-bounce-rxbvm-baseline-append01-recorded-6,stdout,1,benchmark=awfy_bounce repetitions=2200 result=1331
timing-Bounce-bounce-rxbvm-baseline-append01-recorded-6,stdout,2,PASS: AWFY Bounce
timing-Bounce-bounce-rxbvm-candidate-append01-recorded-6,stdout,1,benchmark=awfy_bounce repetitions=2200 result=1331
timing-Bounce-bounce-rxbvm-candidate-append01-recorded-6,stdout,2,PASS: AWFY Bounce
timing-Bounce-bounce-rxvm-baseline-append01-recorded-6,stdout,1,benchmark=awfy_bounce repetitions=2200 result=1331
timing-Bounce-bounce-rxvm-baseline-append01-recorded-6,stdout,2,PASS: AWFY Bounce
timing-Bounce-bounce-rxbvm-baseline-append01-recorded-7,stdout,1,benchmark=awfy_bounce repetitions=2200 result=1331
timing-Bounce-bounce-rxbvm-baseline-append01-recorded-7,stdout,2,PASS: AWFY Bounce
timing-Bounce-bounce-rxbvm-candidate-append01-recorded-7,stdout,1,benchmark=awfy_bounce repetitions=2200 result=1331
timing-Bounce-bounce-rxbvm-candidate-append01-recorded-7,stdout,2,PASS: AWFY Bounce
timing-Bounce-bounce-rxvm-baseline-append01-recorded-7,stdout,1,benchmark=awfy_bounce repetitions=2200 result=1331
timing-Bounce-bounce-rxvm-baseline-append01-recorded-7,stdout,2,PASS: AWFY Bounce
timing-Bounce-bounce-rxvm-candidate-append01-recorded-7,stdout,1,benchmark=awfy_bounce repetitions=2200 result=1331
timing-Bounce-bounce-rxvm-candidate-append01-recorded-7,stdout,2,PASS: AWFY Bounce
timing-Bounce-bounce-rxbvm-candidate-append01-recorded-8,stdout,1,benchmark=awfy_bounce repetitions=2200 result=1331
timing-Bounce-bounce-rxbvm-candidate-append01-recorded-8,stdout,2,PASS: AWFY Bounce
timing-Bounce-bounce-rxvm-baseline-append01-recorded-8,stdout,1,benchmark=awfy_bounce repetitions=2200 result=1331
timing-Bounce-bounce-rxvm-baseline-append01-recorded-8,stdout,2,PASS: AWFY Bounce
timing-Bounce-bounce-rxvm-candidate-append01-recorded-8,stdout,1,benchmark=awfy_bounce repetitions=2200 result=1331
timing-Bounce-bounce-rxvm-candidate-append01-recorded-8,stdout,2,PASS: AWFY Bounce
timing-Bounce-bounce-rxbvm-baseline-append01-recorded-8,stdout,1,benchmark=awfy_bounce repetitions=2200 result=1331
timing-Bounce-bounce-rxbvm-baseline-append01-recorded-8,stdout,2,PASS: AWFY Bounce
timing-Bounce-bounce-rxvm-baseline-append01-recorded-9,stdout,1,benchmark=awfy_bounce repetitions=2200 result=1331
timing-Bounce-bounce-rxvm-baseline-append01-recorded-9,stdout,2,PASS: AWFY Bounce
timing-Bounce-bounce-rxvm-candidate-append01-recorded-9,stdout,1,benchmark=awfy_bounce repetitions=2200 result=1331
timing-Bounce-bounce-rxvm-candidate-append01-recorded-9,stdout,2,PASS: AWFY Bounce
timing-Bounce-bounce-rxbvm-baseline-append01-recorded-9,stdout,1,benchmark=awfy_bounce repetitions=2200 result=1331
timing-Bounce-bounce-rxbvm-baseline-append01-recorded-9,stdout,2,PASS: AWFY Bounce
timing-Bounce-bounce-rxbvm-candidate-append01-recorded-9,stdout,1,benchmark=awfy_bounce repetitions=2200 result=1331
timing-Bounce-bounce-rxbvm-candidate-append01-recorded-9,stdout,2,PASS: AWFY Bounce
timing-Bounce-bounce-rxvm-candidate-append01-recorded-10,stdout,1,benchmark=awfy_bounce repetitions=2200 result=1331
timing-Bounce-bounce-rxvm-candidate-append01-recorded-10,stdout,2,PASS: AWFY Bounce
timing-Bounce-bounce-rxbvm-baseline-append01-recorded-10,stdout,1,benchmark=awfy_bounce repetitions=2200 result=1331
timing-Bounce-bounce-rxbvm-baseline-append01-recorded-10,stdout,2,PASS: AWFY Bounce
timing-Bounce-bounce-rxbvm-candidate-append01-recorded-10,stdout,1,benchmark=awfy_bounce repetitions=2200 result=1331
timing-Bounce-bounce-rxbvm-candidate-append01-recorded-10,stdout,2,PASS: AWFY Bounce
timing-Bounce-bounce-rxvm-baseline-append01-recorded-10,stdout,1,benchmark=awfy_bounce repetitions=2200 result=1331
timing-Bounce-bounce-rxvm-baseline-append01-recorded-10,stdout,2,PASS: AWFY Bounce
timing-Bounce-bounce-rxbvm-baseline-append01-recorded-11,stdout,1,benchmark=awfy_bounce repetitions=2200 result=1331
timing-Bounce-bounce-rxbvm-baseline-append01-recorded-11,stdout,2,PASS: AWFY Bounce
timing-Bounce-bounce-rxbvm-candidate-append01-recorded-11,stdout,1,benchmark=awfy_bounce repetitions=2200 result=1331
timing-Bounce-bounce-rxbvm-candidate-append01-recorded-11,stdout,2,PASS: AWFY Bounce
timing-Bounce-bounce-rxvm-baseline-append01-recorded-11,stdout,1,benchmark=awfy_bounce repetitions=2200 result=1331
timing-Bounce-bounce-rxvm-baseline-append01-recorded-11,stdout,2,PASS: AWFY Bounce
timing-Bounce-bounce-rxvm-candidate-append01-recorded-11,stdout,1,benchmark=awfy_bounce repetitions=2200 result=1331
timing-Bounce-bounce-rxvm-candidate-append01-recorded-11,stdout,2,PASS: AWFY Bounce
timing-Bounce-bounce-rxbvm-candidate-append01-recorded-12,stdout,1,benchmark=awfy_bounce repetitions=2200 result=1331
timing-Bounce-bounce-rxbvm-candidate-append01-recorded-12,stdout,2,PASS: AWFY Bounce
timing-Bounce-bounce-rxvm-baseline-append01-recorded-12,stdout,1,benchmark=awfy_bounce repetitions=2200 result=1331
timing-Bounce-bounce-rxvm-baseline-append01-recorded-12,stdout,2,PASS: AWFY Bounce
timing-Bounce-bounce-rxvm-candidate-append01-recorded-12,stdout,1,benchmark=awfy_bounce repetitions=2200 result=1331
timing-Bounce-bounce-rxvm-candidate-append01-recorded-12,stdout,2,PASS: AWFY Bounce
timing-Bounce-bounce-rxbvm-baseline-append01-recorded-12,stdout,1,benchmark=awfy_bounce repetitions=2200 result=1331
timing-Bounce-bounce-rxbvm-baseline-append01-recorded-12,stdout,2,PASS: AWFY Bounce
timing-Richards-richards-rxvm-baseline-append01-warmup-1,stdout,1,benchmark=awfy_richards repetitions=20 queue_packets=23246 holds=9297
timing-Richards-richards-rxvm-baseline-append01-warmup-1,stdout,2,PASS: AWFY Richards
timing-Richards-richards-rxvm-candidate-append01-warmup-1,stdout,1,benchmark=awfy_richards repetitions=20 queue_packets=23246 holds=9297
timing-Richards-richards-rxvm-candidate-append01-warmup-1,stdout,2,PASS: AWFY Richards
timing-Richards-richards-rxbvm-baseline-append01-warmup-1,stdout,1,benchmark=awfy_richards repetitions=20 queue_packets=23246 holds=9297
timing-Richards-richards-rxbvm-baseline-append01-warmup-1,stdout,2,PASS: AWFY Richards
timing-Richards-richards-rxbvm-candidate-append01-warmup-1,stdout,1,benchmark=awfy_richards repetitions=20 queue_packets=23246 holds=9297
timing-Richards-richards-rxbvm-candidate-append01-warmup-1,stdout,2,PASS: AWFY Richards
timing-Richards-richards-rxvm-baseline-append01-recorded-1,stdout,1,benchmark=awfy_richards repetitions=20 queue_packets=23246 holds=9297
timing-Richards-richards-rxvm-baseline-append01-recorded-1,stdout,2,PASS: AWFY Richards
timing-Richards-richards-rxvm-candidate-append01-recorded-1,stdout,1,benchmark=awfy_richards repetitions=20 queue_packets=23246 holds=9297
timing-Richards-richards-rxvm-candidate-append01-recorded-1,stdout,2,PASS: AWFY Richards
timing-Richards-richards-rxbvm-baseline-append01-recorded-1,stdout,1,benchmark=awfy_richards repetitions=20 queue_packets=23246 holds=9297
timing-Richards-richards-rxbvm-baseline-append01-recorded-1,stdout,2,PASS: AWFY Richards
timing-Richards-richards-rxbvm-candidate-append01-recorded-1,stdout,1,benchmark=awfy_richards repetitions=20 queue_packets=23246 holds=9297
timing-Richards-richards-rxbvm-candidate-append01-recorded-1,stdout,2,PASS: AWFY Richards
timing-Richards-richards-rxvm-candidate-append01-recorded-2,stdout,1,benchmark=awfy_richards repetitions=20 queue_packets=23246 holds=9297
timing-Richards-richards-rxvm-candidate-append01-recorded-2,stdout,2,PASS: AWFY Richards
timing-Richards-richards-rxbvm-baseline-append01-recorded-2,stdout,1,benchmark=awfy_richards repetitions=20 queue_packets=23246 holds=9297
timing-Richards-richards-rxbvm-baseline-append01-recorded-2,stdout,2,PASS: AWFY Richards
timing-Richards-richards-rxbvm-candidate-append01-recorded-2,stdout,1,benchmark=awfy_richards repetitions=20 queue_packets=23246 holds=9297
timing-Richards-richards-rxbvm-candidate-append01-recorded-2,stdout,2,PASS: AWFY Richards
timing-Richards-richards-rxvm-baseline-append01-recorded-2,stdout,1,benchmark=awfy_richards repetitions=20 queue_packets=23246 holds=9297
timing-Richards-richards-rxvm-baseline-append01-recorded-2,stdout,2,PASS: AWFY Richards
timing-Richards-richards-rxbvm-baseline-append01-recorded-3,stdout,1,benchmark=awfy_richards repetitions=20 queue_packets=23246 holds=9297
timing-Richards-richards-rxbvm-baseline-append01-recorded-3,stdout,2,PASS: AWFY Richards
timing-Richards-richards-rxbvm-candidate-append01-recorded-3,stdout,1,benchmark=awfy_richards repetitions=20 queue_packets=23246 holds=9297
timing-Richards-richards-rxbvm-candidate-append01-recorded-3,stdout,2,PASS: AWFY Richards
timing-Richards-richards-rxvm-baseline-append01-recorded-3,stdout,1,benchmark=awfy_richards repetitions=20 queue_packets=23246 holds=9297
timing-Richards-richards-rxvm-baseline-append01-recorded-3,stdout,2,PASS: AWFY Richards
timing-Richards-richards-rxvm-candidate-append01-recorded-3,stdout,1,benchmark=awfy_richards repetitions=20 queue_packets=23246 holds=9297
timing-Richards-richards-rxvm-candidate-append01-recorded-3,stdout,2,PASS: AWFY Richards
timing-Richards-richards-rxbvm-candidate-append01-recorded-4,stdout,1,benchmark=awfy_richards repetitions=20 queue_packets=23246 holds=9297
timing-Richards-richards-rxbvm-candidate-append01-recorded-4,stdout,2,PASS: AWFY Richards
timing-Richards-richards-rxvm-baseline-append01-recorded-4,stdout,1,benchmark=awfy_richards repetitions=20 queue_packets=23246 holds=9297
timing-Richards-richards-rxvm-baseline-append01-recorded-4,stdout,2,PASS: AWFY Richards
timing-Richards-richards-rxvm-candidate-append01-recorded-4,stdout,1,benchmark=awfy_richards repetitions=20 queue_packets=23246 holds=9297
timing-Richards-richards-rxvm-candidate-append01-recorded-4,stdout,2,PASS: AWFY Richards
timing-Richards-richards-rxbvm-baseline-append01-recorded-4,stdout,1,benchmark=awfy_richards repetitions=20 queue_packets=23246 holds=9297
timing-Richards-richards-rxbvm-baseline-append01-recorded-4,stdout,2,PASS: AWFY Richards
timing-Richards-richards-rxvm-baseline-append01-recorded-5,stdout,1,benchmark=awfy_richards repetitions=20 queue_packets=23246 holds=9297
timing-Richards-richards-rxvm-baseline-append01-recorded-5,stdout,2,PASS: AWFY Richards
timing-Richards-richards-rxvm-candidate-append01-recorded-5,stdout,1,benchmark=awfy_richards repetitions=20 queue_packets=23246 holds=9297
timing-Richards-richards-rxvm-candidate-append01-recorded-5,stdout,2,PASS: AWFY Richards
timing-Richards-richards-rxbvm-baseline-append01-recorded-5,stdout,1,benchmark=awfy_richards repetitions=20 queue_packets=23246 holds=9297
timing-Richards-richards-rxbvm-baseline-append01-recorded-5,stdout,2,PASS: AWFY Richards
timing-Richards-richards-rxbvm-candidate-append01-recorded-5,stdout,1,benchmark=awfy_richards repetitions=20 queue_packets=23246 holds=9297
timing-Richards-richards-rxbvm-candidate-append01-recorded-5,stdout,2,PASS: AWFY Richards
timing-Richards-richards-rxvm-candidate-append01-recorded-6,stdout,1,benchmark=awfy_richards repetitions=20 queue_packets=23246 holds=9297
timing-Richards-richards-rxvm-candidate-append01-recorded-6,stdout,2,PASS: AWFY Richards
timing-Richards-richards-rxbvm-baseline-append01-recorded-6,stdout,1,benchmark=awfy_richards repetitions=20 queue_packets=23246 holds=9297
timing-Richards-richards-rxbvm-baseline-append01-recorded-6,stdout,2,PASS: AWFY Richards
timing-Richards-richards-rxbvm-candidate-append01-recorded-6,stdout,1,benchmark=awfy_richards repetitions=20 queue_packets=23246 holds=9297
timing-Richards-richards-rxbvm-candidate-append01-recorded-6,stdout,2,PASS: AWFY Richards
timing-Richards-richards-rxvm-baseline-append01-recorded-6,stdout,1,benchmark=awfy_richards repetitions=20 queue_packets=23246 holds=9297
timing-Richards-richards-rxvm-baseline-append01-recorded-6,stdout,2,PASS: AWFY Richards
timing-Richards-richards-rxbvm-baseline-append01-recorded-7,stdout,1,benchmark=awfy_richards repetitions=20 queue_packets=23246 holds=9297
timing-Richards-richards-rxbvm-baseline-append01-recorded-7,stdout,2,PASS: AWFY Richards
timing-Richards-richards-rxbvm-candidate-append01-recorded-7,stdout,1,benchmark=awfy_richards repetitions=20 queue_packets=23246 holds=9297
timing-Richards-richards-rxbvm-candidate-append01-recorded-7,stdout,2,PASS: AWFY Richards
timing-Richards-richards-rxvm-baseline-append01-recorded-7,stdout,1,benchmark=awfy_richards repetitions=20 queue_packets=23246 holds=9297
timing-Richards-richards-rxvm-baseline-append01-recorded-7,stdout,2,PASS: AWFY Richards
timing-Richards-richards-rxvm-candidate-append01-recorded-7,stdout,1,benchmark=awfy_richards repetitions=20 queue_packets=23246 holds=9297
timing-Richards-richards-rxvm-candidate-append01-recorded-7,stdout,2,PASS: AWFY Richards
timing-Richards-richards-rxbvm-candidate-append01-recorded-8,stdout,1,benchmark=awfy_richards repetitions=20 queue_packets=23246 holds=9297
timing-Richards-richards-rxbvm-candidate-append01-recorded-8,stdout,2,PASS: AWFY Richards
timing-Richards-richards-rxvm-baseline-append01-recorded-8,stdout,1,benchmark=awfy_richards repetitions=20 queue_packets=23246 holds=9297
timing-Richards-richards-rxvm-baseline-append01-recorded-8,stdout,2,PASS: AWFY Richards
timing-Richards-richards-rxvm-candidate-append01-recorded-8,stdout,1,benchmark=awfy_richards repetitions=20 queue_packets=23246 holds=9297
timing-Richards-richards-rxvm-candidate-append01-recorded-8,stdout,2,PASS: AWFY Richards
timing-Richards-richards-rxbvm-baseline-append01-recorded-8,stdout,1,benchmark=awfy_richards repetitions=20 queue_packets=23246 holds=9297
timing-Richards-richards-rxbvm-baseline-append01-recorded-8,stdout,2,PASS: AWFY Richards
timing-Richards-richards-rxvm-baseline-append01-recorded-9,stdout,1,benchmark=awfy_richards repetitions=20 queue_packets=23246 holds=9297
timing-Richards-richards-rxvm-baseline-append01-recorded-9,stdout,2,PASS: AWFY Richards
timing-Richards-richards-rxvm-candidate-append01-recorded-9,stdout,1,benchmark=awfy_richards repetitions=20 queue_packets=23246 holds=9297
timing-Richards-richards-rxvm-candidate-append01-recorded-9,stdout,2,PASS: AWFY Richards
timing-Richards-richards-rxbvm-baseline-append01-recorded-9,stdout,1,benchmark=awfy_richards repetitions=20 queue_packets=23246 holds=9297
timing-Richards-richards-rxbvm-baseline-append01-recorded-9,stdout,2,PASS: AWFY Richards
timing-Richards-richards-rxbvm-candidate-append01-recorded-9,stdout,1,benchmark=awfy_richards repetitions=20 queue_packets=23246 holds=9297
timing-Richards-richards-rxbvm-candidate-append01-recorded-9,stdout,2,PASS: AWFY Richards
timing-Richards-richards-rxvm-candidate-append01-recorded-10,stdout,1,benchmark=awfy_richards repetitions=20 queue_packets=23246 holds=9297
timing-Richards-richards-rxvm-candidate-append01-recorded-10,stdout,2,PASS: AWFY Richards
timing-Richards-richards-rxbvm-baseline-append01-recorded-10,stdout,1,benchmark=awfy_richards repetitions=20 queue_packets=23246 holds=9297
timing-Richards-richards-rxbvm-baseline-append01-recorded-10,stdout,2,PASS: AWFY Richards
timing-Richards-richards-rxbvm-candidate-append01-recorded-10,stdout,1,benchmark=awfy_richards repetitions=20 queue_packets=23246 holds=9297
timing-Richards-richards-rxbvm-candidate-append01-recorded-10,stdout,2,PASS: AWFY Richards
timing-Richards-richards-rxvm-baseline-append01-recorded-10,stdout,1,benchmark=awfy_richards repetitions=20 queue_packets=23246 holds=9297
timing-Richards-richards-rxvm-baseline-append01-recorded-10,stdout,2,PASS: AWFY Richards
timing-Richards-richards-rxbvm-baseline-append01-recorded-11,stdout,1,benchmark=awfy_richards repetitions=20 queue_packets=23246 holds=9297
timing-Richards-richards-rxbvm-baseline-append01-recorded-11,stdout,2,PASS: AWFY Richards
timing-Richards-richards-rxbvm-candidate-append01-recorded-11,stdout,1,benchmark=awfy_richards repetitions=20 queue_packets=23246 holds=9297
timing-Richards-richards-rxbvm-candidate-append01-recorded-11,stdout,2,PASS: AWFY Richards
timing-Richards-richards-rxvm-baseline-append01-recorded-11,stdout,1,benchmark=awfy_richards repetitions=20 queue_packets=23246 holds=9297
timing-Richards-richards-rxvm-baseline-append01-recorded-11,stdout,2,PASS: AWFY Richards
timing-Richards-richards-rxvm-candidate-append01-recorded-11,stdout,1,benchmark=awfy_richards repetitions=20 queue_packets=23246 holds=9297
timing-Richards-richards-rxvm-candidate-append01-recorded-11,stdout,2,PASS: AWFY Richards
timing-Richards-richards-rxbvm-candidate-append01-recorded-12,stdout,1,benchmark=awfy_richards repetitions=20 queue_packets=23246 holds=9297
timing-Richards-richards-rxbvm-candidate-append01-recorded-12,stdout,2,PASS: AWFY Richards
timing-Richards-richards-rxvm-baseline-append01-recorded-12,stdout,1,benchmark=awfy_richards repetitions=20 queue_packets=23246 holds=9297
timing-Richards-richards-rxvm-baseline-append01-recorded-12,stdout,2,PASS: AWFY Richards
timing-Richards-richards-rxvm-candidate-append01-recorded-12,stdout,1,benchmark=awfy_richards repetitions=20 queue_packets=23246 holds=9297
timing-Richards-richards-rxvm-candidate-append01-recorded-12,stdout,2,PASS: AWFY Richards
timing-Richards-richards-rxbvm-baseline-append01-recorded-12,stdout,1,benchmark=awfy_richards repetitions=20 queue_packets=23246 holds=9297
timing-Richards-richards-rxbvm-baseline-append01-recorded-12,stdout,2,PASS: AWFY Richards
timing-Base64-base64-rxvm-baseline-append01-warmup-1,stdout,1,benchmark=base64_roundtrip repetitions=2500 encoded_length=1368 checksum=130560
timing-Base64-base64-rxvm-baseline-append01-warmup-1,stdout,2,PASS: Base64 Roundtrip
timing-Base64-base64-rxvm-candidate-append01-warmup-1,stdout,1,benchmark=base64_roundtrip repetitions=2500 encoded_length=1368 checksum=130560
timing-Base64-base64-rxvm-candidate-append01-warmup-1,stdout,2,PASS: Base64 Roundtrip
timing-Base64-base64-rxbvm-baseline-append01-warmup-1,stdout,1,benchmark=base64_roundtrip repetitions=2500 encoded_length=1368 checksum=130560
timing-Base64-base64-rxbvm-baseline-append01-warmup-1,stdout,2,PASS: Base64 Roundtrip
timing-Base64-base64-rxbvm-candidate-append01-warmup-1,stdout,1,benchmark=base64_roundtrip repetitions=2500 encoded_length=1368 checksum=130560
timing-Base64-base64-rxbvm-candidate-append01-warmup-1,stdout,2,PASS: Base64 Roundtrip
timing-Base64-base64-rxvm-baseline-append01-recorded-1,stdout,1,benchmark=base64_roundtrip repetitions=2500 encoded_length=1368 checksum=130560
timing-Base64-base64-rxvm-baseline-append01-recorded-1,stdout,2,PASS: Base64 Roundtrip
timing-Base64-base64-rxvm-candidate-append01-recorded-1,stdout,1,benchmark=base64_roundtrip repetitions=2500 encoded_length=1368 checksum=130560
timing-Base64-base64-rxvm-candidate-append01-recorded-1,stdout,2,PASS: Base64 Roundtrip
timing-Base64-base64-rxbvm-baseline-append01-recorded-1,stdout,1,benchmark=base64_roundtrip repetitions=2500 encoded_length=1368 checksum=130560
timing-Base64-base64-rxbvm-baseline-append01-recorded-1,stdout,2,PASS: Base64 Roundtrip
timing-Base64-base64-rxbvm-candidate-append01-recorded-1,stdout,1,benchmark=base64_roundtrip repetitions=2500 encoded_length=1368 checksum=130560
timing-Base64-base64-rxbvm-candidate-append01-recorded-1,stdout,2,PASS: Base64 Roundtrip
timing-Base64-base64-rxvm-candidate-append01-recorded-2,stdout,1,benchmark=base64_roundtrip repetitions=2500 encoded_length=1368 checksum=130560
timing-Base64-base64-rxvm-candidate-append01-recorded-2,stdout,2,PASS: Base64 Roundtrip
timing-Base64-base64-rxbvm-baseline-append01-recorded-2,stdout,1,benchmark=base64_roundtrip repetitions=2500 encoded_length=1368 checksum=130560
timing-Base64-base64-rxbvm-baseline-append01-recorded-2,stdout,2,PASS: Base64 Roundtrip
timing-Base64-base64-rxbvm-candidate-append01-recorded-2,stdout,1,benchmark=base64_roundtrip repetitions=2500 encoded_length=1368 checksum=130560
timing-Base64-base64-rxbvm-candidate-append01-recorded-2,stdout,2,PASS: Base64 Roundtrip
timing-Base64-base64-rxvm-baseline-append01-recorded-2,stdout,1,benchmark=base64_roundtrip repetitions=2500 encoded_length=1368 checksum=130560
timing-Base64-base64-rxvm-baseline-append01-recorded-2,stdout,2,PASS: Base64 Roundtrip
timing-Base64-base64-rxbvm-baseline-append01-recorded-3,stdout,1,benchmark=base64_roundtrip repetitions=2500 encoded_length=1368 checksum=130560
timing-Base64-base64-rxbvm-baseline-append01-recorded-3,stdout,2,PASS: Base64 Roundtrip
timing-Base64-base64-rxbvm-candidate-append01-recorded-3,stdout,1,benchmark=base64_roundtrip repetitions=2500 encoded_length=1368 checksum=130560
timing-Base64-base64-rxbvm-candidate-append01-recorded-3,stdout,2,PASS: Base64 Roundtrip
timing-Base64-base64-rxvm-baseline-append01-recorded-3,stdout,1,benchmark=base64_roundtrip repetitions=2500 encoded_length=1368 checksum=130560
timing-Base64-base64-rxvm-baseline-append01-recorded-3,stdout,2,PASS: Base64 Roundtrip
timing-Base64-base64-rxvm-candidate-append01-recorded-3,stdout,1,benchmark=base64_roundtrip repetitions=2500 encoded_length=1368 checksum=130560
timing-Base64-base64-rxvm-candidate-append01-recorded-3,stdout,2,PASS: Base64 Roundtrip
timing-Base64-base64-rxbvm-candidate-append01-recorded-4,stdout,1,benchmark=base64_roundtrip repetitions=2500 encoded_length=1368 checksum=130560
timing-Base64-base64-rxbvm-candidate-append01-recorded-4,stdout,2,PASS: Base64 Roundtrip
timing-Base64-base64-rxvm-baseline-append01-recorded-4,stdout,1,benchmark=base64_roundtrip repetitions=2500 encoded_length=1368 checksum=130560
timing-Base64-base64-rxvm-baseline-append01-recorded-4,stdout,2,PASS: Base64 Roundtrip
timing-Base64-base64-rxvm-candidate-append01-recorded-4,stdout,1,benchmark=base64_roundtrip repetitions=2500 encoded_length=1368 checksum=130560
timing-Base64-base64-rxvm-candidate-append01-recorded-4,stdout,2,PASS: Base64 Roundtrip
timing-Base64-base64-rxbvm-baseline-append01-recorded-4,stdout,1,benchmark=base64_roundtrip repetitions=2500 encoded_length=1368 checksum=130560
timing-Base64-base64-rxbvm-baseline-append01-recorded-4,stdout,2,PASS: Base64 Roundtrip
timing-Base64-base64-rxvm-baseline-append01-recorded-5,stdout,1,benchmark=base64_roundtrip repetitions=2500 encoded_length=1368 checksum=130560
timing-Base64-base64-rxvm-baseline-append01-recorded-5,stdout,2,PASS: Base64 Roundtrip
timing-Base64-base64-rxvm-candidate-append01-recorded-5,stdout,1,benchmark=base64_roundtrip repetitions=2500 encoded_length=1368 checksum=130560
timing-Base64-base64-rxvm-candidate-append01-recorded-5,stdout,2,PASS: Base64 Roundtrip
timing-Base64-base64-rxbvm-baseline-append01-recorded-5,stdout,1,benchmark=base64_roundtrip repetitions=2500 encoded_length=1368 checksum=130560
timing-Base64-base64-rxbvm-baseline-append01-recorded-5,stdout,2,PASS: Base64 Roundtrip
timing-Base64-base64-rxbvm-candidate-append01-recorded-5,stdout,1,benchmark=base64_roundtrip repetitions=2500 encoded_length=1368 checksum=130560
timing-Base64-base64-rxbvm-candidate-append01-recorded-5,stdout,2,PASS: Base64 Roundtrip
timing-Base64-base64-rxvm-candidate-append01-recorded-6,stdout,1,benchmark=base64_roundtrip repetitions=2500 encoded_length=1368 checksum=130560
timing-Base64-base64-rxvm-candidate-append01-recorded-6,stdout,2,PASS: Base64 Roundtrip
timing-Base64-base64-rxbvm-baseline-append01-recorded-6,stdout,1,benchmark=base64_roundtrip repetitions=2500 encoded_length=1368 checksum=130560
timing-Base64-base64-rxbvm-baseline-append01-recorded-6,stdout,2,PASS: Base64 Roundtrip
timing-Base64-base64-rxbvm-candidate-append01-recorded-6,stdout,1,benchmark=base64_roundtrip repetitions=2500 encoded_length=1368 checksum=130560
timing-Base64-base64-rxbvm-candidate-append01-recorded-6,stdout,2,PASS: Base64 Roundtrip
timing-Base64-base64-rxvm-baseline-append01-recorded-6,stdout,1,benchmark=base64_roundtrip repetitions=2500 encoded_length=1368 checksum=130560
timing-Base64-base64-rxvm-baseline-append01-recorded-6,stdout,2,PASS: Base64 Roundtrip
timing-Base64-base64-rxbvm-baseline-append01-recorded-7,stdout,1,benchmark=base64_roundtrip repetitions=2500 encoded_length=1368 checksum=130560
timing-Base64-base64-rxbvm-baseline-append01-recorded-7,stdout,2,PASS: Base64 Roundtrip
timing-Base64-base64-rxbvm-candidate-append01-recorded-7,stdout,1,benchmark=base64_roundtrip repetitions=2500 encoded_length=1368 checksum=130560
timing-Base64-base64-rxbvm-candidate-append01-recorded-7,stdout,2,PASS: Base64 Roundtrip
timing-Base64-base64-rxvm-baseline-append01-recorded-7,stdout,1,benchmark=base64_roundtrip repetitions=2500 encoded_length=1368 checksum=130560
timing-Base64-base64-rxvm-baseline-append01-recorded-7,stdout,2,PASS: Base64 Roundtrip
timing-Base64-base64-rxvm-candidate-append01-recorded-7,stdout,1,benchmark=base64_roundtrip repetitions=2500 encoded_length=1368 checksum=130560
timing-Base64-base64-rxvm-candidate-append01-recorded-7,stdout,2,PASS: Base64 Roundtrip
timing-Base64-base64-rxbvm-candidate-append01-recorded-8,stdout,1,benchmark=base64_roundtrip repetitions=2500 encoded_length=1368 checksum=130560
timing-Base64-base64-rxbvm-candidate-append01-recorded-8,stdout,2,PASS: Base64 Roundtrip
timing-Base64-base64-rxvm-baseline-append01-recorded-8,stdout,1,benchmark=base64_roundtrip repetitions=2500 encoded_length=1368 checksum=130560
timing-Base64-base64-rxvm-baseline-append01-recorded-8,stdout,2,PASS: Base64 Roundtrip
timing-Base64-base64-rxvm-candidate-append01-recorded-8,stdout,1,benchmark=base64_roundtrip repetitions=2500 encoded_length=1368 checksum=130560
timing-Base64-base64-rxvm-candidate-append01-recorded-8,stdout,2,PASS: Base64 Roundtrip
timing-Base64-base64-rxbvm-baseline-append01-recorded-8,stdout,1,benchmark=base64_roundtrip repetitions=2500 encoded_length=1368 checksum=130560
timing-Base64-base64-rxbvm-baseline-append01-recorded-8,stdout,2,PASS: Base64 Roundtrip
timing-Base64-base64-rxvm-baseline-append01-recorded-9,stdout,1,benchmark=base64_roundtrip repetitions=2500 encoded_length=1368 checksum=130560
timing-Base64-base64-rxvm-baseline-append01-recorded-9,stdout,2,PASS: Base64 Roundtrip
timing-Base64-base64-rxvm-candidate-append01-recorded-9,stdout,1,benchmark=base64_roundtrip repetitions=2500 encoded_length=1368 checksum=130560
timing-Base64-base64-rxvm-candidate-append01-recorded-9,stdout,2,PASS: Base64 Roundtrip
timing-Base64-base64-rxbvm-baseline-append01-recorded-9,stdout,1,benchmark=base64_roundtrip repetitions=2500 encoded_length=1368 checksum=130560
timing-Base64-base64-rxbvm-baseline-append01-recorded-9,stdout,2,PASS: Base64 Roundtrip
timing-Base64-base64-rxbvm-candidate-append01-recorded-9,stdout,1,benchmark=base64_roundtrip repetitions=2500 encoded_length=1368 checksum=130560
timing-Base64-base64-rxbvm-candidate-append01-recorded-9,stdout,2,PASS: Base64 Roundtrip
timing-Base64-base64-rxvm-candidate-append01-recorded-10,stdout,1,benchmark=base64_roundtrip repetitions=2500 encoded_length=1368 checksum=130560
timing-Base64-base64-rxvm-candidate-append01-recorded-10,stdout,2,PASS: Base64 Roundtrip
timing-Base64-base64-rxbvm-baseline-append01-recorded-10,stdout,1,benchmark=base64_roundtrip repetitions=2500 encoded_length=1368 checksum=130560
timing-Base64-base64-rxbvm-baseline-append01-recorded-10,stdout,2,PASS: Base64 Roundtrip
timing-Base64-base64-rxbvm-candidate-append01-recorded-10,stdout,1,benchmark=base64_roundtrip repetitions=2500 encoded_length=1368 checksum=130560
timing-Base64-base64-rxbvm-candidate-append01-recorded-10,stdout,2,PASS: Base64 Roundtrip
timing-Base64-base64-rxvm-baseline-append01-recorded-10,stdout,1,benchmark=base64_roundtrip repetitions=2500 encoded_length=1368 checksum=130560
timing-Base64-base64-rxvm-baseline-append01-recorded-10,stdout,2,PASS: Base64 Roundtrip
timing-Base64-base64-rxbvm-baseline-append01-recorded-11,stdout,1,benchmark=base64_roundtrip repetitions=2500 encoded_length=1368 checksum=130560
timing-Base64-base64-rxbvm-baseline-append01-recorded-11,stdout,2,PASS: Base64 Roundtrip
timing-Base64-base64-rxbvm-candidate-append01-recorded-11,stdout,1,benchmark=base64_roundtrip repetitions=2500 encoded_length=1368 checksum=130560
timing-Base64-base64-rxbvm-candidate-append01-recorded-11,stdout,2,PASS: Base64 Roundtrip
timing-Base64-base64-rxvm-baseline-append01-recorded-11,stdout,1,benchmark=base64_roundtrip repetitions=2500 encoded_length=1368 checksum=130560
timing-Base64-base64-rxvm-baseline-append01-recorded-11,stdout,2,PASS: Base64 Roundtrip
timing-Base64-base64-rxvm-candidate-append01-recorded-11,stdout,1,benchmark=base64_roundtrip repetitions=2500 encoded_length=1368 checksum=130560
timing-Base64-base64-rxvm-candidate-append01-recorded-11,stdout,2,PASS: Base64 Roundtrip
timing-Base64-base64-rxbvm-candidate-append01-recorded-12,stdout,1,benchmark=base64_roundtrip repetitions=2500 encoded_length=1368 checksum=130560
timing-Base64-base64-rxbvm-candidate-append01-recorded-12,stdout,2,PASS: Base64 Roundtrip
timing-Base64-base64-rxvm-baseline-append01-recorded-12,stdout,1,benchmark=base64_roundtrip repetitions=2500 encoded_length=1368 checksum=130560
timing-Base64-base64-rxvm-baseline-append01-recorded-12,stdout,2,PASS: Base64 Roundtrip
timing-Base64-base64-rxvm-candidate-append01-recorded-12,stdout,1,benchmark=base64_roundtrip repetitions=2500 encoded_length=1368 checksum=130560
timing-Base64-base64-rxvm-candidate-append01-recorded-12,stdout,2,PASS: Base64 Roundtrip
timing-Base64-base64-rxbvm-baseline-append01-recorded-12,stdout,1,benchmark=base64_roundtrip repetitions=2500 encoded_length=1368 checksum=130560
timing-Base64-base64-rxbvm-baseline-append01-recorded-12,stdout,2,PASS: Base64 Roundtrip
timing-Mandelbrot-mandelbrot-rxvm-baseline-append01-warmup-1,stdout,1,benchmark=awfy_mandelbrot size=500 result=191
timing-Mandelbrot-mandelbrot-rxvm-baseline-append01-warmup-1,stdout,2,PASS: AWFY Mandelbrot
timing-Mandelbrot-mandelbrot-rxvm-candidate-append01-warmup-1,stdout,1,benchmark=awfy_mandelbrot size=500 result=191
timing-Mandelbrot-mandelbrot-rxvm-candidate-append01-warmup-1,stdout,2,PASS: AWFY Mandelbrot
timing-Mandelbrot-mandelbrot-rxbvm-baseline-append01-warmup-1,stdout,1,benchmark=awfy_mandelbrot size=500 result=191
timing-Mandelbrot-mandelbrot-rxbvm-baseline-append01-warmup-1,stdout,2,PASS: AWFY Mandelbrot
timing-Mandelbrot-mandelbrot-rxbvm-candidate-append01-warmup-1,stdout,1,benchmark=awfy_mandelbrot size=500 result=191
timing-Mandelbrot-mandelbrot-rxbvm-candidate-append01-warmup-1,stdout,2,PASS: AWFY Mandelbrot
timing-Mandelbrot-mandelbrot-rxvm-baseline-append01-recorded-1,stdout,1,benchmark=awfy_mandelbrot size=500 result=191
timing-Mandelbrot-mandelbrot-rxvm-baseline-append01-recorded-1,stdout,2,PASS: AWFY Mandelbrot
timing-Mandelbrot-mandelbrot-rxvm-candidate-append01-recorded-1,stdout,1,benchmark=awfy_mandelbrot size=500 result=191
timing-Mandelbrot-mandelbrot-rxvm-candidate-append01-recorded-1,stdout,2,PASS: AWFY Mandelbrot
timing-Mandelbrot-mandelbrot-rxbvm-baseline-append01-recorded-1,stdout,1,benchmark=awfy_mandelbrot size=500 result=191
timing-Mandelbrot-mandelbrot-rxbvm-baseline-append01-recorded-1,stdout,2,PASS: AWFY Mandelbrot
timing-Mandelbrot-mandelbrot-rxbvm-candidate-append01-recorded-1,stdout,1,benchmark=awfy_mandelbrot size=500 result=191
timing-Mandelbrot-mandelbrot-rxbvm-candidate-append01-recorded-1,stdout,2,PASS: AWFY Mandelbrot
timing-Mandelbrot-mandelbrot-rxvm-candidate-append01-recorded-2,stdout,1,benchmark=awfy_mandelbrot size=500 result=191
timing-Mandelbrot-mandelbrot-rxvm-candidate-append01-recorded-2,stdout,2,PASS: AWFY Mandelbrot
timing-Mandelbrot-mandelbrot-rxbvm-baseline-append01-recorded-2,stdout,1,benchmark=awfy_mandelbrot size=500 result=191
timing-Mandelbrot-mandelbrot-rxbvm-baseline-append01-recorded-2,stdout,2,PASS: AWFY Mandelbrot
timing-Mandelbrot-mandelbrot-rxbvm-candidate-append01-recorded-2,stdout,1,benchmark=awfy_mandelbrot size=500 result=191
timing-Mandelbrot-mandelbrot-rxbvm-candidate-append01-recorded-2,stdout,2,PASS: AWFY Mandelbrot
timing-Mandelbrot-mandelbrot-rxvm-baseline-append01-recorded-2,stdout,1,benchmark=awfy_mandelbrot size=500 result=191
timing-Mandelbrot-mandelbrot-rxvm-baseline-append01-recorded-2,stdout,2,PASS: AWFY Mandelbrot
timing-Mandelbrot-mandelbrot-rxbvm-baseline-append01-recorded-3,stdout,1,benchmark=awfy_mandelbrot size=500 result=191
timing-Mandelbrot-mandelbrot-rxbvm-baseline-append01-recorded-3,stdout,2,PASS: AWFY Mandelbrot
timing-Mandelbrot-mandelbrot-rxbvm-candidate-append01-recorded-3,stdout,1,benchmark=awfy_mandelbrot size=500 result=191
timing-Mandelbrot-mandelbrot-rxbvm-candidate-append01-recorded-3,stdout,2,PASS: AWFY Mandelbrot
timing-Mandelbrot-mandelbrot-rxvm-baseline-append01-recorded-3,stdout,1,benchmark=awfy_mandelbrot size=500 result=191
timing-Mandelbrot-mandelbrot-rxvm-baseline-append01-recorded-3,stdout,2,PASS: AWFY Mandelbrot
timing-Mandelbrot-mandelbrot-rxvm-candidate-append01-recorded-3,stdout,1,benchmark=awfy_mandelbrot size=500 result=191
timing-Mandelbrot-mandelbrot-rxvm-candidate-append01-recorded-3,stdout,2,PASS: AWFY Mandelbrot
timing-Mandelbrot-mandelbrot-rxbvm-candidate-append01-recorded-4,stdout,1,benchmark=awfy_mandelbrot size=500 result=191
timing-Mandelbrot-mandelbrot-rxbvm-candidate-append01-recorded-4,stdout,2,PASS: AWFY Mandelbrot
timing-Mandelbrot-mandelbrot-rxvm-baseline-append01-recorded-4,stdout,1,benchmark=awfy_mandelbrot size=500 result=191
timing-Mandelbrot-mandelbrot-rxvm-baseline-append01-recorded-4,stdout,2,PASS: AWFY Mandelbrot
timing-Mandelbrot-mandelbrot-rxvm-candidate-append01-recorded-4,stdout,1,benchmark=awfy_mandelbrot size=500 result=191
timing-Mandelbrot-mandelbrot-rxvm-candidate-append01-recorded-4,stdout,2,PASS: AWFY Mandelbrot
timing-Mandelbrot-mandelbrot-rxbvm-baseline-append01-recorded-4,stdout,1,benchmark=awfy_mandelbrot size=500 result=191
timing-Mandelbrot-mandelbrot-rxbvm-baseline-append01-recorded-4,stdout,2,PASS: AWFY Mandelbrot
timing-Mandelbrot-mandelbrot-rxvm-baseline-append01-recorded-5,stdout,1,benchmark=awfy_mandelbrot size=500 result=191
timing-Mandelbrot-mandelbrot-rxvm-baseline-append01-recorded-5,stdout,2,PASS: AWFY Mandelbrot
timing-Mandelbrot-mandelbrot-rxvm-candidate-append01-recorded-5,stdout,1,benchmark=awfy_mandelbrot size=500 result=191
timing-Mandelbrot-mandelbrot-rxvm-candidate-append01-recorded-5,stdout,2,PASS: AWFY Mandelbrot
timing-Mandelbrot-mandelbrot-rxbvm-baseline-append01-recorded-5,stdout,1,benchmark=awfy_mandelbrot size=500 result=191
timing-Mandelbrot-mandelbrot-rxbvm-baseline-append01-recorded-5,stdout,2,PASS: AWFY Mandelbrot
timing-Mandelbrot-mandelbrot-rxbvm-candidate-append01-recorded-5,stdout,1,benchmark=awfy_mandelbrot size=500 result=191
timing-Mandelbrot-mandelbrot-rxbvm-candidate-append01-recorded-5,stdout,2,PASS: AWFY Mandelbrot
timing-Mandelbrot-mandelbrot-rxvm-candidate-append01-recorded-6,stdout,1,benchmark=awfy_mandelbrot size=500 result=191
timing-Mandelbrot-mandelbrot-rxvm-candidate-append01-recorded-6,stdout,2,PASS: AWFY Mandelbrot
timing-Mandelbrot-mandelbrot-rxbvm-baseline-append01-recorded-6,stdout,1,benchmark=awfy_mandelbrot size=500 result=191
timing-Mandelbrot-mandelbrot-rxbvm-baseline-append01-recorded-6,stdout,2,PASS: AWFY Mandelbrot
timing-Mandelbrot-mandelbrot-rxbvm-candidate-append01-recorded-6,stdout,1,benchmark=awfy_mandelbrot size=500 result=191
timing-Mandelbrot-mandelbrot-rxbvm-candidate-append01-recorded-6,stdout,2,PASS: AWFY Mandelbrot
timing-Mandelbrot-mandelbrot-rxvm-baseline-append01-recorded-6,stdout,1,benchmark=awfy_mandelbrot size=500 result=191
timing-Mandelbrot-mandelbrot-rxvm-baseline-append01-recorded-6,stdout,2,PASS: AWFY Mandelbrot
timing-Mandelbrot-mandelbrot-rxbvm-baseline-append01-recorded-7,stdout,1,benchmark=awfy_mandelbrot size=500 result=191
timing-Mandelbrot-mandelbrot-rxbvm-baseline-append01-recorded-7,stdout,2,PASS: AWFY Mandelbrot
timing-Mandelbrot-mandelbrot-rxbvm-candidate-append01-recorded-7,stdout,1,benchmark=awfy_mandelbrot size=500 result=191
timing-Mandelbrot-mandelbrot-rxbvm-candidate-append01-recorded-7,stdout,2,PASS: AWFY Mandelbrot
timing-Mandelbrot-mandelbrot-rxvm-baseline-append01-recorded-7,stdout,1,benchmark=awfy_mandelbrot size=500 result=191
timing-Mandelbrot-mandelbrot-rxvm-baseline-append01-recorded-7,stdout,2,PASS: AWFY Mandelbrot
timing-Mandelbrot-mandelbrot-rxvm-candidate-append01-recorded-7,stdout,1,benchmark=awfy_mandelbrot size=500 result=191
timing-Mandelbrot-mandelbrot-rxvm-candidate-append01-recorded-7,stdout,2,PASS: AWFY Mandelbrot
timing-Mandelbrot-mandelbrot-rxbvm-candidate-append01-recorded-8,stdout,1,benchmark=awfy_mandelbrot size=500 result=191
timing-Mandelbrot-mandelbrot-rxbvm-candidate-append01-recorded-8,stdout,2,PASS: AWFY Mandelbrot
timing-Mandelbrot-mandelbrot-rxvm-baseline-append01-recorded-8,stdout,1,benchmark=awfy_mandelbrot size=500 result=191
timing-Mandelbrot-mandelbrot-rxvm-baseline-append01-recorded-8,stdout,2,PASS: AWFY Mandelbrot
timing-Mandelbrot-mandelbrot-rxvm-candidate-append01-recorded-8,stdout,1,benchmark=awfy_mandelbrot size=500 result=191
timing-Mandelbrot-mandelbrot-rxvm-candidate-append01-recorded-8,stdout,2,PASS: AWFY Mandelbrot
timing-Mandelbrot-mandelbrot-rxbvm-baseline-append01-recorded-8,stdout,1,benchmark=awfy_mandelbrot size=500 result=191
timing-Mandelbrot-mandelbrot-rxbvm-baseline-append01-recorded-8,stdout,2,PASS: AWFY Mandelbrot
timing-Mandelbrot-mandelbrot-rxvm-baseline-append01-recorded-9,stdout,1,benchmark=awfy_mandelbrot size=500 result=191
timing-Mandelbrot-mandelbrot-rxvm-baseline-append01-recorded-9,stdout,2,PASS: AWFY Mandelbrot
timing-Mandelbrot-mandelbrot-rxvm-candidate-append01-recorded-9,stdout,1,benchmark=awfy_mandelbrot size=500 result=191
timing-Mandelbrot-mandelbrot-rxvm-candidate-append01-recorded-9,stdout,2,PASS: AWFY Mandelbrot
timing-Mandelbrot-mandelbrot-rxbvm-baseline-append01-recorded-9,stdout,1,benchmark=awfy_mandelbrot size=500 result=191
timing-Mandelbrot-mandelbrot-rxbvm-baseline-append01-recorded-9,stdout,2,PASS: AWFY Mandelbrot
timing-Mandelbrot-mandelbrot-rxbvm-candidate-append01-recorded-9,stdout,1,benchmark=awfy_mandelbrot size=500 result=191
timing-Mandelbrot-mandelbrot-rxbvm-candidate-append01-recorded-9,stdout,2,PASS: AWFY Mandelbrot
timing-Mandelbrot-mandelbrot-rxvm-candidate-append01-recorded-10,stdout,1,benchmark=awfy_mandelbrot size=500 result=191
timing-Mandelbrot-mandelbrot-rxvm-candidate-append01-recorded-10,stdout,2,PASS: AWFY Mandelbrot
timing-Mandelbrot-mandelbrot-rxbvm-baseline-append01-recorded-10,stdout,1,benchmark=awfy_mandelbrot size=500 result=191
timing-Mandelbrot-mandelbrot-rxbvm-baseline-append01-recorded-10,stdout,2,PASS: AWFY Mandelbrot
timing-Mandelbrot-mandelbrot-rxbvm-candidate-append01-recorded-10,stdout,1,benchmark=awfy_mandelbrot size=500 result=191
timing-Mandelbrot-mandelbrot-rxbvm-candidate-append01-recorded-10,stdout,2,PASS: AWFY Mandelbrot
timing-Mandelbrot-mandelbrot-rxvm-baseline-append01-recorded-10,stdout,1,benchmark=awfy_mandelbrot size=500 result=191
timing-Mandelbrot-mandelbrot-rxvm-baseline-append01-recorded-10,stdout,2,PASS: AWFY Mandelbrot
timing-Mandelbrot-mandelbrot-rxbvm-baseline-append01-recorded-11,stdout,1,benchmark=awfy_mandelbrot size=500 result=191
timing-Mandelbrot-mandelbrot-rxbvm-baseline-append01-recorded-11,stdout,2,PASS: AWFY Mandelbrot
timing-Mandelbrot-mandelbrot-rxbvm-candidate-append01-recorded-11,stdout,1,benchmark=awfy_mandelbrot size=500 result=191
timing-Mandelbrot-mandelbrot-rxbvm-candidate-append01-recorded-11,stdout,2,PASS: AWFY Mandelbrot
timing-Mandelbrot-mandelbrot-rxvm-baseline-append01-recorded-11,stdout,1,benchmark=awfy_mandelbrot size=500 result=191
timing-Mandelbrot-mandelbrot-rxvm-baseline-append01-recorded-11,stdout,2,PASS: AWFY Mandelbrot
timing-Mandelbrot-mandelbrot-rxvm-candidate-append01-recorded-11,stdout,1,benchmark=awfy_mandelbrot size=500 result=191
timing-Mandelbrot-mandelbrot-rxvm-candidate-append01-recorded-11,stdout,2,PASS: AWFY Mandelbrot
timing-Mandelbrot-mandelbrot-rxbvm-candidate-append01-recorded-12,stdout,1,benchmark=awfy_mandelbrot size=500 result=191
timing-Mandelbrot-mandelbrot-rxbvm-candidate-append01-recorded-12,stdout,2,PASS: AWFY Mandelbrot
timing-Mandelbrot-mandelbrot-rxvm-baseline-append01-recorded-12,stdout,1,benchmark=awfy_mandelbrot size=500 result=191
timing-Mandelbrot-mandelbrot-rxvm-baseline-append01-recorded-12,stdout,2,PASS: AWFY Mandelbrot
timing-Mandelbrot-mandelbrot-rxvm-candidate-append01-recorded-12,stdout,1,benchmark=awfy_mandelbrot size=500 result=191
timing-Mandelbrot-mandelbrot-rxvm-candidate-append01-recorded-12,stdout,2,PASS: AWFY Mandelbrot
timing-Mandelbrot-mandelbrot-rxbvm-baseline-append01-recorded-12,stdout,1,benchmark=awfy_mandelbrot size=500 result=191
timing-Mandelbrot-mandelbrot-rxbvm-baseline-append01-recorded-12,stdout,2,PASS: AWFY Mandelbrot
timing-Towers-towers-rxvm-baseline-append01-warmup-1,stdout,1,benchmark=awfy_towers repetitions=10 result=8191
timing-Towers-towers-rxvm-baseline-append01-warmup-1,stdout,2,PASS: AWFY Towers
timing-Towers-towers-rxvm-candidate-append01-warmup-1,stdout,1,benchmark=awfy_towers repetitions=10 result=8191
timing-Towers-towers-rxvm-candidate-append01-warmup-1,stdout,2,PASS: AWFY Towers
timing-Towers-towers-rxbvm-baseline-append01-warmup-1,stdout,1,benchmark=awfy_towers repetitions=10 result=8191
timing-Towers-towers-rxbvm-baseline-append01-warmup-1,stdout,2,PASS: AWFY Towers
timing-Towers-towers-rxbvm-candidate-append01-warmup-1,stdout,1,benchmark=awfy_towers repetitions=10 result=8191
timing-Towers-towers-rxbvm-candidate-append01-warmup-1,stdout,2,PASS: AWFY Towers
timing-Towers-towers-rxvm-baseline-append01-recorded-1,stdout,1,benchmark=awfy_towers repetitions=10 result=8191
timing-Towers-towers-rxvm-baseline-append01-recorded-1,stdout,2,PASS: AWFY Towers
timing-Towers-towers-rxvm-candidate-append01-recorded-1,stdout,1,benchmark=awfy_towers repetitions=10 result=8191
timing-Towers-towers-rxvm-candidate-append01-recorded-1,stdout,2,PASS: AWFY Towers
timing-Towers-towers-rxbvm-baseline-append01-recorded-1,stdout,1,benchmark=awfy_towers repetitions=10 result=8191
timing-Towers-towers-rxbvm-baseline-append01-recorded-1,stdout,2,PASS: AWFY Towers
timing-Towers-towers-rxbvm-candidate-append01-recorded-1,stdout,1,benchmark=awfy_towers repetitions=10 result=8191
timing-Towers-towers-rxbvm-candidate-append01-recorded-1,stdout,2,PASS: AWFY Towers
timing-Towers-towers-rxvm-candidate-append01-recorded-2,stdout,1,benchmark=awfy_towers repetitions=10 result=8191
timing-Towers-towers-rxvm-candidate-append01-recorded-2,stdout,2,PASS: AWFY Towers
timing-Towers-towers-rxbvm-baseline-append01-recorded-2,stdout,1,benchmark=awfy_towers repetitions=10 result=8191
timing-Towers-towers-rxbvm-baseline-append01-recorded-2,stdout,2,PASS: AWFY Towers
timing-Towers-towers-rxbvm-candidate-append01-recorded-2,stdout,1,benchmark=awfy_towers repetitions=10 result=8191
timing-Towers-towers-rxbvm-candidate-append01-recorded-2,stdout,2,PASS: AWFY Towers
timing-Towers-towers-rxvm-baseline-append01-recorded-2,stdout,1,benchmark=awfy_towers repetitions=10 result=8191
timing-Towers-towers-rxvm-baseline-append01-recorded-2,stdout,2,PASS: AWFY Towers
timing-Towers-towers-rxbvm-baseline-append01-recorded-3,stdout,1,benchmark=awfy_towers repetitions=10 result=8191
timing-Towers-towers-rxbvm-baseline-append01-recorded-3,stdout,2,PASS: AWFY Towers
timing-Towers-towers-rxbvm-candidate-append01-recorded-3,stdout,1,benchmark=awfy_towers repetitions=10 result=8191
timing-Towers-towers-rxbvm-candidate-append01-recorded-3,stdout,2,PASS: AWFY Towers
timing-Towers-towers-rxvm-baseline-append01-recorded-3,stdout,1,benchmark=awfy_towers repetitions=10 result=8191
timing-Towers-towers-rxvm-baseline-append01-recorded-3,stdout,2,PASS: AWFY Towers
timing-Towers-towers-rxvm-candidate-append01-recorded-3,stdout,1,benchmark=awfy_towers repetitions=10 result=8191
timing-Towers-towers-rxvm-candidate-append01-recorded-3,stdout,2,PASS: AWFY Towers
timing-Towers-towers-rxbvm-candidate-append01-recorded-4,stdout,1,benchmark=awfy_towers repetitions=10 result=8191
timing-Towers-towers-rxbvm-candidate-append01-recorded-4,stdout,2,PASS: AWFY Towers
timing-Towers-towers-rxvm-baseline-append01-recorded-4,stdout,1,benchmark=awfy_towers repetitions=10 result=8191
timing-Towers-towers-rxvm-baseline-append01-recorded-4,stdout,2,PASS: AWFY Towers
timing-Towers-towers-rxvm-candidate-append01-recorded-4,stdout,1,benchmark=awfy_towers repetitions=10 result=8191
timing-Towers-towers-rxvm-candidate-append01-recorded-4,stdout,2,PASS: AWFY Towers
timing-Towers-towers-rxbvm-baseline-append01-recorded-4,stdout,1,benchmark=awfy_towers repetitions=10 result=8191
timing-Towers-towers-rxbvm-baseline-append01-recorded-4,stdout,2,PASS: AWFY Towers
timing-Towers-towers-rxvm-baseline-append01-recorded-5,stdout,1,benchmark=awfy_towers repetitions=10 result=8191
timing-Towers-towers-rxvm-baseline-append01-recorded-5,stdout,2,PASS: AWFY Towers
timing-Towers-towers-rxvm-candidate-append01-recorded-5,stdout,1,benchmark=awfy_towers repetitions=10 result=8191
timing-Towers-towers-rxvm-candidate-append01-recorded-5,stdout,2,PASS: AWFY Towers
timing-Towers-towers-rxbvm-baseline-append01-recorded-5,stdout,1,benchmark=awfy_towers repetitions=10 result=8191
timing-Towers-towers-rxbvm-baseline-append01-recorded-5,stdout,2,PASS: AWFY Towers
timing-Towers-towers-rxbvm-candidate-append01-recorded-5,stdout,1,benchmark=awfy_towers repetitions=10 result=8191
timing-Towers-towers-rxbvm-candidate-append01-recorded-5,stdout,2,PASS: AWFY Towers
timing-Towers-towers-rxvm-candidate-append01-recorded-6,stdout,1,benchmark=awfy_towers repetitions=10 result=8191
timing-Towers-towers-rxvm-candidate-append01-recorded-6,stdout,2,PASS: AWFY Towers
timing-Towers-towers-rxbvm-baseline-append01-recorded-6,stdout,1,benchmark=awfy_towers repetitions=10 result=8191
timing-Towers-towers-rxbvm-baseline-append01-recorded-6,stdout,2,PASS: AWFY Towers
timing-Towers-towers-rxbvm-candidate-append01-recorded-6,stdout,1,benchmark=awfy_towers repetitions=10 result=8191
timing-Towers-towers-rxbvm-candidate-append01-recorded-6,stdout,2,PASS: AWFY Towers
timing-Towers-towers-rxvm-baseline-append01-recorded-6,stdout,1,benchmark=awfy_towers repetitions=10 result=8191
timing-Towers-towers-rxvm-baseline-append01-recorded-6,stdout,2,PASS: AWFY Towers
timing-Towers-towers-rxbvm-baseline-append01-recorded-7,stdout,1,benchmark=awfy_towers repetitions=10 result=8191
timing-Towers-towers-rxbvm-baseline-append01-recorded-7,stdout,2,PASS: AWFY Towers
timing-Towers-towers-rxbvm-candidate-append01-recorded-7,stdout,1,benchmark=awfy_towers repetitions=10 result=8191
timing-Towers-towers-rxbvm-candidate-append01-recorded-7,stdout,2,PASS: AWFY Towers
timing-Towers-towers-rxvm-baseline-append01-recorded-7,stdout,1,benchmark=awfy_towers repetitions=10 result=8191
timing-Towers-towers-rxvm-baseline-append01-recorded-7,stdout,2,PASS: AWFY Towers
timing-Towers-towers-rxvm-candidate-append01-recorded-7,stdout,1,benchmark=awfy_towers repetitions=10 result=8191
timing-Towers-towers-rxvm-candidate-append01-recorded-7,stdout,2,PASS: AWFY Towers
timing-Towers-towers-rxbvm-candidate-append01-recorded-8,stdout,1,benchmark=awfy_towers repetitions=10 result=8191
timing-Towers-towers-rxbvm-candidate-append01-recorded-8,stdout,2,PASS: AWFY Towers
timing-Towers-towers-rxvm-baseline-append01-recorded-8,stdout,1,benchmark=awfy_towers repetitions=10 result=8191
timing-Towers-towers-rxvm-baseline-append01-recorded-8,stdout,2,PASS: AWFY Towers
timing-Towers-towers-rxvm-candidate-append01-recorded-8,stdout,1,benchmark=awfy_towers repetitions=10 result=8191
timing-Towers-towers-rxvm-candidate-append01-recorded-8,stdout,2,PASS: AWFY Towers
timing-Towers-towers-rxbvm-baseline-append01-recorded-8,stdout,1,benchmark=awfy_towers repetitions=10 result=8191
timing-Towers-towers-rxbvm-baseline-append01-recorded-8,stdout,2,PASS: AWFY Towers
timing-Towers-towers-rxvm-baseline-append01-recorded-9,stdout,1,benchmark=awfy_towers repetitions=10 result=8191
timing-Towers-towers-rxvm-baseline-append01-recorded-9,stdout,2,PASS: AWFY Towers
timing-Towers-towers-rxvm-candidate-append01-recorded-9,stdout,1,benchmark=awfy_towers repetitions=10 result=8191
timing-Towers-towers-rxvm-candidate-append01-recorded-9,stdout,2,PASS: AWFY Towers
timing-Towers-towers-rxbvm-baseline-append01-recorded-9,stdout,1,benchmark=awfy_towers repetitions=10 result=8191
timing-Towers-towers-rxbvm-baseline-append01-recorded-9,stdout,2,PASS: AWFY Towers
timing-Towers-towers-rxbvm-candidate-append01-recorded-9,stdout,1,benchmark=awfy_towers repetitions=10 result=8191
timing-Towers-towers-rxbvm-candidate-append01-recorded-9,stdout,2,PASS: AWFY Towers
timing-Towers-towers-rxvm-candidate-append01-recorded-10,stdout,1,benchmark=awfy_towers repetitions=10 result=8191
timing-Towers-towers-rxvm-candidate-append01-recorded-10,stdout,2,PASS: AWFY Towers
timing-Towers-towers-rxbvm-baseline-append01-recorded-10,stdout,1,benchmark=awfy_towers repetitions=10 result=8191
timing-Towers-towers-rxbvm-baseline-append01-recorded-10,stdout,2,PASS: AWFY Towers
timing-Towers-towers-rxbvm-candidate-append01-recorded-10,stdout,1,benchmark=awfy_towers repetitions=10 result=8191
timing-Towers-towers-rxbvm-candidate-append01-recorded-10,stdout,2,PASS: AWFY Towers
timing-Towers-towers-rxvm-baseline-append01-recorded-10,stdout,1,benchmark=awfy_towers repetitions=10 result=8191
timing-Towers-towers-rxvm-baseline-append01-recorded-10,stdout,2,PASS: AWFY Towers
timing-Towers-towers-rxbvm-baseline-append01-recorded-11,stdout,1,benchmark=awfy_towers repetitions=10 result=8191
timing-Towers-towers-rxbvm-baseline-append01-recorded-11,stdout,2,PASS: AWFY Towers
timing-Towers-towers-rxbvm-candidate-append01-recorded-11,stdout,1,benchmark=awfy_towers repetitions=10 result=8191
timing-Towers-towers-rxbvm-candidate-append01-recorded-11,stdout,2,PASS: AWFY Towers
timing-Towers-towers-rxvm-baseline-append01-recorded-11,stdout,1,benchmark=awfy_towers repetitions=10 result=8191
timing-Towers-towers-rxvm-baseline-append01-recorded-11,stdout,2,PASS: AWFY Towers
timing-Towers-towers-rxvm-candidate-append01-recorded-11,stdout,1,benchmark=awfy_towers repetitions=10 result=8191
timing-Towers-towers-rxvm-candidate-append01-recorded-11,stdout,2,PASS: AWFY Towers
timing-Towers-towers-rxbvm-candidate-append01-recorded-12,stdout,1,benchmark=awfy_towers repetitions=10 result=8191
timing-Towers-towers-rxbvm-candidate-append01-recorded-12,stdout,2,PASS: AWFY Towers
timing-Towers-towers-rxvm-baseline-append01-recorded-12,stdout,1,benchmark=awfy_towers repetitions=10 result=8191
timing-Towers-towers-rxvm-baseline-append01-recorded-12,stdout,2,PASS: AWFY Towers
timing-Towers-towers-rxvm-candidate-append01-recorded-12,stdout,1,benchmark=awfy_towers repetitions=10 result=8191
timing-Towers-towers-rxvm-candidate-append01-recorded-12,stdout,2,PASS: AWFY Towers
timing-Towers-towers-rxbvm-baseline-append01-recorded-12,stdout,1,benchmark=awfy_towers repetitions=10 result=8191
timing-Towers-towers-rxbvm-baseline-append01-recorded-12,stdout,2,PASS: AWFY Towers
timing-Storage-storage-rxvm-baseline-append01-warmup-1,stdout,1,benchmark=awfy_storage repetitions=10 result=5461
timing-Storage-storage-rxvm-baseline-append01-warmup-1,stdout,2,PASS: AWFY Storage
timing-Storage-storage-rxvm-candidate-append01-warmup-1,stdout,1,benchmark=awfy_storage repetitions=10 result=5461
timing-Storage-storage-rxvm-candidate-append01-warmup-1,stdout,2,PASS: AWFY Storage
timing-Storage-storage-rxbvm-baseline-append01-warmup-1,stdout,1,benchmark=awfy_storage repetitions=10 result=5461
timing-Storage-storage-rxbvm-baseline-append01-warmup-1,stdout,2,PASS: AWFY Storage
timing-Storage-storage-rxbvm-candidate-append01-warmup-1,stdout,1,benchmark=awfy_storage repetitions=10 result=5461
timing-Storage-storage-rxbvm-candidate-append01-warmup-1,stdout,2,PASS: AWFY Storage
timing-Storage-storage-rxvm-baseline-append01-recorded-1,stdout,1,benchmark=awfy_storage repetitions=10 result=5461
timing-Storage-storage-rxvm-baseline-append01-recorded-1,stdout,2,PASS: AWFY Storage
timing-Storage-storage-rxvm-candidate-append01-recorded-1,stdout,1,benchmark=awfy_storage repetitions=10 result=5461
timing-Storage-storage-rxvm-candidate-append01-recorded-1,stdout,2,PASS: AWFY Storage
timing-Storage-storage-rxbvm-baseline-append01-recorded-1,stdout,1,benchmark=awfy_storage repetitions=10 result=5461
timing-Storage-storage-rxbvm-baseline-append01-recorded-1,stdout,2,PASS: AWFY Storage
timing-Storage-storage-rxbvm-candidate-append01-recorded-1,stdout,1,benchmark=awfy_storage repetitions=10 result=5461
timing-Storage-storage-rxbvm-candidate-append01-recorded-1,stdout,2,PASS: AWFY Storage
timing-Storage-storage-rxvm-candidate-append01-recorded-2,stdout,1,benchmark=awfy_storage repetitions=10 result=5461
timing-Storage-storage-rxvm-candidate-append01-recorded-2,stdout,2,PASS: AWFY Storage
timing-Storage-storage-rxbvm-baseline-append01-recorded-2,stdout,1,benchmark=awfy_storage repetitions=10 result=5461
timing-Storage-storage-rxbvm-baseline-append01-recorded-2,stdout,2,PASS: AWFY Storage
timing-Storage-storage-rxbvm-candidate-append01-recorded-2,stdout,1,benchmark=awfy_storage repetitions=10 result=5461
timing-Storage-storage-rxbvm-candidate-append01-recorded-2,stdout,2,PASS: AWFY Storage
timing-Storage-storage-rxvm-baseline-append01-recorded-2,stdout,1,benchmark=awfy_storage repetitions=10 result=5461
timing-Storage-storage-rxvm-baseline-append01-recorded-2,stdout,2,PASS: AWFY Storage
timing-Storage-storage-rxbvm-baseline-append01-recorded-3,stdout,1,benchmark=awfy_storage repetitions=10 result=5461
timing-Storage-storage-rxbvm-baseline-append01-recorded-3,stdout,2,PASS: AWFY Storage
timing-Storage-storage-rxbvm-candidate-append01-recorded-3,stdout,1,benchmark=awfy_storage repetitions=10 result=5461
timing-Storage-storage-rxbvm-candidate-append01-recorded-3,stdout,2,PASS: AWFY Storage
timing-Storage-storage-rxvm-baseline-append01-recorded-3,stdout,1,benchmark=awfy_storage repetitions=10 result=5461
timing-Storage-storage-rxvm-baseline-append01-recorded-3,stdout,2,PASS: AWFY Storage
timing-Storage-storage-rxvm-candidate-append01-recorded-3,stdout,1,benchmark=awfy_storage repetitions=10 result=5461
timing-Storage-storage-rxvm-candidate-append01-recorded-3,stdout,2,PASS: AWFY Storage
timing-Storage-storage-rxbvm-candidate-append01-recorded-4,stdout,1,benchmark=awfy_storage repetitions=10 result=5461
timing-Storage-storage-rxbvm-candidate-append01-recorded-4,stdout,2,PASS: AWFY Storage
timing-Storage-storage-rxvm-baseline-append01-recorded-4,stdout,1,benchmark=awfy_storage repetitions=10 result=5461
timing-Storage-storage-rxvm-baseline-append01-recorded-4,stdout,2,PASS: AWFY Storage
timing-Storage-storage-rxvm-candidate-append01-recorded-4,stdout,1,benchmark=awfy_storage repetitions=10 result=5461
timing-Storage-storage-rxvm-candidate-append01-recorded-4,stdout,2,PASS: AWFY Storage
timing-Storage-storage-rxbvm-baseline-append01-recorded-4,stdout,1,benchmark=awfy_storage repetitions=10 result=5461
timing-Storage-storage-rxbvm-baseline-append01-recorded-4,stdout,2,PASS: AWFY Storage
timing-Storage-storage-rxvm-baseline-append01-recorded-5,stdout,1,benchmark=awfy_storage repetitions=10 result=5461
timing-Storage-storage-rxvm-baseline-append01-recorded-5,stdout,2,PASS: AWFY Storage
timing-Storage-storage-rxvm-candidate-append01-recorded-5,stdout,1,benchmark=awfy_storage repetitions=10 result=5461
timing-Storage-storage-rxvm-candidate-append01-recorded-5,stdout,2,PASS: AWFY Storage
timing-Storage-storage-rxbvm-baseline-append01-recorded-5,stdout,1,benchmark=awfy_storage repetitions=10 result=5461
timing-Storage-storage-rxbvm-baseline-append01-recorded-5,stdout,2,PASS: AWFY Storage
timing-Storage-storage-rxbvm-candidate-append01-recorded-5,stdout,1,benchmark=awfy_storage repetitions=10 result=5461
timing-Storage-storage-rxbvm-candidate-append01-recorded-5,stdout,2,PASS: AWFY Storage
timing-Storage-storage-rxvm-candidate-append01-recorded-6,stdout,1,benchmark=awfy_storage repetitions=10 result=5461
timing-Storage-storage-rxvm-candidate-append01-recorded-6,stdout,2,PASS: AWFY Storage
timing-Storage-storage-rxbvm-baseline-append01-recorded-6,stdout,1,benchmark=awfy_storage repetitions=10 result=5461
timing-Storage-storage-rxbvm-baseline-append01-recorded-6,stdout,2,PASS: AWFY Storage
timing-Storage-storage-rxbvm-candidate-append01-recorded-6,stdout,1,benchmark=awfy_storage repetitions=10 result=5461
timing-Storage-storage-rxbvm-candidate-append01-recorded-6,stdout,2,PASS: AWFY Storage
timing-Storage-storage-rxvm-baseline-append01-recorded-6,stdout,1,benchmark=awfy_storage repetitions=10 result=5461
timing-Storage-storage-rxvm-baseline-append01-recorded-6,stdout,2,PASS: AWFY Storage
timing-Storage-storage-rxbvm-baseline-append01-recorded-7,stdout,1,benchmark=awfy_storage repetitions=10 result=5461
timing-Storage-storage-rxbvm-baseline-append01-recorded-7,stdout,2,PASS: AWFY Storage
timing-Storage-storage-rxbvm-candidate-append01-recorded-7,stdout,1,benchmark=awfy_storage repetitions=10 result=5461
timing-Storage-storage-rxbvm-candidate-append01-recorded-7,stdout,2,PASS: AWFY Storage
timing-Storage-storage-rxvm-baseline-append01-recorded-7,stdout,1,benchmark=awfy_storage repetitions=10 result=5461
timing-Storage-storage-rxvm-baseline-append01-recorded-7,stdout,2,PASS: AWFY Storage
timing-Storage-storage-rxvm-candidate-append01-recorded-7,stdout,1,benchmark=awfy_storage repetitions=10 result=5461
timing-Storage-storage-rxvm-candidate-append01-recorded-7,stdout,2,PASS: AWFY Storage
timing-Storage-storage-rxbvm-candidate-append01-recorded-8,stdout,1,benchmark=awfy_storage repetitions=10 result=5461
timing-Storage-storage-rxbvm-candidate-append01-recorded-8,stdout,2,PASS: AWFY Storage
timing-Storage-storage-rxvm-baseline-append01-recorded-8,stdout,1,benchmark=awfy_storage repetitions=10 result=5461
timing-Storage-storage-rxvm-baseline-append01-recorded-8,stdout,2,PASS: AWFY Storage
timing-Storage-storage-rxvm-candidate-append01-recorded-8,stdout,1,benchmark=awfy_storage repetitions=10 result=5461
timing-Storage-storage-rxvm-candidate-append01-recorded-8,stdout,2,PASS: AWFY Storage
timing-Storage-storage-rxbvm-baseline-append01-recorded-8,stdout,1,benchmark=awfy_storage repetitions=10 result=5461
timing-Storage-storage-rxbvm-baseline-append01-recorded-8,stdout,2,PASS: AWFY Storage
timing-Storage-storage-rxvm-baseline-append01-recorded-9,stdout,1,benchmark=awfy_storage repetitions=10 result=5461
timing-Storage-storage-rxvm-baseline-append01-recorded-9,stdout,2,PASS: AWFY Storage
timing-Storage-storage-rxvm-candidate-append01-recorded-9,stdout,1,benchmark=awfy_storage repetitions=10 result=5461
timing-Storage-storage-rxvm-candidate-append01-recorded-9,stdout,2,PASS: AWFY Storage
timing-Storage-storage-rxbvm-baseline-append01-recorded-9,stdout,1,benchmark=awfy_storage repetitions=10 result=5461
timing-Storage-storage-rxbvm-baseline-append01-recorded-9,stdout,2,PASS: AWFY Storage
timing-Storage-storage-rxbvm-candidate-append01-recorded-9,stdout,1,benchmark=awfy_storage repetitions=10 result=5461
timing-Storage-storage-rxbvm-candidate-append01-recorded-9,stdout,2,PASS: AWFY Storage
timing-Storage-storage-rxvm-candidate-append01-recorded-10,stdout,1,benchmark=awfy_storage repetitions=10 result=5461
timing-Storage-storage-rxvm-candidate-append01-recorded-10,stdout,2,PASS: AWFY Storage
timing-Storage-storage-rxbvm-baseline-append01-recorded-10,stdout,1,benchmark=awfy_storage repetitions=10 result=5461
timing-Storage-storage-rxbvm-baseline-append01-recorded-10,stdout,2,PASS: AWFY Storage
timing-Storage-storage-rxbvm-candidate-append01-recorded-10,stdout,1,benchmark=awfy_storage repetitions=10 result=5461
timing-Storage-storage-rxbvm-candidate-append01-recorded-10,stdout,2,PASS: AWFY Storage
timing-Storage-storage-rxvm-baseline-append01-recorded-10,stdout,1,benchmark=awfy_storage repetitions=10 result=5461
timing-Storage-storage-rxvm-baseline-append01-recorded-10,stdout,2,PASS: AWFY Storage
timing-Storage-storage-rxbvm-baseline-append01-recorded-11,stdout,1,benchmark=awfy_storage repetitions=10 result=5461
timing-Storage-storage-rxbvm-baseline-append01-recorded-11,stdout,2,PASS: AWFY Storage
timing-Storage-storage-rxbvm-candidate-append01-recorded-11,stdout,1,benchmark=awfy_storage repetitions=10 result=5461
timing-Storage-storage-rxbvm-candidate-append01-recorded-11,stdout,2,PASS: AWFY Storage
timing-Storage-storage-rxvm-baseline-append01-recorded-11,stdout,1,benchmark=awfy_storage repetitions=10 result=5461
timing-Storage-storage-rxvm-baseline-append01-recorded-11,stdout,2,PASS: AWFY Storage
timing-Storage-storage-rxvm-candidate-append01-recorded-11,stdout,1,benchmark=awfy_storage repetitions=10 result=5461
timing-Storage-storage-rxvm-candidate-append01-recorded-11,stdout,2,PASS: AWFY Storage
timing-Storage-storage-rxbvm-candidate-append01-recorded-12,stdout,1,benchmark=awfy_storage repetitions=10 result=5461
timing-Storage-storage-rxbvm-candidate-append01-recorded-12,stdout,2,PASS: AWFY Storage
timing-Storage-storage-rxvm-baseline-append01-recorded-12,stdout,1,benchmark=awfy_storage repetitions=10 result=5461
timing-Storage-storage-rxvm-baseline-append01-recorded-12,stdout,2,PASS: AWFY Storage
timing-Storage-storage-rxvm-candidate-append01-recorded-12,stdout,1,benchmark=awfy_storage repetitions=10 result=5461
timing-Storage-storage-rxvm-candidate-append01-recorded-12,stdout,2,PASS: AWFY Storage
timing-Storage-storage-rxbvm-baseline-append01-recorded-12,stdout,1,benchmark=awfy_storage repetitions=10 result=5461
timing-Storage-storage-rxbvm-baseline-append01-recorded-12,stdout,2,PASS: AWFY Storage
timing-List-list-rxbvm-baseline-append01-warmup-1,stdout,1,benchmark=awfy_list repetitions=100 result=10
timing-List-list-rxbvm-baseline-append01-warmup-1,stdout,2,PASS: AWFY List
timing-List-list-rxbvm-candidate-append01-warmup-1,stdout,1,benchmark=awfy_list repetitions=100 result=10
timing-List-list-rxbvm-candidate-append01-warmup-1,stdout,2,PASS: AWFY List
timing-List-list-rxbvm-baseline-append01-recorded-1,stdout,1,benchmark=awfy_list repetitions=100 result=10
timing-List-list-rxbvm-baseline-append01-recorded-1,stdout,2,PASS: AWFY List
timing-List-list-rxbvm-candidate-append01-recorded-1,stdout,1,benchmark=awfy_list repetitions=100 result=10
timing-List-list-rxbvm-candidate-append01-recorded-1,stdout,2,PASS: AWFY List
timing-List-list-rxbvm-candidate-append01-recorded-2,stdout,1,benchmark=awfy_list repetitions=100 result=10
timing-List-list-rxbvm-candidate-append01-recorded-2,stdout,2,PASS: AWFY List
timing-List-list-rxbvm-baseline-append01-recorded-2,stdout,1,benchmark=awfy_list repetitions=100 result=10
timing-List-list-rxbvm-baseline-append01-recorded-2,stdout,2,PASS: AWFY List
timing-List-list-rxbvm-baseline-append01-recorded-3,stdout,1,benchmark=awfy_list repetitions=100 result=10
timing-List-list-rxbvm-baseline-append01-recorded-3,stdout,2,PASS: AWFY List
timing-List-list-rxbvm-candidate-append01-recorded-3,stdout,1,benchmark=awfy_list repetitions=100 result=10
timing-List-list-rxbvm-candidate-append01-recorded-3,stdout,2,PASS: AWFY List
timing-List-list-rxbvm-candidate-append01-recorded-4,stdout,1,benchmark=awfy_list repetitions=100 result=10
timing-List-list-rxbvm-candidate-append01-recorded-4,stdout,2,PASS: AWFY List
timing-List-list-rxbvm-baseline-append01-recorded-4,stdout,1,benchmark=awfy_list repetitions=100 result=10
timing-List-list-rxbvm-baseline-append01-recorded-4,stdout,2,PASS: AWFY List
timing-List-list-rxbvm-baseline-append01-recorded-5,stdout,1,benchmark=awfy_list repetitions=100 result=10
timing-List-list-rxbvm-baseline-append01-recorded-5,stdout,2,PASS: AWFY List
timing-List-list-rxbvm-candidate-append01-recorded-5,stdout,1,benchmark=awfy_list repetitions=100 result=10
timing-List-list-rxbvm-candidate-append01-recorded-5,stdout,2,PASS: AWFY List
timing-List-list-rxbvm-candidate-append01-recorded-6,stdout,1,benchmark=awfy_list repetitions=100 result=10
timing-List-list-rxbvm-candidate-append01-recorded-6,stdout,2,PASS: AWFY List
timing-List-list-rxbvm-baseline-append01-recorded-6,stdout,1,benchmark=awfy_list repetitions=100 result=10
timing-List-list-rxbvm-baseline-append01-recorded-6,stdout,2,PASS: AWFY List
timing-List-list-rxbvm-baseline-append01-recorded-7,stdout,1,benchmark=awfy_list repetitions=100 result=10
timing-List-list-rxbvm-baseline-append01-recorded-7,stdout,2,PASS: AWFY List
timing-List-list-rxbvm-candidate-append01-recorded-7,stdout,1,benchmark=awfy_list repetitions=100 result=10
timing-List-list-rxbvm-candidate-append01-recorded-7,stdout,2,PASS: AWFY List
timing-List-list-rxbvm-candidate-append01-recorded-8,stdout,1,benchmark=awfy_list repetitions=100 result=10
timing-List-list-rxbvm-candidate-append01-recorded-8,stdout,2,PASS: AWFY List
timing-List-list-rxbvm-baseline-append01-recorded-8,stdout,1,benchmark=awfy_list repetitions=100 result=10
timing-List-list-rxbvm-baseline-append01-recorded-8,stdout,2,PASS: AWFY List
timing-List-list-rxbvm-baseline-append01-recorded-9,stdout,1,benchmark=awfy_list repetitions=100 result=10
timing-List-list-rxbvm-baseline-append01-recorded-9,stdout,2,PASS: AWFY List
timing-List-list-rxbvm-candidate-append01-recorded-9,stdout,1,benchmark=awfy_list repetitions=100 result=10
timing-List-list-rxbvm-candidate-append01-recorded-9,stdout,2,PASS: AWFY List
timing-List-list-rxbvm-candidate-append01-recorded-10,stdout,1,benchmark=awfy_list repetitions=100 result=10
timing-List-list-rxbvm-candidate-append01-recorded-10,stdout,2,PASS: AWFY List
timing-List-list-rxbvm-baseline-append01-recorded-10,stdout,1,benchmark=awfy_list repetitions=100 result=10
timing-List-list-rxbvm-baseline-append01-recorded-10,stdout,2,PASS: AWFY List
timing-List-list-rxbvm-baseline-append01-recorded-11,stdout,1,benchmark=awfy_list repetitions=100 result=10
timing-List-list-rxbvm-baseline-append01-recorded-11,stdout,2,PASS: AWFY List
timing-List-list-rxbvm-candidate-append01-recorded-11,stdout,1,benchmark=awfy_list repetitions=100 result=10
timing-List-list-rxbvm-candidate-append01-recorded-11,stdout,2,PASS: AWFY List
timing-List-list-rxbvm-candidate-append01-recorded-12,stdout,1,benchmark=awfy_list repetitions=100 result=10
timing-List-list-rxbvm-candidate-append01-recorded-12,stdout,2,PASS: AWFY List
timing-List-list-rxbvm-baseline-append01-recorded-12,stdout,1,benchmark=awfy_list repetitions=100 result=10
timing-List-list-rxbvm-baseline-append01-recorded-12,stdout,2,PASS: AWFY List
timing-RexxCPS-rexxcps-rxbvm-baseline-append01-warmup-1,stdout,1,----- REXXCPS 2.2d -- Measuring cREXX clauses/second -----
timing-RexxCPS-rexxcps-rxbvm-baseline-append01-warmup-1,stdout,2, cREXX version is: macOS 64 crexx-1.0.0-beta.3+local.gbdf64e2a3e9e.dirty 20260723
timing-RexxCPS-rexxcps-rxbvm-baseline-append01-warmup-1,stdout,3,       System is: macOS
timing-RexxCPS-rexxcps-rxbvm-baseline-append01-warmup-1,stdout,4,REXXCPS-PROVENANCE contract=canonical-default argv_count=0 initial_count=100 averaging=100
timing-RexxCPS-rexxcps-rxbvm-baseline-append01-warmup-1,stdout,5,        Averaged: 300 x 100 iterations of 1000 clauses (over 1.1 s)
timing-RexxCPS-rexxcps-rxbvm-baseline-append01-warmup-1,stdout,6,REXXCPS-EFFECTIVE contract=canonical-default initial_count=100 effective_count=300 averaging=100 calibrated=1
timing-RexxCPS-rexxcps-rxbvm-baseline-append01-warmup-1,stdout,7,
timing-RexxCPS-rexxcps-rxbvm-baseline-append01-warmup-1,stdout,8,     Performance: 26272095 cREXX clauses per second
timing-RexxCPS-rexxcps-rxbvm-baseline-append01-warmup-1,stdout,9,
timing-RexxCPS-rexxcps-rxbvm-baseline-append01-warmup-1,stdout,10,PASS: RexxCPS 2.2d cREXX port
timing-RexxCPS-rexxcps-rxbvm-candidate-append01-warmup-1,stdout,1,----- REXXCPS 2.2d -- Measuring cREXX clauses/second -----
timing-RexxCPS-rexxcps-rxbvm-candidate-append01-warmup-1,stdout,2, cREXX version is: macOS 64 crexx-1.0.0-beta.3+local.gbdf64e2a3e9e.dirty 20260723
timing-RexxCPS-rexxcps-rxbvm-candidate-append01-warmup-1,stdout,3,       System is: macOS
timing-RexxCPS-rexxcps-rxbvm-candidate-append01-warmup-1,stdout,4,REXXCPS-PROVENANCE contract=canonical-default argv_count=0 initial_count=100 averaging=100
timing-RexxCPS-rexxcps-rxbvm-candidate-append01-warmup-1,stdout,5,        Averaged: 300 x 100 iterations of 1000 clauses (over 1.1 s)
timing-RexxCPS-rexxcps-rxbvm-candidate-append01-warmup-1,stdout,6,REXXCPS-EFFECTIVE contract=canonical-default initial_count=100 effective_count=300 averaging=100 calibrated=1
timing-RexxCPS-rexxcps-rxbvm-candidate-append01-warmup-1,stdout,7,
timing-RexxCPS-rexxcps-rxbvm-candidate-append01-warmup-1,stdout,8,     Performance: 27004645 cREXX clauses per second
timing-RexxCPS-rexxcps-rxbvm-candidate-append01-warmup-1,stdout,9,
timing-RexxCPS-rexxcps-rxbvm-candidate-append01-warmup-1,stdout,10,PASS: RexxCPS 2.2d cREXX port
timing-RexxCPS-rexxcps-rxbvm-baseline-append01-recorded-1,stdout,1,----- REXXCPS 2.2d -- Measuring cREXX clauses/second -----
timing-RexxCPS-rexxcps-rxbvm-baseline-append01-recorded-1,stdout,2, cREXX version is: macOS 64 crexx-1.0.0-beta.3+local.gbdf64e2a3e9e.dirty 20260723
timing-RexxCPS-rexxcps-rxbvm-baseline-append01-recorded-1,stdout,3,       System is: macOS
timing-RexxCPS-rexxcps-rxbvm-baseline-append01-recorded-1,stdout,4,REXXCPS-PROVENANCE contract=canonical-default argv_count=0 initial_count=100 averaging=100
timing-RexxCPS-rexxcps-rxbvm-baseline-append01-recorded-1,stdout,5,        Averaged: 300 x 100 iterations of 1000 clauses (over 1.1 s)
timing-RexxCPS-rexxcps-rxbvm-baseline-append01-recorded-1,stdout,6,REXXCPS-EFFECTIVE contract=canonical-default initial_count=100 effective_count=300 averaging=100 calibrated=1
timing-RexxCPS-rexxcps-rxbvm-baseline-append01-recorded-1,stdout,7,
timing-RexxCPS-rexxcps-rxbvm-baseline-append01-recorded-1,stdout,8,     Performance: 26958756 cREXX clauses per second
timing-RexxCPS-rexxcps-rxbvm-baseline-append01-recorded-1,stdout,9,
timing-RexxCPS-rexxcps-rxbvm-baseline-append01-recorded-1,stdout,10,PASS: RexxCPS 2.2d cREXX port
timing-RexxCPS-rexxcps-rxbvm-candidate-append01-recorded-1,stdout,1,----- REXXCPS 2.2d -- Measuring cREXX clauses/second -----
timing-RexxCPS-rexxcps-rxbvm-candidate-append01-recorded-1,stdout,2, cREXX version is: macOS 64 crexx-1.0.0-beta.3+local.gbdf64e2a3e9e.dirty 20260723
timing-RexxCPS-rexxcps-rxbvm-candidate-append01-recorded-1,stdout,3,       System is: macOS
timing-RexxCPS-rexxcps-rxbvm-candidate-append01-recorded-1,stdout,4,REXXCPS-PROVENANCE contract=canonical-default argv_count=0 initial_count=100 averaging=100
timing-RexxCPS-rexxcps-rxbvm-candidate-append01-recorded-1,stdout,5,        Averaged: 300 x 100 iterations of 1000 clauses (over 1.1 s)
timing-RexxCPS-rexxcps-rxbvm-candidate-append01-recorded-1,stdout,6,REXXCPS-EFFECTIVE contract=canonical-default initial_count=100 effective_count=300 averaging=100 calibrated=1
timing-RexxCPS-rexxcps-rxbvm-candidate-append01-recorded-1,stdout,7,
timing-RexxCPS-rexxcps-rxbvm-candidate-append01-recorded-1,stdout,8,     Performance: 27064796 cREXX clauses per second
timing-RexxCPS-rexxcps-rxbvm-candidate-append01-recorded-1,stdout,9,
timing-RexxCPS-rexxcps-rxbvm-candidate-append01-recorded-1,stdout,10,PASS: RexxCPS 2.2d cREXX port
timing-RexxCPS-rexxcps-rxbvm-candidate-append01-recorded-2,stdout,1,----- REXXCPS 2.2d -- Measuring cREXX clauses/second -----
timing-RexxCPS-rexxcps-rxbvm-candidate-append01-recorded-2,stdout,2, cREXX version is: macOS 64 crexx-1.0.0-beta.3+local.gbdf64e2a3e9e.dirty 20260723
timing-RexxCPS-rexxcps-rxbvm-candidate-append01-recorded-2,stdout,3,       System is: macOS
timing-RexxCPS-rexxcps-rxbvm-candidate-append01-recorded-2,stdout,4,REXXCPS-PROVENANCE contract=canonical-default argv_count=0 initial_count=100 averaging=100
timing-RexxCPS-rexxcps-rxbvm-candidate-append01-recorded-2,stdout,5,        Averaged: 300 x 100 iterations of 1000 clauses (over 1.1 s)
timing-RexxCPS-rexxcps-rxbvm-candidate-append01-recorded-2,stdout,6,REXXCPS-EFFECTIVE contract=canonical-default initial_count=100 effective_count=300 averaging=100 calibrated=1
timing-RexxCPS-rexxcps-rxbvm-candidate-append01-recorded-2,stdout,7,
timing-RexxCPS-rexxcps-rxbvm-candidate-append01-recorded-2,stdout,8,     Performance: 26909884 cREXX clauses per second
timing-RexxCPS-rexxcps-rxbvm-candidate-append01-recorded-2,stdout,9,
timing-RexxCPS-rexxcps-rxbvm-candidate-append01-recorded-2,stdout,10,PASS: RexxCPS 2.2d cREXX port
timing-RexxCPS-rexxcps-rxbvm-baseline-append01-recorded-2,stdout,1,----- REXXCPS 2.2d -- Measuring cREXX clauses/second -----
timing-RexxCPS-rexxcps-rxbvm-baseline-append01-recorded-2,stdout,2, cREXX version is: macOS 64 crexx-1.0.0-beta.3+local.gbdf64e2a3e9e.dirty 20260723
timing-RexxCPS-rexxcps-rxbvm-baseline-append01-recorded-2,stdout,3,       System is: macOS
timing-RexxCPS-rexxcps-rxbvm-baseline-append01-recorded-2,stdout,4,REXXCPS-PROVENANCE contract=canonical-default argv_count=0 initial_count=100 averaging=100
timing-RexxCPS-rexxcps-rxbvm-baseline-append01-recorded-2,stdout,5,        Averaged: 300 x 100 iterations of 1000 clauses (over 1.1 s)
timing-RexxCPS-rexxcps-rxbvm-baseline-append01-recorded-2,stdout,6,REXXCPS-EFFECTIVE contract=canonical-default initial_count=100 effective_count=300 averaging=100 calibrated=1
timing-RexxCPS-rexxcps-rxbvm-baseline-append01-recorded-2,stdout,7,
timing-RexxCPS-rexxcps-rxbvm-baseline-append01-recorded-2,stdout,8,     Performance: 26424012 cREXX clauses per second
timing-RexxCPS-rexxcps-rxbvm-baseline-append01-recorded-2,stdout,9,
timing-RexxCPS-rexxcps-rxbvm-baseline-append01-recorded-2,stdout,10,PASS: RexxCPS 2.2d cREXX port
timing-RexxCPS-rexxcps-rxbvm-baseline-append01-recorded-3,stdout,1,----- REXXCPS 2.2d -- Measuring cREXX clauses/second -----
timing-RexxCPS-rexxcps-rxbvm-baseline-append01-recorded-3,stdout,2, cREXX version is: macOS 64 crexx-1.0.0-beta.3+local.gbdf64e2a3e9e.dirty 20260723
timing-RexxCPS-rexxcps-rxbvm-baseline-append01-recorded-3,stdout,3,       System is: macOS
timing-RexxCPS-rexxcps-rxbvm-baseline-append01-recorded-3,stdout,4,REXXCPS-PROVENANCE contract=canonical-default argv_count=0 initial_count=100 averaging=100
timing-RexxCPS-rexxcps-rxbvm-baseline-append01-recorded-3,stdout,5,        Averaged: 300 x 100 iterations of 1000 clauses (over 1.1 s)
timing-RexxCPS-rexxcps-rxbvm-baseline-append01-recorded-3,stdout,6,REXXCPS-EFFECTIVE contract=canonical-default initial_count=100 effective_count=300 averaging=100 calibrated=1
timing-RexxCPS-rexxcps-rxbvm-baseline-append01-recorded-3,stdout,7,
timing-RexxCPS-rexxcps-rxbvm-baseline-append01-recorded-3,stdout,8,     Performance: 27007757 cREXX clauses per second
timing-RexxCPS-rexxcps-rxbvm-baseline-append01-recorded-3,stdout,9,
timing-RexxCPS-rexxcps-rxbvm-baseline-append01-recorded-3,stdout,10,PASS: RexxCPS 2.2d cREXX port
timing-RexxCPS-rexxcps-rxbvm-candidate-append01-recorded-3,stdout,1,----- REXXCPS 2.2d -- Measuring cREXX clauses/second -----
timing-RexxCPS-rexxcps-rxbvm-candidate-append01-recorded-3,stdout,2, cREXX version is: macOS 64 crexx-1.0.0-beta.3+local.gbdf64e2a3e9e.dirty 20260723
timing-RexxCPS-rexxcps-rxbvm-candidate-append01-recorded-3,stdout,3,       System is: macOS
timing-RexxCPS-rexxcps-rxbvm-candidate-append01-recorded-3,stdout,4,REXXCPS-PROVENANCE contract=canonical-default argv_count=0 initial_count=100 averaging=100
timing-RexxCPS-rexxcps-rxbvm-candidate-append01-recorded-3,stdout,5,        Averaged: 300 x 100 iterations of 1000 clauses (over 1.1 s)
timing-RexxCPS-rexxcps-rxbvm-candidate-append01-recorded-3,stdout,6,REXXCPS-EFFECTIVE contract=canonical-default initial_count=100 effective_count=300 averaging=100 calibrated=1
timing-RexxCPS-rexxcps-rxbvm-candidate-append01-recorded-3,stdout,7,
timing-RexxCPS-rexxcps-rxbvm-candidate-append01-recorded-3,stdout,8,     Performance: 27490981 cREXX clauses per second
timing-RexxCPS-rexxcps-rxbvm-candidate-append01-recorded-3,stdout,9,
timing-RexxCPS-rexxcps-rxbvm-candidate-append01-recorded-3,stdout,10,PASS: RexxCPS 2.2d cREXX port
timing-RexxCPS-rexxcps-rxbvm-candidate-append01-recorded-4,stdout,1,----- REXXCPS 2.2d -- Measuring cREXX clauses/second -----
timing-RexxCPS-rexxcps-rxbvm-candidate-append01-recorded-4,stdout,2, cREXX version is: macOS 64 crexx-1.0.0-beta.3+local.gbdf64e2a3e9e.dirty 20260723
timing-RexxCPS-rexxcps-rxbvm-candidate-append01-recorded-4,stdout,3,       System is: macOS
timing-RexxCPS-rexxcps-rxbvm-candidate-append01-recorded-4,stdout,4,REXXCPS-PROVENANCE contract=canonical-default argv_count=0 initial_count=100 averaging=100
timing-RexxCPS-rexxcps-rxbvm-candidate-append01-recorded-4,stdout,5,        Averaged: 300 x 100 iterations of 1000 clauses (over 1.1 s)
timing-RexxCPS-rexxcps-rxbvm-candidate-append01-recorded-4,stdout,6,REXXCPS-EFFECTIVE contract=canonical-default initial_count=100 effective_count=300 averaging=100 calibrated=1
timing-RexxCPS-rexxcps-rxbvm-candidate-append01-recorded-4,stdout,7,
timing-RexxCPS-rexxcps-rxbvm-candidate-append01-recorded-4,stdout,8,     Performance: 26741329 cREXX clauses per second
timing-RexxCPS-rexxcps-rxbvm-candidate-append01-recorded-4,stdout,9,
timing-RexxCPS-rexxcps-rxbvm-candidate-append01-recorded-4,stdout,10,PASS: RexxCPS 2.2d cREXX port
timing-RexxCPS-rexxcps-rxbvm-baseline-append01-recorded-4,stdout,1,----- REXXCPS 2.2d -- Measuring cREXX clauses/second -----
timing-RexxCPS-rexxcps-rxbvm-baseline-append01-recorded-4,stdout,2, cREXX version is: macOS 64 crexx-1.0.0-beta.3+local.gbdf64e2a3e9e.dirty 20260723
timing-RexxCPS-rexxcps-rxbvm-baseline-append01-recorded-4,stdout,3,       System is: macOS
timing-RexxCPS-rexxcps-rxbvm-baseline-append01-recorded-4,stdout,4,REXXCPS-PROVENANCE contract=canonical-default argv_count=0 initial_count=100 averaging=100
timing-RexxCPS-rexxcps-rxbvm-baseline-append01-recorded-4,stdout,5,        Averaged: 300 x 100 iterations of 1000 clauses (over 1.1 s)
timing-RexxCPS-rexxcps-rxbvm-baseline-append01-recorded-4,stdout,6,REXXCPS-EFFECTIVE contract=canonical-default initial_count=100 effective_count=300 averaging=100 calibrated=1
timing-RexxCPS-rexxcps-rxbvm-baseline-append01-recorded-4,stdout,7,
timing-RexxCPS-rexxcps-rxbvm-baseline-append01-recorded-4,stdout,8,     Performance: 26402106 cREXX clauses per second
timing-RexxCPS-rexxcps-rxbvm-baseline-append01-recorded-4,stdout,9,
timing-RexxCPS-rexxcps-rxbvm-baseline-append01-recorded-4,stdout,10,PASS: RexxCPS 2.2d cREXX port
timing-RexxCPS-rexxcps-rxbvm-baseline-append01-recorded-5,stdout,1,----- REXXCPS 2.2d -- Measuring cREXX clauses/second -----
timing-RexxCPS-rexxcps-rxbvm-baseline-append01-recorded-5,stdout,2, cREXX version is: macOS 64 crexx-1.0.0-beta.3+local.gbdf64e2a3e9e.dirty 20260723
timing-RexxCPS-rexxcps-rxbvm-baseline-append01-recorded-5,stdout,3,       System is: macOS
timing-RexxCPS-rexxcps-rxbvm-baseline-append01-recorded-5,stdout,4,REXXCPS-PROVENANCE contract=canonical-default argv_count=0 initial_count=100 averaging=100
timing-RexxCPS-rexxcps-rxbvm-baseline-append01-recorded-5,stdout,5,        Averaged: 300 x 100 iterations of 1000 clauses (over 1.2 s)
timing-RexxCPS-rexxcps-rxbvm-baseline-append01-recorded-5,stdout,6,REXXCPS-EFFECTIVE contract=canonical-default initial_count=100 effective_count=300 averaging=100 calibrated=1
timing-RexxCPS-rexxcps-rxbvm-baseline-append01-recorded-5,stdout,7,
timing-RexxCPS-rexxcps-rxbvm-baseline-append01-recorded-5,stdout,8,     Performance: 25809871 cREXX clauses per second
timing-RexxCPS-rexxcps-rxbvm-baseline-append01-recorded-5,stdout,9,
timing-RexxCPS-rexxcps-rxbvm-baseline-append01-recorded-5,stdout,10,PASS: RexxCPS 2.2d cREXX port
timing-RexxCPS-rexxcps-rxbvm-candidate-append01-recorded-5,stdout,1,----- REXXCPS 2.2d -- Measuring cREXX clauses/second -----
timing-RexxCPS-rexxcps-rxbvm-candidate-append01-recorded-5,stdout,2, cREXX version is: macOS 64 crexx-1.0.0-beta.3+local.gbdf64e2a3e9e.dirty 20260723
timing-RexxCPS-rexxcps-rxbvm-candidate-append01-recorded-5,stdout,3,       System is: macOS
timing-RexxCPS-rexxcps-rxbvm-candidate-append01-recorded-5,stdout,4,REXXCPS-PROVENANCE contract=canonical-default argv_count=0 initial_count=100 averaging=100
timing-RexxCPS-rexxcps-rxbvm-candidate-append01-recorded-5,stdout,5,        Averaged: 300 x 100 iterations of 1000 clauses (over 1.1 s)
timing-RexxCPS-rexxcps-rxbvm-candidate-append01-recorded-5,stdout,6,REXXCPS-EFFECTIVE contract=canonical-default initial_count=100 effective_count=300 averaging=100 calibrated=1
timing-RexxCPS-rexxcps-rxbvm-candidate-append01-recorded-5,stdout,7,
timing-RexxCPS-rexxcps-rxbvm-candidate-append01-recorded-5,stdout,8,     Performance: 26516454 cREXX clauses per second
timing-RexxCPS-rexxcps-rxbvm-candidate-append01-recorded-5,stdout,9,
timing-RexxCPS-rexxcps-rxbvm-candidate-append01-recorded-5,stdout,10,PASS: RexxCPS 2.2d cREXX port
timing-RexxCPS-rexxcps-rxbvm-candidate-append01-recorded-6,stdout,1,----- REXXCPS 2.2d -- Measuring cREXX clauses/second -----
timing-RexxCPS-rexxcps-rxbvm-candidate-append01-recorded-6,stdout,2, cREXX version is: macOS 64 crexx-1.0.0-beta.3+local.gbdf64e2a3e9e.dirty 20260723
timing-RexxCPS-rexxcps-rxbvm-candidate-append01-recorded-6,stdout,3,       System is: macOS
timing-RexxCPS-rexxcps-rxbvm-candidate-append01-recorded-6,stdout,4,REXXCPS-PROVENANCE contract=canonical-default argv_count=0 initial_count=100 averaging=100
timing-RexxCPS-rexxcps-rxbvm-candidate-append01-recorded-6,stdout,5,        Averaged: 300 x 100 iterations of 1000 clauses (over 1.1 s)
timing-RexxCPS-rexxcps-rxbvm-candidate-append01-recorded-6,stdout,6,REXXCPS-EFFECTIVE contract=canonical-default initial_count=100 effective_count=300 averaging=100 calibrated=1
timing-RexxCPS-rexxcps-rxbvm-candidate-append01-recorded-6,stdout,7,
timing-RexxCPS-rexxcps-rxbvm-candidate-append01-recorded-6,stdout,8,     Performance: 26821612 cREXX clauses per second
timing-RexxCPS-rexxcps-rxbvm-candidate-append01-recorded-6,stdout,9,
timing-RexxCPS-rexxcps-rxbvm-candidate-append01-recorded-6,stdout,10,PASS: RexxCPS 2.2d cREXX port
timing-RexxCPS-rexxcps-rxbvm-baseline-append01-recorded-6,stdout,1,----- REXXCPS 2.2d -- Measuring cREXX clauses/second -----
timing-RexxCPS-rexxcps-rxbvm-baseline-append01-recorded-6,stdout,2, cREXX version is: macOS 64 crexx-1.0.0-beta.3+local.gbdf64e2a3e9e.dirty 20260723
timing-RexxCPS-rexxcps-rxbvm-baseline-append01-recorded-6,stdout,3,       System is: macOS
timing-RexxCPS-rexxcps-rxbvm-baseline-append01-recorded-6,stdout,4,REXXCPS-PROVENANCE contract=canonical-default argv_count=0 initial_count=100 averaging=100
timing-RexxCPS-rexxcps-rxbvm-baseline-append01-recorded-6,stdout,5,        Averaged: 300 x 100 iterations of 1000 clauses (over 1.1 s)
timing-RexxCPS-rexxcps-rxbvm-baseline-append01-recorded-6,stdout,6,REXXCPS-EFFECTIVE contract=canonical-default initial_count=100 effective_count=300 averaging=100 calibrated=1
timing-RexxCPS-rexxcps-rxbvm-baseline-append01-recorded-6,stdout,7,
timing-RexxCPS-rexxcps-rxbvm-baseline-append01-recorded-6,stdout,8,     Performance: 26174014 cREXX clauses per second
timing-RexxCPS-rexxcps-rxbvm-baseline-append01-recorded-6,stdout,9,
timing-RexxCPS-rexxcps-rxbvm-baseline-append01-recorded-6,stdout,10,PASS: RexxCPS 2.2d cREXX port
timing-RexxCPS-rexxcps-rxbvm-baseline-append01-recorded-7,stdout,1,----- REXXCPS 2.2d -- Measuring cREXX clauses/second -----
timing-RexxCPS-rexxcps-rxbvm-baseline-append01-recorded-7,stdout,2, cREXX version is: macOS 64 crexx-1.0.0-beta.3+local.gbdf64e2a3e9e.dirty 20260723
timing-RexxCPS-rexxcps-rxbvm-baseline-append01-recorded-7,stdout,3,       System is: macOS
timing-RexxCPS-rexxcps-rxbvm-baseline-append01-recorded-7,stdout,4,REXXCPS-PROVENANCE contract=canonical-default argv_count=0 initial_count=100 averaging=100
timing-RexxCPS-rexxcps-rxbvm-baseline-append01-recorded-7,stdout,5,        Averaged: 300 x 100 iterations of 1000 clauses (over 1.1 s)
timing-RexxCPS-rexxcps-rxbvm-baseline-append01-recorded-7,stdout,6,REXXCPS-EFFECTIVE contract=canonical-default initial_count=100 effective_count=300 averaging=100 calibrated=1
timing-RexxCPS-rexxcps-rxbvm-baseline-append01-recorded-7,stdout,7,
timing-RexxCPS-rexxcps-rxbvm-baseline-append01-recorded-7,stdout,8,     Performance: 26515165 cREXX clauses per second
timing-RexxCPS-rexxcps-rxbvm-baseline-append01-recorded-7,stdout,9,
timing-RexxCPS-rexxcps-rxbvm-baseline-append01-recorded-7,stdout,10,PASS: RexxCPS 2.2d cREXX port
timing-RexxCPS-rexxcps-rxbvm-candidate-append01-recorded-7,stdout,1,----- REXXCPS 2.2d -- Measuring cREXX clauses/second -----
timing-RexxCPS-rexxcps-rxbvm-candidate-append01-recorded-7,stdout,2, cREXX version is: macOS 64 crexx-1.0.0-beta.3+local.gbdf64e2a3e9e.dirty 20260723
timing-RexxCPS-rexxcps-rxbvm-candidate-append01-recorded-7,stdout,3,       System is: macOS
timing-RexxCPS-rexxcps-rxbvm-candidate-append01-recorded-7,stdout,4,REXXCPS-PROVENANCE contract=canonical-default argv_count=0 initial_count=100 averaging=100
timing-RexxCPS-rexxcps-rxbvm-candidate-append01-recorded-7,stdout,5,        Averaged: 300 x 100 iterations of 1000 clauses (over 1.1 s)
timing-RexxCPS-rexxcps-rxbvm-candidate-append01-recorded-7,stdout,6,REXXCPS-EFFECTIVE contract=canonical-default initial_count=100 effective_count=300 averaging=100 calibrated=1
timing-RexxCPS-rexxcps-rxbvm-candidate-append01-recorded-7,stdout,7,
timing-RexxCPS-rexxcps-rxbvm-candidate-append01-recorded-7,stdout,8,     Performance: 27175021 cREXX clauses per second
timing-RexxCPS-rexxcps-rxbvm-candidate-append01-recorded-7,stdout,9,
timing-RexxCPS-rexxcps-rxbvm-candidate-append01-recorded-7,stdout,10,PASS: RexxCPS 2.2d cREXX port
timing-RexxCPS-rexxcps-rxbvm-candidate-append01-recorded-8,stdout,1,----- REXXCPS 2.2d -- Measuring cREXX clauses/second -----
timing-RexxCPS-rexxcps-rxbvm-candidate-append01-recorded-8,stdout,2, cREXX version is: macOS 64 crexx-1.0.0-beta.3+local.gbdf64e2a3e9e.dirty 20260723
timing-RexxCPS-rexxcps-rxbvm-candidate-append01-recorded-8,stdout,3,       System is: macOS
timing-RexxCPS-rexxcps-rxbvm-candidate-append01-recorded-8,stdout,4,REXXCPS-PROVENANCE contract=canonical-default argv_count=0 initial_count=100 averaging=100
timing-RexxCPS-rexxcps-rxbvm-candidate-append01-recorded-8,stdout,5,        Averaged: 300 x 100 iterations of 1000 clauses (over 1.1 s)
timing-RexxCPS-rexxcps-rxbvm-candidate-append01-recorded-8,stdout,6,REXXCPS-EFFECTIVE contract=canonical-default initial_count=100 effective_count=300 averaging=100 calibrated=1
timing-RexxCPS-rexxcps-rxbvm-candidate-append01-recorded-8,stdout,7,
timing-RexxCPS-rexxcps-rxbvm-candidate-append01-recorded-8,stdout,8,     Performance: 26965565 cREXX clauses per second
timing-RexxCPS-rexxcps-rxbvm-candidate-append01-recorded-8,stdout,9,
timing-RexxCPS-rexxcps-rxbvm-candidate-append01-recorded-8,stdout,10,PASS: RexxCPS 2.2d cREXX port
timing-RexxCPS-rexxcps-rxbvm-baseline-append01-recorded-8,stdout,1,----- REXXCPS 2.2d -- Measuring cREXX clauses/second -----
timing-RexxCPS-rexxcps-rxbvm-baseline-append01-recorded-8,stdout,2, cREXX version is: macOS 64 crexx-1.0.0-beta.3+local.gbdf64e2a3e9e.dirty 20260723
timing-RexxCPS-rexxcps-rxbvm-baseline-append01-recorded-8,stdout,3,       System is: macOS
timing-RexxCPS-rexxcps-rxbvm-baseline-append01-recorded-8,stdout,4,REXXCPS-PROVENANCE contract=canonical-default argv_count=0 initial_count=100 averaging=100
timing-RexxCPS-rexxcps-rxbvm-baseline-append01-recorded-8,stdout,5,        Averaged: 300 x 100 iterations of 1000 clauses (over 1.1 s)
timing-RexxCPS-rexxcps-rxbvm-baseline-append01-recorded-8,stdout,6,REXXCPS-EFFECTIVE contract=canonical-default initial_count=100 effective_count=300 averaging=100 calibrated=1
timing-RexxCPS-rexxcps-rxbvm-baseline-append01-recorded-8,stdout,7,
timing-RexxCPS-rexxcps-rxbvm-baseline-append01-recorded-8,stdout,8,     Performance: 26349697 cREXX clauses per second
timing-RexxCPS-rexxcps-rxbvm-baseline-append01-recorded-8,stdout,9,
timing-RexxCPS-rexxcps-rxbvm-baseline-append01-recorded-8,stdout,10,PASS: RexxCPS 2.2d cREXX port
timing-RexxCPS-rexxcps-rxbvm-baseline-append01-recorded-9,stdout,1,----- REXXCPS 2.2d -- Measuring cREXX clauses/second -----
timing-RexxCPS-rexxcps-rxbvm-baseline-append01-recorded-9,stdout,2, cREXX version is: macOS 64 crexx-1.0.0-beta.3+local.gbdf64e2a3e9e.dirty 20260723
timing-RexxCPS-rexxcps-rxbvm-baseline-append01-recorded-9,stdout,3,       System is: macOS
timing-RexxCPS-rexxcps-rxbvm-baseline-append01-recorded-9,stdout,4,REXXCPS-PROVENANCE contract=canonical-default argv_count=0 initial_count=100 averaging=100
timing-RexxCPS-rexxcps-rxbvm-baseline-append01-recorded-9,stdout,5,        Averaged: 300 x 100 iterations of 1000 clauses (over 1.1 s)
timing-RexxCPS-rexxcps-rxbvm-baseline-append01-recorded-9,stdout,6,REXXCPS-EFFECTIVE contract=canonical-default initial_count=100 effective_count=300 averaging=100 calibrated=1
timing-RexxCPS-rexxcps-rxbvm-baseline-append01-recorded-9,stdout,7,
timing-RexxCPS-rexxcps-rxbvm-baseline-append01-recorded-9,stdout,8,     Performance: 26467210 cREXX clauses per second
timing-RexxCPS-rexxcps-rxbvm-baseline-append01-recorded-9,stdout,9,
timing-RexxCPS-rexxcps-rxbvm-baseline-append01-recorded-9,stdout,10,PASS: RexxCPS 2.2d cREXX port
timing-RexxCPS-rexxcps-rxbvm-candidate-append01-recorded-9,stdout,1,----- REXXCPS 2.2d -- Measuring cREXX clauses/second -----
timing-RexxCPS-rexxcps-rxbvm-candidate-append01-recorded-9,stdout,2, cREXX version is: macOS 64 crexx-1.0.0-beta.3+local.gbdf64e2a3e9e.dirty 20260723
timing-RexxCPS-rexxcps-rxbvm-candidate-append01-recorded-9,stdout,3,       System is: macOS
timing-RexxCPS-rexxcps-rxbvm-candidate-append01-recorded-9,stdout,4,REXXCPS-PROVENANCE contract=canonical-default argv_count=0 initial_count=100 averaging=100
timing-RexxCPS-rexxcps-rxbvm-candidate-append01-recorded-9,stdout,5,        Averaged: 300 x 100 iterations of 1000 clauses (over 1.1 s)
timing-RexxCPS-rexxcps-rxbvm-candidate-append01-recorded-9,stdout,6,REXXCPS-EFFECTIVE contract=canonical-default initial_count=100 effective_count=300 averaging=100 calibrated=1
timing-RexxCPS-rexxcps-rxbvm-candidate-append01-recorded-9,stdout,7,
timing-RexxCPS-rexxcps-rxbvm-candidate-append01-recorded-9,stdout,8,     Performance: 26702579 cREXX clauses per second
timing-RexxCPS-rexxcps-rxbvm-candidate-append01-recorded-9,stdout,9,
timing-RexxCPS-rexxcps-rxbvm-candidate-append01-recorded-9,stdout,10,PASS: RexxCPS 2.2d cREXX port
timing-RexxCPS-rexxcps-rxbvm-candidate-append01-recorded-10,stdout,1,----- REXXCPS 2.2d -- Measuring cREXX clauses/second -----
timing-RexxCPS-rexxcps-rxbvm-candidate-append01-recorded-10,stdout,2, cREXX version is: macOS 64 crexx-1.0.0-beta.3+local.gbdf64e2a3e9e.dirty 20260723
timing-RexxCPS-rexxcps-rxbvm-candidate-append01-recorded-10,stdout,3,       System is: macOS
timing-RexxCPS-rexxcps-rxbvm-candidate-append01-recorded-10,stdout,4,REXXCPS-PROVENANCE contract=canonical-default argv_count=0 initial_count=100 averaging=100
timing-RexxCPS-rexxcps-rxbvm-candidate-append01-recorded-10,stdout,5,        Averaged: 300 x 100 iterations of 1000 clauses (over 1.1 s)
timing-RexxCPS-rexxcps-rxbvm-candidate-append01-recorded-10,stdout,6,REXXCPS-EFFECTIVE contract=canonical-default initial_count=100 effective_count=300 averaging=100 calibrated=1
timing-RexxCPS-rexxcps-rxbvm-candidate-append01-recorded-10,stdout,7,
timing-RexxCPS-rexxcps-rxbvm-candidate-append01-recorded-10,stdout,8,     Performance: 27071879 cREXX clauses per second
timing-RexxCPS-rexxcps-rxbvm-candidate-append01-recorded-10,stdout,9,
timing-RexxCPS-rexxcps-rxbvm-candidate-append01-recorded-10,stdout,10,PASS: RexxCPS 2.2d cREXX port
timing-RexxCPS-rexxcps-rxbvm-baseline-append01-recorded-10,stdout,1,----- REXXCPS 2.2d -- Measuring cREXX clauses/second -----
timing-RexxCPS-rexxcps-rxbvm-baseline-append01-recorded-10,stdout,2, cREXX version is: macOS 64 crexx-1.0.0-beta.3+local.gbdf64e2a3e9e.dirty 20260723
timing-RexxCPS-rexxcps-rxbvm-baseline-append01-recorded-10,stdout,3,       System is: macOS
timing-RexxCPS-rexxcps-rxbvm-baseline-append01-recorded-10,stdout,4,REXXCPS-PROVENANCE contract=canonical-default argv_count=0 initial_count=100 averaging=100
timing-RexxCPS-rexxcps-rxbvm-baseline-append01-recorded-10,stdout,5,        Averaged: 300 x 100 iterations of 1000 clauses (over 1.2 s)
timing-RexxCPS-rexxcps-rxbvm-baseline-append01-recorded-10,stdout,6,REXXCPS-EFFECTIVE contract=canonical-default initial_count=100 effective_count=300 averaging=100 calibrated=1
timing-RexxCPS-rexxcps-rxbvm-baseline-append01-recorded-10,stdout,7,
timing-RexxCPS-rexxcps-rxbvm-baseline-append01-recorded-10,stdout,8,     Performance: 25981719 cREXX clauses per second
timing-RexxCPS-rexxcps-rxbvm-baseline-append01-recorded-10,stdout,9,
timing-RexxCPS-rexxcps-rxbvm-baseline-append01-recorded-10,stdout,10,PASS: RexxCPS 2.2d cREXX port
timing-RexxCPS-rexxcps-rxbvm-baseline-append01-recorded-11,stdout,1,----- REXXCPS 2.2d -- Measuring cREXX clauses/second -----
timing-RexxCPS-rexxcps-rxbvm-baseline-append01-recorded-11,stdout,2, cREXX version is: macOS 64 crexx-1.0.0-beta.3+local.gbdf64e2a3e9e.dirty 20260723
timing-RexxCPS-rexxcps-rxbvm-baseline-append01-recorded-11,stdout,3,       System is: macOS
timing-RexxCPS-rexxcps-rxbvm-baseline-append01-recorded-11,stdout,4,REXXCPS-PROVENANCE contract=canonical-default argv_count=0 initial_count=100 averaging=100
timing-RexxCPS-rexxcps-rxbvm-baseline-append01-recorded-11,stdout,5,        Averaged: 300 x 100 iterations of 1000 clauses (over 1.1 s)
timing-RexxCPS-rexxcps-rxbvm-baseline-append01-recorded-11,stdout,6,REXXCPS-EFFECTIVE contract=canonical-default initial_count=100 effective_count=300 averaging=100 calibrated=1
timing-RexxCPS-rexxcps-rxbvm-baseline-append01-recorded-11,stdout,7,
timing-RexxCPS-rexxcps-rxbvm-baseline-append01-recorded-11,stdout,8,     Performance: 26363568 cREXX clauses per second
timing-RexxCPS-rexxcps-rxbvm-baseline-append01-recorded-11,stdout,9,
timing-RexxCPS-rexxcps-rxbvm-baseline-append01-recorded-11,stdout,10,PASS: RexxCPS 2.2d cREXX port
timing-RexxCPS-rexxcps-rxbvm-candidate-append01-recorded-11,stdout,1,----- REXXCPS 2.2d -- Measuring cREXX clauses/second -----
timing-RexxCPS-rexxcps-rxbvm-candidate-append01-recorded-11,stdout,2, cREXX version is: macOS 64 crexx-1.0.0-beta.3+local.gbdf64e2a3e9e.dirty 20260723
timing-RexxCPS-rexxcps-rxbvm-candidate-append01-recorded-11,stdout,3,       System is: macOS
timing-RexxCPS-rexxcps-rxbvm-candidate-append01-recorded-11,stdout,4,REXXCPS-PROVENANCE contract=canonical-default argv_count=0 initial_count=100 averaging=100
timing-RexxCPS-rexxcps-rxbvm-candidate-append01-recorded-11,stdout,5,        Averaged: 300 x 100 iterations of 1000 clauses (over 1.1 s)
timing-RexxCPS-rexxcps-rxbvm-candidate-append01-recorded-11,stdout,6,REXXCPS-EFFECTIVE contract=canonical-default initial_count=100 effective_count=300 averaging=100 calibrated=1
timing-RexxCPS-rexxcps-rxbvm-candidate-append01-recorded-11,stdout,7,
timing-RexxCPS-rexxcps-rxbvm-candidate-append01-recorded-11,stdout,8,     Performance: 26527075 cREXX clauses per second
timing-RexxCPS-rexxcps-rxbvm-candidate-append01-recorded-11,stdout,9,
timing-RexxCPS-rexxcps-rxbvm-candidate-append01-recorded-11,stdout,10,PASS: RexxCPS 2.2d cREXX port
timing-RexxCPS-rexxcps-rxbvm-candidate-append01-recorded-12,stdout,1,----- REXXCPS 2.2d -- Measuring cREXX clauses/second -----
timing-RexxCPS-rexxcps-rxbvm-candidate-append01-recorded-12,stdout,2, cREXX version is: macOS 64 crexx-1.0.0-beta.3+local.gbdf64e2a3e9e.dirty 20260723
timing-RexxCPS-rexxcps-rxbvm-candidate-append01-recorded-12,stdout,3,       System is: macOS
timing-RexxCPS-rexxcps-rxbvm-candidate-append01-recorded-12,stdout,4,REXXCPS-PROVENANCE contract=canonical-default argv_count=0 initial_count=100 averaging=100
timing-RexxCPS-rexxcps-rxbvm-candidate-append01-recorded-12,stdout,5,        Averaged: 300 x 100 iterations of 1000 clauses (over 1.1 s)
timing-RexxCPS-rexxcps-rxbvm-candidate-append01-recorded-12,stdout,6,REXXCPS-EFFECTIVE contract=canonical-default initial_count=100 effective_count=300 averaging=100 calibrated=1
timing-RexxCPS-rexxcps-rxbvm-candidate-append01-recorded-12,stdout,7,
timing-RexxCPS-rexxcps-rxbvm-candidate-append01-recorded-12,stdout,8,     Performance: 26675298 cREXX clauses per second
timing-RexxCPS-rexxcps-rxbvm-candidate-append01-recorded-12,stdout,9,
timing-RexxCPS-rexxcps-rxbvm-candidate-append01-recorded-12,stdout,10,PASS: RexxCPS 2.2d cREXX port
timing-RexxCPS-rexxcps-rxbvm-baseline-append01-recorded-12,stdout,1,----- REXXCPS 2.2d -- Measuring cREXX clauses/second -----
timing-RexxCPS-rexxcps-rxbvm-baseline-append01-recorded-12,stdout,2, cREXX version is: macOS 64 crexx-1.0.0-beta.3+local.gbdf64e2a3e9e.dirty 20260723
timing-RexxCPS-rexxcps-rxbvm-baseline-append01-recorded-12,stdout,3,       System is: macOS
timing-RexxCPS-rexxcps-rxbvm-baseline-append01-recorded-12,stdout,4,REXXCPS-PROVENANCE contract=canonical-default argv_count=0 initial_count=100 averaging=100
timing-RexxCPS-rexxcps-rxbvm-baseline-append01-recorded-12,stdout,5,        Averaged: 300 x 100 iterations of 1000 clauses (over 1.1 s)
timing-RexxCPS-rexxcps-rxbvm-baseline-append01-recorded-12,stdout,6,REXXCPS-EFFECTIVE contract=canonical-default initial_count=100 effective_count=300 averaging=100 calibrated=1
timing-RexxCPS-rexxcps-rxbvm-baseline-append01-recorded-12,stdout,7,
timing-RexxCPS-rexxcps-rxbvm-baseline-append01-recorded-12,stdout,8,     Performance: 26549777 cREXX clauses per second
timing-RexxCPS-rexxcps-rxbvm-baseline-append01-recorded-12,stdout,9,
timing-RexxCPS-rexxcps-rxbvm-baseline-append01-recorded-12,stdout,10,PASS: RexxCPS 2.2d cREXX port
