Test project /Users/adrian/CLionProjects/CREXX/cmake-build-debug
      Start 1220: persistent_worker_executor-rxtvml-doorbell-stress
      Start 1222: persistent_worker_executor-rxtvml-sparse-owner-stress
      Start 1219: persistent_worker_executor-rxtvml
      Start 1223: persistent_worker_executor-rxtvml-sparse-progress
      Start 1208: persistent_worker_executor-rxbvml-sparse-owner-stress
      Start 1205: persistent_worker_executor-rxbvml
      Start 1206: persistent_worker_executor-rxbvml-doorbell-stress
      Start 1209: persistent_worker_executor-rxbvml-sparse-progress
      Start 1135: gate_f_channel_local_rxbvm
      Start 1136: gate_f_channel_local_rxtvm
    Test #1223: persistent_worker_executor-rxtvml-sparse-progress .......   Passed    0.01 sec
      Start 1223: persistent_worker_executor-rxtvml-sparse-progress
    Test #1209: persistent_worker_executor-rxbvml-sparse-progress .......   Passed    0.01 sec
      Start 1209: persistent_worker_executor-rxbvml-sparse-progress
    Test #1222: persistent_worker_executor-rxtvml-sparse-owner-stress ...   Passed    0.02 sec
      Start 1222: persistent_worker_executor-rxtvml-sparse-owner-stress
    Test #1220: persistent_worker_executor-rxtvml-doorbell-stress .......   Passed    0.02 sec
      Start 1220: persistent_worker_executor-rxtvml-doorbell-stress
    Test #1208: persistent_worker_executor-rxbvml-sparse-owner-stress ...   Passed    0.02 sec
      Start 1208: persistent_worker_executor-rxbvml-sparse-owner-stress
    Test #1206: persistent_worker_executor-rxbvml-doorbell-stress .......   Passed    0.02 sec
      Start 1206: persistent_worker_executor-rxbvml-doorbell-stress
    Test #1136: gate_f_channel_local_rxtvm ..............................   Passed    0.02 sec
      Start 1136: gate_f_channel_local_rxtvm
    Test #1135: gate_f_channel_local_rxbvm ..............................   Passed    0.02 sec
      Start 1135: gate_f_channel_local_rxbvm
    Test #1209: persistent_worker_executor-rxbvml-sparse-progress .......   Passed    0.01 sec
      Start 1209: persistent_worker_executor-rxbvml-sparse-progress
    Test #1223: persistent_worker_executor-rxtvml-sparse-progress .......   Passed    0.01 sec
      Start 1223: persistent_worker_executor-rxtvml-sparse-progress
    Test #1209: persistent_worker_executor-rxbvml-sparse-progress .......   Passed    0.01 sec
      Start 1209: persistent_worker_executor-rxbvml-sparse-progress
    Test #1222: persistent_worker_executor-rxtvml-sparse-owner-stress ...   Passed    0.02 sec
      Start 1222: persistent_worker_executor-rxtvml-sparse-owner-stress
    Test #1208: persistent_worker_executor-rxbvml-sparse-owner-stress ...   Passed    0.02 sec
      Start 1208: persistent_worker_executor-rxbvml-sparse-owner-stress
    Test #1223: persistent_worker_executor-rxtvml-sparse-progress .......   Passed    0.01 sec
      Start 1223: persistent_worker_executor-rxtvml-sparse-progress
    Test #1136: gate_f_channel_local_rxtvm ..............................   Passed    0.02 sec
      Start 1136: gate_f_channel_local_rxtvm
    Test #1220: persistent_worker_executor-rxtvml-doorbell-stress .......   Passed    0.02 sec
      Start 1220: persistent_worker_executor-rxtvml-doorbell-stress
    Test #1206: persistent_worker_executor-rxbvml-doorbell-stress .......   Passed    0.02 sec
      Start 1206: persistent_worker_executor-rxbvml-doorbell-stress
    Test #1135: gate_f_channel_local_rxbvm ..............................   Passed    0.02 sec
      Start 1135: gate_f_channel_local_rxbvm
    Test #1209: persistent_worker_executor-rxbvml-sparse-progress .......   Passed    0.01 sec
      Start 1209: persistent_worker_executor-rxbvml-sparse-progress
    Test #1223: persistent_worker_executor-rxtvml-sparse-progress .......   Passed    0.01 sec
      Start 1223: persistent_worker_executor-rxtvml-sparse-progress
    Test #1222: persistent_worker_executor-rxtvml-sparse-owner-stress ...   Passed    0.02 sec
      Start 1222: persistent_worker_executor-rxtvml-sparse-owner-stress
    Test #1208: persistent_worker_executor-rxbvml-sparse-owner-stress ...   Passed    0.02 sec
      Start 1208: persistent_worker_executor-rxbvml-sparse-owner-stress
    Test #1220: persistent_worker_executor-rxtvml-doorbell-stress .......   Passed    0.02 sec
      Start 1220: persistent_worker_executor-rxtvml-doorbell-stress
    Test #1206: persistent_worker_executor-rxbvml-doorbell-stress .......   Passed    0.02 sec
      Start 1206: persistent_worker_executor-rxbvml-doorbell-stress
    Test #1136: gate_f_channel_local_rxtvm ..............................   Passed    0.02 sec
      Start 1136: gate_f_channel_local_rxtvm
    Test #1209: persistent_worker_executor-rxbvml-sparse-progress .......   Passed    0.01 sec
      Start 1209: persistent_worker_executor-rxbvml-sparse-progress
    Test #1135: gate_f_channel_local_rxbvm ..............................   Passed    0.02 sec
      Start 1135: gate_f_channel_local_rxbvm
    Test #1223: persistent_worker_executor-rxtvml-sparse-progress .......   Passed    0.01 sec
      Start 1223: persistent_worker_executor-rxtvml-sparse-progress
    Test #1209: persistent_worker_executor-rxbvml-sparse-progress .......   Passed    0.01 sec
      Start 1209: persistent_worker_executor-rxbvml-sparse-progress
    Test #1223: persistent_worker_executor-rxtvml-sparse-progress .......   Passed    0.01 sec
      Start 1223: persistent_worker_executor-rxtvml-sparse-progress
    Test #1222: persistent_worker_executor-rxtvml-sparse-owner-stress ...   Passed    0.02 sec
      Start 1222: persistent_worker_executor-rxtvml-sparse-owner-stress
    Test #1208: persistent_worker_executor-rxbvml-sparse-owner-stress ...   Passed    0.02 sec
      Start 1208: persistent_worker_executor-rxbvml-sparse-owner-stress
    Test #1220: persistent_worker_executor-rxtvml-doorbell-stress .......   Passed    0.02 sec
      Start 1220: persistent_worker_executor-rxtvml-doorbell-stress
    Test #1206: persistent_worker_executor-rxbvml-doorbell-stress .......   Passed    0.02 sec
      Start 1206: persistent_worker_executor-rxbvml-doorbell-stress
    Test #1136: gate_f_channel_local_rxtvm ..............................   Passed    0.02 sec
      Start 1136: gate_f_channel_local_rxtvm
    Test #1135: gate_f_channel_local_rxbvm ..............................   Passed    0.02 sec
      Start 1135: gate_f_channel_local_rxbvm
    Test #1223: persistent_worker_executor-rxtvml-sparse-progress .......   Passed    0.01 sec
      Start 1223: persistent_worker_executor-rxtvml-sparse-progress
    Test #1209: persistent_worker_executor-rxbvml-sparse-progress .......   Passed    0.01 sec
      Start 1209: persistent_worker_executor-rxbvml-sparse-progress
    Test #1209: persistent_worker_executor-rxbvml-sparse-progress .......   Passed    0.01 sec
      Start 1209: persistent_worker_executor-rxbvml-sparse-progress
    Test #1223: persistent_worker_executor-rxtvml-sparse-progress .......   Passed    0.01 sec
      Start 1223: persistent_worker_executor-rxtvml-sparse-progress
    Test #1222: persistent_worker_executor-rxtvml-sparse-owner-stress ...   Passed    0.02 sec
      Start 1222: persistent_worker_executor-rxtvml-sparse-owner-stress
    Test #1135: gate_f_channel_local_rxbvm ..............................   Passed    0.02 sec
      Start 1135: gate_f_channel_local_rxbvm
    Test #1208: persistent_worker_executor-rxbvml-sparse-owner-stress ...   Passed    0.02 sec
      Start 1208: persistent_worker_executor-rxbvml-sparse-owner-stress
    Test #1206: persistent_worker_executor-rxbvml-doorbell-stress .......   Passed    0.02 sec
      Start 1206: persistent_worker_executor-rxbvml-doorbell-stress
    Test #1220: persistent_worker_executor-rxtvml-doorbell-stress .......   Passed    0.02 sec
      Start 1220: persistent_worker_executor-rxtvml-doorbell-stress
    Test #1136: gate_f_channel_local_rxtvm ..............................   Passed    0.02 sec
      Start 1136: gate_f_channel_local_rxtvm
    Test #1219: persistent_worker_executor-rxtvml .......................   Passed    0.10 sec
      Start 1219: persistent_worker_executor-rxtvml
    Test #1205: persistent_worker_executor-rxbvml .......................   Passed    0.10 sec
      Start 1205: persistent_worker_executor-rxbvml
    Test #1223: persistent_worker_executor-rxtvml-sparse-progress .......   Passed    0.01 sec
      Start 1223: persistent_worker_executor-rxtvml-sparse-progress
    Test #1209: persistent_worker_executor-rxbvml-sparse-progress .......   Passed    0.01 sec
      Start 1209: persistent_worker_executor-rxbvml-sparse-progress
    Test #1223: persistent_worker_executor-rxtvml-sparse-progress .......   Passed    0.01 sec
      Start 1223: persistent_worker_executor-rxtvml-sparse-progress
    Test #1135: gate_f_channel_local_rxbvm ..............................   Passed    0.02 sec
      Start 1135: gate_f_channel_local_rxbvm
    Test #1136: gate_f_channel_local_rxtvm ..............................   Passed    0.02 sec
      Start 1136: gate_f_channel_local_rxtvm
    Test #1209: persistent_worker_executor-rxbvml-sparse-progress .......   Passed    0.01 sec
      Start 1209: persistent_worker_executor-rxbvml-sparse-progress
    Test #1208: persistent_worker_executor-rxbvml-sparse-owner-stress ...   Passed    0.02 sec
      Start 1208: persistent_worker_executor-rxbvml-sparse-owner-stress
    Test #1206: persistent_worker_executor-rxbvml-doorbell-stress .......   Passed    0.02 sec
      Start 1206: persistent_worker_executor-rxbvml-doorbell-stress
    Test #1222: persistent_worker_executor-rxtvml-sparse-owner-stress ...   Passed    0.02 sec
      Start 1222: persistent_worker_executor-rxtvml-sparse-owner-stress
    Test #1220: persistent_worker_executor-rxtvml-doorbell-stress .......   Passed    0.02 sec
      Start 1220: persistent_worker_executor-rxtvml-doorbell-stress
    Test #1209: persistent_worker_executor-rxbvml-sparse-progress .......   Passed    0.01 sec
      Start 1209: persistent_worker_executor-rxbvml-sparse-progress
    Test #1223: persistent_worker_executor-rxtvml-sparse-progress .......   Passed    0.02 sec
      Start 1223: persistent_worker_executor-rxtvml-sparse-progress
    Test #1135: gate_f_channel_local_rxbvm ..............................   Passed    0.02 sec
      Start 1135: gate_f_channel_local_rxbvm
    Test #1136: gate_f_channel_local_rxtvm ..............................   Passed    0.02 sec
      Start 1136: gate_f_channel_local_rxtvm
    Test #1208: persistent_worker_executor-rxbvml-sparse-owner-stress ...   Passed    0.02 sec
      Start 1208: persistent_worker_executor-rxbvml-sparse-owner-stress
    Test #1206: persistent_worker_executor-rxbvml-doorbell-stress .......   Passed    0.02 sec
      Start 1206: persistent_worker_executor-rxbvml-doorbell-stress
    Test #1220: persistent_worker_executor-rxtvml-doorbell-stress .......   Passed    0.02 sec
      Start 1220: persistent_worker_executor-rxtvml-doorbell-stress
    Test #1223: persistent_worker_executor-rxtvml-sparse-progress .......   Passed    0.01 sec
      Start 1223: persistent_worker_executor-rxtvml-sparse-progress
    Test #1222: persistent_worker_executor-rxtvml-sparse-owner-stress ...   Passed    0.02 sec
      Start 1222: persistent_worker_executor-rxtvml-sparse-owner-stress
    Test #1209: persistent_worker_executor-rxbvml-sparse-progress .......   Passed    0.01 sec
      Start 1209: persistent_worker_executor-rxbvml-sparse-progress
    Test #1223: persistent_worker_executor-rxtvml-sparse-progress .......   Passed    0.01 sec
      Start 1223: persistent_worker_executor-rxtvml-sparse-progress
    Test #1209: persistent_worker_executor-rxbvml-sparse-progress .......   Passed    0.01 sec
      Start 1209: persistent_worker_executor-rxbvml-sparse-progress
    Test #1135: gate_f_channel_local_rxbvm ..............................   Passed    0.02 sec
      Start 1135: gate_f_channel_local_rxbvm
    Test #1208: persistent_worker_executor-rxbvml-sparse-owner-stress ...   Passed    0.02 sec
      Start 1208: persistent_worker_executor-rxbvml-sparse-owner-stress
    Test #1206: persistent_worker_executor-rxbvml-doorbell-stress .......   Passed    0.01 sec
      Start 1206: persistent_worker_executor-rxbvml-doorbell-stress
    Test #1222: persistent_worker_executor-rxtvml-sparse-owner-stress ...   Passed    0.01 sec
      Start 1222: persistent_worker_executor-rxtvml-sparse-owner-stress
    Test #1136: gate_f_channel_local_rxtvm ..............................   Passed    0.02 sec
      Start 1136: gate_f_channel_local_rxtvm
    Test #1220: persistent_worker_executor-rxtvml-doorbell-stress .......   Passed    0.02 sec
      Start 1220: persistent_worker_executor-rxtvml-doorbell-stress
    Test #1209: persistent_worker_executor-rxbvml-sparse-progress .......   Passed    0.01 sec
      Start 1209: persistent_worker_executor-rxbvml-sparse-progress
    Test #1223: persistent_worker_executor-rxtvml-sparse-progress .......   Passed    0.01 sec
      Start 1223: persistent_worker_executor-rxtvml-sparse-progress
    Test #1222: persistent_worker_executor-rxtvml-sparse-owner-stress ...   Passed    0.01 sec
      Start 1222: persistent_worker_executor-rxtvml-sparse-owner-stress
    Test #1135: gate_f_channel_local_rxbvm ..............................   Passed    0.02 sec
      Start 1135: gate_f_channel_local_rxbvm
    Test #1208: persistent_worker_executor-rxbvml-sparse-owner-stress ...   Passed    0.02 sec
      Start 1208: persistent_worker_executor-rxbvml-sparse-owner-stress
    Test #1220: persistent_worker_executor-rxtvml-doorbell-stress .......   Passed    0.02 sec
      Start 1220: persistent_worker_executor-rxtvml-doorbell-stress
    Test #1206: persistent_worker_executor-rxbvml-doorbell-stress .......   Passed    0.02 sec
      Start 1206: persistent_worker_executor-rxbvml-doorbell-stress
    Test #1136: gate_f_channel_local_rxtvm ..............................   Passed    0.02 sec
      Start 1136: gate_f_channel_local_rxtvm
    Test #1223: persistent_worker_executor-rxtvml-sparse-progress .......   Passed    0.01 sec
      Start 1223: persistent_worker_executor-rxtvml-sparse-progress
    Test #1209: persistent_worker_executor-rxbvml-sparse-progress .......   Passed    0.01 sec
      Start 1209: persistent_worker_executor-rxbvml-sparse-progress
    Test #1209: persistent_worker_executor-rxbvml-sparse-progress .......   Passed    0.01 sec
      Start 1209: persistent_worker_executor-rxbvml-sparse-progress
    Test #1223: persistent_worker_executor-rxtvml-sparse-progress .......   Passed    0.01 sec
      Start 1223: persistent_worker_executor-rxtvml-sparse-progress
    Test #1208: persistent_worker_executor-rxbvml-sparse-owner-stress ...   Passed    0.02 sec
      Start 1208: persistent_worker_executor-rxbvml-sparse-owner-stress
    Test #1222: persistent_worker_executor-rxtvml-sparse-owner-stress ...   Passed    0.02 sec
      Start 1222: persistent_worker_executor-rxtvml-sparse-owner-stress
    Test #1135: gate_f_channel_local_rxbvm ..............................   Passed    0.02 sec
      Start 1135: gate_f_channel_local_rxbvm
    Test #1220: persistent_worker_executor-rxtvml-doorbell-stress .......   Passed    0.02 sec
      Start 1220: persistent_worker_executor-rxtvml-doorbell-stress
    Test #1206: persistent_worker_executor-rxbvml-doorbell-stress .......   Passed    0.02 sec
      Start 1206: persistent_worker_executor-rxbvml-doorbell-stress
    Test #1136: gate_f_channel_local_rxtvm ..............................   Passed    0.02 sec
      Start 1136: gate_f_channel_local_rxtvm
    Test #1209: persistent_worker_executor-rxbvml-sparse-progress .......   Passed    0.01 sec
      Start 1209: persistent_worker_executor-rxbvml-sparse-progress
    Test #1223: persistent_worker_executor-rxtvml-sparse-progress .......   Passed    0.01 sec
      Start 1223: persistent_worker_executor-rxtvml-sparse-progress
    Test #1205: persistent_worker_executor-rxbvml .......................   Passed    0.09 sec
      Start 1205: persistent_worker_executor-rxbvml
    Test #1209: persistent_worker_executor-rxbvml-sparse-progress .......   Passed    0.01 sec
      Start 1209: persistent_worker_executor-rxbvml-sparse-progress
    Test #1136: gate_f_channel_local_rxtvm ..............................   Passed    0.01 sec
      Start 1136: gate_f_channel_local_rxtvm
    Test #1222: persistent_worker_executor-rxtvml-sparse-owner-stress ...   Passed    0.02 sec
      Start 1222: persistent_worker_executor-rxtvml-sparse-owner-stress
    Test #1208: persistent_worker_executor-rxbvml-sparse-owner-stress ...   Passed    0.02 sec
      Start 1208: persistent_worker_executor-rxbvml-sparse-owner-stress
    Test #1135: gate_f_channel_local_rxbvm ..............................   Passed    0.02 sec
      Start 1135: gate_f_channel_local_rxbvm
    Test #1206: persistent_worker_executor-rxbvml-doorbell-stress .......   Passed    0.02 sec
      Start 1206: persistent_worker_executor-rxbvml-doorbell-stress
    Test #1220: persistent_worker_executor-rxtvml-doorbell-stress .......   Passed    0.02 sec
      Start 1220: persistent_worker_executor-rxtvml-doorbell-stress
    Test #1219: persistent_worker_executor-rxtvml .......................   Passed    0.10 sec
      Start 1219: persistent_worker_executor-rxtvml
    Test #1223: persistent_worker_executor-rxtvml-sparse-progress .......   Passed    0.01 sec
      Start 1223: persistent_worker_executor-rxtvml-sparse-progress
    Test #1209: persistent_worker_executor-rxbvml-sparse-progress .......   Passed    0.01 sec
      Start 1209: persistent_worker_executor-rxbvml-sparse-progress
    Test #1208: persistent_worker_executor-rxbvml-sparse-owner-stress ...   Passed    0.01 sec
      Start 1208: persistent_worker_executor-rxbvml-sparse-owner-stress
    Test #1222: persistent_worker_executor-rxtvml-sparse-owner-stress ...   Passed    0.02 sec
      Start 1222: persistent_worker_executor-rxtvml-sparse-owner-stress
    Test #1223: persistent_worker_executor-rxtvml-sparse-progress .......   Passed    0.01 sec
      Start 1223: persistent_worker_executor-rxtvml-sparse-progress
    Test #1209: persistent_worker_executor-rxbvml-sparse-progress .......   Passed    0.01 sec
      Start 1209: persistent_worker_executor-rxbvml-sparse-progress
    Test #1206: persistent_worker_executor-rxbvml-doorbell-stress .......   Passed    0.02 sec
      Start 1206: persistent_worker_executor-rxbvml-doorbell-stress
    Test #1220: persistent_worker_executor-rxtvml-doorbell-stress .......   Passed    0.02 sec
      Start 1220: persistent_worker_executor-rxtvml-doorbell-stress
    Test #1136: gate_f_channel_local_rxtvm ..............................   Passed    0.02 sec
      Start 1136: gate_f_channel_local_rxtvm
    Test #1135: gate_f_channel_local_rxbvm ..............................   Passed    0.02 sec
      Start 1135: gate_f_channel_local_rxbvm
    Test #1223: persistent_worker_executor-rxtvml-sparse-progress .......   Passed    0.01 sec
      Start 1223: persistent_worker_executor-rxtvml-sparse-progress
    Test #1209: persistent_worker_executor-rxbvml-sparse-progress .......   Passed    0.01 sec
      Start 1209: persistent_worker_executor-rxbvml-sparse-progress
    Test #1208: persistent_worker_executor-rxbvml-sparse-owner-stress ...   Passed    0.02 sec
      Start 1208: persistent_worker_executor-rxbvml-sparse-owner-stress
    Test #1223: persistent_worker_executor-rxtvml-sparse-progress .......   Passed    0.01 sec
      Start 1223: persistent_worker_executor-rxtvml-sparse-progress
    Test #1222: persistent_worker_executor-rxtvml-sparse-owner-stress ...   Passed    0.02 sec
      Start 1222: persistent_worker_executor-rxtvml-sparse-owner-stress
    Test #1135: gate_f_channel_local_rxbvm ..............................   Passed    0.02 sec
      Start 1135: gate_f_channel_local_rxbvm
    Test #1206: persistent_worker_executor-rxbvml-doorbell-stress .......   Passed    0.02 sec
      Start 1206: persistent_worker_executor-rxbvml-doorbell-stress
    Test #1220: persistent_worker_executor-rxtvml-doorbell-stress .......   Passed    0.02 sec
      Start 1220: persistent_worker_executor-rxtvml-doorbell-stress
    Test #1136: gate_f_channel_local_rxtvm ..............................   Passed    0.02 sec
      Start 1136: gate_f_channel_local_rxtvm
    Test #1209: persistent_worker_executor-rxbvml-sparse-progress .......   Passed    0.01 sec
      Start 1209: persistent_worker_executor-rxbvml-sparse-progress
    Test #1223: persistent_worker_executor-rxtvml-sparse-progress .......   Passed    0.01 sec
      Start 1223: persistent_worker_executor-rxtvml-sparse-progress
    Test #1209: persistent_worker_executor-rxbvml-sparse-progress .......   Passed    0.01 sec
      Start 1209: persistent_worker_executor-rxbvml-sparse-progress
    Test #1222: persistent_worker_executor-rxtvml-sparse-owner-stress ...   Passed    0.02 sec
      Start 1222: persistent_worker_executor-rxtvml-sparse-owner-stress
    Test #1208: persistent_worker_executor-rxbvml-sparse-owner-stress ...   Passed    0.02 sec
      Start 1208: persistent_worker_executor-rxbvml-sparse-owner-stress
    Test #1135: gate_f_channel_local_rxbvm ..............................   Passed    0.02 sec
      Start 1135: gate_f_channel_local_rxbvm
    Test #1206: persistent_worker_executor-rxbvml-doorbell-stress .......   Passed    0.02 sec
      Start 1206: persistent_worker_executor-rxbvml-doorbell-stress
    Test #1136: gate_f_channel_local_rxtvm ..............................   Passed    0.02 sec
      Start 1136: gate_f_channel_local_rxtvm
    Test #1220: persistent_worker_executor-rxtvml-doorbell-stress .......   Passed    0.02 sec
      Start 1220: persistent_worker_executor-rxtvml-doorbell-stress
    Test #1223: persistent_worker_executor-rxtvml-sparse-progress .......   Passed    0.01 sec
      Start 1223: persistent_worker_executor-rxtvml-sparse-progress
    Test #1209: persistent_worker_executor-rxbvml-sparse-progress .......   Passed    0.01 sec
      Start 1209: persistent_worker_executor-rxbvml-sparse-progress
    Test #1223: persistent_worker_executor-rxtvml-sparse-progress .......   Passed    0.01 sec
      Start 1223: persistent_worker_executor-rxtvml-sparse-progress
    Test #1222: persistent_worker_executor-rxtvml-sparse-owner-stress ...   Passed    0.02 sec
      Start 1222: persistent_worker_executor-rxtvml-sparse-owner-stress
    Test #1208: persistent_worker_executor-rxbvml-sparse-owner-stress ...   Passed    0.02 sec
      Start 1208: persistent_worker_executor-rxbvml-sparse-owner-stress
    Test #1206: persistent_worker_executor-rxbvml-doorbell-stress .......   Passed    0.02 sec
      Start 1206: persistent_worker_executor-rxbvml-doorbell-stress
    Test #1136: gate_f_channel_local_rxtvm ..............................   Passed    0.02 sec
      Start 1136: gate_f_channel_local_rxtvm
    Test #1220: persistent_worker_executor-rxtvml-doorbell-stress .......   Passed    0.02 sec
      Start 1220: persistent_worker_executor-rxtvml-doorbell-stress
    Test #1135: gate_f_channel_local_rxbvm ..............................   Passed    0.02 sec
      Start 1135: gate_f_channel_local_rxbvm
    Test #1209: persistent_worker_executor-rxbvml-sparse-progress .......   Passed    0.01 sec
      Start 1209: persistent_worker_executor-rxbvml-sparse-progress
    Test #1223: persistent_worker_executor-rxtvml-sparse-progress .......   Passed    0.01 sec
      Start 1223: persistent_worker_executor-rxtvml-sparse-progress
    Test #1222: persistent_worker_executor-rxtvml-sparse-owner-stress ...   Passed    0.01 sec
      Start 1222: persistent_worker_executor-rxtvml-sparse-owner-stress
    Test #1208: persistent_worker_executor-rxbvml-sparse-owner-stress ...   Passed    0.01 sec
      Start 1208: persistent_worker_executor-rxbvml-sparse-owner-stress
    Test #1206: persistent_worker_executor-rxbvml-doorbell-stress .......   Passed    0.02 sec
      Start 1206: persistent_worker_executor-rxbvml-doorbell-stress
    Test #1209: persistent_worker_executor-rxbvml-sparse-progress .......   Passed    0.01 sec
      Start 1209: persistent_worker_executor-rxbvml-sparse-progress
    Test #1223: persistent_worker_executor-rxtvml-sparse-progress .......   Passed    0.01 sec
      Start 1223: persistent_worker_executor-rxtvml-sparse-progress
    Test #1136: gate_f_channel_local_rxtvm ..............................   Passed    0.02 sec
      Start 1136: gate_f_channel_local_rxtvm
    Test #1135: gate_f_channel_local_rxbvm ..............................   Passed    0.01 sec
      Start 1135: gate_f_channel_local_rxbvm
    Test #1220: persistent_worker_executor-rxtvml-doorbell-stress .......   Passed    0.02 sec
      Start 1220: persistent_worker_executor-rxtvml-doorbell-stress
    Test #1205: persistent_worker_executor-rxbvml .......................   Passed    0.09 sec
      Start 1205: persistent_worker_executor-rxbvml
    Test #1223: persistent_worker_executor-rxtvml-sparse-progress .......   Passed    0.01 sec
      Start 1223: persistent_worker_executor-rxtvml-sparse-progress
    Test #1209: persistent_worker_executor-rxbvml-sparse-progress .......   Passed    0.01 sec
      Start 1209: persistent_worker_executor-rxbvml-sparse-progress
    Test #1136: gate_f_channel_local_rxtvm ..............................   Passed    0.02 sec
      Start 1136: gate_f_channel_local_rxtvm
    Test #1208: persistent_worker_executor-rxbvml-sparse-owner-stress ...   Passed    0.02 sec
      Start 1208: persistent_worker_executor-rxbvml-sparse-owner-stress
    Test #1206: persistent_worker_executor-rxbvml-doorbell-stress .......   Passed    0.02 sec
      Start 1206: persistent_worker_executor-rxbvml-doorbell-stress
    Test #1219: persistent_worker_executor-rxtvml .......................   Passed    0.10 sec
      Start 1219: persistent_worker_executor-rxtvml
    Test #1222: persistent_worker_executor-rxtvml-sparse-owner-stress ...   Passed    0.02 sec
      Start 1222: persistent_worker_executor-rxtvml-sparse-owner-stress
    Test #1135: gate_f_channel_local_rxbvm ..............................   Passed    0.02 sec
      Start 1135: gate_f_channel_local_rxbvm
    Test #1209: persistent_worker_executor-rxbvml-sparse-progress .......   Passed    0.01 sec
      Start 1209: persistent_worker_executor-rxbvml-sparse-progress
    Test #1220: persistent_worker_executor-rxtvml-doorbell-stress .......   Passed    0.02 sec
      Start 1220: persistent_worker_executor-rxtvml-doorbell-stress
    Test #1223: persistent_worker_executor-rxtvml-sparse-progress .......   Passed    0.01 sec
      Start 1223: persistent_worker_executor-rxtvml-sparse-progress
    Test #1209: persistent_worker_executor-rxbvml-sparse-progress .......   Passed    0.01 sec
      Start 1209: persistent_worker_executor-rxbvml-sparse-progress
    Test #1223: persistent_worker_executor-rxtvml-sparse-progress .......   Passed    0.01 sec
      Start 1223: persistent_worker_executor-rxtvml-sparse-progress
    Test #1136: gate_f_channel_local_rxtvm ..............................   Passed    0.02 sec
      Start 1136: gate_f_channel_local_rxtvm
    Test #1208: persistent_worker_executor-rxbvml-sparse-owner-stress ...   Passed    0.02 sec
      Start 1208: persistent_worker_executor-rxbvml-sparse-owner-stress
    Test #1222: persistent_worker_executor-rxtvml-sparse-owner-stress ...   Passed    0.02 sec
      Start 1222: persistent_worker_executor-rxtvml-sparse-owner-stress
    Test #1206: persistent_worker_executor-rxbvml-doorbell-stress .......   Passed    0.02 sec
      Start 1206: persistent_worker_executor-rxbvml-doorbell-stress
    Test #1209: persistent_worker_executor-rxbvml-sparse-progress .......   Passed    0.01 sec
      Start 1209: persistent_worker_executor-rxbvml-sparse-progress
    Test #1135: gate_f_channel_local_rxbvm ..............................   Passed    0.02 sec
      Start 1135: gate_f_channel_local_rxbvm
    Test #1220: persistent_worker_executor-rxtvml-doorbell-stress .......   Passed    0.02 sec
      Start 1220: persistent_worker_executor-rxtvml-doorbell-stress
    Test #1223: persistent_worker_executor-rxtvml-sparse-progress .......   Passed    0.01 sec
      Start 1223: persistent_worker_executor-rxtvml-sparse-progress
    Test #1209: persistent_worker_executor-rxbvml-sparse-progress .......   Passed    0.01 sec
      Start 1209: persistent_worker_executor-rxbvml-sparse-progress
    Test #1208: persistent_worker_executor-rxbvml-sparse-owner-stress ...   Passed    0.02 sec
      Start 1208: persistent_worker_executor-rxbvml-sparse-owner-stress
    Test #1222: persistent_worker_executor-rxtvml-sparse-owner-stress ...   Passed    0.02 sec
      Start 1222: persistent_worker_executor-rxtvml-sparse-owner-stress
    Test #1223: persistent_worker_executor-rxtvml-sparse-progress .......   Passed    0.01 sec
      Start 1223: persistent_worker_executor-rxtvml-sparse-progress
    Test #1136: gate_f_channel_local_rxtvm ..............................   Passed    0.02 sec
      Start 1136: gate_f_channel_local_rxtvm
    Test #1206: persistent_worker_executor-rxbvml-doorbell-stress .......   Passed    0.02 sec
      Start 1206: persistent_worker_executor-rxbvml-doorbell-stress
    Test #1135: gate_f_channel_local_rxbvm ..............................   Passed    0.02 sec
      Start 1135: gate_f_channel_local_rxbvm
    Test #1220: persistent_worker_executor-rxtvml-doorbell-stress .......   Passed    0.02 sec
      Start 1220: persistent_worker_executor-rxtvml-doorbell-stress
    Test #1209: persistent_worker_executor-rxbvml-sparse-progress .......   Passed    0.01 sec
      Start 1209: persistent_worker_executor-rxbvml-sparse-progress
    Test #1223: persistent_worker_executor-rxtvml-sparse-progress .......   Passed    0.01 sec
      Start 1223: persistent_worker_executor-rxtvml-sparse-progress
    Test #1209: persistent_worker_executor-rxbvml-sparse-progress .......   Passed    0.01 sec
      Start 1209: persistent_worker_executor-rxbvml-sparse-progress
    Test #1208: persistent_worker_executor-rxbvml-sparse-owner-stress ...   Passed    0.02 sec
      Start 1208: persistent_worker_executor-rxbvml-sparse-owner-stress
    Test #1206: persistent_worker_executor-rxbvml-doorbell-stress .......   Passed    0.01 sec
      Start 1206: persistent_worker_executor-rxbvml-doorbell-stress
    Test #1222: persistent_worker_executor-rxtvml-sparse-owner-stress ...   Passed    0.02 sec
      Start 1222: persistent_worker_executor-rxtvml-sparse-owner-stress
    Test #1223: persistent_worker_executor-rxtvml-sparse-progress .......   Passed    0.01 sec
      Start 1223: persistent_worker_executor-rxtvml-sparse-progress
    Test #1136: gate_f_channel_local_rxtvm ..............................   Passed    0.02 sec
      Start 1136: gate_f_channel_local_rxtvm
    Test #1135: gate_f_channel_local_rxbvm ..............................   Passed    0.02 sec
      Start 1135: gate_f_channel_local_rxbvm
    Test #1209: persistent_worker_executor-rxbvml-sparse-progress .......   Passed    0.01 sec
      Start 1209: persistent_worker_executor-rxbvml-sparse-progress
    Test #1223: persistent_worker_executor-rxtvml-sparse-progress .......   Passed    0.01 sec
      Start 1223: persistent_worker_executor-rxtvml-sparse-progress
    Test #1220: persistent_worker_executor-rxtvml-doorbell-stress .......   Passed    0.02 sec
      Start 1220: persistent_worker_executor-rxtvml-doorbell-stress
    Test #1208: persistent_worker_executor-rxbvml-sparse-owner-stress ...   Passed    0.02 sec
      Start 1208: persistent_worker_executor-rxbvml-sparse-owner-stress
    Test #1206: persistent_worker_executor-rxbvml-doorbell-stress .......   Passed    0.02 sec
      Start 1206: persistent_worker_executor-rxbvml-doorbell-stress
    Test #1222: persistent_worker_executor-rxtvml-sparse-owner-stress ...   Passed    0.02 sec
      Start 1222: persistent_worker_executor-rxtvml-sparse-owner-stress
    Test #1136: gate_f_channel_local_rxtvm ..............................   Passed    0.02 sec
      Start 1136: gate_f_channel_local_rxtvm
    Test #1209: persistent_worker_executor-rxbvml-sparse-progress .......   Passed    0.01 sec
      Start 1209: persistent_worker_executor-rxbvml-sparse-progress
    Test #1223: persistent_worker_executor-rxtvml-sparse-progress .......   Passed    0.01 sec
      Start 1223: persistent_worker_executor-rxtvml-sparse-progress
    Test #1135: gate_f_channel_local_rxbvm ..............................   Passed    0.02 sec
      Start 1135: gate_f_channel_local_rxbvm
    Test #1209: persistent_worker_executor-rxbvml-sparse-progress .......   Passed    0.01 sec
      Start 1209: persistent_worker_executor-rxbvml-sparse-progress
    Test #1223: persistent_worker_executor-rxtvml-sparse-progress .......   Passed    0.01 sec
      Start 1223: persistent_worker_executor-rxtvml-sparse-progress
    Test #1220: persistent_worker_executor-rxtvml-doorbell-stress .......   Passed    0.02 sec
      Start 1220: persistent_worker_executor-rxtvml-doorbell-stress
    Test #1222: persistent_worker_executor-rxtvml-sparse-owner-stress ...   Passed    0.02 sec
      Start 1222: persistent_worker_executor-rxtvml-sparse-owner-stress
    Test #1208: persistent_worker_executor-rxbvml-sparse-owner-stress ...   Passed    0.02 sec
      Start 1208: persistent_worker_executor-rxbvml-sparse-owner-stress
    Test #1136: gate_f_channel_local_rxtvm ..............................   Passed    0.02 sec
      Start 1136: gate_f_channel_local_rxtvm
    Test #1206: persistent_worker_executor-rxbvml-doorbell-stress .......   Passed    0.02 sec
      Start 1206: persistent_worker_executor-rxbvml-doorbell-stress
    Test #1205: persistent_worker_executor-rxbvml .......................   Passed    0.10 sec
      Start 1205: persistent_worker_executor-rxbvml
    Test #1209: persistent_worker_executor-rxbvml-sparse-progress .......   Passed    0.01 sec
      Start 1209: persistent_worker_executor-rxbvml-sparse-progress
    Test #1135: gate_f_channel_local_rxbvm ..............................   Passed    0.02 sec
      Start 1135: gate_f_channel_local_rxbvm
    Test #1223: persistent_worker_executor-rxtvml-sparse-progress .......   Passed    0.01 sec
      Start 1223: persistent_worker_executor-rxtvml-sparse-progress
    Test #1209: persistent_worker_executor-rxbvml-sparse-progress .......   Passed    0.01 sec
      Start 1209: persistent_worker_executor-rxbvml-sparse-progress
    Test #1223: persistent_worker_executor-rxtvml-sparse-progress .......   Passed    0.01 sec
      Start 1223: persistent_worker_executor-rxtvml-sparse-progress
    Test #1222: persistent_worker_executor-rxtvml-sparse-owner-stress ...   Passed    0.02 sec
      Start 1222: persistent_worker_executor-rxtvml-sparse-owner-stress
    Test #1136: gate_f_channel_local_rxtvm ..............................   Passed    0.02 sec
      Start 1136: gate_f_channel_local_rxtvm
    Test #1220: persistent_worker_executor-rxtvml-doorbell-stress .......   Passed    0.02 sec
      Start 1220: persistent_worker_executor-rxtvml-doorbell-stress
    Test #1206: persistent_worker_executor-rxbvml-doorbell-stress .......   Passed    0.02 sec
      Start 1206: persistent_worker_executor-rxbvml-doorbell-stress
    Test #1209: persistent_worker_executor-rxbvml-sparse-progress .......   Passed    0.01 sec
      Start 1209: persistent_worker_executor-rxbvml-sparse-progress
    Test #1208: persistent_worker_executor-rxbvml-sparse-owner-stress ...   Passed    0.02 sec
      Start 1208: persistent_worker_executor-rxbvml-sparse-owner-stress
    Test #1223: persistent_worker_executor-rxtvml-sparse-progress .......   Passed    0.01 sec
      Start 1223: persistent_worker_executor-rxtvml-sparse-progress
    Test #1219: persistent_worker_executor-rxtvml .......................   Passed    0.11 sec
      Start 1219: persistent_worker_executor-rxtvml
    Test #1135: gate_f_channel_local_rxbvm ..............................   Passed    0.02 sec
      Start 1135: gate_f_channel_local_rxbvm
    Test #1209: persistent_worker_executor-rxbvml-sparse-progress .......   Passed    0.01 sec
      Start 1209: persistent_worker_executor-rxbvml-sparse-progress
    Test #1136: gate_f_channel_local_rxtvm ..............................   Passed    0.01 sec
      Start 1136: gate_f_channel_local_rxtvm
    Test #1222: persistent_worker_executor-rxtvml-sparse-owner-stress ...   Passed    0.02 sec
      Start 1222: persistent_worker_executor-rxtvml-sparse-owner-stress
    Test #1206: persistent_worker_executor-rxbvml-doorbell-stress .......   Passed    0.02 sec
      Start 1206: persistent_worker_executor-rxbvml-doorbell-stress
    Test #1220: persistent_worker_executor-rxtvml-doorbell-stress .......   Passed    0.02 sec
      Start 1220: persistent_worker_executor-rxtvml-doorbell-stress
    Test #1223: persistent_worker_executor-rxtvml-sparse-progress .......   Passed    0.01 sec
      Start 1223: persistent_worker_executor-rxtvml-sparse-progress
    Test #1209: persistent_worker_executor-rxbvml-sparse-progress .......   Passed    0.01 sec
      Start 1209: persistent_worker_executor-rxbvml-sparse-progress
    Test #1135: gate_f_channel_local_rxbvm ..............................   Passed    0.02 sec
      Start 1135: gate_f_channel_local_rxbvm
    Test #1208: persistent_worker_executor-rxbvml-sparse-owner-stress ...   Passed    0.02 sec
      Start 1208: persistent_worker_executor-rxbvml-sparse-owner-stress
    Test #1223: persistent_worker_executor-rxtvml-sparse-progress .......   Passed    0.01 sec
      Start 1223: persistent_worker_executor-rxtvml-sparse-progress
    Test #1209: persistent_worker_executor-rxbvml-sparse-progress .......   Passed    0.01 sec
      Start 1209: persistent_worker_executor-rxbvml-sparse-progress
    Test #1136: gate_f_channel_local_rxtvm ..............................   Passed    0.02 sec
      Start 1136: gate_f_channel_local_rxtvm
    Test #1222: persistent_worker_executor-rxtvml-sparse-owner-stress ...   Passed    0.02 sec
      Start 1222: persistent_worker_executor-rxtvml-sparse-owner-stress
    Test #1206: persistent_worker_executor-rxbvml-doorbell-stress .......   Passed    0.02 sec
      Start 1206: persistent_worker_executor-rxbvml-doorbell-stress
    Test #1223: persistent_worker_executor-rxtvml-sparse-progress .......   Passed    0.01 sec
      Start 1223: persistent_worker_executor-rxtvml-sparse-progress
    Test #1220: persistent_worker_executor-rxtvml-doorbell-stress .......   Passed    0.02 sec
      Start 1220: persistent_worker_executor-rxtvml-doorbell-stress
    Test #1209: persistent_worker_executor-rxbvml-sparse-progress .......   Passed    0.01 sec
      Start 1209: persistent_worker_executor-rxbvml-sparse-progress
    Test #1135: gate_f_channel_local_rxbvm ..............................   Passed    0.02 sec
      Start 1135: gate_f_channel_local_rxbvm
    Test #1223: persistent_worker_executor-rxtvml-sparse-progress .......   Passed    0.01 sec
      Start 1223: persistent_worker_executor-rxtvml-sparse-progress
    Test #1208: persistent_worker_executor-rxbvml-sparse-owner-stress ...   Passed    0.02 sec
      Start 1208: persistent_worker_executor-rxbvml-sparse-owner-stress
    Test #1136: gate_f_channel_local_rxtvm ..............................   Passed    0.02 sec
      Start 1136: gate_f_channel_local_rxtvm
    Test #1222: persistent_worker_executor-rxtvml-sparse-owner-stress ...   Passed    0.01 sec
      Start 1222: persistent_worker_executor-rxtvml-sparse-owner-stress
    Test #1209: persistent_worker_executor-rxbvml-sparse-progress .......   Passed    0.01 sec
      Start 1209: persistent_worker_executor-rxbvml-sparse-progress
    Test #1206: persistent_worker_executor-rxbvml-doorbell-stress .......   Passed    0.02 sec
      Start 1206: persistent_worker_executor-rxbvml-doorbell-stress
    Test #1220: persistent_worker_executor-rxtvml-doorbell-stress .......   Passed    0.02 sec
      Start 1220: persistent_worker_executor-rxtvml-doorbell-stress
    Test #1223: persistent_worker_executor-rxtvml-sparse-progress .......   Passed    0.01 sec
      Start 1223: persistent_worker_executor-rxtvml-sparse-progress
    Test #1209: persistent_worker_executor-rxbvml-sparse-progress .......   Passed    0.01 sec
      Start 1209: persistent_worker_executor-rxbvml-sparse-progress
    Test #1135: gate_f_channel_local_rxbvm ..............................   Passed    0.02 sec
      Start 1135: gate_f_channel_local_rxbvm
    Test #1136: gate_f_channel_local_rxtvm ..............................   Passed    0.02 sec
      Start 1136: gate_f_channel_local_rxtvm
    Test #1208: persistent_worker_executor-rxbvml-sparse-owner-stress ...   Passed    0.02 sec
      Start 1208: persistent_worker_executor-rxbvml-sparse-owner-stress
    Test #1223: persistent_worker_executor-rxtvml-sparse-progress .......   Passed    0.01 sec
      Start 1223: persistent_worker_executor-rxtvml-sparse-progress
    Test #1222: persistent_worker_executor-rxtvml-sparse-owner-stress ...   Passed    0.02 sec
      Start 1222: persistent_worker_executor-rxtvml-sparse-owner-stress
    Test #1209: persistent_worker_executor-rxbvml-sparse-progress .......   Passed    0.01 sec
      Start 1209: persistent_worker_executor-rxbvml-sparse-progress
    Test #1206: persistent_worker_executor-rxbvml-doorbell-stress .......   Passed    0.02 sec
      Start 1206: persistent_worker_executor-rxbvml-doorbell-stress
    Test #1220: persistent_worker_executor-rxtvml-doorbell-stress .......   Passed    0.02 sec
      Start 1220: persistent_worker_executor-rxtvml-doorbell-stress
    Test #1223: persistent_worker_executor-rxtvml-sparse-progress .......   Passed    0.01 sec
      Start 1223: persistent_worker_executor-rxtvml-sparse-progress
    Test #1135: gate_f_channel_local_rxbvm ..............................   Passed    0.02 sec
      Start 1135: gate_f_channel_local_rxbvm
    Test #1208: persistent_worker_executor-rxbvml-sparse-owner-stress ...   Passed    0.01 sec
      Start 1208: persistent_worker_executor-rxbvml-sparse-owner-stress
    Test #1222: persistent_worker_executor-rxtvml-sparse-owner-stress ...   Passed    0.01 sec
      Start 1222: persistent_worker_executor-rxtvml-sparse-owner-stress
    Test #1209: persistent_worker_executor-rxbvml-sparse-progress .......   Passed    0.01 sec
      Start 1209: persistent_worker_executor-rxbvml-sparse-progress
    Test #1136: gate_f_channel_local_rxtvm ..............................   Passed    0.02 sec
      Start 1136: gate_f_channel_local_rxtvm
    Test #1223: persistent_worker_executor-rxtvml-sparse-progress .......   Passed    0.01 sec
      Start 1223: persistent_worker_executor-rxtvml-sparse-progress
    Test #1205: persistent_worker_executor-rxbvml .......................   Passed    0.11 sec
      Start 1205: persistent_worker_executor-rxbvml
    Test #1206: persistent_worker_executor-rxbvml-doorbell-stress .......   Passed    0.02 sec
      Start 1206: persistent_worker_executor-rxbvml-doorbell-stress
    Test #1209: persistent_worker_executor-rxbvml-sparse-progress .......   Passed    0.01 sec
      Start 1209: persistent_worker_executor-rxbvml-sparse-progress
    Test #1220: persistent_worker_executor-rxtvml-doorbell-stress .......   Passed    0.02 sec
      Start 1220: persistent_worker_executor-rxtvml-doorbell-stress
    Test #1135: gate_f_channel_local_rxbvm ..............................   Passed    0.02 sec
      Start 1135: gate_f_channel_local_rxbvm
    Test #1208: persistent_worker_executor-rxbvml-sparse-owner-stress ...   Passed    0.02 sec
      Start 1208: persistent_worker_executor-rxbvml-sparse-owner-stress
    Test #1223: persistent_worker_executor-rxtvml-sparse-progress .......   Passed    0.01 sec
      Start 1223: persistent_worker_executor-rxtvml-sparse-progress
    Test #1222: persistent_worker_executor-rxtvml-sparse-owner-stress ...   Passed    0.02 sec
      Start 1222: persistent_worker_executor-rxtvml-sparse-owner-stress
    Test #1136: gate_f_channel_local_rxtvm ..............................   Passed    0.02 sec
      Start 1136: gate_f_channel_local_rxtvm
    Test #1209: persistent_worker_executor-rxbvml-sparse-progress .......   Passed    0.01 sec
      Start 1209: persistent_worker_executor-rxbvml-sparse-progress
    Test #1219: persistent_worker_executor-rxtvml .......................   Passed    0.10 sec
      Start 1219: persistent_worker_executor-rxtvml
    Test #1206: persistent_worker_executor-rxbvml-doorbell-stress .......   Passed    0.02 sec
      Start 1206: persistent_worker_executor-rxbvml-doorbell-stress
    Test #1223: persistent_worker_executor-rxtvml-sparse-progress .......   Passed    0.01 sec
      Start 1223: persistent_worker_executor-rxtvml-sparse-progress
    Test #1208: persistent_worker_executor-rxbvml-sparse-owner-stress ...   Passed    0.02 sec
      Start 1208: persistent_worker_executor-rxbvml-sparse-owner-stress
    Test #1220: persistent_worker_executor-rxtvml-doorbell-stress .......   Passed    0.02 sec
      Start 1220: persistent_worker_executor-rxtvml-doorbell-stress
    Test #1222: persistent_worker_executor-rxtvml-sparse-owner-stress ...   Passed    0.01 sec
      Start 1222: persistent_worker_executor-rxtvml-sparse-owner-stress
    Test #1209: persistent_worker_executor-rxbvml-sparse-progress .......   Passed    0.01 sec
      Start 1209: persistent_worker_executor-rxbvml-sparse-progress
    Test #1135: gate_f_channel_local_rxbvm ..............................   Passed    0.02 sec
      Start 1135: gate_f_channel_local_rxbvm
    Test #1136: gate_f_channel_local_rxtvm ..............................   Passed    0.01 sec
      Start 1136: gate_f_channel_local_rxtvm
    Test #1223: persistent_worker_executor-rxtvml-sparse-progress .......   Passed    0.01 sec
      Start 1223: persistent_worker_executor-rxtvml-sparse-progress
    Test #1209: persistent_worker_executor-rxbvml-sparse-progress .......   Passed    0.01 sec
      Start 1209: persistent_worker_executor-rxbvml-sparse-progress
    Test #1223: persistent_worker_executor-rxtvml-sparse-progress .......   Passed    0.01 sec
      Start 1223: persistent_worker_executor-rxtvml-sparse-progress
    Test #1206: persistent_worker_executor-rxbvml-doorbell-stress .......   Passed    0.02 sec
      Start 1206: persistent_worker_executor-rxbvml-doorbell-stress
    Test #1220: persistent_worker_executor-rxtvml-doorbell-stress .......   Passed    0.02 sec
      Start 1220: persistent_worker_executor-rxtvml-doorbell-stress
    Test #1222: persistent_worker_executor-rxtvml-sparse-owner-stress ...   Passed    0.02 sec
      Start 1222: persistent_worker_executor-rxtvml-sparse-owner-stress
    Test #1208: persistent_worker_executor-rxbvml-sparse-owner-stress ...   Passed    0.02 sec
      Start 1208: persistent_worker_executor-rxbvml-sparse-owner-stress
    Test #1135: gate_f_channel_local_rxbvm ..............................   Passed    0.02 sec
      Start 1135: gate_f_channel_local_rxbvm
    Test #1136: gate_f_channel_local_rxtvm ..............................   Passed    0.02 sec
      Start 1136: gate_f_channel_local_rxtvm
    Test #1209: persistent_worker_executor-rxbvml-sparse-progress .......   Passed    0.01 sec
      Start 1209: persistent_worker_executor-rxbvml-sparse-progress
    Test #1223: persistent_worker_executor-rxtvml-sparse-progress .......   Passed    0.01 sec
      Start 1223: persistent_worker_executor-rxtvml-sparse-progress
    Test #1220: persistent_worker_executor-rxtvml-doorbell-stress .......   Passed    0.01 sec
      Start 1220: persistent_worker_executor-rxtvml-doorbell-stress
    Test #1206: persistent_worker_executor-rxbvml-doorbell-stress .......   Passed    0.02 sec
      Start 1206: persistent_worker_executor-rxbvml-doorbell-stress
    Test #1222: persistent_worker_executor-rxtvml-sparse-owner-stress ...   Passed    0.02 sec
      Start 1222: persistent_worker_executor-rxtvml-sparse-owner-stress
    Test #1209: persistent_worker_executor-rxbvml-sparse-progress .......   Passed    0.01 sec
      Start 1209: persistent_worker_executor-rxbvml-sparse-progress
    Test #1208: persistent_worker_executor-rxbvml-sparse-owner-stress ...   Passed    0.02 sec
      Start 1208: persistent_worker_executor-rxbvml-sparse-owner-stress
    Test #1223: persistent_worker_executor-rxtvml-sparse-progress .......   Passed    0.01 sec
      Start 1223: persistent_worker_executor-rxtvml-sparse-progress
    Test #1135: gate_f_channel_local_rxbvm ..............................   Passed    0.02 sec
      Start 1135: gate_f_channel_local_rxbvm
    Test #1136: gate_f_channel_local_rxtvm ..............................   Passed    0.02 sec
      Start 1136: gate_f_channel_local_rxtvm
    Test #1209: persistent_worker_executor-rxbvml-sparse-progress .......   Passed    0.01 sec
      Start 1209: persistent_worker_executor-rxbvml-sparse-progress
    Test #1223: persistent_worker_executor-rxtvml-sparse-progress .......   Passed    0.01 sec
      Start 1223: persistent_worker_executor-rxtvml-sparse-progress
    Test #1220: persistent_worker_executor-rxtvml-doorbell-stress .......   Passed    0.02 sec
      Start 1220: persistent_worker_executor-rxtvml-doorbell-stress
    Test #1206: persistent_worker_executor-rxbvml-doorbell-stress .......   Passed    0.02 sec
      Start 1206: persistent_worker_executor-rxbvml-doorbell-stress
    Test #1222: persistent_worker_executor-rxtvml-sparse-owner-stress ...   Passed    0.02 sec
      Start 1222: persistent_worker_executor-rxtvml-sparse-owner-stress
    Test #1136: gate_f_channel_local_rxtvm ..............................   Passed    0.02 sec
      Start 1136: gate_f_channel_local_rxtvm
    Test #1208: persistent_worker_executor-rxbvml-sparse-owner-stress ...   Passed    0.02 sec
      Start 1208: persistent_worker_executor-rxbvml-sparse-owner-stress
    Test #1135: gate_f_channel_local_rxbvm ..............................   Passed    0.02 sec
      Start 1135: gate_f_channel_local_rxbvm
    Test #1209: persistent_worker_executor-rxbvml-sparse-progress .......   Passed    0.01 sec
      Start 1209: persistent_worker_executor-rxbvml-sparse-progress
    Test #1223: persistent_worker_executor-rxtvml-sparse-progress .......   Passed    0.01 sec
      Start 1223: persistent_worker_executor-rxtvml-sparse-progress
    Test #1223: persistent_worker_executor-rxtvml-sparse-progress .......   Passed    0.01 sec
      Start 1223: persistent_worker_executor-rxtvml-sparse-progress
    Test #1222: persistent_worker_executor-rxtvml-sparse-owner-stress ...   Passed    0.02 sec
      Start 1222: persistent_worker_executor-rxtvml-sparse-owner-stress
    Test #1209: persistent_worker_executor-rxbvml-sparse-progress .......   Passed    0.01 sec
      Start 1209: persistent_worker_executor-rxbvml-sparse-progress
    Test #1220: persistent_worker_executor-rxtvml-doorbell-stress .......   Passed    0.02 sec
      Start 1220: persistent_worker_executor-rxtvml-doorbell-stress
    Test #1136: gate_f_channel_local_rxtvm ..............................   Passed    0.02 sec
      Start 1136: gate_f_channel_local_rxtvm
    Test #1208: persistent_worker_executor-rxbvml-sparse-owner-stress ...   Passed    0.02 sec
      Start 1208: persistent_worker_executor-rxbvml-sparse-owner-stress
    Test #1206: persistent_worker_executor-rxbvml-doorbell-stress .......   Passed    0.02 sec
      Start 1206: persistent_worker_executor-rxbvml-doorbell-stress
    Test #1135: gate_f_channel_local_rxbvm ..............................   Passed    0.02 sec
      Start 1135: gate_f_channel_local_rxbvm
    Test #1223: persistent_worker_executor-rxtvml-sparse-progress .......   Passed    0.01 sec
      Start 1223: persistent_worker_executor-rxtvml-sparse-progress
    Test #1209: persistent_worker_executor-rxbvml-sparse-progress .......   Passed    0.01 sec
      Start 1209: persistent_worker_executor-rxbvml-sparse-progress
    Test #1205: persistent_worker_executor-rxbvml .......................   Passed    0.10 sec
      Start 1205: persistent_worker_executor-rxbvml
    Test #1222: persistent_worker_executor-rxtvml-sparse-owner-stress ...   Passed    0.02 sec
      Start 1222: persistent_worker_executor-rxtvml-sparse-owner-stress
    Test #1220: persistent_worker_executor-rxtvml-doorbell-stress .......   Passed    0.01 sec
      Start 1220: persistent_worker_executor-rxtvml-doorbell-stress
    Test #1209: persistent_worker_executor-rxbvml-sparse-progress .......   Passed    0.01 sec
      Start 1209: persistent_worker_executor-rxbvml-sparse-progress
    Test #1208: persistent_worker_executor-rxbvml-sparse-owner-stress ...   Passed    0.01 sec
      Start 1208: persistent_worker_executor-rxbvml-sparse-owner-stress
    Test #1223: persistent_worker_executor-rxtvml-sparse-progress .......   Passed    0.01 sec
      Start 1223: persistent_worker_executor-rxtvml-sparse-progress
    Test #1136: gate_f_channel_local_rxtvm ..............................   Passed    0.02 sec
      Start 1136: gate_f_channel_local_rxtvm
    Test #1206: persistent_worker_executor-rxbvml-doorbell-stress .......   Passed    0.02 sec
      Start 1206: persistent_worker_executor-rxbvml-doorbell-stress
    Test #1219: persistent_worker_executor-rxtvml .......................   Passed    0.10 sec
      Start 1219: persistent_worker_executor-rxtvml
    Test #1135: gate_f_channel_local_rxbvm ..............................   Passed    0.02 sec
      Start 1135: gate_f_channel_local_rxbvm
    Test #1209: persistent_worker_executor-rxbvml-sparse-progress .......   Passed    0.01 sec
      Start 1209: persistent_worker_executor-rxbvml-sparse-progress
    Test #1223: persistent_worker_executor-rxtvml-sparse-progress .......   Passed    0.01 sec
      Start 1223: persistent_worker_executor-rxtvml-sparse-progress
    Test #1222: persistent_worker_executor-rxtvml-sparse-owner-stress ...   Passed    0.02 sec
      Start 1222: persistent_worker_executor-rxtvml-sparse-owner-stress
    Test #1136: gate_f_channel_local_rxtvm ..............................   Passed    0.01 sec
      Start 1136: gate_f_channel_local_rxtvm
    Test #1220: persistent_worker_executor-rxtvml-doorbell-stress .......   Passed    0.02 sec
      Start 1220: persistent_worker_executor-rxtvml-doorbell-stress
    Test #1208: persistent_worker_executor-rxbvml-sparse-owner-stress ...   Passed    0.02 sec
      Start 1208: persistent_worker_executor-rxbvml-sparse-owner-stress
    Test #1209: persistent_worker_executor-rxbvml-sparse-progress .......   Passed    0.01 sec
      Start 1209: persistent_worker_executor-rxbvml-sparse-progress
    Test #1223: persistent_worker_executor-rxtvml-sparse-progress .......   Passed    0.01 sec
      Start 1223: persistent_worker_executor-rxtvml-sparse-progress
    Test #1209: persistent_worker_executor-rxbvml-sparse-progress .......   Passed    0.01 sec
      Start 1209: persistent_worker_executor-rxbvml-sparse-progress
    Test #1135: gate_f_channel_local_rxbvm ..............................   Passed    0.02 sec
      Start 1135: gate_f_channel_local_rxbvm
    Test #1206: persistent_worker_executor-rxbvml-doorbell-stress .......   Passed    0.03 sec
      Start 1206: persistent_worker_executor-rxbvml-doorbell-stress
    Test #1222: persistent_worker_executor-rxtvml-sparse-owner-stress ...   Passed    0.02 sec
      Start 1222: persistent_worker_executor-rxtvml-sparse-owner-stress
    Test #1136: gate_f_channel_local_rxtvm ..............................   Passed    0.02 sec
      Start 1136: gate_f_channel_local_rxtvm
    Test #1223: persistent_worker_executor-rxtvml-sparse-progress .......   Passed    0.01 sec
      Start 1223: persistent_worker_executor-rxtvml-sparse-progress
    Test #1220: persistent_worker_executor-rxtvml-doorbell-stress .......   Passed    0.02 sec
      Start 1220: persistent_worker_executor-rxtvml-doorbell-stress
    Test #1208: persistent_worker_executor-rxbvml-sparse-owner-stress ...   Passed    0.02 sec
      Start 1208: persistent_worker_executor-rxbvml-sparse-owner-stress
    Test #1209: persistent_worker_executor-rxbvml-sparse-progress .......   Passed    0.01 sec
      Start 1209: persistent_worker_executor-rxbvml-sparse-progress
    Test #1223: persistent_worker_executor-rxtvml-sparse-progress .......   Passed    0.01 sec
      Start 1223: persistent_worker_executor-rxtvml-sparse-progress
    Test #1135: gate_f_channel_local_rxbvm ..............................   Passed    0.02 sec
      Start 1135: gate_f_channel_local_rxbvm
    Test #1222: persistent_worker_executor-rxtvml-sparse-owner-stress ...   Passed    0.02 sec
      Start 1222: persistent_worker_executor-rxtvml-sparse-owner-stress
    Test #1206: persistent_worker_executor-rxbvml-doorbell-stress .......   Passed    0.02 sec
      Start 1206: persistent_worker_executor-rxbvml-doorbell-stress
    Test #1136: gate_f_channel_local_rxtvm ..............................   Passed    0.02 sec
      Start 1136: gate_f_channel_local_rxtvm
    Test #1209: persistent_worker_executor-rxbvml-sparse-progress .......   Passed    0.01 sec
      Start 1209: persistent_worker_executor-rxbvml-sparse-progress
    Test #1220: persistent_worker_executor-rxtvml-doorbell-stress .......   Passed    0.02 sec
      Start 1220: persistent_worker_executor-rxtvml-doorbell-stress
    Test #1208: persistent_worker_executor-rxbvml-sparse-owner-stress ...   Passed    0.02 sec
      Start 1208: persistent_worker_executor-rxbvml-sparse-owner-stress
    Test #1223: persistent_worker_executor-rxtvml-sparse-progress .......   Passed    0.01 sec
      Start 1223: persistent_worker_executor-rxtvml-sparse-progress
    Test #1209: persistent_worker_executor-rxbvml-sparse-progress .......   Passed    0.01 sec
      Start 1209: persistent_worker_executor-rxbvml-sparse-progress
    Test #1135: gate_f_channel_local_rxbvm ..............................   Passed    0.02 sec
      Start 1135: gate_f_channel_local_rxbvm
    Test #1223: persistent_worker_executor-rxtvml-sparse-progress .......   Passed    0.01 sec
      Start 1223: persistent_worker_executor-rxtvml-sparse-progress
    Test #1222: persistent_worker_executor-rxtvml-sparse-owner-stress ...   Passed    0.02 sec
      Start 1222: persistent_worker_executor-rxtvml-sparse-owner-stress
    Test #1136: gate_f_channel_local_rxtvm ..............................   Passed    0.02 sec
      Start 1136: gate_f_channel_local_rxtvm
    Test #1208: persistent_worker_executor-rxbvml-sparse-owner-stress ...   Passed    0.02 sec
      Start 1208: persistent_worker_executor-rxbvml-sparse-owner-stress
    Test #1220: persistent_worker_executor-rxtvml-doorbell-stress .......   Passed    0.02 sec
      Start 1220: persistent_worker_executor-rxtvml-doorbell-stress
    Test #1206: persistent_worker_executor-rxbvml-doorbell-stress .......   Passed    0.02 sec
      Start 1206: persistent_worker_executor-rxbvml-doorbell-stress
    Test #1209: persistent_worker_executor-rxbvml-sparse-progress .......   Passed    0.01 sec
      Start 1209: persistent_worker_executor-rxbvml-sparse-progress
    Test #1223: persistent_worker_executor-rxtvml-sparse-progress .......   Passed    0.01 sec
      Start 1223: persistent_worker_executor-rxtvml-sparse-progress
    Test #1135: gate_f_channel_local_rxbvm ..............................   Passed    0.02 sec
      Start 1135: gate_f_channel_local_rxbvm
    Test #1136: gate_f_channel_local_rxtvm ..............................   Passed    0.02 sec
      Start 1136: gate_f_channel_local_rxtvm
    Test #1209: persistent_worker_executor-rxbvml-sparse-progress .......   Passed    0.01 sec
      Start 1209: persistent_worker_executor-rxbvml-sparse-progress
    Test #1223: persistent_worker_executor-rxtvml-sparse-progress .......   Passed    0.01 sec
      Start 1223: persistent_worker_executor-rxtvml-sparse-progress
    Test #1222: persistent_worker_executor-rxtvml-sparse-owner-stress ...   Passed    0.02 sec
      Start 1222: persistent_worker_executor-rxtvml-sparse-owner-stress
    Test #1208: persistent_worker_executor-rxbvml-sparse-owner-stress ...   Passed    0.02 sec
      Start 1208: persistent_worker_executor-rxbvml-sparse-owner-stress
    Test #1220: persistent_worker_executor-rxtvml-doorbell-stress .......   Passed    0.02 sec
      Start 1220: persistent_worker_executor-rxtvml-doorbell-stress
    Test #1206: persistent_worker_executor-rxbvml-doorbell-stress .......   Passed    0.02 sec
      Start 1206: persistent_worker_executor-rxbvml-doorbell-stress
    Test #1209: persistent_worker_executor-rxbvml-sparse-progress .......   Passed    0.01 sec
      Start 1209: persistent_worker_executor-rxbvml-sparse-progress
    Test #1205: persistent_worker_executor-rxbvml .......................   Passed    0.10 sec
      Start 1205: persistent_worker_executor-rxbvml
    Test #1223: persistent_worker_executor-rxtvml-sparse-progress .......   Passed    0.01 sec
      Start 1223: persistent_worker_executor-rxtvml-sparse-progress
    Test #1222: persistent_worker_executor-rxtvml-sparse-owner-stress ...   Passed    0.01 sec
      Start 1222: persistent_worker_executor-rxtvml-sparse-owner-stress
    Test #1209: persistent_worker_executor-rxbvml-sparse-progress .......   Passed    0.01 sec
      Start 1209: persistent_worker_executor-rxbvml-sparse-progress
    Test #1135: gate_f_channel_local_rxbvm ..............................   Passed    0.02 sec
      Start 1135: gate_f_channel_local_rxbvm
    Test #1136: gate_f_channel_local_rxtvm ..............................   Passed    0.02 sec
      Start 1136: gate_f_channel_local_rxtvm
    Test #1206: persistent_worker_executor-rxbvml-doorbell-stress .......   Passed    0.02 sec
      Start 1206: persistent_worker_executor-rxbvml-doorbell-stress
    Test #1220: persistent_worker_executor-rxtvml-doorbell-stress .......   Passed    0.02 sec
      Start 1220: persistent_worker_executor-rxtvml-doorbell-stress
    Test #1208: persistent_worker_executor-rxbvml-sparse-owner-stress ...   Passed    0.02 sec
      Start 1208: persistent_worker_executor-rxbvml-sparse-owner-stress
    Test #1223: persistent_worker_executor-rxtvml-sparse-progress .......   Passed    0.01 sec
      Start 1223: persistent_worker_executor-rxtvml-sparse-progress
    Test #1209: persistent_worker_executor-rxbvml-sparse-progress .......   Passed    0.01 sec
      Start 1209: persistent_worker_executor-rxbvml-sparse-progress
    Test #1219: persistent_worker_executor-rxtvml .......................   Passed    0.11 sec
      Start 1219: persistent_worker_executor-rxtvml
    Test #1222: persistent_worker_executor-rxtvml-sparse-owner-stress ...   Passed    0.02 sec
      Start 1222: persistent_worker_executor-rxtvml-sparse-owner-stress
    Test #1206: persistent_worker_executor-rxbvml-doorbell-stress .......   Passed    0.02 sec
      Start 1206: persistent_worker_executor-rxbvml-doorbell-stress
    Test #1136: gate_f_channel_local_rxtvm ..............................   Passed    0.02 sec
      Start 1136: gate_f_channel_local_rxtvm
    Test #1135: gate_f_channel_local_rxbvm ..............................   Passed    0.02 sec
      Start 1135: gate_f_channel_local_rxbvm
    Test #1220: persistent_worker_executor-rxtvml-doorbell-stress .......   Passed    0.02 sec
      Start 1220: persistent_worker_executor-rxtvml-doorbell-stress
    Test #1208: persistent_worker_executor-rxbvml-sparse-owner-stress ...   Passed    0.02 sec
      Start 1208: persistent_worker_executor-rxbvml-sparse-owner-stress
    Test #1223: persistent_worker_executor-rxtvml-sparse-progress .......   Passed    0.01 sec
      Start 1223: persistent_worker_executor-rxtvml-sparse-progress
    Test #1209: persistent_worker_executor-rxbvml-sparse-progress .......   Passed    0.01 sec
      Start 1209: persistent_worker_executor-rxbvml-sparse-progress
    Test #1223: persistent_worker_executor-rxtvml-sparse-progress .......   Passed    0.01 sec
      Start 1223: persistent_worker_executor-rxtvml-sparse-progress
    Test #1209: persistent_worker_executor-rxbvml-sparse-progress .......   Passed    0.01 sec
      Start 1209: persistent_worker_executor-rxbvml-sparse-progress
    Test #1136: gate_f_channel_local_rxtvm ..............................   Passed    0.02 sec
      Start 1136: gate_f_channel_local_rxtvm
    Test #1222: persistent_worker_executor-rxtvml-sparse-owner-stress ...   Passed    0.02 sec
      Start 1222: persistent_worker_executor-rxtvml-sparse-owner-stress
    Test #1206: persistent_worker_executor-rxbvml-doorbell-stress .......   Passed    0.02 sec
      Start 1206: persistent_worker_executor-rxbvml-doorbell-stress
    Test #1220: persistent_worker_executor-rxtvml-doorbell-stress .......   Passed    0.02 sec
      Start 1220: persistent_worker_executor-rxtvml-doorbell-stress
    Test #1135: gate_f_channel_local_rxbvm ..............................   Passed    0.02 sec
      Start 1135: gate_f_channel_local_rxbvm
    Test #1208: persistent_worker_executor-rxbvml-sparse-owner-stress ...   Passed    0.02 sec
      Start 1208: persistent_worker_executor-rxbvml-sparse-owner-stress
    Test #1223: persistent_worker_executor-rxtvml-sparse-progress .......   Passed    0.01 sec
      Start 1223: persistent_worker_executor-rxtvml-sparse-progress
    Test #1209: persistent_worker_executor-rxbvml-sparse-progress .......   Passed    0.01 sec
      Start 1209: persistent_worker_executor-rxbvml-sparse-progress
    Test #1223: persistent_worker_executor-rxtvml-sparse-progress .......   Passed    0.01 sec
      Start 1223: persistent_worker_executor-rxtvml-sparse-progress
    Test #1222: persistent_worker_executor-rxtvml-sparse-owner-stress ...   Passed    0.02 sec
      Start 1222: persistent_worker_executor-rxtvml-sparse-owner-stress
    Test #1206: persistent_worker_executor-rxbvml-doorbell-stress .......   Passed    0.02 sec
      Start 1206: persistent_worker_executor-rxbvml-doorbell-stress
    Test #1220: persistent_worker_executor-rxtvml-doorbell-stress .......   Passed    0.02 sec
      Start 1220: persistent_worker_executor-rxtvml-doorbell-stress
    Test #1136: gate_f_channel_local_rxtvm ..............................   Passed    0.02 sec
      Start 1136: gate_f_channel_local_rxtvm
    Test #1135: gate_f_channel_local_rxbvm ..............................   Passed    0.02 sec
      Start 1135: gate_f_channel_local_rxbvm
    Test #1208: persistent_worker_executor-rxbvml-sparse-owner-stress ...   Passed    0.01 sec
      Start 1208: persistent_worker_executor-rxbvml-sparse-owner-stress
    Test #1209: persistent_worker_executor-rxbvml-sparse-progress .......   Passed    0.01 sec
      Start 1209: persistent_worker_executor-rxbvml-sparse-progress
    Test #1223: persistent_worker_executor-rxtvml-sparse-progress .......   Passed    0.01 sec
      Start 1223: persistent_worker_executor-rxtvml-sparse-progress
    Test #1206: persistent_worker_executor-rxbvml-doorbell-stress .......   Passed    0.01 sec
      Start 1206: persistent_worker_executor-rxbvml-doorbell-stress
    Test #1209: persistent_worker_executor-rxbvml-sparse-progress .......   Passed    0.01 sec
      Start 1209: persistent_worker_executor-rxbvml-sparse-progress
    Test #1222: persistent_worker_executor-rxtvml-sparse-owner-stress ...   Passed    0.02 sec
      Start 1222: persistent_worker_executor-rxtvml-sparse-owner-stress
    Test #1136: gate_f_channel_local_rxtvm ..............................   Passed    0.02 sec
      Start 1136: gate_f_channel_local_rxtvm
    Test #1220: persistent_worker_executor-rxtvml-doorbell-stress .......   Passed    0.02 sec
      Start 1220: persistent_worker_executor-rxtvml-doorbell-stress
    Test #1135: gate_f_channel_local_rxbvm ..............................   Passed    0.02 sec
      Start 1135: gate_f_channel_local_rxbvm
    Test #1208: persistent_worker_executor-rxbvml-sparse-owner-stress ...   Passed    0.02 sec
      Start 1208: persistent_worker_executor-rxbvml-sparse-owner-stress
    Test #1223: persistent_worker_executor-rxtvml-sparse-progress .......   Passed    0.01 sec
      Start 1223: persistent_worker_executor-rxtvml-sparse-progress
    Test #1209: persistent_worker_executor-rxbvml-sparse-progress .......   Passed    0.02 sec
      Start 1209: persistent_worker_executor-rxbvml-sparse-progress
    Test #1206: persistent_worker_executor-rxbvml-doorbell-stress .......   Passed    0.02 sec
      Start 1206: persistent_worker_executor-rxbvml-doorbell-stress
    Test #1222: persistent_worker_executor-rxtvml-sparse-owner-stress ...   Passed    0.02 sec
      Start 1222: persistent_worker_executor-rxtvml-sparse-owner-stress
    Test #1223: persistent_worker_executor-rxtvml-sparse-progress .......   Passed    0.01 sec
      Start 1223: persistent_worker_executor-rxtvml-sparse-progress
    Test #1220: persistent_worker_executor-rxtvml-doorbell-stress .......   Passed    0.02 sec
      Start 1220: persistent_worker_executor-rxtvml-doorbell-stress
    Test #1208: persistent_worker_executor-rxbvml-sparse-owner-stress ...   Passed    0.02 sec
      Start 1208: persistent_worker_executor-rxbvml-sparse-owner-stress
    Test #1136: gate_f_channel_local_rxtvm ..............................   Passed    0.02 sec
      Start 1136: gate_f_channel_local_rxtvm
    Test #1135: gate_f_channel_local_rxbvm ..............................   Passed    0.02 sec
      Start 1135: gate_f_channel_local_rxbvm
    Test #1223: persistent_worker_executor-rxtvml-sparse-progress .......   Passed    0.01 sec
      Start 1223: persistent_worker_executor-rxtvml-sparse-progress
    Test #1209: persistent_worker_executor-rxbvml-sparse-progress .......   Passed    0.01 sec
      Start 1209: persistent_worker_executor-rxbvml-sparse-progress
    Test #1208: persistent_worker_executor-rxbvml-sparse-owner-stress ...   Passed    0.01 sec
      Start 1208: persistent_worker_executor-rxbvml-sparse-owner-stress
    Test #1222: persistent_worker_executor-rxtvml-sparse-owner-stress ...   Passed    0.02 sec
      Start 1222: persistent_worker_executor-rxtvml-sparse-owner-stress
    Test #1205: persistent_worker_executor-rxbvml .......................   Passed    0.10 sec
      Start 1205: persistent_worker_executor-rxbvml
    Test #1220: persistent_worker_executor-rxtvml-doorbell-stress .......   Passed    0.02 sec
      Start 1220: persistent_worker_executor-rxtvml-doorbell-stress
    Test #1206: persistent_worker_executor-rxbvml-doorbell-stress .......   Passed    0.02 sec
      Start 1206: persistent_worker_executor-rxbvml-doorbell-stress
    Test #1135: gate_f_channel_local_rxbvm ..............................   Passed    0.02 sec
      Start 1135: gate_f_channel_local_rxbvm
    Test #1136: gate_f_channel_local_rxtvm ..............................   Passed    0.02 sec
      Start 1136: gate_f_channel_local_rxtvm
    Test #1223: persistent_worker_executor-rxtvml-sparse-progress .......   Passed    0.01 sec
      Start 1223: persistent_worker_executor-rxtvml-sparse-progress
    Test #1209: persistent_worker_executor-rxbvml-sparse-progress .......   Passed    0.01 sec
      Start 1209: persistent_worker_executor-rxbvml-sparse-progress
    Test #1219: persistent_worker_executor-rxtvml .......................   Passed    0.10 sec
      Start 1219: persistent_worker_executor-rxtvml
    Test #1223: persistent_worker_executor-rxtvml-sparse-progress .......   Passed    0.01 sec
      Start 1223: persistent_worker_executor-rxtvml-sparse-progress
    Test #1209: persistent_worker_executor-rxbvml-sparse-progress .......   Passed    0.01 sec
      Start 1209: persistent_worker_executor-rxbvml-sparse-progress
    Test #1208: persistent_worker_executor-rxbvml-sparse-owner-stress ...   Passed    0.02 sec
      Start 1208: persistent_worker_executor-rxbvml-sparse-owner-stress
    Test #1222: persistent_worker_executor-rxtvml-sparse-owner-stress ...   Passed    0.02 sec
      Start 1222: persistent_worker_executor-rxtvml-sparse-owner-stress
    Test #1135: gate_f_channel_local_rxbvm ..............................   Passed    0.02 sec
      Start 1135: gate_f_channel_local_rxbvm
    Test #1136: gate_f_channel_local_rxtvm ..............................   Passed    0.02 sec
      Start 1136: gate_f_channel_local_rxtvm
    Test #1206: persistent_worker_executor-rxbvml-doorbell-stress .......   Passed    0.02 sec
      Start 1206: persistent_worker_executor-rxbvml-doorbell-stress
    Test #1220: persistent_worker_executor-rxtvml-doorbell-stress .......   Passed    0.02 sec
      Start 1220: persistent_worker_executor-rxtvml-doorbell-stress
    Test #1223: persistent_worker_executor-rxtvml-sparse-progress .......   Passed    0.01 sec
      Start 1223: persistent_worker_executor-rxtvml-sparse-progress
    Test #1209: persistent_worker_executor-rxbvml-sparse-progress .......   Passed    0.01 sec
      Start 1209: persistent_worker_executor-rxbvml-sparse-progress
    Test #1223: persistent_worker_executor-rxtvml-sparse-progress .......   Passed    0.01 sec
      Start 1223: persistent_worker_executor-rxtvml-sparse-progress
    Test #1222: persistent_worker_executor-rxtvml-sparse-owner-stress ...   Passed    0.02 sec
      Start 1222: persistent_worker_executor-rxtvml-sparse-owner-stress
    Test #1208: persistent_worker_executor-rxbvml-sparse-owner-stress ...   Passed    0.02 sec
      Start 1208: persistent_worker_executor-rxbvml-sparse-owner-stress
    Test #1135: gate_f_channel_local_rxbvm ..............................   Passed    0.02 sec
      Start 1135: gate_f_channel_local_rxbvm
    Test #1209: persistent_worker_executor-rxbvml-sparse-progress .......   Passed    0.01 sec
      Start 1209: persistent_worker_executor-rxbvml-sparse-progress
    Test #1136: gate_f_channel_local_rxtvm ..............................   Passed    0.02 sec
      Start 1136: gate_f_channel_local_rxtvm
    Test #1220: persistent_worker_executor-rxtvml-doorbell-stress .......   Passed    0.02 sec
      Start 1220: persistent_worker_executor-rxtvml-doorbell-stress
    Test #1206: persistent_worker_executor-rxbvml-doorbell-stress .......   Passed    0.02 sec
      Start 1206: persistent_worker_executor-rxbvml-doorbell-stress
    Test #1223: persistent_worker_executor-rxtvml-sparse-progress .......   Passed    0.01 sec
      Start 1223: persistent_worker_executor-rxtvml-sparse-progress
    Test #1209: persistent_worker_executor-rxbvml-sparse-progress .......   Passed    0.01 sec
      Start 1209: persistent_worker_executor-rxbvml-sparse-progress
    Test #1208: persistent_worker_executor-rxbvml-sparse-owner-stress ...   Passed    0.02 sec
      Start 1208: persistent_worker_executor-rxbvml-sparse-owner-stress
    Test #1222: persistent_worker_executor-rxtvml-sparse-owner-stress ...   Passed    0.02 sec
      Start 1222: persistent_worker_executor-rxtvml-sparse-owner-stress
    Test #1135: gate_f_channel_local_rxbvm ..............................   Passed    0.02 sec
      Start 1135: gate_f_channel_local_rxbvm
    Test #1136: gate_f_channel_local_rxtvm ..............................   Passed    0.02 sec
      Start 1136: gate_f_channel_local_rxtvm
    Test #1206: persistent_worker_executor-rxbvml-doorbell-stress .......   Passed    0.02 sec
      Start 1206: persistent_worker_executor-rxbvml-doorbell-stress
    Test #1220: persistent_worker_executor-rxtvml-doorbell-stress .......   Passed    0.02 sec
      Start 1220: persistent_worker_executor-rxtvml-doorbell-stress
    Test #1209: persistent_worker_executor-rxbvml-sparse-progress .......   Passed    0.01 sec
      Start 1209: persistent_worker_executor-rxbvml-sparse-progress
    Test #1223: persistent_worker_executor-rxtvml-sparse-progress .......   Passed    0.01 sec
      Start 1223: persistent_worker_executor-rxtvml-sparse-progress
    Test #1209: persistent_worker_executor-rxbvml-sparse-progress .......   Passed    0.01 sec
      Start 1209: persistent_worker_executor-rxbvml-sparse-progress
    Test #1223: persistent_worker_executor-rxtvml-sparse-progress .......   Passed    0.01 sec
      Start 1223: persistent_worker_executor-rxtvml-sparse-progress
    Test #1208: persistent_worker_executor-rxbvml-sparse-owner-stress ...   Passed    0.02 sec
      Start 1208: persistent_worker_executor-rxbvml-sparse-owner-stress
    Test #1135: gate_f_channel_local_rxbvm ..............................   Passed    0.02 sec
      Start 1135: gate_f_channel_local_rxbvm
    Test #1222: persistent_worker_executor-rxtvml-sparse-owner-stress ...   Passed    0.02 sec
      Start 1222: persistent_worker_executor-rxtvml-sparse-owner-stress
    Test #1206: persistent_worker_executor-rxbvml-doorbell-stress .......   Passed    0.02 sec
      Start 1206: persistent_worker_executor-rxbvml-doorbell-stress
    Test #1136: gate_f_channel_local_rxtvm ..............................   Passed    0.02 sec
      Start 1136: gate_f_channel_local_rxtvm
    Test #1220: persistent_worker_executor-rxtvml-doorbell-stress .......   Passed    0.02 sec
      Start 1220: persistent_worker_executor-rxtvml-doorbell-stress
    Test #1209: persistent_worker_executor-rxbvml-sparse-progress .......   Passed    0.01 sec
      Start 1209: persistent_worker_executor-rxbvml-sparse-progress
    Test #1223: persistent_worker_executor-rxtvml-sparse-progress .......   Passed    0.01 sec
      Start 1223: persistent_worker_executor-rxtvml-sparse-progress
    Test #1209: persistent_worker_executor-rxbvml-sparse-progress .......   Passed    0.01 sec
      Start 1209: persistent_worker_executor-rxbvml-sparse-progress
    Test #1208: persistent_worker_executor-rxbvml-sparse-owner-stress ...   Passed    0.02 sec
      Start 1208: persistent_worker_executor-rxbvml-sparse-owner-stress
    Test #1222: persistent_worker_executor-rxtvml-sparse-owner-stress ...   Passed    0.01 sec
      Start 1222: persistent_worker_executor-rxtvml-sparse-owner-stress
    Test #1206: persistent_worker_executor-rxbvml-doorbell-stress .......   Passed    0.01 sec
      Start 1206: persistent_worker_executor-rxbvml-doorbell-stress
    Test #1135: gate_f_channel_local_rxbvm ..............................   Passed    0.02 sec
      Start 1135: gate_f_channel_local_rxbvm
    Test #1205: persistent_worker_executor-rxbvml .......................   Passed    0.08 sec
      Start 1205: persistent_worker_executor-rxbvml
    Test #1136: gate_f_channel_local_rxtvm ..............................   Passed    0.02 sec
      Start 1136: gate_f_channel_local_rxtvm
    Test #1220: persistent_worker_executor-rxtvml-doorbell-stress .......   Passed    0.02 sec
      Start 1220: persistent_worker_executor-rxtvml-doorbell-stress
    Test #1223: persistent_worker_executor-rxtvml-sparse-progress .......   Passed    0.01 sec
      Start 1223: persistent_worker_executor-rxtvml-sparse-progress
    Test #1209: persistent_worker_executor-rxbvml-sparse-progress .......   Passed    0.01 sec
      Start 1209: persistent_worker_executor-rxbvml-sparse-progress
    Test #1222: persistent_worker_executor-rxtvml-sparse-owner-stress ...   Passed    0.02 sec
      Start 1222: persistent_worker_executor-rxtvml-sparse-owner-stress
    Test #1208: persistent_worker_executor-rxbvml-sparse-owner-stress ...   Passed    0.02 sec
      Start 1208: persistent_worker_executor-rxbvml-sparse-owner-stress
    Test #1206: persistent_worker_executor-rxbvml-doorbell-stress .......   Passed    0.02 sec
      Start 1206: persistent_worker_executor-rxbvml-doorbell-stress
    Test #1220: persistent_worker_executor-rxtvml-doorbell-stress .......   Passed    0.01 sec
      Start 1220: persistent_worker_executor-rxtvml-doorbell-stress
    Test #1223: persistent_worker_executor-rxtvml-sparse-progress .......   Passed    0.01 sec
      Start 1223: persistent_worker_executor-rxtvml-sparse-progress
    Test #1135: gate_f_channel_local_rxbvm ..............................   Passed    0.02 sec
      Start 1135: gate_f_channel_local_rxbvm
    Test #1136: gate_f_channel_local_rxtvm ..............................   Passed    0.02 sec
      Start 1136: gate_f_channel_local_rxtvm
    Test #1209: persistent_worker_executor-rxbvml-sparse-progress .......   Passed    0.01 sec
      Start 1209: persistent_worker_executor-rxbvml-sparse-progress
    Test #1219: persistent_worker_executor-rxtvml .......................   Passed    0.10 sec
      Start 1219: persistent_worker_executor-rxtvml
    Test #1223: persistent_worker_executor-rxtvml-sparse-progress .......   Passed    0.01 sec
      Start 1223: persistent_worker_executor-rxtvml-sparse-progress
    Test #1222: persistent_worker_executor-rxtvml-sparse-owner-stress ...   Passed    0.02 sec
      Start 1222: persistent_worker_executor-rxtvml-sparse-owner-stress
    Test #1220: persistent_worker_executor-rxtvml-doorbell-stress .......   Passed    0.02 sec
      Start 1220: persistent_worker_executor-rxtvml-doorbell-stress
    Test #1208: persistent_worker_executor-rxbvml-sparse-owner-stress ...   Passed    0.02 sec
      Start 1208: persistent_worker_executor-rxbvml-sparse-owner-stress
    Test #1209: persistent_worker_executor-rxbvml-sparse-progress .......   Passed    0.01 sec
      Start 1209: persistent_worker_executor-rxbvml-sparse-progress
    Test #1135: gate_f_channel_local_rxbvm ..............................   Passed    0.02 sec
      Start 1135: gate_f_channel_local_rxbvm
    Test #1136: gate_f_channel_local_rxtvm ..............................   Passed    0.02 sec
      Start 1136: gate_f_channel_local_rxtvm
    Test #1206: persistent_worker_executor-rxbvml-doorbell-stress .......   Passed    0.02 sec
      Start 1206: persistent_worker_executor-rxbvml-doorbell-stress
    Test #1223: persistent_worker_executor-rxtvml-sparse-progress .......   Passed    0.01 sec
      Start 1223: persistent_worker_executor-rxtvml-sparse-progress
    Test #1209: persistent_worker_executor-rxbvml-sparse-progress .......   Passed    0.01 sec
      Start 1209: persistent_worker_executor-rxbvml-sparse-progress
    Test #1223: persistent_worker_executor-rxtvml-sparse-progress .......   Passed    0.01 sec
      Start 1223: persistent_worker_executor-rxtvml-sparse-progress
    Test #1222: persistent_worker_executor-rxtvml-sparse-owner-stress ...   Passed    0.02 sec
      Start 1222: persistent_worker_executor-rxtvml-sparse-owner-stress
    Test #1220: persistent_worker_executor-rxtvml-doorbell-stress .......   Passed    0.02 sec
      Start 1220: persistent_worker_executor-rxtvml-doorbell-stress
    Test #1208: persistent_worker_executor-rxbvml-sparse-owner-stress ...   Passed    0.02 sec
      Start 1208: persistent_worker_executor-rxbvml-sparse-owner-stress
    Test #1135: gate_f_channel_local_rxbvm ..............................   Passed    0.02 sec
      Start 1135: gate_f_channel_local_rxbvm
    Test #1136: gate_f_channel_local_rxtvm ..............................   Passed    0.02 sec
      Start 1136: gate_f_channel_local_rxtvm
    Test #1209: persistent_worker_executor-rxbvml-sparse-progress .......   Passed    0.01 sec
      Start 1209: persistent_worker_executor-rxbvml-sparse-progress
    Test #1206: persistent_worker_executor-rxbvml-doorbell-stress .......   Passed    0.02 sec
      Start 1206: persistent_worker_executor-rxbvml-doorbell-stress
    Test #1223: persistent_worker_executor-rxtvml-sparse-progress .......   Passed    0.01 sec
      Start 1223: persistent_worker_executor-rxtvml-sparse-progress
    Test #1222: persistent_worker_executor-rxtvml-sparse-owner-stress ...   Passed    0.02 sec
      Start 1222: persistent_worker_executor-rxtvml-sparse-owner-stress
    Test #1208: persistent_worker_executor-rxbvml-sparse-owner-stress ...   Passed    0.02 sec
      Start 1208: persistent_worker_executor-rxbvml-sparse-owner-stress
    Test #1136: gate_f_channel_local_rxtvm ..............................   Passed    0.01 sec
      Start 1136: gate_f_channel_local_rxtvm
    Test #1135: gate_f_channel_local_rxbvm ..............................   Passed    0.02 sec
      Start 1135: gate_f_channel_local_rxbvm
    Test #1220: persistent_worker_executor-rxtvml-doorbell-stress .......   Passed    0.02 sec
      Start 1220: persistent_worker_executor-rxtvml-doorbell-stress
    Test #1209: persistent_worker_executor-rxbvml-sparse-progress .......   Passed    0.01 sec
      Start 1209: persistent_worker_executor-rxbvml-sparse-progress
    Test #1223: persistent_worker_executor-rxtvml-sparse-progress .......   Passed    0.01 sec
      Start 1223: persistent_worker_executor-rxtvml-sparse-progress
    Test #1209: persistent_worker_executor-rxbvml-sparse-progress .......   Passed    0.01 sec
      Start 1209: persistent_worker_executor-rxbvml-sparse-progress
    Test #1206: persistent_worker_executor-rxbvml-doorbell-stress .......   Passed    0.02 sec
      Start 1206: persistent_worker_executor-rxbvml-doorbell-stress
    Test #1223: persistent_worker_executor-rxtvml-sparse-progress .......   Passed    0.01 sec
      Start 1223: persistent_worker_executor-rxtvml-sparse-progress
    Test #1222: persistent_worker_executor-rxtvml-sparse-owner-stress ...   Passed    0.02 sec
      Start 1222: persistent_worker_executor-rxtvml-sparse-owner-stress
    Test #1208: persistent_worker_executor-rxbvml-sparse-owner-stress ...   Passed    0.02 sec
      Start 1208: persistent_worker_executor-rxbvml-sparse-owner-stress
    Test #1209: persistent_worker_executor-rxbvml-sparse-progress .......   Passed    0.01 sec
      Start 1209: persistent_worker_executor-rxbvml-sparse-progress
    Test #1136: gate_f_channel_local_rxtvm ..............................   Passed    0.02 sec
      Start 1136: gate_f_channel_local_rxtvm
    Test #1135: gate_f_channel_local_rxbvm ..............................   Passed    0.02 sec
      Start 1135: gate_f_channel_local_rxbvm
    Test #1223: persistent_worker_executor-rxtvml-sparse-progress .......   Passed    0.01 sec
      Start 1223: persistent_worker_executor-rxtvml-sparse-progress
    Test #1220: persistent_worker_executor-rxtvml-doorbell-stress .......   Passed    0.02 sec
      Start 1220: persistent_worker_executor-rxtvml-doorbell-stress
    Test #1209: persistent_worker_executor-rxbvml-sparse-progress .......   Passed    0.01 sec
      Start 1209: persistent_worker_executor-rxbvml-sparse-progress
    Test #1206: persistent_worker_executor-rxbvml-doorbell-stress .......   Passed    0.02 sec
      Start 1206: persistent_worker_executor-rxbvml-doorbell-stress
    Test #1222: persistent_worker_executor-rxtvml-sparse-owner-stress ...   Passed    0.02 sec
      Start 1222: persistent_worker_executor-rxtvml-sparse-owner-stress
    Test #1205: persistent_worker_executor-rxbvml .......................   Passed    0.10 sec
      Start 1205: persistent_worker_executor-rxbvml
    Test #1223: persistent_worker_executor-rxtvml-sparse-progress .......   Passed    0.01 sec
      Start 1223: persistent_worker_executor-rxtvml-sparse-progress
    Test #1136: gate_f_channel_local_rxtvm ..............................   Passed    0.02 sec
      Start 1136: gate_f_channel_local_rxtvm
    Test #1208: persistent_worker_executor-rxbvml-sparse-owner-stress ...   Passed    0.02 sec
      Start 1208: persistent_worker_executor-rxbvml-sparse-owner-stress
    Test #1135: gate_f_channel_local_rxbvm ..............................   Passed    0.02 sec
      Start 1135: gate_f_channel_local_rxbvm
    Test #1209: persistent_worker_executor-rxbvml-sparse-progress .......   Passed    0.01 sec
      Start 1209: persistent_worker_executor-rxbvml-sparse-progress
    Test #1223: persistent_worker_executor-rxtvml-sparse-progress .......   Passed    0.01 sec
      Start 1223: persistent_worker_executor-rxtvml-sparse-progress
    Test #1209: persistent_worker_executor-rxbvml-sparse-progress .......   Passed    0.01 sec
      Start 1209: persistent_worker_executor-rxbvml-sparse-progress
    Test #1220: persistent_worker_executor-rxtvml-doorbell-stress .......   Passed    0.02 sec
      Start 1220: persistent_worker_executor-rxtvml-doorbell-stress
    Test #1222: persistent_worker_executor-rxtvml-sparse-owner-stress ...   Passed    0.02 sec
      Start 1222: persistent_worker_executor-rxtvml-sparse-owner-stress
    Test #1223: persistent_worker_executor-rxtvml-sparse-progress .......   Passed    0.01 sec
      Start 1223: persistent_worker_executor-rxtvml-sparse-progress
    Test #1206: persistent_worker_executor-rxbvml-doorbell-stress .......   Passed    0.02 sec
      Start 1206: persistent_worker_executor-rxbvml-doorbell-stress
    Test #1208: persistent_worker_executor-rxbvml-sparse-owner-stress ...   Passed    0.02 sec
      Start 1208: persistent_worker_executor-rxbvml-sparse-owner-stress
    Test #1136: gate_f_channel_local_rxtvm ..............................   Passed    0.02 sec
      Start 1136: gate_f_channel_local_rxtvm
    Test #1135: gate_f_channel_local_rxbvm ..............................   Passed    0.02 sec
      Start 1135: gate_f_channel_local_rxbvm
    Test #1219: persistent_worker_executor-rxtvml .......................   Passed    0.09 sec
      Start 1219: persistent_worker_executor-rxtvml
    Test #1209: persistent_worker_executor-rxbvml-sparse-progress .......   Passed    0.01 sec
      Start 1209: persistent_worker_executor-rxbvml-sparse-progress
    Test #1223: persistent_worker_executor-rxtvml-sparse-progress .......   Passed    0.01 sec
      Start 1223: persistent_worker_executor-rxtvml-sparse-progress
    Test #1209: persistent_worker_executor-rxbvml-sparse-progress .......   Passed    0.01 sec
      Start 1209: persistent_worker_executor-rxbvml-sparse-progress
    Test #1222: persistent_worker_executor-rxtvml-sparse-owner-stress ...   Passed    0.02 sec
      Start 1222: persistent_worker_executor-rxtvml-sparse-owner-stress
    Test #1220: persistent_worker_executor-rxtvml-doorbell-stress .......   Passed    0.02 sec
      Start 1220: persistent_worker_executor-rxtvml-doorbell-stress
    Test #1136: gate_f_channel_local_rxtvm ..............................   Passed    0.02 sec
      Start 1136: gate_f_channel_local_rxtvm
    Test #1135: gate_f_channel_local_rxbvm ..............................   Passed    0.02 sec
      Start 1135: gate_f_channel_local_rxbvm
    Test #1206: persistent_worker_executor-rxbvml-doorbell-stress .......   Passed    0.02 sec
      Start 1206: persistent_worker_executor-rxbvml-doorbell-stress
    Test #1208: persistent_worker_executor-rxbvml-sparse-owner-stress ...   Passed    0.02 sec
      Start 1208: persistent_worker_executor-rxbvml-sparse-owner-stress
    Test #1223: persistent_worker_executor-rxtvml-sparse-progress .......   Passed    0.01 sec
      Start 1223: persistent_worker_executor-rxtvml-sparse-progress
    Test #1209: persistent_worker_executor-rxbvml-sparse-progress .......   Passed    0.01 sec
      Start 1209: persistent_worker_executor-rxbvml-sparse-progress
    Test #1223: persistent_worker_executor-rxtvml-sparse-progress .......   Passed    0.01 sec
      Start 1223: persistent_worker_executor-rxtvml-sparse-progress
    Test #1222: persistent_worker_executor-rxtvml-sparse-owner-stress ...   Passed    0.02 sec
      Start 1222: persistent_worker_executor-rxtvml-sparse-owner-stress
    Test #1208: persistent_worker_executor-rxbvml-sparse-owner-stress ...   Passed    0.01 sec
      Start 1208: persistent_worker_executor-rxbvml-sparse-owner-stress
    Test #1136: gate_f_channel_local_rxtvm ..............................   Passed    0.02 sec
      Start 1136: gate_f_channel_local_rxtvm
    Test #1206: persistent_worker_executor-rxbvml-doorbell-stress .......   Passed    0.02 sec
      Start 1206: persistent_worker_executor-rxbvml-doorbell-stress
    Test #1220: persistent_worker_executor-rxtvml-doorbell-stress .......   Passed    0.02 sec
      Start 1220: persistent_worker_executor-rxtvml-doorbell-stress
    Test #1135: gate_f_channel_local_rxbvm ..............................   Passed    0.02 sec
      Start 1135: gate_f_channel_local_rxbvm
 1/10 Test #1209: persistent_worker_executor-rxbvml-sparse-progress .......   Passed    0.01 sec
 2/10 Test #1223: persistent_worker_executor-rxtvml-sparse-progress .......   Passed    0.01 sec
    Test #1222: persistent_worker_executor-rxtvml-sparse-owner-stress ...   Passed    0.01 sec
      Start 1222: persistent_worker_executor-rxtvml-sparse-owner-stress
    Test #1220: persistent_worker_executor-rxtvml-doorbell-stress .......   Passed    0.01 sec
      Start 1220: persistent_worker_executor-rxtvml-doorbell-stress
    Test #1208: persistent_worker_executor-rxbvml-sparse-owner-stress ...   Passed    0.01 sec
      Start 1208: persistent_worker_executor-rxbvml-sparse-owner-stress
    Test #1206: persistent_worker_executor-rxbvml-doorbell-stress .......   Passed    0.01 sec
      Start 1206: persistent_worker_executor-rxbvml-doorbell-stress
    Test #1135: gate_f_channel_local_rxbvm ..............................   Passed    0.01 sec
      Start 1135: gate_f_channel_local_rxbvm
    Test #1136: gate_f_channel_local_rxtvm ..............................   Passed    0.02 sec
      Start 1136: gate_f_channel_local_rxtvm
    Test #1222: persistent_worker_executor-rxtvml-sparse-owner-stress ...   Passed    0.01 sec
      Start 1222: persistent_worker_executor-rxtvml-sparse-owner-stress
    Test #1208: persistent_worker_executor-rxbvml-sparse-owner-stress ...   Passed    0.01 sec
      Start 1208: persistent_worker_executor-rxbvml-sparse-owner-stress
    Test #1220: persistent_worker_executor-rxtvml-doorbell-stress .......   Passed    0.01 sec
      Start 1220: persistent_worker_executor-rxtvml-doorbell-stress
    Test #1206: persistent_worker_executor-rxbvml-doorbell-stress .......   Passed    0.02 sec
      Start 1206: persistent_worker_executor-rxbvml-doorbell-stress
    Test #1135: gate_f_channel_local_rxbvm ..............................   Passed    0.02 sec
      Start 1135: gate_f_channel_local_rxbvm
    Test #1136: gate_f_channel_local_rxtvm ..............................   Passed    0.02 sec
      Start 1136: gate_f_channel_local_rxtvm
    Test #1205: persistent_worker_executor-rxbvml .......................   Passed    0.09 sec
      Start 1205: persistent_worker_executor-rxbvml
    Test #1222: persistent_worker_executor-rxtvml-sparse-owner-stress ...   Passed    0.02 sec
      Start 1222: persistent_worker_executor-rxtvml-sparse-owner-stress
    Test #1208: persistent_worker_executor-rxbvml-sparse-owner-stress ...   Passed    0.02 sec
      Start 1208: persistent_worker_executor-rxbvml-sparse-owner-stress
    Test #1220: persistent_worker_executor-rxtvml-doorbell-stress .......   Passed    0.02 sec
      Start 1220: persistent_worker_executor-rxtvml-doorbell-stress
    Test #1206: persistent_worker_executor-rxbvml-doorbell-stress .......   Passed    0.01 sec
      Start 1206: persistent_worker_executor-rxbvml-doorbell-stress
    Test #1135: gate_f_channel_local_rxbvm ..............................   Passed    0.02 sec
      Start 1135: gate_f_channel_local_rxbvm
    Test #1136: gate_f_channel_local_rxtvm ..............................   Passed    0.02 sec
      Start 1136: gate_f_channel_local_rxtvm
    Test #1222: persistent_worker_executor-rxtvml-sparse-owner-stress ...   Passed    0.01 sec
      Start 1222: persistent_worker_executor-rxtvml-sparse-owner-stress
    Test #1208: persistent_worker_executor-rxbvml-sparse-owner-stress ...   Passed    0.02 sec
      Start 1208: persistent_worker_executor-rxbvml-sparse-owner-stress
    Test #1220: persistent_worker_executor-rxtvml-doorbell-stress .......   Passed    0.01 sec
      Start 1220: persistent_worker_executor-rxtvml-doorbell-stress
    Test #1206: persistent_worker_executor-rxbvml-doorbell-stress .......   Passed    0.01 sec
      Start 1206: persistent_worker_executor-rxbvml-doorbell-stress
    Test #1135: gate_f_channel_local_rxbvm ..............................   Passed    0.01 sec
      Start 1135: gate_f_channel_local_rxbvm
    Test #1136: gate_f_channel_local_rxtvm ..............................   Passed    0.02 sec
      Start 1136: gate_f_channel_local_rxtvm
    Test #1222: persistent_worker_executor-rxtvml-sparse-owner-stress ...   Passed    0.01 sec
      Start 1222: persistent_worker_executor-rxtvml-sparse-owner-stress
    Test #1208: persistent_worker_executor-rxbvml-sparse-owner-stress ...   Passed    0.01 sec
      Start 1208: persistent_worker_executor-rxbvml-sparse-owner-stress
    Test #1220: persistent_worker_executor-rxtvml-doorbell-stress .......   Passed    0.01 sec
      Start 1220: persistent_worker_executor-rxtvml-doorbell-stress
    Test #1219: persistent_worker_executor-rxtvml .......................   Passed    0.10 sec
      Start 1219: persistent_worker_executor-rxtvml
    Test #1206: persistent_worker_executor-rxbvml-doorbell-stress .......   Passed    0.01 sec
      Start 1206: persistent_worker_executor-rxbvml-doorbell-stress
    Test #1135: gate_f_channel_local_rxbvm ..............................   Passed    0.01 sec
      Start 1135: gate_f_channel_local_rxbvm
    Test #1136: gate_f_channel_local_rxtvm ..............................   Passed    0.01 sec
      Start 1136: gate_f_channel_local_rxtvm
    Test #1222: persistent_worker_executor-rxtvml-sparse-owner-stress ...   Passed    0.01 sec
      Start 1222: persistent_worker_executor-rxtvml-sparse-owner-stress
    Test #1220: persistent_worker_executor-rxtvml-doorbell-stress .......   Passed    0.01 sec
      Start 1220: persistent_worker_executor-rxtvml-doorbell-stress
    Test #1208: persistent_worker_executor-rxbvml-sparse-owner-stress ...   Passed    0.02 sec
      Start 1208: persistent_worker_executor-rxbvml-sparse-owner-stress
    Test #1206: persistent_worker_executor-rxbvml-doorbell-stress .......   Passed    0.02 sec
      Start 1206: persistent_worker_executor-rxbvml-doorbell-stress
    Test #1135: gate_f_channel_local_rxbvm ..............................   Passed    0.02 sec
      Start 1135: gate_f_channel_local_rxbvm
    Test #1136: gate_f_channel_local_rxtvm ..............................   Passed    0.02 sec
      Start 1136: gate_f_channel_local_rxtvm
    Test #1222: persistent_worker_executor-rxtvml-sparse-owner-stress ...   Passed    0.02 sec
      Start 1222: persistent_worker_executor-rxtvml-sparse-owner-stress
    Test #1220: persistent_worker_executor-rxtvml-doorbell-stress .......   Passed    0.01 sec
      Start 1220: persistent_worker_executor-rxtvml-doorbell-stress
    Test #1208: persistent_worker_executor-rxbvml-sparse-owner-stress ...   Passed    0.02 sec
      Start 1208: persistent_worker_executor-rxbvml-sparse-owner-stress
    Test #1135: gate_f_channel_local_rxbvm ..............................   Passed    0.02 sec
      Start 1135: gate_f_channel_local_rxbvm
    Test #1206: persistent_worker_executor-rxbvml-doorbell-stress .......   Passed    0.02 sec
      Start 1206: persistent_worker_executor-rxbvml-doorbell-stress
    Test #1136: gate_f_channel_local_rxtvm ..............................   Passed    0.02 sec
      Start 1136: gate_f_channel_local_rxtvm
    Test #1222: persistent_worker_executor-rxtvml-sparse-owner-stress ...   Passed    0.02 sec
      Start 1222: persistent_worker_executor-rxtvml-sparse-owner-stress
    Test #1220: persistent_worker_executor-rxtvml-doorbell-stress .......   Passed    0.02 sec
      Start 1220: persistent_worker_executor-rxtvml-doorbell-stress
    Test #1208: persistent_worker_executor-rxbvml-sparse-owner-stress ...   Passed    0.02 sec
      Start 1208: persistent_worker_executor-rxbvml-sparse-owner-stress
    Test #1222: persistent_worker_executor-rxtvml-sparse-owner-stress ...   Passed    0.01 sec
      Start 1222: persistent_worker_executor-rxtvml-sparse-owner-stress
    Test #1135: gate_f_channel_local_rxbvm ..............................   Passed    0.02 sec
      Start 1135: gate_f_channel_local_rxbvm
    Test #1206: persistent_worker_executor-rxbvml-doorbell-stress .......   Passed    0.02 sec
      Start 1206: persistent_worker_executor-rxbvml-doorbell-stress
    Test #1220: persistent_worker_executor-rxtvml-doorbell-stress .......   Passed    0.01 sec
      Start 1220: persistent_worker_executor-rxtvml-doorbell-stress
    Test #1205: persistent_worker_executor-rxbvml .......................   Passed    0.09 sec
      Start 1205: persistent_worker_executor-rxbvml
    Test #1208: persistent_worker_executor-rxbvml-sparse-owner-stress ...   Passed    0.01 sec
      Start 1208: persistent_worker_executor-rxbvml-sparse-owner-stress
    Test #1136: gate_f_channel_local_rxtvm ..............................   Passed    0.02 sec
      Start 1136: gate_f_channel_local_rxtvm
    Test #1222: persistent_worker_executor-rxtvml-sparse-owner-stress ...   Passed    0.01 sec
      Start 1222: persistent_worker_executor-rxtvml-sparse-owner-stress
    Test #1220: persistent_worker_executor-rxtvml-doorbell-stress .......   Passed    0.01 sec
      Start 1220: persistent_worker_executor-rxtvml-doorbell-stress
    Test #1206: persistent_worker_executor-rxbvml-doorbell-stress .......   Passed    0.01 sec
      Start 1206: persistent_worker_executor-rxbvml-doorbell-stress
    Test #1208: persistent_worker_executor-rxbvml-sparse-owner-stress ...   Passed    0.01 sec
      Start 1208: persistent_worker_executor-rxbvml-sparse-owner-stress
    Test #1135: gate_f_channel_local_rxbvm ..............................   Passed    0.02 sec
      Start 1135: gate_f_channel_local_rxbvm
    Test #1136: gate_f_channel_local_rxtvm ..............................   Passed    0.02 sec
      Start 1136: gate_f_channel_local_rxtvm
    Test #1222: persistent_worker_executor-rxtvml-sparse-owner-stress ...   Passed    0.01 sec
      Start 1222: persistent_worker_executor-rxtvml-sparse-owner-stress
    Test #1206: persistent_worker_executor-rxbvml-doorbell-stress .......   Passed    0.01 sec
      Start 1206: persistent_worker_executor-rxbvml-doorbell-stress
    Test #1208: persistent_worker_executor-rxbvml-sparse-owner-stress ...   Passed    0.01 sec
      Start 1208: persistent_worker_executor-rxbvml-sparse-owner-stress
    Test #1135: gate_f_channel_local_rxbvm ..............................   Passed    0.02 sec
      Start 1135: gate_f_channel_local_rxbvm
    Test #1220: persistent_worker_executor-rxtvml-doorbell-stress .......   Passed    0.02 sec
      Start 1220: persistent_worker_executor-rxtvml-doorbell-stress
    Test #1136: gate_f_channel_local_rxtvm ..............................   Passed    0.02 sec
      Start 1136: gate_f_channel_local_rxtvm
    Test #1219: persistent_worker_executor-rxtvml .......................   Passed    0.10 sec
      Start 1219: persistent_worker_executor-rxtvml
    Test #1208: persistent_worker_executor-rxbvml-sparse-owner-stress ...   Passed    0.01 sec
      Start 1208: persistent_worker_executor-rxbvml-sparse-owner-stress
    Test #1222: persistent_worker_executor-rxtvml-sparse-owner-stress ...   Passed    0.01 sec
      Start 1222: persistent_worker_executor-rxtvml-sparse-owner-stress
    Test #1206: persistent_worker_executor-rxbvml-doorbell-stress .......   Passed    0.01 sec
      Start 1206: persistent_worker_executor-rxbvml-doorbell-stress
    Test #1220: persistent_worker_executor-rxtvml-doorbell-stress .......   Passed    0.01 sec
      Start 1220: persistent_worker_executor-rxtvml-doorbell-stress
    Test #1135: gate_f_channel_local_rxbvm ..............................   Passed    0.02 sec
      Start 1135: gate_f_channel_local_rxbvm
    Test #1208: persistent_worker_executor-rxbvml-sparse-owner-stress ...   Passed    0.01 sec
      Start 1208: persistent_worker_executor-rxbvml-sparse-owner-stress
    Test #1136: gate_f_channel_local_rxtvm ..............................   Passed    0.02 sec
      Start 1136: gate_f_channel_local_rxtvm
    Test #1222: persistent_worker_executor-rxtvml-sparse-owner-stress ...   Passed    0.01 sec
      Start 1222: persistent_worker_executor-rxtvml-sparse-owner-stress
    Test #1206: persistent_worker_executor-rxbvml-doorbell-stress .......   Passed    0.01 sec
      Start 1206: persistent_worker_executor-rxbvml-doorbell-stress
    Test #1220: persistent_worker_executor-rxtvml-doorbell-stress .......   Passed    0.01 sec
      Start 1220: persistent_worker_executor-rxtvml-doorbell-stress
    Test #1135: gate_f_channel_local_rxbvm ..............................   Passed    0.01 sec
      Start 1135: gate_f_channel_local_rxbvm
    Test #1208: persistent_worker_executor-rxbvml-sparse-owner-stress ...   Passed    0.01 sec
      Start 1208: persistent_worker_executor-rxbvml-sparse-owner-stress
    Test #1222: persistent_worker_executor-rxtvml-sparse-owner-stress ...   Passed    0.01 sec
      Start 1222: persistent_worker_executor-rxtvml-sparse-owner-stress
    Test #1136: gate_f_channel_local_rxtvm ..............................   Passed    0.02 sec
      Start 1136: gate_f_channel_local_rxtvm
    Test #1206: persistent_worker_executor-rxbvml-doorbell-stress .......   Passed    0.01 sec
      Start 1206: persistent_worker_executor-rxbvml-doorbell-stress
    Test #1220: persistent_worker_executor-rxtvml-doorbell-stress .......   Passed    0.01 sec
      Start 1220: persistent_worker_executor-rxtvml-doorbell-stress
    Test #1208: persistent_worker_executor-rxbvml-sparse-owner-stress ...   Passed    0.01 sec
      Start 1208: persistent_worker_executor-rxbvml-sparse-owner-stress
    Test #1222: persistent_worker_executor-rxtvml-sparse-owner-stress ...   Passed    0.01 sec
      Start 1222: persistent_worker_executor-rxtvml-sparse-owner-stress
    Test #1135: gate_f_channel_local_rxbvm ..............................   Passed    0.02 sec
      Start 1135: gate_f_channel_local_rxbvm
    Test #1206: persistent_worker_executor-rxbvml-doorbell-stress .......   Passed    0.01 sec
      Start 1206: persistent_worker_executor-rxbvml-doorbell-stress
    Test #1220: persistent_worker_executor-rxtvml-doorbell-stress .......   Passed    0.01 sec
      Start 1220: persistent_worker_executor-rxtvml-doorbell-stress
    Test #1136: gate_f_channel_local_rxtvm ..............................   Passed    0.02 sec
      Start 1136: gate_f_channel_local_rxtvm
    Test #1205: persistent_worker_executor-rxbvml .......................   Passed    0.09 sec
      Start 1205: persistent_worker_executor-rxbvml
    Test #1208: persistent_worker_executor-rxbvml-sparse-owner-stress ...   Passed    0.01 sec
      Start 1208: persistent_worker_executor-rxbvml-sparse-owner-stress
    Test #1222: persistent_worker_executor-rxtvml-sparse-owner-stress ...   Passed    0.01 sec
      Start 1222: persistent_worker_executor-rxtvml-sparse-owner-stress
    Test #1206: persistent_worker_executor-rxbvml-doorbell-stress .......   Passed    0.01 sec
      Start 1206: persistent_worker_executor-rxbvml-doorbell-stress
    Test #1135: gate_f_channel_local_rxbvm ..............................   Passed    0.02 sec
      Start 1135: gate_f_channel_local_rxbvm
    Test #1220: persistent_worker_executor-rxtvml-doorbell-stress .......   Passed    0.01 sec
      Start 1220: persistent_worker_executor-rxtvml-doorbell-stress
    Test #1136: gate_f_channel_local_rxtvm ..............................   Passed    0.02 sec
      Start 1136: gate_f_channel_local_rxtvm
    Test #1208: persistent_worker_executor-rxbvml-sparse-owner-stress ...   Passed    0.01 sec
      Start 1208: persistent_worker_executor-rxbvml-sparse-owner-stress
    Test #1222: persistent_worker_executor-rxtvml-sparse-owner-stress ...   Passed    0.01 sec
      Start 1222: persistent_worker_executor-rxtvml-sparse-owner-stress
    Test #1206: persistent_worker_executor-rxbvml-doorbell-stress .......   Passed    0.01 sec
      Start 1206: persistent_worker_executor-rxbvml-doorbell-stress
    Test #1220: persistent_worker_executor-rxtvml-doorbell-stress .......   Passed    0.02 sec
      Start 1220: persistent_worker_executor-rxtvml-doorbell-stress
    Test #1135: gate_f_channel_local_rxbvm ..............................   Passed    0.02 sec
      Start 1135: gate_f_channel_local_rxbvm
    Test #1136: gate_f_channel_local_rxtvm ..............................   Passed    0.02 sec
      Start 1136: gate_f_channel_local_rxtvm
    Test #1208: persistent_worker_executor-rxbvml-sparse-owner-stress ...   Passed    0.02 sec
      Start 1208: persistent_worker_executor-rxbvml-sparse-owner-stress
    Test #1222: persistent_worker_executor-rxtvml-sparse-owner-stress ...   Passed    0.02 sec
      Start 1222: persistent_worker_executor-rxtvml-sparse-owner-stress
    Test #1206: persistent_worker_executor-rxbvml-doorbell-stress .......   Passed    0.02 sec
      Start 1206: persistent_worker_executor-rxbvml-doorbell-stress
    Test #1220: persistent_worker_executor-rxtvml-doorbell-stress .......   Passed    0.01 sec
      Start 1220: persistent_worker_executor-rxtvml-doorbell-stress
    Test #1135: gate_f_channel_local_rxbvm ..............................   Passed    0.02 sec
      Start 1135: gate_f_channel_local_rxbvm
    Test #1208: persistent_worker_executor-rxbvml-sparse-owner-stress ...   Passed    0.01 sec
      Start 1208: persistent_worker_executor-rxbvml-sparse-owner-stress
    Test #1136: gate_f_channel_local_rxtvm ..............................   Passed    0.02 sec
      Start 1136: gate_f_channel_local_rxtvm
    Test #1222: persistent_worker_executor-rxtvml-sparse-owner-stress ...   Passed    0.01 sec
      Start 1222: persistent_worker_executor-rxtvml-sparse-owner-stress
    Test #1206: persistent_worker_executor-rxbvml-doorbell-stress .......   Passed    0.01 sec
      Start 1206: persistent_worker_executor-rxbvml-doorbell-stress
    Test #1220: persistent_worker_executor-rxtvml-doorbell-stress .......   Passed    0.01 sec
      Start 1220: persistent_worker_executor-rxtvml-doorbell-stress
    Test #1219: persistent_worker_executor-rxtvml .......................   Passed    0.10 sec
      Start 1219: persistent_worker_executor-rxtvml
    Test #1208: persistent_worker_executor-rxbvml-sparse-owner-stress ...   Passed    0.01 sec
      Start 1208: persistent_worker_executor-rxbvml-sparse-owner-stress
    Test #1222: persistent_worker_executor-rxtvml-sparse-owner-stress ...   Passed    0.01 sec
      Start 1222: persistent_worker_executor-rxtvml-sparse-owner-stress
    Test #1135: gate_f_channel_local_rxbvm ..............................   Passed    0.02 sec
      Start 1135: gate_f_channel_local_rxbvm
    Test #1136: gate_f_channel_local_rxtvm ..............................   Passed    0.02 sec
      Start 1136: gate_f_channel_local_rxtvm
    Test #1206: persistent_worker_executor-rxbvml-doorbell-stress .......   Passed    0.02 sec
      Start 1206: persistent_worker_executor-rxbvml-doorbell-stress
    Test #1220: persistent_worker_executor-rxtvml-doorbell-stress .......   Passed    0.01 sec
      Start 1220: persistent_worker_executor-rxtvml-doorbell-stress
    Test #1222: persistent_worker_executor-rxtvml-sparse-owner-stress ...   Passed    0.01 sec
      Start 1222: persistent_worker_executor-rxtvml-sparse-owner-stress
    Test #1208: persistent_worker_executor-rxbvml-sparse-owner-stress ...   Passed    0.01 sec
      Start 1208: persistent_worker_executor-rxbvml-sparse-owner-stress
    Test #1135: gate_f_channel_local_rxbvm ..............................   Passed    0.02 sec
      Start 1135: gate_f_channel_local_rxbvm
    Test #1220: persistent_worker_executor-rxtvml-doorbell-stress .......   Passed    0.01 sec
      Start 1220: persistent_worker_executor-rxtvml-doorbell-stress
    Test #1136: gate_f_channel_local_rxtvm ..............................   Passed    0.02 sec
      Start 1136: gate_f_channel_local_rxtvm
    Test #1206: persistent_worker_executor-rxbvml-doorbell-stress .......   Passed    0.02 sec
      Start 1206: persistent_worker_executor-rxbvml-doorbell-stress
    Test #1208: persistent_worker_executor-rxbvml-sparse-owner-stress ...   Passed    0.01 sec
      Start 1208: persistent_worker_executor-rxbvml-sparse-owner-stress
    Test #1222: persistent_worker_executor-rxtvml-sparse-owner-stress ...   Passed    0.01 sec
      Start 1222: persistent_worker_executor-rxtvml-sparse-owner-stress
    Test #1220: persistent_worker_executor-rxtvml-doorbell-stress .......   Passed    0.01 sec
      Start 1220: persistent_worker_executor-rxtvml-doorbell-stress
    Test #1135: gate_f_channel_local_rxbvm ..............................   Passed    0.02 sec
      Start 1135: gate_f_channel_local_rxbvm
    Test #1205: persistent_worker_executor-rxbvml .......................   Passed    0.09 sec
      Start 1205: persistent_worker_executor-rxbvml
    Test #1136: gate_f_channel_local_rxtvm ..............................   Passed    0.02 sec
      Start 1136: gate_f_channel_local_rxtvm
    Test #1208: persistent_worker_executor-rxbvml-sparse-owner-stress ...   Passed    0.01 sec
      Start 1208: persistent_worker_executor-rxbvml-sparse-owner-stress
    Test #1222: persistent_worker_executor-rxtvml-sparse-owner-stress ...   Passed    0.01 sec
      Start 1222: persistent_worker_executor-rxtvml-sparse-owner-stress
    Test #1206: persistent_worker_executor-rxbvml-doorbell-stress .......   Passed    0.02 sec
      Start 1206: persistent_worker_executor-rxbvml-doorbell-stress
    Test #1220: persistent_worker_executor-rxtvml-doorbell-stress .......   Passed    0.01 sec
      Start 1220: persistent_worker_executor-rxtvml-doorbell-stress
    Test #1208: persistent_worker_executor-rxbvml-sparse-owner-stress ...   Passed    0.01 sec
      Start 1208: persistent_worker_executor-rxbvml-sparse-owner-stress
    Test #1135: gate_f_channel_local_rxbvm ..............................   Passed    0.02 sec
      Start 1135: gate_f_channel_local_rxbvm
    Test #1206: persistent_worker_executor-rxbvml-doorbell-stress .......   Passed    0.01 sec
      Start 1206: persistent_worker_executor-rxbvml-doorbell-stress
    Test #1222: persistent_worker_executor-rxtvml-sparse-owner-stress ...   Passed    0.01 sec
      Start 1222: persistent_worker_executor-rxtvml-sparse-owner-stress
    Test #1136: gate_f_channel_local_rxtvm ..............................   Passed    0.02 sec
      Start 1136: gate_f_channel_local_rxtvm
    Test #1220: persistent_worker_executor-rxtvml-doorbell-stress .......   Passed    0.02 sec
      Start 1220: persistent_worker_executor-rxtvml-doorbell-stress
    Test #1135: gate_f_channel_local_rxbvm ..............................   Passed    0.01 sec
      Start 1135: gate_f_channel_local_rxbvm
    Test #1208: persistent_worker_executor-rxbvml-sparse-owner-stress ...   Passed    0.01 sec
      Start 1208: persistent_worker_executor-rxbvml-sparse-owner-stress
    Test #1206: persistent_worker_executor-rxbvml-doorbell-stress .......   Passed    0.01 sec
      Start 1206: persistent_worker_executor-rxbvml-doorbell-stress
    Test #1222: persistent_worker_executor-rxtvml-sparse-owner-stress ...   Passed    0.02 sec
      Start 1222: persistent_worker_executor-rxtvml-sparse-owner-stress
    Test #1136: gate_f_channel_local_rxtvm ..............................   Passed    0.02 sec
      Start 1136: gate_f_channel_local_rxtvm
    Test #1220: persistent_worker_executor-rxtvml-doorbell-stress .......   Passed    0.01 sec
      Start 1220: persistent_worker_executor-rxtvml-doorbell-stress
    Test #1208: persistent_worker_executor-rxbvml-sparse-owner-stress ...   Passed    0.01 sec
      Start 1208: persistent_worker_executor-rxbvml-sparse-owner-stress
    Test #1206: persistent_worker_executor-rxbvml-doorbell-stress .......   Passed    0.01 sec
      Start 1206: persistent_worker_executor-rxbvml-doorbell-stress
    Test #1135: gate_f_channel_local_rxbvm ..............................   Passed    0.02 sec
      Start 1135: gate_f_channel_local_rxbvm
    Test #1222: persistent_worker_executor-rxtvml-sparse-owner-stress ...   Passed    0.02 sec
      Start 1222: persistent_worker_executor-rxtvml-sparse-owner-stress
    Test #1220: persistent_worker_executor-rxtvml-doorbell-stress .......   Passed    0.01 sec
      Start 1220: persistent_worker_executor-rxtvml-doorbell-stress
    Test #1136: gate_f_channel_local_rxtvm ..............................   Passed    0.02 sec
      Start 1136: gate_f_channel_local_rxtvm
    Test #1219: persistent_worker_executor-rxtvml .......................   Passed    0.10 sec
      Start 1219: persistent_worker_executor-rxtvml
    Test #1208: persistent_worker_executor-rxbvml-sparse-owner-stress ...   Passed    0.01 sec
      Start 1208: persistent_worker_executor-rxbvml-sparse-owner-stress
    Test #1206: persistent_worker_executor-rxbvml-doorbell-stress .......   Passed    0.02 sec
      Start 1206: persistent_worker_executor-rxbvml-doorbell-stress
    Test #1135: gate_f_channel_local_rxbvm ..............................   Passed    0.02 sec
      Start 1135: gate_f_channel_local_rxbvm
    Test #1222: persistent_worker_executor-rxtvml-sparse-owner-stress ...   Passed    0.01 sec
      Start 1222: persistent_worker_executor-rxtvml-sparse-owner-stress
    Test #1220: persistent_worker_executor-rxtvml-doorbell-stress .......   Passed    0.02 sec
      Start 1220: persistent_worker_executor-rxtvml-doorbell-stress
    Test #1208: persistent_worker_executor-rxbvml-sparse-owner-stress ...   Passed    0.01 sec
      Start 1208: persistent_worker_executor-rxbvml-sparse-owner-stress
    Test #1136: gate_f_channel_local_rxtvm ..............................   Passed    0.02 sec
      Start 1136: gate_f_channel_local_rxtvm
    Test #1206: persistent_worker_executor-rxbvml-doorbell-stress .......   Passed    0.01 sec
      Start 1206: persistent_worker_executor-rxbvml-doorbell-stress
    Test #1135: gate_f_channel_local_rxbvm ..............................   Passed    0.02 sec
      Start 1135: gate_f_channel_local_rxbvm
    Test #1222: persistent_worker_executor-rxtvml-sparse-owner-stress ...   Passed    0.01 sec
      Start 1222: persistent_worker_executor-rxtvml-sparse-owner-stress
    Test #1220: persistent_worker_executor-rxtvml-doorbell-stress .......   Passed    0.01 sec
      Start 1220: persistent_worker_executor-rxtvml-doorbell-stress
    Test #1208: persistent_worker_executor-rxbvml-sparse-owner-stress ...   Passed    0.01 sec
      Start 1208: persistent_worker_executor-rxbvml-sparse-owner-stress
    Test #1136: gate_f_channel_local_rxtvm ..............................   Passed    0.02 sec
      Start 1136: gate_f_channel_local_rxtvm
    Test #1206: persistent_worker_executor-rxbvml-doorbell-stress .......   Passed    0.01 sec
      Start 1206: persistent_worker_executor-rxbvml-doorbell-stress
    Test #1222: persistent_worker_executor-rxtvml-sparse-owner-stress ...   Passed    0.01 sec
      Start 1222: persistent_worker_executor-rxtvml-sparse-owner-stress
    Test #1220: persistent_worker_executor-rxtvml-doorbell-stress .......   Passed    0.01 sec
      Start 1220: persistent_worker_executor-rxtvml-doorbell-stress
    Test #1208: persistent_worker_executor-rxbvml-sparse-owner-stress ...   Passed    0.01 sec
      Start 1208: persistent_worker_executor-rxbvml-sparse-owner-stress
    Test #1135: gate_f_channel_local_rxbvm ..............................   Passed    0.02 sec
      Start 1135: gate_f_channel_local_rxbvm
    Test #1205: persistent_worker_executor-rxbvml .......................   Passed    0.10 sec
      Start 1205: persistent_worker_executor-rxbvml
    Test #1206: persistent_worker_executor-rxbvml-doorbell-stress .......   Passed    0.01 sec
      Start 1206: persistent_worker_executor-rxbvml-doorbell-stress
    Test #1136: gate_f_channel_local_rxtvm ..............................   Passed    0.02 sec
      Start 1136: gate_f_channel_local_rxtvm
    Test #1208: persistent_worker_executor-rxbvml-sparse-owner-stress ...   Passed    0.01 sec
      Start 1208: persistent_worker_executor-rxbvml-sparse-owner-stress
    Test #1220: persistent_worker_executor-rxtvml-doorbell-stress .......   Passed    0.01 sec
      Start 1220: persistent_worker_executor-rxtvml-doorbell-stress
    Test #1222: persistent_worker_executor-rxtvml-sparse-owner-stress ...   Passed    0.02 sec
      Start 1222: persistent_worker_executor-rxtvml-sparse-owner-stress
    Test #1135: gate_f_channel_local_rxbvm ..............................   Passed    0.02 sec
      Start 1135: gate_f_channel_local_rxbvm
    Test #1206: persistent_worker_executor-rxbvml-doorbell-stress .......   Passed    0.01 sec
      Start 1206: persistent_worker_executor-rxbvml-doorbell-stress
    Test #1136: gate_f_channel_local_rxtvm ..............................   Passed    0.02 sec
      Start 1136: gate_f_channel_local_rxtvm
    Test #1208: persistent_worker_executor-rxbvml-sparse-owner-stress ...   Passed    0.01 sec
      Start 1208: persistent_worker_executor-rxbvml-sparse-owner-stress
    Test #1220: persistent_worker_executor-rxtvml-doorbell-stress .......   Passed    0.01 sec
      Start 1220: persistent_worker_executor-rxtvml-doorbell-stress
    Test #1222: persistent_worker_executor-rxtvml-sparse-owner-stress ...   Passed    0.01 sec
      Start 1222: persistent_worker_executor-rxtvml-sparse-owner-stress
    Test #1135: gate_f_channel_local_rxbvm ..............................   Passed    0.02 sec
      Start 1135: gate_f_channel_local_rxbvm
    Test #1206: persistent_worker_executor-rxbvml-doorbell-stress .......   Passed    0.01 sec
      Start 1206: persistent_worker_executor-rxbvml-doorbell-stress
    Test #1208: persistent_worker_executor-rxbvml-sparse-owner-stress ...   Passed    0.01 sec
      Start 1208: persistent_worker_executor-rxbvml-sparse-owner-stress
    Test #1136: gate_f_channel_local_rxtvm ..............................   Passed    0.02 sec
      Start 1136: gate_f_channel_local_rxtvm
    Test #1222: persistent_worker_executor-rxtvml-sparse-owner-stress ...   Passed    0.01 sec
      Start 1222: persistent_worker_executor-rxtvml-sparse-owner-stress
    Test #1220: persistent_worker_executor-rxtvml-doorbell-stress .......   Passed    0.02 sec
      Start 1220: persistent_worker_executor-rxtvml-doorbell-stress
    Test #1206: persistent_worker_executor-rxbvml-doorbell-stress .......   Passed    0.01 sec
      Start 1206: persistent_worker_executor-rxbvml-doorbell-stress
    Test #1135: gate_f_channel_local_rxbvm ..............................   Passed    0.02 sec
      Start 1135: gate_f_channel_local_rxbvm
    Test #1208: persistent_worker_executor-rxbvml-sparse-owner-stress ...   Passed    0.01 sec
      Start 1208: persistent_worker_executor-rxbvml-sparse-owner-stress
    Test #1222: persistent_worker_executor-rxtvml-sparse-owner-stress ...   Passed    0.01 sec
      Start 1222: persistent_worker_executor-rxtvml-sparse-owner-stress
    Test #1220: persistent_worker_executor-rxtvml-doorbell-stress .......   Passed    0.01 sec
      Start 1220: persistent_worker_executor-rxtvml-doorbell-stress
    Test #1136: gate_f_channel_local_rxtvm ..............................   Passed    0.02 sec
      Start 1136: gate_f_channel_local_rxtvm
    Test #1206: persistent_worker_executor-rxbvml-doorbell-stress .......   Passed    0.01 sec
      Start 1206: persistent_worker_executor-rxbvml-doorbell-stress
    Test #1208: persistent_worker_executor-rxbvml-sparse-owner-stress ...   Passed    0.01 sec
      Start 1208: persistent_worker_executor-rxbvml-sparse-owner-stress
    Test #1219: persistent_worker_executor-rxtvml .......................   Passed    0.11 sec
      Start 1219: persistent_worker_executor-rxtvml
    Test #1135: gate_f_channel_local_rxbvm ..............................   Passed    0.02 sec
      Start 1135: gate_f_channel_local_rxbvm
    Test #1222: persistent_worker_executor-rxtvml-sparse-owner-stress ...   Passed    0.01 sec
      Start 1222: persistent_worker_executor-rxtvml-sparse-owner-stress
    Test #1220: persistent_worker_executor-rxtvml-doorbell-stress .......   Passed    0.01 sec
      Start 1220: persistent_worker_executor-rxtvml-doorbell-stress
    Test #1206: persistent_worker_executor-rxbvml-doorbell-stress .......   Passed    0.01 sec
      Start 1206: persistent_worker_executor-rxbvml-doorbell-stress
    Test #1208: persistent_worker_executor-rxbvml-sparse-owner-stress ...   Passed    0.01 sec
      Start 1208: persistent_worker_executor-rxbvml-sparse-owner-stress
    Test #1136: gate_f_channel_local_rxtvm ..............................   Passed    0.02 sec
      Start 1136: gate_f_channel_local_rxtvm
    Test #1222: persistent_worker_executor-rxtvml-sparse-owner-stress ...   Passed    0.01 sec
      Start 1222: persistent_worker_executor-rxtvml-sparse-owner-stress
    Test #1220: persistent_worker_executor-rxtvml-doorbell-stress .......   Passed    0.01 sec
      Start 1220: persistent_worker_executor-rxtvml-doorbell-stress
    Test #1135: gate_f_channel_local_rxbvm ..............................   Passed    0.02 sec
      Start 1135: gate_f_channel_local_rxbvm
    Test #1206: persistent_worker_executor-rxbvml-doorbell-stress .......   Passed    0.02 sec
      Start 1206: persistent_worker_executor-rxbvml-doorbell-stress
    Test #1205: persistent_worker_executor-rxbvml .......................   Passed    0.09 sec
      Start 1205: persistent_worker_executor-rxbvml
    Test #1208: persistent_worker_executor-rxbvml-sparse-owner-stress ...   Passed    0.02 sec
      Start 1208: persistent_worker_executor-rxbvml-sparse-owner-stress
    Test #1136: gate_f_channel_local_rxtvm ..............................   Passed    0.02 sec
      Start 1136: gate_f_channel_local_rxtvm
    Test #1220: persistent_worker_executor-rxtvml-doorbell-stress .......   Passed    0.01 sec
      Start 1220: persistent_worker_executor-rxtvml-doorbell-stress
    Test #1222: persistent_worker_executor-rxtvml-sparse-owner-stress ...   Passed    0.02 sec
      Start 1222: persistent_worker_executor-rxtvml-sparse-owner-stress
    Test #1135: gate_f_channel_local_rxbvm ..............................   Passed    0.02 sec
      Start 1135: gate_f_channel_local_rxbvm
    Test #1206: persistent_worker_executor-rxbvml-doorbell-stress .......   Passed    0.01 sec
      Start 1206: persistent_worker_executor-rxbvml-doorbell-stress
    Test #1136: gate_f_channel_local_rxtvm ..............................   Passed    0.02 sec
      Start 1136: gate_f_channel_local_rxtvm
    Test #1208: persistent_worker_executor-rxbvml-sparse-owner-stress ...   Passed    0.02 sec
      Start 1208: persistent_worker_executor-rxbvml-sparse-owner-stress
    Test #1222: persistent_worker_executor-rxtvml-sparse-owner-stress ...   Passed    0.01 sec
      Start 1222: persistent_worker_executor-rxtvml-sparse-owner-stress
    Test #1220: persistent_worker_executor-rxtvml-doorbell-stress .......   Passed    0.02 sec
      Start 1220: persistent_worker_executor-rxtvml-doorbell-stress
    Test #1135: gate_f_channel_local_rxbvm ..............................   Passed    0.02 sec
      Start 1135: gate_f_channel_local_rxbvm
    Test #1206: persistent_worker_executor-rxbvml-doorbell-stress .......   Passed    0.02 sec
      Start 1206: persistent_worker_executor-rxbvml-doorbell-stress
    Test #1208: persistent_worker_executor-rxbvml-sparse-owner-stress ...   Passed    0.01 sec
      Start 1208: persistent_worker_executor-rxbvml-sparse-owner-stress
    Test #1220: persistent_worker_executor-rxtvml-doorbell-stress .......   Passed    0.01 sec
      Start 1220: persistent_worker_executor-rxtvml-doorbell-stress
    Test #1136: gate_f_channel_local_rxtvm ..............................   Passed    0.02 sec
      Start 1136: gate_f_channel_local_rxtvm
    Test #1222: persistent_worker_executor-rxtvml-sparse-owner-stress ...   Passed    0.02 sec
      Start 1222: persistent_worker_executor-rxtvml-sparse-owner-stress
    Test #1206: persistent_worker_executor-rxbvml-doorbell-stress .......   Passed    0.01 sec
      Start 1206: persistent_worker_executor-rxbvml-doorbell-stress
    Test #1135: gate_f_channel_local_rxbvm ..............................   Passed    0.02 sec
      Start 1135: gate_f_channel_local_rxbvm
 3/10 Test #1208: persistent_worker_executor-rxbvml-sparse-owner-stress ...   Passed    0.01 sec
    Test #1220: persistent_worker_executor-rxtvml-doorbell-stress .......   Passed    0.01 sec
      Start 1220: persistent_worker_executor-rxtvml-doorbell-stress
 4/10 Test #1222: persistent_worker_executor-rxtvml-sparse-owner-stress ...   Passed    0.02 sec
    Test #1136: gate_f_channel_local_rxtvm ..............................   Passed    0.02 sec
      Start 1136: gate_f_channel_local_rxtvm
    Test #1206: persistent_worker_executor-rxbvml-doorbell-stress .......   Passed    0.01 sec
      Start 1206: persistent_worker_executor-rxbvml-doorbell-stress
    Test #1135: gate_f_channel_local_rxbvm ..............................   Passed    0.02 sec
      Start 1135: gate_f_channel_local_rxbvm
    Test #1220: persistent_worker_executor-rxtvml-doorbell-stress .......   Passed    0.01 sec
      Start 1220: persistent_worker_executor-rxtvml-doorbell-stress
    Test #1219: persistent_worker_executor-rxtvml .......................   Passed    0.09 sec
      Start 1219: persistent_worker_executor-rxtvml
    Test #1136: gate_f_channel_local_rxtvm ..............................   Passed    0.02 sec
      Start 1136: gate_f_channel_local_rxtvm
    Test #1206: persistent_worker_executor-rxbvml-doorbell-stress .......   Passed    0.01 sec
      Start 1206: persistent_worker_executor-rxbvml-doorbell-stress
    Test #1220: persistent_worker_executor-rxtvml-doorbell-stress .......   Passed    0.01 sec
      Start 1220: persistent_worker_executor-rxtvml-doorbell-stress
    Test #1135: gate_f_channel_local_rxbvm ..............................   Passed    0.02 sec
      Start 1135: gate_f_channel_local_rxbvm
    Test #1206: persistent_worker_executor-rxbvml-doorbell-stress .......   Passed    0.01 sec
      Start 1206: persistent_worker_executor-rxbvml-doorbell-stress
    Test #1136: gate_f_channel_local_rxtvm ..............................   Passed    0.02 sec
      Start 1136: gate_f_channel_local_rxtvm
    Test #1205: persistent_worker_executor-rxbvml .......................   Passed    0.09 sec
      Start 1205: persistent_worker_executor-rxbvml
 5/10 Test #1220: persistent_worker_executor-rxtvml-doorbell-stress .......   Passed    0.01 sec
    Test #1206: persistent_worker_executor-rxbvml-doorbell-stress .......   Passed    0.01 sec
      Start 1206: persistent_worker_executor-rxbvml-doorbell-stress
    Test #1135: gate_f_channel_local_rxbvm ..............................   Passed    0.02 sec
      Start 1135: gate_f_channel_local_rxbvm
    Test #1136: gate_f_channel_local_rxtvm ..............................   Passed    0.02 sec
      Start 1136: gate_f_channel_local_rxtvm
 6/10 Test #1206: persistent_worker_executor-rxbvml-doorbell-stress .......   Passed    0.01 sec
    Test #1135: gate_f_channel_local_rxbvm ..............................   Passed    0.02 sec
      Start 1135: gate_f_channel_local_rxbvm
    Test #1136: gate_f_channel_local_rxtvm ..............................   Passed    0.02 sec
      Start 1136: gate_f_channel_local_rxtvm
    Test #1135: gate_f_channel_local_rxbvm ..............................   Passed    0.02 sec
      Start 1135: gate_f_channel_local_rxbvm
    Test #1136: gate_f_channel_local_rxtvm ..............................   Passed    0.02 sec
      Start 1136: gate_f_channel_local_rxtvm
    Test #1135: gate_f_channel_local_rxbvm ..............................   Passed    0.01 sec
      Start 1135: gate_f_channel_local_rxbvm
 7/10 Test #1136: gate_f_channel_local_rxtvm ..............................   Passed    0.02 sec
    Test #1219: persistent_worker_executor-rxtvml .......................   Passed    0.08 sec
      Start 1219: persistent_worker_executor-rxtvml
    Test #1135: gate_f_channel_local_rxbvm ..............................   Passed    0.02 sec
      Start 1135: gate_f_channel_local_rxbvm
    Test #1205: persistent_worker_executor-rxbvml .......................   Passed    0.08 sec
      Start 1205: persistent_worker_executor-rxbvml
 8/10 Test #1135: gate_f_channel_local_rxbvm ..............................   Passed    0.02 sec
    Test #1219: persistent_worker_executor-rxtvml .......................   Passed    0.08 sec
      Start 1219: persistent_worker_executor-rxtvml
    Test #1205: persistent_worker_executor-rxbvml .......................   Passed    0.08 sec
      Start 1205: persistent_worker_executor-rxbvml
    Test #1219: persistent_worker_executor-rxtvml .......................   Passed    0.08 sec
      Start 1219: persistent_worker_executor-rxtvml
    Test #1205: persistent_worker_executor-rxbvml .......................   Passed    0.08 sec
      Start 1205: persistent_worker_executor-rxbvml
    Test #1205: persistent_worker_executor-rxbvml .......................   Passed    0.07 sec
      Start 1205: persistent_worker_executor-rxbvml
    Test #1219: persistent_worker_executor-rxtvml .......................   Passed    0.08 sec
      Start 1219: persistent_worker_executor-rxtvml
    Test #1205: persistent_worker_executor-rxbvml .......................   Passed    0.07 sec
      Start 1205: persistent_worker_executor-rxbvml
    Test #1219: persistent_worker_executor-rxtvml .......................   Passed    0.08 sec
      Start 1219: persistent_worker_executor-rxtvml
    Test #1205: persistent_worker_executor-rxbvml .......................   Passed    0.07 sec
      Start 1205: persistent_worker_executor-rxbvml
    Test #1219: persistent_worker_executor-rxtvml .......................   Passed    0.08 sec
      Start 1219: persistent_worker_executor-rxtvml
    Test #1205: persistent_worker_executor-rxbvml .......................   Passed    0.07 sec
      Start 1205: persistent_worker_executor-rxbvml
    Test #1219: persistent_worker_executor-rxtvml .......................   Passed    0.07 sec
      Start 1219: persistent_worker_executor-rxtvml
    Test #1205: persistent_worker_executor-rxbvml .......................   Passed    0.07 sec
      Start 1205: persistent_worker_executor-rxbvml
    Test #1219: persistent_worker_executor-rxtvml .......................   Passed    0.08 sec
      Start 1219: persistent_worker_executor-rxtvml
    Test #1205: persistent_worker_executor-rxbvml .......................   Passed    0.07 sec
      Start 1205: persistent_worker_executor-rxbvml
    Test #1219: persistent_worker_executor-rxtvml .......................   Passed    0.08 sec
      Start 1219: persistent_worker_executor-rxtvml
    Test #1205: persistent_worker_executor-rxbvml .......................   Passed    0.07 sec
      Start 1205: persistent_worker_executor-rxbvml
    Test #1219: persistent_worker_executor-rxtvml .......................   Passed    0.07 sec
      Start 1219: persistent_worker_executor-rxtvml
    Test #1205: persistent_worker_executor-rxbvml .......................   Passed    0.07 sec
      Start 1205: persistent_worker_executor-rxbvml
    Test #1219: persistent_worker_executor-rxtvml .......................   Passed    0.07 sec
      Start 1219: persistent_worker_executor-rxtvml
    Test #1205: persistent_worker_executor-rxbvml .......................   Passed    0.07 sec
      Start 1205: persistent_worker_executor-rxbvml
    Test #1219: persistent_worker_executor-rxtvml .......................   Passed    0.07 sec
      Start 1219: persistent_worker_executor-rxtvml
    Test #1205: persistent_worker_executor-rxbvml .......................   Passed    0.07 sec
      Start 1205: persistent_worker_executor-rxbvml
    Test #1219: persistent_worker_executor-rxtvml .......................   Passed    0.07 sec
      Start 1219: persistent_worker_executor-rxtvml
    Test #1205: persistent_worker_executor-rxbvml .......................   Passed    0.07 sec
      Start 1205: persistent_worker_executor-rxbvml
    Test #1219: persistent_worker_executor-rxtvml .......................   Passed    0.07 sec
      Start 1219: persistent_worker_executor-rxtvml
    Test #1205: persistent_worker_executor-rxbvml .......................   Passed    0.07 sec
      Start 1205: persistent_worker_executor-rxbvml
    Test #1219: persistent_worker_executor-rxtvml .......................   Passed    0.07 sec
      Start 1219: persistent_worker_executor-rxtvml
    Test #1205: persistent_worker_executor-rxbvml .......................   Passed    0.07 sec
      Start 1205: persistent_worker_executor-rxbvml
    Test #1219: persistent_worker_executor-rxtvml .......................   Passed    0.07 sec
      Start 1219: persistent_worker_executor-rxtvml
    Test #1205: persistent_worker_executor-rxbvml .......................   Passed    0.07 sec
      Start 1205: persistent_worker_executor-rxbvml
    Test #1219: persistent_worker_executor-rxtvml .......................   Passed    0.07 sec
      Start 1219: persistent_worker_executor-rxtvml
    Test #1205: persistent_worker_executor-rxbvml .......................   Passed    0.07 sec
      Start 1205: persistent_worker_executor-rxbvml
    Test #1219: persistent_worker_executor-rxtvml .......................   Passed    0.07 sec
      Start 1219: persistent_worker_executor-rxtvml
    Test #1205: persistent_worker_executor-rxbvml .......................   Passed    0.07 sec
      Start 1205: persistent_worker_executor-rxbvml
    Test #1205: persistent_worker_executor-rxbvml .......................   Passed    0.07 sec
      Start 1205: persistent_worker_executor-rxbvml
    Test #1219: persistent_worker_executor-rxtvml .......................   Passed    0.07 sec
      Start 1219: persistent_worker_executor-rxtvml
    Test #1205: persistent_worker_executor-rxbvml .......................   Passed    0.07 sec
      Start 1205: persistent_worker_executor-rxbvml
    Test #1219: persistent_worker_executor-rxtvml .......................   Passed    0.07 sec
      Start 1219: persistent_worker_executor-rxtvml
    Test #1205: persistent_worker_executor-rxbvml .......................   Passed    0.07 sec
      Start 1205: persistent_worker_executor-rxbvml
    Test #1219: persistent_worker_executor-rxtvml .......................   Passed    0.07 sec
      Start 1219: persistent_worker_executor-rxtvml
    Test #1205: persistent_worker_executor-rxbvml .......................   Passed    0.07 sec
      Start 1205: persistent_worker_executor-rxbvml
    Test #1219: persistent_worker_executor-rxtvml .......................   Passed    0.07 sec
      Start 1219: persistent_worker_executor-rxtvml
    Test #1205: persistent_worker_executor-rxbvml .......................   Passed    0.07 sec
      Start 1205: persistent_worker_executor-rxbvml
    Test #1219: persistent_worker_executor-rxtvml .......................   Passed    0.07 sec
      Start 1219: persistent_worker_executor-rxtvml
    Test #1205: persistent_worker_executor-rxbvml .......................   Passed    0.07 sec
      Start 1205: persistent_worker_executor-rxbvml
    Test #1219: persistent_worker_executor-rxtvml .......................   Passed    0.07 sec
      Start 1219: persistent_worker_executor-rxtvml
    Test #1205: persistent_worker_executor-rxbvml .......................   Passed    0.07 sec
      Start 1205: persistent_worker_executor-rxbvml
    Test #1219: persistent_worker_executor-rxtvml .......................   Passed    0.08 sec
      Start 1219: persistent_worker_executor-rxtvml
    Test #1205: persistent_worker_executor-rxbvml .......................   Passed    0.07 sec
      Start 1205: persistent_worker_executor-rxbvml
    Test #1219: persistent_worker_executor-rxtvml .......................   Passed    0.08 sec
      Start 1219: persistent_worker_executor-rxtvml
    Test #1205: persistent_worker_executor-rxbvml .......................   Passed    0.07 sec
      Start 1205: persistent_worker_executor-rxbvml
    Test #1219: persistent_worker_executor-rxtvml .......................   Passed    0.07 sec
      Start 1219: persistent_worker_executor-rxtvml
    Test #1205: persistent_worker_executor-rxbvml .......................   Passed    0.07 sec
      Start 1205: persistent_worker_executor-rxbvml
    Test #1219: persistent_worker_executor-rxtvml .......................   Passed    0.08 sec
      Start 1219: persistent_worker_executor-rxtvml
    Test #1205: persistent_worker_executor-rxbvml .......................   Passed    0.07 sec
      Start 1205: persistent_worker_executor-rxbvml
    Test #1219: persistent_worker_executor-rxtvml .......................   Passed    0.08 sec
      Start 1219: persistent_worker_executor-rxtvml
    Test #1205: persistent_worker_executor-rxbvml .......................   Passed    0.07 sec
      Start 1205: persistent_worker_executor-rxbvml
    Test #1219: persistent_worker_executor-rxtvml .......................   Passed    0.08 sec
      Start 1219: persistent_worker_executor-rxtvml
    Test #1205: persistent_worker_executor-rxbvml .......................   Passed    0.07 sec
      Start 1205: persistent_worker_executor-rxbvml
    Test #1219: persistent_worker_executor-rxtvml .......................   Passed    0.08 sec
      Start 1219: persistent_worker_executor-rxtvml
    Test #1205: persistent_worker_executor-rxbvml .......................   Passed    0.07 sec
      Start 1205: persistent_worker_executor-rxbvml
    Test #1219: persistent_worker_executor-rxtvml .......................   Passed    0.07 sec
      Start 1219: persistent_worker_executor-rxtvml
    Test #1205: persistent_worker_executor-rxbvml .......................   Passed    0.07 sec
      Start 1205: persistent_worker_executor-rxbvml
    Test #1219: persistent_worker_executor-rxtvml .......................   Passed    0.08 sec
      Start 1219: persistent_worker_executor-rxtvml
    Test #1205: persistent_worker_executor-rxbvml .......................   Passed    0.07 sec
      Start 1205: persistent_worker_executor-rxbvml
    Test #1205: persistent_worker_executor-rxbvml .......................   Passed    0.07 sec
      Start 1205: persistent_worker_executor-rxbvml
    Test #1219: persistent_worker_executor-rxtvml .......................   Passed    0.07 sec
      Start 1219: persistent_worker_executor-rxtvml
    Test #1205: persistent_worker_executor-rxbvml .......................   Passed    0.07 sec
      Start 1205: persistent_worker_executor-rxbvml
    Test #1219: persistent_worker_executor-rxtvml .......................   Passed    0.08 sec
      Start 1219: persistent_worker_executor-rxtvml
    Test #1205: persistent_worker_executor-rxbvml .......................   Passed    0.07 sec
      Start 1205: persistent_worker_executor-rxbvml
    Test #1219: persistent_worker_executor-rxtvml .......................   Passed    0.08 sec
      Start 1219: persistent_worker_executor-rxtvml
    Test #1205: persistent_worker_executor-rxbvml .......................   Passed    0.07 sec
      Start 1205: persistent_worker_executor-rxbvml
    Test #1219: persistent_worker_executor-rxtvml .......................   Passed    0.08 sec
      Start 1219: persistent_worker_executor-rxtvml
    Test #1205: persistent_worker_executor-rxbvml .......................   Passed    0.07 sec
      Start 1205: persistent_worker_executor-rxbvml
    Test #1219: persistent_worker_executor-rxtvml .......................   Passed    0.08 sec
      Start 1219: persistent_worker_executor-rxtvml
    Test #1205: persistent_worker_executor-rxbvml .......................   Passed    0.07 sec
      Start 1205: persistent_worker_executor-rxbvml
    Test #1219: persistent_worker_executor-rxtvml .......................   Passed    0.08 sec
      Start 1219: persistent_worker_executor-rxtvml
    Test #1205: persistent_worker_executor-rxbvml .......................   Passed    0.07 sec
      Start 1205: persistent_worker_executor-rxbvml
    Test #1219: persistent_worker_executor-rxtvml .......................   Passed    0.08 sec
      Start 1219: persistent_worker_executor-rxtvml
    Test #1205: persistent_worker_executor-rxbvml .......................   Passed    0.07 sec
      Start 1205: persistent_worker_executor-rxbvml
    Test #1219: persistent_worker_executor-rxtvml .......................   Passed    0.07 sec
      Start 1219: persistent_worker_executor-rxtvml
    Test #1205: persistent_worker_executor-rxbvml .......................   Passed    0.07 sec
      Start 1205: persistent_worker_executor-rxbvml
    Test #1219: persistent_worker_executor-rxtvml .......................   Passed    0.07 sec
      Start 1219: persistent_worker_executor-rxtvml
    Test #1205: persistent_worker_executor-rxbvml .......................   Passed    0.07 sec
      Start 1205: persistent_worker_executor-rxbvml
    Test #1219: persistent_worker_executor-rxtvml .......................   Passed    0.07 sec
      Start 1219: persistent_worker_executor-rxtvml
    Test #1205: persistent_worker_executor-rxbvml .......................   Passed    0.07 sec
      Start 1205: persistent_worker_executor-rxbvml
    Test #1219: persistent_worker_executor-rxtvml .......................   Passed    0.08 sec
      Start 1219: persistent_worker_executor-rxtvml
    Test #1205: persistent_worker_executor-rxbvml .......................   Passed    0.07 sec
      Start 1205: persistent_worker_executor-rxbvml
    Test #1219: persistent_worker_executor-rxtvml .......................   Passed    0.08 sec
      Start 1219: persistent_worker_executor-rxtvml
    Test #1205: persistent_worker_executor-rxbvml .......................   Passed    0.07 sec
      Start 1205: persistent_worker_executor-rxbvml
    Test #1219: persistent_worker_executor-rxtvml .......................   Passed    0.08 sec
      Start 1219: persistent_worker_executor-rxtvml
    Test #1205: persistent_worker_executor-rxbvml .......................   Passed    0.07 sec
      Start 1205: persistent_worker_executor-rxbvml
    Test #1219: persistent_worker_executor-rxtvml .......................   Passed    0.07 sec
      Start 1219: persistent_worker_executor-rxtvml
    Test #1205: persistent_worker_executor-rxbvml .......................   Passed    0.07 sec
      Start 1205: persistent_worker_executor-rxbvml
    Test #1219: persistent_worker_executor-rxtvml .......................   Passed    0.08 sec
      Start 1219: persistent_worker_executor-rxtvml
    Test #1205: persistent_worker_executor-rxbvml .......................   Passed    0.07 sec
      Start 1205: persistent_worker_executor-rxbvml
    Test #1219: persistent_worker_executor-rxtvml .......................   Passed    0.08 sec
      Start 1219: persistent_worker_executor-rxtvml
    Test #1205: persistent_worker_executor-rxbvml .......................   Passed    0.07 sec
      Start 1205: persistent_worker_executor-rxbvml
    Test #1205: persistent_worker_executor-rxbvml .......................   Passed    0.07 sec
      Start 1205: persistent_worker_executor-rxbvml
    Test #1219: persistent_worker_executor-rxtvml .......................   Passed    0.08 sec
      Start 1219: persistent_worker_executor-rxtvml
    Test #1205: persistent_worker_executor-rxbvml .......................   Passed    0.07 sec
      Start 1205: persistent_worker_executor-rxbvml
    Test #1219: persistent_worker_executor-rxtvml .......................   Passed    0.08 sec
      Start 1219: persistent_worker_executor-rxtvml
    Test #1205: persistent_worker_executor-rxbvml .......................   Passed    0.07 sec
      Start 1205: persistent_worker_executor-rxbvml
    Test #1219: persistent_worker_executor-rxtvml .......................   Passed    0.08 sec
      Start 1219: persistent_worker_executor-rxtvml
    Test #1205: persistent_worker_executor-rxbvml .......................   Passed    0.07 sec
      Start 1205: persistent_worker_executor-rxbvml
    Test #1219: persistent_worker_executor-rxtvml .......................   Passed    0.08 sec
      Start 1219: persistent_worker_executor-rxtvml
    Test #1205: persistent_worker_executor-rxbvml .......................   Passed    0.07 sec
      Start 1205: persistent_worker_executor-rxbvml
    Test #1219: persistent_worker_executor-rxtvml .......................   Passed    0.07 sec
      Start 1219: persistent_worker_executor-rxtvml
    Test #1205: persistent_worker_executor-rxbvml .......................   Passed    0.07 sec
      Start 1205: persistent_worker_executor-rxbvml
    Test #1219: persistent_worker_executor-rxtvml .......................   Passed    0.08 sec
      Start 1219: persistent_worker_executor-rxtvml
    Test #1205: persistent_worker_executor-rxbvml .......................   Passed    0.07 sec
      Start 1205: persistent_worker_executor-rxbvml
    Test #1219: persistent_worker_executor-rxtvml .......................   Passed    0.07 sec
      Start 1219: persistent_worker_executor-rxtvml
    Test #1205: persistent_worker_executor-rxbvml .......................   Passed    0.07 sec
      Start 1205: persistent_worker_executor-rxbvml
    Test #1219: persistent_worker_executor-rxtvml .......................   Passed    0.08 sec
      Start 1219: persistent_worker_executor-rxtvml
    Test #1205: persistent_worker_executor-rxbvml .......................   Passed    0.07 sec
      Start 1205: persistent_worker_executor-rxbvml
    Test #1219: persistent_worker_executor-rxtvml .......................   Passed    0.08 sec
      Start 1219: persistent_worker_executor-rxtvml
    Test #1205: persistent_worker_executor-rxbvml .......................   Passed    0.07 sec
      Start 1205: persistent_worker_executor-rxbvml
    Test #1219: persistent_worker_executor-rxtvml .......................   Passed    0.08 sec
      Start 1219: persistent_worker_executor-rxtvml
    Test #1205: persistent_worker_executor-rxbvml .......................   Passed    0.07 sec
      Start 1205: persistent_worker_executor-rxbvml
    Test #1219: persistent_worker_executor-rxtvml .......................   Passed    0.08 sec
      Start 1219: persistent_worker_executor-rxtvml
    Test #1205: persistent_worker_executor-rxbvml .......................   Passed    0.07 sec
      Start 1205: persistent_worker_executor-rxbvml
    Test #1219: persistent_worker_executor-rxtvml .......................   Passed    0.08 sec
      Start 1219: persistent_worker_executor-rxtvml
    Test #1205: persistent_worker_executor-rxbvml .......................   Passed    0.07 sec
      Start 1205: persistent_worker_executor-rxbvml
    Test #1219: persistent_worker_executor-rxtvml .......................   Passed    0.07 sec
      Start 1219: persistent_worker_executor-rxtvml
    Test #1205: persistent_worker_executor-rxbvml .......................   Passed    0.07 sec
      Start 1205: persistent_worker_executor-rxbvml
    Test #1219: persistent_worker_executor-rxtvml .......................   Passed    0.08 sec
      Start 1219: persistent_worker_executor-rxtvml
    Test #1205: persistent_worker_executor-rxbvml .......................   Passed    0.07 sec
      Start 1205: persistent_worker_executor-rxbvml
    Test #1219: persistent_worker_executor-rxtvml .......................   Passed    0.08 sec
      Start 1219: persistent_worker_executor-rxtvml
    Test #1205: persistent_worker_executor-rxbvml .......................   Passed    0.07 sec
      Start 1205: persistent_worker_executor-rxbvml
    Test #1219: persistent_worker_executor-rxtvml .......................   Passed    0.08 sec
      Start 1219: persistent_worker_executor-rxtvml
    Test #1205: persistent_worker_executor-rxbvml .......................   Passed    0.07 sec
      Start 1205: persistent_worker_executor-rxbvml
    Test #1205: persistent_worker_executor-rxbvml .......................   Passed    0.07 sec
      Start 1205: persistent_worker_executor-rxbvml
    Test #1219: persistent_worker_executor-rxtvml .......................   Passed    0.08 sec
      Start 1219: persistent_worker_executor-rxtvml
    Test #1205: persistent_worker_executor-rxbvml .......................   Passed    0.07 sec
      Start 1205: persistent_worker_executor-rxbvml
    Test #1219: persistent_worker_executor-rxtvml .......................   Passed    0.07 sec
      Start 1219: persistent_worker_executor-rxtvml
    Test #1205: persistent_worker_executor-rxbvml .......................   Passed    0.07 sec
      Start 1205: persistent_worker_executor-rxbvml
    Test #1219: persistent_worker_executor-rxtvml .......................   Passed    0.08 sec
      Start 1219: persistent_worker_executor-rxtvml
    Test #1205: persistent_worker_executor-rxbvml .......................   Passed    0.07 sec
      Start 1205: persistent_worker_executor-rxbvml
    Test #1219: persistent_worker_executor-rxtvml .......................   Passed    0.08 sec
      Start 1219: persistent_worker_executor-rxtvml
    Test #1205: persistent_worker_executor-rxbvml .......................   Passed    0.07 sec
      Start 1205: persistent_worker_executor-rxbvml
    Test #1219: persistent_worker_executor-rxtvml .......................   Passed    0.08 sec
      Start 1219: persistent_worker_executor-rxtvml
    Test #1205: persistent_worker_executor-rxbvml .......................   Passed    0.07 sec
      Start 1205: persistent_worker_executor-rxbvml
    Test #1219: persistent_worker_executor-rxtvml .......................   Passed    0.08 sec
      Start 1219: persistent_worker_executor-rxtvml
    Test #1205: persistent_worker_executor-rxbvml .......................   Passed    0.07 sec
      Start 1205: persistent_worker_executor-rxbvml
    Test #1219: persistent_worker_executor-rxtvml .......................   Passed    0.08 sec
      Start 1219: persistent_worker_executor-rxtvml
    Test #1205: persistent_worker_executor-rxbvml .......................   Passed    0.07 sec
      Start 1205: persistent_worker_executor-rxbvml
    Test #1219: persistent_worker_executor-rxtvml .......................   Passed    0.08 sec
      Start 1219: persistent_worker_executor-rxtvml
    Test #1205: persistent_worker_executor-rxbvml .......................   Passed    0.07 sec
      Start 1205: persistent_worker_executor-rxbvml
    Test #1219: persistent_worker_executor-rxtvml .......................   Passed    0.08 sec
      Start 1219: persistent_worker_executor-rxtvml
    Test #1205: persistent_worker_executor-rxbvml .......................   Passed    0.07 sec
      Start 1205: persistent_worker_executor-rxbvml
    Test #1219: persistent_worker_executor-rxtvml .......................   Passed    0.08 sec
      Start 1219: persistent_worker_executor-rxtvml
    Test #1205: persistent_worker_executor-rxbvml .......................   Passed    0.07 sec
      Start 1205: persistent_worker_executor-rxbvml
    Test #1219: persistent_worker_executor-rxtvml .......................   Passed    0.08 sec
      Start 1219: persistent_worker_executor-rxtvml
    Test #1205: persistent_worker_executor-rxbvml .......................   Passed    0.07 sec
      Start 1205: persistent_worker_executor-rxbvml
    Test #1219: persistent_worker_executor-rxtvml .......................   Passed    0.08 sec
      Start 1219: persistent_worker_executor-rxtvml
    Test #1205: persistent_worker_executor-rxbvml .......................   Passed    0.07 sec
      Start 1205: persistent_worker_executor-rxbvml
    Test #1219: persistent_worker_executor-rxtvml .......................   Passed    0.08 sec
      Start 1219: persistent_worker_executor-rxtvml
 9/10 Test #1205: persistent_worker_executor-rxbvml .......................   Passed    0.07 sec
    Test #1219: persistent_worker_executor-rxtvml .......................   Passed    0.07 sec
      Start 1219: persistent_worker_executor-rxtvml
    Test #1219: persistent_worker_executor-rxtvml .......................   Passed    0.07 sec
      Start 1219: persistent_worker_executor-rxtvml
    Test #1219: persistent_worker_executor-rxtvml .......................   Passed    0.07 sec
      Start 1219: persistent_worker_executor-rxtvml
    Test #1219: persistent_worker_executor-rxtvml .......................   Passed    0.07 sec
      Start 1219: persistent_worker_executor-rxtvml
    Test #1219: persistent_worker_executor-rxtvml .......................   Passed    0.07 sec
      Start 1219: persistent_worker_executor-rxtvml
10/10 Test #1219: persistent_worker_executor-rxtvml .......................   Passed    0.07 sec

100% tests passed, 0 tests failed out of 10

Label Time Summary:
channels       =   0.03 sec*proc (2 tests)
e5             =   0.21 sec*proc (8 tests)
f1b            =   0.03 sec*proc (2 tests)
fallback       =   0.05 sec*proc (4 tests)
gate-e         =   0.21 sec*proc (8 tests)
gate-f         =   0.03 sec*proc (2 tests)
industrial     =   0.21 sec*proc (8 tests)
interpreter    =   0.24 sec*proc (10 tests)
lifecycle      =   0.08 sec*proc (6 tests)
macos          =   0.21 sec*proc (8 tests)
perf3          =   0.24 sec*proc (10 tests)
private        =   0.21 sec*proc (8 tests)
race           =   0.05 sec*proc (4 tests)
sparse         =   0.05 sec*proc (4 tests)

Total Test time (real) =   7.98 sec
