vm	comparison	loop_count	padding_cells	process_run	pair	order	current_us	alternative_us	delta_us	delta_per_call_ns	alternative_delta_percent
rxvm	FMULTICOPY_CHAIN_SELECTION	1000000	0	1	1	alternative-first	3964	3730	-234	-0.234000	-5.903128
rxvm	FMULTICOPY_CHAIN_SELECTION	1000000	0	1	2	current-first	3924	3523	-401	-0.401000	-10.219164
rxvm	FMULTICOPY_CHAIN_SELECTION	1000000	0	1	3	alternative-first	3979	3589	-390	-0.390000	-9.801458
rxvm	FMULTICOPY_CHAIN_SELECTION	1000000	0	1	4	current-first	3971	3534	-437	-0.437000	-11.004785
rxbvm	FMULTICOPY_CHAIN_SELECTION	1000000	0	1	1	alternative-first	4249	3924	-325	-0.325000	-7.648859
rxbvm	FMULTICOPY_CHAIN_SELECTION	1000000	0	1	2	current-first	4262	3877	-385	-0.385000	-9.033318
rxbvm	FMULTICOPY_CHAIN_SELECTION	1000000	0	1	3	alternative-first	4301	3926	-375	-0.375000	-8.718903
rxbvm	FMULTICOPY_CHAIN_SELECTION	1000000	0	1	4	current-first	4244	3882	-362	-0.362000	-8.529689
rxbvm	FMULTICOPY_CHAIN_SELECTION	1000000	0	2	1	alternative-first	4374	3891	-483	-0.483000	-11.042524
rxbvm	FMULTICOPY_CHAIN_SELECTION	1000000	0	2	2	current-first	4462	3842	-620	-0.620000	-13.895114
rxbvm	FMULTICOPY_CHAIN_SELECTION	1000000	0	2	3	alternative-first	4386	3934	-452	-0.452000	-10.305518
rxbvm	FMULTICOPY_CHAIN_SELECTION	1000000	0	2	4	current-first	4355	3873	-482	-0.482000	-11.067738
rxvm	FMULTICOPY_CHAIN_SELECTION	1000000	0	2	1	alternative-first	3886	3515	-371	-0.371000	-9.547092
rxvm	FMULTICOPY_CHAIN_SELECTION	1000000	0	2	2	current-first	3894	3588	-306	-0.306000	-7.858243
rxvm	FMULTICOPY_CHAIN_SELECTION	1000000	0	2	3	alternative-first	3931	3468	-463	-0.463000	-11.778173
rxvm	FMULTICOPY_CHAIN_SELECTION	1000000	0	2	4	current-first	3922	3477	-445	-0.445000	-11.346252
rxvm	FMULTICOPY_CHAIN_SELECTION	1000000	0	3	1	alternative-first	3933	3497	-436	-0.436000	-11.085685
rxvm	FMULTICOPY_CHAIN_SELECTION	1000000	0	3	2	current-first	3897	3481	-416	-0.416000	-10.674878
rxvm	FMULTICOPY_CHAIN_SELECTION	1000000	0	3	3	alternative-first	3918	3478	-440	-0.440000	-11.230219
rxvm	FMULTICOPY_CHAIN_SELECTION	1000000	0	3	4	current-first	3950	3478	-472	-0.472000	-11.949367
rxbvm	FMULTICOPY_CHAIN_SELECTION	1000000	0	3	1	alternative-first	4188	3785	-403	-0.403000	-9.622732
rxbvm	FMULTICOPY_CHAIN_SELECTION	1000000	0	3	2	current-first	4292	3866	-426	-0.426000	-9.925443
rxbvm	FMULTICOPY_CHAIN_SELECTION	1000000	0	3	3	alternative-first	4239	3822	-417	-0.417000	-9.837226
rxbvm	FMULTICOPY_CHAIN_SELECTION	1000000	0	3	4	current-first	4252	3839	-413	-0.413000	-9.713076
rxvm	FMULTICOPY_CHAIN_SELECTION	1000000	8	1	1	alternative-first	3929	3550	-379	-0.379000	-9.646220
rxvm	FMULTICOPY_CHAIN_SELECTION	1000000	8	1	2	current-first	3887	3563	-324	-0.324000	-8.335477
rxvm	FMULTICOPY_CHAIN_SELECTION	1000000	8	1	3	alternative-first	3925	3548	-377	-0.377000	-9.605096
rxvm	FMULTICOPY_CHAIN_SELECTION	1000000	8	1	4	current-first	4046	3541	-505	-0.505000	-12.481463
rxbvm	FMULTICOPY_CHAIN_SELECTION	1000000	8	1	1	alternative-first	4351	3833	-518	-0.518000	-11.905309
rxbvm	FMULTICOPY_CHAIN_SELECTION	1000000	8	1	2	current-first	4339	3820	-519	-0.519000	-11.961281
rxbvm	FMULTICOPY_CHAIN_SELECTION	1000000	8	1	3	alternative-first	4356	3870	-486	-0.486000	-11.157025
rxbvm	FMULTICOPY_CHAIN_SELECTION	1000000	8	1	4	current-first	4325	3865	-460	-0.460000	-10.635838
rxbvm	FMULTICOPY_CHAIN_SELECTION	1000000	8	2	1	alternative-first	4307	3840	-467	-0.467000	-10.842814
rxbvm	FMULTICOPY_CHAIN_SELECTION	1000000	8	2	2	current-first	4380	3864	-516	-0.516000	-11.780822
rxbvm	FMULTICOPY_CHAIN_SELECTION	1000000	8	2	3	alternative-first	4434	3829	-605	-0.605000	-13.644565
rxbvm	FMULTICOPY_CHAIN_SELECTION	1000000	8	2	4	current-first	4391	3870	-521	-0.521000	-11.865179
rxvm	FMULTICOPY_CHAIN_SELECTION	1000000	8	2	1	alternative-first	3988	3548	-440	-0.440000	-11.033099
rxvm	FMULTICOPY_CHAIN_SELECTION	1000000	8	2	2	current-first	4013	3594	-419	-0.419000	-10.441067
rxvm	FMULTICOPY_CHAIN_SELECTION	1000000	8	2	3	alternative-first	4043	3516	-527	-0.527000	-13.034875
rxvm	FMULTICOPY_CHAIN_SELECTION	1000000	8	2	4	current-first	3976	3571	-405	-0.405000	-10.186117
rxvm	FMULTICOPY_CHAIN_SELECTION	1000000	8	3	1	alternative-first	3996	3507	-489	-0.489000	-12.237237
rxvm	FMULTICOPY_CHAIN_SELECTION	1000000	8	3	2	current-first	3944	3498	-446	-0.446000	-11.308316
rxvm	FMULTICOPY_CHAIN_SELECTION	1000000	8	3	3	alternative-first	3980	3517	-463	-0.463000	-11.633166
rxvm	FMULTICOPY_CHAIN_SELECTION	1000000	8	3	4	current-first	3971	3494	-477	-0.477000	-12.012088
rxbvm	FMULTICOPY_CHAIN_SELECTION	1000000	8	3	1	alternative-first	4399	3835	-564	-0.564000	-12.821096
rxbvm	FMULTICOPY_CHAIN_SELECTION	1000000	8	3	2	current-first	4383	3870	-513	-0.513000	-11.704312
rxbvm	FMULTICOPY_CHAIN_SELECTION	1000000	8	3	3	alternative-first	4364	3826	-538	-0.538000	-12.328139
rxbvm	FMULTICOPY_CHAIN_SELECTION	1000000	8	3	4	current-first	4332	3921	-411	-0.411000	-9.487535
rxvm	FMULTICOPY_CHAIN_SELECTION	1000000	4	1	1	alternative-first	3964	3542	-422	-0.422000	-10.645812
rxvm	FMULTICOPY_CHAIN_SELECTION	1000000	4	1	2	current-first	3997	3606	-391	-0.391000	-9.782337
rxvm	FMULTICOPY_CHAIN_SELECTION	1000000	4	1	3	alternative-first	4014	3561	-453	-0.453000	-11.285501
rxvm	FMULTICOPY_CHAIN_SELECTION	1000000	4	1	4	current-first	3961	3549	-412	-0.412000	-10.401414
rxbvm	FMULTICOPY_CHAIN_SELECTION	1000000	4	1	1	alternative-first	4393	3844	-549	-0.549000	-12.497155
rxbvm	FMULTICOPY_CHAIN_SELECTION	1000000	4	1	2	current-first	4205	3811	-394	-0.394000	-9.369798
rxbvm	FMULTICOPY_CHAIN_SELECTION	1000000	4	1	3	alternative-first	4322	3859	-463	-0.463000	-10.712633
rxbvm	FMULTICOPY_CHAIN_SELECTION	1000000	4	1	4	current-first	4183	3834	-349	-0.349000	-8.343294
rxbvm	FMULTICOPY_CHAIN_SELECTION	1000000	4	2	1	alternative-first	4303	3816	-487	-0.487000	-11.317685
rxbvm	FMULTICOPY_CHAIN_SELECTION	1000000	4	2	2	current-first	4402	3814	-588	-0.588000	-13.357565
rxbvm	FMULTICOPY_CHAIN_SELECTION	1000000	4	2	3	alternative-first	4360	3803	-557	-0.557000	-12.775229
rxbvm	FMULTICOPY_CHAIN_SELECTION	1000000	4	2	4	current-first	4404	3828	-576	-0.576000	-13.079019
rxvm	FMULTICOPY_CHAIN_SELECTION	1000000	4	2	1	alternative-first	3927	3564	-363	-0.363000	-9.243697
rxvm	FMULTICOPY_CHAIN_SELECTION	1000000	4	2	2	current-first	3943	3923	-20	-0.020000	-0.507228
rxvm	FMULTICOPY_CHAIN_SELECTION	1000000	4	2	3	alternative-first	3927	3999	72	0.072000	+1.833461
rxvm	FMULTICOPY_CHAIN_SELECTION	1000000	4	2	4	current-first	3935	3805	-130	-0.130000	-3.303685
rxvm	FMULTICOPY_CHAIN_SELECTION	1000000	4	3	1	alternative-first	3930	3623	-307	-0.307000	-7.811705
rxvm	FMULTICOPY_CHAIN_SELECTION	1000000	4	3	2	current-first	3942	3577	-365	-0.365000	-9.259259
rxvm	FMULTICOPY_CHAIN_SELECTION	1000000	4	3	3	alternative-first	4086	3604	-482	-0.482000	-11.796378
rxvm	FMULTICOPY_CHAIN_SELECTION	1000000	4	3	4	current-first	4199	3571	-628	-0.628000	-14.955942
rxbvm	FMULTICOPY_CHAIN_SELECTION	1000000	4	3	1	alternative-first	4241	3828	-413	-0.413000	-9.738269
rxbvm	FMULTICOPY_CHAIN_SELECTION	1000000	4	3	2	current-first	4277	3879	-398	-0.398000	-9.305588
rxbvm	FMULTICOPY_CHAIN_SELECTION	1000000	4	3	3	alternative-first	4276	3815	-461	-0.461000	-10.781104
rxbvm	FMULTICOPY_CHAIN_SELECTION	1000000	4	3	4	current-first	4272	3842	-430	-0.430000	-10.065543
rxvm	FMULTICOPY_CHAIN_SELECTION	1000000	12	1	1	alternative-first	3926	3499	-427	-0.427000	-10.876210
rxvm	FMULTICOPY_CHAIN_SELECTION	1000000	12	1	2	current-first	4025	3553	-472	-0.472000	-11.726708
rxvm	FMULTICOPY_CHAIN_SELECTION	1000000	12	1	3	alternative-first	4028	3492	-536	-0.536000	-13.306852
rxvm	FMULTICOPY_CHAIN_SELECTION	1000000	12	1	4	current-first	3916	3592	-324	-0.324000	-8.273749
rxbvm	FMULTICOPY_CHAIN_SELECTION	1000000	12	1	1	alternative-first	4183	3938	-245	-0.245000	-5.857040
rxbvm	FMULTICOPY_CHAIN_SELECTION	1000000	12	1	2	current-first	4199	3904	-295	-0.295000	-7.025482
rxbvm	FMULTICOPY_CHAIN_SELECTION	1000000	12	1	3	alternative-first	4280	3961	-319	-0.319000	-7.453271
rxbvm	FMULTICOPY_CHAIN_SELECTION	1000000	12	1	4	current-first	4248	3916	-332	-0.332000	-7.815443
rxbvm	FMULTICOPY_CHAIN_SELECTION	1000000	12	2	1	alternative-first	4439	3815	-624	-0.624000	-14.057220
rxbvm	FMULTICOPY_CHAIN_SELECTION	1000000	12	2	2	current-first	4398	3796	-602	-0.602000	-13.688040
rxbvm	FMULTICOPY_CHAIN_SELECTION	1000000	12	2	3	alternative-first	4394	3854	-540	-0.540000	-12.289486
rxbvm	FMULTICOPY_CHAIN_SELECTION	1000000	12	2	4	current-first	4302	3895	-407	-0.407000	-9.460716
rxvm	FMULTICOPY_CHAIN_SELECTION	1000000	12	2	1	alternative-first	4120	3809	-311	-0.311000	-7.548544
rxvm	FMULTICOPY_CHAIN_SELECTION	1000000	12	2	2	current-first	4598	3697	-901	-0.901000	-19.595476
rxvm	FMULTICOPY_CHAIN_SELECTION	1000000	12	2	3	alternative-first	4334	3540	-794	-0.794000	-18.320258
rxvm	FMULTICOPY_CHAIN_SELECTION	1000000	12	2	4	current-first	4141	3622	-519	-0.519000	-12.533205
rxvm	FMULTICOPY_CHAIN_SELECTION	1000000	12	3	1	alternative-first	3961	3552	-409	-0.409000	-10.325675
rxvm	FMULTICOPY_CHAIN_SELECTION	1000000	12	3	2	current-first	3978	3601	-377	-0.377000	-9.477124
rxvm	FMULTICOPY_CHAIN_SELECTION	1000000	12	3	3	alternative-first	3966	3533	-433	-0.433000	-10.917801
rxvm	FMULTICOPY_CHAIN_SELECTION	1000000	12	3	4	current-first	3991	3573	-418	-0.418000	-10.473566
rxbvm	FMULTICOPY_CHAIN_SELECTION	1000000	12	3	1	alternative-first	4272	3936	-336	-0.336000	-7.865169
rxbvm	FMULTICOPY_CHAIN_SELECTION	1000000	12	3	2	current-first	4223	3996	-227	-0.227000	-5.375326
rxbvm	FMULTICOPY_CHAIN_SELECTION	1000000	12	3	3	alternative-first	4279	4014	-265	-0.265000	-6.193036
rxbvm	FMULTICOPY_CHAIN_SELECTION	1000000	12	3	4	current-first	4339	3970	-369	-0.369000	-8.504264
rxvm	FMULTICOPY_CHAIN_SELECTION	1000000	2	1	1	alternative-first	4004	3609	-395	-0.395000	-9.865135
rxvm	FMULTICOPY_CHAIN_SELECTION	1000000	2	1	2	current-first	4018	3558	-460	-0.460000	-11.448482
rxvm	FMULTICOPY_CHAIN_SELECTION	1000000	2	1	3	alternative-first	4051	3580	-471	-0.471000	-11.626759
rxvm	FMULTICOPY_CHAIN_SELECTION	1000000	2	1	4	current-first	3994	3540	-454	-0.454000	-11.367051
rxbvm	FMULTICOPY_CHAIN_SELECTION	1000000	2	1	1	alternative-first	4197	3868	-329	-0.329000	-7.838933
rxbvm	FMULTICOPY_CHAIN_SELECTION	1000000	2	1	2	current-first	4302	3846	-456	-0.456000	-10.599721
rxbvm	FMULTICOPY_CHAIN_SELECTION	1000000	2	1	3	alternative-first	4234	3857	-377	-0.377000	-8.904110
rxbvm	FMULTICOPY_CHAIN_SELECTION	1000000	2	1	4	current-first	4234	3849	-385	-0.385000	-9.093056
rxbvm	FMULTICOPY_CHAIN_SELECTION	1000000	2	2	1	alternative-first	4192	3805	-387	-0.387000	-9.231870
rxbvm	FMULTICOPY_CHAIN_SELECTION	1000000	2	2	2	current-first	4217	3872	-345	-0.345000	-8.181171
rxbvm	FMULTICOPY_CHAIN_SELECTION	1000000	2	2	3	alternative-first	4199	3811	-388	-0.388000	-9.240295
rxbvm	FMULTICOPY_CHAIN_SELECTION	1000000	2	2	4	current-first	4189	3857	-332	-0.332000	-7.925519
rxvm	FMULTICOPY_CHAIN_SELECTION	1000000	2	2	1	alternative-first	4163	3584	-579	-0.579000	-13.908239
rxvm	FMULTICOPY_CHAIN_SELECTION	1000000	2	2	2	current-first	3932	3511	-421	-0.421000	-10.707019
rxvm	FMULTICOPY_CHAIN_SELECTION	1000000	2	2	3	alternative-first	4049	3522	-527	-0.527000	-13.015559
rxvm	FMULTICOPY_CHAIN_SELECTION	1000000	2	2	4	current-first	3944	3500	-444	-0.444000	-11.257606
rxvm	FMULTICOPY_CHAIN_SELECTION	1000000	2	3	1	alternative-first	3968	3543	-425	-0.425000	-10.710685
rxvm	FMULTICOPY_CHAIN_SELECTION	1000000	2	3	2	current-first	4065	3928	-137	-0.137000	-3.370234
rxvm	FMULTICOPY_CHAIN_SELECTION	1000000	2	3	3	alternative-first	3970	3555	-415	-0.415000	-10.453401
rxvm	FMULTICOPY_CHAIN_SELECTION	1000000	2	3	4	current-first	4083	3590	-493	-0.493000	-12.074455
rxbvm	FMULTICOPY_CHAIN_SELECTION	1000000	2	3	1	alternative-first	4291	3891	-400	-0.400000	-9.321836
rxbvm	FMULTICOPY_CHAIN_SELECTION	1000000	2	3	2	current-first	4287	3879	-408	-0.408000	-9.517145
rxbvm	FMULTICOPY_CHAIN_SELECTION	1000000	2	3	3	alternative-first	4384	3952	-432	-0.432000	-9.854015
rxbvm	FMULTICOPY_CHAIN_SELECTION	1000000	2	3	4	current-first	4383	3884	-499	-0.499000	-11.384896
rxvm	FMULTICOPY_CHAIN_SELECTION	1000000	10	1	1	alternative-first	3966	3565	-401	-0.401000	-10.110943
rxvm	FMULTICOPY_CHAIN_SELECTION	1000000	10	1	2	current-first	3957	3500	-457	-0.457000	-11.549153
rxvm	FMULTICOPY_CHAIN_SELECTION	1000000	10	1	3	alternative-first	3990	3548	-442	-0.442000	-11.077694
rxvm	FMULTICOPY_CHAIN_SELECTION	1000000	10	1	4	current-first	3948	3467	-481	-0.481000	-12.183384
rxbvm	FMULTICOPY_CHAIN_SELECTION	1000000	10	1	1	alternative-first	4323	3900	-423	-0.423000	-9.784872
rxbvm	FMULTICOPY_CHAIN_SELECTION	1000000	10	1	2	current-first	4203	3866	-337	-0.337000	-8.018082
rxbvm	FMULTICOPY_CHAIN_SELECTION	1000000	10	1	3	alternative-first	4249	3881	-368	-0.368000	-8.660861
rxbvm	FMULTICOPY_CHAIN_SELECTION	1000000	10	1	4	current-first	4289	3891	-398	-0.398000	-9.279552
rxbvm	FMULTICOPY_CHAIN_SELECTION	1000000	10	2	1	alternative-first	4351	3825	-526	-0.526000	-12.089175
rxbvm	FMULTICOPY_CHAIN_SELECTION	1000000	10	2	2	current-first	4408	3812	-596	-0.596000	-13.520871
rxbvm	FMULTICOPY_CHAIN_SELECTION	1000000	10	2	3	alternative-first	4368	3808	-560	-0.560000	-12.820513
rxbvm	FMULTICOPY_CHAIN_SELECTION	1000000	10	2	4	current-first	4322	3881	-441	-0.441000	-10.203609
rxvm	FMULTICOPY_CHAIN_SELECTION	1000000	10	2	1	alternative-first	3962	3727	-235	-0.235000	-5.931348
rxvm	FMULTICOPY_CHAIN_SELECTION	1000000	10	2	2	current-first	3967	3818	-149	-0.149000	-3.755987
rxvm	FMULTICOPY_CHAIN_SELECTION	1000000	10	2	3	alternative-first	4031	3580	-451	-0.451000	-11.188291
rxvm	FMULTICOPY_CHAIN_SELECTION	1000000	10	2	4	current-first	3970	3516	-454	-0.454000	-11.435768
rxvm	FMULTICOPY_CHAIN_SELECTION	1000000	10	3	1	alternative-first	3965	3543	-422	-0.422000	-10.643127
rxvm	FMULTICOPY_CHAIN_SELECTION	1000000	10	3	2	current-first	4040	3517	-523	-0.523000	-12.945545
rxvm	FMULTICOPY_CHAIN_SELECTION	1000000	10	3	3	alternative-first	3995	3627	-368	-0.368000	-9.211514
rxvm	FMULTICOPY_CHAIN_SELECTION	1000000	10	3	4	current-first	4055	3505	-550	-0.550000	-13.563502
rxbvm	FMULTICOPY_CHAIN_SELECTION	1000000	10	3	1	alternative-first	4281	3823	-458	-0.458000	-10.698435
rxbvm	FMULTICOPY_CHAIN_SELECTION	1000000	10	3	2	current-first	4302	3964	-338	-0.338000	-7.856811
rxbvm	FMULTICOPY_CHAIN_SELECTION	1000000	10	3	3	alternative-first	4294	3858	-436	-0.436000	-10.153703
rxbvm	FMULTICOPY_CHAIN_SELECTION	1000000	10	3	4	current-first	4350	3942	-408	-0.408000	-9.379310
rxvm	FMULTICOPY_CHAIN_SELECTION	1000000	6	1	1	alternative-first	3908	3512	-396	-0.396000	-10.133060
rxvm	FMULTICOPY_CHAIN_SELECTION	1000000	6	1	2	current-first	3902	3519	-383	-0.383000	-9.815479
rxvm	FMULTICOPY_CHAIN_SELECTION	1000000	6	1	3	alternative-first	3935	3549	-386	-0.386000	-9.809403
rxvm	FMULTICOPY_CHAIN_SELECTION	1000000	6	1	4	current-first	3915	3504	-411	-0.411000	-10.498084
rxbvm	FMULTICOPY_CHAIN_SELECTION	1000000	6	1	1	alternative-first	4395	3836	-559	-0.559000	-12.718999
rxbvm	FMULTICOPY_CHAIN_SELECTION	1000000	6	1	2	current-first	4337	3815	-522	-0.522000	-12.035970
rxbvm	FMULTICOPY_CHAIN_SELECTION	1000000	6	1	3	alternative-first	4341	3827	-514	-0.514000	-11.840590
rxbvm	FMULTICOPY_CHAIN_SELECTION	1000000	6	1	4	current-first	4291	3827	-464	-0.464000	-10.813330
rxbvm	FMULTICOPY_CHAIN_SELECTION	1000000	6	2	1	alternative-first	4262	3795	-467	-0.467000	-10.957297
rxbvm	FMULTICOPY_CHAIN_SELECTION	1000000	6	2	2	current-first	4386	3859	-527	-0.527000	-12.015504
rxbvm	FMULTICOPY_CHAIN_SELECTION	1000000	6	2	3	alternative-first	4843	3988	-855	-0.855000	-17.654346
rxbvm	FMULTICOPY_CHAIN_SELECTION	1000000	6	2	4	current-first	4609	3873	-736	-0.736000	-15.968757
rxvm	FMULTICOPY_CHAIN_SELECTION	1000000	6	2	1	alternative-first	3964	3529	-435	-0.435000	-10.973764
rxvm	FMULTICOPY_CHAIN_SELECTION	1000000	6	2	2	current-first	4013	3637	-376	-0.376000	-9.369549
rxvm	FMULTICOPY_CHAIN_SELECTION	1000000	6	2	3	alternative-first	4016	3500	-516	-0.516000	-12.848606
rxvm	FMULTICOPY_CHAIN_SELECTION	1000000	6	2	4	current-first	3940	3621	-319	-0.319000	-8.096447
rxvm	FMULTICOPY_CHAIN_SELECTION	1000000	6	3	1	alternative-first	4025	3503	-522	-0.522000	-12.968944
rxvm	FMULTICOPY_CHAIN_SELECTION	1000000	6	3	2	current-first	3953	3502	-451	-0.451000	-11.409056
rxvm	FMULTICOPY_CHAIN_SELECTION	1000000	6	3	3	alternative-first	4173	3499	-674	-0.674000	-16.151450
rxvm	FMULTICOPY_CHAIN_SELECTION	1000000	6	3	4	current-first	3964	3476	-488	-0.488000	-12.310797
rxbvm	FMULTICOPY_CHAIN_SELECTION	1000000	6	3	1	alternative-first	4205	3902	-303	-0.303000	-7.205707
rxbvm	FMULTICOPY_CHAIN_SELECTION	1000000	6	3	2	current-first	4289	3903	-386	-0.386000	-8.999767
rxbvm	FMULTICOPY_CHAIN_SELECTION	1000000	6	3	3	alternative-first	4215	3891	-324	-0.324000	-7.686833
rxbvm	FMULTICOPY_CHAIN_SELECTION	1000000	6	3	4	current-first	4293	3911	-382	-0.382000	-8.898206
rxvm	FMULTICOPY_CHAIN_SELECTION	1000000	14	1	1	alternative-first	3983	3612	-371	-0.371000	-9.314587
rxvm	FMULTICOPY_CHAIN_SELECTION	1000000	14	1	2	current-first	4031	3527	-504	-0.504000	-12.503101
rxvm	FMULTICOPY_CHAIN_SELECTION	1000000	14	1	3	alternative-first	4001	3500	-501	-0.501000	-12.521870
rxvm	FMULTICOPY_CHAIN_SELECTION	1000000	14	1	4	current-first	3998	3598	-400	-0.400000	-10.005003
rxbvm	FMULTICOPY_CHAIN_SELECTION	1000000	14	1	1	alternative-first	4274	3897	-377	-0.377000	-8.820777
rxbvm	FMULTICOPY_CHAIN_SELECTION	1000000	14	1	2	current-first	4326	3935	-391	-0.391000	-9.038373
rxbvm	FMULTICOPY_CHAIN_SELECTION	1000000	14	1	3	alternative-first	4387	3999	-388	-0.388000	-8.844313
rxbvm	FMULTICOPY_CHAIN_SELECTION	1000000	14	1	4	current-first	4456	3942	-514	-0.514000	-11.535009
rxbvm	FMULTICOPY_CHAIN_SELECTION	1000000	14	2	1	alternative-first	4354	3844	-510	-0.510000	-11.713367
rxbvm	FMULTICOPY_CHAIN_SELECTION	1000000	14	2	2	current-first	4356	3886	-470	-0.470000	-10.789715
rxbvm	FMULTICOPY_CHAIN_SELECTION	1000000	14	2	3	alternative-first	4354	3868	-486	-0.486000	-11.162150
rxbvm	FMULTICOPY_CHAIN_SELECTION	1000000	14	2	4	current-first	4350	3879	-471	-0.471000	-10.827586
rxvm	FMULTICOPY_CHAIN_SELECTION	1000000	14	2	1	alternative-first	4020	3507	-513	-0.513000	-12.761194
rxvm	FMULTICOPY_CHAIN_SELECTION	1000000	14	2	2	current-first	4105	3545	-560	-0.560000	-13.641900
rxvm	FMULTICOPY_CHAIN_SELECTION	1000000	14	2	3	alternative-first	3998	3472	-526	-0.526000	-13.156578
rxvm	FMULTICOPY_CHAIN_SELECTION	1000000	14	2	4	current-first	4109	3518	-591	-0.591000	-14.383062
rxvm	FMULTICOPY_CHAIN_SELECTION	1000000	14	3	1	alternative-first	4036	3606	-430	-0.430000	-10.654113
rxvm	FMULTICOPY_CHAIN_SELECTION	1000000	14	3	2	current-first	4035	3637	-398	-0.398000	-9.863693
rxvm	FMULTICOPY_CHAIN_SELECTION	1000000	14	3	3	alternative-first	4011	3664	-347	-0.347000	-8.651209
rxvm	FMULTICOPY_CHAIN_SELECTION	1000000	14	3	4	current-first	3965	3542	-423	-0.423000	-10.668348
rxbvm	FMULTICOPY_CHAIN_SELECTION	1000000	14	3	1	alternative-first	4346	3859	-487	-0.487000	-11.205706
rxbvm	FMULTICOPY_CHAIN_SELECTION	1000000	14	3	2	current-first	4278	3917	-361	-0.361000	-8.438523
rxbvm	FMULTICOPY_CHAIN_SELECTION	1000000	14	3	3	alternative-first	4255	3903	-352	-0.352000	-8.272620
rxbvm	FMULTICOPY_CHAIN_SELECTION	1000000	14	3	4	current-first	4299	3860	-439	-0.439000	-10.211677
rxbvm	FMULTICOPY_CHAIN_SELECTION	1000000	1	1	1	alternative-first	4280	3905	-375	-0.375000	-8.761682
rxbvm	FMULTICOPY_CHAIN_SELECTION	1000000	1	1	2	current-first	4271	3901	-370	-0.370000	-8.663077
rxbvm	FMULTICOPY_CHAIN_SELECTION	1000000	1	1	3	alternative-first	4327	3916	-411	-0.411000	-9.498498
rxbvm	FMULTICOPY_CHAIN_SELECTION	1000000	1	1	4	current-first	4232	3905	-327	-0.327000	-7.726843
rxvm	FMULTICOPY_CHAIN_SELECTION	1000000	1	1	1	alternative-first	3957	3558	-399	-0.399000	-10.083397
rxvm	FMULTICOPY_CHAIN_SELECTION	1000000	1	1	2	current-first	4014	3600	-414	-0.414000	-10.313901
rxvm	FMULTICOPY_CHAIN_SELECTION	1000000	1	1	3	alternative-first	3961	3546	-415	-0.415000	-10.477152
rxvm	FMULTICOPY_CHAIN_SELECTION	1000000	1	1	4	current-first	3999	3629	-370	-0.370000	-9.252313
rxvm	FMULTICOPY_CHAIN_SELECTION	1000000	1	2	1	alternative-first	3893	3606	-287	-0.287000	-7.372207
rxvm	FMULTICOPY_CHAIN_SELECTION	1000000	1	2	2	current-first	3892	3540	-352	-0.352000	-9.044193
rxvm	FMULTICOPY_CHAIN_SELECTION	1000000	1	2	3	alternative-first	3962	3628	-334	-0.334000	-8.430086
rxvm	FMULTICOPY_CHAIN_SELECTION	1000000	1	2	4	current-first	3905	3545	-360	-0.360000	-9.218950
rxbvm	FMULTICOPY_CHAIN_SELECTION	1000000	1	2	1	alternative-first	4217	3908	-309	-0.309000	-7.327484
rxbvm	FMULTICOPY_CHAIN_SELECTION	1000000	1	2	2	current-first	4331	3915	-416	-0.416000	-9.605172
rxbvm	FMULTICOPY_CHAIN_SELECTION	1000000	1	2	3	alternative-first	4260	3927	-333	-0.333000	-7.816901
rxbvm	FMULTICOPY_CHAIN_SELECTION	1000000	1	2	4	current-first	4289	3894	-395	-0.395000	-9.209606
rxbvm	FMULTICOPY_CHAIN_SELECTION	1000000	1	3	1	alternative-first	4182	3808	-374	-0.374000	-8.943089
rxbvm	FMULTICOPY_CHAIN_SELECTION	1000000	1	3	2	current-first	4281	3874	-407	-0.407000	-9.507125
rxbvm	FMULTICOPY_CHAIN_SELECTION	1000000	1	3	3	alternative-first	4304	3799	-505	-0.505000	-11.733271
rxbvm	FMULTICOPY_CHAIN_SELECTION	1000000	1	3	4	current-first	4308	3866	-442	-0.442000	-10.259981
rxvm	FMULTICOPY_CHAIN_SELECTION	1000000	1	3	1	alternative-first	4233	3611	-622	-0.622000	-14.694070
rxvm	FMULTICOPY_CHAIN_SELECTION	1000000	1	3	2	current-first	4243	3604	-639	-0.639000	-15.060099
rxvm	FMULTICOPY_CHAIN_SELECTION	1000000	1	3	3	alternative-first	4025	3560	-465	-0.465000	-11.552795
rxvm	FMULTICOPY_CHAIN_SELECTION	1000000	1	3	4	current-first	3930	3544	-386	-0.386000	-9.821883
rxbvm	FMULTICOPY_CHAIN_SELECTION	1000000	9	1	1	alternative-first	4300	3867	-433	-0.433000	-10.069767
rxbvm	FMULTICOPY_CHAIN_SELECTION	1000000	9	1	2	current-first	4286	3841	-445	-0.445000	-10.382641
rxbvm	FMULTICOPY_CHAIN_SELECTION	1000000	9	1	3	alternative-first	4324	3873	-451	-0.451000	-10.430157
rxbvm	FMULTICOPY_CHAIN_SELECTION	1000000	9	1	4	current-first	4298	3852	-446	-0.446000	-10.376919
rxvm	FMULTICOPY_CHAIN_SELECTION	1000000	9	1	1	alternative-first	3932	3501	-431	-0.431000	-10.961343
rxvm	FMULTICOPY_CHAIN_SELECTION	1000000	9	1	2	current-first	4018	3502	-516	-0.516000	-12.842210
rxvm	FMULTICOPY_CHAIN_SELECTION	1000000	9	1	3	alternative-first	4132	3490	-642	-0.642000	-15.537270
rxvm	FMULTICOPY_CHAIN_SELECTION	1000000	9	1	4	current-first	4139	3517	-622	-0.622000	-15.027784
rxvm	FMULTICOPY_CHAIN_SELECTION	1000000	9	2	1	alternative-first	3950	3492	-458	-0.458000	-11.594937
rxvm	FMULTICOPY_CHAIN_SELECTION	1000000	9	2	2	current-first	3948	3534	-414	-0.414000	-10.486322
rxvm	FMULTICOPY_CHAIN_SELECTION	1000000	9	2	3	alternative-first	3997	3558	-439	-0.439000	-10.983237
rxvm	FMULTICOPY_CHAIN_SELECTION	1000000	9	2	4	current-first	3956	3504	-452	-0.452000	-11.425683
rxbvm	FMULTICOPY_CHAIN_SELECTION	1000000	9	2	1	alternative-first	4321	3816	-505	-0.505000	-11.687109
rxbvm	FMULTICOPY_CHAIN_SELECTION	1000000	9	2	2	current-first	4388	3820	-568	-0.568000	-12.944394
rxbvm	FMULTICOPY_CHAIN_SELECTION	1000000	9	2	3	alternative-first	4394	3811	-583	-0.583000	-13.268093
rxbvm	FMULTICOPY_CHAIN_SELECTION	1000000	9	2	4	current-first	4311	3833	-478	-0.478000	-11.087915
rxbvm	FMULTICOPY_CHAIN_SELECTION	1000000	9	3	1	alternative-first	4222	3876	-346	-0.346000	-8.195168
rxbvm	FMULTICOPY_CHAIN_SELECTION	1000000	9	3	2	current-first	4301	3909	-392	-0.392000	-9.114159
rxbvm	FMULTICOPY_CHAIN_SELECTION	1000000	9	3	3	alternative-first	4271	3870	-401	-0.401000	-9.388902
rxbvm	FMULTICOPY_CHAIN_SELECTION	1000000	9	3	4	current-first	4328	3913	-415	-0.415000	-9.588725
rxvm	FMULTICOPY_CHAIN_SELECTION	1000000	9	3	1	alternative-first	3903	3573	-330	-0.330000	-8.455035
rxvm	FMULTICOPY_CHAIN_SELECTION	1000000	9	3	2	current-first	3896	3543	-353	-0.353000	-9.060575
rxvm	FMULTICOPY_CHAIN_SELECTION	1000000	9	3	3	alternative-first	3940	3569	-371	-0.371000	-9.416244
rxvm	FMULTICOPY_CHAIN_SELECTION	1000000	9	3	4	current-first	3913	3555	-358	-0.358000	-9.148991
rxbvm	FMULTICOPY_CHAIN_SELECTION	1000000	5	1	1	alternative-first	4334	3905	-429	-0.429000	-9.898477
rxbvm	FMULTICOPY_CHAIN_SELECTION	1000000	5	1	2	current-first	4305	3827	-478	-0.478000	-11.103368
rxbvm	FMULTICOPY_CHAIN_SELECTION	1000000	5	1	3	alternative-first	4413	3878	-535	-0.535000	-12.123272
rxbvm	FMULTICOPY_CHAIN_SELECTION	1000000	5	1	4	current-first	4353	3828	-525	-0.525000	-12.060648
rxvm	FMULTICOPY_CHAIN_SELECTION	1000000	5	1	1	alternative-first	3973	3517	-456	-0.456000	-11.477473
rxvm	FMULTICOPY_CHAIN_SELECTION	1000000	5	1	2	current-first	4029	3530	-499	-0.499000	-12.385207
rxvm	FMULTICOPY_CHAIN_SELECTION	1000000	5	1	3	alternative-first	3978	3516	-462	-0.462000	-11.613876
rxvm	FMULTICOPY_CHAIN_SELECTION	1000000	5	1	4	current-first	4074	3757	-317	-0.317000	-7.781051
rxvm	FMULTICOPY_CHAIN_SELECTION	1000000	5	2	1	alternative-first	4010	3604	-406	-0.406000	-10.124688
rxvm	FMULTICOPY_CHAIN_SELECTION	1000000	5	2	2	current-first	4086	3579	-507	-0.507000	-12.408223
rxvm	FMULTICOPY_CHAIN_SELECTION	1000000	5	2	3	alternative-first	4698	3622	-1076	-1.076000	-22.903363
rxvm	FMULTICOPY_CHAIN_SELECTION	1000000	5	2	4	current-first	4934	4747	-187	-0.187000	-3.790028
rxbvm	FMULTICOPY_CHAIN_SELECTION	1000000	5	2	1	alternative-first	4884	4873	-11	-0.011000	-0.225225
rxbvm	FMULTICOPY_CHAIN_SELECTION	1000000	5	2	2	current-first	6121	4169	-1952	-1.952000	-31.890214
rxbvm	FMULTICOPY_CHAIN_SELECTION	1000000	5	2	3	alternative-first	4719	4040	-679	-0.679000	-14.388642
rxbvm	FMULTICOPY_CHAIN_SELECTION	1000000	5	2	4	current-first	4376	4016	-360	-0.360000	-8.226691
rxbvm	FMULTICOPY_CHAIN_SELECTION	1000000	5	3	1	alternative-first	5097	4769	-328	-0.328000	-6.435158
rxbvm	FMULTICOPY_CHAIN_SELECTION	1000000	5	3	2	current-first	4756	4105	-651	-0.651000	-13.687973
rxbvm	FMULTICOPY_CHAIN_SELECTION	1000000	5	3	3	alternative-first	4640	4328	-312	-0.312000	-6.724138
rxbvm	FMULTICOPY_CHAIN_SELECTION	1000000	5	3	4	current-first	4651	4140	-511	-0.511000	-10.986885
rxvm	FMULTICOPY_CHAIN_SELECTION	1000000	5	3	1	alternative-first	4277	3818	-459	-0.459000	-10.731821
rxvm	FMULTICOPY_CHAIN_SELECTION	1000000	5	3	2	current-first	4289	3785	-504	-0.504000	-11.750991
rxvm	FMULTICOPY_CHAIN_SELECTION	1000000	5	3	3	alternative-first	4207	3735	-472	-0.472000	-11.219396
rxvm	FMULTICOPY_CHAIN_SELECTION	1000000	5	3	4	current-first	4122	3729	-393	-0.393000	-9.534207
rxbvm	FMULTICOPY_CHAIN_SELECTION	1000000	13	1	1	alternative-first	4364	3925	-439	-0.439000	-10.059578
rxbvm	FMULTICOPY_CHAIN_SELECTION	1000000	13	1	2	current-first	4356	3887	-469	-0.469000	-10.766758
rxbvm	FMULTICOPY_CHAIN_SELECTION	1000000	13	1	3	alternative-first	4408	3938	-470	-0.470000	-10.662432
rxbvm	FMULTICOPY_CHAIN_SELECTION	1000000	13	1	4	current-first	4354	3860	-494	-0.494000	-11.345889
rxvm	FMULTICOPY_CHAIN_SELECTION	1000000	13	1	1	alternative-first	3954	3635	-319	-0.319000	-8.067779
rxvm	FMULTICOPY_CHAIN_SELECTION	1000000	13	1	2	current-first	3949	3638	-311	-0.311000	-7.875411
rxvm	FMULTICOPY_CHAIN_SELECTION	1000000	13	1	3	alternative-first	4069	3569	-500	-0.500000	-12.288031
rxvm	FMULTICOPY_CHAIN_SELECTION	1000000	13	1	4	current-first	4132	3674	-458	-0.458000	-11.084221
rxvm	FMULTICOPY_CHAIN_SELECTION	1000000	13	2	1	alternative-first	4025	3573	-452	-0.452000	-11.229814
rxvm	FMULTICOPY_CHAIN_SELECTION	1000000	13	2	2	current-first	4052	3645	-407	-0.407000	-10.044423
rxvm	FMULTICOPY_CHAIN_SELECTION	1000000	13	2	3	alternative-first	4333	3661	-672	-0.672000	-15.508885
rxvm	FMULTICOPY_CHAIN_SELECTION	1000000	13	2	4	current-first	4185	4118	-67	-0.067000	-1.600956
rxbvm	FMULTICOPY_CHAIN_SELECTION	1000000	13	2	1	alternative-first	6066	4099	-1967	-1.967000	-32.426640
rxbvm	FMULTICOPY_CHAIN_SELECTION	1000000	13	2	2	current-first	4384	4044	-340	-0.340000	-7.755474
rxbvm	FMULTICOPY_CHAIN_SELECTION	1000000	13	2	3	alternative-first	5819	4430	-1389	-1.389000	-23.870081
rxbvm	FMULTICOPY_CHAIN_SELECTION	1000000	13	2	4	current-first	5586	4271	-1315	-1.315000	-23.540995
rxbvm	FMULTICOPY_CHAIN_SELECTION	1000000	13	3	1	alternative-first	4670	4281	-389	-0.389000	-8.329764
rxbvm	FMULTICOPY_CHAIN_SELECTION	1000000	13	3	2	current-first	4950	4408	-542	-0.542000	-10.949495
rxbvm	FMULTICOPY_CHAIN_SELECTION	1000000	13	3	3	alternative-first	4686	4312	-374	-0.374000	-7.981221
rxbvm	FMULTICOPY_CHAIN_SELECTION	1000000	13	3	4	current-first	4892	4438	-454	-0.454000	-9.280458
rxvm	FMULTICOPY_CHAIN_SELECTION	1000000	13	3	1	alternative-first	4355	3905	-450	-0.450000	-10.332951
rxvm	FMULTICOPY_CHAIN_SELECTION	1000000	13	3	2	current-first	4461	3775	-686	-0.686000	-15.377718
rxvm	FMULTICOPY_CHAIN_SELECTION	1000000	13	3	3	alternative-first	4326	3826	-500	-0.500000	-11.558021
rxvm	FMULTICOPY_CHAIN_SELECTION	1000000	13	3	4	current-first	4694	4145	-549	-0.549000	-11.695782
rxbvm	FMULTICOPY_CHAIN_SELECTION	1000000	3	1	1	alternative-first	4798	4276	-522	-0.522000	-10.879533
rxbvm	FMULTICOPY_CHAIN_SELECTION	1000000	3	1	2	current-first	4904	4296	-608	-0.608000	-12.398042
rxbvm	FMULTICOPY_CHAIN_SELECTION	1000000	3	1	3	alternative-first	4872	4306	-566	-0.566000	-11.617406
rxbvm	FMULTICOPY_CHAIN_SELECTION	1000000	3	1	4	current-first	4944	4239	-705	-0.705000	-14.259709
rxvm	FMULTICOPY_CHAIN_SELECTION	1000000	3	1	1	alternative-first	4497	4003	-494	-0.494000	-10.985101
rxvm	FMULTICOPY_CHAIN_SELECTION	1000000	3	1	2	current-first	4574	3980	-594	-0.594000	-12.986445
rxvm	FMULTICOPY_CHAIN_SELECTION	1000000	3	1	3	alternative-first	4434	3990	-444	-0.444000	-10.013532
rxvm	FMULTICOPY_CHAIN_SELECTION	1000000	3	1	4	current-first	4975	3933	-1042	-1.042000	-20.944724
rxvm	FMULTICOPY_CHAIN_SELECTION	1000000	3	2	1	alternative-first	4382	3894	-488	-0.488000	-11.136467
rxvm	FMULTICOPY_CHAIN_SELECTION	1000000	3	2	2	current-first	4315	3787	-528	-0.528000	-12.236385
rxvm	FMULTICOPY_CHAIN_SELECTION	1000000	3	2	3	alternative-first	4221	3753	-468	-0.468000	-11.087420
rxvm	FMULTICOPY_CHAIN_SELECTION	1000000	3	2	4	current-first	4260	4152	-108	-0.108000	-2.535211
rxbvm	FMULTICOPY_CHAIN_SELECTION	1000000	3	2	1	alternative-first	4544	4260	-284	-0.284000	-6.250000
rxbvm	FMULTICOPY_CHAIN_SELECTION	1000000	3	2	2	current-first	4636	4103	-533	-0.533000	-11.496980
rxbvm	FMULTICOPY_CHAIN_SELECTION	1000000	3	2	3	alternative-first	4527	4105	-422	-0.422000	-9.321847
rxbvm	FMULTICOPY_CHAIN_SELECTION	1000000	3	2	4	current-first	4526	4164	-362	-0.362000	-7.998232
rxbvm	FMULTICOPY_CHAIN_SELECTION	1000000	3	3	1	alternative-first	4631	4141	-490	-0.490000	-10.580868
rxbvm	FMULTICOPY_CHAIN_SELECTION	1000000	3	3	2	current-first	4654	4167	-487	-0.487000	-10.464117
rxbvm	FMULTICOPY_CHAIN_SELECTION	1000000	3	3	3	alternative-first	4639	4129	-510	-0.510000	-10.993749
rxbvm	FMULTICOPY_CHAIN_SELECTION	1000000	3	3	4	current-first	4700	4142	-558	-0.558000	-11.872340
rxvm	FMULTICOPY_CHAIN_SELECTION	1000000	3	3	1	alternative-first	4246	3821	-425	-0.425000	-10.009421
rxvm	FMULTICOPY_CHAIN_SELECTION	1000000	3	3	2	current-first	4240	3830	-410	-0.410000	-9.669811
rxvm	FMULTICOPY_CHAIN_SELECTION	1000000	3	3	3	alternative-first	4383	3799	-584	-0.584000	-13.324207
rxvm	FMULTICOPY_CHAIN_SELECTION	1000000	3	3	4	current-first	4236	3844	-392	-0.392000	-9.254013
rxbvm	FMULTICOPY_CHAIN_SELECTION	1000000	11	1	1	alternative-first	4579	4205	-374	-0.374000	-8.167722
rxbvm	FMULTICOPY_CHAIN_SELECTION	1000000	11	1	2	current-first	4570	4218	-352	-0.352000	-7.702407
rxbvm	FMULTICOPY_CHAIN_SELECTION	1000000	11	1	3	alternative-first	4569	4213	-356	-0.356000	-7.791639
rxbvm	FMULTICOPY_CHAIN_SELECTION	1000000	11	1	4	current-first	4516	4244	-272	-0.272000	-6.023029
rxvm	FMULTICOPY_CHAIN_SELECTION	1000000	11	1	1	alternative-first	4119	3784	-335	-0.335000	-8.133042
rxvm	FMULTICOPY_CHAIN_SELECTION	1000000	11	1	2	current-first	4095	3700	-395	-0.395000	-9.645910
rxvm	FMULTICOPY_CHAIN_SELECTION	1000000	11	1	3	alternative-first	4104	3683	-421	-0.421000	-10.258285
rxvm	FMULTICOPY_CHAIN_SELECTION	1000000	11	1	4	current-first	4165	3593	-572	-0.572000	-13.733493
rxvm	FMULTICOPY_CHAIN_SELECTION	1000000	11	2	1	alternative-first	4210	3618	-592	-0.592000	-14.061758
rxvm	FMULTICOPY_CHAIN_SELECTION	1000000	11	2	2	current-first	4221	3606	-615	-0.615000	-14.570007
rxvm	FMULTICOPY_CHAIN_SELECTION	1000000	11	2	3	alternative-first	4283	3591	-692	-0.692000	-16.156899
rxvm	FMULTICOPY_CHAIN_SELECTION	1000000	11	2	4	current-first	4726	3785	-941	-0.941000	-19.911130
rxbvm	FMULTICOPY_CHAIN_SELECTION	1000000	11	2	1	alternative-first	4368	3948	-420	-0.420000	-9.615385
rxbvm	FMULTICOPY_CHAIN_SELECTION	1000000	11	2	2	current-first	4399	3941	-458	-0.458000	-10.411457
rxbvm	FMULTICOPY_CHAIN_SELECTION	1000000	11	2	3	alternative-first	4405	3952	-453	-0.453000	-10.283768
rxbvm	FMULTICOPY_CHAIN_SELECTION	1000000	11	2	4	current-first	4364	3979	-385	-0.385000	-8.822181
rxbvm	FMULTICOPY_CHAIN_SELECTION	1000000	11	3	1	alternative-first	4377	3923	-454	-0.454000	-10.372401
rxbvm	FMULTICOPY_CHAIN_SELECTION	1000000	11	3	2	current-first	4368	3925	-443	-0.443000	-10.141941
rxbvm	FMULTICOPY_CHAIN_SELECTION	1000000	11	3	3	alternative-first	4262	3879	-383	-0.383000	-8.986391
rxbvm	FMULTICOPY_CHAIN_SELECTION	1000000	11	3	4	current-first	4296	3832	-464	-0.464000	-10.800745
rxvm	FMULTICOPY_CHAIN_SELECTION	1000000	11	3	1	alternative-first	3971	3509	-462	-0.462000	-11.634349
rxvm	FMULTICOPY_CHAIN_SELECTION	1000000	11	3	2	current-first	3977	3638	-339	-0.339000	-8.524013
rxvm	FMULTICOPY_CHAIN_SELECTION	1000000	11	3	3	alternative-first	3989	3513	-476	-0.476000	-11.932815
rxvm	FMULTICOPY_CHAIN_SELECTION	1000000	11	3	4	current-first	3979	3569	-410	-0.410000	-10.304097
rxbvm	FMULTICOPY_CHAIN_SELECTION	1000000	7	1	1	alternative-first	4291	3813	-478	-0.478000	-11.139595
rxbvm	FMULTICOPY_CHAIN_SELECTION	1000000	7	1	2	current-first	4322	3876	-446	-0.446000	-10.319297
rxbvm	FMULTICOPY_CHAIN_SELECTION	1000000	7	1	3	alternative-first	4312	3831	-481	-0.481000	-11.154917
rxbvm	FMULTICOPY_CHAIN_SELECTION	1000000	7	1	4	current-first	4299	3881	-418	-0.418000	-9.723191
rxvm	FMULTICOPY_CHAIN_SELECTION	1000000	7	1	1	alternative-first	3939	3764	-175	-0.175000	-4.442752
rxvm	FMULTICOPY_CHAIN_SELECTION	1000000	7	1	2	current-first	3946	3519	-427	-0.427000	-10.821085
rxvm	FMULTICOPY_CHAIN_SELECTION	1000000	7	1	3	alternative-first	3970	3542	-428	-0.428000	-10.780856
rxvm	FMULTICOPY_CHAIN_SELECTION	1000000	7	1	4	current-first	3974	3510	-464	-0.464000	-11.675893
rxvm	FMULTICOPY_CHAIN_SELECTION	1000000	7	2	1	alternative-first	4157	3576	-581	-0.581000	-13.976425
rxvm	FMULTICOPY_CHAIN_SELECTION	1000000	7	2	2	current-first	4069	3588	-481	-0.481000	-11.821086
rxvm	FMULTICOPY_CHAIN_SELECTION	1000000	7	2	3	alternative-first	4046	3701	-345	-0.345000	-8.526940
rxvm	FMULTICOPY_CHAIN_SELECTION	1000000	7	2	4	current-first	4028	3535	-493	-0.493000	-12.239325
rxbvm	FMULTICOPY_CHAIN_SELECTION	1000000	7	2	1	alternative-first	4363	3806	-557	-0.557000	-12.766445
rxbvm	FMULTICOPY_CHAIN_SELECTION	1000000	7	2	2	current-first	4365	3877	-488	-0.488000	-11.179840
rxbvm	FMULTICOPY_CHAIN_SELECTION	1000000	7	2	3	alternative-first	4332	3818	-514	-0.514000	-11.865189
rxbvm	FMULTICOPY_CHAIN_SELECTION	1000000	7	2	4	current-first	4331	3911	-420	-0.420000	-9.697529
rxbvm	FMULTICOPY_CHAIN_SELECTION	1000000	7	3	1	alternative-first	4390	3917	-473	-0.473000	-10.774487
rxbvm	FMULTICOPY_CHAIN_SELECTION	1000000	7	3	2	current-first	4305	3843	-462	-0.462000	-10.731707
rxbvm	FMULTICOPY_CHAIN_SELECTION	1000000	7	3	3	alternative-first	4373	3898	-475	-0.475000	-10.862108
rxbvm	FMULTICOPY_CHAIN_SELECTION	1000000	7	3	4	current-first	4402	3969	-433	-0.433000	-9.836438
rxvm	FMULTICOPY_CHAIN_SELECTION	1000000	7	3	1	alternative-first	4393	3527	-866	-0.866000	-19.713180
rxvm	FMULTICOPY_CHAIN_SELECTION	1000000	7	3	2	current-first	4387	3616	-771	-0.771000	-17.574652
rxvm	FMULTICOPY_CHAIN_SELECTION	1000000	7	3	3	alternative-first	3970	3561	-409	-0.409000	-10.302267
rxvm	FMULTICOPY_CHAIN_SELECTION	1000000	7	3	4	current-first	3938	3542	-396	-0.396000	-10.055866
rxbvm	FMULTICOPY_CHAIN_SELECTION	1000000	15	1	1	alternative-first	4380	3839	-541	-0.541000	-12.351598
rxbvm	FMULTICOPY_CHAIN_SELECTION	1000000	15	1	2	current-first	4352	3892	-460	-0.460000	-10.569853
rxbvm	FMULTICOPY_CHAIN_SELECTION	1000000	15	1	3	alternative-first	4315	3852	-463	-0.463000	-10.730012
rxbvm	FMULTICOPY_CHAIN_SELECTION	1000000	15	1	4	current-first	4386	3871	-515	-0.515000	-11.741906
rxvm	FMULTICOPY_CHAIN_SELECTION	1000000	15	1	1	alternative-first	4138	3525	-613	-0.613000	-14.813920
rxvm	FMULTICOPY_CHAIN_SELECTION	1000000	15	1	2	current-first	4033	3516	-517	-0.517000	-12.819241
rxvm	FMULTICOPY_CHAIN_SELECTION	1000000	15	1	3	alternative-first	4053	3509	-544	-0.544000	-13.422156
rxvm	FMULTICOPY_CHAIN_SELECTION	1000000	15	1	4	current-first	3973	3540	-433	-0.433000	-10.898565
rxvm	FMULTICOPY_CHAIN_SELECTION	1000000	15	2	1	alternative-first	3954	3559	-395	-0.395000	-9.989884
rxvm	FMULTICOPY_CHAIN_SELECTION	1000000	15	2	2	current-first	4018	3570	-448	-0.448000	-11.149826
rxvm	FMULTICOPY_CHAIN_SELECTION	1000000	15	2	3	alternative-first	3996	3523	-473	-0.473000	-11.836837
rxvm	FMULTICOPY_CHAIN_SELECTION	1000000	15	2	4	current-first	3977	3598	-379	-0.379000	-9.529796
rxbvm	FMULTICOPY_CHAIN_SELECTION	1000000	15	2	1	alternative-first	4207	3933	-274	-0.274000	-6.512955
rxbvm	FMULTICOPY_CHAIN_SELECTION	1000000	15	2	2	current-first	4260	3901	-359	-0.359000	-8.427230
rxbvm	FMULTICOPY_CHAIN_SELECTION	1000000	15	2	3	alternative-first	4189	3942	-247	-0.247000	-5.896395
rxbvm	FMULTICOPY_CHAIN_SELECTION	1000000	15	2	4	current-first	4163	3933	-230	-0.230000	-5.524862
rxbvm	FMULTICOPY_CHAIN_SELECTION	1000000	15	3	1	alternative-first	4414	3817	-597	-0.597000	-13.525147
rxbvm	FMULTICOPY_CHAIN_SELECTION	1000000	15	3	2	current-first	4303	3820	-483	-0.483000	-11.224727
rxbvm	FMULTICOPY_CHAIN_SELECTION	1000000	15	3	3	alternative-first	4435	3819	-616	-0.616000	-13.889515
rxbvm	FMULTICOPY_CHAIN_SELECTION	1000000	15	3	4	current-first	4291	3824	-467	-0.467000	-10.883244
rxvm	FMULTICOPY_CHAIN_SELECTION	1000000	15	3	1	alternative-first	3931	3517	-414	-0.414000	-10.531671
rxvm	FMULTICOPY_CHAIN_SELECTION	1000000	15	3	2	current-first	4054	3566	-488	-0.488000	-12.037494
rxvm	FMULTICOPY_CHAIN_SELECTION	1000000	15	3	3	alternative-first	3969	3495	-474	-0.474000	-11.942555
rxvm	FMULTICOPY_CHAIN_SELECTION	1000000	15	3	4	current-first	4036	3603	-433	-0.433000	-10.728444
rxbvm	ITOF2_CHAIN_RETENTION	1000000	0	1	1	alternative-first	3823	4053	230	0.230000	+6.016218
rxbvm	ITOF2_CHAIN_RETENTION	1000000	0	1	2	current-first	3835	4118	283	0.283000	+7.379400
rxbvm	ITOF2_CHAIN_RETENTION	1000000	0	1	3	alternative-first	3831	4097	266	0.266000	+6.943357
rxbvm	ITOF2_CHAIN_RETENTION	1000000	0	1	4	current-first	3834	4077	243	0.243000	+6.338028
rxvm	ITOF2_CHAIN_RETENTION	1000000	0	1	1	alternative-first	3519	3802	283	0.283000	+8.042057
rxvm	ITOF2_CHAIN_RETENTION	1000000	0	1	2	current-first	3513	3745	232	0.232000	+6.604042
rxvm	ITOF2_CHAIN_RETENTION	1000000	0	1	3	alternative-first	3564	3746	182	0.182000	+5.106622
rxvm	ITOF2_CHAIN_RETENTION	1000000	0	1	4	current-first	3522	3706	184	0.184000	+5.224304
rxvm	ITOF2_CHAIN_RETENTION	1000000	0	2	1	alternative-first	3527	3747	220	0.220000	+6.237596
rxvm	ITOF2_CHAIN_RETENTION	1000000	0	2	2	current-first	3546	3842	296	0.296000	+8.347434
rxvm	ITOF2_CHAIN_RETENTION	1000000	0	2	3	alternative-first	3536	3925	389	0.389000	+11.001131
rxvm	ITOF2_CHAIN_RETENTION	1000000	0	2	4	current-first	3577	3783	206	0.206000	+5.759016
rxbvm	ITOF2_CHAIN_RETENTION	1000000	0	2	1	alternative-first	3832	4146	314	0.314000	+8.194154
rxbvm	ITOF2_CHAIN_RETENTION	1000000	0	2	2	current-first	3831	4103	272	0.272000	+7.099974
rxbvm	ITOF2_CHAIN_RETENTION	1000000	0	2	3	alternative-first	3883	4201	318	0.318000	+8.189544
rxbvm	ITOF2_CHAIN_RETENTION	1000000	0	2	4	current-first	3872	4099	227	0.227000	+5.862603
rxbvm	ITOF2_CHAIN_RETENTION	1000000	0	3	1	alternative-first	3850	4058	208	0.208000	+5.402597
rxbvm	ITOF2_CHAIN_RETENTION	1000000	0	3	2	current-first	3840	4082	242	0.242000	+6.302083
rxbvm	ITOF2_CHAIN_RETENTION	1000000	0	3	3	alternative-first	3847	4064	217	0.217000	+5.640759
rxbvm	ITOF2_CHAIN_RETENTION	1000000	0	3	4	current-first	3888	4131	243	0.243000	+6.250000
rxvm	ITOF2_CHAIN_RETENTION	1000000	0	3	1	alternative-first	3569	3698	129	0.129000	+3.614458
rxvm	ITOF2_CHAIN_RETENTION	1000000	0	3	2	current-first	3588	3768	180	0.180000	+5.016722
rxvm	ITOF2_CHAIN_RETENTION	1000000	0	3	3	alternative-first	3548	3680	132	0.132000	+3.720406
rxvm	ITOF2_CHAIN_RETENTION	1000000	0	3	4	current-first	3577	3704	127	0.127000	+3.550461
rxbvm	ITOF2_CHAIN_RETENTION	1000000	8	1	1	alternative-first	3880	4149	269	0.269000	+6.932990
rxbvm	ITOF2_CHAIN_RETENTION	1000000	8	1	2	current-first	3875	4063	188	0.188000	+4.851613
rxbvm	ITOF2_CHAIN_RETENTION	1000000	8	1	3	alternative-first	3883	4118	235	0.235000	+6.052022
rxbvm	ITOF2_CHAIN_RETENTION	1000000	8	1	4	current-first	3881	4100	219	0.219000	+5.642876
rxvm	ITOF2_CHAIN_RETENTION	1000000	8	1	1	alternative-first	3623	3853	230	0.230000	+6.348330
rxvm	ITOF2_CHAIN_RETENTION	1000000	8	1	2	current-first	3569	3679	110	0.110000	+3.082096
rxvm	ITOF2_CHAIN_RETENTION	1000000	8	1	3	alternative-first	3613	3930	317	0.317000	+8.773872
rxvm	ITOF2_CHAIN_RETENTION	1000000	8	1	4	current-first	3668	3651	-17	-0.017000	-0.463468
rxvm	ITOF2_CHAIN_RETENTION	1000000	8	2	1	alternative-first	3634	3659	25	0.025000	+0.687947
rxvm	ITOF2_CHAIN_RETENTION	1000000	8	2	2	current-first	3680	3766	86	0.086000	+2.336957
rxvm	ITOF2_CHAIN_RETENTION	1000000	8	2	3	alternative-first	3640	3740	100	0.100000	+2.747253
rxvm	ITOF2_CHAIN_RETENTION	1000000	8	2	4	current-first	3636	3720	84	0.084000	+2.310231
rxbvm	ITOF2_CHAIN_RETENTION	1000000	8	2	1	alternative-first	3988	4046	58	0.058000	+1.454363
rxbvm	ITOF2_CHAIN_RETENTION	1000000	8	2	2	current-first	3995	4164	169	0.169000	+4.230288
rxbvm	ITOF2_CHAIN_RETENTION	1000000	8	2	3	alternative-first	4094	4088	-6	-0.006000	-0.146556
rxbvm	ITOF2_CHAIN_RETENTION	1000000	8	2	4	current-first	4024	4083	59	0.059000	+1.466203
rxbvm	ITOF2_CHAIN_RETENTION	1000000	8	3	1	alternative-first	3840	4088	248	0.248000	+6.458333
rxbvm	ITOF2_CHAIN_RETENTION	1000000	8	3	2	current-first	3862	4162	300	0.300000	+7.767996
rxbvm	ITOF2_CHAIN_RETENTION	1000000	8	3	3	alternative-first	3839	4112	273	0.273000	+7.111227
rxbvm	ITOF2_CHAIN_RETENTION	1000000	8	3	4	current-first	3857	4144	287	0.287000	+7.441016
rxvm	ITOF2_CHAIN_RETENTION	1000000	8	3	1	alternative-first	3605	3740	135	0.135000	+3.744799
rxvm	ITOF2_CHAIN_RETENTION	1000000	8	3	2	current-first	3584	3699	115	0.115000	+3.208705
rxvm	ITOF2_CHAIN_RETENTION	1000000	8	3	3	alternative-first	3630	3738	108	0.108000	+2.975207
rxvm	ITOF2_CHAIN_RETENTION	1000000	8	3	4	current-first	3580	3713	133	0.133000	+3.715084
rxbvm	ITOF2_CHAIN_RETENTION	1000000	4	1	1	alternative-first	4046	4164	118	0.118000	+2.916461
rxbvm	ITOF2_CHAIN_RETENTION	1000000	4	1	2	current-first	3829	4091	262	0.262000	+6.842518
rxbvm	ITOF2_CHAIN_RETENTION	1000000	4	1	3	alternative-first	4012	4174	162	0.162000	+4.037886
rxbvm	ITOF2_CHAIN_RETENTION	1000000	4	1	4	current-first	3896	4171	275	0.275000	+7.058522
rxvm	ITOF2_CHAIN_RETENTION	1000000	4	1	1	alternative-first	3665	3689	24	0.024000	+0.654843
rxvm	ITOF2_CHAIN_RETENTION	1000000	4	1	2	current-first	3751	3813	62	0.062000	+1.652893
rxvm	ITOF2_CHAIN_RETENTION	1000000	4	1	3	alternative-first	3652	3673	21	0.021000	+0.575027
rxvm	ITOF2_CHAIN_RETENTION	1000000	4	1	4	current-first	3757	3727	-30	-0.030000	-0.798509
rxvm	ITOF2_CHAIN_RETENTION	1000000	4	2	1	alternative-first	3520	3749	229	0.229000	+6.505682
rxvm	ITOF2_CHAIN_RETENTION	1000000	4	2	2	current-first	3519	3702	183	0.183000	+5.200341
rxvm	ITOF2_CHAIN_RETENTION	1000000	4	2	3	alternative-first	3523	3755	232	0.232000	+6.585297
rxvm	ITOF2_CHAIN_RETENTION	1000000	4	2	4	current-first	3541	3671	130	0.130000	+3.671279
rxbvm	ITOF2_CHAIN_RETENTION	1000000	4	2	1	alternative-first	3888	4109	221	0.221000	+5.684156
rxbvm	ITOF2_CHAIN_RETENTION	1000000	4	2	2	current-first	3982	4181	199	0.199000	+4.997489
rxbvm	ITOF2_CHAIN_RETENTION	1000000	4	2	3	alternative-first	3901	4171	270	0.270000	+6.921302
rxbvm	ITOF2_CHAIN_RETENTION	1000000	4	2	4	current-first	4003	4113	110	0.110000	+2.747939
rxbvm	ITOF2_CHAIN_RETENTION	1000000	4	3	1	alternative-first	3825	4108	283	0.283000	+7.398693
rxbvm	ITOF2_CHAIN_RETENTION	1000000	4	3	2	current-first	3864	4201	337	0.337000	+8.721532
rxbvm	ITOF2_CHAIN_RETENTION	1000000	4	3	3	alternative-first	3836	4117	281	0.281000	+7.325339
rxbvm	ITOF2_CHAIN_RETENTION	1000000	4	3	4	current-first	3840	4213	373	0.373000	+9.713542
rxvm	ITOF2_CHAIN_RETENTION	1000000	4	3	1	alternative-first	3572	3760	188	0.188000	+5.263158
rxvm	ITOF2_CHAIN_RETENTION	1000000	4	3	2	current-first	3547	3725	178	0.178000	+5.018325
rxvm	ITOF2_CHAIN_RETENTION	1000000	4	3	3	alternative-first	3624	3736	112	0.112000	+3.090508
rxvm	ITOF2_CHAIN_RETENTION	1000000	4	3	4	current-first	3563	3717	154	0.154000	+4.322200
rxbvm	ITOF2_CHAIN_RETENTION	1000000	12	1	1	alternative-first	3981	4042	61	0.061000	+1.532278
rxbvm	ITOF2_CHAIN_RETENTION	1000000	12	1	2	current-first	3904	4075	171	0.171000	+4.380123
rxbvm	ITOF2_CHAIN_RETENTION	1000000	12	1	3	alternative-first	3966	4051	85	0.085000	+2.143217
rxbvm	ITOF2_CHAIN_RETENTION	1000000	12	1	4	current-first	3895	4065	170	0.170000	+4.364570
rxvm	ITOF2_CHAIN_RETENTION	1000000	12	1	1	alternative-first	3541	3747	206	0.206000	+5.817566
rxvm	ITOF2_CHAIN_RETENTION	1000000	12	1	2	current-first	3540	3771	231	0.231000	+6.525424
rxvm	ITOF2_CHAIN_RETENTION	1000000	12	1	3	alternative-first	3546	3691	145	0.145000	+4.089114
rxvm	ITOF2_CHAIN_RETENTION	1000000	12	1	4	current-first	3557	3741	184	0.184000	+5.172899
rxvm	ITOF2_CHAIN_RETENTION	1000000	12	2	1	alternative-first	3619	3754	135	0.135000	+3.730312
rxvm	ITOF2_CHAIN_RETENTION	1000000	12	2	2	current-first	3575	3689	114	0.114000	+3.188811
rxvm	ITOF2_CHAIN_RETENTION	1000000	12	2	3	alternative-first	3779	3705	-74	-0.074000	-1.958190
rxvm	ITOF2_CHAIN_RETENTION	1000000	12	2	4	current-first	3607	3679	72	0.072000	+1.996119
rxbvm	ITOF2_CHAIN_RETENTION	1000000	12	2	1	alternative-first	3886	4045	159	0.159000	+4.091611
rxbvm	ITOF2_CHAIN_RETENTION	1000000	12	2	2	current-first	3935	4104	169	0.169000	+4.294790
rxbvm	ITOF2_CHAIN_RETENTION	1000000	12	2	3	alternative-first	3920	4038	118	0.118000	+3.010204
rxbvm	ITOF2_CHAIN_RETENTION	1000000	12	2	4	current-first	3979	4116	137	0.137000	+3.443076
rxbvm	ITOF2_CHAIN_RETENTION	1000000	12	3	1	alternative-first	3878	4070	192	0.192000	+4.951006
rxbvm	ITOF2_CHAIN_RETENTION	1000000	12	3	2	current-first	3878	4121	243	0.243000	+6.266117
rxbvm	ITOF2_CHAIN_RETENTION	1000000	12	3	3	alternative-first	3910	4150	240	0.240000	+6.138107
rxbvm	ITOF2_CHAIN_RETENTION	1000000	12	3	4	current-first	3890	4054	164	0.164000	+4.215938
rxvm	ITOF2_CHAIN_RETENTION	1000000	12	3	1	alternative-first	3637	3706	69	0.069000	+1.897168
rxvm	ITOF2_CHAIN_RETENTION	1000000	12	3	2	current-first	3606	3833	227	0.227000	+6.295064
rxvm	ITOF2_CHAIN_RETENTION	1000000	12	3	3	alternative-first	3584	3678	94	0.094000	+2.622768
rxvm	ITOF2_CHAIN_RETENTION	1000000	12	3	4	current-first	3633	3686	53	0.053000	+1.458849
rxbvm	ITOF2_CHAIN_RETENTION	1000000	2	1	1	alternative-first	3826	4162	336	0.336000	+8.782018
rxbvm	ITOF2_CHAIN_RETENTION	1000000	2	1	2	current-first	3882	4117	235	0.235000	+6.053581
rxbvm	ITOF2_CHAIN_RETENTION	1000000	2	1	3	alternative-first	3841	4095	254	0.254000	+6.612861
rxbvm	ITOF2_CHAIN_RETENTION	1000000	2	1	4	current-first	3878	4122	244	0.244000	+6.291903
rxvm	ITOF2_CHAIN_RETENTION	1000000	2	1	1	alternative-first	3506	3674	168	0.168000	+4.791786
rxvm	ITOF2_CHAIN_RETENTION	1000000	2	1	2	current-first	3511	3698	187	0.187000	+5.326118
rxvm	ITOF2_CHAIN_RETENTION	1000000	2	1	3	alternative-first	3524	3691	167	0.167000	+4.738933
rxvm	ITOF2_CHAIN_RETENTION	1000000	2	1	4	current-first	3530	3627	97	0.097000	+2.747875
rxvm	ITOF2_CHAIN_RETENTION	1000000	2	2	1	alternative-first	3536	3731	195	0.195000	+5.514706
rxvm	ITOF2_CHAIN_RETENTION	1000000	2	2	2	current-first	3654	3774	120	0.120000	+3.284072
rxvm	ITOF2_CHAIN_RETENTION	1000000	2	2	3	alternative-first	3570	3747	177	0.177000	+4.957983
rxvm	ITOF2_CHAIN_RETENTION	1000000	2	2	4	current-first	3626	3712	86	0.086000	+2.371760
rxbvm	ITOF2_CHAIN_RETENTION	1000000	2	2	1	alternative-first	3883	4053	170	0.170000	+4.378058
rxbvm	ITOF2_CHAIN_RETENTION	1000000	2	2	2	current-first	3876	4107	231	0.231000	+5.959752
rxbvm	ITOF2_CHAIN_RETENTION	1000000	2	2	3	alternative-first	3921	4086	165	0.165000	+4.208110
rxbvm	ITOF2_CHAIN_RETENTION	1000000	2	2	4	current-first	3890	4091	201	0.201000	+5.167095
rxbvm	ITOF2_CHAIN_RETENTION	1000000	2	3	1	alternative-first	3842	4080	238	0.238000	+6.194690
rxbvm	ITOF2_CHAIN_RETENTION	1000000	2	3	2	current-first	3816	4070	254	0.254000	+6.656184
rxbvm	ITOF2_CHAIN_RETENTION	1000000	2	3	3	alternative-first	3860	4159	299	0.299000	+7.746114
rxbvm	ITOF2_CHAIN_RETENTION	1000000	2	3	4	current-first	3834	4044	210	0.210000	+5.477308
rxvm	ITOF2_CHAIN_RETENTION	1000000	2	3	1	alternative-first	3498	3673	175	0.175000	+5.002859
rxvm	ITOF2_CHAIN_RETENTION	1000000	2	3	2	current-first	3561	3708	147	0.147000	+4.128054
rxvm	ITOF2_CHAIN_RETENTION	1000000	2	3	3	alternative-first	3506	3663	157	0.157000	+4.478038
rxvm	ITOF2_CHAIN_RETENTION	1000000	2	3	4	current-first	3574	3786	212	0.212000	+5.931729
rxbvm	ITOF2_CHAIN_RETENTION	1000000	10	1	1	alternative-first	3801	4084	283	0.283000	+7.445409
rxbvm	ITOF2_CHAIN_RETENTION	1000000	10	1	2	current-first	3809	4222	413	0.413000	+10.842741
rxbvm	ITOF2_CHAIN_RETENTION	1000000	10	1	3	alternative-first	3823	4094	271	0.271000	+7.088674
rxbvm	ITOF2_CHAIN_RETENTION	1000000	10	1	4	current-first	3796	4145	349	0.349000	+9.193888
rxvm	ITOF2_CHAIN_RETENTION	1000000	10	1	1	alternative-first	3571	3753	182	0.182000	+5.096612
rxvm	ITOF2_CHAIN_RETENTION	1000000	10	1	2	current-first	3572	3685	113	0.113000	+3.163494
rxvm	ITOF2_CHAIN_RETENTION	1000000	10	1	3	alternative-first	3620	3681	61	0.061000	+1.685083
rxvm	ITOF2_CHAIN_RETENTION	1000000	10	1	4	current-first	3582	3664	82	0.082000	+2.289224
rxvm	ITOF2_CHAIN_RETENTION	1000000	10	2	1	alternative-first	3734	3679	-55	-0.055000	-1.472951
rxvm	ITOF2_CHAIN_RETENTION	1000000	10	2	2	current-first	3705	3783	78	0.078000	+2.105263
rxvm	ITOF2_CHAIN_RETENTION	1000000	10	2	3	alternative-first	3661	3796	135	0.135000	+3.687517
rxvm	ITOF2_CHAIN_RETENTION	1000000	10	2	4	current-first	3713	3739	26	0.026000	+0.700242
rxbvm	ITOF2_CHAIN_RETENTION	1000000	10	2	1	alternative-first	3812	4124	312	0.312000	+8.184680
rxbvm	ITOF2_CHAIN_RETENTION	1000000	10	2	2	current-first	3812	4090	278	0.278000	+7.292760
rxbvm	ITOF2_CHAIN_RETENTION	1000000	10	2	3	alternative-first	3828	4112	284	0.284000	+7.419018
rxbvm	ITOF2_CHAIN_RETENTION	1000000	10	2	4	current-first	3809	4131	322	0.322000	+8.453662
rxbvm	ITOF2_CHAIN_RETENTION	1000000	10	3	1	alternative-first	3869	4067	198	0.198000	+5.117601
rxbvm	ITOF2_CHAIN_RETENTION	1000000	10	3	2	current-first	3875	4058	183	0.183000	+4.722581
rxbvm	ITOF2_CHAIN_RETENTION	1000000	10	3	3	alternative-first	3943	4075	132	0.132000	+3.347705
rxbvm	ITOF2_CHAIN_RETENTION	1000000	10	3	4	current-first	3829	4066	237	0.237000	+6.189606
rxvm	ITOF2_CHAIN_RETENTION	1000000	10	3	1	alternative-first	3574	3674	100	0.100000	+2.797985
rxvm	ITOF2_CHAIN_RETENTION	1000000	10	3	2	current-first	3571	3758	187	0.187000	+5.236628
rxvm	ITOF2_CHAIN_RETENTION	1000000	10	3	3	alternative-first	3561	3693	132	0.132000	+3.706824
rxvm	ITOF2_CHAIN_RETENTION	1000000	10	3	4	current-first	3607	3812	205	0.205000	+5.683393
rxbvm	ITOF2_CHAIN_RETENTION	1000000	6	1	1	alternative-first	3882	4042	160	0.160000	+4.121587
rxbvm	ITOF2_CHAIN_RETENTION	1000000	6	1	2	current-first	3883	4163	280	0.280000	+7.210919
rxbvm	ITOF2_CHAIN_RETENTION	1000000	6	1	3	alternative-first	3883	4059	176	0.176000	+4.532578
rxbvm	ITOF2_CHAIN_RETENTION	1000000	6	1	4	current-first	3883	4100	217	0.217000	+5.588463
rxvm	ITOF2_CHAIN_RETENTION	1000000	6	1	1	alternative-first	3568	3741	173	0.173000	+4.848655
rxvm	ITOF2_CHAIN_RETENTION	1000000	6	1	2	current-first	3560	3662	102	0.102000	+2.865169
rxvm	ITOF2_CHAIN_RETENTION	1000000	6	1	3	alternative-first	3703	3681	-22	-0.022000	-0.594113
rxvm	ITOF2_CHAIN_RETENTION	1000000	6	1	4	current-first	3567	3671	104	0.104000	+2.915615
rxvm	ITOF2_CHAIN_RETENTION	1000000	6	2	1	alternative-first	3604	3672	68	0.068000	+1.886792
rxvm	ITOF2_CHAIN_RETENTION	1000000	6	2	2	current-first	3626	3815	189	0.189000	+5.212355
rxvm	ITOF2_CHAIN_RETENTION	1000000	6	2	3	alternative-first	3623	3724	101	0.101000	+2.787745
rxvm	ITOF2_CHAIN_RETENTION	1000000	6	2	4	current-first	3631	3863	232	0.232000	+6.389424
rxbvm	ITOF2_CHAIN_RETENTION	1000000	6	2	1	alternative-first	3893	4097	204	0.204000	+5.240175
rxbvm	ITOF2_CHAIN_RETENTION	1000000	6	2	2	current-first	3888	4038	150	0.150000	+3.858025
rxbvm	ITOF2_CHAIN_RETENTION	1000000	6	2	3	alternative-first	3934	4116	182	0.182000	+4.626335
rxbvm	ITOF2_CHAIN_RETENTION	1000000	6	2	4	current-first	3917	4027	110	0.110000	+2.808272
rxbvm	ITOF2_CHAIN_RETENTION	1000000	6	3	1	alternative-first	3882	4109	227	0.227000	+5.847501
rxbvm	ITOF2_CHAIN_RETENTION	1000000	6	3	2	current-first	3855	4096	241	0.241000	+6.251621
rxbvm	ITOF2_CHAIN_RETENTION	1000000	6	3	3	alternative-first	3852	4080	228	0.228000	+5.919003
rxbvm	ITOF2_CHAIN_RETENTION	1000000	6	3	4	current-first	3857	4142	285	0.285000	+7.389163
rxvm	ITOF2_CHAIN_RETENTION	1000000	6	3	1	alternative-first	3567	3701	134	0.134000	+3.756658
rxvm	ITOF2_CHAIN_RETENTION	1000000	6	3	2	current-first	3580	3799	219	0.219000	+6.117318
rxvm	ITOF2_CHAIN_RETENTION	1000000	6	3	3	alternative-first	3616	3711	95	0.095000	+2.627212
rxvm	ITOF2_CHAIN_RETENTION	1000000	6	3	4	current-first	3585	3714	129	0.129000	+3.598326
rxbvm	ITOF2_CHAIN_RETENTION	1000000	14	1	1	alternative-first	3892	4108	216	0.216000	+5.549846
rxbvm	ITOF2_CHAIN_RETENTION	1000000	14	1	2	current-first	3878	4086	208	0.208000	+5.363589
rxbvm	ITOF2_CHAIN_RETENTION	1000000	14	1	3	alternative-first	3884	4085	201	0.201000	+5.175077
rxbvm	ITOF2_CHAIN_RETENTION	1000000	14	1	4	current-first	3883	4044	161	0.161000	+4.146279
rxvm	ITOF2_CHAIN_RETENTION	1000000	14	1	1	alternative-first	3742	3843	101	0.101000	+2.699091
rxvm	ITOF2_CHAIN_RETENTION	1000000	14	1	2	current-first	3655	3694	39	0.039000	+1.067031
rxvm	ITOF2_CHAIN_RETENTION	1000000	14	1	3	alternative-first	3706	3659	-47	-0.047000	-1.268214
rxvm	ITOF2_CHAIN_RETENTION	1000000	14	1	4	current-first	3678	3680	2	0.002000	+0.054377
rxvm	ITOF2_CHAIN_RETENTION	1000000	14	2	1	alternative-first	3659	3681	22	0.022000	+0.601257
rxvm	ITOF2_CHAIN_RETENTION	1000000	14	2	2	current-first	3647	3770	123	0.123000	+3.372635
rxvm	ITOF2_CHAIN_RETENTION	1000000	14	2	3	alternative-first	3590	3701	111	0.111000	+3.091922
rxvm	ITOF2_CHAIN_RETENTION	1000000	14	2	4	current-first	3665	3704	39	0.039000	+1.064120
rxbvm	ITOF2_CHAIN_RETENTION	1000000	14	2	1	alternative-first	3860	4104	244	0.244000	+6.321244
rxbvm	ITOF2_CHAIN_RETENTION	1000000	14	2	2	current-first	3802	4119	317	0.317000	+8.337717
rxbvm	ITOF2_CHAIN_RETENTION	1000000	14	2	3	alternative-first	3897	4130	233	0.233000	+5.978958
rxbvm	ITOF2_CHAIN_RETENTION	1000000	14	2	4	current-first	3803	4093	290	0.290000	+7.625559
rxbvm	ITOF2_CHAIN_RETENTION	1000000	14	3	1	alternative-first	3876	4060	184	0.184000	+4.747162
rxbvm	ITOF2_CHAIN_RETENTION	1000000	14	3	2	current-first	3920	4106	186	0.186000	+4.744898
rxbvm	ITOF2_CHAIN_RETENTION	1000000	14	3	3	alternative-first	3906	4037	131	0.131000	+3.353815
rxbvm	ITOF2_CHAIN_RETENTION	1000000	14	3	4	current-first	3937	4093	156	0.156000	+3.962408
rxvm	ITOF2_CHAIN_RETENTION	1000000	14	3	1	alternative-first	3521	12467	8946	8.946000	+254.075547
rxvm	ITOF2_CHAIN_RETENTION	1000000	14	3	2	current-first	3502	12479	8977	8.977000	+256.339235
rxvm	ITOF2_CHAIN_RETENTION	1000000	14	3	3	alternative-first	3500	12487	8987	8.987000	+256.771429
rxvm	ITOF2_CHAIN_RETENTION	1000000	14	3	4	current-first	3506	12240	8734	8.734000	+249.115801
rxvm	ITOF2_CHAIN_RETENTION	1000000	1	1	1	alternative-first	3498	3722	224	0.224000	+6.403659
rxvm	ITOF2_CHAIN_RETENTION	1000000	1	1	2	current-first	3514	3791	277	0.277000	+7.882755
rxvm	ITOF2_CHAIN_RETENTION	1000000	1	1	3	alternative-first	3519	3711	192	0.192000	+5.456095
rxvm	ITOF2_CHAIN_RETENTION	1000000	1	1	4	current-first	3841	3781	-60	-0.060000	-1.562093
rxbvm	ITOF2_CHAIN_RETENTION	1000000	1	1	1	alternative-first	3888	4166	278	0.278000	+7.150206
rxbvm	ITOF2_CHAIN_RETENTION	1000000	1	1	2	current-first	3890	4102	212	0.212000	+5.449871
rxbvm	ITOF2_CHAIN_RETENTION	1000000	1	1	3	alternative-first	3918	4112	194	0.194000	+4.951506
rxbvm	ITOF2_CHAIN_RETENTION	1000000	1	1	4	current-first	3883	4072	189	0.189000	+4.867371
rxbvm	ITOF2_CHAIN_RETENTION	1000000	1	2	1	alternative-first	3905	4109	204	0.204000	+5.224072
rxbvm	ITOF2_CHAIN_RETENTION	1000000	1	2	2	current-first	3817	4074	257	0.257000	+6.733036
rxbvm	ITOF2_CHAIN_RETENTION	1000000	1	2	3	alternative-first	3840	4072	232	0.232000	+6.041667
rxbvm	ITOF2_CHAIN_RETENTION	1000000	1	2	4	current-first	3874	4122	248	0.248000	+6.401652
rxvm	ITOF2_CHAIN_RETENTION	1000000	1	2	1	alternative-first	3525	3727	202	0.202000	+5.730496
rxvm	ITOF2_CHAIN_RETENTION	1000000	1	2	2	current-first	3525	3800	275	0.275000	+7.801418
rxvm	ITOF2_CHAIN_RETENTION	1000000	1	2	3	alternative-first	3506	3759	253	0.253000	+7.216201
rxvm	ITOF2_CHAIN_RETENTION	1000000	1	2	4	current-first	3542	3763	221	0.221000	+6.239413
rxvm	ITOF2_CHAIN_RETENTION	1000000	1	3	1	alternative-first	3868	3697	-171	-0.171000	-4.420889
rxvm	ITOF2_CHAIN_RETENTION	1000000	1	3	2	current-first	3574	3689	115	0.115000	+3.217683
rxvm	ITOF2_CHAIN_RETENTION	1000000	1	3	3	alternative-first	3589	3719	130	0.130000	+3.622179
rxvm	ITOF2_CHAIN_RETENTION	1000000	1	3	4	current-first	3598	3709	111	0.111000	+3.085047
rxbvm	ITOF2_CHAIN_RETENTION	1000000	1	3	1	alternative-first	3795	4093	298	0.298000	+7.852437
rxbvm	ITOF2_CHAIN_RETENTION	1000000	1	3	2	current-first	3823	4164	341	0.341000	+8.919697
rxbvm	ITOF2_CHAIN_RETENTION	1000000	1	3	3	alternative-first	3811	4087	276	0.276000	+7.242194
rxbvm	ITOF2_CHAIN_RETENTION	1000000	1	3	4	current-first	3828	4120	292	0.292000	+7.628004
rxvm	ITOF2_CHAIN_RETENTION	1000000	9	1	1	alternative-first	3489	3737	248	0.248000	+7.108054
rxvm	ITOF2_CHAIN_RETENTION	1000000	9	1	2	current-first	3482	3752	270	0.270000	+7.754164
rxvm	ITOF2_CHAIN_RETENTION	1000000	9	1	3	alternative-first	3496	3756	260	0.260000	+7.437071
rxvm	ITOF2_CHAIN_RETENTION	1000000	9	1	4	current-first	3487	3738	251	0.251000	+7.198165
rxbvm	ITOF2_CHAIN_RETENTION	1000000	9	1	1	alternative-first	3855	4086	231	0.231000	+5.992218
rxbvm	ITOF2_CHAIN_RETENTION	1000000	9	1	2	current-first	3850	4105	255	0.255000	+6.623377
rxbvm	ITOF2_CHAIN_RETENTION	1000000	9	1	3	alternative-first	3927	4086	159	0.159000	+4.048892
rxbvm	ITOF2_CHAIN_RETENTION	1000000	9	1	4	current-first	3812	4141	329	0.329000	+8.630640
rxbvm	ITOF2_CHAIN_RETENTION	1000000	9	2	1	alternative-first	3825	4057	232	0.232000	+6.065359
rxbvm	ITOF2_CHAIN_RETENTION	1000000	9	2	2	current-first	3835	4107	272	0.272000	+7.092568
rxbvm	ITOF2_CHAIN_RETENTION	1000000	9	2	3	alternative-first	3841	4089	248	0.248000	+6.456652
rxbvm	ITOF2_CHAIN_RETENTION	1000000	9	2	4	current-first	3889	4128	239	0.239000	+6.145539
rxvm	ITOF2_CHAIN_RETENTION	1000000	9	2	1	alternative-first	3555	3747	192	0.192000	+5.400844
rxvm	ITOF2_CHAIN_RETENTION	1000000	9	2	2	current-first	3560	3679	119	0.119000	+3.342697
rxvm	ITOF2_CHAIN_RETENTION	1000000	9	2	3	alternative-first	3589	3755	166	0.166000	+4.625244
rxvm	ITOF2_CHAIN_RETENTION	1000000	9	2	4	current-first	3591	3707	116	0.116000	+3.230298
rxvm	ITOF2_CHAIN_RETENTION	1000000	9	3	1	alternative-first	3785	3843	58	0.058000	+1.532365
rxvm	ITOF2_CHAIN_RETENTION	1000000	9	3	2	current-first	3687	3682	-5	-0.005000	-0.135612
rxvm	ITOF2_CHAIN_RETENTION	1000000	9	3	3	alternative-first	3571	3682	111	0.111000	+3.108373
rxvm	ITOF2_CHAIN_RETENTION	1000000	9	3	4	current-first	3686	3972	286	0.286000	+7.759088
rxbvm	ITOF2_CHAIN_RETENTION	1000000	9	3	1	alternative-first	3815	4106	291	0.291000	+7.627785
rxbvm	ITOF2_CHAIN_RETENTION	1000000	9	3	2	current-first	3803	4129	326	0.326000	+8.572180
rxbvm	ITOF2_CHAIN_RETENTION	1000000	9	3	3	alternative-first	3809	4171	362	0.362000	+9.503807
rxbvm	ITOF2_CHAIN_RETENTION	1000000	9	3	4	current-first	3815	4096	281	0.281000	+7.365662
rxvm	ITOF2_CHAIN_RETENTION	1000000	5	1	1	alternative-first	3493	3816	323	0.323000	+9.247066
rxvm	ITOF2_CHAIN_RETENTION	1000000	5	1	2	current-first	3479	3766	287	0.287000	+8.249497
rxvm	ITOF2_CHAIN_RETENTION	1000000	5	1	3	alternative-first	3689	3771	82	0.082000	+2.222825
rxvm	ITOF2_CHAIN_RETENTION	1000000	5	1	4	current-first	3541	3787	246	0.246000	+6.947190
rxbvm	ITOF2_CHAIN_RETENTION	1000000	5	1	1	alternative-first	3877	4082	205	0.205000	+5.287594
rxbvm	ITOF2_CHAIN_RETENTION	1000000	5	1	2	current-first	3868	4081	213	0.213000	+5.506722
rxbvm	ITOF2_CHAIN_RETENTION	1000000	5	1	3	alternative-first	3900	4063	163	0.163000	+4.179487
rxbvm	ITOF2_CHAIN_RETENTION	1000000	5	1	4	current-first	3853	4069	216	0.216000	+5.606021
rxbvm	ITOF2_CHAIN_RETENTION	1000000	5	2	1	alternative-first	3911	4042	131	0.131000	+3.349527
rxbvm	ITOF2_CHAIN_RETENTION	1000000	5	2	2	current-first	3981	4075	94	0.094000	+2.361216
rxbvm	ITOF2_CHAIN_RETENTION	1000000	5	2	3	alternative-first	3931	4047	116	0.116000	+2.950903
rxbvm	ITOF2_CHAIN_RETENTION	1000000	5	2	4	current-first	3958	4130	172	0.172000	+4.345629
rxvm	ITOF2_CHAIN_RETENTION	1000000	5	2	1	alternative-first	3531	3775	244	0.244000	+6.910224
rxvm	ITOF2_CHAIN_RETENTION	1000000	5	2	2	current-first	3532	3765	233	0.233000	+6.596829
rxvm	ITOF2_CHAIN_RETENTION	1000000	5	2	3	alternative-first	3533	3771	238	0.238000	+6.736485
rxvm	ITOF2_CHAIN_RETENTION	1000000	5	2	4	current-first	3594	3719	125	0.125000	+3.478019
rxvm	ITOF2_CHAIN_RETENTION	1000000	5	3	1	alternative-first	3604	3671	67	0.067000	+1.859046
rxvm	ITOF2_CHAIN_RETENTION	1000000	5	3	2	current-first	3623	3687	64	0.064000	+1.766492
rxvm	ITOF2_CHAIN_RETENTION	1000000	5	3	3	alternative-first	3543	3688	145	0.145000	+4.092577
rxvm	ITOF2_CHAIN_RETENTION	1000000	5	3	4	current-first	3561	3691	130	0.130000	+3.650660
rxbvm	ITOF2_CHAIN_RETENTION	1000000	5	3	1	alternative-first	3876	4104	228	0.228000	+5.882353
rxbvm	ITOF2_CHAIN_RETENTION	1000000	5	3	2	current-first	3908	4077	169	0.169000	+4.324463
rxbvm	ITOF2_CHAIN_RETENTION	1000000	5	3	3	alternative-first	3894	4137	243	0.243000	+6.240370
rxbvm	ITOF2_CHAIN_RETENTION	1000000	5	3	4	current-first	3885	4029	144	0.144000	+3.706564
rxvm	ITOF2_CHAIN_RETENTION	1000000	13	1	1	alternative-first	3523	3936	413	0.413000	+11.722963
rxvm	ITOF2_CHAIN_RETENTION	1000000	13	1	2	current-first	3518	3857	339	0.339000	+9.636157
rxvm	ITOF2_CHAIN_RETENTION	1000000	13	1	3	alternative-first	3604	3982	378	0.378000	+10.488346
rxvm	ITOF2_CHAIN_RETENTION	1000000	13	1	4	current-first	3872	3726	-146	-0.146000	-3.770661
rxbvm	ITOF2_CHAIN_RETENTION	1000000	13	1	1	alternative-first	3901	4083	182	0.182000	+4.665470
rxbvm	ITOF2_CHAIN_RETENTION	1000000	13	1	2	current-first	3958	4064	106	0.106000	+2.678120
rxbvm	ITOF2_CHAIN_RETENTION	1000000	13	1	3	alternative-first	3905	4039	134	0.134000	+3.431498
rxbvm	ITOF2_CHAIN_RETENTION	1000000	13	1	4	current-first	3949	4066	117	0.117000	+2.962775
rxbvm	ITOF2_CHAIN_RETENTION	1000000	13	2	1	alternative-first	3880	4045	165	0.165000	+4.252577
rxbvm	ITOF2_CHAIN_RETENTION	1000000	13	2	2	current-first	3892	4132	240	0.240000	+6.166495
rxbvm	ITOF2_CHAIN_RETENTION	1000000	13	2	3	alternative-first	3885	4101	216	0.216000	+5.559846
rxbvm	ITOF2_CHAIN_RETENTION	1000000	13	2	4	current-first	3880	4115	235	0.235000	+6.056701
rxvm	ITOF2_CHAIN_RETENTION	1000000	13	2	1	alternative-first	3612	3714	102	0.102000	+2.823920
rxvm	ITOF2_CHAIN_RETENTION	1000000	13	2	2	current-first	3572	3709	137	0.137000	+3.835386
rxvm	ITOF2_CHAIN_RETENTION	1000000	13	2	3	alternative-first	3631	3677	46	0.046000	+1.266869
rxvm	ITOF2_CHAIN_RETENTION	1000000	13	2	4	current-first	3603	3706	103	0.103000	+2.858729
rxvm	ITOF2_CHAIN_RETENTION	1000000	13	3	1	alternative-first	3519	3726	207	0.207000	+5.882353
rxvm	ITOF2_CHAIN_RETENTION	1000000	13	3	2	current-first	3524	3809	285	0.285000	+8.087401
rxvm	ITOF2_CHAIN_RETENTION	1000000	13	3	3	alternative-first	3499	3762	263	0.263000	+7.516433
rxvm	ITOF2_CHAIN_RETENTION	1000000	13	3	4	current-first	3800	3769	-31	-0.031000	-0.815789
rxbvm	ITOF2_CHAIN_RETENTION	1000000	13	3	1	alternative-first	3974	4047	73	0.073000	+1.836940
rxbvm	ITOF2_CHAIN_RETENTION	1000000	13	3	2	current-first	3903	4064	161	0.161000	+4.125032
rxbvm	ITOF2_CHAIN_RETENTION	1000000	13	3	3	alternative-first	3968	4076	108	0.108000	+2.721774
rxbvm	ITOF2_CHAIN_RETENTION	1000000	13	3	4	current-first	3893	4069	176	0.176000	+4.520935
rxvm	ITOF2_CHAIN_RETENTION	1000000	3	1	1	alternative-first	3690	3699	9	0.009000	+0.243902
rxvm	ITOF2_CHAIN_RETENTION	1000000	3	1	2	current-first	3680	3699	19	0.019000	+0.516304
rxvm	ITOF2_CHAIN_RETENTION	1000000	3	1	3	alternative-first	3655	3654	-1	-0.001000	-0.027360
rxvm	ITOF2_CHAIN_RETENTION	1000000	3	1	4	current-first	3728	3695	-33	-0.033000	-0.885193
rxbvm	ITOF2_CHAIN_RETENTION	1000000	3	1	1	alternative-first	3834	4092	258	0.258000	+6.729264
rxbvm	ITOF2_CHAIN_RETENTION	1000000	3	1	2	current-first	3839	4178	339	0.339000	+8.830425
rxbvm	ITOF2_CHAIN_RETENTION	1000000	3	1	3	alternative-first	3827	4134	307	0.307000	+8.021949
rxbvm	ITOF2_CHAIN_RETENTION	1000000	3	1	4	current-first	3826	4151	325	0.325000	+8.494511
rxbvm	ITOF2_CHAIN_RETENTION	1000000	3	2	1	alternative-first	3825	4174	349	0.349000	+9.124183
rxbvm	ITOF2_CHAIN_RETENTION	1000000	3	2	2	current-first	3855	4140	285	0.285000	+7.392996
rxbvm	ITOF2_CHAIN_RETENTION	1000000	3	2	3	alternative-first	3897	4137	240	0.240000	+6.158584
rxbvm	ITOF2_CHAIN_RETENTION	1000000	3	2	4	current-first	3837	4081	244	0.244000	+6.359135
rxvm	ITOF2_CHAIN_RETENTION	1000000	3	2	1	alternative-first	3565	3678	113	0.113000	+3.169705
rxvm	ITOF2_CHAIN_RETENTION	1000000	3	2	2	current-first	3648	3702	54	0.054000	+1.480263
rxvm	ITOF2_CHAIN_RETENTION	1000000	3	2	3	alternative-first	3573	3651	78	0.078000	+2.183039
rxvm	ITOF2_CHAIN_RETENTION	1000000	3	2	4	current-first	3616	3675	59	0.059000	+1.631637
rxvm	ITOF2_CHAIN_RETENTION	1000000	3	3	1	alternative-first	3555	3746	191	0.191000	+5.372714
rxvm	ITOF2_CHAIN_RETENTION	1000000	3	3	2	current-first	3555	3671	116	0.116000	+3.263010
rxvm	ITOF2_CHAIN_RETENTION	1000000	3	3	3	alternative-first	3505	3785	280	0.280000	+7.988588
rxvm	ITOF2_CHAIN_RETENTION	1000000	3	3	4	current-first	3617	3659	42	0.042000	+1.161183
rxbvm	ITOF2_CHAIN_RETENTION	1000000	3	3	1	alternative-first	3886	4072	186	0.186000	+4.786413
rxbvm	ITOF2_CHAIN_RETENTION	1000000	3	3	2	current-first	3955	4109	154	0.154000	+3.893805
rxbvm	ITOF2_CHAIN_RETENTION	1000000	3	3	3	alternative-first	3940	4091	151	0.151000	+3.832487
rxbvm	ITOF2_CHAIN_RETENTION	1000000	3	3	4	current-first	3962	4122	160	0.160000	+4.038364
rxvm	ITOF2_CHAIN_RETENTION	1000000	11	1	1	alternative-first	3637	3720	83	0.083000	+2.282101
rxvm	ITOF2_CHAIN_RETENTION	1000000	11	1	2	current-first	3716	3694	-22	-0.022000	-0.592034
rxvm	ITOF2_CHAIN_RETENTION	1000000	11	1	3	alternative-first	3636	3717	81	0.081000	+2.227723
rxvm	ITOF2_CHAIN_RETENTION	1000000	11	1	4	current-first	3660	3777	117	0.117000	+3.196721
rxbvm	ITOF2_CHAIN_RETENTION	1000000	11	1	1	alternative-first	3887	4100	213	0.213000	+5.479804
rxbvm	ITOF2_CHAIN_RETENTION	1000000	11	1	2	current-first	3907	4046	139	0.139000	+3.557717
rxbvm	ITOF2_CHAIN_RETENTION	1000000	11	1	3	alternative-first	3907	4129	222	0.222000	+5.682109
rxbvm	ITOF2_CHAIN_RETENTION	1000000	11	1	4	current-first	3926	4019	93	0.093000	+2.368823
rxbvm	ITOF2_CHAIN_RETENTION	1000000	11	2	1	alternative-first	3855	4128	273	0.273000	+7.081712
rxbvm	ITOF2_CHAIN_RETENTION	1000000	11	2	2	current-first	3834	4153	319	0.319000	+8.320292
rxbvm	ITOF2_CHAIN_RETENTION	1000000	11	2	3	alternative-first	3934	4151	217	0.217000	+5.516014
rxbvm	ITOF2_CHAIN_RETENTION	1000000	11	2	4	current-first	3850	4095	245	0.245000	+6.363636
rxvm	ITOF2_CHAIN_RETENTION	1000000	11	2	1	alternative-first	3707	3729	22	0.022000	+0.593472
rxvm	ITOF2_CHAIN_RETENTION	1000000	11	2	2	current-first	3754	3812	58	0.058000	+1.545019
rxvm	ITOF2_CHAIN_RETENTION	1000000	11	2	3	alternative-first	3722	3764	42	0.042000	+1.128426
rxvm	ITOF2_CHAIN_RETENTION	1000000	11	2	4	current-first	3814	3766	-48	-0.048000	-1.258521
rxvm	ITOF2_CHAIN_RETENTION	1000000	11	3	1	alternative-first	3592	3763	171	0.171000	+4.760579
rxvm	ITOF2_CHAIN_RETENTION	1000000	11	3	2	current-first	3576	3674	98	0.098000	+2.740492
rxvm	ITOF2_CHAIN_RETENTION	1000000	11	3	3	alternative-first	3616	3691	75	0.075000	+2.074115
rxvm	ITOF2_CHAIN_RETENTION	1000000	11	3	4	current-first	3588	3691	103	0.103000	+2.870680
rxbvm	ITOF2_CHAIN_RETENTION	1000000	11	3	1	alternative-first	3932	4035	103	0.103000	+2.619532
rxbvm	ITOF2_CHAIN_RETENTION	1000000	11	3	2	current-first	3961	4080	119	0.119000	+3.004292
rxbvm	ITOF2_CHAIN_RETENTION	1000000	11	3	3	alternative-first	3893	4022	129	0.129000	+3.313640
rxbvm	ITOF2_CHAIN_RETENTION	1000000	11	3	4	current-first	3953	4072	119	0.119000	+3.010372
rxvm	ITOF2_CHAIN_RETENTION	1000000	7	1	1	alternative-first	3649	3733	84	0.084000	+2.302001
rxvm	ITOF2_CHAIN_RETENTION	1000000	7	1	2	current-first	3626	3720	94	0.094000	+2.592388
rxvm	ITOF2_CHAIN_RETENTION	1000000	7	1	3	alternative-first	3606	3675	69	0.069000	+1.913478
rxvm	ITOF2_CHAIN_RETENTION	1000000	7	1	4	current-first	3583	3790	207	0.207000	+5.777282
rxbvm	ITOF2_CHAIN_RETENTION	1000000	7	1	1	alternative-first	3891	4105	214	0.214000	+5.499871
rxbvm	ITOF2_CHAIN_RETENTION	1000000	7	1	2	current-first	3883	4038	155	0.155000	+3.991759
rxbvm	ITOF2_CHAIN_RETENTION	1000000	7	1	3	alternative-first	3931	4129	198	0.198000	+5.036886
rxbvm	ITOF2_CHAIN_RETENTION	1000000	7	1	4	current-first	3904	4095	191	0.191000	+4.892418
rxbvm	ITOF2_CHAIN_RETENTION	1000000	7	2	1	alternative-first	3825	4118	293	0.293000	+7.660131
rxbvm	ITOF2_CHAIN_RETENTION	1000000	7	2	2	current-first	3880	4088	208	0.208000	+5.360825
rxbvm	ITOF2_CHAIN_RETENTION	1000000	7	2	3	alternative-first	3864	4055	191	0.191000	+4.943064
rxbvm	ITOF2_CHAIN_RETENTION	1000000	7	2	4	current-first	3870	4105	235	0.235000	+6.072351
rxvm	ITOF2_CHAIN_RETENTION	1000000	7	2	1	alternative-first	3566	3679	113	0.113000	+3.168817
rxvm	ITOF2_CHAIN_RETENTION	1000000	7	2	2	current-first	3577	3694	117	0.117000	+3.270897
rxvm	ITOF2_CHAIN_RETENTION	1000000	7	2	3	alternative-first	3583	3685	102	0.102000	+2.846776
rxvm	ITOF2_CHAIN_RETENTION	1000000	7	2	4	current-first	3590	3689	99	0.099000	+2.757660
rxvm	ITOF2_CHAIN_RETENTION	1000000	7	3	1	alternative-first	3614	3683	69	0.069000	+1.909242
rxvm	ITOF2_CHAIN_RETENTION	1000000	7	3	2	current-first	3593	3676	83	0.083000	+2.310047
rxvm	ITOF2_CHAIN_RETENTION	1000000	7	3	3	alternative-first	3631	3652	21	0.021000	+0.578353
rxvm	ITOF2_CHAIN_RETENTION	1000000	7	3	4	current-first	3655	3659	4	0.004000	+0.109439
rxbvm	ITOF2_CHAIN_RETENTION	1000000	7	3	1	alternative-first	3807	4081	274	0.274000	+7.197268
rxbvm	ITOF2_CHAIN_RETENTION	1000000	7	3	2	current-first	3832	4131	299	0.299000	+7.802714
rxbvm	ITOF2_CHAIN_RETENTION	1000000	7	3	3	alternative-first	3827	4120	293	0.293000	+7.656128
rxbvm	ITOF2_CHAIN_RETENTION	1000000	7	3	4	current-first	3851	4151	300	0.300000	+7.790184
rxvm	ITOF2_CHAIN_RETENTION	1000000	15	1	1	alternative-first	3498	3722	224	0.224000	+6.403659
rxvm	ITOF2_CHAIN_RETENTION	1000000	15	1	2	current-first	3556	3738	182	0.182000	+5.118110
rxvm	ITOF2_CHAIN_RETENTION	1000000	15	1	3	alternative-first	3581	3774	193	0.193000	+5.389556
rxvm	ITOF2_CHAIN_RETENTION	1000000	15	1	4	current-first	3557	3714	157	0.157000	+4.413832
rxbvm	ITOF2_CHAIN_RETENTION	1000000	15	1	1	alternative-first	3874	4109	235	0.235000	+6.066082
rxbvm	ITOF2_CHAIN_RETENTION	1000000	15	1	2	current-first	3857	4103	246	0.246000	+6.378014
rxbvm	ITOF2_CHAIN_RETENTION	1000000	15	1	3	alternative-first	3851	4098	247	0.247000	+6.413918
rxbvm	ITOF2_CHAIN_RETENTION	1000000	15	1	4	current-first	3953	4084	131	0.131000	+3.313939
rxbvm	ITOF2_CHAIN_RETENTION	1000000	15	2	1	alternative-first	3866	4041	175	0.175000	+4.526643
rxbvm	ITOF2_CHAIN_RETENTION	1000000	15	2	2	current-first	3893	4101	208	0.208000	+5.342923
rxbvm	ITOF2_CHAIN_RETENTION	1000000	15	2	3	alternative-first	3885	4038	153	0.153000	+3.938224
rxbvm	ITOF2_CHAIN_RETENTION	1000000	15	2	4	current-first	3908	4076	168	0.168000	+4.298874
rxvm	ITOF2_CHAIN_RETENTION	1000000	15	2	1	alternative-first	3647	3744	97	0.097000	+2.659720
rxvm	ITOF2_CHAIN_RETENTION	1000000	15	2	2	current-first	3641	3674	33	0.033000	+0.906344
rxvm	ITOF2_CHAIN_RETENTION	1000000	15	2	3	alternative-first	3815	3711	-104	-0.104000	-2.726081
rxvm	ITOF2_CHAIN_RETENTION	1000000	15	2	4	current-first	3730	3691	-39	-0.039000	-1.045576
rxvm	ITOF2_CHAIN_RETENTION	1000000	15	3	1	alternative-first	3497	3713	216	0.216000	+6.176723
rxvm	ITOF2_CHAIN_RETENTION	1000000	15	3	2	current-first	3622	3721	99	0.099000	+2.733297
rxvm	ITOF2_CHAIN_RETENTION	1000000	15	3	3	alternative-first	3557	3708	151	0.151000	+4.245150
rxvm	ITOF2_CHAIN_RETENTION	1000000	15	3	4	current-first	3628	3753	125	0.125000	+3.445424
rxbvm	ITOF2_CHAIN_RETENTION	1000000	15	3	1	alternative-first	3891	4137	246	0.246000	+6.322282
rxbvm	ITOF2_CHAIN_RETENTION	1000000	15	3	2	current-first	3907	4079	172	0.172000	+4.402355
rxbvm	ITOF2_CHAIN_RETENTION	1000000	15	3	3	alternative-first	3905	4136	231	0.231000	+5.915493
rxbvm	ITOF2_CHAIN_RETENTION	1000000	15	3	4	current-first	3916	4121	205	0.205000	+5.234934
rxvm	LINKSETATTRSLINKADD_PROMOTION	500000	0	1	1	alternative-first	2533	2455	-78	-0.156000	-3.079353
rxvm	LINKSETATTRSLINKADD_PROMOTION	500000	0	1	2	current-first	2597	2568	-29	-0.058000	-1.116673
rxvm	LINKSETATTRSLINKADD_PROMOTION	500000	0	1	3	alternative-first	2554	2471	-83	-0.166000	-3.249804
rxvm	LINKSETATTRSLINKADD_PROMOTION	500000	0	1	4	current-first	2658	2560	-98	-0.196000	-3.686983
rxbvm	LINKSETATTRSLINKADD_PROMOTION	500000	0	1	1	alternative-first	2632	2522	-110	-0.220000	-4.179331
rxbvm	LINKSETATTRSLINKADD_PROMOTION	500000	0	1	2	current-first	2647	2567	-80	-0.160000	-3.022289
rxbvm	LINKSETATTRSLINKADD_PROMOTION	500000	0	1	3	alternative-first	2605	2550	-55	-0.110000	-2.111324
rxbvm	LINKSETATTRSLINKADD_PROMOTION	500000	0	1	4	current-first	2598	2558	-40	-0.080000	-1.539646
rxbvm	LINKSETATTRSLINKADD_PROMOTION	500000	0	2	1	alternative-first	2609	2543	-66	-0.132000	-2.529705
rxbvm	LINKSETATTRSLINKADD_PROMOTION	500000	0	2	2	current-first	2624	2611	-13	-0.026000	-0.495427
rxbvm	LINKSETATTRSLINKADD_PROMOTION	500000	0	2	3	alternative-first	2588	2567	-21	-0.042000	-0.811437
rxbvm	LINKSETATTRSLINKADD_PROMOTION	500000	0	2	4	current-first	2605	2544	-61	-0.122000	-2.341651
rxvm	LINKSETATTRSLINKADD_PROMOTION	500000	0	2	1	alternative-first	2550	2467	-83	-0.166000	-3.254902
rxvm	LINKSETATTRSLINKADD_PROMOTION	500000	0	2	2	current-first	2542	2472	-70	-0.140000	-2.753737
rxvm	LINKSETATTRSLINKADD_PROMOTION	500000	0	2	3	alternative-first	2771	2526	-245	-0.490000	-8.841573
rxvm	LINKSETATTRSLINKADD_PROMOTION	500000	0	2	4	current-first	2500	2483	-17	-0.034000	-0.680000
rxvm	LINKSETATTRSLINKADD_PROMOTION	500000	0	3	1	alternative-first	2500	2494	-6	-0.012000	-0.240000
rxvm	LINKSETATTRSLINKADD_PROMOTION	500000	0	3	2	current-first	2509	2487	-22	-0.044000	-0.876843
rxvm	LINKSETATTRSLINKADD_PROMOTION	500000	0	3	3	alternative-first	2616	2484	-132	-0.264000	-5.045872
rxvm	LINKSETATTRSLINKADD_PROMOTION	500000	0	3	4	current-first	2608	2511	-97	-0.194000	-3.719325
rxbvm	LINKSETATTRSLINKADD_PROMOTION	500000	0	3	1	alternative-first	2582	2571	-11	-0.022000	-0.426026
rxbvm	LINKSETATTRSLINKADD_PROMOTION	500000	0	3	2	current-first	2587	2511	-76	-0.152000	-2.937766
rxbvm	LINKSETATTRSLINKADD_PROMOTION	500000	0	3	3	alternative-first	2591	2508	-83	-0.166000	-3.203396
rxbvm	LINKSETATTRSLINKADD_PROMOTION	500000	0	3	4	current-first	2617	2609	-8	-0.016000	-0.305694
rxvm	LINKSETATTRSLINKADD_PROMOTION	500000	8	1	1	alternative-first	2793	2593	-200	-0.400000	-7.160759
rxvm	LINKSETATTRSLINKADD_PROMOTION	500000	8	1	2	current-first	2663	2469	-194	-0.388000	-7.285017
rxvm	LINKSETATTRSLINKADD_PROMOTION	500000	8	1	3	alternative-first	2734	2466	-268	-0.536000	-9.802487
rxvm	LINKSETATTRSLINKADD_PROMOTION	500000	8	1	4	current-first	2616	2456	-160	-0.320000	-6.116208
rxbvm	LINKSETATTRSLINKADD_PROMOTION	500000	8	1	1	alternative-first	2685	2582	-103	-0.206000	-3.836127
rxbvm	LINKSETATTRSLINKADD_PROMOTION	500000	8	1	2	current-first	2623	2529	-94	-0.188000	-3.583683
rxbvm	LINKSETATTRSLINKADD_PROMOTION	500000	8	1	3	alternative-first	2594	2533	-61	-0.122000	-2.351581
rxbvm	LINKSETATTRSLINKADD_PROMOTION	500000	8	1	4	current-first	2602	2597	-5	-0.010000	-0.192160
rxbvm	LINKSETATTRSLINKADD_PROMOTION	500000	8	2	1	alternative-first	2600	2502	-98	-0.196000	-3.769231
rxbvm	LINKSETATTRSLINKADD_PROMOTION	500000	8	2	2	current-first	2622	2517	-105	-0.210000	-4.004577
rxbvm	LINKSETATTRSLINKADD_PROMOTION	500000	8	2	3	alternative-first	2581	2554	-27	-0.054000	-1.046106
rxbvm	LINKSETATTRSLINKADD_PROMOTION	500000	8	2	4	current-first	2648	2511	-137	-0.274000	-5.173716
rxvm	LINKSETATTRSLINKADD_PROMOTION	500000	8	2	1	alternative-first	2629	2505	-124	-0.248000	-4.716622
rxvm	LINKSETATTRSLINKADD_PROMOTION	500000	8	2	2	current-first	2669	2564	-105	-0.210000	-3.934058
rxvm	LINKSETATTRSLINKADD_PROMOTION	500000	8	2	3	alternative-first	2541	2490	-51	-0.102000	-2.007084
rxvm	LINKSETATTRSLINKADD_PROMOTION	500000	8	2	4	current-first	2534	2461	-73	-0.146000	-2.880821
rxvm	LINKSETATTRSLINKADD_PROMOTION	500000	8	3	1	alternative-first	2546	2520	-26	-0.052000	-1.021210
rxvm	LINKSETATTRSLINKADD_PROMOTION	500000	8	3	2	current-first	2518	2505	-13	-0.026000	-0.516283
rxvm	LINKSETATTRSLINKADD_PROMOTION	500000	8	3	3	alternative-first	2532	2565	33	0.066000	+1.303318
rxvm	LINKSETATTRSLINKADD_PROMOTION	500000	8	3	4	current-first	2577	2506	-71	-0.142000	-2.755142
rxbvm	LINKSETATTRSLINKADD_PROMOTION	500000	8	3	1	alternative-first	2601	2531	-70	-0.140000	-2.691273
rxbvm	LINKSETATTRSLINKADD_PROMOTION	500000	8	3	2	current-first	2558	2553	-5	-0.010000	-0.195465
rxbvm	LINKSETATTRSLINKADD_PROMOTION	500000	8	3	3	alternative-first	2620	2533	-87	-0.174000	-3.320611
rxbvm	LINKSETATTRSLINKADD_PROMOTION	500000	8	3	4	current-first	2592	2513	-79	-0.158000	-3.047840
rxvm	LINKSETATTRSLINKADD_PROMOTION	500000	4	1	1	alternative-first	2709	2610	-99	-0.198000	-3.654485
rxvm	LINKSETATTRSLINKADD_PROMOTION	500000	4	1	2	current-first	2767	2486	-281	-0.562000	-10.155403
rxvm	LINKSETATTRSLINKADD_PROMOTION	500000	4	1	3	alternative-first	2558	2607	49	0.098000	+1.915559
rxvm	LINKSETATTRSLINKADD_PROMOTION	500000	4	1	4	current-first	2660	2515	-145	-0.290000	-5.451128
rxbvm	LINKSETATTRSLINKADD_PROMOTION	500000	4	1	1	alternative-first	2588	2495	-93	-0.186000	-3.593509
rxbvm	LINKSETATTRSLINKADD_PROMOTION	500000	4	1	2	current-first	2555	2489	-66	-0.132000	-2.583170
rxbvm	LINKSETATTRSLINKADD_PROMOTION	500000	4	1	3	alternative-first	2648	2495	-153	-0.306000	-5.777946
rxbvm	LINKSETATTRSLINKADD_PROMOTION	500000	4	1	4	current-first	2583	2502	-81	-0.162000	-3.135889
rxbvm	LINKSETATTRSLINKADD_PROMOTION	500000	4	2	1	alternative-first	2585	2628	43	0.086000	+1.663443
rxbvm	LINKSETATTRSLINKADD_PROMOTION	500000	4	2	2	current-first	2581	2479	-102	-0.204000	-3.951957
rxbvm	LINKSETATTRSLINKADD_PROMOTION	500000	4	2	3	alternative-first	2595	2474	-121	-0.242000	-4.662813
rxbvm	LINKSETATTRSLINKADD_PROMOTION	500000	4	2	4	current-first	2646	2536	-110	-0.220000	-4.157218
rxvm	LINKSETATTRSLINKADD_PROMOTION	500000	4	2	1	alternative-first	2856	2523	-333	-0.666000	-11.659664
rxvm	LINKSETATTRSLINKADD_PROMOTION	500000	4	2	2	current-first	2677	2503	-174	-0.348000	-6.499813
rxvm	LINKSETATTRSLINKADD_PROMOTION	500000	4	2	3	alternative-first	2730	2492	-238	-0.476000	-8.717949
rxvm	LINKSETATTRSLINKADD_PROMOTION	500000	4	2	4	current-first	2599	2609	10	0.020000	+0.384763
rxvm	LINKSETATTRSLINKADD_PROMOTION	500000	4	3	1	alternative-first	2681	2466	-215	-0.430000	-8.019396
rxvm	LINKSETATTRSLINKADD_PROMOTION	500000	4	3	2	current-first	2540	2481	-59	-0.118000	-2.322835
rxvm	LINKSETATTRSLINKADD_PROMOTION	500000	4	3	3	alternative-first	2667	2500	-167	-0.334000	-6.261717
rxvm	LINKSETATTRSLINKADD_PROMOTION	500000	4	3	4	current-first	2712	2554	-158	-0.316000	-5.825959
rxbvm	LINKSETATTRSLINKADD_PROMOTION	500000	4	3	1	alternative-first	2622	2600	-22	-0.044000	-0.839054
rxbvm	LINKSETATTRSLINKADD_PROMOTION	500000	4	3	2	current-first	2635	2571	-64	-0.128000	-2.428843
rxbvm	LINKSETATTRSLINKADD_PROMOTION	500000	4	3	3	alternative-first	2615	2556	-59	-0.118000	-2.256214
rxbvm	LINKSETATTRSLINKADD_PROMOTION	500000	4	3	4	current-first	2697	2592	-105	-0.210000	-3.893215
rxvm	LINKSETATTRSLINKADD_PROMOTION	500000	12	1	1	alternative-first	2783	2476	-307	-0.614000	-11.031261
rxvm	LINKSETATTRSLINKADD_PROMOTION	500000	12	1	2	current-first	2574	2491	-83	-0.166000	-3.224553
rxvm	LINKSETATTRSLINKADD_PROMOTION	500000	12	1	3	alternative-first	2668	2488	-180	-0.360000	-6.746627
rxvm	LINKSETATTRSLINKADD_PROMOTION	500000	12	1	4	current-first	2560	2511	-49	-0.098000	-1.914063
rxbvm	LINKSETATTRSLINKADD_PROMOTION	500000	12	1	1	alternative-first	2626	2580	-46	-0.092000	-1.751714
rxbvm	LINKSETATTRSLINKADD_PROMOTION	500000	12	1	2	current-first	2584	2535	-49	-0.098000	-1.896285
rxbvm	LINKSETATTRSLINKADD_PROMOTION	500000	12	1	3	alternative-first	2629	2531	-98	-0.196000	-3.727653
rxbvm	LINKSETATTRSLINKADD_PROMOTION	500000	12	1	4	current-first	2637	2575	-62	-0.124000	-2.351157
rxbvm	LINKSETATTRSLINKADD_PROMOTION	500000	12	2	1	alternative-first	2660	2583	-77	-0.154000	-2.894737
rxbvm	LINKSETATTRSLINKADD_PROMOTION	500000	12	2	2	current-first	2617	2549	-68	-0.136000	-2.598395
rxbvm	LINKSETATTRSLINKADD_PROMOTION	500000	12	2	3	alternative-first	2667	2537	-130	-0.260000	-4.874391
rxbvm	LINKSETATTRSLINKADD_PROMOTION	500000	12	2	4	current-first	2654	2643	-11	-0.022000	-0.414469
rxvm	LINKSETATTRSLINKADD_PROMOTION	500000	12	2	1	alternative-first	2501	2497	-4	-0.008000	-0.159936
rxvm	LINKSETATTRSLINKADD_PROMOTION	500000	12	2	2	current-first	2586	2453	-133	-0.266000	-5.143078
rxvm	LINKSETATTRSLINKADD_PROMOTION	500000	12	2	3	alternative-first	2527	2492	-35	-0.070000	-1.385042
rxvm	LINKSETATTRSLINKADD_PROMOTION	500000	12	2	4	current-first	2538	2497	-41	-0.082000	-1.615445
rxvm	LINKSETATTRSLINKADD_PROMOTION	500000	12	3	1	alternative-first	2534	2461	-73	-0.146000	-2.880821
rxvm	LINKSETATTRSLINKADD_PROMOTION	500000	12	3	2	current-first	2548	2515	-33	-0.066000	-1.295133
rxvm	LINKSETATTRSLINKADD_PROMOTION	500000	12	3	3	alternative-first	2676	2463	-213	-0.426000	-7.959641
rxvm	LINKSETATTRSLINKADD_PROMOTION	500000	12	3	4	current-first	2540	2478	-62	-0.124000	-2.440945
rxbvm	LINKSETATTRSLINKADD_PROMOTION	500000	12	3	1	alternative-first	2593	2522	-71	-0.142000	-2.738141
rxbvm	LINKSETATTRSLINKADD_PROMOTION	500000	12	3	2	current-first	2597	2505	-92	-0.184000	-3.542549
rxbvm	LINKSETATTRSLINKADD_PROMOTION	500000	12	3	3	alternative-first	2673	2605	-68	-0.136000	-2.543958
rxbvm	LINKSETATTRSLINKADD_PROMOTION	500000	12	3	4	current-first	2597	2554	-43	-0.086000	-1.655757
rxvm	LINKSETATTRSLINKADD_PROMOTION	500000	2	1	1	alternative-first	2536	2470	-66	-0.132000	-2.602524
rxvm	LINKSETATTRSLINKADD_PROMOTION	500000	2	1	2	current-first	2773	2511	-262	-0.524000	-9.448251
rxvm	LINKSETATTRSLINKADD_PROMOTION	500000	2	1	3	alternative-first	2609	2548	-61	-0.122000	-2.338061
rxvm	LINKSETATTRSLINKADD_PROMOTION	500000	2	1	4	current-first	2772	2487	-285	-0.570000	-10.281385
rxbvm	LINKSETATTRSLINKADD_PROMOTION	500000	2	1	1	alternative-first	2617	2509	-108	-0.216000	-4.126863
rxbvm	LINKSETATTRSLINKADD_PROMOTION	500000	2	1	2	current-first	2567	2529	-38	-0.076000	-1.480327
rxbvm	LINKSETATTRSLINKADD_PROMOTION	500000	2	1	3	alternative-first	2648	2519	-129	-0.258000	-4.871601
rxbvm	LINKSETATTRSLINKADD_PROMOTION	500000	2	1	4	current-first	2654	2499	-155	-0.310000	-5.840241
rxbvm	LINKSETATTRSLINKADD_PROMOTION	500000	2	2	1	alternative-first	2590	2527	-63	-0.126000	-2.432432
rxbvm	LINKSETATTRSLINKADD_PROMOTION	500000	2	2	2	current-first	2574	2516	-58	-0.116000	-2.253302
rxbvm	LINKSETATTRSLINKADD_PROMOTION	500000	2	2	3	alternative-first	2587	2488	-99	-0.198000	-3.826826
rxbvm	LINKSETATTRSLINKADD_PROMOTION	500000	2	2	4	current-first	2628	2603	-25	-0.050000	-0.951294
rxvm	LINKSETATTRSLINKADD_PROMOTION	500000	2	2	1	alternative-first	2576	2473	-103	-0.206000	-3.998447
rxvm	LINKSETATTRSLINKADD_PROMOTION	500000	2	2	2	current-first	2502	2472	-30	-0.060000	-1.199041
rxvm	LINKSETATTRSLINKADD_PROMOTION	500000	2	2	3	alternative-first	2504	2475	-29	-0.058000	-1.158147
rxvm	LINKSETATTRSLINKADD_PROMOTION	500000	2	2	4	current-first	2510	2513	3	0.006000	+0.119522
rxvm	LINKSETATTRSLINKADD_PROMOTION	500000	2	3	1	alternative-first	2837	2563	-274	-0.548000	-9.658090
rxvm	LINKSETATTRSLINKADD_PROMOTION	500000	2	3	2	current-first	2998	2499	-499	-0.998000	-16.644430
rxvm	LINKSETATTRSLINKADD_PROMOTION	500000	2	3	3	alternative-first	2649	2479	-170	-0.340000	-6.417516
rxvm	LINKSETATTRSLINKADD_PROMOTION	500000	2	3	4	current-first	2520	2495	-25	-0.050000	-0.992063
rxbvm	LINKSETATTRSLINKADD_PROMOTION	500000	2	3	1	alternative-first	2602	2525	-77	-0.154000	-2.959262
rxbvm	LINKSETATTRSLINKADD_PROMOTION	500000	2	3	2	current-first	2603	2564	-39	-0.078000	-1.498271
rxbvm	LINKSETATTRSLINKADD_PROMOTION	500000	2	3	3	alternative-first	2574	2536	-38	-0.076000	-1.476301
rxbvm	LINKSETATTRSLINKADD_PROMOTION	500000	2	3	4	current-first	2569	2495	-74	-0.148000	-2.880498
rxvm	LINKSETATTRSLINKADD_PROMOTION	500000	10	1	1	alternative-first	2500	2542	42	0.084000	+1.680000
rxvm	LINKSETATTRSLINKADD_PROMOTION	500000	10	1	2	current-first	2692	2568	-124	-0.248000	-4.606241
rxvm	LINKSETATTRSLINKADD_PROMOTION	500000	10	1	3	alternative-first	2785	2569	-216	-0.432000	-7.755835
rxvm	LINKSETATTRSLINKADD_PROMOTION	500000	10	1	4	current-first	2773	2553	-220	-0.440000	-7.933646
rxbvm	LINKSETATTRSLINKADD_PROMOTION	500000	10	1	1	alternative-first	2586	2501	-85	-0.170000	-3.286930
rxbvm	LINKSETATTRSLINKADD_PROMOTION	500000	10	1	2	current-first	2598	2564	-34	-0.068000	-1.308699
rxbvm	LINKSETATTRSLINKADD_PROMOTION	500000	10	1	3	alternative-first	2617	2524	-93	-0.186000	-3.553687
rxbvm	LINKSETATTRSLINKADD_PROMOTION	500000	10	1	4	current-first	2587	2554	-33	-0.066000	-1.275609
rxbvm	LINKSETATTRSLINKADD_PROMOTION	500000	10	2	1	alternative-first	2599	2524	-75	-0.150000	-2.885725
rxbvm	LINKSETATTRSLINKADD_PROMOTION	500000	10	2	2	current-first	2561	2551	-10	-0.020000	-0.390472
rxbvm	LINKSETATTRSLINKADD_PROMOTION	500000	10	2	3	alternative-first	2579	2589	10	0.020000	+0.387747
rxbvm	LINKSETATTRSLINKADD_PROMOTION	500000	10	2	4	current-first	2612	2509	-103	-0.206000	-3.943338
rxvm	LINKSETATTRSLINKADD_PROMOTION	500000	10	2	1	alternative-first	2555	2473	-82	-0.164000	-3.209393
rxvm	LINKSETATTRSLINKADD_PROMOTION	500000	10	2	2	current-first	2507	2478	-29	-0.058000	-1.156761
rxvm	LINKSETATTRSLINKADD_PROMOTION	500000	10	2	3	alternative-first	2593	2471	-122	-0.244000	-4.704975
rxvm	LINKSETATTRSLINKADD_PROMOTION	500000	10	2	4	current-first	2561	2490	-71	-0.142000	-2.772355
rxvm	LINKSETATTRSLINKADD_PROMOTION	500000	10	3	1	alternative-first	2750	2782	32	0.064000	+1.163636
rxvm	LINKSETATTRSLINKADD_PROMOTION	500000	10	3	2	current-first	2550	2505	-45	-0.090000	-1.764706
rxvm	LINKSETATTRSLINKADD_PROMOTION	500000	10	3	3	alternative-first	2576	2516	-60	-0.120000	-2.329193
rxvm	LINKSETATTRSLINKADD_PROMOTION	500000	10	3	4	current-first	2559	2573	14	0.028000	+0.547089
rxbvm	LINKSETATTRSLINKADD_PROMOTION	500000	10	3	1	alternative-first	2658	2509	-149	-0.298000	-5.605719
rxbvm	LINKSETATTRSLINKADD_PROMOTION	500000	10	3	2	current-first	2602	2591	-11	-0.022000	-0.422752
rxbvm	LINKSETATTRSLINKADD_PROMOTION	500000	10	3	3	alternative-first	2574	2569	-5	-0.010000	-0.194250
rxbvm	LINKSETATTRSLINKADD_PROMOTION	500000	10	3	4	current-first	2586	2616	30	0.060000	+1.160093
rxvm	LINKSETATTRSLINKADD_PROMOTION	500000	6	1	1	alternative-first	2875	2567	-308	-0.616000	-10.713043
rxvm	LINKSETATTRSLINKADD_PROMOTION	500000	6	1	2	current-first	2774	2463	-311	-0.622000	-11.211247
rxvm	LINKSETATTRSLINKADD_PROMOTION	500000	6	1	3	alternative-first	2778	2468	-310	-0.620000	-11.159107
rxvm	LINKSETATTRSLINKADD_PROMOTION	500000	6	1	4	current-first	2799	2549	-250	-0.500000	-8.931761
rxbvm	LINKSETATTRSLINKADD_PROMOTION	500000	6	1	1	alternative-first	2631	2510	-121	-0.242000	-4.599012
rxbvm	LINKSETATTRSLINKADD_PROMOTION	500000	6	1	2	current-first	2587	2481	-106	-0.212000	-4.097410
rxbvm	LINKSETATTRSLINKADD_PROMOTION	500000	6	1	3	alternative-first	2617	2487	-130	-0.260000	-4.967520
rxbvm	LINKSETATTRSLINKADD_PROMOTION	500000	6	1	4	current-first	2575	2539	-36	-0.072000	-1.398058
rxbvm	LINKSETATTRSLINKADD_PROMOTION	500000	6	2	1	alternative-first	2608	2520	-88	-0.176000	-3.374233
rxbvm	LINKSETATTRSLINKADD_PROMOTION	500000	6	2	2	current-first	2566	2611	45	0.090000	+1.753702
rxbvm	LINKSETATTRSLINKADD_PROMOTION	500000	6	2	3	alternative-first	2585	2594	9	0.018000	+0.348162
rxbvm	LINKSETATTRSLINKADD_PROMOTION	500000	6	2	4	current-first	2563	2583	20	0.040000	+0.780336
rxvm	LINKSETATTRSLINKADD_PROMOTION	500000	6	2	1	alternative-first	2546	2520	-26	-0.052000	-1.021210
rxvm	LINKSETATTRSLINKADD_PROMOTION	500000	6	2	2	current-first	2522	2542	20	0.040000	+0.793021
rxvm	LINKSETATTRSLINKADD_PROMOTION	500000	6	2	3	alternative-first	2554	2609	55	0.110000	+2.153485
rxvm	LINKSETATTRSLINKADD_PROMOTION	500000	6	2	4	current-first	2506	2543	37	0.074000	+1.476457
rxvm	LINKSETATTRSLINKADD_PROMOTION	500000	6	3	1	alternative-first	2545	2568	23	0.046000	+0.903733
rxvm	LINKSETATTRSLINKADD_PROMOTION	500000	6	3	2	current-first	2501	2501	0	0.000000	+0.000000
rxvm	LINKSETATTRSLINKADD_PROMOTION	500000	6	3	3	alternative-first	2577	2602	25	0.050000	+0.970120
rxvm	LINKSETATTRSLINKADD_PROMOTION	500000	6	3	4	current-first	2574	2513	-61	-0.122000	-2.369852
rxbvm	LINKSETATTRSLINKADD_PROMOTION	500000	6	3	1	alternative-first	2614	2580	-34	-0.068000	-1.300689
rxbvm	LINKSETATTRSLINKADD_PROMOTION	500000	6	3	2	current-first	2570	2564	-6	-0.012000	-0.233463
rxbvm	LINKSETATTRSLINKADD_PROMOTION	500000	6	3	3	alternative-first	2589	2569	-20	-0.040000	-0.772499
rxbvm	LINKSETATTRSLINKADD_PROMOTION	500000	6	3	4	current-first	2669	2582	-87	-0.174000	-3.259648
rxvm	LINKSETATTRSLINKADD_PROMOTION	500000	14	1	1	alternative-first	2894	2503	-391	-0.782000	-13.510712
rxvm	LINKSETATTRSLINKADD_PROMOTION	500000	14	1	2	current-first	2892	2483	-409	-0.818000	-14.142462
rxvm	LINKSETATTRSLINKADD_PROMOTION	500000	14	1	3	alternative-first	2957	2516	-441	-0.882000	-14.913764
rxvm	LINKSETATTRSLINKADD_PROMOTION	500000	14	1	4	current-first	2922	2517	-405	-0.810000	-13.860370
rxbvm	LINKSETATTRSLINKADD_PROMOTION	500000	14	1	1	alternative-first	2623	2630	7	0.014000	+0.266870
rxbvm	LINKSETATTRSLINKADD_PROMOTION	500000	14	1	2	current-first	2668	2552	-116	-0.232000	-4.347826
rxbvm	LINKSETATTRSLINKADD_PROMOTION	500000	14	1	3	alternative-first	2615	2595	-20	-0.040000	-0.764818
rxbvm	LINKSETATTRSLINKADD_PROMOTION	500000	14	1	4	current-first	2653	2585	-68	-0.136000	-2.563136
rxbvm	LINKSETATTRSLINKADD_PROMOTION	500000	14	2	1	alternative-first	2709	2614	-95	-0.190000	-3.506829
rxbvm	LINKSETATTRSLINKADD_PROMOTION	500000	14	2	2	current-first	2654	2600	-54	-0.108000	-2.034665
rxbvm	LINKSETATTRSLINKADD_PROMOTION	500000	14	2	3	alternative-first	2790	2617	-173	-0.346000	-6.200717
rxbvm	LINKSETATTRSLINKADD_PROMOTION	500000	14	2	4	current-first	2577	2609	32	0.064000	+1.241754
rxvm	LINKSETATTRSLINKADD_PROMOTION	500000	14	2	1	alternative-first	2592	2491	-101	-0.202000	-3.896605
rxvm	LINKSETATTRSLINKADD_PROMOTION	500000	14	2	2	current-first	2515	2494	-21	-0.042000	-0.834990
rxvm	LINKSETATTRSLINKADD_PROMOTION	500000	14	2	3	alternative-first	2501	2485	-16	-0.032000	-0.639744
rxvm	LINKSETATTRSLINKADD_PROMOTION	500000	14	2	4	current-first	2499	2510	11	0.022000	+0.440176
rxvm	LINKSETATTRSLINKADD_PROMOTION	500000	14	3	1	alternative-first	2604	2474	-130	-0.260000	-4.992320
rxvm	LINKSETATTRSLINKADD_PROMOTION	500000	14	3	2	current-first	2559	2516	-43	-0.086000	-1.680344
rxvm	LINKSETATTRSLINKADD_PROMOTION	500000	14	3	3	alternative-first	2581	2463	-118	-0.236000	-4.571871
rxvm	LINKSETATTRSLINKADD_PROMOTION	500000	14	3	4	current-first	2541	2498	-43	-0.086000	-1.692247
rxbvm	LINKSETATTRSLINKADD_PROMOTION	500000	14	3	1	alternative-first	2589	2543	-46	-0.092000	-1.776748
rxbvm	LINKSETATTRSLINKADD_PROMOTION	500000	14	3	2	current-first	2594	2536	-58	-0.116000	-2.235929
rxbvm	LINKSETATTRSLINKADD_PROMOTION	500000	14	3	3	alternative-first	2636	2609	-27	-0.054000	-1.024279
rxbvm	LINKSETATTRSLINKADD_PROMOTION	500000	14	3	4	current-first	2600	2537	-63	-0.126000	-2.423077
rxbvm	LINKSETATTRSLINKADD_PROMOTION	500000	1	1	1	alternative-first	2570	2564	-6	-0.012000	-0.233463
rxbvm	LINKSETATTRSLINKADD_PROMOTION	500000	1	1	2	current-first	2587	2535	-52	-0.104000	-2.010050
rxbvm	LINKSETATTRSLINKADD_PROMOTION	500000	1	1	3	alternative-first	2597	2546	-51	-0.102000	-1.963804
rxbvm	LINKSETATTRSLINKADD_PROMOTION	500000	1	1	4	current-first	2585	2569	-16	-0.032000	-0.618956
rxvm	LINKSETATTRSLINKADD_PROMOTION	500000	1	1	1	alternative-first	2873	2666	-207	-0.414000	-7.205012
rxvm	LINKSETATTRSLINKADD_PROMOTION	500000	1	1	2	current-first	2664	2470	-194	-0.388000	-7.282282
rxvm	LINKSETATTRSLINKADD_PROMOTION	500000	1	1	3	alternative-first	2657	2496	-161	-0.322000	-6.059466
rxvm	LINKSETATTRSLINKADD_PROMOTION	500000	1	1	4	current-first	2539	2549	10	0.020000	+0.393856
rxvm	LINKSETATTRSLINKADD_PROMOTION	500000	1	2	1	alternative-first	2527	2474	-53	-0.106000	-2.097349
rxvm	LINKSETATTRSLINKADD_PROMOTION	500000	1	2	2	current-first	2537	2500	-37	-0.074000	-1.458415
rxvm	LINKSETATTRSLINKADD_PROMOTION	500000	1	2	3	alternative-first	2544	2487	-57	-0.114000	-2.240566
rxvm	LINKSETATTRSLINKADD_PROMOTION	500000	1	2	4	current-first	2503	2473	-30	-0.060000	-1.198562
rxbvm	LINKSETATTRSLINKADD_PROMOTION	500000	1	2	1	alternative-first	2586	2542	-44	-0.088000	-1.701469
rxbvm	LINKSETATTRSLINKADD_PROMOTION	500000	1	2	2	current-first	2577	2576	-1	-0.002000	-0.038805
rxbvm	LINKSETATTRSLINKADD_PROMOTION	500000	1	2	3	alternative-first	2626	2522	-104	-0.208000	-3.960396
rxbvm	LINKSETATTRSLINKADD_PROMOTION	500000	1	2	4	current-first	2588	2537	-51	-0.102000	-1.970634
rxbvm	LINKSETATTRSLINKADD_PROMOTION	500000	1	3	1	alternative-first	2603	2585	-18	-0.036000	-0.691510
rxbvm	LINKSETATTRSLINKADD_PROMOTION	500000	1	3	2	current-first	2594	2568	-26	-0.052000	-1.002313
rxbvm	LINKSETATTRSLINKADD_PROMOTION	500000	1	3	3	alternative-first	2603	2643	40	0.080000	+1.536688
rxbvm	LINKSETATTRSLINKADD_PROMOTION	500000	1	3	4	current-first	2617	2597	-20	-0.040000	-0.764234
rxvm	LINKSETATTRSLINKADD_PROMOTION	500000	1	3	1	alternative-first	2703	2483	-220	-0.440000	-8.139105
rxvm	LINKSETATTRSLINKADD_PROMOTION	500000	1	3	2	current-first	2769	2461	-308	-0.616000	-11.123149
rxvm	LINKSETATTRSLINKADD_PROMOTION	500000	1	3	3	alternative-first	2782	2484	-298	-0.596000	-10.711718
rxvm	LINKSETATTRSLINKADD_PROMOTION	500000	1	3	4	current-first	2706	2463	-243	-0.486000	-8.980044
rxbvm	LINKSETATTRSLINKADD_PROMOTION	500000	9	1	1	alternative-first	2583	2503	-80	-0.160000	-3.097174
rxbvm	LINKSETATTRSLINKADD_PROMOTION	500000	9	1	2	current-first	2554	2508	-46	-0.092000	-1.801096
rxbvm	LINKSETATTRSLINKADD_PROMOTION	500000	9	1	3	alternative-first	2623	2544	-79	-0.158000	-3.011819
rxbvm	LINKSETATTRSLINKADD_PROMOTION	500000	9	1	4	current-first	2590	2496	-94	-0.188000	-3.629344
rxvm	LINKSETATTRSLINKADD_PROMOTION	500000	9	1	1	alternative-first	2498	2461	-37	-0.074000	-1.481185
rxvm	LINKSETATTRSLINKADD_PROMOTION	500000	9	1	2	current-first	2505	2503	-2	-0.004000	-0.079840
rxvm	LINKSETATTRSLINKADD_PROMOTION	500000	9	1	3	alternative-first	2627	2472	-155	-0.310000	-5.900266
rxvm	LINKSETATTRSLINKADD_PROMOTION	500000	9	1	4	current-first	2721	2512	-209	-0.418000	-7.681000
rxvm	LINKSETATTRSLINKADD_PROMOTION	500000	9	2	1	alternative-first	2637	2600	-37	-0.074000	-1.403110
rxvm	LINKSETATTRSLINKADD_PROMOTION	500000	9	2	2	current-first	2772	2476	-296	-0.592000	-10.678211
rxvm	LINKSETATTRSLINKADD_PROMOTION	500000	9	2	3	alternative-first	2682	2487	-195	-0.390000	-7.270694
rxvm	LINKSETATTRSLINKADD_PROMOTION	500000	9	2	4	current-first	2674	2726	52	0.104000	+1.944652
rxbvm	LINKSETATTRSLINKADD_PROMOTION	500000	9	2	1	alternative-first	2633	2544	-89	-0.178000	-3.380175
rxbvm	LINKSETATTRSLINKADD_PROMOTION	500000	9	2	2	current-first	2570	2589	19	0.038000	+0.739300
rxbvm	LINKSETATTRSLINKADD_PROMOTION	500000	9	2	3	alternative-first	2564	2531	-33	-0.066000	-1.287051
rxbvm	LINKSETATTRSLINKADD_PROMOTION	500000	9	2	4	current-first	2561	2546	-15	-0.030000	-0.585709
rxbvm	LINKSETATTRSLINKADD_PROMOTION	500000	9	3	1	alternative-first	2599	2533	-66	-0.132000	-2.539438
rxbvm	LINKSETATTRSLINKADD_PROMOTION	500000	9	3	2	current-first	2632	2528	-104	-0.208000	-3.951368
rxbvm	LINKSETATTRSLINKADD_PROMOTION	500000	9	3	3	alternative-first	2613	2533	-80	-0.160000	-3.061615
rxbvm	LINKSETATTRSLINKADD_PROMOTION	500000	9	3	4	current-first	2628	2559	-69	-0.138000	-2.625571
rxvm	LINKSETATTRSLINKADD_PROMOTION	500000	9	3	1	alternative-first	2888	2549	-339	-0.678000	-11.738227
rxvm	LINKSETATTRSLINKADD_PROMOTION	500000	9	3	2	current-first	2669	2553	-116	-0.232000	-4.346197
rxvm	LINKSETATTRSLINKADD_PROMOTION	500000	9	3	3	alternative-first	2732	2520	-212	-0.424000	-7.759883
rxvm	LINKSETATTRSLINKADD_PROMOTION	500000	9	3	4	current-first	2669	2469	-200	-0.400000	-7.493443
rxbvm	LINKSETATTRSLINKADD_PROMOTION	500000	5	1	1	alternative-first	2620	2492	-128	-0.256000	-4.885496
rxbvm	LINKSETATTRSLINKADD_PROMOTION	500000	5	1	2	current-first	2612	2526	-86	-0.172000	-3.292496
rxbvm	LINKSETATTRSLINKADD_PROMOTION	500000	5	1	3	alternative-first	2597	2520	-77	-0.154000	-2.964960
rxbvm	LINKSETATTRSLINKADD_PROMOTION	500000	5	1	4	current-first	2552	2525	-27	-0.054000	-1.057994
rxvm	LINKSETATTRSLINKADD_PROMOTION	500000	5	1	1	alternative-first	2826	2545	-281	-0.562000	-9.943383
rxvm	LINKSETATTRSLINKADD_PROMOTION	500000	5	1	2	current-first	2887	2633	-254	-0.508000	-8.798060
rxvm	LINKSETATTRSLINKADD_PROMOTION	500000	5	1	3	alternative-first	2696	2489	-207	-0.414000	-7.678042
rxvm	LINKSETATTRSLINKADD_PROMOTION	500000	5	1	4	current-first	2685	2461	-224	-0.448000	-8.342644
rxvm	LINKSETATTRSLINKADD_PROMOTION	500000	5	2	1	alternative-first	2516	2479	-37	-0.074000	-1.470588
rxvm	LINKSETATTRSLINKADD_PROMOTION	500000	5	2	2	current-first	2507	2480	-27	-0.054000	-1.076984
rxvm	LINKSETATTRSLINKADD_PROMOTION	500000	5	2	3	alternative-first	2532	2526	-6	-0.012000	-0.236967
rxvm	LINKSETATTRSLINKADD_PROMOTION	500000	5	2	4	current-first	2531	2491	-40	-0.080000	-1.580403
rxbvm	LINKSETATTRSLINKADD_PROMOTION	500000	5	2	1	alternative-first	2587	2550	-37	-0.074000	-1.430228
rxbvm	LINKSETATTRSLINKADD_PROMOTION	500000	5	2	2	current-first	2579	2579	0	0.000000	+0.000000
rxbvm	LINKSETATTRSLINKADD_PROMOTION	500000	5	2	3	alternative-first	2639	2579	-60	-0.120000	-2.273588
rxbvm	LINKSETATTRSLINKADD_PROMOTION	500000	5	2	4	current-first	2610	2602	-8	-0.016000	-0.306513
rxbvm	LINKSETATTRSLINKADD_PROMOTION	500000	5	3	1	alternative-first	2588	2581	-7	-0.014000	-0.270479
rxbvm	LINKSETATTRSLINKADD_PROMOTION	500000	5	3	2	current-first	2569	2532	-37	-0.074000	-1.440249
rxbvm	LINKSETATTRSLINKADD_PROMOTION	500000	5	3	3	alternative-first	2623	2546	-77	-0.154000	-2.935570
rxbvm	LINKSETATTRSLINKADD_PROMOTION	500000	5	3	4	current-first	2615	2567	-48	-0.096000	-1.835564
rxvm	LINKSETATTRSLINKADD_PROMOTION	500000	5	3	1	alternative-first	2835	2498	-337	-0.674000	-11.887125
rxvm	LINKSETATTRSLINKADD_PROMOTION	500000	5	3	2	current-first	2660	2458	-202	-0.404000	-7.593985
rxvm	LINKSETATTRSLINKADD_PROMOTION	500000	5	3	3	alternative-first	2635	2467	-168	-0.336000	-6.375712
rxvm	LINKSETATTRSLINKADD_PROMOTION	500000	5	3	4	current-first	2689	2562	-127	-0.254000	-4.722945
rxbvm	LINKSETATTRSLINKADD_PROMOTION	500000	13	1	1	alternative-first	2618	2586	-32	-0.064000	-1.222307
rxbvm	LINKSETATTRSLINKADD_PROMOTION	500000	13	1	2	current-first	2593	2546	-47	-0.094000	-1.812572
rxbvm	LINKSETATTRSLINKADD_PROMOTION	500000	13	1	3	alternative-first	2652	2517	-135	-0.270000	-5.090498
rxbvm	LINKSETATTRSLINKADD_PROMOTION	500000	13	1	4	current-first	2598	2575	-23	-0.046000	-0.885296
rxvm	LINKSETATTRSLINKADD_PROMOTION	500000	13	1	1	alternative-first	2532	2479	-53	-0.106000	-2.093207
rxvm	LINKSETATTRSLINKADD_PROMOTION	500000	13	1	2	current-first	2604	2470	-134	-0.268000	-5.145929
rxvm	LINKSETATTRSLINKADD_PROMOTION	500000	13	1	3	alternative-first	2559	2467	-92	-0.184000	-3.595154
rxvm	LINKSETATTRSLINKADD_PROMOTION	500000	13	1	4	current-first	2497	2482	-15	-0.030000	-0.600721
rxvm	LINKSETATTRSLINKADD_PROMOTION	500000	13	2	1	alternative-first	2827	2486	-341	-0.682000	-12.062257
rxvm	LINKSETATTRSLINKADD_PROMOTION	500000	13	2	2	current-first	2796	2530	-266	-0.532000	-9.513591
rxvm	LINKSETATTRSLINKADD_PROMOTION	500000	13	2	3	alternative-first	2671	2508	-163	-0.326000	-6.102583
rxvm	LINKSETATTRSLINKADD_PROMOTION	500000	13	2	4	current-first	2665	2488	-177	-0.354000	-6.641651
rxbvm	LINKSETATTRSLINKADD_PROMOTION	500000	13	2	1	alternative-first	2665	2509	-156	-0.312000	-5.853659
rxbvm	LINKSETATTRSLINKADD_PROMOTION	500000	13	2	2	current-first	2582	2533	-49	-0.098000	-1.897754
rxbvm	LINKSETATTRSLINKADD_PROMOTION	500000	13	2	3	alternative-first	2615	2619	4	0.008000	+0.152964
rxbvm	LINKSETATTRSLINKADD_PROMOTION	500000	13	2	4	current-first	2587	2542	-45	-0.090000	-1.739467
rxbvm	LINKSETATTRSLINKADD_PROMOTION	500000	13	3	1	alternative-first	2604	2508	-96	-0.192000	-3.686636
rxbvm	LINKSETATTRSLINKADD_PROMOTION	500000	13	3	2	current-first	2554	2492	-62	-0.124000	-2.427565
rxbvm	LINKSETATTRSLINKADD_PROMOTION	500000	13	3	3	alternative-first	2717	2489	-228	-0.456000	-8.391608
rxbvm	LINKSETATTRSLINKADD_PROMOTION	500000	13	3	4	current-first	2595	2500	-95	-0.190000	-3.660886
rxvm	LINKSETATTRSLINKADD_PROMOTION	500000	13	3	1	alternative-first	2715	2522	-193	-0.386000	-7.108656
rxvm	LINKSETATTRSLINKADD_PROMOTION	500000	13	3	2	current-first	2708	2480	-228	-0.456000	-8.419498
rxvm	LINKSETATTRSLINKADD_PROMOTION	500000	13	3	3	alternative-first	2643	2459	-184	-0.368000	-6.961786
rxvm	LINKSETATTRSLINKADD_PROMOTION	500000	13	3	4	current-first	2586	2510	-76	-0.152000	-2.938902
rxbvm	LINKSETATTRSLINKADD_PROMOTION	500000	3	1	1	alternative-first	2631	2503	-128	-0.256000	-4.865070
rxbvm	LINKSETATTRSLINKADD_PROMOTION	500000	3	1	2	current-first	2586	2562	-24	-0.048000	-0.928074
rxbvm	LINKSETATTRSLINKADD_PROMOTION	500000	3	1	3	alternative-first	2612	2539	-73	-0.146000	-2.794793
rxbvm	LINKSETATTRSLINKADD_PROMOTION	500000	3	1	4	current-first	2597	2498	-99	-0.198000	-3.812091
rxvm	LINKSETATTRSLINKADD_PROMOTION	500000	3	1	1	alternative-first	2514	2565	51	0.102000	+2.028640
rxvm	LINKSETATTRSLINKADD_PROMOTION	500000	3	1	2	current-first	2520	2492	-28	-0.056000	-1.111111
rxvm	LINKSETATTRSLINKADD_PROMOTION	500000	3	1	3	alternative-first	2533	2485	-48	-0.096000	-1.894986
rxvm	LINKSETATTRSLINKADD_PROMOTION	500000	3	1	4	current-first	2576	2483	-93	-0.186000	-3.610248
rxvm	LINKSETATTRSLINKADD_PROMOTION	500000	3	2	1	alternative-first	2675	2583	-92	-0.184000	-3.439252
rxvm	LINKSETATTRSLINKADD_PROMOTION	500000	3	2	2	current-first	2689	2508	-181	-0.362000	-6.731127
rxvm	LINKSETATTRSLINKADD_PROMOTION	500000	3	2	3	alternative-first	2771	2510	-261	-0.522000	-9.418982
rxvm	LINKSETATTRSLINKADD_PROMOTION	500000	3	2	4	current-first	2946	2657	-289	-0.578000	-9.809912
rxbvm	LINKSETATTRSLINKADD_PROMOTION	500000	3	2	1	alternative-first	2624	2514	-110	-0.220000	-4.192073
rxbvm	LINKSETATTRSLINKADD_PROMOTION	500000	3	2	2	current-first	2606	2528	-78	-0.156000	-2.993093
rxbvm	LINKSETATTRSLINKADD_PROMOTION	500000	3	2	3	alternative-first	2575	2550	-25	-0.050000	-0.970874
rxbvm	LINKSETATTRSLINKADD_PROMOTION	500000	3	2	4	current-first	2571	2553	-18	-0.036000	-0.700117
rxbvm	LINKSETATTRSLINKADD_PROMOTION	500000	3	3	1	alternative-first	2674	2544	-130	-0.260000	-4.861631
rxbvm	LINKSETATTRSLINKADD_PROMOTION	500000	3	3	2	current-first	2649	2657	8	0.016000	+0.302001
rxbvm	LINKSETATTRSLINKADD_PROMOTION	500000	3	3	3	alternative-first	2758	2578	-180	-0.360000	-6.526468
rxbvm	LINKSETATTRSLINKADD_PROMOTION	500000	3	3	4	current-first	2795	2770	-25	-0.050000	-0.894454
rxvm	LINKSETATTRSLINKADD_PROMOTION	500000	3	3	1	alternative-first	2617	2485	-132	-0.264000	-5.043943
rxvm	LINKSETATTRSLINKADD_PROMOTION	500000	3	3	2	current-first	2691	2599	-92	-0.184000	-3.418803
rxvm	LINKSETATTRSLINKADD_PROMOTION	500000	3	3	3	alternative-first	2805	2503	-302	-0.604000	-10.766488
rxvm	LINKSETATTRSLINKADD_PROMOTION	500000	3	3	4	current-first	2783	2490	-293	-0.586000	-10.528207
rxbvm	LINKSETATTRSLINKADD_PROMOTION	500000	11	1	1	alternative-first	2619	2507	-112	-0.224000	-4.276441
rxbvm	LINKSETATTRSLINKADD_PROMOTION	500000	11	1	2	current-first	2604	2596	-8	-0.016000	-0.307220
rxbvm	LINKSETATTRSLINKADD_PROMOTION	500000	11	1	3	alternative-first	2626	2524	-102	-0.204000	-3.884235
rxbvm	LINKSETATTRSLINKADD_PROMOTION	500000	11	1	4	current-first	2566	2500	-66	-0.132000	-2.572097
rxvm	LINKSETATTRSLINKADD_PROMOTION	500000	11	1	1	alternative-first	2527	2498	-29	-0.058000	-1.147606
rxvm	LINKSETATTRSLINKADD_PROMOTION	500000	11	1	2	current-first	2518	2485	-33	-0.066000	-1.310564
rxvm	LINKSETATTRSLINKADD_PROMOTION	500000	11	1	3	alternative-first	2505	2569	64	0.128000	+2.554890
rxvm	LINKSETATTRSLINKADD_PROMOTION	500000	11	1	4	current-first	2527	2476	-51	-0.102000	-2.018203
rxvm	LINKSETATTRSLINKADD_PROMOTION	500000	11	2	1	alternative-first	2549	2544	-5	-0.010000	-0.196155
rxvm	LINKSETATTRSLINKADD_PROMOTION	500000	11	2	2	current-first	2549	2544	-5	-0.010000	-0.196155
rxvm	LINKSETATTRSLINKADD_PROMOTION	500000	11	2	3	alternative-first	2940	2515	-425	-0.850000	-14.455782
rxvm	LINKSETATTRSLINKADD_PROMOTION	500000	11	2	4	current-first	2658	2478	-180	-0.360000	-6.772009
rxbvm	LINKSETATTRSLINKADD_PROMOTION	500000	11	2	1	alternative-first	2590	2551	-39	-0.078000	-1.505792
rxbvm	LINKSETATTRSLINKADD_PROMOTION	500000	11	2	2	current-first	2580	2486	-94	-0.188000	-3.643411
rxbvm	LINKSETATTRSLINKADD_PROMOTION	500000	11	2	3	alternative-first	2593	2491	-102	-0.204000	-3.933668
rxbvm	LINKSETATTRSLINKADD_PROMOTION	500000	11	2	4	current-first	2641	2596	-45	-0.090000	-1.703900
rxbvm	LINKSETATTRSLINKADD_PROMOTION	500000	11	3	1	alternative-first	2713	2595	-118	-0.236000	-4.349429
rxbvm	LINKSETATTRSLINKADD_PROMOTION	500000	11	3	2	current-first	2591	2517	-74	-0.148000	-2.856040
rxbvm	LINKSETATTRSLINKADD_PROMOTION	500000	11	3	3	alternative-first	2645	2509	-136	-0.272000	-5.141777
rxbvm	LINKSETATTRSLINKADD_PROMOTION	500000	11	3	4	current-first	2595	2556	-39	-0.078000	-1.502890
rxvm	LINKSETATTRSLINKADD_PROMOTION	500000	11	3	1	alternative-first	2720	2559	-161	-0.322000	-5.919118
rxvm	LINKSETATTRSLINKADD_PROMOTION	500000	11	3	2	current-first	2664	2695	31	0.062000	+1.163664
rxvm	LINKSETATTRSLINKADD_PROMOTION	500000	11	3	3	alternative-first	2678	2660	-18	-0.036000	-0.672143
rxvm	LINKSETATTRSLINKADD_PROMOTION	500000	11	3	4	current-first	2703	2600	-103	-0.206000	-3.810581
rxbvm	LINKSETATTRSLINKADD_PROMOTION	500000	7	1	1	alternative-first	2628	2554	-74	-0.148000	-2.815830
rxbvm	LINKSETATTRSLINKADD_PROMOTION	500000	7	1	2	current-first	2589	2527	-62	-0.124000	-2.394747
rxbvm	LINKSETATTRSLINKADD_PROMOTION	500000	7	1	3	alternative-first	2619	2504	-115	-0.230000	-4.390989
rxbvm	LINKSETATTRSLINKADD_PROMOTION	500000	7	1	4	current-first	2615	2560	-55	-0.110000	-2.103250
rxvm	LINKSETATTRSLINKADD_PROMOTION	500000	7	1	1	alternative-first	2709	2509	-200	-0.400000	-7.382798
rxvm	LINKSETATTRSLINKADD_PROMOTION	500000	7	1	2	current-first	2680	2493	-187	-0.374000	-6.977612
rxvm	LINKSETATTRSLINKADD_PROMOTION	500000	7	1	3	alternative-first	2834	2497	-337	-0.674000	-11.891320
rxvm	LINKSETATTRSLINKADD_PROMOTION	500000	7	1	4	current-first	2791	2549	-242	-0.484000	-8.670727
rxvm	LINKSETATTRSLINKADD_PROMOTION	500000	7	2	1	alternative-first	2579	2495	-84	-0.168000	-3.257076
rxvm	LINKSETATTRSLINKADD_PROMOTION	500000	7	2	2	current-first	2625	2480	-145	-0.290000	-5.523810
rxvm	LINKSETATTRSLINKADD_PROMOTION	500000	7	2	3	alternative-first	2553	2485	-68	-0.136000	-2.663533
rxvm	LINKSETATTRSLINKADD_PROMOTION	500000	7	2	4	current-first	2560	2542	-18	-0.036000	-0.703125
rxbvm	LINKSETATTRSLINKADD_PROMOTION	500000	7	2	1	alternative-first	2685	2513	-172	-0.344000	-6.405959
rxbvm	LINKSETATTRSLINKADD_PROMOTION	500000	7	2	2	current-first	2569	2492	-77	-0.154000	-2.997275
rxbvm	LINKSETATTRSLINKADD_PROMOTION	500000	7	2	3	alternative-first	2579	2579	0	0.000000	+0.000000
rxbvm	LINKSETATTRSLINKADD_PROMOTION	500000	7	2	4	current-first	2590	2522	-68	-0.136000	-2.625483
rxbvm	LINKSETATTRSLINKADD_PROMOTION	500000	7	3	1	alternative-first	2578	2511	-67	-0.134000	-2.598914
rxbvm	LINKSETATTRSLINKADD_PROMOTION	500000	7	3	2	current-first	2578	2536	-42	-0.084000	-1.629170
rxbvm	LINKSETATTRSLINKADD_PROMOTION	500000	7	3	3	alternative-first	2615	2574	-41	-0.082000	-1.567878
rxbvm	LINKSETATTRSLINKADD_PROMOTION	500000	7	3	4	current-first	2575	2506	-69	-0.138000	-2.679612
rxvm	LINKSETATTRSLINKADD_PROMOTION	500000	7	3	1	alternative-first	2530	2497	-33	-0.066000	-1.304348
rxvm	LINKSETATTRSLINKADD_PROMOTION	500000	7	3	2	current-first	2588	2555	-33	-0.066000	-1.275116
rxvm	LINKSETATTRSLINKADD_PROMOTION	500000	7	3	3	alternative-first	2599	2544	-55	-0.110000	-2.116199
rxvm	LINKSETATTRSLINKADD_PROMOTION	500000	7	3	4	current-first	2587	2492	-95	-0.190000	-3.672207
rxbvm	LINKSETATTRSLINKADD_PROMOTION	500000	15	1	1	alternative-first	2684	2499	-185	-0.370000	-6.892697
rxbvm	LINKSETATTRSLINKADD_PROMOTION	500000	15	1	2	current-first	2582	2502	-80	-0.160000	-3.098373
rxbvm	LINKSETATTRSLINKADD_PROMOTION	500000	15	1	3	alternative-first	2618	2506	-112	-0.224000	-4.278075
rxbvm	LINKSETATTRSLINKADD_PROMOTION	500000	15	1	4	current-first	2602	2500	-102	-0.204000	-3.920061
rxvm	LINKSETATTRSLINKADD_PROMOTION	500000	15	1	1	alternative-first	2773	2558	-215	-0.430000	-7.753336
rxvm	LINKSETATTRSLINKADD_PROMOTION	500000	15	1	2	current-first	2772	2502	-270	-0.540000	-9.740260
rxvm	LINKSETATTRSLINKADD_PROMOTION	500000	15	1	3	alternative-first	2722	2493	-229	-0.458000	-8.412932
rxvm	LINKSETATTRSLINKADD_PROMOTION	500000	15	1	4	current-first	2597	2507	-90	-0.180000	-3.465537
rxvm	LINKSETATTRSLINKADD_PROMOTION	500000	15	2	1	alternative-first	2615	2554	-61	-0.122000	-2.332696
rxvm	LINKSETATTRSLINKADD_PROMOTION	500000	15	2	2	current-first	2550	2462	-88	-0.176000	-3.450980
rxvm	LINKSETATTRSLINKADD_PROMOTION	500000	15	2	3	alternative-first	2516	2468	-48	-0.096000	-1.907790
rxvm	LINKSETATTRSLINKADD_PROMOTION	500000	15	2	4	current-first	2531	2512	-19	-0.038000	-0.750691
rxbvm	LINKSETATTRSLINKADD_PROMOTION	500000	15	2	1	alternative-first	2580	2515	-65	-0.130000	-2.519380
rxbvm	LINKSETATTRSLINKADD_PROMOTION	500000	15	2	2	current-first	2686	2570	-116	-0.232000	-4.318690
rxbvm	LINKSETATTRSLINKADD_PROMOTION	500000	15	2	3	alternative-first	2586	2494	-92	-0.184000	-3.557618
rxbvm	LINKSETATTRSLINKADD_PROMOTION	500000	15	2	4	current-first	2555	2555	0	0.000000	+0.000000
rxbvm	LINKSETATTRSLINKADD_PROMOTION	500000	15	3	1	alternative-first	2614	2602	-12	-0.024000	-0.459067
rxbvm	LINKSETATTRSLINKADD_PROMOTION	500000	15	3	2	current-first	2575	2602	27	0.054000	+1.048544
rxbvm	LINKSETATTRSLINKADD_PROMOTION	500000	15	3	3	alternative-first	2632	2548	-84	-0.168000	-3.191489
rxbvm	LINKSETATTRSLINKADD_PROMOTION	500000	15	3	4	current-first	2570	2513	-57	-0.114000	-2.217899
rxvm	LINKSETATTRSLINKADD_PROMOTION	500000	15	3	1	alternative-first	2778	2496	-282	-0.564000	-10.151188
rxvm	LINKSETATTRSLINKADD_PROMOTION	500000	15	3	2	current-first	2685	2580	-105	-0.210000	-3.910615
rxvm	LINKSETATTRSLINKADD_PROMOTION	500000	15	3	3	alternative-first	2872	2581	-291	-0.582000	-10.132312
rxvm	LINKSETATTRSLINKADD_PROMOTION	500000	15	3	4	current-first	2909	2556	-353	-0.706000	-12.134754
rxbvm	SETLINKILOAD_PROMOTION	500000	0	1	1	alternative-first	2417	2236	-181	-0.362000	-7.488622
rxbvm	SETLINKILOAD_PROMOTION	500000	0	1	2	current-first	2527	2233	-294	-0.588000	-11.634349
rxbvm	SETLINKILOAD_PROMOTION	500000	0	1	3	alternative-first	2400	2323	-77	-0.154000	-3.208333
rxbvm	SETLINKILOAD_PROMOTION	500000	0	1	4	current-first	2446	2262	-184	-0.368000	-7.522486
rxvm	SETLINKILOAD_PROMOTION	500000	0	1	1	alternative-first	2236	2099	-137	-0.274000	-6.127013
rxvm	SETLINKILOAD_PROMOTION	500000	0	1	2	current-first	2218	2077	-141	-0.282000	-6.357078
rxvm	SETLINKILOAD_PROMOTION	500000	0	1	3	alternative-first	2237	2079	-158	-0.316000	-7.063031
rxvm	SETLINKILOAD_PROMOTION	500000	0	1	4	current-first	2210	2161	-49	-0.098000	-2.217195
rxvm	SETLINKILOAD_PROMOTION	500000	0	2	1	alternative-first	2462	2067	-395	-0.790000	-16.043867
rxvm	SETLINKILOAD_PROMOTION	500000	0	2	2	current-first	2410	2083	-327	-0.654000	-13.568465
rxvm	SETLINKILOAD_PROMOTION	500000	0	2	3	alternative-first	2311	2079	-232	-0.464000	-10.038944
rxvm	SETLINKILOAD_PROMOTION	500000	0	2	4	current-first	2303	2073	-230	-0.460000	-9.986974
rxbvm	SETLINKILOAD_PROMOTION	500000	0	2	1	alternative-first	2397	2239	-158	-0.316000	-6.591573
rxbvm	SETLINKILOAD_PROMOTION	500000	0	2	2	current-first	2411	2240	-171	-0.342000	-7.092493
rxbvm	SETLINKILOAD_PROMOTION	500000	0	2	3	alternative-first	2395	2293	-102	-0.204000	-4.258873
rxbvm	SETLINKILOAD_PROMOTION	500000	0	2	4	current-first	2398	2251	-147	-0.294000	-6.130108
rxbvm	SETLINKILOAD_PROMOTION	500000	0	3	1	alternative-first	2543	2290	-253	-0.506000	-9.948879
rxbvm	SETLINKILOAD_PROMOTION	500000	0	3	2	current-first	2455	2262	-193	-0.386000	-7.861507
rxbvm	SETLINKILOAD_PROMOTION	500000	0	3	3	alternative-first	2403	2255	-148	-0.296000	-6.158968
rxbvm	SETLINKILOAD_PROMOTION	500000	0	3	4	current-first	2535	2247	-288	-0.576000	-11.360947
rxvm	SETLINKILOAD_PROMOTION	500000	0	3	1	alternative-first	2473	2194	-279	-0.558000	-11.281844
rxvm	SETLINKILOAD_PROMOTION	500000	0	3	2	current-first	2405	2197	-208	-0.416000	-8.648649
rxvm	SETLINKILOAD_PROMOTION	500000	0	3	3	alternative-first	2315	2197	-118	-0.236000	-5.097192
rxvm	SETLINKILOAD_PROMOTION	500000	0	3	4	current-first	2376	2345	-31	-0.062000	-1.304714
rxbvm	SETLINKILOAD_PROMOTION	500000	8	1	1	alternative-first	2410	2238	-172	-0.344000	-7.136929
rxbvm	SETLINKILOAD_PROMOTION	500000	8	1	2	current-first	2504	2265	-239	-0.478000	-9.544728
rxbvm	SETLINKILOAD_PROMOTION	500000	8	1	3	alternative-first	2403	2254	-149	-0.298000	-6.200583
rxbvm	SETLINKILOAD_PROMOTION	500000	8	1	4	current-first	2408	2240	-168	-0.336000	-6.976744
rxvm	SETLINKILOAD_PROMOTION	500000	8	1	1	alternative-first	2212	2086	-126	-0.252000	-5.696203
rxvm	SETLINKILOAD_PROMOTION	500000	8	1	2	current-first	2209	2083	-126	-0.252000	-5.703938
rxvm	SETLINKILOAD_PROMOTION	500000	8	1	3	alternative-first	2258	2081	-177	-0.354000	-7.838795
rxvm	SETLINKILOAD_PROMOTION	500000	8	1	4	current-first	2236	2086	-150	-0.300000	-6.708408
rxvm	SETLINKILOAD_PROMOTION	500000	8	2	1	alternative-first	2227	2295	68	0.136000	+3.053435
rxvm	SETLINKILOAD_PROMOTION	500000	8	2	2	current-first	2287	2201	-86	-0.172000	-3.760385
rxvm	SETLINKILOAD_PROMOTION	500000	8	2	3	alternative-first	2216	2070	-146	-0.292000	-6.588448
rxvm	SETLINKILOAD_PROMOTION	500000	8	2	4	current-first	2230	2096	-134	-0.268000	-6.008969
rxbvm	SETLINKILOAD_PROMOTION	500000	8	2	1	alternative-first	2406	2223	-183	-0.366000	-7.605985
rxbvm	SETLINKILOAD_PROMOTION	500000	8	2	2	current-first	2522	2292	-230	-0.460000	-9.119746
rxbvm	SETLINKILOAD_PROMOTION	500000	8	2	3	alternative-first	2387	2256	-131	-0.262000	-5.488060
rxbvm	SETLINKILOAD_PROMOTION	500000	8	2	4	current-first	2408	2248	-160	-0.320000	-6.644518
rxbvm	SETLINKILOAD_PROMOTION	500000	8	3	1	alternative-first	2427	2221	-206	-0.412000	-8.487845
rxbvm	SETLINKILOAD_PROMOTION	500000	8	3	2	current-first	2385	2245	-140	-0.280000	-5.870021
rxbvm	SETLINKILOAD_PROMOTION	500000	8	3	3	alternative-first	2477	2280	-197	-0.394000	-7.953169
rxbvm	SETLINKILOAD_PROMOTION	500000	8	3	4	current-first	2410	2251	-159	-0.318000	-6.597510
rxvm	SETLINKILOAD_PROMOTION	500000	8	3	1	alternative-first	2316	2235	-81	-0.162000	-3.497409
rxvm	SETLINKILOAD_PROMOTION	500000	8	3	2	current-first	2417	2313	-104	-0.208000	-4.302855
rxvm	SETLINKILOAD_PROMOTION	500000	8	3	3	alternative-first	2430	2309	-121	-0.242000	-4.979424
rxvm	SETLINKILOAD_PROMOTION	500000	8	3	4	current-first	2351	2226	-125	-0.250000	-5.316886
rxbvm	SETLINKILOAD_PROMOTION	500000	4	1	1	alternative-first	2529	2237	-292	-0.584000	-11.546066
rxbvm	SETLINKILOAD_PROMOTION	500000	4	1	2	current-first	2431	2219	-212	-0.424000	-8.720691
rxbvm	SETLINKILOAD_PROMOTION	500000	4	1	3	alternative-first	2406	2223	-183	-0.366000	-7.605985
rxbvm	SETLINKILOAD_PROMOTION	500000	4	1	4	current-first	2425	2237	-188	-0.376000	-7.752577
rxvm	SETLINKILOAD_PROMOTION	500000	4	1	1	alternative-first	2219	2079	-140	-0.280000	-6.309148
rxvm	SETLINKILOAD_PROMOTION	500000	4	1	2	current-first	2233	2309	76	0.152000	+3.403493
rxvm	SETLINKILOAD_PROMOTION	500000	4	1	3	alternative-first	2235	2076	-159	-0.318000	-7.114094
rxvm	SETLINKILOAD_PROMOTION	500000	4	1	4	current-first	2256	2086	-170	-0.340000	-7.535461
rxvm	SETLINKILOAD_PROMOTION	500000	4	2	1	alternative-first	2257	2131	-126	-0.252000	-5.582632
rxvm	SETLINKILOAD_PROMOTION	500000	4	2	2	current-first	2242	2106	-136	-0.272000	-6.066012
rxvm	SETLINKILOAD_PROMOTION	500000	4	2	3	alternative-first	2199	2294	95	0.190000	+4.320146
rxvm	SETLINKILOAD_PROMOTION	500000	4	2	4	current-first	2382	2077	-305	-0.610000	-12.804366
rxbvm	SETLINKILOAD_PROMOTION	500000	4	2	1	alternative-first	2535	2230	-305	-0.610000	-12.031558
rxbvm	SETLINKILOAD_PROMOTION	500000	4	2	2	current-first	2440	2261	-179	-0.358000	-7.336066
rxbvm	SETLINKILOAD_PROMOTION	500000	4	2	3	alternative-first	2458	2258	-200	-0.400000	-8.136697
rxbvm	SETLINKILOAD_PROMOTION	500000	4	2	4	current-first	2446	2249	-197	-0.394000	-8.053966
rxbvm	SETLINKILOAD_PROMOTION	500000	4	3	1	alternative-first	2390	2239	-151	-0.302000	-6.317992
rxbvm	SETLINKILOAD_PROMOTION	500000	4	3	2	current-first	2392	2291	-101	-0.202000	-4.222408
rxbvm	SETLINKILOAD_PROMOTION	500000	4	3	3	alternative-first	2389	2269	-120	-0.240000	-5.023022
rxbvm	SETLINKILOAD_PROMOTION	500000	4	3	4	current-first	2398	2223	-175	-0.350000	-7.297748
rxvm	SETLINKILOAD_PROMOTION	500000	4	3	1	alternative-first	2190	2058	-132	-0.264000	-6.027397
rxvm	SETLINKILOAD_PROMOTION	500000	4	3	2	current-first	2189	2058	-131	-0.262000	-5.984468
rxvm	SETLINKILOAD_PROMOTION	500000	4	3	3	alternative-first	2190	2057	-133	-0.266000	-6.073059
rxvm	SETLINKILOAD_PROMOTION	500000	4	3	4	current-first	2234	2117	-117	-0.234000	-5.237243
rxbvm	SETLINKILOAD_PROMOTION	500000	12	1	1	alternative-first	2470	2360	-110	-0.220000	-4.453441
rxbvm	SETLINKILOAD_PROMOTION	500000	12	1	2	current-first	2503	2272	-231	-0.462000	-9.228925
rxbvm	SETLINKILOAD_PROMOTION	500000	12	1	3	alternative-first	2473	2265	-208	-0.416000	-8.410837
rxbvm	SETLINKILOAD_PROMOTION	500000	12	1	4	current-first	2545	2338	-207	-0.414000	-8.133595
rxvm	SETLINKILOAD_PROMOTION	500000	12	1	1	alternative-first	2307	2091	-216	-0.432000	-9.362809
rxvm	SETLINKILOAD_PROMOTION	500000	12	1	2	current-first	2454	2100	-354	-0.708000	-14.425428
rxvm	SETLINKILOAD_PROMOTION	500000	12	1	3	alternative-first	2238	2088	-150	-0.300000	-6.702413
rxvm	SETLINKILOAD_PROMOTION	500000	12	1	4	current-first	2219	2083	-136	-0.272000	-6.128887
rxvm	SETLINKILOAD_PROMOTION	500000	12	2	1	alternative-first	2199	2440	241	0.482000	+10.959527
rxvm	SETLINKILOAD_PROMOTION	500000	12	2	2	current-first	2221	2203	-18	-0.036000	-0.810446
rxvm	SETLINKILOAD_PROMOTION	500000	12	2	3	alternative-first	2227	2201	-26	-0.052000	-1.167490
rxvm	SETLINKILOAD_PROMOTION	500000	12	2	4	current-first	2262	2082	-180	-0.360000	-7.957560
rxbvm	SETLINKILOAD_PROMOTION	500000	12	2	1	alternative-first	2431	2290	-141	-0.282000	-5.800082
rxbvm	SETLINKILOAD_PROMOTION	500000	12	2	2	current-first	2465	2244	-221	-0.442000	-8.965517
rxbvm	SETLINKILOAD_PROMOTION	500000	12	2	3	alternative-first	2425	2245	-180	-0.360000	-7.422680
rxbvm	SETLINKILOAD_PROMOTION	500000	12	2	4	current-first	2466	2314	-152	-0.304000	-6.163828
rxbvm	SETLINKILOAD_PROMOTION	500000	12	3	1	alternative-first	2412	2225	-187	-0.374000	-7.752902
rxbvm	SETLINKILOAD_PROMOTION	500000	12	3	2	current-first	2483	2227	-256	-0.512000	-10.310109
rxbvm	SETLINKILOAD_PROMOTION	500000	12	3	3	alternative-first	2420	2222	-198	-0.396000	-8.181818
rxbvm	SETLINKILOAD_PROMOTION	500000	12	3	4	current-first	2418	2222	-196	-0.392000	-8.105873
rxvm	SETLINKILOAD_PROMOTION	500000	12	3	1	alternative-first	2212	2099	-113	-0.226000	-5.108499
rxvm	SETLINKILOAD_PROMOTION	500000	12	3	2	current-first	2222	2201	-21	-0.042000	-0.945095
rxvm	SETLINKILOAD_PROMOTION	500000	12	3	3	alternative-first	2266	2201	-65	-0.130000	-2.868491
rxvm	SETLINKILOAD_PROMOTION	500000	12	3	4	current-first	2229	2123	-106	-0.212000	-4.755496
rxbvm	SETLINKILOAD_PROMOTION	500000	2	1	1	alternative-first	2390	2258	-132	-0.264000	-5.523013
rxbvm	SETLINKILOAD_PROMOTION	500000	2	1	2	current-first	2387	2254	-133	-0.266000	-5.571848
rxbvm	SETLINKILOAD_PROMOTION	500000	2	1	3	alternative-first	2397	2239	-158	-0.316000	-6.591573
rxbvm	SETLINKILOAD_PROMOTION	500000	2	1	4	current-first	2457	2241	-216	-0.432000	-8.791209
rxvm	SETLINKILOAD_PROMOTION	500000	2	1	1	alternative-first	2326	2097	-229	-0.458000	-9.845228
rxvm	SETLINKILOAD_PROMOTION	500000	2	1	2	current-first	2314	2194	-120	-0.240000	-5.185825
rxvm	SETLINKILOAD_PROMOTION	500000	2	1	3	alternative-first	2309	2082	-227	-0.454000	-9.831096
rxvm	SETLINKILOAD_PROMOTION	500000	2	1	4	current-first	2313	2111	-202	-0.404000	-8.733247
rxvm	SETLINKILOAD_PROMOTION	500000	2	2	1	alternative-first	2199	2082	-117	-0.234000	-5.320600
rxvm	SETLINKILOAD_PROMOTION	500000	2	2	2	current-first	2202	2062	-140	-0.280000	-6.357856
rxvm	SETLINKILOAD_PROMOTION	500000	2	2	3	alternative-first	2193	2134	-59	-0.118000	-2.690378
rxvm	SETLINKILOAD_PROMOTION	500000	2	2	4	current-first	2195	2093	-102	-0.204000	-4.646925
rxbvm	SETLINKILOAD_PROMOTION	500000	2	2	1	alternative-first	2389	2255	-134	-0.268000	-5.609041
rxbvm	SETLINKILOAD_PROMOTION	500000	2	2	2	current-first	2436	2241	-195	-0.390000	-8.004926
rxbvm	SETLINKILOAD_PROMOTION	500000	2	2	3	alternative-first	2388	2254	-134	-0.268000	-5.611390
rxbvm	SETLINKILOAD_PROMOTION	500000	2	2	4	current-first	2496	2287	-209	-0.418000	-8.373397
rxbvm	SETLINKILOAD_PROMOTION	500000	2	3	1	alternative-first	2494	2303	-191	-0.382000	-7.658380
rxbvm	SETLINKILOAD_PROMOTION	500000	2	3	2	current-first	2431	2241	-190	-0.380000	-7.815714
rxbvm	SETLINKILOAD_PROMOTION	500000	2	3	3	alternative-first	2410	2241	-169	-0.338000	-7.012448
rxbvm	SETLINKILOAD_PROMOTION	500000	2	3	4	current-first	2406	2273	-133	-0.266000	-5.527847
rxvm	SETLINKILOAD_PROMOTION	500000	2	3	1	alternative-first	2220	2094	-126	-0.252000	-5.675676
rxvm	SETLINKILOAD_PROMOTION	500000	2	3	2	current-first	2240	2079	-161	-0.322000	-7.187500
rxvm	SETLINKILOAD_PROMOTION	500000	2	3	3	alternative-first	2354	2232	-122	-0.244000	-5.182668
rxvm	SETLINKILOAD_PROMOTION	500000	2	3	4	current-first	2311	2084	-227	-0.454000	-9.822588
rxbvm	SETLINKILOAD_PROMOTION	500000	10	1	1	alternative-first	2406	2228	-178	-0.356000	-7.398171
rxbvm	SETLINKILOAD_PROMOTION	500000	10	1	2	current-first	2432	2221	-211	-0.422000	-8.675987
rxbvm	SETLINKILOAD_PROMOTION	500000	10	1	3	alternative-first	2530	2223	-307	-0.614000	-12.134387
rxbvm	SETLINKILOAD_PROMOTION	500000	10	1	4	current-first	2466	2223	-243	-0.486000	-9.854015
rxvm	SETLINKILOAD_PROMOTION	500000	10	1	1	alternative-first	2201	2254	53	0.106000	+2.407996
rxvm	SETLINKILOAD_PROMOTION	500000	10	1	2	current-first	2206	2069	-137	-0.274000	-6.210335
rxvm	SETLINKILOAD_PROMOTION	500000	10	1	3	alternative-first	2200	2071	-129	-0.258000	-5.863636
rxvm	SETLINKILOAD_PROMOTION	500000	10	1	4	current-first	2219	2111	-108	-0.216000	-4.867057
rxvm	SETLINKILOAD_PROMOTION	500000	10	2	1	alternative-first	2217	2194	-23	-0.046000	-1.037438
rxvm	SETLINKILOAD_PROMOTION	500000	10	2	2	current-first	2300	2112	-188	-0.376000	-8.173913
rxvm	SETLINKILOAD_PROMOTION	500000	10	2	3	alternative-first	2214	2091	-123	-0.246000	-5.555556
rxvm	SETLINKILOAD_PROMOTION	500000	10	2	4	current-first	2222	2087	-135	-0.270000	-6.075608
rxbvm	SETLINKILOAD_PROMOTION	500000	10	2	1	alternative-first	2395	2238	-157	-0.314000	-6.555324
rxbvm	SETLINKILOAD_PROMOTION	500000	10	2	2	current-first	2392	2251	-141	-0.282000	-5.894649
rxbvm	SETLINKILOAD_PROMOTION	500000	10	2	3	alternative-first	2477	2221	-256	-0.512000	-10.335083
rxbvm	SETLINKILOAD_PROMOTION	500000	10	2	4	current-first	2502	2220	-282	-0.564000	-11.270983
rxbvm	SETLINKILOAD_PROMOTION	500000	10	3	1	alternative-first	2416	2291	-125	-0.250000	-5.173841
rxbvm	SETLINKILOAD_PROMOTION	500000	10	3	2	current-first	2417	2236	-181	-0.362000	-7.488622
rxbvm	SETLINKILOAD_PROMOTION	500000	10	3	3	alternative-first	2411	2218	-193	-0.386000	-8.004977
rxbvm	SETLINKILOAD_PROMOTION	500000	10	3	4	current-first	2431	2280	-151	-0.302000	-6.211436
rxvm	SETLINKILOAD_PROMOTION	500000	10	3	1	alternative-first	2207	2083	-124	-0.248000	-5.618487
rxvm	SETLINKILOAD_PROMOTION	500000	10	3	2	current-first	2260	2189	-71	-0.142000	-3.141593
rxvm	SETLINKILOAD_PROMOTION	500000	10	3	3	alternative-first	2339	2091	-248	-0.496000	-10.602822
rxvm	SETLINKILOAD_PROMOTION	500000	10	3	4	current-first	2319	2093	-226	-0.452000	-9.745580
rxbvm	SETLINKILOAD_PROMOTION	500000	6	1	1	alternative-first	2392	2224	-168	-0.336000	-7.023411
rxbvm	SETLINKILOAD_PROMOTION	500000	6	1	2	current-first	2438	2286	-152	-0.304000	-6.234619
rxbvm	SETLINKILOAD_PROMOTION	500000	6	1	3	alternative-first	2418	2236	-182	-0.364000	-7.526882
rxbvm	SETLINKILOAD_PROMOTION	500000	6	1	4	current-first	2424	2226	-198	-0.396000	-8.168317
rxvm	SETLINKILOAD_PROMOTION	500000	6	1	1	alternative-first	2210	2087	-123	-0.246000	-5.565611
rxvm	SETLINKILOAD_PROMOTION	500000	6	1	2	current-first	2228	2083	-145	-0.290000	-6.508079
rxvm	SETLINKILOAD_PROMOTION	500000	6	1	3	alternative-first	2215	2091	-124	-0.248000	-5.598194
rxvm	SETLINKILOAD_PROMOTION	500000	6	1	4	current-first	2287	2102	-185	-0.370000	-8.089200
rxvm	SETLINKILOAD_PROMOTION	500000	6	2	1	alternative-first	2431	2116	-315	-0.630000	-12.957631
rxvm	SETLINKILOAD_PROMOTION	500000	6	2	2	current-first	2312	2076	-236	-0.472000	-10.207612
rxvm	SETLINKILOAD_PROMOTION	500000	6	2	3	alternative-first	2203	2063	-140	-0.280000	-6.354970
rxvm	SETLINKILOAD_PROMOTION	500000	6	2	4	current-first	2222	2066	-156	-0.312000	-7.020702
rxbvm	SETLINKILOAD_PROMOTION	500000	6	2	1	alternative-first	2466	2218	-248	-0.496000	-10.056772
rxbvm	SETLINKILOAD_PROMOTION	500000	6	2	2	current-first	2440	2231	-209	-0.418000	-8.565574
rxbvm	SETLINKILOAD_PROMOTION	500000	6	2	3	alternative-first	2415	2284	-131	-0.262000	-5.424431
rxbvm	SETLINKILOAD_PROMOTION	500000	6	2	4	current-first	2412	2238	-174	-0.348000	-7.213930
rxbvm	SETLINKILOAD_PROMOTION	500000	6	3	1	alternative-first	2551	2271	-280	-0.560000	-10.976088
rxbvm	SETLINKILOAD_PROMOTION	500000	6	3	2	current-first	2546	2222	-324	-0.648000	-12.725844
rxbvm	SETLINKILOAD_PROMOTION	500000	6	3	3	alternative-first	2549	2244	-305	-0.610000	-11.965477
rxbvm	SETLINKILOAD_PROMOTION	500000	6	3	4	current-first	2533	2272	-261	-0.522000	-10.303987
rxvm	SETLINKILOAD_PROMOTION	500000	6	3	1	alternative-first	2205	2076	-129	-0.258000	-5.850340
rxvm	SETLINKILOAD_PROMOTION	500000	6	3	2	current-first	2310	2076	-234	-0.468000	-10.129870
rxvm	SETLINKILOAD_PROMOTION	500000	6	3	3	alternative-first	2195	2067	-128	-0.256000	-5.831435
rxvm	SETLINKILOAD_PROMOTION	500000	6	3	4	current-first	2189	2298	109	0.218000	+4.979443
rxbvm	SETLINKILOAD_PROMOTION	500000	14	1	1	alternative-first	2416	2245	-171	-0.342000	-7.077815
rxbvm	SETLINKILOAD_PROMOTION	500000	14	1	2	current-first	2479	2278	-201	-0.402000	-8.108108
rxbvm	SETLINKILOAD_PROMOTION	500000	14	1	3	alternative-first	2393	2222	-171	-0.342000	-7.145842
rxbvm	SETLINKILOAD_PROMOTION	500000	14	1	4	current-first	2413	2221	-192	-0.384000	-7.956900
rxvm	SETLINKILOAD_PROMOTION	500000	14	1	1	alternative-first	2313	2313	0	0.000000	+0.000000
rxvm	SETLINKILOAD_PROMOTION	500000	14	1	2	current-first	2257	2195	-62	-0.124000	-2.747009
rxvm	SETLINKILOAD_PROMOTION	500000	14	1	3	alternative-first	2287	2102	-185	-0.370000	-8.089200
rxvm	SETLINKILOAD_PROMOTION	500000	14	1	4	current-first	2306	2087	-219	-0.438000	-9.496964
rxvm	SETLINKILOAD_PROMOTION	500000	14	2	1	alternative-first	2216	2249	33	0.066000	+1.489170
rxvm	SETLINKILOAD_PROMOTION	500000	14	2	2	current-first	2220	2089	-131	-0.262000	-5.900901
rxvm	SETLINKILOAD_PROMOTION	500000	14	2	3	alternative-first	2195	2093	-102	-0.204000	-4.646925
rxvm	SETLINKILOAD_PROMOTION	500000	14	2	4	current-first	2240	2100	-140	-0.280000	-6.250000
rxbvm	SETLINKILOAD_PROMOTION	500000	14	2	1	alternative-first	2420	2249	-171	-0.342000	-7.066116
rxbvm	SETLINKILOAD_PROMOTION	500000	14	2	2	current-first	2536	2276	-260	-0.520000	-10.252366
rxbvm	SETLINKILOAD_PROMOTION	500000	14	2	3	alternative-first	2400	2260	-140	-0.280000	-5.833333
rxbvm	SETLINKILOAD_PROMOTION	500000	14	2	4	current-first	2417	2236	-181	-0.362000	-7.488622
rxbvm	SETLINKILOAD_PROMOTION	500000	14	3	1	alternative-first	2409	2233	-176	-0.352000	-7.305936
rxbvm	SETLINKILOAD_PROMOTION	500000	14	3	2	current-first	2407	2244	-163	-0.326000	-6.771915
rxbvm	SETLINKILOAD_PROMOTION	500000	14	3	3	alternative-first	2480	2250	-230	-0.460000	-9.274194
rxbvm	SETLINKILOAD_PROMOTION	500000	14	3	4	current-first	2415	2219	-196	-0.392000	-8.115942
rxvm	SETLINKILOAD_PROMOTION	500000	14	3	1	alternative-first	2552	2206	-346	-0.692000	-13.557994
rxvm	SETLINKILOAD_PROMOTION	500000	14	3	2	current-first	2543	2094	-449	-0.898000	-17.656311
rxvm	SETLINKILOAD_PROMOTION	500000	14	3	3	alternative-first	2554	2077	-477	-0.954000	-18.676586
rxvm	SETLINKILOAD_PROMOTION	500000	14	3	4	current-first	2474	2307	-167	-0.334000	-6.750202
rxvm	SETLINKILOAD_PROMOTION	500000	1	1	1	alternative-first	2342	2102	-240	-0.480000	-10.247652
rxvm	SETLINKILOAD_PROMOTION	500000	1	1	2	current-first	2321	2309	-12	-0.024000	-0.517019
rxvm	SETLINKILOAD_PROMOTION	500000	1	1	3	alternative-first	2219	2327	108	0.216000	+4.867057
rxvm	SETLINKILOAD_PROMOTION	500000	1	1	4	current-first	2252	2077	-175	-0.350000	-7.770870
rxbvm	SETLINKILOAD_PROMOTION	500000	1	1	1	alternative-first	2417	2232	-185	-0.370000	-7.654117
rxbvm	SETLINKILOAD_PROMOTION	500000	1	1	2	current-first	2434	2311	-123	-0.246000	-5.053410
rxbvm	SETLINKILOAD_PROMOTION	500000	1	1	3	alternative-first	2426	2318	-108	-0.216000	-4.451772
rxbvm	SETLINKILOAD_PROMOTION	500000	1	1	4	current-first	2425	2266	-159	-0.318000	-6.556701
rxbvm	SETLINKILOAD_PROMOTION	500000	1	2	1	alternative-first	2525	2304	-221	-0.442000	-8.752475
rxbvm	SETLINKILOAD_PROMOTION	500000	1	2	2	current-first	2534	2517	-17	-0.034000	-0.670876
rxbvm	SETLINKILOAD_PROMOTION	500000	1	2	3	alternative-first	2428	2278	-150	-0.300000	-6.177924
rxbvm	SETLINKILOAD_PROMOTION	500000	1	2	4	current-first	2428	2297	-131	-0.262000	-5.395387
rxvm	SETLINKILOAD_PROMOTION	500000	1	2	1	alternative-first	2322	2139	-183	-0.366000	-7.881137
rxvm	SETLINKILOAD_PROMOTION	500000	1	2	2	current-first	2324	2077	-247	-0.494000	-10.628227
rxvm	SETLINKILOAD_PROMOTION	500000	1	2	3	alternative-first	2275	2070	-205	-0.410000	-9.010989
rxvm	SETLINKILOAD_PROMOTION	500000	1	2	4	current-first	2213	2150	-63	-0.126000	-2.846814
rxvm	SETLINKILOAD_PROMOTION	500000	1	3	1	alternative-first	2322	2267	-55	-0.110000	-2.368648
rxvm	SETLINKILOAD_PROMOTION	500000	1	3	2	current-first	2295	2198	-97	-0.194000	-4.226580
rxvm	SETLINKILOAD_PROMOTION	500000	1	3	3	alternative-first	2191	2101	-90	-0.180000	-4.107713
rxvm	SETLINKILOAD_PROMOTION	500000	1	3	4	current-first	2191	2142	-49	-0.098000	-2.236422
rxbvm	SETLINKILOAD_PROMOTION	500000	1	3	1	alternative-first	2671	2298	-373	-0.746000	-13.964807
rxbvm	SETLINKILOAD_PROMOTION	500000	1	3	2	current-first	2463	2243	-220	-0.440000	-8.932197
rxbvm	SETLINKILOAD_PROMOTION	500000	1	3	3	alternative-first	2483	2464	-19	-0.038000	-0.765203
rxbvm	SETLINKILOAD_PROMOTION	500000	1	3	4	current-first	2409	2257	-152	-0.304000	-6.309672
rxvm	SETLINKILOAD_PROMOTION	500000	9	1	1	alternative-first	5764	5667	-97	-0.194000	-1.682859
rxvm	SETLINKILOAD_PROMOTION	500000	9	1	2	current-first	2714	2132	-582	-1.164000	-21.444363
rxvm	SETLINKILOAD_PROMOTION	500000	9	1	3	alternative-first	2284	2157	-127	-0.254000	-5.560420
rxvm	SETLINKILOAD_PROMOTION	500000	9	1	4	current-first	2360	2603	243	0.486000	+10.296610
rxbvm	SETLINKILOAD_PROMOTION	500000	9	1	1	alternative-first	2534	2383	-151	-0.302000	-5.958958
rxbvm	SETLINKILOAD_PROMOTION	500000	9	1	2	current-first	2413	2235	-178	-0.356000	-7.376709
rxbvm	SETLINKILOAD_PROMOTION	500000	9	1	3	alternative-first	2474	2225	-249	-0.498000	-10.064673
rxbvm	SETLINKILOAD_PROMOTION	500000	9	1	4	current-first	2415	2288	-127	-0.254000	-5.258799
rxbvm	SETLINKILOAD_PROMOTION	500000	9	2	1	alternative-first	2476	2283	-193	-0.386000	-7.794830
rxbvm	SETLINKILOAD_PROMOTION	500000	9	2	2	current-first	2582	2216	-366	-0.732000	-14.175058
rxbvm	SETLINKILOAD_PROMOTION	500000	9	2	3	alternative-first	2458	2228	-230	-0.460000	-9.357201
rxbvm	SETLINKILOAD_PROMOTION	500000	9	2	4	current-first	2488	2265	-223	-0.446000	-8.963023
rxvm	SETLINKILOAD_PROMOTION	500000	9	2	1	alternative-first	2202	2069	-133	-0.266000	-6.039964
rxvm	SETLINKILOAD_PROMOTION	500000	9	2	2	current-first	2302	2067	-235	-0.470000	-10.208514
rxvm	SETLINKILOAD_PROMOTION	500000	9	2	3	alternative-first	2349	2108	-241	-0.482000	-10.259685
rxvm	SETLINKILOAD_PROMOTION	500000	9	2	4	current-first	2310	2065	-245	-0.490000	-10.606061
rxvm	SETLINKILOAD_PROMOTION	500000	9	3	1	alternative-first	2199	2213	14	0.028000	+0.636653
rxvm	SETLINKILOAD_PROMOTION	500000	9	3	2	current-first	2357	2317	-40	-0.080000	-1.697073
rxvm	SETLINKILOAD_PROMOTION	500000	9	3	3	alternative-first	2198	2089	-109	-0.218000	-4.959054
rxvm	SETLINKILOAD_PROMOTION	500000	9	3	4	current-first	2215	2114	-101	-0.202000	-4.559819
rxbvm	SETLINKILOAD_PROMOTION	500000	9	3	1	alternative-first	2420	2233	-187	-0.374000	-7.727273
rxbvm	SETLINKILOAD_PROMOTION	500000	9	3	2	current-first	2577	2240	-337	-0.674000	-13.077222
rxbvm	SETLINKILOAD_PROMOTION	500000	9	3	3	alternative-first	2570	2263	-307	-0.614000	-11.945525
rxbvm	SETLINKILOAD_PROMOTION	500000	9	3	4	current-first	2474	2232	-242	-0.484000	-9.781730
rxvm	SETLINKILOAD_PROMOTION	500000	5	1	1	alternative-first	2310	2080	-230	-0.460000	-9.956710
rxvm	SETLINKILOAD_PROMOTION	500000	5	1	2	current-first	2463	2146	-317	-0.634000	-12.870483
rxvm	SETLINKILOAD_PROMOTION	500000	5	1	3	alternative-first	2202	2096	-106	-0.212000	-4.813806
rxvm	SETLINKILOAD_PROMOTION	500000	5	1	4	current-first	2223	2063	-160	-0.320000	-7.197481
rxbvm	SETLINKILOAD_PROMOTION	500000	5	1	1	alternative-first	2401	2254	-147	-0.294000	-6.122449
rxbvm	SETLINKILOAD_PROMOTION	500000	5	1	2	current-first	2419	2238	-181	-0.362000	-7.482431
rxbvm	SETLINKILOAD_PROMOTION	500000	5	1	3	alternative-first	2502	2259	-243	-0.486000	-9.712230
rxbvm	SETLINKILOAD_PROMOTION	500000	5	1	4	current-first	2455	2269	-186	-0.372000	-7.576375
rxbvm	SETLINKILOAD_PROMOTION	500000	5	2	1	alternative-first	2409	2276	-133	-0.266000	-5.520963
rxbvm	SETLINKILOAD_PROMOTION	500000	5	2	2	current-first	2435	2249	-186	-0.372000	-7.638604
rxbvm	SETLINKILOAD_PROMOTION	500000	5	2	3	alternative-first	2425	2236	-189	-0.378000	-7.793814
rxbvm	SETLINKILOAD_PROMOTION	500000	5	2	4	current-first	2446	2307	-139	-0.278000	-5.682747
rxvm	SETLINKILOAD_PROMOTION	500000	5	2	1	alternative-first	2208	2312	104	0.208000	+4.710145
rxvm	SETLINKILOAD_PROMOTION	500000	5	2	2	current-first	2288	2206	-82	-0.164000	-3.583916
rxvm	SETLINKILOAD_PROMOTION	500000	5	2	3	alternative-first	2232	2194	-38	-0.076000	-1.702509
rxvm	SETLINKILOAD_PROMOTION	500000	5	2	4	current-first	2212	2226	14	0.028000	+0.632911
rxvm	SETLINKILOAD_PROMOTION	500000	5	3	1	alternative-first	2206	2212	6	0.012000	+0.271985
rxvm	SETLINKILOAD_PROMOTION	500000	5	3	2	current-first	2289	2084	-205	-0.410000	-8.955876
rxvm	SETLINKILOAD_PROMOTION	500000	5	3	3	alternative-first	2235	2196	-39	-0.078000	-1.744966
rxvm	SETLINKILOAD_PROMOTION	500000	5	3	4	current-first	2244	2065	-179	-0.358000	-7.976827
rxbvm	SETLINKILOAD_PROMOTION	500000	5	3	1	alternative-first	2522	2299	-223	-0.446000	-8.842189
rxbvm	SETLINKILOAD_PROMOTION	500000	5	3	2	current-first	2541	2254	-287	-0.574000	-11.294766
rxbvm	SETLINKILOAD_PROMOTION	500000	5	3	3	alternative-first	2459	2238	-221	-0.442000	-8.987393
rxbvm	SETLINKILOAD_PROMOTION	500000	5	3	4	current-first	2459	2317	-142	-0.284000	-5.774705
rxvm	SETLINKILOAD_PROMOTION	500000	13	1	1	alternative-first	2444	2200	-244	-0.488000	-9.983633
rxvm	SETLINKILOAD_PROMOTION	500000	13	1	2	current-first	2214	2081	-133	-0.266000	-6.007227
rxvm	SETLINKILOAD_PROMOTION	500000	13	1	3	alternative-first	2192	2081	-111	-0.222000	-5.063869
rxvm	SETLINKILOAD_PROMOTION	500000	13	1	4	current-first	2192	2113	-79	-0.158000	-3.604015
rxbvm	SETLINKILOAD_PROMOTION	500000	13	1	1	alternative-first	2395	2234	-161	-0.322000	-6.722338
rxbvm	SETLINKILOAD_PROMOTION	500000	13	1	2	current-first	2427	2281	-146	-0.292000	-6.015657
rxbvm	SETLINKILOAD_PROMOTION	500000	13	1	3	alternative-first	2390	2237	-153	-0.306000	-6.401674
rxbvm	SETLINKILOAD_PROMOTION	500000	13	1	4	current-first	2435	2250	-185	-0.370000	-7.597536
rxbvm	SETLINKILOAD_PROMOTION	500000	13	2	1	alternative-first	2408	2259	-149	-0.298000	-6.187708
rxbvm	SETLINKILOAD_PROMOTION	500000	13	2	2	current-first	2464	2233	-231	-0.462000	-9.375000
rxbvm	SETLINKILOAD_PROMOTION	500000	13	2	3	alternative-first	2464	2260	-204	-0.408000	-8.279221
rxbvm	SETLINKILOAD_PROMOTION	500000	13	2	4	current-first	2480	2244	-236	-0.472000	-9.516129
rxvm	SETLINKILOAD_PROMOTION	500000	13	2	1	alternative-first	2281	2217	-64	-0.128000	-2.805787
rxvm	SETLINKILOAD_PROMOTION	500000	13	2	2	current-first	2233	2077	-156	-0.312000	-6.986117
rxvm	SETLINKILOAD_PROMOTION	500000	13	2	3	alternative-first	2201	2081	-120	-0.240000	-5.452067
rxvm	SETLINKILOAD_PROMOTION	500000	13	2	4	current-first	2202	2118	-84	-0.168000	-3.814714
rxvm	SETLINKILOAD_PROMOTION	500000	13	3	1	alternative-first	2200	2215	15	0.030000	+0.681818
rxvm	SETLINKILOAD_PROMOTION	500000	13	3	2	current-first	2287	2312	25	0.050000	+1.093135
rxvm	SETLINKILOAD_PROMOTION	500000	13	3	3	alternative-first	2229	2081	-148	-0.296000	-6.639749
rxvm	SETLINKILOAD_PROMOTION	500000	13	3	4	current-first	2200	2082	-118	-0.236000	-5.363636
rxbvm	SETLINKILOAD_PROMOTION	500000	13	3	1	alternative-first	2384	2266	-118	-0.236000	-4.949664
rxbvm	SETLINKILOAD_PROMOTION	500000	13	3	2	current-first	2430	2243	-187	-0.374000	-7.695473
rxbvm	SETLINKILOAD_PROMOTION	500000	13	3	3	alternative-first	2404	2262	-142	-0.284000	-5.906822
rxbvm	SETLINKILOAD_PROMOTION	500000	13	3	4	current-first	2480	2279	-201	-0.402000	-8.104839
rxvm	SETLINKILOAD_PROMOTION	500000	3	1	1	alternative-first	2217	2118	-99	-0.198000	-4.465494
rxvm	SETLINKILOAD_PROMOTION	500000	3	1	2	current-first	2216	2073	-143	-0.286000	-6.453069
rxvm	SETLINKILOAD_PROMOTION	500000	3	1	3	alternative-first	2213	2072	-141	-0.282000	-6.371441
rxvm	SETLINKILOAD_PROMOTION	500000	3	1	4	current-first	2220	2338	118	0.236000	+5.315315
rxbvm	SETLINKILOAD_PROMOTION	500000	3	1	1	alternative-first	2492	2251	-241	-0.482000	-9.670947
rxbvm	SETLINKILOAD_PROMOTION	500000	3	1	2	current-first	2478	2252	-226	-0.452000	-9.120258
rxbvm	SETLINKILOAD_PROMOTION	500000	3	1	3	alternative-first	2394	2237	-157	-0.314000	-6.558062
rxbvm	SETLINKILOAD_PROMOTION	500000	3	1	4	current-first	2416	2235	-181	-0.362000	-7.491722
rxbvm	SETLINKILOAD_PROMOTION	500000	3	2	1	alternative-first	2425	2254	-171	-0.342000	-7.051546
rxbvm	SETLINKILOAD_PROMOTION	500000	3	2	2	current-first	2419	2227	-192	-0.384000	-7.937164
rxbvm	SETLINKILOAD_PROMOTION	500000	3	2	3	alternative-first	2577	2276	-301	-0.602000	-11.680248
rxbvm	SETLINKILOAD_PROMOTION	500000	3	2	4	current-first	2535	2247	-288	-0.576000	-11.360947
rxvm	SETLINKILOAD_PROMOTION	500000	3	2	1	alternative-first	2209	2091	-118	-0.236000	-5.341784
rxvm	SETLINKILOAD_PROMOTION	500000	3	2	2	current-first	2206	2085	-121	-0.242000	-5.485041
rxvm	SETLINKILOAD_PROMOTION	500000	3	2	3	alternative-first	2204	2084	-120	-0.240000	-5.444646
rxvm	SETLINKILOAD_PROMOTION	500000	3	2	4	current-first	2216	2191	-25	-0.050000	-1.128159
rxvm	SETLINKILOAD_PROMOTION	500000	3	3	1	alternative-first	2217	2193	-24	-0.048000	-1.082544
rxvm	SETLINKILOAD_PROMOTION	500000	3	3	2	current-first	2296	2096	-200	-0.400000	-8.710801
rxvm	SETLINKILOAD_PROMOTION	500000	3	3	3	alternative-first	2212	2093	-119	-0.238000	-5.379747
rxvm	SETLINKILOAD_PROMOTION	500000	3	3	4	current-first	2219	2203	-16	-0.032000	-0.721046
rxbvm	SETLINKILOAD_PROMOTION	500000	3	3	1	alternative-first	2435	2244	-191	-0.382000	-7.843943
rxbvm	SETLINKILOAD_PROMOTION	500000	3	3	2	current-first	2442	2240	-202	-0.404000	-8.271908
rxbvm	SETLINKILOAD_PROMOTION	500000	3	3	3	alternative-first	2482	2287	-195	-0.390000	-7.856567
rxbvm	SETLINKILOAD_PROMOTION	500000	3	3	4	current-first	2438	2263	-175	-0.350000	-7.178015
rxvm	SETLINKILOAD_PROMOTION	500000	11	1	1	alternative-first	2217	2083	-134	-0.268000	-6.044204
rxvm	SETLINKILOAD_PROMOTION	500000	11	1	2	current-first	2217	2194	-23	-0.046000	-1.037438
rxvm	SETLINKILOAD_PROMOTION	500000	11	1	3	alternative-first	2221	2080	-141	-0.282000	-6.348492
rxvm	SETLINKILOAD_PROMOTION	500000	11	1	4	current-first	2242	2146	-96	-0.192000	-4.281891
rxbvm	SETLINKILOAD_PROMOTION	500000	11	1	1	alternative-first	2573	2255	-318	-0.636000	-12.359114
rxbvm	SETLINKILOAD_PROMOTION	500000	11	1	2	current-first	2436	2255	-181	-0.362000	-7.430213
rxbvm	SETLINKILOAD_PROMOTION	500000	11	1	3	alternative-first	2403	2273	-130	-0.260000	-5.409904
rxbvm	SETLINKILOAD_PROMOTION	500000	11	1	4	current-first	2457	2238	-219	-0.438000	-8.913309
rxbvm	SETLINKILOAD_PROMOTION	500000	11	2	1	alternative-first	2469	2250	-219	-0.438000	-8.869988
rxbvm	SETLINKILOAD_PROMOTION	500000	11	2	2	current-first	2429	2312	-117	-0.234000	-4.816797
rxbvm	SETLINKILOAD_PROMOTION	500000	11	2	3	alternative-first	2398	2317	-81	-0.162000	-3.377815
rxbvm	SETLINKILOAD_PROMOTION	500000	11	2	4	current-first	2436	2244	-192	-0.384000	-7.881773
rxvm	SETLINKILOAD_PROMOTION	500000	11	2	1	alternative-first	2219	2084	-135	-0.270000	-6.083822
rxvm	SETLINKILOAD_PROMOTION	500000	11	2	2	current-first	2363	2104	-259	-0.518000	-10.960643
rxvm	SETLINKILOAD_PROMOTION	500000	11	2	3	alternative-first	2303	2078	-225	-0.450000	-9.769865
rxvm	SETLINKILOAD_PROMOTION	500000	11	2	4	current-first	2440	2090	-350	-0.700000	-14.344262
rxvm	SETLINKILOAD_PROMOTION	500000	11	3	1	alternative-first	2226	2226	0	0.000000	+0.000000
rxvm	SETLINKILOAD_PROMOTION	500000	11	3	2	current-first	2329	2089	-240	-0.480000	-10.304852
rxvm	SETLINKILOAD_PROMOTION	500000	11	3	3	alternative-first	2499	2083	-416	-0.832000	-16.646659
rxvm	SETLINKILOAD_PROMOTION	500000	11	3	4	current-first	2495	2165	-330	-0.660000	-13.226453
rxbvm	SETLINKILOAD_PROMOTION	500000	11	3	1	alternative-first	2398	2268	-130	-0.260000	-5.421184
rxbvm	SETLINKILOAD_PROMOTION	500000	11	3	2	current-first	2498	2318	-180	-0.360000	-7.205765
rxbvm	SETLINKILOAD_PROMOTION	500000	11	3	3	alternative-first	2407	2228	-179	-0.358000	-7.436643
rxbvm	SETLINKILOAD_PROMOTION	500000	11	3	4	current-first	2402	2278	-124	-0.248000	-5.162365
rxvm	SETLINKILOAD_PROMOTION	500000	7	1	1	alternative-first	2202	2093	-109	-0.218000	-4.950045
rxvm	SETLINKILOAD_PROMOTION	500000	7	1	2	current-first	2463	2158	-305	-0.610000	-12.383272
rxvm	SETLINKILOAD_PROMOTION	500000	7	1	3	alternative-first	2211	2078	-133	-0.266000	-6.015378
rxvm	SETLINKILOAD_PROMOTION	500000	7	1	4	current-first	2197	2136	-61	-0.122000	-2.776513
rxbvm	SETLINKILOAD_PROMOTION	500000	7	1	1	alternative-first	2448	2305	-143	-0.286000	-5.841503
rxbvm	SETLINKILOAD_PROMOTION	500000	7	1	2	current-first	2490	2446	-44	-0.088000	-1.767068
rxbvm	SETLINKILOAD_PROMOTION	500000	7	1	3	alternative-first	2421	2420	-1	-0.002000	-0.041305
rxbvm	SETLINKILOAD_PROMOTION	500000	7	1	4	current-first	2455	2259	-196	-0.392000	-7.983707
rxbvm	SETLINKILOAD_PROMOTION	500000	7	2	1	alternative-first	2397	2316	-81	-0.162000	-3.379224
rxbvm	SETLINKILOAD_PROMOTION	500000	7	2	2	current-first	2460	2266	-194	-0.388000	-7.886179
rxbvm	SETLINKILOAD_PROMOTION	500000	7	2	3	alternative-first	2477	2285	-192	-0.384000	-7.751312
rxbvm	SETLINKILOAD_PROMOTION	500000	7	2	4	current-first	2578	2254	-324	-0.648000	-12.567882
rxvm	SETLINKILOAD_PROMOTION	500000	7	2	1	alternative-first	2440	2105	-335	-0.670000	-13.729508
rxvm	SETLINKILOAD_PROMOTION	500000	7	2	2	current-first	2256	2097	-159	-0.318000	-7.047872
rxvm	SETLINKILOAD_PROMOTION	500000	7	2	3	alternative-first	2193	2135	-58	-0.116000	-2.644779
rxvm	SETLINKILOAD_PROMOTION	500000	7	2	4	current-first	2236	2083	-153	-0.306000	-6.842576
rxvm	SETLINKILOAD_PROMOTION	500000	7	3	1	alternative-first	2209	2197	-12	-0.024000	-0.543232
rxvm	SETLINKILOAD_PROMOTION	500000	7	3	2	current-first	2265	2178	-87	-0.174000	-3.841060
rxvm	SETLINKILOAD_PROMOTION	500000	7	3	3	alternative-first	2215	2171	-44	-0.088000	-1.986456
rxvm	SETLINKILOAD_PROMOTION	500000	7	3	4	current-first	2223	2219	-4	-0.008000	-0.179937
rxbvm	SETLINKILOAD_PROMOTION	500000	7	3	1	alternative-first	2446	2309	-137	-0.274000	-5.600981
rxbvm	SETLINKILOAD_PROMOTION	500000	7	3	2	current-first	2475	2262	-213	-0.426000	-8.606061
rxbvm	SETLINKILOAD_PROMOTION	500000	7	3	3	alternative-first	2533	2260	-273	-0.546000	-10.777734
rxbvm	SETLINKILOAD_PROMOTION	500000	7	3	4	current-first	2462	2300	-162	-0.324000	-6.580016
rxvm	SETLINKILOAD_PROMOTION	500000	15	1	1	alternative-first	2265	2207	-58	-0.116000	-2.560706
rxvm	SETLINKILOAD_PROMOTION	500000	15	1	2	current-first	2223	2089	-134	-0.268000	-6.027890
rxvm	SETLINKILOAD_PROMOTION	500000	15	1	3	alternative-first	2203	2089	-114	-0.228000	-5.174762
rxvm	SETLINKILOAD_PROMOTION	500000	15	1	4	current-first	2225	2088	-137	-0.274000	-6.157303
rxbvm	SETLINKILOAD_PROMOTION	500000	15	1	1	alternative-first	2411	2228	-183	-0.366000	-7.590212
rxbvm	SETLINKILOAD_PROMOTION	500000	15	1	2	current-first	2414	2236	-178	-0.356000	-7.373654
rxbvm	SETLINKILOAD_PROMOTION	500000	15	1	3	alternative-first	2410	2222	-188	-0.376000	-7.800830
rxbvm	SETLINKILOAD_PROMOTION	500000	15	1	4	current-first	2519	2222	-297	-0.594000	-11.790393
rxbvm	SETLINKILOAD_PROMOTION	500000	15	2	1	alternative-first	2412	2277	-135	-0.270000	-5.597015
rxbvm	SETLINKILOAD_PROMOTION	500000	15	2	2	current-first	2529	2233	-296	-0.592000	-11.704231
rxbvm	SETLINKILOAD_PROMOTION	500000	15	2	3	alternative-first	2417	2245	-172	-0.344000	-7.116260
rxbvm	SETLINKILOAD_PROMOTION	500000	15	2	4	current-first	2419	2252	-167	-0.334000	-6.903679
rxvm	SETLINKILOAD_PROMOTION	500000	15	2	1	alternative-first	2325	2105	-220	-0.440000	-9.462366
rxvm	SETLINKILOAD_PROMOTION	500000	15	2	2	current-first	2266	2201	-65	-0.130000	-2.868491
rxvm	SETLINKILOAD_PROMOTION	500000	15	2	3	alternative-first	2220	2207	-13	-0.026000	-0.585586
rxvm	SETLINKILOAD_PROMOTION	500000	15	2	4	current-first	2238	2111	-127	-0.254000	-5.674710
rxvm	SETLINKILOAD_PROMOTION	500000	15	3	1	alternative-first	2216	2084	-132	-0.264000	-5.956679
rxvm	SETLINKILOAD_PROMOTION	500000	15	3	2	current-first	2509	2145	-364	-0.728000	-14.507772
rxvm	SETLINKILOAD_PROMOTION	500000	15	3	3	alternative-first	2229	2069	-160	-0.320000	-7.178107
rxvm	SETLINKILOAD_PROMOTION	500000	15	3	4	current-first	2244	2211	-33	-0.066000	-1.470588
rxbvm	SETLINKILOAD_PROMOTION	500000	15	3	1	alternative-first	2390	2245	-145	-0.290000	-6.066946
rxbvm	SETLINKILOAD_PROMOTION	500000	15	3	2	current-first	2516	2229	-287	-0.574000	-11.406995
rxbvm	SETLINKILOAD_PROMOTION	500000	15	3	3	alternative-first	2399	2459	60	0.120000	+2.501042
rxbvm	SETLINKILOAD_PROMOTION	500000	15	3	4	current-first	2413	2286	-127	-0.254000	-5.263158
