rank,count,sites,modules,symbols,status,pattern,mapping,example_module,example_start
1,758715,111,8,4,over_3_symbols,"NULL_REG(r1) | NULL_REG(r2) | NULL_REG(r3) | NULL_REG(r4)","r1=R11;r2=R10;r3=R9;r4=R7","benchmark_rexxcps_levelb_opt",507
2,266000,8,1,8,over_3_symbols,"BRF_ID_REG(c1,r1) | STRCHAR_REG_REG_REG(r2,r3,r4) | IEQ_REG_REG_INT(r5,r2,c2) | BRF_ID_REG(c3,r5)","c1=label@257;r1=R44;r2=R33;r3=R39;r4=R19;r5=R43;c2=int:44;c3=label@222","parseExec",206
3,266000,8,1,8,over_3_symbols,"ILT_REG_REG_REG(r1,r2,r3) | BRF_ID_REG(c1,r1) | STRCHAR_REG_REG_REG(r4,r5,r2) | IEQ_REG_REG_INT(r6,r4,c2)","r1=R44;r2=R19;r3=R40;c1=label@257;r4=R33;r5=R39;r6=R43;c2=int:44","parseExec",202
4,215600,14,1,6,over_3_symbols,"ILT_REG_REG_INT(r1,r2,c1) | BRT_ID_REG(c2,r1) | IGT_REG_REG_INT(r1,r2,c3) | BRF_ID_REG(c4,r1)","r1=R43;r2=R33;c1=int:48;c2=label@233;c3=int:57;c4=label@239","parseExec",222
5,142800,8,1,7,over_3_symbols,"IMULT_REG_REG_INT(r1,r2,c1) | IADD_REG_REG_REG(r2,r1,r3) | IADD_REG_REG_INT(r4,r4,c2) | BR_ID(c3)","r1=R43;r2=R6;c1=int:10;r3=R34;r4=R19;c2=int:1;c3=label@202","parseExec",243
6,137200,9,1,7,over_3_symbols,"STRCHAR_REG_REG_REG(r1,r2,r3) | IEQ_REG_REG_INT(r4,r1,c1) | BRF_ID_REG(c2,r4) | BR_ID(c3)","r1=R33;r2=R39;r3=R19;r4=R43;c1=int:44;c2=label@222;c3=label@257","parseExec",209
7,129400,2,1,8,over_3_symbols,"BRT_ID_REG(c1,r1) | STRCHAR_REG_REG_REG(r2,r3,r4) | IMULT_REG_REG_INT(r5,r6,c2) | IADD_REG_REG_REG(r5,r5,r2)","c1=label@218;r1=R11;r2=R4;r3=R6;r4=R9;r5=R12;r6=R5;c2=int:31","stem",187
8,129400,2,1,5,over_3_symbols,"IADD_REG_REG_REG(r1,r1,r2) | LINKATTR1_REG_REG_INT(r3,r4,c1) | IMOD_REG_REG_REG(r1,r1,r3) | UNLINK_REG(r3)","r1=R12;r2=R4;r3=R13;r4=R8;c1=int:7","stem",198
9,129400,2,1,9,over_3_symbols,"IGT_REG_REG_REG(r1,r2,r3) | BRT_ID_REG(c1,r1) | STRCHAR_REG_REG_REG(r4,r5,r2) | IMULT_REG_REG_INT(r6,r7,c2)","r1=R11;r2=R9;r3=R10;c1=label@218;r4=R4;r5=R6;r6=R12;r7=R5;c2=int:31","stem",183
10,129400,2,1,5,over_3_symbols,"IMOD_REG_REG_REG(r1,r1,r2) | UNLINK_REG(r2) | ICOPY_REG_REG(r3,r1) | BCTP_ID_REG(c1,r4)","r1=R12;r2=R13;r3=R5;c1=label@183;r4=R9","stem",206
11,129400,2,1,7,over_3_symbols,"IMULT_REG_REG_INT(r1,r2,c1) | IADD_REG_REG_REG(r1,r1,r3) | LINKATTR1_REG_REG_INT(r4,r5,c2) | IMOD_REG_REG_REG(r1,r1,r4)","r1=R12;r2=R5;c1=int:31;r3=R4;r4=R13;r5=R8;c2=int:7","stem",194
12,129400,2,1,5,over_3_symbols,"LINKATTR1_REG_REG_INT(r1,r2,c1) | IMOD_REG_REG_REG(r3,r3,r1) | UNLINK_REG(r1) | ICOPY_REG_REG(r4,r3)","r1=R13;r2=R8;c1=int:7;r3=R12;r4=R5","stem",202
13,129400,2,1,9,over_3_symbols,"STRCHAR_REG_REG_REG(r1,r2,r3) | IMULT_REG_REG_INT(r4,r5,c1) | IADD_REG_REG_REG(r4,r4,r1) | LINKATTR1_REG_REG_INT(r6,r7,c2)","r1=R4;r2=R6;r3=R9;r4=R12;r5=R5;c1=int:31;r6=R13;r7=R8;c2=int:7","stem",190
14,128232,30,3,5,over_3_symbols,"NULL_REG(r1) | NULL_REG(r2) | NULL_REG(r3) | SCOPY_REG_REG(r4,r5)","r1=R5;r2=R6;r3=R8;r4=R9;r5=R29","benchmark_rexxcps_levelb_opt",2507
15,123200,8,1,7,over_3_symbols,"ICOPY_REG_REG(r1,r2) | LOAD_REG_INT(r3,c1) | ILT_REG_REG_REG(r4,r2,r5) | BRF_ID_REG(c2,r4)","r1=R37;r2=R19;r3=R6;c1=int:0;r4=R44;r5=R40;c2=label@257","parseExec",196
16,123200,8,1,6,over_3_symbols,"IEQ_REG_REG_REG(r1,r2,r3) | BRT_ID_REG(c1,r1) | IGTE_REG_REG_REG(r1,r2,r4) | BRF_ID_REG(c2,r1)","r1=R44;r2=R19;r3=R37;c1=label@268;r4=R40;c2=label@274","parseExec",257
17,123200,8,1,8,over_3_symbols,"LOAD_REG_INT(r1,c1) | ILT_REG_REG_REG(r2,r3,r4) | BRF_ID_REG(c2,r2) | STRCHAR_REG_REG_REG(r5,r6,r3)","r1=R6;c1=int:0;r2=R44;r3=R19;r4=R40;c2=label@257;r5=R33;r6=R39","parseExec",199
18,108498,50,13,3,candidate,"SETNUMDGTS_INT(c1) | SETNUMFUZ_INT(c2) | SETNUMFRM_INT(c3) | SETNUMCAS_INT(c3)","c1=int:9;c2=int:0;c3=int:1","benchmark_rexxcps_levelb_opt",0
19,105097,46,11,2,candidate,"SETNUMFUZ_INT(c1) | SETNUMFRM_INT(c2) | SETNUMCAS_INT(c2) | SETNUMSTD_INT(c2)","c1=int:0;c2=int:1","_address",5605
20,91000,2,1,8,over_3_symbols,"ILTE_REG_REG_REG(r1,r2,r3) | BRF_ID_REG(c1,r1) | ISUB_REG_REG_INT(r4,r2,c2) | STRCHAR_REG_REG_REG(r5,r6,r4)","r1=R110;r2=R116;r3=R118;c1=label@4359;r4=R114;c2=int:1;r5=R115;r6=R119","parseExec",4329
21,90032,12,3,6,over_3_symbols,"SETSTRPOS_REG_REG(r1,r2) | SUBSTRING_REG_REG_REG(r3,r1,r4) | SCOPY_REG_REG(r5,r3) | BR_ID(c1)","r1=R58;r2=R54;r3=R60;r4=R55;r5=R52;c1=label@1100","benchmark_rexxcps_levelb_opt",1060
22,86800,7,1,7,over_3_symbols,"ICOPY_REG_REG(r1,r2) | LOAD_REG_STRING(r3,c1) | ILTE_REG_REG_INT(r4,r1,c2) | BRF_ID_REG(c3,r4)","r1=R45;r2=R35;r3=R44;c1=string@28800;r4=R47;c2=int:0;c3=label@408","parseExec",390
23,81200,4,1,4,over_3_symbols,"NULL_REG(r1) | NULL_REG(r2) | SCOPY_REG_REG(r3,r4) | STRLEN_REG_REG(r2,r3)","r1=R38;r2=R40;r3=R39;r4=R126","parseExec",154
24,81200,4,1,5,over_3_symbols,"NULL_REG(r1) | SCOPY_REG_REG(r2,r3) | STRLEN_REG_REG(r1,r2) | IEQ_REG_REG_REG(r4,r5,r1)","r1=R40;r2=R39;r3=R126;r4=R43;r5=R19","parseExec",156
25,81200,4,1,6,over_3_symbols,"SCOPY_REG_REG(r1,r2) | STRLEN_REG_REG(r3,r1) | IEQ_REG_REG_REG(r4,r5,r3) | BRF_ID_REG(c1,r4)","r1=R39;r2=R126;r3=R40;r4=R43;r5=R19;c1=label@179","parseExec",158
26,74200,1,1,9,over_3_symbols,"BRF_ID_REG(c1,r1) | ISUB_REG_REG_INT(r2,r3,c2) | STRCHAR_REG_REG_REG(r4,r5,r2) | IEQ_REG_REG_INT(r6,r4,c3)","c1=label@4408;r1=R109;r2=R114;r3=R112;c2=int:1;r4=R115;r5=R119;r6=R108;c3=int:32","parseExec",4382
27,74200,1,1,8,over_3_symbols,"ISUB_REG_REG_INT(r1,r2,c1) | STRCHAR_REG_REG_REG(r3,r4,r1) | IEQ_REG_REG_INT(r5,r3,c2) | BRF_ID_REG(c3,r5)","r1=R114;r2=R112;c1=int:1;r3=R115;r4=R119;r5=R108;c2=int:32;c3=label@4402","parseExec",4385
28,64400,4,1,5,over_3_symbols,"BRF_ID_REG(c1,r1) | NULL_REG(r2) | NULL_REG(r3) | NULL_REG(r4)","c1=label@734;r1=R47;r2=R46;r3=R45;r4=R44","parseExec",503
29,61600,1,1,8,over_3_symbols,"BRF_ID_REG(c1,r1) | IADD_REG_REG_INT(r2,r2,c2) | IEQ_REG_REG_INT(r3,r4,c3) | BRF_ID_REG(c4,r3)","c1=label@5157;r1=R5;r2=R12;c2=int:1;r3=R56;r4=R128;c3=int:9;c4=label@2092","parseExec",2040
30,61600,4,1,7,over_3_symbols,"IADD_REG_REG_INT(r1,r1,c1) | ICOPY_REG_REG(r2,r1) | LOAD_REG_INT(r3,c2) | ILT_REG_REG_REG(r4,r1,r5)","r1=R19;c1=int:1;r2=R37;r3=R35;c2=int:0;r4=R44;r5=R40","parseExec",274
31,61600,4,1,6,over_3_symbols,"IADD_REG_REG_INT(r1,r1,c1) | ILT_REG_REG_INT(r2,r3,c1) | BRT_ID_REG(c2,r2) | IGT_REG_REG_INT(r2,r3,c3)","r1=R19;c1=int:1;r2=R47;r3=R6;c2=label@466;c3=int:6","parseExec",451
32,61600,4,1,6,over_3_symbols,"IADD_REG_REG_INT(r1,r1,c1) | ISUB_REG_REG_REG(r2,r3,r1) | IGT_REG_REG_REG(r2,r4,r2) | BRF_ID_REG(c2,r2)","r1=R19;c1=int:1;r2=R44;r3=R40;r4=R35;c2=label@384","parseExec",366
33,61600,4,1,8,over_3_symbols,"ICOPY_REG_REG(r1,r2) | ICOPY_REG_REG(r3,r4) | LOAD_REG_STRING(r5,c1) | ILTE_REG_REG_INT(r6,r3,c2)","r1=R46;r2=R19;r3=R45;r4=R35;r5=R44;c1=string@28800;r6=R47;c2=int:0","parseExec",387
34,61600,1,1,8,over_3_symbols,"ICOPY_REG_REG(r1,r2) | ICOPY_REG_REG(r3,r4) | SCOPY_REG_REG(r5,r6) | BRF_ID_REG(c1,r7)","r1=R15;r2=R0;r3=R16;r4=R1;r5=R17;r6=R2;c1=label@5152;r7=R5","parseExec",4528
35,61600,1,1,7,over_3_symbols,"ICOPY_REG_REG(r1,r2) | ICOPY_REG_REG(r3,r4) | SCOPY_REG_REG(r5,r6) | ICOPY_REG_REG(r2,r7)","r1=R5;r2=R15;r3=R6;r4=R16;r5=R7;r6=R17;r7=R0","parseExec",4519
36,61600,1,1,7,over_3_symbols,"ICOPY_REG_REG(r1,r2) | SCOPY_REG_REG(r3,r4) | ICOPY_REG_REG(r5,r6) | ICOPY_REG_REG(r2,r7)","r1=R6;r2=R16;r3=R7;r4=R17;r5=R15;r6=R0;r7=R1","parseExec",4522
37,61600,4,1,6,over_3_symbols,"ILT_REG_REG_INT(r1,r2,c1) | BRT_ID_REG(c2,r1) | IGT_REG_REG_REG(r1,r2,r3) | BRF_ID_REG(c3,r1)","r1=R44;r2=R19;c1=int:0;c2=label@190;r3=R40;c3=label@196","parseExec",179
38,61600,4,1,8,over_3_symbols,"ISUB_REG_REG_INT(r1,r2,c1) | IMULT_REG_REG_INT(r3,r4,c2) | IADD_REG_REG_REG(r4,r3,r1) | IADD_REG_REG_INT(r5,r5,c3)","r1=R34;r2=R33;c1=int:48;r3=R43;r4=R6;c2=int:10;r5=R19;c3=int:1","parseExec",239
39,61600,4,1,8,over_3_symbols,"SCOPY_REG_REG(r1,r2) | ICOPY_REG_REG(r3,r4) | ICOPY_REG_REG(r5,r6) | LOAD_REG_STRING(r7,c1)","r1=R43;r2=R39;r3=R46;r4=R19;r5=R45;r6=R35;r7=R44;c1=string@28800","parseExec",384
40,61600,1,1,7,over_3_symbols,"SCOPY_REG_REG(r1,r2) | ICOPY_REG_REG(r3,r4) | ICOPY_REG_REG(r5,r6) | SCOPY_REG_REG(r2,r7)","r1=R7;r2=R17;r3=R15;r4=R0;r5=R16;r6=R1;r7=R2","parseExec",4525
41,58922,6,3,7,over_3_symbols,"IGT_REG_REG_REG(r1,r2,r3) | BRT_ID_REG(c1,r1) | MINATTRS_REG_REG_INT(r4,r2,c2) | LINKATTR1_REG_REG_REG(r5,r4,r2)","r1=R26;r2=R29;r3=R27;c1=label@13577;r4=R42;c2=int:0;r5=R18","_address",13545
42,51800,1,1,7,over_3_symbols,"ICOPY_REG_REG(r1,r2) | SCOPY_REG_REG(r3,r4) | BRF_ID_REG(c1,r5) | NULL_REG(r6)","r1=R16;r2=R1;r3=R17;r4=R2;c1=label@5152;r5=R5;r6=R110","parseExec",4531
43,51800,1,1,6,over_3_symbols,"SCOPY_REG_REG(r1,r2) | BRF_ID_REG(c1,r3) | NULL_REG(r4) | NULL_REG(r5)","r1=R17;r2=R2;c1=label@5152;r3=R5;r4=R110;r5=R109","parseExec",4534
44,51800,3,1,7,over_3_symbols,"SCOPY_REG_REG(r1,r2) | IADD_REG_REG_REG(r3,r3,r4) | IGTE_REG_REG_REG(r5,r3,r6) | BRF_ID_REG(c1,r5)","r1=R17;r2=R45;r3=R19;r4=R54;r5=R49;r6=R50;c1=label@1050","parseExec",1033
45,49122,5,2,8,over_3_symbols,"BRT_ID_REG(c1,r1) | MINATTRS_REG_REG_INT(r2,r3,c2) | LINKATTR1_REG_REG_REG(r4,r2,r3) | REQ_REG_REG_REG(r5,r4,r6)","c1=label@13577;r1=R26;r2=R42;r3=R29;c2=int:0;r4=R18;r5=R17;r6=R19","_address",13549
46,49122,5,2,6,over_3_symbols,"LINKATTR1_REG_REG_REG(r1,r2,r3) | REQ_REG_REG_REG(r4,r1,r5) | UNLINK_REG(r1) | BRF_ID_REG(c1,r4)","r1=R18;r2=R42;r3=R29;r4=R17;r5=R19;c1=label@13574","_address",13556
47,49122,5,2,6,over_3_symbols,"MINATTRS_REG_REG_INT(r1,r2,c1) | LINKATTR1_REG_REG_REG(r3,r1,r2) | REQ_REG_REG_REG(r4,r3,r5) | UNLINK_REG(r3)","r1=R42;r2=R29;c1=int:0;r3=R18;r4=R17;r5=R19","_address",13552
48,47658,57,3,7,over_3_symbols,"LOAD_REG_INT(r1,c1) | SETTP_REG_INT(r2,c2) | SWAP_REG_REG(r3,r2) | SETTP_REG_INT(r4,c3)","r1=R47;c1=int:3;r2=R4;c2=int:256;r3=R48;r4=R49;c3=int:768","benchmark_rexxcps_levelb_opt",667
49,44068,5,1,8,over_3_symbols,"BRF_ID_REG(c1,r1) | LINKATTR1_REG_REG_INT(r2,r3,c2) | MINATTRS_REG_REG_INT(r2,r4,c3) | LINKATTR1_REG_REG_REG(r5,r2,r4)","c1=label@340;r1=R13;r2=R11;r3=R20;c2=int:5;r4=R1;c3=int:0;r5=R12","stem",244
50,42200,6,2,6,over_3_symbols,"NULL_REG(r1) | NULL_REG(r2) | SCOPY_REG_REG(r3,r4) | ICOPY_REG_REG(r5,r6)","r1=R2;r2=R29;r3=R0;r4=R15;r5=R3;r6=R24","trace",15780
51,42000,4,1,7,over_3_symbols,"IEQ_REG_REG_INT(r1,r2,c1) | BRF_ID_REG(c2,r1) | IEQ_REG_REG_INT(r1,r3,c3) | BRF_ID_REG(c4,r1)","r1=R56;r2=R44;c1=int:0;c2=label@593;r3=R45;c3=int:48;c4=label@598","parseExec",582
52,39092,6,3,5,over_3_symbols,"MINATTRS_REG_REG_INT(r1,r2,c1) | LINKATTR1_REG_REG_REG(r3,r1,r2) | SCOPY_REG_REG(r3,r4) | UNLINK_REG(r3)","r1=R10;r2=R14;c1=int:0;r3=R17;r4=R15","_address",7910
53,38145,10,8,4,over_3_symbols,"SETNUMFRM_INT(c1) | SETNUMCAS_INT(c1) | SETNUMSTD_INT(c1) | BRTPANDT_ID_REG_INT(c2,r1,c3)","c1=int:1;c2=label@8763;r1=R84;c3=int:256","_address",8747
54,33600,2,1,7,over_3_symbols,"ICOPY_REG_REG(r1,r2) | ILTE_REG_REG_REG(r3,r1,r4) | BRF_ID_REG(c1,r3) | ISUB_REG_REG_INT(r5,r1,c2)","r1=R116;r2=R113;r3=R110;r4=R118;c1=label@4359;r5=R114;c2=int:1","parseExec",4326
55,31286,4,3,7,over_3_symbols,"BRTPANDT_ID_REG_INT(c1,r1,c2) | LOAD_REG_STRING(r2,c3) | SETTP_REG_INT(r2,c4) | BR_ID(c5)","c1=label@37;r1=R15;c2=int:256;r2=R1;c3=string@312160;c4=int:0;c5=label@52","left",25
56,30942,31,3,6,over_3_symbols,"SETTP_REG_INT(r1,c1) | SWAP_REG_REG(r2,r1) | SETTP_REG_INT(r3,c2) | SETTP_REG_INT(r4,c2)","r1=R4;c1=int:256;r2=R48;r3=R49;c2=int:768;r4=R64","benchmark_rexxcps_levelb_opt",670
57,30800,4,1,5,over_3_symbols,"GETATTRS_REG_REG_INT(r1,r2,c1) | IADD_REG_REG_INT(r1,r1,c2) | MINATTRS_REG_REG_INT(r2,r1,c1) | LINKATTR1_REG_REG_REG(r3,r2,r1)","r1=R110;r2=R24;c1=int:0;c2=int:1;r3=R109","parseExec",4248
58,30800,1,1,8,over_3_symbols,"IEQ_REG_REG_INT(r1,r2,c1) | BRF_ID_REG(c2,r1) | RNE_REG_REG_STRING(r3,r4,c3) | BRF_ID_REG(c4,r3)","r1=R56;r2=R6;c1=int:1;c2=label@3195;r3=R55;r4=R18;c3=string@28800;c4=label@2318","parseExec",2092
59,30800,3,1,6,over_3_symbols,"IGTE_REG_REG_INT(r1,r2,c1) | BRF_ID_REG(c2,r1) | ILTE_REG_REG_INT(r1,r2,c3) | BRF_ID_REG(c4,r1)","r1=R47;r2=R6;c1=int:3;c2=label@503;c3=int:5;c4=label@734","parseExec",492
60,30800,1,1,7,over_3_symbols,"LOAD_REG_INT(r1,c1) | SCOPY_REG_REG(r2,r3) | ICOPY_REG_REG(r4,r5) | BR_ID(c2)","r1=R21;c1=int:0;r2=R18;r3=R7;r4=R4;r5=R8;c2=label@4519","parseExec",3184
61,30800,3,1,7,over_3_symbols,"NULL_REG(r1) | SCOPY_REG_REG(r2,r3) | ICOPY_REG_REG(r4,r5) | ICOPY_REG_REG(r6,r7)","r1=R78;r2=R80;r3=R29;r4=R79;r5=R27;r6=R39;r7=R8","parseExec",2924
62,30800,2,1,7,over_3_symbols,"STRLEN_REG_REG(r1,r2) | IEQ_REG_REG_INT(r3,r4,c1) | BRF_ID_REG(c2,r3) | IEQ_REG_REG_INT(r3,r1,c3)","r1=R52;r2=R17;r3=R49;r4=R16;c1=int:1;c2=label@1099;c3=int:0","parseExec",1085
63,30603,6,4,8,over_3_symbols,"ISUB_REG_REG_INT(r1,r2,c1) | IGT_REG_REG_REG(r3,r4,r1) | BRT_ID_REG(c2,r3) | STRCHAR_REG_REG_REG(r5,r6,r4)","r1=R59;r2=R21;c1=int:1;r3=R58;r4=R60;c2=label@1278;r5=R10;r6=R20","_typedformat",1171
64,30602,5,3,7,over_3_symbols,"LOAD_REG_INT(r1,c1) | ISUB_REG_REG_INT(r2,r3,c2) | IGT_REG_REG_REG(r4,r1,r2) | BRT_ID_REG(c3,r4)","r1=R60;c1=int:0;r2=R59;r3=R21;c2=int:1;r4=R58;c3=label@1278","_typedformat",1168
65,28485,3,2,6,over_3_symbols,"IEQ_REG_REG_INT(r1,r2,c1) | BRT_ID_REG(c2,r1) | IEQ_REG_REG_INT(r1,r2,c3) | BRF_ID_REG(c4,r1)","r1=R20;r2=R9;c1=int:76;c2=label@211;c3=int:66;c4=label@227","strip",200
66,28000,20,1,4,over_3_symbols,"MINATTRS_REG_INT(r1,c1) | LINKATTR1_REG_REG_INT(r2,r1,c1) | SCOPY_REG_REG(r3,r2) | UNLINK_REG(r2)","r1=R78;c1=int:1;r2=R77;r3=R43","benchmark_rexxcps_levelb_opt",1533
67,26184,3,1,8,over_3_symbols,"UNLINK_REG(r1) | BRF_ID_REG(c1,r2) | LINKATTR1_REG_REG_INT(r3,r4,c2) | MINATTRS_REG_REG_INT(r3,r5,c3)","r1=R11;c1=label@319;r2=R10;r3=R14;r4=R20;c2=int:9;r5=R1;c3=int:0","stem",265
68,26184,3,1,7,over_3_symbols,"UNLINK_REG(r1) | UNLINK_REG(r2) | BRF_ID_REG(c1,r3) | LINKATTR1_REG_REG_INT(r4,r5,c2)","r1=R12;r2=R11;c1=label@319;r3=R10;r4=R14;r5=R20;c2=int:9","stem",263
69,25446,5,5,6,over_3_symbols,"SETNUMSTD_INT(c1) | BRTPANDT_ID_REG_INT(c2,r1,c3) | SCOPY_REG_REG(r2,r1) | BR_ID(c4)","c1=int:2;c2=label@15;r1=R62;c3=int:512;r2=R28;c4=label@18","_typedformat",4
70,25444,4,4,5,over_3_symbols,"SETNUMCAS_INT(c1) | SETNUMSTD_INT(c1) | BRTPANDT_ID_REG_INT(c2,r1,c3) | SCOPY_REG_REG(r2,r1)","c1=int:1;c2=label@19;r1=R13;c3=int:512;r2=R8","left",6
71,25200,3,1,9,over_3_symbols,"ISUB_REG_REG_INT(r1,r2,c1) | ICOPY_REG_REG(r3,r4) | LOAD_REG_STRING(r5,c2) | ILTE_REG_REG_INT(r6,r3,c3)","r1=R105;r2=R109;c1=int:1;r3=R106;r4=R110;r5=R108;c2=string@28800;r6=R104;c3=int:0","parseExec",4206
72,25200,3,1,9,over_3_symbols,"SCOPY_REG_REG(r1,r2) | ISUB_REG_REG_INT(r3,r4,c1) | ICOPY_REG_REG(r5,r6) | LOAD_REG_STRING(r7,c2)","r1=R107;r2=R111;r3=R105;r4=R109;c1=int:1;r5=R106;r6=R110;r7=R108;c2=string@28800","parseExec",4203
73,23630,16,3,4,over_3_symbols,"ASSERTINITIALIZED_REG(r1) | SETNUMDGTS_INT(c1) | SETNUMFUZ_INT(c2) | SETNUMFRM_INT(c3)","r1=R16;c1=int:18;c2=int:0;c3=int:1","_address",5675
74,22637,18,4,2,candidate,"SETNUMFRM_INT(c1) | SETNUMCAS_INT(c1) | SETNUMSTD_INT(c1) | NULL_REG(r1)","c1=int:1;r1=R3","_address",5607
75,21206,5,3,3,candidate,"SETNUMCAS_INT(c1) | SETNUMSTD_INT(c1) | NULL_REG(r1) | NULL_REG(r2)","c1=int:1;r1=R3;r2=R4","_address",15089
76,21142,24,3,8,over_3_symbols,"SWAP_REG_REG(r1,r2) | SETTP_REG_INT(r3,c1) | SETTP_REG_INT(r4,c1) | CALL_REG_FUNC_REG(r5,c2,r6)","r1=R58;r2=R4;r3=R59;c1=int:768;r4=R60;r5=R55;c2=func@40696;r6=R57","benchmark_rexxcps_levelb_opt",1167
77,21000,2,1,6,over_3_symbols,"IADD_REG_REG_INT(r1,r1,c1) | MINATTRS_REG_REG_INT(r2,r1,c2) | LINKATTR1_REG_REG_REG(r3,r2,r1) | SCOPY_REG_REG(r3,r4)","r1=R110;c1=int:1;r2=R24;c2=int:0;r3=R109;r4=R103","parseExec",4252
78,21000,1,1,8,over_3_symbols,"ICOPY_REG_REG(r1,r2) | LOAD_REG_STRING(r3,c1) | LOAD_REG_INT(r4,c2) | ICOPY_REG_REG(r5,r6)","r1=R8;r2=R10;r3=R18;c1=string@28800;r4=R4;c2=int:0;r5=R5;r6=R15","parseExec",4510
79,21000,1,1,6,over_3_symbols,"IEQ_REG_REG_INT(r1,r2,c1) | BRT_ID_REG(c2,r1) | IEQ_REG_REG_INT(r1,r2,c3) | BRT_ID_REG(c4,r1)","r1=R91;r2=R6;c1=int:3;c2=label@3598;c3=int:4;c4=label@3609","parseExec",3587
80,21000,2,1,6,over_3_symbols,"LINKATTR1_REG_REG_REG(r1,r2,r3) | SCOPY_REG_REG(r1,r4) | UNLINK_REG(r1) | COPY_REG_REG(r5,r6)","r1=R109;r2=R24;r3=R110;r4=R103;r5=R10;r6=R97","parseExec",4260
81,21000,1,1,8,over_3_symbols,"LOAD_REG_INT(r1,c1) | ICOPY_REG_REG(r2,r3) | ICOPY_REG_REG(r4,r5) | SCOPY_REG_REG(r6,r7)","r1=R4;c1=int:0;r2=R5;r3=R15;r4=R6;r5=R16;r6=R7;r7=R17","parseExec",4516
82,21000,1,1,8,over_3_symbols,"LOAD_REG_STRING(r1,c1) | LOAD_REG_INT(r2,c2) | ICOPY_REG_REG(r3,r4) | ICOPY_REG_REG(r5,r6)","r1=R18;c1=string@28800;r2=R4;c2=int:0;r3=R5;r4=R15;r5=R6;r6=R16","parseExec",4513
83,19600,1,1,7,over_3_symbols,"BRT_ID_REG(c1,r1) | IEQ_REG_REG_INT(r1,r2,c2) | BRT_ID_REG(c3,r1) | IEQ_REG_REG_INT(r3,r2,c4)","c1=label@3598;r1=R91;r2=R6;c2=int:4;c3=label@3609;r3=R90;c4=int:5","parseExec",3591
84,19600,1,1,7,over_3_symbols,"COPY_REG_REG(r1,r2) | ICOPY_REG_REG(r3,r1) | LOAD_REG_STRING(r4,c1) | LOAD_REG_INT(r5,c2)","r1=R10;r2=R112;r3=R8;r4=R18;c1=string@28800;r5=R4;c2=int:0","parseExec",4507
85,19600,1,1,6,over_3_symbols,"ICOPY_REG_REG(r1,r2) | ICOPY_REG_REG(r3,r1) | ILTE_REG_REG_REG(r4,r3,r5) | BRF_ID_REG(c1,r4)","r1=R113;r2=R4;r3=R116;r4=R110;r5=R118;c1=label@4359","parseExec",4323
86,19600,1,1,6,over_3_symbols,"ICOPY_REG_REG(r1,r2) | ICOPY_REG_REG(r3,r4) | ICOPY_REG_REG(r5,r3) | ILTE_REG_REG_REG(r6,r5,r1)","r1=R118;r2=R27;r3=R113;r4=R4;r5=R116;r6=R110","parseExec",4320
87,19600,2,1,7,over_3_symbols,"IEQ_REG_REG_INT(r1,r2,c1) | BRF_ID_REG(c2,r1) | RNE_REG_REG_STRING(r1,r3,c3) | BRF_ID_REG(c4,r1)","r1=R49;r2=R1;c1=int:6;c2=label@1965;r3=R2;c3=string@2245136;c4=label@1971","parseExec",1954
88,19600,1,1,8,over_3_symbols,"IEQ_REG_REG_INT(r1,r2,c1) | BRT_ID_REG(c2,r1) | IEQ_REG_REG_INT(r3,r2,c3) | BRTF_ID_ID_REG(c4,c5,r3)","r1=R91;r2=R6;c1=int:4;c2=label@3609;r3=R90;c3=int:5;c4=label@3615;c5=label@4307","parseExec",3594
89,19600,1,1,7,over_3_symbols,"IEQ_REG_REG_REG(r1,r2,r3) | BRF_ID_REG(c1,r1) | LOAD_REG_INT(r4,c2) | BR_ID(c3)","r1=R90;r2=R19;r3=R104;c1=label@4570;r4=R89;c2=int:0;c3=label@5147","parseExec",4558
90,19600,2,1,6,over_3_symbols,"LINKATTR1_REG_REG_REG(r1,r2,r3) | IEQ_REG_REG_INT(r4,r1,c1) | UNLINK_REG(r1) | BRF_ID_REG(c2,r4)","r1=R52;r2=R22;r3=R55;r4=R51;c1=int:8;c2=label@2659","parseExec",2489
91,19600,2,1,6,over_3_symbols,"MINATTRS_REG_REG_INT(r1,r2,c1) | LINKATTR1_REG_REG_REG(r3,r1,r2) | IEQ_REG_REG_INT(r4,r3,c2) | UNLINK_REG(r3)","r1=R22;r2=R55;c1=int:0;r3=R52;r4=R51;c2=int:8","parseExec",2485
92,19600,1,1,7,over_3_symbols,"SCOPY_REG_REG(r1,r2) | ICOPY_REG_REG(r3,r4) | ICOPY_REG_REG(r5,r6) | ICOPY_REG_REG(r7,r5)","r1=R119;r2=R29;r3=R118;r4=R27;r5=R113;r6=R4;r7=R116","parseExec",4317
93,19600,1,1,5,over_3_symbols,"SCOPY_REG_REG(r1,r2) | UNLINK_REG(r1) | COPY_REG_REG(r3,r4) | ICOPY_REG_REG(r5,r3)","r1=R108;r2=R120;r3=R10;r4=R112;r5=R8","parseExec",4502
94,19600,1,1,7,over_3_symbols,"STRLEN_REG_REG(r1,r2) | IEQ_REG_REG_REG(r3,r4,r1) | BRF_ID_REG(c1,r3) | LOAD_REG_INT(r5,c2)","r1=R104;r2=R105;r3=R90;r4=R19;c1=label@4570;r5=R89;c2=int:0","parseExec",4555
95,19600,1,1,6,over_3_symbols,"UNLINK_REG(r1) | COPY_REG_REG(r2,r3) | ICOPY_REG_REG(r4,r2) | LOAD_REG_STRING(r5,c1)","r1=R108;r2=R10;r3=R112;r4=R8;r5=R18;c1=string@28800","parseExec",4505
96,19400,2,1,7,over_3_symbols,"COPY_REG_REG(r1,r2) | SCOPY_REG_REG(r3,r4) | LOAD_REG_INT(r5,c1) | STRLEN_REG_REG(r6,r3)","r1=R8;r2=R20;r3=R6;r4=R21;r5=R5;c1=int:0;r6=R7","stem",164
97,19400,2,1,7,over_3_symbols,"IADD_REG_REG_INT(r1,r2,c1) | LINKATTR1_REG_REG_INT(r3,r4,c1) | SETATTRS_REG_INT(r3,c2) | LINKATTR1_REG_REG_REG(r5,r3,r1)","r1=R0;r2=R5;c1=int:1;r3=R12;r4=R20;c2=int:256;r5=R13","stem",218
98,19400,2,1,7,over_3_symbols,"LINKATTR1_REG_REG_INT(r1,r2,c1) | SETATTRS_REG_INT(r1,c2) | LINKATTR1_REG_REG_REG(r3,r1,r4) | ICOPY_REG_REG(r5,r3)","r1=R12;r2=R20;c1=int:1;c2=int:256;r3=R13;r4=R0;r5=R1","stem",222
99,19400,2,1,4,over_3_symbols,"LINKATTR1_REG_REG_REG(r1,r2,r3) | ICOPY_REG_REG(r4,r1) | UNLINK_REG(r1) | UNLINK_REG(r2)","r1=R13;r2=R12;r3=R0;r4=R1","stem",229
100,19400,2,1,7,over_3_symbols,"LOAD_REG_INT(r1,c1) | STRLEN_REG_REG(r2,r3) | LOAD_REG_INT(r4,c1) | ISUB_REG_REG_INT(r5,r2,c2)","r1=R5;c1=int:0;r2=R7;r3=R6;r4=R9;r5=R10;c2=int:1","stem",170
101,19400,2,1,7,over_3_symbols,"NULL_REG(r1) | COPY_REG_REG(r2,r3) | SCOPY_REG_REG(r4,r5) | LOAD_REG_INT(r6,c1)","r1=R7;r2=R8;r3=R20;r4=R6;r5=R21;r6=R5;c1=int:0","stem",162
102,19400,2,1,6,over_3_symbols,"NULL_REG(r1) | NULL_REG(r2) | COPY_REG_REG(r3,r4) | SCOPY_REG_REG(r5,r6)","r1=R4;r2=R7;r3=R8;r4=R20;r5=R6;r6=R21","stem",160
103,19400,2,1,6,over_3_symbols,"SCOPY_REG_REG(r1,r2) | LOAD_REG_INT(r3,c1) | STRLEN_REG_REG(r4,r1) | LOAD_REG_INT(r5,c1)","r1=R6;r2=R21;r3=R5;c1=int:0;r4=R7;r5=R9","stem",167
104,19400,2,1,5,over_3_symbols,"SETATTRS_REG_INT(r1,c1) | LINKATTR1_REG_REG_REG(r2,r1,r3) | ICOPY_REG_REG(r4,r2) | UNLINK_REG(r2)","r1=R12;c1=int:256;r2=R13;r3=R0;r4=R1","stem",226
105,19400,2,1,7,over_3_symbols,"STRLEN_REG_REG(r1,r2) | LOAD_REG_INT(r3,c1) | ISUB_REG_REG_INT(r4,r1,c2) | IGT_REG_REG_REG(r5,r3,r4)","r1=R7;r2=R6;r3=R9;c1=int:0;r4=R10;c2=int:1;r5=R11","stem",173
106,18606,2,2,3,candidate,"SETNUMFRM_INT(c1) | SETNUMCAS_INT(c1) | SETNUMSTD_INT(c1) | BNE_ID_REG_INT(c2,r1,c1)","c1=int:1;c2=label@16356;r1=R11","_address",16345
107,18604,2,2,3,candidate,"SETNUMCAS_INT(c1) | SETNUMSTD_INT(c1) | BNE_ID_REG_INT(c2,r1,c1) | RET()","c1=int:1;c2=label@16356;r1=R11","_address",16347
108,18200,2,1,7,over_3_symbols,"ICOPY_REG_REG(r1,r2) | ISUB_REG_REG_REG(r3,r4,r2) | ILTE_REG_REG_INT(r5,r3,c1) | BRF_ID_REG(c2,r5)","r1=R109;r2=R93;r3=R110;r4=R97;r5=R108;c1=int:0;c2=label@4203","parseExec",4181
109,18200,13,1,5,over_3_symbols,"LINKATTR1_REG_REG_INT(r1,r2,c1) | SCOPY_REG_REG(r3,r1) | UNLINK_REG(r1) | MINATTRS_REG_INT(r2,c2)","r1=R77;r2=R78;c1=int:1;r3=R43;c2=int:2","benchmark_rexxcps_levelb_opt",1536
110,18200,2,1,8,over_3_symbols,"SCOPY_REG_REG(r1,r2) | ICOPY_REG_REG(r3,r4) | ISUB_REG_REG_REG(r5,r6,r4) | ILTE_REG_REG_INT(r7,r5,c1)","r1=R111;r2=R101;r3=R109;r4=R93;r5=R110;r6=R97;r7=R108;c1=int:0","parseExec",4178
111,18200,13,1,4,over_3_symbols,"SCOPY_REG_REG(r1,r2) | UNLINK_REG(r2) | MINATTRS_REG_INT(r3,c1) | LINKATTR1_REG_REG_INT(r2,r3,c1)","r1=R43;r2=R77;r3=R78;c1=int:2","benchmark_rexxcps_levelb_opt",1540
112,18200,13,1,4,over_3_symbols,"UNLINK_REG(r1) | MINATTRS_REG_INT(r2,c1) | LINKATTR1_REG_REG_INT(r1,r2,c1) | SCOPY_REG_REG(r3,r1)","r1=R77;r2=R78;c1=int:2;r3=R44","benchmark_rexxcps_levelb_opt",1543
113,17884,2,1,7,over_3_symbols,"IGT_REG_REG_INT(r1,r2,c1) | BRF_ID_REG(c2,r1) | LINKATTR1_REG_REG_INT(r3,r4,c3) | MINATTRS_REG_REG_INT(r3,r2,c1)","r1=R13;r2=R1;c1=int:0;c2=label@340;r3=R11;r4=R20;c3=int:5","stem",240
114,17884,2,1,8,over_3_symbols,"LINKATTR1_REG_REG_INT(r1,r2,c1) | MINATTRS_REG_REG_INT(r1,r3,c2) | LINKATTR1_REG_REG_REG(r4,r1,r3) | LINKATTR1_REG_REG_INT(r5,r2,c3)","r1=R14;r2=R20;c1=int:9;r3=R1;c2=int:0;r4=R9;r5=R15;c3=int:3","stem",270
115,17884,2,1,8,over_3_symbols,"LINKATTR1_REG_REG_INT(r1,r2,c1) | MINATTRS_REG_REG_INT(r1,r3,c2) | LINKATTR1_REG_REG_REG(r4,r1,r3) | SEQ_REG_REG_REG(r5,r4,r6)","r1=R11;r2=R20;c1=int:5;r3=R1;c2=int:0;r4=R12;r5=R10;r6=R21","stem",247
116,17884,2,1,5,over_3_symbols,"LINKATTR1_REG_REG_REG(r1,r2,r3) | SEQ_REG_REG_REG(r4,r1,r5) | UNLINK_REG(r1) | UNLINK_REG(r2)","r1=R12;r2=R11;r3=R1;r4=R10;r5=R21","stem",255
117,17884,2,1,6,over_3_symbols,"MINATTRS_REG_REG_INT(r1,r2,c1) | LINKATTR1_REG_REG_REG(r3,r1,r2) | SEQ_REG_REG_REG(r4,r3,r5) | UNLINK_REG(r3)","r1=R11;r2=R1;c1=int:0;r3=R12;r4=R10;r5=R21","stem",251
118,17884,2,1,5,over_3_symbols,"SEQ_REG_REG_REG(r1,r2,r3) | UNLINK_REG(r2) | UNLINK_REG(r4) | BRF_ID_REG(c1,r1)","r1=R10;r2=R12;r3=R21;r4=R11;c1=label@319","stem",259
119,17242,3,3,7,over_3_symbols,"IEQ_REG_REG_INT(r1,r2,c1) | BRF_ID_REG(c2,r1) | IEQ_REG_REG_REG(r1,r3,r4) | BRF_ID_REG(c3,r1)","r1=R49;r2=R53;c1=int:0;c2=label@908;r3=R60;r4=R51;c3=label@919","benchmark_rexxcps_levelb_opt",897
120,17000,2,2,7,over_3_symbols,"STRCHAR_REG_REG_REG(r1,r2,r3) | INE_REG_REG_INT(r4,r1,c1) | BRF_ID_REG(c2,r4) | BR_ID(c3)","r1=R4;r2=R5;r3=R10;r4=R14;c1=int:63;c2=label@15239;c3=label@15245","trace",15226
121,16800,1,1,9,over_3_symbols,"BRF_ID_REG(c1,r1) | ISUB_REG_REG_INT(r2,r3,c2) | STRCHAR_REG_REG_REG(r4,r5,r2) | INE_REG_REG_INT(r6,r4,c3)","c1=label@4359;r1=R110;r2=R114;r3=R116;c2=int:1;r4=R115;r5=R119;r6=R109;c3=int:32","parseExec",4333
122,16800,1,1,8,over_3_symbols,"ISUB_REG_REG_INT(r1,r2,c1) | STRCHAR_REG_REG_REG(r3,r4,r1) | INE_REG_REG_INT(r5,r3,c2) | BRF_ID_REG(c3,r5)","r1=R114;r2=R116;c1=int:1;r3=R115;r4=R119;r5=R109;c2=int:32;c3=label@4353","parseExec",4336
123,16421,29,3,5,over_3_symbols,"LOAD_REG_INT(r1,c1) | LINKATTR1_REG_REG_INT(r2,r3,c2) | ICOPY_REG_REG(r2,r1) | UNLINK_REG(r2)","r1=R8;c1=int:0;r2=R7;r3=R6;c2=int:4","_address",7788
124,15642,1,1,7,over_3_symbols,"BRF_ID_REG(c1,r1) | INE_REG_REG_INT(r1,r2,c2) | BRF_ID_REG(c3,r1) | INE_REG_REG_INT(r3,r2,c4)","c1=label@142;r1=R18;r2=R9;c2=int:84;c3=label@153;r3=R19;c4=int:66","strip",135
125,15642,1,1,8,over_3_symbols,"GETANDTP_REG_REG_INT(r1,r2,c1) | LOAD_REG_STRING(r3,c2) | LOAD_REG_INT(r4,c3) | LOAD_REG_STRING(r5,c2)","r1=R2;r2=R0;c1=int:256;r3=R7;c2=string@28800;r4=R14;c3=int:0;r5=R11","strip",98
126,15642,1,1,6,over_3_symbols,"INE_REG_REG_INT(r1,r2,c1) | BRF_ID_REG(c2,r1) | INE_REG_REG_INT(r1,r2,c3) | BRF_ID_REG(c4,r1)","r1=R18;r2=R9;c1=int:76;c2=label@142;c3=int:84;c4=label@153","strip",131
127,15642,1,1,8,over_3_symbols,"INE_REG_REG_INT(r1,r2,c1) | BRF_ID_REG(c2,r1) | INE_REG_REG_INT(r3,r2,c3) | BRTF_ID_ID_REG(c4,c5,r3)","r1=R18;r2=R9;c1=int:84;c2=label@153;r3=R19;c3=int:66;c4=label@159;c5=label@162","strip",138
128,15642,1,1,7,over_3_symbols,"LOAD_REG_INT(r1,c1) | LOAD_REG_STRING(r2,c2) | STRLEN_REG_REG(r3,r4) | IEQ_REG_REG_INT(r5,r3,c1)","r1=R14;c1=int:0;r2=R11;c2=string@28800;r3=R10;r4=R8;r5=R18","strip",105
129,15642,1,1,7,over_3_symbols,"LOAD_REG_STRING(r1,c1) | LOAD_REG_INT(r2,c2) | LOAD_REG_STRING(r3,c1) | STRLEN_REG_REG(r4,r5)","r1=R7;c1=string@28800;r2=R14;c2=int:0;r3=R11;r4=R10;r5=R8","strip",102
130,15642,1,1,7,over_3_symbols,"LOAD_REG_STRING(r1,c1) | STRLEN_REG_REG(r2,r3) | IEQ_REG_REG_INT(r4,r2,c2) | BRF_ID_REG(c3,r4)","r1=R11;c1=string@28800;r2=R10;r3=R8;r4=R18;c2=int:0;c3=label@124","strip",108
131,15642,1,1,8,over_3_symbols,"NULL_REG(r1) | GETANDTP_REG_REG_INT(r2,r3,c1) | LOAD_REG_STRING(r4,c2) | LOAD_REG_INT(r5,c3)","r1=R17;r2=R2;r3=R0;c1=int:256;r4=R7;c2=string@28800;r5=R14;c3=int:0","strip",96
132,15642,1,1,7,over_3_symbols,"NULL_REG(r1) | NULL_REG(r2) | GETANDTP_REG_REG_INT(r3,r4,c1) | LOAD_REG_STRING(r5,c2)","r1=R16;r2=R17;r3=R2;r4=R0;c1=int:256;r5=R7;c2=string@28800","strip",94
133,15642,1,1,6,over_3_symbols,"NULL_REG(r1) | NULL_REG(r2) | NULL_REG(r3) | GETANDTP_REG_REG_INT(r4,r5,c1)","r1=R13;r2=R16;r3=R17;r4=R2;r5=R0;c1=int:256","strip",92
134,15642,1,1,7,over_3_symbols,"STRCHAR_REG_REG_REG(r1,r2,r3) | INE_REG_REG_INT(r4,r1,c1) | BRF_ID_REG(c2,r4) | INE_REG_REG_INT(r4,r1,c3)","r1=R9;r2=R7;r3=R14;r4=R18;c1=int:76;c2=label@142;c3=int:84","strip",127
135,15642,1,1,7,over_3_symbols,"STRUPPER_REG_REG(r1,r2) | STRCHAR_REG_REG_REG(r3,r1,r4) | INE_REG_REG_INT(r5,r3,c1) | BRF_ID_REG(c2,r5)","r1=R7;r2=R8;r3=R9;r4=R14;r5=R18;c1=int:76;c2=label@142","strip",124
136,15426,19,1,5,over_3_symbols,"SWAP_REG_REG(r1,r2) | LOAD_REG_STRING(r3,c1) | STRUPPER_REG_REG(r3,r4) | COPY_REG_REG(r4,r3)","r1=R2;r2=R5;r3=R8;c1=string@28800;r4=R3","_address",5637
137,15412,9,1,4,over_3_symbols,"LOAD_REG_STRING(r1,c1) | STRUPPER_REG_REG(r1,r2) | COPY_REG_REG(r2,r1) | COPY_REG_REG(r3,r2)","r1=R28;c1=string@28800;r2=R23;r3=R1","_address",8838
138,14242,1,1,7,over_3_symbols,"BRF_ID_REG(c1,r1) | IEQ_REG_REG_INT(r2,r3,c2) | BRT_ID_REG(c3,r2) | IEQ_REG_REG_INT(r2,r3,c4)","c1=label@264;r1=R19;r2=R20;r3=R9;c2=int:76;c3=label@211;c4=int:66","strip",197
139,14242,1,1,6,over_3_symbols,"BRF_ID_REG(c1,r1) | IEQ_REG_REG_REG(r1,r2,r3) | BRF_ID_REG(c2,r1) | RET_REG(r4)","c1=label@359;r1=R22;r2=R4;r3=R16;c2=label@364;r4=R15","strip",352
140,14242,1,1,8,over_3_symbols,"BRF_ID_REG(c1,r1) | ISUB_REG_INT_REG(r2,c2,r3) | FNDNBLNK_REG_REG_REG(r4,r5,r2) | ILT_REG_REG_INT(r6,r4,c2)","c1=label@348;r1=R21;r2=R12;c2=int:0;r3=R16;r4=R6;r5=R15;r6=R20","strip",238
141,14242,1,1,6,over_3_symbols,"BRF_ID_REG(c1,r1) | LOAD_REG_INT(r2,c2) | FNDNBLNK_REG_REG_REG(r3,r4,r2) | BGE_ID_REG_INT(c1,r3,c2)","c1=label@227;r1=R20;r2=R12;c2=int:0;r3=R14;r4=R15","strip",211
142,14242,1,1,8,over_3_symbols,"BRT_ID_REG(c1,r1) | IEQ_REG_REG_INT(r1,r2,c2) | BRF_ID_REG(c3,r1) | ISUB_REG_INT_REG(r3,c4,r4)","c1=label@238;r1=R21;r2=R9;c2=int:66;c3=label@348;r3=R12;c4=int:0;r4=R16","strip",231
143,14242,1,1,7,over_3_symbols,"BRT_ID_REG(c1,r1) | IEQ_REG_REG_INT(r1,r2,c2) | BRF_ID_REG(c3,r1) | LOAD_REG_INT(r3,c4)","c1=label@211;r1=R20;r2=R9;c2=int:66;c3=label@227;r3=R12;c4=int:0","strip",204
144,14242,1,1,9,over_3_symbols,"IEQ_REG_REG_INT(r1,r2,c1) | BRF_ID_REG(c2,r1) | ISUB_REG_INT_REG(r3,c3,r4) | FNDNBLNK_REG_REG_REG(r5,r6,r3)","r1=R21;r2=R9;c1=int:66;c2=label@348;r3=R12;c3=int:0;r4=R16;r5=R6;r6=R15","strip",234
145,14242,1,1,8,over_3_symbols,"IEQ_REG_REG_INT(r1,r2,c1) | BRF_ID_REG(c2,r1) | LOAD_REG_INT(r3,c3) | FNDNBLNK_REG_REG_REG(r4,r5,r3)","r1=R20;r2=R9;c1=int:66;c2=label@227;r3=R12;c3=int:0;r4=R14;r5=R15","strip",207
146,14242,1,1,7,over_3_symbols,"ISUB_REG_INT_REG(r1,c1,r2) | FNDNBLNK_REG_REG_REG(r3,r4,r1) | ILT_REG_REG_INT(r5,r3,c1) | BRF_ID_REG(c2,r5)","r1=R12;c1=int:0;r2=R16;r3=R6;r4=R15;r5=R20;c2=label@258","strip",241
147,14242,1,1,7,over_3_symbols,"NOT_REG_REG(r1,r2) | BRF_ID_REG(c1,r1) | IEQ_REG_REG_INT(r3,r4,c2) | BRT_ID_REG(c3,r3)","r1=R19;r2=R2;c1=label@264;r3=R20;r4=R9;c2=int:76;c3=label@211","strip",194
148,14042,19,2,6,over_3_symbols,"NULL_REG(r1) | SCOPY_REG_REG(r2,r3) | LOAD_REG_INT(r4,c1) | SETTP_REG_INT(r2,c2)","r1=R3;r2=R2;r3=R15;r4=R4;c1=int:3;c2=int:256","_address",5613
149,14042,19,2,6,over_3_symbols,"SCOPY_REG_REG(r1,r2) | LOAD_REG_INT(r3,c1) | SETTP_REG_INT(r1,c2) | SWAP_REG_REG(r4,r1)","r1=R2;r2=R15;r3=R4;c1=int:3;c2=int:256;r4=R5","_address",5615
150,14000,1,1,7,over_3_symbols,"BGT_ID_REG_REG(c1,r1,r2) | IADD_REG_REG_INT(r1,r1,c2) | GETATTRS_REG_REG_INT(r3,r4,c3) | IADD_REG_REG_INT(r3,r3,c2)","c1=label@4486;r1=R112;r2=R118;c2=int:1;r3=R109;r4=R24;c3=int:0","parseExec",4478
151,14000,1,1,5,over_3_symbols,"IADD_REG_REG_INT(r1,r1,c1) | GETATTRS_REG_REG_INT(r2,r3,c2) | IADD_REG_REG_INT(r2,r2,c1) | MINATTRS_REG_REG_INT(r3,r2,c2)","r1=R112;c1=int:1;r2=R109;r3=R24;c2=int:0","parseExec",4482
152,14000,1,1,9,over_3_symbols,"SCOPY_REG_REG(r1,r2) | BGT_ID_REG_REG(c1,r3,r4) | IADD_REG_REG_INT(r3,r3,c2) | GETATTRS_REG_REG_INT(r5,r6,c3)","r1=R120;r2=R106;c1=label@4486;r3=R112;r4=R118;c2=int:1;r5=R109;r6=R24;c3=int:0","parseExec",4475
153,12601,3,3,6,over_3_symbols,"LOAD_REG_INT(r1,c1) | LOAD_REG_INT(r2,c1) | LOAD_REG_INT(r3,c1) | LOAD_REG_STRING(r4,c2)","r1=R54;c1=int:0;r2=R56;r3=R55;r4=R60;c2=string@464","benchmark_rexxcps_levelb_opt",993
154,12600,2,2,8,over_3_symbols,"IEQ_REG_REG_INT(r1,r2,c1) | BRF_ID_REG(c2,r1) | ILT_REG_REG_INT(r3,r4,c3) | BRF_ID_REG(c4,r3)","r1=R52;r2=R61;c1=int:1;c2=label@1072;r3=R51;r4=R56;c3=int:0;c4=label@1056","benchmark_rexxcps_levelb_opt",1039
155,12516,23,2,8,over_3_symbols,"SETTP_REG_INT(r1,c1) | SWAP_REG_REG(r2,r1) | SETTP_REG_INT(r3,c2) | CALL_REG_FUNC_REG(r4,c3,r5)","r1=R4;c1=int:256;r2=R65;r3=R66;c2=int:768;r4=R61;c3=func@41248;r5=R64","benchmark_rexxcps_levelb_opt",704
156,12500,1,1,4,over_3_symbols,"ICOPY_REG_REG(r1,r2) | UNLINK_REG(r2) | UNLINK_REG(r3) | IGT_REG_REG_INT(r2,r1,c1)","r1=R1;r2=R13;r3=R12;c1=int:0","stem",233
157,12500,1,1,5,over_3_symbols,"SETNUMSTD_INT(c1) | NULL_REG(r1) | NULL_REG(r2) | COPY_REG_REG(r3,r4)","c1=int:1;r1=R4;r2=R7;r3=R8;r4=R20","stem",158
158,12500,1,1,5,over_3_symbols,"UNLINK_REG(r1) | UNLINK_REG(r2) | IGT_REG_REG_INT(r1,r3,c1) | BRF_ID_REG(c2,r1)","r1=R13;r2=R12;r3=R1;c1=int:0;c2=label@340","stem",236
159,11212,6,1,5,over_3_symbols,"NULL_REG(r1) | SCOPY_REG_REG(r2,r3) | NULL_REG(r4) | SCOPY_REG_REG(r5,r2)","r1=R19;r2=R20;r3=R1;r4=R25;r5=R24","_address",13494
160,11212,6,1,6,over_3_symbols,"SCOPY_REG_REG(r1,r2) | NULL_REG(r3) | SCOPY_REG_REG(r4,r1) | LOAD_REG_INT(r5,c1)","r1=R20;r2=R1;r3=R25;r4=R24;r5=R26;c1=int:3","_address",13496
161,11200,2,1,6,over_3_symbols,"BRF_ID_REG(c1,r1) | ILTE_REG_REG_INT(r1,r2,c2) | BRF_ID_REG(c3,r1) | NULL_REG(r3)","c1=label@503;r1=R47;r2=R6;c2=int:5;c3=label@734;r3=R46","parseExec",496
162,11200,2,1,8,over_3_symbols,"BRT_ID_REG(c1,r1) | STRCHAR_REG_REG_REG(r2,r3,r4) | ILT_REG_REG_INT(r5,r2,c2) | BRT_ID_REG(c3,r5)","c1=label@612;r1=R54;r2=R45;r3=R50;r4=R53;r5=R55;c2=int:48;c3=label@571","parseExec",553
163,11200,2,1,7,over_3_symbols,"IEQ_REG_REG_INT(r1,r2,c1) | BRF_ID_REG(c2,r1) | IADD_REG_REG_INT(r2,r3,c3) | BCTP_ID_REG(c4,r3)","r1=R56;r2=R44;c1=int:0;c2=label@609;r3=R53;c3=int:1;c4=label@549","parseExec",598
164,11200,2,1,8,over_3_symbols,"IGT_REG_REG_REG(r1,r2,r3) | BRT_ID_REG(c1,r1) | STRCHAR_REG_REG_REG(r4,r5,r2) | ILT_REG_REG_INT(r6,r4,c2)","r1=R54;r2=R53;r3=R52;c1=label@612;r4=R45;r5=R50;r6=R55;c2=int:48","parseExec",549
165,11200,2,1,6,over_3_symbols,"ILTE_REG_REG_INT(r1,r2,c1) | BRF_ID_REG(c2,r1) | NULL_REG(r3) | NULL_REG(r4)","r1=R47;r2=R6;c1=int:5;c2=label@734;r3=R46;r4=R45","parseExec",499
166,11200,2,1,7,over_3_symbols,"ILT_REG_REG_INT(r1,r2,c1) | BRF_ID_REG(c2,r1) | LOAD_REG_INT(r3,c3) | BR_ID(c4)","r1=R56;r2=R49;c1=int:19;c2=label@644;r3=R55;c3=int:1;c4=label@725","parseExec",632
167,11200,2,1,7,over_3_symbols,"ISUB_REG_REG_INT(r1,r1,c1) | ISUB_REG_REG_REG(r2,r3,r1) | ILT_REG_REG_INT(r4,r2,c2) | BRF_ID_REG(c3,r4)","r1=R44;c1=int:1;r2=R49;r3=R51;r4=R56;c2=int:19;c3=label@644","parseExec",624
168,11200,2,1,8,over_3_symbols,"ISUB_REG_REG_REG(r1,r2,r3) | ILT_REG_REG_INT(r4,r1,c1) | BRF_ID_REG(c2,r4) | LOAD_REG_INT(r5,c3)","r1=R49;r2=R51;r3=R44;r4=R56;c1=int:19;c2=label@644;r5=R55;c3=int:1","parseExec",628
169,11200,2,1,7,over_3_symbols,"LOAD_REG_INT(r1,c1) | LOAD_REG_INT(r2,c1) | ISUB_REG_REG_INT(r3,r4,c2) | IGT_REG_REG_REG(r5,r2,r3)","r1=R44;c1=int:0;r2=R53;r3=R52;r4=R51;c2=int:1;r5=R54","parseExec",539
170,11200,2,1,7,over_3_symbols,"NULL_REG(r1) | SCOPY_REG_REG(r2,r3) | ICOPY_REG_REG(r4,r5) | IEQ_REG_REG_INT(r6,r4,c1)","r1=R49;r2=R50;r3=R7;r4=R51;r5=R38;r6=R52;c1=int:0","parseExec",516
171,11200,2,1,7,over_3_symbols,"SCOPY_REG_REG(r1,r2) | ICOPY_REG_REG(r3,r4) | IEQ_REG_REG_INT(r5,r3,c1) | BRF_ID_REG(c2,r5)","r1=R50;r2=R7;r3=R51;r4=R38;r5=R52;c1=int:0;c2=label@539","parseExec",518
172,11200,2,1,6,over_3_symbols,"STOI_REG(r1) | ICOPY_REG_REG(r2,r1) | IEQ_REG_REG_INT(r3,r4,c1) | BRF_ID_REG(c2,r3)","r1=R81;r2=R34;r3=R84;r4=R38;c1=int:3;c2=label@3057","parseExec",3005
173,11200,2,1,7,over_3_symbols,"STRCHAR_REG_REG_REG(r1,r2,r3) | ILT_REG_REG_INT(r4,r1,c1) | BRT_ID_REG(c2,r4) | IGT_REG_REG_INT(r4,r1,c3)","r1=R45;r2=R50;r3=R53;r4=R55;c1=int:48;c2=label@571;c3=int:57","parseExec",556
174,10999,1,1,4,over_3_symbols,"IEQ_REG_REG_REG(r1,r2,r3) | UNLINK_REG(r3) | UNLINK_REG(r2) | UNLINK_REG(r4)","r1=R16;r2=R9;r3=R15;r4=R14","stem",286
175,10999,1,1,5,over_3_symbols,"LINKATTR1_REG_REG_INT(r1,r2,c1) | IEQ_REG_REG_REG(r3,r4,r1) | UNLINK_REG(r1) | UNLINK_REG(r4)","r1=R15;r2=R20;c1=int:3;r3=R16;r4=R9","stem",282
176,10999,1,1,7,over_3_symbols,"LINKATTR1_REG_REG_REG(r1,r2,r3) | LINKATTR1_REG_REG_INT(r4,r5,c1) | IEQ_REG_REG_REG(r6,r1,r4) | UNLINK_REG(r4)","r1=R9;r2=R14;r3=R1;r4=R15;r5=R20;c1=int:3;r6=R16","stem",278
177,10999,1,1,8,over_3_symbols,"MINATTRS_REG_REG_INT(r1,r2,c1) | LINKATTR1_REG_REG_REG(r3,r1,r2) | LINKATTR1_REG_REG_INT(r4,r5,c2) | IEQ_REG_REG_REG(r6,r3,r4)","r1=R14;r2=R1;c1=int:0;r3=R9;r4=R15;r5=R20;c2=int:3;r6=R16","stem",274
178,10999,1,1,8,over_3_symbols,"UNLINK_REG(r1) | IGT_REG_REG_INT(r2,r3,c1) | BRF_ID_REG(c2,r2) | LINKATTR1_REG_REG_INT(r4,r5,c3)","r1=R12;r2=R13;r3=R1;c1=int:0;c2=label@340;r4=R11;r5=R20;c3=int:5","stem",238
179,10999,1,1,5,over_3_symbols,"UNLINK_REG(r1) | UNLINK_REG(r2) | UNLINK_REG(r3) | BRF_ID_REG(c1,r4)","r1=R15;r2=R9;r3=R14;c1=label@313;r4=R16","stem",290
180,10611,17,3,5,over_3_symbols,"LOAD_REG_STRING(r1,c1) | LINKATTR1_REG_REG_INT(r2,r3,c2) | SCOPY_REG_REG(r2,r1) | UNLINK_REG(r2)","r1=R9;c1=string@28800;r2=R7;r3=R6;c2=int:1","_address",7800
181,10216,4,2,7,over_3_symbols,"LOAD_REG_INT(r1,c1) | LOAD_REG_STRING(r2,c2) | LOAD_REG_INT(r3,c3) | LOAD_REG_INT(r4,c3)","r1=R20;c1=int:1;r2=R12;c2=string@312160;r3=R10;c3=int:0;r4=R13","trace",5431
182,10202,6,3,3,candidate,"SETNUMFRM_INT(c1) | SETNUMCAS_INT(c1) | SETNUMSTD_INT(c1) | LOAD_REG_INT(r1,c2)","c1=int:1;r1=R0;c2=int:0","_address",15969
183,10200,5,2,5,over_3_symbols,"SETNUMCAS_INT(c1) | SETNUMSTD_INT(c1) | LOAD_REG_INT(r1,c2) | CALL_REG_FUNC_REG(r2,c3,r1)","c1=int:1;r1=R0;c2=int:0;r2=R1;c3=func@12160","_address",15971
184,10106,5,3,4,over_3_symbols,"SETNUMSTD_INT(c1) | NULL_REG(r1) | NULL_REG(r2) | NULL_REG(r3)","c1=int:2;r1=R4;r2=R5;r3=R6","benchmark_rexxcps_levelb_opt",2503
185,9901,9,2,8,over_3_symbols,"LOAD_REG_STRING(r1,c1) | LOAD_REG_STRING(r2,c2) | LOAD_REG_INT(r3,c3) | LOAD_REG_INT(r4,c4)","r1=R42;c1=string@26184;r2=R41;c2=string@384;r3=R13;c3=int:1;r4=R45;c4=int:14","benchmark_rexxcps_levelb_opt",488
186,9815,2,2,7,over_3_symbols,"LOAD_REG_INT(r1,c1) | IGT_REG_REG_REG(r2,r1,r3) | BRT_ID_REG(c2,r2) | MINATTRS_REG_REG_INT(r4,r1,c3)","r1=R21;c1=int:1;r2=R20;r3=R25;c2=label@6069;r4=R22;c3=int:0","trace",6031
187,9802,2,2,5,over_3_symbols,"ICOPY_REG_REG(r1,r2) | NULL_REG(r3) | NULL_REG(r4) | NULL_REG(r5)","r1=R17;r2=R69;r3=R1;r4=R6;r5=R10","_typedformat",27
188,9802,2,2,6,over_3_symbols,"LOAD_REG_STRING(r1,c1) | LOAD_REG_INT(r2,c2) | LOAD_REG_INT(r3,c2) | LOAD_REG_INT(r4,c2)","r1=R34;c1=string@28800;r2=R12;c2=int:0;r3=R31;r4=R39","_typedformat",200
189,9800,1,1,7,over_3_symbols,"BRF_ID_REG(c1,r1) | IADD_REG_REG_INT(r2,r2,c2) | MINATTRS_REG_REG_INT(r3,r2,c3) | LINKATTR1_REG_REG_REG(r4,r3,r2)","c1=label@3234;r1=R84;r2=R21;c2=int:1;r3=R22;c3=int:0;r4=R83","parseExec",3199
190,9800,1,1,8,over_3_symbols,"BRT_ID_REG(c1,r1) | MINATTRS_REG_REG_INT(r2,r3,c2) | LINKATTR1_REG_REG_REG(r4,r2,r3) | IEQ_REG_REG_INT(r5,r4,c3)","c1=label@3184;r1=R54;r2=R22;r3=R55;c2=int:0;r4=R52;r5=R51;c3=int:8","parseExec",2482
191,9800,1,1,6,over_3_symbols,"IADD_REG_REG_INT(r1,r1,c1) | MINATTRS_REG_REG_INT(r2,r1,c2) | LINKATTR1_REG_REG_REG(r3,r2,r1) | ICOPY_REG_REG(r3,r4)","r1=R21;c1=int:1;r2=R22;c2=int:0;r3=R83;r4=R6","parseExec",3202
192,9800,1,1,8,over_3_symbols,"ICOPY_REG_REG(r1,r2) | ICOPY_REG_REG(r3,r4) | MINATTRS_REG_REG_INT(r5,r6,c1) | LINKATTR1_REG_REG_REG(r7,r5,r6)","r1=R79;r2=R27;r3=R39;r4=R8;r5=R22;r6=R55;c1=int:0;r7=R82","parseExec",2929
193,9800,1,1,8,over_3_symbols,"ICOPY_REG_REG(r1,r2) | IEQ_REG_REG_INT(r3,r4,c1) | BRF_ID_REG(c2,r3) | ILT_REG_REG_INT(r5,r1,c3)","r1=R34;r2=R81;r3=R84;r4=R38;c1=int:3;c2=label@3057;r5=R83;c3=int:1","parseExec",3007
194,9800,1,1,7,over_3_symbols,"ICOPY_REG_REG(r1,r2) | MINATTRS_REG_REG_INT(r3,r4,c1) | LINKATTR1_REG_REG_REG(r5,r3,r4) | ICOPY_REG_REG(r6,r5)","r1=R39;r2=R8;r3=R22;r4=R55;c1=int:0;r5=R82;r6=R38","parseExec",2932
195,9800,1,1,4,over_3_symbols,"ICOPY_REG_REG(r1,r2) | NULL_REG(r3) | NULL_REG(r2) | NULL_REG(r4)","r1=R5;r2=R55;r3=R56;r4=R54","parseExec",759
196,9800,1,1,5,over_3_symbols,"ICOPY_REG_REG(r1,r2) | UNLINK_REG(r1) | MINATTRS_REG_REG_INT(r3,r4,c1) | LINKATTR1_REG_REG_REG(r1,r3,r4)","r1=R83;r2=R6;r3=R23;r4=R21;c1=int:0","parseExec",3214
197,9800,1,1,5,over_3_symbols,"ICOPY_REG_REG(r1,r2) | UNLINK_REG(r2) | MINATTRS_REG_REG_INT(r3,r4,c1) | LINKATTR1_REG_REG_REG(r2,r3,r4)","r1=R38;r2=R82;r3=R23;r4=R55;c1=int:0","parseExec",2943
198,9800,1,1,6,over_3_symbols,"LINKATTR1_REG_REG_REG(r1,r2,r3) | ICOPY_REG_REG(r1,r4) | UNLINK_REG(r1) | MINATTRS_REG_REG_INT(r5,r3,c1)","r1=R83;r2=R22;r3=R21;r4=R6;r5=R23;c1=int:0","parseExec",3210
199,9800,1,1,6,over_3_symbols,"LINKATTR1_REG_REG_REG(r1,r2,r3) | ICOPY_REG_REG(r4,r1) | UNLINK_REG(r1) | MINATTRS_REG_REG_INT(r5,r3,c1)","r1=R82;r2=R22;r3=R55;r4=R38;r5=R23;c1=int:0","parseExec",2939
200,9800,1,1,5,over_3_symbols,"LINKATTR1_REG_REG_REG(r1,r2,r3) | SCOPY_REG_REG(r1,r4) | UNLINK_REG(r1) | BR_ID(c1)","r1=R83;r2=R23;r3=R21;r4=R7;c1=label@4519","parseExec",3223
201,9800,1,1,6,over_3_symbols,"LINKATTR1_REG_REG_REG(r1,r2,r3) | SCOPY_REG_REG(r4,r1) | UNLINK_REG(r1) | IEQ_REG_REG_INT(r1,r5,c1)","r1=R82;r2=R23;r3=R55;r4=R81;r5=R38;c1=int:2","parseExec",2952
202,9800,1,1,6,over_3_symbols,"LOAD_REG_INT(r1,c1) | LOAD_REG_INT(r2,c1) | LOAD_REG_STRING(r3,c2) | LOAD_REG_INT(r4,c1)","r1=R21;c1=int:0;r2=R25;r3=R26;c2=string@28800;r4=R19","parseExec",131
203,9800,1,1,5,over_3_symbols,"LOAD_REG_INT(r1,c1) | LOAD_REG_INT(r2,c1) | NULL_REG(r3) | NULL_REG(r4)","r1=R19;c1=int:0;r2=R12;r3=R33;r4=R34","parseExec",140
204,9800,1,1,6,over_3_symbols,"LOAD_REG_INT(r1,c1) | LOAD_REG_STRING(r2,c2) | LOAD_REG_INT(r3,c1) | LOAD_REG_INT(r4,c1)","r1=R25;c1=int:0;r2=R26;c2=string@28800;r3=R19;r4=R12","parseExec",134
205,9800,1,1,5,over_3_symbols,"LOAD_REG_INT(r1,c1) | NULL_REG(r2) | NULL_REG(r3) | NULL_REG(r4)","r1=R12;c1=int:0;r2=R33;r3=R34;r4=R35","parseExec",143
206,9800,1,1,6,over_3_symbols,"LOAD_REG_STRING(r1,c1) | LOAD_REG_INT(r2,c2) | LOAD_REG_INT(r3,c2) | NULL_REG(r4)","r1=R26;c1=string@28800;r2=R19;c2=int:0;r3=R12;r4=R33","parseExec",137
207,9800,7,1,8,over_3_symbols,"LOAD_REG_STRING(r1,c1) | LOAD_REG_INT(r2,c2) | LOAD_REG_INT(r3,c3) | SETTP_REG_INT(r4,c4)","r1=R76;c1=string@71824;r2=R77;c2=int:0;r3=R73;c3=int:4;r4=R74;c4=int:256","benchmark_rexxcps_levelb_opt",1508
208,9800,1,1,5,over_3_symbols,"MINATTRS_REG_REG_INT(r1,r2,c1) | LINKATTR1_REG_REG_REG(r3,r1,r2) | ICOPY_REG_REG(r3,r4) | UNLINK_REG(r3)","r1=R22;r2=R21;c1=int:0;r3=R83;r4=R6","parseExec",3206
209,9800,1,1,5,over_3_symbols,"MINATTRS_REG_REG_INT(r1,r2,c1) | LINKATTR1_REG_REG_REG(r3,r1,r2) | ICOPY_REG_REG(r4,r3) | UNLINK_REG(r3)","r1=R22;r2=R55;c1=int:0;r3=R82;r4=R38","parseExec",2935
210,9800,1,1,5,over_3_symbols,"MINATTRS_REG_REG_INT(r1,r2,c1) | LINKATTR1_REG_REG_REG(r3,r1,r2) | SCOPY_REG_REG(r4,r3) | UNLINK_REG(r3)","r1=R23;r2=R55;c1=int:0;r3=R82;r4=R81","parseExec",2948
211,9800,1,1,6,over_3_symbols,"NULL_REG(r1) | NULL_REG(r2) | INE_REG_REG_INT(r3,r4,c1) | BRF_ID_REG(c2,r3)","r1=R27;r2=R30;r3=R32;r4=R128;c1=int:0;c2=label@99","parseExec",84
212,9800,1,1,6,over_3_symbols,"NULL_REG(r1) | NULL_REG(r2) | NULL_REG(r3) | INE_REG_REG_INT(r4,r5,c1)","r1=R26;r2=R27;r3=R30;r4=R32;r5=R128;c1=int:0","parseExec",82
213,9800,1,1,8,over_3_symbols,"REQ_REG_REG_STRING(r1,r2,c1) | BRF_ID_REG(c2,r1) | IADD_REG_REG_INT(r3,r3,c3) | MINATTRS_REG_REG_INT(r4,r3,c4)","r1=R84;r2=R18;c1=string@28800;c2=label@3234;r3=R21;c3=int:1;r4=R22;c4=int:0","parseExec",3195
214,9800,1,1,8,over_3_symbols,"RNE_REG_REG_STRING(r1,r2,c1) | BRF_ID_REG(c2,r1) | IGT_REG_REG_REG(r3,r4,r5) | BRF_ID_REG(c3,r3)","r1=R110;r2=R18;c1=string@28800;c2=label@5274;r3=R109;r4=R4;r5=R27;c3=label@5197","parseExec",5157
215,9800,1,1,6,over_3_symbols,"SCOPY_REG_REG(r1,r2) | IADD_REG_REG_REG(r3,r3,r4) | IGTE_REG_REG_REG(r2,r3,r5) | BRF_ID_REG(c1,r2)","r1=R7;r2=R47;r3=R19;r4=R35;r5=R40;c1=label@437","parseExec",420
216,9800,1,1,9,over_3_symbols,"SCOPY_REG_REG(r1,r2) | ICOPY_REG_REG(r3,r4) | ICOPY_REG_REG(r5,r6) | MINATTRS_REG_REG_INT(r7,r8,c1)","r1=R80;r2=R29;r3=R79;r4=R27;r5=R39;r6=R8;r7=R22;r8=R55;c1=int:0","parseExec",2926
217,9800,1,1,5,over_3_symbols,"SCOPY_REG_REG(r1,r2) | UNLINK_REG(r2) | IEQ_REG_REG_INT(r2,r3,c1) | BRF_ID_REG(c2,r2)","r1=R81;r2=R82;r3=R38;c1=int:2;c2=label@3005","parseExec",2956
218,9800,7,1,8,over_3_symbols,"SETTP_REG_INT(r1,c1) | SETTP_REG_INT(r2,c1) | SETTP_REG_INT(r3,c2) | CALL_REG_FUNC_REG(r4,c3,r5)","r1=R75;c1=int:768;r2=R76;r3=R77;c2=int:256;r4=R78;c3=func@72032;r5=R73","benchmark_rexxcps_levelb_opt",1520
219,9800,1,1,8,over_3_symbols,"STRLEN_REG_REG(r1,r2) | LOAD_REG_INT(r3,c1) | LOAD_REG_STRING(r4,c2) | LOAD_REG_INT(r5,c3)","r1=R27;r2=R29;r3=R8;c1=int:1;r4=R18;c2=string@28800;r5=R4;c3=int:0","parseExec",119
220,9800,1,1,5,over_3_symbols,"UNLINK_REG(r1) | MINATTRS_REG_REG_INT(r2,r3,c1) | LINKATTR1_REG_REG_REG(r1,r2,r3) | SCOPY_REG_REG(r1,r4)","r1=R83;r2=R23;r3=R21;c1=int:0;r4=R7","parseExec",3217
221,9800,1,1,5,over_3_symbols,"UNLINK_REG(r1) | MINATTRS_REG_REG_INT(r2,r3,c1) | LINKATTR1_REG_REG_REG(r1,r2,r3) | SCOPY_REG_REG(r4,r1)","r1=R82;r2=R23;r3=R55;c1=int:0;r4=R81","parseExec",2946
222,9216,21,3,5,over_3_symbols,"UNLINK_REG(r1) | LOAD_REG_INT(r2,c1) | LINKATTR1_REG_REG_INT(r1,r3,c2) | ICOPY_REG_REG(r1,r2)","r1=R7;r2=R10;c1=int:0;r3=R6;c2=int:2","_address",7810
223,9209,14,3,5,over_3_symbols,"UNLINK_REG(r1) | LOAD_REG_STRING(r2,c1) | LINKATTR1_REG_REG_INT(r1,r3,c2) | SCOPY_REG_REG(r1,r2)","r1=R7;r2=R9;c1=string@28800;r3=R6;c2=int:1","_address",7798
224,8400,4,1,8,over_3_symbols,"CONCAT_REG_STRING_REG(r1,c1,r2) | LOAD_REG_INT(r3,c2) | SETTP_REG_INT(r4,c3) | SWAP_REG_REG(r5,r4)","r1=R66;c1=string@30424;r2=R13;r3=R64;c2=int:2;r4=R4;c3=int:256;r5=R65","benchmark_rexxcps_levelb_opt",697
225,8400,4,1,7,over_3_symbols,"ITOS_REG(r1) | CONCAT_REG_STRING_REG(r2,c1,r1) | LOAD_REG_INT(r3,c2) | SETTP_REG_INT(r4,c3)","r1=R13;r2=R66;c1=string@30424;r3=R64;c2=int:2;r4=R4;c3=int:256","benchmark_rexxcps_levelb_opt",695
226,8400,6,1,7,over_3_symbols,"LOAD_REG_INT(r1,c1) | LOAD_REG_INT(r2,c2) | SETTP_REG_INT(r3,c3) | SWAP_REG_REG(r4,r3)","r1=R89;c1=int:0;r2=R85;c2=int:4;r3=R91;c3=int:256;r4=R86","benchmark_rexxcps_levelb_opt",1805
227,8400,6,1,7,over_3_symbols,"NULL_REG(r1) | SCOPY_REG_REG(r2,r3) | LOAD_REG_STRING(r4,c1) | LOAD_REG_STRING(r5,c2)","r1=R90;r2=R91;r3=R0;r4=R87;c1=string@80128;r5=R88;c2=string@80304","benchmark_rexxcps_levelb_opt",1794
228,8400,6,1,8,over_3_symbols,"SCOPY_REG_REG(r1,r2) | LOAD_REG_STRING(r3,c1) | LOAD_REG_STRING(r4,c2) | LOAD_REG_INT(r5,c3)","r1=R91;r2=R0;r3=R87;c1=string@80128;r4=R88;c2=string@80304;r5=R89;c3=int:0","benchmark_rexxcps_levelb_opt",1796
229,8400,6,1,6,over_3_symbols,"SWAP_REG_REG(r1,r2) | MINATTRS_REG_INT(r3,c1) | LINKATTR1_REG_REG_INT(r4,r3,c1) | SCOPY_REG_REG(r5,r4)","r1=R91;r2=R86;r3=R90;c1=int:1;r4=R89;r5=R11","benchmark_rexxcps_levelb_opt",1830
230,8400,6,1,7,over_3_symbols,"SWAP_REG_REG(r1,r2) | SETTP_REG_INT(r3,c1) | SETTP_REG_INT(r4,c1) | SETTP_REG_INT(r5,c2)","r1=R86;r2=R91;r3=R87;c1=int:768;r4=R88;r5=R89;c2=int:256","benchmark_rexxcps_levelb_opt",1814
231,8300,1,1,6,over_3_symbols,"LINKATTR1_REG_REG_INT(r1,r2,c1) | MINATTRS_REG_REG_INT(r1,r3,c2) | LINKATTR1_REG_REG_REG(r4,r1,r3) | RET_REG(r4)","r1=R18;r2=R20;c1=int:8;r3=R1;c2=int:0;r4=R17","stem",299
232,8285,2,2,7,over_3_symbols,"LINKATTR1_REG_REG_INT(r1,r2,c1) | MINATTRS_REG_REG_INT(r1,r3,c2) | LINKATTR1_REG_REG_REG(r4,r1,r3) | SCOPY_REG_REG(r4,r5)","r1=R10;r2=R16;c1=int:3;r3=R14;c2=int:0;r4=R17;r5=R15","_address",7906
233,8285,2,2,4,over_3_symbols,"LINKATTR1_REG_REG_REG(r1,r2,r3) | SCOPY_REG_REG(r1,r4) | UNLINK_REG(r1) | UNLINK_REG(r2)","r1=R17;r2=R10;r3=R14;r4=R15","_address",7914
234,8285,2,2,6,over_3_symbols,"UNLINK_REG(r1) | LINKATTR1_REG_REG_INT(r2,r3,c1) | MINATTRS_REG_REG_INT(r2,r4,c2) | LINKATTR1_REG_REG_REG(r1,r2,r4)","r1=R17;r2=R10;r3=R16;c1=int:3;r4=R14;c2=int:0","_address",7904
235,7006,4,1,8,over_3_symbols,"COPY_REG_REG(r1,r2) | COPY_REG_REG(r3,r1) | LOAD_REG_INT(r4,c1) | GETATTRS_REG_REG_INT(r5,r6,c2)","r1=R25;r2=R30;r3=R19;r4=R29;c1=int:1;r5=R27;r6=R42;c2=int:0","_address",13532
236,7006,4,1,6,over_3_symbols,"COPY_REG_REG(r1,r2) | COPY_REG_REG(r3,r1) | REQ_REG_REG_STRING(r4,r3,c1) | BRF_ID_REG(c2,r4)","r1=R7;r2=R12;r3=R1;r4=R11;c1=string@28800;c2=label@13401","_address",13381
237,7006,4,1,8,over_3_symbols,"COPY_REG_REG(r1,r2) | LOAD_REG_INT(r3,c1) | GETATTRS_REG_REG_INT(r4,r5,c2) | IGT_REG_REG_REG(r6,r3,r4)","r1=R19;r2=R25;r3=R29;c1=int:1;r4=R27;r5=R42;c2=int:0;r6=R26","_address",13535
238,7006,4,1,7,over_3_symbols,"LOAD_REG_INT(r1,c1) | GETATTRS_REG_REG_INT(r2,r3,c2) | IGT_REG_REG_REG(r4,r1,r2) | BRT_ID_REG(c3,r4)","r1=R29;c1=int:1;r2=R27;r3=R42;c2=int:0;r4=R26;c3=label@13577","_address",13538
239,7006,4,1,5,over_3_symbols,"STRUPPER_REG_REG(r1,r2) | COPY_REG_REG(r2,r1) | COPY_REG_REG(r3,r2) | LOAD_REG_INT(r4,c1)","r1=R30;r2=R25;r3=R19;r4=R29;c1=int:1","_address",13529
240,7006,4,1,5,over_3_symbols,"STRUPPER_REG_REG(r1,r2) | COPY_REG_REG(r2,r1) | COPY_REG_REG(r3,r2) | REQ_REG_REG_STRING(r4,r3,c1)","r1=R12;r2=R7;r3=R1;r4=R11;c1=string@28800","_address",13378
241,7005,4,1,6,over_3_symbols,"GETATTRS_REG_REG_INT(r1,r2,c1) | IGT_REG_REG_REG(r3,r4,r1) | BRT_ID_REG(c2,r3) | MINATTRS_REG_REG_INT(r2,r4,c1)","r1=R27;r2=R42;c1=int:0;r3=R26;r4=R29;c2=label@13577","_address",13541
242,7002,2,2,7,over_3_symbols,"LOAD_REG_INT(r1,c1) | SETTP_REG_INT(r2,c2) | SWAP_REG_REG(r3,r2) | SWAP_REG_REG(r4,r5)","r1=R14;c1=int:9;r2=R1;c2=int:256;r3=R15;r4=R16;r5=R27","floatformat",138
243,7000,1,1,7,over_3_symbols,"IADD_REG_REG_INT(r1,r1,c1) | MINATTRS_REG_REG_INT(r2,r1,c2) | LINKATTR1_REG_REG_REG(r3,r2,r1) | SCOPY_REG_REG(r4,r5)","r1=R90;c1=int:1;r2=R24;c2=int:0;r3=R89;r4=R88;r5=R29","parseExec",5201
244,7000,1,1,8,over_3_symbols,"IADD_REG_REG_INT(r1,r2,c1) | LOAD_REG_INT(r3,c2) | SETTP_REG_INT(r4,c3) | SWAP_REG_REG(r5,r4)","r1=R108;r2=R104;c1=int:1;r3=R105;c2=int:3;r4=R88;c3=int:256;r5=R106","parseExec",5238
245,7000,1,1,9,over_3_symbols,"ISUB_REG_REG_REG(r1,r2,r3) | IADD_REG_REG_INT(r4,r1,c1) | LOAD_REG_INT(r5,c2) | SETTP_REG_INT(r6,c3)","r1=R104;r2=R87;r3=R86;r4=R108;c1=int:1;r5=R105;c2=int:3;r6=R88;c3=int:256","parseExec",5234
246,7000,5,2,5,over_3_symbols,"LINKATTR1_REG_REG_INT(r1,r2,c1) | SCOPY_REG_REG(r3,r1) | UNLINK_REG(r1) | BR_ID(c2)","r1=R22;r2=R16;c1=int:3;r3=R12;c2=label@2589","benchmark_rexxcps_levelb_opt",2679
247,7000,1,1,9,over_3_symbols,"LINKATTR1_REG_REG_REG(r1,r2,r3) | SCOPY_REG_REG(r4,r5) | ICOPY_REG_REG(r6,r7) | ICOPY_REG_REG(r8,r9)","r1=R89;r2=R24;r3=R90;r4=R88;r5=R29;r6=R86;r7=R4;r8=R87;r9=R27","parseExec",5209
248,7000,1,1,8,over_3_symbols,"MINATTRS_REG_REG_INT(r1,r2,c1) | LINKATTR1_REG_REG_REG(r3,r1,r2) | SCOPY_REG_REG(r4,r5) | ICOPY_REG_REG(r6,r7)","r1=R24;r2=R90;c1=int:0;r3=R89;r4=R88;r5=R29;r6=R86;r7=R4","parseExec",5205
249,7000,1,1,7,over_3_symbols,"SCOPY_REG_REG(r1,r2) | ICOPY_REG_REG(r3,r4) | ICOPY_REG_REG(r5,r6) | BLE_ID_REG_REG(c1,r3,r5)","r1=R88;r2=R29;r3=R86;r4=R4;r5=R87;r6=R27;c1=label@5234","parseExec",5213
250,7000,1,1,5,over_3_symbols,"SETNUMCAS_INT(c1) | SETNUMSTD_INT(c1) | ILTE_REG_REG_INT(r1,r2,c2) | BRF_ID_REG(c3,r1)","c1=int:1;r1=R3;r2=R11;c2=int:0;c3=label@6507","parseExec",6494
251,7000,1,1,4,over_3_symbols,"SETNUMFRM_INT(c1) | SETNUMCAS_INT(c1) | SETNUMSTD_INT(c1) | ILTE_REG_REG_INT(r1,r2,c2)","c1=int:1;r1=R3;r2=R11;c2=int:0","parseExec",6492
252,7000,1,1,8,over_3_symbols,"SETTP_REG_INT(r1,c1) | SWAP_REG_REG(r2,r1) | SWAP_REG_REG(r3,r4) | CALL_REG_FUNC_REG(r5,c2,r6)","r1=R88;c1=int:256;r2=R106;r3=R107;r4=R86;r5=R104;c2=func@2220184;r6=R105","parseExec",5245
253,7000,1,1,7,over_3_symbols,"SWAP_REG_REG(r1,r2) | SWAP_REG_REG(r3,r4) | SCOPY_REG_REG(r5,r6) | BR_ID(c1)","r1=R88;r2=R106;r3=R86;r4=R107;r5=R108;r6=R104;c1=label@5269","parseExec",5258
254,6999,4,1,6,over_3_symbols,"REQ_REG_REG_REG(r1,r2,r3) | UNLINK_REG(r2) | BRF_ID_REG(c1,r1) | ICOPY_REG_REG(r4,r5)","r1=R17;r2=R18;r3=R19;c1=label@13574;r4=R28;r5=R29","_address",13560
255,6999,4,1,6,over_3_symbols,"UNLINK_REG(r1) | BRF_ID_REG(c1,r2) | ICOPY_REG_REG(r3,r4) | BR_ID(c2)","r1=R18;c1=label@13574;r2=R17;r3=R28;r4=R29;c2=label@13585","_address",13564
256,6915,3,1,3,candidate,"ICOPY_REG_REG(r1,r2) | UNLINK_REG(r2) | UNLINK_REG(r1) | UNLINK_REG(r3)","r1=R16;r2=R8;r3=R9","stem",555
257,6915,3,1,4,over_3_symbols,"LINKATTR1_REG_REG_INT(r1,r2,c1) | ICOPY_REG_REG(r3,r1) | UNLINK_REG(r1) | UNLINK_REG(r3)","r1=R8;r2=R18;c1=int:3;r3=R16","stem",551
258,6900,1,1,5,over_3_symbols,"ICOPY_REG_REG(r1,r2) | UNLINK_REG(r2) | UNLINK_REG(r3) | LOAD_REG_INT(r4,c1)","r1=R1;r2=R15;r3=R9;r4=R3;c1=int:0","stem",480
259,6900,2,1,6,over_3_symbols,"LINKATTR1_REG_REG_REG(r1,r2,r3) | LINKATTR1_REG_REG_INT(r4,r5,c1) | ICOPY_REG_REG(r1,r4) | UNLINK_REG(r4)","r1=R16;r2=R9;r3=R1;r4=R8;r5=R18;c1=int:3","stem",547
260,6900,1,1,6,over_3_symbols,"UNLINK_REG(r1) | LOAD_REG_INT(r2,c1) | IGT_REG_REG_INT(r3,r4,c1) | BRF_ID_REG(c2,r3)","r1=R9;r2=R3;c1=int:0;r3=R15;r4=R1;c2=label@589","stem",485
261,6900,1,1,5,over_3_symbols,"UNLINK_REG(r1) | UNLINK_REG(r2) | LOAD_REG_INT(r3,c1) | IGT_REG_REG_INT(r1,r4,c1)","r1=R15;r2=R9;r3=R3;c1=int:0;r4=R1","stem",483
262,6900,2,1,3,candidate,"UNLINK_REG(r1) | UNLINK_REG(r2) | UNLINK_REG(r3) | RET()","r1=R8;r2=R16;r3=R9","stem",558
263,6885,1,1,8,over_3_symbols,"LOAD_REG_INT(r1,c1) | IGT_REG_REG_INT(r2,r3,c1) | BRF_ID_REG(c2,r2) | LINKATTR1_REG_REG_INT(r4,r5,c3)","r1=R3;c1=int:0;r2=R15;r3=R1;c2=label@589;r4=R8;r5=R18;c3=int:5","stem",487
264,6885,1,1,7,over_3_symbols,"MINATTRS_REG_REG_INT(r1,r2,c1) | LINKATTR1_REG_REG_REG(r3,r1,r2) | LINKATTR1_REG_REG_INT(r4,r5,c2) | ICOPY_REG_REG(r3,r4)","r1=R9;r2=R1;c1=int:0;r3=R16;r4=R8;r5=R18;c2=int:3","stem",543
265,6885,1,1,6,over_3_symbols,"SCOPY_REG_REG(r1,r2) | UNLINK_REG(r1) | UNLINK_REG(r3) | LINKATTR1_REG_REG_INT(r4,r5,c1)","r1=R6;r2=R20;r3=R16;r4=R9;r5=R18;c1=int:9","stem",532
266,6885,1,1,7,over_3_symbols,"UNLINK_REG(r1) | UNLINK_REG(r2) | LINKATTR1_REG_REG_INT(r3,r4,c1) | MINATTRS_REG_REG_INT(r3,r5,c2)","r1=R6;r2=R16;r3=R9;r4=R18;c1=int:9;r5=R1;c2=int:0","stem",535
267,5604,5,3,5,over_3_symbols,"LOAD_REG_INT(r1,c1) | LOAD_REG_INT(r2,c1) | LOAD_REG_INT(r3,c1) | LOAD_REG_INT(r4,c1)","r1=R59;c1=int:0;r2=R61;r3=R54;r4=R56","benchmark_rexxcps_levelb_opt",987
268,5600,4,1,5,over_3_symbols,"COPY_REG_REG(r1,r2) | LINKATTR1_REG_REG_INT(r3,r1,c1) | SCOPY_REG_REG(r4,r3) | UNLINK_REG(r3)","r1=R9;r2=R54;r3=R2;c1=int:4;r4=R10","_address",17120
269,5600,4,1,6,over_3_symbols,"LOAD_REG_STRING(r1,c1) | NULL_REG(r2) | SCOPY_REG_REG(r3,r1) | LOAD_REG_STRING(r4,c2)","r1=R0;c1=string@79040;r2=R90;r3=R91;r4=R87;c2=string@80128","benchmark_rexxcps_levelb_opt",1791
270,5600,1,1,4,over_3_symbols,"SETNUMCAS_INT(c1) | SETNUMSTD_INT(c1) | LOAD_REG_STRING(r1,c2) | STRUPPER_REG_REG(r1,r2)","c1=int:1;r1=R0;c2=string@28800;r2=R3","upper",6
271,5600,1,1,3,candidate,"SETNUMFRM_INT(c1) | SETNUMCAS_INT(c1) | SETNUMSTD_INT(c1) | LOAD_REG_STRING(r1,c2)","c1=int:1;r1=R0;c2=string@28800","upper",4
272,5600,1,1,4,over_3_symbols,"SETNUMSTD_INT(c1) | LOAD_REG_STRING(r1,c2) | STRUPPER_REG_REG(r1,r2) | RET_REG(r1)","c1=int:1;r1=R0;c2=string@28800;r2=R3","upper",8
273,5500,3,1,6,over_3_symbols,"DCOPY_REG_REG(r1,r2) | DTOS_REG(r1) | LOAD_REG_INT(r3,c1) | SETTP_REG_INT(r4,c2)","r1=R60;r2=R56;r3=R57;c1=int:3;r4=R4;c2=int:256","benchmark_rexxcps_levelb_opt",1156
274,5500,3,1,6,over_3_symbols,"DTOS_REG(r1) | LOAD_REG_INT(r2,c1) | SETTP_REG_INT(r3,c2) | SWAP_REG_REG(r4,r3)","r1=R60;r2=R57;c1=int:3;r3=R4;c2=int:256;r4=R58","benchmark_rexxcps_levelb_opt",1159
275,4808,10,2,5,over_3_symbols,"ICOPY_REG_REG(r1,r2) | UNLINK_REG(r1) | LOAD_REG_STRING(r2,c1) | LINKATTR1_REG_REG_INT(r1,r3,c2)","r1=R5;r2=R4;c1=string@1498048;r3=R6;c2=int:10","trace",11522
276,4808,10,2,5,over_3_symbols,"LINKATTR1_REG_REG_INT(r1,r2,c1) | ICOPY_REG_REG(r1,r3) | UNLINK_REG(r1) | LOAD_REG_STRING(r3,c2)","r1=R5;r2=R6;c1=int:9;r3=R4;c2=string@1498048","trace",11518
277,4500,3,2,7,over_3_symbols,"LOAD_REG_INT(r1,c1) | SETTP_REG_INT(r2,c2) | SWAP_REG_REG(r3,r2) | CALL_REG_FUNC_REG(r4,c3,r1)","r1=R2;c1=int:1;r2=R9;c2=int:256;r3=R3;r4=R0;c3=func@11216","_address",14826
278,4401,4,2,5,over_3_symbols,"LINKATTR1_REG_REG_INT(r1,r2,c1) | SCOPY_REG_REG(r1,r3) | UNLINK_REG(r1) | COPY_REG_REG(r4,r2)","r1=R10;r2=R12;c1=int:1;r3=R13;r4=R3","_address",7863
279,4400,3,2,7,over_3_symbols,"IGT_REG_REG_INT(r1,r2,c1) | BRF_ID_REG(c2,r1) | IEQ_REG_REG_INT(r3,r4,c1) | BRF_ID_REG(c3,r3)","r1=R62;r2=R52;c1=int:0;c2=label@646;r3=R63;r4=R59;c3=label@617","benchmark_rexxcps_levelb_opt",599
280,4400,16,2,6,over_3_symbols,"NULL_REG(r1) | NULL_REG(r2) | SCOPY_REG_REG(r3,r4) | LOAD_REG_STRING(r5,c1)","r1=R6;r2=R8;r3=R9;r4=R29;r5=R12;c1=string@107368","benchmark_rexxcps_levelb_opt",2509
281,4400,3,2,8,over_3_symbols,"SETSTRPOS_REG_REG(r1,r2) | SUBSTRING_REG_REG_REG(r3,r1,r4) | ISUB_REG_INT_REG(r5,c1,r4) | BLE_ID_REG_INT(c2,r5,c3)","r1=R60;r2=R59;r3=R58;r4=R52;r5=R57;c1=int:2;c2=label@662;c3=int:0","benchmark_rexxcps_levelb_opt",639
282,4214,5,2,5,over_3_symbols,"SETTP_REG_INT(r1,c1) | SWAP_REG_REG(r2,r1) | SETTP_REG_INT(r3,c1) | SWAP_REG_REG(r4,r3)","r1=R88;c1=int:768;r2=R83;r3=R87;r4=R84","benchmark_rexxcps_levelb_opt",1701
283,4206,2,1,4,over_3_symbols,"NULL_REG(r1) | NULL_REG(r2) | NULL_REG(r3) | SETOBJUNINIT_REG_STRING(r1,c1)","r1=R3;r2=R4;r3=R1;c1=string@64","_address",15093
284,4200,3,1,5,over_3_symbols,"COPY_REG_REG(r1,r2) | LINKATTR1_REG_REG_INT(r3,r1,c1) | ICOPY_REG_REG(r4,r3) | UNLINK_REG(r3)","r1=R50;r2=R18;r3=R43;c1=int:5;r4=R42","_address",9251
285,4200,3,1,5,over_3_symbols,"LINKATTR1_REG_REG_INT(r1,r2,c1) | ICOPY_REG_REG(r3,r1) | UNLINK_REG(r1) | BR_ID(c2)","r1=R43;r2=R50;c1=int:5;r3=R42;c2=label@9265","_address",9254
286,4200,3,1,6,over_3_symbols,"LINKATTR1_REG_REG_INT(r1,r2,c1) | SCOPY_REG_REG(r3,r1) | UNLINK_REG(r1) | LOAD_REG_STRING(r4,c2)","r1=R89;r2=R90;c1=int:3;r3=R6;r4=R0;c2=string@81688","benchmark_rexxcps_levelb_opt",1860
287,4200,2,1,8,over_3_symbols,"LOAD_REG_INT(r1,c1) | LOAD_REG_STRING(r2,c2) | STRLEN_REG_REG(r3,r4) | INE_REG_REG_INT(r5,r3,c3)","r1=R55;c1=int:0;r2=R58;c2=string@464;r3=R56;r4=R53;r5=R62;c3=int:1","benchmark_rexxcps_levelb_opt",553
288,4200,2,1,7,over_3_symbols,"LOAD_REG_STRING(r1,c1) | LOAD_REG_INT(r2,c2) | LOAD_REG_STRING(r3,c3) | STRLEN_REG_REG(r4,r1)","r1=R53;c1=string@32888;r2=R55;c2=int:0;r3=R58;c3=string@464;r4=R56","benchmark_rexxcps_levelb_opt",550
289,4200,2,1,8,over_3_symbols,"LOAD_REG_STRING(r1,c1) | LOAD_REG_STRING(r2,c2) | LOAD_REG_INT(r3,c3) | LOAD_REG_STRING(r4,c4)","r1=R60;c1=string@32568;r2=R53;c2=string@32888;r3=R55;c3=int:0;r4=R58;c4=string@464","benchmark_rexxcps_levelb_opt",547
290,4200,2,1,7,over_3_symbols,"LOAD_REG_STRING(r1,c1) | STRLEN_REG_REG(r2,r3) | INE_REG_REG_INT(r4,r2,c2) | BRF_ID_REG(c3,r4)","r1=R58;c1=string@464;r2=R56;r3=R53;r4=R62;c2=int:1;c3=label@572","benchmark_rexxcps_levelb_opt",556
291,4200,2,1,7,over_3_symbols,"NULL_REG(r1) | LOAD_REG_STRING(r2,c1) | LOAD_REG_STRING(r3,c2) | LOAD_REG_INT(r4,c3)","r1=R61;r2=R60;c1=string@32568;r3=R53;c2=string@32888;r4=R55;c3=int:0","benchmark_rexxcps_levelb_opt",545
292,4200,2,1,6,over_3_symbols,"NULL_REG(r1) | NULL_REG(r2) | LOAD_REG_STRING(r3,c1) | LOAD_REG_STRING(r4,c2)","r1=R59;r2=R61;r3=R60;c1=string@32568;r4=R53;c2=string@32888","benchmark_rexxcps_levelb_opt",543
293,4200,2,1,5,over_3_symbols,"NULL_REG(r1) | NULL_REG(r2) | NULL_REG(r3) | LOAD_REG_STRING(r4,c1)","r1=R57;r2=R59;r3=R61;r4=R60;c1=string@32568","benchmark_rexxcps_levelb_opt",541
294,4200,3,1,5,over_3_symbols,"SCOPY_REG_REG(r1,r2) | UNLINK_REG(r2) | LOAD_REG_STRING(r3,c1) | NULL_REG(r4)","r1=R6;r2=R89;r3=R0;c1=string@81688;r4=R92","benchmark_rexxcps_levelb_opt",1864
295,4200,3,2,8,over_3_symbols,"SWAP_REG_REG(r1,r2) | SETTP_REG_INT(r3,c1) | SWAP_REG_REG(r4,r3) | CALL_REG_FUNC_REG(r5,c2,r6)","r1=R84;r2=R87;r3=R86;c1=int:768;r4=R85;r5=R26;c2=func@77248;r6=R80","benchmark_rexxcps_levelb_opt",1710
296,4200,3,1,4,over_3_symbols,"UNLINK_REG(r1) | LINKATTR1_REG_REG_INT(r1,r2,c1) | BCOPY_REG_REG(r1,r3) | UNLINK_REG(r1)","r1=R27;r2=R35;c1=int:8;r3=R33","_address",8926
297,4200,3,1,5,over_3_symbols,"UNLINK_REG(r1) | LOAD_REG_STRING(r2,c1) | NULL_REG(r3) | SCOPY_REG_REG(r4,r2)","r1=R89;r2=R0;c1=string@81688;r3=R92;r4=R93","benchmark_rexxcps_levelb_opt",1867
298,3401,4,2,3,candidate,"SETNUMFUZ_INT(c1) | SETNUMFRM_INT(c2) | SETNUMCAS_INT(c2) | SETNUMSTD_INT(c3)","c1=int:0;c2=int:1;c3=int:2","benchmark_rexxcps_levelb_opt",2
299,3208,10,1,5,over_3_symbols,"ICOPY_REG_REG(r1,r2) | UNLINK_REG(r1) | LOAD_REG_INT(r2,c1) | LINKATTR1_REG_REG_INT(r1,r3,c2)","r1=R5;r2=R4;c1=int:0;r3=R6;c2=int:9","trace",11510
300,3208,10,1,5,over_3_symbols,"LINKATTR1_REG_REG_INT(r1,r2,c1) | ICOPY_REG_REG(r1,r3) | UNLINK_REG(r1) | LOAD_REG_INT(r3,c2)","r1=R5;r2=R6;c1=int:12;r3=R4;c2=int:0","trace",11506
301,3208,9,2,5,over_3_symbols,"LINKATTR1_REG_REG_INT(r1,r2,c1) | SCOPY_REG_REG(r1,r3) | UNLINK_REG(r1) | LOAD_REG_INT(r3,c2)","r1=R5;r2=R6;c1=int:13;r3=R4;c2=int:-1","trace",11542
302,3208,9,2,5,over_3_symbols,"SCOPY_REG_REG(r1,r2) | UNLINK_REG(r1) | LOAD_REG_INT(r2,c1) | LINKATTR1_REG_REG_INT(r1,r3,c2)","r1=R5;r2=R4;c1=int:-1;r3=R6;c2=int:11","trace",11546
303,3100,1,1,6,over_3_symbols,"NULL_REG(r1) | NULL_REG(r2) | IEQ_REG_REG_INT(r3,r4,c1) | BRF_ID_REG(c2,r3)","r1=R10;r2=R11;r3=R3;r4=R44;c1=int:1;c2=label@15185","trace",15165
304,3100,1,1,6,over_3_symbols,"NULL_REG(r1) | NULL_REG(r2) | NULL_REG(r3) | IEQ_REG_REG_INT(r4,r5,c1)","r1=R8;r2=R10;r3=R11;r4=R3;r5=R44;c1=int:1","trace",15163
305,3099,1,1,7,over_3_symbols,"IEQ_REG_REG_INT(r1,r2,c1) | BRF_ID_REG(c2,r1) | REQ_REG_REG_REG(r3,r4,r5) | BRF_ID_REG(c2,r3)","r1=R3;r2=R44;c1=int:1;c2=label@15185;r3=R2;r4=R48;r5=R42","trace",15169
306,3099,1,1,8,over_3_symbols,"NULL_REG(r1) | IEQ_REG_REG_INT(r2,r3,c1) | BRF_ID_REG(c2,r2) | REQ_REG_REG_REG(r4,r5,r6)","r1=R11;r2=R3;r3=R44;c1=int:1;c2=label@15185;r4=R2;r5=R48;r6=R42","trace",15167
307,3001,3,2,6,over_3_symbols,"COPY_REG_REG(r1,r2) | LOAD_REG_INT(r3,c1) | LINKATTR1_REG_REG_INT(r4,r1,c2) | ICOPY_REG_REG(r4,r3)","r1=R11;r2=R3;r3=R7;c1=int:-3;r4=R10;c2=int:4","_address",7839
308,3000,2,2,8,over_3_symbols,"BRF_ID_REG(c1,r1) | IEQ_REG_REG_INT(r2,r3,c2) | BRF_ID_REG(c3,r2) | IEQ_REG_REG_REG(r2,r4,r5)","c1=label@937;r1=R50;r2=R49;r3=R53;c2=int:0;c3=label@908;r4=R60;r5=R51","benchmark_rexxcps_levelb_opt",894
309,3000,15,1,5,over_3_symbols,"IEQ_REG_REG_INT(r1,r2,c1) | BTOI_REG(r1) | ICOPY_REG_REG(r3,r1) | BR_ID(c2)","r1=R24;r2=R29;c1=int:1;r3=R22;c2=label@16071","trace",16060
310,3000,2,2,5,over_3_symbols,"LOAD_REG_INT(r1,c1) | STRLEN_REG_REG(r1,r2) | ICOPY_REG_REG(r3,r1) | BR_ID(c2)","r1=R61;c1=int:0;r2=R60;r3=R59;c2=label@800","benchmark_rexxcps_levelb_opt",789
311,3000,15,1,5,over_3_symbols,"LOAD_REG_INT(r1,c1) | STRPOS_REG_REG_REG(r1,r2,r3) | IEQ_REG_REG_INT(r4,r1,c1) | BTOI_REG(r4)","r1=R29;c1=int:1;r2=R28;r3=R26;r4=R24","trace",16053
312,3000,15,1,7,over_3_symbols,"LOAD_REG_STRING(r1,c1) | STRLEN_REG_REG(r2,r3) | STRLEN_REG_REG(r4,r1) | ILT_REG_REG_INT(r5,r2,c2)","r1=R26;c1=string@1497968;r2=R27;r3=R28;r4=R25;r5=R24;c2=int:2","trace",16020
313,3000,15,1,6,over_3_symbols,"NULL_REG(r1) | SCOPY_REG_REG(r2,r3) | LOAD_REG_STRING(r4,c1) | STRLEN_REG_REG(r5,r2)","r1=R25;r2=R28;r3=R5;r4=R26;c1=string@1497968;r5=R27","trace",16015
314,3000,15,1,6,over_3_symbols,"SCOPY_REG_REG(r1,r2) | LOAD_REG_STRING(r3,c1) | STRLEN_REG_REG(r4,r1) | STRLEN_REG_REG(r5,r3)","r1=R28;r2=R5;r3=R26;c1=string@1497968;r4=R27;r5=R25","trace",16017
315,3000,15,1,7,over_3_symbols,"STRLEN_REG_REG(r1,r2) | STRLEN_REG_REG(r3,r4) | ILT_REG_REG_INT(r5,r1,c1) | BRF_ID_REG(c2,r5)","r1=R27;r2=R28;r3=R25;r4=R26;r5=R24;c1=int:2;c2=label@16041","trace",16023
316,3000,15,1,6,over_3_symbols,"STRPOS_REG_REG_REG(r1,r2,r3) | IEQ_REG_REG_INT(r4,r1,c1) | BTOI_REG(r4) | ICOPY_REG_REG(r5,r4)","r1=R29;r2=R28;r3=R26;r4=R24;c1=int:1;r5=R22","trace",16056
317,2916,19,2,7,over_3_symbols,"LOAD_REG_STRING(r1,c1) | LOAD_REG_INT(r2,c2) | SETTP_REG_INT(r3,c3) | SWAP_REG_REG(r4,r3)","r1=R73;c1=string@66672;r2=R71;c2=int:2;r3=R8;c3=int:256;r4=R72","benchmark_rexxcps_levelb_opt",1298
318,2900,1,1,6,over_3_symbols,"BRF_ID_REG(c1,r1) | REQ_REG_REG_REG(r2,r3,r4) | BRF_ID_REG(c1,r2) | RET_REG(r5)","c1=label@15185;r1=R3;r2=R2;r3=R48;r4=R42;r5=R43","trace",15173
319,2806,1,1,6,over_3_symbols,"NULL_REG(r1) | NULL_REG(r2) | SETOBJUNINIT_REG_STRING(r3,c1) | LOAD_REG_INT(r4,c2)","r1=R4;r2=R1;r3=R3;c1=string@64;r4=R0;c2=int:0","_address",15095
320,2806,1,1,7,over_3_symbols,"NULL_REG(r1) | SETOBJUNINIT_REG_STRING(r2,c1) | LOAD_REG_INT(r3,c2) | CALL_REG_FUNC_REG(r4,c3,r3)","r1=R1;r2=R3;c1=string@64;r3=R0;c2=int:0;r4=R5;c3=func@12160","_address",15097
321,2806,1,1,4,over_3_symbols,"SCOPY_REG_REG(r1,r2) | NULL_REG(r3) | SCOPY_REG_REG(r2,r1) | NULL_REG(r4)","r1=R1;r2=R12;r3=R11;r4=R18","_address",15179
322,2802,4,2,5,over_3_symbols,"LINKATTR1_REG_REG_INT(r1,r2,c1) | ICOPY_REG_REG(r1,r3) | UNLINK_REG(r1) | COPY_REG_REG(r4,r2)","r1=R10;r2=R6;c1=int:5;r3=R7;r4=R3","_address",7827
323,2802,4,3,5,over_3_symbols,"NULL_REG(r1) | NULL_REG(r2) | NULL_REG(r3) | LOAD_REG_INT(r4,c1)","r1=R2;r2=R4;r3=R1;r4=R0;c1=int:0","_address",13335
324,2801,2,2,8,over_3_symbols,"BRF_ID_REG(c1,r1) | FNDNBLNK_REG_REG_REG(r2,r3,r4) | ILT_REG_REG_INT(r5,r2,c2) | BRF_ID_REG(c3,r5)","c1=label@1092;r1=R53;r2=R54;r3=R58;r4=R59;r5=R52;c2=int:0;c3=label@1031","benchmark_rexxcps_levelb_opt",1009
325,2801,2,2,8,over_3_symbols,"ILT_REG_REG_REG(r1,r2,r3) | BRF_ID_REG(c1,r1) | FNDNBLNK_REG_REG_REG(r4,r5,r2) | ILT_REG_REG_INT(r6,r4,c2)","r1=R53;r2=R59;r3=R57;c1=label@1092;r4=R54;r5=R58;r6=R52;c2=int:0","benchmark_rexxcps_levelb_opt",1005
326,2801,2,2,8,over_3_symbols,"LOAD_REG_INT(r1,c1) | LOAD_REG_INT(r2,c1) | LOAD_REG_STRING(r3,c2) | ILT_REG_REG_REG(r4,r5,r6)","r1=R56;c1=int:0;r2=R55;r3=R60;c2=string@464;r4=R53;r5=R59;r6=R57","benchmark_rexxcps_levelb_opt",996
327,2801,2,2,8,over_3_symbols,"LOAD_REG_INT(r1,c1) | LOAD_REG_STRING(r2,c2) | ILT_REG_REG_REG(r3,r4,r5) | BRF_ID_REG(c3,r3)","r1=R55;c1=int:0;r2=R60;c2=string@464;r3=R53;r4=R59;r5=R57;c3=label@1092","benchmark_rexxcps_levelb_opt",999
328,2801,2,2,8,over_3_symbols,"LOAD_REG_STRING(r1,c1) | ILT_REG_REG_REG(r2,r3,r4) | BRF_ID_REG(c2,r2) | FNDNBLNK_REG_REG_REG(r5,r6,r3)","r1=R60;c1=string@464;r2=R53;r3=R59;r4=R57;c2=label@1092;r5=R54;r6=R58","benchmark_rexxcps_levelb_opt",1002
329,2800,2,1,5,over_3_symbols,"BCOPY_REG_REG(r1,r2) | UNLINK_REG(r1) | LINKATTR1_REG_REG_INT(r1,r3,c1) | BCOPY_REG_REG(r1,r4)","r1=R27;r2=R33;r3=R35;c1=int:9;r4=R34","_address",8932
330,2800,1,1,6,over_3_symbols,"BRF_ID_REG(c1,r1) | GETATTRS_REG_REG_INT(r2,r3,c2) | IADD_REG_REG_INT(r2,r2,c3) | MINATTRS_REG_REG_INT(r3,r2,c2)","c1=label@5197;r1=R109;r2=R107;r3=R24;c2=int:0;c3=int:1","parseExec",5168
331,2800,1,1,9,over_3_symbols,"BRF_ID_REG(c1,r1) | IGT_REG_REG_REG(r2,r3,r4) | BRF_ID_REG(c2,r2) | GETATTRS_REG_REG_INT(r5,r6,c3)","c1=label@5274;r1=R110;r2=R109;r3=R4;r4=R27;c2=label@5197;r5=R107;r6=R24;c3=int:0","parseExec",5161
332,2800,1,1,5,over_3_symbols,"BRF_ID_REG(c1,r1) | ITOS_REG(r2) | CONCAT_REG_STRING_REG(r3,c2,r2) | ITOS_REG(r2)","c1=label@1194;r1=R61;r2=R13;r3=R59;c2=string@30424","benchmark_rexxcps_levelb_opt",1113
333,2800,1,1,8,over_3_symbols,"BRF_ID_REG(c1,r1) | LOAD_REG_STRING(r2,c2) | IADD_REG_REG_INT(r3,r4,c3) | BR_ID(c4)","c1=label@4375;r1=R110;r2=R120;c2=string@28800;r3=R112;r4=R118;c3=int:1;c4=label@4486","parseExec",4363
334,2800,1,1,7,over_3_symbols,"BRT_ID_REG(c1,r1) | ITOS_REG(r2) | CONCAT_REG_STRING_REG(r3,c2,r2) | LOAD_REG_INT(r4,c3)","c1=label@1200;r1=R65;r2=R13;r3=R61;c2=string@30424;r4=R59;c3=int:2","benchmark_rexxcps_levelb_opt",742
335,2800,2,1,9,over_3_symbols,"CONCAT_REG_REG_STRING(r1,r2,c1) | CONCAT_REG_REG_STRING(r3,r1,c2) | LOAD_REG_INT(r4,c3) | SETTP_REG_INT(r5,c4)","r1=R61;r2=R42;c1=string@64944;r3=R69;c2=string@17560;r4=R67;c3=int:2;r5=R8;c4=int:256","benchmark_rexxcps_levelb_opt",1239
336,2800,2,1,8,over_3_symbols,"CONCAT_REG_REG_STRING(r1,r2,c1) | LOAD_REG_INT(r3,c2) | SETTP_REG_INT(r4,c3) | SWAP_REG_REG(r5,r4)","r1=R69;r2=R61;c1=string@17560;r3=R67;c2=int:2;r4=R8;c3=int:256;r5=R68","benchmark_rexxcps_levelb_opt",1243
337,2800,1,1,6,over_3_symbols,"CONCAT_REG_STRING_REG(r1,c1,r2) | ITOS_REG(r2) | CONCAT_REG_STRING_REG(r3,c1,r2) | LOAD_REG_INT(r4,c2)","r1=R59;c1=string@30424;r2=R13;r3=R56;r4=R54;c2=int:2","benchmark_rexxcps_levelb_opt",1118
338,2800,1,1,5,over_3_symbols,"DADD_REG_REG_DECIMAL(r1,r1,c1) | DCOPY_REG_REG(r2,r1) | DTOS_REG(r2) | LOAD_REG_INT(r3,c2)","r1=R56;c1=decimal@62552;r2=R60;r3=R57;c2=int:3","benchmark_rexxcps_levelb_opt",1152
339,2800,1,1,4,over_3_symbols,"DCOPY_REG_REG(r1,r2) | DTOS_REG(r1) | LOAD_REG_INT(r3,c1) | STRLEN_REG_REG(r3,r1)","r1=R60;r2=R25;r3=R61;c1=int:0","benchmark_rexxcps_levelb_opt",784
340,2800,1,1,4,over_3_symbols,"DCOPY_REG_REG(r1,r2) | DTOS_REG(r1) | REQ_REG_REG_STRING(r1,r1,c1) | BRF_ID_REG(c2,r1)","r1=R61;r2=R25;c1=string@45128;c2=label@824","benchmark_rexxcps_levelb_opt",810
341,2800,1,1,7,over_3_symbols,"DGT_REG_REG_REG(r1,r2,r3) | BRT_ID_REG(c1,r1) | ITOS_REG(r4) | CONCAT_REG_STRING_REG(r5,c2,r4)","r1=R65;r2=R25;r3=R66;c1=label@1200;r4=R13;r5=R61;c2=string@30424","benchmark_rexxcps_levelb_opt",738
342,2800,1,1,7,over_3_symbols,"DLT_REG_REG_DECIMAL(r1,r2,c1) | BRF_ID_REG(c2,r1) | ITOS_REG(r3) | CONCAT_REG_STRING_REG(r4,c3,r3)","r1=R61;r2=R25;c1=decimal@61760;c2=label@1194;r3=R13;r4=R59;c3=string@30424","benchmark_rexxcps_levelb_opt",1109
343,2800,1,1,4,over_3_symbols,"DTOS_REG(r1) | LOAD_REG_INT(r2,c1) | STRLEN_REG_REG(r2,r1) | ICOPY_REG_REG(r3,r2)","r1=R60;r2=R61;c1=int:0;r3=R59","benchmark_rexxcps_levelb_opt",787
344,2800,2,1,3,candidate,"ENDLIFE_REG(r1) | NULL_REG(r1) | BCOPY_REG_REG(r2,r1) | BR_ID(c1)","r1=R89;r2=R87;c1=label@1681","benchmark_rexxcps_levelb_opt",1672
345,2800,1,1,9,over_3_symbols,"FNDBLNK_REG_REG_REG(r1,r2,r3) | IEQ_REG_REG_INT(r4,r5,c1) | BRF_ID_REG(c2,r4) | ILT_REG_REG_INT(r6,r1,c3)","r1=R56;r2=R58;r3=R54;r4=R52;r5=R61;c1=int:1;c2=label@1072;r6=R51;c3=int:0","benchmark_rexxcps_levelb_opt",1035
346,2800,1,1,7,over_3_symbols,"IADD_REG_REG_INT(r1,r1,c1) | FNDBLNK_REG_REG_REG(r2,r3,r4) | IEQ_REG_REG_INT(r5,r1,c1) | BRF_ID_REG(c2,r5)","r1=R61;c1=int:1;r2=R56;r3=R58;r4=R54;r5=R52;c2=label@1072","benchmark_rexxcps_levelb_opt",1031
347,2800,1,1,7,over_3_symbols,"IADD_REG_REG_INT(r1,r1,c1) | MINATTRS_REG_REG_INT(r2,r1,c2) | LINKATTR1_REG_REG_REG(r3,r2,r1) | LOAD_REG_STRING(r4,c3)","r1=R107;c1=int:1;r2=R24;c2=int:0;r3=R106;r4=R105;c3=string@28800","parseExec",5175
348,2800,2,1,5,over_3_symbols,"ICOPY_REG_REG(r1,r2) | UNLINK_REG(r1) | COPY_REG_REG(r3,r4) | COPY_REG_REG(r5,r3)","r1=R10;r2=R7;r3=R3;r4=R6;r5=R11","_address",7831
349,2800,1,1,8,over_3_symbols,"IGT_REG_REG_REG(r1,r2,r3) | BRF_ID_REG(c1,r1) | GETATTRS_REG_REG_INT(r4,r5,c2) | IADD_REG_REG_INT(r4,r4,c3)","r1=R109;r2=R4;r3=R27;c1=label@5197;r4=R107;r5=R24;c2=int:0;c3=int:1","parseExec",5164
350,2800,1,1,8,over_3_symbols,"IGT_REG_REG_REG(r1,r2,r3) | BRF_ID_REG(c1,r1) | LOAD_REG_STRING(r4,c2) | IADD_REG_REG_INT(r5,r3,c3)","r1=R110;r2=R116;r3=R118;c1=label@4375;r4=R120;c2=string@28800;r5=R112;c3=int:1","parseExec",4359
351,2800,1,1,6,over_3_symbols,"ISUB_REG_REG_REG(r1,r2,r3) | SETSTRPOS_REG_REG(r4,r3) | SUBSTRING_REG_REG_REG(r5,r4,r1) | SCOPY_REG_REG(r6,r5)","r1=R55;r2=R56;r3=R54;r4=R58;r5=R60;r6=R52","benchmark_rexxcps_levelb_opt",1056
352,2800,1,1,4,over_3_symbols,"ITOS_REG(r1) | CONCAT_REG_STRING_REG(r2,c1,r1) | ITOS_REG(r1) | CONCAT_REG_STRING_REG(r3,c1,r1)","r1=R13;r2=R59;c1=string@30424;r3=R56","benchmark_rexxcps_levelb_opt",1116
353,2800,2,1,5,over_3_symbols,"LINKATTR1_REG_REG_INT(r1,r2,c1) | BCOPY_REG_REG(r1,r3) | UNLINK_REG(r1) | LINKATTR1_REG_REG_INT(r1,r2,c2)","r1=R27;r2=R35;c1=int:8;r3=R33;c2=int:9","_address",8928
354,2800,2,1,5,over_3_symbols,"LINKATTR1_REG_REG_INT(r1,r2,c1) | SCOPY_REG_REG(r1,r3) | UNLINK_REG(r1) | LINKATTR1_REG_REG_INT(r1,r2,c2)","r1=R27;r2=R35;c1=int:4;r3=R31;c2=int:3","_address",8910
355,2800,2,1,6,over_3_symbols,"LINKATTR1_REG_REG_INT(r1,r2,c1) | SCOPY_REG_REG(r3,r1) | UNLINK_REG(r1) | LOAD_REG_INT(r4,c2)","r1=R77;r2=R78;c1=int:2;r3=R44;r4=R73;c2=int:0","benchmark_rexxcps_levelb_opt",1548
356,2800,2,1,5,over_3_symbols,"LINKATTR1_REG_REG_REG(r1,r2,r3) | COPY_REG_REG(r4,r1) | ASSERTTYPE_REG_STRING(r4,c1) | UNLINK_REG(r1)","r1=R38;r2=R43;r3=R4;r4=R37;c1=string@10","_address",13675
357,2800,1,1,5,over_3_symbols,"LINKATTR1_REG_REG_REG(r1,r2,r3) | LOAD_REG_STRING(r4,c1) | SCOPY_REG_REG(r1,r4) | UNLINK_REG(r1)","r1=R106;r2=R24;r3=R107;r4=R105;c1=string@28800","parseExec",5183
358,2800,1,1,4,over_3_symbols,"LOAD_REG_STRING(r1,c1) | SCOPY_REG_REG(r2,r1) | UNLINK_REG(r2) | BR_ID(c2)","r1=R105;c1=string@28800;r2=R106;c2=label@5274","parseExec",5187
359,2800,1,1,6,over_3_symbols,"LOAD_REG_STRING(r1,c1) | STRLEN_REG_REG(r2,r1) | IEQ_REG_REG_INT(r3,r2,c2) | BRF_ID_REG(c3,r3)","r1=R58;c1=string@30304;r2=R57;r3=R53;c2=int:0;c3=label@987","benchmark_rexxcps_levelb_opt",969
360,2800,2,1,6,over_3_symbols,"MINATTRS_REG_REG_INT(r1,r2,c1) | LINKATTR1_REG_REG_REG(r3,r1,r2) | COPY_REG_REG(r4,r3) | ASSERTTYPE_REG_STRING(r4,c2)","r1=R43;r2=R4;c1=int:0;r3=R38;r4=R37;c2=string@10","_address",13671
361,2800,1,1,6,over_3_symbols,"MINATTRS_REG_REG_INT(r1,r2,c1) | LINKATTR1_REG_REG_REG(r3,r1,r2) | LOAD_REG_STRING(r4,c2) | SCOPY_REG_REG(r3,r4)","r1=R24;r2=R107;c1=int:0;r3=R106;r4=R105;c2=string@28800","parseExec",5179
362,2800,1,1,5,over_3_symbols,"NULL_REG(r1) | LOAD_REG_STRING(r2,c1) | STRLEN_REG_REG(r1,r2) | IEQ_REG_REG_INT(r3,r1,c2)","r1=R57;r2=R58;c1=string@30304;r3=R53;c2=int:0","benchmark_rexxcps_levelb_opt",967
363,2800,2,1,6,over_3_symbols,"NULL_REG(r1) | NULL_REG(r2) | LOAD_REG_INT(r3,c1) | CALL_REG_FUNC_REG(r4,c2,r3)","r1=R4;r2=R1;r3=R0;c1=int:0;r4=R5;c2=func@12160","_address",13337
364,2800,1,1,4,over_3_symbols,"SCOPY_REG_REG(r1,r2) | STOD_REG(r1) | DADD_REG_REG_DECIMAL(r1,r1,c1) | DCOPY_REG_REG(r3,r1)","r1=R56;r2=R53;c1=decimal@62552;r3=R60","benchmark_rexxcps_levelb_opt",1147
365,2800,1,1,4,over_3_symbols,"SCOPY_REG_REG(r1,r2) | STOD_REG(r1) | DGT_REG_REG_REG(r1,r3,r1) | BRF_ID_REG(c1,r1)","r1=R61;r2=R58;r3=R25;c1=label@784","benchmark_rexxcps_levelb_opt",770
366,2800,2,1,7,over_3_symbols,"SETATTRS_REG_INT(r1,c1) | SETOBJTYPE_REG_STRING(r1,c2) | LOAD_REG_INT(r2,c3) | LINKATTR1_REG_REG_INT(r3,r1,c4)","r1=R6;c1=int:7;c2=string@16;r2=R8;c3=int:0;r3=R7;c4=int:4","_address",7782
367,2800,2,2,5,over_3_symbols,"SETNUMCAS_INT(c1) | SETNUMSTD_INT(c1) | BRTPANDT_ID_REG_INT(c2,r1,c3) | LOAD_REG_STRING(r1,c4)","c1=int:1;c2=label@14826;r1=R9;c3=int:256;c4=string@28800","_address",14812
368,2800,2,2,6,over_3_symbols,"SETNUMSTD_INT(c1) | BRTPANDT_ID_REG_INT(c2,r1,c3) | LOAD_REG_STRING(r1,c4) | SETTP_REG_INT(r1,c5)","c1=int:1;c2=label@14826;r1=R9;c3=int:256;c4=string@28800;c5=int:0","_address",14814
369,2800,2,1,6,over_3_symbols,"SETOBJTYPE_REG_STRING(r1,c1) | LOAD_REG_INT(r2,c2) | LINKATTR1_REG_REG_INT(r3,r1,c3) | ICOPY_REG_REG(r3,r2)","r1=R6;c1=string@16;r2=R8;c2=int:0;r3=R7;c3=int:4","_address",7785
370,2800,2,1,8,over_3_symbols,"SETOBJUNINIT_REG_STRING(r1,c1) | SETOBJUNINIT_REG_STRING(r2,c2) | LOAD_REG_INT(r3,c3) | CALL_REG_FUNC_REG(r4,c4,r3)","r1=R18;c1=string@61;r2=R20;c2=string@60;r3=R10;c3=int:0;r4=R8;c4=func@12160","_address",8798
371,2800,2,1,6,over_3_symbols,"SETTP_REG_INT(r1,c1) | SWAP_REG_REG(r2,r1) | SETTP_REG_INT(r3,c2) | SWAP_REG_REG(r4,r3)","r1=R1;c1=int:256;r2=R38;r3=R22;c2=int:768;r4=R39","_address",17591
372,2800,1,1,3,candidate,"STOD_REG(r1) | DADD_REG_REG_DECIMAL(r1,r1,c1) | DCOPY_REG_REG(r2,r1) | DTOS_REG(r2)","r1=R56;c1=decimal@62552;r2=R60","benchmark_rexxcps_levelb_opt",1150
373,2800,1,1,6,over_3_symbols,"STRLEN_REG_REG(r1,r2) | LOAD_REG_INT(r3,c1) | ISUB_REG_REG_REG(r4,r1,r3) | BGE_ID_REG_INT(c2,r4,c1)","r1=R51;r2=R52;r3=R53;c1=int:0;r4=R61;c2=label@880","benchmark_rexxcps_levelb_opt",863
374,2800,1,1,5,over_3_symbols,"SWAP_REG_REG(r1,r2) | SCOPY_REG_REG(r3,r4) | STOD_REG(r3) | DADD_REG_REG_DECIMAL(r3,r3,c1)","r1=R4;r2=R55;r3=R56;r4=R53;c1=decimal@62552","benchmark_rexxcps_levelb_opt",1144
375,2800,1,1,5,over_3_symbols,"SWAP_REG_REG(r1,r2) | SCOPY_REG_REG(r3,r4) | STOD_REG(r3) | DGT_REG_REG_REG(r3,r5,r3)","r1=R4;r2=R60;r3=R61;r4=R58;r5=R25","benchmark_rexxcps_levelb_opt",767
376,2799,1,1,5,over_3_symbols,"ICOPY_REG_REG(r1,r2) | INE_REG_REG_INT(r3,r1,c1) | BRF_ID_REG(c2,r3) | RET_INT(c1)","r1=R4;r2=R21;r3=R22;c1=int:0;c2=label@15285","_address",15273
377,2700,2,1,7,over_3_symbols,"BRF_ID_REG(c1,r1) | LOAD_REG_STRING(r2,c2) | LOAD_REG_STRING(r3,c2) | LOAD_REG_INT(r4,c3)","c1=label@1358;r1=R67;r2=R60;c2=string@66672;r3=R73;r4=R71;c3=int:2","benchmark_rexxcps_levelb_opt",1292
378,2700,2,1,5,over_3_symbols,"DMULT_REG_REG_DECIMAL(r1,r1,c1) | DCOPY_REG_REG(r2,r1) | DTOS_REG(r2) | LOAD_REG_INT(r3,c2)","r1=R73;c1=decimal@41944;r2=R61;r3=R58;c2=int:3","benchmark_rexxcps_levelb_opt",1325
379,2700,2,1,7,over_3_symbols,"LOAD_REG_STRING(r1,c1) | LOAD_REG_STRING(r2,c1) | LOAD_REG_INT(r3,c2) | SETTP_REG_INT(r4,c3)","r1=R60;c1=string@66672;r2=R73;r3=R71;c2=int:2;r4=R8;c3=int:256","benchmark_rexxcps_levelb_opt",1295
380,2700,2,1,7,over_3_symbols,"RNE_REG_REG_STRING(r1,r2,c1) | BRF_ID_REG(c2,r1) | LOAD_REG_STRING(r3,c3) | LOAD_REG_STRING(r4,c3)","r1=R67;r2=R42;c1=string@26184;c2=label@1358;r3=R60;c3=string@66672;r4=R73","benchmark_rexxcps_levelb_opt",1288
381,2700,2,1,4,over_3_symbols,"SCOPY_REG_REG(r1,r2) | STOD_REG(r1) | DMULT_REG_REG_DECIMAL(r1,r1,c1) | DCOPY_REG_REG(r3,r1)","r1=R73;r2=R57;c1=decimal@41944;r3=R61","benchmark_rexxcps_levelb_opt",1320
382,2700,2,1,3,candidate,"STOD_REG(r1) | DMULT_REG_REG_DECIMAL(r1,r1,c1) | DCOPY_REG_REG(r2,r1) | DTOS_REG(r2)","r1=R73;c1=decimal@41944;r2=R61","benchmark_rexxcps_levelb_opt",1323
383,2700,2,1,5,over_3_symbols,"SWAP_REG_REG(r1,r2) | SCOPY_REG_REG(r3,r4) | STOD_REG(r3) | DMULT_REG_REG_DECIMAL(r3,r3,c1)","r1=R8;r2=R72;r3=R73;r4=R57;c1=decimal@41944","benchmark_rexxcps_levelb_opt",1317
384,1800,3,2,5,over_3_symbols,"BRT_ID_REG(c1,r1) | NULL_REG(r2) | NULL_REG(r3) | NULL_REG(r4)","c1=label@485;r1=R46;r2=R11;r3=R10;r4=R9","benchmark_rexxcps_levelb_opt",504
385,1607,3,2,6,over_3_symbols,"LOAD_REG_INT(r1,c1) | SETTP_REG_INT(r2,c2) | SWAP_REG_REG(r3,r2) | SETTP_REG_INT(r4,c2)","r1=R29;c1=int:3;r2=R28;c2=int:256;r3=R30;r4=R26","_address",15352
386,1601,2,1,5,over_3_symbols,"LINKATTR1_REG_REG_INT(r1,r2,c1) | SCOPY_REG_REG(r1,r3) | UNLINK_REG(r1) | LOAD_REG_STRING(r3,c2)","r1=R5;r2=R6;c1=int:10;r3=R4;c2=string@28800","trace",11530
387,1601,2,1,5,over_3_symbols,"SCOPY_REG_REG(r1,r2) | UNLINK_REG(r1) | LOAD_REG_STRING(r2,c1) | LINKATTR1_REG_REG_INT(r1,r3,c2)","r1=R5;r2=R4;c1=string@28800;r3=R6;c2=int:13","trace",11534
388,1601,3,2,9,over_3_symbols,"SWAP_REG_REG(r1,r2) | SETTP_REG_INT(r3,c1) | SETTP_REG_INT(r4,c2) | CALL_REG_FUNC_REG(r5,c3,r6)","r1=R30;r2=R15;r3=R32;c1=int:512;r4=R33;c2=int:0;r5=R13;c3=func@5504;r6=R29","benchmark_rexxcps_levelb_opt",113
389,1600,1,1,6,over_3_symbols,"BRF_ID_REG(c1,r1) | LOAD_REG_INT(r2,c2) | COPY_REG_REG(r3,r4) | BPOFF()","c1=label@11629;r1=R5;r2=R29;c2=int:0;r3=R7;r4=R30","trace",11618
390,1600,1,1,8,over_3_symbols,"COPY_REG_REG(r1,r2) | REQ_REG_REG_STRING(r3,r4,c1) | BRF_ID_REG(c2,r3) | LOAD_REG_INT(r5,c3)","r1=R30;r2=R6;r3=R5;r4=R2;c1=string@1499280;c2=label@11629;r5=R29;c3=int:0","trace",11611
391,1600,2,2,6,over_3_symbols,"IGT_REG_REG_REG(r1,r2,r3) | BRT_ID_REG(c1,r1) | NULL_REG(r4) | NULL_REG(r5)","r1=R46;r2=R13;r3=R45;c1=label@485;r4=R11;r5=R10","benchmark_rexxcps_levelb_opt",500
392,1600,1,1,4,over_3_symbols,"LOAD_REG_INT(r1,c1) | COPY_REG_REG(r2,r3) | BPOFF() | RET()","r1=R29;c1=int:0;r2=R7;r3=R30","trace",11621
393,1600,1,1,8,over_3_symbols,"LOAD_REG_STRING(r1,c1) | COPY_REG_REG(r2,r3) | LOAD_REG_INT(r4,c2) | LINKATTR1_REG_REG_INT(r5,r2,c3)","r1=R32;c1=string@28800;r2=R6;r3=R30;r4=R4;c2=int:0;r5=R5;c3=int:12","trace",11497
394,1600,3,1,5,over_3_symbols,"REQ_REG_REG_STRING(r1,r2,c1) | BRF_ID_REG(c2,r1) | BPOFF() | BR_ID(c3)","r1=R39;r2=R36;c1=string@23712;c2=label@439;c3=label@469","benchmark_rexxcps_levelb_opt",429
395,1600,1,1,8,over_3_symbols,"REQ_REG_REG_STRING(r1,r2,c1) | BRF_ID_REG(c2,r1) | LOAD_REG_INT(r3,c3) | COPY_REG_REG(r4,r5)","r1=R5;r2=R2;c1=string@1499280;c2=label@11629;r3=R29;c3=int:0;r4=R7;r5=R30","trace",11614
396,1600,1,1,6,over_3_symbols,"SCOPY_REG_REG(r1,r2) | UNLINK_REG(r1) | COPY_REG_REG(r3,r4) | REQ_REG_REG_STRING(r1,r5,c1)","r1=R5;r2=R4;r3=R30;r4=R6;r5=R2;c1=string@1499280","trace",11606
397,1600,1,1,5,over_3_symbols,"SETNUMCAS_INT(c1) | SETNUMSTD_INT(c2) | LOAD_REG_STRING(r1,c3) | LOAD_REG_STRING(r2,c3)","c1=int:1;c2=int:2;r1=R0;c3=string@464;r2=R2","benchmark_rexxcps_levelb_opt",5516
398,1600,1,1,4,over_3_symbols,"SETNUMFRM_INT(c1) | SETNUMCAS_INT(c1) | SETNUMSTD_INT(c2) | LOAD_REG_STRING(r1,c3)","c1=int:1;c2=int:2;r1=R0;c3=string@464","benchmark_rexxcps_levelb_opt",5514
399,1600,1,1,4,over_3_symbols,"SETNUMSTD_INT(c1) | LOAD_REG_STRING(r1,c2) | LOAD_REG_STRING(r2,c2) | RET()","c1=int:2;r1=R0;c2=string@464;r2=R2","benchmark_rexxcps_levelb_opt",5518
400,1600,1,1,6,over_3_symbols,"UNLINK_REG(r1) | COPY_REG_REG(r2,r3) | REQ_REG_REG_STRING(r1,r4,c1) | BRF_ID_REG(c2,r1)","r1=R5;r2=R30;r3=R6;r4=R2;c1=string@1499280;c2=label@11629","trace",11609
401,1500,1,1,4,over_3_symbols,"SETNUMCAS_INT(c1) | SETNUMSTD_INT(c1) | LOAD_REG_INT(r1,c1) | SETTP_REG_INT(r2,c2)","c1=int:1;r1=R2;r2=R14;c2=int:256","trace",17298
402,1500,1,1,2,candidate,"SETNUMFRM_INT(c1) | SETNUMCAS_INT(c1) | SETNUMSTD_INT(c1) | LOAD_REG_INT(r1,c1)","c1=int:1;r1=R2","trace",17296
403,1500,1,1,5,over_3_symbols,"SETNUMSTD_INT(c1) | LOAD_REG_INT(r1,c1) | SETTP_REG_INT(r2,c2) | SWAP_REG_REG(r3,r2)","c1=int:1;r1=R2;r2=R14;c2=int:256;r3=R3","trace",17300
404,1431,3,2,6,over_3_symbols,"IADD_REG_REG_INT(r1,r2,c1) | UNLINK_REG(r2) | LINKATTR1_REG_REG_INT(r3,r4,c2) | ICOPY_REG_REG(r3,r1)","r1=R22;r2=R24;c1=int:1;r3=R25;r4=R37;c2=int:16","trace",6088
405,1431,3,2,6,over_3_symbols,"LINKATTR1_REG_REG_INT(r1,r2,c1) | IADD_REG_REG_INT(r3,r1,c2) | UNLINK_REG(r1) | LINKATTR1_REG_REG_INT(r4,r2,c1)","r1=R24;r2=R37;c1=int:16;r3=R22;c2=int:1;r4=R25","trace",6084
406,1431,3,2,5,over_3_symbols,"UNLINK_REG(r1) | LINKATTR1_REG_REG_INT(r2,r3,c1) | ICOPY_REG_REG(r2,r4) | UNLINK_REG(r2)","r1=R24;r2=R25;r3=R37;c1=int:16;r4=R22","trace",6092
407,1424,13,2,8,over_3_symbols,"SWAP_REG_REG(r1,r2) | SWAP_REG_REG(r3,r4) | SWAP_REG_REG(r5,r6) | SWAP_REG_REG(r7,r8)","r1=R1;r2=R42;r3=R38;r4=R43;r5=R37;r6=R44;r7=R30;r8=R45","_address",17712
408,1407,2,1,5,over_3_symbols,"MINATTRS_REG_REG_INT(r1,r2,c1) | LINKATTR1_REG_REG_REG(r3,r1,r2) | COPY_REG_REG(r3,r4) | UNLINK_REG(r3)","r1=R35;r2=R4;c1=int:0;r3=R32;r4=R3","_address",15411
409,1407,2,1,7,over_3_symbols,"SETTP_REG_INT(r1,c1) | SWAP_REG_REG(r2,r1) | SRCMETHODSEL_REG_REG_STRING(r3,r4,c2) | DCALL_REG_REG_REG(r3,r3,r5)","r1=R25;c1=int:256;r2=R32;r3=R21;r4=R30;c2=string@5;r5=R29","_address",15367
410,1407,2,2,6,over_3_symbols,"SWAP_REG_REG(r1,r2) | SETTP_REG_INT(r3,c1) | SWAP_REG_REG(r4,r3) | SETTP_REG_INT(r5,c1)","r1=R83;r2=R88;r3=R87;c1=int:768;r4=R84;r5=R86","benchmark_rexxcps_levelb_opt",1704
411,1407,6,1,4,over_3_symbols,"UNLINK_REG(r1) | LINKATTR1_REG_REG_INT(r1,r2,c1) | SCOPY_REG_REG(r1,r3) | UNLINK_REG(r1)","r1=R8;r2=R16;c1=int:1;r3=R18","_address",5730
412,1402,2,2,8,over_3_symbols,"ICOPY_REG_REG(r1,r2) | ICOPY_REG_REG(r3,r4) | ICOPY_REG_REG(r5,r6) | ICOPY_REG_REG(r7,r8)","r1=R7;r2=R63;r3=R2;r4=R65;r5=R15;r6=R67;r7=R17;r8=R69","_typedformat",18
413,1402,2,2,5,over_3_symbols,"ICOPY_REG_REG(r1,r2) | UNLINK_REG(r1) | LOAD_REG_INT(r1,c1) | LINKATTR1_REG_REG_INT(r2,r3,c2)","r1=R7;r2=R10;c1=int:0;r3=R6;c2=int:5","_address",7819
414,1402,2,2,5,over_3_symbols,"LINKATTR1_REG_REG_INT(r1,r2,c1) | ICOPY_REG_REG(r1,r3) | UNLINK_REG(r1) | LOAD_REG_INT(r1,c2)","r1=R7;r2=R6;c1=int:2;r3=R10;c2=int:0","_address",7815
415,1402,2,2,5,over_3_symbols,"UNLINK_REG(r1) | LOAD_REG_INT(r1,c1) | LINKATTR1_REG_REG_INT(r2,r3,c2) | ICOPY_REG_REG(r2,r1)","r1=R7;c1=int:0;r2=R10;r3=R6;c2=int:5","_address",7822
416,1401,2,2,7,over_3_symbols,"COPY_REG_REG(r1,r2) | COPY_REG_REG(r3,r1) | LOAD_REG_INT(r4,c1) | LINKATTR1_REG_REG_INT(r5,r3,c2)","r1=R3;r2=R6;r3=R11;r4=R7;c1=int:-3;r5=R10;c2=int:4","_address",7836
417,1401,2,2,6,over_3_symbols,"COPY_REG_REG(r1,r2) | LOAD_REG_STRING(r3,c1) | LINKATTR1_REG_REG_INT(r4,r1,c2) | SCOPY_REG_REG(r4,r3)","r1=R12;r2=R3;r3=R13;c1=string@312512;r4=R10;c2=int:1","_address",7857
418,1401,2,1,8,over_3_symbols,"LOAD_REG_INT(r1,c1) | LOAD_REG_INT(r2,c2) | SETTP_REG_INT(r3,c3) | SETTP_REG_INT(r4,c4)","r1=R77;c1=int:0;r2=R73;c2=int:4;r3=R74;c3=int:256;r4=R75;c4=int:768","benchmark_rexxcps_levelb_opt",1511
419,1401,2,1,7,over_3_symbols,"LOAD_REG_INT(r1,c1) | SETTP_REG_INT(r2,c2) | SETTP_REG_INT(r3,c3) | SETTP_REG_INT(r4,c2)","r1=R80;c1=int:5;r2=R81;c2=int:768;r3=R82;c3=int:256;r4=R88","benchmark_rexxcps_levelb_opt",1692
420,1401,2,2,8,over_3_symbols,"LOAD_REG_STRING(r1,c1) | LOAD_REG_STRING(r2,c2) | LOAD_REG_STRING(r3,c3) | LOAD_REG_INT(r4,c4)","r1=R74;c1=string@71368;r2=R75;c2=string@71656;r3=R76;c3=string@71824;r4=R77;c4=int:0","benchmark_rexxcps_levelb_opt",1502
421,1401,2,1,4,over_3_symbols,"SETNUMCAS_INT(c1) | SETNUMSTD_INT(c2) | NULL_REG(r1) | NULL_REG(r2)","c1=int:1;c2=int:2;r1=R25;r2=R26","benchmark_rexxcps_levelb_opt",6
422,1401,2,1,3,candidate,"SETNUMFRM_INT(c1) | SETNUMCAS_INT(c1) | SETNUMSTD_INT(c2) | NULL_REG(r1)","c1=int:1;c2=int:2;r1=R25","benchmark_rexxcps_levelb_opt",4
423,1401,2,2,6,over_3_symbols,"UNLINK_REG(r1) | COPY_REG_REG(r2,r3) | COPY_REG_REG(r4,r2) | LOAD_REG_INT(r5,c1)","r1=R10;r2=R3;r3=R6;r4=R11;r5=R7;c1=int:-3","_address",7834
424,1400,1,1,6,over_3_symbols,"APPEND_REG_REG(r1,r2) | CONCAT_REG_REG_STRING(r1,r1,c1) | CONCAT_REG_REG_REG(r3,r1,r4) | NULL_REG(r5)","r1=R15;r2=R28;c1=string@32888;r3=R11;r4=R29;r5=R16","benchmark_rexxcps_levelb_opt",2602
425,1400,1,1,6,over_3_symbols,"ASSERTTYPE_REG_STRING(r1,c1) | UNLINK_REG(r2) | COPY_REG_REG(r3,r4) | LINKATTR1_REG_REG_INT(r2,r3,c2)","r1=R3;c1=string@10;r2=R30;r3=R40;r4=R54;c2=int:3","_address",17569
426,1400,1,1,5,over_3_symbols,"BCF_ID_REG(c1,r1) | NULL_REG(r2) | NULL_REG(r3) | NULL_REG(r4)","c1=label@2690;r1=R10;r2=R14;r3=R13;r4=R12","benchmark_rexxcps_levelb_opt",2589
427,1400,1,1,6,over_3_symbols,"BCOPY_REG_REG(r1,r2) | UNLINK_REG(r1) | LOAD_REG_INT(r3,c1) | LINKATTR1_REG_REG_INT(r1,r4,c2)","r1=R27;r2=R32;r3=R26;c1=int:0;r4=R35;c2=int:1","_address",8950
428,1400,1,1,8,over_3_symbols,"BRF_ID_REG(c1,r1) | IADD_REG_REG_INT(r2,r3,c2) | ISUB_REG_REG_REG(r4,r2,r5) | IGT_REG_REG_REG(r2,r6,r4)","c1=label@3714;r1=R88;r2=R87;r3=R100;c2=int:1;r4=R99;r5=R94;r6=R96","parseExec",3684
429,1400,1,1,6,over_3_symbols,"BRF_ID_REG(c1,r1) | LINKATTR1_REG_REG_INT(r2,r3,c2) | SCOPY_REG_REG(r2,r4) | UNLINK_REG(r2)","c1=label@407;r1=R7;r2=R8;r3=R18;c2=int:4;r4=R20","stem",375
430,1400,1,1,8,over_3_symbols,"BRF_ID_REG(c1,r1) | LOAD_REG_INT(r2,c2) | SETTP_REG_INT(r3,c3) | CALL_REG_FUNC_REG(r4,c4,r2)","c1=label@8882;r1=R27;r2=R0;c2=int:1;r3=R1;c3=int:256;r4=R19;c4=func@11792","_address",8854
431,1400,1,1,6,over_3_symbols,"BRTPANDT_ID_REG_INT(c1,r1,c2) | LOAD_REG_STRING(r1,c3) | SETTP_REG_INT(r1,c4) | GETANDTP_REG_REG_INT(r2,r1,c2)","c1=label@368;r1=R19;c2=int:256;c3=string@28800;c4=int:0;r2=R6","stem",358
432,1400,1,1,7,over_3_symbols,"BRTPANDT_ID_REG_INT(c1,r1,c2) | LOAD_REG_STRING(r1,c3) | SETTP_REG_INT(r1,c4) | LOAD_REG_INT(r2,c5)","c1=label@14826;r1=R9;c2=int:256;c3=string@28800;c4=int:0;r2=R2;c5=int:1","_address",14816
433,1400,1,1,7,over_3_symbols,"CONCAT_REG_REG_REG(r1,r2,r3) | NULL_REG(r4) | SCOPY_REG_REG(r5,r1) | LOAD_REG_STRING(r6,c1)","r1=R11;r2=R15;r3=R29;r4=R16;r5=R17;r6=R20;c1=string@111672","benchmark_rexxcps_levelb_opt",2609
434,1400,1,1,6,over_3_symbols,"CONCAT_REG_REG_STRING(r1,r1,c1) | CONCAT_REG_REG_REG(r2,r1,r3) | NULL_REG(r4) | SCOPY_REG_REG(r5,r2)","r1=R15;c1=string@32888;r2=R11;r3=R29;r4=R16;r5=R17","benchmark_rexxcps_levelb_opt",2605
435,1400,1,1,6,over_3_symbols,"CONCAT_REG_REG_STRING(r1,r2,c1) | APPEND_REG_REG(r1,r3) | CONCAT_REG_REG_STRING(r1,r1,c1) | CONCAT_REG_REG_REG(r4,r1,r5)","r1=R15;r2=R27;c1=string@32888;r3=R28;r4=R11;r5=R29","benchmark_rexxcps_levelb_opt",2598
436,1400,1,1,8,over_3_symbols,"CONCAT_REG_STRING_REG(r1,c1,r2) | LINKATTR1_REG_REG_INT(r3,r4,c2) | IADD_REG_REG_INT(r5,r3,c3) | UNLINK_REG(r3)","r1=R15;c1=string@312856;r2=R5;r3=R10;r4=R16;c2=int:2;r5=R17;c3=int:1","_address",7880
437,1400,1,1,6,over_3_symbols,"CONCAT_REG_STRING_REG(r1,c1,r2) | NULL_REG(r3) | NULL_REG(r4) | NULL_REG(r5)","r1=R49;c1=string@30424;r2=R13;r3=R51;r4=R52;r5=R54","benchmark_rexxcps_levelb_opt",529
438,1400,1,1,5,over_3_symbols,"COPY_REG_REG(r1,r2) | ASSERTTYPE_REG_STRING(r1,c1) | UNLINK_REG(r2) | COPY_REG_REG(r3,r4)","r1=R3;r2=R30;c1=string@10;r3=R40;r4=R54","_address",17566
439,1400,1,1,3,candidate,"COPY_REG_REG(r1,r2) | ASSERTTYPE_REG_STRING(r1,c1) | UNLINK_REG(r2) | RET_REG(r1)","r1=R37;r2=R38;c1=string@10","_address",13679
440,1400,1,1,9,over_3_symbols,"COPY_REG_REG(r1,r2) | CONCAT_REG_STRING_REG(r3,c1,r4) | LINKATTR1_REG_REG_INT(r5,r1,c2) | IADD_REG_REG_INT(r6,r5,c3)","r1=R16;r2=R3;r3=R15;c1=string@312856;r4=R5;r5=R10;c2=int:2;r6=R17;c3=int:1","_address",7877
441,1400,1,1,7,over_3_symbols,"COPY_REG_REG(r1,r2) | COPY_REG_REG(r3,r1) | LOAD_REG_STRING(r4,c1) | LINKATTR1_REG_REG_INT(r5,r3,c2)","r1=R3;r2=R11;r3=R12;r4=R13;c1=string@312512;r5=R10;c2=int:1","_address",7854
442,1400,1,1,6,over_3_symbols,"COPY_REG_REG(r1,r2) | COPY_REG_REG(r3,r1) | RNE_REG_REG_STRING(r4,r3,c1) | BRF_ID_REG(c2,r4)","r1=R23;r2=R28;r3=R1;r4=R27;c1=string@28800;c2=label@8882","_address",8844
443,1400,1,1,9,over_3_symbols,"COPY_REG_REG(r1,r2) | COPY_REG_REG(r3,r4) | COPY_REG_REG(r5,r6) | LINKATTR1_REG_REG_INT(r7,r8,c1)","r1=R33;r2=R86;r3=R34;r4=R87;r5=R32;r6=R88;r7=R27;r8=R35;c1=int:4","_address",8901
444,1400,1,1,8,over_3_symbols,"COPY_REG_REG(r1,r2) | COPY_REG_REG(r3,r4) | LINKATTR1_REG_REG_INT(r5,r6,c1) | SCOPY_REG_REG(r5,r7)","r1=R34;r2=R87;r3=R32;r4=R88;r5=R27;r6=R35;c1=int:4;r7=R31","_address",8904
445,1400,1,1,6,over_3_symbols,"COPY_REG_REG(r1,r2) | LINKATTR1_REG_REG_INT(r3,r4,c1) | SCOPY_REG_REG(r3,r5) | UNLINK_REG(r3)","r1=R32;r2=R88;r3=R27;r4=R35;c1=int:4;r5=R31","_address",8907
446,1400,1,1,7,over_3_symbols,"COPY_REG_REG(r1,r2) | LOAD_REG_INT(r3,c1) | ICOPY_REG_REG(r4,r5) | ISUB_REG_REG_INT(r4,r4,c2)","r1=R3;r2=R35;r3=R25;c1=int:1;r4=R10;r5=R83;c2=int:5","_address",9006
447,1400,1,1,7,over_3_symbols,"COPY_REG_REG(r1,r2) | NULL_REG(r3) | COPY_REG_REG(r4,r1) | CONCAT_REG_STRING_REG(r5,c1,r6)","r1=R3;r2=R12;r3=R14;r4=R16;r5=R15;c1=string@312856;r6=R5","_address",7872
448,1400,1,1,7,over_3_symbols,"COPY_REG_REG(r1,r2) | REQ_REG_REG_STRING(r3,r1,c1) | BRF_ID_REG(c2,r3) | LOAD_REG_INT(r4,c3)","r1=R1;r2=R7;r3=R11;c1=string@28800;c2=label@13401;r4=R10;c3=int:0","_address",13384
449,1400,1,1,7,over_3_symbols,"COPY_REG_REG(r1,r2) | RNE_REG_REG_STRING(r3,r1,c1) | BRF_ID_REG(c2,r3) | LOAD_REG_INT(r4,c3)","r1=R1;r2=R23;r3=R27;c1=string@28800;c2=label@8882;r4=R0;c3=int:1","_address",8847
450,1400,1,1,6,over_3_symbols,"COPY_REG_REG(r1,r2) | UNLINK_REG(r1) | LOAD_REG_STRING(r3,c1) | LINKATTR1_REG_REG_INT(r1,r4,c2)","r1=R27;r2=R36;r3=R26;c1=string@28800;r4=R35;c2=int:5","_address",8989
451,1400,1,1,7,over_3_symbols,"ENDLIFE_REG(r1) | LOAD_REG_INT(r2,c1) | SETTP_REG_INT(r3,c2) | SETTP_REG_INT(r4,c3)","r1=R89;r2=R80;c1=int:5;r3=R81;c2=int:768;r4=R82;c3=int:256","benchmark_rexxcps_levelb_opt",1690
452,1400,1,1,8,over_3_symbols,"GETANDTP_REG_REG_INT(r1,r2,c1) | NOT_REG_REG(r3,r1) | BRF_ID_REG(c2,r3) | LINKATTR1_REG_REG_INT(r4,r5,c3)","r1=R6;r2=R19;c1=int:256;r3=R7;c2=label@407;r4=R8;r5=R18;c3=int:4","stem",368
453,1400,1,1,7,over_3_symbols,"IADD_REG_REG_INT(r1,r2,c1) | ISUB_REG_REG_REG(r3,r1,r4) | IGT_REG_REG_REG(r1,r5,r3) | BRF_ID_REG(c2,r1)","r1=R87;r2=R100;c1=int:1;r3=R99;r4=R94;r5=R96;c2=label@3708","parseExec",3687
454,1400,1,1,6,over_3_symbols,"IADD_REG_REG_INT(r1,r2,c1) | UNLINK_REG(r2) | ICOPY_REG_REG(r3,r1) | LINKATTR1_REG_REG_INT(r1,r4,c2)","r1=R17;r2=R10;c1=int:1;r3=R14;r4=R16;c2=int:2","_address",7888
455,1400,1,1,8,over_3_symbols,"ICOPY_REG_REG(r1,r2) | ICOPY_REG_REG(r3,r4) | ICOPY_REG_REG(r5,r6) | SCOPY_REG_REG(r7,r8)","r1=R94;r2=R8;r3=R93;r4=R4;r5=R95;r6=R6;r7=R102;r8=R7","parseExec",3629
456,1400,1,1,6,over_3_symbols,"ICOPY_REG_REG(r1,r2) | ICOPY_REG_REG(r3,r4) | SCOPY_REG_REG(r5,r6) | STOI_REG(r5)","r1=R93;r2=R4;r3=R95;r4=R6;r5=R102;r6=R7","parseExec",3632
457,1400,1,1,7,over_3_symbols,"ICOPY_REG_REG(r1,r2) | ISUB_REG_REG_INT(r1,r1,c1) | LOAD_REG_INT(r3,c2) | IGT_REG_REG_REG(r4,r5,r1)","r1=R10;r2=R83;c1=int:5;r3=R4;c2=int:2;r4=R5;r5=R25","_address",9012
458,1400,1,1,4,over_3_symbols,"ICOPY_REG_REG(r1,r2) | LINKATTR1_REG_REG_INT(r2,r3,c1) | ICOPY_REG_REG(r2,r1) | UNLINK_REG(r2)","r1=R14;r2=R17;r3=R16;c1=int:2","_address",7894
459,1400,1,1,5,over_3_symbols,"ICOPY_REG_REG(r1,r2) | SCOPY_REG_REG(r3,r4) | STOI_REG(r3) | ICOPY_REG_REG(r5,r3)","r1=R95;r2=R6;r3=R102;r4=R7;r5=R96","parseExec",3635
460,1400,1,1,5,over_3_symbols,"ICOPY_REG_REG(r1,r2) | UNLINK_REG(r1) | LINKATTR1_REG_REG_INT(r1,r3,c1) | COPY_REG_REG(r1,r4)","r1=R27;r2=R26;r3=R35;c1=int:6;r4=R36","_address",8980
461,1400,1,1,6,over_3_symbols,"ICOPY_REG_REG(r1,r2) | UNLINK_REG(r1) | LINKATTR1_REG_REG_INT(r3,r4,c1) | MINATTRS_REG_REG_INT(r3,r2,c2)","r1=R17;r2=R14;r3=R10;r4=R16;c1=int:3;c2=int:0","_address",7901
462,1400,1,1,6,over_3_symbols,"ICOPY_REG_REG(r1,r2) | UNLINK_REG(r1) | LOAD_REG_STRING(r3,c1) | LINKATTR1_REG_REG_INT(r1,r4,c2)","r1=R7;r2=R8;r3=R9;c1=string@28800;r4=R6;c2=int:1","_address",7795
463,1400,1,1,5,over_3_symbols,"ICOPY_REG_REG(r1,r2) | UNLINK_REG(r1) | SETATTRS_REG_INT(r3,c1) | SETOBJTYPE_REG_STRING(r3,c2)","r1=R27;r2=R26;r3=R36;c1=int:5;c2=string@23","_address",8962
464,1400,1,1,9,over_3_symbols,"IEQ_REG_REG_INT(r1,r2,c1) | BRF_ID_REG(c2,r1) | IADD_REG_REG_INT(r3,r4,c3) | ISUB_REG_REG_REG(r5,r3,r6)","r1=R88;r2=R95;c1=int:4;c2=label@3714;r3=R87;r4=R100;c3=int:1;r5=R99;r6=R94","parseExec",3680
465,1400,1,1,7,over_3_symbols,"ISUB_REG_REG_INT(r1,r1,c1) | LOAD_REG_INT(r2,c2) | IGT_REG_REG_REG(r3,r4,r1) | BRT_ID_REG(c3,r3)","r1=R10;c1=int:5;r2=R4;c2=int:2;r3=R5;r4=R25;c3=label@9238","_address",9015
466,1400,1,1,5,over_3_symbols,"ITOS_REG(r1) | CONCAT_REG_STRING_REG(r2,c1,r1) | NULL_REG(r3) | NULL_REG(r4)","r1=R13;r2=R49;c1=string@30424;r3=R51;r4=R52","benchmark_rexxcps_levelb_opt",527
467,1400,1,1,6,over_3_symbols,"LINKATTR1_REG_REG_INT(r1,r2,c1) | BCOPY_REG_REG(r1,r3) | UNLINK_REG(r1) | LOAD_REG_INT(r4,c2)","r1=R27;r2=R35;c1=int:7;r3=R32;r4=R26;c2=int:0","_address",8946
468,1400,1,1,6,over_3_symbols,"LINKATTR1_REG_REG_INT(r1,r2,c1) | COPY_REG_REG(r1,r3) | UNLINK_REG(r1) | LOAD_REG_STRING(r4,c2)","r1=R27;r2=R35;c1=int:6;r3=R36;r4=R26;c2=string@28800","_address",8985
469,1400,1,1,6,over_3_symbols,"LINKATTR1_REG_REG_INT(r1,r2,c1) | IADD_REG_REG_INT(r3,r1,c2) | UNLINK_REG(r1) | ICOPY_REG_REG(r4,r3)","r1=R10;r2=R16;c1=int:2;r3=R17;c2=int:1;r4=R14","_address",7884
470,1400,1,1,6,over_3_symbols,"LINKATTR1_REG_REG_INT(r1,r2,c1) | ICOPY_REG_REG(r1,r3) | UNLINK_REG(r1) | LINKATTR1_REG_REG_INT(r1,r4,c2)","r1=R27;r2=R36;c1=int:1;r3=R26;r4=R35;c2=int:6","_address",8976
471,1400,1,1,6,over_3_symbols,"LINKATTR1_REG_REG_INT(r1,r2,c1) | ICOPY_REG_REG(r1,r3) | UNLINK_REG(r1) | LINKATTR1_REG_REG_INT(r4,r2,c2)","r1=R17;r2=R16;c1=int:2;r3=R14;r4=R10;c2=int:3","_address",7897
472,1400,1,1,6,over_3_symbols,"LINKATTR1_REG_REG_INT(r1,r2,c1) | ICOPY_REG_REG(r1,r3) | UNLINK_REG(r1) | LOAD_REG_STRING(r4,c2)","r1=R7;r2=R6;c1=int:4;r3=R8;r4=R9;c2=string@28800","_address",7791
473,1400,1,1,4,over_3_symbols,"LINKATTR1_REG_REG_INT(r1,r2,c1) | ICOPY_REG_REG(r1,r3) | UNLINK_REG(r1) | RET()","r1=R8;r2=R18;c1=int:3;r3=R9","stem",397
474,1400,1,1,6,over_3_symbols,"LINKATTR1_REG_REG_INT(r1,r2,c1) | ICOPY_REG_REG(r1,r3) | UNLINK_REG(r1) | SETATTRS_REG_INT(r4,c2)","r1=R27;r2=R35;c1=int:1;r3=R26;r4=R36;c2=int:5","_address",8958
475,1400,1,1,6,over_3_symbols,"LINKATTR1_REG_REG_INT(r1,r2,c1) | SCOPY_REG_REG(r1,r3) | UNLINK_REG(r1) | LINKATTR1_REG_REG_INT(r4,r2,c2)","r1=R8;r2=R18;c1=int:4;r3=R20;r4=R6;c2=int:3","stem",378
476,1400,1,1,6,over_3_symbols,"LINKATTR1_REG_REG_INT(r1,r2,c1) | SCOPY_REG_REG(r1,r3) | UNLINK_REG(r1) | LOAD_REG_INT(r4,c2)","r1=R7;r2=R6;c1=int:1;r3=R9;r4=R10;c2=int:0","_address",7803
477,1400,1,1,6,over_3_symbols,"LINKATTR1_REG_REG_INT(r1,r2,c1) | SCOPY_REG_REG(r3,r1) | UNLINK_REG(r1) | BCTP_ID_REG(c2,r4)","r1=R89;r2=R96;c1=int:3;r3=R2;c2=label@500;r4=R13","benchmark_rexxcps_levelb_opt",2094
478,1400,1,1,5,over_3_symbols,"LINKATTR1_REG_REG_INT(r1,r2,c1) | SCOPY_REG_REG(r3,r1) | UNLINK_REG(r1) | REQ_REG_REG_STRING(r1,r3,c2)","r1=R3;r2=R23;c1=int:2;r3=R0;c2=string@28800","_address",7751
479,1400,1,1,5,over_3_symbols,"LINKATTR1_REG_REG_REG(r1,r2,r3) | COPY_REG_REG(r1,r4) | UNLINK_REG(r1) | RET_REG(r5)","r1=R45;r2=R51;r3=R5;r4=R3;r5=R6","_address",17728
480,1400,1,1,7,over_3_symbols,"LOAD_REG_DECIMAL(r1,c1) | DGT_REG_REG_REG(r2,r3,r4) | BRT_ID_REG(c2,r2) | ITOS_REG(r5)","r1=R64;c1=decimal@41944;r2=R65;r3=R25;r4=R66;c2=label@1200;r5=R13","benchmark_rexxcps_levelb_opt",735
481,1400,1,1,7,over_3_symbols,"LOAD_REG_DECIMAL(r1,c1) | LOAD_REG_DECIMAL(r2,c2) | DGT_REG_REG_REG(r3,r4,r1) | BRT_ID_REG(c3,r3)","r1=R66;c1=decimal@42256;r2=R64;c2=decimal@41944;r3=R65;r4=R25;c3=label@1200","benchmark_rexxcps_levelb_opt",732
482,1400,1,1,6,over_3_symbols,"LOAD_REG_DECIMAL(r1,c1) | LOAD_REG_DECIMAL(r2,c2) | LOAD_REG_DECIMAL(r3,c1) | DGT_REG_REG_REG(r4,r1,r2)","r1=R25;c1=decimal@41944;r2=R66;c2=decimal@42256;r3=R64;r4=R65","benchmark_rexxcps_levelb_opt",729
483,1400,1,1,5,over_3_symbols,"LOAD_REG_INT(r1,c1) | BCF_ID_REG(c2,r1) | NULL_REG(r2) | NULL_REG(r3)","r1=R10;c1=int:1;c2=label@2690;r2=R14;r3=R13","benchmark_rexxcps_levelb_opt",2586
484,1400,1,1,5,over_3_symbols,"LOAD_REG_INT(r1,c1) | BRF_ID_REG(c2,r1) | NULL_REG(r2) | NULL_REG(r3)","r1=R90;c1=int:1;c2=label@4307;r2=R96;r3=R97","parseExec",3609
485,1400,1,1,7,over_3_symbols,"LOAD_REG_INT(r1,c1) | COPY_REG_REG(r2,r3) | LINKATTR1_REG_REG_INT(r4,r2,c2) | ICOPY_REG_REG(r5,r4)","r1=R49;c1=int:1;r2=R50;r3=R18;r4=R43;c2=int:5;r5=R42","_address",9248
486,1400,1,1,7,over_3_symbols,"LOAD_REG_INT(r1,c1) | ICOPY_REG_REG(r2,r3) | ISUB_REG_REG_INT(r2,r2,c2) | LOAD_REG_INT(r4,c3)","r1=R25;c1=int:1;r2=R10;r3=R83;c2=int:5;r4=R4;c3=int:2","_address",9009
487,1400,1,1,6,over_3_symbols,"LOAD_REG_INT(r1,c1) | SETTP_REG_INT(r2,c2) | SETTP_REG_INT(r3,c2) | SETTP_REG_INT(r4,c2)","r1=R85;c1=int:4;r2=R86;c2=int:256;r3=R87;r4=R88","benchmark_rexxcps_levelb_opt",1772
488,1400,1,1,7,over_3_symbols,"LOAD_REG_INT(r1,c1) | SETTP_REG_INT(r2,c2) | SETTP_REG_INT(r3,c3) | SETTP_REG_INT(r4,c3)","r1=R73;c1=int:4;r2=R74;c2=int:256;r3=R75;c3=int:768;r4=R76","benchmark_rexxcps_levelb_opt",1514
489,1400,1,1,6,over_3_symbols,"LOAD_REG_INT(r1,c1) | SETTP_REG_INT(r2,c2) | SRCMETHODSEL_REG_REG_STRING(r3,r2,c3) | DCALL_REG_REG_REG(r3,r3,r1)","r1=R86;c1=int:1;r2=R87;c2=int:256;r3=R82;c3=string@0","benchmark_rexxcps_levelb_opt",1651
490,1400,1,1,8,over_3_symbols,"LOAD_REG_STRING(r1,c1) | LOAD_REG_INT(r2,c2) | SETTP_REG_INT(r3,c3) | CALL_REG_FUNC_REG(r4,c4,r2)","r1=R81;c1=string@75176;r2=R88;c2=int:1;r3=R89;c3=int:512;r4=R87;c4=func@75296","benchmark_rexxcps_levelb_opt",1638
491,1400,1,1,6,over_3_symbols,"LOAD_REG_STRING(r1,c1) | SETTP_REG_INT(r1,c2) | GETANDTP_REG_REG_INT(r2,r1,c3) | NOT_REG_REG(r3,r2)","r1=R19;c1=string@28800;c2=int:0;r2=R6;c3=int:256;r3=R7","stem",362
492,1400,1,1,6,over_3_symbols,"LOAD_REG_STRING(r1,c1) | SETTP_REG_INT(r1,c2) | LOAD_REG_INT(r2,c3) | SETTP_REG_INT(r1,c4)","r1=R9;c1=string@28800;c2=int:0;r2=R2;c3=int:1;c4=int:256","_address",14820
493,1400,1,1,7,over_3_symbols,"NOT_REG_REG(r1,r2) | BRF_ID_REG(c1,r1) | LINKATTR1_REG_REG_INT(r3,r4,c2) | SCOPY_REG_REG(r3,r5)","r1=R7;r2=R6;c1=label@407;r3=R8;r4=R18;c2=int:4;r5=R20","stem",372
494,1400,1,1,5,over_3_symbols,"NULL_REG(r1) | CONCAT_REG_REG_STRING(r2,r3,c1) | APPEND_REG_REG(r2,r4) | CONCAT_REG_REG_STRING(r2,r2,c1)","r1=R12;r2=R15;r3=R27;c1=string@32888;r4=R28","benchmark_rexxcps_levelb_opt",2596
495,1400,1,1,8,over_3_symbols,"NULL_REG(r1) | COPY_REG_REG(r2,r3) | CONCAT_REG_STRING_REG(r4,c1,r5) | LINKATTR1_REG_REG_INT(r6,r2,c2)","r1=R14;r2=R16;r3=R3;r4=R15;c1=string@312856;r5=R5;r6=R10;c2=int:2","_address",7875
496,1400,1,1,6,over_3_symbols,"NULL_REG(r1) | COPY_REG_REG(r2,r3) | LINKATTR1_REG_REG_INT(r4,r2,c1) | SCOPY_REG_REG(r5,r4)","r1=R8;r2=R9;r3=R54;r4=R2;c1=int:4;r5=R10","_address",17118
497,1400,1,1,5,over_3_symbols,"NULL_REG(r1) | ITOS_REG(r2) | CONCAT_REG_STRING_REG(r3,c1,r2) | NULL_REG(r4)","r1=R44;r2=R13;r3=R49;c1=string@30424;r4=R51","benchmark_rexxcps_levelb_opt",525
498,1400,1,1,4,over_3_symbols,"NULL_REG(r1) | LINKATTR1_REG_REG_INT(r2,r3,c1) | SCOPY_REG_REG(r1,r2) | UNLINK_REG(r2)","r1=R0;r2=R3;r3=R23;c1=int:2","_address",7749
499,1400,1,1,7,over_3_symbols,"NULL_REG(r1) | LOAD_REG_STRING(r2,c1) | LOAD_REG_STRING(r3,c2) | LOAD_REG_STRING(r4,c3)","r1=R78;r2=R74;c1=string@71368;r3=R75;c2=string@71656;r4=R76;c3=string@71824","benchmark_rexxcps_levelb_opt",1500
500,1400,1,1,6,over_3_symbols,"NULL_REG(r1) | NULL_REG(r2) | CONCAT_REG_REG_STRING(r3,r4,c1) | APPEND_REG_REG(r3,r5)","r1=R13;r2=R12;r3=R15;r4=R27;c1=string@32888;r5=R28","benchmark_rexxcps_levelb_opt",2594
501,1400,1,1,5,over_3_symbols,"NULL_REG(r1) | NULL_REG(r2) | ITOS_REG(r3) | CONCAT_REG_STRING_REG(r4,c1,r3)","r1=R43;r2=R44;r3=R13;r4=R49;c1=string@30424","benchmark_rexxcps_levelb_opt",523
502,1400,1,1,6,over_3_symbols,"NULL_REG(r1) | NULL_REG(r2) | NULL_REG(r3) | CONCAT_REG_REG_STRING(r4,r5,c1)","r1=R14;r2=R13;r3=R12;r4=R15;r5=R27;c1=string@32888","benchmark_rexxcps_levelb_opt",2592
503,1400,1,1,4,over_3_symbols,"NULL_REG(r1) | NULL_REG(r2) | NULL_REG(r3) | ITOS_REG(r4)","r1=R2;r2=R43;r3=R44;r4=R13","benchmark_rexxcps_levelb_opt",521
504,1400,1,1,5,over_3_symbols,"NULL_REG(r1) | NULL_REG(r2) | NULL_REG(r3) | SETOBJUNINIT_REG_STRING(r4,c1)","r1=R6;r2=R21;r3=R7;r4=R3;c1=string@63","_address",8789
505,1400,1,1,5,over_3_symbols,"NULL_REG(r1) | NULL_REG(r2) | SETOBJUNINIT_REG_STRING(r3,c1) | SETOBJUNINIT_REG_STRING(r2,c2)","r1=R5;r2=R6;r3=R3;c1=string@64;c2=string@61","_address",17101
506,1400,1,1,6,over_3_symbols,"NULL_REG(r1) | NULL_REG(r2) | SETOBJUNINIT_REG_STRING(r3,c1) | SETOBJUNINIT_REG_STRING(r4,c2)","r1=R21;r2=R7;r3=R3;c1=string@63;r4=R18;c2=string@61","_address",8791
507,1400,1,1,6,over_3_symbols,"NULL_REG(r1) | SETOBJUNINIT_REG_STRING(r2,c1) | SETOBJUNINIT_REG_STRING(r1,c2) | LOAD_REG_INT(r3,c3)","r1=R6;r2=R3;c1=string@64;c2=string@61;r3=R2;c3=int:0","_address",17103
508,1400,1,1,7,over_3_symbols,"NULL_REG(r1) | SETOBJUNINIT_REG_STRING(r2,c1) | SETOBJUNINIT_REG_STRING(r3,c2) | SETOBJUNINIT_REG_STRING(r4,c3)","r1=R7;r2=R3;c1=string@63;r3=R18;c2=string@61;r4=R20;c3=string@60","_address",8793
509,1400,1,1,7,over_3_symbols,"REQ_REG_REG_STRING(r1,r2,c1) | BRF_ID_REG(c2,r1) | LOAD_REG_INT(r3,c3) | CALL_REG_FUNC_REG(r2,c4,r3)","r1=R11;r2=R1;c1=string@28800;c2=label@13401;r3=R10;c3=int:0;c4=func@11864","_address",13387
510,1400,4,2,6,over_3_symbols,"REQ_REG_REG_STRING(r1,r2,c1) | BRT_ID_REG(c2,r1) | REQ_REG_REG_STRING(r1,r2,c3) | BRT_ID_REG(c4,r1)","r1=R27;r2=R5;c1=string@1500288;c2=label@16166;c3=string@1500328;c4=label@16177","trace",16155
511,1400,1,1,7,over_3_symbols,"RNE_REG_REG_STRING(r1,r2,c1) | BRF_ID_REG(c2,r1) | LOAD_REG_INT(r3,c3) | SETTP_REG_INT(r2,c4)","r1=R27;r2=R1;c1=string@28800;c2=label@8882;r3=R0;c3=int:1;c4=int:256","_address",8850
512,1400,1,1,8,over_3_symbols,"SCOPY_REG_REG(r1,r2) | COPY_REG_REG(r3,r4) | COPY_REG_REG(r5,r6) | COPY_REG_REG(r7,r8)","r1=R30;r2=R85;r3=R33;r4=R86;r5=R34;r6=R87;r7=R32;r8=R88","_address",8898
513,1400,1,1,6,over_3_symbols,"SCOPY_REG_REG(r1,r2) | GETATTRS_REG_REG_INT(r3,r4,c1) | IADD_REG_REG_INT(r3,r3,c2) | MINATTRS_REG_REG_INT(r4,r3,c1)","r1=R103;r2=R108;r3=R110;r4=R24;c1=int:0;c2=int:1","parseExec",4245
514,1400,1,1,8,over_3_symbols,"SCOPY_REG_REG(r1,r2) | ICOPY_REG_REG(r3,r4) | ICOPY_REG_REG(r5,r6) | ICOPY_REG_REG(r7,r8)","r1=R101;r2=R29;r3=R100;r4=R27;r5=R94;r6=R8;r7=R93;r8=R4","parseExec",3623
515,1400,1,1,5,over_3_symbols,"SCOPY_REG_REG(r1,r2) | LOAD_REG_INT(r2,c1) | SETTP_REG_INT(r1,c2) | SWAP_REG_REG(r3,r1)","r1=R7;r2=R10;c1=int:3;c2=int:256;r3=R11","_address",17134
516,1400,1,1,7,over_3_symbols,"SCOPY_REG_REG(r1,r2) | LOAD_REG_INT(r3,c1) | SETTP_REG_INT(r1,c2) | CALL_REG_FUNC_REG(r4,c3,r3)","r1=R1;r2=R12;r3=R0;c1=int:1;c2=int:256;r4=R2;c3=func@11648","_address",15841
517,1400,1,1,8,over_3_symbols,"SCOPY_REG_REG(r1,r2) | SCOPY_REG_REG(r3,r4) | COPY_REG_REG(r5,r6) | COPY_REG_REG(r7,r8)","r1=R31;r2=R1;r3=R30;r4=R85;r5=R33;r6=R86;r7=R34;r8=R87","_address",8895
518,1400,1,1,7,over_3_symbols,"SCOPY_REG_REG(r1,r2) | SETATTRS_REG_INT(r3,c1) | SETOBJTYPE_REG_STRING(r3,c2) | LOAD_REG_INT(r4,c3)","r1=R5;r2=R0;r3=R6;c1=int:7;c2=string@16;r4=R8;c3=int:0","_address",7779
519,1400,1,1,6,over_3_symbols,"SCOPY_REG_REG(r1,r2) | STOI_REG(r1) | ICOPY_REG_REG(r3,r1) | IEQ_REG_REG_INT(r4,r5,c1)","r1=R102;r2=R7;r3=R96;r4=R89;r5=R95;c1=int:3","parseExec",3638
520,1400,1,1,7,over_3_symbols,"SCOPY_REG_REG(r1,r2) | UNLINK_REG(r1) | COPY_REG_REG(r3,r4) | IEQ_REG_REG_INT(r5,r6,c1)","r1=R109;r2=R103;r3=R10;r4=R97;r5=R111;r6=R6;c1=int:3","parseExec",4264
521,1400,1,1,6,over_3_symbols,"SCOPY_REG_REG(r1,r2) | UNLINK_REG(r1) | COPY_REG_REG(r3,r4) | LOAD_REG_INT(r5,c1)","r1=R27;r2=R26;r3=R3;r4=R35;r5=R25;c1=int:1","_address",9001
522,1400,1,1,5,over_3_symbols,"SCOPY_REG_REG(r1,r2) | UNLINK_REG(r1) | COPY_REG_REG(r3,r4) | NULL_REG(r5)","r1=R10;r2=R13;r3=R3;r4=R12;r5=R14","_address",7867
523,1400,1,1,5,over_3_symbols,"SCOPY_REG_REG(r1,r2) | UNLINK_REG(r1) | LINKATTR1_REG_REG_INT(r1,r3,c1) | BCOPY_REG_REG(r1,r4)","r1=R27;r2=R30;r3=R35;c1=int:8;r4=R33","_address",8923
524,1400,1,1,5,over_3_symbols,"SCOPY_REG_REG(r1,r2) | UNLINK_REG(r1) | LINKATTR1_REG_REG_INT(r1,r3,c1) | SCOPY_REG_REG(r1,r4)","r1=R27;r2=R31;r3=R35;c1=int:3;r4=R30","_address",8914
525,1400,1,1,7,over_3_symbols,"SCOPY_REG_REG(r1,r2) | UNLINK_REG(r1) | LINKATTR1_REG_REG_INT(r3,r4,c1) | IADD_REG_REG_INT(r5,r3,c2)","r1=R8;r2=R20;r3=R6;r4=R18;c1=int:3;r5=R9;c2=int:1","stem",382
526,1400,1,1,6,over_3_symbols,"SCOPY_REG_REG(r1,r2) | UNLINK_REG(r1) | LOAD_REG_INT(r3,c1) | LINKATTR1_REG_REG_INT(r1,r4,c2)","r1=R7;r2=R9;r3=R10;c1=int:0;r4=R6;c2=int:2","_address",7807
527,1400,1,1,5,over_3_symbols,"SCOPY_REG_REG(r1,r2) | UNLINK_REG(r1) | UNLINK_REG(r3) | COPY_REG_REG(r4,r5)","r1=R17;r2=R15;r3=R10;r4=R3;r5=R16","_address",7918
528,1400,1,1,5,over_3_symbols,"SCOPY_REG_REG(r1,r2) | UNLINK_REG(r2) | LOAD_REG_INT(r3,c1) | BCF_ID_REG(c2,r3)","r1=R6;r2=R14;r3=R10;c1=int:1;c2=label@2690","benchmark_rexxcps_levelb_opt",2581
529,1400,1,1,6,over_3_symbols,"SCOPY_REG_REG(r1,r2) | UNLINK_REG(r2) | LOAD_REG_INT(r3,c1) | CALL_REG_FUNC_REG(r4,c2,r3)","r1=R44;r2=R77;r3=R73;c1=int:0;r4=R75;c2=func@22800","benchmark_rexxcps_levelb_opt",1552
530,1400,1,1,4,over_3_symbols,"SCOPY_REG_REG(r1,r2) | UNLINK_REG(r2) | REQ_REG_REG_STRING(r2,r1,c1) | BRF_ID_REG(c2,r2)","r1=R0;r2=R3;c1=string@28800;c2=label@7779","_address",7755
531,1400,1,1,7,over_3_symbols,"SETATTRS_REG_INT(r1,c1) | SETOBJTYPE_REG_STRING(r1,c2) | SCOPY_REG_REG(r2,r3) | SCOPY_REG_REG(r4,r5)","r1=R35;c1=int:10;c2=string@15;r2=R31;r3=R1;r4=R30;r5=R85","_address",8889
532,1400,2,1,4,over_3_symbols,"SETNUMCAS_INT(c1) | SETNUMSTD_INT(c1) | LINKATTR1_REG_REG_INT(r1,r2,c2) | RET_REG(r1)","c1=int:1;r1=R1;r2=R7;c2=int:2","_address",5778
533,1400,1,1,5,over_3_symbols,"SETNUMCAS_INT(c1) | SETNUMSTD_INT(c1) | NULL_REG(r1) | LINKATTR1_REG_REG_INT(r2,r3,c2)","c1=int:1;r1=R0;r2=R3;r3=R23;c2=int:2","_address",7745
534,1400,2,1,4,over_3_symbols,"SETNUMFRM_INT(c1) | SETNUMCAS_INT(c1) | SETNUMSTD_INT(c1) | LINKATTR1_REG_REG_INT(r1,r2,c2)","c1=int:1;r1=R1;r2=R7;c2=int:2","_address",5776
535,1400,1,1,5,over_3_symbols,"SETNUMSTD_INT(c1) | NULL_REG(r1) | LINKATTR1_REG_REG_INT(r2,r3,c2) | SCOPY_REG_REG(r1,r2)","c1=int:1;r1=R0;r2=R3;r3=R23;c2=int:2","_address",7747
536,1400,1,1,8,over_3_symbols,"SETOBJTYPE_REG_STRING(r1,c1) | SCOPY_REG_REG(r2,r3) | SCOPY_REG_REG(r4,r5) | COPY_REG_REG(r6,r7)","r1=R35;c1=string@15;r2=R31;r3=R1;r4=R30;r5=R85;r6=R33;r7=R86","_address",8892
537,1400,1,1,8,over_3_symbols,"SETOBJUNINIT_REG_STRING(r1,c1) | SETOBJUNINIT_REG_STRING(r2,c2) | SETOBJUNINIT_REG_STRING(r3,c3) | LOAD_REG_INT(r4,c4)","r1=R3;c1=string@63;r2=R18;c2=string@61;r3=R20;c3=string@60;r4=R10;c4=int:0","_address",8795
538,1400,1,1,6,over_3_symbols,"SETTP_REG_INT(r1,c1) | GETANDTP_REG_REG_INT(r2,r1,c2) | NOT_REG_REG(r3,r2) | BRF_ID_REG(c3,r3)","r1=R19;c1=int:0;r2=R6;c2=int:256;r3=R7;c3=label@407","stem",365
539,1400,1,1,6,over_3_symbols,"SETTP_REG_INT(r1,c1) | LOAD_REG_INT(r2,c2) | SETTP_REG_INT(r1,c3) | SWAP_REG_REG(r3,r1)","r1=R9;c1=int:0;r2=R2;c2=int:1;c3=int:256;r3=R3","_address",14823
540,1400,1,1,7,over_3_symbols,"SETTP_REG_INT(r1,c1) | SETTP_REG_INT(r2,c1) | SETTP_REG_INT(r3,c1) | CALL_REG_FUNC_REG(r4,c2,r5)","r1=R87;c1=int:256;r2=R88;r3=R89;r4=R84;c2=func@78656;r5=R85","benchmark_rexxcps_levelb_opt",1778
541,1400,1,1,5,over_3_symbols,"SETTP_REG_INT(r1,c1) | SETTP_REG_INT(r2,c1) | SETTP_REG_INT(r3,c1) | SETTP_REG_INT(r4,c1)","r1=R86;c1=int:256;r2=R87;r3=R88;r4=R89","benchmark_rexxcps_levelb_opt",1775
542,1400,1,1,7,over_3_symbols,"SETTP_REG_INT(r1,c1) | SETTP_REG_INT(r2,c1) | SWAP_REG_REG(r3,r2) | CALL_REG_FUNC_REG(r4,c2,r5)","r1=R49;c1=int:768;r2=R64;r3=R50;r4=R62;c2=func@40696;r5=R47","benchmark_rexxcps_levelb_opt",676
543,1400,1,1,6,over_3_symbols,"SETTP_REG_INT(r1,c1) | SETTP_REG_INT(r2,c2) | SETTP_REG_INT(r3,c1) | SWAP_REG_REG(r4,r3)","r1=R81;c1=int:768;r2=R82;c2=int:256;r3=R88;r4=R83","benchmark_rexxcps_levelb_opt",1695
544,1400,1,1,6,over_3_symbols,"SETTP_REG_INT(r1,c1) | SETTP_REG_INT(r2,c2) | SETTP_REG_INT(r3,c2) | SETTP_REG_INT(r4,c1)","r1=R74;c1=int:256;r2=R75;c2=int:768;r3=R76;r4=R77","benchmark_rexxcps_levelb_opt",1517
545,1400,1,1,6,over_3_symbols,"SETTP_REG_INT(r1,c1) | SETTP_REG_INT(r2,c2) | SWAP_REG_REG(r3,r2) | SETTP_REG_INT(r4,c2)","r1=R82;c1=int:256;r2=R88;c2=int:768;r3=R83;r4=R87","benchmark_rexxcps_levelb_opt",1698
546,1400,1,1,7,over_3_symbols,"SETTP_REG_INT(r1,c1) | SWAP_REG_REG(r2,r1) | SETTP_REG_INT(r3,c2) | SETTP_REG_INT(r4,c3)","r1=R8;c1=int:256;r2=R68;r3=R69;c2=int:512;r4=R70;c3=int:768","benchmark_rexxcps_levelb_opt",1209
547,1400,1,1,6,over_3_symbols,"SETTP_REG_INT(r1,c1) | SWAP_REG_REG(r2,r1) | SWAP_REG_REG(r3,r4) | SETTP_REG_INT(r5,c1)","r1=R38;c1=int:768;r2=R43;r3=R44;r4=R37;r5=R30","_address",17693
548,1400,1,1,6,over_3_symbols,"STRLEN_REG_REG(r1,r2) | ICOPY_REG_REG(r3,r1) | BNE_ID_REG_INT(c1,r1,c2) | RET_REG(r4)","r1=R16;r2=R15;r3=R4;c1=label@194;c2=int:0;r4=R11","strip",182
549,1400,1,1,7,over_3_symbols,"STRLEN_REG_REG(r1,r2) | LOAD_REG_INT(r3,c1) | ISUB_REG_REG_REG(r4,r1,r3) | BGE_ID_REG_INT(c2,r4,c3)","r1=R61;r2=R60;r3=R59;c1=int:5;r4=R51;c2=label@589;c3=int:0","benchmark_rexxcps_levelb_opt",572
550,1400,1,1,5,over_3_symbols,"STRUPPER_REG_REG(r1,r2) | COPY_REG_REG(r2,r1) | COPY_REG_REG(r3,r2) | RNE_REG_REG_STRING(r4,r3,c1)","r1=R28;r2=R23;r3=R1;r4=R27;c1=string@28800","_address",8841
551,1400,1,1,5,over_3_symbols,"SWAP_REG_REG(r1,r2) | COPY_REG_REG(r3,r1) | LINKATTR1_REG_REG_INT(r2,r3,c1) | SCOPY_REG_REG(r4,r2)","r1=R54;r2=R39;r3=R46;c1=int:3;r4=R38","_address",17639
552,1400,1,1,6,over_3_symbols,"SWAP_REG_REG(r1,r2) | ITOS_REG(r3) | CONCAT_REG_STRING_REG(r4,c1,r3) | LOAD_REG_INT(r1,c2)","r1=R64;r2=R50;r3=R13;r4=R66;c1=string@30424;c2=int:2","benchmark_rexxcps_levelb_opt",692
553,1400,1,1,7,over_3_symbols,"SWAP_REG_REG(r1,r2) | LOAD_REG_INT(r3,c1) | SETTP_REG_INT(r4,c2) | SWAP_REG_REG(r5,r4)","r1=R22;r2=R39;r3=R37;c1=int:2;r4=R3;c2=int:256;r5=R38","_address",17610
554,1400,1,1,7,over_3_symbols,"SWAP_REG_REG(r1,r2) | LOAD_REG_STRING(r3,c1) | LOAD_REG_INT(r4,c2) | CALL_REG_FUNC_REG(r1,c3,r4)","r1=R86;r2=R85;r3=R84;c1=string@77784;r4=R83;c2=int:1;c3=func@77904","benchmark_rexxcps_levelb_opt",1729
555,1400,1,1,6,over_3_symbols,"SWAP_REG_REG(r1,r2) | MINATTRS_REG_REG_INT(r3,r4,c1) | LINKATTR1_REG_REG_REG(r2,r3,r4) | COPY_REG_REG(r2,r5)","r1=R30;r2=R45;r3=R51;r4=R5;c1=int:0;r5=R3","_address",17721
556,1400,1,1,6,over_3_symbols,"SWAP_REG_REG(r1,r2) | SETTP_REG_INT(r3,c1) | SETTP_REG_INT(r4,c1) | SWAP_REG_REG(r5,r4)","r1=R48;r2=R4;r3=R49;c1=int:768;r4=R64;r5=R50","benchmark_rexxcps_levelb_opt",673
557,1400,1,1,7,over_3_symbols,"SWAP_REG_REG(r1,r2) | SETTP_REG_INT(r3,c1) | SWAP_REG_REG(r4,r3) | SRCMETHODSEL_REG_REG_STRING(r5,r1,c2)","r1=R38;r2=R3;r3=R54;c1=int:256;r4=R39;r5=R6;c2=string@2","_address",17619
558,1400,1,1,7,over_3_symbols,"SWAP_REG_REG(r1,r2) | SETTP_REG_INT(r3,c1) | SWAP_REG_REG(r4,r3) | SWAP_REG_REG(r5,r6)","r1=R42;r2=R1;r3=R38;c1=int:768;r4=R43;r5=R44;r6=R37","_address",17690
559,1400,1,1,6,over_3_symbols,"SWAP_REG_REG(r1,r2) | SWAP_REG_REG(r3,r4) | COPY_REG_REG(r5,r3) | LINKATTR1_REG_REG_INT(r4,r5,c1)","r1=R3;r2=R38;r3=R54;r4=R39;r5=R46;c1=int:3","_address",17636
560,1400,1,1,7,over_3_symbols,"SWAP_REG_REG(r1,r2) | SWAP_REG_REG(r3,r4) | ITOS_REG(r5) | CONCAT_REG_STRING_REG(r6,c1,r5)","r1=R4;r2=R48;r3=R64;r4=R50;r5=R13;r6=R66;c1=string@30424","benchmark_rexxcps_levelb_opt",689
561,1400,1,1,8,over_3_symbols,"SWAP_REG_REG(r1,r2) | SWAP_REG_REG(r3,r4) | LOAD_REG_INT(r5,c1) | SETTP_REG_INT(r6,c2)","r1=R1;r2=R38;r3=R22;r4=R39;r5=R37;c1=int:2;r6=R3;c2=int:256","_address",17607
562,1400,1,1,7,over_3_symbols,"SWAP_REG_REG(r1,r2) | SWAP_REG_REG(r3,r4) | LOAD_REG_STRING(r2,c1) | LOAD_REG_INT(r5,c2)","r1=R87;r2=R84;r3=R86;r4=R85;c1=string@77784;r5=R83;c2=int:1","benchmark_rexxcps_levelb_opt",1726
563,1400,1,1,7,over_3_symbols,"SWAP_REG_REG(r1,r2) | SWAP_REG_REG(r3,r4) | MINATTRS_REG_REG_INT(r5,r6,c1) | LINKATTR1_REG_REG_REG(r4,r5,r6)","r1=R37;r2=R44;r3=R30;r4=R45;r5=R51;r6=R5;c1=int:0","_address",17718
564,1400,1,1,7,over_3_symbols,"SWAP_REG_REG(r1,r2) | SWAP_REG_REG(r3,r4) | SETTP_REG_INT(r5,c1) | SWAP_REG_REG(r6,r5)","r1=R43;r2=R38;r3=R44;r4=R37;r5=R30;c1=int:768;r6=R45","_address",17696
565,1400,1,1,7,over_3_symbols,"SWAP_REG_REG(r1,r2) | SWAP_REG_REG(r3,r4) | SWAP_REG_REG(r5,r6) | LOAD_REG_STRING(r4,c1)","r1=R88;r2=R83;r3=R87;r4=R84;r5=R86;r6=R85;c1=string@77784","benchmark_rexxcps_levelb_opt",1723
566,1400,1,1,9,over_3_symbols,"SWAP_REG_REG(r1,r2) | SWAP_REG_REG(r3,r4) | SWAP_REG_REG(r5,r6) | MINATTRS_REG_REG_INT(r7,r8,c1)","r1=R38;r2=R43;r3=R37;r4=R44;r5=R30;r6=R45;r7=R51;r8=R5;c1=int:0","_address",17715
567,1400,1,1,5,over_3_symbols,"UNLINK_REG(r1) | COPY_REG_REG(r2,r3) | COPY_REG_REG(r4,r2) | BR_ID(c1)","r1=R10;r2=R3;r3=R16;r4=R17;c1=label@7933","_address",7923
568,1400,1,1,6,over_3_symbols,"UNLINK_REG(r1) | COPY_REG_REG(r2,r3) | COPY_REG_REG(r4,r2) | LOAD_REG_STRING(r5,c1)","r1=R10;r2=R3;r3=R11;r4=R12;r5=R13;c1=string@312512","_address",7852
569,1400,1,1,7,over_3_symbols,"UNLINK_REG(r1) | COPY_REG_REG(r2,r3) | IEQ_REG_REG_INT(r4,r5,c1) | BRF_ID_REG(c2,r4)","r1=R109;r2=R10;r3=R97;r4=R111;r5=R6;c1=int:3;c2=label@4282","parseExec",4267
570,1400,1,1,5,over_3_symbols,"UNLINK_REG(r1) | COPY_REG_REG(r2,r3) | LINKATTR1_REG_REG_INT(r1,r2,c1) | SCOPY_REG_REG(r4,r1)","r1=R30;r2=R40;r3=R54;c1=int:3;r4=R22","_address",17572
571,1400,1,1,7,over_3_symbols,"UNLINK_REG(r1) | COPY_REG_REG(r2,r3) | LOAD_REG_INT(r4,c1) | ICOPY_REG_REG(r5,r6)","r1=R27;r2=R3;r3=R35;r4=R25;c1=int:1;r5=R10;r6=R83","_address",9004
572,1400,1,1,5,over_3_symbols,"UNLINK_REG(r1) | COPY_REG_REG(r2,r3) | NULL_REG(r4) | COPY_REG_REG(r5,r2)","r1=R10;r2=R3;r3=R12;r4=R14;r5=R16","_address",7870
573,1400,1,1,5,over_3_symbols,"UNLINK_REG(r1) | ICOPY_REG_REG(r2,r3) | LINKATTR1_REG_REG_INT(r3,r4,c1) | ICOPY_REG_REG(r3,r2)","r1=R10;r2=R14;r3=R17;r4=R16;c1=int:2","_address",7892
574,1400,1,1,4,over_3_symbols,"UNLINK_REG(r1) | LINKATTR1_REG_REG_INT(r1,r2,c1) | COPY_REG_REG(r1,r3) | UNLINK_REG(r1)","r1=R27;r2=R35;c1=int:6;r3=R36","_address",8983
575,1400,1,1,6,over_3_symbols,"UNLINK_REG(r1) | LINKATTR1_REG_REG_INT(r2,r3,c1) | IADD_REG_REG_INT(r4,r2,c2) | UNLINK_REG(r2)","r1=R8;r2=R6;r3=R18;c1=int:3;r4=R9;c2=int:1","stem",385
576,1400,1,1,4,over_3_symbols,"UNLINK_REG(r1) | LOAD_REG_INT(r2,c1) | BCF_ID_REG(c2,r2) | NULL_REG(r1)","r1=R14;r2=R10;c1=int:1;c2=label@2690","benchmark_rexxcps_levelb_opt",2584
577,1400,1,1,6,over_3_symbols,"UNLINK_REG(r1) | SETATTRS_REG_INT(r2,c1) | SETOBJTYPE_REG_STRING(r2,c2) | LOAD_REG_INT(r3,c3)","r1=R27;r2=R36;c1=int:5;c2=string@23;r3=R26;c3=int:0","_address",8965
578,1400,1,1,4,over_3_symbols,"UNLINK_REG(r1) | UNLINK_REG(r2) | COPY_REG_REG(r3,r4) | COPY_REG_REG(r1,r3)","r1=R17;r2=R10;r3=R3;r4=R16","_address",7921
579,1000,3,2,7,over_3_symbols,"BRT_ID_REG(c1,r1) | REQ_REG_REG_STRING(r1,r2,c2) | BRT_ID_REG(c3,r1) | REQ_REG_REG_STRING(r3,r2,c4)","c1=label@16166;r1=R27;r2=R5;c2=string@1500328;c3=label@16177;r3=R26;c4=string@1500368","trace",16159
580,1000,3,2,8,over_3_symbols,"REQ_REG_REG_STRING(r1,r2,c1) | BRT_ID_REG(c2,r1) | REQ_REG_REG_STRING(r3,r2,c3) | BRTF_ID_ID_REG(c4,c5,r3)","r1=R27;r2=R5;c1=string@1500328;c2=label@16177;r3=R26;c3=string@1500368;c4=label@16183;c5=label@16188","trace",16162
581,606,12,2,7,over_3_symbols,"LOAD_REG_STRING(r1,c1) | LOAD_REG_INT(r2,c2) | SETTP_REG_INT(r1,c3) | CALL_REG_FUNC_REG(r3,c4,r2)","r1=R35;c1=string@18336;r2=R34;c2=int:1;c3=int:768;r3=R29;c4=func@18456","benchmark_rexxcps_levelb_opt",313
582,433,5,2,7,over_3_symbols,"LOAD_REG_INT(r1,c1) | LOAD_REG_STRING(r2,c2) | LOAD_REG_STRING(r3,c2) | ILT_REG_REG_INT(r4,r5,c1)","r1=R0;c1=int:0;r2=R5;c2=string@28800;r3=R7;r4=R11;r5=R10","left",63
583,433,5,2,7,over_3_symbols,"LOAD_REG_STRING(r1,c1) | LOAD_REG_STRING(r2,c1) | ILT_REG_REG_INT(r3,r4,c2) | BRF_ID_REG(c3,r3)","r1=R5;c1=string@28800;r2=R7;r3=R11;r4=R10;c2=int:0;c3=label@82","left",66
584,432,4,1,6,over_3_symbols,"NULL_REG(r1) | NULL_REG(r2) | SCOPY_REG_REG(r3,r4) | LOAD_REG_INT(r5,c1)","r1=R16;r2=R19;r3=R18;r4=R6;r5=R20;c1=int:1","trace",5424
585,432,4,1,7,over_3_symbols,"NULL_REG(r1) | SCOPY_REG_REG(r2,r3) | LOAD_REG_INT(r4,c1) | LOAD_REG_STRING(r5,c2)","r1=R19;r2=R18;r3=R6;r4=R20;c1=int:1;r5=R12;c2=string@312160","trace",5426
586,432,4,1,8,over_3_symbols,"SCOPY_REG_REG(r1,r2) | LOAD_REG_INT(r3,c1) | LOAD_REG_STRING(r4,c2) | LOAD_REG_INT(r5,c3)","r1=R18;r2=R6;r3=R20;c1=int:1;r4=R12;c2=string@312160;r5=R10;c3=int:0","trace",5428
587,417,4,2,7,over_3_symbols,"ILT_REG_REG_REG(r1,r2,r3) | BRF_ID_REG(c1,r1) | SETSTRPOS_REG_REG(r4,r5) | SUBSTRING_REG_REG_REG(r6,r4,r2)","r1=R11;r2=R10;r3=R9;c1=label@126;r4=R8;r5=R0;r6=R7","left",110
588,417,4,2,6,over_3_symbols,"LOAD_REG_INT(r1,c1) | LOAD_REG_INT(r2,c1) | LOAD_REG_STRING(r3,c2) | LOAD_REG_STRING(r4,c2)","r1=R3;c1=int:0;r2=R0;r3=R5;c2=string@28800;r4=R7","left",60
589,416,3,1,6,over_3_symbols,"BRF_ID_REG(c1,r1) | SETSTRPOS_REG_REG(r2,r3) | SUBSTRING_REG_REG_REG(r4,r2,r5) | SCOPY_REG_REG(r1,r4)","c1=label@5512;r1=R21;r2=R18;r3=R13;r4=R17;r5=R20","trace",5497
590,416,3,1,7,over_3_symbols,"LOAD_REG_STRING(r1,c1) | LOAD_REG_INT(r2,c2) | LOAD_REG_INT(r3,c2) | LOAD_REG_STRING(r4,c3)","r1=R12;c1=string@312160;r2=R10;c2=int:0;r3=R13;r4=R15;c3=string@28800","trace",5434
591,400,1,1,8,over_3_symbols,"BRF_ID_REG(c1,r1) | LOAD_REG_INT(r2,c2) | LOAD_REG_INT(r3,c3) | CALL_REG_FUNC_REG(r4,c4,r3)","c1=label@343;r1=R20;r2=R22;c2=int:0;r3=R21;c3=int:1;r4=R19;c4=func@1589424","time",317
592,400,1,1,7,over_3_symbols,"BRF_ID_REG(c1,r1) | LOAD_REG_INT(r2,c2) | REQ_REG_REG_STRING(r1,r3,c3) | BRF_ID_REG(c4,r1)","c1=label@211;r1=R16;r2=R13;c2=int:1;r3=R7;c3=string@1593664;c4=label@221","time",205
593,400,1,1,8,over_3_symbols,"BRF_ID_REG(c1,r1) | LOAD_REG_INT(r2,c2) | SWAP_REG_REG(r3,r4) | CALL_REG_FUNC_REG(r5,c3,r2)","c1=label@359;r1=R17;r2=R19;c2=int:1;r3=R20;r4=R1;r5=R16;c3=func@1589424","time",289
594,400,1,1,7,over_3_symbols,"BRT_ID_REG(c1,r1) | REQ_REG_REG_STRING(r1,r2,c2) | BRF_ID_REG(c3,r1) | LOAD_REG_INT(r3,c4)","c1=label@289;r1=R17;r2=R7;c2=string@938176;c3=label@359;r3=R19;c4=int:1","time",282
595,400,1,1,4,over_3_symbols,"FCOPY_REG_REG(r1,r2) | FDIV_REG_REG_FLOAT(r3,r1,c1) | FTOS_REG(r3) | RET_REG(r3)","r1=R18;r2=R16;r3=R22;c1=float@1593808","time",348
596,400,1,1,4,over_3_symbols,"ITOF_REG(r1) | FCOPY_REG_REG(r2,r1) | FDIV_REG_REG_FLOAT(r3,r2,c1) | FTOS_REG(r3)","r1=R16;r2=R18;r3=R22;c1=float@1593808","time",346
597,400,1,1,5,over_3_symbols,"LOAD_REG_FLOAT(r1,c1) | ITOF_REG(r2) | FCOPY_REG_REG(r1,r2) | FDIV_REG_REG_FLOAT(r3,r1,c2)","r1=R18;c1=float@456112;r2=R16;r3=R22;c2=float@1593808","time",343
598,400,1,1,6,over_3_symbols,"LOAD_REG_INT(r1,c1) | BRF_ID_REG(c2,r1) | LOAD_REG_INT(r2,c1) | REQ_REG_REG_STRING(r1,r3,c3)","r1=R16;c1=int:1;c2=label@211;r2=R13;r3=R7;c3=string@1593664","time",202
599,400,1,1,7,over_3_symbols,"LOAD_REG_INT(r1,c1) | REQ_REG_REG_STRING(r2,r3,c2) | BRT_ID_REG(c3,r2) | REQ_REG_REG_STRING(r2,r3,c4)","r1=R13;c1=int:0;r2=R14;r3=R7;c2=string@1498088;c3=label@129;c4=string@1499440","time",115
600,400,1,1,7,over_3_symbols,"LOAD_REG_STRING(r1,c1) | LOAD_REG_INT(r2,c2) | SEQ_REG_REG_STRING(r3,r4,c1) | BRF_ID_REG(c3,r3)","r1=R7;c1=string@28800;r2=R1;c2=int:0;r3=R0;r4=R8;c3=label@55","time",37
601,400,1,1,8,over_3_symbols,"REQ_REG_REG_STRING(r1,r2,c1) | BRF_ID_REG(c2,r1) | LOAD_REG_INT(r3,c3) | LOAD_REG_INT(r4,c4)","r1=R20;r2=R7;c1=string@938176;c2=label@343;r3=R22;c3=int:0;r4=R21;c4=int:1","time",313
602,400,1,1,8,over_3_symbols,"REQ_REG_REG_STRING(r1,r2,c1) | BRF_ID_REG(c2,r1) | LOAD_REG_INT(r3,c3) | SWAP_REG_REG(r4,r5)","r1=R17;r2=R7;c1=string@938176;c2=label@359;r3=R19;c3=int:1;r4=R20;r5=R1","time",285
603,400,1,1,6,over_3_symbols,"REQ_REG_REG_STRING(r1,r2,c1) | BRT_ID_REG(c2,r1) | REQ_REG_REG_STRING(r1,r2,c3) | BRF_ID_REG(c4,r1)","r1=R17;r2=R7;c1=string@1105184;c2=label@289;c3=string@938176;c4=label@359","time",278
604,400,1,1,5,over_3_symbols,"SETNUMFRM_INT(c1) | SETNUMCAS_INT(c1) | SETNUMSTD_INT(c2) | BRTPANDT_ID_REG_INT(c3,r1,c4)","c1=int:1;c2=int:2;c3=label@22;r1=R24;c4=int:256","time",4
605,400,1,1,5,over_3_symbols,"SWAP_REG_REG(r1,r2) | LOAD_REG_FLOAT(r3,c1) | ITOF_REG(r4) | FCOPY_REG_REG(r3,r4)","r1=R1;r2=R22;r3=R18;c1=float@456112;r4=R16","time",340
606,400,1,1,7,over_3_symbols,"SWAP_REG_REG(r1,r2) | LOAD_REG_STRING(r3,c1) | LOAD_REG_INT(r4,c2) | SEQ_REG_REG_STRING(r5,r1,c1)","r1=R8;r2=R24;r3=R7;c1=string@28800;r4=R1;c2=int:0;r5=R0","time",34
607,399,1,1,5,over_3_symbols,"BEQ_ID_REG_INT(c1,r1,c2) | COPY_REG_REG(r2,r1) | ISUB_REG_REG_REG(r2,r2,r3) | RET_REG(r2)","c1=label@20;r1=R5;c2=int:0;r2=R1;r3=R3","/Users/adrian/CLionProjects/CREXX/lib/rxfnsb/rxas/_elapsed",7
608,399,1,1,6,over_3_symbols,"BRF_ID_REG(c1,r1) | BEQ_ID_REG_INT(c2,r2,c3) | COPY_REG_REG(r1,r2) | ISUB_REG_REG_REG(r1,r1,r3)","c1=label@28;r1=R1;c2=label@20;r2=R5;c3=int:0;r3=R3","/Users/adrian/CLionProjects/CREXX/lib/rxfnsb/rxas/_elapsed",4
609,399,1,1,7,over_3_symbols,"SEQ_REG_REG_STRING(r1,r2,c1) | BRF_ID_REG(c2,r1) | BEQ_ID_REG_INT(c3,r3,c4) | COPY_REG_REG(r1,r3)","r1=R1;r2=R2;c1=string@2525664;c2=label@28;c3=label@20;r3=R5;c4=int:0","/Users/adrian/CLionProjects/CREXX/lib/rxfnsb/rxas/_elapsed",0
610,201,2,2,6,over_3_symbols,"BRTPANDT_ID_REG_INT(c1,r1,c2) | LOAD_REG_INT(r1,c3) | SETTP_REG_INT(r1,c4) | NULL_REG(r2)","c1=label@44;r1=R8;c2=int:256;c3=int:1;c4=int:0;r2=R0","pos",34
611,200,1,1,5,over_3_symbols,"BRF_ID_REG(c1,r1) | LOAD_REG_INT(r2,c2) | ICOPY_REG_REG(r1,r2) | BR_ID(c3)","c1=label@15958;r1=R30;r2=R29;c2=int:0;c3=label@15969","trace",15947
612,200,1,1,8,over_3_symbols,"BRF_ID_REG(c1,r1) | STRCHAR_REG_REG_REG(r2,r3,r4) | INE_REG_REG_INT(r5,r2,c2) | BRF_ID_REG(c3,r5)","c1=label@15245;r1=R15;r2=R4;r3=R5;r4=R10;r5=R14;c2=int:63;c3=label@15239","trace",15223
613,200,2,1,7,over_3_symbols,"BRT_ID_REG(c1,r1) | LOAD_REG_STRING(r2,c2) | LOAD_REG_INT(r3,c3) | SETTP_REG_INT(r2,c4)","c1=label@359;r1=R30;r2=R35;c2=string@18336;r3=R34;c3=int:1;c4=int:768","benchmark_rexxcps_levelb_opt",310
614,200,1,1,8,over_3_symbols,"ICOPY_REG_REG(r1,r2) | LOAD_REG_STRING(r3,c1) | LOAD_REG_INT(r4,c2) | LOAD_REG_STRING(r5,c3)","r1=R3;r2=R24;r3=R18;c1=string@312160;r4=R16;c2=int:0;r5=R12;c3=string@28800","trace",15787
615,200,1,1,4,over_3_symbols,"IEQ_REG_REG_INT(r1,r1,c1) | BRF_ID_REG(c2,r1) | LOAD_REG_INT(r2,c1) | ICOPY_REG_REG(r1,r2)","r1=R30;c1=int:0;c2=label@15958;r2=R29","trace",15943
616,200,2,1,8,over_3_symbols,"IGT_REG_REG_REG(r1,r2,r3) | BRT_ID_REG(c1,r1) | LOAD_REG_STRING(r4,c2) | LOAD_REG_INT(r5,c3)","r1=R30;r2=R33;r3=R31;c1=label@359;r4=R35;c2=string@18336;r5=R34;c3=int:1","benchmark_rexxcps_levelb_opt",306
617,200,1,1,8,over_3_symbols,"ILT_REG_REG_REG(r1,r2,r3) | BRF_ID_REG(c1,r1) | STRCHAR_REG_REG_REG(r4,r5,r2) | INE_REG_REG_INT(r6,r4,c2)","r1=R15;r2=R10;r3=R6;c1=label@15245;r4=R4;r5=R5;r6=R14;c2=int:63","trace",15219
618,200,1,1,6,over_3_symbols,"INE_REG_REG_INT(r1,r1,c1) | BRF_ID_REG(c2,r1) | LOAD_REG_STRING(r2,c3) | BR_ID(c4)","r1=R34;c1=int:0;c2=label@17133;r2=R9;c3=string@1499280;c4=label@17281","trace",17121
619,200,1,1,7,over_3_symbols,"LOAD_REG_INT(r1,c1) | ILT_REG_REG_REG(r2,r1,r3) | BRF_ID_REG(c2,r2) | STRCHAR_REG_REG_REG(r4,r5,r1)","r1=R10;c1=int:0;r2=R15;r3=R6;c2=label@15245;r4=R4;r5=R5","trace",15216
620,200,1,1,8,over_3_symbols,"LOAD_REG_INT(r1,c1) | LOAD_REG_STRING(r2,c2) | ILT_REG_REG_INT(r3,r4,c3) | BRF_ID_REG(c4,r3)","r1=R16;c1=int:0;r2=R12;c2=string@28800;r3=R30;r4=R3;c3=int:1;c4=label@15809","trace",15793
621,200,1,1,6,over_3_symbols,"LOAD_REG_INT(r1,c1) | SCOPY_REG_REG(r2,r3) | LOAD_REG_INT(r4,c2) | STRLEN_REG_REG(r4,r2)","r1=R24;c1=int:1;r2=R21;r3=R15;r4=R22;c2=int:0","trace",15746
622,200,1,1,5,over_3_symbols,"LOAD_REG_INT(r1,c1) | SETTP_REG_INT(r1,c2) | NULL_REG(r2) | ILT_REG_REG_INT(r3,r1,c1)","r1=R8;c1=int:1;c2=int:0;r2=R0;r3=R4","pos",38
623,200,1,1,9,over_3_symbols,"LOAD_REG_STRING(r1,c1) | LOAD_REG_INT(r2,c2) | LOAD_REG_STRING(r3,c3) | ILT_REG_REG_INT(r4,r5,c4)","r1=R18;c1=string@312160;r2=R16;c2=int:0;r3=R12;c3=string@28800;r4=R30;r5=R3;c4=int:1","trace",15790
624,200,1,1,7,over_3_symbols,"NULL_REG(r1) | SCOPY_REG_REG(r2,r3) | ICOPY_REG_REG(r4,r5) | LOAD_REG_STRING(r6,c1)","r1=R29;r2=R0;r3=R15;r4=R3;r5=R24;r6=R18;c1=string@312160","trace",15782
625,200,1,1,5,over_3_symbols,"REQ_REG_REG_STRING(r1,r1,c1) | BRT_ID_REG(c2,r1) | NULL_REG(r2) | NULL_REG(r3)","r1=R21;c1=string@1500688;c2=label@15550;r2=R19;r3=R17","trace",15424
626,200,1,1,8,over_3_symbols,"SCOPY_REG_REG(r1,r2) | ICOPY_REG_REG(r3,r4) | LOAD_REG_STRING(r5,c1) | LOAD_REG_INT(r6,c2)","r1=R0;r2=R15;r3=R3;r4=R24;r5=R18;c1=string@312160;r6=R16;c2=int:0","trace",15784
627,200,1,1,5,over_3_symbols,"SCOPY_REG_REG(r1,r2) | LOAD_REG_INT(r3,c1) | STRLEN_REG_REG(r3,r1) | ICOPY_REG_REG(r4,r3)","r1=R21;r2=R15;r3=R22;c1=int:0;r4=R20","trace",15749
628,200,1,1,6,over_3_symbols,"SCOPY_REG_REG(r1,r2) | SCOPY_REG_REG(r3,r4) | LOAD_REG_INT(r5,c1) | RET_REG(r4)","r1=R42;r2=R48;r3=R43;r4=R9;r5=R44;c1=int:1","trace",17281
629,200,1,1,6,over_3_symbols,"SCOPY_REG_REG(r1,r2) | STRLEN_REG_REG(r3,r1) | LOAD_REG_INT(r4,c1) | ILT_REG_REG_REG(r5,r4,r3)","r1=R5;r2=R11;r3=R6;r4=R10;c1=int:0;r5=R15","trace",15210
630,200,1,1,6,over_3_symbols,"SEQ_REG_REG_STRING(r1,r2,c1) | BRT_ID_REG(c2,r1) | SEQ_REG_REG_STRING(r1,r3,c1) | BRF_ID_REG(c3,r1)","r1=R4;r2=R2;c1=string@28800;c2=label@67;r3=R1;c3=label@72","pos",56
631,200,1,1,6,over_3_symbols,"SETTP_REG_INT(r1,c1) | NULL_REG(r2) | ILT_REG_REG_INT(r3,r1,c2) | BRF_ID_REG(c3,r3)","r1=R8;c1=int:0;r2=R0;r3=R4;c2=int:1;c3=label@56","pos",41
632,200,1,1,6,over_3_symbols,"SETTP_REG_INT(r1,c1) | SWAP_REG_REG(r2,r1) | SETTP_REG_INT(r3,c1) | SETTP_REG_INT(r4,c2)","r1=R32;c1=int:768;r2=R26;r3=R27;r4=R28;c2=int:0","trace",15924
633,200,1,1,8,over_3_symbols,"STRLEN_REG_REG(r1,r2) | ISUB_REG_REG_INT(r3,r4,c1) | ISUB_REG_REG_REG(r5,r1,r3) | BGE_ID_REG_INT(c2,r5,c3)","r1=R29;r2=R0;r3=R2;r4=R3;c1=int:1;r5=R21;c2=label@15840;c3=int:0","trace",15822
634,200,1,1,6,over_3_symbols,"STRLEN_REG_REG(r1,r2) | LOAD_REG_INT(r3,c1) | ILT_REG_REG_REG(r4,r3,r1) | BRF_ID_REG(c2,r4)","r1=R6;r2=R5;r3=R10;c1=int:0;r4=R15;c2=label@15245","trace",15213
635,200,1,1,5,over_3_symbols,"STRUPPER_REG_REG(r1,r2) | SCOPY_REG_REG(r2,r1) | STRLEN_REG_REG(r3,r2) | LOAD_REG_INT(r4,c1)","r1=R11;r2=R5;r3=R6;r4=R10;c1=int:0","trace",15207
636,200,1,1,7,over_3_symbols,"SWAP_REG_REG(r1,r2) | BRTPANDT_ID_REG_INT(c1,r3,c2) | LOAD_REG_INT(r3,c3) | SETTP_REG_INT(r3,c4)","r1=R1;r2=R7;c1=label@44;r3=R8;c2=int:256;c3=int:1;c4=int:0","pos",31
637,200,1,1,6,over_3_symbols,"SWAP_REG_REG(r1,r2) | IEQ_REG_REG_INT(r3,r3,c1) | BRF_ID_REG(c2,r3) | LOAD_REG_INT(r4,c1)","r1=R32;r2=R26;r3=R30;c1=int:0;c2=label@15958;r4=R29","trace",15940
638,200,1,1,5,over_3_symbols,"SWAP_REG_REG(r1,r2) | STRUPPER_REG_REG(r3,r4) | SCOPY_REG_REG(r4,r3) | STRLEN_REG_REG(r5,r4)","r1=R48;r2=R13;r3=R11;r4=R5;r5=R6","trace",15204
639,103,4,1,6,over_3_symbols,"LOAD_REG_INT(r1,c1) | LOAD_REG_INT(r2,c2) | IGT_REG_REG_REG(r3,r1,r2) | BRT_ID_REG(c3,r3)","r1=R33;c1=int:1;r2=R31;c2=int:100;r3=R30;c3=label@359","benchmark_rexxcps_levelb_opt",300
640,100,1,1,8,over_3_symbols,"BCF_ID_REG(c1,r1) | LOAD_REG_STRING(r2,c2) | LOAD_REG_STRING(r3,c3) | LOAD_REG_INT(r4,c4)","c1=label@2108;r1=R37;r2=R42;c2=string@26184;r3=R41;c3=string@384;r4=R13;c4=int:1","benchmark_rexxcps_levelb_opt",485
641,100,1,1,5,over_3_symbols,"BPOFF() | LOAD_REG_STRING(r1,c1) | LOAD_REG_INT(r2,c2) | SETTP_REG_INT(r1,c3)","r1=R89;c1=string@23712;r2=R88;c2=int:1;c3=int:768","benchmark_rexxcps_levelb_opt",2130
642,100,1,1,7,over_3_symbols,"BRF_ID_REG(c1,r1) | LOAD_REG_STRING(r2,c2) | LOAD_REG_STRING(r2,c3) | SEQ_REG_REG_STRING(r3,r2,c4)","c1=label@1368;r1=R71;r2=R42;c2=string@26184;c3=string@17208;r3=R73;c4=string@68176","benchmark_rexxcps_levelb_opt",1362
643,100,1,1,5,over_3_symbols,"FADD_REG_REG_REG(r1,r2,r1) | BPOFF() | LOAD_REG_STRING(r2,c1) | LOAD_REG_INT(r3,c2)","r1=R22;r2=R89;c1=string@23712;r3=R88;c2=int:1","benchmark_rexxcps_levelb_opt",2126
644,100,1,1,7,over_3_symbols,"ICOPY_REG_REG(r1,r2) | BCF_ID_REG(c1,r1) | LOAD_REG_STRING(r3,c2) | LOAD_REG_STRING(r4,c3)","r1=R37;r2=R20;c1=label@2108;r3=R42;c2=string@26184;r4=R41;c3=string@384","benchmark_rexxcps_levelb_opt",482
645,100,1,1,6,over_3_symbols,"LOAD_REG_INT(r1,c1) | IGT_REG_REG_REG(r2,r3,r1) | BRT_ID_REG(c2,r2) | NULL_REG(r4)","r1=R45;c1=int:14;r2=R46;r3=R13;c2=label@485;r4=R11","benchmark_rexxcps_levelb_opt",497
646,100,1,1,7,over_3_symbols,"LOAD_REG_STRING(r1,c1) | LOAD_REG_INT(r2,c2) | LOAD_REG_INT(r3,c3) | IGT_REG_REG_REG(r4,r2,r3)","r1=R41;c1=string@384;r2=R13;c2=int:1;r3=R45;c3=int:14;r4=R46","benchmark_rexxcps_levelb_opt",491
647,100,1,1,6,over_3_symbols,"LOAD_REG_STRING(r1,c1) | LOAD_REG_STRING(r1,c2) | SEQ_REG_REG_STRING(r2,r1,c3) | BRF_ID_REG(c4,r2)","r1=R42;c1=string@26184;c2=string@17208;r2=R73;c3=string@68176;c4=label@1382","benchmark_rexxcps_levelb_opt",1365
648,100,1,1,5,over_3_symbols,"SCOPY_REG_REG(r1,r2) | STOF_REG(r1) | FADD_REG_REG_REG(r3,r1,r3) | BCTP_ID_REG(c1,r4)","r1=R35;r2=R15;r3=R21;c1=label@306;r4=R33","benchmark_rexxcps_levelb_opt",347
649,100,1,1,3,candidate,"SCOPY_REG_REG(r1,r2) | STOF_REG(r1) | FADD_REG_REG_REG(r3,r1,r3) | BPOFF()","r1=R89;r2=R87;r3=R22","benchmark_rexxcps_levelb_opt",2121
650,100,1,1,5,over_3_symbols,"SEQ_REG_REG_STRING(r1,r2,c1) | BRF_ID_REG(c2,r1) | LOAD_REG_STRING(r2,c1) | LOAD_REG_STRING(r2,c3)","r1=R71;r2=R42;c1=string@26184;c2=label@1368;c3=string@17208","benchmark_rexxcps_levelb_opt",1358
651,100,1,1,3,candidate,"STOF_REG(r1) | FADD_REG_REG_REG(r2,r1,r2) | BPOFF() | LOAD_REG_STRING(r1,c1)","r1=R89;r2=R22;c1=string@23712","benchmark_rexxcps_levelb_opt",2124
652,76,5,2,7,over_3_symbols,"LINKATTR1_REG_REG_INT(r1,r2,c1) | LINKATTR1_REG_REG_INT(r3,r2,c2) | MINATTRS_REG_REG_INT(r1,r3,c3) | LINKATTR1_REG_REG_REG(r4,r1,r3)","r1=R22;r2=R37;c1=int:17;r3=R25;c2=int:16;c3=int:0;r4=R24","trace",6103
653,76,5,2,6,over_3_symbols,"LINKATTR1_REG_REG_INT(r1,r2,c1) | MINATTRS_REG_REG_INT(r3,r1,c2) | LINKATTR1_REG_REG_REG(r4,r3,r1) | UNLINK_REG(r1)","r1=R25;r2=R37;c1=int:16;r3=R22;c2=int:0;r4=R24","trace",6107
654,46,3,2,4,over_3_symbols,"LINKATTR1_REG_REG_REG(r1,r2,r3) | UNLINK_REG(r3) | SCOPY_REG_REG(r1,r4) | UNLINK_REG(r1)","r1=R24;r2=R22;r3=R25;r4=R4","trace",6115
655,46,3,2,5,over_3_symbols,"MINATTRS_REG_REG_INT(r1,r2,c1) | LINKATTR1_REG_REG_REG(r3,r1,r2) | UNLINK_REG(r2) | SCOPY_REG_REG(r3,r4)","r1=R22;r2=R25;c1=int:0;r3=R24;r4=R4","trace",6111
656,46,3,2,4,over_3_symbols,"UNLINK_REG(r1) | SCOPY_REG_REG(r2,r3) | UNLINK_REG(r2) | UNLINK_REG(r4)","r1=R25;r2=R24;r3=R4;r4=R22","trace",6119
657,45,3,1,6,over_3_symbols,"UNLINK_REG(r1) | LINKATTR1_REG_REG_INT(r1,r2,c1) | LINKATTR1_REG_REG_INT(r3,r2,c2) | MINATTRS_REG_REG_INT(r1,r3,c3)","r1=R9;r2=R18;c1=int:8;r3=R16;c2=int:2;c3=int:0","stem",631
658,45,3,1,6,over_3_symbols,"UNLINK_REG(r1) | UNLINK_REG(r2) | LINKATTR1_REG_REG_INT(r2,r3,c1) | LINKATTR1_REG_REG_INT(r4,r3,c2)","r1=R15;r2=R9;r3=R18;c1=int:8;r4=R16;c2=int:2","stem",629
659,31,2,2,5,over_3_symbols,"ICOPY_REG_REG(r1,r2) | UNLINK_REG(r1) | LINKATTR1_REG_REG_INT(r2,r3,c1) | LINKATTR1_REG_REG_INT(r1,r3,c2)","r1=R25;r2=R22;r3=R37;c1=int:17;c2=int:16","trace",6098
660,31,2,2,5,over_3_symbols,"LINKATTR1_REG_REG_INT(r1,r2,c1) | ICOPY_REG_REG(r1,r3) | UNLINK_REG(r1) | LINKATTR1_REG_REG_INT(r3,r2,c2)","r1=R25;r2=R37;c1=int:16;r3=R22;c2=int:17","trace",6094
661,31,2,2,6,over_3_symbols,"UNLINK_REG(r1) | LINKATTR1_REG_REG_INT(r2,r3,c1) | LINKATTR1_REG_REG_INT(r1,r3,c2) | MINATTRS_REG_REG_INT(r2,r1,c3)","r1=R25;r2=R22;r3=R37;c1=int:17;c2=int:16;c3=int:0","trace",6101
662,30,2,1,5,over_3_symbols,"SCOPY_REG_REG(r1,r2) | UNLINK_REG(r1) | UNLINK_REG(r3) | LINKATTR1_REG_REG_INT(r3,r4,c1)","r1=R15;r2=R19;r3=R9;r4=R18;c1=int:8","stem",626
663,30,11,2,4,over_3_symbols,"SETNUMCAS_INT(c1) | SETNUMSTD_INT(c1) | NULL_REG(r1) | SCOPY_REG_REG(r2,r3)","c1=int:1;r1=R3;r2=R2;r3=R15","_address",5609
664,30,11,2,6,over_3_symbols,"SETNUMSTD_INT(c1) | NULL_REG(r1) | SCOPY_REG_REG(r2,r3) | LOAD_REG_INT(r4,c2)","c1=int:1;r1=R3;r2=R2;r3=R15;r4=R4;c2=int:3","_address",5611
665,16,1,1,7,over_3_symbols,"BRF_ID_REG(c1,r1) | ISUB_REG_REG_REG(r2,r3,r4) | SETSTRPOS_REG_REG(r5,r2) | SUBSTRING_REG_REG_REG(r6,r5,r4)","c1=label@5817;r1=R12;r2=R16;r3=R14;r4=R13;r5=R15;r6=R17","trace",5798
666,16,1,1,8,over_3_symbols,"COPY_REG_REG(r1,r2) | COPY_REG_REG(r3,r4) | ICOPY_REG_REG(r5,r6) | SCOPY_REG_REG(r7,r8)","r1=R26;r2=R0;r3=R22;r4=R1;r5=R25;r6=R2;r7=R24;r8=R4","trace",6019
667,16,1,1,8,over_3_symbols,"COPY_REG_REG(r1,r2) | ICOPY_REG_REG(r3,r4) | SCOPY_REG_REG(r5,r6) | LOAD_REG_INT(r7,c1)","r1=R22;r2=R1;r3=R25;r4=R2;r5=R24;r6=R4;r7=R21;c1=int:1","trace",6022
668,16,1,1,5,over_3_symbols,"COPY_REG_REG(r1,r2) | LINKATTR1_REG_REG_INT(r3,r2,c1) | COPY_REG_REG(r4,r3) | UNLINK_REG(r3)","r1=R0;r2=R37;r3=R21;c1=int:17;r4=R1","trace",5998
669,16,1,1,5,over_3_symbols,"COPY_REG_REG(r1,r2) | UNLINK_REG(r2) | LINKATTR1_REG_REG_INT(r2,r3,c1) | ICOPY_REG_REG(r4,r2)","r1=R1;r2=R21;r3=R37;c1=int:16;r4=R2","trace",6005
670,16,1,1,7,over_3_symbols,"ICOPY_REG_REG(r1,r2) | SCOPY_REG_REG(r3,r4) | LOAD_REG_INT(r5,c1) | IGT_REG_REG_REG(r6,r5,r1)","r1=R25;r2=R2;r3=R24;r4=R4;r5=R21;c1=int:1;r6=R20","trace",6025
671,16,1,1,6,over_3_symbols,"ICOPY_REG_REG(r1,r2) | UNLINK_REG(r2) | COPY_REG_REG(r3,r4) | COPY_REG_REG(r5,r6)","r1=R2;r2=R21;r3=R26;r4=R0;r5=R22;r6=R1","trace",6014
672,16,1,1,6,over_3_symbols,"ILT_REG_REG_REG(r1,r2,r3) | BRF_ID_REG(c1,r1) | ISUB_REG_REG_REG(r4,r3,r2) | SETSTRPOS_REG_REG(r5,r4)","r1=R12;r2=R13;r3=R14;c1=label@5817;r4=R16;r5=R15","trace",5794
673,16,1,1,6,over_3_symbols,"ISUB_REG_REG_REG(r1,r2,r3) | SETSTRPOS_REG_REG(r4,r1) | SUBSTRING_REG_REG_REG(r5,r4,r3) | SCOPY_REG_REG(r6,r5)","r1=R16;r2=R14;r3=R13;r4=R15;r5=R17;r6=R12","trace",5801
674,16,1,1,5,over_3_symbols,"LINKATTR1_REG_REG_INT(r1,r2,c1) | COPY_REG_REG(r3,r1) | UNLINK_REG(r1) | LINKATTR1_REG_REG_INT(r1,r2,c2)","r1=R21;r2=R37;c1=int:17;r3=R1;c2=int:16","trace",6001
675,16,1,1,6,over_3_symbols,"LINKATTR1_REG_REG_INT(r1,r2,c1) | ICOPY_REG_REG(r3,r1) | UNLINK_REG(r1) | COPY_REG_REG(r4,r5)","r1=R21;r2=R37;c1=int:16;r3=R2;r4=R26;r5=R0","trace",6010
676,16,1,1,8,over_3_symbols,"LOAD_REG_INT(r1,c1) | LOAD_REG_STRING(r2,c2) | LOAD_REG_INT(r3,c3) | LOAD_REG_STRING(r4,c4)","r1=R13;c1=int:1;r2=R24;c2=string@312160;r3=R21;c3=int:0;r4=R19;c4=string@28800","trace",5735
677,16,1,1,7,over_3_symbols,"LOAD_REG_STRING(r1,c1) | LOAD_REG_INT(r2,c2) | LOAD_REG_STRING(r3,c3) | LOAD_REG_STRING(r4,c3)","r1=R24;c1=string@312160;r2=R21;c2=int:0;r3=R19;c3=string@28800;r4=R17","trace",5738
678,16,1,1,5,over_3_symbols,"LOAD_REG_STRING(r1,c1) | STRLOWER_REG_REG(r1,r2) | COPY_REG_REG(r3,r1) | REQ_REG_REG_STRING(r4,r3,c1)","r1=R8;c1=string@28800;r2=R9;r3=R6;r4=R13","trace",5396
679,16,1,1,7,over_3_symbols,"SCOPY_REG_REG(r1,r2) | LOAD_REG_INT(r3,c1) | IGT_REG_REG_REG(r4,r3,r5) | BRT_ID_REG(c2,r4)","r1=R24;r2=R4;r3=R21;c1=int:1;r4=R20;r5=R25;c2=label@6069","trace",6028
680,16,1,1,3,candidate,"SCOPY_REG_REG(r1,r2) | UNLINK_REG(r1) | UNLINK_REG(r3) | RET()","r1=R24;r2=R4;r3=R22","trace",6121
681,16,1,1,6,over_3_symbols,"STRLOWER_REG_REG(r1,r2) | COPY_REG_REG(r3,r1) | REQ_REG_REG_STRING(r4,r3,c1) | BRF_ID_REG(c2,r4)","r1=R8;r2=R9;r3=R6;r4=R13;c1=string@28800;c2=label@5420","trace",5399
682,16,1,1,6,over_3_symbols,"SWAP_REG_REG(r1,r2) | LOAD_REG_STRING(r3,c1) | STRLOWER_REG_REG(r3,r4) | COPY_REG_REG(r5,r3)","r1=R7;r2=R11;r3=R8;c1=string@28800;r4=R9;r5=R6","trace",5393
683,16,1,1,7,over_3_symbols,"UNLINK_REG(r1) | COPY_REG_REG(r2,r3) | COPY_REG_REG(r4,r5) | ICOPY_REG_REG(r6,r7)","r1=R21;r2=R26;r3=R0;r4=R22;r5=R1;r6=R25;r7=R2","trace",6017
684,16,1,1,4,over_3_symbols,"UNLINK_REG(r1) | LINKATTR1_REG_REG_INT(r1,r2,c1) | ICOPY_REG_REG(r3,r1) | UNLINK_REG(r1)","r1=R21;r2=R37;c1=int:16;r3=R2","trace",6008
685,15,1,1,6,over_3_symbols,"ICOPY_REG_REG(r1,r2) | UNLINK_REG(r1) | UNLINK_REG(r3) | IGT_REG_REG_INT(r4,r5,c1)","r1=R15;r2=R8;r3=R9;r4=R16;r5=R3;c1=int:0","stem",710
686,15,1,1,8,over_3_symbols,"LINKATTR1_REG_REG_INT(r1,r2,c1) | SETATTRS_REG_INT(r1,c2) | LINKATTR1_REG_REG_REG(r3,r1,r4) | LINKATTR1_REG_REG_INT(r5,r2,c3)","r1=R9;r2=R18;c1=int:1;c2=int:256;r3=R15;r4=R0;r5=R8;c3=int:2","stem",751
687,15,1,1,6,over_3_symbols,"LINKATTR1_REG_REG_REG(r1,r2,r3) | UNLINK_REG(r3) | LINKATTR1_REG_REG_INT(r4,r5,c1) | ICOPY_REG_REG(r1,r4)","r1=R15;r2=R9;r3=R16;r4=R8;r5=R18;c1=int:3","stem",670
688,15,1,1,5,over_3_symbols,"LINKATTR1_REG_REG_REG(r1,r2,r3) | UNLINK_REG(r3) | LOAD_REG_INT(r4,c1) | ICOPY_REG_REG(r1,r4)","r1=R15;r2=R9;r3=R16;r4=R8;c1=int:0","stem",701
689,15,1,1,4,over_3_symbols,"LOAD_REG_INT(r1,c1) | ICOPY_REG_REG(r2,r1) | UNLINK_REG(r2) | UNLINK_REG(r3)","r1=R8;c1=int:0;r2=R15;r3=R9","stem",707
690,15,1,1,7,over_3_symbols,"MINATTRS_REG_REG_INT(r1,r2,c1) | LINKATTR1_REG_REG_REG(r3,r1,r2) | UNLINK_REG(r2) | LINKATTR1_REG_REG_INT(r4,r5,c2)","r1=R9;r2=R16;c1=int:0;r3=R15;r4=R8;r5=R18;c2=int:3","stem",666
691,15,1,1,5,over_3_symbols,"MINATTRS_REG_REG_INT(r1,r2,c1) | LINKATTR1_REG_REG_REG(r3,r1,r2) | UNLINK_REG(r2) | LOAD_REG_INT(r4,c1)","r1=R9;r2=R16;c1=int:0;r3=R15;r4=R8","stem",697
692,15,1,1,7,over_3_symbols,"SETATTRS_REG_INT(r1,c1) | LINKATTR1_REG_REG_REG(r2,r1,r3) | LINKATTR1_REG_REG_INT(r4,r5,c2) | ICOPY_REG_REG(r2,r4)","r1=R9;c1=int:256;r2=R15;r3=R0;r4=R8;r5=R18;c2=int:2","stem",755
693,15,15,1,7,over_3_symbols,"SWAP_REG_REG(r1,r2) | LOAD_REG_STRING(r3,c1) | LOAD_REG_INT(r4,c2) | SETTP_REG_INT(r1,c3)","r1=R3;r2=R6;r3=R7;c1=string@1498168;r4=R5;c2=int:2;c3=int:256","trace",14795
694,15,1,1,5,over_3_symbols,"UNLINK_REG(r1) | LINKATTR1_REG_REG_INT(r2,r3,c1) | ICOPY_REG_REG(r4,r2) | UNLINK_REG(r2)","r1=R16;r2=R8;r3=R18;c1=int:3;r4=R15","stem",674
695,15,1,1,4,over_3_symbols,"UNLINK_REG(r1) | LOAD_REG_INT(r2,c1) | ICOPY_REG_REG(r3,r2) | UNLINK_REG(r3)","r1=R16;r2=R8;c1=int:0;r3=R15","stem",705
696,15,1,1,6,over_3_symbols,"UNLINK_REG(r1) | UNLINK_REG(r2) | IGT_REG_REG_INT(r3,r4,c1) | BRF_ID_REG(c2,r3)","r1=R15;r2=R9;r3=R16;r4=R3;c1=int:0;c2=label@751","stem",713
697,15,1,1,5,over_3_symbols,"UNLINK_REG(r1) | UNLINK_REG(r2) | UNLINK_REG(r3) | LINKATTR1_REG_REG_INT(r3,r4,c1)","r1=R8;r2=R15;r3=R9;r4=R18;c1=int:6","stem",683
698,14,10,1,5,over_3_symbols,"COPY_REG_REG(r1,r2) | LINKATTR1_REG_REG_INT(r3,r4,c1) | COPY_REG_REG(r3,r1) | UNLINK_REG(r3)","r1=R3;r2=R8;r3=R7;r4=R1;c1=int:2","_address",5646
699,14,10,1,6,over_3_symbols,"LOAD_REG_STRING(r1,c1) | STRUPPER_REG_REG(r1,r2) | COPY_REG_REG(r2,r1) | LINKATTR1_REG_REG_INT(r3,r4,c2)","r1=R8;c1=string@28800;r2=R3;r3=R7;r4=R1;c2=int:2","_address",5640
700,14,10,1,5,over_3_symbols,"STRUPPER_REG_REG(r1,r2) | COPY_REG_REG(r2,r1) | LINKATTR1_REG_REG_INT(r3,r4,c1) | COPY_REG_REG(r3,r2)","r1=R8;r2=R3;r3=R7;r4=R1;c1=int:2","_address",5643
701,9,6,2,5,over_3_symbols,"SETATTRS_REG_INT(r1,c1) | SETOBJTYPE_REG_STRING(r1,c2) | SETNUMDGTS_INT(c3) | SETNUMFUZ_INT(c4)","r1=R1;c1=int:3;c2=string@19;c3=int:18;c4=int:0","_address",5597
702,9,6,2,5,over_3_symbols,"SETOBJTYPE_REG_STRING(r1,c1) | SETNUMDGTS_INT(c2) | SETNUMFUZ_INT(c3) | SETNUMFRM_INT(c4)","r1=R1;c1=string@19;c2=int:18;c3=int:0;c4=int:1","_address",5600
703,8,4,1,8,over_3_symbols,"LOAD_REG_INT(r1,c1) | LOAD_REG_INT(r2,c2) | LOAD_REG_INT(r3,c3) | LOAD_REG_INT(r4,c4)","r1=R38;c1=int:0;r2=R44;c2=int:48;r3=R9;c3=int:32;r4=R25;c4=int:45","_typedformat",212
704,7,1,1,6,over_3_symbols,"ASSERTTYPE_REG_STRING(r1,c1) | LOAD_REG_STRING(r2,c2) | REQ_REG_REG_STRING(r3,r2,c2) | BRF_ID_REG(c3,r3)","r1=R28;c1=string@14;r2=R25;c2=string@28800;r3=R21;c3=label@15352","_address",15319
705,7,1,1,7,over_3_symbols,"BRF_ID_REG(c1,r1) | COPY_REG_REG(r2,r3) | ASSERTTYPE_REG_STRING(r2,c2) | LOAD_REG_STRING(r4,c3)","c1=label@15390;r1=R22;r2=R28;r3=R3;c2=string@14;r4=R25;c3=string@28800","_address",15313
706,7,1,1,7,over_3_symbols,"BRF_ID_REG(c1,r1) | LOAD_REG_INT(r2,c2) | SETTP_REG_INT(r3,c3) | SWAP_REG_REG(r4,r3)","c1=label@15352;r1=R21;r2=R19;c2=int:1;r3=R28;c3=int:256;r4=R20","_address",15329
707,7,1,1,6,over_3_symbols,"COPY_REG_REG(r1,r2) | ASSERTTYPE_REG_STRING(r1,c1) | LOAD_REG_STRING(r3,c2) | REQ_REG_REG_STRING(r4,r3,c2)","r1=R28;r2=R3;c1=string@14;r3=R25;c2=string@28800;r4=R21","_address",15316
708,7,5,1,5,over_3_symbols,"COPY_REG_REG(r1,r2) | UNLINK_REG(r1) | LINKATTR1_REG_REG_INT(r1,r3,c1) | SCOPY_REG_REG(r1,r4)","r1=R8;r2=R4;r3=R16;c1=int:1;r4=R18","_address",5727
709,7,5,1,6,over_3_symbols,"COPY_REG_REG(r1,r2) | UNLINK_REG(r1) | LINKATTR1_REG_REG_INT(r3,r4,c1) | LINKATTR1_REG_REG_INT(r1,r4,c2)","r1=R7;r2=R3;r3=R6;r4=R1;c1=int:2;c2=int:1","_address",5653
710,7,1,1,6,over_3_symbols,"GETATTRS_REG_REG_INT(r1,r2,c1) | IADD_REG_REG_INT(r3,r1,c2) | MINATTRS_REG_REG_INT(r2,r3,c1) | LINKATTR1_REG_REG_REG(r4,r2,r3)","r1=R31;r2=R34;c1=int:0;r3=R4;c2=int:1;r4=R32","_address",15390
711,7,1,1,7,over_3_symbols,"IADD_REG_REG_INT(r1,r2,c1) | MINATTRS_REG_REG_INT(r3,r1,c2) | LINKATTR1_REG_REG_REG(r4,r3,r1) | SCOPY_REG_REG(r4,r5)","r1=R4;r2=R31;c1=int:1;r3=R34;c2=int:0;r4=R32;r5=R1","_address",15394
712,7,1,1,5,over_3_symbols,"ISTYPE_REG_REG_STRING(r1,r2,c1) | BRF_ID_REG(c2,r1) | COPY_REG_REG(r3,r2) | ASSERTTYPE_REG_STRING(r3,c1)","r1=R22;r2=R3;c1=string@14;c2=label@15390;r3=R28","_address",15309
713,7,5,1,5,over_3_symbols,"LINKATTR1_REG_REG_INT(r1,r2,c1) | COPY_REG_REG(r1,r3) | UNLINK_REG(r1) | LINKATTR1_REG_REG_INT(r1,r2,c2)","r1=R8;r2=R16;c1=int:2;r3=R4;c2=int:1","_address",5723
714,7,5,1,5,over_3_symbols,"LINKATTR1_REG_REG_INT(r1,r2,c1) | COPY_REG_REG(r1,r3) | UNLINK_REG(r1) | LINKATTR1_REG_REG_INT(r4,r2,c1)","r1=R7;r2=R1;c1=int:2;r3=R3;r4=R6","_address",5649
715,7,5,1,5,over_3_symbols,"LINKATTR1_REG_REG_INT(r1,r2,c1) | LINKATTR1_REG_REG_INT(r3,r2,c2) | SCOPY_REG_REG(r3,r1) | UNLINK_REG(r3)","r1=R6;r2=R1;c1=int:2;r3=R7;c2=int:1","_address",5658
716,7,5,1,6,over_3_symbols,"LINKATTR1_REG_REG_INT(r1,r2,c1) | REQ_REG_REG_STRING(r3,r1,c2) | UNLINK_REG(r1) | BRF_ID_REG(c3,r3)","r1=R8;r2=R16;c1=int:1;r3=R7;c2=string@28800;c3=label@5769","_address",5741
717,7,5,1,4,over_3_symbols,"LINKATTR1_REG_REG_INT(r1,r2,c1) | SCOPY_REG_REG(r1,r3) | UNLINK_REG(r1) | LINKATTR1_REG_REG_INT(r1,r2,c1)","r1=R8;r2=R16;c1=int:1;r3=R18","_address",5732
718,7,5,1,4,over_3_symbols,"LINKATTR1_REG_REG_INT(r1,r2,c1) | SCOPY_REG_REG(r1,r3) | UNLINK_REG(r1) | UNLINK_REG(r3)","r1=R7;r2=R1;c1=int:1;r3=R6","_address",5662
719,7,1,1,5,over_3_symbols,"LINKATTR1_REG_REG_REG(r1,r2,r3) | COPY_REG_REG(r1,r4) | UNLINK_REG(r1) | RET_INT(c1)","r1=R32;r2=R35;r3=R4;r4=R3;c1=int:0","_address",15415
720,7,1,1,6,over_3_symbols,"LINKATTR1_REG_REG_REG(r1,r2,r3) | SCOPY_REG_REG(r1,r4) | UNLINK_REG(r1) | MINATTRS_REG_REG_INT(r5,r3,c1)","r1=R32;r2=R34;r3=R4;r4=R1;r5=R35;c1=int:0","_address",15402
721,7,1,1,6,over_3_symbols,"LOAD_REG_INT(r1,c1) | SETTP_REG_INT(r2,c2) | SRCFPROCSEL_REG_STRING_REG(r3,c3,r1) | DCALL_REG_REG_REG(r3,r3,r1)","r1=R0;c1=int:1;r2=R1;c2=int:256;r3=R3;c3=string@0","_address",15285
722,7,1,1,7,over_3_symbols,"LOAD_REG_INT(r1,c1) | SETTP_REG_INT(r2,c2) | SWAP_REG_REG(r3,r2) | SRCMETHODSEL_REG_REG_STRING(r4,r3,c3)","r1=R19;c1=int:1;r2=R28;c2=int:256;r3=R20;r4=R25;c3=string@0","_address",15332
723,7,1,1,6,over_3_symbols,"LOAD_REG_STRING(r1,c1) | REQ_REG_REG_STRING(r2,r1,c1) | BRF_ID_REG(c2,r2) | LOAD_REG_INT(r3,c3)","r1=R25;c1=string@28800;r2=R21;c2=label@15352;r3=R19;c3=int:1","_address",15322
724,7,1,1,5,over_3_symbols,"NULL_REG(r1) | NULL_REG(r2) | SCOPY_REG_REG(r3,r4) | SETOBJUNINIT_REG_STRING(r2,c1)","r1=R25;r2=R28;r3=R26;r4=R1;c1=string@67","_address",15299
725,7,1,1,7,over_3_symbols,"NULL_REG(r1) | SCOPY_REG_REG(r2,r3) | SETOBJUNINIT_REG_STRING(r1,c1) | ISTYPE_REG_REG_STRING(r4,r5,c2)","r1=R28;r2=R26;r3=R1;c1=string@67;r4=R22;r5=R3;c2=string@14","_address",15301
726,7,1,1,8,over_3_symbols,"REQ_REG_REG_STRING(r1,r2,c1) | BRF_ID_REG(c2,r1) | LOAD_REG_INT(r3,c3) | SETTP_REG_INT(r4,c4)","r1=R21;r2=R25;c1=string@28800;c2=label@15352;r3=R19;c3=int:1;r4=R28;c4=int:256","_address",15325
727,7,1,1,8,over_3_symbols,"SCOPY_REG_REG(r1,r2) | SETOBJUNINIT_REG_STRING(r3,c1) | ISTYPE_REG_REG_STRING(r4,r5,c2) | BRF_ID_REG(c3,r4)","r1=R26;r2=R1;r3=R28;c1=string@67;r4=R22;r5=R3;c2=string@14;c3=label@15390","_address",15303
728,7,5,1,6,over_3_symbols,"SCOPY_REG_REG(r1,r2) | UNLINK_REG(r1) | LINKATTR1_REG_REG_INT(r1,r3,c1) | REQ_REG_REG_STRING(r4,r1,c2)","r1=R8;r2=R18;r3=R16;c1=int:1;r4=R7;c2=string@28800","_address",5736
729,7,1,1,5,over_3_symbols,"SCOPY_REG_REG(r1,r2) | UNLINK_REG(r1) | MINATTRS_REG_REG_INT(r3,r4,c1) | LINKATTR1_REG_REG_REG(r1,r3,r4)","r1=R32;r2=R1;r3=R35;r4=R4;c1=int:0","_address",15406
730,7,5,1,3,candidate,"SCOPY_REG_REG(r1,r2) | UNLINK_REG(r1) | UNLINK_REG(r2) | RET_REG(r3)","r1=R7;r2=R6;r3=R1","_address",5666
731,7,5,1,3,candidate,"SETNUMCAS_INT(c1) | SETNUMSTD_INT(c1) | LINKATTR1_REG_REG_INT(r1,r2,c1) | RET_REG(r1)","c1=int:1;r1=R1;r2=R7","_address",5796
732,7,5,1,3,candidate,"SETNUMFRM_INT(c1) | SETNUMCAS_INT(c1) | SETNUMSTD_INT(c1) | LINKATTR1_REG_REG_INT(r1,r2,c1)","c1=int:1;r1=R1;r2=R7","_address",5794
733,7,1,1,6,over_3_symbols,"SETOBJUNINIT_REG_STRING(r1,c1) | ISTYPE_REG_REG_STRING(r2,r3,c2) | BRF_ID_REG(c3,r2) | COPY_REG_REG(r1,r3)","r1=R28;c1=string@67;r2=R22;r3=R3;c2=string@14;c3=label@15390","_address",15306
734,7,1,1,6,over_3_symbols,"SETTP_REG_INT(r1,c1) | SWAP_REG_REG(r2,r1) | SRCMETHODSEL_REG_REG_STRING(r3,r2,c2) | DCALL_REG_REG_REG(r3,r3,r4)","r1=R28;c1=int:256;r2=R20;r3=R25;c2=string@0;r4=R19","_address",15335
735,7,1,1,7,over_3_symbols,"SWAP_REG_REG(r1,r2) | GETATTRS_REG_REG_INT(r3,r4,c1) | IADD_REG_REG_INT(r5,r3,c2) | MINATTRS_REG_REG_INT(r4,r5,c1)","r1=R25;r2=R32;r3=R31;r4=R34;c1=int:0;r5=R4;c2=int:1","_address",15387
736,7,1,1,6,over_3_symbols,"SWAP_REG_REG(r1,r2) | LOAD_REG_INT(r3,c1) | SETTP_REG_INT(r1,c2) | SWAP_REG_REG(r4,r1)","r1=R28;r2=R20;r3=R29;c1=int:3;c2=int:256;r4=R30","_address",15349
737,7,1,1,8,over_3_symbols,"SWAP_REG_REG(r1,r2) | SETTP_REG_INT(r3,c1) | SWAP_REG_REG(r4,r3) | SRCMETHODSEL_REG_REG_STRING(r5,r6,c2)","r1=R31;r2=R26;r3=R25;c1=int:256;r4=R32;r5=R21;r6=R30;c2=string@5","_address",15364
738,7,1,1,8,over_3_symbols,"SWAP_REG_REG(r1,r2) | SWAP_REG_REG(r3,r4) | GETATTRS_REG_REG_INT(r2,r5,c1) | IADD_REG_REG_INT(r6,r2,c2)","r1=R26;r2=R31;r3=R25;r4=R32;r5=R34;c1=int:0;r6=R4;c2=int:1","_address",15384
739,7,1,1,8,over_3_symbols,"SWAP_REG_REG(r1,r2) | SWAP_REG_REG(r3,r4) | SWAP_REG_REG(r5,r6) | GETATTRS_REG_REG_INT(r4,r7,c1)","r1=R28;r2=R30;r3=R26;r4=R31;r5=R25;r6=R32;r7=R34;c1=int:0","_address",15381
740,7,5,1,5,over_3_symbols,"UNLINK_REG(r1) | LINKATTR1_REG_REG_INT(r1,r2,c1) | REQ_REG_REG_STRING(r3,r1,c2) | UNLINK_REG(r1)","r1=R8;r2=R16;c1=int:1;r3=R7;c2=string@28800","_address",5739
741,7,5,1,5,over_3_symbols,"UNLINK_REG(r1) | LINKATTR1_REG_REG_INT(r2,r3,c1) | LINKATTR1_REG_REG_INT(r1,r3,c2) | SCOPY_REG_REG(r1,r2)","r1=R7;r2=R6;r3=R1;c1=int:2;c2=int:1","_address",5656
742,7,1,1,5,over_3_symbols,"UNLINK_REG(r1) | MINATTRS_REG_REG_INT(r2,r3,c1) | LINKATTR1_REG_REG_REG(r1,r2,r3) | COPY_REG_REG(r1,r4)","r1=R32;r2=R35;r3=R4;c1=int:0;r4=R3","_address",15409
743,6,3,1,7,over_3_symbols,"BRF_ID_REG(c1,r1) | LOAD_REG_INT(r2,c2) | SETSTRPOS_REG_REG(r3,r2) | SUBSTRING_REG_REG_REG(r4,r3,r5)","c1=label@411;r1=R47;r2=R40;c2=int:0;r3=R23;r4=R5;r5=R33","_typedformat",398
744,6,3,1,6,over_3_symbols,"IGT_REG_REG_INT(r1,r2,c1) | BRF_ID_REG(c2,r1) | LOAD_REG_INT(r3,c1) | SETSTRPOS_REG_REG(r4,r3)","r1=R47;r2=R33;c1=int:0;c2=label@411;r3=R40;r4=R23","_typedformat",394
745,6,1,1,8,over_3_symbols,"IGT_REG_REG_REG(r1,r2,r3) | BRT_ID_REG(c1,r1) | STRCHAR_REG_REG_REG(r4,r5,r2) | BRF_ID_REG(c2,r6)","r1=R58;r2=R60;r3=R59;c1=label@1278;r4=R10;r5=R20;c2=label@1194;r6=R42","_typedformat",1175
746,6,3,1,7,over_3_symbols,"LOAD_REG_STRING(r1,c1) | IGT_REG_REG_INT(r2,r3,c2) | BRF_ID_REG(c3,r2) | LOAD_REG_INT(r4,c2)","r1=R5;c1=string@28800;r2=R47;r3=R33;c2=int:0;c3=label@411;r4=R40","_typedformat",391
747,6,3,1,5,over_3_symbols,"LOAD_REG_STRING(r1,c1) | LOAD_REG_STRING(r2,c1) | LOAD_REG_STRING(r3,c1) | LOAD_REG_STRING(r4,c1)","r1=R14;c1=string@28800;r2=R5;r3=R0;r4=R20","_typedformat",185
748,4,2,1,6,over_3_symbols,"BRTPANDT_ID_REG_INT(c1,r1,c2) | LOAD_REG_INT(r1,c3) | SETTP_REG_INT(r1,c3) | BRTPANDT_ID_REG_INT(c4,r2,c2)","c1=label@14;r1=R27;c2=int:256;c3=int:0;c4=label@24;r2=R28","floatformat",4
749,4,1,1,8,over_3_symbols,"BRT_ID_REG(c1,r1) | STRCHAR_REG_REG_REG(r2,r3,r4) | BRF_ID_REG(c2,r5) | APPENDCHAR_REG_REG(r6,r2)","c1=label@1278;r1=R58;r2=R10;r3=R20;r4=R60;c2=label@1194;r5=R42;r6=R34","_typedformat",1179
750,4,2,1,5,over_3_symbols,"LOAD_REG_INT(r1,c1) | SETSTRPOS_REG_REG(r2,r1) | SUBSTRING_REG_REG_REG(r3,r2,r4) | SCOPY_REG_REG(r2,r3)","r1=R40;c1=int:0;r2=R20;r3=R51;r4=R37","_typedformat",770
751,4,2,1,5,over_3_symbols,"SETSTRPOS_REG_REG(r1,r2) | SUBSTRING_REG_REG_REG(r3,r1,r4) | SCOPY_REG_REG(r1,r3) | ICOPY_REG_REG(r5,r4)","r1=R20;r2=R40;r3=R51;r4=R37;r5=R21","_typedformat",773
752,4,1,1,7,over_3_symbols,"STRCHAR_REG_REG_REG(r1,r2,r3) | BRF_ID_REG(c1,r4) | APPENDCHAR_REG_REG(r5,r1) | BR_ID(c2)","r1=R10;r2=R20;r3=R60;c1=label@1194;r4=R42;r5=R34;c2=label@1236","_typedformat",1182
753,3,3,1,4,over_3_symbols,"SCONCAT_REG_REG_STRING(r1,r1,c1) | ITOS_REG(r2) | APPEND_REG_REG(r1,r2) | SCONCAT_REG_REG_STRING(r1,r1,c2)","r1=R33;c1=string@11944;r2=R23;c2=string@12232","benchmark_rexxcps_levelb_opt",246
754,2,2,1,4,over_3_symbols,"APPEND_REG_REG(r1,r2) | SCONCAT_REG_REG_STRING(r1,r1,c1) | ITOS_REG(r3) | APPEND_REG_REG(r1,r3)","r1=R33;r2=R30;c1=string@11944;r3=R23","benchmark_rexxcps_levelb_opt",243
755,2,1,1,7,over_3_symbols,"BGE_ID_REG_INT(c1,r1,c2) | POSCHAR_REG_REG_REG(r1,r2,r3) | IGTE_REG_REG_INT(r4,r1,c2) | BRF_ID_REG(c3,r4)","c1=label@255;r1=R11;c2=int:0;r2=R28;r3=R22;r4=R47;c3=label@309","_typedformat",247
756,2,1,1,5,over_3_symbols,"BRF_ID_REG(c1,r1) | IADD_REG_REG_REG(r2,r3,r4) | ISUB_REG_REG_REG(r1,r2,r4) | IGT_REG_REG_REG(r1,r3,r1)","c1=label@1123;r1=R60;r2=R7;r3=R31;r4=R39","_typedformat",1116
757,2,1,1,8,over_3_symbols,"BRF_ID_REG(c1,r1) | IADD_REG_REG_REG(r2,r3,r4) | STRCHAR_REG_REG_REG(r5,r6,r2) | ICOPY_REG_REG(r7,r2)","c1=label@1058;r1=R52;r2=R40;r3=R31;r4=R2;r5=R35;r6=R20;r7=R37","_typedformat",746
758,2,1,1,8,over_3_symbols,"BRF_ID_REG(c1,r1) | SETSTRPOS_REG_REG(r2,r3) | SUBSTRING_REG_REG_REG(r4,r2,r5) | ICOPY_REG_REG(r6,r7)","c1=label@436;r1=R47;r2=R23;r3=R40;r4=R0;r5=R1;r6=R6;r7=R33","_typedformat",426
759,2,1,1,6,over_3_symbols,"BRTPANDT_ID_REG_INT(c1,r1,c2) | LOAD_REG_INT(r1,c3) | SETTP_REG_INT(r1,c3) | GETANDTP_REG_REG_INT(r2,r3,c2)","c1=label@44;r1=R30;c2=int:256;c3=int:0;r2=R3;r3=R27","floatformat",34
760,2,1,1,7,over_3_symbols,"BRT_ID_REG(c1,r1) | SEQ_REG_REG_STRING(r1,r2,c2) | BRT_ID_REG(c3,r1) | SEQ_REG_REG_STRING(r3,r2,c4)","c1=label@76;r1=R0;r2=R1;c2=string@956600;c3=label@87;r3=R11;c4=string@956640","floatformat",69
761,2,1,1,5,over_3_symbols,"BTOI_REG(r1) | ICOPY_REG_REG(r2,r1) | IADD_REG_REG_REG(r1,r3,r4) | IGT_REG_REG_REG(r1,r5,r1)","r1=R60;r2=R39;r3=R31;r4=R2;r5=R21","_typedformat",976
762,2,1,1,10,over_3_symbols,"CONCAT_REG_REG_REG(r1,r2,r3) | IADD_REG_REG_REG(r4,r5,r6) | ILT_REG_REG_INT(r7,r8,c1) | BRF_ID_REG(c2,r7)","r1=R20;r2=R5;r3=R0;r4=R21;r5=R6;r6=R1;r7=R53;r8=R31;c1=int:1;c2=label@690","_typedformat",653
763,2,1,1,5,over_3_symbols,"FCOPY_REG_REG(r1,r2) | FTOS_REG(r1) | SEQ_REG_REG_STRING(r3,r1,c1) | BRT_ID_REG(c2,r3)","r1=R1;r2=R26;r3=R0;c1=string@956560;c2=label@76","floatformat",60
764,2,1,1,5,over_3_symbols,"FTOS_REG(r1) | SEQ_REG_REG_STRING(r2,r1,c1) | BRT_ID_REG(c2,r2) | SEQ_REG_REG_STRING(r2,r1,c3)","r1=R1;r2=R0;c1=string@956560;c2=label@76;c3=string@956600","floatformat",63
765,2,1,1,7,over_3_symbols,"GETANDTP_REG_REG_INT(r1,r2,c1) | FCOPY_REG_REG(r3,r4) | FTOS_REG(r3) | SEQ_REG_REG_STRING(r5,r3,c2)","r1=R9;r2=R30;c1=int:256;r3=R1;r4=R26;r5=R0;c2=string@956560","floatformat",56
766,2,1,1,7,over_3_symbols,"GETANDTP_REG_REG_INT(r1,r2,c1) | GETANDTP_REG_REG_INT(r3,r4,c1) | FCOPY_REG_REG(r5,r6) | FTOS_REG(r5)","r1=R7;r2=R29;c1=int:256;r3=R9;r4=R30;r5=R1;r6=R26","floatformat",52
767,2,1,1,9,over_3_symbols,"GETANDTP_REG_REG_INT(r1,r2,c1) | GETANDTP_REG_REG_INT(r3,r4,c1) | GETANDTP_REG_REG_INT(r5,r6,c1) | FCOPY_REG_REG(r7,r8)","r1=R5;r2=R28;c1=int:256;r3=R7;r4=R29;r5=R9;r6=R30;r7=R1;r8=R26","floatformat",48
768,2,1,1,9,over_3_symbols,"GETANDTP_REG_REG_INT(r1,r2,c1) | GETANDTP_REG_REG_INT(r3,r4,c1) | GETANDTP_REG_REG_INT(r5,r6,c1) | GETANDTP_REG_REG_INT(r7,r8,c1)","r1=R3;r2=R27;c1=int:256;r3=R5;r4=R28;r5=R7;r6=R29;r7=R9;r8=R30","floatformat",44
769,2,1,1,9,over_3_symbols,"IADD_REG_REG_INT(r1,r2,c1) | ISUB_REG_REG_REG(r3,r4,r1) | LOAD_REG_STRING(r5,c2) | IGT_REG_REG_INT(r6,r3,c3)","r1=R40;r2=R33;c1=int:1;r3=R1;r4=R24;r5=R0;c2=string@28800;r6=R47;c3=int:0","_typedformat",411
770,2,1,1,5,over_3_symbols,"IADD_REG_REG_REG(r1,r2,r3) | ISUB_REG_REG_REG(r4,r1,r3) | IGT_REG_REG_REG(r4,r2,r4) | BRF_ID_REG(c1,r4)","r1=R7;r2=R31;r3=R39;r4=R60;c1=label@1137","_typedformat",1119
771,2,1,1,8,over_3_symbols,"IADD_REG_REG_REG(r1,r2,r3) | STRCHAR_REG_REG_REG(r4,r5,r1) | ICOPY_REG_REG(r6,r1) | LOAD_REG_STRING(r7,c1)","r1=R40;r2=R31;r3=R2;r4=R35;r5=R20;r6=R37;r7=R51;c1=string@28800","_typedformat",749
772,2,1,1,8,over_3_symbols,"ICOPY_REG_REG(r1,r2) | BRT_ID_REG(c1,r3) | ICOPY_REG_REG(r4,r5) | BRTF_ID_ID_REG(c2,c3,r4)","r1=R31;r2=R6;c1=label@452;r3=R68;r4=R48;r5=R70;c2=label@458;c3=label@643","_typedformat",439
773,2,1,1,6,over_3_symbols,"ICOPY_REG_REG(r1,r2) | IADD_REG_REG_REG(r2,r3,r4) | IGT_REG_REG_REG(r2,r5,r2) | BRF_ID_REG(c1,r2)","r1=R39;r2=R60;r3=R31;r4=R2;r5=R21;c1=label@996","_typedformat",978
774,2,1,1,7,over_3_symbols,"ICOPY_REG_REG(r1,r2) | ICOPY_REG_REG(r3,r1) | BRT_ID_REG(c1,r4) | ICOPY_REG_REG(r5,r6)","r1=R6;r2=R33;r3=R31;c1=label@452;r4=R68;r5=R48;r6=R70","_typedformat",436
775,2,1,1,7,over_3_symbols,"ICOPY_REG_REG(r1,r2) | ICOPY_REG_REG(r3,r4) | ICOPY_REG_REG(r5,r6) | NULL_REG(r7)","r1=R2;r2=R65;r3=R15;r4=R67;r5=R17;r6=R69;r7=R1","_typedformat",21
776,2,1,1,6,over_3_symbols,"ICOPY_REG_REG(r1,r2) | ICOPY_REG_REG(r3,r4) | NULL_REG(r5) | NULL_REG(r6)","r1=R15;r2=R67;r3=R17;r4=R69;r5=R1;r6=R6","_typedformat",24
777,2,1,1,7,over_3_symbols,"ICOPY_REG_REG(r1,r2) | LOAD_REG_STRING(r3,c1) | IGT_REG_REG_INT(r4,r1,c2) | BRF_ID_REG(c3,r4)","r1=R37;r2=R40;r3=R51;c1=string@28800;r4=R50;c2=int:0;c3=label@780","_typedformat",757
778,2,1,1,7,over_3_symbols,"ICOPY_REG_REG(r1,r2) | NOT_REG_REG(r3,r4) | BRF_ID_REG(c1,r3) | IADD_REG_REG_REG(r5,r2,r6)","r1=R21;r2=R31;r3=R60;r4=R64;c1=label@1123;r5=R7;r6=R39","_typedformat",1110
779,2,1,1,7,over_3_symbols,"IGT_REG_REG_INT(r1,r2,c1) | BRF_ID_REG(c2,r1) | SETSTRPOS_REG_REG(r3,r4) | SUBSTRING_REG_REG_REG(r5,r3,r2)","r1=R47;r2=R1;c1=int:0;c2=label@436;r3=R23;r4=R40;r5=R0","_typedformat",422
780,2,1,1,8,over_3_symbols,"IGT_REG_REG_REG(r1,r2,r3) | BRF_ID_REG(c1,r1) | IADD_REG_REG_REG(r4,r5,r3) | STRCHAR_REG_REG_REG(r6,r7,r4)","r1=R52;r2=R4;r3=R2;c1=label@1058;r4=R40;r5=R31;r6=R35;r7=R20","_typedformat",742
781,2,1,1,7,over_3_symbols,"ISUB_REG_INT_REG(r1,c1,r2) | POSCHAR_REG_REG_REG(r1,r3,r4) | BGE_ID_REG_INT(c2,r1,c1) | POSCHAR_REG_REG_REG(r1,r3,r5)","r1=R11;c1=int:0;r2=R47;r3=R28;r4=R43;c2=label@255;r5=R22","_typedformat",239
782,2,1,1,6,over_3_symbols,"ISUB_REG_INT_REG(r1,c1,r2) | POSCHAR_REG_REG_REG(r1,r3,r4) | ILT_REG_REG_INT(r2,r1,c1) | BRF_ID_REG(c2,r2)","r1=R33;c1=int:0;r2=R48;r3=R23;r4=R32;c2=label@391","_typedformat",362
783,2,1,1,8,over_3_symbols,"ISUB_REG_REG_REG(r1,r2,r3) | LOAD_REG_STRING(r4,c1) | IGT_REG_REG_INT(r5,r1,c2) | BRF_ID_REG(c3,r5)","r1=R1;r2=R24;r3=R40;r4=R0;c1=string@28800;r5=R47;c2=int:0;c3=label@436","_typedformat",415
784,2,2,1,4,over_3_symbols,"ITOS_REG(r1) | APPEND_REG_REG(r2,r1) | SCONCAT_REG_REG_STRING(r2,r2,c1) | CONCAT_REG_REG_STRING(r2,r2,c2)","r1=R23;r2=R33;c1=string@12232;c2=string@2384","benchmark_rexxcps_levelb_opt",250
785,2,2,1,4,over_3_symbols,"ITOS_REG(r1) | APPEND_REG_REG(r2,r1) | SCONCAT_REG_REG_STRING(r2,r2,c1) | ITOS_REG(r3)","r1=R30;r2=R33;c1=string@11944;r3=R23","benchmark_rexxcps_levelb_opt",241
786,2,1,1,4,over_3_symbols,"LINKATTR1_REG_REG_INT(r1,r2,c1) | ICOPY_REG_REG(r1,r3) | UNLINK_REG(r1) | RET_REG(r2)","r1=R2;r2=R0;c1=int:3;r3=R1","stem",55
787,2,2,1,5,over_3_symbols,"LOAD_REG_FLOAT(r1,c1) | LOAD_REG_FLOAT(r2,c1) | LOAD_REG_FLOAT(r3,c1) | LOAD_REG_FLOAT(r4,c1)","r1=R21;c1=float@14360;r2=R22;r3=R12;r4=R24","benchmark_rexxcps_levelb_opt",285
788,2,2,1,7,over_3_symbols,"LOAD_REG_FLOAT(r1,c1) | LOAD_REG_INT(r2,c2) | LOAD_REG_INT(r3,c3) | IGT_REG_REG_REG(r4,r2,r3)","r1=R28;c1=float@14360;r2=R33;c2=int:1;r3=R31;c3=int:100;r4=R30","benchmark_rexxcps_levelb_opt",297
789,2,1,1,5,over_3_symbols,"LOAD_REG_INT(r1,c1) | BTOI_REG(r1) | ICOPY_REG_REG(r2,r1) | IADD_REG_REG_REG(r1,r3,r4)","r1=R60;c1=int:0;r2=R39;r3=R31;r4=R2","_typedformat",973
790,2,2,1,7,over_3_symbols,"LOAD_REG_INT(r1,c1) | IGT_REG_REG_REG(r2,r3,r1) | BRT_ID_REG(c2,r2) | LOAD_REG_STRING(r4,c3)","r1=R31;c1=int:100;r2=R30;r3=R33;c2=label@359;r4=R35;c3=string@18336","benchmark_rexxcps_levelb_opt",303
791,2,1,1,7,over_3_symbols,"LOAD_REG_INT(r1,c1) | ISUB_REG_INT_REG(r2,c2,r1) | POSCHAR_REG_REG_REG(r2,r3,r4) | BGE_ID_REG_INT(c3,r2,c2)","r1=R47;c1=int:1;r2=R11;c2=int:0;r3=R28;r4=R43;c3=label@255","_typedformat",236
792,2,1,1,6,over_3_symbols,"LOAD_REG_INT(r1,c1) | ISUB_REG_INT_REG(r2,c2,r1) | POSCHAR_REG_REG_REG(r2,r3,r4) | ILT_REG_REG_INT(r1,r2,c2)","r1=R48;c1=int:1;r2=R33;c2=int:0;r3=R23;r4=R32","_typedformat",359
793,2,1,1,6,over_3_symbols,"LOAD_REG_INT(r1,c1) | LOAD_REG_INT(r2,c1) | LOAD_REG_INT(r3,c1) | LOAD_REG_INT(r4,c2)","r1=R31;c1=int:0;r2=R39;r3=R38;r4=R44;c2=int:48","_typedformat",206
794,2,1,1,7,over_3_symbols,"LOAD_REG_INT(r1,c1) | LOAD_REG_INT(r2,c1) | LOAD_REG_INT(r3,c2) | LOAD_REG_INT(r4,c3)","r1=R39;c1=int:0;r2=R38;r3=R44;c2=int:48;r4=R9;c3=int:32","_typedformat",209
795,2,1,1,8,over_3_symbols,"LOAD_REG_INT(r1,c1) | LOAD_REG_INT(r2,c2) | LOAD_REG_INT(r3,c3) | STRLEN_REG_REG(r4,r5)","r1=R43;c1=int:69;r2=R22;c2=int:101;r3=R32;c3=int:46;r4=R27;r5=R28","_typedformat",224
796,2,1,1,8,over_3_symbols,"LOAD_REG_INT(r1,c1) | LOAD_REG_INT(r2,c2) | STRLEN_REG_REG(r3,r4) | LOAD_REG_INT(r5,c3)","r1=R22;c1=int:101;r2=R32;c2=int:46;r3=R27;r4=R28;r5=R47;c3=int:1","_typedformat",227
797,2,1,1,8,over_3_symbols,"LOAD_REG_INT(r1,c1) | LOAD_REG_STRING(r2,c2) | LOAD_REG_INT(r3,c1) | ISUB_REG_REG_INT(r4,r5,c3)","r1=R42;c1=int:0;r2=R34;c2=string@28800;r3=R60;r4=R59;r5=R21;c3=int:1","_typedformat",1162
798,2,1,1,6,over_3_symbols,"LOAD_REG_INT(r1,c1) | SETSTRPOS_REG_REG(r2,r1) | SUBSTRING_REG_REG_REG(r3,r2,r4) | IADD_REG_REG_INT(r1,r4,c2)","r1=R40;c1=int:0;r2=R23;r3=R5;r4=R33;c2=int:1","_typedformat",401
799,2,1,1,5,over_3_symbols,"LOAD_REG_INT(r1,c1) | SETTP_REG_INT(r1,c1) | BRTPANDT_ID_REG_INT(c2,r2,c3) | LOAD_REG_INT(r2,c1)","r1=R29;c1=int:0;c2=label@44;r2=R30;c3=int:256","floatformat",28
800,2,1,1,7,over_3_symbols,"LOAD_REG_INT(r1,c1) | SETTP_REG_INT(r1,c1) | GETANDTP_REG_REG_INT(r2,r3,c2) | GETANDTP_REG_REG_INT(r4,r5,c2)","r1=R30;c1=int:0;r2=R3;r3=R27;c2=int:256;r4=R5;r5=R28","floatformat",38
801,2,1,1,7,over_3_symbols,"LOAD_REG_INT(r1,c1) | STRCHAR_REG_REG_REG(r2,r3,r1) | IEQ_REG_REG_REG(r4,r2,r5) | BRF_ID_REG(c2,r4)","r1=R40;c1=int:0;r2=R10;r3=R23;r4=R48;r5=R25;c2=label@359","_typedformat",312
802,2,1,1,8,over_3_symbols,"LOAD_REG_INT(r1,c1) | STRLEN_REG_REG(r2,r3) | LOAD_REG_INT(r4,c2) | ISUB_REG_INT_REG(r5,c3,r4)","r1=R32;c1=int:46;r2=R27;r3=R28;r4=R47;c2=int:1;r5=R11;c3=int:0","_typedformat",230
803,2,2,1,8,over_3_symbols,"LOAD_REG_INT(r1,c1) | SWAP_REG_REG(r2,r3) | SETTP_REG_INT(r4,c2) | SETTP_REG_INT(r5,c3)","r1=R29;c1=int:4;r2=R30;r3=R15;r4=R32;c2=int:512;r5=R33;c3=int:0","benchmark_rexxcps_levelb_opt",110
804,2,1,1,8,over_3_symbols,"LOAD_REG_STRING(r1,c1) | IGT_REG_REG_INT(r2,r3,c2) | BRF_ID_REG(c3,r2) | SETSTRPOS_REG_REG(r4,r5)","r1=R0;c1=string@28800;r2=R47;r3=R1;c2=int:0;c3=label@436;r4=R23;r5=R40","_typedformat",419
805,2,1,1,8,over_3_symbols,"LOAD_REG_STRING(r1,c1) | LOAD_REG_INT(r2,c2) | ISUB_REG_REG_INT(r3,r4,c3) | IGT_REG_REG_REG(r5,r2,r3)","r1=R34;c1=string@28800;r2=R60;c2=int:0;r3=R59;r4=R21;c3=int:1;r5=R58","_typedformat",1165
806,2,1,1,6,over_3_symbols,"LOAD_REG_STRING(r1,c1) | LOAD_REG_STRING(r2,c1) | LOAD_REG_INT(r3,c2) | LOAD_REG_INT(r4,c2)","r1=R41;c1=string@28800;r2=R34;r3=R12;c2=int:0;r4=R31","_typedformat",197
807,2,1,1,6,over_3_symbols,"LOAD_REG_STRING(r1,c1) | LOAD_REG_STRING(r2,c1) | LOAD_REG_STRING(r3,c1) | LOAD_REG_INT(r4,c2)","r1=R20;c1=string@28800;r2=R41;r3=R34;r4=R12;c2=int:0","_typedformat",194
808,2,1,1,6,over_3_symbols,"NOT_REG_REG(r1,r2) | BRF_ID_REG(c1,r1) | IADD_REG_REG_REG(r3,r4,r5) | ISUB_REG_REG_REG(r1,r3,r5)","r1=R60;r2=R64;c1=label@1123;r3=R7;r4=R31;r5=R39","_typedformat",1113
809,2,1,1,7,over_3_symbols,"NOT_REG_REG(r1,r2) | BRF_ID_REG(c1,r1) | IEQ_REG_REG_REG(r3,r4,r5) | BRF_ID_REG(c2,r3)","r1=R57;r2=R42;c1=label@1275;r3=R56;r4=R10;r5=R44;c2=label@1257","_typedformat",1236
810,2,1,1,5,over_3_symbols,"NOT_REG_REG(r1,r2) | BRF_ID_REG(c1,r1) | NOT_REG_REG(r1,r3) | BRF_ID_REG(c2,r1)","r1=R45;r2=R64;c1=label@151;r3=R66;c2=label@161","_typedformat",142
811,2,1,1,5,over_3_symbols,"NULL_REG(r1) | NULL_REG(r2) | NULL_REG(r3) | BRF_ID_REG(c1,r4)","r1=R35;r2=R37;r3=R40;c1=label@73;r4=R64","_typedformat",56
812,2,1,1,7,over_3_symbols,"POSCHAR_REG_REG_REG(r1,r2,r3) | BGE_ID_REG_INT(c1,r1,c2) | POSCHAR_REG_REG_REG(r1,r2,r4) | IGTE_REG_REG_INT(r5,r1,c2)","r1=R11;r2=R28;r3=R43;c1=label@255;c2=int:0;r4=R22;r5=R47","_typedformat",243
813,2,1,1,8,over_3_symbols,"SCOPY_REG_REG(r1,r2) | ICOPY_REG_REG(r3,r4) | IGTE_REG_REG_INT(r5,r6,c1) | BRF_ID_REG(c2,r5)","r1=R20;r2=R51;r3=R21;r4=R37;r5=R50;r6=R35;c1=int:53;c2=label@911","_typedformat",780
814,2,1,1,7,over_3_symbols,"SCOPY_REG_REG(r1,r2) | ICOPY_REG_REG(r3,r4) | NOT_REG_REG(r5,r6) | BRF_ID_REG(c1,r5)","r1=R20;r2=R36;r3=R21;r4=R31;r5=R60;r6=R64;c1=label@1123","_typedformat",1107
815,2,1,1,6,over_3_symbols,"SCOPY_REG_REG(r1,r2) | LOAD_REG_STRING(r3,c1) | LOAD_REG_STRING(r4,c1) | LOAD_REG_STRING(r5,c1)","r1=R23;r2=R28;r3=R14;c1=string@28800;r4=R5;r5=R0","_typedformat",182
816,2,1,1,6,over_3_symbols,"SEQ_REG_REG_STRING(r1,r2,c1) | BRT_ID_REG(c2,r1) | SEQ_REG_REG_STRING(r1,r2,c3) | BRT_ID_REG(c4,r1)","r1=R0;r2=R1;c1=string@956560;c2=label@76;c3=string@956600;c4=label@87","floatformat",65
817,2,1,1,8,over_3_symbols,"SEQ_REG_REG_STRING(r1,r2,c1) | BRT_ID_REG(c2,r1) | SEQ_REG_REG_STRING(r3,r2,c3) | BRTF_ID_ID_REG(c4,c5,r3)","r1=R0;r2=R1;c1=string@956600;c2=label@87;r3=R11;c3=string@956640;c4=label@101;c5=label@93","floatformat",72
818,2,1,1,6,over_3_symbols,"SETNUMCAS_INT(c1) | SETNUMSTD_INT(c1) | LOAD_REG_INT(r1,c2) | LINKATTR1_REG_REG_INT(r2,r3,c3)","c1=int:1;r1=R2;c2=int:256;r2=R1;r3=R0;c3=int:7","stem",12
819,2,1,1,6,over_3_symbols,"SETNUMCAS_INT(c1) | SETNUMSTD_INT(c2) | BRTPANDT_ID_REG_INT(c3,r1,c4) | SCOPY_REG_REG(r2,r1)","c1=int:1;c2=int:2;c3=label@15;r1=R62;c4=int:512;r2=R28","_typedformat",2
820,2,1,1,6,over_3_symbols,"SETNUMFUZ_INT(c1) | SETNUMCAS_INT(c2) | SETNUMSTD_INT(c3) | BRTPANDT_ID_REG_INT(c4,r1,c5)","c1=int:0;c2=int:1;c3=int:2;c4=label@15;r1=R62;c5=int:512","_typedformat",0
821,2,1,1,5,over_3_symbols,"SETNUMFUZ_INT(c1) | SETNUMSTD_INT(c2) | BRTPANDT_ID_REG_INT(c3,r1,c4) | LOAD_REG_INT(r1,c1)","c1=int:0;c2=int:2;c3=label@14;r1=R27;c4=int:256","floatformat",0
822,2,1,1,5,over_3_symbols,"SETNUMSTD_INT(c1) | BRTPANDT_ID_REG_INT(c2,r1,c3) | LOAD_REG_INT(r1,c4) | SETTP_REG_INT(r1,c4)","c1=int:2;c2=label@14;r1=R27;c3=int:256;c4=int:0","floatformat",2
823,2,1,1,6,over_3_symbols,"SETNUMSTD_INT(c1) | LOAD_REG_INT(r1,c2) | LINKATTR1_REG_REG_INT(r2,r3,c3) | ICOPY_REG_REG(r2,r1)","c1=int:1;r1=R2;c2=int:256;r2=R1;r3=R0;c3=int:7","stem",14
824,2,1,1,7,over_3_symbols,"SETSTRPOS_REG_REG(r1,r2) | SUBSTRING_REG_REG_REG(r3,r1,r4) | IADD_REG_REG_INT(r2,r4,c1) | ISUB_REG_REG_REG(r5,r6,r2)","r1=R23;r2=R40;r3=R5;r4=R33;c1=int:1;r5=R1;r6=R24","_typedformat",404
825,2,1,1,7,over_3_symbols,"SETSTRPOS_REG_REG(r1,r2) | SUBSTRING_REG_REG_REG(r3,r1,r4) | ICOPY_REG_REG(r5,r6) | ICOPY_REG_REG(r7,r5)","r1=R23;r2=R40;r3=R0;r4=R1;r5=R6;r6=R33;r7=R31","_typedformat",429
826,2,1,1,5,over_3_symbols,"SETTP_REG_INT(r1,c1) | BRTPANDT_ID_REG_INT(c2,r2,c3) | LOAD_REG_INT(r2,c1) | SETTP_REG_INT(r2,c1)","r1=R29;c1=int:0;c2=label@44;r2=R30;c3=int:256","floatformat",31
827,2,1,1,9,over_3_symbols,"SETTP_REG_INT(r1,c1) | GETANDTP_REG_REG_INT(r2,r3,c2) | GETANDTP_REG_REG_INT(r4,r5,c2) | GETANDTP_REG_REG_INT(r6,r7,c2)","r1=R30;c1=int:0;r2=R3;r3=R27;c2=int:256;r4=R5;r5=R28;r6=R7;r7=R29","floatformat",41
828,2,2,1,6,over_3_symbols,"SETTP_REG_INT(r1,c1) | SETTP_REG_INT(r2,c2) | SETTP_REG_INT(r3,c1) | SETTP_REG_INT(r4,c1)","r1=R104;c1=int:0;r2=R105;c2=int:256;r3=R106;r4=R107","benchmark_rexxcps_levelb_opt",2293
829,2,2,1,8,over_3_symbols,"SETTP_REG_INT(r1,c1) | SETTP_REG_INT(r2,c2) | SETTP_REG_INT(r3,c2) | CALL_REG_FUNC_REG(r4,c3,r5)","r1=R105;c1=int:256;r2=R106;c2=int:0;r3=R107;r4=R100;c3=func@96640;r5=R102","benchmark_rexxcps_levelb_opt",2296
830,2,1,1,7,over_3_symbols,"SETTP_REG_INT(r1,c1) | SWAP_REG_REG(r2,r1) | SWAP_REG_REG(r3,r4) | SWAP_REG_REG(r5,r6)","r1=R1;c1=int:256;r2=R15;r3=R16;r4=R27;r5=R17;r6=R3","floatformat",141
831,2,1,1,8,over_3_symbols,"STRCHAR_REG_REG_REG(r1,r2,r3) | ICOPY_REG_REG(r4,r3) | LOAD_REG_STRING(r5,c1) | IGT_REG_REG_INT(r6,r4,c2)","r1=R35;r2=R20;r3=R40;r4=R37;r5=R51;c1=string@28800;r6=R50;c2=int:0","_typedformat",753
832,2,1,1,7,over_3_symbols,"STRLEN_REG_REG(r1,r2) | LOAD_REG_INT(r3,c1) | ISUB_REG_INT_REG(r4,c2,r3) | POSCHAR_REG_REG_REG(r4,r2,r5)","r1=R27;r2=R28;r3=R47;c1=int:1;r4=R11;c2=int:0;r5=R43","_typedformat",233
833,2,1,1,7,over_3_symbols,"STRLEN_REG_REG(r1,r2) | LOAD_REG_INT(r3,c1) | STRCHAR_REG_REG_REG(r4,r2,r3) | IEQ_REG_REG_REG(r5,r4,r6)","r1=R24;r2=R23;r3=R40;c1=int:0;r4=R10;r5=R48;r6=R25","_typedformat",309
834,2,1,1,9,over_3_symbols,"SUBSTRING_REG_REG_REG(r1,r2,r3) | IADD_REG_REG_INT(r4,r3,c1) | ISUB_REG_REG_REG(r5,r6,r4) | LOAD_REG_STRING(r7,c2)","r1=R5;r2=R23;r3=R33;r4=R40;c1=int:1;r5=R1;r6=R24;r7=R0;c2=string@28800","_typedformat",407
835,2,1,1,8,over_3_symbols,"SUBSTRING_REG_REG_REG(r1,r2,r3) | ICOPY_REG_REG(r4,r5) | ICOPY_REG_REG(r6,r4) | BRT_ID_REG(c1,r7)","r1=R0;r2=R23;r3=R1;r4=R6;r5=R33;r6=R31;c1=label@452;r7=R68","_typedformat",432
836,2,1,1,7,over_3_symbols,"SUBSTRING_REG_REG_REG(r1,r2,r3) | SCOPY_REG_REG(r2,r1) | ICOPY_REG_REG(r4,r3) | IGTE_REG_REG_INT(r5,r6,c1)","r1=R51;r2=R20;r3=R37;r4=R21;r5=R50;r6=R35;c1=int:53","_typedformat",776
837,2,1,1,6,over_3_symbols,"SUBSTRING_REG_REG_REG(r1,r2,r3) | SCOPY_REG_REG(r2,r1) | ICOPY_REG_REG(r4,r3) | NOT_REG_REG(r5,r6)","r1=R36;r2=R20;r3=R31;r4=R21;r5=R60;r6=R64","_typedformat",1103
838,2,1,1,9,over_3_symbols,"SWAP_REG_REG(r1,r2) | SWAP_REG_REG(r3,r4) | SWAP_REG_REG(r5,r6) | CALL_REG_FUNC_REG(r7,c1,r8)","r1=R21;r2=R7;r3=R22;r4=R30;r5=R23;r6=R9;r7=R24;c1=func@954528;r8=R14","floatformat",162
839,2,1,1,7,over_3_symbols,"SWAP_REG_REG(r1,r2) | SWAP_REG_REG(r3,r4) | SWAP_REG_REG(r5,r6) | RET_REG(r7)","r1=R7;r2=R21;r3=R30;r4=R22;r5=R9;r6=R23;r7=R24","floatformat",193
840,1,1,1,7,over_3_symbols,"APPENDCHAR_REG_REG(r1,r2) | LOAD_REG_STRING(r3,c1) | ICOPY_REG_REG(r4,r5) | SETSTRPOS_REG_REG(r6,r4)","r1=R0;r2=R32;r3=R59;c1=string@28800;r4=R40;r5=R31;r6=R20","_typedformat",1068
841,1,1,1,8,over_3_symbols,"APPEND_REG_REG(r1,r2) | LOAD_REG_STRING(r3,c1) | IGT_REG_REG_INT(r4,r5,c2) | BRF_ID_REG(c3,r4)","r1=R0;r2=R59;r3=R36;c1=string@28800;r4=R60;r5=R31;c2=int:0;c3=label@1107","_typedformat",1084
842,1,1,1,6,over_3_symbols,"APPEND_REG_REG(r1,r2) | SAY_REG(r1) | FDIV_REG_REG_FLOAT(r1,r3,c1) | FSUB_REG_REG_REG(r4,r1,r5)","r1=R107;r2=R18;r3=R12;c1=float@19968;r4=R24;r5=R21","benchmark_rexxcps_levelb_opt",2358
843,1,1,1,4,over_3_symbols,"APPEND_REG_REG(r1,r2) | SCONCAT_REG_REG_STRING(r1,r1,c1) | CONCAT_REG_REG_STRING(r1,r1,c2) | SAY_REG(r1)","r1=R33;r2=R23;c1=string@12232;c2=string@2384","benchmark_rexxcps_levelb_opt",252
844,1,1,1,5,over_3_symbols,"APPEND_REG_REG(r1,r2) | SCONCAT_REG_REG_STRING(r1,r1,c1) | CONCAT_REG_REG_STRING(r1,r1,c2) | SCONCAT_REG_REG_STRING(r1,r1,c3)","r1=R107;r2=R20;c1=string@12232;c2=string@2384;c3=string@98104","benchmark_rexxcps_levelb_opt",2341
845,1,1,1,8,over_3_symbols,"BGE_ID_REG_INT(c1,r1,c2) | SAY_STRING(c3) | LOAD_REG_INT(r2,c4) | CALL_REG_FUNC_REG(r3,c5,r2)","c1=label@271;r1=R20;c2=int:100;c3=string@12904;r2=R33;c4=int:0;r3=R4;c5=func@13304","benchmark_rexxcps_levelb_opt",265
846,1,1,1,8,over_3_symbols,"BRF_ID_REG(c1,r1) | APPENDCHAR_REG_REG(r2,r3) | LOAD_REG_STRING(r4,c2) | ICOPY_REG_REG(r5,r6)","c1=label@1087;r1=R60;r2=R0;r3=R32;r4=R59;c2=string@28800;r5=R40;r6=R31","_typedformat",1065
847,1,1,1,7,over_3_symbols,"BRF_ID_REG(c1,r1) | GETATTRS_REG_REG_INT(r2,r3,c2) | INE_REG_REG_INT(r2,r2,c3) | BRF_ID_REG(c4,r2)","c1=label@170;r1=R14;r2=R11;r3=R17;c2=int:0;c3=int:2;c4=label@69","benchmark_rexxcps_levelb_opt",40
848,1,1,1,6,over_3_symbols,"BRF_ID_REG(c1,r1) | ILT_REG_REG_REG(r1,r2,r3) | ICOPY_REG_REG(r4,r1) | IEQ_REG_REG_REG(r1,r4,r5)","c1=label@202;r1=R16;r2=R6;r3=R5;r4=R13;r5=R11","verify",195
849,1,1,1,6,over_3_symbols,"BRF_ID_REG(c1,r1) | SETSTRPOS_REG_REG(r2,r3) | SUBSTRING_REG_REG_REG(r4,r2,r5) | RET_REG(r4)","c1=label@126;r1=R11;r2=R8;r3=R0;r4=R7;r5=R10","left",114
850,1,1,1,8,over_3_symbols,"BRT_ID_REG(c1,r1) | LOAD_REG_FLOAT(r2,c2) | LOAD_REG_INT(r3,c3) | LOAD_REG_INT(r4,c4)","c1=label@2266;r1=R33;r2=R22;c2=float@14360;r3=R30;c3=int:1;r4=R15;c4=int:100","benchmark_rexxcps_levelb_opt",373
851,1,1,1,9,over_3_symbols,"BRT_ID_REG(c1,r1) | STRCHAR_REG_REG_REG(r2,r3,r4) | POSCHAR_REG_REG_REG(r5,r6,r2) | IGTE_REG_REG_INT(r7,r5,c2)","c1=label@221;r1=R15;r2=R7;r3=R19;r4=R12;r5=R6;r6=R20;r7=R16;c2=int:0","verify",180
852,1,1,1,6,over_3_symbols,"CONCAT_REG_REG_STRING(r1,r1,c1) | SAY_REG(r1) | BGE_ID_REG_INT(c2,r2,c3) | SAY_STRING(c4)","r1=R33;c1=string@2384;c2=label@271;r2=R20;c3=int:100;c4=string@12904","benchmark_rexxcps_levelb_opt",259
853,1,1,1,4,over_3_symbols,"CONCAT_REG_REG_STRING(r1,r1,c1) | SCONCAT_REG_REG_STRING(r1,r1,c2) | ITOS_REG(r2) | APPEND_REG_REG(r1,r2)","r1=R107;c1=string@2384;c2=string@98104;r2=R18","benchmark_rexxcps_levelb_opt",2348
854,1,1,1,7,over_3_symbols,"CONCAT_REG_STRING_REG(r1,c1,r2) | SCONCAT_REG_REG_STRING(r1,r1,c2) | GETATTRS_REG_REG_INT(r3,r4,c3) | ITOS_REG(r3)","r1=R33;c1=string@11432;r2=R19;c2=string@11576;r3=R30;r4=R17;c3=int:0","benchmark_rexxcps_levelb_opt",229
855,1,1,1,5,over_3_symbols,"CONCAT_REG_STRING_REG(r1,c1,r2) | SCONCAT_REG_REG_STRING(r1,r1,c2) | ITOS_REG(r3) | APPEND_REG_REG(r1,r3)","r1=R107;c1=string@97264;r2=R19;c2=string@11944;r3=R23","benchmark_rexxcps_levelb_opt",2322
856,1,1,1,7,over_3_symbols,"COPY_REG_REG(r1,r2) | LOAD_REG_STRING(r3,c1) | LOAD_REG_INT(r4,c2) | SETTP_REG_INT(r1,c3)","r1=R3;r2=R4;r3=R7;c1=string@1498128;r4=R5;c2=int:2;c3=int:256","trace",14773
857,1,1,1,8,over_3_symbols,"COPY_REG_REG(r1,r2) | LOAD_REG_STRING(r3,c1) | LOAD_REG_STRING(r4,c2) | LOAD_REG_STRING(r5,c3)","r1=R23;r2=R3;r3=R25;c1=string@28800;r4=R24;c2=string@1499320;r5=R29;c3=string@937688","trace",15128
858,1,1,1,8,over_3_symbols,"FDIV_REG_FLOAT_REG(r1,c1,r2) | LOAD_REG_INT(r3,c2) | LOAD_REG_INT(r4,c3) | SETTP_REG_INT(r5,c2)","r1=R103;c1=float@102288;r2=R28;r3=R105;c2=int:0;r4=R102;c3=int:5;r5=R104","benchmark_rexxcps_levelb_opt",2453
859,1,1,1,7,over_3_symbols,"FDIV_REG_REG_FLOAT(r1,r1,c1) | LOAD_REG_INT(r2,c2) | LOAD_REG_INT(r3,c3) | IGT_REG_REG_REG(r4,r2,r3)","r1=R21;c1=float@19968;r2=R35;c2=int:1;r3=R34;c3=int:2;r4=R33","benchmark_rexxcps_levelb_opt",359
860,1,1,1,6,over_3_symbols,"FDIV_REG_REG_FLOAT(r1,r2,c1) | FSUB_REG_REG_REG(r3,r1,r4) | ICOPY_REG_REG(r1,r5) | ITOF_REG(r1)","r1=R107;r2=R12;c1=float@19968;r3=R24;r4=R21;r5=R20","benchmark_rexxcps_levelb_opt",2363
861,1,1,1,9,over_3_symbols,"FDIV_REG_REG_REG(r1,r2,r3) | LOAD_REG_STRING(r4,c1) | LOAD_REG_INT(r5,c2) | LOAD_REG_INT(r6,c3)","r1=R28;r2=R24;r3=R107;r4=R105;c1=string@9008;r5=R106;c2=int:1;r6=R104;c3=int:3","benchmark_rexxcps_levelb_opt",2376
862,1,1,1,9,over_3_symbols,"FNDBLNK_REG_REG_REG(r1,r2,r3) | IEQ_REG_REG_REG(r4,r5,r6) | BRF_ID_REG(c1,r4) | ILT_REG_REG_INT(r7,r1,c2)","r1=R5;r2=R3;r3=R7;r4=R10;r5=R0;r6=R14;c1=label@122;r7=R11;c2=int:0","word",88
863,1,1,1,5,over_3_symbols,"FSUB_REG_REG_REG(r1,r2,r3) | ICOPY_REG_REG(r2,r4) | ITOF_REG(r2) | FDIV_REG_REG_REG(r5,r1,r2)","r1=R24;r2=R107;r3=R21;r4=R20;r5=R28","benchmark_rexxcps_levelb_opt",2367
864,1,1,1,5,over_3_symbols,"GETATTRS_REG_REG_INT(r1,r2,c1) | INE_REG_REG_INT(r1,r1,c1) | BRF_ID_REG(c2,r1) | GETATTRS_REG_REG_INT(r3,r2,c1)","r1=R14;r2=R17;c1=int:0;c2=label@170;r3=R11","benchmark_rexxcps_levelb_opt",32
865,1,1,1,5,over_3_symbols,"GETATTRS_REG_REG_INT(r1,r2,c1) | ITOS_REG(r1) | APPEND_REG_REG(r3,r1) | SCONCAT_REG_REG_STRING(r3,r3,c2)","r1=R30;r2=R17;c1=int:0;r3=R33;c2=string@11944","benchmark_rexxcps_levelb_opt",237
866,1,1,1,8,over_3_symbols,"IADD_REG_REG_INT(r1,r1,c1) | FNDBLNK_REG_REG_REG(r2,r3,r4) | IEQ_REG_REG_REG(r5,r1,r6) | BRF_ID_REG(c2,r5)","r1=R0;c1=int:1;r2=R5;r3=R3;r4=R7;r5=R10;r6=R14;c2=label@122","word",84
867,1,1,1,8,over_3_symbols,"ICOPY_REG_REG(r1,r2) | BRTPANDT_ID_REG_INT(c1,r3,c2) | LOAD_REG_STRING(r4,c3) | SETTP_REG_INT(r4,c4)","r1=R10;r2=R14;c1=label@37;r3=R15;c2=int:256;r4=R1;c3=string@312160;c4=int:0","left",22
868,1,1,1,6,over_3_symbols,"ICOPY_REG_REG(r1,r2) | ITOF_REG(r1) | FDIV_REG_REG_REG(r3,r4,r1) | LOAD_REG_STRING(r5,c1)","r1=R107;r2=R20;r3=R28;r4=R24;r5=R105;c1=string@9008","benchmark_rexxcps_levelb_opt",2371
869,1,1,1,7,over_3_symbols,"ICOPY_REG_REG(r1,r2) | LOAD_REG_INT(r3,c1) | LOAD_REG_INT(r4,c1) | CALL_REG_FUNC_REG(r5,c2,r4)","r1=R23;r2=R20;r3=R18;c1=int:0;r4=R33;r5=R1;c2=func@9184","benchmark_rexxcps_levelb_opt",189
870,1,1,1,6,over_3_symbols,"ICOPY_REG_REG(r1,r2) | SETSTRPOS_REG_REG(r3,r1) | SUBSTRING_REG_REG_REG(r4,r3,r5) | APPEND_REG_REG(r6,r4)","r1=R40;r2=R31;r3=R20;r4=R59;r5=R2;r6=R0","_typedformat",1074
871,1,1,1,5,over_3_symbols,"ICOPY_REG_REG(r1,r2) | UNLINK_REG(r1) | COPY_REG_REG(r3,r4) | LOAD_REG_STRING(r2,c1)","r1=R2;r2=R0;r3=R4;r4=R3;c1=string@28800","trace",14717
872,1,1,1,6,over_3_symbols,"ICOPY_REG_REG(r1,r2) | UNLINK_REG(r1) | COPY_REG_REG(r3,r4) | LOAD_REG_STRING(r5,c1)","r1=R2;r2=R0;r3=R3;r4=R4;r5=R7;c1=string@1498128","trace",14768
873,1,1,1,5,over_3_symbols,"ICOPY_REG_REG(r1,r2) | UNLINK_REG(r2) | LOAD_REG_STRING(r3,c1) | ILT_REG_REG_INT(r2,r1,c2)","r1=R20;r2=R33;r3=R19;c1=string@6672;c2=int:1","benchmark_rexxcps_levelb_opt",162
874,1,1,1,6,over_3_symbols,"IEQ_REG_REG_INT(r1,r2,c1) | BRT_ID_REG(c2,r1) | IGT_REG_REG_REG(r1,r3,r2) | BRF_ID_REG(c3,r1)","r1=R13;r2=R8;c1=int:0;c2=label@146;r3=R22;c3=label@151","verify",135
875,1,1,1,8,over_3_symbols,"IEQ_REG_REG_REG(r1,r2,r3) | BRF_ID_REG(c1,r1) | ILT_REG_REG_INT(r4,r5,c2) | BRF_ID_REG(c3,r4)","r1=R10;r2=R0;r3=R14;c1=label@122;r4=R11;r5=R5;c2=int:0;c3=label@109","word",92
876,1,1,1,6,over_3_symbols,"IGTE_REG_REG_INT(r1,r2,c1) | BRF_ID_REG(c2,r1) | ILT_REG_REG_REG(r1,r2,r3) | ICOPY_REG_REG(r4,r1)","r1=R16;r2=R6;c1=int:0;c2=label@202;r3=R5;r4=R13","verify",191
877,1,1,1,8,over_3_symbols,"IGT_REG_REG_INT(r1,r2,c1) | BRF_ID_REG(c2,r1) | APPENDCHAR_REG_REG(r3,r4) | LOAD_REG_STRING(r5,c3)","r1=R60;r2=R2;c1=int:0;c2=label@1087;r3=R0;r4=R32;r5=R59;c3=string@28800","_typedformat",1061
878,1,1,1,8,over_3_symbols,"IGT_REG_REG_REG(r1,r2,r3) | BRT_ID_REG(c1,r1) | LOAD_REG_FLOAT(r4,c2) | LOAD_REG_INT(r5,c3)","r1=R33;r2=R35;r3=R34;c1=label@2266;r4=R22;c2=float@14360;r5=R30;c3=int:1","benchmark_rexxcps_levelb_opt",369
879,1,1,1,8,over_3_symbols,"IGT_REG_REG_REG(r1,r2,r3) | BRT_ID_REG(c1,r1) | STRCHAR_REG_REG_REG(r4,r5,r2) | POSCHAR_REG_REG_REG(r6,r7,r4)","r1=R15;r2=R12;r3=R14;c1=label@221;r4=R7;r5=R19;r6=R6;r7=R20","verify",176
880,1,1,1,6,over_3_symbols,"ILT_REG_REG_REG(r1,r2,r3) | ICOPY_REG_REG(r4,r1) | IEQ_REG_REG_REG(r1,r4,r5) | BRF_ID_REG(c1,r1)","r1=R16;r2=R6;r3=R5;r4=R13;r5=R11;c1=label@218","verify",198
881,1,1,1,6,over_3_symbols,"INE_REG_REG_INT(r1,r1,c1) | BRF_ID_REG(c2,r1) | GETATTRS_REG_REG_INT(r2,r3,c1) | INE_REG_REG_INT(r2,r2,c3)","r1=R14;c1=int:0;c2=label@170;r2=R11;r3=R17;c3=int:2","benchmark_rexxcps_levelb_opt",36
882,1,1,1,7,over_3_symbols,"ISUB_REG_REG_INT(r1,r2,c1) | ISUB_REG_REG_INT(r3,r4,c1) | IGT_REG_REG_REG(r5,r1,r3) | BRT_ID_REG(c2,r5)","r1=R12;r2=R22;c1=int:1;r3=R14;r4=R8;r5=R15;c2=label@221","verify",168
883,1,1,1,5,over_3_symbols,"ISUB_REG_REG_REG(r1,r2,r3) | SETSTRPOS_REG_REG(r4,r3) | SUBSTRING_REG_REG_REG(r5,r4,r1) | RET_REG(r5)","r1=R6;r2=R5;r3=R7;r4=R3;r5=R1","word",109
884,1,1,1,7,over_3_symbols,"ITOF_REG(r1) | FDIV_REG_REG_REG(r2,r3,r1) | LOAD_REG_STRING(r4,c1) | LOAD_REG_INT(r5,c2)","r1=R107;r2=R28;r3=R24;r4=R105;c1=string@9008;r5=R106;c2=int:1","benchmark_rexxcps_levelb_opt",2374
885,1,1,1,4,over_3_symbols,"ITOS_REG(r1) | APPEND_REG_REG(r2,r1) | SAY_REG(r2) | FDIV_REG_REG_FLOAT(r2,r3,c1)","r1=R18;r2=R107;r3=R12;c1=float@19968","benchmark_rexxcps_levelb_opt",2356
886,1,1,1,5,over_3_symbols,"ITOS_REG(r1) | SCONCAT_REG_STRING_REG(r2,c1,r1) | SCONCAT_REG_REG_STRING(r2,r2,c2) | SCONCAT_REG_REG_STRING(r2,r2,c3)","r1=R20;r2=R101;c1=string@95992;c2=string@96128;c3=string@2384","benchmark_rexxcps_levelb_opt",2266
887,1,1,1,8,over_3_symbols,"LINKATTR1_REG_REG_INT(r1,r2,c1) | LOAD_REG_STRING(r3,c2) | LOAD_REG_INT(r4,c3) | SWAP_REG_REG(r5,r1)","r1=R15;r2=R17;c1=int:2;r3=R31;c2=string@5376;r4=R29;c3=int:4;r5=R30","benchmark_rexxcps_levelb_opt",103
888,1,1,1,6,over_3_symbols,"LINKATTR1_REG_REG_INT(r1,r2,c1) | RNE_REG_REG_STRING(r3,r1,c2) | UNLINK_REG(r1) | BRF_ID_REG(c3,r3)","r1=R15;r2=R17;c1=int:1;r3=R13;c2=string@4496;c3=label@100","benchmark_rexxcps_levelb_opt",72
889,1,1,1,5,over_3_symbols,"LINKATTR1_REG_REG_INT(r1,r2,c1) | SCOPY_REG_REG(r1,r3) | UNLINK_REG(r1) | LOAD_REG_INT(r1,c2)","r1=R0;r2=R1;c1=int:6;r3=R2;c2=int:1","trace",14467
890,1,1,1,4,over_3_symbols,"LINKATTR1_REG_REG_INT(r1,r2,c1) | STOI_REG(r1) | ICOPY_REG_REG(r3,r1) | UNLINK_REG(r1)","r1=R33;r2=R17;c1=int:2;r3=R20","benchmark_rexxcps_levelb_opt",156
891,1,1,1,6,over_3_symbols,"LOAD_REG_FLOAT(r1,c1) | LOAD_REG_FLOAT(r2,c1) | LOAD_REG_FLOAT(r3,c1) | LOAD_REG_INT(r4,c2)","r1=R12;c1=float@14360;r2=R24;r3=R28;r4=R33;c2=int:1","benchmark_rexxcps_levelb_opt",291
892,1,1,1,7,over_3_symbols,"LOAD_REG_FLOAT(r1,c1) | LOAD_REG_FLOAT(r2,c1) | LOAD_REG_INT(r3,c2) | LOAD_REG_INT(r4,c3)","r1=R24;c1=float@14360;r2=R28;r3=R33;c2=int:1;r4=R31;c3=int:100","benchmark_rexxcps_levelb_opt",294
893,1,1,1,7,over_3_symbols,"LOAD_REG_INT(r1,c1) | IGT_REG_REG_REG(r2,r3,r1) | BRT_ID_REG(c2,r2) | LOAD_REG_FLOAT(r4,c3)","r1=R34;c1=int:2;r2=R33;r3=R35;c2=label@2266;r4=R22;c3=float@14360","benchmark_rexxcps_levelb_opt",366
894,1,1,1,4,over_3_symbols,"LOAD_REG_INT(r1,c1) | LINKATTR1_REG_REG_INT(r2,r3,c1) | ICOPY_REG_REG(r2,r1) | UNLINK_REG(r2)","r1=R0;c1=int:1;r2=R2;r3=R1","trace",14476
895,1,1,1,6,over_3_symbols,"LOAD_REG_INT(r1,c1) | LOAD_REG_INT(r2,c2) | SETTP_REG_INT(r3,c1) | SETTP_REG_INT(r1,c3)","r1=R105;c1=int:0;r2=R102;c2=int:5;r3=R104;c3=int:256","benchmark_rexxcps_levelb_opt",2457
896,1,1,1,8,over_3_symbols,"LOAD_REG_INT(r1,c1) | LOAD_REG_INT(r2,c2) | SETTP_REG_INT(r3,c3) | CALL_REG_FUNC_REG(r4,c4,r2)","r1=R2;c1=int:1;r2=R0;c2=int:2;r3=R1;c3=int:256;r4=R27;c4=func@9912","benchmark_rexxcps_levelb_opt",202
897,1,1,1,8,over_3_symbols,"LOAD_REG_INT(r1,c1) | LOAD_REG_INT(r2,c2) | SWAP_REG_REG(r3,r4) | SETTP_REG_INT(r5,c3)","r1=R105;c1=int:1;r2=R102;c2=int:5;r3=R103;r4=R12;r5=R104;c3=int:0","benchmark_rexxcps_levelb_opt",2284
898,1,1,1,7,over_3_symbols,"LOAD_REG_INT(r1,c1) | LOAD_REG_STRING(r2,c2) | GETATTRS_REG_REG_INT(r3,r4,c3) | INE_REG_REG_INT(r3,r3,c3)","r1=R20;c1=int:100;r2=R19;c2=string@2552;r3=R14;r4=R17;c3=int:0","benchmark_rexxcps_levelb_opt",26
899,1,1,1,6,over_3_symbols,"LOAD_REG_INT(r1,c1) | LOAD_REG_STRING(r2,c2) | LOAD_REG_INT(r3,c1) | SETTP_REG_INT(r2,c3)","r1=R11;c1=int:1;r2=R1;c2=string@312472;r3=R0;c3=int:768","_address",16359
900,1,1,1,5,over_3_symbols,"LOAD_REG_INT(r1,c1) | SETTP_REG_INT(r1,c2) | NULL_REG(r2) | NULL_REG(r3)","r1=R22;c1=int:1;c2=int:0;r2=R1;r3=R3","verify",41
901,1,1,1,8,over_3_symbols,"LOAD_REG_INT(r1,c1) | SETTP_REG_INT(r2,c2) | SETTP_REG_INT(r3,c3) | CALL_REG_FUNC_REG(r4,c4,r1)","r1=R104;c1=int:3;r2=R105;c2=int:256;r3=R107;c3=int:512;r4=R103;c4=func@99728","benchmark_rexxcps_levelb_opt",2386
902,1,1,1,6,over_3_symbols,"LOAD_REG_INT(r1,c1) | STRLEN_REG_REG(r2,r3) | IEQ_REG_REG_INT(r4,r2,c1) | BRF_ID_REG(c2,r4)","r1=R2;c1=int:0;r2=R3;r3=R0;r4=R12;c2=label@77","verify",61
903,1,1,1,6,over_3_symbols,"LOAD_REG_STRING(r1,c1) | GETATTRS_REG_REG_INT(r2,r3,c2) | INE_REG_REG_INT(r2,r2,c2) | BRF_ID_REG(c3,r2)","r1=R19;c1=string@2552;r2=R14;r3=R17;c2=int:0;c3=label@170","benchmark_rexxcps_levelb_opt",29
904,1,1,1,6,over_3_symbols,"LOAD_REG_STRING(r1,c1) | ICOPY_REG_REG(r2,r3) | SETSTRPOS_REG_REG(r4,r2) | SUBSTRING_REG_REG_REG(r1,r4,r5)","r1=R59;c1=string@28800;r2=R40;r3=R31;r4=R20;r5=R2","_typedformat",1071
905,1,1,1,7,over_3_symbols,"LOAD_REG_STRING(r1,c1) | IGT_REG_REG_INT(r2,r3,c2) | BRF_ID_REG(c3,r2) | APPENDCHAR_REG_REG(r1,r4)","r1=R0;c1=string@28800;r2=R60;r3=R2;c2=int:0;c3=label@1087;r4=R32","_typedformat",1058
906,1,1,1,6,over_3_symbols,"LOAD_REG_STRING(r1,c1) | LOAD_REG_INT(r2,c2) | LOAD_REG_INT(r3,c3) | RET()","r1=R29;c1=string@937688;r2=R22;c2=int:0;r3=R30;c3=int:1","trace",15137
907,1,1,1,7,over_3_symbols,"LOAD_REG_STRING(r1,c1) | LOAD_REG_INT(r2,c2) | LOAD_REG_INT(r3,c3) | SETTP_REG_INT(r1,c4)","r1=R105;c1=string@9008;r2=R106;c2=int:1;r3=R104;c3=int:3;c4=int:256","benchmark_rexxcps_levelb_opt",2380
908,1,1,1,6,over_3_symbols,"LOAD_REG_STRING(r1,c1) | LOAD_REG_INT(r2,c2) | LOAD_REG_STRING(r3,c1) | LOAD_REG_INT(r4,c2)","r1=R8;c1=string@312472;r2=R11;c2=int:1;r3=R1;r4=R0","_address",16356
909,1,1,1,8,over_3_symbols,"LOAD_REG_STRING(r1,c1) | LOAD_REG_INT(r2,c2) | SWAP_REG_REG(r3,r4) | SETTP_REG_INT(r5,c3)","r1=R31;c1=string@5376;r2=R29;c2=int:4;r3=R30;r4=R15;r5=R32;c3=int:512","benchmark_rexxcps_levelb_opt",107
910,1,1,1,7,over_3_symbols,"MINATTRS_REG_INT(r1,c1) | LINKATTR1_REG_REG_INT(r2,r1,c1) | LOAD_REG_STRING(r3,c2) | LOAD_REG_INT(r4,c3)","r1=R17;c1=int:2;r2=R15;r3=R31;c2=string@5376;r4=R29;c3=int:4","benchmark_rexxcps_levelb_opt",100
911,1,1,1,5,over_3_symbols,"MINATTRS_REG_INT(r1,c1) | LINKATTR1_REG_REG_INT(r2,r1,c1) | RNE_REG_REG_STRING(r3,r2,c2) | UNLINK_REG(r2)","r1=R17;c1=int:1;r2=R15;r3=R13;c2=string@4496","benchmark_rexxcps_levelb_opt",69
912,1,1,1,4,over_3_symbols,"MINATTRS_REG_INT(r1,c1) | LINKATTR1_REG_REG_INT(r2,r1,c1) | STOI_REG(r2) | ICOPY_REG_REG(r3,r2)","r1=R17;c1=int:2;r2=R33;r3=R20","benchmark_rexxcps_levelb_opt",153
913,1,1,1,6,over_3_symbols,"NULL_REG(r1) | BRTPANDT_ID_REG_INT(c1,r2,c2) | COPY_REG_REG(r3,r2) | BR_ID(c3)","r1=R26;c1=label@23;r2=R112;c2=int:512;r3=R17;c3=label@26","benchmark_rexxcps_levelb_opt",12
914,1,1,1,6,over_3_symbols,"NULL_REG(r1) | LOAD_REG_INT(r2,c1) | LOAD_REG_INT(r3,c1) | LOAD_REG_STRING(r4,c2)","r1=R9;r2=R3;c1=int:0;r3=R0;r4=R5;c2=string@28800","left",58
915,1,1,1,6,over_3_symbols,"NULL_REG(r1) | LOAD_REG_INT(r2,c1) | STRLEN_REG_REG(r3,r4) | IEQ_REG_REG_INT(r5,r3,c1)","r1=R11;r2=R2;c1=int:0;r3=R3;r4=R0;r5=R12","verify",59
916,1,1,1,6,over_3_symbols,"NULL_REG(r1) | NULL_REG(r2) | BRTPANDT_ID_REG_INT(c1,r3,c2) | COPY_REG_REG(r4,r3)","r1=R25;r2=R26;c1=label@23;r3=R112;c2=int:512;r4=R17","benchmark_rexxcps_levelb_opt",10
917,1,1,1,5,over_3_symbols,"NULL_REG(r1) | NULL_REG(r2) | LOAD_REG_INT(r3,c1) | LOAD_REG_INT(r4,c1)","r1=R6;r2=R9;r3=R3;c1=int:0;r4=R0","left",56
918,1,1,1,6,over_3_symbols,"NULL_REG(r1) | NULL_REG(r2) | LOAD_REG_INT(r3,c1) | STRLEN_REG_REG(r4,r5)","r1=R8;r2=R11;r3=R2;c1=int:0;r4=R3;r5=R0","verify",57
919,1,1,1,7,over_3_symbols,"POSCHAR_REG_REG_REG(r1,r2,r3) | IGTE_REG_REG_INT(r4,r1,c1) | BRF_ID_REG(c2,r4) | ILT_REG_REG_REG(r4,r1,r5)","r1=R6;r2=R20;r3=R7;r4=R16;c1=int:0;c2=label@202;r5=R5","verify",187
920,1,1,1,6,over_3_symbols,"SAY_REG(r1) | BGE_ID_REG_INT(c1,r2,c2) | SAY_STRING(c3) | LOAD_REG_INT(r1,c4)","r1=R33;c1=label@271;r2=R20;c2=int:100;c3=string@12904;c4=int:0","benchmark_rexxcps_levelb_opt",263
921,1,1,1,7,over_3_symbols,"SAY_REG(r1) | CONCAT_REG_STRING_REG(r1,c1,r2) | SCONCAT_REG_REG_STRING(r1,r1,c2) | GETATTRS_REG_REG_INT(r3,r4,c3)","r1=R33;c1=string@11432;r2=R19;c2=string@11576;r3=R30;r4=R17;c3=int:0","benchmark_rexxcps_levelb_opt",227
922,1,1,1,5,over_3_symbols,"SAY_REG(r1) | CONCAT_REG_STRING_REG(r1,c1,r2) | SCONCAT_REG_REG_STRING(r1,r1,c2) | ITOS_REG(r3)","r1=R107;c1=string@97264;r2=R19;c2=string@11944;r3=R23","benchmark_rexxcps_levelb_opt",2320
923,1,1,1,6,over_3_symbols,"SAY_REG(r1) | FDIV_REG_REG_FLOAT(r1,r2,c1) | FSUB_REG_REG_REG(r3,r1,r4) | ICOPY_REG_REG(r1,r5)","r1=R107;r2=R12;c1=float@19968;r3=R24;r4=R21;r5=R20","benchmark_rexxcps_levelb_opt",2361
924,1,1,1,4,over_3_symbols,"SAY_REG(r1) | SAY_STRING(c1) | SAY_STRING(c2) | RET_INT(c3)","r1=R107;c1=string@464;c2=string@103048;c3=int:0","benchmark_rexxcps_levelb_opt",2487
925,1,1,1,5,over_3_symbols,"SAY_REG(r1) | SCONCAT_REG_STRING_REG(r1,c1,r2) | SAY_REG(r1) | CONCAT_REG_STRING_REG(r1,c2,r3)","r1=R33;c1=string@11056;r2=R27;c2=string@11432;r3=R19","benchmark_rexxcps_levelb_opt",221
926,1,1,1,8,over_3_symbols,"SAY_STRING(c1) | FDIV_REG_FLOAT_REG(r1,c2,r2) | LOAD_REG_INT(r3,c3) | LOAD_REG_INT(r4,c4)","c1=string@464;r1=R103;c2=float@102288;r2=R28;r3=R105;c3=int:0;r4=R102;c4=int:5","benchmark_rexxcps_levelb_opt",2451
927,1,1,1,6,over_3_symbols,"SAY_STRING(c1) | SCONCAT_REG_STRING_REG(r1,c2,r2) | SAY_REG(r1) | SCONCAT_REG_STRING_REG(r1,c3,r3)","c1=string@10384;r1=R33;c2=string@10704;r2=R1;c3=string@11056;r3=R27","benchmark_rexxcps_levelb_opt",215
928,1,1,1,6,over_3_symbols,"SCONCAT_REG_REG_REG(r1,r2,r3) | SCONCAT_REG_REG_STRING(r1,r1,c1) | SAY_REG(r1) | CONCAT_REG_STRING_REG(r1,c2,r4)","r1=R107;r2=R101;r3=R100;c1=string@96912;c2=string@97264;r4=R19","benchmark_rexxcps_levelb_opt",2312
929,1,1,1,6,over_3_symbols,"SCONCAT_REG_REG_STRING(r1,r1,c1) | CONCAT_REG_REG_STRING(r1,r1,c2) | SAY_REG(r1) | BGE_ID_REG_INT(c3,r2,c4)","r1=R33;c1=string@12232;c2=string@2384;c3=label@271;r2=R20;c4=int:100","benchmark_rexxcps_levelb_opt",255
930,1,1,1,5,over_3_symbols,"SCONCAT_REG_REG_STRING(r1,r1,c1) | CONCAT_REG_REG_STRING(r1,r1,c2) | SCONCAT_REG_REG_STRING(r1,r1,c3) | ITOS_REG(r2)","r1=R107;c1=string@12232;c2=string@2384;c3=string@98104;r2=R18","benchmark_rexxcps_levelb_opt",2344
931,1,1,1,5,over_3_symbols,"SCONCAT_REG_REG_STRING(r1,r1,c1) | GETATTRS_REG_REG_INT(r2,r3,c2) | ITOS_REG(r2) | APPEND_REG_REG(r1,r2)","r1=R33;c1=string@11576;r2=R30;r3=R17;c2=int:0","benchmark_rexxcps_levelb_opt",233
932,1,1,1,3,candidate,"SCONCAT_REG_REG_STRING(r1,r1,c1) | ITOS_REG(r2) | APPEND_REG_REG(r1,r2) | SAY_REG(r1)","r1=R107;c1=string@98104;r2=R18","benchmark_rexxcps_levelb_opt",2352
933,1,1,1,8,over_3_symbols,"SCONCAT_REG_REG_STRING(r1,r1,c1) | LOAD_REG_INT(r2,c2) | LOAD_REG_INT(r3,c3) | SWAP_REG_REG(r4,r5)","r1=R101;c1=string@96328;r2=R105;c2=int:1;r3=R102;c3=int:5;r4=R103;r5=R12","benchmark_rexxcps_levelb_opt",2280
934,1,1,1,5,over_3_symbols,"SCONCAT_REG_REG_STRING(r1,r1,c1) | SAY_REG(r1) | CONCAT_REG_STRING_REG(r1,c2,r2) | SCONCAT_REG_REG_STRING(r1,r1,c3)","r1=R107;c1=string@96912;c2=string@97264;r2=R19;c3=string@11944","benchmark_rexxcps_levelb_opt",2316
935,1,1,1,4,over_3_symbols,"SCONCAT_REG_REG_STRING(r1,r1,c1) | SAY_REG(r1) | SAY_STRING(c2) | SAY_STRING(c3)","r1=R107;c1=string@102688;c2=string@464;c3=string@103048","benchmark_rexxcps_levelb_opt",2483
936,1,1,1,7,over_3_symbols,"SCONCAT_REG_REG_STRING(r1,r1,c1) | SCONCAT_REG_REG_STRING(r1,r1,c2) | LOAD_REG_INT(r2,c3) | LOAD_REG_INT(r3,c4)","r1=R101;c1=string@2384;c2=string@96328;r2=R105;c3=int:1;r3=R102;c4=int:5","benchmark_rexxcps_levelb_opt",2276
937,1,1,1,6,over_3_symbols,"SCONCAT_REG_REG_STRING(r1,r1,c1) | SCONCAT_REG_REG_STRING(r1,r1,c2) | SCONCAT_REG_REG_STRING(r1,r1,c3) | LOAD_REG_INT(r2,c4)","r1=R101;c1=string@96128;c2=string@2384;c3=string@96328;r2=R105;c4=int:1","benchmark_rexxcps_levelb_opt",2272
938,1,1,1,6,over_3_symbols,"SCONCAT_REG_STRING_REG(r1,c1,r2) | SAY_REG(r1) | CONCAT_REG_STRING_REG(r1,c2,r3) | SCONCAT_REG_REG_STRING(r1,r1,c3)","r1=R33;c1=string@11056;r2=R27;c2=string@11432;r3=R19;c3=string@11576","benchmark_rexxcps_levelb_opt",223
939,1,1,1,5,over_3_symbols,"SCONCAT_REG_STRING_REG(r1,c1,r2) | SAY_REG(r1) | SCONCAT_REG_STRING_REG(r1,c2,r3) | SAY_REG(r1)","r1=R33;c1=string@10704;r2=R1;c2=string@11056;r3=R27","benchmark_rexxcps_levelb_opt",217
940,1,1,1,5,over_3_symbols,"SCONCAT_REG_STRING_REG(r1,c1,r2) | SCONCAT_REG_REG_STRING(r1,r1,c2) | SAY_REG(r1) | SAY_STRING(c3)","r1=R107;c1=string@102552;r2=R101;c2=string@102688;c3=string@464","benchmark_rexxcps_levelb_opt",2479
941,1,1,1,6,over_3_symbols,"SCONCAT_REG_STRING_REG(r1,c1,r2) | SCONCAT_REG_REG_STRING(r1,r1,c2) | SCONCAT_REG_REG_STRING(r1,r1,c3) | SCONCAT_REG_REG_STRING(r1,r1,c4)","r1=R101;c1=string@95992;r2=R20;c2=string@96128;c3=string@2384;c4=string@96328","benchmark_rexxcps_levelb_opt",2268
942,1,1,1,5,over_3_symbols,"SCOPY_REG_REG(r1,r2) | UNLINK_REG(r1) | COPY_REG_REG(r3,r4) | COPY_REG_REG(r5,r3)","r1=R2;r2=R0;r3=R23;r4=R1;r5=R3","trace",14687
943,1,1,1,4,over_3_symbols,"SCOPY_REG_REG(r1,r2) | UNLINK_REG(r1) | LOAD_REG_INT(r1,c1) | LINKATTR1_REG_REG_INT(r2,r3,c1)","r1=R0;r2=R2;c1=int:1;r3=R1","trace",14471
944,1,1,1,7,over_3_symbols,"SETATTRS_REG_INT(r1,c1) | SETOBJTYPE_REG_STRING(r1,c2) | LOAD_REG_STRING(r2,c3) | LINKATTR1_REG_REG_INT(r3,r1,c4)","r1=R1;c1=int:22;c2=string@35;r2=R2;c3=string@1497880;r3=R0;c4=int:6","trace",14458
945,1,1,1,6,over_3_symbols,"SETNUMCAS_INT(c1) | SETNUMSTD_INT(c1) | BRTPANDT_ID_REG_INT(c2,r1,c3) | LOAD_REG_STRING(r2,c4)","c1=int:1;c2=label@22;r1=R21;c3=int:256;r2=R0;c4=string@1498088","verify",6
946,1,1,1,2,candidate,"SETNUMCAS_INT(c1) | SETNUMSTD_INT(c1) | NULL_REG(r1) | RXVERS_REG(r1)","c1=int:1;r1=R0","version",6
947,1,1,1,7,over_3_symbols,"SETNUMSTD_INT(c1) | BRTPANDT_ID_REG_INT(c2,r1,c3) | LOAD_REG_STRING(r2,c4) | SETTP_REG_INT(r2,c5)","c1=int:1;c2=label@22;r1=R21;c3=int:256;r2=R0;c4=string@1498088;c5=int:0","verify",8
948,1,1,1,6,over_3_symbols,"SETNUMSTD_INT(c1) | NULL_REG(r1) | NULL_REG(r2) | BRTPANDT_ID_REG_INT(c2,r3,c3)","c1=int:2;r1=R25;r2=R26;c2=label@23;r3=R112;c3=int:512","benchmark_rexxcps_levelb_opt",8
949,1,1,1,2,candidate,"SETNUMSTD_INT(c1) | NULL_REG(r1) | RXVERS_REG(r1) | RET_REG(r1)","c1=int:1;r1=R0","version",8
950,1,1,1,6,over_3_symbols,"SETOBJTYPE_REG_STRING(r1,c1) | LOAD_REG_STRING(r2,c2) | LINKATTR1_REG_REG_INT(r3,r1,c3) | SCOPY_REG_REG(r3,r2)","r1=R1;c1=string@35;r2=R2;c2=string@1497880;r3=R0;c3=int:6","trace",14461
951,1,1,1,7,over_3_symbols,"SETSTRPOS_REG_REG(r1,r2) | SUBSTRING_REG_REG_REG(r3,r1,r4) | APPEND_REG_REG(r5,r3) | LOAD_REG_STRING(r6,c1)","r1=R20;r2=R40;r3=R59;r4=R2;r5=R0;r6=R36;c1=string@28800","_typedformat",1077
952,1,1,1,5,over_3_symbols,"SETTP_REG_INT(r1,c1) | NULL_REG(r2) | NULL_REG(r3) | NULL_REG(r4)","r1=R22;c1=int:0;r2=R1;r3=R3;r4=R5","verify",44
953,1,1,1,4,over_3_symbols,"STOI_REG(r1) | ICOPY_REG_REG(r2,r1) | UNLINK_REG(r1) | LOAD_REG_STRING(r3,c1)","r1=R33;r2=R20;r3=R19;c1=string@6672","benchmark_rexxcps_levelb_opt",160
954,1,1,1,7,over_3_symbols,"STRCHAR_REG_REG_REG(r1,r2,r3) | IEQ_REG_REG_INT(r4,r1,c1) | BRT_ID_REG(c2,r4) | IEQ_REG_REG_INT(r4,r1,c3)","r1=R1;r2=R0;r3=R2;r4=R12;c1=int:77;c2=label@92;c3=int:109","verify",77
955,1,1,1,8,over_3_symbols,"STRCHAR_REG_REG_REG(r1,r2,r3) | POSCHAR_REG_REG_REG(r4,r5,r1) | IGTE_REG_REG_INT(r6,r4,c1) | BRF_ID_REG(c2,r6)","r1=R7;r2=R19;r3=R12;r4=R6;r5=R20;r6=R16;c1=int:0;c2=label@202","verify",183
956,1,1,1,6,over_3_symbols,"STRLEN_REG_REG(r1,r2) | IEQ_REG_REG_INT(r3,r1,c1) | BRT_ID_REG(c2,r3) | IGT_REG_REG_REG(r3,r4,r1)","r1=R8;r2=R19;r3=R13;c1=int:0;c2=label@146;r4=R22","verify",132
957,1,1,1,9,over_3_symbols,"SUBSTRING_REG_REG_REG(r1,r2,r3) | APPEND_REG_REG(r4,r1) | LOAD_REG_STRING(r5,c1) | IGT_REG_REG_INT(r6,r7,c2)","r1=R59;r2=R20;r3=R2;r4=R0;r5=R36;c1=string@28800;r6=R60;r7=R31;c2=int:0","_typedformat",1080
958,1,1,1,7,over_3_symbols,"SWAP_REG_REG(r1,r2) | COPY_REG_REG(r3,r1) | LOAD_REG_STRING(r4,c1) | LOAD_REG_STRING(r5,c2)","r1=R3;r2=R6;r3=R23;r4=R25;c1=string@28800;r5=R24;c2=string@1499320","trace",15125
959,1,1,1,6,over_3_symbols,"SWAP_REG_REG(r1,r2) | SCONCAT_REG_REG_REG(r3,r4,r5) | SCONCAT_REG_REG_STRING(r3,r3,c1) | SAY_REG(r3)","r1=R12;r2=R103;r3=R107;r4=R101;r5=R100;c1=string@96912","benchmark_rexxcps_levelb_opt",2309
960,1,1,1,7,over_3_symbols,"SWAP_REG_REG(r1,r2) | SETTP_REG_INT(r3,c1) | SETTP_REG_INT(r4,c2) | SETTP_REG_INT(r5,c1)","r1=R103;r2=R12;r3=R104;c1=int:0;r4=R105;c2=int:256;r5=R106","benchmark_rexxcps_levelb_opt",2290
961,1,1,1,6,over_3_symbols,"SWAP_REG_REG(r1,r2) | UNLINK_REG(r1) | INE_REG_REG_INT(r3,r4,c1) | BRF_ID_REG(c2,r3)","r1=R15;r2=R30;r3=R33;r4=R13;c1=int:0;c2=label@153","benchmark_rexxcps_levelb_opt",126
962,1,1,1,6,over_3_symbols,"UNLINK_REG(r1) | COPY_REG_REG(r2,r3) | LOAD_REG_STRING(r4,c1) | LINKATTR1_REG_REG_INT(r1,r2,c2)","r1=R2;r2=R4;r3=R3;r4=R0;c1=string@28800;c2=int:18","trace",14720
963,1,1,1,7,over_3_symbols,"UNLINK_REG(r1) | COPY_REG_REG(r2,r3) | LOAD_REG_STRING(r4,c1) | LOAD_REG_INT(r5,c2)","r1=R2;r2=R3;r3=R4;r4=R7;c1=string@1498128;r5=R5;c2=int:2","trace",14771
964,1,1,1,4,over_3_symbols,"UNLINK_REG(r1) | LOAD_REG_INT(r1,c1) | LINKATTR1_REG_REG_INT(r2,r3,c1) | ICOPY_REG_REG(r2,r1)","r1=R0;c1=int:1;r2=R2;r3=R1","trace",14474
965,1,1,1,6,over_3_symbols,"UNLINK_REG(r1) | LOAD_REG_STRING(r2,c1) | ILT_REG_REG_INT(r1,r3,c2) | BRF_ID_REG(c3,r1)","r1=R33;r2=R19;c1=string@6672;r3=R20;c2=int:1;c3=label@189","benchmark_rexxcps_levelb_opt",165
