section,name,value,id,count,total_ns,average_ns,min_ns,max_ns,percent,selected,entries,resumes,terminals,module,kind,completed,unwound,return_type,args,bytes,max_bytes,high_water,status
summary,schema_version,5,,0,0,0,0,0,0,,,,,,,,,,,,,,
summary,vm_mode,rxvm,,0,0,0,0,0,0,,,,,,,,,,,,,,
summary,result,0,,0,0,0,0,0,0,,,,,,,,,,,,,,
summary,timer_read_min_ns,41,,1,41,41,41,41,0,,,,,,,,,,,,,,
summary,timer_zero_deltas,795,,0,0,0,0,0,0,,,,,,,,,,,,,,
summary,interrupt_polls,19362656,,0,0,0,0,0,0,,,,,,,,,,,,,,
summary,invalid_events,0,,0,0,0,0,0,0,,,,,,,,,,,,,,
summary,counter_overflow,0,,0,0,0,0,0,0,,,,,,,,,,,,,,
summary,procedure_tracking_unavailable,0,,0,0,0,0,0,0,,,,,,,,,,,,,,
summary,allocation_tracking_unavailable,0,,0,0,0,0,0,0,,,,,,,,,,,,,,
summary,census_tracking_unavailable,0,,0,0,0,0,0,0,,,,,,,,,,,,,,
summary,metadata_tracking_unavailable,0,,0,0,0,0,0,0,,,,,,,,,,,,,,
instruction,COPY_REG_REG,,8,109171,51458404,471,0,255666,11.978125,,,,,,,,,,,,,,
instruction,BRF_ID_REG,,38,2930580,46522119,15,0,2039750,10.829091,,,,,,,,,,,,,,
instruction,CALL_REG_FUNC_REG,,46,99311,26474960,266,41,58167,6.162655,,,,,,,,,,,,,,
instruction,SRCFPROCSEL_REG_STRING_REG,,58,7,24549333,3507047,3311500,3772042,5.714421,,,,,,,,,,,,,,
instruction,NULL_REG,,14,1343104,21367365,15,0,34375,4.973745,,,,,,,,,,,,,,
instruction,ENDLIFE_REG,,514,1359846,20940937,15,0,17083,4.874484,,,,,,,,,,,,,,
instruction,ICOPY_REG_REG,,9,1122083,17196607,15,0,44291,4.002905,,,,,,,,,,,,,,
instruction,IEQ_REG_REG_INT,,101,908904,14270637,15,0,25958,3.321818,,,,,,,,,,,,,,
instruction,SCOPY_REG_REG,,11,812072,13970729,17,0,20459,3.252008,,,,,,,,,,,,,,
instruction,BR_ID,,36,798417,11536728,14,0,13208,2.685438,,,,,,,,,,,,,,
instruction,BRT_ID_REG,,37,740015,10898891,14,0,23041,2.536967,,,,,,,,,,,,,,
instruction,STRCHAR_REG_REG_REG,,150,574681,10851256,18,0,21792,2.525879,,,,,,,,,,,,,,
instruction,LOAD_REG_INT,,1,652467,9983012,15,0,22625,2.323775,,,,,,,,,,,,,,
instruction,IADD_REG_REG_INT,,16,575290,8836344,15,0,18750,2.056862,,,,,,,,,,,,,,
instruction,IGT_REG_REG_REG,,104,510325,7979145,15,0,14583,1.857329,,,,,,,,,,,,,,
instruction,UNLINK_REG,,213,497449,7502613,15,0,19833,1.746405,,,,,,,,,,,,,,
instruction,SWAP_REG_REG,,510,173434,5964524,34,0,49459,1.388380,,,,,,,,,,,,,,
instruction,ILT_REG_REG_INT,,111,317925,5166074,16,0,9625,1.202522,,,,,,,,,,,,,,
instruction,IADD_REG_REG_REG,,15,335231,5129365,15,0,10875,1.193977,,,,,,,,,,,,,,
instruction,LINKATTR1_REG_REG_INT,,203,304870,4826737,15,0,16292,1.123534,,,,,,,,,,,,,,
instruction,ISUB_REG_REG_INT,,18,305011,4794103,15,0,33417,1.115938,,,,,,,,,,,,,,
instruction,RET_REG,,49,62978,4681666,74,0,8708,1.089765,,,,,,,,,,,,,,
instruction,LOAD_REG_STRING,,3,277586,4644326,16,0,7459,1.081073,,,,,,,,,,,,,,
instruction,ILT_REG_REG_REG,,110,268845,4297191,15,0,13583,1.000270,,,,,,,,,,,,,,
instruction,IMULT_REG_REG_INT,,21,272223,4080989,14,0,25375,0.949944,,,,,,,,,,,,,,
instruction,MINATTRS_REG_REG_INT,,223,195374,4080245,20,0,8959,0.949771,,,,,,,,,,,,,,
instruction,IGT_REG_REG_INT,,105,249033,3967522,15,0,10125,0.923532,,,,,,,,,,,,,,
instruction,IEQ_REG_REG_REG,,100,232254,3681044,15,0,17916,0.856847,,,,,,,,,,,,,,
instruction,LINKATTR1_REG_REG_REG,,202,214792,3482010,16,0,6708,0.810518,,,,,,,,,,,,,,
instruction,STRLEN_REG_REG,,149,217040,3371153,15,0,9250,0.784713,,,,,,,,,,,,,,
instruction,SETTP_REG_INT,,517,208433,3278071,15,0,17917,0.763046,,,,,,,,,,,,,,
instruction,IGTE_REG_REG_REG,,107,184800,3073765,16,0,53833,0.715489,,,,,,,,,,,,,,
instruction,INE_REG_REG_INT,,103,173814,2955147,17,0,144584,0.687878,,,,,,,,,,,,,,
instruction,BCTP_ID_REG,,349,193955,2847834,14,0,5833,0.662899,,,,,,,,,,,,,,
instruction,RNE_REG_REG_STRING,,567,64403,2839414,44,0,16167,0.660939,,,,,,,,,,,,,,
instruction,REQ_REG_REG_REG,,563,61724,2814550,45,0,39541,0.655151,,,,,,,,,,,,,,
instruction,SETNUMDGTS_INT,,246,102119,2415067,23,0,20666,0.562162,,,,,,,,,,,,,,
instruction,REQ_REG_REG_STRING,,564,51981,2369264,45,0,20167,0.551501,,,,,,,,,,,,,,
instruction,ILTE_REG_REG_INT,,114,142800,2335474,16,0,11000,0.543635,,,,,,,,,,,,,,
instruction,SETSTRPOS_REG_REG,,154,93850,2290042,24,0,13542,0.533060,,,,,,,,,,,,,,
instruction,SUBSTRING_REG_REG_REG,,161,93850,2042346,21,0,9583,0.475403,,,,,,,,,,,,,,
instruction,IMOD_REG_REG_REG,,25,129423,1979083,15,0,7625,0.460677,,,,,,,,,,,,,,
instruction,ISUB_REG_REG_REG,,17,106429,1730788,16,0,13375,0.402881,,,,,,,,,,,,,,
instruction,SETNUMCAS_INT,,255,102121,1687457,16,0,9458,0.392794,,,,,,,,,,,,,,
instruction,ILTE_REG_REG_REG,,113,98000,1644088,16,0,17834,0.382699,,,,,,,,,,,,,,
instruction,SETNUMFUZ_INT,,249,102121,1592079,15,0,16917,0.370593,,,,,,,,,,,,,,
instruction,SETNUMSTD_INT,,258,102121,1583815,15,0,458,0.368669,,,,,,,,,,,,,,
instruction,SETNUMFRM_INT,,252,102119,1571275,15,0,6000,0.365750,,,,,,,,,,,,,,
instruction,IGTE_REG_REG_INT,,108,92408,1538006,16,0,8791,0.358006,,,,,,,,,,,,,,
instruction,FTOS_REG,,230,5604,1471485,262,166,6875,0.342522,,,,,,,,,,,,,,
instruction,BRTPANDT_ID_REG_INT,,524,79855,1224751,15,0,9875,0.285089,,,,,,,,,,,,,,
instruction,RET,,48,32137,1126796,35,0,11625,0.262288,,,,,,,,,,,,,,
instruction,ITOS_REG,,229,16903,1031041,60,0,4208,0.239998,,,,,,,,,,,,,,
instruction,ASSERTTYPE_REG_STRING,,61,2807,943844,336,167,7542,0.219701,,,,,,,,,,,,,,
instruction,STRUPPER_REG_REG,,158,36477,867292,23,0,2667,0.201882,,,,,,,,,,,,,,
instruction,DCALL_REG_REG_REG,,47,2821,806505,285,166,2500,0.187733,,,,,,,,,,,,,,
instruction,FTOD_REG,,243,2802,789038,281,166,7708,0.183667,,,,,,,,,,,,,,
instruction,BNE_ID_REG_INT,,43,43496,678111,15,0,917,0.157846,,,,,,,,,,,,,,
instruction,GETATTRS_REG_REG_INT,,215,37817,644419,17,0,9500,0.150003,,,,,,,,,,,,,,
instruction,STOI_REG,,237,11202,616382,55,0,8458,0.143477,,,,,,,,,,,,,,
instruction,ASSERTINITIALIZED_REG,,85,23633,598654,25,0,584,0.139350,,,,,,,,,,,,,,
instruction,NOT_REG_REG,,182,33559,565796,16,0,417,0.131702,,,,,,,,,,,,,,
instruction,BRTF_ID_ID_REG,,39,35058,565581,16,0,333,0.131652,,,,,,,,,,,,,,
instruction,CONCAT_REG_REG_STRING,,135,21007,553095,26,0,4958,0.128746,,,,,,,,,,,,,,
instruction,FNDNBLNK_REG_REG_REG,,166,30889,535994,17,0,14917,0.124765,,,,,,,,,,,,,,
instruction,SETATTRS_REG_INT,,217,23628,454488,19,0,8958,0.105793,,,,,,,,,,,,,,
instruction,MINATTRS_REG_INT,,222,28004,452165,16,0,3334,0.105252,,,,,,,,,,,,,,
instruction,GETANDTP_REG_REG_INT,,522,23752,405112,17,0,8667,0.094299,,,,,,,,,,,,,,
instruction,DTOS_REG,,239,5502,370634,67,0,1000,0.086274,,,,,,,,,,,,,,
instruction,DADD_REG_REG_DECIMAL,,361,2800,365734,130,41,7834,0.085133,,,,,,,,,,,,,,
instruction,DMULT_REG_REG_DECIMAL,,366,2700,359488,133,41,10250,0.083679,,,,,,,,,,,,,,
instruction,CONCAT_REG_REG_REG,,134,14003,333403,23,0,7208,0.077607,,,,,,,,,,,,,,
instruction,SEQ_REG_REG_REG,,116,17887,333109,18,0,9167,0.077539,,,,,,,,,,,,,,
instruction,BGE_ID_REG_INT,,355,18253,319142,17,0,5084,0.074288,,,,,,,,,,,,,,
instruction,DGT_REG_REG_REG,,380,2800,314507,112,0,141541,0.073209,,,,,,,,,,,,,,
instruction,ISUB_REG_INT_REG,,19,18250,314162,17,0,9458,0.073128,,,,,,,,,,,,,,
instruction,BGT_ID_REG_REG,,352,16800,278197,16,0,8500,0.064757,,,,,,,,,,,,,,
instruction,MTIME_REG,,459,4,274290,68572,458,270791,0.063847,,,,,,,,,,,,,,
instruction,STOD_REG,,238,8300,268679,32,0,8833,0.062541,,,,,,,,,,,,,,
instruction,RET_INT,,50,4216,232264,55,0,1167,0.054065,,,,,,,,,,,,,,
instruction,SETOBJUNINIT_REG_STRING,,84,9813,198541,20,0,709,0.046215,,,,,,,,,,,,,,
instruction,DCOPY_REG_REG,,12,5502,181815,33,0,583,0.042322,,,,,,,,,,,,,,
instruction,SRCMETHODSEL_REG_REG_STRING,,57,2814,160225,56,0,833,0.037296,,,,,,,,,,,,,,
instruction,BCOPY_REG_REG,,581,8400,152741,18,0,584,0.035554,,,,,,,,,,,,,,
instruction,RET_STRING,,52,2802,141241,50,0,6958,0.032877,,,,,,,,,,,,,,
instruction,CONCAT_REG_STRING_REG,,136,4200,129492,30,0,375,0.030142,,,,,,,,,,,,,,
instruction,BLE_ID_REG_REG,,358,7000,127329,18,0,8125,0.029639,,,,,,,,,,,,,,
instruction,BLE_ID_REG_INT,,359,7003,127297,18,0,416,0.029631,,,,,,,,,,,,,,
instruction,LOAD_REG_FLOAT,,2,4210,105004,24,0,500,0.024442,,,,,,,,,,,,,,
instruction,FEQ_REG_REG_FLOAT,,317,2800,103740,37,0,458,0.024148,,,,,,,,,,,,,,
instruction,FCOPY_REG_REG,,10,5605,103416,18,0,1333,0.024072,,,,,,,,,,,,,,
instruction,BGE_ID_REG_REG,,354,4202,102484,24,0,13834,0.023856,,,,,,,,,,,,,,
instruction,FGT_REG_REG_REG,,320,4200,93548,22,0,8959,0.021775,,,,,,,,,,,,,,
instruction,SETOBJTYPE_REG_STRING,,56,4210,93544,22,0,1000,0.021775,,,,,,,,,,,,,,
instruction,BEQ_ID_REG_INT,,41,2823,86573,30,0,375,0.020152,,,,,,,,,,,,,,
instruction,FLT_REG_REG_FLOAT,,327,2800,78127,27,0,417,0.018186,,,,,,,,,,,,,,
instruction,BPOFF,,495,2805,70849,25,0,292,0.016492,,,,,,,,,,,,,,
instruction,FNDBLNK_REG_REG_REG,,165,2801,70810,25,0,1208,0.016483,,,,,,,,,,,,,,
instruction,FADD_REG_REG_REG,,300,2802,67792,24,0,375,0.015780,,,,,,,,,,,,,,
instruction,BCF_ID_REG,,350,3002,62881,20,0,2083,0.014637,,,,,,,,,,,,,,
instruction,SEQ_REG_REG_STRING,,117,1520,62333,41,0,1208,0.014509,,,,,,,,,,,,,,
instruction,APPEND_REG_REG,,143,1405,54765,38,0,4500,0.012748,,,,,,,,,,,,,,
instruction,SAY_STRING,,455,4,11209,2802,459,8250,0.002609,,,,,,,,,,,,,,
instruction,SAY_REG,,450,5,9000,1800,417,4375,0.002095,,,,,,,,,,,,,,
instruction,ISTYPE_REG_REG_STRING,,60,7,4293,613,417,875,0.000999,,,,,,,,,,,,,,
instruction,STRLOWER_REG_REG,,157,16,2415,150,0,1666,0.000562,,,,,,,,,,,,,,
instruction,RXVERS_REG,,461,1,2375,2375,2375,2375,0.000553,,,,,,,,,,,,,,
instruction,BNE_ID_REG_REG,,42,37,1249,33,0,333,0.000291,,,,,,,,,,,,,,
instruction,SCONCAT_REG_STRING_REG,,139,5,1042,208,84,375,0.000243,,,,,,,,,,,,,,
instruction,POSCHAR_REG_REG_REG,,153,6,1042,173,41,500,0.000243,,,,,,,,,,,,,,
instruction,STOF_REG,,236,2,1042,521,500,542,0.000243,,,,,,,,,,,,,,
instruction,STRPOS_REG_REG_REG,,164,32,997,31,0,375,0.000232,,,,,,,,,,,,,,
instruction,FDIV_REG_REG_FLOAT,,308,4,793,198,42,417,0.000185,,,,,,,,,,,,,,
instruction,SCONCAT_REG_REG_STRING,,138,4,792,198,125,375,0.000184,,,,,,,,,,,,,,
instruction,JUMPR_REG_BINARY,,635,1,792,792,792,792,0.000184,,,,,,,,,,,,,,
instruction,ITOF_REG,,231,7,665,95,0,291,0.000155,,,,,,,,,,,,,,
instruction,BTOI_REG,,225,32,540,16,0,84,0.000126,,,,,,,,,,,,,,
instruction,BLT_ID_REG_INT,,357,1,459,459,459,459,0.000107,,,,,,,,,,,,,,
instruction,APPENDCHAR_REG_REG,,140,9,458,50,0,333,0.000107,,,,,,,,,,,,,,
instruction,FSUB_REG_REG_REG,,302,1,458,458,458,458,0.000107,,,,,,,,,,,,,,
instruction,FDIV_REG_REG_REG,,307,3,376,125,42,167,0.000088,,,,,,,,,,,,,,
instruction,RNE_REG_REG_REG,,566,1,333,333,333,333,0.000078,,,,,,,,,,,,,,
instruction,SAPPEND_REG_REG,,142,2,250,125,84,166,0.000058,,,,,,,,,,,,,,
instruction,FDIV_REG_FLOAT_REG,,309,1,167,167,167,167,0.000039,,,,,,,,,,,,,,
instruction,INE_REG_REG_REG,,102,1,125,125,125,125,0.000029,,,,,,,,,,,,,,
transition,sequential_same_frame,,0,16076438,201700472,12,0,195584,83.200657,,,,,,,,,,,,,,
transition,branch_same_frame,,1,3081953,38339272,12,0,14542,15.814800,,,,,,,,,,,,,,
transition,call_enter_frame,,2,102132,1201159,11,0,5583,0.495473,,,,,,,,,,,,,,
transition,return_leave_frame,,3,102132,1182718,11,0,7708,0.487867,,,,,,,,,,,,,,
transition,external_entry,,6,1,2916,2916,2916,2916,0.001203,,,,,,,,,,,,,,
transition,terminal,,7,1,0,0,0,0,0.000000,,,,,,,,,,,,,,
interrupt,scan_all,,,0,0,0,0,0,0,,,,,,,,,,,,,,
interrupt,scan_without_selection,,,0,0,0,0,0,0,,,,,,,,,,,,,,
interrupt,mechanics_all,,,0,0,0,0,0,0,,,,,,,,,,,,,,
procedure,"rexxcps_levelb_opaque.main","elapsed",,1,672029708,672029708,672029708,672029708,0,,,,,"benchmark_rexxcps_levelb_opaque_opt",procedure,1,0,".int","",,,,
procedure,"rexxcps_levelb_opaque.main","inclusive_body",,1,672026667,672026667,672026667,672026667,0,,,,,"benchmark_rexxcps_levelb_opaque_opt",procedure,1,0,".int","",,,,
procedure,"rexxcps_levelb_opaque.main","self",,1,36369104,36369104,36369104,36369104,0,,,,,"benchmark_rexxcps_levelb_opaque_opt",procedure,1,0,".int","",,,,
procedure,"rexxcps_levelb_opaque.main","native_child",,1,0,0,0,0,0,,,,,"benchmark_rexxcps_levelb_opaque_opt",procedure,1,0,".int","",,,,
procedure,"rexxcps_levelb_opaque.main","entry_overhead",,1,2916,2916,2916,2916,0,,,,,"benchmark_rexxcps_levelb_opaque_opt",procedure,1,0,".int","",,,,
procedure,"rexxcps_levelb_opaque.main","exit_overhead",,1,125,125,125,125,0,,,,,"benchmark_rexxcps_levelb_opaque_opt",procedure,1,0,".int","",,,,
procedure,"rxfnsb.parseexec","elapsed",,9800,396999170,40510,34291,2110375,0,,,,,"parseExec",procedure,9800,0,".string[*]","src=.string,splan=.string,template=.string,?debug=.int",,,,
procedure,"rxfnsb.parseexec","inclusive_body",,9800,391257469,39924,33833,2109042,0,,,,,"parseExec",procedure,9800,0,".string[*]","src=.string,splan=.string,template=.string,?debug=.int",,,,
procedure,"rxfnsb.parseexec","self",,9800,383205917,39102,33833,2103959,0,,,,,"parseExec",procedure,9800,0,".string[*]","src=.string,splan=.string,template=.string,?debug=.int",,,,
procedure,"rxfnsb.parseexec","native_child",,9800,0,0,0,0,0,,,,,"parseExec",procedure,9800,0,".string[*]","src=.string,splan=.string,template=.string,?debug=.int",,,,
procedure,"rxfnsb.parseexec","entry_overhead",,9800,4115401,419,291,22500,0,,,,,"parseExec",procedure,9800,0,".string[*]","src=.string,splan=.string,template=.string,?debug=.int",,,,
procedure,"rxfnsb.parseexec","exit_overhead",,9800,1626300,165,83,7333,0,,,,,"parseExec",procedure,9800,0,".string[*]","src=.string,splan=.string,template=.string,?debug=.int",,,,
procedure,"rxfnsb.stem.get","elapsed",,12503,70676525,5652,3375,271041,0,,,,,"stem",method,12503,0,".string","key=.string",,,,
procedure,"rxfnsb.stem.get","inclusive_body",,12503,66531082,5321,3125,269625,0,,,,,"stem",method,12503,0,".string","key=.string",,,,
procedure,"rxfnsb.stem.get","self",,12503,66531082,5321,3125,269625,0,,,,,"stem",method,12503,0,".string","key=.string",,,,
procedure,"rxfnsb.stem.get","native_child",,12503,0,0,0,0,0,,,,,"stem",method,12503,0,".string","key=.string",,,,
procedure,"rxfnsb.stem.get","entry_overhead",,12503,3360746,268,166,8500,0,,,,,"stem",method,12503,0,".string","key=.string",,,,
procedure,"rxfnsb.stem.get","exit_overhead",,12503,784697,62,0,1750,0,,,,,"stem",method,12503,0,".string","key=.string",,,,
procedure,"_rxsysb._address","elapsed",,1400,62368251,44548,37125,3406875,0,,,,,"_address",procedure,1400,0,".int","?env=.string,?command=.string,in=.binary,out=.binary,err=.binary,expose ...=.string",,,,
procedure,"_rxsysb._address","inclusive_body",,1400,61649500,44035,36750,3402916,0,,,,,"_address",procedure,1400,0,".int","?env=.string,?command=.string,in=.binary,out=.binary,err=.binary,expose ...=.string",,,,
procedure,"_rxsysb._address","self",,1400,5822994,4159,3459,23333,0,,,,,"_address",procedure,1400,0,".int","?env=.string,?command=.string,in=.binary,out=.binary,err=.binary,expose ...=.string",,,,
procedure,"_rxsysb._address","native_child",,1400,0,0,0,0,0,,,,,"_address",procedure,1400,0,".int","?env=.string,?command=.string,in=.binary,out=.binary,err=.binary,expose ...=.string",,,,
procedure,"_rxsysb._address","entry_overhead",,1400,589961,421,291,21041,0,,,,,"_address",procedure,1400,0,".int","?env=.string,?command=.string,in=.binary,out=.binary,err=.binary,expose ...=.string",,,,
procedure,"_rxsysb._address","exit_overhead",,1400,128790,91,41,583,0,,,,,"_address",procedure,1400,0,".int","?env=.string,?command=.string,in=.binary,out=.binary,err=.binary,expose ...=.string",,,,
procedure,"_rxsysb.addressenv","elapsed",,1400,48531680,34665,16917,21373333,0,,,,,"_address",procedure,1400,0,"._rxsysb..addressenvironment","?env_name=.string",,,,
procedure,"_rxsysb.addressenv","inclusive_body",,1400,47753877,34109,16541,21372500,0,,,,,"_address",procedure,1400,0,"._rxsysb..addressenvironment","?env_name=.string",,,,
procedure,"_rxsysb.addressenv","self",,1400,551254,393,291,25375,0,,,,,"_address",procedure,1400,0,"._rxsysb..addressenvironment","?env_name=.string",,,,
procedure,"_rxsysb.addressenv","native_child",,1400,0,0,0,0,0,,,,,"_address",procedure,1400,0,"._rxsysb..addressenvironment","?env_name=.string",,,,
procedure,"_rxsysb.addressenv","entry_overhead",,1400,474965,339,250,15625,0,,,,,"_address",procedure,1400,0,"._rxsysb..addressenvironment","?env_name=.string",,,,
procedure,"_rxsysb.addressenv","exit_overhead",,1400,302838,216,125,2292,0,,,,,"_address",procedure,1400,0,"._rxsysb..addressenvironment","?env_name=.string",,,,
procedure,"_rxsysb._ensure_address_environment","elapsed",,2806,48474732,17275,7250,3800375,0,,,,,"_address",procedure,2806,0,".int","env_name=.string",,,,
procedure,"_rxsysb._ensure_address_environment","inclusive_body",,2806,47522988,16936,6792,3798625,0,,,,,"_address",procedure,2806,0,".int","env_name=.string",,,,
procedure,"_rxsysb._ensure_address_environment","self",,2806,33991229,12113,2000,3779126,0,,,,,"_address",procedure,2806,0,".int","env_name=.string",,,,
procedure,"_rxsysb._ensure_address_environment","native_child",,2806,0,0,0,0,0,,,,,"_address",procedure,2806,0,".int","env_name=.string",,,,
procedure,"_rxsysb._ensure_address_environment","entry_overhead",,2806,754075,268,166,9542,0,,,,,"_address",procedure,2806,0,".int","env_name=.string",,,,
procedure,"_rxsysb._ensure_address_environment","exit_overhead",,2806,197669,70,41,959,0,,,,,"_address",procedure,2806,0,".int","env_name=.string",,,,
procedure,"_rxsysb._address_environment","elapsed",,1400,47202623,33716,16167,21372125,0,,,,,"_address",procedure,1400,0,"._rxsysb..addressenvironment","?env_name=.string",,,,
procedure,"_rxsysb._address_environment","inclusive_body",,1400,46509565,33221,15792,21370125,0,,,,,"_address",procedure,1400,0,"._rxsysb..addressenvironment","?env_name=.string",,,,
procedure,"_rxsysb._address_environment","self",,1400,5679636,4056,2833,55458,0,,,,,"_address",procedure,1400,0,"._rxsysb..addressenvironment","?env_name=.string",,,,
procedure,"_rxsysb._address_environment","native_child",,1400,0,0,0,0,0,,,,,"_address",procedure,1400,0,"._rxsysb..addressenvironment","?env_name=.string",,,,
procedure,"_rxsysb._address_environment","entry_overhead",,1400,572464,408,291,5000,0,,,,,"_address",procedure,1400,0,"._rxsysb..addressenvironment","?env_name=.string",,,,
procedure,"_rxsysb._address_environment","exit_overhead",,1400,120594,86,0,625,0,,,,,"_address",procedure,1400,0,"._rxsysb..addressenvironment","?env_name=.string",,,,
procedure,"rxfnsb.stem.set","elapsed",,8300,43621041,5255,750,35167,0,,,,,"stem",method,8300,0,".void","?key=.string,value=.string",,,,
procedure,"rxfnsb.stem.set","inclusive_body",,8300,40688595,4902,500,34125,0,,,,,"stem",method,8300,0,".void","?key=.string,value=.string",,,,
procedure,"rxfnsb.stem.set","self",,8300,40688595,4902,500,34125,0,,,,,"stem",method,8300,0,".void","?key=.string,value=.string",,,,
procedure,"rxfnsb.stem.set","native_child",,8300,0,0,0,0,0,,,,,"stem",method,8300,0,".void","?key=.string,value=.string",,,,
procedure,"rxfnsb.stem.set","entry_overhead",,8300,2467127,297,166,7958,0,,,,,"stem",method,8300,0,".void","?key=.string,value=.string",,,,
procedure,"rxfnsb.stem.set","exit_overhead",,8300,465319,56,0,4959,0,,,,,"stem",method,8300,0,".void","?key=.string,value=.string",,,,
procedure,"rxfnsb.strip","elapsed",,15444,34244728,2217,1458,64167,0,,,,,"strip",procedure,15444,0,".string","string=.string,?option=.string,?char=.string",,,,
procedure,"rxfnsb.strip","inclusive_body",,15444,29015270,1878,1166,37291,0,,,,,"strip",procedure,15444,0,".string","string=.string,?option=.string,?char=.string",,,,
procedure,"rxfnsb.strip","self",,15444,29015270,1878,1166,37291,0,,,,,"strip",procedure,15444,0,".string","string=.string,?option=.string,?char=.string",,,,
procedure,"rxfnsb.strip","native_child",,15444,0,0,0,0,0,,,,,"strip",procedure,15444,0,".string","string=.string,?option=.string,?char=.string",,,,
procedure,"rxfnsb.strip","entry_overhead",,15444,4373405,283,166,58250,0,,,,,"strip",procedure,15444,0,".string","string=.string,?option=.string,?char=.string",,,,
procedure,"rxfnsb.strip","exit_overhead",,15444,856053,55,0,8958,0,,,,,"strip",procedure,15444,0,".string","string=.string,?option=.string,?char=.string",,,,
procedure,"_rxsysb._set_address_environment","elapsed",,1400,27387969,19562,15417,3366916,0,,,,,"_address",procedure,1400,0,".int","env_name=.string",,,,
procedure,"_rxsysb._set_address_environment","inclusive_body",,1400,26848910,19177,15125,3366167,0,,,,,"_address",procedure,1400,0,".int","env_name=.string",,,,
procedure,"_rxsysb._set_address_environment","self",,1400,4844759,3460,3042,15916,0,,,,,"_address",procedure,1400,0,".int","env_name=.string",,,,
procedure,"_rxsysb._set_address_environment","native_child",,1400,0,0,0,0,0,,,,,"_address",procedure,1400,0,".int","env_name=.string",,,,
procedure,"_rxsysb._set_address_environment","entry_overhead",,1400,457751,326,208,9709,0,,,,,"_address",procedure,1400,0,".int","env_name=.string",,,,
procedure,"_rxsysb._set_address_environment","exit_overhead",,1400,81308,58,41,1042,0,,,,,"_address",procedure,1400,0,".int","env_name=.string",,,,
procedure,"_rxsysb.ensure_address_runtime","elapsed",,11206,25520046,2277,250,21354667,0,,,,,"_address",procedure,11206,0,".void","",,,,
procedure,"_rxsysb.ensure_address_runtime","inclusive_body",,11206,23289437,2078,84,21354041,0,,,,,"_address",procedure,11206,0,".void","",,,,
procedure,"_rxsysb.ensure_address_runtime","self",,11206,1936562,172,84,4875,0,,,,,"_address",procedure,11206,0,".void","",,,,
procedure,"_rxsysb.ensure_address_runtime","native_child",,11206,0,0,0,0,0,,,,,"_address",procedure,11206,0,".void","",,,,
procedure,"_rxsysb.ensure_address_runtime","entry_overhead",,11206,1787980,159,41,9792,0,,,,,"_address",procedure,11206,0,".void","",,,,
procedure,"_rxsysb.ensure_address_runtime","exit_overhead",,11206,442629,39,0,11667,0,,,,,"_address",procedure,11206,0,".void","",,,,
procedure,"_rxsysb.dispatch_address_request","elapsed",,1400,23361262,16686,14458,83833,0,,,,,"_address",procedure,1400,0,"._rxsysb..addressresponse","request=.addressrequest",,,,
procedure,"_rxsysb.dispatch_address_request","inclusive_body",,1400,22519450,16085,13958,79583,0,,,,,"_address",procedure,1400,0,"._rxsysb..addressresponse","request=.addressrequest",,,,
procedure,"_rxsysb.dispatch_address_request","self",,1400,8562856,6116,5210,54083,0,,,,,"_address",procedure,1400,0,"._rxsysb..addressresponse","request=.addressrequest",,,,
procedure,"_rxsysb.dispatch_address_request","native_child",,1400,0,0,0,0,0,,,,,"_address",procedure,1400,0,"._rxsysb..addressresponse","request=.addressrequest",,,,
procedure,"_rxsysb.dispatch_address_request","entry_overhead",,1400,484144,345,250,5166,0,,,,,"_address",procedure,1400,0,"._rxsysb..addressresponse","request=.addressrequest",,,,
procedure,"_rxsysb.dispatch_address_request","exit_overhead",,1400,357668,255,166,1417,0,,,,,"_address",procedure,1400,0,"._rxsysb..addressresponse","request=.addressrequest",,,,
procedure,"rxfnsb._stream_span","elapsed",,7000,8051552,1150,875,43500,0,,,,,"parseExec",procedure,7000,0,".string","source=.string,start=.int,span_length=.int",,,,
procedure,"rxfnsb._stream_span","inclusive_body",,7000,4798093,685,541,15500,0,,,,,"parseExec",procedure,7000,0,".string","source=.string,start=.int,span_length=.int",,,,
procedure,"rxfnsb._stream_span","self",,7000,4798093,685,541,15500,0,,,,,"parseExec",procedure,7000,0,".string","source=.string,start=.int,span_length=.int",,,,
procedure,"rxfnsb._stream_span","native_child",,7000,0,0,0,0,0,,,,,"parseExec",procedure,7000,0,".string","source=.string,start=.int,span_length=.int",,,,
procedure,"rxfnsb._stream_span","entry_overhead",,7000,2829944,404,250,40875,0,,,,,"parseExec",procedure,7000,0,".string","source=.string,start=.int,span_length=.int",,,,
procedure,"rxfnsb._stream_span","exit_overhead",,7000,423515,60,0,916,0,,,,,"parseExec",procedure,7000,0,".string","source=.string,start=.int,span_length=.int",,,,
procedure,"rxfnsb._trace_set","elapsed",,1402,5942220,4238,3375,198208,0,,,,,"trace",procedure,1402,0,".void","mode=.string",,,,
procedure,"rxfnsb._trace_set","inclusive_body",,1402,5514578,3933,3166,197375,0,,,,,"trace",procedure,1402,0,".void","mode=.string",,,,
procedure,"rxfnsb._trace_set","self",,1402,3950840,2818,2291,22083,0,,,,,"trace",procedure,1402,0,".void","mode=.string",,,,
procedure,"rxfnsb._trace_set","native_child",,1402,0,0,0,0,0,,,,,"trace",procedure,1402,0,".void","mode=.string",,,,
procedure,"rxfnsb._trace_set","entry_overhead",,1402,299815,213,125,1917,0,,,,,"trace",procedure,1402,0,".void","mode=.string",,,,
procedure,"rxfnsb._trace_set","exit_overhead",,1402,127827,91,41,5666,0,,,,,"trace",procedure,1402,0,".void","mode=.string",,,,
procedure,"_rxsysb.unknownaddressenvironment.execute","elapsed",,1400,4229181,3020,2541,19542,0,,,,,"_address",method,1400,0,"._rxsysb..addressresponse","request=.addressrequest",,,,
procedure,"_rxsysb.unknownaddressenvironment.execute","inclusive_body",,1400,3746164,2675,2291,18458,0,,,,,"_address",method,1400,0,"._rxsysb..addressresponse","request=.addressrequest",,,,
procedure,"_rxsysb.unknownaddressenvironment.execute","self",,1400,3746164,2675,2291,18458,0,,,,,"_address",method,1400,0,"._rxsysb..addressresponse","request=.addressrequest",,,,
procedure,"_rxsysb.unknownaddressenvironment.execute","native_child",,1400,0,0,0,0,0,,,,,"_address",method,1400,0,"._rxsysb..addressresponse","request=.addressrequest",,,,
procedure,"_rxsysb.unknownaddressenvironment.execute","entry_overhead",,1400,401243,286,208,1125,0,,,,,"_address",method,1400,0,"._rxsysb..addressresponse","request=.addressrequest",,,,
procedure,"_rxsysb.unknownaddressenvironment.execute","exit_overhead",,1400,81774,58,41,709,0,,,,,"_address",method,1400,0,"._rxsysb..addressresponse","request=.addressrequest",,,,
procedure,"rxfnsb._trace_ensure_runtime","elapsed",,7004,2694943,384,208,171667,0,,,,,"trace",procedure,7004,0,".void","",,,,
procedure,"rxfnsb._trace_ensure_runtime","inclusive_body",,7004,1400086,199,83,171084,0,,,,,"trace",procedure,7004,0,".void","",,,,
procedure,"rxfnsb._trace_ensure_runtime","self",,7004,1243632,177,83,14630,0,,,,,"trace",procedure,7004,0,".void","",,,,
procedure,"rxfnsb._trace_ensure_runtime","native_child",,7004,0,0,0,0,0,,,,,"trace",procedure,7004,0,".void","",,,,
procedure,"rxfnsb._trace_ensure_runtime","entry_overhead",,7004,1003580,143,41,8750,0,,,,,"trace",procedure,7004,0,".void","",,,,
procedure,"rxfnsb._trace_ensure_runtime","exit_overhead",,7004,291277,41,0,7792,0,,,,,"trace",procedure,7004,0,".void","",,,,
procedure,"_rxsysb._current_address_environment","elapsed",,2800,2506233,895,709,13708,0,,,,,"_address",procedure,2800,0,".string","",,,,
procedure,"_rxsysb._current_address_environment","inclusive_body",,2800,1728368,617,500,12875,0,,,,,"_address",procedure,2800,0,".string","",,,,
procedure,"_rxsysb._current_address_environment","self",,2800,733874,262,166,1751,0,,,,,"_address",procedure,2800,0,".string","",,,,
procedure,"_rxsysb._current_address_environment","native_child",,2800,0,0,0,0,0,,,,,"_address",procedure,2800,0,".string","",,,,
procedure,"_rxsysb._current_address_environment","entry_overhead",,2800,626688,223,125,10000,0,,,,,"_address",procedure,2800,0,".string","",,,,
procedure,"_rxsysb._current_address_environment","exit_overhead",,2800,151177,53,0,333,0,,,,,"_address",procedure,2800,0,".string","",,,,
procedure,"rxfnsb._trace_current_mode","elapsed",,2802,2179047,777,583,11042,0,,,,,"trace",procedure,2802,0,".string","",,,,
procedure,"rxfnsb._trace_current_mode","inclusive_body",,2802,1568270,559,416,10084,0,,,,,"trace",procedure,2802,0,".string","",,,,
procedure,"rxfnsb._trace_current_mode","self",,2802,611152,218,125,1292,0,,,,,"trace",procedure,2802,0,".string","",,,,
procedure,"rxfnsb._trace_current_mode","native_child",,2802,0,0,0,0,0,,,,,"trace",procedure,2802,0,".string","",,,,
procedure,"rxfnsb._trace_current_mode","entry_overhead",,2802,435667,155,83,916,0,,,,,"trace",procedure,2802,0,".string","",,,,
procedure,"rxfnsb._trace_current_mode","exit_overhead",,2802,175110,62,0,7041,0,,,,,"trace",procedure,2802,0,".string","",,,,
procedure,"rxfnsb._trace_normalize_mode","elapsed",,2803,2071000,738,541,31125,0,,,,,"trace",procedure,2803,0,".string","mode=.string",,,,
procedure,"rxfnsb._trace_normalize_mode","inclusive_body",,2803,1257678,448,333,29375,0,,,,,"trace",procedure,2803,0,".string","mode=.string",,,,
procedure,"rxfnsb._trace_normalize_mode","self",,2803,1243678,443,333,18876,0,,,,,"trace",procedure,2803,0,".string","mode=.string",,,,
procedure,"rxfnsb._trace_normalize_mode","native_child",,2803,0,0,0,0,0,,,,,"trace",procedure,2803,0,".string","mode=.string",,,,
procedure,"rxfnsb._trace_normalize_mode","entry_overhead",,2803,641378,228,83,6833,0,,,,,"trace",procedure,2803,0,".string","mode=.string",,,,
procedure,"rxfnsb._trace_normalize_mode","exit_overhead",,2803,171944,61,0,6833,0,,,,,"trace",procedure,2803,0,".string","mode=.string",,,,
procedure,"rxfnsb._trace_mode_from_option","elapsed",,1401,1992973,1422,1083,32125,0,,,,,"trace",procedure,1401,0,".string","option=.string",,,,
procedure,"rxfnsb._trace_mode_from_option","inclusive_body",,1401,1515602,1081,833,31500,0,,,,,"trace",procedure,1401,0,".string","option=.string",,,,
procedure,"rxfnsb._trace_mode_from_option","self",,1401,400761,286,207,1667,0,,,,,"trace",procedure,1401,0,".string","option=.string",,,,
procedure,"rxfnsb._trace_mode_from_option","native_child",,1401,0,0,0,0,0,,,,,"trace",procedure,1401,0,".string","option=.string",,,,
procedure,"rxfnsb._trace_mode_from_option","entry_overhead",,1401,328794,234,125,10417,0,,,,,"trace",procedure,1401,0,".string","option=.string",,,,
procedure,"rxfnsb._trace_mode_from_option","exit_overhead",,1401,148577,106,41,916,0,,,,,"trace",procedure,1401,0,".string","option=.string",,,,
procedure,"rxfnsb.upper","elapsed",,2800,1657125,591,458,23375,0,,,,,"upper",procedure,2800,0,".string","expose string=.string",,,,
procedure,"rxfnsb.upper","inclusive_body",,2800,615133,219,166,1667,0,,,,,"upper",procedure,2800,0,".string","expose string=.string",,,,
procedure,"rxfnsb.upper","self",,2800,615133,219,166,1667,0,,,,,"upper",procedure,2800,0,".string","expose string=.string",,,,
procedure,"rxfnsb.upper","native_child",,2800,0,0,0,0,0,,,,,"upper",procedure,2800,0,".string","expose string=.string",,,,
procedure,"rxfnsb.upper","entry_overhead",,2800,876205,312,208,22625,0,,,,,"upper",procedure,2800,0,".string","expose string=.string",,,,
procedure,"rxfnsb.upper","exit_overhead",,2800,165787,59,0,458,0,,,,,"upper",procedure,2800,0,".string","expose string=.string",,,,
procedure,"rxfnsb._trace_command_before","elapsed",,1400,1419664,1014,833,12250,0,,,,,"trace",procedure,1400,0,".void","environment=.string,command=.string",,,,
procedure,"rxfnsb._trace_command_before","inclusive_body",,1400,896619,640,500,11209,0,,,,,"trace",procedure,1400,0,".void","environment=.string,command=.string",,,,
procedure,"rxfnsb._trace_command_before","self",,1400,300583,214,125,9126,0,,,,,"trace",procedure,1400,0,".void","environment=.string,command=.string",,,,
procedure,"rxfnsb._trace_command_before","native_child",,1400,0,0,0,0,0,,,,,"trace",procedure,1400,0,".void","environment=.string,command=.string",,,,
procedure,"rxfnsb._trace_command_before","entry_overhead",,1400,467908,334,208,5458,0,,,,,"trace",procedure,1400,0,".void","environment=.string,command=.string",,,,
procedure,"rxfnsb._trace_command_before","exit_overhead",,1400,55137,39,0,250,0,,,,,"trace",procedure,1400,0,".void","environment=.string,command=.string",,,,
procedure,"rxfnsb._trace_command_after","elapsed",,1400,1363244,973,792,9959,0,,,,,"trace",procedure,1400,0,".void","environment=.string,command=.string,rc=.int,condition=.string",,,,
procedure,"rxfnsb._trace_command_after","inclusive_body",,1400,818698,584,458,8375,0,,,,,"trace",procedure,1400,0,".void","environment=.string,command=.string,rc=.int,condition=.string",,,,
procedure,"rxfnsb._trace_command_after","self",,1400,284488,203,125,917,0,,,,,"trace",procedure,1400,0,".void","environment=.string,command=.string,rc=.int,condition=.string",,,,
procedure,"rxfnsb._trace_command_after","native_child",,1400,0,0,0,0,0,,,,,"trace",procedure,1400,0,".void","environment=.string,command=.string,rc=.int,condition=.string",,,,
procedure,"rxfnsb._trace_command_after","entry_overhead",,1400,491706,351,250,4125,0,,,,,"trace",procedure,1400,0,".void","environment=.string,command=.string,rc=.int,condition=.string",,,,
procedure,"rxfnsb._trace_command_after","exit_overhead",,1400,52840,37,0,125,0,,,,,"trace",procedure,1400,0,".void","environment=.string,command=.string,rc=.int,condition=.string",,,,
procedure,"_rxsysb.unknownaddressenvironment.environment_name","elapsed",,1399,809418,578,416,6333,0,,,,,"_address",method,1399,0,".string","",,,,
procedure,"_rxsysb.unknownaddressenvironment.environment_name","inclusive_body",,1399,302898,216,125,2458,0,,,,,"_address",method,1399,0,".string","",,,,
procedure,"_rxsysb.unknownaddressenvironment.environment_name","self",,1399,302898,216,125,2458,0,,,,,"_address",method,1399,0,".string","",,,,
procedure,"_rxsysb.unknownaddressenvironment.environment_name","native_child",,1399,0,0,0,0,0,,,,,"_address",method,1399,0,".string","",,,,
procedure,"_rxsysb.unknownaddressenvironment.environment_name","entry_overhead",,1399,428092,305,167,5833,0,,,,,"_address",method,1399,0,".string","",,,,
procedure,"_rxsysb.unknownaddressenvironment.environment_name","exit_overhead",,1399,78428,56,41,1791,0,,,,,"_address",method,1399,0,".string","",,,,
procedure,"rexxcps_levelb_opaque.__rxtrace_reset_display_state","elapsed",,1402,533280,380,291,6041,0,,,,,"benchmark_rexxcps_levelb_opaque_opt",procedure,1402,0,".void","",,,,
procedure,"rexxcps_levelb_opaque.__rxtrace_reset_display_state","inclusive_body",,1402,291141,207,166,5625,0,,,,,"benchmark_rexxcps_levelb_opaque_opt",procedure,1402,0,".void","",,,,
procedure,"rexxcps_levelb_opaque.__rxtrace_reset_display_state","self",,1402,291141,207,166,5625,0,,,,,"benchmark_rexxcps_levelb_opaque_opt",procedure,1402,0,".void","",,,,
procedure,"rexxcps_levelb_opaque.__rxtrace_reset_display_state","native_child",,1402,0,0,0,0,0,,,,,"benchmark_rexxcps_levelb_opaque_opt",procedure,1402,0,".void","",,,,
procedure,"rexxcps_levelb_opaque.__rxtrace_reset_display_state","entry_overhead",,1402,174750,124,42,542,0,,,,,"benchmark_rexxcps_levelb_opaque_opt",procedure,1402,0,".void","",,,,
procedure,"rexxcps_levelb_opaque.__rxtrace_reset_display_state","exit_overhead",,1402,67389,48,0,334,0,,,,,"benchmark_rexxcps_levelb_opaque_opt",procedure,1402,0,".void","",,,,
procedure,"rxfnsb.time","elapsed",,4,314792,78698,5792,287666,0,,,,,"time",procedure,4,0,".string","?option=.string",,,,
procedure,"rxfnsb.time","inclusive_body",,4,308999,77249,5333,285666,0,,,,,"time",procedure,4,0,".string","?option=.string",,,,
procedure,"rxfnsb.time","self",,4,297998,74499,3791,280540,0,,,,,"time",procedure,4,0,".string","?option=.string",,,,
procedure,"rxfnsb.time","native_child",,4,0,0,0,0,0,,,,,"time",procedure,4,0,".string","?option=.string",,,,
procedure,"rxfnsb.time","entry_overhead",,4,4251,1062,334,1917,0,,,,,"time",procedure,4,0,".string","?option=.string",,,,
procedure,"rxfnsb.time","exit_overhead",,4,1542,385,125,833,0,,,,,"time",procedure,4,0,".string","?option=.string",,,,
procedure,"rxfnsb.tracecontroller.add_suppressed_namespace","elapsed",,16,156454,9778,7791,15333,0,,,,,"trace",method,16,0,".void","namespace_name=.string",,,,
procedure,"rxfnsb.tracecontroller.add_suppressed_namespace","inclusive_body",,16,150001,9375,7500,12750,0,,,,,"trace",method,16,0,".void","namespace_name=.string",,,,
procedure,"rxfnsb.tracecontroller.add_suppressed_namespace","self",,16,111583,6973,5250,9833,0,,,,,"trace",method,16,0,".void","namespace_name=.string",,,,
procedure,"rxfnsb.tracecontroller.add_suppressed_namespace","native_child",,16,0,0,0,0,0,,,,,"trace",method,16,0,".void","namespace_name=.string",,,,
procedure,"rxfnsb.tracecontroller.add_suppressed_namespace","entry_overhead",,16,4873,304,125,2167,0,,,,,"trace",method,16,0,".void","namespace_name=.string",,,,
procedure,"rxfnsb.tracecontroller.add_suppressed_namespace","exit_overhead",,16,1580,98,41,416,0,,,,,"trace",method,16,0,".void","namespace_name=.string",,,,
procedure,"rxfnsb.format","elapsed",,2,23916,11958,8625,15291,0,,,,,"format",procedure,2,0,".string","number=.decimal,?before=.int,?after=.int,?expp=.int,?expt=.int",,,,
procedure,"rxfnsb.format","inclusive_body",,2,18709,9354,7917,10792,0,,,,,"format",procedure,2,0,".string","number=.decimal,?before=.int,?after=.int,?expp=.int,?expt=.int",,,,
procedure,"rxfnsb.format","self",,2,18709,9354,7917,10792,0,,,,,"format",procedure,2,0,".string","number=.decimal,?before=.int,?after=.int,?expp=.int,?expt=.int",,,,
procedure,"rxfnsb.format","native_child",,2,0,0,0,0,0,,,,,"format",procedure,2,0,".string","number=.decimal,?before=.int,?after=.int,?expp=.int,?expt=.int",,,,
procedure,"rxfnsb.format","entry_overhead",,2,4875,2437,542,4333,0,,,,,"format",procedure,2,0,".string","number=.decimal,?before=.int,?after=.int,?expp=.int,?expt=.int",,,,
procedure,"rxfnsb.format","exit_overhead",,2,332,166,166,166,0,,,,,"format",procedure,2,0,".string","number=.decimal,?before=.int,?after=.int,?expp=.int,?expt=.int",,,,
procedure,"_rxsysb.systemaddressenvironment.§factory","elapsed",,3,18165,6055,5041,7416,0,,,,,"_address",factory,3,0,"._rxsysb..systemaddressenvironment","env_name=.string",,,,
procedure,"_rxsysb.systemaddressenvironment.§factory","inclusive_body",,3,15083,5027,4125,6208,0,,,,,"_address",factory,3,0,"._rxsysb..systemaddressenvironment","env_name=.string",,,,
procedure,"_rxsysb.systemaddressenvironment.§factory","self",,3,5084,1694,1375,2125,0,,,,,"_address",factory,3,0,"._rxsysb..systemaddressenvironment","env_name=.string",,,,
procedure,"_rxsysb.systemaddressenvironment.§factory","native_child",,3,0,0,0,0,0,,,,,"_address",factory,3,0,"._rxsysb..systemaddressenvironment","env_name=.string",,,,
procedure,"_rxsysb.systemaddressenvironment.§factory","entry_overhead",,3,2333,777,708,875,0,,,,,"_address",factory,3,0,"._rxsysb..systemaddressenvironment","env_name=.string",,,,
procedure,"_rxsysb.systemaddressenvironment.§factory","exit_overhead",,3,749,249,208,333,0,,,,,"_address",factory,3,0,"._rxsysb..systemaddressenvironment","env_name=.string",,,,
procedure,"_rxsysb.systemaddressenvironment.bind_environment","elapsed",,3,12041,4013,3500,4625,0,,,,,"_address",method,3,0,".void","env_name=.string,instance_id=.string",,,,
procedure,"_rxsysb.systemaddressenvironment.bind_environment","inclusive_body",,3,10458,3486,3125,3958,0,,,,,"_address",method,3,0,".void","env_name=.string,instance_id=.string",,,,
procedure,"_rxsysb.systemaddressenvironment.bind_environment","self",,3,2749,916,833,958,0,,,,,"_address",method,3,0,".void","env_name=.string,instance_id=.string",,,,
procedure,"_rxsysb.systemaddressenvironment.bind_environment","native_child",,3,0,0,0,0,0,,,,,"_address",method,3,0,".void","env_name=.string,instance_id=.string",,,,
procedure,"_rxsysb.systemaddressenvironment.bind_environment","entry_overhead",,3,1208,402,292,500,0,,,,,"_address",method,3,0,".void","env_name=.string,instance_id=.string",,,,
procedure,"_rxsysb.systemaddressenvironment.bind_environment","exit_overhead",,3,375,125,83,167,0,,,,,"_address",method,3,0,".void","env_name=.string,instance_id=.string",,,,
procedure,"_rxsysb._elapsed","elapsed",,12,11001,916,334,2459,0,,,,,"/Users/adrian/CLionProjects/CREXX/lib/rxfnsb/rxas/_elapsed",procedure,12,0,".int","value=.int",,,,
procedure,"_rxsysb._elapsed","inclusive_body",,12,4416,368,125,1375,0,,,,,"/Users/adrian/CLionProjects/CREXX/lib/rxfnsb/rxas/_elapsed",procedure,12,0,".int","value=.int",,,,
procedure,"_rxsysb._elapsed","self",,12,4416,368,125,1375,0,,,,,"/Users/adrian/CLionProjects/CREXX/lib/rxfnsb/rxas/_elapsed",procedure,12,0,".int","value=.int",,,,
procedure,"_rxsysb._elapsed","native_child",,12,0,0,0,0,0,,,,,"/Users/adrian/CLionProjects/CREXX/lib/rxfnsb/rxas/_elapsed",procedure,12,0,".int","value=.int",,,,
procedure,"_rxsysb._elapsed","entry_overhead",,12,4251,354,125,1292,0,,,,,"/Users/adrian/CLionProjects/CREXX/lib/rxfnsb/rxas/_elapsed",procedure,12,0,".int","value=.int",,,,
procedure,"_rxsysb._elapsed","exit_overhead",,12,2334,194,42,1209,0,,,,,"/Users/adrian/CLionProjects/CREXX/lib/rxfnsb/rxas/_elapsed",procedure,12,0,".int","value=.int",,,,
procedure,"rxfnsb.stem.§factory","elapsed",,2,7208,3604,1750,5458,0,,,,,"stem",factory,2,0,".rxfnsb..stem","",,,,
procedure,"rxfnsb.stem.§factory","inclusive_body",,2,3916,1958,1083,2833,0,,,,,"stem",factory,2,0,".rxfnsb..stem","",,,,
procedure,"rxfnsb.stem.§factory","self",,2,3916,1958,1083,2833,0,,,,,"stem",factory,2,0,".rxfnsb..stem","",,,,
procedure,"rxfnsb.stem.§factory","native_child",,2,0,0,0,0,0,,,,,"stem",factory,2,0,".rxfnsb..stem","",,,,
procedure,"rxfnsb.stem.§factory","entry_overhead",,2,2084,1042,334,1750,0,,,,,"stem",factory,2,0,".rxfnsb..stem","",,,,
procedure,"rxfnsb.stem.§factory","exit_overhead",,2,1208,604,333,875,0,,,,,"stem",factory,2,0,".rxfnsb..stem","",,,,
procedure,"_rxsysb.crexxaddressenvironment.§factory","elapsed",,1,6250,6250,6250,6250,0,,,,,"_address",factory,1,0,"._rxsysb..crexxaddressenvironment","env_name=.string",,,,
procedure,"_rxsysb.crexxaddressenvironment.§factory","inclusive_body",,1,4750,4750,4750,4750,0,,,,,"_address",factory,1,0,"._rxsysb..crexxaddressenvironment","env_name=.string",,,,
procedure,"_rxsysb.crexxaddressenvironment.§factory","self",,1,1708,1708,1708,1708,0,,,,,"_address",factory,1,0,"._rxsysb..crexxaddressenvironment","env_name=.string",,,,
procedure,"_rxsysb.crexxaddressenvironment.§factory","native_child",,1,0,0,0,0,0,,,,,"_address",factory,1,0,"._rxsysb..crexxaddressenvironment","env_name=.string",,,,
procedure,"_rxsysb.crexxaddressenvironment.§factory","entry_overhead",,1,1417,1417,1417,1417,0,,,,,"_address",factory,1,0,"._rxsysb..crexxaddressenvironment","env_name=.string",,,,
procedure,"_rxsysb.crexxaddressenvironment.§factory","exit_overhead",,1,83,83,83,83,0,,,,,"_address",factory,1,0,"._rxsysb..crexxaddressenvironment","env_name=.string",,,,
procedure,"_rxsysb.shelladdressenvironment.§factory","elapsed",,1,4958,4958,4958,4958,0,,,,,"_address",factory,1,0,"._rxsysb..shelladdressenvironment","env_name=.string",,,,
procedure,"_rxsysb.shelladdressenvironment.§factory","inclusive_body",,1,4209,4209,4209,4209,0,,,,,"_address",factory,1,0,"._rxsysb..shelladdressenvironment","env_name=.string",,,,
procedure,"_rxsysb.shelladdressenvironment.§factory","self",,1,1459,1459,1459,1459,0,,,,,"_address",factory,1,0,"._rxsysb..shelladdressenvironment","env_name=.string",,,,
procedure,"_rxsysb.shelladdressenvironment.§factory","native_child",,1,0,0,0,0,0,,,,,"_address",factory,1,0,"._rxsysb..shelladdressenvironment","env_name=.string",,,,
procedure,"_rxsysb.shelladdressenvironment.§factory","entry_overhead",,1,583,583,583,583,0,,,,,"_address",factory,1,0,"._rxsysb..shelladdressenvironment","env_name=.string",,,,
procedure,"_rxsysb.shelladdressenvironment.§factory","exit_overhead",,1,166,166,166,166,0,,,,,"_address",factory,1,0,"._rxsysb..shelladdressenvironment","env_name=.string",,,,
procedure,"_rxsysb.systemaddressenvironment.environment_id","elapsed",,3,4917,1639,750,2875,0,,,,,"_address",method,3,0,".string","",,,,
procedure,"_rxsysb.systemaddressenvironment.environment_id","inclusive_body",,3,833,277,250,333,0,,,,,"_address",method,3,0,".string","",,,,
procedure,"_rxsysb.systemaddressenvironment.environment_id","self",,3,833,277,250,333,0,,,,,"_address",method,3,0,".string","",,,,
procedure,"_rxsysb.systemaddressenvironment.environment_id","native_child",,3,0,0,0,0,0,,,,,"_address",method,3,0,".string","",,,,
procedure,"_rxsysb.systemaddressenvironment.environment_id","entry_overhead",,3,3793,1264,459,2500,0,,,,,"_address",method,3,0,".string","",,,,
procedure,"_rxsysb.systemaddressenvironment.environment_id","exit_overhead",,3,291,97,41,125,0,,,,,"_address",method,3,0,".string","",,,,
procedure,"_rxsysb.pathaddressenvironment.§factory","elapsed",,1,4792,4792,4792,4792,0,,,,,"_address",factory,1,0,"._rxsysb..pathaddressenvironment","env_name=.string",,,,
procedure,"_rxsysb.pathaddressenvironment.§factory","inclusive_body",,1,4000,4000,4000,4000,0,,,,,"_address",factory,1,0,"._rxsysb..pathaddressenvironment","env_name=.string",,,,
procedure,"_rxsysb.pathaddressenvironment.§factory","self",,1,1375,1375,1375,1375,0,,,,,"_address",factory,1,0,"._rxsysb..pathaddressenvironment","env_name=.string",,,,
procedure,"_rxsysb.pathaddressenvironment.§factory","native_child",,1,0,0,0,0,0,,,,,"_address",factory,1,0,"._rxsysb..pathaddressenvironment","env_name=.string",,,,
procedure,"_rxsysb.pathaddressenvironment.§factory","entry_overhead",,1,625,625,625,625,0,,,,,"_address",factory,1,0,"._rxsysb..pathaddressenvironment","env_name=.string",,,,
procedure,"_rxsysb.pathaddressenvironment.§factory","exit_overhead",,1,167,167,167,167,0,,,,,"_address",factory,1,0,"._rxsysb..pathaddressenvironment","env_name=.string",,,,
procedure,"_rxsysb.unknownaddressenvironment.§factory","elapsed",,1,4750,4750,4750,4750,0,,,,,"_address",factory,1,0,"._rxsysb..unknownaddressenvironment","env_name=.string",,,,
procedure,"_rxsysb.unknownaddressenvironment.§factory","inclusive_body",,1,4000,4000,4000,4000,0,,,,,"_address",factory,1,0,"._rxsysb..unknownaddressenvironment","env_name=.string",,,,
procedure,"_rxsysb.unknownaddressenvironment.§factory","self",,1,1333,1333,1333,1333,0,,,,,"_address",factory,1,0,"._rxsysb..unknownaddressenvironment","env_name=.string",,,,
procedure,"_rxsysb.unknownaddressenvironment.§factory","native_child",,1,0,0,0,0,0,,,,,"_address",factory,1,0,"._rxsysb..unknownaddressenvironment","env_name=.string",,,,
procedure,"_rxsysb.unknownaddressenvironment.§factory","entry_overhead",,1,625,625,625,625,0,,,,,"_address",factory,1,0,"._rxsysb..unknownaddressenvironment","env_name=.string",,,,
procedure,"_rxsysb.unknownaddressenvironment.§factory","exit_overhead",,1,125,125,125,125,0,,,,,"_address",factory,1,0,"._rxsysb..unknownaddressenvironment","env_name=.string",,,,
procedure,"_rxsysb.crexxaddressenvironment.bind_environment","elapsed",,1,4708,4708,4708,4708,0,,,,,"_address",method,1,0,".void","env_name=.string,instance_id=.string",,,,
procedure,"_rxsysb.crexxaddressenvironment.bind_environment","inclusive_body",,1,3291,3291,3291,3291,0,,,,,"_address",method,1,0,".void","env_name=.string,instance_id=.string",,,,
procedure,"_rxsysb.crexxaddressenvironment.bind_environment","self",,1,875,875,875,875,0,,,,,"_address",method,1,0,".void","env_name=.string,instance_id=.string",,,,
procedure,"_rxsysb.crexxaddressenvironment.bind_environment","native_child",,1,0,0,0,0,0,,,,,"_address",method,1,0,".void","env_name=.string,instance_id=.string",,,,
procedure,"_rxsysb.crexxaddressenvironment.bind_environment","entry_overhead",,1,1292,1292,1292,1292,0,,,,,"_address",method,1,0,".void","env_name=.string,instance_id=.string",,,,
procedure,"_rxsysb.crexxaddressenvironment.bind_environment","exit_overhead",,1,125,125,125,125,0,,,,,"_address",method,1,0,".void","env_name=.string,instance_id=.string",,,,
procedure,"rxfnsb.pos","elapsed",,2,3875,1937,1209,2666,0,,,,,"pos",procedure,2,0,".int","needle=.string,haystack=.string,?start=.int",,,,
procedure,"rxfnsb.pos","inclusive_body",,2,1832,916,666,1166,0,,,,,"pos",procedure,2,0,".int","needle=.string,haystack=.string,?start=.int",,,,
procedure,"rxfnsb.pos","self",,2,1832,916,666,1166,0,,,,,"pos",procedure,2,0,".int","needle=.string,haystack=.string,?start=.int",,,,
procedure,"rxfnsb.pos","native_child",,2,0,0,0,0,0,,,,,"pos",procedure,2,0,".int","needle=.string,haystack=.string,?start=.int",,,,
procedure,"rxfnsb.pos","entry_overhead",,2,1834,917,459,1375,0,,,,,"pos",procedure,2,0,".int","needle=.string,haystack=.string,?start=.int",,,,
procedure,"rxfnsb.pos","exit_overhead",,2,209,104,84,125,0,,,,,"pos",procedure,2,0,".int","needle=.string,haystack=.string,?start=.int",,,,
procedure,"_rxsysb.pathaddressenvironment.bind_environment","elapsed",,1,3625,3625,3625,3625,0,,,,,"_address",method,1,0,".void","env_name=.string,instance_id=.string",,,,
procedure,"_rxsysb.pathaddressenvironment.bind_environment","inclusive_body",,1,3208,3208,3208,3208,0,,,,,"_address",method,1,0,".void","env_name=.string,instance_id=.string",,,,
procedure,"_rxsysb.pathaddressenvironment.bind_environment","self",,1,916,916,916,916,0,,,,,"_address",method,1,0,".void","env_name=.string,instance_id=.string",,,,
procedure,"_rxsysb.pathaddressenvironment.bind_environment","native_child",,1,0,0,0,0,0,,,,,"_address",method,1,0,".void","env_name=.string,instance_id=.string",,,,
procedure,"_rxsysb.pathaddressenvironment.bind_environment","entry_overhead",,1,333,333,333,333,0,,,,,"_address",method,1,0,".void","env_name=.string,instance_id=.string",,,,
procedure,"_rxsysb.pathaddressenvironment.bind_environment","exit_overhead",,1,84,84,84,84,0,,,,,"_address",method,1,0,".void","env_name=.string,instance_id=.string",,,,
procedure,"_rxsysb.shelladdressenvironment.bind_environment","elapsed",,1,3584,3584,3584,3584,0,,,,,"_address",method,1,0,".void","env_name=.string,instance_id=.string",,,,
procedure,"_rxsysb.shelladdressenvironment.bind_environment","inclusive_body",,1,3125,3125,3125,3125,0,,,,,"_address",method,1,0,".void","env_name=.string,instance_id=.string",,,,
procedure,"_rxsysb.shelladdressenvironment.bind_environment","self",,1,834,834,834,834,0,,,,,"_address",method,1,0,".void","env_name=.string,instance_id=.string",,,,
procedure,"_rxsysb.shelladdressenvironment.bind_environment","native_child",,1,0,0,0,0,0,,,,,"_address",method,1,0,".void","env_name=.string,instance_id=.string",,,,
procedure,"_rxsysb.shelladdressenvironment.bind_environment","entry_overhead",,1,334,334,334,334,0,,,,,"_address",method,1,0,".void","env_name=.string,instance_id=.string",,,,
procedure,"_rxsysb.shelladdressenvironment.bind_environment","exit_overhead",,1,125,125,125,125,0,,,,,"_address",method,1,0,".void","env_name=.string,instance_id=.string",,,,
procedure,"_rxsysb.unknownaddressenvironment.bind_environment","elapsed",,1,3542,3542,3542,3542,0,,,,,"_address",method,1,0,".void","env_name=.string,instance_id=.string",,,,
procedure,"_rxsysb.unknownaddressenvironment.bind_environment","inclusive_body",,1,3167,3167,3167,3167,0,,,,,"_address",method,1,0,".void","env_name=.string,instance_id=.string",,,,
procedure,"_rxsysb.unknownaddressenvironment.bind_environment","self",,1,876,876,876,876,0,,,,,"_address",method,1,0,".void","env_name=.string,instance_id=.string",,,,
procedure,"_rxsysb.unknownaddressenvironment.bind_environment","native_child",,1,0,0,0,0,0,,,,,"_address",method,1,0,".void","env_name=.string,instance_id=.string",,,,
procedure,"_rxsysb.unknownaddressenvironment.bind_environment","entry_overhead",,1,292,292,292,292,0,,,,,"_address",method,1,0,".void","env_name=.string,instance_id=.string",,,,
procedure,"_rxsysb.unknownaddressenvironment.bind_environment","exit_overhead",,1,83,83,83,83,0,,,,,"_address",method,1,0,".void","env_name=.string,instance_id=.string",,,,
procedure,"_rxsysb.crexxaddressenvironment.environment_id","elapsed",,1,2375,2375,2375,2375,0,,,,,"_address",method,1,0,".string","",,,,
procedure,"_rxsysb.crexxaddressenvironment.environment_id","inclusive_body",,1,250,250,250,250,0,,,,,"_address",method,1,0,".string","",,,,
procedure,"_rxsysb.crexxaddressenvironment.environment_id","self",,1,250,250,250,250,0,,,,,"_address",method,1,0,".string","",,,,
procedure,"_rxsysb.crexxaddressenvironment.environment_id","native_child",,1,0,0,0,0,0,,,,,"_address",method,1,0,".string","",,,,
procedure,"_rxsysb.crexxaddressenvironment.environment_id","entry_overhead",,1,2042,2042,2042,2042,0,,,,,"_address",method,1,0,".string","",,,,
procedure,"_rxsysb.crexxaddressenvironment.environment_id","exit_overhead",,1,83,83,83,83,0,,,,,"_address",method,1,0,".string","",,,,
procedure,"_rxsysb.crexxaddressenvironment.environment_name","elapsed",,1,917,917,917,917,0,,,,,"_address",method,1,0,".string","",,,,
procedure,"_rxsysb.crexxaddressenvironment.environment_name","inclusive_body",,1,250,250,250,250,0,,,,,"_address",method,1,0,".string","",,,,
procedure,"_rxsysb.crexxaddressenvironment.environment_name","self",,1,250,250,250,250,0,,,,,"_address",method,1,0,".string","",,,,
procedure,"_rxsysb.crexxaddressenvironment.environment_name","native_child",,1,0,0,0,0,0,,,,,"_address",method,1,0,".string","",,,,
procedure,"_rxsysb.crexxaddressenvironment.environment_name","entry_overhead",,1,583,583,583,583,0,,,,,"_address",method,1,0,".string","",,,,
procedure,"_rxsysb.crexxaddressenvironment.environment_name","exit_overhead",,1,84,84,84,84,0,,,,,"_address",method,1,0,".string","",,,,
procedure,"_rxsysb.pathaddressenvironment.environment_id","elapsed",,1,750,750,750,750,0,,,,,"_address",method,1,0,".string","",,,,
procedure,"_rxsysb.pathaddressenvironment.environment_id","inclusive_body",,1,250,250,250,250,0,,,,,"_address",method,1,0,".string","",,,,
procedure,"_rxsysb.pathaddressenvironment.environment_id","self",,1,250,250,250,250,0,,,,,"_address",method,1,0,".string","",,,,
procedure,"_rxsysb.pathaddressenvironment.environment_id","native_child",,1,0,0,0,0,0,,,,,"_address",method,1,0,".string","",,,,
procedure,"_rxsysb.pathaddressenvironment.environment_id","entry_overhead",,1,416,416,416,416,0,,,,,"_address",method,1,0,".string","",,,,
procedure,"_rxsysb.pathaddressenvironment.environment_id","exit_overhead",,1,84,84,84,84,0,,,,,"_address",method,1,0,".string","",,,,
procedure,"_rxsysb.shelladdressenvironment.environment_id","elapsed",,1,750,750,750,750,0,,,,,"_address",method,1,0,".string","",,,,
procedure,"_rxsysb.shelladdressenvironment.environment_id","inclusive_body",,1,292,292,292,292,0,,,,,"_address",method,1,0,".string","",,,,
procedure,"_rxsysb.shelladdressenvironment.environment_id","self",,1,292,292,292,292,0,,,,,"_address",method,1,0,".string","",,,,
procedure,"_rxsysb.shelladdressenvironment.environment_id","native_child",,1,0,0,0,0,0,,,,,"_address",method,1,0,".string","",,,,
procedure,"_rxsysb.shelladdressenvironment.environment_id","entry_overhead",,1,416,416,416,416,0,,,,,"_address",method,1,0,".string","",,,,
procedure,"_rxsysb.shelladdressenvironment.environment_id","exit_overhead",,1,42,42,42,42,0,,,,,"_address",method,1,0,".string","",,,,
procedure,"_rxsysb.unknownaddressenvironment.environment_id","elapsed",,1,667,667,667,667,0,,,,,"_address",method,1,0,".string","",,,,
procedure,"_rxsysb.unknownaddressenvironment.environment_id","inclusive_body",,1,250,250,250,250,0,,,,,"_address",method,1,0,".string","",,,,
procedure,"_rxsysb.unknownaddressenvironment.environment_id","self",,1,250,250,250,250,0,,,,,"_address",method,1,0,".string","",,,,
procedure,"_rxsysb.unknownaddressenvironment.environment_id","native_child",,1,0,0,0,0,0,,,,,"_address",method,1,0,".string","",,,,
procedure,"_rxsysb.unknownaddressenvironment.environment_id","entry_overhead",,1,375,375,375,375,0,,,,,"_address",method,1,0,".string","",,,,
procedure,"_rxsysb.unknownaddressenvironment.environment_id","exit_overhead",,1,42,42,42,42,0,,,,,"_address",method,1,0,".string","",,,,
allocation,frame_blocks,,,81,0,0,0,0,0,,,,,,,,,,,594120,35800,0,complete
allocation,standalone_values,,,5581,0,0,0,0,0,,,,,,,,,,,1428736,256,0,complete
allocation,attribute_value_blocks,,,15524,0,0,0,0,0,,,,,,,,,,,32331776,65536,0,complete
allocation,attribute_pointer_storage,,,46555,0,0,0,0,0,,,,,,,,,,,3015360,2048,0,complete
allocation,string_buffers,,,8440,0,0,0,0,0,,,,,,,,,,,540576,128,0,complete
allocation,binary_buffers,,,0,0,0,0,0,0,,,,,,,,,,,0,0,0,complete
allocation,value_slots,,,133522,0,0,0,0,0,,,,,,,,,,,34181632,65536,0,complete
allocation,frame_activations,,,102133,0,0,0,0,0,,,,,,,,,,,0,0,7,complete
allocation,frame_reuses,,,102052,0,0,0,0,0,,,,,,,,,,,0,0,0,complete
metadata_lookup,"callable_resolve","query",,0,0,0,0,0,0,,,,,,,,,,,,,,"complete"
metadata_lookup,"callable_resolve","hit",,0,0,0,0,0,0,,,,,,,,,,,,,,"complete"
metadata_lookup,"callable_resolve","miss",,0,0,0,0,0,0,,,,,,,,,,,,,,"complete"
metadata_lookup,"callable_resolve","invalid",,0,0,0,0,0,0,,,,,,,,,,,,,,"complete"
metadata_lookup,"callable_resolve","degraded",,0,0,0,0,0,0,,,,,,,,,,,,,,"complete"
metadata_visit,"callable_resolve","total",,0,0,0,0,0,0,,,,,,,,,,,,,,"complete"
metadata_visit,"callable_resolve","META_FUNC",,0,0,0,0,0,0,,,,,,,,,,,,,,"complete"
metadata_visit,"callable_resolve","META_REG",,0,0,0,0,0,0,,,,,,,,,,,,,,"complete"
metadata_visit,"callable_resolve","META_CONST",,0,0,0,0,0,0,,,,,,,,,,,,,,"complete"
metadata_visit,"callable_resolve","META_CLEAR",,0,0,0,0,0,0,,,,,,,,,,,,,,"complete"
metadata_visit,"callable_resolve","META_CLASS",,0,0,0,0,0,0,,,,,,,,,,,,,,"complete"
metadata_visit,"callable_resolve","META_ATTR",,0,0,0,0,0,0,,,,,,,,,,,,,,"complete"
metadata_visit,"callable_resolve","META_INTERFACE",,0,0,0,0,0,0,,,,,,,,,,,,,,"complete"
metadata_visit,"callable_resolve","META_IMPLEMENTS",,0,0,0,0,0,0,,,,,,,,,,,,,,"complete"
metadata_visit,"callable_resolve","META_MEMBER",,0,0,0,0,0,0,,,,,,,,,,,,,,"complete"
metadata_visit,"callable_resolve","META_INLINE",,0,0,0,0,0,0,,,,,,,,,,,,,,"complete"
metadata_visit,"callable_resolve","META_SOURCE_STEP",,0,0,0,0,0,0,,,,,,,,,,,,,,"complete"
metadata_visit,"callable_resolve","META_TRACE_EVENT",,0,0,0,0,0,0,,,,,,,,,,,,,,"complete"
metadata_lookup,"contract_kind","query",,2814,0,0,0,0,0,,,,,,,,,,,,,,"complete"
metadata_lookup,"contract_kind","hit",,2814,0,0,0,0,0,,,,,,,,,,,,,,"complete"
metadata_lookup,"contract_kind","miss",,0,0,0,0,0,0,,,,,,,,,,,,,,"complete"
metadata_lookup,"contract_kind","invalid",,0,0,0,0,0,0,,,,,,,,,,,,,,"complete"
metadata_lookup,"contract_kind","degraded",,0,0,0,0,0,0,,,,,,,,,,,,,,"complete"
metadata_visit,"contract_kind","total",,8498,0,0,0,0,0,,,,,,,,,,,,,,"complete"
metadata_visit,"contract_kind","META_FUNC",,0,0,0,0,0,0,,,,,,,,,,,,,,"complete"
metadata_visit,"contract_kind","META_REG",,0,0,0,0,0,0,,,,,,,,,,,,,,"complete"
metadata_visit,"contract_kind","META_CONST",,0,0,0,0,0,0,,,,,,,,,,,,,,"complete"
metadata_visit,"contract_kind","META_CLEAR",,0,0,0,0,0,0,,,,,,,,,,,,,,"complete"
metadata_visit,"contract_kind","META_CLASS",,5656,0,0,0,0,0,,,,,,,,,,,,,,"complete"
metadata_visit,"contract_kind","META_ATTR",,0,0,0,0,0,0,,,,,,,,,,,,,,"complete"
metadata_visit,"contract_kind","META_INTERFACE",,2842,0,0,0,0,0,,,,,,,,,,,,,,"complete"
metadata_visit,"contract_kind","META_IMPLEMENTS",,0,0,0,0,0,0,,,,,,,,,,,,,,"complete"
metadata_visit,"contract_kind","META_MEMBER",,0,0,0,0,0,0,,,,,,,,,,,,,,"complete"
metadata_visit,"contract_kind","META_INLINE",,0,0,0,0,0,0,,,,,,,,,,,,,,"complete"
metadata_visit,"contract_kind","META_SOURCE_STEP",,0,0,0,0,0,0,,,,,,,,,,,,,,"complete"
metadata_visit,"contract_kind","META_TRACE_EVENT",,0,0,0,0,0,0,,,,,,,,,,,,,,"complete"
metadata_lookup,"contract_implements","query",,2856,0,0,0,0,0,,,,,,,,,,,,,,"complete"
metadata_lookup,"contract_implements","hit",,2814,0,0,0,0,0,,,,,,,,,,,,,,"complete"
metadata_lookup,"contract_implements","miss",,42,0,0,0,0,0,,,,,,,,,,,,,,"complete"
metadata_lookup,"contract_implements","invalid",,0,0,0,0,0,0,,,,,,,,,,,,,,"complete"
metadata_lookup,"contract_implements","degraded",,0,0,0,0,0,0,,,,,,,,,,,,,,"complete"
metadata_visit,"contract_implements","total",,51399,0,0,0,0,0,,,,,,,,,,,,,,"complete"
metadata_visit,"contract_implements","META_FUNC",,0,0,0,0,0,0,,,,,,,,,,,,,,"complete"
metadata_visit,"contract_implements","META_REG",,0,0,0,0,0,0,,,,,,,,,,,,,,"complete"
metadata_visit,"contract_implements","META_CONST",,0,0,0,0,0,0,,,,,,,,,,,,,,"complete"
metadata_visit,"contract_implements","META_CLEAR",,0,0,0,0,0,0,,,,,,,,,,,,,,"complete"
metadata_visit,"contract_implements","META_CLASS",,0,0,0,0,0,0,,,,,,,,,,,,,,"complete"
metadata_visit,"contract_implements","META_ATTR",,0,0,0,0,0,0,,,,,,,,,,,,,,"complete"
metadata_visit,"contract_implements","META_INTERFACE",,0,0,0,0,0,0,,,,,,,,,,,,,,"complete"
metadata_visit,"contract_implements","META_IMPLEMENTS",,51399,0,0,0,0,0,,,,,,,,,,,,,,"complete"
metadata_visit,"contract_implements","META_MEMBER",,0,0,0,0,0,0,,,,,,,,,,,,,,"complete"
metadata_visit,"contract_implements","META_INLINE",,0,0,0,0,0,0,,,,,,,,,,,,,,"complete"
metadata_visit,"contract_implements","META_SOURCE_STEP",,0,0,0,0,0,0,,,,,,,,,,,,,,"complete"
metadata_visit,"contract_implements","META_TRACE_EVENT",,0,0,0,0,0,0,,,,,,,,,,,,,,"complete"
metadata_lookup,"callable_signature","query",,0,0,0,0,0,0,,,,,,,,,,,,,,"complete"
metadata_lookup,"callable_signature","hit",,0,0,0,0,0,0,,,,,,,,,,,,,,"complete"
metadata_lookup,"callable_signature","miss",,0,0,0,0,0,0,,,,,,,,,,,,,,"complete"
metadata_lookup,"callable_signature","invalid",,0,0,0,0,0,0,,,,,,,,,,,,,,"complete"
metadata_lookup,"callable_signature","degraded",,0,0,0,0,0,0,,,,,,,,,,,,,,"complete"
metadata_visit,"callable_signature","total",,0,0,0,0,0,0,,,,,,,,,,,,,,"complete"
metadata_visit,"callable_signature","META_FUNC",,0,0,0,0,0,0,,,,,,,,,,,,,,"complete"
metadata_visit,"callable_signature","META_REG",,0,0,0,0,0,0,,,,,,,,,,,,,,"complete"
metadata_visit,"callable_signature","META_CONST",,0,0,0,0,0,0,,,,,,,,,,,,,,"complete"
metadata_visit,"callable_signature","META_CLEAR",,0,0,0,0,0,0,,,,,,,,,,,,,,"complete"
metadata_visit,"callable_signature","META_CLASS",,0,0,0,0,0,0,,,,,,,,,,,,,,"complete"
metadata_visit,"callable_signature","META_ATTR",,0,0,0,0,0,0,,,,,,,,,,,,,,"complete"
metadata_visit,"callable_signature","META_INTERFACE",,0,0,0,0,0,0,,,,,,,,,,,,,,"complete"
metadata_visit,"callable_signature","META_IMPLEMENTS",,0,0,0,0,0,0,,,,,,,,,,,,,,"complete"
metadata_visit,"callable_signature","META_MEMBER",,0,0,0,0,0,0,,,,,,,,,,,,,,"complete"
metadata_visit,"callable_signature","META_INLINE",,0,0,0,0,0,0,,,,,,,,,,,,,,"complete"
metadata_visit,"callable_signature","META_SOURCE_STEP",,0,0,0,0,0,0,,,,,,,,,,,,,,"complete"
metadata_visit,"callable_signature","META_TRACE_EVENT",,0,0,0,0,0,0,,,,,,,,,,,,,,"complete"
metadata_lookup,"interface_method_registry","query",,0,0,0,0,0,0,,,,,,,,,,,,,,"complete"
metadata_lookup,"interface_method_registry","hit",,0,0,0,0,0,0,,,,,,,,,,,,,,"complete"
metadata_lookup,"interface_method_registry","miss",,0,0,0,0,0,0,,,,,,,,,,,,,,"complete"
metadata_lookup,"interface_method_registry","invalid",,0,0,0,0,0,0,,,,,,,,,,,,,,"complete"
metadata_lookup,"interface_method_registry","degraded",,0,0,0,0,0,0,,,,,,,,,,,,,,"complete"
metadata_visit,"interface_method_registry","total",,0,0,0,0,0,0,,,,,,,,,,,,,,"complete"
metadata_visit,"interface_method_registry","META_FUNC",,0,0,0,0,0,0,,,,,,,,,,,,,,"complete"
metadata_visit,"interface_method_registry","META_REG",,0,0,0,0,0,0,,,,,,,,,,,,,,"complete"
metadata_visit,"interface_method_registry","META_CONST",,0,0,0,0,0,0,,,,,,,,,,,,,,"complete"
metadata_visit,"interface_method_registry","META_CLEAR",,0,0,0,0,0,0,,,,,,,,,,,,,,"complete"
metadata_visit,"interface_method_registry","META_CLASS",,0,0,0,0,0,0,,,,,,,,,,,,,,"complete"
metadata_visit,"interface_method_registry","META_ATTR",,0,0,0,0,0,0,,,,,,,,,,,,,,"complete"
metadata_visit,"interface_method_registry","META_INTERFACE",,0,0,0,0,0,0,,,,,,,,,,,,,,"complete"
metadata_visit,"interface_method_registry","META_IMPLEMENTS",,0,0,0,0,0,0,,,,,,,,,,,,,,"complete"
metadata_visit,"interface_method_registry","META_MEMBER",,0,0,0,0,0,0,,,,,,,,,,,,,,"complete"
metadata_visit,"interface_method_registry","META_INLINE",,0,0,0,0,0,0,,,,,,,,,,,,,,"complete"
metadata_visit,"interface_method_registry","META_SOURCE_STEP",,0,0,0,0,0,0,,,,,,,,,,,,,,"complete"
metadata_visit,"interface_method_registry","META_TRACE_EVENT",,0,0,0,0,0,0,,,,,,,,,,,,,,"complete"
metadata_lookup,"interface_factory_registry","query",,0,0,0,0,0,0,,,,,,,,,,,,,,"complete"
metadata_lookup,"interface_factory_registry","hit",,0,0,0,0,0,0,,,,,,,,,,,,,,"complete"
metadata_lookup,"interface_factory_registry","miss",,0,0,0,0,0,0,,,,,,,,,,,,,,"complete"
metadata_lookup,"interface_factory_registry","invalid",,0,0,0,0,0,0,,,,,,,,,,,,,,"complete"
metadata_lookup,"interface_factory_registry","degraded",,0,0,0,0,0,0,,,,,,,,,,,,,,"complete"
metadata_visit,"interface_factory_registry","total",,0,0,0,0,0,0,,,,,,,,,,,,,,"complete"
metadata_visit,"interface_factory_registry","META_FUNC",,0,0,0,0,0,0,,,,,,,,,,,,,,"complete"
metadata_visit,"interface_factory_registry","META_REG",,0,0,0,0,0,0,,,,,,,,,,,,,,"complete"
metadata_visit,"interface_factory_registry","META_CONST",,0,0,0,0,0,0,,,,,,,,,,,,,,"complete"
metadata_visit,"interface_factory_registry","META_CLEAR",,0,0,0,0,0,0,,,,,,,,,,,,,,"complete"
metadata_visit,"interface_factory_registry","META_CLASS",,0,0,0,0,0,0,,,,,,,,,,,,,,"complete"
metadata_visit,"interface_factory_registry","META_ATTR",,0,0,0,0,0,0,,,,,,,,,,,,,,"complete"
metadata_visit,"interface_factory_registry","META_INTERFACE",,0,0,0,0,0,0,,,,,,,,,,,,,,"complete"
metadata_visit,"interface_factory_registry","META_IMPLEMENTS",,0,0,0,0,0,0,,,,,,,,,,,,,,"complete"
metadata_visit,"interface_factory_registry","META_MEMBER",,0,0,0,0,0,0,,,,,,,,,,,,,,"complete"
metadata_visit,"interface_factory_registry","META_INLINE",,0,0,0,0,0,0,,,,,,,,,,,,,,"complete"
metadata_visit,"interface_factory_registry","META_SOURCE_STEP",,0,0,0,0,0,0,,,,,,,,,,,,,,"complete"
metadata_visit,"interface_factory_registry","META_TRACE_EVENT",,0,0,0,0,0,0,,,,,,,,,,,,,,"complete"
metadata_lookup,"rxvml_member","query",,0,0,0,0,0,0,,,,,,,,,,,,,,"complete"
metadata_lookup,"rxvml_member","hit",,0,0,0,0,0,0,,,,,,,,,,,,,,"complete"
metadata_lookup,"rxvml_member","miss",,0,0,0,0,0,0,,,,,,,,,,,,,,"complete"
metadata_lookup,"rxvml_member","invalid",,0,0,0,0,0,0,,,,,,,,,,,,,,"complete"
metadata_lookup,"rxvml_member","degraded",,0,0,0,0,0,0,,,,,,,,,,,,,,"complete"
metadata_visit,"rxvml_member","total",,0,0,0,0,0,0,,,,,,,,,,,,,,"complete"
metadata_visit,"rxvml_member","META_FUNC",,0,0,0,0,0,0,,,,,,,,,,,,,,"complete"
metadata_visit,"rxvml_member","META_REG",,0,0,0,0,0,0,,,,,,,,,,,,,,"complete"
metadata_visit,"rxvml_member","META_CONST",,0,0,0,0,0,0,,,,,,,,,,,,,,"complete"
metadata_visit,"rxvml_member","META_CLEAR",,0,0,0,0,0,0,,,,,,,,,,,,,,"complete"
metadata_visit,"rxvml_member","META_CLASS",,0,0,0,0,0,0,,,,,,,,,,,,,,"complete"
metadata_visit,"rxvml_member","META_ATTR",,0,0,0,0,0,0,,,,,,,,,,,,,,"complete"
metadata_visit,"rxvml_member","META_INTERFACE",,0,0,0,0,0,0,,,,,,,,,,,,,,"complete"
metadata_visit,"rxvml_member","META_IMPLEMENTS",,0,0,0,0,0,0,,,,,,,,,,,,,,"complete"
metadata_visit,"rxvml_member","META_MEMBER",,0,0,0,0,0,0,,,,,,,,,,,,,,"complete"
metadata_visit,"rxvml_member","META_INLINE",,0,0,0,0,0,0,,,,,,,,,,,,,,"complete"
metadata_visit,"rxvml_member","META_SOURCE_STEP",,0,0,0,0,0,0,,,,,,,,,,,,,,"complete"
metadata_visit,"rxvml_member","META_TRACE_EVENT",,0,0,0,0,0,0,,,,,,,,,,,,,,"complete"
metadata_lookup,"rxvml_callable","query",,0,0,0,0,0,0,,,,,,,,,,,,,,"complete"
metadata_lookup,"rxvml_callable","hit",,0,0,0,0,0,0,,,,,,,,,,,,,,"complete"
metadata_lookup,"rxvml_callable","miss",,0,0,0,0,0,0,,,,,,,,,,,,,,"complete"
metadata_lookup,"rxvml_callable","invalid",,0,0,0,0,0,0,,,,,,,,,,,,,,"complete"
metadata_lookup,"rxvml_callable","degraded",,0,0,0,0,0,0,,,,,,,,,,,,,,"complete"
metadata_visit,"rxvml_callable","total",,0,0,0,0,0,0,,,,,,,,,,,,,,"complete"
metadata_visit,"rxvml_callable","META_FUNC",,0,0,0,0,0,0,,,,,,,,,,,,,,"complete"
metadata_visit,"rxvml_callable","META_REG",,0,0,0,0,0,0,,,,,,,,,,,,,,"complete"
metadata_visit,"rxvml_callable","META_CONST",,0,0,0,0,0,0,,,,,,,,,,,,,,"complete"
metadata_visit,"rxvml_callable","META_CLEAR",,0,0,0,0,0,0,,,,,,,,,,,,,,"complete"
metadata_visit,"rxvml_callable","META_CLASS",,0,0,0,0,0,0,,,,,,,,,,,,,,"complete"
metadata_visit,"rxvml_callable","META_ATTR",,0,0,0,0,0,0,,,,,,,,,,,,,,"complete"
metadata_visit,"rxvml_callable","META_INTERFACE",,0,0,0,0,0,0,,,,,,,,,,,,,,"complete"
metadata_visit,"rxvml_callable","META_IMPLEMENTS",,0,0,0,0,0,0,,,,,,,,,,,,,,"complete"
metadata_visit,"rxvml_callable","META_MEMBER",,0,0,0,0,0,0,,,,,,,,,,,,,,"complete"
metadata_visit,"rxvml_callable","META_INLINE",,0,0,0,0,0,0,,,,,,,,,,,,,,"complete"
metadata_visit,"rxvml_callable","META_SOURCE_STEP",,0,0,0,0,0,0,,,,,,,,,,,,,,"complete"
metadata_visit,"rxvml_callable","META_TRACE_EVENT",,0,0,0,0,0,0,,,,,,,,,,,,,,"complete"
metadata_lookup,"rxvml_contract","query",,0,0,0,0,0,0,,,,,,,,,,,,,,"complete"
metadata_lookup,"rxvml_contract","hit",,0,0,0,0,0,0,,,,,,,,,,,,,,"complete"
metadata_lookup,"rxvml_contract","miss",,0,0,0,0,0,0,,,,,,,,,,,,,,"complete"
metadata_lookup,"rxvml_contract","invalid",,0,0,0,0,0,0,,,,,,,,,,,,,,"complete"
metadata_lookup,"rxvml_contract","degraded",,0,0,0,0,0,0,,,,,,,,,,,,,,"complete"
metadata_visit,"rxvml_contract","total",,0,0,0,0,0,0,,,,,,,,,,,,,,"complete"
metadata_visit,"rxvml_contract","META_FUNC",,0,0,0,0,0,0,,,,,,,,,,,,,,"complete"
metadata_visit,"rxvml_contract","META_REG",,0,0,0,0,0,0,,,,,,,,,,,,,,"complete"
metadata_visit,"rxvml_contract","META_CONST",,0,0,0,0,0,0,,,,,,,,,,,,,,"complete"
metadata_visit,"rxvml_contract","META_CLEAR",,0,0,0,0,0,0,,,,,,,,,,,,,,"complete"
metadata_visit,"rxvml_contract","META_CLASS",,0,0,0,0,0,0,,,,,,,,,,,,,,"complete"
metadata_visit,"rxvml_contract","META_ATTR",,0,0,0,0,0,0,,,,,,,,,,,,,,"complete"
metadata_visit,"rxvml_contract","META_INTERFACE",,0,0,0,0,0,0,,,,,,,,,,,,,,"complete"
metadata_visit,"rxvml_contract","META_IMPLEMENTS",,0,0,0,0,0,0,,,,,,,,,,,,,,"complete"
metadata_visit,"rxvml_contract","META_MEMBER",,0,0,0,0,0,0,,,,,,,,,,,,,,"complete"
metadata_visit,"rxvml_contract","META_INLINE",,0,0,0,0,0,0,,,,,,,,,,,,,,"complete"
metadata_visit,"rxvml_contract","META_SOURCE_STEP",,0,0,0,0,0,0,,,,,,,,,,,,,,"complete"
metadata_visit,"rxvml_contract","META_TRACE_EVENT",,0,0,0,0,0,0,,,,,,,,,,,,,,"complete"
metadata_lookup,"rxvml_signature","query",,0,0,0,0,0,0,,,,,,,,,,,,,,"complete"
metadata_lookup,"rxvml_signature","hit",,0,0,0,0,0,0,,,,,,,,,,,,,,"complete"
metadata_lookup,"rxvml_signature","miss",,0,0,0,0,0,0,,,,,,,,,,,,,,"complete"
metadata_lookup,"rxvml_signature","invalid",,0,0,0,0,0,0,,,,,,,,,,,,,,"complete"
metadata_lookup,"rxvml_signature","degraded",,0,0,0,0,0,0,,,,,,,,,,,,,,"complete"
metadata_visit,"rxvml_signature","total",,0,0,0,0,0,0,,,,,,,,,,,,,,"complete"
metadata_visit,"rxvml_signature","META_FUNC",,0,0,0,0,0,0,,,,,,,,,,,,,,"complete"
metadata_visit,"rxvml_signature","META_REG",,0,0,0,0,0,0,,,,,,,,,,,,,,"complete"
metadata_visit,"rxvml_signature","META_CONST",,0,0,0,0,0,0,,,,,,,,,,,,,,"complete"
metadata_visit,"rxvml_signature","META_CLEAR",,0,0,0,0,0,0,,,,,,,,,,,,,,"complete"
metadata_visit,"rxvml_signature","META_CLASS",,0,0,0,0,0,0,,,,,,,,,,,,,,"complete"
metadata_visit,"rxvml_signature","META_ATTR",,0,0,0,0,0,0,,,,,,,,,,,,,,"complete"
metadata_visit,"rxvml_signature","META_INTERFACE",,0,0,0,0,0,0,,,,,,,,,,,,,,"complete"
metadata_visit,"rxvml_signature","META_IMPLEMENTS",,0,0,0,0,0,0,,,,,,,,,,,,,,"complete"
metadata_visit,"rxvml_signature","META_MEMBER",,0,0,0,0,0,0,,,,,,,,,,,,,,"complete"
metadata_visit,"rxvml_signature","META_INLINE",,0,0,0,0,0,0,,,,,,,,,,,,,,"complete"
metadata_visit,"rxvml_signature","META_SOURCE_STEP",,0,0,0,0,0,0,,,,,,,,,,,,,,"complete"
metadata_visit,"rxvml_signature","META_TRACE_EVENT",,0,0,0,0,0,0,,,,,,,,,,,,,,"complete"
metadata_lookup,"rxvml_class_discovery","query",,0,0,0,0,0,0,,,,,,,,,,,,,,"complete"
metadata_lookup,"rxvml_class_discovery","hit",,0,0,0,0,0,0,,,,,,,,,,,,,,"complete"
metadata_lookup,"rxvml_class_discovery","miss",,0,0,0,0,0,0,,,,,,,,,,,,,,"complete"
metadata_lookup,"rxvml_class_discovery","invalid",,0,0,0,0,0,0,,,,,,,,,,,,,,"complete"
metadata_lookup,"rxvml_class_discovery","degraded",,0,0,0,0,0,0,,,,,,,,,,,,,,"complete"
metadata_visit,"rxvml_class_discovery","total",,0,0,0,0,0,0,,,,,,,,,,,,,,"complete"
metadata_visit,"rxvml_class_discovery","META_FUNC",,0,0,0,0,0,0,,,,,,,,,,,,,,"complete"
metadata_visit,"rxvml_class_discovery","META_REG",,0,0,0,0,0,0,,,,,,,,,,,,,,"complete"
metadata_visit,"rxvml_class_discovery","META_CONST",,0,0,0,0,0,0,,,,,,,,,,,,,,"complete"
metadata_visit,"rxvml_class_discovery","META_CLEAR",,0,0,0,0,0,0,,,,,,,,,,,,,,"complete"
metadata_visit,"rxvml_class_discovery","META_CLASS",,0,0,0,0,0,0,,,,,,,,,,,,,,"complete"
metadata_visit,"rxvml_class_discovery","META_ATTR",,0,0,0,0,0,0,,,,,,,,,,,,,,"complete"
metadata_visit,"rxvml_class_discovery","META_INTERFACE",,0,0,0,0,0,0,,,,,,,,,,,,,,"complete"
metadata_visit,"rxvml_class_discovery","META_IMPLEMENTS",,0,0,0,0,0,0,,,,,,,,,,,,,,"complete"
metadata_visit,"rxvml_class_discovery","META_MEMBER",,0,0,0,0,0,0,,,,,,,,,,,,,,"complete"
metadata_visit,"rxvml_class_discovery","META_INLINE",,0,0,0,0,0,0,,,,,,,,,,,,,,"complete"
metadata_visit,"rxvml_class_discovery","META_SOURCE_STEP",,0,0,0,0,0,0,,,,,,,,,,,,,,"complete"
metadata_visit,"rxvml_class_discovery","META_TRACE_EVENT",,0,0,0,0,0,0,,,,,,,,,,,,,,"complete"
metadata_lookup,"source_context","query",,0,0,0,0,0,0,,,,,,,,,,,,,,"complete"
metadata_lookup,"source_context","hit",,0,0,0,0,0,0,,,,,,,,,,,,,,"complete"
metadata_lookup,"source_context","miss",,0,0,0,0,0,0,,,,,,,,,,,,,,"complete"
metadata_lookup,"source_context","invalid",,0,0,0,0,0,0,,,,,,,,,,,,,,"complete"
metadata_lookup,"source_context","degraded",,0,0,0,0,0,0,,,,,,,,,,,,,,"complete"
metadata_visit,"source_context","total",,0,0,0,0,0,0,,,,,,,,,,,,,,"complete"
metadata_visit,"source_context","META_FUNC",,0,0,0,0,0,0,,,,,,,,,,,,,,"complete"
metadata_visit,"source_context","META_REG",,0,0,0,0,0,0,,,,,,,,,,,,,,"complete"
metadata_visit,"source_context","META_CONST",,0,0,0,0,0,0,,,,,,,,,,,,,,"complete"
metadata_visit,"source_context","META_CLEAR",,0,0,0,0,0,0,,,,,,,,,,,,,,"complete"
metadata_visit,"source_context","META_CLASS",,0,0,0,0,0,0,,,,,,,,,,,,,,"complete"
metadata_visit,"source_context","META_ATTR",,0,0,0,0,0,0,,,,,,,,,,,,,,"complete"
metadata_visit,"source_context","META_INTERFACE",,0,0,0,0,0,0,,,,,,,,,,,,,,"complete"
metadata_visit,"source_context","META_IMPLEMENTS",,0,0,0,0,0,0,,,,,,,,,,,,,,"complete"
metadata_visit,"source_context","META_MEMBER",,0,0,0,0,0,0,,,,,,,,,,,,,,"complete"
metadata_visit,"source_context","META_INLINE",,0,0,0,0,0,0,,,,,,,,,,,,,,"complete"
metadata_visit,"source_context","META_SOURCE_STEP",,0,0,0,0,0,0,,,,,,,,,,,,,,"complete"
metadata_visit,"source_context","META_TRACE_EVENT",,0,0,0,0,0,0,,,,,,,,,,,,,,"complete"
metadata_lookup,"metadata_introspection","query",,0,0,0,0,0,0,,,,,,,,,,,,,,"complete"
metadata_lookup,"metadata_introspection","hit",,0,0,0,0,0,0,,,,,,,,,,,,,,"complete"
metadata_lookup,"metadata_introspection","miss",,0,0,0,0,0,0,,,,,,,,,,,,,,"complete"
metadata_lookup,"metadata_introspection","invalid",,0,0,0,0,0,0,,,,,,,,,,,,,,"complete"
metadata_lookup,"metadata_introspection","degraded",,0,0,0,0,0,0,,,,,,,,,,,,,,"complete"
metadata_visit,"metadata_introspection","total",,0,0,0,0,0,0,,,,,,,,,,,,,,"complete"
metadata_visit,"metadata_introspection","META_FUNC",,0,0,0,0,0,0,,,,,,,,,,,,,,"complete"
metadata_visit,"metadata_introspection","META_REG",,0,0,0,0,0,0,,,,,,,,,,,,,,"complete"
metadata_visit,"metadata_introspection","META_CONST",,0,0,0,0,0,0,,,,,,,,,,,,,,"complete"
metadata_visit,"metadata_introspection","META_CLEAR",,0,0,0,0,0,0,,,,,,,,,,,,,,"complete"
metadata_visit,"metadata_introspection","META_CLASS",,0,0,0,0,0,0,,,,,,,,,,,,,,"complete"
metadata_visit,"metadata_introspection","META_ATTR",,0,0,0,0,0,0,,,,,,,,,,,,,,"complete"
metadata_visit,"metadata_introspection","META_INTERFACE",,0,0,0,0,0,0,,,,,,,,,,,,,,"complete"
metadata_visit,"metadata_introspection","META_IMPLEMENTS",,0,0,0,0,0,0,,,,,,,,,,,,,,"complete"
metadata_visit,"metadata_introspection","META_MEMBER",,0,0,0,0,0,0,,,,,,,,,,,,,,"complete"
metadata_visit,"metadata_introspection","META_INLINE",,0,0,0,0,0,0,,,,,,,,,,,,,,"complete"
metadata_visit,"metadata_introspection","META_SOURCE_STEP",,0,0,0,0,0,0,,,,,,,,,,,,,,"complete"
metadata_visit,"metadata_introspection","META_TRACE_EVENT",,0,0,0,0,0,0,,,,,,,,,,,,,,"complete"
metadata_lookup,"profile_catalog","query",,369,0,0,0,0,0,,,,,,,,,,,,,,"complete"
metadata_lookup,"profile_catalog","hit",,203,0,0,0,0,0,,,,,,,,,,,,,,"complete"
metadata_lookup,"profile_catalog","miss",,166,0,0,0,0,0,,,,,,,,,,,,,,"complete"
metadata_lookup,"profile_catalog","invalid",,0,0,0,0,0,0,,,,,,,,,,,,,,"complete"
metadata_lookup,"profile_catalog","degraded",,0,0,0,0,0,0,,,,,,,,,,,,,,"complete"
metadata_visit,"profile_catalog","total",,5594,0,0,0,0,0,,,,,,,,,,,,,,"complete"
metadata_visit,"profile_catalog","META_FUNC",,372,0,0,0,0,0,,,,,,,,,,,,,,"complete"
metadata_visit,"profile_catalog","META_REG",,0,0,0,0,0,0,,,,,,,,,,,,,,"complete"
metadata_visit,"profile_catalog","META_CONST",,0,0,0,0,0,0,,,,,,,,,,,,,,"complete"
metadata_visit,"profile_catalog","META_CLEAR",,0,0,0,0,0,0,,,,,,,,,,,,,,"complete"
metadata_visit,"profile_catalog","META_CLASS",,5222,0,0,0,0,0,,,,,,,,,,,,,,"complete"
metadata_visit,"profile_catalog","META_ATTR",,0,0,0,0,0,0,,,,,,,,,,,,,,"complete"
metadata_visit,"profile_catalog","META_INTERFACE",,0,0,0,0,0,0,,,,,,,,,,,,,,"complete"
metadata_visit,"profile_catalog","META_IMPLEMENTS",,0,0,0,0,0,0,,,,,,,,,,,,,,"complete"
metadata_visit,"profile_catalog","META_MEMBER",,0,0,0,0,0,0,,,,,,,,,,,,,,"complete"
metadata_visit,"profile_catalog","META_INLINE",,0,0,0,0,0,0,,,,,,,,,,,,,,"complete"
metadata_visit,"profile_catalog","META_SOURCE_STEP",,0,0,0,0,0,0,,,,,,,,,,,,,,"complete"
metadata_visit,"profile_catalog","META_TRACE_EVENT",,0,0,0,0,0,0,,,,,,,,,,,,,,"complete"
metadata_index_build,"META_FUNC","entries",,372,0,0,0,0,0,,,,,,,,,,,,,,"complete"
metadata_index_build,"META_REG","entries",,1881,0,0,0,0,0,,,,,,,,,,,,,,"complete"
metadata_index_build,"META_CONST","entries",,3,0,0,0,0,0,,,,,,,,,,,,,,"complete"
metadata_index_build,"META_CLEAR","entries",,1815,0,0,0,0,0,,,,,,,,,,,,,,"complete"
metadata_index_build,"META_CLASS","entries",,19,0,0,0,0,0,,,,,,,,,,,,,,"complete"
metadata_index_build,"META_ATTR","entries",,115,0,0,0,0,0,,,,,,,,,,,,,,"complete"
metadata_index_build,"META_INTERFACE","entries",,5,0,0,0,0,0,,,,,,,,,,,,,,"complete"
metadata_index_build,"META_IMPLEMENTS","entries",,20,0,0,0,0,0,,,,,,,,,,,,,,"complete"
metadata_index_build,"META_MEMBER","entries",,18,0,0,0,0,0,,,,,,,,,,,,,,"complete"
metadata_index_build,"META_INLINE","entries",,0,0,0,0,0,0,,,,,,,,,,,,,,"complete"
metadata_index_build,"META_SOURCE_STEP","entries",,940,0,0,0,0,0,,,,,,,,,,,,,,"complete"
metadata_index_build,"META_TRACE_EVENT","entries",,1668,0,0,0,0,0,,,,,,,,,,,,,,"complete"
metadata_index_build,"index","modules",,16,0,0,0,0,0,,,,,,,,,,,,,,"complete"
metadata_index_build,"index","offsets",,6856,0,0,0,0,0,,,,,,,,,,,,,,"complete"
metadata_index_build,"index","retained_bytes",,109696,0,0,0,0,0,,,,,,,,,,,,,,"complete"
metadata_index_build,"index","invalid",,0,0,0,0,0,0,,,,,,,,,,,,,,"complete"
metadata_index_build,"index","degraded",,0,0,0,0,0,0,,,,,,,,,,,,,,"complete"
census,"call_path","direct_bytecode",,99311,0,0,0,0,0,,,,,,,,,,,,,,"complete"
census,"call_path","direct_native",,0,0,0,0,0,0,,,,,,,,,,,,,,"complete"
census,"call_path","dynamic_bytecode",,2821,0,0,0,0,0,,,,,,,,,,,,,,"complete"
census,"call_path","dynamic_native",,0,0,0,0,0,0,,,,,,,,,,,,,,"complete"
census,"call_path","external_root",,1,0,0,0,0,0,,,,,,,,,,,,,,"complete"
census,"call_path","signal_bytecode",,0,0,0,0,0,0,,,,,,,,,,,,,,"complete"
census,"call_path","signal_native",,0,0,0,0,0,0,,,,,,,,,,,,,,"complete"
census,"arity","1",,18243,0,0,0,0,0,,,,,,,,,,,,,,"complete"
census,"arity","0",,25216,0,0,0,0,0,,,,,,,,,,,,,,"complete"
census,"arity","3",,30753,0,0,0,0,0,,,,,,,,,,,,,,"complete"
census,"arity","2",,15319,0,0,0,0,0,,,,,,,,,,,,,,"complete"
census,"arity","4",,11200,0,0,0,0,0,,,,,,,,,,,,,,"complete"
census,"arity","5",,1402,0,0,0,0,0,,,,,,,,,,,,,,"complete"
census,"callable_kind","procedure",,78491,0,0,0,0,0,,,,,,,,,,,,,,"complete"
census,"callable_kind","method",,23633,0,0,0,0,0,,,,,,,,,,,,,,"complete"
census,"callable_kind","factory",,9,0,0,0,0,0,,,,,,,,,,,,,,"complete"
census,"callable_kind","native",,0,0,0,0,0,0,,,,,,,,,,,,,,"complete"
census,"callable_kind","unknown",,0,0,0,0,0,0,,,,,,,,,,,,,,"complete"
census,"frame_disposition","fresh",,81,0,0,0,0,0,,,,,,,,,,,,,,"complete"
census,"frame_disposition","reused",,102052,0,0,0,0,0,,,,,,,,,,,,,,"complete"
census,"frame_disposition","no_child_native",,0,0,0,0,0,0,,,,,,,,,,,,,,"complete"
census,"frame_disposition","none_failed",,0,0,0,0,0,0,,,,,,,,,,,,,,"complete"
census,"call_outcome","success",,102133,0,0,0,0,0,,,,,,,,,,,,,,"complete"
census,"call_outcome","unresolved",,0,0,0,0,0,0,,,,,,,,,,,,,,"complete"
census,"call_outcome","frame_failed",,0,0,0,0,0,0,,,,,,,,,,,,,,"complete"
census,"call_outcome","invalid",,0,0,0,0,0,0,,,,,,,,,,,,,,"complete"
return,"placement","void",,32137,0,0,0,0,0,,,,,,,,,,,,,,"complete"
return,"placement","ret_reg_move_local",,43467,0,0,0,0,0,,,,,,,,,,,,,,"complete"
return,"placement","ret_reg_copy_nonlocal",,19511,0,0,0,0,0,,,,,,,,,,,,,,"complete"
return,"placement","value_ignored",,0,0,0,0,0,0,,,,,,,,,,,,,,"complete"
return,"placement","immediate",,7017,0,0,0,0,0,,,,,,,,,,,,,,"complete"
return,"placement","terminal_external",,1,0,0,0,0,0,,,,,,,,,,,,,,"complete"
dynamic,"srcmethodsel","attempt",,2814,0,0,0,0,0,,,,,,,,,,,,,,"complete"
dynamic,"srcmethodsel","success",,2814,0,0,0,0,0,,,,,,,,,,,,,,"complete"
dynamic,"srcmethodsel","failure",,0,0,0,0,0,0,,,,,,,,,,,,,,"complete"
dynamic,"srcfprocsel","attempt",,7,0,0,0,0,0,,,,,,,,,,,,,,"complete"
dynamic,"srcfprocsel","success",,7,0,0,0,0,0,,,,,,,,,,,,,,"complete"
dynamic,"srcfprocsel","failure",,0,0,0,0,0,0,,,,,,,,,,,,,,"complete"
mechanics,"call_window","setup_swaps",,86706,0,0,0,0,0,,,,,,,,,,,,,,"complete"
mechanics,"call_window","normal_restoration_swaps",,86706,0,0,0,0,0,,,,,,,,,,,,,,"complete"
mechanics,"call_window","unclassified_swaps",,22,0,0,0,0,0,,,,,,,,,,,,,,"complete"
mechanics,"call_window","defensive_argument_copies",,1,0,0,0,0,0,,,,,,,,,,,,,,"complete"
mechanics,"call_window","unclassified_copies",,109170,0,0,0,0,0,,,,,,,,,,,,,,"complete"
mechanics,"call_window","attribution_degraded",,0,0,0,0,0,0,,,,,,,,,,,,,,"complete"
unwind,"signal","events",,0,0,0,0,0,0,,,,,,,,,,,,,,"complete"
unwind,"signal","bytecode_frames_discarded",,0,0,0,0,0,0,,,,,,,,,,,,,,"complete"
unwind,"signal","argument_windows_restored",,0,0,0,0,0,0,,,,,,,,,,,,,,"complete"
unwind,"signal","argument_slots_restored",,0,0,0,0,0,0,,,,,,,,,,,,,,"complete"
unwind,"signal","interrupted_native_windows_restored",,0,0,0,0,0,0,,,,,,,,,,,,,,"complete"
unwind,"signal","interrupted_native_slots_restored",,0,0,0,0,0,0,,,,,,,,,,,,,,"complete"
unwind,"signal","restoration_failures",,0,0,0,0,0,0,,,,,,,,,,,,,,"complete"
call,"rexxcps_levelb_opaque.main","external_root",0,1,0,0,0,0,0,1,,,,"benchmark_rexxcps_levelb_opaque_opt","procedure",,,"fresh","success",0,0,0,"complete"
call,"rxfnsb.stem.§factory","direct_bytecode",439,1,0,0,0,0,0,0,,,,"benchmark_rexxcps_levelb_opaque_opt","factory",,,"fresh","success",0,0,0,"complete"
call,"rxfnsb.stem.§factory","direct_bytecode",446,1,0,0,0,0,0,0,,,,"benchmark_rexxcps_levelb_opaque_opt","factory",,,"reused","success",0,0,0,"complete"
call,"rxfnsb.time","direct_bytecode",487,1,0,0,0,0,0,1,,,,"benchmark_rexxcps_levelb_opaque_opt","procedure",,,"fresh","success",0,0,0,"complete"
call,"_rxsysb._elapsed","direct_bytecode",300,2,0,0,0,0,0,1,,,,"time","procedure",,,"fresh","success",2,2,0,"complete"
call,"_rxsysb._elapsed","direct_bytecode",328,4,0,0,0,0,0,1,,,,"time","procedure",,,"reused","success",0,0,0,"complete"
call,"_rxsysb._elapsed","direct_bytecode",338,4,0,0,0,0,0,1,,,,"time","procedure",,,"reused","success",4,4,0,"complete"
call,"rxfnsb.time","direct_bytecode",508,1,0,0,0,0,0,1,,,,"benchmark_rexxcps_levelb_opaque_opt","procedure",,,"reused","success",0,0,0,"complete"
call,"_rxsysb._elapsed","direct_bytecode",300,2,0,0,0,0,0,1,,,,"time","procedure",,,"reused","success",2,2,0,"complete"
call,"rxfnsb._trace_mode_from_option","direct_bytecode",576,1,0,0,0,0,0,1,,,,"benchmark_rexxcps_levelb_opaque_opt","procedure",,,"fresh","success",1,1,0,"complete"
call,"rxfnsb._trace_normalize_mode","direct_bytecode",18531,2,0,0,0,0,0,1,,,,"trace","procedure",,,"fresh","success",2,2,0,"complete"
call,"rxfnsb.strip","direct_bytecode",16152,1,0,0,0,0,0,3,,,,"trace","procedure",,,"fresh","success",1,1,0,"complete"
call,"rxfnsb.pos","direct_bytecode",16982,1,0,0,0,0,0,3,,,,"trace","procedure",,,"fresh","success",1,1,0,"complete"
call,"rxfnsb._trace_set","direct_bytecode",589,1,0,0,0,0,0,1,,,,"benchmark_rexxcps_levelb_opaque_opt","procedure",,,"fresh","success",0,0,0,"complete"
call,"rxfnsb._trace_ensure_runtime","direct_bytecode",12341,1,0,0,0,0,0,0,,,,"trace","procedure",,,"fresh","success",0,0,0,"complete"
call,"rxfnsb.tracecontroller.add_suppressed_namespace","direct_bytecode",15746,1,0,0,0,0,0,2,,,,"trace","method",,,"fresh","success",1,1,1,"complete"
call,"rxfnsb.strip","direct_bytecode",5787,16,0,0,0,0,0,3,,,,"trace","procedure",,,"reused","success",16,16,0,"complete"
call,"rxfnsb.tracecontroller.add_suppressed_namespace","direct_bytecode",15768,1,0,0,0,0,0,2,,,,"trace","method",,,"reused","success",1,1,0,"complete"
call,"rxfnsb.tracecontroller.add_suppressed_namespace","direct_bytecode",15790,1,0,0,0,0,0,2,,,,"trace","method",,,"reused","success",1,1,0,"complete"
call,"rxfnsb.tracecontroller.add_suppressed_namespace","direct_bytecode",15812,1,0,0,0,0,0,2,,,,"trace","method",,,"reused","success",1,1,0,"complete"
call,"rxfnsb.tracecontroller.add_suppressed_namespace","direct_bytecode",15834,1,0,0,0,0,0,2,,,,"trace","method",,,"reused","success",1,1,0,"complete"
call,"rxfnsb.tracecontroller.add_suppressed_namespace","direct_bytecode",15856,1,0,0,0,0,0,2,,,,"trace","method",,,"reused","success",1,1,0,"complete"
call,"rxfnsb.tracecontroller.add_suppressed_namespace","direct_bytecode",15878,1,0,0,0,0,0,2,,,,"trace","method",,,"reused","success",1,1,0,"complete"
call,"rxfnsb.tracecontroller.add_suppressed_namespace","direct_bytecode",15900,1,0,0,0,0,0,2,,,,"trace","method",,,"reused","success",1,1,0,"complete"
call,"rxfnsb.tracecontroller.add_suppressed_namespace","direct_bytecode",15922,1,0,0,0,0,0,2,,,,"trace","method",,,"reused","success",1,1,0,"complete"
call,"rxfnsb.tracecontroller.add_suppressed_namespace","direct_bytecode",15944,1,0,0,0,0,0,2,,,,"trace","method",,,"reused","success",1,1,0,"complete"
call,"rxfnsb.tracecontroller.add_suppressed_namespace","direct_bytecode",15966,1,0,0,0,0,0,2,,,,"trace","method",,,"reused","success",1,1,0,"complete"
call,"rxfnsb.tracecontroller.add_suppressed_namespace","direct_bytecode",15988,1,0,0,0,0,0,2,,,,"trace","method",,,"reused","success",1,1,0,"complete"
call,"rxfnsb.tracecontroller.add_suppressed_namespace","direct_bytecode",16010,1,0,0,0,0,0,2,,,,"trace","method",,,"reused","success",1,1,0,"complete"
call,"rxfnsb.tracecontroller.add_suppressed_namespace","direct_bytecode",16032,1,0,0,0,0,0,2,,,,"trace","method",,,"reused","success",1,1,0,"complete"
call,"rxfnsb.tracecontroller.add_suppressed_namespace","direct_bytecode",16054,1,0,0,0,0,0,2,,,,"trace","method",,,"reused","success",1,1,0,"complete"
call,"rxfnsb.tracecontroller.add_suppressed_namespace","direct_bytecode",16076,1,0,0,0,0,0,2,,,,"trace","method",,,"reused","success",1,1,0,"complete"
call,"rxfnsb._trace_normalize_mode","direct_bytecode",12354,1402,0,0,0,0,0,1,,,,"trace","procedure",,,"reused","success",1402,1402,0,"complete"
call,"rxfnsb.strip","direct_bytecode",16152,1,0,0,0,0,0,3,,,,"trace","procedure",,,"reused","success",1,1,0,"complete"
call,"rxfnsb.pos","direct_bytecode",16982,1,0,0,0,0,0,3,,,,"trace","procedure",,,"reused","success",1,1,0,"complete"
call,"rxfnsb._trace_current_mode","direct_bytecode",596,1,0,0,0,0,0,0,,,,"benchmark_rexxcps_levelb_opaque_opt","procedure",,,"fresh","success",0,0,0,"complete"
call,"rxfnsb._trace_ensure_runtime","direct_bytecode",14273,2802,0,0,0,0,0,0,,,,"trace","procedure",,,"reused","success",0,0,0,"complete"
call,"rexxcps_levelb_opaque.__rxtrace_reset_display_state","direct_bytecode",603,1,0,0,0,0,0,0,,,,"benchmark_rexxcps_levelb_opaque_opt","procedure",,,"fresh","success",0,0,0,"complete"
call,"rxfnsb.time","direct_bytecode",656,1,0,0,0,0,0,1,,,,"benchmark_rexxcps_levelb_opaque_opt","procedure",,,"reused","success",0,0,0,"complete"
call,"rxfnsb.stem.set","direct_bytecode",894,2,0,0,0,0,0,3,,,,"benchmark_rexxcps_levelb_opaque_opt","method",,,"fresh","success",4,4,0,"complete"
call,"rxfnsb.stem.get","direct_bytecode",926,2,0,0,0,0,0,2,,,,"benchmark_rexxcps_levelb_opaque_opt","method",,,"fresh","success",2,2,0,"complete"
call,"rxfnsb.stem.get","direct_bytecode",982,2800,0,0,0,0,0,2,,,,"benchmark_rexxcps_levelb_opaque_opt","method",,,"reused","success",2800,2800,0,"complete"
call,"rxfnsb.stem.get","direct_bytecode",1409,2800,0,0,0,0,0,2,,,,"benchmark_rexxcps_levelb_opaque_opt","method",,,"reused","success",2800,2800,0,"complete"
call,"rxfnsb.stem.set","direct_bytecode",1445,2800,0,0,0,0,0,3,,,,"benchmark_rexxcps_levelb_opaque_opt","method",,,"reused","success",2800,2800,0,"complete"
call,"rxfnsb.stem.set","direct_bytecode",1492,1400,0,0,0,0,0,3,,,,"benchmark_rexxcps_levelb_opaque_opt","method",,,"reused","success",1400,1400,0,"complete"
call,"rxfnsb.stem.get","direct_bytecode",1530,1400,0,0,0,0,0,2,,,,"benchmark_rexxcps_levelb_opaque_opt","method",,,"reused","success",1400,1400,0,"complete"
call,"rxfnsb.stem.get","direct_bytecode",1678,1400,0,0,0,0,0,2,,,,"benchmark_rexxcps_levelb_opaque_opt","method",,,"reused","success",1400,1400,0,"complete"
call,"rxfnsb.stem.get","direct_bytecode",1721,1400,0,0,0,0,0,2,,,,"benchmark_rexxcps_levelb_opaque_opt","method",,,"reused","success",1400,1400,0,"complete"
call,"rxfnsb.stem.set","direct_bytecode",1757,1400,0,0,0,0,0,3,,,,"benchmark_rexxcps_levelb_opaque_opt","method",,,"reused","success",1400,1400,0,"complete"
call,"rxfnsb.parseexec","direct_bytecode",1808,1,0,0,0,0,0,4,,,,"benchmark_rexxcps_levelb_opaque_opt","procedure",,,"fresh","success",1,1,0,"complete"
call,"rxfnsb._trace_current_mode","direct_bytecode",1842,1399,0,0,0,0,0,0,,,,"benchmark_rexxcps_levelb_opaque_opt","procedure",,,"reused","success",0,0,0,"complete"
call,"rxfnsb._trace_mode_from_option","direct_bytecode",1852,1399,0,0,0,0,0,1,,,,"benchmark_rexxcps_levelb_opaque_opt","procedure",,,"reused","success",0,0,0,"complete"
call,"rxfnsb._trace_normalize_mode","direct_bytecode",18531,1399,0,0,0,0,0,1,,,,"trace","procedure",,,"reused","success",1399,1399,0,"complete"
call,"rxfnsb._trace_set","direct_bytecode",1862,1399,0,0,0,0,0,1,,,,"benchmark_rexxcps_levelb_opaque_opt","procedure",,,"reused","success",0,0,0,"complete"
call,"rxfnsb._trace_ensure_runtime","direct_bytecode",12341,1401,0,0,0,0,0,0,,,,"trace","procedure",,,"reused","success",0,0,0,"complete"
call,"rxfnsb._trace_current_mode","direct_bytecode",1869,1400,0,0,0,0,0,0,,,,"benchmark_rexxcps_levelb_opaque_opt","procedure",,,"reused","success",0,0,0,"complete"
call,"rexxcps_levelb_opaque.__rxtrace_reset_display_state","direct_bytecode",1876,1399,0,0,0,0,0,0,,,,"benchmark_rexxcps_levelb_opaque_opt","procedure",,,"reused","success",0,0,0,"complete"
call,"_rxsysb.addressenv","direct_bytecode",1929,2,0,0,0,0,0,1,,,,"benchmark_rexxcps_levelb_opaque_opt","procedure",,,"fresh","success",0,0,0,"complete"
call,"_rxsysb._address_environment","direct_bytecode",15352,2,0,0,0,0,0,1,,,,"_address","procedure",,,"fresh","success",2,2,0,"complete"
call,"_rxsysb.ensure_address_runtime","direct_bytecode",13823,1,0,0,0,0,0,0,,,,"_address","procedure",,,"fresh","success",0,0,0,"complete"
call,"_rxsysb._ensure_address_environment","direct_bytecode",16944,1,0,0,0,0,0,1,,,,"_address","procedure",,,"fresh","success",0,0,0,"complete"
call,"_rxsysb.ensure_address_runtime","direct_bytecode",15628,6,0,0,0,0,0,0,,,,"_address","procedure",,,"fresh","success",0,0,0,"complete"
call,"rxfnsb.strip","direct_bytecode",15657,2806,0,0,0,0,0,3,,,,"_address","procedure",,,"reused","success",2806,2806,0,"complete"
call,"rxfnsb.strip","direct_bytecode",15734,2806,0,0,0,0,0,3,,,,"_address","procedure",,,"reused","success",2806,2806,0,"complete"
call,"_rxsysb.crexxaddressenvironment.§factory","dynamic_bytecode",15831,1,0,0,0,0,0,1,,,,"_address","factory",,,"fresh","success",0,0,0,"complete"
call,"rxfnsb.strip","direct_bytecode",5805,1,0,0,0,0,0,3,,,,"_address","procedure",,,"fresh","success",1,1,0,"complete"
call,"_rxsysb.crexxaddressenvironment.environment_id","dynamic_bytecode",15884,1,0,0,0,0,0,1,,,,"_address","method",,,"fresh","success",1,1,0,"complete"
call,"_rxsysb.crexxaddressenvironment.bind_environment","dynamic_bytecode",15916,1,0,0,0,0,0,3,,,,"_address","method",,,"fresh","success",3,3,0,"complete"
call,"rxfnsb.strip","direct_bytecode",5879,1,0,0,0,0,0,3,,,,"_address","procedure",,,"reused","success",1,1,0,"complete"
call,"_rxsysb._ensure_address_environment","direct_bytecode",16957,1,0,0,0,0,0,1,,,,"_address","procedure",,,"reused","success",0,0,0,"complete"
call,"_rxsysb.systemaddressenvironment.§factory","dynamic_bytecode",15831,3,0,0,0,0,0,1,,,,"_address","factory",,,"fresh","success",0,0,0,"complete"
call,"rxfnsb.strip","direct_bytecode",6320,3,0,0,0,0,0,3,,,,"_address","procedure",,,"fresh","success",3,3,0,"complete"
call,"_rxsysb.systemaddressenvironment.environment_id","dynamic_bytecode",15884,3,0,0,0,0,0,1,,,,"_address","method",,,"fresh","success",3,3,0,"complete"
call,"_rxsysb.systemaddressenvironment.bind_environment","dynamic_bytecode",15916,3,0,0,0,0,0,3,,,,"_address","method",,,"fresh","success",9,9,0,"complete"
call,"rxfnsb.strip","direct_bytecode",6394,3,0,0,0,0,0,3,,,,"_address","procedure",,,"reused","success",3,3,0,"complete"
call,"_rxsysb._ensure_address_environment","direct_bytecode",16970,1,0,0,0,0,0,1,,,,"_address","procedure",,,"reused","success",0,0,0,"complete"
call,"_rxsysb._ensure_address_environment","direct_bytecode",16983,1,0,0,0,0,0,1,,,,"_address","procedure",,,"reused","success",0,0,0,"complete"
call,"_rxsysb._ensure_address_environment","direct_bytecode",16996,1,0,0,0,0,0,1,,,,"_address","procedure",,,"reused","success",0,0,0,"complete"
call,"_rxsysb.shelladdressenvironment.§factory","dynamic_bytecode",15831,1,0,0,0,0,0,1,,,,"_address","factory",,,"fresh","success",0,0,0,"complete"
call,"rxfnsb.strip","direct_bytecode",6818,1,0,0,0,0,0,3,,,,"_address","procedure",,,"fresh","success",1,1,0,"complete"
call,"_rxsysb.shelladdressenvironment.environment_id","dynamic_bytecode",15884,1,0,0,0,0,0,1,,,,"_address","method",,,"fresh","success",1,1,0,"complete"
call,"_rxsysb.shelladdressenvironment.bind_environment","dynamic_bytecode",15916,1,0,0,0,0,0,3,,,,"_address","method",,,"fresh","success",3,3,0,"complete"
call,"rxfnsb.strip","direct_bytecode",6892,1,0,0,0,0,0,3,,,,"_address","procedure",,,"reused","success",1,1,0,"complete"
call,"_rxsysb._ensure_address_environment","direct_bytecode",17009,1,0,0,0,0,0,1,,,,"_address","procedure",,,"reused","success",0,0,0,"complete"
call,"_rxsysb.pathaddressenvironment.§factory","dynamic_bytecode",15831,1,0,0,0,0,0,1,,,,"_address","factory",,,"fresh","success",0,0,0,"complete"
call,"rxfnsb.strip","direct_bytecode",7316,1,0,0,0,0,0,3,,,,"_address","procedure",,,"fresh","success",1,1,0,"complete"
call,"_rxsysb.pathaddressenvironment.environment_id","dynamic_bytecode",15884,1,0,0,0,0,0,1,,,,"_address","method",,,"fresh","success",1,1,0,"complete"
call,"_rxsysb.pathaddressenvironment.bind_environment","dynamic_bytecode",15916,1,0,0,0,0,0,3,,,,"_address","method",,,"fresh","success",3,3,0,"complete"
call,"rxfnsb.strip","direct_bytecode",7390,1,0,0,0,0,0,3,,,,"_address","procedure",,,"reused","success",1,1,0,"complete"
call,"rxfnsb.strip","direct_bytecode",13847,1400,0,0,0,0,0,3,,,,"_address","procedure",,,"reused","success",1400,1400,0,"complete"
call,"_rxsysb._current_address_environment","direct_bytecode",13876,1,0,0,0,0,0,0,,,,"_address","procedure",,,"fresh","success",0,0,0,"complete"
call,"_rxsysb.ensure_address_runtime","direct_bytecode",16543,2799,0,0,0,0,0,0,,,,"_address","procedure",,,"reused","success",0,0,0,"complete"
call,"_rxsysb._ensure_address_environment","direct_bytecode",13889,1400,0,0,0,0,0,1,,,,"_address","procedure",,,"reused","success",1400,1400,0,"complete"
call,"_rxsysb.ensure_address_runtime","direct_bytecode",15628,2800,0,0,0,0,0,0,,,,"_address","procedure",,,"reused","success",0,0,0,"complete"
call,"rxfnsb.strip","direct_bytecode",14006,1400,0,0,0,0,0,3,,,,"_address","procedure",,,"reused","success",1400,1400,0,"complete"
call,"_rxsysb.crexxaddressenvironment.environment_name","dynamic_bytecode",1943,1,0,0,0,0,0,1,,,,"benchmark_rexxcps_levelb_opaque_opt","method",,,"fresh","success",0,0,0,"complete"
call,"_rxsysb._address","direct_bytecode",2001,1,0,0,0,0,0,5,,,,"benchmark_rexxcps_levelb_opaque_opt","procedure",,,"fresh","success",3,3,0,"complete"
call,"_rxsysb.ensure_address_runtime","direct_bytecode",9012,1400,0,0,0,0,0,0,,,,"_address","procedure",,,"reused","success",0,0,0,"complete"
call,"rxfnsb.strip","direct_bytecode",9036,1400,0,0,0,0,0,3,,,,"_address","procedure",,,"reused","success",1400,1400,0,"complete"
call,"_rxsysb._set_address_environment","direct_bytecode",9071,1,0,0,0,0,0,1,,,,"_address","procedure",,,"fresh","success",1,1,0,"complete"
call,"_rxsysb.ensure_address_runtime","direct_bytecode",16316,1400,0,0,0,0,0,0,,,,"_address","procedure",,,"reused","success",0,0,0,"complete"
call,"rxfnsb.strip","direct_bytecode",16345,1400,0,0,0,0,0,3,,,,"_address","procedure",,,"reused","success",1400,1400,0,"complete"
call,"_rxsysb._ensure_address_environment","direct_bytecode",16406,1400,0,0,0,0,0,1,,,,"_address","procedure",,,"reused","success",1400,1400,0,"complete"
call,"_rxsysb.unknownaddressenvironment.§factory","dynamic_bytecode",15831,1,0,0,0,0,0,1,,,,"_address","factory",,,"fresh","success",0,0,0,"complete"
call,"rxfnsb.strip","direct_bytecode",7760,1,0,0,0,0,0,3,,,,"_address","procedure",,,"fresh","success",1,1,0,"complete"
call,"_rxsysb.unknownaddressenvironment.environment_id","dynamic_bytecode",15884,1,0,0,0,0,0,1,,,,"_address","method",,,"fresh","success",1,1,0,"complete"
call,"_rxsysb.unknownaddressenvironment.bind_environment","dynamic_bytecode",15916,1,0,0,0,0,0,3,,,,"_address","method",,,"fresh","success",3,3,0,"complete"
call,"rxfnsb.strip","direct_bytecode",7834,1,0,0,0,0,0,3,,,,"_address","procedure",,,"reused","success",1,1,0,"complete"
call,"rxfnsb.strip","direct_bytecode",16444,1400,0,0,0,0,0,3,,,,"_address","procedure",,,"reused","success",1400,1400,0,"complete"
call,"_rxsysb._current_address_environment","direct_bytecode",9087,1,0,0,0,0,0,0,,,,"_address","procedure",,,"fresh","success",0,0,0,"complete"
call,"_rxsysb.ensure_address_runtime","direct_bytecode",16543,1,0,0,0,0,0,0,,,,"_address","procedure",,,"fresh","success",0,0,0,"complete"
call,"_rxsysb.dispatch_address_request","direct_bytecode",9470,1,0,0,0,0,0,1,,,,"_address","procedure",,,"fresh","success",1,1,0,"complete"
call,"_rxsysb.ensure_address_runtime","direct_bytecode",17721,1400,0,0,0,0,0,0,,,,"_address","procedure",,,"reused","success",0,0,0,"complete"
call,"rxfnsb.strip","direct_bytecode",17759,1400,0,0,0,0,0,3,,,,"_address","procedure",,,"reused","success",1400,1400,0,"complete"
call,"rxfnsb.strip","direct_bytecode",17817,1400,0,0,0,0,0,3,,,,"_address","procedure",,,"reused","success",1400,1400,0,"complete"
call,"rxfnsb._trace_command_before","direct_bytecode",18224,1,0,0,0,0,0,2,,,,"_address","procedure",,,"fresh","success",2,2,0,"complete"
call,"rxfnsb._trace_ensure_runtime","direct_bytecode",19561,1,0,0,0,0,0,0,,,,"trace","procedure",,,"fresh","success",0,0,0,"complete"
call,"_rxsysb.unknownaddressenvironment.execute","dynamic_bytecode",18253,1,0,0,0,0,0,2,,,,"_address","method",,,"fresh","success",2,2,0,"complete"
call,"rxfnsb._trace_command_after","direct_bytecode",18329,1,0,0,0,0,0,4,,,,"_address","procedure",,,"fresh","success",4,4,0,"complete"
call,"rxfnsb._trace_ensure_runtime","direct_bytecode",19798,1400,0,0,0,0,0,0,,,,"trace","procedure",,,"reused","success",0,0,0,"complete"
call,"rxfnsb.upper","direct_bytecode",2042,1,0,0,0,0,0,1,,,,"benchmark_rexxcps_levelb_opaque_opt","procedure",,,"fresh","success",0,0,0,"complete"
call,"rxfnsb.upper","direct_bytecode",2074,1400,0,0,0,0,0,1,,,,"benchmark_rexxcps_levelb_opaque_opt","procedure",,,"reused","success",0,0,0,"complete"
call,"rxfnsb.parseexec","direct_bytecode",2110,1,0,0,0,0,0,4,,,,"benchmark_rexxcps_levelb_opaque_opt","procedure",,,"fresh","success",1,1,0,"complete"
call,"rxfnsb.parseexec","direct_bytecode",2212,1400,0,0,0,0,0,4,,,,"benchmark_rexxcps_levelb_opaque_opt","procedure",,,"reused","success",1400,1400,0,"complete"
call,"rxfnsb._stream_span","direct_bytecode",5606,1,0,0,0,0,0,3,,,,"parseExec","procedure",,,"fresh","success",2,2,0,"complete"
call,"rxfnsb.parseexec","direct_bytecode",2300,1400,0,0,0,0,0,4,,,,"benchmark_rexxcps_levelb_opaque_opt","procedure",,,"reused","success",1400,1400,0,"complete"
call,"rxfnsb._stream_span","direct_bytecode",5606,6999,0,0,0,0,0,3,,,,"parseExec","procedure",,,"reused","success",13998,13998,0,"complete"
call,"rxfnsb.parseexec","direct_bytecode",2378,1400,0,0,0,0,0,4,,,,"benchmark_rexxcps_levelb_opaque_opt","procedure",,,"reused","success",1400,1400,0,"complete"
call,"rxfnsb.parseexec","direct_bytecode",2456,1400,0,0,0,0,0,4,,,,"benchmark_rexxcps_levelb_opaque_opt","procedure",,,"reused","success",1400,1400,0,"complete"
call,"rxfnsb.parseexec","direct_bytecode",2534,1400,0,0,0,0,0,4,,,,"benchmark_rexxcps_levelb_opaque_opt","procedure",,,"reused","success",1400,1400,0,"complete"
call,"rxfnsb.stem.get","direct_bytecode",1584,1300,0,0,0,0,0,2,,,,"benchmark_rexxcps_levelb_opaque_opt","method",,,"reused","success",1300,1300,0,"complete"
call,"rxfnsb.stem.set","direct_bytecode",1620,1300,0,0,0,0,0,3,,,,"benchmark_rexxcps_levelb_opaque_opt","method",,,"reused","success",1300,1300,0,"complete"
call,"rxfnsb.parseexec","direct_bytecode",1808,1399,0,0,0,0,0,4,,,,"benchmark_rexxcps_levelb_opaque_opt","procedure",,,"reused","success",1399,1399,0,"complete"
call,"rxfnsb._trace_current_mode","direct_bytecode",1842,1,0,0,0,0,0,0,,,,"benchmark_rexxcps_levelb_opaque_opt","procedure",,,"fresh","success",0,0,0,"complete"
call,"rxfnsb._trace_mode_from_option","direct_bytecode",1852,1,0,0,0,0,0,1,,,,"benchmark_rexxcps_levelb_opaque_opt","procedure",,,"fresh","success",0,0,0,"complete"
call,"rxfnsb._trace_set","direct_bytecode",1862,1,0,0,0,0,0,1,,,,"benchmark_rexxcps_levelb_opaque_opt","procedure",,,"fresh","success",0,0,0,"complete"
call,"rexxcps_levelb_opaque.__rxtrace_reset_display_state","direct_bytecode",1876,1,0,0,0,0,0,0,,,,"benchmark_rexxcps_levelb_opaque_opt","procedure",,,"fresh","success",0,0,0,"complete"
call,"_rxsysb.ensure_address_runtime","direct_bytecode",13823,1399,0,0,0,0,0,0,,,,"_address","procedure",,,"reused","success",0,0,0,"complete"
call,"_rxsysb._current_address_environment","direct_bytecode",13876,1399,0,0,0,0,0,0,,,,"_address","procedure",,,"reused","success",0,0,0,"complete"
call,"_rxsysb.unknownaddressenvironment.environment_name","dynamic_bytecode",1943,1,0,0,0,0,0,1,,,,"benchmark_rexxcps_levelb_opaque_opt","method",,,"fresh","success",0,0,0,"complete"
call,"_rxsysb._address","direct_bytecode",2001,1399,0,0,0,0,0,5,,,,"benchmark_rexxcps_levelb_opaque_opt","procedure",,,"reused","success",4197,4197,0,"complete"
call,"_rxsysb._set_address_environment","direct_bytecode",9071,1399,0,0,0,0,0,1,,,,"_address","procedure",,,"reused","success",1399,1399,0,"complete"
call,"_rxsysb._current_address_environment","direct_bytecode",9087,1399,0,0,0,0,0,0,,,,"_address","procedure",,,"reused","success",0,0,0,"complete"
call,"_rxsysb.dispatch_address_request","direct_bytecode",9470,1399,0,0,0,0,0,1,,,,"_address","procedure",,,"reused","success",1399,1399,0,"complete"
call,"rxfnsb._trace_command_before","direct_bytecode",18224,1399,0,0,0,0,0,2,,,,"_address","procedure",,,"reused","success",2798,2798,0,"complete"
call,"rxfnsb._trace_ensure_runtime","direct_bytecode",19561,1399,0,0,0,0,0,0,,,,"trace","procedure",,,"reused","success",0,0,0,"complete"
call,"_rxsysb.unknownaddressenvironment.execute","dynamic_bytecode",18253,1399,0,0,0,0,0,2,,,,"_address","method",,,"reused","success",2798,2798,0,"complete"
call,"rxfnsb._trace_command_after","direct_bytecode",18329,1399,0,0,0,0,0,4,,,,"_address","procedure",,,"reused","success",5596,5596,0,"complete"
call,"rxfnsb.upper","direct_bytecode",2042,1399,0,0,0,0,0,1,,,,"benchmark_rexxcps_levelb_opaque_opt","procedure",,,"reused","success",0,0,0,"complete"
call,"rxfnsb.parseexec","direct_bytecode",2110,1399,0,0,0,0,0,4,,,,"benchmark_rexxcps_levelb_opaque_opt","procedure",,,"reused","success",1399,1399,0,"complete"
call,"rxfnsb.stem.set","direct_bytecode",894,1398,0,0,0,0,0,3,,,,"benchmark_rexxcps_levelb_opaque_opt","method",,,"reused","success",2796,2796,0,"complete"
call,"rxfnsb.stem.get","direct_bytecode",926,1398,0,0,0,0,0,2,,,,"benchmark_rexxcps_levelb_opaque_opt","method",,,"reused","success",1398,1398,0,"complete"
call,"_rxsysb.addressenv","direct_bytecode",1929,1398,0,0,0,0,0,1,,,,"benchmark_rexxcps_levelb_opaque_opt","procedure",,,"reused","success",0,0,0,"complete"
call,"_rxsysb._address_environment","direct_bytecode",15352,1398,0,0,0,0,0,1,,,,"_address","procedure",,,"reused","success",1398,1398,0,"complete"
call,"_rxsysb.unknownaddressenvironment.environment_name","dynamic_bytecode",1943,1398,0,0,0,0,0,1,,,,"benchmark_rexxcps_levelb_opaque_opt","method",,,"reused","success",0,0,0,"complete"
call,"rxfnsb.time","direct_bytecode",2619,1,0,0,0,0,0,1,,,,"benchmark_rexxcps_levelb_opaque_opt","procedure",,,"fresh","success",0,0,0,"complete"
call,"rxfnsb._trace_set","direct_bytecode",2642,1,0,0,0,0,0,1,,,,"benchmark_rexxcps_levelb_opaque_opt","procedure",,,"reused","success",0,0,0,"complete"
call,"rxfnsb._trace_current_mode","direct_bytecode",2649,1,0,0,0,0,0,0,,,,"benchmark_rexxcps_levelb_opaque_opt","procedure",,,"reused","success",0,0,0,"complete"
call,"rexxcps_levelb_opaque.__rxtrace_reset_display_state","direct_bytecode",2656,1,0,0,0,0,0,0,,,,"benchmark_rexxcps_levelb_opaque_opt","procedure",,,"reused","success",0,0,0,"complete"
call,"rxfnsb.format","direct_bytecode",2840,1,0,0,0,0,0,5,,,,"benchmark_rexxcps_levelb_opaque_opt","procedure",,,"fresh","success",1,1,0,"complete"
call,"rxfnsb.format","direct_bytecode",3088,1,0,0,0,0,0,5,,,,"benchmark_rexxcps_levelb_opaque_opt","procedure",,,"reused","success",0,0,0,"complete"
call,"rxfnsb.stem.get","direct_bytecode",3135,1,0,0,0,0,0,2,,,,"benchmark_rexxcps_levelb_opaque_opt","method",,,"reused","success",1,1,0,"complete"
call,"rxfnsb.stem.get","direct_bytecode",3164,1,0,0,0,0,0,2,,,,"benchmark_rexxcps_levelb_opaque_opt","method",,,"reused","success",1,1,0,"complete"
call,"rxfnsb.stem.get","direct_bytecode",3225,1,0,0,0,0,0,2,,,,"benchmark_rexxcps_levelb_opaque_opt","method",,,"reused","success",1,1,0,"complete"
