sample_id,stream,line_number,text
timing-Sieve-sieve-rxtvm-clang-r5-all-inline-warmup-1,stdout,1,benchmark=awfy_sieve repetitions=5500 result=669
timing-Sieve-sieve-rxtvm-clang-r5-all-inline-warmup-1,stdout,2,PASS: AWFY Sieve
timing-Sieve-sieve-rxbvm-clang-r5-all-inline-warmup-1,stdout,1,benchmark=awfy_sieve repetitions=5500 result=669
timing-Sieve-sieve-rxbvm-clang-r5-all-inline-warmup-1,stdout,2,PASS: AWFY Sieve
timing-Sieve-sieve-rxtvm-clang-r5-profile-15-warmup-1,stdout,1,benchmark=awfy_sieve repetitions=5500 result=669
timing-Sieve-sieve-rxtvm-clang-r5-profile-15-warmup-1,stdout,2,PASS: AWFY Sieve
timing-Sieve-sieve-rxbvm-clang-r5-profile-15-warmup-1,stdout,1,benchmark=awfy_sieve repetitions=5500 result=669
timing-Sieve-sieve-rxbvm-clang-r5-profile-15-warmup-1,stdout,2,PASS: AWFY Sieve
timing-Sieve-sieve-rxtvm-clang-r5-profile-20-warmup-1,stdout,1,benchmark=awfy_sieve repetitions=5500 result=669
timing-Sieve-sieve-rxtvm-clang-r5-profile-20-warmup-1,stdout,2,PASS: AWFY Sieve
timing-Sieve-sieve-rxbvm-clang-r5-profile-20-warmup-1,stdout,1,benchmark=awfy_sieve repetitions=5500 result=669
timing-Sieve-sieve-rxbvm-clang-r5-profile-20-warmup-1,stdout,2,PASS: AWFY Sieve
timing-Sieve-sieve-rxtvm-clang-r5-profile-30-warmup-1,stdout,1,benchmark=awfy_sieve repetitions=5500 result=669
timing-Sieve-sieve-rxtvm-clang-r5-profile-30-warmup-1,stdout,2,PASS: AWFY Sieve
timing-Sieve-sieve-rxbvm-clang-r5-profile-30-warmup-1,stdout,1,benchmark=awfy_sieve repetitions=5500 result=669
timing-Sieve-sieve-rxbvm-clang-r5-profile-30-warmup-1,stdout,2,PASS: AWFY Sieve
timing-Sieve-sieve-rxbvm-clang-r5-profile-30-warmup-2,stdout,1,benchmark=awfy_sieve repetitions=5500 result=669
timing-Sieve-sieve-rxbvm-clang-r5-profile-30-warmup-2,stdout,2,PASS: AWFY Sieve
timing-Sieve-sieve-rxtvm-clang-r5-profile-30-warmup-2,stdout,1,benchmark=awfy_sieve repetitions=5500 result=669
timing-Sieve-sieve-rxtvm-clang-r5-profile-30-warmup-2,stdout,2,PASS: AWFY Sieve
timing-Sieve-sieve-rxbvm-clang-r5-profile-20-warmup-2,stdout,1,benchmark=awfy_sieve repetitions=5500 result=669
timing-Sieve-sieve-rxbvm-clang-r5-profile-20-warmup-2,stdout,2,PASS: AWFY Sieve
timing-Sieve-sieve-rxtvm-clang-r5-profile-20-warmup-2,stdout,1,benchmark=awfy_sieve repetitions=5500 result=669
timing-Sieve-sieve-rxtvm-clang-r5-profile-20-warmup-2,stdout,2,PASS: AWFY Sieve
timing-Sieve-sieve-rxbvm-clang-r5-profile-15-warmup-2,stdout,1,benchmark=awfy_sieve repetitions=5500 result=669
timing-Sieve-sieve-rxbvm-clang-r5-profile-15-warmup-2,stdout,2,PASS: AWFY Sieve
timing-Sieve-sieve-rxtvm-clang-r5-profile-15-warmup-2,stdout,1,benchmark=awfy_sieve repetitions=5500 result=669
timing-Sieve-sieve-rxtvm-clang-r5-profile-15-warmup-2,stdout,2,PASS: AWFY Sieve
timing-Sieve-sieve-rxbvm-clang-r5-all-inline-warmup-2,stdout,1,benchmark=awfy_sieve repetitions=5500 result=669
timing-Sieve-sieve-rxbvm-clang-r5-all-inline-warmup-2,stdout,2,PASS: AWFY Sieve
timing-Sieve-sieve-rxtvm-clang-r5-all-inline-warmup-2,stdout,1,benchmark=awfy_sieve repetitions=5500 result=669
timing-Sieve-sieve-rxtvm-clang-r5-all-inline-warmup-2,stdout,2,PASS: AWFY Sieve
timing-Sieve-sieve-rxtvm-clang-r5-all-inline-recorded-1,stdout,1,benchmark=awfy_sieve repetitions=5500 result=669
timing-Sieve-sieve-rxtvm-clang-r5-all-inline-recorded-1,stdout,2,PASS: AWFY Sieve
timing-Sieve-sieve-rxbvm-clang-r5-all-inline-recorded-1,stdout,1,benchmark=awfy_sieve repetitions=5500 result=669
timing-Sieve-sieve-rxbvm-clang-r5-all-inline-recorded-1,stdout,2,PASS: AWFY Sieve
timing-Sieve-sieve-rxtvm-clang-r5-profile-15-recorded-1,stdout,1,benchmark=awfy_sieve repetitions=5500 result=669
timing-Sieve-sieve-rxtvm-clang-r5-profile-15-recorded-1,stdout,2,PASS: AWFY Sieve
timing-Sieve-sieve-rxbvm-clang-r5-profile-15-recorded-1,stdout,1,benchmark=awfy_sieve repetitions=5500 result=669
timing-Sieve-sieve-rxbvm-clang-r5-profile-15-recorded-1,stdout,2,PASS: AWFY Sieve
timing-Sieve-sieve-rxtvm-clang-r5-profile-20-recorded-1,stdout,1,benchmark=awfy_sieve repetitions=5500 result=669
timing-Sieve-sieve-rxtvm-clang-r5-profile-20-recorded-1,stdout,2,PASS: AWFY Sieve
timing-Sieve-sieve-rxbvm-clang-r5-profile-20-recorded-1,stdout,1,benchmark=awfy_sieve repetitions=5500 result=669
timing-Sieve-sieve-rxbvm-clang-r5-profile-20-recorded-1,stdout,2,PASS: AWFY Sieve
timing-Sieve-sieve-rxtvm-clang-r5-profile-30-recorded-1,stdout,1,benchmark=awfy_sieve repetitions=5500 result=669
timing-Sieve-sieve-rxtvm-clang-r5-profile-30-recorded-1,stdout,2,PASS: AWFY Sieve
timing-Sieve-sieve-rxbvm-clang-r5-profile-30-recorded-1,stdout,1,benchmark=awfy_sieve repetitions=5500 result=669
timing-Sieve-sieve-rxbvm-clang-r5-profile-30-recorded-1,stdout,2,PASS: AWFY Sieve
timing-Sieve-sieve-rxbvm-clang-r5-profile-30-recorded-2,stdout,1,benchmark=awfy_sieve repetitions=5500 result=669
timing-Sieve-sieve-rxbvm-clang-r5-profile-30-recorded-2,stdout,2,PASS: AWFY Sieve
timing-Sieve-sieve-rxtvm-clang-r5-profile-30-recorded-2,stdout,1,benchmark=awfy_sieve repetitions=5500 result=669
timing-Sieve-sieve-rxtvm-clang-r5-profile-30-recorded-2,stdout,2,PASS: AWFY Sieve
timing-Sieve-sieve-rxbvm-clang-r5-profile-20-recorded-2,stdout,1,benchmark=awfy_sieve repetitions=5500 result=669
timing-Sieve-sieve-rxbvm-clang-r5-profile-20-recorded-2,stdout,2,PASS: AWFY Sieve
timing-Sieve-sieve-rxtvm-clang-r5-profile-20-recorded-2,stdout,1,benchmark=awfy_sieve repetitions=5500 result=669
timing-Sieve-sieve-rxtvm-clang-r5-profile-20-recorded-2,stdout,2,PASS: AWFY Sieve
timing-Sieve-sieve-rxbvm-clang-r5-profile-15-recorded-2,stdout,1,benchmark=awfy_sieve repetitions=5500 result=669
timing-Sieve-sieve-rxbvm-clang-r5-profile-15-recorded-2,stdout,2,PASS: AWFY Sieve
timing-Sieve-sieve-rxtvm-clang-r5-profile-15-recorded-2,stdout,1,benchmark=awfy_sieve repetitions=5500 result=669
timing-Sieve-sieve-rxtvm-clang-r5-profile-15-recorded-2,stdout,2,PASS: AWFY Sieve
timing-Sieve-sieve-rxbvm-clang-r5-all-inline-recorded-2,stdout,1,benchmark=awfy_sieve repetitions=5500 result=669
timing-Sieve-sieve-rxbvm-clang-r5-all-inline-recorded-2,stdout,2,PASS: AWFY Sieve
timing-Sieve-sieve-rxtvm-clang-r5-all-inline-recorded-2,stdout,1,benchmark=awfy_sieve repetitions=5500 result=669
timing-Sieve-sieve-rxtvm-clang-r5-all-inline-recorded-2,stdout,2,PASS: AWFY Sieve
timing-Sieve-sieve-rxtvm-clang-r5-profile-15-recorded-3,stdout,1,benchmark=awfy_sieve repetitions=5500 result=669
timing-Sieve-sieve-rxtvm-clang-r5-profile-15-recorded-3,stdout,2,PASS: AWFY Sieve
timing-Sieve-sieve-rxbvm-clang-r5-profile-15-recorded-3,stdout,1,benchmark=awfy_sieve repetitions=5500 result=669
timing-Sieve-sieve-rxbvm-clang-r5-profile-15-recorded-3,stdout,2,PASS: AWFY Sieve
timing-Sieve-sieve-rxtvm-clang-r5-profile-20-recorded-3,stdout,1,benchmark=awfy_sieve repetitions=5500 result=669
timing-Sieve-sieve-rxtvm-clang-r5-profile-20-recorded-3,stdout,2,PASS: AWFY Sieve
timing-Sieve-sieve-rxbvm-clang-r5-profile-20-recorded-3,stdout,1,benchmark=awfy_sieve repetitions=5500 result=669
timing-Sieve-sieve-rxbvm-clang-r5-profile-20-recorded-3,stdout,2,PASS: AWFY Sieve
timing-Sieve-sieve-rxtvm-clang-r5-profile-30-recorded-3,stdout,1,benchmark=awfy_sieve repetitions=5500 result=669
timing-Sieve-sieve-rxtvm-clang-r5-profile-30-recorded-3,stdout,2,PASS: AWFY Sieve
timing-Sieve-sieve-rxbvm-clang-r5-profile-30-recorded-3,stdout,1,benchmark=awfy_sieve repetitions=5500 result=669
timing-Sieve-sieve-rxbvm-clang-r5-profile-30-recorded-3,stdout,2,PASS: AWFY Sieve
timing-Sieve-sieve-rxtvm-clang-r5-all-inline-recorded-3,stdout,1,benchmark=awfy_sieve repetitions=5500 result=669
timing-Sieve-sieve-rxtvm-clang-r5-all-inline-recorded-3,stdout,2,PASS: AWFY Sieve
timing-Sieve-sieve-rxbvm-clang-r5-all-inline-recorded-3,stdout,1,benchmark=awfy_sieve repetitions=5500 result=669
timing-Sieve-sieve-rxbvm-clang-r5-all-inline-recorded-3,stdout,2,PASS: AWFY Sieve
timing-Sieve-sieve-rxbvm-clang-r5-all-inline-recorded-4,stdout,1,benchmark=awfy_sieve repetitions=5500 result=669
timing-Sieve-sieve-rxbvm-clang-r5-all-inline-recorded-4,stdout,2,PASS: AWFY Sieve
timing-Sieve-sieve-rxtvm-clang-r5-all-inline-recorded-4,stdout,1,benchmark=awfy_sieve repetitions=5500 result=669
timing-Sieve-sieve-rxtvm-clang-r5-all-inline-recorded-4,stdout,2,PASS: AWFY Sieve
timing-Sieve-sieve-rxbvm-clang-r5-profile-30-recorded-4,stdout,1,benchmark=awfy_sieve repetitions=5500 result=669
timing-Sieve-sieve-rxbvm-clang-r5-profile-30-recorded-4,stdout,2,PASS: AWFY Sieve
timing-Sieve-sieve-rxtvm-clang-r5-profile-30-recorded-4,stdout,1,benchmark=awfy_sieve repetitions=5500 result=669
timing-Sieve-sieve-rxtvm-clang-r5-profile-30-recorded-4,stdout,2,PASS: AWFY Sieve
timing-Sieve-sieve-rxbvm-clang-r5-profile-20-recorded-4,stdout,1,benchmark=awfy_sieve repetitions=5500 result=669
timing-Sieve-sieve-rxbvm-clang-r5-profile-20-recorded-4,stdout,2,PASS: AWFY Sieve
timing-Sieve-sieve-rxtvm-clang-r5-profile-20-recorded-4,stdout,1,benchmark=awfy_sieve repetitions=5500 result=669
timing-Sieve-sieve-rxtvm-clang-r5-profile-20-recorded-4,stdout,2,PASS: AWFY Sieve
timing-Sieve-sieve-rxbvm-clang-r5-profile-15-recorded-4,stdout,1,benchmark=awfy_sieve repetitions=5500 result=669
timing-Sieve-sieve-rxbvm-clang-r5-profile-15-recorded-4,stdout,2,PASS: AWFY Sieve
timing-Sieve-sieve-rxtvm-clang-r5-profile-15-recorded-4,stdout,1,benchmark=awfy_sieve repetitions=5500 result=669
timing-Sieve-sieve-rxtvm-clang-r5-profile-15-recorded-4,stdout,2,PASS: AWFY Sieve
timing-Sieve-sieve-rxtvm-clang-r5-profile-20-recorded-5,stdout,1,benchmark=awfy_sieve repetitions=5500 result=669
timing-Sieve-sieve-rxtvm-clang-r5-profile-20-recorded-5,stdout,2,PASS: AWFY Sieve
timing-Sieve-sieve-rxbvm-clang-r5-profile-20-recorded-5,stdout,1,benchmark=awfy_sieve repetitions=5500 result=669
timing-Sieve-sieve-rxbvm-clang-r5-profile-20-recorded-5,stdout,2,PASS: AWFY Sieve
timing-Sieve-sieve-rxtvm-clang-r5-profile-30-recorded-5,stdout,1,benchmark=awfy_sieve repetitions=5500 result=669
timing-Sieve-sieve-rxtvm-clang-r5-profile-30-recorded-5,stdout,2,PASS: AWFY Sieve
timing-Sieve-sieve-rxbvm-clang-r5-profile-30-recorded-5,stdout,1,benchmark=awfy_sieve repetitions=5500 result=669
timing-Sieve-sieve-rxbvm-clang-r5-profile-30-recorded-5,stdout,2,PASS: AWFY Sieve
timing-Sieve-sieve-rxtvm-clang-r5-all-inline-recorded-5,stdout,1,benchmark=awfy_sieve repetitions=5500 result=669
timing-Sieve-sieve-rxtvm-clang-r5-all-inline-recorded-5,stdout,2,PASS: AWFY Sieve
timing-Sieve-sieve-rxbvm-clang-r5-all-inline-recorded-5,stdout,1,benchmark=awfy_sieve repetitions=5500 result=669
timing-Sieve-sieve-rxbvm-clang-r5-all-inline-recorded-5,stdout,2,PASS: AWFY Sieve
timing-Sieve-sieve-rxtvm-clang-r5-profile-15-recorded-5,stdout,1,benchmark=awfy_sieve repetitions=5500 result=669
timing-Sieve-sieve-rxtvm-clang-r5-profile-15-recorded-5,stdout,2,PASS: AWFY Sieve
timing-Sieve-sieve-rxbvm-clang-r5-profile-15-recorded-5,stdout,1,benchmark=awfy_sieve repetitions=5500 result=669
timing-Sieve-sieve-rxbvm-clang-r5-profile-15-recorded-5,stdout,2,PASS: AWFY Sieve
timing-Sieve-sieve-rxbvm-clang-r5-profile-15-recorded-6,stdout,1,benchmark=awfy_sieve repetitions=5500 result=669
timing-Sieve-sieve-rxbvm-clang-r5-profile-15-recorded-6,stdout,2,PASS: AWFY Sieve
timing-Sieve-sieve-rxtvm-clang-r5-profile-15-recorded-6,stdout,1,benchmark=awfy_sieve repetitions=5500 result=669
timing-Sieve-sieve-rxtvm-clang-r5-profile-15-recorded-6,stdout,2,PASS: AWFY Sieve
timing-Sieve-sieve-rxbvm-clang-r5-all-inline-recorded-6,stdout,1,benchmark=awfy_sieve repetitions=5500 result=669
timing-Sieve-sieve-rxbvm-clang-r5-all-inline-recorded-6,stdout,2,PASS: AWFY Sieve
timing-Sieve-sieve-rxtvm-clang-r5-all-inline-recorded-6,stdout,1,benchmark=awfy_sieve repetitions=5500 result=669
timing-Sieve-sieve-rxtvm-clang-r5-all-inline-recorded-6,stdout,2,PASS: AWFY Sieve
timing-Sieve-sieve-rxbvm-clang-r5-profile-30-recorded-6,stdout,1,benchmark=awfy_sieve repetitions=5500 result=669
timing-Sieve-sieve-rxbvm-clang-r5-profile-30-recorded-6,stdout,2,PASS: AWFY Sieve
timing-Sieve-sieve-rxtvm-clang-r5-profile-30-recorded-6,stdout,1,benchmark=awfy_sieve repetitions=5500 result=669
timing-Sieve-sieve-rxtvm-clang-r5-profile-30-recorded-6,stdout,2,PASS: AWFY Sieve
timing-Sieve-sieve-rxbvm-clang-r5-profile-20-recorded-6,stdout,1,benchmark=awfy_sieve repetitions=5500 result=669
timing-Sieve-sieve-rxbvm-clang-r5-profile-20-recorded-6,stdout,2,PASS: AWFY Sieve
timing-Sieve-sieve-rxtvm-clang-r5-profile-20-recorded-6,stdout,1,benchmark=awfy_sieve repetitions=5500 result=669
timing-Sieve-sieve-rxtvm-clang-r5-profile-20-recorded-6,stdout,2,PASS: AWFY Sieve
timing-Sieve-sieve-rxtvm-clang-r5-profile-30-recorded-7,stdout,1,benchmark=awfy_sieve repetitions=5500 result=669
timing-Sieve-sieve-rxtvm-clang-r5-profile-30-recorded-7,stdout,2,PASS: AWFY Sieve
timing-Sieve-sieve-rxbvm-clang-r5-profile-30-recorded-7,stdout,1,benchmark=awfy_sieve repetitions=5500 result=669
timing-Sieve-sieve-rxbvm-clang-r5-profile-30-recorded-7,stdout,2,PASS: AWFY Sieve
timing-Sieve-sieve-rxtvm-clang-r5-all-inline-recorded-7,stdout,1,benchmark=awfy_sieve repetitions=5500 result=669
timing-Sieve-sieve-rxtvm-clang-r5-all-inline-recorded-7,stdout,2,PASS: AWFY Sieve
timing-Sieve-sieve-rxbvm-clang-r5-all-inline-recorded-7,stdout,1,benchmark=awfy_sieve repetitions=5500 result=669
timing-Sieve-sieve-rxbvm-clang-r5-all-inline-recorded-7,stdout,2,PASS: AWFY Sieve
timing-Sieve-sieve-rxtvm-clang-r5-profile-15-recorded-7,stdout,1,benchmark=awfy_sieve repetitions=5500 result=669
timing-Sieve-sieve-rxtvm-clang-r5-profile-15-recorded-7,stdout,2,PASS: AWFY Sieve
timing-Sieve-sieve-rxbvm-clang-r5-profile-15-recorded-7,stdout,1,benchmark=awfy_sieve repetitions=5500 result=669
timing-Sieve-sieve-rxbvm-clang-r5-profile-15-recorded-7,stdout,2,PASS: AWFY Sieve
timing-Sieve-sieve-rxtvm-clang-r5-profile-20-recorded-7,stdout,1,benchmark=awfy_sieve repetitions=5500 result=669
timing-Sieve-sieve-rxtvm-clang-r5-profile-20-recorded-7,stdout,2,PASS: AWFY Sieve
timing-Sieve-sieve-rxbvm-clang-r5-profile-20-recorded-7,stdout,1,benchmark=awfy_sieve repetitions=5500 result=669
timing-Sieve-sieve-rxbvm-clang-r5-profile-20-recorded-7,stdout,2,PASS: AWFY Sieve
timing-Sieve-sieve-rxbvm-clang-r5-profile-20-recorded-8,stdout,1,benchmark=awfy_sieve repetitions=5500 result=669
timing-Sieve-sieve-rxbvm-clang-r5-profile-20-recorded-8,stdout,2,PASS: AWFY Sieve
timing-Sieve-sieve-rxtvm-clang-r5-profile-20-recorded-8,stdout,1,benchmark=awfy_sieve repetitions=5500 result=669
timing-Sieve-sieve-rxtvm-clang-r5-profile-20-recorded-8,stdout,2,PASS: AWFY Sieve
timing-Sieve-sieve-rxbvm-clang-r5-profile-15-recorded-8,stdout,1,benchmark=awfy_sieve repetitions=5500 result=669
timing-Sieve-sieve-rxbvm-clang-r5-profile-15-recorded-8,stdout,2,PASS: AWFY Sieve
timing-Sieve-sieve-rxtvm-clang-r5-profile-15-recorded-8,stdout,1,benchmark=awfy_sieve repetitions=5500 result=669
timing-Sieve-sieve-rxtvm-clang-r5-profile-15-recorded-8,stdout,2,PASS: AWFY Sieve
timing-Sieve-sieve-rxbvm-clang-r5-all-inline-recorded-8,stdout,1,benchmark=awfy_sieve repetitions=5500 result=669
timing-Sieve-sieve-rxbvm-clang-r5-all-inline-recorded-8,stdout,2,PASS: AWFY Sieve
timing-Sieve-sieve-rxtvm-clang-r5-all-inline-recorded-8,stdout,1,benchmark=awfy_sieve repetitions=5500 result=669
timing-Sieve-sieve-rxtvm-clang-r5-all-inline-recorded-8,stdout,2,PASS: AWFY Sieve
timing-Sieve-sieve-rxbvm-clang-r5-profile-30-recorded-8,stdout,1,benchmark=awfy_sieve repetitions=5500 result=669
timing-Sieve-sieve-rxbvm-clang-r5-profile-30-recorded-8,stdout,2,PASS: AWFY Sieve
timing-Sieve-sieve-rxtvm-clang-r5-profile-30-recorded-8,stdout,1,benchmark=awfy_sieve repetitions=5500 result=669
timing-Sieve-sieve-rxtvm-clang-r5-profile-30-recorded-8,stdout,2,PASS: AWFY Sieve
timing-Sieve-sieve-rxtvm-clang-r5-all-inline-recorded-9,stdout,1,benchmark=awfy_sieve repetitions=5500 result=669
timing-Sieve-sieve-rxtvm-clang-r5-all-inline-recorded-9,stdout,2,PASS: AWFY Sieve
timing-Sieve-sieve-rxbvm-clang-r5-all-inline-recorded-9,stdout,1,benchmark=awfy_sieve repetitions=5500 result=669
timing-Sieve-sieve-rxbvm-clang-r5-all-inline-recorded-9,stdout,2,PASS: AWFY Sieve
timing-Sieve-sieve-rxtvm-clang-r5-profile-15-recorded-9,stdout,1,benchmark=awfy_sieve repetitions=5500 result=669
timing-Sieve-sieve-rxtvm-clang-r5-profile-15-recorded-9,stdout,2,PASS: AWFY Sieve
timing-Sieve-sieve-rxbvm-clang-r5-profile-15-recorded-9,stdout,1,benchmark=awfy_sieve repetitions=5500 result=669
timing-Sieve-sieve-rxbvm-clang-r5-profile-15-recorded-9,stdout,2,PASS: AWFY Sieve
timing-Sieve-sieve-rxtvm-clang-r5-profile-20-recorded-9,stdout,1,benchmark=awfy_sieve repetitions=5500 result=669
timing-Sieve-sieve-rxtvm-clang-r5-profile-20-recorded-9,stdout,2,PASS: AWFY Sieve
timing-Sieve-sieve-rxbvm-clang-r5-profile-20-recorded-9,stdout,1,benchmark=awfy_sieve repetitions=5500 result=669
timing-Sieve-sieve-rxbvm-clang-r5-profile-20-recorded-9,stdout,2,PASS: AWFY Sieve
timing-Sieve-sieve-rxtvm-clang-r5-profile-30-recorded-9,stdout,1,benchmark=awfy_sieve repetitions=5500 result=669
timing-Sieve-sieve-rxtvm-clang-r5-profile-30-recorded-9,stdout,2,PASS: AWFY Sieve
timing-Sieve-sieve-rxbvm-clang-r5-profile-30-recorded-9,stdout,1,benchmark=awfy_sieve repetitions=5500 result=669
timing-Sieve-sieve-rxbvm-clang-r5-profile-30-recorded-9,stdout,2,PASS: AWFY Sieve
timing-Sieve-sieve-rxbvm-clang-r5-profile-30-recorded-10,stdout,1,benchmark=awfy_sieve repetitions=5500 result=669
timing-Sieve-sieve-rxbvm-clang-r5-profile-30-recorded-10,stdout,2,PASS: AWFY Sieve
timing-Sieve-sieve-rxtvm-clang-r5-profile-30-recorded-10,stdout,1,benchmark=awfy_sieve repetitions=5500 result=669
timing-Sieve-sieve-rxtvm-clang-r5-profile-30-recorded-10,stdout,2,PASS: AWFY Sieve
timing-Sieve-sieve-rxbvm-clang-r5-profile-20-recorded-10,stdout,1,benchmark=awfy_sieve repetitions=5500 result=669
timing-Sieve-sieve-rxbvm-clang-r5-profile-20-recorded-10,stdout,2,PASS: AWFY Sieve
timing-Sieve-sieve-rxtvm-clang-r5-profile-20-recorded-10,stdout,1,benchmark=awfy_sieve repetitions=5500 result=669
timing-Sieve-sieve-rxtvm-clang-r5-profile-20-recorded-10,stdout,2,PASS: AWFY Sieve
timing-Sieve-sieve-rxbvm-clang-r5-profile-15-recorded-10,stdout,1,benchmark=awfy_sieve repetitions=5500 result=669
timing-Sieve-sieve-rxbvm-clang-r5-profile-15-recorded-10,stdout,2,PASS: AWFY Sieve
timing-Sieve-sieve-rxtvm-clang-r5-profile-15-recorded-10,stdout,1,benchmark=awfy_sieve repetitions=5500 result=669
timing-Sieve-sieve-rxtvm-clang-r5-profile-15-recorded-10,stdout,2,PASS: AWFY Sieve
timing-Sieve-sieve-rxbvm-clang-r5-all-inline-recorded-10,stdout,1,benchmark=awfy_sieve repetitions=5500 result=669
timing-Sieve-sieve-rxbvm-clang-r5-all-inline-recorded-10,stdout,2,PASS: AWFY Sieve
timing-Sieve-sieve-rxtvm-clang-r5-all-inline-recorded-10,stdout,1,benchmark=awfy_sieve repetitions=5500 result=669
timing-Sieve-sieve-rxtvm-clang-r5-all-inline-recorded-10,stdout,2,PASS: AWFY Sieve
timing-Sieve-sieve-rxtvm-clang-r5-profile-15-recorded-11,stdout,1,benchmark=awfy_sieve repetitions=5500 result=669
timing-Sieve-sieve-rxtvm-clang-r5-profile-15-recorded-11,stdout,2,PASS: AWFY Sieve
timing-Sieve-sieve-rxbvm-clang-r5-profile-15-recorded-11,stdout,1,benchmark=awfy_sieve repetitions=5500 result=669
timing-Sieve-sieve-rxbvm-clang-r5-profile-15-recorded-11,stdout,2,PASS: AWFY Sieve
timing-Sieve-sieve-rxtvm-clang-r5-profile-20-recorded-11,stdout,1,benchmark=awfy_sieve repetitions=5500 result=669
timing-Sieve-sieve-rxtvm-clang-r5-profile-20-recorded-11,stdout,2,PASS: AWFY Sieve
timing-Sieve-sieve-rxbvm-clang-r5-profile-20-recorded-11,stdout,1,benchmark=awfy_sieve repetitions=5500 result=669
timing-Sieve-sieve-rxbvm-clang-r5-profile-20-recorded-11,stdout,2,PASS: AWFY Sieve
timing-Sieve-sieve-rxtvm-clang-r5-profile-30-recorded-11,stdout,1,benchmark=awfy_sieve repetitions=5500 result=669
timing-Sieve-sieve-rxtvm-clang-r5-profile-30-recorded-11,stdout,2,PASS: AWFY Sieve
timing-Sieve-sieve-rxbvm-clang-r5-profile-30-recorded-11,stdout,1,benchmark=awfy_sieve repetitions=5500 result=669
timing-Sieve-sieve-rxbvm-clang-r5-profile-30-recorded-11,stdout,2,PASS: AWFY Sieve
timing-Sieve-sieve-rxtvm-clang-r5-all-inline-recorded-11,stdout,1,benchmark=awfy_sieve repetitions=5500 result=669
timing-Sieve-sieve-rxtvm-clang-r5-all-inline-recorded-11,stdout,2,PASS: AWFY Sieve
timing-Sieve-sieve-rxbvm-clang-r5-all-inline-recorded-11,stdout,1,benchmark=awfy_sieve repetitions=5500 result=669
timing-Sieve-sieve-rxbvm-clang-r5-all-inline-recorded-11,stdout,2,PASS: AWFY Sieve
timing-Sieve-sieve-rxbvm-clang-r5-all-inline-recorded-12,stdout,1,benchmark=awfy_sieve repetitions=5500 result=669
timing-Sieve-sieve-rxbvm-clang-r5-all-inline-recorded-12,stdout,2,PASS: AWFY Sieve
timing-Sieve-sieve-rxtvm-clang-r5-all-inline-recorded-12,stdout,1,benchmark=awfy_sieve repetitions=5500 result=669
timing-Sieve-sieve-rxtvm-clang-r5-all-inline-recorded-12,stdout,2,PASS: AWFY Sieve
timing-Sieve-sieve-rxbvm-clang-r5-profile-30-recorded-12,stdout,1,benchmark=awfy_sieve repetitions=5500 result=669
timing-Sieve-sieve-rxbvm-clang-r5-profile-30-recorded-12,stdout,2,PASS: AWFY Sieve
timing-Sieve-sieve-rxtvm-clang-r5-profile-30-recorded-12,stdout,1,benchmark=awfy_sieve repetitions=5500 result=669
timing-Sieve-sieve-rxtvm-clang-r5-profile-30-recorded-12,stdout,2,PASS: AWFY Sieve
timing-Sieve-sieve-rxbvm-clang-r5-profile-20-recorded-12,stdout,1,benchmark=awfy_sieve repetitions=5500 result=669
timing-Sieve-sieve-rxbvm-clang-r5-profile-20-recorded-12,stdout,2,PASS: AWFY Sieve
timing-Sieve-sieve-rxtvm-clang-r5-profile-20-recorded-12,stdout,1,benchmark=awfy_sieve repetitions=5500 result=669
timing-Sieve-sieve-rxtvm-clang-r5-profile-20-recorded-12,stdout,2,PASS: AWFY Sieve
timing-Sieve-sieve-rxbvm-clang-r5-profile-15-recorded-12,stdout,1,benchmark=awfy_sieve repetitions=5500 result=669
timing-Sieve-sieve-rxbvm-clang-r5-profile-15-recorded-12,stdout,2,PASS: AWFY Sieve
timing-Sieve-sieve-rxtvm-clang-r5-profile-15-recorded-12,stdout,1,benchmark=awfy_sieve repetitions=5500 result=669
timing-Sieve-sieve-rxtvm-clang-r5-profile-15-recorded-12,stdout,2,PASS: AWFY Sieve
timing-Permute-permute-rxtvm-clang-r5-all-inline-warmup-1,stdout,1,benchmark=awfy_permute repetitions=5000 result=8660
timing-Permute-permute-rxtvm-clang-r5-all-inline-warmup-1,stdout,2,PASS: AWFY Permute
timing-Permute-permute-rxbvm-clang-r5-all-inline-warmup-1,stdout,1,benchmark=awfy_permute repetitions=5000 result=8660
timing-Permute-permute-rxbvm-clang-r5-all-inline-warmup-1,stdout,2,PASS: AWFY Permute
timing-Permute-permute-rxtvm-clang-r5-profile-15-warmup-1,stdout,1,benchmark=awfy_permute repetitions=5000 result=8660
timing-Permute-permute-rxtvm-clang-r5-profile-15-warmup-1,stdout,2,PASS: AWFY Permute
timing-Permute-permute-rxbvm-clang-r5-profile-15-warmup-1,stdout,1,benchmark=awfy_permute repetitions=5000 result=8660
timing-Permute-permute-rxbvm-clang-r5-profile-15-warmup-1,stdout,2,PASS: AWFY Permute
timing-Permute-permute-rxtvm-clang-r5-profile-20-warmup-1,stdout,1,benchmark=awfy_permute repetitions=5000 result=8660
timing-Permute-permute-rxtvm-clang-r5-profile-20-warmup-1,stdout,2,PASS: AWFY Permute
timing-Permute-permute-rxbvm-clang-r5-profile-20-warmup-1,stdout,1,benchmark=awfy_permute repetitions=5000 result=8660
timing-Permute-permute-rxbvm-clang-r5-profile-20-warmup-1,stdout,2,PASS: AWFY Permute
timing-Permute-permute-rxtvm-clang-r5-profile-30-warmup-1,stdout,1,benchmark=awfy_permute repetitions=5000 result=8660
timing-Permute-permute-rxtvm-clang-r5-profile-30-warmup-1,stdout,2,PASS: AWFY Permute
timing-Permute-permute-rxbvm-clang-r5-profile-30-warmup-1,stdout,1,benchmark=awfy_permute repetitions=5000 result=8660
timing-Permute-permute-rxbvm-clang-r5-profile-30-warmup-1,stdout,2,PASS: AWFY Permute
timing-Permute-permute-rxbvm-clang-r5-profile-30-warmup-2,stdout,1,benchmark=awfy_permute repetitions=5000 result=8660
timing-Permute-permute-rxbvm-clang-r5-profile-30-warmup-2,stdout,2,PASS: AWFY Permute
timing-Permute-permute-rxtvm-clang-r5-profile-30-warmup-2,stdout,1,benchmark=awfy_permute repetitions=5000 result=8660
timing-Permute-permute-rxtvm-clang-r5-profile-30-warmup-2,stdout,2,PASS: AWFY Permute
timing-Permute-permute-rxbvm-clang-r5-profile-20-warmup-2,stdout,1,benchmark=awfy_permute repetitions=5000 result=8660
timing-Permute-permute-rxbvm-clang-r5-profile-20-warmup-2,stdout,2,PASS: AWFY Permute
timing-Permute-permute-rxtvm-clang-r5-profile-20-warmup-2,stdout,1,benchmark=awfy_permute repetitions=5000 result=8660
timing-Permute-permute-rxtvm-clang-r5-profile-20-warmup-2,stdout,2,PASS: AWFY Permute
timing-Permute-permute-rxbvm-clang-r5-profile-15-warmup-2,stdout,1,benchmark=awfy_permute repetitions=5000 result=8660
timing-Permute-permute-rxbvm-clang-r5-profile-15-warmup-2,stdout,2,PASS: AWFY Permute
timing-Permute-permute-rxtvm-clang-r5-profile-15-warmup-2,stdout,1,benchmark=awfy_permute repetitions=5000 result=8660
timing-Permute-permute-rxtvm-clang-r5-profile-15-warmup-2,stdout,2,PASS: AWFY Permute
timing-Permute-permute-rxbvm-clang-r5-all-inline-warmup-2,stdout,1,benchmark=awfy_permute repetitions=5000 result=8660
timing-Permute-permute-rxbvm-clang-r5-all-inline-warmup-2,stdout,2,PASS: AWFY Permute
timing-Permute-permute-rxtvm-clang-r5-all-inline-warmup-2,stdout,1,benchmark=awfy_permute repetitions=5000 result=8660
timing-Permute-permute-rxtvm-clang-r5-all-inline-warmup-2,stdout,2,PASS: AWFY Permute
timing-Permute-permute-rxtvm-clang-r5-all-inline-recorded-1,stdout,1,benchmark=awfy_permute repetitions=5000 result=8660
timing-Permute-permute-rxtvm-clang-r5-all-inline-recorded-1,stdout,2,PASS: AWFY Permute
timing-Permute-permute-rxbvm-clang-r5-all-inline-recorded-1,stdout,1,benchmark=awfy_permute repetitions=5000 result=8660
timing-Permute-permute-rxbvm-clang-r5-all-inline-recorded-1,stdout,2,PASS: AWFY Permute
timing-Permute-permute-rxtvm-clang-r5-profile-15-recorded-1,stdout,1,benchmark=awfy_permute repetitions=5000 result=8660
timing-Permute-permute-rxtvm-clang-r5-profile-15-recorded-1,stdout,2,PASS: AWFY Permute
timing-Permute-permute-rxbvm-clang-r5-profile-15-recorded-1,stdout,1,benchmark=awfy_permute repetitions=5000 result=8660
timing-Permute-permute-rxbvm-clang-r5-profile-15-recorded-1,stdout,2,PASS: AWFY Permute
timing-Permute-permute-rxtvm-clang-r5-profile-20-recorded-1,stdout,1,benchmark=awfy_permute repetitions=5000 result=8660
timing-Permute-permute-rxtvm-clang-r5-profile-20-recorded-1,stdout,2,PASS: AWFY Permute
timing-Permute-permute-rxbvm-clang-r5-profile-20-recorded-1,stdout,1,benchmark=awfy_permute repetitions=5000 result=8660
timing-Permute-permute-rxbvm-clang-r5-profile-20-recorded-1,stdout,2,PASS: AWFY Permute
timing-Permute-permute-rxtvm-clang-r5-profile-30-recorded-1,stdout,1,benchmark=awfy_permute repetitions=5000 result=8660
timing-Permute-permute-rxtvm-clang-r5-profile-30-recorded-1,stdout,2,PASS: AWFY Permute
timing-Permute-permute-rxbvm-clang-r5-profile-30-recorded-1,stdout,1,benchmark=awfy_permute repetitions=5000 result=8660
timing-Permute-permute-rxbvm-clang-r5-profile-30-recorded-1,stdout,2,PASS: AWFY Permute
timing-Permute-permute-rxbvm-clang-r5-profile-30-recorded-2,stdout,1,benchmark=awfy_permute repetitions=5000 result=8660
timing-Permute-permute-rxbvm-clang-r5-profile-30-recorded-2,stdout,2,PASS: AWFY Permute
timing-Permute-permute-rxtvm-clang-r5-profile-30-recorded-2,stdout,1,benchmark=awfy_permute repetitions=5000 result=8660
timing-Permute-permute-rxtvm-clang-r5-profile-30-recorded-2,stdout,2,PASS: AWFY Permute
timing-Permute-permute-rxbvm-clang-r5-profile-20-recorded-2,stdout,1,benchmark=awfy_permute repetitions=5000 result=8660
timing-Permute-permute-rxbvm-clang-r5-profile-20-recorded-2,stdout,2,PASS: AWFY Permute
timing-Permute-permute-rxtvm-clang-r5-profile-20-recorded-2,stdout,1,benchmark=awfy_permute repetitions=5000 result=8660
timing-Permute-permute-rxtvm-clang-r5-profile-20-recorded-2,stdout,2,PASS: AWFY Permute
timing-Permute-permute-rxbvm-clang-r5-profile-15-recorded-2,stdout,1,benchmark=awfy_permute repetitions=5000 result=8660
timing-Permute-permute-rxbvm-clang-r5-profile-15-recorded-2,stdout,2,PASS: AWFY Permute
timing-Permute-permute-rxtvm-clang-r5-profile-15-recorded-2,stdout,1,benchmark=awfy_permute repetitions=5000 result=8660
timing-Permute-permute-rxtvm-clang-r5-profile-15-recorded-2,stdout,2,PASS: AWFY Permute
timing-Permute-permute-rxbvm-clang-r5-all-inline-recorded-2,stdout,1,benchmark=awfy_permute repetitions=5000 result=8660
timing-Permute-permute-rxbvm-clang-r5-all-inline-recorded-2,stdout,2,PASS: AWFY Permute
timing-Permute-permute-rxtvm-clang-r5-all-inline-recorded-2,stdout,1,benchmark=awfy_permute repetitions=5000 result=8660
timing-Permute-permute-rxtvm-clang-r5-all-inline-recorded-2,stdout,2,PASS: AWFY Permute
timing-Permute-permute-rxtvm-clang-r5-profile-15-recorded-3,stdout,1,benchmark=awfy_permute repetitions=5000 result=8660
timing-Permute-permute-rxtvm-clang-r5-profile-15-recorded-3,stdout,2,PASS: AWFY Permute
timing-Permute-permute-rxbvm-clang-r5-profile-15-recorded-3,stdout,1,benchmark=awfy_permute repetitions=5000 result=8660
timing-Permute-permute-rxbvm-clang-r5-profile-15-recorded-3,stdout,2,PASS: AWFY Permute
timing-Permute-permute-rxtvm-clang-r5-profile-20-recorded-3,stdout,1,benchmark=awfy_permute repetitions=5000 result=8660
timing-Permute-permute-rxtvm-clang-r5-profile-20-recorded-3,stdout,2,PASS: AWFY Permute
timing-Permute-permute-rxbvm-clang-r5-profile-20-recorded-3,stdout,1,benchmark=awfy_permute repetitions=5000 result=8660
timing-Permute-permute-rxbvm-clang-r5-profile-20-recorded-3,stdout,2,PASS: AWFY Permute
timing-Permute-permute-rxtvm-clang-r5-profile-30-recorded-3,stdout,1,benchmark=awfy_permute repetitions=5000 result=8660
timing-Permute-permute-rxtvm-clang-r5-profile-30-recorded-3,stdout,2,PASS: AWFY Permute
timing-Permute-permute-rxbvm-clang-r5-profile-30-recorded-3,stdout,1,benchmark=awfy_permute repetitions=5000 result=8660
timing-Permute-permute-rxbvm-clang-r5-profile-30-recorded-3,stdout,2,PASS: AWFY Permute
timing-Permute-permute-rxtvm-clang-r5-all-inline-recorded-3,stdout,1,benchmark=awfy_permute repetitions=5000 result=8660
timing-Permute-permute-rxtvm-clang-r5-all-inline-recorded-3,stdout,2,PASS: AWFY Permute
timing-Permute-permute-rxbvm-clang-r5-all-inline-recorded-3,stdout,1,benchmark=awfy_permute repetitions=5000 result=8660
timing-Permute-permute-rxbvm-clang-r5-all-inline-recorded-3,stdout,2,PASS: AWFY Permute
timing-Permute-permute-rxbvm-clang-r5-all-inline-recorded-4,stdout,1,benchmark=awfy_permute repetitions=5000 result=8660
timing-Permute-permute-rxbvm-clang-r5-all-inline-recorded-4,stdout,2,PASS: AWFY Permute
timing-Permute-permute-rxtvm-clang-r5-all-inline-recorded-4,stdout,1,benchmark=awfy_permute repetitions=5000 result=8660
timing-Permute-permute-rxtvm-clang-r5-all-inline-recorded-4,stdout,2,PASS: AWFY Permute
timing-Permute-permute-rxbvm-clang-r5-profile-30-recorded-4,stdout,1,benchmark=awfy_permute repetitions=5000 result=8660
timing-Permute-permute-rxbvm-clang-r5-profile-30-recorded-4,stdout,2,PASS: AWFY Permute
timing-Permute-permute-rxtvm-clang-r5-profile-30-recorded-4,stdout,1,benchmark=awfy_permute repetitions=5000 result=8660
timing-Permute-permute-rxtvm-clang-r5-profile-30-recorded-4,stdout,2,PASS: AWFY Permute
timing-Permute-permute-rxbvm-clang-r5-profile-20-recorded-4,stdout,1,benchmark=awfy_permute repetitions=5000 result=8660
timing-Permute-permute-rxbvm-clang-r5-profile-20-recorded-4,stdout,2,PASS: AWFY Permute
timing-Permute-permute-rxtvm-clang-r5-profile-20-recorded-4,stdout,1,benchmark=awfy_permute repetitions=5000 result=8660
timing-Permute-permute-rxtvm-clang-r5-profile-20-recorded-4,stdout,2,PASS: AWFY Permute
timing-Permute-permute-rxbvm-clang-r5-profile-15-recorded-4,stdout,1,benchmark=awfy_permute repetitions=5000 result=8660
timing-Permute-permute-rxbvm-clang-r5-profile-15-recorded-4,stdout,2,PASS: AWFY Permute
timing-Permute-permute-rxtvm-clang-r5-profile-15-recorded-4,stdout,1,benchmark=awfy_permute repetitions=5000 result=8660
timing-Permute-permute-rxtvm-clang-r5-profile-15-recorded-4,stdout,2,PASS: AWFY Permute
timing-Permute-permute-rxtvm-clang-r5-profile-20-recorded-5,stdout,1,benchmark=awfy_permute repetitions=5000 result=8660
timing-Permute-permute-rxtvm-clang-r5-profile-20-recorded-5,stdout,2,PASS: AWFY Permute
timing-Permute-permute-rxbvm-clang-r5-profile-20-recorded-5,stdout,1,benchmark=awfy_permute repetitions=5000 result=8660
timing-Permute-permute-rxbvm-clang-r5-profile-20-recorded-5,stdout,2,PASS: AWFY Permute
timing-Permute-permute-rxtvm-clang-r5-profile-30-recorded-5,stdout,1,benchmark=awfy_permute repetitions=5000 result=8660
timing-Permute-permute-rxtvm-clang-r5-profile-30-recorded-5,stdout,2,PASS: AWFY Permute
timing-Permute-permute-rxbvm-clang-r5-profile-30-recorded-5,stdout,1,benchmark=awfy_permute repetitions=5000 result=8660
timing-Permute-permute-rxbvm-clang-r5-profile-30-recorded-5,stdout,2,PASS: AWFY Permute
timing-Permute-permute-rxtvm-clang-r5-all-inline-recorded-5,stdout,1,benchmark=awfy_permute repetitions=5000 result=8660
timing-Permute-permute-rxtvm-clang-r5-all-inline-recorded-5,stdout,2,PASS: AWFY Permute
timing-Permute-permute-rxbvm-clang-r5-all-inline-recorded-5,stdout,1,benchmark=awfy_permute repetitions=5000 result=8660
timing-Permute-permute-rxbvm-clang-r5-all-inline-recorded-5,stdout,2,PASS: AWFY Permute
timing-Permute-permute-rxtvm-clang-r5-profile-15-recorded-5,stdout,1,benchmark=awfy_permute repetitions=5000 result=8660
timing-Permute-permute-rxtvm-clang-r5-profile-15-recorded-5,stdout,2,PASS: AWFY Permute
timing-Permute-permute-rxbvm-clang-r5-profile-15-recorded-5,stdout,1,benchmark=awfy_permute repetitions=5000 result=8660
timing-Permute-permute-rxbvm-clang-r5-profile-15-recorded-5,stdout,2,PASS: AWFY Permute
timing-Permute-permute-rxbvm-clang-r5-profile-15-recorded-6,stdout,1,benchmark=awfy_permute repetitions=5000 result=8660
timing-Permute-permute-rxbvm-clang-r5-profile-15-recorded-6,stdout,2,PASS: AWFY Permute
timing-Permute-permute-rxtvm-clang-r5-profile-15-recorded-6,stdout,1,benchmark=awfy_permute repetitions=5000 result=8660
timing-Permute-permute-rxtvm-clang-r5-profile-15-recorded-6,stdout,2,PASS: AWFY Permute
timing-Permute-permute-rxbvm-clang-r5-all-inline-recorded-6,stdout,1,benchmark=awfy_permute repetitions=5000 result=8660
timing-Permute-permute-rxbvm-clang-r5-all-inline-recorded-6,stdout,2,PASS: AWFY Permute
timing-Permute-permute-rxtvm-clang-r5-all-inline-recorded-6,stdout,1,benchmark=awfy_permute repetitions=5000 result=8660
timing-Permute-permute-rxtvm-clang-r5-all-inline-recorded-6,stdout,2,PASS: AWFY Permute
timing-Permute-permute-rxbvm-clang-r5-profile-30-recorded-6,stdout,1,benchmark=awfy_permute repetitions=5000 result=8660
timing-Permute-permute-rxbvm-clang-r5-profile-30-recorded-6,stdout,2,PASS: AWFY Permute
timing-Permute-permute-rxtvm-clang-r5-profile-30-recorded-6,stdout,1,benchmark=awfy_permute repetitions=5000 result=8660
timing-Permute-permute-rxtvm-clang-r5-profile-30-recorded-6,stdout,2,PASS: AWFY Permute
timing-Permute-permute-rxbvm-clang-r5-profile-20-recorded-6,stdout,1,benchmark=awfy_permute repetitions=5000 result=8660
timing-Permute-permute-rxbvm-clang-r5-profile-20-recorded-6,stdout,2,PASS: AWFY Permute
timing-Permute-permute-rxtvm-clang-r5-profile-20-recorded-6,stdout,1,benchmark=awfy_permute repetitions=5000 result=8660
timing-Permute-permute-rxtvm-clang-r5-profile-20-recorded-6,stdout,2,PASS: AWFY Permute
timing-Permute-permute-rxtvm-clang-r5-profile-30-recorded-7,stdout,1,benchmark=awfy_permute repetitions=5000 result=8660
timing-Permute-permute-rxtvm-clang-r5-profile-30-recorded-7,stdout,2,PASS: AWFY Permute
timing-Permute-permute-rxbvm-clang-r5-profile-30-recorded-7,stdout,1,benchmark=awfy_permute repetitions=5000 result=8660
timing-Permute-permute-rxbvm-clang-r5-profile-30-recorded-7,stdout,2,PASS: AWFY Permute
timing-Permute-permute-rxtvm-clang-r5-all-inline-recorded-7,stdout,1,benchmark=awfy_permute repetitions=5000 result=8660
timing-Permute-permute-rxtvm-clang-r5-all-inline-recorded-7,stdout,2,PASS: AWFY Permute
timing-Permute-permute-rxbvm-clang-r5-all-inline-recorded-7,stdout,1,benchmark=awfy_permute repetitions=5000 result=8660
timing-Permute-permute-rxbvm-clang-r5-all-inline-recorded-7,stdout,2,PASS: AWFY Permute
timing-Permute-permute-rxtvm-clang-r5-profile-15-recorded-7,stdout,1,benchmark=awfy_permute repetitions=5000 result=8660
timing-Permute-permute-rxtvm-clang-r5-profile-15-recorded-7,stdout,2,PASS: AWFY Permute
timing-Permute-permute-rxbvm-clang-r5-profile-15-recorded-7,stdout,1,benchmark=awfy_permute repetitions=5000 result=8660
timing-Permute-permute-rxbvm-clang-r5-profile-15-recorded-7,stdout,2,PASS: AWFY Permute
timing-Permute-permute-rxtvm-clang-r5-profile-20-recorded-7,stdout,1,benchmark=awfy_permute repetitions=5000 result=8660
timing-Permute-permute-rxtvm-clang-r5-profile-20-recorded-7,stdout,2,PASS: AWFY Permute
timing-Permute-permute-rxbvm-clang-r5-profile-20-recorded-7,stdout,1,benchmark=awfy_permute repetitions=5000 result=8660
timing-Permute-permute-rxbvm-clang-r5-profile-20-recorded-7,stdout,2,PASS: AWFY Permute
timing-Permute-permute-rxbvm-clang-r5-profile-20-recorded-8,stdout,1,benchmark=awfy_permute repetitions=5000 result=8660
timing-Permute-permute-rxbvm-clang-r5-profile-20-recorded-8,stdout,2,PASS: AWFY Permute
timing-Permute-permute-rxtvm-clang-r5-profile-20-recorded-8,stdout,1,benchmark=awfy_permute repetitions=5000 result=8660
timing-Permute-permute-rxtvm-clang-r5-profile-20-recorded-8,stdout,2,PASS: AWFY Permute
timing-Permute-permute-rxbvm-clang-r5-profile-15-recorded-8,stdout,1,benchmark=awfy_permute repetitions=5000 result=8660
timing-Permute-permute-rxbvm-clang-r5-profile-15-recorded-8,stdout,2,PASS: AWFY Permute
timing-Permute-permute-rxtvm-clang-r5-profile-15-recorded-8,stdout,1,benchmark=awfy_permute repetitions=5000 result=8660
timing-Permute-permute-rxtvm-clang-r5-profile-15-recorded-8,stdout,2,PASS: AWFY Permute
timing-Permute-permute-rxbvm-clang-r5-all-inline-recorded-8,stdout,1,benchmark=awfy_permute repetitions=5000 result=8660
timing-Permute-permute-rxbvm-clang-r5-all-inline-recorded-8,stdout,2,PASS: AWFY Permute
timing-Permute-permute-rxtvm-clang-r5-all-inline-recorded-8,stdout,1,benchmark=awfy_permute repetitions=5000 result=8660
timing-Permute-permute-rxtvm-clang-r5-all-inline-recorded-8,stdout,2,PASS: AWFY Permute
timing-Permute-permute-rxbvm-clang-r5-profile-30-recorded-8,stdout,1,benchmark=awfy_permute repetitions=5000 result=8660
timing-Permute-permute-rxbvm-clang-r5-profile-30-recorded-8,stdout,2,PASS: AWFY Permute
timing-Permute-permute-rxtvm-clang-r5-profile-30-recorded-8,stdout,1,benchmark=awfy_permute repetitions=5000 result=8660
timing-Permute-permute-rxtvm-clang-r5-profile-30-recorded-8,stdout,2,PASS: AWFY Permute
timing-Permute-permute-rxtvm-clang-r5-all-inline-recorded-9,stdout,1,benchmark=awfy_permute repetitions=5000 result=8660
timing-Permute-permute-rxtvm-clang-r5-all-inline-recorded-9,stdout,2,PASS: AWFY Permute
timing-Permute-permute-rxbvm-clang-r5-all-inline-recorded-9,stdout,1,benchmark=awfy_permute repetitions=5000 result=8660
timing-Permute-permute-rxbvm-clang-r5-all-inline-recorded-9,stdout,2,PASS: AWFY Permute
timing-Permute-permute-rxtvm-clang-r5-profile-15-recorded-9,stdout,1,benchmark=awfy_permute repetitions=5000 result=8660
timing-Permute-permute-rxtvm-clang-r5-profile-15-recorded-9,stdout,2,PASS: AWFY Permute
timing-Permute-permute-rxbvm-clang-r5-profile-15-recorded-9,stdout,1,benchmark=awfy_permute repetitions=5000 result=8660
timing-Permute-permute-rxbvm-clang-r5-profile-15-recorded-9,stdout,2,PASS: AWFY Permute
timing-Permute-permute-rxtvm-clang-r5-profile-20-recorded-9,stdout,1,benchmark=awfy_permute repetitions=5000 result=8660
timing-Permute-permute-rxtvm-clang-r5-profile-20-recorded-9,stdout,2,PASS: AWFY Permute
timing-Permute-permute-rxbvm-clang-r5-profile-20-recorded-9,stdout,1,benchmark=awfy_permute repetitions=5000 result=8660
timing-Permute-permute-rxbvm-clang-r5-profile-20-recorded-9,stdout,2,PASS: AWFY Permute
timing-Permute-permute-rxtvm-clang-r5-profile-30-recorded-9,stdout,1,benchmark=awfy_permute repetitions=5000 result=8660
timing-Permute-permute-rxtvm-clang-r5-profile-30-recorded-9,stdout,2,PASS: AWFY Permute
timing-Permute-permute-rxbvm-clang-r5-profile-30-recorded-9,stdout,1,benchmark=awfy_permute repetitions=5000 result=8660
timing-Permute-permute-rxbvm-clang-r5-profile-30-recorded-9,stdout,2,PASS: AWFY Permute
timing-Permute-permute-rxbvm-clang-r5-profile-30-recorded-10,stdout,1,benchmark=awfy_permute repetitions=5000 result=8660
timing-Permute-permute-rxbvm-clang-r5-profile-30-recorded-10,stdout,2,PASS: AWFY Permute
timing-Permute-permute-rxtvm-clang-r5-profile-30-recorded-10,stdout,1,benchmark=awfy_permute repetitions=5000 result=8660
timing-Permute-permute-rxtvm-clang-r5-profile-30-recorded-10,stdout,2,PASS: AWFY Permute
timing-Permute-permute-rxbvm-clang-r5-profile-20-recorded-10,stdout,1,benchmark=awfy_permute repetitions=5000 result=8660
timing-Permute-permute-rxbvm-clang-r5-profile-20-recorded-10,stdout,2,PASS: AWFY Permute
timing-Permute-permute-rxtvm-clang-r5-profile-20-recorded-10,stdout,1,benchmark=awfy_permute repetitions=5000 result=8660
timing-Permute-permute-rxtvm-clang-r5-profile-20-recorded-10,stdout,2,PASS: AWFY Permute
timing-Permute-permute-rxbvm-clang-r5-profile-15-recorded-10,stdout,1,benchmark=awfy_permute repetitions=5000 result=8660
timing-Permute-permute-rxbvm-clang-r5-profile-15-recorded-10,stdout,2,PASS: AWFY Permute
timing-Permute-permute-rxtvm-clang-r5-profile-15-recorded-10,stdout,1,benchmark=awfy_permute repetitions=5000 result=8660
timing-Permute-permute-rxtvm-clang-r5-profile-15-recorded-10,stdout,2,PASS: AWFY Permute
timing-Permute-permute-rxbvm-clang-r5-all-inline-recorded-10,stdout,1,benchmark=awfy_permute repetitions=5000 result=8660
timing-Permute-permute-rxbvm-clang-r5-all-inline-recorded-10,stdout,2,PASS: AWFY Permute
timing-Permute-permute-rxtvm-clang-r5-all-inline-recorded-10,stdout,1,benchmark=awfy_permute repetitions=5000 result=8660
timing-Permute-permute-rxtvm-clang-r5-all-inline-recorded-10,stdout,2,PASS: AWFY Permute
timing-Permute-permute-rxtvm-clang-r5-profile-15-recorded-11,stdout,1,benchmark=awfy_permute repetitions=5000 result=8660
timing-Permute-permute-rxtvm-clang-r5-profile-15-recorded-11,stdout,2,PASS: AWFY Permute
timing-Permute-permute-rxbvm-clang-r5-profile-15-recorded-11,stdout,1,benchmark=awfy_permute repetitions=5000 result=8660
timing-Permute-permute-rxbvm-clang-r5-profile-15-recorded-11,stdout,2,PASS: AWFY Permute
timing-Permute-permute-rxtvm-clang-r5-profile-20-recorded-11,stdout,1,benchmark=awfy_permute repetitions=5000 result=8660
timing-Permute-permute-rxtvm-clang-r5-profile-20-recorded-11,stdout,2,PASS: AWFY Permute
timing-Permute-permute-rxbvm-clang-r5-profile-20-recorded-11,stdout,1,benchmark=awfy_permute repetitions=5000 result=8660
timing-Permute-permute-rxbvm-clang-r5-profile-20-recorded-11,stdout,2,PASS: AWFY Permute
timing-Permute-permute-rxtvm-clang-r5-profile-30-recorded-11,stdout,1,benchmark=awfy_permute repetitions=5000 result=8660
timing-Permute-permute-rxtvm-clang-r5-profile-30-recorded-11,stdout,2,PASS: AWFY Permute
timing-Permute-permute-rxbvm-clang-r5-profile-30-recorded-11,stdout,1,benchmark=awfy_permute repetitions=5000 result=8660
timing-Permute-permute-rxbvm-clang-r5-profile-30-recorded-11,stdout,2,PASS: AWFY Permute
timing-Permute-permute-rxtvm-clang-r5-all-inline-recorded-11,stdout,1,benchmark=awfy_permute repetitions=5000 result=8660
timing-Permute-permute-rxtvm-clang-r5-all-inline-recorded-11,stdout,2,PASS: AWFY Permute
timing-Permute-permute-rxbvm-clang-r5-all-inline-recorded-11,stdout,1,benchmark=awfy_permute repetitions=5000 result=8660
timing-Permute-permute-rxbvm-clang-r5-all-inline-recorded-11,stdout,2,PASS: AWFY Permute
timing-Permute-permute-rxbvm-clang-r5-all-inline-recorded-12,stdout,1,benchmark=awfy_permute repetitions=5000 result=8660
timing-Permute-permute-rxbvm-clang-r5-all-inline-recorded-12,stdout,2,PASS: AWFY Permute
timing-Permute-permute-rxtvm-clang-r5-all-inline-recorded-12,stdout,1,benchmark=awfy_permute repetitions=5000 result=8660
timing-Permute-permute-rxtvm-clang-r5-all-inline-recorded-12,stdout,2,PASS: AWFY Permute
timing-Permute-permute-rxbvm-clang-r5-profile-30-recorded-12,stdout,1,benchmark=awfy_permute repetitions=5000 result=8660
timing-Permute-permute-rxbvm-clang-r5-profile-30-recorded-12,stdout,2,PASS: AWFY Permute
timing-Permute-permute-rxtvm-clang-r5-profile-30-recorded-12,stdout,1,benchmark=awfy_permute repetitions=5000 result=8660
timing-Permute-permute-rxtvm-clang-r5-profile-30-recorded-12,stdout,2,PASS: AWFY Permute
timing-Permute-permute-rxbvm-clang-r5-profile-20-recorded-12,stdout,1,benchmark=awfy_permute repetitions=5000 result=8660
timing-Permute-permute-rxbvm-clang-r5-profile-20-recorded-12,stdout,2,PASS: AWFY Permute
timing-Permute-permute-rxtvm-clang-r5-profile-20-recorded-12,stdout,1,benchmark=awfy_permute repetitions=5000 result=8660
timing-Permute-permute-rxtvm-clang-r5-profile-20-recorded-12,stdout,2,PASS: AWFY Permute
timing-Permute-permute-rxbvm-clang-r5-profile-15-recorded-12,stdout,1,benchmark=awfy_permute repetitions=5000 result=8660
timing-Permute-permute-rxbvm-clang-r5-profile-15-recorded-12,stdout,2,PASS: AWFY Permute
timing-Permute-permute-rxtvm-clang-r5-profile-15-recorded-12,stdout,1,benchmark=awfy_permute repetitions=5000 result=8660
timing-Permute-permute-rxtvm-clang-r5-profile-15-recorded-12,stdout,2,PASS: AWFY Permute
timing-Bounce-bounce-rxtvm-clang-r5-all-inline-warmup-1,stdout,1,benchmark=awfy_bounce repetitions=4200 result=1331
timing-Bounce-bounce-rxtvm-clang-r5-all-inline-warmup-1,stdout,2,PASS: AWFY Bounce
timing-Bounce-bounce-rxbvm-clang-r5-all-inline-warmup-1,stdout,1,benchmark=awfy_bounce repetitions=4200 result=1331
timing-Bounce-bounce-rxbvm-clang-r5-all-inline-warmup-1,stdout,2,PASS: AWFY Bounce
timing-Bounce-bounce-rxtvm-clang-r5-profile-15-warmup-1,stdout,1,benchmark=awfy_bounce repetitions=4200 result=1331
timing-Bounce-bounce-rxtvm-clang-r5-profile-15-warmup-1,stdout,2,PASS: AWFY Bounce
timing-Bounce-bounce-rxbvm-clang-r5-profile-15-warmup-1,stdout,1,benchmark=awfy_bounce repetitions=4200 result=1331
timing-Bounce-bounce-rxbvm-clang-r5-profile-15-warmup-1,stdout,2,PASS: AWFY Bounce
timing-Bounce-bounce-rxtvm-clang-r5-profile-20-warmup-1,stdout,1,benchmark=awfy_bounce repetitions=4200 result=1331
timing-Bounce-bounce-rxtvm-clang-r5-profile-20-warmup-1,stdout,2,PASS: AWFY Bounce
timing-Bounce-bounce-rxbvm-clang-r5-profile-20-warmup-1,stdout,1,benchmark=awfy_bounce repetitions=4200 result=1331
timing-Bounce-bounce-rxbvm-clang-r5-profile-20-warmup-1,stdout,2,PASS: AWFY Bounce
timing-Bounce-bounce-rxtvm-clang-r5-profile-30-warmup-1,stdout,1,benchmark=awfy_bounce repetitions=4200 result=1331
timing-Bounce-bounce-rxtvm-clang-r5-profile-30-warmup-1,stdout,2,PASS: AWFY Bounce
timing-Bounce-bounce-rxbvm-clang-r5-profile-30-warmup-1,stdout,1,benchmark=awfy_bounce repetitions=4200 result=1331
timing-Bounce-bounce-rxbvm-clang-r5-profile-30-warmup-1,stdout,2,PASS: AWFY Bounce
timing-Bounce-bounce-rxbvm-clang-r5-profile-30-warmup-2,stdout,1,benchmark=awfy_bounce repetitions=4200 result=1331
timing-Bounce-bounce-rxbvm-clang-r5-profile-30-warmup-2,stdout,2,PASS: AWFY Bounce
timing-Bounce-bounce-rxtvm-clang-r5-profile-30-warmup-2,stdout,1,benchmark=awfy_bounce repetitions=4200 result=1331
timing-Bounce-bounce-rxtvm-clang-r5-profile-30-warmup-2,stdout,2,PASS: AWFY Bounce
timing-Bounce-bounce-rxbvm-clang-r5-profile-20-warmup-2,stdout,1,benchmark=awfy_bounce repetitions=4200 result=1331
timing-Bounce-bounce-rxbvm-clang-r5-profile-20-warmup-2,stdout,2,PASS: AWFY Bounce
timing-Bounce-bounce-rxtvm-clang-r5-profile-20-warmup-2,stdout,1,benchmark=awfy_bounce repetitions=4200 result=1331
timing-Bounce-bounce-rxtvm-clang-r5-profile-20-warmup-2,stdout,2,PASS: AWFY Bounce
timing-Bounce-bounce-rxbvm-clang-r5-profile-15-warmup-2,stdout,1,benchmark=awfy_bounce repetitions=4200 result=1331
timing-Bounce-bounce-rxbvm-clang-r5-profile-15-warmup-2,stdout,2,PASS: AWFY Bounce
timing-Bounce-bounce-rxtvm-clang-r5-profile-15-warmup-2,stdout,1,benchmark=awfy_bounce repetitions=4200 result=1331
timing-Bounce-bounce-rxtvm-clang-r5-profile-15-warmup-2,stdout,2,PASS: AWFY Bounce
timing-Bounce-bounce-rxbvm-clang-r5-all-inline-warmup-2,stdout,1,benchmark=awfy_bounce repetitions=4200 result=1331
timing-Bounce-bounce-rxbvm-clang-r5-all-inline-warmup-2,stdout,2,PASS: AWFY Bounce
timing-Bounce-bounce-rxtvm-clang-r5-all-inline-warmup-2,stdout,1,benchmark=awfy_bounce repetitions=4200 result=1331
timing-Bounce-bounce-rxtvm-clang-r5-all-inline-warmup-2,stdout,2,PASS: AWFY Bounce
timing-Bounce-bounce-rxtvm-clang-r5-all-inline-recorded-1,stdout,1,benchmark=awfy_bounce repetitions=4200 result=1331
timing-Bounce-bounce-rxtvm-clang-r5-all-inline-recorded-1,stdout,2,PASS: AWFY Bounce
timing-Bounce-bounce-rxbvm-clang-r5-all-inline-recorded-1,stdout,1,benchmark=awfy_bounce repetitions=4200 result=1331
timing-Bounce-bounce-rxbvm-clang-r5-all-inline-recorded-1,stdout,2,PASS: AWFY Bounce
timing-Bounce-bounce-rxtvm-clang-r5-profile-15-recorded-1,stdout,1,benchmark=awfy_bounce repetitions=4200 result=1331
timing-Bounce-bounce-rxtvm-clang-r5-profile-15-recorded-1,stdout,2,PASS: AWFY Bounce
timing-Bounce-bounce-rxbvm-clang-r5-profile-15-recorded-1,stdout,1,benchmark=awfy_bounce repetitions=4200 result=1331
timing-Bounce-bounce-rxbvm-clang-r5-profile-15-recorded-1,stdout,2,PASS: AWFY Bounce
timing-Bounce-bounce-rxtvm-clang-r5-profile-20-recorded-1,stdout,1,benchmark=awfy_bounce repetitions=4200 result=1331
timing-Bounce-bounce-rxtvm-clang-r5-profile-20-recorded-1,stdout,2,PASS: AWFY Bounce
timing-Bounce-bounce-rxbvm-clang-r5-profile-20-recorded-1,stdout,1,benchmark=awfy_bounce repetitions=4200 result=1331
timing-Bounce-bounce-rxbvm-clang-r5-profile-20-recorded-1,stdout,2,PASS: AWFY Bounce
timing-Bounce-bounce-rxtvm-clang-r5-profile-30-recorded-1,stdout,1,benchmark=awfy_bounce repetitions=4200 result=1331
timing-Bounce-bounce-rxtvm-clang-r5-profile-30-recorded-1,stdout,2,PASS: AWFY Bounce
timing-Bounce-bounce-rxbvm-clang-r5-profile-30-recorded-1,stdout,1,benchmark=awfy_bounce repetitions=4200 result=1331
timing-Bounce-bounce-rxbvm-clang-r5-profile-30-recorded-1,stdout,2,PASS: AWFY Bounce
timing-Bounce-bounce-rxbvm-clang-r5-profile-30-recorded-2,stdout,1,benchmark=awfy_bounce repetitions=4200 result=1331
timing-Bounce-bounce-rxbvm-clang-r5-profile-30-recorded-2,stdout,2,PASS: AWFY Bounce
timing-Bounce-bounce-rxtvm-clang-r5-profile-30-recorded-2,stdout,1,benchmark=awfy_bounce repetitions=4200 result=1331
timing-Bounce-bounce-rxtvm-clang-r5-profile-30-recorded-2,stdout,2,PASS: AWFY Bounce
timing-Bounce-bounce-rxbvm-clang-r5-profile-20-recorded-2,stdout,1,benchmark=awfy_bounce repetitions=4200 result=1331
timing-Bounce-bounce-rxbvm-clang-r5-profile-20-recorded-2,stdout,2,PASS: AWFY Bounce
timing-Bounce-bounce-rxtvm-clang-r5-profile-20-recorded-2,stdout,1,benchmark=awfy_bounce repetitions=4200 result=1331
timing-Bounce-bounce-rxtvm-clang-r5-profile-20-recorded-2,stdout,2,PASS: AWFY Bounce
timing-Bounce-bounce-rxbvm-clang-r5-profile-15-recorded-2,stdout,1,benchmark=awfy_bounce repetitions=4200 result=1331
timing-Bounce-bounce-rxbvm-clang-r5-profile-15-recorded-2,stdout,2,PASS: AWFY Bounce
timing-Bounce-bounce-rxtvm-clang-r5-profile-15-recorded-2,stdout,1,benchmark=awfy_bounce repetitions=4200 result=1331
timing-Bounce-bounce-rxtvm-clang-r5-profile-15-recorded-2,stdout,2,PASS: AWFY Bounce
timing-Bounce-bounce-rxbvm-clang-r5-all-inline-recorded-2,stdout,1,benchmark=awfy_bounce repetitions=4200 result=1331
timing-Bounce-bounce-rxbvm-clang-r5-all-inline-recorded-2,stdout,2,PASS: AWFY Bounce
timing-Bounce-bounce-rxtvm-clang-r5-all-inline-recorded-2,stdout,1,benchmark=awfy_bounce repetitions=4200 result=1331
timing-Bounce-bounce-rxtvm-clang-r5-all-inline-recorded-2,stdout,2,PASS: AWFY Bounce
timing-Bounce-bounce-rxtvm-clang-r5-profile-15-recorded-3,stdout,1,benchmark=awfy_bounce repetitions=4200 result=1331
timing-Bounce-bounce-rxtvm-clang-r5-profile-15-recorded-3,stdout,2,PASS: AWFY Bounce
timing-Bounce-bounce-rxbvm-clang-r5-profile-15-recorded-3,stdout,1,benchmark=awfy_bounce repetitions=4200 result=1331
timing-Bounce-bounce-rxbvm-clang-r5-profile-15-recorded-3,stdout,2,PASS: AWFY Bounce
timing-Bounce-bounce-rxtvm-clang-r5-profile-20-recorded-3,stdout,1,benchmark=awfy_bounce repetitions=4200 result=1331
timing-Bounce-bounce-rxtvm-clang-r5-profile-20-recorded-3,stdout,2,PASS: AWFY Bounce
timing-Bounce-bounce-rxbvm-clang-r5-profile-20-recorded-3,stdout,1,benchmark=awfy_bounce repetitions=4200 result=1331
timing-Bounce-bounce-rxbvm-clang-r5-profile-20-recorded-3,stdout,2,PASS: AWFY Bounce
timing-Bounce-bounce-rxtvm-clang-r5-profile-30-recorded-3,stdout,1,benchmark=awfy_bounce repetitions=4200 result=1331
timing-Bounce-bounce-rxtvm-clang-r5-profile-30-recorded-3,stdout,2,PASS: AWFY Bounce
timing-Bounce-bounce-rxbvm-clang-r5-profile-30-recorded-3,stdout,1,benchmark=awfy_bounce repetitions=4200 result=1331
timing-Bounce-bounce-rxbvm-clang-r5-profile-30-recorded-3,stdout,2,PASS: AWFY Bounce
timing-Bounce-bounce-rxtvm-clang-r5-all-inline-recorded-3,stdout,1,benchmark=awfy_bounce repetitions=4200 result=1331
timing-Bounce-bounce-rxtvm-clang-r5-all-inline-recorded-3,stdout,2,PASS: AWFY Bounce
timing-Bounce-bounce-rxbvm-clang-r5-all-inline-recorded-3,stdout,1,benchmark=awfy_bounce repetitions=4200 result=1331
timing-Bounce-bounce-rxbvm-clang-r5-all-inline-recorded-3,stdout,2,PASS: AWFY Bounce
timing-Bounce-bounce-rxbvm-clang-r5-all-inline-recorded-4,stdout,1,benchmark=awfy_bounce repetitions=4200 result=1331
timing-Bounce-bounce-rxbvm-clang-r5-all-inline-recorded-4,stdout,2,PASS: AWFY Bounce
timing-Bounce-bounce-rxtvm-clang-r5-all-inline-recorded-4,stdout,1,benchmark=awfy_bounce repetitions=4200 result=1331
timing-Bounce-bounce-rxtvm-clang-r5-all-inline-recorded-4,stdout,2,PASS: AWFY Bounce
timing-Bounce-bounce-rxbvm-clang-r5-profile-30-recorded-4,stdout,1,benchmark=awfy_bounce repetitions=4200 result=1331
timing-Bounce-bounce-rxbvm-clang-r5-profile-30-recorded-4,stdout,2,PASS: AWFY Bounce
timing-Bounce-bounce-rxtvm-clang-r5-profile-30-recorded-4,stdout,1,benchmark=awfy_bounce repetitions=4200 result=1331
timing-Bounce-bounce-rxtvm-clang-r5-profile-30-recorded-4,stdout,2,PASS: AWFY Bounce
timing-Bounce-bounce-rxbvm-clang-r5-profile-20-recorded-4,stdout,1,benchmark=awfy_bounce repetitions=4200 result=1331
timing-Bounce-bounce-rxbvm-clang-r5-profile-20-recorded-4,stdout,2,PASS: AWFY Bounce
timing-Bounce-bounce-rxtvm-clang-r5-profile-20-recorded-4,stdout,1,benchmark=awfy_bounce repetitions=4200 result=1331
timing-Bounce-bounce-rxtvm-clang-r5-profile-20-recorded-4,stdout,2,PASS: AWFY Bounce
timing-Bounce-bounce-rxbvm-clang-r5-profile-15-recorded-4,stdout,1,benchmark=awfy_bounce repetitions=4200 result=1331
timing-Bounce-bounce-rxbvm-clang-r5-profile-15-recorded-4,stdout,2,PASS: AWFY Bounce
timing-Bounce-bounce-rxtvm-clang-r5-profile-15-recorded-4,stdout,1,benchmark=awfy_bounce repetitions=4200 result=1331
timing-Bounce-bounce-rxtvm-clang-r5-profile-15-recorded-4,stdout,2,PASS: AWFY Bounce
timing-Bounce-bounce-rxtvm-clang-r5-profile-20-recorded-5,stdout,1,benchmark=awfy_bounce repetitions=4200 result=1331
timing-Bounce-bounce-rxtvm-clang-r5-profile-20-recorded-5,stdout,2,PASS: AWFY Bounce
timing-Bounce-bounce-rxbvm-clang-r5-profile-20-recorded-5,stdout,1,benchmark=awfy_bounce repetitions=4200 result=1331
timing-Bounce-bounce-rxbvm-clang-r5-profile-20-recorded-5,stdout,2,PASS: AWFY Bounce
timing-Bounce-bounce-rxtvm-clang-r5-profile-30-recorded-5,stdout,1,benchmark=awfy_bounce repetitions=4200 result=1331
timing-Bounce-bounce-rxtvm-clang-r5-profile-30-recorded-5,stdout,2,PASS: AWFY Bounce
timing-Bounce-bounce-rxbvm-clang-r5-profile-30-recorded-5,stdout,1,benchmark=awfy_bounce repetitions=4200 result=1331
timing-Bounce-bounce-rxbvm-clang-r5-profile-30-recorded-5,stdout,2,PASS: AWFY Bounce
timing-Bounce-bounce-rxtvm-clang-r5-all-inline-recorded-5,stdout,1,benchmark=awfy_bounce repetitions=4200 result=1331
timing-Bounce-bounce-rxtvm-clang-r5-all-inline-recorded-5,stdout,2,PASS: AWFY Bounce
timing-Bounce-bounce-rxbvm-clang-r5-all-inline-recorded-5,stdout,1,benchmark=awfy_bounce repetitions=4200 result=1331
timing-Bounce-bounce-rxbvm-clang-r5-all-inline-recorded-5,stdout,2,PASS: AWFY Bounce
timing-Bounce-bounce-rxtvm-clang-r5-profile-15-recorded-5,stdout,1,benchmark=awfy_bounce repetitions=4200 result=1331
timing-Bounce-bounce-rxtvm-clang-r5-profile-15-recorded-5,stdout,2,PASS: AWFY Bounce
timing-Bounce-bounce-rxbvm-clang-r5-profile-15-recorded-5,stdout,1,benchmark=awfy_bounce repetitions=4200 result=1331
timing-Bounce-bounce-rxbvm-clang-r5-profile-15-recorded-5,stdout,2,PASS: AWFY Bounce
timing-Bounce-bounce-rxbvm-clang-r5-profile-15-recorded-6,stdout,1,benchmark=awfy_bounce repetitions=4200 result=1331
timing-Bounce-bounce-rxbvm-clang-r5-profile-15-recorded-6,stdout,2,PASS: AWFY Bounce
timing-Bounce-bounce-rxtvm-clang-r5-profile-15-recorded-6,stdout,1,benchmark=awfy_bounce repetitions=4200 result=1331
timing-Bounce-bounce-rxtvm-clang-r5-profile-15-recorded-6,stdout,2,PASS: AWFY Bounce
timing-Bounce-bounce-rxbvm-clang-r5-all-inline-recorded-6,stdout,1,benchmark=awfy_bounce repetitions=4200 result=1331
timing-Bounce-bounce-rxbvm-clang-r5-all-inline-recorded-6,stdout,2,PASS: AWFY Bounce
timing-Bounce-bounce-rxtvm-clang-r5-all-inline-recorded-6,stdout,1,benchmark=awfy_bounce repetitions=4200 result=1331
timing-Bounce-bounce-rxtvm-clang-r5-all-inline-recorded-6,stdout,2,PASS: AWFY Bounce
timing-Bounce-bounce-rxbvm-clang-r5-profile-30-recorded-6,stdout,1,benchmark=awfy_bounce repetitions=4200 result=1331
timing-Bounce-bounce-rxbvm-clang-r5-profile-30-recorded-6,stdout,2,PASS: AWFY Bounce
timing-Bounce-bounce-rxtvm-clang-r5-profile-30-recorded-6,stdout,1,benchmark=awfy_bounce repetitions=4200 result=1331
timing-Bounce-bounce-rxtvm-clang-r5-profile-30-recorded-6,stdout,2,PASS: AWFY Bounce
timing-Bounce-bounce-rxbvm-clang-r5-profile-20-recorded-6,stdout,1,benchmark=awfy_bounce repetitions=4200 result=1331
timing-Bounce-bounce-rxbvm-clang-r5-profile-20-recorded-6,stdout,2,PASS: AWFY Bounce
timing-Bounce-bounce-rxtvm-clang-r5-profile-20-recorded-6,stdout,1,benchmark=awfy_bounce repetitions=4200 result=1331
timing-Bounce-bounce-rxtvm-clang-r5-profile-20-recorded-6,stdout,2,PASS: AWFY Bounce
timing-Bounce-bounce-rxtvm-clang-r5-profile-30-recorded-7,stdout,1,benchmark=awfy_bounce repetitions=4200 result=1331
timing-Bounce-bounce-rxtvm-clang-r5-profile-30-recorded-7,stdout,2,PASS: AWFY Bounce
timing-Bounce-bounce-rxbvm-clang-r5-profile-30-recorded-7,stdout,1,benchmark=awfy_bounce repetitions=4200 result=1331
timing-Bounce-bounce-rxbvm-clang-r5-profile-30-recorded-7,stdout,2,PASS: AWFY Bounce
timing-Bounce-bounce-rxtvm-clang-r5-all-inline-recorded-7,stdout,1,benchmark=awfy_bounce repetitions=4200 result=1331
timing-Bounce-bounce-rxtvm-clang-r5-all-inline-recorded-7,stdout,2,PASS: AWFY Bounce
timing-Bounce-bounce-rxbvm-clang-r5-all-inline-recorded-7,stdout,1,benchmark=awfy_bounce repetitions=4200 result=1331
timing-Bounce-bounce-rxbvm-clang-r5-all-inline-recorded-7,stdout,2,PASS: AWFY Bounce
timing-Bounce-bounce-rxtvm-clang-r5-profile-15-recorded-7,stdout,1,benchmark=awfy_bounce repetitions=4200 result=1331
timing-Bounce-bounce-rxtvm-clang-r5-profile-15-recorded-7,stdout,2,PASS: AWFY Bounce
timing-Bounce-bounce-rxbvm-clang-r5-profile-15-recorded-7,stdout,1,benchmark=awfy_bounce repetitions=4200 result=1331
timing-Bounce-bounce-rxbvm-clang-r5-profile-15-recorded-7,stdout,2,PASS: AWFY Bounce
timing-Bounce-bounce-rxtvm-clang-r5-profile-20-recorded-7,stdout,1,benchmark=awfy_bounce repetitions=4200 result=1331
timing-Bounce-bounce-rxtvm-clang-r5-profile-20-recorded-7,stdout,2,PASS: AWFY Bounce
timing-Bounce-bounce-rxbvm-clang-r5-profile-20-recorded-7,stdout,1,benchmark=awfy_bounce repetitions=4200 result=1331
timing-Bounce-bounce-rxbvm-clang-r5-profile-20-recorded-7,stdout,2,PASS: AWFY Bounce
timing-Bounce-bounce-rxbvm-clang-r5-profile-20-recorded-8,stdout,1,benchmark=awfy_bounce repetitions=4200 result=1331
timing-Bounce-bounce-rxbvm-clang-r5-profile-20-recorded-8,stdout,2,PASS: AWFY Bounce
timing-Bounce-bounce-rxtvm-clang-r5-profile-20-recorded-8,stdout,1,benchmark=awfy_bounce repetitions=4200 result=1331
timing-Bounce-bounce-rxtvm-clang-r5-profile-20-recorded-8,stdout,2,PASS: AWFY Bounce
timing-Bounce-bounce-rxbvm-clang-r5-profile-15-recorded-8,stdout,1,benchmark=awfy_bounce repetitions=4200 result=1331
timing-Bounce-bounce-rxbvm-clang-r5-profile-15-recorded-8,stdout,2,PASS: AWFY Bounce
timing-Bounce-bounce-rxtvm-clang-r5-profile-15-recorded-8,stdout,1,benchmark=awfy_bounce repetitions=4200 result=1331
timing-Bounce-bounce-rxtvm-clang-r5-profile-15-recorded-8,stdout,2,PASS: AWFY Bounce
timing-Bounce-bounce-rxbvm-clang-r5-all-inline-recorded-8,stdout,1,benchmark=awfy_bounce repetitions=4200 result=1331
timing-Bounce-bounce-rxbvm-clang-r5-all-inline-recorded-8,stdout,2,PASS: AWFY Bounce
timing-Bounce-bounce-rxtvm-clang-r5-all-inline-recorded-8,stdout,1,benchmark=awfy_bounce repetitions=4200 result=1331
timing-Bounce-bounce-rxtvm-clang-r5-all-inline-recorded-8,stdout,2,PASS: AWFY Bounce
timing-Bounce-bounce-rxbvm-clang-r5-profile-30-recorded-8,stdout,1,benchmark=awfy_bounce repetitions=4200 result=1331
timing-Bounce-bounce-rxbvm-clang-r5-profile-30-recorded-8,stdout,2,PASS: AWFY Bounce
timing-Bounce-bounce-rxtvm-clang-r5-profile-30-recorded-8,stdout,1,benchmark=awfy_bounce repetitions=4200 result=1331
timing-Bounce-bounce-rxtvm-clang-r5-profile-30-recorded-8,stdout,2,PASS: AWFY Bounce
timing-Bounce-bounce-rxtvm-clang-r5-all-inline-recorded-9,stdout,1,benchmark=awfy_bounce repetitions=4200 result=1331
timing-Bounce-bounce-rxtvm-clang-r5-all-inline-recorded-9,stdout,2,PASS: AWFY Bounce
timing-Bounce-bounce-rxbvm-clang-r5-all-inline-recorded-9,stdout,1,benchmark=awfy_bounce repetitions=4200 result=1331
timing-Bounce-bounce-rxbvm-clang-r5-all-inline-recorded-9,stdout,2,PASS: AWFY Bounce
timing-Bounce-bounce-rxtvm-clang-r5-profile-15-recorded-9,stdout,1,benchmark=awfy_bounce repetitions=4200 result=1331
timing-Bounce-bounce-rxtvm-clang-r5-profile-15-recorded-9,stdout,2,PASS: AWFY Bounce
timing-Bounce-bounce-rxbvm-clang-r5-profile-15-recorded-9,stdout,1,benchmark=awfy_bounce repetitions=4200 result=1331
timing-Bounce-bounce-rxbvm-clang-r5-profile-15-recorded-9,stdout,2,PASS: AWFY Bounce
timing-Bounce-bounce-rxtvm-clang-r5-profile-20-recorded-9,stdout,1,benchmark=awfy_bounce repetitions=4200 result=1331
timing-Bounce-bounce-rxtvm-clang-r5-profile-20-recorded-9,stdout,2,PASS: AWFY Bounce
timing-Bounce-bounce-rxbvm-clang-r5-profile-20-recorded-9,stdout,1,benchmark=awfy_bounce repetitions=4200 result=1331
timing-Bounce-bounce-rxbvm-clang-r5-profile-20-recorded-9,stdout,2,PASS: AWFY Bounce
timing-Bounce-bounce-rxtvm-clang-r5-profile-30-recorded-9,stdout,1,benchmark=awfy_bounce repetitions=4200 result=1331
timing-Bounce-bounce-rxtvm-clang-r5-profile-30-recorded-9,stdout,2,PASS: AWFY Bounce
timing-Bounce-bounce-rxbvm-clang-r5-profile-30-recorded-9,stdout,1,benchmark=awfy_bounce repetitions=4200 result=1331
timing-Bounce-bounce-rxbvm-clang-r5-profile-30-recorded-9,stdout,2,PASS: AWFY Bounce
timing-Bounce-bounce-rxbvm-clang-r5-profile-30-recorded-10,stdout,1,benchmark=awfy_bounce repetitions=4200 result=1331
timing-Bounce-bounce-rxbvm-clang-r5-profile-30-recorded-10,stdout,2,PASS: AWFY Bounce
timing-Bounce-bounce-rxtvm-clang-r5-profile-30-recorded-10,stdout,1,benchmark=awfy_bounce repetitions=4200 result=1331
timing-Bounce-bounce-rxtvm-clang-r5-profile-30-recorded-10,stdout,2,PASS: AWFY Bounce
timing-Bounce-bounce-rxbvm-clang-r5-profile-20-recorded-10,stdout,1,benchmark=awfy_bounce repetitions=4200 result=1331
timing-Bounce-bounce-rxbvm-clang-r5-profile-20-recorded-10,stdout,2,PASS: AWFY Bounce
timing-Bounce-bounce-rxtvm-clang-r5-profile-20-recorded-10,stdout,1,benchmark=awfy_bounce repetitions=4200 result=1331
timing-Bounce-bounce-rxtvm-clang-r5-profile-20-recorded-10,stdout,2,PASS: AWFY Bounce
timing-Bounce-bounce-rxbvm-clang-r5-profile-15-recorded-10,stdout,1,benchmark=awfy_bounce repetitions=4200 result=1331
timing-Bounce-bounce-rxbvm-clang-r5-profile-15-recorded-10,stdout,2,PASS: AWFY Bounce
timing-Bounce-bounce-rxtvm-clang-r5-profile-15-recorded-10,stdout,1,benchmark=awfy_bounce repetitions=4200 result=1331
timing-Bounce-bounce-rxtvm-clang-r5-profile-15-recorded-10,stdout,2,PASS: AWFY Bounce
timing-Bounce-bounce-rxbvm-clang-r5-all-inline-recorded-10,stdout,1,benchmark=awfy_bounce repetitions=4200 result=1331
timing-Bounce-bounce-rxbvm-clang-r5-all-inline-recorded-10,stdout,2,PASS: AWFY Bounce
timing-Bounce-bounce-rxtvm-clang-r5-all-inline-recorded-10,stdout,1,benchmark=awfy_bounce repetitions=4200 result=1331
timing-Bounce-bounce-rxtvm-clang-r5-all-inline-recorded-10,stdout,2,PASS: AWFY Bounce
timing-Bounce-bounce-rxtvm-clang-r5-profile-15-recorded-11,stdout,1,benchmark=awfy_bounce repetitions=4200 result=1331
timing-Bounce-bounce-rxtvm-clang-r5-profile-15-recorded-11,stdout,2,PASS: AWFY Bounce
timing-Bounce-bounce-rxbvm-clang-r5-profile-15-recorded-11,stdout,1,benchmark=awfy_bounce repetitions=4200 result=1331
timing-Bounce-bounce-rxbvm-clang-r5-profile-15-recorded-11,stdout,2,PASS: AWFY Bounce
timing-Bounce-bounce-rxtvm-clang-r5-profile-20-recorded-11,stdout,1,benchmark=awfy_bounce repetitions=4200 result=1331
timing-Bounce-bounce-rxtvm-clang-r5-profile-20-recorded-11,stdout,2,PASS: AWFY Bounce
timing-Bounce-bounce-rxbvm-clang-r5-profile-20-recorded-11,stdout,1,benchmark=awfy_bounce repetitions=4200 result=1331
timing-Bounce-bounce-rxbvm-clang-r5-profile-20-recorded-11,stdout,2,PASS: AWFY Bounce
timing-Bounce-bounce-rxtvm-clang-r5-profile-30-recorded-11,stdout,1,benchmark=awfy_bounce repetitions=4200 result=1331
timing-Bounce-bounce-rxtvm-clang-r5-profile-30-recorded-11,stdout,2,PASS: AWFY Bounce
timing-Bounce-bounce-rxbvm-clang-r5-profile-30-recorded-11,stdout,1,benchmark=awfy_bounce repetitions=4200 result=1331
timing-Bounce-bounce-rxbvm-clang-r5-profile-30-recorded-11,stdout,2,PASS: AWFY Bounce
timing-Bounce-bounce-rxtvm-clang-r5-all-inline-recorded-11,stdout,1,benchmark=awfy_bounce repetitions=4200 result=1331
timing-Bounce-bounce-rxtvm-clang-r5-all-inline-recorded-11,stdout,2,PASS: AWFY Bounce
timing-Bounce-bounce-rxbvm-clang-r5-all-inline-recorded-11,stdout,1,benchmark=awfy_bounce repetitions=4200 result=1331
timing-Bounce-bounce-rxbvm-clang-r5-all-inline-recorded-11,stdout,2,PASS: AWFY Bounce
timing-Bounce-bounce-rxbvm-clang-r5-all-inline-recorded-12,stdout,1,benchmark=awfy_bounce repetitions=4200 result=1331
timing-Bounce-bounce-rxbvm-clang-r5-all-inline-recorded-12,stdout,2,PASS: AWFY Bounce
timing-Bounce-bounce-rxtvm-clang-r5-all-inline-recorded-12,stdout,1,benchmark=awfy_bounce repetitions=4200 result=1331
timing-Bounce-bounce-rxtvm-clang-r5-all-inline-recorded-12,stdout,2,PASS: AWFY Bounce
timing-Bounce-bounce-rxbvm-clang-r5-profile-30-recorded-12,stdout,1,benchmark=awfy_bounce repetitions=4200 result=1331
timing-Bounce-bounce-rxbvm-clang-r5-profile-30-recorded-12,stdout,2,PASS: AWFY Bounce
timing-Bounce-bounce-rxtvm-clang-r5-profile-30-recorded-12,stdout,1,benchmark=awfy_bounce repetitions=4200 result=1331
timing-Bounce-bounce-rxtvm-clang-r5-profile-30-recorded-12,stdout,2,PASS: AWFY Bounce
timing-Bounce-bounce-rxbvm-clang-r5-profile-20-recorded-12,stdout,1,benchmark=awfy_bounce repetitions=4200 result=1331
timing-Bounce-bounce-rxbvm-clang-r5-profile-20-recorded-12,stdout,2,PASS: AWFY Bounce
timing-Bounce-bounce-rxtvm-clang-r5-profile-20-recorded-12,stdout,1,benchmark=awfy_bounce repetitions=4200 result=1331
timing-Bounce-bounce-rxtvm-clang-r5-profile-20-recorded-12,stdout,2,PASS: AWFY Bounce
timing-Bounce-bounce-rxbvm-clang-r5-profile-15-recorded-12,stdout,1,benchmark=awfy_bounce repetitions=4200 result=1331
timing-Bounce-bounce-rxbvm-clang-r5-profile-15-recorded-12,stdout,2,PASS: AWFY Bounce
timing-Bounce-bounce-rxtvm-clang-r5-profile-15-recorded-12,stdout,1,benchmark=awfy_bounce repetitions=4200 result=1331
timing-Bounce-bounce-rxtvm-clang-r5-profile-15-recorded-12,stdout,2,PASS: AWFY Bounce
timing-Richards-richards-rxtvm-clang-r5-all-inline-warmup-1,stdout,1,benchmark=awfy_richards repetitions=20 queue_packets=23246 holds=9297
timing-Richards-richards-rxtvm-clang-r5-all-inline-warmup-1,stdout,2,PASS: AWFY Richards
timing-Richards-richards-rxbvm-clang-r5-all-inline-warmup-1,stdout,1,benchmark=awfy_richards repetitions=20 queue_packets=23246 holds=9297
timing-Richards-richards-rxbvm-clang-r5-all-inline-warmup-1,stdout,2,PASS: AWFY Richards
timing-Richards-richards-rxtvm-clang-r5-profile-15-warmup-1,stdout,1,benchmark=awfy_richards repetitions=20 queue_packets=23246 holds=9297
timing-Richards-richards-rxtvm-clang-r5-profile-15-warmup-1,stdout,2,PASS: AWFY Richards
timing-Richards-richards-rxbvm-clang-r5-profile-15-warmup-1,stdout,1,benchmark=awfy_richards repetitions=20 queue_packets=23246 holds=9297
timing-Richards-richards-rxbvm-clang-r5-profile-15-warmup-1,stdout,2,PASS: AWFY Richards
timing-Richards-richards-rxtvm-clang-r5-profile-20-warmup-1,stdout,1,benchmark=awfy_richards repetitions=20 queue_packets=23246 holds=9297
timing-Richards-richards-rxtvm-clang-r5-profile-20-warmup-1,stdout,2,PASS: AWFY Richards
timing-Richards-richards-rxbvm-clang-r5-profile-20-warmup-1,stdout,1,benchmark=awfy_richards repetitions=20 queue_packets=23246 holds=9297
timing-Richards-richards-rxbvm-clang-r5-profile-20-warmup-1,stdout,2,PASS: AWFY Richards
timing-Richards-richards-rxtvm-clang-r5-profile-30-warmup-1,stdout,1,benchmark=awfy_richards repetitions=20 queue_packets=23246 holds=9297
timing-Richards-richards-rxtvm-clang-r5-profile-30-warmup-1,stdout,2,PASS: AWFY Richards
timing-Richards-richards-rxbvm-clang-r5-profile-30-warmup-1,stdout,1,benchmark=awfy_richards repetitions=20 queue_packets=23246 holds=9297
timing-Richards-richards-rxbvm-clang-r5-profile-30-warmup-1,stdout,2,PASS: AWFY Richards
timing-Richards-richards-rxbvm-clang-r5-profile-30-warmup-2,stdout,1,benchmark=awfy_richards repetitions=20 queue_packets=23246 holds=9297
timing-Richards-richards-rxbvm-clang-r5-profile-30-warmup-2,stdout,2,PASS: AWFY Richards
timing-Richards-richards-rxtvm-clang-r5-profile-30-warmup-2,stdout,1,benchmark=awfy_richards repetitions=20 queue_packets=23246 holds=9297
timing-Richards-richards-rxtvm-clang-r5-profile-30-warmup-2,stdout,2,PASS: AWFY Richards
timing-Richards-richards-rxbvm-clang-r5-profile-20-warmup-2,stdout,1,benchmark=awfy_richards repetitions=20 queue_packets=23246 holds=9297
timing-Richards-richards-rxbvm-clang-r5-profile-20-warmup-2,stdout,2,PASS: AWFY Richards
timing-Richards-richards-rxtvm-clang-r5-profile-20-warmup-2,stdout,1,benchmark=awfy_richards repetitions=20 queue_packets=23246 holds=9297
timing-Richards-richards-rxtvm-clang-r5-profile-20-warmup-2,stdout,2,PASS: AWFY Richards
timing-Richards-richards-rxbvm-clang-r5-profile-15-warmup-2,stdout,1,benchmark=awfy_richards repetitions=20 queue_packets=23246 holds=9297
timing-Richards-richards-rxbvm-clang-r5-profile-15-warmup-2,stdout,2,PASS: AWFY Richards
timing-Richards-richards-rxtvm-clang-r5-profile-15-warmup-2,stdout,1,benchmark=awfy_richards repetitions=20 queue_packets=23246 holds=9297
timing-Richards-richards-rxtvm-clang-r5-profile-15-warmup-2,stdout,2,PASS: AWFY Richards
timing-Richards-richards-rxbvm-clang-r5-all-inline-warmup-2,stdout,1,benchmark=awfy_richards repetitions=20 queue_packets=23246 holds=9297
timing-Richards-richards-rxbvm-clang-r5-all-inline-warmup-2,stdout,2,PASS: AWFY Richards
timing-Richards-richards-rxtvm-clang-r5-all-inline-warmup-2,stdout,1,benchmark=awfy_richards repetitions=20 queue_packets=23246 holds=9297
timing-Richards-richards-rxtvm-clang-r5-all-inline-warmup-2,stdout,2,PASS: AWFY Richards
timing-Richards-richards-rxtvm-clang-r5-all-inline-recorded-1,stdout,1,benchmark=awfy_richards repetitions=20 queue_packets=23246 holds=9297
timing-Richards-richards-rxtvm-clang-r5-all-inline-recorded-1,stdout,2,PASS: AWFY Richards
timing-Richards-richards-rxbvm-clang-r5-all-inline-recorded-1,stdout,1,benchmark=awfy_richards repetitions=20 queue_packets=23246 holds=9297
timing-Richards-richards-rxbvm-clang-r5-all-inline-recorded-1,stdout,2,PASS: AWFY Richards
timing-Richards-richards-rxtvm-clang-r5-profile-15-recorded-1,stdout,1,benchmark=awfy_richards repetitions=20 queue_packets=23246 holds=9297
timing-Richards-richards-rxtvm-clang-r5-profile-15-recorded-1,stdout,2,PASS: AWFY Richards
timing-Richards-richards-rxbvm-clang-r5-profile-15-recorded-1,stdout,1,benchmark=awfy_richards repetitions=20 queue_packets=23246 holds=9297
timing-Richards-richards-rxbvm-clang-r5-profile-15-recorded-1,stdout,2,PASS: AWFY Richards
timing-Richards-richards-rxtvm-clang-r5-profile-20-recorded-1,stdout,1,benchmark=awfy_richards repetitions=20 queue_packets=23246 holds=9297
timing-Richards-richards-rxtvm-clang-r5-profile-20-recorded-1,stdout,2,PASS: AWFY Richards
timing-Richards-richards-rxbvm-clang-r5-profile-20-recorded-1,stdout,1,benchmark=awfy_richards repetitions=20 queue_packets=23246 holds=9297
timing-Richards-richards-rxbvm-clang-r5-profile-20-recorded-1,stdout,2,PASS: AWFY Richards
timing-Richards-richards-rxtvm-clang-r5-profile-30-recorded-1,stdout,1,benchmark=awfy_richards repetitions=20 queue_packets=23246 holds=9297
timing-Richards-richards-rxtvm-clang-r5-profile-30-recorded-1,stdout,2,PASS: AWFY Richards
timing-Richards-richards-rxbvm-clang-r5-profile-30-recorded-1,stdout,1,benchmark=awfy_richards repetitions=20 queue_packets=23246 holds=9297
timing-Richards-richards-rxbvm-clang-r5-profile-30-recorded-1,stdout,2,PASS: AWFY Richards
timing-Richards-richards-rxbvm-clang-r5-profile-30-recorded-2,stdout,1,benchmark=awfy_richards repetitions=20 queue_packets=23246 holds=9297
timing-Richards-richards-rxbvm-clang-r5-profile-30-recorded-2,stdout,2,PASS: AWFY Richards
timing-Richards-richards-rxtvm-clang-r5-profile-30-recorded-2,stdout,1,benchmark=awfy_richards repetitions=20 queue_packets=23246 holds=9297
timing-Richards-richards-rxtvm-clang-r5-profile-30-recorded-2,stdout,2,PASS: AWFY Richards
timing-Richards-richards-rxbvm-clang-r5-profile-20-recorded-2,stdout,1,benchmark=awfy_richards repetitions=20 queue_packets=23246 holds=9297
timing-Richards-richards-rxbvm-clang-r5-profile-20-recorded-2,stdout,2,PASS: AWFY Richards
timing-Richards-richards-rxtvm-clang-r5-profile-20-recorded-2,stdout,1,benchmark=awfy_richards repetitions=20 queue_packets=23246 holds=9297
timing-Richards-richards-rxtvm-clang-r5-profile-20-recorded-2,stdout,2,PASS: AWFY Richards
timing-Richards-richards-rxbvm-clang-r5-profile-15-recorded-2,stdout,1,benchmark=awfy_richards repetitions=20 queue_packets=23246 holds=9297
timing-Richards-richards-rxbvm-clang-r5-profile-15-recorded-2,stdout,2,PASS: AWFY Richards
timing-Richards-richards-rxtvm-clang-r5-profile-15-recorded-2,stdout,1,benchmark=awfy_richards repetitions=20 queue_packets=23246 holds=9297
timing-Richards-richards-rxtvm-clang-r5-profile-15-recorded-2,stdout,2,PASS: AWFY Richards
timing-Richards-richards-rxbvm-clang-r5-all-inline-recorded-2,stdout,1,benchmark=awfy_richards repetitions=20 queue_packets=23246 holds=9297
timing-Richards-richards-rxbvm-clang-r5-all-inline-recorded-2,stdout,2,PASS: AWFY Richards
timing-Richards-richards-rxtvm-clang-r5-all-inline-recorded-2,stdout,1,benchmark=awfy_richards repetitions=20 queue_packets=23246 holds=9297
timing-Richards-richards-rxtvm-clang-r5-all-inline-recorded-2,stdout,2,PASS: AWFY Richards
timing-Richards-richards-rxtvm-clang-r5-profile-15-recorded-3,stdout,1,benchmark=awfy_richards repetitions=20 queue_packets=23246 holds=9297
timing-Richards-richards-rxtvm-clang-r5-profile-15-recorded-3,stdout,2,PASS: AWFY Richards
timing-Richards-richards-rxbvm-clang-r5-profile-15-recorded-3,stdout,1,benchmark=awfy_richards repetitions=20 queue_packets=23246 holds=9297
timing-Richards-richards-rxbvm-clang-r5-profile-15-recorded-3,stdout,2,PASS: AWFY Richards
timing-Richards-richards-rxtvm-clang-r5-profile-20-recorded-3,stdout,1,benchmark=awfy_richards repetitions=20 queue_packets=23246 holds=9297
timing-Richards-richards-rxtvm-clang-r5-profile-20-recorded-3,stdout,2,PASS: AWFY Richards
timing-Richards-richards-rxbvm-clang-r5-profile-20-recorded-3,stdout,1,benchmark=awfy_richards repetitions=20 queue_packets=23246 holds=9297
timing-Richards-richards-rxbvm-clang-r5-profile-20-recorded-3,stdout,2,PASS: AWFY Richards
timing-Richards-richards-rxtvm-clang-r5-profile-30-recorded-3,stdout,1,benchmark=awfy_richards repetitions=20 queue_packets=23246 holds=9297
timing-Richards-richards-rxtvm-clang-r5-profile-30-recorded-3,stdout,2,PASS: AWFY Richards
timing-Richards-richards-rxbvm-clang-r5-profile-30-recorded-3,stdout,1,benchmark=awfy_richards repetitions=20 queue_packets=23246 holds=9297
timing-Richards-richards-rxbvm-clang-r5-profile-30-recorded-3,stdout,2,PASS: AWFY Richards
timing-Richards-richards-rxtvm-clang-r5-all-inline-recorded-3,stdout,1,benchmark=awfy_richards repetitions=20 queue_packets=23246 holds=9297
timing-Richards-richards-rxtvm-clang-r5-all-inline-recorded-3,stdout,2,PASS: AWFY Richards
timing-Richards-richards-rxbvm-clang-r5-all-inline-recorded-3,stdout,1,benchmark=awfy_richards repetitions=20 queue_packets=23246 holds=9297
timing-Richards-richards-rxbvm-clang-r5-all-inline-recorded-3,stdout,2,PASS: AWFY Richards
timing-Richards-richards-rxbvm-clang-r5-all-inline-recorded-4,stdout,1,benchmark=awfy_richards repetitions=20 queue_packets=23246 holds=9297
timing-Richards-richards-rxbvm-clang-r5-all-inline-recorded-4,stdout,2,PASS: AWFY Richards
timing-Richards-richards-rxtvm-clang-r5-all-inline-recorded-4,stdout,1,benchmark=awfy_richards repetitions=20 queue_packets=23246 holds=9297
timing-Richards-richards-rxtvm-clang-r5-all-inline-recorded-4,stdout,2,PASS: AWFY Richards
timing-Richards-richards-rxbvm-clang-r5-profile-30-recorded-4,stdout,1,benchmark=awfy_richards repetitions=20 queue_packets=23246 holds=9297
timing-Richards-richards-rxbvm-clang-r5-profile-30-recorded-4,stdout,2,PASS: AWFY Richards
timing-Richards-richards-rxtvm-clang-r5-profile-30-recorded-4,stdout,1,benchmark=awfy_richards repetitions=20 queue_packets=23246 holds=9297
timing-Richards-richards-rxtvm-clang-r5-profile-30-recorded-4,stdout,2,PASS: AWFY Richards
timing-Richards-richards-rxbvm-clang-r5-profile-20-recorded-4,stdout,1,benchmark=awfy_richards repetitions=20 queue_packets=23246 holds=9297
timing-Richards-richards-rxbvm-clang-r5-profile-20-recorded-4,stdout,2,PASS: AWFY Richards
timing-Richards-richards-rxtvm-clang-r5-profile-20-recorded-4,stdout,1,benchmark=awfy_richards repetitions=20 queue_packets=23246 holds=9297
timing-Richards-richards-rxtvm-clang-r5-profile-20-recorded-4,stdout,2,PASS: AWFY Richards
timing-Richards-richards-rxbvm-clang-r5-profile-15-recorded-4,stdout,1,benchmark=awfy_richards repetitions=20 queue_packets=23246 holds=9297
timing-Richards-richards-rxbvm-clang-r5-profile-15-recorded-4,stdout,2,PASS: AWFY Richards
timing-Richards-richards-rxtvm-clang-r5-profile-15-recorded-4,stdout,1,benchmark=awfy_richards repetitions=20 queue_packets=23246 holds=9297
timing-Richards-richards-rxtvm-clang-r5-profile-15-recorded-4,stdout,2,PASS: AWFY Richards
timing-Richards-richards-rxtvm-clang-r5-profile-20-recorded-5,stdout,1,benchmark=awfy_richards repetitions=20 queue_packets=23246 holds=9297
timing-Richards-richards-rxtvm-clang-r5-profile-20-recorded-5,stdout,2,PASS: AWFY Richards
timing-Richards-richards-rxbvm-clang-r5-profile-20-recorded-5,stdout,1,benchmark=awfy_richards repetitions=20 queue_packets=23246 holds=9297
timing-Richards-richards-rxbvm-clang-r5-profile-20-recorded-5,stdout,2,PASS: AWFY Richards
timing-Richards-richards-rxtvm-clang-r5-profile-30-recorded-5,stdout,1,benchmark=awfy_richards repetitions=20 queue_packets=23246 holds=9297
timing-Richards-richards-rxtvm-clang-r5-profile-30-recorded-5,stdout,2,PASS: AWFY Richards
timing-Richards-richards-rxbvm-clang-r5-profile-30-recorded-5,stdout,1,benchmark=awfy_richards repetitions=20 queue_packets=23246 holds=9297
timing-Richards-richards-rxbvm-clang-r5-profile-30-recorded-5,stdout,2,PASS: AWFY Richards
timing-Richards-richards-rxtvm-clang-r5-all-inline-recorded-5,stdout,1,benchmark=awfy_richards repetitions=20 queue_packets=23246 holds=9297
timing-Richards-richards-rxtvm-clang-r5-all-inline-recorded-5,stdout,2,PASS: AWFY Richards
timing-Richards-richards-rxbvm-clang-r5-all-inline-recorded-5,stdout,1,benchmark=awfy_richards repetitions=20 queue_packets=23246 holds=9297
timing-Richards-richards-rxbvm-clang-r5-all-inline-recorded-5,stdout,2,PASS: AWFY Richards
timing-Richards-richards-rxtvm-clang-r5-profile-15-recorded-5,stdout,1,benchmark=awfy_richards repetitions=20 queue_packets=23246 holds=9297
timing-Richards-richards-rxtvm-clang-r5-profile-15-recorded-5,stdout,2,PASS: AWFY Richards
timing-Richards-richards-rxbvm-clang-r5-profile-15-recorded-5,stdout,1,benchmark=awfy_richards repetitions=20 queue_packets=23246 holds=9297
timing-Richards-richards-rxbvm-clang-r5-profile-15-recorded-5,stdout,2,PASS: AWFY Richards
timing-Richards-richards-rxbvm-clang-r5-profile-15-recorded-6,stdout,1,benchmark=awfy_richards repetitions=20 queue_packets=23246 holds=9297
timing-Richards-richards-rxbvm-clang-r5-profile-15-recorded-6,stdout,2,PASS: AWFY Richards
timing-Richards-richards-rxtvm-clang-r5-profile-15-recorded-6,stdout,1,benchmark=awfy_richards repetitions=20 queue_packets=23246 holds=9297
timing-Richards-richards-rxtvm-clang-r5-profile-15-recorded-6,stdout,2,PASS: AWFY Richards
timing-Richards-richards-rxbvm-clang-r5-all-inline-recorded-6,stdout,1,benchmark=awfy_richards repetitions=20 queue_packets=23246 holds=9297
timing-Richards-richards-rxbvm-clang-r5-all-inline-recorded-6,stdout,2,PASS: AWFY Richards
timing-Richards-richards-rxtvm-clang-r5-all-inline-recorded-6,stdout,1,benchmark=awfy_richards repetitions=20 queue_packets=23246 holds=9297
timing-Richards-richards-rxtvm-clang-r5-all-inline-recorded-6,stdout,2,PASS: AWFY Richards
timing-Richards-richards-rxbvm-clang-r5-profile-30-recorded-6,stdout,1,benchmark=awfy_richards repetitions=20 queue_packets=23246 holds=9297
timing-Richards-richards-rxbvm-clang-r5-profile-30-recorded-6,stdout,2,PASS: AWFY Richards
timing-Richards-richards-rxtvm-clang-r5-profile-30-recorded-6,stdout,1,benchmark=awfy_richards repetitions=20 queue_packets=23246 holds=9297
timing-Richards-richards-rxtvm-clang-r5-profile-30-recorded-6,stdout,2,PASS: AWFY Richards
timing-Richards-richards-rxbvm-clang-r5-profile-20-recorded-6,stdout,1,benchmark=awfy_richards repetitions=20 queue_packets=23246 holds=9297
timing-Richards-richards-rxbvm-clang-r5-profile-20-recorded-6,stdout,2,PASS: AWFY Richards
timing-Richards-richards-rxtvm-clang-r5-profile-20-recorded-6,stdout,1,benchmark=awfy_richards repetitions=20 queue_packets=23246 holds=9297
timing-Richards-richards-rxtvm-clang-r5-profile-20-recorded-6,stdout,2,PASS: AWFY Richards
timing-Richards-richards-rxtvm-clang-r5-profile-30-recorded-7,stdout,1,benchmark=awfy_richards repetitions=20 queue_packets=23246 holds=9297
timing-Richards-richards-rxtvm-clang-r5-profile-30-recorded-7,stdout,2,PASS: AWFY Richards
timing-Richards-richards-rxbvm-clang-r5-profile-30-recorded-7,stdout,1,benchmark=awfy_richards repetitions=20 queue_packets=23246 holds=9297
timing-Richards-richards-rxbvm-clang-r5-profile-30-recorded-7,stdout,2,PASS: AWFY Richards
timing-Richards-richards-rxtvm-clang-r5-all-inline-recorded-7,stdout,1,benchmark=awfy_richards repetitions=20 queue_packets=23246 holds=9297
timing-Richards-richards-rxtvm-clang-r5-all-inline-recorded-7,stdout,2,PASS: AWFY Richards
timing-Richards-richards-rxbvm-clang-r5-all-inline-recorded-7,stdout,1,benchmark=awfy_richards repetitions=20 queue_packets=23246 holds=9297
timing-Richards-richards-rxbvm-clang-r5-all-inline-recorded-7,stdout,2,PASS: AWFY Richards
timing-Richards-richards-rxtvm-clang-r5-profile-15-recorded-7,stdout,1,benchmark=awfy_richards repetitions=20 queue_packets=23246 holds=9297
timing-Richards-richards-rxtvm-clang-r5-profile-15-recorded-7,stdout,2,PASS: AWFY Richards
timing-Richards-richards-rxbvm-clang-r5-profile-15-recorded-7,stdout,1,benchmark=awfy_richards repetitions=20 queue_packets=23246 holds=9297
timing-Richards-richards-rxbvm-clang-r5-profile-15-recorded-7,stdout,2,PASS: AWFY Richards
timing-Richards-richards-rxtvm-clang-r5-profile-20-recorded-7,stdout,1,benchmark=awfy_richards repetitions=20 queue_packets=23246 holds=9297
timing-Richards-richards-rxtvm-clang-r5-profile-20-recorded-7,stdout,2,PASS: AWFY Richards
timing-Richards-richards-rxbvm-clang-r5-profile-20-recorded-7,stdout,1,benchmark=awfy_richards repetitions=20 queue_packets=23246 holds=9297
timing-Richards-richards-rxbvm-clang-r5-profile-20-recorded-7,stdout,2,PASS: AWFY Richards
timing-Richards-richards-rxbvm-clang-r5-profile-20-recorded-8,stdout,1,benchmark=awfy_richards repetitions=20 queue_packets=23246 holds=9297
timing-Richards-richards-rxbvm-clang-r5-profile-20-recorded-8,stdout,2,PASS: AWFY Richards
timing-Richards-richards-rxtvm-clang-r5-profile-20-recorded-8,stdout,1,benchmark=awfy_richards repetitions=20 queue_packets=23246 holds=9297
timing-Richards-richards-rxtvm-clang-r5-profile-20-recorded-8,stdout,2,PASS: AWFY Richards
timing-Richards-richards-rxbvm-clang-r5-profile-15-recorded-8,stdout,1,benchmark=awfy_richards repetitions=20 queue_packets=23246 holds=9297
timing-Richards-richards-rxbvm-clang-r5-profile-15-recorded-8,stdout,2,PASS: AWFY Richards
timing-Richards-richards-rxtvm-clang-r5-profile-15-recorded-8,stdout,1,benchmark=awfy_richards repetitions=20 queue_packets=23246 holds=9297
timing-Richards-richards-rxtvm-clang-r5-profile-15-recorded-8,stdout,2,PASS: AWFY Richards
timing-Richards-richards-rxbvm-clang-r5-all-inline-recorded-8,stdout,1,benchmark=awfy_richards repetitions=20 queue_packets=23246 holds=9297
timing-Richards-richards-rxbvm-clang-r5-all-inline-recorded-8,stdout,2,PASS: AWFY Richards
timing-Richards-richards-rxtvm-clang-r5-all-inline-recorded-8,stdout,1,benchmark=awfy_richards repetitions=20 queue_packets=23246 holds=9297
timing-Richards-richards-rxtvm-clang-r5-all-inline-recorded-8,stdout,2,PASS: AWFY Richards
timing-Richards-richards-rxbvm-clang-r5-profile-30-recorded-8,stdout,1,benchmark=awfy_richards repetitions=20 queue_packets=23246 holds=9297
timing-Richards-richards-rxbvm-clang-r5-profile-30-recorded-8,stdout,2,PASS: AWFY Richards
timing-Richards-richards-rxtvm-clang-r5-profile-30-recorded-8,stdout,1,benchmark=awfy_richards repetitions=20 queue_packets=23246 holds=9297
timing-Richards-richards-rxtvm-clang-r5-profile-30-recorded-8,stdout,2,PASS: AWFY Richards
timing-Richards-richards-rxtvm-clang-r5-all-inline-recorded-9,stdout,1,benchmark=awfy_richards repetitions=20 queue_packets=23246 holds=9297
timing-Richards-richards-rxtvm-clang-r5-all-inline-recorded-9,stdout,2,PASS: AWFY Richards
timing-Richards-richards-rxbvm-clang-r5-all-inline-recorded-9,stdout,1,benchmark=awfy_richards repetitions=20 queue_packets=23246 holds=9297
timing-Richards-richards-rxbvm-clang-r5-all-inline-recorded-9,stdout,2,PASS: AWFY Richards
timing-Richards-richards-rxtvm-clang-r5-profile-15-recorded-9,stdout,1,benchmark=awfy_richards repetitions=20 queue_packets=23246 holds=9297
timing-Richards-richards-rxtvm-clang-r5-profile-15-recorded-9,stdout,2,PASS: AWFY Richards
timing-Richards-richards-rxbvm-clang-r5-profile-15-recorded-9,stdout,1,benchmark=awfy_richards repetitions=20 queue_packets=23246 holds=9297
timing-Richards-richards-rxbvm-clang-r5-profile-15-recorded-9,stdout,2,PASS: AWFY Richards
timing-Richards-richards-rxtvm-clang-r5-profile-20-recorded-9,stdout,1,benchmark=awfy_richards repetitions=20 queue_packets=23246 holds=9297
timing-Richards-richards-rxtvm-clang-r5-profile-20-recorded-9,stdout,2,PASS: AWFY Richards
timing-Richards-richards-rxbvm-clang-r5-profile-20-recorded-9,stdout,1,benchmark=awfy_richards repetitions=20 queue_packets=23246 holds=9297
timing-Richards-richards-rxbvm-clang-r5-profile-20-recorded-9,stdout,2,PASS: AWFY Richards
timing-Richards-richards-rxtvm-clang-r5-profile-30-recorded-9,stdout,1,benchmark=awfy_richards repetitions=20 queue_packets=23246 holds=9297
timing-Richards-richards-rxtvm-clang-r5-profile-30-recorded-9,stdout,2,PASS: AWFY Richards
timing-Richards-richards-rxbvm-clang-r5-profile-30-recorded-9,stdout,1,benchmark=awfy_richards repetitions=20 queue_packets=23246 holds=9297
timing-Richards-richards-rxbvm-clang-r5-profile-30-recorded-9,stdout,2,PASS: AWFY Richards
timing-Richards-richards-rxbvm-clang-r5-profile-30-recorded-10,stdout,1,benchmark=awfy_richards repetitions=20 queue_packets=23246 holds=9297
timing-Richards-richards-rxbvm-clang-r5-profile-30-recorded-10,stdout,2,PASS: AWFY Richards
timing-Richards-richards-rxtvm-clang-r5-profile-30-recorded-10,stdout,1,benchmark=awfy_richards repetitions=20 queue_packets=23246 holds=9297
timing-Richards-richards-rxtvm-clang-r5-profile-30-recorded-10,stdout,2,PASS: AWFY Richards
timing-Richards-richards-rxbvm-clang-r5-profile-20-recorded-10,stdout,1,benchmark=awfy_richards repetitions=20 queue_packets=23246 holds=9297
timing-Richards-richards-rxbvm-clang-r5-profile-20-recorded-10,stdout,2,PASS: AWFY Richards
timing-Richards-richards-rxtvm-clang-r5-profile-20-recorded-10,stdout,1,benchmark=awfy_richards repetitions=20 queue_packets=23246 holds=9297
timing-Richards-richards-rxtvm-clang-r5-profile-20-recorded-10,stdout,2,PASS: AWFY Richards
timing-Richards-richards-rxbvm-clang-r5-profile-15-recorded-10,stdout,1,benchmark=awfy_richards repetitions=20 queue_packets=23246 holds=9297
timing-Richards-richards-rxbvm-clang-r5-profile-15-recorded-10,stdout,2,PASS: AWFY Richards
timing-Richards-richards-rxtvm-clang-r5-profile-15-recorded-10,stdout,1,benchmark=awfy_richards repetitions=20 queue_packets=23246 holds=9297
timing-Richards-richards-rxtvm-clang-r5-profile-15-recorded-10,stdout,2,PASS: AWFY Richards
timing-Richards-richards-rxbvm-clang-r5-all-inline-recorded-10,stdout,1,benchmark=awfy_richards repetitions=20 queue_packets=23246 holds=9297
timing-Richards-richards-rxbvm-clang-r5-all-inline-recorded-10,stdout,2,PASS: AWFY Richards
timing-Richards-richards-rxtvm-clang-r5-all-inline-recorded-10,stdout,1,benchmark=awfy_richards repetitions=20 queue_packets=23246 holds=9297
timing-Richards-richards-rxtvm-clang-r5-all-inline-recorded-10,stdout,2,PASS: AWFY Richards
timing-Richards-richards-rxtvm-clang-r5-profile-15-recorded-11,stdout,1,benchmark=awfy_richards repetitions=20 queue_packets=23246 holds=9297
timing-Richards-richards-rxtvm-clang-r5-profile-15-recorded-11,stdout,2,PASS: AWFY Richards
timing-Richards-richards-rxbvm-clang-r5-profile-15-recorded-11,stdout,1,benchmark=awfy_richards repetitions=20 queue_packets=23246 holds=9297
timing-Richards-richards-rxbvm-clang-r5-profile-15-recorded-11,stdout,2,PASS: AWFY Richards
timing-Richards-richards-rxtvm-clang-r5-profile-20-recorded-11,stdout,1,benchmark=awfy_richards repetitions=20 queue_packets=23246 holds=9297
timing-Richards-richards-rxtvm-clang-r5-profile-20-recorded-11,stdout,2,PASS: AWFY Richards
timing-Richards-richards-rxbvm-clang-r5-profile-20-recorded-11,stdout,1,benchmark=awfy_richards repetitions=20 queue_packets=23246 holds=9297
timing-Richards-richards-rxbvm-clang-r5-profile-20-recorded-11,stdout,2,PASS: AWFY Richards
timing-Richards-richards-rxtvm-clang-r5-profile-30-recorded-11,stdout,1,benchmark=awfy_richards repetitions=20 queue_packets=23246 holds=9297
timing-Richards-richards-rxtvm-clang-r5-profile-30-recorded-11,stdout,2,PASS: AWFY Richards
timing-Richards-richards-rxbvm-clang-r5-profile-30-recorded-11,stdout,1,benchmark=awfy_richards repetitions=20 queue_packets=23246 holds=9297
timing-Richards-richards-rxbvm-clang-r5-profile-30-recorded-11,stdout,2,PASS: AWFY Richards
timing-Richards-richards-rxtvm-clang-r5-all-inline-recorded-11,stdout,1,benchmark=awfy_richards repetitions=20 queue_packets=23246 holds=9297
timing-Richards-richards-rxtvm-clang-r5-all-inline-recorded-11,stdout,2,PASS: AWFY Richards
timing-Richards-richards-rxbvm-clang-r5-all-inline-recorded-11,stdout,1,benchmark=awfy_richards repetitions=20 queue_packets=23246 holds=9297
timing-Richards-richards-rxbvm-clang-r5-all-inline-recorded-11,stdout,2,PASS: AWFY Richards
timing-Richards-richards-rxbvm-clang-r5-all-inline-recorded-12,stdout,1,benchmark=awfy_richards repetitions=20 queue_packets=23246 holds=9297
timing-Richards-richards-rxbvm-clang-r5-all-inline-recorded-12,stdout,2,PASS: AWFY Richards
timing-Richards-richards-rxtvm-clang-r5-all-inline-recorded-12,stdout,1,benchmark=awfy_richards repetitions=20 queue_packets=23246 holds=9297
timing-Richards-richards-rxtvm-clang-r5-all-inline-recorded-12,stdout,2,PASS: AWFY Richards
timing-Richards-richards-rxbvm-clang-r5-profile-30-recorded-12,stdout,1,benchmark=awfy_richards repetitions=20 queue_packets=23246 holds=9297
timing-Richards-richards-rxbvm-clang-r5-profile-30-recorded-12,stdout,2,PASS: AWFY Richards
timing-Richards-richards-rxtvm-clang-r5-profile-30-recorded-12,stdout,1,benchmark=awfy_richards repetitions=20 queue_packets=23246 holds=9297
timing-Richards-richards-rxtvm-clang-r5-profile-30-recorded-12,stdout,2,PASS: AWFY Richards
timing-Richards-richards-rxbvm-clang-r5-profile-20-recorded-12,stdout,1,benchmark=awfy_richards repetitions=20 queue_packets=23246 holds=9297
timing-Richards-richards-rxbvm-clang-r5-profile-20-recorded-12,stdout,2,PASS: AWFY Richards
timing-Richards-richards-rxtvm-clang-r5-profile-20-recorded-12,stdout,1,benchmark=awfy_richards repetitions=20 queue_packets=23246 holds=9297
timing-Richards-richards-rxtvm-clang-r5-profile-20-recorded-12,stdout,2,PASS: AWFY Richards
timing-Richards-richards-rxbvm-clang-r5-profile-15-recorded-12,stdout,1,benchmark=awfy_richards repetitions=20 queue_packets=23246 holds=9297
timing-Richards-richards-rxbvm-clang-r5-profile-15-recorded-12,stdout,2,PASS: AWFY Richards
timing-Richards-richards-rxtvm-clang-r5-profile-15-recorded-12,stdout,1,benchmark=awfy_richards repetitions=20 queue_packets=23246 holds=9297
timing-Richards-richards-rxtvm-clang-r5-profile-15-recorded-12,stdout,2,PASS: AWFY Richards
timing-Base64-base64-rxtvm-clang-r5-all-inline-warmup-1,stdout,1,benchmark=base64_roundtrip repetitions=2500 encoded_length=1368 checksum=130560
timing-Base64-base64-rxtvm-clang-r5-all-inline-warmup-1,stdout,2,PASS: Base64 Roundtrip
timing-Base64-base64-rxbvm-clang-r5-all-inline-warmup-1,stdout,1,benchmark=base64_roundtrip repetitions=2500 encoded_length=1368 checksum=130560
timing-Base64-base64-rxbvm-clang-r5-all-inline-warmup-1,stdout,2,PASS: Base64 Roundtrip
timing-Base64-base64-rxtvm-clang-r5-profile-15-warmup-1,stdout,1,benchmark=base64_roundtrip repetitions=2500 encoded_length=1368 checksum=130560
timing-Base64-base64-rxtvm-clang-r5-profile-15-warmup-1,stdout,2,PASS: Base64 Roundtrip
timing-Base64-base64-rxbvm-clang-r5-profile-15-warmup-1,stdout,1,benchmark=base64_roundtrip repetitions=2500 encoded_length=1368 checksum=130560
timing-Base64-base64-rxbvm-clang-r5-profile-15-warmup-1,stdout,2,PASS: Base64 Roundtrip
timing-Base64-base64-rxtvm-clang-r5-profile-20-warmup-1,stdout,1,benchmark=base64_roundtrip repetitions=2500 encoded_length=1368 checksum=130560
timing-Base64-base64-rxtvm-clang-r5-profile-20-warmup-1,stdout,2,PASS: Base64 Roundtrip
timing-Base64-base64-rxbvm-clang-r5-profile-20-warmup-1,stdout,1,benchmark=base64_roundtrip repetitions=2500 encoded_length=1368 checksum=130560
timing-Base64-base64-rxbvm-clang-r5-profile-20-warmup-1,stdout,2,PASS: Base64 Roundtrip
timing-Base64-base64-rxtvm-clang-r5-profile-30-warmup-1,stdout,1,benchmark=base64_roundtrip repetitions=2500 encoded_length=1368 checksum=130560
timing-Base64-base64-rxtvm-clang-r5-profile-30-warmup-1,stdout,2,PASS: Base64 Roundtrip
timing-Base64-base64-rxbvm-clang-r5-profile-30-warmup-1,stdout,1,benchmark=base64_roundtrip repetitions=2500 encoded_length=1368 checksum=130560
timing-Base64-base64-rxbvm-clang-r5-profile-30-warmup-1,stdout,2,PASS: Base64 Roundtrip
timing-Base64-base64-rxbvm-clang-r5-profile-30-warmup-2,stdout,1,benchmark=base64_roundtrip repetitions=2500 encoded_length=1368 checksum=130560
timing-Base64-base64-rxbvm-clang-r5-profile-30-warmup-2,stdout,2,PASS: Base64 Roundtrip
timing-Base64-base64-rxtvm-clang-r5-profile-30-warmup-2,stdout,1,benchmark=base64_roundtrip repetitions=2500 encoded_length=1368 checksum=130560
timing-Base64-base64-rxtvm-clang-r5-profile-30-warmup-2,stdout,2,PASS: Base64 Roundtrip
timing-Base64-base64-rxbvm-clang-r5-profile-20-warmup-2,stdout,1,benchmark=base64_roundtrip repetitions=2500 encoded_length=1368 checksum=130560
timing-Base64-base64-rxbvm-clang-r5-profile-20-warmup-2,stdout,2,PASS: Base64 Roundtrip
timing-Base64-base64-rxtvm-clang-r5-profile-20-warmup-2,stdout,1,benchmark=base64_roundtrip repetitions=2500 encoded_length=1368 checksum=130560
timing-Base64-base64-rxtvm-clang-r5-profile-20-warmup-2,stdout,2,PASS: Base64 Roundtrip
timing-Base64-base64-rxbvm-clang-r5-profile-15-warmup-2,stdout,1,benchmark=base64_roundtrip repetitions=2500 encoded_length=1368 checksum=130560
timing-Base64-base64-rxbvm-clang-r5-profile-15-warmup-2,stdout,2,PASS: Base64 Roundtrip
timing-Base64-base64-rxtvm-clang-r5-profile-15-warmup-2,stdout,1,benchmark=base64_roundtrip repetitions=2500 encoded_length=1368 checksum=130560
timing-Base64-base64-rxtvm-clang-r5-profile-15-warmup-2,stdout,2,PASS: Base64 Roundtrip
timing-Base64-base64-rxbvm-clang-r5-all-inline-warmup-2,stdout,1,benchmark=base64_roundtrip repetitions=2500 encoded_length=1368 checksum=130560
timing-Base64-base64-rxbvm-clang-r5-all-inline-warmup-2,stdout,2,PASS: Base64 Roundtrip
timing-Base64-base64-rxtvm-clang-r5-all-inline-warmup-2,stdout,1,benchmark=base64_roundtrip repetitions=2500 encoded_length=1368 checksum=130560
timing-Base64-base64-rxtvm-clang-r5-all-inline-warmup-2,stdout,2,PASS: Base64 Roundtrip
timing-Base64-base64-rxtvm-clang-r5-all-inline-recorded-1,stdout,1,benchmark=base64_roundtrip repetitions=2500 encoded_length=1368 checksum=130560
timing-Base64-base64-rxtvm-clang-r5-all-inline-recorded-1,stdout,2,PASS: Base64 Roundtrip
timing-Base64-base64-rxbvm-clang-r5-all-inline-recorded-1,stdout,1,benchmark=base64_roundtrip repetitions=2500 encoded_length=1368 checksum=130560
timing-Base64-base64-rxbvm-clang-r5-all-inline-recorded-1,stdout,2,PASS: Base64 Roundtrip
timing-Base64-base64-rxtvm-clang-r5-profile-15-recorded-1,stdout,1,benchmark=base64_roundtrip repetitions=2500 encoded_length=1368 checksum=130560
timing-Base64-base64-rxtvm-clang-r5-profile-15-recorded-1,stdout,2,PASS: Base64 Roundtrip
timing-Base64-base64-rxbvm-clang-r5-profile-15-recorded-1,stdout,1,benchmark=base64_roundtrip repetitions=2500 encoded_length=1368 checksum=130560
timing-Base64-base64-rxbvm-clang-r5-profile-15-recorded-1,stdout,2,PASS: Base64 Roundtrip
timing-Base64-base64-rxtvm-clang-r5-profile-20-recorded-1,stdout,1,benchmark=base64_roundtrip repetitions=2500 encoded_length=1368 checksum=130560
timing-Base64-base64-rxtvm-clang-r5-profile-20-recorded-1,stdout,2,PASS: Base64 Roundtrip
timing-Base64-base64-rxbvm-clang-r5-profile-20-recorded-1,stdout,1,benchmark=base64_roundtrip repetitions=2500 encoded_length=1368 checksum=130560
timing-Base64-base64-rxbvm-clang-r5-profile-20-recorded-1,stdout,2,PASS: Base64 Roundtrip
timing-Base64-base64-rxtvm-clang-r5-profile-30-recorded-1,stdout,1,benchmark=base64_roundtrip repetitions=2500 encoded_length=1368 checksum=130560
timing-Base64-base64-rxtvm-clang-r5-profile-30-recorded-1,stdout,2,PASS: Base64 Roundtrip
timing-Base64-base64-rxbvm-clang-r5-profile-30-recorded-1,stdout,1,benchmark=base64_roundtrip repetitions=2500 encoded_length=1368 checksum=130560
timing-Base64-base64-rxbvm-clang-r5-profile-30-recorded-1,stdout,2,PASS: Base64 Roundtrip
timing-Base64-base64-rxbvm-clang-r5-profile-30-recorded-2,stdout,1,benchmark=base64_roundtrip repetitions=2500 encoded_length=1368 checksum=130560
timing-Base64-base64-rxbvm-clang-r5-profile-30-recorded-2,stdout,2,PASS: Base64 Roundtrip
timing-Base64-base64-rxtvm-clang-r5-profile-30-recorded-2,stdout,1,benchmark=base64_roundtrip repetitions=2500 encoded_length=1368 checksum=130560
timing-Base64-base64-rxtvm-clang-r5-profile-30-recorded-2,stdout,2,PASS: Base64 Roundtrip
timing-Base64-base64-rxbvm-clang-r5-profile-20-recorded-2,stdout,1,benchmark=base64_roundtrip repetitions=2500 encoded_length=1368 checksum=130560
timing-Base64-base64-rxbvm-clang-r5-profile-20-recorded-2,stdout,2,PASS: Base64 Roundtrip
timing-Base64-base64-rxtvm-clang-r5-profile-20-recorded-2,stdout,1,benchmark=base64_roundtrip repetitions=2500 encoded_length=1368 checksum=130560
timing-Base64-base64-rxtvm-clang-r5-profile-20-recorded-2,stdout,2,PASS: Base64 Roundtrip
timing-Base64-base64-rxbvm-clang-r5-profile-15-recorded-2,stdout,1,benchmark=base64_roundtrip repetitions=2500 encoded_length=1368 checksum=130560
timing-Base64-base64-rxbvm-clang-r5-profile-15-recorded-2,stdout,2,PASS: Base64 Roundtrip
timing-Base64-base64-rxtvm-clang-r5-profile-15-recorded-2,stdout,1,benchmark=base64_roundtrip repetitions=2500 encoded_length=1368 checksum=130560
timing-Base64-base64-rxtvm-clang-r5-profile-15-recorded-2,stdout,2,PASS: Base64 Roundtrip
timing-Base64-base64-rxbvm-clang-r5-all-inline-recorded-2,stdout,1,benchmark=base64_roundtrip repetitions=2500 encoded_length=1368 checksum=130560
timing-Base64-base64-rxbvm-clang-r5-all-inline-recorded-2,stdout,2,PASS: Base64 Roundtrip
timing-Base64-base64-rxtvm-clang-r5-all-inline-recorded-2,stdout,1,benchmark=base64_roundtrip repetitions=2500 encoded_length=1368 checksum=130560
timing-Base64-base64-rxtvm-clang-r5-all-inline-recorded-2,stdout,2,PASS: Base64 Roundtrip
timing-Base64-base64-rxtvm-clang-r5-profile-15-recorded-3,stdout,1,benchmark=base64_roundtrip repetitions=2500 encoded_length=1368 checksum=130560
timing-Base64-base64-rxtvm-clang-r5-profile-15-recorded-3,stdout,2,PASS: Base64 Roundtrip
timing-Base64-base64-rxbvm-clang-r5-profile-15-recorded-3,stdout,1,benchmark=base64_roundtrip repetitions=2500 encoded_length=1368 checksum=130560
timing-Base64-base64-rxbvm-clang-r5-profile-15-recorded-3,stdout,2,PASS: Base64 Roundtrip
timing-Base64-base64-rxtvm-clang-r5-profile-20-recorded-3,stdout,1,benchmark=base64_roundtrip repetitions=2500 encoded_length=1368 checksum=130560
timing-Base64-base64-rxtvm-clang-r5-profile-20-recorded-3,stdout,2,PASS: Base64 Roundtrip
timing-Base64-base64-rxbvm-clang-r5-profile-20-recorded-3,stdout,1,benchmark=base64_roundtrip repetitions=2500 encoded_length=1368 checksum=130560
timing-Base64-base64-rxbvm-clang-r5-profile-20-recorded-3,stdout,2,PASS: Base64 Roundtrip
timing-Base64-base64-rxtvm-clang-r5-profile-30-recorded-3,stdout,1,benchmark=base64_roundtrip repetitions=2500 encoded_length=1368 checksum=130560
timing-Base64-base64-rxtvm-clang-r5-profile-30-recorded-3,stdout,2,PASS: Base64 Roundtrip
timing-Base64-base64-rxbvm-clang-r5-profile-30-recorded-3,stdout,1,benchmark=base64_roundtrip repetitions=2500 encoded_length=1368 checksum=130560
timing-Base64-base64-rxbvm-clang-r5-profile-30-recorded-3,stdout,2,PASS: Base64 Roundtrip
timing-Base64-base64-rxtvm-clang-r5-all-inline-recorded-3,stdout,1,benchmark=base64_roundtrip repetitions=2500 encoded_length=1368 checksum=130560
timing-Base64-base64-rxtvm-clang-r5-all-inline-recorded-3,stdout,2,PASS: Base64 Roundtrip
timing-Base64-base64-rxbvm-clang-r5-all-inline-recorded-3,stdout,1,benchmark=base64_roundtrip repetitions=2500 encoded_length=1368 checksum=130560
timing-Base64-base64-rxbvm-clang-r5-all-inline-recorded-3,stdout,2,PASS: Base64 Roundtrip
timing-Base64-base64-rxbvm-clang-r5-all-inline-recorded-4,stdout,1,benchmark=base64_roundtrip repetitions=2500 encoded_length=1368 checksum=130560
timing-Base64-base64-rxbvm-clang-r5-all-inline-recorded-4,stdout,2,PASS: Base64 Roundtrip
timing-Base64-base64-rxtvm-clang-r5-all-inline-recorded-4,stdout,1,benchmark=base64_roundtrip repetitions=2500 encoded_length=1368 checksum=130560
timing-Base64-base64-rxtvm-clang-r5-all-inline-recorded-4,stdout,2,PASS: Base64 Roundtrip
timing-Base64-base64-rxbvm-clang-r5-profile-30-recorded-4,stdout,1,benchmark=base64_roundtrip repetitions=2500 encoded_length=1368 checksum=130560
timing-Base64-base64-rxbvm-clang-r5-profile-30-recorded-4,stdout,2,PASS: Base64 Roundtrip
timing-Base64-base64-rxtvm-clang-r5-profile-30-recorded-4,stdout,1,benchmark=base64_roundtrip repetitions=2500 encoded_length=1368 checksum=130560
timing-Base64-base64-rxtvm-clang-r5-profile-30-recorded-4,stdout,2,PASS: Base64 Roundtrip
timing-Base64-base64-rxbvm-clang-r5-profile-20-recorded-4,stdout,1,benchmark=base64_roundtrip repetitions=2500 encoded_length=1368 checksum=130560
timing-Base64-base64-rxbvm-clang-r5-profile-20-recorded-4,stdout,2,PASS: Base64 Roundtrip
timing-Base64-base64-rxtvm-clang-r5-profile-20-recorded-4,stdout,1,benchmark=base64_roundtrip repetitions=2500 encoded_length=1368 checksum=130560
timing-Base64-base64-rxtvm-clang-r5-profile-20-recorded-4,stdout,2,PASS: Base64 Roundtrip
timing-Base64-base64-rxbvm-clang-r5-profile-15-recorded-4,stdout,1,benchmark=base64_roundtrip repetitions=2500 encoded_length=1368 checksum=130560
timing-Base64-base64-rxbvm-clang-r5-profile-15-recorded-4,stdout,2,PASS: Base64 Roundtrip
timing-Base64-base64-rxtvm-clang-r5-profile-15-recorded-4,stdout,1,benchmark=base64_roundtrip repetitions=2500 encoded_length=1368 checksum=130560
timing-Base64-base64-rxtvm-clang-r5-profile-15-recorded-4,stdout,2,PASS: Base64 Roundtrip
timing-Base64-base64-rxtvm-clang-r5-profile-20-recorded-5,stdout,1,benchmark=base64_roundtrip repetitions=2500 encoded_length=1368 checksum=130560
timing-Base64-base64-rxtvm-clang-r5-profile-20-recorded-5,stdout,2,PASS: Base64 Roundtrip
timing-Base64-base64-rxbvm-clang-r5-profile-20-recorded-5,stdout,1,benchmark=base64_roundtrip repetitions=2500 encoded_length=1368 checksum=130560
timing-Base64-base64-rxbvm-clang-r5-profile-20-recorded-5,stdout,2,PASS: Base64 Roundtrip
timing-Base64-base64-rxtvm-clang-r5-profile-30-recorded-5,stdout,1,benchmark=base64_roundtrip repetitions=2500 encoded_length=1368 checksum=130560
timing-Base64-base64-rxtvm-clang-r5-profile-30-recorded-5,stdout,2,PASS: Base64 Roundtrip
timing-Base64-base64-rxbvm-clang-r5-profile-30-recorded-5,stdout,1,benchmark=base64_roundtrip repetitions=2500 encoded_length=1368 checksum=130560
timing-Base64-base64-rxbvm-clang-r5-profile-30-recorded-5,stdout,2,PASS: Base64 Roundtrip
timing-Base64-base64-rxtvm-clang-r5-all-inline-recorded-5,stdout,1,benchmark=base64_roundtrip repetitions=2500 encoded_length=1368 checksum=130560
timing-Base64-base64-rxtvm-clang-r5-all-inline-recorded-5,stdout,2,PASS: Base64 Roundtrip
timing-Base64-base64-rxbvm-clang-r5-all-inline-recorded-5,stdout,1,benchmark=base64_roundtrip repetitions=2500 encoded_length=1368 checksum=130560
timing-Base64-base64-rxbvm-clang-r5-all-inline-recorded-5,stdout,2,PASS: Base64 Roundtrip
timing-Base64-base64-rxtvm-clang-r5-profile-15-recorded-5,stdout,1,benchmark=base64_roundtrip repetitions=2500 encoded_length=1368 checksum=130560
timing-Base64-base64-rxtvm-clang-r5-profile-15-recorded-5,stdout,2,PASS: Base64 Roundtrip
timing-Base64-base64-rxbvm-clang-r5-profile-15-recorded-5,stdout,1,benchmark=base64_roundtrip repetitions=2500 encoded_length=1368 checksum=130560
timing-Base64-base64-rxbvm-clang-r5-profile-15-recorded-5,stdout,2,PASS: Base64 Roundtrip
timing-Base64-base64-rxbvm-clang-r5-profile-15-recorded-6,stdout,1,benchmark=base64_roundtrip repetitions=2500 encoded_length=1368 checksum=130560
timing-Base64-base64-rxbvm-clang-r5-profile-15-recorded-6,stdout,2,PASS: Base64 Roundtrip
timing-Base64-base64-rxtvm-clang-r5-profile-15-recorded-6,stdout,1,benchmark=base64_roundtrip repetitions=2500 encoded_length=1368 checksum=130560
timing-Base64-base64-rxtvm-clang-r5-profile-15-recorded-6,stdout,2,PASS: Base64 Roundtrip
timing-Base64-base64-rxbvm-clang-r5-all-inline-recorded-6,stdout,1,benchmark=base64_roundtrip repetitions=2500 encoded_length=1368 checksum=130560
timing-Base64-base64-rxbvm-clang-r5-all-inline-recorded-6,stdout,2,PASS: Base64 Roundtrip
timing-Base64-base64-rxtvm-clang-r5-all-inline-recorded-6,stdout,1,benchmark=base64_roundtrip repetitions=2500 encoded_length=1368 checksum=130560
timing-Base64-base64-rxtvm-clang-r5-all-inline-recorded-6,stdout,2,PASS: Base64 Roundtrip
timing-Base64-base64-rxbvm-clang-r5-profile-30-recorded-6,stdout,1,benchmark=base64_roundtrip repetitions=2500 encoded_length=1368 checksum=130560
timing-Base64-base64-rxbvm-clang-r5-profile-30-recorded-6,stdout,2,PASS: Base64 Roundtrip
timing-Base64-base64-rxtvm-clang-r5-profile-30-recorded-6,stdout,1,benchmark=base64_roundtrip repetitions=2500 encoded_length=1368 checksum=130560
timing-Base64-base64-rxtvm-clang-r5-profile-30-recorded-6,stdout,2,PASS: Base64 Roundtrip
timing-Base64-base64-rxbvm-clang-r5-profile-20-recorded-6,stdout,1,benchmark=base64_roundtrip repetitions=2500 encoded_length=1368 checksum=130560
timing-Base64-base64-rxbvm-clang-r5-profile-20-recorded-6,stdout,2,PASS: Base64 Roundtrip
timing-Base64-base64-rxtvm-clang-r5-profile-20-recorded-6,stdout,1,benchmark=base64_roundtrip repetitions=2500 encoded_length=1368 checksum=130560
timing-Base64-base64-rxtvm-clang-r5-profile-20-recorded-6,stdout,2,PASS: Base64 Roundtrip
timing-Base64-base64-rxtvm-clang-r5-profile-30-recorded-7,stdout,1,benchmark=base64_roundtrip repetitions=2500 encoded_length=1368 checksum=130560
timing-Base64-base64-rxtvm-clang-r5-profile-30-recorded-7,stdout,2,PASS: Base64 Roundtrip
timing-Base64-base64-rxbvm-clang-r5-profile-30-recorded-7,stdout,1,benchmark=base64_roundtrip repetitions=2500 encoded_length=1368 checksum=130560
timing-Base64-base64-rxbvm-clang-r5-profile-30-recorded-7,stdout,2,PASS: Base64 Roundtrip
timing-Base64-base64-rxtvm-clang-r5-all-inline-recorded-7,stdout,1,benchmark=base64_roundtrip repetitions=2500 encoded_length=1368 checksum=130560
timing-Base64-base64-rxtvm-clang-r5-all-inline-recorded-7,stdout,2,PASS: Base64 Roundtrip
timing-Base64-base64-rxbvm-clang-r5-all-inline-recorded-7,stdout,1,benchmark=base64_roundtrip repetitions=2500 encoded_length=1368 checksum=130560
timing-Base64-base64-rxbvm-clang-r5-all-inline-recorded-7,stdout,2,PASS: Base64 Roundtrip
timing-Base64-base64-rxtvm-clang-r5-profile-15-recorded-7,stdout,1,benchmark=base64_roundtrip repetitions=2500 encoded_length=1368 checksum=130560
timing-Base64-base64-rxtvm-clang-r5-profile-15-recorded-7,stdout,2,PASS: Base64 Roundtrip
timing-Base64-base64-rxbvm-clang-r5-profile-15-recorded-7,stdout,1,benchmark=base64_roundtrip repetitions=2500 encoded_length=1368 checksum=130560
timing-Base64-base64-rxbvm-clang-r5-profile-15-recorded-7,stdout,2,PASS: Base64 Roundtrip
timing-Base64-base64-rxtvm-clang-r5-profile-20-recorded-7,stdout,1,benchmark=base64_roundtrip repetitions=2500 encoded_length=1368 checksum=130560
timing-Base64-base64-rxtvm-clang-r5-profile-20-recorded-7,stdout,2,PASS: Base64 Roundtrip
timing-Base64-base64-rxbvm-clang-r5-profile-20-recorded-7,stdout,1,benchmark=base64_roundtrip repetitions=2500 encoded_length=1368 checksum=130560
timing-Base64-base64-rxbvm-clang-r5-profile-20-recorded-7,stdout,2,PASS: Base64 Roundtrip
timing-Base64-base64-rxbvm-clang-r5-profile-20-recorded-8,stdout,1,benchmark=base64_roundtrip repetitions=2500 encoded_length=1368 checksum=130560
timing-Base64-base64-rxbvm-clang-r5-profile-20-recorded-8,stdout,2,PASS: Base64 Roundtrip
timing-Base64-base64-rxtvm-clang-r5-profile-20-recorded-8,stdout,1,benchmark=base64_roundtrip repetitions=2500 encoded_length=1368 checksum=130560
timing-Base64-base64-rxtvm-clang-r5-profile-20-recorded-8,stdout,2,PASS: Base64 Roundtrip
timing-Base64-base64-rxbvm-clang-r5-profile-15-recorded-8,stdout,1,benchmark=base64_roundtrip repetitions=2500 encoded_length=1368 checksum=130560
timing-Base64-base64-rxbvm-clang-r5-profile-15-recorded-8,stdout,2,PASS: Base64 Roundtrip
timing-Base64-base64-rxtvm-clang-r5-profile-15-recorded-8,stdout,1,benchmark=base64_roundtrip repetitions=2500 encoded_length=1368 checksum=130560
timing-Base64-base64-rxtvm-clang-r5-profile-15-recorded-8,stdout,2,PASS: Base64 Roundtrip
timing-Base64-base64-rxbvm-clang-r5-all-inline-recorded-8,stdout,1,benchmark=base64_roundtrip repetitions=2500 encoded_length=1368 checksum=130560
timing-Base64-base64-rxbvm-clang-r5-all-inline-recorded-8,stdout,2,PASS: Base64 Roundtrip
timing-Base64-base64-rxtvm-clang-r5-all-inline-recorded-8,stdout,1,benchmark=base64_roundtrip repetitions=2500 encoded_length=1368 checksum=130560
timing-Base64-base64-rxtvm-clang-r5-all-inline-recorded-8,stdout,2,PASS: Base64 Roundtrip
timing-Base64-base64-rxbvm-clang-r5-profile-30-recorded-8,stdout,1,benchmark=base64_roundtrip repetitions=2500 encoded_length=1368 checksum=130560
timing-Base64-base64-rxbvm-clang-r5-profile-30-recorded-8,stdout,2,PASS: Base64 Roundtrip
timing-Base64-base64-rxtvm-clang-r5-profile-30-recorded-8,stdout,1,benchmark=base64_roundtrip repetitions=2500 encoded_length=1368 checksum=130560
timing-Base64-base64-rxtvm-clang-r5-profile-30-recorded-8,stdout,2,PASS: Base64 Roundtrip
timing-Base64-base64-rxtvm-clang-r5-all-inline-recorded-9,stdout,1,benchmark=base64_roundtrip repetitions=2500 encoded_length=1368 checksum=130560
timing-Base64-base64-rxtvm-clang-r5-all-inline-recorded-9,stdout,2,PASS: Base64 Roundtrip
timing-Base64-base64-rxbvm-clang-r5-all-inline-recorded-9,stdout,1,benchmark=base64_roundtrip repetitions=2500 encoded_length=1368 checksum=130560
timing-Base64-base64-rxbvm-clang-r5-all-inline-recorded-9,stdout,2,PASS: Base64 Roundtrip
timing-Base64-base64-rxtvm-clang-r5-profile-15-recorded-9,stdout,1,benchmark=base64_roundtrip repetitions=2500 encoded_length=1368 checksum=130560
timing-Base64-base64-rxtvm-clang-r5-profile-15-recorded-9,stdout,2,PASS: Base64 Roundtrip
timing-Base64-base64-rxbvm-clang-r5-profile-15-recorded-9,stdout,1,benchmark=base64_roundtrip repetitions=2500 encoded_length=1368 checksum=130560
timing-Base64-base64-rxbvm-clang-r5-profile-15-recorded-9,stdout,2,PASS: Base64 Roundtrip
timing-Base64-base64-rxtvm-clang-r5-profile-20-recorded-9,stdout,1,benchmark=base64_roundtrip repetitions=2500 encoded_length=1368 checksum=130560
timing-Base64-base64-rxtvm-clang-r5-profile-20-recorded-9,stdout,2,PASS: Base64 Roundtrip
timing-Base64-base64-rxbvm-clang-r5-profile-20-recorded-9,stdout,1,benchmark=base64_roundtrip repetitions=2500 encoded_length=1368 checksum=130560
timing-Base64-base64-rxbvm-clang-r5-profile-20-recorded-9,stdout,2,PASS: Base64 Roundtrip
timing-Base64-base64-rxtvm-clang-r5-profile-30-recorded-9,stdout,1,benchmark=base64_roundtrip repetitions=2500 encoded_length=1368 checksum=130560
timing-Base64-base64-rxtvm-clang-r5-profile-30-recorded-9,stdout,2,PASS: Base64 Roundtrip
timing-Base64-base64-rxbvm-clang-r5-profile-30-recorded-9,stdout,1,benchmark=base64_roundtrip repetitions=2500 encoded_length=1368 checksum=130560
timing-Base64-base64-rxbvm-clang-r5-profile-30-recorded-9,stdout,2,PASS: Base64 Roundtrip
timing-Base64-base64-rxbvm-clang-r5-profile-30-recorded-10,stdout,1,benchmark=base64_roundtrip repetitions=2500 encoded_length=1368 checksum=130560
timing-Base64-base64-rxbvm-clang-r5-profile-30-recorded-10,stdout,2,PASS: Base64 Roundtrip
timing-Base64-base64-rxtvm-clang-r5-profile-30-recorded-10,stdout,1,benchmark=base64_roundtrip repetitions=2500 encoded_length=1368 checksum=130560
timing-Base64-base64-rxtvm-clang-r5-profile-30-recorded-10,stdout,2,PASS: Base64 Roundtrip
timing-Base64-base64-rxbvm-clang-r5-profile-20-recorded-10,stdout,1,benchmark=base64_roundtrip repetitions=2500 encoded_length=1368 checksum=130560
timing-Base64-base64-rxbvm-clang-r5-profile-20-recorded-10,stdout,2,PASS: Base64 Roundtrip
timing-Base64-base64-rxtvm-clang-r5-profile-20-recorded-10,stdout,1,benchmark=base64_roundtrip repetitions=2500 encoded_length=1368 checksum=130560
timing-Base64-base64-rxtvm-clang-r5-profile-20-recorded-10,stdout,2,PASS: Base64 Roundtrip
timing-Base64-base64-rxbvm-clang-r5-profile-15-recorded-10,stdout,1,benchmark=base64_roundtrip repetitions=2500 encoded_length=1368 checksum=130560
timing-Base64-base64-rxbvm-clang-r5-profile-15-recorded-10,stdout,2,PASS: Base64 Roundtrip
timing-Base64-base64-rxtvm-clang-r5-profile-15-recorded-10,stdout,1,benchmark=base64_roundtrip repetitions=2500 encoded_length=1368 checksum=130560
timing-Base64-base64-rxtvm-clang-r5-profile-15-recorded-10,stdout,2,PASS: Base64 Roundtrip
timing-Base64-base64-rxbvm-clang-r5-all-inline-recorded-10,stdout,1,benchmark=base64_roundtrip repetitions=2500 encoded_length=1368 checksum=130560
timing-Base64-base64-rxbvm-clang-r5-all-inline-recorded-10,stdout,2,PASS: Base64 Roundtrip
timing-Base64-base64-rxtvm-clang-r5-all-inline-recorded-10,stdout,1,benchmark=base64_roundtrip repetitions=2500 encoded_length=1368 checksum=130560
timing-Base64-base64-rxtvm-clang-r5-all-inline-recorded-10,stdout,2,PASS: Base64 Roundtrip
timing-Base64-base64-rxtvm-clang-r5-profile-15-recorded-11,stdout,1,benchmark=base64_roundtrip repetitions=2500 encoded_length=1368 checksum=130560
timing-Base64-base64-rxtvm-clang-r5-profile-15-recorded-11,stdout,2,PASS: Base64 Roundtrip
timing-Base64-base64-rxbvm-clang-r5-profile-15-recorded-11,stdout,1,benchmark=base64_roundtrip repetitions=2500 encoded_length=1368 checksum=130560
timing-Base64-base64-rxbvm-clang-r5-profile-15-recorded-11,stdout,2,PASS: Base64 Roundtrip
timing-Base64-base64-rxtvm-clang-r5-profile-20-recorded-11,stdout,1,benchmark=base64_roundtrip repetitions=2500 encoded_length=1368 checksum=130560
timing-Base64-base64-rxtvm-clang-r5-profile-20-recorded-11,stdout,2,PASS: Base64 Roundtrip
timing-Base64-base64-rxbvm-clang-r5-profile-20-recorded-11,stdout,1,benchmark=base64_roundtrip repetitions=2500 encoded_length=1368 checksum=130560
timing-Base64-base64-rxbvm-clang-r5-profile-20-recorded-11,stdout,2,PASS: Base64 Roundtrip
timing-Base64-base64-rxtvm-clang-r5-profile-30-recorded-11,stdout,1,benchmark=base64_roundtrip repetitions=2500 encoded_length=1368 checksum=130560
timing-Base64-base64-rxtvm-clang-r5-profile-30-recorded-11,stdout,2,PASS: Base64 Roundtrip
timing-Base64-base64-rxbvm-clang-r5-profile-30-recorded-11,stdout,1,benchmark=base64_roundtrip repetitions=2500 encoded_length=1368 checksum=130560
timing-Base64-base64-rxbvm-clang-r5-profile-30-recorded-11,stdout,2,PASS: Base64 Roundtrip
timing-Base64-base64-rxtvm-clang-r5-all-inline-recorded-11,stdout,1,benchmark=base64_roundtrip repetitions=2500 encoded_length=1368 checksum=130560
timing-Base64-base64-rxtvm-clang-r5-all-inline-recorded-11,stdout,2,PASS: Base64 Roundtrip
timing-Base64-base64-rxbvm-clang-r5-all-inline-recorded-11,stdout,1,benchmark=base64_roundtrip repetitions=2500 encoded_length=1368 checksum=130560
timing-Base64-base64-rxbvm-clang-r5-all-inline-recorded-11,stdout,2,PASS: Base64 Roundtrip
timing-Base64-base64-rxbvm-clang-r5-all-inline-recorded-12,stdout,1,benchmark=base64_roundtrip repetitions=2500 encoded_length=1368 checksum=130560
timing-Base64-base64-rxbvm-clang-r5-all-inline-recorded-12,stdout,2,PASS: Base64 Roundtrip
timing-Base64-base64-rxtvm-clang-r5-all-inline-recorded-12,stdout,1,benchmark=base64_roundtrip repetitions=2500 encoded_length=1368 checksum=130560
timing-Base64-base64-rxtvm-clang-r5-all-inline-recorded-12,stdout,2,PASS: Base64 Roundtrip
timing-Base64-base64-rxbvm-clang-r5-profile-30-recorded-12,stdout,1,benchmark=base64_roundtrip repetitions=2500 encoded_length=1368 checksum=130560
timing-Base64-base64-rxbvm-clang-r5-profile-30-recorded-12,stdout,2,PASS: Base64 Roundtrip
timing-Base64-base64-rxtvm-clang-r5-profile-30-recorded-12,stdout,1,benchmark=base64_roundtrip repetitions=2500 encoded_length=1368 checksum=130560
timing-Base64-base64-rxtvm-clang-r5-profile-30-recorded-12,stdout,2,PASS: Base64 Roundtrip
timing-Base64-base64-rxbvm-clang-r5-profile-20-recorded-12,stdout,1,benchmark=base64_roundtrip repetitions=2500 encoded_length=1368 checksum=130560
timing-Base64-base64-rxbvm-clang-r5-profile-20-recorded-12,stdout,2,PASS: Base64 Roundtrip
timing-Base64-base64-rxtvm-clang-r5-profile-20-recorded-12,stdout,1,benchmark=base64_roundtrip repetitions=2500 encoded_length=1368 checksum=130560
timing-Base64-base64-rxtvm-clang-r5-profile-20-recorded-12,stdout,2,PASS: Base64 Roundtrip
timing-Base64-base64-rxbvm-clang-r5-profile-15-recorded-12,stdout,1,benchmark=base64_roundtrip repetitions=2500 encoded_length=1368 checksum=130560
timing-Base64-base64-rxbvm-clang-r5-profile-15-recorded-12,stdout,2,PASS: Base64 Roundtrip
timing-Base64-base64-rxtvm-clang-r5-profile-15-recorded-12,stdout,1,benchmark=base64_roundtrip repetitions=2500 encoded_length=1368 checksum=130560
timing-Base64-base64-rxtvm-clang-r5-profile-15-recorded-12,stdout,2,PASS: Base64 Roundtrip
timing-Towers-towers-rxtvm-clang-r5-all-inline-warmup-1,stdout,1,benchmark=awfy_towers repetitions=100 result=8191
timing-Towers-towers-rxtvm-clang-r5-all-inline-warmup-1,stdout,2,PASS: AWFY Towers
timing-Towers-towers-rxbvm-clang-r5-all-inline-warmup-1,stdout,1,benchmark=awfy_towers repetitions=100 result=8191
timing-Towers-towers-rxbvm-clang-r5-all-inline-warmup-1,stdout,2,PASS: AWFY Towers
timing-Towers-towers-rxtvm-clang-r5-profile-15-warmup-1,stdout,1,benchmark=awfy_towers repetitions=100 result=8191
timing-Towers-towers-rxtvm-clang-r5-profile-15-warmup-1,stdout,2,PASS: AWFY Towers
timing-Towers-towers-rxbvm-clang-r5-profile-15-warmup-1,stdout,1,benchmark=awfy_towers repetitions=100 result=8191
timing-Towers-towers-rxbvm-clang-r5-profile-15-warmup-1,stdout,2,PASS: AWFY Towers
timing-Towers-towers-rxtvm-clang-r5-profile-20-warmup-1,stdout,1,benchmark=awfy_towers repetitions=100 result=8191
timing-Towers-towers-rxtvm-clang-r5-profile-20-warmup-1,stdout,2,PASS: AWFY Towers
timing-Towers-towers-rxbvm-clang-r5-profile-20-warmup-1,stdout,1,benchmark=awfy_towers repetitions=100 result=8191
timing-Towers-towers-rxbvm-clang-r5-profile-20-warmup-1,stdout,2,PASS: AWFY Towers
timing-Towers-towers-rxtvm-clang-r5-profile-30-warmup-1,stdout,1,benchmark=awfy_towers repetitions=100 result=8191
timing-Towers-towers-rxtvm-clang-r5-profile-30-warmup-1,stdout,2,PASS: AWFY Towers
timing-Towers-towers-rxbvm-clang-r5-profile-30-warmup-1,stdout,1,benchmark=awfy_towers repetitions=100 result=8191
timing-Towers-towers-rxbvm-clang-r5-profile-30-warmup-1,stdout,2,PASS: AWFY Towers
timing-Towers-towers-rxbvm-clang-r5-profile-30-warmup-2,stdout,1,benchmark=awfy_towers repetitions=100 result=8191
timing-Towers-towers-rxbvm-clang-r5-profile-30-warmup-2,stdout,2,PASS: AWFY Towers
timing-Towers-towers-rxtvm-clang-r5-profile-30-warmup-2,stdout,1,benchmark=awfy_towers repetitions=100 result=8191
timing-Towers-towers-rxtvm-clang-r5-profile-30-warmup-2,stdout,2,PASS: AWFY Towers
timing-Towers-towers-rxbvm-clang-r5-profile-20-warmup-2,stdout,1,benchmark=awfy_towers repetitions=100 result=8191
timing-Towers-towers-rxbvm-clang-r5-profile-20-warmup-2,stdout,2,PASS: AWFY Towers
timing-Towers-towers-rxtvm-clang-r5-profile-20-warmup-2,stdout,1,benchmark=awfy_towers repetitions=100 result=8191
timing-Towers-towers-rxtvm-clang-r5-profile-20-warmup-2,stdout,2,PASS: AWFY Towers
timing-Towers-towers-rxbvm-clang-r5-profile-15-warmup-2,stdout,1,benchmark=awfy_towers repetitions=100 result=8191
timing-Towers-towers-rxbvm-clang-r5-profile-15-warmup-2,stdout,2,PASS: AWFY Towers
timing-Towers-towers-rxtvm-clang-r5-profile-15-warmup-2,stdout,1,benchmark=awfy_towers repetitions=100 result=8191
timing-Towers-towers-rxtvm-clang-r5-profile-15-warmup-2,stdout,2,PASS: AWFY Towers
timing-Towers-towers-rxbvm-clang-r5-all-inline-warmup-2,stdout,1,benchmark=awfy_towers repetitions=100 result=8191
timing-Towers-towers-rxbvm-clang-r5-all-inline-warmup-2,stdout,2,PASS: AWFY Towers
timing-Towers-towers-rxtvm-clang-r5-all-inline-warmup-2,stdout,1,benchmark=awfy_towers repetitions=100 result=8191
timing-Towers-towers-rxtvm-clang-r5-all-inline-warmup-2,stdout,2,PASS: AWFY Towers
timing-Towers-towers-rxtvm-clang-r5-all-inline-recorded-1,stdout,1,benchmark=awfy_towers repetitions=100 result=8191
timing-Towers-towers-rxtvm-clang-r5-all-inline-recorded-1,stdout,2,PASS: AWFY Towers
timing-Towers-towers-rxbvm-clang-r5-all-inline-recorded-1,stdout,1,benchmark=awfy_towers repetitions=100 result=8191
timing-Towers-towers-rxbvm-clang-r5-all-inline-recorded-1,stdout,2,PASS: AWFY Towers
timing-Towers-towers-rxtvm-clang-r5-profile-15-recorded-1,stdout,1,benchmark=awfy_towers repetitions=100 result=8191
timing-Towers-towers-rxtvm-clang-r5-profile-15-recorded-1,stdout,2,PASS: AWFY Towers
timing-Towers-towers-rxbvm-clang-r5-profile-15-recorded-1,stdout,1,benchmark=awfy_towers repetitions=100 result=8191
timing-Towers-towers-rxbvm-clang-r5-profile-15-recorded-1,stdout,2,PASS: AWFY Towers
timing-Towers-towers-rxtvm-clang-r5-profile-20-recorded-1,stdout,1,benchmark=awfy_towers repetitions=100 result=8191
timing-Towers-towers-rxtvm-clang-r5-profile-20-recorded-1,stdout,2,PASS: AWFY Towers
timing-Towers-towers-rxbvm-clang-r5-profile-20-recorded-1,stdout,1,benchmark=awfy_towers repetitions=100 result=8191
timing-Towers-towers-rxbvm-clang-r5-profile-20-recorded-1,stdout,2,PASS: AWFY Towers
timing-Towers-towers-rxtvm-clang-r5-profile-30-recorded-1,stdout,1,benchmark=awfy_towers repetitions=100 result=8191
timing-Towers-towers-rxtvm-clang-r5-profile-30-recorded-1,stdout,2,PASS: AWFY Towers
timing-Towers-towers-rxbvm-clang-r5-profile-30-recorded-1,stdout,1,benchmark=awfy_towers repetitions=100 result=8191
timing-Towers-towers-rxbvm-clang-r5-profile-30-recorded-1,stdout,2,PASS: AWFY Towers
timing-Towers-towers-rxbvm-clang-r5-profile-30-recorded-2,stdout,1,benchmark=awfy_towers repetitions=100 result=8191
timing-Towers-towers-rxbvm-clang-r5-profile-30-recorded-2,stdout,2,PASS: AWFY Towers
timing-Towers-towers-rxtvm-clang-r5-profile-30-recorded-2,stdout,1,benchmark=awfy_towers repetitions=100 result=8191
timing-Towers-towers-rxtvm-clang-r5-profile-30-recorded-2,stdout,2,PASS: AWFY Towers
timing-Towers-towers-rxbvm-clang-r5-profile-20-recorded-2,stdout,1,benchmark=awfy_towers repetitions=100 result=8191
timing-Towers-towers-rxbvm-clang-r5-profile-20-recorded-2,stdout,2,PASS: AWFY Towers
timing-Towers-towers-rxtvm-clang-r5-profile-20-recorded-2,stdout,1,benchmark=awfy_towers repetitions=100 result=8191
timing-Towers-towers-rxtvm-clang-r5-profile-20-recorded-2,stdout,2,PASS: AWFY Towers
timing-Towers-towers-rxbvm-clang-r5-profile-15-recorded-2,stdout,1,benchmark=awfy_towers repetitions=100 result=8191
timing-Towers-towers-rxbvm-clang-r5-profile-15-recorded-2,stdout,2,PASS: AWFY Towers
timing-Towers-towers-rxtvm-clang-r5-profile-15-recorded-2,stdout,1,benchmark=awfy_towers repetitions=100 result=8191
timing-Towers-towers-rxtvm-clang-r5-profile-15-recorded-2,stdout,2,PASS: AWFY Towers
timing-Towers-towers-rxbvm-clang-r5-all-inline-recorded-2,stdout,1,benchmark=awfy_towers repetitions=100 result=8191
timing-Towers-towers-rxbvm-clang-r5-all-inline-recorded-2,stdout,2,PASS: AWFY Towers
timing-Towers-towers-rxtvm-clang-r5-all-inline-recorded-2,stdout,1,benchmark=awfy_towers repetitions=100 result=8191
timing-Towers-towers-rxtvm-clang-r5-all-inline-recorded-2,stdout,2,PASS: AWFY Towers
timing-Towers-towers-rxtvm-clang-r5-profile-15-recorded-3,stdout,1,benchmark=awfy_towers repetitions=100 result=8191
timing-Towers-towers-rxtvm-clang-r5-profile-15-recorded-3,stdout,2,PASS: AWFY Towers
timing-Towers-towers-rxbvm-clang-r5-profile-15-recorded-3,stdout,1,benchmark=awfy_towers repetitions=100 result=8191
timing-Towers-towers-rxbvm-clang-r5-profile-15-recorded-3,stdout,2,PASS: AWFY Towers
timing-Towers-towers-rxtvm-clang-r5-profile-20-recorded-3,stdout,1,benchmark=awfy_towers repetitions=100 result=8191
timing-Towers-towers-rxtvm-clang-r5-profile-20-recorded-3,stdout,2,PASS: AWFY Towers
timing-Towers-towers-rxbvm-clang-r5-profile-20-recorded-3,stdout,1,benchmark=awfy_towers repetitions=100 result=8191
timing-Towers-towers-rxbvm-clang-r5-profile-20-recorded-3,stdout,2,PASS: AWFY Towers
timing-Towers-towers-rxtvm-clang-r5-profile-30-recorded-3,stdout,1,benchmark=awfy_towers repetitions=100 result=8191
timing-Towers-towers-rxtvm-clang-r5-profile-30-recorded-3,stdout,2,PASS: AWFY Towers
timing-Towers-towers-rxbvm-clang-r5-profile-30-recorded-3,stdout,1,benchmark=awfy_towers repetitions=100 result=8191
timing-Towers-towers-rxbvm-clang-r5-profile-30-recorded-3,stdout,2,PASS: AWFY Towers
timing-Towers-towers-rxtvm-clang-r5-all-inline-recorded-3,stdout,1,benchmark=awfy_towers repetitions=100 result=8191
timing-Towers-towers-rxtvm-clang-r5-all-inline-recorded-3,stdout,2,PASS: AWFY Towers
timing-Towers-towers-rxbvm-clang-r5-all-inline-recorded-3,stdout,1,benchmark=awfy_towers repetitions=100 result=8191
timing-Towers-towers-rxbvm-clang-r5-all-inline-recorded-3,stdout,2,PASS: AWFY Towers
timing-Towers-towers-rxbvm-clang-r5-all-inline-recorded-4,stdout,1,benchmark=awfy_towers repetitions=100 result=8191
timing-Towers-towers-rxbvm-clang-r5-all-inline-recorded-4,stdout,2,PASS: AWFY Towers
timing-Towers-towers-rxtvm-clang-r5-all-inline-recorded-4,stdout,1,benchmark=awfy_towers repetitions=100 result=8191
timing-Towers-towers-rxtvm-clang-r5-all-inline-recorded-4,stdout,2,PASS: AWFY Towers
timing-Towers-towers-rxbvm-clang-r5-profile-30-recorded-4,stdout,1,benchmark=awfy_towers repetitions=100 result=8191
timing-Towers-towers-rxbvm-clang-r5-profile-30-recorded-4,stdout,2,PASS: AWFY Towers
timing-Towers-towers-rxtvm-clang-r5-profile-30-recorded-4,stdout,1,benchmark=awfy_towers repetitions=100 result=8191
timing-Towers-towers-rxtvm-clang-r5-profile-30-recorded-4,stdout,2,PASS: AWFY Towers
timing-Towers-towers-rxbvm-clang-r5-profile-20-recorded-4,stdout,1,benchmark=awfy_towers repetitions=100 result=8191
timing-Towers-towers-rxbvm-clang-r5-profile-20-recorded-4,stdout,2,PASS: AWFY Towers
timing-Towers-towers-rxtvm-clang-r5-profile-20-recorded-4,stdout,1,benchmark=awfy_towers repetitions=100 result=8191
timing-Towers-towers-rxtvm-clang-r5-profile-20-recorded-4,stdout,2,PASS: AWFY Towers
timing-Towers-towers-rxbvm-clang-r5-profile-15-recorded-4,stdout,1,benchmark=awfy_towers repetitions=100 result=8191
timing-Towers-towers-rxbvm-clang-r5-profile-15-recorded-4,stdout,2,PASS: AWFY Towers
timing-Towers-towers-rxtvm-clang-r5-profile-15-recorded-4,stdout,1,benchmark=awfy_towers repetitions=100 result=8191
timing-Towers-towers-rxtvm-clang-r5-profile-15-recorded-4,stdout,2,PASS: AWFY Towers
timing-Towers-towers-rxtvm-clang-r5-profile-20-recorded-5,stdout,1,benchmark=awfy_towers repetitions=100 result=8191
timing-Towers-towers-rxtvm-clang-r5-profile-20-recorded-5,stdout,2,PASS: AWFY Towers
timing-Towers-towers-rxbvm-clang-r5-profile-20-recorded-5,stdout,1,benchmark=awfy_towers repetitions=100 result=8191
timing-Towers-towers-rxbvm-clang-r5-profile-20-recorded-5,stdout,2,PASS: AWFY Towers
timing-Towers-towers-rxtvm-clang-r5-profile-30-recorded-5,stdout,1,benchmark=awfy_towers repetitions=100 result=8191
timing-Towers-towers-rxtvm-clang-r5-profile-30-recorded-5,stdout,2,PASS: AWFY Towers
timing-Towers-towers-rxbvm-clang-r5-profile-30-recorded-5,stdout,1,benchmark=awfy_towers repetitions=100 result=8191
timing-Towers-towers-rxbvm-clang-r5-profile-30-recorded-5,stdout,2,PASS: AWFY Towers
timing-Towers-towers-rxtvm-clang-r5-all-inline-recorded-5,stdout,1,benchmark=awfy_towers repetitions=100 result=8191
timing-Towers-towers-rxtvm-clang-r5-all-inline-recorded-5,stdout,2,PASS: AWFY Towers
timing-Towers-towers-rxbvm-clang-r5-all-inline-recorded-5,stdout,1,benchmark=awfy_towers repetitions=100 result=8191
timing-Towers-towers-rxbvm-clang-r5-all-inline-recorded-5,stdout,2,PASS: AWFY Towers
timing-Towers-towers-rxtvm-clang-r5-profile-15-recorded-5,stdout,1,benchmark=awfy_towers repetitions=100 result=8191
timing-Towers-towers-rxtvm-clang-r5-profile-15-recorded-5,stdout,2,PASS: AWFY Towers
timing-Towers-towers-rxbvm-clang-r5-profile-15-recorded-5,stdout,1,benchmark=awfy_towers repetitions=100 result=8191
timing-Towers-towers-rxbvm-clang-r5-profile-15-recorded-5,stdout,2,PASS: AWFY Towers
timing-Towers-towers-rxbvm-clang-r5-profile-15-recorded-6,stdout,1,benchmark=awfy_towers repetitions=100 result=8191
timing-Towers-towers-rxbvm-clang-r5-profile-15-recorded-6,stdout,2,PASS: AWFY Towers
timing-Towers-towers-rxtvm-clang-r5-profile-15-recorded-6,stdout,1,benchmark=awfy_towers repetitions=100 result=8191
timing-Towers-towers-rxtvm-clang-r5-profile-15-recorded-6,stdout,2,PASS: AWFY Towers
timing-Towers-towers-rxbvm-clang-r5-all-inline-recorded-6,stdout,1,benchmark=awfy_towers repetitions=100 result=8191
timing-Towers-towers-rxbvm-clang-r5-all-inline-recorded-6,stdout,2,PASS: AWFY Towers
timing-Towers-towers-rxtvm-clang-r5-all-inline-recorded-6,stdout,1,benchmark=awfy_towers repetitions=100 result=8191
timing-Towers-towers-rxtvm-clang-r5-all-inline-recorded-6,stdout,2,PASS: AWFY Towers
timing-Towers-towers-rxbvm-clang-r5-profile-30-recorded-6,stdout,1,benchmark=awfy_towers repetitions=100 result=8191
timing-Towers-towers-rxbvm-clang-r5-profile-30-recorded-6,stdout,2,PASS: AWFY Towers
timing-Towers-towers-rxtvm-clang-r5-profile-30-recorded-6,stdout,1,benchmark=awfy_towers repetitions=100 result=8191
timing-Towers-towers-rxtvm-clang-r5-profile-30-recorded-6,stdout,2,PASS: AWFY Towers
timing-Towers-towers-rxbvm-clang-r5-profile-20-recorded-6,stdout,1,benchmark=awfy_towers repetitions=100 result=8191
timing-Towers-towers-rxbvm-clang-r5-profile-20-recorded-6,stdout,2,PASS: AWFY Towers
timing-Towers-towers-rxtvm-clang-r5-profile-20-recorded-6,stdout,1,benchmark=awfy_towers repetitions=100 result=8191
timing-Towers-towers-rxtvm-clang-r5-profile-20-recorded-6,stdout,2,PASS: AWFY Towers
timing-Towers-towers-rxtvm-clang-r5-profile-30-recorded-7,stdout,1,benchmark=awfy_towers repetitions=100 result=8191
timing-Towers-towers-rxtvm-clang-r5-profile-30-recorded-7,stdout,2,PASS: AWFY Towers
timing-Towers-towers-rxbvm-clang-r5-profile-30-recorded-7,stdout,1,benchmark=awfy_towers repetitions=100 result=8191
timing-Towers-towers-rxbvm-clang-r5-profile-30-recorded-7,stdout,2,PASS: AWFY Towers
timing-Towers-towers-rxtvm-clang-r5-all-inline-recorded-7,stdout,1,benchmark=awfy_towers repetitions=100 result=8191
timing-Towers-towers-rxtvm-clang-r5-all-inline-recorded-7,stdout,2,PASS: AWFY Towers
timing-Towers-towers-rxbvm-clang-r5-all-inline-recorded-7,stdout,1,benchmark=awfy_towers repetitions=100 result=8191
timing-Towers-towers-rxbvm-clang-r5-all-inline-recorded-7,stdout,2,PASS: AWFY Towers
timing-Towers-towers-rxtvm-clang-r5-profile-15-recorded-7,stdout,1,benchmark=awfy_towers repetitions=100 result=8191
timing-Towers-towers-rxtvm-clang-r5-profile-15-recorded-7,stdout,2,PASS: AWFY Towers
timing-Towers-towers-rxbvm-clang-r5-profile-15-recorded-7,stdout,1,benchmark=awfy_towers repetitions=100 result=8191
timing-Towers-towers-rxbvm-clang-r5-profile-15-recorded-7,stdout,2,PASS: AWFY Towers
timing-Towers-towers-rxtvm-clang-r5-profile-20-recorded-7,stdout,1,benchmark=awfy_towers repetitions=100 result=8191
timing-Towers-towers-rxtvm-clang-r5-profile-20-recorded-7,stdout,2,PASS: AWFY Towers
timing-Towers-towers-rxbvm-clang-r5-profile-20-recorded-7,stdout,1,benchmark=awfy_towers repetitions=100 result=8191
timing-Towers-towers-rxbvm-clang-r5-profile-20-recorded-7,stdout,2,PASS: AWFY Towers
timing-Towers-towers-rxbvm-clang-r5-profile-20-recorded-8,stdout,1,benchmark=awfy_towers repetitions=100 result=8191
timing-Towers-towers-rxbvm-clang-r5-profile-20-recorded-8,stdout,2,PASS: AWFY Towers
timing-Towers-towers-rxtvm-clang-r5-profile-20-recorded-8,stdout,1,benchmark=awfy_towers repetitions=100 result=8191
timing-Towers-towers-rxtvm-clang-r5-profile-20-recorded-8,stdout,2,PASS: AWFY Towers
timing-Towers-towers-rxbvm-clang-r5-profile-15-recorded-8,stdout,1,benchmark=awfy_towers repetitions=100 result=8191
timing-Towers-towers-rxbvm-clang-r5-profile-15-recorded-8,stdout,2,PASS: AWFY Towers
timing-Towers-towers-rxtvm-clang-r5-profile-15-recorded-8,stdout,1,benchmark=awfy_towers repetitions=100 result=8191
timing-Towers-towers-rxtvm-clang-r5-profile-15-recorded-8,stdout,2,PASS: AWFY Towers
timing-Towers-towers-rxbvm-clang-r5-all-inline-recorded-8,stdout,1,benchmark=awfy_towers repetitions=100 result=8191
timing-Towers-towers-rxbvm-clang-r5-all-inline-recorded-8,stdout,2,PASS: AWFY Towers
timing-Towers-towers-rxtvm-clang-r5-all-inline-recorded-8,stdout,1,benchmark=awfy_towers repetitions=100 result=8191
timing-Towers-towers-rxtvm-clang-r5-all-inline-recorded-8,stdout,2,PASS: AWFY Towers
timing-Towers-towers-rxbvm-clang-r5-profile-30-recorded-8,stdout,1,benchmark=awfy_towers repetitions=100 result=8191
timing-Towers-towers-rxbvm-clang-r5-profile-30-recorded-8,stdout,2,PASS: AWFY Towers
timing-Towers-towers-rxtvm-clang-r5-profile-30-recorded-8,stdout,1,benchmark=awfy_towers repetitions=100 result=8191
timing-Towers-towers-rxtvm-clang-r5-profile-30-recorded-8,stdout,2,PASS: AWFY Towers
timing-Towers-towers-rxtvm-clang-r5-all-inline-recorded-9,stdout,1,benchmark=awfy_towers repetitions=100 result=8191
timing-Towers-towers-rxtvm-clang-r5-all-inline-recorded-9,stdout,2,PASS: AWFY Towers
timing-Towers-towers-rxbvm-clang-r5-all-inline-recorded-9,stdout,1,benchmark=awfy_towers repetitions=100 result=8191
timing-Towers-towers-rxbvm-clang-r5-all-inline-recorded-9,stdout,2,PASS: AWFY Towers
timing-Towers-towers-rxtvm-clang-r5-profile-15-recorded-9,stdout,1,benchmark=awfy_towers repetitions=100 result=8191
timing-Towers-towers-rxtvm-clang-r5-profile-15-recorded-9,stdout,2,PASS: AWFY Towers
timing-Towers-towers-rxbvm-clang-r5-profile-15-recorded-9,stdout,1,benchmark=awfy_towers repetitions=100 result=8191
timing-Towers-towers-rxbvm-clang-r5-profile-15-recorded-9,stdout,2,PASS: AWFY Towers
timing-Towers-towers-rxtvm-clang-r5-profile-20-recorded-9,stdout,1,benchmark=awfy_towers repetitions=100 result=8191
timing-Towers-towers-rxtvm-clang-r5-profile-20-recorded-9,stdout,2,PASS: AWFY Towers
timing-Towers-towers-rxbvm-clang-r5-profile-20-recorded-9,stdout,1,benchmark=awfy_towers repetitions=100 result=8191
timing-Towers-towers-rxbvm-clang-r5-profile-20-recorded-9,stdout,2,PASS: AWFY Towers
timing-Towers-towers-rxtvm-clang-r5-profile-30-recorded-9,stdout,1,benchmark=awfy_towers repetitions=100 result=8191
timing-Towers-towers-rxtvm-clang-r5-profile-30-recorded-9,stdout,2,PASS: AWFY Towers
timing-Towers-towers-rxbvm-clang-r5-profile-30-recorded-9,stdout,1,benchmark=awfy_towers repetitions=100 result=8191
timing-Towers-towers-rxbvm-clang-r5-profile-30-recorded-9,stdout,2,PASS: AWFY Towers
timing-Towers-towers-rxbvm-clang-r5-profile-30-recorded-10,stdout,1,benchmark=awfy_towers repetitions=100 result=8191
timing-Towers-towers-rxbvm-clang-r5-profile-30-recorded-10,stdout,2,PASS: AWFY Towers
timing-Towers-towers-rxtvm-clang-r5-profile-30-recorded-10,stdout,1,benchmark=awfy_towers repetitions=100 result=8191
timing-Towers-towers-rxtvm-clang-r5-profile-30-recorded-10,stdout,2,PASS: AWFY Towers
timing-Towers-towers-rxbvm-clang-r5-profile-20-recorded-10,stdout,1,benchmark=awfy_towers repetitions=100 result=8191
timing-Towers-towers-rxbvm-clang-r5-profile-20-recorded-10,stdout,2,PASS: AWFY Towers
timing-Towers-towers-rxtvm-clang-r5-profile-20-recorded-10,stdout,1,benchmark=awfy_towers repetitions=100 result=8191
timing-Towers-towers-rxtvm-clang-r5-profile-20-recorded-10,stdout,2,PASS: AWFY Towers
timing-Towers-towers-rxbvm-clang-r5-profile-15-recorded-10,stdout,1,benchmark=awfy_towers repetitions=100 result=8191
timing-Towers-towers-rxbvm-clang-r5-profile-15-recorded-10,stdout,2,PASS: AWFY Towers
timing-Towers-towers-rxtvm-clang-r5-profile-15-recorded-10,stdout,1,benchmark=awfy_towers repetitions=100 result=8191
timing-Towers-towers-rxtvm-clang-r5-profile-15-recorded-10,stdout,2,PASS: AWFY Towers
timing-Towers-towers-rxbvm-clang-r5-all-inline-recorded-10,stdout,1,benchmark=awfy_towers repetitions=100 result=8191
timing-Towers-towers-rxbvm-clang-r5-all-inline-recorded-10,stdout,2,PASS: AWFY Towers
timing-Towers-towers-rxtvm-clang-r5-all-inline-recorded-10,stdout,1,benchmark=awfy_towers repetitions=100 result=8191
timing-Towers-towers-rxtvm-clang-r5-all-inline-recorded-10,stdout,2,PASS: AWFY Towers
timing-Towers-towers-rxtvm-clang-r5-profile-15-recorded-11,stdout,1,benchmark=awfy_towers repetitions=100 result=8191
timing-Towers-towers-rxtvm-clang-r5-profile-15-recorded-11,stdout,2,PASS: AWFY Towers
timing-Towers-towers-rxbvm-clang-r5-profile-15-recorded-11,stdout,1,benchmark=awfy_towers repetitions=100 result=8191
timing-Towers-towers-rxbvm-clang-r5-profile-15-recorded-11,stdout,2,PASS: AWFY Towers
timing-Towers-towers-rxtvm-clang-r5-profile-20-recorded-11,stdout,1,benchmark=awfy_towers repetitions=100 result=8191
timing-Towers-towers-rxtvm-clang-r5-profile-20-recorded-11,stdout,2,PASS: AWFY Towers
timing-Towers-towers-rxbvm-clang-r5-profile-20-recorded-11,stdout,1,benchmark=awfy_towers repetitions=100 result=8191
timing-Towers-towers-rxbvm-clang-r5-profile-20-recorded-11,stdout,2,PASS: AWFY Towers
timing-Towers-towers-rxtvm-clang-r5-profile-30-recorded-11,stdout,1,benchmark=awfy_towers repetitions=100 result=8191
timing-Towers-towers-rxtvm-clang-r5-profile-30-recorded-11,stdout,2,PASS: AWFY Towers
timing-Towers-towers-rxbvm-clang-r5-profile-30-recorded-11,stdout,1,benchmark=awfy_towers repetitions=100 result=8191
timing-Towers-towers-rxbvm-clang-r5-profile-30-recorded-11,stdout,2,PASS: AWFY Towers
timing-Towers-towers-rxtvm-clang-r5-all-inline-recorded-11,stdout,1,benchmark=awfy_towers repetitions=100 result=8191
timing-Towers-towers-rxtvm-clang-r5-all-inline-recorded-11,stdout,2,PASS: AWFY Towers
timing-Towers-towers-rxbvm-clang-r5-all-inline-recorded-11,stdout,1,benchmark=awfy_towers repetitions=100 result=8191
timing-Towers-towers-rxbvm-clang-r5-all-inline-recorded-11,stdout,2,PASS: AWFY Towers
timing-Towers-towers-rxbvm-clang-r5-all-inline-recorded-12,stdout,1,benchmark=awfy_towers repetitions=100 result=8191
timing-Towers-towers-rxbvm-clang-r5-all-inline-recorded-12,stdout,2,PASS: AWFY Towers
timing-Towers-towers-rxtvm-clang-r5-all-inline-recorded-12,stdout,1,benchmark=awfy_towers repetitions=100 result=8191
timing-Towers-towers-rxtvm-clang-r5-all-inline-recorded-12,stdout,2,PASS: AWFY Towers
timing-Towers-towers-rxbvm-clang-r5-profile-30-recorded-12,stdout,1,benchmark=awfy_towers repetitions=100 result=8191
timing-Towers-towers-rxbvm-clang-r5-profile-30-recorded-12,stdout,2,PASS: AWFY Towers
timing-Towers-towers-rxtvm-clang-r5-profile-30-recorded-12,stdout,1,benchmark=awfy_towers repetitions=100 result=8191
timing-Towers-towers-rxtvm-clang-r5-profile-30-recorded-12,stdout,2,PASS: AWFY Towers
timing-Towers-towers-rxbvm-clang-r5-profile-20-recorded-12,stdout,1,benchmark=awfy_towers repetitions=100 result=8191
timing-Towers-towers-rxbvm-clang-r5-profile-20-recorded-12,stdout,2,PASS: AWFY Towers
timing-Towers-towers-rxtvm-clang-r5-profile-20-recorded-12,stdout,1,benchmark=awfy_towers repetitions=100 result=8191
timing-Towers-towers-rxtvm-clang-r5-profile-20-recorded-12,stdout,2,PASS: AWFY Towers
timing-Towers-towers-rxbvm-clang-r5-profile-15-recorded-12,stdout,1,benchmark=awfy_towers repetitions=100 result=8191
timing-Towers-towers-rxbvm-clang-r5-profile-15-recorded-12,stdout,2,PASS: AWFY Towers
timing-Towers-towers-rxtvm-clang-r5-profile-15-recorded-12,stdout,1,benchmark=awfy_towers repetitions=100 result=8191
timing-Towers-towers-rxtvm-clang-r5-profile-15-recorded-12,stdout,2,PASS: AWFY Towers
timing-RexxCPS-rexxcps-rxtvm-clang-r5-all-inline-warmup-1,stdout,1,----- REXXCPS 2.2d -- Measuring cREXX clauses/second -----
timing-RexxCPS-rexxcps-rxtvm-clang-r5-all-inline-warmup-1,stdout,2, cREXX version is: macOS 64 crexx-1.0.0-beta.3+local.g3ad9890c139c.dirty 20260810
timing-RexxCPS-rexxcps-rxtvm-clang-r5-all-inline-warmup-1,stdout,3,       System is: macOS
timing-RexxCPS-rexxcps-rxtvm-clang-r5-all-inline-warmup-1,stdout,4,REXXCPS-PROVENANCE contract=canonical-default argv_count=0 initial_count=100 averaging=100
timing-RexxCPS-rexxcps-rxtvm-clang-r5-all-inline-warmup-1,stdout,5,        Averaged: 500 x 100 iterations of 1000 clauses (over 1.1 s)
timing-RexxCPS-rexxcps-rxtvm-clang-r5-all-inline-warmup-1,stdout,6,REXXCPS-EFFECTIVE contract=canonical-default initial_count=100 effective_count=500 averaging=100 calibrated=1
timing-RexxCPS-rexxcps-rxtvm-clang-r5-all-inline-warmup-1,stdout,7,
timing-RexxCPS-rexxcps-rxtvm-clang-r5-all-inline-warmup-1,stdout,8,     Performance: 46008107 cREXX clauses per second
timing-RexxCPS-rexxcps-rxtvm-clang-r5-all-inline-warmup-1,stdout,9,
timing-RexxCPS-rexxcps-rxtvm-clang-r5-all-inline-warmup-1,stdout,10,PASS: RexxCPS 2.2d cREXX port
timing-RexxCPS-rexxcps-rxbvm-clang-r5-all-inline-warmup-1,stdout,1,----- REXXCPS 2.2d -- Measuring cREXX clauses/second -----
timing-RexxCPS-rexxcps-rxbvm-clang-r5-all-inline-warmup-1,stdout,2, cREXX version is: macOS 64 crexx-1.0.0-beta.3+local.g3ad9890c139c.dirty 20260810
timing-RexxCPS-rexxcps-rxbvm-clang-r5-all-inline-warmup-1,stdout,3,       System is: macOS
timing-RexxCPS-rexxcps-rxbvm-clang-r5-all-inline-warmup-1,stdout,4,REXXCPS-PROVENANCE contract=canonical-default argv_count=0 initial_count=100 averaging=100
timing-RexxCPS-rexxcps-rxbvm-clang-r5-all-inline-warmup-1,stdout,5,        Averaged: 500 x 100 iterations of 1000 clauses (over 1.1 s)
timing-RexxCPS-rexxcps-rxbvm-clang-r5-all-inline-warmup-1,stdout,6,REXXCPS-EFFECTIVE contract=canonical-default initial_count=100 effective_count=500 averaging=100 calibrated=1
timing-RexxCPS-rexxcps-rxbvm-clang-r5-all-inline-warmup-1,stdout,7,
timing-RexxCPS-rexxcps-rxbvm-clang-r5-all-inline-warmup-1,stdout,8,     Performance: 44298162 cREXX clauses per second
timing-RexxCPS-rexxcps-rxbvm-clang-r5-all-inline-warmup-1,stdout,9,
timing-RexxCPS-rexxcps-rxbvm-clang-r5-all-inline-warmup-1,stdout,10,PASS: RexxCPS 2.2d cREXX port
timing-RexxCPS-rexxcps-rxtvm-clang-r5-profile-15-warmup-1,stdout,1,----- REXXCPS 2.2d -- Measuring cREXX clauses/second -----
timing-RexxCPS-rexxcps-rxtvm-clang-r5-profile-15-warmup-1,stdout,2, cREXX version is: macOS 64 crexx-1.0.0-beta.3+local.g3ad9890c139c.dirty 20260810
timing-RexxCPS-rexxcps-rxtvm-clang-r5-profile-15-warmup-1,stdout,3,       System is: macOS
timing-RexxCPS-rexxcps-rxtvm-clang-r5-profile-15-warmup-1,stdout,4,REXXCPS-PROVENANCE contract=canonical-default argv_count=0 initial_count=100 averaging=100
timing-RexxCPS-rexxcps-rxtvm-clang-r5-profile-15-warmup-1,stdout,5,        Averaged: 500 x 100 iterations of 1000 clauses (over 1.1 s)
timing-RexxCPS-rexxcps-rxtvm-clang-r5-profile-15-warmup-1,stdout,6,REXXCPS-EFFECTIVE contract=canonical-default initial_count=100 effective_count=500 averaging=100 calibrated=1
timing-RexxCPS-rexxcps-rxtvm-clang-r5-profile-15-warmup-1,stdout,7,
timing-RexxCPS-rexxcps-rxtvm-clang-r5-profile-15-warmup-1,stdout,8,     Performance: 43849148 cREXX clauses per second
timing-RexxCPS-rexxcps-rxtvm-clang-r5-profile-15-warmup-1,stdout,9,
timing-RexxCPS-rexxcps-rxtvm-clang-r5-profile-15-warmup-1,stdout,10,PASS: RexxCPS 2.2d cREXX port
timing-RexxCPS-rexxcps-rxbvm-clang-r5-profile-15-warmup-1,stdout,1,----- REXXCPS 2.2d -- Measuring cREXX clauses/second -----
timing-RexxCPS-rexxcps-rxbvm-clang-r5-profile-15-warmup-1,stdout,2, cREXX version is: macOS 64 crexx-1.0.0-beta.3+local.g3ad9890c139c.dirty 20260810
timing-RexxCPS-rexxcps-rxbvm-clang-r5-profile-15-warmup-1,stdout,3,       System is: macOS
timing-RexxCPS-rexxcps-rxbvm-clang-r5-profile-15-warmup-1,stdout,4,REXXCPS-PROVENANCE contract=canonical-default argv_count=0 initial_count=100 averaging=100
timing-RexxCPS-rexxcps-rxbvm-clang-r5-profile-15-warmup-1,stdout,5,        Averaged: 500 x 100 iterations of 1000 clauses (over 1.2 s)
timing-RexxCPS-rexxcps-rxbvm-clang-r5-profile-15-warmup-1,stdout,6,REXXCPS-EFFECTIVE contract=canonical-default initial_count=100 effective_count=500 averaging=100 calibrated=1
timing-RexxCPS-rexxcps-rxbvm-clang-r5-profile-15-warmup-1,stdout,7,
timing-RexxCPS-rexxcps-rxbvm-clang-r5-profile-15-warmup-1,stdout,8,     Performance: 43472175 cREXX clauses per second
timing-RexxCPS-rexxcps-rxbvm-clang-r5-profile-15-warmup-1,stdout,9,
timing-RexxCPS-rexxcps-rxbvm-clang-r5-profile-15-warmup-1,stdout,10,PASS: RexxCPS 2.2d cREXX port
timing-RexxCPS-rexxcps-rxtvm-clang-r5-profile-20-warmup-1,stdout,1,----- REXXCPS 2.2d -- Measuring cREXX clauses/second -----
timing-RexxCPS-rexxcps-rxtvm-clang-r5-profile-20-warmup-1,stdout,2, cREXX version is: macOS 64 crexx-1.0.0-beta.3+local.g3ad9890c139c.dirty 20260810
timing-RexxCPS-rexxcps-rxtvm-clang-r5-profile-20-warmup-1,stdout,3,       System is: macOS
timing-RexxCPS-rexxcps-rxtvm-clang-r5-profile-20-warmup-1,stdout,4,REXXCPS-PROVENANCE contract=canonical-default argv_count=0 initial_count=100 averaging=100
timing-RexxCPS-rexxcps-rxtvm-clang-r5-profile-20-warmup-1,stdout,5,        Averaged: 500 x 100 iterations of 1000 clauses (over 1.1 s)
timing-RexxCPS-rexxcps-rxtvm-clang-r5-profile-20-warmup-1,stdout,6,REXXCPS-EFFECTIVE contract=canonical-default initial_count=100 effective_count=500 averaging=100 calibrated=1
timing-RexxCPS-rexxcps-rxtvm-clang-r5-profile-20-warmup-1,stdout,7,
timing-RexxCPS-rexxcps-rxtvm-clang-r5-profile-20-warmup-1,stdout,8,     Performance: 46382620 cREXX clauses per second
timing-RexxCPS-rexxcps-rxtvm-clang-r5-profile-20-warmup-1,stdout,9,
timing-RexxCPS-rexxcps-rxtvm-clang-r5-profile-20-warmup-1,stdout,10,PASS: RexxCPS 2.2d cREXX port
timing-RexxCPS-rexxcps-rxbvm-clang-r5-profile-20-warmup-1,stdout,1,----- REXXCPS 2.2d -- Measuring cREXX clauses/second -----
timing-RexxCPS-rexxcps-rxbvm-clang-r5-profile-20-warmup-1,stdout,2, cREXX version is: macOS 64 crexx-1.0.0-beta.3+local.g3ad9890c139c.dirty 20260810
timing-RexxCPS-rexxcps-rxbvm-clang-r5-profile-20-warmup-1,stdout,3,       System is: macOS
timing-RexxCPS-rexxcps-rxbvm-clang-r5-profile-20-warmup-1,stdout,4,REXXCPS-PROVENANCE contract=canonical-default argv_count=0 initial_count=100 averaging=100
timing-RexxCPS-rexxcps-rxbvm-clang-r5-profile-20-warmup-1,stdout,5,        Averaged: 500 x 100 iterations of 1000 clauses (over 1.1 s)
timing-RexxCPS-rexxcps-rxbvm-clang-r5-profile-20-warmup-1,stdout,6,REXXCPS-EFFECTIVE contract=canonical-default initial_count=100 effective_count=500 averaging=100 calibrated=1
timing-RexxCPS-rexxcps-rxbvm-clang-r5-profile-20-warmup-1,stdout,7,
timing-RexxCPS-rexxcps-rxbvm-clang-r5-profile-20-warmup-1,stdout,8,     Performance: 45155289 cREXX clauses per second
timing-RexxCPS-rexxcps-rxbvm-clang-r5-profile-20-warmup-1,stdout,9,
timing-RexxCPS-rexxcps-rxbvm-clang-r5-profile-20-warmup-1,stdout,10,PASS: RexxCPS 2.2d cREXX port
timing-RexxCPS-rexxcps-rxtvm-clang-r5-profile-30-warmup-1,stdout,1,----- REXXCPS 2.2d -- Measuring cREXX clauses/second -----
timing-RexxCPS-rexxcps-rxtvm-clang-r5-profile-30-warmup-1,stdout,2, cREXX version is: macOS 64 crexx-1.0.0-beta.3+local.g3ad9890c139c.dirty 20260810
timing-RexxCPS-rexxcps-rxtvm-clang-r5-profile-30-warmup-1,stdout,3,       System is: macOS
timing-RexxCPS-rexxcps-rxtvm-clang-r5-profile-30-warmup-1,stdout,4,REXXCPS-PROVENANCE contract=canonical-default argv_count=0 initial_count=100 averaging=100
timing-RexxCPS-rexxcps-rxtvm-clang-r5-profile-30-warmup-1,stdout,5,        Averaged: 500 x 100 iterations of 1000 clauses (over 1.1 s)
timing-RexxCPS-rexxcps-rxtvm-clang-r5-profile-30-warmup-1,stdout,6,REXXCPS-EFFECTIVE contract=canonical-default initial_count=100 effective_count=500 averaging=100 calibrated=1
timing-RexxCPS-rexxcps-rxtvm-clang-r5-profile-30-warmup-1,stdout,7,
timing-RexxCPS-rexxcps-rxtvm-clang-r5-profile-30-warmup-1,stdout,8,     Performance: 45655638 cREXX clauses per second
timing-RexxCPS-rexxcps-rxtvm-clang-r5-profile-30-warmup-1,stdout,9,
timing-RexxCPS-rexxcps-rxtvm-clang-r5-profile-30-warmup-1,stdout,10,PASS: RexxCPS 2.2d cREXX port
timing-RexxCPS-rexxcps-rxbvm-clang-r5-profile-30-warmup-1,stdout,1,----- REXXCPS 2.2d -- Measuring cREXX clauses/second -----
timing-RexxCPS-rexxcps-rxbvm-clang-r5-profile-30-warmup-1,stdout,2, cREXX version is: macOS 64 crexx-1.0.0-beta.3+local.g3ad9890c139c.dirty 20260810
timing-RexxCPS-rexxcps-rxbvm-clang-r5-profile-30-warmup-1,stdout,3,       System is: macOS
timing-RexxCPS-rexxcps-rxbvm-clang-r5-profile-30-warmup-1,stdout,4,REXXCPS-PROVENANCE contract=canonical-default argv_count=0 initial_count=100 averaging=100
timing-RexxCPS-rexxcps-rxbvm-clang-r5-profile-30-warmup-1,stdout,5,        Averaged: 500 x 100 iterations of 1000 clauses (over 1.1 s)
timing-RexxCPS-rexxcps-rxbvm-clang-r5-profile-30-warmup-1,stdout,6,REXXCPS-EFFECTIVE contract=canonical-default initial_count=100 effective_count=500 averaging=100 calibrated=1
timing-RexxCPS-rexxcps-rxbvm-clang-r5-profile-30-warmup-1,stdout,7,
timing-RexxCPS-rexxcps-rxbvm-clang-r5-profile-30-warmup-1,stdout,8,     Performance: 45015602 cREXX clauses per second
timing-RexxCPS-rexxcps-rxbvm-clang-r5-profile-30-warmup-1,stdout,9,
timing-RexxCPS-rexxcps-rxbvm-clang-r5-profile-30-warmup-1,stdout,10,PASS: RexxCPS 2.2d cREXX port
timing-RexxCPS-rexxcps-rxbvm-clang-r5-profile-30-warmup-2,stdout,1,----- REXXCPS 2.2d -- Measuring cREXX clauses/second -----
timing-RexxCPS-rexxcps-rxbvm-clang-r5-profile-30-warmup-2,stdout,2, cREXX version is: macOS 64 crexx-1.0.0-beta.3+local.g3ad9890c139c.dirty 20260810
timing-RexxCPS-rexxcps-rxbvm-clang-r5-profile-30-warmup-2,stdout,3,       System is: macOS
timing-RexxCPS-rexxcps-rxbvm-clang-r5-profile-30-warmup-2,stdout,4,REXXCPS-PROVENANCE contract=canonical-default argv_count=0 initial_count=100 averaging=100
timing-RexxCPS-rexxcps-rxbvm-clang-r5-profile-30-warmup-2,stdout,5,        Averaged: 500 x 100 iterations of 1000 clauses (over 1.1 s)
timing-RexxCPS-rexxcps-rxbvm-clang-r5-profile-30-warmup-2,stdout,6,REXXCPS-EFFECTIVE contract=canonical-default initial_count=100 effective_count=500 averaging=100 calibrated=1
timing-RexxCPS-rexxcps-rxbvm-clang-r5-profile-30-warmup-2,stdout,7,
timing-RexxCPS-rexxcps-rxbvm-clang-r5-profile-30-warmup-2,stdout,8,     Performance: 45683920 cREXX clauses per second
timing-RexxCPS-rexxcps-rxbvm-clang-r5-profile-30-warmup-2,stdout,9,
timing-RexxCPS-rexxcps-rxbvm-clang-r5-profile-30-warmup-2,stdout,10,PASS: RexxCPS 2.2d cREXX port
timing-RexxCPS-rexxcps-rxtvm-clang-r5-profile-30-warmup-2,stdout,1,----- REXXCPS 2.2d -- Measuring cREXX clauses/second -----
timing-RexxCPS-rexxcps-rxtvm-clang-r5-profile-30-warmup-2,stdout,2, cREXX version is: macOS 64 crexx-1.0.0-beta.3+local.g3ad9890c139c.dirty 20260810
timing-RexxCPS-rexxcps-rxtvm-clang-r5-profile-30-warmup-2,stdout,3,       System is: macOS
timing-RexxCPS-rexxcps-rxtvm-clang-r5-profile-30-warmup-2,stdout,4,REXXCPS-PROVENANCE contract=canonical-default argv_count=0 initial_count=100 averaging=100
timing-RexxCPS-rexxcps-rxtvm-clang-r5-profile-30-warmup-2,stdout,5,        Averaged: 500 x 100 iterations of 1000 clauses (over 1.1 s)
timing-RexxCPS-rexxcps-rxtvm-clang-r5-profile-30-warmup-2,stdout,6,REXXCPS-EFFECTIVE contract=canonical-default initial_count=100 effective_count=500 averaging=100 calibrated=1
timing-RexxCPS-rexxcps-rxtvm-clang-r5-profile-30-warmup-2,stdout,7,
timing-RexxCPS-rexxcps-rxtvm-clang-r5-profile-30-warmup-2,stdout,8,     Performance: 45596766 cREXX clauses per second
timing-RexxCPS-rexxcps-rxtvm-clang-r5-profile-30-warmup-2,stdout,9,
timing-RexxCPS-rexxcps-rxtvm-clang-r5-profile-30-warmup-2,stdout,10,PASS: RexxCPS 2.2d cREXX port
timing-RexxCPS-rexxcps-rxbvm-clang-r5-profile-20-warmup-2,stdout,1,----- REXXCPS 2.2d -- Measuring cREXX clauses/second -----
timing-RexxCPS-rexxcps-rxbvm-clang-r5-profile-20-warmup-2,stdout,2, cREXX version is: macOS 64 crexx-1.0.0-beta.3+local.g3ad9890c139c.dirty 20260810
timing-RexxCPS-rexxcps-rxbvm-clang-r5-profile-20-warmup-2,stdout,3,       System is: macOS
timing-RexxCPS-rexxcps-rxbvm-clang-r5-profile-20-warmup-2,stdout,4,REXXCPS-PROVENANCE contract=canonical-default argv_count=0 initial_count=100 averaging=100
timing-RexxCPS-rexxcps-rxbvm-clang-r5-profile-20-warmup-2,stdout,5,        Averaged: 500 x 100 iterations of 1000 clauses (over 1.1 s)
timing-RexxCPS-rexxcps-rxbvm-clang-r5-profile-20-warmup-2,stdout,6,REXXCPS-EFFECTIVE contract=canonical-default initial_count=100 effective_count=500 averaging=100 calibrated=1
timing-RexxCPS-rexxcps-rxbvm-clang-r5-profile-20-warmup-2,stdout,7,
timing-RexxCPS-rexxcps-rxbvm-clang-r5-profile-20-warmup-2,stdout,8,     Performance: 45079728 cREXX clauses per second
timing-RexxCPS-rexxcps-rxbvm-clang-r5-profile-20-warmup-2,stdout,9,
timing-RexxCPS-rexxcps-rxbvm-clang-r5-profile-20-warmup-2,stdout,10,PASS: RexxCPS 2.2d cREXX port
timing-RexxCPS-rexxcps-rxtvm-clang-r5-profile-20-warmup-2,stdout,1,----- REXXCPS 2.2d -- Measuring cREXX clauses/second -----
timing-RexxCPS-rexxcps-rxtvm-clang-r5-profile-20-warmup-2,stdout,2, cREXX version is: macOS 64 crexx-1.0.0-beta.3+local.g3ad9890c139c.dirty 20260810
timing-RexxCPS-rexxcps-rxtvm-clang-r5-profile-20-warmup-2,stdout,3,       System is: macOS
timing-RexxCPS-rexxcps-rxtvm-clang-r5-profile-20-warmup-2,stdout,4,REXXCPS-PROVENANCE contract=canonical-default argv_count=0 initial_count=100 averaging=100
timing-RexxCPS-rexxcps-rxtvm-clang-r5-profile-20-warmup-2,stdout,5,        Averaged: 500 x 100 iterations of 1000 clauses (over 1.1 s)
timing-RexxCPS-rexxcps-rxtvm-clang-r5-profile-20-warmup-2,stdout,6,REXXCPS-EFFECTIVE contract=canonical-default initial_count=100 effective_count=500 averaging=100 calibrated=1
timing-RexxCPS-rexxcps-rxtvm-clang-r5-profile-20-warmup-2,stdout,7,
timing-RexxCPS-rexxcps-rxtvm-clang-r5-profile-20-warmup-2,stdout,8,     Performance: 46068386 cREXX clauses per second
timing-RexxCPS-rexxcps-rxtvm-clang-r5-profile-20-warmup-2,stdout,9,
timing-RexxCPS-rexxcps-rxtvm-clang-r5-profile-20-warmup-2,stdout,10,PASS: RexxCPS 2.2d cREXX port
timing-RexxCPS-rexxcps-rxbvm-clang-r5-profile-15-warmup-2,stdout,1,----- REXXCPS 2.2d -- Measuring cREXX clauses/second -----
timing-RexxCPS-rexxcps-rxbvm-clang-r5-profile-15-warmup-2,stdout,2, cREXX version is: macOS 64 crexx-1.0.0-beta.3+local.g3ad9890c139c.dirty 20260810
timing-RexxCPS-rexxcps-rxbvm-clang-r5-profile-15-warmup-2,stdout,3,       System is: macOS
timing-RexxCPS-rexxcps-rxbvm-clang-r5-profile-15-warmup-2,stdout,4,REXXCPS-PROVENANCE contract=canonical-default argv_count=0 initial_count=100 averaging=100
timing-RexxCPS-rexxcps-rxbvm-clang-r5-profile-15-warmup-2,stdout,5,        Averaged: 500 x 100 iterations of 1000 clauses (over 1.2 s)
timing-RexxCPS-rexxcps-rxbvm-clang-r5-profile-15-warmup-2,stdout,6,REXXCPS-EFFECTIVE contract=canonical-default initial_count=100 effective_count=500 averaging=100 calibrated=1
timing-RexxCPS-rexxcps-rxbvm-clang-r5-profile-15-warmup-2,stdout,7,
timing-RexxCPS-rexxcps-rxbvm-clang-r5-profile-15-warmup-2,stdout,8,     Performance: 43451246 cREXX clauses per second
timing-RexxCPS-rexxcps-rxbvm-clang-r5-profile-15-warmup-2,stdout,9,
timing-RexxCPS-rexxcps-rxbvm-clang-r5-profile-15-warmup-2,stdout,10,PASS: RexxCPS 2.2d cREXX port
timing-RexxCPS-rexxcps-rxtvm-clang-r5-profile-15-warmup-2,stdout,1,----- REXXCPS 2.2d -- Measuring cREXX clauses/second -----
timing-RexxCPS-rexxcps-rxtvm-clang-r5-profile-15-warmup-2,stdout,2, cREXX version is: macOS 64 crexx-1.0.0-beta.3+local.g3ad9890c139c.dirty 20260810
timing-RexxCPS-rexxcps-rxtvm-clang-r5-profile-15-warmup-2,stdout,3,       System is: macOS
timing-RexxCPS-rexxcps-rxtvm-clang-r5-profile-15-warmup-2,stdout,4,REXXCPS-PROVENANCE contract=canonical-default argv_count=0 initial_count=100 averaging=100
timing-RexxCPS-rexxcps-rxtvm-clang-r5-profile-15-warmup-2,stdout,5,        Averaged: 500 x 100 iterations of 1000 clauses (over 1.1 s)
timing-RexxCPS-rexxcps-rxtvm-clang-r5-profile-15-warmup-2,stdout,6,REXXCPS-EFFECTIVE contract=canonical-default initial_count=100 effective_count=500 averaging=100 calibrated=1
timing-RexxCPS-rexxcps-rxtvm-clang-r5-profile-15-warmup-2,stdout,7,
timing-RexxCPS-rexxcps-rxtvm-clang-r5-profile-15-warmup-2,stdout,8,     Performance: 44023463 cREXX clauses per second
timing-RexxCPS-rexxcps-rxtvm-clang-r5-profile-15-warmup-2,stdout,9,
timing-RexxCPS-rexxcps-rxtvm-clang-r5-profile-15-warmup-2,stdout,10,PASS: RexxCPS 2.2d cREXX port
timing-RexxCPS-rexxcps-rxbvm-clang-r5-all-inline-warmup-2,stdout,1,----- REXXCPS 2.2d -- Measuring cREXX clauses/second -----
timing-RexxCPS-rexxcps-rxbvm-clang-r5-all-inline-warmup-2,stdout,2, cREXX version is: macOS 64 crexx-1.0.0-beta.3+local.g3ad9890c139c.dirty 20260810
timing-RexxCPS-rexxcps-rxbvm-clang-r5-all-inline-warmup-2,stdout,3,       System is: macOS
timing-RexxCPS-rexxcps-rxbvm-clang-r5-all-inline-warmup-2,stdout,4,REXXCPS-PROVENANCE contract=canonical-default argv_count=0 initial_count=100 averaging=100
timing-RexxCPS-rexxcps-rxbvm-clang-r5-all-inline-warmup-2,stdout,5,        Averaged: 500 x 100 iterations of 1000 clauses (over 1.1 s)
timing-RexxCPS-rexxcps-rxbvm-clang-r5-all-inline-warmup-2,stdout,6,REXXCPS-EFFECTIVE contract=canonical-default initial_count=100 effective_count=500 averaging=100 calibrated=1
timing-RexxCPS-rexxcps-rxbvm-clang-r5-all-inline-warmup-2,stdout,7,
timing-RexxCPS-rexxcps-rxbvm-clang-r5-all-inline-warmup-2,stdout,8,     Performance: 45214334 cREXX clauses per second
timing-RexxCPS-rexxcps-rxbvm-clang-r5-all-inline-warmup-2,stdout,9,
timing-RexxCPS-rexxcps-rxbvm-clang-r5-all-inline-warmup-2,stdout,10,PASS: RexxCPS 2.2d cREXX port
timing-RexxCPS-rexxcps-rxtvm-clang-r5-all-inline-warmup-2,stdout,1,----- REXXCPS 2.2d -- Measuring cREXX clauses/second -----
timing-RexxCPS-rexxcps-rxtvm-clang-r5-all-inline-warmup-2,stdout,2, cREXX version is: macOS 64 crexx-1.0.0-beta.3+local.g3ad9890c139c.dirty 20260810
timing-RexxCPS-rexxcps-rxtvm-clang-r5-all-inline-warmup-2,stdout,3,       System is: macOS
timing-RexxCPS-rexxcps-rxtvm-clang-r5-all-inline-warmup-2,stdout,4,REXXCPS-PROVENANCE contract=canonical-default argv_count=0 initial_count=100 averaging=100
timing-RexxCPS-rexxcps-rxtvm-clang-r5-all-inline-warmup-2,stdout,5,        Averaged: 500 x 100 iterations of 1000 clauses (over 1.1 s)
timing-RexxCPS-rexxcps-rxtvm-clang-r5-all-inline-warmup-2,stdout,6,REXXCPS-EFFECTIVE contract=canonical-default initial_count=100 effective_count=500 averaging=100 calibrated=1
timing-RexxCPS-rexxcps-rxtvm-clang-r5-all-inline-warmup-2,stdout,7,
timing-RexxCPS-rexxcps-rxtvm-clang-r5-all-inline-warmup-2,stdout,8,     Performance: 45987160 cREXX clauses per second
timing-RexxCPS-rexxcps-rxtvm-clang-r5-all-inline-warmup-2,stdout,9,
timing-RexxCPS-rexxcps-rxtvm-clang-r5-all-inline-warmup-2,stdout,10,PASS: RexxCPS 2.2d cREXX port
timing-RexxCPS-rexxcps-rxtvm-clang-r5-all-inline-recorded-1,stdout,1,----- REXXCPS 2.2d -- Measuring cREXX clauses/second -----
timing-RexxCPS-rexxcps-rxtvm-clang-r5-all-inline-recorded-1,stdout,2, cREXX version is: macOS 64 crexx-1.0.0-beta.3+local.g3ad9890c139c.dirty 20260810
timing-RexxCPS-rexxcps-rxtvm-clang-r5-all-inline-recorded-1,stdout,3,       System is: macOS
timing-RexxCPS-rexxcps-rxtvm-clang-r5-all-inline-recorded-1,stdout,4,REXXCPS-PROVENANCE contract=canonical-default argv_count=0 initial_count=100 averaging=100
timing-RexxCPS-rexxcps-rxtvm-clang-r5-all-inline-recorded-1,stdout,5,        Averaged: 500 x 100 iterations of 1000 clauses (over 1.1 s)
timing-RexxCPS-rexxcps-rxtvm-clang-r5-all-inline-recorded-1,stdout,6,REXXCPS-EFFECTIVE contract=canonical-default initial_count=100 effective_count=500 averaging=100 calibrated=1
timing-RexxCPS-rexxcps-rxtvm-clang-r5-all-inline-recorded-1,stdout,7,
timing-RexxCPS-rexxcps-rxtvm-clang-r5-all-inline-recorded-1,stdout,8,     Performance: 45577979 cREXX clauses per second
timing-RexxCPS-rexxcps-rxtvm-clang-r5-all-inline-recorded-1,stdout,9,
timing-RexxCPS-rexxcps-rxtvm-clang-r5-all-inline-recorded-1,stdout,10,PASS: RexxCPS 2.2d cREXX port
timing-RexxCPS-rexxcps-rxbvm-clang-r5-all-inline-recorded-1,stdout,1,----- REXXCPS 2.2d -- Measuring cREXX clauses/second -----
timing-RexxCPS-rexxcps-rxbvm-clang-r5-all-inline-recorded-1,stdout,2, cREXX version is: macOS 64 crexx-1.0.0-beta.3+local.g3ad9890c139c.dirty 20260810
timing-RexxCPS-rexxcps-rxbvm-clang-r5-all-inline-recorded-1,stdout,3,       System is: macOS
timing-RexxCPS-rexxcps-rxbvm-clang-r5-all-inline-recorded-1,stdout,4,REXXCPS-PROVENANCE contract=canonical-default argv_count=0 initial_count=100 averaging=100
timing-RexxCPS-rexxcps-rxbvm-clang-r5-all-inline-recorded-1,stdout,5,        Averaged: 500 x 100 iterations of 1000 clauses (over 1.1 s)
timing-RexxCPS-rexxcps-rxbvm-clang-r5-all-inline-recorded-1,stdout,6,REXXCPS-EFFECTIVE contract=canonical-default initial_count=100 effective_count=500 averaging=100 calibrated=1
timing-RexxCPS-rexxcps-rxbvm-clang-r5-all-inline-recorded-1,stdout,7,
timing-RexxCPS-rexxcps-rxbvm-clang-r5-all-inline-recorded-1,stdout,8,     Performance: 44485925 cREXX clauses per second
timing-RexxCPS-rexxcps-rxbvm-clang-r5-all-inline-recorded-1,stdout,9,
timing-RexxCPS-rexxcps-rxbvm-clang-r5-all-inline-recorded-1,stdout,10,PASS: RexxCPS 2.2d cREXX port
timing-RexxCPS-rexxcps-rxtvm-clang-r5-profile-15-recorded-1,stdout,1,----- REXXCPS 2.2d -- Measuring cREXX clauses/second -----
timing-RexxCPS-rexxcps-rxtvm-clang-r5-profile-15-recorded-1,stdout,2, cREXX version is: macOS 64 crexx-1.0.0-beta.3+local.g3ad9890c139c.dirty 20260810
timing-RexxCPS-rexxcps-rxtvm-clang-r5-profile-15-recorded-1,stdout,3,       System is: macOS
timing-RexxCPS-rexxcps-rxtvm-clang-r5-profile-15-recorded-1,stdout,4,REXXCPS-PROVENANCE contract=canonical-default argv_count=0 initial_count=100 averaging=100
timing-RexxCPS-rexxcps-rxtvm-clang-r5-profile-15-recorded-1,stdout,5,        Averaged: 500 x 100 iterations of 1000 clauses (over 1.1 s)
timing-RexxCPS-rexxcps-rxtvm-clang-r5-profile-15-recorded-1,stdout,6,REXXCPS-EFFECTIVE contract=canonical-default initial_count=100 effective_count=500 averaging=100 calibrated=1
timing-RexxCPS-rexxcps-rxtvm-clang-r5-profile-15-recorded-1,stdout,7,
timing-RexxCPS-rexxcps-rxtvm-clang-r5-profile-15-recorded-1,stdout,8,     Performance: 43540050 cREXX clauses per second
timing-RexxCPS-rexxcps-rxtvm-clang-r5-profile-15-recorded-1,stdout,9,
timing-RexxCPS-rexxcps-rxtvm-clang-r5-profile-15-recorded-1,stdout,10,PASS: RexxCPS 2.2d cREXX port
timing-RexxCPS-rexxcps-rxbvm-clang-r5-profile-15-recorded-1,stdout,1,----- REXXCPS 2.2d -- Measuring cREXX clauses/second -----
timing-RexxCPS-rexxcps-rxbvm-clang-r5-profile-15-recorded-1,stdout,2, cREXX version is: macOS 64 crexx-1.0.0-beta.3+local.g3ad9890c139c.dirty 20260810
timing-RexxCPS-rexxcps-rxbvm-clang-r5-profile-15-recorded-1,stdout,3,       System is: macOS
timing-RexxCPS-rexxcps-rxbvm-clang-r5-profile-15-recorded-1,stdout,4,REXXCPS-PROVENANCE contract=canonical-default argv_count=0 initial_count=100 averaging=100
timing-RexxCPS-rexxcps-rxbvm-clang-r5-profile-15-recorded-1,stdout,5,        Averaged: 500 x 100 iterations of 1000 clauses (over 1.2 s)
timing-RexxCPS-rexxcps-rxbvm-clang-r5-profile-15-recorded-1,stdout,6,REXXCPS-EFFECTIVE contract=canonical-default initial_count=100 effective_count=500 averaging=100 calibrated=1
timing-RexxCPS-rexxcps-rxbvm-clang-r5-profile-15-recorded-1,stdout,7,
timing-RexxCPS-rexxcps-rxbvm-clang-r5-profile-15-recorded-1,stdout,8,     Performance: 42332809 cREXX clauses per second
timing-RexxCPS-rexxcps-rxbvm-clang-r5-profile-15-recorded-1,stdout,9,
timing-RexxCPS-rexxcps-rxbvm-clang-r5-profile-15-recorded-1,stdout,10,PASS: RexxCPS 2.2d cREXX port
timing-RexxCPS-rexxcps-rxtvm-clang-r5-profile-20-recorded-1,stdout,1,----- REXXCPS 2.2d -- Measuring cREXX clauses/second -----
timing-RexxCPS-rexxcps-rxtvm-clang-r5-profile-20-recorded-1,stdout,2, cREXX version is: macOS 64 crexx-1.0.0-beta.3+local.g3ad9890c139c.dirty 20260810
timing-RexxCPS-rexxcps-rxtvm-clang-r5-profile-20-recorded-1,stdout,3,       System is: macOS
timing-RexxCPS-rexxcps-rxtvm-clang-r5-profile-20-recorded-1,stdout,4,REXXCPS-PROVENANCE contract=canonical-default argv_count=0 initial_count=100 averaging=100
timing-RexxCPS-rexxcps-rxtvm-clang-r5-profile-20-recorded-1,stdout,5,        Averaged: 500 x 100 iterations of 1000 clauses (over 1.1 s)
timing-RexxCPS-rexxcps-rxtvm-clang-r5-profile-20-recorded-1,stdout,6,REXXCPS-EFFECTIVE contract=canonical-default initial_count=100 effective_count=500 averaging=100 calibrated=1
timing-RexxCPS-rexxcps-rxtvm-clang-r5-profile-20-recorded-1,stdout,7,
timing-RexxCPS-rexxcps-rxtvm-clang-r5-profile-20-recorded-1,stdout,8,     Performance: 45957065 cREXX clauses per second
timing-RexxCPS-rexxcps-rxtvm-clang-r5-profile-20-recorded-1,stdout,9,
timing-RexxCPS-rexxcps-rxtvm-clang-r5-profile-20-recorded-1,stdout,10,PASS: RexxCPS 2.2d cREXX port
timing-RexxCPS-rexxcps-rxbvm-clang-r5-profile-20-recorded-1,stdout,1,----- REXXCPS 2.2d -- Measuring cREXX clauses/second -----
timing-RexxCPS-rexxcps-rxbvm-clang-r5-profile-20-recorded-1,stdout,2, cREXX version is: macOS 64 crexx-1.0.0-beta.3+local.g3ad9890c139c.dirty 20260810
timing-RexxCPS-rexxcps-rxbvm-clang-r5-profile-20-recorded-1,stdout,3,       System is: macOS
timing-RexxCPS-rexxcps-rxbvm-clang-r5-profile-20-recorded-1,stdout,4,REXXCPS-PROVENANCE contract=canonical-default argv_count=0 initial_count=100 averaging=100
timing-RexxCPS-rexxcps-rxbvm-clang-r5-profile-20-recorded-1,stdout,5,        Averaged: 500 x 100 iterations of 1000 clauses (over 1.1 s)
timing-RexxCPS-rexxcps-rxbvm-clang-r5-profile-20-recorded-1,stdout,6,REXXCPS-EFFECTIVE contract=canonical-default initial_count=100 effective_count=500 averaging=100 calibrated=1
timing-RexxCPS-rexxcps-rxbvm-clang-r5-profile-20-recorded-1,stdout,7,
timing-RexxCPS-rexxcps-rxbvm-clang-r5-profile-20-recorded-1,stdout,8,     Performance: 44574086 cREXX clauses per second
timing-RexxCPS-rexxcps-rxbvm-clang-r5-profile-20-recorded-1,stdout,9,
timing-RexxCPS-rexxcps-rxbvm-clang-r5-profile-20-recorded-1,stdout,10,PASS: RexxCPS 2.2d cREXX port
timing-RexxCPS-rexxcps-rxtvm-clang-r5-profile-30-recorded-1,stdout,1,----- REXXCPS 2.2d -- Measuring cREXX clauses/second -----
timing-RexxCPS-rexxcps-rxtvm-clang-r5-profile-30-recorded-1,stdout,2, cREXX version is: macOS 64 crexx-1.0.0-beta.3+local.g3ad9890c139c.dirty 20260810
timing-RexxCPS-rexxcps-rxtvm-clang-r5-profile-30-recorded-1,stdout,3,       System is: macOS
timing-RexxCPS-rexxcps-rxtvm-clang-r5-profile-30-recorded-1,stdout,4,REXXCPS-PROVENANCE contract=canonical-default argv_count=0 initial_count=100 averaging=100
timing-RexxCPS-rexxcps-rxtvm-clang-r5-profile-30-recorded-1,stdout,5,        Averaged: 500 x 100 iterations of 1000 clauses (over 1.2 s)
timing-RexxCPS-rexxcps-rxtvm-clang-r5-profile-30-recorded-1,stdout,6,REXXCPS-EFFECTIVE contract=canonical-default initial_count=100 effective_count=500 averaging=100 calibrated=1
timing-RexxCPS-rexxcps-rxtvm-clang-r5-profile-30-recorded-1,stdout,7,
timing-RexxCPS-rexxcps-rxtvm-clang-r5-profile-30-recorded-1,stdout,8,     Performance: 40669353 cREXX clauses per second
timing-RexxCPS-rexxcps-rxtvm-clang-r5-profile-30-recorded-1,stdout,9,
timing-RexxCPS-rexxcps-rxtvm-clang-r5-profile-30-recorded-1,stdout,10,PASS: RexxCPS 2.2d cREXX port
timing-RexxCPS-rexxcps-rxbvm-clang-r5-profile-30-recorded-1,stdout,1,----- REXXCPS 2.2d -- Measuring cREXX clauses/second -----
timing-RexxCPS-rexxcps-rxbvm-clang-r5-profile-30-recorded-1,stdout,2, cREXX version is: macOS 64 crexx-1.0.0-beta.3+local.g3ad9890c139c.dirty 20260810
timing-RexxCPS-rexxcps-rxbvm-clang-r5-profile-30-recorded-1,stdout,3,       System is: macOS
timing-RexxCPS-rexxcps-rxbvm-clang-r5-profile-30-recorded-1,stdout,4,REXXCPS-PROVENANCE contract=canonical-default argv_count=0 initial_count=100 averaging=100
timing-RexxCPS-rexxcps-rxbvm-clang-r5-profile-30-recorded-1,stdout,5,        Averaged: 500 x 100 iterations of 1000 clauses (over 1.1 s)
timing-RexxCPS-rexxcps-rxbvm-clang-r5-profile-30-recorded-1,stdout,6,REXXCPS-EFFECTIVE contract=canonical-default initial_count=100 effective_count=500 averaging=100 calibrated=1
timing-RexxCPS-rexxcps-rxbvm-clang-r5-profile-30-recorded-1,stdout,7,
timing-RexxCPS-rexxcps-rxbvm-clang-r5-profile-30-recorded-1,stdout,8,     Performance: 44398625 cREXX clauses per second
timing-RexxCPS-rexxcps-rxbvm-clang-r5-profile-30-recorded-1,stdout,9,
timing-RexxCPS-rexxcps-rxbvm-clang-r5-profile-30-recorded-1,stdout,10,PASS: RexxCPS 2.2d cREXX port
timing-RexxCPS-rexxcps-rxbvm-clang-r5-profile-30-recorded-2,stdout,1,----- REXXCPS 2.2d -- Measuring cREXX clauses/second -----
timing-RexxCPS-rexxcps-rxbvm-clang-r5-profile-30-recorded-2,stdout,2, cREXX version is: macOS 64 crexx-1.0.0-beta.3+local.g3ad9890c139c.dirty 20260810
timing-RexxCPS-rexxcps-rxbvm-clang-r5-profile-30-recorded-2,stdout,3,       System is: macOS
timing-RexxCPS-rexxcps-rxbvm-clang-r5-profile-30-recorded-2,stdout,4,REXXCPS-PROVENANCE contract=canonical-default argv_count=0 initial_count=100 averaging=100
timing-RexxCPS-rexxcps-rxbvm-clang-r5-profile-30-recorded-2,stdout,5,        Averaged: 500 x 100 iterations of 1000 clauses (over 1.1 s)
timing-RexxCPS-rexxcps-rxbvm-clang-r5-profile-30-recorded-2,stdout,6,REXXCPS-EFFECTIVE contract=canonical-default initial_count=100 effective_count=500 averaging=100 calibrated=1
timing-RexxCPS-rexxcps-rxbvm-clang-r5-profile-30-recorded-2,stdout,7,
timing-RexxCPS-rexxcps-rxbvm-clang-r5-profile-30-recorded-2,stdout,8,     Performance: 44388022 cREXX clauses per second
timing-RexxCPS-rexxcps-rxbvm-clang-r5-profile-30-recorded-2,stdout,9,
timing-RexxCPS-rexxcps-rxbvm-clang-r5-profile-30-recorded-2,stdout,10,PASS: RexxCPS 2.2d cREXX port
timing-RexxCPS-rexxcps-rxtvm-clang-r5-profile-30-recorded-2,stdout,1,----- REXXCPS 2.2d -- Measuring cREXX clauses/second -----
timing-RexxCPS-rexxcps-rxtvm-clang-r5-profile-30-recorded-2,stdout,2, cREXX version is: macOS 64 crexx-1.0.0-beta.3+local.g3ad9890c139c.dirty 20260810
timing-RexxCPS-rexxcps-rxtvm-clang-r5-profile-30-recorded-2,stdout,3,       System is: macOS
timing-RexxCPS-rexxcps-rxtvm-clang-r5-profile-30-recorded-2,stdout,4,REXXCPS-PROVENANCE contract=canonical-default argv_count=0 initial_count=100 averaging=100
timing-RexxCPS-rexxcps-rxtvm-clang-r5-profile-30-recorded-2,stdout,5,        Averaged: 500 x 100 iterations of 1000 clauses (over 1.1 s)
timing-RexxCPS-rexxcps-rxtvm-clang-r5-profile-30-recorded-2,stdout,6,REXXCPS-EFFECTIVE contract=canonical-default initial_count=100 effective_count=500 averaging=100 calibrated=1
timing-RexxCPS-rexxcps-rxtvm-clang-r5-profile-30-recorded-2,stdout,7,
timing-RexxCPS-rexxcps-rxtvm-clang-r5-profile-30-recorded-2,stdout,8,     Performance: 44687105 cREXX clauses per second
timing-RexxCPS-rexxcps-rxtvm-clang-r5-profile-30-recorded-2,stdout,9,
timing-RexxCPS-rexxcps-rxtvm-clang-r5-profile-30-recorded-2,stdout,10,PASS: RexxCPS 2.2d cREXX port
timing-RexxCPS-rexxcps-rxbvm-clang-r5-profile-20-recorded-2,stdout,1,----- REXXCPS 2.2d -- Measuring cREXX clauses/second -----
timing-RexxCPS-rexxcps-rxbvm-clang-r5-profile-20-recorded-2,stdout,2, cREXX version is: macOS 64 crexx-1.0.0-beta.3+local.g3ad9890c139c.dirty 20260810
timing-RexxCPS-rexxcps-rxbvm-clang-r5-profile-20-recorded-2,stdout,3,       System is: macOS
timing-RexxCPS-rexxcps-rxbvm-clang-r5-profile-20-recorded-2,stdout,4,REXXCPS-PROVENANCE contract=canonical-default argv_count=0 initial_count=100 averaging=100
timing-RexxCPS-rexxcps-rxbvm-clang-r5-profile-20-recorded-2,stdout,5,        Averaged: 500 x 100 iterations of 1000 clauses (over 1.1 s)
timing-RexxCPS-rexxcps-rxbvm-clang-r5-profile-20-recorded-2,stdout,6,REXXCPS-EFFECTIVE contract=canonical-default initial_count=100 effective_count=500 averaging=100 calibrated=1
timing-RexxCPS-rexxcps-rxbvm-clang-r5-profile-20-recorded-2,stdout,7,
timing-RexxCPS-rexxcps-rxbvm-clang-r5-profile-20-recorded-2,stdout,8,     Performance: 45213884 cREXX clauses per second
timing-RexxCPS-rexxcps-rxbvm-clang-r5-profile-20-recorded-2,stdout,9,
timing-RexxCPS-rexxcps-rxbvm-clang-r5-profile-20-recorded-2,stdout,10,PASS: RexxCPS 2.2d cREXX port
timing-RexxCPS-rexxcps-rxtvm-clang-r5-profile-20-recorded-2,stdout,1,----- REXXCPS 2.2d -- Measuring cREXX clauses/second -----
timing-RexxCPS-rexxcps-rxtvm-clang-r5-profile-20-recorded-2,stdout,2, cREXX version is: macOS 64 crexx-1.0.0-beta.3+local.g3ad9890c139c.dirty 20260810
timing-RexxCPS-rexxcps-rxtvm-clang-r5-profile-20-recorded-2,stdout,3,       System is: macOS
timing-RexxCPS-rexxcps-rxtvm-clang-r5-profile-20-recorded-2,stdout,4,REXXCPS-PROVENANCE contract=canonical-default argv_count=0 initial_count=100 averaging=100
timing-RexxCPS-rexxcps-rxtvm-clang-r5-profile-20-recorded-2,stdout,5,        Averaged: 500 x 100 iterations of 1000 clauses (over 1.1 s)
timing-RexxCPS-rexxcps-rxtvm-clang-r5-profile-20-recorded-2,stdout,6,REXXCPS-EFFECTIVE contract=canonical-default initial_count=100 effective_count=500 averaging=100 calibrated=1
timing-RexxCPS-rexxcps-rxtvm-clang-r5-profile-20-recorded-2,stdout,7,
timing-RexxCPS-rexxcps-rxtvm-clang-r5-profile-20-recorded-2,stdout,8,     Performance: 46400827 cREXX clauses per second
timing-RexxCPS-rexxcps-rxtvm-clang-r5-profile-20-recorded-2,stdout,9,
timing-RexxCPS-rexxcps-rxtvm-clang-r5-profile-20-recorded-2,stdout,10,PASS: RexxCPS 2.2d cREXX port
timing-RexxCPS-rexxcps-rxbvm-clang-r5-profile-15-recorded-2,stdout,1,----- REXXCPS 2.2d -- Measuring cREXX clauses/second -----
timing-RexxCPS-rexxcps-rxbvm-clang-r5-profile-15-recorded-2,stdout,2, cREXX version is: macOS 64 crexx-1.0.0-beta.3+local.g3ad9890c139c.dirty 20260810
timing-RexxCPS-rexxcps-rxbvm-clang-r5-profile-15-recorded-2,stdout,3,       System is: macOS
timing-RexxCPS-rexxcps-rxbvm-clang-r5-profile-15-recorded-2,stdout,4,REXXCPS-PROVENANCE contract=canonical-default argv_count=0 initial_count=100 averaging=100
timing-RexxCPS-rexxcps-rxbvm-clang-r5-profile-15-recorded-2,stdout,5,        Averaged: 500 x 100 iterations of 1000 clauses (over 1.2 s)
timing-RexxCPS-rexxcps-rxbvm-clang-r5-profile-15-recorded-2,stdout,6,REXXCPS-EFFECTIVE contract=canonical-default initial_count=100 effective_count=500 averaging=100 calibrated=1
timing-RexxCPS-rexxcps-rxbvm-clang-r5-profile-15-recorded-2,stdout,7,
timing-RexxCPS-rexxcps-rxbvm-clang-r5-profile-15-recorded-2,stdout,8,     Performance: 43375969 cREXX clauses per second
timing-RexxCPS-rexxcps-rxbvm-clang-r5-profile-15-recorded-2,stdout,9,
timing-RexxCPS-rexxcps-rxbvm-clang-r5-profile-15-recorded-2,stdout,10,PASS: RexxCPS 2.2d cREXX port
timing-RexxCPS-rexxcps-rxtvm-clang-r5-profile-15-recorded-2,stdout,1,----- REXXCPS 2.2d -- Measuring cREXX clauses/second -----
timing-RexxCPS-rexxcps-rxtvm-clang-r5-profile-15-recorded-2,stdout,2, cREXX version is: macOS 64 crexx-1.0.0-beta.3+local.g3ad9890c139c.dirty 20260810
timing-RexxCPS-rexxcps-rxtvm-clang-r5-profile-15-recorded-2,stdout,3,       System is: macOS
timing-RexxCPS-rexxcps-rxtvm-clang-r5-profile-15-recorded-2,stdout,4,REXXCPS-PROVENANCE contract=canonical-default argv_count=0 initial_count=100 averaging=100
timing-RexxCPS-rexxcps-rxtvm-clang-r5-profile-15-recorded-2,stdout,5,        Averaged: 500 x 100 iterations of 1000 clauses (over 1.1 s)
timing-RexxCPS-rexxcps-rxtvm-clang-r5-profile-15-recorded-2,stdout,6,REXXCPS-EFFECTIVE contract=canonical-default initial_count=100 effective_count=500 averaging=100 calibrated=1
timing-RexxCPS-rexxcps-rxtvm-clang-r5-profile-15-recorded-2,stdout,7,
timing-RexxCPS-rexxcps-rxtvm-clang-r5-profile-15-recorded-2,stdout,8,     Performance: 43914542 cREXX clauses per second
timing-RexxCPS-rexxcps-rxtvm-clang-r5-profile-15-recorded-2,stdout,9,
timing-RexxCPS-rexxcps-rxtvm-clang-r5-profile-15-recorded-2,stdout,10,PASS: RexxCPS 2.2d cREXX port
timing-RexxCPS-rexxcps-rxbvm-clang-r5-all-inline-recorded-2,stdout,1,----- REXXCPS 2.2d -- Measuring cREXX clauses/second -----
timing-RexxCPS-rexxcps-rxbvm-clang-r5-all-inline-recorded-2,stdout,2, cREXX version is: macOS 64 crexx-1.0.0-beta.3+local.g3ad9890c139c.dirty 20260810
timing-RexxCPS-rexxcps-rxbvm-clang-r5-all-inline-recorded-2,stdout,3,       System is: macOS
timing-RexxCPS-rexxcps-rxbvm-clang-r5-all-inline-recorded-2,stdout,4,REXXCPS-PROVENANCE contract=canonical-default argv_count=0 initial_count=100 averaging=100
timing-RexxCPS-rexxcps-rxbvm-clang-r5-all-inline-recorded-2,stdout,5,        Averaged: 500 x 100 iterations of 1000 clauses (over 1.1 s)
timing-RexxCPS-rexxcps-rxbvm-clang-r5-all-inline-recorded-2,stdout,6,REXXCPS-EFFECTIVE contract=canonical-default initial_count=100 effective_count=500 averaging=100 calibrated=1
timing-RexxCPS-rexxcps-rxbvm-clang-r5-all-inline-recorded-2,stdout,7,
timing-RexxCPS-rexxcps-rxbvm-clang-r5-all-inline-recorded-2,stdout,8,     Performance: 45137027 cREXX clauses per second
timing-RexxCPS-rexxcps-rxbvm-clang-r5-all-inline-recorded-2,stdout,9,
timing-RexxCPS-rexxcps-rxbvm-clang-r5-all-inline-recorded-2,stdout,10,PASS: RexxCPS 2.2d cREXX port
timing-RexxCPS-rexxcps-rxtvm-clang-r5-all-inline-recorded-2,stdout,1,----- REXXCPS 2.2d -- Measuring cREXX clauses/second -----
timing-RexxCPS-rexxcps-rxtvm-clang-r5-all-inline-recorded-2,stdout,2, cREXX version is: macOS 64 crexx-1.0.0-beta.3+local.g3ad9890c139c.dirty 20260810
timing-RexxCPS-rexxcps-rxtvm-clang-r5-all-inline-recorded-2,stdout,3,       System is: macOS
timing-RexxCPS-rexxcps-rxtvm-clang-r5-all-inline-recorded-2,stdout,4,REXXCPS-PROVENANCE contract=canonical-default argv_count=0 initial_count=100 averaging=100
timing-RexxCPS-rexxcps-rxtvm-clang-r5-all-inline-recorded-2,stdout,5,        Averaged: 500 x 100 iterations of 1000 clauses (over 1.1 s)
timing-RexxCPS-rexxcps-rxtvm-clang-r5-all-inline-recorded-2,stdout,6,REXXCPS-EFFECTIVE contract=canonical-default initial_count=100 effective_count=500 averaging=100 calibrated=1
timing-RexxCPS-rexxcps-rxtvm-clang-r5-all-inline-recorded-2,stdout,7,
timing-RexxCPS-rexxcps-rxtvm-clang-r5-all-inline-recorded-2,stdout,8,     Performance: 45345963 cREXX clauses per second
timing-RexxCPS-rexxcps-rxtvm-clang-r5-all-inline-recorded-2,stdout,9,
timing-RexxCPS-rexxcps-rxtvm-clang-r5-all-inline-recorded-2,stdout,10,PASS: RexxCPS 2.2d cREXX port
timing-RexxCPS-rexxcps-rxtvm-clang-r5-profile-15-recorded-3,stdout,1,----- REXXCPS 2.2d -- Measuring cREXX clauses/second -----
timing-RexxCPS-rexxcps-rxtvm-clang-r5-profile-15-recorded-3,stdout,2, cREXX version is: macOS 64 crexx-1.0.0-beta.3+local.g3ad9890c139c.dirty 20260810
timing-RexxCPS-rexxcps-rxtvm-clang-r5-profile-15-recorded-3,stdout,3,       System is: macOS
timing-RexxCPS-rexxcps-rxtvm-clang-r5-profile-15-recorded-3,stdout,4,REXXCPS-PROVENANCE contract=canonical-default argv_count=0 initial_count=100 averaging=100
timing-RexxCPS-rexxcps-rxtvm-clang-r5-profile-15-recorded-3,stdout,5,        Averaged: 500 x 100 iterations of 1000 clauses (over 1.2 s)
timing-RexxCPS-rexxcps-rxtvm-clang-r5-profile-15-recorded-3,stdout,6,REXXCPS-EFFECTIVE contract=canonical-default initial_count=100 effective_count=500 averaging=100 calibrated=1
timing-RexxCPS-rexxcps-rxtvm-clang-r5-profile-15-recorded-3,stdout,7,
timing-RexxCPS-rexxcps-rxtvm-clang-r5-profile-15-recorded-3,stdout,8,     Performance: 43048524 cREXX clauses per second
timing-RexxCPS-rexxcps-rxtvm-clang-r5-profile-15-recorded-3,stdout,9,
timing-RexxCPS-rexxcps-rxtvm-clang-r5-profile-15-recorded-3,stdout,10,PASS: RexxCPS 2.2d cREXX port
timing-RexxCPS-rexxcps-rxbvm-clang-r5-profile-15-recorded-3,stdout,1,----- REXXCPS 2.2d -- Measuring cREXX clauses/second -----
timing-RexxCPS-rexxcps-rxbvm-clang-r5-profile-15-recorded-3,stdout,2, cREXX version is: macOS 64 crexx-1.0.0-beta.3+local.g3ad9890c139c.dirty 20260810
timing-RexxCPS-rexxcps-rxbvm-clang-r5-profile-15-recorded-3,stdout,3,       System is: macOS
timing-RexxCPS-rexxcps-rxbvm-clang-r5-profile-15-recorded-3,stdout,4,REXXCPS-PROVENANCE contract=canonical-default argv_count=0 initial_count=100 averaging=100
timing-RexxCPS-rexxcps-rxbvm-clang-r5-profile-15-recorded-3,stdout,5,        Averaged: 500 x 100 iterations of 1000 clauses (over 1.2 s)
timing-RexxCPS-rexxcps-rxbvm-clang-r5-profile-15-recorded-3,stdout,6,REXXCPS-EFFECTIVE contract=canonical-default initial_count=100 effective_count=500 averaging=100 calibrated=1
timing-RexxCPS-rexxcps-rxbvm-clang-r5-profile-15-recorded-3,stdout,7,
timing-RexxCPS-rexxcps-rxbvm-clang-r5-profile-15-recorded-3,stdout,8,     Performance: 43015859 cREXX clauses per second
timing-RexxCPS-rexxcps-rxbvm-clang-r5-profile-15-recorded-3,stdout,9,
timing-RexxCPS-rexxcps-rxbvm-clang-r5-profile-15-recorded-3,stdout,10,PASS: RexxCPS 2.2d cREXX port
timing-RexxCPS-rexxcps-rxtvm-clang-r5-profile-20-recorded-3,stdout,1,----- REXXCPS 2.2d -- Measuring cREXX clauses/second -----
timing-RexxCPS-rexxcps-rxtvm-clang-r5-profile-20-recorded-3,stdout,2, cREXX version is: macOS 64 crexx-1.0.0-beta.3+local.g3ad9890c139c.dirty 20260810
timing-RexxCPS-rexxcps-rxtvm-clang-r5-profile-20-recorded-3,stdout,3,       System is: macOS
timing-RexxCPS-rexxcps-rxtvm-clang-r5-profile-20-recorded-3,stdout,4,REXXCPS-PROVENANCE contract=canonical-default argv_count=0 initial_count=100 averaging=100
timing-RexxCPS-rexxcps-rxtvm-clang-r5-profile-20-recorded-3,stdout,5,        Averaged: 500 x 100 iterations of 1000 clauses (over 1.1 s)
timing-RexxCPS-rexxcps-rxtvm-clang-r5-profile-20-recorded-3,stdout,6,REXXCPS-EFFECTIVE contract=canonical-default initial_count=100 effective_count=500 averaging=100 calibrated=1
timing-RexxCPS-rexxcps-rxtvm-clang-r5-profile-20-recorded-3,stdout,7,
timing-RexxCPS-rexxcps-rxtvm-clang-r5-profile-20-recorded-3,stdout,8,     Performance: 46357677 cREXX clauses per second
timing-RexxCPS-rexxcps-rxtvm-clang-r5-profile-20-recorded-3,stdout,9,
timing-RexxCPS-rexxcps-rxtvm-clang-r5-profile-20-recorded-3,stdout,10,PASS: RexxCPS 2.2d cREXX port
timing-RexxCPS-rexxcps-rxbvm-clang-r5-profile-20-recorded-3,stdout,1,----- REXXCPS 2.2d -- Measuring cREXX clauses/second -----
timing-RexxCPS-rexxcps-rxbvm-clang-r5-profile-20-recorded-3,stdout,2, cREXX version is: macOS 64 crexx-1.0.0-beta.3+local.g3ad9890c139c.dirty 20260810
timing-RexxCPS-rexxcps-rxbvm-clang-r5-profile-20-recorded-3,stdout,3,       System is: macOS
timing-RexxCPS-rexxcps-rxbvm-clang-r5-profile-20-recorded-3,stdout,4,REXXCPS-PROVENANCE contract=canonical-default argv_count=0 initial_count=100 averaging=100
timing-RexxCPS-rexxcps-rxbvm-clang-r5-profile-20-recorded-3,stdout,5,        Averaged: 500 x 100 iterations of 1000 clauses (over 1.1 s)
timing-RexxCPS-rexxcps-rxbvm-clang-r5-profile-20-recorded-3,stdout,6,REXXCPS-EFFECTIVE contract=canonical-default initial_count=100 effective_count=500 averaging=100 calibrated=1
timing-RexxCPS-rexxcps-rxbvm-clang-r5-profile-20-recorded-3,stdout,7,
timing-RexxCPS-rexxcps-rxbvm-clang-r5-profile-20-recorded-3,stdout,8,     Performance: 44570629 cREXX clauses per second
timing-RexxCPS-rexxcps-rxbvm-clang-r5-profile-20-recorded-3,stdout,9,
timing-RexxCPS-rexxcps-rxbvm-clang-r5-profile-20-recorded-3,stdout,10,PASS: RexxCPS 2.2d cREXX port
timing-RexxCPS-rexxcps-rxtvm-clang-r5-profile-30-recorded-3,stdout,1,----- REXXCPS 2.2d -- Measuring cREXX clauses/second -----
timing-RexxCPS-rexxcps-rxtvm-clang-r5-profile-30-recorded-3,stdout,2, cREXX version is: macOS 64 crexx-1.0.0-beta.3+local.g3ad9890c139c.dirty 20260810
timing-RexxCPS-rexxcps-rxtvm-clang-r5-profile-30-recorded-3,stdout,3,       System is: macOS
timing-RexxCPS-rexxcps-rxtvm-clang-r5-profile-30-recorded-3,stdout,4,REXXCPS-PROVENANCE contract=canonical-default argv_count=0 initial_count=100 averaging=100
timing-RexxCPS-rexxcps-rxtvm-clang-r5-profile-30-recorded-3,stdout,5,        Averaged: 500 x 100 iterations of 1000 clauses (over 1.1 s)
timing-RexxCPS-rexxcps-rxtvm-clang-r5-profile-30-recorded-3,stdout,6,REXXCPS-EFFECTIVE contract=canonical-default initial_count=100 effective_count=500 averaging=100 calibrated=1
timing-RexxCPS-rexxcps-rxtvm-clang-r5-profile-30-recorded-3,stdout,7,
timing-RexxCPS-rexxcps-rxtvm-clang-r5-profile-30-recorded-3,stdout,8,     Performance: 44604147 cREXX clauses per second
timing-RexxCPS-rexxcps-rxtvm-clang-r5-profile-30-recorded-3,stdout,9,
timing-RexxCPS-rexxcps-rxtvm-clang-r5-profile-30-recorded-3,stdout,10,PASS: RexxCPS 2.2d cREXX port
timing-RexxCPS-rexxcps-rxbvm-clang-r5-profile-30-recorded-3,stdout,1,----- REXXCPS 2.2d -- Measuring cREXX clauses/second -----
timing-RexxCPS-rexxcps-rxbvm-clang-r5-profile-30-recorded-3,stdout,2, cREXX version is: macOS 64 crexx-1.0.0-beta.3+local.g3ad9890c139c.dirty 20260810
timing-RexxCPS-rexxcps-rxbvm-clang-r5-profile-30-recorded-3,stdout,3,       System is: macOS
timing-RexxCPS-rexxcps-rxbvm-clang-r5-profile-30-recorded-3,stdout,4,REXXCPS-PROVENANCE contract=canonical-default argv_count=0 initial_count=100 averaging=100
timing-RexxCPS-rexxcps-rxbvm-clang-r5-profile-30-recorded-3,stdout,5,        Averaged: 500 x 100 iterations of 1000 clauses (over 1.1 s)
timing-RexxCPS-rexxcps-rxbvm-clang-r5-profile-30-recorded-3,stdout,6,REXXCPS-EFFECTIVE contract=canonical-default initial_count=100 effective_count=500 averaging=100 calibrated=1
timing-RexxCPS-rexxcps-rxbvm-clang-r5-profile-30-recorded-3,stdout,7,
timing-RexxCPS-rexxcps-rxbvm-clang-r5-profile-30-recorded-3,stdout,8,     Performance: 44827089 cREXX clauses per second
timing-RexxCPS-rexxcps-rxbvm-clang-r5-profile-30-recorded-3,stdout,9,
timing-RexxCPS-rexxcps-rxbvm-clang-r5-profile-30-recorded-3,stdout,10,PASS: RexxCPS 2.2d cREXX port
timing-RexxCPS-rexxcps-rxtvm-clang-r5-all-inline-recorded-3,stdout,1,----- REXXCPS 2.2d -- Measuring cREXX clauses/second -----
timing-RexxCPS-rexxcps-rxtvm-clang-r5-all-inline-recorded-3,stdout,2, cREXX version is: macOS 64 crexx-1.0.0-beta.3+local.g3ad9890c139c.dirty 20260810
timing-RexxCPS-rexxcps-rxtvm-clang-r5-all-inline-recorded-3,stdout,3,       System is: macOS
timing-RexxCPS-rexxcps-rxtvm-clang-r5-all-inline-recorded-3,stdout,4,REXXCPS-PROVENANCE contract=canonical-default argv_count=0 initial_count=100 averaging=100
timing-RexxCPS-rexxcps-rxtvm-clang-r5-all-inline-recorded-3,stdout,5,        Averaged: 500 x 100 iterations of 1000 clauses (over 1.1 s)
timing-RexxCPS-rexxcps-rxtvm-clang-r5-all-inline-recorded-3,stdout,6,REXXCPS-EFFECTIVE contract=canonical-default initial_count=100 effective_count=500 averaging=100 calibrated=1
timing-RexxCPS-rexxcps-rxtvm-clang-r5-all-inline-recorded-3,stdout,7,
timing-RexxCPS-rexxcps-rxtvm-clang-r5-all-inline-recorded-3,stdout,8,     Performance: 46126440 cREXX clauses per second
timing-RexxCPS-rexxcps-rxtvm-clang-r5-all-inline-recorded-3,stdout,9,
timing-RexxCPS-rexxcps-rxtvm-clang-r5-all-inline-recorded-3,stdout,10,PASS: RexxCPS 2.2d cREXX port
timing-RexxCPS-rexxcps-rxbvm-clang-r5-all-inline-recorded-3,stdout,1,----- REXXCPS 2.2d -- Measuring cREXX clauses/second -----
timing-RexxCPS-rexxcps-rxbvm-clang-r5-all-inline-recorded-3,stdout,2, cREXX version is: macOS 64 crexx-1.0.0-beta.3+local.g3ad9890c139c.dirty 20260810
timing-RexxCPS-rexxcps-rxbvm-clang-r5-all-inline-recorded-3,stdout,3,       System is: macOS
timing-RexxCPS-rexxcps-rxbvm-clang-r5-all-inline-recorded-3,stdout,4,REXXCPS-PROVENANCE contract=canonical-default argv_count=0 initial_count=100 averaging=100
timing-RexxCPS-rexxcps-rxbvm-clang-r5-all-inline-recorded-3,stdout,5,        Averaged: 500 x 100 iterations of 1000 clauses (over 1.1 s)
timing-RexxCPS-rexxcps-rxbvm-clang-r5-all-inline-recorded-3,stdout,6,REXXCPS-EFFECTIVE contract=canonical-default initial_count=100 effective_count=500 averaging=100 calibrated=1
timing-RexxCPS-rexxcps-rxbvm-clang-r5-all-inline-recorded-3,stdout,7,
timing-RexxCPS-rexxcps-rxbvm-clang-r5-all-inline-recorded-3,stdout,8,     Performance: 44424898 cREXX clauses per second
timing-RexxCPS-rexxcps-rxbvm-clang-r5-all-inline-recorded-3,stdout,9,
timing-RexxCPS-rexxcps-rxbvm-clang-r5-all-inline-recorded-3,stdout,10,PASS: RexxCPS 2.2d cREXX port
timing-RexxCPS-rexxcps-rxbvm-clang-r5-all-inline-recorded-4,stdout,1,----- REXXCPS 2.2d -- Measuring cREXX clauses/second -----
timing-RexxCPS-rexxcps-rxbvm-clang-r5-all-inline-recorded-4,stdout,2, cREXX version is: macOS 64 crexx-1.0.0-beta.3+local.g3ad9890c139c.dirty 20260810
timing-RexxCPS-rexxcps-rxbvm-clang-r5-all-inline-recorded-4,stdout,3,       System is: macOS
timing-RexxCPS-rexxcps-rxbvm-clang-r5-all-inline-recorded-4,stdout,4,REXXCPS-PROVENANCE contract=canonical-default argv_count=0 initial_count=100 averaging=100
timing-RexxCPS-rexxcps-rxbvm-clang-r5-all-inline-recorded-4,stdout,5,        Averaged: 500 x 100 iterations of 1000 clauses (over 1.1 s)
timing-RexxCPS-rexxcps-rxbvm-clang-r5-all-inline-recorded-4,stdout,6,REXXCPS-EFFECTIVE contract=canonical-default initial_count=100 effective_count=500 averaging=100 calibrated=1
timing-RexxCPS-rexxcps-rxbvm-clang-r5-all-inline-recorded-4,stdout,7,
timing-RexxCPS-rexxcps-rxbvm-clang-r5-all-inline-recorded-4,stdout,8,     Performance: 44642578 cREXX clauses per second
timing-RexxCPS-rexxcps-rxbvm-clang-r5-all-inline-recorded-4,stdout,9,
timing-RexxCPS-rexxcps-rxbvm-clang-r5-all-inline-recorded-4,stdout,10,PASS: RexxCPS 2.2d cREXX port
timing-RexxCPS-rexxcps-rxtvm-clang-r5-all-inline-recorded-4,stdout,1,----- REXXCPS 2.2d -- Measuring cREXX clauses/second -----
timing-RexxCPS-rexxcps-rxtvm-clang-r5-all-inline-recorded-4,stdout,2, cREXX version is: macOS 64 crexx-1.0.0-beta.3+local.g3ad9890c139c.dirty 20260810
timing-RexxCPS-rexxcps-rxtvm-clang-r5-all-inline-recorded-4,stdout,3,       System is: macOS
timing-RexxCPS-rexxcps-rxtvm-clang-r5-all-inline-recorded-4,stdout,4,REXXCPS-PROVENANCE contract=canonical-default argv_count=0 initial_count=100 averaging=100
timing-RexxCPS-rexxcps-rxtvm-clang-r5-all-inline-recorded-4,stdout,5,        Averaged: 500 x 100 iterations of 1000 clauses (over 1.1 s)
timing-RexxCPS-rexxcps-rxtvm-clang-r5-all-inline-recorded-4,stdout,6,REXXCPS-EFFECTIVE contract=canonical-default initial_count=100 effective_count=500 averaging=100 calibrated=1
timing-RexxCPS-rexxcps-rxtvm-clang-r5-all-inline-recorded-4,stdout,7,
timing-RexxCPS-rexxcps-rxtvm-clang-r5-all-inline-recorded-4,stdout,8,     Performance: 45326930 cREXX clauses per second
timing-RexxCPS-rexxcps-rxtvm-clang-r5-all-inline-recorded-4,stdout,9,
timing-RexxCPS-rexxcps-rxtvm-clang-r5-all-inline-recorded-4,stdout,10,PASS: RexxCPS 2.2d cREXX port
timing-RexxCPS-rexxcps-rxbvm-clang-r5-profile-30-recorded-4,stdout,1,----- REXXCPS 2.2d -- Measuring cREXX clauses/second -----
timing-RexxCPS-rexxcps-rxbvm-clang-r5-profile-30-recorded-4,stdout,2, cREXX version is: macOS 64 crexx-1.0.0-beta.3+local.g3ad9890c139c.dirty 20260810
timing-RexxCPS-rexxcps-rxbvm-clang-r5-profile-30-recorded-4,stdout,3,       System is: macOS
timing-RexxCPS-rexxcps-rxbvm-clang-r5-profile-30-recorded-4,stdout,4,REXXCPS-PROVENANCE contract=canonical-default argv_count=0 initial_count=100 averaging=100
timing-RexxCPS-rexxcps-rxbvm-clang-r5-profile-30-recorded-4,stdout,5,        Averaged: 500 x 100 iterations of 1000 clauses (over 1.1 s)
timing-RexxCPS-rexxcps-rxbvm-clang-r5-profile-30-recorded-4,stdout,6,REXXCPS-EFFECTIVE contract=canonical-default initial_count=100 effective_count=500 averaging=100 calibrated=1
timing-RexxCPS-rexxcps-rxbvm-clang-r5-profile-30-recorded-4,stdout,7,
timing-RexxCPS-rexxcps-rxbvm-clang-r5-profile-30-recorded-4,stdout,8,     Performance: 44451043 cREXX clauses per second
timing-RexxCPS-rexxcps-rxbvm-clang-r5-profile-30-recorded-4,stdout,9,
timing-RexxCPS-rexxcps-rxbvm-clang-r5-profile-30-recorded-4,stdout,10,PASS: RexxCPS 2.2d cREXX port
timing-RexxCPS-rexxcps-rxtvm-clang-r5-profile-30-recorded-4,stdout,1,----- REXXCPS 2.2d -- Measuring cREXX clauses/second -----
timing-RexxCPS-rexxcps-rxtvm-clang-r5-profile-30-recorded-4,stdout,2, cREXX version is: macOS 64 crexx-1.0.0-beta.3+local.g3ad9890c139c.dirty 20260810
timing-RexxCPS-rexxcps-rxtvm-clang-r5-profile-30-recorded-4,stdout,3,       System is: macOS
timing-RexxCPS-rexxcps-rxtvm-clang-r5-profile-30-recorded-4,stdout,4,REXXCPS-PROVENANCE contract=canonical-default argv_count=0 initial_count=100 averaging=100
timing-RexxCPS-rexxcps-rxtvm-clang-r5-profile-30-recorded-4,stdout,5,        Averaged: 500 x 100 iterations of 1000 clauses (over 1.1 s)
timing-RexxCPS-rexxcps-rxtvm-clang-r5-profile-30-recorded-4,stdout,6,REXXCPS-EFFECTIVE contract=canonical-default initial_count=100 effective_count=500 averaging=100 calibrated=1
timing-RexxCPS-rexxcps-rxtvm-clang-r5-profile-30-recorded-4,stdout,7,
timing-RexxCPS-rexxcps-rxtvm-clang-r5-profile-30-recorded-4,stdout,8,     Performance: 44728320 cREXX clauses per second
timing-RexxCPS-rexxcps-rxtvm-clang-r5-profile-30-recorded-4,stdout,9,
timing-RexxCPS-rexxcps-rxtvm-clang-r5-profile-30-recorded-4,stdout,10,PASS: RexxCPS 2.2d cREXX port
timing-RexxCPS-rexxcps-rxbvm-clang-r5-profile-20-recorded-4,stdout,1,----- REXXCPS 2.2d -- Measuring cREXX clauses/second -----
timing-RexxCPS-rexxcps-rxbvm-clang-r5-profile-20-recorded-4,stdout,2, cREXX version is: macOS 64 crexx-1.0.0-beta.3+local.g3ad9890c139c.dirty 20260810
timing-RexxCPS-rexxcps-rxbvm-clang-r5-profile-20-recorded-4,stdout,3,       System is: macOS
timing-RexxCPS-rexxcps-rxbvm-clang-r5-profile-20-recorded-4,stdout,4,REXXCPS-PROVENANCE contract=canonical-default argv_count=0 initial_count=100 averaging=100
timing-RexxCPS-rexxcps-rxbvm-clang-r5-profile-20-recorded-4,stdout,5,        Averaged: 500 x 100 iterations of 1000 clauses (over 1.1 s)
timing-RexxCPS-rexxcps-rxbvm-clang-r5-profile-20-recorded-4,stdout,6,REXXCPS-EFFECTIVE contract=canonical-default initial_count=100 effective_count=500 averaging=100 calibrated=1
timing-RexxCPS-rexxcps-rxbvm-clang-r5-profile-20-recorded-4,stdout,7,
timing-RexxCPS-rexxcps-rxbvm-clang-r5-profile-20-recorded-4,stdout,8,     Performance: 44301341 cREXX clauses per second
timing-RexxCPS-rexxcps-rxbvm-clang-r5-profile-20-recorded-4,stdout,9,
timing-RexxCPS-rexxcps-rxbvm-clang-r5-profile-20-recorded-4,stdout,10,PASS: RexxCPS 2.2d cREXX port
timing-RexxCPS-rexxcps-rxtvm-clang-r5-profile-20-recorded-4,stdout,1,----- REXXCPS 2.2d -- Measuring cREXX clauses/second -----
timing-RexxCPS-rexxcps-rxtvm-clang-r5-profile-20-recorded-4,stdout,2, cREXX version is: macOS 64 crexx-1.0.0-beta.3+local.g3ad9890c139c.dirty 20260810
timing-RexxCPS-rexxcps-rxtvm-clang-r5-profile-20-recorded-4,stdout,3,       System is: macOS
timing-RexxCPS-rexxcps-rxtvm-clang-r5-profile-20-recorded-4,stdout,4,REXXCPS-PROVENANCE contract=canonical-default argv_count=0 initial_count=100 averaging=100
timing-RexxCPS-rexxcps-rxtvm-clang-r5-profile-20-recorded-4,stdout,5,        Averaged: 500 x 100 iterations of 1000 clauses (over 1.1 s)
timing-RexxCPS-rexxcps-rxtvm-clang-r5-profile-20-recorded-4,stdout,6,REXXCPS-EFFECTIVE contract=canonical-default initial_count=100 effective_count=500 averaging=100 calibrated=1
timing-RexxCPS-rexxcps-rxtvm-clang-r5-profile-20-recorded-4,stdout,7,
timing-RexxCPS-rexxcps-rxtvm-clang-r5-profile-20-recorded-4,stdout,8,     Performance: 45535889 cREXX clauses per second
timing-RexxCPS-rexxcps-rxtvm-clang-r5-profile-20-recorded-4,stdout,9,
timing-RexxCPS-rexxcps-rxtvm-clang-r5-profile-20-recorded-4,stdout,10,PASS: RexxCPS 2.2d cREXX port
timing-RexxCPS-rexxcps-rxbvm-clang-r5-profile-15-recorded-4,stdout,1,----- REXXCPS 2.2d -- Measuring cREXX clauses/second -----
timing-RexxCPS-rexxcps-rxbvm-clang-r5-profile-15-recorded-4,stdout,2, cREXX version is: macOS 64 crexx-1.0.0-beta.3+local.g3ad9890c139c.dirty 20260810
timing-RexxCPS-rexxcps-rxbvm-clang-r5-profile-15-recorded-4,stdout,3,       System is: macOS
timing-RexxCPS-rexxcps-rxbvm-clang-r5-profile-15-recorded-4,stdout,4,REXXCPS-PROVENANCE contract=canonical-default argv_count=0 initial_count=100 averaging=100
timing-RexxCPS-rexxcps-rxbvm-clang-r5-profile-15-recorded-4,stdout,5,        Averaged: 500 x 100 iterations of 1000 clauses (over 1.2 s)
timing-RexxCPS-rexxcps-rxbvm-clang-r5-profile-15-recorded-4,stdout,6,REXXCPS-EFFECTIVE contract=canonical-default initial_count=100 effective_count=500 averaging=100 calibrated=1
timing-RexxCPS-rexxcps-rxbvm-clang-r5-profile-15-recorded-4,stdout,7,
timing-RexxCPS-rexxcps-rxbvm-clang-r5-profile-15-recorded-4,stdout,8,     Performance: 43113521 cREXX clauses per second
timing-RexxCPS-rexxcps-rxbvm-clang-r5-profile-15-recorded-4,stdout,9,
timing-RexxCPS-rexxcps-rxbvm-clang-r5-profile-15-recorded-4,stdout,10,PASS: RexxCPS 2.2d cREXX port
timing-RexxCPS-rexxcps-rxtvm-clang-r5-profile-15-recorded-4,stdout,1,----- REXXCPS 2.2d -- Measuring cREXX clauses/second -----
timing-RexxCPS-rexxcps-rxtvm-clang-r5-profile-15-recorded-4,stdout,2, cREXX version is: macOS 64 crexx-1.0.0-beta.3+local.g3ad9890c139c.dirty 20260810
timing-RexxCPS-rexxcps-rxtvm-clang-r5-profile-15-recorded-4,stdout,3,       System is: macOS
timing-RexxCPS-rexxcps-rxtvm-clang-r5-profile-15-recorded-4,stdout,4,REXXCPS-PROVENANCE contract=canonical-default argv_count=0 initial_count=100 averaging=100
timing-RexxCPS-rexxcps-rxtvm-clang-r5-profile-15-recorded-4,stdout,5,        Averaged: 500 x 100 iterations of 1000 clauses (over 1.1 s)
timing-RexxCPS-rexxcps-rxtvm-clang-r5-profile-15-recorded-4,stdout,6,REXXCPS-EFFECTIVE contract=canonical-default initial_count=100 effective_count=500 averaging=100 calibrated=1
timing-RexxCPS-rexxcps-rxtvm-clang-r5-profile-15-recorded-4,stdout,7,
timing-RexxCPS-rexxcps-rxtvm-clang-r5-profile-15-recorded-4,stdout,8,     Performance: 44249550 cREXX clauses per second
timing-RexxCPS-rexxcps-rxtvm-clang-r5-profile-15-recorded-4,stdout,9,
timing-RexxCPS-rexxcps-rxtvm-clang-r5-profile-15-recorded-4,stdout,10,PASS: RexxCPS 2.2d cREXX port
timing-RexxCPS-rexxcps-rxtvm-clang-r5-profile-20-recorded-5,stdout,1,----- REXXCPS 2.2d -- Measuring cREXX clauses/second -----
timing-RexxCPS-rexxcps-rxtvm-clang-r5-profile-20-recorded-5,stdout,2, cREXX version is: macOS 64 crexx-1.0.0-beta.3+local.g3ad9890c139c.dirty 20260810
timing-RexxCPS-rexxcps-rxtvm-clang-r5-profile-20-recorded-5,stdout,3,       System is: macOS
timing-RexxCPS-rexxcps-rxtvm-clang-r5-profile-20-recorded-5,stdout,4,REXXCPS-PROVENANCE contract=canonical-default argv_count=0 initial_count=100 averaging=100
timing-RexxCPS-rexxcps-rxtvm-clang-r5-profile-20-recorded-5,stdout,5,        Averaged: 500 x 100 iterations of 1000 clauses (over 1.1 s)
timing-RexxCPS-rexxcps-rxtvm-clang-r5-profile-20-recorded-5,stdout,6,REXXCPS-EFFECTIVE contract=canonical-default initial_count=100 effective_count=500 averaging=100 calibrated=1
timing-RexxCPS-rexxcps-rxtvm-clang-r5-profile-20-recorded-5,stdout,7,
timing-RexxCPS-rexxcps-rxtvm-clang-r5-profile-20-recorded-5,stdout,8,     Performance: 45480304 cREXX clauses per second
timing-RexxCPS-rexxcps-rxtvm-clang-r5-profile-20-recorded-5,stdout,9,
timing-RexxCPS-rexxcps-rxtvm-clang-r5-profile-20-recorded-5,stdout,10,PASS: RexxCPS 2.2d cREXX port
timing-RexxCPS-rexxcps-rxbvm-clang-r5-profile-20-recorded-5,stdout,1,----- REXXCPS 2.2d -- Measuring cREXX clauses/second -----
timing-RexxCPS-rexxcps-rxbvm-clang-r5-profile-20-recorded-5,stdout,2, cREXX version is: macOS 64 crexx-1.0.0-beta.3+local.g3ad9890c139c.dirty 20260810
timing-RexxCPS-rexxcps-rxbvm-clang-r5-profile-20-recorded-5,stdout,3,       System is: macOS
timing-RexxCPS-rexxcps-rxbvm-clang-r5-profile-20-recorded-5,stdout,4,REXXCPS-PROVENANCE contract=canonical-default argv_count=0 initial_count=100 averaging=100
timing-RexxCPS-rexxcps-rxbvm-clang-r5-profile-20-recorded-5,stdout,5,        Averaged: 500 x 100 iterations of 1000 clauses (over 1.1 s)
timing-RexxCPS-rexxcps-rxbvm-clang-r5-profile-20-recorded-5,stdout,6,REXXCPS-EFFECTIVE contract=canonical-default initial_count=100 effective_count=500 averaging=100 calibrated=1
timing-RexxCPS-rexxcps-rxbvm-clang-r5-profile-20-recorded-5,stdout,7,
timing-RexxCPS-rexxcps-rxbvm-clang-r5-profile-20-recorded-5,stdout,8,     Performance: 44137210 cREXX clauses per second
timing-RexxCPS-rexxcps-rxbvm-clang-r5-profile-20-recorded-5,stdout,9,
timing-RexxCPS-rexxcps-rxbvm-clang-r5-profile-20-recorded-5,stdout,10,PASS: RexxCPS 2.2d cREXX port
timing-RexxCPS-rexxcps-rxtvm-clang-r5-profile-30-recorded-5,stdout,1,----- REXXCPS 2.2d -- Measuring cREXX clauses/second -----
timing-RexxCPS-rexxcps-rxtvm-clang-r5-profile-30-recorded-5,stdout,2, cREXX version is: macOS 64 crexx-1.0.0-beta.3+local.g3ad9890c139c.dirty 20260810
timing-RexxCPS-rexxcps-rxtvm-clang-r5-profile-30-recorded-5,stdout,3,       System is: macOS
timing-RexxCPS-rexxcps-rxtvm-clang-r5-profile-30-recorded-5,stdout,4,REXXCPS-PROVENANCE contract=canonical-default argv_count=0 initial_count=100 averaging=100
timing-RexxCPS-rexxcps-rxtvm-clang-r5-profile-30-recorded-5,stdout,5,        Averaged: 500 x 100 iterations of 1000 clauses (over 1.1 s)
timing-RexxCPS-rexxcps-rxtvm-clang-r5-profile-30-recorded-5,stdout,6,REXXCPS-EFFECTIVE contract=canonical-default initial_count=100 effective_count=500 averaging=100 calibrated=1
timing-RexxCPS-rexxcps-rxtvm-clang-r5-profile-30-recorded-5,stdout,7,
timing-RexxCPS-rexxcps-rxtvm-clang-r5-profile-30-recorded-5,stdout,8,     Performance: 45068676 cREXX clauses per second
timing-RexxCPS-rexxcps-rxtvm-clang-r5-profile-30-recorded-5,stdout,9,
timing-RexxCPS-rexxcps-rxtvm-clang-r5-profile-30-recorded-5,stdout,10,PASS: RexxCPS 2.2d cREXX port
timing-RexxCPS-rexxcps-rxbvm-clang-r5-profile-30-recorded-5,stdout,1,----- REXXCPS 2.2d -- Measuring cREXX clauses/second -----
timing-RexxCPS-rexxcps-rxbvm-clang-r5-profile-30-recorded-5,stdout,2, cREXX version is: macOS 64 crexx-1.0.0-beta.3+local.g3ad9890c139c.dirty 20260810
timing-RexxCPS-rexxcps-rxbvm-clang-r5-profile-30-recorded-5,stdout,3,       System is: macOS
timing-RexxCPS-rexxcps-rxbvm-clang-r5-profile-30-recorded-5,stdout,4,REXXCPS-PROVENANCE contract=canonical-default argv_count=0 initial_count=100 averaging=100
timing-RexxCPS-rexxcps-rxbvm-clang-r5-profile-30-recorded-5,stdout,5,        Averaged: 500 x 100 iterations of 1000 clauses (over 1.1 s)
timing-RexxCPS-rexxcps-rxbvm-clang-r5-profile-30-recorded-5,stdout,6,REXXCPS-EFFECTIVE contract=canonical-default initial_count=100 effective_count=500 averaging=100 calibrated=1
timing-RexxCPS-rexxcps-rxbvm-clang-r5-profile-30-recorded-5,stdout,7,
timing-RexxCPS-rexxcps-rxbvm-clang-r5-profile-30-recorded-5,stdout,8,     Performance: 44181672 cREXX clauses per second
timing-RexxCPS-rexxcps-rxbvm-clang-r5-profile-30-recorded-5,stdout,9,
timing-RexxCPS-rexxcps-rxbvm-clang-r5-profile-30-recorded-5,stdout,10,PASS: RexxCPS 2.2d cREXX port
timing-RexxCPS-rexxcps-rxtvm-clang-r5-all-inline-recorded-5,stdout,1,----- REXXCPS 2.2d -- Measuring cREXX clauses/second -----
timing-RexxCPS-rexxcps-rxtvm-clang-r5-all-inline-recorded-5,stdout,2, cREXX version is: macOS 64 crexx-1.0.0-beta.3+local.g3ad9890c139c.dirty 20260810
timing-RexxCPS-rexxcps-rxtvm-clang-r5-all-inline-recorded-5,stdout,3,       System is: macOS
timing-RexxCPS-rexxcps-rxtvm-clang-r5-all-inline-recorded-5,stdout,4,REXXCPS-PROVENANCE contract=canonical-default argv_count=0 initial_count=100 averaging=100
timing-RexxCPS-rexxcps-rxtvm-clang-r5-all-inline-recorded-5,stdout,5,        Averaged: 500 x 100 iterations of 1000 clauses (over 1.1 s)
timing-RexxCPS-rexxcps-rxtvm-clang-r5-all-inline-recorded-5,stdout,6,REXXCPS-EFFECTIVE contract=canonical-default initial_count=100 effective_count=500 averaging=100 calibrated=1
timing-RexxCPS-rexxcps-rxtvm-clang-r5-all-inline-recorded-5,stdout,7,
timing-RexxCPS-rexxcps-rxtvm-clang-r5-all-inline-recorded-5,stdout,8,     Performance: 45175117 cREXX clauses per second
timing-RexxCPS-rexxcps-rxtvm-clang-r5-all-inline-recorded-5,stdout,9,
timing-RexxCPS-rexxcps-rxtvm-clang-r5-all-inline-recorded-5,stdout,10,PASS: RexxCPS 2.2d cREXX port
timing-RexxCPS-rexxcps-rxbvm-clang-r5-all-inline-recorded-5,stdout,1,----- REXXCPS 2.2d -- Measuring cREXX clauses/second -----
timing-RexxCPS-rexxcps-rxbvm-clang-r5-all-inline-recorded-5,stdout,2, cREXX version is: macOS 64 crexx-1.0.0-beta.3+local.g3ad9890c139c.dirty 20260810
timing-RexxCPS-rexxcps-rxbvm-clang-r5-all-inline-recorded-5,stdout,3,       System is: macOS
timing-RexxCPS-rexxcps-rxbvm-clang-r5-all-inline-recorded-5,stdout,4,REXXCPS-PROVENANCE contract=canonical-default argv_count=0 initial_count=100 averaging=100
timing-RexxCPS-rexxcps-rxbvm-clang-r5-all-inline-recorded-5,stdout,5,        Averaged: 500 x 100 iterations of 1000 clauses (over 1.1 s)
timing-RexxCPS-rexxcps-rxbvm-clang-r5-all-inline-recorded-5,stdout,6,REXXCPS-EFFECTIVE contract=canonical-default initial_count=100 effective_count=500 averaging=100 calibrated=1
timing-RexxCPS-rexxcps-rxbvm-clang-r5-all-inline-recorded-5,stdout,7,
timing-RexxCPS-rexxcps-rxbvm-clang-r5-all-inline-recorded-5,stdout,8,     Performance: 44668981 cREXX clauses per second
timing-RexxCPS-rexxcps-rxbvm-clang-r5-all-inline-recorded-5,stdout,9,
timing-RexxCPS-rexxcps-rxbvm-clang-r5-all-inline-recorded-5,stdout,10,PASS: RexxCPS 2.2d cREXX port
timing-RexxCPS-rexxcps-rxtvm-clang-r5-profile-15-recorded-5,stdout,1,----- REXXCPS 2.2d -- Measuring cREXX clauses/second -----
timing-RexxCPS-rexxcps-rxtvm-clang-r5-profile-15-recorded-5,stdout,2, cREXX version is: macOS 64 crexx-1.0.0-beta.3+local.g3ad9890c139c.dirty 20260810
timing-RexxCPS-rexxcps-rxtvm-clang-r5-profile-15-recorded-5,stdout,3,       System is: macOS
timing-RexxCPS-rexxcps-rxtvm-clang-r5-profile-15-recorded-5,stdout,4,REXXCPS-PROVENANCE contract=canonical-default argv_count=0 initial_count=100 averaging=100
timing-RexxCPS-rexxcps-rxtvm-clang-r5-profile-15-recorded-5,stdout,5,        Averaged: 500 x 100 iterations of 1000 clauses (over 1.1 s)
timing-RexxCPS-rexxcps-rxtvm-clang-r5-profile-15-recorded-5,stdout,6,REXXCPS-EFFECTIVE contract=canonical-default initial_count=100 effective_count=500 averaging=100 calibrated=1
timing-RexxCPS-rexxcps-rxtvm-clang-r5-profile-15-recorded-5,stdout,7,
timing-RexxCPS-rexxcps-rxtvm-clang-r5-profile-15-recorded-5,stdout,8,     Performance: 43548317 cREXX clauses per second
timing-RexxCPS-rexxcps-rxtvm-clang-r5-profile-15-recorded-5,stdout,9,
timing-RexxCPS-rexxcps-rxtvm-clang-r5-profile-15-recorded-5,stdout,10,PASS: RexxCPS 2.2d cREXX port
timing-RexxCPS-rexxcps-rxbvm-clang-r5-profile-15-recorded-5,stdout,1,----- REXXCPS 2.2d -- Measuring cREXX clauses/second -----
timing-RexxCPS-rexxcps-rxbvm-clang-r5-profile-15-recorded-5,stdout,2, cREXX version is: macOS 64 crexx-1.0.0-beta.3+local.g3ad9890c139c.dirty 20260810
timing-RexxCPS-rexxcps-rxbvm-clang-r5-profile-15-recorded-5,stdout,3,       System is: macOS
timing-RexxCPS-rexxcps-rxbvm-clang-r5-profile-15-recorded-5,stdout,4,REXXCPS-PROVENANCE contract=canonical-default argv_count=0 initial_count=100 averaging=100
timing-RexxCPS-rexxcps-rxbvm-clang-r5-profile-15-recorded-5,stdout,5,        Averaged: 500 x 100 iterations of 1000 clauses (over 1.2 s)
timing-RexxCPS-rexxcps-rxbvm-clang-r5-profile-15-recorded-5,stdout,6,REXXCPS-EFFECTIVE contract=canonical-default initial_count=100 effective_count=500 averaging=100 calibrated=1
timing-RexxCPS-rexxcps-rxbvm-clang-r5-profile-15-recorded-5,stdout,7,
timing-RexxCPS-rexxcps-rxbvm-clang-r5-profile-15-recorded-5,stdout,8,     Performance: 43182666 cREXX clauses per second
timing-RexxCPS-rexxcps-rxbvm-clang-r5-profile-15-recorded-5,stdout,9,
timing-RexxCPS-rexxcps-rxbvm-clang-r5-profile-15-recorded-5,stdout,10,PASS: RexxCPS 2.2d cREXX port
timing-RexxCPS-rexxcps-rxbvm-clang-r5-profile-15-recorded-6,stdout,1,----- REXXCPS 2.2d -- Measuring cREXX clauses/second -----
timing-RexxCPS-rexxcps-rxbvm-clang-r5-profile-15-recorded-6,stdout,2, cREXX version is: macOS 64 crexx-1.0.0-beta.3+local.g3ad9890c139c.dirty 20260810
timing-RexxCPS-rexxcps-rxbvm-clang-r5-profile-15-recorded-6,stdout,3,       System is: macOS
timing-RexxCPS-rexxcps-rxbvm-clang-r5-profile-15-recorded-6,stdout,4,REXXCPS-PROVENANCE contract=canonical-default argv_count=0 initial_count=100 averaging=100
timing-RexxCPS-rexxcps-rxbvm-clang-r5-profile-15-recorded-6,stdout,5,        Averaged: 500 x 100 iterations of 1000 clauses (over 1.2 s)
timing-RexxCPS-rexxcps-rxbvm-clang-r5-profile-15-recorded-6,stdout,6,REXXCPS-EFFECTIVE contract=canonical-default initial_count=100 effective_count=500 averaging=100 calibrated=1
timing-RexxCPS-rexxcps-rxbvm-clang-r5-profile-15-recorded-6,stdout,7,
timing-RexxCPS-rexxcps-rxbvm-clang-r5-profile-15-recorded-6,stdout,8,     Performance: 43081944 cREXX clauses per second
timing-RexxCPS-rexxcps-rxbvm-clang-r5-profile-15-recorded-6,stdout,9,
timing-RexxCPS-rexxcps-rxbvm-clang-r5-profile-15-recorded-6,stdout,10,PASS: RexxCPS 2.2d cREXX port
timing-RexxCPS-rexxcps-rxtvm-clang-r5-profile-15-recorded-6,stdout,1,----- REXXCPS 2.2d -- Measuring cREXX clauses/second -----
timing-RexxCPS-rexxcps-rxtvm-clang-r5-profile-15-recorded-6,stdout,2, cREXX version is: macOS 64 crexx-1.0.0-beta.3+local.g3ad9890c139c.dirty 20260810
timing-RexxCPS-rexxcps-rxtvm-clang-r5-profile-15-recorded-6,stdout,3,       System is: macOS
timing-RexxCPS-rexxcps-rxtvm-clang-r5-profile-15-recorded-6,stdout,4,REXXCPS-PROVENANCE contract=canonical-default argv_count=0 initial_count=100 averaging=100
timing-RexxCPS-rexxcps-rxtvm-clang-r5-profile-15-recorded-6,stdout,5,        Averaged: 500 x 100 iterations of 1000 clauses (over 1.2 s)
timing-RexxCPS-rexxcps-rxtvm-clang-r5-profile-15-recorded-6,stdout,6,REXXCPS-EFFECTIVE contract=canonical-default initial_count=100 effective_count=500 averaging=100 calibrated=1
timing-RexxCPS-rexxcps-rxtvm-clang-r5-profile-15-recorded-6,stdout,7,
timing-RexxCPS-rexxcps-rxtvm-clang-r5-profile-15-recorded-6,stdout,8,     Performance: 43468698 cREXX clauses per second
timing-RexxCPS-rexxcps-rxtvm-clang-r5-profile-15-recorded-6,stdout,9,
timing-RexxCPS-rexxcps-rxtvm-clang-r5-profile-15-recorded-6,stdout,10,PASS: RexxCPS 2.2d cREXX port
timing-RexxCPS-rexxcps-rxbvm-clang-r5-all-inline-recorded-6,stdout,1,----- REXXCPS 2.2d -- Measuring cREXX clauses/second -----
timing-RexxCPS-rexxcps-rxbvm-clang-r5-all-inline-recorded-6,stdout,2, cREXX version is: macOS 64 crexx-1.0.0-beta.3+local.g3ad9890c139c.dirty 20260810
timing-RexxCPS-rexxcps-rxbvm-clang-r5-all-inline-recorded-6,stdout,3,       System is: macOS
timing-RexxCPS-rexxcps-rxbvm-clang-r5-all-inline-recorded-6,stdout,4,REXXCPS-PROVENANCE contract=canonical-default argv_count=0 initial_count=100 averaging=100
timing-RexxCPS-rexxcps-rxbvm-clang-r5-all-inline-recorded-6,stdout,5,        Averaged: 500 x 100 iterations of 1000 clauses (over 1.1 s)
timing-RexxCPS-rexxcps-rxbvm-clang-r5-all-inline-recorded-6,stdout,6,REXXCPS-EFFECTIVE contract=canonical-default initial_count=100 effective_count=500 averaging=100 calibrated=1
timing-RexxCPS-rexxcps-rxbvm-clang-r5-all-inline-recorded-6,stdout,7,
timing-RexxCPS-rexxcps-rxbvm-clang-r5-all-inline-recorded-6,stdout,8,     Performance: 45090583 cREXX clauses per second
timing-RexxCPS-rexxcps-rxbvm-clang-r5-all-inline-recorded-6,stdout,9,
timing-RexxCPS-rexxcps-rxbvm-clang-r5-all-inline-recorded-6,stdout,10,PASS: RexxCPS 2.2d cREXX port
timing-RexxCPS-rexxcps-rxtvm-clang-r5-all-inline-recorded-6,stdout,1,----- REXXCPS 2.2d -- Measuring cREXX clauses/second -----
timing-RexxCPS-rexxcps-rxtvm-clang-r5-all-inline-recorded-6,stdout,2, cREXX version is: macOS 64 crexx-1.0.0-beta.3+local.g3ad9890c139c.dirty 20260810
timing-RexxCPS-rexxcps-rxtvm-clang-r5-all-inline-recorded-6,stdout,3,       System is: macOS
timing-RexxCPS-rexxcps-rxtvm-clang-r5-all-inline-recorded-6,stdout,4,REXXCPS-PROVENANCE contract=canonical-default argv_count=0 initial_count=100 averaging=100
timing-RexxCPS-rexxcps-rxtvm-clang-r5-all-inline-recorded-6,stdout,5,        Averaged: 500 x 100 iterations of 1000 clauses (over 1.1 s)
timing-RexxCPS-rexxcps-rxtvm-clang-r5-all-inline-recorded-6,stdout,6,REXXCPS-EFFECTIVE contract=canonical-default initial_count=100 effective_count=500 averaging=100 calibrated=1
timing-RexxCPS-rexxcps-rxtvm-clang-r5-all-inline-recorded-6,stdout,7,
timing-RexxCPS-rexxcps-rxtvm-clang-r5-all-inline-recorded-6,stdout,8,     Performance: 45373863 cREXX clauses per second
timing-RexxCPS-rexxcps-rxtvm-clang-r5-all-inline-recorded-6,stdout,9,
timing-RexxCPS-rexxcps-rxtvm-clang-r5-all-inline-recorded-6,stdout,10,PASS: RexxCPS 2.2d cREXX port
timing-RexxCPS-rexxcps-rxbvm-clang-r5-profile-30-recorded-6,stdout,1,----- REXXCPS 2.2d -- Measuring cREXX clauses/second -----
timing-RexxCPS-rexxcps-rxbvm-clang-r5-profile-30-recorded-6,stdout,2, cREXX version is: macOS 64 crexx-1.0.0-beta.3+local.g3ad9890c139c.dirty 20260810
timing-RexxCPS-rexxcps-rxbvm-clang-r5-profile-30-recorded-6,stdout,3,       System is: macOS
timing-RexxCPS-rexxcps-rxbvm-clang-r5-profile-30-recorded-6,stdout,4,REXXCPS-PROVENANCE contract=canonical-default argv_count=0 initial_count=100 averaging=100
timing-RexxCPS-rexxcps-rxbvm-clang-r5-profile-30-recorded-6,stdout,5,        Averaged: 500 x 100 iterations of 1000 clauses (over 1.1 s)
timing-RexxCPS-rexxcps-rxbvm-clang-r5-profile-30-recorded-6,stdout,6,REXXCPS-EFFECTIVE contract=canonical-default initial_count=100 effective_count=500 averaging=100 calibrated=1
timing-RexxCPS-rexxcps-rxbvm-clang-r5-profile-30-recorded-6,stdout,7,
timing-RexxCPS-rexxcps-rxbvm-clang-r5-profile-30-recorded-6,stdout,8,     Performance: 45102378 cREXX clauses per second
timing-RexxCPS-rexxcps-rxbvm-clang-r5-profile-30-recorded-6,stdout,9,
timing-RexxCPS-rexxcps-rxbvm-clang-r5-profile-30-recorded-6,stdout,10,PASS: RexxCPS 2.2d cREXX port
timing-RexxCPS-rexxcps-rxtvm-clang-r5-profile-30-recorded-6,stdout,1,----- REXXCPS 2.2d -- Measuring cREXX clauses/second -----
timing-RexxCPS-rexxcps-rxtvm-clang-r5-profile-30-recorded-6,stdout,2, cREXX version is: macOS 64 crexx-1.0.0-beta.3+local.g3ad9890c139c.dirty 20260810
timing-RexxCPS-rexxcps-rxtvm-clang-r5-profile-30-recorded-6,stdout,3,       System is: macOS
timing-RexxCPS-rexxcps-rxtvm-clang-r5-profile-30-recorded-6,stdout,4,REXXCPS-PROVENANCE contract=canonical-default argv_count=0 initial_count=100 averaging=100
timing-RexxCPS-rexxcps-rxtvm-clang-r5-profile-30-recorded-6,stdout,5,        Averaged: 500 x 100 iterations of 1000 clauses (over 1.1 s)
timing-RexxCPS-rexxcps-rxtvm-clang-r5-profile-30-recorded-6,stdout,6,REXXCPS-EFFECTIVE contract=canonical-default initial_count=100 effective_count=500 averaging=100 calibrated=1
timing-RexxCPS-rexxcps-rxtvm-clang-r5-profile-30-recorded-6,stdout,7,
timing-RexxCPS-rexxcps-rxtvm-clang-r5-profile-30-recorded-6,stdout,8,     Performance: 45147868 cREXX clauses per second
timing-RexxCPS-rexxcps-rxtvm-clang-r5-profile-30-recorded-6,stdout,9,
timing-RexxCPS-rexxcps-rxtvm-clang-r5-profile-30-recorded-6,stdout,10,PASS: RexxCPS 2.2d cREXX port
timing-RexxCPS-rexxcps-rxbvm-clang-r5-profile-20-recorded-6,stdout,1,----- REXXCPS 2.2d -- Measuring cREXX clauses/second -----
timing-RexxCPS-rexxcps-rxbvm-clang-r5-profile-20-recorded-6,stdout,2, cREXX version is: macOS 64 crexx-1.0.0-beta.3+local.g3ad9890c139c.dirty 20260810
timing-RexxCPS-rexxcps-rxbvm-clang-r5-profile-20-recorded-6,stdout,3,       System is: macOS
timing-RexxCPS-rexxcps-rxbvm-clang-r5-profile-20-recorded-6,stdout,4,REXXCPS-PROVENANCE contract=canonical-default argv_count=0 initial_count=100 averaging=100
timing-RexxCPS-rexxcps-rxbvm-clang-r5-profile-20-recorded-6,stdout,5,        Averaged: 500 x 100 iterations of 1000 clauses (over 1.1 s)
timing-RexxCPS-rexxcps-rxbvm-clang-r5-profile-20-recorded-6,stdout,6,REXXCPS-EFFECTIVE contract=canonical-default initial_count=100 effective_count=500 averaging=100 calibrated=1
timing-RexxCPS-rexxcps-rxbvm-clang-r5-profile-20-recorded-6,stdout,7,
timing-RexxCPS-rexxcps-rxbvm-clang-r5-profile-20-recorded-6,stdout,8,     Performance: 44951336 cREXX clauses per second
timing-RexxCPS-rexxcps-rxbvm-clang-r5-profile-20-recorded-6,stdout,9,
timing-RexxCPS-rexxcps-rxbvm-clang-r5-profile-20-recorded-6,stdout,10,PASS: RexxCPS 2.2d cREXX port
timing-RexxCPS-rexxcps-rxtvm-clang-r5-profile-20-recorded-6,stdout,1,----- REXXCPS 2.2d -- Measuring cREXX clauses/second -----
timing-RexxCPS-rexxcps-rxtvm-clang-r5-profile-20-recorded-6,stdout,2, cREXX version is: macOS 64 crexx-1.0.0-beta.3+local.g3ad9890c139c.dirty 20260810
timing-RexxCPS-rexxcps-rxtvm-clang-r5-profile-20-recorded-6,stdout,3,       System is: macOS
timing-RexxCPS-rexxcps-rxtvm-clang-r5-profile-20-recorded-6,stdout,4,REXXCPS-PROVENANCE contract=canonical-default argv_count=0 initial_count=100 averaging=100
timing-RexxCPS-rexxcps-rxtvm-clang-r5-profile-20-recorded-6,stdout,5,        Averaged: 500 x 100 iterations of 1000 clauses (over 1.1 s)
timing-RexxCPS-rexxcps-rxtvm-clang-r5-profile-20-recorded-6,stdout,6,REXXCPS-EFFECTIVE contract=canonical-default initial_count=100 effective_count=500 averaging=100 calibrated=1
timing-RexxCPS-rexxcps-rxtvm-clang-r5-profile-20-recorded-6,stdout,7,
timing-RexxCPS-rexxcps-rxtvm-clang-r5-profile-20-recorded-6,stdout,8,     Performance: 45874127 cREXX clauses per second
timing-RexxCPS-rexxcps-rxtvm-clang-r5-profile-20-recorded-6,stdout,9,
timing-RexxCPS-rexxcps-rxtvm-clang-r5-profile-20-recorded-6,stdout,10,PASS: RexxCPS 2.2d cREXX port
timing-RexxCPS-rexxcps-rxtvm-clang-r5-profile-30-recorded-7,stdout,1,----- REXXCPS 2.2d -- Measuring cREXX clauses/second -----
timing-RexxCPS-rexxcps-rxtvm-clang-r5-profile-30-recorded-7,stdout,2, cREXX version is: macOS 64 crexx-1.0.0-beta.3+local.g3ad9890c139c.dirty 20260810
timing-RexxCPS-rexxcps-rxtvm-clang-r5-profile-30-recorded-7,stdout,3,       System is: macOS
timing-RexxCPS-rexxcps-rxtvm-clang-r5-profile-30-recorded-7,stdout,4,REXXCPS-PROVENANCE contract=canonical-default argv_count=0 initial_count=100 averaging=100
timing-RexxCPS-rexxcps-rxtvm-clang-r5-profile-30-recorded-7,stdout,5,        Averaged: 500 x 100 iterations of 1000 clauses (over 1.1 s)
timing-RexxCPS-rexxcps-rxtvm-clang-r5-profile-30-recorded-7,stdout,6,REXXCPS-EFFECTIVE contract=canonical-default initial_count=100 effective_count=500 averaging=100 calibrated=1
timing-RexxCPS-rexxcps-rxtvm-clang-r5-profile-30-recorded-7,stdout,7,
timing-RexxCPS-rexxcps-rxtvm-clang-r5-profile-30-recorded-7,stdout,8,     Performance: 44376519 cREXX clauses per second
timing-RexxCPS-rexxcps-rxtvm-clang-r5-profile-30-recorded-7,stdout,9,
timing-RexxCPS-rexxcps-rxtvm-clang-r5-profile-30-recorded-7,stdout,10,PASS: RexxCPS 2.2d cREXX port
timing-RexxCPS-rexxcps-rxbvm-clang-r5-profile-30-recorded-7,stdout,1,----- REXXCPS 2.2d -- Measuring cREXX clauses/second -----
timing-RexxCPS-rexxcps-rxbvm-clang-r5-profile-30-recorded-7,stdout,2, cREXX version is: macOS 64 crexx-1.0.0-beta.3+local.g3ad9890c139c.dirty 20260810
timing-RexxCPS-rexxcps-rxbvm-clang-r5-profile-30-recorded-7,stdout,3,       System is: macOS
timing-RexxCPS-rexxcps-rxbvm-clang-r5-profile-30-recorded-7,stdout,4,REXXCPS-PROVENANCE contract=canonical-default argv_count=0 initial_count=100 averaging=100
timing-RexxCPS-rexxcps-rxbvm-clang-r5-profile-30-recorded-7,stdout,5,        Averaged: 500 x 100 iterations of 1000 clauses (over 1.1 s)
timing-RexxCPS-rexxcps-rxbvm-clang-r5-profile-30-recorded-7,stdout,6,REXXCPS-EFFECTIVE contract=canonical-default initial_count=100 effective_count=500 averaging=100 calibrated=1
timing-RexxCPS-rexxcps-rxbvm-clang-r5-profile-30-recorded-7,stdout,7,
timing-RexxCPS-rexxcps-rxbvm-clang-r5-profile-30-recorded-7,stdout,8,     Performance: 44727560 cREXX clauses per second
timing-RexxCPS-rexxcps-rxbvm-clang-r5-profile-30-recorded-7,stdout,9,
timing-RexxCPS-rexxcps-rxbvm-clang-r5-profile-30-recorded-7,stdout,10,PASS: RexxCPS 2.2d cREXX port
timing-RexxCPS-rexxcps-rxtvm-clang-r5-all-inline-recorded-7,stdout,1,----- REXXCPS 2.2d -- Measuring cREXX clauses/second -----
timing-RexxCPS-rexxcps-rxtvm-clang-r5-all-inline-recorded-7,stdout,2, cREXX version is: macOS 64 crexx-1.0.0-beta.3+local.g3ad9890c139c.dirty 20260810
timing-RexxCPS-rexxcps-rxtvm-clang-r5-all-inline-recorded-7,stdout,3,       System is: macOS
timing-RexxCPS-rexxcps-rxtvm-clang-r5-all-inline-recorded-7,stdout,4,REXXCPS-PROVENANCE contract=canonical-default argv_count=0 initial_count=100 averaging=100
timing-RexxCPS-rexxcps-rxtvm-clang-r5-all-inline-recorded-7,stdout,5,        Averaged: 500 x 100 iterations of 1000 clauses (over 1.1 s)
timing-RexxCPS-rexxcps-rxtvm-clang-r5-all-inline-recorded-7,stdout,6,REXXCPS-EFFECTIVE contract=canonical-default initial_count=100 effective_count=500 averaging=100 calibrated=1
timing-RexxCPS-rexxcps-rxtvm-clang-r5-all-inline-recorded-7,stdout,7,
timing-RexxCPS-rexxcps-rxtvm-clang-r5-all-inline-recorded-7,stdout,8,     Performance: 46323833 cREXX clauses per second
timing-RexxCPS-rexxcps-rxtvm-clang-r5-all-inline-recorded-7,stdout,9,
timing-RexxCPS-rexxcps-rxtvm-clang-r5-all-inline-recorded-7,stdout,10,PASS: RexxCPS 2.2d cREXX port
timing-RexxCPS-rexxcps-rxbvm-clang-r5-all-inline-recorded-7,stdout,1,----- REXXCPS 2.2d -- Measuring cREXX clauses/second -----
timing-RexxCPS-rexxcps-rxbvm-clang-r5-all-inline-recorded-7,stdout,2, cREXX version is: macOS 64 crexx-1.0.0-beta.3+local.g3ad9890c139c.dirty 20260810
timing-RexxCPS-rexxcps-rxbvm-clang-r5-all-inline-recorded-7,stdout,3,       System is: macOS
timing-RexxCPS-rexxcps-rxbvm-clang-r5-all-inline-recorded-7,stdout,4,REXXCPS-PROVENANCE contract=canonical-default argv_count=0 initial_count=100 averaging=100
timing-RexxCPS-rexxcps-rxbvm-clang-r5-all-inline-recorded-7,stdout,5,        Averaged: 500 x 100 iterations of 1000 clauses (over 1.1 s)
timing-RexxCPS-rexxcps-rxbvm-clang-r5-all-inline-recorded-7,stdout,6,REXXCPS-EFFECTIVE contract=canonical-default initial_count=100 effective_count=500 averaging=100 calibrated=1
timing-RexxCPS-rexxcps-rxbvm-clang-r5-all-inline-recorded-7,stdout,7,
timing-RexxCPS-rexxcps-rxbvm-clang-r5-all-inline-recorded-7,stdout,8,     Performance: 45387784 cREXX clauses per second
timing-RexxCPS-rexxcps-rxbvm-clang-r5-all-inline-recorded-7,stdout,9,
timing-RexxCPS-rexxcps-rxbvm-clang-r5-all-inline-recorded-7,stdout,10,PASS: RexxCPS 2.2d cREXX port
timing-RexxCPS-rexxcps-rxtvm-clang-r5-profile-15-recorded-7,stdout,1,----- REXXCPS 2.2d -- Measuring cREXX clauses/second -----
timing-RexxCPS-rexxcps-rxtvm-clang-r5-profile-15-recorded-7,stdout,2, cREXX version is: macOS 64 crexx-1.0.0-beta.3+local.g3ad9890c139c.dirty 20260810
timing-RexxCPS-rexxcps-rxtvm-clang-r5-profile-15-recorded-7,stdout,3,       System is: macOS
timing-RexxCPS-rexxcps-rxtvm-clang-r5-profile-15-recorded-7,stdout,4,REXXCPS-PROVENANCE contract=canonical-default argv_count=0 initial_count=100 averaging=100
timing-RexxCPS-rexxcps-rxtvm-clang-r5-profile-15-recorded-7,stdout,5,        Averaged: 500 x 100 iterations of 1000 clauses (over 1.1 s)
timing-RexxCPS-rexxcps-rxtvm-clang-r5-profile-15-recorded-7,stdout,6,REXXCPS-EFFECTIVE contract=canonical-default initial_count=100 effective_count=500 averaging=100 calibrated=1
timing-RexxCPS-rexxcps-rxtvm-clang-r5-profile-15-recorded-7,stdout,7,
timing-RexxCPS-rexxcps-rxtvm-clang-r5-profile-15-recorded-7,stdout,8,     Performance: 43923801 cREXX clauses per second
timing-RexxCPS-rexxcps-rxtvm-clang-r5-profile-15-recorded-7,stdout,9,
timing-RexxCPS-rexxcps-rxtvm-clang-r5-profile-15-recorded-7,stdout,10,PASS: RexxCPS 2.2d cREXX port
timing-RexxCPS-rexxcps-rxbvm-clang-r5-profile-15-recorded-7,stdout,1,----- REXXCPS 2.2d -- Measuring cREXX clauses/second -----
timing-RexxCPS-rexxcps-rxbvm-clang-r5-profile-15-recorded-7,stdout,2, cREXX version is: macOS 64 crexx-1.0.0-beta.3+local.g3ad9890c139c.dirty 20260810
timing-RexxCPS-rexxcps-rxbvm-clang-r5-profile-15-recorded-7,stdout,3,       System is: macOS
timing-RexxCPS-rexxcps-rxbvm-clang-r5-profile-15-recorded-7,stdout,4,REXXCPS-PROVENANCE contract=canonical-default argv_count=0 initial_count=100 averaging=100
timing-RexxCPS-rexxcps-rxbvm-clang-r5-profile-15-recorded-7,stdout,5,        Averaged: 500 x 100 iterations of 1000 clauses (over 1.2 s)
timing-RexxCPS-rexxcps-rxbvm-clang-r5-profile-15-recorded-7,stdout,6,REXXCPS-EFFECTIVE contract=canonical-default initial_count=100 effective_count=500 averaging=100 calibrated=1
timing-RexxCPS-rexxcps-rxbvm-clang-r5-profile-15-recorded-7,stdout,7,
timing-RexxCPS-rexxcps-rxbvm-clang-r5-profile-15-recorded-7,stdout,8,     Performance: 43072184 cREXX clauses per second
timing-RexxCPS-rexxcps-rxbvm-clang-r5-profile-15-recorded-7,stdout,9,
timing-RexxCPS-rexxcps-rxbvm-clang-r5-profile-15-recorded-7,stdout,10,PASS: RexxCPS 2.2d cREXX port
timing-RexxCPS-rexxcps-rxtvm-clang-r5-profile-20-recorded-7,stdout,1,----- REXXCPS 2.2d -- Measuring cREXX clauses/second -----
timing-RexxCPS-rexxcps-rxtvm-clang-r5-profile-20-recorded-7,stdout,2, cREXX version is: macOS 64 crexx-1.0.0-beta.3+local.g3ad9890c139c.dirty 20260810
timing-RexxCPS-rexxcps-rxtvm-clang-r5-profile-20-recorded-7,stdout,3,       System is: macOS
timing-RexxCPS-rexxcps-rxtvm-clang-r5-profile-20-recorded-7,stdout,4,REXXCPS-PROVENANCE contract=canonical-default argv_count=0 initial_count=100 averaging=100
timing-RexxCPS-rexxcps-rxtvm-clang-r5-profile-20-recorded-7,stdout,5,        Averaged: 500 x 100 iterations of 1000 clauses (over 1.1 s)
timing-RexxCPS-rexxcps-rxtvm-clang-r5-profile-20-recorded-7,stdout,6,REXXCPS-EFFECTIVE contract=canonical-default initial_count=100 effective_count=500 averaging=100 calibrated=1
timing-RexxCPS-rexxcps-rxtvm-clang-r5-profile-20-recorded-7,stdout,7,
timing-RexxCPS-rexxcps-rxtvm-clang-r5-profile-20-recorded-7,stdout,8,     Performance: 45986949 cREXX clauses per second
timing-RexxCPS-rexxcps-rxtvm-clang-r5-profile-20-recorded-7,stdout,9,
timing-RexxCPS-rexxcps-rxtvm-clang-r5-profile-20-recorded-7,stdout,10,PASS: RexxCPS 2.2d cREXX port
timing-RexxCPS-rexxcps-rxbvm-clang-r5-profile-20-recorded-7,stdout,1,----- REXXCPS 2.2d -- Measuring cREXX clauses/second -----
timing-RexxCPS-rexxcps-rxbvm-clang-r5-profile-20-recorded-7,stdout,2, cREXX version is: macOS 64 crexx-1.0.0-beta.3+local.g3ad9890c139c.dirty 20260810
timing-RexxCPS-rexxcps-rxbvm-clang-r5-profile-20-recorded-7,stdout,3,       System is: macOS
timing-RexxCPS-rexxcps-rxbvm-clang-r5-profile-20-recorded-7,stdout,4,REXXCPS-PROVENANCE contract=canonical-default argv_count=0 initial_count=100 averaging=100
timing-RexxCPS-rexxcps-rxbvm-clang-r5-profile-20-recorded-7,stdout,5,        Averaged: 500 x 100 iterations of 1000 clauses (over 1.1 s)
timing-RexxCPS-rexxcps-rxbvm-clang-r5-profile-20-recorded-7,stdout,6,REXXCPS-EFFECTIVE contract=canonical-default initial_count=100 effective_count=500 averaging=100 calibrated=1
timing-RexxCPS-rexxcps-rxbvm-clang-r5-profile-20-recorded-7,stdout,7,
timing-RexxCPS-rexxcps-rxbvm-clang-r5-profile-20-recorded-7,stdout,8,     Performance: 45293465 cREXX clauses per second
timing-RexxCPS-rexxcps-rxbvm-clang-r5-profile-20-recorded-7,stdout,9,
timing-RexxCPS-rexxcps-rxbvm-clang-r5-profile-20-recorded-7,stdout,10,PASS: RexxCPS 2.2d cREXX port
timing-RexxCPS-rexxcps-rxbvm-clang-r5-profile-20-recorded-8,stdout,1,----- REXXCPS 2.2d -- Measuring cREXX clauses/second -----
timing-RexxCPS-rexxcps-rxbvm-clang-r5-profile-20-recorded-8,stdout,2, cREXX version is: macOS 64 crexx-1.0.0-beta.3+local.g3ad9890c139c.dirty 20260810
timing-RexxCPS-rexxcps-rxbvm-clang-r5-profile-20-recorded-8,stdout,3,       System is: macOS
timing-RexxCPS-rexxcps-rxbvm-clang-r5-profile-20-recorded-8,stdout,4,REXXCPS-PROVENANCE contract=canonical-default argv_count=0 initial_count=100 averaging=100
timing-RexxCPS-rexxcps-rxbvm-clang-r5-profile-20-recorded-8,stdout,5,        Averaged: 500 x 100 iterations of 1000 clauses (over 1.1 s)
timing-RexxCPS-rexxcps-rxbvm-clang-r5-profile-20-recorded-8,stdout,6,REXXCPS-EFFECTIVE contract=canonical-default initial_count=100 effective_count=500 averaging=100 calibrated=1
timing-RexxCPS-rexxcps-rxbvm-clang-r5-profile-20-recorded-8,stdout,7,
timing-RexxCPS-rexxcps-rxbvm-clang-r5-profile-20-recorded-8,stdout,8,     Performance: 45054462 cREXX clauses per second
timing-RexxCPS-rexxcps-rxbvm-clang-r5-profile-20-recorded-8,stdout,9,
timing-RexxCPS-rexxcps-rxbvm-clang-r5-profile-20-recorded-8,stdout,10,PASS: RexxCPS 2.2d cREXX port
timing-RexxCPS-rexxcps-rxtvm-clang-r5-profile-20-recorded-8,stdout,1,----- REXXCPS 2.2d -- Measuring cREXX clauses/second -----
timing-RexxCPS-rexxcps-rxtvm-clang-r5-profile-20-recorded-8,stdout,2, cREXX version is: macOS 64 crexx-1.0.0-beta.3+local.g3ad9890c139c.dirty 20260810
timing-RexxCPS-rexxcps-rxtvm-clang-r5-profile-20-recorded-8,stdout,3,       System is: macOS
timing-RexxCPS-rexxcps-rxtvm-clang-r5-profile-20-recorded-8,stdout,4,REXXCPS-PROVENANCE contract=canonical-default argv_count=0 initial_count=100 averaging=100
timing-RexxCPS-rexxcps-rxtvm-clang-r5-profile-20-recorded-8,stdout,5,        Averaged: 500 x 100 iterations of 1000 clauses (over 1.1 s)
timing-RexxCPS-rexxcps-rxtvm-clang-r5-profile-20-recorded-8,stdout,6,REXXCPS-EFFECTIVE contract=canonical-default initial_count=100 effective_count=500 averaging=100 calibrated=1
timing-RexxCPS-rexxcps-rxtvm-clang-r5-profile-20-recorded-8,stdout,7,
timing-RexxCPS-rexxcps-rxtvm-clang-r5-profile-20-recorded-8,stdout,8,     Performance: 46660508 cREXX clauses per second
timing-RexxCPS-rexxcps-rxtvm-clang-r5-profile-20-recorded-8,stdout,9,
timing-RexxCPS-rexxcps-rxtvm-clang-r5-profile-20-recorded-8,stdout,10,PASS: RexxCPS 2.2d cREXX port
timing-RexxCPS-rexxcps-rxbvm-clang-r5-profile-15-recorded-8,stdout,1,----- REXXCPS 2.2d -- Measuring cREXX clauses/second -----
timing-RexxCPS-rexxcps-rxbvm-clang-r5-profile-15-recorded-8,stdout,2, cREXX version is: macOS 64 crexx-1.0.0-beta.3+local.g3ad9890c139c.dirty 20260810
timing-RexxCPS-rexxcps-rxbvm-clang-r5-profile-15-recorded-8,stdout,3,       System is: macOS
timing-RexxCPS-rexxcps-rxbvm-clang-r5-profile-15-recorded-8,stdout,4,REXXCPS-PROVENANCE contract=canonical-default argv_count=0 initial_count=100 averaging=100
timing-RexxCPS-rexxcps-rxbvm-clang-r5-profile-15-recorded-8,stdout,5,        Averaged: 500 x 100 iterations of 1000 clauses (over 1.2 s)
timing-RexxCPS-rexxcps-rxbvm-clang-r5-profile-15-recorded-8,stdout,6,REXXCPS-EFFECTIVE contract=canonical-default initial_count=100 effective_count=500 averaging=100 calibrated=1
timing-RexxCPS-rexxcps-rxbvm-clang-r5-profile-15-recorded-8,stdout,7,
timing-RexxCPS-rexxcps-rxbvm-clang-r5-profile-15-recorded-8,stdout,8,     Performance: 43074670 cREXX clauses per second
timing-RexxCPS-rexxcps-rxbvm-clang-r5-profile-15-recorded-8,stdout,9,
timing-RexxCPS-rexxcps-rxbvm-clang-r5-profile-15-recorded-8,stdout,10,PASS: RexxCPS 2.2d cREXX port
timing-RexxCPS-rexxcps-rxtvm-clang-r5-profile-15-recorded-8,stdout,1,----- REXXCPS 2.2d -- Measuring cREXX clauses/second -----
timing-RexxCPS-rexxcps-rxtvm-clang-r5-profile-15-recorded-8,stdout,2, cREXX version is: macOS 64 crexx-1.0.0-beta.3+local.g3ad9890c139c.dirty 20260810
timing-RexxCPS-rexxcps-rxtvm-clang-r5-profile-15-recorded-8,stdout,3,       System is: macOS
timing-RexxCPS-rexxcps-rxtvm-clang-r5-profile-15-recorded-8,stdout,4,REXXCPS-PROVENANCE contract=canonical-default argv_count=0 initial_count=100 averaging=100
timing-RexxCPS-rexxcps-rxtvm-clang-r5-profile-15-recorded-8,stdout,5,        Averaged: 500 x 100 iterations of 1000 clauses (over 1.1 s)
timing-RexxCPS-rexxcps-rxtvm-clang-r5-profile-15-recorded-8,stdout,6,REXXCPS-EFFECTIVE contract=canonical-default initial_count=100 effective_count=500 averaging=100 calibrated=1
timing-RexxCPS-rexxcps-rxtvm-clang-r5-profile-15-recorded-8,stdout,7,
timing-RexxCPS-rexxcps-rxtvm-clang-r5-profile-15-recorded-8,stdout,8,     Performance: 43897655 cREXX clauses per second
timing-RexxCPS-rexxcps-rxtvm-clang-r5-profile-15-recorded-8,stdout,9,
timing-RexxCPS-rexxcps-rxtvm-clang-r5-profile-15-recorded-8,stdout,10,PASS: RexxCPS 2.2d cREXX port
timing-RexxCPS-rexxcps-rxbvm-clang-r5-all-inline-recorded-8,stdout,1,----- REXXCPS 2.2d -- Measuring cREXX clauses/second -----
timing-RexxCPS-rexxcps-rxbvm-clang-r5-all-inline-recorded-8,stdout,2, cREXX version is: macOS 64 crexx-1.0.0-beta.3+local.g3ad9890c139c.dirty 20260810
timing-RexxCPS-rexxcps-rxbvm-clang-r5-all-inline-recorded-8,stdout,3,       System is: macOS
timing-RexxCPS-rexxcps-rxbvm-clang-r5-all-inline-recorded-8,stdout,4,REXXCPS-PROVENANCE contract=canonical-default argv_count=0 initial_count=100 averaging=100
timing-RexxCPS-rexxcps-rxbvm-clang-r5-all-inline-recorded-8,stdout,5,        Averaged: 500 x 100 iterations of 1000 clauses (over 1.1 s)
timing-RexxCPS-rexxcps-rxbvm-clang-r5-all-inline-recorded-8,stdout,6,REXXCPS-EFFECTIVE contract=canonical-default initial_count=100 effective_count=500 averaging=100 calibrated=1
timing-RexxCPS-rexxcps-rxbvm-clang-r5-all-inline-recorded-8,stdout,7,
timing-RexxCPS-rexxcps-rxbvm-clang-r5-all-inline-recorded-8,stdout,8,     Performance: 45661016 cREXX clauses per second
timing-RexxCPS-rexxcps-rxbvm-clang-r5-all-inline-recorded-8,stdout,9,
timing-RexxCPS-rexxcps-rxbvm-clang-r5-all-inline-recorded-8,stdout,10,PASS: RexxCPS 2.2d cREXX port
timing-RexxCPS-rexxcps-rxtvm-clang-r5-all-inline-recorded-8,stdout,1,----- REXXCPS 2.2d -- Measuring cREXX clauses/second -----
timing-RexxCPS-rexxcps-rxtvm-clang-r5-all-inline-recorded-8,stdout,2, cREXX version is: macOS 64 crexx-1.0.0-beta.3+local.g3ad9890c139c.dirty 20260810
timing-RexxCPS-rexxcps-rxtvm-clang-r5-all-inline-recorded-8,stdout,3,       System is: macOS
timing-RexxCPS-rexxcps-rxtvm-clang-r5-all-inline-recorded-8,stdout,4,REXXCPS-PROVENANCE contract=canonical-default argv_count=0 initial_count=100 averaging=100
timing-RexxCPS-rexxcps-rxtvm-clang-r5-all-inline-recorded-8,stdout,5,        Averaged: 500 x 100 iterations of 1000 clauses (over 1.1 s)
timing-RexxCPS-rexxcps-rxtvm-clang-r5-all-inline-recorded-8,stdout,6,REXXCPS-EFFECTIVE contract=canonical-default initial_count=100 effective_count=500 averaging=100 calibrated=1
timing-RexxCPS-rexxcps-rxtvm-clang-r5-all-inline-recorded-8,stdout,7,
timing-RexxCPS-rexxcps-rxtvm-clang-r5-all-inline-recorded-8,stdout,8,     Performance: 45722730 cREXX clauses per second
timing-RexxCPS-rexxcps-rxtvm-clang-r5-all-inline-recorded-8,stdout,9,
timing-RexxCPS-rexxcps-rxtvm-clang-r5-all-inline-recorded-8,stdout,10,PASS: RexxCPS 2.2d cREXX port
timing-RexxCPS-rexxcps-rxbvm-clang-r5-profile-30-recorded-8,stdout,1,----- REXXCPS 2.2d -- Measuring cREXX clauses/second -----
timing-RexxCPS-rexxcps-rxbvm-clang-r5-profile-30-recorded-8,stdout,2, cREXX version is: macOS 64 crexx-1.0.0-beta.3+local.g3ad9890c139c.dirty 20260810
timing-RexxCPS-rexxcps-rxbvm-clang-r5-profile-30-recorded-8,stdout,3,       System is: macOS
timing-RexxCPS-rexxcps-rxbvm-clang-r5-profile-30-recorded-8,stdout,4,REXXCPS-PROVENANCE contract=canonical-default argv_count=0 initial_count=100 averaging=100
timing-RexxCPS-rexxcps-rxbvm-clang-r5-profile-30-recorded-8,stdout,5,        Averaged: 500 x 100 iterations of 1000 clauses (over 1.1 s)
timing-RexxCPS-rexxcps-rxbvm-clang-r5-profile-30-recorded-8,stdout,6,REXXCPS-EFFECTIVE contract=canonical-default initial_count=100 effective_count=500 averaging=100 calibrated=1
timing-RexxCPS-rexxcps-rxbvm-clang-r5-profile-30-recorded-8,stdout,7,
timing-RexxCPS-rexxcps-rxbvm-clang-r5-profile-30-recorded-8,stdout,8,     Performance: 44423832 cREXX clauses per second
timing-RexxCPS-rexxcps-rxbvm-clang-r5-profile-30-recorded-8,stdout,9,
timing-RexxCPS-rexxcps-rxbvm-clang-r5-profile-30-recorded-8,stdout,10,PASS: RexxCPS 2.2d cREXX port
timing-RexxCPS-rexxcps-rxtvm-clang-r5-profile-30-recorded-8,stdout,1,----- REXXCPS 2.2d -- Measuring cREXX clauses/second -----
timing-RexxCPS-rexxcps-rxtvm-clang-r5-profile-30-recorded-8,stdout,2, cREXX version is: macOS 64 crexx-1.0.0-beta.3+local.g3ad9890c139c.dirty 20260810
timing-RexxCPS-rexxcps-rxtvm-clang-r5-profile-30-recorded-8,stdout,3,       System is: macOS
timing-RexxCPS-rexxcps-rxtvm-clang-r5-profile-30-recorded-8,stdout,4,REXXCPS-PROVENANCE contract=canonical-default argv_count=0 initial_count=100 averaging=100
timing-RexxCPS-rexxcps-rxtvm-clang-r5-profile-30-recorded-8,stdout,5,        Averaged: 500 x 100 iterations of 1000 clauses (over 1.1 s)
timing-RexxCPS-rexxcps-rxtvm-clang-r5-profile-30-recorded-8,stdout,6,REXXCPS-EFFECTIVE contract=canonical-default initial_count=100 effective_count=500 averaging=100 calibrated=1
timing-RexxCPS-rexxcps-rxtvm-clang-r5-profile-30-recorded-8,stdout,7,
timing-RexxCPS-rexxcps-rxtvm-clang-r5-profile-30-recorded-8,stdout,8,     Performance: 45668148 cREXX clauses per second
timing-RexxCPS-rexxcps-rxtvm-clang-r5-profile-30-recorded-8,stdout,9,
timing-RexxCPS-rexxcps-rxtvm-clang-r5-profile-30-recorded-8,stdout,10,PASS: RexxCPS 2.2d cREXX port
timing-RexxCPS-rexxcps-rxtvm-clang-r5-all-inline-recorded-9,stdout,1,----- REXXCPS 2.2d -- Measuring cREXX clauses/second -----
timing-RexxCPS-rexxcps-rxtvm-clang-r5-all-inline-recorded-9,stdout,2, cREXX version is: macOS 64 crexx-1.0.0-beta.3+local.g3ad9890c139c.dirty 20260810
timing-RexxCPS-rexxcps-rxtvm-clang-r5-all-inline-recorded-9,stdout,3,       System is: macOS
timing-RexxCPS-rexxcps-rxtvm-clang-r5-all-inline-recorded-9,stdout,4,REXXCPS-PROVENANCE contract=canonical-default argv_count=0 initial_count=100 averaging=100
timing-RexxCPS-rexxcps-rxtvm-clang-r5-all-inline-recorded-9,stdout,5,        Averaged: 500 x 100 iterations of 1000 clauses (over 1.1 s)
timing-RexxCPS-rexxcps-rxtvm-clang-r5-all-inline-recorded-9,stdout,6,REXXCPS-EFFECTIVE contract=canonical-default initial_count=100 effective_count=500 averaging=100 calibrated=1
timing-RexxCPS-rexxcps-rxtvm-clang-r5-all-inline-recorded-9,stdout,7,
timing-RexxCPS-rexxcps-rxtvm-clang-r5-all-inline-recorded-9,stdout,8,     Performance: 45331491 cREXX clauses per second
timing-RexxCPS-rexxcps-rxtvm-clang-r5-all-inline-recorded-9,stdout,9,
timing-RexxCPS-rexxcps-rxtvm-clang-r5-all-inline-recorded-9,stdout,10,PASS: RexxCPS 2.2d cREXX port
timing-RexxCPS-rexxcps-rxbvm-clang-r5-all-inline-recorded-9,stdout,1,----- REXXCPS 2.2d -- Measuring cREXX clauses/second -----
timing-RexxCPS-rexxcps-rxbvm-clang-r5-all-inline-recorded-9,stdout,2, cREXX version is: macOS 64 crexx-1.0.0-beta.3+local.g3ad9890c139c.dirty 20260810
timing-RexxCPS-rexxcps-rxbvm-clang-r5-all-inline-recorded-9,stdout,3,       System is: macOS
timing-RexxCPS-rexxcps-rxbvm-clang-r5-all-inline-recorded-9,stdout,4,REXXCPS-PROVENANCE contract=canonical-default argv_count=0 initial_count=100 averaging=100
timing-RexxCPS-rexxcps-rxbvm-clang-r5-all-inline-recorded-9,stdout,5,        Averaged: 500 x 100 iterations of 1000 clauses (over 1.1 s)
timing-RexxCPS-rexxcps-rxbvm-clang-r5-all-inline-recorded-9,stdout,6,REXXCPS-EFFECTIVE contract=canonical-default initial_count=100 effective_count=500 averaging=100 calibrated=1
timing-RexxCPS-rexxcps-rxbvm-clang-r5-all-inline-recorded-9,stdout,7,
timing-RexxCPS-rexxcps-rxbvm-clang-r5-all-inline-recorded-9,stdout,8,     Performance: 45518810 cREXX clauses per second
timing-RexxCPS-rexxcps-rxbvm-clang-r5-all-inline-recorded-9,stdout,9,
timing-RexxCPS-rexxcps-rxbvm-clang-r5-all-inline-recorded-9,stdout,10,PASS: RexxCPS 2.2d cREXX port
timing-RexxCPS-rexxcps-rxtvm-clang-r5-profile-15-recorded-9,stdout,1,----- REXXCPS 2.2d -- Measuring cREXX clauses/second -----
timing-RexxCPS-rexxcps-rxtvm-clang-r5-profile-15-recorded-9,stdout,2, cREXX version is: macOS 64 crexx-1.0.0-beta.3+local.g3ad9890c139c.dirty 20260810
timing-RexxCPS-rexxcps-rxtvm-clang-r5-profile-15-recorded-9,stdout,3,       System is: macOS
timing-RexxCPS-rexxcps-rxtvm-clang-r5-profile-15-recorded-9,stdout,4,REXXCPS-PROVENANCE contract=canonical-default argv_count=0 initial_count=100 averaging=100
timing-RexxCPS-rexxcps-rxtvm-clang-r5-profile-15-recorded-9,stdout,5,        Averaged: 500 x 100 iterations of 1000 clauses (over 1.1 s)
timing-RexxCPS-rexxcps-rxtvm-clang-r5-profile-15-recorded-9,stdout,6,REXXCPS-EFFECTIVE contract=canonical-default initial_count=100 effective_count=500 averaging=100 calibrated=1
timing-RexxCPS-rexxcps-rxtvm-clang-r5-profile-15-recorded-9,stdout,7,
timing-RexxCPS-rexxcps-rxtvm-clang-r5-profile-15-recorded-9,stdout,8,     Performance: 43915198 cREXX clauses per second
timing-RexxCPS-rexxcps-rxtvm-clang-r5-profile-15-recorded-9,stdout,9,
timing-RexxCPS-rexxcps-rxtvm-clang-r5-profile-15-recorded-9,stdout,10,PASS: RexxCPS 2.2d cREXX port
timing-RexxCPS-rexxcps-rxbvm-clang-r5-profile-15-recorded-9,stdout,1,----- REXXCPS 2.2d -- Measuring cREXX clauses/second -----
timing-RexxCPS-rexxcps-rxbvm-clang-r5-profile-15-recorded-9,stdout,2, cREXX version is: macOS 64 crexx-1.0.0-beta.3+local.g3ad9890c139c.dirty 20260810
timing-RexxCPS-rexxcps-rxbvm-clang-r5-profile-15-recorded-9,stdout,3,       System is: macOS
timing-RexxCPS-rexxcps-rxbvm-clang-r5-profile-15-recorded-9,stdout,4,REXXCPS-PROVENANCE contract=canonical-default argv_count=0 initial_count=100 averaging=100
timing-RexxCPS-rexxcps-rxbvm-clang-r5-profile-15-recorded-9,stdout,5,        Averaged: 500 x 100 iterations of 1000 clauses (over 1.2 s)
timing-RexxCPS-rexxcps-rxbvm-clang-r5-profile-15-recorded-9,stdout,6,REXXCPS-EFFECTIVE contract=canonical-default initial_count=100 effective_count=500 averaging=100 calibrated=1
timing-RexxCPS-rexxcps-rxbvm-clang-r5-profile-15-recorded-9,stdout,7,
timing-RexxCPS-rexxcps-rxbvm-clang-r5-profile-15-recorded-9,stdout,8,     Performance: 43236512 cREXX clauses per second
timing-RexxCPS-rexxcps-rxbvm-clang-r5-profile-15-recorded-9,stdout,9,
timing-RexxCPS-rexxcps-rxbvm-clang-r5-profile-15-recorded-9,stdout,10,PASS: RexxCPS 2.2d cREXX port
timing-RexxCPS-rexxcps-rxtvm-clang-r5-profile-20-recorded-9,stdout,1,----- REXXCPS 2.2d -- Measuring cREXX clauses/second -----
timing-RexxCPS-rexxcps-rxtvm-clang-r5-profile-20-recorded-9,stdout,2, cREXX version is: macOS 64 crexx-1.0.0-beta.3+local.g3ad9890c139c.dirty 20260810
timing-RexxCPS-rexxcps-rxtvm-clang-r5-profile-20-recorded-9,stdout,3,       System is: macOS
timing-RexxCPS-rexxcps-rxtvm-clang-r5-profile-20-recorded-9,stdout,4,REXXCPS-PROVENANCE contract=canonical-default argv_count=0 initial_count=100 averaging=100
timing-RexxCPS-rexxcps-rxtvm-clang-r5-profile-20-recorded-9,stdout,5,        Averaged: 500 x 100 iterations of 1000 clauses (over 1.1 s)
timing-RexxCPS-rexxcps-rxtvm-clang-r5-profile-20-recorded-9,stdout,6,REXXCPS-EFFECTIVE contract=canonical-default initial_count=100 effective_count=500 averaging=100 calibrated=1
timing-RexxCPS-rexxcps-rxtvm-clang-r5-profile-20-recorded-9,stdout,7,
timing-RexxCPS-rexxcps-rxtvm-clang-r5-profile-20-recorded-9,stdout,8,     Performance: 45962261 cREXX clauses per second
timing-RexxCPS-rexxcps-rxtvm-clang-r5-profile-20-recorded-9,stdout,9,
timing-RexxCPS-rexxcps-rxtvm-clang-r5-profile-20-recorded-9,stdout,10,PASS: RexxCPS 2.2d cREXX port
timing-RexxCPS-rexxcps-rxbvm-clang-r5-profile-20-recorded-9,stdout,1,----- REXXCPS 2.2d -- Measuring cREXX clauses/second -----
timing-RexxCPS-rexxcps-rxbvm-clang-r5-profile-20-recorded-9,stdout,2, cREXX version is: macOS 64 crexx-1.0.0-beta.3+local.g3ad9890c139c.dirty 20260810
timing-RexxCPS-rexxcps-rxbvm-clang-r5-profile-20-recorded-9,stdout,3,       System is: macOS
timing-RexxCPS-rexxcps-rxbvm-clang-r5-profile-20-recorded-9,stdout,4,REXXCPS-PROVENANCE contract=canonical-default argv_count=0 initial_count=100 averaging=100
timing-RexxCPS-rexxcps-rxbvm-clang-r5-profile-20-recorded-9,stdout,5,        Averaged: 500 x 100 iterations of 1000 clauses (over 1.1 s)
timing-RexxCPS-rexxcps-rxbvm-clang-r5-profile-20-recorded-9,stdout,6,REXXCPS-EFFECTIVE contract=canonical-default initial_count=100 effective_count=500 averaging=100 calibrated=1
timing-RexxCPS-rexxcps-rxbvm-clang-r5-profile-20-recorded-9,stdout,7,
timing-RexxCPS-rexxcps-rxbvm-clang-r5-profile-20-recorded-9,stdout,8,     Performance: 44695095 cREXX clauses per second
timing-RexxCPS-rexxcps-rxbvm-clang-r5-profile-20-recorded-9,stdout,9,
timing-RexxCPS-rexxcps-rxbvm-clang-r5-profile-20-recorded-9,stdout,10,PASS: RexxCPS 2.2d cREXX port
timing-RexxCPS-rexxcps-rxtvm-clang-r5-profile-30-recorded-9,stdout,1,----- REXXCPS 2.2d -- Measuring cREXX clauses/second -----
timing-RexxCPS-rexxcps-rxtvm-clang-r5-profile-30-recorded-9,stdout,2, cREXX version is: macOS 64 crexx-1.0.0-beta.3+local.g3ad9890c139c.dirty 20260810
timing-RexxCPS-rexxcps-rxtvm-clang-r5-profile-30-recorded-9,stdout,3,       System is: macOS
timing-RexxCPS-rexxcps-rxtvm-clang-r5-profile-30-recorded-9,stdout,4,REXXCPS-PROVENANCE contract=canonical-default argv_count=0 initial_count=100 averaging=100
timing-RexxCPS-rexxcps-rxtvm-clang-r5-profile-30-recorded-9,stdout,5,        Averaged: 500 x 100 iterations of 1000 clauses (over 1.1 s)
timing-RexxCPS-rexxcps-rxtvm-clang-r5-profile-30-recorded-9,stdout,6,REXXCPS-EFFECTIVE contract=canonical-default initial_count=100 effective_count=500 averaging=100 calibrated=1
timing-RexxCPS-rexxcps-rxtvm-clang-r5-profile-30-recorded-9,stdout,7,
timing-RexxCPS-rexxcps-rxtvm-clang-r5-profile-30-recorded-9,stdout,8,     Performance: 45269804 cREXX clauses per second
timing-RexxCPS-rexxcps-rxtvm-clang-r5-profile-30-recorded-9,stdout,9,
timing-RexxCPS-rexxcps-rxtvm-clang-r5-profile-30-recorded-9,stdout,10,PASS: RexxCPS 2.2d cREXX port
timing-RexxCPS-rexxcps-rxbvm-clang-r5-profile-30-recorded-9,stdout,1,----- REXXCPS 2.2d -- Measuring cREXX clauses/second -----
timing-RexxCPS-rexxcps-rxbvm-clang-r5-profile-30-recorded-9,stdout,2, cREXX version is: macOS 64 crexx-1.0.0-beta.3+local.g3ad9890c139c.dirty 20260810
timing-RexxCPS-rexxcps-rxbvm-clang-r5-profile-30-recorded-9,stdout,3,       System is: macOS
timing-RexxCPS-rexxcps-rxbvm-clang-r5-profile-30-recorded-9,stdout,4,REXXCPS-PROVENANCE contract=canonical-default argv_count=0 initial_count=100 averaging=100
timing-RexxCPS-rexxcps-rxbvm-clang-r5-profile-30-recorded-9,stdout,5,        Averaged: 500 x 100 iterations of 1000 clauses (over 1.1 s)
timing-RexxCPS-rexxcps-rxbvm-clang-r5-profile-30-recorded-9,stdout,6,REXXCPS-EFFECTIVE contract=canonical-default initial_count=100 effective_count=500 averaging=100 calibrated=1
timing-RexxCPS-rexxcps-rxbvm-clang-r5-profile-30-recorded-9,stdout,7,
timing-RexxCPS-rexxcps-rxbvm-clang-r5-profile-30-recorded-9,stdout,8,     Performance: 44678081 cREXX clauses per second
timing-RexxCPS-rexxcps-rxbvm-clang-r5-profile-30-recorded-9,stdout,9,
timing-RexxCPS-rexxcps-rxbvm-clang-r5-profile-30-recorded-9,stdout,10,PASS: RexxCPS 2.2d cREXX port
timing-RexxCPS-rexxcps-rxbvm-clang-r5-profile-30-recorded-10,stdout,1,----- REXXCPS 2.2d -- Measuring cREXX clauses/second -----
timing-RexxCPS-rexxcps-rxbvm-clang-r5-profile-30-recorded-10,stdout,2, cREXX version is: macOS 64 crexx-1.0.0-beta.3+local.g3ad9890c139c.dirty 20260810
timing-RexxCPS-rexxcps-rxbvm-clang-r5-profile-30-recorded-10,stdout,3,       System is: macOS
timing-RexxCPS-rexxcps-rxbvm-clang-r5-profile-30-recorded-10,stdout,4,REXXCPS-PROVENANCE contract=canonical-default argv_count=0 initial_count=100 averaging=100
timing-RexxCPS-rexxcps-rxbvm-clang-r5-profile-30-recorded-10,stdout,5,        Averaged: 500 x 100 iterations of 1000 clauses (over 1.1 s)
timing-RexxCPS-rexxcps-rxbvm-clang-r5-profile-30-recorded-10,stdout,6,REXXCPS-EFFECTIVE contract=canonical-default initial_count=100 effective_count=500 averaging=100 calibrated=1
timing-RexxCPS-rexxcps-rxbvm-clang-r5-profile-30-recorded-10,stdout,7,
timing-RexxCPS-rexxcps-rxbvm-clang-r5-profile-30-recorded-10,stdout,8,     Performance: 44836334 cREXX clauses per second
timing-RexxCPS-rexxcps-rxbvm-clang-r5-profile-30-recorded-10,stdout,9,
timing-RexxCPS-rexxcps-rxbvm-clang-r5-profile-30-recorded-10,stdout,10,PASS: RexxCPS 2.2d cREXX port
timing-RexxCPS-rexxcps-rxtvm-clang-r5-profile-30-recorded-10,stdout,1,----- REXXCPS 2.2d -- Measuring cREXX clauses/second -----
timing-RexxCPS-rexxcps-rxtvm-clang-r5-profile-30-recorded-10,stdout,2, cREXX version is: macOS 64 crexx-1.0.0-beta.3+local.g3ad9890c139c.dirty 20260810
timing-RexxCPS-rexxcps-rxtvm-clang-r5-profile-30-recorded-10,stdout,3,       System is: macOS
timing-RexxCPS-rexxcps-rxtvm-clang-r5-profile-30-recorded-10,stdout,4,REXXCPS-PROVENANCE contract=canonical-default argv_count=0 initial_count=100 averaging=100
timing-RexxCPS-rexxcps-rxtvm-clang-r5-profile-30-recorded-10,stdout,5,        Averaged: 500 x 100 iterations of 1000 clauses (over 1.1 s)
timing-RexxCPS-rexxcps-rxtvm-clang-r5-profile-30-recorded-10,stdout,6,REXXCPS-EFFECTIVE contract=canonical-default initial_count=100 effective_count=500 averaging=100 calibrated=1
timing-RexxCPS-rexxcps-rxtvm-clang-r5-profile-30-recorded-10,stdout,7,
timing-RexxCPS-rexxcps-rxtvm-clang-r5-profile-30-recorded-10,stdout,8,     Performance: 45144933 cREXX clauses per second
timing-RexxCPS-rexxcps-rxtvm-clang-r5-profile-30-recorded-10,stdout,9,
timing-RexxCPS-rexxcps-rxtvm-clang-r5-profile-30-recorded-10,stdout,10,PASS: RexxCPS 2.2d cREXX port
timing-RexxCPS-rexxcps-rxbvm-clang-r5-profile-20-recorded-10,stdout,1,----- REXXCPS 2.2d -- Measuring cREXX clauses/second -----
timing-RexxCPS-rexxcps-rxbvm-clang-r5-profile-20-recorded-10,stdout,2, cREXX version is: macOS 64 crexx-1.0.0-beta.3+local.g3ad9890c139c.dirty 20260810
timing-RexxCPS-rexxcps-rxbvm-clang-r5-profile-20-recorded-10,stdout,3,       System is: macOS
timing-RexxCPS-rexxcps-rxbvm-clang-r5-profile-20-recorded-10,stdout,4,REXXCPS-PROVENANCE contract=canonical-default argv_count=0 initial_count=100 averaging=100
timing-RexxCPS-rexxcps-rxbvm-clang-r5-profile-20-recorded-10,stdout,5,        Averaged: 500 x 100 iterations of 1000 clauses (over 1.1 s)
timing-RexxCPS-rexxcps-rxbvm-clang-r5-profile-20-recorded-10,stdout,6,REXXCPS-EFFECTIVE contract=canonical-default initial_count=100 effective_count=500 averaging=100 calibrated=1
timing-RexxCPS-rexxcps-rxbvm-clang-r5-profile-20-recorded-10,stdout,7,
timing-RexxCPS-rexxcps-rxbvm-clang-r5-profile-20-recorded-10,stdout,8,     Performance: 44519197 cREXX clauses per second
timing-RexxCPS-rexxcps-rxbvm-clang-r5-profile-20-recorded-10,stdout,9,
timing-RexxCPS-rexxcps-rxbvm-clang-r5-profile-20-recorded-10,stdout,10,PASS: RexxCPS 2.2d cREXX port
timing-RexxCPS-rexxcps-rxtvm-clang-r5-profile-20-recorded-10,stdout,1,----- REXXCPS 2.2d -- Measuring cREXX clauses/second -----
timing-RexxCPS-rexxcps-rxtvm-clang-r5-profile-20-recorded-10,stdout,2, cREXX version is: macOS 64 crexx-1.0.0-beta.3+local.g3ad9890c139c.dirty 20260810
timing-RexxCPS-rexxcps-rxtvm-clang-r5-profile-20-recorded-10,stdout,3,       System is: macOS
timing-RexxCPS-rexxcps-rxtvm-clang-r5-profile-20-recorded-10,stdout,4,REXXCPS-PROVENANCE contract=canonical-default argv_count=0 initial_count=100 averaging=100
timing-RexxCPS-rexxcps-rxtvm-clang-r5-profile-20-recorded-10,stdout,5,        Averaged: 500 x 100 iterations of 1000 clauses (over 1.1 s)
timing-RexxCPS-rexxcps-rxtvm-clang-r5-profile-20-recorded-10,stdout,6,REXXCPS-EFFECTIVE contract=canonical-default initial_count=100 effective_count=500 averaging=100 calibrated=1
timing-RexxCPS-rexxcps-rxtvm-clang-r5-profile-20-recorded-10,stdout,7,
timing-RexxCPS-rexxcps-rxtvm-clang-r5-profile-20-recorded-10,stdout,8,     Performance: 46139124 cREXX clauses per second
timing-RexxCPS-rexxcps-rxtvm-clang-r5-profile-20-recorded-10,stdout,9,
timing-RexxCPS-rexxcps-rxtvm-clang-r5-profile-20-recorded-10,stdout,10,PASS: RexxCPS 2.2d cREXX port
timing-RexxCPS-rexxcps-rxbvm-clang-r5-profile-15-recorded-10,stdout,1,----- REXXCPS 2.2d -- Measuring cREXX clauses/second -----
timing-RexxCPS-rexxcps-rxbvm-clang-r5-profile-15-recorded-10,stdout,2, cREXX version is: macOS 64 crexx-1.0.0-beta.3+local.g3ad9890c139c.dirty 20260810
timing-RexxCPS-rexxcps-rxbvm-clang-r5-profile-15-recorded-10,stdout,3,       System is: macOS
timing-RexxCPS-rexxcps-rxbvm-clang-r5-profile-15-recorded-10,stdout,4,REXXCPS-PROVENANCE contract=canonical-default argv_count=0 initial_count=100 averaging=100
timing-RexxCPS-rexxcps-rxbvm-clang-r5-profile-15-recorded-10,stdout,5,        Averaged: 500 x 100 iterations of 1000 clauses (over 1.2 s)
timing-RexxCPS-rexxcps-rxbvm-clang-r5-profile-15-recorded-10,stdout,6,REXXCPS-EFFECTIVE contract=canonical-default initial_count=100 effective_count=500 averaging=100 calibrated=1
timing-RexxCPS-rexxcps-rxbvm-clang-r5-profile-15-recorded-10,stdout,7,
timing-RexxCPS-rexxcps-rxbvm-clang-r5-profile-15-recorded-10,stdout,8,     Performance: 43404436 cREXX clauses per second
timing-RexxCPS-rexxcps-rxbvm-clang-r5-profile-15-recorded-10,stdout,9,
timing-RexxCPS-rexxcps-rxbvm-clang-r5-profile-15-recorded-10,stdout,10,PASS: RexxCPS 2.2d cREXX port
timing-RexxCPS-rexxcps-rxtvm-clang-r5-profile-15-recorded-10,stdout,1,----- REXXCPS 2.2d -- Measuring cREXX clauses/second -----
timing-RexxCPS-rexxcps-rxtvm-clang-r5-profile-15-recorded-10,stdout,2, cREXX version is: macOS 64 crexx-1.0.0-beta.3+local.g3ad9890c139c.dirty 20260810
timing-RexxCPS-rexxcps-rxtvm-clang-r5-profile-15-recorded-10,stdout,3,       System is: macOS
timing-RexxCPS-rexxcps-rxtvm-clang-r5-profile-15-recorded-10,stdout,4,REXXCPS-PROVENANCE contract=canonical-default argv_count=0 initial_count=100 averaging=100
timing-RexxCPS-rexxcps-rxtvm-clang-r5-profile-15-recorded-10,stdout,5,        Averaged: 500 x 100 iterations of 1000 clauses (over 1.1 s)
timing-RexxCPS-rexxcps-rxtvm-clang-r5-profile-15-recorded-10,stdout,6,REXXCPS-EFFECTIVE contract=canonical-default initial_count=100 effective_count=500 averaging=100 calibrated=1
timing-RexxCPS-rexxcps-rxtvm-clang-r5-profile-15-recorded-10,stdout,7,
timing-RexxCPS-rexxcps-rxtvm-clang-r5-profile-15-recorded-10,stdout,8,     Performance: 44006879 cREXX clauses per second
timing-RexxCPS-rexxcps-rxtvm-clang-r5-profile-15-recorded-10,stdout,9,
timing-RexxCPS-rexxcps-rxtvm-clang-r5-profile-15-recorded-10,stdout,10,PASS: RexxCPS 2.2d cREXX port
timing-RexxCPS-rexxcps-rxbvm-clang-r5-all-inline-recorded-10,stdout,1,----- REXXCPS 2.2d -- Measuring cREXX clauses/second -----
timing-RexxCPS-rexxcps-rxbvm-clang-r5-all-inline-recorded-10,stdout,2, cREXX version is: macOS 64 crexx-1.0.0-beta.3+local.g3ad9890c139c.dirty 20260810
timing-RexxCPS-rexxcps-rxbvm-clang-r5-all-inline-recorded-10,stdout,3,       System is: macOS
timing-RexxCPS-rexxcps-rxbvm-clang-r5-all-inline-recorded-10,stdout,4,REXXCPS-PROVENANCE contract=canonical-default argv_count=0 initial_count=100 averaging=100
timing-RexxCPS-rexxcps-rxbvm-clang-r5-all-inline-recorded-10,stdout,5,        Averaged: 500 x 100 iterations of 1000 clauses (over 1.1 s)
timing-RexxCPS-rexxcps-rxbvm-clang-r5-all-inline-recorded-10,stdout,6,REXXCPS-EFFECTIVE contract=canonical-default initial_count=100 effective_count=500 averaging=100 calibrated=1
timing-RexxCPS-rexxcps-rxbvm-clang-r5-all-inline-recorded-10,stdout,7,
timing-RexxCPS-rexxcps-rxbvm-clang-r5-all-inline-recorded-10,stdout,8,     Performance: 45094975 cREXX clauses per second
timing-RexxCPS-rexxcps-rxbvm-clang-r5-all-inline-recorded-10,stdout,9,
timing-RexxCPS-rexxcps-rxbvm-clang-r5-all-inline-recorded-10,stdout,10,PASS: RexxCPS 2.2d cREXX port
timing-RexxCPS-rexxcps-rxtvm-clang-r5-all-inline-recorded-10,stdout,1,----- REXXCPS 2.2d -- Measuring cREXX clauses/second -----
timing-RexxCPS-rexxcps-rxtvm-clang-r5-all-inline-recorded-10,stdout,2, cREXX version is: macOS 64 crexx-1.0.0-beta.3+local.g3ad9890c139c.dirty 20260810
timing-RexxCPS-rexxcps-rxtvm-clang-r5-all-inline-recorded-10,stdout,3,       System is: macOS
timing-RexxCPS-rexxcps-rxtvm-clang-r5-all-inline-recorded-10,stdout,4,REXXCPS-PROVENANCE contract=canonical-default argv_count=0 initial_count=100 averaging=100
timing-RexxCPS-rexxcps-rxtvm-clang-r5-all-inline-recorded-10,stdout,5,        Averaged: 500 x 100 iterations of 1000 clauses (over 1.1 s)
timing-RexxCPS-rexxcps-rxtvm-clang-r5-all-inline-recorded-10,stdout,6,REXXCPS-EFFECTIVE contract=canonical-default initial_count=100 effective_count=500 averaging=100 calibrated=1
timing-RexxCPS-rexxcps-rxtvm-clang-r5-all-inline-recorded-10,stdout,7,
timing-RexxCPS-rexxcps-rxtvm-clang-r5-all-inline-recorded-10,stdout,8,     Performance: 45830060 cREXX clauses per second
timing-RexxCPS-rexxcps-rxtvm-clang-r5-all-inline-recorded-10,stdout,9,
timing-RexxCPS-rexxcps-rxtvm-clang-r5-all-inline-recorded-10,stdout,10,PASS: RexxCPS 2.2d cREXX port
timing-RexxCPS-rexxcps-rxtvm-clang-r5-profile-15-recorded-11,stdout,1,----- REXXCPS 2.2d -- Measuring cREXX clauses/second -----
timing-RexxCPS-rexxcps-rxtvm-clang-r5-profile-15-recorded-11,stdout,2, cREXX version is: macOS 64 crexx-1.0.0-beta.3+local.g3ad9890c139c.dirty 20260810
timing-RexxCPS-rexxcps-rxtvm-clang-r5-profile-15-recorded-11,stdout,3,       System is: macOS
timing-RexxCPS-rexxcps-rxtvm-clang-r5-profile-15-recorded-11,stdout,4,REXXCPS-PROVENANCE contract=canonical-default argv_count=0 initial_count=100 averaging=100
timing-RexxCPS-rexxcps-rxtvm-clang-r5-profile-15-recorded-11,stdout,5,        Averaged: 500 x 100 iterations of 1000 clauses (over 1.1 s)
timing-RexxCPS-rexxcps-rxtvm-clang-r5-profile-15-recorded-11,stdout,6,REXXCPS-EFFECTIVE contract=canonical-default initial_count=100 effective_count=500 averaging=100 calibrated=1
timing-RexxCPS-rexxcps-rxtvm-clang-r5-profile-15-recorded-11,stdout,7,
timing-RexxCPS-rexxcps-rxtvm-clang-r5-profile-15-recorded-11,stdout,8,     Performance: 43866037 cREXX clauses per second
timing-RexxCPS-rexxcps-rxtvm-clang-r5-profile-15-recorded-11,stdout,9,
timing-RexxCPS-rexxcps-rxtvm-clang-r5-profile-15-recorded-11,stdout,10,PASS: RexxCPS 2.2d cREXX port
timing-RexxCPS-rexxcps-rxbvm-clang-r5-profile-15-recorded-11,stdout,1,----- REXXCPS 2.2d -- Measuring cREXX clauses/second -----
timing-RexxCPS-rexxcps-rxbvm-clang-r5-profile-15-recorded-11,stdout,2, cREXX version is: macOS 64 crexx-1.0.0-beta.3+local.g3ad9890c139c.dirty 20260810
timing-RexxCPS-rexxcps-rxbvm-clang-r5-profile-15-recorded-11,stdout,3,       System is: macOS
timing-RexxCPS-rexxcps-rxbvm-clang-r5-profile-15-recorded-11,stdout,4,REXXCPS-PROVENANCE contract=canonical-default argv_count=0 initial_count=100 averaging=100
timing-RexxCPS-rexxcps-rxbvm-clang-r5-profile-15-recorded-11,stdout,5,        Averaged: 500 x 100 iterations of 1000 clauses (over 1.2 s)
timing-RexxCPS-rexxcps-rxbvm-clang-r5-profile-15-recorded-11,stdout,6,REXXCPS-EFFECTIVE contract=canonical-default initial_count=100 effective_count=500 averaging=100 calibrated=1
timing-RexxCPS-rexxcps-rxbvm-clang-r5-profile-15-recorded-11,stdout,7,
timing-RexxCPS-rexxcps-rxbvm-clang-r5-profile-15-recorded-11,stdout,8,     Performance: 42957541 cREXX clauses per second
timing-RexxCPS-rexxcps-rxbvm-clang-r5-profile-15-recorded-11,stdout,9,
timing-RexxCPS-rexxcps-rxbvm-clang-r5-profile-15-recorded-11,stdout,10,PASS: RexxCPS 2.2d cREXX port
timing-RexxCPS-rexxcps-rxtvm-clang-r5-profile-20-recorded-11,stdout,1,----- REXXCPS 2.2d -- Measuring cREXX clauses/second -----
timing-RexxCPS-rexxcps-rxtvm-clang-r5-profile-20-recorded-11,stdout,2, cREXX version is: macOS 64 crexx-1.0.0-beta.3+local.g3ad9890c139c.dirty 20260810
timing-RexxCPS-rexxcps-rxtvm-clang-r5-profile-20-recorded-11,stdout,3,       System is: macOS
timing-RexxCPS-rexxcps-rxtvm-clang-r5-profile-20-recorded-11,stdout,4,REXXCPS-PROVENANCE contract=canonical-default argv_count=0 initial_count=100 averaging=100
timing-RexxCPS-rexxcps-rxtvm-clang-r5-profile-20-recorded-11,stdout,5,        Averaged: 500 x 100 iterations of 1000 clauses (over 1.1 s)
timing-RexxCPS-rexxcps-rxtvm-clang-r5-profile-20-recorded-11,stdout,6,REXXCPS-EFFECTIVE contract=canonical-default initial_count=100 effective_count=500 averaging=100 calibrated=1
timing-RexxCPS-rexxcps-rxtvm-clang-r5-profile-20-recorded-11,stdout,7,
timing-RexxCPS-rexxcps-rxtvm-clang-r5-profile-20-recorded-11,stdout,8,     Performance: 46193516 cREXX clauses per second
timing-RexxCPS-rexxcps-rxtvm-clang-r5-profile-20-recorded-11,stdout,9,
timing-RexxCPS-rexxcps-rxtvm-clang-r5-profile-20-recorded-11,stdout,10,PASS: RexxCPS 2.2d cREXX port
timing-RexxCPS-rexxcps-rxbvm-clang-r5-profile-20-recorded-11,stdout,1,----- REXXCPS 2.2d -- Measuring cREXX clauses/second -----
timing-RexxCPS-rexxcps-rxbvm-clang-r5-profile-20-recorded-11,stdout,2, cREXX version is: macOS 64 crexx-1.0.0-beta.3+local.g3ad9890c139c.dirty 20260810
timing-RexxCPS-rexxcps-rxbvm-clang-r5-profile-20-recorded-11,stdout,3,       System is: macOS
timing-RexxCPS-rexxcps-rxbvm-clang-r5-profile-20-recorded-11,stdout,4,REXXCPS-PROVENANCE contract=canonical-default argv_count=0 initial_count=100 averaging=100
timing-RexxCPS-rexxcps-rxbvm-clang-r5-profile-20-recorded-11,stdout,5,        Averaged: 500 x 100 iterations of 1000 clauses (over 1.1 s)
timing-RexxCPS-rexxcps-rxbvm-clang-r5-profile-20-recorded-11,stdout,6,REXXCPS-EFFECTIVE contract=canonical-default initial_count=100 effective_count=500 averaging=100 calibrated=1
timing-RexxCPS-rexxcps-rxbvm-clang-r5-profile-20-recorded-11,stdout,7,
timing-RexxCPS-rexxcps-rxbvm-clang-r5-profile-20-recorded-11,stdout,8,     Performance: 44775946 cREXX clauses per second
timing-RexxCPS-rexxcps-rxbvm-clang-r5-profile-20-recorded-11,stdout,9,
timing-RexxCPS-rexxcps-rxbvm-clang-r5-profile-20-recorded-11,stdout,10,PASS: RexxCPS 2.2d cREXX port
timing-RexxCPS-rexxcps-rxtvm-clang-r5-profile-30-recorded-11,stdout,1,----- REXXCPS 2.2d -- Measuring cREXX clauses/second -----
timing-RexxCPS-rexxcps-rxtvm-clang-r5-profile-30-recorded-11,stdout,2, cREXX version is: macOS 64 crexx-1.0.0-beta.3+local.g3ad9890c139c.dirty 20260810
timing-RexxCPS-rexxcps-rxtvm-clang-r5-profile-30-recorded-11,stdout,3,       System is: macOS
timing-RexxCPS-rexxcps-rxtvm-clang-r5-profile-30-recorded-11,stdout,4,REXXCPS-PROVENANCE contract=canonical-default argv_count=0 initial_count=100 averaging=100
timing-RexxCPS-rexxcps-rxtvm-clang-r5-profile-30-recorded-11,stdout,5,        Averaged: 500 x 100 iterations of 1000 clauses (over 1.1 s)
timing-RexxCPS-rexxcps-rxtvm-clang-r5-profile-30-recorded-11,stdout,6,REXXCPS-EFFECTIVE contract=canonical-default initial_count=100 effective_count=500 averaging=100 calibrated=1
timing-RexxCPS-rexxcps-rxtvm-clang-r5-profile-30-recorded-11,stdout,7,
timing-RexxCPS-rexxcps-rxtvm-clang-r5-profile-30-recorded-11,stdout,8,     Performance: 43715618 cREXX clauses per second
timing-RexxCPS-rexxcps-rxtvm-clang-r5-profile-30-recorded-11,stdout,9,
timing-RexxCPS-rexxcps-rxtvm-clang-r5-profile-30-recorded-11,stdout,10,PASS: RexxCPS 2.2d cREXX port
timing-RexxCPS-rexxcps-rxbvm-clang-r5-profile-30-recorded-11,stdout,1,----- REXXCPS 2.2d -- Measuring cREXX clauses/second -----
timing-RexxCPS-rexxcps-rxbvm-clang-r5-profile-30-recorded-11,stdout,2, cREXX version is: macOS 64 crexx-1.0.0-beta.3+local.g3ad9890c139c.dirty 20260810
timing-RexxCPS-rexxcps-rxbvm-clang-r5-profile-30-recorded-11,stdout,3,       System is: macOS
timing-RexxCPS-rexxcps-rxbvm-clang-r5-profile-30-recorded-11,stdout,4,REXXCPS-PROVENANCE contract=canonical-default argv_count=0 initial_count=100 averaging=100
timing-RexxCPS-rexxcps-rxbvm-clang-r5-profile-30-recorded-11,stdout,5,        Averaged: 500 x 100 iterations of 1000 clauses (over 1.1 s)
timing-RexxCPS-rexxcps-rxbvm-clang-r5-profile-30-recorded-11,stdout,6,REXXCPS-EFFECTIVE contract=canonical-default initial_count=100 effective_count=500 averaging=100 calibrated=1
timing-RexxCPS-rexxcps-rxbvm-clang-r5-profile-30-recorded-11,stdout,7,
timing-RexxCPS-rexxcps-rxbvm-clang-r5-profile-30-recorded-11,stdout,8,     Performance: 45677076 cREXX clauses per second
timing-RexxCPS-rexxcps-rxbvm-clang-r5-profile-30-recorded-11,stdout,9,
timing-RexxCPS-rexxcps-rxbvm-clang-r5-profile-30-recorded-11,stdout,10,PASS: RexxCPS 2.2d cREXX port
timing-RexxCPS-rexxcps-rxtvm-clang-r5-all-inline-recorded-11,stdout,1,----- REXXCPS 2.2d -- Measuring cREXX clauses/second -----
timing-RexxCPS-rexxcps-rxtvm-clang-r5-all-inline-recorded-11,stdout,2, cREXX version is: macOS 64 crexx-1.0.0-beta.3+local.g3ad9890c139c.dirty 20260810
timing-RexxCPS-rexxcps-rxtvm-clang-r5-all-inline-recorded-11,stdout,3,       System is: macOS
timing-RexxCPS-rexxcps-rxtvm-clang-r5-all-inline-recorded-11,stdout,4,REXXCPS-PROVENANCE contract=canonical-default argv_count=0 initial_count=100 averaging=100
timing-RexxCPS-rexxcps-rxtvm-clang-r5-all-inline-recorded-11,stdout,5,        Averaged: 500 x 100 iterations of 1000 clauses (over 1.1 s)
timing-RexxCPS-rexxcps-rxtvm-clang-r5-all-inline-recorded-11,stdout,6,REXXCPS-EFFECTIVE contract=canonical-default initial_count=100 effective_count=500 averaging=100 calibrated=1
timing-RexxCPS-rexxcps-rxtvm-clang-r5-all-inline-recorded-11,stdout,7,
timing-RexxCPS-rexxcps-rxtvm-clang-r5-all-inline-recorded-11,stdout,8,     Performance: 45790146 cREXX clauses per second
timing-RexxCPS-rexxcps-rxtvm-clang-r5-all-inline-recorded-11,stdout,9,
timing-RexxCPS-rexxcps-rxtvm-clang-r5-all-inline-recorded-11,stdout,10,PASS: RexxCPS 2.2d cREXX port
timing-RexxCPS-rexxcps-rxbvm-clang-r5-all-inline-recorded-11,stdout,1,----- REXXCPS 2.2d -- Measuring cREXX clauses/second -----
timing-RexxCPS-rexxcps-rxbvm-clang-r5-all-inline-recorded-11,stdout,2, cREXX version is: macOS 64 crexx-1.0.0-beta.3+local.g3ad9890c139c.dirty 20260810
timing-RexxCPS-rexxcps-rxbvm-clang-r5-all-inline-recorded-11,stdout,3,       System is: macOS
timing-RexxCPS-rexxcps-rxbvm-clang-r5-all-inline-recorded-11,stdout,4,REXXCPS-PROVENANCE contract=canonical-default argv_count=0 initial_count=100 averaging=100
timing-RexxCPS-rexxcps-rxbvm-clang-r5-all-inline-recorded-11,stdout,5,        Averaged: 500 x 100 iterations of 1000 clauses (over 1.1 s)
timing-RexxCPS-rexxcps-rxbvm-clang-r5-all-inline-recorded-11,stdout,6,REXXCPS-EFFECTIVE contract=canonical-default initial_count=100 effective_count=500 averaging=100 calibrated=1
timing-RexxCPS-rexxcps-rxbvm-clang-r5-all-inline-recorded-11,stdout,7,
timing-RexxCPS-rexxcps-rxbvm-clang-r5-all-inline-recorded-11,stdout,8,     Performance: 45208774 cREXX clauses per second
timing-RexxCPS-rexxcps-rxbvm-clang-r5-all-inline-recorded-11,stdout,9,
timing-RexxCPS-rexxcps-rxbvm-clang-r5-all-inline-recorded-11,stdout,10,PASS: RexxCPS 2.2d cREXX port
timing-RexxCPS-rexxcps-rxbvm-clang-r5-all-inline-recorded-12,stdout,1,----- REXXCPS 2.2d -- Measuring cREXX clauses/second -----
timing-RexxCPS-rexxcps-rxbvm-clang-r5-all-inline-recorded-12,stdout,2, cREXX version is: macOS 64 crexx-1.0.0-beta.3+local.g3ad9890c139c.dirty 20260810
timing-RexxCPS-rexxcps-rxbvm-clang-r5-all-inline-recorded-12,stdout,3,       System is: macOS
timing-RexxCPS-rexxcps-rxbvm-clang-r5-all-inline-recorded-12,stdout,4,REXXCPS-PROVENANCE contract=canonical-default argv_count=0 initial_count=100 averaging=100
timing-RexxCPS-rexxcps-rxbvm-clang-r5-all-inline-recorded-12,stdout,5,        Averaged: 500 x 100 iterations of 1000 clauses (over 1.1 s)
timing-RexxCPS-rexxcps-rxbvm-clang-r5-all-inline-recorded-12,stdout,6,REXXCPS-EFFECTIVE contract=canonical-default initial_count=100 effective_count=500 averaging=100 calibrated=1
timing-RexxCPS-rexxcps-rxbvm-clang-r5-all-inline-recorded-12,stdout,7,
timing-RexxCPS-rexxcps-rxbvm-clang-r5-all-inline-recorded-12,stdout,8,     Performance: 44471325 cREXX clauses per second
timing-RexxCPS-rexxcps-rxbvm-clang-r5-all-inline-recorded-12,stdout,9,
timing-RexxCPS-rexxcps-rxbvm-clang-r5-all-inline-recorded-12,stdout,10,PASS: RexxCPS 2.2d cREXX port
timing-RexxCPS-rexxcps-rxtvm-clang-r5-all-inline-recorded-12,stdout,1,----- REXXCPS 2.2d -- Measuring cREXX clauses/second -----
timing-RexxCPS-rexxcps-rxtvm-clang-r5-all-inline-recorded-12,stdout,2, cREXX version is: macOS 64 crexx-1.0.0-beta.3+local.g3ad9890c139c.dirty 20260810
timing-RexxCPS-rexxcps-rxtvm-clang-r5-all-inline-recorded-12,stdout,3,       System is: macOS
timing-RexxCPS-rexxcps-rxtvm-clang-r5-all-inline-recorded-12,stdout,4,REXXCPS-PROVENANCE contract=canonical-default argv_count=0 initial_count=100 averaging=100
timing-RexxCPS-rexxcps-rxtvm-clang-r5-all-inline-recorded-12,stdout,5,        Averaged: 500 x 100 iterations of 1000 clauses (over 1.1 s)
timing-RexxCPS-rexxcps-rxtvm-clang-r5-all-inline-recorded-12,stdout,6,REXXCPS-EFFECTIVE contract=canonical-default initial_count=100 effective_count=500 averaging=100 calibrated=1
timing-RexxCPS-rexxcps-rxtvm-clang-r5-all-inline-recorded-12,stdout,7,
timing-RexxCPS-rexxcps-rxtvm-clang-r5-all-inline-recorded-12,stdout,8,     Performance: 45960445 cREXX clauses per second
timing-RexxCPS-rexxcps-rxtvm-clang-r5-all-inline-recorded-12,stdout,9,
timing-RexxCPS-rexxcps-rxtvm-clang-r5-all-inline-recorded-12,stdout,10,PASS: RexxCPS 2.2d cREXX port
timing-RexxCPS-rexxcps-rxbvm-clang-r5-profile-30-recorded-12,stdout,1,----- REXXCPS 2.2d -- Measuring cREXX clauses/second -----
timing-RexxCPS-rexxcps-rxbvm-clang-r5-profile-30-recorded-12,stdout,2, cREXX version is: macOS 64 crexx-1.0.0-beta.3+local.g3ad9890c139c.dirty 20260810
timing-RexxCPS-rexxcps-rxbvm-clang-r5-profile-30-recorded-12,stdout,3,       System is: macOS
timing-RexxCPS-rexxcps-rxbvm-clang-r5-profile-30-recorded-12,stdout,4,REXXCPS-PROVENANCE contract=canonical-default argv_count=0 initial_count=100 averaging=100
timing-RexxCPS-rexxcps-rxbvm-clang-r5-profile-30-recorded-12,stdout,5,        Averaged: 500 x 100 iterations of 1000 clauses (over 1.1 s)
timing-RexxCPS-rexxcps-rxbvm-clang-r5-profile-30-recorded-12,stdout,6,REXXCPS-EFFECTIVE contract=canonical-default initial_count=100 effective_count=500 averaging=100 calibrated=1
timing-RexxCPS-rexxcps-rxbvm-clang-r5-profile-30-recorded-12,stdout,7,
timing-RexxCPS-rexxcps-rxbvm-clang-r5-profile-30-recorded-12,stdout,8,     Performance: 44991258 cREXX clauses per second
timing-RexxCPS-rexxcps-rxbvm-clang-r5-profile-30-recorded-12,stdout,9,
timing-RexxCPS-rexxcps-rxbvm-clang-r5-profile-30-recorded-12,stdout,10,PASS: RexxCPS 2.2d cREXX port
timing-RexxCPS-rexxcps-rxtvm-clang-r5-profile-30-recorded-12,stdout,1,----- REXXCPS 2.2d -- Measuring cREXX clauses/second -----
timing-RexxCPS-rexxcps-rxtvm-clang-r5-profile-30-recorded-12,stdout,2, cREXX version is: macOS 64 crexx-1.0.0-beta.3+local.g3ad9890c139c.dirty 20260810
timing-RexxCPS-rexxcps-rxtvm-clang-r5-profile-30-recorded-12,stdout,3,       System is: macOS
timing-RexxCPS-rexxcps-rxtvm-clang-r5-profile-30-recorded-12,stdout,4,REXXCPS-PROVENANCE contract=canonical-default argv_count=0 initial_count=100 averaging=100
timing-RexxCPS-rexxcps-rxtvm-clang-r5-profile-30-recorded-12,stdout,5,        Averaged: 500 x 100 iterations of 1000 clauses (over 1.1 s)
timing-RexxCPS-rexxcps-rxtvm-clang-r5-profile-30-recorded-12,stdout,6,REXXCPS-EFFECTIVE contract=canonical-default initial_count=100 effective_count=500 averaging=100 calibrated=1
timing-RexxCPS-rexxcps-rxtvm-clang-r5-profile-30-recorded-12,stdout,7,
timing-RexxCPS-rexxcps-rxtvm-clang-r5-profile-30-recorded-12,stdout,8,     Performance: 45441202 cREXX clauses per second
timing-RexxCPS-rexxcps-rxtvm-clang-r5-profile-30-recorded-12,stdout,9,
timing-RexxCPS-rexxcps-rxtvm-clang-r5-profile-30-recorded-12,stdout,10,PASS: RexxCPS 2.2d cREXX port
timing-RexxCPS-rexxcps-rxbvm-clang-r5-profile-20-recorded-12,stdout,1,----- REXXCPS 2.2d -- Measuring cREXX clauses/second -----
timing-RexxCPS-rexxcps-rxbvm-clang-r5-profile-20-recorded-12,stdout,2, cREXX version is: macOS 64 crexx-1.0.0-beta.3+local.g3ad9890c139c.dirty 20260810
timing-RexxCPS-rexxcps-rxbvm-clang-r5-profile-20-recorded-12,stdout,3,       System is: macOS
timing-RexxCPS-rexxcps-rxbvm-clang-r5-profile-20-recorded-12,stdout,4,REXXCPS-PROVENANCE contract=canonical-default argv_count=0 initial_count=100 averaging=100
timing-RexxCPS-rexxcps-rxbvm-clang-r5-profile-20-recorded-12,stdout,5,        Averaged: 500 x 100 iterations of 1000 clauses (over 1.1 s)
timing-RexxCPS-rexxcps-rxbvm-clang-r5-profile-20-recorded-12,stdout,6,REXXCPS-EFFECTIVE contract=canonical-default initial_count=100 effective_count=500 averaging=100 calibrated=1
timing-RexxCPS-rexxcps-rxbvm-clang-r5-profile-20-recorded-12,stdout,7,
timing-RexxCPS-rexxcps-rxbvm-clang-r5-profile-20-recorded-12,stdout,8,     Performance: 44995429 cREXX clauses per second
timing-RexxCPS-rexxcps-rxbvm-clang-r5-profile-20-recorded-12,stdout,9,
timing-RexxCPS-rexxcps-rxbvm-clang-r5-profile-20-recorded-12,stdout,10,PASS: RexxCPS 2.2d cREXX port
timing-RexxCPS-rexxcps-rxtvm-clang-r5-profile-20-recorded-12,stdout,1,----- REXXCPS 2.2d -- Measuring cREXX clauses/second -----
timing-RexxCPS-rexxcps-rxtvm-clang-r5-profile-20-recorded-12,stdout,2, cREXX version is: macOS 64 crexx-1.0.0-beta.3+local.g3ad9890c139c.dirty 20260810
timing-RexxCPS-rexxcps-rxtvm-clang-r5-profile-20-recorded-12,stdout,3,       System is: macOS
timing-RexxCPS-rexxcps-rxtvm-clang-r5-profile-20-recorded-12,stdout,4,REXXCPS-PROVENANCE contract=canonical-default argv_count=0 initial_count=100 averaging=100
timing-RexxCPS-rexxcps-rxtvm-clang-r5-profile-20-recorded-12,stdout,5,        Averaged: 500 x 100 iterations of 1000 clauses (over 1.1 s)
timing-RexxCPS-rexxcps-rxtvm-clang-r5-profile-20-recorded-12,stdout,6,REXXCPS-EFFECTIVE contract=canonical-default initial_count=100 effective_count=500 averaging=100 calibrated=1
timing-RexxCPS-rexxcps-rxtvm-clang-r5-profile-20-recorded-12,stdout,7,
timing-RexxCPS-rexxcps-rxtvm-clang-r5-profile-20-recorded-12,stdout,8,     Performance: 46010097 cREXX clauses per second
timing-RexxCPS-rexxcps-rxtvm-clang-r5-profile-20-recorded-12,stdout,9,
timing-RexxCPS-rexxcps-rxtvm-clang-r5-profile-20-recorded-12,stdout,10,PASS: RexxCPS 2.2d cREXX port
timing-RexxCPS-rexxcps-rxbvm-clang-r5-profile-15-recorded-12,stdout,1,----- REXXCPS 2.2d -- Measuring cREXX clauses/second -----
timing-RexxCPS-rexxcps-rxbvm-clang-r5-profile-15-recorded-12,stdout,2, cREXX version is: macOS 64 crexx-1.0.0-beta.3+local.g3ad9890c139c.dirty 20260810
timing-RexxCPS-rexxcps-rxbvm-clang-r5-profile-15-recorded-12,stdout,3,       System is: macOS
timing-RexxCPS-rexxcps-rxbvm-clang-r5-profile-15-recorded-12,stdout,4,REXXCPS-PROVENANCE contract=canonical-default argv_count=0 initial_count=100 averaging=100
timing-RexxCPS-rexxcps-rxbvm-clang-r5-profile-15-recorded-12,stdout,5,        Averaged: 500 x 100 iterations of 1000 clauses (over 1.2 s)
timing-RexxCPS-rexxcps-rxbvm-clang-r5-profile-15-recorded-12,stdout,6,REXXCPS-EFFECTIVE contract=canonical-default initial_count=100 effective_count=500 averaging=100 calibrated=1
timing-RexxCPS-rexxcps-rxbvm-clang-r5-profile-15-recorded-12,stdout,7,
timing-RexxCPS-rexxcps-rxbvm-clang-r5-profile-15-recorded-12,stdout,8,     Performance: 43236886 cREXX clauses per second
timing-RexxCPS-rexxcps-rxbvm-clang-r5-profile-15-recorded-12,stdout,9,
timing-RexxCPS-rexxcps-rxbvm-clang-r5-profile-15-recorded-12,stdout,10,PASS: RexxCPS 2.2d cREXX port
timing-RexxCPS-rexxcps-rxtvm-clang-r5-profile-15-recorded-12,stdout,1,----- REXXCPS 2.2d -- Measuring cREXX clauses/second -----
timing-RexxCPS-rexxcps-rxtvm-clang-r5-profile-15-recorded-12,stdout,2, cREXX version is: macOS 64 crexx-1.0.0-beta.3+local.g3ad9890c139c.dirty 20260810
timing-RexxCPS-rexxcps-rxtvm-clang-r5-profile-15-recorded-12,stdout,3,       System is: macOS
timing-RexxCPS-rexxcps-rxtvm-clang-r5-profile-15-recorded-12,stdout,4,REXXCPS-PROVENANCE contract=canonical-default argv_count=0 initial_count=100 averaging=100
timing-RexxCPS-rexxcps-rxtvm-clang-r5-profile-15-recorded-12,stdout,5,        Averaged: 500 x 100 iterations of 1000 clauses (over 1.1 s)
timing-RexxCPS-rexxcps-rxtvm-clang-r5-profile-15-recorded-12,stdout,6,REXXCPS-EFFECTIVE contract=canonical-default initial_count=100 effective_count=500 averaging=100 calibrated=1
timing-RexxCPS-rexxcps-rxtvm-clang-r5-profile-15-recorded-12,stdout,7,
timing-RexxCPS-rexxcps-rxtvm-clang-r5-profile-15-recorded-12,stdout,8,     Performance: 43988218 cREXX clauses per second
timing-RexxCPS-rexxcps-rxtvm-clang-r5-profile-15-recorded-12,stdout,9,
timing-RexxCPS-rexxcps-rxtvm-clang-r5-profile-15-recorded-12,stdout,10,PASS: RexxCPS 2.2d cREXX port
