entry,rank,name,metric,module,kind,count,total_ns,average_ns,completed,unwound,return_type,args,status
sieve-opt-retained-baseline-vm,1,awfy_sieve.main,elapsed,benchmark_awfy_sieve_opt,procedure,1,214832083,214832083,1,0,.int,,complete
sieve-opt-retained-baseline-vm,1,awfy_sieve.main,inclusive_body,benchmark_awfy_sieve_opt,procedure,1,214805458,214805458,1,0,.int,,complete
sieve-opt-retained-baseline-vm,1,awfy_sieve.main,self,benchmark_awfy_sieve_opt,procedure,1,214805458,214805458,1,0,.int,,complete
sieve-opt-retained-baseline-vm,1,awfy_sieve.main,native_child,benchmark_awfy_sieve_opt,procedure,1,0,0,1,0,.int,,complete
sieve-opt-retained-baseline-vm,1,awfy_sieve.main,entry_overhead,benchmark_awfy_sieve_opt,procedure,1,17917,17917,1,0,.int,,complete
sieve-opt-retained-baseline-vm,1,awfy_sieve.main,exit_overhead,benchmark_awfy_sieve_opt,procedure,1,8708,8708,1,0,.int,,complete
sieve-opt-retained-candidate-vm,1,awfy_sieve.main,elapsed,benchmark_awfy_sieve_opt,procedure,1,213258459,213258459,1,0,.int,,complete
sieve-opt-retained-candidate-vm,1,awfy_sieve.main,inclusive_body,benchmark_awfy_sieve_opt,procedure,1,213254750,213254750,1,0,.int,,complete
sieve-opt-retained-candidate-vm,1,awfy_sieve.main,self,benchmark_awfy_sieve_opt,procedure,1,213254750,213254750,1,0,.int,,complete
sieve-opt-retained-candidate-vm,1,awfy_sieve.main,native_child,benchmark_awfy_sieve_opt,procedure,1,0,0,1,0,.int,,complete
sieve-opt-retained-candidate-vm,1,awfy_sieve.main,entry_overhead,benchmark_awfy_sieve_opt,procedure,1,2375,2375,1,0,.int,,complete
sieve-opt-retained-candidate-vm,1,awfy_sieve.main,exit_overhead,benchmark_awfy_sieve_opt,procedure,1,1334,1334,1,0,.int,,complete
sieve-opt-stripped-baseline-vm,1,awfy_sieve.main,elapsed,benchmark_awfy_sieve_opt,procedure,1,256629125,256629125,1,0,.int,,complete
sieve-opt-stripped-baseline-vm,1,awfy_sieve.main,inclusive_body,benchmark_awfy_sieve_opt,procedure,1,256625208,256625208,1,0,.int,,complete
sieve-opt-stripped-baseline-vm,1,awfy_sieve.main,self,benchmark_awfy_sieve_opt,procedure,1,256625208,256625208,1,0,.int,,complete
sieve-opt-stripped-baseline-vm,1,awfy_sieve.main,native_child,benchmark_awfy_sieve_opt,procedure,1,0,0,1,0,.int,,complete
sieve-opt-stripped-baseline-vm,1,awfy_sieve.main,entry_overhead,benchmark_awfy_sieve_opt,procedure,1,2584,2584,1,0,.int,,complete
sieve-opt-stripped-baseline-vm,1,awfy_sieve.main,exit_overhead,benchmark_awfy_sieve_opt,procedure,1,1333,1333,1,0,.int,,complete
sieve-opt-stripped-candidate-vm,1,awfy_sieve.main,elapsed,benchmark_awfy_sieve_opt,procedure,1,217900292,217900292,1,0,.int,,complete
sieve-opt-stripped-candidate-vm,1,awfy_sieve.main,inclusive_body,benchmark_awfy_sieve_opt,procedure,1,217895666,217895666,1,0,.int,,complete
sieve-opt-stripped-candidate-vm,1,awfy_sieve.main,self,benchmark_awfy_sieve_opt,procedure,1,217895666,217895666,1,0,.int,,complete
sieve-opt-stripped-candidate-vm,1,awfy_sieve.main,native_child,benchmark_awfy_sieve_opt,procedure,1,0,0,1,0,.int,,complete
sieve-opt-stripped-candidate-vm,1,awfy_sieve.main,entry_overhead,benchmark_awfy_sieve_opt,procedure,1,3417,3417,1,0,.int,,complete
sieve-opt-stripped-candidate-vm,1,awfy_sieve.main,exit_overhead,benchmark_awfy_sieve_opt,procedure,1,1209,1209,1,0,.int,,complete
permute-opt-retained-baseline-vm,1,awfy_permute.permutebenchmark.permute,elapsed,benchmark_awfy_permute_opt,method,432950,3835586923,8859,432950,0,.void,n=.int,complete
permute-opt-retained-baseline-vm,1,awfy_permute.permutebenchmark.permute,inclusive_body,benchmark_awfy_permute_opt,method,432950,3739664995,8637,432950,0,.void,n=.int,complete
permute-opt-retained-baseline-vm,1,awfy_permute.permutebenchmark.permute,self,benchmark_awfy_permute_opt,method,432950,729500696,1684,432950,0,.void,n=.int,complete
permute-opt-retained-baseline-vm,1,awfy_permute.permutebenchmark.permute,native_child,benchmark_awfy_permute_opt,method,432950,0,0,432950,0,.void,n=.int,complete
permute-opt-retained-baseline-vm,1,awfy_permute.permutebenchmark.permute,entry_overhead,benchmark_awfy_permute_opt,method,432950,78979158,182,432950,0,.void,n=.int,complete
permute-opt-retained-baseline-vm,1,awfy_permute.permutebenchmark.permute,exit_overhead,benchmark_awfy_permute_opt,method,432950,16942770,39,432950,0,.void,n=.int,complete
permute-opt-retained-baseline-vm,2,awfy_permute.main,elapsed,benchmark_awfy_permute_opt,procedure,1,826235417,826235417,1,0,.int,,complete
permute-opt-retained-baseline-vm,2,awfy_permute.main,inclusive_body,benchmark_awfy_permute_opt,procedure,1,826231292,826231292,1,0,.int,,complete
permute-opt-retained-baseline-vm,2,awfy_permute.main,self,benchmark_awfy_permute_opt,procedure,1,808668,808668,1,0,.int,,complete
permute-opt-retained-baseline-vm,2,awfy_permute.main,native_child,benchmark_awfy_permute_opt,procedure,1,0,0,1,0,.int,,complete
permute-opt-retained-baseline-vm,2,awfy_permute.main,entry_overhead,benchmark_awfy_permute_opt,procedure,1,2333,2333,1,0,.int,,complete
permute-opt-retained-baseline-vm,2,awfy_permute.main,exit_overhead,benchmark_awfy_permute_opt,procedure,1,1792,1792,1,0,.int,,complete
permute-opt-retained-candidate-vm,1,awfy_permute.permutebenchmark.permute,elapsed,benchmark_awfy_permute_opt,method,432950,3837459461,8863,432950,0,.void,n=.int,complete
permute-opt-retained-candidate-vm,1,awfy_permute.permutebenchmark.permute,inclusive_body,benchmark_awfy_permute_opt,method,432950,3733757623,8623,432950,0,.void,n=.int,complete
permute-opt-retained-candidate-vm,1,awfy_permute.permutebenchmark.permute,self,benchmark_awfy_permute_opt,method,432950,719237763,1661,432950,0,.void,n=.int,complete
permute-opt-retained-candidate-vm,1,awfy_permute.permutebenchmark.permute,native_child,benchmark_awfy_permute_opt,method,432950,0,0,432950,0,.void,n=.int,complete
permute-opt-retained-candidate-vm,1,awfy_permute.permutebenchmark.permute,entry_overhead,benchmark_awfy_permute_opt,method,432950,83228324,192,432950,0,.void,n=.int,complete
permute-opt-retained-candidate-vm,1,awfy_permute.permutebenchmark.permute,exit_overhead,benchmark_awfy_permute_opt,method,432950,20473514,47,432950,0,.void,n=.int,complete
permute-opt-retained-candidate-vm,2,awfy_permute.main,elapsed,benchmark_awfy_permute_opt,procedure,1,823691458,823691458,1,0,.int,,complete
permute-opt-retained-candidate-vm,2,awfy_permute.main,inclusive_body,benchmark_awfy_permute_opt,procedure,1,823687625,823687625,1,0,.int,,complete
permute-opt-retained-candidate-vm,2,awfy_permute.main,self,benchmark_awfy_permute_opt,procedure,1,748024,748024,1,0,.int,,complete
permute-opt-retained-candidate-vm,2,awfy_permute.main,native_child,benchmark_awfy_permute_opt,procedure,1,0,0,1,0,.int,,complete
permute-opt-retained-candidate-vm,2,awfy_permute.main,entry_overhead,benchmark_awfy_permute_opt,procedure,1,2291,2291,1,0,.int,,complete
permute-opt-retained-candidate-vm,2,awfy_permute.main,exit_overhead,benchmark_awfy_permute_opt,procedure,1,1542,1542,1,0,.int,,complete
permute-opt-stripped-baseline-vm,1,awfy_permute.permutebenchmark.permute,elapsed,benchmark_awfy_permute_opt,method,432950,3855254530,8904,432950,0,.void,n=.int,complete
permute-opt-stripped-baseline-vm,1,awfy_permute.permutebenchmark.permute,inclusive_body,benchmark_awfy_permute_opt,method,432950,3762150442,8689,432950,0,.void,n=.int,complete
permute-opt-stripped-baseline-vm,1,awfy_permute.permutebenchmark.permute,self,benchmark_awfy_permute_opt,method,432950,737735412,1703,432950,0,.void,n=.int,complete
permute-opt-stripped-baseline-vm,1,awfy_permute.permutebenchmark.permute,native_child,benchmark_awfy_permute_opt,method,432950,0,0,432950,0,.void,n=.int,complete
permute-opt-stripped-baseline-vm,1,awfy_permute.permutebenchmark.permute,entry_overhead,benchmark_awfy_permute_opt,method,432950,76247460,176,432950,0,.void,n=.int,complete
permute-opt-stripped-baseline-vm,1,awfy_permute.permutebenchmark.permute,exit_overhead,benchmark_awfy_permute_opt,method,432950,16856628,38,432950,0,.void,n=.int,complete
permute-opt-stripped-baseline-vm,2,awfy_permute.main,elapsed,benchmark_awfy_permute_opt,procedure,1,831621250,831621250,1,0,.int,,complete
permute-opt-stripped-baseline-vm,2,awfy_permute.main,inclusive_body,benchmark_awfy_permute_opt,procedure,1,831617459,831617459,1,0,.int,,complete
permute-opt-stripped-baseline-vm,2,awfy_permute.main,self,benchmark_awfy_permute_opt,procedure,1,777959,777959,1,0,.int,,complete
permute-opt-stripped-baseline-vm,2,awfy_permute.main,native_child,benchmark_awfy_permute_opt,procedure,1,0,0,1,0,.int,,complete
permute-opt-stripped-baseline-vm,2,awfy_permute.main,entry_overhead,benchmark_awfy_permute_opt,procedure,1,2125,2125,1,0,.int,,complete
permute-opt-stripped-baseline-vm,2,awfy_permute.main,exit_overhead,benchmark_awfy_permute_opt,procedure,1,1666,1666,1,0,.int,,complete
permute-opt-stripped-candidate-vm,1,awfy_permute.permutebenchmark.permute,elapsed,benchmark_awfy_permute_opt,method,432950,3815277895,8812,432950,0,.void,n=.int,complete
permute-opt-stripped-candidate-vm,1,awfy_permute.permutebenchmark.permute,inclusive_body,benchmark_awfy_permute_opt,method,432950,3723014061,8599,432950,0,.void,n=.int,complete
permute-opt-stripped-candidate-vm,1,awfy_permute.permutebenchmark.permute,self,benchmark_awfy_permute_opt,method,432950,727588956,1680,432950,0,.void,n=.int,complete
permute-opt-stripped-candidate-vm,1,awfy_permute.permutebenchmark.permute,native_child,benchmark_awfy_permute_opt,method,432950,0,0,432950,0,.void,n=.int,complete
permute-opt-stripped-candidate-vm,1,awfy_permute.permutebenchmark.permute,entry_overhead,benchmark_awfy_permute_opt,method,432950,75724049,174,432950,0,.void,n=.int,complete
permute-opt-stripped-candidate-vm,1,awfy_permute.permutebenchmark.permute,exit_overhead,benchmark_awfy_permute_opt,method,432950,16539785,38,432950,0,.void,n=.int,complete
permute-opt-stripped-candidate-vm,2,awfy_permute.main,elapsed,benchmark_awfy_permute_opt,procedure,1,820625916,820625916,1,0,.int,,complete
permute-opt-stripped-candidate-vm,2,awfy_permute.main,inclusive_body,benchmark_awfy_permute_opt,procedure,1,820622041,820622041,1,0,.int,,complete
permute-opt-stripped-candidate-vm,2,awfy_permute.main,self,benchmark_awfy_permute_opt,procedure,1,769251,769251,1,0,.int,,complete
permute-opt-stripped-candidate-vm,2,awfy_permute.main,native_child,benchmark_awfy_permute_opt,procedure,1,0,0,1,0,.int,,complete
permute-opt-stripped-candidate-vm,2,awfy_permute.main,entry_overhead,benchmark_awfy_permute_opt,procedure,1,2375,2375,1,0,.int,,complete
permute-opt-stripped-candidate-vm,2,awfy_permute.main,exit_overhead,benchmark_awfy_permute_opt,procedure,1,1500,1500,1,0,.int,,complete
mandelbrot-opt-retained-baseline-vm,1,awfy_mandelbrot.main,elapsed,benchmark_awfy_mandelbrot_opt,procedure,1,3159649750,3159649750,1,0,.int,,complete
mandelbrot-opt-retained-baseline-vm,1,awfy_mandelbrot.main,inclusive_body,benchmark_awfy_mandelbrot_opt,procedure,1,3159645875,3159645875,1,0,.int,,complete
mandelbrot-opt-retained-baseline-vm,1,awfy_mandelbrot.main,self,benchmark_awfy_mandelbrot_opt,procedure,1,3159645875,3159645875,1,0,.int,,complete
mandelbrot-opt-retained-baseline-vm,1,awfy_mandelbrot.main,native_child,benchmark_awfy_mandelbrot_opt,procedure,1,0,0,1,0,.int,,complete
mandelbrot-opt-retained-baseline-vm,1,awfy_mandelbrot.main,entry_overhead,benchmark_awfy_mandelbrot_opt,procedure,1,2333,2333,1,0,.int,,complete
mandelbrot-opt-retained-baseline-vm,1,awfy_mandelbrot.main,exit_overhead,benchmark_awfy_mandelbrot_opt,procedure,1,1542,1542,1,0,.int,,complete
mandelbrot-opt-retained-candidate-vm,1,awfy_mandelbrot.main,elapsed,benchmark_awfy_mandelbrot_opt,procedure,1,3056525125,3056525125,1,0,.int,,complete
mandelbrot-opt-retained-candidate-vm,1,awfy_mandelbrot.main,inclusive_body,benchmark_awfy_mandelbrot_opt,procedure,1,3056521125,3056521125,1,0,.int,,complete
mandelbrot-opt-retained-candidate-vm,1,awfy_mandelbrot.main,self,benchmark_awfy_mandelbrot_opt,procedure,1,3056521125,3056521125,1,0,.int,,complete
mandelbrot-opt-retained-candidate-vm,1,awfy_mandelbrot.main,native_child,benchmark_awfy_mandelbrot_opt,procedure,1,0,0,1,0,.int,,complete
mandelbrot-opt-retained-candidate-vm,1,awfy_mandelbrot.main,entry_overhead,benchmark_awfy_mandelbrot_opt,procedure,1,2416,2416,1,0,.int,,complete
mandelbrot-opt-retained-candidate-vm,1,awfy_mandelbrot.main,exit_overhead,benchmark_awfy_mandelbrot_opt,procedure,1,1584,1584,1,0,.int,,complete
mandelbrot-opt-stripped-baseline-vm,1,awfy_mandelbrot.main,elapsed,benchmark_awfy_mandelbrot_opt,procedure,1,3053351292,3053351292,1,0,.int,,complete
mandelbrot-opt-stripped-baseline-vm,1,awfy_mandelbrot.main,inclusive_body,benchmark_awfy_mandelbrot_opt,procedure,1,3053347375,3053347375,1,0,.int,,complete
mandelbrot-opt-stripped-baseline-vm,1,awfy_mandelbrot.main,self,benchmark_awfy_mandelbrot_opt,procedure,1,3053347375,3053347375,1,0,.int,,complete
mandelbrot-opt-stripped-baseline-vm,1,awfy_mandelbrot.main,native_child,benchmark_awfy_mandelbrot_opt,procedure,1,0,0,1,0,.int,,complete
mandelbrot-opt-stripped-baseline-vm,1,awfy_mandelbrot.main,entry_overhead,benchmark_awfy_mandelbrot_opt,procedure,1,2292,2292,1,0,.int,,complete
mandelbrot-opt-stripped-baseline-vm,1,awfy_mandelbrot.main,exit_overhead,benchmark_awfy_mandelbrot_opt,procedure,1,1625,1625,1,0,.int,,complete
mandelbrot-opt-stripped-candidate-vm,1,awfy_mandelbrot.main,elapsed,benchmark_awfy_mandelbrot_opt,procedure,1,3162146750,3162146750,1,0,.int,,complete
mandelbrot-opt-stripped-candidate-vm,1,awfy_mandelbrot.main,inclusive_body,benchmark_awfy_mandelbrot_opt,procedure,1,3162142542,3162142542,1,0,.int,,complete
mandelbrot-opt-stripped-candidate-vm,1,awfy_mandelbrot.main,self,benchmark_awfy_mandelbrot_opt,procedure,1,3162142542,3162142542,1,0,.int,,complete
mandelbrot-opt-stripped-candidate-vm,1,awfy_mandelbrot.main,native_child,benchmark_awfy_mandelbrot_opt,procedure,1,0,0,1,0,.int,,complete
mandelbrot-opt-stripped-candidate-vm,1,awfy_mandelbrot.main,entry_overhead,benchmark_awfy_mandelbrot_opt,procedure,1,2458,2458,1,0,.int,,complete
mandelbrot-opt-stripped-candidate-vm,1,awfy_mandelbrot.main,exit_overhead,benchmark_awfy_mandelbrot_opt,procedure,1,1750,1750,1,0,.int,,complete
towers-opt-retained-baseline-vm,1,awfy_towers.towersbenchmark.movedisks,elapsed,benchmark_awfy_towers_opt,method,81900,11430467003,139566,81900,0,.void,"disks=.int,from_pile=.int,to_pile=.int",complete
towers-opt-retained-baseline-vm,1,awfy_towers.towersbenchmark.movedisks,inclusive_body,benchmark_awfy_towers_opt,method,81900,11405092256,139256,81900,0,.void,"disks=.int,from_pile=.int,to_pile=.int",complete
towers-opt-retained-baseline-vm,1,awfy_towers.towersbenchmark.movedisks,self,benchmark_awfy_towers_opt,method,81900,641015735,7826,81900,0,.void,"disks=.int,from_pile=.int,to_pile=.int",complete
towers-opt-retained-baseline-vm,1,awfy_towers.towersbenchmark.movedisks,native_child,benchmark_awfy_towers_opt,method,81900,0,0,81900,0,.void,"disks=.int,from_pile=.int,to_pile=.int",complete
towers-opt-retained-baseline-vm,1,awfy_towers.towersbenchmark.movedisks,entry_overhead,benchmark_awfy_towers_opt,method,81900,14667558,179,81900,0,.void,"disks=.int,from_pile=.int,to_pile=.int",complete
towers-opt-retained-baseline-vm,1,awfy_towers.towersbenchmark.movedisks,exit_overhead,benchmark_awfy_towers_opt,method,81900,10707189,130,81900,0,.void,"disks=.int,from_pile=.int,to_pile=.int",complete
towers-opt-retained-baseline-vm,2,awfy_towers.main,elapsed,benchmark_awfy_towers_opt,procedure,1,1044297625,1044297625,1,0,.int,,complete
towers-opt-retained-baseline-vm,2,awfy_towers.main,inclusive_body,benchmark_awfy_towers_opt,procedure,1,1044293458,1044293458,1,0,.int,,complete
towers-opt-retained-baseline-vm,2,awfy_towers.main,self,benchmark_awfy_towers_opt,procedure,1,436625,436625,1,0,.int,,complete
towers-opt-retained-baseline-vm,2,awfy_towers.main,native_child,benchmark_awfy_towers_opt,procedure,1,0,0,1,0,.int,,complete
towers-opt-retained-baseline-vm,2,awfy_towers.main,entry_overhead,benchmark_awfy_towers_opt,procedure,1,2500,2500,1,0,.int,,complete
towers-opt-retained-baseline-vm,2,awfy_towers.main,exit_overhead,benchmark_awfy_towers_opt,procedure,1,1667,1667,1,0,.int,,complete
towers-opt-retained-baseline-vm,3,awfy_towers.towersbenchmark.pushdisk,elapsed,benchmark_awfy_towers_opt,method,82050,377466351,4600,82050,0,.void,"disk=.towersdisk,pile=.int",complete
towers-opt-retained-baseline-vm,3,awfy_towers.towersbenchmark.pushdisk,inclusive_body,benchmark_awfy_towers_opt,method,82050,359441304,4380,82050,0,.void,"disk=.towersdisk,pile=.int",complete
towers-opt-retained-baseline-vm,3,awfy_towers.towersbenchmark.pushdisk,self,benchmark_awfy_towers_opt,method,82050,359441304,4380,82050,0,.void,"disk=.towersdisk,pile=.int",complete
towers-opt-retained-baseline-vm,3,awfy_towers.towersbenchmark.pushdisk,native_child,benchmark_awfy_towers_opt,method,82050,0,0,82050,0,.void,"disk=.towersdisk,pile=.int",complete
towers-opt-retained-baseline-vm,3,awfy_towers.towersbenchmark.pushdisk,entry_overhead,benchmark_awfy_towers_opt,method,82050,14737969,179,82050,0,.void,"disk=.towersdisk,pile=.int",complete
towers-opt-retained-baseline-vm,3,awfy_towers.towersbenchmark.pushdisk,exit_overhead,benchmark_awfy_towers_opt,method,82050,3287078,40,82050,0,.void,"disk=.towersdisk,pile=.int",complete
towers-opt-retained-candidate-vm,1,awfy_towers.towersbenchmark.movedisks,elapsed,benchmark_awfy_towers_opt,method,81900,12115149153,147926,81900,0,.void,"disks=.int,from_pile=.int,to_pile=.int",complete
towers-opt-retained-candidate-vm,1,awfy_towers.towersbenchmark.movedisks,inclusive_body,benchmark_awfy_towers_opt,method,81900,12095116332,147681,81900,0,.void,"disks=.int,from_pile=.int,to_pile=.int",complete
towers-opt-retained-candidate-vm,1,awfy_towers.towersbenchmark.movedisks,self,benchmark_awfy_towers_opt,method,81900,683493127,8345,81900,0,.void,"disks=.int,from_pile=.int,to_pile=.int",complete
towers-opt-retained-candidate-vm,1,awfy_towers.towersbenchmark.movedisks,native_child,benchmark_awfy_towers_opt,method,81900,0,0,81900,0,.void,"disks=.int,from_pile=.int,to_pile=.int",complete
towers-opt-retained-candidate-vm,1,awfy_towers.towersbenchmark.movedisks,entry_overhead,benchmark_awfy_towers_opt,method,81900,15695222,191,81900,0,.void,"disks=.int,from_pile=.int,to_pile=.int",complete
towers-opt-retained-candidate-vm,1,awfy_towers.towersbenchmark.movedisks,exit_overhead,benchmark_awfy_towers_opt,method,81900,4337599,52,81900,0,.void,"disks=.int,from_pile=.int,to_pile=.int",complete
towers-opt-retained-candidate-vm,2,awfy_towers.main,elapsed,benchmark_awfy_towers_opt,procedure,1,1105764542,1105764542,1,0,.int,,complete
towers-opt-retained-candidate-vm,2,awfy_towers.main,inclusive_body,benchmark_awfy_towers_opt,procedure,1,1105760250,1105760250,1,0,.int,,complete
towers-opt-retained-candidate-vm,2,awfy_towers.main,self,benchmark_awfy_towers_opt,procedure,1,732827,732827,1,0,.int,,complete
towers-opt-retained-candidate-vm,2,awfy_towers.main,native_child,benchmark_awfy_towers_opt,procedure,1,0,0,1,0,.int,,complete
towers-opt-retained-candidate-vm,2,awfy_towers.main,entry_overhead,benchmark_awfy_towers_opt,procedure,1,2792,2792,1,0,.int,,complete
towers-opt-retained-candidate-vm,2,awfy_towers.main,exit_overhead,benchmark_awfy_towers_opt,procedure,1,1500,1500,1,0,.int,,complete
towers-opt-retained-candidate-vm,3,awfy_towers.towersbenchmark.pushdisk,elapsed,benchmark_awfy_towers_opt,method,82050,401501475,4893,82050,0,.void,"disk=.towersdisk,pile=.int",complete
towers-opt-retained-candidate-vm,3,awfy_towers.towersbenchmark.pushdisk,inclusive_body,benchmark_awfy_towers_opt,method,82050,382233783,4658,82050,0,.void,"disk=.towersdisk,pile=.int",complete
towers-opt-retained-candidate-vm,3,awfy_towers.towersbenchmark.pushdisk,self,benchmark_awfy_towers_opt,method,82050,382233783,4658,82050,0,.void,"disk=.towersdisk,pile=.int",complete
towers-opt-retained-candidate-vm,3,awfy_towers.towersbenchmark.pushdisk,native_child,benchmark_awfy_towers_opt,method,82050,0,0,82050,0,.void,"disk=.towersdisk,pile=.int",complete
towers-opt-retained-candidate-vm,3,awfy_towers.towersbenchmark.pushdisk,entry_overhead,benchmark_awfy_towers_opt,method,82050,15673636,191,82050,0,.void,"disk=.towersdisk,pile=.int",complete
towers-opt-retained-candidate-vm,3,awfy_towers.towersbenchmark.pushdisk,exit_overhead,benchmark_awfy_towers_opt,method,82050,3594056,43,82050,0,.void,"disk=.towersdisk,pile=.int",complete
towers-opt-stripped-baseline-vm,1,awfy_towers.towersbenchmark.movedisks,elapsed,benchmark_awfy_towers_opt,method,81900,11925667926,145612,81900,0,.void,"disks=.int,from_pile=.int,to_pile=.int",complete
towers-opt-stripped-baseline-vm,1,awfy_towers.towersbenchmark.movedisks,inclusive_body,benchmark_awfy_towers_opt,method,81900,11906076305,145373,81900,0,.void,"disks=.int,from_pile=.int,to_pile=.int",complete
towers-opt-stripped-baseline-vm,1,awfy_towers.towersbenchmark.movedisks,self,benchmark_awfy_towers_opt,method,81900,672939118,8216,81900,0,.void,"disks=.int,from_pile=.int,to_pile=.int",complete
towers-opt-stripped-baseline-vm,1,awfy_towers.towersbenchmark.movedisks,native_child,benchmark_awfy_towers_opt,method,81900,0,0,81900,0,.void,"disks=.int,from_pile=.int,to_pile=.int",complete
towers-opt-stripped-baseline-vm,1,awfy_towers.towersbenchmark.movedisks,entry_overhead,benchmark_awfy_towers_opt,method,81900,15301094,186,81900,0,.void,"disks=.int,from_pile=.int,to_pile=.int",complete
towers-opt-stripped-baseline-vm,1,awfy_towers.towersbenchmark.movedisks,exit_overhead,benchmark_awfy_towers_opt,method,81900,4290527,52,81900,0,.void,"disks=.int,from_pile=.int,to_pile=.int",complete
towers-opt-stripped-baseline-vm,2,awfy_towers.main,elapsed,benchmark_awfy_towers_opt,procedure,1,1088333083,1088333083,1,0,.int,,complete
towers-opt-stripped-baseline-vm,2,awfy_towers.main,inclusive_body,benchmark_awfy_towers_opt,procedure,1,1088329000,1088329000,1,0,.int,,complete
towers-opt-stripped-baseline-vm,2,awfy_towers.main,self,benchmark_awfy_towers_opt,procedure,1,485335,485335,1,0,.int,,complete
towers-opt-stripped-baseline-vm,2,awfy_towers.main,native_child,benchmark_awfy_towers_opt,procedure,1,0,0,1,0,.int,,complete
towers-opt-stripped-baseline-vm,2,awfy_towers.main,entry_overhead,benchmark_awfy_towers_opt,procedure,1,2500,2500,1,0,.int,,complete
towers-opt-stripped-baseline-vm,2,awfy_towers.main,exit_overhead,benchmark_awfy_towers_opt,procedure,1,1583,1583,1,0,.int,,complete
towers-opt-stripped-baseline-vm,3,awfy_towers.towersbenchmark.pushdisk,elapsed,benchmark_awfy_towers_opt,method,82050,395312926,4817,82050,0,.void,"disk=.towersdisk,pile=.int",complete
towers-opt-stripped-baseline-vm,3,awfy_towers.towersbenchmark.pushdisk,inclusive_body,benchmark_awfy_towers_opt,method,82050,376285940,4586,82050,0,.void,"disk=.towersdisk,pile=.int",complete
towers-opt-stripped-baseline-vm,3,awfy_towers.towersbenchmark.pushdisk,self,benchmark_awfy_towers_opt,method,82050,376285940,4586,82050,0,.void,"disk=.towersdisk,pile=.int",complete
towers-opt-stripped-baseline-vm,3,awfy_towers.towersbenchmark.pushdisk,native_child,benchmark_awfy_towers_opt,method,82050,0,0,82050,0,.void,"disk=.towersdisk,pile=.int",complete
towers-opt-stripped-baseline-vm,3,awfy_towers.towersbenchmark.pushdisk,entry_overhead,benchmark_awfy_towers_opt,method,82050,15451786,188,82050,0,.void,"disk=.towersdisk,pile=.int",complete
towers-opt-stripped-baseline-vm,3,awfy_towers.towersbenchmark.pushdisk,exit_overhead,benchmark_awfy_towers_opt,method,82050,3575200,43,82050,0,.void,"disk=.towersdisk,pile=.int",complete
towers-opt-stripped-candidate-vm,1,awfy_towers.towersbenchmark.movedisks,elapsed,benchmark_awfy_towers_opt,method,81900,11845509836,144633,81900,0,.void,"disks=.int,from_pile=.int,to_pile=.int",complete
towers-opt-stripped-candidate-vm,1,awfy_towers.towersbenchmark.movedisks,inclusive_body,benchmark_awfy_towers_opt,method,81900,11826057355,144396,81900,0,.void,"disks=.int,from_pile=.int,to_pile=.int",complete
towers-opt-stripped-candidate-vm,1,awfy_towers.towersbenchmark.movedisks,self,benchmark_awfy_towers_opt,method,81900,669487037,8174,81900,0,.void,"disks=.int,from_pile=.int,to_pile=.int",complete
towers-opt-stripped-candidate-vm,1,awfy_towers.towersbenchmark.movedisks,native_child,benchmark_awfy_towers_opt,method,81900,0,0,81900,0,.void,"disks=.int,from_pile=.int,to_pile=.int",complete
towers-opt-stripped-candidate-vm,1,awfy_towers.towersbenchmark.movedisks,entry_overhead,benchmark_awfy_towers_opt,method,81900,15164236,185,81900,0,.void,"disks=.int,from_pile=.int,to_pile=.int",complete
towers-opt-stripped-candidate-vm,1,awfy_towers.towersbenchmark.movedisks,exit_overhead,benchmark_awfy_towers_opt,method,81900,4288245,52,81900,0,.void,"disks=.int,from_pile=.int,to_pile=.int",complete
towers-opt-stripped-candidate-vm,2,awfy_towers.main,elapsed,benchmark_awfy_towers_opt,procedure,1,1080373291,1080373291,1,0,.int,,complete
towers-opt-stripped-candidate-vm,2,awfy_towers.main,inclusive_body,benchmark_awfy_towers_opt,procedure,1,1080369167,1080369167,1,0,.int,,complete
towers-opt-stripped-candidate-vm,2,awfy_towers.main,self,benchmark_awfy_towers_opt,procedure,1,445291,445291,1,0,.int,,complete
towers-opt-stripped-candidate-vm,2,awfy_towers.main,native_child,benchmark_awfy_towers_opt,procedure,1,0,0,1,0,.int,,complete
towers-opt-stripped-candidate-vm,2,awfy_towers.main,entry_overhead,benchmark_awfy_towers_opt,procedure,1,2416,2416,1,0,.int,,complete
towers-opt-stripped-candidate-vm,2,awfy_towers.main,exit_overhead,benchmark_awfy_towers_opt,procedure,1,1708,1708,1,0,.int,,complete
towers-opt-stripped-candidate-vm,3,awfy_towers.towersbenchmark.pushdisk,elapsed,benchmark_awfy_towers_opt,method,82050,390984358,4765,82050,0,.void,"disk=.towersdisk,pile=.int",complete
towers-opt-stripped-candidate-vm,3,awfy_towers.towersbenchmark.pushdisk,inclusive_body,benchmark_awfy_towers_opt,method,82050,372303883,4537,82050,0,.void,"disk=.towersdisk,pile=.int",complete
towers-opt-stripped-candidate-vm,3,awfy_towers.towersbenchmark.pushdisk,self,benchmark_awfy_towers_opt,method,82050,372303883,4537,82050,0,.void,"disk=.towersdisk,pile=.int",complete
towers-opt-stripped-candidate-vm,3,awfy_towers.towersbenchmark.pushdisk,native_child,benchmark_awfy_towers_opt,method,82050,0,0,82050,0,.void,"disk=.towersdisk,pile=.int",complete
towers-opt-stripped-candidate-vm,3,awfy_towers.towersbenchmark.pushdisk,entry_overhead,benchmark_awfy_towers_opt,method,82050,15204546,185,82050,0,.void,"disk=.towersdisk,pile=.int",complete
towers-opt-stripped-candidate-vm,3,awfy_towers.towersbenchmark.pushdisk,exit_overhead,benchmark_awfy_towers_opt,method,82050,3475929,42,82050,0,.void,"disk=.towersdisk,pile=.int",complete
bounce-opt-retained-baseline-vm,1,awfy_bounce.main,elapsed,benchmark_awfy_bounce_opt,procedure,1,1106974833,1106974833,1,0,.int,,complete
bounce-opt-retained-baseline-vm,1,awfy_bounce.main,inclusive_body,benchmark_awfy_bounce_opt,procedure,1,1106970666,1106970666,1,0,.int,,complete
bounce-opt-retained-baseline-vm,1,awfy_bounce.main,self,benchmark_awfy_bounce_opt,procedure,1,147036,147036,1,0,.int,,complete
bounce-opt-retained-baseline-vm,1,awfy_bounce.main,native_child,benchmark_awfy_bounce_opt,procedure,1,0,0,1,0,.int,,complete
bounce-opt-retained-baseline-vm,1,awfy_bounce.main,entry_overhead,benchmark_awfy_bounce_opt,procedure,1,2500,2500,1,0,.int,,complete
bounce-opt-retained-baseline-vm,1,awfy_bounce.main,exit_overhead,benchmark_awfy_bounce_opt,procedure,1,1667,1667,1,0,.int,,complete
bounce-opt-retained-baseline-vm,2,awfy_bounce.bouncebenchmark.run,elapsed,benchmark_awfy_bounce_opt,method,100,1106823630,11068236,100,0,.int,,complete
bounce-opt-retained-baseline-vm,2,awfy_bounce.bouncebenchmark.run,inclusive_body,benchmark_awfy_bounce_opt,method,100,1106524047,11065240,100,0,.int,,complete
bounce-opt-retained-baseline-vm,2,awfy_bounce.bouncebenchmark.run,self,benchmark_awfy_bounce_opt,method,100,1079839975,10798399,100,0,.int,,complete
bounce-opt-retained-baseline-vm,2,awfy_bounce.bouncebenchmark.run,native_child,benchmark_awfy_bounce_opt,method,100,0,0,100,0,.int,,complete
bounce-opt-retained-baseline-vm,2,awfy_bounce.bouncebenchmark.run,entry_overhead,benchmark_awfy_bounce_opt,method,100,63706,637,100,0,.int,,complete
bounce-opt-retained-baseline-vm,2,awfy_bounce.bouncebenchmark.run,exit_overhead,benchmark_awfy_bounce_opt,method,100,235877,2358,100,0,.int,,complete
bounce-opt-retained-baseline-vm,3,awfy_bounce.bounceball.§factory,elapsed,benchmark_awfy_bounce_opt,factory,10000,26684072,2668,10000,0,.awfy_bounce..bounceball,random_ref=reference .awfyrandom,complete
bounce-opt-retained-baseline-vm,3,awfy_bounce.bounceball.§factory,inclusive_body,benchmark_awfy_bounce_opt,factory,10000,24252247,2425,10000,0,.awfy_bounce..bounceball,random_ref=reference .awfyrandom,complete
bounce-opt-retained-baseline-vm,3,awfy_bounce.bounceball.§factory,self,benchmark_awfy_bounce_opt,factory,10000,24252247,2425,10000,0,.awfy_bounce..bounceball,random_ref=reference .awfyrandom,complete
bounce-opt-retained-baseline-vm,3,awfy_bounce.bounceball.§factory,native_child,benchmark_awfy_bounce_opt,factory,10000,0,0,10000,0,.awfy_bounce..bounceball,random_ref=reference .awfyrandom,complete
bounce-opt-retained-baseline-vm,3,awfy_bounce.bounceball.§factory,entry_overhead,benchmark_awfy_bounce_opt,factory,10000,1367815,136,10000,0,.awfy_bounce..bounceball,random_ref=reference .awfyrandom,complete
bounce-opt-retained-baseline-vm,3,awfy_bounce.bounceball.§factory,exit_overhead,benchmark_awfy_bounce_opt,factory,10000,1064010,106,10000,0,.awfy_bounce..bounceball,random_ref=reference .awfyrandom,complete
bounce-opt-retained-candidate-vm,1,awfy_bounce.main,elapsed,benchmark_awfy_bounce_opt,procedure,1,1099080417,1099080417,1,0,.int,,complete
bounce-opt-retained-candidate-vm,1,awfy_bounce.main,inclusive_body,benchmark_awfy_bounce_opt,procedure,1,1099074458,1099074458,1,0,.int,,complete
bounce-opt-retained-candidate-vm,1,awfy_bounce.main,self,benchmark_awfy_bounce_opt,procedure,1,176500,176500,1,0,.int,,complete
bounce-opt-retained-candidate-vm,1,awfy_bounce.main,native_child,benchmark_awfy_bounce_opt,procedure,1,0,0,1,0,.int,,complete
bounce-opt-retained-candidate-vm,1,awfy_bounce.main,entry_overhead,benchmark_awfy_bounce_opt,procedure,1,4042,4042,1,0,.int,,complete
bounce-opt-retained-candidate-vm,1,awfy_bounce.main,exit_overhead,benchmark_awfy_bounce_opt,procedure,1,1917,1917,1,0,.int,,complete
bounce-opt-retained-candidate-vm,2,awfy_bounce.bouncebenchmark.run,elapsed,benchmark_awfy_bounce_opt,method,100,1098897958,10988979,100,0,.int,,complete
bounce-opt-retained-candidate-vm,2,awfy_bounce.bouncebenchmark.run,inclusive_body,benchmark_awfy_bounce_opt,method,100,1098623796,10986237,100,0,.int,,complete
bounce-opt-retained-candidate-vm,2,awfy_bounce.bouncebenchmark.run,self,benchmark_awfy_bounce_opt,method,100,1072082895,10720828,100,0,.int,,complete
bounce-opt-retained-candidate-vm,2,awfy_bounce.bouncebenchmark.run,native_child,benchmark_awfy_bounce_opt,method,100,0,0,100,0,.int,,complete
bounce-opt-retained-candidate-vm,2,awfy_bounce.bouncebenchmark.run,entry_overhead,benchmark_awfy_bounce_opt,method,100,64537,645,100,0,.int,,complete
bounce-opt-retained-candidate-vm,2,awfy_bounce.bouncebenchmark.run,exit_overhead,benchmark_awfy_bounce_opt,method,100,209625,2096,100,0,.int,,complete
bounce-opt-retained-candidate-vm,3,awfy_bounce.bounceball.§factory,elapsed,benchmark_awfy_bounce_opt,factory,10000,26540901,2654,10000,0,.awfy_bounce..bounceball,random_ref=reference .awfyrandom,complete
bounce-opt-retained-candidate-vm,3,awfy_bounce.bounceball.§factory,inclusive_body,benchmark_awfy_bounce_opt,factory,10000,24117679,2411,10000,0,.awfy_bounce..bounceball,random_ref=reference .awfyrandom,complete
bounce-opt-retained-candidate-vm,3,awfy_bounce.bounceball.§factory,self,benchmark_awfy_bounce_opt,factory,10000,24117679,2411,10000,0,.awfy_bounce..bounceball,random_ref=reference .awfyrandom,complete
bounce-opt-retained-candidate-vm,3,awfy_bounce.bounceball.§factory,native_child,benchmark_awfy_bounce_opt,factory,10000,0,0,10000,0,.awfy_bounce..bounceball,random_ref=reference .awfyrandom,complete
bounce-opt-retained-candidate-vm,3,awfy_bounce.bounceball.§factory,entry_overhead,benchmark_awfy_bounce_opt,factory,10000,1334628,133,10000,0,.awfy_bounce..bounceball,random_ref=reference .awfyrandom,complete
bounce-opt-retained-candidate-vm,3,awfy_bounce.bounceball.§factory,exit_overhead,benchmark_awfy_bounce_opt,factory,10000,1088594,108,10000,0,.awfy_bounce..bounceball,random_ref=reference .awfyrandom,complete
bounce-opt-stripped-baseline-vm,1,awfy_bounce.main,elapsed,benchmark_awfy_bounce_opt,procedure,1,1100886041,1100886041,1,0,.int,,complete
bounce-opt-stripped-baseline-vm,1,awfy_bounce.main,inclusive_body,benchmark_awfy_bounce_opt,procedure,1,1100880500,1100880500,1,0,.int,,complete
bounce-opt-stripped-baseline-vm,1,awfy_bounce.main,self,benchmark_awfy_bounce_opt,procedure,1,156875,156875,1,0,.int,,complete
bounce-opt-stripped-baseline-vm,1,awfy_bounce.main,native_child,benchmark_awfy_bounce_opt,procedure,1,0,0,1,0,.int,,complete
bounce-opt-stripped-baseline-vm,1,awfy_bounce.main,entry_overhead,benchmark_awfy_bounce_opt,procedure,1,4041,4041,1,0,.int,,complete
bounce-opt-stripped-baseline-vm,1,awfy_bounce.main,exit_overhead,benchmark_awfy_bounce_opt,procedure,1,1500,1500,1,0,.int,,complete
bounce-opt-stripped-baseline-vm,2,awfy_bounce.bouncebenchmark.run,elapsed,benchmark_awfy_bounce_opt,method,100,1100723625,11007236,100,0,.int,,complete
bounce-opt-stripped-baseline-vm,2,awfy_bounce.bouncebenchmark.run,inclusive_body,benchmark_awfy_bounce_opt,method,100,1100459918,11004599,100,0,.int,,complete
bounce-opt-stripped-baseline-vm,2,awfy_bounce.bouncebenchmark.run,self,benchmark_awfy_bounce_opt,method,100,1073491368,10734913,100,0,.int,,complete
bounce-opt-stripped-baseline-vm,2,awfy_bounce.bouncebenchmark.run,native_child,benchmark_awfy_bounce_opt,method,100,0,0,100,0,.int,,complete
bounce-opt-stripped-baseline-vm,2,awfy_bounce.bouncebenchmark.run,entry_overhead,benchmark_awfy_bounce_opt,method,100,45292,452,100,0,.int,,complete
bounce-opt-stripped-baseline-vm,2,awfy_bounce.bouncebenchmark.run,exit_overhead,benchmark_awfy_bounce_opt,method,100,218415,2184,100,0,.int,,complete
bounce-opt-stripped-baseline-vm,3,awfy_bounce.bounceball.§factory,elapsed,benchmark_awfy_bounce_opt,factory,10000,26968550,2696,10000,0,.awfy_bounce..bounceball,random_ref=reference .awfyrandom,complete
bounce-opt-stripped-baseline-vm,3,awfy_bounce.bounceball.§factory,inclusive_body,benchmark_awfy_bounce_opt,factory,10000,24499451,2449,10000,0,.awfy_bounce..bounceball,random_ref=reference .awfyrandom,complete
bounce-opt-stripped-baseline-vm,3,awfy_bounce.bounceball.§factory,self,benchmark_awfy_bounce_opt,factory,10000,24499451,2449,10000,0,.awfy_bounce..bounceball,random_ref=reference .awfyrandom,complete
bounce-opt-stripped-baseline-vm,3,awfy_bounce.bounceball.§factory,native_child,benchmark_awfy_bounce_opt,factory,10000,0,0,10000,0,.awfy_bounce..bounceball,random_ref=reference .awfyrandom,complete
bounce-opt-stripped-baseline-vm,3,awfy_bounce.bounceball.§factory,entry_overhead,benchmark_awfy_bounce_opt,factory,10000,1383102,138,10000,0,.awfy_bounce..bounceball,random_ref=reference .awfyrandom,complete
bounce-opt-stripped-baseline-vm,3,awfy_bounce.bounceball.§factory,exit_overhead,benchmark_awfy_bounce_opt,factory,10000,1085997,108,10000,0,.awfy_bounce..bounceball,random_ref=reference .awfyrandom,complete
bounce-opt-stripped-candidate-vm,1,awfy_bounce.main,elapsed,benchmark_awfy_bounce_opt,procedure,1,1123232542,1123232542,1,0,.int,,complete
bounce-opt-stripped-candidate-vm,1,awfy_bounce.main,inclusive_body,benchmark_awfy_bounce_opt,procedure,1,1123227958,1123227958,1,0,.int,,complete
bounce-opt-stripped-candidate-vm,1,awfy_bounce.main,self,benchmark_awfy_bounce_opt,procedure,1,159535,159535,1,0,.int,,complete
bounce-opt-stripped-candidate-vm,1,awfy_bounce.main,native_child,benchmark_awfy_bounce_opt,procedure,1,0,0,1,0,.int,,complete
bounce-opt-stripped-candidate-vm,1,awfy_bounce.main,entry_overhead,benchmark_awfy_bounce_opt,procedure,1,2917,2917,1,0,.int,,complete
bounce-opt-stripped-candidate-vm,1,awfy_bounce.main,exit_overhead,benchmark_awfy_bounce_opt,procedure,1,1667,1667,1,0,.int,,complete
bounce-opt-stripped-candidate-vm,2,awfy_bounce.bouncebenchmark.run,elapsed,benchmark_awfy_bounce_opt,method,100,1123068423,11230684,100,0,.int,,complete
bounce-opt-stripped-candidate-vm,2,awfy_bounce.bouncebenchmark.run,inclusive_body,benchmark_awfy_bounce_opt,method,100,1122799542,11227995,100,0,.int,,complete
bounce-opt-stripped-candidate-vm,2,awfy_bounce.bouncebenchmark.run,self,benchmark_awfy_bounce_opt,method,100,1095349270,10953492,100,0,.int,,complete
bounce-opt-stripped-candidate-vm,2,awfy_bounce.bouncebenchmark.run,native_child,benchmark_awfy_bounce_opt,method,100,0,0,100,0,.int,,complete
bounce-opt-stripped-candidate-vm,2,awfy_bounce.bouncebenchmark.run,entry_overhead,benchmark_awfy_bounce_opt,method,100,49796,497,100,0,.int,,complete
bounce-opt-stripped-candidate-vm,2,awfy_bounce.bouncebenchmark.run,exit_overhead,benchmark_awfy_bounce_opt,method,100,219085,2190,100,0,.int,,complete
bounce-opt-stripped-candidate-vm,3,awfy_bounce.bounceball.§factory,elapsed,benchmark_awfy_bounce_opt,factory,10000,27450272,2745,10000,0,.awfy_bounce..bounceball,random_ref=reference .awfyrandom,complete
bounce-opt-stripped-candidate-vm,3,awfy_bounce.bounceball.§factory,inclusive_body,benchmark_awfy_bounce_opt,factory,10000,24925958,2492,10000,0,.awfy_bounce..bounceball,random_ref=reference .awfyrandom,complete
bounce-opt-stripped-candidate-vm,3,awfy_bounce.bounceball.§factory,self,benchmark_awfy_bounce_opt,factory,10000,24925958,2492,10000,0,.awfy_bounce..bounceball,random_ref=reference .awfyrandom,complete
bounce-opt-stripped-candidate-vm,3,awfy_bounce.bounceball.§factory,native_child,benchmark_awfy_bounce_opt,factory,10000,0,0,10000,0,.awfy_bounce..bounceball,random_ref=reference .awfyrandom,complete
bounce-opt-stripped-candidate-vm,3,awfy_bounce.bounceball.§factory,entry_overhead,benchmark_awfy_bounce_opt,factory,10000,1394740,139,10000,0,.awfy_bounce..bounceball,random_ref=reference .awfyrandom,complete
bounce-opt-stripped-candidate-vm,3,awfy_bounce.bounceball.§factory,exit_overhead,benchmark_awfy_bounce_opt,factory,10000,1129574,112,10000,0,.awfy_bounce..bounceball,random_ref=reference .awfyrandom,complete
storage-opt-retained-baseline-vm,1,awfy_storage.storagebenchmark.buildtreedepth,elapsed,benchmark_awfy_storage_opt,method,54600,5034435863,92205,54600,0,.awfy_storage..storagenode,"depth=.int,random=.storagerandom",complete
storage-opt-retained-baseline-vm,1,awfy_storage.storagebenchmark.buildtreedepth,inclusive_body,benchmark_awfy_storage_opt,method,54600,4782691056,87595,54600,0,.awfy_storage..storagenode,"depth=.int,random=.storagerandom",complete
storage-opt-retained-baseline-vm,1,awfy_storage.storagebenchmark.buildtreedepth,self,benchmark_awfy_storage_opt,method,54600,801509979,14679,54600,0,.awfy_storage..storagenode,"depth=.int,random=.storagerandom",complete
storage-opt-retained-baseline-vm,1,awfy_storage.storagebenchmark.buildtreedepth,native_child,benchmark_awfy_storage_opt,method,54600,0,0,54600,0,.awfy_storage..storagenode,"depth=.int,random=.storagerandom",complete
storage-opt-retained-baseline-vm,1,awfy_storage.storagebenchmark.buildtreedepth,entry_overhead,benchmark_awfy_storage_opt,method,54600,8056393,147,54600,0,.awfy_storage..storagenode,"depth=.int,random=.storagerandom",complete
storage-opt-retained-baseline-vm,1,awfy_storage.storagebenchmark.buildtreedepth,exit_overhead,benchmark_awfy_storage_opt,method,54600,243688414,4463,54600,0,.awfy_storage..storagenode,"depth=.int,random=.storagerandom",complete
storage-opt-retained-baseline-vm,2,awfy_storage.main,elapsed,benchmark_awfy_storage_opt,procedure,1,2209644667,2209644667,1,0,.int,,complete
storage-opt-retained-baseline-vm,2,awfy_storage.main,inclusive_body,benchmark_awfy_storage_opt,procedure,1,2209640042,2209640042,1,0,.int,,complete
storage-opt-retained-baseline-vm,2,awfy_storage.main,self,benchmark_awfy_storage_opt,procedure,1,134211,134211,1,0,.int,,complete
storage-opt-retained-baseline-vm,2,awfy_storage.main,native_child,benchmark_awfy_storage_opt,procedure,1,0,0,1,0,.int,,complete
storage-opt-retained-baseline-vm,2,awfy_storage.main,entry_overhead,benchmark_awfy_storage_opt,procedure,1,2417,2417,1,0,.int,,complete
storage-opt-retained-baseline-vm,2,awfy_storage.main,exit_overhead,benchmark_awfy_storage_opt,procedure,1,2208,2208,1,0,.int,,complete
storage-opt-retained-baseline-vm,3,awfy_storage.storagebenchmark.run,elapsed,benchmark_awfy_storage_opt,method,10,2209505831,220950583,10,0,.int,,complete
storage-opt-retained-baseline-vm,3,awfy_storage.storagebenchmark.run,inclusive_body,benchmark_awfy_storage_opt,method,10,2209479543,220947954,10,0,.int,,complete
storage-opt-retained-baseline-vm,3,awfy_storage.storagebenchmark.run,self,benchmark_awfy_storage_opt,method,10,439072873,43907287,10,0,.int,,complete
storage-opt-retained-baseline-vm,3,awfy_storage.storagebenchmark.run,native_child,benchmark_awfy_storage_opt,method,10,0,0,10,0,.int,,complete
storage-opt-retained-baseline-vm,3,awfy_storage.storagebenchmark.run,entry_overhead,benchmark_awfy_storage_opt,method,10,14331,1433,10,0,.int,,complete
storage-opt-retained-baseline-vm,3,awfy_storage.storagebenchmark.run,exit_overhead,benchmark_awfy_storage_opt,method,10,11957,1195,10,0,.int,,complete
storage-opt-retained-baseline-vm,4,rxfnsb.objectarrayappend,elapsed,objectarrayappend,procedure,95560,686613002,7185,95560,0,.int,"expose array=.object[*],value=.object,?count=.int",complete
storage-opt-retained-baseline-vm,4,rxfnsb.objectarrayappend,inclusive_body,objectarrayappend,procedure,95560,666492587,6974,95560,0,.int,"expose array=.object[*],value=.object,?count=.int",complete
storage-opt-retained-baseline-vm,4,rxfnsb.objectarrayappend,self,objectarrayappend,procedure,95560,666492587,6974,95560,0,.int,"expose array=.object[*],value=.object,?count=.int",complete
storage-opt-retained-baseline-vm,4,rxfnsb.objectarrayappend,native_child,objectarrayappend,procedure,95560,0,0,95560,0,.int,"expose array=.object[*],value=.object,?count=.int",complete
storage-opt-retained-baseline-vm,4,rxfnsb.objectarrayappend,entry_overhead,objectarrayappend,procedure,95560,15470035,161,95560,0,.int,"expose array=.object[*],value=.object,?count=.int",complete
storage-opt-retained-baseline-vm,4,rxfnsb.objectarrayappend,exit_overhead,objectarrayappend,procedure,95560,4650380,48,95560,0,.int,"expose array=.object[*],value=.object,?count=.int",complete
storage-opt-retained-baseline-vm,5,awfy_storage.storagenode.allocateleaf,elapsed,benchmark_awfy_storage_opt,method,40960,127212277,3105,40960,0,.void,"leaf_size=.int,marker=.object",complete
storage-opt-retained-baseline-vm,5,awfy_storage.storagenode.allocateleaf,inclusive_body,benchmark_awfy_storage_opt,method,40960,119071094,2907,40960,0,.void,"leaf_size=.int,marker=.object",complete
storage-opt-retained-baseline-vm,5,awfy_storage.storagenode.allocateleaf,self,benchmark_awfy_storage_opt,method,40960,22397699,546,40960,0,.void,"leaf_size=.int,marker=.object",complete
storage-opt-retained-baseline-vm,5,awfy_storage.storagenode.allocateleaf,native_child,benchmark_awfy_storage_opt,method,40960,0,0,40960,0,.void,"leaf_size=.int,marker=.object",complete
storage-opt-retained-baseline-vm,5,awfy_storage.storagenode.allocateleaf,entry_overhead,benchmark_awfy_storage_opt,method,40960,6080899,148,40960,0,.void,"leaf_size=.int,marker=.object",complete
storage-opt-retained-baseline-vm,5,awfy_storage.storagenode.allocateleaf,exit_overhead,benchmark_awfy_storage_opt,method,40960,2060284,50,40960,0,.void,"leaf_size=.int,marker=.object",complete
storage-opt-retained-candidate-vm,1,awfy_storage.storagebenchmark.buildtreedepth,elapsed,benchmark_awfy_storage_opt,method,54600,4992055459,91429,54600,0,.awfy_storage..storagenode,"depth=.int,random=.storagerandom",complete
storage-opt-retained-candidate-vm,1,awfy_storage.storagebenchmark.buildtreedepth,inclusive_body,benchmark_awfy_storage_opt,method,54600,4742372647,86856,54600,0,.awfy_storage..storagenode,"depth=.int,random=.storagerandom",complete
storage-opt-retained-candidate-vm,1,awfy_storage.storagebenchmark.buildtreedepth,self,benchmark_awfy_storage_opt,method,54600,777756113,14244,54600,0,.awfy_storage..storagenode,"depth=.int,random=.storagerandom",complete
storage-opt-retained-candidate-vm,1,awfy_storage.storagebenchmark.buildtreedepth,native_child,benchmark_awfy_storage_opt,method,54600,0,0,54600,0,.awfy_storage..storagenode,"depth=.int,random=.storagerandom",complete
storage-opt-retained-candidate-vm,1,awfy_storage.storagebenchmark.buildtreedepth,entry_overhead,benchmark_awfy_storage_opt,method,54600,8323236,152,54600,0,.awfy_storage..storagenode,"depth=.int,random=.storagerandom",complete
storage-opt-retained-candidate-vm,1,awfy_storage.storagebenchmark.buildtreedepth,exit_overhead,benchmark_awfy_storage_opt,method,54600,241359576,4420,54600,0,.awfy_storage..storagenode,"depth=.int,random=.storagerandom",complete
storage-opt-retained-candidate-vm,2,awfy_storage.main,elapsed,benchmark_awfy_storage_opt,procedure,1,2191482750,2191482750,1,0,.int,,complete
storage-opt-retained-candidate-vm,2,awfy_storage.main,inclusive_body,benchmark_awfy_storage_opt,procedure,1,2191478958,2191478958,1,0,.int,,complete
storage-opt-retained-candidate-vm,2,awfy_storage.main,self,benchmark_awfy_storage_opt,procedure,1,107834,107834,1,0,.int,,complete
storage-opt-retained-candidate-vm,2,awfy_storage.main,native_child,benchmark_awfy_storage_opt,procedure,1,0,0,1,0,.int,,complete
storage-opt-retained-candidate-vm,2,awfy_storage.main,entry_overhead,benchmark_awfy_storage_opt,procedure,1,2375,2375,1,0,.int,,complete
storage-opt-retained-candidate-vm,2,awfy_storage.main,exit_overhead,benchmark_awfy_storage_opt,procedure,1,1417,1417,1,0,.int,,complete
storage-opt-retained-candidate-vm,3,awfy_storage.storagebenchmark.run,elapsed,benchmark_awfy_storage_opt,method,10,2191371124,219137112,10,0,.int,,complete
storage-opt-retained-candidate-vm,3,awfy_storage.storagebenchmark.run,inclusive_body,benchmark_awfy_storage_opt,method,10,2191342125,219134212,10,0,.int,,complete
storage-opt-retained-candidate-vm,3,awfy_storage.storagebenchmark.run,self,benchmark_awfy_storage_opt,method,10,439306962,43930696,10,0,.int,,complete
storage-opt-retained-candidate-vm,3,awfy_storage.storagebenchmark.run,native_child,benchmark_awfy_storage_opt,method,10,0,0,10,0,.int,,complete
storage-opt-retained-candidate-vm,3,awfy_storage.storagebenchmark.run,entry_overhead,benchmark_awfy_storage_opt,method,10,16792,1679,10,0,.int,,complete
storage-opt-retained-candidate-vm,3,awfy_storage.storagebenchmark.run,exit_overhead,benchmark_awfy_storage_opt,method,10,12207,1220,10,0,.int,,complete
storage-opt-retained-candidate-vm,4,rxfnsb.objectarrayappend,elapsed,objectarrayappend,procedure,95560,694771928,7270,95560,0,.int,"expose array=.object[*],value=.object,?count=.int",complete
storage-opt-retained-candidate-vm,4,rxfnsb.objectarrayappend,inclusive_body,objectarrayappend,procedure,95560,674604688,7059,95560,0,.int,"expose array=.object[*],value=.object,?count=.int",complete
storage-opt-retained-candidate-vm,4,rxfnsb.objectarrayappend,self,objectarrayappend,procedure,95560,674604688,7059,95560,0,.int,"expose array=.object[*],value=.object,?count=.int",complete
storage-opt-retained-candidate-vm,4,rxfnsb.objectarrayappend,native_child,objectarrayappend,procedure,95560,0,0,95560,0,.int,"expose array=.object[*],value=.object,?count=.int",complete
storage-opt-retained-candidate-vm,4,rxfnsb.objectarrayappend,entry_overhead,objectarrayappend,procedure,95560,15412582,161,95560,0,.int,"expose array=.object[*],value=.object,?count=.int",complete
storage-opt-retained-candidate-vm,4,rxfnsb.objectarrayappend,exit_overhead,objectarrayappend,procedure,95560,4754658,49,95560,0,.int,"expose array=.object[*],value=.object,?count=.int",complete
storage-opt-retained-candidate-vm,5,awfy_storage.storagenode.allocateleaf,elapsed,benchmark_awfy_storage_opt,method,40960,130713316,3191,40960,0,.void,"leaf_size=.int,marker=.object",complete
storage-opt-retained-candidate-vm,5,awfy_storage.storagenode.allocateleaf,inclusive_body,benchmark_awfy_storage_opt,method,40960,122760207,2997,40960,0,.void,"leaf_size=.int,marker=.object",complete
storage-opt-retained-candidate-vm,5,awfy_storage.storagenode.allocateleaf,self,benchmark_awfy_storage_opt,method,40960,21871201,533,40960,0,.void,"leaf_size=.int,marker=.object",complete
storage-opt-retained-candidate-vm,5,awfy_storage.storagenode.allocateleaf,native_child,benchmark_awfy_storage_opt,method,40960,0,0,40960,0,.void,"leaf_size=.int,marker=.object",complete
storage-opt-retained-candidate-vm,5,awfy_storage.storagenode.allocateleaf,entry_overhead,benchmark_awfy_storage_opt,method,40960,6221671,151,40960,0,.void,"leaf_size=.int,marker=.object",complete
storage-opt-retained-candidate-vm,5,awfy_storage.storagenode.allocateleaf,exit_overhead,benchmark_awfy_storage_opt,method,40960,1731438,42,40960,0,.void,"leaf_size=.int,marker=.object",complete
storage-opt-stripped-baseline-vm,1,awfy_storage.storagebenchmark.buildtreedepth,elapsed,benchmark_awfy_storage_opt,method,54600,5084404820,93120,54600,0,.awfy_storage..storagenode,"depth=.int,random=.storagerandom",complete
storage-opt-stripped-baseline-vm,1,awfy_storage.storagebenchmark.buildtreedepth,inclusive_body,benchmark_awfy_storage_opt,method,54600,4829783493,88457,54600,0,.awfy_storage..storagenode,"depth=.int,random=.storagerandom",complete
storage-opt-stripped-baseline-vm,1,awfy_storage.storagebenchmark.buildtreedepth,self,benchmark_awfy_storage_opt,method,54600,794561533,14552,54600,0,.awfy_storage..storagenode,"depth=.int,random=.storagerandom",complete
storage-opt-stripped-baseline-vm,1,awfy_storage.storagebenchmark.buildtreedepth,native_child,benchmark_awfy_storage_opt,method,54600,0,0,54600,0,.awfy_storage..storagenode,"depth=.int,random=.storagerandom",complete
storage-opt-stripped-baseline-vm,1,awfy_storage.storagebenchmark.buildtreedepth,entry_overhead,benchmark_awfy_storage_opt,method,54600,8669245,158,54600,0,.awfy_storage..storagenode,"depth=.int,random=.storagerandom",complete
storage-opt-stripped-baseline-vm,1,awfy_storage.storagebenchmark.buildtreedepth,exit_overhead,benchmark_awfy_storage_opt,method,54600,245952082,4504,54600,0,.awfy_storage..storagenode,"depth=.int,random=.storagerandom",complete
storage-opt-stripped-baseline-vm,2,awfy_storage.main,elapsed,benchmark_awfy_storage_opt,procedure,1,2235274709,2235274709,1,0,.int,,complete
storage-opt-stripped-baseline-vm,2,awfy_storage.main,inclusive_body,benchmark_awfy_storage_opt,procedure,1,2235137166,2235137166,1,0,.int,,complete
storage-opt-stripped-baseline-vm,2,awfy_storage.main,self,benchmark_awfy_storage_opt,procedure,1,2224748,2224748,1,0,.int,,complete
storage-opt-stripped-baseline-vm,2,awfy_storage.main,native_child,benchmark_awfy_storage_opt,procedure,1,0,0,1,0,.int,,complete
storage-opt-stripped-baseline-vm,2,awfy_storage.main,entry_overhead,benchmark_awfy_storage_opt,procedure,1,126584,126584,1,0,.int,,complete
storage-opt-stripped-baseline-vm,2,awfy_storage.main,exit_overhead,benchmark_awfy_storage_opt,procedure,1,10959,10959,1,0,.int,,complete
storage-opt-stripped-baseline-vm,3,awfy_storage.storagebenchmark.run,elapsed,benchmark_awfy_storage_opt,method,10,2232912418,223291241,10,0,.int,,complete
storage-opt-stripped-baseline-vm,3,awfy_storage.storagebenchmark.run,inclusive_body,benchmark_awfy_storage_opt,method,10,2232861584,223286158,10,0,.int,,complete
storage-opt-stripped-baseline-vm,3,awfy_storage.storagebenchmark.run,self,benchmark_awfy_storage_opt,method,10,455505542,45550554,10,0,.int,,complete
storage-opt-stripped-baseline-vm,3,awfy_storage.storagebenchmark.run,native_child,benchmark_awfy_storage_opt,method,10,0,0,10,0,.int,,complete
storage-opt-stripped-baseline-vm,3,awfy_storage.storagebenchmark.run,entry_overhead,benchmark_awfy_storage_opt,method,10,34042,3404,10,0,.int,,complete
storage-opt-stripped-baseline-vm,3,awfy_storage.storagebenchmark.run,exit_overhead,benchmark_awfy_storage_opt,method,10,16792,1679,10,0,.int,,complete
storage-opt-stripped-baseline-vm,4,rxfnsb.objectarrayappend,elapsed,objectarrayappend,procedure,95560,697331092,7297,95560,0,.int,"expose array=.object[*],value=.object,?count=.int",complete
storage-opt-stripped-baseline-vm,4,rxfnsb.objectarrayappend,inclusive_body,objectarrayappend,procedure,95560,676650078,7080,95560,0,.int,"expose array=.object[*],value=.object,?count=.int",complete
storage-opt-stripped-baseline-vm,4,rxfnsb.objectarrayappend,self,objectarrayappend,procedure,95560,676650078,7080,95560,0,.int,"expose array=.object[*],value=.object,?count=.int",complete
storage-opt-stripped-baseline-vm,4,rxfnsb.objectarrayappend,native_child,objectarrayappend,procedure,95560,0,0,95560,0,.int,"expose array=.object[*],value=.object,?count=.int",complete
storage-opt-stripped-baseline-vm,4,rxfnsb.objectarrayappend,entry_overhead,objectarrayappend,procedure,95560,15952718,166,95560,0,.int,"expose array=.object[*],value=.object,?count=.int",complete
storage-opt-stripped-baseline-vm,4,rxfnsb.objectarrayappend,exit_overhead,objectarrayappend,procedure,95560,4728296,49,95560,0,.int,"expose array=.object[*],value=.object,?count=.int",complete
storage-opt-stripped-baseline-vm,5,awfy_storage.storagenode.allocateleaf,elapsed,benchmark_awfy_storage_opt,method,40960,128905749,3147,40960,0,.void,"leaf_size=.int,marker=.object",complete
storage-opt-stripped-baseline-vm,5,awfy_storage.storagenode.allocateleaf,inclusive_body,benchmark_awfy_storage_opt,method,40960,120393784,2939,40960,0,.void,"leaf_size=.int,marker=.object",complete
storage-opt-stripped-baseline-vm,5,awfy_storage.storagenode.allocateleaf,self,benchmark_awfy_storage_opt,method,40960,22330125,545,40960,0,.void,"leaf_size=.int,marker=.object",complete
storage-opt-stripped-baseline-vm,5,awfy_storage.storagenode.allocateleaf,native_child,benchmark_awfy_storage_opt,method,40960,0,0,40960,0,.void,"leaf_size=.int,marker=.object",complete
storage-opt-stripped-baseline-vm,5,awfy_storage.storagenode.allocateleaf,entry_overhead,benchmark_awfy_storage_opt,method,40960,6427185,156,40960,0,.void,"leaf_size=.int,marker=.object",complete
storage-opt-stripped-baseline-vm,5,awfy_storage.storagenode.allocateleaf,exit_overhead,benchmark_awfy_storage_opt,method,40960,2084780,50,40960,0,.void,"leaf_size=.int,marker=.object",complete
storage-opt-stripped-candidate-vm,1,awfy_storage.storagebenchmark.buildtreedepth,elapsed,benchmark_awfy_storage_opt,method,54600,5386748376,98658,54600,0,.awfy_storage..storagenode,"depth=.int,random=.storagerandom",complete
storage-opt-stripped-candidate-vm,1,awfy_storage.storagebenchmark.buildtreedepth,inclusive_body,benchmark_awfy_storage_opt,method,54600,5117182461,93721,54600,0,.awfy_storage..storagenode,"depth=.int,random=.storagerandom",complete
storage-opt-stripped-candidate-vm,1,awfy_storage.storagebenchmark.buildtreedepth,self,benchmark_awfy_storage_opt,method,54600,859487369,15741,54600,0,.awfy_storage..storagenode,"depth=.int,random=.storagerandom",complete
storage-opt-stripped-candidate-vm,1,awfy_storage.storagebenchmark.buildtreedepth,native_child,benchmark_awfy_storage_opt,method,54600,0,0,54600,0,.awfy_storage..storagenode,"depth=.int,random=.storagerandom",complete
storage-opt-stripped-candidate-vm,1,awfy_storage.storagebenchmark.buildtreedepth,entry_overhead,benchmark_awfy_storage_opt,method,54600,8702058,159,54600,0,.awfy_storage..storagenode,"depth=.int,random=.storagerandom",complete
storage-opt-stripped-candidate-vm,1,awfy_storage.storagebenchmark.buildtreedepth,exit_overhead,benchmark_awfy_storage_opt,method,54600,260863857,4777,54600,0,.awfy_storage..storagenode,"depth=.int,random=.storagerandom",complete
storage-opt-stripped-candidate-vm,2,awfy_storage.main,elapsed,benchmark_awfy_storage_opt,procedure,1,2366566625,2366566625,1,0,.int,,complete
storage-opt-stripped-candidate-vm,2,awfy_storage.main,inclusive_body,benchmark_awfy_storage_opt,procedure,1,2366432667,2366432667,1,0,.int,,complete
storage-opt-stripped-candidate-vm,2,awfy_storage.main,self,benchmark_awfy_storage_opt,procedure,1,2128290,2128290,1,0,.int,,complete
storage-opt-stripped-candidate-vm,2,awfy_storage.main,native_child,benchmark_awfy_storage_opt,procedure,1,0,0,1,0,.int,,complete
storage-opt-stripped-candidate-vm,2,awfy_storage.main,entry_overhead,benchmark_awfy_storage_opt,procedure,1,122292,122292,1,0,.int,,complete
storage-opt-stripped-candidate-vm,2,awfy_storage.main,exit_overhead,benchmark_awfy_storage_opt,procedure,1,11666,11666,1,0,.int,,complete
storage-opt-stripped-candidate-vm,3,awfy_storage.storagebenchmark.run,elapsed,benchmark_awfy_storage_opt,method,10,2364304377,236430437,10,0,.int,,complete
storage-opt-stripped-candidate-vm,3,awfy_storage.storagebenchmark.run,inclusive_body,benchmark_awfy_storage_opt,method,10,2364266166,236426616,10,0,.int,,complete
storage-opt-stripped-candidate-vm,3,awfy_storage.storagebenchmark.run,self,benchmark_awfy_storage_opt,method,10,468926419,46892641,10,0,.int,,complete
storage-opt-stripped-candidate-vm,3,awfy_storage.storagebenchmark.run,native_child,benchmark_awfy_storage_opt,method,10,0,0,10,0,.int,,complete
storage-opt-stripped-candidate-vm,3,awfy_storage.storagebenchmark.run,entry_overhead,benchmark_awfy_storage_opt,method,10,24750,2475,10,0,.int,,complete
storage-opt-stripped-candidate-vm,3,awfy_storage.storagebenchmark.run,exit_overhead,benchmark_awfy_storage_opt,method,10,13461,1346,10,0,.int,,complete
storage-opt-stripped-candidate-vm,4,rxfnsb.objectarrayappend,elapsed,objectarrayappend,procedure,95560,734474612,7686,95560,0,.int,"expose array=.object[*],value=.object,?count=.int",complete
storage-opt-stripped-candidate-vm,4,rxfnsb.objectarrayappend,inclusive_body,objectarrayappend,procedure,95560,712805017,7459,95560,0,.int,"expose array=.object[*],value=.object,?count=.int",complete
storage-opt-stripped-candidate-vm,4,rxfnsb.objectarrayappend,self,objectarrayappend,procedure,95560,712805017,7459,95560,0,.int,"expose array=.object[*],value=.object,?count=.int",complete
storage-opt-stripped-candidate-vm,4,rxfnsb.objectarrayappend,native_child,objectarrayappend,procedure,95560,0,0,95560,0,.int,"expose array=.object[*],value=.object,?count=.int",complete
storage-opt-stripped-candidate-vm,4,rxfnsb.objectarrayappend,entry_overhead,objectarrayappend,procedure,95560,16684043,174,95560,0,.int,"expose array=.object[*],value=.object,?count=.int",complete
storage-opt-stripped-candidate-vm,4,rxfnsb.objectarrayappend,exit_overhead,objectarrayappend,procedure,95560,4985552,52,95560,0,.int,"expose array=.object[*],value=.object,?count=.int",complete
storage-opt-stripped-candidate-vm,5,awfy_storage.storagenode.allocateleaf,elapsed,benchmark_awfy_storage_opt,method,40960,136857349,3341,40960,0,.void,"leaf_size=.int,marker=.object",complete
storage-opt-stripped-candidate-vm,5,awfy_storage.storagenode.allocateleaf,inclusive_body,benchmark_awfy_storage_opt,method,40960,128220542,3130,40960,0,.void,"leaf_size=.int,marker=.object",complete
storage-opt-stripped-candidate-vm,5,awfy_storage.storagenode.allocateleaf,self,benchmark_awfy_storage_opt,method,40960,23175044,565,40960,0,.void,"leaf_size=.int,marker=.object",complete
storage-opt-stripped-candidate-vm,5,awfy_storage.storagenode.allocateleaf,native_child,benchmark_awfy_storage_opt,method,40960,0,0,40960,0,.void,"leaf_size=.int,marker=.object",complete
storage-opt-stripped-candidate-vm,5,awfy_storage.storagenode.allocateleaf,entry_overhead,benchmark_awfy_storage_opt,method,40960,6451814,157,40960,0,.void,"leaf_size=.int,marker=.object",complete
storage-opt-stripped-candidate-vm,5,awfy_storage.storagenode.allocateleaf,exit_overhead,benchmark_awfy_storage_opt,method,40960,2184993,53,40960,0,.void,"leaf_size=.int,marker=.object",complete
list-opt-retained-baseline-vm,1,awfy_list.listbenchmark.tail,elapsed,benchmark_awfy_list_opt,method,280900,29224915150,104040,280900,0,reference .listelement,"x=reference .listelement,y=reference .listelement,z=reference .listelement",complete
list-opt-retained-baseline-vm,1,awfy_list.listbenchmark.tail,inclusive_body,benchmark_awfy_list_opt,method,280900,29158903569,103805,280900,0,reference .listelement,"x=reference .listelement,y=reference .listelement,z=reference .listelement",complete
list-opt-retained-baseline-vm,1,awfy_list.listbenchmark.tail,self,benchmark_awfy_list_opt,method,280900,319117216,1136,280900,0,reference .listelement,"x=reference .listelement,y=reference .listelement,z=reference .listelement",complete
list-opt-retained-baseline-vm,1,awfy_list.listbenchmark.tail,native_child,benchmark_awfy_list_opt,method,280900,0,0,280900,0,reference .listelement,"x=reference .listelement,y=reference .listelement,z=reference .listelement",complete
list-opt-retained-baseline-vm,1,awfy_list.listbenchmark.tail,entry_overhead,benchmark_awfy_list_opt,method,280900,50101061,178,280900,0,reference .listelement,"x=reference .listelement,y=reference .listelement,z=reference .listelement",complete
list-opt-retained-baseline-vm,1,awfy_list.listbenchmark.tail,exit_overhead,benchmark_awfy_list_opt,method,280900,15910520,56,280900,0,reference .listelement,"x=reference .listelement,y=reference .listelement,z=reference .listelement",complete
list-opt-retained-baseline-vm,2,awfy_list.main,elapsed,benchmark_awfy_list_opt,procedure,1,2901555667,2901555667,1,0,.int,,complete
list-opt-retained-baseline-vm,2,awfy_list.main,inclusive_body,benchmark_awfy_list_opt,procedure,1,2901551541,2901551541,1,0,.int,,complete
list-opt-retained-baseline-vm,2,awfy_list.main,self,benchmark_awfy_list_opt,procedure,1,184572,184572,1,0,.int,,complete
list-opt-retained-baseline-vm,2,awfy_list.main,native_child,benchmark_awfy_list_opt,procedure,1,0,0,1,0,.int,,complete
list-opt-retained-baseline-vm,2,awfy_list.main,entry_overhead,benchmark_awfy_list_opt,procedure,1,2917,2917,1,0,.int,,complete
list-opt-retained-baseline-vm,2,awfy_list.main,exit_overhead,benchmark_awfy_list_opt,procedure,1,1209,1209,1,0,.int,,complete
list-opt-retained-baseline-vm,3,awfy_list.listbenchmark.run,elapsed,benchmark_awfy_list_opt,method,100,2901366969,29013669,100,0,.int,,complete
list-opt-retained-baseline-vm,3,awfy_list.listbenchmark.run,inclusive_body,benchmark_awfy_list_opt,method,100,2901193913,29011939,100,0,.int,,complete
list-opt-retained-baseline-vm,3,awfy_list.listbenchmark.run,self,benchmark_awfy_list_opt,method,100,515283,5152,100,0,.int,,complete
list-opt-retained-baseline-vm,3,awfy_list.listbenchmark.run,native_child,benchmark_awfy_list_opt,method,100,0,0,100,0,.int,,complete
list-opt-retained-baseline-vm,3,awfy_list.listbenchmark.run,entry_overhead,benchmark_awfy_list_opt,method,100,36259,362,100,0,.int,,complete
list-opt-retained-baseline-vm,3,awfy_list.listbenchmark.run,exit_overhead,benchmark_awfy_list_opt,method,100,136797,1367,100,0,.int,,complete
list-opt-retained-baseline-vm,4,awfy_list.listbenchmark.isshorterthan,elapsed,benchmark_awfy_list_opt,method,280900,2422053428,8622,280900,0,.boolean,"x=reference .listelement,y=reference .listelement",complete
list-opt-retained-baseline-vm,4,awfy_list.listbenchmark.isshorterthan,inclusive_body,benchmark_awfy_list_opt,method,280900,2351895845,8372,280900,0,.boolean,"x=reference .listelement,y=reference .listelement",complete
list-opt-retained-baseline-vm,4,awfy_list.listbenchmark.isshorterthan,self,benchmark_awfy_list_opt,method,280900,1051687332,3743,280900,0,.boolean,"x=reference .listelement,y=reference .listelement",complete
list-opt-retained-baseline-vm,4,awfy_list.listbenchmark.isshorterthan,native_child,benchmark_awfy_list_opt,method,280900,0,0,280900,0,.boolean,"x=reference .listelement,y=reference .listelement",complete
list-opt-retained-baseline-vm,4,awfy_list.listbenchmark.isshorterthan,entry_overhead,benchmark_awfy_list_opt,method,280900,57276702,203,280900,0,.boolean,"x=reference .listelement,y=reference .listelement",complete
list-opt-retained-baseline-vm,4,awfy_list.listbenchmark.isshorterthan,exit_overhead,benchmark_awfy_list_opt,method,280900,12880881,45,280900,0,.boolean,"x=reference .listelement,y=reference .listelement",complete
list-opt-retained-baseline-vm,5,awfy_list.listelement.next,elapsed,benchmark_awfy_list_opt,method,3820600,1380521492,361,3820600,0,reference .listelement,,complete
list-opt-retained-baseline-vm,5,awfy_list.listelement.next,inclusive_body,benchmark_awfy_list_opt,method,3820600,727182344,190,3820600,0,reference .listelement,,complete
list-opt-retained-baseline-vm,5,awfy_list.listelement.next,self,benchmark_awfy_list_opt,method,3820600,727182344,190,3820600,0,reference .listelement,,complete
list-opt-retained-baseline-vm,5,awfy_list.listelement.next,native_child,benchmark_awfy_list_opt,method,3820600,0,0,3820600,0,reference .listelement,,complete
list-opt-retained-baseline-vm,5,awfy_list.listelement.next,entry_overhead,benchmark_awfy_list_opt,method,3820600,490348912,128,3820600,0,reference .listelement,,complete
list-opt-retained-baseline-vm,5,awfy_list.listelement.next,exit_overhead,benchmark_awfy_list_opt,method,3820600,162990236,42,3820600,0,reference .listelement,,complete
list-opt-retained-baseline-vm,6,awfy_list.listbenchmark.makelist,elapsed,benchmark_awfy_list_opt,method,3400,79556396,23398,3400,0,reference .listelement,"list_length=.int,arena_reference=reference .listarena",complete
list-opt-retained-baseline-vm,6,awfy_list.listbenchmark.makelist,inclusive_body,benchmark_awfy_list_opt,method,3400,78739727,23158,3400,0,reference .listelement,"list_length=.int,arena_reference=reference .listarena",complete
list-opt-retained-baseline-vm,6,awfy_list.listbenchmark.makelist,self,benchmark_awfy_list_opt,method,3400,3318482,976,3400,0,reference .listelement,"list_length=.int,arena_reference=reference .listarena",complete
list-opt-retained-baseline-vm,6,awfy_list.listbenchmark.makelist,native_child,benchmark_awfy_list_opt,method,3400,0,0,3400,0,reference .listelement,"list_length=.int,arena_reference=reference .listarena",complete
list-opt-retained-baseline-vm,6,awfy_list.listbenchmark.makelist,entry_overhead,benchmark_awfy_list_opt,method,3400,599363,176,3400,0,reference .listelement,"list_length=.int,arena_reference=reference .listarena",complete
list-opt-retained-baseline-vm,6,awfy_list.listbenchmark.makelist,exit_overhead,benchmark_awfy_list_opt,method,3400,217306,63,3400,0,reference .listelement,"list_length=.int,arena_reference=reference .listarena",complete
list-opt-retained-baseline-vm,7,awfy_list.listarena.allocate,elapsed,benchmark_awfy_list_opt,method,3100,7010981,2261,3100,0,reference .listelement,value=.int,complete
list-opt-retained-baseline-vm,7,awfy_list.listarena.allocate,inclusive_body,benchmark_awfy_list_opt,method,3100,6386173,2060,3100,0,reference .listelement,value=.int,complete
list-opt-retained-baseline-vm,7,awfy_list.listarena.allocate,self,benchmark_awfy_list_opt,method,3100,4372881,1410,3100,0,reference .listelement,value=.int,complete
list-opt-retained-baseline-vm,7,awfy_list.listarena.allocate,native_child,benchmark_awfy_list_opt,method,3100,0,0,3100,0,reference .listelement,value=.int,complete
list-opt-retained-baseline-vm,7,awfy_list.listarena.allocate,entry_overhead,benchmark_awfy_list_opt,method,3100,406089,130,3100,0,reference .listelement,value=.int,complete
list-opt-retained-baseline-vm,7,awfy_list.listarena.allocate,exit_overhead,benchmark_awfy_list_opt,method,3100,218719,70,3100,0,reference .listelement,value=.int,complete
list-opt-retained-baseline-vm,8,awfy_list.listelement.length,elapsed,benchmark_awfy_list_opt,method,1000,4158612,4158,1000,0,.int,,complete
list-opt-retained-baseline-vm,8,awfy_list.listelement.length,inclusive_body,benchmark_awfy_list_opt,method,1000,3893945,3893,1000,0,.int,,complete
list-opt-retained-baseline-vm,8,awfy_list.listelement.length,self,benchmark_awfy_list_opt,method,1000,546163,546,1000,0,.int,,complete
list-opt-retained-baseline-vm,8,awfy_list.listelement.length,native_child,benchmark_awfy_list_opt,method,1000,0,0,1000,0,.int,,complete
list-opt-retained-baseline-vm,8,awfy_list.listelement.length,entry_overhead,benchmark_awfy_list_opt,method,1000,206133,206,1000,0,.int,,complete
list-opt-retained-baseline-vm,8,awfy_list.listelement.length,exit_overhead,benchmark_awfy_list_opt,method,1000,58534,58,1000,0,.int,,complete
list-opt-retained-baseline-vm,9,awfy_list.listelement.§factory,elapsed,benchmark_awfy_list_opt,factory,3100,2013292,649,3100,0,.awfy_list..listelement,initial_value=.int,complete
list-opt-retained-baseline-vm,9,awfy_list.listelement.§factory,inclusive_body,benchmark_awfy_list_opt,factory,3100,1078685,347,3100,0,.awfy_list..listelement,initial_value=.int,complete
list-opt-retained-baseline-vm,9,awfy_list.listelement.§factory,self,benchmark_awfy_list_opt,factory,3100,1078685,347,3100,0,.awfy_list..listelement,initial_value=.int,complete
list-opt-retained-baseline-vm,9,awfy_list.listelement.§factory,native_child,benchmark_awfy_list_opt,factory,3100,0,0,3100,0,.awfy_list..listelement,initial_value=.int,complete
list-opt-retained-baseline-vm,9,awfy_list.listelement.§factory,entry_overhead,benchmark_awfy_list_opt,factory,3100,578684,186,3100,0,.awfy_list..listelement,initial_value=.int,complete
list-opt-retained-baseline-vm,9,awfy_list.listelement.§factory,exit_overhead,benchmark_awfy_list_opt,factory,3100,355923,114,3100,0,.awfy_list..listelement,initial_value=.int,complete
list-opt-retained-baseline-vm,10,awfy_list.listelement.setnext,elapsed,benchmark_awfy_list_opt,method,2800,1226464,438,2800,0,.void,element=reference .listelement,complete
list-opt-retained-baseline-vm,10,awfy_list.listelement.setnext,inclusive_body,benchmark_awfy_list_opt,method,2800,716628,255,2800,0,.void,element=reference .listelement,complete
list-opt-retained-baseline-vm,10,awfy_list.listelement.setnext,self,benchmark_awfy_list_opt,method,2800,716628,255,2800,0,.void,element=reference .listelement,complete
list-opt-retained-baseline-vm,10,awfy_list.listelement.setnext,native_child,benchmark_awfy_list_opt,method,2800,0,0,2800,0,.void,element=reference .listelement,complete
list-opt-retained-baseline-vm,10,awfy_list.listelement.setnext,entry_overhead,benchmark_awfy_list_opt,method,2800,397216,141,2800,0,.void,element=reference .listelement,complete
list-opt-retained-baseline-vm,10,awfy_list.listelement.setnext,exit_overhead,benchmark_awfy_list_opt,method,2800,112620,40,2800,0,.void,element=reference .listelement,complete
list-opt-retained-candidate-vm,1,awfy_list.listbenchmark.tail,elapsed,benchmark_awfy_list_opt,method,280900,28991169483,103208,280900,0,reference .listelement,"x=reference .listelement,y=reference .listelement,z=reference .listelement",complete
list-opt-retained-candidate-vm,1,awfy_list.listbenchmark.tail,inclusive_body,benchmark_awfy_list_opt,method,280900,28925231567,102973,280900,0,reference .listelement,"x=reference .listelement,y=reference .listelement,z=reference .listelement",complete
list-opt-retained-candidate-vm,1,awfy_list.listbenchmark.tail,self,benchmark_awfy_list_opt,method,280900,316042706,1125,280900,0,reference .listelement,"x=reference .listelement,y=reference .listelement,z=reference .listelement",complete
list-opt-retained-candidate-vm,1,awfy_list.listbenchmark.tail,native_child,benchmark_awfy_list_opt,method,280900,0,0,280900,0,reference .listelement,"x=reference .listelement,y=reference .listelement,z=reference .listelement",complete
list-opt-retained-candidate-vm,1,awfy_list.listbenchmark.tail,entry_overhead,benchmark_awfy_list_opt,method,280900,50139619,178,280900,0,reference .listelement,"x=reference .listelement,y=reference .listelement,z=reference .listelement",complete
list-opt-retained-candidate-vm,1,awfy_list.listbenchmark.tail,exit_overhead,benchmark_awfy_list_opt,method,280900,15798297,56,280900,0,reference .listelement,"x=reference .listelement,y=reference .listelement,z=reference .listelement",complete
list-opt-retained-candidate-vm,2,awfy_list.main,elapsed,benchmark_awfy_list_opt,procedure,1,2875565667,2875565667,1,0,.int,,complete
list-opt-retained-candidate-vm,2,awfy_list.main,inclusive_body,benchmark_awfy_list_opt,procedure,1,2875561250,2875561250,1,0,.int,,complete
list-opt-retained-candidate-vm,2,awfy_list.main,self,benchmark_awfy_list_opt,procedure,1,185414,185414,1,0,.int,,complete
list-opt-retained-candidate-vm,2,awfy_list.main,native_child,benchmark_awfy_list_opt,procedure,1,0,0,1,0,.int,,complete
list-opt-retained-candidate-vm,2,awfy_list.main,entry_overhead,benchmark_awfy_list_opt,procedure,1,2500,2500,1,0,.int,,complete
list-opt-retained-candidate-vm,2,awfy_list.main,exit_overhead,benchmark_awfy_list_opt,procedure,1,1917,1917,1,0,.int,,complete
list-opt-retained-candidate-vm,3,awfy_list.listbenchmark.run,elapsed,benchmark_awfy_list_opt,method,100,2875375836,28753758,100,0,.int,,complete
list-opt-retained-candidate-vm,3,awfy_list.listbenchmark.run,inclusive_body,benchmark_awfy_list_opt,method,100,2875210333,28752103,100,0,.int,,complete
list-opt-retained-candidate-vm,3,awfy_list.listbenchmark.run,self,benchmark_awfy_list_opt,method,100,256326,2563,100,0,.int,,complete
list-opt-retained-candidate-vm,3,awfy_list.listbenchmark.run,native_child,benchmark_awfy_list_opt,method,100,0,0,100,0,.int,,complete
list-opt-retained-candidate-vm,3,awfy_list.listbenchmark.run,entry_overhead,benchmark_awfy_list_opt,method,100,31370,313,100,0,.int,,complete
list-opt-retained-candidate-vm,3,awfy_list.listbenchmark.run,exit_overhead,benchmark_awfy_list_opt,method,100,134133,1341,100,0,.int,,complete
list-opt-retained-candidate-vm,4,awfy_list.listbenchmark.isshorterthan,elapsed,benchmark_awfy_list_opt,method,280900,2400317213,8545,280900,0,.boolean,"x=reference .listelement,y=reference .listelement",complete
list-opt-retained-candidate-vm,4,awfy_list.listbenchmark.isshorterthan,inclusive_body,benchmark_awfy_list_opt,method,280900,2331501069,8300,280900,0,.boolean,"x=reference .listelement,y=reference .listelement",complete
list-opt-retained-candidate-vm,4,awfy_list.listbenchmark.isshorterthan,self,benchmark_awfy_list_opt,method,280900,1031908107,3673,280900,0,.boolean,"x=reference .listelement,y=reference .listelement",complete
list-opt-retained-candidate-vm,4,awfy_list.listbenchmark.isshorterthan,native_child,benchmark_awfy_list_opt,method,280900,0,0,280900,0,.boolean,"x=reference .listelement,y=reference .listelement",complete
list-opt-retained-candidate-vm,4,awfy_list.listbenchmark.isshorterthan,entry_overhead,benchmark_awfy_list_opt,method,280900,56112420,199,280900,0,.boolean,"x=reference .listelement,y=reference .listelement",complete
list-opt-retained-candidate-vm,4,awfy_list.listbenchmark.isshorterthan,exit_overhead,benchmark_awfy_list_opt,method,280900,12703724,45,280900,0,.boolean,"x=reference .listelement,y=reference .listelement",complete
list-opt-retained-candidate-vm,5,awfy_list.listelement.next,elapsed,benchmark_awfy_list_opt,method,3820600,1379524372,361,3820600,0,reference .listelement,,complete
list-opt-retained-candidate-vm,5,awfy_list.listelement.next,inclusive_body,benchmark_awfy_list_opt,method,3820600,714903904,187,3820600,0,reference .listelement,,complete
list-opt-retained-candidate-vm,5,awfy_list.listelement.next,self,benchmark_awfy_list_opt,method,3820600,714903904,187,3820600,0,reference .listelement,,complete
list-opt-retained-candidate-vm,5,awfy_list.listelement.next,native_child,benchmark_awfy_list_opt,method,3820600,0,0,3820600,0,reference .listelement,,complete
list-opt-retained-candidate-vm,5,awfy_list.listelement.next,entry_overhead,benchmark_awfy_list_opt,method,3820600,504244959,131,3820600,0,reference .listelement,,complete
list-opt-retained-candidate-vm,5,awfy_list.listelement.next,exit_overhead,benchmark_awfy_list_opt,method,3820600,160375509,41,3820600,0,reference .listelement,,complete
list-opt-retained-candidate-vm,6,awfy_list.listbenchmark.makelist,elapsed,benchmark_awfy_list_opt,method,3400,76680829,22553,3400,0,reference .listelement,"list_length=.int,arena_reference=reference .listarena",complete
list-opt-retained-candidate-vm,6,awfy_list.listbenchmark.makelist,inclusive_body,benchmark_awfy_list_opt,method,3400,75882713,22318,3400,0,reference .listelement,"list_length=.int,arena_reference=reference .listarena",complete
list-opt-retained-candidate-vm,6,awfy_list.listbenchmark.makelist,self,benchmark_awfy_list_opt,method,3400,3208313,943,3400,0,reference .listelement,"list_length=.int,arena_reference=reference .listarena",complete
list-opt-retained-candidate-vm,6,awfy_list.listbenchmark.makelist,native_child,benchmark_awfy_list_opt,method,3400,0,0,3400,0,reference .listelement,"list_length=.int,arena_reference=reference .listarena",complete
list-opt-retained-candidate-vm,6,awfy_list.listbenchmark.makelist,entry_overhead,benchmark_awfy_list_opt,method,3400,594625,174,3400,0,reference .listelement,"list_length=.int,arena_reference=reference .listarena",complete
list-opt-retained-candidate-vm,6,awfy_list.listbenchmark.makelist,exit_overhead,benchmark_awfy_list_opt,method,3400,203491,59,3400,0,reference .listelement,"list_length=.int,arena_reference=reference .listarena",complete
list-opt-retained-candidate-vm,7,awfy_list.listarena.allocate,elapsed,benchmark_awfy_list_opt,method,3100,6750010,2177,3100,0,reference .listelement,value=.int,complete
list-opt-retained-candidate-vm,7,awfy_list.listarena.allocate,inclusive_body,benchmark_awfy_list_opt,method,3100,6127193,1976,3100,0,reference .listelement,value=.int,complete
list-opt-retained-candidate-vm,7,awfy_list.listarena.allocate,self,benchmark_awfy_list_opt,method,3100,4210788,1358,3100,0,reference .listelement,value=.int,complete
list-opt-retained-candidate-vm,7,awfy_list.listarena.allocate,native_child,benchmark_awfy_list_opt,method,3100,0,0,3100,0,reference .listelement,value=.int,complete
list-opt-retained-candidate-vm,7,awfy_list.listarena.allocate,entry_overhead,benchmark_awfy_list_opt,method,3100,412584,133,3100,0,reference .listelement,value=.int,complete
list-opt-retained-candidate-vm,7,awfy_list.listarena.allocate,exit_overhead,benchmark_awfy_list_opt,method,3100,210233,67,3100,0,reference .listelement,value=.int,complete
list-opt-retained-candidate-vm,8,awfy_list.listelement.length,elapsed,benchmark_awfy_list_opt,method,1000,4186589,4186,1000,0,.int,,complete
list-opt-retained-candidate-vm,8,awfy_list.listelement.length,inclusive_body,benchmark_awfy_list_opt,method,1000,3918452,3918,1000,0,.int,,complete
list-opt-retained-candidate-vm,8,awfy_list.listelement.length,self,benchmark_awfy_list_opt,method,1000,544952,544,1000,0,.int,,complete
list-opt-retained-candidate-vm,8,awfy_list.listelement.length,native_child,benchmark_awfy_list_opt,method,1000,0,0,1000,0,.int,,complete
list-opt-retained-candidate-vm,8,awfy_list.listelement.length,entry_overhead,benchmark_awfy_list_opt,method,1000,208562,208,1000,0,.int,,complete
list-opt-retained-candidate-vm,8,awfy_list.listelement.length,exit_overhead,benchmark_awfy_list_opt,method,1000,59575,59,1000,0,.int,,complete
list-opt-retained-candidate-vm,9,awfy_list.listelement.§factory,elapsed,benchmark_awfy_list_opt,factory,3100,1916405,618,3100,0,.awfy_list..listelement,initial_value=.int,complete
list-opt-retained-candidate-vm,9,awfy_list.listelement.§factory,inclusive_body,benchmark_awfy_list_opt,factory,3100,1038581,335,3100,0,.awfy_list..listelement,initial_value=.int,complete
list-opt-retained-candidate-vm,9,awfy_list.listelement.§factory,self,benchmark_awfy_list_opt,factory,3100,1038581,335,3100,0,.awfy_list..listelement,initial_value=.int,complete
list-opt-retained-candidate-vm,9,awfy_list.listelement.§factory,native_child,benchmark_awfy_list_opt,factory,3100,0,0,3100,0,.awfy_list..listelement,initial_value=.int,complete
list-opt-retained-candidate-vm,9,awfy_list.listelement.§factory,entry_overhead,benchmark_awfy_list_opt,factory,3100,554909,179,3100,0,.awfy_list..listelement,initial_value=.int,complete
list-opt-retained-candidate-vm,9,awfy_list.listelement.§factory,exit_overhead,benchmark_awfy_list_opt,factory,3100,322915,104,3100,0,.awfy_list..listelement,initial_value=.int,complete
list-opt-retained-candidate-vm,10,awfy_list.listelement.setnext,elapsed,benchmark_awfy_list_opt,method,2800,1155234,412,2800,0,.void,element=reference .listelement,complete
list-opt-retained-candidate-vm,10,awfy_list.listelement.setnext,inclusive_body,benchmark_awfy_list_opt,method,2800,687110,245,2800,0,.void,element=reference .listelement,complete
list-opt-retained-candidate-vm,10,awfy_list.listelement.setnext,self,benchmark_awfy_list_opt,method,2800,687110,245,2800,0,.void,element=reference .listelement,complete
list-opt-retained-candidate-vm,10,awfy_list.listelement.setnext,native_child,benchmark_awfy_list_opt,method,2800,0,0,2800,0,.void,element=reference .listelement,complete
list-opt-retained-candidate-vm,10,awfy_list.listelement.setnext,entry_overhead,benchmark_awfy_list_opt,method,2800,361799,129,2800,0,.void,element=reference .listelement,complete
list-opt-retained-candidate-vm,10,awfy_list.listelement.setnext,exit_overhead,benchmark_awfy_list_opt,method,2800,106325,37,2800,0,.void,element=reference .listelement,complete
list-opt-stripped-baseline-vm,1,awfy_list.listbenchmark.tail,elapsed,benchmark_awfy_list_opt,method,280900,31263247559,111296,280900,0,reference .listelement,"x=reference .listelement,y=reference .listelement,z=reference .listelement",complete
list-opt-stripped-baseline-vm,1,awfy_list.listbenchmark.tail,inclusive_body,benchmark_awfy_list_opt,method,280900,31188483352,111030,280900,0,reference .listelement,"x=reference .listelement,y=reference .listelement,z=reference .listelement",complete
list-opt-stripped-baseline-vm,1,awfy_list.listbenchmark.tail,self,benchmark_awfy_list_opt,method,280900,335579512,1194,280900,0,reference .listelement,"x=reference .listelement,y=reference .listelement,z=reference .listelement",complete
list-opt-stripped-baseline-vm,1,awfy_list.listbenchmark.tail,native_child,benchmark_awfy_list_opt,method,280900,0,0,280900,0,reference .listelement,"x=reference .listelement,y=reference .listelement,z=reference .listelement",complete
list-opt-stripped-baseline-vm,1,awfy_list.listbenchmark.tail,entry_overhead,benchmark_awfy_list_opt,method,280900,57020585,202,280900,0,reference .listelement,"x=reference .listelement,y=reference .listelement,z=reference .listelement",complete
list-opt-stripped-baseline-vm,1,awfy_list.listbenchmark.tail,exit_overhead,benchmark_awfy_list_opt,method,280900,17743622,63,280900,0,reference .listelement,"x=reference .listelement,y=reference .listelement,z=reference .listelement",complete
list-opt-stripped-baseline-vm,2,awfy_list.main,elapsed,benchmark_awfy_list_opt,procedure,1,3096706500,3096706500,1,0,.int,,complete
list-opt-stripped-baseline-vm,2,awfy_list.main,inclusive_body,benchmark_awfy_list_opt,procedure,1,3096702250,3096702250,1,0,.int,,complete
list-opt-stripped-baseline-vm,2,awfy_list.main,self,benchmark_awfy_list_opt,procedure,1,240041,240041,1,0,.int,,complete
list-opt-stripped-baseline-vm,2,awfy_list.main,native_child,benchmark_awfy_list_opt,procedure,1,0,0,1,0,.int,,complete
list-opt-stripped-baseline-vm,2,awfy_list.main,entry_overhead,benchmark_awfy_list_opt,procedure,1,2417,2417,1,0,.int,,complete
list-opt-stripped-baseline-vm,2,awfy_list.main,exit_overhead,benchmark_awfy_list_opt,procedure,1,1833,1833,1,0,.int,,complete
list-opt-stripped-baseline-vm,3,awfy_list.listbenchmark.run,elapsed,benchmark_awfy_list_opt,method,100,3096462209,30964622,100,0,.int,,complete
list-opt-stripped-baseline-vm,3,awfy_list.listbenchmark.run,inclusive_body,benchmark_awfy_list_opt,method,100,3096254494,30962544,100,0,.int,,complete
list-opt-stripped-baseline-vm,3,awfy_list.listbenchmark.run,self,benchmark_awfy_list_opt,method,100,306861,3068,100,0,.int,,complete
list-opt-stripped-baseline-vm,3,awfy_list.listbenchmark.run,native_child,benchmark_awfy_list_opt,method,100,0,0,100,0,.int,,complete
list-opt-stripped-baseline-vm,3,awfy_list.listbenchmark.run,entry_overhead,benchmark_awfy_list_opt,method,100,39466,394,100,0,.int,,complete
list-opt-stripped-baseline-vm,3,awfy_list.listbenchmark.run,exit_overhead,benchmark_awfy_list_opt,method,100,168249,1682,100,0,.int,,complete
list-opt-stripped-baseline-vm,4,awfy_list.listbenchmark.isshorterthan,elapsed,benchmark_awfy_list_opt,method,280900,2586355721,9207,280900,0,.boolean,"x=reference .listelement,y=reference .listelement",complete
list-opt-stripped-baseline-vm,4,awfy_list.listbenchmark.isshorterthan,inclusive_body,benchmark_awfy_list_opt,method,280900,2510726354,8938,280900,0,.boolean,"x=reference .listelement,y=reference .listelement",complete
list-opt-stripped-baseline-vm,4,awfy_list.listbenchmark.isshorterthan,self,benchmark_awfy_list_opt,method,280900,1103277371,3927,280900,0,.boolean,"x=reference .listelement,y=reference .listelement",complete
list-opt-stripped-baseline-vm,4,awfy_list.listbenchmark.isshorterthan,native_child,benchmark_awfy_list_opt,method,280900,0,0,280900,0,.boolean,"x=reference .listelement,y=reference .listelement",complete
list-opt-stripped-baseline-vm,4,awfy_list.listbenchmark.isshorterthan,entry_overhead,benchmark_awfy_list_opt,method,280900,61306084,218,280900,0,.boolean,"x=reference .listelement,y=reference .listelement",complete
list-opt-stripped-baseline-vm,4,awfy_list.listbenchmark.isshorterthan,exit_overhead,benchmark_awfy_list_opt,method,280900,14323283,50,280900,0,.boolean,"x=reference .listelement,y=reference .listelement",complete
list-opt-stripped-baseline-vm,5,awfy_list.listelement.next,elapsed,benchmark_awfy_list_opt,method,3820600,1492916756,390,3820600,0,reference .listelement,,complete
list-opt-stripped-baseline-vm,5,awfy_list.listelement.next,inclusive_body,benchmark_awfy_list_opt,method,3820600,771327483,201,3820600,0,reference .listelement,,complete
list-opt-stripped-baseline-vm,5,awfy_list.listelement.next,self,benchmark_awfy_list_opt,method,3820600,771327483,201,3820600,0,reference .listelement,,complete
list-opt-stripped-baseline-vm,5,awfy_list.listelement.next,native_child,benchmark_awfy_list_opt,method,3820600,0,0,3820600,0,reference .listelement,,complete
list-opt-stripped-baseline-vm,5,awfy_list.listelement.next,entry_overhead,benchmark_awfy_list_opt,method,3820600,545619836,142,3820600,0,reference .listelement,,complete
list-opt-stripped-baseline-vm,5,awfy_list.listelement.next,exit_overhead,benchmark_awfy_list_opt,method,3820600,175969437,46,3820600,0,reference .listelement,,complete
list-opt-stripped-baseline-vm,6,awfy_list.listbenchmark.makelist,elapsed,benchmark_awfy_list_opt,method,3400,83498471,24558,3400,0,reference .listelement,"list_length=.int,arena_reference=reference .listarena",complete
list-opt-stripped-baseline-vm,6,awfy_list.listbenchmark.makelist,inclusive_body,benchmark_awfy_list_opt,method,3400,82603915,24295,3400,0,reference .listelement,"list_length=.int,arena_reference=reference .listarena",complete
list-opt-stripped-baseline-vm,6,awfy_list.listbenchmark.makelist,self,benchmark_awfy_list_opt,method,3400,3432923,1009,3400,0,reference .listelement,"list_length=.int,arena_reference=reference .listarena",complete
list-opt-stripped-baseline-vm,6,awfy_list.listbenchmark.makelist,native_child,benchmark_awfy_list_opt,method,3400,0,0,3400,0,reference .listelement,"list_length=.int,arena_reference=reference .listarena",complete
list-opt-stripped-baseline-vm,6,awfy_list.listbenchmark.makelist,entry_overhead,benchmark_awfy_list_opt,method,3400,675012,198,3400,0,reference .listelement,"list_length=.int,arena_reference=reference .listarena",complete
list-opt-stripped-baseline-vm,6,awfy_list.listbenchmark.makelist,exit_overhead,benchmark_awfy_list_opt,method,3400,219544,64,3400,0,reference .listelement,"list_length=.int,arena_reference=reference .listarena",complete
list-opt-stripped-baseline-vm,7,awfy_list.listarena.allocate,elapsed,benchmark_awfy_list_opt,method,3100,7285706,2350,3100,0,reference .listelement,value=.int,complete
list-opt-stripped-baseline-vm,7,awfy_list.listarena.allocate,inclusive_body,benchmark_awfy_list_opt,method,3100,6631523,2139,3100,0,reference .listelement,value=.int,complete
list-opt-stripped-baseline-vm,7,awfy_list.listarena.allocate,self,benchmark_awfy_list_opt,method,3100,4554659,1469,3100,0,reference .listelement,value=.int,complete
list-opt-stripped-baseline-vm,7,awfy_list.listarena.allocate,native_child,benchmark_awfy_list_opt,method,3100,0,0,3100,0,reference .listelement,value=.int,complete
list-opt-stripped-baseline-vm,7,awfy_list.listarena.allocate,entry_overhead,benchmark_awfy_list_opt,method,3100,453304,146,3100,0,reference .listelement,value=.int,complete
list-opt-stripped-baseline-vm,7,awfy_list.listarena.allocate,exit_overhead,benchmark_awfy_list_opt,method,3100,200879,64,3100,0,reference .listelement,value=.int,complete
list-opt-stripped-baseline-vm,8,awfy_list.listelement.length,elapsed,benchmark_awfy_list_opt,method,1000,4589378,4589,1000,0,.int,,complete
list-opt-stripped-baseline-vm,8,awfy_list.listelement.length,inclusive_body,benchmark_awfy_list_opt,method,1000,4269682,4269,1000,0,.int,,complete
list-opt-stripped-baseline-vm,8,awfy_list.listelement.length,self,benchmark_awfy_list_opt,method,1000,591219,591,1000,0,.int,,complete
list-opt-stripped-baseline-vm,8,awfy_list.listelement.length,native_child,benchmark_awfy_list_opt,method,1000,0,0,1000,0,.int,,complete
list-opt-stripped-baseline-vm,8,awfy_list.listelement.length,entry_overhead,benchmark_awfy_list_opt,method,1000,252485,252,1000,0,.int,,complete
list-opt-stripped-baseline-vm,8,awfy_list.listelement.length,exit_overhead,benchmark_awfy_list_opt,method,1000,67211,67,1000,0,.int,,complete
list-opt-stripped-baseline-vm,9,awfy_list.listelement.§factory,elapsed,benchmark_awfy_list_opt,factory,3100,2076864,669,3100,0,.awfy_list..listelement,initial_value=.int,complete
list-opt-stripped-baseline-vm,9,awfy_list.listelement.§factory,inclusive_body,benchmark_awfy_list_opt,factory,3100,1126458,363,3100,0,.awfy_list..listelement,initial_value=.int,complete
list-opt-stripped-baseline-vm,9,awfy_list.listelement.§factory,self,benchmark_awfy_list_opt,factory,3100,1126458,363,3100,0,.awfy_list..listelement,initial_value=.int,complete
list-opt-stripped-baseline-vm,9,awfy_list.listelement.§factory,native_child,benchmark_awfy_list_opt,factory,3100,0,0,3100,0,.awfy_list..listelement,initial_value=.int,complete
list-opt-stripped-baseline-vm,9,awfy_list.listelement.§factory,entry_overhead,benchmark_awfy_list_opt,factory,3100,605138,195,3100,0,.awfy_list..listelement,initial_value=.int,complete
list-opt-stripped-baseline-vm,9,awfy_list.listelement.§factory,exit_overhead,benchmark_awfy_list_opt,factory,3100,345268,111,3100,0,.awfy_list..listelement,initial_value=.int,complete
list-opt-stripped-baseline-vm,10,awfy_list.listelement.setnext,elapsed,benchmark_awfy_list_opt,method,2800,1256320,448,2800,0,.void,element=reference .listelement,complete
list-opt-stripped-baseline-vm,10,awfy_list.listelement.setnext,inclusive_body,benchmark_awfy_list_opt,method,2800,723362,258,2800,0,.void,element=reference .listelement,complete
list-opt-stripped-baseline-vm,10,awfy_list.listelement.setnext,self,benchmark_awfy_list_opt,method,2800,723362,258,2800,0,.void,element=reference .listelement,complete
list-opt-stripped-baseline-vm,10,awfy_list.listelement.setnext,native_child,benchmark_awfy_list_opt,method,2800,0,0,2800,0,.void,element=reference .listelement,complete
list-opt-stripped-baseline-vm,10,awfy_list.listelement.setnext,entry_overhead,benchmark_awfy_list_opt,method,2800,412708,147,2800,0,.void,element=reference .listelement,complete
list-opt-stripped-baseline-vm,10,awfy_list.listelement.setnext,exit_overhead,benchmark_awfy_list_opt,method,2800,120250,42,2800,0,.void,element=reference .listelement,complete
list-opt-stripped-candidate-vm,1,awfy_list.listbenchmark.tail,elapsed,benchmark_awfy_list_opt,method,280900,28740820539,102316,280900,0,reference .listelement,"x=reference .listelement,y=reference .listelement,z=reference .listelement",complete
list-opt-stripped-candidate-vm,1,awfy_list.listbenchmark.tail,inclusive_body,benchmark_awfy_list_opt,method,280900,28675938318,102085,280900,0,reference .listelement,"x=reference .listelement,y=reference .listelement,z=reference .listelement",complete
list-opt-stripped-candidate-vm,1,awfy_list.listbenchmark.tail,self,benchmark_awfy_list_opt,method,280900,314094873,1118,280900,0,reference .listelement,"x=reference .listelement,y=reference .listelement,z=reference .listelement",complete
list-opt-stripped-candidate-vm,1,awfy_list.listbenchmark.tail,native_child,benchmark_awfy_list_opt,method,280900,0,0,280900,0,reference .listelement,"x=reference .listelement,y=reference .listelement,z=reference .listelement",complete
list-opt-stripped-candidate-vm,1,awfy_list.listbenchmark.tail,entry_overhead,benchmark_awfy_list_opt,method,280900,48983050,174,280900,0,reference .listelement,"x=reference .listelement,y=reference .listelement,z=reference .listelement",complete
list-opt-stripped-candidate-vm,1,awfy_list.listbenchmark.tail,exit_overhead,benchmark_awfy_list_opt,method,280900,15899171,56,280900,0,reference .listelement,"x=reference .listelement,y=reference .listelement,z=reference .listelement",complete
list-opt-stripped-candidate-vm,2,awfy_list.main,elapsed,benchmark_awfy_list_opt,procedure,1,2850350917,2850350917,1,0,.int,,complete
list-opt-stripped-candidate-vm,2,awfy_list.main,inclusive_body,benchmark_awfy_list_opt,procedure,1,2850346708,2850346708,1,0,.int,,complete
list-opt-stripped-candidate-vm,2,awfy_list.main,self,benchmark_awfy_list_opt,procedure,1,198833,198833,1,0,.int,,complete
list-opt-stripped-candidate-vm,2,awfy_list.main,native_child,benchmark_awfy_list_opt,procedure,1,0,0,1,0,.int,,complete
list-opt-stripped-candidate-vm,2,awfy_list.main,entry_overhead,benchmark_awfy_list_opt,procedure,1,2709,2709,1,0,.int,,complete
list-opt-stripped-candidate-vm,2,awfy_list.main,exit_overhead,benchmark_awfy_list_opt,procedure,1,1500,1500,1,0,.int,,complete
list-opt-stripped-candidate-vm,3,awfy_list.listbenchmark.run,elapsed,benchmark_awfy_list_opt,method,100,2850147875,28501478,100,0,.int,,complete
list-opt-stripped-candidate-vm,3,awfy_list.listbenchmark.run,inclusive_body,benchmark_awfy_list_opt,method,100,2849972327,28499723,100,0,.int,,complete
list-opt-stripped-candidate-vm,3,awfy_list.listbenchmark.run,self,benchmark_awfy_list_opt,method,100,272691,2726,100,0,.int,,complete
list-opt-stripped-candidate-vm,3,awfy_list.listbenchmark.run,native_child,benchmark_awfy_list_opt,method,100,0,0,100,0,.int,,complete
list-opt-stripped-candidate-vm,3,awfy_list.listbenchmark.run,entry_overhead,benchmark_awfy_list_opt,method,100,31415,314,100,0,.int,,complete
list-opt-stripped-candidate-vm,3,awfy_list.listbenchmark.run,exit_overhead,benchmark_awfy_list_opt,method,100,144133,1441,100,0,.int,,complete
list-opt-stripped-candidate-vm,4,awfy_list.listbenchmark.isshorterthan,elapsed,benchmark_awfy_list_opt,method,280900,2377484213,8463,280900,0,.boolean,"x=reference .listelement,y=reference .listelement",complete
list-opt-stripped-candidate-vm,4,awfy_list.listbenchmark.isshorterthan,inclusive_body,benchmark_awfy_list_opt,method,280900,2309792069,8222,280900,0,.boolean,"x=reference .listelement,y=reference .listelement",complete
list-opt-stripped-candidate-vm,4,awfy_list.listbenchmark.isshorterthan,self,benchmark_awfy_list_opt,method,280900,1033430058,3678,280900,0,.boolean,"x=reference .listelement,y=reference .listelement",complete
list-opt-stripped-candidate-vm,4,awfy_list.listbenchmark.isshorterthan,native_child,benchmark_awfy_list_opt,method,280900,0,0,280900,0,.boolean,"x=reference .listelement,y=reference .listelement",complete
list-opt-stripped-candidate-vm,4,awfy_list.listbenchmark.isshorterthan,entry_overhead,benchmark_awfy_list_opt,method,280900,54856086,195,280900,0,.boolean,"x=reference .listelement,y=reference .listelement",complete
list-opt-stripped-candidate-vm,4,awfy_list.listbenchmark.isshorterthan,exit_overhead,benchmark_awfy_list_opt,method,280900,12836058,45,280900,0,.boolean,"x=reference .listelement,y=reference .listelement",complete
list-opt-stripped-candidate-vm,5,awfy_list.listelement.next,elapsed,benchmark_awfy_list_opt,method,3820600,1356500374,355,3820600,0,reference .listelement,,complete
list-opt-stripped-candidate-vm,5,awfy_list.listelement.next,inclusive_body,benchmark_awfy_list_opt,method,3820600,709566402,185,3820600,0,reference .listelement,,complete
list-opt-stripped-candidate-vm,5,awfy_list.listelement.next,self,benchmark_awfy_list_opt,method,3820600,709566402,185,3820600,0,reference .listelement,,complete
list-opt-stripped-candidate-vm,5,awfy_list.listelement.next,native_child,benchmark_awfy_list_opt,method,3820600,0,0,3820600,0,reference .listelement,,complete
list-opt-stripped-candidate-vm,5,awfy_list.listelement.next,entry_overhead,benchmark_awfy_list_opt,method,3820600,485362483,127,3820600,0,reference .listelement,,complete
list-opt-stripped-candidate-vm,5,awfy_list.listelement.next,exit_overhead,benchmark_awfy_list_opt,method,3820600,161571489,42,3820600,0,reference .listelement,,complete
list-opt-stripped-candidate-vm,6,awfy_list.listbenchmark.makelist,elapsed,benchmark_awfy_list_opt,method,3400,79344233,23336,3400,0,reference .listelement,"list_length=.int,arena_reference=reference .listarena",complete
list-opt-stripped-candidate-vm,6,awfy_list.listbenchmark.makelist,inclusive_body,benchmark_awfy_list_opt,method,3400,78484818,23083,3400,0,reference .listelement,"list_length=.int,arena_reference=reference .listarena",complete
list-opt-stripped-candidate-vm,6,awfy_list.listbenchmark.makelist,self,benchmark_awfy_list_opt,method,3400,3298445,970,3400,0,reference .listelement,"list_length=.int,arena_reference=reference .listarena",complete
list-opt-stripped-candidate-vm,6,awfy_list.listbenchmark.makelist,native_child,benchmark_awfy_list_opt,method,3400,0,0,3400,0,reference .listelement,"list_length=.int,arena_reference=reference .listarena",complete
list-opt-stripped-candidate-vm,6,awfy_list.listbenchmark.makelist,entry_overhead,benchmark_awfy_list_opt,method,3400,639336,188,3400,0,reference .listelement,"list_length=.int,arena_reference=reference .listarena",complete
list-opt-stripped-candidate-vm,6,awfy_list.listbenchmark.makelist,exit_overhead,benchmark_awfy_list_opt,method,3400,220079,64,3400,0,reference .listelement,"list_length=.int,arena_reference=reference .listarena",complete
list-opt-stripped-candidate-vm,7,awfy_list.listarena.allocate,elapsed,benchmark_awfy_list_opt,method,3100,6911222,2229,3100,0,reference .listelement,value=.int,complete
list-opt-stripped-candidate-vm,7,awfy_list.listarena.allocate,inclusive_body,benchmark_awfy_list_opt,method,3100,6285165,2027,3100,0,reference .listelement,value=.int,complete
list-opt-stripped-candidate-vm,7,awfy_list.listarena.allocate,self,benchmark_awfy_list_opt,method,3100,4328341,1396,3100,0,reference .listelement,value=.int,complete
list-opt-stripped-candidate-vm,7,awfy_list.listarena.allocate,native_child,benchmark_awfy_list_opt,method,3100,0,0,3100,0,reference .listelement,value=.int,complete
list-opt-stripped-candidate-vm,7,awfy_list.listarena.allocate,entry_overhead,benchmark_awfy_list_opt,method,3100,411317,132,3100,0,reference .listelement,value=.int,complete
list-opt-stripped-candidate-vm,7,awfy_list.listarena.allocate,exit_overhead,benchmark_awfy_list_opt,method,3100,214740,69,3100,0,reference .listelement,value=.int,complete
list-opt-stripped-candidate-vm,8,awfy_list.listelement.length,elapsed,benchmark_awfy_list_opt,method,1000,4204445,4204,1000,0,.int,,complete
list-opt-stripped-candidate-vm,8,awfy_list.listelement.length,inclusive_body,benchmark_awfy_list_opt,method,1000,3930718,3930,1000,0,.int,,complete
list-opt-stripped-candidate-vm,8,awfy_list.listelement.length,self,benchmark_awfy_list_opt,method,1000,551650,551,1000,0,.int,,complete
list-opt-stripped-candidate-vm,8,awfy_list.listelement.length,native_child,benchmark_awfy_list_opt,method,1000,0,0,1000,0,.int,,complete
list-opt-stripped-candidate-vm,8,awfy_list.listelement.length,entry_overhead,benchmark_awfy_list_opt,method,1000,213399,213,1000,0,.int,,complete
list-opt-stripped-candidate-vm,8,awfy_list.listelement.length,exit_overhead,benchmark_awfy_list_opt,method,1000,60328,60,1000,0,.int,,complete
list-opt-stripped-candidate-vm,9,awfy_list.listelement.§factory,elapsed,benchmark_awfy_list_opt,factory,3100,1956824,631,3100,0,.awfy_list..listelement,initial_value=.int,complete
list-opt-stripped-candidate-vm,9,awfy_list.listelement.§factory,inclusive_body,benchmark_awfy_list_opt,factory,3100,1057397,341,3100,0,.awfy_list..listelement,initial_value=.int,complete
list-opt-stripped-candidate-vm,9,awfy_list.listelement.§factory,self,benchmark_awfy_list_opt,factory,3100,1057397,341,3100,0,.awfy_list..listelement,initial_value=.int,complete
list-opt-stripped-candidate-vm,9,awfy_list.listelement.§factory,native_child,benchmark_awfy_list_opt,factory,3100,0,0,3100,0,.awfy_list..listelement,initial_value=.int,complete
list-opt-stripped-candidate-vm,9,awfy_list.listelement.§factory,entry_overhead,benchmark_awfy_list_opt,factory,3100,565799,182,3100,0,.awfy_list..listelement,initial_value=.int,complete
list-opt-stripped-candidate-vm,9,awfy_list.listelement.§factory,exit_overhead,benchmark_awfy_list_opt,factory,3100,333628,107,3100,0,.awfy_list..listelement,initial_value=.int,complete
list-opt-stripped-candidate-vm,10,awfy_list.listelement.setnext,elapsed,benchmark_awfy_list_opt,method,2800,1205507,430,2800,0,.void,element=reference .listelement,complete
list-opt-stripped-candidate-vm,10,awfy_list.listelement.setnext,inclusive_body,benchmark_awfy_list_opt,method,2800,703437,251,2800,0,.void,element=reference .listelement,complete
list-opt-stripped-candidate-vm,10,awfy_list.listelement.setnext,self,benchmark_awfy_list_opt,method,2800,703437,251,2800,0,.void,element=reference .listelement,complete
list-opt-stripped-candidate-vm,10,awfy_list.listelement.setnext,native_child,benchmark_awfy_list_opt,method,2800,0,0,2800,0,.void,element=reference .listelement,complete
list-opt-stripped-candidate-vm,10,awfy_list.listelement.setnext,entry_overhead,benchmark_awfy_list_opt,method,2800,388954,138,2800,0,.void,element=reference .listelement,complete
list-opt-stripped-candidate-vm,10,awfy_list.listelement.setnext,exit_overhead,benchmark_awfy_list_opt,method,2800,113116,40,2800,0,.void,element=reference .listelement,complete
richards-opt-retained-baseline-vm,1,awfy_richards.main,elapsed,benchmark_awfy_richards_opt,procedure,1,1170989542,1170989542,1,0,.int,,complete
richards-opt-retained-baseline-vm,1,awfy_richards.main,inclusive_body,benchmark_awfy_richards_opt,procedure,1,1170985375,1170985375,1,0,.int,,complete
richards-opt-retained-baseline-vm,1,awfy_richards.main,self,benchmark_awfy_richards_opt,procedure,1,85209,85209,1,0,.int,,complete
richards-opt-retained-baseline-vm,1,awfy_richards.main,native_child,benchmark_awfy_richards_opt,procedure,1,0,0,1,0,.int,,complete
richards-opt-retained-baseline-vm,1,awfy_richards.main,entry_overhead,benchmark_awfy_richards_opt,procedure,1,2667,2667,1,0,.int,,complete
richards-opt-retained-baseline-vm,1,awfy_richards.main,exit_overhead,benchmark_awfy_richards_opt,procedure,1,1500,1500,1,0,.int,,complete
richards-opt-retained-baseline-vm,2,awfy_richards.richardsscheduler.run,elapsed,benchmark_awfy_richards_opt,method,1,1170900166,1170900166,1,0,.boolean,,complete
richards-opt-retained-baseline-vm,2,awfy_richards.richardsscheduler.run,inclusive_body,benchmark_awfy_richards_opt,method,1,1170894458,1170894458,1,0,.boolean,,complete
richards-opt-retained-baseline-vm,2,awfy_richards.richardsscheduler.run,self,benchmark_awfy_richards_opt,method,1,77834,77834,1,0,.boolean,,complete
richards-opt-retained-baseline-vm,2,awfy_richards.richardsscheduler.run,native_child,benchmark_awfy_richards_opt,method,1,0,0,1,0,.boolean,,complete
richards-opt-retained-baseline-vm,2,awfy_richards.richardsscheduler.run,entry_overhead,benchmark_awfy_richards_opt,method,1,4583,4583,1,0,.boolean,,complete
richards-opt-retained-baseline-vm,2,awfy_richards.richardsscheduler.run,exit_overhead,benchmark_awfy_richards_opt,method,1,1125,1125,1,0,.boolean,,complete
richards-opt-retained-baseline-vm,3,awfy_richards.richardsscheduler.schedule,elapsed,benchmark_awfy_richards_opt,method,1,1170793458,1170793458,1,0,.void,,complete
richards-opt-retained-baseline-vm,3,awfy_richards.richardsscheduler.schedule,inclusive_body,benchmark_awfy_richards_opt,method,1,1170791792,1170791792,1,0,.void,,complete
richards-opt-retained-baseline-vm,3,awfy_richards.richardsscheduler.schedule,self,benchmark_awfy_richards_opt,method,1,361153723,361153723,1,0,.void,,complete
richards-opt-retained-baseline-vm,3,awfy_richards.richardsscheduler.schedule,native_child,benchmark_awfy_richards_opt,method,1,0,0,1,0,.void,,complete
richards-opt-retained-baseline-vm,3,awfy_richards.richardsscheduler.schedule,entry_overhead,benchmark_awfy_richards_opt,method,1,583,583,1,0,.void,,complete
richards-opt-retained-baseline-vm,3,awfy_richards.richardsscheduler.schedule,exit_overhead,benchmark_awfy_richards_opt,method,1,1083,1083,1,0,.void,,complete
richards-opt-retained-baseline-vm,4,awfy_richards.richardsscheduler.runtask,elapsed,benchmark_awfy_richards_opt,method,65790,809638069,12306,65790,0,.int,identity=.int,complete
richards-opt-retained-baseline-vm,4,awfy_richards.richardsscheduler.runtask,inclusive_body,benchmark_awfy_richards_opt,method,65790,787289840,11966,65790,0,.int,identity=.int,complete
richards-opt-retained-baseline-vm,4,awfy_richards.richardsscheduler.runtask,self,benchmark_awfy_richards_opt,method,65790,545920903,8297,65790,0,.int,identity=.int,complete
richards-opt-retained-baseline-vm,4,awfy_richards.richardsscheduler.runtask,native_child,benchmark_awfy_richards_opt,method,65790,0,0,65790,0,.int,identity=.int,complete
richards-opt-retained-baseline-vm,4,awfy_richards.richardsscheduler.runtask,entry_overhead,benchmark_awfy_richards_opt,method,65790,13851862,210,65790,0,.int,identity=.int,complete
richards-opt-retained-baseline-vm,4,awfy_richards.richardsscheduler.runtask,exit_overhead,benchmark_awfy_richards_opt,method,65790,8496367,129,65790,0,.int,identity=.int,complete
richards-opt-retained-baseline-vm,5,awfy_richards.richardsscheduler.queuepacket,elapsed,benchmark_awfy_richards_opt,method,23246,205698942,8848,23246,0,.int,packet=.int,complete
richards-opt-retained-baseline-vm,5,awfy_richards.richardsscheduler.queuepacket,inclusive_body,benchmark_awfy_richards_opt,method,23246,197866047,8511,23246,0,.int,packet=.int,complete
richards-opt-retained-baseline-vm,5,awfy_richards.richardsscheduler.queuepacket,self,benchmark_awfy_richards_opt,method,23246,188290665,8099,23246,0,.int,packet=.int,complete
richards-opt-retained-baseline-vm,5,awfy_richards.richardsscheduler.queuepacket,native_child,benchmark_awfy_richards_opt,method,23246,0,0,23246,0,.int,packet=.int,complete
richards-opt-retained-baseline-vm,5,awfy_richards.richardsscheduler.queuepacket,entry_overhead,benchmark_awfy_richards_opt,method,23246,6144940,264,23246,0,.int,packet=.int,complete
richards-opt-retained-baseline-vm,5,awfy_richards.richardsscheduler.queuepacket,exit_overhead,benchmark_awfy_richards_opt,method,23246,1687955,72,23246,0,.int,packet=.int,complete
richards-opt-retained-baseline-vm,6,awfy_richards.richardsscheduler.release,elapsed,benchmark_awfy_richards_opt,method,9999,26317838,2632,9999,0,.int,identity=.int,complete
richards-opt-retained-baseline-vm,6,awfy_richards.richardsscheduler.release,inclusive_body,benchmark_awfy_richards_opt,method,9999,22642351,2264,9999,0,.int,identity=.int,complete
richards-opt-retained-baseline-vm,6,awfy_richards.richardsscheduler.release,self,benchmark_awfy_richards_opt,method,9999,22642351,2264,9999,0,.int,identity=.int,complete
richards-opt-retained-baseline-vm,6,awfy_richards.richardsscheduler.release,native_child,benchmark_awfy_richards_opt,method,9999,0,0,9999,0,.int,identity=.int,complete
richards-opt-retained-baseline-vm,6,awfy_richards.richardsscheduler.release,entry_overhead,benchmark_awfy_richards_opt,method,9999,2685208,268,9999,0,.int,identity=.int,complete
richards-opt-retained-baseline-vm,6,awfy_richards.richardsscheduler.release,exit_overhead,benchmark_awfy_richards_opt,method,9999,990279,99,9999,0,.int,identity=.int,complete
richards-opt-retained-baseline-vm,7,awfy_richards.richardsscheduler.appendpacket,elapsed,benchmark_awfy_richards_opt,method,20114,18927539,941,20114,0,.int,"packet=.int,queue_head=.int",complete
richards-opt-retained-baseline-vm,7,awfy_richards.richardsscheduler.appendpacket,inclusive_body,benchmark_awfy_richards_opt,method,20114,12398552,616,20114,0,.int,"packet=.int,queue_head=.int",complete
richards-opt-retained-baseline-vm,7,awfy_richards.richardsscheduler.appendpacket,self,benchmark_awfy_richards_opt,method,20114,12398552,616,20114,0,.int,"packet=.int,queue_head=.int",complete
richards-opt-retained-baseline-vm,7,awfy_richards.richardsscheduler.appendpacket,native_child,benchmark_awfy_richards_opt,method,20114,0,0,20114,0,.int,"packet=.int,queue_head=.int",complete
richards-opt-retained-baseline-vm,7,awfy_richards.richardsscheduler.appendpacket,entry_overhead,benchmark_awfy_richards_opt,method,20114,5593399,278,20114,0,.int,"packet=.int,queue_head=.int",complete
richards-opt-retained-baseline-vm,7,awfy_richards.richardsscheduler.appendpacket,exit_overhead,benchmark_awfy_richards_opt,method,20114,935588,46,20114,0,.int,"packet=.int,queue_head=.int",complete
richards-opt-retained-baseline-vm,8,awfy_richards.richardsscheduler.createpacket,elapsed,benchmark_awfy_richards_opt,method,3,14833,4944,3,0,.int,"link=.int,identity=.int,kind=.int",complete
richards-opt-retained-baseline-vm,8,awfy_richards.richardsscheduler.createpacket,inclusive_body,benchmark_awfy_richards_opt,method,3,9041,3013,3,0,.int,"link=.int,identity=.int,kind=.int",complete
richards-opt-retained-baseline-vm,8,awfy_richards.richardsscheduler.createpacket,self,benchmark_awfy_richards_opt,method,3,9041,3013,3,0,.int,"link=.int,identity=.int,kind=.int",complete
richards-opt-retained-baseline-vm,8,awfy_richards.richardsscheduler.createpacket,native_child,benchmark_awfy_richards_opt,method,3,0,0,3,0,.int,"link=.int,identity=.int,kind=.int",complete
richards-opt-retained-baseline-vm,8,awfy_richards.richardsscheduler.createpacket,entry_overhead,benchmark_awfy_richards_opt,method,3,4959,1653,3,0,.int,"link=.int,identity=.int,kind=.int",complete
richards-opt-retained-baseline-vm,8,awfy_richards.richardsscheduler.createpacket,exit_overhead,benchmark_awfy_richards_opt,method,3,833,277,3,0,.int,"link=.int,identity=.int,kind=.int",complete
richards-opt-retained-baseline-vm,9,awfy_richards.richardsscheduler.createtask,elapsed,benchmark_awfy_richards_opt,method,3,8333,2777,3,0,.void,"identity=.int,priority=.int,input=.int,pending=.boolean,waiting=.boolean,holding=.boolean",complete
richards-opt-retained-baseline-vm,9,awfy_richards.richardsscheduler.createtask,inclusive_body,benchmark_awfy_richards_opt,method,3,5751,1917,3,0,.void,"identity=.int,priority=.int,input=.int,pending=.boolean,waiting=.boolean,holding=.boolean",complete
richards-opt-retained-baseline-vm,9,awfy_richards.richardsscheduler.createtask,self,benchmark_awfy_richards_opt,method,3,5751,1917,3,0,.void,"identity=.int,priority=.int,input=.int,pending=.boolean,waiting=.boolean,holding=.boolean",complete
richards-opt-retained-baseline-vm,9,awfy_richards.richardsscheduler.createtask,native_child,benchmark_awfy_richards_opt,method,3,0,0,3,0,.void,"identity=.int,priority=.int,input=.int,pending=.boolean,waiting=.boolean,holding=.boolean",complete
richards-opt-retained-baseline-vm,9,awfy_richards.richardsscheduler.createtask,entry_overhead,benchmark_awfy_richards_opt,method,3,2000,666,3,0,.void,"identity=.int,priority=.int,input=.int,pending=.boolean,waiting=.boolean,holding=.boolean",complete
richards-opt-retained-baseline-vm,9,awfy_richards.richardsscheduler.createtask,exit_overhead,benchmark_awfy_richards_opt,method,3,582,194,3,0,.void,"identity=.int,priority=.int,input=.int,pending=.boolean,waiting=.boolean,holding=.boolean",complete
richards-opt-retained-candidate-vm,1,awfy_richards.main,elapsed,benchmark_awfy_richards_opt,procedure,1,1148717625,1148717625,1,0,.int,,complete
richards-opt-retained-candidate-vm,1,awfy_richards.main,inclusive_body,benchmark_awfy_richards_opt,procedure,1,1148713750,1148713750,1,0,.int,,complete
richards-opt-retained-candidate-vm,1,awfy_richards.main,self,benchmark_awfy_richards_opt,procedure,1,81000,81000,1,0,.int,,complete
richards-opt-retained-candidate-vm,1,awfy_richards.main,native_child,benchmark_awfy_richards_opt,procedure,1,0,0,1,0,.int,,complete
richards-opt-retained-candidate-vm,1,awfy_richards.main,entry_overhead,benchmark_awfy_richards_opt,procedure,1,2209,2209,1,0,.int,,complete
richards-opt-retained-candidate-vm,1,awfy_richards.main,exit_overhead,benchmark_awfy_richards_opt,procedure,1,1666,1666,1,0,.int,,complete
richards-opt-retained-candidate-vm,2,awfy_richards.richardsscheduler.run,elapsed,benchmark_awfy_richards_opt,method,1,1148632750,1148632750,1,0,.boolean,,complete
richards-opt-retained-candidate-vm,2,awfy_richards.richardsscheduler.run,inclusive_body,benchmark_awfy_richards_opt,method,1,1148626958,1148626958,1,0,.boolean,,complete
richards-opt-retained-candidate-vm,2,awfy_richards.richardsscheduler.run,self,benchmark_awfy_richards_opt,method,1,67459,67459,1,0,.boolean,,complete
richards-opt-retained-candidate-vm,2,awfy_richards.richardsscheduler.run,native_child,benchmark_awfy_richards_opt,method,1,0,0,1,0,.boolean,,complete
richards-opt-retained-candidate-vm,2,awfy_richards.richardsscheduler.run,entry_overhead,benchmark_awfy_richards_opt,method,1,4459,4459,1,0,.boolean,,complete
richards-opt-retained-candidate-vm,2,awfy_richards.richardsscheduler.run,exit_overhead,benchmark_awfy_richards_opt,method,1,1333,1333,1,0,.boolean,,complete
richards-opt-retained-candidate-vm,3,awfy_richards.richardsscheduler.schedule,elapsed,benchmark_awfy_richards_opt,method,1,1148537625,1148537625,1,0,.void,,complete
richards-opt-retained-candidate-vm,3,awfy_richards.richardsscheduler.schedule,inclusive_body,benchmark_awfy_richards_opt,method,1,1148536500,1148536500,1,0,.void,,complete
richards-opt-retained-candidate-vm,3,awfy_richards.richardsscheduler.schedule,self,benchmark_awfy_richards_opt,method,1,357055383,357055383,1,0,.void,,complete
richards-opt-retained-candidate-vm,3,awfy_richards.richardsscheduler.schedule,native_child,benchmark_awfy_richards_opt,method,1,0,0,1,0,.void,,complete
richards-opt-retained-candidate-vm,3,awfy_richards.richardsscheduler.schedule,entry_overhead,benchmark_awfy_richards_opt,method,1,542,542,1,0,.void,,complete
richards-opt-retained-candidate-vm,3,awfy_richards.richardsscheduler.schedule,exit_overhead,benchmark_awfy_richards_opt,method,1,583,583,1,0,.void,,complete
richards-opt-retained-candidate-vm,4,awfy_richards.richardsscheduler.runtask,elapsed,benchmark_awfy_richards_opt,method,65790,791481117,12030,65790,0,.int,identity=.int,complete
richards-opt-retained-candidate-vm,4,awfy_richards.richardsscheduler.runtask,inclusive_body,benchmark_awfy_richards_opt,method,65790,770196959,11706,65790,0,.int,identity=.int,complete
richards-opt-retained-candidate-vm,4,awfy_richards.richardsscheduler.runtask,self,benchmark_awfy_richards_opt,method,65790,533113175,8103,65790,0,.int,identity=.int,complete
richards-opt-retained-candidate-vm,4,awfy_richards.richardsscheduler.runtask,native_child,benchmark_awfy_richards_opt,method,65790,0,0,65790,0,.int,identity=.int,complete
richards-opt-retained-candidate-vm,4,awfy_richards.richardsscheduler.runtask,entry_overhead,benchmark_awfy_richards_opt,method,65790,13146016,199,65790,0,.int,identity=.int,complete
richards-opt-retained-candidate-vm,4,awfy_richards.richardsscheduler.runtask,exit_overhead,benchmark_awfy_richards_opt,method,65790,8138142,123,65790,0,.int,identity=.int,complete
richards-opt-retained-candidate-vm,5,awfy_richards.richardsscheduler.queuepacket,elapsed,benchmark_awfy_richards_opt,method,23246,202658371,8717,23246,0,.int,packet=.int,complete
richards-opt-retained-candidate-vm,5,awfy_richards.richardsscheduler.queuepacket,inclusive_body,benchmark_awfy_richards_opt,method,23246,194948236,8386,23246,0,.int,packet=.int,complete
richards-opt-retained-candidate-vm,5,awfy_richards.richardsscheduler.queuepacket,self,benchmark_awfy_richards_opt,method,23246,185610754,7984,23246,0,.int,packet=.int,complete
richards-opt-retained-candidate-vm,5,awfy_richards.richardsscheduler.queuepacket,native_child,benchmark_awfy_richards_opt,method,23246,0,0,23246,0,.int,packet=.int,complete
richards-opt-retained-candidate-vm,5,awfy_richards.richardsscheduler.queuepacket,entry_overhead,benchmark_awfy_richards_opt,method,23246,6085404,261,23246,0,.int,packet=.int,complete
richards-opt-retained-candidate-vm,5,awfy_richards.richardsscheduler.queuepacket,exit_overhead,benchmark_awfy_richards_opt,method,23246,1624731,69,23246,0,.int,packet=.int,complete
richards-opt-retained-candidate-vm,6,awfy_richards.richardsscheduler.release,elapsed,benchmark_awfy_richards_opt,method,9999,25251656,2525,9999,0,.int,identity=.int,complete
richards-opt-retained-candidate-vm,6,awfy_richards.richardsscheduler.release,inclusive_body,benchmark_awfy_richards_opt,method,9999,22092449,2209,9999,0,.int,identity=.int,complete
richards-opt-retained-candidate-vm,6,awfy_richards.richardsscheduler.release,self,benchmark_awfy_richards_opt,method,9999,22092449,2209,9999,0,.int,identity=.int,complete
richards-opt-retained-candidate-vm,6,awfy_richards.richardsscheduler.release,native_child,benchmark_awfy_richards_opt,method,9999,0,0,9999,0,.int,identity=.int,complete
richards-opt-retained-candidate-vm,6,awfy_richards.richardsscheduler.release,entry_overhead,benchmark_awfy_richards_opt,method,9999,2555501,255,9999,0,.int,identity=.int,complete
richards-opt-retained-candidate-vm,6,awfy_richards.richardsscheduler.release,exit_overhead,benchmark_awfy_richards_opt,method,9999,603706,60,9999,0,.int,identity=.int,complete
richards-opt-retained-candidate-vm,7,awfy_richards.richardsscheduler.appendpacket,elapsed,benchmark_awfy_richards_opt,method,20114,18511239,920,20114,0,.int,"packet=.int,queue_head=.int",complete
richards-opt-retained-candidate-vm,7,awfy_richards.richardsscheduler.appendpacket,inclusive_body,benchmark_awfy_richards_opt,method,20114,12287210,610,20114,0,.int,"packet=.int,queue_head=.int",complete
richards-opt-retained-candidate-vm,7,awfy_richards.richardsscheduler.appendpacket,self,benchmark_awfy_richards_opt,method,20114,12287210,610,20114,0,.int,"packet=.int,queue_head=.int",complete
richards-opt-retained-candidate-vm,7,awfy_richards.richardsscheduler.appendpacket,native_child,benchmark_awfy_richards_opt,method,20114,0,0,20114,0,.int,"packet=.int,queue_head=.int",complete
richards-opt-retained-candidate-vm,7,awfy_richards.richardsscheduler.appendpacket,entry_overhead,benchmark_awfy_richards_opt,method,20114,5311155,264,20114,0,.int,"packet=.int,queue_head=.int",complete
richards-opt-retained-candidate-vm,7,awfy_richards.richardsscheduler.appendpacket,exit_overhead,benchmark_awfy_richards_opt,method,20114,912874,45,20114,0,.int,"packet=.int,queue_head=.int",complete
richards-opt-retained-candidate-vm,8,awfy_richards.richardsscheduler.createpacket,elapsed,benchmark_awfy_richards_opt,method,3,13833,4611,3,0,.int,"link=.int,identity=.int,kind=.int",complete
richards-opt-retained-candidate-vm,8,awfy_richards.richardsscheduler.createpacket,inclusive_body,benchmark_awfy_richards_opt,method,3,8624,2874,3,0,.int,"link=.int,identity=.int,kind=.int",complete
richards-opt-retained-candidate-vm,8,awfy_richards.richardsscheduler.createpacket,self,benchmark_awfy_richards_opt,method,3,8624,2874,3,0,.int,"link=.int,identity=.int,kind=.int",complete
richards-opt-retained-candidate-vm,8,awfy_richards.richardsscheduler.createpacket,native_child,benchmark_awfy_richards_opt,method,3,0,0,3,0,.int,"link=.int,identity=.int,kind=.int",complete
richards-opt-retained-candidate-vm,8,awfy_richards.richardsscheduler.createpacket,entry_overhead,benchmark_awfy_richards_opt,method,3,4459,1486,3,0,.int,"link=.int,identity=.int,kind=.int",complete
richards-opt-retained-candidate-vm,8,awfy_richards.richardsscheduler.createpacket,exit_overhead,benchmark_awfy_richards_opt,method,3,750,250,3,0,.int,"link=.int,identity=.int,kind=.int",complete
richards-opt-retained-candidate-vm,9,awfy_richards.richardsscheduler.createtask,elapsed,benchmark_awfy_richards_opt,method,3,8041,2680,3,0,.void,"identity=.int,priority=.int,input=.int,pending=.boolean,waiting=.boolean,holding=.boolean",complete
richards-opt-retained-candidate-vm,9,awfy_richards.richardsscheduler.createtask,inclusive_body,benchmark_awfy_richards_opt,method,3,5542,1847,3,0,.void,"identity=.int,priority=.int,input=.int,pending=.boolean,waiting=.boolean,holding=.boolean",complete
richards-opt-retained-candidate-vm,9,awfy_richards.richardsscheduler.createtask,self,benchmark_awfy_richards_opt,method,3,5542,1847,3,0,.void,"identity=.int,priority=.int,input=.int,pending=.boolean,waiting=.boolean,holding=.boolean",complete
richards-opt-retained-candidate-vm,9,awfy_richards.richardsscheduler.createtask,native_child,benchmark_awfy_richards_opt,method,3,0,0,3,0,.void,"identity=.int,priority=.int,input=.int,pending=.boolean,waiting=.boolean,holding=.boolean",complete
richards-opt-retained-candidate-vm,9,awfy_richards.richardsscheduler.createtask,entry_overhead,benchmark_awfy_richards_opt,method,3,2083,694,3,0,.void,"identity=.int,priority=.int,input=.int,pending=.boolean,waiting=.boolean,holding=.boolean",complete
richards-opt-retained-candidate-vm,9,awfy_richards.richardsscheduler.createtask,exit_overhead,benchmark_awfy_richards_opt,method,3,416,138,3,0,.void,"identity=.int,priority=.int,input=.int,pending=.boolean,waiting=.boolean,holding=.boolean",complete
richards-opt-stripped-baseline-vm,1,awfy_richards.main,elapsed,benchmark_awfy_richards_opt,procedure,1,1192574583,1192574583,1,0,.int,,complete
richards-opt-stripped-baseline-vm,1,awfy_richards.main,inclusive_body,benchmark_awfy_richards_opt,procedure,1,1192570417,1192570417,1,0,.int,,complete
richards-opt-stripped-baseline-vm,1,awfy_richards.main,self,benchmark_awfy_richards_opt,procedure,1,98042,98042,1,0,.int,,complete
richards-opt-stripped-baseline-vm,1,awfy_richards.main,native_child,benchmark_awfy_richards_opt,procedure,1,0,0,1,0,.int,,complete
richards-opt-stripped-baseline-vm,1,awfy_richards.main,entry_overhead,benchmark_awfy_richards_opt,procedure,1,2500,2500,1,0,.int,,complete
richards-opt-stripped-baseline-vm,1,awfy_richards.main,exit_overhead,benchmark_awfy_richards_opt,procedure,1,1666,1666,1,0,.int,,complete
richards-opt-stripped-baseline-vm,2,awfy_richards.richardsscheduler.run,elapsed,benchmark_awfy_richards_opt,method,1,1192472375,1192472375,1,0,.boolean,,complete
richards-opt-stripped-baseline-vm,2,awfy_richards.richardsscheduler.run,inclusive_body,benchmark_awfy_richards_opt,method,1,1192465125,1192465125,1,0,.boolean,,complete
richards-opt-stripped-baseline-vm,2,awfy_richards.richardsscheduler.run,self,benchmark_awfy_richards_opt,method,1,70959,70959,1,0,.boolean,,complete
richards-opt-stripped-baseline-vm,2,awfy_richards.richardsscheduler.run,native_child,benchmark_awfy_richards_opt,method,1,0,0,1,0,.boolean,,complete
richards-opt-stripped-baseline-vm,2,awfy_richards.richardsscheduler.run,entry_overhead,benchmark_awfy_richards_opt,method,1,3958,3958,1,0,.boolean,,complete
richards-opt-stripped-baseline-vm,2,awfy_richards.richardsscheduler.run,exit_overhead,benchmark_awfy_richards_opt,method,1,3292,3292,1,0,.boolean,,complete
richards-opt-stripped-baseline-vm,3,awfy_richards.richardsscheduler.schedule,elapsed,benchmark_awfy_richards_opt,method,1,1192372791,1192372791,1,0,.void,,complete
richards-opt-stripped-baseline-vm,3,awfy_richards.richardsscheduler.schedule,inclusive_body,benchmark_awfy_richards_opt,method,1,1192369083,1192369083,1,0,.void,,complete
richards-opt-stripped-baseline-vm,3,awfy_richards.richardsscheduler.schedule,self,benchmark_awfy_richards_opt,method,1,371569794,371569794,1,0,.void,,complete
richards-opt-stripped-baseline-vm,3,awfy_richards.richardsscheduler.schedule,native_child,benchmark_awfy_richards_opt,method,1,0,0,1,0,.void,,complete
richards-opt-stripped-baseline-vm,3,awfy_richards.richardsscheduler.schedule,entry_overhead,benchmark_awfy_richards_opt,method,1,458,458,1,0,.void,,complete
richards-opt-stripped-baseline-vm,3,awfy_richards.richardsscheduler.schedule,exit_overhead,benchmark_awfy_richards_opt,method,1,3250,3250,1,0,.void,,complete
richards-opt-stripped-baseline-vm,4,awfy_richards.richardsscheduler.runtask,elapsed,benchmark_awfy_richards_opt,method,65790,820799289,12476,65790,0,.int,identity=.int,complete
richards-opt-stripped-baseline-vm,4,awfy_richards.richardsscheduler.runtask,inclusive_body,benchmark_awfy_richards_opt,method,65790,798998680,12144,65790,0,.int,identity=.int,complete
richards-opt-stripped-baseline-vm,4,awfy_richards.richardsscheduler.runtask,self,benchmark_awfy_richards_opt,method,65790,551987252,8390,65790,0,.int,identity=.int,complete
richards-opt-stripped-baseline-vm,4,awfy_richards.richardsscheduler.runtask,native_child,benchmark_awfy_richards_opt,method,65790,0,0,65790,0,.int,identity=.int,complete
richards-opt-stripped-baseline-vm,4,awfy_richards.richardsscheduler.runtask,entry_overhead,benchmark_awfy_richards_opt,method,65790,13181279,200,65790,0,.int,identity=.int,complete
richards-opt-stripped-baseline-vm,4,awfy_richards.richardsscheduler.runtask,exit_overhead,benchmark_awfy_richards_opt,method,65790,8619330,131,65790,0,.int,identity=.int,complete
richards-opt-stripped-baseline-vm,5,awfy_richards.richardsscheduler.queuepacket,elapsed,benchmark_awfy_richards_opt,method,23246,210744372,9065,23246,0,.int,packet=.int,complete
richards-opt-stripped-baseline-vm,5,awfy_richards.richardsscheduler.queuepacket,inclusive_body,benchmark_awfy_richards_opt,method,23246,202867123,8726,23246,0,.int,packet=.int,complete
richards-opt-stripped-baseline-vm,5,awfy_richards.richardsscheduler.queuepacket,self,benchmark_awfy_richards_opt,method,23246,193174882,8310,23246,0,.int,packet=.int,complete
richards-opt-stripped-baseline-vm,5,awfy_richards.richardsscheduler.queuepacket,native_child,benchmark_awfy_richards_opt,method,23246,0,0,23246,0,.int,packet=.int,complete
richards-opt-stripped-baseline-vm,5,awfy_richards.richardsscheduler.queuepacket,entry_overhead,benchmark_awfy_richards_opt,method,23246,6125372,263,23246,0,.int,packet=.int,complete
richards-opt-stripped-baseline-vm,5,awfy_richards.richardsscheduler.queuepacket,exit_overhead,benchmark_awfy_richards_opt,method,23246,1751877,75,23246,0,.int,packet=.int,complete
richards-opt-stripped-baseline-vm,6,awfy_richards.richardsscheduler.release,elapsed,benchmark_awfy_richards_opt,method,9999,26721548,2672,9999,0,.int,identity=.int,complete
richards-opt-stripped-baseline-vm,6,awfy_richards.richardsscheduler.release,inclusive_body,benchmark_awfy_richards_opt,method,9999,23404638,2340,9999,0,.int,identity=.int,complete
richards-opt-stripped-baseline-vm,6,awfy_richards.richardsscheduler.release,self,benchmark_awfy_richards_opt,method,9999,23404638,2340,9999,0,.int,identity=.int,complete
richards-opt-stripped-baseline-vm,6,awfy_richards.richardsscheduler.release,native_child,benchmark_awfy_richards_opt,method,9999,0,0,9999,0,.int,identity=.int,complete
richards-opt-stripped-baseline-vm,6,awfy_richards.richardsscheduler.release,entry_overhead,benchmark_awfy_richards_opt,method,9999,2657077,265,9999,0,.int,identity=.int,complete
richards-opt-stripped-baseline-vm,6,awfy_richards.richardsscheduler.release,exit_overhead,benchmark_awfy_richards_opt,method,9999,659833,65,9999,0,.int,identity=.int,complete
richards-opt-stripped-baseline-vm,7,awfy_richards.richardsscheduler.appendpacket,elapsed,benchmark_awfy_richards_opt,method,20114,19237749,956,20114,0,.int,"packet=.int,queue_head=.int",complete
richards-opt-stripped-baseline-vm,7,awfy_richards.richardsscheduler.appendpacket,inclusive_body,benchmark_awfy_richards_opt,method,20114,12796037,636,20114,0,.int,"packet=.int,queue_head=.int",complete
richards-opt-stripped-baseline-vm,7,awfy_richards.richardsscheduler.appendpacket,self,benchmark_awfy_richards_opt,method,20114,12796037,636,20114,0,.int,"packet=.int,queue_head=.int",complete
richards-opt-stripped-baseline-vm,7,awfy_richards.richardsscheduler.appendpacket,native_child,benchmark_awfy_richards_opt,method,20114,0,0,20114,0,.int,"packet=.int,queue_head=.int",complete
richards-opt-stripped-baseline-vm,7,awfy_richards.richardsscheduler.appendpacket,entry_overhead,benchmark_awfy_richards_opt,method,20114,5468493,271,20114,0,.int,"packet=.int,queue_head=.int",complete
richards-opt-stripped-baseline-vm,7,awfy_richards.richardsscheduler.appendpacket,exit_overhead,benchmark_awfy_richards_opt,method,20114,973219,48,20114,0,.int,"packet=.int,queue_head=.int",complete
richards-opt-stripped-baseline-vm,8,awfy_richards.richardsscheduler.createpacket,elapsed,benchmark_awfy_richards_opt,method,3,13249,4416,3,0,.int,"link=.int,identity=.int,kind=.int",complete
richards-opt-stripped-baseline-vm,8,awfy_richards.richardsscheduler.createpacket,inclusive_body,benchmark_awfy_richards_opt,method,3,8375,2791,3,0,.int,"link=.int,identity=.int,kind=.int",complete
richards-opt-stripped-baseline-vm,8,awfy_richards.richardsscheduler.createpacket,self,benchmark_awfy_richards_opt,method,3,8375,2791,3,0,.int,"link=.int,identity=.int,kind=.int",complete
richards-opt-stripped-baseline-vm,8,awfy_richards.richardsscheduler.createpacket,native_child,benchmark_awfy_richards_opt,method,3,0,0,3,0,.int,"link=.int,identity=.int,kind=.int",complete
richards-opt-stripped-baseline-vm,8,awfy_richards.richardsscheduler.createpacket,entry_overhead,benchmark_awfy_richards_opt,method,3,4083,1361,3,0,.int,"link=.int,identity=.int,kind=.int",complete
richards-opt-stripped-baseline-vm,8,awfy_richards.richardsscheduler.createpacket,exit_overhead,benchmark_awfy_richards_opt,method,3,791,263,3,0,.int,"link=.int,identity=.int,kind=.int",complete
richards-opt-stripped-baseline-vm,9,awfy_richards.richardsscheduler.createtask,elapsed,benchmark_awfy_richards_opt,method,3,8126,2708,3,0,.void,"identity=.int,priority=.int,input=.int,pending=.boolean,waiting=.boolean,holding=.boolean",complete
richards-opt-stripped-baseline-vm,9,awfy_richards.richardsscheduler.createtask,inclusive_body,benchmark_awfy_richards_opt,method,3,5541,1847,3,0,.void,"identity=.int,priority=.int,input=.int,pending=.boolean,waiting=.boolean,holding=.boolean",complete
richards-opt-stripped-baseline-vm,9,awfy_richards.richardsscheduler.createtask,self,benchmark_awfy_richards_opt,method,3,5541,1847,3,0,.void,"identity=.int,priority=.int,input=.int,pending=.boolean,waiting=.boolean,holding=.boolean",complete
richards-opt-stripped-baseline-vm,9,awfy_richards.richardsscheduler.createtask,native_child,benchmark_awfy_richards_opt,method,3,0,0,3,0,.void,"identity=.int,priority=.int,input=.int,pending=.boolean,waiting=.boolean,holding=.boolean",complete
richards-opt-stripped-baseline-vm,9,awfy_richards.richardsscheduler.createtask,entry_overhead,benchmark_awfy_richards_opt,method,3,2209,736,3,0,.void,"identity=.int,priority=.int,input=.int,pending=.boolean,waiting=.boolean,holding=.boolean",complete
richards-opt-stripped-baseline-vm,9,awfy_richards.richardsscheduler.createtask,exit_overhead,benchmark_awfy_richards_opt,method,3,376,125,3,0,.void,"identity=.int,priority=.int,input=.int,pending=.boolean,waiting=.boolean,holding=.boolean",complete
richards-opt-stripped-candidate-vm,1,awfy_richards.main,elapsed,benchmark_awfy_richards_opt,procedure,1,1142830875,1142830875,1,0,.int,,complete
richards-opt-stripped-candidate-vm,1,awfy_richards.main,inclusive_body,benchmark_awfy_richards_opt,procedure,1,1142826875,1142826875,1,0,.int,,complete
richards-opt-stripped-candidate-vm,1,awfy_richards.main,self,benchmark_awfy_richards_opt,procedure,1,82166,82166,1,0,.int,,complete
richards-opt-stripped-candidate-vm,1,awfy_richards.main,native_child,benchmark_awfy_richards_opt,procedure,1,0,0,1,0,.int,,complete
richards-opt-stripped-candidate-vm,1,awfy_richards.main,entry_overhead,benchmark_awfy_richards_opt,procedure,1,2375,2375,1,0,.int,,complete
richards-opt-stripped-candidate-vm,1,awfy_richards.main,exit_overhead,benchmark_awfy_richards_opt,procedure,1,1625,1625,1,0,.int,,complete
richards-opt-stripped-candidate-vm,2,awfy_richards.richardsscheduler.run,elapsed,benchmark_awfy_richards_opt,method,1,1142744709,1142744709,1,0,.boolean,,complete
richards-opt-stripped-candidate-vm,2,awfy_richards.richardsscheduler.run,inclusive_body,benchmark_awfy_richards_opt,method,1,1142739292,1142739292,1,0,.boolean,,complete
richards-opt-stripped-candidate-vm,2,awfy_richards.richardsscheduler.run,self,benchmark_awfy_richards_opt,method,1,70376,70376,1,0,.boolean,,complete
richards-opt-stripped-candidate-vm,2,awfy_richards.richardsscheduler.run,native_child,benchmark_awfy_richards_opt,method,1,0,0,1,0,.boolean,,complete
richards-opt-stripped-candidate-vm,2,awfy_richards.richardsscheduler.run,entry_overhead,benchmark_awfy_richards_opt,method,1,4375,4375,1,0,.boolean,,complete
richards-opt-stripped-candidate-vm,2,awfy_richards.richardsscheduler.run,exit_overhead,benchmark_awfy_richards_opt,method,1,1042,1042,1,0,.boolean,,complete
richards-opt-stripped-candidate-vm,3,awfy_richards.richardsscheduler.schedule,elapsed,benchmark_awfy_richards_opt,method,1,1142647375,1142647375,1,0,.void,,complete
richards-opt-stripped-candidate-vm,3,awfy_richards.richardsscheduler.schedule,inclusive_body,benchmark_awfy_richards_opt,method,1,1142645792,1142645792,1,0,.void,,complete
richards-opt-stripped-candidate-vm,3,awfy_richards.richardsscheduler.schedule,self,benchmark_awfy_richards_opt,method,1,358002430,358002430,1,0,.void,,complete
richards-opt-stripped-candidate-vm,3,awfy_richards.richardsscheduler.schedule,native_child,benchmark_awfy_richards_opt,method,1,0,0,1,0,.void,,complete
richards-opt-stripped-candidate-vm,3,awfy_richards.richardsscheduler.schedule,entry_overhead,benchmark_awfy_richards_opt,method,1,1166,1166,1,0,.void,,complete
richards-opt-stripped-candidate-vm,3,awfy_richards.richardsscheduler.schedule,exit_overhead,benchmark_awfy_richards_opt,method,1,417,417,1,0,.void,,complete
richards-opt-stripped-candidate-vm,4,awfy_richards.richardsscheduler.runtask,elapsed,benchmark_awfy_richards_opt,method,65790,784643362,11926,65790,0,.int,identity=.int,complete
richards-opt-stripped-candidate-vm,4,awfy_richards.richardsscheduler.runtask,inclusive_body,benchmark_awfy_richards_opt,method,65790,763383004,11603,65790,0,.int,identity=.int,complete
richards-opt-stripped-candidate-vm,4,awfy_richards.richardsscheduler.runtask,self,benchmark_awfy_richards_opt,method,65790,521535871,7927,65790,0,.int,identity=.int,complete
richards-opt-stripped-candidate-vm,4,awfy_richards.richardsscheduler.runtask,native_child,benchmark_awfy_richards_opt,method,65790,0,0,65790,0,.int,identity=.int,complete
richards-opt-stripped-candidate-vm,4,awfy_richards.richardsscheduler.runtask,entry_overhead,benchmark_awfy_richards_opt,method,65790,12989274,197,65790,0,.int,identity=.int,complete
richards-opt-stripped-candidate-vm,4,awfy_richards.richardsscheduler.runtask,exit_overhead,benchmark_awfy_richards_opt,method,65790,8271084,125,65790,0,.int,identity=.int,complete
richards-opt-stripped-candidate-vm,5,awfy_richards.richardsscheduler.queuepacket,elapsed,benchmark_awfy_richards_opt,method,23246,207642436,8932,23246,0,.int,packet=.int,complete
richards-opt-stripped-candidate-vm,5,awfy_richards.richardsscheduler.queuepacket,inclusive_body,benchmark_awfy_richards_opt,method,23246,199930898,8600,23246,0,.int,packet=.int,complete
richards-opt-stripped-candidate-vm,5,awfy_richards.richardsscheduler.queuepacket,self,benchmark_awfy_richards_opt,method,23246,190570376,8197,23246,0,.int,packet=.int,complete
richards-opt-stripped-candidate-vm,5,awfy_richards.richardsscheduler.queuepacket,native_child,benchmark_awfy_richards_opt,method,23246,0,0,23246,0,.int,packet=.int,complete
richards-opt-stripped-candidate-vm,5,awfy_richards.richardsscheduler.queuepacket,entry_overhead,benchmark_awfy_richards_opt,method,23246,6040162,259,23246,0,.int,packet=.int,complete
richards-opt-stripped-candidate-vm,5,awfy_richards.richardsscheduler.queuepacket,exit_overhead,benchmark_awfy_richards_opt,method,23246,1671376,71,23246,0,.int,packet=.int,complete
richards-opt-stripped-candidate-vm,6,awfy_richards.richardsscheduler.release,elapsed,benchmark_awfy_richards_opt,method,9999,25132766,2513,9999,0,.int,identity=.int,complete
richards-opt-stripped-candidate-vm,6,awfy_richards.richardsscheduler.release,inclusive_body,benchmark_awfy_richards_opt,method,9999,22002410,2200,9999,0,.int,identity=.int,complete
richards-opt-stripped-candidate-vm,6,awfy_richards.richardsscheduler.release,self,benchmark_awfy_richards_opt,method,9999,22002410,2200,9999,0,.int,identity=.int,complete
richards-opt-stripped-candidate-vm,6,awfy_richards.richardsscheduler.release,native_child,benchmark_awfy_richards_opt,method,9999,0,0,9999,0,.int,identity=.int,complete
richards-opt-stripped-candidate-vm,6,awfy_richards.richardsscheduler.release,entry_overhead,benchmark_awfy_richards_opt,method,9999,2544523,254,9999,0,.int,identity=.int,complete
richards-opt-stripped-candidate-vm,6,awfy_richards.richardsscheduler.release,exit_overhead,benchmark_awfy_richards_opt,method,9999,585833,58,9999,0,.int,identity=.int,complete
richards-opt-stripped-candidate-vm,7,awfy_richards.richardsscheduler.appendpacket,elapsed,benchmark_awfy_richards_opt,method,20114,18432453,916,20114,0,.int,"packet=.int,queue_head=.int",complete
richards-opt-stripped-candidate-vm,7,awfy_richards.richardsscheduler.appendpacket,inclusive_body,benchmark_awfy_richards_opt,method,20114,12238533,608,20114,0,.int,"packet=.int,queue_head=.int",complete
richards-opt-stripped-candidate-vm,7,awfy_richards.richardsscheduler.appendpacket,self,benchmark_awfy_richards_opt,method,20114,12238533,608,20114,0,.int,"packet=.int,queue_head=.int",complete
richards-opt-stripped-candidate-vm,7,awfy_richards.richardsscheduler.appendpacket,native_child,benchmark_awfy_richards_opt,method,20114,0,0,20114,0,.int,"packet=.int,queue_head=.int",complete
richards-opt-stripped-candidate-vm,7,awfy_richards.richardsscheduler.appendpacket,entry_overhead,benchmark_awfy_richards_opt,method,20114,5288830,262,20114,0,.int,"packet=.int,queue_head=.int",complete
richards-opt-stripped-candidate-vm,7,awfy_richards.richardsscheduler.appendpacket,exit_overhead,benchmark_awfy_richards_opt,method,20114,905090,44,20114,0,.int,"packet=.int,queue_head=.int",complete
richards-opt-stripped-candidate-vm,8,awfy_richards.richardsscheduler.createpacket,elapsed,benchmark_awfy_richards_opt,method,3,13500,4500,3,0,.int,"link=.int,identity=.int,kind=.int",complete
richards-opt-stripped-candidate-vm,8,awfy_richards.richardsscheduler.createpacket,inclusive_body,benchmark_awfy_richards_opt,method,3,8292,2764,3,0,.int,"link=.int,identity=.int,kind=.int",complete
richards-opt-stripped-candidate-vm,8,awfy_richards.richardsscheduler.createpacket,self,benchmark_awfy_richards_opt,method,3,8292,2764,3,0,.int,"link=.int,identity=.int,kind=.int",complete
richards-opt-stripped-candidate-vm,8,awfy_richards.richardsscheduler.createpacket,native_child,benchmark_awfy_richards_opt,method,3,0,0,3,0,.int,"link=.int,identity=.int,kind=.int",complete
richards-opt-stripped-candidate-vm,8,awfy_richards.richardsscheduler.createpacket,entry_overhead,benchmark_awfy_richards_opt,method,3,4416,1472,3,0,.int,"link=.int,identity=.int,kind=.int",complete
richards-opt-stripped-candidate-vm,8,awfy_richards.richardsscheduler.createpacket,exit_overhead,benchmark_awfy_richards_opt,method,3,792,264,3,0,.int,"link=.int,identity=.int,kind=.int",complete
richards-opt-stripped-candidate-vm,9,awfy_richards.richardsscheduler.createtask,elapsed,benchmark_awfy_richards_opt,method,3,8041,2680,3,0,.void,"identity=.int,priority=.int,input=.int,pending=.boolean,waiting=.boolean,holding=.boolean",complete
richards-opt-stripped-candidate-vm,9,awfy_richards.richardsscheduler.createtask,inclusive_body,benchmark_awfy_richards_opt,method,3,5500,1833,3,0,.void,"identity=.int,priority=.int,input=.int,pending=.boolean,waiting=.boolean,holding=.boolean",complete
richards-opt-stripped-candidate-vm,9,awfy_richards.richardsscheduler.createtask,self,benchmark_awfy_richards_opt,method,3,5500,1833,3,0,.void,"identity=.int,priority=.int,input=.int,pending=.boolean,waiting=.boolean,holding=.boolean",complete
richards-opt-stripped-candidate-vm,9,awfy_richards.richardsscheduler.createtask,native_child,benchmark_awfy_richards_opt,method,3,0,0,3,0,.void,"identity=.int,priority=.int,input=.int,pending=.boolean,waiting=.boolean,holding=.boolean",complete
richards-opt-stripped-candidate-vm,9,awfy_richards.richardsscheduler.createtask,entry_overhead,benchmark_awfy_richards_opt,method,3,2000,666,3,0,.void,"identity=.int,priority=.int,input=.int,pending=.boolean,waiting=.boolean,holding=.boolean",complete
richards-opt-stripped-candidate-vm,9,awfy_richards.richardsscheduler.createtask,exit_overhead,benchmark_awfy_richards_opt,method,3,541,180,3,0,.void,"identity=.int,priority=.int,input=.int,pending=.boolean,waiting=.boolean,holding=.boolean",complete
json-opt-retained-baseline-vm,1,rxjson._json_parse_value,elapsed,rxjson,procedure,655000,12547004067,19155,655000,0,.int,"data=.binary,len=.int,expose p=.int,active=.int,segment_count=.int,segment_kind=.int[*],segment_text=.string[*],segment_index=.int[*],segment_bin=.binary[*],expose found=.int,expose found_kind=.int,expose found_start=.int,expose found_after=.int",complete
json-opt-retained-baseline-vm,1,rxjson._json_parse_value,inclusive_body,rxjson,procedure,655000,12364153354,18876,655000,0,.int,"data=.binary,len=.int,expose p=.int,active=.int,segment_count=.int,segment_kind=.int[*],segment_text=.string[*],segment_index=.int[*],segment_bin=.binary[*],expose found=.int,expose found_kind=.int,expose found_start=.int,expose found_after=.int",complete
json-opt-retained-baseline-vm,1,rxjson._json_parse_value,self,rxjson,procedure,655000,2747660732,4194,655000,0,.int,"data=.binary,len=.int,expose p=.int,active=.int,segment_count=.int,segment_kind=.int[*],segment_text=.string[*],segment_index=.int[*],segment_bin=.binary[*],expose found=.int,expose found_kind=.int,expose found_start=.int,expose found_after=.int",complete
json-opt-retained-baseline-vm,1,rxjson._json_parse_value,native_child,rxjson,procedure,655000,0,0,655000,0,.int,"data=.binary,len=.int,expose p=.int,active=.int,segment_count=.int,segment_kind=.int[*],segment_text=.string[*],segment_index=.int[*],segment_bin=.binary[*],expose found=.int,expose found_kind=.int,expose found_start=.int,expose found_after=.int",complete
json-opt-retained-baseline-vm,1,rxjson._json_parse_value,entry_overhead,rxjson,procedure,655000,150088856,229,655000,0,.int,"data=.binary,len=.int,expose p=.int,active=.int,segment_count=.int,segment_kind=.int[*],segment_text=.string[*],segment_index=.int[*],segment_bin=.binary[*],expose found=.int,expose found_kind=.int,expose found_start=.int,expose found_after=.int",complete
json-opt-retained-baseline-vm,1,rxjson._json_parse_value,exit_overhead,rxjson,procedure,655000,32761857,50,655000,0,.int,"data=.binary,len=.int,expose p=.int,active=.int,segment_count=.int,segment_kind=.int[*],segment_text=.string[*],segment_index=.int[*],segment_bin=.binary[*],expose found=.int,expose found_kind=.int,expose found_start=.int,expose found_after=.int",complete
json-opt-retained-baseline-vm,2,rxjson._json_parse_object,elapsed,rxjson,procedure,80000,4281086990,53513,80000,0,.int,"data=.binary,len=.int,expose p=.int,start=.int,active=.int,segment_count=.int,segment_kind=.int[*],segment_text=.string[*],segment_index=.int[*],segment_bin=.binary[*],expose found=.int,expose found_kind=.int,expose found_start=.int,expose found_after=.int",complete
json-opt-retained-baseline-vm,2,rxjson._json_parse_object,inclusive_body,rxjson,procedure,80000,4258343996,53229,80000,0,.int,"data=.binary,len=.int,expose p=.int,start=.int,active=.int,segment_count=.int,segment_kind=.int[*],segment_text=.string[*],segment_index=.int[*],segment_bin=.binary[*],expose found=.int,expose found_kind=.int,expose found_start=.int,expose found_after=.int",complete
json-opt-retained-baseline-vm,2,rxjson._json_parse_object,self,rxjson,procedure,80000,1031263964,12890,80000,0,.int,"data=.binary,len=.int,expose p=.int,start=.int,active=.int,segment_count=.int,segment_kind=.int[*],segment_text=.string[*],segment_index=.int[*],segment_bin=.binary[*],expose found=.int,expose found_kind=.int,expose found_start=.int,expose found_after=.int",complete
json-opt-retained-baseline-vm,2,rxjson._json_parse_object,native_child,rxjson,procedure,80000,0,0,80000,0,.int,"data=.binary,len=.int,expose p=.int,start=.int,active=.int,segment_count=.int,segment_kind=.int[*],segment_text=.string[*],segment_index=.int[*],segment_bin=.binary[*],expose found=.int,expose found_kind=.int,expose found_start=.int,expose found_after=.int",complete
json-opt-retained-baseline-vm,2,rxjson._json_parse_object,entry_overhead,rxjson,procedure,80000,18131071,226,80000,0,.int,"data=.binary,len=.int,expose p=.int,start=.int,active=.int,segment_count=.int,segment_kind=.int[*],segment_text=.string[*],segment_index=.int[*],segment_bin=.binary[*],expose found=.int,expose found_kind=.int,expose found_start=.int,expose found_after=.int",complete
json-opt-retained-baseline-vm,2,rxjson._json_parse_object,exit_overhead,rxjson,procedure,80000,4611923,57,80000,0,.int,"data=.binary,len=.int,expose p=.int,start=.int,active=.int,segment_count=.int,segment_kind=.int[*],segment_text=.string[*],segment_index=.int[*],segment_bin=.binary[*],expose found=.int,expose found_kind=.int,expose found_start=.int,expose found_after=.int",complete
json-opt-retained-baseline-vm,3,json_parser.main,elapsed,benchmark_json_parser_opt,procedure,1,4203455500,4203455500,1,0,.int,,complete
json-opt-retained-baseline-vm,3,json_parser.main,inclusive_body,benchmark_json_parser_opt,procedure,1,4203448084,4203448084,1,0,.int,,complete
json-opt-retained-baseline-vm,3,json_parser.main,self,benchmark_json_parser_opt,procedure,1,1647160,1647160,1,0,.int,,complete
json-opt-retained-baseline-vm,3,json_parser.main,native_child,benchmark_json_parser_opt,procedure,1,0,0,1,0,.int,,complete
json-opt-retained-baseline-vm,3,json_parser.main,entry_overhead,benchmark_json_parser_opt,procedure,1,2250,2250,1,0,.int,,complete
json-opt-retained-baseline-vm,3,json_parser.main,exit_overhead,benchmark_json_parser_opt,procedure,1,5166,5166,1,0,.int,,complete
json-opt-retained-baseline-vm,4,rxjson.jsoncount,elapsed,rxjson,procedure,5000,4201800924,840360,5000,0,.int,"json=.string,path=.string",complete
json-opt-retained-baseline-vm,4,rxjson.jsoncount,inclusive_body,rxjson,procedure,5000,4200388833,840077,5000,0,.int,"json=.string,path=.string",complete
json-opt-retained-baseline-vm,4,rxjson.jsoncount,self,rxjson,procedure,5000,96792017,19358,5000,0,.int,"json=.string,path=.string",complete
json-opt-retained-baseline-vm,4,rxjson.jsoncount,native_child,rxjson,procedure,5000,0,0,5000,0,.int,"json=.string,path=.string",complete
json-opt-retained-baseline-vm,4,rxjson.jsoncount,entry_overhead,rxjson,procedure,5000,916029,183,5000,0,.int,"json=.string,path=.string",complete
json-opt-retained-baseline-vm,4,rxjson.jsoncount,exit_overhead,rxjson,procedure,5000,496062,99,5000,0,.int,"json=.string,path=.string",complete
json-opt-retained-baseline-vm,5,rxjson._json_parse_path,elapsed,rxjson,procedure,5000,119078413,23815,5000,0,.int,"path=.string,expose segment_kind=.int[*],expose segment_text=.string[*],expose segment_index=.int[*],expose segment_bin=.binary[*]",complete
json-opt-retained-baseline-vm,5,rxjson._json_parse_path,inclusive_body,rxjson,procedure,5000,117407262,23481,5000,0,.int,"path=.string,expose segment_kind=.int[*],expose segment_text=.string[*],expose segment_index=.int[*],expose segment_bin=.binary[*]",complete
json-opt-retained-baseline-vm,5,rxjson._json_parse_path,self,rxjson,procedure,5000,117407262,23481,5000,0,.int,"path=.string,expose segment_kind=.int[*],expose segment_text=.string[*],expose segment_index=.int[*],expose segment_bin=.binary[*]",complete
json-opt-retained-baseline-vm,5,rxjson._json_parse_path,native_child,rxjson,procedure,5000,0,0,5000,0,.int,"path=.string,expose segment_kind=.int[*],expose segment_text=.string[*],expose segment_index=.int[*],expose segment_bin=.binary[*]",complete
json-opt-retained-baseline-vm,5,rxjson._json_parse_path,entry_overhead,rxjson,procedure,5000,1385501,277,5000,0,.int,"path=.string,expose segment_kind=.int[*],expose segment_text=.string[*],expose segment_index=.int[*],expose segment_bin=.binary[*]",complete
json-opt-retained-baseline-vm,5,rxjson._json_parse_path,exit_overhead,rxjson,procedure,5000,285650,57,5000,0,.int,"path=.string,expose segment_kind=.int[*],expose segment_text=.string[*],expose segment_index=.int[*],expose segment_bin=.binary[*]",complete
json-opt-retained-candidate-vm,1,rxjson._json_parse_value,elapsed,rxjson,procedure,655000,12733782489,19440,655000,0,.int,"data=.binary,len=.int,expose p=.int,active=.int,segment_count=.int,segment_kind=.int[*],segment_text=.string[*],segment_index=.int[*],segment_bin=.binary[*],expose found=.int,expose found_kind=.int,expose found_start=.int,expose found_after=.int",complete
json-opt-retained-candidate-vm,1,rxjson._json_parse_value,inclusive_body,rxjson,procedure,655000,12553145651,19165,655000,0,.int,"data=.binary,len=.int,expose p=.int,active=.int,segment_count=.int,segment_kind=.int[*],segment_text=.string[*],segment_index=.int[*],segment_bin=.binary[*],expose found=.int,expose found_kind=.int,expose found_start=.int,expose found_after=.int",complete
json-opt-retained-candidate-vm,1,rxjson._json_parse_value,self,rxjson,procedure,655000,2786484291,4254,655000,0,.int,"data=.binary,len=.int,expose p=.int,active=.int,segment_count=.int,segment_kind=.int[*],segment_text=.string[*],segment_index=.int[*],segment_bin=.binary[*],expose found=.int,expose found_kind=.int,expose found_start=.int,expose found_after=.int",complete
json-opt-retained-candidate-vm,1,rxjson._json_parse_value,native_child,rxjson,procedure,655000,0,0,655000,0,.int,"data=.binary,len=.int,expose p=.int,active=.int,segment_count=.int,segment_kind=.int[*],segment_text=.string[*],segment_index=.int[*],segment_bin=.binary[*],expose found=.int,expose found_kind=.int,expose found_start=.int,expose found_after=.int",complete
json-opt-retained-candidate-vm,1,rxjson._json_parse_value,entry_overhead,rxjson,procedure,655000,146767396,224,655000,0,.int,"data=.binary,len=.int,expose p=.int,active=.int,segment_count=.int,segment_kind=.int[*],segment_text=.string[*],segment_index=.int[*],segment_bin=.binary[*],expose found=.int,expose found_kind=.int,expose found_start=.int,expose found_after=.int",complete
json-opt-retained-candidate-vm,1,rxjson._json_parse_value,exit_overhead,rxjson,procedure,655000,33869442,51,655000,0,.int,"data=.binary,len=.int,expose p=.int,active=.int,segment_count=.int,segment_kind=.int[*],segment_text=.string[*],segment_index=.int[*],segment_bin=.binary[*],expose found=.int,expose found_kind=.int,expose found_start=.int,expose found_after=.int",complete
json-opt-retained-candidate-vm,2,rxjson._json_parse_object,elapsed,rxjson,procedure,80000,4352423420,54405,80000,0,.int,"data=.binary,len=.int,expose p=.int,start=.int,active=.int,segment_count=.int,segment_kind=.int[*],segment_text=.string[*],segment_index=.int[*],segment_bin=.binary[*],expose found=.int,expose found_kind=.int,expose found_start=.int,expose found_after=.int",complete
json-opt-retained-candidate-vm,2,rxjson._json_parse_object,inclusive_body,rxjson,procedure,80000,4329430353,54117,80000,0,.int,"data=.binary,len=.int,expose p=.int,start=.int,active=.int,segment_count=.int,segment_kind=.int[*],segment_text=.string[*],segment_index=.int[*],segment_bin=.binary[*],expose found=.int,expose found_kind=.int,expose found_start=.int,expose found_after=.int",complete
json-opt-retained-candidate-vm,2,rxjson._json_parse_object,self,rxjson,procedure,80000,1047427594,13092,80000,0,.int,"data=.binary,len=.int,expose p=.int,start=.int,active=.int,segment_count=.int,segment_kind=.int[*],segment_text=.string[*],segment_index=.int[*],segment_bin=.binary[*],expose found=.int,expose found_kind=.int,expose found_start=.int,expose found_after=.int",complete
json-opt-retained-candidate-vm,2,rxjson._json_parse_object,native_child,rxjson,procedure,80000,0,0,80000,0,.int,"data=.binary,len=.int,expose p=.int,start=.int,active=.int,segment_count=.int,segment_kind=.int[*],segment_text=.string[*],segment_index=.int[*],segment_bin=.binary[*],expose found=.int,expose found_kind=.int,expose found_start=.int,expose found_after=.int",complete
json-opt-retained-candidate-vm,2,rxjson._json_parse_object,entry_overhead,rxjson,procedure,80000,18525761,231,80000,0,.int,"data=.binary,len=.int,expose p=.int,start=.int,active=.int,segment_count=.int,segment_kind=.int[*],segment_text=.string[*],segment_index=.int[*],segment_bin=.binary[*],expose found=.int,expose found_kind=.int,expose found_start=.int,expose found_after=.int",complete
json-opt-retained-candidate-vm,2,rxjson._json_parse_object,exit_overhead,rxjson,procedure,80000,4467306,55,80000,0,.int,"data=.binary,len=.int,expose p=.int,start=.int,active=.int,segment_count=.int,segment_kind=.int[*],segment_text=.string[*],segment_index=.int[*],segment_bin=.binary[*],expose found=.int,expose found_kind=.int,expose found_start=.int,expose found_after=.int",complete
json-opt-retained-candidate-vm,3,json_parser.main,elapsed,benchmark_json_parser_opt,procedure,1,4259273667,4259273667,1,0,.int,,complete
json-opt-retained-candidate-vm,3,json_parser.main,inclusive_body,benchmark_json_parser_opt,procedure,1,4259265375,4259265375,1,0,.int,,complete
json-opt-retained-candidate-vm,3,json_parser.main,self,benchmark_json_parser_opt,procedure,1,1678537,1678537,1,0,.int,,complete
json-opt-retained-candidate-vm,3,json_parser.main,native_child,benchmark_json_parser_opt,procedure,1,0,0,1,0,.int,,complete
json-opt-retained-candidate-vm,3,json_parser.main,entry_overhead,benchmark_json_parser_opt,procedure,1,2959,2959,1,0,.int,,complete
json-opt-retained-candidate-vm,3,json_parser.main,exit_overhead,benchmark_json_parser_opt,procedure,1,5333,5333,1,0,.int,,complete
json-opt-retained-candidate-vm,4,rxjson.jsoncount,elapsed,rxjson,procedure,5000,4257586838,851517,5000,0,.int,"json=.string,path=.string",complete
json-opt-retained-candidate-vm,4,rxjson.jsoncount,inclusive_body,rxjson,procedure,5000,4256134659,851226,5000,0,.int,"json=.string,path=.string",complete
json-opt-retained-candidate-vm,4,rxjson.jsoncount,self,rxjson,procedure,5000,98379312,19675,5000,0,.int,"json=.string,path=.string",complete
json-opt-retained-candidate-vm,4,rxjson.jsoncount,native_child,rxjson,procedure,5000,0,0,5000,0,.int,"json=.string,path=.string",complete
json-opt-retained-candidate-vm,4,rxjson.jsoncount,entry_overhead,rxjson,procedure,5000,947167,189,5000,0,.int,"json=.string,path=.string",complete
json-opt-retained-candidate-vm,4,rxjson.jsoncount,exit_overhead,rxjson,procedure,5000,505012,101,5000,0,.int,"json=.string,path=.string",complete
json-opt-retained-candidate-vm,5,rxjson._json_parse_path,elapsed,rxjson,procedure,5000,120213557,24042,5000,0,.int,"path=.string,expose segment_kind=.int[*],expose segment_text=.string[*],expose segment_index=.int[*],expose segment_bin=.binary[*]",complete
json-opt-retained-candidate-vm,5,rxjson._json_parse_path,inclusive_body,rxjson,procedure,5000,118499476,23699,5000,0,.int,"path=.string,expose segment_kind=.int[*],expose segment_text=.string[*],expose segment_index=.int[*],expose segment_bin=.binary[*]",complete
json-opt-retained-candidate-vm,5,rxjson._json_parse_path,self,rxjson,procedure,5000,118499476,23699,5000,0,.int,"path=.string,expose segment_kind=.int[*],expose segment_text=.string[*],expose segment_index=.int[*],expose segment_bin=.binary[*]",complete
json-opt-retained-candidate-vm,5,rxjson._json_parse_path,native_child,rxjson,procedure,5000,0,0,5000,0,.int,"path=.string,expose segment_kind=.int[*],expose segment_text=.string[*],expose segment_index=.int[*],expose segment_bin=.binary[*]",complete
json-opt-retained-candidate-vm,5,rxjson._json_parse_path,entry_overhead,rxjson,procedure,5000,1441467,288,5000,0,.int,"path=.string,expose segment_kind=.int[*],expose segment_text=.string[*],expose segment_index=.int[*],expose segment_bin=.binary[*]",complete
json-opt-retained-candidate-vm,5,rxjson._json_parse_path,exit_overhead,rxjson,procedure,5000,272614,54,5000,0,.int,"path=.string,expose segment_kind=.int[*],expose segment_text=.string[*],expose segment_index=.int[*],expose segment_bin=.binary[*]",complete
json-opt-stripped-baseline-vm,1,rxjson._json_parse_value,elapsed,rxjson,procedure,655000,12282278563,18751,655000,0,.int,"data=.binary,len=.int,expose p=.int,active=.int,segment_count=.int,segment_kind=.int[*],segment_text=.string[*],segment_index=.int[*],segment_bin=.binary[*],expose found=.int,expose found_kind=.int,expose found_start=.int,expose found_after=.int",complete
json-opt-stripped-baseline-vm,1,rxjson._json_parse_value,inclusive_body,rxjson,procedure,655000,12105876043,18482,655000,0,.int,"data=.binary,len=.int,expose p=.int,active=.int,segment_count=.int,segment_kind=.int[*],segment_text=.string[*],segment_index=.int[*],segment_bin=.binary[*],expose found=.int,expose found_kind=.int,expose found_start=.int,expose found_after=.int",complete
json-opt-stripped-baseline-vm,1,rxjson._json_parse_value,self,rxjson,procedure,655000,2686441988,4101,655000,0,.int,"data=.binary,len=.int,expose p=.int,active=.int,segment_count=.int,segment_kind=.int[*],segment_text=.string[*],segment_index=.int[*],segment_bin=.binary[*],expose found=.int,expose found_kind=.int,expose found_start=.int,expose found_after=.int",complete
json-opt-stripped-baseline-vm,1,rxjson._json_parse_value,native_child,rxjson,procedure,655000,0,0,655000,0,.int,"data=.binary,len=.int,expose p=.int,active=.int,segment_count=.int,segment_kind=.int[*],segment_text=.string[*],segment_index=.int[*],segment_bin=.binary[*],expose found=.int,expose found_kind=.int,expose found_start=.int,expose found_after=.int",complete
json-opt-stripped-baseline-vm,1,rxjson._json_parse_value,entry_overhead,rxjson,procedure,655000,143782187,219,655000,0,.int,"data=.binary,len=.int,expose p=.int,active=.int,segment_count=.int,segment_kind=.int[*],segment_text=.string[*],segment_index=.int[*],segment_bin=.binary[*],expose found=.int,expose found_kind=.int,expose found_start=.int,expose found_after=.int",complete
json-opt-stripped-baseline-vm,1,rxjson._json_parse_value,exit_overhead,rxjson,procedure,655000,32620333,49,655000,0,.int,"data=.binary,len=.int,expose p=.int,active=.int,segment_count=.int,segment_kind=.int[*],segment_text=.string[*],segment_index=.int[*],segment_bin=.binary[*],expose found=.int,expose found_kind=.int,expose found_start=.int,expose found_after=.int",complete
json-opt-stripped-baseline-vm,2,rxjson._json_parse_object,elapsed,rxjson,procedure,80000,4196543259,52456,80000,0,.int,"data=.binary,len=.int,expose p=.int,start=.int,active=.int,segment_count=.int,segment_kind=.int[*],segment_text=.string[*],segment_index=.int[*],segment_bin=.binary[*],expose found=.int,expose found_kind=.int,expose found_start=.int,expose found_after=.int",complete
json-opt-stripped-baseline-vm,2,rxjson._json_parse_object,inclusive_body,rxjson,procedure,80000,4174188190,52177,80000,0,.int,"data=.binary,len=.int,expose p=.int,start=.int,active=.int,segment_count=.int,segment_kind=.int[*],segment_text=.string[*],segment_index=.int[*],segment_bin=.binary[*],expose found=.int,expose found_kind=.int,expose found_start=.int,expose found_after=.int",complete
json-opt-stripped-baseline-vm,2,rxjson._json_parse_object,self,rxjson,procedure,80000,1015131090,12689,80000,0,.int,"data=.binary,len=.int,expose p=.int,start=.int,active=.int,segment_count=.int,segment_kind=.int[*],segment_text=.string[*],segment_index=.int[*],segment_bin=.binary[*],expose found=.int,expose found_kind=.int,expose found_start=.int,expose found_after=.int",complete
json-opt-stripped-baseline-vm,2,rxjson._json_parse_object,native_child,rxjson,procedure,80000,0,0,80000,0,.int,"data=.binary,len=.int,expose p=.int,start=.int,active=.int,segment_count=.int,segment_kind=.int[*],segment_text=.string[*],segment_index=.int[*],segment_bin=.binary[*],expose found=.int,expose found_kind=.int,expose found_start=.int,expose found_after=.int",complete
json-opt-stripped-baseline-vm,2,rxjson._json_parse_object,entry_overhead,rxjson,procedure,80000,17975884,224,80000,0,.int,"data=.binary,len=.int,expose p=.int,start=.int,active=.int,segment_count=.int,segment_kind=.int[*],segment_text=.string[*],segment_index=.int[*],segment_bin=.binary[*],expose found=.int,expose found_kind=.int,expose found_start=.int,expose found_after=.int",complete
json-opt-stripped-baseline-vm,2,rxjson._json_parse_object,exit_overhead,rxjson,procedure,80000,4379185,54,80000,0,.int,"data=.binary,len=.int,expose p=.int,start=.int,active=.int,segment_count=.int,segment_kind=.int[*],segment_text=.string[*],segment_index=.int[*],segment_bin=.binary[*],expose found=.int,expose found_kind=.int,expose found_start=.int,expose found_after=.int",complete
json-opt-stripped-baseline-vm,3,json_parser.main,elapsed,benchmark_json_parser_opt,procedure,1,4119020083,4119020083,1,0,.int,,complete
json-opt-stripped-baseline-vm,3,json_parser.main,inclusive_body,benchmark_json_parser_opt,procedure,1,4119013584,4119013584,1,0,.int,,complete
json-opt-stripped-baseline-vm,3,json_parser.main,self,benchmark_json_parser_opt,procedure,1,1557062,1557062,1,0,.int,,complete
json-opt-stripped-baseline-vm,3,json_parser.main,native_child,benchmark_json_parser_opt,procedure,1,0,0,1,0,.int,,complete
json-opt-stripped-baseline-vm,3,json_parser.main,entry_overhead,benchmark_json_parser_opt,procedure,1,2291,2291,1,0,.int,,complete
json-opt-stripped-baseline-vm,3,json_parser.main,exit_overhead,benchmark_json_parser_opt,procedure,1,4208,4208,1,0,.int,,complete
json-opt-stripped-baseline-vm,4,rxjson.jsoncount,elapsed,rxjson,procedure,5000,4117456522,823491,5000,0,.int,"json=.string,path=.string",complete
json-opt-stripped-baseline-vm,4,rxjson.jsoncount,inclusive_body,rxjson,procedure,5000,4116104534,823220,5000,0,.int,"json=.string,path=.string",complete
json-opt-stripped-baseline-vm,4,rxjson.jsoncount,self,rxjson,procedure,5000,94915182,18983,5000,0,.int,"json=.string,path=.string",complete
json-opt-stripped-baseline-vm,4,rxjson.jsoncount,native_child,rxjson,procedure,5000,0,0,5000,0,.int,"json=.string,path=.string",complete
json-opt-stripped-baseline-vm,4,rxjson.jsoncount,entry_overhead,rxjson,procedure,5000,870480,174,5000,0,.int,"json=.string,path=.string",complete
json-opt-stripped-baseline-vm,4,rxjson.jsoncount,exit_overhead,rxjson,procedure,5000,481508,96,5000,0,.int,"json=.string,path=.string",complete
json-opt-stripped-baseline-vm,5,rxjson._json_parse_path,elapsed,rxjson,procedure,5000,120858685,24171,5000,0,.int,"path=.string,expose segment_kind=.int[*],expose segment_text=.string[*],expose segment_index=.int[*],expose segment_bin=.binary[*]",complete
json-opt-stripped-baseline-vm,5,rxjson._json_parse_path,inclusive_body,rxjson,procedure,5000,119174656,23834,5000,0,.int,"path=.string,expose segment_kind=.int[*],expose segment_text=.string[*],expose segment_index=.int[*],expose segment_bin=.binary[*]",complete
json-opt-stripped-baseline-vm,5,rxjson._json_parse_path,self,rxjson,procedure,5000,119174656,23834,5000,0,.int,"path=.string,expose segment_kind=.int[*],expose segment_text=.string[*],expose segment_index=.int[*],expose segment_bin=.binary[*]",complete
json-opt-stripped-baseline-vm,5,rxjson._json_parse_path,native_child,rxjson,procedure,5000,0,0,5000,0,.int,"path=.string,expose segment_kind=.int[*],expose segment_text=.string[*],expose segment_index=.int[*],expose segment_bin=.binary[*]",complete
json-opt-stripped-baseline-vm,5,rxjson._json_parse_path,entry_overhead,rxjson,procedure,5000,1404640,280,5000,0,.int,"path=.string,expose segment_kind=.int[*],expose segment_text=.string[*],expose segment_index=.int[*],expose segment_bin=.binary[*]",complete
json-opt-stripped-baseline-vm,5,rxjson._json_parse_path,exit_overhead,rxjson,procedure,5000,279389,55,5000,0,.int,"path=.string,expose segment_kind=.int[*],expose segment_text=.string[*],expose segment_index=.int[*],expose segment_bin=.binary[*]",complete
json-opt-stripped-candidate-vm,1,rxjson._json_parse_value,elapsed,rxjson,procedure,655000,12665391315,19336,655000,0,.int,"data=.binary,len=.int,expose p=.int,active=.int,segment_count=.int,segment_kind=.int[*],segment_text=.string[*],segment_index=.int[*],segment_bin=.binary[*],expose found=.int,expose found_kind=.int,expose found_start=.int,expose found_after=.int",complete
json-opt-stripped-candidate-vm,1,rxjson._json_parse_value,inclusive_body,rxjson,procedure,655000,12483400182,19058,655000,0,.int,"data=.binary,len=.int,expose p=.int,active=.int,segment_count=.int,segment_kind=.int[*],segment_text=.string[*],segment_index=.int[*],segment_bin=.binary[*],expose found=.int,expose found_kind=.int,expose found_start=.int,expose found_after=.int",complete
json-opt-stripped-candidate-vm,1,rxjson._json_parse_value,self,rxjson,procedure,655000,2774189754,4235,655000,0,.int,"data=.binary,len=.int,expose p=.int,active=.int,segment_count=.int,segment_kind=.int[*],segment_text=.string[*],segment_index=.int[*],segment_bin=.binary[*],expose found=.int,expose found_kind=.int,expose found_start=.int,expose found_after=.int",complete
json-opt-stripped-candidate-vm,1,rxjson._json_parse_value,native_child,rxjson,procedure,655000,0,0,655000,0,.int,"data=.binary,len=.int,expose p=.int,active=.int,segment_count=.int,segment_kind=.int[*],segment_text=.string[*],segment_index=.int[*],segment_bin=.binary[*],expose found=.int,expose found_kind=.int,expose found_start=.int,expose found_after=.int",complete
json-opt-stripped-candidate-vm,1,rxjson._json_parse_value,entry_overhead,rxjson,procedure,655000,149018717,227,655000,0,.int,"data=.binary,len=.int,expose p=.int,active=.int,segment_count=.int,segment_kind=.int[*],segment_text=.string[*],segment_index=.int[*],segment_bin=.binary[*],expose found=.int,expose found_kind=.int,expose found_start=.int,expose found_after=.int",complete
json-opt-stripped-candidate-vm,1,rxjson._json_parse_value,exit_overhead,rxjson,procedure,655000,32972416,50,655000,0,.int,"data=.binary,len=.int,expose p=.int,active=.int,segment_count=.int,segment_kind=.int[*],segment_text=.string[*],segment_index=.int[*],segment_bin=.binary[*],expose found=.int,expose found_kind=.int,expose found_start=.int,expose found_after=.int",complete
json-opt-stripped-candidate-vm,2,rxjson._json_parse_object,elapsed,rxjson,procedure,80000,4322235082,54027,80000,0,.int,"data=.binary,len=.int,expose p=.int,start=.int,active=.int,segment_count=.int,segment_kind=.int[*],segment_text=.string[*],segment_index=.int[*],segment_bin=.binary[*],expose found=.int,expose found_kind=.int,expose found_start=.int,expose found_after=.int",complete
json-opt-stripped-candidate-vm,2,rxjson._json_parse_object,inclusive_body,rxjson,procedure,80000,4299322757,53741,80000,0,.int,"data=.binary,len=.int,expose p=.int,start=.int,active=.int,segment_count=.int,segment_kind=.int[*],segment_text=.string[*],segment_index=.int[*],segment_bin=.binary[*],expose found=.int,expose found_kind=.int,expose found_start=.int,expose found_after=.int",complete
json-opt-stripped-candidate-vm,2,rxjson._json_parse_object,self,rxjson,procedure,80000,1042879608,13035,80000,0,.int,"data=.binary,len=.int,expose p=.int,start=.int,active=.int,segment_count=.int,segment_kind=.int[*],segment_text=.string[*],segment_index=.int[*],segment_bin=.binary[*],expose found=.int,expose found_kind=.int,expose found_start=.int,expose found_after=.int",complete
json-opt-stripped-candidate-vm,2,rxjson._json_parse_object,native_child,rxjson,procedure,80000,0,0,80000,0,.int,"data=.binary,len=.int,expose p=.int,start=.int,active=.int,segment_count=.int,segment_kind=.int[*],segment_text=.string[*],segment_index=.int[*],segment_bin=.binary[*],expose found=.int,expose found_kind=.int,expose found_start=.int,expose found_after=.int",complete
json-opt-stripped-candidate-vm,2,rxjson._json_parse_object,entry_overhead,rxjson,procedure,80000,18486131,231,80000,0,.int,"data=.binary,len=.int,expose p=.int,start=.int,active=.int,segment_count=.int,segment_kind=.int[*],segment_text=.string[*],segment_index=.int[*],segment_bin=.binary[*],expose found=.int,expose found_kind=.int,expose found_start=.int,expose found_after=.int",complete
json-opt-stripped-candidate-vm,2,rxjson._json_parse_object,exit_overhead,rxjson,procedure,80000,4426194,55,80000,0,.int,"data=.binary,len=.int,expose p=.int,start=.int,active=.int,segment_count=.int,segment_kind=.int[*],segment_text=.string[*],segment_index=.int[*],segment_bin=.binary[*],expose found=.int,expose found_kind=.int,expose found_start=.int,expose found_after=.int",complete
json-opt-stripped-candidate-vm,3,json_parser.main,elapsed,benchmark_json_parser_opt,procedure,1,4243410375,4243410375,1,0,.int,,complete
json-opt-stripped-candidate-vm,3,json_parser.main,inclusive_body,benchmark_json_parser_opt,procedure,1,4243402959,4243402959,1,0,.int,,complete
json-opt-stripped-candidate-vm,3,json_parser.main,self,benchmark_json_parser_opt,procedure,1,1673440,1673440,1,0,.int,,complete
json-opt-stripped-candidate-vm,3,json_parser.main,native_child,benchmark_json_parser_opt,procedure,1,0,0,1,0,.int,,complete
json-opt-stripped-candidate-vm,3,json_parser.main,entry_overhead,benchmark_json_parser_opt,procedure,1,2500,2500,1,0,.int,,complete
json-opt-stripped-candidate-vm,3,json_parser.main,exit_overhead,benchmark_json_parser_opt,procedure,1,4916,4916,1,0,.int,,complete
json-opt-stripped-candidate-vm,4,rxjson.jsoncount,elapsed,rxjson,procedure,5000,4241729519,848345,5000,0,.int,"json=.string,path=.string",complete
json-opt-stripped-candidate-vm,4,rxjson.jsoncount,inclusive_body,rxjson,procedure,5000,4240330351,848066,5000,0,.int,"json=.string,path=.string",complete
json-opt-stripped-candidate-vm,4,rxjson.jsoncount,self,rxjson,procedure,5000,98190551,19638,5000,0,.int,"json=.string,path=.string",complete
json-opt-stripped-candidate-vm,4,rxjson.jsoncount,native_child,rxjson,procedure,5000,0,0,5000,0,.int,"json=.string,path=.string",complete
json-opt-stripped-candidate-vm,4,rxjson.jsoncount,entry_overhead,rxjson,procedure,5000,952026,190,5000,0,.int,"json=.string,path=.string",complete
json-opt-stripped-candidate-vm,4,rxjson.jsoncount,exit_overhead,rxjson,procedure,5000,447142,89,5000,0,.int,"json=.string,path=.string",complete
json-opt-stripped-candidate-vm,5,rxjson._json_parse_path,elapsed,rxjson,procedure,5000,120166980,24033,5000,0,.int,"path=.string,expose segment_kind=.int[*],expose segment_text=.string[*],expose segment_index=.int[*],expose segment_bin=.binary[*]",complete
json-opt-stripped-candidate-vm,5,rxjson._json_parse_path,inclusive_body,rxjson,procedure,5000,118458289,23691,5000,0,.int,"path=.string,expose segment_kind=.int[*],expose segment_text=.string[*],expose segment_index=.int[*],expose segment_bin=.binary[*]",complete
json-opt-stripped-candidate-vm,5,rxjson._json_parse_path,self,rxjson,procedure,5000,118458289,23691,5000,0,.int,"path=.string,expose segment_kind=.int[*],expose segment_text=.string[*],expose segment_index=.int[*],expose segment_bin=.binary[*]",complete
json-opt-stripped-candidate-vm,5,rxjson._json_parse_path,native_child,rxjson,procedure,5000,0,0,5000,0,.int,"path=.string,expose segment_kind=.int[*],expose segment_text=.string[*],expose segment_index=.int[*],expose segment_bin=.binary[*]",complete
json-opt-stripped-candidate-vm,5,rxjson._json_parse_path,entry_overhead,rxjson,procedure,5000,1439470,287,5000,0,.int,"path=.string,expose segment_kind=.int[*],expose segment_text=.string[*],expose segment_index=.int[*],expose segment_bin=.binary[*]",complete
json-opt-stripped-candidate-vm,5,rxjson._json_parse_path,exit_overhead,rxjson,procedure,5000,269221,53,5000,0,.int,"path=.string,expose segment_kind=.int[*],expose segment_text=.string[*],expose segment_index=.int[*],expose segment_bin=.binary[*]",complete
base64-opt-retained-baseline-vm,1,base64_roundtrip.main,elapsed,benchmark_base64_roundtrip_opt,procedure,1,1912567000,1912567000,1,0,.int,,complete
base64-opt-retained-baseline-vm,1,base64_roundtrip.main,inclusive_body,benchmark_base64_roundtrip_opt,procedure,1,1912560875,1912560875,1,0,.int,,complete
base64-opt-retained-baseline-vm,1,base64_roundtrip.main,self,benchmark_base64_roundtrip_opt,procedure,1,201016643,201016643,1,0,.int,,complete
base64-opt-retained-baseline-vm,1,base64_roundtrip.main,native_child,benchmark_base64_roundtrip_opt,procedure,1,0,0,1,0,.int,,complete
base64-opt-retained-baseline-vm,1,base64_roundtrip.main,entry_overhead,benchmark_base64_roundtrip_opt,procedure,1,2583,2583,1,0,.int,,complete
base64-opt-retained-baseline-vm,1,base64_roundtrip.main,exit_overhead,benchmark_base64_roundtrip_opt,procedure,1,3542,3542,1,0,.int,,complete
base64-opt-retained-baseline-vm,2,base64_roundtrip.base64_decode,elapsed,benchmark_base64_roundtrip_opt,procedure,500,1711544232,3423088,500,0,.binary,encoded=.string,complete
base64-opt-retained-baseline-vm,2,base64_roundtrip.base64_decode,inclusive_body,benchmark_base64_roundtrip_opt,procedure,500,1711152740,3422305,500,0,.binary,encoded=.string,complete
base64-opt-retained-baseline-vm,2,base64_roundtrip.base64_decode,self,benchmark_base64_roundtrip_opt,procedure,500,1711152740,3422305,500,0,.binary,encoded=.string,complete
base64-opt-retained-baseline-vm,2,base64_roundtrip.base64_decode,native_child,benchmark_base64_roundtrip_opt,procedure,500,0,0,500,0,.binary,encoded=.string,complete
base64-opt-retained-baseline-vm,2,base64_roundtrip.base64_decode,entry_overhead,benchmark_base64_roundtrip_opt,procedure,500,245218,490,500,0,.binary,encoded=.string,complete
base64-opt-retained-baseline-vm,2,base64_roundtrip.base64_decode,exit_overhead,benchmark_base64_roundtrip_opt,procedure,500,146274,292,500,0,.binary,encoded=.string,complete
base64-opt-retained-candidate-vm,1,base64_roundtrip.main,elapsed,benchmark_base64_roundtrip_opt,procedure,1,2009893041,2009893041,1,0,.int,,complete
base64-opt-retained-candidate-vm,1,base64_roundtrip.main,inclusive_body,benchmark_base64_roundtrip_opt,procedure,1,2009884917,2009884917,1,0,.int,,complete
base64-opt-retained-candidate-vm,1,base64_roundtrip.main,self,benchmark_base64_roundtrip_opt,procedure,1,210887669,210887669,1,0,.int,,complete
base64-opt-retained-candidate-vm,1,base64_roundtrip.main,native_child,benchmark_base64_roundtrip_opt,procedure,1,0,0,1,0,.int,,complete
base64-opt-retained-candidate-vm,1,base64_roundtrip.main,entry_overhead,benchmark_base64_roundtrip_opt,procedure,1,5208,5208,1,0,.int,,complete
base64-opt-retained-candidate-vm,1,base64_roundtrip.main,exit_overhead,benchmark_base64_roundtrip_opt,procedure,1,2916,2916,1,0,.int,,complete
base64-opt-retained-candidate-vm,2,base64_roundtrip.base64_decode,elapsed,benchmark_base64_roundtrip_opt,procedure,500,1798997248,3597994,500,0,.binary,encoded=.string,complete
base64-opt-retained-candidate-vm,2,base64_roundtrip.base64_decode,inclusive_body,benchmark_base64_roundtrip_opt,procedure,500,1798529718,3597059,500,0,.binary,encoded=.string,complete
base64-opt-retained-candidate-vm,2,base64_roundtrip.base64_decode,self,benchmark_base64_roundtrip_opt,procedure,500,1798529718,3597059,500,0,.binary,encoded=.string,complete
base64-opt-retained-candidate-vm,2,base64_roundtrip.base64_decode,native_child,benchmark_base64_roundtrip_opt,procedure,500,0,0,500,0,.binary,encoded=.string,complete
base64-opt-retained-candidate-vm,2,base64_roundtrip.base64_decode,entry_overhead,benchmark_base64_roundtrip_opt,procedure,500,274704,549,500,0,.binary,encoded=.string,complete
base64-opt-retained-candidate-vm,2,base64_roundtrip.base64_decode,exit_overhead,benchmark_base64_roundtrip_opt,procedure,500,192826,385,500,0,.binary,encoded=.string,complete
base64-opt-stripped-baseline-vm,1,base64_roundtrip.main,elapsed,benchmark_base64_roundtrip_opt,procedure,1,2083789541,2083789541,1,0,.int,,complete
base64-opt-stripped-baseline-vm,1,base64_roundtrip.main,inclusive_body,benchmark_base64_roundtrip_opt,procedure,1,2083784041,2083784041,1,0,.int,,complete
base64-opt-stripped-baseline-vm,1,base64_roundtrip.main,self,benchmark_base64_roundtrip_opt,procedure,1,213116570,213116570,1,0,.int,,complete
base64-opt-stripped-baseline-vm,1,base64_roundtrip.main,native_child,benchmark_base64_roundtrip_opt,procedure,1,0,0,1,0,.int,,complete
base64-opt-stripped-baseline-vm,1,base64_roundtrip.main,entry_overhead,benchmark_base64_roundtrip_opt,procedure,1,3000,3000,1,0,.int,,complete
base64-opt-stripped-baseline-vm,1,base64_roundtrip.main,exit_overhead,benchmark_base64_roundtrip_opt,procedure,1,2500,2500,1,0,.int,,complete
base64-opt-stripped-baseline-vm,2,base64_roundtrip.base64_decode,elapsed,benchmark_base64_roundtrip_opt,procedure,500,1870667471,3741334,500,0,.binary,encoded=.string,complete
base64-opt-stripped-baseline-vm,2,base64_roundtrip.base64_decode,inclusive_body,benchmark_base64_roundtrip_opt,procedure,500,1870267338,3740534,500,0,.binary,encoded=.string,complete
base64-opt-stripped-baseline-vm,2,base64_roundtrip.base64_decode,self,benchmark_base64_roundtrip_opt,procedure,500,1870267338,3740534,500,0,.binary,encoded=.string,complete
base64-opt-stripped-baseline-vm,2,base64_roundtrip.base64_decode,native_child,benchmark_base64_roundtrip_opt,procedure,500,0,0,500,0,.binary,encoded=.string,complete
base64-opt-stripped-baseline-vm,2,base64_roundtrip.base64_decode,entry_overhead,benchmark_base64_roundtrip_opt,procedure,500,247090,494,500,0,.binary,encoded=.string,complete
base64-opt-stripped-baseline-vm,2,base64_roundtrip.base64_decode,exit_overhead,benchmark_base64_roundtrip_opt,procedure,500,153043,306,500,0,.binary,encoded=.string,complete
base64-opt-stripped-candidate-vm,1,base64_roundtrip.main,elapsed,benchmark_base64_roundtrip_opt,procedure,1,2265431500,2265431500,1,0,.int,,complete
base64-opt-stripped-candidate-vm,1,base64_roundtrip.main,inclusive_body,benchmark_base64_roundtrip_opt,procedure,1,2265426167,2265426167,1,0,.int,,complete
base64-opt-stripped-candidate-vm,1,base64_roundtrip.main,self,benchmark_base64_roundtrip_opt,procedure,1,237409171,237409171,1,0,.int,,complete
base64-opt-stripped-candidate-vm,1,base64_roundtrip.main,native_child,benchmark_base64_roundtrip_opt,procedure,1,0,0,1,0,.int,,complete
base64-opt-stripped-candidate-vm,1,base64_roundtrip.main,entry_overhead,benchmark_base64_roundtrip_opt,procedure,1,2875,2875,1,0,.int,,complete
base64-opt-stripped-candidate-vm,1,base64_roundtrip.main,exit_overhead,benchmark_base64_roundtrip_opt,procedure,1,2458,2458,1,0,.int,,complete
base64-opt-stripped-candidate-vm,2,base64_roundtrip.base64_decode,elapsed,benchmark_base64_roundtrip_opt,procedure,500,2028016996,4056033,500,0,.binary,encoded=.string,complete
base64-opt-stripped-candidate-vm,2,base64_roundtrip.base64_decode,inclusive_body,benchmark_base64_roundtrip_opt,procedure,500,2027519544,4055039,500,0,.binary,encoded=.string,complete
base64-opt-stripped-candidate-vm,2,base64_roundtrip.base64_decode,self,benchmark_base64_roundtrip_opt,procedure,500,2027519544,4055039,500,0,.binary,encoded=.string,complete
base64-opt-stripped-candidate-vm,2,base64_roundtrip.base64_decode,native_child,benchmark_base64_roundtrip_opt,procedure,500,0,0,500,0,.binary,encoded=.string,complete
base64-opt-stripped-candidate-vm,2,base64_roundtrip.base64_decode,entry_overhead,benchmark_base64_roundtrip_opt,procedure,500,293915,587,500,0,.binary,encoded=.string,complete
base64-opt-stripped-candidate-vm,2,base64_roundtrip.base64_decode,exit_overhead,benchmark_base64_roundtrip_opt,procedure,500,203537,407,500,0,.binary,encoded=.string,complete
rexxcps-opaque-heavy-retained-baseline-vm,1,rexxcps_levelb_opaque.main,elapsed,benchmark_rexxcps_levelb_opaque_opt,procedure,1,672029708,672029708,1,0,.int,,complete
rexxcps-opaque-heavy-retained-baseline-vm,1,rexxcps_levelb_opaque.main,inclusive_body,benchmark_rexxcps_levelb_opaque_opt,procedure,1,672026667,672026667,1,0,.int,,complete
rexxcps-opaque-heavy-retained-baseline-vm,1,rexxcps_levelb_opaque.main,self,benchmark_rexxcps_levelb_opaque_opt,procedure,1,36369104,36369104,1,0,.int,,complete
rexxcps-opaque-heavy-retained-baseline-vm,1,rexxcps_levelb_opaque.main,native_child,benchmark_rexxcps_levelb_opaque_opt,procedure,1,0,0,1,0,.int,,complete
rexxcps-opaque-heavy-retained-baseline-vm,1,rexxcps_levelb_opaque.main,entry_overhead,benchmark_rexxcps_levelb_opaque_opt,procedure,1,2916,2916,1,0,.int,,complete
rexxcps-opaque-heavy-retained-baseline-vm,1,rexxcps_levelb_opaque.main,exit_overhead,benchmark_rexxcps_levelb_opaque_opt,procedure,1,125,125,1,0,.int,,complete
rexxcps-opaque-heavy-retained-baseline-vm,2,rxfnsb.parseexec,elapsed,parseExec,procedure,9800,396999170,40510,9800,0,.string[*],"src=.string,splan=.string,template=.string,?debug=.int",complete
rexxcps-opaque-heavy-retained-baseline-vm,2,rxfnsb.parseexec,inclusive_body,parseExec,procedure,9800,391257469,39924,9800,0,.string[*],"src=.string,splan=.string,template=.string,?debug=.int",complete
rexxcps-opaque-heavy-retained-baseline-vm,2,rxfnsb.parseexec,self,parseExec,procedure,9800,383205917,39102,9800,0,.string[*],"src=.string,splan=.string,template=.string,?debug=.int",complete
rexxcps-opaque-heavy-retained-baseline-vm,2,rxfnsb.parseexec,native_child,parseExec,procedure,9800,0,0,9800,0,.string[*],"src=.string,splan=.string,template=.string,?debug=.int",complete
rexxcps-opaque-heavy-retained-baseline-vm,2,rxfnsb.parseexec,entry_overhead,parseExec,procedure,9800,4115401,419,9800,0,.string[*],"src=.string,splan=.string,template=.string,?debug=.int",complete
rexxcps-opaque-heavy-retained-baseline-vm,2,rxfnsb.parseexec,exit_overhead,parseExec,procedure,9800,1626300,165,9800,0,.string[*],"src=.string,splan=.string,template=.string,?debug=.int",complete
rexxcps-opaque-heavy-retained-baseline-vm,3,rxfnsb.stem.get,elapsed,stem,method,12503,70676525,5652,12503,0,.string,key=.string,complete
rexxcps-opaque-heavy-retained-baseline-vm,3,rxfnsb.stem.get,inclusive_body,stem,method,12503,66531082,5321,12503,0,.string,key=.string,complete
rexxcps-opaque-heavy-retained-baseline-vm,3,rxfnsb.stem.get,self,stem,method,12503,66531082,5321,12503,0,.string,key=.string,complete
rexxcps-opaque-heavy-retained-baseline-vm,3,rxfnsb.stem.get,native_child,stem,method,12503,0,0,12503,0,.string,key=.string,complete
rexxcps-opaque-heavy-retained-baseline-vm,3,rxfnsb.stem.get,entry_overhead,stem,method,12503,3360746,268,12503,0,.string,key=.string,complete
rexxcps-opaque-heavy-retained-baseline-vm,3,rxfnsb.stem.get,exit_overhead,stem,method,12503,784697,62,12503,0,.string,key=.string,complete
rexxcps-opaque-heavy-retained-baseline-vm,4,_rxsysb._address,elapsed,_address,procedure,1400,62368251,44548,1400,0,.int,"?env=.string,?command=.string,in=.binary,out=.binary,err=.binary,expose ...=.string",complete
rexxcps-opaque-heavy-retained-baseline-vm,4,_rxsysb._address,inclusive_body,_address,procedure,1400,61649500,44035,1400,0,.int,"?env=.string,?command=.string,in=.binary,out=.binary,err=.binary,expose ...=.string",complete
rexxcps-opaque-heavy-retained-baseline-vm,4,_rxsysb._address,self,_address,procedure,1400,5822994,4159,1400,0,.int,"?env=.string,?command=.string,in=.binary,out=.binary,err=.binary,expose ...=.string",complete
rexxcps-opaque-heavy-retained-baseline-vm,4,_rxsysb._address,native_child,_address,procedure,1400,0,0,1400,0,.int,"?env=.string,?command=.string,in=.binary,out=.binary,err=.binary,expose ...=.string",complete
rexxcps-opaque-heavy-retained-baseline-vm,4,_rxsysb._address,entry_overhead,_address,procedure,1400,589961,421,1400,0,.int,"?env=.string,?command=.string,in=.binary,out=.binary,err=.binary,expose ...=.string",complete
rexxcps-opaque-heavy-retained-baseline-vm,4,_rxsysb._address,exit_overhead,_address,procedure,1400,128790,91,1400,0,.int,"?env=.string,?command=.string,in=.binary,out=.binary,err=.binary,expose ...=.string",complete
rexxcps-opaque-heavy-retained-baseline-vm,5,_rxsysb.addressenv,elapsed,_address,procedure,1400,48531680,34665,1400,0,._rxsysb..addressenvironment,?env_name=.string,complete
rexxcps-opaque-heavy-retained-baseline-vm,5,_rxsysb.addressenv,inclusive_body,_address,procedure,1400,47753877,34109,1400,0,._rxsysb..addressenvironment,?env_name=.string,complete
rexxcps-opaque-heavy-retained-baseline-vm,5,_rxsysb.addressenv,self,_address,procedure,1400,551254,393,1400,0,._rxsysb..addressenvironment,?env_name=.string,complete
rexxcps-opaque-heavy-retained-baseline-vm,5,_rxsysb.addressenv,native_child,_address,procedure,1400,0,0,1400,0,._rxsysb..addressenvironment,?env_name=.string,complete
rexxcps-opaque-heavy-retained-baseline-vm,5,_rxsysb.addressenv,entry_overhead,_address,procedure,1400,474965,339,1400,0,._rxsysb..addressenvironment,?env_name=.string,complete
rexxcps-opaque-heavy-retained-baseline-vm,5,_rxsysb.addressenv,exit_overhead,_address,procedure,1400,302838,216,1400,0,._rxsysb..addressenvironment,?env_name=.string,complete
rexxcps-opaque-heavy-retained-baseline-vm,6,_rxsysb._ensure_address_environment,elapsed,_address,procedure,2806,48474732,17275,2806,0,.int,env_name=.string,complete
rexxcps-opaque-heavy-retained-baseline-vm,6,_rxsysb._ensure_address_environment,inclusive_body,_address,procedure,2806,47522988,16936,2806,0,.int,env_name=.string,complete
rexxcps-opaque-heavy-retained-baseline-vm,6,_rxsysb._ensure_address_environment,self,_address,procedure,2806,33991229,12113,2806,0,.int,env_name=.string,complete
rexxcps-opaque-heavy-retained-baseline-vm,6,_rxsysb._ensure_address_environment,native_child,_address,procedure,2806,0,0,2806,0,.int,env_name=.string,complete
rexxcps-opaque-heavy-retained-baseline-vm,6,_rxsysb._ensure_address_environment,entry_overhead,_address,procedure,2806,754075,268,2806,0,.int,env_name=.string,complete
rexxcps-opaque-heavy-retained-baseline-vm,6,_rxsysb._ensure_address_environment,exit_overhead,_address,procedure,2806,197669,70,2806,0,.int,env_name=.string,complete
rexxcps-opaque-heavy-retained-baseline-vm,7,_rxsysb._address_environment,elapsed,_address,procedure,1400,47202623,33716,1400,0,._rxsysb..addressenvironment,?env_name=.string,complete
rexxcps-opaque-heavy-retained-baseline-vm,7,_rxsysb._address_environment,inclusive_body,_address,procedure,1400,46509565,33221,1400,0,._rxsysb..addressenvironment,?env_name=.string,complete
rexxcps-opaque-heavy-retained-baseline-vm,7,_rxsysb._address_environment,self,_address,procedure,1400,5679636,4056,1400,0,._rxsysb..addressenvironment,?env_name=.string,complete
rexxcps-opaque-heavy-retained-baseline-vm,7,_rxsysb._address_environment,native_child,_address,procedure,1400,0,0,1400,0,._rxsysb..addressenvironment,?env_name=.string,complete
rexxcps-opaque-heavy-retained-baseline-vm,7,_rxsysb._address_environment,entry_overhead,_address,procedure,1400,572464,408,1400,0,._rxsysb..addressenvironment,?env_name=.string,complete
rexxcps-opaque-heavy-retained-baseline-vm,7,_rxsysb._address_environment,exit_overhead,_address,procedure,1400,120594,86,1400,0,._rxsysb..addressenvironment,?env_name=.string,complete
rexxcps-opaque-heavy-retained-baseline-vm,8,rxfnsb.stem.set,elapsed,stem,method,8300,43621041,5255,8300,0,.void,"?key=.string,value=.string",complete
rexxcps-opaque-heavy-retained-baseline-vm,8,rxfnsb.stem.set,inclusive_body,stem,method,8300,40688595,4902,8300,0,.void,"?key=.string,value=.string",complete
rexxcps-opaque-heavy-retained-baseline-vm,8,rxfnsb.stem.set,self,stem,method,8300,40688595,4902,8300,0,.void,"?key=.string,value=.string",complete
rexxcps-opaque-heavy-retained-baseline-vm,8,rxfnsb.stem.set,native_child,stem,method,8300,0,0,8300,0,.void,"?key=.string,value=.string",complete
rexxcps-opaque-heavy-retained-baseline-vm,8,rxfnsb.stem.set,entry_overhead,stem,method,8300,2467127,297,8300,0,.void,"?key=.string,value=.string",complete
rexxcps-opaque-heavy-retained-baseline-vm,8,rxfnsb.stem.set,exit_overhead,stem,method,8300,465319,56,8300,0,.void,"?key=.string,value=.string",complete
rexxcps-opaque-heavy-retained-baseline-vm,9,rxfnsb.strip,elapsed,strip,procedure,15444,34244728,2217,15444,0,.string,"string=.string,?option=.string,?char=.string",complete
rexxcps-opaque-heavy-retained-baseline-vm,9,rxfnsb.strip,inclusive_body,strip,procedure,15444,29015270,1878,15444,0,.string,"string=.string,?option=.string,?char=.string",complete
rexxcps-opaque-heavy-retained-baseline-vm,9,rxfnsb.strip,self,strip,procedure,15444,29015270,1878,15444,0,.string,"string=.string,?option=.string,?char=.string",complete
rexxcps-opaque-heavy-retained-baseline-vm,9,rxfnsb.strip,native_child,strip,procedure,15444,0,0,15444,0,.string,"string=.string,?option=.string,?char=.string",complete
rexxcps-opaque-heavy-retained-baseline-vm,9,rxfnsb.strip,entry_overhead,strip,procedure,15444,4373405,283,15444,0,.string,"string=.string,?option=.string,?char=.string",complete
rexxcps-opaque-heavy-retained-baseline-vm,9,rxfnsb.strip,exit_overhead,strip,procedure,15444,856053,55,15444,0,.string,"string=.string,?option=.string,?char=.string",complete
rexxcps-opaque-heavy-retained-baseline-vm,10,_rxsysb._set_address_environment,elapsed,_address,procedure,1400,27387969,19562,1400,0,.int,env_name=.string,complete
rexxcps-opaque-heavy-retained-baseline-vm,10,_rxsysb._set_address_environment,inclusive_body,_address,procedure,1400,26848910,19177,1400,0,.int,env_name=.string,complete
rexxcps-opaque-heavy-retained-baseline-vm,10,_rxsysb._set_address_environment,self,_address,procedure,1400,4844759,3460,1400,0,.int,env_name=.string,complete
rexxcps-opaque-heavy-retained-baseline-vm,10,_rxsysb._set_address_environment,native_child,_address,procedure,1400,0,0,1400,0,.int,env_name=.string,complete
rexxcps-opaque-heavy-retained-baseline-vm,10,_rxsysb._set_address_environment,entry_overhead,_address,procedure,1400,457751,326,1400,0,.int,env_name=.string,complete
rexxcps-opaque-heavy-retained-baseline-vm,10,_rxsysb._set_address_environment,exit_overhead,_address,procedure,1400,81308,58,1400,0,.int,env_name=.string,complete
rexxcps-opaque-heavy-retained-baseline-vm,11,_rxsysb.ensure_address_runtime,elapsed,_address,procedure,11206,25520046,2277,11206,0,.void,,complete
rexxcps-opaque-heavy-retained-baseline-vm,11,_rxsysb.ensure_address_runtime,inclusive_body,_address,procedure,11206,23289437,2078,11206,0,.void,,complete
rexxcps-opaque-heavy-retained-baseline-vm,11,_rxsysb.ensure_address_runtime,self,_address,procedure,11206,1936562,172,11206,0,.void,,complete
rexxcps-opaque-heavy-retained-baseline-vm,11,_rxsysb.ensure_address_runtime,native_child,_address,procedure,11206,0,0,11206,0,.void,,complete
rexxcps-opaque-heavy-retained-baseline-vm,11,_rxsysb.ensure_address_runtime,entry_overhead,_address,procedure,11206,1787980,159,11206,0,.void,,complete
rexxcps-opaque-heavy-retained-baseline-vm,11,_rxsysb.ensure_address_runtime,exit_overhead,_address,procedure,11206,442629,39,11206,0,.void,,complete
rexxcps-opaque-heavy-retained-baseline-vm,12,_rxsysb.dispatch_address_request,elapsed,_address,procedure,1400,23361262,16686,1400,0,._rxsysb..addressresponse,request=.addressrequest,complete
rexxcps-opaque-heavy-retained-baseline-vm,12,_rxsysb.dispatch_address_request,inclusive_body,_address,procedure,1400,22519450,16085,1400,0,._rxsysb..addressresponse,request=.addressrequest,complete
rexxcps-opaque-heavy-retained-baseline-vm,12,_rxsysb.dispatch_address_request,self,_address,procedure,1400,8562856,6116,1400,0,._rxsysb..addressresponse,request=.addressrequest,complete
rexxcps-opaque-heavy-retained-baseline-vm,12,_rxsysb.dispatch_address_request,native_child,_address,procedure,1400,0,0,1400,0,._rxsysb..addressresponse,request=.addressrequest,complete
rexxcps-opaque-heavy-retained-baseline-vm,12,_rxsysb.dispatch_address_request,entry_overhead,_address,procedure,1400,484144,345,1400,0,._rxsysb..addressresponse,request=.addressrequest,complete
rexxcps-opaque-heavy-retained-baseline-vm,12,_rxsysb.dispatch_address_request,exit_overhead,_address,procedure,1400,357668,255,1400,0,._rxsysb..addressresponse,request=.addressrequest,complete
rexxcps-opaque-heavy-retained-baseline-vm,13,rxfnsb._stream_span,elapsed,parseExec,procedure,7000,8051552,1150,7000,0,.string,"source=.string,start=.int,span_length=.int",complete
rexxcps-opaque-heavy-retained-baseline-vm,13,rxfnsb._stream_span,inclusive_body,parseExec,procedure,7000,4798093,685,7000,0,.string,"source=.string,start=.int,span_length=.int",complete
rexxcps-opaque-heavy-retained-baseline-vm,13,rxfnsb._stream_span,self,parseExec,procedure,7000,4798093,685,7000,0,.string,"source=.string,start=.int,span_length=.int",complete
rexxcps-opaque-heavy-retained-baseline-vm,13,rxfnsb._stream_span,native_child,parseExec,procedure,7000,0,0,7000,0,.string,"source=.string,start=.int,span_length=.int",complete
rexxcps-opaque-heavy-retained-baseline-vm,13,rxfnsb._stream_span,entry_overhead,parseExec,procedure,7000,2829944,404,7000,0,.string,"source=.string,start=.int,span_length=.int",complete
rexxcps-opaque-heavy-retained-baseline-vm,13,rxfnsb._stream_span,exit_overhead,parseExec,procedure,7000,423515,60,7000,0,.string,"source=.string,start=.int,span_length=.int",complete
rexxcps-opaque-heavy-retained-baseline-vm,14,rxfnsb._trace_set,elapsed,trace,procedure,1402,5942220,4238,1402,0,.void,mode=.string,complete
rexxcps-opaque-heavy-retained-baseline-vm,14,rxfnsb._trace_set,inclusive_body,trace,procedure,1402,5514578,3933,1402,0,.void,mode=.string,complete
rexxcps-opaque-heavy-retained-baseline-vm,14,rxfnsb._trace_set,self,trace,procedure,1402,3950840,2818,1402,0,.void,mode=.string,complete
rexxcps-opaque-heavy-retained-baseline-vm,14,rxfnsb._trace_set,native_child,trace,procedure,1402,0,0,1402,0,.void,mode=.string,complete
rexxcps-opaque-heavy-retained-baseline-vm,14,rxfnsb._trace_set,entry_overhead,trace,procedure,1402,299815,213,1402,0,.void,mode=.string,complete
rexxcps-opaque-heavy-retained-baseline-vm,14,rxfnsb._trace_set,exit_overhead,trace,procedure,1402,127827,91,1402,0,.void,mode=.string,complete
rexxcps-opaque-heavy-retained-baseline-vm,15,_rxsysb.unknownaddressenvironment.execute,elapsed,_address,method,1400,4229181,3020,1400,0,._rxsysb..addressresponse,request=.addressrequest,complete
rexxcps-opaque-heavy-retained-baseline-vm,15,_rxsysb.unknownaddressenvironment.execute,inclusive_body,_address,method,1400,3746164,2675,1400,0,._rxsysb..addressresponse,request=.addressrequest,complete
rexxcps-opaque-heavy-retained-baseline-vm,15,_rxsysb.unknownaddressenvironment.execute,self,_address,method,1400,3746164,2675,1400,0,._rxsysb..addressresponse,request=.addressrequest,complete
rexxcps-opaque-heavy-retained-baseline-vm,15,_rxsysb.unknownaddressenvironment.execute,native_child,_address,method,1400,0,0,1400,0,._rxsysb..addressresponse,request=.addressrequest,complete
rexxcps-opaque-heavy-retained-baseline-vm,15,_rxsysb.unknownaddressenvironment.execute,entry_overhead,_address,method,1400,401243,286,1400,0,._rxsysb..addressresponse,request=.addressrequest,complete
rexxcps-opaque-heavy-retained-baseline-vm,15,_rxsysb.unknownaddressenvironment.execute,exit_overhead,_address,method,1400,81774,58,1400,0,._rxsysb..addressresponse,request=.addressrequest,complete
rexxcps-opaque-heavy-retained-baseline-vm,16,rxfnsb._trace_ensure_runtime,elapsed,trace,procedure,7004,2694943,384,7004,0,.void,,complete
rexxcps-opaque-heavy-retained-baseline-vm,16,rxfnsb._trace_ensure_runtime,inclusive_body,trace,procedure,7004,1400086,199,7004,0,.void,,complete
rexxcps-opaque-heavy-retained-baseline-vm,16,rxfnsb._trace_ensure_runtime,self,trace,procedure,7004,1243632,177,7004,0,.void,,complete
rexxcps-opaque-heavy-retained-baseline-vm,16,rxfnsb._trace_ensure_runtime,native_child,trace,procedure,7004,0,0,7004,0,.void,,complete
rexxcps-opaque-heavy-retained-baseline-vm,16,rxfnsb._trace_ensure_runtime,entry_overhead,trace,procedure,7004,1003580,143,7004,0,.void,,complete
rexxcps-opaque-heavy-retained-baseline-vm,16,rxfnsb._trace_ensure_runtime,exit_overhead,trace,procedure,7004,291277,41,7004,0,.void,,complete
rexxcps-opaque-heavy-retained-baseline-vm,17,_rxsysb._current_address_environment,elapsed,_address,procedure,2800,2506233,895,2800,0,.string,,complete
rexxcps-opaque-heavy-retained-baseline-vm,17,_rxsysb._current_address_environment,inclusive_body,_address,procedure,2800,1728368,617,2800,0,.string,,complete
rexxcps-opaque-heavy-retained-baseline-vm,17,_rxsysb._current_address_environment,self,_address,procedure,2800,733874,262,2800,0,.string,,complete
rexxcps-opaque-heavy-retained-baseline-vm,17,_rxsysb._current_address_environment,native_child,_address,procedure,2800,0,0,2800,0,.string,,complete
rexxcps-opaque-heavy-retained-baseline-vm,17,_rxsysb._current_address_environment,entry_overhead,_address,procedure,2800,626688,223,2800,0,.string,,complete
rexxcps-opaque-heavy-retained-baseline-vm,17,_rxsysb._current_address_environment,exit_overhead,_address,procedure,2800,151177,53,2800,0,.string,,complete
rexxcps-opaque-heavy-retained-baseline-vm,18,rxfnsb._trace_current_mode,elapsed,trace,procedure,2802,2179047,777,2802,0,.string,,complete
rexxcps-opaque-heavy-retained-baseline-vm,18,rxfnsb._trace_current_mode,inclusive_body,trace,procedure,2802,1568270,559,2802,0,.string,,complete
rexxcps-opaque-heavy-retained-baseline-vm,18,rxfnsb._trace_current_mode,self,trace,procedure,2802,611152,218,2802,0,.string,,complete
rexxcps-opaque-heavy-retained-baseline-vm,18,rxfnsb._trace_current_mode,native_child,trace,procedure,2802,0,0,2802,0,.string,,complete
rexxcps-opaque-heavy-retained-baseline-vm,18,rxfnsb._trace_current_mode,entry_overhead,trace,procedure,2802,435667,155,2802,0,.string,,complete
rexxcps-opaque-heavy-retained-baseline-vm,18,rxfnsb._trace_current_mode,exit_overhead,trace,procedure,2802,175110,62,2802,0,.string,,complete
rexxcps-opaque-heavy-retained-baseline-vm,19,rxfnsb._trace_normalize_mode,elapsed,trace,procedure,2803,2071000,738,2803,0,.string,mode=.string,complete
rexxcps-opaque-heavy-retained-baseline-vm,19,rxfnsb._trace_normalize_mode,inclusive_body,trace,procedure,2803,1257678,448,2803,0,.string,mode=.string,complete
rexxcps-opaque-heavy-retained-baseline-vm,19,rxfnsb._trace_normalize_mode,self,trace,procedure,2803,1243678,443,2803,0,.string,mode=.string,complete
rexxcps-opaque-heavy-retained-baseline-vm,19,rxfnsb._trace_normalize_mode,native_child,trace,procedure,2803,0,0,2803,0,.string,mode=.string,complete
rexxcps-opaque-heavy-retained-baseline-vm,19,rxfnsb._trace_normalize_mode,entry_overhead,trace,procedure,2803,641378,228,2803,0,.string,mode=.string,complete
rexxcps-opaque-heavy-retained-baseline-vm,19,rxfnsb._trace_normalize_mode,exit_overhead,trace,procedure,2803,171944,61,2803,0,.string,mode=.string,complete
rexxcps-opaque-heavy-retained-baseline-vm,20,rxfnsb._trace_mode_from_option,elapsed,trace,procedure,1401,1992973,1422,1401,0,.string,option=.string,complete
rexxcps-opaque-heavy-retained-baseline-vm,20,rxfnsb._trace_mode_from_option,inclusive_body,trace,procedure,1401,1515602,1081,1401,0,.string,option=.string,complete
rexxcps-opaque-heavy-retained-baseline-vm,20,rxfnsb._trace_mode_from_option,self,trace,procedure,1401,400761,286,1401,0,.string,option=.string,complete
rexxcps-opaque-heavy-retained-baseline-vm,20,rxfnsb._trace_mode_from_option,native_child,trace,procedure,1401,0,0,1401,0,.string,option=.string,complete
rexxcps-opaque-heavy-retained-baseline-vm,20,rxfnsb._trace_mode_from_option,entry_overhead,trace,procedure,1401,328794,234,1401,0,.string,option=.string,complete
rexxcps-opaque-heavy-retained-baseline-vm,20,rxfnsb._trace_mode_from_option,exit_overhead,trace,procedure,1401,148577,106,1401,0,.string,option=.string,complete
rexxcps-opaque-heavy-retained-baseline-vm,21,rxfnsb.upper,elapsed,upper,procedure,2800,1657125,591,2800,0,.string,expose string=.string,complete
rexxcps-opaque-heavy-retained-baseline-vm,21,rxfnsb.upper,inclusive_body,upper,procedure,2800,615133,219,2800,0,.string,expose string=.string,complete
rexxcps-opaque-heavy-retained-baseline-vm,21,rxfnsb.upper,self,upper,procedure,2800,615133,219,2800,0,.string,expose string=.string,complete
rexxcps-opaque-heavy-retained-baseline-vm,21,rxfnsb.upper,native_child,upper,procedure,2800,0,0,2800,0,.string,expose string=.string,complete
rexxcps-opaque-heavy-retained-baseline-vm,21,rxfnsb.upper,entry_overhead,upper,procedure,2800,876205,312,2800,0,.string,expose string=.string,complete
rexxcps-opaque-heavy-retained-baseline-vm,21,rxfnsb.upper,exit_overhead,upper,procedure,2800,165787,59,2800,0,.string,expose string=.string,complete
rexxcps-opaque-heavy-retained-baseline-vm,22,rxfnsb._trace_command_before,elapsed,trace,procedure,1400,1419664,1014,1400,0,.void,"environment=.string,command=.string",complete
rexxcps-opaque-heavy-retained-baseline-vm,22,rxfnsb._trace_command_before,inclusive_body,trace,procedure,1400,896619,640,1400,0,.void,"environment=.string,command=.string",complete
rexxcps-opaque-heavy-retained-baseline-vm,22,rxfnsb._trace_command_before,self,trace,procedure,1400,300583,214,1400,0,.void,"environment=.string,command=.string",complete
rexxcps-opaque-heavy-retained-baseline-vm,22,rxfnsb._trace_command_before,native_child,trace,procedure,1400,0,0,1400,0,.void,"environment=.string,command=.string",complete
rexxcps-opaque-heavy-retained-baseline-vm,22,rxfnsb._trace_command_before,entry_overhead,trace,procedure,1400,467908,334,1400,0,.void,"environment=.string,command=.string",complete
rexxcps-opaque-heavy-retained-baseline-vm,22,rxfnsb._trace_command_before,exit_overhead,trace,procedure,1400,55137,39,1400,0,.void,"environment=.string,command=.string",complete
rexxcps-opaque-heavy-retained-baseline-vm,23,rxfnsb._trace_command_after,elapsed,trace,procedure,1400,1363244,973,1400,0,.void,"environment=.string,command=.string,rc=.int,condition=.string",complete
rexxcps-opaque-heavy-retained-baseline-vm,23,rxfnsb._trace_command_after,inclusive_body,trace,procedure,1400,818698,584,1400,0,.void,"environment=.string,command=.string,rc=.int,condition=.string",complete
rexxcps-opaque-heavy-retained-baseline-vm,23,rxfnsb._trace_command_after,self,trace,procedure,1400,284488,203,1400,0,.void,"environment=.string,command=.string,rc=.int,condition=.string",complete
rexxcps-opaque-heavy-retained-baseline-vm,23,rxfnsb._trace_command_after,native_child,trace,procedure,1400,0,0,1400,0,.void,"environment=.string,command=.string,rc=.int,condition=.string",complete
rexxcps-opaque-heavy-retained-baseline-vm,23,rxfnsb._trace_command_after,entry_overhead,trace,procedure,1400,491706,351,1400,0,.void,"environment=.string,command=.string,rc=.int,condition=.string",complete
rexxcps-opaque-heavy-retained-baseline-vm,23,rxfnsb._trace_command_after,exit_overhead,trace,procedure,1400,52840,37,1400,0,.void,"environment=.string,command=.string,rc=.int,condition=.string",complete
rexxcps-opaque-heavy-retained-baseline-vm,24,_rxsysb.unknownaddressenvironment.environment_name,elapsed,_address,method,1399,809418,578,1399,0,.string,,complete
rexxcps-opaque-heavy-retained-baseline-vm,24,_rxsysb.unknownaddressenvironment.environment_name,inclusive_body,_address,method,1399,302898,216,1399,0,.string,,complete
rexxcps-opaque-heavy-retained-baseline-vm,24,_rxsysb.unknownaddressenvironment.environment_name,self,_address,method,1399,302898,216,1399,0,.string,,complete
rexxcps-opaque-heavy-retained-baseline-vm,24,_rxsysb.unknownaddressenvironment.environment_name,native_child,_address,method,1399,0,0,1399,0,.string,,complete
rexxcps-opaque-heavy-retained-baseline-vm,24,_rxsysb.unknownaddressenvironment.environment_name,entry_overhead,_address,method,1399,428092,305,1399,0,.string,,complete
rexxcps-opaque-heavy-retained-baseline-vm,24,_rxsysb.unknownaddressenvironment.environment_name,exit_overhead,_address,method,1399,78428,56,1399,0,.string,,complete
rexxcps-opaque-heavy-retained-baseline-vm,25,rexxcps_levelb_opaque.__rxtrace_reset_display_state,elapsed,benchmark_rexxcps_levelb_opaque_opt,procedure,1402,533280,380,1402,0,.void,,complete
rexxcps-opaque-heavy-retained-baseline-vm,25,rexxcps_levelb_opaque.__rxtrace_reset_display_state,inclusive_body,benchmark_rexxcps_levelb_opaque_opt,procedure,1402,291141,207,1402,0,.void,,complete
rexxcps-opaque-heavy-retained-baseline-vm,25,rexxcps_levelb_opaque.__rxtrace_reset_display_state,self,benchmark_rexxcps_levelb_opaque_opt,procedure,1402,291141,207,1402,0,.void,,complete
rexxcps-opaque-heavy-retained-baseline-vm,25,rexxcps_levelb_opaque.__rxtrace_reset_display_state,native_child,benchmark_rexxcps_levelb_opaque_opt,procedure,1402,0,0,1402,0,.void,,complete
rexxcps-opaque-heavy-retained-baseline-vm,25,rexxcps_levelb_opaque.__rxtrace_reset_display_state,entry_overhead,benchmark_rexxcps_levelb_opaque_opt,procedure,1402,174750,124,1402,0,.void,,complete
rexxcps-opaque-heavy-retained-baseline-vm,25,rexxcps_levelb_opaque.__rxtrace_reset_display_state,exit_overhead,benchmark_rexxcps_levelb_opaque_opt,procedure,1402,67389,48,1402,0,.void,,complete
rexxcps-opaque-heavy-retained-baseline-vm,26,rxfnsb.time,elapsed,time,procedure,4,314792,78698,4,0,.string,?option=.string,complete
rexxcps-opaque-heavy-retained-baseline-vm,26,rxfnsb.time,inclusive_body,time,procedure,4,308999,77249,4,0,.string,?option=.string,complete
rexxcps-opaque-heavy-retained-baseline-vm,26,rxfnsb.time,self,time,procedure,4,297998,74499,4,0,.string,?option=.string,complete
rexxcps-opaque-heavy-retained-baseline-vm,26,rxfnsb.time,native_child,time,procedure,4,0,0,4,0,.string,?option=.string,complete
rexxcps-opaque-heavy-retained-baseline-vm,26,rxfnsb.time,entry_overhead,time,procedure,4,4251,1062,4,0,.string,?option=.string,complete
rexxcps-opaque-heavy-retained-baseline-vm,26,rxfnsb.time,exit_overhead,time,procedure,4,1542,385,4,0,.string,?option=.string,complete
rexxcps-opaque-heavy-retained-baseline-vm,27,rxfnsb.tracecontroller.add_suppressed_namespace,elapsed,trace,method,16,156454,9778,16,0,.void,namespace_name=.string,complete
rexxcps-opaque-heavy-retained-baseline-vm,27,rxfnsb.tracecontroller.add_suppressed_namespace,inclusive_body,trace,method,16,150001,9375,16,0,.void,namespace_name=.string,complete
rexxcps-opaque-heavy-retained-baseline-vm,27,rxfnsb.tracecontroller.add_suppressed_namespace,self,trace,method,16,111583,6973,16,0,.void,namespace_name=.string,complete
rexxcps-opaque-heavy-retained-baseline-vm,27,rxfnsb.tracecontroller.add_suppressed_namespace,native_child,trace,method,16,0,0,16,0,.void,namespace_name=.string,complete
rexxcps-opaque-heavy-retained-baseline-vm,27,rxfnsb.tracecontroller.add_suppressed_namespace,entry_overhead,trace,method,16,4873,304,16,0,.void,namespace_name=.string,complete
rexxcps-opaque-heavy-retained-baseline-vm,27,rxfnsb.tracecontroller.add_suppressed_namespace,exit_overhead,trace,method,16,1580,98,16,0,.void,namespace_name=.string,complete
rexxcps-opaque-heavy-retained-baseline-vm,28,rxfnsb.format,elapsed,format,procedure,2,23916,11958,2,0,.string,"number=.decimal,?before=.int,?after=.int,?expp=.int,?expt=.int",complete
rexxcps-opaque-heavy-retained-baseline-vm,28,rxfnsb.format,inclusive_body,format,procedure,2,18709,9354,2,0,.string,"number=.decimal,?before=.int,?after=.int,?expp=.int,?expt=.int",complete
rexxcps-opaque-heavy-retained-baseline-vm,28,rxfnsb.format,self,format,procedure,2,18709,9354,2,0,.string,"number=.decimal,?before=.int,?after=.int,?expp=.int,?expt=.int",complete
rexxcps-opaque-heavy-retained-baseline-vm,28,rxfnsb.format,native_child,format,procedure,2,0,0,2,0,.string,"number=.decimal,?before=.int,?after=.int,?expp=.int,?expt=.int",complete
rexxcps-opaque-heavy-retained-baseline-vm,28,rxfnsb.format,entry_overhead,format,procedure,2,4875,2437,2,0,.string,"number=.decimal,?before=.int,?after=.int,?expp=.int,?expt=.int",complete
rexxcps-opaque-heavy-retained-baseline-vm,28,rxfnsb.format,exit_overhead,format,procedure,2,332,166,2,0,.string,"number=.decimal,?before=.int,?after=.int,?expp=.int,?expt=.int",complete
rexxcps-opaque-heavy-retained-baseline-vm,29,_rxsysb.systemaddressenvironment.§factory,elapsed,_address,factory,3,18165,6055,3,0,._rxsysb..systemaddressenvironment,env_name=.string,complete
rexxcps-opaque-heavy-retained-baseline-vm,29,_rxsysb.systemaddressenvironment.§factory,inclusive_body,_address,factory,3,15083,5027,3,0,._rxsysb..systemaddressenvironment,env_name=.string,complete
rexxcps-opaque-heavy-retained-baseline-vm,29,_rxsysb.systemaddressenvironment.§factory,self,_address,factory,3,5084,1694,3,0,._rxsysb..systemaddressenvironment,env_name=.string,complete
rexxcps-opaque-heavy-retained-baseline-vm,29,_rxsysb.systemaddressenvironment.§factory,native_child,_address,factory,3,0,0,3,0,._rxsysb..systemaddressenvironment,env_name=.string,complete
rexxcps-opaque-heavy-retained-baseline-vm,29,_rxsysb.systemaddressenvironment.§factory,entry_overhead,_address,factory,3,2333,777,3,0,._rxsysb..systemaddressenvironment,env_name=.string,complete
rexxcps-opaque-heavy-retained-baseline-vm,29,_rxsysb.systemaddressenvironment.§factory,exit_overhead,_address,factory,3,749,249,3,0,._rxsysb..systemaddressenvironment,env_name=.string,complete
rexxcps-opaque-heavy-retained-baseline-vm,30,_rxsysb.systemaddressenvironment.bind_environment,elapsed,_address,method,3,12041,4013,3,0,.void,"env_name=.string,instance_id=.string",complete
rexxcps-opaque-heavy-retained-baseline-vm,30,_rxsysb.systemaddressenvironment.bind_environment,inclusive_body,_address,method,3,10458,3486,3,0,.void,"env_name=.string,instance_id=.string",complete
rexxcps-opaque-heavy-retained-baseline-vm,30,_rxsysb.systemaddressenvironment.bind_environment,self,_address,method,3,2749,916,3,0,.void,"env_name=.string,instance_id=.string",complete
rexxcps-opaque-heavy-retained-baseline-vm,30,_rxsysb.systemaddressenvironment.bind_environment,native_child,_address,method,3,0,0,3,0,.void,"env_name=.string,instance_id=.string",complete
rexxcps-opaque-heavy-retained-baseline-vm,30,_rxsysb.systemaddressenvironment.bind_environment,entry_overhead,_address,method,3,1208,402,3,0,.void,"env_name=.string,instance_id=.string",complete
rexxcps-opaque-heavy-retained-baseline-vm,30,_rxsysb.systemaddressenvironment.bind_environment,exit_overhead,_address,method,3,375,125,3,0,.void,"env_name=.string,instance_id=.string",complete
rexxcps-opaque-heavy-retained-baseline-vm,31,_rxsysb._elapsed,elapsed,/Users/adrian/CLionProjects/CREXX/lib/rxfnsb/rxas/_elapsed,procedure,12,11001,916,12,0,.int,value=.int,complete
rexxcps-opaque-heavy-retained-baseline-vm,31,_rxsysb._elapsed,inclusive_body,/Users/adrian/CLionProjects/CREXX/lib/rxfnsb/rxas/_elapsed,procedure,12,4416,368,12,0,.int,value=.int,complete
rexxcps-opaque-heavy-retained-baseline-vm,31,_rxsysb._elapsed,self,/Users/adrian/CLionProjects/CREXX/lib/rxfnsb/rxas/_elapsed,procedure,12,4416,368,12,0,.int,value=.int,complete
rexxcps-opaque-heavy-retained-baseline-vm,31,_rxsysb._elapsed,native_child,/Users/adrian/CLionProjects/CREXX/lib/rxfnsb/rxas/_elapsed,procedure,12,0,0,12,0,.int,value=.int,complete
rexxcps-opaque-heavy-retained-baseline-vm,31,_rxsysb._elapsed,entry_overhead,/Users/adrian/CLionProjects/CREXX/lib/rxfnsb/rxas/_elapsed,procedure,12,4251,354,12,0,.int,value=.int,complete
rexxcps-opaque-heavy-retained-baseline-vm,31,_rxsysb._elapsed,exit_overhead,/Users/adrian/CLionProjects/CREXX/lib/rxfnsb/rxas/_elapsed,procedure,12,2334,194,12,0,.int,value=.int,complete
rexxcps-opaque-heavy-retained-baseline-vm,32,rxfnsb.stem.§factory,elapsed,stem,factory,2,7208,3604,2,0,.rxfnsb..stem,,complete
rexxcps-opaque-heavy-retained-baseline-vm,32,rxfnsb.stem.§factory,inclusive_body,stem,factory,2,3916,1958,2,0,.rxfnsb..stem,,complete
rexxcps-opaque-heavy-retained-baseline-vm,32,rxfnsb.stem.§factory,self,stem,factory,2,3916,1958,2,0,.rxfnsb..stem,,complete
rexxcps-opaque-heavy-retained-baseline-vm,32,rxfnsb.stem.§factory,native_child,stem,factory,2,0,0,2,0,.rxfnsb..stem,,complete
rexxcps-opaque-heavy-retained-baseline-vm,32,rxfnsb.stem.§factory,entry_overhead,stem,factory,2,2084,1042,2,0,.rxfnsb..stem,,complete
rexxcps-opaque-heavy-retained-baseline-vm,32,rxfnsb.stem.§factory,exit_overhead,stem,factory,2,1208,604,2,0,.rxfnsb..stem,,complete
rexxcps-opaque-heavy-retained-baseline-vm,33,_rxsysb.crexxaddressenvironment.§factory,elapsed,_address,factory,1,6250,6250,1,0,._rxsysb..crexxaddressenvironment,env_name=.string,complete
rexxcps-opaque-heavy-retained-baseline-vm,33,_rxsysb.crexxaddressenvironment.§factory,inclusive_body,_address,factory,1,4750,4750,1,0,._rxsysb..crexxaddressenvironment,env_name=.string,complete
rexxcps-opaque-heavy-retained-baseline-vm,33,_rxsysb.crexxaddressenvironment.§factory,self,_address,factory,1,1708,1708,1,0,._rxsysb..crexxaddressenvironment,env_name=.string,complete
rexxcps-opaque-heavy-retained-baseline-vm,33,_rxsysb.crexxaddressenvironment.§factory,native_child,_address,factory,1,0,0,1,0,._rxsysb..crexxaddressenvironment,env_name=.string,complete
rexxcps-opaque-heavy-retained-baseline-vm,33,_rxsysb.crexxaddressenvironment.§factory,entry_overhead,_address,factory,1,1417,1417,1,0,._rxsysb..crexxaddressenvironment,env_name=.string,complete
rexxcps-opaque-heavy-retained-baseline-vm,33,_rxsysb.crexxaddressenvironment.§factory,exit_overhead,_address,factory,1,83,83,1,0,._rxsysb..crexxaddressenvironment,env_name=.string,complete
rexxcps-opaque-heavy-retained-baseline-vm,34,_rxsysb.shelladdressenvironment.§factory,elapsed,_address,factory,1,4958,4958,1,0,._rxsysb..shelladdressenvironment,env_name=.string,complete
rexxcps-opaque-heavy-retained-baseline-vm,34,_rxsysb.shelladdressenvironment.§factory,inclusive_body,_address,factory,1,4209,4209,1,0,._rxsysb..shelladdressenvironment,env_name=.string,complete
rexxcps-opaque-heavy-retained-baseline-vm,34,_rxsysb.shelladdressenvironment.§factory,self,_address,factory,1,1459,1459,1,0,._rxsysb..shelladdressenvironment,env_name=.string,complete
rexxcps-opaque-heavy-retained-baseline-vm,34,_rxsysb.shelladdressenvironment.§factory,native_child,_address,factory,1,0,0,1,0,._rxsysb..shelladdressenvironment,env_name=.string,complete
rexxcps-opaque-heavy-retained-baseline-vm,34,_rxsysb.shelladdressenvironment.§factory,entry_overhead,_address,factory,1,583,583,1,0,._rxsysb..shelladdressenvironment,env_name=.string,complete
rexxcps-opaque-heavy-retained-baseline-vm,34,_rxsysb.shelladdressenvironment.§factory,exit_overhead,_address,factory,1,166,166,1,0,._rxsysb..shelladdressenvironment,env_name=.string,complete
rexxcps-opaque-heavy-retained-baseline-vm,35,_rxsysb.systemaddressenvironment.environment_id,elapsed,_address,method,3,4917,1639,3,0,.string,,complete
rexxcps-opaque-heavy-retained-baseline-vm,35,_rxsysb.systemaddressenvironment.environment_id,inclusive_body,_address,method,3,833,277,3,0,.string,,complete
rexxcps-opaque-heavy-retained-baseline-vm,35,_rxsysb.systemaddressenvironment.environment_id,self,_address,method,3,833,277,3,0,.string,,complete
rexxcps-opaque-heavy-retained-baseline-vm,35,_rxsysb.systemaddressenvironment.environment_id,native_child,_address,method,3,0,0,3,0,.string,,complete
rexxcps-opaque-heavy-retained-baseline-vm,35,_rxsysb.systemaddressenvironment.environment_id,entry_overhead,_address,method,3,3793,1264,3,0,.string,,complete
rexxcps-opaque-heavy-retained-baseline-vm,35,_rxsysb.systemaddressenvironment.environment_id,exit_overhead,_address,method,3,291,97,3,0,.string,,complete
rexxcps-opaque-heavy-retained-baseline-vm,36,_rxsysb.pathaddressenvironment.§factory,elapsed,_address,factory,1,4792,4792,1,0,._rxsysb..pathaddressenvironment,env_name=.string,complete
rexxcps-opaque-heavy-retained-baseline-vm,36,_rxsysb.pathaddressenvironment.§factory,inclusive_body,_address,factory,1,4000,4000,1,0,._rxsysb..pathaddressenvironment,env_name=.string,complete
rexxcps-opaque-heavy-retained-baseline-vm,36,_rxsysb.pathaddressenvironment.§factory,self,_address,factory,1,1375,1375,1,0,._rxsysb..pathaddressenvironment,env_name=.string,complete
rexxcps-opaque-heavy-retained-baseline-vm,36,_rxsysb.pathaddressenvironment.§factory,native_child,_address,factory,1,0,0,1,0,._rxsysb..pathaddressenvironment,env_name=.string,complete
rexxcps-opaque-heavy-retained-baseline-vm,36,_rxsysb.pathaddressenvironment.§factory,entry_overhead,_address,factory,1,625,625,1,0,._rxsysb..pathaddressenvironment,env_name=.string,complete
rexxcps-opaque-heavy-retained-baseline-vm,36,_rxsysb.pathaddressenvironment.§factory,exit_overhead,_address,factory,1,167,167,1,0,._rxsysb..pathaddressenvironment,env_name=.string,complete
rexxcps-opaque-heavy-retained-baseline-vm,37,_rxsysb.unknownaddressenvironment.§factory,elapsed,_address,factory,1,4750,4750,1,0,._rxsysb..unknownaddressenvironment,env_name=.string,complete
rexxcps-opaque-heavy-retained-baseline-vm,37,_rxsysb.unknownaddressenvironment.§factory,inclusive_body,_address,factory,1,4000,4000,1,0,._rxsysb..unknownaddressenvironment,env_name=.string,complete
rexxcps-opaque-heavy-retained-baseline-vm,37,_rxsysb.unknownaddressenvironment.§factory,self,_address,factory,1,1333,1333,1,0,._rxsysb..unknownaddressenvironment,env_name=.string,complete
rexxcps-opaque-heavy-retained-baseline-vm,37,_rxsysb.unknownaddressenvironment.§factory,native_child,_address,factory,1,0,0,1,0,._rxsysb..unknownaddressenvironment,env_name=.string,complete
rexxcps-opaque-heavy-retained-baseline-vm,37,_rxsysb.unknownaddressenvironment.§factory,entry_overhead,_address,factory,1,625,625,1,0,._rxsysb..unknownaddressenvironment,env_name=.string,complete
rexxcps-opaque-heavy-retained-baseline-vm,37,_rxsysb.unknownaddressenvironment.§factory,exit_overhead,_address,factory,1,125,125,1,0,._rxsysb..unknownaddressenvironment,env_name=.string,complete
rexxcps-opaque-heavy-retained-baseline-vm,38,_rxsysb.crexxaddressenvironment.bind_environment,elapsed,_address,method,1,4708,4708,1,0,.void,"env_name=.string,instance_id=.string",complete
rexxcps-opaque-heavy-retained-baseline-vm,38,_rxsysb.crexxaddressenvironment.bind_environment,inclusive_body,_address,method,1,3291,3291,1,0,.void,"env_name=.string,instance_id=.string",complete
rexxcps-opaque-heavy-retained-baseline-vm,38,_rxsysb.crexxaddressenvironment.bind_environment,self,_address,method,1,875,875,1,0,.void,"env_name=.string,instance_id=.string",complete
rexxcps-opaque-heavy-retained-baseline-vm,38,_rxsysb.crexxaddressenvironment.bind_environment,native_child,_address,method,1,0,0,1,0,.void,"env_name=.string,instance_id=.string",complete
rexxcps-opaque-heavy-retained-baseline-vm,38,_rxsysb.crexxaddressenvironment.bind_environment,entry_overhead,_address,method,1,1292,1292,1,0,.void,"env_name=.string,instance_id=.string",complete
rexxcps-opaque-heavy-retained-baseline-vm,38,_rxsysb.crexxaddressenvironment.bind_environment,exit_overhead,_address,method,1,125,125,1,0,.void,"env_name=.string,instance_id=.string",complete
rexxcps-opaque-heavy-retained-baseline-vm,39,rxfnsb.pos,elapsed,pos,procedure,2,3875,1937,2,0,.int,"needle=.string,haystack=.string,?start=.int",complete
rexxcps-opaque-heavy-retained-baseline-vm,39,rxfnsb.pos,inclusive_body,pos,procedure,2,1832,916,2,0,.int,"needle=.string,haystack=.string,?start=.int",complete
rexxcps-opaque-heavy-retained-baseline-vm,39,rxfnsb.pos,self,pos,procedure,2,1832,916,2,0,.int,"needle=.string,haystack=.string,?start=.int",complete
rexxcps-opaque-heavy-retained-baseline-vm,39,rxfnsb.pos,native_child,pos,procedure,2,0,0,2,0,.int,"needle=.string,haystack=.string,?start=.int",complete
rexxcps-opaque-heavy-retained-baseline-vm,39,rxfnsb.pos,entry_overhead,pos,procedure,2,1834,917,2,0,.int,"needle=.string,haystack=.string,?start=.int",complete
rexxcps-opaque-heavy-retained-baseline-vm,39,rxfnsb.pos,exit_overhead,pos,procedure,2,209,104,2,0,.int,"needle=.string,haystack=.string,?start=.int",complete
rexxcps-opaque-heavy-retained-baseline-vm,40,_rxsysb.pathaddressenvironment.bind_environment,elapsed,_address,method,1,3625,3625,1,0,.void,"env_name=.string,instance_id=.string",complete
rexxcps-opaque-heavy-retained-baseline-vm,40,_rxsysb.pathaddressenvironment.bind_environment,inclusive_body,_address,method,1,3208,3208,1,0,.void,"env_name=.string,instance_id=.string",complete
rexxcps-opaque-heavy-retained-baseline-vm,40,_rxsysb.pathaddressenvironment.bind_environment,self,_address,method,1,916,916,1,0,.void,"env_name=.string,instance_id=.string",complete
rexxcps-opaque-heavy-retained-baseline-vm,40,_rxsysb.pathaddressenvironment.bind_environment,native_child,_address,method,1,0,0,1,0,.void,"env_name=.string,instance_id=.string",complete
rexxcps-opaque-heavy-retained-baseline-vm,40,_rxsysb.pathaddressenvironment.bind_environment,entry_overhead,_address,method,1,333,333,1,0,.void,"env_name=.string,instance_id=.string",complete
rexxcps-opaque-heavy-retained-baseline-vm,40,_rxsysb.pathaddressenvironment.bind_environment,exit_overhead,_address,method,1,84,84,1,0,.void,"env_name=.string,instance_id=.string",complete
rexxcps-opaque-heavy-retained-baseline-vm,41,_rxsysb.shelladdressenvironment.bind_environment,elapsed,_address,method,1,3584,3584,1,0,.void,"env_name=.string,instance_id=.string",complete
rexxcps-opaque-heavy-retained-baseline-vm,41,_rxsysb.shelladdressenvironment.bind_environment,inclusive_body,_address,method,1,3125,3125,1,0,.void,"env_name=.string,instance_id=.string",complete
rexxcps-opaque-heavy-retained-baseline-vm,41,_rxsysb.shelladdressenvironment.bind_environment,self,_address,method,1,834,834,1,0,.void,"env_name=.string,instance_id=.string",complete
rexxcps-opaque-heavy-retained-baseline-vm,41,_rxsysb.shelladdressenvironment.bind_environment,native_child,_address,method,1,0,0,1,0,.void,"env_name=.string,instance_id=.string",complete
rexxcps-opaque-heavy-retained-baseline-vm,41,_rxsysb.shelladdressenvironment.bind_environment,entry_overhead,_address,method,1,334,334,1,0,.void,"env_name=.string,instance_id=.string",complete
rexxcps-opaque-heavy-retained-baseline-vm,41,_rxsysb.shelladdressenvironment.bind_environment,exit_overhead,_address,method,1,125,125,1,0,.void,"env_name=.string,instance_id=.string",complete
rexxcps-opaque-heavy-retained-baseline-vm,42,_rxsysb.unknownaddressenvironment.bind_environment,elapsed,_address,method,1,3542,3542,1,0,.void,"env_name=.string,instance_id=.string",complete
rexxcps-opaque-heavy-retained-baseline-vm,42,_rxsysb.unknownaddressenvironment.bind_environment,inclusive_body,_address,method,1,3167,3167,1,0,.void,"env_name=.string,instance_id=.string",complete
rexxcps-opaque-heavy-retained-baseline-vm,42,_rxsysb.unknownaddressenvironment.bind_environment,self,_address,method,1,876,876,1,0,.void,"env_name=.string,instance_id=.string",complete
rexxcps-opaque-heavy-retained-baseline-vm,42,_rxsysb.unknownaddressenvironment.bind_environment,native_child,_address,method,1,0,0,1,0,.void,"env_name=.string,instance_id=.string",complete
rexxcps-opaque-heavy-retained-baseline-vm,42,_rxsysb.unknownaddressenvironment.bind_environment,entry_overhead,_address,method,1,292,292,1,0,.void,"env_name=.string,instance_id=.string",complete
rexxcps-opaque-heavy-retained-baseline-vm,42,_rxsysb.unknownaddressenvironment.bind_environment,exit_overhead,_address,method,1,83,83,1,0,.void,"env_name=.string,instance_id=.string",complete
rexxcps-opaque-heavy-retained-baseline-vm,43,_rxsysb.crexxaddressenvironment.environment_id,elapsed,_address,method,1,2375,2375,1,0,.string,,complete
rexxcps-opaque-heavy-retained-baseline-vm,43,_rxsysb.crexxaddressenvironment.environment_id,inclusive_body,_address,method,1,250,250,1,0,.string,,complete
rexxcps-opaque-heavy-retained-baseline-vm,43,_rxsysb.crexxaddressenvironment.environment_id,self,_address,method,1,250,250,1,0,.string,,complete
rexxcps-opaque-heavy-retained-baseline-vm,43,_rxsysb.crexxaddressenvironment.environment_id,native_child,_address,method,1,0,0,1,0,.string,,complete
rexxcps-opaque-heavy-retained-baseline-vm,43,_rxsysb.crexxaddressenvironment.environment_id,entry_overhead,_address,method,1,2042,2042,1,0,.string,,complete
rexxcps-opaque-heavy-retained-baseline-vm,43,_rxsysb.crexxaddressenvironment.environment_id,exit_overhead,_address,method,1,83,83,1,0,.string,,complete
rexxcps-opaque-heavy-retained-baseline-vm,44,_rxsysb.crexxaddressenvironment.environment_name,elapsed,_address,method,1,917,917,1,0,.string,,complete
rexxcps-opaque-heavy-retained-baseline-vm,44,_rxsysb.crexxaddressenvironment.environment_name,inclusive_body,_address,method,1,250,250,1,0,.string,,complete
rexxcps-opaque-heavy-retained-baseline-vm,44,_rxsysb.crexxaddressenvironment.environment_name,self,_address,method,1,250,250,1,0,.string,,complete
rexxcps-opaque-heavy-retained-baseline-vm,44,_rxsysb.crexxaddressenvironment.environment_name,native_child,_address,method,1,0,0,1,0,.string,,complete
rexxcps-opaque-heavy-retained-baseline-vm,44,_rxsysb.crexxaddressenvironment.environment_name,entry_overhead,_address,method,1,583,583,1,0,.string,,complete
rexxcps-opaque-heavy-retained-baseline-vm,44,_rxsysb.crexxaddressenvironment.environment_name,exit_overhead,_address,method,1,84,84,1,0,.string,,complete
rexxcps-opaque-heavy-retained-baseline-vm,45,_rxsysb.pathaddressenvironment.environment_id,elapsed,_address,method,1,750,750,1,0,.string,,complete
rexxcps-opaque-heavy-retained-baseline-vm,45,_rxsysb.pathaddressenvironment.environment_id,inclusive_body,_address,method,1,250,250,1,0,.string,,complete
rexxcps-opaque-heavy-retained-baseline-vm,45,_rxsysb.pathaddressenvironment.environment_id,self,_address,method,1,250,250,1,0,.string,,complete
rexxcps-opaque-heavy-retained-baseline-vm,45,_rxsysb.pathaddressenvironment.environment_id,native_child,_address,method,1,0,0,1,0,.string,,complete
rexxcps-opaque-heavy-retained-baseline-vm,45,_rxsysb.pathaddressenvironment.environment_id,entry_overhead,_address,method,1,416,416,1,0,.string,,complete
rexxcps-opaque-heavy-retained-baseline-vm,45,_rxsysb.pathaddressenvironment.environment_id,exit_overhead,_address,method,1,84,84,1,0,.string,,complete
rexxcps-opaque-heavy-retained-baseline-vm,46,_rxsysb.shelladdressenvironment.environment_id,elapsed,_address,method,1,750,750,1,0,.string,,complete
rexxcps-opaque-heavy-retained-baseline-vm,46,_rxsysb.shelladdressenvironment.environment_id,inclusive_body,_address,method,1,292,292,1,0,.string,,complete
rexxcps-opaque-heavy-retained-baseline-vm,46,_rxsysb.shelladdressenvironment.environment_id,self,_address,method,1,292,292,1,0,.string,,complete
rexxcps-opaque-heavy-retained-baseline-vm,46,_rxsysb.shelladdressenvironment.environment_id,native_child,_address,method,1,0,0,1,0,.string,,complete
rexxcps-opaque-heavy-retained-baseline-vm,46,_rxsysb.shelladdressenvironment.environment_id,entry_overhead,_address,method,1,416,416,1,0,.string,,complete
rexxcps-opaque-heavy-retained-baseline-vm,46,_rxsysb.shelladdressenvironment.environment_id,exit_overhead,_address,method,1,42,42,1,0,.string,,complete
rexxcps-opaque-heavy-retained-baseline-vm,47,_rxsysb.unknownaddressenvironment.environment_id,elapsed,_address,method,1,667,667,1,0,.string,,complete
rexxcps-opaque-heavy-retained-baseline-vm,47,_rxsysb.unknownaddressenvironment.environment_id,inclusive_body,_address,method,1,250,250,1,0,.string,,complete
rexxcps-opaque-heavy-retained-baseline-vm,47,_rxsysb.unknownaddressenvironment.environment_id,self,_address,method,1,250,250,1,0,.string,,complete
rexxcps-opaque-heavy-retained-baseline-vm,47,_rxsysb.unknownaddressenvironment.environment_id,native_child,_address,method,1,0,0,1,0,.string,,complete
rexxcps-opaque-heavy-retained-baseline-vm,47,_rxsysb.unknownaddressenvironment.environment_id,entry_overhead,_address,method,1,375,375,1,0,.string,,complete
rexxcps-opaque-heavy-retained-baseline-vm,47,_rxsysb.unknownaddressenvironment.environment_id,exit_overhead,_address,method,1,42,42,1,0,.string,,complete
rexxcps-opaque-heavy-retained-candidate-vm,1,rexxcps_levelb_opaque.main,elapsed,benchmark_rexxcps_levelb_opaque_opt,procedure,1,748245667,748245667,1,0,.int,,complete
rexxcps-opaque-heavy-retained-candidate-vm,1,rexxcps_levelb_opaque.main,inclusive_body,benchmark_rexxcps_levelb_opaque_opt,procedure,1,748242333,748242333,1,0,.int,,complete
rexxcps-opaque-heavy-retained-candidate-vm,1,rexxcps_levelb_opaque.main,self,benchmark_rexxcps_levelb_opaque_opt,procedure,1,39701210,39701210,1,0,.int,,complete
rexxcps-opaque-heavy-retained-candidate-vm,1,rexxcps_levelb_opaque.main,native_child,benchmark_rexxcps_levelb_opaque_opt,procedure,1,0,0,1,0,.int,,complete
rexxcps-opaque-heavy-retained-candidate-vm,1,rexxcps_levelb_opaque.main,entry_overhead,benchmark_rexxcps_levelb_opaque_opt,procedure,1,3292,3292,1,0,.int,,complete
rexxcps-opaque-heavy-retained-candidate-vm,1,rexxcps_levelb_opaque.main,exit_overhead,benchmark_rexxcps_levelb_opaque_opt,procedure,1,42,42,1,0,.int,,complete
rexxcps-opaque-heavy-retained-candidate-vm,2,rxfnsb.parseexec,elapsed,parseExec,procedure,9800,437317270,44624,9800,0,.string[*],"src=.string,splan=.string,template=.string,?debug=.int",complete
rexxcps-opaque-heavy-retained-candidate-vm,2,rxfnsb.parseexec,inclusive_body,parseExec,procedure,9800,430933591,43972,9800,0,.string[*],"src=.string,splan=.string,template=.string,?debug=.int",complete
rexxcps-opaque-heavy-retained-candidate-vm,2,rxfnsb.parseexec,self,parseExec,procedure,9800,422236991,43085,9800,0,.string[*],"src=.string,splan=.string,template=.string,?debug=.int",complete
rexxcps-opaque-heavy-retained-candidate-vm,2,rxfnsb.parseexec,native_child,parseExec,procedure,9800,0,0,9800,0,.string[*],"src=.string,splan=.string,template=.string,?debug=.int",complete
rexxcps-opaque-heavy-retained-candidate-vm,2,rxfnsb.parseexec,entry_overhead,parseExec,procedure,9800,4543140,463,9800,0,.string[*],"src=.string,splan=.string,template=.string,?debug=.int",complete
rexxcps-opaque-heavy-retained-candidate-vm,2,rxfnsb.parseexec,exit_overhead,parseExec,procedure,9800,1840539,187,9800,0,.string[*],"src=.string,splan=.string,template=.string,?debug=.int",complete
rexxcps-opaque-heavy-retained-candidate-vm,3,rxfnsb.stem.get,elapsed,stem,method,12503,77976662,6236,12503,0,.string,key=.string,complete
rexxcps-opaque-heavy-retained-candidate-vm,3,rxfnsb.stem.get,inclusive_body,stem,method,12503,73072857,5844,12503,0,.string,key=.string,complete
rexxcps-opaque-heavy-retained-candidate-vm,3,rxfnsb.stem.get,self,stem,method,12503,73072857,5844,12503,0,.string,key=.string,complete
rexxcps-opaque-heavy-retained-candidate-vm,3,rxfnsb.stem.get,native_child,stem,method,12503,0,0,12503,0,.string,key=.string,complete
rexxcps-opaque-heavy-retained-candidate-vm,3,rxfnsb.stem.get,entry_overhead,stem,method,12503,4046444,323,12503,0,.string,key=.string,complete
rexxcps-opaque-heavy-retained-candidate-vm,3,rxfnsb.stem.get,exit_overhead,stem,method,12503,857361,68,12503,0,.string,key=.string,complete
rexxcps-opaque-heavy-retained-candidate-vm,4,_rxsysb._address,elapsed,_address,procedure,1400,72766154,51975,1400,0,.int,"?env=.string,?command=.string,in=.binary,out=.binary,err=.binary,expose ...=.string",complete
rexxcps-opaque-heavy-retained-candidate-vm,4,_rxsysb._address,inclusive_body,_address,procedure,1400,71990975,51422,1400,0,.int,"?env=.string,?command=.string,in=.binary,out=.binary,err=.binary,expose ...=.string",complete
rexxcps-opaque-heavy-retained-candidate-vm,4,_rxsysb._address,self,_address,procedure,1400,6461157,4615,1400,0,.int,"?env=.string,?command=.string,in=.binary,out=.binary,err=.binary,expose ...=.string",complete
rexxcps-opaque-heavy-retained-candidate-vm,4,_rxsysb._address,native_child,_address,procedure,1400,0,0,1400,0,.int,"?env=.string,?command=.string,in=.binary,out=.binary,err=.binary,expose ...=.string",complete
rexxcps-opaque-heavy-retained-candidate-vm,4,_rxsysb._address,entry_overhead,_address,procedure,1400,636074,454,1400,0,.int,"?env=.string,?command=.string,in=.binary,out=.binary,err=.binary,expose ...=.string",complete
rexxcps-opaque-heavy-retained-candidate-vm,4,_rxsysb._address,exit_overhead,_address,procedure,1400,139105,99,1400,0,.int,"?env=.string,?command=.string,in=.binary,out=.binary,err=.binary,expose ...=.string",complete
rexxcps-opaque-heavy-retained-candidate-vm,5,_rxsysb._ensure_address_environment,elapsed,_address,procedure,2806,61717795,21994,2806,0,.int,env_name=.string,complete
rexxcps-opaque-heavy-retained-candidate-vm,5,_rxsysb._ensure_address_environment,inclusive_body,_address,procedure,2806,60611533,21600,2806,0,.int,env_name=.string,complete
rexxcps-opaque-heavy-retained-candidate-vm,5,_rxsysb._ensure_address_environment,self,_address,procedure,2806,44052273,15699,2806,0,.int,env_name=.string,complete
rexxcps-opaque-heavy-retained-candidate-vm,5,_rxsysb._ensure_address_environment,native_child,_address,procedure,2806,0,0,2806,0,.int,env_name=.string,complete
rexxcps-opaque-heavy-retained-candidate-vm,5,_rxsysb._ensure_address_environment,entry_overhead,_address,procedure,2806,888822,316,2806,0,.int,env_name=.string,complete
rexxcps-opaque-heavy-retained-candidate-vm,5,_rxsysb._ensure_address_environment,exit_overhead,_address,procedure,2806,217440,77,2806,0,.int,env_name=.string,complete
rexxcps-opaque-heavy-retained-candidate-vm,6,_rxsysb.addressenv,elapsed,_address,procedure,1400,57592376,41137,1400,0,._rxsysb..addressenvironment,?env_name=.string,complete
rexxcps-opaque-heavy-retained-candidate-vm,6,_rxsysb.addressenv,inclusive_body,_address,procedure,1400,56744947,40532,1400,0,._rxsysb..addressenvironment,?env_name=.string,complete
rexxcps-opaque-heavy-retained-candidate-vm,6,_rxsysb.addressenv,self,_address,procedure,1400,576231,411,1400,0,._rxsysb..addressenvironment,?env_name=.string,complete
rexxcps-opaque-heavy-retained-candidate-vm,6,_rxsysb.addressenv,native_child,_address,procedure,1400,0,0,1400,0,._rxsysb..addressenvironment,?env_name=.string,complete
rexxcps-opaque-heavy-retained-candidate-vm,6,_rxsysb.addressenv,entry_overhead,_address,procedure,1400,514634,367,1400,0,._rxsysb..addressenvironment,?env_name=.string,complete
rexxcps-opaque-heavy-retained-candidate-vm,6,_rxsysb.addressenv,exit_overhead,_address,procedure,1400,332795,237,1400,0,._rxsysb..addressenvironment,?env_name=.string,complete
rexxcps-opaque-heavy-retained-candidate-vm,7,_rxsysb._address_environment,elapsed,_address,procedure,1400,56168716,40120,1400,0,._rxsysb..addressenvironment,?env_name=.string,complete
rexxcps-opaque-heavy-retained-candidate-vm,7,_rxsysb._address_environment,inclusive_body,_address,procedure,1400,55421506,39586,1400,0,._rxsysb..addressenvironment,?env_name=.string,complete
rexxcps-opaque-heavy-retained-candidate-vm,7,_rxsysb._address_environment,self,_address,procedure,1400,6235826,4454,1400,0,._rxsysb..addressenvironment,?env_name=.string,complete
rexxcps-opaque-heavy-retained-candidate-vm,7,_rxsysb._address_environment,native_child,_address,procedure,1400,0,0,1400,0,._rxsysb..addressenvironment,?env_name=.string,complete
rexxcps-opaque-heavy-retained-candidate-vm,7,_rxsysb._address_environment,entry_overhead,_address,procedure,1400,607284,433,1400,0,._rxsysb..addressenvironment,?env_name=.string,complete
rexxcps-opaque-heavy-retained-candidate-vm,7,_rxsysb._address_environment,exit_overhead,_address,procedure,1400,139926,99,1400,0,._rxsysb..addressenvironment,?env_name=.string,complete
rexxcps-opaque-heavy-retained-candidate-vm,8,rxfnsb.stem.set,elapsed,stem,method,8300,48146554,5800,8300,0,.void,"?key=.string,value=.string",complete
rexxcps-opaque-heavy-retained-candidate-vm,8,rxfnsb.stem.set,inclusive_body,stem,method,8300,44765038,5393,8300,0,.void,"?key=.string,value=.string",complete
rexxcps-opaque-heavy-retained-candidate-vm,8,rxfnsb.stem.set,self,stem,method,8300,44765038,5393,8300,0,.void,"?key=.string,value=.string",complete
rexxcps-opaque-heavy-retained-candidate-vm,8,rxfnsb.stem.set,native_child,stem,method,8300,0,0,8300,0,.void,"?key=.string,value=.string",complete
rexxcps-opaque-heavy-retained-candidate-vm,8,rxfnsb.stem.set,entry_overhead,stem,method,8300,2859544,344,8300,0,.void,"?key=.string,value=.string",complete
rexxcps-opaque-heavy-retained-candidate-vm,8,rxfnsb.stem.set,exit_overhead,stem,method,8300,521972,62,8300,0,.void,"?key=.string,value=.string",complete
rexxcps-opaque-heavy-retained-candidate-vm,9,rxfnsb.strip,elapsed,strip,procedure,15444,39336998,2547,15444,0,.string,"string=.string,?option=.string,?char=.string",complete
rexxcps-opaque-heavy-retained-candidate-vm,9,rxfnsb.strip,inclusive_body,strip,procedure,15444,33610939,2176,15444,0,.string,"string=.string,?option=.string,?char=.string",complete
rexxcps-opaque-heavy-retained-candidate-vm,9,rxfnsb.strip,self,strip,procedure,15444,33610939,2176,15444,0,.string,"string=.string,?option=.string,?char=.string",complete
rexxcps-opaque-heavy-retained-candidate-vm,9,rxfnsb.strip,native_child,strip,procedure,15444,0,0,15444,0,.string,"string=.string,?option=.string,?char=.string",complete
rexxcps-opaque-heavy-retained-candidate-vm,9,rxfnsb.strip,entry_overhead,strip,procedure,15444,4776459,309,15444,0,.string,"string=.string,?option=.string,?char=.string",complete
rexxcps-opaque-heavy-retained-candidate-vm,9,rxfnsb.strip,exit_overhead,strip,procedure,15444,949600,61,15444,0,.string,"string=.string,?option=.string,?char=.string",complete
rexxcps-opaque-heavy-retained-candidate-vm,10,_rxsysb._set_address_environment,elapsed,_address,procedure,1400,34332937,24523,1400,0,.int,env_name=.string,complete
rexxcps-opaque-heavy-retained-candidate-vm,10,_rxsysb._set_address_environment,inclusive_body,_address,procedure,1400,33761883,24115,1400,0,.int,env_name=.string,complete
rexxcps-opaque-heavy-retained-candidate-vm,10,_rxsysb._set_address_environment,self,_address,procedure,1400,5377691,3841,1400,0,.int,env_name=.string,complete
rexxcps-opaque-heavy-retained-candidate-vm,10,_rxsysb._set_address_environment,native_child,_address,procedure,1400,0,0,1400,0,.int,env_name=.string,complete
rexxcps-opaque-heavy-retained-candidate-vm,10,_rxsysb._set_address_environment,entry_overhead,_address,procedure,1400,482336,344,1400,0,.int,env_name=.string,complete
rexxcps-opaque-heavy-retained-candidate-vm,10,_rxsysb._set_address_environment,exit_overhead,_address,procedure,1400,88718,63,1400,0,.int,env_name=.string,complete
rexxcps-opaque-heavy-retained-candidate-vm,11,_rxsysb.ensure_address_runtime,elapsed,_address,procedure,11206,32241646,2877,11206,0,.void,,complete
rexxcps-opaque-heavy-retained-candidate-vm,11,_rxsysb.ensure_address_runtime,inclusive_body,_address,procedure,11206,29828478,2661,11206,0,.void,,complete
rexxcps-opaque-heavy-retained-candidate-vm,11,_rxsysb.ensure_address_runtime,self,_address,procedure,11206,2126269,189,11206,0,.void,,complete
rexxcps-opaque-heavy-retained-candidate-vm,11,_rxsysb.ensure_address_runtime,native_child,_address,procedure,11206,0,0,11206,0,.void,,complete
rexxcps-opaque-heavy-retained-candidate-vm,11,_rxsysb.ensure_address_runtime,entry_overhead,_address,procedure,11206,1935757,172,11206,0,.void,,complete
rexxcps-opaque-heavy-retained-candidate-vm,11,_rxsysb.ensure_address_runtime,exit_overhead,_address,procedure,11206,477411,42,11206,0,.void,,complete
rexxcps-opaque-heavy-retained-candidate-vm,12,_rxsysb.dispatch_address_request,elapsed,_address,procedure,1400,25657823,18327,1400,0,._rxsysb..addressresponse,request=.addressrequest,complete
rexxcps-opaque-heavy-retained-candidate-vm,12,_rxsysb.dispatch_address_request,inclusive_body,_address,procedure,1400,24721218,17658,1400,0,._rxsysb..addressresponse,request=.addressrequest,complete
rexxcps-opaque-heavy-retained-candidate-vm,12,_rxsysb.dispatch_address_request,self,_address,procedure,1400,9286315,6633,1400,0,._rxsysb..addressresponse,request=.addressrequest,complete
rexxcps-opaque-heavy-retained-candidate-vm,12,_rxsysb.dispatch_address_request,native_child,_address,procedure,1400,0,0,1400,0,._rxsysb..addressresponse,request=.addressrequest,complete
rexxcps-opaque-heavy-retained-candidate-vm,12,_rxsysb.dispatch_address_request,entry_overhead,_address,procedure,1400,540942,386,1400,0,._rxsysb..addressresponse,request=.addressrequest,complete
rexxcps-opaque-heavy-retained-candidate-vm,12,_rxsysb.dispatch_address_request,exit_overhead,_address,procedure,1400,395663,282,1400,0,._rxsysb..addressresponse,request=.addressrequest,complete
rexxcps-opaque-heavy-retained-candidate-vm,13,rxfnsb._stream_span,elapsed,parseExec,procedure,7000,8696600,1242,7000,0,.string,"source=.string,start=.int,span_length=.int",complete
rexxcps-opaque-heavy-retained-candidate-vm,13,rxfnsb._stream_span,inclusive_body,parseExec,procedure,7000,5204849,743,7000,0,.string,"source=.string,start=.int,span_length=.int",complete
rexxcps-opaque-heavy-retained-candidate-vm,13,rxfnsb._stream_span,self,parseExec,procedure,7000,5204849,743,7000,0,.string,"source=.string,start=.int,span_length=.int",complete
rexxcps-opaque-heavy-retained-candidate-vm,13,rxfnsb._stream_span,native_child,parseExec,procedure,7000,0,0,7000,0,.string,"source=.string,start=.int,span_length=.int",complete
rexxcps-opaque-heavy-retained-candidate-vm,13,rxfnsb._stream_span,entry_overhead,parseExec,procedure,7000,3006696,429,7000,0,.string,"source=.string,start=.int,span_length=.int",complete
rexxcps-opaque-heavy-retained-candidate-vm,13,rxfnsb._stream_span,exit_overhead,parseExec,procedure,7000,485055,69,7000,0,.string,"source=.string,start=.int,span_length=.int",complete
rexxcps-opaque-heavy-retained-candidate-vm,14,rxfnsb._trace_set,elapsed,trace,procedure,1402,6507342,4641,1402,0,.void,mode=.string,complete
rexxcps-opaque-heavy-retained-candidate-vm,14,rxfnsb._trace_set,inclusive_body,trace,procedure,1402,6045166,4311,1402,0,.void,mode=.string,complete
rexxcps-opaque-heavy-retained-candidate-vm,14,rxfnsb._trace_set,self,trace,procedure,1402,4356834,3107,1402,0,.void,mode=.string,complete
rexxcps-opaque-heavy-retained-candidate-vm,14,rxfnsb._trace_set,native_child,trace,procedure,1402,0,0,1402,0,.void,mode=.string,complete
rexxcps-opaque-heavy-retained-candidate-vm,14,rxfnsb._trace_set,entry_overhead,trace,procedure,1402,332972,237,1402,0,.void,mode=.string,complete
rexxcps-opaque-heavy-retained-candidate-vm,14,rxfnsb._trace_set,exit_overhead,trace,procedure,1402,129204,92,1402,0,.void,mode=.string,complete
rexxcps-opaque-heavy-retained-candidate-vm,15,_rxsysb.unknownaddressenvironment.execute,elapsed,_address,method,1400,4681963,3344,1400,0,._rxsysb..addressresponse,request=.addressrequest,complete
rexxcps-opaque-heavy-retained-candidate-vm,15,_rxsysb.unknownaddressenvironment.execute,inclusive_body,_address,method,1400,4107657,2934,1400,0,._rxsysb..addressresponse,request=.addressrequest,complete
rexxcps-opaque-heavy-retained-candidate-vm,15,_rxsysb.unknownaddressenvironment.execute,self,_address,method,1400,4107657,2934,1400,0,._rxsysb..addressresponse,request=.addressrequest,complete
rexxcps-opaque-heavy-retained-candidate-vm,15,_rxsysb.unknownaddressenvironment.execute,native_child,_address,method,1400,0,0,1400,0,._rxsysb..addressresponse,request=.addressrequest,complete
rexxcps-opaque-heavy-retained-candidate-vm,15,_rxsysb.unknownaddressenvironment.execute,entry_overhead,_address,method,1400,473449,338,1400,0,._rxsysb..addressresponse,request=.addressrequest,complete
rexxcps-opaque-heavy-retained-candidate-vm,15,_rxsysb.unknownaddressenvironment.execute,exit_overhead,_address,method,1400,100857,72,1400,0,._rxsysb..addressresponse,request=.addressrequest,complete
rexxcps-opaque-heavy-retained-candidate-vm,16,rxfnsb._trace_ensure_runtime,elapsed,trace,procedure,7004,2958051,422,7004,0,.void,,complete
rexxcps-opaque-heavy-retained-candidate-vm,16,rxfnsb._trace_ensure_runtime,inclusive_body,trace,procedure,7004,1531338,218,7004,0,.void,,complete
rexxcps-opaque-heavy-retained-candidate-vm,16,rxfnsb._trace_ensure_runtime,self,trace,procedure,7004,1357296,193,7004,0,.void,,complete
rexxcps-opaque-heavy-retained-candidate-vm,16,rxfnsb._trace_ensure_runtime,native_child,trace,procedure,7004,0,0,7004,0,.void,,complete
rexxcps-opaque-heavy-retained-candidate-vm,16,rxfnsb._trace_ensure_runtime,entry_overhead,trace,procedure,7004,1104138,157,7004,0,.void,,complete
rexxcps-opaque-heavy-retained-candidate-vm,16,rxfnsb._trace_ensure_runtime,exit_overhead,trace,procedure,7004,322575,46,7004,0,.void,,complete
rexxcps-opaque-heavy-retained-candidate-vm,17,_rxsysb._current_address_environment,elapsed,_address,procedure,2800,2792376,997,2800,0,.string,,complete
rexxcps-opaque-heavy-retained-candidate-vm,17,_rxsysb._current_address_environment,inclusive_body,_address,procedure,2800,1897217,677,2800,0,.string,,complete
rexxcps-opaque-heavy-retained-candidate-vm,17,_rxsysb._current_address_environment,self,_address,procedure,2800,808966,288,2800,0,.string,,complete
rexxcps-opaque-heavy-retained-candidate-vm,17,_rxsysb._current_address_environment,native_child,_address,procedure,2800,0,0,2800,0,.string,,complete
rexxcps-opaque-heavy-retained-candidate-vm,17,_rxsysb._current_address_environment,entry_overhead,_address,procedure,2800,714358,255,2800,0,.string,,complete
rexxcps-opaque-heavy-retained-candidate-vm,17,_rxsysb._current_address_environment,exit_overhead,_address,procedure,2800,180801,64,2800,0,.string,,complete
rexxcps-opaque-heavy-retained-candidate-vm,18,rxfnsb._trace_current_mode,elapsed,trace,procedure,2802,2380190,849,2802,0,.string,,complete
rexxcps-opaque-heavy-retained-candidate-vm,18,rxfnsb._trace_current_mode,inclusive_body,trace,procedure,2802,1702742,607,2802,0,.string,,complete
rexxcps-opaque-heavy-retained-candidate-vm,18,rxfnsb._trace_current_mode,self,trace,procedure,2802,676898,241,2802,0,.string,,complete
rexxcps-opaque-heavy-retained-candidate-vm,18,rxfnsb._trace_current_mode,native_child,trace,procedure,2802,0,0,2802,0,.string,,complete
rexxcps-opaque-heavy-retained-candidate-vm,18,rxfnsb._trace_current_mode,entry_overhead,trace,procedure,2802,469819,167,2802,0,.string,,complete
rexxcps-opaque-heavy-retained-candidate-vm,18,rxfnsb._trace_current_mode,exit_overhead,trace,procedure,2802,207629,74,2802,0,.string,,complete
rexxcps-opaque-heavy-retained-candidate-vm,19,rxfnsb._trace_normalize_mode,elapsed,trace,procedure,2803,2244110,800,2803,0,.string,mode=.string,complete
rexxcps-opaque-heavy-retained-candidate-vm,19,rxfnsb._trace_normalize_mode,inclusive_body,trace,procedure,2803,1387222,494,2803,0,.string,mode=.string,complete
rexxcps-opaque-heavy-retained-candidate-vm,19,rxfnsb._trace_normalize_mode,self,trace,procedure,2803,1371889,489,2803,0,.string,mode=.string,complete
rexxcps-opaque-heavy-retained-candidate-vm,19,rxfnsb._trace_normalize_mode,native_child,trace,procedure,2803,0,0,2803,0,.string,mode=.string,complete
rexxcps-opaque-heavy-retained-candidate-vm,19,rxfnsb._trace_normalize_mode,entry_overhead,trace,procedure,2803,682693,243,2803,0,.string,mode=.string,complete
rexxcps-opaque-heavy-retained-candidate-vm,19,rxfnsb._trace_normalize_mode,exit_overhead,trace,procedure,2803,174195,62,2803,0,.string,mode=.string,complete
rexxcps-opaque-heavy-retained-candidate-vm,20,rxfnsb._trace_mode_from_option,elapsed,trace,procedure,1401,2172081,1550,1401,0,.string,option=.string,complete
rexxcps-opaque-heavy-retained-candidate-vm,20,rxfnsb._trace_mode_from_option,inclusive_body,trace,procedure,1401,1670914,1192,1401,0,.string,option=.string,complete
rexxcps-opaque-heavy-retained-candidate-vm,20,rxfnsb._trace_mode_from_option,self,trace,procedure,1401,448124,319,1401,0,.string,option=.string,complete
rexxcps-opaque-heavy-retained-candidate-vm,20,rxfnsb._trace_mode_from_option,native_child,trace,procedure,1401,0,0,1401,0,.string,option=.string,complete
rexxcps-opaque-heavy-retained-candidate-vm,20,rxfnsb._trace_mode_from_option,entry_overhead,trace,procedure,1401,350511,250,1401,0,.string,option=.string,complete
rexxcps-opaque-heavy-retained-candidate-vm,20,rxfnsb._trace_mode_from_option,exit_overhead,trace,procedure,1401,150656,107,1401,0,.string,option=.string,complete
rexxcps-opaque-heavy-retained-candidate-vm,21,rxfnsb.upper,elapsed,upper,procedure,2800,1815380,648,2800,0,.string,expose string=.string,complete
rexxcps-opaque-heavy-retained-candidate-vm,21,rxfnsb.upper,inclusive_body,upper,procedure,2800,690538,246,2800,0,.string,expose string=.string,complete
rexxcps-opaque-heavy-retained-candidate-vm,21,rxfnsb.upper,self,upper,procedure,2800,690538,246,2800,0,.string,expose string=.string,complete
rexxcps-opaque-heavy-retained-candidate-vm,21,rxfnsb.upper,native_child,upper,procedure,2800,0,0,2800,0,.string,expose string=.string,complete
rexxcps-opaque-heavy-retained-candidate-vm,21,rxfnsb.upper,entry_overhead,upper,procedure,2800,942842,336,2800,0,.string,expose string=.string,complete
rexxcps-opaque-heavy-retained-candidate-vm,21,rxfnsb.upper,exit_overhead,upper,procedure,2800,182000,65,2800,0,.string,expose string=.string,complete
rexxcps-opaque-heavy-retained-candidate-vm,22,rxfnsb._trace_command_before,elapsed,trace,procedure,1400,1610709,1150,1400,0,.void,"environment=.string,command=.string",complete
rexxcps-opaque-heavy-retained-candidate-vm,22,rxfnsb._trace_command_before,inclusive_body,trace,procedure,1400,1010242,721,1400,0,.void,"environment=.string,command=.string",complete
rexxcps-opaque-heavy-retained-candidate-vm,22,rxfnsb._trace_command_before,self,trace,procedure,1400,329322,235,1400,0,.void,"environment=.string,command=.string",complete
rexxcps-opaque-heavy-retained-candidate-vm,22,rxfnsb._trace_command_before,native_child,trace,procedure,1400,0,0,1400,0,.void,"environment=.string,command=.string",complete
rexxcps-opaque-heavy-retained-candidate-vm,22,rxfnsb._trace_command_before,entry_overhead,trace,procedure,1400,539838,385,1400,0,.void,"environment=.string,command=.string",complete
rexxcps-opaque-heavy-retained-candidate-vm,22,rxfnsb._trace_command_before,exit_overhead,trace,procedure,1400,60629,43,1400,0,.void,"environment=.string,command=.string",complete
rexxcps-opaque-heavy-retained-candidate-vm,23,rxfnsb._trace_command_after,elapsed,trace,procedure,1400,1513070,1080,1400,0,.void,"environment=.string,command=.string,rc=.int,condition=.string",complete
rexxcps-opaque-heavy-retained-candidate-vm,23,rxfnsb._trace_command_after,inclusive_body,trace,procedure,1400,906352,647,1400,0,.void,"environment=.string,command=.string,rc=.int,condition=.string",complete
rexxcps-opaque-heavy-retained-candidate-vm,23,rxfnsb._trace_command_after,self,trace,procedure,1400,322077,230,1400,0,.void,"environment=.string,command=.string,rc=.int,condition=.string",complete
rexxcps-opaque-heavy-retained-candidate-vm,23,rxfnsb._trace_command_after,native_child,trace,procedure,1400,0,0,1400,0,.void,"environment=.string,command=.string,rc=.int,condition=.string",complete
rexxcps-opaque-heavy-retained-candidate-vm,23,rxfnsb._trace_command_after,entry_overhead,trace,procedure,1400,547590,391,1400,0,.void,"environment=.string,command=.string,rc=.int,condition=.string",complete
rexxcps-opaque-heavy-retained-candidate-vm,23,rxfnsb._trace_command_after,exit_overhead,trace,procedure,1400,59128,42,1400,0,.void,"environment=.string,command=.string,rc=.int,condition=.string",complete
rexxcps-opaque-heavy-retained-candidate-vm,24,_rxsysb.unknownaddressenvironment.environment_name,elapsed,_address,method,1399,892231,637,1399,0,.string,,complete
rexxcps-opaque-heavy-retained-candidate-vm,24,_rxsysb.unknownaddressenvironment.environment_name,inclusive_body,_address,method,1399,337274,241,1399,0,.string,,complete
rexxcps-opaque-heavy-retained-candidate-vm,24,_rxsysb.unknownaddressenvironment.environment_name,self,_address,method,1399,337274,241,1399,0,.string,,complete
rexxcps-opaque-heavy-retained-candidate-vm,24,_rxsysb.unknownaddressenvironment.environment_name,native_child,_address,method,1399,0,0,1399,0,.string,,complete
rexxcps-opaque-heavy-retained-candidate-vm,24,_rxsysb.unknownaddressenvironment.environment_name,entry_overhead,_address,method,1399,470881,336,1399,0,.string,,complete
rexxcps-opaque-heavy-retained-candidate-vm,24,_rxsysb.unknownaddressenvironment.environment_name,exit_overhead,_address,method,1399,84076,60,1399,0,.string,,complete
rexxcps-opaque-heavy-retained-candidate-vm,25,rexxcps_levelb_opaque.__rxtrace_reset_display_state,elapsed,benchmark_rexxcps_levelb_opaque_opt,procedure,1402,582051,415,1402,0,.void,,complete
rexxcps-opaque-heavy-retained-candidate-vm,25,rexxcps_levelb_opaque.__rxtrace_reset_display_state,inclusive_body,benchmark_rexxcps_levelb_opaque_opt,procedure,1402,315130,224,1402,0,.void,,complete
rexxcps-opaque-heavy-retained-candidate-vm,25,rexxcps_levelb_opaque.__rxtrace_reset_display_state,self,benchmark_rexxcps_levelb_opaque_opt,procedure,1402,315130,224,1402,0,.void,,complete
rexxcps-opaque-heavy-retained-candidate-vm,25,rexxcps_levelb_opaque.__rxtrace_reset_display_state,native_child,benchmark_rexxcps_levelb_opaque_opt,procedure,1402,0,0,1402,0,.void,,complete
rexxcps-opaque-heavy-retained-candidate-vm,25,rexxcps_levelb_opaque.__rxtrace_reset_display_state,entry_overhead,benchmark_rexxcps_levelb_opaque_opt,procedure,1402,192132,137,1402,0,.void,,complete
rexxcps-opaque-heavy-retained-candidate-vm,25,rexxcps_levelb_opaque.__rxtrace_reset_display_state,exit_overhead,benchmark_rexxcps_levelb_opaque_opt,procedure,1402,74789,53,1402,0,.void,,complete
rexxcps-opaque-heavy-retained-candidate-vm,26,rxfnsb.time,elapsed,time,procedure,4,358707,89676,4,0,.string,?option=.string,complete
rexxcps-opaque-heavy-retained-candidate-vm,26,rxfnsb.time,inclusive_body,time,procedure,4,352709,88177,4,0,.string,?option=.string,complete
rexxcps-opaque-heavy-retained-candidate-vm,26,rxfnsb.time,self,time,procedure,4,343002,85750,4,0,.string,?option=.string,complete
rexxcps-opaque-heavy-retained-candidate-vm,26,rxfnsb.time,native_child,time,procedure,4,0,0,4,0,.string,?option=.string,complete
rexxcps-opaque-heavy-retained-candidate-vm,26,rxfnsb.time,entry_overhead,time,procedure,4,4499,1124,4,0,.string,?option=.string,complete
rexxcps-opaque-heavy-retained-candidate-vm,26,rxfnsb.time,exit_overhead,time,procedure,4,1499,374,4,0,.string,?option=.string,complete
rexxcps-opaque-heavy-retained-candidate-vm,27,rxfnsb.tracecontroller.add_suppressed_namespace,elapsed,trace,method,16,174042,10877,16,0,.void,namespace_name=.string,complete
rexxcps-opaque-heavy-retained-candidate-vm,27,rxfnsb.tracecontroller.add_suppressed_namespace,inclusive_body,trace,method,16,166750,10421,16,0,.void,namespace_name=.string,complete
rexxcps-opaque-heavy-retained-candidate-vm,27,rxfnsb.tracecontroller.add_suppressed_namespace,self,trace,method,16,124582,7786,16,0,.void,namespace_name=.string,complete
rexxcps-opaque-heavy-retained-candidate-vm,27,rxfnsb.tracecontroller.add_suppressed_namespace,native_child,trace,method,16,0,0,16,0,.void,namespace_name=.string,complete
rexxcps-opaque-heavy-retained-candidate-vm,27,rxfnsb.tracecontroller.add_suppressed_namespace,entry_overhead,trace,method,16,5749,359,16,0,.void,namespace_name=.string,complete
rexxcps-opaque-heavy-retained-candidate-vm,27,rxfnsb.tracecontroller.add_suppressed_namespace,exit_overhead,trace,method,16,1543,96,16,0,.void,namespace_name=.string,complete
rexxcps-opaque-heavy-retained-candidate-vm,28,rxfnsb.format,elapsed,format,procedure,2,25083,12541,2,0,.string,"number=.decimal,?before=.int,?after=.int,?expp=.int,?expt=.int",complete
rexxcps-opaque-heavy-retained-candidate-vm,28,rxfnsb.format,inclusive_body,format,procedure,2,18542,9271,2,0,.string,"number=.decimal,?before=.int,?after=.int,?expp=.int,?expt=.int",complete
rexxcps-opaque-heavy-retained-candidate-vm,28,rxfnsb.format,self,format,procedure,2,18542,9271,2,0,.string,"number=.decimal,?before=.int,?after=.int,?expp=.int,?expt=.int",complete
rexxcps-opaque-heavy-retained-candidate-vm,28,rxfnsb.format,native_child,format,procedure,2,0,0,2,0,.string,"number=.decimal,?before=.int,?after=.int,?expp=.int,?expt=.int",complete
rexxcps-opaque-heavy-retained-candidate-vm,28,rxfnsb.format,entry_overhead,format,procedure,2,6166,3083,2,0,.string,"number=.decimal,?before=.int,?after=.int,?expp=.int,?expt=.int",complete
rexxcps-opaque-heavy-retained-candidate-vm,28,rxfnsb.format,exit_overhead,format,procedure,2,375,187,2,0,.string,"number=.decimal,?before=.int,?after=.int,?expp=.int,?expt=.int",complete
rexxcps-opaque-heavy-retained-candidate-vm,29,_rxsysb.systemaddressenvironment.§factory,elapsed,_address,factory,3,18500,6166,3,0,._rxsysb..systemaddressenvironment,env_name=.string,complete
rexxcps-opaque-heavy-retained-candidate-vm,29,_rxsysb.systemaddressenvironment.§factory,inclusive_body,_address,factory,3,15334,5111,3,0,._rxsysb..systemaddressenvironment,env_name=.string,complete
rexxcps-opaque-heavy-retained-candidate-vm,29,_rxsysb.systemaddressenvironment.§factory,self,_address,factory,3,5292,1764,3,0,._rxsysb..systemaddressenvironment,env_name=.string,complete
rexxcps-opaque-heavy-retained-candidate-vm,29,_rxsysb.systemaddressenvironment.§factory,native_child,_address,factory,3,0,0,3,0,._rxsysb..systemaddressenvironment,env_name=.string,complete
rexxcps-opaque-heavy-retained-candidate-vm,29,_rxsysb.systemaddressenvironment.§factory,entry_overhead,_address,factory,3,2291,763,3,0,._rxsysb..systemaddressenvironment,env_name=.string,complete
rexxcps-opaque-heavy-retained-candidate-vm,29,_rxsysb.systemaddressenvironment.§factory,exit_overhead,_address,factory,3,875,291,3,0,._rxsysb..systemaddressenvironment,env_name=.string,complete
rexxcps-opaque-heavy-retained-candidate-vm,30,_rxsysb.crexxaddressenvironment.§factory,elapsed,_address,factory,1,16083,16083,1,0,._rxsysb..crexxaddressenvironment,env_name=.string,complete
rexxcps-opaque-heavy-retained-candidate-vm,30,_rxsysb.crexxaddressenvironment.§factory,inclusive_body,_address,factory,1,12084,12084,1,0,._rxsysb..crexxaddressenvironment,env_name=.string,complete
rexxcps-opaque-heavy-retained-candidate-vm,30,_rxsysb.crexxaddressenvironment.§factory,self,_address,factory,1,3959,3959,1,0,._rxsysb..crexxaddressenvironment,env_name=.string,complete
rexxcps-opaque-heavy-retained-candidate-vm,30,_rxsysb.crexxaddressenvironment.§factory,native_child,_address,factory,1,0,0,1,0,._rxsysb..crexxaddressenvironment,env_name=.string,complete
rexxcps-opaque-heavy-retained-candidate-vm,30,_rxsysb.crexxaddressenvironment.§factory,entry_overhead,_address,factory,1,3708,3708,1,0,._rxsysb..crexxaddressenvironment,env_name=.string,complete
rexxcps-opaque-heavy-retained-candidate-vm,30,_rxsysb.crexxaddressenvironment.§factory,exit_overhead,_address,factory,1,291,291,1,0,._rxsysb..crexxaddressenvironment,env_name=.string,complete
rexxcps-opaque-heavy-retained-candidate-vm,31,_rxsysb.pathaddressenvironment.§factory,elapsed,_address,factory,1,14167,14167,1,0,._rxsysb..pathaddressenvironment,env_name=.string,complete
rexxcps-opaque-heavy-retained-candidate-vm,31,_rxsysb.pathaddressenvironment.§factory,inclusive_body,_address,factory,1,12125,12125,1,0,._rxsysb..pathaddressenvironment,env_name=.string,complete
rexxcps-opaque-heavy-retained-candidate-vm,31,_rxsysb.pathaddressenvironment.§factory,self,_address,factory,1,3833,3833,1,0,._rxsysb..pathaddressenvironment,env_name=.string,complete
rexxcps-opaque-heavy-retained-candidate-vm,31,_rxsysb.pathaddressenvironment.§factory,native_child,_address,factory,1,0,0,1,0,._rxsysb..pathaddressenvironment,env_name=.string,complete
rexxcps-opaque-heavy-retained-candidate-vm,31,_rxsysb.pathaddressenvironment.§factory,entry_overhead,_address,factory,1,1500,1500,1,0,._rxsysb..pathaddressenvironment,env_name=.string,complete
rexxcps-opaque-heavy-retained-candidate-vm,31,_rxsysb.pathaddressenvironment.§factory,exit_overhead,_address,factory,1,542,542,1,0,._rxsysb..pathaddressenvironment,env_name=.string,complete
rexxcps-opaque-heavy-retained-candidate-vm,32,_rxsysb.systemaddressenvironment.bind_environment,elapsed,_address,method,3,12749,4249,3,0,.void,"env_name=.string,instance_id=.string",complete
rexxcps-opaque-heavy-retained-candidate-vm,32,_rxsysb.systemaddressenvironment.bind_environment,inclusive_body,_address,method,3,10916,3638,3,0,.void,"env_name=.string,instance_id=.string",complete
rexxcps-opaque-heavy-retained-candidate-vm,32,_rxsysb.systemaddressenvironment.bind_environment,self,_address,method,3,2915,971,3,0,.void,"env_name=.string,instance_id=.string",complete
rexxcps-opaque-heavy-retained-candidate-vm,32,_rxsysb.systemaddressenvironment.bind_environment,native_child,_address,method,3,0,0,3,0,.void,"env_name=.string,instance_id=.string",complete
rexxcps-opaque-heavy-retained-candidate-vm,32,_rxsysb.systemaddressenvironment.bind_environment,entry_overhead,_address,method,3,1375,458,3,0,.void,"env_name=.string,instance_id=.string",complete
rexxcps-opaque-heavy-retained-candidate-vm,32,_rxsysb.systemaddressenvironment.bind_environment,exit_overhead,_address,method,3,458,152,3,0,.void,"env_name=.string,instance_id=.string",complete
rexxcps-opaque-heavy-retained-candidate-vm,33,_rxsysb._elapsed,elapsed,/Users/adrian/CLionProjects/CREXX/lib/rxfnsb/rxas/_elapsed,procedure,12,9707,808,12,0,.int,value=.int,complete
rexxcps-opaque-heavy-retained-candidate-vm,33,_rxsysb._elapsed,inclusive_body,/Users/adrian/CLionProjects/CREXX/lib/rxfnsb/rxas/_elapsed,procedure,12,3960,330,12,0,.int,value=.int,complete
rexxcps-opaque-heavy-retained-candidate-vm,33,_rxsysb._elapsed,self,/Users/adrian/CLionProjects/CREXX/lib/rxfnsb/rxas/_elapsed,procedure,12,3960,330,12,0,.int,value=.int,complete
rexxcps-opaque-heavy-retained-candidate-vm,33,_rxsysb._elapsed,native_child,/Users/adrian/CLionProjects/CREXX/lib/rxfnsb/rxas/_elapsed,procedure,12,0,0,12,0,.int,value=.int,complete
rexxcps-opaque-heavy-retained-candidate-vm,33,_rxsysb._elapsed,entry_overhead,/Users/adrian/CLionProjects/CREXX/lib/rxfnsb/rxas/_elapsed,procedure,12,4290,357,12,0,.int,value=.int,complete
rexxcps-opaque-heavy-retained-candidate-vm,33,_rxsysb._elapsed,exit_overhead,/Users/adrian/CLionProjects/CREXX/lib/rxfnsb/rxas/_elapsed,procedure,12,1457,121,12,0,.int,value=.int,complete
rexxcps-opaque-heavy-retained-candidate-vm,34,rxfnsb.stem.§factory,elapsed,stem,factory,2,8001,4000,2,0,.rxfnsb..stem,,complete
rexxcps-opaque-heavy-retained-candidate-vm,34,rxfnsb.stem.§factory,inclusive_body,stem,factory,2,4708,2354,2,0,.rxfnsb..stem,,complete
rexxcps-opaque-heavy-retained-candidate-vm,34,rxfnsb.stem.§factory,self,stem,factory,2,4708,2354,2,0,.rxfnsb..stem,,complete
rexxcps-opaque-heavy-retained-candidate-vm,34,rxfnsb.stem.§factory,native_child,stem,factory,2,0,0,2,0,.rxfnsb..stem,,complete
rexxcps-opaque-heavy-retained-candidate-vm,34,rxfnsb.stem.§factory,entry_overhead,stem,factory,2,2084,1042,2,0,.rxfnsb..stem,,complete
rexxcps-opaque-heavy-retained-candidate-vm,34,rxfnsb.stem.§factory,exit_overhead,stem,factory,2,1209,604,2,0,.rxfnsb..stem,,complete
rexxcps-opaque-heavy-retained-candidate-vm,35,_rxsysb.crexxaddressenvironment.bind_environment,elapsed,_address,method,1,7750,7750,1,0,.void,"env_name=.string,instance_id=.string",complete
rexxcps-opaque-heavy-retained-candidate-vm,35,_rxsysb.crexxaddressenvironment.bind_environment,inclusive_body,_address,method,1,5167,5167,1,0,.void,"env_name=.string,instance_id=.string",complete
rexxcps-opaque-heavy-retained-candidate-vm,35,_rxsysb.crexxaddressenvironment.bind_environment,self,_address,method,1,1250,1250,1,0,.void,"env_name=.string,instance_id=.string",complete
rexxcps-opaque-heavy-retained-candidate-vm,35,_rxsysb.crexxaddressenvironment.bind_environment,native_child,_address,method,1,0,0,1,0,.void,"env_name=.string,instance_id=.string",complete
rexxcps-opaque-heavy-retained-candidate-vm,35,_rxsysb.crexxaddressenvironment.bind_environment,entry_overhead,_address,method,1,2291,2291,1,0,.void,"env_name=.string,instance_id=.string",complete
rexxcps-opaque-heavy-retained-candidate-vm,35,_rxsysb.crexxaddressenvironment.bind_environment,exit_overhead,_address,method,1,292,292,1,0,.void,"env_name=.string,instance_id=.string",complete
rexxcps-opaque-heavy-retained-candidate-vm,36,_rxsysb.unknownaddressenvironment.§factory,elapsed,_address,factory,1,7042,7042,1,0,._rxsysb..unknownaddressenvironment,env_name=.string,complete
rexxcps-opaque-heavy-retained-candidate-vm,36,_rxsysb.unknownaddressenvironment.§factory,inclusive_body,_address,factory,1,5583,5583,1,0,._rxsysb..unknownaddressenvironment,env_name=.string,complete
rexxcps-opaque-heavy-retained-candidate-vm,36,_rxsysb.unknownaddressenvironment.§factory,self,_address,factory,1,1958,1958,1,0,._rxsysb..unknownaddressenvironment,env_name=.string,complete
rexxcps-opaque-heavy-retained-candidate-vm,36,_rxsysb.unknownaddressenvironment.§factory,native_child,_address,factory,1,0,0,1,0,._rxsysb..unknownaddressenvironment,env_name=.string,complete
rexxcps-opaque-heavy-retained-candidate-vm,36,_rxsysb.unknownaddressenvironment.§factory,entry_overhead,_address,factory,1,1167,1167,1,0,._rxsysb..unknownaddressenvironment,env_name=.string,complete
rexxcps-opaque-heavy-retained-candidate-vm,36,_rxsysb.unknownaddressenvironment.§factory,exit_overhead,_address,factory,1,292,292,1,0,._rxsysb..unknownaddressenvironment,env_name=.string,complete
rexxcps-opaque-heavy-retained-candidate-vm,37,_rxsysb.pathaddressenvironment.bind_environment,elapsed,_address,method,1,6125,6125,1,0,.void,"env_name=.string,instance_id=.string",complete
rexxcps-opaque-heavy-retained-candidate-vm,37,_rxsysb.pathaddressenvironment.bind_environment,inclusive_body,_address,method,1,5125,5125,1,0,.void,"env_name=.string,instance_id=.string",complete
rexxcps-opaque-heavy-retained-candidate-vm,37,_rxsysb.pathaddressenvironment.bind_environment,self,_address,method,1,1208,1208,1,0,.void,"env_name=.string,instance_id=.string",complete
rexxcps-opaque-heavy-retained-candidate-vm,37,_rxsysb.pathaddressenvironment.bind_environment,native_child,_address,method,1,0,0,1,0,.void,"env_name=.string,instance_id=.string",complete
rexxcps-opaque-heavy-retained-candidate-vm,37,_rxsysb.pathaddressenvironment.bind_environment,entry_overhead,_address,method,1,708,708,1,0,.void,"env_name=.string,instance_id=.string",complete
rexxcps-opaque-heavy-retained-candidate-vm,37,_rxsysb.pathaddressenvironment.bind_environment,exit_overhead,_address,method,1,292,292,1,0,.void,"env_name=.string,instance_id=.string",complete
rexxcps-opaque-heavy-retained-candidate-vm,38,_rxsysb.shelladdressenvironment.§factory,elapsed,_address,factory,1,5333,5333,1,0,._rxsysb..shelladdressenvironment,env_name=.string,complete
rexxcps-opaque-heavy-retained-candidate-vm,38,_rxsysb.shelladdressenvironment.§factory,inclusive_body,_address,factory,1,4584,4584,1,0,._rxsysb..shelladdressenvironment,env_name=.string,complete
rexxcps-opaque-heavy-retained-candidate-vm,38,_rxsysb.shelladdressenvironment.§factory,self,_address,factory,1,1626,1626,1,0,._rxsysb..shelladdressenvironment,env_name=.string,complete
rexxcps-opaque-heavy-retained-candidate-vm,38,_rxsysb.shelladdressenvironment.§factory,native_child,_address,factory,1,0,0,1,0,._rxsysb..shelladdressenvironment,env_name=.string,complete
rexxcps-opaque-heavy-retained-candidate-vm,38,_rxsysb.shelladdressenvironment.§factory,entry_overhead,_address,factory,1,583,583,1,0,._rxsysb..shelladdressenvironment,env_name=.string,complete
rexxcps-opaque-heavy-retained-candidate-vm,38,_rxsysb.shelladdressenvironment.§factory,exit_overhead,_address,factory,1,166,166,1,0,._rxsysb..shelladdressenvironment,env_name=.string,complete
rexxcps-opaque-heavy-retained-candidate-vm,39,_rxsysb.unknownaddressenvironment.bind_environment,elapsed,_address,method,1,4833,4833,1,0,.void,"env_name=.string,instance_id=.string",complete
rexxcps-opaque-heavy-retained-candidate-vm,39,_rxsysb.unknownaddressenvironment.bind_environment,inclusive_body,_address,method,1,4041,4041,1,0,.void,"env_name=.string,instance_id=.string",complete
rexxcps-opaque-heavy-retained-candidate-vm,39,_rxsysb.unknownaddressenvironment.bind_environment,self,_address,method,1,958,958,1,0,.void,"env_name=.string,instance_id=.string",complete
rexxcps-opaque-heavy-retained-candidate-vm,39,_rxsysb.unknownaddressenvironment.bind_environment,native_child,_address,method,1,0,0,1,0,.void,"env_name=.string,instance_id=.string",complete
rexxcps-opaque-heavy-retained-candidate-vm,39,_rxsysb.unknownaddressenvironment.bind_environment,entry_overhead,_address,method,1,625,625,1,0,.void,"env_name=.string,instance_id=.string",complete
rexxcps-opaque-heavy-retained-candidate-vm,39,_rxsysb.unknownaddressenvironment.bind_environment,exit_overhead,_address,method,1,167,167,1,0,.void,"env_name=.string,instance_id=.string",complete
rexxcps-opaque-heavy-retained-candidate-vm,40,_rxsysb.systemaddressenvironment.environment_id,elapsed,_address,method,3,4543,1514,3,0,.string,,complete
rexxcps-opaque-heavy-retained-candidate-vm,40,_rxsysb.systemaddressenvironment.environment_id,inclusive_body,_address,method,3,917,305,3,0,.string,,complete
rexxcps-opaque-heavy-retained-candidate-vm,40,_rxsysb.systemaddressenvironment.environment_id,self,_address,method,3,917,305,3,0,.string,,complete
rexxcps-opaque-heavy-retained-candidate-vm,40,_rxsysb.systemaddressenvironment.environment_id,native_child,_address,method,3,0,0,3,0,.string,,complete
rexxcps-opaque-heavy-retained-candidate-vm,40,_rxsysb.systemaddressenvironment.environment_id,entry_overhead,_address,method,3,3376,1125,3,0,.string,,complete
rexxcps-opaque-heavy-retained-candidate-vm,40,_rxsysb.systemaddressenvironment.environment_id,exit_overhead,_address,method,3,250,83,3,0,.string,,complete
rexxcps-opaque-heavy-retained-candidate-vm,41,rxfnsb.pos,elapsed,pos,procedure,2,4333,2166,2,0,.int,"needle=.string,haystack=.string,?start=.int",complete
rexxcps-opaque-heavy-retained-candidate-vm,41,rxfnsb.pos,inclusive_body,pos,procedure,2,2250,1125,2,0,.int,"needle=.string,haystack=.string,?start=.int",complete
rexxcps-opaque-heavy-retained-candidate-vm,41,rxfnsb.pos,self,pos,procedure,2,2250,1125,2,0,.int,"needle=.string,haystack=.string,?start=.int",complete
rexxcps-opaque-heavy-retained-candidate-vm,41,rxfnsb.pos,native_child,pos,procedure,2,0,0,2,0,.int,"needle=.string,haystack=.string,?start=.int",complete
rexxcps-opaque-heavy-retained-candidate-vm,41,rxfnsb.pos,entry_overhead,pos,procedure,2,1875,937,2,0,.int,"needle=.string,haystack=.string,?start=.int",complete
rexxcps-opaque-heavy-retained-candidate-vm,41,rxfnsb.pos,exit_overhead,pos,procedure,2,208,104,2,0,.int,"needle=.string,haystack=.string,?start=.int",complete
rexxcps-opaque-heavy-retained-candidate-vm,42,_rxsysb.shelladdressenvironment.bind_environment,elapsed,_address,method,1,4041,4041,1,0,.void,"env_name=.string,instance_id=.string",complete
rexxcps-opaque-heavy-retained-candidate-vm,42,_rxsysb.shelladdressenvironment.bind_environment,inclusive_body,_address,method,1,3583,3583,1,0,.void,"env_name=.string,instance_id=.string",complete
rexxcps-opaque-heavy-retained-candidate-vm,42,_rxsysb.shelladdressenvironment.bind_environment,self,_address,method,1,958,958,1,0,.void,"env_name=.string,instance_id=.string",complete
rexxcps-opaque-heavy-retained-candidate-vm,42,_rxsysb.shelladdressenvironment.bind_environment,native_child,_address,method,1,0,0,1,0,.void,"env_name=.string,instance_id=.string",complete
rexxcps-opaque-heavy-retained-candidate-vm,42,_rxsysb.shelladdressenvironment.bind_environment,entry_overhead,_address,method,1,333,333,1,0,.void,"env_name=.string,instance_id=.string",complete
rexxcps-opaque-heavy-retained-candidate-vm,42,_rxsysb.shelladdressenvironment.bind_environment,exit_overhead,_address,method,1,125,125,1,0,.void,"env_name=.string,instance_id=.string",complete
rexxcps-opaque-heavy-retained-candidate-vm,43,_rxsysb.pathaddressenvironment.environment_id,elapsed,_address,method,1,1625,1625,1,0,.string,,complete
rexxcps-opaque-heavy-retained-candidate-vm,43,_rxsysb.pathaddressenvironment.environment_id,inclusive_body,_address,method,1,416,416,1,0,.string,,complete
rexxcps-opaque-heavy-retained-candidate-vm,43,_rxsysb.pathaddressenvironment.environment_id,self,_address,method,1,416,416,1,0,.string,,complete
rexxcps-opaque-heavy-retained-candidate-vm,43,_rxsysb.pathaddressenvironment.environment_id,native_child,_address,method,1,0,0,1,0,.string,,complete
rexxcps-opaque-heavy-retained-candidate-vm,43,_rxsysb.pathaddressenvironment.environment_id,entry_overhead,_address,method,1,1042,1042,1,0,.string,,complete
rexxcps-opaque-heavy-retained-candidate-vm,43,_rxsysb.pathaddressenvironment.environment_id,exit_overhead,_address,method,1,167,167,1,0,.string,,complete
rexxcps-opaque-heavy-retained-candidate-vm,44,_rxsysb.unknownaddressenvironment.environment_id,elapsed,_address,method,1,1459,1459,1,0,.string,,complete
rexxcps-opaque-heavy-retained-candidate-vm,44,_rxsysb.unknownaddressenvironment.environment_id,inclusive_body,_address,method,1,375,375,1,0,.string,,complete
rexxcps-opaque-heavy-retained-candidate-vm,44,_rxsysb.unknownaddressenvironment.environment_id,self,_address,method,1,375,375,1,0,.string,,complete
rexxcps-opaque-heavy-retained-candidate-vm,44,_rxsysb.unknownaddressenvironment.environment_id,native_child,_address,method,1,0,0,1,0,.string,,complete
rexxcps-opaque-heavy-retained-candidate-vm,44,_rxsysb.unknownaddressenvironment.environment_id,entry_overhead,_address,method,1,1042,1042,1,0,.string,,complete
rexxcps-opaque-heavy-retained-candidate-vm,44,_rxsysb.unknownaddressenvironment.environment_id,exit_overhead,_address,method,1,42,42,1,0,.string,,complete
rexxcps-opaque-heavy-retained-candidate-vm,45,_rxsysb.crexxaddressenvironment.environment_id,elapsed,_address,method,1,1458,1458,1,0,.string,,complete
rexxcps-opaque-heavy-retained-candidate-vm,45,_rxsysb.crexxaddressenvironment.environment_id,inclusive_body,_address,method,1,416,416,1,0,.string,,complete
rexxcps-opaque-heavy-retained-candidate-vm,45,_rxsysb.crexxaddressenvironment.environment_id,self,_address,method,1,416,416,1,0,.string,,complete
rexxcps-opaque-heavy-retained-candidate-vm,45,_rxsysb.crexxaddressenvironment.environment_id,native_child,_address,method,1,0,0,1,0,.string,,complete
rexxcps-opaque-heavy-retained-candidate-vm,45,_rxsysb.crexxaddressenvironment.environment_id,entry_overhead,_address,method,1,875,875,1,0,.string,,complete
rexxcps-opaque-heavy-retained-candidate-vm,45,_rxsysb.crexxaddressenvironment.environment_id,exit_overhead,_address,method,1,167,167,1,0,.string,,complete
rexxcps-opaque-heavy-retained-candidate-vm,46,_rxsysb.crexxaddressenvironment.environment_name,elapsed,_address,method,1,1041,1041,1,0,.string,,complete
rexxcps-opaque-heavy-retained-candidate-vm,46,_rxsysb.crexxaddressenvironment.environment_name,inclusive_body,_address,method,1,250,250,1,0,.string,,complete
rexxcps-opaque-heavy-retained-candidate-vm,46,_rxsysb.crexxaddressenvironment.environment_name,self,_address,method,1,250,250,1,0,.string,,complete
rexxcps-opaque-heavy-retained-candidate-vm,46,_rxsysb.crexxaddressenvironment.environment_name,native_child,_address,method,1,0,0,1,0,.string,,complete
rexxcps-opaque-heavy-retained-candidate-vm,46,_rxsysb.crexxaddressenvironment.environment_name,entry_overhead,_address,method,1,666,666,1,0,.string,,complete
rexxcps-opaque-heavy-retained-candidate-vm,46,_rxsysb.crexxaddressenvironment.environment_name,exit_overhead,_address,method,1,125,125,1,0,.string,,complete
rexxcps-opaque-heavy-retained-candidate-vm,47,_rxsysb.shelladdressenvironment.environment_id,elapsed,_address,method,1,1041,1041,1,0,.string,,complete
rexxcps-opaque-heavy-retained-candidate-vm,47,_rxsysb.shelladdressenvironment.environment_id,inclusive_body,_address,method,1,375,375,1,0,.string,,complete
rexxcps-opaque-heavy-retained-candidate-vm,47,_rxsysb.shelladdressenvironment.environment_id,self,_address,method,1,375,375,1,0,.string,,complete
rexxcps-opaque-heavy-retained-candidate-vm,47,_rxsysb.shelladdressenvironment.environment_id,native_child,_address,method,1,0,0,1,0,.string,,complete
rexxcps-opaque-heavy-retained-candidate-vm,47,_rxsysb.shelladdressenvironment.environment_id,entry_overhead,_address,method,1,500,500,1,0,.string,,complete
rexxcps-opaque-heavy-retained-candidate-vm,47,_rxsysb.shelladdressenvironment.environment_id,exit_overhead,_address,method,1,166,166,1,0,.string,,complete
rexxcps-opaque-heavy-stripped-baseline-vm,1,rexxcps_levelb_opaque.main,elapsed,benchmark_rexxcps_levelb_opaque_opt,procedure,1,705966500,705966500,1,0,.int,,complete
rexxcps-opaque-heavy-stripped-baseline-vm,1,rexxcps_levelb_opaque.main,inclusive_body,benchmark_rexxcps_levelb_opaque_opt,procedure,1,705963584,705963584,1,0,.int,,complete
rexxcps-opaque-heavy-stripped-baseline-vm,1,rexxcps_levelb_opaque.main,self,benchmark_rexxcps_levelb_opaque_opt,procedure,1,37504760,37504760,1,0,.int,,complete
rexxcps-opaque-heavy-stripped-baseline-vm,1,rexxcps_levelb_opaque.main,native_child,benchmark_rexxcps_levelb_opaque_opt,procedure,1,0,0,1,0,.int,,complete
rexxcps-opaque-heavy-stripped-baseline-vm,1,rexxcps_levelb_opaque.main,entry_overhead,benchmark_rexxcps_levelb_opaque_opt,procedure,1,2708,2708,1,0,.int,,complete
rexxcps-opaque-heavy-stripped-baseline-vm,1,rexxcps_levelb_opaque.main,exit_overhead,benchmark_rexxcps_levelb_opaque_opt,procedure,1,208,208,1,0,.int,,complete
rexxcps-opaque-heavy-stripped-baseline-vm,2,rxfnsb.parseexec,elapsed,parseExec,procedure,9800,415592992,42407,9800,0,.string[*],"src=.string,splan=.string,template=.string,?debug=.int",complete
rexxcps-opaque-heavy-stripped-baseline-vm,2,rxfnsb.parseexec,inclusive_body,parseExec,procedure,9800,409505528,41786,9800,0,.string[*],"src=.string,splan=.string,template=.string,?debug=.int",complete
rexxcps-opaque-heavy-stripped-baseline-vm,2,rxfnsb.parseexec,self,parseExec,procedure,9800,401247203,40943,9800,0,.string[*],"src=.string,splan=.string,template=.string,?debug=.int",complete
rexxcps-opaque-heavy-stripped-baseline-vm,2,rxfnsb.parseexec,native_child,parseExec,procedure,9800,0,0,9800,0,.string[*],"src=.string,splan=.string,template=.string,?debug=.int",complete
rexxcps-opaque-heavy-stripped-baseline-vm,2,rxfnsb.parseexec,entry_overhead,parseExec,procedure,9800,4317652,440,9800,0,.string[*],"src=.string,splan=.string,template=.string,?debug=.int",complete
rexxcps-opaque-heavy-stripped-baseline-vm,2,rxfnsb.parseexec,exit_overhead,parseExec,procedure,9800,1769812,180,9800,0,.string[*],"src=.string,splan=.string,template=.string,?debug=.int",complete
rexxcps-opaque-heavy-stripped-baseline-vm,3,rxfnsb.stem.get,elapsed,stem,method,12503,75686473,6053,12503,0,.string,key=.string,complete
rexxcps-opaque-heavy-stripped-baseline-vm,3,rxfnsb.stem.get,inclusive_body,stem,method,12503,71350479,5706,12503,0,.string,key=.string,complete
rexxcps-opaque-heavy-stripped-baseline-vm,3,rxfnsb.stem.get,self,stem,method,12503,71350479,5706,12503,0,.string,key=.string,complete
rexxcps-opaque-heavy-stripped-baseline-vm,3,rxfnsb.stem.get,native_child,stem,method,12503,0,0,12503,0,.string,key=.string,complete
rexxcps-opaque-heavy-stripped-baseline-vm,3,rxfnsb.stem.get,entry_overhead,stem,method,12503,3520426,281,12503,0,.string,key=.string,complete
rexxcps-opaque-heavy-stripped-baseline-vm,3,rxfnsb.stem.get,exit_overhead,stem,method,12503,815568,65,12503,0,.string,key=.string,complete
rexxcps-opaque-heavy-stripped-baseline-vm,4,_rxsysb._address,elapsed,_address,procedure,1400,66172317,47265,1400,0,.int,"?env=.string,?command=.string,in=.binary,out=.binary,err=.binary,expose ...=.string",complete
rexxcps-opaque-heavy-stripped-baseline-vm,4,_rxsysb._address,inclusive_body,_address,procedure,1400,65429788,46735,1400,0,.int,"?env=.string,?command=.string,in=.binary,out=.binary,err=.binary,expose ...=.string",complete
rexxcps-opaque-heavy-stripped-baseline-vm,4,_rxsysb._address,self,_address,procedure,1400,6154518,4396,1400,0,.int,"?env=.string,?command=.string,in=.binary,out=.binary,err=.binary,expose ...=.string",complete
rexxcps-opaque-heavy-stripped-baseline-vm,4,_rxsysb._address,native_child,_address,procedure,1400,0,0,1400,0,.int,"?env=.string,?command=.string,in=.binary,out=.binary,err=.binary,expose ...=.string",complete
rexxcps-opaque-heavy-stripped-baseline-vm,4,_rxsysb._address,entry_overhead,_address,procedure,1400,596901,426,1400,0,.int,"?env=.string,?command=.string,in=.binary,out=.binary,err=.binary,expose ...=.string",complete
rexxcps-opaque-heavy-stripped-baseline-vm,4,_rxsysb._address,exit_overhead,_address,procedure,1400,145628,104,1400,0,.int,"?env=.string,?command=.string,in=.binary,out=.binary,err=.binary,expose ...=.string",complete
rexxcps-opaque-heavy-stripped-baseline-vm,5,_rxsysb._ensure_address_environment,elapsed,_address,procedure,2806,51071846,18200,2806,0,.int,env_name=.string,complete
rexxcps-opaque-heavy-stripped-baseline-vm,5,_rxsysb._ensure_address_environment,inclusive_body,_address,procedure,2806,50041651,17833,2806,0,.int,env_name=.string,complete
rexxcps-opaque-heavy-stripped-baseline-vm,5,_rxsysb._ensure_address_environment,self,_address,procedure,2806,35694972,12720,2806,0,.int,env_name=.string,complete
rexxcps-opaque-heavy-stripped-baseline-vm,5,_rxsysb._ensure_address_environment,native_child,_address,procedure,2806,0,0,2806,0,.int,env_name=.string,complete
rexxcps-opaque-heavy-stripped-baseline-vm,5,_rxsysb._ensure_address_environment,entry_overhead,_address,procedure,2806,823281,293,2806,0,.int,env_name=.string,complete
rexxcps-opaque-heavy-stripped-baseline-vm,5,_rxsysb._ensure_address_environment,exit_overhead,_address,procedure,2806,206914,73,2806,0,.int,env_name=.string,complete
rexxcps-opaque-heavy-stripped-baseline-vm,6,_rxsysb.addressenv,elapsed,_address,procedure,1400,50790795,36279,1400,0,._rxsysb..addressenvironment,?env_name=.string,complete
rexxcps-opaque-heavy-stripped-baseline-vm,6,_rxsysb.addressenv,inclusive_body,_address,procedure,1400,49933997,35667,1400,0,._rxsysb..addressenvironment,?env_name=.string,complete
rexxcps-opaque-heavy-stripped-baseline-vm,6,_rxsysb.addressenv,self,_address,procedure,1400,548023,391,1400,0,._rxsysb..addressenvironment,?env_name=.string,complete
rexxcps-opaque-heavy-stripped-baseline-vm,6,_rxsysb.addressenv,native_child,_address,procedure,1400,0,0,1400,0,._rxsysb..addressenvironment,?env_name=.string,complete
rexxcps-opaque-heavy-stripped-baseline-vm,6,_rxsysb.addressenv,entry_overhead,_address,procedure,1400,503377,359,1400,0,._rxsysb..addressenvironment,?env_name=.string,complete
rexxcps-opaque-heavy-stripped-baseline-vm,6,_rxsysb.addressenv,exit_overhead,_address,procedure,1400,353421,252,1400,0,._rxsysb..addressenvironment,?env_name=.string,complete
rexxcps-opaque-heavy-stripped-baseline-vm,7,_rxsysb._address_environment,elapsed,_address,procedure,1400,49385974,35275,1400,0,._rxsysb..addressenvironment,?env_name=.string,complete
rexxcps-opaque-heavy-stripped-baseline-vm,7,_rxsysb._address_environment,inclusive_body,_address,procedure,1400,48698005,34784,1400,0,._rxsysb..addressenvironment,?env_name=.string,complete
rexxcps-opaque-heavy-stripped-baseline-vm,7,_rxsysb._address_environment,self,_address,procedure,1400,5981127,4272,1400,0,._rxsysb..addressenvironment,?env_name=.string,complete
rexxcps-opaque-heavy-stripped-baseline-vm,7,_rxsysb._address_environment,native_child,_address,procedure,1400,0,0,1400,0,._rxsysb..addressenvironment,?env_name=.string,complete
rexxcps-opaque-heavy-stripped-baseline-vm,7,_rxsysb._address_environment,entry_overhead,_address,procedure,1400,563847,402,1400,0,._rxsysb..addressenvironment,?env_name=.string,complete
rexxcps-opaque-heavy-stripped-baseline-vm,7,_rxsysb._address_environment,exit_overhead,_address,procedure,1400,124122,88,1400,0,._rxsysb..addressenvironment,?env_name=.string,complete
rexxcps-opaque-heavy-stripped-baseline-vm,8,rxfnsb.stem.set,elapsed,stem,method,8300,46006051,5542,8300,0,.void,"?key=.string,value=.string",complete
rexxcps-opaque-heavy-stripped-baseline-vm,8,rxfnsb.stem.set,inclusive_body,stem,method,8300,42856474,5163,8300,0,.void,"?key=.string,value=.string",complete
rexxcps-opaque-heavy-stripped-baseline-vm,8,rxfnsb.stem.set,self,stem,method,8300,42856474,5163,8300,0,.void,"?key=.string,value=.string",complete
rexxcps-opaque-heavy-stripped-baseline-vm,8,rxfnsb.stem.set,native_child,stem,method,8300,0,0,8300,0,.void,"?key=.string,value=.string",complete
rexxcps-opaque-heavy-stripped-baseline-vm,8,rxfnsb.stem.set,entry_overhead,stem,method,8300,2676375,322,8300,0,.void,"?key=.string,value=.string",complete
rexxcps-opaque-heavy-stripped-baseline-vm,8,rxfnsb.stem.set,exit_overhead,stem,method,8300,473202,57,8300,0,.void,"?key=.string,value=.string",complete
rexxcps-opaque-heavy-stripped-baseline-vm,9,rxfnsb.strip,elapsed,strip,procedure,15444,36081104,2336,15444,0,.string,"string=.string,?option=.string,?char=.string",complete
rexxcps-opaque-heavy-stripped-baseline-vm,9,rxfnsb.strip,inclusive_body,strip,procedure,15444,30579344,1980,15444,0,.string,"string=.string,?option=.string,?char=.string",complete
rexxcps-opaque-heavy-stripped-baseline-vm,9,rxfnsb.strip,self,strip,procedure,15444,30579344,1980,15444,0,.string,"string=.string,?option=.string,?char=.string",complete
rexxcps-opaque-heavy-stripped-baseline-vm,9,rxfnsb.strip,native_child,strip,procedure,15444,0,0,15444,0,.string,"string=.string,?option=.string,?char=.string",complete
rexxcps-opaque-heavy-stripped-baseline-vm,9,rxfnsb.strip,entry_overhead,strip,procedure,15444,4584946,296,15444,0,.string,"string=.string,?option=.string,?char=.string",complete
rexxcps-opaque-heavy-stripped-baseline-vm,9,rxfnsb.strip,exit_overhead,strip,procedure,15444,916814,59,15444,0,.string,"string=.string,?option=.string,?char=.string",complete
rexxcps-opaque-heavy-stripped-baseline-vm,10,_rxsysb._set_address_environment,elapsed,_address,procedure,1400,29194214,20853,1400,0,.int,env_name=.string,complete
rexxcps-opaque-heavy-stripped-baseline-vm,10,_rxsysb._set_address_environment,inclusive_body,_address,procedure,1400,28616696,20440,1400,0,.int,env_name=.string,complete
rexxcps-opaque-heavy-stripped-baseline-vm,10,_rxsysb._set_address_environment,self,_address,procedure,1400,5127998,3662,1400,0,.int,env_name=.string,complete
rexxcps-opaque-heavy-stripped-baseline-vm,10,_rxsysb._set_address_environment,native_child,_address,procedure,1400,0,0,1400,0,.int,env_name=.string,complete
rexxcps-opaque-heavy-stripped-baseline-vm,10,_rxsysb._set_address_environment,entry_overhead,_address,procedure,1400,493878,352,1400,0,.int,env_name=.string,complete
rexxcps-opaque-heavy-stripped-baseline-vm,10,_rxsysb._set_address_environment,exit_overhead,_address,procedure,1400,83640,59,1400,0,.int,env_name=.string,complete
rexxcps-opaque-heavy-stripped-baseline-vm,11,_rxsysb.ensure_address_runtime,elapsed,_address,procedure,11206,26551317,2369,11206,0,.void,,complete
rexxcps-opaque-heavy-stripped-baseline-vm,11,_rxsysb.ensure_address_runtime,inclusive_body,_address,procedure,11206,24175853,2157,11206,0,.void,,complete
rexxcps-opaque-heavy-stripped-baseline-vm,11,_rxsysb.ensure_address_runtime,self,_address,procedure,11206,2102521,187,11206,0,.void,,complete
rexxcps-opaque-heavy-stripped-baseline-vm,11,_rxsysb.ensure_address_runtime,native_child,_address,procedure,11206,0,0,11206,0,.void,,complete
rexxcps-opaque-heavy-stripped-baseline-vm,11,_rxsysb.ensure_address_runtime,entry_overhead,_address,procedure,11206,1902786,169,11206,0,.void,,complete
rexxcps-opaque-heavy-stripped-baseline-vm,11,_rxsysb.ensure_address_runtime,exit_overhead,_address,procedure,11206,472678,42,11206,0,.void,,complete
rexxcps-opaque-heavy-stripped-baseline-vm,12,_rxsysb.dispatch_address_request,elapsed,_address,procedure,1400,24757128,17683,1400,0,._rxsysb..addressresponse,request=.addressrequest,complete
rexxcps-opaque-heavy-stripped-baseline-vm,12,_rxsysb.dispatch_address_request,inclusive_body,_address,procedure,1400,23810811,17007,1400,0,._rxsysb..addressresponse,request=.addressrequest,complete
rexxcps-opaque-heavy-stripped-baseline-vm,12,_rxsysb.dispatch_address_request,self,_address,procedure,1400,8967691,6405,1400,0,._rxsysb..addressresponse,request=.addressrequest,complete
rexxcps-opaque-heavy-stripped-baseline-vm,12,_rxsysb.dispatch_address_request,native_child,_address,procedure,1400,0,0,1400,0,._rxsysb..addressresponse,request=.addressrequest,complete
rexxcps-opaque-heavy-stripped-baseline-vm,12,_rxsysb.dispatch_address_request,entry_overhead,_address,procedure,1400,526794,376,1400,0,._rxsysb..addressresponse,request=.addressrequest,complete
rexxcps-opaque-heavy-stripped-baseline-vm,12,_rxsysb.dispatch_address_request,exit_overhead,_address,procedure,1400,419523,299,1400,0,._rxsysb..addressresponse,request=.addressrequest,complete
rexxcps-opaque-heavy-stripped-baseline-vm,13,rxfnsb._stream_span,elapsed,parseExec,procedure,7000,8258325,1179,7000,0,.string,"source=.string,start=.int,span_length=.int",complete
rexxcps-opaque-heavy-stripped-baseline-vm,13,rxfnsb._stream_span,inclusive_body,parseExec,procedure,7000,5016866,716,7000,0,.string,"source=.string,start=.int,span_length=.int",complete
rexxcps-opaque-heavy-stripped-baseline-vm,13,rxfnsb._stream_span,self,parseExec,procedure,7000,5016866,716,7000,0,.string,"source=.string,start=.int,span_length=.int",complete
rexxcps-opaque-heavy-stripped-baseline-vm,13,rxfnsb._stream_span,native_child,parseExec,procedure,7000,0,0,7000,0,.string,"source=.string,start=.int,span_length=.int",complete
rexxcps-opaque-heavy-stripped-baseline-vm,13,rxfnsb._stream_span,entry_overhead,parseExec,procedure,7000,2810608,401,7000,0,.string,"source=.string,start=.int,span_length=.int",complete
rexxcps-opaque-heavy-stripped-baseline-vm,13,rxfnsb._stream_span,exit_overhead,parseExec,procedure,7000,430851,61,7000,0,.string,"source=.string,start=.int,span_length=.int",complete
rexxcps-opaque-heavy-stripped-baseline-vm,14,rxfnsb._trace_set,elapsed,trace,procedure,1402,6233670,4446,1402,0,.void,mode=.string,complete
rexxcps-opaque-heavy-stripped-baseline-vm,14,rxfnsb._trace_set,inclusive_body,trace,procedure,1402,5771111,4116,1402,0,.void,mode=.string,complete
rexxcps-opaque-heavy-stripped-baseline-vm,14,rxfnsb._trace_set,self,trace,procedure,1402,4104842,2927,1402,0,.void,mode=.string,complete
rexxcps-opaque-heavy-stripped-baseline-vm,14,rxfnsb._trace_set,native_child,trace,procedure,1402,0,0,1402,0,.void,mode=.string,complete
rexxcps-opaque-heavy-stripped-baseline-vm,14,rxfnsb._trace_set,entry_overhead,trace,procedure,1402,317451,226,1402,0,.void,mode=.string,complete
rexxcps-opaque-heavy-stripped-baseline-vm,14,rxfnsb._trace_set,exit_overhead,trace,procedure,1402,145108,103,1402,0,.void,mode=.string,complete
rexxcps-opaque-heavy-stripped-baseline-vm,15,_rxsysb.unknownaddressenvironment.execute,elapsed,_address,method,1400,4533452,3238,1400,0,._rxsysb..addressresponse,request=.addressrequest,complete
rexxcps-opaque-heavy-stripped-baseline-vm,15,_rxsysb.unknownaddressenvironment.execute,inclusive_body,_address,method,1400,4019971,2871,1400,0,._rxsysb..addressresponse,request=.addressrequest,complete
rexxcps-opaque-heavy-stripped-baseline-vm,15,_rxsysb.unknownaddressenvironment.execute,self,_address,method,1400,4019971,2871,1400,0,._rxsysb..addressresponse,request=.addressrequest,complete
rexxcps-opaque-heavy-stripped-baseline-vm,15,_rxsysb.unknownaddressenvironment.execute,native_child,_address,method,1400,0,0,1400,0,._rxsysb..addressresponse,request=.addressrequest,complete
rexxcps-opaque-heavy-stripped-baseline-vm,15,_rxsysb.unknownaddressenvironment.execute,entry_overhead,_address,method,1400,428630,306,1400,0,._rxsysb..addressresponse,request=.addressrequest,complete
rexxcps-opaque-heavy-stripped-baseline-vm,15,_rxsysb.unknownaddressenvironment.execute,exit_overhead,_address,method,1400,84851,60,1400,0,._rxsysb..addressresponse,request=.addressrequest,complete
rexxcps-opaque-heavy-stripped-baseline-vm,16,rxfnsb._trace_ensure_runtime,elapsed,trace,procedure,7004,2875132,410,7004,0,.void,,complete
rexxcps-opaque-heavy-stripped-baseline-vm,16,rxfnsb._trace_ensure_runtime,inclusive_body,trace,procedure,7004,1475643,210,7004,0,.void,,complete
rexxcps-opaque-heavy-stripped-baseline-vm,16,rxfnsb._trace_ensure_runtime,self,trace,procedure,7004,1309807,187,7004,0,.void,,complete
rexxcps-opaque-heavy-stripped-baseline-vm,16,rxfnsb._trace_ensure_runtime,native_child,trace,procedure,7004,0,0,7004,0,.void,,complete
rexxcps-opaque-heavy-stripped-baseline-vm,16,rxfnsb._trace_ensure_runtime,entry_overhead,trace,procedure,7004,1098911,156,7004,0,.void,,complete
rexxcps-opaque-heavy-stripped-baseline-vm,16,rxfnsb._trace_ensure_runtime,exit_overhead,trace,procedure,7004,300578,42,7004,0,.void,,complete
rexxcps-opaque-heavy-stripped-baseline-vm,17,_rxsysb._current_address_environment,elapsed,_address,procedure,2800,2649627,946,2800,0,.string,,complete
rexxcps-opaque-heavy-stripped-baseline-vm,17,_rxsysb._current_address_environment,inclusive_body,_address,procedure,2800,1838965,656,2800,0,.string,,complete
rexxcps-opaque-heavy-stripped-baseline-vm,17,_rxsysb._current_address_environment,self,_address,procedure,2800,781083,278,2800,0,.string,,complete
rexxcps-opaque-heavy-stripped-baseline-vm,17,_rxsysb._current_address_environment,native_child,_address,procedure,2800,0,0,2800,0,.string,,complete
rexxcps-opaque-heavy-stripped-baseline-vm,17,_rxsysb._current_address_environment,entry_overhead,_address,procedure,2800,649459,231,2800,0,.string,,complete
rexxcps-opaque-heavy-stripped-baseline-vm,17,_rxsysb._current_address_environment,exit_overhead,_address,procedure,2800,161203,57,2800,0,.string,,complete
rexxcps-opaque-heavy-stripped-baseline-vm,18,rxfnsb._trace_current_mode,elapsed,trace,procedure,2802,2305780,822,2802,0,.string,,complete
rexxcps-opaque-heavy-stripped-baseline-vm,18,rxfnsb._trace_current_mode,inclusive_body,trace,procedure,2802,1659223,592,2802,0,.string,,complete
rexxcps-opaque-heavy-stripped-baseline-vm,18,rxfnsb._trace_current_mode,self,trace,procedure,2802,661069,235,2802,0,.string,,complete
rexxcps-opaque-heavy-stripped-baseline-vm,18,rxfnsb._trace_current_mode,native_child,trace,procedure,2802,0,0,2802,0,.string,,complete
rexxcps-opaque-heavy-stripped-baseline-vm,18,rxfnsb._trace_current_mode,entry_overhead,trace,procedure,2802,472542,168,2802,0,.string,,complete
rexxcps-opaque-heavy-stripped-baseline-vm,18,rxfnsb._trace_current_mode,exit_overhead,trace,procedure,2802,174015,62,2802,0,.string,,complete
rexxcps-opaque-heavy-stripped-baseline-vm,19,rxfnsb._trace_normalize_mode,elapsed,trace,procedure,2803,2232197,796,2803,0,.string,mode=.string,complete
rexxcps-opaque-heavy-stripped-baseline-vm,19,rxfnsb._trace_normalize_mode,inclusive_body,trace,procedure,2803,1347826,480,2803,0,.string,mode=.string,complete
rexxcps-opaque-heavy-stripped-baseline-vm,19,rxfnsb._trace_normalize_mode,self,trace,procedure,2803,1331952,475,2803,0,.string,mode=.string,complete
rexxcps-opaque-heavy-stripped-baseline-vm,19,rxfnsb._trace_normalize_mode,native_child,trace,procedure,2803,0,0,2803,0,.string,mode=.string,complete
rexxcps-opaque-heavy-stripped-baseline-vm,19,rxfnsb._trace_normalize_mode,entry_overhead,trace,procedure,2803,711388,253,2803,0,.string,mode=.string,complete
rexxcps-opaque-heavy-stripped-baseline-vm,19,rxfnsb._trace_normalize_mode,exit_overhead,trace,procedure,2803,172983,61,2803,0,.string,mode=.string,complete
rexxcps-opaque-heavy-stripped-baseline-vm,20,rxfnsb._trace_mode_from_option,elapsed,trace,procedure,1401,2155146,1538,1401,0,.string,option=.string,complete
rexxcps-opaque-heavy-stripped-baseline-vm,20,rxfnsb._trace_mode_from_option,inclusive_body,trace,procedure,1401,1673750,1194,1401,0,.string,option=.string,complete
rexxcps-opaque-heavy-stripped-baseline-vm,20,rxfnsb._trace_mode_from_option,self,trace,procedure,1401,456394,325,1401,0,.string,option=.string,complete
rexxcps-opaque-heavy-stripped-baseline-vm,20,rxfnsb._trace_mode_from_option,native_child,trace,procedure,1401,0,0,1401,0,.string,option=.string,complete
rexxcps-opaque-heavy-stripped-baseline-vm,20,rxfnsb._trace_mode_from_option,entry_overhead,trace,procedure,1401,331819,236,1401,0,.string,option=.string,complete
rexxcps-opaque-heavy-stripped-baseline-vm,20,rxfnsb._trace_mode_from_option,exit_overhead,trace,procedure,1401,149577,106,1401,0,.string,option=.string,complete
rexxcps-opaque-heavy-stripped-baseline-vm,21,rxfnsb.upper,elapsed,upper,procedure,2800,1735337,619,2800,0,.string,expose string=.string,complete
rexxcps-opaque-heavy-stripped-baseline-vm,21,rxfnsb.upper,inclusive_body,upper,procedure,2800,665034,237,2800,0,.string,expose string=.string,complete
rexxcps-opaque-heavy-stripped-baseline-vm,21,rxfnsb.upper,self,upper,procedure,2800,665034,237,2800,0,.string,expose string=.string,complete
rexxcps-opaque-heavy-stripped-baseline-vm,21,rxfnsb.upper,native_child,upper,procedure,2800,0,0,2800,0,.string,expose string=.string,complete
rexxcps-opaque-heavy-stripped-baseline-vm,21,rxfnsb.upper,entry_overhead,upper,procedure,2800,891557,318,2800,0,.string,expose string=.string,complete
rexxcps-opaque-heavy-stripped-baseline-vm,21,rxfnsb.upper,exit_overhead,upper,procedure,2800,178746,63,2800,0,.string,expose string=.string,complete
rexxcps-opaque-heavy-stripped-baseline-vm,22,rxfnsb._trace_command_before,elapsed,trace,procedure,1400,1509943,1078,1400,0,.void,"environment=.string,command=.string",complete
rexxcps-opaque-heavy-stripped-baseline-vm,22,rxfnsb._trace_command_before,inclusive_body,trace,procedure,1400,942070,672,1400,0,.void,"environment=.string,command=.string",complete
rexxcps-opaque-heavy-stripped-baseline-vm,22,rxfnsb._trace_command_before,self,trace,procedure,1400,307919,219,1400,0,.void,"environment=.string,command=.string",complete
rexxcps-opaque-heavy-stripped-baseline-vm,22,rxfnsb._trace_command_before,native_child,trace,procedure,1400,0,0,1400,0,.void,"environment=.string,command=.string",complete
rexxcps-opaque-heavy-stripped-baseline-vm,22,rxfnsb._trace_command_before,entry_overhead,trace,procedure,1400,500356,357,1400,0,.void,"environment=.string,command=.string",complete
rexxcps-opaque-heavy-stripped-baseline-vm,22,rxfnsb._trace_command_before,exit_overhead,trace,procedure,1400,67517,48,1400,0,.void,"environment=.string,command=.string",complete
rexxcps-opaque-heavy-stripped-baseline-vm,23,rxfnsb._trace_command_after,elapsed,trace,procedure,1400,1470182,1050,1400,0,.void,"environment=.string,command=.string,rc=.int,condition=.string",complete
rexxcps-opaque-heavy-stripped-baseline-vm,23,rxfnsb._trace_command_after,inclusive_body,trace,procedure,1400,891901,637,1400,0,.void,"environment=.string,command=.string,rc=.int,condition=.string",complete
rexxcps-opaque-heavy-stripped-baseline-vm,23,rxfnsb._trace_command_after,self,trace,procedure,1400,300502,214,1400,0,.void,"environment=.string,command=.string,rc=.int,condition=.string",complete
rexxcps-opaque-heavy-stripped-baseline-vm,23,rxfnsb._trace_command_after,native_child,trace,procedure,1400,0,0,1400,0,.void,"environment=.string,command=.string,rc=.int,condition=.string",complete
rexxcps-opaque-heavy-stripped-baseline-vm,23,rxfnsb._trace_command_after,entry_overhead,trace,procedure,1400,521390,372,1400,0,.void,"environment=.string,command=.string,rc=.int,condition=.string",complete
rexxcps-opaque-heavy-stripped-baseline-vm,23,rxfnsb._trace_command_after,exit_overhead,trace,procedure,1400,56891,40,1400,0,.void,"environment=.string,command=.string,rc=.int,condition=.string",complete
rexxcps-opaque-heavy-stripped-baseline-vm,24,_rxsysb.unknownaddressenvironment.environment_name,elapsed,_address,method,1399,838121,599,1399,0,.string,,complete
rexxcps-opaque-heavy-stripped-baseline-vm,24,_rxsysb.unknownaddressenvironment.environment_name,inclusive_body,_address,method,1399,317654,227,1399,0,.string,,complete
rexxcps-opaque-heavy-stripped-baseline-vm,24,_rxsysb.unknownaddressenvironment.environment_name,self,_address,method,1399,317654,227,1399,0,.string,,complete
rexxcps-opaque-heavy-stripped-baseline-vm,24,_rxsysb.unknownaddressenvironment.environment_name,native_child,_address,method,1399,0,0,1399,0,.string,,complete
rexxcps-opaque-heavy-stripped-baseline-vm,24,_rxsysb.unknownaddressenvironment.environment_name,entry_overhead,_address,method,1399,439205,313,1399,0,.string,,complete
rexxcps-opaque-heavy-stripped-baseline-vm,24,_rxsysb.unknownaddressenvironment.environment_name,exit_overhead,_address,method,1399,81262,58,1399,0,.string,,complete
rexxcps-opaque-heavy-stripped-baseline-vm,25,rexxcps_levelb_opaque.__rxtrace_reset_display_state,elapsed,benchmark_rexxcps_levelb_opaque_opt,procedure,1402,581560,414,1402,0,.void,,complete
rexxcps-opaque-heavy-stripped-baseline-vm,25,rexxcps_levelb_opaque.__rxtrace_reset_display_state,inclusive_body,benchmark_rexxcps_levelb_opaque_opt,procedure,1402,304518,217,1402,0,.void,,complete
rexxcps-opaque-heavy-stripped-baseline-vm,25,rexxcps_levelb_opaque.__rxtrace_reset_display_state,self,benchmark_rexxcps_levelb_opaque_opt,procedure,1402,304518,217,1402,0,.void,,complete
rexxcps-opaque-heavy-stripped-baseline-vm,25,rexxcps_levelb_opaque.__rxtrace_reset_display_state,native_child,benchmark_rexxcps_levelb_opaque_opt,procedure,1402,0,0,1402,0,.void,,complete
rexxcps-opaque-heavy-stripped-baseline-vm,25,rexxcps_levelb_opaque.__rxtrace_reset_display_state,entry_overhead,benchmark_rexxcps_levelb_opaque_opt,procedure,1402,204094,145,1402,0,.void,,complete
rexxcps-opaque-heavy-stripped-baseline-vm,25,rexxcps_levelb_opaque.__rxtrace_reset_display_state,exit_overhead,benchmark_rexxcps_levelb_opaque_opt,procedure,1402,72948,52,1402,0,.void,,complete
rexxcps-opaque-heavy-stripped-baseline-vm,26,rxfnsb.time,elapsed,time,procedure,4,324082,81020,4,0,.string,?option=.string,complete
rexxcps-opaque-heavy-stripped-baseline-vm,26,rxfnsb.time,inclusive_body,time,procedure,4,317375,79343,4,0,.string,?option=.string,complete
rexxcps-opaque-heavy-stripped-baseline-vm,26,rxfnsb.time,self,time,procedure,4,304792,76198,4,0,.string,?option=.string,complete
rexxcps-opaque-heavy-stripped-baseline-vm,26,rxfnsb.time,native_child,time,procedure,4,0,0,4,0,.string,?option=.string,complete
rexxcps-opaque-heavy-stripped-baseline-vm,26,rxfnsb.time,entry_overhead,time,procedure,4,4416,1104,4,0,.string,?option=.string,complete
rexxcps-opaque-heavy-stripped-baseline-vm,26,rxfnsb.time,exit_overhead,time,procedure,4,2291,572,4,0,.string,?option=.string,complete
rexxcps-opaque-heavy-stripped-baseline-vm,27,rxfnsb.tracecontroller.add_suppressed_namespace,elapsed,trace,method,16,165836,10364,16,0,.void,namespace_name=.string,complete
rexxcps-opaque-heavy-stripped-baseline-vm,27,rxfnsb.tracecontroller.add_suppressed_namespace,inclusive_body,trace,method,16,158874,9929,16,0,.void,namespace_name=.string,complete
rexxcps-opaque-heavy-stripped-baseline-vm,27,rxfnsb.tracecontroller.add_suppressed_namespace,self,trace,method,16,118708,7419,16,0,.void,namespace_name=.string,complete
rexxcps-opaque-heavy-stripped-baseline-vm,27,rxfnsb.tracecontroller.add_suppressed_namespace,native_child,trace,method,16,0,0,16,0,.void,namespace_name=.string,complete
rexxcps-opaque-heavy-stripped-baseline-vm,27,rxfnsb.tracecontroller.add_suppressed_namespace,entry_overhead,trace,method,16,5420,338,16,0,.void,namespace_name=.string,complete
rexxcps-opaque-heavy-stripped-baseline-vm,27,rxfnsb.tracecontroller.add_suppressed_namespace,exit_overhead,trace,method,16,1542,96,16,0,.void,namespace_name=.string,complete
rexxcps-opaque-heavy-stripped-baseline-vm,28,rxfnsb.format,elapsed,format,procedure,2,27500,13750,2,0,.string,"number=.decimal,?before=.int,?after=.int,?expp=.int,?expt=.int",complete
rexxcps-opaque-heavy-stripped-baseline-vm,28,rxfnsb.format,inclusive_body,format,procedure,2,20417,10208,2,0,.string,"number=.decimal,?before=.int,?after=.int,?expp=.int,?expt=.int",complete
rexxcps-opaque-heavy-stripped-baseline-vm,28,rxfnsb.format,self,format,procedure,2,20417,10208,2,0,.string,"number=.decimal,?before=.int,?after=.int,?expp=.int,?expt=.int",complete
rexxcps-opaque-heavy-stripped-baseline-vm,28,rxfnsb.format,native_child,format,procedure,2,0,0,2,0,.string,"number=.decimal,?before=.int,?after=.int,?expp=.int,?expt=.int",complete
rexxcps-opaque-heavy-stripped-baseline-vm,28,rxfnsb.format,entry_overhead,format,procedure,2,6750,3375,2,0,.string,"number=.decimal,?before=.int,?after=.int,?expp=.int,?expt=.int",complete
rexxcps-opaque-heavy-stripped-baseline-vm,28,rxfnsb.format,exit_overhead,format,procedure,2,333,166,2,0,.string,"number=.decimal,?before=.int,?after=.int,?expp=.int,?expt=.int",complete
rexxcps-opaque-heavy-stripped-baseline-vm,29,_rxsysb.systemaddressenvironment.§factory,elapsed,_address,factory,3,15542,5180,3,0,._rxsysb..systemaddressenvironment,env_name=.string,complete
rexxcps-opaque-heavy-stripped-baseline-vm,29,_rxsysb.systemaddressenvironment.§factory,inclusive_body,_address,factory,3,13042,4347,3,0,._rxsysb..systemaddressenvironment,env_name=.string,complete
rexxcps-opaque-heavy-stripped-baseline-vm,29,_rxsysb.systemaddressenvironment.§factory,self,_address,factory,3,4500,1500,3,0,._rxsysb..systemaddressenvironment,env_name=.string,complete
rexxcps-opaque-heavy-stripped-baseline-vm,29,_rxsysb.systemaddressenvironment.§factory,native_child,_address,factory,3,0,0,3,0,._rxsysb..systemaddressenvironment,env_name=.string,complete
rexxcps-opaque-heavy-stripped-baseline-vm,29,_rxsysb.systemaddressenvironment.§factory,entry_overhead,_address,factory,3,1958,652,3,0,._rxsysb..systemaddressenvironment,env_name=.string,complete
rexxcps-opaque-heavy-stripped-baseline-vm,29,_rxsysb.systemaddressenvironment.§factory,exit_overhead,_address,factory,3,542,180,3,0,._rxsysb..systemaddressenvironment,env_name=.string,complete
rexxcps-opaque-heavy-stripped-baseline-vm,30,_rxsysb._elapsed,elapsed,/Users/adrian/CLionProjects/CREXX/lib/rxfnsb/rxas/_elapsed,procedure,12,12583,1048,12,0,.int,value=.int,complete
rexxcps-opaque-heavy-stripped-baseline-vm,30,_rxsysb._elapsed,inclusive_body,/Users/adrian/CLionProjects/CREXX/lib/rxfnsb/rxas/_elapsed,procedure,12,5209,434,12,0,.int,value=.int,complete
rexxcps-opaque-heavy-stripped-baseline-vm,30,_rxsysb._elapsed,self,/Users/adrian/CLionProjects/CREXX/lib/rxfnsb/rxas/_elapsed,procedure,12,5209,434,12,0,.int,value=.int,complete
rexxcps-opaque-heavy-stripped-baseline-vm,30,_rxsysb._elapsed,native_child,/Users/adrian/CLionProjects/CREXX/lib/rxfnsb/rxas/_elapsed,procedure,12,0,0,12,0,.int,value=.int,complete
rexxcps-opaque-heavy-stripped-baseline-vm,30,_rxsysb._elapsed,entry_overhead,/Users/adrian/CLionProjects/CREXX/lib/rxfnsb/rxas/_elapsed,procedure,12,5748,479,12,0,.int,value=.int,complete
rexxcps-opaque-heavy-stripped-baseline-vm,30,_rxsysb._elapsed,exit_overhead,/Users/adrian/CLionProjects/CREXX/lib/rxfnsb/rxas/_elapsed,procedure,12,1626,135,12,0,.int,value=.int,complete
rexxcps-opaque-heavy-stripped-baseline-vm,31,_rxsysb.systemaddressenvironment.bind_environment,elapsed,_address,method,3,11457,3819,3,0,.void,"env_name=.string,instance_id=.string",complete
rexxcps-opaque-heavy-stripped-baseline-vm,31,_rxsysb.systemaddressenvironment.bind_environment,inclusive_body,_address,method,3,9916,3305,3,0,.void,"env_name=.string,instance_id=.string",complete
rexxcps-opaque-heavy-stripped-baseline-vm,31,_rxsysb.systemaddressenvironment.bind_environment,self,_address,method,3,2667,889,3,0,.void,"env_name=.string,instance_id=.string",complete
rexxcps-opaque-heavy-stripped-baseline-vm,31,_rxsysb.systemaddressenvironment.bind_environment,native_child,_address,method,3,0,0,3,0,.void,"env_name=.string,instance_id=.string",complete
rexxcps-opaque-heavy-stripped-baseline-vm,31,_rxsysb.systemaddressenvironment.bind_environment,entry_overhead,_address,method,3,1124,374,3,0,.void,"env_name=.string,instance_id=.string",complete
rexxcps-opaque-heavy-stripped-baseline-vm,31,_rxsysb.systemaddressenvironment.bind_environment,exit_overhead,_address,method,3,417,139,3,0,.void,"env_name=.string,instance_id=.string",complete
rexxcps-opaque-heavy-stripped-baseline-vm,32,_rxsysb.crexxaddressenvironment.§factory,elapsed,_address,factory,1,9334,9334,1,0,._rxsysb..crexxaddressenvironment,env_name=.string,complete
rexxcps-opaque-heavy-stripped-baseline-vm,32,_rxsysb.crexxaddressenvironment.§factory,inclusive_body,_address,factory,1,5375,5375,1,0,._rxsysb..crexxaddressenvironment,env_name=.string,complete
rexxcps-opaque-heavy-stripped-baseline-vm,32,_rxsysb.crexxaddressenvironment.§factory,self,_address,factory,1,1875,1875,1,0,._rxsysb..crexxaddressenvironment,env_name=.string,complete
rexxcps-opaque-heavy-stripped-baseline-vm,32,_rxsysb.crexxaddressenvironment.§factory,native_child,_address,factory,1,0,0,1,0,._rxsysb..crexxaddressenvironment,env_name=.string,complete
rexxcps-opaque-heavy-stripped-baseline-vm,32,_rxsysb.crexxaddressenvironment.§factory,entry_overhead,_address,factory,1,3834,3834,1,0,._rxsysb..crexxaddressenvironment,env_name=.string,complete
rexxcps-opaque-heavy-stripped-baseline-vm,32,_rxsysb.crexxaddressenvironment.§factory,exit_overhead,_address,factory,1,125,125,1,0,._rxsysb..crexxaddressenvironment,env_name=.string,complete
rexxcps-opaque-heavy-stripped-baseline-vm,33,rxfnsb.stem.§factory,elapsed,stem,factory,2,8125,4062,2,0,.rxfnsb..stem,,complete
rexxcps-opaque-heavy-stripped-baseline-vm,33,rxfnsb.stem.§factory,inclusive_body,stem,factory,2,5000,2500,2,0,.rxfnsb..stem,,complete
rexxcps-opaque-heavy-stripped-baseline-vm,33,rxfnsb.stem.§factory,self,stem,factory,2,5000,2500,2,0,.rxfnsb..stem,,complete
rexxcps-opaque-heavy-stripped-baseline-vm,33,rxfnsb.stem.§factory,native_child,stem,factory,2,0,0,2,0,.rxfnsb..stem,,complete
rexxcps-opaque-heavy-stripped-baseline-vm,33,rxfnsb.stem.§factory,entry_overhead,stem,factory,2,2042,1021,2,0,.rxfnsb..stem,,complete
rexxcps-opaque-heavy-stripped-baseline-vm,33,rxfnsb.stem.§factory,exit_overhead,stem,factory,2,1083,541,2,0,.rxfnsb..stem,,complete
rexxcps-opaque-heavy-stripped-baseline-vm,34,_rxsysb.shelladdressenvironment.bind_environment,elapsed,_address,method,1,5208,5208,1,0,.void,"env_name=.string,instance_id=.string",complete
rexxcps-opaque-heavy-stripped-baseline-vm,34,_rxsysb.shelladdressenvironment.bind_environment,inclusive_body,_address,method,1,4708,4708,1,0,.void,"env_name=.string,instance_id=.string",complete
rexxcps-opaque-heavy-stripped-baseline-vm,34,_rxsysb.shelladdressenvironment.bind_environment,self,_address,method,1,875,875,1,0,.void,"env_name=.string,instance_id=.string",complete
rexxcps-opaque-heavy-stripped-baseline-vm,34,_rxsysb.shelladdressenvironment.bind_environment,native_child,_address,method,1,0,0,1,0,.void,"env_name=.string,instance_id=.string",complete
rexxcps-opaque-heavy-stripped-baseline-vm,34,_rxsysb.shelladdressenvironment.bind_environment,entry_overhead,_address,method,1,375,375,1,0,.void,"env_name=.string,instance_id=.string",complete
rexxcps-opaque-heavy-stripped-baseline-vm,34,_rxsysb.shelladdressenvironment.bind_environment,exit_overhead,_address,method,1,125,125,1,0,.void,"env_name=.string,instance_id=.string",complete
rexxcps-opaque-heavy-stripped-baseline-vm,35,_rxsysb.shelladdressenvironment.§factory,elapsed,_address,factory,1,4875,4875,1,0,._rxsysb..shelladdressenvironment,env_name=.string,complete
rexxcps-opaque-heavy-stripped-baseline-vm,35,_rxsysb.shelladdressenvironment.§factory,inclusive_body,_address,factory,1,4166,4166,1,0,._rxsysb..shelladdressenvironment,env_name=.string,complete
rexxcps-opaque-heavy-stripped-baseline-vm,35,_rxsysb.shelladdressenvironment.§factory,self,_address,factory,1,1458,1458,1,0,._rxsysb..shelladdressenvironment,env_name=.string,complete
rexxcps-opaque-heavy-stripped-baseline-vm,35,_rxsysb.shelladdressenvironment.§factory,native_child,_address,factory,1,0,0,1,0,._rxsysb..shelladdressenvironment,env_name=.string,complete
rexxcps-opaque-heavy-stripped-baseline-vm,35,_rxsysb.shelladdressenvironment.§factory,entry_overhead,_address,factory,1,542,542,1,0,._rxsysb..shelladdressenvironment,env_name=.string,complete
rexxcps-opaque-heavy-stripped-baseline-vm,35,_rxsysb.shelladdressenvironment.§factory,exit_overhead,_address,factory,1,167,167,1,0,._rxsysb..shelladdressenvironment,env_name=.string,complete
rexxcps-opaque-heavy-stripped-baseline-vm,36,_rxsysb.unknownaddressenvironment.§factory,elapsed,_address,factory,1,4834,4834,1,0,._rxsysb..unknownaddressenvironment,env_name=.string,complete
rexxcps-opaque-heavy-stripped-baseline-vm,36,_rxsysb.unknownaddressenvironment.§factory,inclusive_body,_address,factory,1,4167,4167,1,0,._rxsysb..unknownaddressenvironment,env_name=.string,complete
rexxcps-opaque-heavy-stripped-baseline-vm,36,_rxsysb.unknownaddressenvironment.§factory,self,_address,factory,1,1376,1376,1,0,._rxsysb..unknownaddressenvironment,env_name=.string,complete
rexxcps-opaque-heavy-stripped-baseline-vm,36,_rxsysb.unknownaddressenvironment.§factory,native_child,_address,factory,1,0,0,1,0,._rxsysb..unknownaddressenvironment,env_name=.string,complete
rexxcps-opaque-heavy-stripped-baseline-vm,36,_rxsysb.unknownaddressenvironment.§factory,entry_overhead,_address,factory,1,500,500,1,0,._rxsysb..unknownaddressenvironment,env_name=.string,complete
rexxcps-opaque-heavy-stripped-baseline-vm,36,_rxsysb.unknownaddressenvironment.§factory,exit_overhead,_address,factory,1,167,167,1,0,._rxsysb..unknownaddressenvironment,env_name=.string,complete
rexxcps-opaque-heavy-stripped-baseline-vm,37,_rxsysb.pathaddressenvironment.§factory,elapsed,_address,factory,1,4791,4791,1,0,._rxsysb..pathaddressenvironment,env_name=.string,complete
rexxcps-opaque-heavy-stripped-baseline-vm,37,_rxsysb.pathaddressenvironment.§factory,inclusive_body,_address,factory,1,4042,4042,1,0,._rxsysb..pathaddressenvironment,env_name=.string,complete
rexxcps-opaque-heavy-stripped-baseline-vm,37,_rxsysb.pathaddressenvironment.§factory,self,_address,factory,1,1334,1334,1,0,._rxsysb..pathaddressenvironment,env_name=.string,complete
rexxcps-opaque-heavy-stripped-baseline-vm,37,_rxsysb.pathaddressenvironment.§factory,native_child,_address,factory,1,0,0,1,0,._rxsysb..pathaddressenvironment,env_name=.string,complete
rexxcps-opaque-heavy-stripped-baseline-vm,37,_rxsysb.pathaddressenvironment.§factory,entry_overhead,_address,factory,1,583,583,1,0,._rxsysb..pathaddressenvironment,env_name=.string,complete
rexxcps-opaque-heavy-stripped-baseline-vm,37,_rxsysb.pathaddressenvironment.§factory,exit_overhead,_address,factory,1,166,166,1,0,._rxsysb..pathaddressenvironment,env_name=.string,complete
rexxcps-opaque-heavy-stripped-baseline-vm,38,rxfnsb.pos,elapsed,pos,procedure,2,4500,2250,2,0,.int,"needle=.string,haystack=.string,?start=.int",complete
rexxcps-opaque-heavy-stripped-baseline-vm,38,rxfnsb.pos,inclusive_body,pos,procedure,2,2166,1083,2,0,.int,"needle=.string,haystack=.string,?start=.int",complete
rexxcps-opaque-heavy-stripped-baseline-vm,38,rxfnsb.pos,self,pos,procedure,2,2166,1083,2,0,.int,"needle=.string,haystack=.string,?start=.int",complete
rexxcps-opaque-heavy-stripped-baseline-vm,38,rxfnsb.pos,native_child,pos,procedure,2,0,0,2,0,.int,"needle=.string,haystack=.string,?start=.int",complete
rexxcps-opaque-heavy-stripped-baseline-vm,38,rxfnsb.pos,entry_overhead,pos,procedure,2,2126,1063,2,0,.int,"needle=.string,haystack=.string,?start=.int",complete
rexxcps-opaque-heavy-stripped-baseline-vm,38,rxfnsb.pos,exit_overhead,pos,procedure,2,208,104,2,0,.int,"needle=.string,haystack=.string,?start=.int",complete
rexxcps-opaque-heavy-stripped-baseline-vm,39,_rxsysb.crexxaddressenvironment.bind_environment,elapsed,_address,method,1,4417,4417,1,0,.void,"env_name=.string,instance_id=.string",complete
rexxcps-opaque-heavy-stripped-baseline-vm,39,_rxsysb.crexxaddressenvironment.bind_environment,inclusive_body,_address,method,1,3542,3542,1,0,.void,"env_name=.string,instance_id=.string",complete
rexxcps-opaque-heavy-stripped-baseline-vm,39,_rxsysb.crexxaddressenvironment.bind_environment,self,_address,method,1,959,959,1,0,.void,"env_name=.string,instance_id=.string",complete
rexxcps-opaque-heavy-stripped-baseline-vm,39,_rxsysb.crexxaddressenvironment.bind_environment,native_child,_address,method,1,0,0,1,0,.void,"env_name=.string,instance_id=.string",complete
rexxcps-opaque-heavy-stripped-baseline-vm,39,_rxsysb.crexxaddressenvironment.bind_environment,entry_overhead,_address,method,1,708,708,1,0,.void,"env_name=.string,instance_id=.string",complete
rexxcps-opaque-heavy-stripped-baseline-vm,39,_rxsysb.crexxaddressenvironment.bind_environment,exit_overhead,_address,method,1,167,167,1,0,.void,"env_name=.string,instance_id=.string",complete
rexxcps-opaque-heavy-stripped-baseline-vm,40,_rxsysb.pathaddressenvironment.bind_environment,elapsed,_address,method,1,3875,3875,1,0,.void,"env_name=.string,instance_id=.string",complete
rexxcps-opaque-heavy-stripped-baseline-vm,40,_rxsysb.pathaddressenvironment.bind_environment,inclusive_body,_address,method,1,3375,3375,1,0,.void,"env_name=.string,instance_id=.string",complete
rexxcps-opaque-heavy-stripped-baseline-vm,40,_rxsysb.pathaddressenvironment.bind_environment,self,_address,method,1,833,833,1,0,.void,"env_name=.string,instance_id=.string",complete
rexxcps-opaque-heavy-stripped-baseline-vm,40,_rxsysb.pathaddressenvironment.bind_environment,native_child,_address,method,1,0,0,1,0,.void,"env_name=.string,instance_id=.string",complete
rexxcps-opaque-heavy-stripped-baseline-vm,40,_rxsysb.pathaddressenvironment.bind_environment,entry_overhead,_address,method,1,333,333,1,0,.void,"env_name=.string,instance_id=.string",complete
rexxcps-opaque-heavy-stripped-baseline-vm,40,_rxsysb.pathaddressenvironment.bind_environment,exit_overhead,_address,method,1,167,167,1,0,.void,"env_name=.string,instance_id=.string",complete
rexxcps-opaque-heavy-stripped-baseline-vm,41,_rxsysb.unknownaddressenvironment.bind_environment,elapsed,_address,method,1,3875,3875,1,0,.void,"env_name=.string,instance_id=.string",complete
rexxcps-opaque-heavy-stripped-baseline-vm,41,_rxsysb.unknownaddressenvironment.bind_environment,inclusive_body,_address,method,1,3417,3417,1,0,.void,"env_name=.string,instance_id=.string",complete
rexxcps-opaque-heavy-stripped-baseline-vm,41,_rxsysb.unknownaddressenvironment.bind_environment,self,_address,method,1,917,917,1,0,.void,"env_name=.string,instance_id=.string",complete
rexxcps-opaque-heavy-stripped-baseline-vm,41,_rxsysb.unknownaddressenvironment.bind_environment,native_child,_address,method,1,0,0,1,0,.void,"env_name=.string,instance_id=.string",complete
rexxcps-opaque-heavy-stripped-baseline-vm,41,_rxsysb.unknownaddressenvironment.bind_environment,entry_overhead,_address,method,1,375,375,1,0,.void,"env_name=.string,instance_id=.string",complete
rexxcps-opaque-heavy-stripped-baseline-vm,41,_rxsysb.unknownaddressenvironment.bind_environment,exit_overhead,_address,method,1,83,83,1,0,.void,"env_name=.string,instance_id=.string",complete
rexxcps-opaque-heavy-stripped-baseline-vm,42,_rxsysb.systemaddressenvironment.environment_id,elapsed,_address,method,3,2166,722,3,0,.string,,complete
rexxcps-opaque-heavy-stripped-baseline-vm,42,_rxsysb.systemaddressenvironment.environment_id,inclusive_body,_address,method,3,750,250,3,0,.string,,complete
rexxcps-opaque-heavy-stripped-baseline-vm,42,_rxsysb.systemaddressenvironment.environment_id,self,_address,method,3,750,250,3,0,.string,,complete
rexxcps-opaque-heavy-stripped-baseline-vm,42,_rxsysb.systemaddressenvironment.environment_id,native_child,_address,method,3,0,0,3,0,.string,,complete
rexxcps-opaque-heavy-stripped-baseline-vm,42,_rxsysb.systemaddressenvironment.environment_id,entry_overhead,_address,method,3,1209,403,3,0,.string,,complete
rexxcps-opaque-heavy-stripped-baseline-vm,42,_rxsysb.systemaddressenvironment.environment_id,exit_overhead,_address,method,3,207,69,3,0,.string,,complete
rexxcps-opaque-heavy-stripped-baseline-vm,43,_rxsysb.crexxaddressenvironment.environment_id,elapsed,_address,method,1,1167,1167,1,0,.string,,complete
rexxcps-opaque-heavy-stripped-baseline-vm,43,_rxsysb.crexxaddressenvironment.environment_id,inclusive_body,_address,method,1,375,375,1,0,.string,,complete
rexxcps-opaque-heavy-stripped-baseline-vm,43,_rxsysb.crexxaddressenvironment.environment_id,self,_address,method,1,375,375,1,0,.string,,complete
rexxcps-opaque-heavy-stripped-baseline-vm,43,_rxsysb.crexxaddressenvironment.environment_id,native_child,_address,method,1,0,0,1,0,.string,,complete
rexxcps-opaque-heavy-stripped-baseline-vm,43,_rxsysb.crexxaddressenvironment.environment_id,entry_overhead,_address,method,1,750,750,1,0,.string,,complete
rexxcps-opaque-heavy-stripped-baseline-vm,43,_rxsysb.crexxaddressenvironment.environment_id,exit_overhead,_address,method,1,42,42,1,0,.string,,complete
rexxcps-opaque-heavy-stripped-baseline-vm,44,_rxsysb.crexxaddressenvironment.environment_name,elapsed,_address,method,1,875,875,1,0,.string,,complete
rexxcps-opaque-heavy-stripped-baseline-vm,44,_rxsysb.crexxaddressenvironment.environment_name,inclusive_body,_address,method,1,250,250,1,0,.string,,complete
rexxcps-opaque-heavy-stripped-baseline-vm,44,_rxsysb.crexxaddressenvironment.environment_name,self,_address,method,1,250,250,1,0,.string,,complete
rexxcps-opaque-heavy-stripped-baseline-vm,44,_rxsysb.crexxaddressenvironment.environment_name,native_child,_address,method,1,0,0,1,0,.string,,complete
rexxcps-opaque-heavy-stripped-baseline-vm,44,_rxsysb.crexxaddressenvironment.environment_name,entry_overhead,_address,method,1,542,542,1,0,.string,,complete
rexxcps-opaque-heavy-stripped-baseline-vm,44,_rxsysb.crexxaddressenvironment.environment_name,exit_overhead,_address,method,1,83,83,1,0,.string,,complete
rexxcps-opaque-heavy-stripped-baseline-vm,45,_rxsysb.shelladdressenvironment.environment_id,elapsed,_address,method,1,709,709,1,0,.string,,complete
rexxcps-opaque-heavy-stripped-baseline-vm,45,_rxsysb.shelladdressenvironment.environment_id,inclusive_body,_address,method,1,292,292,1,0,.string,,complete
rexxcps-opaque-heavy-stripped-baseline-vm,45,_rxsysb.shelladdressenvironment.environment_id,self,_address,method,1,292,292,1,0,.string,,complete
rexxcps-opaque-heavy-stripped-baseline-vm,45,_rxsysb.shelladdressenvironment.environment_id,native_child,_address,method,1,0,0,1,0,.string,,complete
rexxcps-opaque-heavy-stripped-baseline-vm,45,_rxsysb.shelladdressenvironment.environment_id,entry_overhead,_address,method,1,375,375,1,0,.string,,complete
rexxcps-opaque-heavy-stripped-baseline-vm,45,_rxsysb.shelladdressenvironment.environment_id,exit_overhead,_address,method,1,42,42,1,0,.string,,complete
rexxcps-opaque-heavy-stripped-baseline-vm,46,_rxsysb.pathaddressenvironment.environment_id,elapsed,_address,method,1,667,667,1,0,.string,,complete
rexxcps-opaque-heavy-stripped-baseline-vm,46,_rxsysb.pathaddressenvironment.environment_id,inclusive_body,_address,method,1,291,291,1,0,.string,,complete
rexxcps-opaque-heavy-stripped-baseline-vm,46,_rxsysb.pathaddressenvironment.environment_id,self,_address,method,1,291,291,1,0,.string,,complete
rexxcps-opaque-heavy-stripped-baseline-vm,46,_rxsysb.pathaddressenvironment.environment_id,native_child,_address,method,1,0,0,1,0,.string,,complete
rexxcps-opaque-heavy-stripped-baseline-vm,46,_rxsysb.pathaddressenvironment.environment_id,entry_overhead,_address,method,1,334,334,1,0,.string,,complete
rexxcps-opaque-heavy-stripped-baseline-vm,46,_rxsysb.pathaddressenvironment.environment_id,exit_overhead,_address,method,1,42,42,1,0,.string,,complete
rexxcps-opaque-heavy-stripped-baseline-vm,47,_rxsysb.unknownaddressenvironment.environment_id,elapsed,_address,method,1,625,625,1,0,.string,,complete
rexxcps-opaque-heavy-stripped-baseline-vm,47,_rxsysb.unknownaddressenvironment.environment_id,inclusive_body,_address,method,1,208,208,1,0,.string,,complete
rexxcps-opaque-heavy-stripped-baseline-vm,47,_rxsysb.unknownaddressenvironment.environment_id,self,_address,method,1,208,208,1,0,.string,,complete
rexxcps-opaque-heavy-stripped-baseline-vm,47,_rxsysb.unknownaddressenvironment.environment_id,native_child,_address,method,1,0,0,1,0,.string,,complete
rexxcps-opaque-heavy-stripped-baseline-vm,47,_rxsysb.unknownaddressenvironment.environment_id,entry_overhead,_address,method,1,375,375,1,0,.string,,complete
rexxcps-opaque-heavy-stripped-baseline-vm,47,_rxsysb.unknownaddressenvironment.environment_id,exit_overhead,_address,method,1,42,42,1,0,.string,,complete
rexxcps-opaque-heavy-stripped-candidate-vm,1,rexxcps_levelb_opaque.main,elapsed,benchmark_rexxcps_levelb_opaque_opt,procedure,1,724403042,724403042,1,0,.int,,complete
rexxcps-opaque-heavy-stripped-candidate-vm,1,rexxcps_levelb_opaque.main,inclusive_body,benchmark_rexxcps_levelb_opaque_opt,procedure,1,724399000,724399000,1,0,.int,,complete
rexxcps-opaque-heavy-stripped-candidate-vm,1,rexxcps_levelb_opaque.main,self,benchmark_rexxcps_levelb_opaque_opt,procedure,1,38044301,38044301,1,0,.int,,complete
rexxcps-opaque-heavy-stripped-candidate-vm,1,rexxcps_levelb_opaque.main,native_child,benchmark_rexxcps_levelb_opaque_opt,procedure,1,0,0,1,0,.int,,complete
rexxcps-opaque-heavy-stripped-candidate-vm,1,rexxcps_levelb_opaque.main,entry_overhead,benchmark_rexxcps_levelb_opaque_opt,procedure,1,3875,3875,1,0,.int,,complete
rexxcps-opaque-heavy-stripped-candidate-vm,1,rexxcps_levelb_opaque.main,exit_overhead,benchmark_rexxcps_levelb_opaque_opt,procedure,1,167,167,1,0,.int,,complete
rexxcps-opaque-heavy-stripped-candidate-vm,2,rxfnsb.parseexec,elapsed,parseExec,procedure,9800,430879246,43967,9800,0,.string[*],"src=.string,splan=.string,template=.string,?debug=.int",complete
rexxcps-opaque-heavy-stripped-candidate-vm,2,rxfnsb.parseexec,inclusive_body,parseExec,procedure,9800,424806022,43347,9800,0,.string[*],"src=.string,splan=.string,template=.string,?debug=.int",complete
rexxcps-opaque-heavy-stripped-candidate-vm,2,rxfnsb.parseexec,self,parseExec,procedure,9800,416540372,42504,9800,0,.string[*],"src=.string,splan=.string,template=.string,?debug=.int",complete
rexxcps-opaque-heavy-stripped-candidate-vm,2,rxfnsb.parseexec,native_child,parseExec,procedure,9800,0,0,9800,0,.string[*],"src=.string,splan=.string,template=.string,?debug=.int",complete
rexxcps-opaque-heavy-stripped-candidate-vm,2,rxfnsb.parseexec,entry_overhead,parseExec,procedure,9800,4282988,437,9800,0,.string[*],"src=.string,splan=.string,template=.string,?debug=.int",complete
rexxcps-opaque-heavy-stripped-candidate-vm,2,rxfnsb.parseexec,exit_overhead,parseExec,procedure,9800,1790236,182,9800,0,.string[*],"src=.string,splan=.string,template=.string,?debug=.int",complete
rexxcps-opaque-heavy-stripped-candidate-vm,3,rxfnsb.stem.get,elapsed,stem,method,12503,74835373,5985,12503,0,.string,key=.string,complete
rexxcps-opaque-heavy-stripped-candidate-vm,3,rxfnsb.stem.get,inclusive_body,stem,method,12503,70370871,5628,12503,0,.string,key=.string,complete
rexxcps-opaque-heavy-stripped-candidate-vm,3,rxfnsb.stem.get,self,stem,method,12503,70370871,5628,12503,0,.string,key=.string,complete
rexxcps-opaque-heavy-stripped-candidate-vm,3,rxfnsb.stem.get,native_child,stem,method,12503,0,0,12503,0,.string,key=.string,complete
rexxcps-opaque-heavy-stripped-candidate-vm,3,rxfnsb.stem.get,entry_overhead,stem,method,12503,3632288,290,12503,0,.string,key=.string,complete
rexxcps-opaque-heavy-stripped-candidate-vm,3,rxfnsb.stem.get,exit_overhead,stem,method,12503,832214,66,12503,0,.string,key=.string,complete
rexxcps-opaque-heavy-stripped-candidate-vm,4,_rxsysb._address,elapsed,_address,procedure,1400,66738668,47670,1400,0,.int,"?env=.string,?command=.string,in=.binary,out=.binary,err=.binary,expose ...=.string",complete
rexxcps-opaque-heavy-stripped-candidate-vm,4,_rxsysb._address,inclusive_body,_address,procedure,1400,66014445,47153,1400,0,.int,"?env=.string,?command=.string,in=.binary,out=.binary,err=.binary,expose ...=.string",complete
rexxcps-opaque-heavy-stripped-candidate-vm,4,_rxsysb._address,self,_address,procedure,1400,6170681,4407,1400,0,.int,"?env=.string,?command=.string,in=.binary,out=.binary,err=.binary,expose ...=.string",complete
rexxcps-opaque-heavy-stripped-candidate-vm,4,_rxsysb._address,native_child,_address,procedure,1400,0,0,1400,0,.int,"?env=.string,?command=.string,in=.binary,out=.binary,err=.binary,expose ...=.string",complete
rexxcps-opaque-heavy-stripped-candidate-vm,4,_rxsysb._address,entry_overhead,_address,procedure,1400,589460,421,1400,0,.int,"?env=.string,?command=.string,in=.binary,out=.binary,err=.binary,expose ...=.string",complete
rexxcps-opaque-heavy-stripped-candidate-vm,4,_rxsysb._address,exit_overhead,_address,procedure,1400,134763,96,1400,0,.int,"?env=.string,?command=.string,in=.binary,out=.binary,err=.binary,expose ...=.string",complete
rexxcps-opaque-heavy-stripped-candidate-vm,5,_rxsysb._ensure_address_environment,elapsed,_address,procedure,2806,53817571,19179,2806,0,.int,env_name=.string,complete
rexxcps-opaque-heavy-stripped-candidate-vm,5,_rxsysb._ensure_address_environment,inclusive_body,_address,procedure,2806,52788511,18812,2806,0,.int,env_name=.string,complete
rexxcps-opaque-heavy-stripped-candidate-vm,5,_rxsysb._ensure_address_environment,self,_address,procedure,2806,38428159,13694,2806,0,.int,env_name=.string,complete
rexxcps-opaque-heavy-stripped-candidate-vm,5,_rxsysb._ensure_address_environment,native_child,_address,procedure,2806,0,0,2806,0,.int,env_name=.string,complete
rexxcps-opaque-heavy-stripped-candidate-vm,5,_rxsysb._ensure_address_environment,entry_overhead,_address,procedure,2806,817247,291,2806,0,.int,env_name=.string,complete
rexxcps-opaque-heavy-stripped-candidate-vm,5,_rxsysb._ensure_address_environment,exit_overhead,_address,procedure,2806,211813,75,2806,0,.int,env_name=.string,complete
rexxcps-opaque-heavy-stripped-candidate-vm,6,_rxsysb.addressenv,elapsed,_address,procedure,1400,53203380,38002,1400,0,._rxsysb..addressenvironment,?env_name=.string,complete
rexxcps-opaque-heavy-stripped-candidate-vm,6,_rxsysb.addressenv,inclusive_body,_address,procedure,1400,52403947,37431,1400,0,._rxsysb..addressenvironment,?env_name=.string,complete
rexxcps-opaque-heavy-stripped-candidate-vm,6,_rxsysb.addressenv,self,_address,procedure,1400,555246,396,1400,0,._rxsysb..addressenvironment,?env_name=.string,complete
rexxcps-opaque-heavy-stripped-candidate-vm,6,_rxsysb.addressenv,native_child,_address,procedure,1400,0,0,1400,0,._rxsysb..addressenvironment,?env_name=.string,complete
rexxcps-opaque-heavy-stripped-candidate-vm,6,_rxsysb.addressenv,entry_overhead,_address,procedure,1400,489517,349,1400,0,._rxsysb..addressenvironment,?env_name=.string,complete
rexxcps-opaque-heavy-stripped-candidate-vm,6,_rxsysb.addressenv,exit_overhead,_address,procedure,1400,309916,221,1400,0,._rxsysb..addressenvironment,?env_name=.string,complete
rexxcps-opaque-heavy-stripped-candidate-vm,7,_rxsysb._address_environment,elapsed,_address,procedure,1400,51848701,37034,1400,0,._rxsysb..addressenvironment,?env_name=.string,complete
rexxcps-opaque-heavy-stripped-candidate-vm,7,_rxsysb._address_environment,inclusive_body,_address,procedure,1400,51153671,36538,1400,0,._rxsysb..addressenvironment,?env_name=.string,complete
rexxcps-opaque-heavy-stripped-candidate-vm,7,_rxsysb._address_environment,self,_address,procedure,1400,5997197,4283,1400,0,._rxsysb..addressenvironment,?env_name=.string,complete
rexxcps-opaque-heavy-stripped-candidate-vm,7,_rxsysb._address_environment,native_child,_address,procedure,1400,0,0,1400,0,._rxsysb..addressenvironment,?env_name=.string,complete
rexxcps-opaque-heavy-stripped-candidate-vm,7,_rxsysb._address_environment,entry_overhead,_address,procedure,1400,567533,405,1400,0,._rxsysb..addressenvironment,?env_name=.string,complete
rexxcps-opaque-heavy-stripped-candidate-vm,7,_rxsysb._address_environment,exit_overhead,_address,procedure,1400,127497,91,1400,0,._rxsysb..addressenvironment,?env_name=.string,complete
rexxcps-opaque-heavy-stripped-candidate-vm,8,rxfnsb.stem.set,elapsed,stem,method,8300,46383218,5588,8300,0,.void,"?key=.string,value=.string",complete
rexxcps-opaque-heavy-stripped-candidate-vm,8,rxfnsb.stem.set,inclusive_body,stem,method,8300,43188814,5203,8300,0,.void,"?key=.string,value=.string",complete
rexxcps-opaque-heavy-stripped-candidate-vm,8,rxfnsb.stem.set,self,stem,method,8300,43188814,5203,8300,0,.void,"?key=.string,value=.string",complete
rexxcps-opaque-heavy-stripped-candidate-vm,8,rxfnsb.stem.set,native_child,stem,method,8300,0,0,8300,0,.void,"?key=.string,value=.string",complete
rexxcps-opaque-heavy-stripped-candidate-vm,8,rxfnsb.stem.set,entry_overhead,stem,method,8300,2692512,324,8300,0,.void,"?key=.string,value=.string",complete
rexxcps-opaque-heavy-stripped-candidate-vm,8,rxfnsb.stem.set,exit_overhead,stem,method,8300,501892,60,8300,0,.void,"?key=.string,value=.string",complete
rexxcps-opaque-heavy-stripped-candidate-vm,9,rxfnsb.strip,elapsed,strip,procedure,15444,36238452,2346,15444,0,.string,"string=.string,?option=.string,?char=.string",complete
rexxcps-opaque-heavy-stripped-candidate-vm,9,rxfnsb.strip,inclusive_body,strip,procedure,15444,30771405,1992,15444,0,.string,"string=.string,?option=.string,?char=.string",complete
rexxcps-opaque-heavy-stripped-candidate-vm,9,rxfnsb.strip,self,strip,procedure,15444,30771405,1992,15444,0,.string,"string=.string,?option=.string,?char=.string",complete
rexxcps-opaque-heavy-stripped-candidate-vm,9,rxfnsb.strip,native_child,strip,procedure,15444,0,0,15444,0,.string,"string=.string,?option=.string,?char=.string",complete
rexxcps-opaque-heavy-stripped-candidate-vm,9,rxfnsb.strip,entry_overhead,strip,procedure,15444,4556774,295,15444,0,.string,"string=.string,?option=.string,?char=.string",complete
rexxcps-opaque-heavy-stripped-candidate-vm,9,rxfnsb.strip,exit_overhead,strip,procedure,15444,910273,58,15444,0,.string,"string=.string,?option=.string,?char=.string",complete
rexxcps-opaque-heavy-stripped-candidate-vm,10,_rxsysb._set_address_environment,elapsed,_address,procedure,1400,29583044,21130,1400,0,.int,env_name=.string,complete
rexxcps-opaque-heavy-stripped-candidate-vm,10,_rxsysb._set_address_environment,inclusive_body,_address,procedure,1400,29002686,20716,1400,0,.int,env_name=.string,complete
rexxcps-opaque-heavy-stripped-candidate-vm,10,_rxsysb._set_address_environment,self,_address,procedure,1400,5204547,3717,1400,0,.int,env_name=.string,complete
rexxcps-opaque-heavy-stripped-candidate-vm,10,_rxsysb._set_address_environment,native_child,_address,procedure,1400,0,0,1400,0,.int,env_name=.string,complete
rexxcps-opaque-heavy-stripped-candidate-vm,10,_rxsysb._set_address_environment,entry_overhead,_address,procedure,1400,489628,349,1400,0,.int,env_name=.string,complete
rexxcps-opaque-heavy-stripped-candidate-vm,10,_rxsysb._set_address_environment,exit_overhead,_address,procedure,1400,90730,64,1400,0,.int,env_name=.string,complete
rexxcps-opaque-heavy-stripped-candidate-vm,11,_rxsysb.ensure_address_runtime,elapsed,_address,procedure,11206,28866191,2575,11206,0,.void,,complete
rexxcps-opaque-heavy-stripped-candidate-vm,11,_rxsysb.ensure_address_runtime,inclusive_body,_address,procedure,11206,26540765,2368,11206,0,.void,,complete
rexxcps-opaque-heavy-stripped-candidate-vm,11,_rxsysb.ensure_address_runtime,self,_address,procedure,11206,2075808,185,11206,0,.void,,complete
rexxcps-opaque-heavy-stripped-candidate-vm,11,_rxsysb.ensure_address_runtime,native_child,_address,procedure,11206,0,0,11206,0,.void,,complete
rexxcps-opaque-heavy-stripped-candidate-vm,11,_rxsysb.ensure_address_runtime,entry_overhead,_address,procedure,11206,1868372,166,11206,0,.void,,complete
rexxcps-opaque-heavy-stripped-candidate-vm,11,_rxsysb.ensure_address_runtime,exit_overhead,_address,procedure,11206,457054,40,11206,0,.void,,complete
rexxcps-opaque-heavy-stripped-candidate-vm,12,_rxsysb.dispatch_address_request,elapsed,_address,procedure,1400,24896883,17783,1400,0,._rxsysb..addressresponse,request=.addressrequest,complete
rexxcps-opaque-heavy-stripped-candidate-vm,12,_rxsysb.dispatch_address_request,inclusive_body,_address,procedure,1400,23969196,17120,1400,0,._rxsysb..addressresponse,request=.addressrequest,complete
rexxcps-opaque-heavy-stripped-candidate-vm,12,_rxsysb.dispatch_address_request,self,_address,procedure,1400,9058298,6470,1400,0,._rxsysb..addressresponse,request=.addressrequest,complete
rexxcps-opaque-heavy-stripped-candidate-vm,12,_rxsysb.dispatch_address_request,native_child,_address,procedure,1400,0,0,1400,0,._rxsysb..addressresponse,request=.addressrequest,complete
rexxcps-opaque-heavy-stripped-candidate-vm,12,_rxsysb.dispatch_address_request,entry_overhead,_address,procedure,1400,524977,374,1400,0,._rxsysb..addressresponse,request=.addressrequest,complete
rexxcps-opaque-heavy-stripped-candidate-vm,12,_rxsysb.dispatch_address_request,exit_overhead,_address,procedure,1400,402710,287,1400,0,._rxsysb..addressresponse,request=.addressrequest,complete
rexxcps-opaque-heavy-stripped-candidate-vm,13,rxfnsb._stream_span,elapsed,parseExec,procedure,7000,8265650,1180,7000,0,.string,"source=.string,start=.int,span_length=.int",complete
rexxcps-opaque-heavy-stripped-candidate-vm,13,rxfnsb._stream_span,inclusive_body,parseExec,procedure,7000,5023181,717,7000,0,.string,"source=.string,start=.int,span_length=.int",complete
rexxcps-opaque-heavy-stripped-candidate-vm,13,rxfnsb._stream_span,self,parseExec,procedure,7000,5023181,717,7000,0,.string,"source=.string,start=.int,span_length=.int",complete
rexxcps-opaque-heavy-stripped-candidate-vm,13,rxfnsb._stream_span,native_child,parseExec,procedure,7000,0,0,7000,0,.string,"source=.string,start=.int,span_length=.int",complete
rexxcps-opaque-heavy-stripped-candidate-vm,13,rxfnsb._stream_span,entry_overhead,parseExec,procedure,7000,2796525,399,7000,0,.string,"source=.string,start=.int,span_length=.int",complete
rexxcps-opaque-heavy-stripped-candidate-vm,13,rxfnsb._stream_span,exit_overhead,parseExec,procedure,7000,445944,63,7000,0,.string,"source=.string,start=.int,span_length=.int",complete
rexxcps-opaque-heavy-stripped-candidate-vm,14,rxfnsb._trace_set,elapsed,trace,procedure,1402,6314218,4503,1402,0,.void,mode=.string,complete
rexxcps-opaque-heavy-stripped-candidate-vm,14,rxfnsb._trace_set,inclusive_body,trace,procedure,1402,5839754,4165,1402,0,.void,mode=.string,complete
rexxcps-opaque-heavy-stripped-candidate-vm,14,rxfnsb._trace_set,self,trace,procedure,1402,4133127,2948,1402,0,.void,mode=.string,complete
rexxcps-opaque-heavy-stripped-candidate-vm,14,rxfnsb._trace_set,native_child,trace,procedure,1402,0,0,1402,0,.void,mode=.string,complete
rexxcps-opaque-heavy-stripped-candidate-vm,14,rxfnsb._trace_set,entry_overhead,trace,procedure,1402,334860,238,1402,0,.void,mode=.string,complete
rexxcps-opaque-heavy-stripped-candidate-vm,14,rxfnsb._trace_set,exit_overhead,trace,procedure,1402,139604,99,1402,0,.void,mode=.string,complete
rexxcps-opaque-heavy-stripped-candidate-vm,15,_rxsysb.unknownaddressenvironment.execute,elapsed,_address,method,1400,4551214,3250,1400,0,._rxsysb..addressresponse,request=.addressrequest,complete
rexxcps-opaque-heavy-stripped-candidate-vm,15,_rxsysb.unknownaddressenvironment.execute,inclusive_body,_address,method,1400,3996945,2854,1400,0,._rxsysb..addressresponse,request=.addressrequest,complete
rexxcps-opaque-heavy-stripped-candidate-vm,15,_rxsysb.unknownaddressenvironment.execute,self,_address,method,1400,3996945,2854,1400,0,._rxsysb..addressresponse,request=.addressrequest,complete
rexxcps-opaque-heavy-stripped-candidate-vm,15,_rxsysb.unknownaddressenvironment.execute,native_child,_address,method,1400,0,0,1400,0,._rxsysb..addressresponse,request=.addressrequest,complete
rexxcps-opaque-heavy-stripped-candidate-vm,15,_rxsysb.unknownaddressenvironment.execute,entry_overhead,_address,method,1400,448813,320,1400,0,._rxsysb..addressresponse,request=.addressrequest,complete
rexxcps-opaque-heavy-stripped-candidate-vm,15,_rxsysb.unknownaddressenvironment.execute,exit_overhead,_address,method,1400,105456,75,1400,0,._rxsysb..addressresponse,request=.addressrequest,complete
rexxcps-opaque-heavy-stripped-candidate-vm,16,rxfnsb._trace_ensure_runtime,elapsed,trace,procedure,7004,2894418,413,7004,0,.void,,complete
rexxcps-opaque-heavy-stripped-candidate-vm,16,rxfnsb._trace_ensure_runtime,inclusive_body,trace,procedure,7004,1522570,217,7004,0,.void,,complete
rexxcps-opaque-heavy-stripped-candidate-vm,16,rxfnsb._trace_ensure_runtime,self,trace,procedure,7004,1331446,190,7004,0,.void,,complete
rexxcps-opaque-heavy-stripped-candidate-vm,16,rxfnsb._trace_ensure_runtime,native_child,trace,procedure,7004,0,0,7004,0,.void,,complete
rexxcps-opaque-heavy-stripped-candidate-vm,16,rxfnsb._trace_ensure_runtime,entry_overhead,trace,procedure,7004,1060690,151,7004,0,.void,,complete
rexxcps-opaque-heavy-stripped-candidate-vm,16,rxfnsb._trace_ensure_runtime,exit_overhead,trace,procedure,7004,311158,44,7004,0,.void,,complete
rexxcps-opaque-heavy-stripped-candidate-vm,17,_rxsysb._current_address_environment,elapsed,_address,procedure,2800,2684010,958,2800,0,.string,,complete
rexxcps-opaque-heavy-stripped-candidate-vm,17,_rxsysb._current_address_environment,inclusive_body,_address,procedure,2800,1854977,662,2800,0,.string,,complete
rexxcps-opaque-heavy-stripped-candidate-vm,17,_rxsysb._current_address_environment,self,_address,procedure,2800,798493,285,2800,0,.string,,complete
rexxcps-opaque-heavy-stripped-candidate-vm,17,_rxsysb._current_address_environment,native_child,_address,procedure,2800,0,0,2800,0,.string,,complete
rexxcps-opaque-heavy-stripped-candidate-vm,17,_rxsysb._current_address_environment,entry_overhead,_address,procedure,2800,647928,231,2800,0,.string,,complete
rexxcps-opaque-heavy-stripped-candidate-vm,17,_rxsysb._current_address_environment,exit_overhead,_address,procedure,2800,181105,64,2800,0,.string,,complete
rexxcps-opaque-heavy-stripped-candidate-vm,18,rxfnsb._trace_current_mode,elapsed,trace,procedure,2802,2287824,816,2802,0,.string,,complete
rexxcps-opaque-heavy-stripped-candidate-vm,18,rxfnsb._trace_current_mode,inclusive_body,trace,procedure,2802,1662211,593,2802,0,.string,,complete
rexxcps-opaque-heavy-stripped-candidate-vm,18,rxfnsb._trace_current_mode,self,trace,procedure,2802,667680,238,2802,0,.string,,complete
rexxcps-opaque-heavy-stripped-candidate-vm,18,rxfnsb._trace_current_mode,native_child,trace,procedure,2802,0,0,2802,0,.string,,complete
rexxcps-opaque-heavy-stripped-candidate-vm,18,rxfnsb._trace_current_mode,entry_overhead,trace,procedure,2802,449756,160,2802,0,.string,,complete
rexxcps-opaque-heavy-stripped-candidate-vm,18,rxfnsb._trace_current_mode,exit_overhead,trace,procedure,2802,175857,62,2802,0,.string,,complete
rexxcps-opaque-heavy-stripped-candidate-vm,19,rxfnsb._trace_normalize_mode,elapsed,trace,procedure,2803,2217880,791,2803,0,.string,mode=.string,complete
rexxcps-opaque-heavy-stripped-candidate-vm,19,rxfnsb._trace_normalize_mode,inclusive_body,trace,procedure,2803,1336055,476,2803,0,.string,mode=.string,complete
rexxcps-opaque-heavy-stripped-candidate-vm,19,rxfnsb._trace_normalize_mode,self,trace,procedure,2803,1321013,471,2803,0,.string,mode=.string,complete
rexxcps-opaque-heavy-stripped-candidate-vm,19,rxfnsb._trace_normalize_mode,native_child,trace,procedure,2803,0,0,2803,0,.string,mode=.string,complete
rexxcps-opaque-heavy-stripped-candidate-vm,19,rxfnsb._trace_normalize_mode,entry_overhead,trace,procedure,2803,667046,237,2803,0,.string,mode=.string,complete
rexxcps-opaque-heavy-stripped-candidate-vm,19,rxfnsb._trace_normalize_mode,exit_overhead,trace,procedure,2803,214779,76,2803,0,.string,mode=.string,complete
rexxcps-opaque-heavy-stripped-candidate-vm,20,rxfnsb._trace_mode_from_option,elapsed,trace,procedure,1401,2151210,1535,1401,0,.string,option=.string,complete
rexxcps-opaque-heavy-stripped-candidate-vm,20,rxfnsb._trace_mode_from_option,inclusive_body,trace,procedure,1401,1651460,1178,1401,0,.string,option=.string,complete
rexxcps-opaque-heavy-stripped-candidate-vm,20,rxfnsb._trace_mode_from_option,self,trace,procedure,1401,446085,318,1401,0,.string,option=.string,complete
rexxcps-opaque-heavy-stripped-candidate-vm,20,rxfnsb._trace_mode_from_option,native_child,trace,procedure,1401,0,0,1401,0,.string,option=.string,complete
rexxcps-opaque-heavy-stripped-candidate-vm,20,rxfnsb._trace_mode_from_option,entry_overhead,trace,procedure,1401,347626,248,1401,0,.string,option=.string,complete
rexxcps-opaque-heavy-stripped-candidate-vm,20,rxfnsb._trace_mode_from_option,exit_overhead,trace,procedure,1401,152124,108,1401,0,.string,option=.string,complete
rexxcps-opaque-heavy-stripped-candidate-vm,21,rxfnsb.upper,elapsed,upper,procedure,2800,1749391,624,2800,0,.string,expose string=.string,complete
rexxcps-opaque-heavy-stripped-candidate-vm,21,rxfnsb.upper,inclusive_body,upper,procedure,2800,661613,236,2800,0,.string,expose string=.string,complete
rexxcps-opaque-heavy-stripped-candidate-vm,21,rxfnsb.upper,self,upper,procedure,2800,661613,236,2800,0,.string,expose string=.string,complete
rexxcps-opaque-heavy-stripped-candidate-vm,21,rxfnsb.upper,native_child,upper,procedure,2800,0,0,2800,0,.string,expose string=.string,complete
rexxcps-opaque-heavy-stripped-candidate-vm,21,rxfnsb.upper,entry_overhead,upper,procedure,2800,899104,321,2800,0,.string,expose string=.string,complete
rexxcps-opaque-heavy-stripped-candidate-vm,21,rxfnsb.upper,exit_overhead,upper,procedure,2800,188674,67,2800,0,.string,expose string=.string,complete
rexxcps-opaque-heavy-stripped-candidate-vm,22,rxfnsb._trace_command_before,elapsed,trace,procedure,1400,1511905,1079,1400,0,.void,"environment=.string,command=.string",complete
rexxcps-opaque-heavy-stripped-candidate-vm,22,rxfnsb._trace_command_before,inclusive_body,trace,procedure,1400,962040,687,1400,0,.void,"environment=.string,command=.string",complete
rexxcps-opaque-heavy-stripped-candidate-vm,22,rxfnsb._trace_command_before,self,trace,procedure,1400,324319,231,1400,0,.void,"environment=.string,command=.string",complete
rexxcps-opaque-heavy-stripped-candidate-vm,22,rxfnsb._trace_command_before,native_child,trace,procedure,1400,0,0,1400,0,.void,"environment=.string,command=.string",complete
rexxcps-opaque-heavy-stripped-candidate-vm,22,rxfnsb._trace_command_before,entry_overhead,trace,procedure,1400,491573,351,1400,0,.void,"environment=.string,command=.string",complete
rexxcps-opaque-heavy-stripped-candidate-vm,22,rxfnsb._trace_command_before,exit_overhead,trace,procedure,1400,58292,41,1400,0,.void,"environment=.string,command=.string",complete
rexxcps-opaque-heavy-stripped-candidate-vm,23,rxfnsb._trace_command_after,elapsed,trace,procedure,1400,1449341,1035,1400,0,.void,"environment=.string,command=.string,rc=.int,condition=.string",complete
rexxcps-opaque-heavy-stripped-candidate-vm,23,rxfnsb._trace_command_after,inclusive_body,trace,procedure,1400,873280,623,1400,0,.void,"environment=.string,command=.string,rc=.int,condition=.string",complete
rexxcps-opaque-heavy-stripped-candidate-vm,23,rxfnsb._trace_command_after,self,trace,procedure,1400,305236,218,1400,0,.void,"environment=.string,command=.string,rc=.int,condition=.string",complete
rexxcps-opaque-heavy-stripped-candidate-vm,23,rxfnsb._trace_command_after,native_child,trace,procedure,1400,0,0,1400,0,.void,"environment=.string,command=.string,rc=.int,condition=.string",complete
rexxcps-opaque-heavy-stripped-candidate-vm,23,rxfnsb._trace_command_after,entry_overhead,trace,procedure,1400,520346,371,1400,0,.void,"environment=.string,command=.string,rc=.int,condition=.string",complete
rexxcps-opaque-heavy-stripped-candidate-vm,23,rxfnsb._trace_command_after,exit_overhead,trace,procedure,1400,55715,39,1400,0,.void,"environment=.string,command=.string,rc=.int,condition=.string",complete
rexxcps-opaque-heavy-stripped-candidate-vm,24,_rxsysb.unknownaddressenvironment.environment_name,elapsed,_address,method,1399,840787,600,1399,0,.string,,complete
rexxcps-opaque-heavy-stripped-candidate-vm,24,_rxsysb.unknownaddressenvironment.environment_name,inclusive_body,_address,method,1399,317991,227,1399,0,.string,,complete
rexxcps-opaque-heavy-stripped-candidate-vm,24,_rxsysb.unknownaddressenvironment.environment_name,self,_address,method,1399,317991,227,1399,0,.string,,complete
rexxcps-opaque-heavy-stripped-candidate-vm,24,_rxsysb.unknownaddressenvironment.environment_name,native_child,_address,method,1399,0,0,1399,0,.string,,complete
rexxcps-opaque-heavy-stripped-candidate-vm,24,_rxsysb.unknownaddressenvironment.environment_name,entry_overhead,_address,method,1399,441905,315,1399,0,.string,,complete
rexxcps-opaque-heavy-stripped-candidate-vm,24,_rxsysb.unknownaddressenvironment.environment_name,exit_overhead,_address,method,1399,80891,57,1399,0,.string,,complete
rexxcps-opaque-heavy-stripped-candidate-vm,25,rexxcps_levelb_opaque.__rxtrace_reset_display_state,elapsed,benchmark_rexxcps_levelb_opaque_opt,procedure,1402,574966,410,1402,0,.void,,complete
rexxcps-opaque-heavy-stripped-candidate-vm,25,rexxcps_levelb_opaque.__rxtrace_reset_display_state,inclusive_body,benchmark_rexxcps_levelb_opaque_opt,procedure,1402,304336,217,1402,0,.void,,complete
rexxcps-opaque-heavy-stripped-candidate-vm,25,rexxcps_levelb_opaque.__rxtrace_reset_display_state,self,benchmark_rexxcps_levelb_opaque_opt,procedure,1402,304336,217,1402,0,.void,,complete
rexxcps-opaque-heavy-stripped-candidate-vm,25,rexxcps_levelb_opaque.__rxtrace_reset_display_state,native_child,benchmark_rexxcps_levelb_opaque_opt,procedure,1402,0,0,1402,0,.void,,complete
rexxcps-opaque-heavy-stripped-candidate-vm,25,rexxcps_levelb_opaque.__rxtrace_reset_display_state,entry_overhead,benchmark_rexxcps_levelb_opaque_opt,procedure,1402,199999,142,1402,0,.void,,complete
rexxcps-opaque-heavy-stripped-candidate-vm,25,rexxcps_levelb_opaque.__rxtrace_reset_display_state,exit_overhead,benchmark_rexxcps_levelb_opaque_opt,procedure,1402,70631,50,1402,0,.void,,complete
rexxcps-opaque-heavy-stripped-candidate-vm,26,rxfnsb.time,elapsed,time,procedure,4,362918,90729,4,0,.string,?option=.string,complete
rexxcps-opaque-heavy-stripped-candidate-vm,26,rxfnsb.time,inclusive_body,time,procedure,4,356750,89187,4,0,.string,?option=.string,complete
rexxcps-opaque-heavy-stripped-candidate-vm,26,rxfnsb.time,self,time,procedure,4,345375,86343,4,0,.string,?option=.string,complete
rexxcps-opaque-heavy-stripped-candidate-vm,26,rxfnsb.time,native_child,time,procedure,4,0,0,4,0,.string,?option=.string,complete
rexxcps-opaque-heavy-stripped-candidate-vm,26,rxfnsb.time,entry_overhead,time,procedure,4,4667,1166,4,0,.string,?option=.string,complete
rexxcps-opaque-heavy-stripped-candidate-vm,26,rxfnsb.time,exit_overhead,time,procedure,4,1501,375,4,0,.string,?option=.string,complete
rexxcps-opaque-heavy-stripped-candidate-vm,27,rxfnsb.tracecontroller.add_suppressed_namespace,elapsed,trace,method,16,191124,11945,16,0,.void,namespace_name=.string,complete
rexxcps-opaque-heavy-stripped-candidate-vm,27,rxfnsb.tracecontroller.add_suppressed_namespace,inclusive_body,trace,method,16,167126,10445,16,0,.void,namespace_name=.string,complete
rexxcps-opaque-heavy-stripped-candidate-vm,27,rxfnsb.tracecontroller.add_suppressed_namespace,self,trace,method,16,124378,7773,16,0,.void,namespace_name=.string,complete
rexxcps-opaque-heavy-stripped-candidate-vm,27,rxfnsb.tracecontroller.add_suppressed_namespace,native_child,trace,method,16,0,0,16,0,.void,namespace_name=.string,complete
rexxcps-opaque-heavy-stripped-candidate-vm,27,rxfnsb.tracecontroller.add_suppressed_namespace,entry_overhead,trace,method,16,22083,1380,16,0,.void,namespace_name=.string,complete
rexxcps-opaque-heavy-stripped-candidate-vm,27,rxfnsb.tracecontroller.add_suppressed_namespace,exit_overhead,trace,method,16,1915,119,16,0,.void,namespace_name=.string,complete
rexxcps-opaque-heavy-stripped-candidate-vm,28,rxfnsb.format,elapsed,format,procedure,2,24750,12375,2,0,.string,"number=.decimal,?before=.int,?after=.int,?expp=.int,?expt=.int",complete
rexxcps-opaque-heavy-stripped-candidate-vm,28,rxfnsb.format,inclusive_body,format,procedure,2,19124,9562,2,0,.string,"number=.decimal,?before=.int,?after=.int,?expp=.int,?expt=.int",complete
rexxcps-opaque-heavy-stripped-candidate-vm,28,rxfnsb.format,self,format,procedure,2,19124,9562,2,0,.string,"number=.decimal,?before=.int,?after=.int,?expp=.int,?expt=.int",complete
rexxcps-opaque-heavy-stripped-candidate-vm,28,rxfnsb.format,native_child,format,procedure,2,0,0,2,0,.string,"number=.decimal,?before=.int,?after=.int,?expp=.int,?expt=.int",complete
rexxcps-opaque-heavy-stripped-candidate-vm,28,rxfnsb.format,entry_overhead,format,procedure,2,5292,2646,2,0,.string,"number=.decimal,?before=.int,?after=.int,?expp=.int,?expt=.int",complete
rexxcps-opaque-heavy-stripped-candidate-vm,28,rxfnsb.format,exit_overhead,format,procedure,2,334,167,2,0,.string,"number=.decimal,?before=.int,?after=.int,?expp=.int,?expt=.int",complete
rexxcps-opaque-heavy-stripped-candidate-vm,29,_rxsysb.systemaddressenvironment.§factory,elapsed,_address,factory,3,18166,6055,3,0,._rxsysb..systemaddressenvironment,env_name=.string,complete
rexxcps-opaque-heavy-stripped-candidate-vm,29,_rxsysb.systemaddressenvironment.§factory,inclusive_body,_address,factory,3,15376,5125,3,0,._rxsysb..systemaddressenvironment,env_name=.string,complete
rexxcps-opaque-heavy-stripped-candidate-vm,29,_rxsysb.systemaddressenvironment.§factory,self,_address,factory,3,5043,1681,3,0,._rxsysb..systemaddressenvironment,env_name=.string,complete
rexxcps-opaque-heavy-stripped-candidate-vm,29,_rxsysb.systemaddressenvironment.§factory,native_child,_address,factory,3,0,0,3,0,._rxsysb..systemaddressenvironment,env_name=.string,complete
rexxcps-opaque-heavy-stripped-candidate-vm,29,_rxsysb.systemaddressenvironment.§factory,entry_overhead,_address,factory,3,2124,708,3,0,._rxsysb..systemaddressenvironment,env_name=.string,complete
rexxcps-opaque-heavy-stripped-candidate-vm,29,_rxsysb.systemaddressenvironment.§factory,exit_overhead,_address,factory,3,666,222,3,0,._rxsysb..systemaddressenvironment,env_name=.string,complete
rexxcps-opaque-heavy-stripped-candidate-vm,30,_rxsysb.shelladdressenvironment.§factory,elapsed,_address,factory,1,12834,12834,1,0,._rxsysb..shelladdressenvironment,env_name=.string,complete
rexxcps-opaque-heavy-stripped-candidate-vm,30,_rxsysb.shelladdressenvironment.§factory,inclusive_body,_address,factory,1,10500,10500,1,0,._rxsysb..shelladdressenvironment,env_name=.string,complete
rexxcps-opaque-heavy-stripped-candidate-vm,30,_rxsysb.shelladdressenvironment.§factory,self,_address,factory,1,3375,3375,1,0,._rxsysb..shelladdressenvironment,env_name=.string,complete
rexxcps-opaque-heavy-stripped-candidate-vm,30,_rxsysb.shelladdressenvironment.§factory,native_child,_address,factory,1,0,0,1,0,._rxsysb..shelladdressenvironment,env_name=.string,complete
rexxcps-opaque-heavy-stripped-candidate-vm,30,_rxsysb.shelladdressenvironment.§factory,entry_overhead,_address,factory,1,1959,1959,1,0,._rxsysb..shelladdressenvironment,env_name=.string,complete
rexxcps-opaque-heavy-stripped-candidate-vm,30,_rxsysb.shelladdressenvironment.§factory,exit_overhead,_address,factory,1,375,375,1,0,._rxsysb..shelladdressenvironment,env_name=.string,complete
rexxcps-opaque-heavy-stripped-candidate-vm,31,_rxsysb.systemaddressenvironment.bind_environment,elapsed,_address,method,3,12582,4194,3,0,.void,"env_name=.string,instance_id=.string",complete
rexxcps-opaque-heavy-stripped-candidate-vm,31,_rxsysb.systemaddressenvironment.bind_environment,inclusive_body,_address,method,3,10833,3611,3,0,.void,"env_name=.string,instance_id=.string",complete
rexxcps-opaque-heavy-stripped-candidate-vm,31,_rxsysb.systemaddressenvironment.bind_environment,self,_address,method,3,2958,986,3,0,.void,"env_name=.string,instance_id=.string",complete
rexxcps-opaque-heavy-stripped-candidate-vm,31,_rxsysb.systemaddressenvironment.bind_environment,native_child,_address,method,3,0,0,3,0,.void,"env_name=.string,instance_id=.string",complete
rexxcps-opaque-heavy-stripped-candidate-vm,31,_rxsysb.systemaddressenvironment.bind_environment,entry_overhead,_address,method,3,1291,430,3,0,.void,"env_name=.string,instance_id=.string",complete
rexxcps-opaque-heavy-stripped-candidate-vm,31,_rxsysb.systemaddressenvironment.bind_environment,exit_overhead,_address,method,3,458,152,3,0,.void,"env_name=.string,instance_id=.string",complete
rexxcps-opaque-heavy-stripped-candidate-vm,32,_rxsysb._elapsed,elapsed,/Users/adrian/CLionProjects/CREXX/lib/rxfnsb/rxas/_elapsed,procedure,12,11375,947,12,0,.int,value=.int,complete
rexxcps-opaque-heavy-stripped-candidate-vm,32,_rxsysb._elapsed,inclusive_body,/Users/adrian/CLionProjects/CREXX/lib/rxfnsb/rxas/_elapsed,procedure,12,5251,437,12,0,.int,value=.int,complete
rexxcps-opaque-heavy-stripped-candidate-vm,32,_rxsysb._elapsed,self,/Users/adrian/CLionProjects/CREXX/lib/rxfnsb/rxas/_elapsed,procedure,12,5251,437,12,0,.int,value=.int,complete
rexxcps-opaque-heavy-stripped-candidate-vm,32,_rxsysb._elapsed,native_child,/Users/adrian/CLionProjects/CREXX/lib/rxfnsb/rxas/_elapsed,procedure,12,0,0,12,0,.int,value=.int,complete
rexxcps-opaque-heavy-stripped-candidate-vm,32,_rxsysb._elapsed,entry_overhead,/Users/adrian/CLionProjects/CREXX/lib/rxfnsb/rxas/_elapsed,procedure,12,4625,385,12,0,.int,value=.int,complete
rexxcps-opaque-heavy-stripped-candidate-vm,32,_rxsysb._elapsed,exit_overhead,/Users/adrian/CLionProjects/CREXX/lib/rxfnsb/rxas/_elapsed,procedure,12,1499,124,12,0,.int,value=.int,complete
rexxcps-opaque-heavy-stripped-candidate-vm,33,rxfnsb.stem.§factory,elapsed,stem,factory,2,7875,3937,2,0,.rxfnsb..stem,,complete
rexxcps-opaque-heavy-stripped-candidate-vm,33,rxfnsb.stem.§factory,inclusive_body,stem,factory,2,4459,2229,2,0,.rxfnsb..stem,,complete
rexxcps-opaque-heavy-stripped-candidate-vm,33,rxfnsb.stem.§factory,self,stem,factory,2,4459,2229,2,0,.rxfnsb..stem,,complete
rexxcps-opaque-heavy-stripped-candidate-vm,33,rxfnsb.stem.§factory,native_child,stem,factory,2,0,0,2,0,.rxfnsb..stem,,complete
rexxcps-opaque-heavy-stripped-candidate-vm,33,rxfnsb.stem.§factory,entry_overhead,stem,factory,2,2083,1041,2,0,.rxfnsb..stem,,complete
rexxcps-opaque-heavy-stripped-candidate-vm,33,rxfnsb.stem.§factory,exit_overhead,stem,factory,2,1333,666,2,0,.rxfnsb..stem,,complete
rexxcps-opaque-heavy-stripped-candidate-vm,34,_rxsysb.crexxaddressenvironment.§factory,elapsed,_address,factory,1,7375,7375,1,0,._rxsysb..crexxaddressenvironment,env_name=.string,complete
rexxcps-opaque-heavy-stripped-candidate-vm,34,_rxsysb.crexxaddressenvironment.§factory,inclusive_body,_address,factory,1,5625,5625,1,0,._rxsysb..crexxaddressenvironment,env_name=.string,complete
rexxcps-opaque-heavy-stripped-candidate-vm,34,_rxsysb.crexxaddressenvironment.§factory,self,_address,factory,1,2000,2000,1,0,._rxsysb..crexxaddressenvironment,env_name=.string,complete
rexxcps-opaque-heavy-stripped-candidate-vm,34,_rxsysb.crexxaddressenvironment.§factory,native_child,_address,factory,1,0,0,1,0,._rxsysb..crexxaddressenvironment,env_name=.string,complete
rexxcps-opaque-heavy-stripped-candidate-vm,34,_rxsysb.crexxaddressenvironment.§factory,entry_overhead,_address,factory,1,1584,1584,1,0,._rxsysb..crexxaddressenvironment,env_name=.string,complete
rexxcps-opaque-heavy-stripped-candidate-vm,34,_rxsysb.crexxaddressenvironment.§factory,exit_overhead,_address,factory,1,166,166,1,0,._rxsysb..crexxaddressenvironment,env_name=.string,complete
rexxcps-opaque-heavy-stripped-candidate-vm,35,_rxsysb.pathaddressenvironment.§factory,elapsed,_address,factory,1,7208,7208,1,0,._rxsysb..pathaddressenvironment,env_name=.string,complete
rexxcps-opaque-heavy-stripped-candidate-vm,35,_rxsysb.pathaddressenvironment.§factory,inclusive_body,_address,factory,1,6042,6042,1,0,._rxsysb..pathaddressenvironment,env_name=.string,complete
rexxcps-opaque-heavy-stripped-candidate-vm,35,_rxsysb.pathaddressenvironment.§factory,self,_address,factory,1,2083,2083,1,0,._rxsysb..pathaddressenvironment,env_name=.string,complete
rexxcps-opaque-heavy-stripped-candidate-vm,35,_rxsysb.pathaddressenvironment.§factory,native_child,_address,factory,1,0,0,1,0,._rxsysb..pathaddressenvironment,env_name=.string,complete
rexxcps-opaque-heavy-stripped-candidate-vm,35,_rxsysb.pathaddressenvironment.§factory,entry_overhead,_address,factory,1,833,833,1,0,._rxsysb..pathaddressenvironment,env_name=.string,complete
rexxcps-opaque-heavy-stripped-candidate-vm,35,_rxsysb.pathaddressenvironment.§factory,exit_overhead,_address,factory,1,333,333,1,0,._rxsysb..pathaddressenvironment,env_name=.string,complete
rexxcps-opaque-heavy-stripped-candidate-vm,36,_rxsysb.crexxaddressenvironment.bind_environment,elapsed,_address,method,1,5833,5833,1,0,.void,"env_name=.string,instance_id=.string",complete
rexxcps-opaque-heavy-stripped-candidate-vm,36,_rxsysb.crexxaddressenvironment.bind_environment,inclusive_body,_address,method,1,3750,3750,1,0,.void,"env_name=.string,instance_id=.string",complete
rexxcps-opaque-heavy-stripped-candidate-vm,36,_rxsysb.crexxaddressenvironment.bind_environment,self,_address,method,1,1041,1041,1,0,.void,"env_name=.string,instance_id=.string",complete
rexxcps-opaque-heavy-stripped-candidate-vm,36,_rxsysb.crexxaddressenvironment.bind_environment,native_child,_address,method,1,0,0,1,0,.void,"env_name=.string,instance_id=.string",complete
rexxcps-opaque-heavy-stripped-candidate-vm,36,_rxsysb.crexxaddressenvironment.bind_environment,entry_overhead,_address,method,1,1917,1917,1,0,.void,"env_name=.string,instance_id=.string",complete
rexxcps-opaque-heavy-stripped-candidate-vm,36,_rxsysb.crexxaddressenvironment.bind_environment,exit_overhead,_address,method,1,166,166,1,0,.void,"env_name=.string,instance_id=.string",complete
rexxcps-opaque-heavy-stripped-candidate-vm,37,_rxsysb.unknownaddressenvironment.§factory,elapsed,_address,factory,1,5542,5542,1,0,._rxsysb..unknownaddressenvironment,env_name=.string,complete
rexxcps-opaque-heavy-stripped-candidate-vm,37,_rxsysb.unknownaddressenvironment.§factory,inclusive_body,_address,factory,1,4584,4584,1,0,._rxsysb..unknownaddressenvironment,env_name=.string,complete
rexxcps-opaque-heavy-stripped-candidate-vm,37,_rxsysb.unknownaddressenvironment.§factory,self,_address,factory,1,1584,1584,1,0,._rxsysb..unknownaddressenvironment,env_name=.string,complete
rexxcps-opaque-heavy-stripped-candidate-vm,37,_rxsysb.unknownaddressenvironment.§factory,native_child,_address,factory,1,0,0,1,0,._rxsysb..unknownaddressenvironment,env_name=.string,complete
rexxcps-opaque-heavy-stripped-candidate-vm,37,_rxsysb.unknownaddressenvironment.§factory,entry_overhead,_address,factory,1,708,708,1,0,._rxsysb..unknownaddressenvironment,env_name=.string,complete
rexxcps-opaque-heavy-stripped-candidate-vm,37,_rxsysb.unknownaddressenvironment.§factory,exit_overhead,_address,factory,1,250,250,1,0,._rxsysb..unknownaddressenvironment,env_name=.string,complete
rexxcps-opaque-heavy-stripped-candidate-vm,38,_rxsysb.shelladdressenvironment.bind_environment,elapsed,_address,method,1,5459,5459,1,0,.void,"env_name=.string,instance_id=.string",complete
rexxcps-opaque-heavy-stripped-candidate-vm,38,_rxsysb.shelladdressenvironment.bind_environment,inclusive_body,_address,method,1,4625,4625,1,0,.void,"env_name=.string,instance_id=.string",complete
rexxcps-opaque-heavy-stripped-candidate-vm,38,_rxsysb.shelladdressenvironment.bind_environment,self,_address,method,1,1125,1125,1,0,.void,"env_name=.string,instance_id=.string",complete
rexxcps-opaque-heavy-stripped-candidate-vm,38,_rxsysb.shelladdressenvironment.bind_environment,native_child,_address,method,1,0,0,1,0,.void,"env_name=.string,instance_id=.string",complete
rexxcps-opaque-heavy-stripped-candidate-vm,38,_rxsysb.shelladdressenvironment.bind_environment,entry_overhead,_address,method,1,542,542,1,0,.void,"env_name=.string,instance_id=.string",complete
rexxcps-opaque-heavy-stripped-candidate-vm,38,_rxsysb.shelladdressenvironment.bind_environment,exit_overhead,_address,method,1,292,292,1,0,.void,"env_name=.string,instance_id=.string",complete
rexxcps-opaque-heavy-stripped-candidate-vm,39,_rxsysb.pathaddressenvironment.bind_environment,elapsed,_address,method,1,4458,4458,1,0,.void,"env_name=.string,instance_id=.string",complete
rexxcps-opaque-heavy-stripped-candidate-vm,39,_rxsysb.pathaddressenvironment.bind_environment,inclusive_body,_address,method,1,3833,3833,1,0,.void,"env_name=.string,instance_id=.string",complete
rexxcps-opaque-heavy-stripped-candidate-vm,39,_rxsysb.pathaddressenvironment.bind_environment,self,_address,method,1,958,958,1,0,.void,"env_name=.string,instance_id=.string",complete
rexxcps-opaque-heavy-stripped-candidate-vm,39,_rxsysb.pathaddressenvironment.bind_environment,native_child,_address,method,1,0,0,1,0,.void,"env_name=.string,instance_id=.string",complete
rexxcps-opaque-heavy-stripped-candidate-vm,39,_rxsysb.pathaddressenvironment.bind_environment,entry_overhead,_address,method,1,500,500,1,0,.void,"env_name=.string,instance_id=.string",complete
rexxcps-opaque-heavy-stripped-candidate-vm,39,_rxsysb.pathaddressenvironment.bind_environment,exit_overhead,_address,method,1,125,125,1,0,.void,"env_name=.string,instance_id=.string",complete
rexxcps-opaque-heavy-stripped-candidate-vm,40,rxfnsb.pos,elapsed,pos,procedure,2,4333,2166,2,0,.int,"needle=.string,haystack=.string,?start=.int",complete
rexxcps-opaque-heavy-stripped-candidate-vm,40,rxfnsb.pos,inclusive_body,pos,procedure,2,2251,1125,2,0,.int,"needle=.string,haystack=.string,?start=.int",complete
rexxcps-opaque-heavy-stripped-candidate-vm,40,rxfnsb.pos,self,pos,procedure,2,2251,1125,2,0,.int,"needle=.string,haystack=.string,?start=.int",complete
rexxcps-opaque-heavy-stripped-candidate-vm,40,rxfnsb.pos,native_child,pos,procedure,2,0,0,2,0,.int,"needle=.string,haystack=.string,?start=.int",complete
rexxcps-opaque-heavy-stripped-candidate-vm,40,rxfnsb.pos,entry_overhead,pos,procedure,2,1874,937,2,0,.int,"needle=.string,haystack=.string,?start=.int",complete
rexxcps-opaque-heavy-stripped-candidate-vm,40,rxfnsb.pos,exit_overhead,pos,procedure,2,208,104,2,0,.int,"needle=.string,haystack=.string,?start=.int",complete
rexxcps-opaque-heavy-stripped-candidate-vm,41,_rxsysb.unknownaddressenvironment.bind_environment,elapsed,_address,method,1,4042,4042,1,0,.void,"env_name=.string,instance_id=.string",complete
rexxcps-opaque-heavy-stripped-candidate-vm,41,_rxsysb.unknownaddressenvironment.bind_environment,inclusive_body,_address,method,1,3500,3500,1,0,.void,"env_name=.string,instance_id=.string",complete
rexxcps-opaque-heavy-stripped-candidate-vm,41,_rxsysb.unknownaddressenvironment.bind_environment,self,_address,method,1,1000,1000,1,0,.void,"env_name=.string,instance_id=.string",complete
rexxcps-opaque-heavy-stripped-candidate-vm,41,_rxsysb.unknownaddressenvironment.bind_environment,native_child,_address,method,1,0,0,1,0,.void,"env_name=.string,instance_id=.string",complete
rexxcps-opaque-heavy-stripped-candidate-vm,41,_rxsysb.unknownaddressenvironment.bind_environment,entry_overhead,_address,method,1,375,375,1,0,.void,"env_name=.string,instance_id=.string",complete
rexxcps-opaque-heavy-stripped-candidate-vm,41,_rxsysb.unknownaddressenvironment.bind_environment,exit_overhead,_address,method,1,167,167,1,0,.void,"env_name=.string,instance_id=.string",complete
rexxcps-opaque-heavy-stripped-candidate-vm,42,_rxsysb.systemaddressenvironment.environment_id,elapsed,_address,method,3,4041,1347,3,0,.string,,complete
rexxcps-opaque-heavy-stripped-candidate-vm,42,_rxsysb.systemaddressenvironment.environment_id,inclusive_body,_address,method,3,750,250,3,0,.string,,complete
rexxcps-opaque-heavy-stripped-candidate-vm,42,_rxsysb.systemaddressenvironment.environment_id,self,_address,method,3,750,250,3,0,.string,,complete
rexxcps-opaque-heavy-stripped-candidate-vm,42,_rxsysb.systemaddressenvironment.environment_id,native_child,_address,method,3,0,0,3,0,.string,,complete
rexxcps-opaque-heavy-stripped-candidate-vm,42,_rxsysb.systemaddressenvironment.environment_id,entry_overhead,_address,method,3,3000,1000,3,0,.string,,complete
rexxcps-opaque-heavy-stripped-candidate-vm,42,_rxsysb.systemaddressenvironment.environment_id,exit_overhead,_address,method,3,291,97,3,0,.string,,complete
rexxcps-opaque-heavy-stripped-candidate-vm,43,_rxsysb.shelladdressenvironment.environment_id,elapsed,_address,method,1,2458,2458,1,0,.string,,complete
rexxcps-opaque-heavy-stripped-candidate-vm,43,_rxsysb.shelladdressenvironment.environment_id,inclusive_body,_address,method,1,541,541,1,0,.string,,complete
rexxcps-opaque-heavy-stripped-candidate-vm,43,_rxsysb.shelladdressenvironment.environment_id,self,_address,method,1,541,541,1,0,.string,,complete
rexxcps-opaque-heavy-stripped-candidate-vm,43,_rxsysb.shelladdressenvironment.environment_id,native_child,_address,method,1,0,0,1,0,.string,,complete
rexxcps-opaque-heavy-stripped-candidate-vm,43,_rxsysb.shelladdressenvironment.environment_id,entry_overhead,_address,method,1,1750,1750,1,0,.string,,complete
rexxcps-opaque-heavy-stripped-candidate-vm,43,_rxsysb.shelladdressenvironment.environment_id,exit_overhead,_address,method,1,167,167,1,0,.string,,complete
rexxcps-opaque-heavy-stripped-candidate-vm,44,_rxsysb.crexxaddressenvironment.environment_id,elapsed,_address,method,1,1167,1167,1,0,.string,,complete
rexxcps-opaque-heavy-stripped-candidate-vm,44,_rxsysb.crexxaddressenvironment.environment_id,inclusive_body,_address,method,1,333,333,1,0,.string,,complete
rexxcps-opaque-heavy-stripped-candidate-vm,44,_rxsysb.crexxaddressenvironment.environment_id,self,_address,method,1,333,333,1,0,.string,,complete
rexxcps-opaque-heavy-stripped-candidate-vm,44,_rxsysb.crexxaddressenvironment.environment_id,native_child,_address,method,1,0,0,1,0,.string,,complete
rexxcps-opaque-heavy-stripped-candidate-vm,44,_rxsysb.crexxaddressenvironment.environment_id,entry_overhead,_address,method,1,709,709,1,0,.string,,complete
rexxcps-opaque-heavy-stripped-candidate-vm,44,_rxsysb.crexxaddressenvironment.environment_id,exit_overhead,_address,method,1,125,125,1,0,.string,,complete
rexxcps-opaque-heavy-stripped-candidate-vm,45,_rxsysb.pathaddressenvironment.environment_id,elapsed,_address,method,1,1125,1125,1,0,.string,,complete
rexxcps-opaque-heavy-stripped-candidate-vm,45,_rxsysb.pathaddressenvironment.environment_id,inclusive_body,_address,method,1,334,334,1,0,.string,,complete
rexxcps-opaque-heavy-stripped-candidate-vm,45,_rxsysb.pathaddressenvironment.environment_id,self,_address,method,1,334,334,1,0,.string,,complete
rexxcps-opaque-heavy-stripped-candidate-vm,45,_rxsysb.pathaddressenvironment.environment_id,native_child,_address,method,1,0,0,1,0,.string,,complete
rexxcps-opaque-heavy-stripped-candidate-vm,45,_rxsysb.pathaddressenvironment.environment_id,entry_overhead,_address,method,1,666,666,1,0,.string,,complete
rexxcps-opaque-heavy-stripped-candidate-vm,45,_rxsysb.pathaddressenvironment.environment_id,exit_overhead,_address,method,1,125,125,1,0,.string,,complete
rexxcps-opaque-heavy-stripped-candidate-vm,46,_rxsysb.unknownaddressenvironment.environment_id,elapsed,_address,method,1,1125,1125,1,0,.string,,complete
rexxcps-opaque-heavy-stripped-candidate-vm,46,_rxsysb.unknownaddressenvironment.environment_id,inclusive_body,_address,method,1,458,458,1,0,.string,,complete
rexxcps-opaque-heavy-stripped-candidate-vm,46,_rxsysb.unknownaddressenvironment.environment_id,self,_address,method,1,458,458,1,0,.string,,complete
rexxcps-opaque-heavy-stripped-candidate-vm,46,_rxsysb.unknownaddressenvironment.environment_id,native_child,_address,method,1,0,0,1,0,.string,,complete
rexxcps-opaque-heavy-stripped-candidate-vm,46,_rxsysb.unknownaddressenvironment.environment_id,entry_overhead,_address,method,1,625,625,1,0,.string,,complete
rexxcps-opaque-heavy-stripped-candidate-vm,46,_rxsysb.unknownaddressenvironment.environment_id,exit_overhead,_address,method,1,42,42,1,0,.string,,complete
rexxcps-opaque-heavy-stripped-candidate-vm,47,_rxsysb.crexxaddressenvironment.environment_name,elapsed,_address,method,1,875,875,1,0,.string,,complete
rexxcps-opaque-heavy-stripped-candidate-vm,47,_rxsysb.crexxaddressenvironment.environment_name,inclusive_body,_address,method,1,250,250,1,0,.string,,complete
rexxcps-opaque-heavy-stripped-candidate-vm,47,_rxsysb.crexxaddressenvironment.environment_name,self,_address,method,1,250,250,1,0,.string,,complete
rexxcps-opaque-heavy-stripped-candidate-vm,47,_rxsysb.crexxaddressenvironment.environment_name,native_child,_address,method,1,0,0,1,0,.string,,complete
rexxcps-opaque-heavy-stripped-candidate-vm,47,_rxsysb.crexxaddressenvironment.environment_name,entry_overhead,_address,method,1,500,500,1,0,.string,,complete
rexxcps-opaque-heavy-stripped-candidate-vm,47,_rxsysb.crexxaddressenvironment.environment_name,exit_overhead,_address,method,1,125,125,1,0,.string,,complete
