2026-09-16T08:53:55.5736340Z Current runner version: '2.337.0'
2026-09-16T08:53:55.5764824Z ##[group]Runner Image Provisioner
2026-09-16T08:53:55.5765757Z Hosted Compute Agent
2026-09-16T08:53:55.5766315Z Version: 20260828.587
2026-09-16T08:53:55.5766911Z Commit: abac92662cab4cc7352de4f9f9d2e2419aad9c29
2026-09-16T08:53:55.5767593Z Build Date: 2026-08-28T16:44:25Z
2026-09-16T08:53:55.5768238Z Worker ID: {97660466-ed67-40f4-8ee1-62ee1362e7bf}
2026-09-16T08:53:55.5768899Z Azure Region: westus3
2026-09-16T08:53:55.5769478Z ##[endgroup]
2026-09-16T08:53:55.5771337Z ##[group]Operating System
2026-09-16T08:53:55.5772041Z Microsoft Windows Server 2025
2026-09-16T08:53:55.5772635Z 10.0.26100
2026-09-16T08:53:55.5773124Z Datacenter
2026-09-16T08:53:55.5773599Z ##[endgroup]
2026-09-16T08:53:55.5774066Z ##[group]Runner Image
2026-09-16T08:53:55.5774627Z Image: windows-2025-vs2026
2026-09-16T08:53:55.5775173Z Version: 20260907.229.1
2026-09-16T08:53:55.5776665Z Included Software: https://github.com/actions/runner-images/blob/win25-vs2026/20260907.229/images/windows/Windows2025-VS2026-Readme.md
2026-09-16T08:53:55.5778176Z Image Release: https://github.com/actions/runner-images/releases/tag/win25-vs2026%2F20260907.229
2026-09-16T08:53:55.5779120Z ##[endgroup]
2026-09-16T08:53:55.5780179Z ##[group]GITHUB_TOKEN Permissions
2026-09-16T08:53:55.5782561Z Contents: read
2026-09-16T08:53:55.5783147Z Metadata: read
2026-09-16T08:53:55.5783712Z ##[endgroup]
2026-09-16T08:53:55.5785834Z Secret source: Actions
2026-09-16T08:53:55.5786653Z Cache mode: write
2026-09-16T08:53:55.5787499Z Prepare workflow directory
2026-09-16T08:53:55.6243239Z Prepare all required actions
2026-09-16T08:53:55.6317713Z Getting action download info
2026-09-16T08:53:55.9551963Z Download action repository 'actions/checkout@v5' (SHA:fbc6f3992d24b796d5a048ff273f7fcc4a7b6c09)
2026-09-16T08:53:56.0765992Z Download action repository 'msys2/setup-msys2@v2' (SHA:66cd2cce69caa17b53920067426061ca1de3a884)
2026-09-16T08:53:56.5315047Z Download action repository 'actions/setup-python@v6' (SHA:ece7cb06caefa5fff74198d8649806c4678c61a1)
2026-09-16T08:53:56.6640504Z Download action repository 'ilammy/msvc-dev-cmd@v1' (SHA:0b201ec74fa43914dc39ae48a89fd1d8cb592756)
2026-09-16T08:53:57.1114984Z Download action repository 'actions/upload-artifact@v7' (SHA:043fb46d1a93c77aae656e7c1c64a875d1fc6a0a)
2026-09-16T08:53:57.3931211Z Uses: adesutherland/CREXX/.github/workflows/release-core.yml@refs/heads/temp/llama-release-combined (f10e70ee5f12ce49cc5088abc867748522d1d19c)
2026-09-16T08:53:57.3938011Z ##[group] Inputs
2026-09-16T08:53:57.3938896Z   platform: windows-mingw
2026-09-16T08:53:57.3939818Z   commit: f10e70ee5f12ce49cc5088abc867748522d1d19c
2026-09-16T08:53:57.3940809Z   lane: all
2026-09-16T08:53:57.3941484Z ##[endgroup]
2026-09-16T08:53:57.3942749Z Complete job name: Windows MinGW core quality gate (no binary delivery) / Core windows-mingw (mingw)
2026-09-16T08:53:57.6023326Z ##[group]Run actions/checkout@v5
2026-09-16T08:53:57.6024778Z with:
2026-09-16T08:53:57.6025506Z   submodules: recursive
2026-09-16T08:53:57.6026363Z   ref: f10e70ee5f12ce49cc5088abc867748522d1d19c
2026-09-16T08:53:57.6027315Z   repository: adesutherland/CREXX
2026-09-16T08:53:57.6033318Z   token: ***
2026-09-16T08:53:57.6033981Z   ssh-strict: true
2026-09-16T08:53:57.6034660Z   ssh-user: git
2026-09-16T08:53:57.6035808Z   persist-credentials: true
2026-09-16T08:53:57.6036579Z   clean: true
2026-09-16T08:53:57.6037292Z   sparse-checkout-cone-mode: true
2026-09-16T08:53:57.6038118Z   fetch-depth: 1
2026-09-16T08:53:57.6038796Z   fetch-tags: false
2026-09-16T08:53:57.6039486Z   show-progress: true
2026-09-16T08:53:57.6040195Z   lfs: false
2026-09-16T08:53:57.6040845Z   set-safe-directory: true
2026-09-16T08:53:57.6041636Z   allow-unsafe-pr-checkout: false
2026-09-16T08:53:57.6042822Z ##[endgroup]
2026-09-16T08:53:57.9118884Z Syncing repository: adesutherland/CREXX
2026-09-16T08:53:57.9124041Z ##[group]Getting Git version info
2026-09-16T08:53:57.9126949Z Working directory is 'D:\a\CREXX\CREXX'
2026-09-16T08:53:58.3143261Z [command]"C:\Program Files\Git\bin\git.exe" version
2026-09-16T08:54:00.6253293Z git version 2.55.0.windows.5
2026-09-16T08:54:00.6299787Z ##[endgroup]
2026-09-16T08:54:00.6324797Z Temporarily overriding HOME='D:\a\_temp\4c0ca85e-d2ef-4fad-86a7-1cd6839f025a' before making global git config changes
2026-09-16T08:54:00.6326207Z Adding repository directory to the temporary git global config as a safe directory
2026-09-16T08:54:00.6338024Z [command]"C:\Program Files\Git\bin\git.exe" config --global --add safe.directory D:\a\CREXX\CREXX
2026-09-16T08:54:00.9907600Z Deleting the contents of 'D:\a\CREXX\CREXX'
2026-09-16T08:54:00.9914516Z ##[group]Initializing the repository
2026-09-16T08:54:00.9928964Z [command]"C:\Program Files\Git\bin\git.exe" init D:\a\CREXX\CREXX
2026-09-16T08:54:01.3296570Z Initialized empty Git repository in D:/a/CREXX/CREXX/.git/
2026-09-16T08:54:01.3373720Z [command]"C:\Program Files\Git\bin\git.exe" remote add origin https://github.com/adesutherland/CREXX
2026-09-16T08:54:01.4881974Z ##[endgroup]
2026-09-16T08:54:01.4882847Z ##[group]Disabling automatic garbage collection
2026-09-16T08:54:01.4893244Z [command]"C:\Program Files\Git\bin\git.exe" config --local gc.auto 0
2026-09-16T08:54:01.5229126Z ##[endgroup]
2026-09-16T08:54:01.5229608Z ##[group]Setting up auth
2026-09-16T08:54:01.5250930Z [command]"C:\Program Files\Git\bin\git.exe" config --local --name-only --get-regexp core\.sshCommand
2026-09-16T08:54:01.5575579Z [command]"C:\Program Files\Git\bin\git.exe" submodule foreach --recursive "sh -c \"git config --local --name-only --get-regexp 'core\.sshCommand' && git config --local --unset-all 'core.sshCommand' || :\""
2026-09-16T08:54:03.5865314Z [command]"C:\Program Files\Git\bin\git.exe" config --local --name-only --get-regexp http\.https\:\/\/github\.com\/\.extraheader
2026-09-16T08:54:03.6217050Z [command]"C:\Program Files\Git\bin\git.exe" submodule foreach --recursive "sh -c \"git config --local --name-only --get-regexp 'http\.https\:\/\/github\.com\/\.extraheader' && git config --local --unset-all 'http.https://github.com/.extraheader' || :\""
2026-09-16T08:54:04.2200788Z [command]"C:\Program Files\Git\bin\git.exe" config --local --name-only --get-regexp ^includeIf\.gitdir:
2026-09-16T08:54:04.2519599Z [command]"C:\Program Files\Git\bin\git.exe" submodule foreach --recursive "git config --local --show-origin --name-only --get-regexp remote.origin.url"
2026-09-16T08:54:04.7714700Z [command]"C:\Program Files\Git\bin\git.exe" config --local http.https://github.com/.extraheader "AUTHORIZATION: basic ***"
2026-09-16T08:54:04.8040979Z ##[endgroup]
2026-09-16T08:54:04.8041728Z ##[group]Fetching the repository
2026-09-16T08:54:04.8056280Z [command]"C:\Program Files\Git\bin\git.exe" -c protocol.version=2 fetch --no-tags --prune --no-recurse-submodules --depth=1 origin f10e70ee5f12ce49cc5088abc867748522d1d19c
2026-09-16T08:54:16.6808036Z From https://github.com/adesutherland/CREXX
2026-09-16T08:54:16.6809176Z  * branch              f10e70ee5f12ce49cc5088abc867748522d1d19c -> FETCH_HEAD
2026-09-16T08:54:16.6861078Z ##[endgroup]
2026-09-16T08:54:16.6861732Z ##[group]Determining the checkout info
2026-09-16T08:54:16.6865325Z ##[endgroup]
2026-09-16T08:54:16.6877238Z [command]"C:\Program Files\Git\bin\git.exe" sparse-checkout disable
2026-09-16T08:54:16.7426069Z [command]"C:\Program Files\Git\bin\git.exe" config --local --unset-all extensions.worktreeConfig
2026-09-16T08:54:16.7751047Z ##[group]Checking out the ref
2026-09-16T08:54:16.7766979Z [command]"C:\Program Files\Git\bin\git.exe" checkout --progress --force f10e70ee5f12ce49cc5088abc867748522d1d19c
2026-09-16T08:54:17.9013271Z Updating files:   9% (3773/39267)
2026-09-16T08:54:18.1294288Z Updating files:  10% (3927/39267)
2026-09-16T08:54:18.2925777Z Updating files:  11% (4320/39267)
2026-09-16T08:54:18.4693069Z Updating files:  12% (4713/39267)
2026-09-16T08:54:18.6242032Z Updating files:  13% (5105/39267)
2026-09-16T08:54:18.7029764Z Updating files:  14% (5498/39267)
2026-09-16T08:54:18.7946556Z Updating files:  15% (5891/39267)
2026-09-16T08:54:18.8678545Z Updating files:  16% (6283/39267)
2026-09-16T08:54:18.8716366Z Updating files:  17% (6676/39267)
2026-09-16T08:54:18.9511917Z Updating files:  17% (6697/39267)
2026-09-16T08:54:19.0561636Z Updating files:  18% (7069/39267)
2026-09-16T08:54:19.1762858Z Updating files:  19% (7461/39267)
2026-09-16T08:54:19.2503389Z Updating files:  20% (7854/39267)
2026-09-16T08:54:19.3662870Z Updating files:  21% (8247/39267)
2026-09-16T08:54:19.4400884Z Updating files:  22% (8639/39267)
2026-09-16T08:54:19.5338663Z Updating files:  23% (9032/39267)
2026-09-16T08:54:19.6064534Z Updating files:  24% (9425/39267)
2026-09-16T08:54:19.6676696Z Updating files:  25% (9817/39267)
2026-09-16T08:54:19.7642178Z Updating files:  26% (10210/39267)
2026-09-16T08:54:19.8253960Z Updating files:  27% (10603/39267)
2026-09-16T08:54:19.8726425Z Updating files:  28% (10995/39267)
2026-09-16T08:54:19.8941478Z Updating files:  28% (11249/39267)
2026-09-16T08:54:19.9642024Z Updating files:  29% (11388/39267)
2026-09-16T08:54:20.0362018Z Updating files:  30% (11781/39267)
2026-09-16T08:54:20.0956481Z Updating files:  31% (12173/39267)
2026-09-16T08:54:20.1548476Z Updating files:  32% (12566/39267)
2026-09-16T08:54:20.2186950Z Updating files:  33% (12959/39267)
2026-09-16T08:54:20.2734387Z Updating files:  34% (13351/39267)
2026-09-16T08:54:20.3298897Z Updating files:  35% (13744/39267)
2026-09-16T08:54:20.3893355Z Updating files:  36% (14137/39267)
2026-09-16T08:54:20.4512552Z Updating files:  37% (14529/39267)
2026-09-16T08:54:20.5242934Z Updating files:  38% (14922/39267)
2026-09-16T08:54:20.6483025Z Updating files:  39% (15315/39267)
2026-09-16T08:54:20.7884145Z Updating files:  40% (15707/39267)
2026-09-16T08:54:20.9172710Z Updating files:  41% (16100/39267)
2026-09-16T08:54:21.0655536Z Updating files:  41% (16330/39267)
2026-09-16T08:54:21.1755198Z Updating files:  42% (16493/39267)
2026-09-16T08:54:21.2094503Z Updating files:  43% (16885/39267)
2026-09-16T08:54:21.2096708Z warning: created file symlink 'performance/evidence/2026-07-18-nr-09-large-instruction-batch-first-release-verdict/qa-closeout/asan/20260719-205746-full/current.log' pointing to '\Users\adrian\CLionProjects\CREXX\performance\evidence\2026-07-18-nr-09-large-instruction-batch-first-release-verdict\qa-closeout\asan\20260719-205746-full\build.log';
2026-09-16T08:54:21.2098657Z set the `symlink` gitattribute to `dir` if a directory symlink is required
2026-09-16T08:54:21.2127759Z warning: created file symlink 'performance/evidence/2026-07-18-nr-09-large-instruction-batch-first-release-verdict/qa-closeout/asan/20260719-205848-full/current.log' pointing to '\Users\adrian\CLionProjects\CREXX\performance\evidence\2026-07-18-nr-09-large-instruction-batch-first-release-verdict\qa-closeout\asan\20260719-205848-full\ctest.log';
2026-09-16T08:54:21.2130595Z set the `symlink` gitattribute to `dir` if a directory symlink is required
2026-09-16T08:54:21.2141750Z warning: created file symlink 'performance/evidence/2026-07-18-nr-09-large-instruction-batch-first-release-verdict/qa-closeout/asan/20260719-212042-ctest/current.log' pointing to '\Users\adrian\CLionProjects\CREXX\performance\evidence\2026-07-18-nr-09-large-instruction-batch-first-release-verdict\qa-closeout\asan\20260719-212042-ctest\ctest.log';
2026-09-16T08:54:21.2146012Z set the `symlink` gitattribute to `dir` if a directory symlink is required
2026-09-16T08:54:21.2151527Z warning: created file symlink 'performance/evidence/2026-07-18-nr-09-large-instruction-batch-first-release-verdict/qa-closeout/asan/20260719-212239-ctest/current.log' pointing to '\Users\adrian\CLionProjects\CREXX\performance\evidence\2026-07-18-nr-09-large-instruction-batch-first-release-verdict\qa-closeout\asan\20260719-212239-ctest\ctest.log';
2026-09-16T08:54:21.2153278Z set the `symlink` gitattribute to `dir` if a directory symlink is required
2026-09-16T08:54:21.2157250Z warning: created file symlink 'performance/evidence/2026-07-18-nr-09-large-instruction-batch-first-release-verdict/qa-closeout/asan/latest' pointing to '\Users\adrian\CLionProjects\CREXX\performance\evidence\2026-07-18-nr-09-large-instruction-batch-first-release-verdict\qa-closeout\asan\20260719-212239-ctest';
2026-09-16T08:54:21.2159168Z set the `symlink` gitattribute to `dir` if a directory symlink is required
2026-09-16T08:54:21.3549848Z Updating files:  44% (17278/39267)
2026-09-16T08:54:21.4300364Z Updating files:  45% (17671/39267)
2026-09-16T08:54:21.4958138Z Updating files:  46% (18063/39267)
2026-09-16T08:54:21.4959366Z warning: created file symlink 'performance/evidence/2026-07-22-nr-15-first-release-verdict/qa-closeout/asan/20260722-215009-build/current.log' pointing to '\Users\adrian\CLionProjects\CREXX\performance\evidence\2026-07-22-nr-15-first-release-verdict\qa-closeout\asan\20260722-215009-build\build.log';
2026-09-16T08:54:21.4960650Z set the `symlink` gitattribute to `dir` if a directory symlink is required
2026-09-16T08:54:21.4967090Z warning: created file symlink 'performance/evidence/2026-07-22-nr-15-first-release-verdict/qa-closeout/asan/20260722-220435-ctest/current.log' pointing to '\Users\adrian\CLionProjects\CREXX\performance\evidence\2026-07-22-nr-15-first-release-verdict\qa-closeout\asan\20260722-220435-ctest\ctest.log';
2026-09-16T08:54:21.4969069Z set the `symlink` gitattribute to `dir` if a directory symlink is required
2026-09-16T08:54:21.4977509Z warning: created file symlink 'performance/evidence/2026-07-22-nr-15-first-release-verdict/qa-closeout/asan/20260722-220509-ctest/current.log' pointing to '\Users\adrian\CLionProjects\CREXX\performance\evidence\2026-07-22-nr-15-first-release-verdict\qa-closeout\asan\20260722-220509-ctest\ctest.log';
2026-09-16T08:54:21.4979742Z set the `symlink` gitattribute to `dir` if a directory symlink is required
2026-09-16T08:54:21.4986316Z warning: created file symlink 'performance/evidence/2026-07-22-nr-15-first-release-verdict/qa-closeout/asan/20260722-220547-build/current.log' pointing to '\Users\adrian\CLionProjects\CREXX\performance\evidence\2026-07-22-nr-15-first-release-verdict\qa-closeout\asan\20260722-220547-build\build.log';
2026-09-16T08:54:21.4988573Z set the `symlink` gitattribute to `dir` if a directory symlink is required
2026-09-16T08:54:21.4994924Z warning: created file symlink 'performance/evidence/2026-07-22-nr-15-first-release-verdict/qa-closeout/asan/20260722-220557-ctest/current.log' pointing to '\Users\adrian\CLionProjects\CREXX\performance\evidence\2026-07-22-nr-15-first-release-verdict\qa-closeout\asan\20260722-220557-ctest\ctest.log';
2026-09-16T08:54:21.4996140Z set the `symlink` gitattribute to `dir` if a directory symlink is required
2026-09-16T08:54:21.5004559Z warning: created file symlink 'performance/evidence/2026-07-22-nr-15-first-release-verdict/qa-closeout/asan/latest' pointing to '\Users\adrian\CLionProjects\CREXX\performance\evidence\2026-07-22-nr-15-first-release-verdict\qa-closeout\asan\20260722-220557-ctest';
2026-09-16T08:54:21.5006389Z set the `symlink` gitattribute to `dir` if a directory symlink is required
2026-09-16T08:54:21.5866448Z Updating files:  47% (18456/39267)
2026-09-16T08:54:21.7157497Z Updating files:  48% (18849/39267)
2026-09-16T08:54:21.8031493Z Updating files:  49% (19241/39267)
2026-09-16T08:54:21.8807246Z Updating files:  50% (19634/39267)
2026-09-16T08:54:21.8838956Z Updating files:  50% (20005/39267)
2026-09-16T08:54:21.9642107Z Updating files:  51% (20027/39267)
2026-09-16T08:54:22.0879106Z Updating files:  52% (20419/39267)
2026-09-16T08:54:22.2219849Z Updating files:  53% (20812/39267)
2026-09-16T08:54:22.3328984Z Updating files:  54% (21205/39267)
2026-09-16T08:54:22.4178806Z Updating files:  55% (21597/39267)
2026-09-16T08:54:22.4878311Z Updating files:  56% (21990/39267)
2026-09-16T08:54:22.5799698Z Updating files:  57% (22383/39267)
2026-09-16T08:54:22.6494181Z Updating files:  58% (22775/39267)
2026-09-16T08:54:22.7057388Z Updating files:  59% (23168/39267)
2026-09-16T08:54:22.7835242Z Updating files:  60% (23561/39267)
2026-09-16T08:54:22.8606460Z Updating files:  61% (23953/39267)
2026-09-16T08:54:22.8884276Z Updating files:  62% (24346/39267)
2026-09-16T08:54:22.9468151Z Updating files:  62% (24492/39267)
2026-09-16T08:54:23.0420553Z Updating files:  63% (24739/39267)
2026-09-16T08:54:23.1291308Z Updating files:  64% (25131/39267)
2026-09-16T08:54:23.2294091Z Updating files:  65% (25524/39267)
2026-09-16T08:54:23.3316083Z Updating files:  66% (25917/39267)
2026-09-16T08:54:23.8896992Z Updating files:  67% (26309/39267)
2026-09-16T08:54:24.0412259Z Updating files:  67% (26573/39267)
2026-09-16T08:54:24.0933867Z Updating files:  68% (26702/39267)
2026-09-16T08:54:24.1639792Z Updating files:  69% (27095/39267)
2026-09-16T08:54:24.2480038Z Updating files:  70% (27487/39267)
2026-09-16T08:54:24.3288901Z Updating files:  71% (27880/39267)
2026-09-16T08:54:24.4088347Z Updating files:  72% (28273/39267)
2026-09-16T08:54:24.4777340Z Updating files:  73% (28665/39267)
2026-09-16T08:54:24.5709181Z Updating files:  74% (29058/39267)
2026-09-16T08:54:24.7508648Z Updating files:  75% (29451/39267)
2026-09-16T08:54:24.8444966Z Updating files:  76% (29843/39267)
2026-09-16T08:54:24.8991206Z Updating files:  77% (30236/39267)
2026-09-16T08:54:24.9427518Z Updating files:  77% (30443/39267)
2026-09-16T08:54:25.0528660Z Updating files:  78% (30629/39267)
2026-09-16T08:54:25.1573649Z Updating files:  79% (31021/39267)
2026-09-16T08:54:25.2588543Z Updating files:  80% (31414/39267)
2026-09-16T08:54:25.3525012Z Updating files:  81% (31807/39267)
2026-09-16T08:54:25.4725368Z Updating files:  82% (32199/39267)
2026-09-16T08:54:25.5682573Z Updating files:  83% (32592/39267)
2026-09-16T08:54:25.6552688Z Updating files:  84% (32985/39267)
2026-09-16T08:54:25.7129836Z Updating files:  85% (33377/39267)
2026-09-16T08:54:25.7751106Z Updating files:  86% (33770/39267)
2026-09-16T08:54:25.9124658Z Updating files:  87% (34163/39267)
2026-09-16T08:54:25.9271357Z Updating files:  87% (34518/39267)
2026-09-16T08:54:26.0559075Z Updating files:  88% (34555/39267)
2026-09-16T08:54:26.2256047Z Updating files:  89% (34948/39267)
2026-09-16T08:54:26.3237300Z Updating files:  90% (35341/39267)
2026-09-16T08:54:26.4509868Z Updating files:  91% (35733/39267)
2026-09-16T08:54:26.5200399Z Updating files:  92% (36126/39267)
2026-09-16T08:54:26.5781955Z Updating files:  93% (36519/39267)
2026-09-16T08:54:26.6444128Z Updating files:  94% (36911/39267)
2026-09-16T08:54:26.7086627Z Updating files:  95% (37304/39267)
2026-09-16T08:54:26.8349694Z Updating files:  96% (37697/39267)
2026-09-16T08:54:26.9133555Z Updating files:  97% (38089/39267)
2026-09-16T08:54:26.9238750Z Updating files:  97% (38474/39267)
2026-09-16T08:54:27.0156234Z Updating files:  98% (38482/39267)
2026-09-16T08:54:27.1303370Z Updating files:  99% (38875/39267)
2026-09-16T08:54:27.1303871Z Updating files: 100% (39267/39267)
2026-09-16T08:54:27.1304646Z Updating files: 100% (39267/39267), done.
2026-09-16T08:54:27.1983207Z Note: switching to 'f10e70ee5f12ce49cc5088abc867748522d1d19c'.
2026-09-16T08:54:27.1983775Z 
2026-09-16T08:54:27.1984082Z You are in 'detached HEAD' state. You can look around, make experimental
2026-09-16T08:54:27.1984873Z changes and commit them, and you can discard any commits you make in this
2026-09-16T08:54:27.1985608Z state without impacting any branches by switching back to a branch.
2026-09-16T08:54:27.1986055Z 
2026-09-16T08:54:27.1986647Z If you want to create a new branch to retain commits you create, you may
2026-09-16T08:54:27.1987325Z do so (now or later) by using -c with the switch command. Example:
2026-09-16T08:54:27.1987731Z 
2026-09-16T08:54:27.1987936Z   git switch -c <new-branch-name>
2026-09-16T08:54:27.1988228Z 
2026-09-16T08:54:27.1988385Z Or undo this operation with:
2026-09-16T08:54:27.1988649Z 
2026-09-16T08:54:27.1988762Z   git switch -
2026-09-16T08:54:27.1988945Z 
2026-09-16T08:54:27.1989273Z Turn off this advice by setting config variable advice.detachedHead to false
2026-09-16T08:54:27.1989735Z 
2026-09-16T08:54:27.1991474Z HEAD is now at f10e70ee docs(qa): freeze verified platform repairs for combined qualification
2026-09-16T08:54:27.2253620Z ##[endgroup]
2026-09-16T08:54:27.2254078Z ##[group]Setting up auth for fetching submodules
2026-09-16T08:54:27.2264732Z [command]"C:\Program Files\Git\bin\git.exe" config --global http.https://github.com/.extraheader "AUTHORIZATION: basic ***"
2026-09-16T08:54:27.2594104Z [command]"C:\Program Files\Git\bin\git.exe" config --global --unset-all url.https://github.com/.insteadOf
2026-09-16T08:54:27.2922537Z [command]"C:\Program Files\Git\bin\git.exe" config --global --add url.https://github.com/.insteadOf git@github.com:
2026-09-16T08:54:27.3217367Z [command]"C:\Program Files\Git\bin\git.exe" config --global --add url.https://github.com/.insteadOf org-4367482@github.com:
2026-09-16T08:54:27.3509824Z ##[endgroup]
2026-09-16T08:54:27.3510260Z ##[group]Fetching submodules
2026-09-16T08:54:27.3518901Z [command]"C:\Program Files\Git\bin\git.exe" submodule sync --recursive
2026-09-16T08:54:27.9372025Z [command]"C:\Program Files\Git\bin\git.exe" -c protocol.version=2 submodule update --init --force --depth=1 --recursive
2026-09-16T08:54:28.4954462Z [command]"C:\Program Files\Git\bin\git.exe" submodule foreach --recursive "git config --local gc.auto 0"
2026-09-16T08:54:29.0481827Z ##[endgroup]
2026-09-16T08:54:29.0482276Z ##[group]Persisting credentials for submodules
2026-09-16T08:54:29.0495429Z [command]"C:\Program Files\Git\bin\git.exe" submodule foreach --recursive "sh -c \"git config --local --name-only --get-regexp 'url\.https\:\/\/github\.com\/\.insteadOf' && git config --local --unset-all 'url.https://github.com/.insteadOf' || :\""
2026-09-16T08:54:29.6172825Z [command]"C:\Program Files\Git\bin\git.exe" submodule foreach --recursive "sh -c \"git config --local 'http.https://github.com/.extraheader' 'AUTHORIZATION: basic ***' && git config --local --show-origin --name-only --get-regexp remote.origin.url\""
2026-09-16T08:54:30.1704178Z [command]"C:\Program Files\Git\bin\git.exe" submodule foreach --recursive "git config --local --add 'url.https://github.com/.insteadOf' 'git@github.com:'"
2026-09-16T08:54:30.7777688Z [command]"C:\Program Files\Git\bin\git.exe" submodule foreach --recursive "git config --local --add 'url.https://github.com/.insteadOf' 'org-4367482@github.com:'"
2026-09-16T08:54:31.3515553Z ##[endgroup]
2026-09-16T08:54:31.3857447Z [command]"C:\Program Files\Git\bin\git.exe" log -1 --format=%H
2026-09-16T08:54:31.4147649Z f10e70ee5f12ce49cc5088abc867748522d1d19c
2026-09-16T08:54:31.4704784Z ##[group]Run msys2/setup-msys2@v2
2026-09-16T08:54:31.4705167Z with:
2026-09-16T08:54:31.4705384Z   update: true
2026-09-16T08:54:31.4705607Z   install: base-devel git
2026-09-16T08:54:31.4705952Z   pacboy: toolchain:p cmake:p ninja:p openssl:p pkgconf:p python:p
2026-09-16T08:54:31.4706311Z   msystem: MINGW64
2026-09-16T08:54:31.4706536Z   path-type: minimal
2026-09-16T08:54:31.4706749Z   release: true
2026-09-16T08:54:31.4706975Z   platform-check-severity: fatal
2026-09-16T08:54:31.4707275Z   cache: true
2026-09-16T08:54:31.4707477Z ##[endgroup]
2026-09-16T08:54:31.6236136Z ##[group]Downloading MSYS2...
2026-09-16T08:54:32.4138785Z ##[endgroup]
2026-09-16T08:54:32.4139713Z ##[group]Extracting MSYS2...
2026-09-16T08:54:32.4156869Z [command]C:\hostedtoolcache\windows\msys2-installer\0.0.20260611\x64\base.exe -y
2026-09-16T08:54:32.7388096Z 
2026-09-16T08:54:32.7389501Z 7-Zip SFX 25.01 ZS v1.5.7 R4 (x64) : Copyright (c) 1999-2025 Igor Pavlov, 2016-2026 Tino Reichardt, 2022-2026 Sergey G. Brester : 2026-01-10
2026-09-16T08:54:32.7391373Z 
2026-09-16T08:54:32.7392293Z Extracting archive: C:\hostedtoolcache\windows\msys2-installer\0.0.20260611\x64\base.exe
2026-09-16T08:54:32.7393066Z --
2026-09-16T08:54:32.7393607Z Path = C:\hostedtoolcache\windows\msys2-installer\0.0.20260611\x64\base.exe
2026-09-16T08:54:32.7394179Z Type = 7z
2026-09-16T08:54:32.7394367Z 
2026-09-16T08:54:32.9396245Z   0%
2026-09-16T08:54:32.9396690Z     
2026-09-16T08:54:33.1422853Z   0% 787 - msys64\usr\share\perl5\core_perl\unicore\lib\Lb
2026-09-16T08:54:33.1423531Z                                                           
2026-09-16T08:54:33.3443484Z   3% 1419 - msys64\usr\lib\perl5\core_perl\re.pm
2026-09-16T08:54:33.3444111Z                                                 
2026-09-16T08:54:33.5470510Z   3% 2055 - msys64\usr\lib\terminfo\64\d217-dg
2026-09-16T08:54:33.5471158Z                                               
2026-09-16T08:54:33.7508621Z   4% 2725 - msys64\usr\lib\terminfo\6c\linux-basic
2026-09-16T08:54:33.7509258Z                                                   
2026-09-16T08:54:33.9546871Z   4% 3412 - msys64\usr\lib\terminfo\73\st52
2026-09-16T08:54:33.9547485Z                                            
2026-09-16T08:54:34.1579309Z   4% 4092 - msys64\usr\lib\terminfo\77\wyse520
2026-09-16T08:54:34.1579903Z                                               
2026-09-16T08:54:34.3610088Z   5% 4748 - msys64\usr\share\bash-completion\completions\ldapcompare
2026-09-16T08:54:34.3610867Z                                                                     
2026-09-16T08:54:34.5647820Z   5% 5429 - msys64\usr\share\bash-completion\completions\_reptyr
2026-09-16T08:54:34.5648554Z                                                                 
2026-09-16T08:54:34.7667533Z  10% 6002 - msys64\usr\share\locale\bg\LC_MESSAGES\coreutils.mo
2026-09-16T08:54:34.7668228Z                                                                
2026-09-16T08:54:34.9699401Z  15% 6234 - msys64\usr\share\locale\fi\LC_MESSAGES\gettext-tools.mo
2026-09-16T08:54:34.9700147Z                                                                    
2026-09-16T08:54:35.1739338Z  25% 6644 - msys64\usr\share\locale\ro\LC_MESSAGES\xz.mo
2026-09-16T08:54:35.1739895Z                                                         
2026-09-16T08:54:35.3754566Z  32% 7129 - msys64\usr\share\man\man1\cms.1ssl.gz
2026-09-16T08:54:35.3755195Z                                                  
2026-09-16T08:54:35.5789743Z  33% 7802 - msys64\usr\share\man\man3\CURLMOPT_MAXCONNECTS.3.gz
2026-09-16T08:54:35.5790442Z                                                                
2026-09-16T08:54:35.7819406Z  33% 8489 - msys64\usr\share\man\man3\idn2_strerror.3.gz
2026-09-16T08:54:35.7819800Z                                                         
2026-09-16T08:54:35.9852349Z  34% 9133 - msys64\usr\share\man\man3\slk_attr_off.3x.gz
2026-09-16T08:54:35.9852896Z                                                         
2026-09-16T08:54:36.1885609Z  39% 9714 - msys64\usr\share\perl5\core_perl\CPAN\Plugin.pm
2026-09-16T08:54:36.1886589Z                                                            
2026-09-16T08:54:36.3908221Z  42% 10172 - msys64\usr\share\perl5\core_perl\Test2\Manual\Contributing.pm
2026-09-16T08:54:36.3908738Z                                                                           
2026-09-16T08:54:36.5949415Z  44% 10663 - msys64\usr\share\perl5\core_perl\unicore\lib\NFCQC\Y.pl
2026-09-16T08:54:36.5950187Z                                                                     
2026-09-16T08:54:36.7968618Z  46% 11222 - msys64\usr\share\terminfo\61\ansi
2026-09-16T08:54:36.7969259Z                                               
2026-09-16T08:54:37.0006033Z  47% 11919 - msys64\usr\share\terminfo\65\ep48
2026-09-16T08:54:37.0006632Z                                               
2026-09-16T08:54:37.2039936Z  47% 12493 - msys64\usr\share\terminfo\6e\nd9500
2026-09-16T08:54:37.2040420Z                                                 
2026-09-16T08:54:37.4065396Z  47% 13192 - msys64\usr\share\terminfo\74\tvi912b
2026-09-16T08:54:37.4066367Z                                                  
2026-09-16T08:54:37.6107689Z  47% 13832 - msys64\usr\share\terminfo\78\xterm+titlestack
2026-09-16T08:54:37.6108514Z                                                           
2026-09-16T08:54:37.8125985Z  48% 14443 - msys64\usr\share\zoneinfo\Japan
2026-09-16T08:54:37.8126615Z                                             
2026-09-16T08:54:38.0158688Z  48% 15094 - msys64\usr\share\zoneinfo\posix\US\Mountain
2026-09-16T08:54:38.0159392Z                                                         
2026-09-16T08:54:38.2192827Z  48% 15676 - msys64\usr\share\zoneinfo\right\Poland
2026-09-16T08:54:38.2193536Z                                                    
2026-09-16T08:54:38.4223070Z  50% 16123 - msys64\usr\bin\date.exe
2026-09-16T08:54:38.4223668Z                                     
2026-09-16T08:54:38.6262602Z  62% 16304 - msys64\usr\bin\msys-intl-8.dll
2026-09-16T08:54:38.6263506Z                                            
2026-09-16T08:54:38.8195052Z  85% 16381 - msys64\usr\bin\rcp.exe
2026-09-16T08:54:38.8201608Z                                    
2026-09-16T08:54:38.8202383Z Everything is Ok
2026-09-16T08:54:38.8228645Z ##[endgroup]
2026-09-16T08:54:38.8229740Z ##[group]Disable Key Refresh...
2026-09-16T08:54:38.8250372Z ##[endgroup]
2026-09-16T08:54:38.8269238Z ##[group]Restoring package cache...
2026-09-16T08:54:39.2003961Z Cache hit for restore-key: msys2-pkgs-upd:true-conf:dae72d96-files:575e42a33352b67f10ca2ba21a40d9839a24406c97277f1bfff04054d48e18db
2026-09-16T08:54:40.4281094Z Received 67108864 of 210449016 (31.9%), 63.9 MBs/sec
2026-09-16T08:54:41.4979161Z Received 210449016 of 210449016 (100.0%), 96.9 MBs/sec
2026-09-16T08:54:41.4984113Z Cache Size: ~201 MB (210449016 B)
2026-09-16T08:54:41.5072815Z [command]"C:\Program Files\Git\usr\bin\tar.exe" -xf D:/a/_temp/46a2a5c9-6da6-4590-970a-d28683ef9c55/cache.tzst -P -C D:/a/CREXX/CREXX --force-local --use-compress-program "zstd -d"
2026-09-16T08:54:42.0511120Z Cache restored successfully
2026-09-16T08:54:42.0720474Z Cache restore for msys2-pkgs-upd:true-conf:dae72d96, got msys2-pkgs-upd:true-conf:dae72d96-files:575e42a33352b67f10ca2ba21a40d9839a24406c97277f1bfff04054d48e18db
2026-09-16T08:54:42.0722140Z Cache restore for msys2-pkgs-upd:true-conf:dae72d96, got msys2-pkgs-upd:true-conf:dae72d96-files:575e42a33352b67f10ca2ba21a40d9839a24406c97277f1bfff04054d48e18db
2026-09-16T08:54:42.0723593Z ##[endgroup]
2026-09-16T08:54:42.0724599Z ##[group]Starting MSYS2 for the first time...
2026-09-16T08:54:42.1852629Z [command]C:\Windows\system32\cmd.exe /D /S /C D:\a\_temp\setup-msys2\msys2.cmd -c "'uname' '-a'"
2026-09-16T08:54:42.2552025Z [1;32mMSYS2 is starting for the first time. Executing the initial setup.[1;0m
2026-09-16T08:54:42.3640556Z Copying skeleton files.
2026-09-16T08:54:42.3641947Z These files are for the users to personalise their msys2 experience.
2026-09-16T08:54:42.3642283Z 
2026-09-16T08:54:42.3642442Z They will never be overwritten nor automatically updated.
2026-09-16T08:54:42.3642689Z 
2026-09-16T08:54:42.4298277Z './.bashrc' -> '/home/runneradmin/.bashrc'
2026-09-16T08:54:42.4401389Z './.bash_profile' -> '/home/runneradmin/.bash_profile'
2026-09-16T08:54:42.4576955Z './.profile' -> '/home/runneradmin/.profile'
2026-09-16T08:54:42.5562855Z 'C:\Windows\system32\drivers\etc\hosts' -> '/etc/hosts'
2026-09-16T08:54:42.6158666Z 'C:\Windows\system32\drivers\etc\protocol' -> '/etc/protocols'
2026-09-16T08:54:42.6691683Z 'C:\Windows\system32\drivers\etc\services' -> '/etc/services'
2026-09-16T08:54:42.7222510Z 'C:\Windows\system32\drivers\etc\networks' -> '/etc/networks'
2026-09-16T08:54:42.9283300Z gpg: /etc/pacman.d/gnupg/trustdb.gpg: trustdb created
2026-09-16T08:54:42.9363784Z gpg: no ultimately trusted keys found
2026-09-16T08:54:43.2509107Z gpg: starting migration from earlier GnuPG versions
2026-09-16T08:54:43.3204314Z gpg: porting secret keys from '/etc/pacman.d/gnupg/secring.gpg' to gpg-agent
2026-09-16T08:54:43.3207166Z gpg: migration succeeded
2026-09-16T08:54:43.3454256Z ==> Generating pacman master key. This may take some time.
2026-09-16T08:54:43.3656095Z gpg: Generating pacman keyring master key...
2026-09-16T08:54:45.3459979Z gpg: directory '/etc/pacman.d/gnupg/openpgp-revocs.d' created
2026-09-16T08:54:45.3720215Z gpg: revocation certificate stored as '/etc/pacman.d/gnupg/openpgp-revocs.d/D046F679695D02B468D3034043A8CD7A0EFF52FA.rev'
2026-09-16T08:54:45.3721251Z gpg: Done
2026-09-16T08:54:45.3928612Z ==> Updating trust database...
2026-09-16T08:54:45.4342070Z gpg: marginals needed: 3  completes needed: 1  trust model: pgp
2026-09-16T08:54:45.4342629Z gpg: depth: 0  valid:   1  signed:   0  trust: 0-, 0q, 0n, 0m, 0f, 1u
2026-09-16T08:54:45.5700229Z ==> Appending keys from msys2.gpg...
2026-09-16T08:54:46.2131294Z ==> Locally signing trusted keys in keyring...
2026-09-16T08:54:46.7777896Z   -> Locally signed 5 keys.
2026-09-16T08:54:46.7939808Z ==> Importing owner trust values...
2026-09-16T08:54:46.8140910Z gpg: setting ownertrust to 4
2026-09-16T08:54:46.8141447Z gpg: setting ownertrust to 4
2026-09-16T08:54:46.8141881Z gpg: setting ownertrust to 4
2026-09-16T08:54:46.8142280Z gpg: setting ownertrust to 4
2026-09-16T08:54:46.8142668Z gpg: setting ownertrust to 4
2026-09-16T08:54:46.8450586Z ==> Disabling revoked keys in keyring...
2026-09-16T08:54:47.1548740Z   -> Disabled 4 keys.
2026-09-16T08:54:47.1711428Z ==> Updating trust database...
2026-09-16T08:54:47.2122852Z gpg: marginals needed: 3  completes needed: 1  trust model: pgp
2026-09-16T08:54:47.2148394Z gpg: depth: 0  valid:   1  signed:   5  trust: 0-, 0q, 0n, 0m, 0f, 1u
2026-09-16T08:54:47.2185155Z gpg: depth: 1  valid:   5  signed:   6  trust: 0-, 0q, 0n, 5m, 0f, 0u
2026-09-16T08:54:47.2201424Z gpg: depth: 2  valid:   3  signed:   2  trust: 3-, 0q, 0n, 0m, 0f, 0u
2026-09-16T08:54:47.2677650Z pacman-key (pacman) 6.1.0
2026-09-16T08:54:47.2678276Z Copyright (c) 2010-2024 Pacman Development Team <pacman-dev@lists.archlinux.org>.
2026-09-16T08:54:47.2678813Z 
2026-09-16T08:54:47.2859466Z This is free software; see the source for copying conditions.
2026-09-16T08:54:47.2860204Z There is NO WARRANTY, to the extent permitted by law.
2026-09-16T08:54:47.5254658Z [1;32mInitial setup complete. MSYS2 is now ready to use.[1;0m
2026-09-16T08:54:47.5444089Z MINGW64_NT-10.0-26100 runnervmvmocb 3.6.9-01d6c708.x86_64 2026-05-24 10:45 UTC x86_64 Msys
2026-09-16T08:54:47.5510499Z ##[endgroup]
2026-09-16T08:54:47.5511009Z ##[group]Disable CheckSpace...
2026-09-16T08:54:47.6207152Z [command]C:\Windows\system32\cmd.exe /D /S /C D:\a\_temp\setup-msys2\msys2.cmd -c "'sed' '-i' 's/^CheckSpace/#CheckSpace/g' '/etc/pacman.conf'"
2026-09-16T08:54:47.8500819Z ##[endgroup]
2026-09-16T08:54:47.8501547Z ##[group]Updating packages...
2026-09-16T08:54:47.9191764Z [command]C:\Windows\system32\cmd.exe /D /S /C D:\a\_temp\setup-msys2\msys2.cmd -c "'pacman' '--noconfirm' '-Syuu' '--overwrite' '*'"
2026-09-16T08:54:48.7609816Z :: Synchronizing package databases...
2026-09-16T08:54:53.7631859Z  clangarm64 downloading...
2026-09-16T08:54:53.7632360Z  mingw32 downloading...
2026-09-16T08:54:53.7632653Z  mingw64 downloading...
2026-09-16T08:54:53.7632955Z  ucrt64 downloading...
2026-09-16T08:54:53.7633230Z  clang64 downloading...
2026-09-16T08:54:53.7633499Z  msys downloading...
2026-09-16T08:54:54.4089300Z :: Starting core system upgrade...
2026-09-16T08:54:54.6543775Z warning: terminate other MSYS2 programs before proceeding
2026-09-16T08:54:54.6544211Z resolving dependencies...
2026-09-16T08:54:54.6544480Z looking for conflicting packages...
2026-09-16T08:54:54.6652039Z 
2026-09-16T08:54:54.6652765Z Packages (1) msys2-runtime-3.6.10-4
2026-09-16T08:54:54.6653026Z 
2026-09-16T08:54:54.6653136Z Total Installed Size:   6.33 MiB
2026-09-16T08:54:54.6653445Z Net Upgrade Size:      -0.20 MiB
2026-09-16T08:54:54.6653628Z 
2026-09-16T08:54:54.6654759Z :: Proceed with installation? [Y/n] 
2026-09-16T08:54:54.6655178Z checking keyring...
2026-09-16T08:54:54.7346957Z checking package integrity...
2026-09-16T08:54:54.9113012Z loading package files...
2026-09-16T08:54:54.9144387Z checking for file conflicts...
2026-09-16T08:54:54.9166739Z :: Processing package changes...
2026-09-16T08:54:54.9167334Z upgrading msys2-runtime...
2026-09-16T08:54:55.0700727Z :: To complete this update all MSYS2 processes including this terminal will be closed. Confirm to proceed [Y/n] 
2026-09-16T08:54:55.4090596Z ##[endgroup]
2026-09-16T08:54:55.4091139Z ##[group]Killing remaining tasks...
2026-09-16T08:54:55.4960827Z [command]C:\Windows\system32\taskkill.exe /F /FI "MODULES eq msys-2.0.dll"
2026-09-16T08:54:55.6199520Z 
2026-09-16T08:54:55.6200262Z INFO: No tasks running with the specified criteria.
2026-09-16T08:54:55.6245747Z ##[endgroup]
2026-09-16T08:54:55.6246241Z ##[group]Final system upgrade...
2026-09-16T08:54:55.6960897Z [command]C:\Windows\system32\cmd.exe /D /S /C D:\a\_temp\setup-msys2\msys2.cmd -c "'pacman' '--noconfirm' '-Syuu' '--overwrite' '*'"
2026-09-16T08:54:56.5237554Z :: Synchronizing package databases...
2026-09-16T08:54:57.5811571Z  clangarm64 downloading...
2026-09-16T08:54:57.5812232Z  mingw32 downloading...
2026-09-16T08:54:57.5812685Z  mingw64 downloading...
2026-09-16T08:54:57.5813110Z  ucrt64 downloading...
2026-09-16T08:54:57.5813531Z  clang64 downloading...
2026-09-16T08:54:57.5813985Z  msys downloading...
2026-09-16T08:54:58.1101416Z :: Starting core system upgrade...
2026-09-16T08:54:58.3608967Z  there is nothing to do
2026-09-16T08:54:58.3609743Z :: Starting full system upgrade...
2026-09-16T08:54:58.4077207Z resolving dependencies...
2026-09-16T08:54:58.4133591Z looking for conflicting packages...
2026-09-16T08:54:58.4271302Z 
2026-09-16T08:54:58.4273904Z Packages (37) bash-completion-2.18.0-1  bsdtar-3.8.9-1  ca-certificates-20260816-1  curl-8.22.0-1  findutils-4.11.0-2  gawk-5.4.1-1  gcc-libs-15.3.0-1  gnupg-2.4.9-3  inetutils-2.8-1  libcurl-8.22.0-1  libexpat-2.8.4-1  libffi-3.8.0-1  libgcrypt-1.12.4-1  libgnutls-3.8.13-2  libhogweed-4.0-1  libksba-1.8.1-1  liblzma-5.8.4-1  libnettle-4.0-1  libnghttp2-1.70.0-1  libnghttp3-1.18.0-1  libngtcp2-1.25.0-1  libopenssl-3.6.4-1  libp11-kit-0.26.5-1  libpcre2_8-10.48-1  libpsl-0.23.2-1  libsqlite-3.53.4-1  msys2-keyring-1~20260814-1  nano-9.2-1  nettle-4.0-1  openssl-3.6.4-1  p11-kit-0.26.5-1  pacman-contrib-1.10.6-2  perl-5.42.3-1  pinentry-1.3.3-1  tzcode-2026d-1  wget-1.25.0-2  xz-5.8.4-1
2026-09-16T08:54:58.4276023Z 
2026-09-16T08:54:58.4276136Z Total Installed Size:  115.69 MiB
2026-09-16T08:54:58.4276450Z Net Upgrade Size:       -1.09 MiB
2026-09-16T08:54:58.4276618Z 
2026-09-16T08:54:58.4320779Z :: Proceed with installation? [Y/n] 
2026-09-16T08:54:58.4321162Z checking keyring...
2026-09-16T08:54:58.4984990Z checking package integrity...
2026-09-16T08:55:04.2777312Z loading package files...
2026-09-16T08:55:04.3768681Z checking for file conflicts...
2026-09-16T08:55:04.4262108Z :: Running pre-transaction hooks...
2026-09-16T08:55:04.4263034Z (1/1) Removing old entries from the info directory file...
2026-09-16T08:55:04.5857068Z :: Processing package changes...
2026-09-16T08:55:04.5857642Z upgrading bash-completion...
2026-09-16T08:55:05.4747658Z upgrading gcc-libs...
2026-09-16T08:55:05.4930223Z upgrading libexpat...
2026-09-16T08:55:05.4973838Z upgrading liblzma...
2026-09-16T08:55:05.5018355Z upgrading libopenssl...
2026-09-16T08:55:05.5297642Z upgrading bsdtar...
2026-09-16T08:55:05.5400112Z upgrading openssl...
2026-09-16T08:55:05.6441137Z upgrading findutils...
2026-09-16T08:55:05.7186338Z upgrading libffi...
2026-09-16T08:55:05.7298393Z upgrading libpcre2_8...
2026-09-16T08:55:05.7351106Z upgrading libp11-kit...
2026-09-16T08:55:05.7425316Z upgrading p11-kit...
2026-09-16T08:55:05.8907217Z upgrading ca-certificates...
2026-09-16T08:55:06.5779748Z upgrading libnghttp3...
2026-09-16T08:55:06.5842962Z upgrading libngtcp2...
2026-09-16T08:55:06.5924964Z upgrading libnghttp2...
2026-09-16T08:55:06.5985438Z upgrading libpsl...
2026-09-16T08:55:06.6075567Z upgrading libcurl...
2026-09-16T08:55:06.6144756Z upgrading curl...
2026-09-16T08:55:07.0637391Z upgrading gawk...
2026-09-16T08:55:07.1631886Z upgrading libgcrypt...
2026-09-16T08:55:07.1755439Z upgrading libhogweed...
2026-09-16T08:55:07.1802774Z upgrading libnettle...
2026-09-16T08:55:07.1852356Z upgrading libgnutls...
2026-09-16T08:55:07.2365523Z upgrading libksba...
2026-09-16T08:55:07.2447969Z upgrading libsqlite...
2026-09-16T08:55:07.2555161Z upgrading nettle...
2026-09-16T08:55:07.2634275Z upgrading pinentry...
2026-09-16T08:55:07.2695071Z upgrading gnupg...
2026-09-16T08:55:11.9371441Z ==> Appending keys from msys2.gpg...
2026-09-16T08:55:12.5167920Z ==> Updating trust database...
2026-09-16T08:55:12.5373927Z gpg: no need for a trustdb check
2026-09-16T08:55:12.6532626Z upgrading inetutils...
2026-09-16T08:55:12.6710051Z upgrading msys2-keyring...
2026-09-16T08:55:13.1112081Z ==> Appending keys from msys2.gpg...
2026-09-16T08:55:13.7280391Z ==> Updating trust database...
2026-09-16T08:55:13.7497701Z gpg: next trustdb check due at 2027-02-10
2026-09-16T08:55:13.8537812Z upgrading nano...
2026-09-16T08:55:13.9653812Z upgrading xz...
2026-09-16T08:55:14.3209733Z upgrading pacman-contrib...
2026-09-16T08:55:14.3952736Z New optional dependencies for pacman-contrib
2026-09-16T08:55:14.3953519Z     perl: for pacsearch [installed]
2026-09-16T08:55:14.3954020Z     vim: default diff program for pacdiff
2026-09-16T08:55:14.3954550Z upgrading perl...
2026-09-16T08:55:16.1720421Z upgrading tzcode...
2026-09-16T08:55:17.9554636Z upgrading wget...
2026-09-16T08:55:18.0708681Z :: Running post-transaction hooks...
2026-09-16T08:55:18.0709317Z (1/1) Updating the info directory file...
2026-09-16T08:55:20.5613010Z ##[endgroup]
2026-09-16T08:55:20.5613551Z ##[group]Installing additional packages through pacman...
2026-09-16T08:55:20.6316401Z [command]C:\Windows\system32\cmd.exe /D /S /C D:\a\_temp\setup-msys2\msys2.cmd -c "'pacman' '--noconfirm' '-S' '--needed' '--overwrite' '*' 'base-devel' 'git' 'pactoys'"
2026-09-16T08:55:21.6332161Z resolving dependencies...
2026-09-16T08:55:21.6430570Z looking for conflicting packages...
2026-09-16T08:55:21.6480337Z 
2026-09-16T08:55:21.6485126Z Packages (46) binutils-2.47-1  bison-3.8.2-5  diffutils-3.12-1  dos2unix-7.5.7-1  flex-2.6.4-4  heimdal-7.8.0-5  heimdal-libs-7.8.0-5  libcbor-0.14.0-2  libedit-20240808_3.1-1  libfido2-1.17.0-1  m4-1.4.21-1  make-4.4.1-3  openssh-10.5p1-2  patch-2.7.6-3  perl-Authen-SASL-2.2100-1  perl-Clone-0.50-2  perl-Convert-BinHex-1.125-2  perl-Encode-Locale-1.05-2  perl-Error-0.17030-1  perl-File-Listing-6.16-1  perl-HTML-Parser-3.85-1  perl-HTML-Tagset-3.24-1  perl-HTTP-Cookies-6.12-1  perl-HTTP-Daemon-6.17-1  perl-HTTP-Date-6.08-1  perl-HTTP-Message-7.04-1  perl-HTTP-Negotiate-6.01-3  perl-IO-HTML-1.004-2  perl-IO-Socket-SSL-2.099-1  perl-IO-Stringy-2.113-3  perl-LWP-MediaTypes-6.05-1  perl-MIME-tools-5.518-1  perl-MailTools-2.22-1  perl-Net-HTTP-6.24-1  perl-Net-SMTP-SSL-1.04-2  perl-Net-SSLeay-1.96-1  perl-TermReadKey-2.38-8  perl-TimeDate-2.35-1  perl-Try-Tiny-0.32-1  perl-URI-5.37-1  perl-WWW-RobotRules-6.03-1  perl-http-cookiejar-0.014-1  perl-libwww-6.83-2  base-devel-2026.08-3  git-2.55.0-1  pactoys-r65.b5fcc0f-1
2026-09-16T08:55:21.6490546Z 
2026-09-16T08:55:21.6490759Z Total Installed Size:  111.85 MiB
2026-09-16T08:55:21.6491057Z 
2026-09-16T08:55:21.6542563Z :: Proceed with installation? [Y/n] 
2026-09-16T08:55:21.6543181Z checking keyring...
2026-09-16T08:55:21.7143891Z checking package integrity...
2026-09-16T08:55:27.4508509Z loading package files...
2026-09-16T08:55:27.5258939Z checking for file conflicts...
2026-09-16T08:55:27.6671910Z :: Processing package changes...
2026-09-16T08:55:27.6672434Z installing binutils...
2026-09-16T08:55:27.9256548Z installing m4...
2026-09-16T08:55:27.9336544Z installing bison...
2026-09-16T08:55:28.1025254Z installing diffutils...
2026-09-16T08:55:28.1409162Z installing dos2unix...
2026-09-16T08:55:28.2393388Z installing flex...
2026-09-16T08:55:28.2718804Z installing make...
2026-09-16T08:55:28.3062889Z installing patch...
2026-09-16T08:55:28.3104740Z Optional dependencies for patch
2026-09-16T08:55:28.3105321Z     ed: for patch -e functionality
2026-09-16T08:55:28.3105796Z installing base-devel...
2026-09-16T08:55:28.3127558Z installing libedit...
2026-09-16T08:55:28.3461727Z installing heimdal-libs...
2026-09-16T08:55:28.3658071Z installing heimdal...
2026-09-16T08:55:29.0232056Z installing libcbor...
2026-09-16T08:55:29.0264699Z installing libfido2...
2026-09-16T08:55:29.0299611Z installing openssh...
2026-09-16T08:55:29.0750252Z installing perl-Error...
2026-09-16T08:55:29.0831834Z installing perl-Authen-SASL...
2026-09-16T08:55:29.1062192Z installing perl-Encode-Locale...
2026-09-16T08:55:29.1122093Z installing perl-HTTP-Date...
2026-09-16T08:55:29.1179599Z installing perl-File-Listing...
2026-09-16T08:55:29.1241032Z installing perl-HTML-Tagset...
2026-09-16T08:55:29.1305417Z installing perl-Clone...
2026-09-16T08:55:29.1357461Z installing perl-IO-HTML...
2026-09-16T08:55:29.1417494Z installing perl-LWP-MediaTypes...
2026-09-16T08:55:29.1488830Z installing perl-URI...
2026-09-16T08:55:29.2135231Z installing perl-HTTP-Message...
2026-09-16T08:55:29.2340061Z installing perl-HTML-Parser...
2026-09-16T08:55:29.2491783Z installing perl-HTTP-Cookies...
2026-09-16T08:55:29.2573123Z installing perl-HTTP-Daemon...
2026-09-16T08:55:29.2619245Z installing perl-http-cookiejar...
2026-09-16T08:55:29.2691213Z installing perl-HTTP-Negotiate...
2026-09-16T08:55:29.2738881Z installing perl-Net-HTTP...
2026-09-16T08:55:29.2847192Z installing perl-WWW-RobotRules...
2026-09-16T08:55:29.2940313Z installing perl-Try-Tiny...
2026-09-16T08:55:29.3010621Z installing perl-libwww...
2026-09-16T08:55:29.3359204Z Optional dependencies for perl-libwww
2026-09-16T08:55:29.3359877Z     perl-LWP-Protocol-https: for https:// url schemes
2026-09-16T08:55:29.3360469Z installing perl-Convert-BinHex...
2026-09-16T08:55:29.4973382Z module test... pass.
2026-09-16T08:55:29.4989090Z installing perl-IO-Stringy...
2026-09-16T08:55:29.5131484Z installing perl-TimeDate...
2026-09-16T08:55:29.5764251Z installing perl-MailTools...
2026-09-16T08:55:29.6066109Z installing perl-MIME-tools...
2026-09-16T08:55:29.6502254Z installing perl-Net-SSLeay...
2026-09-16T08:55:29.7231041Z installing perl-IO-Socket-SSL...
2026-09-16T08:55:29.7361781Z installing perl-Net-SMTP-SSL...
2026-09-16T08:55:29.7408851Z installing perl-TermReadKey...
2026-09-16T08:55:29.7488699Z installing git...
2026-09-16T08:55:30.2913274Z Optional dependencies for git
2026-09-16T08:55:30.2913855Z     python: various helper scripts
2026-09-16T08:55:30.2914288Z     subversion: git svn
2026-09-16T08:55:30.2914648Z     aspell: spell checking in git gui
2026-09-16T08:55:30.2915094Z installing pactoys...
2026-09-16T08:55:30.3116489Z :: Running post-transaction hooks...
2026-09-16T08:55:30.3118965Z (1/1) Updating the info directory file...
2026-09-16T08:55:31.4231126Z ##[endgroup]
2026-09-16T08:55:31.4231699Z ##[group]Installing additional packages through pacboy...
2026-09-16T08:55:31.4962001Z [command]C:\Windows\system32\cmd.exe /D /S /C D:\a\_temp\setup-msys2\msys2.cmd -c "'pacboy' '--noconfirm' '-S' '--needed' 'toolchain:p' 'cmake:p' 'ninja:p' 'openssl:p' 'pkgconf:p' 'python:p'"
2026-09-16T08:55:32.5527642Z :: There are 13 members in group mingw-w64-x86_64-toolchain:
2026-09-16T08:55:32.5528505Z :: Repository mingw64
2026-09-16T08:55:32.5530954Z    1) mingw-w64-x86_64-binutils  2) mingw-w64-x86_64-crt  3) mingw-w64-x86_64-gcc  4) mingw-w64-x86_64-gdb  5) mingw-w64-x86_64-gdb-multiarch  6) mingw-w64-x86_64-headers  7) mingw-w64-x86_64-libmangle  8) mingw-w64-x86_64-libwinpthread  9) mingw-w64-x86_64-make  10) mingw-w64-x86_64-pkgconf  11) mingw-w64-x86_64-tools  12) mingw-w64-x86_64-winpthreads  13) mingw-w64-x86_64-winstorecompat
2026-09-16T08:55:32.5533497Z 
2026-09-16T08:55:32.5533733Z Enter a selection (default=all): 
2026-09-16T08:55:32.5534679Z resolving dependencies...
2026-09-16T08:55:32.5717405Z looking for conflicting packages...
2026-09-16T08:55:32.5782535Z 
2026-09-16T08:55:32.5790594Z Packages (66) mingw-w64-x86_64-brotli-1.2.0-1  mingw-w64-x86_64-bzip2-1.0.8-4  mingw-w64-x86_64-c-ares-1.34.8-1  mingw-w64-x86_64-ca-certificates-20260816-1  mingw-w64-x86_64-cppdap-1.65.r11.g6464cd7-1  mingw-w64-x86_64-curl-8.22.0-1  mingw-w64-x86_64-expat-2.8.4-2  mingw-w64-x86_64-gcc-libs-16.2.0-3  mingw-w64-x86_64-gettext-runtime-1.0-1  mingw-w64-x86_64-gmp-6.3.0-2  mingw-w64-x86_64-gnutls-3.8.13-3  mingw-w64-x86_64-isl-0.28-1  mingw-w64-x86_64-jsoncpp-1.9.8-1  mingw-w64-x86_64-libarchive-3.8.9-6  mingw-w64-x86_64-libb2-0.98.1-3  mingw-w64-x86_64-libffi-3.8.0-1  mingw-w64-x86_64-libiconv-1.19-1  mingw-w64-x86_64-libidn2-2.3.8-4  mingw-w64-x86_64-libpsl-0.21.5-3  mingw-w64-x86_64-libssh2-1.11.1-2  mingw-w64-x86_64-libsystre-1.0.2-3  mingw-w64-x86_64-libtasn1-4.21.0-1  mingw-w64-x86_64-libtre-0.9.0-2  mingw-w64-x86_64-libunistring-1.4.2-1  mingw-w64-x86_64-libuv-1.52.1-1  mingw-w64-x86_64-lz4-1.10.0-1  mingw-w64-x86_64-mpc-1.4.1-1  mingw-w64-x86_64-mpdecimal-4.0.1-3  mingw-w64-x86_64-mpfr-4.2.2-3  mingw-w64-x86_64-ncurses-6.6-4  mingw-w64-x86_64-nettle-4.0-1  mingw-w64-x86_64-nghttp2-1.70.0-1  mingw-w64-x86_64-nghttp3-1.18.0-1  mingw-w64-x86_64-ngtcp2-1.25.0-1  mingw-w64-x86_64-p11-kit-0.26.5-1  mingw-w64-x86_64-pcre2-10.48-3  mingw-w64-x86_64-readline-8.3.003-1  mingw-w64-x86_64-rhash-1.4.6-1  mingw-w64-x86_64-sqlite3-3.53.4-1  mingw-w64-x86_64-tcl-8.6.18-1  mingw-w64-x86_64-termcap-1.3.1-7  mingw-w64-x86_64-tk-8.6.18-1  mingw-w64-x86_64-tzdata-2026d-1  mingw-w64-x86_64-windows-default-manifest-20260815-1  mingw-w64-x86_64-wineditline-2.208-1  mingw-w64-x86_64-xxhash-0.8.3-2  mingw-w64-x86_64-xz-5.8.4-1  mingw-w64-x86_64-zlib-1.3.2-2  mingw-w64-x86_64-zstd-1.5.7-2  mingw-w64-x86_64-binutils-2.47-3  mingw-w64-x86_64-cmake-4.4.3-2  mingw-w64-x86_64-crt-14.0.0.r375.g9c1abbbf5-1  mingw-w64-x86_64-gcc-16.2.0-3  mingw-w64-x86_64-gdb-17.2-1  mingw-w64-x86_64-gdb-multiarch-17.2-1  mingw-w64-x86_64-headers-14.0.0.r375.g9c1abbbf5-1  mingw-w64-x86_64-libmangle-14.0.0.r375.g9c1abbbf5-1  mingw-w64-x86_64-libwinpthread-14.0.0.r375.g9c1abbbf5-1  mingw-w64-x86_64-make-4.4.1-5  mingw-w64-x86_64-ninja-1.13.2-1  mingw-w64-x86_64-openssl-3.6.4-1  mingw-w64-x86_64-pkgconf-1~3.0.7-1  mingw-w64-x86_64-python-3.14.7-1  mingw-w64-x86_64-tools-14.0.0.r375.g9c1abbbf5-1  mingw-w64-x86_64-winpthreads-14.0.0.r375.g9c1abbbf5-1  mingw-w64-x86_64-winstorecompat-14.0.0.r375.g9c1abbbf5-1
2026-09-16T08:55:32.5798454Z 
2026-09-16T08:55:32.5798562Z Total Installed Size:  986.72 MiB
2026-09-16T08:55:32.5798747Z 
2026-09-16T08:55:32.5871787Z :: Proceed with installation? [Y/n] 
2026-09-16T08:55:32.5872297Z checking keyring...
2026-09-16T08:55:32.6563053Z checking package integrity...
2026-09-16T08:55:44.0226246Z loading package files...
2026-09-16T08:55:44.3801235Z checking for file conflicts...
2026-09-16T08:55:46.0567365Z :: Processing package changes...
2026-09-16T08:55:46.0568048Z installing mingw-w64-x86_64-libwinpthread...
2026-09-16T08:55:46.0629797Z installing mingw-w64-x86_64-tzdata...
2026-09-16T08:55:47.6158115Z installing mingw-w64-x86_64-gcc-libs...
2026-09-16T08:55:47.6339996Z installing mingw-w64-x86_64-libiconv...
2026-09-16T08:55:47.6586947Z installing mingw-w64-x86_64-gettext-runtime...
2026-09-16T08:55:47.7854950Z installing mingw-w64-x86_64-zlib...
2026-09-16T08:55:47.7947071Z installing mingw-w64-x86_64-zstd...
2026-09-16T08:55:47.8161032Z installing mingw-w64-x86_64-binutils...
2026-09-16T08:55:48.0528815Z installing mingw-w64-x86_64-headers...
2026-09-16T08:55:49.2925712Z installing mingw-w64-x86_64-crt...
2026-09-16T08:55:49.9576141Z installing mingw-w64-x86_64-gmp...
2026-09-16T08:55:49.9745870Z installing mingw-w64-x86_64-isl...
2026-09-16T08:55:50.0481219Z installing mingw-w64-x86_64-mpfr...
2026-09-16T08:55:50.0707127Z installing mingw-w64-x86_64-mpc...
2026-09-16T08:55:50.0778565Z installing mingw-w64-x86_64-windows-default-manifest...
2026-09-16T08:55:50.0806919Z installing mingw-w64-x86_64-winpthreads...
2026-09-16T08:55:50.0905594Z installing mingw-w64-x86_64-gcc...
2026-09-16T08:55:51.4267430Z installing mingw-w64-x86_64-expat...
2026-09-16T08:55:51.4417885Z installing mingw-w64-x86_64-bzip2...
2026-09-16T08:55:51.4593924Z installing mingw-w64-x86_64-wineditline...
2026-09-16T08:55:51.4683544Z installing mingw-w64-x86_64-pcre2...
2026-09-16T08:55:51.6452757Z installing mingw-w64-x86_64-libtre...
2026-09-16T08:55:51.6584629Z installing mingw-w64-x86_64-libsystre...
2026-09-16T08:55:51.6669649Z installing mingw-w64-x86_64-ncurses...
2026-09-16T08:55:55.9514701Z installing mingw-w64-x86_64-libffi...
2026-09-16T08:55:55.9617535Z installing mingw-w64-x86_64-mpdecimal...
2026-09-16T08:55:55.9763266Z installing mingw-w64-x86_64-openssl...
2026-09-16T08:56:01.3340938Z Optional dependencies for mingw-w64-x86_64-openssl
2026-09-16T08:56:01.3341595Z     mingw-w64-x86_64-ca-certificates [pending]
2026-09-16T08:56:01.3342112Z installing mingw-w64-x86_64-tcl...
2026-09-16T08:56:02.7737905Z installing mingw-w64-x86_64-sqlite3...
2026-09-16T08:56:02.8932048Z installing mingw-w64-x86_64-tk...
2026-09-16T08:56:03.3906551Z installing mingw-w64-x86_64-libb2...
2026-09-16T08:56:03.3969956Z installing mingw-w64-x86_64-xz...
2026-09-16T08:56:03.5053016Z installing mingw-w64-x86_64-python...
2026-09-16T08:56:10.3668151Z installing mingw-w64-x86_64-termcap...
2026-09-16T08:56:10.3730103Z installing mingw-w64-x86_64-readline...
2026-09-16T08:56:10.4114875Z installing mingw-w64-x86_64-xxhash...
2026-09-16T08:56:10.4252255Z installing mingw-w64-x86_64-gdb...
2026-09-16T08:56:10.5703079Z Optional dependencies for mingw-w64-x86_64-gdb
2026-09-16T08:56:10.5703540Z     mingw-w64-x86_64-python-pygments: for syntax highlighting
2026-09-16T08:56:10.5703920Z installing mingw-w64-x86_64-gdb-multiarch...
2026-09-16T08:56:10.6499743Z Optional dependencies for mingw-w64-x86_64-gdb-multiarch
2026-09-16T08:56:10.6500252Z     mingw-w64-x86_64-python-pygments: for syntax highlighting
2026-09-16T08:56:10.6500607Z installing mingw-w64-x86_64-libmangle...
2026-09-16T08:56:10.6547556Z installing mingw-w64-x86_64-make...
2026-09-16T08:56:10.6611318Z installing mingw-w64-x86_64-pkgconf...
2026-09-16T08:56:10.6817836Z installing mingw-w64-x86_64-tools...
2026-09-16T08:56:10.6916161Z installing mingw-w64-x86_64-winstorecompat...
2026-09-16T08:56:10.6953940Z installing mingw-w64-x86_64-cppdap...
2026-09-16T08:56:10.7214486Z installing mingw-w64-x86_64-c-ares...
2026-09-16T08:56:10.8382787Z installing mingw-w64-x86_64-brotli...
2026-09-16T08:56:10.8616759Z installing mingw-w64-x86_64-libunistring...
2026-09-16T08:56:10.9106493Z installing mingw-w64-x86_64-libidn2...
2026-09-16T08:56:10.9401151Z installing mingw-w64-x86_64-libpsl...
2026-09-16T08:56:10.9491545Z installing mingw-w64-x86_64-libtasn1...
2026-09-16T08:56:10.9871634Z installing mingw-w64-x86_64-p11-kit...
2026-09-16T08:56:11.1309178Z installing mingw-w64-x86_64-ca-certificates...
2026-09-16T08:56:11.7709161Z installing mingw-w64-x86_64-libssh2...
2026-09-16T08:56:11.8977552Z installing mingw-w64-x86_64-nghttp2...
2026-09-16T08:56:11.9150185Z installing mingw-w64-x86_64-nettle...
2026-09-16T08:56:11.9702795Z installing mingw-w64-x86_64-gnutls...
2026-09-16T08:56:12.8598887Z installing mingw-w64-x86_64-ngtcp2...
2026-09-16T08:56:12.8818434Z installing mingw-w64-x86_64-nghttp3...
2026-09-16T08:56:12.8956236Z installing mingw-w64-x86_64-curl...
2026-09-16T08:56:13.2944885Z installing mingw-w64-x86_64-jsoncpp...
2026-09-16T08:56:13.3128464Z installing mingw-w64-x86_64-lz4...
2026-09-16T08:56:13.3275085Z installing mingw-w64-x86_64-libarchive...
2026-09-16T08:56:13.4726217Z installing mingw-w64-x86_64-libuv...
2026-09-16T08:56:13.4939638Z installing mingw-w64-x86_64-ninja...
2026-09-16T08:56:13.4990894Z installing mingw-w64-x86_64-rhash...
2026-09-16T08:56:13.5338738Z installing mingw-w64-x86_64-cmake...
2026-09-16T08:56:16.7499958Z Optional dependencies for mingw-w64-x86_64-cmake
2026-09-16T08:56:16.7500352Z     mingw-w64-x86_64-emacs: for cmake emacs mode
2026-09-16T08:56:16.8448500Z ##[endgroup]
2026-09-16T08:56:16.8448953Z ##[group]Saving package cache...
2026-09-16T08:56:16.9226452Z [command]C:\Windows\system32\cmd.exe /D /S /C D:\a\_temp\setup-msys2\msys2.cmd -c "'paccache' '-r' '-f' '-u' '-k0'"
2026-09-16T08:56:17.9110313Z ==> no candidate packages found for pruning
2026-09-16T08:56:17.9880510Z [command]C:\Windows\system32\cmd.exe /D /S /C D:\a\_temp\setup-msys2\msys2.cmd -c "'paccache' '-r' '-f' '-k1'"
2026-09-16T08:56:18.3207510Z ==> no candidate packages found for pruning
2026-09-16T08:56:19.0077411Z Cache unchanged, skipping save for msys2-pkgs-upd:true-conf:dae72d96-files:575e42a33352b67f10ca2ba21a40d9839a24406c97277f1bfff04054d48e18db
2026-09-16T08:56:19.1333388Z [command]C:\Windows\system32\cmd.exe /D /S /C D:\a\_temp\setup-msys2\msys2.cmd -c "'pacman' '--noconfirm' '-Scc'"
2026-09-16T08:56:19.9290708Z 
2026-09-16T08:56:19.9291647Z Cache directory: /var/cache/pacman/pkg/
2026-09-16T08:56:19.9738453Z :: Do you want to remove ALL files from cache? [Y/n] 
2026-09-16T08:56:19.9738957Z removing all files from cache...
2026-09-16T08:56:19.9739145Z 
2026-09-16T08:56:19.9739254Z Database directory: /var/lib/pacman/
2026-09-16T08:56:19.9758674Z :: Do you want to remove unused repositories? [Y/n] 
2026-09-16T08:56:19.9759268Z removing unused sync repositories...
2026-09-16T08:56:19.9830437Z ##[endgroup]
2026-09-16T08:56:20.0208349Z ##[group]Run cmake -S . -G Ninja -B "D:\a\_temp/core-build" \
2026-09-16T08:56:20.0208933Z [36;1mcmake -S . -G Ninja -B "D:\a\_temp/core-build" \[0m
2026-09-16T08:56:20.0209324Z [36;1m  -DCMAKE_BUILD_TYPE=Release -DENABLE_LLAMA=OFF \[0m
2026-09-16T08:56:20.0209738Z [36;1m  -DCREXX_ALLOW_NETWORK_DOWNLOADS=ON -DCREXX_QA_CTEST_JOBS=5 \[0m
2026-09-16T08:56:20.0210109Z [36;1m  -DCREXX_BUILD_CHANNEL=local \[0m
2026-09-16T08:56:20.0210493Z [36;1m  -DCREXX_BUILD_COMMIT="f10e70ee5f12ce49cc5088abc867748522d1d19c" \[0m
2026-09-16T08:56:20.0210929Z [36;1m  -DCREXX_FORCE_SYSTEM_OPENSSL=ON -DENABLE_PARSER_MODE=OFF[0m
2026-09-16T08:56:20.0217826Z shell: D:\a\_temp\setup-msys2\msys2.CMD {0}
2026-09-16T08:56:20.0218130Z env:
2026-09-16T08:56:20.0218322Z   MSYSTEM: MINGW64
2026-09-16T08:56:20.0218524Z ##[endgroup]
2026-09-16T08:56:36.8066018Z -- The C compiler identification is GNU 16.2.0
2026-09-16T08:56:36.9948164Z -- The CXX compiler identification is GNU 16.2.0
2026-09-16T08:56:37.0462283Z -- Detecting C compiler ABI info
2026-09-16T08:56:37.4445396Z -- Detecting C compiler ABI info - done
2026-09-16T08:56:37.4890050Z -- Check for working C compiler: D:/a/_temp/msys64/mingw64/bin/cc.exe - skipped
2026-09-16T08:56:37.4895836Z -- Detecting C compile features
2026-09-16T08:56:37.4903166Z -- Detecting C compile features - done
2026-09-16T08:56:37.5377715Z -- Detecting CXX compiler ABI info
2026-09-16T08:56:37.9610421Z -- Detecting CXX compiler ABI info - done
2026-09-16T08:56:37.9962237Z -- Check for working CXX compiler: D:/a/_temp/msys64/mingw64/bin/c++.exe - skipped
2026-09-16T08:56:37.9966365Z -- Detecting CXX compile features
2026-09-16T08:56:37.9977806Z -- Detecting CXX compile features - done
2026-09-16T08:56:38.0209593Z -- CMake Version: 4.4.3
2026-09-16T08:56:38.0210218Z -- CREXX Version: crexx-1.0.0-beta.3+local.gf10e70ee5f12.dirty
2026-09-16T08:56:38.0210574Z -- CREXX Build Channel: local
2026-09-16T08:56:38.0210882Z -- CREXX Build Timestamp: 20260916T085620Z
2026-09-16T08:56:38.0211197Z -- CREXX Build Commit: f10e70ee5f12
2026-09-16T08:56:38.0211592Z -- CMake Generator: Ninja
2026-09-16T08:56:38.0213298Z -- cREXX build resources: profile=portable, vm-compile=2, native-link=2, backend=Ninja pools
2026-09-16T08:56:38.0381689Z -- Performing Test cxxflag__W
2026-09-16T08:56:38.2593125Z -- Performing Test cxxflag__W - Success
2026-09-16T08:56:38.2616407Z -- Performing Test cxxflag__Wall
2026-09-16T08:56:38.4726675Z -- Performing Test cxxflag__Wall - Success
2026-09-16T08:56:38.4739382Z -- Performing Test cxxflag__Wextra
2026-09-16T08:56:38.6841252Z -- Performing Test cxxflag__Wextra - Success
2026-09-16T08:56:38.6854866Z -- Performing Test cxxflag__Weffc__
2026-09-16T08:56:38.8965446Z -- Performing Test cxxflag__Weffc__ - Success
2026-09-16T08:56:38.8978433Z -- Performing Test cxxflag__pedantic
2026-09-16T08:56:39.1073058Z -- Performing Test cxxflag__pedantic - Success
2026-09-16T08:56:39.1086655Z -- Performing Test cxxflag__Wformat_2
2026-09-16T08:56:39.3121976Z -- Performing Test cxxflag__Wformat_2 - Success
2026-09-16T08:56:39.3135093Z -- Performing Test cxxflag__Wredundant_decls
2026-09-16T08:56:39.5217448Z -- Performing Test cxxflag__Wredundant_decls - Success
2026-09-16T08:56:39.5231025Z -- Performing Test cxxflag__Wsuggest_attribute_format
2026-09-16T08:56:39.7455285Z -- Performing Test cxxflag__Wsuggest_attribute_format - Success
2026-09-16T08:56:39.7467652Z -- Performing Test cxxflag__Wconversion
2026-09-16T08:56:39.9564245Z -- Performing Test cxxflag__Wconversion - Success
2026-09-16T08:56:39.9578072Z -- Performing Test cxxflag__Wsign_conversion
2026-09-16T08:56:40.1703082Z -- Performing Test cxxflag__Wsign_conversion - Success
2026-09-16T08:56:40.1716710Z -- Performing Test cxxflag__Werror_return_type
2026-09-16T08:56:40.3889847Z -- Performing Test cxxflag__Werror_return_type - Success
2026-09-16T08:56:40.3903679Z -- Performing Test cxxflag__Weverything
2026-09-16T08:56:40.4863597Z -- Performing Test cxxflag__Weverything - Failed
2026-09-16T08:56:40.4874756Z -- Performing Test cxxflag__fdiagnostics_color_always
2026-09-16T08:56:40.6944799Z -- Performing Test cxxflag__fdiagnostics_color_always - Success
2026-09-16T08:56:40.6946880Z -- C compiler flags:  -D__USE_MINGW_ANSI_STDIO=1
2026-09-16T08:56:40.6948439Z -- C++ compiler flags:  -W -Wall -Wextra -Weffc++ -pedantic -Wformat=2 -Wredundant-decls -Wsuggest-attribute=format -Wconversion -Wsign-conversion -Werror=return-type -fdiagnostics-color=always  -D__USE_MINGW_ANSI_STDIO=1
2026-09-16T08:56:40.6950000Z -- Linker flags for executables: 
2026-09-16T08:56:40.6950457Z -- Linker flags for shared libs: 
2026-09-16T08:56:40.6950907Z -- Release C compiler flags: -O3 -DNDEBUG
2026-09-16T08:56:40.6951400Z -- Release C++ compiler flags: -O3 -DNDEBUG
2026-09-16T08:56:40.6951907Z -- Release linker flags for executables: 
2026-09-16T08:56:40.6952388Z -- Release linker flags for shared libs: 
2026-09-16T08:56:40.6967057Z -- Looking for sys/types.h
2026-09-16T08:56:40.9058735Z -- Looking for sys/types.h - found
2026-09-16T08:56:40.9060352Z -- Looking for sys/stat.h
2026-09-16T08:56:41.1261860Z -- Looking for sys/stat.h - found
2026-09-16T08:56:41.1263659Z -- Looking for fcntl.h
2026-09-16T08:56:41.3331798Z -- Looking for fcntl.h - found
2026-09-16T08:56:41.3333552Z -- Looking for unistd.h
2026-09-16T08:56:41.5447541Z -- Looking for unistd.h - found
2026-09-16T08:56:41.5449803Z -- Looking for io.h
2026-09-16T08:56:41.7541942Z -- Looking for io.h - found
2026-09-16T08:56:41.7556122Z -- Writing config.h
2026-09-16T08:56:41.7880393Z -- Performing Test CMAKE_HAVE_LIBC_PTHREAD
2026-09-16T08:56:42.0021161Z -- Performing Test CMAKE_HAVE_LIBC_PTHREAD - Success
2026-09-16T08:56:42.0034877Z -- Found Threads: TRUE
2026-09-16T08:56:42.1215314Z -- Smoke test 'rxc_help_syntaxhighlight' is not present in this configuration; skipping
2026-09-16T08:56:42.1217742Z -- Smoke test 'syntaxhighlight_trace_keywords' is not present in this configuration; skipping
2026-09-16T08:56:42.1219823Z -- Smoke test 'source_semantics' is not present in this configuration; skipping
2026-09-16T08:56:42.2879633Z -- cREXX VM handler panel: profile-20
2026-09-16T08:56:42.2967951Z -- cREXX VM core socket TLS backend: SCHANNEL
2026-09-16T08:56:42.2973507Z -- cREXX product VM: rxvm -> rxtvm (GNU)
2026-09-16T08:56:42.3668476Z -- Smoke test 'rxpp_sh_tokens' is not present in this configuration; skipping
2026-09-16T08:56:42.7273894Z -- Legacy OpenSSL socket plugin is disabled; use VM core sockets/rxsocket instead.
2026-09-16T08:56:42.7345381Z -- GTK Gui support is disabled, skipping subdirectory.
2026-09-16T08:56:42.7378670Z -- ODBC support is disabled; building the mock-driver qualification target only.
2026-09-16T08:56:43.1354104Z -- Skipping INT_SIGNAL native signal test on Windows
2026-09-16T08:56:43.1354607Z -- Smoke test 'INT' is not present in this configuration; skipping
2026-09-16T08:56:43.4064402Z -- Configuring done (23.1s)
2026-09-16T08:56:45.3016628Z CMake Warning (unused-cli):
2026-09-16T08:56:45.3017318Z   Manually-specified variables were not used by the project:
2026-09-16T08:56:45.3018106Z 
2026-09-16T08:56:45.3018258Z     CREXX_FORCE_SYSTEM_OPENSSL
2026-09-16T08:56:45.3018520Z 
2026-09-16T08:56:45.3018525Z 
2026-09-16T08:56:45.3018707Z -- Generating done (1.9s)
2026-09-16T08:56:45.3034880Z -- Build files have been written to: D:/a/_temp/core-build
2026-09-16T08:56:45.4152575Z ##[group]Run cmake --build "D:\a\_temp/core-build" --target stage-product stage-optional --parallel 2
2026-09-16T08:56:45.4153342Z [36;1mcmake --build "D:\a\_temp/core-build" --target stage-product stage-optional --parallel 2[0m
2026-09-16T08:56:45.4155683Z shell: D:\a\_temp\setup-msys2\msys2.CMD {0}
2026-09-16T08:56:45.4155958Z env:
2026-09-16T08:56:45.4156183Z   MSYSTEM: MINGW64
2026-09-16T08:56:45.4156393Z ##[endgroup]
2026-09-16T08:56:45.7608136Z [0/2] Re-checking globbed directories...
2026-09-16T08:56:45.8865084Z [1/686] Copying bootstrap src/options/parse_opts.cc, reconfigure with RE2C_REBUILD_LEXERS to regenerate
2026-09-16T08:56:45.9139190Z [2/686] Copying bootstrap src/parse/lexer.cc and src/parse/lexer.h, reconfigure with RE2C_REBUILD_LEXERS to regenerate
2026-09-16T08:56:45.9540231Z [3/686] Copying bootstrap src/parse/conf_lexer.cc, reconfigure with RE2C_REBUILD_LEXERS to regenerate
2026-09-16T08:56:45.9838840Z [4/686] Copying bootstrap parser, reconfigure with RE2C_REBUILD_PARSERS to regenerate
2026-09-16T08:56:46.0224391Z [5/686] Copying bootstrap syntax file, reconfigure with RE2C_REBUILD_PARSERS to regenerate
2026-09-16T08:56:46.0494068Z [6/686] Copying bootstrap parser, reconfigure with RE2C_REBUILD_PARSERS to regenerate
2026-09-16T08:56:46.0583475Z [7/686] Copying bootstrap syntax file, reconfigure with RE2C_REBUILD_PARSERS to regenerate
2026-09-16T08:56:46.0895371Z [8/686] Copying bootstrap syntax file, reconfigure with RE2C_REBUILD_PARSERS to regenerate
2026-09-16T08:56:46.0998224Z [9/686] Copying bootstrap syntax file, reconfigure with RE2C_REBUILD_PARSERS to regenerate
2026-09-16T08:56:46.1324253Z [10/686] Copying bootstrap syntax file, reconfigure with RE2C_REBUILD_PARSERS to regenerate
2026-09-16T08:56:46.1388064Z [11/686] Copying bootstrap syntax file, reconfigure with RE2C_REBUILD_PARSERS to regenerate
2026-09-16T08:56:46.1719489Z [12/686] Copying bootstrap syntax file, reconfigure with RE2C_REBUILD_PARSERS to regenerate
2026-09-16T08:56:46.1790330Z [13/686] Copying bootstrap syntax file, reconfigure with RE2C_REBUILD_PARSERS to regenerate
2026-09-16T08:56:46.2107076Z [14/686] Copying bootstrap syntax file, reconfigure with RE2C_REBUILD_PARSERS to regenerate
2026-09-16T08:56:46.2153904Z [15/686] Copying bootstrap syntax file, reconfigure with RE2C_REBUILD_PARSERS to regenerate
2026-09-16T08:56:46.2480798Z [16/686] Copying bootstrap syntax file, reconfigure with RE2C_REBUILD_PARSERS to regenerate
2026-09-16T08:56:46.2517229Z [17/686] Copying bootstrap syntax file, reconfigure with RE2C_REBUILD_PARSERS to regenerate
2026-09-16T08:56:46.2854605Z [18/686] Generating doc/re2c.1
2026-09-16T08:56:46.2876885Z [19/686] Copying bootstrap src/msg/ver_to_vernum.cc, reconfigure with RE2C_REBUILD_LEXERS to regenerate
2026-09-16T08:56:47.5613971Z [20/686] Building CXX object re2c/CMakeFiles/re2c_objects_autogen.dir/src/options/parse_opts.cc.obj
2026-09-16T08:56:48.2385668Z [21/686] Building CXX object re2c/CMakeFiles/re2c_objects_autogen.dir/src/parse/parser.cc.obj
2026-09-16T08:56:48.6530581Z [22/686] Building CXX object re2c/CMakeFiles/re2c_objects_autogen.dir/src/parse/lexer.cc.obj
2026-09-16T08:56:49.4304777Z [23/686] Building CXX object re2c/CMakeFiles/re2c_objects_autogen.dir/src/parse/conf_parser.cc.obj
2026-09-16T08:56:49.7366769Z [24/686] Building CXX object re2c/CMakeFiles/re2c_objects_autogen_ver_to_vernum.dir/src/msg/ver_to_vernum.cc.obj
2026-09-16T08:56:52.4794235Z [25/686] Building CXX object re2c/CMakeFiles/re2c_objects_autogen.dir/src/parse/conf_lexer.cc.obj
2026-09-16T08:56:52.5280074Z [26/686] Generating src/msg/help_re2c.cc
2026-09-16T08:56:52.6498449Z [27/686] Building C object lemon/CMakeFiles/lemon.dir/lemon.c.obj
2026-09-16T08:56:53.1405483Z [28/686] Building CXX object re2c/CMakeFiles/re2c.dir/src/codegen/helpers.cc.obj
2026-09-16T08:56:53.9372868Z [29/686] Building CXX object re2c/CMakeFiles/re2c.dir/src/codegen/output.cc.obj
2026-09-16T08:56:54.6708613Z [30/686] Building CXX object re2c/CMakeFiles/re2c.dir/src/codegen/pass1_analyze.cc.obj
2026-09-16T08:56:55.3333277Z [31/686] Building CXX object re2c/CMakeFiles/re2c.dir/src/codegen/pass3_fixup.cc.obj
2026-09-16T08:56:57.1161027Z [32/686] Building CXX object re2c/CMakeFiles/re2c.dir/src/codegen/pass4_render.cc.obj
2026-09-16T08:56:57.1465671Z [33/686] Building CXX object re2c/CMakeFiles/re2c.dir/src/codegen/pass2_generate.cc.obj
2026-09-16T08:56:57.5868523Z [34/686] Building CXX object re2c/CMakeFiles/re2c.dir/src/options/symtab.cc.obj
2026-09-16T08:56:58.3448925Z [35/686] Building CXX object re2c/CMakeFiles/re2c.dir/src/nfa/re_to_nfa.cc.obj
2026-09-16T08:56:59.7748301Z [36/686] Building CXX object re2c/CMakeFiles/re2c.dir/src/adfa/adfa.cc.obj
2026-09-16T08:56:59.8278385Z [37/686] Building CXX object re2c/CMakeFiles/re2c.dir/src/debug/dump_adfa.cc.obj
2026-09-16T08:56:59.8793868Z [38/686] Building CXX object re2c/CMakeFiles/re2c.dir/src/debug/dump_cfg.cc.obj
2026-09-16T08:56:59.9301694Z [39/686] Building CXX object re2c/CMakeFiles/re2c.dir/src/debug/dump_dfa.cc.obj
2026-09-16T08:56:59.9800719Z [40/686] Building CXX object re2c/CMakeFiles/re2c.dir/src/debug/dump_dfa_tree.cc.obj
2026-09-16T08:57:00.0367082Z [41/686] Building CXX object re2c/CMakeFiles/re2c.dir/src/debug/dump_interf.cc.obj
2026-09-16T08:57:00.0873290Z [42/686] Building CXX object re2c/CMakeFiles/re2c.dir/src/debug/dump_nfa.cc.obj
2026-09-16T08:57:00.6623425Z [43/686] Building CXX object re2c/CMakeFiles/re2c.dir/src/cfg/cfg.cc.obj
2026-09-16T08:57:01.0876799Z [44/686] Building CXX object re2c/CMakeFiles/re2c.dir/src/cfg/compact.cc.obj
2026-09-16T08:57:01.4998963Z [45/686] Building CXX object re2c/CMakeFiles/re2c.dir/src/cfg/dce.cc.obj
2026-09-16T08:57:01.9298034Z [46/686] Building CXX object re2c/CMakeFiles/re2c.dir/src/cfg/freeze.cc.obj
2026-09-16T08:57:02.4391395Z [47/686] Building CXX object re2c/CMakeFiles/re2c.dir/src/cfg/interfere.cc.obj
2026-09-16T08:57:03.0046586Z [48/686] Building CXX object re2c/CMakeFiles/re2c.dir/src/cfg/liveanal.cc.obj
2026-09-16T08:57:03.4781547Z [49/686] Building CXX object re2c/CMakeFiles/re2c.dir/src/options/opt.cc.obj
2026-09-16T08:57:03.5429733Z [50/686] Building CXX object re2c/CMakeFiles/re2c.dir/src/cfg/normalize.cc.obj
2026-09-16T08:57:04.0152114Z [51/686] Building CXX object re2c/CMakeFiles/re2c.dir/src/cfg/optimize.cc.obj
2026-09-16T08:57:04.0458247Z [52/686] Building CXX object re2c/CMakeFiles/re2c.dir/src/cfg/rename.cc.obj
2026-09-16T08:57:04.4925759Z [53/686] Building CXX object re2c/CMakeFiles/re2c.dir/src/cfg/varalloc.cc.obj
2026-09-16T08:57:05.3679170Z [54/686] Building CXX object re2c/CMakeFiles/re2c.dir/src/dfa/dead_rules.cc.obj
2026-09-16T08:57:06.1211025Z [55/686] Building CXX object re2c/CMakeFiles/re2c.dir/src/dfa/closure.cc.obj
2026-09-16T08:57:06.6570864Z [56/686] Building CXX object re2c/CMakeFiles/re2c.dir/src/dfa/fallback_tags.cc.obj
2026-09-16T08:57:07.1556142Z [57/686] Building CXX object re2c/CMakeFiles/re2c.dir/src/dfa/determinization.cc.obj
2026-09-16T08:57:07.4853744Z [58/686] Building CXX object re2c/CMakeFiles/re2c.dir/src/dfa/fillpoints.cc.obj
2026-09-16T08:57:08.0895106Z [59/686] Building CXX object re2c/CMakeFiles/re2c.dir/src/dfa/minimization.cc.obj
2026-09-16T08:57:08.4917212Z [60/686] Building CXX object re2c/CMakeFiles/re2c.dir/src/dfa/find_state.cc.obj
2026-09-16T08:57:08.5634287Z [61/686] Building CXX object re2c/CMakeFiles/re2c.dir/src/dfa/tagver_table.cc.obj
2026-09-16T08:57:08.8487194Z [62/686] Building CXX object re2c/CMakeFiles/re2c.dir/src/encoding/ebcdic.cc.obj
2026-09-16T08:57:09.1196579Z [63/686] Building CXX object re2c/CMakeFiles/re2c.dir/src/dfa/tcmd.cc.obj
2026-09-16T08:57:09.1654491Z [64/686] Building CXX object re2c/CMakeFiles/re2c.dir/src/encoding/enc.cc.obj
2026-09-16T08:57:09.4283388Z [65/686] Building CXX object re2c/CMakeFiles/re2c.dir/src/encoding/range_suffix.cc.obj
2026-09-16T08:57:09.8022192Z [66/686] Building CXX object re2c/CMakeFiles/re2c.dir/src/encoding/utf8.cc.obj
2026-09-16T08:57:09.8046531Z [67/686] Building CXX object re2c/CMakeFiles/re2c.dir/src/encoding/unicode_casemap.cc.obj
2026-09-16T08:57:10.1718476Z [68/686] Building CXX object re2c/CMakeFiles/re2c.dir/src/encoding/utf16.cc.obj
2026-09-16T08:57:10.3559169Z [69/686] Building CXX object re2c/CMakeFiles/re2c.dir/src/msg/msg.cc.obj
2026-09-16T08:57:11.1793363Z [70/686] Building CXX object re2c/CMakeFiles/re2c.dir/src/msg/warn.cc.obj
2026-09-16T08:57:11.5926735Z [71/686] Building CXX object re2c/CMakeFiles/re2c.dir/src/regexp/ast_to_re.cc.obj
2026-09-16T08:57:11.7375405Z [72/686] Building CXX object re2c/CMakeFiles/re2c.dir/src/regexp/default_tags.cc.obj
2026-09-16T08:57:12.1462864Z [73/686] Building CXX object re2c/CMakeFiles/re2c.dir/src/regexp/nullable.cc.obj
2026-09-16T08:57:12.1496227Z [74/686] Building CXX object re2c/CMakeFiles/re2c.dir/src/regexp/fixed_tags.cc.obj
2026-09-16T08:57:12.6425359Z [75/686] Building CXX object re2c/CMakeFiles/re2c.dir/src/regexp/regexp.cc.obj
2026-09-16T08:57:12.8415854Z [76/686] Building CXX object re2c/CMakeFiles/re2c.dir/src/regexp/split_charset.cc.obj
2026-09-16T08:57:13.5903155Z [77/686] Building CXX object re2c/CMakeFiles/re2c.dir/src/skeleton/control_flow.cc.obj
2026-09-16T08:57:14.8753923Z [78/686] Building CXX object re2c/CMakeFiles/re2c.dir/src/skeleton/generate_code.cc.obj
2026-09-16T08:57:15.5273978Z [79/686] Building CXX object re2c/CMakeFiles/re2c.dir/src/skeleton/maxpath.cc.obj
2026-09-16T08:57:15.8034842Z [80/686] Building CXX object re2c/CMakeFiles/re2c.dir/src/skeleton/generate_data.cc.obj
2026-09-16T08:57:16.3589153Z [81/686] Building CXX object re2c/CMakeFiles/re2c.dir/src/skeleton/skeleton.cc.obj
2026-09-16T08:57:17.2563131Z [82/686] Building CXX object re2c/CMakeFiles/re2c.dir/src/parse/input.cc.obj
2026-09-16T08:57:17.4718014Z [83/686] Building CXX object re2c/CMakeFiles/re2c.dir/src/util/file_utils.cc.obj
2026-09-16T08:57:17.6312182Z [84/686] Building CXX object re2c/CMakeFiles/re2c.dir/src/parse/ast.cc.obj
2026-09-16T08:57:17.8475817Z [85/686] Building CXX object re2c/CMakeFiles/re2c.dir/src/util/string_utils.cc.obj
2026-09-16T08:57:17.9252486Z [86/686] Building CXX object re2c/CMakeFiles/re2c.dir/src/util/range.cc.obj
2026-09-16T08:57:17.9748549Z [87/686] Building CXX object re2c/CMakeFiles/re2c.dir/src/msg/help_re2c.cc.obj
2026-09-16T08:57:18.9551259Z [88/686] Building C object platform/CMakeFiles/platform.dir/platform.c.obj
2026-09-16T08:57:19.0290649Z [89/686] Building C object platform/CMakeFiles/platform.dir/rxinteger.c.obj
2026-09-16T08:57:19.2275235Z [90/686] Building C object avl_tree/CMakeFiles/avl_tree.dir/avl_tree.c.obj
2026-09-16T08:57:19.4398437Z [91/686] Building C object binutils/CMakeFiles/rxbin.dir/rxbin.c.obj
2026-09-16T08:57:19.5709285Z [92/686] Building CXX object re2c/CMakeFiles/re2c.dir/src/main.cc.obj
2026-09-16T08:57:19.7786994Z [93/686] Building C object binutils/CMakeFiles/rxbin.dir/rxsignature.c.obj
2026-09-16T08:57:20.0858730Z [94/686] Building C object binutils/CMakeFiles/rxbin.dir/rxsha256.c.obj
2026-09-16T08:57:20.9580890Z [95/686] Building C object binutils/CMakeFiles/rxbin.dir/rxbin007.c.obj
2026-09-16T08:57:22.1004564Z [96/686] Building C object interpreter/CMakeFiles/rxvmmemory.dir/rxvmmemory.c.obj
2026-09-16T08:57:22.2314839Z [97/686] Linking C executable lemon\lemon.exe
2026-09-16T08:57:22.3881490Z [98/686] Linking CXX executable re2c\re2c.exe
2026-09-16T08:57:22.4659346Z [99/686] Linking C static library bin\libplatform.a
2026-09-16T08:57:22.5365322Z [100/686] Linking C static library bin\libavl_tree.a
2026-09-16T08:57:22.5451996Z [101/686] Building C object binutils/CMakeFiles/rxbin.dir/rxgraph.c.obj
2026-09-16T08:57:22.6281992Z [102/686] Linking C static library bin\librxbin.a
2026-09-16T08:57:22.6838302Z [103/686] Building C object interpreter/CMakeFiles/rxvmref.dir/rxvmref.c.obj
2026-09-16T08:57:22.7668044Z [104/686] Linking C static library bin\librxvmmemory.a
2026-09-16T08:57:22.7988348Z [105/686] Create REXX ASSEMBLER Parser...
2026-09-16T08:57:23.6870749Z [106/686] Building C object interpreter/CMakeFiles/rxvmref.dir/rxpacompat.c.obj
2026-09-16T08:57:23.7639929Z [107/686] Linking C static library bin\librxvmref.a
2026-09-16T08:57:24.2331765Z [108/686] Building C object interpreter/rxvmplugin/CMakeFiles/rxvmplugin.dir/rxvmplugin_framework.c.obj
2026-09-16T08:57:24.3827643Z [109/686] Building C object interpreter/rxvmplugin/rxvmplugins/mc_decimal/CMakeFiles/decnumber.dir/decnumber/decContext.c.obj
2026-09-16T08:57:26.0548037Z [110/686] Create REXX ASSEMBLER Lexer...
2026-09-16T08:57:26.1286303Z [111/686] Linking C static library bin\librxvmplugin.a
2026-09-16T08:57:26.4773582Z [112/686] Building C object interpreter/rxvmplugin/rxvmplugins/mc_decimal/CMakeFiles/mc_decimal_manual.dir/mc_decimal.c.obj
2026-09-16T08:57:26.9638976Z [113/686] Building C object interpreter/rxvmplugin/rxvmplugins/mc_decimal/CMakeFiles/decnumber.dir/decnumber/decNumber.c.obj
2026-09-16T08:57:27.0357251Z [114/686] Linking C static library bin\libdecnumber.a
2026-09-16T08:57:27.1774737Z [115/686] Building C object assembler/CMakeFiles/rxaslib.dir/rxastoke.c.obj
2026-09-16T08:57:27.2988748Z [116/686] Building C object assembler/CMakeFiles/rxaslib.dir/rxaseror.c.obj
2026-09-16T08:57:27.3967441Z [117/686] Building C object rxpa/CMakeFiles/rxpa.dir/rxpa.c.obj
2026-09-16T08:57:28.2317695Z [118/686] Building C object assembler/CMakeFiles/rxaslib.dir/rxasscan.c.obj
2026-09-16T08:57:28.2610902Z [119/686] Building C object assembler/CMakeFiles/rxaslib.dir/rxas_opt.c.obj
2026-09-16T08:57:28.4721196Z [120/686] Building C object assembler/CMakeFiles/rxaslib.dir/rxas_flow_batch.c.obj
2026-09-16T08:57:28.6987696Z [121/686] Building C object assembler/CMakeFiles/rxaslib.dir/rxas_flow_pass.c.obj
2026-09-16T08:57:29.3813937Z [122/686] Building C object assembler/CMakeFiles/rxaslib.dir/rxas_flow_graph.c.obj
2026-09-16T08:57:30.2276074Z [123/686] Building C object assembler/CMakeFiles/rxaslib.dir/rxas_flow_analysis.c.obj
2026-09-16T08:57:30.2276853Z In function 'flow_analysis_calloc',
2026-09-16T08:57:30.2277553Z     inlined from 'flow_analysis_build_rpo' at D:/a/CREXX/CREXX/assembler/rxas_flow_analysis.c:309:21,
2026-09-16T08:57:30.2278565Z     inlined from 'flow_structural_build' at D:/a/CREXX/CREXX/assembler/rxas_flow_analysis.c:1179:10,
2026-09-16T08:57:30.2279577Z     inlined from 'rxas_flow_require_structural_analysis' at D:/a/CREXX/CREXX/assembler/rxas_flow_analysis.c:1215:27:
2026-09-16T08:57:30.2281131Z D:/a/CREXX/CREXX/assembler/rxas_flow_analysis.c:86:14: warning: product '2305843009213693951 * 8' of arguments 1 and 2 exceeds maximum object size 9223372036854775807 [-Walloc-size-larger-than=]
2026-09-16T08:57:30.2282789Z    86 |     memory = calloc(count, size);
2026-09-16T08:57:30.2283214Z       |              ^~~~~~~~~~~~~~~~~~~
2026-09-16T08:57:30.2283741Z In file included from D:/a/_temp/msys64/mingw64/include/stdlib.h:10,
2026-09-16T08:57:30.2284409Z                  from D:/a/CREXX/CREXX/binutils/include/rxbin.h:38,
2026-09-16T08:57:30.2284949Z                  from D:/a/CREXX/CREXX/assembler/rxas.h:32,
2026-09-16T08:57:30.2285497Z                  from D:/a/CREXX/CREXX/assembler/rxas_flow_graph.h:13,
2026-09-16T08:57:30.2286120Z                  from D:/a/CREXX/CREXX/assembler/rxas_flow_analysis.h:13,
2026-09-16T08:57:30.2286716Z                  from D:/a/CREXX/CREXX/assembler/rxas_flow_analysis.c:9:
2026-09-16T08:57:30.2287512Z D:/a/_temp/msys64/mingw64/include/corecrt_malloc.h: In function 'rxas_flow_require_structural_analysis':
2026-09-16T08:57:30.2288572Z D:/a/_temp/msys64/mingw64/include/corecrt_malloc.h:42:17: note: in a call to allocation function 'calloc' declared here
2026-09-16T08:57:30.2289596Z    42 |   void *__cdecl calloc(size_t _NumOfElements,size_t _SizeOfElements);
2026-09-16T08:57:30.2290238Z       |                 ^~~~~~
2026-09-16T08:57:30.4761945Z [124/686] Building C object assembler/CMakeFiles/rxaslib.dir/rxas_flow_rewrite.c.obj
2026-09-16T08:57:30.4783842Z [125/686] Building C object assembler/CMakeFiles/rxaslib.dir/rxas_flow.c.obj
2026-09-16T08:57:31.1825765Z [126/686] Building C object assembler/CMakeFiles/rxaslib.dir/rxas_flow_signal.c.obj
2026-09-16T08:57:31.6705372Z [127/686] Building C object assembler/CMakeFiles/rxaslib.dir/rxas_flow_use.c.obj
2026-09-16T08:57:32.3675539Z [128/686] Building C object assembler/CMakeFiles/rxaslib.dir/rxas_flow_ssa.c.obj
2026-09-16T08:57:32.5371944Z [129/686] Building C object assembler/CMakeFiles/rxaslib.dir/rxasgrmr.c.obj
2026-09-16T08:57:33.8708708Z [130/686] Building C object assembler/CMakeFiles/rxaslib.dir/rxasassm.c.obj
2026-09-16T08:57:34.0786718Z [131/686] Building C object assembler/CMakeFiles/rxaslib.dir/rxas_flow_proof.c.obj
2026-09-16T08:57:34.1522496Z [132/686] Building C object assembler/CMakeFiles/rxaslib.dir/__/binutils/rxopmeta.c.obj
2026-09-16T08:57:34.2068214Z [133/686] Building C object assembler/CMakeFiles/rxaslib.dir/rxas_dsl.c.obj
2026-09-16T08:57:34.2363240Z [134/686] Building C object assembler/CMakeFiles/rxaslib.dir/rxaslib.c.obj
2026-09-16T08:57:35.1130180Z [135/686] Building C object interpreter/CMakeFiles/rxbvm_core_objects.dir/rxvmworker.c.obj
2026-09-16T08:57:36.1073742Z [136/686] Building C object interpreter/CMakeFiles/rxbvm_core_objects.dir/rxvmprogram.c.obj
2026-09-16T08:57:38.3272305Z [137/686] Building C object interpreter/CMakeFiles/rxbvm_core_objects.dir/rxvmexecutor.c.obj
2026-09-16T08:57:40.4922500Z [138/686] Building C object interpreter/CMakeFiles/rxbvm_core_objects.dir/rxvmchannel.c.obj
2026-09-16T08:57:41.7945630Z [139/686] Building C object interpreter/CMakeFiles/rxbvm_core_objects.dir/rxvmchannel_process.c.obj
2026-09-16T08:57:41.8975312Z [140/686] Building C object interpreter/CMakeFiles/rxbvm_core_objects.dir/rxvmprocessprotocol.c.obj
2026-09-16T08:57:42.7881075Z [141/686] Building C object interpreter/CMakeFiles/rxbvm_core_objects.dir/rxvmprocessworker.c.obj
2026-09-16T08:57:43.7353752Z [142/686] Building C object interpreter/CMakeFiles/rxbvm_core_objects.dir/rxvmbyteendpoint.c.obj
2026-09-16T08:57:44.9194142Z [143/686] Building C object interpreter/CMakeFiles/rxbvm_core_objects.dir/rxvmchannel_byte.c.obj
2026-09-16T08:57:46.1826502Z [144/686] Building C object interpreter/CMakeFiles/rxbvm_core_objects.dir/rxvmchannel_child.c.obj
2026-09-16T08:57:46.2939235Z [145/686] Building C object interpreter/CMakeFiles/rxbvm_core_objects.dir/rxvmactive.c.obj
2026-09-16T08:57:48.2443216Z [146/686] Building C object interpreter/CMakeFiles/rxbvm_core_objects.dir/rxvmload.c.obj
2026-09-16T08:57:49.2046936Z [147/686] Building C object interpreter/CMakeFiles/rxbvm_core_objects.dir/interrupt.c.obj
2026-09-16T08:57:51.7139986Z [148/686] Building C object interpreter/CMakeFiles/rxbvm_core_objects.dir/rxspawn.c.obj
2026-09-16T08:57:53.6588263Z [149/686] Building C object interpreter/CMakeFiles/rxbvm_core_objects.dir/rxcrexxcmd.c.obj
2026-09-16T08:57:53.7686247Z [150/686] Building C object interpreter/CMakeFiles/rxbvm_core_objects.dir/exitfunc.c.obj
2026-09-16T08:57:54.0626442Z [151/686] Building C object interpreter/CMakeFiles/rxbvm_core_objects.dir/rxpacallmethod.c.obj
2026-09-16T08:57:54.7703470Z [152/686] Building C object interpreter/CMakeFiles/rxbvm_core_objects.dir/rxpafuncs.c.obj
2026-09-16T08:57:55.2085679Z [153/686] Building C object interpreter/CMakeFiles/rxbvm_core_objects.dir/rxvml/rxvm_run.c.obj
2026-09-16T08:57:56.8428684Z [154/686] Building C object interpreter/CMakeFiles/rxvm_platform_objects.dir/rxvmsock.c.obj
2026-09-16T08:57:57.6796618Z [155/686] Building C object interpreter/CMakeFiles/rxbvml.dir/rxvmlib.c.obj
2026-09-16T08:57:59.5288958Z [156/686] Building C object interpreter/CMakeFiles/rxbvml.dir/rxvml.c.obj
2026-09-16T08:57:59.6031336Z [157/686] Linking C static library bin\rxvm_mc_decimal_manual.a
2026-09-16T08:57:59.6755585Z [158/686] Linking C static library bin\librxpa.a
2026-09-16T08:57:59.7644964Z [159/686] Linking C static library bin\librxaslib.a
2026-09-16T08:57:59.9117472Z [160/686] Building C object assembler/CMakeFiles/rxas.dir/rxasmain.c.obj
2026-09-16T08:58:00.0575224Z [161/686] Linking C executable bin\rxas.exe
2026-09-16T08:58:00.0843220Z [162/686] cREXX assemble _elapsed ...
2026-09-16T08:58:00.1249349Z [163/686] cREXX RXAS Library Archive ...
2026-09-16T08:58:01.3900750Z [164/686] Building C object linker/CMakeFiles/rxlink.dir/rxlinkmain.c.obj
2026-09-16T08:58:01.5096194Z [165/686] Linking C executable bin\rxlink.exe
2026-09-16T08:58:02.6509127Z [166/686] Building C object lib/plugins/keyaccess/CMakeFiles/_keyaccess.dir/keyaccess.c.obj
2026-09-16T08:58:03.7289717Z [167/686] Building C object lib/plugins/id/CMakeFiles/id.dir/id.c.obj
2026-09-16T08:58:04.7592724Z [168/686] Building C object lib/plugins/fs/CMakeFiles/fs.dir/rxfs.c.obj
2026-09-16T08:58:05.6309109Z [169/686] Building C object lib/plugins/platform/CMakeFiles/_platform.dir/rxplatform.c.obj
2026-09-16T08:58:05.7412075Z [170/686] Linking C shared module bin\rx_keyaccess.rxplugin
2026-09-16T08:58:05.9186440Z [171/686] Linking C shared module bin\rxid.rxplugin
2026-09-16T08:58:06.1020475Z [172/686] Linking C shared module bin\rxfs.rxplugin
2026-09-16T08:58:06.2798872Z [173/686] Linking C shared module bin\rxplatform.rxplugin
2026-09-16T08:58:06.6875659Z [174/686] Building C object preprocessor/CMakeFiles/precomp.dir/precomp.c.obj
2026-09-16T08:58:06.8002806Z [175/686] Building C object cpacker/CMakeFiles/rxcpack.dir/rxcpack.c.obj
2026-09-16T09:00:13.9719805Z [176/686] Building C object interpreter/CMakeFiles/rxbvm_core_objects.dir/rxvmintp.c.obj
2026-09-16T09:00:14.8997383Z [177/686] Building C object interpreter/CMakeFiles/rxtvm_core_objects.dir/rxvmworker.c.obj
2026-09-16T09:00:15.9488145Z [178/686] Building C object interpreter/CMakeFiles/rxtvm_core_objects.dir/rxvmprogram.c.obj
2026-09-16T09:00:18.1988919Z [179/686] Building C object interpreter/CMakeFiles/rxtvm_core_objects.dir/rxvmexecutor.c.obj
2026-09-16T09:00:20.4947543Z [180/686] Building C object interpreter/CMakeFiles/rxtvm_core_objects.dir/rxvmchannel.c.obj
2026-09-16T09:00:21.7915560Z [181/686] Building C object interpreter/CMakeFiles/rxtvm_core_objects.dir/rxvmchannel_process.c.obj
2026-09-16T09:00:21.8827127Z [182/686] Building C object interpreter/CMakeFiles/rxtvm_core_objects.dir/rxvmprocessprotocol.c.obj
2026-09-16T09:00:22.7711655Z [183/686] Building C object interpreter/CMakeFiles/rxtvm_core_objects.dir/rxvmprocessworker.c.obj
2026-09-16T09:00:23.7046100Z [184/686] Building C object interpreter/CMakeFiles/rxtvm_core_objects.dir/rxvmbyteendpoint.c.obj
2026-09-16T09:00:24.8519626Z [185/686] Building C object interpreter/CMakeFiles/rxtvm_core_objects.dir/rxvmchannel_byte.c.obj
2026-09-16T09:00:26.1239495Z [186/686] Building C object interpreter/CMakeFiles/rxtvm_core_objects.dir/rxvmchannel_child.c.obj
2026-09-16T09:00:26.2290138Z [187/686] Building C object interpreter/CMakeFiles/rxtvm_core_objects.dir/rxvmactive.c.obj
2026-09-16T09:00:28.1549328Z [188/686] Building C object interpreter/CMakeFiles/rxtvm_core_objects.dir/rxvmload.c.obj
2026-09-16T09:00:29.1177606Z [189/686] Building C object interpreter/CMakeFiles/rxtvm_core_objects.dir/interrupt.c.obj
2026-09-16T09:00:31.6861777Z [190/686] Building C object interpreter/CMakeFiles/rxtvm_core_objects.dir/rxspawn.c.obj
2026-09-16T09:00:33.5426865Z [191/686] Building C object interpreter/CMakeFiles/rxtvm_core_objects.dir/rxcrexxcmd.c.obj
2026-09-16T09:00:33.6498997Z [192/686] Building C object interpreter/CMakeFiles/rxtvm_core_objects.dir/exitfunc.c.obj
2026-09-16T09:00:33.9703990Z [193/686] Building C object interpreter/CMakeFiles/rxtvm_core_objects.dir/rxpacallmethod.c.obj
2026-09-16T09:00:34.6871206Z [194/686] Building C object interpreter/CMakeFiles/rxtvm_core_objects.dir/rxpafuncs.c.obj
2026-09-16T09:00:35.1414348Z [195/686] Building C object interpreter/CMakeFiles/rxtvm_core_objects.dir/rxvml/rxvm_run.c.obj
2026-09-16T09:00:36.0369653Z [196/686] Building C object interpreter/CMakeFiles/rxvml.dir/rxvmlib.c.obj
2026-09-16T09:00:37.8641263Z [197/686] Building C object interpreter/CMakeFiles/rxvml.dir/rxvml.c.obj
2026-09-16T09:00:37.9579034Z [198/686] Building C object interpreter/CMakeFiles/rxpashim.dir/rxpashim.c.obj
2026-09-16T09:00:38.3509350Z [199/686] Building C object preprocessor/CMakeFiles/precomp_static.dir/precomp.c.obj
2026-09-16T09:00:38.4629501Z [200/686] Linking C shared module bin\rxprecomp.rxplugin
2026-09-16T09:00:38.5702600Z [201/686] Linking C static library bin\librxbvml.a
2026-09-16T09:00:38.5864758Z [202/686] Create Options Parser...
2026-09-16T09:00:39.1354486Z [203/686] Create REXX B Parser...
2026-09-16T09:00:39.5748616Z [204/686] Create Options Lexer...
2026-09-16T09:00:45.5282483Z [205/686] Building C object interpreter/CMakeFiles/rxtvm_core_objects.dir/rxvmintp.c.obj
2026-09-16T09:00:46.6223273Z [206/686] Create REXX C Lexer...
2026-09-16T09:00:46.9239448Z [207/686] Create REXX C Parser...
2026-09-16T09:00:47.1331815Z [208/686] Building C object lib/plugins/hash/CMakeFiles/_hash.dir/rx_hash.c.obj
2026-09-16T09:00:48.1608329Z [209/686] Building C object lib/plugins/fs/CMakeFiles/fs_static.dir/rxfs.c.obj
2026-09-16T09:00:49.0371096Z [210/686] Building C object lib/plugins/platform/CMakeFiles/_platform_static.dir/rxplatform.c.obj
2026-09-16T09:00:49.1580883Z [211/686] Linking C executable bin\rxcpack.exe
2026-09-16T09:00:50.0680030Z [212/686] Building C object interpreter/CMakeFiles/rxbvm.dir/rxvmmain.c.obj
2026-09-16T09:00:50.1336691Z [213/686] Linking C static library bin\librxpashim.a
2026-09-16T09:00:50.2547834Z [214/686] Linking C static library bin\librxvml.a
2026-09-16T09:00:50.3276223Z [215/686] Linking C static library bin\rxprecomp_static.a
2026-09-16T09:00:50.3870889Z [216/686] Stage rxpp macro support files ...
2026-09-16T09:00:50.5524443Z [217/686] Linking C shared module bin\rx_hash.rxplugin
2026-09-16T09:00:50.7139281Z [218/686] Linking C static library bin\rxfs_static.a
2026-09-16T09:00:50.8717488Z [219/686] Linking C static library bin\rxplatform_static.a
2026-09-16T09:00:51.0307629Z [220/686] Linking C executable bin\rxbvm.exe
2026-09-16T09:00:51.2870664Z [221/686] Building C object lib/plugins/float/CMakeFiles/float.dir/rxfloat.c.obj
2026-09-16T09:00:51.5011660Z [222/686] Building C object lib/plugins/float/CMakeFiles/float_static.dir/rxfloat.c.obj
2026-09-16T09:00:51.6969396Z [223/686] Building C object lib/plugins/hash/CMakeFiles/_hash_static.dir/rx_hash.c.obj
2026-09-16T09:01:03.1344026Z [224/686] Create REXX B Lexer...
2026-09-16T09:01:03.4833994Z [225/686] Building C object compiler/CMakeFiles/rxclib.dir/rxcpmain.c.obj
2026-09-16T09:01:04.6372870Z [226/686] Building C object compiler/CMakeFiles/rxclib.dir/rxcp_ast_core.c.obj
2026-09-16T09:01:04.9130883Z [227/686] Building C object compiler/CMakeFiles/rxclib.dir/rxcp_ast_print.c.obj
2026-09-16T09:01:05.0440474Z [228/686] Building C object compiler/CMakeFiles/rxclib.dir/rxcp_ast_walk.c.obj
2026-09-16T09:01:05.6292724Z [229/686] Building C object compiler/CMakeFiles/rxclib.dir/rxcp_util.c.obj
2026-09-16T09:01:06.2538923Z [230/686] Building C object compiler/CMakeFiles/rxclib.dir/rxcp_diag.c.obj
2026-09-16T09:01:06.4187166Z [231/686] Building C object compiler/CMakeFiles/rxclib.dir/rxcp_diag_fallback.c.obj
2026-09-16T09:01:06.4848353Z [232/686] Building C object compiler/CMakeFiles/rxclib.dir/rxcp_dsl.c.obj
2026-09-16T09:01:06.5396272Z [233/686] Building C object compiler/CMakeFiles/rxclib.dir/rxcp_highlight_controller.c.obj
2026-09-16T09:01:07.0126510Z [234/686] Building C object compiler/CMakeFiles/rxclib.dir/rxcp_source_tree.c.obj
2026-09-16T09:01:07.3727601Z [235/686] Building C object compiler/CMakeFiles/rxclib.dir/rxcp_source_ext.c.obj
2026-09-16T09:01:07.7854513Z [236/686] Building C object compiler/CMakeFiles/rxclib.dir/rxcp_srcmap.c.obj
2026-09-16T09:01:08.8960896Z [237/686] Building C object compiler/CMakeFiles/rxclib.dir/rxcposcn.c.obj
2026-09-16T09:01:09.1050075Z [238/686] Building C object compiler/CMakeFiles/rxclib.dir/rxcpopgr.c.obj
2026-09-16T09:01:09.3259826Z [239/686] Building C object compiler/CMakeFiles/rxclib.dir/rxcpopar.c.obj
2026-09-16T09:01:24.8900931Z [240/686] Building C object compiler/CMakeFiles/rxclib.dir/rexbscan.c.obj
2026-09-16T09:01:25.9906243Z [241/686] Building C object compiler/CMakeFiles/rxclib.dir/rxcpbgmr.c.obj
2026-09-16T09:01:26.2110286Z [242/686] Building C object compiler/CMakeFiles/rxclib.dir/rxcpbpar.c.obj
2026-09-16T09:01:27.4996054Z [243/686] Building C object compiler/CMakeFiles/rxclib.dir/rexcscan.c.obj
2026-09-16T09:01:28.0952889Z [244/686] Building C object compiler/CMakeFiles/rxclib.dir/rxcpcgmr.c.obj
2026-09-16T09:01:28.7940464Z [245/686] Building C object compiler/CMakeFiles/rxclib.dir/rxcpcpar.c.obj
2026-09-16T09:01:29.4052959Z [246/686] Building C object compiler/CMakeFiles/rxclib.dir/rxcpcdiag.c.obj
2026-09-16T09:01:29.5025194Z [247/686] Building C object compiler/CMakeFiles/rxclib.dir/rxcpcsym.c.obj
2026-09-16T09:01:29.6656715Z [248/686] Building C object compiler/CMakeFiles/rxclib.dir/rxcpcval.c.obj
2026-09-16T09:01:30.3548103Z [249/686] Building C object compiler/CMakeFiles/rxclib.dir/rxcp_val_sym.c.obj
2026-09-16T09:01:31.5473547Z [250/686] Building C object compiler/CMakeFiles/rxclib.dir/rxcp_val_type.c.obj
2026-09-16T09:01:31.8835056Z [251/686] Building C object compiler/CMakeFiles/rxclib.dir/rxcp_val_trans.c.obj
2026-09-16T09:01:32.0843014Z [252/686] Building C object compiler/CMakeFiles/rxclib.dir/rxcp_ast_rewrite.c.obj
2026-09-16T09:01:32.6350893Z [253/686] Building C object compiler/CMakeFiles/rxclib.dir/rxcp_val_check.c.obj
2026-09-16T09:01:32.7461216Z [254/686] Building C object compiler/CMakeFiles/rxclib.dir/rxcp_val_plugin.c.obj
2026-09-16T09:01:33.6777299Z [255/686] Building C object compiler/CMakeFiles/rxclib.dir/rxcp_val_orch.c.obj
2026-09-16T09:01:34.9648938Z [256/686] Building C object compiler/CMakeFiles/rxclib.dir/rxcpsymb.c.obj
2026-09-16T09:01:35.0687350Z [257/686] Building C object compiler/CMakeFiles/rxclib.dir/rxcp_fixup.c.obj
2026-09-16T09:01:35.2437965Z [258/686] Building C object compiler/CMakeFiles/rxclib.dir/rxcp_ast_val.c.obj
2026-09-16T09:01:35.4221781Z [259/686] Building C object compiler/CMakeFiles/rxclib.dir/rxcp_remap.c.obj
2026-09-16T09:01:36.0033417Z [260/686] Building C object compiler/CMakeFiles/rxclib.dir/rxcp_remap_build.c.obj
2026-09-16T09:01:36.9472181Z [261/686] Building C object compiler/CMakeFiles/rxclib.dir/rxcp_task_lower.c.obj
2026-09-16T09:01:37.6331142Z [262/686] Building C object compiler/CMakeFiles/rxclib.dir/rxcp_levelc_lower.c.obj
2026-09-16T09:01:41.2045125Z [263/686] Building C object compiler/CMakeFiles/rxclib.dir/rxcp_inline.c.obj
2026-09-16T09:01:41.4311954Z [264/686] Building C object compiler/CMakeFiles/rxclib.dir/rxcp_inline_rules.c.obj
2026-09-16T09:01:41.9978932Z [265/686] Building C object compiler/CMakeFiles/rxclib.dir/rxcpemit.c.obj
2026-09-16T09:01:42.5630594Z [266/686] Building C object compiler/CMakeFiles/rxclib.dir/rxcp_emit_core.c.obj
2026-09-16T09:01:43.0619790Z [267/686] Building C object compiler/CMakeFiles/rxclib.dir/rxcp_emit_super.c.obj
2026-09-16T09:01:43.7088634Z [268/686] Building C object compiler/CMakeFiles/rxclib.dir/rxcp_emit_reg.c.obj
2026-09-16T09:01:44.4422606Z [269/686] Building C object compiler/CMakeFiles/rxclib.dir/rxcp_emit_expr.c.obj
2026-09-16T09:01:44.9242303Z [270/686] Building C object compiler/CMakeFiles/rxclib.dir/rxcp_emit_flow.c.obj
2026-09-16T09:01:45.2692874Z [271/686] Building C object compiler/CMakeFiles/rxclib.dir/rxcp_emit_proc.c.obj
2026-09-16T09:01:45.5613727Z [272/686] Building C object compiler/CMakeFiles/rxclib.dir/rxcp_emit_meta.c.obj
2026-09-16T09:01:45.6315487Z [273/686] Building C object lib/plugins/sqlite/CMakeFiles/crexx_sqlite3_objects.dir/vendor/sqlite3.c.obj
2026-09-16T09:01:46.7035503Z [274/686] Building C object compiler/CMakeFiles/rxclib.dir/rxcp_partial_call.c.obj
2026-09-16T09:01:47.1324594Z [275/686] Building C object compiler/CMakeFiles/rxclib.dir/rxcp_opt.c.obj
2026-09-16T09:01:47.4718437Z [276/686] Building C object compiler/CMakeFiles/rxclib.dir/rxcp_dispatch.c.obj
2026-09-16T09:01:47.9398213Z [277/686] Building C object compiler/CMakeFiles/rxclib.dir/rxcp_flow.c.obj
2026-09-16T09:01:48.0104984Z [278/686] Building C object compiler/CMakeFiles/rxclib.dir/__/platform/rxinteger.c.obj
2026-09-16T09:01:48.4995935Z [279/686] Building C object compiler/CMakeFiles/rxclib.dir/__/platform/platform.c.obj
2026-09-16T09:01:48.7793601Z [280/686] Building C object compiler/CMakeFiles/rxclib.dir/rxcp_import_report.c.obj
2026-09-16T09:01:48.9744378Z [281/686] Building C object compiler/CMakeFiles/rxclib.dir/rxcp_project_dependencies.c.obj
2026-09-16T09:01:49.6620343Z [282/686] Building C object compiler/CMakeFiles/rxclib.dir/rxcp_import_publish.c.obj
2026-09-16T09:01:49.8704449Z [283/686] Building C object compiler/CMakeFiles/rxclib.dir/rxcpfunc.c.obj
2026-09-16T09:01:49.9674082Z [284/686] Building C object compiler/CMakeFiles/rxclib.dir/rxcp_instr.c.obj
2026-09-16T09:01:50.0462204Z [285/686] Building C object compiler/CMakeFiles/rxc.dir/rxc_main.c.obj
2026-09-16T09:01:50.7480980Z [286/686] Building C object lib/plugins/sqlite/CMakeFiles/sqlite.dir/rxsqlite.c.obj
2026-09-16T09:01:50.9323748Z [287/686] Building C object compiler/CMakeFiles/rxclib.dir/rxcp_exit.c.obj
2026-09-16T09:01:51.8938789Z [288/686] Building C object lib/plugins/keyaccess/CMakeFiles/_keyaccess_static.dir/keyaccess.c.obj
2026-09-16T09:01:51.9286612Z [289/686] Building C object lib/plugins/llist/CMakeFiles/_llist.dir/llist.c.obj
2026-09-16T09:01:52.6815979Z [290/686] Building C object lib/plugins/treemap/CMakeFiles/_treemap.dir/treemap.c.obj
2026-09-16T09:01:52.8791984Z [291/686] Building C object lib/plugins/llist/CMakeFiles/_llist_static.dir/llist.c.obj
2026-09-16T09:01:53.0150303Z [292/686] Building C object lib/plugins/console/CMakeFiles/console.dir/rxconsole.c.obj
2026-09-16T09:01:53.4351780Z [293/686] Building C object lib/plugins/treemap/CMakeFiles/_treemap_static.dir/treemap.c.obj
2026-09-16T09:01:53.6281046Z [294/686] Building C object lib/plugins/console/CMakeFiles/console.dir/rxconsole_decode.c.obj
2026-09-16T09:01:53.8325587Z [295/686] Linking C shared module bin\rxfloat.rxplugin
2026-09-16T09:01:53.9897202Z [296/686] Linking C static library bin\librxclib.a
2026-09-16T09:01:54.0089186Z [297/686] Building C object lib/plugins/console/CMakeFiles/console.dir/rxconsole_core.c.obj
2026-09-16T09:01:54.1678153Z [298/686] Linking C static library bin\rx_hash_static.a
2026-09-16T09:01:54.1786985Z [299/686] Linking C static library bin\rxfloat_static.a
2026-09-16T09:01:54.2473524Z [300/686] Linking C static library bin\rx_keyaccess_static.a
2026-09-16T09:01:54.3665327Z [301/686] Linking C executable bin\rxc.exe
2026-09-16T09:01:54.4503156Z [302/686] Linking C shared module bin\rxsqlite.rxplugin
2026-09-16T09:01:54.6610495Z [303/686] Building token.rxbin
2026-09-16T09:01:54.7695602Z [304/686] Linking C shared module bin\rx_llist.rxplugin
2026-09-16T09:01:54.8481952Z [305/686] Linking C static library bin\rx_llist_static.a
2026-09-16T09:01:54.9601385Z [306/686] Linking C shared module bin\rx_treemap.rxplugin
2026-09-16T09:01:55.0376107Z [307/686] Linking C static library bin\rx_treemap_static.a
2026-09-16T09:01:55.2150536Z [308/686] Linking C shared module bin\rxconsole.rxplugin
2026-09-16T09:01:56.1906558Z [309/686] Building C object interpreter/CMakeFiles/rxtvm.dir/rxvmmain.c.obj
2026-09-16T09:01:56.2368840Z [310/686] cREXX compile and assemble _address ...
2026-09-16T09:01:56.8262220Z [311/686] cREXX compile and assemble _rxsystem ...
2026-09-16T09:01:56.9028441Z [312/686] Building C object interpreter/CMakeFiles/crexxsaa.dir/crexxsaa.c.obj
2026-09-16T09:01:57.0827019Z [313/686] Linking C executable bin\rxtvm.exe
2026-09-16T09:01:57.2562875Z [314/686] Linking C shared library bin\libcrexxsaa.dll
2026-09-16T09:01:57.4265709Z [315/686] cREXX compile and assemble _jdn ...
2026-09-16T09:01:58.0435790Z [316/686] Building C object interpreter/CMakeFiles/crexxsaa_tool.dir/crexxsaa_tool.c.obj
2026-09-16T09:01:58.1487065Z [317/686] cREXX compile and assemble _datei ...
2026-09-16T09:01:58.1735232Z [318/686] Linking C executable bin\crexxsaa.exe
2026-09-16T09:01:58.2167667Z [319/686] Creating rxvm copy of rxtvm
2026-09-16T09:01:58.7138437Z [320/686] cREXX compile and assemble _dateo ...
2026-09-16T09:01:59.2009991Z [321/686] cREXX compile and assemble _ftrunc ...
2026-09-16T09:01:59.6863177Z [322/686] cREXX compile and assemble _itrunc ...
2026-09-16T09:02:00.4766056Z [323/686] cREXX compile and assemble _typedformat ...
2026-09-16T09:02:00.8686316Z [324/686] cREXX compile and assemble abbrev ...
2026-09-16T09:02:01.2580157Z [325/686] cREXX compile and assemble abs ...
2026-09-16T09:02:01.6588797Z [326/686] cREXX compile and assemble intabs ...
2026-09-16T09:02:02.0592802Z [327/686] cREXX compile and assemble floatabs ...
2026-09-16T09:02:02.4650087Z [328/686] cREXX compile and assemble b2x ...
2026-09-16T09:02:02.8692804Z [329/686] cREXX compile and assemble b2d ...
2026-09-16T09:02:03.3538708Z [330/686] cREXX compile and assemble binary ...
2026-09-16T09:02:03.7495559Z [331/686] cREXX compile and assemble c2x ...
2026-09-16T09:02:04.1672031Z [332/686] cREXX compile and assemble c2d ...
2026-09-16T09:02:04.5725121Z [333/686] cREXX compile and assemble center ...
2026-09-16T09:02:04.9660829Z [334/686] cREXX compile and assemble centre ...
2026-09-16T09:02:05.3602776Z [335/686] cREXX compile and assemble changestr ...
2026-09-16T09:02:05.7567229Z [336/686] cREXX compile and assemble compare ...
2026-09-16T09:02:06.1478631Z [337/686] cREXX compile and assemble copies ...
2026-09-16T09:02:06.5349726Z [338/686] cREXX compile and assemble countstr ...
2026-09-16T09:02:06.9315807Z [339/686] cREXX compile and assemble d2b ...
2026-09-16T09:02:07.3253620Z [340/686] cREXX compile and assemble d2c ...
2026-09-16T09:02:07.7334777Z [341/686] cREXX compile and assemble d2x ...
2026-09-16T09:02:08.1449771Z [342/686] cREXX compile and assemble date ...
2026-09-16T09:02:08.5423916Z [343/686] cREXX compile and assemble delstr ...
2026-09-16T09:02:08.9550692Z [344/686] cREXX compile and assemble delword ...
2026-09-16T09:02:09.5114718Z [345/686] cREXX compile and assemble fileio ...
2026-09-16T09:02:09.9022700Z [346/686] cREXX compile and assemble filter ...
2026-09-16T09:02:10.6338203Z [347/686] cREXX compile and assemble format ...
2026-09-16T09:02:11.0364664Z [348/686] cREXX compile and assemble intformat ...
2026-09-16T09:02:11.4398812Z [349/686] cREXX compile and assemble floatformat ...
2026-09-16T09:02:11.8264621Z [350/686] cREXX compile and assemble fnv ...
2026-09-16T09:02:12.2181161Z [351/686] cREXX compile and assemble getenv ...
2026-09-16T09:02:12.6311875Z [352/686] cREXX compile and assemble insert ...
2026-09-16T09:02:13.0249920Z [353/686] cREXX compile and assemble length ...
2026-09-16T09:02:13.4169640Z [354/686] cREXX compile and assemble linesize ...
2026-09-16T09:02:13.8099553Z [355/686] cREXX compile and assemble loadmodule ...
2026-09-16T09:02:14.1985374Z [356/686] cREXX compile and assemble lower ...
2026-09-16T09:02:14.5936441Z [357/686] cREXX compile and assemble max ...
2026-09-16T09:02:14.9852364Z [358/686] cREXX compile and assemble intmax ...
2026-09-16T09:02:15.3760371Z [359/686] cREXX compile and assemble floatmax ...
2026-09-16T09:02:15.7685384Z [360/686] cREXX compile and assemble min ...
2026-09-16T09:02:16.1600757Z [361/686] cREXX compile and assemble intmin ...
2026-09-16T09:02:16.5567133Z [362/686] cREXX compile and assemble floatmin ...
2026-09-16T09:02:16.9615916Z [363/686] cREXX compile and assemble numeric ...
2026-09-16T09:02:17.3833219Z [364/686] cREXX compile and assemble overlay ...
2026-09-16T09:02:17.7721069Z [365/686] cREXX compile and assemble pos ...
2026-09-16T09:02:18.3238432Z [366/686] cREXX compile and assemble qscan ...
2026-09-16T09:02:18.7170103Z [367/686] cREXX compile and assemble qpos ...
2026-09-16T09:02:19.1233068Z [368/686] cREXX compile and assemble qsplit ...
2026-09-16T09:02:19.5224471Z [369/686] cREXX compile and assemble qsplitsafe ...
2026-09-16T09:02:19.9306530Z [370/686] cREXX compile and assemble qextractall ...
2026-09-16T09:02:20.3404725Z [371/686] cREXX compile and assemble qextractpair ...
2026-09-16T09:02:20.7523163Z [372/686] cREXX compile and assemble qstripcomment ...
2026-09-16T09:02:21.1608206Z [373/686] cREXX compile and assemble qremoveall ...
2026-09-16T09:02:21.6756525Z [374/686] cREXX compile and assemble fsayfmt ...
2026-09-16T09:02:22.0777725Z [375/686] cREXX compile and assemble lastpos ...
2026-09-16T09:02:22.4770115Z [376/686] cREXX compile and assemble left ...
2026-09-16T09:02:22.8845385Z [377/686] cREXX compile and assemble right ...
2026-09-16T09:02:23.3617477Z [378/686] cREXX compile and assemble raise ...
2026-09-16T09:02:23.7624879Z [379/686] cREXX compile and assemble reverse ...
2026-09-16T09:02:24.1868651Z [380/686] cREXX compile and assemble signal ...
2026-09-16T09:02:25.1056463Z [381/686] cREXX compile and assemble trace ...
2026-09-16T09:02:25.4990965Z [382/686] cREXX compile and assemble sign ...
2026-09-16T09:02:25.8886584Z [383/686] cREXX compile and assemble intsign ...
2026-09-16T09:02:26.2812238Z [384/686] cREXX compile and assemble floatsign ...
2026-09-16T09:02:26.6832020Z [385/686] cREXX compile and assemble space ...
2026-09-16T09:02:27.0978025Z [386/686] cREXX compile and assemble strip ...
2026-09-16T09:02:27.5125311Z [387/686] cREXX compile and assemble substr ...
2026-09-16T09:02:27.9299806Z [388/686] cREXX compile and assemble substro ...
2026-09-16T09:02:28.3480613Z [389/686] cREXX compile and assemble symbol ...
2026-09-16T09:02:28.8697708Z [390/686] cREXX compile and assemble time ...
2026-09-16T09:02:29.2877343Z [391/686] cREXX compile and assemble translate ...
2026-09-16T09:02:29.7324740Z [392/686] cREXX compile and assemble trunc ...
2026-09-16T09:02:30.1928876Z [393/686] cREXX compile and assemble floattrunc ...
2026-09-16T09:02:30.5848111Z [394/686] cREXX compile and assemble upper ...
2026-09-16T09:02:31.0022189Z [395/686] cREXX compile and assemble value ...
2026-09-16T09:02:31.4106167Z [396/686] cREXX compile and assemble verify ...
2026-09-16T09:02:31.8088179Z [397/686] cREXX compile and assemble version ...
2026-09-16T09:02:32.2145300Z [398/686] cREXX compile and assemble sourceinfo ...
2026-09-16T09:02:32.6120222Z [399/686] cREXX compile and assemble word ...
2026-09-16T09:02:33.0262672Z [400/686] cREXX compile and assemble words ...
2026-09-16T09:02:33.4190474Z [401/686] cREXX compile and assemble wordindex ...
2026-09-16T09:02:33.8324755Z [402/686] cREXX compile and assemble subword ...
2026-09-16T09:02:34.2353697Z [403/686] cREXX compile and assemble wordlength ...
2026-09-16T09:02:34.6798651Z [404/686] cREXX compile and assemble wordpos ...
2026-09-16T09:02:35.0766813Z [405/686] cREXX compile and assemble qword ...
2026-09-16T09:02:35.4643071Z [406/686] cREXX compile and assemble qwordlength ...
2026-09-16T09:02:35.8641623Z [407/686] cREXX compile and assemble qwords ...
2026-09-16T09:02:36.2674846Z [408/686] cREXX compile and assemble qwordindex ...
2026-09-16T09:02:36.6965834Z [409/686] cREXX compile and assemble qwordpos ...
2026-09-16T09:02:37.1132535Z [410/686] cREXX compile and assemble qsubword ...
2026-09-16T09:02:37.9388469Z [411/686] cREXX compile and assemble regex ...
2026-09-16T09:02:38.3597188Z [412/686] cREXX compile and assemble x2b ...
2026-09-16T09:02:38.7764826Z [413/686] cREXX compile and assemble x2c ...
2026-09-16T09:02:39.2251709Z [414/686] cREXX compile and assemble x2d ...
2026-09-16T09:02:39.6455097Z [415/686] cREXX compile and assemble random ...
2026-09-16T09:02:40.1683984Z [416/686] cREXX compile and assemble reradix ...
2026-09-16T09:02:40.5756912Z [417/686] cREXX compile and assemble sequence ...
2026-09-16T09:02:40.9808122Z [418/686] cREXX compile and assemble find ...
2026-09-16T09:02:41.3858544Z [419/686] cREXX compile and assemble index ...
2026-09-16T09:02:41.8027835Z [420/686] cREXX compile and assemble xrange ...
2026-09-16T09:02:42.3760397Z [421/686] cREXX compile and assemble parsecompile ...
2026-09-16T09:02:43.1975253Z [422/686] cREXX compile and assemble parsestring ...
2026-09-16T09:02:43.6142470Z [423/686] cREXX compile and assemble parse ...
2026-09-16T09:02:44.0922593Z [424/686] cREXX compile and assemble datatype ...
2026-09-16T09:02:44.5023393Z [425/686] cREXX compile and assemble arrayfind ...
2026-09-16T09:02:44.9219218Z [426/686] cREXX compile and assemble splice ...
2026-09-16T09:02:45.3240122Z [427/686] cREXX compile and assemble arrayinsert ...
2026-09-16T09:02:45.7237460Z [428/686] cREXX compile and assemble arraydelete ...
2026-09-16T09:02:46.1293056Z [429/686] cREXX compile and assemble arrayappend ...
2026-09-16T09:02:46.5196052Z [430/686] cREXX compile and assemble arrayprepend ...
2026-09-16T09:02:46.9147004Z [431/686] cREXX compile and assemble objectarrayinsert ...
2026-09-16T09:02:47.3191985Z [432/686] cREXX compile and assemble objectarraydelete ...
2026-09-16T09:02:47.7154371Z [433/686] cREXX compile and assemble objectarrayappend ...
2026-09-16T09:02:48.1218132Z [434/686] cREXX compile and assemble objectarrayprepend ...
2026-09-16T09:02:48.5201813Z [435/686] cREXX compile and assemble objectarraydrop ...
2026-09-16T09:02:48.9593590Z [436/686] cREXX compile and assemble objectarraymove ...
2026-09-16T09:02:49.3590454Z [437/686] cREXX compile and assemble arraypop ...
2026-09-16T09:02:49.7514141Z [438/686] cREXX compile and assemble arrayshift ...
2026-09-16T09:02:50.1407816Z [439/686] cREXX compile and assemble arrayget ...
2026-09-16T09:02:50.5472510Z [440/686] cREXX compile and assemble arrayset ...
2026-09-16T09:02:50.9527346Z [441/686] cREXX compile and assemble arraycontains ...
2026-09-16T09:02:51.3501211Z [442/686] cREXX compile and assemble arrayindexof ...
2026-09-16T09:02:51.7492975Z [443/686] cREXX compile and assemble arrayreverse ...
2026-09-16T09:02:52.1485520Z [444/686] cREXX compile and assemble arrayjoin ...
2026-09-16T09:02:52.6243206Z [445/686] cREXX compile and assemble arraysort ...
2026-09-16T09:02:53.0307053Z [446/686] cREXX compile and assemble arraycopy ...
2026-09-16T09:02:53.4218049Z [447/686] cREXX compile and assemble arraydrop ...
2026-09-16T09:02:53.8191608Z [448/686] cREXX compile and assemble arrayhi ...
2026-09-16T09:02:54.2411563Z [449/686] cREXX compile and assemble arraymove ...
2026-09-16T09:02:54.7878831Z [450/686] cREXX compile and assemble fmtmask ...
2026-09-16T09:02:55.2782223Z [451/686] cREXX compile and assemble compilemask ...
2026-09-16T09:02:55.7342134Z [452/686] cREXX compile and assemble runmask ...
2026-09-16T09:02:56.1530961Z [453/686] cREXX compile and assemble stem ...
2026-09-16T09:02:57.6662503Z [454/686] cREXX compile and assemble rxjson ...
2026-09-16T09:02:57.7459532Z [455/686] cREXX compile and assemble rxsocket ...
2026-09-16T09:02:58.1555089Z [456/686] cREXX compile and assemble wordrep ...
2026-09-16T09:02:58.6584854Z [457/686] cREXX compile and assemble rxqueue ...
2026-09-16T09:02:59.0587065Z [458/686] cREXX compile and assemble afterword ...
2026-09-16T09:02:59.1032241Z [459/686] cREXX REXX Library Archive ...
2026-09-16T09:02:59.2621688Z [460/686] cREXX Linked Library Image ...
2026-09-16T09:02:59.3243812Z [461/686] Staging deterministic compiler-exit imports ...
2026-09-16T09:02:59.5160660Z [462/686] Building optimized arraydump function example
2026-09-16T09:02:59.5685615Z [463/686] Building Dump.rxbin
2026-09-16T09:02:59.7641462Z [464/686] Building Query.rxbin
2026-09-16T09:02:59.8920401Z [465/686] Building Sort.rxbin
2026-09-16T09:03:00.1770686Z [466/686] Building Sortx.rxbin
2026-09-16T09:03:00.6546948Z [467/686] Building Execio.rxbin
2026-09-16T09:03:00.9456161Z [468/686] Building Add.rxbin
2026-09-16T09:03:01.2040785Z [469/686] Building Fsay.rxbin
2026-09-16T09:03:01.5527567Z [470/686] Building Msay.rxbin
2026-09-16T09:03:02.0667086Z [471/686] Building Address.rxbin
2026-09-16T09:03:02.7676406Z [472/686] Building Signal.rxbin
2026-09-16T09:03:03.7555296Z [473/686] Building Trace.rxbin
2026-09-16T09:03:04.5519479Z [474/686] Building Parse.rxbin
2026-09-16T09:03:04.5884136Z [475/686] Building RexxScript.rxbin
2026-09-16T09:03:04.8727518Z [476/686] Building Dummy.rxbin
2026-09-16T09:03:05.0140387Z [477/686] Building Substr.rxbin
2026-09-16T09:03:05.1571611Z [478/686] Building Queue.rxbin
2026-09-16T09:03:05.2040942Z [479/686] Building rxcexits.rxbin (bundled via concatenation)
2026-09-16T09:03:05.2948419Z [480/686] Staging immutable class library compiler imports ...
2026-09-16T09:03:05.3184606Z [481/686] Building optimized arrayformat function example
2026-09-16T09:03:05.7328789Z [482/686] cREXX compile and assemble ObjectIterator ...
2026-09-16T09:03:05.7424535Z [483/686] cREXX compile and assemble StringIterator ...
2026-09-16T09:03:06.1648145Z [484/686] cREXX compile and assemble Bag ...
2026-09-16T09:03:06.1669375Z [485/686] cREXX compile and assemble Iterator ...
2026-09-16T09:03:06.5837382Z [486/686] cREXX compile and assemble ObjectIterable ...
2026-09-16T09:03:06.5874480Z [487/686] cREXX compile and assemble ObjectPrintable ...
2026-09-16T09:03:07.0151637Z [488/686] cREXX compile and assemble Printable ...
2026-09-16T09:03:07.0326035Z [489/686] cREXX compile and assemble StringIterable ...
2026-09-16T09:03:07.4693866Z [490/686] cREXX compile and assemble StringTreeSetIterator ...
2026-09-16T09:03:07.5445288Z [491/686] cREXX compile and assemble ArrayBagIterator ...
2026-09-16T09:03:07.9598905Z [492/686] cREXX compile and assemble ArrayList ...
2026-09-16T09:03:07.9675144Z [493/686] cREXX compile and assemble Comparator ...
2026-09-16T09:03:08.3758964Z [494/686] cREXX compile and assemble Map ...
2026-09-16T09:03:08.5498527Z [495/686] cREXX compile and assemble DateTime ...
2026-09-16T09:03:08.8671020Z [496/686] cREXX compile and assemble ObjectArrayList ...
2026-09-16T09:03:08.9796176Z [497/686] cREXX compile and assemble ObjectComparator ...
2026-09-16T09:03:09.2970926Z [498/686] cREXX compile and assemble ObjectKeyStrategy ...
2026-09-16T09:03:09.4161874Z [499/686] cREXX compile and assemble ObjectObjectHashMapIterator ...
2026-09-16T09:03:09.7470182Z [500/686] cREXX compile and assemble ObjectObjectTreeMapIterator ...
2026-09-16T09:03:09.9165268Z [501/686] cREXX compile and assemble StringArrayList ...
2026-09-16T09:03:10.1921350Z [502/686] cREXX compile and assemble StringHashMapIterator ...
2026-09-16T09:03:10.3586589Z [503/686] cREXX compile and assemble StringHashSetIterator ...
2026-09-16T09:03:10.6600201Z [504/686] cREXX compile and assemble StringObjectHashMapIterator ...
2026-09-16T09:03:10.8493848Z [505/686] cREXX compile and assemble StringObjectTreeMapIterator ...
2026-09-16T09:03:11.1063022Z [506/686] cREXX compile and assemble StringTreeMapIterator ...
2026-09-16T09:03:11.5346669Z [507/686] cREXX compile and assemble TreeMapIterator ...
2026-09-16T09:03:11.6274432Z [508/686] cREXX compile and assemble StringTreeSet ...
2026-09-16T09:03:11.9891404Z [509/686] cREXX compile and assemble ArrayBag ...
2026-09-16T09:03:12.0776284Z [510/686] cREXX compile and assemble ArrayListIterator ...
2026-09-16T09:03:12.7549559Z [511/686] cREXX compile and assemble ISO8601 ...
2026-09-16T09:03:13.1745952Z [512/686] cREXX compile and assemble Iterable ...
2026-09-16T09:03:13.4295795Z [513/686] cREXX compile and assemble Concurrency ...
2026-09-16T09:03:13.6141358Z [514/686] cREXX compile and assemble ObjectArrayListIterator ...
2026-09-16T09:03:13.8579593Z [515/686] cREXX compile and assemble ObjectEquatable ...
2026-09-16T09:03:14.1048730Z [516/686] cREXX compile and assemble ObjectLinkedList ...
2026-09-16T09:03:14.3711459Z [517/686] cREXX compile and assemble ObjectObjectHashMap ...
2026-09-16T09:03:14.8022210Z [518/686] cREXX compile and assemble ObjectStack ...
2026-09-16T09:03:14.8953080Z [519/686] cREXX compile and assemble ObjectObjectTreeMap ...
2026-09-16T09:03:15.3483481Z [520/686] cREXX compile and assemble OffsetDateTime ...
2026-09-16T09:03:15.3630747Z [521/686] cREXX compile and assemble Qfind ...
2026-09-16T09:03:15.9546051Z [522/686] cREXX compile and assemble RexxComparator ...
2026-09-16T09:03:16.0545969Z [523/686] cREXX compile and assemble Rexx ...
2026-09-16T09:03:16.5528003Z [524/686] cREXX compile and assemble StringArrayListIterator ...
2026-09-16T09:03:16.9556891Z [525/686] cREXX compile and assemble Scanlex ...
2026-09-16T09:03:17.0974397Z [526/686] cREXX compile and assemble StringHashMap ...
2026-09-16T09:03:17.5011957Z [527/686] cREXX compile and assemble StringHashSet ...
2026-09-16T09:03:17.6650060Z [528/686] cREXX compile and assemble StringLinkedList ...
2026-09-16T09:03:18.0616610Z [529/686] cREXX compile and assemble StringObjectHashMap ...
2026-09-16T09:03:18.5730812Z [530/686] cREXX compile and assemble StringObjectTreeMap ...
2026-09-16T09:03:18.5981501Z [531/686] cREXX compile and assemble StringOldTreeMap ...
2026-09-16T09:03:19.0771777Z [532/686] cREXX compile and assemble StringStack ...
2026-09-16T09:03:19.5271223Z [533/686] cREXX compile and assemble StringTreeMap ...
2026-09-16T09:03:19.6267383Z [534/686] Staging immutable native-backed class library compiler imports ...
2026-09-16T09:03:20.0704438Z [535/686] cREXX compile and assemble TreeMap ...
2026-09-16T09:03:20.1678300Z [536/686] cREXX compile and assemble native-backed classlib adapter Id ...
2026-09-16T09:03:20.3914411Z [537/686] cREXX Linked Class Library Image ...
2026-09-16T09:03:20.4955591Z [538/686] Publishing consolidated class library image ...
2026-09-16T09:03:20.6445591Z [539/686] Staging immutable rxfnsc compiler imports ...
2026-09-16T09:03:20.7613431Z [540/686] cREXX compile and assemble native-backed classlib adapter KeyDB ...
2026-09-16T09:03:22.1614089Z [541/686] cREXX compile and assemble rxfnsc runtime RexxClassicBifAbbrev ...
2026-09-16T09:03:22.3529678Z [542/686] cREXX compile and assemble rxfnsc runtime RexxClassicBifAbs ...
2026-09-16T09:03:23.6589816Z [543/686] cREXX compile and assemble rxfnsc runtime RexxClassicBifAddress ...
2026-09-16T09:03:23.8414725Z [544/686] cREXX compile and assemble rxfnsc runtime RexxClassicBifB2x ...
2026-09-16T09:03:24.5509502Z [545/686] cREXX compile and assemble rxfnsc runtime RexxClassicBifBitand ...
2026-09-16T09:03:24.6221970Z [546/686] cREXX compile and assemble rxfnsc runtime RexxClassicBifBitor ...
2026-09-16T09:03:25.3695569Z [547/686] cREXX compile and assemble rxfnsc runtime RexxClassicBifBitxor ...
2026-09-16T09:03:26.1948454Z [548/686] cREXX compile and assemble rxfnsc runtime RexxClassicBifC2d ...
2026-09-16T09:03:26.8754818Z [549/686] cREXX compile and assemble rxfnsc runtime RexxClassicBifC2x ...
2026-09-16T09:03:27.8624138Z [550/686] cREXX compile and assemble rxfnsc runtime RexxClassicBifCenter ...
2026-09-16T09:03:28.4459373Z [551/686] cREXX compile and assemble rxfnsc runtime RexxClassicBifChangestr ...
2026-09-16T09:03:29.4013302Z [552/686] cREXX compile and assemble rxfnsc runtime RexxClassicBifCompare ...
2026-09-16T09:03:30.0156363Z [553/686] cREXX compile and assemble rxfnsc runtime RexxClassicBifCopies ...
2026-09-16T09:03:31.0283137Z [554/686] cREXX compile and assemble rxfnsc runtime RexxClassicBifCountstr ...
2026-09-16T09:03:31.5297201Z [555/686] cREXX compile and assemble rxfnsc runtime RexxClassicBifD2c ...
2026-09-16T09:03:32.5604056Z [556/686] cREXX compile and assemble rxfnsc runtime RexxClassicBifD2x ...
2026-09-16T09:03:33.0311556Z [557/686] cREXX compile and assemble rxfnsc runtime RexxClassicBifDatatype ...
2026-09-16T09:03:34.2344165Z [558/686] cREXX compile and assemble rxfnsc runtime RexxClassicBifDate ...
2026-09-16T09:03:34.5681211Z [559/686] cREXX compile and assemble rxfnsc runtime RexxClassicBifDelstr ...
2026-09-16T09:03:35.7162858Z [560/686] cREXX compile and assemble rxfnsc runtime RexxClassicBifDelword ...
2026-09-16T09:03:36.4185355Z [561/686] cREXX compile and assemble rxfnsc runtime RexxClassicBifFormat ...
2026-09-16T09:03:37.1854597Z [562/686] cREXX compile and assemble rxfnsc runtime RexxClassicBifInsert ...
2026-09-16T09:03:37.8801345Z [563/686] cREXX compile and assemble rxfnsc runtime RexxClassicBifLastpos ...
2026-09-16T09:03:38.6125473Z [564/686] cREXX compile and assemble rxfnsc runtime RexxClassicBifLeft ...
2026-09-16T09:03:39.2839123Z [565/686] cREXX compile and assemble rxfnsc runtime RexxClassicBifLength ...
2026-09-16T09:03:39.9792823Z [566/686] cREXX compile and assemble rxfnsc runtime RexxClassicBifMax ...
2026-09-16T09:03:40.6332792Z [567/686] cREXX compile and assemble rxfnsc runtime RexxClassicBifMin ...
2026-09-16T09:03:41.3526344Z [568/686] cREXX compile and assemble rxfnsc runtime RexxClassicBifNumeric ...
2026-09-16T09:03:42.1622587Z [569/686] cREXX compile and assemble rxfnsc runtime RexxClassicBifOverlay ...
2026-09-16T09:03:42.7897483Z [570/686] cREXX compile and assemble rxfnsc runtime RexxClassicBifPos ...
2026-09-16T09:03:43.5588852Z [571/686] cREXX compile and assemble rxfnsc runtime RexxClassicBifRandom ...
2026-09-16T09:03:44.2250146Z [572/686] cREXX compile and assemble rxfnsc runtime RexxClassicBifReverse ...
2026-09-16T09:03:45.0048750Z [573/686] cREXX compile and assemble rxfnsc runtime RexxClassicBifRight ...
2026-09-16T09:03:45.6101410Z [574/686] cREXX compile and assemble rxfnsc runtime RexxClassicBifSign ...
2026-09-16T09:03:46.5088124Z [575/686] cREXX compile and assemble rxfnsc runtime RexxClassicBifSpace ...
2026-09-16T09:03:47.0636997Z [576/686] cREXX compile and assemble rxfnsc runtime RexxClassicBifStrip ...
2026-09-16T09:03:47.9541653Z [577/686] cREXX compile and assemble rxfnsc runtime RexxClassicBifSubstr ...
2026-09-16T09:03:48.8995358Z [578/686] cREXX compile and assemble rxfnsc runtime RexxClassicBifSubword ...
2026-09-16T09:03:50.0843464Z [579/686] cREXX compile and assemble rxfnsc runtime RexxClassicBifSymbol ...
2026-09-16T09:03:50.9657024Z [580/686] cREXX compile and assemble rxfnsc runtime RexxClassicBifTime ...
2026-09-16T09:03:51.7119557Z [581/686] cREXX compile and assemble rxfnsc runtime RexxClassicBifTrace ...
2026-09-16T09:03:52.7272027Z [582/686] cREXX compile and assemble rxfnsc runtime RexxClassicBifTranslate ...
2026-09-16T09:03:53.3268073Z [583/686] cREXX compile and assemble rxfnsc runtime RexxClassicBifTrunc ...
2026-09-16T09:03:54.0963775Z [584/686] cREXX compile and assemble rxfnsc runtime RexxClassicBifValue ...
2026-09-16T09:03:54.7172709Z [585/686] cREXX compile and assemble rxfnsc runtime RexxClassicBifVerify ...
2026-09-16T09:03:55.4805392Z [586/686] cREXX compile and assemble rxfnsc runtime RexxClassicBifWord ...
2026-09-16T09:03:56.0989097Z [587/686] cREXX compile and assemble rxfnsc runtime RexxClassicBifWordindex ...
2026-09-16T09:03:56.9011234Z [588/686] cREXX compile and assemble rxfnsc runtime RexxClassicBifWordlength ...
2026-09-16T09:03:57.6292092Z [589/686] cREXX compile and assemble rxfnsc runtime RexxClassicBifWordpos ...
2026-09-16T09:03:58.2940916Z [590/686] cREXX compile and assemble rxfnsc runtime RexxClassicBifWords ...
2026-09-16T09:03:59.0323391Z [591/686] cREXX compile and assemble rxfnsc runtime RexxClassicBifX2b ...
2026-09-16T09:03:59.7003125Z [592/686] cREXX compile and assemble rxfnsc runtime RexxClassicBifX2c ...
2026-09-16T09:04:00.4824706Z [593/686] cREXX compile and assemble rxfnsc runtime RexxClassicBifX2d ...
2026-09-16T09:04:01.1141764Z [594/686] cREXX compile and assemble rxfnsc runtime RexxClassicBifXrange ...
2026-09-16T09:04:01.8423168Z [595/686] cREXX compile and assemble rxfnsc runtime RexxClassicBitFunctions ...
2026-09-16T09:04:02.5989017Z [596/686] cREXX compile and assemble rxfnsc runtime RexxClassicCharacterOps ...
2026-09-16T09:04:02.6012006Z [597/686] cREXX compile and assemble rxfnsc runtime RexxClassicBifs ...
2026-09-16T09:04:03.1340528Z [598/686] cREXX compile and assemble rxfnsc runtime RexxClassicCharacterScan ...
2026-09-16T09:04:03.2983909Z [599/686] cREXX compile and assemble rxfnsc runtime RexxClassicConfig ...
2026-09-16T09:04:03.9794959Z [600/686] cREXX compile and assemble rxfnsc runtime RexxClassicEncoding ...
2026-09-16T09:04:04.2412872Z [601/686] cREXX compile and assemble rxfnsc runtime RexxClassicDatatype ...
2026-09-16T09:04:04.6301898Z [602/686] cREXX compile and assemble rxfnsc runtime RexxClassicState ...
2026-09-16T09:04:04.8974443Z [603/686] cREXX compile and assemble rxfnsc runtime RexxStem ...
2026-09-16T09:04:05.4562788Z [604/686] cREXX compile and assemble rxfnsc runtime RexxValue ...
2026-09-16T09:04:06.0288175Z [605/686] cREXX compile and assemble native-backed classlib adapter Os ...
2026-09-16T09:04:06.0710125Z [606/686] cREXX compile and assemble rxfnsc runtime RexxVariablePool ...
2026-09-16T09:04:06.0839866Z [607/686] cREXX Linked native-backed Class Library Adapter Image ...
2026-09-16T09:04:06.1758249Z [608/686] Publishing native-backed class library image ...
2026-09-16T09:04:06.2469213Z [609/686] Staging exact imports for the Level B Level G builder ...
2026-09-16T09:04:06.2490165Z [610/686] cREXX Linked rxfnsc Runtime Library Image ...
2026-09-16T09:04:06.3386641Z [611/686] Publishing consolidated rxfnsc runtime library image ...
2026-09-16T09:04:06.4288726Z [612/686] Staging immutable RexxScript compiler imports ...
2026-09-16T09:04:06.8971468Z [613/686] Building experimental backend-neutral Level G UI library
2026-09-16T09:04:11.3848602Z [614/686] cREXX compile and assemble RexxScript runtime RexxScriptEvaluator ...
2026-09-16T09:04:11.3850811Z Warning in RexxScriptEvaluator.crexx @ 266:10 - #NOT_IN_SAME_SCOPE: Implicit use creates a separate binding; the earlier same-named binding is at line 249, column 8. Declare this binding explicitly if intentional., "i"
2026-09-16T09:04:11.3853459Z Warning in RexxScriptEvaluator.crexx @ 608:7 - #NOT_IN_SAME_SCOPE: Implicit use creates a separate binding; the earlier same-named binding is at line 600, column 7. Declare this binding explicitly if intentional., "expr"
2026-09-16T09:04:11.3855135Z 2 warning(s) in source file
2026-09-16T09:04:11.8187649Z [615/686] cREXX compile and assemble RexxScript runtime RexxScriptRuntime ...
2026-09-16T09:04:12.1554545Z [616/686] cREXX compile and assemble RexxScript runtime RexxScriptEvaluateCompat ...
2026-09-16T09:04:12.2329339Z [617/686] cREXX Linked RexxScript Runtime Library Image ...
2026-09-16T09:04:12.3209502Z [618/686] Publishing consolidated RexxScript runtime library image ...
2026-09-16T09:04:12.5325018Z [619/686] Bootstrapping the Level B Level G builder ...
2026-09-16T09:04:12.5383982Z [620/686] Stage immutable rxpp compiler imports ...
2026-09-16T09:04:12.8186762Z [621/686] Generating UI contract v0 bindings and schema
2026-09-16T09:04:18.0367405Z [622/686] Compile and assemble rxpp in its private member directory ...
2026-09-16T09:04:18.6122513Z [623/686] Link the private rxpp runtime image ...
2026-09-16T09:04:18.8814932Z [624/686] Package the private rxpp runtime image as C ...
2026-09-16T09:04:19.5211686Z [625/686] Generating ../../bin/ui_catalog.rxbin
2026-09-16T09:04:19.5885241Z [626/686] Staging deterministic debugger imports ...
2026-09-16T09:04:19.9694429Z [627/686] Building C object preprocessor/CMakeFiles/rxpp.dir/generated/rxpp/rxpp.c.obj
2026-09-16T09:04:21.6822507Z [628/686] Generating ../../bin/ui_contract.rxbin
2026-09-16T09:04:22.4497626Z [629/686] cREXX compile and assemble rxdb_gui ...
2026-09-16T09:04:22.6847030Z [630/686] Linking C executable bin\rxpp.exe
2026-09-16T09:04:23.7706214Z [631/686] Generating ../../bin/ui_local_resources.rxbin
2026-09-16T09:04:23.8351610Z [632/686] Bundling array-formatting function example
2026-09-16T09:04:23.9032023Z [633/686] Staging deterministic crexx driver imports ...
2026-09-16T09:04:23.9654565Z [634/686] Staging deterministic rxdb GUI metadata ...
2026-09-16T09:04:25.3381700Z [635/686] Generating ../../bin/ui_dialogs.rxbin
2026-09-16T09:04:26.2397343Z [636/686] Generating ../../bin/ui_terminal_view.rxbin
2026-09-16T09:04:26.3115887Z [637/686] Staging deterministic RexxScript runner imports ...
2026-09-16T09:04:26.8980719Z [638/686] Building optimized array-formatting example program
2026-09-16T09:04:27.0204684Z [639/686] Generating source-mapped Text Inspector application with RXPP
2026-09-16T09:04:27.0205487Z CRX0010I [09:04:26.978591] Pre-Compile started
2026-09-16T09:04:27.0206178Z Input File:   D:/a/CREXX/CREXX/examples/ui/text-inspector/text_inspector.rxpp
2026-09-16T09:04:27.0207136Z Output File:  D:/a/_temp/core-build/examples/ui/text-inspector/generated/text_inspector.crexx
2026-09-16T09:04:27.0208467Z Macro Lib:    D:/a/_temp/core-build/examples/ui/text-inspector/rxpp/maclib.rexx
2026-09-16T09:04:27.0209047Z Verbose:      1
2026-09-16T09:04:27.0209497Z CRX0100I [09:04:26.982636] Pre-Compile pass one
2026-09-16T09:04:27.0210508Z CRX0110I [09:04:26.982681] System Path D:/a/_temp/core-build/examples/ui/text-inspector/rxpp/
2026-09-16T09:04:27.0211409Z CRX0110I [09:04:26.982721] Input Path  D:/a/CREXX/CREXX/examples/ui/text-inspector/
2026-09-16T09:04:27.0212276Z CRX0110I [09:04:26.982737] Macro Path  D:/a/_temp/core-build/examples/ui/text-inspector/rxpp/
2026-09-16T09:04:27.0213249Z CRX0110I [09:04:26.982764] Build Path  D:/a/_temp/core-build/examples/ui/text-inspector/generated/
2026-09-16T09:04:27.0214024Z CRX0120I [09:04:26.985005] Maclib loaded:      68 records
2026-09-16T09:04:27.0214575Z CRX0130I [09:04:26.985028] Macros extracted:   35
2026-09-16T09:04:27.0215128Z CRX0120I [09:04:26.986998] System Maclib loaded: 42 records
2026-09-16T09:04:27.0215801Z CRX0130I [09:04:26.987020] Macros extracted:     29
2026-09-16T09:04:27.0216419Z CRX0140I [09:04:26.988025] Rexx Source loaded: 210 records
2026-09-16T09:04:27.0217220Z CRX0110I [09:04:26.989149] Macro Path  D:/a/_temp/core-build/examples/ui/text-inspector/rxpp/ui/
2026-09-16T09:04:27.0218272Z CRX0170I Script macro ##ui_command registered from D:/a/_temp/core-build/examples/ui/text-inspector/rxpp/ui/
2026-09-16T09:04:27.0219383Z CRX0170I Script macro ##ui_launcher registered from D:/a/_temp/core-build/examples/ui/text-inspector/rxpp/ui/
2026-09-16T09:04:27.0220415Z CRX0170I Script macro ##ui_node registered from D:/a/_temp/core-build/examples/ui/text-inspector/rxpp/ui/
2026-09-16T09:04:27.0221199Z CRX0150I [09:04:26.994842] Macros extracted:   0
2026-09-16T09:04:27.0221751Z CRX0160I [09:04:26.994947] Macros arranged:    64
2026-09-16T09:04:27.0222283Z CRX0200I [09:04:26.995181] Pre-Compile pass two
2026-09-16T09:04:27.0223168Z CRX0171I Script macro ##ui_command selected from D:/a/_temp/core-build/examples/ui/text-inspector/rxpp/ui/ui_command.rxpm
2026-09-16T09:04:27.0224904Z CRX0171I Script macro ##ui_node selected from D:/a/_temp/core-build/examples/ui/text-inspector/rxpp/ui/ui_node.rxpm
2026-09-16T09:04:27.0225927Z CRX0300I [09:04:27.012267] Pre-Compiled REXX generated 
2026-09-16T09:04:27.0226510Z CRX0310I [09:04:27.012291] Pre-Compiled REXX saved
2026-09-16T09:04:27.0227414Z CRX0510I [09:04:27.013229] Library import names passed to D:/a/_temp/core-build/examples/ui/text-inspector/generated/text_inspector.inc
2026-09-16T09:04:27.0228623Z CRX0500I [09:04:27.013259] Pre-Compile completed, 8 macro calls expanded, total source lines 600
2026-09-16T09:04:27.0229596Z CRX0101I [09:04:27.013326] Elapsed Time 0.035205 seconds, 35.205 milliseconds
2026-09-16T09:04:28.0268626Z [640/686] Bootstrapping the installed crexx project-build worker ...
2026-09-16T09:04:28.7393234Z [641/686] cREXX compile, assemble, link and package rxdb ...
2026-09-16T09:04:28.8062283Z [642/686] Staging deterministic Level L imports ...
2026-09-16T09:04:28.8734122Z [643/686] Staging deterministic rxsqlite ADDRESS imports ...
2026-09-16T09:04:29.9133933Z [644/686] Building portable Level G cREXX TUI driver
2026-09-16T09:04:31.3610987Z [645/686] Generating ../../bin/ui_ansi.rxbin
2026-09-16T09:04:32.0407774Z [646/686] Generating ui_driver_probe.rxbin
2026-09-16T09:04:32.7378316Z [647/686] Building optimized pprint compiler-exit example
2026-09-16T09:04:33.5060859Z [648/686] Compiling and assembling Text Inspector application
2026-09-16T09:04:33.5971680Z [649/686] Building C object debugger/CMakeFiles/rxdb.dir/rxdb.c.obj
2026-09-16T09:04:33.7756625Z [650/686] cREXX compile and assemble tinyexpr ...
2026-09-16T09:04:34.8205372Z [651/686] Building the rxsqlite Level-G ADDRESS facade ...
2026-09-16T09:04:34.8814113Z [652/686] Bundling standalone pprint compiler-exit example
2026-09-16T09:04:35.2902930Z [653/686] Generating Text Inspector TUI launcher with RXPP
2026-09-16T09:04:35.3006316Z CRX0010I [09:04:34.975397] Pre-Compile started
2026-09-16T09:04:35.3031179Z Input File:   D:/a/CREXX/CREXX/examples/ui/text-inspector/text_inspector_tui.rxpp
2026-09-16T09:04:35.3083329Z Output File:  D:/a/_temp/core-build/examples/ui/text-inspector/generated/text_inspector_tui.crexx
2026-09-16T09:04:35.3344258Z Macro Lib:    D:/a/_temp/core-build/examples/ui/text-inspector/rxpp/maclib.rexx
2026-09-16T09:04:35.3433351Z Verbose:      1
2026-09-16T09:04:35.3537959Z CRX0100I [09:04:35.116694] Pre-Compile pass one
2026-09-16T09:04:35.3676452Z CRX0110I [09:04:35.116730] System Path D:/a/_temp/core-build/examples/ui/text-inspector/rxpp/
2026-09-16T09:04:35.3696274Z CRX0110I [09:04:35.116788] Input Path  D:/a/CREXX/CREXX/examples/ui/text-inspector/
2026-09-16T09:04:35.3864982Z CRX0110I [09:04:35.116820] Macro Path  D:/a/_temp/core-build/examples/ui/text-inspector/rxpp/
2026-09-16T09:04:35.4052511Z CRX0110I [09:04:35.116847] Build Path  D:/a/_temp/core-build/examples/ui/text-inspector/generated/
2026-09-16T09:04:35.4172962Z CRX0120I [09:04:35.120259] Maclib loaded:      68 records
2026-09-16T09:04:35.4393255Z CRX0130I [09:04:35.120299] Macros extracted:   35
2026-09-16T09:04:35.4450382Z CRX0120I [09:04:35.123388] System Maclib loaded: 42 records
2026-09-16T09:04:35.4585550Z CRX0130I [09:04:35.123425] Macros extracted:     29
2026-09-16T09:04:35.4670942Z CRX0140I [09:04:35.123696] Rexx Source loaded: 7 records
2026-09-16T09:04:35.4677974Z CRX0110I [09:04:35.124124] Macro Path  D:/a/_temp/core-build/examples/ui/text-inspector/rxpp/ui/
2026-09-16T09:04:35.4714559Z CRX0170I Script macro ##ui_command registered from D:/a/_temp/core-build/examples/ui/text-inspector/rxpp/ui/
2026-09-16T09:04:35.4718889Z CRX0170I Script macro ##ui_launcher registered from D:/a/_temp/core-build/examples/ui/text-inspector/rxpp/ui/
2026-09-16T09:04:35.4721003Z CRX0170I Script macro ##ui_node registered from D:/a/_temp/core-build/examples/ui/text-inspector/rxpp/ui/
2026-09-16T09:04:35.4724215Z CRX0150I [09:04:35.198675] Macros extracted:   0
2026-09-16T09:04:35.4770761Z CRX0160I [09:04:35.198833] Macros arranged:    64
2026-09-16T09:04:35.4779833Z CRX0200I [09:04:35.198907] Pre-Compile pass two
2026-09-16T09:04:35.4781420Z CRX0171I Script macro ##ui_launcher selected from D:/a/_temp/core-build/examples/ui/text-inspector/rxpp/ui/ui_launcher.rxpm
2026-09-16T09:04:35.4783331Z CRX0300I [09:04:35.205386] Pre-Compiled REXX generated 
2026-09-16T09:04:35.4784711Z CRX0310I [09:04:35.205416] Pre-Compiled REXX saved
2026-09-16T09:04:35.4789097Z CRX0510I [09:04:35.206136] Library import names passed to D:/a/_temp/core-build/examples/ui/text-inspector/generated/text_inspector_tui.inc
2026-09-16T09:04:35.4791124Z CRX0500I [09:04:35.206176] Pre-Compile completed, 0 macro calls expanded, total source lines 26
2026-09-16T09:04:35.4900564Z CRX0101I [09:04:35.206214] Elapsed Time 0.235402 seconds, 235.402 milliseconds
2026-09-16T09:04:35.5107931Z [654/686] Generating generated/text_inspector_ansi.crexx
2026-09-16T09:04:35.5109261Z CRX0010I [09:04:35.458271] Pre-Compile started
2026-09-16T09:04:35.5128385Z Input File:   D:/a/CREXX/CREXX/examples/ui/text-inspector/text_inspector_ansi.rxpp
2026-09-16T09:04:35.5147382Z Output File:  D:/a/_temp/core-build/examples/ui/text-inspector/generated/text_inspector_ansi.crexx
2026-09-16T09:04:35.5220070Z Macro Lib:    D:/a/_temp/core-build/examples/ui/text-inspector/rxpp/maclib.rexx
2026-09-16T09:04:35.5281695Z Verbose:      1
2026-09-16T09:04:35.5286232Z CRX0100I [09:04:35.478997] Pre-Compile pass one
2026-09-16T09:04:35.5287473Z CRX0110I [09:04:35.479026] System Path D:/a/_temp/core-build/examples/ui/text-inspector/rxpp/
2026-09-16T09:04:35.5464290Z CRX0110I [09:04:35.479073] Input Path  D:/a/CREXX/CREXX/examples/ui/text-inspector/
2026-09-16T09:04:35.5568217Z CRX0110I [09:04:35.479103] Macro Path  D:/a/_temp/core-build/examples/ui/text-inspector/rxpp/
2026-09-16T09:04:35.5607956Z CRX0110I [09:04:35.479130] Build Path  D:/a/_temp/core-build/examples/ui/text-inspector/generated/
2026-09-16T09:04:35.5807935Z CRX0120I [09:04:35.482962] Maclib loaded:      68 records
2026-09-16T09:04:35.5838783Z CRX0130I [09:04:35.482989] Macros extracted:   35
2026-09-16T09:04:35.5929261Z CRX0120I [09:04:35.486375] System Maclib loaded: 42 records
2026-09-16T09:04:35.5956533Z CRX0130I [09:04:35.486405] Macros extracted:     29
2026-09-16T09:04:35.6156639Z CRX0140I [09:04:35.486684] Rexx Source loaded: 7 records
2026-09-16T09:04:35.6334025Z CRX0110I [09:04:35.487204] Macro Path  D:/a/_temp/core-build/examples/ui/text-inspector/rxpp/ui/
2026-09-16T09:04:35.6513763Z CRX0170I Script macro ##ui_command registered from D:/a/_temp/core-build/examples/ui/text-inspector/rxpp/ui/
2026-09-16T09:04:35.6652357Z CRX0170I Script macro ##ui_launcher registered from D:/a/_temp/core-build/examples/ui/text-inspector/rxpp/ui/
2026-09-16T09:04:35.6831425Z CRX0170I Script macro ##ui_node registered from D:/a/_temp/core-build/examples/ui/text-inspector/rxpp/ui/
2026-09-16T09:04:35.6934565Z CRX0150I [09:04:35.491089] Macros extracted:   0
2026-09-16T09:04:35.6995122Z CRX0160I [09:04:35.491239] Macros arranged:    64
2026-09-16T09:04:35.7003131Z CRX0200I [09:04:35.491312] Pre-Compile pass two
2026-09-16T09:04:35.7007191Z CRX0171I Script macro ##ui_launcher selected from D:/a/_temp/core-build/examples/ui/text-inspector/rxpp/ui/ui_launcher.rxpm
2026-09-16T09:04:35.7021858Z CRX0300I [09:04:35.497525] Pre-Compiled REXX generated 
2026-09-16T09:04:35.7022972Z CRX0310I [09:04:35.497554] Pre-Compiled REXX saved
2026-09-16T09:04:35.7050075Z CRX0510I [09:04:35.498464] Library import names passed to D:/a/_temp/core-build/examples/ui/text-inspector/generated/text_inspector_ansi.inc
2026-09-16T09:04:35.7209170Z CRX0500I [09:04:35.498499] Pre-Compile completed, 0 macro calls expanded, total source lines 26
2026-09-16T09:04:35.7275050Z CRX0101I [09:04:35.498572] Elapsed Time 0.041084 seconds, 41.084 milliseconds
2026-09-16T09:04:36.3002828Z [655/686] Generating text_inspector_test_host.rxbin
2026-09-16T09:04:36.5057888Z [656/686] Linking C executable bin\rxdb.exe
2026-09-16T09:04:36.5271943Z [657/686] cREXX Linked Level L Library Image ...
2026-09-16T09:04:37.3142133Z [658/686] Building the rxsqlite ADDRESS consumer demo ...
2026-09-16T09:04:37.9495779Z [659/686] Building program with standalone pprint exit example
2026-09-16T09:04:38.8891536Z [660/686] Building Text Inspector TUI launcher
2026-09-16T09:04:39.9212876Z [661/686] Generating text_inspector_ansi.rxbin
2026-09-16T09:04:40.6678629Z [662/686] Generating text_inspector_core_noopt.rxbin
2026-09-16T09:04:41.5101674Z [663/686] Generating text_inspector_core_opt.rxbin
2026-09-16T09:04:42.2820808Z [664/686] Generating text_inspector_tui_noopt.rxbin
2026-09-16T09:04:43.0619962Z [665/686] Generating text_inspector_tui_opt.rxbin
2026-09-16T09:04:47.3714619Z [666/686] Building Level G and Unicode with the Level B builder ...
2026-09-16T09:04:47.3715468Z WAVE: G1 independent base members jobs=5
2026-09-16T09:04:47.3715969Z START: G member httpcore
2026-09-16T09:04:47.3716363Z START: G member httpcodec
2026-09-16T09:04:47.3716824Z START: G member packednumeric
2026-09-16T09:04:47.3717257Z START: G member decimal
2026-09-16T09:04:47.3717651Z BUILT: G member httpcodec
2026-09-16T09:04:47.3718082Z START: G member integer
2026-09-16T09:04:47.3718461Z BUILT: G member decimal
2026-09-16T09:04:47.3718869Z BUILT: G member packednumeric
2026-09-16T09:04:47.3719295Z BUILT: G member httpcore
2026-09-16T09:04:47.3719715Z BUILT: G member integer
2026-09-16T09:04:47.3720115Z WAVE: G2 public HTTP jobs=1
2026-09-16T09:04:47.3720548Z START: G member http
2026-09-16T09:04:47.3720939Z BUILT: G member http
2026-09-16T09:04:47.3721394Z WAVE: G3 HTTP consumers jobs=2
2026-09-16T09:04:47.3721843Z START: G member llm
2026-09-16T09:04:47.3722237Z START: G member httpserver
2026-09-16T09:04:47.3722656Z BUILT: G member llm
2026-09-16T09:04:47.3723046Z BUILT: G member httpserver
2026-09-16T09:04:47.3723531Z WAVE: U1 independent table tools jobs=6
2026-09-16T09:04:47.3724055Z START: G member case_mapping_table
2026-09-16T09:04:47.3724890Z START: G member unicode_normprops
2026-09-16T09:04:47.3725373Z START: G member encoding_table
2026-09-16T09:04:47.3725869Z START: G member casefold_table
2026-09-16T09:04:47.3726327Z START: G member level_l_gennorm2
2026-09-16T09:04:47.3726818Z BUILT: G member case_mapping_table
2026-09-16T09:04:47.3727537Z BUILT: G member unicode_normprops
2026-09-16T09:04:47.3728070Z BUILT: G member casefold_table
2026-09-16T09:04:47.3728547Z BUILT: G member level_l_gennorm2
2026-09-16T09:04:47.3729037Z BUILT: G member encoding_table
2026-09-16T09:04:47.3729523Z START: G member grapheme_table
2026-09-16T09:04:47.3729988Z BUILT: G member grapheme_table
2026-09-16T09:04:47.3730495Z WAVE: U2 dependent generators jobs=5
2026-09-16T09:04:47.3731014Z START: G member generate_encoding
2026-09-16T09:04:47.3731506Z START: G member generate_grapheme
2026-09-16T09:04:47.3731968Z START: G member unicode_gennorm2
2026-09-16T09:04:47.3732803Z START: G member generate_case_mapping
2026-09-16T09:04:47.3733297Z START: G member generate_casefold
2026-09-16T09:04:47.3733727Z BUILT: G member generate_encoding
2026-09-16T09:04:47.3734156Z BUILT: G member generate_casefold
2026-09-16T09:04:47.3734614Z BUILT: G member generate_case_mapping
2026-09-16T09:04:47.3735064Z BUILT: G member generate_grapheme
2026-09-16T09:04:47.3735503Z BUILT: G member unicode_gennorm2
2026-09-16T09:04:47.3735954Z WAVE: U3 normalization data tool jobs=1
2026-09-16T09:04:47.3736428Z START: G member unicode_data
2026-09-16T09:04:47.3736841Z BUILT: G member unicode_data
2026-09-16T09:04:47.3737294Z WAVE: U4 prepared normalization table jobs=1
2026-09-16T09:04:47.3737778Z START: G member unicode_d
2026-09-16T09:04:47.3738163Z BUILT: G member unicode_d
2026-09-16T09:04:47.3738584Z WAVE: U5 normalization generator jobs=1
2026-09-16T09:04:47.3739064Z START: G member generate_normalization
2026-09-16T09:04:47.3739532Z BUILT: G member generate_normalization
2026-09-16T09:04:47.3740015Z WAVE: U6 link source generators jobs=5
2026-09-16T09:04:47.3740494Z START: link encoding generator
2026-09-16T09:04:47.3740921Z START: link case-fold generator
2026-09-16T09:04:47.3741324Z START: link case-mapping generator
2026-09-16T09:04:47.3741695Z START: link grapheme generator
2026-09-16T09:04:47.3742099Z START: link normalization generator
2026-09-16T09:04:47.3742537Z BUILT: link case-mapping generator
2026-09-16T09:04:47.3742917Z BUILT: link encoding generator
2026-09-16T09:04:47.3766260Z BUILT: link grapheme generator
2026-09-16T09:04:47.3766876Z BUILT: link case-fold generator
2026-09-16T09:04:47.3772334Z BUILT: link normalization generator
2026-09-16T09:04:47.3772963Z WAVE: U7 generate runtime sources jobs=5
2026-09-16T09:04:47.3773538Z START: generate case-fold source
2026-09-16T09:04:47.3773944Z START: generate case-mapping source
2026-09-16T09:04:47.3774382Z START: generate encoding source
2026-09-16T09:04:47.3774798Z START: generate grapheme source
2026-09-16T09:04:47.3775272Z START: generate normalization source
2026-09-16T09:04:47.3775831Z BUILT: generate encoding source
2026-09-16T09:04:47.3776309Z BUILT: generate case-mapping source
2026-09-16T09:04:47.3776801Z BUILT: generate grapheme source
2026-09-16T09:04:47.3777275Z BUILT: generate case-fold source
2026-09-16T09:04:47.3777746Z BUILT: generate normalization source
2026-09-16T09:04:47.3778275Z WAVE: U8 private Unicode runtimes jobs=5
2026-09-16T09:04:47.3778803Z START: G member unicode_case_mapping
2026-09-16T09:04:47.3779303Z START: G member unicode_casefold
2026-09-16T09:04:47.3779774Z START: G member unicode_grapheme
2026-09-16T09:04:47.3780257Z START: G member unicode_normalization
2026-09-16T09:04:47.3780749Z BUILT: G member unicode_casefold
2026-09-16T09:04:47.3781210Z START: G member unicode_codec
2026-09-16T09:04:47.3781650Z BUILT: G member unicode_case_mapping
2026-09-16T09:04:47.3782134Z BUILT: G member unicode_grapheme
2026-09-16T09:04:47.3782613Z BUILT: G member unicode_normalization
2026-09-16T09:04:47.3783112Z BUILT: G member unicode_codec
2026-09-16T09:04:47.3783900Z WAVE: U9 public Unicode facade jobs=1
2026-09-16T09:04:47.3784406Z START: G member unicode
2026-09-16T09:04:47.3785132Z BUILT: G member unicode
2026-09-16T09:04:47.3785528Z BUILT: Level G library
2026-09-16T09:04:47.3785995Z PUBLISHED: D:/a/_temp/core-build/bin/rxfnsg.rxbin
2026-09-16T09:04:48.5364552Z [667/686] Compiling ollama_generate.crexx ...
2026-09-16T09:04:49.4080397Z [668/686] C Packing cREXX Core Libraries ...
2026-09-16T09:04:49.6429035Z [669/686] Compiling openai_generate.crexx ...
2026-09-16T09:04:50.5280528Z [670/686] Building C object interpreter/CMakeFiles/rxvme.dir/rxvmmain.c.obj
2026-09-16T09:04:51.5246988Z [671/686] Building C object interpreter/CMakeFiles/rxbvme.dir/rxvmmain.c.obj
2026-09-16T09:04:52.2583554Z [672/686] Building C object interpreter/CMakeFiles/rxvme.dir/library.c.obj
2026-09-16T09:04:52.4413870Z [673/686] Linking C executable bin\rxvme.exe
2026-09-16T09:04:53.4488281Z [674/686] cREXX compile, assemble, link and package standalone RexxScript runner ...
2026-09-16T09:04:54.0741449Z [675/686] Building C object interpreter/CMakeFiles/rxbvme.dir/library.c.obj
2026-09-16T09:04:54.4287262Z [676/686] Building C object rexxscript/CMakeFiles/rexxscript_cli.dir/RexxScriptRunner.c.obj
2026-09-16T09:04:54.6798577Z [677/686] Linking C executable bin\rxbvme.exe
2026-09-16T09:04:54.9486910Z [678/686] Linking C executable bin\rexxscript.exe
2026-09-16T09:04:56.1979068Z [679/686] Compiling anthropic_generate.crexx ...
2026-09-16T09:04:57.3152902Z [680/686] Compiling gemini_generate.crexx ...
2026-09-16T09:04:58.4837520Z [681/686] Compiling llm_address_demo.crexx ...
2026-09-16T09:04:58.4838907Z Warning in llm_address_demo.crexx @ 4:8 - #UNUSED_IMPORT: Import is recognized but not used., "rxfnsg"
2026-09-16T09:04:58.4839986Z 1 warning(s) in source file
2026-09-16T09:04:59.7621304Z [682/686] Compiling llm_address_environment.crexx ...
2026-09-16T09:05:08.6475078Z [683/686] cREXX compile, assemble, link and package crexx ...
2026-09-16T09:05:08.8974998Z [684/686] Building C object crexx_driver/CMakeFiles/crexx.dir/crexx.c.obj
2026-09-16T09:05:09.0552798Z [685/686] Linking C executable bin\crexx.exe
2026-09-16T09:05:09.0934347Z ##[group]Run cmake --build "D:\a\_temp/core-build" --target qa-smoke --parallel 2
2026-09-16T09:05:09.0935481Z [36;1mcmake --build "D:\a\_temp/core-build" --target qa-smoke --parallel 2[0m
2026-09-16T09:05:09.0939935Z shell: D:\a\_temp\setup-msys2\msys2.CMD {0}
2026-09-16T09:05:09.0940471Z env:
2026-09-16T09:05:09.0940784Z   MSYSTEM: MINGW64
2026-09-16T09:05:09.0941120Z ##[endgroup]
2026-09-16T09:05:09.4359347Z [0/2] Re-checking globbed directories...
2026-09-16T09:05:09.6377184Z [1/190] Building C object linker/CMakeFiles/rxlink_concat_files.dir/tests/concat_files.c.obj
2026-09-16T09:05:09.9464319Z [2/190] Building C object interpreter/rxvmplugin/rxvmplugins/mc_decimal/CMakeFiles/mc_decimal_dynamic.dir/mc_decimal.c.obj
2026-09-16T09:05:10.0731682Z [3/190] Linking C shared module bin\rxvm_mc_decimal.rxvmplugin
2026-09-16T09:05:10.0922448Z [4/190] cREXX RXLINK fixture tests_link_root ...
2026-09-16T09:05:10.1089800Z [5/190] cREXX RXLINK fixture tests_link_provider_a ...
2026-09-16T09:05:10.1268404Z [6/190] cREXX RXLINK fixture tests_link_interface_root ...
2026-09-16T09:05:10.1438743Z [7/190] cREXX RXLINK fixture tests_link_interface_impl ...
2026-09-16T09:05:10.3042403Z [8/190] Linking C executable linker\rxlink_concat_files.exe
2026-09-16T09:05:10.3215814Z [9/190] cREXX RXLINK success fixture ...
2026-09-16T09:05:10.3415774Z [10/190] cREXX RXLINK interface fixture ...
2026-09-16T09:05:10.4470610Z [11/190] Compiling dynamic_load_provider.crexx ...
2026-09-16T09:05:11.5188075Z [12/190] Building C object disassembler/CMakeFiles/rxdas.dir/rxdamain.c.obj
2026-09-16T09:05:11.5530001Z [13/190] Building C object disassembler/CMakeFiles/rxdas.dir/rxdadism.c.obj
2026-09-16T09:05:11.6225505Z [14/190] Building C object tests/rxpa/CMakeFiles/_rxpa_callmethod_static.dir/rxpa_callmethod.c.obj
2026-09-16T09:05:11.6916310Z [15/190] Building C object tests/rxpa/CMakeFiles/_rxpalink_decl.dir/rxpa_staticlink.c.obj
2026-09-16T09:05:11.8365380Z [16/190] Building C object tests/rxpa/CMakeFiles/_testfuncs_static.dir/rxpa_functests.c.obj
2026-09-16T09:05:12.0368700Z [17/190] Building C object lib/plugins/map/CMakeFiles/_map.dir/map.c.obj
2026-09-16T09:05:12.7257305Z [18/190] Compiling cms_address_demo.crexx ...
2026-09-16T09:05:13.1805845Z [19/190] Compiling address_cms_host.crexx ...
2026-09-16T09:05:13.7431916Z [20/190] Compiling cms_address_environment.crexx ...
2026-09-16T09:05:14.0456261Z [21/190] Compiling address_callback_host.crexx ...
2026-09-16T09:05:14.4726197Z [22/190] Compiling dynamic_load_host.crexx ...
2026-09-16T09:05:14.4900398Z [23/190] cREXX RXLINK inline-metadata fixture ...
2026-09-16T09:05:14.5069009Z [24/190] cREXX RXLINK stripped fixture ...
2026-09-16T09:05:14.5280220Z [25/190] cREXX RXLINK record-stream concat fixture ...
2026-09-16T09:05:14.6450100Z [26/190] Linking C executable bin\rxdas.exe
2026-09-16T09:05:14.7563601Z [27/190] Building C object disassembler/CMakeFiles/mutate_graph_rxbin.dir/tests/mutate_graph_rxbin.c.obj
2026-09-16T09:05:14.9080062Z [28/190] Compiling crexxsaa_variables_host.crexx ...
2026-09-16T09:05:14.9244573Z [29/190] cREXX RXBIN 007 portable-format tests ...
2026-09-16T09:05:15.5995196Z [30/190] Compiling test_reentrancy.crexx ...
2026-09-16T09:05:16.1252450Z [31/190] Building C object interpreter/rxvmplugin/rxvmplugins/db_decimal/CMakeFiles/db_decimal_dynamic.dir/db_decimal.c.obj
2026-09-16T09:05:16.4275574Z [32/190] Building C object interpreter/CMakeFiles/rxvm_platform_notls_objects.dir/rxvmsock.c.obj
2026-09-16T09:05:16.5766088Z [33/190] Building C object lib/plugins/stack/CMakeFiles/_stack.dir/stack.c.obj
2026-09-16T09:05:16.6378478Z [34/190] Building C object interpreter/rxvmplugin/rxvmplugins/db_decimal/CMakeFiles/db_decimal_manual.dir/db_decimal.c.obj
2026-09-16T09:05:16.7624456Z [35/190] Linking C shared module bin\rx_map.rxplugin
2026-09-16T09:05:17.1025136Z [36/190] Building C object lib/plugins/strings/CMakeFiles/_strings.dir/strings.c.obj
2026-09-16T09:05:17.3521681Z [37/190] Generating testid_noopt.rxbin
2026-09-16T09:05:17.7173480Z [38/190] Generating testid_opt.rxbin
2026-09-16T09:05:17.7956364Z [39/190] Building C object tests/rxpa/CMakeFiles/_rxpa_dynlink.dir/rxpa_dynlink.c.obj
2026-09-16T09:05:17.8675501Z [40/190] Linking C static library tests\rx_rxpa_callmethod_static.a
2026-09-16T09:05:17.9435435Z [41/190] Linking C static library tests\rx_rxpalink_decl.a
2026-09-16T09:05:18.0171471Z [42/190] Building C object tests/rxpa/CMakeFiles/rxc_staticlink.dir/__/__/compiler/rxc_main.c.obj
2026-09-16T09:05:18.0936191Z [43/190] Building C object tests/rxpa/CMakeFiles/_rxpa_classdecl_static_decl.dir/rxpa_classdecl.c.obj
2026-09-16T09:05:18.1726656Z [44/190] Building C object tests/rxpa/CMakeFiles/_rxpalink_static.dir/rxpa_staticlink.c.obj
2026-09-16T09:05:18.3423851Z [45/190] Building C object tests/rxpa/CMakeFiles/_testfuncs_dynamic.dir/rxpa_functests.c.obj
2026-09-16T09:05:18.3811863Z [46/190] Building C object tests/native_signals/CMakeFiles/signal_tester.dir/sigtest-windows.c.obj
2026-09-16T09:05:18.4203001Z [47/190] Linking C static library tests\rx_testfuncs_static.a
2026-09-16T09:05:18.4974623Z [48/190] Building C object tests/rxpa/multplugins/CMakeFiles/_plugin1.dir/plugin1.c.obj
2026-09-16T09:05:18.5932622Z [49/190] Building C object tests/rxpa/multplugins/CMakeFiles/_plugin2.dir/plugin2.c.obj
2026-09-16T09:05:18.7657096Z [50/190] Building C object binutils/CMakeFiles/test_rxsha256.dir/tests/test_rxsha256.c.obj
2026-09-16T09:05:18.9067370Z [51/190] Building C object contract/CMakeFiles/crexx-contract.dir/contractmain.c.obj
2026-09-16T09:05:19.4762404Z [52/190] Building C object contract/CMakeFiles/crexx-contract.dir/contract_model.c.obj
2026-09-16T09:05:19.5235654Z [53/190] Building C object tests/rxpa/CMakeFiles/funcvm.dir/__/__/interpreter/rxvmmain.c.obj
2026-09-16T09:05:19.6504139Z [54/190] Building C object contract/CMakeFiles/crexx-contract.dir/contract_json.c.obj
2026-09-16T09:05:19.9003472Z [55/190] Building C object compiler/tests/CMakeFiles/crexx_test_driver.dir/src/test_driver.c.obj
2026-09-16T09:05:19.9940580Z [56/190] Building C object compiler/tests/CMakeFiles/test_crexxsaa_status.dir/src/test_crexxsaa_status.c.obj
2026-09-16T09:05:20.1647750Z [57/190] Building C object compiler/tests/CMakeFiles/test_source_provenance.dir/src/test_source_provenance.c.obj
2026-09-16T09:05:20.2717943Z [58/190] Building C object compiler/tests/CMakeFiles/test_address_bridge.dir/src/test_address_bridge.c.obj
2026-09-16T09:05:20.3082871Z [59/190] Building C object contract/CMakeFiles/crexx-contract.dir/contract_compat.c.obj
2026-09-16T09:05:20.4139696Z [60/190] Building C object compiler/tests/CMakeFiles/test_dynamic_load.dir/src/test_dynamic_load.c.obj
2026-09-16T09:05:20.4528828Z [61/190] Building C object compiler/tests/CMakeFiles/test_address_callback_host.dir/src/test_address_callback_host.c.obj
2026-09-16T09:05:20.4690090Z [62/190] cREXX RXLINK fixture tests_link_provider_b ...
2026-09-16T09:05:20.5509755Z [63/190] Building C object compiler/tests/CMakeFiles/test_crexxsaa_variables.dir/src/test_crexxsaa_variables.c.obj
2026-09-16T09:05:20.6720678Z [64/190] Linking C executable disassembler\mutate_graph_rxbin.exe
2026-09-16T09:05:20.6746225Z [65/190] Building C object linker/CMakeFiles/test_linked_format.dir/tests/test_linked_format.c.obj
2026-09-16T09:05:20.8921826Z [66/190] Building C object disassembler/CMakeFiles/test_disassembler_dump.dir/tests/test_disassembler_dump.c.obj
2026-09-16T09:05:20.9116551Z [67/190] cREXX RXDAS roundtrip fixture tests_compact_format ...
2026-09-16T09:05:21.5975913Z [68/190] Building C object disassembler/CMakeFiles/test_disassembler_dump.dir/rxdadism.c.obj
2026-09-16T09:05:22.8728264Z [69/190] Building C object interpreter/CMakeFiles/test_rxpa_utf_validation.dir/tests/test_rxpa_utf_validation.c.obj
2026-09-16T09:05:23.9094930Z [70/190] Building C object interpreter/CMakeFiles/test_rxpa_utf_validation.dir/rxpafuncs.c.obj
2026-09-16T09:05:24.0308228Z [71/190] Building C object interpreter/CMakeFiles/test_rxpa_utf_validation.dir/rxvmactive.c.obj
2026-09-16T09:05:25.2192657Z [72/190] Building C object interpreter/CMakeFiles/test_rxpa_utf_validation.dir/rxvmworker.c.obj
2026-09-16T09:05:25.5167577Z [73/190] Building C object interpreter/CMakeFiles/test_compact_format.dir/tests/test_compact_format.c.obj
2026-09-16T09:05:25.6051741Z [74/190] Building C object interpreter/CMakeFiles/test_reentrancy.dir/tests/test_reentrancy.c.obj
2026-09-16T09:05:25.7393202Z [75/190] Linking C shared module bin\rxvm_db_decimal.rxvmplugin
2026-09-16T09:05:25.8117978Z [76/190] Linking C static library bin\rxvm_db_decimal_manual.a
2026-09-16T09:05:25.9248681Z [77/190] Building C object interpreter/CMakeFiles/ts_regvalue_tester.dir/tests/ts_regvalue_tester.c.obj
2026-09-16T09:05:25.9288087Z [78/190] Linking C shared module bin\rx_stack.rxplugin
2026-09-16T09:05:26.0393423Z [79/190] Linking C shared module bin\rx_strings.rxplugin
2026-09-16T09:05:26.1324075Z [80/190] Generating map_test.crexx
2026-09-16T09:05:26.7865216Z [81/190] Generating testKeyDB_noopt.rxbin
2026-09-16T09:05:27.3272153Z [82/190] Building C object lib/plugins/keyaccess/CMakeFiles/keyaccess_compact_failure_test.dir/keyaccess_compact_failure_test.c.obj
2026-09-16T09:05:27.9089752Z [83/190] Generating testKeyDB_opt.rxbin
2026-09-16T09:05:28.0238851Z [84/190] Generating numeric_test_support.rxbin
2026-09-16T09:05:28.0368948Z [85/190] Linking C executable tools\signal_tester.exe
2026-09-16T09:05:28.1404921Z [86/190] Linking C shared module tests\rxpa\rx_rxpa_dynlink.rxplugin
2026-09-16T09:05:28.2135636Z [87/190] Linking C static library tests\rx_rxpa_classdecl_static_decl.a
2026-09-16T09:05:28.2620971Z [88/190] Linking C executable tests\rxc_staticlink.exe
2026-09-16T09:05:28.2846158Z [89/190] Building C object tests/rxpa/CMakeFiles/rxc_classdecl_static.dir/__/__/compiler/rxc_main.c.obj
2026-09-16T09:05:28.3317276Z [90/190] Linking C static library tests\rx_rxpalink_static.a
2026-09-16T09:05:28.4566593Z [91/190] Linking C shared module tests\rxpa\rx_testfuncs_dynamic.rxplugin
2026-09-16T09:05:28.6331335Z [92/190] Linking C executable tests\funcvm.exe
2026-09-16T09:05:28.7429627Z [93/190] Linking C shared module tests\rxpa\multplugins\rx_plugin1.rxplugin
2026-09-16T09:05:28.8495023Z [94/190] Linking C shared module tests\rxpa\multplugins\rx_plugin2.rxplugin
2026-09-16T09:05:28.9654702Z [95/190] Linking C executable bin\test_rxsha256.exe
2026-09-16T09:05:29.0949843Z [96/190] Linking C executable bin\crexx-contract.exe
2026-09-16T09:05:29.2123717Z [97/190] Linking C executable compiler\tests\crexx_test_driver.exe
2026-09-16T09:05:29.3419598Z [98/190] Building C object tests/rxpa/CMakeFiles/testvm.dir/__/__/interpreter/rxvmmain.c.obj
2026-09-16T09:05:29.3800291Z [99/190] Linking C executable compiler\tests\test_address_bridge.exe
2026-09-16T09:05:29.5166529Z [100/190] Linking C executable compiler\tests\test_address_callback_host.exe
2026-09-16T09:05:29.5517647Z [101/190] Linking C executable compiler\tests\test_dynamic_load.exe
2026-09-16T09:05:29.6515586Z [102/190] Linking C executable compiler\tests\test_crexxsaa_variables.exe
2026-09-16T09:05:29.6802880Z [103/190] Linking C executable compiler\tests\test_crexxsaa_status.exe
2026-09-16T09:05:29.8360562Z [104/190] Linking C executable linker\test_linked_format.exe
2026-09-16T09:05:29.8507303Z [105/190] cREXX RXLINK fixture tests_link_signature_bad_impl ...
2026-09-16T09:05:29.8670870Z [106/190] cREXX RXLINK control-file fixture ...
2026-09-16T09:05:29.8698962Z [107/190] Linking C executable compiler\tests\test_source_provenance.exe
2026-09-16T09:05:29.8892615Z [108/190] cREXX RXDAS roundtrip fixture tests_basic ...
2026-09-16T09:05:29.9072787Z [109/190] cREXX RXDAS invalid semantic-graph fixture ...
2026-09-16T09:05:29.9365731Z [110/190] cREXX RXDAS roundtrip fixture tests_interfaces ...
2026-09-16T09:05:29.9513429Z [111/190] cREXX RXDAS roundtrip fixture tests_rxdas_large_binary ...
2026-09-16T09:05:30.0314890Z [112/190] Linking C executable disassembler\test_disassembler_dump.exe
2026-09-16T09:05:30.0825041Z [113/190] Linking C executable interpreter\ts_regvalue_tester.exe
2026-09-16T09:05:30.1634077Z [114/190] Linking C executable interpreter\test_rxpa_utf_validation.exe
2026-09-16T09:05:30.2124426Z [115/190] Linking C executable interpreter\test_compact_format.exe
2026-09-16T09:05:30.2315991Z [116/190] cREXX RXAS Instruction Tests (raise uncaptured signal) ...
2026-09-16T09:05:30.2521451Z [117/190] cREXX RXAS Instruction Tests (register flag partitioning) ...
2026-09-16T09:05:30.2737584Z [118/190] cREXX RXAS Instruction Tests (UTF flag cache) ...
2026-09-16T09:05:30.3133383Z [119/190] cREXX RXAS Instruction Tests (reference value instructions) ...
2026-09-16T09:05:30.3346378Z [120/190] cREXX RXAS Basic Instruction Tests ...
2026-09-16T09:05:30.3393059Z [121/190] Linking C executable interpreter\test_reentrancy.exe
2026-09-16T09:05:30.3757399Z [122/190] cREXX RXAS String Instruction Tests ...
2026-09-16T09:05:30.4027482Z [123/190] cREXX RXAS Interface Dispatch Instruction Tests ...
2026-09-16T09:05:30.4069315Z [124/190] cREXX RXAS Decimal Instruction Tests ...
2026-09-16T09:05:30.6170194Z [125/190] Linking archive-level db_decimal regression harness ...
2026-09-16T09:05:31.1951322Z [126/190] Generating ts_address_noopt.rxbin
2026-09-16T09:05:31.2841585Z [127/190] Generating ts_parse_noopt.rxbin
2026-09-16T09:05:31.7977659Z [128/190] Generating ts_stem_noopt.rxbin
2026-09-16T09:05:31.8949102Z [129/190] Generating ts_rxjson_noopt.rxbin
2026-09-16T09:05:32.4486087Z [130/190] Generating ts_rxsocket_noopt.rxbin
2026-09-16T09:05:32.5202584Z [131/190] Generating ts_tinyexpr_noopt.rxbin
2026-09-16T09:05:33.1220690Z [132/190] Generating stack_test_noopt.rxbin
2026-09-16T09:05:33.2348368Z [133/190] Generating strings_test_noopt.rxbin
2026-09-16T09:05:33.2509987Z [134/190] Linking C executable lib\plugins\keyaccess\keyaccess_compact_failure_test.exe
2026-09-16T09:05:33.9376340Z [135/190] Generating keyaccess_test_noopt.rxbin
2026-09-16T09:05:33.9584256Z [136/190] Generating map_test_noopt.rxbin
2026-09-16T09:05:34.5813779Z [137/190] Generating testStringArrayList_noopt.rxbin
2026-09-16T09:05:34.5927387Z [138/190] Generating testStringHashMap_noopt.rxbin
2026-09-16T09:05:35.1597420Z [139/190] Generating testJSON_noopt.rxbin
2026-09-16T09:05:35.2123651Z [140/190] Generating testObjectCollections_noopt.rxbin
2026-09-16T09:05:35.7878221Z [141/190] Generating testOS_noopt.rxbin
2026-09-16T09:05:35.8741555Z [142/190] Generating ts_math_integer_contract_rxbvm_noopt.rxbin
2026-09-16T09:05:36.5376012Z [143/190] Generating ts_math_integer_contract_rxtvm_noopt.rxbin
2026-09-16T09:05:36.7546663Z [144/190] Generating ts_math_integer_contract_rxbvm_opt.rxbin
2026-09-16T09:05:37.4218204Z [145/190] Generating ts_math_decimal_contract_rxbvm_noopt.rxbin
2026-09-16T09:05:37.4800698Z [146/190] Generating ts_math_integer_contract_rxtvm_opt.rxbin
2026-09-16T09:05:38.1477417Z [147/190] Generating ts_math_decimal_contract_rxtvm_noopt.rxbin
2026-09-16T09:05:40.3614835Z [148/190] Generating ts_math_decimal_contract_rxbvm_opt.rxbin
2026-09-16T09:05:40.9802070Z [149/190] Generating ts_llm_providers_noopt.rxbin
2026-09-16T09:05:41.0759856Z [150/190] Generating ts_math_decimal_contract_rxtvm_opt.rxbin
2026-09-16T09:05:41.6648533Z [151/190] Generating testRexxValue_noopt.rxbin
2026-09-16T09:05:41.7317532Z [152/190] Generating testRexxRuntimePools_noopt.rxbin
2026-09-16T09:05:42.3120194Z [153/190] Generating testRexxClassicBifs_noopt.rxbin
2026-09-16T09:05:42.3838731Z [154/190] Generating testRexxScriptRuntime_noopt.rxbin
2026-09-16T09:05:42.4004022Z [155/190] cREXX RXAS intr_test - Native Signal Test Harness ...
2026-09-16T09:05:42.9089760Z [156/190] Generating testRexxScriptCompat_noopt.rxbin
2026-09-16T09:05:43.0744715Z [157/190] Generating benchmark_awfy_sieve_opt.rxbin
2026-09-16T09:05:43.5823646Z [158/190] Generating benchmark_awfy_permute_opt.rxbin
2026-09-16T09:05:43.7710388Z [159/190] Generating benchmark_awfy_mandelbrot_opt.rxbin
2026-09-16T09:05:44.2945337Z [160/190] Generating benchmark_awfy_mandelbrot_hoisted_control_opt.rxbin
2026-09-16T09:05:44.5281122Z [161/190] Generating benchmark_awfy_towers_opt.rxbin
2026-09-16T09:05:45.0261739Z [162/190] Generating benchmark_awfy_bounce_opt.rxbin
2026-09-16T09:05:45.2424642Z [163/190] Generating benchmark_awfy_storage_opt.rxbin
2026-09-16T09:05:45.6990538Z [164/190] Generating benchmark_awfy_list_opt.rxbin
2026-09-16T09:05:46.0675901Z [165/190] Generating benchmark_awfy_richards_opt.rxbin
2026-09-16T09:05:46.3808913Z [166/190] Generating benchmark_awfy_queens_opt.rxbin
2026-09-16T09:05:47.2070049Z [167/190] Generating benchmark_awfy_deltablue_opt.rxbin
2026-09-16T09:05:47.8132901Z [168/190] Generating benchmark_awfy_cd_opt.rxbin
2026-09-16T09:05:48.2985589Z [169/190] Generating benchmark_awfy_havlak_opt.rxbin
2026-09-16T09:05:48.5681601Z [170/190] Generating benchmark_awfy_json_opt.rxbin
2026-09-16T09:05:49.0073226Z [171/190] Generating benchmark_json_parser_opt.rxbin
2026-09-16T09:05:49.3156203Z [172/190] Generating benchmark_json_parse_opt.rxbin
2026-09-16T09:05:49.7059655Z [173/190] Generating benchmark_json_query_opt.rxbin
2026-09-16T09:05:50.0933952Z [174/190] Generating benchmark_base64_roundtrip_opt.rxbin
2026-09-16T09:05:50.5285834Z [175/190] Generating benchmark_base64_roundtrip_v2_opt.rxbin
2026-09-16T09:05:51.5579085Z [176/190] Generating benchmark_parse_frozen_opt.rxbin
2026-09-16T09:05:52.3653210Z [177/190] Generating benchmark_awfy_nbody_opt.rxbin
2026-09-16T09:05:52.4766743Z [178/190] Generating benchmark_rexxcps_levelb_opt.rxbin
2026-09-16T09:05:53.6486532Z [179/190] Generating benchmark_runner_opt.rxbin
2026-09-16T09:05:53.8510032Z [180/190] Linking C executable tests\rxc_classdecl_static.exe
2026-09-16T09:05:54.0243762Z [181/190] Linking C executable tests\testvm.exe
2026-09-16T09:05:54.3957432Z [182/190] Generating benchmark_rexxcps_levelb_opaque_opt.rxbin
2026-09-16T09:05:54.6780721Z [183/190] Generating rxpa_dynlink_run_noopt.rxbin
2026-09-16T09:05:55.1524154Z [184/190] Generating rxpa_staticlink_run_noopt.rxbin
2026-09-16T09:05:55.5274148Z [185/190] Generating rxpa_signal_funcs_dynamic_noopt.rxbin
2026-09-16T09:05:56.0491728Z [186/190] Generating rxpa_native_payload_funcs_dynamic_noopt.rxbin
2026-09-16T09:05:56.3958833Z [187/190] Generating rxpa_native_unwind_funcs_dynamic_noopt.rxbin
2026-09-16T09:05:56.8152108Z [188/190] Generating rxpa_mult_test_noopt.rxbin
2026-09-16T09:05:56.8152793Z [188/190] Running essential and smoke QA
2026-09-16T09:05:56.8562289Z Test project D:/a/_temp/core-build
2026-09-16T09:05:56.9683902Z         Start    1: rxsha256_unit
2026-09-16T09:05:56.9739457Z         Start    3: crexx_contract_generation
2026-09-16T09:05:56.9850334Z         Start   16: rxas_invalid_diagnostic
2026-09-16T09:05:57.0120512Z         Start   23: rxc_function_lookup_diagnostic
2026-09-16T09:05:57.0366561Z         Start   30: rxc_constants_levelb
2026-09-16T09:05:57.0463205Z   1/152 Test    #1: rxsha256_unit ...................................   Passed    0.07 sec
2026-09-16T09:05:57.0532346Z         Start   41: 01_assign_noopt
2026-09-16T09:05:57.1612355Z   2/152 Test   #16: rxas_invalid_diagnostic .........................   Passed    0.18 sec
2026-09-16T09:05:57.1656494Z         Start   46: 03_calc_opt
2026-09-16T09:05:58.1906345Z   3/152 Test   #23: rxc_function_lookup_diagnostic ..................   Passed    1.20 sec
2026-09-16T09:05:58.2054135Z         Start   69: 07_loops_noopt
2026-09-16T09:05:58.2854080Z   4/152 Test   #41: 01_assign_noopt .................................   Passed    1.23 sec
2026-09-16T09:05:58.2872966Z         Start   72: 08_select_opt
2026-09-16T09:05:58.4887301Z   5/152 Test   #46: 03_calc_opt .....................................   Passed    1.32 sec
2026-09-16T09:05:58.5020778Z         Start   91: 10_procs_noopt
2026-09-16T09:05:59.6252371Z   6/152 Test   #69: 07_loops_noopt ..................................   Passed    1.43 sec
2026-09-16T09:05:59.6319113Z         Start  118: 15_imports_opt
2026-09-16T09:05:59.7029505Z   7/152 Test   #72: 08_select_opt ...................................   Passed    1.42 sec
2026-09-16T09:05:59.7132939Z         Start  122: err_01_type_fail
2026-09-16T09:05:59.8430497Z   8/152 Test   #30: rxc_constants_levelb ............................   Passed    2.85 sec
2026-09-16T09:05:59.8459421Z         Start  123: err_02_syntax_fail
2026-09-16T09:05:59.9028597Z   9/152 Test   #91: 10_procs_noopt ..................................   Passed    1.41 sec
2026-09-16T09:05:59.9098010Z         Start  126: err_06_missing_method_fail
2026-09-16T09:05:59.9976366Z  10/152 Test  #123: err_02_syntax_fail ..............................   Passed    0.16 sec
2026-09-16T09:06:00.0030582Z         Start  215: unused_import_warn
2026-09-16T09:06:00.6896552Z  11/152 Test  #118: 15_imports_opt ..................................   Passed    1.06 sec
2026-09-16T09:06:00.7260460Z         Start  401: repro_opt_args_run_noopt
2026-09-16T09:06:00.7302538Z  12/152 Test  #122: err_01_type_fail ................................   Passed    1.02 sec
2026-09-16T09:06:00.7399011Z         Start  417: basic_arrays_run_noopt
2026-09-16T09:06:00.9201246Z  13/152 Test  #126: err_06_missing_method_fail ......................   Passed    1.02 sec
2026-09-16T09:06:00.9313881Z         Start  449: 13_stems_run_noopt
2026-09-16T09:06:01.0342470Z  14/152 Test  #215: unused_import_warn ..............................   Passed    1.03 sec
2026-09-16T09:06:01.0527056Z         Start  471: optional_arg_presence_copy_run_noopt
2026-09-16T09:06:01.8792653Z  15/152 Test  #401: repro_opt_args_run_noopt ........................   Passed    1.19 sec
2026-09-16T09:06:01.8825396Z         Start  509: interface_runtime_dispatch_multi_run_noopt
2026-09-16T09:06:01.8852395Z  16/152 Test  #417: basic_arrays_run_noopt ..........................   Passed    1.15 sec
2026-09-16T09:06:01.8853229Z         Start  584: interface_source_import_run_noopt
2026-09-16T09:06:02.0336358Z  17/152 Test    #3: crexx_contract_generation .......................   Passed    5.06 sec
2026-09-16T09:06:02.0365781Z         Start  623: source_import_contract_stub_implements
2026-09-16T09:06:02.2088797Z  18/152 Test  #449: 13_stems_run_noopt ..............................   Passed    1.29 sec
2026-09-16T09:06:02.2121532Z         Start  624: source_import_optional_factory_arg
2026-09-16T09:06:02.2896998Z  19/152 Test  #471: optional_arg_presence_copy_run_noopt ............   Passed    1.26 sec
2026-09-16T09:06:02.3154722Z         Start  916: levelc_slice1_pool_say
2026-09-16T09:06:03.2376933Z  20/152 Test  #509: interface_runtime_dispatch_multi_run_noopt ......   Passed    1.36 sec
2026-09-16T09:06:03.2529560Z         Start  930: levelc_slice6_expressions
2026-09-16T09:06:03.3277723Z  21/152 Test  #623: source_import_contract_stub_implements ..........   Passed    1.29 sec
2026-09-16T09:06:03.3340400Z         Start  939: address_bridge
2026-09-16T09:06:03.4228176Z  22/152 Test  #624: source_import_optional_factory_arg ..............   Passed    1.21 sec
2026-09-16T09:06:03.4310289Z         Start  944: address_callback_host
2026-09-16T09:06:03.4746833Z  23/152 Test  #944: address_callback_host ...........................   Passed    0.05 sec
2026-09-16T09:06:03.4823303Z         Start  946: dynamic_load
2026-09-16T09:06:03.5418264Z  24/152 Test  #946: dynamic_load ....................................   Passed    0.06 sec
2026-09-16T09:06:03.5495799Z         Start  949: crexxsaa_variables
2026-09-16T09:06:03.6265860Z  25/152 Test  #949: crexxsaa_variables ..............................   Passed    0.08 sec
2026-09-16T09:06:03.6293661Z         Start  950: crexxsaa_status
2026-09-16T09:06:03.8145500Z  26/152 Test  #939: address_bridge ..................................   Passed    0.49 sec
2026-09-16T09:06:03.8154834Z         Start  951: source_provenance
2026-09-16T09:06:03.8179283Z  27/152 Test  #916: levelc_slice1_pool_say ..........................   Passed    1.52 sec
2026-09-16T09:06:03.8432328Z         Start  952: rxc_srcmap
2026-09-16T09:06:03.8530611Z  28/152 Test  #951: source_provenance ...............................   Passed    0.04 sec
2026-09-16T09:06:03.8572026Z         Start  954: trace_stem_sugar
2026-09-16T09:06:04.3610581Z  29/152 Test  #584: interface_source_import_run_noopt ...............   Passed    2.47 sec
2026-09-16T09:06:04.3655438Z         Start  955: rxc_diagnostic_catalogs
2026-09-16T09:06:05.5288008Z  30/152 Test  #930: levelc_slice6_expressions .......................   Passed    2.29 sec
2026-09-16T09:06:05.5316650Z         Start 1046: rxlink_success_run
2026-09-16T09:06:05.5483762Z  31/152 Test #1046: rxlink_success_run ..............................   Passed    0.02 sec
2026-09-16T09:06:05.5501595Z         Start 1047: rxlink_control_run
2026-09-16T09:06:05.5621995Z  32/152 Test #1047: rxlink_control_run ..............................   Passed    0.02 sec
2026-09-16T09:06:05.5645627Z         Start 1049: rxlink_interface_run
2026-09-16T09:06:05.6077037Z  33/152 Test #1049: rxlink_interface_run ............................   Passed    0.04 sec
2026-09-16T09:06:05.6199198Z         Start 1052: rxlink_format_check
2026-09-16T09:06:05.6697482Z  34/152 Test #1052: rxlink_format_check .............................   Passed    0.05 sec
2026-09-16T09:06:05.6723849Z         Start 1056: rxlink_signature_mismatch_error
2026-09-16T09:06:05.8530104Z  35/152 Test #1056: rxlink_signature_mismatch_error .................   Passed    0.19 sec
2026-09-16T09:06:05.8667526Z         Start 1058: rxlink_rxdas_inline_preserve_smoke
2026-09-16T09:06:05.9898998Z  36/152 Test #1058: rxlink_rxdas_inline_preserve_smoke ..............   Passed    0.14 sec
2026-09-16T09:06:05.9950023Z         Start 1060: rxdas_roundtrip_basic
2026-09-16T09:06:05.9969622Z  37/152 Test  #950: crexxsaa_status .................................   Passed    2.37 sec
2026-09-16T09:06:05.9970481Z         Start 1065: rxdas_graph_error
2026-09-16T09:06:06.0788608Z  38/152 Test #1065: rxdas_graph_error ...............................   Passed    0.08 sec
2026-09-16T09:06:06.0821041Z         Start 1066: rxdas_roundtrip_interfaces
2026-09-16T09:06:06.1672627Z  39/152 Test #1060: rxdas_roundtrip_basic ...........................   Passed    0.18 sec
2026-09-16T09:06:06.1700288Z         Start 1070: rxdas_roundtrip_large_binary_alias
2026-09-16T09:06:06.2626861Z  40/152 Test #1066: rxdas_roundtrip_interfaces ......................   Passed    0.19 sec
2026-09-16T09:06:06.2688263Z         Start 1074: rxdas_dump_support
2026-09-16T09:06:06.2855172Z  41/152 Test #1074: rxdas_dump_support ..............................   Passed    0.02 sec
2026-09-16T09:06:06.2874662Z         Start 1104: crexxsaa_cache_tool_location
2026-09-16T09:06:06.3029240Z  42/152 Test #1104: crexxsaa_cache_tool_location ....................   Passed    0.02 sec
2026-09-16T09:06:06.3160065Z         Start 1106: rxpa_utf_validation
2026-09-16T09:06:06.3642110Z  43/152 Test #1106: rxpa_utf_validation .............................   Passed    0.06 sec
2026-09-16T09:06:06.3725699Z         Start 1107: ts_regvalue_tester
2026-09-16T09:06:06.3841159Z  44/152 Test #1107: ts_regvalue_tester ..............................   Passed    0.02 sec
2026-09-16T09:06:06.3872089Z         Start 1110: rxassignalstests
2026-09-16T09:06:06.3904395Z  45/152 Test #1070: rxdas_roundtrip_large_binary_alias ..............   Passed    0.22 sec
2026-09-16T09:06:06.4150509Z         Start 1119: rxasregisterflagtests
2026-09-16T09:06:06.4298886Z  46/152 Test #1119: rxasregisterflagtests ...........................   Passed    0.04 sec
2026-09-16T09:06:06.4420236Z         Start 1120: rxasutfflagtests
2026-09-16T09:06:06.4467060Z  47/152 Test #1120: rxasutfflagtests ................................   Passed    0.02 sec
2026-09-16T09:06:06.4509215Z         Start 1124: rxasreferencetests
2026-09-16T09:06:06.4696243Z  48/152 Test #1124: rxasreferencetests ..............................   Passed    0.02 sec
2026-09-16T09:06:06.4768935Z         Start 1156: rxasbasictests
2026-09-16T09:06:06.4904087Z  49/152 Test #1156: rxasbasictests ..................................   Passed    0.02 sec
2026-09-16T09:06:06.4940753Z         Start 1167: compact_format_check
2026-09-16T09:06:06.5091414Z  50/152 Test #1110: rxassignalstests ................................   Passed    0.12 sec
2026-09-16T09:06:06.5170766Z         Start 1168: rxasstringtests
2026-09-16T09:06:06.5195936Z  51/152 Test #1167: compact_format_check ............................   Passed    0.02 sec
2026-09-16T09:06:06.5214556Z         Start 1228: rxasdecimaltests-mc
2026-09-16T09:06:06.5248662Z  52/152 Test #1168: rxasstringtests .................................   Passed    0.02 sec
2026-09-16T09:06:06.5280953Z         Start 1233: rxasinterfacetests
2026-09-16T09:06:06.5332018Z  53/152 Test #1228: rxasdecimaltests-mc .............................   Passed    0.02 sec
2026-09-16T09:06:06.5389528Z         Start 1240: reentrancy_check
2026-09-16T09:06:06.5516689Z  54/152 Test #1240: reentrancy_check ................................   Passed    0.01 sec
2026-09-16T09:06:06.5622996Z         Start 1304: db_decimal_archive_link
2026-09-16T09:06:06.5660784Z  55/152 Test #1233: rxasinterfacetests ..............................   Passed    0.03 sec
2026-09-16T09:06:06.5761399Z         Start 1313: rxpp_smoke
2026-09-16T09:06:06.5963314Z  56/152 Test #1304: db_decimal_archive_link .........................   Passed    0.02 sec
2026-09-16T09:06:06.6004751Z         Start 1314: rxpp_srcmap
2026-09-16T09:06:06.7257927Z  57/152 Test  #954: trace_stem_sugar ................................   Passed    2.87 sec
2026-09-16T09:06:06.7289402Z         Start 1315: rxpp_relative_include
2026-09-16T09:06:06.8495721Z  58/152 Test  #952: rxc_srcmap ......................................   Passed    3.03 sec
2026-09-16T09:06:06.8652435Z         Start 1316: rxpp_script_macro_exact_match
2026-09-16T09:06:06.9447313Z  59/152 Test #1315: rxpp_relative_include ...........................   Passed    0.22 sec
2026-09-16T09:06:06.9647427Z         Start 1317: rxpp_loadmacro
2026-09-16T09:06:07.0788465Z  60/152 Test #1316: rxpp_script_macro_exact_match ...................   Passed    0.23 sec
2026-09-16T09:06:07.0824738Z         Start 1318: rxpp_diagnostics
2026-09-16T09:06:07.2465122Z  61/152 Test #1317: rxpp_loadmacro ..................................   Passed    0.30 sec
2026-09-16T09:06:07.2551963Z         Start 1466: ts_parse_noopt
2026-09-16T09:06:07.3241497Z  62/152 Test #1466: ts_parse_noopt ..................................   Passed    0.08 sec
2026-09-16T09:06:07.3270046Z         Start 1566: ts_stem_noopt
2026-09-16T09:06:07.4523209Z  63/152 Test #1566: ts_stem_noopt ...................................   Passed    0.13 sec
2026-09-16T09:06:07.4559683Z         Start 1568: ts_rxjson_noopt
2026-09-16T09:06:07.4971164Z  64/152 Test #1568: ts_rxjson_noopt .................................   Passed    0.05 sec
2026-09-16T09:06:07.5003481Z         Start 1576: ts_rxsocket_noopt
2026-09-16T09:06:07.6872331Z  65/152 Test #1576: ts_rxsocket_noopt ...............................   Passed    0.19 sec
2026-09-16T09:06:07.6905630Z         Start 1613: ts_tinyexpr_noopt
2026-09-16T09:06:07.7880383Z  66/152 Test #1613: ts_tinyexpr_noopt ...............................   Passed    0.09 sec
2026-09-16T09:06:07.8018752Z         Start 1631: rxfloat_contract_surface_coverage
2026-09-16T09:06:07.8499469Z  67/152 Test #1631: rxfloat_contract_surface_coverage ...............   Passed    0.07 sec
2026-09-16T09:06:07.8563696Z         Start 1645: stack_test_noopt
2026-09-16T09:06:07.9140999Z  68/152 Test #1645: stack_test_noopt ................................   Passed    0.05 sec
2026-09-16T09:06:07.9186756Z         Start 1666: strings_test_noopt
2026-09-16T09:06:07.9919587Z  69/152 Test #1666: strings_test_noopt ..............................   Passed    0.09 sec
2026-09-16T09:06:08.0032910Z         Start 1670: keyaccess_test_noopt
2026-09-16T09:06:08.0738683Z  70/152 Test #1670: keyaccess_test_noopt ............................   Passed    0.08 sec
2026-09-16T09:06:08.0837004Z         Start 1672: keyaccess_compact_failure
2026-09-16T09:06:08.0980706Z  71/152 Test #1672: keyaccess_compact_failure .......................   Passed    0.02 sec
2026-09-16T09:06:08.1014797Z         Start 1694: map_test_noopt
2026-09-16T09:06:08.1836053Z  72/152 Test #1694: map_test_noopt ..................................   Passed    0.07 sec
2026-09-16T09:06:08.1836885Z         Start 1712: testStringArrayList_noopt
2026-09-16T09:06:08.3355411Z  73/152 Test  #955: rxc_diagnostic_catalogs .........................   Passed    3.98 sec
2026-09-16T09:06:08.3373437Z         Start 1714: testStringHashMap_noopt
2026-09-16T09:06:08.3429650Z  74/152 Test #1712: testStringArrayList_noopt .......................   Passed    0.17 sec
2026-09-16T09:06:08.3472866Z         Start 1726: testObjectCollections_noopt
2026-09-16T09:06:08.4917191Z  75/152 Test #1714: testStringHashMap_noopt .........................   Passed    0.15 sec
2026-09-16T09:06:08.4945766Z         Start 1744: testJSON_noopt
2026-09-16T09:06:08.5496542Z  76/152 Test #1726: testObjectCollections_noopt .....................   Passed    0.20 sec
2026-09-16T09:06:08.5535594Z         Start 1754: testOS_noopt
2026-09-16T09:06:08.5717225Z  77/152 Test #1313: rxpp_smoke ......................................   Passed    2.00 sec
2026-09-16T09:06:08.5737230Z         Start 1789: rxunicode_contract_surface
2026-09-16T09:06:08.6151487Z  78/152 Test #1754: testOS_noopt ....................................   Passed    0.06 sec
2026-09-16T09:06:08.6184141Z         Start 1795: rcc5c_math_contract_surface_coverage
2026-09-16T09:06:08.6294764Z  79/152 Test #1789: rxunicode_contract_surface ......................   Passed    0.07 sec
2026-09-16T09:06:08.6331192Z         Start 1796: ts_math_integer_contract_rxbvm_noopt
2026-09-16T09:06:08.6500274Z  80/152 Test #1744: testJSON_noopt ..................................   Passed    0.16 sec
2026-09-16T09:06:08.6600723Z         Start 1797: ts_math_integer_contract_rxbvm_opt
2026-09-16T09:06:08.6751502Z  81/152 Test #1795: rcc5c_math_contract_surface_coverage ............   Passed    0.06 sec
2026-09-16T09:06:08.6756770Z         Start 1798: ts_math_integer_contract_rxtvm_noopt
2026-09-16T09:06:08.7149248Z  82/152 Test #1314: rxpp_srcmap .....................................   Passed    2.15 sec
2026-09-16T09:06:08.7172982Z         Start 1799: ts_math_integer_contract_rxtvm_opt
2026-09-16T09:06:08.9486321Z  83/152 Test #1796: ts_math_integer_contract_rxbvm_noopt ............   Passed    0.32 sec
2026-09-16T09:06:08.9518811Z         Start 1800: ts_math_decimal_contract_rxbvm_noopt
2026-09-16T09:06:08.9972969Z  84/152 Test #1798: ts_math_integer_contract_rxtvm_noopt ............   Passed    0.32 sec
2026-09-16T09:06:08.9991484Z         Start 1801: ts_math_decimal_contract_rxbvm_opt
2026-09-16T09:06:09.3254787Z  85/152 Test #1800: ts_math_decimal_contract_rxbvm_noopt ............   Passed    0.38 sec
2026-09-16T09:06:09.3288583Z         Start 1802: ts_math_decimal_contract_rxtvm_noopt
2026-09-16T09:06:09.6652625Z  86/152 Test #1802: ts_math_decimal_contract_rxtvm_noopt ............   Passed    0.33 sec
2026-09-16T09:06:09.6728363Z         Start 1803: ts_math_decimal_contract_rxtvm_opt
2026-09-16T09:06:09.8463059Z  87/152 Test #1318: rxpp_diagnostics ................................   Passed    2.77 sec
2026-09-16T09:06:09.8536086Z         Start 1832: ts_llm_providers_noopt
2026-09-16T09:06:11.3128223Z  88/152 Test #1832: ts_llm_providers_noopt ..........................   Passed    1.47 sec
2026-09-16T09:06:11.3174837Z         Start 1867: testRexxValue_noopt
2026-09-16T09:06:11.3427884Z  89/152 Test #1797: ts_math_integer_contract_rxbvm_opt ..............   Passed    2.69 sec
2026-09-16T09:06:11.3451008Z         Start 1869: testRexxRuntimePools_noopt
2026-09-16T09:06:11.3590087Z  90/152 Test #1799: ts_math_integer_contract_rxtvm_opt ..............   Passed    2.64 sec
2026-09-16T09:06:11.3764448Z         Start 1871: testRexxClassicBifs_noopt
2026-09-16T09:06:11.5354422Z  91/152 Test #1867: testRexxValue_noopt .............................   Passed    0.22 sec
2026-09-16T09:06:11.5427063Z         Start 1986: testRexxScriptRuntime_noopt
2026-09-16T09:06:11.5451783Z  92/152 Test #1869: testRexxRuntimePools_noopt ......................   Passed    0.20 sec
2026-09-16T09:06:11.5457594Z         Start 1988: testRexxScriptCompat_noopt
2026-09-16T09:06:11.5785781Z  93/152 Test #1871: testRexxClassicBifs_noopt .......................   Passed    0.22 sec
2026-09-16T09:06:11.5831912Z         Start 1990: rexxscript_cli_smoke
2026-09-16T09:06:11.7395321Z  94/152 Test #1801: ts_math_decimal_contract_rxbvm_opt ..............   Passed    2.74 sec
2026-09-16T09:06:11.7434575Z         Start 2010: rxas_optimizer_copy_acopy_opt
2026-09-16T09:06:11.7529330Z  95/152 Test #1986: testRexxScriptRuntime_noopt .....................   Passed    0.22 sec
2026-09-16T09:06:11.7601568Z         Start 2121: benchmark_awfy_sieve_opt
2026-09-16T09:06:11.7716537Z  96/152 Test #1988: testRexxScriptCompat_noopt ......................   Passed    0.22 sec
2026-09-16T09:06:11.7853372Z         Start 2123: benchmark_awfy_permute_opt
2026-09-16T09:06:11.8142801Z  97/152 Test #1990: rexxscript_cli_smoke ............................   Passed    0.24 sec
2026-09-16T09:06:11.8171267Z         Start 2125: benchmark_awfy_mandelbrot_opt
2026-09-16T09:06:11.9044205Z  98/152 Test #2010: rxas_optimizer_copy_acopy_opt ...................   Passed    0.16 sec
2026-09-16T09:06:11.9071298Z         Start 2127: benchmark_awfy_mandelbrot_hoisted_control_opt
2026-09-16T09:06:11.9089484Z  99/152 Test #2121: benchmark_awfy_sieve_opt ........................   Passed    0.15 sec
2026-09-16T09:06:11.9117843Z         Start 2129: benchmark_awfy_towers_opt
2026-09-16T09:06:11.9281468Z 100/152 Test #2123: benchmark_awfy_permute_opt ......................   Passed    0.16 sec
2026-09-16T09:06:11.9324344Z         Start 2131: benchmark_awfy_bounce_opt
2026-09-16T09:06:11.9329591Z 101/152 Test #2125: benchmark_awfy_mandelbrot_opt ...................   Passed    0.12 sec
2026-09-16T09:06:11.9363953Z         Start 2133: benchmark_awfy_storage_opt
2026-09-16T09:06:12.0482240Z 102/152 Test #2127: benchmark_awfy_mandelbrot_hoisted_control_opt ...   Passed    0.14 sec
2026-09-16T09:06:12.0488395Z         Start 2135: benchmark_awfy_list_opt
2026-09-16T09:06:12.0892645Z 103/152 Test #2131: benchmark_awfy_bounce_opt .......................   Passed    0.16 sec
2026-09-16T09:06:12.1071589Z         Start 2137: benchmark_awfy_richards_opt
2026-09-16T09:06:12.1322423Z 104/152 Test #2129: benchmark_awfy_towers_opt .......................   Passed    0.22 sec
2026-09-16T09:06:12.1363430Z         Start 2139: benchmark_awfy_queens_opt
2026-09-16T09:06:12.2105093Z 105/152 Test #2135: benchmark_awfy_list_opt .........................   Passed    0.16 sec
2026-09-16T09:06:12.2266774Z         Start 2141: benchmark_awfy_deltablue_opt
2026-09-16T09:06:12.2666763Z 106/152 Test #1803: ts_math_decimal_contract_rxtvm_opt ..............   Passed    2.61 sec
2026-09-16T09:06:12.2700653Z         Start 2143: benchmark_awfy_cd_opt
2026-09-16T09:06:12.2760848Z 107/152 Test #2139: benchmark_awfy_queens_opt .......................   Passed    0.14 sec
2026-09-16T09:06:12.2829924Z         Start 2145: benchmark_awfy_havlak_opt
2026-09-16T09:06:12.3228361Z 108/152 Test #2137: benchmark_awfy_richards_opt .....................   Passed    0.23 sec
2026-09-16T09:06:12.3273838Z         Start 2147: benchmark_awfy_json_opt
2026-09-16T09:06:12.4225881Z 109/152 Test #2141: benchmark_awfy_deltablue_opt ....................   Passed    0.21 sec
2026-09-16T09:06:12.4301964Z         Start 2149: benchmark_json_parser_opt
2026-09-16T09:06:12.4770519Z 110/152 Test #2143: benchmark_awfy_cd_opt ...........................   Passed    0.21 sec
2026-09-16T09:06:12.4816798Z         Start 2151: benchmark_json_parse_opt
2026-09-16T09:06:12.4998523Z 111/152 Test #2133: benchmark_awfy_storage_opt ......................   Passed    0.56 sec
2026-09-16T09:06:12.5042387Z         Start 2153: benchmark_json_query_opt
2026-09-16T09:06:12.5086211Z 112/152 Test #2147: benchmark_awfy_json_opt .........................   Passed    0.18 sec
2026-09-16T09:06:12.5118295Z         Start 2155: benchmark_base64_roundtrip_opt
2026-09-16T09:06:12.5827413Z 113/152 Test #2149: benchmark_json_parser_opt .......................   Passed    0.16 sec
2026-09-16T09:06:12.5851815Z         Start 2157: benchmark_base64_roundtrip_v2_opt
2026-09-16T09:06:12.6387631Z 114/152 Test #2151: benchmark_json_parse_opt ........................   Passed    0.16 sec
2026-09-16T09:06:12.6427926Z         Start 2159: benchmark_parse_frozen_opt
2026-09-16T09:06:12.6484949Z 115/152 Test #2155: benchmark_base64_roundtrip_opt ..................   Passed    0.14 sec
2026-09-16T09:06:12.6570575Z         Start 2163: benchmark_rexxcps_levelb_opt
2026-09-16T09:06:12.6937402Z 116/152 Test #2153: benchmark_json_query_opt ........................   Passed    0.19 sec
2026-09-16T09:06:12.7000346Z         Start 2165: benchmark_awfy_nbody_opt
2026-09-16T09:06:12.7288476Z 117/152 Test #2157: benchmark_base64_roundtrip_v2_opt ...............   Passed    0.15 sec
2026-09-16T09:06:12.7362118Z         Start 2168: benchmark_rexxcps_levelb_opaque_opt
2026-09-16T09:06:12.7832902Z 118/152 Test #2159: benchmark_parse_frozen_opt ......................   Passed    0.14 sec
2026-09-16T09:06:12.7886855Z         Start 2170: benchmark_runner_opt
2026-09-16T09:06:12.8404630Z 119/152 Test #2165: benchmark_awfy_nbody_opt ........................   Passed    0.15 sec
2026-09-16T09:06:12.8488773Z         Start 2371: rxpa_dynlink_run_noopt
2026-09-16T09:06:12.9146096Z 120/152 Test #2371: rxpa_dynlink_run_noopt ..........................   Passed    0.07 sec
2026-09-16T09:06:12.9480921Z         Start 2373: rxpa_staticlink_run_noopt
2026-09-16T09:06:12.9599624Z 121/152 Test #2168: benchmark_rexxcps_levelb_opaque_opt .............   Passed    0.22 sec
2026-09-16T09:06:12.9622771Z         Start 2383: rxpa_classdecl_static_compile_opt
2026-09-16T09:06:12.9929448Z 122/152 Test #2373: rxpa_staticlink_run_noopt .......................   Passed    0.07 sec
2026-09-16T09:06:12.9939106Z         Start 2386: rxpa_signal_funcs_dynamic_noopt
2026-09-16T09:06:13.2958308Z 123/152 Test #2386: rxpa_signal_funcs_dynamic_noopt .................   Passed    0.31 sec
2026-09-16T09:06:13.3239766Z         Start 2406: rxpa_native_payload_funcs_dynamic_noopt
2026-09-16T09:06:13.4572744Z 124/152 Test #2406: rxpa_native_payload_funcs_dynamic_noopt .........   Passed    0.14 sec
2026-09-16T09:06:13.4707357Z         Start 2410: rxpa_native_unwind_funcs_dynamic_noopt
2026-09-16T09:06:13.6017699Z 125/152 Test #2410: rxpa_native_unwind_funcs_dynamic_noopt ..........   Passed    0.16 sec
2026-09-16T09:06:13.6040768Z         Start 2414: rxpa_mult_test_noopt
2026-09-16T09:06:13.6999090Z 126/152 Test #2414: rxpa_mult_test_noopt ............................   Passed    0.10 sec
2026-09-16T09:06:13.7037972Z         Start 2416: rxbin_autoload_contract
2026-09-16T09:06:13.9632572Z 127/152 Test #2383: rxpa_classdecl_static_compile_opt ...............   Passed    1.01 sec
2026-09-16T09:06:13.9684395Z         Start 2417: crexx_help_smoke
2026-09-16T09:06:14.0841711Z 128/152 Test #2163: benchmark_rexxcps_levelb_opt ....................   Passed    1.44 sec
2026-09-16T09:06:14.1420640Z 129/152 Test #2417: crexx_help_smoke ................................   Passed    0.18 sec
2026-09-16T09:06:14.1440486Z         Start 2418: crexx_headerless_simple_smoke
2026-09-16T09:06:14.2342738Z 130/152 Test #2416: rxbin_autoload_contract .........................   Passed    0.54 sec
2026-09-16T09:06:14.8300157Z 131/152 Test #2170: benchmark_runner_opt ............................   Passed    2.05 sec
2026-09-16T09:06:16.1369982Z 132/152 Test #2418: crexx_headerless_simple_smoke ...................   Passed    1.99 sec
2026-09-16T09:06:16.1375450Z         Start 2422: crexx_args_smoke
2026-09-16T09:06:17.1041570Z 133/152 Test #2422: crexx_args_smoke ................................   Passed    0.97 sec
2026-09-16T09:06:17.1046345Z         Start 2423: crexx_rexxscript_smoke
2026-09-16T09:06:18.0461664Z 134/152 Test #2423: crexx_rexxscript_smoke ..........................   Passed    0.94 sec
2026-09-16T09:06:18.0466123Z         Start 2424: crexx_levelc_classic_runtime_smoke
2026-09-16T09:06:19.9777791Z 135/152 Test #2424: crexx_levelc_classic_runtime_smoke ..............   Passed    1.93 sec
2026-09-16T09:06:19.9781897Z         Start 2425: crexx_status_diagnostics
2026-09-16T09:06:21.7647622Z 136/152 Test #2145: benchmark_awfy_havlak_opt .......................   Passed    9.49 sec
2026-09-16T09:06:21.9293617Z 137/152 Test #2425: crexx_status_diagnostics ........................   Passed    1.95 sec
2026-09-16T09:06:21.9297511Z         Start 1332: ts_address_noopt
2026-09-16T09:06:22.0201672Z 138/152 Test #1332: ts_address_noopt ................................   Passed    0.09 sec
2026-09-16T09:06:22.0205737Z         Start 2116: QUIT
2026-09-16T09:06:22.1193667Z 139/152 Test #2116: QUIT ............................................   Passed    0.10 sec
2026-09-16T09:06:22.1200000Z         Start 2432: crexx_project_build_contract
2026-09-16T09:06:26.4106885Z 140/152 Test #2432: crexx_project_build_contract ....................***Failed    4.29 sec
2026-09-16T09:06:26.4107414Z -- project contract: clean optimized library build
2026-09-16T09:06:26.4107784Z -- project contract: immediate project no-op
2026-09-16T09:06:26.4108126Z -- project contract: changed declared source closure
2026-09-16T09:06:26.4108472Z -- project contract: malformed dependency snapshot
2026-09-16T09:06:26.4108837Z -- project contract: changed compiler option --nooptimize
2026-09-16T09:06:26.4109295Z CMake Error at D:/a/CREXX/CREXX/bin/tests/crexx_project_build.cmake:15 (message):
2026-09-16T09:06:26.4109716Z   changed compiler option --nooptimize failed (1)
2026-09-16T09:06:26.4109924Z 
2026-09-16T09:06:26.4110012Z   stdout:
2026-09-16T09:06:26.4110133Z 
2026-09-16T09:06:26.4110235Z   WAVE: project compile/assemble jobs=2
2026-09-16T09:06:26.4110753Z 
2026-09-16T09:06:26.4110869Z   START: project member projectalpha
2026-09-16T09:06:26.4111040Z 
2026-09-16T09:06:26.4111196Z   START: project member projectbeta
2026-09-16T09:06:26.4111468Z 
2026-09-16T09:06:26.4111601Z   BUILT: project member projectbeta
2026-09-16T09:06:26.4111853Z 
2026-09-16T09:06:26.4111858Z 
2026-09-16T09:06:26.4111863Z 
2026-09-16T09:06:26.4111979Z   stderr:
2026-09-16T09:06:26.4112136Z 
2026-09-16T09:06:26.4112302Z Call Stack (most recent call first):
2026-09-16T09:06:26.4112903Z   D:/a/CREXX/CREXX/bin/tests/crexx_project_build.cmake:134 (run_checked)
2026-09-16T09:06:26.4113612Z 
2026-09-16T09:06:26.4113619Z 
2026-09-16T09:06:26.4113625Z 
2026-09-16T09:06:26.4113806Z         Start 2433: crexx_rxpp_builddir
2026-09-16T09:06:27.3345829Z 141/152 Test #2433: crexx_rxpp_builddir .............................   Passed    0.92 sec
2026-09-16T09:06:27.3349703Z         Start 2434: crexx_rxpp_metadata_link
2026-09-16T09:06:30.9641232Z 142/152 Test #2434: crexx_rxpp_metadata_link ........................   Passed    3.63 sec
2026-09-16T09:06:30.9644843Z         Start 2435: crexx_rxpp_metadata_link_invalid_source
2026-09-16T09:06:31.8355385Z 143/152 Test #2435: crexx_rxpp_metadata_link_invalid_source .........   Passed    0.87 sec
2026-09-16T09:06:31.8359008Z         Start 2436: crexx_rxpp_metadata_external_bare
2026-09-16T09:06:33.3497649Z 144/152 Test #2436: crexx_rxpp_metadata_external_bare ...............   Passed    1.51 sec
2026-09-16T09:06:33.3501340Z         Start 2437: crexx_rxpp_metadata_external_spaces
2026-09-16T09:06:34.8804622Z 145/152 Test #2437: crexx_rxpp_metadata_external_spaces .............   Passed    1.53 sec
2026-09-16T09:06:34.8810433Z         Start 2438: crexx_rxpp_metadata_external_names
2026-09-16T09:06:35.5789992Z 146/152 Test #2438: crexx_rxpp_metadata_external_names ..............   Passed    0.70 sec
2026-09-16T09:06:35.5793267Z         Start 2439: crexx_rxpp_metadata_external_missing
2026-09-16T09:06:36.3450185Z 147/152 Test #2439: crexx_rxpp_metadata_external_missing ............   Passed    0.77 sec
2026-09-16T09:06:36.3453801Z         Start 2440: crexx_rxpp_metadata_norun
2026-09-16T09:06:39.9754718Z 148/152 Test #2440: crexx_rxpp_metadata_norun .......................   Passed    3.63 sec
2026-09-16T09:06:39.9760161Z         Start 2441: crexx_source_root_compile_only
2026-09-16T09:06:40.7209319Z 149/152 Test #2441: crexx_source_root_compile_only ..................   Passed    0.74 sec
2026-09-16T09:06:40.7213860Z         Start 2445: crexx_native_explicit_header_smoke
2026-09-16T09:06:41.6794564Z 150/152 Test #2445: crexx_native_explicit_header_smoke ..............   Passed    0.96 sec
2026-09-16T09:06:41.6798708Z         Start 2447: crexx_native_rx_hash_provider
2026-09-16T09:06:42.6673664Z 151/152 Test #2447: crexx_native_rx_hash_provider ...................   Passed    0.99 sec
2026-09-16T09:06:42.6677423Z         Start 2448: crexx_native_default_link_strip
2026-09-16T09:06:43.6085147Z 152/152 Test #2448: crexx_native_default_link_strip .................   Passed    0.94 sec
2026-09-16T09:06:43.6098229Z 
2026-09-16T09:06:43.6098879Z 99% tests passed, 1 tests failed out of 152
2026-09-16T09:06:43.6100682Z 
2026-09-16T09:06:43.6101155Z Label Time Summary:
2026-09-16T09:06:43.6101889Z assembler                            =   0.54 sec*proc (1 test)
2026-09-16T09:06:43.6102531Z autoload                             =   4.83 sec*proc (2 tests)
2026-09-16T09:06:43.6103415Z benchmark                            =  16.94 sec*proc (24 tests)
2026-09-16T09:06:43.6104077Z binutils                             =   5.06 sec*proc (1 test)
2026-09-16T09:06:43.6104669Z build                                =  17.85 sec*proc (9 tests)
2026-09-16T09:06:43.6105257Z canonical-contract                   =   2.05 sec*proc (1 test)
2026-09-16T09:06:43.6105890Z classlib                             =   0.06 sec*proc (1 test)
2026-09-16T09:06:43.6106451Z compiler                             =  26.09 sec*proc (16 tests)
2026-09-16T09:06:43.6108359Z concurrency                          =   1.52 sec*proc (2 tests)
2026-09-16T09:06:43.6109028Z concurrency-sp03                     =   0.05 sec*proc (1 test)
2026-09-16T09:06:43.6109682Z concurrency-sp07                     =   1.47 sec*proc (1 test)
2026-09-16T09:06:43.6110277Z contract                             =  17.28 sec*proc (12 tests)
2026-09-16T09:06:43.6110850Z decimal                              =   6.12 sec*proc (5 tests)
2026-09-16T09:06:43.6111442Z diagnostics                          =  10.98 sec*proc (4 tests)
2026-09-16T09:06:43.6112070Z driver                               =  17.85 sec*proc (9 tests)
2026-09-16T09:06:43.6112657Z essential                            =   5.26 sec*proc (4 tests)
2026-09-16T09:06:43.6113188Z file                                 =   0.07 sec*proc (1 test)
2026-09-16T09:06:43.6113767Z float                                =   0.07 sec*proc (1 test)
2026-09-16T09:06:43.6114303Z hash                                 =   0.07 sec*proc (1 test)
2026-09-16T09:06:43.6114865Z imports                              =   2.50 sec*proc (2 tests)
2026-09-16T09:06:43.6115413Z includes                             =   0.22 sec*proc (1 test)
2026-09-16T09:06:43.6115978Z incremental                          =   4.29 sec*proc (1 test)
2026-09-16T09:06:43.6116613Z indexed-red-black-tree-adaptation    =   0.21 sec*proc (1 test)
2026-09-16T09:06:43.6117212Z integer                              =   6.03 sec*proc (5 tests)
2026-09-16T09:06:43.6117781Z interpreter                          =   0.59 sec*proc (2 tests)
2026-09-16T09:06:43.6118369Z language                             =  14.88 sec*proc (23 tests)
2026-09-16T09:06:43.6119029Z levelc                               =   3.82 sec*proc (2 tests)
2026-09-16T09:06:43.6119587Z levelg                               =  12.16 sec*proc (10 tests)
2026-09-16T09:06:43.6120164Z library                              =  12.30 sec*proc (12 tests)
2026-09-16T09:06:43.6120773Z linked_opt                           =  27.62 sec*proc (28 tests)
2026-09-16T09:06:43.6121345Z linker                               =   0.54 sec*proc (1 test)
2026-09-16T09:06:43.6122183Z macros                               =   0.53 sec*proc (2 tests)
2026-09-16T09:06:43.6122755Z math                                 =  12.16 sec*proc (10 tests)
2026-09-16T09:06:43.6123653Z native-adapter                       =   0.06 sec*proc (1 test)
2026-09-16T09:06:43.6124310Z native-math-control                  =   0.35 sec*proc (2 tests)
2026-09-16T09:06:43.6124932Z native_signal                        =   0.10 sec*proc (1 test)
2026-09-16T09:06:43.6125570Z noncanonical                         =   1.44 sec*proc (1 test)
2026-09-16T09:06:43.6126175Z optimizer                            =   0.16 sec*proc (1 test)
2026-09-16T09:06:43.6126801Z optimizer-parity                     =  34.04 sec*proc (59 tests)
2026-09-16T09:06:43.6127467Z optimizer-resistance                 =   0.22 sec*proc (1 test)
2026-09-16T09:06:43.6128100Z parallel                             =   4.29 sec*proc (1 test)
2026-09-16T09:06:43.6128652Z plugins                              =   0.07 sec*proc (1 test)
2026-09-16T09:06:43.6129217Z preprocessor                         =  17.07 sec*proc (12 tests)
2026-09-16T09:06:43.6129830Z regression                           =  19.13 sec*proc (13 tests)
2026-09-16T09:06:43.6130454Z rexxcps-smoke                        =   1.44 sec*proc (1 test)
2026-09-16T09:06:43.6131035Z runner                               =   2.05 sec*proc (1 test)
2026-09-16T09:06:43.6131552Z rxas                                 =   0.16 sec*proc (1 test)
2026-09-16T09:06:43.6132084Z rxbvm                                =   6.13 sec*proc (4 tests)
2026-09-16T09:06:43.6132642Z rxpa                                 =   0.13 sec*proc (2 tests)
2026-09-16T09:06:43.6133155Z rxtvm                                =   5.90 sec*proc (4 tests)
2026-09-16T09:06:43.6133705Z sha256                               =   0.07 sec*proc (1 test)
2026-09-16T09:06:43.6134492Z smoke                                = 118.18 sec*proc (148 tests)
2026-09-16T09:06:43.6135070Z srcmap                               =   3.03 sec*proc (1 test)
2026-09-16T09:06:43.6135657Z stable-indexed-cfg-adaptation        =   9.49 sec*proc (1 test)
2026-09-16T09:06:43.6136347Z stable-indexed-graph-adaptation      =   0.21 sec*proc (1 test)
2026-09-16T09:06:43.6136964Z stage2                               =   0.04 sec*proc (1 test)
2026-09-16T09:06:43.6137512Z stage3                               =   3.05 sec*proc (5 tests)
2026-09-16T09:06:43.6138036Z stage4                               =   2.87 sec*proc (1 test)
2026-09-16T09:06:43.6138655Z standard-library-adaptation          =   0.18 sec*proc (1 test)
2026-09-16T09:06:43.6139262Z unicode                              =   0.07 sec*proc (1 test)
2026-09-16T09:06:43.6139817Z unit                                 =   0.07 sec*proc (1 test)
2026-09-16T09:06:43.6140337Z utf                                  =   0.06 sec*proc (1 test)
2026-09-16T09:06:43.6140685Z 
2026-09-16T09:06:43.6140836Z Total Test time (real) =  46.75 sec
2026-09-16T09:06:43.6141115Z 
2026-09-16T09:06:43.6141288Z The following tests FAILED:
2026-09-16T09:06:43.6142071Z 	2432 - crexx_project_build_contract (Failed)             autoload build driver incremental parallel regression smoke
2026-09-16T09:06:43.6228190Z Errors while running CTest
2026-09-16T09:06:43.6228716Z FAILED: [code=8] CMakeFiles/qa-smoke D:/a/_temp/core-build/CMakeFiles/qa-smoke 
2026-09-16T09:06:43.6229734Z C:\Windows\system32\cmd.exe /C "cd /D D:\a\_temp\core-build && D:\a\_temp\msys64\mingw64\bin\ctest.exe --test-dir D:/a/_temp/core-build --parallel 5 --output-on-failure --label-regex "^(essential|smoke)$""
2026-09-16T09:06:43.6376480Z ninja: build stopped: subcommand failed.
2026-09-16T09:06:43.6393775Z ##[error]Process completed with exit code 8.
2026-09-16T09:06:43.6631646Z ##[group]Run actions/upload-artifact@v7
2026-09-16T09:06:43.6632043Z with:
2026-09-16T09:06:43.6632395Z   name: core-qa-windows-mingw-f10e70ee5f12ce49cc5088abc867748522d1d19c
2026-09-16T09:06:43.6633210Z   path: D:\a\_temp/core-package/qa
D:\a\_temp/core-build/Testing/Temporary
D:\a\_temp/core-build/CMakeCache.txt
D:\a\_temp/core-build/CMakeFiles/CMakeConfigureLog.yaml

2026-09-16T09:06:43.6633847Z   retention-days: 14
2026-09-16T09:06:43.6634138Z   if-no-files-found: warn
2026-09-16T09:06:43.6634455Z   compression-level: 6
2026-09-16T09:06:43.6634680Z   overwrite: false
2026-09-16T09:06:43.6634891Z   include-hidden-files: false
2026-09-16T09:06:43.6635123Z   archive: true
2026-09-16T09:06:43.6635314Z env:
2026-09-16T09:06:43.6635497Z   MSYSTEM: MINGW64
2026-09-16T09:06:43.6635705Z ##[endgroup]
2026-09-16T09:06:43.8647618Z Multiple search paths detected. Calculating the least common ancestor of all paths
2026-09-16T09:06:43.8651939Z The least common ancestor is D:\a\_temp. This will be the root directory of the artifact
2026-09-16T09:06:43.8652733Z With the provided path, there will be 5 files uploaded
2026-09-16T09:06:43.8657950Z Artifact name is valid!
2026-09-16T09:06:43.8659083Z Root directory input is valid!
2026-09-16T09:06:44.2200747Z Uploading artifact: core-qa-windows-mingw-f10e70ee5f12ce49cc5088abc867748522d1d19c.zip
2026-09-16T09:06:44.2267576Z Beginning upload of artifact content to blob storage
2026-09-16T09:06:44.5489042Z Uploaded bytes 41375
2026-09-16T09:06:44.6043293Z Finished uploading artifact content to blob storage!
2026-09-16T09:06:44.6044672Z SHA256 digest of uploaded artifact is f2c01ac9f24c1c834d34d49afd99df8f7437223df46e325a17f6dc2fc75b2ac5
2026-09-16T09:06:44.6045488Z Finalizing artifact upload
2026-09-16T09:06:44.9662440Z Artifact core-qa-windows-mingw-f10e70ee5f12ce49cc5088abc867748522d1d19c successfully finalized. Artifact ID 10439260557
2026-09-16T09:06:44.9663491Z Artifact core-qa-windows-mingw-f10e70ee5f12ce49cc5088abc867748522d1d19c has been successfully uploaded! Final size is 41375 bytes. Artifact ID is 10439260557
2026-09-16T09:06:44.9672801Z Artifact download URL: https://github.com/adesutherland/CREXX/actions/runs/35076278681/artifacts/10439260557
2026-09-16T09:06:45.0064217Z Post job cleanup.
2026-09-16T09:06:45.2099164Z [command]"C:\Program Files\Git\bin\git.exe" version
2026-09-16T09:06:45.2449548Z git version 2.55.0.windows.5
2026-09-16T09:06:45.2528867Z Temporarily overriding HOME='D:\a\_temp\22fdee7a-0a14-4f57-aba3-d2c934a091f3' before making global git config changes
2026-09-16T09:06:45.2529828Z Adding repository directory to the temporary git global config as a safe directory
2026-09-16T09:06:45.2539779Z [command]"C:\Program Files\Git\bin\git.exe" config --global --add safe.directory D:\a\CREXX\CREXX
2026-09-16T09:06:45.2840318Z [command]"C:\Program Files\Git\bin\git.exe" config --local --name-only --get-regexp core\.sshCommand
2026-09-16T09:06:45.3147454Z [command]"C:\Program Files\Git\bin\git.exe" submodule foreach --recursive "sh -c \"git config --local --name-only --get-regexp 'core\.sshCommand' && git config --local --unset-all 'core.sshCommand' || :\""
2026-09-16T09:06:46.0270163Z [command]"C:\Program Files\Git\bin\git.exe" config --local --name-only --get-regexp http\.https\:\/\/github\.com\/\.extraheader
2026-09-16T09:06:46.0570133Z http.https://github.com/.extraheader
2026-09-16T09:06:46.0631629Z [command]"C:\Program Files\Git\bin\git.exe" config --local --unset-all http.https://github.com/.extraheader
2026-09-16T09:06:46.1001587Z [command]"C:\Program Files\Git\bin\git.exe" submodule foreach --recursive "sh -c \"git config --local --name-only --get-regexp 'http\.https\:\/\/github\.com\/\.extraheader' && git config --local --unset-all 'http.https://github.com/.extraheader' || :\""
2026-09-16T09:06:46.7387853Z [command]"C:\Program Files\Git\bin\git.exe" config --local --name-only --get-regexp ^includeIf\.gitdir:
2026-09-16T09:06:46.7748982Z [command]"C:\Program Files\Git\bin\git.exe" submodule foreach --recursive "git config --local --show-origin --name-only --get-regexp remote.origin.url"
2026-09-16T09:06:47.4334297Z Cleaning up orphan processes
