Test project /Users/adrian/CLionProjects/CREXX/cmake-build-debug
      Start    1: linked_opt_runtime_artifacts_build
    Test    #1: linked_opt_runtime_artifacts_build ......   Passed    3.72 sec
      Start    1: linked_opt_runtime_artifacts_build
    Test    #1: linked_opt_runtime_artifacts_build ......   Passed    0.08 sec
      Start    1: linked_opt_runtime_artifacts_build
    Test    #1: linked_opt_runtime_artifacts_build ......   Passed    0.08 sec
      Start    1: linked_opt_runtime_artifacts_build
    Test    #1: linked_opt_runtime_artifacts_build ......   Passed    0.08 sec
      Start    1: linked_opt_runtime_artifacts_build
    Test    #1: linked_opt_runtime_artifacts_build ......   Passed    0.07 sec
      Start    1: linked_opt_runtime_artifacts_build
    Test    #1: linked_opt_runtime_artifacts_build ......   Passed    0.08 sec
      Start    1: linked_opt_runtime_artifacts_build
    Test    #1: linked_opt_runtime_artifacts_build ......   Passed    0.07 sec
      Start    1: linked_opt_runtime_artifacts_build
    Test    #1: linked_opt_runtime_artifacts_build ......   Passed    0.07 sec
      Start    1: linked_opt_runtime_artifacts_build
    Test    #1: linked_opt_runtime_artifacts_build ......   Passed    0.07 sec
      Start    1: linked_opt_runtime_artifacts_build
    Test    #1: linked_opt_runtime_artifacts_build ......   Passed    0.07 sec
      Start    1: linked_opt_runtime_artifacts_build
    Test    #1: linked_opt_runtime_artifacts_build ......   Passed    0.07 sec
      Start    1: linked_opt_runtime_artifacts_build
    Test    #1: linked_opt_runtime_artifacts_build ......   Passed    0.07 sec
      Start    1: linked_opt_runtime_artifacts_build
    Test    #1: linked_opt_runtime_artifacts_build ......   Passed    0.08 sec
      Start    1: linked_opt_runtime_artifacts_build
    Test    #1: linked_opt_runtime_artifacts_build ......   Passed    0.07 sec
      Start    1: linked_opt_runtime_artifacts_build
    Test    #1: linked_opt_runtime_artifacts_build ......   Passed    0.07 sec
      Start    1: linked_opt_runtime_artifacts_build
    Test    #1: linked_opt_runtime_artifacts_build ......   Passed    0.07 sec
      Start    1: linked_opt_runtime_artifacts_build
    Test    #1: linked_opt_runtime_artifacts_build ......   Passed    0.07 sec
      Start    1: linked_opt_runtime_artifacts_build
    Test    #1: linked_opt_runtime_artifacts_build ......   Passed    0.07 sec
      Start    1: linked_opt_runtime_artifacts_build
    Test    #1: linked_opt_runtime_artifacts_build ......   Passed    0.07 sec
      Start    1: linked_opt_runtime_artifacts_build
    Test    #1: linked_opt_runtime_artifacts_build ......   Passed    0.07 sec
      Start    1: linked_opt_runtime_artifacts_build
    Test    #1: linked_opt_runtime_artifacts_build ......   Passed    0.07 sec
      Start    1: linked_opt_runtime_artifacts_build
    Test    #1: linked_opt_runtime_artifacts_build ......   Passed    0.07 sec
      Start    1: linked_opt_runtime_artifacts_build
    Test    #1: linked_opt_runtime_artifacts_build ......   Passed    0.07 sec
      Start    1: linked_opt_runtime_artifacts_build
    Test    #1: linked_opt_runtime_artifacts_build ......   Passed    0.07 sec
      Start    1: linked_opt_runtime_artifacts_build
    Test    #1: linked_opt_runtime_artifacts_build ......   Passed    0.07 sec
      Start    1: linked_opt_runtime_artifacts_build
    Test    #1: linked_opt_runtime_artifacts_build ......   Passed    0.08 sec
      Start    1: linked_opt_runtime_artifacts_build
    Test    #1: linked_opt_runtime_artifacts_build ......   Passed    0.07 sec
      Start    1: linked_opt_runtime_artifacts_build
    Test    #1: linked_opt_runtime_artifacts_build ......   Passed    0.07 sec
      Start    1: linked_opt_runtime_artifacts_build
    Test    #1: linked_opt_runtime_artifacts_build ......   Passed    0.07 sec
      Start    1: linked_opt_runtime_artifacts_build
    Test    #1: linked_opt_runtime_artifacts_build ......   Passed    0.07 sec
      Start    1: linked_opt_runtime_artifacts_build
    Test    #1: linked_opt_runtime_artifacts_build ......   Passed    0.07 sec
      Start    1: linked_opt_runtime_artifacts_build
    Test    #1: linked_opt_runtime_artifacts_build ......   Passed    0.07 sec
      Start    1: linked_opt_runtime_artifacts_build
    Test    #1: linked_opt_runtime_artifacts_build ......   Passed    0.07 sec
      Start    1: linked_opt_runtime_artifacts_build
    Test    #1: linked_opt_runtime_artifacts_build ......   Passed    0.07 sec
      Start    1: linked_opt_runtime_artifacts_build
    Test    #1: linked_opt_runtime_artifacts_build ......   Passed    0.07 sec
      Start    1: linked_opt_runtime_artifacts_build
    Test    #1: linked_opt_runtime_artifacts_build ......   Passed    0.07 sec
      Start    1: linked_opt_runtime_artifacts_build
    Test    #1: linked_opt_runtime_artifacts_build ......   Passed    0.07 sec
      Start    1: linked_opt_runtime_artifacts_build
    Test    #1: linked_opt_runtime_artifacts_build ......   Passed    0.07 sec
      Start    1: linked_opt_runtime_artifacts_build
    Test    #1: linked_opt_runtime_artifacts_build ......   Passed    0.07 sec
      Start    1: linked_opt_runtime_artifacts_build
    Test    #1: linked_opt_runtime_artifacts_build ......   Passed    0.07 sec
      Start    1: linked_opt_runtime_artifacts_build
    Test    #1: linked_opt_runtime_artifacts_build ......   Passed    0.07 sec
      Start    1: linked_opt_runtime_artifacts_build
    Test    #1: linked_opt_runtime_artifacts_build ......   Passed    0.07 sec
      Start    1: linked_opt_runtime_artifacts_build
    Test    #1: linked_opt_runtime_artifacts_build ......   Passed    0.07 sec
      Start    1: linked_opt_runtime_artifacts_build
    Test    #1: linked_opt_runtime_artifacts_build ......   Passed    0.07 sec
      Start    1: linked_opt_runtime_artifacts_build
    Test    #1: linked_opt_runtime_artifacts_build ......   Passed    0.07 sec
      Start    1: linked_opt_runtime_artifacts_build
    Test    #1: linked_opt_runtime_artifacts_build ......   Passed    0.07 sec
      Start    1: linked_opt_runtime_artifacts_build
    Test    #1: linked_opt_runtime_artifacts_build ......   Passed    0.08 sec
      Start    1: linked_opt_runtime_artifacts_build
    Test    #1: linked_opt_runtime_artifacts_build ......   Passed    0.07 sec
      Start    1: linked_opt_runtime_artifacts_build
    Test    #1: linked_opt_runtime_artifacts_build ......   Passed    0.07 sec
      Start    1: linked_opt_runtime_artifacts_build
    Test    #1: linked_opt_runtime_artifacts_build ......   Passed    0.07 sec
      Start    1: linked_opt_runtime_artifacts_build
    Test    #1: linked_opt_runtime_artifacts_build ......   Passed    0.07 sec
      Start    1: linked_opt_runtime_artifacts_build
    Test    #1: linked_opt_runtime_artifacts_build ......   Passed    0.07 sec
      Start    1: linked_opt_runtime_artifacts_build
    Test    #1: linked_opt_runtime_artifacts_build ......   Passed    0.07 sec
      Start    1: linked_opt_runtime_artifacts_build
    Test    #1: linked_opt_runtime_artifacts_build ......   Passed    0.08 sec
      Start    1: linked_opt_runtime_artifacts_build
    Test    #1: linked_opt_runtime_artifacts_build ......   Passed    0.07 sec
      Start    1: linked_opt_runtime_artifacts_build
    Test    #1: linked_opt_runtime_artifacts_build ......   Passed    0.07 sec
      Start    1: linked_opt_runtime_artifacts_build
    Test    #1: linked_opt_runtime_artifacts_build ......   Passed    0.07 sec
      Start    1: linked_opt_runtime_artifacts_build
    Test    #1: linked_opt_runtime_artifacts_build ......   Passed    0.07 sec
      Start    1: linked_opt_runtime_artifacts_build
    Test    #1: linked_opt_runtime_artifacts_build ......   Passed    0.07 sec
      Start    1: linked_opt_runtime_artifacts_build
    Test    #1: linked_opt_runtime_artifacts_build ......   Passed    0.07 sec
      Start    1: linked_opt_runtime_artifacts_build
    Test    #1: linked_opt_runtime_artifacts_build ......   Passed    0.07 sec
      Start    1: linked_opt_runtime_artifacts_build
    Test    #1: linked_opt_runtime_artifacts_build ......   Passed    0.07 sec
      Start    1: linked_opt_runtime_artifacts_build
    Test    #1: linked_opt_runtime_artifacts_build ......   Passed    0.07 sec
      Start    1: linked_opt_runtime_artifacts_build
    Test    #1: linked_opt_runtime_artifacts_build ......   Passed    0.07 sec
      Start    1: linked_opt_runtime_artifacts_build
    Test    #1: linked_opt_runtime_artifacts_build ......   Passed    0.07 sec
      Start    1: linked_opt_runtime_artifacts_build
    Test    #1: linked_opt_runtime_artifacts_build ......   Passed    0.07 sec
      Start    1: linked_opt_runtime_artifacts_build
    Test    #1: linked_opt_runtime_artifacts_build ......   Passed    0.07 sec
      Start    1: linked_opt_runtime_artifacts_build
    Test    #1: linked_opt_runtime_artifacts_build ......   Passed    0.07 sec
      Start    1: linked_opt_runtime_artifacts_build
    Test    #1: linked_opt_runtime_artifacts_build ......   Passed    0.07 sec
      Start    1: linked_opt_runtime_artifacts_build
    Test    #1: linked_opt_runtime_artifacts_build ......   Passed    0.07 sec
      Start    1: linked_opt_runtime_artifacts_build
    Test    #1: linked_opt_runtime_artifacts_build ......   Passed    0.07 sec
      Start    1: linked_opt_runtime_artifacts_build
    Test    #1: linked_opt_runtime_artifacts_build ......   Passed    0.07 sec
      Start    1: linked_opt_runtime_artifacts_build
    Test    #1: linked_opt_runtime_artifacts_build ......   Passed    0.08 sec
      Start    1: linked_opt_runtime_artifacts_build
    Test    #1: linked_opt_runtime_artifacts_build ......   Passed    0.08 sec
      Start    1: linked_opt_runtime_artifacts_build
    Test    #1: linked_opt_runtime_artifacts_build ......   Passed    0.08 sec
      Start    1: linked_opt_runtime_artifacts_build
    Test    #1: linked_opt_runtime_artifacts_build ......   Passed    0.07 sec
      Start    1: linked_opt_runtime_artifacts_build
    Test    #1: linked_opt_runtime_artifacts_build ......   Passed    0.07 sec
      Start    1: linked_opt_runtime_artifacts_build
    Test    #1: linked_opt_runtime_artifacts_build ......   Passed    0.07 sec
      Start    1: linked_opt_runtime_artifacts_build
    Test    #1: linked_opt_runtime_artifacts_build ......   Passed    0.07 sec
      Start    1: linked_opt_runtime_artifacts_build
    Test    #1: linked_opt_runtime_artifacts_build ......   Passed    0.07 sec
      Start    1: linked_opt_runtime_artifacts_build
    Test    #1: linked_opt_runtime_artifacts_build ......   Passed    0.08 sec
      Start    1: linked_opt_runtime_artifacts_build
    Test    #1: linked_opt_runtime_artifacts_build ......   Passed    0.07 sec
      Start    1: linked_opt_runtime_artifacts_build
    Test    #1: linked_opt_runtime_artifacts_build ......   Passed    0.07 sec
      Start    1: linked_opt_runtime_artifacts_build
    Test    #1: linked_opt_runtime_artifacts_build ......   Passed    0.07 sec
      Start    1: linked_opt_runtime_artifacts_build
    Test    #1: linked_opt_runtime_artifacts_build ......   Passed    0.07 sec
      Start    1: linked_opt_runtime_artifacts_build
    Test    #1: linked_opt_runtime_artifacts_build ......   Passed    0.07 sec
      Start    1: linked_opt_runtime_artifacts_build
    Test    #1: linked_opt_runtime_artifacts_build ......   Passed    0.07 sec
      Start    1: linked_opt_runtime_artifacts_build
    Test    #1: linked_opt_runtime_artifacts_build ......   Passed    0.07 sec
      Start    1: linked_opt_runtime_artifacts_build
    Test    #1: linked_opt_runtime_artifacts_build ......   Passed    0.07 sec
      Start    1: linked_opt_runtime_artifacts_build
    Test    #1: linked_opt_runtime_artifacts_build ......   Passed    0.07 sec
      Start    1: linked_opt_runtime_artifacts_build
    Test    #1: linked_opt_runtime_artifacts_build ......   Passed    0.07 sec
      Start    1: linked_opt_runtime_artifacts_build
    Test    #1: linked_opt_runtime_artifacts_build ......   Passed    0.07 sec
      Start    1: linked_opt_runtime_artifacts_build
    Test    #1: linked_opt_runtime_artifacts_build ......   Passed    0.07 sec
      Start    1: linked_opt_runtime_artifacts_build
    Test    #1: linked_opt_runtime_artifacts_build ......   Passed    0.08 sec
      Start    1: linked_opt_runtime_artifacts_build
    Test    #1: linked_opt_runtime_artifacts_build ......   Passed    0.07 sec
      Start    1: linked_opt_runtime_artifacts_build
    Test    #1: linked_opt_runtime_artifacts_build ......   Passed    0.08 sec
      Start    1: linked_opt_runtime_artifacts_build
    Test    #1: linked_opt_runtime_artifacts_build ......   Passed    0.07 sec
      Start    1: linked_opt_runtime_artifacts_build
    Test    #1: linked_opt_runtime_artifacts_build ......   Passed    0.07 sec
      Start    1: linked_opt_runtime_artifacts_build
    Test    #1: linked_opt_runtime_artifacts_build ......   Passed    0.07 sec
      Start    1: linked_opt_runtime_artifacts_build
 1/10 Test    #1: linked_opt_runtime_artifacts_build ......   Passed    0.07 sec
      Start 1062: rxvmbyteendpoint_substrate
    Test #1062: rxvmbyteendpoint_substrate ..............   Passed    0.33 sec
      Start 1062: rxvmbyteendpoint_substrate
    Test #1062: rxvmbyteendpoint_substrate ..............   Passed    0.01 sec
      Start 1062: rxvmbyteendpoint_substrate
    Test #1062: rxvmbyteendpoint_substrate ..............   Passed    0.00 sec
      Start 1062: rxvmbyteendpoint_substrate
    Test #1062: rxvmbyteendpoint_substrate ..............   Passed    0.00 sec
      Start 1062: rxvmbyteendpoint_substrate
    Test #1062: rxvmbyteendpoint_substrate ..............   Passed    0.00 sec
      Start 1062: rxvmbyteendpoint_substrate
    Test #1062: rxvmbyteendpoint_substrate ..............   Passed    0.00 sec
      Start 1062: rxvmbyteendpoint_substrate
    Test #1062: rxvmbyteendpoint_substrate ..............   Passed    0.00 sec
      Start 1062: rxvmbyteendpoint_substrate
    Test #1062: rxvmbyteendpoint_substrate ..............   Passed    0.00 sec
      Start 1062: rxvmbyteendpoint_substrate
    Test #1062: rxvmbyteendpoint_substrate ..............   Passed    0.00 sec
      Start 1062: rxvmbyteendpoint_substrate
    Test #1062: rxvmbyteendpoint_substrate ..............   Passed    0.00 sec
      Start 1062: rxvmbyteendpoint_substrate
    Test #1062: rxvmbyteendpoint_substrate ..............   Passed    0.00 sec
      Start 1062: rxvmbyteendpoint_substrate
    Test #1062: rxvmbyteendpoint_substrate ..............   Passed    0.00 sec
      Start 1062: rxvmbyteendpoint_substrate
    Test #1062: rxvmbyteendpoint_substrate ..............   Passed    0.00 sec
      Start 1062: rxvmbyteendpoint_substrate
    Test #1062: rxvmbyteendpoint_substrate ..............   Passed    0.00 sec
      Start 1062: rxvmbyteendpoint_substrate
    Test #1062: rxvmbyteendpoint_substrate ..............   Passed    0.00 sec
      Start 1062: rxvmbyteendpoint_substrate
    Test #1062: rxvmbyteendpoint_substrate ..............   Passed    0.00 sec
      Start 1062: rxvmbyteendpoint_substrate
    Test #1062: rxvmbyteendpoint_substrate ..............   Passed    0.00 sec
      Start 1062: rxvmbyteendpoint_substrate
    Test #1062: rxvmbyteendpoint_substrate ..............   Passed    0.00 sec
      Start 1062: rxvmbyteendpoint_substrate
    Test #1062: rxvmbyteendpoint_substrate ..............   Passed    0.00 sec
      Start 1062: rxvmbyteendpoint_substrate
    Test #1062: rxvmbyteendpoint_substrate ..............   Passed    0.00 sec
      Start 1062: rxvmbyteendpoint_substrate
    Test #1062: rxvmbyteendpoint_substrate ..............   Passed    0.00 sec
      Start 1062: rxvmbyteendpoint_substrate
    Test #1062: rxvmbyteendpoint_substrate ..............   Passed    0.00 sec
      Start 1062: rxvmbyteendpoint_substrate
    Test #1062: rxvmbyteendpoint_substrate ..............   Passed    0.00 sec
      Start 1062: rxvmbyteendpoint_substrate
    Test #1062: rxvmbyteendpoint_substrate ..............   Passed    0.00 sec
      Start 1062: rxvmbyteendpoint_substrate
    Test #1062: rxvmbyteendpoint_substrate ..............   Passed    0.00 sec
      Start 1062: rxvmbyteendpoint_substrate
    Test #1062: rxvmbyteendpoint_substrate ..............   Passed    0.00 sec
      Start 1062: rxvmbyteendpoint_substrate
    Test #1062: rxvmbyteendpoint_substrate ..............   Passed    0.00 sec
      Start 1062: rxvmbyteendpoint_substrate
    Test #1062: rxvmbyteendpoint_substrate ..............   Passed    0.00 sec
      Start 1062: rxvmbyteendpoint_substrate
    Test #1062: rxvmbyteendpoint_substrate ..............   Passed    0.00 sec
      Start 1062: rxvmbyteendpoint_substrate
    Test #1062: rxvmbyteendpoint_substrate ..............   Passed    0.00 sec
      Start 1062: rxvmbyteendpoint_substrate
    Test #1062: rxvmbyteendpoint_substrate ..............   Passed    0.00 sec
      Start 1062: rxvmbyteendpoint_substrate
    Test #1062: rxvmbyteendpoint_substrate ..............   Passed    0.00 sec
      Start 1062: rxvmbyteendpoint_substrate
    Test #1062: rxvmbyteendpoint_substrate ..............   Passed    0.00 sec
      Start 1062: rxvmbyteendpoint_substrate
    Test #1062: rxvmbyteendpoint_substrate ..............   Passed    0.00 sec
      Start 1062: rxvmbyteendpoint_substrate
    Test #1062: rxvmbyteendpoint_substrate ..............   Passed    0.00 sec
      Start 1062: rxvmbyteendpoint_substrate
    Test #1062: rxvmbyteendpoint_substrate ..............   Passed    0.00 sec
      Start 1062: rxvmbyteendpoint_substrate
    Test #1062: rxvmbyteendpoint_substrate ..............   Passed    0.00 sec
      Start 1062: rxvmbyteendpoint_substrate
    Test #1062: rxvmbyteendpoint_substrate ..............   Passed    0.00 sec
      Start 1062: rxvmbyteendpoint_substrate
    Test #1062: rxvmbyteendpoint_substrate ..............   Passed    0.00 sec
      Start 1062: rxvmbyteendpoint_substrate
    Test #1062: rxvmbyteendpoint_substrate ..............   Passed    0.00 sec
      Start 1062: rxvmbyteendpoint_substrate
    Test #1062: rxvmbyteendpoint_substrate ..............   Passed    0.00 sec
      Start 1062: rxvmbyteendpoint_substrate
    Test #1062: rxvmbyteendpoint_substrate ..............   Passed    0.00 sec
      Start 1062: rxvmbyteendpoint_substrate
    Test #1062: rxvmbyteendpoint_substrate ..............   Passed    0.00 sec
      Start 1062: rxvmbyteendpoint_substrate
    Test #1062: rxvmbyteendpoint_substrate ..............   Passed    0.00 sec
      Start 1062: rxvmbyteendpoint_substrate
    Test #1062: rxvmbyteendpoint_substrate ..............   Passed    0.00 sec
      Start 1062: rxvmbyteendpoint_substrate
    Test #1062: rxvmbyteendpoint_substrate ..............   Passed    0.00 sec
      Start 1062: rxvmbyteendpoint_substrate
    Test #1062: rxvmbyteendpoint_substrate ..............   Passed    0.00 sec
      Start 1062: rxvmbyteendpoint_substrate
    Test #1062: rxvmbyteendpoint_substrate ..............   Passed    0.00 sec
      Start 1062: rxvmbyteendpoint_substrate
    Test #1062: rxvmbyteendpoint_substrate ..............   Passed    0.00 sec
      Start 1062: rxvmbyteendpoint_substrate
    Test #1062: rxvmbyteendpoint_substrate ..............   Passed    0.00 sec
      Start 1062: rxvmbyteendpoint_substrate
    Test #1062: rxvmbyteendpoint_substrate ..............   Passed    0.00 sec
      Start 1062: rxvmbyteendpoint_substrate
    Test #1062: rxvmbyteendpoint_substrate ..............   Passed    0.00 sec
      Start 1062: rxvmbyteendpoint_substrate
    Test #1062: rxvmbyteendpoint_substrate ..............   Passed    0.00 sec
      Start 1062: rxvmbyteendpoint_substrate
    Test #1062: rxvmbyteendpoint_substrate ..............   Passed    0.00 sec
      Start 1062: rxvmbyteendpoint_substrate
    Test #1062: rxvmbyteendpoint_substrate ..............   Passed    0.00 sec
      Start 1062: rxvmbyteendpoint_substrate
    Test #1062: rxvmbyteendpoint_substrate ..............   Passed    0.00 sec
      Start 1062: rxvmbyteendpoint_substrate
    Test #1062: rxvmbyteendpoint_substrate ..............   Passed    0.00 sec
      Start 1062: rxvmbyteendpoint_substrate
    Test #1062: rxvmbyteendpoint_substrate ..............   Passed    0.00 sec
      Start 1062: rxvmbyteendpoint_substrate
    Test #1062: rxvmbyteendpoint_substrate ..............   Passed    0.00 sec
      Start 1062: rxvmbyteendpoint_substrate
    Test #1062: rxvmbyteendpoint_substrate ..............   Passed    0.00 sec
      Start 1062: rxvmbyteendpoint_substrate
    Test #1062: rxvmbyteendpoint_substrate ..............   Passed    0.00 sec
      Start 1062: rxvmbyteendpoint_substrate
    Test #1062: rxvmbyteendpoint_substrate ..............   Passed    0.00 sec
      Start 1062: rxvmbyteendpoint_substrate
    Test #1062: rxvmbyteendpoint_substrate ..............   Passed    0.00 sec
      Start 1062: rxvmbyteendpoint_substrate
    Test #1062: rxvmbyteendpoint_substrate ..............   Passed    0.00 sec
      Start 1062: rxvmbyteendpoint_substrate
    Test #1062: rxvmbyteendpoint_substrate ..............   Passed    0.00 sec
      Start 1062: rxvmbyteendpoint_substrate
    Test #1062: rxvmbyteendpoint_substrate ..............   Passed    0.00 sec
      Start 1062: rxvmbyteendpoint_substrate
    Test #1062: rxvmbyteendpoint_substrate ..............   Passed    0.00 sec
      Start 1062: rxvmbyteendpoint_substrate
    Test #1062: rxvmbyteendpoint_substrate ..............   Passed    0.00 sec
      Start 1062: rxvmbyteendpoint_substrate
    Test #1062: rxvmbyteendpoint_substrate ..............   Passed    0.00 sec
      Start 1062: rxvmbyteendpoint_substrate
    Test #1062: rxvmbyteendpoint_substrate ..............   Passed    0.00 sec
      Start 1062: rxvmbyteendpoint_substrate
    Test #1062: rxvmbyteendpoint_substrate ..............   Passed    0.00 sec
      Start 1062: rxvmbyteendpoint_substrate
    Test #1062: rxvmbyteendpoint_substrate ..............   Passed    0.00 sec
      Start 1062: rxvmbyteendpoint_substrate
    Test #1062: rxvmbyteendpoint_substrate ..............   Passed    0.00 sec
      Start 1062: rxvmbyteendpoint_substrate
    Test #1062: rxvmbyteendpoint_substrate ..............   Passed    0.00 sec
      Start 1062: rxvmbyteendpoint_substrate
    Test #1062: rxvmbyteendpoint_substrate ..............   Passed    0.00 sec
      Start 1062: rxvmbyteendpoint_substrate
    Test #1062: rxvmbyteendpoint_substrate ..............   Passed    0.00 sec
      Start 1062: rxvmbyteendpoint_substrate
    Test #1062: rxvmbyteendpoint_substrate ..............   Passed    0.00 sec
      Start 1062: rxvmbyteendpoint_substrate
    Test #1062: rxvmbyteendpoint_substrate ..............   Passed    0.00 sec
      Start 1062: rxvmbyteendpoint_substrate
    Test #1062: rxvmbyteendpoint_substrate ..............   Passed    0.00 sec
      Start 1062: rxvmbyteendpoint_substrate
    Test #1062: rxvmbyteendpoint_substrate ..............   Passed    0.00 sec
      Start 1062: rxvmbyteendpoint_substrate
    Test #1062: rxvmbyteendpoint_substrate ..............   Passed    0.00 sec
      Start 1062: rxvmbyteendpoint_substrate
    Test #1062: rxvmbyteendpoint_substrate ..............   Passed    0.00 sec
      Start 1062: rxvmbyteendpoint_substrate
    Test #1062: rxvmbyteendpoint_substrate ..............   Passed    0.00 sec
      Start 1062: rxvmbyteendpoint_substrate
    Test #1062: rxvmbyteendpoint_substrate ..............   Passed    0.00 sec
      Start 1062: rxvmbyteendpoint_substrate
    Test #1062: rxvmbyteendpoint_substrate ..............   Passed    0.00 sec
      Start 1062: rxvmbyteendpoint_substrate
    Test #1062: rxvmbyteendpoint_substrate ..............   Passed    0.00 sec
      Start 1062: rxvmbyteendpoint_substrate
    Test #1062: rxvmbyteendpoint_substrate ..............   Passed    0.00 sec
      Start 1062: rxvmbyteendpoint_substrate
    Test #1062: rxvmbyteendpoint_substrate ..............   Passed    0.00 sec
      Start 1062: rxvmbyteendpoint_substrate
    Test #1062: rxvmbyteendpoint_substrate ..............   Passed    0.00 sec
      Start 1062: rxvmbyteendpoint_substrate
    Test #1062: rxvmbyteendpoint_substrate ..............   Passed    0.00 sec
      Start 1062: rxvmbyteendpoint_substrate
    Test #1062: rxvmbyteendpoint_substrate ..............   Passed    0.00 sec
      Start 1062: rxvmbyteendpoint_substrate
    Test #1062: rxvmbyteendpoint_substrate ..............   Passed    0.00 sec
      Start 1062: rxvmbyteendpoint_substrate
    Test #1062: rxvmbyteendpoint_substrate ..............   Passed    0.00 sec
      Start 1062: rxvmbyteendpoint_substrate
    Test #1062: rxvmbyteendpoint_substrate ..............   Passed    0.00 sec
      Start 1062: rxvmbyteendpoint_substrate
    Test #1062: rxvmbyteendpoint_substrate ..............   Passed    0.00 sec
      Start 1062: rxvmbyteendpoint_substrate
    Test #1062: rxvmbyteendpoint_substrate ..............   Passed    0.00 sec
      Start 1062: rxvmbyteendpoint_substrate
    Test #1062: rxvmbyteendpoint_substrate ..............   Passed    0.00 sec
      Start 1062: rxvmbyteendpoint_substrate
    Test #1062: rxvmbyteendpoint_substrate ..............   Passed    0.00 sec
      Start 1062: rxvmbyteendpoint_substrate
    Test #1062: rxvmbyteendpoint_substrate ..............   Passed    0.00 sec
      Start 1062: rxvmbyteendpoint_substrate
 2/10 Test #1062: rxvmbyteendpoint_substrate ..............   Passed    0.00 sec
      Start 1063: rxvmchannel_byte_provider
    Test #1063: rxvmchannel_byte_provider ...............   Passed    0.53 sec
      Start 1063: rxvmchannel_byte_provider
    Test #1063: rxvmchannel_byte_provider ...............   Passed    0.25 sec
      Start 1063: rxvmchannel_byte_provider
    Test #1063: rxvmchannel_byte_provider ...............   Passed    0.25 sec
      Start 1063: rxvmchannel_byte_provider
    Test #1063: rxvmchannel_byte_provider ...............   Passed    0.26 sec
      Start 1063: rxvmchannel_byte_provider
    Test #1063: rxvmchannel_byte_provider ...............   Passed    0.25 sec
      Start 1063: rxvmchannel_byte_provider
    Test #1063: rxvmchannel_byte_provider ...............   Passed    0.25 sec
      Start 1063: rxvmchannel_byte_provider
    Test #1063: rxvmchannel_byte_provider ...............   Passed    0.24 sec
      Start 1063: rxvmchannel_byte_provider
    Test #1063: rxvmchannel_byte_provider ...............   Passed    0.26 sec
      Start 1063: rxvmchannel_byte_provider
    Test #1063: rxvmchannel_byte_provider ...............   Passed    0.25 sec
      Start 1063: rxvmchannel_byte_provider
    Test #1063: rxvmchannel_byte_provider ...............   Passed    0.26 sec
      Start 1063: rxvmchannel_byte_provider
    Test #1063: rxvmchannel_byte_provider ...............   Passed    0.25 sec
      Start 1063: rxvmchannel_byte_provider
    Test #1063: rxvmchannel_byte_provider ...............   Passed    0.25 sec
      Start 1063: rxvmchannel_byte_provider
    Test #1063: rxvmchannel_byte_provider ...............   Passed    0.25 sec
      Start 1063: rxvmchannel_byte_provider
    Test #1063: rxvmchannel_byte_provider ...............   Passed    0.27 sec
      Start 1063: rxvmchannel_byte_provider
    Test #1063: rxvmchannel_byte_provider ...............   Passed    0.26 sec
      Start 1063: rxvmchannel_byte_provider
    Test #1063: rxvmchannel_byte_provider ...............   Passed    0.26 sec
      Start 1063: rxvmchannel_byte_provider
    Test #1063: rxvmchannel_byte_provider ...............   Passed    0.26 sec
      Start 1063: rxvmchannel_byte_provider
    Test #1063: rxvmchannel_byte_provider ...............   Passed    0.25 sec
      Start 1063: rxvmchannel_byte_provider
    Test #1063: rxvmchannel_byte_provider ...............   Passed    0.25 sec
      Start 1063: rxvmchannel_byte_provider
    Test #1063: rxvmchannel_byte_provider ...............   Passed    0.25 sec
      Start 1063: rxvmchannel_byte_provider
    Test #1063: rxvmchannel_byte_provider ...............   Passed    0.26 sec
      Start 1063: rxvmchannel_byte_provider
    Test #1063: rxvmchannel_byte_provider ...............   Passed    0.25 sec
      Start 1063: rxvmchannel_byte_provider
    Test #1063: rxvmchannel_byte_provider ...............   Passed    0.26 sec
      Start 1063: rxvmchannel_byte_provider
    Test #1063: rxvmchannel_byte_provider ...............   Passed    0.25 sec
      Start 1063: rxvmchannel_byte_provider
    Test #1063: rxvmchannel_byte_provider ...............   Passed    0.25 sec
      Start 1063: rxvmchannel_byte_provider
    Test #1063: rxvmchannel_byte_provider ...............   Passed    0.25 sec
      Start 1063: rxvmchannel_byte_provider
    Test #1063: rxvmchannel_byte_provider ...............   Passed    0.25 sec
      Start 1063: rxvmchannel_byte_provider
    Test #1063: rxvmchannel_byte_provider ...............   Passed    0.25 sec
      Start 1063: rxvmchannel_byte_provider
    Test #1063: rxvmchannel_byte_provider ...............   Passed    0.26 sec
      Start 1063: rxvmchannel_byte_provider
    Test #1063: rxvmchannel_byte_provider ...............   Passed    0.26 sec
      Start 1063: rxvmchannel_byte_provider
    Test #1063: rxvmchannel_byte_provider ...............   Passed    0.26 sec
      Start 1063: rxvmchannel_byte_provider
    Test #1063: rxvmchannel_byte_provider ...............   Passed    0.25 sec
      Start 1063: rxvmchannel_byte_provider
    Test #1063: rxvmchannel_byte_provider ...............   Passed    0.25 sec
      Start 1063: rxvmchannel_byte_provider
    Test #1063: rxvmchannel_byte_provider ...............   Passed    0.26 sec
      Start 1063: rxvmchannel_byte_provider
    Test #1063: rxvmchannel_byte_provider ...............   Passed    0.26 sec
      Start 1063: rxvmchannel_byte_provider
    Test #1063: rxvmchannel_byte_provider ...............   Passed    0.26 sec
      Start 1063: rxvmchannel_byte_provider
    Test #1063: rxvmchannel_byte_provider ...............   Passed    0.25 sec
      Start 1063: rxvmchannel_byte_provider
    Test #1063: rxvmchannel_byte_provider ...............   Passed    0.24 sec
      Start 1063: rxvmchannel_byte_provider
    Test #1063: rxvmchannel_byte_provider ...............   Passed    0.25 sec
      Start 1063: rxvmchannel_byte_provider
    Test #1063: rxvmchannel_byte_provider ...............   Passed    0.25 sec
      Start 1063: rxvmchannel_byte_provider
    Test #1063: rxvmchannel_byte_provider ...............   Passed    0.27 sec
      Start 1063: rxvmchannel_byte_provider
    Test #1063: rxvmchannel_byte_provider ...............   Passed    0.26 sec
      Start 1063: rxvmchannel_byte_provider
    Test #1063: rxvmchannel_byte_provider ...............   Passed    0.25 sec
      Start 1063: rxvmchannel_byte_provider
    Test #1063: rxvmchannel_byte_provider ...............   Passed    0.26 sec
      Start 1063: rxvmchannel_byte_provider
    Test #1063: rxvmchannel_byte_provider ...............   Passed    0.26 sec
      Start 1063: rxvmchannel_byte_provider
    Test #1063: rxvmchannel_byte_provider ...............   Passed    0.25 sec
      Start 1063: rxvmchannel_byte_provider
    Test #1063: rxvmchannel_byte_provider ...............   Passed    0.25 sec
      Start 1063: rxvmchannel_byte_provider
    Test #1063: rxvmchannel_byte_provider ...............   Passed    0.27 sec
      Start 1063: rxvmchannel_byte_provider
    Test #1063: rxvmchannel_byte_provider ...............   Passed    0.26 sec
      Start 1063: rxvmchannel_byte_provider
    Test #1063: rxvmchannel_byte_provider ...............   Passed    0.26 sec
      Start 1063: rxvmchannel_byte_provider
    Test #1063: rxvmchannel_byte_provider ...............   Passed    0.26 sec
      Start 1063: rxvmchannel_byte_provider
    Test #1063: rxvmchannel_byte_provider ...............   Passed    0.27 sec
      Start 1063: rxvmchannel_byte_provider
    Test #1063: rxvmchannel_byte_provider ...............   Passed    0.26 sec
      Start 1063: rxvmchannel_byte_provider
    Test #1063: rxvmchannel_byte_provider ...............   Passed    0.25 sec
      Start 1063: rxvmchannel_byte_provider
    Test #1063: rxvmchannel_byte_provider ...............   Passed    0.26 sec
      Start 1063: rxvmchannel_byte_provider
    Test #1063: rxvmchannel_byte_provider ...............   Passed    0.25 sec
      Start 1063: rxvmchannel_byte_provider
    Test #1063: rxvmchannel_byte_provider ...............   Passed    0.25 sec
      Start 1063: rxvmchannel_byte_provider
    Test #1063: rxvmchannel_byte_provider ...............   Passed    0.25 sec
      Start 1063: rxvmchannel_byte_provider
    Test #1063: rxvmchannel_byte_provider ...............   Passed    0.27 sec
      Start 1063: rxvmchannel_byte_provider
    Test #1063: rxvmchannel_byte_provider ...............   Passed    0.26 sec
      Start 1063: rxvmchannel_byte_provider
    Test #1063: rxvmchannel_byte_provider ...............   Passed    0.27 sec
      Start 1063: rxvmchannel_byte_provider
    Test #1063: rxvmchannel_byte_provider ...............   Passed    0.26 sec
      Start 1063: rxvmchannel_byte_provider
    Test #1063: rxvmchannel_byte_provider ...............   Passed    0.26 sec
      Start 1063: rxvmchannel_byte_provider
    Test #1063: rxvmchannel_byte_provider ...............   Passed    0.25 sec
      Start 1063: rxvmchannel_byte_provider
    Test #1063: rxvmchannel_byte_provider ...............   Passed    0.25 sec
      Start 1063: rxvmchannel_byte_provider
    Test #1063: rxvmchannel_byte_provider ...............   Passed    0.27 sec
      Start 1063: rxvmchannel_byte_provider
    Test #1063: rxvmchannel_byte_provider ...............   Passed    0.25 sec
      Start 1063: rxvmchannel_byte_provider
    Test #1063: rxvmchannel_byte_provider ...............   Passed    0.25 sec
      Start 1063: rxvmchannel_byte_provider
    Test #1063: rxvmchannel_byte_provider ...............   Passed    0.25 sec
      Start 1063: rxvmchannel_byte_provider
    Test #1063: rxvmchannel_byte_provider ...............   Passed    0.26 sec
      Start 1063: rxvmchannel_byte_provider
    Test #1063: rxvmchannel_byte_provider ...............   Passed    0.25 sec
      Start 1063: rxvmchannel_byte_provider
    Test #1063: rxvmchannel_byte_provider ...............   Passed    0.26 sec
      Start 1063: rxvmchannel_byte_provider
    Test #1063: rxvmchannel_byte_provider ...............   Passed    0.26 sec
      Start 1063: rxvmchannel_byte_provider
    Test #1063: rxvmchannel_byte_provider ...............   Passed    0.26 sec
      Start 1063: rxvmchannel_byte_provider
    Test #1063: rxvmchannel_byte_provider ...............   Passed    0.25 sec
      Start 1063: rxvmchannel_byte_provider
    Test #1063: rxvmchannel_byte_provider ...............   Passed    0.26 sec
      Start 1063: rxvmchannel_byte_provider
    Test #1063: rxvmchannel_byte_provider ...............   Passed    0.25 sec
      Start 1063: rxvmchannel_byte_provider
    Test #1063: rxvmchannel_byte_provider ...............   Passed    0.25 sec
      Start 1063: rxvmchannel_byte_provider
    Test #1063: rxvmchannel_byte_provider ...............   Passed    0.26 sec
      Start 1063: rxvmchannel_byte_provider
    Test #1063: rxvmchannel_byte_provider ...............   Passed    0.25 sec
      Start 1063: rxvmchannel_byte_provider
    Test #1063: rxvmchannel_byte_provider ...............   Passed    0.25 sec
      Start 1063: rxvmchannel_byte_provider
    Test #1063: rxvmchannel_byte_provider ...............   Passed    0.25 sec
      Start 1063: rxvmchannel_byte_provider
    Test #1063: rxvmchannel_byte_provider ...............   Passed    0.25 sec
      Start 1063: rxvmchannel_byte_provider
    Test #1063: rxvmchannel_byte_provider ...............   Passed    0.26 sec
      Start 1063: rxvmchannel_byte_provider
    Test #1063: rxvmchannel_byte_provider ...............   Passed    0.25 sec
      Start 1063: rxvmchannel_byte_provider
    Test #1063: rxvmchannel_byte_provider ...............   Passed    0.26 sec
      Start 1063: rxvmchannel_byte_provider
    Test #1063: rxvmchannel_byte_provider ...............   Passed    0.25 sec
      Start 1063: rxvmchannel_byte_provider
    Test #1063: rxvmchannel_byte_provider ...............   Passed    0.25 sec
      Start 1063: rxvmchannel_byte_provider
    Test #1063: rxvmchannel_byte_provider ...............   Passed    0.25 sec
      Start 1063: rxvmchannel_byte_provider
    Test #1063: rxvmchannel_byte_provider ...............   Passed    0.25 sec
      Start 1063: rxvmchannel_byte_provider
    Test #1063: rxvmchannel_byte_provider ...............   Passed    0.25 sec
      Start 1063: rxvmchannel_byte_provider
    Test #1063: rxvmchannel_byte_provider ...............   Passed    0.25 sec
      Start 1063: rxvmchannel_byte_provider
    Test #1063: rxvmchannel_byte_provider ...............   Passed    0.25 sec
      Start 1063: rxvmchannel_byte_provider
    Test #1063: rxvmchannel_byte_provider ...............   Passed    0.25 sec
      Start 1063: rxvmchannel_byte_provider
    Test #1063: rxvmchannel_byte_provider ...............   Passed    0.25 sec
      Start 1063: rxvmchannel_byte_provider
    Test #1063: rxvmchannel_byte_provider ...............   Passed    0.25 sec
      Start 1063: rxvmchannel_byte_provider
    Test #1063: rxvmchannel_byte_provider ...............   Passed    0.27 sec
      Start 1063: rxvmchannel_byte_provider
    Test #1063: rxvmchannel_byte_provider ...............   Passed    0.25 sec
      Start 1063: rxvmchannel_byte_provider
    Test #1063: rxvmchannel_byte_provider ...............   Passed    0.26 sec
      Start 1063: rxvmchannel_byte_provider
 3/10 Test #1063: rxvmchannel_byte_provider ...............   Passed    0.26 sec
      Start 1146: gate_f_channel_local_rxbvm
    Test #1146: gate_f_channel_local_rxbvm ..............   Passed    0.30 sec
      Start 1146: gate_f_channel_local_rxbvm
    Test #1146: gate_f_channel_local_rxbvm ..............   Passed    0.03 sec
      Start 1146: gate_f_channel_local_rxbvm
    Test #1146: gate_f_channel_local_rxbvm ..............   Passed    0.03 sec
      Start 1146: gate_f_channel_local_rxbvm
    Test #1146: gate_f_channel_local_rxbvm ..............   Passed    0.03 sec
      Start 1146: gate_f_channel_local_rxbvm
    Test #1146: gate_f_channel_local_rxbvm ..............   Passed    0.03 sec
      Start 1146: gate_f_channel_local_rxbvm
    Test #1146: gate_f_channel_local_rxbvm ..............   Passed    0.03 sec
      Start 1146: gate_f_channel_local_rxbvm
    Test #1146: gate_f_channel_local_rxbvm ..............   Passed    0.03 sec
      Start 1146: gate_f_channel_local_rxbvm
    Test #1146: gate_f_channel_local_rxbvm ..............   Passed    0.03 sec
      Start 1146: gate_f_channel_local_rxbvm
    Test #1146: gate_f_channel_local_rxbvm ..............   Passed    0.03 sec
      Start 1146: gate_f_channel_local_rxbvm
    Test #1146: gate_f_channel_local_rxbvm ..............   Passed    0.03 sec
      Start 1146: gate_f_channel_local_rxbvm
    Test #1146: gate_f_channel_local_rxbvm ..............   Passed    0.03 sec
      Start 1146: gate_f_channel_local_rxbvm
    Test #1146: gate_f_channel_local_rxbvm ..............   Passed    0.03 sec
      Start 1146: gate_f_channel_local_rxbvm
    Test #1146: gate_f_channel_local_rxbvm ..............   Passed    0.03 sec
      Start 1146: gate_f_channel_local_rxbvm
    Test #1146: gate_f_channel_local_rxbvm ..............   Passed    0.03 sec
      Start 1146: gate_f_channel_local_rxbvm
    Test #1146: gate_f_channel_local_rxbvm ..............   Passed    0.03 sec
      Start 1146: gate_f_channel_local_rxbvm
    Test #1146: gate_f_channel_local_rxbvm ..............   Passed    0.03 sec
      Start 1146: gate_f_channel_local_rxbvm
    Test #1146: gate_f_channel_local_rxbvm ..............   Passed    0.03 sec
      Start 1146: gate_f_channel_local_rxbvm
    Test #1146: gate_f_channel_local_rxbvm ..............   Passed    0.03 sec
      Start 1146: gate_f_channel_local_rxbvm
    Test #1146: gate_f_channel_local_rxbvm ..............   Passed    0.03 sec
      Start 1146: gate_f_channel_local_rxbvm
    Test #1146: gate_f_channel_local_rxbvm ..............   Passed    0.03 sec
      Start 1146: gate_f_channel_local_rxbvm
    Test #1146: gate_f_channel_local_rxbvm ..............   Passed    0.03 sec
      Start 1146: gate_f_channel_local_rxbvm
    Test #1146: gate_f_channel_local_rxbvm ..............   Passed    0.03 sec
      Start 1146: gate_f_channel_local_rxbvm
    Test #1146: gate_f_channel_local_rxbvm ..............   Passed    0.03 sec
      Start 1146: gate_f_channel_local_rxbvm
    Test #1146: gate_f_channel_local_rxbvm ..............   Passed    0.03 sec
      Start 1146: gate_f_channel_local_rxbvm
    Test #1146: gate_f_channel_local_rxbvm ..............   Passed    0.03 sec
      Start 1146: gate_f_channel_local_rxbvm
    Test #1146: gate_f_channel_local_rxbvm ..............   Passed    0.03 sec
      Start 1146: gate_f_channel_local_rxbvm
    Test #1146: gate_f_channel_local_rxbvm ..............   Passed    0.03 sec
      Start 1146: gate_f_channel_local_rxbvm
    Test #1146: gate_f_channel_local_rxbvm ..............   Passed    0.03 sec
      Start 1146: gate_f_channel_local_rxbvm
    Test #1146: gate_f_channel_local_rxbvm ..............   Passed    0.03 sec
      Start 1146: gate_f_channel_local_rxbvm
    Test #1146: gate_f_channel_local_rxbvm ..............   Passed    0.03 sec
      Start 1146: gate_f_channel_local_rxbvm
    Test #1146: gate_f_channel_local_rxbvm ..............   Passed    0.03 sec
      Start 1146: gate_f_channel_local_rxbvm
    Test #1146: gate_f_channel_local_rxbvm ..............   Passed    0.03 sec
      Start 1146: gate_f_channel_local_rxbvm
    Test #1146: gate_f_channel_local_rxbvm ..............   Passed    0.03 sec
      Start 1146: gate_f_channel_local_rxbvm
    Test #1146: gate_f_channel_local_rxbvm ..............   Passed    0.03 sec
      Start 1146: gate_f_channel_local_rxbvm
    Test #1146: gate_f_channel_local_rxbvm ..............   Passed    0.03 sec
      Start 1146: gate_f_channel_local_rxbvm
    Test #1146: gate_f_channel_local_rxbvm ..............   Passed    0.03 sec
      Start 1146: gate_f_channel_local_rxbvm
    Test #1146: gate_f_channel_local_rxbvm ..............   Passed    0.03 sec
      Start 1146: gate_f_channel_local_rxbvm
    Test #1146: gate_f_channel_local_rxbvm ..............   Passed    0.03 sec
      Start 1146: gate_f_channel_local_rxbvm
    Test #1146: gate_f_channel_local_rxbvm ..............   Passed    0.03 sec
      Start 1146: gate_f_channel_local_rxbvm
    Test #1146: gate_f_channel_local_rxbvm ..............   Passed    0.03 sec
      Start 1146: gate_f_channel_local_rxbvm
    Test #1146: gate_f_channel_local_rxbvm ..............   Passed    0.03 sec
      Start 1146: gate_f_channel_local_rxbvm
    Test #1146: gate_f_channel_local_rxbvm ..............   Passed    0.03 sec
      Start 1146: gate_f_channel_local_rxbvm
    Test #1146: gate_f_channel_local_rxbvm ..............   Passed    0.03 sec
      Start 1146: gate_f_channel_local_rxbvm
    Test #1146: gate_f_channel_local_rxbvm ..............   Passed    0.03 sec
      Start 1146: gate_f_channel_local_rxbvm
    Test #1146: gate_f_channel_local_rxbvm ..............   Passed    0.03 sec
      Start 1146: gate_f_channel_local_rxbvm
    Test #1146: gate_f_channel_local_rxbvm ..............   Passed    0.03 sec
      Start 1146: gate_f_channel_local_rxbvm
    Test #1146: gate_f_channel_local_rxbvm ..............   Passed    0.03 sec
      Start 1146: gate_f_channel_local_rxbvm
    Test #1146: gate_f_channel_local_rxbvm ..............   Passed    0.03 sec
      Start 1146: gate_f_channel_local_rxbvm
    Test #1146: gate_f_channel_local_rxbvm ..............   Passed    0.03 sec
      Start 1146: gate_f_channel_local_rxbvm
    Test #1146: gate_f_channel_local_rxbvm ..............   Passed    0.03 sec
      Start 1146: gate_f_channel_local_rxbvm
    Test #1146: gate_f_channel_local_rxbvm ..............   Passed    0.03 sec
      Start 1146: gate_f_channel_local_rxbvm
    Test #1146: gate_f_channel_local_rxbvm ..............   Passed    0.03 sec
      Start 1146: gate_f_channel_local_rxbvm
    Test #1146: gate_f_channel_local_rxbvm ..............   Passed    0.03 sec
      Start 1146: gate_f_channel_local_rxbvm
    Test #1146: gate_f_channel_local_rxbvm ..............   Passed    0.03 sec
      Start 1146: gate_f_channel_local_rxbvm
    Test #1146: gate_f_channel_local_rxbvm ..............   Passed    0.03 sec
      Start 1146: gate_f_channel_local_rxbvm
    Test #1146: gate_f_channel_local_rxbvm ..............   Passed    0.03 sec
      Start 1146: gate_f_channel_local_rxbvm
    Test #1146: gate_f_channel_local_rxbvm ..............   Passed    0.03 sec
      Start 1146: gate_f_channel_local_rxbvm
    Test #1146: gate_f_channel_local_rxbvm ..............   Passed    0.03 sec
      Start 1146: gate_f_channel_local_rxbvm
    Test #1146: gate_f_channel_local_rxbvm ..............   Passed    0.03 sec
      Start 1146: gate_f_channel_local_rxbvm
    Test #1146: gate_f_channel_local_rxbvm ..............   Passed    0.03 sec
      Start 1146: gate_f_channel_local_rxbvm
    Test #1146: gate_f_channel_local_rxbvm ..............   Passed    0.03 sec
      Start 1146: gate_f_channel_local_rxbvm
    Test #1146: gate_f_channel_local_rxbvm ..............   Passed    0.03 sec
      Start 1146: gate_f_channel_local_rxbvm
    Test #1146: gate_f_channel_local_rxbvm ..............   Passed    0.03 sec
      Start 1146: gate_f_channel_local_rxbvm
    Test #1146: gate_f_channel_local_rxbvm ..............   Passed    0.03 sec
      Start 1146: gate_f_channel_local_rxbvm
    Test #1146: gate_f_channel_local_rxbvm ..............   Passed    0.03 sec
      Start 1146: gate_f_channel_local_rxbvm
    Test #1146: gate_f_channel_local_rxbvm ..............   Passed    0.03 sec
      Start 1146: gate_f_channel_local_rxbvm
    Test #1146: gate_f_channel_local_rxbvm ..............   Passed    0.03 sec
      Start 1146: gate_f_channel_local_rxbvm
    Test #1146: gate_f_channel_local_rxbvm ..............   Passed    0.03 sec
      Start 1146: gate_f_channel_local_rxbvm
    Test #1146: gate_f_channel_local_rxbvm ..............   Passed    0.03 sec
      Start 1146: gate_f_channel_local_rxbvm
    Test #1146: gate_f_channel_local_rxbvm ..............   Passed    0.03 sec
      Start 1146: gate_f_channel_local_rxbvm
    Test #1146: gate_f_channel_local_rxbvm ..............   Passed    0.03 sec
      Start 1146: gate_f_channel_local_rxbvm
    Test #1146: gate_f_channel_local_rxbvm ..............   Passed    0.03 sec
      Start 1146: gate_f_channel_local_rxbvm
    Test #1146: gate_f_channel_local_rxbvm ..............   Passed    0.03 sec
      Start 1146: gate_f_channel_local_rxbvm
    Test #1146: gate_f_channel_local_rxbvm ..............   Passed    0.03 sec
      Start 1146: gate_f_channel_local_rxbvm
    Test #1146: gate_f_channel_local_rxbvm ..............   Passed    0.03 sec
      Start 1146: gate_f_channel_local_rxbvm
    Test #1146: gate_f_channel_local_rxbvm ..............   Passed    0.03 sec
      Start 1146: gate_f_channel_local_rxbvm
    Test #1146: gate_f_channel_local_rxbvm ..............   Passed    0.03 sec
      Start 1146: gate_f_channel_local_rxbvm
    Test #1146: gate_f_channel_local_rxbvm ..............   Passed    0.03 sec
      Start 1146: gate_f_channel_local_rxbvm
    Test #1146: gate_f_channel_local_rxbvm ..............   Passed    0.03 sec
      Start 1146: gate_f_channel_local_rxbvm
    Test #1146: gate_f_channel_local_rxbvm ..............   Passed    0.03 sec
      Start 1146: gate_f_channel_local_rxbvm
    Test #1146: gate_f_channel_local_rxbvm ..............   Passed    0.03 sec
      Start 1146: gate_f_channel_local_rxbvm
    Test #1146: gate_f_channel_local_rxbvm ..............   Passed    0.03 sec
      Start 1146: gate_f_channel_local_rxbvm
    Test #1146: gate_f_channel_local_rxbvm ..............   Passed    0.03 sec
      Start 1146: gate_f_channel_local_rxbvm
    Test #1146: gate_f_channel_local_rxbvm ..............   Passed    0.03 sec
      Start 1146: gate_f_channel_local_rxbvm
    Test #1146: gate_f_channel_local_rxbvm ..............   Passed    0.03 sec
      Start 1146: gate_f_channel_local_rxbvm
    Test #1146: gate_f_channel_local_rxbvm ..............   Passed    0.03 sec
      Start 1146: gate_f_channel_local_rxbvm
    Test #1146: gate_f_channel_local_rxbvm ..............   Passed    0.03 sec
      Start 1146: gate_f_channel_local_rxbvm
    Test #1146: gate_f_channel_local_rxbvm ..............   Passed    0.03 sec
      Start 1146: gate_f_channel_local_rxbvm
    Test #1146: gate_f_channel_local_rxbvm ..............   Passed    0.03 sec
      Start 1146: gate_f_channel_local_rxbvm
    Test #1146: gate_f_channel_local_rxbvm ..............   Passed    0.03 sec
      Start 1146: gate_f_channel_local_rxbvm
    Test #1146: gate_f_channel_local_rxbvm ..............   Passed    0.03 sec
      Start 1146: gate_f_channel_local_rxbvm
    Test #1146: gate_f_channel_local_rxbvm ..............   Passed    0.03 sec
      Start 1146: gate_f_channel_local_rxbvm
    Test #1146: gate_f_channel_local_rxbvm ..............   Passed    0.03 sec
      Start 1146: gate_f_channel_local_rxbvm
    Test #1146: gate_f_channel_local_rxbvm ..............   Passed    0.03 sec
      Start 1146: gate_f_channel_local_rxbvm
    Test #1146: gate_f_channel_local_rxbvm ..............   Passed    0.03 sec
      Start 1146: gate_f_channel_local_rxbvm
    Test #1146: gate_f_channel_local_rxbvm ..............   Passed    0.03 sec
      Start 1146: gate_f_channel_local_rxbvm
    Test #1146: gate_f_channel_local_rxbvm ..............   Passed    0.03 sec
      Start 1146: gate_f_channel_local_rxbvm
    Test #1146: gate_f_channel_local_rxbvm ..............   Passed    0.03 sec
      Start 1146: gate_f_channel_local_rxbvm
    Test #1146: gate_f_channel_local_rxbvm ..............   Passed    0.03 sec
      Start 1146: gate_f_channel_local_rxbvm
 4/10 Test #1146: gate_f_channel_local_rxbvm ..............   Passed    0.03 sec
      Start 1147: gate_f_channel_local_rxtvm
    Test #1147: gate_f_channel_local_rxtvm ..............   Passed    0.32 sec
      Start 1147: gate_f_channel_local_rxtvm
    Test #1147: gate_f_channel_local_rxtvm ..............   Passed    0.03 sec
      Start 1147: gate_f_channel_local_rxtvm
    Test #1147: gate_f_channel_local_rxtvm ..............   Passed    0.03 sec
      Start 1147: gate_f_channel_local_rxtvm
    Test #1147: gate_f_channel_local_rxtvm ..............   Passed    0.03 sec
      Start 1147: gate_f_channel_local_rxtvm
    Test #1147: gate_f_channel_local_rxtvm ..............   Passed    0.03 sec
      Start 1147: gate_f_channel_local_rxtvm
    Test #1147: gate_f_channel_local_rxtvm ..............   Passed    0.03 sec
      Start 1147: gate_f_channel_local_rxtvm
    Test #1147: gate_f_channel_local_rxtvm ..............   Passed    0.03 sec
      Start 1147: gate_f_channel_local_rxtvm
    Test #1147: gate_f_channel_local_rxtvm ..............   Passed    0.03 sec
      Start 1147: gate_f_channel_local_rxtvm
    Test #1147: gate_f_channel_local_rxtvm ..............   Passed    0.03 sec
      Start 1147: gate_f_channel_local_rxtvm
    Test #1147: gate_f_channel_local_rxtvm ..............   Passed    0.03 sec
      Start 1147: gate_f_channel_local_rxtvm
    Test #1147: gate_f_channel_local_rxtvm ..............   Passed    0.03 sec
      Start 1147: gate_f_channel_local_rxtvm
    Test #1147: gate_f_channel_local_rxtvm ..............   Passed    0.03 sec
      Start 1147: gate_f_channel_local_rxtvm
    Test #1147: gate_f_channel_local_rxtvm ..............   Passed    0.03 sec
      Start 1147: gate_f_channel_local_rxtvm
    Test #1147: gate_f_channel_local_rxtvm ..............   Passed    0.03 sec
      Start 1147: gate_f_channel_local_rxtvm
    Test #1147: gate_f_channel_local_rxtvm ..............   Passed    0.03 sec
      Start 1147: gate_f_channel_local_rxtvm
    Test #1147: gate_f_channel_local_rxtvm ..............   Passed    0.03 sec
      Start 1147: gate_f_channel_local_rxtvm
    Test #1147: gate_f_channel_local_rxtvm ..............   Passed    0.03 sec
      Start 1147: gate_f_channel_local_rxtvm
    Test #1147: gate_f_channel_local_rxtvm ..............   Passed    0.03 sec
      Start 1147: gate_f_channel_local_rxtvm
    Test #1147: gate_f_channel_local_rxtvm ..............   Passed    0.03 sec
      Start 1147: gate_f_channel_local_rxtvm
    Test #1147: gate_f_channel_local_rxtvm ..............   Passed    0.03 sec
      Start 1147: gate_f_channel_local_rxtvm
    Test #1147: gate_f_channel_local_rxtvm ..............   Passed    0.03 sec
      Start 1147: gate_f_channel_local_rxtvm
    Test #1147: gate_f_channel_local_rxtvm ..............   Passed    0.03 sec
      Start 1147: gate_f_channel_local_rxtvm
    Test #1147: gate_f_channel_local_rxtvm ..............   Passed    0.03 sec
      Start 1147: gate_f_channel_local_rxtvm
    Test #1147: gate_f_channel_local_rxtvm ..............   Passed    0.03 sec
      Start 1147: gate_f_channel_local_rxtvm
    Test #1147: gate_f_channel_local_rxtvm ..............   Passed    0.03 sec
      Start 1147: gate_f_channel_local_rxtvm
    Test #1147: gate_f_channel_local_rxtvm ..............   Passed    0.03 sec
      Start 1147: gate_f_channel_local_rxtvm
    Test #1147: gate_f_channel_local_rxtvm ..............   Passed    0.03 sec
      Start 1147: gate_f_channel_local_rxtvm
    Test #1147: gate_f_channel_local_rxtvm ..............   Passed    0.03 sec
      Start 1147: gate_f_channel_local_rxtvm
    Test #1147: gate_f_channel_local_rxtvm ..............   Passed    0.03 sec
      Start 1147: gate_f_channel_local_rxtvm
    Test #1147: gate_f_channel_local_rxtvm ..............   Passed    0.03 sec
      Start 1147: gate_f_channel_local_rxtvm
    Test #1147: gate_f_channel_local_rxtvm ..............   Passed    0.03 sec
      Start 1147: gate_f_channel_local_rxtvm
    Test #1147: gate_f_channel_local_rxtvm ..............   Passed    0.03 sec
      Start 1147: gate_f_channel_local_rxtvm
    Test #1147: gate_f_channel_local_rxtvm ..............   Passed    0.03 sec
      Start 1147: gate_f_channel_local_rxtvm
    Test #1147: gate_f_channel_local_rxtvm ..............   Passed    0.03 sec
      Start 1147: gate_f_channel_local_rxtvm
    Test #1147: gate_f_channel_local_rxtvm ..............   Passed    0.03 sec
      Start 1147: gate_f_channel_local_rxtvm
    Test #1147: gate_f_channel_local_rxtvm ..............   Passed    0.03 sec
      Start 1147: gate_f_channel_local_rxtvm
    Test #1147: gate_f_channel_local_rxtvm ..............   Passed    0.03 sec
      Start 1147: gate_f_channel_local_rxtvm
    Test #1147: gate_f_channel_local_rxtvm ..............   Passed    0.03 sec
      Start 1147: gate_f_channel_local_rxtvm
    Test #1147: gate_f_channel_local_rxtvm ..............   Passed    0.03 sec
      Start 1147: gate_f_channel_local_rxtvm
    Test #1147: gate_f_channel_local_rxtvm ..............   Passed    0.03 sec
      Start 1147: gate_f_channel_local_rxtvm
    Test #1147: gate_f_channel_local_rxtvm ..............   Passed    0.03 sec
      Start 1147: gate_f_channel_local_rxtvm
    Test #1147: gate_f_channel_local_rxtvm ..............   Passed    0.03 sec
      Start 1147: gate_f_channel_local_rxtvm
    Test #1147: gate_f_channel_local_rxtvm ..............   Passed    0.03 sec
      Start 1147: gate_f_channel_local_rxtvm
    Test #1147: gate_f_channel_local_rxtvm ..............   Passed    0.03 sec
      Start 1147: gate_f_channel_local_rxtvm
    Test #1147: gate_f_channel_local_rxtvm ..............   Passed    0.03 sec
      Start 1147: gate_f_channel_local_rxtvm
    Test #1147: gate_f_channel_local_rxtvm ..............   Passed    0.03 sec
      Start 1147: gate_f_channel_local_rxtvm
    Test #1147: gate_f_channel_local_rxtvm ..............   Passed    0.03 sec
      Start 1147: gate_f_channel_local_rxtvm
    Test #1147: gate_f_channel_local_rxtvm ..............   Passed    0.03 sec
      Start 1147: gate_f_channel_local_rxtvm
    Test #1147: gate_f_channel_local_rxtvm ..............   Passed    0.03 sec
      Start 1147: gate_f_channel_local_rxtvm
    Test #1147: gate_f_channel_local_rxtvm ..............   Passed    0.03 sec
      Start 1147: gate_f_channel_local_rxtvm
    Test #1147: gate_f_channel_local_rxtvm ..............   Passed    0.03 sec
      Start 1147: gate_f_channel_local_rxtvm
    Test #1147: gate_f_channel_local_rxtvm ..............   Passed    0.03 sec
      Start 1147: gate_f_channel_local_rxtvm
    Test #1147: gate_f_channel_local_rxtvm ..............   Passed    0.03 sec
      Start 1147: gate_f_channel_local_rxtvm
    Test #1147: gate_f_channel_local_rxtvm ..............   Passed    0.03 sec
      Start 1147: gate_f_channel_local_rxtvm
    Test #1147: gate_f_channel_local_rxtvm ..............   Passed    0.03 sec
      Start 1147: gate_f_channel_local_rxtvm
    Test #1147: gate_f_channel_local_rxtvm ..............   Passed    0.03 sec
      Start 1147: gate_f_channel_local_rxtvm
    Test #1147: gate_f_channel_local_rxtvm ..............   Passed    0.03 sec
      Start 1147: gate_f_channel_local_rxtvm
    Test #1147: gate_f_channel_local_rxtvm ..............   Passed    0.03 sec
      Start 1147: gate_f_channel_local_rxtvm
    Test #1147: gate_f_channel_local_rxtvm ..............   Passed    0.03 sec
      Start 1147: gate_f_channel_local_rxtvm
    Test #1147: gate_f_channel_local_rxtvm ..............   Passed    0.03 sec
      Start 1147: gate_f_channel_local_rxtvm
    Test #1147: gate_f_channel_local_rxtvm ..............   Passed    0.03 sec
      Start 1147: gate_f_channel_local_rxtvm
    Test #1147: gate_f_channel_local_rxtvm ..............   Passed    0.03 sec
      Start 1147: gate_f_channel_local_rxtvm
    Test #1147: gate_f_channel_local_rxtvm ..............   Passed    0.03 sec
      Start 1147: gate_f_channel_local_rxtvm
    Test #1147: gate_f_channel_local_rxtvm ..............   Passed    0.03 sec
      Start 1147: gate_f_channel_local_rxtvm
    Test #1147: gate_f_channel_local_rxtvm ..............   Passed    0.03 sec
      Start 1147: gate_f_channel_local_rxtvm
    Test #1147: gate_f_channel_local_rxtvm ..............   Passed    0.03 sec
      Start 1147: gate_f_channel_local_rxtvm
    Test #1147: gate_f_channel_local_rxtvm ..............   Passed    0.03 sec
      Start 1147: gate_f_channel_local_rxtvm
    Test #1147: gate_f_channel_local_rxtvm ..............   Passed    0.03 sec
      Start 1147: gate_f_channel_local_rxtvm
    Test #1147: gate_f_channel_local_rxtvm ..............   Passed    0.03 sec
      Start 1147: gate_f_channel_local_rxtvm
    Test #1147: gate_f_channel_local_rxtvm ..............   Passed    0.03 sec
      Start 1147: gate_f_channel_local_rxtvm
    Test #1147: gate_f_channel_local_rxtvm ..............   Passed    0.03 sec
      Start 1147: gate_f_channel_local_rxtvm
    Test #1147: gate_f_channel_local_rxtvm ..............   Passed    0.03 sec
      Start 1147: gate_f_channel_local_rxtvm
    Test #1147: gate_f_channel_local_rxtvm ..............   Passed    0.03 sec
      Start 1147: gate_f_channel_local_rxtvm
    Test #1147: gate_f_channel_local_rxtvm ..............   Passed    0.03 sec
      Start 1147: gate_f_channel_local_rxtvm
    Test #1147: gate_f_channel_local_rxtvm ..............   Passed    0.03 sec
      Start 1147: gate_f_channel_local_rxtvm
    Test #1147: gate_f_channel_local_rxtvm ..............   Passed    0.03 sec
      Start 1147: gate_f_channel_local_rxtvm
    Test #1147: gate_f_channel_local_rxtvm ..............   Passed    0.03 sec
      Start 1147: gate_f_channel_local_rxtvm
    Test #1147: gate_f_channel_local_rxtvm ..............   Passed    0.03 sec
      Start 1147: gate_f_channel_local_rxtvm
    Test #1147: gate_f_channel_local_rxtvm ..............   Passed    0.03 sec
      Start 1147: gate_f_channel_local_rxtvm
    Test #1147: gate_f_channel_local_rxtvm ..............   Passed    0.03 sec
      Start 1147: gate_f_channel_local_rxtvm
    Test #1147: gate_f_channel_local_rxtvm ..............   Passed    0.03 sec
      Start 1147: gate_f_channel_local_rxtvm
    Test #1147: gate_f_channel_local_rxtvm ..............   Passed    0.03 sec
      Start 1147: gate_f_channel_local_rxtvm
    Test #1147: gate_f_channel_local_rxtvm ..............   Passed    0.03 sec
      Start 1147: gate_f_channel_local_rxtvm
    Test #1147: gate_f_channel_local_rxtvm ..............   Passed    0.03 sec
      Start 1147: gate_f_channel_local_rxtvm
    Test #1147: gate_f_channel_local_rxtvm ..............   Passed    0.03 sec
      Start 1147: gate_f_channel_local_rxtvm
    Test #1147: gate_f_channel_local_rxtvm ..............   Passed    0.03 sec
      Start 1147: gate_f_channel_local_rxtvm
    Test #1147: gate_f_channel_local_rxtvm ..............   Passed    0.03 sec
      Start 1147: gate_f_channel_local_rxtvm
    Test #1147: gate_f_channel_local_rxtvm ..............   Passed    0.03 sec
      Start 1147: gate_f_channel_local_rxtvm
    Test #1147: gate_f_channel_local_rxtvm ..............   Passed    0.03 sec
      Start 1147: gate_f_channel_local_rxtvm
    Test #1147: gate_f_channel_local_rxtvm ..............   Passed    0.03 sec
      Start 1147: gate_f_channel_local_rxtvm
    Test #1147: gate_f_channel_local_rxtvm ..............   Passed    0.03 sec
      Start 1147: gate_f_channel_local_rxtvm
    Test #1147: gate_f_channel_local_rxtvm ..............   Passed    0.03 sec
      Start 1147: gate_f_channel_local_rxtvm
    Test #1147: gate_f_channel_local_rxtvm ..............   Passed    0.03 sec
      Start 1147: gate_f_channel_local_rxtvm
    Test #1147: gate_f_channel_local_rxtvm ..............   Passed    0.03 sec
      Start 1147: gate_f_channel_local_rxtvm
    Test #1147: gate_f_channel_local_rxtvm ..............   Passed    0.03 sec
      Start 1147: gate_f_channel_local_rxtvm
    Test #1147: gate_f_channel_local_rxtvm ..............   Passed    0.03 sec
      Start 1147: gate_f_channel_local_rxtvm
    Test #1147: gate_f_channel_local_rxtvm ..............   Passed    0.03 sec
      Start 1147: gate_f_channel_local_rxtvm
    Test #1147: gate_f_channel_local_rxtvm ..............   Passed    0.03 sec
      Start 1147: gate_f_channel_local_rxtvm
    Test #1147: gate_f_channel_local_rxtvm ..............   Passed    0.03 sec
      Start 1147: gate_f_channel_local_rxtvm
 5/10 Test #1147: gate_f_channel_local_rxtvm ..............   Passed    0.03 sec
      Start 1148: rxvmchannel_process_crash_replacement
    Test #1148: rxvmchannel_process_crash_replacement ...   Passed    0.46 sec
      Start 1148: rxvmchannel_process_crash_replacement
    Test #1148: rxvmchannel_process_crash_replacement ...   Passed    0.08 sec
      Start 1148: rxvmchannel_process_crash_replacement
    Test #1148: rxvmchannel_process_crash_replacement ...   Passed    0.08 sec
      Start 1148: rxvmchannel_process_crash_replacement
    Test #1148: rxvmchannel_process_crash_replacement ...   Passed    0.08 sec
      Start 1148: rxvmchannel_process_crash_replacement
    Test #1148: rxvmchannel_process_crash_replacement ...   Passed    0.08 sec
      Start 1148: rxvmchannel_process_crash_replacement
    Test #1148: rxvmchannel_process_crash_replacement ...   Passed    0.07 sec
      Start 1148: rxvmchannel_process_crash_replacement
    Test #1148: rxvmchannel_process_crash_replacement ...   Passed    0.06 sec
      Start 1148: rxvmchannel_process_crash_replacement
    Test #1148: rxvmchannel_process_crash_replacement ...   Passed    0.06 sec
      Start 1148: rxvmchannel_process_crash_replacement
    Test #1148: rxvmchannel_process_crash_replacement ...   Passed    0.05 sec
      Start 1148: rxvmchannel_process_crash_replacement
    Test #1148: rxvmchannel_process_crash_replacement ...   Passed    0.08 sec
      Start 1148: rxvmchannel_process_crash_replacement
    Test #1148: rxvmchannel_process_crash_replacement ...   Passed    0.07 sec
      Start 1148: rxvmchannel_process_crash_replacement
    Test #1148: rxvmchannel_process_crash_replacement ...   Passed    0.05 sec
      Start 1148: rxvmchannel_process_crash_replacement
    Test #1148: rxvmchannel_process_crash_replacement ...   Passed    0.07 sec
      Start 1148: rxvmchannel_process_crash_replacement
    Test #1148: rxvmchannel_process_crash_replacement ...   Passed    0.08 sec
      Start 1148: rxvmchannel_process_crash_replacement
    Test #1148: rxvmchannel_process_crash_replacement ...   Passed    0.07 sec
      Start 1148: rxvmchannel_process_crash_replacement
    Test #1148: rxvmchannel_process_crash_replacement ...   Passed    0.07 sec
      Start 1148: rxvmchannel_process_crash_replacement
    Test #1148: rxvmchannel_process_crash_replacement ...   Passed    0.06 sec
      Start 1148: rxvmchannel_process_crash_replacement
    Test #1148: rxvmchannel_process_crash_replacement ...   Passed    0.06 sec
      Start 1148: rxvmchannel_process_crash_replacement
    Test #1148: rxvmchannel_process_crash_replacement ...   Passed    0.06 sec
      Start 1148: rxvmchannel_process_crash_replacement
    Test #1148: rxvmchannel_process_crash_replacement ...   Passed    0.05 sec
      Start 1148: rxvmchannel_process_crash_replacement
    Test #1148: rxvmchannel_process_crash_replacement ...   Passed    0.06 sec
      Start 1148: rxvmchannel_process_crash_replacement
    Test #1148: rxvmchannel_process_crash_replacement ...   Passed    0.06 sec
      Start 1148: rxvmchannel_process_crash_replacement
    Test #1148: rxvmchannel_process_crash_replacement ...   Passed    0.05 sec
      Start 1148: rxvmchannel_process_crash_replacement
    Test #1148: rxvmchannel_process_crash_replacement ...   Passed    0.08 sec
      Start 1148: rxvmchannel_process_crash_replacement
    Test #1148: rxvmchannel_process_crash_replacement ...   Passed    0.06 sec
      Start 1148: rxvmchannel_process_crash_replacement
    Test #1148: rxvmchannel_process_crash_replacement ...   Passed    0.06 sec
      Start 1148: rxvmchannel_process_crash_replacement
    Test #1148: rxvmchannel_process_crash_replacement ...   Passed    0.07 sec
      Start 1148: rxvmchannel_process_crash_replacement
    Test #1148: rxvmchannel_process_crash_replacement ...   Passed    0.07 sec
      Start 1148: rxvmchannel_process_crash_replacement
    Test #1148: rxvmchannel_process_crash_replacement ...   Passed    0.06 sec
      Start 1148: rxvmchannel_process_crash_replacement
    Test #1148: rxvmchannel_process_crash_replacement ...   Passed    0.08 sec
      Start 1148: rxvmchannel_process_crash_replacement
    Test #1148: rxvmchannel_process_crash_replacement ...   Passed    0.08 sec
      Start 1148: rxvmchannel_process_crash_replacement
    Test #1148: rxvmchannel_process_crash_replacement ...   Passed    0.08 sec
      Start 1148: rxvmchannel_process_crash_replacement
    Test #1148: rxvmchannel_process_crash_replacement ...   Passed    0.06 sec
      Start 1148: rxvmchannel_process_crash_replacement
    Test #1148: rxvmchannel_process_crash_replacement ...   Passed    0.07 sec
      Start 1148: rxvmchannel_process_crash_replacement
    Test #1148: rxvmchannel_process_crash_replacement ...   Passed    0.07 sec
      Start 1148: rxvmchannel_process_crash_replacement
    Test #1148: rxvmchannel_process_crash_replacement ...   Passed    0.08 sec
      Start 1148: rxvmchannel_process_crash_replacement
    Test #1148: rxvmchannel_process_crash_replacement ...   Passed    0.08 sec
      Start 1148: rxvmchannel_process_crash_replacement
    Test #1148: rxvmchannel_process_crash_replacement ...   Passed    0.07 sec
      Start 1148: rxvmchannel_process_crash_replacement
    Test #1148: rxvmchannel_process_crash_replacement ...   Passed    0.07 sec
      Start 1148: rxvmchannel_process_crash_replacement
    Test #1148: rxvmchannel_process_crash_replacement ...   Passed    0.08 sec
      Start 1148: rxvmchannel_process_crash_replacement
    Test #1148: rxvmchannel_process_crash_replacement ...   Passed    0.07 sec
      Start 1148: rxvmchannel_process_crash_replacement
    Test #1148: rxvmchannel_process_crash_replacement ...   Passed    0.06 sec
      Start 1148: rxvmchannel_process_crash_replacement
    Test #1148: rxvmchannel_process_crash_replacement ...   Passed    0.08 sec
      Start 1148: rxvmchannel_process_crash_replacement
    Test #1148: rxvmchannel_process_crash_replacement ...   Passed    0.08 sec
      Start 1148: rxvmchannel_process_crash_replacement
    Test #1148: rxvmchannel_process_crash_replacement ...   Passed    0.05 sec
      Start 1148: rxvmchannel_process_crash_replacement
    Test #1148: rxvmchannel_process_crash_replacement ...   Passed    0.08 sec
      Start 1148: rxvmchannel_process_crash_replacement
    Test #1148: rxvmchannel_process_crash_replacement ...   Passed    0.06 sec
      Start 1148: rxvmchannel_process_crash_replacement
    Test #1148: rxvmchannel_process_crash_replacement ...   Passed    0.08 sec
      Start 1148: rxvmchannel_process_crash_replacement
    Test #1148: rxvmchannel_process_crash_replacement ...   Passed    0.06 sec
      Start 1148: rxvmchannel_process_crash_replacement
    Test #1148: rxvmchannel_process_crash_replacement ...   Passed    0.05 sec
      Start 1148: rxvmchannel_process_crash_replacement
    Test #1148: rxvmchannel_process_crash_replacement ...   Passed    0.06 sec
      Start 1148: rxvmchannel_process_crash_replacement
    Test #1148: rxvmchannel_process_crash_replacement ...   Passed    0.07 sec
      Start 1148: rxvmchannel_process_crash_replacement
    Test #1148: rxvmchannel_process_crash_replacement ...   Passed    0.06 sec
      Start 1148: rxvmchannel_process_crash_replacement
    Test #1148: rxvmchannel_process_crash_replacement ...   Passed    0.06 sec
      Start 1148: rxvmchannel_process_crash_replacement
    Test #1148: rxvmchannel_process_crash_replacement ...   Passed    0.07 sec
      Start 1148: rxvmchannel_process_crash_replacement
    Test #1148: rxvmchannel_process_crash_replacement ...   Passed    0.08 sec
      Start 1148: rxvmchannel_process_crash_replacement
    Test #1148: rxvmchannel_process_crash_replacement ...   Passed    0.07 sec
      Start 1148: rxvmchannel_process_crash_replacement
    Test #1148: rxvmchannel_process_crash_replacement ...   Passed    0.06 sec
      Start 1148: rxvmchannel_process_crash_replacement
    Test #1148: rxvmchannel_process_crash_replacement ...   Passed    0.06 sec
      Start 1148: rxvmchannel_process_crash_replacement
    Test #1148: rxvmchannel_process_crash_replacement ...   Passed    0.05 sec
      Start 1148: rxvmchannel_process_crash_replacement
    Test #1148: rxvmchannel_process_crash_replacement ...   Passed    0.06 sec
      Start 1148: rxvmchannel_process_crash_replacement
    Test #1148: rxvmchannel_process_crash_replacement ...   Passed    0.06 sec
      Start 1148: rxvmchannel_process_crash_replacement
    Test #1148: rxvmchannel_process_crash_replacement ...   Passed    0.08 sec
      Start 1148: rxvmchannel_process_crash_replacement
    Test #1148: rxvmchannel_process_crash_replacement ...   Passed    0.07 sec
      Start 1148: rxvmchannel_process_crash_replacement
    Test #1148: rxvmchannel_process_crash_replacement ...   Passed    0.07 sec
      Start 1148: rxvmchannel_process_crash_replacement
    Test #1148: rxvmchannel_process_crash_replacement ...   Passed    0.07 sec
      Start 1148: rxvmchannel_process_crash_replacement
    Test #1148: rxvmchannel_process_crash_replacement ...   Passed    0.08 sec
      Start 1148: rxvmchannel_process_crash_replacement
    Test #1148: rxvmchannel_process_crash_replacement ...   Passed    0.07 sec
      Start 1148: rxvmchannel_process_crash_replacement
    Test #1148: rxvmchannel_process_crash_replacement ...   Passed    0.06 sec
      Start 1148: rxvmchannel_process_crash_replacement
    Test #1148: rxvmchannel_process_crash_replacement ...   Passed    0.05 sec
      Start 1148: rxvmchannel_process_crash_replacement
    Test #1148: rxvmchannel_process_crash_replacement ...   Passed    0.07 sec
      Start 1148: rxvmchannel_process_crash_replacement
    Test #1148: rxvmchannel_process_crash_replacement ...   Passed    0.07 sec
      Start 1148: rxvmchannel_process_crash_replacement
    Test #1148: rxvmchannel_process_crash_replacement ...   Passed    0.07 sec
      Start 1148: rxvmchannel_process_crash_replacement
    Test #1148: rxvmchannel_process_crash_replacement ...   Passed    0.07 sec
      Start 1148: rxvmchannel_process_crash_replacement
    Test #1148: rxvmchannel_process_crash_replacement ...   Passed    0.08 sec
      Start 1148: rxvmchannel_process_crash_replacement
    Test #1148: rxvmchannel_process_crash_replacement ...   Passed    0.06 sec
      Start 1148: rxvmchannel_process_crash_replacement
    Test #1148: rxvmchannel_process_crash_replacement ...   Passed    0.06 sec
      Start 1148: rxvmchannel_process_crash_replacement
    Test #1148: rxvmchannel_process_crash_replacement ...   Passed    0.06 sec
      Start 1148: rxvmchannel_process_crash_replacement
    Test #1148: rxvmchannel_process_crash_replacement ...   Passed    0.08 sec
      Start 1148: rxvmchannel_process_crash_replacement
    Test #1148: rxvmchannel_process_crash_replacement ...   Passed    0.06 sec
      Start 1148: rxvmchannel_process_crash_replacement
    Test #1148: rxvmchannel_process_crash_replacement ...   Passed    0.05 sec
      Start 1148: rxvmchannel_process_crash_replacement
    Test #1148: rxvmchannel_process_crash_replacement ...   Passed    0.06 sec
      Start 1148: rxvmchannel_process_crash_replacement
    Test #1148: rxvmchannel_process_crash_replacement ...   Passed    0.08 sec
      Start 1148: rxvmchannel_process_crash_replacement
    Test #1148: rxvmchannel_process_crash_replacement ...   Passed    0.08 sec
      Start 1148: rxvmchannel_process_crash_replacement
    Test #1148: rxvmchannel_process_crash_replacement ...   Passed    0.07 sec
      Start 1148: rxvmchannel_process_crash_replacement
    Test #1148: rxvmchannel_process_crash_replacement ...   Passed    0.06 sec
      Start 1148: rxvmchannel_process_crash_replacement
    Test #1148: rxvmchannel_process_crash_replacement ...   Passed    0.08 sec
      Start 1148: rxvmchannel_process_crash_replacement
    Test #1148: rxvmchannel_process_crash_replacement ...   Passed    0.06 sec
      Start 1148: rxvmchannel_process_crash_replacement
    Test #1148: rxvmchannel_process_crash_replacement ...   Passed    0.06 sec
      Start 1148: rxvmchannel_process_crash_replacement
    Test #1148: rxvmchannel_process_crash_replacement ...   Passed    0.05 sec
      Start 1148: rxvmchannel_process_crash_replacement
    Test #1148: rxvmchannel_process_crash_replacement ...   Passed    0.07 sec
      Start 1148: rxvmchannel_process_crash_replacement
    Test #1148: rxvmchannel_process_crash_replacement ...   Passed    0.06 sec
      Start 1148: rxvmchannel_process_crash_replacement
    Test #1148: rxvmchannel_process_crash_replacement ...   Passed    0.06 sec
      Start 1148: rxvmchannel_process_crash_replacement
    Test #1148: rxvmchannel_process_crash_replacement ...   Passed    0.05 sec
      Start 1148: rxvmchannel_process_crash_replacement
    Test #1148: rxvmchannel_process_crash_replacement ...   Passed    0.07 sec
      Start 1148: rxvmchannel_process_crash_replacement
    Test #1148: rxvmchannel_process_crash_replacement ...   Passed    0.07 sec
      Start 1148: rxvmchannel_process_crash_replacement
    Test #1148: rxvmchannel_process_crash_replacement ...   Passed    0.06 sec
      Start 1148: rxvmchannel_process_crash_replacement
    Test #1148: rxvmchannel_process_crash_replacement ...   Passed    0.06 sec
      Start 1148: rxvmchannel_process_crash_replacement
    Test #1148: rxvmchannel_process_crash_replacement ...   Passed    0.07 sec
      Start 1148: rxvmchannel_process_crash_replacement
 6/10 Test #1148: rxvmchannel_process_crash_replacement ...   Passed    0.07 sec
      Start 1149: gate_f_channel_process_rxbvm
    Test #1149: gate_f_channel_process_rxbvm ............   Passed    0.36 sec
      Start 1149: gate_f_channel_process_rxbvm
    Test #1149: gate_f_channel_process_rxbvm ............   Passed    0.35 sec
      Start 1149: gate_f_channel_process_rxbvm
    Test #1149: gate_f_channel_process_rxbvm ............   Passed    0.37 sec
      Start 1149: gate_f_channel_process_rxbvm
    Test #1149: gate_f_channel_process_rxbvm ............   Passed    0.34 sec
      Start 1149: gate_f_channel_process_rxbvm
    Test #1149: gate_f_channel_process_rxbvm ............   Passed    0.36 sec
      Start 1149: gate_f_channel_process_rxbvm
    Test #1149: gate_f_channel_process_rxbvm ............   Passed    0.34 sec
      Start 1149: gate_f_channel_process_rxbvm
    Test #1149: gate_f_channel_process_rxbvm ............   Passed    0.33 sec
      Start 1149: gate_f_channel_process_rxbvm
    Test #1149: gate_f_channel_process_rxbvm ............   Passed    0.36 sec
      Start 1149: gate_f_channel_process_rxbvm
    Test #1149: gate_f_channel_process_rxbvm ............   Passed    0.35 sec
      Start 1149: gate_f_channel_process_rxbvm
    Test #1149: gate_f_channel_process_rxbvm ............   Passed    0.34 sec
      Start 1149: gate_f_channel_process_rxbvm
    Test #1149: gate_f_channel_process_rxbvm ............   Passed    0.35 sec
      Start 1149: gate_f_channel_process_rxbvm
    Test #1149: gate_f_channel_process_rxbvm ............   Passed    0.34 sec
      Start 1149: gate_f_channel_process_rxbvm
    Test #1149: gate_f_channel_process_rxbvm ............   Passed    0.33 sec
      Start 1149: gate_f_channel_process_rxbvm
    Test #1149: gate_f_channel_process_rxbvm ............   Passed    0.34 sec
      Start 1149: gate_f_channel_process_rxbvm
    Test #1149: gate_f_channel_process_rxbvm ............   Passed    0.34 sec
      Start 1149: gate_f_channel_process_rxbvm
    Test #1149: gate_f_channel_process_rxbvm ............   Passed    0.34 sec
      Start 1149: gate_f_channel_process_rxbvm
    Test #1149: gate_f_channel_process_rxbvm ............   Passed    0.35 sec
      Start 1149: gate_f_channel_process_rxbvm
    Test #1149: gate_f_channel_process_rxbvm ............   Passed    0.36 sec
      Start 1149: gate_f_channel_process_rxbvm
    Test #1149: gate_f_channel_process_rxbvm ............   Passed    0.34 sec
      Start 1149: gate_f_channel_process_rxbvm
    Test #1149: gate_f_channel_process_rxbvm ............   Passed    0.35 sec
      Start 1149: gate_f_channel_process_rxbvm
    Test #1149: gate_f_channel_process_rxbvm ............   Passed    0.34 sec
      Start 1149: gate_f_channel_process_rxbvm
    Test #1149: gate_f_channel_process_rxbvm ............   Passed    0.34 sec
      Start 1149: gate_f_channel_process_rxbvm
    Test #1149: gate_f_channel_process_rxbvm ............   Passed    0.35 sec
      Start 1149: gate_f_channel_process_rxbvm
    Test #1149: gate_f_channel_process_rxbvm ............   Passed    0.36 sec
      Start 1149: gate_f_channel_process_rxbvm
    Test #1149: gate_f_channel_process_rxbvm ............   Passed    0.36 sec
      Start 1149: gate_f_channel_process_rxbvm
    Test #1149: gate_f_channel_process_rxbvm ............   Passed    0.34 sec
      Start 1149: gate_f_channel_process_rxbvm
    Test #1149: gate_f_channel_process_rxbvm ............   Passed    0.36 sec
      Start 1149: gate_f_channel_process_rxbvm
    Test #1149: gate_f_channel_process_rxbvm ............   Passed    0.34 sec
      Start 1149: gate_f_channel_process_rxbvm
    Test #1149: gate_f_channel_process_rxbvm ............   Passed    0.34 sec
      Start 1149: gate_f_channel_process_rxbvm
    Test #1149: gate_f_channel_process_rxbvm ............   Passed    0.35 sec
      Start 1149: gate_f_channel_process_rxbvm
    Test #1149: gate_f_channel_process_rxbvm ............   Passed    0.35 sec
      Start 1149: gate_f_channel_process_rxbvm
    Test #1149: gate_f_channel_process_rxbvm ............   Passed    0.36 sec
      Start 1149: gate_f_channel_process_rxbvm
    Test #1149: gate_f_channel_process_rxbvm ............   Passed    0.37 sec
      Start 1149: gate_f_channel_process_rxbvm
    Test #1149: gate_f_channel_process_rxbvm ............   Passed    0.35 sec
      Start 1149: gate_f_channel_process_rxbvm
    Test #1149: gate_f_channel_process_rxbvm ............   Passed    0.36 sec
      Start 1149: gate_f_channel_process_rxbvm
    Test #1149: gate_f_channel_process_rxbvm ............   Passed    0.36 sec
      Start 1149: gate_f_channel_process_rxbvm
    Test #1149: gate_f_channel_process_rxbvm ............   Passed    0.35 sec
      Start 1149: gate_f_channel_process_rxbvm
    Test #1149: gate_f_channel_process_rxbvm ............   Passed    0.33 sec
      Start 1149: gate_f_channel_process_rxbvm
    Test #1149: gate_f_channel_process_rxbvm ............   Passed    0.38 sec
      Start 1149: gate_f_channel_process_rxbvm
    Test #1149: gate_f_channel_process_rxbvm ............   Passed    0.34 sec
      Start 1149: gate_f_channel_process_rxbvm
    Test #1149: gate_f_channel_process_rxbvm ............   Passed    0.35 sec
      Start 1149: gate_f_channel_process_rxbvm
    Test #1149: gate_f_channel_process_rxbvm ............   Passed    0.33 sec
      Start 1149: gate_f_channel_process_rxbvm
    Test #1149: gate_f_channel_process_rxbvm ............   Passed    0.34 sec
      Start 1149: gate_f_channel_process_rxbvm
    Test #1149: gate_f_channel_process_rxbvm ............   Passed    0.35 sec
      Start 1149: gate_f_channel_process_rxbvm
    Test #1149: gate_f_channel_process_rxbvm ............   Passed    0.36 sec
      Start 1149: gate_f_channel_process_rxbvm
    Test #1149: gate_f_channel_process_rxbvm ............   Passed    0.35 sec
      Start 1149: gate_f_channel_process_rxbvm
    Test #1149: gate_f_channel_process_rxbvm ............   Passed    0.37 sec
      Start 1149: gate_f_channel_process_rxbvm
    Test #1149: gate_f_channel_process_rxbvm ............   Passed    0.34 sec
      Start 1149: gate_f_channel_process_rxbvm
    Test #1149: gate_f_channel_process_rxbvm ............   Passed    0.34 sec
      Start 1149: gate_f_channel_process_rxbvm
    Test #1149: gate_f_channel_process_rxbvm ............   Passed    0.34 sec
      Start 1149: gate_f_channel_process_rxbvm
    Test #1149: gate_f_channel_process_rxbvm ............   Passed    0.35 sec
      Start 1149: gate_f_channel_process_rxbvm
    Test #1149: gate_f_channel_process_rxbvm ............   Passed    0.33 sec
      Start 1149: gate_f_channel_process_rxbvm
    Test #1149: gate_f_channel_process_rxbvm ............   Passed    0.34 sec
      Start 1149: gate_f_channel_process_rxbvm
    Test #1149: gate_f_channel_process_rxbvm ............   Passed    0.34 sec
      Start 1149: gate_f_channel_process_rxbvm
    Test #1149: gate_f_channel_process_rxbvm ............   Passed    0.36 sec
      Start 1149: gate_f_channel_process_rxbvm
    Test #1149: gate_f_channel_process_rxbvm ............   Passed    0.35 sec
      Start 1149: gate_f_channel_process_rxbvm
    Test #1149: gate_f_channel_process_rxbvm ............   Passed    0.36 sec
      Start 1149: gate_f_channel_process_rxbvm
    Test #1149: gate_f_channel_process_rxbvm ............   Passed    0.33 sec
      Start 1149: gate_f_channel_process_rxbvm
    Test #1149: gate_f_channel_process_rxbvm ............   Passed    0.38 sec
      Start 1149: gate_f_channel_process_rxbvm
    Test #1149: gate_f_channel_process_rxbvm ............   Passed    0.34 sec
      Start 1149: gate_f_channel_process_rxbvm
    Test #1149: gate_f_channel_process_rxbvm ............   Passed    0.37 sec
      Start 1149: gate_f_channel_process_rxbvm
    Test #1149: gate_f_channel_process_rxbvm ............   Passed    0.33 sec
      Start 1149: gate_f_channel_process_rxbvm
    Test #1149: gate_f_channel_process_rxbvm ............   Passed    0.33 sec
      Start 1149: gate_f_channel_process_rxbvm
    Test #1149: gate_f_channel_process_rxbvm ............   Passed    0.35 sec
      Start 1149: gate_f_channel_process_rxbvm
    Test #1149: gate_f_channel_process_rxbvm ............   Passed    0.34 sec
      Start 1149: gate_f_channel_process_rxbvm
    Test #1149: gate_f_channel_process_rxbvm ............   Passed    0.34 sec
      Start 1149: gate_f_channel_process_rxbvm
    Test #1149: gate_f_channel_process_rxbvm ............   Passed    0.34 sec
      Start 1149: gate_f_channel_process_rxbvm
    Test #1149: gate_f_channel_process_rxbvm ............   Passed    0.36 sec
      Start 1149: gate_f_channel_process_rxbvm
    Test #1149: gate_f_channel_process_rxbvm ............   Passed    0.35 sec
      Start 1149: gate_f_channel_process_rxbvm
    Test #1149: gate_f_channel_process_rxbvm ............   Passed    0.36 sec
      Start 1149: gate_f_channel_process_rxbvm
    Test #1149: gate_f_channel_process_rxbvm ............   Passed    0.34 sec
      Start 1149: gate_f_channel_process_rxbvm
    Test #1149: gate_f_channel_process_rxbvm ............   Passed    0.35 sec
      Start 1149: gate_f_channel_process_rxbvm
    Test #1149: gate_f_channel_process_rxbvm ............   Passed    0.34 sec
      Start 1149: gate_f_channel_process_rxbvm
    Test #1149: gate_f_channel_process_rxbvm ............   Passed    0.36 sec
      Start 1149: gate_f_channel_process_rxbvm
    Test #1149: gate_f_channel_process_rxbvm ............   Passed    0.34 sec
      Start 1149: gate_f_channel_process_rxbvm
    Test #1149: gate_f_channel_process_rxbvm ............   Passed    0.36 sec
      Start 1149: gate_f_channel_process_rxbvm
    Test #1149: gate_f_channel_process_rxbvm ............   Passed    0.35 sec
      Start 1149: gate_f_channel_process_rxbvm
    Test #1149: gate_f_channel_process_rxbvm ............   Passed    0.34 sec
      Start 1149: gate_f_channel_process_rxbvm
    Test #1149: gate_f_channel_process_rxbvm ............   Passed    0.38 sec
      Start 1149: gate_f_channel_process_rxbvm
    Test #1149: gate_f_channel_process_rxbvm ............   Passed    0.33 sec
      Start 1149: gate_f_channel_process_rxbvm
    Test #1149: gate_f_channel_process_rxbvm ............   Passed    0.34 sec
      Start 1149: gate_f_channel_process_rxbvm
    Test #1149: gate_f_channel_process_rxbvm ............   Passed    0.34 sec
      Start 1149: gate_f_channel_process_rxbvm
    Test #1149: gate_f_channel_process_rxbvm ............   Passed    0.36 sec
      Start 1149: gate_f_channel_process_rxbvm
    Test #1149: gate_f_channel_process_rxbvm ............   Passed    0.35 sec
      Start 1149: gate_f_channel_process_rxbvm
    Test #1149: gate_f_channel_process_rxbvm ............   Passed    0.33 sec
      Start 1149: gate_f_channel_process_rxbvm
    Test #1149: gate_f_channel_process_rxbvm ............   Passed    0.36 sec
      Start 1149: gate_f_channel_process_rxbvm
    Test #1149: gate_f_channel_process_rxbvm ............   Passed    0.35 sec
      Start 1149: gate_f_channel_process_rxbvm
    Test #1149: gate_f_channel_process_rxbvm ............   Passed    0.34 sec
      Start 1149: gate_f_channel_process_rxbvm
    Test #1149: gate_f_channel_process_rxbvm ............   Passed    0.34 sec
      Start 1149: gate_f_channel_process_rxbvm
    Test #1149: gate_f_channel_process_rxbvm ............   Passed    0.34 sec
      Start 1149: gate_f_channel_process_rxbvm
    Test #1149: gate_f_channel_process_rxbvm ............   Passed    0.36 sec
      Start 1149: gate_f_channel_process_rxbvm
    Test #1149: gate_f_channel_process_rxbvm ............   Passed    0.36 sec
      Start 1149: gate_f_channel_process_rxbvm
    Test #1149: gate_f_channel_process_rxbvm ............   Passed    0.35 sec
      Start 1149: gate_f_channel_process_rxbvm
    Test #1149: gate_f_channel_process_rxbvm ............   Passed    0.35 sec
      Start 1149: gate_f_channel_process_rxbvm
    Test #1149: gate_f_channel_process_rxbvm ............   Passed    0.35 sec
      Start 1149: gate_f_channel_process_rxbvm
    Test #1149: gate_f_channel_process_rxbvm ............   Passed    0.35 sec
      Start 1149: gate_f_channel_process_rxbvm
    Test #1149: gate_f_channel_process_rxbvm ............   Passed    0.34 sec
      Start 1149: gate_f_channel_process_rxbvm
    Test #1149: gate_f_channel_process_rxbvm ............   Passed    0.37 sec
      Start 1149: gate_f_channel_process_rxbvm
    Test #1149: gate_f_channel_process_rxbvm ............   Passed    0.35 sec
      Start 1149: gate_f_channel_process_rxbvm
 7/10 Test #1149: gate_f_channel_process_rxbvm ............   Passed    0.37 sec
      Start 1150: gate_f_channel_process_rxtvm
    Test #1150: gate_f_channel_process_rxtvm ............   Passed    0.34 sec
      Start 1150: gate_f_channel_process_rxtvm
    Test #1150: gate_f_channel_process_rxtvm ............   Passed    0.34 sec
      Start 1150: gate_f_channel_process_rxtvm
    Test #1150: gate_f_channel_process_rxtvm ............   Passed    0.36 sec
      Start 1150: gate_f_channel_process_rxtvm
    Test #1150: gate_f_channel_process_rxtvm ............   Passed    0.35 sec
      Start 1150: gate_f_channel_process_rxtvm
    Test #1150: gate_f_channel_process_rxtvm ............   Passed    0.35 sec
      Start 1150: gate_f_channel_process_rxtvm
    Test #1150: gate_f_channel_process_rxtvm ............   Passed    0.34 sec
      Start 1150: gate_f_channel_process_rxtvm
    Test #1150: gate_f_channel_process_rxtvm ............   Passed    0.35 sec
      Start 1150: gate_f_channel_process_rxtvm
    Test #1150: gate_f_channel_process_rxtvm ............   Passed    0.35 sec
      Start 1150: gate_f_channel_process_rxtvm
    Test #1150: gate_f_channel_process_rxtvm ............   Passed    0.34 sec
      Start 1150: gate_f_channel_process_rxtvm
    Test #1150: gate_f_channel_process_rxtvm ............   Passed    0.37 sec
      Start 1150: gate_f_channel_process_rxtvm
    Test #1150: gate_f_channel_process_rxtvm ............   Passed    0.35 sec
      Start 1150: gate_f_channel_process_rxtvm
    Test #1150: gate_f_channel_process_rxtvm ............   Passed    0.34 sec
      Start 1150: gate_f_channel_process_rxtvm
    Test #1150: gate_f_channel_process_rxtvm ............   Passed    0.34 sec
      Start 1150: gate_f_channel_process_rxtvm
    Test #1150: gate_f_channel_process_rxtvm ............   Passed    0.35 sec
      Start 1150: gate_f_channel_process_rxtvm
    Test #1150: gate_f_channel_process_rxtvm ............   Passed    0.36 sec
      Start 1150: gate_f_channel_process_rxtvm
    Test #1150: gate_f_channel_process_rxtvm ............   Passed    0.34 sec
      Start 1150: gate_f_channel_process_rxtvm
    Test #1150: gate_f_channel_process_rxtvm ............   Passed    0.33 sec
      Start 1150: gate_f_channel_process_rxtvm
    Test #1150: gate_f_channel_process_rxtvm ............   Passed    0.34 sec
      Start 1150: gate_f_channel_process_rxtvm
    Test #1150: gate_f_channel_process_rxtvm ............   Passed    0.33 sec
      Start 1150: gate_f_channel_process_rxtvm
    Test #1150: gate_f_channel_process_rxtvm ............   Passed    0.36 sec
      Start 1150: gate_f_channel_process_rxtvm
    Test #1150: gate_f_channel_process_rxtvm ............   Passed    0.34 sec
      Start 1150: gate_f_channel_process_rxtvm
    Test #1150: gate_f_channel_process_rxtvm ............   Passed    0.36 sec
      Start 1150: gate_f_channel_process_rxtvm
    Test #1150: gate_f_channel_process_rxtvm ............   Passed    0.38 sec
      Start 1150: gate_f_channel_process_rxtvm
    Test #1150: gate_f_channel_process_rxtvm ............   Passed    0.39 sec
      Start 1150: gate_f_channel_process_rxtvm
    Test #1150: gate_f_channel_process_rxtvm ............   Passed    0.35 sec
      Start 1150: gate_f_channel_process_rxtvm
    Test #1150: gate_f_channel_process_rxtvm ............   Passed    0.35 sec
      Start 1150: gate_f_channel_process_rxtvm
    Test #1150: gate_f_channel_process_rxtvm ............   Passed    0.36 sec
      Start 1150: gate_f_channel_process_rxtvm
    Test #1150: gate_f_channel_process_rxtvm ............   Passed    0.33 sec
      Start 1150: gate_f_channel_process_rxtvm
    Test #1150: gate_f_channel_process_rxtvm ............   Passed    0.35 sec
      Start 1150: gate_f_channel_process_rxtvm
    Test #1150: gate_f_channel_process_rxtvm ............   Passed    0.34 sec
      Start 1150: gate_f_channel_process_rxtvm
    Test #1150: gate_f_channel_process_rxtvm ............   Passed    0.33 sec
      Start 1150: gate_f_channel_process_rxtvm
    Test #1150: gate_f_channel_process_rxtvm ............   Passed    0.35 sec
      Start 1150: gate_f_channel_process_rxtvm
    Test #1150: gate_f_channel_process_rxtvm ............   Passed    0.33 sec
      Start 1150: gate_f_channel_process_rxtvm
    Test #1150: gate_f_channel_process_rxtvm ............   Passed    0.33 sec
      Start 1150: gate_f_channel_process_rxtvm
    Test #1150: gate_f_channel_process_rxtvm ............   Passed    0.35 sec
      Start 1150: gate_f_channel_process_rxtvm
    Test #1150: gate_f_channel_process_rxtvm ............   Passed    0.35 sec
      Start 1150: gate_f_channel_process_rxtvm
    Test #1150: gate_f_channel_process_rxtvm ............   Passed    0.34 sec
      Start 1150: gate_f_channel_process_rxtvm
    Test #1150: gate_f_channel_process_rxtvm ............   Passed    0.35 sec
      Start 1150: gate_f_channel_process_rxtvm
    Test #1150: gate_f_channel_process_rxtvm ............   Passed    0.33 sec
      Start 1150: gate_f_channel_process_rxtvm
    Test #1150: gate_f_channel_process_rxtvm ............   Passed    0.37 sec
      Start 1150: gate_f_channel_process_rxtvm
    Test #1150: gate_f_channel_process_rxtvm ............   Passed    0.36 sec
      Start 1150: gate_f_channel_process_rxtvm
    Test #1150: gate_f_channel_process_rxtvm ............   Passed    0.34 sec
      Start 1150: gate_f_channel_process_rxtvm
    Test #1150: gate_f_channel_process_rxtvm ............   Passed    0.35 sec
      Start 1150: gate_f_channel_process_rxtvm
    Test #1150: gate_f_channel_process_rxtvm ............   Passed    0.34 sec
      Start 1150: gate_f_channel_process_rxtvm
    Test #1150: gate_f_channel_process_rxtvm ............   Passed    0.34 sec
      Start 1150: gate_f_channel_process_rxtvm
    Test #1150: gate_f_channel_process_rxtvm ............   Passed    0.34 sec
      Start 1150: gate_f_channel_process_rxtvm
    Test #1150: gate_f_channel_process_rxtvm ............   Passed    0.34 sec
      Start 1150: gate_f_channel_process_rxtvm
    Test #1150: gate_f_channel_process_rxtvm ............   Passed    0.35 sec
      Start 1150: gate_f_channel_process_rxtvm
    Test #1150: gate_f_channel_process_rxtvm ............   Passed    0.34 sec
      Start 1150: gate_f_channel_process_rxtvm
    Test #1150: gate_f_channel_process_rxtvm ............   Passed    0.33 sec
      Start 1150: gate_f_channel_process_rxtvm
    Test #1150: gate_f_channel_process_rxtvm ............   Passed    0.37 sec
      Start 1150: gate_f_channel_process_rxtvm
    Test #1150: gate_f_channel_process_rxtvm ............   Passed    0.34 sec
      Start 1150: gate_f_channel_process_rxtvm
    Test #1150: gate_f_channel_process_rxtvm ............   Passed    0.33 sec
      Start 1150: gate_f_channel_process_rxtvm
    Test #1150: gate_f_channel_process_rxtvm ............   Passed    0.34 sec
      Start 1150: gate_f_channel_process_rxtvm
    Test #1150: gate_f_channel_process_rxtvm ............   Passed    0.35 sec
      Start 1150: gate_f_channel_process_rxtvm
    Test #1150: gate_f_channel_process_rxtvm ............   Passed    0.34 sec
      Start 1150: gate_f_channel_process_rxtvm
    Test #1150: gate_f_channel_process_rxtvm ............   Passed    0.34 sec
      Start 1150: gate_f_channel_process_rxtvm
    Test #1150: gate_f_channel_process_rxtvm ............   Passed    0.34 sec
      Start 1150: gate_f_channel_process_rxtvm
    Test #1150: gate_f_channel_process_rxtvm ............   Passed    0.35 sec
      Start 1150: gate_f_channel_process_rxtvm
    Test #1150: gate_f_channel_process_rxtvm ............   Passed    0.35 sec
      Start 1150: gate_f_channel_process_rxtvm
    Test #1150: gate_f_channel_process_rxtvm ............   Passed    0.34 sec
      Start 1150: gate_f_channel_process_rxtvm
    Test #1150: gate_f_channel_process_rxtvm ............   Passed    0.33 sec
      Start 1150: gate_f_channel_process_rxtvm
    Test #1150: gate_f_channel_process_rxtvm ............   Passed    0.34 sec
      Start 1150: gate_f_channel_process_rxtvm
    Test #1150: gate_f_channel_process_rxtvm ............   Passed    0.36 sec
      Start 1150: gate_f_channel_process_rxtvm
    Test #1150: gate_f_channel_process_rxtvm ............   Passed    0.34 sec
      Start 1150: gate_f_channel_process_rxtvm
    Test #1150: gate_f_channel_process_rxtvm ............   Passed    0.34 sec
      Start 1150: gate_f_channel_process_rxtvm
    Test #1150: gate_f_channel_process_rxtvm ............   Passed    0.35 sec
      Start 1150: gate_f_channel_process_rxtvm
    Test #1150: gate_f_channel_process_rxtvm ............   Passed    0.35 sec
      Start 1150: gate_f_channel_process_rxtvm
    Test #1150: gate_f_channel_process_rxtvm ............   Passed    0.37 sec
      Start 1150: gate_f_channel_process_rxtvm
    Test #1150: gate_f_channel_process_rxtvm ............   Passed    0.63 sec
      Start 1150: gate_f_channel_process_rxtvm
    Test #1150: gate_f_channel_process_rxtvm ............   Passed    0.35 sec
      Start 1150: gate_f_channel_process_rxtvm
    Test #1150: gate_f_channel_process_rxtvm ............   Passed    0.35 sec
      Start 1150: gate_f_channel_process_rxtvm
    Test #1150: gate_f_channel_process_rxtvm ............   Passed    0.34 sec
      Start 1150: gate_f_channel_process_rxtvm
    Test #1150: gate_f_channel_process_rxtvm ............   Passed    0.34 sec
      Start 1150: gate_f_channel_process_rxtvm
    Test #1150: gate_f_channel_process_rxtvm ............   Passed    0.35 sec
      Start 1150: gate_f_channel_process_rxtvm
    Test #1150: gate_f_channel_process_rxtvm ............   Passed    0.36 sec
      Start 1150: gate_f_channel_process_rxtvm
    Test #1150: gate_f_channel_process_rxtvm ............   Passed    0.36 sec
      Start 1150: gate_f_channel_process_rxtvm
    Test #1150: gate_f_channel_process_rxtvm ............   Passed    0.34 sec
      Start 1150: gate_f_channel_process_rxtvm
    Test #1150: gate_f_channel_process_rxtvm ............   Passed    0.37 sec
      Start 1150: gate_f_channel_process_rxtvm
    Test #1150: gate_f_channel_process_rxtvm ............   Passed    0.36 sec
      Start 1150: gate_f_channel_process_rxtvm
    Test #1150: gate_f_channel_process_rxtvm ............   Passed    0.34 sec
      Start 1150: gate_f_channel_process_rxtvm
    Test #1150: gate_f_channel_process_rxtvm ............   Passed    0.35 sec
      Start 1150: gate_f_channel_process_rxtvm
    Test #1150: gate_f_channel_process_rxtvm ............   Passed    0.34 sec
      Start 1150: gate_f_channel_process_rxtvm
    Test #1150: gate_f_channel_process_rxtvm ............   Passed    0.34 sec
      Start 1150: gate_f_channel_process_rxtvm
    Test #1150: gate_f_channel_process_rxtvm ............   Passed    0.36 sec
      Start 1150: gate_f_channel_process_rxtvm
    Test #1150: gate_f_channel_process_rxtvm ............   Passed    0.34 sec
      Start 1150: gate_f_channel_process_rxtvm
    Test #1150: gate_f_channel_process_rxtvm ............   Passed    0.35 sec
      Start 1150: gate_f_channel_process_rxtvm
    Test #1150: gate_f_channel_process_rxtvm ............   Passed    0.35 sec
      Start 1150: gate_f_channel_process_rxtvm
    Test #1150: gate_f_channel_process_rxtvm ............   Passed    0.36 sec
      Start 1150: gate_f_channel_process_rxtvm
    Test #1150: gate_f_channel_process_rxtvm ............   Passed    0.36 sec
      Start 1150: gate_f_channel_process_rxtvm
    Test #1150: gate_f_channel_process_rxtvm ............   Passed    0.36 sec
      Start 1150: gate_f_channel_process_rxtvm
    Test #1150: gate_f_channel_process_rxtvm ............   Passed    0.36 sec
      Start 1150: gate_f_channel_process_rxtvm
    Test #1150: gate_f_channel_process_rxtvm ............   Passed    0.34 sec
      Start 1150: gate_f_channel_process_rxtvm
    Test #1150: gate_f_channel_process_rxtvm ............   Passed    0.34 sec
      Start 1150: gate_f_channel_process_rxtvm
    Test #1150: gate_f_channel_process_rxtvm ............   Passed    0.33 sec
      Start 1150: gate_f_channel_process_rxtvm
    Test #1150: gate_f_channel_process_rxtvm ............   Passed    0.37 sec
      Start 1150: gate_f_channel_process_rxtvm
    Test #1150: gate_f_channel_process_rxtvm ............   Passed    0.33 sec
      Start 1150: gate_f_channel_process_rxtvm
    Test #1150: gate_f_channel_process_rxtvm ............   Passed    0.35 sec
      Start 1150: gate_f_channel_process_rxtvm
    Test #1150: gate_f_channel_process_rxtvm ............   Passed    0.35 sec
      Start 1150: gate_f_channel_process_rxtvm
 8/10 Test #1150: gate_f_channel_process_rxtvm ............   Passed    0.35 sec
      Start 1649: testConcurrency_noopt
    Test #1649: testConcurrency_noopt ...................***Failed    4.77 sec
FAIL: multi-image process failed state actual= 8 expected= 2
FAIL: multi-image process failed target code actual= 17 expected= 4
FAIL: Concurrency failures= 2

      Start 1650: testConcurrency_opt
    Test #1650: testConcurrency_opt .....................   Passed    0.75 sec
      Start 1650: testConcurrency_opt
    Test #1650: testConcurrency_opt .....................   Passed    0.74 sec
      Start 1650: testConcurrency_opt
    Test #1650: testConcurrency_opt .....................   Passed    0.74 sec
      Start 1650: testConcurrency_opt
    Test #1650: testConcurrency_opt .....................   Passed    0.74 sec
      Start 1650: testConcurrency_opt
    Test #1650: testConcurrency_opt .....................   Passed    0.74 sec
      Start 1650: testConcurrency_opt
    Test #1650: testConcurrency_opt .....................   Passed    0.73 sec
      Start 1650: testConcurrency_opt
    Test #1650: testConcurrency_opt .....................   Passed    0.73 sec
      Start 1650: testConcurrency_opt
    Test #1650: testConcurrency_opt .....................   Passed    0.74 sec
      Start 1650: testConcurrency_opt
    Test #1650: testConcurrency_opt .....................   Passed    0.74 sec
      Start 1650: testConcurrency_opt
    Test #1650: testConcurrency_opt .....................   Passed    0.74 sec
      Start 1650: testConcurrency_opt
    Test #1650: testConcurrency_opt .....................   Passed    0.74 sec
      Start 1650: testConcurrency_opt
    Test #1650: testConcurrency_opt .....................   Passed    0.73 sec
      Start 1650: testConcurrency_opt
    Test #1650: testConcurrency_opt .....................   Passed    0.74 sec
      Start 1650: testConcurrency_opt
    Test #1650: testConcurrency_opt .....................   Passed    0.75 sec
      Start 1650: testConcurrency_opt
    Test #1650: testConcurrency_opt .....................   Passed    0.74 sec
      Start 1650: testConcurrency_opt
    Test #1650: testConcurrency_opt .....................   Passed    0.74 sec
      Start 1650: testConcurrency_opt
    Test #1650: testConcurrency_opt .....................   Passed    0.74 sec
      Start 1650: testConcurrency_opt
    Test #1650: testConcurrency_opt .....................   Passed    0.74 sec
      Start 1650: testConcurrency_opt
    Test #1650: testConcurrency_opt .....................   Passed    0.74 sec
      Start 1650: testConcurrency_opt
    Test #1650: testConcurrency_opt .....................   Passed    0.74 sec
      Start 1650: testConcurrency_opt
    Test #1650: testConcurrency_opt .....................   Passed    0.75 sec
      Start 1650: testConcurrency_opt
    Test #1650: testConcurrency_opt .....................   Passed    0.73 sec
      Start 1650: testConcurrency_opt
    Test #1650: testConcurrency_opt .....................   Passed    0.74 sec
      Start 1650: testConcurrency_opt
    Test #1650: testConcurrency_opt .....................   Passed    0.74 sec
      Start 1650: testConcurrency_opt
    Test #1650: testConcurrency_opt .....................   Passed    0.74 sec
      Start 1650: testConcurrency_opt
    Test #1650: testConcurrency_opt .....................   Passed    0.74 sec
      Start 1650: testConcurrency_opt
    Test #1650: testConcurrency_opt .....................   Passed    0.74 sec
      Start 1650: testConcurrency_opt
    Test #1650: testConcurrency_opt .....................   Passed    0.75 sec
      Start 1650: testConcurrency_opt
    Test #1650: testConcurrency_opt .....................   Passed    0.74 sec
      Start 1650: testConcurrency_opt
    Test #1650: testConcurrency_opt .....................   Passed    0.74 sec
      Start 1650: testConcurrency_opt
    Test #1650: testConcurrency_opt .....................   Passed    0.74 sec
      Start 1650: testConcurrency_opt
    Test #1650: testConcurrency_opt .....................   Passed    0.74 sec
      Start 1650: testConcurrency_opt
    Test #1650: testConcurrency_opt .....................   Passed    0.75 sec
      Start 1650: testConcurrency_opt
    Test #1650: testConcurrency_opt .....................   Passed    0.73 sec
      Start 1650: testConcurrency_opt
    Test #1650: testConcurrency_opt .....................   Passed    0.74 sec
      Start 1650: testConcurrency_opt
    Test #1650: testConcurrency_opt .....................   Passed    0.75 sec
      Start 1650: testConcurrency_opt
    Test #1650: testConcurrency_opt .....................   Passed    0.73 sec
      Start 1650: testConcurrency_opt
    Test #1650: testConcurrency_opt .....................   Passed    0.75 sec
      Start 1650: testConcurrency_opt
    Test #1650: testConcurrency_opt .....................   Passed    0.74 sec
      Start 1650: testConcurrency_opt
    Test #1650: testConcurrency_opt .....................   Passed    0.75 sec
      Start 1650: testConcurrency_opt
    Test #1650: testConcurrency_opt .....................   Passed    0.74 sec
      Start 1650: testConcurrency_opt
    Test #1650: testConcurrency_opt .....................   Passed    0.74 sec
      Start 1650: testConcurrency_opt
    Test #1650: testConcurrency_opt .....................   Passed    0.75 sec
      Start 1650: testConcurrency_opt
    Test #1650: testConcurrency_opt .....................   Passed    0.74 sec
      Start 1650: testConcurrency_opt
    Test #1650: testConcurrency_opt .....................   Passed    0.74 sec
      Start 1650: testConcurrency_opt
    Test #1650: testConcurrency_opt .....................   Passed    0.74 sec
      Start 1650: testConcurrency_opt
    Test #1650: testConcurrency_opt .....................   Passed    0.74 sec
      Start 1650: testConcurrency_opt
    Test #1650: testConcurrency_opt .....................   Passed    0.74 sec
      Start 1650: testConcurrency_opt
    Test #1650: testConcurrency_opt .....................   Passed    0.74 sec
      Start 1650: testConcurrency_opt
    Test #1650: testConcurrency_opt .....................   Passed    0.73 sec
      Start 1650: testConcurrency_opt
    Test #1650: testConcurrency_opt .....................   Passed    0.74 sec
      Start 1650: testConcurrency_opt
    Test #1650: testConcurrency_opt .....................   Passed    0.74 sec
      Start 1650: testConcurrency_opt
    Test #1650: testConcurrency_opt .....................   Passed    0.74 sec
      Start 1650: testConcurrency_opt
    Test #1650: testConcurrency_opt .....................   Passed    0.73 sec
      Start 1650: testConcurrency_opt
    Test #1650: testConcurrency_opt .....................   Passed    0.74 sec
      Start 1650: testConcurrency_opt
    Test #1650: testConcurrency_opt .....................   Passed    0.75 sec
      Start 1650: testConcurrency_opt
    Test #1650: testConcurrency_opt .....................   Passed    0.75 sec
      Start 1650: testConcurrency_opt
    Test #1650: testConcurrency_opt .....................   Passed    0.75 sec
      Start 1650: testConcurrency_opt
    Test #1650: testConcurrency_opt .....................   Passed    0.74 sec
      Start 1650: testConcurrency_opt
    Test #1650: testConcurrency_opt .....................   Passed    0.74 sec
      Start 1650: testConcurrency_opt
    Test #1650: testConcurrency_opt .....................   Passed    0.75 sec
      Start 1650: testConcurrency_opt
    Test #1650: testConcurrency_opt .....................   Passed    0.74 sec
      Start 1650: testConcurrency_opt
    Test #1650: testConcurrency_opt .....................   Passed    0.74 sec
      Start 1650: testConcurrency_opt
    Test #1650: testConcurrency_opt .....................   Passed    0.74 sec
      Start 1650: testConcurrency_opt
    Test #1650: testConcurrency_opt .....................   Passed    0.74 sec
      Start 1650: testConcurrency_opt
    Test #1650: testConcurrency_opt .....................   Passed    0.74 sec
      Start 1650: testConcurrency_opt
    Test #1650: testConcurrency_opt .....................   Passed    0.73 sec
      Start 1650: testConcurrency_opt
    Test #1650: testConcurrency_opt .....................   Passed    0.74 sec
      Start 1650: testConcurrency_opt
    Test #1650: testConcurrency_opt .....................   Passed    0.74 sec
      Start 1650: testConcurrency_opt
    Test #1650: testConcurrency_opt .....................   Passed    0.74 sec
      Start 1650: testConcurrency_opt
    Test #1650: testConcurrency_opt .....................   Passed    0.74 sec
      Start 1650: testConcurrency_opt
    Test #1650: testConcurrency_opt .....................   Passed    0.75 sec
      Start 1650: testConcurrency_opt
    Test #1650: testConcurrency_opt .....................   Passed    0.74 sec
      Start 1650: testConcurrency_opt
    Test #1650: testConcurrency_opt .....................   Passed    0.74 sec
      Start 1650: testConcurrency_opt
    Test #1650: testConcurrency_opt .....................   Passed    0.74 sec
      Start 1650: testConcurrency_opt
    Test #1650: testConcurrency_opt .....................   Passed    0.74 sec
      Start 1650: testConcurrency_opt
    Test #1650: testConcurrency_opt .....................   Passed    0.75 sec
      Start 1650: testConcurrency_opt
    Test #1650: testConcurrency_opt .....................   Passed    0.74 sec
      Start 1650: testConcurrency_opt
    Test #1650: testConcurrency_opt .....................   Passed    0.74 sec
      Start 1650: testConcurrency_opt
    Test #1650: testConcurrency_opt .....................   Passed    0.74 sec
      Start 1650: testConcurrency_opt
    Test #1650: testConcurrency_opt .....................   Passed    0.73 sec
      Start 1650: testConcurrency_opt
    Test #1650: testConcurrency_opt .....................   Passed    0.74 sec
      Start 1650: testConcurrency_opt
    Test #1650: testConcurrency_opt .....................   Passed    0.74 sec
      Start 1650: testConcurrency_opt
    Test #1650: testConcurrency_opt .....................   Passed    0.77 sec
      Start 1650: testConcurrency_opt
    Test #1650: testConcurrency_opt .....................   Passed    0.75 sec
      Start 1650: testConcurrency_opt
    Test #1650: testConcurrency_opt .....................   Passed    0.75 sec
      Start 1650: testConcurrency_opt
    Test #1650: testConcurrency_opt .....................   Passed    0.74 sec
      Start 1650: testConcurrency_opt
    Test #1650: testConcurrency_opt .....................   Passed    0.74 sec
      Start 1650: testConcurrency_opt
    Test #1650: testConcurrency_opt .....................   Passed    0.74 sec
      Start 1650: testConcurrency_opt
    Test #1650: testConcurrency_opt .....................   Passed    0.75 sec
      Start 1650: testConcurrency_opt
    Test #1650: testConcurrency_opt .....................   Passed    0.74 sec
      Start 1650: testConcurrency_opt
    Test #1650: testConcurrency_opt .....................   Passed    0.74 sec
      Start 1650: testConcurrency_opt
    Test #1650: testConcurrency_opt .....................   Passed    0.75 sec
      Start 1650: testConcurrency_opt
    Test #1650: testConcurrency_opt .....................   Passed    0.74 sec
      Start 1650: testConcurrency_opt
    Test #1650: testConcurrency_opt .....................   Passed    0.74 sec
      Start 1650: testConcurrency_opt
    Test #1650: testConcurrency_opt .....................   Passed    0.75 sec
      Start 1650: testConcurrency_opt
    Test #1650: testConcurrency_opt .....................   Passed    0.74 sec
      Start 1650: testConcurrency_opt
    Test #1650: testConcurrency_opt .....................   Passed    0.74 sec
      Start 1650: testConcurrency_opt
    Test #1650: testConcurrency_opt .....................   Passed    0.73 sec
      Start 1650: testConcurrency_opt
10/10 Test #1650: testConcurrency_opt .....................   Passed    0.74 sec

90% tests passed, 1 tests failed out of 10

Label Time Summary:
byte-endpoint         =   0.26 sec*proc (2 tests)
channels              =   1.11 sec*proc (7 tests)
crash                 =   0.07 sec*proc (1 test)
f1c                   =   0.06 sec*proc (2 tests)
f1d                   =   0.26 sec*proc (2 tests)
f1e                   =   0.78 sec*proc (3 tests)
gate-f                =   1.11 sec*proc (7 tests)
interpreter           =   1.11 sec*proc (7 tests)
lifecycle             =   0.85 sec*proc (6 tests)
linked_opt            =   0.74 sec*proc (1 test)
perf3                 =   1.11 sec*proc (7 tests)
process               =   0.78 sec*proc (3 tests)
provider-reference    =   0.26 sec*proc (1 test)

Total Test time (real) = 200.33 sec

The following tests FAILED:
	1649 - testConcurrency_noopt (Failed)
Errors while running CTest
