section,name,value,id,count,total_ns,average_ns,min_ns,max_ns,percent,selected,entries,resumes,terminals,module,kind,completed,unwound,return_type,args,bytes,max_bytes,high_water,status
summary,schema_version,5,,0,0,0,0,0,0,,,,,,,,,,,,,,
summary,vm_mode,rxvm,,0,0,0,0,0,0,,,,,,,,,,,,,,
summary,result,0,,0,0,0,0,0,0,,,,,,,,,,,,,,
summary,timer_read_min_ns,41,,1,41,41,41,41,0,,,,,,,,,,,,,,
summary,timer_zero_deltas,718,,0,0,0,0,0,0,,,,,,,,,,,,,,
summary,interrupt_polls,19362656,,0,0,0,0,0,0,,,,,,,,,,,,,,
summary,invalid_events,0,,0,0,0,0,0,0,,,,,,,,,,,,,,
summary,counter_overflow,0,,0,0,0,0,0,0,,,,,,,,,,,,,,
summary,procedure_tracking_unavailable,0,,0,0,0,0,0,0,,,,,,,,,,,,,,
summary,allocation_tracking_unavailable,0,,0,0,0,0,0,0,,,,,,,,,,,,,,
summary,census_tracking_unavailable,0,,0,0,0,0,0,0,,,,,,,,,,,,,,
summary,metadata_tracking_unavailable,0,,0,0,0,0,0,0,,,,,,,,,,,,,,
instruction,COPY_REG_REG,,8,109171,48912777,448,0,40584,11.709342,,,,,,,,,,,,,,
instruction,BRF_ID_REG,,38,2930580,44550655,15,0,35834,10.665084,,,,,,,,,,,,,,
instruction,SRCFPROCSEL_REG_STRING_REG,,58,7,28535000,4076428,3935084,4257208,6.831059,,,,,,,,,,,,,,
instruction,CALL_REG_FUNC_REG,,46,99311,24666640,248,41,20500,5.905004,,,,,,,,,,,,,,
instruction,ENDLIFE_REG,,514,1359846,20527195,15,0,29250,4.914052,,,,,,,,,,,,,,
instruction,NULL_REG,,14,1343104,20467097,15,0,10666,4.899665,,,,,,,,,,,,,,
instruction,ICOPY_REG_REG,,9,1122083,17090484,15,0,35125,4.091330,,,,,,,,,,,,,,
instruction,IEQ_REG_REG_INT,,101,908904,14083498,15,0,120500,3.371481,,,,,,,,,,,,,,
instruction,SCOPY_REG_REG,,11,812072,13237775,16,0,14625,3.169021,,,,,,,,,,,,,,
instruction,BR_ID,,36,798417,11490983,14,0,44584,2.750853,,,,,,,,,,,,,,
instruction,BRT_ID_REG,,37,740015,10794389,14,0,12500,2.584094,,,,,,,,,,,,,,
instruction,STRCHAR_REG_REG_REG,,150,574681,10270752,17,0,13125,2.458739,,,,,,,,,,,,,,
instruction,LOAD_REG_INT,,1,652467,9807120,15,0,18166,2.347749,,,,,,,,,,,,,,
instruction,IADD_REG_REG_INT,,16,575290,8667307,15,0,16041,2.074887,,,,,,,,,,,,,,
instruction,IGT_REG_REG_REG,,104,510325,8079830,15,0,12750,1.934249,,,,,,,,,,,,,,
instruction,UNLINK_REG,,213,497449,7402386,14,0,19583,1.772074,,,,,,,,,,,,,,
instruction,SWAP_REG_REG,,510,173434,5735405,33,0,12750,1.373012,,,,,,,,,,,,,,
instruction,IADD_REG_REG_REG,,15,335231,5001832,14,0,11583,1.197400,,,,,,,,,,,,,,
instruction,ILT_REG_REG_INT,,111,317925,4981320,15,0,9667,1.192490,,,,,,,,,,,,,,
instruction,LINKATTR1_REG_REG_INT,,203,304870,4664678,15,0,9750,1.116688,,,,,,,,,,,,,,
instruction,ISUB_REG_REG_INT,,18,305011,4664027,15,0,10417,1.116532,,,,,,,,,,,,,,
instruction,LOAD_REG_STRING,,3,277586,4424335,15,0,7958,1.059152,,,,,,,,,,,,,,
instruction,ILT_REG_REG_REG,,110,268845,4208987,15,0,11792,1.007599,,,,,,,,,,,,,,
instruction,RET_REG,,49,62978,4110351,65,0,15500,0.983986,,,,,,,,,,,,,,
instruction,IMULT_REG_REG_INT,,21,272223,3994314,14,0,9917,0.956208,,,,,,,,,,,,,,
instruction,MINATTRS_REG_REG_INT,,223,195374,3925808,20,0,25625,0.939808,,,,,,,,,,,,,,
instruction,IGT_REG_REG_INT,,105,249033,3898348,15,0,10000,0.933234,,,,,,,,,,,,,,
instruction,IEQ_REG_REG_REG,,100,232254,3537168,15,0,8542,0.846771,,,,,,,,,,,,,,
instruction,LINKATTR1_REG_REG_REG,,202,214792,3434012,15,0,6375,0.822076,,,,,,,,,,,,,,
instruction,SETTP_REG_INT,,517,208433,3401332,16,0,183542,0.814253,,,,,,,,,,,,,,
instruction,STRLEN_REG_REG,,149,217040,3275189,15,0,12709,0.784055,,,,,,,,,,,,,,
instruction,IGTE_REG_REG_REG,,107,184800,2967240,16,0,14417,0.710334,,,,,,,,,,,,,,
instruction,BCTP_ID_REG,,349,193955,2802920,14,0,5667,0.670997,,,,,,,,,,,,,,
instruction,INE_REG_REG_INT,,103,173814,2707112,15,0,7542,0.648062,,,,,,,,,,,,,,
instruction,RNE_REG_REG_STRING,,567,64403,2607987,40,0,16875,0.624332,,,,,,,,,,,,,,
instruction,REQ_REG_REG_REG,,563,61724,2550963,41,0,11000,0.610681,,,,,,,,,,,,,,
instruction,SETNUMDGTS_INT,,246,102119,2367929,23,0,9917,0.566864,,,,,,,,,,,,,,
instruction,ILTE_REG_REG_INT,,114,142800,2272393,15,0,8125,0.543993,,,,,,,,,,,,,,
instruction,REQ_REG_REG_STRING,,564,51981,2242475,43,0,39417,0.536831,,,,,,,,,,,,,,
instruction,SETSTRPOS_REG_REG,,154,93850,2007038,21,0,9708,0.480469,,,,,,,,,,,,,,
instruction,IMOD_REG_REG_REG,,25,129423,1985008,15,0,8042,0.475196,,,,,,,,,,,,,,
instruction,SUBSTRING_REG_REG_REG,,161,93850,1946327,20,0,8708,0.465936,,,,,,,,,,,,,,
instruction,ISUB_REG_REG_REG,,17,106429,1741808,16,0,80000,0.416975,,,,,,,,,,,,,,
instruction,SETNUMCAS_INT,,255,102121,1657424,16,0,7292,0.396775,,,,,,,,,,,,,,
instruction,ILTE_REG_REG_REG,,113,98000,1565841,15,0,9375,0.374850,,,,,,,,,,,,,,
instruction,SETNUMSTD_INT,,258,102121,1551215,15,0,375,0.371349,,,,,,,,,,,,,,
instruction,SETNUMFRM_INT,,252,102119,1544977,15,0,7125,0.369856,,,,,,,,,,,,,,
instruction,SETNUMFUZ_INT,,249,102121,1516362,14,0,7333,0.363005,,,,,,,,,,,,,,
instruction,IGTE_REG_REG_INT,,108,92408,1463526,15,0,9000,0.350357,,,,,,,,,,,,,,
instruction,FTOS_REG,,230,5604,1380898,246,166,15958,0.330576,,,,,,,,,,,,,,
instruction,BRTPANDT_ID_REG_INT,,524,79855,1202706,15,0,9541,0.287919,,,,,,,,,,,,,,
instruction,ITOS_REG,,229,16903,931227,55,0,5708,0.222929,,,,,,,,,,,,,,
instruction,RET,,48,32137,913532,28,0,2708,0.218693,,,,,,,,,,,,,,
instruction,ASSERTTYPE_REG_STRING,,61,2807,809002,288,208,5250,0.193669,,,,,,,,,,,,,,
instruction,STRUPPER_REG_REG,,158,36477,791616,21,0,6125,0.189507,,,,,,,,,,,,,,
instruction,DCALL_REG_REG_REG,,47,2821,734040,260,167,9666,0.175724,,,,,,,,,,,,,,
instruction,FTOD_REG,,243,2802,671532,239,125,7500,0.160760,,,,,,,,,,,,,,
instruction,BNE_ID_REG_INT,,43,43496,662583,15,0,13417,0.158617,,,,,,,,,,,,,,
instruction,ASSERTINITIALIZED_REG,,85,23633,624001,26,0,2917,0.149381,,,,,,,,,,,,,,
instruction,GETATTRS_REG_REG_INT,,215,37817,578429,15,0,1250,0.138471,,,,,,,,,,,,,,
instruction,NOT_REG_REG,,182,33559,537214,16,0,8500,0.128605,,,,,,,,,,,,,,
instruction,BRTF_ID_ID_REG,,39,35058,531090,15,0,9791,0.127139,,,,,,,,,,,,,,
instruction,STOI_REG,,237,11202,522061,46,0,14583,0.124977,,,,,,,,,,,,,,
instruction,CONCAT_REG_REG_STRING,,135,21007,515538,24,0,3417,0.123416,,,,,,,,,,,,,,
instruction,FNDNBLNK_REG_REG_REG,,166,30889,503669,16,0,2333,0.120574,,,,,,,,,,,,,,
instruction,MINATTRS_REG_INT,,222,28004,442786,15,0,1958,0.106000,,,,,,,,,,,,,,
instruction,SETATTRS_REG_INT,,217,23628,421542,17,0,7250,0.100914,,,,,,,,,,,,,,
instruction,GETANDTP_REG_REG_INT,,522,23752,361894,15,0,1542,0.086635,,,,,,,,,,,,,,
instruction,MTIME_REG,,459,4,321290,80322,500,313833,0.076914,,,,,,,,,,,,,,
instruction,DADD_REG_REG_DECIMAL,,361,2800,317973,113,41,10875,0.076120,,,,,,,,,,,,,,
instruction,DTOS_REG,,239,5502,308665,56,0,667,0.073892,,,,,,,,,,,,,,
instruction,DMULT_REG_REG_DECIMAL,,366,2700,306000,113,41,1708,0.073254,,,,,,,,,,,,,,
instruction,SEQ_REG_REG_REG,,116,17887,301974,16,0,3042,0.072290,,,,,,,,,,,,,,
instruction,BGE_ID_REG_INT,,355,18253,299706,16,0,10125,0.071747,,,,,,,,,,,,,,
instruction,CONCAT_REG_REG_REG,,134,14003,292037,20,0,375,0.069911,,,,,,,,,,,,,,
instruction,ISUB_REG_INT_REG,,19,18250,287437,15,0,250,0.068810,,,,,,,,,,,,,,
instruction,BGT_ID_REG_REG,,352,16800,263368,15,0,375,0.063048,,,,,,,,,,,,,,
instruction,STOD_REG,,238,8300,230562,27,0,3583,0.055195,,,,,,,,,,,,,,
instruction,RET_INT,,50,4216,203844,48,0,6500,0.048799,,,,,,,,,,,,,,
instruction,SETOBJUNINIT_REG_STRING,,84,9813,168806,17,0,375,0.040411,,,,,,,,,,,,,,
instruction,DCOPY_REG_REG,,12,5502,152496,27,0,6833,0.036506,,,,,,,,,,,,,,
instruction,BCOPY_REG_REG,,581,8400,140073,16,0,333,0.033532,,,,,,,,,,,,,,
instruction,DGT_REG_REG_REG,,380,2800,125415,44,0,2542,0.030023,,,,,,,,,,,,,,
instruction,SRCMETHODSEL_REG_REG_STRING,,57,2814,122930,43,0,791,0.029428,,,,,,,,,,,,,,
instruction,CONCAT_REG_STRING_REG,,136,4200,119027,28,0,292,0.028494,,,,,,,,,,,,,,
instruction,BLE_ID_REG_INT,,359,7003,112558,16,0,250,0.026946,,,,,,,,,,,,,,
instruction,RET_STRING,,52,2802,109575,39,0,2917,0.026231,,,,,,,,,,,,,,
instruction,BLE_ID_REG_REG,,358,7000,108148,15,0,3459,0.025890,,,,,,,,,,,,,,
instruction,FCOPY_REG_REG,,10,5605,91934,16,0,250,0.022008,,,,,,,,,,,,,,
instruction,FEQ_REG_REG_FLOAT,,317,2800,89734,32,0,333,0.021482,,,,,,,,,,,,,,
instruction,LOAD_REG_FLOAT,,2,4210,80247,19,0,625,0.019211,,,,,,,,,,,,,,
instruction,BEQ_ID_REG_INT,,41,2823,75476,26,0,375,0.018068,,,,,,,,,,,,,,
instruction,SETOBJTYPE_REG_STRING,,56,4210,75327,17,0,1083,0.018033,,,,,,,,,,,,,,
instruction,FGT_REG_REG_REG,,320,4200,75054,17,0,459,0.017967,,,,,,,,,,,,,,
instruction,BGE_ID_REG_REG,,354,4202,67625,16,0,375,0.016189,,,,,,,,,,,,,,
instruction,BPOFF,,495,2805,62524,22,0,292,0.014968,,,,,,,,,,,,,,
instruction,FNDBLNK_REG_REG_REG,,165,2801,57563,20,0,1250,0.013780,,,,,,,,,,,,,,
instruction,FLT_REG_REG_FLOAT,,327,2800,56184,20,0,292,0.013450,,,,,,,,,,,,,,
instruction,SEQ_REG_REG_STRING,,117,1520,51041,33,0,1041,0.012219,,,,,,,,,,,,,,
instruction,FADD_REG_REG_REG,,300,2802,50445,18,0,375,0.012076,,,,,,,,,,,,,,
instruction,BCF_ID_REG,,350,3002,50330,16,0,2167,0.012049,,,,,,,,,,,,,,
instruction,APPEND_REG_REG,,143,1405,31784,22,0,667,0.007609,,,,,,,,,,,,,,
instruction,SAY_REG,,450,5,13124,2624,541,9333,0.003142,,,,,,,,,,,,,,
instruction,SAY_STRING,,455,4,7208,1802,416,4958,0.001726,,,,,,,,,,,,,,
instruction,ISTYPE_REG_REG_STRING,,60,7,5125,732,458,1167,0.001227,,,,,,,,,,,,,,
instruction,RXVERS_REG,,461,1,2667,2667,2667,2667,0.000638,,,,,,,,,,,,,,
instruction,STRLOWER_REG_REG,,157,16,2498,156,0,1667,0.000598,,,,,,,,,,,,,,
instruction,SCONCAT_REG_STRING_REG,,139,5,1709,341,84,1125,0.000409,,,,,,,,,,,,,,
instruction,BNE_ID_REG_REG,,42,37,1253,33,0,375,0.000300,,,,,,,,,,,,,,
instruction,STRPOS_REG_REG_REG,,164,32,1167,36,0,458,0.000279,,,,,,,,,,,,,,
instruction,STOF_REG,,236,2,876,438,417,459,0.000210,,,,,,,,,,,,,,
instruction,JUMPR_REG_BINARY,,635,1,833,833,833,833,0.000199,,,,,,,,,,,,,,
instruction,POSCHAR_REG_REG_REG,,153,6,748,124,41,291,0.000179,,,,,,,,,,,,,,
instruction,FDIV_REG_REG_FLOAT,,308,4,708,177,42,333,0.000169,,,,,,,,,,,,,,
instruction,SCONCAT_REG_REG_STRING,,138,4,668,167,84,250,0.000160,,,,,,,,,,,,,,
instruction,BTOI_REG,,225,32,663,20,0,83,0.000159,,,,,,,,,,,,,,
instruction,ITOF_REG,,231,7,626,89,41,250,0.000150,,,,,,,,,,,,,,
instruction,FSUB_REG_REG_REG,,302,1,584,584,584,584,0.000140,,,,,,,,,,,,,,
instruction,APPENDCHAR_REG_REG,,140,9,375,41,0,292,0.000090,,,,,,,,,,,,,,
instruction,BLT_ID_REG_INT,,357,1,375,375,375,375,0.000090,,,,,,,,,,,,,,
instruction,RNE_REG_REG_REG,,566,1,334,334,334,334,0.000080,,,,,,,,,,,,,,
instruction,FDIV_REG_REG_REG,,307,3,250,83,42,125,0.000060,,,,,,,,,,,,,,
instruction,INE_REG_REG_REG,,102,1,209,209,209,209,0.000050,,,,,,,,,,,,,,
instruction,FDIV_REG_FLOAT_REG,,309,1,208,208,208,208,0.000050,,,,,,,,,,,,,,
instruction,SAPPEND_REG_REG,,142,2,126,63,42,84,0.000030,,,,,,,,,,,,,,
transition,sequential_same_frame,,0,16076438,201078720,12,0,61708,83.145227,,,,,,,,,,,,,,
transition,branch_same_frame,,1,3081953,38368349,12,0,20250,15.865155,,,,,,,,,,,,,,
transition,call_enter_frame,,2,102132,1197746,11,0,22833,0.495263,,,,,,,,,,,,,,
transition,return_leave_frame,,3,102132,1192383,11,0,250,0.493045,,,,,,,,,,,,,,
transition,external_entry,,6,1,3167,3167,3167,3167,0.001310,,,,,,,,,,,,,,
transition,terminal,,7,1,0,0,0,0,0.000000,,,,,,,,,,,,,,
interrupt,scan_all,,,0,0,0,0,0,0,,,,,,,,,,,,,,
interrupt,scan_without_selection,,,0,0,0,0,0,0,,,,,,,,,,,,,,
interrupt,mechanics_all,,,0,0,0,0,0,0,,,,,,,,,,,,,,
procedure,"rexxcps_levelb_opaque.main","elapsed",,1,659564750,659564750,659564750,659564750,0,,,,,"benchmark_rexxcps_levelb_opaque_opt",procedure,1,0,".int","",,,,
procedure,"rexxcps_levelb_opaque.main","inclusive_body",,1,659561208,659561208,659561208,659561208,0,,,,,"benchmark_rexxcps_levelb_opaque_opt",procedure,1,0,".int","",,,,
procedure,"rexxcps_levelb_opaque.main","self",,1,34196524,34196524,34196524,34196524,0,,,,,"benchmark_rexxcps_levelb_opaque_opt",procedure,1,0,".int","",,,,
procedure,"rexxcps_levelb_opaque.main","native_child",,1,0,0,0,0,0,,,,,"benchmark_rexxcps_levelb_opaque_opt",procedure,1,0,".int","",,,,
procedure,"rexxcps_levelb_opaque.main","entry_overhead",,1,3167,3167,3167,3167,0,,,,,"benchmark_rexxcps_levelb_opaque_opt",procedure,1,0,".int","",,,,
procedure,"rexxcps_levelb_opaque.main","exit_overhead",,1,375,375,375,375,0,,,,,"benchmark_rexxcps_levelb_opaque_opt",procedure,1,0,".int","",,,,
procedure,"rxfnsb.parseexec","elapsed",,9800,388813591,39674,34334,197792,0,,,,,"parseExec",procedure,9800,0,".string[*]","src=.string,splan=.string,template=.string,?debug=.int",,,,
procedure,"rxfnsb.parseexec","inclusive_body",,9800,383510188,39133,33834,196084,0,,,,,"parseExec",procedure,9800,0,".string[*]","src=.string,splan=.string,template=.string,?debug=.int",,,,
procedure,"rxfnsb.parseexec","self",,9800,375991989,38366,33834,196084,0,,,,,"parseExec",procedure,9800,0,".string[*]","src=.string,splan=.string,template=.string,?debug=.int",,,,
procedure,"rxfnsb.parseexec","native_child",,9800,0,0,0,0,0,,,,,"parseExec",procedure,9800,0,".string[*]","src=.string,splan=.string,template=.string,?debug=.int",,,,
procedure,"rxfnsb.parseexec","entry_overhead",,9800,3844185,392,292,16417,0,,,,,"parseExec",procedure,9800,0,".string[*]","src=.string,splan=.string,template=.string,?debug=.int",,,,
procedure,"rxfnsb.parseexec","exit_overhead",,9800,1459218,148,41,15583,0,,,,,"parseExec",procedure,9800,0,".string[*]","src=.string,splan=.string,template=.string,?debug=.int",,,,
procedure,"rxfnsb.stem.get","elapsed",,12503,68668902,5492,3416,64208,0,,,,,"stem",method,12503,0,".string","key=.string",,,,
procedure,"rxfnsb.stem.get","inclusive_body",,12503,64849115,5186,3125,63667,0,,,,,"stem",method,12503,0,".string","key=.string",,,,
procedure,"rxfnsb.stem.get","self",,12503,64849115,5186,3125,63667,0,,,,,"stem",method,12503,0,".string","key=.string",,,,
procedure,"rxfnsb.stem.get","native_child",,12503,0,0,0,0,0,,,,,"stem",method,12503,0,".string","key=.string",,,,
procedure,"rxfnsb.stem.get","entry_overhead",,12503,3210037,256,166,20542,0,,,,,"stem",method,12503,0,".string","key=.string",,,,
procedure,"rxfnsb.stem.get","exit_overhead",,12503,609750,48,0,917,0,,,,,"stem",method,12503,0,".string","key=.string",,,,
procedure,"_rxsysb._address","elapsed",,1400,61989456,44278,37625,4287000,0,,,,,"_address",procedure,1400,0,".int","?env=.string,?command=.string,in=.binary,out=.binary,err=.binary,expose ...=.string",,,,
procedure,"_rxsysb._address","inclusive_body",,1400,61354926,43824,37208,4282208,0,,,,,"_address",procedure,1400,0,".int","?env=.string,?command=.string,in=.binary,out=.binary,err=.binary,expose ...=.string",,,,
procedure,"_rxsysb._address","self",,1400,5622165,4015,3582,51167,0,,,,,"_address",procedure,1400,0,".int","?env=.string,?command=.string,in=.binary,out=.binary,err=.binary,expose ...=.string",,,,
procedure,"_rxsysb._address","native_child",,1400,0,0,0,0,0,,,,,"_address",procedure,1400,0,".int","?env=.string,?command=.string,in=.binary,out=.binary,err=.binary,expose ...=.string",,,,
procedure,"_rxsysb._address","entry_overhead",,1400,525794,375,291,8209,0,,,,,"_address",procedure,1400,0,".int","?env=.string,?command=.string,in=.binary,out=.binary,err=.binary,expose ...=.string",,,,
procedure,"_rxsysb._address","exit_overhead",,1400,108736,77,41,709,0,,,,,"_address",procedure,1400,0,".int","?env=.string,?command=.string,in=.binary,out=.binary,err=.binary,expose ...=.string",,,,
procedure,"_rxsysb._ensure_address_environment","elapsed",,2806,52174913,18594,7625,4286000,0,,,,,"_address",procedure,2806,0,".int","env_name=.string",,,,
procedure,"_rxsysb._ensure_address_environment","inclusive_body",,2806,51249893,18264,7333,4285458,0,,,,,"_address",procedure,2806,0,".int","env_name=.string",,,,
procedure,"_rxsysb._ensure_address_environment","self",,2806,37826532,13480,2500,4264666,0,,,,,"_address",procedure,2806,0,".int","env_name=.string",,,,
procedure,"_rxsysb._ensure_address_environment","native_child",,2806,0,0,0,0,0,,,,,"_address",procedure,2806,0,".int","env_name=.string",,,,
procedure,"_rxsysb._ensure_address_environment","entry_overhead",,2806,750839,267,208,1875,0,,,,,"_address",procedure,2806,0,".int","env_name=.string",,,,
procedure,"_rxsysb._ensure_address_environment","exit_overhead",,2806,174181,62,0,792,0,,,,,"_address",procedure,2806,0,".int","env_name=.string",,,,
procedure,"_rxsysb.addressenv","elapsed",,1400,50705855,36218,17291,24497333,0,,,,,"_address",procedure,1400,0,"._rxsysb..addressenvironment","?env_name=.string",,,,
procedure,"_rxsysb.addressenv","inclusive_body",,1400,50023568,35731,16833,24496500,0,,,,,"_address",procedure,1400,0,"._rxsysb..addressenvironment","?env_name=.string",,,,
procedure,"_rxsysb.addressenv","self",,1400,504598,360,291,1250,0,,,,,"_address",procedure,1400,0,"._rxsysb..addressenvironment","?env_name=.string",,,,
procedure,"_rxsysb.addressenv","native_child",,1400,0,0,0,0,0,,,,,"_address",procedure,1400,0,"._rxsysb..addressenvironment","?env_name=.string",,,,
procedure,"_rxsysb.addressenv","entry_overhead",,1400,432877,309,250,1375,0,,,,,"_address",procedure,1400,0,"._rxsysb..addressenvironment","?env_name=.string",,,,
procedure,"_rxsysb.addressenv","exit_overhead",,1400,249410,178,125,1000,0,,,,,"_address",procedure,1400,0,"._rxsysb..addressenvironment","?env_name=.string",,,,
procedure,"_rxsysb._address_environment","elapsed",,1400,49518970,35370,16500,24496125,0,,,,,"_address",procedure,1400,0,"._rxsysb..addressenvironment","?env_name=.string",,,,
procedure,"_rxsysb._address_environment","inclusive_body",,1400,48915704,34939,16041,24493833,0,,,,,"_address",procedure,1400,0,"._rxsysb..addressenvironment","?env_name=.string",,,,
procedure,"_rxsysb._address_environment","self",,1400,5396300,3854,3082,14790,0,,,,,"_address",procedure,1400,0,"._rxsysb..addressenvironment","?env_name=.string",,,,
procedure,"_rxsysb._address_environment","native_child",,1400,0,0,0,0,0,,,,,"_address",procedure,1400,0,"._rxsysb..addressenvironment","?env_name=.string",,,,
procedure,"_rxsysb._address_environment","entry_overhead",,1400,490387,350,250,7791,0,,,,,"_address",procedure,1400,0,"._rxsysb..addressenvironment","?env_name=.string",,,,
procedure,"_rxsysb._address_environment","exit_overhead",,1400,112879,80,0,542,0,,,,,"_address",procedure,1400,0,"._rxsysb..addressenvironment","?env_name=.string",,,,
procedure,"rxfnsb.stem.set","elapsed",,8300,42454659,5115,750,53333,0,,,,,"stem",method,8300,0,".void","?key=.string,value=.string",,,,
procedure,"rxfnsb.stem.set","inclusive_body",,8300,39707406,4784,541,51584,0,,,,,"stem",method,8300,0,".void","?key=.string,value=.string",,,,
procedure,"rxfnsb.stem.set","self",,8300,39707406,4784,541,51584,0,,,,,"stem",method,8300,0,".void","?key=.string,value=.string",,,,
procedure,"rxfnsb.stem.set","native_child",,8300,0,0,0,0,0,,,,,"stem",method,8300,0,".void","?key=.string,value=.string",,,,
procedure,"rxfnsb.stem.set","entry_overhead",,8300,2406891,289,166,12750,0,,,,,"stem",method,8300,0,".void","?key=.string,value=.string",,,,
procedure,"rxfnsb.stem.set","exit_overhead",,8300,340362,41,0,2750,0,,,,,"stem",method,8300,0,".void","?key=.string,value=.string",,,,
procedure,"rxfnsb.strip","elapsed",,15444,33706750,2182,1500,45667,0,,,,,"strip",procedure,15444,0,".string","string=.string,?option=.string,?char=.string",,,,
procedure,"rxfnsb.strip","inclusive_body",,15444,28736714,1860,1166,34375,0,,,,,"strip",procedure,15444,0,".string","string=.string,?option=.string,?char=.string",,,,
procedure,"rxfnsb.strip","self",,15444,28736714,1860,1166,34375,0,,,,,"strip",procedure,15444,0,".string","string=.string,?option=.string,?char=.string",,,,
procedure,"rxfnsb.strip","native_child",,15444,0,0,0,0,0,,,,,"strip",procedure,15444,0,".string","string=.string,?option=.string,?char=.string",,,,
procedure,"rxfnsb.strip","entry_overhead",,15444,4164500,269,166,14333,0,,,,,"strip",procedure,15444,0,".string","string=.string,?option=.string,?char=.string",,,,
procedure,"rxfnsb.strip","exit_overhead",,15444,805536,52,0,750,0,,,,,"strip",procedure,15444,0,".string","string=.string,?option=.string,?char=.string",,,,
procedure,"_rxsysb.ensure_address_runtime","elapsed",,11206,28510524,2544,250,24476042,0,,,,,"_address",procedure,11206,0,".void","",,,,
procedure,"_rxsysb.ensure_address_runtime","inclusive_body",,11206,26423931,2358,125,24475583,0,,,,,"_address",procedure,11206,0,".void","",,,,
procedure,"_rxsysb.ensure_address_runtime","self",,11206,1949516,173,125,3458,0,,,,,"_address",procedure,11206,0,".void","",,,,
procedure,"_rxsysb.ensure_address_runtime","native_child",,11206,0,0,0,0,0,,,,,"_address",procedure,11206,0,".void","",,,,
procedure,"_rxsysb.ensure_address_runtime","entry_overhead",,11206,1670491,149,83,10083,0,,,,,"_address",procedure,11206,0,".void","",,,,
procedure,"_rxsysb.ensure_address_runtime","exit_overhead",,11206,416102,37,0,417,0,,,,,"_address",procedure,11206,0,".void","",,,,
procedure,"_rxsysb._set_address_environment","elapsed",,1400,27998050,19998,15584,4244000,0,,,,,"_address",procedure,1400,0,".int","env_name=.string",,,,
procedure,"_rxsysb._set_address_environment","inclusive_body",,1400,27511831,19651,15291,4243125,0,,,,,"_address",procedure,1400,0,".int","env_name=.string",,,,
procedure,"_rxsysb._set_address_environment","self",,1400,4793775,3424,3085,17500,0,,,,,"_address",procedure,1400,0,".int","env_name=.string",,,,
procedure,"_rxsysb._set_address_environment","native_child",,1400,0,0,0,0,0,,,,,"_address",procedure,1400,0,".int","env_name=.string",,,,
procedure,"_rxsysb._set_address_environment","entry_overhead",,1400,409339,292,208,1792,0,,,,,"_address",procedure,1400,0,".int","env_name=.string",,,,
procedure,"_rxsysb._set_address_environment","exit_overhead",,1400,76880,54,41,6541,0,,,,,"_address",procedure,1400,0,".int","env_name=.string",,,,
procedure,"_rxsysb.dispatch_address_request","elapsed",,1400,22854634,16324,14792,233708,0,,,,,"_address",procedure,1400,0,"._rxsysb..addressresponse","request=.addressrequest",,,,
procedure,"_rxsysb.dispatch_address_request","inclusive_body",,1400,22006197,15718,14208,231916,0,,,,,"_address",procedure,1400,0,"._rxsysb..addressresponse","request=.addressrequest",,,,
procedure,"_rxsysb.dispatch_address_request","self",,1400,8373844,5981,5251,208875,0,,,,,"_address",procedure,1400,0,"._rxsysb..addressresponse","request=.addressrequest",,,,
procedure,"_rxsysb.dispatch_address_request","native_child",,1400,0,0,0,0,0,,,,,"_address",procedure,1400,0,"._rxsysb..addressresponse","request=.addressrequest",,,,
procedure,"_rxsysb.dispatch_address_request","entry_overhead",,1400,464176,331,250,3625,0,,,,,"_address",procedure,1400,0,"._rxsysb..addressresponse","request=.addressrequest",,,,
procedure,"_rxsysb.dispatch_address_request","exit_overhead",,1400,384261,274,166,12459,0,,,,,"_address",procedure,1400,0,"._rxsysb..addressresponse","request=.addressrequest",,,,
procedure,"rxfnsb._stream_span","elapsed",,7000,7518199,1074,917,19833,0,,,,,"parseExec",procedure,7000,0,".string","source=.string,start=.int,span_length=.int",,,,
procedure,"rxfnsb._stream_span","inclusive_body",,7000,4658649,665,541,17709,0,,,,,"parseExec",procedure,7000,0,".string","source=.string,start=.int,span_length=.int",,,,
procedure,"rxfnsb._stream_span","self",,7000,4658649,665,541,17709,0,,,,,"parseExec",procedure,7000,0,".string","source=.string,start=.int,span_length=.int",,,,
procedure,"rxfnsb._stream_span","native_child",,7000,0,0,0,0,0,,,,,"parseExec",procedure,7000,0,".string","source=.string,start=.int,span_length=.int",,,,
procedure,"rxfnsb._stream_span","entry_overhead",,7000,2474414,353,250,16958,0,,,,,"parseExec",procedure,7000,0,".string","source=.string,start=.int,span_length=.int",,,,
procedure,"rxfnsb._stream_span","exit_overhead",,7000,385136,55,0,9042,0,,,,,"parseExec",procedure,7000,0,".string","source=.string,start=.int,span_length=.int",,,,
procedure,"rxfnsb._trace_set","elapsed",,1402,5589281,3986,3458,221708,0,,,,,"trace",procedure,1402,0,".void","mode=.string",,,,
procedure,"rxfnsb._trace_set","inclusive_body",,1402,5200136,3709,3209,221000,0,,,,,"trace",procedure,1402,0,".void","mode=.string",,,,
procedure,"rxfnsb._trace_set","self",,1402,3645668,2600,2333,12834,0,,,,,"trace",procedure,1402,0,".void","mode=.string",,,,
procedure,"rxfnsb._trace_set","native_child",,1402,0,0,0,0,0,,,,,"trace",procedure,1402,0,".void","mode=.string",,,,
procedure,"rxfnsb._trace_set","entry_overhead",,1402,279981,199,125,1833,0,,,,,"trace",procedure,1402,0,".void","mode=.string",,,,
procedure,"rxfnsb._trace_set","exit_overhead",,1402,109164,77,41,667,0,,,,,"trace",procedure,1402,0,".void","mode=.string",,,,
procedure,"_rxsysb.unknownaddressenvironment.execute","elapsed",,1400,4131824,2951,2666,31083,0,,,,,"_address",method,1400,0,"._rxsysb..addressresponse","request=.addressrequest",,,,
procedure,"_rxsysb.unknownaddressenvironment.execute","inclusive_body",,1400,3674157,2624,2333,28708,0,,,,,"_address",method,1400,0,"._rxsysb..addressresponse","request=.addressrequest",,,,
procedure,"_rxsysb.unknownaddressenvironment.execute","self",,1400,3674157,2624,2333,28708,0,,,,,"_address",method,1400,0,"._rxsysb..addressresponse","request=.addressrequest",,,,
procedure,"_rxsysb.unknownaddressenvironment.execute","native_child",,1400,0,0,0,0,0,,,,,"_address",method,1400,0,"._rxsysb..addressresponse","request=.addressrequest",,,,
procedure,"_rxsysb.unknownaddressenvironment.execute","entry_overhead",,1400,378917,270,208,1416,0,,,,,"_address",method,1400,0,"._rxsysb..addressresponse","request=.addressrequest",,,,
procedure,"_rxsysb.unknownaddressenvironment.execute","exit_overhead",,1400,78750,56,41,2125,0,,,,,"_address",method,1400,0,"._rxsysb..addressresponse","request=.addressrequest",,,,
procedure,"rxfnsb._trace_ensure_runtime","elapsed",,7004,2615389,373,250,193750,0,,,,,"trace",procedure,7004,0,".void","",,,,
procedure,"rxfnsb._trace_ensure_runtime","inclusive_body",,7004,1415250,202,125,193125,0,,,,,"trace",procedure,7004,0,".void","",,,,
procedure,"rxfnsb._trace_ensure_runtime","self",,7004,1237167,176,125,15042,0,,,,,"trace",procedure,7004,0,".void","",,,,
procedure,"rxfnsb._trace_ensure_runtime","native_child",,7004,0,0,0,0,0,,,,,"trace",procedure,7004,0,".void","",,,,
procedure,"rxfnsb._trace_ensure_runtime","entry_overhead",,7004,934849,133,41,23000,0,,,,,"trace",procedure,7004,0,".void","",,,,
procedure,"rxfnsb._trace_ensure_runtime","exit_overhead",,7004,265290,37,0,916,0,,,,,"trace",procedure,7004,0,".void","",,,,
procedure,"_rxsysb._current_address_environment","elapsed",,2800,2445237,873,750,13375,0,,,,,"_address",procedure,2800,0,".string","",,,,
procedure,"_rxsysb._current_address_environment","inclusive_body",,2800,1705464,609,541,8083,0,,,,,"_address",procedure,2800,0,".string","",,,,
procedure,"_rxsysb._current_address_environment","self",,2800,734057,262,167,7500,0,,,,,"_address",procedure,2800,0,".string","",,,,
procedure,"_rxsysb._current_address_environment","native_child",,2800,0,0,0,0,0,,,,,"_address",procedure,2800,0,".string","",,,,
procedure,"_rxsysb._current_address_environment","entry_overhead",,2800,591110,211,125,10375,0,,,,,"_address",procedure,2800,0,".string","",,,,
procedure,"_rxsysb._current_address_environment","exit_overhead",,2800,148663,53,0,709,0,,,,,"_address",procedure,2800,0,".string","",,,,
procedure,"rxfnsb._trace_current_mode","elapsed",,2802,2028548,723,583,32375,0,,,,,"trace",procedure,2802,0,".string","",,,,
procedure,"rxfnsb._trace_current_mode","inclusive_body",,2802,1515699,540,416,31541,0,,,,,"trace",procedure,2802,0,".string","",,,,
procedure,"rxfnsb._trace_current_mode","self",,2802,621550,221,125,7374,0,,,,,"trace",procedure,2802,0,".string","",,,,
procedure,"rxfnsb._trace_current_mode","native_child",,2802,0,0,0,0,0,,,,,"trace",procedure,2802,0,".string","",,,,
procedure,"rxfnsb._trace_current_mode","entry_overhead",,2802,369371,131,83,958,0,,,,,"trace",procedure,2802,0,".string","",,,,
procedure,"rxfnsb._trace_current_mode","exit_overhead",,2802,143478,51,0,2959,0,,,,,"trace",procedure,2802,0,".string","",,,,
procedure,"rxfnsb._trace_normalize_mode","elapsed",,2803,1983003,707,583,34750,0,,,,,"trace",procedure,2803,0,".string","mode=.string",,,,
procedure,"rxfnsb._trace_normalize_mode","inclusive_body",,2803,1229133,438,333,32459,0,,,,,"trace",procedure,2803,0,".string","mode=.string",,,,
procedure,"rxfnsb._trace_normalize_mode","self",,2803,1213798,433,333,21041,0,,,,,"trace",procedure,2803,0,".string","mode=.string",,,,
procedure,"rxfnsb._trace_normalize_mode","native_child",,2803,0,0,0,0,0,,,,,"trace",procedure,2803,0,".string","mode=.string",,,,
procedure,"rxfnsb._trace_normalize_mode","entry_overhead",,2803,611616,218,125,7500,0,,,,,"trace",procedure,2803,0,".string","mode=.string",,,,
procedure,"rxfnsb._trace_normalize_mode","exit_overhead",,2803,142254,50,0,292,0,,,,,"trace",procedure,2803,0,".string","mode=.string",,,,
procedure,"rxfnsb._trace_mode_from_option","elapsed",,1401,1891674,1350,1125,36166,0,,,,,"trace",procedure,1401,0,".string","option=.string",,,,
procedure,"rxfnsb._trace_mode_from_option","inclusive_body",,1401,1475631,1053,916,35333,0,,,,,"trace",procedure,1401,0,".string","option=.string",,,,
procedure,"rxfnsb._trace_mode_from_option","self",,1401,420156,299,208,999,0,,,,,"trace",procedure,1401,0,".string","option=.string",,,,
procedure,"rxfnsb._trace_mode_from_option","native_child",,1401,0,0,0,0,0,,,,,"trace",procedure,1401,0,".string","option=.string",,,,
procedure,"rxfnsb._trace_mode_from_option","entry_overhead",,1401,293391,209,125,1542,0,,,,,"trace",procedure,1401,0,".string","option=.string",,,,
procedure,"rxfnsb._trace_mode_from_option","exit_overhead",,1401,122652,87,41,375,0,,,,,"trace",procedure,1401,0,".string","option=.string",,,,
procedure,"rxfnsb.upper","elapsed",,2800,1581933,564,500,10375,0,,,,,"upper",procedure,2800,0,".string","expose string=.string",,,,
procedure,"rxfnsb.upper","inclusive_body",,2800,612607,218,166,9250,0,,,,,"upper",procedure,2800,0,".string","expose string=.string",,,,
procedure,"rxfnsb.upper","self",,2800,612607,218,166,9250,0,,,,,"upper",procedure,2800,0,".string","expose string=.string",,,,
procedure,"rxfnsb.upper","native_child",,2800,0,0,0,0,0,,,,,"upper",procedure,2800,0,".string","expose string=.string",,,,
procedure,"rxfnsb.upper","entry_overhead",,2800,814426,290,208,1750,0,,,,,"upper",procedure,2800,0,".string","expose string=.string",,,,
procedure,"rxfnsb.upper","exit_overhead",,2800,154900,55,41,584,0,,,,,"upper",procedure,2800,0,".string","expose string=.string",,,,
procedure,"rxfnsb._trace_command_before","elapsed",,1400,1351368,965,833,13209,0,,,,,"trace",procedure,1400,0,".void","environment=.string,command=.string",,,,
procedure,"rxfnsb._trace_command_before","inclusive_body",,1400,861139,615,541,6625,0,,,,,"trace",procedure,1400,0,".void","environment=.string,command=.string",,,,
procedure,"rxfnsb._trace_command_before","self",,1400,289356,206,125,5500,0,,,,,"trace",procedure,1400,0,".void","environment=.string,command=.string",,,,
procedure,"rxfnsb._trace_command_before","native_child",,1400,0,0,0,0,0,,,,,"trace",procedure,1400,0,".void","environment=.string,command=.string",,,,
procedure,"rxfnsb._trace_command_before","entry_overhead",,1400,436918,312,250,10125,0,,,,,"trace",procedure,1400,0,".void","environment=.string,command=.string",,,,
procedure,"rxfnsb._trace_command_before","exit_overhead",,1400,53311,38,0,167,0,,,,,"trace",procedure,1400,0,".void","environment=.string,command=.string",,,,
procedure,"rxfnsb._trace_command_after","elapsed",,1400,1312917,937,833,14500,0,,,,,"trace",procedure,1400,0,".void","environment=.string,command=.string,rc=.int,condition=.string",,,,
procedure,"rxfnsb._trace_command_after","inclusive_body",,1400,807307,576,500,8292,0,,,,,"trace",procedure,1400,0,".void","environment=.string,command=.string,rc=.int,condition=.string",,,,
procedure,"rxfnsb._trace_command_after","self",,1400,284790,203,125,3292,0,,,,,"trace",procedure,1400,0,".void","environment=.string,command=.string,rc=.int,condition=.string",,,,
procedure,"rxfnsb._trace_command_after","native_child",,1400,0,0,0,0,0,,,,,"trace",procedure,1400,0,".void","environment=.string,command=.string,rc=.int,condition=.string",,,,
procedure,"rxfnsb._trace_command_after","entry_overhead",,1400,453227,323,250,5833,0,,,,,"trace",procedure,1400,0,".void","environment=.string,command=.string,rc=.int,condition=.string",,,,
procedure,"rxfnsb._trace_command_after","exit_overhead",,1400,52383,37,0,375,0,,,,,"trace",procedure,1400,0,".void","environment=.string,command=.string,rc=.int,condition=.string",,,,
procedure,"_rxsysb.unknownaddressenvironment.environment_name","elapsed",,1399,735761,525,458,11166,0,,,,,"_address",method,1399,0,".string","",,,,
procedure,"_rxsysb.unknownaddressenvironment.environment_name","inclusive_body",,1399,290501,207,125,1083,0,,,,,"_address",method,1399,0,".string","",,,,
procedure,"_rxsysb.unknownaddressenvironment.environment_name","self",,1399,290501,207,125,1083,0,,,,,"_address",method,1399,0,".string","",,,,
procedure,"_rxsysb.unknownaddressenvironment.environment_name","native_child",,1399,0,0,0,0,0,,,,,"_address",method,1399,0,".string","",,,,
procedure,"_rxsysb.unknownaddressenvironment.environment_name","entry_overhead",,1399,372183,266,208,9750,0,,,,,"_address",method,1399,0,".string","",,,,
procedure,"_rxsysb.unknownaddressenvironment.environment_name","exit_overhead",,1399,73077,52,41,6917,0,,,,,"_address",method,1399,0,".string","",,,,
procedure,"rexxcps_levelb_opaque.__rxtrace_reset_display_state","elapsed",,1402,503442,359,291,1459,0,,,,,"benchmark_rexxcps_levelb_opaque_opt",procedure,1402,0,".void","",,,,
procedure,"rexxcps_levelb_opaque.__rxtrace_reset_display_state","inclusive_body",,1402,281542,200,166,500,0,,,,,"benchmark_rexxcps_levelb_opaque_opt",procedure,1402,0,".void","",,,,
procedure,"rexxcps_levelb_opaque.__rxtrace_reset_display_state","self",,1402,281542,200,166,500,0,,,,,"benchmark_rexxcps_levelb_opaque_opt",procedure,1402,0,".void","",,,,
procedure,"rexxcps_levelb_opaque.__rxtrace_reset_display_state","native_child",,1402,0,0,0,0,0,,,,,"benchmark_rexxcps_levelb_opaque_opt",procedure,1402,0,".void","",,,,
procedure,"rexxcps_levelb_opaque.__rxtrace_reset_display_state","entry_overhead",,1402,168587,120,41,1209,0,,,,,"benchmark_rexxcps_levelb_opaque_opt",procedure,1402,0,".void","",,,,
procedure,"rexxcps_levelb_opaque.__rxtrace_reset_display_state","exit_overhead",,1402,53313,38,0,166,0,,,,,"benchmark_rexxcps_levelb_opaque_opt",procedure,1402,0,".void","",,,,
procedure,"rxfnsb.time","elapsed",,4,364666,91166,6583,331292,0,,,,,"time",procedure,4,0,".string","?option=.string",,,,
procedure,"rxfnsb.time","inclusive_body",,4,357832,89458,6000,329125,0,,,,,"time",procedure,4,0,".string","?option=.string",,,,
procedure,"rxfnsb.time","self",,4,347625,86906,4459,325625,0,,,,,"time",procedure,4,0,".string","?option=.string",,,,
procedure,"rxfnsb.time","native_child",,4,0,0,0,0,0,,,,,"time",procedure,4,0,".string","?option=.string",,,,
procedure,"rxfnsb.time","entry_overhead",,4,4668,1167,417,2167,0,,,,,"time",procedure,4,0,".string","?option=.string",,,,
procedure,"rxfnsb.time","exit_overhead",,4,2166,541,166,1250,0,,,,,"time",procedure,4,0,".string","?option=.string",,,,
procedure,"rxfnsb.tracecontroller.add_suppressed_namespace","elapsed",,16,178083,11130,8625,17042,0,,,,,"trace",method,16,0,".void","namespace_name=.string",,,,
procedure,"rxfnsb.tracecontroller.add_suppressed_namespace","inclusive_body",,16,168791,10549,8333,13625,0,,,,,"trace",method,16,0,".void","namespace_name=.string",,,,
procedure,"rxfnsb.tracecontroller.add_suppressed_namespace","self",,16,126207,7887,5875,10375,0,,,,,"trace",method,16,0,".void","namespace_name=.string",,,,
procedure,"rxfnsb.tracecontroller.add_suppressed_namespace","native_child",,16,0,0,0,0,0,,,,,"trace",method,16,0,".void","namespace_name=.string",,,,
procedure,"rxfnsb.tracecontroller.add_suppressed_namespace","entry_overhead",,16,7794,487,208,3042,0,,,,,"trace",method,16,0,".void","namespace_name=.string",,,,
procedure,"rxfnsb.tracecontroller.add_suppressed_namespace","exit_overhead",,16,1498,93,41,375,0,,,,,"trace",method,16,0,".void","namespace_name=.string",,,,
procedure,"rxfnsb.format","elapsed",,2,28792,14396,8042,20750,0,,,,,"format",procedure,2,0,".string","number=.decimal,?before=.int,?after=.int,?expp=.int,?expt=.int",,,,
procedure,"rxfnsb.format","inclusive_body",,2,16333,8166,7375,8958,0,,,,,"format",procedure,2,0,".string","number=.decimal,?before=.int,?after=.int,?expp=.int,?expt=.int",,,,
procedure,"rxfnsb.format","self",,2,16333,8166,7375,8958,0,,,,,"format",procedure,2,0,".string","number=.decimal,?before=.int,?after=.int,?expp=.int,?expt=.int",,,,
procedure,"rxfnsb.format","native_child",,2,0,0,0,0,0,,,,,"format",procedure,2,0,".string","number=.decimal,?before=.int,?after=.int,?expp=.int,?expt=.int",,,,
procedure,"rxfnsb.format","entry_overhead",,2,12084,6042,542,11542,0,,,,,"format",procedure,2,0,".string","number=.decimal,?before=.int,?after=.int,?expp=.int,?expt=.int",,,,
procedure,"rxfnsb.format","exit_overhead",,2,375,187,125,250,0,,,,,"format",procedure,2,0,".string","number=.decimal,?before=.int,?after=.int,?expp=.int,?expt=.int",,,,
procedure,"_rxsysb.systemaddressenvironment.§factory","elapsed",,3,16750,5583,5375,5875,0,,,,,"_address",factory,3,0,"._rxsysb..systemaddressenvironment","env_name=.string",,,,
procedure,"_rxsysb.systemaddressenvironment.§factory","inclusive_body",,3,13792,4597,4459,4791,0,,,,,"_address",factory,3,0,"._rxsysb..systemaddressenvironment","env_name=.string",,,,
procedure,"_rxsysb.systemaddressenvironment.§factory","self",,3,4792,1597,1543,1625,0,,,,,"_address",factory,3,0,"._rxsysb..systemaddressenvironment","env_name=.string",,,,
procedure,"_rxsysb.systemaddressenvironment.§factory","native_child",,3,0,0,0,0,0,,,,,"_address",factory,3,0,"._rxsysb..systemaddressenvironment","env_name=.string",,,,
procedure,"_rxsysb.systemaddressenvironment.§factory","entry_overhead",,3,2250,750,708,834,0,,,,,"_address",factory,3,0,"._rxsysb..systemaddressenvironment","env_name=.string",,,,
procedure,"_rxsysb.systemaddressenvironment.§factory","exit_overhead",,3,708,236,208,250,0,,,,,"_address",factory,3,0,"._rxsysb..systemaddressenvironment","env_name=.string",,,,
procedure,"_rxsysb.systemaddressenvironment.bind_environment","elapsed",,3,12124,4041,3916,4125,0,,,,,"_address",method,3,0,".void","env_name=.string,instance_id=.string",,,,
procedure,"_rxsysb.systemaddressenvironment.bind_environment","inclusive_body",,3,10583,3527,3416,3625,0,,,,,"_address",method,3,0,".void","env_name=.string,instance_id=.string",,,,
procedure,"_rxsysb.systemaddressenvironment.bind_environment","self",,3,2876,958,958,959,0,,,,,"_address",method,3,0,".void","env_name=.string,instance_id=.string",,,,
procedure,"_rxsysb.systemaddressenvironment.bind_environment","native_child",,3,0,0,0,0,0,,,,,"_address",method,3,0,".void","env_name=.string,instance_id=.string",,,,
procedure,"_rxsysb.systemaddressenvironment.bind_environment","entry_overhead",,3,1166,388,375,416,0,,,,,"_address",method,3,0,".void","env_name=.string,instance_id=.string",,,,
procedure,"_rxsysb.systemaddressenvironment.bind_environment","exit_overhead",,3,375,125,83,167,0,,,,,"_address",method,3,0,".void","env_name=.string,instance_id=.string",,,,
procedure,"_rxsysb._elapsed","elapsed",,12,10207,850,375,2416,0,,,,,"/Users/adrian/CLionProjects/CREXX/lib/rxfnsb/rxas/_elapsed",procedure,12,0,".int","value=.int",,,,
procedure,"_rxsysb._elapsed","inclusive_body",,12,3666,305,125,625,0,,,,,"/Users/adrian/CLionProjects/CREXX/lib/rxfnsb/rxas/_elapsed",procedure,12,0,".int","value=.int",,,,
procedure,"_rxsysb._elapsed","self",,12,3666,305,125,625,0,,,,,"/Users/adrian/CLionProjects/CREXX/lib/rxfnsb/rxas/_elapsed",procedure,12,0,".int","value=.int",,,,
procedure,"_rxsysb._elapsed","native_child",,12,0,0,0,0,0,,,,,"/Users/adrian/CLionProjects/CREXX/lib/rxfnsb/rxas/_elapsed",procedure,12,0,".int","value=.int",,,,
procedure,"_rxsysb._elapsed","entry_overhead",,12,5166,430,166,1833,0,,,,,"/Users/adrian/CLionProjects/CREXX/lib/rxfnsb/rxas/_elapsed",procedure,12,0,".int","value=.int",,,,
procedure,"_rxsysb._elapsed","exit_overhead",,12,1375,114,41,417,0,,,,,"/Users/adrian/CLionProjects/CREXX/lib/rxfnsb/rxas/_elapsed",procedure,12,0,".int","value=.int",,,,
procedure,"_rxsysb.crexxaddressenvironment.§factory","elapsed",,1,10083,10083,10083,10083,0,,,,,"_address",factory,1,0,"._rxsysb..crexxaddressenvironment","env_name=.string",,,,
procedure,"_rxsysb.crexxaddressenvironment.§factory","inclusive_body",,1,5334,5334,5334,5334,0,,,,,"_address",factory,1,0,"._rxsysb..crexxaddressenvironment","env_name=.string",,,,
procedure,"_rxsysb.crexxaddressenvironment.§factory","self",,1,1875,1875,1875,1875,0,,,,,"_address",factory,1,0,"._rxsysb..crexxaddressenvironment","env_name=.string",,,,
procedure,"_rxsysb.crexxaddressenvironment.§factory","native_child",,1,0,0,0,0,0,,,,,"_address",factory,1,0,"._rxsysb..crexxaddressenvironment","env_name=.string",,,,
procedure,"_rxsysb.crexxaddressenvironment.§factory","entry_overhead",,1,4666,4666,4666,4666,0,,,,,"_address",factory,1,0,"._rxsysb..crexxaddressenvironment","env_name=.string",,,,
procedure,"_rxsysb.crexxaddressenvironment.§factory","exit_overhead",,1,83,83,83,83,0,,,,,"_address",factory,1,0,"._rxsysb..crexxaddressenvironment","env_name=.string",,,,
procedure,"_rxsysb.pathaddressenvironment.§factory","elapsed",,1,7458,7458,7458,7458,0,,,,,"_address",factory,1,0,"._rxsysb..pathaddressenvironment","env_name=.string",,,,
procedure,"_rxsysb.pathaddressenvironment.§factory","inclusive_body",,1,6083,6083,6083,6083,0,,,,,"_address",factory,1,0,"._rxsysb..pathaddressenvironment","env_name=.string",,,,
procedure,"_rxsysb.pathaddressenvironment.§factory","self",,1,2042,2042,2042,2042,0,,,,,"_address",factory,1,0,"._rxsysb..pathaddressenvironment","env_name=.string",,,,
procedure,"_rxsysb.pathaddressenvironment.§factory","native_child",,1,0,0,0,0,0,,,,,"_address",factory,1,0,"._rxsysb..pathaddressenvironment","env_name=.string",,,,
procedure,"_rxsysb.pathaddressenvironment.§factory","entry_overhead",,1,958,958,958,958,0,,,,,"_address",factory,1,0,"._rxsysb..pathaddressenvironment","env_name=.string",,,,
procedure,"_rxsysb.pathaddressenvironment.§factory","exit_overhead",,1,417,417,417,417,0,,,,,"_address",factory,1,0,"._rxsysb..pathaddressenvironment","env_name=.string",,,,
procedure,"rxfnsb.stem.§factory","elapsed",,2,7249,3624,1583,5666,0,,,,,"stem",factory,2,0,".rxfnsb..stem","",,,,
procedure,"rxfnsb.stem.§factory","inclusive_body",,2,4208,2104,1041,3167,0,,,,,"stem",factory,2,0,".rxfnsb..stem","",,,,
procedure,"rxfnsb.stem.§factory","self",,2,4208,2104,1041,3167,0,,,,,"stem",factory,2,0,".rxfnsb..stem","",,,,
procedure,"rxfnsb.stem.§factory","native_child",,2,0,0,0,0,0,,,,,"stem",factory,2,0,".rxfnsb..stem","",,,,
procedure,"rxfnsb.stem.§factory","entry_overhead",,2,2000,1000,292,1708,0,,,,,"stem",factory,2,0,".rxfnsb..stem","",,,,
procedure,"rxfnsb.stem.§factory","exit_overhead",,2,1041,520,250,791,0,,,,,"stem",factory,2,0,".rxfnsb..stem","",,,,
procedure,"_rxsysb.pathaddressenvironment.bind_environment","elapsed",,1,7167,7167,7167,7167,0,,,,,"_address",method,1,0,".void","env_name=.string,instance_id=.string",,,,
procedure,"_rxsysb.pathaddressenvironment.bind_environment","inclusive_body",,1,6416,6416,6416,6416,0,,,,,"_address",method,1,0,".void","env_name=.string,instance_id=.string",,,,
procedure,"_rxsysb.pathaddressenvironment.bind_environment","self",,1,958,958,958,958,0,,,,,"_address",method,1,0,".void","env_name=.string,instance_id=.string",,,,
procedure,"_rxsysb.pathaddressenvironment.bind_environment","native_child",,1,0,0,0,0,0,,,,,"_address",method,1,0,".void","env_name=.string,instance_id=.string",,,,
procedure,"_rxsysb.pathaddressenvironment.bind_environment","entry_overhead",,1,584,584,584,584,0,,,,,"_address",method,1,0,".void","env_name=.string,instance_id=.string",,,,
procedure,"_rxsysb.pathaddressenvironment.bind_environment","exit_overhead",,1,167,167,167,167,0,,,,,"_address",method,1,0,".void","env_name=.string,instance_id=.string",,,,
procedure,"_rxsysb.unknownaddressenvironment.§factory","elapsed",,1,5917,5917,5917,5917,0,,,,,"_address",factory,1,0,"._rxsysb..unknownaddressenvironment","env_name=.string",,,,
procedure,"_rxsysb.unknownaddressenvironment.§factory","inclusive_body",,1,4958,4958,4958,4958,0,,,,,"_address",factory,1,0,"._rxsysb..unknownaddressenvironment","env_name=.string",,,,
procedure,"_rxsysb.unknownaddressenvironment.§factory","self",,1,1625,1625,1625,1625,0,,,,,"_address",factory,1,0,"._rxsysb..unknownaddressenvironment","env_name=.string",,,,
procedure,"_rxsysb.unknownaddressenvironment.§factory","native_child",,1,0,0,0,0,0,,,,,"_address",factory,1,0,"._rxsysb..unknownaddressenvironment","env_name=.string",,,,
procedure,"_rxsysb.unknownaddressenvironment.§factory","entry_overhead",,1,792,792,792,792,0,,,,,"_address",factory,1,0,"._rxsysb..unknownaddressenvironment","env_name=.string",,,,
procedure,"_rxsysb.unknownaddressenvironment.§factory","exit_overhead",,1,167,167,167,167,0,,,,,"_address",factory,1,0,"._rxsysb..unknownaddressenvironment","env_name=.string",,,,
procedure,"_rxsysb.shelladdressenvironment.§factory","elapsed",,1,4833,4833,4833,4833,0,,,,,"_address",factory,1,0,"._rxsysb..shelladdressenvironment","env_name=.string",,,,
procedure,"_rxsysb.shelladdressenvironment.§factory","inclusive_body",,1,4125,4125,4125,4125,0,,,,,"_address",factory,1,0,"._rxsysb..shelladdressenvironment","env_name=.string",,,,
procedure,"_rxsysb.shelladdressenvironment.§factory","self",,1,1416,1416,1416,1416,0,,,,,"_address",factory,1,0,"._rxsysb..shelladdressenvironment","env_name=.string",,,,
procedure,"_rxsysb.shelladdressenvironment.§factory","native_child",,1,0,0,0,0,0,,,,,"_address",factory,1,0,"._rxsysb..shelladdressenvironment","env_name=.string",,,,
procedure,"_rxsysb.shelladdressenvironment.§factory","entry_overhead",,1,541,541,541,541,0,,,,,"_address",factory,1,0,"._rxsysb..shelladdressenvironment","env_name=.string",,,,
procedure,"_rxsysb.shelladdressenvironment.§factory","exit_overhead",,1,167,167,167,167,0,,,,,"_address",factory,1,0,"._rxsysb..shelladdressenvironment","env_name=.string",,,,
procedure,"rxfnsb.pos","elapsed",,2,4376,2188,1292,3084,0,,,,,"pos",procedure,2,0,".int","needle=.string,haystack=.string,?start=.int",,,,
procedure,"rxfnsb.pos","inclusive_body",,2,2125,1062,750,1375,0,,,,,"pos",procedure,2,0,".int","needle=.string,haystack=.string,?start=.int",,,,
procedure,"rxfnsb.pos","self",,2,2125,1062,750,1375,0,,,,,"pos",procedure,2,0,".int","needle=.string,haystack=.string,?start=.int",,,,
procedure,"rxfnsb.pos","native_child",,2,0,0,0,0,0,,,,,"pos",procedure,2,0,".int","needle=.string,haystack=.string,?start=.int",,,,
procedure,"rxfnsb.pos","entry_overhead",,2,2042,1021,458,1584,0,,,,,"pos",procedure,2,0,".int","needle=.string,haystack=.string,?start=.int",,,,
procedure,"rxfnsb.pos","exit_overhead",,2,209,104,84,125,0,,,,,"pos",procedure,2,0,".int","needle=.string,haystack=.string,?start=.int",,,,
procedure,"_rxsysb.crexxaddressenvironment.bind_environment","elapsed",,1,4291,4291,4291,4291,0,,,,,"_address",method,1,0,".void","env_name=.string,instance_id=.string",,,,
procedure,"_rxsysb.crexxaddressenvironment.bind_environment","inclusive_body",,1,3666,3666,3666,3666,0,,,,,"_address",method,1,0,".void","env_name=.string,instance_id=.string",,,,
procedure,"_rxsysb.crexxaddressenvironment.bind_environment","self",,1,916,916,916,916,0,,,,,"_address",method,1,0,".void","env_name=.string,instance_id=.string",,,,
procedure,"_rxsysb.crexxaddressenvironment.bind_environment","native_child",,1,0,0,0,0,0,,,,,"_address",method,1,0,".void","env_name=.string,instance_id=.string",,,,
procedure,"_rxsysb.crexxaddressenvironment.bind_environment","entry_overhead",,1,500,500,500,500,0,,,,,"_address",method,1,0,".void","env_name=.string,instance_id=.string",,,,
procedure,"_rxsysb.crexxaddressenvironment.bind_environment","exit_overhead",,1,125,125,125,125,0,,,,,"_address",method,1,0,".void","env_name=.string,instance_id=.string",,,,
procedure,"_rxsysb.unknownaddressenvironment.bind_environment","elapsed",,1,4042,4042,4042,4042,0,,,,,"_address",method,1,0,".void","env_name=.string,instance_id=.string",,,,
procedure,"_rxsysb.unknownaddressenvironment.bind_environment","inclusive_body",,1,3500,3500,3500,3500,0,,,,,"_address",method,1,0,".void","env_name=.string,instance_id=.string",,,,
procedure,"_rxsysb.unknownaddressenvironment.bind_environment","self",,1,875,875,875,875,0,,,,,"_address",method,1,0,".void","env_name=.string,instance_id=.string",,,,
procedure,"_rxsysb.unknownaddressenvironment.bind_environment","native_child",,1,0,0,0,0,0,,,,,"_address",method,1,0,".void","env_name=.string,instance_id=.string",,,,
procedure,"_rxsysb.unknownaddressenvironment.bind_environment","entry_overhead",,1,417,417,417,417,0,,,,,"_address",method,1,0,".void","env_name=.string,instance_id=.string",,,,
procedure,"_rxsysb.unknownaddressenvironment.bind_environment","exit_overhead",,1,125,125,125,125,0,,,,,"_address",method,1,0,".void","env_name=.string,instance_id=.string",,,,
procedure,"_rxsysb.shelladdressenvironment.bind_environment","elapsed",,1,3833,3833,3833,3833,0,,,,,"_address",method,1,0,".void","env_name=.string,instance_id=.string",,,,
procedure,"_rxsysb.shelladdressenvironment.bind_environment","inclusive_body",,1,3417,3417,3417,3417,0,,,,,"_address",method,1,0,".void","env_name=.string,instance_id=.string",,,,
procedure,"_rxsysb.shelladdressenvironment.bind_environment","self",,1,1000,1000,1000,1000,0,,,,,"_address",method,1,0,".void","env_name=.string,instance_id=.string",,,,
procedure,"_rxsysb.shelladdressenvironment.bind_environment","native_child",,1,0,0,0,0,0,,,,,"_address",method,1,0,".void","env_name=.string,instance_id=.string",,,,
procedure,"_rxsysb.shelladdressenvironment.bind_environment","entry_overhead",,1,333,333,333,333,0,,,,,"_address",method,1,0,".void","env_name=.string,instance_id=.string",,,,
procedure,"_rxsysb.shelladdressenvironment.bind_environment","exit_overhead",,1,83,83,83,83,0,,,,,"_address",method,1,0,".void","env_name=.string,instance_id=.string",,,,
procedure,"_rxsysb.systemaddressenvironment.environment_id","elapsed",,3,2125,708,583,792,0,,,,,"_address",method,3,0,".string","",,,,
procedure,"_rxsysb.systemaddressenvironment.environment_id","inclusive_body",,3,834,278,250,292,0,,,,,"_address",method,3,0,".string","",,,,
procedure,"_rxsysb.systemaddressenvironment.environment_id","self",,3,834,278,250,292,0,,,,,"_address",method,3,0,".string","",,,,
procedure,"_rxsysb.systemaddressenvironment.environment_id","native_child",,3,0,0,0,0,0,,,,,"_address",method,3,0,".string","",,,,
procedure,"_rxsysb.systemaddressenvironment.environment_id","entry_overhead",,3,1083,361,250,458,0,,,,,"_address",method,3,0,".string","",,,,
procedure,"_rxsysb.systemaddressenvironment.environment_id","exit_overhead",,3,208,69,41,84,0,,,,,"_address",method,3,0,".string","",,,,
procedure,"_rxsysb.crexxaddressenvironment.environment_id","elapsed",,1,1209,1209,1209,1209,0,,,,,"_address",method,1,0,".string","",,,,
procedure,"_rxsysb.crexxaddressenvironment.environment_id","inclusive_body",,1,416,416,416,416,0,,,,,"_address",method,1,0,".string","",,,,
procedure,"_rxsysb.crexxaddressenvironment.environment_id","self",,1,416,416,416,416,0,,,,,"_address",method,1,0,".string","",,,,
procedure,"_rxsysb.crexxaddressenvironment.environment_id","native_child",,1,0,0,0,0,0,,,,,"_address",method,1,0,".string","",,,,
procedure,"_rxsysb.crexxaddressenvironment.environment_id","entry_overhead",,1,709,709,709,709,0,,,,,"_address",method,1,0,".string","",,,,
procedure,"_rxsysb.crexxaddressenvironment.environment_id","exit_overhead",,1,84,84,84,84,0,,,,,"_address",method,1,0,".string","",,,,
procedure,"_rxsysb.pathaddressenvironment.environment_id","elapsed",,1,1167,1167,1167,1167,0,,,,,"_address",method,1,0,".string","",,,,
procedure,"_rxsysb.pathaddressenvironment.environment_id","inclusive_body",,1,375,375,375,375,0,,,,,"_address",method,1,0,".string","",,,,
procedure,"_rxsysb.pathaddressenvironment.environment_id","self",,1,375,375,375,375,0,,,,,"_address",method,1,0,".string","",,,,
procedure,"_rxsysb.pathaddressenvironment.environment_id","native_child",,1,0,0,0,0,0,,,,,"_address",method,1,0,".string","",,,,
procedure,"_rxsysb.pathaddressenvironment.environment_id","entry_overhead",,1,667,667,667,667,0,,,,,"_address",method,1,0,".string","",,,,
procedure,"_rxsysb.pathaddressenvironment.environment_id","exit_overhead",,1,125,125,125,125,0,,,,,"_address",method,1,0,".string","",,,,
procedure,"_rxsysb.crexxaddressenvironment.environment_name","elapsed",,1,875,875,875,875,0,,,,,"_address",method,1,0,".string","",,,,
procedure,"_rxsysb.crexxaddressenvironment.environment_name","inclusive_body",,1,208,208,208,208,0,,,,,"_address",method,1,0,".string","",,,,
procedure,"_rxsysb.crexxaddressenvironment.environment_name","self",,1,208,208,208,208,0,,,,,"_address",method,1,0,".string","",,,,
procedure,"_rxsysb.crexxaddressenvironment.environment_name","native_child",,1,0,0,0,0,0,,,,,"_address",method,1,0,".string","",,,,
procedure,"_rxsysb.crexxaddressenvironment.environment_name","entry_overhead",,1,625,625,625,625,0,,,,,"_address",method,1,0,".string","",,,,
procedure,"_rxsysb.crexxaddressenvironment.environment_name","exit_overhead",,1,42,42,42,42,0,,,,,"_address",method,1,0,".string","",,,,
procedure,"_rxsysb.unknownaddressenvironment.environment_id","elapsed",,1,833,833,833,833,0,,,,,"_address",method,1,0,".string","",,,,
procedure,"_rxsysb.unknownaddressenvironment.environment_id","inclusive_body",,1,291,291,291,291,0,,,,,"_address",method,1,0,".string","",,,,
procedure,"_rxsysb.unknownaddressenvironment.environment_id","self",,1,291,291,291,291,0,,,,,"_address",method,1,0,".string","",,,,
procedure,"_rxsysb.unknownaddressenvironment.environment_id","native_child",,1,0,0,0,0,0,,,,,"_address",method,1,0,".string","",,,,
procedure,"_rxsysb.unknownaddressenvironment.environment_id","entry_overhead",,1,500,500,500,500,0,,,,,"_address",method,1,0,".string","",,,,
procedure,"_rxsysb.unknownaddressenvironment.environment_id","exit_overhead",,1,42,42,42,42,0,,,,,"_address",method,1,0,".string","",,,,
procedure,"_rxsysb.shelladdressenvironment.environment_id","elapsed",,1,750,750,750,750,0,,,,,"_address",method,1,0,".string","",,,,
procedure,"_rxsysb.shelladdressenvironment.environment_id","inclusive_body",,1,333,333,333,333,0,,,,,"_address",method,1,0,".string","",,,,
procedure,"_rxsysb.shelladdressenvironment.environment_id","self",,1,333,333,333,333,0,,,,,"_address",method,1,0,".string","",,,,
procedure,"_rxsysb.shelladdressenvironment.environment_id","native_child",,1,0,0,0,0,0,,,,,"_address",method,1,0,".string","",,,,
procedure,"_rxsysb.shelladdressenvironment.environment_id","entry_overhead",,1,375,375,375,375,0,,,,,"_address",method,1,0,".string","",,,,
procedure,"_rxsysb.shelladdressenvironment.environment_id","exit_overhead",,1,42,42,42,42,0,,,,,"_address",method,1,0,".string","",,,,
allocation,frame_blocks,,,81,0,0,0,0,0,,,,,,,,,,,594120,35800,0,complete
allocation,standalone_values,,,5581,0,0,0,0,0,,,,,,,,,,,1428736,256,0,complete
allocation,attribute_value_blocks,,,15524,0,0,0,0,0,,,,,,,,,,,32331776,65536,0,complete
allocation,attribute_pointer_storage,,,46555,0,0,0,0,0,,,,,,,,,,,3015360,2048,0,complete
allocation,string_buffers,,,8440,0,0,0,0,0,,,,,,,,,,,540576,128,0,complete
allocation,binary_buffers,,,0,0,0,0,0,0,,,,,,,,,,,0,0,0,complete
allocation,value_slots,,,133522,0,0,0,0,0,,,,,,,,,,,34181632,65536,0,complete
allocation,frame_activations,,,102133,0,0,0,0,0,,,,,,,,,,,0,0,7,complete
allocation,frame_reuses,,,102052,0,0,0,0,0,,,,,,,,,,,0,0,0,complete
metadata_lookup,"callable_resolve","query",,0,0,0,0,0,0,,,,,,,,,,,,,,"complete"
metadata_lookup,"callable_resolve","hit",,0,0,0,0,0,0,,,,,,,,,,,,,,"complete"
metadata_lookup,"callable_resolve","miss",,0,0,0,0,0,0,,,,,,,,,,,,,,"complete"
metadata_lookup,"callable_resolve","invalid",,0,0,0,0,0,0,,,,,,,,,,,,,,"complete"
metadata_lookup,"callable_resolve","degraded",,0,0,0,0,0,0,,,,,,,,,,,,,,"complete"
metadata_visit,"callable_resolve","total",,0,0,0,0,0,0,,,,,,,,,,,,,,"complete"
metadata_visit,"callable_resolve","META_FUNC",,0,0,0,0,0,0,,,,,,,,,,,,,,"complete"
metadata_visit,"callable_resolve","META_REG",,0,0,0,0,0,0,,,,,,,,,,,,,,"complete"
metadata_visit,"callable_resolve","META_CONST",,0,0,0,0,0,0,,,,,,,,,,,,,,"complete"
metadata_visit,"callable_resolve","META_CLEAR",,0,0,0,0,0,0,,,,,,,,,,,,,,"complete"
metadata_visit,"callable_resolve","META_CLASS",,0,0,0,0,0,0,,,,,,,,,,,,,,"complete"
metadata_visit,"callable_resolve","META_ATTR",,0,0,0,0,0,0,,,,,,,,,,,,,,"complete"
metadata_visit,"callable_resolve","META_INTERFACE",,0,0,0,0,0,0,,,,,,,,,,,,,,"complete"
metadata_visit,"callable_resolve","META_IMPLEMENTS",,0,0,0,0,0,0,,,,,,,,,,,,,,"complete"
metadata_visit,"callable_resolve","META_MEMBER",,0,0,0,0,0,0,,,,,,,,,,,,,,"complete"
metadata_visit,"callable_resolve","META_INLINE",,0,0,0,0,0,0,,,,,,,,,,,,,,"complete"
metadata_visit,"callable_resolve","META_SOURCE_STEP",,0,0,0,0,0,0,,,,,,,,,,,,,,"complete"
metadata_visit,"callable_resolve","META_TRACE_EVENT",,0,0,0,0,0,0,,,,,,,,,,,,,,"complete"
metadata_lookup,"contract_kind","query",,2814,0,0,0,0,0,,,,,,,,,,,,,,"complete"
metadata_lookup,"contract_kind","hit",,2814,0,0,0,0,0,,,,,,,,,,,,,,"complete"
metadata_lookup,"contract_kind","miss",,0,0,0,0,0,0,,,,,,,,,,,,,,"complete"
metadata_lookup,"contract_kind","invalid",,0,0,0,0,0,0,,,,,,,,,,,,,,"complete"
metadata_lookup,"contract_kind","degraded",,0,0,0,0,0,0,,,,,,,,,,,,,,"complete"
metadata_visit,"contract_kind","total",,8498,0,0,0,0,0,,,,,,,,,,,,,,"complete"
metadata_visit,"contract_kind","META_FUNC",,0,0,0,0,0,0,,,,,,,,,,,,,,"complete"
metadata_visit,"contract_kind","META_REG",,0,0,0,0,0,0,,,,,,,,,,,,,,"complete"
metadata_visit,"contract_kind","META_CONST",,0,0,0,0,0,0,,,,,,,,,,,,,,"complete"
metadata_visit,"contract_kind","META_CLEAR",,0,0,0,0,0,0,,,,,,,,,,,,,,"complete"
metadata_visit,"contract_kind","META_CLASS",,5656,0,0,0,0,0,,,,,,,,,,,,,,"complete"
metadata_visit,"contract_kind","META_ATTR",,0,0,0,0,0,0,,,,,,,,,,,,,,"complete"
metadata_visit,"contract_kind","META_INTERFACE",,2842,0,0,0,0,0,,,,,,,,,,,,,,"complete"
metadata_visit,"contract_kind","META_IMPLEMENTS",,0,0,0,0,0,0,,,,,,,,,,,,,,"complete"
metadata_visit,"contract_kind","META_MEMBER",,0,0,0,0,0,0,,,,,,,,,,,,,,"complete"
metadata_visit,"contract_kind","META_INLINE",,0,0,0,0,0,0,,,,,,,,,,,,,,"complete"
metadata_visit,"contract_kind","META_SOURCE_STEP",,0,0,0,0,0,0,,,,,,,,,,,,,,"complete"
metadata_visit,"contract_kind","META_TRACE_EVENT",,0,0,0,0,0,0,,,,,,,,,,,,,,"complete"
metadata_lookup,"contract_implements","query",,2856,0,0,0,0,0,,,,,,,,,,,,,,"complete"
metadata_lookup,"contract_implements","hit",,2814,0,0,0,0,0,,,,,,,,,,,,,,"complete"
metadata_lookup,"contract_implements","miss",,42,0,0,0,0,0,,,,,,,,,,,,,,"complete"
metadata_lookup,"contract_implements","invalid",,0,0,0,0,0,0,,,,,,,,,,,,,,"complete"
metadata_lookup,"contract_implements","degraded",,0,0,0,0,0,0,,,,,,,,,,,,,,"complete"
metadata_visit,"contract_implements","total",,51399,0,0,0,0,0,,,,,,,,,,,,,,"complete"
metadata_visit,"contract_implements","META_FUNC",,0,0,0,0,0,0,,,,,,,,,,,,,,"complete"
metadata_visit,"contract_implements","META_REG",,0,0,0,0,0,0,,,,,,,,,,,,,,"complete"
metadata_visit,"contract_implements","META_CONST",,0,0,0,0,0,0,,,,,,,,,,,,,,"complete"
metadata_visit,"contract_implements","META_CLEAR",,0,0,0,0,0,0,,,,,,,,,,,,,,"complete"
metadata_visit,"contract_implements","META_CLASS",,0,0,0,0,0,0,,,,,,,,,,,,,,"complete"
metadata_visit,"contract_implements","META_ATTR",,0,0,0,0,0,0,,,,,,,,,,,,,,"complete"
metadata_visit,"contract_implements","META_INTERFACE",,0,0,0,0,0,0,,,,,,,,,,,,,,"complete"
metadata_visit,"contract_implements","META_IMPLEMENTS",,51399,0,0,0,0,0,,,,,,,,,,,,,,"complete"
metadata_visit,"contract_implements","META_MEMBER",,0,0,0,0,0,0,,,,,,,,,,,,,,"complete"
metadata_visit,"contract_implements","META_INLINE",,0,0,0,0,0,0,,,,,,,,,,,,,,"complete"
metadata_visit,"contract_implements","META_SOURCE_STEP",,0,0,0,0,0,0,,,,,,,,,,,,,,"complete"
metadata_visit,"contract_implements","META_TRACE_EVENT",,0,0,0,0,0,0,,,,,,,,,,,,,,"complete"
metadata_lookup,"callable_signature","query",,0,0,0,0,0,0,,,,,,,,,,,,,,"complete"
metadata_lookup,"callable_signature","hit",,0,0,0,0,0,0,,,,,,,,,,,,,,"complete"
metadata_lookup,"callable_signature","miss",,0,0,0,0,0,0,,,,,,,,,,,,,,"complete"
metadata_lookup,"callable_signature","invalid",,0,0,0,0,0,0,,,,,,,,,,,,,,"complete"
metadata_lookup,"callable_signature","degraded",,0,0,0,0,0,0,,,,,,,,,,,,,,"complete"
metadata_visit,"callable_signature","total",,0,0,0,0,0,0,,,,,,,,,,,,,,"complete"
metadata_visit,"callable_signature","META_FUNC",,0,0,0,0,0,0,,,,,,,,,,,,,,"complete"
metadata_visit,"callable_signature","META_REG",,0,0,0,0,0,0,,,,,,,,,,,,,,"complete"
metadata_visit,"callable_signature","META_CONST",,0,0,0,0,0,0,,,,,,,,,,,,,,"complete"
metadata_visit,"callable_signature","META_CLEAR",,0,0,0,0,0,0,,,,,,,,,,,,,,"complete"
metadata_visit,"callable_signature","META_CLASS",,0,0,0,0,0,0,,,,,,,,,,,,,,"complete"
metadata_visit,"callable_signature","META_ATTR",,0,0,0,0,0,0,,,,,,,,,,,,,,"complete"
metadata_visit,"callable_signature","META_INTERFACE",,0,0,0,0,0,0,,,,,,,,,,,,,,"complete"
metadata_visit,"callable_signature","META_IMPLEMENTS",,0,0,0,0,0,0,,,,,,,,,,,,,,"complete"
metadata_visit,"callable_signature","META_MEMBER",,0,0,0,0,0,0,,,,,,,,,,,,,,"complete"
metadata_visit,"callable_signature","META_INLINE",,0,0,0,0,0,0,,,,,,,,,,,,,,"complete"
metadata_visit,"callable_signature","META_SOURCE_STEP",,0,0,0,0,0,0,,,,,,,,,,,,,,"complete"
metadata_visit,"callable_signature","META_TRACE_EVENT",,0,0,0,0,0,0,,,,,,,,,,,,,,"complete"
metadata_lookup,"interface_method_registry","query",,0,0,0,0,0,0,,,,,,,,,,,,,,"complete"
metadata_lookup,"interface_method_registry","hit",,0,0,0,0,0,0,,,,,,,,,,,,,,"complete"
metadata_lookup,"interface_method_registry","miss",,0,0,0,0,0,0,,,,,,,,,,,,,,"complete"
metadata_lookup,"interface_method_registry","invalid",,0,0,0,0,0,0,,,,,,,,,,,,,,"complete"
metadata_lookup,"interface_method_registry","degraded",,0,0,0,0,0,0,,,,,,,,,,,,,,"complete"
metadata_visit,"interface_method_registry","total",,0,0,0,0,0,0,,,,,,,,,,,,,,"complete"
metadata_visit,"interface_method_registry","META_FUNC",,0,0,0,0,0,0,,,,,,,,,,,,,,"complete"
metadata_visit,"interface_method_registry","META_REG",,0,0,0,0,0,0,,,,,,,,,,,,,,"complete"
metadata_visit,"interface_method_registry","META_CONST",,0,0,0,0,0,0,,,,,,,,,,,,,,"complete"
metadata_visit,"interface_method_registry","META_CLEAR",,0,0,0,0,0,0,,,,,,,,,,,,,,"complete"
metadata_visit,"interface_method_registry","META_CLASS",,0,0,0,0,0,0,,,,,,,,,,,,,,"complete"
metadata_visit,"interface_method_registry","META_ATTR",,0,0,0,0,0,0,,,,,,,,,,,,,,"complete"
metadata_visit,"interface_method_registry","META_INTERFACE",,0,0,0,0,0,0,,,,,,,,,,,,,,"complete"
metadata_visit,"interface_method_registry","META_IMPLEMENTS",,0,0,0,0,0,0,,,,,,,,,,,,,,"complete"
metadata_visit,"interface_method_registry","META_MEMBER",,0,0,0,0,0,0,,,,,,,,,,,,,,"complete"
metadata_visit,"interface_method_registry","META_INLINE",,0,0,0,0,0,0,,,,,,,,,,,,,,"complete"
metadata_visit,"interface_method_registry","META_SOURCE_STEP",,0,0,0,0,0,0,,,,,,,,,,,,,,"complete"
metadata_visit,"interface_method_registry","META_TRACE_EVENT",,0,0,0,0,0,0,,,,,,,,,,,,,,"complete"
metadata_lookup,"interface_factory_registry","query",,0,0,0,0,0,0,,,,,,,,,,,,,,"complete"
metadata_lookup,"interface_factory_registry","hit",,0,0,0,0,0,0,,,,,,,,,,,,,,"complete"
metadata_lookup,"interface_factory_registry","miss",,0,0,0,0,0,0,,,,,,,,,,,,,,"complete"
metadata_lookup,"interface_factory_registry","invalid",,0,0,0,0,0,0,,,,,,,,,,,,,,"complete"
metadata_lookup,"interface_factory_registry","degraded",,0,0,0,0,0,0,,,,,,,,,,,,,,"complete"
metadata_visit,"interface_factory_registry","total",,0,0,0,0,0,0,,,,,,,,,,,,,,"complete"
metadata_visit,"interface_factory_registry","META_FUNC",,0,0,0,0,0,0,,,,,,,,,,,,,,"complete"
metadata_visit,"interface_factory_registry","META_REG",,0,0,0,0,0,0,,,,,,,,,,,,,,"complete"
metadata_visit,"interface_factory_registry","META_CONST",,0,0,0,0,0,0,,,,,,,,,,,,,,"complete"
metadata_visit,"interface_factory_registry","META_CLEAR",,0,0,0,0,0,0,,,,,,,,,,,,,,"complete"
metadata_visit,"interface_factory_registry","META_CLASS",,0,0,0,0,0,0,,,,,,,,,,,,,,"complete"
metadata_visit,"interface_factory_registry","META_ATTR",,0,0,0,0,0,0,,,,,,,,,,,,,,"complete"
metadata_visit,"interface_factory_registry","META_INTERFACE",,0,0,0,0,0,0,,,,,,,,,,,,,,"complete"
metadata_visit,"interface_factory_registry","META_IMPLEMENTS",,0,0,0,0,0,0,,,,,,,,,,,,,,"complete"
metadata_visit,"interface_factory_registry","META_MEMBER",,0,0,0,0,0,0,,,,,,,,,,,,,,"complete"
metadata_visit,"interface_factory_registry","META_INLINE",,0,0,0,0,0,0,,,,,,,,,,,,,,"complete"
metadata_visit,"interface_factory_registry","META_SOURCE_STEP",,0,0,0,0,0,0,,,,,,,,,,,,,,"complete"
metadata_visit,"interface_factory_registry","META_TRACE_EVENT",,0,0,0,0,0,0,,,,,,,,,,,,,,"complete"
metadata_lookup,"rxvml_member","query",,0,0,0,0,0,0,,,,,,,,,,,,,,"complete"
metadata_lookup,"rxvml_member","hit",,0,0,0,0,0,0,,,,,,,,,,,,,,"complete"
metadata_lookup,"rxvml_member","miss",,0,0,0,0,0,0,,,,,,,,,,,,,,"complete"
metadata_lookup,"rxvml_member","invalid",,0,0,0,0,0,0,,,,,,,,,,,,,,"complete"
metadata_lookup,"rxvml_member","degraded",,0,0,0,0,0,0,,,,,,,,,,,,,,"complete"
metadata_visit,"rxvml_member","total",,0,0,0,0,0,0,,,,,,,,,,,,,,"complete"
metadata_visit,"rxvml_member","META_FUNC",,0,0,0,0,0,0,,,,,,,,,,,,,,"complete"
metadata_visit,"rxvml_member","META_REG",,0,0,0,0,0,0,,,,,,,,,,,,,,"complete"
metadata_visit,"rxvml_member","META_CONST",,0,0,0,0,0,0,,,,,,,,,,,,,,"complete"
metadata_visit,"rxvml_member","META_CLEAR",,0,0,0,0,0,0,,,,,,,,,,,,,,"complete"
metadata_visit,"rxvml_member","META_CLASS",,0,0,0,0,0,0,,,,,,,,,,,,,,"complete"
metadata_visit,"rxvml_member","META_ATTR",,0,0,0,0,0,0,,,,,,,,,,,,,,"complete"
metadata_visit,"rxvml_member","META_INTERFACE",,0,0,0,0,0,0,,,,,,,,,,,,,,"complete"
metadata_visit,"rxvml_member","META_IMPLEMENTS",,0,0,0,0,0,0,,,,,,,,,,,,,,"complete"
metadata_visit,"rxvml_member","META_MEMBER",,0,0,0,0,0,0,,,,,,,,,,,,,,"complete"
metadata_visit,"rxvml_member","META_INLINE",,0,0,0,0,0,0,,,,,,,,,,,,,,"complete"
metadata_visit,"rxvml_member","META_SOURCE_STEP",,0,0,0,0,0,0,,,,,,,,,,,,,,"complete"
metadata_visit,"rxvml_member","META_TRACE_EVENT",,0,0,0,0,0,0,,,,,,,,,,,,,,"complete"
metadata_lookup,"rxvml_callable","query",,0,0,0,0,0,0,,,,,,,,,,,,,,"complete"
metadata_lookup,"rxvml_callable","hit",,0,0,0,0,0,0,,,,,,,,,,,,,,"complete"
metadata_lookup,"rxvml_callable","miss",,0,0,0,0,0,0,,,,,,,,,,,,,,"complete"
metadata_lookup,"rxvml_callable","invalid",,0,0,0,0,0,0,,,,,,,,,,,,,,"complete"
metadata_lookup,"rxvml_callable","degraded",,0,0,0,0,0,0,,,,,,,,,,,,,,"complete"
metadata_visit,"rxvml_callable","total",,0,0,0,0,0,0,,,,,,,,,,,,,,"complete"
metadata_visit,"rxvml_callable","META_FUNC",,0,0,0,0,0,0,,,,,,,,,,,,,,"complete"
metadata_visit,"rxvml_callable","META_REG",,0,0,0,0,0,0,,,,,,,,,,,,,,"complete"
metadata_visit,"rxvml_callable","META_CONST",,0,0,0,0,0,0,,,,,,,,,,,,,,"complete"
metadata_visit,"rxvml_callable","META_CLEAR",,0,0,0,0,0,0,,,,,,,,,,,,,,"complete"
metadata_visit,"rxvml_callable","META_CLASS",,0,0,0,0,0,0,,,,,,,,,,,,,,"complete"
metadata_visit,"rxvml_callable","META_ATTR",,0,0,0,0,0,0,,,,,,,,,,,,,,"complete"
metadata_visit,"rxvml_callable","META_INTERFACE",,0,0,0,0,0,0,,,,,,,,,,,,,,"complete"
metadata_visit,"rxvml_callable","META_IMPLEMENTS",,0,0,0,0,0,0,,,,,,,,,,,,,,"complete"
metadata_visit,"rxvml_callable","META_MEMBER",,0,0,0,0,0,0,,,,,,,,,,,,,,"complete"
metadata_visit,"rxvml_callable","META_INLINE",,0,0,0,0,0,0,,,,,,,,,,,,,,"complete"
metadata_visit,"rxvml_callable","META_SOURCE_STEP",,0,0,0,0,0,0,,,,,,,,,,,,,,"complete"
metadata_visit,"rxvml_callable","META_TRACE_EVENT",,0,0,0,0,0,0,,,,,,,,,,,,,,"complete"
metadata_lookup,"rxvml_contract","query",,0,0,0,0,0,0,,,,,,,,,,,,,,"complete"
metadata_lookup,"rxvml_contract","hit",,0,0,0,0,0,0,,,,,,,,,,,,,,"complete"
metadata_lookup,"rxvml_contract","miss",,0,0,0,0,0,0,,,,,,,,,,,,,,"complete"
metadata_lookup,"rxvml_contract","invalid",,0,0,0,0,0,0,,,,,,,,,,,,,,"complete"
metadata_lookup,"rxvml_contract","degraded",,0,0,0,0,0,0,,,,,,,,,,,,,,"complete"
metadata_visit,"rxvml_contract","total",,0,0,0,0,0,0,,,,,,,,,,,,,,"complete"
metadata_visit,"rxvml_contract","META_FUNC",,0,0,0,0,0,0,,,,,,,,,,,,,,"complete"
metadata_visit,"rxvml_contract","META_REG",,0,0,0,0,0,0,,,,,,,,,,,,,,"complete"
metadata_visit,"rxvml_contract","META_CONST",,0,0,0,0,0,0,,,,,,,,,,,,,,"complete"
metadata_visit,"rxvml_contract","META_CLEAR",,0,0,0,0,0,0,,,,,,,,,,,,,,"complete"
metadata_visit,"rxvml_contract","META_CLASS",,0,0,0,0,0,0,,,,,,,,,,,,,,"complete"
metadata_visit,"rxvml_contract","META_ATTR",,0,0,0,0,0,0,,,,,,,,,,,,,,"complete"
metadata_visit,"rxvml_contract","META_INTERFACE",,0,0,0,0,0,0,,,,,,,,,,,,,,"complete"
metadata_visit,"rxvml_contract","META_IMPLEMENTS",,0,0,0,0,0,0,,,,,,,,,,,,,,"complete"
metadata_visit,"rxvml_contract","META_MEMBER",,0,0,0,0,0,0,,,,,,,,,,,,,,"complete"
metadata_visit,"rxvml_contract","META_INLINE",,0,0,0,0,0,0,,,,,,,,,,,,,,"complete"
metadata_visit,"rxvml_contract","META_SOURCE_STEP",,0,0,0,0,0,0,,,,,,,,,,,,,,"complete"
metadata_visit,"rxvml_contract","META_TRACE_EVENT",,0,0,0,0,0,0,,,,,,,,,,,,,,"complete"
metadata_lookup,"rxvml_signature","query",,0,0,0,0,0,0,,,,,,,,,,,,,,"complete"
metadata_lookup,"rxvml_signature","hit",,0,0,0,0,0,0,,,,,,,,,,,,,,"complete"
metadata_lookup,"rxvml_signature","miss",,0,0,0,0,0,0,,,,,,,,,,,,,,"complete"
metadata_lookup,"rxvml_signature","invalid",,0,0,0,0,0,0,,,,,,,,,,,,,,"complete"
metadata_lookup,"rxvml_signature","degraded",,0,0,0,0,0,0,,,,,,,,,,,,,,"complete"
metadata_visit,"rxvml_signature","total",,0,0,0,0,0,0,,,,,,,,,,,,,,"complete"
metadata_visit,"rxvml_signature","META_FUNC",,0,0,0,0,0,0,,,,,,,,,,,,,,"complete"
metadata_visit,"rxvml_signature","META_REG",,0,0,0,0,0,0,,,,,,,,,,,,,,"complete"
metadata_visit,"rxvml_signature","META_CONST",,0,0,0,0,0,0,,,,,,,,,,,,,,"complete"
metadata_visit,"rxvml_signature","META_CLEAR",,0,0,0,0,0,0,,,,,,,,,,,,,,"complete"
metadata_visit,"rxvml_signature","META_CLASS",,0,0,0,0,0,0,,,,,,,,,,,,,,"complete"
metadata_visit,"rxvml_signature","META_ATTR",,0,0,0,0,0,0,,,,,,,,,,,,,,"complete"
metadata_visit,"rxvml_signature","META_INTERFACE",,0,0,0,0,0,0,,,,,,,,,,,,,,"complete"
metadata_visit,"rxvml_signature","META_IMPLEMENTS",,0,0,0,0,0,0,,,,,,,,,,,,,,"complete"
metadata_visit,"rxvml_signature","META_MEMBER",,0,0,0,0,0,0,,,,,,,,,,,,,,"complete"
metadata_visit,"rxvml_signature","META_INLINE",,0,0,0,0,0,0,,,,,,,,,,,,,,"complete"
metadata_visit,"rxvml_signature","META_SOURCE_STEP",,0,0,0,0,0,0,,,,,,,,,,,,,,"complete"
metadata_visit,"rxvml_signature","META_TRACE_EVENT",,0,0,0,0,0,0,,,,,,,,,,,,,,"complete"
metadata_lookup,"rxvml_class_discovery","query",,0,0,0,0,0,0,,,,,,,,,,,,,,"complete"
metadata_lookup,"rxvml_class_discovery","hit",,0,0,0,0,0,0,,,,,,,,,,,,,,"complete"
metadata_lookup,"rxvml_class_discovery","miss",,0,0,0,0,0,0,,,,,,,,,,,,,,"complete"
metadata_lookup,"rxvml_class_discovery","invalid",,0,0,0,0,0,0,,,,,,,,,,,,,,"complete"
metadata_lookup,"rxvml_class_discovery","degraded",,0,0,0,0,0,0,,,,,,,,,,,,,,"complete"
metadata_visit,"rxvml_class_discovery","total",,0,0,0,0,0,0,,,,,,,,,,,,,,"complete"
metadata_visit,"rxvml_class_discovery","META_FUNC",,0,0,0,0,0,0,,,,,,,,,,,,,,"complete"
metadata_visit,"rxvml_class_discovery","META_REG",,0,0,0,0,0,0,,,,,,,,,,,,,,"complete"
metadata_visit,"rxvml_class_discovery","META_CONST",,0,0,0,0,0,0,,,,,,,,,,,,,,"complete"
metadata_visit,"rxvml_class_discovery","META_CLEAR",,0,0,0,0,0,0,,,,,,,,,,,,,,"complete"
metadata_visit,"rxvml_class_discovery","META_CLASS",,0,0,0,0,0,0,,,,,,,,,,,,,,"complete"
metadata_visit,"rxvml_class_discovery","META_ATTR",,0,0,0,0,0,0,,,,,,,,,,,,,,"complete"
metadata_visit,"rxvml_class_discovery","META_INTERFACE",,0,0,0,0,0,0,,,,,,,,,,,,,,"complete"
metadata_visit,"rxvml_class_discovery","META_IMPLEMENTS",,0,0,0,0,0,0,,,,,,,,,,,,,,"complete"
metadata_visit,"rxvml_class_discovery","META_MEMBER",,0,0,0,0,0,0,,,,,,,,,,,,,,"complete"
metadata_visit,"rxvml_class_discovery","META_INLINE",,0,0,0,0,0,0,,,,,,,,,,,,,,"complete"
metadata_visit,"rxvml_class_discovery","META_SOURCE_STEP",,0,0,0,0,0,0,,,,,,,,,,,,,,"complete"
metadata_visit,"rxvml_class_discovery","META_TRACE_EVENT",,0,0,0,0,0,0,,,,,,,,,,,,,,"complete"
metadata_lookup,"source_context","query",,0,0,0,0,0,0,,,,,,,,,,,,,,"complete"
metadata_lookup,"source_context","hit",,0,0,0,0,0,0,,,,,,,,,,,,,,"complete"
metadata_lookup,"source_context","miss",,0,0,0,0,0,0,,,,,,,,,,,,,,"complete"
metadata_lookup,"source_context","invalid",,0,0,0,0,0,0,,,,,,,,,,,,,,"complete"
metadata_lookup,"source_context","degraded",,0,0,0,0,0,0,,,,,,,,,,,,,,"complete"
metadata_visit,"source_context","total",,0,0,0,0,0,0,,,,,,,,,,,,,,"complete"
metadata_visit,"source_context","META_FUNC",,0,0,0,0,0,0,,,,,,,,,,,,,,"complete"
metadata_visit,"source_context","META_REG",,0,0,0,0,0,0,,,,,,,,,,,,,,"complete"
metadata_visit,"source_context","META_CONST",,0,0,0,0,0,0,,,,,,,,,,,,,,"complete"
metadata_visit,"source_context","META_CLEAR",,0,0,0,0,0,0,,,,,,,,,,,,,,"complete"
metadata_visit,"source_context","META_CLASS",,0,0,0,0,0,0,,,,,,,,,,,,,,"complete"
metadata_visit,"source_context","META_ATTR",,0,0,0,0,0,0,,,,,,,,,,,,,,"complete"
metadata_visit,"source_context","META_INTERFACE",,0,0,0,0,0,0,,,,,,,,,,,,,,"complete"
metadata_visit,"source_context","META_IMPLEMENTS",,0,0,0,0,0,0,,,,,,,,,,,,,,"complete"
metadata_visit,"source_context","META_MEMBER",,0,0,0,0,0,0,,,,,,,,,,,,,,"complete"
metadata_visit,"source_context","META_INLINE",,0,0,0,0,0,0,,,,,,,,,,,,,,"complete"
metadata_visit,"source_context","META_SOURCE_STEP",,0,0,0,0,0,0,,,,,,,,,,,,,,"complete"
metadata_visit,"source_context","META_TRACE_EVENT",,0,0,0,0,0,0,,,,,,,,,,,,,,"complete"
metadata_lookup,"metadata_introspection","query",,0,0,0,0,0,0,,,,,,,,,,,,,,"complete"
metadata_lookup,"metadata_introspection","hit",,0,0,0,0,0,0,,,,,,,,,,,,,,"complete"
metadata_lookup,"metadata_introspection","miss",,0,0,0,0,0,0,,,,,,,,,,,,,,"complete"
metadata_lookup,"metadata_introspection","invalid",,0,0,0,0,0,0,,,,,,,,,,,,,,"complete"
metadata_lookup,"metadata_introspection","degraded",,0,0,0,0,0,0,,,,,,,,,,,,,,"complete"
metadata_visit,"metadata_introspection","total",,0,0,0,0,0,0,,,,,,,,,,,,,,"complete"
metadata_visit,"metadata_introspection","META_FUNC",,0,0,0,0,0,0,,,,,,,,,,,,,,"complete"
metadata_visit,"metadata_introspection","META_REG",,0,0,0,0,0,0,,,,,,,,,,,,,,"complete"
metadata_visit,"metadata_introspection","META_CONST",,0,0,0,0,0,0,,,,,,,,,,,,,,"complete"
metadata_visit,"metadata_introspection","META_CLEAR",,0,0,0,0,0,0,,,,,,,,,,,,,,"complete"
metadata_visit,"metadata_introspection","META_CLASS",,0,0,0,0,0,0,,,,,,,,,,,,,,"complete"
metadata_visit,"metadata_introspection","META_ATTR",,0,0,0,0,0,0,,,,,,,,,,,,,,"complete"
metadata_visit,"metadata_introspection","META_INTERFACE",,0,0,0,0,0,0,,,,,,,,,,,,,,"complete"
metadata_visit,"metadata_introspection","META_IMPLEMENTS",,0,0,0,0,0,0,,,,,,,,,,,,,,"complete"
metadata_visit,"metadata_introspection","META_MEMBER",,0,0,0,0,0,0,,,,,,,,,,,,,,"complete"
metadata_visit,"metadata_introspection","META_INLINE",,0,0,0,0,0,0,,,,,,,,,,,,,,"complete"
metadata_visit,"metadata_introspection","META_SOURCE_STEP",,0,0,0,0,0,0,,,,,,,,,,,,,,"complete"
metadata_visit,"metadata_introspection","META_TRACE_EVENT",,0,0,0,0,0,0,,,,,,,,,,,,,,"complete"
metadata_lookup,"profile_catalog","query",,369,0,0,0,0,0,,,,,,,,,,,,,,"complete"
metadata_lookup,"profile_catalog","hit",,203,0,0,0,0,0,,,,,,,,,,,,,,"complete"
metadata_lookup,"profile_catalog","miss",,166,0,0,0,0,0,,,,,,,,,,,,,,"complete"
metadata_lookup,"profile_catalog","invalid",,0,0,0,0,0,0,,,,,,,,,,,,,,"complete"
metadata_lookup,"profile_catalog","degraded",,0,0,0,0,0,0,,,,,,,,,,,,,,"complete"
metadata_visit,"profile_catalog","total",,5594,0,0,0,0,0,,,,,,,,,,,,,,"complete"
metadata_visit,"profile_catalog","META_FUNC",,372,0,0,0,0,0,,,,,,,,,,,,,,"complete"
metadata_visit,"profile_catalog","META_REG",,0,0,0,0,0,0,,,,,,,,,,,,,,"complete"
metadata_visit,"profile_catalog","META_CONST",,0,0,0,0,0,0,,,,,,,,,,,,,,"complete"
metadata_visit,"profile_catalog","META_CLEAR",,0,0,0,0,0,0,,,,,,,,,,,,,,"complete"
metadata_visit,"profile_catalog","META_CLASS",,5222,0,0,0,0,0,,,,,,,,,,,,,,"complete"
metadata_visit,"profile_catalog","META_ATTR",,0,0,0,0,0,0,,,,,,,,,,,,,,"complete"
metadata_visit,"profile_catalog","META_INTERFACE",,0,0,0,0,0,0,,,,,,,,,,,,,,"complete"
metadata_visit,"profile_catalog","META_IMPLEMENTS",,0,0,0,0,0,0,,,,,,,,,,,,,,"complete"
metadata_visit,"profile_catalog","META_MEMBER",,0,0,0,0,0,0,,,,,,,,,,,,,,"complete"
metadata_visit,"profile_catalog","META_INLINE",,0,0,0,0,0,0,,,,,,,,,,,,,,"complete"
metadata_visit,"profile_catalog","META_SOURCE_STEP",,0,0,0,0,0,0,,,,,,,,,,,,,,"complete"
metadata_visit,"profile_catalog","META_TRACE_EVENT",,0,0,0,0,0,0,,,,,,,,,,,,,,"complete"
metadata_index_build,"META_FUNC","entries",,372,0,0,0,0,0,,,,,,,,,,,,,,"complete"
metadata_index_build,"META_REG","entries",,1881,0,0,0,0,0,,,,,,,,,,,,,,"complete"
metadata_index_build,"META_CONST","entries",,3,0,0,0,0,0,,,,,,,,,,,,,,"complete"
metadata_index_build,"META_CLEAR","entries",,1815,0,0,0,0,0,,,,,,,,,,,,,,"complete"
metadata_index_build,"META_CLASS","entries",,19,0,0,0,0,0,,,,,,,,,,,,,,"complete"
metadata_index_build,"META_ATTR","entries",,115,0,0,0,0,0,,,,,,,,,,,,,,"complete"
metadata_index_build,"META_INTERFACE","entries",,5,0,0,0,0,0,,,,,,,,,,,,,,"complete"
metadata_index_build,"META_IMPLEMENTS","entries",,20,0,0,0,0,0,,,,,,,,,,,,,,"complete"
metadata_index_build,"META_MEMBER","entries",,18,0,0,0,0,0,,,,,,,,,,,,,,"complete"
metadata_index_build,"META_INLINE","entries",,0,0,0,0,0,0,,,,,,,,,,,,,,"complete"
metadata_index_build,"META_SOURCE_STEP","entries",,0,0,0,0,0,0,,,,,,,,,,,,,,"complete"
metadata_index_build,"META_TRACE_EVENT","entries",,0,0,0,0,0,0,,,,,,,,,,,,,,"complete"
metadata_index_build,"index","modules",,16,0,0,0,0,0,,,,,,,,,,,,,,"complete"
metadata_index_build,"index","offsets",,4248,0,0,0,0,0,,,,,,,,,,,,,,"complete"
metadata_index_build,"index","retained_bytes",,67968,0,0,0,0,0,,,,,,,,,,,,,,"complete"
metadata_index_build,"index","invalid",,0,0,0,0,0,0,,,,,,,,,,,,,,"complete"
metadata_index_build,"index","degraded",,0,0,0,0,0,0,,,,,,,,,,,,,,"complete"
census,"call_path","direct_bytecode",,99311,0,0,0,0,0,,,,,,,,,,,,,,"complete"
census,"call_path","direct_native",,0,0,0,0,0,0,,,,,,,,,,,,,,"complete"
census,"call_path","dynamic_bytecode",,2821,0,0,0,0,0,,,,,,,,,,,,,,"complete"
census,"call_path","dynamic_native",,0,0,0,0,0,0,,,,,,,,,,,,,,"complete"
census,"call_path","external_root",,1,0,0,0,0,0,,,,,,,,,,,,,,"complete"
census,"call_path","signal_bytecode",,0,0,0,0,0,0,,,,,,,,,,,,,,"complete"
census,"call_path","signal_native",,0,0,0,0,0,0,,,,,,,,,,,,,,"complete"
census,"arity","1",,18243,0,0,0,0,0,,,,,,,,,,,,,,"complete"
census,"arity","0",,25216,0,0,0,0,0,,,,,,,,,,,,,,"complete"
census,"arity","3",,30753,0,0,0,0,0,,,,,,,,,,,,,,"complete"
census,"arity","2",,15319,0,0,0,0,0,,,,,,,,,,,,,,"complete"
census,"arity","4",,11200,0,0,0,0,0,,,,,,,,,,,,,,"complete"
census,"arity","5",,1402,0,0,0,0,0,,,,,,,,,,,,,,"complete"
census,"callable_kind","procedure",,78491,0,0,0,0,0,,,,,,,,,,,,,,"complete"
census,"callable_kind","method",,23633,0,0,0,0,0,,,,,,,,,,,,,,"complete"
census,"callable_kind","factory",,9,0,0,0,0,0,,,,,,,,,,,,,,"complete"
census,"callable_kind","native",,0,0,0,0,0,0,,,,,,,,,,,,,,"complete"
census,"callable_kind","unknown",,0,0,0,0,0,0,,,,,,,,,,,,,,"complete"
census,"frame_disposition","fresh",,81,0,0,0,0,0,,,,,,,,,,,,,,"complete"
census,"frame_disposition","reused",,102052,0,0,0,0,0,,,,,,,,,,,,,,"complete"
census,"frame_disposition","no_child_native",,0,0,0,0,0,0,,,,,,,,,,,,,,"complete"
census,"frame_disposition","none_failed",,0,0,0,0,0,0,,,,,,,,,,,,,,"complete"
census,"call_outcome","success",,102133,0,0,0,0,0,,,,,,,,,,,,,,"complete"
census,"call_outcome","unresolved",,0,0,0,0,0,0,,,,,,,,,,,,,,"complete"
census,"call_outcome","frame_failed",,0,0,0,0,0,0,,,,,,,,,,,,,,"complete"
census,"call_outcome","invalid",,0,0,0,0,0,0,,,,,,,,,,,,,,"complete"
return,"placement","void",,32137,0,0,0,0,0,,,,,,,,,,,,,,"complete"
return,"placement","ret_reg_move_local",,43467,0,0,0,0,0,,,,,,,,,,,,,,"complete"
return,"placement","ret_reg_copy_nonlocal",,19511,0,0,0,0,0,,,,,,,,,,,,,,"complete"
return,"placement","value_ignored",,0,0,0,0,0,0,,,,,,,,,,,,,,"complete"
return,"placement","immediate",,7017,0,0,0,0,0,,,,,,,,,,,,,,"complete"
return,"placement","terminal_external",,1,0,0,0,0,0,,,,,,,,,,,,,,"complete"
dynamic,"srcmethodsel","attempt",,2814,0,0,0,0,0,,,,,,,,,,,,,,"complete"
dynamic,"srcmethodsel","success",,2814,0,0,0,0,0,,,,,,,,,,,,,,"complete"
dynamic,"srcmethodsel","failure",,0,0,0,0,0,0,,,,,,,,,,,,,,"complete"
dynamic,"srcfprocsel","attempt",,7,0,0,0,0,0,,,,,,,,,,,,,,"complete"
dynamic,"srcfprocsel","success",,7,0,0,0,0,0,,,,,,,,,,,,,,"complete"
dynamic,"srcfprocsel","failure",,0,0,0,0,0,0,,,,,,,,,,,,,,"complete"
mechanics,"call_window","setup_swaps",,86706,0,0,0,0,0,,,,,,,,,,,,,,"complete"
mechanics,"call_window","normal_restoration_swaps",,86706,0,0,0,0,0,,,,,,,,,,,,,,"complete"
mechanics,"call_window","unclassified_swaps",,22,0,0,0,0,0,,,,,,,,,,,,,,"complete"
mechanics,"call_window","defensive_argument_copies",,1,0,0,0,0,0,,,,,,,,,,,,,,"complete"
mechanics,"call_window","unclassified_copies",,109170,0,0,0,0,0,,,,,,,,,,,,,,"complete"
mechanics,"call_window","attribution_degraded",,0,0,0,0,0,0,,,,,,,,,,,,,,"complete"
unwind,"signal","events",,0,0,0,0,0,0,,,,,,,,,,,,,,"complete"
unwind,"signal","bytecode_frames_discarded",,0,0,0,0,0,0,,,,,,,,,,,,,,"complete"
unwind,"signal","argument_windows_restored",,0,0,0,0,0,0,,,,,,,,,,,,,,"complete"
unwind,"signal","argument_slots_restored",,0,0,0,0,0,0,,,,,,,,,,,,,,"complete"
unwind,"signal","interrupted_native_windows_restored",,0,0,0,0,0,0,,,,,,,,,,,,,,"complete"
unwind,"signal","interrupted_native_slots_restored",,0,0,0,0,0,0,,,,,,,,,,,,,,"complete"
unwind,"signal","restoration_failures",,0,0,0,0,0,0,,,,,,,,,,,,,,"complete"
call,"rexxcps_levelb_opaque.main","external_root",0,1,0,0,0,0,0,1,,,,"benchmark_rexxcps_levelb_opaque_opt","procedure",,,"fresh","success",0,0,0,"complete"
call,"rxfnsb.stem.§factory","direct_bytecode",439,1,0,0,0,0,0,0,,,,"benchmark_rexxcps_levelb_opaque_opt","factory",,,"fresh","success",0,0,0,"complete"
call,"rxfnsb.stem.§factory","direct_bytecode",446,1,0,0,0,0,0,0,,,,"benchmark_rexxcps_levelb_opaque_opt","factory",,,"reused","success",0,0,0,"complete"
call,"rxfnsb.time","direct_bytecode",487,1,0,0,0,0,0,1,,,,"benchmark_rexxcps_levelb_opaque_opt","procedure",,,"fresh","success",0,0,0,"complete"
call,"_rxsysb._elapsed","direct_bytecode",300,2,0,0,0,0,0,1,,,,"time","procedure",,,"fresh","success",2,2,0,"complete"
call,"_rxsysb._elapsed","direct_bytecode",328,4,0,0,0,0,0,1,,,,"time","procedure",,,"reused","success",0,0,0,"complete"
call,"_rxsysb._elapsed","direct_bytecode",338,4,0,0,0,0,0,1,,,,"time","procedure",,,"reused","success",4,4,0,"complete"
call,"rxfnsb.time","direct_bytecode",508,1,0,0,0,0,0,1,,,,"benchmark_rexxcps_levelb_opaque_opt","procedure",,,"reused","success",0,0,0,"complete"
call,"_rxsysb._elapsed","direct_bytecode",300,2,0,0,0,0,0,1,,,,"time","procedure",,,"reused","success",2,2,0,"complete"
call,"rxfnsb._trace_mode_from_option","direct_bytecode",576,1,0,0,0,0,0,1,,,,"benchmark_rexxcps_levelb_opaque_opt","procedure",,,"fresh","success",1,1,0,"complete"
call,"rxfnsb._trace_normalize_mode","direct_bytecode",18531,2,0,0,0,0,0,1,,,,"trace","procedure",,,"fresh","success",2,2,0,"complete"
call,"rxfnsb.strip","direct_bytecode",16152,1,0,0,0,0,0,3,,,,"trace","procedure",,,"fresh","success",1,1,0,"complete"
call,"rxfnsb.pos","direct_bytecode",16982,1,0,0,0,0,0,3,,,,"trace","procedure",,,"fresh","success",1,1,0,"complete"
call,"rxfnsb._trace_set","direct_bytecode",589,1,0,0,0,0,0,1,,,,"benchmark_rexxcps_levelb_opaque_opt","procedure",,,"fresh","success",0,0,0,"complete"
call,"rxfnsb._trace_ensure_runtime","direct_bytecode",12341,1,0,0,0,0,0,0,,,,"trace","procedure",,,"fresh","success",0,0,0,"complete"
call,"rxfnsb.tracecontroller.add_suppressed_namespace","direct_bytecode",15746,1,0,0,0,0,0,2,,,,"trace","method",,,"fresh","success",1,1,1,"complete"
call,"rxfnsb.strip","direct_bytecode",5787,16,0,0,0,0,0,3,,,,"trace","procedure",,,"reused","success",16,16,0,"complete"
call,"rxfnsb.tracecontroller.add_suppressed_namespace","direct_bytecode",15768,1,0,0,0,0,0,2,,,,"trace","method",,,"reused","success",1,1,0,"complete"
call,"rxfnsb.tracecontroller.add_suppressed_namespace","direct_bytecode",15790,1,0,0,0,0,0,2,,,,"trace","method",,,"reused","success",1,1,0,"complete"
call,"rxfnsb.tracecontroller.add_suppressed_namespace","direct_bytecode",15812,1,0,0,0,0,0,2,,,,"trace","method",,,"reused","success",1,1,0,"complete"
call,"rxfnsb.tracecontroller.add_suppressed_namespace","direct_bytecode",15834,1,0,0,0,0,0,2,,,,"trace","method",,,"reused","success",1,1,0,"complete"
call,"rxfnsb.tracecontroller.add_suppressed_namespace","direct_bytecode",15856,1,0,0,0,0,0,2,,,,"trace","method",,,"reused","success",1,1,0,"complete"
call,"rxfnsb.tracecontroller.add_suppressed_namespace","direct_bytecode",15878,1,0,0,0,0,0,2,,,,"trace","method",,,"reused","success",1,1,0,"complete"
call,"rxfnsb.tracecontroller.add_suppressed_namespace","direct_bytecode",15900,1,0,0,0,0,0,2,,,,"trace","method",,,"reused","success",1,1,0,"complete"
call,"rxfnsb.tracecontroller.add_suppressed_namespace","direct_bytecode",15922,1,0,0,0,0,0,2,,,,"trace","method",,,"reused","success",1,1,0,"complete"
call,"rxfnsb.tracecontroller.add_suppressed_namespace","direct_bytecode",15944,1,0,0,0,0,0,2,,,,"trace","method",,,"reused","success",1,1,0,"complete"
call,"rxfnsb.tracecontroller.add_suppressed_namespace","direct_bytecode",15966,1,0,0,0,0,0,2,,,,"trace","method",,,"reused","success",1,1,0,"complete"
call,"rxfnsb.tracecontroller.add_suppressed_namespace","direct_bytecode",15988,1,0,0,0,0,0,2,,,,"trace","method",,,"reused","success",1,1,0,"complete"
call,"rxfnsb.tracecontroller.add_suppressed_namespace","direct_bytecode",16010,1,0,0,0,0,0,2,,,,"trace","method",,,"reused","success",1,1,0,"complete"
call,"rxfnsb.tracecontroller.add_suppressed_namespace","direct_bytecode",16032,1,0,0,0,0,0,2,,,,"trace","method",,,"reused","success",1,1,0,"complete"
call,"rxfnsb.tracecontroller.add_suppressed_namespace","direct_bytecode",16054,1,0,0,0,0,0,2,,,,"trace","method",,,"reused","success",1,1,0,"complete"
call,"rxfnsb.tracecontroller.add_suppressed_namespace","direct_bytecode",16076,1,0,0,0,0,0,2,,,,"trace","method",,,"reused","success",1,1,0,"complete"
call,"rxfnsb._trace_normalize_mode","direct_bytecode",12354,1402,0,0,0,0,0,1,,,,"trace","procedure",,,"reused","success",1402,1402,0,"complete"
call,"rxfnsb.strip","direct_bytecode",16152,1,0,0,0,0,0,3,,,,"trace","procedure",,,"reused","success",1,1,0,"complete"
call,"rxfnsb.pos","direct_bytecode",16982,1,0,0,0,0,0,3,,,,"trace","procedure",,,"reused","success",1,1,0,"complete"
call,"rxfnsb._trace_current_mode","direct_bytecode",596,1,0,0,0,0,0,0,,,,"benchmark_rexxcps_levelb_opaque_opt","procedure",,,"fresh","success",0,0,0,"complete"
call,"rxfnsb._trace_ensure_runtime","direct_bytecode",14273,2802,0,0,0,0,0,0,,,,"trace","procedure",,,"reused","success",0,0,0,"complete"
call,"rexxcps_levelb_opaque.__rxtrace_reset_display_state","direct_bytecode",603,1,0,0,0,0,0,0,,,,"benchmark_rexxcps_levelb_opaque_opt","procedure",,,"fresh","success",0,0,0,"complete"
call,"rxfnsb.time","direct_bytecode",656,1,0,0,0,0,0,1,,,,"benchmark_rexxcps_levelb_opaque_opt","procedure",,,"reused","success",0,0,0,"complete"
call,"rxfnsb.stem.set","direct_bytecode",894,2,0,0,0,0,0,3,,,,"benchmark_rexxcps_levelb_opaque_opt","method",,,"fresh","success",4,4,0,"complete"
call,"rxfnsb.stem.get","direct_bytecode",926,2,0,0,0,0,0,2,,,,"benchmark_rexxcps_levelb_opaque_opt","method",,,"fresh","success",2,2,0,"complete"
call,"rxfnsb.stem.get","direct_bytecode",982,2800,0,0,0,0,0,2,,,,"benchmark_rexxcps_levelb_opaque_opt","method",,,"reused","success",2800,2800,0,"complete"
call,"rxfnsb.stem.get","direct_bytecode",1409,2800,0,0,0,0,0,2,,,,"benchmark_rexxcps_levelb_opaque_opt","method",,,"reused","success",2800,2800,0,"complete"
call,"rxfnsb.stem.set","direct_bytecode",1445,2800,0,0,0,0,0,3,,,,"benchmark_rexxcps_levelb_opaque_opt","method",,,"reused","success",2800,2800,0,"complete"
call,"rxfnsb.stem.set","direct_bytecode",1492,1400,0,0,0,0,0,3,,,,"benchmark_rexxcps_levelb_opaque_opt","method",,,"reused","success",1400,1400,0,"complete"
call,"rxfnsb.stem.get","direct_bytecode",1530,1400,0,0,0,0,0,2,,,,"benchmark_rexxcps_levelb_opaque_opt","method",,,"reused","success",1400,1400,0,"complete"
call,"rxfnsb.stem.get","direct_bytecode",1678,1400,0,0,0,0,0,2,,,,"benchmark_rexxcps_levelb_opaque_opt","method",,,"reused","success",1400,1400,0,"complete"
call,"rxfnsb.stem.get","direct_bytecode",1721,1400,0,0,0,0,0,2,,,,"benchmark_rexxcps_levelb_opaque_opt","method",,,"reused","success",1400,1400,0,"complete"
call,"rxfnsb.stem.set","direct_bytecode",1757,1400,0,0,0,0,0,3,,,,"benchmark_rexxcps_levelb_opaque_opt","method",,,"reused","success",1400,1400,0,"complete"
call,"rxfnsb.parseexec","direct_bytecode",1808,1,0,0,0,0,0,4,,,,"benchmark_rexxcps_levelb_opaque_opt","procedure",,,"fresh","success",1,1,0,"complete"
call,"rxfnsb._trace_current_mode","direct_bytecode",1842,1399,0,0,0,0,0,0,,,,"benchmark_rexxcps_levelb_opaque_opt","procedure",,,"reused","success",0,0,0,"complete"
call,"rxfnsb._trace_mode_from_option","direct_bytecode",1852,1399,0,0,0,0,0,1,,,,"benchmark_rexxcps_levelb_opaque_opt","procedure",,,"reused","success",0,0,0,"complete"
call,"rxfnsb._trace_normalize_mode","direct_bytecode",18531,1399,0,0,0,0,0,1,,,,"trace","procedure",,,"reused","success",1399,1399,0,"complete"
call,"rxfnsb._trace_set","direct_bytecode",1862,1399,0,0,0,0,0,1,,,,"benchmark_rexxcps_levelb_opaque_opt","procedure",,,"reused","success",0,0,0,"complete"
call,"rxfnsb._trace_ensure_runtime","direct_bytecode",12341,1401,0,0,0,0,0,0,,,,"trace","procedure",,,"reused","success",0,0,0,"complete"
call,"rxfnsb._trace_current_mode","direct_bytecode",1869,1400,0,0,0,0,0,0,,,,"benchmark_rexxcps_levelb_opaque_opt","procedure",,,"reused","success",0,0,0,"complete"
call,"rexxcps_levelb_opaque.__rxtrace_reset_display_state","direct_bytecode",1876,1399,0,0,0,0,0,0,,,,"benchmark_rexxcps_levelb_opaque_opt","procedure",,,"reused","success",0,0,0,"complete"
call,"_rxsysb.addressenv","direct_bytecode",1929,2,0,0,0,0,0,1,,,,"benchmark_rexxcps_levelb_opaque_opt","procedure",,,"fresh","success",0,0,0,"complete"
call,"_rxsysb._address_environment","direct_bytecode",15352,2,0,0,0,0,0,1,,,,"_address","procedure",,,"fresh","success",2,2,0,"complete"
call,"_rxsysb.ensure_address_runtime","direct_bytecode",13823,1,0,0,0,0,0,0,,,,"_address","procedure",,,"fresh","success",0,0,0,"complete"
call,"_rxsysb._ensure_address_environment","direct_bytecode",16944,1,0,0,0,0,0,1,,,,"_address","procedure",,,"fresh","success",0,0,0,"complete"
call,"_rxsysb.ensure_address_runtime","direct_bytecode",15628,6,0,0,0,0,0,0,,,,"_address","procedure",,,"fresh","success",0,0,0,"complete"
call,"rxfnsb.strip","direct_bytecode",15657,2806,0,0,0,0,0,3,,,,"_address","procedure",,,"reused","success",2806,2806,0,"complete"
call,"rxfnsb.strip","direct_bytecode",15734,2806,0,0,0,0,0,3,,,,"_address","procedure",,,"reused","success",2806,2806,0,"complete"
call,"_rxsysb.crexxaddressenvironment.§factory","dynamic_bytecode",15831,1,0,0,0,0,0,1,,,,"_address","factory",,,"fresh","success",0,0,0,"complete"
call,"rxfnsb.strip","direct_bytecode",5805,1,0,0,0,0,0,3,,,,"_address","procedure",,,"fresh","success",1,1,0,"complete"
call,"_rxsysb.crexxaddressenvironment.environment_id","dynamic_bytecode",15884,1,0,0,0,0,0,1,,,,"_address","method",,,"fresh","success",1,1,0,"complete"
call,"_rxsysb.crexxaddressenvironment.bind_environment","dynamic_bytecode",15916,1,0,0,0,0,0,3,,,,"_address","method",,,"fresh","success",3,3,0,"complete"
call,"rxfnsb.strip","direct_bytecode",5879,1,0,0,0,0,0,3,,,,"_address","procedure",,,"reused","success",1,1,0,"complete"
call,"_rxsysb._ensure_address_environment","direct_bytecode",16957,1,0,0,0,0,0,1,,,,"_address","procedure",,,"reused","success",0,0,0,"complete"
call,"_rxsysb.systemaddressenvironment.§factory","dynamic_bytecode",15831,3,0,0,0,0,0,1,,,,"_address","factory",,,"fresh","success",0,0,0,"complete"
call,"rxfnsb.strip","direct_bytecode",6320,3,0,0,0,0,0,3,,,,"_address","procedure",,,"fresh","success",3,3,0,"complete"
call,"_rxsysb.systemaddressenvironment.environment_id","dynamic_bytecode",15884,3,0,0,0,0,0,1,,,,"_address","method",,,"fresh","success",3,3,0,"complete"
call,"_rxsysb.systemaddressenvironment.bind_environment","dynamic_bytecode",15916,3,0,0,0,0,0,3,,,,"_address","method",,,"fresh","success",9,9,0,"complete"
call,"rxfnsb.strip","direct_bytecode",6394,3,0,0,0,0,0,3,,,,"_address","procedure",,,"reused","success",3,3,0,"complete"
call,"_rxsysb._ensure_address_environment","direct_bytecode",16970,1,0,0,0,0,0,1,,,,"_address","procedure",,,"reused","success",0,0,0,"complete"
call,"_rxsysb._ensure_address_environment","direct_bytecode",16983,1,0,0,0,0,0,1,,,,"_address","procedure",,,"reused","success",0,0,0,"complete"
call,"_rxsysb._ensure_address_environment","direct_bytecode",16996,1,0,0,0,0,0,1,,,,"_address","procedure",,,"reused","success",0,0,0,"complete"
call,"_rxsysb.shelladdressenvironment.§factory","dynamic_bytecode",15831,1,0,0,0,0,0,1,,,,"_address","factory",,,"fresh","success",0,0,0,"complete"
call,"rxfnsb.strip","direct_bytecode",6818,1,0,0,0,0,0,3,,,,"_address","procedure",,,"fresh","success",1,1,0,"complete"
call,"_rxsysb.shelladdressenvironment.environment_id","dynamic_bytecode",15884,1,0,0,0,0,0,1,,,,"_address","method",,,"fresh","success",1,1,0,"complete"
call,"_rxsysb.shelladdressenvironment.bind_environment","dynamic_bytecode",15916,1,0,0,0,0,0,3,,,,"_address","method",,,"fresh","success",3,3,0,"complete"
call,"rxfnsb.strip","direct_bytecode",6892,1,0,0,0,0,0,3,,,,"_address","procedure",,,"reused","success",1,1,0,"complete"
call,"_rxsysb._ensure_address_environment","direct_bytecode",17009,1,0,0,0,0,0,1,,,,"_address","procedure",,,"reused","success",0,0,0,"complete"
call,"_rxsysb.pathaddressenvironment.§factory","dynamic_bytecode",15831,1,0,0,0,0,0,1,,,,"_address","factory",,,"fresh","success",0,0,0,"complete"
call,"rxfnsb.strip","direct_bytecode",7316,1,0,0,0,0,0,3,,,,"_address","procedure",,,"fresh","success",1,1,0,"complete"
call,"_rxsysb.pathaddressenvironment.environment_id","dynamic_bytecode",15884,1,0,0,0,0,0,1,,,,"_address","method",,,"fresh","success",1,1,0,"complete"
call,"_rxsysb.pathaddressenvironment.bind_environment","dynamic_bytecode",15916,1,0,0,0,0,0,3,,,,"_address","method",,,"fresh","success",3,3,0,"complete"
call,"rxfnsb.strip","direct_bytecode",7390,1,0,0,0,0,0,3,,,,"_address","procedure",,,"reused","success",1,1,0,"complete"
call,"rxfnsb.strip","direct_bytecode",13847,1400,0,0,0,0,0,3,,,,"_address","procedure",,,"reused","success",1400,1400,0,"complete"
call,"_rxsysb._current_address_environment","direct_bytecode",13876,1,0,0,0,0,0,0,,,,"_address","procedure",,,"fresh","success",0,0,0,"complete"
call,"_rxsysb.ensure_address_runtime","direct_bytecode",16543,2799,0,0,0,0,0,0,,,,"_address","procedure",,,"reused","success",0,0,0,"complete"
call,"_rxsysb._ensure_address_environment","direct_bytecode",13889,1400,0,0,0,0,0,1,,,,"_address","procedure",,,"reused","success",1400,1400,0,"complete"
call,"_rxsysb.ensure_address_runtime","direct_bytecode",15628,2800,0,0,0,0,0,0,,,,"_address","procedure",,,"reused","success",0,0,0,"complete"
call,"rxfnsb.strip","direct_bytecode",14006,1400,0,0,0,0,0,3,,,,"_address","procedure",,,"reused","success",1400,1400,0,"complete"
call,"_rxsysb.crexxaddressenvironment.environment_name","dynamic_bytecode",1943,1,0,0,0,0,0,1,,,,"benchmark_rexxcps_levelb_opaque_opt","method",,,"fresh","success",0,0,0,"complete"
call,"_rxsysb._address","direct_bytecode",2001,1,0,0,0,0,0,5,,,,"benchmark_rexxcps_levelb_opaque_opt","procedure",,,"fresh","success",3,3,0,"complete"
call,"_rxsysb.ensure_address_runtime","direct_bytecode",9012,1400,0,0,0,0,0,0,,,,"_address","procedure",,,"reused","success",0,0,0,"complete"
call,"rxfnsb.strip","direct_bytecode",9036,1400,0,0,0,0,0,3,,,,"_address","procedure",,,"reused","success",1400,1400,0,"complete"
call,"_rxsysb._set_address_environment","direct_bytecode",9071,1,0,0,0,0,0,1,,,,"_address","procedure",,,"fresh","success",1,1,0,"complete"
call,"_rxsysb.ensure_address_runtime","direct_bytecode",16316,1400,0,0,0,0,0,0,,,,"_address","procedure",,,"reused","success",0,0,0,"complete"
call,"rxfnsb.strip","direct_bytecode",16345,1400,0,0,0,0,0,3,,,,"_address","procedure",,,"reused","success",1400,1400,0,"complete"
call,"_rxsysb._ensure_address_environment","direct_bytecode",16406,1400,0,0,0,0,0,1,,,,"_address","procedure",,,"reused","success",1400,1400,0,"complete"
call,"_rxsysb.unknownaddressenvironment.§factory","dynamic_bytecode",15831,1,0,0,0,0,0,1,,,,"_address","factory",,,"fresh","success",0,0,0,"complete"
call,"rxfnsb.strip","direct_bytecode",7760,1,0,0,0,0,0,3,,,,"_address","procedure",,,"fresh","success",1,1,0,"complete"
call,"_rxsysb.unknownaddressenvironment.environment_id","dynamic_bytecode",15884,1,0,0,0,0,0,1,,,,"_address","method",,,"fresh","success",1,1,0,"complete"
call,"_rxsysb.unknownaddressenvironment.bind_environment","dynamic_bytecode",15916,1,0,0,0,0,0,3,,,,"_address","method",,,"fresh","success",3,3,0,"complete"
call,"rxfnsb.strip","direct_bytecode",7834,1,0,0,0,0,0,3,,,,"_address","procedure",,,"reused","success",1,1,0,"complete"
call,"rxfnsb.strip","direct_bytecode",16444,1400,0,0,0,0,0,3,,,,"_address","procedure",,,"reused","success",1400,1400,0,"complete"
call,"_rxsysb._current_address_environment","direct_bytecode",9087,1,0,0,0,0,0,0,,,,"_address","procedure",,,"fresh","success",0,0,0,"complete"
call,"_rxsysb.ensure_address_runtime","direct_bytecode",16543,1,0,0,0,0,0,0,,,,"_address","procedure",,,"fresh","success",0,0,0,"complete"
call,"_rxsysb.dispatch_address_request","direct_bytecode",9470,1,0,0,0,0,0,1,,,,"_address","procedure",,,"fresh","success",1,1,0,"complete"
call,"_rxsysb.ensure_address_runtime","direct_bytecode",17721,1400,0,0,0,0,0,0,,,,"_address","procedure",,,"reused","success",0,0,0,"complete"
call,"rxfnsb.strip","direct_bytecode",17759,1400,0,0,0,0,0,3,,,,"_address","procedure",,,"reused","success",1400,1400,0,"complete"
call,"rxfnsb.strip","direct_bytecode",17817,1400,0,0,0,0,0,3,,,,"_address","procedure",,,"reused","success",1400,1400,0,"complete"
call,"rxfnsb._trace_command_before","direct_bytecode",18224,1,0,0,0,0,0,2,,,,"_address","procedure",,,"fresh","success",2,2,0,"complete"
call,"rxfnsb._trace_ensure_runtime","direct_bytecode",19561,1,0,0,0,0,0,0,,,,"trace","procedure",,,"fresh","success",0,0,0,"complete"
call,"_rxsysb.unknownaddressenvironment.execute","dynamic_bytecode",18253,1,0,0,0,0,0,2,,,,"_address","method",,,"fresh","success",2,2,0,"complete"
call,"rxfnsb._trace_command_after","direct_bytecode",18329,1,0,0,0,0,0,4,,,,"_address","procedure",,,"fresh","success",4,4,0,"complete"
call,"rxfnsb._trace_ensure_runtime","direct_bytecode",19798,1400,0,0,0,0,0,0,,,,"trace","procedure",,,"reused","success",0,0,0,"complete"
call,"rxfnsb.upper","direct_bytecode",2042,1,0,0,0,0,0,1,,,,"benchmark_rexxcps_levelb_opaque_opt","procedure",,,"fresh","success",0,0,0,"complete"
call,"rxfnsb.upper","direct_bytecode",2074,1400,0,0,0,0,0,1,,,,"benchmark_rexxcps_levelb_opaque_opt","procedure",,,"reused","success",0,0,0,"complete"
call,"rxfnsb.parseexec","direct_bytecode",2110,1,0,0,0,0,0,4,,,,"benchmark_rexxcps_levelb_opaque_opt","procedure",,,"fresh","success",1,1,0,"complete"
call,"rxfnsb.parseexec","direct_bytecode",2212,1400,0,0,0,0,0,4,,,,"benchmark_rexxcps_levelb_opaque_opt","procedure",,,"reused","success",1400,1400,0,"complete"
call,"rxfnsb._stream_span","direct_bytecode",5606,1,0,0,0,0,0,3,,,,"parseExec","procedure",,,"fresh","success",2,2,0,"complete"
call,"rxfnsb.parseexec","direct_bytecode",2300,1400,0,0,0,0,0,4,,,,"benchmark_rexxcps_levelb_opaque_opt","procedure",,,"reused","success",1400,1400,0,"complete"
call,"rxfnsb._stream_span","direct_bytecode",5606,6999,0,0,0,0,0,3,,,,"parseExec","procedure",,,"reused","success",13998,13998,0,"complete"
call,"rxfnsb.parseexec","direct_bytecode",2378,1400,0,0,0,0,0,4,,,,"benchmark_rexxcps_levelb_opaque_opt","procedure",,,"reused","success",1400,1400,0,"complete"
call,"rxfnsb.parseexec","direct_bytecode",2456,1400,0,0,0,0,0,4,,,,"benchmark_rexxcps_levelb_opaque_opt","procedure",,,"reused","success",1400,1400,0,"complete"
call,"rxfnsb.parseexec","direct_bytecode",2534,1400,0,0,0,0,0,4,,,,"benchmark_rexxcps_levelb_opaque_opt","procedure",,,"reused","success",1400,1400,0,"complete"
call,"rxfnsb.stem.get","direct_bytecode",1584,1300,0,0,0,0,0,2,,,,"benchmark_rexxcps_levelb_opaque_opt","method",,,"reused","success",1300,1300,0,"complete"
call,"rxfnsb.stem.set","direct_bytecode",1620,1300,0,0,0,0,0,3,,,,"benchmark_rexxcps_levelb_opaque_opt","method",,,"reused","success",1300,1300,0,"complete"
call,"rxfnsb.parseexec","direct_bytecode",1808,1399,0,0,0,0,0,4,,,,"benchmark_rexxcps_levelb_opaque_opt","procedure",,,"reused","success",1399,1399,0,"complete"
call,"rxfnsb._trace_current_mode","direct_bytecode",1842,1,0,0,0,0,0,0,,,,"benchmark_rexxcps_levelb_opaque_opt","procedure",,,"fresh","success",0,0,0,"complete"
call,"rxfnsb._trace_mode_from_option","direct_bytecode",1852,1,0,0,0,0,0,1,,,,"benchmark_rexxcps_levelb_opaque_opt","procedure",,,"fresh","success",0,0,0,"complete"
call,"rxfnsb._trace_set","direct_bytecode",1862,1,0,0,0,0,0,1,,,,"benchmark_rexxcps_levelb_opaque_opt","procedure",,,"fresh","success",0,0,0,"complete"
call,"rexxcps_levelb_opaque.__rxtrace_reset_display_state","direct_bytecode",1876,1,0,0,0,0,0,0,,,,"benchmark_rexxcps_levelb_opaque_opt","procedure",,,"fresh","success",0,0,0,"complete"
call,"_rxsysb.ensure_address_runtime","direct_bytecode",13823,1399,0,0,0,0,0,0,,,,"_address","procedure",,,"reused","success",0,0,0,"complete"
call,"_rxsysb._current_address_environment","direct_bytecode",13876,1399,0,0,0,0,0,0,,,,"_address","procedure",,,"reused","success",0,0,0,"complete"
call,"_rxsysb.unknownaddressenvironment.environment_name","dynamic_bytecode",1943,1,0,0,0,0,0,1,,,,"benchmark_rexxcps_levelb_opaque_opt","method",,,"fresh","success",0,0,0,"complete"
call,"_rxsysb._address","direct_bytecode",2001,1399,0,0,0,0,0,5,,,,"benchmark_rexxcps_levelb_opaque_opt","procedure",,,"reused","success",4197,4197,0,"complete"
call,"_rxsysb._set_address_environment","direct_bytecode",9071,1399,0,0,0,0,0,1,,,,"_address","procedure",,,"reused","success",1399,1399,0,"complete"
call,"_rxsysb._current_address_environment","direct_bytecode",9087,1399,0,0,0,0,0,0,,,,"_address","procedure",,,"reused","success",0,0,0,"complete"
call,"_rxsysb.dispatch_address_request","direct_bytecode",9470,1399,0,0,0,0,0,1,,,,"_address","procedure",,,"reused","success",1399,1399,0,"complete"
call,"rxfnsb._trace_command_before","direct_bytecode",18224,1399,0,0,0,0,0,2,,,,"_address","procedure",,,"reused","success",2798,2798,0,"complete"
call,"rxfnsb._trace_ensure_runtime","direct_bytecode",19561,1399,0,0,0,0,0,0,,,,"trace","procedure",,,"reused","success",0,0,0,"complete"
call,"_rxsysb.unknownaddressenvironment.execute","dynamic_bytecode",18253,1399,0,0,0,0,0,2,,,,"_address","method",,,"reused","success",2798,2798,0,"complete"
call,"rxfnsb._trace_command_after","direct_bytecode",18329,1399,0,0,0,0,0,4,,,,"_address","procedure",,,"reused","success",5596,5596,0,"complete"
call,"rxfnsb.upper","direct_bytecode",2042,1399,0,0,0,0,0,1,,,,"benchmark_rexxcps_levelb_opaque_opt","procedure",,,"reused","success",0,0,0,"complete"
call,"rxfnsb.parseexec","direct_bytecode",2110,1399,0,0,0,0,0,4,,,,"benchmark_rexxcps_levelb_opaque_opt","procedure",,,"reused","success",1399,1399,0,"complete"
call,"rxfnsb.stem.set","direct_bytecode",894,1398,0,0,0,0,0,3,,,,"benchmark_rexxcps_levelb_opaque_opt","method",,,"reused","success",2796,2796,0,"complete"
call,"rxfnsb.stem.get","direct_bytecode",926,1398,0,0,0,0,0,2,,,,"benchmark_rexxcps_levelb_opaque_opt","method",,,"reused","success",1398,1398,0,"complete"
call,"_rxsysb.addressenv","direct_bytecode",1929,1398,0,0,0,0,0,1,,,,"benchmark_rexxcps_levelb_opaque_opt","procedure",,,"reused","success",0,0,0,"complete"
call,"_rxsysb._address_environment","direct_bytecode",15352,1398,0,0,0,0,0,1,,,,"_address","procedure",,,"reused","success",1398,1398,0,"complete"
call,"_rxsysb.unknownaddressenvironment.environment_name","dynamic_bytecode",1943,1398,0,0,0,0,0,1,,,,"benchmark_rexxcps_levelb_opaque_opt","method",,,"reused","success",0,0,0,"complete"
call,"rxfnsb.time","direct_bytecode",2619,1,0,0,0,0,0,1,,,,"benchmark_rexxcps_levelb_opaque_opt","procedure",,,"fresh","success",0,0,0,"complete"
call,"rxfnsb._trace_set","direct_bytecode",2642,1,0,0,0,0,0,1,,,,"benchmark_rexxcps_levelb_opaque_opt","procedure",,,"reused","success",0,0,0,"complete"
call,"rxfnsb._trace_current_mode","direct_bytecode",2649,1,0,0,0,0,0,0,,,,"benchmark_rexxcps_levelb_opaque_opt","procedure",,,"reused","success",0,0,0,"complete"
call,"rexxcps_levelb_opaque.__rxtrace_reset_display_state","direct_bytecode",2656,1,0,0,0,0,0,0,,,,"benchmark_rexxcps_levelb_opaque_opt","procedure",,,"reused","success",0,0,0,"complete"
call,"rxfnsb.format","direct_bytecode",2840,1,0,0,0,0,0,5,,,,"benchmark_rexxcps_levelb_opaque_opt","procedure",,,"fresh","success",1,1,0,"complete"
call,"rxfnsb.format","direct_bytecode",3088,1,0,0,0,0,0,5,,,,"benchmark_rexxcps_levelb_opaque_opt","procedure",,,"reused","success",0,0,0,"complete"
call,"rxfnsb.stem.get","direct_bytecode",3135,1,0,0,0,0,0,2,,,,"benchmark_rexxcps_levelb_opaque_opt","method",,,"reused","success",1,1,0,"complete"
call,"rxfnsb.stem.get","direct_bytecode",3164,1,0,0,0,0,0,2,,,,"benchmark_rexxcps_levelb_opaque_opt","method",,,"reused","success",1,1,0,"complete"
call,"rxfnsb.stem.get","direct_bytecode",3225,1,0,0,0,0,0,2,,,,"benchmark_rexxcps_levelb_opaque_opt","method",,,"reused","success",1,1,0,"complete"
