2026-09-15T22:00:02.0211877Z Current runner version: '2.337.0'
2026-09-15T22:00:02.0237239Z ##[group]Runner Image Provisioner
2026-09-15T22:00:02.0238103Z Hosted Compute Agent
2026-09-15T22:00:02.0238660Z Version: 20260828.587
2026-09-15T22:00:02.0239270Z Commit: abac92662cab4cc7352de4f9f9d2e2419aad9c29
2026-09-15T22:00:02.0240058Z Build Date: 2026-08-28T16:44:25Z
2026-09-15T22:00:02.0241515Z Worker ID: {007875b8-6bca-451a-bd9a-ed1b05dc3ace}
2026-09-15T22:00:02.0242353Z Azure Region: westus2
2026-09-15T22:00:02.0242968Z ##[endgroup]
2026-09-15T22:00:02.0244477Z ##[group]Operating System
2026-09-15T22:00:02.0245157Z Microsoft Windows Server 2025
2026-09-15T22:00:02.0245747Z 10.0.26100
2026-09-15T22:00:02.0246254Z Datacenter
2026-09-15T22:00:02.0246772Z ##[endgroup]
2026-09-15T22:00:02.0247305Z ##[group]Runner Image
2026-09-15T22:00:02.0247958Z Image: windows-2025-vs2026
2026-09-15T22:00:02.0248546Z Version: 20260907.229.1
2026-09-15T22:00:02.0250054Z Included Software: https://github.com/actions/runner-images/blob/win25-vs2026/20260907.229/images/windows/Windows2025-VS2026-Readme.md
2026-09-15T22:00:02.0251660Z Image Release: https://github.com/actions/runner-images/releases/tag/win25-vs2026%2F20260907.229
2026-09-15T22:00:02.0252663Z ##[endgroup]
2026-09-15T22:00:02.0253728Z ##[group]GITHUB_TOKEN Permissions
2026-09-15T22:00:02.0255881Z Actions: read
2026-09-15T22:00:02.0256458Z Contents: read
2026-09-15T22:00:02.0257002Z Metadata: read
2026-09-15T22:00:02.0257535Z ##[endgroup]
2026-09-15T22:00:02.0259556Z Secret source: Actions
2026-09-15T22:00:02.0261055Z Cache mode: write
2026-09-15T22:00:02.0261896Z Prepare workflow directory
2026-09-15T22:00:02.0619177Z Prepare all required actions
2026-09-15T22:00:02.0691027Z Getting action download info
2026-09-15T22:00:02.4326928Z Download action repository 'actions/checkout@v5' (SHA:fbc6f3992d24b796d5a048ff273f7fcc4a7b6c09)
2026-09-15T22:00:02.5673327Z Download action repository 'ilammy/msvc-dev-cmd@v1' (SHA:0b201ec74fa43914dc39ae48a89fd1d8cb592756)
2026-09-15T22:00:02.8785024Z Download action repository 'msys2/setup-msys2@v2' (SHA:66cd2cce69caa17b53920067426061ca1de3a884)
2026-09-15T22:00:03.0694001Z Download action repository 'actions/setup-python@v6' (SHA:ece7cb06caefa5fff74198d8649806c4678c61a1)
2026-09-15T22:00:03.2304382Z Download action repository 'actions/upload-artifact@v7' (SHA:043fb46d1a93c77aae656e7c1c64a875d1fc6a0a)
2026-09-15T22:00:03.4828733Z Complete job name: Comprehensive Windows x64 MSVC
2026-09-15T22:00:03.6509126Z ##[group]Run actions/checkout@v5
2026-09-15T22:00:03.6510570Z with:
2026-09-15T22:00:03.6511383Z   submodules: recursive
2026-09-15T22:00:03.6512322Z   ref: b4d10adfb7263313f331d12239ac07352c8bc491
2026-09-15T22:00:03.6513434Z   repository: adesutherland/CREXX
2026-09-15T22:00:03.6521678Z   token: ***
2026-09-15T22:00:03.6522456Z   ssh-strict: true
2026-09-15T22:00:03.6523250Z   ssh-user: git
2026-09-15T22:00:03.6524045Z   persist-credentials: true
2026-09-15T22:00:03.6524942Z   clean: true
2026-09-15T22:00:03.6525739Z   sparse-checkout-cone-mode: true
2026-09-15T22:00:03.6526708Z   fetch-depth: 1
2026-09-15T22:00:03.6527702Z   fetch-tags: false
2026-09-15T22:00:03.6528510Z   show-progress: true
2026-09-15T22:00:03.6529484Z   lfs: false
2026-09-15T22:00:03.6530247Z   set-safe-directory: true
2026-09-15T22:00:03.6531142Z   allow-unsafe-pr-checkout: false
2026-09-15T22:00:03.6532375Z ##[endgroup]
2026-09-15T22:00:03.7982615Z Syncing repository: adesutherland/CREXX
2026-09-15T22:00:03.7985129Z ##[group]Getting Git version info
2026-09-15T22:00:03.7986194Z Working directory is 'D:\a\CREXX\CREXX'
2026-09-15T22:00:03.8987536Z [command]"C:\Program Files\Git\bin\git.exe" version
2026-09-15T22:00:04.3210458Z git version 2.55.0.windows.5
2026-09-15T22:00:04.3263787Z ##[endgroup]
2026-09-15T22:00:04.3282432Z Temporarily overriding HOME='D:\a\_temp\913b8a8a-f784-425c-b714-8dbae6da4ac7' before making global git config changes
2026-09-15T22:00:04.3284893Z Adding repository directory to the temporary git global config as a safe directory
2026-09-15T22:00:04.3294256Z [command]"C:\Program Files\Git\bin\git.exe" config --global --add safe.directory D:\a\CREXX\CREXX
2026-09-15T22:00:04.4195484Z Deleting the contents of 'D:\a\CREXX\CREXX'
2026-09-15T22:00:04.4202149Z ##[group]Initializing the repository
2026-09-15T22:00:04.4210354Z [command]"C:\Program Files\Git\bin\git.exe" init D:\a\CREXX\CREXX
2026-09-15T22:00:04.5023159Z Initialized empty Git repository in D:/a/CREXX/CREXX/.git/
2026-09-15T22:00:04.5077079Z [command]"C:\Program Files\Git\bin\git.exe" remote add origin https://github.com/adesutherland/CREXX
2026-09-15T22:00:04.6124777Z ##[endgroup]
2026-09-15T22:00:04.6126173Z ##[group]Disabling automatic garbage collection
2026-09-15T22:00:04.6133959Z [command]"C:\Program Files\Git\bin\git.exe" config --local gc.auto 0
2026-09-15T22:00:04.6439559Z ##[endgroup]
2026-09-15T22:00:04.6441636Z ##[group]Setting up auth
2026-09-15T22:00:04.6444044Z [command]"C:\Program Files\Git\bin\git.exe" config --local --name-only --get-regexp core\.sshCommand
2026-09-15T22:00:04.6753932Z [command]"C:\Program Files\Git\bin\git.exe" submodule foreach --recursive "sh -c \"git config --local --name-only --get-regexp 'core\.sshCommand' && git config --local --unset-all 'core.sshCommand' || :\""
2026-09-15T22:00:06.3244281Z [command]"C:\Program Files\Git\bin\git.exe" config --local --name-only --get-regexp http\.https\:\/\/github\.com\/\.extraheader
2026-09-15T22:00:06.3578416Z [command]"C:\Program Files\Git\bin\git.exe" submodule foreach --recursive "sh -c \"git config --local --name-only --get-regexp 'http\.https\:\/\/github\.com\/\.extraheader' && git config --local --unset-all 'http.https://github.com/.extraheader' || :\""
2026-09-15T22:00:06.8975483Z [command]"C:\Program Files\Git\bin\git.exe" config --local --name-only --get-regexp ^includeIf\.gitdir:
2026-09-15T22:00:06.9304218Z [command]"C:\Program Files\Git\bin\git.exe" submodule foreach --recursive "git config --local --show-origin --name-only --get-regexp remote.origin.url"
2026-09-15T22:00:07.4637954Z [command]"C:\Program Files\Git\bin\git.exe" config --local http.https://github.com/.extraheader "AUTHORIZATION: basic ***"
2026-09-15T22:00:07.4954438Z ##[endgroup]
2026-09-15T22:00:07.4955013Z ##[group]Fetching the repository
2026-09-15T22:00:07.4967370Z [command]"C:\Program Files\Git\bin\git.exe" -c protocol.version=2 fetch --no-tags --prune --no-recurse-submodules --depth=1 origin b4d10adfb7263313f331d12239ac07352c8bc491
2026-09-15T22:00:14.7956299Z From https://github.com/adesutherland/CREXX
2026-09-15T22:00:14.7957520Z  * branch              b4d10adfb7263313f331d12239ac07352c8bc491 -> FETCH_HEAD
2026-09-15T22:00:14.7961426Z ##[endgroup]
2026-09-15T22:00:14.7962087Z ##[group]Determining the checkout info
2026-09-15T22:00:14.7963034Z ##[endgroup]
2026-09-15T22:00:14.7963412Z [command]"C:\Program Files\Git\bin\git.exe" sparse-checkout disable
2026-09-15T22:00:14.8502255Z [command]"C:\Program Files\Git\bin\git.exe" config --local --unset-all extensions.worktreeConfig
2026-09-15T22:00:14.8789084Z ##[group]Checking out the ref
2026-09-15T22:00:14.8797602Z [command]"C:\Program Files\Git\bin\git.exe" checkout --progress --force b4d10adfb7263313f331d12239ac07352c8bc491
2026-09-15T22:00:15.9685432Z Updating files:   8% (3450/38401)
2026-09-15T22:00:16.0626544Z Updating files:   9% (3457/38401)
2026-09-15T22:00:16.2218138Z Updating files:  10% (3841/38401)
2026-09-15T22:00:16.5482866Z Updating files:  11% (4225/38401)
2026-09-15T22:00:16.6384841Z Updating files:  12% (4609/38401)
2026-09-15T22:00:16.7382670Z Updating files:  13% (4993/38401)
2026-09-15T22:00:16.8322469Z Updating files:  14% (5377/38401)
2026-09-15T22:00:16.9220621Z Updating files:  15% (5761/38401)
2026-09-15T22:00:16.9706867Z Updating files:  16% (6145/38401)
2026-09-15T22:00:17.0444848Z Updating files:  16% (6250/38401)
2026-09-15T22:00:17.1828916Z Updating files:  17% (6529/38401)
2026-09-15T22:00:17.2708494Z Updating files:  18% (6913/38401)
2026-09-15T22:00:17.4071896Z Updating files:  19% (7297/38401)
2026-09-15T22:00:17.5098284Z Updating files:  20% (7681/38401)
2026-09-15T22:00:17.6030161Z Updating files:  21% (8065/38401)
2026-09-15T22:00:17.6894155Z Updating files:  22% (8449/38401)
2026-09-15T22:00:17.9256042Z Updating files:  23% (8833/38401)
2026-09-15T22:00:17.9718746Z Updating files:  24% (9217/38401)
2026-09-15T22:00:18.0054498Z Updating files:  24% (9455/38401)
2026-09-15T22:00:18.0807607Z Updating files:  25% (9601/38401)
2026-09-15T22:00:18.1612778Z Updating files:  26% (9985/38401)
2026-09-15T22:00:18.2409041Z Updating files:  27% (10369/38401)
2026-09-15T22:00:18.3250932Z Updating files:  28% (10753/38401)
2026-09-15T22:00:18.4440083Z Updating files:  29% (11137/38401)
2026-09-15T22:00:18.5201661Z Updating files:  30% (11521/38401)
2026-09-15T22:00:18.5985835Z Updating files:  31% (11905/38401)
2026-09-15T22:00:18.6633756Z Updating files:  32% (12289/38401)
2026-09-15T22:00:18.7330262Z Updating files:  33% (12673/38401)
2026-09-15T22:00:18.7993473Z Updating files:  34% (13057/38401)
2026-09-15T22:00:18.8699133Z Updating files:  35% (13441/38401)
2026-09-15T22:00:18.9489716Z Updating files:  36% (13825/38401)
2026-09-15T22:00:18.9815741Z Updating files:  37% (14209/38401)
2026-09-15T22:00:19.0403224Z Updating files:  37% (14334/38401)
2026-09-15T22:00:19.2350443Z Updating files:  38% (14593/38401)
2026-09-15T22:00:19.3396013Z Updating files:  39% (14977/38401)
2026-09-15T22:00:19.5659988Z Updating files:  40% (15361/38401)
2026-09-15T22:00:19.6578521Z Updating files:  41% (15745/38401)
2026-09-15T22:00:19.6841003Z Updating files:  42% (16129/38401)
2026-09-15T22:00:19.6843959Z warning: created file symlink 'performance/evidence/2026-07-18-nr-09-large-instruction-batch-first-release-verdict/qa-closeout/asan/20260719-205746-full/current.log' pointing to '\Users\adrian\CLionProjects\CREXX\performance\evidence\2026-07-18-nr-09-large-instruction-batch-first-release-verdict\qa-closeout\asan\20260719-205746-full\build.log';
2026-09-15T22:00:19.6846879Z set the `symlink` gitattribute to `dir` if a directory symlink is required
2026-09-15T22:00:19.6870600Z warning: created file symlink 'performance/evidence/2026-07-18-nr-09-large-instruction-batch-first-release-verdict/qa-closeout/asan/20260719-205848-full/current.log' pointing to '\Users\adrian\CLionProjects\CREXX\performance\evidence\2026-07-18-nr-09-large-instruction-batch-first-release-verdict\qa-closeout\asan\20260719-205848-full\ctest.log';
2026-09-15T22:00:19.6874432Z set the `symlink` gitattribute to `dir` if a directory symlink is required
2026-09-15T22:00:19.6882077Z warning: created file symlink 'performance/evidence/2026-07-18-nr-09-large-instruction-batch-first-release-verdict/qa-closeout/asan/20260719-212042-ctest/current.log' pointing to '\Users\adrian\CLionProjects\CREXX\performance\evidence\2026-07-18-nr-09-large-instruction-batch-first-release-verdict\qa-closeout\asan\20260719-212042-ctest\ctest.log';
2026-09-15T22:00:19.6884963Z set the `symlink` gitattribute to `dir` if a directory symlink is required
2026-09-15T22:00:19.6893570Z warning: created file symlink 'performance/evidence/2026-07-18-nr-09-large-instruction-batch-first-release-verdict/qa-closeout/asan/20260719-212239-ctest/current.log' pointing to '\Users\adrian\CLionProjects\CREXX\performance\evidence\2026-07-18-nr-09-large-instruction-batch-first-release-verdict\qa-closeout\asan\20260719-212239-ctest\ctest.log';
2026-09-15T22:00:19.6895123Z set the `symlink` gitattribute to `dir` if a directory symlink is required
2026-09-15T22:00:19.6901862Z warning: created file symlink 'performance/evidence/2026-07-18-nr-09-large-instruction-batch-first-release-verdict/qa-closeout/asan/latest' pointing to '\Users\adrian\CLionProjects\CREXX\performance\evidence\2026-07-18-nr-09-large-instruction-batch-first-release-verdict\qa-closeout\asan\20260719-212239-ctest';
2026-09-15T22:00:19.6904817Z set the `symlink` gitattribute to `dir` if a directory symlink is required
2026-09-15T22:00:19.8627263Z Updating files:  43% (16513/38401)
2026-09-15T22:00:19.9505693Z Updating files:  44% (16897/38401)
2026-09-15T22:00:19.9913860Z Updating files:  45% (17281/38401)
2026-09-15T22:00:19.9916071Z warning: created file symlink 'performance/evidence/2026-07-22-nr-15-first-release-verdict/qa-closeout/asan/20260722-215009-build/current.log' pointing to '\Users\adrian\CLionProjects\CREXX\performance\evidence\2026-07-22-nr-15-first-release-verdict\qa-closeout\asan\20260722-215009-build\build.log';
2026-09-15T22:00:19.9918507Z set the `symlink` gitattribute to `dir` if a directory symlink is required
2026-09-15T22:00:19.9926801Z warning: created file symlink 'performance/evidence/2026-07-22-nr-15-first-release-verdict/qa-closeout/asan/20260722-220435-ctest/current.log' pointing to '\Users\adrian\CLionProjects\CREXX\performance\evidence\2026-07-22-nr-15-first-release-verdict\qa-closeout\asan\20260722-220435-ctest\ctest.log';
2026-09-15T22:00:19.9928246Z set the `symlink` gitattribute to `dir` if a directory symlink is required
2026-09-15T22:00:19.9938866Z warning: created file symlink 'performance/evidence/2026-07-22-nr-15-first-release-verdict/qa-closeout/asan/20260722-220509-ctest/current.log' pointing to '\Users\adrian\CLionProjects\CREXX\performance\evidence\2026-07-22-nr-15-first-release-verdict\qa-closeout\asan\20260722-220509-ctest\ctest.log';
2026-09-15T22:00:19.9941036Z set the `symlink` gitattribute to `dir` if a directory symlink is required
2026-09-15T22:00:19.9950955Z Updating files:  45% (17444/38401)
2026-09-15T22:00:19.9953420Z warning: created file symlink 'performance/evidence/2026-07-22-nr-15-first-release-verdict/qa-closeout/asan/20260722-220547-build/current.log' pointing to '\Users\adrian\CLionProjects\CREXX\performance\evidence\2026-07-22-nr-15-first-release-verdict\qa-closeout\asan\20260722-220547-build\build.log';
2026-09-15T22:00:19.9955800Z set the `symlink` gitattribute to `dir` if a directory symlink is required
2026-09-15T22:00:19.9967022Z warning: created file symlink 'performance/evidence/2026-07-22-nr-15-first-release-verdict/qa-closeout/asan/20260722-220557-ctest/current.log' pointing to '\Users\adrian\CLionProjects\CREXX\performance\evidence\2026-07-22-nr-15-first-release-verdict\qa-closeout\asan\20260722-220557-ctest\ctest.log';
2026-09-15T22:00:19.9969234Z set the `symlink` gitattribute to `dir` if a directory symlink is required
2026-09-15T22:00:19.9981268Z warning: created file symlink 'performance/evidence/2026-07-22-nr-15-first-release-verdict/qa-closeout/asan/latest' pointing to '\Users\adrian\CLionProjects\CREXX\performance\evidence\2026-07-22-nr-15-first-release-verdict\qa-closeout\asan\20260722-220557-ctest';
2026-09-15T22:00:19.9983443Z set the `symlink` gitattribute to `dir` if a directory symlink is required
2026-09-15T22:00:20.1599146Z Updating files:  46% (17665/38401)
2026-09-15T22:00:20.2523414Z Updating files:  47% (18049/38401)
2026-09-15T22:00:20.3473297Z Updating files:  48% (18433/38401)
2026-09-15T22:00:20.4342565Z Updating files:  49% (18817/38401)
2026-09-15T22:00:20.6403093Z Updating files:  50% (19201/38401)
2026-09-15T22:00:20.7512351Z Updating files:  51% (19585/38401)
2026-09-15T22:00:20.8504270Z Updating files:  52% (19969/38401)
2026-09-15T22:00:20.9559125Z Updating files:  53% (20353/38401)
2026-09-15T22:00:21.0093838Z Updating files:  54% (20737/38401)
2026-09-15T22:00:21.0484631Z Updating files:  54% (20970/38401)
2026-09-15T22:00:21.1725590Z Updating files:  55% (21121/38401)
2026-09-15T22:00:21.2698650Z Updating files:  56% (21505/38401)
2026-09-15T22:00:21.3656159Z Updating files:  57% (21889/38401)
2026-09-15T22:00:21.4331868Z Updating files:  58% (22273/38401)
2026-09-15T22:00:21.5227015Z Updating files:  59% (22657/38401)
2026-09-15T22:00:21.6104604Z Updating files:  60% (23041/38401)
2026-09-15T22:00:21.7013539Z Updating files:  61% (23425/38401)
2026-09-15T22:00:21.8074317Z Updating files:  62% (23809/38401)
2026-09-15T22:00:22.0104796Z Updating files:  63% (24193/38401)
2026-09-15T22:00:22.0184693Z Updating files:  63% (24538/38401)
2026-09-15T22:00:22.1177159Z Updating files:  64% (24577/38401)
2026-09-15T22:00:22.2159418Z Updating files:  65% (24961/38401)
2026-09-15T22:00:22.6845801Z Updating files:  66% (25345/38401)
2026-09-15T22:00:22.8764298Z Updating files:  67% (25729/38401)
2026-09-15T22:00:22.9512144Z Updating files:  68% (26113/38401)
2026-09-15T22:00:23.0196013Z Updating files:  69% (26497/38401)
2026-09-15T22:00:23.0409852Z Updating files:  69% (26800/38401)
2026-09-15T22:00:23.1304575Z Updating files:  70% (26881/38401)
2026-09-15T22:00:23.2106616Z Updating files:  71% (27265/38401)
2026-09-15T22:00:23.3344584Z Updating files:  72% (27649/38401)
2026-09-15T22:00:23.4330466Z Updating files:  73% (28033/38401)
2026-09-15T22:00:23.5325376Z Updating files:  74% (28417/38401)
2026-09-15T22:00:23.6477465Z Updating files:  75% (28801/38401)
2026-09-15T22:00:23.7463442Z Updating files:  76% (29185/38401)
2026-09-15T22:00:23.8511532Z Updating files:  77% (29569/38401)
2026-09-15T22:00:23.9584898Z Updating files:  78% (29953/38401)
2026-09-15T22:00:24.0217212Z Updating files:  79% (30337/38401)
2026-09-15T22:00:24.0583448Z Updating files:  79% (30568/38401)
2026-09-15T22:00:24.2254779Z Updating files:  80% (30721/38401)
2026-09-15T22:00:24.3202424Z Updating files:  81% (31105/38401)
2026-09-15T22:00:24.4448159Z Updating files:  82% (31489/38401)
2026-09-15T22:00:24.5501040Z Updating files:  83% (31873/38401)
2026-09-15T22:00:24.6309131Z Updating files:  84% (32257/38401)
2026-09-15T22:00:24.7043197Z Updating files:  85% (32641/38401)
2026-09-15T22:00:24.8075406Z Updating files:  86% (33025/38401)
2026-09-15T22:00:24.9579026Z Updating files:  87% (33409/38401)
2026-09-15T22:00:25.0235005Z Updating files:  88% (33793/38401)
2026-09-15T22:00:25.0835048Z Updating files:  88% (34013/38401)
2026-09-15T22:00:25.2309635Z Updating files:  89% (34177/38401)
2026-09-15T22:00:25.3365914Z Updating files:  90% (34561/38401)
2026-09-15T22:00:25.4371251Z Updating files:  91% (34945/38401)
2026-09-15T22:00:25.5174598Z Updating files:  92% (35329/38401)
2026-09-15T22:00:25.5935750Z Updating files:  93% (35713/38401)
2026-09-15T22:00:25.6767721Z Updating files:  94% (36097/38401)
2026-09-15T22:00:25.7684782Z Updating files:  95% (36481/38401)
2026-09-15T22:00:25.8855454Z Updating files:  96% (36865/38401)
2026-09-15T22:00:25.9888561Z Updating files:  97% (37249/38401)
2026-09-15T22:00:26.0286888Z Updating files:  98% (37633/38401)
2026-09-15T22:00:26.0851443Z Updating files:  98% (37784/38401)
2026-09-15T22:00:26.2309058Z Updating files:  99% (38017/38401)
2026-09-15T22:00:26.2309565Z Updating files: 100% (38401/38401)
2026-09-15T22:00:26.2309846Z Updating files: 100% (38401/38401), done.
2026-09-15T22:00:26.2940856Z Note: switching to 'b4d10adfb7263313f331d12239ac07352c8bc491'.
2026-09-15T22:00:26.2941404Z 
2026-09-15T22:00:26.2941767Z You are in 'detached HEAD' state. You can look around, make experimental
2026-09-15T22:00:26.2943004Z changes and commit them, and you can discard any commits you make in this
2026-09-15T22:00:26.2943659Z state without impacting any branches by switching back to a branch.
2026-09-15T22:00:26.2944047Z 
2026-09-15T22:00:26.2944284Z If you want to create a new branch to retain commits you create, you may
2026-09-15T22:00:26.2944840Z do so (now or later) by using -c with the switch command. Example:
2026-09-15T22:00:26.2945159Z 
2026-09-15T22:00:26.2945303Z   git switch -c <new-branch-name>
2026-09-15T22:00:26.2945521Z 
2026-09-15T22:00:26.2945635Z Or undo this operation with:
2026-09-15T22:00:26.2945845Z 
2026-09-15T22:00:26.2945938Z   git switch -
2026-09-15T22:00:26.2946083Z 
2026-09-15T22:00:26.2946340Z Turn off this advice by setting config variable advice.detachedHead to false
2026-09-15T22:00:26.2946732Z 
2026-09-15T22:00:26.2947017Z HEAD is now at b4d10adf ci: allow focused core retries on isolated candidate branches
2026-09-15T22:00:26.3177209Z ##[endgroup]
2026-09-15T22:00:26.3177977Z ##[group]Setting up auth for fetching submodules
2026-09-15T22:00:26.3188588Z [command]"C:\Program Files\Git\bin\git.exe" config --global http.https://github.com/.extraheader "AUTHORIZATION: basic ***"
2026-09-15T22:00:26.3506673Z [command]"C:\Program Files\Git\bin\git.exe" config --global --unset-all url.https://github.com/.insteadOf
2026-09-15T22:00:26.3802991Z [command]"C:\Program Files\Git\bin\git.exe" config --global --add url.https://github.com/.insteadOf git@github.com:
2026-09-15T22:00:26.4094195Z [command]"C:\Program Files\Git\bin\git.exe" config --global --add url.https://github.com/.insteadOf org-4367482@github.com:
2026-09-15T22:00:26.4382569Z ##[endgroup]
2026-09-15T22:00:26.4383162Z ##[group]Fetching submodules
2026-09-15T22:00:26.4391052Z [command]"C:\Program Files\Git\bin\git.exe" submodule sync --recursive
2026-09-15T22:00:27.0014368Z [command]"C:\Program Files\Git\bin\git.exe" -c protocol.version=2 submodule update --init --force --depth=1 --recursive
2026-09-15T22:00:27.5574580Z [command]"C:\Program Files\Git\bin\git.exe" submodule foreach --recursive "git config --local gc.auto 0"
2026-09-15T22:00:28.1000602Z ##[endgroup]
2026-09-15T22:00:28.1001037Z ##[group]Persisting credentials for submodules
2026-09-15T22:00:28.1013100Z [command]"C:\Program Files\Git\bin\git.exe" submodule foreach --recursive "sh -c \"git config --local --name-only --get-regexp 'url\.https\:\/\/github\.com\/\.insteadOf' && git config --local --unset-all 'url.https://github.com/.insteadOf' || :\""
2026-09-15T22:00:28.6386264Z [command]"C:\Program Files\Git\bin\git.exe" submodule foreach --recursive "sh -c \"git config --local 'http.https://github.com/.extraheader' 'AUTHORIZATION: basic ***' && git config --local --show-origin --name-only --get-regexp remote.origin.url\""
2026-09-15T22:00:29.1955978Z [command]"C:\Program Files\Git\bin\git.exe" submodule foreach --recursive "git config --local --add 'url.https://github.com/.insteadOf' 'git@github.com:'"
2026-09-15T22:00:29.7611792Z [command]"C:\Program Files\Git\bin\git.exe" submodule foreach --recursive "git config --local --add 'url.https://github.com/.insteadOf' 'org-4367482@github.com:'"
2026-09-15T22:00:30.3198473Z ##[endgroup]
2026-09-15T22:00:30.3514918Z [command]"C:\Program Files\Git\bin\git.exe" log -1 --format=%H
2026-09-15T22:00:30.3774169Z b4d10adfb7263313f331d12239ac07352c8bc491
2026-09-15T22:00:30.4217824Z Node 20 is being deprecated. This workflow is running with Node 24 by default. If you need to temporarily use Node 20, you can set the ACTIONS_ALLOW_USE_UNSECURE_NODE_VERSION=true environment variable. For more information see: https://github.blog/changelog/2025-09-19-deprecation-of-node-20-on-github-actions-runners/
2026-09-15T22:00:30.4219799Z ##[group]Run ilammy/msvc-dev-cmd@v1
2026-09-15T22:00:30.4220050Z with:
2026-09-15T22:00:30.4220253Z   arch: x64
2026-09-15T22:00:30.4220418Z   toolset: 14.44
2026-09-15T22:00:30.4220607Z ##[endgroup]
2026-09-15T22:00:30.8606252Z Found with vswhere: C:\Program Files\Microsoft Visual Studio\18\Enterprise\VC\Auxiliary\Build\vcvarsall.bat
2026-09-15T22:00:35.5389830Z ##[group]Environment variables
2026-09-15T22:00:35.5390388Z Setting CommandPromptType
2026-09-15T22:00:35.5399896Z Setting DevEnvDir
2026-09-15T22:00:35.5403757Z Setting ExtensionSdkDir
2026-09-15T22:00:35.5406410Z Setting EXTERNAL_INCLUDE
2026-09-15T22:00:35.5412557Z Setting Framework40Version
2026-09-15T22:00:35.5415472Z Setting FrameworkDir
2026-09-15T22:00:35.5418101Z Setting FrameworkDir64
2026-09-15T22:00:35.5420731Z Setting FrameworkVersion
2026-09-15T22:00:35.5423348Z Setting FrameworkVersion64
2026-09-15T22:00:35.5427023Z Setting FSHARPINSTALLDIR
2026-09-15T22:00:35.5430692Z Setting HTMLHelpDir
2026-09-15T22:00:35.5433512Z Setting INCLUDE
2026-09-15T22:00:35.5436960Z Setting LIB
2026-09-15T22:00:35.5439544Z Setting LIBPATH
2026-09-15T22:00:35.5442163Z Setting llvmArm64
2026-09-15T22:00:35.5444720Z Setting llvmX64
2026-09-15T22:00:35.5447444Z Setting NETFXSDKDir
2026-09-15T22:00:35.5450144Z Setting Path
2026-09-15T22:00:35.5453572Z Setting Platform
2026-09-15T22:00:35.5456289Z Setting UCRTVersion
2026-09-15T22:00:35.5458973Z Setting UniversalCRTSdkDir
2026-09-15T22:00:35.5461498Z Setting use_x64_llvm
2026-09-15T22:00:35.5463596Z Setting VCIDEInstallDir
2026-09-15T22:00:35.5465536Z Setting VCINSTALLDIR
2026-09-15T22:00:35.5467556Z Setting VCPKG_ROOT
2026-09-15T22:00:35.5469517Z Setting VCToolsInstallDir
2026-09-15T22:00:35.5471418Z Setting VCToolsRedistDir
2026-09-15T22:00:35.5473340Z Setting VCToolsVersion
2026-09-15T22:00:35.5475871Z Setting VisualStudioVersion
2026-09-15T22:00:35.5477773Z Setting VS180COMNTOOLS
2026-09-15T22:00:35.5479713Z Setting VSCMD_ARG_app_plat
2026-09-15T22:00:35.5481620Z Setting VSCMD_ARG_HOST_ARCH
2026-09-15T22:00:35.5483528Z Setting VSCMD_ARG_TGT_ARCH
2026-09-15T22:00:35.5485645Z Setting VSCMD_ARG_VCVARS_VER
2026-09-15T22:00:35.5487643Z Setting VSCMD_VER
2026-09-15T22:00:35.5489547Z Setting VSINSTALLDIR
2026-09-15T22:00:35.5491465Z Setting VSSDK150INSTALL
2026-09-15T22:00:35.5493373Z Setting VSSDKINSTALL
2026-09-15T22:00:35.5495845Z Setting WindowsLibPath
2026-09-15T22:00:35.5497784Z Setting WindowsSdkBinPath
2026-09-15T22:00:35.5499848Z Setting WindowsSdkDir
2026-09-15T22:00:35.5501876Z Setting WindowsSDKLibVersion
2026-09-15T22:00:35.5503805Z Setting WindowsSdkVerBinPath
2026-09-15T22:00:35.5505715Z Setting WindowsSDKVersion
2026-09-15T22:00:35.5507651Z Setting WindowsSDK_ExecutablePath_x64
2026-09-15T22:00:35.5509619Z Setting WindowsSDK_ExecutablePath_x86
2026-09-15T22:00:35.5511528Z Setting __DOTNET_ADD_64BIT
2026-09-15T22:00:35.5513538Z Setting __DOTNET_PREFERRED_BITNESS
2026-09-15T22:00:35.5515827Z Setting __VSCMD_PREINIT_PATH
2026-09-15T22:00:35.5518883Z ##[endgroup]
2026-09-15T22:00:35.5519605Z Configured Developer Command Prompt
2026-09-15T22:00:35.5840574Z ##[group]Run actions/setup-python@v6
2026-09-15T22:00:35.5840907Z with:
2026-09-15T22:00:35.5841098Z   python-version: 3.12
2026-09-15T22:00:35.5841316Z   check-latest: false
2026-09-15T22:00:35.5844063Z   token: ***
2026-09-15T22:00:35.5844269Z   update-environment: true
2026-09-15T22:00:35.5844504Z   allow-prereleases: false
2026-09-15T22:00:35.5844748Z   freethreaded: false
2026-09-15T22:00:35.5844936Z env:
2026-09-15T22:00:35.5845112Z   CommandPromptType: Native
2026-09-15T22:00:35.5845465Z   DevEnvDir: C:\Program Files\Microsoft Visual Studio\18\Enterprise\Common7\IDE\
2026-09-15T22:00:35.5846001Z   ExtensionSdkDir: C:\Program Files (x86)\Microsoft SDKs\Windows Kits\10\ExtensionSDKs
2026-09-15T22:00:35.5848151Z   EXTERNAL_INCLUDE: C:\Program Files\Microsoft Visual Studio\18\Enterprise\VC\Tools\MSVC\14.44.35207\include;C:\Program Files\Microsoft Visual Studio\18\Enterprise\VC\Auxiliary\VS\include;C:\Program Files (x86)\Windows Kits\10\include\10.0.26100.0\ucrt;C:\Program Files (x86)\Windows Kits\10\\include\10.0.26100.0\\um;C:\Program Files (x86)\Windows Kits\10\\include\10.0.26100.0\\shared;C:\Program Files (x86)\Windows Kits\10\\include\10.0.26100.0\\winrt;C:\Program Files (x86)\Windows Kits\10\\include\10.0.26100.0\\cppwinrt;C:\Program Files (x86)\Windows Kits\NETFXSDK\4.8.1\include\um
2026-09-15T22:00:35.5850075Z   Framework40Version: v4.0
2026-09-15T22:00:35.5850364Z   FrameworkDir: C:\Windows\Microsoft.NET\Framework64\
2026-09-15T22:00:35.5850708Z   FrameworkDir64: C:\Windows\Microsoft.NET\Framework64\
2026-09-15T22:00:35.5851012Z   FrameworkVersion: v4.0.30319
2026-09-15T22:00:35.5851245Z   FrameworkVersion64: v4.0.30319
2026-09-15T22:00:35.5851769Z   FSHARPINSTALLDIR: C:\Program Files\Microsoft Visual Studio\18\Enterprise\Common7\IDE\CommonExtensions\Microsoft\FSharp\Tools
2026-09-15T22:00:35.5852853Z   HTMLHelpDir: C:\Program Files (x86)\HTML Help Workshop
2026-09-15T22:00:35.5854772Z   INCLUDE: C:\Program Files\Microsoft Visual Studio\18\Enterprise\VC\Tools\MSVC\14.44.35207\include;C:\Program Files\Microsoft Visual Studio\18\Enterprise\VC\Auxiliary\VS\include;C:\Program Files (x86)\Windows Kits\10\include\10.0.26100.0\ucrt;C:\Program Files (x86)\Windows Kits\10\\include\10.0.26100.0\\um;C:\Program Files (x86)\Windows Kits\10\\include\10.0.26100.0\\shared;C:\Program Files (x86)\Windows Kits\10\\include\10.0.26100.0\\winrt;C:\Program Files (x86)\Windows Kits\10\\include\10.0.26100.0\\cppwinrt;C:\Program Files (x86)\Windows Kits\NETFXSDK\4.8.1\include\um
2026-09-15T22:00:35.5857580Z   LIB: C:\Program Files\Microsoft Visual Studio\18\Enterprise\VC\Tools\MSVC\14.44.35207\lib\x64;C:\Program Files (x86)\Windows Kits\NETFXSDK\4.8.1\lib\um\x64;C:\Program Files (x86)\Windows Kits\10\lib\10.0.26100.0\ucrt\x64;C:\Program Files (x86)\Windows Kits\10\\lib\10.0.26100.0\\um\x64
2026-09-15T22:00:35.5859592Z   LIBPATH: C:\Program Files\Microsoft Visual Studio\18\Enterprise\VC\Tools\MSVC\14.44.35207\lib\x64;C:\Program Files\Microsoft Visual Studio\18\Enterprise\VC\Tools\MSVC\14.44.35207\lib\x86\store\references;C:\Program Files (x86)\Windows Kits\10\UnionMetadata\10.0.26100.0;C:\Program Files (x86)\Windows Kits\10\References\10.0.26100.0;C:\Windows\Microsoft.NET\Framework64\v4.0.30319
2026-09-15T22:00:35.5861050Z   llvmArm64: C:\Program Files\Microsoft Visual Studio\18\Enterprise\VC\Tools\Llvm\ARM64\bin
2026-09-15T22:00:35.5861610Z   llvmX64: C:\Program Files\Microsoft Visual Studio\18\Enterprise\VC\Tools\Llvm\x64\bin
2026-09-15T22:00:35.5862090Z   NETFXSDKDir: C:\Program Files (x86)\Windows Kits\NETFXSDK\4.8.1\
2026-09-15T22:00:35.5878485Z   Path: C:\Program Files\Microsoft Visual Studio\18\Enterprise\VC\Tools\MSVC\14.44.35207\bin\HostX64\x64;C:\Program Files\Microsoft Visual Studio\18\Enterprise\Common7\IDE\VC\VCPackages;C:\Program Files\Microsoft Visual Studio\18\Enterprise\Common7\IDE\CommonExtensions\Microsoft\TestWindow;C:\Program Files\Microsoft Visual Studio\18\Enterprise\Common7\IDE\CommonExtensions\Microsoft\TeamFoundation\Team Explorer;C:\Program Files\Microsoft Visual Studio\18\Enterprise\MSBuild\Current\bin\Roslyn;C:\Program Files (x86)\Microsoft SDKs\Windows\v10.0A\bin\NETFX 4.8.1 Tools\x64\;C:\Program Files (x86)\HTML Help Workshop;C:\Program Files\Microsoft Visual Studio\18\Enterprise\Common7\IDE\CommonExtensions\Microsoft\FSharp\Tools;C:\Program Files\Microsoft Visual Studio\18\Enterprise\Team Tools\DiagnosticsHub\Collector;C:\Program Files\Microsoft Visual Studio\18\Enterprise\Common7\IDE\Extensions\Microsoft\CodeCoverage.Console;C:\Program Files (x86)\Windows Kits\10\bin\10.0.26100.0\\x64;C:\Program Files (x86)\Windows Kits\10\bin\\x64;C:\Program Files\Microsoft Visual Studio\18\Enterprise\\MSBuild\Current\Bin\amd64;C:\Windows\Microsoft.NET\Framework64\v4.0.30319;C:\Program Files\Microsoft Visual Studio\18\Enterprise\Common7\IDE\;C:\Program Files\Microsoft Visual Studio\18\Enterprise\Common7\Tools\;C:\Program Files\MongoDB\Server\7.0\bin;C:\vcpkg;C:\tools\zstd;C:\hostedtoolcache\windows\stack\3.11.1\x64;C:\cabal\bin;C:\\ghcup\bin;C:\mingw64\bin;C:\Program Files\dotnet;C:\Program Files\MySQL\MySQL Server 8.0\bin;C:\Program Files\R\R-4.6.1\bin\x64;C:\SeleniumWebDrivers\GeckoDriver;C:\SeleniumWebDrivers\EdgeDriver\;C:\SeleniumWebDrivers\ChromeDriver;C:\Program Files (x86)\sbt\bin;C:\Program Files (x86)\GitHub CLI;C:\Program Files\Git\bin;C:\Program Files (x86)\pipx_bin;C:\npm\prefix;C:\hostedtoolcache\windows\go\1.24.13\x64\bin;C:\hostedtoolcache\windows\Python\3.12.10\x64\Scripts;C:\hostedtoolcache\windows\Python\3.12.10\x64;C:\hostedtoolcache\windows\Ruby\3.3.12\x64\bin;C:\Program Files\OpenSSL\bin;C:\tools\kotlinc\bin;C:\hostedtoolcache\windows\Java_Temurin-Hotspot_jdk\17.0.20-101\x64\bin;C:\Program Files\ImageMagick-7.1.2-Q16-HDRI;C:\Program Files\Microsoft SDKs\Azure\CLI2\wbin;C:\ProgramData\kind;C:\ProgramData\Chocolatey\bin;C:\Windows\system32;C:\Windows;C:\Windows\System32\Wbem;C:\Windows\System32\WindowsPowerShell\v1.0\;C:\Windows\System32\OpenSSH\;C:\Program Files\PowerShell\7\;C:\Program Files\Microsoft\Web Platform Installer\;C:\Program Files\Microsoft SQL Server\170\Tools\Binn\;C:\Program Files\Microsoft SQL Server\Client SDK\ODBC\170\Tools\Binn\;C:\Program Files\dotnet\;C:\Program Files (x86)\Windows Kits\10\Windows Performance Toolkit\;C:\Program Files (x86)\WiX Toolset v3.14\bin;C:\Program Files\Microsoft SQL Server\130\DTS\Binn\;C:\Program Files\Microsoft SQL Server\140\DTS\Binn\;C:\Program Files\Microsoft SQL Server\150\DTS\Binn\;C:\Program Files\Microsoft SQL Server\160\DTS\Binn\;C:\Program Files\Microsoft SQL Server\170\DTS\Binn\;C:\ProgramData\chocolatey\lib\pulumi\tools\Pulumi\bin;C:\Program Files\CMake\bin;C:\Strawberry\c\bin;C:\Strawberry\perl\site\bin;C:\Strawberry\perl\bin;C:\ProgramData\chocolatey\lib\maven\apache-maven-3.9.16\bin;C:\Program Files\Microsoft Service Fabric\bin\Fabric\Fabric.Code;C:\Program Files\Microsoft SDKs\Service Fabric\Tools\ServiceFabricLocalClusterManager;C:\Program Files\nodejs\;C:\Program Files\Git\cmd;C:\Program Files\Git\mingw64\bin;C:\Program Files\Git\usr\bin;C:\Program Files\GitHub CLI\;c:\tools\php;C:\Program Files\Amazon\AWSCLIV2\;C:\Program Files\Amazon\SessionManagerPlugin\bin\;C:\Program Files\Amazon\AWSSAMCLI\bin\;C:\Program Files\Microsoft SQL Server\130\Tools\Binn\;C:\Program Files\mongosh\;C:\Program Files\LLVM\bin;C:\Program Files (x86)\LLVM\bin;C:\Users\runneradmin\.dotnet\tools;C:\Users\runneradmin\.cargo\bin;C:\Users\runneradmin\AppData\Local\Microsoft\WindowsApps;C:\Program Files (x86)\Microsoft Visual Studio\Installer;C:\Program Files\Microsoft Visual Studio\18\Enterprise\VC\Tools\Llvm\x64\bin;C:\Program Files\Microsoft Visual Studio\18\Enterprise\Common7\IDE\CommonExtensions\Microsoft\CMake\CMake\bin;C:\Program Files\Microsoft Visual Studio\18\Enterprise\Common7\IDE\CommonExtensions\Microsoft\CMake\Ninja;C:\Program Files\Microsoft Visual Studio\18\Enterprise\Common7\IDE\VC\Linux\bin\ConnectionManagerExe;C:\Program Files\Microsoft Visual Studio\18\Enterprise\VC\vcpkg
2026-09-15T22:00:35.5893627Z   Platform: x64
2026-09-15T22:00:35.5893825Z   UCRTVersion: 10.0.26100.0
2026-09-15T22:00:35.5894650Z   UniversalCRTSdkDir: C:\Program Files (x86)\Windows Kits\10\
2026-09-15T22:00:35.5895005Z   use_x64_llvm: true
2026-09-15T22:00:35.5895360Z   VCIDEInstallDir: C:\Program Files\Microsoft Visual Studio\18\Enterprise\Common7\IDE\VC\
2026-09-15T22:00:35.5895889Z   VCINSTALLDIR: C:\Program Files\Microsoft Visual Studio\18\Enterprise\VC\
2026-09-15T22:00:35.5896359Z   VCPKG_ROOT: C:\Program Files\Microsoft Visual Studio\18\Enterprise\VC\vcpkg
2026-09-15T22:00:35.5896928Z   VCToolsInstallDir: C:\Program Files\Microsoft Visual Studio\18\Enterprise\VC\Tools\MSVC\14.44.35207\
2026-09-15T22:00:35.5897580Z   VCToolsRedistDir: C:\Program Files\Microsoft Visual Studio\18\Enterprise\VC\Redist\MSVC\14.51.36231\
2026-09-15T22:00:35.5898038Z   VCToolsVersion: 14.44.35207
2026-09-15T22:00:35.5898271Z   VisualStudioVersion: 18.0
2026-09-15T22:00:35.5898642Z   VS180COMNTOOLS: C:\Program Files\Microsoft Visual Studio\18\Enterprise\Common7\Tools\
2026-09-15T22:00:35.5899074Z   VSCMD_ARG_app_plat: Desktop
2026-09-15T22:00:35.5899307Z   VSCMD_ARG_HOST_ARCH: x64
2026-09-15T22:00:35.5899526Z   VSCMD_ARG_TGT_ARCH: x64
2026-09-15T22:00:35.5899734Z   VSCMD_ARG_VCVARS_VER: 14.44
2026-09-15T22:00:35.5899947Z   VSCMD_VER: 18.9.2
2026-09-15T22:00:35.5900250Z   VSINSTALLDIR: C:\Program Files\Microsoft Visual Studio\18\Enterprise\
2026-09-15T22:00:35.5900747Z   VSSDK150INSTALL: C:\Program Files\Microsoft Visual Studio\18\Enterprise\VSSDK
2026-09-15T22:00:35.5901266Z   VSSDKINSTALL: C:\Program Files\Microsoft Visual Studio\18\Enterprise\VSSDK
2026-09-15T22:00:35.5901957Z   WindowsLibPath: C:\Program Files (x86)\Windows Kits\10\UnionMetadata\10.0.26100.0;C:\Program Files (x86)\Windows Kits\10\References\10.0.26100.0
2026-09-15T22:00:35.5902609Z   WindowsSdkBinPath: C:\Program Files (x86)\Windows Kits\10\bin\
2026-09-15T22:00:35.5902997Z   WindowsSdkDir: C:\Program Files (x86)\Windows Kits\10\
2026-09-15T22:00:35.5903316Z   WindowsSDKLibVersion: 10.0.26100.0\
2026-09-15T22:00:35.5903692Z   WindowsSdkVerBinPath: C:\Program Files (x86)\Windows Kits\10\bin\10.0.26100.0\
2026-09-15T22:00:35.5904080Z   WindowsSDKVersion: 10.0.26100.0\
2026-09-15T22:00:35.5904531Z   WindowsSDK_ExecutablePath_x64: C:\Program Files (x86)\Microsoft SDKs\Windows\v10.0A\bin\NETFX 4.8.1 Tools\x64\
2026-09-15T22:00:35.5905211Z   WindowsSDK_ExecutablePath_x86: C:\Program Files (x86)\Microsoft SDKs\Windows\v10.0A\bin\NETFX 4.8.1 Tools\
2026-09-15T22:00:35.5906202Z   __DOTNET_ADD_64BIT: 1
2026-09-15T22:00:35.5906423Z   __DOTNET_PREFERRED_BITNESS: 64
2026-09-15T22:00:35.5915640Z   __VSCMD_PREINIT_PATH: C:\Program Files\MongoDB\Server\7.0\bin;C:\vcpkg;C:\tools\zstd;C:\hostedtoolcache\windows\stack\3.11.1\x64;C:\cabal\bin;C:\\ghcup\bin;C:\mingw64\bin;C:\Program Files\dotnet;C:\Program Files\MySQL\MySQL Server 8.0\bin;C:\Program Files\R\R-4.6.1\bin\x64;C:\SeleniumWebDrivers\GeckoDriver;C:\SeleniumWebDrivers\EdgeDriver\;C:\SeleniumWebDrivers\ChromeDriver;C:\Program Files (x86)\sbt\bin;C:\Program Files (x86)\GitHub CLI;C:\Program Files\Git\bin;C:\Program Files (x86)\pipx_bin;C:\npm\prefix;C:\hostedtoolcache\windows\go\1.24.13\x64\bin;C:\hostedtoolcache\windows\Python\3.12.10\x64\Scripts;C:\hostedtoolcache\windows\Python\3.12.10\x64;C:\hostedtoolcache\windows\Ruby\3.3.12\x64\bin;C:\Program Files\OpenSSL\bin;C:\tools\kotlinc\bin;C:\hostedtoolcache\windows\Java_Temurin-Hotspot_jdk\17.0.20-101\x64\bin;C:\Program Files\ImageMagick-7.1.2-Q16-HDRI;C:\Program Files\Microsoft SDKs\Azure\CLI2\wbin;C:\ProgramData\kind;C:\ProgramData\Chocolatey\bin;C:\Windows\system32;C:\Windows;C:\Windows\System32\Wbem;C:\Windows\System32\WindowsPowerShell\v1.0\;C:\Windows\System32\OpenSSH\;C:\Program Files\PowerShell\7\;C:\Program Files\Microsoft\Web Platform Installer\;C:\Program Files\Microsoft SQL Server\170\Tools\Binn\;C:\Program Files\Microsoft SQL Server\Client SDK\ODBC\170\Tools\Binn\;C:\Program Files\dotnet\;C:\Program Files (x86)\Windows Kits\10\Windows Performance Toolkit\;C:\Program Files (x86)\WiX Toolset v3.14\bin;C:\Program Files\Microsoft SQL Server\130\DTS\Binn\;C:\Program Files\Microsoft SQL Server\140\DTS\Binn\;C:\Program Files\Microsoft SQL Server\150\DTS\Binn\;C:\Program Files\Microsoft SQL Server\160\DTS\Binn\;C:\Program Files\Microsoft SQL Server\170\DTS\Binn\;C:\ProgramData\chocolatey\lib\pulumi\tools\Pulumi\bin;C:\Program Files\CMake\bin;C:\Strawberry\c\bin;C:\Strawberry\perl\site\bin;C:\Strawberry\perl\bin;C:\ProgramData\chocolatey\lib\maven\apache-maven-3.9.16\bin;C:\Program Files\Microsoft Service Fabric\bin\Fabric\Fabric.Code;C:\Program Files\Microsoft SDKs\Service Fabric\Tools\ServiceFabricLocalClusterManager;C:\Program Files\nodejs\;C:\Program Files\Git\cmd;C:\Program Files\Git\mingw64\bin;C:\Program Files\Git\usr\bin;C:\Program Files\GitHub CLI\;c:\tools\php;C:\Program Files (x86)\sbt\bin;C:\Program Files\Amazon\AWSCLIV2\;C:\Program Files\Amazon\SessionManagerPlugin\bin\;C:\Program Files\Amazon\AWSSAMCLI\bin\;C:\Program Files\Microsoft SQL Server\130\Tools\Binn\;C:\Program Files\mongosh\;C:\Program Files\LLVM\bin;C:\Program Files (x86)\LLVM\bin;C:\Users\runneradmin\.dotnet\tools;C:\Users\runneradmin\.cargo\bin;C:\Users\runneradmin\AppData\Local\Microsoft\WindowsApps;C:\Program Files (x86)\Microsoft Visual Studio\Installer
2026-09-15T22:00:35.5924539Z ##[endgroup]
2026-09-15T22:00:35.7606687Z ##[group]Installed versions
2026-09-15T22:00:35.7938975Z Successfully set up CPython (3.12.10)
2026-09-15T22:00:35.7940048Z ##[endgroup]
2026-09-15T22:00:35.8254582Z ##[group]Run cmake -S . -G Ninja -B "D:\a\_temp/qualification" \
2026-09-15T22:00:35.8255158Z [36;1mcmake -S . -G Ninja -B "D:\a\_temp/qualification" \[0m
2026-09-15T22:00:35.8255526Z [36;1m  -DCMAKE_BUILD_TYPE=Release \[0m
2026-09-15T22:00:35.8255806Z [36;1m  -DCREXX_QA_CTEST_JOBS=2 \[0m
2026-09-15T22:00:35.8256083Z [36;1m  -DCREXX_BUILD_CHANNEL=nightly \[0m
2026-09-15T22:00:35.8256471Z [36;1m  -DCREXX_BUILD_COMMIT="b4d10adfb7263313f331d12239ac07352c8bc491" \[0m
2026-09-15T22:00:35.8256928Z [36;1m  -DCREXX_ALLOW_NETWORK_DOWNLOADS=ON -DENABLE_LLAMA=OFF \[0m
2026-09-15T22:00:35.8257393Z [36;1m  -DCMAKE_C_COMPILER=cl -DCMAKE_CXX_COMPILER=cl -DENABLE_PARSER_MODE=OFF[0m
2026-09-15T22:00:35.8281279Z shell: C:\Program Files\Git\bin\bash.EXE --noprofile --norc -e -o pipefail {0}
2026-09-15T22:00:35.8281689Z env:
2026-09-15T22:00:35.8281883Z   CommandPromptType: Native
2026-09-15T22:00:35.8282314Z   DevEnvDir: C:\Program Files\Microsoft Visual Studio\18\Enterprise\Common7\IDE\
2026-09-15T22:00:35.8283093Z   ExtensionSdkDir: C:\Program Files (x86)\Microsoft SDKs\Windows Kits\10\ExtensionSDKs
2026-09-15T22:00:35.8285158Z   EXTERNAL_INCLUDE: C:\Program Files\Microsoft Visual Studio\18\Enterprise\VC\Tools\MSVC\14.44.35207\include;C:\Program Files\Microsoft Visual Studio\18\Enterprise\VC\Auxiliary\VS\include;C:\Program Files (x86)\Windows Kits\10\include\10.0.26100.0\ucrt;C:\Program Files (x86)\Windows Kits\10\\include\10.0.26100.0\\um;C:\Program Files (x86)\Windows Kits\10\\include\10.0.26100.0\\shared;C:\Program Files (x86)\Windows Kits\10\\include\10.0.26100.0\\winrt;C:\Program Files (x86)\Windows Kits\10\\include\10.0.26100.0\\cppwinrt;C:\Program Files (x86)\Windows Kits\NETFXSDK\4.8.1\include\um
2026-09-15T22:00:35.8287088Z   Framework40Version: v4.0
2026-09-15T22:00:35.8287358Z   FrameworkDir: C:\Windows\Microsoft.NET\Framework64\
2026-09-15T22:00:35.8287699Z   FrameworkDir64: C:\Windows\Microsoft.NET\Framework64\
2026-09-15T22:00:35.8288006Z   FrameworkVersion: v4.0.30319
2026-09-15T22:00:35.8288245Z   FrameworkVersion64: v4.0.30319
2026-09-15T22:00:35.8288779Z   FSHARPINSTALLDIR: C:\Program Files\Microsoft Visual Studio\18\Enterprise\Common7\IDE\CommonExtensions\Microsoft\FSharp\Tools
2026-09-15T22:00:35.8289375Z   HTMLHelpDir: C:\Program Files (x86)\HTML Help Workshop
2026-09-15T22:00:35.8291745Z   INCLUDE: C:\Program Files\Microsoft Visual Studio\18\Enterprise\VC\Tools\MSVC\14.44.35207\include;C:\Program Files\Microsoft Visual Studio\18\Enterprise\VC\Auxiliary\VS\include;C:\Program Files (x86)\Windows Kits\10\include\10.0.26100.0\ucrt;C:\Program Files (x86)\Windows Kits\10\\include\10.0.26100.0\\um;C:\Program Files (x86)\Windows Kits\10\\include\10.0.26100.0\\shared;C:\Program Files (x86)\Windows Kits\10\\include\10.0.26100.0\\winrt;C:\Program Files (x86)\Windows Kits\10\\include\10.0.26100.0\\cppwinrt;C:\Program Files (x86)\Windows Kits\NETFXSDK\4.8.1\include\um
2026-09-15T22:00:35.8294340Z   LIB: C:\Program Files\Microsoft Visual Studio\18\Enterprise\VC\Tools\MSVC\14.44.35207\lib\x64;C:\Program Files (x86)\Windows Kits\NETFXSDK\4.8.1\lib\um\x64;C:\Program Files (x86)\Windows Kits\10\lib\10.0.26100.0\ucrt\x64;C:\Program Files (x86)\Windows Kits\10\\lib\10.0.26100.0\\um\x64
2026-09-15T22:00:35.8296364Z   LIBPATH: C:\Program Files\Microsoft Visual Studio\18\Enterprise\VC\Tools\MSVC\14.44.35207\lib\x64;C:\Program Files\Microsoft Visual Studio\18\Enterprise\VC\Tools\MSVC\14.44.35207\lib\x86\store\references;C:\Program Files (x86)\Windows Kits\10\UnionMetadata\10.0.26100.0;C:\Program Files (x86)\Windows Kits\10\References\10.0.26100.0;C:\Windows\Microsoft.NET\Framework64\v4.0.30319
2026-09-15T22:00:35.8297812Z   llvmArm64: C:\Program Files\Microsoft Visual Studio\18\Enterprise\VC\Tools\Llvm\ARM64\bin
2026-09-15T22:00:35.8298367Z   llvmX64: C:\Program Files\Microsoft Visual Studio\18\Enterprise\VC\Tools\Llvm\x64\bin
2026-09-15T22:00:35.8298869Z   NETFXSDKDir: C:\Program Files (x86)\Windows Kits\NETFXSDK\4.8.1\
2026-09-15T22:00:35.8315630Z   Path: C:\Program Files\Microsoft Visual Studio\18\Enterprise\VC\Tools\MSVC\14.44.35207\bin\HostX64\x64;C:\Program Files\Microsoft Visual Studio\18\Enterprise\Common7\IDE\VC\VCPackages;C:\Program Files\Microsoft Visual Studio\18\Enterprise\Common7\IDE\CommonExtensions\Microsoft\TestWindow;C:\Program Files\Microsoft Visual Studio\18\Enterprise\Common7\IDE\CommonExtensions\Microsoft\TeamFoundation\Team Explorer;C:\Program Files\Microsoft Visual Studio\18\Enterprise\MSBuild\Current\bin\Roslyn;C:\Program Files (x86)\Microsoft SDKs\Windows\v10.0A\bin\NETFX 4.8.1 Tools\x64\;C:\Program Files (x86)\HTML Help Workshop;C:\Program Files\Microsoft Visual Studio\18\Enterprise\Common7\IDE\CommonExtensions\Microsoft\FSharp\Tools;C:\Program Files\Microsoft Visual Studio\18\Enterprise\Team Tools\DiagnosticsHub\Collector;C:\Program Files\Microsoft Visual Studio\18\Enterprise\Common7\IDE\Extensions\Microsoft\CodeCoverage.Console;C:\Program Files (x86)\Windows Kits\10\bin\10.0.26100.0\\x64;C:\Program Files (x86)\Windows Kits\10\bin\\x64;C:\Program Files\Microsoft Visual Studio\18\Enterprise\\MSBuild\Current\Bin\amd64;C:\Windows\Microsoft.NET\Framework64\v4.0.30319;C:\Program Files\Microsoft Visual Studio\18\Enterprise\Common7\IDE\;C:\Program Files\Microsoft Visual Studio\18\Enterprise\Common7\Tools\;C:\Program Files\MongoDB\Server\7.0\bin;C:\vcpkg;C:\tools\zstd;C:\hostedtoolcache\windows\stack\3.11.1\x64;C:\cabal\bin;C:\\ghcup\bin;C:\mingw64\bin;C:\Program Files\dotnet;C:\Program Files\MySQL\MySQL Server 8.0\bin;C:\Program Files\R\R-4.6.1\bin\x64;C:\SeleniumWebDrivers\GeckoDriver;C:\SeleniumWebDrivers\EdgeDriver\;C:\SeleniumWebDrivers\ChromeDriver;C:\Program Files (x86)\sbt\bin;C:\Program Files (x86)\GitHub CLI;C:\Program Files\Git\bin;C:\Program Files (x86)\pipx_bin;C:\npm\prefix;C:\hostedtoolcache\windows\go\1.24.13\x64\bin;C:\hostedtoolcache\windows\Python\3.12.10\x64\Scripts;C:\hostedtoolcache\windows\Python\3.12.10\x64;C:\hostedtoolcache\windows\Ruby\3.3.12\x64\bin;C:\Program Files\OpenSSL\bin;C:\tools\kotlinc\bin;C:\hostedtoolcache\windows\Java_Temurin-Hotspot_jdk\17.0.20-101\x64\bin;C:\Program Files\ImageMagick-7.1.2-Q16-HDRI;C:\Program Files\Microsoft SDKs\Azure\CLI2\wbin;C:\ProgramData\kind;C:\ProgramData\Chocolatey\bin;C:\Windows\system32;C:\Windows;C:\Windows\System32\Wbem;C:\Windows\System32\WindowsPowerShell\v1.0\;C:\Windows\System32\OpenSSH\;C:\Program Files\PowerShell\7\;C:\Program Files\Microsoft\Web Platform Installer\;C:\Program Files\Microsoft SQL Server\170\Tools\Binn\;C:\Program Files\Microsoft SQL Server\Client SDK\ODBC\170\Tools\Binn\;C:\Program Files\dotnet\;C:\Program Files (x86)\Windows Kits\10\Windows Performance Toolkit\;C:\Program Files (x86)\WiX Toolset v3.14\bin;C:\Program Files\Microsoft SQL Server\130\DTS\Binn\;C:\Program Files\Microsoft SQL Server\140\DTS\Binn\;C:\Program Files\Microsoft SQL Server\150\DTS\Binn\;C:\Program Files\Microsoft SQL Server\160\DTS\Binn\;C:\Program Files\Microsoft SQL Server\170\DTS\Binn\;C:\ProgramData\chocolatey\lib\pulumi\tools\Pulumi\bin;C:\Program Files\CMake\bin;C:\Strawberry\c\bin;C:\Strawberry\perl\site\bin;C:\Strawberry\perl\bin;C:\ProgramData\chocolatey\lib\maven\apache-maven-3.9.16\bin;C:\Program Files\Microsoft Service Fabric\bin\Fabric\Fabric.Code;C:\Program Files\Microsoft SDKs\Service Fabric\Tools\ServiceFabricLocalClusterManager;C:\Program Files\nodejs\;C:\Program Files\Git\cmd;C:\Program Files\Git\mingw64\bin;C:\Program Files\Git\usr\bin;C:\Program Files\GitHub CLI\;c:\tools\php;C:\Program Files\Amazon\AWSCLIV2\;C:\Program Files\Amazon\SessionManagerPlugin\bin\;C:\Program Files\Amazon\AWSSAMCLI\bin\;C:\Program Files\Microsoft SQL Server\130\Tools\Binn\;C:\Program Files\mongosh\;C:\Program Files\LLVM\bin;C:\Program Files (x86)\LLVM\bin;C:\Users\runneradmin\.dotnet\tools;C:\Users\runneradmin\.cargo\bin;C:\Users\runneradmin\AppData\Local\Microsoft\WindowsApps;C:\Program Files (x86)\Microsoft Visual Studio\Installer;C:\Program Files\Microsoft Visual Studio\18\Enterprise\VC\Tools\Llvm\x64\bin;C:\Program Files\Microsoft Visual Studio\18\Enterprise\Common7\IDE\CommonExtensions\Microsoft\CMake\CMake\bin;C:\Program Files\Microsoft Visual Studio\18\Enterprise\Common7\IDE\CommonExtensions\Microsoft\CMake\Ninja;C:\Program Files\Microsoft Visual Studio\18\Enterprise\Common7\IDE\VC\Linux\bin\ConnectionManagerExe;C:\Program Files\Microsoft Visual Studio\18\Enterprise\VC\vcpkg
2026-09-15T22:00:35.8330340Z   Platform: x64
2026-09-15T22:00:35.8330719Z   UCRTVersion: 10.0.26100.0
2026-09-15T22:00:35.8331093Z   UniversalCRTSdkDir: C:\Program Files (x86)\Windows Kits\10\
2026-09-15T22:00:35.8331417Z   use_x64_llvm: true
2026-09-15T22:00:35.8331954Z   VCIDEInstallDir: C:\Program Files\Microsoft Visual Studio\18\Enterprise\Common7\IDE\VC\
2026-09-15T22:00:35.8332484Z   VCINSTALLDIR: C:\Program Files\Microsoft Visual Studio\18\Enterprise\VC\
2026-09-15T22:00:35.8332953Z   VCPKG_ROOT: C:\Program Files\Microsoft Visual Studio\18\Enterprise\VC\vcpkg
2026-09-15T22:00:35.8333522Z   VCToolsInstallDir: C:\Program Files\Microsoft Visual Studio\18\Enterprise\VC\Tools\MSVC\14.44.35207\
2026-09-15T22:00:35.8334307Z   VCToolsRedistDir: C:\Program Files\Microsoft Visual Studio\18\Enterprise\VC\Redist\MSVC\14.51.36231\
2026-09-15T22:00:35.8334773Z   VCToolsVersion: 14.44.35207
2026-09-15T22:00:35.8335011Z   VisualStudioVersion: 18.0
2026-09-15T22:00:35.8335379Z   VS180COMNTOOLS: C:\Program Files\Microsoft Visual Studio\18\Enterprise\Common7\Tools\
2026-09-15T22:00:35.8335792Z   VSCMD_ARG_app_plat: Desktop
2026-09-15T22:00:35.8336025Z   VSCMD_ARG_HOST_ARCH: x64
2026-09-15T22:00:35.8336238Z   VSCMD_ARG_TGT_ARCH: x64
2026-09-15T22:00:35.8336458Z   VSCMD_ARG_VCVARS_VER: 14.44
2026-09-15T22:00:35.8336668Z   VSCMD_VER: 18.9.2
2026-09-15T22:00:35.8336959Z   VSINSTALLDIR: C:\Program Files\Microsoft Visual Studio\18\Enterprise\
2026-09-15T22:00:35.8337440Z   VSSDK150INSTALL: C:\Program Files\Microsoft Visual Studio\18\Enterprise\VSSDK
2026-09-15T22:00:35.8337936Z   VSSDKINSTALL: C:\Program Files\Microsoft Visual Studio\18\Enterprise\VSSDK
2026-09-15T22:00:35.8338633Z   WindowsLibPath: C:\Program Files (x86)\Windows Kits\10\UnionMetadata\10.0.26100.0;C:\Program Files (x86)\Windows Kits\10\References\10.0.26100.0
2026-09-15T22:00:35.8339291Z   WindowsSdkBinPath: C:\Program Files (x86)\Windows Kits\10\bin\
2026-09-15T22:00:35.8339674Z   WindowsSdkDir: C:\Program Files (x86)\Windows Kits\10\
2026-09-15T22:00:35.8339981Z   WindowsSDKLibVersion: 10.0.26100.0\
2026-09-15T22:00:35.8340347Z   WindowsSdkVerBinPath: C:\Program Files (x86)\Windows Kits\10\bin\10.0.26100.0\
2026-09-15T22:00:35.8340731Z   WindowsSDKVersion: 10.0.26100.0\
2026-09-15T22:00:35.8341188Z   WindowsSDK_ExecutablePath_x64: C:\Program Files (x86)\Microsoft SDKs\Windows\v10.0A\bin\NETFX 4.8.1 Tools\x64\
2026-09-15T22:00:35.8341868Z   WindowsSDK_ExecutablePath_x86: C:\Program Files (x86)\Microsoft SDKs\Windows\v10.0A\bin\NETFX 4.8.1 Tools\
2026-09-15T22:00:35.8342329Z   __DOTNET_ADD_64BIT: 1
2026-09-15T22:00:35.8342542Z   __DOTNET_PREFERRED_BITNESS: 64
2026-09-15T22:00:35.8351515Z   __VSCMD_PREINIT_PATH: C:\Program Files\MongoDB\Server\7.0\bin;C:\vcpkg;C:\tools\zstd;C:\hostedtoolcache\windows\stack\3.11.1\x64;C:\cabal\bin;C:\\ghcup\bin;C:\mingw64\bin;C:\Program Files\dotnet;C:\Program Files\MySQL\MySQL Server 8.0\bin;C:\Program Files\R\R-4.6.1\bin\x64;C:\SeleniumWebDrivers\GeckoDriver;C:\SeleniumWebDrivers\EdgeDriver\;C:\SeleniumWebDrivers\ChromeDriver;C:\Program Files (x86)\sbt\bin;C:\Program Files (x86)\GitHub CLI;C:\Program Files\Git\bin;C:\Program Files (x86)\pipx_bin;C:\npm\prefix;C:\hostedtoolcache\windows\go\1.24.13\x64\bin;C:\hostedtoolcache\windows\Python\3.12.10\x64\Scripts;C:\hostedtoolcache\windows\Python\3.12.10\x64;C:\hostedtoolcache\windows\Ruby\3.3.12\x64\bin;C:\Program Files\OpenSSL\bin;C:\tools\kotlinc\bin;C:\hostedtoolcache\windows\Java_Temurin-Hotspot_jdk\17.0.20-101\x64\bin;C:\Program Files\ImageMagick-7.1.2-Q16-HDRI;C:\Program Files\Microsoft SDKs\Azure\CLI2\wbin;C:\ProgramData\kind;C:\ProgramData\Chocolatey\bin;C:\Windows\system32;C:\Windows;C:\Windows\System32\Wbem;C:\Windows\System32\WindowsPowerShell\v1.0\;C:\Windows\System32\OpenSSH\;C:\Program Files\PowerShell\7\;C:\Program Files\Microsoft\Web Platform Installer\;C:\Program Files\Microsoft SQL Server\170\Tools\Binn\;C:\Program Files\Microsoft SQL Server\Client SDK\ODBC\170\Tools\Binn\;C:\Program Files\dotnet\;C:\Program Files (x86)\Windows Kits\10\Windows Performance Toolkit\;C:\Program Files (x86)\WiX Toolset v3.14\bin;C:\Program Files\Microsoft SQL Server\130\DTS\Binn\;C:\Program Files\Microsoft SQL Server\140\DTS\Binn\;C:\Program Files\Microsoft SQL Server\150\DTS\Binn\;C:\Program Files\Microsoft SQL Server\160\DTS\Binn\;C:\Program Files\Microsoft SQL Server\170\DTS\Binn\;C:\ProgramData\chocolatey\lib\pulumi\tools\Pulumi\bin;C:\Program Files\CMake\bin;C:\Strawberry\c\bin;C:\Strawberry\perl\site\bin;C:\Strawberry\perl\bin;C:\ProgramData\chocolatey\lib\maven\apache-maven-3.9.16\bin;C:\Program Files\Microsoft Service Fabric\bin\Fabric\Fabric.Code;C:\Program Files\Microsoft SDKs\Service Fabric\Tools\ServiceFabricLocalClusterManager;C:\Program Files\nodejs\;C:\Program Files\Git\cmd;C:\Program Files\Git\mingw64\bin;C:\Program Files\Git\usr\bin;C:\Program Files\GitHub CLI\;c:\tools\php;C:\Program Files (x86)\sbt\bin;C:\Program Files\Amazon\AWSCLIV2\;C:\Program Files\Amazon\SessionManagerPlugin\bin\;C:\Program Files\Amazon\AWSSAMCLI\bin\;C:\Program Files\Microsoft SQL Server\130\Tools\Binn\;C:\Program Files\mongosh\;C:\Program Files\LLVM\bin;C:\Program Files (x86)\LLVM\bin;C:\Users\runneradmin\.dotnet\tools;C:\Users\runneradmin\.cargo\bin;C:\Users\runneradmin\AppData\Local\Microsoft\WindowsApps;C:\Program Files (x86)\Microsoft Visual Studio\Installer
2026-09-15T22:00:35.8360766Z   pythonLocation: C:\hostedtoolcache\windows\Python\3.12.10\x64
2026-09-15T22:00:35.8361229Z   PKG_CONFIG_PATH: C:\hostedtoolcache\windows\Python\3.12.10\x64/lib/pkgconfig
2026-09-15T22:00:35.8361681Z   Python_ROOT_DIR: C:\hostedtoolcache\windows\Python\3.12.10\x64
2026-09-15T22:00:35.8362077Z   Python2_ROOT_DIR: C:\hostedtoolcache\windows\Python\3.12.10\x64
2026-09-15T22:00:35.8362468Z   Python3_ROOT_DIR: C:\hostedtoolcache\windows\Python\3.12.10\x64
2026-09-15T22:00:35.8362784Z ##[endgroup]
2026-09-15T22:00:41.1770422Z -- The C compiler identification is MSVC 19.44.35228.0
2026-09-15T22:00:41.9879776Z -- The CXX compiler identification is MSVC 19.44.35228.0
2026-09-15T22:00:42.1155524Z -- Detecting C compiler ABI info
2026-09-15T22:00:43.8722625Z -- Detecting C compiler ABI info - done
2026-09-15T22:00:43.8965985Z -- Check for working C compiler: C:/Program Files/Microsoft Visual Studio/18/Enterprise/VC/Tools/MSVC/14.44.35207/bin/HostX64/x64/cl.exe - skipped
2026-09-15T22:00:43.8981178Z -- Detecting C compile features
2026-09-15T22:00:43.8994731Z -- Detecting C compile features - done
2026-09-15T22:00:43.9747846Z -- Detecting CXX compiler ABI info
2026-09-15T22:00:44.4979525Z -- Detecting CXX compiler ABI info - done
2026-09-15T22:00:44.5153848Z -- Check for working CXX compiler: C:/Program Files/Microsoft Visual Studio/18/Enterprise/VC/Tools/MSVC/14.44.35207/bin/HostX64/x64/cl.exe - skipped
2026-09-15T22:00:44.5159307Z -- Detecting CXX compile features
2026-09-15T22:00:44.5176225Z -- Detecting CXX compile features - done
2026-09-15T22:00:44.5572277Z -- CMake Version: 4.4.3
2026-09-15T22:00:44.5572864Z -- CREXX Version: crexx-1.0.0-beta.3+nightly.gb4d10adfb726
2026-09-15T22:00:44.5573370Z -- CREXX Build Channel: nightly
2026-09-15T22:00:44.5573709Z -- CREXX Build Timestamp: 20260915T220036Z
2026-09-15T22:00:44.5574067Z -- CREXX Build Commit: b4d10adfb726
2026-09-15T22:00:44.5574399Z -- CMake Generator: Ninja
2026-09-15T22:00:44.5576649Z -- cREXX build resources: profile=portable, vm-compile=2, native-link=2, backend=Ninja pools
2026-09-15T22:00:44.7449364Z -- Performing Test cxxflag__W3
2026-09-15T22:00:45.2375149Z -- Performing Test cxxflag__W3 - Success
2026-09-15T22:00:45.2389611Z -- Performing Test cxxflag__EHsc
2026-09-15T22:00:45.9177932Z -- Performing Test cxxflag__EHsc - Success
2026-09-15T22:00:45.9181076Z -- C compiler flags: /DWIN32 /D_WINDOWS
2026-09-15T22:00:45.9182003Z -- C++ compiler flags: /DWIN32 /D_WINDOWS /EHsc  /W3 /wd4068 -D_CRT_SECURE_NO_WARNINGS /EHsc
2026-09-15T22:00:45.9182505Z -- Linker flags for executables: /machine:x64
2026-09-15T22:00:45.9182811Z -- Linker flags for shared libs: /machine:x64
2026-09-15T22:00:45.9183109Z -- Release C compiler flags: /O2 /Ob2 /DNDEBUG
2026-09-15T22:00:45.9183415Z -- Release C++ compiler flags: /O2 /Ob2 /DNDEBUG
2026-09-15T22:00:45.9183748Z -- Release linker flags for executables: /INCREMENTAL:NO
2026-09-15T22:00:45.9184101Z -- Release linker flags for shared libs: /INCREMENTAL:NO
2026-09-15T22:00:45.9255667Z -- Looking for sys/types.h
2026-09-15T22:00:46.5606758Z -- Looking for sys/types.h - found
2026-09-15T22:00:46.5609661Z -- Looking for sys/stat.h
2026-09-15T22:00:47.0658897Z -- Looking for sys/stat.h - found
2026-09-15T22:00:47.0660992Z -- Looking for fcntl.h
2026-09-15T22:00:47.5450380Z -- Looking for fcntl.h - found
2026-09-15T22:00:47.5452400Z -- Looking for unistd.h
2026-09-15T22:00:48.0685527Z -- Looking for unistd.h - not found
2026-09-15T22:00:48.0687421Z -- Looking for io.h
2026-09-15T22:00:48.5739399Z -- Looking for io.h - found
2026-09-15T22:00:48.5754963Z -- Writing config.h
2026-09-15T22:00:48.6238266Z -- Performing Test CMAKE_HAVE_LIBC_PTHREAD
2026-09-15T22:00:48.8773542Z -- Performing Test CMAKE_HAVE_LIBC_PTHREAD - Failed
2026-09-15T22:00:48.8774198Z -- Looking for pthread_create in pthreads
2026-09-15T22:00:49.2120974Z -- Looking for pthread_create in pthreads - not found
2026-09-15T22:00:49.2121964Z -- Looking for pthread_create in pthread
2026-09-15T22:00:49.5234442Z -- Looking for pthread_create in pthread - not found
2026-09-15T22:00:49.5461874Z -- Found Threads: TRUE
2026-09-15T22:00:49.6627713Z -- Smoke test 'rxc_help_syntaxhighlight' is not present in this configuration; skipping
2026-09-15T22:00:49.6630458Z -- Smoke test 'syntaxhighlight_trace_keywords' is not present in this configuration; skipping
2026-09-15T22:00:49.6631993Z -- Smoke test 'source_semantics' is not present in this configuration; skipping
2026-09-15T22:00:49.8332294Z -- cREXX VM handler panel: profile-20
2026-09-15T22:00:49.8418725Z -- cREXX VM core socket TLS backend: SCHANNEL
2026-09-15T22:00:49.8421580Z -- cREXX product VM: rxvm -> rxbvm (MSVC)
2026-09-15T22:00:49.9073929Z -- Smoke test 'rxpp_sh_tokens' is not present in this configuration; skipping
2026-09-15T22:00:50.2408144Z -- Legacy OpenSSL socket plugin is disabled; use VM core sockets/rxsocket instead.
2026-09-15T22:00:50.2467146Z -- GTK Gui support is disabled, skipping subdirectory.
2026-09-15T22:00:50.2491278Z -- ODBC support is disabled; building the mock-driver qualification target only.
2026-09-15T22:00:50.6140008Z -- Skipping INT_SIGNAL native signal test on Windows
2026-09-15T22:00:50.6140773Z -- Smoke test 'INT' is not present in this configuration; skipping
2026-09-15T22:00:50.8771118Z -- Configuring done (14.2s)
2026-09-15T22:00:52.7588672Z -- Generating done (1.9s)
2026-09-15T22:00:52.7606077Z -- Build files have been written to: D:/a/_temp/qualification
2026-09-15T22:00:52.8781377Z ##[group]Run cmake --build "D:\a\_temp/qualification" \
2026-09-15T22:00:52.8781865Z [36;1mcmake --build "D:\a\_temp/qualification" \[0m
2026-09-15T22:00:52.8782200Z [36;1m  --target qa-comprehensive \[0m
2026-09-15T22:00:52.8782479Z [36;1m  --parallel 2[0m
2026-09-15T22:00:52.8799457Z shell: C:\Program Files\Git\bin\bash.EXE --noprofile --norc -e -o pipefail {0}
2026-09-15T22:00:52.8799849Z env:
2026-09-15T22:00:52.8800043Z   CommandPromptType: Native
2026-09-15T22:00:52.8800415Z   DevEnvDir: C:\Program Files\Microsoft Visual Studio\18\Enterprise\Common7\IDE\
2026-09-15T22:00:52.8800948Z   ExtensionSdkDir: C:\Program Files (x86)\Microsoft SDKs\Windows Kits\10\ExtensionSDKs
2026-09-15T22:00:52.8803057Z   EXTERNAL_INCLUDE: C:\Program Files\Microsoft Visual Studio\18\Enterprise\VC\Tools\MSVC\14.44.35207\include;C:\Program Files\Microsoft Visual Studio\18\Enterprise\VC\Auxiliary\VS\include;C:\Program Files (x86)\Windows Kits\10\include\10.0.26100.0\ucrt;C:\Program Files (x86)\Windows Kits\10\\include\10.0.26100.0\\um;C:\Program Files (x86)\Windows Kits\10\\include\10.0.26100.0\\shared;C:\Program Files (x86)\Windows Kits\10\\include\10.0.26100.0\\winrt;C:\Program Files (x86)\Windows Kits\10\\include\10.0.26100.0\\cppwinrt;C:\Program Files (x86)\Windows Kits\NETFXSDK\4.8.1\include\um
2026-09-15T22:00:52.8804965Z   Framework40Version: v4.0
2026-09-15T22:00:52.8805239Z   FrameworkDir: C:\Windows\Microsoft.NET\Framework64\
2026-09-15T22:00:52.8805601Z   FrameworkDir64: C:\Windows\Microsoft.NET\Framework64\
2026-09-15T22:00:52.8805905Z   FrameworkVersion: v4.0.30319
2026-09-15T22:00:52.8806141Z   FrameworkVersion64: v4.0.30319
2026-09-15T22:00:52.8806930Z   FSHARPINSTALLDIR: C:\Program Files\Microsoft Visual Studio\18\Enterprise\Common7\IDE\CommonExtensions\Microsoft\FSharp\Tools
2026-09-15T22:00:52.8807545Z   HTMLHelpDir: C:\Program Files (x86)\HTML Help Workshop
2026-09-15T22:00:52.8809695Z   INCLUDE: C:\Program Files\Microsoft Visual Studio\18\Enterprise\VC\Tools\MSVC\14.44.35207\include;C:\Program Files\Microsoft Visual Studio\18\Enterprise\VC\Auxiliary\VS\include;C:\Program Files (x86)\Windows Kits\10\include\10.0.26100.0\ucrt;C:\Program Files (x86)\Windows Kits\10\\include\10.0.26100.0\\um;C:\Program Files (x86)\Windows Kits\10\\include\10.0.26100.0\\shared;C:\Program Files (x86)\Windows Kits\10\\include\10.0.26100.0\\winrt;C:\Program Files (x86)\Windows Kits\10\\include\10.0.26100.0\\cppwinrt;C:\Program Files (x86)\Windows Kits\NETFXSDK\4.8.1\include\um
2026-09-15T22:00:52.8812517Z   LIB: C:\Program Files\Microsoft Visual Studio\18\Enterprise\VC\Tools\MSVC\14.44.35207\lib\x64;C:\Program Files (x86)\Windows Kits\NETFXSDK\4.8.1\lib\um\x64;C:\Program Files (x86)\Windows Kits\10\lib\10.0.26100.0\ucrt\x64;C:\Program Files (x86)\Windows Kits\10\\lib\10.0.26100.0\\um\x64
2026-09-15T22:00:52.8814542Z   LIBPATH: C:\Program Files\Microsoft Visual Studio\18\Enterprise\VC\Tools\MSVC\14.44.35207\lib\x64;C:\Program Files\Microsoft Visual Studio\18\Enterprise\VC\Tools\MSVC\14.44.35207\lib\x86\store\references;C:\Program Files (x86)\Windows Kits\10\UnionMetadata\10.0.26100.0;C:\Program Files (x86)\Windows Kits\10\References\10.0.26100.0;C:\Windows\Microsoft.NET\Framework64\v4.0.30319
2026-09-15T22:00:52.8816016Z   llvmArm64: C:\Program Files\Microsoft Visual Studio\18\Enterprise\VC\Tools\Llvm\ARM64\bin
2026-09-15T22:00:52.8816573Z   llvmX64: C:\Program Files\Microsoft Visual Studio\18\Enterprise\VC\Tools\Llvm\x64\bin
2026-09-15T22:00:52.8817052Z   NETFXSDKDir: C:\Program Files (x86)\Windows Kits\NETFXSDK\4.8.1\
2026-09-15T22:00:52.8833531Z   Path: C:\Program Files\Microsoft Visual Studio\18\Enterprise\VC\Tools\MSVC\14.44.35207\bin\HostX64\x64;C:\Program Files\Microsoft Visual Studio\18\Enterprise\Common7\IDE\VC\VCPackages;C:\Program Files\Microsoft Visual Studio\18\Enterprise\Common7\IDE\CommonExtensions\Microsoft\TestWindow;C:\Program Files\Microsoft Visual Studio\18\Enterprise\Common7\IDE\CommonExtensions\Microsoft\TeamFoundation\Team Explorer;C:\Program Files\Microsoft Visual Studio\18\Enterprise\MSBuild\Current\bin\Roslyn;C:\Program Files (x86)\Microsoft SDKs\Windows\v10.0A\bin\NETFX 4.8.1 Tools\x64\;C:\Program Files (x86)\HTML Help Workshop;C:\Program Files\Microsoft Visual Studio\18\Enterprise\Common7\IDE\CommonExtensions\Microsoft\FSharp\Tools;C:\Program Files\Microsoft Visual Studio\18\Enterprise\Team Tools\DiagnosticsHub\Collector;C:\Program Files\Microsoft Visual Studio\18\Enterprise\Common7\IDE\Extensions\Microsoft\CodeCoverage.Console;C:\Program Files (x86)\Windows Kits\10\bin\10.0.26100.0\\x64;C:\Program Files (x86)\Windows Kits\10\bin\\x64;C:\Program Files\Microsoft Visual Studio\18\Enterprise\\MSBuild\Current\Bin\amd64;C:\Windows\Microsoft.NET\Framework64\v4.0.30319;C:\Program Files\Microsoft Visual Studio\18\Enterprise\Common7\IDE\;C:\Program Files\Microsoft Visual Studio\18\Enterprise\Common7\Tools\;C:\Program Files\MongoDB\Server\7.0\bin;C:\vcpkg;C:\tools\zstd;C:\hostedtoolcache\windows\stack\3.11.1\x64;C:\cabal\bin;C:\\ghcup\bin;C:\mingw64\bin;C:\Program Files\dotnet;C:\Program Files\MySQL\MySQL Server 8.0\bin;C:\Program Files\R\R-4.6.1\bin\x64;C:\SeleniumWebDrivers\GeckoDriver;C:\SeleniumWebDrivers\EdgeDriver\;C:\SeleniumWebDrivers\ChromeDriver;C:\Program Files (x86)\sbt\bin;C:\Program Files (x86)\GitHub CLI;C:\Program Files\Git\bin;C:\Program Files (x86)\pipx_bin;C:\npm\prefix;C:\hostedtoolcache\windows\go\1.24.13\x64\bin;C:\hostedtoolcache\windows\Python\3.12.10\x64\Scripts;C:\hostedtoolcache\windows\Python\3.12.10\x64;C:\hostedtoolcache\windows\Ruby\3.3.12\x64\bin;C:\Program Files\OpenSSL\bin;C:\tools\kotlinc\bin;C:\hostedtoolcache\windows\Java_Temurin-Hotspot_jdk\17.0.20-101\x64\bin;C:\Program Files\ImageMagick-7.1.2-Q16-HDRI;C:\Program Files\Microsoft SDKs\Azure\CLI2\wbin;C:\ProgramData\kind;C:\ProgramData\Chocolatey\bin;C:\Windows\system32;C:\Windows;C:\Windows\System32\Wbem;C:\Windows\System32\WindowsPowerShell\v1.0\;C:\Windows\System32\OpenSSH\;C:\Program Files\PowerShell\7\;C:\Program Files\Microsoft\Web Platform Installer\;C:\Program Files\Microsoft SQL Server\170\Tools\Binn\;C:\Program Files\Microsoft SQL Server\Client SDK\ODBC\170\Tools\Binn\;C:\Program Files\dotnet\;C:\Program Files (x86)\Windows Kits\10\Windows Performance Toolkit\;C:\Program Files (x86)\WiX Toolset v3.14\bin;C:\Program Files\Microsoft SQL Server\130\DTS\Binn\;C:\Program Files\Microsoft SQL Server\140\DTS\Binn\;C:\Program Files\Microsoft SQL Server\150\DTS\Binn\;C:\Program Files\Microsoft SQL Server\160\DTS\Binn\;C:\Program Files\Microsoft SQL Server\170\DTS\Binn\;C:\ProgramData\chocolatey\lib\pulumi\tools\Pulumi\bin;C:\Program Files\CMake\bin;C:\Strawberry\c\bin;C:\Strawberry\perl\site\bin;C:\Strawberry\perl\bin;C:\ProgramData\chocolatey\lib\maven\apache-maven-3.9.16\bin;C:\Program Files\Microsoft Service Fabric\bin\Fabric\Fabric.Code;C:\Program Files\Microsoft SDKs\Service Fabric\Tools\ServiceFabricLocalClusterManager;C:\Program Files\nodejs\;C:\Program Files\Git\cmd;C:\Program Files\Git\mingw64\bin;C:\Program Files\Git\usr\bin;C:\Program Files\GitHub CLI\;c:\tools\php;C:\Program Files\Amazon\AWSCLIV2\;C:\Program Files\Amazon\SessionManagerPlugin\bin\;C:\Program Files\Amazon\AWSSAMCLI\bin\;C:\Program Files\Microsoft SQL Server\130\Tools\Binn\;C:\Program Files\mongosh\;C:\Program Files\LLVM\bin;C:\Program Files (x86)\LLVM\bin;C:\Users\runneradmin\.dotnet\tools;C:\Users\runneradmin\.cargo\bin;C:\Users\runneradmin\AppData\Local\Microsoft\WindowsApps;C:\Program Files (x86)\Microsoft Visual Studio\Installer;C:\Program Files\Microsoft Visual Studio\18\Enterprise\VC\Tools\Llvm\x64\bin;C:\Program Files\Microsoft Visual Studio\18\Enterprise\Common7\IDE\CommonExtensions\Microsoft\CMake\CMake\bin;C:\Program Files\Microsoft Visual Studio\18\Enterprise\Common7\IDE\CommonExtensions\Microsoft\CMake\Ninja;C:\Program Files\Microsoft Visual Studio\18\Enterprise\Common7\IDE\VC\Linux\bin\ConnectionManagerExe;C:\Program Files\Microsoft Visual Studio\18\Enterprise\VC\vcpkg
2026-09-15T22:00:52.8848634Z   Platform: x64
2026-09-15T22:00:52.8848838Z   UCRTVersion: 10.0.26100.0
2026-09-15T22:00:52.8849682Z   UniversalCRTSdkDir: C:\Program Files (x86)\Windows Kits\10\
2026-09-15T22:00:52.8850048Z   use_x64_llvm: true
2026-09-15T22:00:52.8850406Z   VCIDEInstallDir: C:\Program Files\Microsoft Visual Studio\18\Enterprise\Common7\IDE\VC\
2026-09-15T22:00:52.8850926Z   VCINSTALLDIR: C:\Program Files\Microsoft Visual Studio\18\Enterprise\VC\
2026-09-15T22:00:52.8851394Z   VCPKG_ROOT: C:\Program Files\Microsoft Visual Studio\18\Enterprise\VC\vcpkg
2026-09-15T22:00:52.8851951Z   VCToolsInstallDir: C:\Program Files\Microsoft Visual Studio\18\Enterprise\VC\Tools\MSVC\14.44.35207\
2026-09-15T22:00:52.8852607Z   VCToolsRedistDir: C:\Program Files\Microsoft Visual Studio\18\Enterprise\VC\Redist\MSVC\14.51.36231\
2026-09-15T22:00:52.8853067Z   VCToolsVersion: 14.44.35207
2026-09-15T22:00:52.8853303Z   VisualStudioVersion: 18.0
2026-09-15T22:00:52.8853669Z   VS180COMNTOOLS: C:\Program Files\Microsoft Visual Studio\18\Enterprise\Common7\Tools\
2026-09-15T22:00:52.8854076Z   VSCMD_ARG_app_plat: Desktop
2026-09-15T22:00:52.8854310Z   VSCMD_ARG_HOST_ARCH: x64
2026-09-15T22:00:52.8854525Z   VSCMD_ARG_TGT_ARCH: x64
2026-09-15T22:00:52.8854739Z   VSCMD_ARG_VCVARS_VER: 14.44
2026-09-15T22:00:52.8854952Z   VSCMD_VER: 18.9.2
2026-09-15T22:00:52.8855259Z   VSINSTALLDIR: C:\Program Files\Microsoft Visual Studio\18\Enterprise\
2026-09-15T22:00:52.8855735Z   VSSDK150INSTALL: C:\Program Files\Microsoft Visual Studio\18\Enterprise\VSSDK
2026-09-15T22:00:52.8856220Z   VSSDKINSTALL: C:\Program Files\Microsoft Visual Studio\18\Enterprise\VSSDK
2026-09-15T22:00:52.8856906Z   WindowsLibPath: C:\Program Files (x86)\Windows Kits\10\UnionMetadata\10.0.26100.0;C:\Program Files (x86)\Windows Kits\10\References\10.0.26100.0
2026-09-15T22:00:52.8857572Z   WindowsSdkBinPath: C:\Program Files (x86)\Windows Kits\10\bin\
2026-09-15T22:00:52.8857957Z   WindowsSdkDir: C:\Program Files (x86)\Windows Kits\10\
2026-09-15T22:00:52.8858276Z   WindowsSDKLibVersion: 10.0.26100.0\
2026-09-15T22:00:52.8858649Z   WindowsSdkVerBinPath: C:\Program Files (x86)\Windows Kits\10\bin\10.0.26100.0\
2026-09-15T22:00:52.8859587Z   WindowsSDKVersion: 10.0.26100.0\
2026-09-15T22:00:52.8860049Z   WindowsSDK_ExecutablePath_x64: C:\Program Files (x86)\Microsoft SDKs\Windows\v10.0A\bin\NETFX 4.8.1 Tools\x64\
2026-09-15T22:00:52.8860735Z   WindowsSDK_ExecutablePath_x86: C:\Program Files (x86)\Microsoft SDKs\Windows\v10.0A\bin\NETFX 4.8.1 Tools\
2026-09-15T22:00:52.8861207Z   __DOTNET_ADD_64BIT: 1
2026-09-15T22:00:52.8861424Z   __DOTNET_PREFERRED_BITNESS: 64
2026-09-15T22:00:52.8871491Z   __VSCMD_PREINIT_PATH: C:\Program Files\MongoDB\Server\7.0\bin;C:\vcpkg;C:\tools\zstd;C:\hostedtoolcache\windows\stack\3.11.1\x64;C:\cabal\bin;C:\\ghcup\bin;C:\mingw64\bin;C:\Program Files\dotnet;C:\Program Files\MySQL\MySQL Server 8.0\bin;C:\Program Files\R\R-4.6.1\bin\x64;C:\SeleniumWebDrivers\GeckoDriver;C:\SeleniumWebDrivers\EdgeDriver\;C:\SeleniumWebDrivers\ChromeDriver;C:\Program Files (x86)\sbt\bin;C:\Program Files (x86)\GitHub CLI;C:\Program Files\Git\bin;C:\Program Files (x86)\pipx_bin;C:\npm\prefix;C:\hostedtoolcache\windows\go\1.24.13\x64\bin;C:\hostedtoolcache\windows\Python\3.12.10\x64\Scripts;C:\hostedtoolcache\windows\Python\3.12.10\x64;C:\hostedtoolcache\windows\Ruby\3.3.12\x64\bin;C:\Program Files\OpenSSL\bin;C:\tools\kotlinc\bin;C:\hostedtoolcache\windows\Java_Temurin-Hotspot_jdk\17.0.20-101\x64\bin;C:\Program Files\ImageMagick-7.1.2-Q16-HDRI;C:\Program Files\Microsoft SDKs\Azure\CLI2\wbin;C:\ProgramData\kind;C:\ProgramData\Chocolatey\bin;C:\Windows\system32;C:\Windows;C:\Windows\System32\Wbem;C:\Windows\System32\WindowsPowerShell\v1.0\;C:\Windows\System32\OpenSSH\;C:\Program Files\PowerShell\7\;C:\Program Files\Microsoft\Web Platform Installer\;C:\Program Files\Microsoft SQL Server\170\Tools\Binn\;C:\Program Files\Microsoft SQL Server\Client SDK\ODBC\170\Tools\Binn\;C:\Program Files\dotnet\;C:\Program Files (x86)\Windows Kits\10\Windows Performance Toolkit\;C:\Program Files (x86)\WiX Toolset v3.14\bin;C:\Program Files\Microsoft SQL Server\130\DTS\Binn\;C:\Program Files\Microsoft SQL Server\140\DTS\Binn\;C:\Program Files\Microsoft SQL Server\150\DTS\Binn\;C:\Program Files\Microsoft SQL Server\160\DTS\Binn\;C:\Program Files\Microsoft SQL Server\170\DTS\Binn\;C:\ProgramData\chocolatey\lib\pulumi\tools\Pulumi\bin;C:\Program Files\CMake\bin;C:\Strawberry\c\bin;C:\Strawberry\perl\site\bin;C:\Strawberry\perl\bin;C:\ProgramData\chocolatey\lib\maven\apache-maven-3.9.16\bin;C:\Program Files\Microsoft Service Fabric\bin\Fabric\Fabric.Code;C:\Program Files\Microsoft SDKs\Service Fabric\Tools\ServiceFabricLocalClusterManager;C:\Program Files\nodejs\;C:\Program Files\Git\cmd;C:\Program Files\Git\mingw64\bin;C:\Program Files\Git\usr\bin;C:\Program Files\GitHub CLI\;c:\tools\php;C:\Program Files (x86)\sbt\bin;C:\Program Files\Amazon\AWSCLIV2\;C:\Program Files\Amazon\SessionManagerPlugin\bin\;C:\Program Files\Amazon\AWSSAMCLI\bin\;C:\Program Files\Microsoft SQL Server\130\Tools\Binn\;C:\Program Files\mongosh\;C:\Program Files\LLVM\bin;C:\Program Files (x86)\LLVM\bin;C:\Users\runneradmin\.dotnet\tools;C:\Users\runneradmin\.cargo\bin;C:\Users\runneradmin\AppData\Local\Microsoft\WindowsApps;C:\Program Files (x86)\Microsoft Visual Studio\Installer
2026-09-15T22:00:52.8880550Z   pythonLocation: C:\hostedtoolcache\windows\Python\3.12.10\x64
2026-09-15T22:00:52.8881023Z   PKG_CONFIG_PATH: C:\hostedtoolcache\windows\Python\3.12.10\x64/lib/pkgconfig
2026-09-15T22:00:52.8881476Z   Python_ROOT_DIR: C:\hostedtoolcache\windows\Python\3.12.10\x64
2026-09-15T22:00:52.8881874Z   Python2_ROOT_DIR: C:\hostedtoolcache\windows\Python\3.12.10\x64
2026-09-15T22:00:52.8882264Z   Python3_ROOT_DIR: C:\hostedtoolcache\windows\Python\3.12.10\x64
2026-09-15T22:00:52.8882577Z ##[endgroup]
2026-09-15T22:00:53.0738795Z [0/2] Re-checking globbed directories...
2026-09-15T22:00:53.3310586Z [1/1841] Copying bootstrap src/options/parse_opts.cc, reconfigure with RE2C_REBUILD_LEXERS to regenerate
2026-09-15T22:00:53.3571995Z [2/1841] Copying bootstrap src/parse/lexer.cc and src/parse/lexer.h, reconfigure with RE2C_REBUILD_LEXERS to regenerate
2026-09-15T22:00:53.3948061Z [3/1841] Copying bootstrap src/parse/conf_lexer.cc, reconfigure with RE2C_REBUILD_LEXERS to regenerate
2026-09-15T22:00:53.4166670Z [4/1841] Copying bootstrap parser, reconfigure with RE2C_REBUILD_PARSERS to regenerate
2026-09-15T22:00:53.4493688Z [5/1841] Copying bootstrap syntax file, reconfigure with RE2C_REBUILD_PARSERS to regenerate
2026-09-15T22:00:53.4709298Z [6/1841] Copying bootstrap parser, reconfigure with RE2C_REBUILD_PARSERS to regenerate
2026-09-15T22:00:53.4799841Z [7/1841] Copying bootstrap syntax file, reconfigure with RE2C_REBUILD_PARSERS to regenerate
2026-09-15T22:00:53.5023598Z [8/1841] Copying bootstrap syntax file, reconfigure with RE2C_REBUILD_PARSERS to regenerate
2026-09-15T22:00:53.5125454Z [9/1841] Copying bootstrap syntax file, reconfigure with RE2C_REBUILD_PARSERS to regenerate
2026-09-15T22:00:53.5345328Z [10/1841] Copying bootstrap syntax file, reconfigure with RE2C_REBUILD_PARSERS to regenerate
2026-09-15T22:00:53.5457780Z [11/1841] Copying bootstrap syntax file, reconfigure with RE2C_REBUILD_PARSERS to regenerate
2026-09-15T22:00:53.5710325Z [12/1841] Copying bootstrap syntax file, reconfigure with RE2C_REBUILD_PARSERS to regenerate
2026-09-15T22:00:53.5817824Z [13/1841] Copying bootstrap syntax file, reconfigure with RE2C_REBUILD_PARSERS to regenerate
2026-09-15T22:00:53.6037584Z [14/1841] Copying bootstrap syntax file, reconfigure with RE2C_REBUILD_PARSERS to regenerate
2026-09-15T22:00:53.6126921Z [15/1841] Copying bootstrap syntax file, reconfigure with RE2C_REBUILD_PARSERS to regenerate
2026-09-15T22:00:53.6347685Z [16/1841] Copying bootstrap syntax file, reconfigure with RE2C_REBUILD_PARSERS to regenerate
2026-09-15T22:00:53.6439915Z [17/1841] Copying bootstrap syntax file, reconfigure with RE2C_REBUILD_PARSERS to regenerate
2026-09-15T22:00:53.6663317Z [18/1841] Generating doc/re2c.1
2026-09-15T22:00:53.6771854Z [19/1841] Copying bootstrap src/msg/ver_to_vernum.cc, reconfigure with RE2C_REBUILD_LEXERS to regenerate
2026-09-15T22:00:56.5943102Z [20/1841] Building CXX object re2c\CMakeFiles\re2c_objects_autogen.dir\src\parse\lexer.cc.obj
2026-09-15T22:00:56.5944050Z cl : Command line warning D9025 : overriding '/W3' with '/w'
2026-09-15T22:00:57.3577570Z [21/1841] Building CXX object re2c\CMakeFiles\re2c_objects_autogen.dir\src\parse\parser.cc.obj
2026-09-15T22:00:57.3578505Z cl : Command line warning D9025 : overriding '/W3' with '/w'
2026-09-15T22:01:01.6033807Z [22/1841] Building CXX object re2c\CMakeFiles\re2c_objects_autogen.dir\src\parse\conf_lexer.cc.obj
2026-09-15T22:01:01.6034755Z cl : Command line warning D9025 : overriding '/W3' with '/w'
2026-09-15T22:01:02.3230356Z [23/1841] Building CXX object re2c\CMakeFiles\re2c_objects_autogen.dir\src\parse\conf_parser.cc.obj
2026-09-15T22:01:02.3231722Z cl : Command line warning D9025 : overriding '/W3' with '/w'
2026-09-15T22:01:02.6773789Z [24/1841] Building CXX object re2c\CMakeFiles\re2c_objects_autogen_ver_to_vernum.dir\src\msg\ver_to_vernum.cc.obj
2026-09-15T22:01:02.6774690Z cl : Command line warning D9025 : overriding '/W3' with '/w'
2026-09-15T22:01:03.4995581Z [25/1841] Building C object lemon\CMakeFiles\lemon.dir\lemon.c.obj
2026-09-15T22:01:04.0051427Z [26/1841] Building CXX object re2c\CMakeFiles\re2c_objects_autogen.dir\src\options\parse_opts.cc.obj
2026-09-15T22:01:04.0052429Z cl : Command line warning D9025 : overriding '/W3' with '/w'
2026-09-15T22:01:04.0364835Z [27/1841] Generating src/msg/help_re2c.cc
2026-09-15T22:01:04.7284922Z [28/1841] Building CXX object re2c\CMakeFiles\re2c.dir\src\codegen\helpers.cc.obj
2026-09-15T22:01:04.7285460Z cl : Command line warning D9025 : overriding '/W3' with '/w'
2026-09-15T22:01:05.4577912Z [29/1841] Building C object platform\CMakeFiles\platform.dir\platform.c.obj
2026-09-15T22:01:05.9881166Z [30/1841] Building CXX object re2c\CMakeFiles\re2c.dir\src\codegen\output.cc.obj
2026-09-15T22:01:05.9881692Z cl : Command line warning D9025 : overriding '/W3' with '/w'
2026-09-15T22:01:06.8260129Z [31/1841] Building CXX object re2c\CMakeFiles\re2c.dir\src\codegen\pass1_analyze.cc.obj
2026-09-15T22:01:06.8261237Z cl : Command line warning D9025 : overriding '/W3' with '/w'
2026-09-15T22:01:07.9008847Z [32/1841] Building CXX object re2c\CMakeFiles\re2c.dir\src\codegen\pass3_fixup.cc.obj
2026-09-15T22:01:07.9009735Z cl : Command line warning D9025 : overriding '/W3' with '/w'
2026-09-15T22:01:07.9378583Z [33/1841] Building CXX object re2c\CMakeFiles\re2c.dir\src\codegen\pass2_generate.cc.obj
2026-09-15T22:01:07.9379464Z cl : Command line warning D9025 : overriding '/W3' with '/w'
2026-09-15T22:01:09.3158014Z [34/1841] Building CXX object re2c\CMakeFiles\re2c.dir\src\codegen\pass4_render.cc.obj
2026-09-15T22:01:09.3158943Z cl : Command line warning D9025 : overriding '/W3' with '/w'
2026-09-15T22:01:10.4025980Z [35/1841] Building CXX object re2c\CMakeFiles\re2c.dir\src\options\symtab.cc.obj
2026-09-15T22:01:10.4066318Z cl : Command line warning D9025 : overriding '/W3' with '/w'
2026-09-15T22:01:11.4016294Z [36/1841] Building CXX object re2c\CMakeFiles\re2c.dir\src\nfa\re_to_nfa.cc.obj
2026-09-15T22:01:11.4017145Z cl : Command line warning D9025 : overriding '/W3' with '/w'
2026-09-15T22:01:11.7470394Z [37/1841] Building CXX object re2c\CMakeFiles\re2c.dir\src\options\opt.cc.obj
2026-09-15T22:01:11.7922953Z cl : Command line warning D9025 : overriding '/W3' with '/w'
2026-09-15T22:01:11.7923827Z [38/1841] Building CXX object re2c\CMakeFiles\re2c.dir\src\debug\dump_adfa.cc.obj
2026-09-15T22:01:11.7924644Z cl : Command line warning D9025 : overriding '/W3' with '/w'
2026-09-15T22:01:11.8362793Z [39/1841] Building CXX object re2c\CMakeFiles\re2c.dir\src\debug\dump_cfg.cc.obj
2026-09-15T22:01:11.8363344Z cl : Command line warning D9025 : overriding '/W3' with '/w'
2026-09-15T22:01:11.8846448Z [40/1841] Building CXX object re2c\CMakeFiles\re2c.dir\src\debug\dump_dfa.cc.obj
2026-09-15T22:01:11.8847363Z cl : Command line warning D9025 : overriding '/W3' with '/w'
2026-09-15T22:01:11.9288604Z [41/1841] Building CXX object re2c\CMakeFiles\re2c.dir\src\debug\dump_dfa_tree.cc.obj
2026-09-15T22:01:11.9289247Z cl : Command line warning D9025 : overriding '/W3' with '/w'
2026-09-15T22:01:11.9727640Z [42/1841] Building CXX object re2c\CMakeFiles\re2c.dir\src\debug\dump_interf.cc.obj
2026-09-15T22:01:11.9728212Z cl : Command line warning D9025 : overriding '/W3' with '/w'
2026-09-15T22:01:12.0225624Z [43/1841] Building CXX object re2c\CMakeFiles\re2c.dir\src\debug\dump_nfa.cc.obj
2026-09-15T22:01:12.0226546Z cl : Command line warning D9025 : overriding '/W3' with '/w'
2026-09-15T22:01:12.8308442Z [44/1841] Building CXX object re2c\CMakeFiles\re2c.dir\src\cfg\cfg.cc.obj
2026-09-15T22:01:12.8309572Z cl : Command line warning D9025 : overriding '/W3' with '/w'
2026-09-15T22:01:12.9163968Z [45/1841] Building CXX object re2c\CMakeFiles\re2c.dir\src\adfa\adfa.cc.obj
2026-09-15T22:01:12.9164857Z cl : Command line warning D9025 : overriding '/W3' with '/w'
2026-09-15T22:01:13.2904570Z [46/1841] Building CXX object re2c\CMakeFiles\re2c.dir\src\cfg\compact.cc.obj
2026-09-15T22:01:13.2905846Z cl : Command line warning D9025 : overriding '/W3' with '/w'
2026-09-15T22:01:13.3761433Z [47/1841] Building CXX object re2c\CMakeFiles\re2c.dir\src\cfg\dce.cc.obj
2026-09-15T22:01:13.3762313Z cl : Command line warning D9025 : overriding '/W3' with '/w'
2026-09-15T22:01:13.7426402Z [48/1841] Building CXX object re2c\CMakeFiles\re2c.dir\src\cfg\freeze.cc.obj
2026-09-15T22:01:13.7427311Z cl : Command line warning D9025 : overriding '/W3' with '/w'
2026-09-15T22:01:13.9629985Z [49/1841] Building CXX object re2c\CMakeFiles\re2c.dir\src\cfg\interfere.cc.obj
2026-09-15T22:01:13.9630532Z cl : Command line warning D9025 : overriding '/W3' with '/w'
2026-09-15T22:01:14.2569879Z [50/1841] Building CXX object re2c\CMakeFiles\re2c.dir\src\cfg\liveanal.cc.obj
2026-09-15T22:01:14.2570780Z cl : Command line warning D9025 : overriding '/W3' with '/w'
2026-09-15T22:01:14.5288934Z [51/1841] Building CXX object re2c\CMakeFiles\re2c.dir\src\cfg\normalize.cc.obj
2026-09-15T22:01:14.5290207Z cl : Command line warning D9025 : overriding '/W3' with '/w'
2026-09-15T22:01:14.8103902Z [52/1841] Building CXX object re2c\CMakeFiles\re2c.dir\src\cfg\optimize.cc.obj
2026-09-15T22:01:14.8104790Z cl : Command line warning D9025 : overriding '/W3' with '/w'
2026-09-15T22:01:15.0949190Z [53/1841] Building CXX object re2c\CMakeFiles\re2c.dir\src\cfg\rename.cc.obj
2026-09-15T22:01:15.0950046Z cl : Command line warning D9025 : overriding '/W3' with '/w'
2026-09-15T22:01:15.3190987Z [54/1841] Building CXX object re2c\CMakeFiles\re2c.dir\src\cfg\varalloc.cc.obj
2026-09-15T22:01:15.3192306Z cl : Command line warning D9025 : overriding '/W3' with '/w'
2026-09-15T22:01:16.5742240Z [55/1841] Building CXX object re2c\CMakeFiles\re2c.dir\src\dfa\dead_rules.cc.obj
2026-09-15T22:01:16.5762032Z cl : Command line warning D9025 : overriding '/W3' with '/w'
2026-09-15T22:01:16.6396228Z [56/1841] Building CXX object re2c\CMakeFiles\re2c.dir\src\dfa\closure.cc.obj
2026-09-15T22:01:16.6397212Z cl : Command line warning D9025 : overriding '/W3' with '/w'
2026-09-15T22:01:17.1878889Z [57/1841] Building CXX object re2c\CMakeFiles\re2c.dir\src\dfa\fallback_tags.cc.obj
2026-09-15T22:01:17.1880237Z cl : Command line warning D9025 : overriding '/W3' with '/w'
2026-09-15T22:01:18.1018364Z [58/1841] Building CXX object re2c\CMakeFiles\re2c.dir\src\dfa\determinization.cc.obj
2026-09-15T22:01:18.1131125Z cl : Command line warning D9025 : overriding '/W3' with '/w'
2026-09-15T22:01:18.2082164Z [59/1841] Building CXX object re2c\CMakeFiles\re2c.dir\src\dfa\fillpoints.cc.obj
2026-09-15T22:01:18.2082730Z cl : Command line warning D9025 : overriding '/W3' with '/w'
2026-09-15T22:01:18.9647362Z [60/1841] Building CXX object re2c\CMakeFiles\re2c.dir\src\dfa\minimization.cc.obj
2026-09-15T22:01:18.9667627Z cl : Command line warning D9025 : overriding '/W3' with '/w'
2026-09-15T22:01:19.1352657Z [61/1841] Building CXX object re2c\CMakeFiles\re2c.dir\src\dfa\find_state.cc.obj
2026-09-15T22:01:19.1353490Z cl : Command line warning D9025 : overriding '/W3' with '/w'
2026-09-15T22:01:19.5679359Z [62/1841] Building CXX object re2c\CMakeFiles\re2c.dir\src\dfa\tagver_table.cc.obj
2026-09-15T22:01:19.5680273Z cl : Command line warning D9025 : overriding '/W3' with '/w'
2026-09-15T22:01:19.7757135Z [63/1841] Building CXX object re2c\CMakeFiles\re2c.dir\src\dfa\tcmd.cc.obj
2026-09-15T22:01:19.7757975Z cl : Command line warning D9025 : overriding '/W3' with '/w'
2026-09-15T22:01:20.0355040Z [64/1841] Building CXX object re2c\CMakeFiles\re2c.dir\src\encoding\ebcdic.cc.obj
2026-09-15T22:01:20.0355596Z cl : Command line warning D9025 : overriding '/W3' with '/w'
2026-09-15T22:01:20.1679950Z [65/1841] Building CXX object re2c\CMakeFiles\re2c.dir\src\encoding\enc.cc.obj
2026-09-15T22:01:20.1680823Z cl : Command line warning D9025 : overriding '/W3' with '/w'
2026-09-15T22:01:20.4613849Z [66/1841] Building CXX object re2c\CMakeFiles\re2c.dir\src\encoding\range_suffix.cc.obj
2026-09-15T22:01:20.4614706Z cl : Command line warning D9025 : overriding '/W3' with '/w'
2026-09-15T22:01:20.9155046Z [67/1841] Building CXX object re2c\CMakeFiles\re2c.dir\src\encoding\utf8.cc.obj
2026-09-15T22:01:20.9155904Z cl : Command line warning D9025 : overriding '/W3' with '/w'
2026-09-15T22:01:21.3393967Z [68/1841] Building CXX object re2c\CMakeFiles\re2c.dir\src\encoding\utf16.cc.obj
2026-09-15T22:01:21.3395112Z cl : Command line warning D9025 : overriding '/W3' with '/w'
2026-09-15T22:01:21.8535153Z [69/1841] Building CXX object re2c\CMakeFiles\re2c.dir\src\msg\msg.cc.obj
2026-09-15T22:01:21.8535964Z cl : Command line warning D9025 : overriding '/W3' with '/w'
2026-09-15T22:01:22.8988222Z [70/1841] Building CXX object re2c\CMakeFiles\re2c.dir\src\msg\warn.cc.obj
2026-09-15T22:01:22.8989046Z cl : Command line warning D9025 : overriding '/W3' with '/w'
2026-09-15T22:01:24.0604159Z [71/1841] Building CXX object re2c\CMakeFiles\re2c.dir\src\regexp\ast_to_re.cc.obj
2026-09-15T22:01:24.0605318Z cl : Command line warning D9025 : overriding '/W3' with '/w'
2026-09-15T22:01:24.6308805Z [72/1841] Building CXX object re2c\CMakeFiles\re2c.dir\src\regexp\default_tags.cc.obj
2026-09-15T22:01:25.2234281Z cl : Command line warning D9025 : overriding '/W3' with '/w'
2026-09-15T22:01:25.2235430Z [73/1841] Building CXX object re2c\CMakeFiles\re2c.dir\src\regexp\fixed_tags.cc.obj
2026-09-15T22:01:25.2236436Z cl : Command line warning D9025 : overriding '/W3' with '/w'
2026-09-15T22:01:25.6799951Z [74/1841] Building CXX object re2c\CMakeFiles\re2c.dir\src\regexp\nullable.cc.obj
2026-09-15T22:01:25.6801237Z cl : Command line warning D9025 : overriding '/W3' with '/w'
2026-09-15T22:01:26.2396147Z [75/1841] Building CXX object re2c\CMakeFiles\re2c.dir\src\regexp\regexp.cc.obj
2026-09-15T22:01:26.2397053Z cl : Command line warning D9025 : overriding '/W3' with '/w'
2026-09-15T22:01:27.1042013Z [76/1841] Building CXX object re2c\CMakeFiles\re2c.dir\src\regexp\split_charset.cc.obj
2026-09-15T22:01:27.1042866Z cl : Command line warning D9025 : overriding '/W3' with '/w'
2026-09-15T22:01:28.1342542Z [77/1841] Building CXX object re2c\CMakeFiles\re2c.dir\src\skeleton\control_flow.cc.obj
2026-09-15T22:01:28.1343415Z cl : Command line warning D9025 : overriding '/W3' with '/w'
2026-09-15T22:01:29.3951295Z [78/1841] Building CXX object re2c\CMakeFiles\re2c.dir\src\skeleton\generate_code.cc.obj
2026-09-15T22:01:29.3952476Z cl : Command line warning D9025 : overriding '/W3' with '/w'
2026-09-15T22:01:30.8383543Z [79/1841] Building CXX object re2c\CMakeFiles\re2c.dir\src\skeleton\generate_data.cc.obj
2026-09-15T22:01:30.8384471Z cl : Command line warning D9025 : overriding '/W3' with '/w'
2026-09-15T22:01:31.6814424Z [80/1841] Building CXX object re2c\CMakeFiles\re2c.dir\src\skeleton\maxpath.cc.obj
2026-09-15T22:01:31.6815319Z cl : Command line warning D9025 : overriding '/W3' with '/w'
2026-09-15T22:01:32.3120961Z [81/1841] Building CXX object re2c\CMakeFiles\re2c.dir\src\encoding\unicode_casemap.cc.obj
2026-09-15T22:01:32.3122316Z cl : Command line warning D9025 : overriding '/W3' with '/w'
2026-09-15T22:01:32.6343288Z [82/1841] Building CXX object re2c\CMakeFiles\re2c.dir\src\skeleton\skeleton.cc.obj
2026-09-15T22:01:32.6344213Z cl : Command line warning D9025 : overriding '/W3' with '/w'
2026-09-15T22:01:33.7324343Z [83/1841] Building CXX object re2c\CMakeFiles\re2c.dir\src\parse\input.cc.obj
2026-09-15T22:01:33.7325167Z cl : Command line warning D9025 : overriding '/W3' with '/w'
2026-09-15T22:01:33.7607681Z [84/1841] Building CXX object re2c\CMakeFiles\re2c.dir\src\parse\ast.cc.obj
2026-09-15T22:01:33.7608548Z cl : Command line warning D9025 : overriding '/W3' with '/w'
2026-09-15T22:01:34.1073211Z [85/1841] Building CXX object re2c\CMakeFiles\re2c.dir\src\util\file_utils.cc.obj
2026-09-15T22:01:34.1074112Z cl : Command line warning D9025 : overriding '/W3' with '/w'
2026-09-15T22:01:34.3703902Z [86/1841] Building CXX object re2c\CMakeFiles\re2c.dir\src\util\string_utils.cc.obj
2026-09-15T22:01:34.3704524Z cl : Command line warning D9025 : overriding '/W3' with '/w'
2026-09-15T22:01:34.5110118Z [87/1841] Building CXX object re2c\CMakeFiles\re2c.dir\src\util\range.cc.obj
2026-09-15T22:01:34.5110647Z cl : Command line warning D9025 : overriding '/W3' with '/w'
2026-09-15T22:01:34.5579556Z [88/1841] Building CXX object re2c\CMakeFiles\re2c.dir\src\msg\help_re2c.cc.obj
2026-09-15T22:01:34.5580429Z cl : Command line warning D9025 : overriding '/W3' with '/w'
2026-09-15T22:01:34.6016884Z [89/1841] Building C object platform\CMakeFiles\platform.dir\rxinteger.c.obj
2026-09-15T22:01:34.7379678Z [90/1841] Building C object avl_tree\CMakeFiles\avl_tree.dir\avl_tree.c.obj
2026-09-15T22:01:34.8494705Z [91/1841] Building C object binutils\CMakeFiles\rxbin.dir\rxbin.c.obj
2026-09-15T22:01:35.9149533Z [92/1841] Building C object binutils\CMakeFiles\rxbin.dir\rxbin007.c.obj
2026-09-15T22:01:35.9727854Z [93/1841] Building CXX object re2c\CMakeFiles\re2c.dir\src\main.cc.obj
2026-09-15T22:01:35.9733774Z cl : Command line warning D9025 : overriding '/W3' with '/w'
2026-09-15T22:01:36.0370484Z [94/1841] Building C object binutils\CMakeFiles\rxbin.dir\rxsignature.c.obj
2026-09-15T22:01:36.2270902Z [95/1841] Building C object binutils\CMakeFiles\rxbin.dir\rxsha256.c.obj
2026-09-15T22:01:36.8966473Z [96/1841] Building C object interpreter\CMakeFiles\rxvmmemory.dir\rxvmmemory.c.obj
2026-09-15T22:01:37.1734697Z [97/1841] Building C object binutils\CMakeFiles\rxbin.dir\rxgraph.c.obj
2026-09-15T22:01:37.1902905Z [98/1841] Linking C executable lemon\lemon.exe
2026-09-15T22:01:37.2204998Z [99/1841] Linking C static library bin\platform.lib
2026-09-15T22:01:37.2516136Z [100/1841] Linking C static library bin\avl_tree.lib
2026-09-15T22:01:37.2854369Z [101/1841] Linking C static library bin\rxbin.lib
2026-09-15T22:01:37.3662225Z [102/1841] Building C object interpreter\CMakeFiles\rxvmref.dir\rxvmref.c.obj
2026-09-15T22:01:37.6165781Z [103/1841] Linking CXX executable re2c\re2c.exe
2026-09-15T22:01:37.6482808Z [104/1841] Linking C static library bin\rxvmmemory.lib
2026-09-15T22:01:37.6735718Z [105/1841] Create REXX ASSEMBLER Parser...
2026-09-15T22:01:37.7242860Z [106/1841] Building C object interpreter\CMakeFiles\rxvmref.dir\rxpacompat.c.obj
2026-09-15T22:01:37.7569062Z [107/1841] Linking C static library bin\rxvmref.lib
2026-09-15T22:01:38.2838040Z [108/1841] Building C object interpreter\rxvmplugin\CMakeFiles\rxvmplugin.dir\rxvmplugin_framework.c.obj
2026-09-15T22:01:38.3698517Z [109/1841] Building C object interpreter\rxvmplugin\rxvmplugins\mc_decimal\CMakeFiles\decnumber.dir\decnumber\decContext.c.obj
2026-09-15T22:01:38.3864276Z [110/1841] Building C object interpreter\rxvmplugin\rxvmplugins\mc_decimal\CMakeFiles\decnumber.dir\decnumber\decNumber.c.obj
2026-09-15T22:01:38.4186819Z [111/1841] Linking C static library bin\rxvmplugin.lib
2026-09-15T22:01:38.4595981Z [112/1841] Linking C static library bin\decnumber.lib
2026-09-15T22:01:38.6050863Z [113/1841] Building C object interpreter\rxvmplugin\rxvmplugins\mc_decimal\CMakeFiles\mc_decimal_manual.dir\mc_decimal.c.obj
2026-09-15T22:01:38.9011045Z [114/1841] Building C object rxpa\CMakeFiles\rxpa.dir\rxpa.c.obj
2026-09-15T22:01:40.8961997Z [115/1841] Create REXX ASSEMBLER Lexer...
2026-09-15T22:01:41.1552766Z [116/1841] Building C object assembler\CMakeFiles\rxaslib.dir\rxastoke.c.obj
2026-09-15T22:01:41.3702795Z [117/1841] Building C object assembler\CMakeFiles\rxaslib.dir\rxaseror.c.obj
2026-09-15T22:01:44.2321470Z [118/1841] Building C object assembler\CMakeFiles\rxaslib.dir\rxasscan.c.obj
2026-09-15T22:01:44.4968011Z [119/1841] Building C object assembler\CMakeFiles\rxaslib.dir\rxas_opt.c.obj
2026-09-15T22:01:45.1480831Z [120/1841] Building C object assembler\CMakeFiles\rxaslib.dir\rxas_flow.c.obj
2026-09-15T22:01:45.2737630Z [121/1841] Building C object assembler\CMakeFiles\rxaslib.dir\rxas_flow_batch.c.obj
2026-09-15T22:01:45.4090207Z [122/1841] Building C object assembler\CMakeFiles\rxaslib.dir\rxas_flow_pass.c.obj
2026-09-15T22:01:45.5942074Z [123/1841] Building C object assembler\CMakeFiles\rxaslib.dir\rxas_flow_graph.c.obj
2026-09-15T22:01:45.9601607Z [124/1841] Building C object assembler\CMakeFiles\rxaslib.dir\rxas_flow_analysis.c.obj
2026-09-15T22:01:46.0866059Z [125/1841] Building C object assembler\CMakeFiles\rxaslib.dir\rxas_flow_rewrite.c.obj
2026-09-15T22:01:46.4461720Z [126/1841] Building C object assembler\CMakeFiles\rxaslib.dir\rxas_flow_signal.c.obj
2026-09-15T22:01:47.0354370Z [127/1841] Building C object assembler\CMakeFiles\rxaslib.dir\rxas_flow_ssa.c.obj
2026-09-15T22:01:47.4200569Z [128/1841] Building C object assembler\CMakeFiles\rxaslib.dir\rxas_flow_use.c.obj
2026-09-15T22:01:48.3401470Z [129/1841] Building C object assembler\CMakeFiles\rxaslib.dir\rxas_flow_proof.c.obj
2026-09-15T22:01:48.4818100Z [130/1841] Building C object assembler\CMakeFiles\rxaslib.dir\rxasgrmr.c.obj
2026-09-15T22:01:48.8621465Z [131/1841] Building C object assembler\CMakeFiles\rxaslib.dir\rxasassm.c.obj
2026-09-15T22:01:48.9813982Z [132/1841] Building C object assembler\CMakeFiles\rxaslib.dir\__\binutils\rxopmeta.c.obj
2026-09-15T22:01:49.0824439Z [133/1841] Building C object assembler\CMakeFiles\rxaslib.dir\rxaslib.c.obj
2026-09-15T22:01:49.1178785Z [134/1841] Building C object assembler\CMakeFiles\rxaslib.dir\rxas_dsl.c.obj
2026-09-15T22:01:49.4725389Z [135/1841] Building C object interpreter\CMakeFiles\rxbvm_core_objects.dir\rxvmworker.c.obj
2026-09-15T22:01:49.9260503Z [136/1841] Building C object interpreter\CMakeFiles\rxbvm_core_objects.dir\rxvmprogram.c.obj
2026-09-15T22:01:50.8972769Z [137/1841] Building C object interpreter\CMakeFiles\rxbvm_core_objects.dir\rxvmexecutor.c.obj
2026-09-15T22:01:51.6332071Z [138/1841] Building C object interpreter\CMakeFiles\rxbvm_core_objects.dir\rxvmchannel.c.obj
2026-09-15T22:01:52.2444923Z [139/1841] Building C object interpreter\CMakeFiles\rxbvm_core_objects.dir\rxvmchannel_process.c.obj
2026-09-15T22:01:52.3166133Z [140/1841] Building C object interpreter\CMakeFiles\rxbvm_core_objects.dir\rxvmprocessprotocol.c.obj
2026-09-15T22:01:52.6844255Z [141/1841] Building C object interpreter\CMakeFiles\rxbvm_core_objects.dir\rxvmprocessworker.c.obj
2026-09-15T22:01:53.0677927Z [142/1841] Building C object interpreter\CMakeFiles\rxbvm_core_objects.dir\rxvmbyteendpoint.c.obj
2026-09-15T22:01:53.5832189Z [143/1841] Building C object interpreter\CMakeFiles\rxbvm_core_objects.dir\rxvmchannel_byte.c.obj
2026-09-15T22:01:54.1807660Z [144/1841] Building C object interpreter\CMakeFiles\rxbvm_core_objects.dir\rxvmchannel_child.c.obj
2026-09-15T22:01:54.2776280Z [145/1841] Building C object interpreter\CMakeFiles\rxbvm_core_objects.dir\rxvmactive.c.obj
2026-09-15T22:01:54.9755305Z [146/1841] Building C object interpreter\CMakeFiles\rxbvm_core_objects.dir\rxvmload.c.obj
2026-09-15T22:01:55.3862347Z [147/1841] Building C object interpreter\CMakeFiles\rxbvm_core_objects.dir\interrupt.c.obj
2026-09-15T22:01:56.4324168Z [148/1841] Building C object interpreter\CMakeFiles\rxbvm_core_objects.dir\rxspawn.c.obj
2026-09-15T22:01:57.2388164Z [149/1841] Building C object interpreter\CMakeFiles\rxbvm_core_objects.dir\rxcrexxcmd.c.obj
2026-09-15T22:01:57.3483130Z [150/1841] Building C object interpreter\CMakeFiles\rxbvm_core_objects.dir\exitfunc.c.obj
2026-09-15T22:01:57.5420888Z [151/1841] Building C object interpreter\CMakeFiles\rxbvm_core_objects.dir\rxpacallmethod.c.obj
2026-09-15T22:01:57.7943567Z [152/1841] Building C object interpreter\CMakeFiles\rxbvm_core_objects.dir\rxpafuncs.c.obj
2026-09-15T22:01:58.0483170Z [153/1841] Building C object interpreter\CMakeFiles\rxbvm_core_objects.dir\rxvml\rxvm_run.c.obj
2026-09-15T22:01:58.6163351Z [154/1841] Building C object interpreter\CMakeFiles\rxvm_platform_objects.dir\rxvmsock.c.obj
2026-09-15T22:01:59.0006154Z [155/1841] Building C object interpreter\CMakeFiles\rxbvml.dir\rxvmlib.c.obj
2026-09-15T22:01:59.4705139Z [156/1841] Building C object interpreter\CMakeFiles\rxbvml.dir\rxvml.c.obj
2026-09-15T22:01:59.5056176Z [157/1841] Linking C static library bin\rxvm_mc_decimal_manual.lib
2026-09-15T22:01:59.5408920Z [158/1841] Linking C static library bin\rxpa.lib
2026-09-15T22:01:59.5827554Z [159/1841] Linking C static library bin\rxaslib.lib
2026-09-15T22:01:59.6960541Z [160/1841] Building C object assembler\CMakeFiles\rxas.dir\rxasmain.c.obj
2026-09-15T22:01:59.8419666Z [161/1841] Linking C executable bin\rxas.exe
2026-09-15T22:01:59.8668569Z [162/1841] cREXX assemble _elapsed ...
2026-09-15T22:01:59.8998096Z [163/1841] cREXX RXAS Library Archive ...
2026-09-15T22:02:00.3763240Z [164/1841] Building C object linker\CMakeFiles\rxlink.dir\rxlinkmain.c.obj
2026-09-15T22:02:00.5031413Z [165/1841] Linking C executable bin\rxlink.exe
2026-09-15T22:02:00.9130716Z [166/1841] Building C object lib\plugins\keyaccess\CMakeFiles\_keyaccess.dir\keyaccess.c.obj
2026-09-15T22:02:00.9132322Z D:\a\CREXX\CREXX\lib\plugins\keyaccess\keyaccess.c(949): warning C4477: 'fprintf' : format string '%ld' requires an argument of type 'long', but variadic argument 1 has type 'time_t'
2026-09-15T22:02:00.9134706Z D:\a\CREXX\CREXX\lib\plugins\keyaccess\keyaccess.c(949): note: consider using '%lld' in the format string
2026-09-15T22:02:00.9135862Z D:\a\CREXX\CREXX\lib\plugins\keyaccess\keyaccess.c(949): note: consider using '%Id' in the format string
2026-09-15T22:02:00.9137007Z D:\a\CREXX\CREXX\lib\plugins\keyaccess\keyaccess.c(949): note: consider using '%I64d' in the format string
2026-09-15T22:02:00.9138588Z D:\a\CREXX\CREXX\lib\plugins\keyaccess\keyaccess.c(1562): warning C4477: 'snprintf' : format string '%ld' requires an argument of type 'long', but variadic argument 1 has type 'time_t'
2026-09-15T22:02:00.9140117Z D:\a\CREXX\CREXX\lib\plugins\keyaccess\keyaccess.c(1562): note: consider using '%lld' in the format string
2026-09-15T22:02:00.9141281Z D:\a\CREXX\CREXX\lib\plugins\keyaccess\keyaccess.c(1562): note: consider using '%Id' in the format string
2026-09-15T22:02:00.9142419Z D:\a\CREXX\CREXX\lib\plugins\keyaccess\keyaccess.c(1562): note: consider using '%I64d' in the format string
2026-09-15T22:02:01.2558263Z [167/1841] Building C object lib\plugins\id\CMakeFiles\id.dir\id.c.obj
2026-09-15T22:02:01.5526608Z [168/1841] Building C object lib\plugins\fs\CMakeFiles\fs.dir\rxfs.c.obj
2026-09-15T22:02:01.8558846Z [169/1841] Building C object lib\plugins\platform\CMakeFiles\_platform.dir\rxplatform.c.obj
2026-09-15T22:02:01.9884942Z [170/1841] Linking C shared module bin\rx_keyaccess.rxplugin
2026-09-15T22:02:02.1676689Z [171/1841] Linking C shared module bin\rxid.rxplugin
2026-09-15T22:02:02.3528364Z [172/1841] Linking C shared module bin\rxfs.rxplugin
2026-09-15T22:02:02.5310195Z [173/1841] Linking C shared module bin\rxplatform.rxplugin
2026-09-15T22:02:02.5870654Z [174/1841] Building C object interpreter\CMakeFiles\rxpashim.dir\rxpashim.c.obj
2026-09-15T22:02:02.6890427Z [175/1841] Building C object lib\plugins\hash\CMakeFiles\_hash.dir\rx_hash.c.obj
2026-09-15T22:02:03.1235771Z [176/1841] Building C object interpreter\CMakeFiles\rxbvm.dir\rxvmmain.c.obj
2026-09-15T22:02:03.1570026Z [177/1841] Linking C static library bin\rxpashim.lib
2026-09-15T22:02:03.2997454Z [178/1841] Building C object preprocessor\CMakeFiles\precomp.dir\precomp.c.obj
2026-09-15T22:02:03.4862903Z [179/1841] Linking C shared module bin\rx_hash.rxplugin
2026-09-15T22:02:03.5752114Z [180/1841] Building C object cpacker\CMakeFiles\rxcpack.dir\rxcpack.c.obj
2026-09-15T22:02:03.5753380Z D:\a\CREXX\CREXX\cpacker\rxcpack.c(190): warning C4477: 'fprintf' : format string '%lu' requires an argument of type 'unsigned long', but variadic argument 2 has type 'size_t'
2026-09-15T22:02:03.5754675Z D:\a\CREXX\CREXX\cpacker\rxcpack.c(190): note: consider using '%zu' in the format string
2026-09-15T22:02:03.9569801Z [181/1841] Building C object interpreter\CMakeFiles\rxvml.dir\rxvmlib.c.obj
2026-09-15T22:02:04.4298826Z [182/1841] Building C object interpreter\CMakeFiles\rxvml.dir\rxvml.c.obj
2026-09-15T22:02:04.5719505Z [183/1841] Building C object preprocessor\CMakeFiles\precomp_static.dir\precomp.c.obj
2026-09-15T22:02:04.7027690Z [184/1841] Linking C shared module bin\rxprecomp.rxplugin
2026-09-15T22:02:04.9992264Z [185/1841] Building C object lib\plugins\fs\CMakeFiles\fs_static.dir\rxfs.c.obj
2026-09-15T22:02:05.2973894Z [186/1841] Building C object lib\plugins\platform\CMakeFiles\_platform_static.dir\rxplatform.c.obj
2026-09-15T22:02:05.4217801Z [187/1841] Linking C executable bin\rxcpack.exe
2026-09-15T22:02:05.4564878Z [188/1841] Linking C static library bin\rxprecomp_static.lib
2026-09-15T22:02:05.5128997Z [189/1841] Stage rxpp macro support files ...
2026-09-15T22:02:05.6290953Z [190/1841] Linking C static library bin\rxfs_static.lib
2026-09-15T22:02:05.7395667Z [191/1841] Linking C static library bin\rxplatform_static.lib
2026-09-15T22:02:05.8478389Z [192/1841] Building C object interpreter\rxvmplugin\rxvmplugins\mc_decimal\CMakeFiles\mc_decimal_dynamic.dir\mc_decimal.c.obj
2026-09-15T22:02:05.9439844Z [193/1841] Building C object lib\plugins\float\CMakeFiles\float.dir\rxfloat.c.obj
2026-09-15T22:02:06.0208765Z [194/1841] Building C object lib\plugins\float\CMakeFiles\float_static.dir\rxfloat.c.obj
2026-09-15T22:02:06.1098230Z [195/1841] Building C object lib\plugins\hash\CMakeFiles\_hash_static.dir\rx_hash.c.obj
2026-09-15T22:02:06.4791133Z [196/1841] Building C object lib\plugins\keyaccess\CMakeFiles\_keyaccess_static.dir\keyaccess.c.obj
2026-09-15T22:02:06.4792633Z D:\a\CREXX\CREXX\lib\plugins\keyaccess\keyaccess.c(949): warning C4477: 'fprintf' : format string '%ld' requires an argument of type 'long', but variadic argument 1 has type 'time_t'
2026-09-15T22:02:06.4794042Z D:\a\CREXX\CREXX\lib\plugins\keyaccess\keyaccess.c(949): note: consider using '%lld' in the format string
2026-09-15T22:02:06.4795090Z D:\a\CREXX\CREXX\lib\plugins\keyaccess\keyaccess.c(949): note: consider using '%Id' in the format string
2026-09-15T22:02:06.4796159Z D:\a\CREXX\CREXX\lib\plugins\keyaccess\keyaccess.c(949): note: consider using '%I64d' in the format string
2026-09-15T22:02:06.4797647Z D:\a\CREXX\CREXX\lib\plugins\keyaccess\keyaccess.c(1562): warning C4477: 'snprintf' : format string '%ld' requires an argument of type 'long', but variadic argument 1 has type 'time_t'
2026-09-15T22:02:06.4799156Z D:\a\CREXX\CREXX\lib\plugins\keyaccess\keyaccess.c(1562): note: consider using '%lld' in the format string
2026-09-15T22:02:06.4800246Z D:\a\CREXX\CREXX\lib\plugins\keyaccess\keyaccess.c(1562): note: consider using '%Id' in the format string
2026-09-15T22:02:06.4801341Z D:\a\CREXX\CREXX\lib\plugins\keyaccess\keyaccess.c(1562): note: consider using '%I64d' in the format string
2026-09-15T22:02:06.7974683Z [197/1841] Building C object lib\plugins\llist\CMakeFiles\_llist.dir\llist.c.obj
2026-09-15T22:02:07.1050842Z [198/1841] Building C object lib\plugins\llist\CMakeFiles\_llist_static.dir\llist.c.obj
2026-09-15T22:02:07.3345136Z [199/1841] Building C object lib\plugins\treemap\CMakeFiles\_treemap.dir\treemap.c.obj
2026-09-15T22:02:07.3346973Z D:\a\CREXX\CREXX\lib\plugins\treemap\treemap.c(1085): warning C4477: 'printf' : format string '%lu' requires an argument of type 'unsigned long', but variadic argument 1 has type 'size_t'
2026-09-15T22:02:07.3348474Z D:\a\CREXX\CREXX\lib\plugins\treemap\treemap.c(1085): note: consider using '%zu' in the format string
2026-09-15T22:02:07.5532956Z [200/1841] Building C object lib\plugins\treemap\CMakeFiles\_treemap_static.dir\treemap.c.obj
2026-09-15T22:02:07.5534477Z D:\a\CREXX\CREXX\lib\plugins\treemap\treemap.c(1085): warning C4477: 'printf' : format string '%lu' requires an argument of type 'unsigned long', but variadic argument 1 has type 'size_t'
2026-09-15T22:02:07.5535930Z D:\a\CREXX\CREXX\lib\plugins\treemap\treemap.c(1085): note: consider using '%zu' in the format string
2026-09-15T22:02:07.6797369Z [201/1841] Linking C shared module bin\rxvm_mc_decimal.rxvmplugin
2026-09-15T22:02:07.8866805Z [202/1841] Linking C shared module bin\rxfloat.rxplugin
2026-09-15T22:02:08.0139952Z [203/1841] Linking C static library bin\rxfloat_static.lib
2026-09-15T22:02:08.1253013Z [204/1841] Linking C static library bin\rx_hash_static.lib
2026-09-15T22:02:08.1599102Z [205/1841] Linking C static library bin\rx_keyaccess_static.lib
2026-09-15T22:02:08.2827715Z [206/1841] Linking C shared module bin\rx_llist.rxplugin
2026-09-15T22:02:08.3161388Z [207/1841] Linking C static library bin\rx_llist_static.lib
2026-09-15T22:02:08.4417947Z [208/1841] Linking C shared module bin\rx_treemap.rxplugin
2026-09-15T22:02:08.4772029Z [209/1841] Linking C static library bin\rx_treemap_static.lib
2026-09-15T22:02:08.5421368Z [210/1841] Building C object linker\CMakeFiles\rxlink_concat_files.dir\tests\concat_files.c.obj
2026-09-15T22:02:08.8868237Z [211/1841] Building C object interpreter\CMakeFiles\_e5native.dir\tests\e5_native_return_plugin.c.obj
2026-09-15T22:02:24.0033452Z [212/1841] Building C object interpreter\CMakeFiles\rxbvm_core_objects.dir\rxvmintp.c.obj
2026-09-15T22:02:24.2388963Z [213/1841] Building C object lib\plugins\sqlite\CMakeFiles\sqlite.dir\rxsqlite.c.obj
2026-09-15T22:02:24.3118931Z [214/1841] Building C object lib\plugins\console\CMakeFiles\console.dir\rxconsole.c.obj
2026-09-15T22:02:24.6084567Z [215/1841] Building C object lib\plugins\console\CMakeFiles\console.dir\rxconsole_core.c.obj
2026-09-15T22:02:24.7215879Z [216/1841] Building C object lib\plugins\console\CMakeFiles\console.dir\rxconsole_decode.c.obj
2026-09-15T22:02:24.9940804Z [217/1841] Building C object tests\rxpa\CMakeFiles\_cri17_attached.dir\cri17_attached_provider.c.obj
2026-09-15T22:02:25.2632787Z [218/1841] Building C object tests\rxpa\CMakeFiles\_cri17_attached_static.dir\cri17_attached_provider.c.obj
2026-09-15T22:02:25.4375483Z [219/1841] Linking C executable linker\rxlink_concat_files.exe
2026-09-15T22:02:25.4801945Z [220/1841] Linking C static library bin\rxbvml.lib
2026-09-15T22:02:25.4985470Z [221/1841] Create Options Parser...
2026-09-15T22:02:26.2070171Z [222/1841] Create REXX B Parser...
2026-09-15T22:02:26.6826805Z [223/1841] Create Options Lexer...
2026-09-15T22:02:29.9774634Z [224/1841] Building C object lib\plugins\sqlite\CMakeFiles\crexx_sqlite3_objects.dir\vendor\sqlite3.c.obj
2026-09-15T22:02:31.2513931Z [225/1841] Create REXX C Lexer...
2026-09-15T22:02:31.6675144Z [226/1841] Create REXX C Parser...
2026-09-15T22:02:31.8632468Z [227/1841] Linking C executable bin\rxbvm.exe
2026-09-15T22:02:31.9177016Z [228/1841] Linking C static library bin\rxvml.lib
2026-09-15T22:02:31.9594183Z [229/1841] Creating rxvm copy of rxbvm
2026-09-15T22:02:31.9768200Z [230/1841] cREXX RXLINK fixture tests_link_root ...
2026-09-15T22:02:31.9938625Z [231/1841] cREXX RXLINK fixture tests_link_provider_a ...
2026-09-15T22:02:32.0112000Z [232/1841] cREXX RXLINK fixture tests_link_interface_root ...
2026-09-15T22:02:32.0279040Z [233/1841] cREXX RXLINK fixture tests_link_interface_impl ...
2026-09-15T22:02:32.0519974Z [234/1841] cREXX RXLINK success fixture ...
2026-09-15T22:02:32.0709171Z [235/1841] cREXX RXLINK interface fixture ...
2026-09-15T22:02:32.3672673Z [236/1841] Building C object disassembler\CMakeFiles\rxdas.dir\rxdamain.c.obj
2026-09-15T22:02:32.9865851Z [237/1841] Building C object disassembler\CMakeFiles\rxdas.dir\rxdadism.c.obj
2026-09-15T22:02:32.9867373Z D:\a\CREXX\CREXX\disassembler\rxdadism.c(1737): warning C4477: 'fprintf' : format string '%lx' requires an argument of type 'unsigned long', but variadic argument 1 has type 'size_t'
2026-09-15T22:02:32.9868817Z D:\a\CREXX\CREXX\disassembler\rxdadism.c(1737): note: consider using '%zx' in the format string
2026-09-15T22:02:32.9870346Z D:\a\CREXX\CREXX\disassembler\rxdadism.c(1748): warning C4477: 'fprintf' : format string '%.6lx' requires an argument of type 'unsigned long', but variadic argument 1 has type 'size_t'
2026-09-15T22:02:32.9871865Z D:\a\CREXX\CREXX\disassembler\rxdadism.c(1748): note: consider using '%zx' in the format string
2026-09-15T22:02:32.9873364Z D:\a\CREXX\CREXX\disassembler\rxdadism.c(1752): warning C4477: 'fprintf' : format string '%.6lx' requires an argument of type 'unsigned long', but variadic argument 1 has type 'size_t'
2026-09-15T22:02:32.9874932Z D:\a\CREXX\CREXX\disassembler\rxdadism.c(1752): note: consider using '%zx' in the format string
2026-09-15T22:02:32.9876782Z D:\a\CREXX\CREXX\disassembler\rxdadism.c(1756): warning C4477: 'fprintf' : format string '%.6lx' requires an argument of type 'unsigned long', but variadic argument 1 has type 'size_t'
2026-09-15T22:02:32.9878570Z D:\a\CREXX\CREXX\disassembler\rxdadism.c(1756): note: consider using '%zx' in the format string
2026-09-15T22:02:32.9880423Z D:\a\CREXX\CREXX\disassembler\rxdadism.c(1774): warning C4477: 'fprintf' : format string '%.6lx' requires an argument of type 'unsigned long', but variadic argument 1 has type 'size_t'
2026-09-15T22:02:32.9882013Z D:\a\CREXX\CREXX\disassembler\rxdadism.c(1774): note: consider using '%zx' in the format string
2026-09-15T22:02:32.9883602Z D:\a\CREXX\CREXX\disassembler\rxdadism.c(1781): warning C4477: 'fprintf' : format string '%.6lx' requires an argument of type 'unsigned long', but variadic argument 1 has type 'size_t'
2026-09-15T22:02:32.9885370Z D:\a\CREXX\CREXX\disassembler\rxdadism.c(1781): note: consider using '%zx' in the format string
2026-09-15T22:02:32.9886957Z D:\a\CREXX\CREXX\disassembler\rxdadism.c(1788): warning C4477: 'fprintf' : format string '%.6lx' requires an argument of type 'unsigned long', but variadic argument 1 has type 'size_t'
2026-09-15T22:02:32.9888546Z D:\a\CREXX\CREXX\disassembler\rxdadism.c(1788): note: consider using '%zx' in the format string
2026-09-15T22:02:32.9890059Z D:\a\CREXX\CREXX\disassembler\rxdadism.c(1788): warning C4477: 'fprintf' : format string '%.6lx' requires an argument of type 'unsigned long', but variadic argument 2 has type 'size_t'
2026-09-15T22:02:32.9891537Z D:\a\CREXX\CREXX\disassembler\rxdadism.c(1788): note: consider using '%zx' in the format string
2026-09-15T22:02:32.9893090Z D:\a\CREXX\CREXX\disassembler\rxdadism.c(1799): warning C4477: 'fprintf' : format string '%.6lx' requires an argument of type 'unsigned long', but variadic argument 1 has type 'size_t'
2026-09-15T22:02:32.9894643Z D:\a\CREXX\CREXX\disassembler\rxdadism.c(1799): note: consider using '%zx' in the format string
2026-09-15T22:02:32.9896109Z D:\a\CREXX\CREXX\disassembler\rxdadism.c(1810): warning C4477: 'fprintf' : format string '%.6lx' requires an argument of type 'unsigned long', but variadic argument 1 has type 'size_t'
2026-09-15T22:02:32.9897668Z D:\a\CREXX\CREXX\disassembler\rxdadism.c(1810): note: consider using '%zx' in the format string
2026-09-15T22:02:32.9899250Z D:\a\CREXX\CREXX\disassembler\rxdadism.c(1817): warning C4477: 'fprintf' : format string '%.6lx' requires an argument of type 'unsigned long', but variadic argument 1 has type 'size_t'
2026-09-15T22:02:32.9901305Z D:\a\CREXX\CREXX\disassembler\rxdadism.c(1817): note: consider using '%zx' in the format string
2026-09-15T22:02:32.9902861Z D:\a\CREXX\CREXX\disassembler\rxdadism.c(1829): warning C4477: 'fprintf' : format string '%.6lx' requires an argument of type 'unsigned long', but variadic argument 1 has type 'size_t'
2026-09-15T22:02:32.9904674Z D:\a\CREXX\CREXX\disassembler\rxdadism.c(1829): note: consider using '%zx' in the format string
2026-09-15T22:02:32.9906056Z D:\a\CREXX\CREXX\disassembler\rxdadism.c(1829): warning C4477: 'fprintf' : format string '%.6lx' requires an argument of type 'unsigned long', but variadic argument 2 has type 'size_t'
2026-09-15T22:02:32.9907562Z D:\a\CREXX\CREXX\disassembler\rxdadism.c(1829): note: consider using '%zx' in the format string
2026-09-15T22:02:32.9909027Z D:\a\CREXX\CREXX\disassembler\rxdadism.c(1853): warning C4477: 'fprintf' : format string '%.6lx' requires an argument of type 'unsigned long', but variadic argument 1 has type 'size_t'
2026-09-15T22:02:32.9910947Z D:\a\CREXX\CREXX\disassembler\rxdadism.c(1853): note: consider using '%zx' in the format string
2026-09-15T22:02:32.9912553Z D:\a\CREXX\CREXX\disassembler\rxdadism.c(1853): warning C4477: 'fprintf' : format string '%.6lx' requires an argument of type 'unsigned long', but variadic argument 2 has type 'size_t'
2026-09-15T22:02:32.9914110Z D:\a\CREXX\CREXX\disassembler\rxdadism.c(1853): note: consider using '%zx' in the format string
2026-09-15T22:02:32.9916425Z D:\a\CREXX\CREXX\disassembler\rxdadism.c(1876): warning C4477: 'fprintf' : format string '%.6lx' requires an argument of type 'unsigned long', but variadic argument 1 has type 'size_t'
2026-09-15T22:02:32.9917980Z D:\a\CREXX\CREXX\disassembler\rxdadism.c(1876): note: consider using '%zx' in the format string
2026-09-15T22:02:32.9919521Z D:\a\CREXX\CREXX\disassembler\rxdadism.c(1876): warning C4477: 'fprintf' : format string '%.6lx' requires an argument of type 'unsigned long', but variadic argument 2 has type 'size_t'
2026-09-15T22:02:32.9921324Z D:\a\CREXX\CREXX\disassembler\rxdadism.c(1876): note: consider using '%zx' in the format string
2026-09-15T22:02:32.9922842Z D:\a\CREXX\CREXX\disassembler\rxdadism.c(1893): warning C4477: 'fprintf' : format string '%.6lx' requires an argument of type 'unsigned long', but variadic argument 1 has type 'size_t'
2026-09-15T22:02:32.9924679Z D:\a\CREXX\CREXX\disassembler\rxdadism.c(1893): note: consider using '%zx' in the format string
2026-09-15T22:02:32.9926236Z D:\a\CREXX\CREXX\disassembler\rxdadism.c(1893): warning C4477: 'fprintf' : format string '%.6lx' requires an argument of type 'unsigned long', but variadic argument 2 has type 'size_t'
2026-09-15T22:02:32.9927785Z D:\a\CREXX\CREXX\disassembler\rxdadism.c(1893): note: consider using '%zx' in the format string
2026-09-15T22:02:32.9929325Z D:\a\CREXX\CREXX\disassembler\rxdadism.c(1906): warning C4477: 'fprintf' : format string '%.6lx' requires an argument of type 'unsigned long', but variadic argument 1 has type 'size_t'
2026-09-15T22:02:32.9930865Z D:\a\CREXX\CREXX\disassembler\rxdadism.c(1906): note: consider using '%zx' in the format string
2026-09-15T22:02:32.9932396Z D:\a\CREXX\CREXX\disassembler\rxdadism.c(1906): warning C4477: 'fprintf' : format string '%.6lx' requires an argument of type 'unsigned long', but variadic argument 2 has type 'size_t'
2026-09-15T22:02:32.9933966Z D:\a\CREXX\CREXX\disassembler\rxdadism.c(1906): note: consider using '%zx' in the format string
2026-09-15T22:02:32.9935542Z D:\a\CREXX\CREXX\disassembler\rxdadism.c(1920): warning C4477: 'fprintf' : format string '%.6lx' requires an argument of type 'unsigned long', but variadic argument 1 has type 'size_t'
2026-09-15T22:02:32.9937120Z D:\a\CREXX\CREXX\disassembler\rxdadism.c(1920): note: consider using '%zx' in the format string
2026-09-15T22:02:32.9938666Z D:\a\CREXX\CREXX\disassembler\rxdadism.c(1920): warning C4477: 'fprintf' : format string '%.6lx' requires an argument of type 'unsigned long', but variadic argument 2 has type 'size_t'
2026-09-15T22:02:32.9940165Z D:\a\CREXX\CREXX\disassembler\rxdadism.c(1920): note: consider using '%zx' in the format string
2026-09-15T22:02:32.9941926Z D:\a\CREXX\CREXX\disassembler\rxdadism.c(1933): warning C4477: 'fprintf' : format string '%.6lx' requires an argument of type 'unsigned long', but variadic argument 1 has type 'size_t'
2026-09-15T22:02:32.9943735Z D:\a\CREXX\CREXX\disassembler\rxdadism.c(1933): note: consider using '%zx' in the format string
2026-09-15T22:02:32.9945234Z D:\a\CREXX\CREXX\disassembler\rxdadism.c(1933): warning C4477: 'fprintf' : format string '%.6lx' requires an argument of type 'unsigned long', but variadic argument 2 has type 'size_t'
2026-09-15T22:02:32.9946690Z D:\a\CREXX\CREXX\disassembler\rxdadism.c(1933): note: consider using '%zx' in the format string
2026-09-15T22:02:32.9948152Z D:\a\CREXX\CREXX\disassembler\rxdadism.c(1944): warning C4477: 'fprintf' : format string '%.6lx' requires an argument of type 'unsigned long', but variadic argument 1 has type 'size_t'
2026-09-15T22:02:32.9949634Z D:\a\CREXX\CREXX\disassembler\rxdadism.c(1944): note: consider using '%zx' in the format string
2026-09-15T22:02:32.9951235Z D:\a\CREXX\CREXX\disassembler\rxdadism.c(1944): warning C4477: 'fprintf' : format string '%.6lx' requires an argument of type 'unsigned long', but variadic argument 2 has type 'size_t'
2026-09-15T22:02:32.9952883Z D:\a\CREXX\CREXX\disassembler\rxdadism.c(1944): note: consider using '%zx' in the format string
2026-09-15T22:02:32.9954473Z D:\a\CREXX\CREXX\disassembler\rxdadism.c(1963): warning C4477: 'fprintf' : format string '%.6lx' requires an argument of type 'unsigned long', but variadic argument 1 has type 'size_t'
2026-09-15T22:02:32.9955969Z D:\a\CREXX\CREXX\disassembler\rxdadism.c(1963): note: consider using '%zx' in the format string
2026-09-15T22:02:32.9957452Z D:\a\CREXX\CREXX\disassembler\rxdadism.c(1963): warning C4477: 'fprintf' : format string '%.6lx' requires an argument of type 'unsigned long', but variadic argument 2 has type 'size_t'
2026-09-15T22:02:32.9959036Z D:\a\CREXX\CREXX\disassembler\rxdadism.c(1963): note: consider using '%zx' in the format string
2026-09-15T22:02:32.9960811Z D:\a\CREXX\CREXX\disassembler\rxdadism.c(1988): warning C4477: 'fprintf' : format string '%.6lx' requires an argument of type 'unsigned long', but variadic argument 1 has type 'size_t'
2026-09-15T22:02:32.9962555Z D:\a\CREXX\CREXX\disassembler\rxdadism.c(1988): note: consider using '%zx' in the format string
2026-09-15T22:02:32.9964048Z D:\a\CREXX\CREXX\disassembler\rxdadism.c(1988): warning C4477: 'fprintf' : format string '%.6lx' requires an argument of type 'unsigned long', but variadic argument 2 has type 'size_t'
2026-09-15T22:02:32.9965584Z D:\a\CREXX\CREXX\disassembler\rxdadism.c(1988): note: consider using '%zx' in the format string
2026-09-15T22:02:32.9967134Z D:\a\CREXX\CREXX\disassembler\rxdadism.c(2002): warning C4477: 'fprintf' : format string '%.6lx' requires an argument of type 'unsigned long', but variadic argument 1 has type 'size_t'
2026-09-15T22:02:32.9968706Z D:\a\CREXX\CREXX\disassembler\rxdadism.c(2002): note: consider using '%zx' in the format string
2026-09-15T22:02:32.9970202Z D:\a\CREXX\CREXX\disassembler\rxdadism.c(2002): warning C4477: 'fprintf' : format string '%.6lx' requires an argument of type 'unsigned long', but variadic argument 2 has type 'size_t'
2026-09-15T22:02:32.9971789Z D:\a\CREXX\CREXX\disassembler\rxdadism.c(2002): note: consider using '%zx' in the format string
2026-09-15T22:02:32.9973372Z D:\a\CREXX\CREXX\disassembler\rxdadism.c(2018): warning C4477: 'fprintf' : format string '%.6lx' requires an argument of type 'unsigned long', but variadic argument 1 has type 'size_t'
2026-09-15T22:02:32.9974913Z D:\a\CREXX\CREXX\disassembler\rxdadism.c(2018): note: consider using '%zx' in the format string
2026-09-15T22:02:32.9976437Z D:\a\CREXX\CREXX\disassembler\rxdadism.c(2018): warning C4477: 'fprintf' : format string '%.6lx' requires an argument of type 'unsigned long', but variadic argument 2 has type 'size_t'
2026-09-15T22:02:32.9977888Z D:\a\CREXX\CREXX\disassembler\rxdadism.c(2018): note: consider using '%zx' in the format string
2026-09-15T22:02:32.9979448Z D:\a\CREXX\CREXX\disassembler\rxdadism.c(2034): warning C4477: 'fprintf' : format string '%.6lx' requires an argument of type 'unsigned long', but variadic argument 1 has type 'size_t'
2026-09-15T22:02:32.9981565Z D:\a\CREXX\CREXX\disassembler\rxdadism.c(2034): note: consider using '%zx' in the format string
2026-09-15T22:02:32.9983136Z D:\a\CREXX\CREXX\disassembler\rxdadism.c(2034): warning C4477: 'fprintf' : format string '%.6lx' requires an argument of type 'unsigned long', but variadic argument 2 has type 'size_t'
2026-09-15T22:02:32.9984707Z D:\a\CREXX\CREXX\disassembler\rxdadism.c(2034): note: consider using '%zx' in the format string
2026-09-15T22:02:32.9986236Z D:\a\CREXX\CREXX\disassembler\rxdadism.c(2048): warning C4477: 'fprintf' : format string '%.6lx' requires an argument of type 'unsigned long', but variadic argument 1 has type 'size_t'
2026-09-15T22:02:32.9987688Z D:\a\CREXX\CREXX\disassembler\rxdadism.c(2048): note: consider using '%zx' in the format string
2026-09-15T22:02:32.9989188Z D:\a\CREXX\CREXX\disassembler\rxdadism.c(2048): warning C4477: 'fprintf' : format string '%.6lx' requires an argument of type 'unsigned long', but variadic argument 2 has type 'size_t'
2026-09-15T22:02:32.9990723Z D:\a\CREXX\CREXX\disassembler\rxdadism.c(2048): note: consider using '%zx' in the format string
2026-09-15T22:02:32.9992286Z D:\a\CREXX\CREXX\disassembler\rxdadism.c(2062): warning C4477: 'fprintf' : format string '%.6lx' requires an argument of type 'unsigned long', but variadic argument 1 has type 'size_t'
2026-09-15T22:02:32.9993871Z D:\a\CREXX\CREXX\disassembler\rxdadism.c(2062): note: consider using '%zx' in the format string
2026-09-15T22:02:32.9995460Z D:\a\CREXX\CREXX\disassembler\rxdadism.c(2062): warning C4477: 'fprintf' : format string '%.6lx' requires an argument of type 'unsigned long', but variadic argument 2 has type 'size_t'
2026-09-15T22:02:32.9997072Z D:\a\CREXX\CREXX\disassembler\rxdadism.c(2062): note: consider using '%zx' in the format string
2026-09-15T22:02:32.9998583Z D:\a\CREXX\CREXX\disassembler\rxdadism.c(2077): warning C4477: 'fprintf' : format string '%.6lx' requires an argument of type 'unsigned long', but variadic argument 1 has type 'size_t'
2026-09-15T22:02:33.0000472Z D:\a\CREXX\CREXX\disassembler\rxdadism.c(2077): note: consider using '%zx' in the format string
2026-09-15T22:02:33.0002391Z D:\a\CREXX\CREXX\disassembler\rxdadism.c(2077): warning C4477: 'fprintf' : format string '%.6lx' requires an argument of type 'unsigned long', but variadic argument 2 has type 'size_t'
2026-09-15T22:02:33.0003925Z D:\a\CREXX\CREXX\disassembler\rxdadism.c(2077): note: consider using '%zx' in the format string
2026-09-15T22:02:33.0005404Z D:\a\CREXX\CREXX\disassembler\rxdadism.c(2084): warning C4477: 'fprintf' : format string '%.6lx' requires an argument of type 'unsigned long', but variadic argument 1 has type 'size_t'
2026-09-15T22:02:33.0006898Z D:\a\CREXX\CREXX\disassembler\rxdadism.c(2084): note: consider using '%zx' in the format string
2026-09-15T22:02:33.0008434Z D:\a\CREXX\CREXX\disassembler\rxdadism.c(2096): warning C4477: 'fprintf' : format string '%lx' requires an argument of type 'unsigned long', but variadic argument 1 has type 'size_t'
2026-09-15T22:02:33.0010004Z D:\a\CREXX\CREXX\disassembler\rxdadism.c(2096): note: consider using '%zx' in the format string
2026-09-15T22:02:33.0011518Z D:\a\CREXX\CREXX\disassembler\rxdadism.c(2157): warning C4477: 'snprintf' : format string '%lx' requires an argument of type 'unsigned long', but variadic argument 1 has type 'size_t'
2026-09-15T22:02:33.0013115Z D:\a\CREXX\CREXX\disassembler\rxdadism.c(2157): note: consider using '%zx' in the format string
2026-09-15T22:02:33.0014715Z D:\a\CREXX\CREXX\disassembler\rxdadism.c(2231): warning C4477: 'fprintf' : format string '%.6lx' requires an argument of type 'unsigned long', but variadic argument 1 has type 'size_t'
2026-09-15T22:02:33.0016344Z D:\a\CREXX\CREXX\disassembler\rxdadism.c(2231): note: consider using '%zx' in the format string
2026-09-15T22:02:33.0955075Z [238/1841] Building C object interpreter\CMakeFiles\mutate_retired_process_opcode.dir\tests\mutate_retired_process_opcode.c.obj
2026-09-15T22:02:33.2226637Z [239/1841] Linking C shared module bin\rx_e5native.rxplugin
2026-09-15T22:02:33.3989030Z [240/1841] Linking C shared module bin\rxconsole.rxplugin
2026-09-15T22:02:33.6117475Z [241/1841] Linking C shared module bin\rxsqlite.rxplugin
2026-09-15T22:02:34.0579876Z [242/1841] Building C object lib\plugins\recv390\CMakeFiles\_recv390.dir\recv390.c.obj
2026-09-15T22:02:34.2542675Z [243/1841] Building C object lib\plugins\map\CMakeFiles\_map.dir\map.c.obj
2026-09-15T22:02:34.4353793Z [244/1841] Linking C shared module tests\rxpa\rx_cri17provider.rxplugin
2026-09-15T22:02:34.5488774Z [245/1841] Linking C static library tests\rx_cri17provider_static.lib
2026-09-15T22:02:34.5982585Z [246/1841] Building C object tests\rxpa\CMakeFiles\_rxpa_callmethod_static.dir\rxpa_callmethod.c.obj
2026-09-15T22:02:34.6600264Z [247/1841] Building C object tests\rxpa\CMakeFiles\_rxpalink_decl.dir\rxpa_staticlink.c.obj
2026-09-15T22:02:34.7355547Z [248/1841] Building C object tests\rxpa\CMakeFiles\_testfuncs_static.dir\rxpa_functests.c.obj
2026-09-15T22:02:34.7774483Z [249/1841] Building C object compiler\exits\address\CMakeFiles\address_spawn_group_fixture.dir\address_spawn_group_fixture.c.obj
2026-09-15T22:02:34.7964212Z [250/1841] cREXX RXLINK inline-metadata fixture ...
2026-09-15T22:02:34.8131485Z [251/1841] cREXX RXLINK stripped fixture ...
2026-09-15T22:02:34.8380494Z [252/1841] cREXX RXLINK record-stream concat fixture ...
2026-09-15T22:02:34.9666298Z [253/1841] Linking C executable bin\rxdas.exe
2026-09-15T22:02:35.0480175Z [254/1841] Building C object disassembler\CMakeFiles\mutate_graph_rxbin.dir\tests\mutate_graph_rxbin.c.obj
2026-09-15T22:02:35.4688542Z [255/1841] Building C object interpreter\CMakeFiles\rxvm_platform_notls_objects.dir\rxvmsock.c.obj
2026-09-15T22:02:35.7752880Z [256/1841] Building C object interpreter\CMakeFiles\crexxsaa.dir\crexxsaa.c.obj
2026-09-15T22:02:35.8326081Z [257/1841] Building C object interpreter\CMakeFiles\rxpa_host_fixture_modern.dir\tests\rxpa_host_service_fixture.c.obj
2026-09-15T22:02:35.8916090Z [258/1841] Building C object interpreter\CMakeFiles\rxpa_host_fixture_old.dir\tests\rxpa_host_service_fixture.c.obj
2026-09-15T22:02:36.0169865Z [259/1841] Building C object interpreter\CMakeFiles\mutate_jtable_rxbin.dir\tests\mutate_jtable_rxbin.c.obj
2026-09-15T22:02:36.1456760Z [260/1841] Linking C executable interpreter\mutate_retired_process_opcode.exe
2026-09-15T22:02:36.4952837Z [261/1841] Building C object interpreter\CMakeFiles\_e5native_static.dir\tests\e5_native_return_plugin.c.obj
2026-09-15T22:02:36.5151881Z [262/1841] cREXX RXAS Float Constant Pool Tests ...
2026-09-15T22:02:36.5320676Z [263/1841] cREXX RXBIN 007 portable-format tests ...
2026-09-15T22:02:36.5762392Z [264/1841] Assembling Gate F F1e process channel fixture ...
2026-09-15T22:02:36.6170116Z [265/1841] Assembling PERF3-13 E5 sparse progress fixture ...
2026-09-15T22:02:36.7276279Z [266/1841] Building C object interpreter\rxvmplugin\rxvmplugins\mc_decimal\CMakeFiles\mc_decimal.dir\mc_decimal.c.obj
2026-09-15T22:02:36.8469963Z [267/1841] Building C object interpreter\rxvmplugin\rxvmplugins\db_decimal\CMakeFiles\db_decimal_dynamic.dir\db_decimal.c.obj
2026-09-15T22:02:36.9601187Z [268/1841] Building C object interpreter\rxvmplugin\rxvmplugins\db_decimal\CMakeFiles\db_decimal_manual.dir\db_decimal.c.obj
2026-09-15T22:02:37.2357887Z [269/1841] Building C object lib\rxfnsb\tests_functional\CMakeFiles\address_argv_fixture.dir\address_argv_fixture.c.obj
2026-09-15T22:02:37.3072514Z [270/1841] Building C object lib\rxfnsb\tests_functional\CMakeFiles\address_spawn_transfer_fixture.dir\address_spawn_transfer_fixture.c.obj
2026-09-15T22:02:37.5985788Z [271/1841] Building C object lib\rxfnsb\tests_functional\CMakeFiles\linein_stdin_harness.dir\linein_stdin_harness.c.obj
2026-09-15T22:02:37.6494416Z [272/1841] Building C object lib\plugins\CMakeFiles\_rxpa_session_failure.dir\__\__\interpreter\tests\rxpa_session_failure_plugin.c.obj
2026-09-15T22:02:37.8956766Z [273/1841] Building C object lib\plugins\arrays\CMakeFiles\_arrays.dir\arrays.c.obj
2026-09-15T22:02:38.0496122Z [274/1841] Building C object lib\plugins\stats\CMakeFiles\stats.dir\rxstats.c.obj
2026-09-15T22:02:38.1932720Z [275/1841] Building C object lib\plugins\stats\CMakeFiles\stats_static.dir\rxstats.c.obj
2026-09-15T22:02:38.3414501Z [276/1841] Building C object lib\plugins\vector\CMakeFiles\vector.dir\rxvector.c.obj
2026-09-15T22:02:38.4983543Z [277/1841] Building C object lib\plugins\vector\CMakeFiles\vector_static.dir\rxvector.c.obj
2026-09-15T22:02:38.5832209Z [278/1841] Building C object lib\plugins\stack\CMakeFiles\_stack.dir\stack.c.obj
2026-09-15T22:02:38.6628626Z [279/1841] Building C object lib\plugins\stack\CMakeFiles\_stack_static.dir\stack.c.obj
2026-09-15T22:02:38.7619421Z [280/1841] Building C object lib\plugins\cipher\CMakeFiles\_cipher.dir\cipher.c.obj
2026-09-15T22:02:38.8541870Z [281/1841] Building C object lib\plugins\cipher\CMakeFiles\_cipher_static.dir\cipher.c.obj
2026-09-15T22:02:39.0897078Z [282/1841] Building C object lib\plugins\sqlite\CMakeFiles\sqlite_static.dir\rxsqlite.c.obj
2026-09-15T22:02:39.2755949Z [283/1841] Building C object lib\plugins\strings\CMakeFiles\_strings.dir\strings.c.obj
2026-09-15T22:02:39.5737082Z [284/1841] Building C object lib\plugins\getpi\CMakeFiles\_getpi.dir\getpi.c.obj
2026-09-15T22:02:39.9058354Z [285/1841] Building C object lib\plugins\id\CMakeFiles\id_static.dir\id.c.obj
2026-09-15T22:02:39.9754601Z [286/1841] Building C object lib\plugins\console\CMakeFiles\console_static.dir\rxconsole.c.obj
2026-09-15T22:02:40.2744014Z [287/1841] Building C object lib\plugins\console\CMakeFiles\console_static.dir\rxconsole_core.c.obj
2026-09-15T22:02:40.3950591Z [288/1841] Building C object lib\plugins\console\CMakeFiles\console_static.dir\rxconsole_decode.c.obj
2026-09-15T22:02:40.5146959Z [289/1841] Linking C shared module bin\rx_recv390.rxplugin
2026-09-15T22:02:40.6438415Z [290/1841] Linking C shared module bin\rx_map.rxplugin
2026-09-15T22:02:40.8737377Z [291/1841] Building C object lib\plugins\rxtcp\CMakeFiles\_rxtcp.dir\rxtcp.c.obj
2026-09-15T22:02:41.2836486Z [292/1841] Building C object lib\plugins\odbc\CMakeFiles\_odbc_mock.dir\odbc.c.obj
2026-09-15T22:02:41.5683151Z [293/1841] Building C object lib\plugins\odbc\CMakeFiles\_odbc_mock.dir\tests\mock_odbc.c.obj
2026-09-15T22:02:41.8975543Z [294/1841] Building C object tests\native_signals\CMakeFiles\signal_tester.dir\sigtest-windows.c.obj
2026-09-15T22:02:41.9469818Z [295/1841] Building C object tests\rxpa\CMakeFiles\_rcc_provider.dir\rcc_provider.c.obj
2026-09-15T22:02:41.9933584Z [296/1841] Building C object tests\rxpa\CMakeFiles\_rcc_provider_static.dir\rcc_provider.c.obj
2026-09-15T22:02:42.2925338Z [297/1841] Building C object tests\rxpa\CMakeFiles\_rxpa_objects.dir\rxpa_objects.c.obj
2026-09-15T22:02:42.5906577Z [298/1841] Building C object tests\rxpa\CMakeFiles\_rxpa_objects_static.dir\rxpa_objects.c.obj
2026-09-15T22:02:42.6236663Z [299/1841] Linking C static library tests\rx_rxpa_callmethod_static.lib
2026-09-15T22:02:42.6582751Z [300/1841] Linking C static library tests\rx_rxpalink_decl.lib
2026-09-15T22:02:42.7032539Z [301/1841] Building C object tests\rxpa\CMakeFiles\_rxpa_classdecl_static_decl.dir\rxpa_classdecl.c.obj
2026-09-15T22:02:42.7554686Z [302/1841] Building C object tests\rxpa\CMakeFiles\_rxpalink_static.dir\rxpa_staticlink.c.obj
2026-09-15T22:02:42.7869862Z [303/1841] Linking C static library tests\rx_testfuncs_static.lib
2026-09-15T22:02:43.1955803Z [304/1841] Building C object tests\rxpa\CMakeFiles\funcvm.dir\__\__\interpreter\rxvmmain.c.obj
2026-09-15T22:02:43.2956706Z [305/1841] Building C object binutils\CMakeFiles\test_rxsha256.dir\tests\test_rxsha256.c.obj
2026-09-15T22:02:43.5231849Z [306/1841] Building C object binutils\CMakeFiles\test_rxgraph.dir\tests\test_rxgraph.c.obj
2026-09-15T22:02:43.6193517Z [307/1841] Building C object contract\CMakeFiles\crexx-contract.dir\contractmain.c.obj
2026-09-15T22:02:43.7966889Z [308/1841] Building C object contract\CMakeFiles\crexx-contract.dir\contract_model.c.obj
2026-09-15T22:02:43.9054077Z [309/1841] Building C object contract\CMakeFiles\crexx-contract.dir\contract_json.c.obj
2026-09-15T22:02:44.2214573Z [310/1841] Building C object contract\CMakeFiles\crexx-contract.dir\contract_compat.c.obj
2026-09-15T22:02:44.2910040Z [311/1841] Building C object compiler\tests\CMakeFiles\mutate_rxbin_feature.dir\mutate_rxbin_feature.c.obj
2026-09-15T22:02:44.3555631Z [312/1841] Building C object compiler\tests\CMakeFiles\test_rxvml_utf_boundaries.dir\src\test_rxvml_utf_boundaries.c.obj
2026-09-15T22:02:44.4794680Z [313/1841] Linking C executable bin\address_spawn_group_fixture.exe
2026-09-15T22:02:44.4981255Z [314/1841] cREXX RXLINK fixture tests_link_provider_b ...
2026-09-15T22:02:44.5151155Z [315/1841] cREXX RXLINK fixture tests_link_srcfproc_root ...
2026-09-15T22:02:44.5333254Z [316/1841] cREXX RXLINK fixture tests_link_srcfproc_contract ...
2026-09-15T22:02:44.5498346Z [317/1841] cREXX RXLINK fixture tests_link_srcmethod_root ...
2026-09-15T22:02:44.5675952Z [318/1841] cREXX RXLINK fixture tests_link_srcmethod_provider ...
2026-09-15T22:02:44.6932269Z [319/1841] Building C object linker\CMakeFiles\test_linked_format.dir\tests\test_linked_format.c.obj
2026-09-15T22:02:44.8099561Z [320/1841] Linking C executable disassembler\mutate_graph_rxbin.exe
2026-09-15T22:02:45.0527011Z [321/1841] Building C object disassembler\CMakeFiles\test_disassembler_dump.dir\tests\test_disassembler_dump.c.obj
2026-09-15T22:02:45.6798010Z [322/1841] Building C object disassembler\CMakeFiles\test_disassembler_dump.dir\rxdadism.c.obj
2026-09-15T22:02:45.6799579Z D:\a\CREXX\CREXX\disassembler\rxdadism.c(1737): warning C4477: 'fprintf' : format string '%lx' requires an argument of type 'unsigned long', but variadic argument 1 has type 'size_t'
2026-09-15T22:02:45.6802500Z D:\a\CREXX\CREXX\disassembler\rxdadism.c(1737): note: consider using '%zx' in the format string
2026-09-15T22:02:45.6804279Z D:\a\CREXX\CREXX\disassembler\rxdadism.c(1748): warning C4477: 'fprintf' : format string '%.6lx' requires an argument of type 'unsigned long', but variadic argument 1 has type 'size_t'
2026-09-15T22:02:45.6808684Z D:\a\CREXX\CREXX\disassembler\rxdadism.c(1748): note: consider using '%zx' in the format string
2026-09-15T22:02:45.6810412Z D:\a\CREXX\CREXX\disassembler\rxdadism.c(1752): warning C4477: 'fprintf' : format string '%.6lx' requires an argument of type 'unsigned long', but variadic argument 1 has type 'size_t'
2026-09-15T22:02:45.6812108Z D:\a\CREXX\CREXX\disassembler\rxdadism.c(1752): note: consider using '%zx' in the format string
2026-09-15T22:02:45.6814038Z D:\a\CREXX\CREXX\disassembler\rxdadism.c(1756): warning C4477: 'fprintf' : format string '%.6lx' requires an argument of type 'unsigned long', but variadic argument 1 has type 'size_t'
2026-09-15T22:02:45.6815699Z D:\a\CREXX\CREXX\disassembler\rxdadism.c(1756): note: consider using '%zx' in the format string
2026-09-15T22:02:45.6817380Z D:\a\CREXX\CREXX\disassembler\rxdadism.c(1774): warning C4477: 'fprintf' : format string '%.6lx' requires an argument of type 'unsigned long', but variadic argument 1 has type 'size_t'
2026-09-15T22:02:45.6819047Z D:\a\CREXX\CREXX\disassembler\rxdadism.c(1774): note: consider using '%zx' in the format string
2026-09-15T22:02:45.6820711Z D:\a\CREXX\CREXX\disassembler\rxdadism.c(1781): warning C4477: 'fprintf' : format string '%.6lx' requires an argument of type 'unsigned long', but variadic argument 1 has type 'size_t'
2026-09-15T22:02:45.6822377Z D:\a\CREXX\CREXX\disassembler\rxdadism.c(1781): note: consider using '%zx' in the format string
2026-09-15T22:02:45.6824052Z D:\a\CREXX\CREXX\disassembler\rxdadism.c(1788): warning C4477: 'fprintf' : format string '%.6lx' requires an argument of type 'unsigned long', but variadic argument 1 has type 'size_t'
2026-09-15T22:02:45.6825756Z D:\a\CREXX\CREXX\disassembler\rxdadism.c(1788): note: consider using '%zx' in the format string
2026-09-15T22:02:45.6827677Z D:\a\CREXX\CREXX\disassembler\rxdadism.c(1788): warning C4477: 'fprintf' : format string '%.6lx' requires an argument of type 'unsigned long', but variadic argument 2 has type 'size_t'
2026-09-15T22:02:45.6829368Z D:\a\CREXX\CREXX\disassembler\rxdadism.c(1788): note: consider using '%zx' in the format string
2026-09-15T22:02:45.6831027Z D:\a\CREXX\CREXX\disassembler\rxdadism.c(1799): warning C4477: 'fprintf' : format string '%.6lx' requires an argument of type 'unsigned long', but variadic argument 1 has type 'size_t'
2026-09-15T22:02:45.6832691Z D:\a\CREXX\CREXX\disassembler\rxdadism.c(1799): note: consider using '%zx' in the format string
2026-09-15T22:02:45.6834604Z D:\a\CREXX\CREXX\disassembler\rxdadism.c(1810): warning C4477: 'fprintf' : format string '%.6lx' requires an argument of type 'unsigned long', but variadic argument 1 has type 'size_t'
2026-09-15T22:02:45.6836298Z D:\a\CREXX\CREXX\disassembler\rxdadism.c(1810): note: consider using '%zx' in the format string
2026-09-15T22:02:45.6837996Z D:\a\CREXX\CREXX\disassembler\rxdadism.c(1817): warning C4477: 'fprintf' : format string '%.6lx' requires an argument of type 'unsigned long', but variadic argument 1 has type 'size_t'
2026-09-15T22:02:45.6839679Z D:\a\CREXX\CREXX\disassembler\rxdadism.c(1817): note: consider using '%zx' in the format string
2026-09-15T22:02:45.6841347Z D:\a\CREXX\CREXX\disassembler\rxdadism.c(1829): warning C4477: 'fprintf' : format string '%.6lx' requires an argument of type 'unsigned long', but variadic argument 1 has type 'size_t'
2026-09-15T22:02:45.6843005Z D:\a\CREXX\CREXX\disassembler\rxdadism.c(1829): note: consider using '%zx' in the format string
2026-09-15T22:02:45.6844711Z D:\a\CREXX\CREXX\disassembler\rxdadism.c(1829): warning C4477: 'fprintf' : format string '%.6lx' requires an argument of type 'unsigned long', but variadic argument 2 has type 'size_t'
2026-09-15T22:02:45.6846384Z D:\a\CREXX\CREXX\disassembler\rxdadism.c(1829): note: consider using '%zx' in the format string
2026-09-15T22:02:45.6848064Z D:\a\CREXX\CREXX\disassembler\rxdadism.c(1853): warning C4477: 'fprintf' : format string '%.6lx' requires an argument of type 'unsigned long', but variadic argument 1 has type 'size_t'
2026-09-15T22:02:45.6849872Z D:\a\CREXX\CREXX\disassembler\rxdadism.c(1853): note: consider using '%zx' in the format string
2026-09-15T22:02:45.6851574Z D:\a\CREXX\CREXX\disassembler\rxdadism.c(1853): warning C4477: 'fprintf' : format string '%.6lx' requires an argument of type 'unsigned long', but variadic argument 2 has type 'size_t'
2026-09-15T22:02:45.6853490Z D:\a\CREXX\CREXX\disassembler\rxdadism.c(1853): note: consider using '%zx' in the format string
2026-09-15T22:02:45.6855199Z D:\a\CREXX\CREXX\disassembler\rxdadism.c(1876): warning C4477: 'fprintf' : format string '%.6lx' requires an argument of type 'unsigned long', but variadic argument 1 has type 'size_t'
2026-09-15T22:02:45.6856874Z D:\a\CREXX\CREXX\disassembler\rxdadism.c(1876): note: consider using '%zx' in the format string
2026-09-15T22:02:45.6858542Z D:\a\CREXX\CREXX\disassembler\rxdadism.c(1876): warning C4477: 'fprintf' : format string '%.6lx' requires an argument of type 'unsigned long', but variadic argument 2 has type 'size_t'
2026-09-15T22:02:45.6860214Z D:\a\CREXX\CREXX\disassembler\rxdadism.c(1876): note: consider using '%zx' in the format string
2026-09-15T22:02:45.6861888Z D:\a\CREXX\CREXX\disassembler\rxdadism.c(1893): warning C4477: 'fprintf' : format string '%.6lx' requires an argument of type 'unsigned long', but variadic argument 1 has type 'size_t'
2026-09-15T22:02:45.6863566Z D:\a\CREXX\CREXX\disassembler\rxdadism.c(1893): note: consider using '%zx' in the format string
2026-09-15T22:02:45.6865256Z D:\a\CREXX\CREXX\disassembler\rxdadism.c(1893): warning C4477: 'fprintf' : format string '%.6lx' requires an argument of type 'unsigned long', but variadic argument 2 has type 'size_t'
2026-09-15T22:02:45.6866934Z D:\a\CREXX\CREXX\disassembler\rxdadism.c(1893): note: consider using '%zx' in the format string
2026-09-15T22:02:45.6868760Z D:\a\CREXX\CREXX\disassembler\rxdadism.c(1906): warning C4477: 'fprintf' : format string '%.6lx' requires an argument of type 'unsigned long', but variadic argument 1 has type 'size_t'
2026-09-15T22:02:45.6870439Z D:\a\CREXX\CREXX\disassembler\rxdadism.c(1906): note: consider using '%zx' in the format string
2026-09-15T22:02:45.6872116Z D:\a\CREXX\CREXX\disassembler\rxdadism.c(1906): warning C4477: 'fprintf' : format string '%.6lx' requires an argument of type 'unsigned long', but variadic argument 2 has type 'size_t'
2026-09-15T22:02:45.6874029Z D:\a\CREXX\CREXX\disassembler\rxdadism.c(1906): note: consider using '%zx' in the format string
2026-09-15T22:02:45.6875699Z D:\a\CREXX\CREXX\disassembler\rxdadism.c(1920): warning C4477: 'fprintf' : format string '%.6lx' requires an argument of type 'unsigned long', but variadic argument 1 has type 'size_t'
2026-09-15T22:02:45.6877360Z D:\a\CREXX\CREXX\disassembler\rxdadism.c(1920): note: consider using '%zx' in the format string
2026-09-15T22:02:45.6879103Z D:\a\CREXX\CREXX\disassembler\rxdadism.c(1920): warning C4477: 'fprintf' : format string '%.6lx' requires an argument of type 'unsigned long', but variadic argument 2 has type 'size_t'
2026-09-15T22:02:45.6880783Z D:\a\CREXX\CREXX\disassembler\rxdadism.c(1920): note: consider using '%zx' in the format string
2026-09-15T22:02:45.6882455Z D:\a\CREXX\CREXX\disassembler\rxdadism.c(1933): warning C4477: 'fprintf' : format string '%.6lx' requires an argument of type 'unsigned long', but variadic argument 1 has type 'size_t'
2026-09-15T22:02:45.6884128Z D:\a\CREXX\CREXX\disassembler\rxdadism.c(1933): note: consider using '%zx' in the format string
2026-09-15T22:02:45.6885876Z D:\a\CREXX\CREXX\disassembler\rxdadism.c(1933): warning C4477: 'fprintf' : format string '%.6lx' requires an argument of type 'unsigned long', but variadic argument 2 has type 'size_t'
2026-09-15T22:02:45.6887546Z D:\a\CREXX\CREXX\disassembler\rxdadism.c(1933): note: consider using '%zx' in the format string
2026-09-15T22:02:45.6889218Z D:\a\CREXX\CREXX\disassembler\rxdadism.c(1944): warning C4477: 'fprintf' : format string '%.6lx' requires an argument of type 'unsigned long', but variadic argument 1 has type 'size_t'
2026-09-15T22:02:45.6891078Z D:\a\CREXX\CREXX\disassembler\rxdadism.c(1944): note: consider using '%zx' in the format string
2026-09-15T22:02:45.6892747Z D:\a\CREXX\CREXX\disassembler\rxdadism.c(1944): warning C4477: 'fprintf' : format string '%.6lx' requires an argument of type 'unsigned long', but variadic argument 2 has type 'size_t'
2026-09-15T22:02:45.6894661Z D:\a\CREXX\CREXX\disassembler\rxdadism.c(1944): note: consider using '%zx' in the format string
2026-09-15T22:02:45.6896337Z D:\a\CREXX\CREXX\disassembler\rxdadism.c(1963): warning C4477: 'fprintf' : format string '%.6lx' requires an argument of type 'unsigned long', but variadic argument 1 has type 'size_t'
2026-09-15T22:02:45.6897995Z D:\a\CREXX\CREXX\disassembler\rxdadism.c(1963): note: consider using '%zx' in the format string
2026-09-15T22:02:45.6899657Z D:\a\CREXX\CREXX\disassembler\rxdadism.c(1963): warning C4477: 'fprintf' : format string '%.6lx' requires an argument of type 'unsigned long', but variadic argument 2 has type 'size_t'
2026-09-15T22:02:45.6901335Z D:\a\CREXX\CREXX\disassembler\rxdadism.c(1963): note: consider using '%zx' in the format string
2026-09-15T22:02:45.6903056Z D:\a\CREXX\CREXX\disassembler\rxdadism.c(1988): warning C4477: 'fprintf' : format string '%.6lx' requires an argument of type 'unsigned long', but variadic argument 1 has type 'size_t'
2026-09-15T22:02:45.6904719Z D:\a\CREXX\CREXX\disassembler\rxdadism.c(1988): note: consider using '%zx' in the format string
2026-09-15T22:02:45.6906385Z D:\a\CREXX\CREXX\disassembler\rxdadism.c(1988): warning C4477: 'fprintf' : format string '%.6lx' requires an argument of type 'unsigned long', but variadic argument 2 has type 'size_t'
2026-09-15T22:02:45.6908048Z D:\a\CREXX\CREXX\disassembler\rxdadism.c(1988): note: consider using '%zx' in the format string
2026-09-15T22:02:45.6909854Z D:\a\CREXX\CREXX\disassembler\rxdadism.c(2002): warning C4477: 'fprintf' : format string '%.6lx' requires an argument of type 'unsigned long', but variadic argument 1 has type 'size_t'
2026-09-15T22:02:45.6911546Z D:\a\CREXX\CREXX\disassembler\rxdadism.c(2002): note: consider using '%zx' in the format string
2026-09-15T22:02:45.6913221Z D:\a\CREXX\CREXX\disassembler\rxdadism.c(2002): warning C4477: 'fprintf' : format string '%.6lx' requires an argument of type 'unsigned long', but variadic argument 2 has type 'size_t'
2026-09-15T22:02:45.6915125Z D:\a\CREXX\CREXX\disassembler\rxdadism.c(2002): note: consider using '%zx' in the format string
2026-09-15T22:02:45.6916744Z D:\a\CREXX\CREXX\disassembler\rxdadism.c(2018): warning C4477: 'fprintf' : format string '%.6lx' requires an argument of type 'unsigned long', but variadic argument 1 has type 'size_t'
2026-09-15T22:02:45.6918294Z D:\a\CREXX\CREXX\disassembler\rxdadism.c(2018): note: consider using '%zx' in the format string
2026-09-15T22:02:45.6919864Z D:\a\CREXX\CREXX\disassembler\rxdadism.c(2018): warning C4477: 'fprintf' : format string '%.6lx' requires an argument of type 'unsigned long', but variadic argument 2 has type 'size_t'
2026-09-15T22:02:45.6921485Z D:\a\CREXX\CREXX\disassembler\rxdadism.c(2018): note: consider using '%zx' in the format string
2026-09-15T22:02:45.6923035Z D:\a\CREXX\CREXX\disassembler\rxdadism.c(2034): warning C4477: 'fprintf' : format string '%.6lx' requires an argument of type 'unsigned long', but variadic argument 1 has type 'size_t'
2026-09-15T22:02:45.6924548Z D:\a\CREXX\CREXX\disassembler\rxdadism.c(2034): note: consider using '%zx' in the format string
2026-09-15T22:02:45.6926089Z D:\a\CREXX\CREXX\disassembler\rxdadism.c(2034): warning C4477: 'fprintf' : format string '%.6lx' requires an argument of type 'unsigned long', but variadic argument 2 has type 'size_t'
2026-09-15T22:02:45.6927611Z D:\a\CREXX\CREXX\disassembler\rxdadism.c(2034): note: consider using '%zx' in the format string
2026-09-15T22:02:45.6929143Z D:\a\CREXX\CREXX\disassembler\rxdadism.c(2048): warning C4477: 'fprintf' : format string '%.6lx' requires an argument of type 'unsigned long', but variadic argument 1 has type 'size_t'
2026-09-15T22:02:45.6930848Z D:\a\CREXX\CREXX\disassembler\rxdadism.c(2048): note: consider using '%zx' in the format string
2026-09-15T22:02:45.6932382Z D:\a\CREXX\CREXX\disassembler\rxdadism.c(2048): warning C4477: 'fprintf' : format string '%.6lx' requires an argument of type 'unsigned long', but variadic argument 2 has type 'size_t'
2026-09-15T22:02:45.6934310Z D:\a\CREXX\CREXX\disassembler\rxdadism.c(2048): note: consider using '%zx' in the format string
2026-09-15T22:02:45.6935866Z D:\a\CREXX\CREXX\disassembler\rxdadism.c(2062): warning C4477: 'fprintf' : format string '%.6lx' requires an argument of type 'unsigned long', but variadic argument 1 has type 'size_t'
2026-09-15T22:02:45.6937389Z D:\a\CREXX\CREXX\disassembler\rxdadism.c(2062): note: consider using '%zx' in the format string
2026-09-15T22:02:45.6938924Z D:\a\CREXX\CREXX\disassembler\rxdadism.c(2062): warning C4477: 'fprintf' : format string '%.6lx' requires an argument of type 'unsigned long', but variadic argument 2 has type 'size_t'
2026-09-15T22:02:45.6940514Z D:\a\CREXX\CREXX\disassembler\rxdadism.c(2062): note: consider using '%zx' in the format string
2026-09-15T22:02:45.6941978Z D:\a\CREXX\CREXX\disassembler\rxdadism.c(2077): warning C4477: 'fprintf' : format string '%.6lx' requires an argument of type 'unsigned long', but variadic argument 1 has type 'size_t'
2026-09-15T22:02:45.6943175Z D:\a\CREXX\CREXX\disassembler\rxdadism.c(2077): note: consider using '%zx' in the format string
2026-09-15T22:02:45.6944052Z D:\a\CREXX\CREXX\disassembler\rxdadism.c(2077): warning C4477: 'fprintf' : format string '%.6lx' requires an argument of type 'unsigned long', but variadic argument 2 has type 'size_t'
2026-09-15T22:02:45.6944912Z D:\a\CREXX\CREXX\disassembler\rxdadism.c(2077): note: consider using '%zx' in the format string
2026-09-15T22:02:45.6945957Z D:\a\CREXX\CREXX\disassembler\rxdadism.c(2084): warning C4477: 'fprintf' : format string '%.6lx' requires an argument of type 'unsigned long', but variadic argument 1 has type 'size_t'
2026-09-15T22:02:45.6946842Z D:\a\CREXX\CREXX\disassembler\rxdadism.c(2084): note: consider using '%zx' in the format string
2026-09-15T22:02:45.6947695Z D:\a\CREXX\CREXX\disassembler\rxdadism.c(2096): warning C4477: 'fprintf' : format string '%lx' requires an argument of type 'unsigned long', but variadic argument 1 has type 'size_t'
2026-09-15T22:02:45.6948545Z D:\a\CREXX\CREXX\disassembler\rxdadism.c(2096): note: consider using '%zx' in the format string
2026-09-15T22:02:45.6949396Z D:\a\CREXX\CREXX\disassembler\rxdadism.c(2157): warning C4477: 'snprintf' : format string '%lx' requires an argument of type 'unsigned long', but variadic argument 1 has type 'size_t'
2026-09-15T22:02:45.6950251Z D:\a\CREXX\CREXX\disassembler\rxdadism.c(2157): note: consider using '%zx' in the format string
2026-09-15T22:02:45.6951109Z D:\a\CREXX\CREXX\disassembler\rxdadism.c(2231): warning C4477: 'fprintf' : format string '%.6lx' requires an argument of type 'unsigned long', but variadic argument 1 has type 'size_t'
2026-09-15T22:02:45.6953328Z D:\a\CREXX\CREXX\disassembler\rxdadism.c(2231): note: consider using '%zx' in the format string
2026-09-15T22:02:45.6987185Z [323/1841] cREXX RXDAS roundtrip fixture tests_compact_format ...
2026-09-15T22:02:57.6140385Z [324/1841] Create REXX B Lexer...
2026-09-15T22:02:57.8331674Z [325/1841] Building C object compiler\CMakeFiles\rxclib.dir\rxcpmain.c.obj
2026-09-15T22:02:58.1439564Z [326/1841] Building C object compiler\CMakeFiles\rxclib.dir\rxcp_ast_core.c.obj
2026-09-15T22:02:58.2865365Z [327/1841] Building C object compiler\CMakeFiles\rxclib.dir\rxcp_ast_print.c.obj
2026-09-15T22:02:58.3622802Z [328/1841] Building C object compiler\CMakeFiles\rxclib.dir\rxcp_ast_walk.c.obj
2026-09-15T22:02:58.6024293Z [329/1841] Building C object compiler\CMakeFiles\rxclib.dir\rxcp_util.c.obj
2026-09-15T22:02:58.7608895Z [330/1841] Building C object compiler\CMakeFiles\rxclib.dir\rxcp_diag.c.obj
2026-09-15T22:02:58.8892129Z [331/1841] Building C object compiler\CMakeFiles\rxclib.dir\rxcp_diag_fallback.c.obj
2026-09-15T22:02:58.9250765Z [332/1841] Building C object compiler\CMakeFiles\rxclib.dir\rxcp_dsl.c.obj
2026-09-15T22:02:58.9630628Z [333/1841] Building C object compiler\CMakeFiles\rxclib.dir\rxcp_highlight_controller.c.obj
2026-09-15T22:02:59.1684737Z [334/1841] Building C object compiler\CMakeFiles\rxclib.dir\rxcp_source_tree.c.obj
2026-09-15T22:02:59.2694081Z [335/1841] Building C object compiler\CMakeFiles\rxclib.dir\rxcp_source_ext.c.obj
2026-09-15T22:02:59.5302292Z [336/1841] Building C object compiler\CMakeFiles\rxclib.dir\rxcp_srcmap.c.obj
2026-09-15T22:03:02.0688171Z [337/1841] Building C object compiler\CMakeFiles\rxclib.dir\rxcposcn.c.obj
2026-09-15T22:03:02.1950246Z [338/1841] Building C object compiler\CMakeFiles\rxclib.dir\rxcpopgr.c.obj
2026-09-15T22:03:02.2890682Z [339/1841] Building C object compiler\CMakeFiles\rxclib.dir\rxcpopar.c.obj
2026-09-15T22:04:06.1341217Z [340/1841] Building C object compiler\CMakeFiles\rxclib.dir\rexbscan.c.obj
2026-09-15T22:04:07.0805815Z [341/1841] Building C object compiler\CMakeFiles\rxclib.dir\rxcpbgmr.c.obj
2026-09-15T22:04:07.2129506Z [342/1841] Building C object compiler\CMakeFiles\rxclib.dir\rxcpbpar.c.obj
2026-09-15T22:04:11.0887385Z [343/1841] Building C object compiler\CMakeFiles\rxclib.dir\rexcscan.c.obj
2026-09-15T22:04:11.7306421Z [344/1841] Building C object compiler\CMakeFiles\rxclib.dir\rxcpcgmr.c.obj
2026-09-15T22:04:11.9898957Z [345/1841] Building C object compiler\CMakeFiles\rxclib.dir\rxcpcpar.c.obj
2026-09-15T22:04:12.2934614Z [346/1841] Building C object compiler\CMakeFiles\rxclib.dir\rxcpcdiag.c.obj
2026-09-15T22:04:12.3692904Z [347/1841] Building C object compiler\CMakeFiles\rxclib.dir\rxcpcsym.c.obj
2026-09-15T22:04:12.4801061Z [348/1841] Building C object compiler\CMakeFiles\rxclib.dir\rxcpcval.c.obj
2026-09-15T22:04:12.7128621Z [349/1841] Building C object compiler\CMakeFiles\rxclib.dir\rxcp_val_sym.c.obj
2026-09-15T22:04:13.1835643Z [350/1841] Building C object compiler\CMakeFiles\rxclib.dir\rxcp_val_type.c.obj
2026-09-15T22:04:13.3135696Z [351/1841] Building C object compiler\CMakeFiles\rxclib.dir\rxcp_val_trans.c.obj
2026-09-15T22:04:13.4104486Z [352/1841] Building C object compiler\CMakeFiles\rxclib.dir\rxcp_ast_rewrite.c.obj
2026-09-15T22:04:13.6504507Z [353/1841] Building C object compiler\CMakeFiles\rxclib.dir\rxcp_val_check.c.obj
2026-09-15T22:04:13.7289154Z [354/1841] Building C object compiler\CMakeFiles\rxclib.dir\rxcp_val_plugin.c.obj
2026-09-15T22:04:14.0360933Z [355/1841] Building C object compiler\CMakeFiles\rxclib.dir\rxcp_val_orch.c.obj
2026-09-15T22:04:14.3022058Z [356/1841] Building C object compiler\CMakeFiles\rxclib.dir\rxcpsymb.c.obj
2026-09-15T22:04:14.3763284Z [357/1841] Building C object compiler\CMakeFiles\rxclib.dir\rxcp_fixup.c.obj
2026-09-15T22:04:14.4865782Z [358/1841] Building C object compiler\CMakeFiles\rxclib.dir\rxcp_ast_val.c.obj
2026-09-15T22:04:14.5676420Z [359/1841] Building C object compiler\CMakeFiles\rxclib.dir\rxcp_remap.c.obj
2026-09-15T22:04:14.7476723Z [360/1841] Building C object compiler\CMakeFiles\rxclib.dir\rxcp_remap_build.c.obj
2026-09-15T22:04:15.0553182Z [361/1841] Building C object compiler\CMakeFiles\rxclib.dir\rxcp_task_lower.c.obj
2026-09-15T22:04:15.3830541Z [362/1841] Building C object compiler\CMakeFiles\rxclib.dir\rxcp_levelc_lower.c.obj
2026-09-15T22:04:16.4269208Z [363/1841] Building C object compiler\CMakeFiles\rxclib.dir\rxcp_inline.c.obj
2026-09-15T22:04:16.5496914Z [364/1841] Building C object compiler\CMakeFiles\rxclib.dir\rxcp_inline_rules.c.obj
2026-09-15T22:04:17.0152883Z [365/1841] Building C object compiler\CMakeFiles\rxclib.dir\rxcpemit.c.obj
2026-09-15T22:04:17.1880576Z [366/1841] Building C object compiler\CMakeFiles\rxclib.dir\rxcp_emit_core.c.obj
2026-09-15T22:04:17.3909077Z [367/1841] Building C object compiler\CMakeFiles\rxclib.dir\rxcp_emit_super.c.obj
2026-09-15T22:04:17.8343056Z [368/1841] Building C object compiler\CMakeFiles\rxclib.dir\rxcp_emit_reg.c.obj
2026-09-15T22:04:18.5280351Z [369/1841] Building C object compiler\CMakeFiles\rxclib.dir\rxcp_emit_expr.c.obj
2026-09-15T22:04:18.8683743Z [370/1841] Building C object compiler\CMakeFiles\rxclib.dir\rxcp_emit_flow.c.obj
2026-09-15T22:04:19.0502200Z [371/1841] Building C object compiler\CMakeFiles\rxclib.dir\rxcp_emit_proc.c.obj
2026-09-15T22:04:19.1893328Z [372/1841] Building C object compiler\CMakeFiles\rxclib.dir\rxcp_emit_meta.c.obj
2026-09-15T22:04:19.7993485Z [373/1841] Building C object compiler\CMakeFiles\rxclib.dir\rxcp_opt.c.obj
2026-09-15T22:04:20.5241150Z [374/1841] Building C object compiler\CMakeFiles\rxclib.dir\rxcp_partial_call.c.obj
2026-09-15T22:04:20.9681874Z [375/1841] Building C object compiler\CMakeFiles\rxclib.dir\rxcp_flow.c.obj
2026-09-15T22:04:21.1224688Z [376/1841] Building C object compiler\CMakeFiles\rxclib.dir\rxcp_dispatch.c.obj
2026-09-15T22:04:21.4405620Z [377/1841] Building C object compiler\CMakeFiles\rxclib.dir\__\platform\platform.c.obj
2026-09-15T22:04:21.4856450Z [378/1841] Building C object compiler\CMakeFiles\rxclib.dir\__\platform\rxinteger.c.obj
2026-09-15T22:04:22.2274443Z [379/1841] Building C object compiler\CMakeFiles\rxclib.dir\rxcpfunc.c.obj
2026-09-15T22:04:22.2275208Z D:\a\CREXX\CREXX\compiler\rxcpfunc.c(1876): warning C4068: unknown pragma 'clang'
2026-09-15T22:04:22.2275938Z D:\a\CREXX\CREXX\compiler\rxcpfunc.c(1877): warning C4068: unknown pragma 'ide'
2026-09-15T22:04:22.2276660Z D:\a\CREXX\CREXX\compiler\rxcpfunc.c(1941): warning C4068: unknown pragma 'clang'
2026-09-15T22:04:22.3937791Z [380/1841] Building C object compiler\CMakeFiles\rxclib.dir\rxcp_import_report.c.obj
2026-09-15T22:04:22.5137307Z [381/1841] Building C object compiler\CMakeFiles\rxclib.dir\rxcp_project_dependencies.c.obj
2026-09-15T22:04:22.6659143Z [382/1841] Building C object compiler\CMakeFiles\rxclib.dir\rxcp_import_publish.c.obj
2026-09-15T22:04:23.0667281Z [383/1841] Building C object compiler\CMakeFiles\rxclib.dir\rxcp_exit.c.obj
2026-09-15T22:04:23.1443169Z [384/1841] Building C object compiler\CMakeFiles\rxclib.dir\rxcp_instr.c.obj
2026-09-15T22:04:23.1978083Z [385/1841] Building C object compiler\CMakeFiles\rxc.dir\rxc_main.c.obj
2026-09-15T22:04:23.3600849Z [386/1841] Building C object compiler\tests\CMakeFiles\test_project_dependencies.dir\test_project_dependencies.c.obj
2026-09-15T22:04:23.4711494Z [387/1841] Building C object compiler\tests\CMakeFiles\test_import_resolution_report.dir\test_import_resolution_report.c.obj
2026-09-15T22:04:23.5504498Z [388/1841] Building C object compiler\tests\CMakeFiles\test_rxcp_super_combiner.dir\test_rxcp_super_combiner.c.obj
2026-09-15T22:04:23.6662461Z [389/1841] Building C object compiler\tests\CMakeFiles\test_source_provenance.dir\src\test_source_provenance.c.obj
2026-09-15T22:04:24.0339490Z [390/1841] Building C object interpreter\CMakeFiles\rxbvm_instrumented_core_objects.dir\rxvmworker.c.obj
2026-09-15T22:04:24.4752528Z [391/1841] Building C object interpreter\CMakeFiles\rxbvm_instrumented_core_objects.dir\rxvmprogram.c.obj
2026-09-15T22:04:25.4417413Z [392/1841] Building C object interpreter\CMakeFiles\rxbvm_instrumented_core_objects.dir\rxvmexecutor.c.obj
2026-09-15T22:04:26.2120308Z [393/1841] Building C object interpreter\CMakeFiles\rxbvm_instrumented_core_objects.dir\rxvmchannel.c.obj
2026-09-15T22:04:26.7878439Z [394/1841] Building C object interpreter\CMakeFiles\rxbvm_instrumented_core_objects.dir\rxvmchannel_process.c.obj
2026-09-15T22:04:26.8600541Z [395/1841] Building C object interpreter\CMakeFiles\rxbvm_instrumented_core_objects.dir\rxvmprocessprotocol.c.obj
2026-09-15T22:04:27.2356615Z [396/1841] Building C object interpreter\CMakeFiles\rxbvm_instrumented_core_objects.dir\rxvmprocessworker.c.obj
2026-09-15T22:04:27.6110391Z [397/1841] Building C object interpreter\CMakeFiles\rxbvm_instrumented_core_objects.dir\rxvmbyteendpoint.c.obj
2026-09-15T22:04:28.1156798Z [398/1841] Building C object interpreter\CMakeFiles\rxbvm_instrumented_core_objects.dir\rxvmchannel_byte.c.obj
2026-09-15T22:04:28.7091379Z [399/1841] Building C object interpreter\CMakeFiles\rxbvm_instrumented_core_objects.dir\rxvmchannel_child.c.obj
2026-09-15T22:04:28.8084942Z [400/1841] Building C object interpreter\CMakeFiles\rxbvm_instrumented_core_objects.dir\rxvmactive.c.obj
2026-09-15T22:04:29.5228918Z [401/1841] Building C object interpreter\CMakeFiles\rxbvm_instrumented_core_objects.dir\rxvmload.c.obj
2026-09-15T22:04:29.9356218Z [402/1841] Building C object interpreter\CMakeFiles\rxbvm_instrumented_core_objects.dir\interrupt.c.obj
2026-09-15T22:04:30.9684908Z [403/1841] Building C object interpreter\CMakeFiles\rxbvm_instrumented_core_objects.dir\rxspawn.c.obj
2026-09-15T22:04:31.7319954Z [404/1841] Building C object interpreter\CMakeFiles\rxbvm_instrumented_core_objects.dir\rxcrexxcmd.c.obj
2026-09-15T22:04:31.8390857Z [405/1841] Building C object interpreter\CMakeFiles\rxbvm_instrumented_core_objects.dir\exitfunc.c.obj
2026-09-15T22:04:32.0479226Z [406/1841] Building C object interpreter\CMakeFiles\rxbvm_instrumented_core_objects.dir\rxpacallmethod.c.obj
2026-09-15T22:04:32.3068486Z [407/1841] Building C object interpreter\CMakeFiles\rxbvm_instrumented_core_objects.dir\rxpafuncs.c.obj
2026-09-15T22:04:32.5467435Z [408/1841] Building C object interpreter\CMakeFiles\rxbvm_instrumented_core_objects.dir\rxvml\rxvm_run.c.obj
2026-09-15T22:04:32.6306335Z [409/1841] Building C object interpreter\CMakeFiles\test_rxseqfile.dir\tests\test_rxseqfile.c.obj
2026-09-15T22:04:32.7585463Z [410/1841] Building C object interpreter\CMakeFiles\test_rxseqfile.dir\rxseqfile.c.obj
2026-09-15T22:04:33.1772188Z [411/1841] Building C object interpreter\CMakeFiles\rxbvm_instrumented.dir\rxvmmain.c.obj
2026-09-15T22:04:33.2853847Z [412/1841] Building C object interpreter\CMakeFiles\test_rxcrexxcmd_flush.dir\tests\test_rxcrexxcmd_flush.c.obj
2026-09-15T22:04:33.4403047Z [413/1841] Linking C shared library bin\crexxsaa.dll
2026-09-15T22:04:33.5069123Z [414/1841] Linking C static library bin\rxclib.lib
2026-09-15T22:04:33.7639004Z [415/1841] Building C object interpreter\CMakeFiles\crexxsaa_tool.dir\crexxsaa_tool.c.obj
2026-09-15T22:04:34.9301066Z [416/1841] Building C object interpreter\CMakeFiles\ts_regvalue_tester.dir\tests\ts_regvalue_tester.c.obj
2026-09-15T22:04:35.7853882Z [417/1841] Building C object interpreter\CMakeFiles\test_rxvmstem.dir\tests\test_rxvmstem.c.obj
2026-09-15T22:04:36.1150481Z [418/1841] Building C object interpreter\CMakeFiles\test_rxvmstem_allocator_family.dir\tests\test_rxvmstem_allocator_family.c.obj
2026-09-15T22:04:36.5064868Z [419/1841] Building C object interpreter\CMakeFiles\test_rxvmmemory.dir\tests\test_rxvmmemory.c.obj
2026-09-15T22:04:36.8696973Z [420/1841] Building C object interpreter\CMakeFiles\test_rxvmworker.dir\tests\test_rxvmworker.c.obj
2026-09-15T22:04:37.2145916Z [421/1841] Building C object interpreter\CMakeFiles\test_rxvmworker.dir\rxvmworker.c.obj
2026-09-15T22:04:37.3779578Z [422/1841] Building C object interpreter\CMakeFiles\test_rxvmchannel_registry.dir\tests\test_rxvmchannel_registry.c.obj
2026-09-15T22:04:37.7806880Z [423/1841] Building C object interpreter\CMakeFiles\test_rxvmbyteendpoint.dir\tests\test_rxvmbyteendpoint.c.obj
2026-09-15T22:04:38.2260830Z [424/1841] Building C object interpreter\CMakeFiles\test_rxvmchannel_byte.dir\tests\test_rxvmchannel_byte.c.obj
2026-09-15T22:04:38.6848026Z [425/1841] Building C object interpreter\CMakeFiles\test_rxvmchannel_lifetime.dir\tests\test_rxvmchannel_lifetime.c.obj
2026-09-15T22:04:39.0934578Z [426/1841] Building C object interpreter\CMakeFiles\test_rxvmactive.dir\tests\test_rxvmactive.c.obj
2026-09-15T22:04:39.4991817Z [427/1841] Building C object interpreter\CMakeFiles\test_rxvmplugin_context.dir\tests\test_rxvmplugin_context.c.obj
2026-09-15T22:04:40.3272717Z [428/1841] Building C object interpreter\CMakeFiles\test_rxpa_concurrency.dir\tests\test_rxpa_concurrency.c.obj
2026-09-15T22:04:41.1840074Z [429/1841] Building C object interpreter\CMakeFiles\test_rxpa_host_services.dir\tests\test_rxpa_host_services.c.obj
2026-09-15T22:04:41.3001143Z [430/1841] Linking C shared module interpreter\rxpa_host_fixture_modern.rxplugin
2026-09-15T22:04:41.5708073Z [431/1841] Linking C executable bin\rxc.exe
2026-09-15T22:04:44.2403106Z [432/1841] cREXX compile and assemble _address ...
2026-09-15T22:04:44.8563633Z [433/1841] cREXX compile and assemble _rxsystem ...
2026-09-15T22:04:45.4623181Z [434/1841] cREXX compile and assemble _jdn ...
2026-09-15T22:04:46.1920291Z [435/1841] cREXX compile and assemble _datei ...
2026-09-15T22:04:46.8182270Z [436/1841] cREXX compile and assemble _dateo ...
2026-09-15T22:04:47.4233659Z [437/1841] cREXX compile and assemble _ftrunc ...
2026-09-15T22:04:47.9808398Z [438/1841] cREXX compile and assemble _itrunc ...
2026-09-15T22:04:48.8547751Z [439/1841] cREXX compile and assemble _typedformat ...
2026-09-15T22:04:49.3192763Z [440/1841] cREXX compile and assemble abbrev ...
2026-09-15T22:04:49.7903853Z [441/1841] cREXX compile and assemble abs ...
2026-09-15T22:04:50.2327146Z [442/1841] cREXX compile and assemble intabs ...
2026-09-15T22:04:50.6683412Z [443/1841] cREXX compile and assemble floatabs ...
2026-09-15T22:04:51.1382388Z [444/1841] cREXX compile and assemble b2x ...
2026-09-15T22:04:51.6101865Z [445/1841] cREXX compile and assemble b2d ...
2026-09-15T22:04:52.1645413Z [446/1841] cREXX compile and assemble binary ...
2026-09-15T22:04:52.6174358Z [447/1841] cREXX compile and assemble c2x ...
2026-09-15T22:04:53.0734430Z [448/1841] cREXX compile and assemble c2d ...
2026-09-15T22:04:53.5290765Z [449/1841] cREXX compile and assemble center ...
2026-09-15T22:04:53.9944141Z [450/1841] cREXX compile and assemble centre ...
2026-09-15T22:04:54.4549649Z [451/1841] cREXX compile and assemble changestr ...
2026-09-15T22:04:54.9352852Z [452/1841] cREXX compile and assemble compare ...
2026-09-15T22:04:55.3890161Z [453/1841] cREXX compile and assemble copies ...
2026-09-15T22:04:55.8803239Z [454/1841] cREXX compile and assemble countstr ...
2026-09-15T22:04:56.3363420Z [455/1841] cREXX compile and assemble d2b ...
2026-09-15T22:04:56.7907072Z [456/1841] cREXX compile and assemble d2c ...
2026-09-15T22:04:57.2584886Z [457/1841] cREXX compile and assemble d2x ...
2026-09-15T22:04:57.7323398Z [458/1841] cREXX compile and assemble date ...
2026-09-15T22:04:58.2073911Z [459/1841] cREXX compile and assemble delstr ...
2026-09-15T22:04:58.6760241Z [460/1841] cREXX compile and assemble delword ...
2026-09-15T22:04:59.2972306Z [461/1841] cREXX compile and assemble fileio ...
2026-09-15T22:04:59.7442218Z [462/1841] cREXX compile and assemble filter ...
2026-09-15T22:05:00.5837193Z [463/1841] cREXX compile and assemble format ...
2026-09-15T22:05:01.0401130Z [464/1841] cREXX compile and assemble intformat ...
2026-09-15T22:05:01.5256512Z [465/1841] cREXX compile and assemble floatformat ...
2026-09-15T22:05:01.9880744Z [466/1841] cREXX compile and assemble fnv ...
2026-09-15T22:05:02.4400295Z [467/1841] cREXX compile and assemble getenv ...
2026-09-15T22:05:02.9242435Z [468/1841] cREXX compile and assemble insert ...
2026-09-15T22:05:03.3850580Z [469/1841] cREXX compile and assemble length ...
2026-09-15T22:05:03.8273147Z [470/1841] cREXX compile and assemble linesize ...
2026-09-15T22:05:04.2714593Z [471/1841] cREXX compile and assemble loadmodule ...
2026-09-15T22:05:04.7377138Z [472/1841] cREXX compile and assemble lower ...
2026-09-15T22:05:05.2060387Z [473/1841] cREXX compile and assemble max ...
2026-09-15T22:05:05.6576089Z [474/1841] cREXX compile and assemble intmax ...
2026-09-15T22:05:06.1068952Z [475/1841] cREXX compile and assemble floatmax ...
2026-09-15T22:05:06.5438723Z [476/1841] cREXX compile and assemble min ...
2026-09-15T22:05:06.9851670Z [477/1841] cREXX compile and assemble intmin ...
2026-09-15T22:05:07.4474937Z [478/1841] cREXX compile and assemble floatmin ...
2026-09-15T22:05:07.9032034Z [479/1841] cREXX compile and assemble numeric ...
2026-09-15T22:05:08.3852701Z [480/1841] cREXX compile and assemble overlay ...
2026-09-15T22:05:08.8351142Z [481/1841] cREXX compile and assemble pos ...
2026-09-15T22:05:09.4828875Z [482/1841] cREXX compile and assemble qscan ...
2026-09-15T22:05:09.9219945Z [483/1841] cREXX compile and assemble qpos ...
2026-09-15T22:05:10.3820677Z [484/1841] cREXX compile and assemble qsplit ...
2026-09-15T22:05:10.8349948Z [485/1841] cREXX compile and assemble qsplitsafe ...
2026-09-15T22:05:11.3080708Z [486/1841] cREXX compile and assemble qextractall ...
2026-09-15T22:05:11.7743807Z [487/1841] cREXX compile and assemble qextractpair ...
2026-09-15T22:05:12.2452470Z [488/1841] cREXX compile and assemble qstripcomment ...
2026-09-15T22:05:12.7147333Z [489/1841] cREXX compile and assemble qremoveall ...
2026-09-15T22:05:13.3272337Z [490/1841] cREXX compile and assemble fsayfmt ...
2026-09-15T22:05:13.8093965Z [491/1841] cREXX compile and assemble lastpos ...
2026-09-15T22:05:14.2591944Z [492/1841] cREXX compile and assemble left ...
2026-09-15T22:05:14.7144199Z [493/1841] cREXX compile and assemble right ...
2026-09-15T22:05:15.2614015Z [494/1841] cREXX compile and assemble raise ...
2026-09-15T22:05:15.7315233Z [495/1841] cREXX compile and assemble reverse ...
2026-09-15T22:05:16.2142213Z [496/1841] cREXX compile and assemble signal ...
2026-09-15T22:05:17.4931588Z [497/1841] cREXX compile and assemble trace ...
2026-09-15T22:05:17.9346588Z [498/1841] cREXX compile and assemble sign ...
2026-09-15T22:05:18.4028788Z [499/1841] cREXX compile and assemble intsign ...
2026-09-15T22:05:18.8548947Z [500/1841] cREXX compile and assemble floatsign ...
2026-09-15T22:05:19.3121873Z [501/1841] cREXX compile and assemble space ...
2026-09-15T22:05:19.7900623Z [502/1841] cREXX compile and assemble strip ...
2026-09-15T22:05:20.2541960Z [503/1841] cREXX compile and assemble substr ...
2026-09-15T22:05:20.7247067Z [504/1841] cREXX compile and assemble substro ...
2026-09-15T22:05:21.2102647Z [505/1841] cREXX compile and assemble symbol ...
2026-09-15T22:05:21.8115465Z [506/1841] cREXX compile and assemble time ...
2026-09-15T22:05:22.2788758Z [507/1841] cREXX compile and assemble translate ...
2026-09-15T22:05:22.7745948Z [508/1841] cREXX compile and assemble trunc ...
2026-09-15T22:05:23.2958632Z [509/1841] cREXX compile and assemble floattrunc ...
2026-09-15T22:05:23.7428000Z [510/1841] cREXX compile and assemble upper ...
2026-09-15T22:05:24.2022825Z [511/1841] cREXX compile and assemble value ...
2026-09-15T22:05:24.6717694Z [512/1841] cREXX compile and assemble verify ...
2026-09-15T22:05:25.1076293Z [513/1841] cREXX compile and assemble version ...
2026-09-15T22:05:25.5711952Z [514/1841] cREXX compile and assemble sourceinfo ...
2026-09-15T22:05:26.0347501Z [515/1841] cREXX compile and assemble word ...
2026-09-15T22:05:26.4824992Z [516/1841] cREXX compile and assemble words ...
2026-09-15T22:05:26.9220290Z [517/1841] cREXX compile and assemble wordindex ...
2026-09-15T22:05:27.3866279Z [518/1841] cREXX compile and assemble subword ...
2026-09-15T22:05:27.8482839Z [519/1841] cREXX compile and assemble wordlength ...
2026-09-15T22:05:28.3502534Z [520/1841] cREXX compile and assemble wordpos ...
2026-09-15T22:05:28.8209558Z [521/1841] cREXX compile and assemble qword ...
2026-09-15T22:05:29.2831315Z [522/1841] cREXX compile and assemble qwordlength ...
2026-09-15T22:05:29.7354499Z [523/1841] cREXX compile and assemble qwords ...
2026-09-15T22:05:30.1984791Z [524/1841] cREXX compile and assemble qwordindex ...
2026-09-15T22:05:30.6775903Z [525/1841] cREXX compile and assemble qwordpos ...
2026-09-15T22:05:31.1311662Z [526/1841] cREXX compile and assemble qsubword ...
2026-09-15T22:05:32.1311927Z [527/1841] cREXX compile and assemble regex ...
2026-09-15T22:05:32.6267256Z [528/1841] cREXX compile and assemble x2b ...
2026-09-15T22:05:33.0996695Z [529/1841] cREXX compile and assemble x2c ...
2026-09-15T22:05:33.6047507Z [530/1841] cREXX compile and assemble x2d ...
2026-09-15T22:05:34.0844262Z [531/1841] cREXX compile and assemble random ...
2026-09-15T22:05:34.6825830Z [532/1841] cREXX compile and assemble reradix ...
2026-09-15T22:05:35.1292995Z [533/1841] cREXX compile and assemble sequence ...
2026-09-15T22:05:35.5826555Z [534/1841] cREXX compile and assemble find ...
2026-09-15T22:05:36.0419496Z [535/1841] cREXX compile and assemble index ...
2026-09-15T22:05:36.5072144Z [536/1841] cREXX compile and assemble xrange ...
2026-09-15T22:05:37.1470008Z [537/1841] cREXX compile and assemble parsecompile ...
2026-09-15T22:05:38.0356231Z [538/1841] cREXX compile and assemble parsestring ...
2026-09-15T22:05:38.4927111Z [539/1841] cREXX compile and assemble parse ...
2026-09-15T22:05:39.0612785Z [540/1841] cREXX compile and assemble datatype ...
2026-09-15T22:05:39.6119469Z [541/1841] cREXX compile and assemble arrayfind ...
2026-09-15T22:05:40.1417536Z [542/1841] cREXX compile and assemble splice ...
2026-09-15T22:05:40.6248272Z [543/1841] cREXX compile and assemble arrayinsert ...
2026-09-15T22:05:41.1526783Z [544/1841] cREXX compile and assemble arraydelete ...
2026-09-15T22:05:41.6453534Z [545/1841] cREXX compile and assemble arrayappend ...
2026-09-15T22:05:42.1232988Z [546/1841] cREXX compile and assemble arrayprepend ...
2026-09-15T22:05:42.5953091Z [547/1841] cREXX compile and assemble objectarrayinsert ...
2026-09-15T22:05:43.1328913Z [548/1841] cREXX compile and assemble objectarraydelete ...
2026-09-15T22:05:43.6066265Z [549/1841] cREXX compile and assemble objectarrayappend ...
2026-09-15T22:05:44.0704767Z [550/1841] cREXX compile and assemble objectarrayprepend ...
2026-09-15T22:05:44.5507533Z [551/1841] cREXX compile and assemble objectarraydrop ...
2026-09-15T22:05:45.0282356Z [552/1841] cREXX compile and assemble objectarraymove ...
2026-09-15T22:05:45.5030297Z [553/1841] cREXX compile and assemble arraypop ...
2026-09-15T22:05:45.9697915Z [554/1841] cREXX compile and assemble arrayshift ...
2026-09-15T22:05:46.4282978Z [555/1841] cREXX compile and assemble arrayget ...
2026-09-15T22:05:46.8989392Z [556/1841] cREXX compile and assemble arrayset ...
2026-09-15T22:05:47.3785217Z [557/1841] cREXX compile and assemble arraycontains ...
2026-09-15T22:05:47.8409243Z [558/1841] cREXX compile and assemble arrayindexof ...
2026-09-15T22:05:48.3109818Z [559/1841] cREXX compile and assemble arrayreverse ...
2026-09-15T22:05:48.7839185Z [560/1841] cREXX compile and assemble arrayjoin ...
2026-09-15T22:05:49.3182863Z [561/1841] cREXX compile and assemble arraysort ...
2026-09-15T22:05:49.7862779Z [562/1841] cREXX compile and assemble arraycopy ...
2026-09-15T22:05:50.2388893Z [563/1841] cREXX compile and assemble arraydrop ...
2026-09-15T22:05:50.7120383Z [564/1841] cREXX compile and assemble arrayhi ...
2026-09-15T22:05:51.1946488Z [565/1841] cREXX compile and assemble arraymove ...
2026-09-15T22:05:51.8128086Z [566/1841] cREXX compile and assemble fmtmask ...
2026-09-15T22:05:52.3870452Z [567/1841] cREXX compile and assemble compilemask ...
2026-09-15T22:05:52.9234815Z [568/1841] cREXX compile and assemble runmask ...
2026-09-15T22:05:53.4276597Z [569/1841] cREXX compile and assemble stem ...
2026-09-15T22:05:55.6602474Z [570/1841] cREXX compile and assemble rxjson ...
2026-09-15T22:05:55.7450966Z [571/1841] cREXX compile and assemble rxsocket ...
2026-09-15T22:05:56.2427804Z [572/1841] cREXX compile and assemble wordrep ...
2026-09-15T22:05:56.9039598Z [573/1841] cREXX compile and assemble rxqueue ...
2026-09-15T22:05:57.3736585Z [574/1841] cREXX compile and assemble afterword ...
2026-09-15T22:05:57.4291453Z [575/1841] cREXX REXX Library Archive ...
2026-09-15T22:05:57.6567017Z [576/1841] Building token.rxbin
2026-09-15T22:05:57.8193095Z [577/1841] cREXX Linked Library Image ...
2026-09-15T22:05:57.8758302Z [578/1841] Staging deterministic compiler-exit imports ...
2026-09-15T22:05:58.1456212Z [579/1841] Building Dump.rxbin
2026-09-15T22:05:58.3921579Z [580/1841] Building Query.rxbin
2026-09-15T22:05:58.7208290Z [581/1841] Building Sort.rxbin
2026-09-15T22:05:59.6006428Z [582/1841] Building Sortx.rxbin
2026-09-15T22:06:02.3053671Z [583/1841] Building Address.rxbin
2026-09-15T22:06:02.9338956Z [584/1841] Building Execio.rxbin
2026-09-15T22:06:03.2421849Z [585/1841] Building Add.rxbin
2026-09-15T22:06:03.5105896Z [586/1841] Building Fsay.rxbin
2026-09-15T22:06:03.8707171Z [587/1841] Building Msay.rxbin
2026-09-15T22:06:07.5667967Z [588/1841] Building Parse.rxbin
2026-09-15T22:06:08.5012237Z [589/1841] Building Signal.rxbin
2026-09-15T22:06:09.6991896Z [590/1841] Building Trace.rxbin
2026-09-15T22:06:10.6370741Z [591/1841] Building RexxScript.rxbin
2026-09-15T22:06:11.1055010Z [592/1841] Building Substr.rxbin
2026-09-15T22:06:11.3877218Z [593/1841] Building Dummy.rxbin
2026-09-15T22:06:11.6731664Z [594/1841] Building Queue.rxbin
2026-09-15T22:06:11.7220612Z [595/1841] Building rxcexits.rxbin (bundled via concatenation)
2026-09-15T22:06:11.8084226Z [596/1841] Staging immutable class library compiler imports ...
2026-09-15T22:06:12.2305329Z [597/1841] cREXX compile and assemble ObjectIterator ...
2026-09-15T22:06:12.6480749Z [598/1841] cREXX compile and assemble StringIterator ...
2026-09-15T22:06:13.0436750Z [599/1841] cREXX compile and assemble Bag ...
2026-09-15T22:06:13.4787501Z [600/1841] cREXX compile and assemble Iterator ...
2026-09-15T22:06:13.9004991Z [601/1841] cREXX compile and assemble ObjectIterable ...
2026-09-15T22:06:14.3194914Z [602/1841] cREXX compile and assemble ObjectPrintable ...
2026-09-15T22:06:14.7510825Z [603/1841] cREXX compile and assemble Printable ...
2026-09-15T22:06:15.1547019Z [604/1841] cREXX compile and assemble StringIterable ...
2026-09-15T22:06:15.5872197Z [605/1841] cREXX compile and assemble StringTreeSetIterator ...
2026-09-15T22:06:16.1036003Z [606/1841] cREXX compile and assemble ArrayBagIterator ...
2026-09-15T22:06:16.6099125Z [607/1841] cREXX compile and assemble ArrayList ...
2026-09-15T22:06:17.0504566Z [608/1841] cREXX compile and assemble Comparator ...
2026-09-15T22:06:17.7048879Z [609/1841] cREXX compile and assemble DateTime ...
2026-09-15T22:06:18.1624415Z [610/1841] cREXX compile and assemble Map ...
2026-09-15T22:06:18.6849138Z [611/1841] cREXX compile and assemble ObjectArrayList ...
2026-09-15T22:06:19.1391145Z [612/1841] cREXX compile and assemble ObjectComparator ...
2026-09-15T22:06:19.5980795Z [613/1841] cREXX compile and assemble ObjectKeyStrategy ...
2026-09-15T22:06:20.0855483Z [614/1841] cREXX compile and assemble ObjectObjectHashMapIterator ...
2026-09-15T22:06:20.5802111Z [615/1841] cREXX compile and assemble ObjectObjectTreeMapIterator ...
2026-09-15T22:06:21.2184041Z [616/1841] cREXX compile and assemble StringArrayList ...
2026-09-15T22:06:21.6827346Z [617/1841] cREXX compile and assemble StringHashMapIterator ...
2026-09-15T22:06:22.1894519Z [618/1841] cREXX compile and assemble StringHashSetIterator ...
2026-09-15T22:06:22.6903441Z [619/1841] cREXX compile and assemble StringObjectHashMapIterator ...
2026-09-15T22:06:23.2905163Z [620/1841] cREXX compile and assemble StringObjectTreeMapIterator ...
2026-09-15T22:06:23.9274173Z [621/1841] cREXX compile and assemble StringTreeMapIterator ...
2026-09-15T22:06:25.2705455Z [622/1841] cREXX compile and assemble StringTreeSet ...
2026-09-15T22:06:25.7330280Z [623/1841] cREXX compile and assemble TreeMapIterator ...
2026-09-15T22:06:26.2132421Z [624/1841] cREXX compile and assemble ArrayBag ...
2026-09-15T22:06:26.6662219Z [625/1841] cREXX compile and assemble ArrayListIterator ...
2026-09-15T22:06:28.7329911Z [626/1841] cREXX compile and assemble Concurrency ...
2026-09-15T22:06:29.5310582Z [627/1841] cREXX compile and assemble ISO8601 ...
2026-09-15T22:06:30.0357979Z [628/1841] cREXX compile and assemble Iterable ...
2026-09-15T22:06:30.5624253Z [629/1841] cREXX compile and assemble ObjectArrayListIterator ...
2026-09-15T22:06:31.0204779Z [630/1841] cREXX compile and assemble ObjectEquatable ...
2026-09-15T22:06:31.5223324Z [631/1841] cREXX compile and assemble ObjectLinkedList ...
2026-09-15T22:06:32.0514331Z [632/1841] cREXX compile and assemble ObjectObjectHashMap ...
2026-09-15T22:06:32.9531260Z [633/1841] cREXX compile and assemble ObjectObjectTreeMap ...
2026-09-15T22:06:33.3638962Z [634/1841] cREXX compile and assemble ObjectStack ...
2026-09-15T22:06:33.8452915Z [635/1841] cREXX compile and assemble OffsetDateTime ...
2026-09-15T22:06:34.3204227Z [636/1841] cREXX compile and assemble Qfind ...
2026-09-15T22:06:35.0901877Z [637/1841] cREXX compile and assemble Rexx ...
2026-09-15T22:06:35.6345270Z [638/1841] cREXX compile and assemble RexxComparator ...
2026-09-15T22:06:36.5172360Z [639/1841] cREXX compile and assemble Scanlex ...
2026-09-15T22:06:36.9677437Z [640/1841] cREXX compile and assemble StringArrayListIterator ...
2026-09-15T22:06:37.4552547Z [641/1841] cREXX compile and assemble StringHashMap ...
2026-09-15T22:06:37.9282742Z [642/1841] cREXX compile and assemble StringHashSet ...
2026-09-15T22:06:38.4321501Z [643/1841] cREXX compile and assemble StringLinkedList ...
2026-09-15T22:06:38.8852955Z [644/1841] cREXX compile and assemble StringObjectHashMap ...
2026-09-15T22:06:39.8169502Z [645/1841] cREXX compile and assemble StringObjectTreeMap ...
2026-09-15T22:06:40.3150068Z [646/1841] cREXX compile and assemble StringOldTreeMap ...
2026-09-15T22:06:40.7846937Z [647/1841] cREXX compile and assemble StringStack ...
2026-09-15T22:06:41.6675394Z [648/1841] cREXX compile and assemble StringTreeMap ...
2026-09-15T22:06:42.5569952Z [649/1841] cREXX compile and assemble TreeMap ...
2026-09-15T22:06:42.7924623Z [650/1841] cREXX Linked Class Library Image ...
2026-09-15T22:06:42.8716830Z [651/1841] Publishing consolidated class library image ...
2026-09-15T22:06:42.9842127Z [652/1841] Staging immutable rxfnsc compiler imports ...
2026-09-15T22:06:44.3584506Z [653/1841] cREXX compile and assemble rxfnsc runtime RexxClassicBifAbbrev ...
2026-09-15T22:06:45.6350605Z [654/1841] cREXX compile and assemble rxfnsc runtime RexxClassicBifAbs ...
2026-09-15T22:06:46.8155302Z [655/1841] cREXX compile and assemble rxfnsc runtime RexxClassicBifAddress ...
2026-09-15T22:06:48.0341845Z [656/1841] cREXX compile and assemble rxfnsc runtime RexxClassicBifB2x ...
2026-09-15T22:06:48.7200398Z [657/1841] cREXX compile and assemble rxfnsc runtime RexxClassicBifBitand ...
2026-09-15T22:06:49.3979595Z [658/1841] cREXX compile and assemble rxfnsc runtime RexxClassicBifBitor ...
2026-09-15T22:06:50.1061789Z [659/1841] cREXX compile and assemble rxfnsc runtime RexxClassicBifBitxor ...
2026-09-15T22:06:51.3681939Z [660/1841] cREXX compile and assemble rxfnsc runtime RexxClassicBifC2d ...
2026-09-15T22:06:52.5690189Z [661/1841] cREXX compile and assemble rxfnsc runtime RexxClassicBifC2x ...
2026-09-15T22:06:53.9151521Z [662/1841] cREXX compile and assemble rxfnsc runtime RexxClassicBifCenter ...
2026-09-15T22:06:55.2407215Z [663/1841] cREXX compile and assemble rxfnsc runtime RexxClassicBifChangestr ...
2026-09-15T22:06:56.4942118Z [664/1841] cREXX compile and assemble rxfnsc runtime RexxClassicBifCompare ...
2026-09-15T22:06:57.7330182Z [665/1841] cREXX compile and assemble rxfnsc runtime RexxClassicBifCopies ...
2026-09-15T22:06:58.9844188Z [666/1841] cREXX compile and assemble rxfnsc runtime RexxClassicBifCountstr ...
2026-09-15T22:07:00.3137583Z [667/1841] cREXX compile and assemble rxfnsc runtime RexxClassicBifD2c ...
2026-09-15T22:07:01.5624242Z [668/1841] cREXX compile and assemble rxfnsc runtime RexxClassicBifD2x ...
2026-09-15T22:07:02.8151062Z [669/1841] cREXX compile and assemble rxfnsc runtime RexxClassicBifDatatype ...
2026-09-15T22:07:04.2330015Z [670/1841] cREXX compile and assemble rxfnsc runtime RexxClassicBifDate ...
2026-09-15T22:07:05.4777052Z [671/1841] cREXX compile and assemble rxfnsc runtime RexxClassicBifDelstr ...
2026-09-15T22:07:06.7599140Z [672/1841] cREXX compile and assemble rxfnsc runtime RexxClassicBifDelword ...
2026-09-15T22:07:08.5025816Z [673/1841] cREXX compile and assemble rxfnsc runtime RexxClassicBifFormat ...
2026-09-15T22:07:09.9347651Z [674/1841] cREXX compile and assemble rxfnsc runtime RexxClassicBifInsert ...
2026-09-15T22:07:11.2092380Z [675/1841] cREXX compile and assemble rxfnsc runtime RexxClassicBifLastpos ...
2026-09-15T22:07:12.5498324Z [676/1841] cREXX compile and assemble rxfnsc runtime RexxClassicBifLeft ...
2026-09-15T22:07:13.8145271Z [677/1841] cREXX compile and assemble rxfnsc runtime RexxClassicBifLength ...
2026-09-15T22:07:15.0703978Z [678/1841] cREXX compile and assemble rxfnsc runtime RexxClassicBifMax ...
2026-09-15T22:07:15.9673801Z [679/1841] Building C object interpreter\CMakeFiles\rxbvm_instrumented_core_objects.dir\rxvmintp.c.obj
2026-09-15T22:07:16.3628817Z [680/1841] cREXX compile and assemble rxfnsc runtime RexxClassicBifMin ...
2026-09-15T22:07:17.2510945Z [681/1841] cREXX compile and assemble rxfnsc runtime RexxClassicBifNumeric ...
2026-09-15T22:07:17.7825847Z [682/1841] cREXX compile and assemble rxfnsc runtime RexxClassicBifOverlay ...
2026-09-15T22:07:18.5713914Z [683/1841] cREXX compile and assemble rxfnsc runtime RexxClassicBifPos ...
2026-09-15T22:07:19.1095515Z [684/1841] cREXX compile and assemble rxfnsc runtime RexxClassicBifRandom ...
2026-09-15T22:07:19.8878437Z [685/1841] cREXX compile and assemble rxfnsc runtime RexxClassicBifReverse ...
2026-09-15T22:07:20.4418380Z [686/1841] cREXX compile and assemble rxfnsc runtime RexxClassicBifRight ...
2026-09-15T22:07:21.1884512Z [687/1841] cREXX compile and assemble rxfnsc runtime RexxClassicBifSign ...
2026-09-15T22:07:21.8965234Z [688/1841] cREXX compile and assemble rxfnsc runtime RexxClassicBifSpace ...
2026-09-15T22:07:22.6022692Z [689/1841] cREXX compile and assemble rxfnsc runtime RexxClassicBifStrip ...
2026-09-15T22:07:23.5659591Z [690/1841] cREXX compile and assemble rxfnsc runtime RexxClassicBifSubstr ...
2026-09-15T22:07:24.3223294Z [691/1841] cREXX compile and assemble rxfnsc runtime RexxClassicBifSubword ...
2026-09-15T22:07:25.0794040Z [692/1841] cREXX compile and assemble rxfnsc runtime RexxClassicBifSymbol ...
2026-09-15T22:07:25.8622950Z [693/1841] cREXX compile and assemble rxfnsc runtime RexxClassicBifTime ...
2026-09-15T22:07:26.6019576Z [694/1841] cREXX compile and assemble rxfnsc runtime RexxClassicBifTrace ...
2026-09-15T22:07:27.5260671Z [695/1841] cREXX compile and assemble rxfnsc runtime RexxClassicBifTranslate ...
2026-09-15T22:07:28.1018292Z [696/1841] cREXX compile and assemble rxfnsc runtime RexxClassicBifTrunc ...
2026-09-15T22:07:30.5280458Z [697/1841] cREXX compile and assemble rxfnsc runtime RexxClassicBifValue ...
2026-09-15T22:07:30.7847819Z [698/1841] cREXX compile and assemble rxfnsc runtime RexxClassicBifVerify ...
2026-09-15T22:07:33.5250121Z [699/1841] cREXX compile and assemble rxfnsc runtime RexxClassicBifWord ...
2026-09-15T22:07:34.3569543Z [700/1841] cREXX compile and assemble rxfnsc runtime RexxClassicBifWordindex ...
2026-09-15T22:07:35.0891605Z [701/1841] cREXX compile and assemble rxfnsc runtime RexxClassicBifWordlength ...
2026-09-15T22:07:35.9122210Z [702/1841] cREXX compile and assemble rxfnsc runtime RexxClassicBifWordpos ...
2026-09-15T22:07:36.4294340Z [703/1841] cREXX compile and assemble rxfnsc runtime RexxClassicBifWords ...
2026-09-15T22:07:37.3285136Z [704/1841] cREXX compile and assemble rxfnsc runtime RexxClassicBifX2b ...
2026-09-15T22:07:37.8975875Z [705/1841] cREXX compile and assemble rxfnsc runtime RexxClassicBifX2c ...
2026-09-15T22:07:38.9777696Z [706/1841] cREXX compile and assemble rxfnsc runtime RexxClassicBifX2d ...
2026-09-15T22:07:39.4339307Z [707/1841] cREXX compile and assemble rxfnsc runtime RexxClassicBifXrange ...
2026-09-15T22:07:40.2574499Z [708/1841] cREXX compile and assemble rxfnsc runtime RexxClassicBitFunctions ...
2026-09-15T22:07:41.0577738Z [709/1841] cREXX compile and assemble rxfnsc runtime RexxClassicCharacterOps ...
2026-09-15T22:07:41.6783902Z [710/1841] cREXX compile and assemble rxfnsc runtime RexxClassicCharacterScan ...
2026-09-15T22:07:41.6912701Z [711/1841] cREXX compile and assemble rxfnsc runtime RexxClassicBifs ...
2026-09-15T22:07:42.4288546Z [712/1841] cREXX compile and assemble rxfnsc runtime RexxClassicConfig ...
2026-09-15T22:07:42.9591491Z [713/1841] cREXX compile and assemble rxfnsc runtime RexxClassicDatatype ...
2026-09-15T22:07:43.2574528Z [714/1841] cREXX compile and assemble rxfnsc runtime RexxClassicEncoding ...
2026-09-15T22:07:43.5918877Z [715/1841] cREXX compile and assemble rxfnsc runtime RexxClassicState ...
2026-09-15T22:07:43.9921561Z [716/1841] cREXX compile and assemble rxfnsc runtime RexxStem ...
2026-09-15T22:07:44.8422710Z [717/1841] cREXX compile and assemble rxfnsc runtime RexxValue ...
2026-09-15T22:07:44.9324446Z [718/1841] Staging immutable native-backed class library compiler imports ...
2026-09-15T22:07:45.4587091Z [719/1841] cREXX compile and assemble native-backed classlib adapter Id ...
2026-09-15T22:07:45.6137404Z [720/1841] cREXX compile and assemble rxfnsc runtime RexxVariablePool ...
2026-09-15T22:07:45.8467008Z [721/1841] cREXX Linked rxfnsc Runtime Library Image ...
2026-09-15T22:07:45.9487484Z [722/1841] Publishing consolidated rxfnsc runtime library image ...
2026-09-15T22:07:46.0414926Z [723/1841] Staging immutable RexxScript compiler imports ...
2026-09-15T22:07:46.1173284Z [724/1841] cREXX compile and assemble native-backed classlib adapter KeyDB ...
2026-09-15T22:07:46.7523015Z [725/1841] cREXX compile and assemble native-backed classlib adapter Os ...
2026-09-15T22:07:46.8040229Z [726/1841] cREXX Linked native-backed Class Library Adapter Image ...
2026-09-15T22:07:46.8839122Z [727/1841] Publishing native-backed class library image ...
2026-09-15T22:07:46.9481131Z [728/1841] Staging exact imports for the Level B Level G builder ...
2026-09-15T22:07:53.2722558Z [729/1841] cREXX compile and assemble RexxScript runtime RexxScriptEvaluator ...
2026-09-15T22:07:53.2724492Z Warning in RexxScriptEvaluator.crexx @ 266:10 - #NOT_IN_SAME_SCOPE: Implicit use creates a separate binding; the earlier same-named binding is at line 249, column 8. Declare this binding explicitly if intentional., "i"
2026-09-15T22:07:53.2728489Z Warning in RexxScriptEvaluator.crexx @ 608:7 - #NOT_IN_SAME_SCOPE: Implicit use creates a separate binding; the earlier same-named binding is at line 600, column 7. Declare this binding explicitly if intentional., "expr"
2026-09-15T22:07:53.2730109Z 2 warning(s) in source file
2026-09-15T22:07:53.6923887Z [730/1841] cREXX compile and assemble RexxScript runtime RexxScriptRuntime ...
2026-09-15T22:07:54.0204184Z [731/1841] cREXX compile and assemble RexxScript runtime RexxScriptEvaluateCompat ...
2026-09-15T22:07:54.0934392Z [732/1841] cREXX Linked RexxScript Runtime Library Image ...
2026-09-15T22:07:54.1751540Z [733/1841] Publishing consolidated RexxScript runtime library image ...
2026-09-15T22:07:54.3918102Z [734/1841] Stage immutable rxpp compiler imports ...
2026-09-15T22:07:54.4547778Z [735/1841] Bootstrapping the Level B Level G builder ...
2026-09-15T22:08:01.5743612Z [736/1841] Compile and assemble rxpp in its private member directory ...
2026-09-15T22:08:02.3056004Z [737/1841] Building experimental backend-neutral Level G UI library
2026-09-15T22:08:02.9252934Z [738/1841] Link the private rxpp runtime image ...
2026-09-15T22:08:03.3577417Z [739/1841] Generating UI contract v0 bindings and schema
2026-09-15T22:08:03.6367067Z [740/1841] Package the private rxpp runtime image as C ...
2026-09-15T22:08:04.5930310Z [741/1841] Generating ../../bin/ui_catalog.rxbin
2026-09-15T22:08:04.6578654Z [742/1841] Staging deterministic crexx driver imports ...
2026-09-15T22:08:04.9455255Z [743/1841] Staging deterministic debugger imports ...
2026-09-15T22:08:05.7036582Z [744/1841] Building C object preprocessor\CMakeFiles\rxpp.dir\generated\rxpp\rxpp.c.obj
2026-09-15T22:08:08.1013416Z [745/1841] Generating ../../bin/ui_contract.rxbin
2026-09-15T22:08:08.7341294Z [746/1841] Building optimized arraydump function example
2026-09-15T22:08:09.4525572Z [747/1841] Building optimized arrayformat function example
2026-09-15T22:08:10.4474556Z [748/1841] Bootstrapping the installed crexx project-build worker ...
2026-09-15T22:08:10.9519059Z [749/1841] cREXX compile and assemble rxdb_gui ...
2026-09-15T22:08:11.9444305Z [750/1841] Generating ../../bin/ui_local_resources.rxbin
2026-09-15T22:08:11.9947059Z [751/1841] Bundling array-formatting function example
2026-09-15T22:08:12.6169238Z [752/1841] Compiling dynamic_load_provider.crexx ...
2026-09-15T22:08:12.6729272Z [753/1841] Staging deterministic rxdb GUI metadata ...
2026-09-15T22:08:12.7272791Z [754/1841] Staging deterministic Level L imports ...
2026-09-15T22:08:13.7596769Z [755/1841] Generating ../../bin/ui_dialogs.rxbin
2026-09-15T22:08:14.6288173Z [756/1841] Generating ../../bin/ui_terminal_view.rxbin
2026-09-15T22:08:14.6840222Z [757/1841] Staging deterministic RexxScript runner imports ...
2026-09-15T22:08:15.2113023Z [758/1841] Building optimized array-formatting example program
2026-09-15T22:08:15.2295830Z [759/1841] Generating ascommon_noopt.rxbin
2026-09-15T22:08:15.2492082Z [760/1841] Generating ascommon_opt.rxbin
2026-09-15T22:08:15.9006767Z [761/1841] Compiling stub_plugin.crexx ...
2026-09-15T22:08:16.6897207Z [762/1841] Compiling cms_address_demo.crexx ...
2026-09-15T22:08:17.7890659Z [763/1841] Compiling address_cms_host.crexx ...
2026-09-15T22:08:19.9234029Z [764/1841] Compiling cms_address_environment.crexx ...
2026-09-15T22:08:20.8545295Z [765/1841] Compiling kv_address_demo.crexx ...
2026-09-15T22:08:21.7605384Z [766/1841] Compiling address_callback_host.crexx ...
2026-09-15T22:08:22.4906477Z [767/1841] Compiling e2_active_context.crexx ...
2026-09-15T22:08:23.2412525Z [768/1841] Compiling dynamic_load_host.crexx ...
2026-09-15T22:08:24.5044953Z [769/1841] Compiling crexxsaa_variables_host.crexx ...
2026-09-15T22:08:25.5178830Z [770/1841] cREXX compile, assemble, link and package rxdb ...
2026-09-15T22:08:26.2540017Z [771/1841] Compiling test_reentrancy.crexx ...
2026-09-15T22:08:28.9999629Z [772/1841] Compiling RCC-3 module initializer fixtures ...
2026-09-15T22:08:30.3917043Z [773/1841] Compiling PERF3-13 E4 program-generation controls ...
2026-09-15T22:08:31.1750813Z [774/1841] Compiling PERF3-13 E5 native-doorbell control ...
2026-09-15T22:08:32.3810195Z [775/1841] Generating we_noopt.rxbin
2026-09-15T22:08:33.6054558Z [776/1841] Generating we_opt.rxbin
2026-09-15T22:08:33.8717443Z [777/1841] cREXX compile and assemble tinyexpr ...
2026-09-15T22:08:33.9420327Z [778/1841] Staging deterministic rxsqlite ADDRESS imports ...
2026-09-15T22:08:34.6429958Z [779/1841] Generating testid_noopt.rxbin
2026-09-15T22:08:35.3517188Z [780/1841] Generating testid_opt.rxbin
2026-09-15T22:08:36.8183357Z [781/1841] Building portable Level G cREXX TUI driver
2026-09-15T22:08:38.7423950Z [782/1841] Generating ../../bin/ui_ansi.rxbin
2026-09-15T22:08:39.6651699Z [783/1841] Generating ui_driver_probe.rxbin
2026-09-15T22:08:40.6003138Z [784/1841] Building optimized pprint compiler-exit example
2026-09-15T22:08:40.6277277Z [785/1841] Generating asutf_noopt.rxbin
2026-09-15T22:08:40.6494466Z [786/1841] Generating asutf_opt.rxbin
2026-09-15T22:08:40.7217144Z [787/1841] Building C object tests\rxpa\CMakeFiles\_rxpa_dynlink.dir\rxpa_dynlink.c.obj
2026-09-15T22:08:40.7844663Z [788/1841] Building C object tests\rxpa\CMakeFiles\_rxpa_callmethod.dir\rxpa_callmethod.c.obj
2026-09-15T22:08:40.8479284Z [789/1841] Building C object tests\rxpa\CMakeFiles\rxc_staticlink.dir\__\__\compiler\rxc_main.c.obj
2026-09-15T22:08:40.9609628Z [790/1841] Building C object tests\rxpa\CMakeFiles\_testfuncs_dynamic.dir\rxpa_functests.c.obj
2026-09-15T22:08:41.6137455Z [791/1841] Generating cri17_attached_provider_noopt.rxbin
2026-09-15T22:08:41.6823942Z [792/1841] Building C object tests\rxpa\multplugins\CMakeFiles\_plugin1.dir\plugin1.c.obj
2026-09-15T22:08:41.7544463Z [793/1841] Building C object tests\rxpa\multplugins\CMakeFiles\_plugin2.dir\plugin2.c.obj
2026-09-15T22:08:41.9947725Z [794/1841] Building C object compiler\tests\CMakeFiles\crexx_test_driver.dir\src\test_driver.c.obj
2026-09-15T22:08:42.0764398Z [795/1841] Building C object compiler\tests\CMakeFiles\test_crexxsaa_status.dir\src\test_crexxsaa_status.c.obj
2026-09-15T22:08:42.1725648Z [796/1841] Building C object compiler\tests\CMakeFiles\test_bridge.dir\src\test_bridge.c.obj
2026-09-15T22:08:42.2620545Z [797/1841] Building C object compiler\tests\CMakeFiles\test_address_bridge.dir\src\test_address_bridge.c.obj
2026-09-15T22:08:42.5638253Z [798/1841] Building C object compiler\tests\CMakeFiles\native_kv_address_demo.dir\__\__\demos\native\kv\kv_address_demo.c.obj
2026-09-15T22:08:42.6846812Z [799/1841] Building C object compiler\tests\CMakeFiles\test_address_callback_host.dir\src\test_address_callback_host.c.obj
2026-09-15T22:08:43.0910158Z [800/1841] Building C object compiler\tests\CMakeFiles\test_e2_active_context.dir\src\test_e2_active_context.c.obj
2026-09-15T22:08:43.1929746Z [801/1841] Building C object compiler\tests\CMakeFiles\test_dynamic_load.dir\src\test_dynamic_load.c.obj
2026-09-15T22:08:43.3089823Z [802/1841] Building C object compiler\tests\CMakeFiles\test_crexxsaa_variables.dir\src\test_crexxsaa_variables.c.obj
2026-09-15T22:08:43.7001771Z [803/1841] Building exittestsupport.rxbin
2026-09-15T22:08:45.0425094Z [804/1841] Compiling test_trace_source_jump_helper.crexx (noopt)
2026-09-15T22:08:46.0041741Z [805/1841] Compiling test_trace_source_jump_helper.crexx (opt)
2026-09-15T22:08:46.1100223Z [806/1841] Building C object debugger\CMakeFiles\rxdb.dir\rxdb.c.obj
2026-09-15T22:08:46.2584867Z [807/1841] Linking C shared module interpreter\rxpa_host_fixture_old.rxplugin
2026-09-15T22:08:46.4532738Z [808/1841] Linking C executable bin\rxpp.exe
2026-09-15T22:08:46.6101938Z [809/1841] Generating source-mapped Text Inspector application with RXPP
2026-09-15T22:08:46.6103098Z CRX0010I [22:08:46.538917] Pre-Compile started
2026-09-15T22:08:46.6104037Z Input File:   D:/a/CREXX/CREXX/examples/ui/text-inspector/text_inspector.rxpp
2026-09-15T22:08:46.6105211Z Output File:  D:/a/_temp/qualification/examples/ui/text-inspector/generated/text_inspector.crexx
2026-09-15T22:08:46.6106413Z Macro Lib:    D:/a/_temp/qualification/examples/ui/text-inspector/rxpp/maclib.rexx
2026-09-15T22:08:46.6107290Z Verbose:      1
2026-09-15T22:08:46.6108192Z CRX0100I [22:08:46.543733] Pre-Compile pass one
2026-09-15T22:08:46.6109175Z CRX0110I [22:08:46.543763] System Path D:/a/_temp/qualification/examples/ui/text-inspector/rxpp/
2026-09-15T22:08:46.6110694Z CRX0110I [22:08:46.543814] Input Path  D:/a/CREXX/CREXX/examples/ui/text-inspector/
2026-09-15T22:08:46.6112104Z CRX0110I [22:08:46.543838] Macro Path  D:/a/_temp/qualification/examples/ui/text-inspector/rxpp/
2026-09-15T22:08:46.6113586Z CRX0110I [22:08:46.543881] Build Path  D:/a/_temp/qualification/examples/ui/text-inspector/generated/
2026-09-15T22:08:46.6114624Z CRX0120I [22:08:46.548750] Maclib loaded:      68 records
2026-09-15T22:08:46.6115354Z CRX0130I [22:08:46.548783] Macros extracted:   35
2026-09-15T22:08:46.6116092Z CRX0120I [22:08:46.553183] System Maclib loaded: 42 records
2026-09-15T22:08:46.6116830Z CRX0130I [22:08:46.553217] Macros extracted:     29
2026-09-15T22:08:46.6117551Z CRX0140I [22:08:46.555049] Rexx Source loaded: 210 records
2026-09-15T22:08:46.6118540Z CRX0110I [22:08:46.557518] Macro Path  D:/a/_temp/qualification/examples/ui/text-inspector/rxpp/ui/
2026-09-15T22:08:46.6120201Z CRX0170I Script macro ##ui_command registered from D:/a/_temp/qualification/examples/ui/text-inspector/rxpp/ui/
2026-09-15T22:08:46.6121655Z CRX0170I Script macro ##ui_launcher registered from D:/a/_temp/qualification/examples/ui/text-inspector/rxpp/ui/
2026-09-15T22:08:46.6123081Z CRX0170I Script macro ##ui_node registered from D:/a/_temp/qualification/examples/ui/text-inspector/rxpp/ui/
2026-09-15T22:08:46.6124413Z CRX0150I [22:08:46.568415] Macros extracted:   0
2026-09-15T22:08:46.6125204Z CRX0160I [22:08:46.568601] Macros arranged:    64
2026-09-15T22:08:46.6125992Z CRX0200I [22:08:46.569117] Pre-Compile pass two
2026-09-15T22:08:46.6127196Z CRX0171I Script macro ##ui_command selected from D:/a/_temp/qualification/examples/ui/text-inspector/rxpp/ui/ui_command.rxpm
2026-09-15T22:08:46.6128791Z CRX0171I Script macro ##ui_node selected from D:/a/_temp/qualification/examples/ui/text-inspector/rxpp/ui/ui_node.rxpm
2026-09-15T22:08:46.6131136Z CRX0300I [22:08:46.600331] Pre-Compiled REXX generated 
2026-09-15T22:08:46.6131886Z CRX0310I [22:08:46.600368] Pre-Compiled REXX saved
2026-09-15T22:08:46.6133125Z CRX0510I [22:08:46.601546] Library import names passed to D:/a/_temp/qualification/examples/ui/text-inspector/generated/text_inspector.inc
2026-09-15T22:08:46.6134690Z CRX0500I [22:08:46.601584] Pre-Compile completed, 8 macro calls expanded, total source lines 600
2026-09-15T22:08:46.6135883Z CRX0101I [22:08:46.601644] Elapsed Time 0.063625 seconds, 63.625 milliseconds
2026-09-15T22:08:47.7405303Z [810/1841] Compiling and assembling Text Inspector application
2026-09-15T22:08:48.5686859Z [811/1841] Building Level G and Unicode with the Level B builder ...
2026-09-15T22:08:48.5687905Z WAVE: G1 independent base members jobs=5
2026-09-15T22:08:48.5688504Z START: G member packednumeric
2026-09-15T22:08:48.5689015Z START: G member integer
2026-09-15T22:08:48.5689498Z START: G member decimal
2026-09-15T22:08:48.5689969Z START: G member httpcore
2026-09-15T22:08:48.5690428Z START: G member httpcodec
2026-09-15T22:08:48.5690888Z BUILT: G member decimal
2026-09-15T22:08:48.5691341Z BUILT: G member packednumeric
2026-09-15T22:08:48.5691820Z BUILT: G member integer
2026-09-15T22:08:48.5692272Z BUILT: G member httpcodec
2026-09-15T22:08:48.5692732Z BUILT: G member httpcore
2026-09-15T22:08:48.5693194Z WAVE: G2 public HTTP jobs=1
2026-09-15T22:08:48.5693675Z START: G member http
2026-09-15T22:08:48.5694097Z BUILT: G member http
2026-09-15T22:08:48.5694534Z WAVE: G3 HTTP consumers jobs=2
2026-09-15T22:08:48.5695013Z START: G member llm
2026-09-15T22:08:48.5695444Z START: G member httpserver
2026-09-15T22:08:48.5695899Z BUILT: G member llm
2026-09-15T22:08:48.5696318Z BUILT: G member httpserver
2026-09-15T22:08:48.5696807Z WAVE: U1 independent table tools jobs=6
2026-09-15T22:08:48.5697352Z START: G member casefold_table
2026-09-15T22:08:48.5698156Z START: G member case_mapping_table
2026-09-15T22:08:48.5698715Z START: G member encoding_table
2026-09-15T22:08:48.5699211Z START: G member unicode_normprops
2026-09-15T22:08:48.5700056Z START: G member level_l_gennorm2
2026-09-15T22:08:48.5700580Z BUILT: G member encoding_table
2026-09-15T22:08:48.5701075Z BUILT: G member case_mapping_table
2026-09-15T22:08:48.5701582Z BUILT: G member level_l_gennorm2
2026-09-15T22:08:48.5702077Z BUILT: G member casefold_table
2026-09-15T22:08:48.5702566Z BUILT: G member unicode_normprops
2026-09-15T22:08:48.5703070Z START: G member grapheme_table
2026-09-15T22:08:48.5703552Z BUILT: G member grapheme_table
2026-09-15T22:08:48.5704060Z WAVE: U2 dependent generators jobs=5
2026-09-15T22:08:48.5704587Z START: G member generate_encoding
2026-09-15T22:08:48.5705087Z START: G member generate_grapheme
2026-09-15T22:08:48.5705624Z START: G member generate_casefold
2026-09-15T22:08:48.5706130Z START: G member unicode_gennorm2
2026-09-15T22:08:48.5706628Z BUILT: G member generate_grapheme
2026-09-15T22:08:48.5707151Z START: G member generate_case_mapping
2026-09-15T22:08:48.5707673Z BUILT: G member generate_casefold
2026-09-15T22:08:48.5708178Z BUILT: G member generate_encoding
2026-09-15T22:08:48.5708666Z BUILT: G member unicode_gennorm2
2026-09-15T22:08:48.5709163Z BUILT: G member generate_case_mapping
2026-09-15T22:08:48.5709710Z WAVE: U3 normalization data tool jobs=1
2026-09-15T22:08:48.5710242Z START: G member unicode_data
2026-09-15T22:08:48.5710718Z BUILT: G member unicode_data
2026-09-15T22:08:48.5711236Z WAVE: U4 prepared normalization table jobs=1
2026-09-15T22:08:48.5711804Z START: G member unicode_d
2026-09-15T22:08:48.5712257Z BUILT: G member unicode_d
2026-09-15T22:08:48.5712727Z WAVE: U5 normalization generator jobs=1
2026-09-15T22:08:48.5713278Z START: G member generate_normalization
2026-09-15T22:08:48.5713819Z BUILT: G member generate_normalization
2026-09-15T22:08:48.5714354Z WAVE: U6 link source generators jobs=5
2026-09-15T22:08:48.5714885Z START: link encoding generator
2026-09-15T22:08:48.5715662Z START: link case-fold generator
2026-09-15T22:08:48.5716166Z START: link case-mapping generator
2026-09-15T22:08:48.5716676Z START: link grapheme generator
2026-09-15T22:08:48.5717168Z START: link normalization generator
2026-09-15T22:08:48.5717681Z BUILT: link case-fold generator
2026-09-15T22:08:48.5718172Z BUILT: link encoding generator
2026-09-15T22:08:48.5719092Z BUILT: link grapheme generator
2026-09-15T22:08:48.5719599Z BUILT: link case-mapping generator
2026-09-15T22:08:48.5720688Z BUILT: link normalization generator
2026-09-15T22:08:48.5721403Z WAVE: U7 generate runtime sources jobs=5
2026-09-15T22:08:48.5721986Z START: generate case-fold source
2026-09-15T22:08:48.5722593Z START: generate case-mapping source
2026-09-15T22:08:48.5723157Z START: generate encoding source
2026-09-15T22:08:48.5723651Z START: generate grapheme source
2026-09-15T22:08:48.5724148Z START: generate normalization source
2026-09-15T22:08:48.5724706Z BUILT: generate case-mapping source
2026-09-15T22:08:48.5725240Z BUILT: generate encoding source
2026-09-15T22:08:48.5725787Z BUILT: generate grapheme source
2026-09-15T22:08:48.5726307Z BUILT: generate case-fold source
2026-09-15T22:08:48.5726834Z BUILT: generate normalization source
2026-09-15T22:08:48.5727385Z WAVE: U8 private Unicode runtimes jobs=5
2026-09-15T22:08:48.5727977Z START: G member unicode_normalization
2026-09-15T22:08:48.5728526Z START: G member unicode_case_mapping
2026-09-15T22:08:48.5729059Z START: G member unicode_codec
2026-09-15T22:08:48.5729546Z BUILT: G member unicode_codec
2026-09-15T22:08:48.5730038Z BUILT: G member unicode_case_mapping
2026-09-15T22:08:48.5730552Z START: G member unicode_grapheme
2026-09-15T22:08:48.5731048Z START: G member unicode_casefold
2026-09-15T22:08:48.5731553Z BUILT: G member unicode_normalization
2026-09-15T22:08:48.5732093Z BUILT: G member unicode_grapheme
2026-09-15T22:08:48.5732616Z BUILT: G member unicode_casefold
2026-09-15T22:08:48.5733383Z WAVE: U9 public Unicode facade jobs=1
2026-09-15T22:08:48.5734103Z START: G member unicode
2026-09-15T22:08:48.5734621Z BUILT: G member unicode
2026-09-15T22:08:48.5735089Z BUILT: Level G library
2026-09-15T22:08:48.5735640Z PUBLISHED: D:/a/_temp/qualification/bin/rxfnsg.rxbin
2026-09-15T22:08:48.7767897Z [812/1841] Building C object interpreter\CMakeFiles\test_rxpa_worker_startup.dir\tests\test_rxpa_worker_startup.c.obj
2026-09-15T22:08:50.2911151Z [813/1841] C Packing cREXX Core Libraries ...
2026-09-15T22:08:50.7290480Z [814/1841] Compiling address_llm_host.crexx ...
2026-09-15T22:08:50.8370719Z [815/1841] Building C object interpreter\CMakeFiles\rxvme.dir\rxvmmain.c.obj
2026-09-15T22:08:52.4758967Z [816/1841] Compiling llm_address_environment.crexx ...
2026-09-15T22:08:53.0372780Z [817/1841] Building C object interpreter\CMakeFiles\rxbvme.dir\rxvmmain.c.obj
2026-09-15T22:08:57.7001379Z [818/1841] Building C object interpreter\CMakeFiles\rxvme.dir\library.c.obj
2026-09-15T22:08:58.6190565Z [819/1841] Building C object interpreter\CMakeFiles\test_rxpa_odbc.dir\tests\test_rxpa_odbc.c.obj
2026-09-15T22:08:58.7228297Z [820/1841] Building C object interpreter\CMakeFiles\test_rxpa_odbc_old_host.dir\tests\test_rxpa_odbc_old_host.c.obj
2026-09-15T22:08:58.8196598Z [821/1841] Building C object interpreter\CMakeFiles\test_jtable_policy.dir\tests\test_jtable_policy.c.obj
2026-09-15T22:08:58.8878033Z [822/1841] Building C object interpreter\CMakeFiles\test_signal_mask.dir\tests\test_signal_mask.c.obj
2026-09-15T22:08:59.1952732Z [823/1841] Linking C executable interpreter\mutate_jtable_rxbin.exe
2026-09-15T22:08:59.4941289Z [824/1841] Linking C executable bin\rxvme.exe
2026-09-15T22:08:59.6296365Z [825/1841] Building C object interpreter\CMakeFiles\rxbvme.dir\library.c.obj
2026-09-15T22:09:01.0136223Z [826/1841] cREXX compile, assemble, link and package standalone RexxScript runner ...
2026-09-15T22:09:01.5965246Z [827/1841] Building C object interpreter\CMakeFiles\test_rxpa_utf_validation.dir\tests\test_rxpa_utf_validation.c.obj
2026-09-15T22:09:01.9338897Z [828/1841] Building C object interpreter\CMakeFiles\test_rxpa_utf_validation.dir\rxpafuncs.c.obj
2026-09-15T22:09:02.0642430Z [829/1841] Building C object interpreter\CMakeFiles\test_rxpa_utf_validation.dir\rxvmactive.c.obj
2026-09-15T22:09:02.5129974Z [830/1841] Building C object interpreter\CMakeFiles\test_rxpa_utf_validation.dir\rxvmworker.c.obj
2026-09-15T22:09:02.5521600Z [831/1841] Linking C static library interpreter\rx_e5native_static.lib
2026-09-15T22:09:02.6239323Z [832/1841] Building C object interpreter\CMakeFiles\test_db_decimal_archive_link.dir\tests\test_db_decimal_archive_link.c.obj
2026-09-15T22:09:02.7373414Z [833/1841] Building C object interpreter\CMakeFiles\test_float_pool_format.dir\tests\test_float_pool_format.c.obj
2026-09-15T22:09:03.1526340Z [834/1841] Building C object interpreter\CMakeFiles\test_compact_format.dir\tests\test_compact_format.c.obj
2026-09-15T22:09:03.3879728Z [835/1841] Building C object interpreter\CMakeFiles\test_rxvmchannel_process.dir\tests\test_rxvmchannel_process.c.obj
2026-09-15T22:09:03.4097383Z [836/1841] Assembling retired process-opcode base fixture ...
2026-09-15T22:09:03.4301036Z [837/1841] cREXX RXAS jump-table corruption base (linear) ...
2026-09-15T22:09:03.4538944Z [838/1841] cREXX RXAS jump-table corruption base (openhash) ...
2026-09-15T22:09:03.4725334Z [839/1841] cREXX RXAS jump-table corruption base (acph) ...
2026-09-15T22:09:03.5696833Z [840/1841] Building C object interpreter\CMakeFiles\test_reentrancy.dir\tests\test_reentrancy.c.obj
2026-09-15T22:09:03.7342534Z [841/1841] Building C object interpreter\CMakeFiles\module_initializers-rxvml.dir\tests\test_module_initializers.c.obj
2026-09-15T22:09:03.8751847Z [842/1841] Building C object interpreter\CMakeFiles\module_initializers-rxbvml.dir\tests\test_module_initializers.c.obj
2026-09-15T22:09:04.1147110Z [843/1841] Building C object interpreter\CMakeFiles\program_generation_control-rxvml.dir\tests\test_program_generation_control.c.obj
2026-09-15T22:09:04.3414394Z [844/1841] Building C object interpreter\CMakeFiles\program_generation_control-rxbvml.dir\tests\test_program_generation_control.c.obj
2026-09-15T22:09:04.9791038Z [845/1841] Building C object interpreter\CMakeFiles\persistent_worker_executor-rxvml.dir\tests\test_persistent_worker_executor.c.obj
2026-09-15T22:09:05.6166239Z [846/1841] Building C object interpreter\CMakeFiles\persistent_worker_executor-rxbvml.dir\tests\test_persistent_worker_executor.c.obj
2026-09-15T22:09:05.7659249Z [847/1841] Building C object interpreter\rxvmplugin\rxvmplugins\mc_decimal\CMakeFiles\decnumber_test.dir\decnumber_test.c.obj
2026-09-15T22:09:05.8064565Z [848/1841] Linking C static library bin\rxvm_mc_decimal.lib
2026-09-15T22:09:06.0438104Z [849/1841] Building C object interpreter\rxvmplugin\rxvmplugins\mc_decimal\CMakeFiles\mc_decimal_test_harness.dir\mc_decimal_sanity_harness_test.c.obj
2026-09-15T22:09:06.2925957Z [850/1841] Building C object interpreter\rxvmplugin\rxvmplugins\mc_decimal\CMakeFiles\mc_decimal_dyn_test_harness.dir\mc_decimal_sanity_harness_test.c.obj
2026-09-15T22:09:06.5684379Z [851/1841] Building C object interpreter\rxvmplugin\rxvmplugins\mc_decimal\CMakeFiles\mc_decimal_manual_test_harness.dir\mc_decimal_sanity_harness_test.c.obj
2026-09-15T22:09:07.2017860Z [852/1841] Building C object interpreter\rxvmplugin\rxvmplugins\mc_decimal\CMakeFiles\mc_decimal_full_tests.dir\mc_decimal_full_tests.c.obj
2026-09-15T22:09:07.3446666Z [853/1841] Linking C shared module bin\rxvm_db_decimal.rxvmplugin
2026-09-15T22:09:07.3769958Z [854/1841] Linking C static library bin\rxvm_db_decimal_manual.lib
2026-09-15T22:09:08.2507904Z [855/1841] Building C object interpreter\rxvmplugin\rxvmplugins\db_decimal\CMakeFiles\db_decimal_tests.dir\db_decimal_tests.c.obj
2026-09-15T22:09:08.4888353Z [856/1841] Linking C executable bin\address_argv_fixture.exe
2026-09-15T22:09:08.7563195Z [857/1841] Linking C executable bin\address_spawn_transfer_fixture.exe
2026-09-15T22:09:08.9132114Z [858/1841] Linking C executable bin\linein_stdin_harness.exe
2026-09-15T22:09:09.7769603Z [859/1841] Building the LOADMODULE focused provider
2026-09-15T22:09:10.5615102Z [860/1841] Generating test1_noopt.rxbin
2026-09-15T22:09:11.3780809Z [861/1841] Generating test1_opt.rxbin
2026-09-15T22:09:11.4008755Z [862/1841] cREXX Linked Level L Library Image ...
2026-09-15T22:09:11.5465171Z [863/1841] Linking C shared module bin\rx_rxpa_session_failure.rxplugin
2026-09-15T22:09:11.7873853Z [864/1841] Linking C shared module bin\rx_arrays.rxplugin
2026-09-15T22:09:12.6647367Z [865/1841] Generating numeric_test_support.rxbin
2026-09-15T22:09:12.9042608Z [866/1841] Linking C shared module bin\rxstats.rxplugin
2026-09-15T22:09:13.0208472Z [867/1841] Linking C static library bin\rxstats_static.lib
2026-09-15T22:09:13.2251371Z [868/1841] Linking C shared module bin\rxvector.rxplugin
2026-09-15T22:09:13.3464879Z [869/1841] Linking C static library bin\rxvector_static.lib
2026-09-15T22:09:13.4879589Z [870/1841] Linking C shared module bin\rx_stack.rxplugin
2026-09-15T22:09:13.5261029Z [871/1841] Linking C static library bin\rx_stack_static.lib
2026-09-15T22:09:13.6605084Z [872/1841] Linking C shared module bin\rx_cipher.rxplugin
2026-09-15T22:09:13.6976438Z [873/1841] Linking C static library bin\rx_cipher_static.lib
2026-09-15T22:09:13.8687123Z [874/1841] Linking C static library bin\rxsqlite_static.lib
2026-09-15T22:09:14.4648078Z [875/1841] Building C object lib\plugins\sqlite\CMakeFiles\rxsqlite_thread_test.dir\tests\rxsqlite_thread_test.c.obj
2026-09-15T22:09:15.7732169Z [876/1841] Building the rxsqlite Level-G ADDRESS facade ...
2026-09-15T22:09:15.8945071Z [877/1841] Linking C shared module bin\rx_strings.rxplugin
2026-09-15T22:09:16.0186537Z [878/1841] Linking C shared module bin\rx_getpi.rxplugin
2026-09-15T22:09:16.3871576Z [879/1841] Building C object lib\plugins\keyaccess\CMakeFiles\keyaccess_compact_failure_test.dir\keyaccess_compact_failure_test.c.obj
2026-09-15T22:09:16.3873763Z D:\a\CREXX\CREXX\lib\plugins\keyaccess\keyaccess.c(949): warning C4477: 'fprintf' : format string '%ld' requires an argument of type 'long', but variadic argument 1 has type 'time_t'
2026-09-15T22:09:16.3875747Z D:\a\CREXX\CREXX\lib\plugins\keyaccess\keyaccess.c(949): note: consider using '%lld' in the format string
2026-09-15T22:09:16.3876892Z D:\a\CREXX\CREXX\lib\plugins\keyaccess\keyaccess.c(949): note: consider using '%Id' in the format string
2026-09-15T22:09:16.3878029Z D:\a\CREXX\CREXX\lib\plugins\keyaccess\keyaccess.c(949): note: consider using '%I64d' in the format string
2026-09-15T22:09:16.3879577Z D:\a\CREXX\CREXX\lib\plugins\keyaccess\keyaccess.c(1562): warning C4477: 'snprintf' : format string '%ld' requires an argument of type 'long', but variadic argument 1 has type 'time_t'
2026-09-15T22:09:16.3881159Z D:\a\CREXX\CREXX\lib\plugins\keyaccess\keyaccess.c(1562): note: consider using '%lld' in the format string
2026-09-15T22:09:16.3882348Z D:\a\CREXX\CREXX\lib\plugins\keyaccess\keyaccess.c(1562): note: consider using '%Id' in the format string
2026-09-15T22:09:16.3883512Z D:\a\CREXX\CREXX\lib\plugins\keyaccess\keyaccess.c(1562): note: consider using '%I64d' in the format string
2026-09-15T22:09:16.4627877Z [880/1841] Generating treemap_test.crexx
2026-09-15T22:09:16.5687433Z [881/1841] Linking C static library bin\rxid_static.lib
2026-09-15T22:09:16.6726795Z [882/1841] Linking C static library bin\rxconsole_static.lib
2026-09-15T22:09:16.7643634Z [883/1841] Building C object lib\plugins\console\CMakeFiles\rxconsole_decoder_test.dir\tests\test_decoder.c.obj
2026-09-15T22:09:16.8762595Z [884/1841] Building C object lib\plugins\console\CMakeFiles\rxconsole_decoder_test.dir\rxconsole_decode.c.obj
2026-09-15T22:09:16.9543476Z [885/1841] Generating recv390_test.crexx
2026-09-15T22:09:17.0288456Z [886/1841] Generating map_test.crexx
2026-09-15T22:09:17.1663378Z [887/1841] Linking C shared module bin\rx_rxtcp.rxplugin
2026-09-15T22:09:17.2909190Z [888/1841] Linking C shared module lib\plugins\odbc\mock\rx_odbc.rxplugin
2026-09-15T22:09:17.9386585Z [889/1841] Generating testKeyDB_noopt.rxbin
2026-09-15T22:09:19.0960626Z [890/1841] Generating testKeyDB_opt.rxbin
2026-09-15T22:09:19.7814057Z [891/1841] Generating numeric_test_support.rxbin
2026-09-15T22:09:20.3493177Z [892/1841] Building C object rexxscript\CMakeFiles\rexxscript_cli.dir\RexxScriptRunner.c.obj
2026-09-15T22:09:20.4043698Z [893/1841] Bundling standalone pprint compiler-exit example
2026-09-15T22:09:20.4917259Z [894/1841] Generating Text Inspector TUI launcher with RXPP
2026-09-15T22:09:20.4917936Z CRX0010I [22:09:20.465226] Pre-Compile started
2026-09-15T22:09:20.4918665Z Input File:   D:/a/CREXX/CREXX/examples/ui/text-inspector/text_inspector_tui.rxpp
2026-09-15T22:09:20.4919727Z Output File:  D:/a/_temp/qualification/examples/ui/text-inspector/generated/text_inspector_tui.crexx
2026-09-15T22:09:20.4921766Z Macro Lib:    D:/a/_temp/qualification/examples/ui/text-inspector/rxpp/maclib.rexx
2026-09-15T22:09:20.4922723Z Verbose:      1
2026-09-15T22:09:20.4923162Z CRX0100I [22:09:20.469185] Pre-Compile pass one
2026-09-15T22:09:20.4923959Z CRX0110I [22:09:20.469212] System Path D:/a/_temp/qualification/examples/ui/text-inspector/rxpp/
2026-09-15T22:09:20.4924892Z CRX0110I [22:09:20.469250] Input Path  D:/a/CREXX/CREXX/examples/ui/text-inspector/
2026-09-15T22:09:20.4925811Z CRX0110I [22:09:20.469278] Macro Path  D:/a/_temp/qualification/examples/ui/text-inspector/rxpp/
2026-09-15T22:09:20.4926826Z CRX0110I [22:09:20.469295] Build Path  D:/a/_temp/qualification/examples/ui/text-inspector/generated/
2026-09-15T22:09:20.4927649Z CRX0120I [22:09:20.472055] Maclib loaded:      68 records
2026-09-15T22:09:20.4928191Z CRX0130I [22:09:20.472087] Macros extracted:   35
2026-09-15T22:09:20.4928745Z CRX0120I [22:09:20.474822] System Maclib loaded: 42 records
2026-09-15T22:09:20.4929317Z CRX0130I [22:09:20.474856] Macros extracted:     29
2026-09-15T22:09:20.4929865Z CRX0140I [22:09:20.475091] Rexx Source loaded: 7 records
2026-09-15T22:09:20.4930959Z CRX0110I [22:09:20.475462] Macro Path  D:/a/_temp/qualification/examples/ui/text-inspector/rxpp/ui/
2026-09-15T22:09:20.4932144Z CRX0170I Script macro ##ui_command registered from D:/a/_temp/qualification/examples/ui/text-inspector/rxpp/ui/
2026-09-15T22:09:20.4933390Z CRX0170I Script macro ##ui_launcher registered from D:/a/_temp/qualification/examples/ui/text-inspector/rxpp/ui/
2026-09-15T22:09:20.4934605Z CRX0170I Script macro ##ui_node registered from D:/a/_temp/qualification/examples/ui/text-inspector/rxpp/ui/
2026-09-15T22:09:20.4935462Z CRX0150I [22:09:20.476776] Macros extracted:   0
2026-09-15T22:09:20.4935966Z CRX0160I [22:09:20.476939] Macros arranged:    64
2026-09-15T22:09:20.4936491Z CRX0200I [22:09:20.477036] Pre-Compile pass two
2026-09-15T22:09:20.4937457Z CRX0171I Script macro ##ui_launcher selected from D:/a/_temp/qualification/examples/ui/text-inspector/rxpp/ui/ui_launcher.rxpm
2026-09-15T22:09:20.4938478Z CRX0300I [22:09:20.484522] Pre-Compiled REXX generated 
2026-09-15T22:09:20.4939327Z CRX0310I [22:09:20.484550] Pre-Compiled REXX saved
2026-09-15T22:09:20.4940381Z CRX0510I [22:09:20.485091] Library import names passed to D:/a/_temp/qualification/examples/ui/text-inspector/generated/text_inspector_tui.inc
2026-09-15T22:09:20.4941678Z CRX0500I [22:09:20.485128] Pre-Compile completed, 0 macro calls expanded, total source lines 26
2026-09-15T22:09:20.4942571Z CRX0101I [22:09:20.485186] Elapsed Time 0.020802 seconds, 20.802 milliseconds
2026-09-15T22:09:20.5749813Z [895/1841] Generating generated/text_inspector_ansi.crexx
2026-09-15T22:09:20.5750513Z CRX0010I [22:09:20.548381] Pre-Compile started
2026-09-15T22:09:20.5751276Z Input File:   D:/a/CREXX/CREXX/examples/ui/text-inspector/text_inspector_ansi.rxpp
2026-09-15T22:09:20.5752327Z Output File:  D:/a/_temp/qualification/examples/ui/text-inspector/generated/text_inspector_ansi.crexx
2026-09-15T22:09:20.5753378Z Macro Lib:    D:/a/_temp/qualification/examples/ui/text-inspector/rxpp/maclib.rexx
2026-09-15T22:09:20.5754388Z Verbose:      1
2026-09-15T22:09:20.5754754Z CRX0100I [22:09:20.552201] Pre-Compile pass one
2026-09-15T22:09:20.5755516Z CRX0110I [22:09:20.552230] System Path D:/a/_temp/qualification/examples/ui/text-inspector/rxpp/
2026-09-15T22:09:20.5756469Z CRX0110I [22:09:20.552269] Input Path  D:/a/CREXX/CREXX/examples/ui/text-inspector/
2026-09-15T22:09:20.5757412Z CRX0110I [22:09:20.552292] Macro Path  D:/a/_temp/qualification/examples/ui/text-inspector/rxpp/
2026-09-15T22:09:20.5758472Z CRX0110I [22:09:20.552308] Build Path  D:/a/_temp/qualification/examples/ui/text-inspector/generated/
2026-09-15T22:09:20.5759294Z CRX0120I [22:09:20.555038] Maclib loaded:      68 records
2026-09-15T22:09:20.5759882Z CRX0130I [22:09:20.555067] Macros extracted:   35
2026-09-15T22:09:20.5760434Z CRX0120I [22:09:20.559075] System Maclib loaded: 42 records
2026-09-15T22:09:20.5760991Z CRX0130I [22:09:20.559125] Macros extracted:     29
2026-09-15T22:09:20.5761564Z CRX0140I [22:09:20.559410] Rexx Source loaded: 7 records
2026-09-15T22:09:20.5762391Z CRX0110I [22:09:20.559989] Macro Path  D:/a/_temp/qualification/examples/ui/text-inspector/rxpp/ui/
2026-09-15T22:09:20.5763573Z CRX0170I Script macro ##ui_command registered from D:/a/_temp/qualification/examples/ui/text-inspector/rxpp/ui/
2026-09-15T22:09:20.5764852Z CRX0170I Script macro ##ui_launcher registered from D:/a/_temp/qualification/examples/ui/text-inspector/rxpp/ui/
2026-09-15T22:09:20.5766058Z CRX0170I Script macro ##ui_node registered from D:/a/_temp/qualification/examples/ui/text-inspector/rxpp/ui/
2026-09-15T22:09:20.5766949Z CRX0150I [22:09:20.561308] Macros extracted:   0
2026-09-15T22:09:20.5767483Z CRX0160I [22:09:20.561471] Macros arranged:    64
2026-09-15T22:09:20.5768027Z CRX0200I [22:09:20.561568] Pre-Compile pass two
2026-09-15T22:09:20.5769048Z CRX0171I Script macro ##ui_launcher selected from D:/a/_temp/qualification/examples/ui/text-inspector/rxpp/ui/ui_launcher.rxpm
2026-09-15T22:09:20.5770504Z CRX0300I [22:09:20.568548] Pre-Compiled REXX generated 
2026-09-15T22:09:20.5771393Z CRX0310I [22:09:20.568577] Pre-Compiled REXX saved
2026-09-15T22:09:20.5772234Z CRX0510I [22:09:20.569359] Library import names passed to D:/a/_temp/qualification/examples/ui/text-inspector/generated/text_inspector_ansi.inc
2026-09-15T22:09:20.5773010Z CRX0500I [22:09:20.569394] Pre-Compile completed, 0 macro calls expanded, total source lines 26
2026-09-15T22:09:20.5773539Z CRX0101I [22:09:20.569438] Elapsed Time 0.021678 seconds, 21.678 milliseconds
2026-09-15T22:09:21.2717051Z [896/1841] Generating text_inspector_test_host.rxbin
2026-09-15T22:09:21.3771552Z [897/1841] Building C object tests\CMakeFiles\test_rxinteger_contract.dir\test_rxinteger_contract.c.obj
2026-09-15T22:09:22.0033217Z [898/1841] Building C object tests\CMakeFiles\test_rxop_metadata.dir\test_rxop_metadata.c.obj
2026-09-15T22:09:22.0691352Z [899/1841] Building C object tests\CMakeFiles\test_rxop_metadata.dir\__\binutils\include\opdata.c.obj
2026-09-15T22:09:22.1954462Z [900/1841] Building C object tests\CMakeFiles\test_rxop_metadata.dir\__\binutils\rxopmeta.c.obj
2026-09-15T22:09:23.1908681Z [901/1841] Building C object tests\CMakeFiles\test_rxas_flow_graph.dir\test_rxas_flow_graph.c.obj
2026-09-15T22:09:23.8674089Z [902/1841] Generating basic_noopt.rxbin
2026-09-15T22:09:24.2969965Z [903/1841] cREXX compile, assemble, link and package crexx ...
2026-09-15T22:09:24.5628690Z [904/1841] Generating basic_opt.rxbin
2026-09-15T22:09:24.6979357Z [905/1841] Linking C executable tools\signal_tester.exe
2026-09-15T22:09:24.8265522Z [906/1841] Linking C shared module tests\rxpa\rx_rxpa_dynlink.rxplugin
2026-09-15T22:09:24.8796041Z [907/1841] Building C object crexx_driver\CMakeFiles\crexx.dir\crexx.c.obj
2026-09-15T22:09:24.9884758Z [908/1841] Linking C static library tests\rx_rcc_provider_static.lib
2026-09-15T22:09:25.0055855Z [909/1841] Linking C shared module bin\rx_rcc_provider.rxplugin
2026-09-15T22:09:25.0596153Z [910/1841] Building C object tests\rxpa\CMakeFiles\_rxpa_invalid_manifest.dir\rxpa_invalid_manifest.c.obj
2026-09-15T22:09:25.1123939Z [911/1841] Building C object tests\rxpa\CMakeFiles\_rxpa_classdecl.dir\rxpa_classdecl.c.obj
2026-09-15T22:09:25.1496920Z [912/1841] Linking C executable bin\crexx.exe
2026-09-15T22:09:25.2890548Z [913/1841] Linking C shared module tests\rxpa\rx_rxpa_objects.rxplugin
2026-09-15T22:09:25.3988207Z [914/1841] Linking C static library tests\rx_rxpa_objects_static.lib
2026-09-15T22:09:25.8208297Z [915/1841] Building C object tests\rxpa\CMakeFiles\objects_rxbvm.dir\__\__\interpreter\rxvmmain.c.obj
2026-09-15T22:09:25.8952824Z [916/1841] Compiling dynamic interface contract ...
2026-09-15T22:09:25.9478984Z [917/1841] Building C object tests\rxpa\CMakeFiles\_rxpa_bad_signatures.dir\rxpa_bad_signatures.c.obj
2026-09-15T22:09:25.9516129Z [918/1841] Linking C shared module tests\rxpa\rx_rxpa_callmethod.rxplugin
2026-09-15T22:09:25.9864455Z [919/1841] Linking C static library tests\rx_rxpa_classdecl_static_decl.lib
2026-09-15T22:09:26.0426821Z [920/1841] Building C object tests\rxpa\CMakeFiles\rxc_classdecl_static.dir\__\__\compiler\rxc_main.c.obj
2026-09-15T22:09:26.0755799Z [921/1841] Linking C static library tests\rx_rxpalink_static.lib
2026-09-15T22:09:26.2142437Z [922/1841] Linking C executable tests\rxc_staticlink.exe
2026-09-15T22:09:26.3352288Z [923/1841] Linking C shared module tests\rxpa\rx_testfuncs_dynamic.rxplugin
2026-09-15T22:09:26.5165682Z [924/1841] Linking C executable tests\funcvm.exe
2026-09-15T22:09:26.5310276Z [925/1841] Building C object tests\rxpa\CMakeFiles\testvm.dir\__\__\interpreter\rxvmmain.c.obj
2026-09-15T22:09:26.5944549Z [926/1841] Building C object tests\rxpa\CMakeFiles\cri17_attached_provider_control-rxvml.dir\cri17_attached_provider_control.c.obj
2026-09-15T22:09:26.5945482Z FAILED: [code=2] tests/rxpa/CMakeFiles/cri17_attached_provider_control-rxvml.dir/cri17_attached_provider_control.c.obj 
2026-09-15T22:09:26.5948829Z "C:\Program Files\Microsoft Visual Studio\18\Enterprise\VC\Tools\MSVC\14.44.35207\bin\HostX64\x64\cl.exe"  /nologo  -ID:\a\_temp\qualification\generated -ID:\a\CREXX\CREXX\interpreter -ID:\a\CREXX\CREXX\interpreter\rxvmplugin -ID:\a\CREXX\CREXX\inc -ID:\a\CREXX\CREXX\assembler -ID:\a\CREXX\CREXX\binutils\include -ID:\a\CREXX\CREXX\rxpa -ID:\a\CREXX\CREXX\platform -ID:\a\CREXX\CREXX\avl_tree -ID:\a\CREXX\CREXX\utf8 -ID:\a\CREXX\CREXX\interpreter\rxvmplugin\rxvmplugins\mc_decimal\decnumber /DWIN32 /D_WINDOWS /O2 /Ob2 /DNDEBUG -std:c11 -MD /showIncludes /Fotests\rxpa\CMakeFiles\cri17_attached_provider_control-rxvml.dir\cri17_attached_provider_control.c.obj /Fdtests\rxpa\CMakeFiles\cri17_attached_provider_control-rxvml.dir\ /FS -c D:\a\CREXX\CREXX\tests\rxpa\cri17_attached_provider_control.c
2026-09-15T22:09:26.5952161Z C:\Program Files\Microsoft Visual Studio\18\Enterprise\VC\Tools\MSVC\14.44.35207\include\vcruntime_c11_stdatomic.h(12): fatal error C1189: #error:  "C atomic support is not enabled"
2026-09-15T22:09:26.6051176Z [927/1841] Building C object tests\rxpa\CMakeFiles\cri17_attached_provider_control-rxbvml.dir\cri17_attached_provider_control.c.obj
2026-09-15T22:09:26.6052123Z FAILED: [code=2] tests/rxpa/CMakeFiles/cri17_attached_provider_control-rxbvml.dir/cri17_attached_provider_control.c.obj 
2026-09-15T22:09:26.6055451Z "C:\Program Files\Microsoft Visual Studio\18\Enterprise\VC\Tools\MSVC\14.44.35207\bin\HostX64\x64\cl.exe"  /nologo -DNTHREADED=1 -ID:\a\_temp\qualification\generated -ID:\a\CREXX\CREXX\interpreter -ID:\a\CREXX\CREXX\interpreter\rxvmplugin -ID:\a\CREXX\CREXX\inc -ID:\a\CREXX\CREXX\assembler -ID:\a\CREXX\CREXX\binutils\include -ID:\a\CREXX\CREXX\rxpa -ID:\a\CREXX\CREXX\platform -ID:\a\CREXX\CREXX\avl_tree -ID:\a\CREXX\CREXX\utf8 -ID:\a\CREXX\CREXX\interpreter\rxvmplugin\rxvmplugins\mc_decimal\decnumber /DWIN32 /D_WINDOWS /O2 /Ob2 /DNDEBUG -std:c11 -MD /showIncludes /Fotests\rxpa\CMakeFiles\cri17_attached_provider_control-rxbvml.dir\cri17_attached_provider_control.c.obj /Fdtests\rxpa\CMakeFiles\cri17_attached_provider_control-rxbvml.dir\ /FS -c D:\a\CREXX\CREXX\tests\rxpa\cri17_attached_provider_control.c
2026-09-15T22:09:26.6059314Z C:\Program Files\Microsoft Visual Studio\18\Enterprise\VC\Tools\MSVC\14.44.35207\include\vcruntime_c11_stdatomic.h(12): fatal error C1189: #error:  "C atomic support is not enabled"
2026-09-15T22:09:26.6060063Z ninja: build stopped: subcommand failed.
2026-09-15T22:09:26.6211075Z ##[error]Process completed with exit code 2.
2026-09-15T22:09:26.6435642Z ##[group]Run actions/upload-artifact@v7
2026-09-15T22:09:26.6436038Z with:
2026-09-15T22:09:26.6436270Z   name: comprehensive-logs-windows-2025-msvc
2026-09-15T22:09:26.6436852Z   path: D:\a\_temp/qualification/Testing/Temporary
D:\a\_temp/qualification/CMakeFiles/CMakeConfigureLog.yaml

2026-09-15T22:09:26.6437366Z   if-no-files-found: warn
2026-09-15T22:09:26.6437589Z   retention-days: 14
2026-09-15T22:09:26.6437800Z   compression-level: 6
2026-09-15T22:09:26.6438017Z   overwrite: false
2026-09-15T22:09:26.6438223Z   include-hidden-files: false
2026-09-15T22:09:26.6438450Z   archive: true
2026-09-15T22:09:26.6438651Z env:
2026-09-15T22:09:26.6438834Z   CommandPromptType: Native
2026-09-15T22:09:26.6439195Z   DevEnvDir: C:\Program Files\Microsoft Visual Studio\18\Enterprise\Common7\IDE\
2026-09-15T22:09:26.6439732Z   ExtensionSdkDir: C:\Program Files (x86)\Microsoft SDKs\Windows Kits\10\ExtensionSDKs
2026-09-15T22:09:26.6441826Z   EXTERNAL_INCLUDE: C:\Program Files\Microsoft Visual Studio\18\Enterprise\VC\Tools\MSVC\14.44.35207\include;C:\Program Files\Microsoft Visual Studio\18\Enterprise\VC\Auxiliary\VS\include;C:\Program Files (x86)\Windows Kits\10\include\10.0.26100.0\ucrt;C:\Program Files (x86)\Windows Kits\10\\include\10.0.26100.0\\um;C:\Program Files (x86)\Windows Kits\10\\include\10.0.26100.0\\shared;C:\Program Files (x86)\Windows Kits\10\\include\10.0.26100.0\\winrt;C:\Program Files (x86)\Windows Kits\10\\include\10.0.26100.0\\cppwinrt;C:\Program Files (x86)\Windows Kits\NETFXSDK\4.8.1\include\um
2026-09-15T22:09:26.6443741Z   Framework40Version: v4.0
2026-09-15T22:09:26.6444021Z   FrameworkDir: C:\Windows\Microsoft.NET\Framework64\
2026-09-15T22:09:26.6444372Z   FrameworkDir64: C:\Windows\Microsoft.NET\Framework64\
2026-09-15T22:09:26.6444683Z   FrameworkVersion: v4.0.30319
2026-09-15T22:09:26.6444933Z   FrameworkVersion64: v4.0.30319
2026-09-15T22:09:26.6445471Z   FSHARPINSTALLDIR: C:\Program Files\Microsoft Visual Studio\18\Enterprise\Common7\IDE\CommonExtensions\Microsoft\FSharp\Tools
2026-09-15T22:09:26.6446078Z   HTMLHelpDir: C:\Program Files (x86)\HTML Help Workshop
2026-09-15T22:09:26.6448008Z   INCLUDE: C:\Program Files\Microsoft Visual Studio\18\Enterprise\VC\Tools\MSVC\14.44.35207\include;C:\Program Files\Microsoft Visual Studio\18\Enterprise\VC\Auxiliary\VS\include;C:\Program Files (x86)\Windows Kits\10\include\10.0.26100.0\ucrt;C:\Program Files (x86)\Windows Kits\10\\include\10.0.26100.0\\um;C:\Program Files (x86)\Windows Kits\10\\include\10.0.26100.0\\shared;C:\Program Files (x86)\Windows Kits\10\\include\10.0.26100.0\\winrt;C:\Program Files (x86)\Windows Kits\10\\include\10.0.26100.0\\cppwinrt;C:\Program Files (x86)\Windows Kits\NETFXSDK\4.8.1\include\um
2026-09-15T22:09:26.6450600Z   LIB: C:\Program Files\Microsoft Visual Studio\18\Enterprise\VC\Tools\MSVC\14.44.35207\lib\x64;C:\Program Files (x86)\Windows Kits\NETFXSDK\4.8.1\lib\um\x64;C:\Program Files (x86)\Windows Kits\10\lib\10.0.26100.0\ucrt\x64;C:\Program Files (x86)\Windows Kits\10\\lib\10.0.26100.0\\um\x64
2026-09-15T22:09:26.6453737Z   LIBPATH: C:\Program Files\Microsoft Visual Studio\18\Enterprise\VC\Tools\MSVC\14.44.35207\lib\x64;C:\Program Files\Microsoft Visual Studio\18\Enterprise\VC\Tools\MSVC\14.44.35207\lib\x86\store\references;C:\Program Files (x86)\Windows Kits\10\UnionMetadata\10.0.26100.0;C:\Program Files (x86)\Windows Kits\10\References\10.0.26100.0;C:\Windows\Microsoft.NET\Framework64\v4.0.30319
2026-09-15T22:09:26.6455278Z   llvmArm64: C:\Program Files\Microsoft Visual Studio\18\Enterprise\VC\Tools\Llvm\ARM64\bin
2026-09-15T22:09:26.6455842Z   llvmX64: C:\Program Files\Microsoft Visual Studio\18\Enterprise\VC\Tools\Llvm\x64\bin
2026-09-15T22:09:26.6456578Z   NETFXSDKDir: C:\Program Files (x86)\Windows Kits\NETFXSDK\4.8.1\
2026-09-15T22:09:26.6473738Z   Path: C:\Program Files\Microsoft Visual Studio\18\Enterprise\VC\Tools\MSVC\14.44.35207\bin\HostX64\x64;C:\Program Files\Microsoft Visual Studio\18\Enterprise\Common7\IDE\VC\VCPackages;C:\Program Files\Microsoft Visual Studio\18\Enterprise\Common7\IDE\CommonExtensions\Microsoft\TestWindow;C:\Program Files\Microsoft Visual Studio\18\Enterprise\Common7\IDE\CommonExtensions\Microsoft\TeamFoundation\Team Explorer;C:\Program Files\Microsoft Visual Studio\18\Enterprise\MSBuild\Current\bin\Roslyn;C:\Program Files (x86)\Microsoft SDKs\Windows\v10.0A\bin\NETFX 4.8.1 Tools\x64\;C:\Program Files (x86)\HTML Help Workshop;C:\Program Files\Microsoft Visual Studio\18\Enterprise\Common7\IDE\CommonExtensions\Microsoft\FSharp\Tools;C:\Program Files\Microsoft Visual Studio\18\Enterprise\Team Tools\DiagnosticsHub\Collector;C:\Program Files\Microsoft Visual Studio\18\Enterprise\Common7\IDE\Extensions\Microsoft\CodeCoverage.Console;C:\Program Files (x86)\Windows Kits\10\bin\10.0.26100.0\\x64;C:\Program Files (x86)\Windows Kits\10\bin\\x64;C:\Program Files\Microsoft Visual Studio\18\Enterprise\\MSBuild\Current\Bin\amd64;C:\Windows\Microsoft.NET\Framework64\v4.0.30319;C:\Program Files\Microsoft Visual Studio\18\Enterprise\Common7\IDE\;C:\Program Files\Microsoft Visual Studio\18\Enterprise\Common7\Tools\;C:\Program Files\MongoDB\Server\7.0\bin;C:\vcpkg;C:\tools\zstd;C:\hostedtoolcache\windows\stack\3.11.1\x64;C:\cabal\bin;C:\\ghcup\bin;C:\mingw64\bin;C:\Program Files\dotnet;C:\Program Files\MySQL\MySQL Server 8.0\bin;C:\Program Files\R\R-4.6.1\bin\x64;C:\SeleniumWebDrivers\GeckoDriver;C:\SeleniumWebDrivers\EdgeDriver\;C:\SeleniumWebDrivers\ChromeDriver;C:\Program Files (x86)\sbt\bin;C:\Program Files (x86)\GitHub CLI;C:\Program Files\Git\bin;C:\Program Files (x86)\pipx_bin;C:\npm\prefix;C:\hostedtoolcache\windows\go\1.24.13\x64\bin;C:\hostedtoolcache\windows\Python\3.12.10\x64\Scripts;C:\hostedtoolcache\windows\Python\3.12.10\x64;C:\hostedtoolcache\windows\Ruby\3.3.12\x64\bin;C:\Program Files\OpenSSL\bin;C:\tools\kotlinc\bin;C:\hostedtoolcache\windows\Java_Temurin-Hotspot_jdk\17.0.20-101\x64\bin;C:\Program Files\ImageMagick-7.1.2-Q16-HDRI;C:\Program Files\Microsoft SDKs\Azure\CLI2\wbin;C:\ProgramData\kind;C:\ProgramData\Chocolatey\bin;C:\Windows\system32;C:\Windows;C:\Windows\System32\Wbem;C:\Windows\System32\WindowsPowerShell\v1.0\;C:\Windows\System32\OpenSSH\;C:\Program Files\PowerShell\7\;C:\Program Files\Microsoft\Web Platform Installer\;C:\Program Files\Microsoft SQL Server\170\Tools\Binn\;C:\Program Files\Microsoft SQL Server\Client SDK\ODBC\170\Tools\Binn\;C:\Program Files\dotnet\;C:\Program Files (x86)\Windows Kits\10\Windows Performance Toolkit\;C:\Program Files (x86)\WiX Toolset v3.14\bin;C:\Program Files\Microsoft SQL Server\130\DTS\Binn\;C:\Program Files\Microsoft SQL Server\140\DTS\Binn\;C:\Program Files\Microsoft SQL Server\150\DTS\Binn\;C:\Program Files\Microsoft SQL Server\160\DTS\Binn\;C:\Program Files\Microsoft SQL Server\170\DTS\Binn\;C:\ProgramData\chocolatey\lib\pulumi\tools\Pulumi\bin;C:\Program Files\CMake\bin;C:\Strawberry\c\bin;C:\Strawberry\perl\site\bin;C:\Strawberry\perl\bin;C:\ProgramData\chocolatey\lib\maven\apache-maven-3.9.16\bin;C:\Program Files\Microsoft Service Fabric\bin\Fabric\Fabric.Code;C:\Program Files\Microsoft SDKs\Service Fabric\Tools\ServiceFabricLocalClusterManager;C:\Program Files\nodejs\;C:\Program Files\Git\cmd;C:\Program Files\Git\mingw64\bin;C:\Program Files\Git\usr\bin;C:\Program Files\GitHub CLI\;c:\tools\php;C:\Program Files\Amazon\AWSCLIV2\;C:\Program Files\Amazon\SessionManagerPlugin\bin\;C:\Program Files\Amazon\AWSSAMCLI\bin\;C:\Program Files\Microsoft SQL Server\130\Tools\Binn\;C:\Program Files\mongosh\;C:\Program Files\LLVM\bin;C:\Program Files (x86)\LLVM\bin;C:\Users\runneradmin\.dotnet\tools;C:\Users\runneradmin\.cargo\bin;C:\Users\runneradmin\AppData\Local\Microsoft\WindowsApps;C:\Program Files (x86)\Microsoft Visual Studio\Installer;C:\Program Files\Microsoft Visual Studio\18\Enterprise\VC\Tools\Llvm\x64\bin;C:\Program Files\Microsoft Visual Studio\18\Enterprise\Common7\IDE\CommonExtensions\Microsoft\CMake\CMake\bin;C:\Program Files\Microsoft Visual Studio\18\Enterprise\Common7\IDE\CommonExtensions\Microsoft\CMake\Ninja;C:\Program Files\Microsoft Visual Studio\18\Enterprise\Common7\IDE\VC\Linux\bin\ConnectionManagerExe;C:\Program Files\Microsoft Visual Studio\18\Enterprise\VC\vcpkg
2026-09-15T22:09:26.6488369Z   Platform: x64
2026-09-15T22:09:26.6488575Z   UCRTVersion: 10.0.26100.0
2026-09-15T22:09:26.6488872Z   UniversalCRTSdkDir: C:\Program Files (x86)\Windows Kits\10\
2026-09-15T22:09:26.6489205Z   use_x64_llvm: true
2026-09-15T22:09:26.6489566Z   VCIDEInstallDir: C:\Program Files\Microsoft Visual Studio\18\Enterprise\Common7\IDE\VC\
2026-09-15T22:09:26.6490092Z   VCINSTALLDIR: C:\Program Files\Microsoft Visual Studio\18\Enterprise\VC\
2026-09-15T22:09:26.6499740Z   VCPKG_ROOT: C:\Program Files\Microsoft Visual Studio\18\Enterprise\VC\vcpkg
2026-09-15T22:09:26.6500439Z   VCToolsInstallDir: C:\Program Files\Microsoft Visual Studio\18\Enterprise\VC\Tools\MSVC\14.44.35207\
2026-09-15T22:09:26.6501128Z   VCToolsRedistDir: C:\Program Files\Microsoft Visual Studio\18\Enterprise\VC\Redist\MSVC\14.51.36231\
2026-09-15T22:09:26.6501614Z   VCToolsVersion: 14.44.35207
2026-09-15T22:09:26.6501864Z   VisualStudioVersion: 18.0
2026-09-15T22:09:26.6502247Z   VS180COMNTOOLS: C:\Program Files\Microsoft Visual Studio\18\Enterprise\Common7\Tools\
2026-09-15T22:09:26.6502673Z   VSCMD_ARG_app_plat: Desktop
2026-09-15T22:09:26.6502905Z   VSCMD_ARG_HOST_ARCH: x64
2026-09-15T22:09:26.6503123Z   VSCMD_ARG_TGT_ARCH: x64
2026-09-15T22:09:26.6503349Z   VSCMD_ARG_VCVARS_VER: 14.44
2026-09-15T22:09:26.6503565Z   VSCMD_VER: 18.9.2
2026-09-15T22:09:26.6503861Z   VSINSTALLDIR: C:\Program Files\Microsoft Visual Studio\18\Enterprise\
2026-09-15T22:09:26.6504346Z   VSSDK150INSTALL: C:\Program Files\Microsoft Visual Studio\18\Enterprise\VSSDK
2026-09-15T22:09:26.6504844Z   VSSDKINSTALL: C:\Program Files\Microsoft Visual Studio\18\Enterprise\VSSDK
2026-09-15T22:09:26.6505539Z   WindowsLibPath: C:\Program Files (x86)\Windows Kits\10\UnionMetadata\10.0.26100.0;C:\Program Files (x86)\Windows Kits\10\References\10.0.26100.0
2026-09-15T22:09:26.6506205Z   WindowsSdkBinPath: C:\Program Files (x86)\Windows Kits\10\bin\
2026-09-15T22:09:26.6506592Z   WindowsSdkDir: C:\Program Files (x86)\Windows Kits\10\
2026-09-15T22:09:26.6506914Z   WindowsSDKLibVersion: 10.0.26100.0\
2026-09-15T22:09:26.6507283Z   WindowsSdkVerBinPath: C:\Program Files (x86)\Windows Kits\10\bin\10.0.26100.0\
2026-09-15T22:09:26.6507675Z   WindowsSDKVersion: 10.0.26100.0\
2026-09-15T22:09:26.6508136Z   WindowsSDK_ExecutablePath_x64: C:\Program Files (x86)\Microsoft SDKs\Windows\v10.0A\bin\NETFX 4.8.1 Tools\x64\
2026-09-15T22:09:26.6508822Z   WindowsSDK_ExecutablePath_x86: C:\Program Files (x86)\Microsoft SDKs\Windows\v10.0A\bin\NETFX 4.8.1 Tools\
2026-09-15T22:09:26.6509288Z   __DOTNET_ADD_64BIT: 1
2026-09-15T22:09:26.6509508Z   __DOTNET_PREFERRED_BITNESS: 64
2026-09-15T22:09:26.6518848Z   __VSCMD_PREINIT_PATH: C:\Program Files\MongoDB\Server\7.0\bin;C:\vcpkg;C:\tools\zstd;C:\hostedtoolcache\windows\stack\3.11.1\x64;C:\cabal\bin;C:\\ghcup\bin;C:\mingw64\bin;C:\Program Files\dotnet;C:\Program Files\MySQL\MySQL Server 8.0\bin;C:\Program Files\R\R-4.6.1\bin\x64;C:\SeleniumWebDrivers\GeckoDriver;C:\SeleniumWebDrivers\EdgeDriver\;C:\SeleniumWebDrivers\ChromeDriver;C:\Program Files (x86)\sbt\bin;C:\Program Files (x86)\GitHub CLI;C:\Program Files\Git\bin;C:\Program Files (x86)\pipx_bin;C:\npm\prefix;C:\hostedtoolcache\windows\go\1.24.13\x64\bin;C:\hostedtoolcache\windows\Python\3.12.10\x64\Scripts;C:\hostedtoolcache\windows\Python\3.12.10\x64;C:\hostedtoolcache\windows\Ruby\3.3.12\x64\bin;C:\Program Files\OpenSSL\bin;C:\tools\kotlinc\bin;C:\hostedtoolcache\windows\Java_Temurin-Hotspot_jdk\17.0.20-101\x64\bin;C:\Program Files\ImageMagick-7.1.2-Q16-HDRI;C:\Program Files\Microsoft SDKs\Azure\CLI2\wbin;C:\ProgramData\kind;C:\ProgramData\Chocolatey\bin;C:\Windows\system32;C:\Windows;C:\Windows\System32\Wbem;C:\Windows\System32\WindowsPowerShell\v1.0\;C:\Windows\System32\OpenSSH\;C:\Program Files\PowerShell\7\;C:\Program Files\Microsoft\Web Platform Installer\;C:\Program Files\Microsoft SQL Server\170\Tools\Binn\;C:\Program Files\Microsoft SQL Server\Client SDK\ODBC\170\Tools\Binn\;C:\Program Files\dotnet\;C:\Program Files (x86)\Windows Kits\10\Windows Performance Toolkit\;C:\Program Files (x86)\WiX Toolset v3.14\bin;C:\Program Files\Microsoft SQL Server\130\DTS\Binn\;C:\Program Files\Microsoft SQL Server\140\DTS\Binn\;C:\Program Files\Microsoft SQL Server\150\DTS\Binn\;C:\Program Files\Microsoft SQL Server\160\DTS\Binn\;C:\Program Files\Microsoft SQL Server\170\DTS\Binn\;C:\ProgramData\chocolatey\lib\pulumi\tools\Pulumi\bin;C:\Program Files\CMake\bin;C:\Strawberry\c\bin;C:\Strawberry\perl\site\bin;C:\Strawberry\perl\bin;C:\ProgramData\chocolatey\lib\maven\apache-maven-3.9.16\bin;C:\Program Files\Microsoft Service Fabric\bin\Fabric\Fabric.Code;C:\Program Files\Microsoft SDKs\Service Fabric\Tools\ServiceFabricLocalClusterManager;C:\Program Files\nodejs\;C:\Program Files\Git\cmd;C:\Program Files\Git\mingw64\bin;C:\Program Files\Git\usr\bin;C:\Program Files\GitHub CLI\;c:\tools\php;C:\Program Files (x86)\sbt\bin;C:\Program Files\Amazon\AWSCLIV2\;C:\Program Files\Amazon\SessionManagerPlugin\bin\;C:\Program Files\Amazon\AWSSAMCLI\bin\;C:\Program Files\Microsoft SQL Server\130\Tools\Binn\;C:\Program Files\mongosh\;C:\Program Files\LLVM\bin;C:\Program Files (x86)\LLVM\bin;C:\Users\runneradmin\.dotnet\tools;C:\Users\runneradmin\.cargo\bin;C:\Users\runneradmin\AppData\Local\Microsoft\WindowsApps;C:\Program Files (x86)\Microsoft Visual Studio\Installer
2026-09-15T22:09:26.6527983Z   pythonLocation: C:\hostedtoolcache\windows\Python\3.12.10\x64
2026-09-15T22:09:26.6528437Z   PKG_CONFIG_PATH: C:\hostedtoolcache\windows\Python\3.12.10\x64/lib/pkgconfig
2026-09-15T22:09:26.6528886Z   Python_ROOT_DIR: C:\hostedtoolcache\windows\Python\3.12.10\x64
2026-09-15T22:09:26.6529292Z   Python2_ROOT_DIR: C:\hostedtoolcache\windows\Python\3.12.10\x64
2026-09-15T22:09:26.6529686Z   Python3_ROOT_DIR: C:\hostedtoolcache\windows\Python\3.12.10\x64
2026-09-15T22:09:26.6529999Z ##[endgroup]
2026-09-15T22:09:26.8295116Z Multiple search paths detected. Calculating the least common ancestor of all paths
2026-09-15T22:09:26.8298447Z The least common ancestor is D:\a\_temp\qualification. This will be the root directory of the artifact
2026-09-15T22:09:26.8299574Z With the provided path, there will be 1 file uploaded
2026-09-15T22:09:26.8304164Z Artifact name is valid!
2026-09-15T22:09:26.8305279Z Root directory input is valid!
2026-09-15T22:09:27.2581188Z Uploading artifact: comprehensive-logs-windows-2025-msvc.zip
2026-09-15T22:09:27.2628925Z Beginning upload of artifact content to blob storage
2026-09-15T22:09:27.6625437Z Uploaded bytes 23919
2026-09-15T22:09:27.7385512Z Finished uploading artifact content to blob storage!
2026-09-15T22:09:27.7387165Z SHA256 digest of uploaded artifact is 5431f831e8a8d26cb3f82010ffcb6780793406cabc43429a9cb7e1e0e3afe585
2026-09-15T22:09:27.7388111Z Finalizing artifact upload
2026-09-15T22:09:28.1319300Z Artifact comprehensive-logs-windows-2025-msvc successfully finalized. Artifact ID 10420498766
2026-09-15T22:09:28.1320947Z Artifact comprehensive-logs-windows-2025-msvc has been successfully uploaded! Final size is 23919 bytes. Artifact ID is 10420498766
2026-09-15T22:09:28.1328398Z Artifact download URL: https://github.com/adesutherland/CREXX/actions/runs/35028634025/artifacts/10420498766
2026-09-15T22:09:28.1691487Z Post job cleanup.
2026-09-15T22:09:28.3997524Z [command]"C:\Program Files\Git\bin\git.exe" version
2026-09-15T22:09:28.4285864Z git version 2.55.0.windows.5
2026-09-15T22:09:28.4356725Z Temporarily overriding HOME='D:\a\_temp\90c72c11-e622-40e1-a091-891ce9643cc0' before making global git config changes
2026-09-15T22:09:28.4357864Z Adding repository directory to the temporary git global config as a safe directory
2026-09-15T22:09:28.4370524Z [command]"C:\Program Files\Git\bin\git.exe" config --global --add safe.directory D:\a\CREXX\CREXX
2026-09-15T22:09:28.4691512Z [command]"C:\Program Files\Git\bin\git.exe" config --local --name-only --get-regexp core\.sshCommand
2026-09-15T22:09:28.5019841Z [command]"C:\Program Files\Git\bin\git.exe" submodule foreach --recursive "sh -c \"git config --local --name-only --get-regexp 'core\.sshCommand' && git config --local --unset-all 'core.sshCommand' || :\""
2026-09-15T22:09:29.0614071Z [command]"C:\Program Files\Git\bin\git.exe" config --local --name-only --get-regexp http\.https\:\/\/github\.com\/\.extraheader
2026-09-15T22:09:29.0883879Z http.https://github.com/.extraheader
2026-09-15T22:09:29.0932265Z [command]"C:\Program Files\Git\bin\git.exe" config --local --unset-all http.https://github.com/.extraheader
2026-09-15T22:09:29.1239789Z [command]"C:\Program Files\Git\bin\git.exe" submodule foreach --recursive "sh -c \"git config --local --name-only --get-regexp 'http\.https\:\/\/github\.com\/\.extraheader' && git config --local --unset-all 'http.https://github.com/.extraheader' || :\""
2026-09-15T22:09:29.6712670Z [command]"C:\Program Files\Git\bin\git.exe" config --local --name-only --get-regexp ^includeIf\.gitdir:
2026-09-15T22:09:29.7033488Z [command]"C:\Program Files\Git\bin\git.exe" submodule foreach --recursive "git config --local --show-origin --name-only --get-regexp remote.origin.url"
2026-09-15T22:09:30.2544114Z Cleaning up orphan processes
2026-09-15T22:09:30.2874329Z Terminate orphan process: pid (4120) (vctip)
2026-09-15T22:09:30.3018610Z Terminate orphan process: pid (3208) (mspdbsrv)
2026-09-15T22:09:30.3457956Z ##[warning]Node.js 20 is deprecated. The following actions target Node.js 20 but are being forced to run on Node.js 24: ilammy/msvc-dev-cmd@v1. For more information see: https://github.blog/changelog/2025-09-19-deprecation-of-node-20-on-github-actions-runners/
