section,name,value,id,count,total_ns,average_ns,min_ns,max_ns,percent,selected,entries,resumes,terminals,module,kind,completed,unwound,return_type,args,bytes,max_bytes,high_water,status
summary,schema_version,5,,0,0,0,0,0,0,,,,,,,,,,,,,,
summary,vm_mode,rxvm,,0,0,0,0,0,0,,,,,,,,,,,,,,
summary,result,0,,0,0,0,0,0,0,,,,,,,,,,,,,,
summary,timer_read_min_ns,41,,1,41,41,41,41,0,,,,,,,,,,,,,,
summary,timer_zero_deltas,937,,0,0,0,0,0,0,,,,,,,,,,,,,,
summary,interrupt_polls,1382696,,0,0,0,0,0,0,,,,,,,,,,,,,,
summary,invalid_events,0,,0,0,0,0,0,0,,,,,,,,,,,,,,
summary,counter_overflow,0,,0,0,0,0,0,0,,,,,,,,,,,,,,
summary,procedure_tracking_unavailable,0,,0,0,0,0,0,0,,,,,,,,,,,,,,
summary,allocation_tracking_unavailable,0,,0,0,0,0,0,0,,,,,,,,,,,,,,
summary,census_tracking_unavailable,0,,0,0,0,0,0,0,,,,,,,,,,,,,,
summary,metadata_tracking_unavailable,0,,0,0,0,0,0,0,,,,,,,,,,,,,,
instruction,SRCFPROCSEL_REG_STRING_REG,,58,7,186138542,26591220,25812750,28245166,86.223713,,,,,,,,,,,,,,
instruction,COPY_REG_REG,,8,7708,3539674,459,0,20709,1.639660,,,,,,,,,,,,,,
instruction,BRF_ID_REG,,38,207614,3151656,15,0,16833,1.459921,,,,,,,,,,,,,,
instruction,CALL_REG_FUNC_REG,,46,8356,2177531,260,41,7375,1.008683,,,,,,,,,,,,,,
instruction,NULL_REG,,14,95029,1506576,15,0,8083,0.697881,,,,,,,,,,,,,,
instruction,ENDLIFE_REG,,514,90512,1398498,15,0,6625,0.647817,,,,,,,,,,,,,,
instruction,ICOPY_REG_REG,,9,78828,1217963,15,0,12375,0.564189,,,,,,,,,,,,,,
instruction,IEQ_REG_REG_INT,,101,63759,1003136,15,0,416,0.464676,,,,,,,,,,,,,,
instruction,SCOPY_REG_REG,,11,56064,921771,16,0,4167,0.426986,,,,,,,,,,,,,,
instruction,BR_ID,,36,55943,814625,14,0,6375,0.377353,,,,,,,,,,,,,,
instruction,BRT_ID_REG,,37,52099,774409,14,0,1458,0.358724,,,,,,,,,,,,,,
instruction,LOAD_REG_INT,,1,50014,772281,15,0,4584,0.357739,,,,,,,,,,,,,,
instruction,STRCHAR_REG_REG_REG,,150,40284,713597,17,0,5000,0.330555,,,,,,,,,,,,,,
instruction,IADD_REG_REG_INT,,16,40355,634523,15,0,5667,0.293926,,,,,,,,,,,,,,
instruction,IGT_REG_REG_REG,,104,35941,564273,15,0,4875,0.261384,,,,,,,,,,,,,,
instruction,UNLINK_REG,,213,35304,537984,15,0,6042,0.249207,,,,,,,,,,,,,,
instruction,ASSERTTYPE_REG_STRING,,61,203,501289,2469,2125,9542,0.232209,,,,,,,,,,,,,,
instruction,MTIME_REG,,459,6,409417,68236,541,399667,0.189652,,,,,,,,,,,,,,
instruction,SWAP_REG_REG,,510,12484,376296,30,0,1292,0.174309,,,,,,,,,,,,,,
instruction,ILT_REG_REG_INT,,111,23199,373954,16,0,1209,0.173224,,,,,,,,,,,,,,
instruction,IADD_REG_REG_REG,,15,23472,354778,15,0,250,0.164341,,,,,,,,,,,,,,
instruction,RET_REG,,49,5670,352974,62,0,833,0.163506,,,,,,,,,,,,,,
instruction,LINKATTR1_REG_REG_INT,,203,21663,342562,15,0,3542,0.158683,,,,,,,,,,,,,,
instruction,ISUB_REG_REG_INT,,18,21656,337817,15,0,375,0.156485,,,,,,,,,,,,,,
instruction,LOAD_REG_STRING,,3,20087,328875,16,0,375,0.152343,,,,,,,,,,,,,,
instruction,ILT_REG_REG_REG,,110,18868,293119,15,0,458,0.135780,,,,,,,,,,,,,,
instruction,IEQ_REG_REG_REG,,100,16506,286667,17,0,5458,0.132791,,,,,,,,,,,,,,
instruction,IGT_REG_REG_INT,,105,17466,284240,16,0,4500,0.131667,,,,,,,,,,,,,,
instruction,IMULT_REG_REG_INT,,21,19054,283183,14,0,292,0.131177,,,,,,,,,,,,,,
instruction,MINATTRS_REG_REG_INT,,223,13829,279894,20,0,1542,0.129653,,,,,,,,,,,,,,
instruction,SETTP_REG_INT,,517,16886,271939,16,0,5125,0.125968,,,,,,,,,,,,,,
instruction,LINKATTR1_REG_REG_REG,,202,15202,246266,16,0,625,0.114076,,,,,,,,,,,,,,
instruction,STRLEN_REG_REG,,149,15494,237744,15,0,1375,0.110129,,,,,,,,,,,,,,
instruction,INE_REG_REG_INT,,103,12412,207025,16,0,8458,0.095899,,,,,,,,,,,,,,
instruction,IGTE_REG_REG_REG,,107,12936,204544,15,0,500,0.094750,,,,,,,,,,,,,,
instruction,BCTP_ID_REG,,349,13598,200980,14,0,667,0.093099,,,,,,,,,,,,,,
instruction,SETNUMDGTS_INT,,246,8554,194332,22,0,1583,0.090019,,,,,,,,,,,,,,
instruction,REQ_REG_REG_STRING,,564,4357,191935,44,0,1166,0.088909,,,,,,,,,,,,,,
instruction,RNE_REG_REG_STRING,,567,4508,176316,39,0,542,0.081674,,,,,,,,,,,,,,
instruction,REQ_REG_REG_REG,,563,3949,160481,40,0,584,0.074339,,,,,,,,,,,,,,
instruction,ILTE_REG_REG_INT,,114,9997,158689,15,0,292,0.073508,,,,,,,,,,,,,,
instruction,IMOD_REG_REG_REG,,25,9058,143696,15,0,2042,0.066563,,,,,,,,,,,,,,
instruction,FTOS_REG,,230,496,142246,286,166,4709,0.065892,,,,,,,,,,,,,,
instruction,SETSTRPOS_REG_REG,,154,6625,142015,21,0,583,0.065785,,,,,,,,,,,,,,
instruction,SETNUMCAS_INT,,255,8556,141285,16,0,209,0.065447,,,,,,,,,,,,,,
instruction,SETNUMFUZ_INT,,249,8556,141032,16,0,12584,0.065329,,,,,,,,,,,,,,
instruction,SUBSTRING_REG_REG_REG,,161,6625,137346,20,0,375,0.063622,,,,,,,,,,,,,,
instruction,SETNUMSTD_INT,,258,8556,130465,15,0,209,0.060434,,,,,,,,,,,,,,
instruction,SETNUMFRM_INT,,252,8554,128605,15,0,250,0.059573,,,,,,,,,,,,,,
instruction,ITOS_REG,,229,2326,122474,52,0,667,0.056733,,,,,,,,,,,,,,
instruction,ISUB_REG_REG_REG,,17,7778,118819,15,0,208,0.055040,,,,,,,,,,,,,,
instruction,BRTPANDT_ID_REG_INT,,524,7028,109074,15,0,2209,0.050526,,,,,,,,,,,,,,
instruction,ILTE_REG_REG_REG,,113,6860,106765,15,0,208,0.049456,,,,,,,,,,,,,,
instruction,IGTE_REG_REG_INT,,108,6475,105977,16,0,3166,0.049091,,,,,,,,,,,,,,
instruction,DCALL_REG_REG_REG,,47,217,92673,427,208,5792,0.042928,,,,,,,,,,,,,,
instruction,FTOD_REG,,243,388,91454,235,166,2208,0.042364,,,,,,,,,,,,,,
instruction,RET,,48,2390,77475,32,0,708,0.035888,,,,,,,,,,,,,,
instruction,STRUPPER_REG_REG,,158,2630,62485,23,0,667,0.028945,,,,,,,,,,,,,,
instruction,SETATTRS_REG_INT,,217,1677,54283,32,0,7459,0.025145,,,,,,,,,,,,,,
instruction,BNE_ID_REG_INT,,43,3444,52983,15,0,417,0.024543,,,,,,,,,,,,,,
instruction,CONCAT_REG_REG_STRING,,135,1653,50925,30,0,375,0.023590,,,,,,,,,,,,,,
instruction,GETATTRS_REG_REG_INT,,215,2661,49763,18,0,4000,0.023051,,,,,,,,,,,,,,
instruction,NOT_REG_REG,,182,2700,44351,16,0,250,0.020544,,,,,,,,,,,,,,
instruction,BRTF_ID_ID_REG,,39,2810,42707,15,0,250,0.019783,,,,,,,,,,,,,,
instruction,ASSERTINITIALIZED_REG,,85,1682,41429,24,0,667,0.019191,,,,,,,,,,,,,,
instruction,CONCAT_REG_REG_REG,,134,1654,39661,23,0,333,0.018372,,,,,,,,,,,,,,
instruction,FNDNBLNK_REG_REG_REG,,166,2249,38167,16,0,667,0.017680,,,,,,,,,,,,,,
instruction,MINATTRS_REG_INT,,222,1962,32809,16,0,1291,0.015198,,,,,,,,,,,,,,
instruction,GETANDTP_REG_REG_INT,,522,2007,31999,15,0,541,0.014823,,,,,,,,,,,,,,
instruction,STOI_REG,,237,786,31584,40,0,2875,0.014630,,,,,,,,,,,,,,
instruction,DTOS_REG,,239,387,28294,73,0,750,0.013106,,,,,,,,,,,,,,
instruction,ISTYPE_REG_REG_STRING,,60,7,27458,3922,3208,4500,0.012719,,,,,,,,,,,,,,
instruction,STOD_REG,,238,581,24114,41,0,333,0.011170,,,,,,,,,,,,,,
instruction,BGE_ID_REG_INT,,355,1332,22852,17,0,1916,0.010586,,,,,,,,,,,,,,
instruction,SEQ_REG_REG_REG,,116,1237,20841,16,0,375,0.009654,,,,,,,,,,,,,,
instruction,RET_INT,,50,314,18545,59,0,625,0.008590,,,,,,,,,,,,,,
instruction,BGT_ID_REG_REG,,352,1176,18392,15,0,375,0.008520,,,,,,,,,,,,,,
instruction,ISUB_REG_INT_REG,,19,1034,17195,16,0,417,0.007965,,,,,,,,,,,,,,
instruction,SAY_REG,,450,5,17042,3408,417,10459,0.007894,,,,,,,,,,,,,,
instruction,SRCMETHODSEL_REG_REG_STRING,,57,210,16579,78,0,1209,0.007680,,,,,,,,,,,,,,
instruction,SETOBJUNINIT_REG_STRING,,84,699,16167,23,0,833,0.007489,,,,,,,,,,,,,,
instruction,CONCAT_REG_STRING_REG,,136,294,14833,50,0,250,0.006871,,,,,,,,,,,,,,
instruction,DCOPY_REG_REG,,12,388,13919,35,0,333,0.006448,,,,,,,,,,,,,,
instruction,DMULT_REG_REG_REG,,365,189,11297,59,0,625,0.005233,,,,,,,,,,,,,,
instruction,LOAD_REG_FLOAT,,2,496,11169,22,0,375,0.005174,,,,,,,,,,,,,,
instruction,DGT_REG_REG_REG,,380,196,10796,55,0,2083,0.005001,,,,,,,,,,,,,,
instruction,RET_STRING,,52,200,10131,50,0,458,0.004693,,,,,,,,,,,,,,
instruction,SETOBJTYPE_REG_STRING,,56,304,10122,33,0,791,0.004689,,,,,,,,,,,,,,
instruction,BLE_ID_REG_REG,,358,490,9370,19,0,292,0.004340,,,,,,,,,,,,,,
instruction,ITOF_REG,,231,506,8961,17,0,417,0.004151,,,,,,,,,,,,,,
instruction,DADD_REG_REG_REG,,360,196,7788,39,0,625,0.003608,,,,,,,,,,,,,,
instruction,SEQ_REG_REG_STRING,,117,137,7529,54,0,1708,0.003488,,,,,,,,,,,,,,
instruction,FCOPY_REG_REG,,10,498,7414,14,0,208,0.003434,,,,,,,,,,,,,,
instruction,BEQ_ID_REG_INT,,41,223,6330,28,0,292,0.002932,,,,,,,,,,,,,,
instruction,ITOD_REG,,242,196,6043,30,0,375,0.002799,,,,,,,,,,,,,,
instruction,FADD_REG_REG_REG,,300,200,6040,30,0,1666,0.002798,,,,,,,,,,,,,,
instruction,FGT_REG_REG_REG,,320,296,5838,19,0,292,0.002704,,,,,,,,,,,,,,
instruction,SCONCAT_REG_REG_STRING,,138,103,5833,56,0,375,0.002702,,,,,,,,,,,,,,
instruction,FNDBLNK_REG_REG_REG,,165,197,5546,28,0,1167,0.002569,,,,,,,,,,,,,,
instruction,BLE_ID_REG_INT,,359,299,5375,17,0,416,0.002490,,,,,,,,,,,,,,
instruction,BGE_ID_REG_REG,,354,298,5078,17,0,333,0.002352,,,,,,,,,,,,,,
instruction,FLT_REG_REG_REG,,326,196,5045,25,0,250,0.002337,,,,,,,,,,,,,,
instruction,BCOPY_REG_REG,,581,294,4875,16,0,500,0.002258,,,,,,,,,,,,,,
instruction,ILT_REG_INT_REG,,112,196,4836,24,0,166,0.002240,,,,,,,,,,,,,,
instruction,BPOFF,,495,206,4710,22,0,250,0.002182,,,,,,,,,,,,,,
instruction,BCF_ID_REG,,350,207,4379,21,0,292,0.002028,,,,,,,,,,,,,,
instruction,FEQ_REG_REG_REG,,316,197,4078,20,0,250,0.001889,,,,,,,,,,,,,,
instruction,FADD_REG_REG_FLOAT,,301,98,3375,34,0,334,0.001563,,,,,,,,,,,,,,
instruction,INC_REG,,28,102,3009,29,0,375,0.001394,,,,,,,,,,,,,,
instruction,STRPOS_REG_REG_REG,,164,64,2498,39,0,625,0.001157,,,,,,,,,,,,,,
instruction,RXVERS_REG,,461,1,2166,2166,2166,2166,0.001003,,,,,,,,,,,,,,
instruction,SAY_STRING,,455,3,1916,638,500,833,0.000888,,,,,,,,,,,,,,
instruction,FDIV_REG_REG_FLOAT,,308,6,1750,291,42,1250,0.000811,,,,,,,,,,,,,,
instruction,BNE_ID_REG_REG,,42,41,1539,37,0,417,0.000713,,,,,,,,,,,,,,
instruction,STOF_REG,,236,4,1501,375,125,833,0.000695,,,,,,,,,,,,,,
instruction,STRLOWER_REG_REG,,157,16,1461,91,0,584,0.000677,,,,,,,,,,,,,,
instruction,POSCHAR_REG_REG_REG,,153,7,1417,202,41,459,0.000656,,,,,,,,,,,,,,
instruction,BTOI_REG,,225,62,1248,20,0,208,0.000578,,,,,,,,,,,,,,
instruction,SCONCAT_REG_STRING_REG,,139,5,1000,200,83,292,0.000463,,,,,,,,,,,,,,
instruction,APPENDCHAR_REG_REG,,140,9,792,88,0,583,0.000367,,,,,,,,,,,,,,
instruction,FDIV_REG_REG_REG,,307,5,625,125,42,208,0.000290,,,,,,,,,,,,,,
instruction,DEXTR_REG_REG_REG,,399,1,625,625,625,625,0.000290,,,,,,,,,,,,,,
instruction,APPEND_REG_REG,,143,5,458,91,41,167,0.000212,,,,,,,,,,,,,,
instruction,SCONCAT_REG_REG_REG,,137,2,416,208,166,250,0.000193,,,,,,,,,,,,,,
instruction,DLT_REG_REG_DECIMAL,,387,1,334,334,334,334,0.000155,,,,,,,,,,,,,,
instruction,FTOI_REG,,232,1,250,250,250,250,0.000116,,,,,,,,,,,,,,
instruction,INE_REG_REG_REG,,102,1,209,209,209,209,0.000097,,,,,,,,,,,,,,
instruction,FMULT_REG_REG_REG,,305,1,167,167,167,167,0.000077,,,,,,,,,,,,,,
instruction,FSUB_REG_REG_REG,,302,1,125,125,125,125,0.000058,,,,,,,,,,,,,,
transition,sequential_same_frame,,0,1146477,14541068,12,0,7208,82.875810,,,,,,,,,,,,,,
transition,branch_same_frame,,1,219072,2785016,12,0,4916,15.873006,,,,,,,,,,,,,,
transition,call_enter_frame,,2,8573,105135,12,0,333,0.599210,,,,,,,,,,,,,,
transition,return_leave_frame,,3,8573,108351,12,0,4125,0.617539,,,,,,,,,,,,,,
transition,external_entry,,6,1,6042,6042,6042,6042,0.034436,,,,,,,,,,,,,,
transition,terminal,,7,1,0,0,0,0,0.000000,,,,,,,,,,,,,,
interrupt,scan_all,,,0,0,0,0,0,0,,,,,,,,,,,,,,
interrupt,scan_without_selection,,,0,0,0,0,0,0,,,,,,,,,,,,,,
interrupt,mechanics_all,,,0,0,0,0,0,0,,,,,,,,,,,,,,
procedure,"rexxcps_levelb.main","elapsed",,1,233424209,233424209,233424209,233424209,0,,,,,"benchmark_rexxcps_levelb_noopt",procedure,1,0,".int","",,,,
procedure,"rexxcps_levelb.main","inclusive_body",,1,233418083,233418083,233418083,233418083,0,,,,,"benchmark_rexxcps_levelb_noopt",procedure,1,0,".int","",,,,
procedure,"rexxcps_levelb.main","self",,1,2040246,2040246,2040246,2040246,0,,,,,"benchmark_rexxcps_levelb_noopt",procedure,1,0,".int","",,,,
procedure,"rexxcps_levelb.main","native_child",,1,0,0,0,0,0,,,,,"benchmark_rexxcps_levelb_noopt",procedure,1,0,".int","",,,,
procedure,"rexxcps_levelb.main","entry_overhead",,1,6042,6042,6042,6042,0,,,,,"benchmark_rexxcps_levelb_noopt",procedure,1,0,".int","",,,,
procedure,"rexxcps_levelb.main","exit_overhead",,1,84,84,84,84,0,,,,,"benchmark_rexxcps_levelb_noopt",procedure,1,0,".int","",,,,
procedure,"_rxsysb._ensure_address_environment","elapsed",,202,188097417,931175,7958,28299250,0,,,,,"_address",procedure,202,0,".int","env_name=.string",,,,
procedure,"_rxsysb._ensure_address_environment","inclusive_body",,202,188022251,930803,7666,28296500,0,,,,,"_address",procedure,202,0,".int","env_name=.string",,,,
procedure,"_rxsysb._ensure_address_environment","self",,202,186903458,925264,2542,28261792,0,,,,,"_address",procedure,202,0,".int","env_name=.string",,,,
procedure,"_rxsysb._ensure_address_environment","native_child",,202,0,0,0,0,0,,,,,"_address",procedure,202,0,".int","env_name=.string",,,,
procedure,"_rxsysb._ensure_address_environment","entry_overhead",,202,59918,296,208,2166,0,,,,,"_address",procedure,202,0,".int","env_name=.string",,,,
procedure,"_rxsysb._ensure_address_environment","exit_overhead",,202,15248,75,41,625,0,,,,,"_address",procedure,202,0,".int","env_name=.string",,,,
procedure,"_rxsysb.addressenv","elapsed",,98,162677961,1659979,19750,160631542,0,,,,,"_address",procedure,98,0,"._rxsysb..addressenvironment","?env_name=.string",,,,
procedure,"_rxsysb.addressenv","inclusive_body",,98,162636628,1659557,19334,160630041,0,,,,,"_address",procedure,98,0,"._rxsysb..addressenvironment","?env_name=.string",,,,
procedure,"_rxsysb.addressenv","self",,98,36003,367,292,417,0,,,,,"_address",procedure,98,0,"._rxsysb..addressenvironment","?env_name=.string",,,,
procedure,"_rxsysb.addressenv","native_child",,98,0,0,0,0,0,,,,,"_address",procedure,98,0,"._rxsysb..addressenvironment","?env_name=.string",,,,
procedure,"_rxsysb.addressenv","entry_overhead",,98,32874,335,250,1292,0,,,,,"_address",procedure,98,0,"._rxsysb..addressenvironment","?env_name=.string",,,,
procedure,"_rxsysb.addressenv","exit_overhead",,98,8459,86,41,209,0,,,,,"_address",procedure,98,0,"._rxsysb..addressenvironment","?env_name=.string",,,,
procedure,"_rxsysb._address_environment","elapsed",,98,162600625,1659190,19000,160629625,0,,,,,"_address",procedure,98,0,"._rxsysb..addressenvironment","?env_name=.string",,,,
procedure,"_rxsysb._address_environment","inclusive_body",,98,162553625,1658710,18584,160627125,0,,,,,"_address",procedure,98,0,"._rxsysb..addressenvironment","?env_name=.string",,,,
procedure,"_rxsysb._address_environment","self",,98,598045,6102,5416,13207,0,,,,,"_address",procedure,98,0,"._rxsysb..addressenvironment","?env_name=.string",,,,
procedure,"_rxsysb._address_environment","native_child",,98,0,0,0,0,0,,,,,"_address",procedure,98,0,"._rxsysb..addressenvironment","?env_name=.string",,,,
procedure,"_rxsysb._address_environment","entry_overhead",,98,38002,387,291,2208,0,,,,,"_address",procedure,98,0,"._rxsysb..addressenvironment","?env_name=.string",,,,
procedure,"_rxsysb._address_environment","exit_overhead",,98,8998,91,42,292,0,,,,,"_address",procedure,98,0,"._rxsysb..addressenvironment","?env_name=.string",,,,
procedure,"_rxsysb.ensure_address_runtime","elapsed",,790,160900699,203671,291,160606500,0,,,,,"_address",procedure,790,0,".void","",,,,
procedure,"_rxsysb.ensure_address_runtime","inclusive_body",,790,160743240,203472,125,160605584,0,,,,,"_address",procedure,790,0,".void","",,,,
procedure,"_rxsysb.ensure_address_runtime","self",,790,139198,176,125,1542,0,,,,,"_address",procedure,790,0,".void","",,,,
procedure,"_rxsysb.ensure_address_runtime","native_child",,790,0,0,0,0,0,,,,,"_address",procedure,790,0,".void","",,,,
procedure,"_rxsysb.ensure_address_runtime","entry_overhead",,790,127268,161,83,3416,0,,,,,"_address",procedure,790,0,".void","",,,,
procedure,"_rxsysb.ensure_address_runtime","exit_overhead",,790,30191,38,0,250,0,,,,,"_address",procedure,790,0,".void","",,,,
procedure,"_rxsysb._address","elapsed",,98,30168958,307846,41083,25915167,0,,,,,"_address",procedure,98,0,".int","?env=.string,?command=.string,in=.binary,out=.binary,err=.binary,expose ...=.string",,,,
procedure,"_rxsysb._address","inclusive_body",,98,30124829,307396,40709,25907417,0,,,,,"_address",procedure,98,0,".int","?env=.string,?command=.string,in=.binary,out=.binary,err=.binary,expose ...=.string",,,,
procedure,"_rxsysb._address","self",,98,404036,4122,3625,12292,0,,,,,"_address",procedure,98,0,".int","?env=.string,?command=.string,in=.binary,out=.binary,err=.binary,expose ...=.string",,,,
procedure,"_rxsysb._address","native_child",,98,0,0,0,0,0,,,,,"_address",procedure,98,0,".int","?env=.string,?command=.string,in=.binary,out=.binary,err=.binary,expose ...=.string",,,,
procedure,"_rxsysb._address","entry_overhead",,98,36417,371,250,7417,0,,,,,"_address",procedure,98,0,".int","?env=.string,?command=.string,in=.binary,out=.binary,err=.binary,expose ...=.string",,,,
procedure,"_rxsysb._address","exit_overhead",,98,7712,78,41,333,0,,,,,"_address",procedure,98,0,".int","?env=.string,?command=.string,in=.binary,out=.binary,err=.binary,expose ...=.string",,,,
procedure,"_rxsysb._set_address_environment","elapsed",,98,27534162,280960,16208,25856333,0,,,,,"_address",procedure,98,0,".int","env_name=.string",,,,
procedure,"_rxsysb._set_address_environment","inclusive_body",,98,27498836,280600,15875,25855459,0,,,,,"_address",procedure,98,0,".int","env_name=.string",,,,
procedure,"_rxsysb._set_address_environment","self",,98,355413,3626,3208,10834,0,,,,,"_address",procedure,98,0,".int","env_name=.string",,,,
procedure,"_rxsysb._set_address_environment","native_child",,98,0,0,0,0,0,,,,,"_address",procedure,98,0,".int","env_name=.string",,,,
procedure,"_rxsysb._set_address_environment","entry_overhead",,98,30164,307,250,708,0,,,,,"_address",procedure,98,0,".int","env_name=.string",,,,
procedure,"_rxsysb._set_address_environment","exit_overhead",,98,5162,52,41,166,0,,,,,"_address",procedure,98,0,".int","env_name=.string",,,,
procedure,"rxfnsb.parseexec","elapsed",,686,27524240,40122,35666,63791,0,,,,,"parseExec",procedure,686,0,".string[*]","src=.string,splan=.string,template=.string,?debug=.int",,,,
procedure,"rxfnsb.parseexec","inclusive_body",,686,27138772,39560,35166,63083,0,,,,,"parseExec",procedure,686,0,".string[*]","src=.string,splan=.string,template=.string,?debug=.int",,,,
procedure,"rxfnsb.parseexec","self",,686,26610619,38790,35166,60667,0,,,,,"parseExec",procedure,686,0,".string[*]","src=.string,splan=.string,template=.string,?debug=.int",,,,
procedure,"rxfnsb.parseexec","native_child",,686,0,0,0,0,0,,,,,"parseExec",procedure,686,0,".string[*]","src=.string,splan=.string,template=.string,?debug=.int",,,,
procedure,"rxfnsb.parseexec","entry_overhead",,686,283716,413,291,5834,0,,,,,"parseExec",procedure,686,0,".string[*]","src=.string,splan=.string,template=.string,?debug=.int",,,,
procedure,"rxfnsb.parseexec","exit_overhead",,686,101752,148,83,333,0,,,,,"parseExec",procedure,686,0,".string[*]","src=.string,splan=.string,template=.string,?debug=.int",,,,
procedure,"rexxcps_levelb.cps_subroutine","elapsed",,98,8549128,87236,82792,112917,0,,,,,"benchmark_rexxcps_levelb_noopt",procedure,98,0,".void","a1=.string,a2=.string,a3=.string,a4=.string",,,,
procedure,"rexxcps_levelb.cps_subroutine","inclusive_body",,98,8513707,86874,82458,112458,0,,,,,"benchmark_rexxcps_levelb_noopt",procedure,98,0,".void","a1=.string,a2=.string,a3=.string,a4=.string",,,,
procedure,"rexxcps_levelb.cps_subroutine","self",,98,216954,2213,2041,3333,0,,,,,"benchmark_rexxcps_levelb_noopt",procedure,98,0,".void","a1=.string,a2=.string,a3=.string,a4=.string",,,,
procedure,"rexxcps_levelb.cps_subroutine","native_child",,98,0,0,0,0,0,,,,,"benchmark_rexxcps_levelb_noopt",procedure,98,0,".void","a1=.string,a2=.string,a3=.string,a4=.string",,,,
procedure,"rexxcps_levelb.cps_subroutine","entry_overhead",,98,29584,301,250,875,0,,,,,"benchmark_rexxcps_levelb_noopt",procedure,98,0,".void","a1=.string,a2=.string,a3=.string,a4=.string",,,,
procedure,"rexxcps_levelb.cps_subroutine","exit_overhead",,98,5837,59,41,167,0,,,,,"benchmark_rexxcps_levelb_noopt",procedure,98,0,".void","a1=.string,a2=.string,a3=.string,a4=.string",,,,
procedure,"rxfnsb.stem.get","elapsed",,875,4858147,5552,3583,16250,0,,,,,"stem",method,875,0,".string","key=.string",,,,
procedure,"rxfnsb.stem.get","inclusive_body",,875,4588017,5243,3292,14417,0,,,,,"stem",method,875,0,".string","key=.string",,,,
procedure,"rxfnsb.stem.get","self",,875,4588017,5243,3292,14417,0,,,,,"stem",method,875,0,".string","key=.string",,,,
procedure,"rxfnsb.stem.get","native_child",,875,0,0,0,0,0,,,,,"stem",method,875,0,".string","key=.string",,,,
procedure,"rxfnsb.stem.get","entry_overhead",,875,222353,254,166,1708,0,,,,,"stem",method,875,0,".string","key=.string",,,,
procedure,"rxfnsb.stem.get","exit_overhead",,875,47777,54,41,458,0,,,,,"stem",method,875,0,".string","key=.string",,,,
procedure,"rxfnsb.stem.set","elapsed",,581,3062633,5271,791,25167,0,,,,,"stem",method,581,0,".void","?key=.string,value=.string",,,,
procedure,"rxfnsb.stem.set","inclusive_body",,581,2866192,4933,541,24792,0,,,,,"stem",method,581,0,".void","?key=.string,value=.string",,,,
procedure,"rxfnsb.stem.set","self",,581,2866192,4933,541,24792,0,,,,,"stem",method,581,0,".void","?key=.string,value=.string",,,,
procedure,"rxfnsb.stem.set","native_child",,581,0,0,0,0,0,,,,,"stem",method,581,0,".void","?key=.string,value=.string",,,,
procedure,"rxfnsb.stem.set","entry_overhead",,581,168975,290,208,2083,0,,,,,"stem",method,581,0,".void","?key=.string,value=.string",,,,
procedure,"rxfnsb.stem.set","exit_overhead",,581,27466,47,0,333,0,,,,,"stem",method,581,0,".void","?key=.string,value=.string",,,,
procedure,"rxfnsb.strip","elapsed",,1124,2534067,2254,1541,10958,0,,,,,"strip",procedure,1124,0,".string","string=.string,?option=.string,?char=.string",,,,
procedure,"rxfnsb.strip","inclusive_body",,1124,2138399,1902,1208,8333,0,,,,,"strip",procedure,1124,0,".string","string=.string,?option=.string,?char=.string",,,,
procedure,"rxfnsb.strip","self",,1124,2138399,1902,1208,8333,0,,,,,"strip",procedure,1124,0,".string","string=.string,?option=.string,?char=.string",,,,
procedure,"rxfnsb.strip","native_child",,1124,0,0,0,0,0,,,,,"strip",procedure,1124,0,".string","string=.string,?option=.string,?char=.string",,,,
procedure,"rxfnsb.strip","entry_overhead",,1124,330936,294,166,5125,0,,,,,"strip",procedure,1124,0,".string","string=.string,?option=.string,?char=.string",,,,
procedure,"rxfnsb.strip","exit_overhead",,1124,64732,57,0,4166,0,,,,,"strip",procedure,1124,0,".string","string=.string,?option=.string,?char=.string",,,,
procedure,"_rxsysb.dispatch_address_request","elapsed",,98,1835662,18731,17375,33667,0,,,,,"_address",procedure,98,0,"._rxsysb..addressresponse","request=.addressrequest",,,,
procedure,"_rxsysb.dispatch_address_request","inclusive_body",,98,1776458,18127,16833,30584,0,,,,,"_address",procedure,98,0,"._rxsysb..addressresponse","request=.addressrequest",,,,
procedure,"_rxsysb.dispatch_address_request","self",,98,789118,8052,7500,12874,0,,,,,"_address",procedure,98,0,"._rxsysb..addressresponse","request=.addressrequest",,,,
procedure,"_rxsysb.dispatch_address_request","native_child",,98,0,0,0,0,0,,,,,"_address",procedure,98,0,"._rxsysb..addressresponse","request=.addressrequest",,,,
procedure,"_rxsysb.dispatch_address_request","entry_overhead",,98,34661,353,291,2875,0,,,,,"_address",procedure,98,0,"._rxsysb..addressresponse","request=.addressrequest",,,,
procedure,"_rxsysb.dispatch_address_request","exit_overhead",,98,24543,250,208,375,0,,,,,"_address",procedure,98,0,"._rxsysb..addressresponse","request=.addressrequest",,,,
procedure,"rxfnsb._trace_set","elapsed",,102,631788,6194,3583,211750,0,,,,,"trace",procedure,102,0,".void","mode=.string",,,,
procedure,"rxfnsb._trace_set","inclusive_body",,102,597584,5858,3375,209750,0,,,,,"trace",procedure,102,0,".void","mode=.string",,,,
procedure,"rxfnsb._trace_set","self",,102,277548,2721,2417,6167,0,,,,,"trace",procedure,102,0,".void","mode=.string",,,,
procedure,"rxfnsb._trace_set","native_child",,102,0,0,0,0,0,,,,,"trace",procedure,102,0,".void","mode=.string",,,,
procedure,"rxfnsb._trace_set","entry_overhead",,102,26576,260,166,2750,0,,,,,"trace",procedure,102,0,".void","mode=.string",,,,
procedure,"rxfnsb._trace_set","exit_overhead",,102,7628,74,41,125,0,,,,,"trace",procedure,102,0,".void","mode=.string",,,,
procedure,"rxfnsb.substr","elapsed",,294,529744,1801,1583,4000,0,,,,,"substr",procedure,294,0,".string","string=.string,start=.int,?length=.int,?pad=.string",,,,
procedure,"rxfnsb.substr","inclusive_body",,294,422715,1437,1333,2417,0,,,,,"substr",procedure,294,0,".string","string=.string,start=.int,?length=.int,?pad=.string",,,,
procedure,"rxfnsb.substr","self",,294,422715,1437,1333,2417,0,,,,,"substr",procedure,294,0,".string","string=.string,start=.int,?length=.int,?pad=.string",,,,
procedure,"rxfnsb.substr","native_child",,294,0,0,0,0,0,,,,,"substr",procedure,294,0,".string","string=.string,start=.int,?length=.int,?pad=.string",,,,
procedure,"rxfnsb.substr","entry_overhead",,294,89992,306,166,2417,0,,,,,"substr",procedure,294,0,".string","string=.string,start=.int,?length=.int,?pad=.string",,,,
procedure,"rxfnsb.substr","exit_overhead",,294,17037,57,41,167,0,,,,,"substr",procedure,294,0,".string","string=.string,start=.int,?length=.int,?pad=.string",,,,
procedure,"rxfnsb._stream_span","elapsed",,490,528153,1077,958,2958,0,,,,,"parseExec",procedure,490,0,".string","source=.string,start=.int,span_length=.int",,,,
procedure,"rxfnsb._stream_span","inclusive_body",,490,325663,664,583,1042,0,,,,,"parseExec",procedure,490,0,".string","source=.string,start=.int,span_length=.int",,,,
procedure,"rxfnsb._stream_span","self",,490,325663,664,583,1042,0,,,,,"parseExec",procedure,490,0,".string","source=.string,start=.int,span_length=.int",,,,
procedure,"rxfnsb._stream_span","native_child",,490,0,0,0,0,0,,,,,"parseExec",procedure,490,0,".string","source=.string,start=.int,span_length=.int",,,,
procedure,"rxfnsb._stream_span","entry_overhead",,490,176779,360,291,2125,0,,,,,"parseExec",procedure,490,0,".string","source=.string,start=.int,span_length=.int",,,,
procedure,"rxfnsb._stream_span","exit_overhead",,490,25711,52,41,166,0,,,,,"parseExec",procedure,490,0,".string","source=.string,start=.int,span_length=.int",,,,
procedure,"rxfnsb.time","elapsed",,6,466083,77680,5458,421542,0,,,,,"time",procedure,6,0,".string","?option=.string",,,,
procedure,"rxfnsb.time","inclusive_body",,6,457833,76305,5000,418833,0,,,,,"time",procedure,6,0,".string","?option=.string",,,,
procedure,"rxfnsb.time","self",,6,445666,74277,3791,414583,0,,,,,"time",procedure,6,0,".string","?option=.string",,,,
procedure,"rxfnsb.time","native_child",,6,0,0,0,0,0,,,,,"time",procedure,6,0,".string","?option=.string",,,,
procedure,"rxfnsb.time","entry_overhead",,6,6542,1090,292,2125,0,,,,,"time",procedure,6,0,".string","?option=.string",,,,
procedure,"rxfnsb.time","exit_overhead",,6,1708,284,166,584,0,,,,,"time",procedure,6,0,".string","?option=.string",,,,
procedure,"rxfnsb._trace_ensure_runtime","elapsed",,498,360290,723,250,182708,0,,,,,"trace",procedure,498,0,".void","",,,,
procedure,"rxfnsb._trace_ensure_runtime","inclusive_body",,498,267340,536,125,180500,0,,,,,"trace",procedure,498,0,".void","",,,,
procedure,"rxfnsb._trace_ensure_runtime","self",,498,101130,203,125,14290,0,,,,,"trace",procedure,498,0,".void","",,,,
procedure,"rxfnsb._trace_ensure_runtime","native_child",,498,0,0,0,0,0,,,,,"trace",procedure,498,0,".void","",,,,
procedure,"rxfnsb._trace_ensure_runtime","entry_overhead",,498,73824,148,42,2000,0,,,,,"trace",procedure,498,0,".void","",,,,
procedure,"rxfnsb._trace_ensure_runtime","exit_overhead",,498,19126,38,0,208,0,,,,,"trace",procedure,498,0,".void","",,,,
procedure,"_rxsysb.unknownaddressenvironment.execute","elapsed",,98,300961,3071,2750,8583,0,,,,,"_address",method,98,0,"._rxsysb..addressresponse","request=.addressrequest",,,,
procedure,"_rxsysb.unknownaddressenvironment.execute","inclusive_body",,98,258537,2638,2416,4750,0,,,,,"_address",method,98,0,"._rxsysb..addressresponse","request=.addressrequest",,,,
procedure,"_rxsysb.unknownaddressenvironment.execute","self",,98,258537,2638,2416,4750,0,,,,,"_address",method,98,0,"._rxsysb..addressresponse","request=.addressrequest",,,,
procedure,"_rxsysb.unknownaddressenvironment.execute","native_child",,98,0,0,0,0,0,,,,,"_address",method,98,0,"._rxsysb..addressresponse","request=.addressrequest",,,,
procedure,"_rxsysb.unknownaddressenvironment.execute","entry_overhead",,98,36422,371,250,5833,0,,,,,"_address",method,98,0,"._rxsysb..addressresponse","request=.addressrequest",,,,
procedure,"_rxsysb.unknownaddressenvironment.execute","exit_overhead",,98,6002,61,41,125,0,,,,,"_address",method,98,0,"._rxsysb..addressresponse","request=.addressrequest",,,,
procedure,"rxfnsb.word","elapsed",,197,266880,1354,1125,12042,0,,,,,"word",procedure,197,0,".string","string=.string,wordnum=.int",,,,
procedure,"rxfnsb.word","inclusive_body",,197,207629,1053,916,10125,0,,,,,"word",procedure,197,0,".string","string=.string,wordnum=.int",,,,
procedure,"rxfnsb.word","self",,197,207629,1053,916,10125,0,,,,,"word",procedure,197,0,".string","string=.string,wordnum=.int",,,,
procedure,"rxfnsb.word","native_child",,197,0,0,0,0,0,,,,,"word",procedure,197,0,".string","string=.string,wordnum=.int",,,,
procedure,"rxfnsb.word","entry_overhead",,197,46669,236,166,1584,0,,,,,"word",procedure,197,0,".string","string=.string,wordnum=.int",,,,
procedure,"rxfnsb.word","exit_overhead",,197,12582,63,41,333,0,,,,,"word",procedure,197,0,".string","string=.string,wordnum=.int",,,,
procedure,"rxfnsb._trace_normalize_mode","elapsed",,202,232917,1153,583,33416,0,,,,,"trace",procedure,202,0,".string","mode=.string",,,,
procedure,"rxfnsb._trace_normalize_mode","inclusive_body",,202,177131,876,375,30750,0,,,,,"trace",procedure,202,0,".string","mode=.string",,,,
procedure,"rxfnsb._trace_normalize_mode","self",,202,156546,774,375,21207,0,,,,,"trace",procedure,202,0,".string","mode=.string",,,,
procedure,"rxfnsb._trace_normalize_mode","native_child",,202,0,0,0,0,0,,,,,"trace",procedure,202,0,".string","mode=.string",,,,
procedure,"rxfnsb._trace_normalize_mode","entry_overhead",,202,44212,218,125,2500,0,,,,,"trace",procedure,202,0,".string","mode=.string",,,,
procedure,"rxfnsb._trace_normalize_mode","exit_overhead",,202,11574,57,41,166,0,,,,,"trace",procedure,202,0,".string","mode=.string",,,,
procedure,"rxfnsb.upper","elapsed",,392,219596,560,458,958,0,,,,,"upper",procedure,392,0,".string","expose string=.string",,,,
procedure,"rxfnsb.upper","inclusive_body",,392,84381,215,166,375,0,,,,,"upper",procedure,392,0,".string","expose string=.string",,,,
procedure,"rxfnsb.upper","self",,392,84381,215,166,375,0,,,,,"upper",procedure,392,0,".string","expose string=.string",,,,
procedure,"rxfnsb.upper","native_child",,392,0,0,0,0,0,,,,,"upper",procedure,392,0,".string","expose string=.string",,,,
procedure,"rxfnsb.upper","entry_overhead",,392,105927,270,167,625,0,,,,,"upper",procedure,392,0,".string","expose string=.string",,,,
procedure,"rxfnsb.upper","exit_overhead",,392,29288,74,41,333,0,,,,,"upper",procedure,392,0,".string","expose string=.string",,,,
procedure,"rxfnsb._trace_mode_from_option","elapsed",,100,192163,1921,1208,35958,0,,,,,"trace",procedure,100,0,".string","option=.string",,,,
procedure,"rxfnsb._trace_mode_from_option","inclusive_body",,100,156330,1563,916,33834,0,,,,,"trace",procedure,100,0,".string","option=.string",,,,
procedure,"rxfnsb._trace_mode_from_option","self",,100,28621,286,249,418,0,,,,,"trace",procedure,100,0,".string","option=.string",,,,
procedure,"rxfnsb._trace_mode_from_option","native_child",,100,0,0,0,0,0,,,,,"trace",procedure,100,0,".string","option=.string",,,,
procedure,"rxfnsb._trace_mode_from_option","entry_overhead",,100,25832,258,166,1916,0,,,,,"trace",procedure,100,0,".string","option=.string",,,,
procedure,"rxfnsb._trace_mode_from_option","exit_overhead",,100,10001,100,83,208,0,,,,,"trace",procedure,100,0,".string","option=.string",,,,
procedure,"_rxsysb._current_address_environment","elapsed",,196,173797,886,791,2042,0,,,,,"_address",procedure,196,0,".string","",,,,
procedure,"_rxsysb._current_address_environment","inclusive_body",,196,119620,610,541,1208,0,,,,,"_address",procedure,196,0,".string","",,,,
procedure,"_rxsysb._current_address_environment","self",,196,50663,258,207,375,0,,,,,"_address",procedure,196,0,".string","",,,,
procedure,"_rxsysb._current_address_environment","native_child",,196,0,0,0,0,0,,,,,"_address",procedure,196,0,".string","",,,,
procedure,"_rxsysb._current_address_environment","entry_overhead",,196,43416,221,166,750,0,,,,,"_address",procedure,196,0,".string","",,,,
procedure,"_rxsysb._current_address_environment","exit_overhead",,196,10761,54,41,125,0,,,,,"_address",procedure,196,0,".string","",,,,
procedure,"rxfnsb.tracecontroller.add_suppressed_namespace","elapsed",,16,166210,10388,8042,15583,0,,,,,"trace",method,16,0,".void","namespace_name=.string",,,,
procedure,"rxfnsb.tracecontroller.add_suppressed_namespace","inclusive_body",,16,158165,9885,7750,12750,0,,,,,"trace",method,16,0,".void","namespace_name=.string",,,,
procedure,"rxfnsb.tracecontroller.add_suppressed_namespace","self",,16,118624,7414,5417,9792,0,,,,,"trace",method,16,0,".void","namespace_name=.string",,,,
procedure,"rxfnsb.tracecontroller.add_suppressed_namespace","native_child",,16,0,0,0,0,0,,,,,"trace",method,16,0,".void","namespace_name=.string",,,,
procedure,"rxfnsb.tracecontroller.add_suppressed_namespace","entry_overhead",,16,6623,413,166,2416,0,,,,,"trace",method,16,0,".void","namespace_name=.string",,,,
procedure,"rxfnsb.tracecontroller.add_suppressed_namespace","exit_overhead",,16,1422,88,42,417,0,,,,,"trace",method,16,0,".void","namespace_name=.string",,,,
procedure,"rxfnsb._trace_current_mode","elapsed",,200,150793,753,625,1958,0,,,,,"trace",procedure,200,0,".string","",,,,
procedure,"rxfnsb._trace_current_mode","inclusive_body",,200,106075,530,458,875,0,,,,,"trace",procedure,200,0,".string","",,,,
procedure,"rxfnsb._trace_current_mode","self",,200,43075,215,166,417,0,,,,,"trace",procedure,200,0,".string","",,,,
procedure,"rxfnsb._trace_current_mode","native_child",,200,0,0,0,0,0,,,,,"trace",procedure,200,0,".string","",,,,
procedure,"rxfnsb._trace_current_mode","entry_overhead",,200,32256,161,125,667,0,,,,,"trace",procedure,200,0,".string","",,,,
procedure,"rxfnsb._trace_current_mode","exit_overhead",,200,12462,62,41,458,0,,,,,"trace",procedure,200,0,".string","",,,,
procedure,"_rxsysb._noredir","elapsed",,294,121384,412,333,917,0,,,,,"_address",procedure,294,0,".binary","",,,,
procedure,"_rxsysb._noredir","inclusive_body",,294,50306,171,125,209,0,,,,,"_address",procedure,294,0,".binary","",,,,
procedure,"_rxsysb._noredir","self",,294,50306,171,125,209,0,,,,,"_address",procedure,294,0,".binary","",,,,
procedure,"_rxsysb._noredir","native_child",,294,0,0,0,0,0,,,,,"_address",procedure,294,0,".binary","",,,,
procedure,"_rxsysb._noredir","entry_overhead",,294,55078,187,83,625,0,,,,,"_address",procedure,294,0,".binary","",,,,
procedure,"_rxsysb._noredir","exit_overhead",,294,16000,54,41,84,0,,,,,"_address",procedure,294,0,".binary","",,,,
procedure,"rxfnsb.length","elapsed",,196,108000,551,458,2042,0,,,,,"length",procedure,196,0,".int","string=.string",,,,
procedure,"rxfnsb.length","inclusive_body",,196,51588,263,208,542,0,,,,,"length",procedure,196,0,".int","string=.string",,,,
procedure,"rxfnsb.length","self",,196,51588,263,208,542,0,,,,,"length",procedure,196,0,".int","string=.string",,,,
procedure,"rxfnsb.length","native_child",,196,0,0,0,0,0,,,,,"length",procedure,196,0,".int","string=.string",,,,
procedure,"rxfnsb.length","entry_overhead",,196,45112,230,166,1625,0,,,,,"length",procedure,196,0,".int","string=.string",,,,
procedure,"rxfnsb.length","exit_overhead",,196,11300,57,0,167,0,,,,,"length",procedure,196,0,".int","string=.string",,,,
procedure,"rxfnsb._trace_command_before","elapsed",,98,100586,1026,916,2459,0,,,,,"trace",procedure,98,0,".void","environment=.string,command=.string",,,,
procedure,"rxfnsb._trace_command_before","inclusive_body",,98,64252,655,583,1583,0,,,,,"trace",procedure,98,0,".void","environment=.string,command=.string",,,,
procedure,"rxfnsb._trace_command_before","self",,98,20207,206,166,375,0,,,,,"trace",procedure,98,0,".void","environment=.string,command=.string",,,,
procedure,"rxfnsb._trace_command_before","native_child",,98,0,0,0,0,0,,,,,"trace",procedure,98,0,".void","environment=.string,command=.string",,,,
procedure,"rxfnsb._trace_command_before","entry_overhead",,98,32712,333,291,834,0,,,,,"trace",procedure,98,0,".void","environment=.string,command=.string",,,,
procedure,"rxfnsb._trace_command_before","exit_overhead",,98,3622,36,0,83,0,,,,,"trace",procedure,98,0,".void","environment=.string,command=.string",,,,
procedure,"rxfnsb._trace_command_after","elapsed",,98,98079,1000,875,3459,0,,,,,"trace",procedure,98,0,".void","environment=.string,command=.string,rc=.int,condition=.string",,,,
procedure,"rxfnsb._trace_command_after","inclusive_body",,98,58171,593,541,917,0,,,,,"trace",procedure,98,0,".void","environment=.string,command=.string,rc=.int,condition=.string",,,,
procedure,"rxfnsb._trace_command_after","self",,98,19754,201,166,250,0,,,,,"trace",procedure,98,0,".void","environment=.string,command=.string,rc=.int,condition=.string",,,,
procedure,"rxfnsb._trace_command_after","native_child",,98,0,0,0,0,0,,,,,"trace",procedure,98,0,".void","environment=.string,command=.string,rc=.int,condition=.string",,,,
procedure,"rxfnsb._trace_command_after","entry_overhead",,98,36204,369,291,2500,0,,,,,"trace",procedure,98,0,".void","environment=.string,command=.string,rc=.int,condition=.string",,,,
procedure,"rxfnsb._trace_command_after","exit_overhead",,98,3704,37,0,83,0,,,,,"trace",procedure,98,0,".void","environment=.string,command=.string,rc=.int,condition=.string",,,,
procedure,"_rxsysb.unknownaddressenvironment.environment_name","elapsed",,97,56462,582,458,1292,0,,,,,"_address",method,97,0,".string","",,,,
procedure,"_rxsysb.unknownaddressenvironment.environment_name","inclusive_body",,97,20750,213,166,333,0,,,,,"_address",method,97,0,".string","",,,,
procedure,"_rxsysb.unknownaddressenvironment.environment_name","self",,97,20750,213,166,333,0,,,,,"_address",method,97,0,".string","",,,,
procedure,"_rxsysb.unknownaddressenvironment.environment_name","native_child",,97,0,0,0,0,0,,,,,"_address",method,97,0,".string","",,,,
procedure,"_rxsysb.unknownaddressenvironment.environment_name","entry_overhead",,97,30917,318,208,958,0,,,,,"_address",method,97,0,".string","",,,,
procedure,"_rxsysb.unknownaddressenvironment.environment_name","exit_overhead",,97,4795,49,41,84,0,,,,,"_address",method,97,0,".string","",,,,
procedure,"_rxsysb.systemaddressenvironment.§factory","elapsed",,3,43792,14597,13042,17167,0,,,,,"_address",factory,3,0,"._rxsysb..systemaddressenvironment","env_name=.string",,,,
procedure,"_rxsysb.systemaddressenvironment.§factory","inclusive_body",,3,36417,12139,10750,14542,0,,,,,"_address",factory,3,0,"._rxsysb..systemaddressenvironment","env_name=.string",,,,
procedure,"_rxsysb.systemaddressenvironment.§factory","self",,3,14833,4944,4125,5458,0,,,,,"_address",factory,3,0,"._rxsysb..systemaddressenvironment","env_name=.string",,,,
procedure,"_rxsysb.systemaddressenvironment.§factory","native_child",,3,0,0,0,0,0,,,,,"_address",factory,3,0,"._rxsysb..systemaddressenvironment","env_name=.string",,,,
procedure,"_rxsysb.systemaddressenvironment.§factory","entry_overhead",,3,6041,2013,1875,2166,0,,,,,"_address",factory,3,0,"._rxsysb..systemaddressenvironment","env_name=.string",,,,
procedure,"_rxsysb.systemaddressenvironment.§factory","exit_overhead",,3,1334,444,292,625,0,,,,,"_address",factory,3,0,"._rxsysb..systemaddressenvironment","env_name=.string",,,,
procedure,"rexxcps_levelb.__rxtrace_reset_display_state","elapsed",,102,39589,388,333,792,0,,,,,"benchmark_rexxcps_levelb_noopt",procedure,102,0,".void","",,,,
procedure,"rexxcps_levelb.__rxtrace_reset_display_state","inclusive_body",,102,20836,204,166,292,0,,,,,"benchmark_rexxcps_levelb_noopt",procedure,102,0,".void","",,,,
procedure,"rexxcps_levelb.__rxtrace_reset_display_state","self",,102,20836,204,166,292,0,,,,,"benchmark_rexxcps_levelb_noopt",procedure,102,0,".void","",,,,
procedure,"rexxcps_levelb.__rxtrace_reset_display_state","native_child",,102,0,0,0,0,0,,,,,"benchmark_rexxcps_levelb_noopt",procedure,102,0,".void","",,,,
procedure,"rexxcps_levelb.__rxtrace_reset_display_state","entry_overhead",,102,14128,138,83,458,0,,,,,"benchmark_rexxcps_levelb_noopt",procedure,102,0,".void","",,,,
procedure,"rexxcps_levelb.__rxtrace_reset_display_state","exit_overhead",,102,4625,45,41,84,0,,,,,"benchmark_rexxcps_levelb_noopt",procedure,102,0,".void","",,,,
procedure,"_rxsysb.crexxaddressenvironment.§factory","elapsed",,1,20458,20458,20458,20458,0,,,,,"_address",factory,1,0,"._rxsysb..crexxaddressenvironment","env_name=.string",,,,
procedure,"_rxsysb.crexxaddressenvironment.§factory","inclusive_body",,1,18250,18250,18250,18250,0,,,,,"_address",factory,1,0,"._rxsysb..crexxaddressenvironment","env_name=.string",,,,
procedure,"_rxsysb.crexxaddressenvironment.§factory","self",,1,7292,7292,7292,7292,0,,,,,"_address",factory,1,0,"._rxsysb..crexxaddressenvironment","env_name=.string",,,,
procedure,"_rxsysb.crexxaddressenvironment.§factory","native_child",,1,0,0,0,0,0,,,,,"_address",factory,1,0,"._rxsysb..crexxaddressenvironment","env_name=.string",,,,
procedure,"_rxsysb.crexxaddressenvironment.§factory","entry_overhead",,1,2000,2000,2000,2000,0,,,,,"_address",factory,1,0,"._rxsysb..crexxaddressenvironment","env_name=.string",,,,
procedure,"_rxsysb.crexxaddressenvironment.§factory","exit_overhead",,1,208,208,208,208,0,,,,,"_address",factory,1,0,"._rxsysb..crexxaddressenvironment","env_name=.string",,,,
procedure,"rxfnsb.format","elapsed",,2,19500,9750,9125,10375,0,,,,,"format",procedure,2,0,".string","number=.decimal,?before=.int,?after=.int,?expp=.int,?expt=.int",,,,
procedure,"rxfnsb.format","inclusive_body",,2,17375,8687,8542,8833,0,,,,,"format",procedure,2,0,".string","number=.decimal,?before=.int,?after=.int,?expp=.int,?expt=.int",,,,
procedure,"rxfnsb.format","self",,2,17375,8687,8542,8833,0,,,,,"format",procedure,2,0,".string","number=.decimal,?before=.int,?after=.int,?expp=.int,?expt=.int",,,,
procedure,"rxfnsb.format","native_child",,2,0,0,0,0,0,,,,,"format",procedure,2,0,".string","number=.decimal,?before=.int,?after=.int,?expp=.int,?expt=.int",,,,
procedure,"rxfnsb.format","entry_overhead",,2,1875,937,458,1417,0,,,,,"format",procedure,2,0,".string","number=.decimal,?before=.int,?after=.int,?expp=.int,?expt=.int",,,,
procedure,"rxfnsb.format","exit_overhead",,2,250,125,125,125,0,,,,,"format",procedure,2,0,".string","number=.decimal,?before=.int,?after=.int,?expp=.int,?expt=.int",,,,
procedure,"_rxsysb.systemaddressenvironment.bind_environment","elapsed",,3,16041,5347,4958,5791,0,,,,,"_address",method,3,0,".void","env_name=.string,instance_id=.string",,,,
procedure,"_rxsysb.systemaddressenvironment.bind_environment","inclusive_body",,3,12542,4180,3875,4417,0,,,,,"_address",method,3,0,".void","env_name=.string,instance_id=.string",,,,
procedure,"_rxsysb.systemaddressenvironment.bind_environment","self",,3,3043,1014,875,1084,0,,,,,"_address",method,3,0,".void","env_name=.string,instance_id=.string",,,,
procedure,"_rxsysb.systemaddressenvironment.bind_environment","native_child",,3,0,0,0,0,0,,,,,"_address",method,3,0,".void","env_name=.string,instance_id=.string",,,,
procedure,"_rxsysb.systemaddressenvironment.bind_environment","entry_overhead",,3,2249,749,666,833,0,,,,,"_address",method,3,0,".void","env_name=.string,instance_id=.string",,,,
procedure,"_rxsysb.systemaddressenvironment.bind_environment","exit_overhead",,3,1250,416,250,708,0,,,,,"_address",method,3,0,".void","env_name=.string,instance_id=.string",,,,
procedure,"_rxsysb._elapsed","elapsed",,18,12167,675,333,2625,0,,,,,"/Users/adrian/CLionProjects/CREXX/lib/rxfnsb/rxas/_elapsed",procedure,18,0,".int","value=.int",,,,
procedure,"_rxsysb._elapsed","inclusive_body",,18,4788,266,125,875,0,,,,,"/Users/adrian/CLionProjects/CREXX/lib/rxfnsb/rxas/_elapsed",procedure,18,0,".int","value=.int",,,,
procedure,"_rxsysb._elapsed","self",,18,4788,266,125,875,0,,,,,"/Users/adrian/CLionProjects/CREXX/lib/rxfnsb/rxas/_elapsed",procedure,18,0,".int","value=.int",,,,
procedure,"_rxsysb._elapsed","native_child",,18,0,0,0,0,0,,,,,"/Users/adrian/CLionProjects/CREXX/lib/rxfnsb/rxas/_elapsed",procedure,18,0,".int","value=.int",,,,
procedure,"_rxsysb._elapsed","entry_overhead",,18,5459,303,125,1125,0,,,,,"/Users/adrian/CLionProjects/CREXX/lib/rxfnsb/rxas/_elapsed",procedure,18,0,".int","value=.int",,,,
procedure,"_rxsysb._elapsed","exit_overhead",,18,1920,106,41,625,0,,,,,"/Users/adrian/CLionProjects/CREXX/lib/rxfnsb/rxas/_elapsed",procedure,18,0,".int","value=.int",,,,
procedure,"rxfnsb.trunc","elapsed",,1,10083,10083,10083,10083,0,,,,,"trunc",procedure,1,0,".string","number=.decimal,?fraction=.int",,,,
procedure,"rxfnsb.trunc","inclusive_body",,1,4666,4666,4666,4666,0,,,,,"trunc",procedure,1,0,".string","number=.decimal,?fraction=.int",,,,
procedure,"rxfnsb.trunc","self",,1,4666,4666,4666,4666,0,,,,,"trunc",procedure,1,0,".string","number=.decimal,?fraction=.int",,,,
procedure,"rxfnsb.trunc","native_child",,1,0,0,0,0,0,,,,,"trunc",procedure,1,0,".string","number=.decimal,?fraction=.int",,,,
procedure,"rxfnsb.trunc","entry_overhead",,1,5292,5292,5292,5292,0,,,,,"trunc",procedure,1,0,".string","number=.decimal,?fraction=.int",,,,
procedure,"rxfnsb.trunc","exit_overhead",,1,125,125,125,125,0,,,,,"trunc",procedure,1,0,".string","number=.decimal,?fraction=.int",,,,
procedure,"_rxsysb.shelladdressenvironment.§factory","elapsed",,1,9291,9291,9291,9291,0,,,,,"_address",factory,1,0,"._rxsysb..shelladdressenvironment","env_name=.string",,,,
procedure,"_rxsysb.shelladdressenvironment.§factory","inclusive_body",,1,7625,7625,7625,7625,0,,,,,"_address",factory,1,0,"._rxsysb..shelladdressenvironment","env_name=.string",,,,
procedure,"_rxsysb.shelladdressenvironment.§factory","self",,1,3833,3833,3833,3833,0,,,,,"_address",factory,1,0,"._rxsysb..shelladdressenvironment","env_name=.string",,,,
procedure,"_rxsysb.shelladdressenvironment.§factory","native_child",,1,0,0,0,0,0,,,,,"_address",factory,1,0,"._rxsysb..shelladdressenvironment","env_name=.string",,,,
procedure,"_rxsysb.shelladdressenvironment.§factory","entry_overhead",,1,1291,1291,1291,1291,0,,,,,"_address",factory,1,0,"._rxsysb..shelladdressenvironment","env_name=.string",,,,
procedure,"_rxsysb.shelladdressenvironment.§factory","exit_overhead",,1,375,375,375,375,0,,,,,"_address",factory,1,0,"._rxsysb..shelladdressenvironment","env_name=.string",,,,
procedure,"_rxsysb.pathaddressenvironment.§factory","elapsed",,1,8917,8917,8917,8917,0,,,,,"_address",factory,1,0,"._rxsysb..pathaddressenvironment","env_name=.string",,,,
procedure,"_rxsysb.pathaddressenvironment.§factory","inclusive_body",,1,7167,7167,7167,7167,0,,,,,"_address",factory,1,0,"._rxsysb..pathaddressenvironment","env_name=.string",,,,
procedure,"_rxsysb.pathaddressenvironment.§factory","self",,1,2875,2875,2875,2875,0,,,,,"_address",factory,1,0,"._rxsysb..pathaddressenvironment","env_name=.string",,,,
procedure,"_rxsysb.pathaddressenvironment.§factory","native_child",,1,0,0,0,0,0,,,,,"_address",factory,1,0,"._rxsysb..pathaddressenvironment","env_name=.string",,,,
procedure,"_rxsysb.pathaddressenvironment.§factory","entry_overhead",,1,1375,1375,1375,1375,0,,,,,"_address",factory,1,0,"._rxsysb..pathaddressenvironment","env_name=.string",,,,
procedure,"_rxsysb.pathaddressenvironment.§factory","exit_overhead",,1,375,375,375,375,0,,,,,"_address",factory,1,0,"._rxsysb..pathaddressenvironment","env_name=.string",,,,
procedure,"_rxsysb.unknownaddressenvironment.§factory","elapsed",,1,8459,8459,8459,8459,0,,,,,"_address",factory,1,0,"._rxsysb..unknownaddressenvironment","env_name=.string",,,,
procedure,"_rxsysb.unknownaddressenvironment.§factory","inclusive_body",,1,6958,6958,6958,6958,0,,,,,"_address",factory,1,0,"._rxsysb..unknownaddressenvironment","env_name=.string",,,,
procedure,"_rxsysb.unknownaddressenvironment.§factory","self",,1,2458,2458,2458,2458,0,,,,,"_address",factory,1,0,"._rxsysb..unknownaddressenvironment","env_name=.string",,,,
procedure,"_rxsysb.unknownaddressenvironment.§factory","native_child",,1,0,0,0,0,0,,,,,"_address",factory,1,0,"._rxsysb..unknownaddressenvironment","env_name=.string",,,,
procedure,"_rxsysb.unknownaddressenvironment.§factory","entry_overhead",,1,1167,1167,1167,1167,0,,,,,"_address",factory,1,0,"._rxsysb..unknownaddressenvironment","env_name=.string",,,,
procedure,"_rxsysb.unknownaddressenvironment.§factory","exit_overhead",,1,334,334,334,334,0,,,,,"_address",factory,1,0,"._rxsysb..unknownaddressenvironment","env_name=.string",,,,
procedure,"rxfnsb.stem.§factory","elapsed",,2,8166,4083,1583,6583,0,,,,,"stem",factory,2,0,".rxfnsb..stem","",,,,
procedure,"rxfnsb.stem.§factory","inclusive_body",,2,6666,3333,1125,5541,0,,,,,"stem",factory,2,0,".rxfnsb..stem","",,,,
procedure,"rxfnsb.stem.§factory","self",,2,6666,3333,1125,5541,0,,,,,"stem",factory,2,0,".rxfnsb..stem","",,,,
procedure,"rxfnsb.stem.§factory","native_child",,2,0,0,0,0,0,,,,,"stem",factory,2,0,".rxfnsb..stem","",,,,
procedure,"rxfnsb.stem.§factory","entry_overhead",,2,917,458,250,667,0,,,,,"stem",factory,2,0,".rxfnsb..stem","",,,,
procedure,"rxfnsb.stem.§factory","exit_overhead",,2,583,291,208,375,0,,,,,"stem",factory,2,0,".rxfnsb..stem","",,,,
procedure,"rxfnsb.version","elapsed",,1,7459,7459,7459,7459,0,,,,,"version",procedure,1,0,".string","",,,,
procedure,"rxfnsb.version","inclusive_body",,1,3000,3000,3000,3000,0,,,,,"version",procedure,1,0,".string","",,,,
procedure,"rxfnsb.version","self",,1,3000,3000,3000,3000,0,,,,,"version",procedure,1,0,".string","",,,,
procedure,"rxfnsb.version","native_child",,1,0,0,0,0,0,,,,,"version",procedure,1,0,".string","",,,,
procedure,"rxfnsb.version","entry_overhead",,1,3584,3584,3584,3584,0,,,,,"version",procedure,1,0,".string","",,,,
procedure,"rxfnsb.version","exit_overhead",,1,875,875,875,875,0,,,,,"version",procedure,1,0,".string","",,,,
procedure,"rxfnsb.pos","elapsed",,4,6459,1614,958,2459,0,,,,,"pos",procedure,4,0,".int","needle=.string,haystack=.string,?start=.int",,,,
procedure,"rxfnsb.pos","inclusive_body",,4,3876,969,625,1375,0,,,,,"pos",procedure,4,0,".int","needle=.string,haystack=.string,?start=.int",,,,
procedure,"rxfnsb.pos","self",,4,3876,969,625,1375,0,,,,,"pos",procedure,4,0,".int","needle=.string,haystack=.string,?start=.int",,,,
procedure,"rxfnsb.pos","native_child",,4,0,0,0,0,0,,,,,"pos",procedure,4,0,".int","needle=.string,haystack=.string,?start=.int",,,,
procedure,"rxfnsb.pos","entry_overhead",,4,2209,552,250,959,0,,,,,"pos",procedure,4,0,".int","needle=.string,haystack=.string,?start=.int",,,,
procedure,"rxfnsb.pos","exit_overhead",,4,374,93,83,125,0,,,,,"pos",procedure,4,0,".int","needle=.string,haystack=.string,?start=.int",,,,
procedure,"_rxsysb.systemaddressenvironment.environment_id","elapsed",,3,6416,2138,1791,2500,0,,,,,"_address",method,3,0,".string","",,,,
procedure,"_rxsysb.systemaddressenvironment.environment_id","inclusive_body",,3,2542,847,791,917,0,,,,,"_address",method,3,0,".string","",,,,
procedure,"_rxsysb.systemaddressenvironment.environment_id","self",,3,2542,847,791,917,0,,,,,"_address",method,3,0,".string","",,,,
procedure,"_rxsysb.systemaddressenvironment.environment_id","native_child",,3,0,0,0,0,0,,,,,"_address",method,3,0,".string","",,,,
procedure,"_rxsysb.systemaddressenvironment.environment_id","entry_overhead",,3,3500,1166,875,1417,0,,,,,"_address",method,3,0,".string","",,,,
procedure,"_rxsysb.systemaddressenvironment.environment_id","exit_overhead",,3,374,124,83,166,0,,,,,"_address",method,3,0,".string","",,,,
procedure,"_rxsysb.crexxaddressenvironment.bind_environment","elapsed",,1,6209,6209,6209,6209,0,,,,,"_address",method,1,0,".void","env_name=.string,instance_id=.string",,,,
procedure,"_rxsysb.crexxaddressenvironment.bind_environment","inclusive_body",,1,4959,4959,4959,4959,0,,,,,"_address",method,1,0,".void","env_name=.string,instance_id=.string",,,,
procedure,"_rxsysb.crexxaddressenvironment.bind_environment","self",,1,1209,1209,1209,1209,0,,,,,"_address",method,1,0,".void","env_name=.string,instance_id=.string",,,,
procedure,"_rxsysb.crexxaddressenvironment.bind_environment","native_child",,1,0,0,0,0,0,,,,,"_address",method,1,0,".void","env_name=.string,instance_id=.string",,,,
procedure,"_rxsysb.crexxaddressenvironment.bind_environment","entry_overhead",,1,750,750,750,750,0,,,,,"_address",method,1,0,".void","env_name=.string,instance_id=.string",,,,
procedure,"_rxsysb.crexxaddressenvironment.bind_environment","exit_overhead",,1,500,500,500,500,0,,,,,"_address",method,1,0,".void","env_name=.string,instance_id=.string",,,,
procedure,"_rxsysb.pathaddressenvironment.environment_id","elapsed",,1,5708,5708,5708,5708,0,,,,,"_address",method,1,0,".string","",,,,
procedure,"_rxsysb.pathaddressenvironment.environment_id","inclusive_body",,1,500,500,500,500,0,,,,,"_address",method,1,0,".string","",,,,
procedure,"_rxsysb.pathaddressenvironment.environment_id","self",,1,500,500,500,500,0,,,,,"_address",method,1,0,".string","",,,,
procedure,"_rxsysb.pathaddressenvironment.environment_id","native_child",,1,0,0,0,0,0,,,,,"_address",method,1,0,".string","",,,,
procedure,"_rxsysb.pathaddressenvironment.environment_id","entry_overhead",,1,5083,5083,5083,5083,0,,,,,"_address",method,1,0,".string","",,,,
procedure,"_rxsysb.pathaddressenvironment.environment_id","exit_overhead",,1,125,125,125,125,0,,,,,"_address",method,1,0,".string","",,,,
procedure,"_rxsysb.unknownaddressenvironment.bind_environment","elapsed",,1,4750,4750,4750,4750,0,,,,,"_address",method,1,0,".void","env_name=.string,instance_id=.string",,,,
procedure,"_rxsysb.unknownaddressenvironment.bind_environment","inclusive_body",,1,4000,4000,4000,4000,0,,,,,"_address",method,1,0,".void","env_name=.string,instance_id=.string",,,,
procedure,"_rxsysb.unknownaddressenvironment.bind_environment","self",,1,958,958,958,958,0,,,,,"_address",method,1,0,".void","env_name=.string,instance_id=.string",,,,
procedure,"_rxsysb.unknownaddressenvironment.bind_environment","native_child",,1,0,0,0,0,0,,,,,"_address",method,1,0,".void","env_name=.string,instance_id=.string",,,,
procedure,"_rxsysb.unknownaddressenvironment.bind_environment","entry_overhead",,1,584,584,584,584,0,,,,,"_address",method,1,0,".void","env_name=.string,instance_id=.string",,,,
procedure,"_rxsysb.unknownaddressenvironment.bind_environment","exit_overhead",,1,166,166,166,166,0,,,,,"_address",method,1,0,".void","env_name=.string,instance_id=.string",,,,
procedure,"_rxsysb.pathaddressenvironment.bind_environment","elapsed",,1,4708,4708,4708,4708,0,,,,,"_address",method,1,0,".void","env_name=.string,instance_id=.string",,,,
procedure,"_rxsysb.pathaddressenvironment.bind_environment","inclusive_body",,1,4042,4042,4042,4042,0,,,,,"_address",method,1,0,".void","env_name=.string,instance_id=.string",,,,
procedure,"_rxsysb.pathaddressenvironment.bind_environment","self",,1,1000,1000,1000,1000,0,,,,,"_address",method,1,0,".void","env_name=.string,instance_id=.string",,,,
procedure,"_rxsysb.pathaddressenvironment.bind_environment","native_child",,1,0,0,0,0,0,,,,,"_address",method,1,0,".void","env_name=.string,instance_id=.string",,,,
procedure,"_rxsysb.pathaddressenvironment.bind_environment","entry_overhead",,1,541,541,541,541,0,,,,,"_address",method,1,0,".void","env_name=.string,instance_id=.string",,,,
procedure,"_rxsysb.pathaddressenvironment.bind_environment","exit_overhead",,1,125,125,125,125,0,,,,,"_address",method,1,0,".void","env_name=.string,instance_id=.string",,,,
procedure,"rxfnsb.left","elapsed",,1,4542,4542,4542,4542,0,,,,,"left",procedure,1,0,".string","string=.string,width=.int,?pad=.string",,,,
procedure,"rxfnsb.left","inclusive_body",,1,1500,1500,1500,1500,0,,,,,"left",procedure,1,0,".string","string=.string,width=.int,?pad=.string",,,,
procedure,"rxfnsb.left","self",,1,1500,1500,1500,1500,0,,,,,"left",procedure,1,0,".string","string=.string,width=.int,?pad=.string",,,,
procedure,"rxfnsb.left","native_child",,1,0,0,0,0,0,,,,,"left",procedure,1,0,".string","string=.string,width=.int,?pad=.string",,,,
procedure,"rxfnsb.left","entry_overhead",,1,2917,2917,2917,2917,0,,,,,"left",procedure,1,0,".string","string=.string,width=.int,?pad=.string",,,,
procedure,"rxfnsb.left","exit_overhead",,1,125,125,125,125,0,,,,,"left",procedure,1,0,".string","string=.string,width=.int,?pad=.string",,,,
procedure,"_rxsysb.shelladdressenvironment.bind_environment","elapsed",,1,4500,4500,4500,4500,0,,,,,"_address",method,1,0,".void","env_name=.string,instance_id=.string",,,,
procedure,"_rxsysb.shelladdressenvironment.bind_environment","inclusive_body",,1,3542,3542,3542,3542,0,,,,,"_address",method,1,0,".void","env_name=.string,instance_id=.string",,,,
procedure,"_rxsysb.shelladdressenvironment.bind_environment","self",,1,917,917,917,917,0,,,,,"_address",method,1,0,".void","env_name=.string,instance_id=.string",,,,
procedure,"_rxsysb.shelladdressenvironment.bind_environment","native_child",,1,0,0,0,0,0,,,,,"_address",method,1,0,".void","env_name=.string,instance_id=.string",,,,
procedure,"_rxsysb.shelladdressenvironment.bind_environment","entry_overhead",,1,625,625,625,625,0,,,,,"_address",method,1,0,".void","env_name=.string,instance_id=.string",,,,
procedure,"_rxsysb.shelladdressenvironment.bind_environment","exit_overhead",,1,333,333,333,333,0,,,,,"_address",method,1,0,".void","env_name=.string,instance_id=.string",,,,
procedure,"_rxsysb.crexxaddressenvironment.environment_id","elapsed",,1,2125,2125,2125,2125,0,,,,,"_address",method,1,0,".string","",,,,
procedure,"_rxsysb.crexxaddressenvironment.environment_id","inclusive_body",,1,834,834,834,834,0,,,,,"_address",method,1,0,".string","",,,,
procedure,"_rxsysb.crexxaddressenvironment.environment_id","self",,1,834,834,834,834,0,,,,,"_address",method,1,0,".string","",,,,
procedure,"_rxsysb.crexxaddressenvironment.environment_id","native_child",,1,0,0,0,0,0,,,,,"_address",method,1,0,".string","",,,,
procedure,"_rxsysb.crexxaddressenvironment.environment_id","entry_overhead",,1,1125,1125,1125,1125,0,,,,,"_address",method,1,0,".string","",,,,
procedure,"_rxsysb.crexxaddressenvironment.environment_id","exit_overhead",,1,166,166,166,166,0,,,,,"_address",method,1,0,".string","",,,,
procedure,"_rxsysb.unknownaddressenvironment.environment_id","elapsed",,1,1458,1458,1458,1458,0,,,,,"_address",method,1,0,".string","",,,,
procedure,"_rxsysb.unknownaddressenvironment.environment_id","inclusive_body",,1,459,459,459,459,0,,,,,"_address",method,1,0,".string","",,,,
procedure,"_rxsysb.unknownaddressenvironment.environment_id","self",,1,459,459,459,459,0,,,,,"_address",method,1,0,".string","",,,,
procedure,"_rxsysb.unknownaddressenvironment.environment_id","native_child",,1,0,0,0,0,0,,,,,"_address",method,1,0,".string","",,,,
procedure,"_rxsysb.unknownaddressenvironment.environment_id","entry_overhead",,1,916,916,916,916,0,,,,,"_address",method,1,0,".string","",,,,
procedure,"_rxsysb.unknownaddressenvironment.environment_id","exit_overhead",,1,83,83,83,83,0,,,,,"_address",method,1,0,".string","",,,,
procedure,"_rxsysb.shelladdressenvironment.environment_id","elapsed",,1,1417,1417,1417,1417,0,,,,,"_address",method,1,0,".string","",,,,
procedure,"_rxsysb.shelladdressenvironment.environment_id","inclusive_body",,1,541,541,541,541,0,,,,,"_address",method,1,0,".string","",,,,
procedure,"_rxsysb.shelladdressenvironment.environment_id","self",,1,541,541,541,541,0,,,,,"_address",method,1,0,".string","",,,,
procedure,"_rxsysb.shelladdressenvironment.environment_id","native_child",,1,0,0,0,0,0,,,,,"_address",method,1,0,".string","",,,,
procedure,"_rxsysb.shelladdressenvironment.environment_id","entry_overhead",,1,792,792,792,792,0,,,,,"_address",method,1,0,".string","",,,,
procedure,"_rxsysb.shelladdressenvironment.environment_id","exit_overhead",,1,84,84,84,84,0,,,,,"_address",method,1,0,".string","",,,,
procedure,"_rxsysb.crexxaddressenvironment.environment_name","elapsed",,1,1291,1291,1291,1291,0,,,,,"_address",method,1,0,".string","",,,,
procedure,"_rxsysb.crexxaddressenvironment.environment_name","inclusive_body",,1,250,250,250,250,0,,,,,"_address",method,1,0,".string","",,,,
procedure,"_rxsysb.crexxaddressenvironment.environment_name","self",,1,250,250,250,250,0,,,,,"_address",method,1,0,".string","",,,,
procedure,"_rxsysb.crexxaddressenvironment.environment_name","native_child",,1,0,0,0,0,0,,,,,"_address",method,1,0,".string","",,,,
procedure,"_rxsysb.crexxaddressenvironment.environment_name","entry_overhead",,1,958,958,958,958,0,,,,,"_address",method,1,0,".string","",,,,
procedure,"_rxsysb.crexxaddressenvironment.environment_name","exit_overhead",,1,83,83,83,83,0,,,,,"_address",method,1,0,".string","",,,,
allocation,frame_blocks,,,94,0,0,0,0,0,,,,,,,,,,,652160,35752,0,complete
allocation,standalone_values,,,81,0,0,0,0,0,,,,,,,,,,,20736,256,0,complete
allocation,attribute_value_blocks,,,1201,0,0,0,0,0,,,,,,,,,,,2998272,65536,0,complete
allocation,attribute_pointer_storage,,,3586,0,0,0,0,0,,,,,,,,,,,265344,2048,0,complete
allocation,string_buffers,,,1203,0,0,0,0,0,,,,,,,,,,,52800,128,0,complete
allocation,binary_buffers,,,0,0,0,0,0,0,,,,,,,,,,,0,0,0,complete
allocation,value_slots,,,13567,0,0,0,0,0,,,,,,,,,,,3473152,65536,0,complete
allocation,frame_activations,,,8574,0,0,0,0,0,,,,,,,,,,,0,0,7,complete
allocation,frame_reuses,,,8480,0,0,0,0,0,,,,,,,,,,,0,0,0,complete
metadata_lookup,"callable_resolve","query",,0,0,0,0,0,0,,,,,,,,,,,,,,"complete"
metadata_lookup,"callable_resolve","hit",,0,0,0,0,0,0,,,,,,,,,,,,,,"complete"
metadata_lookup,"callable_resolve","miss",,0,0,0,0,0,0,,,,,,,,,,,,,,"complete"
metadata_lookup,"callable_resolve","invalid",,0,0,0,0,0,0,,,,,,,,,,,,,,"complete"
metadata_lookup,"callable_resolve","degraded",,0,0,0,0,0,0,,,,,,,,,,,,,,"complete"
metadata_visit,"callable_resolve","total",,0,0,0,0,0,0,,,,,,,,,,,,,,"complete"
metadata_visit,"callable_resolve","META_FUNC",,0,0,0,0,0,0,,,,,,,,,,,,,,"complete"
metadata_visit,"callable_resolve","META_REG",,0,0,0,0,0,0,,,,,,,,,,,,,,"complete"
metadata_visit,"callable_resolve","META_CONST",,0,0,0,0,0,0,,,,,,,,,,,,,,"complete"
metadata_visit,"callable_resolve","META_CLEAR",,0,0,0,0,0,0,,,,,,,,,,,,,,"complete"
metadata_visit,"callable_resolve","META_CLASS",,0,0,0,0,0,0,,,,,,,,,,,,,,"complete"
metadata_visit,"callable_resolve","META_ATTR",,0,0,0,0,0,0,,,,,,,,,,,,,,"complete"
metadata_visit,"callable_resolve","META_INTERFACE",,0,0,0,0,0,0,,,,,,,,,,,,,,"complete"
metadata_visit,"callable_resolve","META_IMPLEMENTS",,0,0,0,0,0,0,,,,,,,,,,,,,,"complete"
metadata_visit,"callable_resolve","META_MEMBER",,0,0,0,0,0,0,,,,,,,,,,,,,,"complete"
metadata_visit,"callable_resolve","META_INLINE",,0,0,0,0,0,0,,,,,,,,,,,,,,"complete"
metadata_visit,"callable_resolve","META_SOURCE_STEP",,0,0,0,0,0,0,,,,,,,,,,,,,,"complete"
metadata_visit,"callable_resolve","META_TRACE_EVENT",,0,0,0,0,0,0,,,,,,,,,,,,,,"complete"
metadata_lookup,"contract_kind","query",,210,0,0,0,0,0,,,,,,,,,,,,,,"complete"
metadata_lookup,"contract_kind","hit",,210,0,0,0,0,0,,,,,,,,,,,,,,"complete"
metadata_lookup,"contract_kind","miss",,0,0,0,0,0,0,,,,,,,,,,,,,,"complete"
metadata_lookup,"contract_kind","invalid",,0,0,0,0,0,0,,,,,,,,,,,,,,"complete"
metadata_lookup,"contract_kind","degraded",,0,0,0,0,0,0,,,,,,,,,,,,,,"complete"
metadata_visit,"contract_kind","total",,46256,0,0,0,0,0,,,,,,,,,,,,,,"complete"
metadata_visit,"contract_kind","META_FUNC",,11550,0,0,0,0,0,,,,,,,,,,,,,,"complete"
metadata_visit,"contract_kind","META_REG",,17430,0,0,0,0,0,,,,,,,,,,,,,,"complete"
metadata_visit,"contract_kind","META_CONST",,0,0,0,0,0,0,,,,,,,,,,,,,,"complete"
metadata_visit,"contract_kind","META_CLEAR",,14280,0,0,0,0,0,,,,,,,,,,,,,,"complete"
metadata_visit,"contract_kind","META_CLASS",,448,0,0,0,0,0,,,,,,,,,,,,,,"complete"
metadata_visit,"contract_kind","META_ATTR",,2240,0,0,0,0,0,,,,,,,,,,,,,,"complete"
metadata_visit,"contract_kind","META_INTERFACE",,238,0,0,0,0,0,,,,,,,,,,,,,,"complete"
metadata_visit,"contract_kind","META_IMPLEMENTS",,0,0,0,0,0,0,,,,,,,,,,,,,,"complete"
metadata_visit,"contract_kind","META_MEMBER",,70,0,0,0,0,0,,,,,,,,,,,,,,"complete"
metadata_visit,"contract_kind","META_INLINE",,0,0,0,0,0,0,,,,,,,,,,,,,,"complete"
metadata_visit,"contract_kind","META_SOURCE_STEP",,0,0,0,0,0,0,,,,,,,,,,,,,,"complete"
metadata_visit,"contract_kind","META_TRACE_EVENT",,0,0,0,0,0,0,,,,,,,,,,,,,,"complete"
metadata_lookup,"contract_implements","query",,252,0,0,0,0,0,,,,,,,,,,,,,,"complete"
metadata_lookup,"contract_implements","hit",,210,0,0,0,0,0,,,,,,,,,,,,,,"complete"
metadata_lookup,"contract_implements","miss",,42,0,0,0,0,0,,,,,,,,,,,,,,"complete"
metadata_lookup,"contract_implements","invalid",,0,0,0,0,0,0,,,,,,,,,,,,,,"complete"
metadata_lookup,"contract_implements","degraded",,0,0,0,0,0,0,,,,,,,,,,,,,,"complete"
metadata_visit,"contract_implements","total",,242039,0,0,0,0,0,,,,,,,,,,,,,,"complete"
metadata_visit,"contract_implements","META_FUNC",,27930,0,0,0,0,0,,,,,,,,,,,,,,"complete"
metadata_visit,"contract_implements","META_REG",,94962,0,0,0,0,0,,,,,,,,,,,,,,"complete"
metadata_visit,"contract_implements","META_CONST",,42,0,0,0,0,0,,,,,,,,,,,,,,"complete"
metadata_visit,"contract_implements","META_CLEAR",,89040,0,0,0,0,0,,,,,,,,,,,,,,"complete"
metadata_visit,"contract_implements","META_CLASS",,3693,0,0,0,0,0,,,,,,,,,,,,,,"complete"
metadata_visit,"contract_implements","META_ATTR",,16049,0,0,0,0,0,,,,,,,,,,,,,,"complete"
metadata_visit,"contract_implements","META_INTERFACE",,1260,0,0,0,0,0,,,,,,,,,,,,,,"complete"
metadata_visit,"contract_implements","META_IMPLEMENTS",,4527,0,0,0,0,0,,,,,,,,,,,,,,"complete"
metadata_visit,"contract_implements","META_MEMBER",,4536,0,0,0,0,0,,,,,,,,,,,,,,"complete"
metadata_visit,"contract_implements","META_INLINE",,0,0,0,0,0,0,,,,,,,,,,,,,,"complete"
metadata_visit,"contract_implements","META_SOURCE_STEP",,0,0,0,0,0,0,,,,,,,,,,,,,,"complete"
metadata_visit,"contract_implements","META_TRACE_EVENT",,0,0,0,0,0,0,,,,,,,,,,,,,,"complete"
metadata_lookup,"callable_signature","query",,0,0,0,0,0,0,,,,,,,,,,,,,,"complete"
metadata_lookup,"callable_signature","hit",,0,0,0,0,0,0,,,,,,,,,,,,,,"complete"
metadata_lookup,"callable_signature","miss",,0,0,0,0,0,0,,,,,,,,,,,,,,"complete"
metadata_lookup,"callable_signature","invalid",,0,0,0,0,0,0,,,,,,,,,,,,,,"complete"
metadata_lookup,"callable_signature","degraded",,0,0,0,0,0,0,,,,,,,,,,,,,,"complete"
metadata_visit,"callable_signature","total",,0,0,0,0,0,0,,,,,,,,,,,,,,"complete"
metadata_visit,"callable_signature","META_FUNC",,0,0,0,0,0,0,,,,,,,,,,,,,,"complete"
metadata_visit,"callable_signature","META_REG",,0,0,0,0,0,0,,,,,,,,,,,,,,"complete"
metadata_visit,"callable_signature","META_CONST",,0,0,0,0,0,0,,,,,,,,,,,,,,"complete"
metadata_visit,"callable_signature","META_CLEAR",,0,0,0,0,0,0,,,,,,,,,,,,,,"complete"
metadata_visit,"callable_signature","META_CLASS",,0,0,0,0,0,0,,,,,,,,,,,,,,"complete"
metadata_visit,"callable_signature","META_ATTR",,0,0,0,0,0,0,,,,,,,,,,,,,,"complete"
metadata_visit,"callable_signature","META_INTERFACE",,0,0,0,0,0,0,,,,,,,,,,,,,,"complete"
metadata_visit,"callable_signature","META_IMPLEMENTS",,0,0,0,0,0,0,,,,,,,,,,,,,,"complete"
metadata_visit,"callable_signature","META_MEMBER",,0,0,0,0,0,0,,,,,,,,,,,,,,"complete"
metadata_visit,"callable_signature","META_INLINE",,0,0,0,0,0,0,,,,,,,,,,,,,,"complete"
metadata_visit,"callable_signature","META_SOURCE_STEP",,0,0,0,0,0,0,,,,,,,,,,,,,,"complete"
metadata_visit,"callable_signature","META_TRACE_EVENT",,0,0,0,0,0,0,,,,,,,,,,,,,,"complete"
metadata_lookup,"interface_method_registry","query",,0,0,0,0,0,0,,,,,,,,,,,,,,"complete"
metadata_lookup,"interface_method_registry","hit",,0,0,0,0,0,0,,,,,,,,,,,,,,"complete"
metadata_lookup,"interface_method_registry","miss",,0,0,0,0,0,0,,,,,,,,,,,,,,"complete"
metadata_lookup,"interface_method_registry","invalid",,0,0,0,0,0,0,,,,,,,,,,,,,,"complete"
metadata_lookup,"interface_method_registry","degraded",,0,0,0,0,0,0,,,,,,,,,,,,,,"complete"
metadata_visit,"interface_method_registry","total",,0,0,0,0,0,0,,,,,,,,,,,,,,"complete"
metadata_visit,"interface_method_registry","META_FUNC",,0,0,0,0,0,0,,,,,,,,,,,,,,"complete"
metadata_visit,"interface_method_registry","META_REG",,0,0,0,0,0,0,,,,,,,,,,,,,,"complete"
metadata_visit,"interface_method_registry","META_CONST",,0,0,0,0,0,0,,,,,,,,,,,,,,"complete"
metadata_visit,"interface_method_registry","META_CLEAR",,0,0,0,0,0,0,,,,,,,,,,,,,,"complete"
metadata_visit,"interface_method_registry","META_CLASS",,0,0,0,0,0,0,,,,,,,,,,,,,,"complete"
metadata_visit,"interface_method_registry","META_ATTR",,0,0,0,0,0,0,,,,,,,,,,,,,,"complete"
metadata_visit,"interface_method_registry","META_INTERFACE",,0,0,0,0,0,0,,,,,,,,,,,,,,"complete"
metadata_visit,"interface_method_registry","META_IMPLEMENTS",,0,0,0,0,0,0,,,,,,,,,,,,,,"complete"
metadata_visit,"interface_method_registry","META_MEMBER",,0,0,0,0,0,0,,,,,,,,,,,,,,"complete"
metadata_visit,"interface_method_registry","META_INLINE",,0,0,0,0,0,0,,,,,,,,,,,,,,"complete"
metadata_visit,"interface_method_registry","META_SOURCE_STEP",,0,0,0,0,0,0,,,,,,,,,,,,,,"complete"
metadata_visit,"interface_method_registry","META_TRACE_EVENT",,0,0,0,0,0,0,,,,,,,,,,,,,,"complete"
metadata_lookup,"interface_factory_registry","query",,0,0,0,0,0,0,,,,,,,,,,,,,,"complete"
metadata_lookup,"interface_factory_registry","hit",,0,0,0,0,0,0,,,,,,,,,,,,,,"complete"
metadata_lookup,"interface_factory_registry","miss",,0,0,0,0,0,0,,,,,,,,,,,,,,"complete"
metadata_lookup,"interface_factory_registry","invalid",,0,0,0,0,0,0,,,,,,,,,,,,,,"complete"
metadata_lookup,"interface_factory_registry","degraded",,0,0,0,0,0,0,,,,,,,,,,,,,,"complete"
metadata_visit,"interface_factory_registry","total",,0,0,0,0,0,0,,,,,,,,,,,,,,"complete"
metadata_visit,"interface_factory_registry","META_FUNC",,0,0,0,0,0,0,,,,,,,,,,,,,,"complete"
metadata_visit,"interface_factory_registry","META_REG",,0,0,0,0,0,0,,,,,,,,,,,,,,"complete"
metadata_visit,"interface_factory_registry","META_CONST",,0,0,0,0,0,0,,,,,,,,,,,,,,"complete"
metadata_visit,"interface_factory_registry","META_CLEAR",,0,0,0,0,0,0,,,,,,,,,,,,,,"complete"
metadata_visit,"interface_factory_registry","META_CLASS",,0,0,0,0,0,0,,,,,,,,,,,,,,"complete"
metadata_visit,"interface_factory_registry","META_ATTR",,0,0,0,0,0,0,,,,,,,,,,,,,,"complete"
metadata_visit,"interface_factory_registry","META_INTERFACE",,0,0,0,0,0,0,,,,,,,,,,,,,,"complete"
metadata_visit,"interface_factory_registry","META_IMPLEMENTS",,0,0,0,0,0,0,,,,,,,,,,,,,,"complete"
metadata_visit,"interface_factory_registry","META_MEMBER",,0,0,0,0,0,0,,,,,,,,,,,,,,"complete"
metadata_visit,"interface_factory_registry","META_INLINE",,0,0,0,0,0,0,,,,,,,,,,,,,,"complete"
metadata_visit,"interface_factory_registry","META_SOURCE_STEP",,0,0,0,0,0,0,,,,,,,,,,,,,,"complete"
metadata_visit,"interface_factory_registry","META_TRACE_EVENT",,0,0,0,0,0,0,,,,,,,,,,,,,,"complete"
metadata_lookup,"rxvml_member","query",,0,0,0,0,0,0,,,,,,,,,,,,,,"complete"
metadata_lookup,"rxvml_member","hit",,0,0,0,0,0,0,,,,,,,,,,,,,,"complete"
metadata_lookup,"rxvml_member","miss",,0,0,0,0,0,0,,,,,,,,,,,,,,"complete"
metadata_lookup,"rxvml_member","invalid",,0,0,0,0,0,0,,,,,,,,,,,,,,"complete"
metadata_lookup,"rxvml_member","degraded",,0,0,0,0,0,0,,,,,,,,,,,,,,"complete"
metadata_visit,"rxvml_member","total",,0,0,0,0,0,0,,,,,,,,,,,,,,"complete"
metadata_visit,"rxvml_member","META_FUNC",,0,0,0,0,0,0,,,,,,,,,,,,,,"complete"
metadata_visit,"rxvml_member","META_REG",,0,0,0,0,0,0,,,,,,,,,,,,,,"complete"
metadata_visit,"rxvml_member","META_CONST",,0,0,0,0,0,0,,,,,,,,,,,,,,"complete"
metadata_visit,"rxvml_member","META_CLEAR",,0,0,0,0,0,0,,,,,,,,,,,,,,"complete"
metadata_visit,"rxvml_member","META_CLASS",,0,0,0,0,0,0,,,,,,,,,,,,,,"complete"
metadata_visit,"rxvml_member","META_ATTR",,0,0,0,0,0,0,,,,,,,,,,,,,,"complete"
metadata_visit,"rxvml_member","META_INTERFACE",,0,0,0,0,0,0,,,,,,,,,,,,,,"complete"
metadata_visit,"rxvml_member","META_IMPLEMENTS",,0,0,0,0,0,0,,,,,,,,,,,,,,"complete"
metadata_visit,"rxvml_member","META_MEMBER",,0,0,0,0,0,0,,,,,,,,,,,,,,"complete"
metadata_visit,"rxvml_member","META_INLINE",,0,0,0,0,0,0,,,,,,,,,,,,,,"complete"
metadata_visit,"rxvml_member","META_SOURCE_STEP",,0,0,0,0,0,0,,,,,,,,,,,,,,"complete"
metadata_visit,"rxvml_member","META_TRACE_EVENT",,0,0,0,0,0,0,,,,,,,,,,,,,,"complete"
metadata_lookup,"rxvml_callable","query",,0,0,0,0,0,0,,,,,,,,,,,,,,"complete"
metadata_lookup,"rxvml_callable","hit",,0,0,0,0,0,0,,,,,,,,,,,,,,"complete"
metadata_lookup,"rxvml_callable","miss",,0,0,0,0,0,0,,,,,,,,,,,,,,"complete"
metadata_lookup,"rxvml_callable","invalid",,0,0,0,0,0,0,,,,,,,,,,,,,,"complete"
metadata_lookup,"rxvml_callable","degraded",,0,0,0,0,0,0,,,,,,,,,,,,,,"complete"
metadata_visit,"rxvml_callable","total",,0,0,0,0,0,0,,,,,,,,,,,,,,"complete"
metadata_visit,"rxvml_callable","META_FUNC",,0,0,0,0,0,0,,,,,,,,,,,,,,"complete"
metadata_visit,"rxvml_callable","META_REG",,0,0,0,0,0,0,,,,,,,,,,,,,,"complete"
metadata_visit,"rxvml_callable","META_CONST",,0,0,0,0,0,0,,,,,,,,,,,,,,"complete"
metadata_visit,"rxvml_callable","META_CLEAR",,0,0,0,0,0,0,,,,,,,,,,,,,,"complete"
metadata_visit,"rxvml_callable","META_CLASS",,0,0,0,0,0,0,,,,,,,,,,,,,,"complete"
metadata_visit,"rxvml_callable","META_ATTR",,0,0,0,0,0,0,,,,,,,,,,,,,,"complete"
metadata_visit,"rxvml_callable","META_INTERFACE",,0,0,0,0,0,0,,,,,,,,,,,,,,"complete"
metadata_visit,"rxvml_callable","META_IMPLEMENTS",,0,0,0,0,0,0,,,,,,,,,,,,,,"complete"
metadata_visit,"rxvml_callable","META_MEMBER",,0,0,0,0,0,0,,,,,,,,,,,,,,"complete"
metadata_visit,"rxvml_callable","META_INLINE",,0,0,0,0,0,0,,,,,,,,,,,,,,"complete"
metadata_visit,"rxvml_callable","META_SOURCE_STEP",,0,0,0,0,0,0,,,,,,,,,,,,,,"complete"
metadata_visit,"rxvml_callable","META_TRACE_EVENT",,0,0,0,0,0,0,,,,,,,,,,,,,,"complete"
metadata_lookup,"rxvml_contract","query",,0,0,0,0,0,0,,,,,,,,,,,,,,"complete"
metadata_lookup,"rxvml_contract","hit",,0,0,0,0,0,0,,,,,,,,,,,,,,"complete"
metadata_lookup,"rxvml_contract","miss",,0,0,0,0,0,0,,,,,,,,,,,,,,"complete"
metadata_lookup,"rxvml_contract","invalid",,0,0,0,0,0,0,,,,,,,,,,,,,,"complete"
metadata_lookup,"rxvml_contract","degraded",,0,0,0,0,0,0,,,,,,,,,,,,,,"complete"
metadata_visit,"rxvml_contract","total",,0,0,0,0,0,0,,,,,,,,,,,,,,"complete"
metadata_visit,"rxvml_contract","META_FUNC",,0,0,0,0,0,0,,,,,,,,,,,,,,"complete"
metadata_visit,"rxvml_contract","META_REG",,0,0,0,0,0,0,,,,,,,,,,,,,,"complete"
metadata_visit,"rxvml_contract","META_CONST",,0,0,0,0,0,0,,,,,,,,,,,,,,"complete"
metadata_visit,"rxvml_contract","META_CLEAR",,0,0,0,0,0,0,,,,,,,,,,,,,,"complete"
metadata_visit,"rxvml_contract","META_CLASS",,0,0,0,0,0,0,,,,,,,,,,,,,,"complete"
metadata_visit,"rxvml_contract","META_ATTR",,0,0,0,0,0,0,,,,,,,,,,,,,,"complete"
metadata_visit,"rxvml_contract","META_INTERFACE",,0,0,0,0,0,0,,,,,,,,,,,,,,"complete"
metadata_visit,"rxvml_contract","META_IMPLEMENTS",,0,0,0,0,0,0,,,,,,,,,,,,,,"complete"
metadata_visit,"rxvml_contract","META_MEMBER",,0,0,0,0,0,0,,,,,,,,,,,,,,"complete"
metadata_visit,"rxvml_contract","META_INLINE",,0,0,0,0,0,0,,,,,,,,,,,,,,"complete"
metadata_visit,"rxvml_contract","META_SOURCE_STEP",,0,0,0,0,0,0,,,,,,,,,,,,,,"complete"
metadata_visit,"rxvml_contract","META_TRACE_EVENT",,0,0,0,0,0,0,,,,,,,,,,,,,,"complete"
metadata_lookup,"rxvml_signature","query",,0,0,0,0,0,0,,,,,,,,,,,,,,"complete"
metadata_lookup,"rxvml_signature","hit",,0,0,0,0,0,0,,,,,,,,,,,,,,"complete"
metadata_lookup,"rxvml_signature","miss",,0,0,0,0,0,0,,,,,,,,,,,,,,"complete"
metadata_lookup,"rxvml_signature","invalid",,0,0,0,0,0,0,,,,,,,,,,,,,,"complete"
metadata_lookup,"rxvml_signature","degraded",,0,0,0,0,0,0,,,,,,,,,,,,,,"complete"
metadata_visit,"rxvml_signature","total",,0,0,0,0,0,0,,,,,,,,,,,,,,"complete"
metadata_visit,"rxvml_signature","META_FUNC",,0,0,0,0,0,0,,,,,,,,,,,,,,"complete"
metadata_visit,"rxvml_signature","META_REG",,0,0,0,0,0,0,,,,,,,,,,,,,,"complete"
metadata_visit,"rxvml_signature","META_CONST",,0,0,0,0,0,0,,,,,,,,,,,,,,"complete"
metadata_visit,"rxvml_signature","META_CLEAR",,0,0,0,0,0,0,,,,,,,,,,,,,,"complete"
metadata_visit,"rxvml_signature","META_CLASS",,0,0,0,0,0,0,,,,,,,,,,,,,,"complete"
metadata_visit,"rxvml_signature","META_ATTR",,0,0,0,0,0,0,,,,,,,,,,,,,,"complete"
metadata_visit,"rxvml_signature","META_INTERFACE",,0,0,0,0,0,0,,,,,,,,,,,,,,"complete"
metadata_visit,"rxvml_signature","META_IMPLEMENTS",,0,0,0,0,0,0,,,,,,,,,,,,,,"complete"
metadata_visit,"rxvml_signature","META_MEMBER",,0,0,0,0,0,0,,,,,,,,,,,,,,"complete"
metadata_visit,"rxvml_signature","META_INLINE",,0,0,0,0,0,0,,,,,,,,,,,,,,"complete"
metadata_visit,"rxvml_signature","META_SOURCE_STEP",,0,0,0,0,0,0,,,,,,,,,,,,,,"complete"
metadata_visit,"rxvml_signature","META_TRACE_EVENT",,0,0,0,0,0,0,,,,,,,,,,,,,,"complete"
metadata_lookup,"rxvml_class_discovery","query",,0,0,0,0,0,0,,,,,,,,,,,,,,"complete"
metadata_lookup,"rxvml_class_discovery","hit",,0,0,0,0,0,0,,,,,,,,,,,,,,"complete"
metadata_lookup,"rxvml_class_discovery","miss",,0,0,0,0,0,0,,,,,,,,,,,,,,"complete"
metadata_lookup,"rxvml_class_discovery","invalid",,0,0,0,0,0,0,,,,,,,,,,,,,,"complete"
metadata_lookup,"rxvml_class_discovery","degraded",,0,0,0,0,0,0,,,,,,,,,,,,,,"complete"
metadata_visit,"rxvml_class_discovery","total",,0,0,0,0,0,0,,,,,,,,,,,,,,"complete"
metadata_visit,"rxvml_class_discovery","META_FUNC",,0,0,0,0,0,0,,,,,,,,,,,,,,"complete"
metadata_visit,"rxvml_class_discovery","META_REG",,0,0,0,0,0,0,,,,,,,,,,,,,,"complete"
metadata_visit,"rxvml_class_discovery","META_CONST",,0,0,0,0,0,0,,,,,,,,,,,,,,"complete"
metadata_visit,"rxvml_class_discovery","META_CLEAR",,0,0,0,0,0,0,,,,,,,,,,,,,,"complete"
metadata_visit,"rxvml_class_discovery","META_CLASS",,0,0,0,0,0,0,,,,,,,,,,,,,,"complete"
metadata_visit,"rxvml_class_discovery","META_ATTR",,0,0,0,0,0,0,,,,,,,,,,,,,,"complete"
metadata_visit,"rxvml_class_discovery","META_INTERFACE",,0,0,0,0,0,0,,,,,,,,,,,,,,"complete"
metadata_visit,"rxvml_class_discovery","META_IMPLEMENTS",,0,0,0,0,0,0,,,,,,,,,,,,,,"complete"
metadata_visit,"rxvml_class_discovery","META_MEMBER",,0,0,0,0,0,0,,,,,,,,,,,,,,"complete"
metadata_visit,"rxvml_class_discovery","META_INLINE",,0,0,0,0,0,0,,,,,,,,,,,,,,"complete"
metadata_visit,"rxvml_class_discovery","META_SOURCE_STEP",,0,0,0,0,0,0,,,,,,,,,,,,,,"complete"
metadata_visit,"rxvml_class_discovery","META_TRACE_EVENT",,0,0,0,0,0,0,,,,,,,,,,,,,,"complete"
metadata_lookup,"source_context","query",,0,0,0,0,0,0,,,,,,,,,,,,,,"complete"
metadata_lookup,"source_context","hit",,0,0,0,0,0,0,,,,,,,,,,,,,,"complete"
metadata_lookup,"source_context","miss",,0,0,0,0,0,0,,,,,,,,,,,,,,"complete"
metadata_lookup,"source_context","invalid",,0,0,0,0,0,0,,,,,,,,,,,,,,"complete"
metadata_lookup,"source_context","degraded",,0,0,0,0,0,0,,,,,,,,,,,,,,"complete"
metadata_visit,"source_context","total",,0,0,0,0,0,0,,,,,,,,,,,,,,"complete"
metadata_visit,"source_context","META_FUNC",,0,0,0,0,0,0,,,,,,,,,,,,,,"complete"
metadata_visit,"source_context","META_REG",,0,0,0,0,0,0,,,,,,,,,,,,,,"complete"
metadata_visit,"source_context","META_CONST",,0,0,0,0,0,0,,,,,,,,,,,,,,"complete"
metadata_visit,"source_context","META_CLEAR",,0,0,0,0,0,0,,,,,,,,,,,,,,"complete"
metadata_visit,"source_context","META_CLASS",,0,0,0,0,0,0,,,,,,,,,,,,,,"complete"
metadata_visit,"source_context","META_ATTR",,0,0,0,0,0,0,,,,,,,,,,,,,,"complete"
metadata_visit,"source_context","META_INTERFACE",,0,0,0,0,0,0,,,,,,,,,,,,,,"complete"
metadata_visit,"source_context","META_IMPLEMENTS",,0,0,0,0,0,0,,,,,,,,,,,,,,"complete"
metadata_visit,"source_context","META_MEMBER",,0,0,0,0,0,0,,,,,,,,,,,,,,"complete"
metadata_visit,"source_context","META_INLINE",,0,0,0,0,0,0,,,,,,,,,,,,,,"complete"
metadata_visit,"source_context","META_SOURCE_STEP",,0,0,0,0,0,0,,,,,,,,,,,,,,"complete"
metadata_visit,"source_context","META_TRACE_EVENT",,0,0,0,0,0,0,,,,,,,,,,,,,,"complete"
metadata_lookup,"metadata_introspection","query",,0,0,0,0,0,0,,,,,,,,,,,,,,"complete"
metadata_lookup,"metadata_introspection","hit",,0,0,0,0,0,0,,,,,,,,,,,,,,"complete"
metadata_lookup,"metadata_introspection","miss",,0,0,0,0,0,0,,,,,,,,,,,,,,"complete"
metadata_lookup,"metadata_introspection","invalid",,0,0,0,0,0,0,,,,,,,,,,,,,,"complete"
metadata_lookup,"metadata_introspection","degraded",,0,0,0,0,0,0,,,,,,,,,,,,,,"complete"
metadata_visit,"metadata_introspection","total",,0,0,0,0,0,0,,,,,,,,,,,,,,"complete"
metadata_visit,"metadata_introspection","META_FUNC",,0,0,0,0,0,0,,,,,,,,,,,,,,"complete"
metadata_visit,"metadata_introspection","META_REG",,0,0,0,0,0,0,,,,,,,,,,,,,,"complete"
metadata_visit,"metadata_introspection","META_CONST",,0,0,0,0,0,0,,,,,,,,,,,,,,"complete"
metadata_visit,"metadata_introspection","META_CLEAR",,0,0,0,0,0,0,,,,,,,,,,,,,,"complete"
metadata_visit,"metadata_introspection","META_CLASS",,0,0,0,0,0,0,,,,,,,,,,,,,,"complete"
metadata_visit,"metadata_introspection","META_ATTR",,0,0,0,0,0,0,,,,,,,,,,,,,,"complete"
metadata_visit,"metadata_introspection","META_INTERFACE",,0,0,0,0,0,0,,,,,,,,,,,,,,"complete"
metadata_visit,"metadata_introspection","META_IMPLEMENTS",,0,0,0,0,0,0,,,,,,,,,,,,,,"complete"
metadata_visit,"metadata_introspection","META_MEMBER",,0,0,0,0,0,0,,,,,,,,,,,,,,"complete"
metadata_visit,"metadata_introspection","META_INLINE",,0,0,0,0,0,0,,,,,,,,,,,,,,"complete"
metadata_visit,"metadata_introspection","META_SOURCE_STEP",,0,0,0,0,0,0,,,,,,,,,,,,,,"complete"
metadata_visit,"metadata_introspection","META_TRACE_EVENT",,0,0,0,0,0,0,,,,,,,,,,,,,,"complete"
metadata_lookup,"profile_catalog","query",,392,0,0,0,0,0,,,,,,,,,,,,,,"complete"
metadata_lookup,"profile_catalog","hit",,206,0,0,0,0,0,,,,,,,,,,,,,,"complete"
metadata_lookup,"profile_catalog","miss",,186,0,0,0,0,0,,,,,,,,,,,,,,"complete"
metadata_lookup,"profile_catalog","invalid",,0,0,0,0,0,0,,,,,,,,,,,,,,"complete"
metadata_lookup,"profile_catalog","degraded",,0,0,0,0,0,0,,,,,,,,,,,,,,"complete"
metadata_visit,"profile_catalog","total",,955015,0,0,0,0,0,,,,,,,,,,,,,,"complete"
metadata_visit,"profile_catalog","META_FUNC",,96554,0,0,0,0,0,,,,,,,,,,,,,,"complete"
metadata_visit,"profile_catalog","META_REG",,414787,0,0,0,0,0,,,,,,,,,,,,,,"complete"
metadata_visit,"profile_catalog","META_CONST",,185,0,0,0,0,0,,,,,,,,,,,,,,"complete"
metadata_visit,"profile_catalog","META_CLEAR",,394745,0,0,0,0,0,,,,,,,,,,,,,,"complete"
metadata_visit,"profile_catalog","META_CLASS",,5573,0,0,0,0,0,,,,,,,,,,,,,,"complete"
metadata_visit,"profile_catalog","META_ATTR",,29777,0,0,0,0,0,,,,,,,,,,,,,,"complete"
metadata_visit,"profile_catalog","META_INTERFACE",,1692,0,0,0,0,0,,,,,,,,,,,,,,"complete"
metadata_visit,"profile_catalog","META_IMPLEMENTS",,5739,0,0,0,0,0,,,,,,,,,,,,,,"complete"
metadata_visit,"profile_catalog","META_MEMBER",,5963,0,0,0,0,0,,,,,,,,,,,,,,"complete"
metadata_visit,"profile_catalog","META_INLINE",,0,0,0,0,0,0,,,,,,,,,,,,,,"complete"
metadata_visit,"profile_catalog","META_SOURCE_STEP",,0,0,0,0,0,0,,,,,,,,,,,,,,"complete"
metadata_visit,"profile_catalog","META_TRACE_EVENT",,0,0,0,0,0,0,,,,,,,,,,,,,,"complete"
metadata_index_build,"META_FUNC","entries",,390,0,0,0,0,0,,,,,,,,,,,,,,"complete"
metadata_index_build,"META_REG","entries",,1846,0,0,0,0,0,,,,,,,,,,,,,,"complete"
metadata_index_build,"META_CONST","entries",,1,0,0,0,0,0,,,,,,,,,,,,,,"complete"
metadata_index_build,"META_CLEAR","entries",,1780,0,0,0,0,0,,,,,,,,,,,,,,"complete"
metadata_index_build,"META_CLASS","entries",,19,0,0,0,0,0,,,,,,,,,,,,,,"complete"
metadata_index_build,"META_ATTR","entries",,115,0,0,0,0,0,,,,,,,,,,,,,,"complete"
metadata_index_build,"META_INTERFACE","entries",,5,0,0,0,0,0,,,,,,,,,,,,,,"complete"
metadata_index_build,"META_IMPLEMENTS","entries",,20,0,0,0,0,0,,,,,,,,,,,,,,"complete"
metadata_index_build,"META_MEMBER","entries",,18,0,0,0,0,0,,,,,,,,,,,,,,"complete"
metadata_index_build,"META_INLINE","entries",,0,0,0,0,0,0,,,,,,,,,,,,,,"complete"
metadata_index_build,"META_SOURCE_STEP","entries",,0,0,0,0,0,0,,,,,,,,,,,,,,"complete"
metadata_index_build,"META_TRACE_EVENT","entries",,0,0,0,0,0,0,,,,,,,,,,,,,,"complete"
metadata_index_build,"index","modules",,21,0,0,0,0,0,,,,,,,,,,,,,,"complete"
metadata_index_build,"index","offsets",,4194,0,0,0,0,0,,,,,,,,,,,,,,"complete"
metadata_index_build,"index","retained_bytes",,67104,0,0,0,0,0,,,,,,,,,,,,,,"complete"
metadata_index_build,"index","invalid",,0,0,0,0,0,0,,,,,,,,,,,,,,"complete"
metadata_index_build,"index","degraded",,0,0,0,0,0,0,,,,,,,,,,,,,,"complete"
census,"call_path","direct_bytecode",,8356,0,0,0,0,0,,,,,,,,,,,,,,"complete"
census,"call_path","direct_native",,0,0,0,0,0,0,,,,,,,,,,,,,,"complete"
census,"call_path","dynamic_bytecode",,217,0,0,0,0,0,,,,,,,,,,,,,,"complete"
census,"call_path","dynamic_native",,0,0,0,0,0,0,,,,,,,,,,,,,,"complete"
census,"call_path","external_root",,1,0,0,0,0,0,,,,,,,,,,,,,,"complete"
census,"call_path","signal_bytecode",,0,0,0,0,0,0,,,,,,,,,,,,,,"complete"
census,"call_path","signal_native",,0,0,0,0,0,0,,,,,,,,,,,,,,"complete"
census,"arity","1",,1723,0,0,0,0,0,,,,,,,,,,,,,,"complete"
census,"arity","0",,2083,0,0,0,0,0,,,,,,,,,,,,,,"complete"
census,"arity","2",,1285,0,0,0,0,0,,,,,,,,,,,,,,"complete"
census,"arity","3",,2207,0,0,0,0,0,,,,,,,,,,,,,,"complete"
census,"arity","4",,1176,0,0,0,0,0,,,,,,,,,,,,,,"complete"
census,"arity","5",,100,0,0,0,0,0,,,,,,,,,,,,,,"complete"
census,"callable_kind","procedure",,6883,0,0,0,0,0,,,,,,,,,,,,,,"complete"
census,"callable_kind","method",,1682,0,0,0,0,0,,,,,,,,,,,,,,"complete"
census,"callable_kind","factory",,9,0,0,0,0,0,,,,,,,,,,,,,,"complete"
census,"callable_kind","native",,0,0,0,0,0,0,,,,,,,,,,,,,,"complete"
census,"callable_kind","unknown",,0,0,0,0,0,0,,,,,,,,,,,,,,"complete"
census,"frame_disposition","fresh",,94,0,0,0,0,0,,,,,,,,,,,,,,"complete"
census,"frame_disposition","reused",,8480,0,0,0,0,0,,,,,,,,,,,,,,"complete"
census,"frame_disposition","no_child_native",,0,0,0,0,0,0,,,,,,,,,,,,,,"complete"
census,"frame_disposition","none_failed",,0,0,0,0,0,0,,,,,,,,,,,,,,"complete"
census,"call_outcome","success",,8574,0,0,0,0,0,,,,,,,,,,,,,,"complete"
census,"call_outcome","unresolved",,0,0,0,0,0,0,,,,,,,,,,,,,,"complete"
census,"call_outcome","frame_failed",,0,0,0,0,0,0,,,,,,,,,,,,,,"complete"
census,"call_outcome","invalid",,0,0,0,0,0,0,,,,,,,,,,,,,,"complete"
return,"placement","void",,2390,0,0,0,0,0,,,,,,,,,,,,,,"complete"
return,"placement","ret_reg_move_local",,4296,0,0,0,0,0,,,,,,,,,,,,,,"complete"
return,"placement","ret_reg_copy_nonlocal",,1374,0,0,0,0,0,,,,,,,,,,,,,,"complete"
return,"placement","value_ignored",,0,0,0,0,0,0,,,,,,,,,,,,,,"complete"
return,"placement","immediate",,513,0,0,0,0,0,,,,,,,,,,,,,,"complete"
return,"placement","terminal_external",,1,0,0,0,0,0,,,,,,,,,,,,,,"complete"
dynamic,"srcmethodsel","attempt",,210,0,0,0,0,0,,,,,,,,,,,,,,"complete"
dynamic,"srcmethodsel","success",,210,0,0,0,0,0,,,,,,,,,,,,,,"complete"
dynamic,"srcmethodsel","failure",,0,0,0,0,0,0,,,,,,,,,,,,,,"complete"
dynamic,"srcfprocsel","attempt",,7,0,0,0,0,0,,,,,,,,,,,,,,"complete"
dynamic,"srcfprocsel","success",,7,0,0,0,0,0,,,,,,,,,,,,,,"complete"
dynamic,"srcfprocsel","failure",,0,0,0,0,0,0,,,,,,,,,,,,,,"complete"
mechanics,"call_window","setup_swaps",,5983,0,0,0,0,0,,,,,,,,,,,,,,"complete"
mechanics,"call_window","normal_restoration_swaps",,5983,0,0,0,0,0,,,,,,,,,,,,,,"complete"
mechanics,"call_window","unclassified_swaps",,518,0,0,0,0,0,,,,,,,,,,,,,,"complete"
mechanics,"call_window","defensive_argument_copies",,1,0,0,0,0,0,,,,,,,,,,,,,,"complete"
mechanics,"call_window","unclassified_copies",,7707,0,0,0,0,0,,,,,,,,,,,,,,"complete"
mechanics,"call_window","attribution_degraded",,0,0,0,0,0,0,,,,,,,,,,,,,,"complete"
unwind,"signal","events",,0,0,0,0,0,0,,,,,,,,,,,,,,"complete"
unwind,"signal","bytecode_frames_discarded",,0,0,0,0,0,0,,,,,,,,,,,,,,"complete"
unwind,"signal","argument_windows_restored",,0,0,0,0,0,0,,,,,,,,,,,,,,"complete"
unwind,"signal","argument_slots_restored",,0,0,0,0,0,0,,,,,,,,,,,,,,"complete"
unwind,"signal","interrupted_native_windows_restored",,0,0,0,0,0,0,,,,,,,,,,,,,,"complete"
unwind,"signal","interrupted_native_slots_restored",,0,0,0,0,0,0,,,,,,,,,,,,,,"complete"
unwind,"signal","restoration_failures",,0,0,0,0,0,0,,,,,,,,,,,,,,"complete"
call,"rexxcps_levelb.main","external_root",0,1,0,0,0,0,0,1,,,,"benchmark_rexxcps_levelb_noopt","procedure",,,"fresh","success",0,0,0,"complete"
call,"rxfnsb.version","direct_bytecode",133,1,0,0,0,0,0,0,,,,"benchmark_rexxcps_levelb_noopt","procedure",,,"fresh","success",0,0,0,"complete"
call,"rxfnsb.word","direct_bytecode",149,1,0,0,0,0,0,2,,,,"benchmark_rexxcps_levelb_noopt","procedure",,,"fresh","success",1,1,0,"complete"
call,"rxfnsb.stem.§factory","direct_bytecode",181,1,0,0,0,0,0,0,,,,"benchmark_rexxcps_levelb_noopt","factory",,,"fresh","success",0,0,0,"complete"
call,"rxfnsb.stem.§factory","direct_bytecode",188,1,0,0,0,0,0,0,,,,"benchmark_rexxcps_levelb_noopt","factory",,,"reused","success",0,0,0,"complete"
call,"rxfnsb.time","direct_bytecode",226,1,0,0,0,0,0,1,,,,"benchmark_rexxcps_levelb_noopt","procedure",,,"fresh","success",0,0,0,"complete"
call,"_rxsysb._elapsed","direct_bytecode",300,2,0,0,0,0,0,1,,,,"time","procedure",,,"fresh","success",2,2,0,"complete"
call,"_rxsysb._elapsed","direct_bytecode",328,6,0,0,0,0,0,1,,,,"time","procedure",,,"reused","success",0,0,0,"complete"
call,"_rxsysb._elapsed","direct_bytecode",338,6,0,0,0,0,0,1,,,,"time","procedure",,,"reused","success",6,6,0,"complete"
call,"rxfnsb.time","direct_bytecode",247,1,0,0,0,0,0,1,,,,"benchmark_rexxcps_levelb_noopt","procedure",,,"reused","success",0,0,0,"complete"
call,"_rxsysb._elapsed","direct_bytecode",300,4,0,0,0,0,0,1,,,,"time","procedure",,,"reused","success",4,4,0,"complete"
call,"rxfnsb._trace_mode_from_option","direct_bytecode",307,1,0,0,0,0,0,1,,,,"benchmark_rexxcps_levelb_noopt","procedure",,,"fresh","success",1,1,0,"complete"
call,"rxfnsb._trace_normalize_mode","direct_bytecode",18531,2,0,0,0,0,0,1,,,,"trace","procedure",,,"fresh","success",2,2,0,"complete"
call,"rxfnsb.strip","direct_bytecode",16152,1,0,0,0,0,0,3,,,,"trace","procedure",,,"fresh","success",1,1,0,"complete"
call,"rxfnsb.pos","direct_bytecode",16982,2,0,0,0,0,0,3,,,,"trace","procedure",,,"fresh","success",2,2,0,"complete"
call,"rxfnsb._trace_set","direct_bytecode",320,1,0,0,0,0,0,1,,,,"benchmark_rexxcps_levelb_noopt","procedure",,,"fresh","success",0,0,0,"complete"
call,"rxfnsb._trace_ensure_runtime","direct_bytecode",12341,1,0,0,0,0,0,0,,,,"trace","procedure",,,"fresh","success",0,0,0,"complete"
call,"rxfnsb.tracecontroller.add_suppressed_namespace","direct_bytecode",15746,1,0,0,0,0,0,2,,,,"trace","method",,,"fresh","success",1,1,1,"complete"
call,"rxfnsb.strip","direct_bytecode",5787,16,0,0,0,0,0,3,,,,"trace","procedure",,,"reused","success",16,16,0,"complete"
call,"rxfnsb.tracecontroller.add_suppressed_namespace","direct_bytecode",15768,1,0,0,0,0,0,2,,,,"trace","method",,,"reused","success",1,1,0,"complete"
call,"rxfnsb.tracecontroller.add_suppressed_namespace","direct_bytecode",15790,1,0,0,0,0,0,2,,,,"trace","method",,,"reused","success",1,1,0,"complete"
call,"rxfnsb.tracecontroller.add_suppressed_namespace","direct_bytecode",15812,1,0,0,0,0,0,2,,,,"trace","method",,,"reused","success",1,1,0,"complete"
call,"rxfnsb.tracecontroller.add_suppressed_namespace","direct_bytecode",15834,1,0,0,0,0,0,2,,,,"trace","method",,,"reused","success",1,1,0,"complete"
call,"rxfnsb.tracecontroller.add_suppressed_namespace","direct_bytecode",15856,1,0,0,0,0,0,2,,,,"trace","method",,,"reused","success",1,1,0,"complete"
call,"rxfnsb.tracecontroller.add_suppressed_namespace","direct_bytecode",15878,1,0,0,0,0,0,2,,,,"trace","method",,,"reused","success",1,1,0,"complete"
call,"rxfnsb.tracecontroller.add_suppressed_namespace","direct_bytecode",15900,1,0,0,0,0,0,2,,,,"trace","method",,,"reused","success",1,1,0,"complete"
call,"rxfnsb.tracecontroller.add_suppressed_namespace","direct_bytecode",15922,1,0,0,0,0,0,2,,,,"trace","method",,,"reused","success",1,1,0,"complete"
call,"rxfnsb.tracecontroller.add_suppressed_namespace","direct_bytecode",15944,1,0,0,0,0,0,2,,,,"trace","method",,,"reused","success",1,1,0,"complete"
call,"rxfnsb.tracecontroller.add_suppressed_namespace","direct_bytecode",15966,1,0,0,0,0,0,2,,,,"trace","method",,,"reused","success",1,1,0,"complete"
call,"rxfnsb.tracecontroller.add_suppressed_namespace","direct_bytecode",15988,1,0,0,0,0,0,2,,,,"trace","method",,,"reused","success",1,1,0,"complete"
call,"rxfnsb.tracecontroller.add_suppressed_namespace","direct_bytecode",16010,1,0,0,0,0,0,2,,,,"trace","method",,,"reused","success",1,1,0,"complete"
call,"rxfnsb.tracecontroller.add_suppressed_namespace","direct_bytecode",16032,1,0,0,0,0,0,2,,,,"trace","method",,,"reused","success",1,1,0,"complete"
call,"rxfnsb.tracecontroller.add_suppressed_namespace","direct_bytecode",16054,1,0,0,0,0,0,2,,,,"trace","method",,,"reused","success",1,1,0,"complete"
call,"rxfnsb.tracecontroller.add_suppressed_namespace","direct_bytecode",16076,1,0,0,0,0,0,2,,,,"trace","method",,,"reused","success",1,1,0,"complete"
call,"rxfnsb._trace_normalize_mode","direct_bytecode",12354,102,0,0,0,0,0,1,,,,"trace","procedure",,,"reused","success",102,102,0,"complete"
call,"rxfnsb.strip","direct_bytecode",16152,3,0,0,0,0,0,3,,,,"trace","procedure",,,"reused","success",3,3,0,"complete"
call,"rxfnsb.pos","direct_bytecode",16982,2,0,0,0,0,0,3,,,,"trace","procedure",,,"reused","success",2,2,0,"complete"
call,"rxfnsb._trace_current_mode","direct_bytecode",327,1,0,0,0,0,0,0,,,,"benchmark_rexxcps_levelb_noopt","procedure",,,"fresh","success",0,0,0,"complete"
call,"rxfnsb._trace_ensure_runtime","direct_bytecode",14273,200,0,0,0,0,0,0,,,,"trace","procedure",,,"reused","success",0,0,0,"complete"
call,"rexxcps_levelb.__rxtrace_reset_display_state","direct_bytecode",334,1,0,0,0,0,0,0,,,,"benchmark_rexxcps_levelb_noopt","procedure",,,"fresh","success",0,0,0,"complete"
call,"rxfnsb.time","direct_bytecode",387,2,0,0,0,0,0,1,,,,"benchmark_rexxcps_levelb_noopt","procedure",,,"reused","success",0,0,0,"complete"
call,"rxfnsb.substr","direct_bytecode",476,2,0,0,0,0,0,4,,,,"benchmark_rexxcps_levelb_noopt","procedure",,,"fresh","success",0,0,0,"complete"
call,"rxfnsb.stem.set","direct_bytecode",495,2,0,0,0,0,0,3,,,,"benchmark_rexxcps_levelb_noopt","method",,,"fresh","success",2,2,0,"complete"
call,"rxfnsb.stem.get","direct_bytecode",524,2,0,0,0,0,0,2,,,,"benchmark_rexxcps_levelb_noopt","method",,,"fresh","success",2,2,0,"complete"
call,"rxfnsb.stem.get","direct_bytecode",580,196,0,0,0,0,0,2,,,,"benchmark_rexxcps_levelb_noopt","method",,,"reused","success",196,196,0,"complete"
call,"rxfnsb.length","direct_bytecode",612,2,0,0,0,0,0,1,,,,"benchmark_rexxcps_levelb_noopt","procedure",,,"fresh","success",0,0,0,"complete"
call,"rxfnsb.substr","direct_bytecode",666,196,0,0,0,0,0,4,,,,"benchmark_rexxcps_levelb_noopt","procedure",,,"reused","success",0,0,0,"complete"
call,"rxfnsb.word","direct_bytecode",691,195,0,0,0,0,0,2,,,,"benchmark_rexxcps_levelb_noopt","procedure",,,"reused","success",195,195,0,"complete"
call,"rxfnsb.stem.get","direct_bytecode",751,196,0,0,0,0,0,2,,,,"benchmark_rexxcps_levelb_noopt","method",,,"reused","success",196,196,0,"complete"
call,"rxfnsb.stem.set","direct_bytecode",792,196,0,0,0,0,0,3,,,,"benchmark_rexxcps_levelb_noopt","method",,,"reused","success",196,196,0,"complete"
call,"rxfnsb.length","direct_bytecode",612,194,0,0,0,0,0,1,,,,"benchmark_rexxcps_levelb_noopt","procedure",,,"reused","success",0,0,0,"complete"
call,"rxfnsb.stem.set","direct_bytecode",844,98,0,0,0,0,0,3,,,,"benchmark_rexxcps_levelb_noopt","method",,,"reused","success",98,98,0,"complete"
call,"rxfnsb.stem.get","direct_bytecode",887,98,0,0,0,0,0,2,,,,"benchmark_rexxcps_levelb_noopt","method",,,"reused","success",98,98,0,"complete"
call,"rxfnsb.stem.get","direct_bytecode",1090,98,0,0,0,0,0,2,,,,"benchmark_rexxcps_levelb_noopt","method",,,"reused","success",98,98,0,"complete"
call,"rxfnsb.stem.get","direct_bytecode",1163,98,0,0,0,0,0,2,,,,"benchmark_rexxcps_levelb_noopt","method",,,"reused","success",98,98,0,"complete"
call,"rxfnsb.stem.set","direct_bytecode",1204,98,0,0,0,0,0,3,,,,"benchmark_rexxcps_levelb_noopt","method",,,"reused","success",98,98,0,"complete"
call,"rxfnsb.parseexec","direct_bytecode",1255,1,0,0,0,0,0,4,,,,"benchmark_rexxcps_levelb_noopt","procedure",,,"fresh","success",1,1,0,"complete"
call,"rxfnsb._trace_current_mode","direct_bytecode",1289,97,0,0,0,0,0,0,,,,"benchmark_rexxcps_levelb_noopt","procedure",,,"reused","success",0,0,0,"complete"
call,"rxfnsb._trace_mode_from_option","direct_bytecode",1299,97,0,0,0,0,0,1,,,,"benchmark_rexxcps_levelb_noopt","procedure",,,"reused","success",0,0,0,"complete"
call,"rxfnsb._trace_normalize_mode","direct_bytecode",18531,98,0,0,0,0,0,1,,,,"trace","procedure",,,"reused","success",98,98,0,"complete"
call,"rxfnsb._trace_set","direct_bytecode",1309,97,0,0,0,0,0,1,,,,"benchmark_rexxcps_levelb_noopt","procedure",,,"reused","success",0,0,0,"complete"
call,"rxfnsb._trace_ensure_runtime","direct_bytecode",12341,101,0,0,0,0,0,0,,,,"trace","procedure",,,"reused","success",0,0,0,"complete"
call,"rxfnsb._trace_current_mode","direct_bytecode",1316,98,0,0,0,0,0,0,,,,"benchmark_rexxcps_levelb_noopt","procedure",,,"reused","success",0,0,0,"complete"
call,"rexxcps_levelb.__rxtrace_reset_display_state","direct_bytecode",1323,97,0,0,0,0,0,0,,,,"benchmark_rexxcps_levelb_noopt","procedure",,,"reused","success",0,0,0,"complete"
call,"_rxsysb.addressenv","direct_bytecode",1376,2,0,0,0,0,0,1,,,,"benchmark_rexxcps_levelb_noopt","procedure",,,"fresh","success",0,0,0,"complete"
call,"_rxsysb._address_environment","direct_bytecode",15352,2,0,0,0,0,0,1,,,,"_address","procedure",,,"fresh","success",2,2,0,"complete"
call,"_rxsysb.ensure_address_runtime","direct_bytecode",13823,1,0,0,0,0,0,0,,,,"_address","procedure",,,"fresh","success",0,0,0,"complete"
call,"_rxsysb._ensure_address_environment","direct_bytecode",16944,1,0,0,0,0,0,1,,,,"_address","procedure",,,"fresh","success",0,0,0,"complete"
call,"_rxsysb.ensure_address_runtime","direct_bytecode",15628,6,0,0,0,0,0,0,,,,"_address","procedure",,,"fresh","success",0,0,0,"complete"
call,"rxfnsb.strip","direct_bytecode",15657,202,0,0,0,0,0,3,,,,"_address","procedure",,,"reused","success",202,202,0,"complete"
call,"rxfnsb.strip","direct_bytecode",15734,202,0,0,0,0,0,3,,,,"_address","procedure",,,"reused","success",202,202,0,"complete"
call,"_rxsysb.crexxaddressenvironment.§factory","dynamic_bytecode",15831,1,0,0,0,0,0,1,,,,"_address","factory",,,"fresh","success",0,0,0,"complete"
call,"rxfnsb.strip","direct_bytecode",5805,1,0,0,0,0,0,3,,,,"_address","procedure",,,"fresh","success",1,1,0,"complete"
call,"_rxsysb.crexxaddressenvironment.environment_id","dynamic_bytecode",15884,1,0,0,0,0,0,1,,,,"_address","method",,,"fresh","success",1,1,0,"complete"
call,"_rxsysb.crexxaddressenvironment.bind_environment","dynamic_bytecode",15916,1,0,0,0,0,0,3,,,,"_address","method",,,"fresh","success",3,3,0,"complete"
call,"rxfnsb.strip","direct_bytecode",5879,1,0,0,0,0,0,3,,,,"_address","procedure",,,"reused","success",1,1,0,"complete"
call,"_rxsysb._ensure_address_environment","direct_bytecode",16957,1,0,0,0,0,0,1,,,,"_address","procedure",,,"reused","success",0,0,0,"complete"
call,"_rxsysb.systemaddressenvironment.§factory","dynamic_bytecode",15831,3,0,0,0,0,0,1,,,,"_address","factory",,,"fresh","success",0,0,0,"complete"
call,"rxfnsb.strip","direct_bytecode",6320,3,0,0,0,0,0,3,,,,"_address","procedure",,,"fresh","success",3,3,0,"complete"
call,"_rxsysb.systemaddressenvironment.environment_id","dynamic_bytecode",15884,3,0,0,0,0,0,1,,,,"_address","method",,,"fresh","success",3,3,0,"complete"
call,"_rxsysb.systemaddressenvironment.bind_environment","dynamic_bytecode",15916,3,0,0,0,0,0,3,,,,"_address","method",,,"fresh","success",9,9,0,"complete"
call,"rxfnsb.strip","direct_bytecode",6394,3,0,0,0,0,0,3,,,,"_address","procedure",,,"reused","success",3,3,0,"complete"
call,"_rxsysb._ensure_address_environment","direct_bytecode",16970,1,0,0,0,0,0,1,,,,"_address","procedure",,,"reused","success",0,0,0,"complete"
call,"_rxsysb._ensure_address_environment","direct_bytecode",16983,1,0,0,0,0,0,1,,,,"_address","procedure",,,"reused","success",0,0,0,"complete"
call,"_rxsysb._ensure_address_environment","direct_bytecode",16996,1,0,0,0,0,0,1,,,,"_address","procedure",,,"reused","success",0,0,0,"complete"
call,"_rxsysb.shelladdressenvironment.§factory","dynamic_bytecode",15831,1,0,0,0,0,0,1,,,,"_address","factory",,,"fresh","success",0,0,0,"complete"
call,"rxfnsb.strip","direct_bytecode",6818,1,0,0,0,0,0,3,,,,"_address","procedure",,,"fresh","success",1,1,0,"complete"
call,"_rxsysb.shelladdressenvironment.environment_id","dynamic_bytecode",15884,1,0,0,0,0,0,1,,,,"_address","method",,,"fresh","success",1,1,0,"complete"
call,"_rxsysb.shelladdressenvironment.bind_environment","dynamic_bytecode",15916,1,0,0,0,0,0,3,,,,"_address","method",,,"fresh","success",3,3,0,"complete"
call,"rxfnsb.strip","direct_bytecode",6892,1,0,0,0,0,0,3,,,,"_address","procedure",,,"reused","success",1,1,0,"complete"
call,"_rxsysb._ensure_address_environment","direct_bytecode",17009,1,0,0,0,0,0,1,,,,"_address","procedure",,,"reused","success",0,0,0,"complete"
call,"_rxsysb.pathaddressenvironment.§factory","dynamic_bytecode",15831,1,0,0,0,0,0,1,,,,"_address","factory",,,"fresh","success",0,0,0,"complete"
call,"rxfnsb.strip","direct_bytecode",7316,1,0,0,0,0,0,3,,,,"_address","procedure",,,"fresh","success",1,1,0,"complete"
call,"_rxsysb.pathaddressenvironment.environment_id","dynamic_bytecode",15884,1,0,0,0,0,0,1,,,,"_address","method",,,"fresh","success",1,1,0,"complete"
call,"_rxsysb.pathaddressenvironment.bind_environment","dynamic_bytecode",15916,1,0,0,0,0,0,3,,,,"_address","method",,,"fresh","success",3,3,0,"complete"
call,"rxfnsb.strip","direct_bytecode",7390,1,0,0,0,0,0,3,,,,"_address","procedure",,,"reused","success",1,1,0,"complete"
call,"rxfnsb.strip","direct_bytecode",13847,98,0,0,0,0,0,3,,,,"_address","procedure",,,"reused","success",98,98,0,"complete"
call,"_rxsysb._current_address_environment","direct_bytecode",13876,1,0,0,0,0,0,0,,,,"_address","procedure",,,"fresh","success",0,0,0,"complete"
call,"_rxsysb.ensure_address_runtime","direct_bytecode",16543,195,0,0,0,0,0,0,,,,"_address","procedure",,,"reused","success",0,0,0,"complete"
call,"_rxsysb._ensure_address_environment","direct_bytecode",13889,98,0,0,0,0,0,1,,,,"_address","procedure",,,"reused","success",98,98,0,"complete"
call,"_rxsysb.ensure_address_runtime","direct_bytecode",15628,196,0,0,0,0,0,0,,,,"_address","procedure",,,"reused","success",0,0,0,"complete"
call,"rxfnsb.strip","direct_bytecode",14006,98,0,0,0,0,0,3,,,,"_address","procedure",,,"reused","success",98,98,0,"complete"
call,"_rxsysb.crexxaddressenvironment.environment_name","dynamic_bytecode",1390,1,0,0,0,0,0,1,,,,"benchmark_rexxcps_levelb_noopt","method",,,"fresh","success",0,0,0,"complete"
call,"_rxsysb._noredir","direct_bytecode",1397,2,0,0,0,0,0,0,,,,"benchmark_rexxcps_levelb_noopt","procedure",,,"fresh","success",0,0,0,"complete"
call,"_rxsysb._noredir","direct_bytecode",1404,98,0,0,0,0,0,0,,,,"benchmark_rexxcps_levelb_noopt","procedure",,,"reused","success",0,0,0,"complete"
call,"_rxsysb._noredir","direct_bytecode",1411,98,0,0,0,0,0,0,,,,"benchmark_rexxcps_levelb_noopt","procedure",,,"reused","success",0,0,0,"complete"
call,"_rxsysb._address","direct_bytecode",1433,1,0,0,0,0,0,5,,,,"benchmark_rexxcps_levelb_noopt","procedure",,,"fresh","success",0,0,0,"complete"
call,"_rxsysb.ensure_address_runtime","direct_bytecode",9012,98,0,0,0,0,0,0,,,,"_address","procedure",,,"reused","success",0,0,0,"complete"
call,"rxfnsb.strip","direct_bytecode",9036,98,0,0,0,0,0,3,,,,"_address","procedure",,,"reused","success",98,98,0,"complete"
call,"_rxsysb._set_address_environment","direct_bytecode",9071,1,0,0,0,0,0,1,,,,"_address","procedure",,,"fresh","success",1,1,0,"complete"
call,"_rxsysb.ensure_address_runtime","direct_bytecode",16316,98,0,0,0,0,0,0,,,,"_address","procedure",,,"reused","success",0,0,0,"complete"
call,"rxfnsb.strip","direct_bytecode",16345,98,0,0,0,0,0,3,,,,"_address","procedure",,,"reused","success",98,98,0,"complete"
call,"_rxsysb._ensure_address_environment","direct_bytecode",16406,98,0,0,0,0,0,1,,,,"_address","procedure",,,"reused","success",98,98,0,"complete"
call,"_rxsysb.unknownaddressenvironment.§factory","dynamic_bytecode",15831,1,0,0,0,0,0,1,,,,"_address","factory",,,"fresh","success",0,0,0,"complete"
call,"rxfnsb.strip","direct_bytecode",7760,1,0,0,0,0,0,3,,,,"_address","procedure",,,"fresh","success",1,1,0,"complete"
call,"_rxsysb.unknownaddressenvironment.environment_id","dynamic_bytecode",15884,1,0,0,0,0,0,1,,,,"_address","method",,,"fresh","success",1,1,0,"complete"
call,"_rxsysb.unknownaddressenvironment.bind_environment","dynamic_bytecode",15916,1,0,0,0,0,0,3,,,,"_address","method",,,"fresh","success",3,3,0,"complete"
call,"rxfnsb.strip","direct_bytecode",7834,1,0,0,0,0,0,3,,,,"_address","procedure",,,"reused","success",1,1,0,"complete"
call,"rxfnsb.strip","direct_bytecode",16444,98,0,0,0,0,0,3,,,,"_address","procedure",,,"reused","success",98,98,0,"complete"
call,"_rxsysb._current_address_environment","direct_bytecode",9087,1,0,0,0,0,0,0,,,,"_address","procedure",,,"fresh","success",0,0,0,"complete"
call,"_rxsysb.ensure_address_runtime","direct_bytecode",16543,1,0,0,0,0,0,0,,,,"_address","procedure",,,"fresh","success",0,0,0,"complete"
call,"_rxsysb.dispatch_address_request","direct_bytecode",9470,1,0,0,0,0,0,1,,,,"_address","procedure",,,"fresh","success",1,1,0,"complete"
call,"_rxsysb.ensure_address_runtime","direct_bytecode",17721,98,0,0,0,0,0,0,,,,"_address","procedure",,,"reused","success",0,0,0,"complete"
call,"rxfnsb.strip","direct_bytecode",17759,98,0,0,0,0,0,3,,,,"_address","procedure",,,"reused","success",98,98,0,"complete"
call,"rxfnsb.strip","direct_bytecode",17817,98,0,0,0,0,0,3,,,,"_address","procedure",,,"reused","success",98,98,0,"complete"
call,"rxfnsb._trace_command_before","direct_bytecode",18224,1,0,0,0,0,0,2,,,,"_address","procedure",,,"fresh","success",2,2,0,"complete"
call,"rxfnsb._trace_ensure_runtime","direct_bytecode",19561,1,0,0,0,0,0,0,,,,"trace","procedure",,,"fresh","success",0,0,0,"complete"
call,"_rxsysb.unknownaddressenvironment.execute","dynamic_bytecode",18253,1,0,0,0,0,0,2,,,,"_address","method",,,"fresh","success",2,2,0,"complete"
call,"rxfnsb._trace_command_after","direct_bytecode",18329,1,0,0,0,0,0,4,,,,"_address","procedure",,,"fresh","success",4,4,0,"complete"
call,"rxfnsb._trace_ensure_runtime","direct_bytecode",19798,98,0,0,0,0,0,0,,,,"trace","procedure",,,"reused","success",0,0,0,"complete"
call,"rxfnsb.upper","direct_bytecode",1443,1,0,0,0,0,0,1,,,,"benchmark_rexxcps_levelb_noopt","procedure",,,"fresh","success",0,0,0,"complete"
call,"rxfnsb.upper","direct_bytecode",1453,98,0,0,0,0,0,1,,,,"benchmark_rexxcps_levelb_noopt","procedure",,,"reused","success",0,0,0,"complete"
call,"rxfnsb.upper","direct_bytecode",1463,98,0,0,0,0,0,1,,,,"benchmark_rexxcps_levelb_noopt","procedure",,,"reused","success",0,0,0,"complete"
call,"rxfnsb.upper","direct_bytecode",1492,98,0,0,0,0,0,1,,,,"benchmark_rexxcps_levelb_noopt","procedure",,,"reused","success",0,0,0,"complete"
call,"rexxcps_levelb.cps_subroutine","direct_bytecode",1511,1,0,0,0,0,0,4,,,,"benchmark_rexxcps_levelb_noopt","procedure",,,"fresh","success",0,0,0,"complete"
call,"rxfnsb.parseexec","direct_bytecode",2301,1,0,0,0,0,0,4,,,,"benchmark_rexxcps_levelb_noopt","procedure",,,"fresh","success",1,1,0,"complete"
call,"rxfnsb.parseexec","direct_bytecode",2404,98,0,0,0,0,0,4,,,,"benchmark_rexxcps_levelb_noopt","procedure",,,"reused","success",98,98,0,"complete"
call,"rxfnsb._stream_span","direct_bytecode",5606,1,0,0,0,0,0,3,,,,"parseExec","procedure",,,"fresh","success",2,2,0,"complete"
call,"rxfnsb.parseexec","direct_bytecode",1550,98,0,0,0,0,0,4,,,,"benchmark_rexxcps_levelb_noopt","procedure",,,"reused","success",98,98,0,"complete"
call,"rxfnsb._stream_span","direct_bytecode",5606,489,0,0,0,0,0,3,,,,"parseExec","procedure",,,"reused","success",978,978,0,"complete"
call,"rxfnsb.parseexec","direct_bytecode",1628,98,0,0,0,0,0,4,,,,"benchmark_rexxcps_levelb_noopt","procedure",,,"reused","success",98,98,0,"complete"
call,"rxfnsb.parseexec","direct_bytecode",1706,98,0,0,0,0,0,4,,,,"benchmark_rexxcps_levelb_noopt","procedure",,,"reused","success",98,98,0,"complete"
call,"rxfnsb.parseexec","direct_bytecode",1784,98,0,0,0,0,0,4,,,,"benchmark_rexxcps_levelb_noopt","procedure",,,"reused","success",98,98,0,"complete"
call,"rxfnsb.word","direct_bytecode",691,1,0,0,0,0,0,2,,,,"benchmark_rexxcps_levelb_noopt","procedure",,,"fresh","success",1,1,0,"complete"
call,"rxfnsb.stem.get","direct_bytecode",985,91,0,0,0,0,0,2,,,,"benchmark_rexxcps_levelb_noopt","method",,,"reused","success",91,91,0,"complete"
call,"rxfnsb.stem.set","direct_bytecode",1026,91,0,0,0,0,0,3,,,,"benchmark_rexxcps_levelb_noopt","method",,,"reused","success",91,91,0,"complete"
call,"rxfnsb.parseexec","direct_bytecode",1255,97,0,0,0,0,0,4,,,,"benchmark_rexxcps_levelb_noopt","procedure",,,"reused","success",97,97,0,"complete"
call,"rxfnsb._trace_current_mode","direct_bytecode",1289,1,0,0,0,0,0,0,,,,"benchmark_rexxcps_levelb_noopt","procedure",,,"fresh","success",0,0,0,"complete"
call,"rxfnsb._trace_mode_from_option","direct_bytecode",1299,1,0,0,0,0,0,1,,,,"benchmark_rexxcps_levelb_noopt","procedure",,,"fresh","success",0,0,0,"complete"
call,"rxfnsb._trace_set","direct_bytecode",1309,1,0,0,0,0,0,1,,,,"benchmark_rexxcps_levelb_noopt","procedure",,,"fresh","success",0,0,0,"complete"
call,"rexxcps_levelb.__rxtrace_reset_display_state","direct_bytecode",1323,1,0,0,0,0,0,0,,,,"benchmark_rexxcps_levelb_noopt","procedure",,,"fresh","success",0,0,0,"complete"
call,"_rxsysb.ensure_address_runtime","direct_bytecode",13823,97,0,0,0,0,0,0,,,,"_address","procedure",,,"reused","success",0,0,0,"complete"
call,"_rxsysb._current_address_environment","direct_bytecode",13876,97,0,0,0,0,0,0,,,,"_address","procedure",,,"reused","success",0,0,0,"complete"
call,"_rxsysb.unknownaddressenvironment.environment_name","dynamic_bytecode",1390,1,0,0,0,0,0,1,,,,"benchmark_rexxcps_levelb_noopt","method",,,"fresh","success",0,0,0,"complete"
call,"_rxsysb._address","direct_bytecode",1433,97,0,0,0,0,0,5,,,,"benchmark_rexxcps_levelb_noopt","procedure",,,"reused","success",0,0,0,"complete"
call,"_rxsysb._set_address_environment","direct_bytecode",9071,97,0,0,0,0,0,1,,,,"_address","procedure",,,"reused","success",97,97,0,"complete"
call,"_rxsysb._current_address_environment","direct_bytecode",9087,97,0,0,0,0,0,0,,,,"_address","procedure",,,"reused","success",0,0,0,"complete"
call,"_rxsysb.dispatch_address_request","direct_bytecode",9470,97,0,0,0,0,0,1,,,,"_address","procedure",,,"reused","success",97,97,0,"complete"
call,"rxfnsb._trace_command_before","direct_bytecode",18224,97,0,0,0,0,0,2,,,,"_address","procedure",,,"reused","success",194,194,0,"complete"
call,"rxfnsb._trace_ensure_runtime","direct_bytecode",19561,97,0,0,0,0,0,0,,,,"trace","procedure",,,"reused","success",0,0,0,"complete"
call,"_rxsysb.unknownaddressenvironment.execute","dynamic_bytecode",18253,97,0,0,0,0,0,2,,,,"_address","method",,,"reused","success",194,194,0,"complete"
call,"rxfnsb._trace_command_after","direct_bytecode",18329,97,0,0,0,0,0,4,,,,"_address","procedure",,,"reused","success",388,388,0,"complete"
call,"rxfnsb.upper","direct_bytecode",1443,97,0,0,0,0,0,1,,,,"benchmark_rexxcps_levelb_noopt","procedure",,,"reused","success",0,0,0,"complete"
call,"rexxcps_levelb.cps_subroutine","direct_bytecode",1511,97,0,0,0,0,0,4,,,,"benchmark_rexxcps_levelb_noopt","procedure",,,"reused","success",0,0,0,"complete"
call,"rxfnsb.parseexec","direct_bytecode",2301,97,0,0,0,0,0,4,,,,"benchmark_rexxcps_levelb_noopt","procedure",,,"reused","success",97,97,0,"complete"
call,"rxfnsb.substr","direct_bytecode",476,96,0,0,0,0,0,4,,,,"benchmark_rexxcps_levelb_noopt","procedure",,,"reused","success",0,0,0,"complete"
call,"rxfnsb.stem.set","direct_bytecode",495,96,0,0,0,0,0,3,,,,"benchmark_rexxcps_levelb_noopt","method",,,"reused","success",96,96,0,"complete"
call,"rxfnsb.stem.get","direct_bytecode",524,96,0,0,0,0,0,2,,,,"benchmark_rexxcps_levelb_noopt","method",,,"reused","success",96,96,0,"complete"
call,"_rxsysb.addressenv","direct_bytecode",1376,96,0,0,0,0,0,1,,,,"benchmark_rexxcps_levelb_noopt","procedure",,,"reused","success",0,0,0,"complete"
call,"_rxsysb._address_environment","direct_bytecode",15352,96,0,0,0,0,0,1,,,,"_address","procedure",,,"reused","success",96,96,0,"complete"
call,"_rxsysb.unknownaddressenvironment.environment_name","dynamic_bytecode",1390,96,0,0,0,0,0,1,,,,"benchmark_rexxcps_levelb_noopt","method",,,"reused","success",0,0,0,"complete"
call,"_rxsysb._noredir","direct_bytecode",1397,96,0,0,0,0,0,0,,,,"benchmark_rexxcps_levelb_noopt","procedure",,,"reused","success",0,0,0,"complete"
call,"rxfnsb.time","direct_bytecode",1874,1,0,0,0,0,0,1,,,,"benchmark_rexxcps_levelb_noopt","procedure",,,"fresh","success",0,0,0,"complete"
call,"rxfnsb._trace_set","direct_bytecode",1897,2,0,0,0,0,0,1,,,,"benchmark_rexxcps_levelb_noopt","procedure",,,"reused","success",0,0,0,"complete"
call,"rxfnsb._trace_current_mode","direct_bytecode",1904,2,0,0,0,0,0,0,,,,"benchmark_rexxcps_levelb_noopt","procedure",,,"reused","success",0,0,0,"complete"
call,"rexxcps_levelb.__rxtrace_reset_display_state","direct_bytecode",1911,2,0,0,0,0,0,0,,,,"benchmark_rexxcps_levelb_noopt","procedure",,,"reused","success",0,0,0,"complete"
call,"rxfnsb.trunc","direct_bytecode",2020,1,0,0,0,0,0,2,,,,"benchmark_rexxcps_levelb_noopt","procedure",,,"fresh","success",0,0,0,"complete"
call,"rxfnsb._trace_mode_from_option","direct_bytecode",307,1,0,0,0,0,0,1,,,,"benchmark_rexxcps_levelb_noopt","procedure",,,"reused","success",1,1,0,"complete"
call,"rxfnsb._trace_set","direct_bytecode",320,1,0,0,0,0,0,1,,,,"benchmark_rexxcps_levelb_noopt","procedure",,,"reused","success",0,0,0,"complete"
call,"rxfnsb._trace_current_mode","direct_bytecode",327,1,0,0,0,0,0,0,,,,"benchmark_rexxcps_levelb_noopt","procedure",,,"reused","success",0,0,0,"complete"
call,"rexxcps_levelb.__rxtrace_reset_display_state","direct_bytecode",334,1,0,0,0,0,0,0,,,,"benchmark_rexxcps_levelb_noopt","procedure",,,"reused","success",0,0,0,"complete"
call,"rxfnsb.time","direct_bytecode",1874,1,0,0,0,0,0,1,,,,"benchmark_rexxcps_levelb_noopt","procedure",,,"reused","success",0,0,0,"complete"
call,"rxfnsb.format","direct_bytecode",2092,1,0,0,0,0,0,5,,,,"benchmark_rexxcps_levelb_noopt","procedure",,,"fresh","success",1,1,0,"complete"
call,"rxfnsb.left","direct_bytecode",2140,1,0,0,0,0,0,3,,,,"benchmark_rexxcps_levelb_noopt","procedure",,,"fresh","success",1,1,0,"complete"
call,"rxfnsb.format","direct_bytecode",2233,1,0,0,0,0,0,5,,,,"benchmark_rexxcps_levelb_noopt","procedure",,,"reused","success",0,0,0,"complete"
