rank,count,sites,modules,symbols,status,pattern,mapping,example_module,example_start
1,5378800,34,1,4,candidate,"NULL_REG(r1) | NULL_REG(r2) | NULL_REG(r3) | NULL_REG(r4)","r1=R40;r2=R41;r3=R42;r4=R43","benchmark_rexxcps_levelb_noopt",545
2,937900,4,1,4,candidate,"CONCAT_REG_REG_REG(r1,r2,r3) | STEMGET_REG_REG_REG(r2,r4,r1) | SCOPY_REG_REG(r1,r2) | STOD_REG(r1)","r1=R81;r2=R78;r3=R60;r4=R0","benchmark_rexxcps_levelb_noopt",704
3,937900,4,1,4,candidate,"ITOS_REG(r1) | CONCAT_REG_REG_REG(r2,r3,r1) | STEMGET_REG_REG_REG(r3,r4,r2) | SCOPY_REG_REG(r2,r3)","r1=R60;r2=R81;r3=R78;r4=R0","benchmark_rexxcps_levelb_noopt",702
4,791000,3,1,6,candidate,"CONCAT_REG_REG_STRING(r1,r2,c1) | ITOS_REG(r3) | CONCAT_REG_REG_REG(r4,r1,r3) | STEMGET_REG_REG_REG(r1,r5,r4)","r1=R79;r2=R59;c1=string@38320;r3=R60;r4=R82;r5=R0","benchmark_rexxcps_levelb_noopt",650
5,791000,5,1,7,candidate,"PARSEWORDS3_REG_REG_REG_REG(r1,r2,r3,r4) | SCOPY_REG_REG(r5,r1) | SCOPY_REG_REG(r6,r2) | SCOPY_REG_REG(r7,r3)","r1=R41;r2=R46;r3=R50;r4=R55;r5=R61;r6=R37;r7=R65","benchmark_rexxcps_levelb_noopt",1269
6,791000,5,1,7,candidate,"SCOPY_REG_REG(r1,r2) | PARSEWORDS3_REG_REG_REG_REG(r3,r4,r5,r1) | SCOPY_REG_REG(r6,r3) | SCOPY_REG_REG(r7,r4)","r1=R55;r2=R69;r3=R41;r4=R46;r5=R50;r6=R61;r7=R37","benchmark_rexxcps_levelb_noopt",1266
7,768400,5,1,5,candidate,"CONCAT_REG_REG_STRING(r1,r1,c1) | LOAD_REG_INT(r2,c2) | ITOS_REG(r2) | CONCAT_REG_REG_REG(r3,r1,r2)","r1=R76;c1=string@38320;r2=R74;c2=int:2;r3=R79","benchmark_rexxcps_levelb_noopt",976
8,632804,3,2,5,candidate,"LOAD_REG_INT(r1,c1) | LOAD_REG_INT(r2,c1) | LOAD_REG_INT(r3,c1) | LOAD_REG_INT(r4,c1)","r1=R12;c1=int:0;r2=R31;r3=R39;r4=R38","_typedformat",190
9,632800,4,1,7,candidate,"LOAD_REG_STRING(r1,c1) | SCOPY_REG_REG(r2,r1) | PARSEWORDS3_REG_REG_REG_REG(r3,r4,r5,r2) | SCOPY_REG_REG(r6,r3)","r1=R69;c1=string@58352;r2=R55;r3=R41;r4=R46;r5=R50;r6=R61","benchmark_rexxcps_levelb_noopt",1263
10,632800,1,1,5,candidate,"NUMSCI_INT_INT_INT(c1,c2,c2) | LOAD_REG_STRING(r1,c3) | STRUPPER_REG_REG(r1,r2) | RET_REG(r1)","c1=int:18;c2=int:1;r1=R0;c3=string@28856;r2=R3","upper",0
11,621500,4,1,5,candidate,"LOAD_REG_INT(r1,c1) | ITOS_REG(r1) | CONCAT_REG_REG_REG(r2,r3,r1) | STEMGET_REG_REG_REG(r3,r4,r2)","r1=R80;c1=int:2;r2=R86;r3=R81;r4=R2","benchmark_rexxcps_levelb_noopt",920
12,610200,4,1,4,candidate,"ITOS_REG(r1) | CONCAT_REG_REG_STRING(r1,r1,c1) | LOAD_REG_INT(r2,c2) | ITOS_REG(r2)","r1=R76;c1=string@38320;r2=R74;c2=int:2","benchmark_rexxcps_levelb_noopt",974
13,610200,4,1,5,candidate,"LOAD_REG_INT(r1,c1) | ITOS_REG(r1) | CONCAT_REG_REG_STRING(r1,r1,c2) | LOAD_REG_INT(r2,c3)","r1=R76;c1=int:1;c2=string@38320;r2=R74;c3=int:2","benchmark_rexxcps_levelb_noopt",971
14,475434,5,4,7,candidate,"BRTPANDT_ID_REG_INT(c1,r1,c2) | LOAD_REG_STRING(r2,c3) | SETTP_REG_INT(r2,c4) | BR_ID(c5)","c1=label@31;r1=R15;c2=int:256;r2=R1;c3=string@312872;c4=int:0;c5=label@46","left",19
15,475000,2,2,7,candidate,"IGT_REG_REG_INT(r1,r2,c1) | BRF_ID_REG(c2,r1) | IEQ_REG_REG_INT(r3,r4,c1) | BRF_ID_REG(c3,r3)","r1=R30;r2=R19;c1=int:0;c2=label@12848;r3=R31;r4=R2;c3=label@12819","trace",12801
16,475000,2,2,8,candidate,"LOAD_REG_INT(r1,c1) | LOAD_REG_STRING(r2,c2) | ILT_REG_REG_INT(r3,r4,c3) | BRF_ID_REG(c4,r3)","r1=R16;c1=int:0;r2=R12;c2=string@28856;r3=R30;r4=R3;c3=int:1;c4=label@12760","trace",12744
17,475000,2,2,8,candidate,"STRLEN_REG_REG(r1,r2) | ISUB_REG_REG_INT(r3,r4,c1) | ISUB_REG_REG_REG(r5,r1,r3) | BGE_ID_REG_INT(c2,r5,c3)","r1=R29;r2=R0;r3=R2;r4=R3;c1=int:1;r5=R21;c2=label@12791;c3=int:0","trace",12773
18,474600,1,1,8,candidate,"DLT_REG_REG_DECIMAL(r1,r2,c1) | BRT_ID_REG(c2,r1) | DGT_REG_REG_REG(r1,r3,r4) | BRTF_ID_ID_REG(c3,c4,r1)","r1=R82;r2=R8;c1=decimal@40832;c2=label@691;r3=R17;r4=R10;c3=label@896;c4=label@698","benchmark_rexxcps_levelb_noopt",676
19,474600,1,1,10,candidate,"GETANDTP_REG_REG_INT(r1,r2,c1) | LOAD_REG_INT(r3,c2) | LOAD_REG_STRING(r4,c3) | ILT_REG_REG_INT(r5,r6,c4)","r1=R3;r2=R20;c1=int:256;r3=R6;c2=int:0;r4=R9;c3=string@28856;r5=R14;r6=R19;c4=int:1","substr",61
20,474600,2,1,7,candidate,"LOAD_REG_INT(r1,c1) | LOAD_REG_INT(r2,c2) | SETTP_REG_INT(r3,c3) | SETTP_REG_INT(r1,c4)","r1=R81;c1=int:2;r2=R78;c2=int:4;r3=R79;c3=int:768;c4=int:256","benchmark_rexxcps_levelb_noopt",628
21,474600,2,1,10,candidate,"LOAD_REG_INT(r1,c1) | SETTP_REG_INT(r2,c2) | SETTP_REG_INT(r3,c3) | SETTPCALL_REG_FUNC_REG_REG_INT(r4,c4,r1,r5,c5)","r1=R78;c1=int:4;r2=R79;c2=int:768;r3=R81;c3=int:256;r4=R77;c4=func@38880;r5=R82;c5=int:512","benchmark_rexxcps_levelb_noopt",631
22,474600,1,1,9,candidate,"NULLN_REG_REG(r1,r2) | GETANDTP_REG_REG_INT(r3,r4,c1) | LOAD_REG_INT(r5,c2) | LOAD_REG_STRING(r6,c3)","r1=R11;r2=R13;r3=R3;r4=R20;c1=int:256;r5=R6;c2=int:0;r6=R9;c3=string@28856","substr",58
23,474600,1,1,11,candidate,"NULLN_REG_REG_REG_REG(r1,r2,r3,r4) | NULLN_REG_REG(r5,r6) | GETANDTP_REG_REG_INT(r7,r8,c1) | LOAD_REG_INT(r9,c2)","r1=R0;r2=R5;r3=R7;r4=R8;r5=R11;r6=R13;r7=R3;r8=R20;c1=int:256;r9=R6;c2=int:0","substr",53
24,474600,3,1,8,candidate,"SCOPY_REG_REG(r1,r2) | LOAD_REG_STRING(r3,c1) | SCOPY_REG_REG(r4,r3) | PARSEWORDS3_REG_REG_REG_REG(r5,r6,r7,r4)","r1=R65;r2=R50;r3=R69;c1=string@60776;r4=R56;r5=R42;r6=R47;r7=R51","benchmark_rexxcps_levelb_noopt",1280
25,474600,3,1,7,candidate,"SCOPY_REG_REG(r1,r2) | SCOPY_REG_REG(r3,r4) | LOAD_REG_STRING(r5,c1) | SCOPY_REG_REG(r6,r5)","r1=R37;r2=R46;r3=R65;r4=R50;r5=R69;c1=string@60776;r6=R56","benchmark_rexxcps_levelb_noopt",1277
26,474600,3,1,8,candidate,"SCOPY_REG_REG(r1,r2) | SCOPY_REG_REG(r3,r4) | SCOPY_REG_REG(r5,r6) | LOAD_REG_STRING(r7,c1)","r1=R61;r2=R41;r3=R37;r4=R46;r5=R65;r6=R50;r7=R69;c1=string@60776","benchmark_rexxcps_levelb_noopt",1274
27,474600,1,1,8,candidate,"SETSTRPOS_REG_REG(r1,r2) | SUBSTRING_REG_REG_REG(r3,r1,r4) | ISUB_REG_REG_REG(r5,r6,r4) | BLE_ID_REG_INT(c1,r5,c2)","r1=R12;r2=R11;r3=R9;r4=R1;r5=R8;r6=R20;c1=label@235;c2=int:0","substr",212
28,317216,3,3,7,candidate,"IEQ_REG_REG_INT(r1,r2,c1) | BRF_ID_REG(c2,r1) | IEQ_REG_REG_REG(r1,r3,r4) | BRF_ID_REG(c3,r1)","r1=R31;r2=R2;c1=int:0;c2=label@12819;r3=R19;r4=R29;c3=label@12830","trace",12808
29,316818,3,3,7,candidate,"NUMSCI_INT_INT_INT(c1,c2,c2) | BRTPANDT_ID_REG_INT(c3,r1,c4) | SCOPY_REG_REG(r2,r1) | BR_ID(c5)","c1=int:18;c2=int:1;c3=label@13;r1=R13;c4=int:512;r2=R8;c5=label@16","left",0
30,316800,2,2,8,candidate,"BRF_ID_REG(c1,r1) | IEQ_REG_REG_INT(r2,r3,c2) | BRF_ID_REG(c3,r2) | IEQ_REG_REG_REG(r2,r4,r5)","c1=label@12848;r1=R30;r2=R31;r3=R2;c2=int:0;c3=label@12819;r4=R19;r5=R29","trace",12805
31,316402,3,1,7,candidate,"LOAD_REG_INT(r1,c1) | LOAD_REG_INT(r2,c2) | SETTP_REG_INT(r3,c3) | SWAP_REG_REG(r4,r3)","r1=R33;c1=int:1;r2=R31;c2=int:2;r3=R24;c3=int:256;r4=R32","benchmark_rexxcps_levelb_noopt",184
32,316401,1,1,8,candidate,"BRF_ID_REG(c1,r1) | FNDNBLNK_REG_REG_REG(r2,r3,r4) | ILT_REG_REG_INT(r5,r2,c2) | BRF_ID_REG(c3,r5)","c1=label@130;r1=R9;r2=R7;r3=R3;r4=R2;r5=R10;c2=int:0;c3=label@78","word",62
33,316401,1,1,9,candidate,"FNDBLNK_REG_REG_REG(r1,r2,r3) | IEQ_REG_REG_REG(r4,r5,r6) | BRF_ID_REG(c1,r4) | ILT_REG_REG_INT(r7,r1,c2)","r1=R5;r2=R3;r3=R7;r4=R10;r5=R0;r6=R14;c1=label@116;r7=R11;c2=int:0","word",82
34,316401,1,1,8,candidate,"IADD_REG_REG_INT(r1,r1,c1) | FNDBLNK_REG_REG_REG(r2,r3,r4) | IEQ_REG_REG_REG(r5,r1,r6) | BRF_ID_REG(c2,r5)","r1=R0;c1=int:1;r2=R5;r3=R3;r4=R7;r5=R10;r6=R14;c2=label@116","word",78
35,316401,1,1,8,candidate,"IEQ_REG_REG_REG(r1,r2,r3) | BRF_ID_REG(c1,r1) | ILT_REG_REG_INT(r4,r5,c2) | BRF_ID_REG(c3,r4)","r1=R10;r2=R0;r3=R14;c1=label@116;r4=R11;r5=R5;c2=int:0;c3=label@103","word",86
36,316401,1,1,8,candidate,"ILT_REG_REG_REG(r1,r2,r3) | BRF_ID_REG(c1,r1) | FNDNBLNK_REG_REG_REG(r4,r5,r2) | ILT_REG_REG_INT(r6,r4,c2)","r1=R9;r2=R2;r3=R4;c1=label@130;r4=R7;r5=R3;r6=R10;c2=int:0","word",58
37,316401,1,1,5,candidate,"ISUB_REG_REG_REG(r1,r2,r3) | SETSTRPOS_REG_REG(r4,r3) | SUBSTRING_REG_REG_REG(r5,r4,r1) | RET_REG(r5)","r1=R6;r2=R5;r3=R7;r4=R3;r5=R1","word",103
38,316401,1,1,6,candidate,"LOAD_REG_INT(r1,c1) | LOAD_REG_INT(r2,c1) | LOAD_REG_INT(r3,c1) | LOAD_REG_STRING(r4,c2)","r1=R7;c1=int:0;r2=R5;r3=R6;r4=R1;c2=string@28856","word",46
39,316401,1,1,8,candidate,"LOAD_REG_INT(r1,c1) | LOAD_REG_INT(r2,c1) | LOAD_REG_STRING(r3,c2) | ILT_REG_REG_REG(r4,r5,r6)","r1=R5;c1=int:0;r2=R6;r3=R1;c2=string@28856;r4=R9;r5=R2;r6=R4","word",49
40,316401,1,1,8,candidate,"LOAD_REG_INT(r1,c1) | LOAD_REG_STRING(r2,c2) | ILT_REG_REG_REG(r3,r4,r5) | BRF_ID_REG(c3,r3)","r1=R6;c1=int:0;r2=R1;c2=string@28856;r3=R9;r4=R2;r5=R4;c3=label@130","word",52
41,316401,2,1,7,candidate,"LOAD_REG_INT(r1,c1) | SETTP_REG_INT(r2,c2) | SWAP_REG_REG(r3,r2) | CALL_REG_FUNC_REG(r4,c3,r1)","r1=R31;c1=int:2;r2=R24;c2=int:256;r3=R32;r4=R20;c3=func@10736","benchmark_rexxcps_levelb_noopt",187
42,316401,1,1,8,candidate,"LOAD_REG_STRING(r1,c1) | ILT_REG_REG_REG(r2,r3,r4) | BRF_ID_REG(c2,r2) | FNDNBLNK_REG_REG_REG(r5,r6,r3)","r1=R1;c1=string@28856;r2=R9;r3=R2;r4=R4;c2=label@130;r5=R7;r6=R3","word",55
43,316400,1,1,7,candidate,"BRF_ID_REG(c1,r1) | CONCAT_REG_REG_STRING(r2,r3,c2) | ITOS_REG(r4) | CONCAT_REG_REG_REG(r5,r2,r4)","c1=label@888;r1=R81;r2=R76;r3=R59;c2=string@38320;r4=R60;r5=R79","benchmark_rexxcps_levelb_noopt",834
44,316400,1,1,6,candidate,"CONCAT_REG_REG_REG(r1,r2,r3) | CONCAT_REG_REG_STRING(r4,r5,c1) | ITOS_REG(r3) | CONCAT_REG_REG_REG(r2,r4,r3)","r1=R79;r2=R76;r3=R60;r4=R84;r5=R59;c1=string@38320","benchmark_rexxcps_levelb_noopt",843
45,316400,2,1,6,candidate,"CONCAT_REG_REG_REG(r1,r2,r3) | STEMGET_REG_REG_REG(r2,r4,r1) | REQ_REG_REG_STRING(r1,r2,c1) | BRF_ID_REG(c2,r1)","r1=R86;r2=R81;r3=R80;r4=R2;c1=string@29640;c2=label@944","benchmark_rexxcps_levelb_noopt",925
46,316400,1,1,6,candidate,"CONCAT_REG_REG_STRING(r1,r2,c1) | ITOS_REG(r3) | CONCAT_REG_REG_REG(r4,r1,r3) | CONCAT_REG_REG_STRING(r5,r2,c1)","r1=R76;r2=R59;c1=string@38320;r3=R60;r4=R79;r5=R84","benchmark_rexxcps_levelb_noopt",837
47,316400,2,1,6,candidate,"CONCAT_REG_REG_STRING(r1,r2,c1) | LOAD_REG_INT(r3,c2) | ITOS_REG(r3) | CONCAT_REG_REG_REG(r4,r1,r3)","r1=R81;r2=R38;c1=string@38320;r3=R80;c2=int:2;r4=R86","benchmark_rexxcps_levelb_noopt",916
48,316400,1,1,5,candidate,"DADD_REG_REG_REG(r1,r1,r2) | DCOPY_REG_REG(r3,r1) | DTOS_REG(r3) | STEMSET_REG_REG_REG(r4,r5,r3)","r1=R76;r2=R7;r3=R80;r4=R0;r5=R79","benchmark_rexxcps_levelb_noopt",866
49,316400,1,1,7,candidate,"DCOPY_REG_REG(r1,r2) | DTOS_REG(r1) | LOAD_REG_INT(r3,c1) | SETTPCALL_REG_FUNC_REG_REG_INT(r4,c2,r3,r1,c3)","r1=R81;r2=R17;r3=R80;c1=int:1;r4=R79;c2=func@41960;c3=int:768","benchmark_rexxcps_levelb_noopt",726
50,316400,1,1,4,candidate,"DCOPY_REG_REG(r1,r2) | DTOS_REG(r1) | REQ_REG_REG_STRING(r1,r1,c1) | BRF_ID_REG(c2,r1)","r1=R81;r2=R17;c1=string@42728;c2=label@767","benchmark_rexxcps_levelb_noopt",753
51,316400,1,1,7,candidate,"DCOPY_REG_REG(r1,r2) | DTOS_REG(r1) | STEMSET_REG_REG_REG(r3,r4,r1) | DEQ_REG_REG_REG(r5,r6,r7)","r1=R80;r2=R76;r3=R0;r4=R79;r5=R84;r6=R17;r7=R9","benchmark_rexxcps_levelb_noopt",870
52,316400,1,1,8,candidate,"DLT_REG_REG_REG(r1,r2,r3) | BRF_ID_REG(c1,r1) | CONCAT_REG_REG_STRING(r4,r5,c2) | ITOS_REG(r6)","r1=R81;r2=R17;r3=R5;c1=label@888;r4=R76;r5=R59;c2=string@38320;r6=R60","benchmark_rexxcps_levelb_noopt",830
53,316400,1,1,7,candidate,"DTOS_REG(r1) | STEMSET_REG_REG_REG(r2,r3,r1) | DEQ_REG_REG_REG(r4,r5,r6) | BRF_ID_REG(c1,r4)","r1=R80;r2=R0;r3=R79;r4=R84;r5=R17;r6=R9;c1=label@888","benchmark_rexxcps_levelb_noopt",873
54,316400,1,1,6,candidate,"ITOS_REG(r1) | CONCAT_REG_REG_REG(r2,r3,r1) | CONCAT_REG_REG_STRING(r4,r5,c1) | ITOS_REG(r1)","r1=R60;r2=R79;r3=R76;r4=R84;r5=R59;c1=string@38320","benchmark_rexxcps_levelb_noopt",841
55,316400,2,1,5,candidate,"ITOS_REG(r1) | CONCAT_REG_REG_REG(r2,r3,r1) | LOAD_REG_INT(r4,c1) | ITOS_REG(r4)","r1=R60;r2=R76;r3=R78;r4=R83;c1=int:1234","benchmark_rexxcps_levelb_noopt",610
56,316400,2,1,5,candidate,"ITOS_REG(r1) | CONCAT_REG_REG_REG(r2,r3,r1) | STEMGET_REG_REG_REG(r3,r4,r2) | REQ_REG_REG_STRING(r2,r3,c1)","r1=R80;r2=R86;r3=R81;r4=R2;c1=string@29640","benchmark_rexxcps_levelb_noopt",923
57,316400,1,1,6,candidate,"ITOS_REG(r1) | LOAD_REG_INT(r2,c1) | LOAD_REG_INT(r3,c1) | LOAD_REG_INT(r4,c2)","r1=R78;r2=R79;c1=int:1;r3=R80;r4=R77;c2=int:4","benchmark_rexxcps_levelb_noopt",770
58,316400,1,1,5,candidate,"LOAD_REG_INT(r1,c1) | ITOS_REG(r1) | LOAD_REG_INT(r2,c2) | LOAD_REG_INT(r3,c2)","r1=R78;c1=int:1234;r2=R79;c2=int:1;r3=R80","benchmark_rexxcps_levelb_noopt",767
59,316400,1,1,7,candidate,"LOAD_REG_INT(r1,c1) | LOAD_REG_INT(r2,c1) | LOAD_REG_INT(r3,c2) | SETTP_REG_INT(r4,c3)","r1=R79;c1=int:1;r2=R80;r3=R77;c2=int:4;r4=R78;c3=int:768","benchmark_rexxcps_levelb_noopt",772
60,316400,1,1,4,candidate,"SCOPY_REG_REG(r1,r2) | STOD_REG(r1) | DADD_REG_REG_REG(r1,r1,r3) | DCOPY_REG_REG(r4,r1)","r1=R76;r2=R84;r3=R7;r4=R80","benchmark_rexxcps_levelb_noopt",861
61,316400,1,1,4,candidate,"SCOPY_REG_REG(r1,r2) | STOD_REG(r1) | DGT_REG_REG_REG(r1,r3,r1) | BRF_ID_REG(c1,r1)","r1=R81;r2=R78;r3=R17;c1=label@726","benchmark_rexxcps_levelb_noopt",712
62,316400,1,1,4,candidate,"STEMGET_REG_REG_REG(r1,r2,r3) | SCOPY_REG_REG(r3,r1) | STOD_REG(r3) | DADD_REG_REG_REG(r3,r3,r4)","r1=R84;r2=R0;r3=R76;r4=R7","benchmark_rexxcps_levelb_noopt",857
63,316400,1,1,4,candidate,"STEMGET_REG_REG_REG(r1,r2,r3) | SCOPY_REG_REG(r3,r1) | STOD_REG(r3) | DGT_REG_REG_REG(r3,r4,r3)","r1=R78;r2=R0;r3=R81;r4=R17","benchmark_rexxcps_levelb_noopt",708
64,316400,1,1,3,candidate,"STOD_REG(r1) | DADD_REG_REG_REG(r1,r1,r2) | DCOPY_REG_REG(r3,r1) | DTOS_REG(r3)","r1=R76;r2=R7;r3=R80","benchmark_rexxcps_levelb_noopt",864
65,316400,1,1,4,candidate,"SWAP_REG_REG(r1,r2) | LOAD_REG_INT(r3,c1) | STRLEN_REG_REG(r3,r1) | RET_REG(r3)","r1=R1;r2=R3;r3=R0;c1=int:0","length",13
66,305100,2,1,5,candidate,"BRF_ID_REG(c1,r1) | LOAD_REG_INT(r2,c2) | ITOS_REG(r2) | CONCAT_REG_REG_STRING(r2,r2,c3)","c1=label@1031;r1=R81;r2=R76;c2=int:1;c3=string@38320","benchmark_rexxcps_levelb_noopt",968
67,305100,2,1,5,candidate,"DCOPY_REG_REG(r1,r2) | DTOS_REG(r1) | STEMSET_REG_REG_REG(r3,r4,r1) | BR_ID(c1)","r1=R80;r2=R90;r3=R2;r4=R79;c1=label@1041","benchmark_rexxcps_levelb_noopt",1020
68,305100,2,1,5,candidate,"DMULT_REG_REG_REG(r1,r1,r2) | DCOPY_REG_REG(r3,r1) | DTOS_REG(r3) | STEMSET_REG_REG_REG(r4,r5,r3)","r1=R90;r2=R8;r3=R80;r4=R2;r5=R79","benchmark_rexxcps_levelb_noopt",1016
69,305100,2,1,6,candidate,"RNE_REG_REG_STRING(r1,r2,c1) | BRF_ID_REG(c2,r1) | LOAD_REG_INT(r3,c3) | ITOS_REG(r3)","r1=R81;r2=R38;c1=string@29640;c2=label@1031;r3=R76;c3=int:1","benchmark_rexxcps_levelb_noopt",964
70,305100,2,1,4,candidate,"SCOPY_REG_REG(r1,r2) | STOD_REG(r1) | DMULT_REG_REG_REG(r1,r1,r3) | DCOPY_REG_REG(r4,r1)","r1=R90;r2=R76;r3=R8;r4=R80","benchmark_rexxcps_levelb_noopt",1011
71,305100,2,1,4,candidate,"STEMGET_REG_REG_REG(r1,r2,r3) | SCOPY_REG_REG(r3,r1) | STOD_REG(r3) | DMULT_REG_REG_REG(r3,r3,r4)","r1=R76;r2=R2;r3=R90;r4=R8","benchmark_rexxcps_levelb_noopt",1007
72,305100,2,1,3,candidate,"STOD_REG(r1) | DMULT_REG_REG_REG(r1,r1,r2) | DCOPY_REG_REG(r3,r1) | DTOS_REG(r3)","r1=R90;r2=R8;r3=R80","benchmark_rexxcps_levelb_noopt",1014
73,158200,1,1,5,candidate,"BCF_ID_REG(c1,r1) | NULL_REG(r2) | NULL_REG(r3) | NULL_REG(r4)","c1=label@1787;r1=R21;r2=R13;r3=R14;r4=R15","benchmark_rexxcps_levelb_noopt",1735
74,158200,1,1,6,candidate,"BRF_ID_REG(c1,r1) | LOAD_REG_STRING(r2,c2) | SEQ_REG_REG_STRING(r1,r2,c3) | BRF_ID_REG(c4,r1)","c1=label@1050;r1=R90;r2=R38;c2=string@17904;c3=string@51856;c4=label@1061","benchmark_rexxcps_levelb_noopt",1044
75,158200,1,1,5,candidate,"BRT_ID_REG(c1,r1) | NULL_REG(r2) | NULL_REG(r3) | NULL_REG(r4)","c1=label@1347;r1=R73;r2=R40;r3=R41;r4=R42","benchmark_rexxcps_levelb_noopt",542
76,158200,1,1,4,candidate,"CNOP() | CNOP() | LOAD_REG_STRING(r1,c1) | LOAD_REG_INT(r2,c2)","r1=R88;c1=string@56776;r2=R87;c2=int:1","benchmark_rexxcps_levelb_noopt",1183
77,158200,1,1,6,candidate,"CNOP() | LOAD_REG_STRING(r1,c1) | LOAD_REG_INT(r2,c2) | CALL_REG_FUNC_REG(r3,c3,r2)","r1=R88;c1=string@56776;r2=R87;c2=int:1;r3=R91;c3=func@56896","benchmark_rexxcps_levelb_noopt",1184
78,158200,1,1,6,candidate,"CONCAT_REG_REG_REG(r1,r1,r2) | CONCAT_REG_REG_STRING(r1,r1,c1) | CONCAT_REG_REG_REG(r3,r1,r4) | SCOPY_REG_REG(r5,r3)","r1=R22;r2=R28;c1=string@90456;r3=R20;r4=R29;r5=R16","benchmark_rexxcps_levelb_noopt",1756
79,158200,1,1,6,candidate,"CONCAT_REG_REG_REG(r1,r2,r3) | LOAD_REG_INT(r4,c1) | ITOS_REG(r4) | CONCAT_REG_REG_STRING(r4,r4,c2)","r1=R93;r2=R86;r3=R85;r4=R81;c1=int:1;c2=string@38320","benchmark_rexxcps_levelb_noopt",1110
80,158200,1,1,7,candidate,"CONCAT_REG_REG_REG(r1,r2,r3) | LOAD_REG_INT(r4,c1) | ITOS_REG(r4) | SCONCAT_REG_REG_STRING(r5,r4,c2)","r1=R76;r2=R78;r3=R60;r4=R83;c1=int:1234;r5=R79;c2=string@38600","benchmark_rexxcps_levelb_noopt",612
81,158200,1,1,8,candidate,"CONCAT_REG_REG_REG(r1,r2,r3) | SCOPY_REG_REG(r4,r1) | PARSEWORDS3_REG_REG_REG_REG(r5,r6,r7,r4) | SCOPY_REG_REG(r8,r5)","r1=R20;r2=R22;r3=R29;r4=R16;r5=R13;r6=R14;r7=R15;r8=R17","benchmark_rexxcps_levelb_noopt",1764
82,158200,1,1,6,candidate,"CONCAT_REG_REG_REG(r1,r2,r3) | STEMGET_REG_REG_REG(r2,r4,r1) | REQ_REG_REG_REG(r1,r5,r2) | BRF_ID_REG(c1,r1)","r1=R82;r2=R79;r3=R60;r4=R0;r5=R38;c1=label@673","benchmark_rexxcps_levelb_noopt",656
83,158200,1,1,8,candidate,"CONCAT_REG_REG_STRING(r1,r1,c1) | CONCAT_REG_REG_REG(r2,r1,r3) | SCOPY_REG_REG(r4,r2) | PARSEWORDS3_REG_REG_REG_REG(r5,r6,r7,r4)","r1=R22;c1=string@90456;r2=R20;r3=R29;r4=R16;r5=R13;r6=R14;r7=R15","benchmark_rexxcps_levelb_noopt",1760
84,158200,1,1,6,candidate,"CONCAT_REG_REG_STRING(r1,r2,c1) | CONCAT_REG_REG_REG(r1,r1,r3) | CONCAT_REG_REG_STRING(r1,r1,c1) | CONCAT_REG_REG_REG(r4,r1,r5)","r1=R22;r2=R27;c1=string@90456;r3=R28;r4=R20;r5=R29","benchmark_rexxcps_levelb_noopt",1752
85,158200,1,1,7,candidate,"CONCAT_REG_REG_STRING(r1,r2,c1) | ITOS_REG(r3) | CONCAT_REG_REG_REG(r4,r1,r3) | LOAD_REG_INT(r5,c2)","r1=R78;r2=R59;c1=string@38320;r3=R60;r4=R76;r5=R83;c2=int:1234","benchmark_rexxcps_levelb_noopt",606
86,158200,1,1,5,candidate,"CONCAT_REG_STRING_REG(r1,c1,r1) | CONCAT_REG_REG_STRING(r1,r1,c2) | LOAD_REG_INT(r2,c3) | ITOS_REG(r2)","r1=R86;c1=string@57512;c2=string@464;r2=R84;c3=int:1","benchmark_rexxcps_levelb_noopt",1220
87,158200,1,1,7,candidate,"CONCAT_REG_STRING_REG(r1,c1,r2) | STEMRESET_REG_REG(r3,r1) | REQ_REG_REG_STRING(r1,r4,c2) | BRF_ID_REG(c3,r1)","r1=R87;c1=string@47088;r2=R60;r3=R2;r4=R38;c2=string@47488;c3=label@916","benchmark_rexxcps_levelb_noopt",898
88,158200,1,1,5,candidate,"DADD_REG_REG_REG(r1,r2,r3) | DCOPY_REG_REG(r4,r1) | DTOS_REG(r4) | REQ_REG_REG_REG(r4,r5,r4)","r1=R85;r2=R5;r3=R6;r4=R84;r5=R38","benchmark_rexxcps_levelb_noopt",944
89,158200,1,1,6,candidate,"DCOPY_REG_REG(r1,r2) | DLT_REG_REG_DECIMAL(r3,r2,c1) | BRT_ID_REG(c2,r3) | DGT_REG_REG_REG(r3,r1,r4)","r1=R17;r2=R8;r3=R82;c1=decimal@40832;c2=label@691;r4=R10","benchmark_rexxcps_levelb_noopt",673
90,158200,1,1,4,candidate,"DCOPY_REG_REG(r1,r2) | DTOS_REG(r1) | REQ_REG_REG_REG(r1,r3,r1) | BRF_ID_REG(c1,r1)","r1=R84;r2=R85;r3=R38;c1=label@964","benchmark_rexxcps_levelb_noopt",948
91,158200,1,1,6,candidate,"IGT_REG_REG_REG(r1,r2,r3) | BRT_ID_REG(c1,r1) | NULL_REG(r4) | NULL_REG(r5)","r1=R73;r2=R60;r3=R72;c1=label@1347;r4=R40;r5=R41","benchmark_rexxcps_levelb_noopt",538
92,158200,1,1,7,candidate,"ITOS_REG(r1) | CONCAT_REG_REG_REG(r2,r3,r1) | LOAD_REG_INT(r4,c1) | CALL_REG_FUNC_REG(r5,c2,r4)","r1=R84;r2=R88;r3=R86;r4=R87;c1=int:1;r5=R94;c2=func@56896","benchmark_rexxcps_levelb_noopt",1231
93,158200,1,1,5,candidate,"ITOS_REG(r1) | CONCAT_REG_REG_REG(r2,r3,r1) | STEMGET_REG_REG_REG(r3,r4,r2) | REQ_REG_REG_REG(r2,r5,r3)","r1=R60;r2=R82;r3=R79;r4=R0;r5=R38","benchmark_rexxcps_levelb_noopt",654
94,158200,1,1,5,candidate,"ITOS_REG(r1) | CONCAT_REG_STRING_REG(r1,c1,r1) | CONCAT_REG_REG_STRING(r1,r1,c2) | LOAD_REG_INT(r2,c3)","r1=R86;c1=string@57512;c2=string@464;r2=R84;c3=int:1","benchmark_rexxcps_levelb_noopt",1218
95,158200,1,1,6,candidate,"ITOS_REG(r1) | CONCAT_REG_STRING_REG(r2,c1,r1) | STEMRESET_REG_REG(r3,r2) | REQ_REG_REG_STRING(r2,r4,c2)","r1=R60;r2=R87;c1=string@47088;r3=R2;r4=R38;c2=string@47488","benchmark_rexxcps_levelb_noopt",896
96,158200,1,1,7,candidate,"ITOS_REG(r1) | SCONCAT_REG_REG_STRING(r2,r1,c1) | LOAD_REG_INT(r3,c2) | LOAD_REG_INT(r4,c3)","r1=R83;r2=R79;c1=string@38600;r3=R80;c2=int:6;r4=R81;c3=int:2","benchmark_rexxcps_levelb_noopt",619
97,158200,1,1,5,candidate,"LOAD_REG_INT(r1,c1) | BCF_ID_REG(c2,r1) | NULL_REG(r2) | NULL_REG(r3)","r1=R21;c1=int:1;c2=label@1787;r2=R13;r3=R14","benchmark_rexxcps_levelb_noopt",1732
98,158200,1,1,6,candidate,"LOAD_REG_INT(r1,c1) | BRF_ID_REG(c2,r1) | LOAD_REG_STRING(r2,c3) | SEQ_REG_REG_STRING(r1,r2,c4)","r1=R90;c1=int:1;c2=label@1050;r2=R38;c3=string@17904;c4=string@51856","benchmark_rexxcps_levelb_noopt",1041
99,158200,1,1,5,candidate,"LOAD_REG_INT(r1,c1) | ITOS_REG(r1) | CONCAT_REG_REG_REG(r2,r3,r1) | LOAD_REG_INT(r4,c1)","r1=R84;c1=int:1;r2=R88;r3=R86;r4=R87","benchmark_rexxcps_levelb_noopt",1228
100,158200,1,1,6,candidate,"LOAD_REG_INT(r1,c1) | ITOS_REG(r1) | CONCAT_REG_REG_REG(r2,r3,r1) | LOAD_REG_INT(r4,c2)","r1=R85;c1=int:2;r2=R93;r3=R86;r4=R81;c2=int:1","benchmark_rexxcps_levelb_noopt",1105
101,158200,1,1,4,candidate,"LOAD_REG_INT(r1,c1) | ITOS_REG(r1) | CONCAT_REG_STRING_REG(r1,c2,r1) | CONCAT_REG_REG_STRING(r1,r1,c3)","r1=R86;c1=int:1;c2=string@57512;c3=string@464","benchmark_rexxcps_levelb_noopt",1215
102,158200,1,1,6,candidate,"LOAD_REG_INT(r1,c1) | ITOS_REG(r1) | SCONCAT_REG_REG_STRING(r2,r1,c2) | LOAD_REG_INT(r3,c3)","r1=R83;c1=int:1234;r2=R79;c2=string@38600;r3=R80;c3=int:6","benchmark_rexxcps_levelb_noopt",616
103,158200,1,1,8,candidate,"LOAD_REG_INT(r1,c1) | LOAD_REG_INT(r2,c2) | LOAD_REG_INT(r3,c3) | SETTP_REG_INT(r4,c4)","r1=R80;c1=int:6;r2=R81;c2=int:2;r3=R78;c3=int:4;r4=R79;c4=int:768","benchmark_rexxcps_levelb_noopt",625
104,158200,1,1,6,candidate,"LOAD_REG_STRING(r1,c1) | CONCAT_REG_REG_STRING(r2,r1,c2) | ITOS_REG(r3) | CONCAT_REG_REG_REG(r4,r2,r3)","r1=R59;c1=string@37840;r2=R78;c2=string@38320;r3=R60;r4=R76","benchmark_rexxcps_levelb_noopt",603
105,158200,1,1,7,candidate,"LOAD_REG_STRING(r1,c1) | SCOPY_REG_REG(r2,r1) | PARSEPOS2_REG_REG_REG_INT(r3,r4,r2,c2) | SCOPY_REG_REG(r5,r3)","r1=R94;c1=string@54864;r2=R54;r3=R40;r4=R45;c2=int:5;r5=R70","benchmark_rexxcps_levelb_noopt",1166
106,158200,1,1,5,candidate,"NULL_REG(r1) | CONCAT_REG_REG_STRING(r2,r3,c1) | CONCAT_REG_REG_REG(r2,r2,r4) | CONCAT_REG_REG_STRING(r2,r2,c1)","r1=R19;r2=R22;r3=R27;c1=string@90456;r4=R28","benchmark_rexxcps_levelb_noopt",1750
107,158200,1,1,6,candidate,"NULL_REG(r1) | LOAD_REG_STRING(r2,c1) | CONCAT_REG_REG_STRING(r3,r2,c2) | ITOS_REG(r4)","r1=R71;r2=R59;c1=string@37840;r3=R78;c2=string@38320;r4=R60","benchmark_rexxcps_levelb_noopt",601
108,158200,1,1,6,candidate,"NULL_REG(r1) | NULL_REG(r2) | CONCAT_REG_REG_STRING(r3,r4,c1) | CONCAT_REG_REG_REG(r3,r3,r5)","r1=R18;r2=R19;r3=R22;r4=R27;c1=string@90456;r5=R28","benchmark_rexxcps_levelb_noopt",1748
109,158200,1,1,6,candidate,"NULL_REG(r1) | NULL_REG(r2) | LOAD_REG_STRING(r3,c1) | CONCAT_REG_REG_STRING(r4,r3,c2)","r1=R70;r2=R71;r3=R59;c1=string@37840;r4=R78;c2=string@38320","benchmark_rexxcps_levelb_noopt",599
110,158200,1,1,6,candidate,"NULL_REG(r1) | NULL_REG(r2) | NULL_REG(r3) | CONCAT_REG_REG_STRING(r4,r5,c1)","r1=R17;r2=R18;r3=R19;r4=R22;r5=R27;c1=string@90456","benchmark_rexxcps_levelb_noopt",1746
111,158200,1,1,5,candidate,"NULL_REG(r1) | NULL_REG(r2) | NULL_REG(r3) | LOAD_REG_STRING(r4,c1)","r1=R68;r2=R70;r3=R71;r4=R59;c1=string@37840","benchmark_rexxcps_levelb_noopt",597
112,158200,1,1,5,candidate,"NULL_REG(r1) | NULL_REG(r2) | NULL_REG(r3) | SCOPY_REG_REG(r4,r5)","r1=R9;r2=R10;r3=R11;r4=R4;r5=R29","benchmark_rexxcps_levelb_noopt",1709
113,158200,1,1,7,candidate,"NULL_REG(r1) | NULL_REG(r2) | SCOPY_REG_REG(r3,r4) | PARSEWORDS3D_REG_REG_REG_REG(r5,r6,r7,r3)","r1=R10;r2=R11;r3=R4;r4=R29;r5=R1;r6=R2;r7=R3","benchmark_rexxcps_levelb_noopt",1711
114,158200,1,1,7,candidate,"NULL_REG(r1) | SCOPY_REG_REG(r2,r3) | PARSEWORDS3D_REG_REG_REG_REG(r4,r5,r6,r2) | SCOPY_REG_REG(r7,r4)","r1=R11;r2=R4;r3=R29;r4=R1;r5=R2;r6=R3;r7=R9","benchmark_rexxcps_levelb_noopt",1713
115,158200,1,1,6,candidate,"NUMSCI_INT_INT_INT(c1,c2,c3) | NULL_REG(r1) | NULL_REG(r2) | NULL_REG(r3)","c1=int:9;c2=int:1;c3=int:2;r1=R1;r2=R2;r3=R3","benchmark_rexxcps_levelb_noopt",1697
116,158200,1,1,6,candidate,"PARSEPOS2_REG_REG_REG_INT(r1,r2,r3,c1) | SCOPY_REG_REG(r4,r1) | SCOPY_REG_REG(r5,r2) | CNOP()","r1=R40;r2=R45;r3=R54;c1=int:5;r4=R70;r5=R71","benchmark_rexxcps_levelb_noopt",1172
117,158200,1,1,7,candidate,"PARSEWORDS3D_REG_REG_REG_REG(r1,r2,r3,r4) | SCOPY_REG_REG(r5,r1) | SCOPY_REG_REG(r6,r2) | SCOPY_REG_REG(r7,r3)","r1=R1;r2=R2;r3=R3;r4=R4;r5=R9;r6=R10;r7=R11","benchmark_rexxcps_levelb_noopt",1718
118,158200,1,1,9,candidate,"SCONCAT_REG_REG_STRING(r1,r2,c1) | LOAD_REG_INT(r3,c2) | LOAD_REG_INT(r4,c3) | LOAD_REG_INT(r5,c4)","r1=R79;r2=R83;c1=string@38600;r3=R80;c2=int:6;r4=R81;c3=int:2;r5=R78;c4=int:4","benchmark_rexxcps_levelb_noopt",621
119,158200,1,1,4,candidate,"SCOPY_REG_REG(r1,r2) | CNOP() | CNOP() | LOAD_REG_STRING(r3,c1)","r1=R71;r2=R45;r3=R88;c1=string@56776","benchmark_rexxcps_levelb_noopt",1180
120,158200,1,1,6,candidate,"SCOPY_REG_REG(r1,r2) | LOAD_REG_INT(r3,c1) | BCF_ID_REG(c2,r3) | NULL_REG(r4)","r1=R11;r2=R3;r3=R21;c1=int:1;c2=label@1787;r4=R13","benchmark_rexxcps_levelb_noopt",1729
121,158200,1,1,7,candidate,"SCOPY_REG_REG(r1,r2) | PARSEPOS2_REG_REG_REG_INT(r3,r4,r1,c1) | SCOPY_REG_REG(r5,r3) | SCOPY_REG_REG(r6,r4)","r1=R54;r2=R94;r3=R40;r4=R45;c1=int:5;r5=R70;r6=R71","benchmark_rexxcps_levelb_noopt",1169
122,158200,1,1,7,candidate,"SCOPY_REG_REG(r1,r2) | PARSEWORDS3D_REG_REG_REG_REG(r3,r4,r5,r1) | SCOPY_REG_REG(r6,r3) | SCOPY_REG_REG(r7,r4)","r1=R4;r2=R29;r3=R1;r4=R2;r5=R3;r6=R9;r7=R10","benchmark_rexxcps_levelb_noopt",1715
123,158200,1,1,4,candidate,"SCOPY_REG_REG(r1,r2) | SCOPY_REG_REG(r3,r4) | CNOP() | CNOP()","r1=R70;r2=R40;r3=R71;r4=R45","benchmark_rexxcps_levelb_noopt",1177
124,158200,1,1,6,candidate,"SCOPY_REG_REG(r1,r2) | SCOPY_REG_REG(r3,r4) | INC_REG(r5) | BR_ID(c1)","r1=R37;r2=R49;r3=R68;r4=R53;r5=R60;c1=label@538","benchmark_rexxcps_levelb_noopt",1337
125,158200,1,1,7,candidate,"SCOPY_REG_REG(r1,r2) | SCOPY_REG_REG(r3,r4) | LOAD_REG_INT(r5,c1) | BCF_ID_REG(c2,r5)","r1=R10;r2=R2;r3=R11;r4=R3;r5=R21;c1=int:1;c2=label@1787","benchmark_rexxcps_levelb_noopt",1726
126,158200,1,1,7,candidate,"SCOPY_REG_REG(r1,r2) | SCOPY_REG_REG(r3,r4) | SCOPY_REG_REG(r5,r6) | BR_ID(c1)","r1=R17;r2=R13;r3=R18;r4=R14;r5=R19;r6=R15;c1=label@1735","benchmark_rexxcps_levelb_noopt",1776
127,158200,1,1,7,candidate,"SCOPY_REG_REG(r1,r2) | SCOPY_REG_REG(r3,r4) | SCOPY_REG_REG(r5,r6) | INC_REG(r7)","r1=R64;r2=R44;r3=R37;r4=R49;r5=R68;r6=R53;r7=R60","benchmark_rexxcps_levelb_noopt",1334
128,158200,1,1,8,candidate,"SCOPY_REG_REG(r1,r2) | SCOPY_REG_REG(r3,r4) | SCOPY_REG_REG(r5,r6) | LOAD_REG_INT(r7,c1)","r1=R9;r2=R1;r3=R10;r4=R2;r5=R11;r6=R3;r7=R21;c1=int:1","benchmark_rexxcps_levelb_noopt",1723
129,158200,1,1,7,candidate,"SETTP_REG_INT(r1,c1) | SETTP_REG_INT(r2,c1) | SETTP_REG_INT(r3,c1) | CALL4_REG_FUNC_REG_REG_REG_REG(r4,c2,r5,r1,r2,r3)","r1=R92;c1=int:256;r2=R93;r3=R94;r4=R88;c2=func@57968;r5=R91","benchmark_rexxcps_levelb_noopt",1247
130,158200,1,1,5,candidate,"SETTP_REG_INT(r1,c1) | SETTP_REG_INT(r2,c1) | SETTP_REG_INT(r3,c1) | SETTP_REG_INT(r4,c1)","r1=R91;c1=int:256;r2=R92;r3=R93;r4=R94","benchmark_rexxcps_levelb_noopt",1244
131,158200,1,1,8,candidate,"STEMSET_REG_REG_REG(r1,r2,r3) | CONCAT_REG_REG_STRING(r4,r5,c1) | ITOS_REG(r6) | CONCAT_REG_REG_REG(r7,r4,r6)","r1=R0;r2=R76;r3=R77;r4=R79;r5=R59;c1=string@38320;r6=R60;r7=R82","benchmark_rexxcps_levelb_noopt",646
132,146900,1,1,5,candidate,"CONCAT_REG_REG_REG(r1,r2,r3) | LOAD_REG_INT(r2,c1) | ITOS_REG(r2) | CONCAT_REG_REG_STRING(r2,r2,c2)","r1=R79;r2=R76;r3=R74;c1=int:1;c2=string@38320","benchmark_rexxcps_levelb_noopt",985
133,146900,1,1,4,candidate,"ITOS_REG(r1) | CONCAT_REG_REG_REG(r2,r3,r1) | LOAD_REG_INT(r3,c1) | ITOS_REG(r3)","r1=R74;r2=R79;r3=R76;c1=int:1","benchmark_rexxcps_levelb_noopt",983
134,146900,1,1,5,candidate,"LOAD_REG_INT(r1,c1) | ITOS_REG(r1) | CONCAT_REG_REG_REG(r2,r3,r1) | LOAD_REG_INT(r3,c2)","r1=R74;c1=int:2;r2=R79;r3=R76;c2=int:1","benchmark_rexxcps_levelb_noopt",980
135,11301,2,1,6,candidate,"LOAD_REG_INT(r1,c1) | LOAD_REG_INT(r2,c2) | IGT_REG_REG_REG(r3,r1,r2) | BRT_ID_REG(c3,r3)","r1=R33;c1=int:1;r2=R32;c2=int:2;r3=R31;c3=label@1457","benchmark_rexxcps_levelb_noopt",413
136,11301,2,2,8,candidate,"LOAD_REG_STRING(r1,c1) | LOAD_REG_STRING(r2,c2) | LOAD_REG_INT(r3,c3) | LOAD_REG_INT(r4,c4)","r1=R38;c1=string@29640;r2=R37;c2=string@384;r3=R60;c3=int:1;r4=R72;c4=int:14","benchmark_rexxcps_levelb_noopt",526
137,11300,1,1,8,candidate,"BCF_ID_REG(c1,r1) | LOAD_REG_STRING(r2,c2) | LOAD_REG_STRING(r3,c3) | LOAD_REG_INT(r4,c4)","c1=label@1351;r1=R26;r2=R38;c2=string@29640;r3=R37;c3=string@384;r4=R60;c4=int:1","benchmark_rexxcps_levelb_noopt",523
138,11300,1,1,7,candidate,"BRF_ID_REG(c1,r1) | LOAD_REG_STRING(r2,c2) | LOAD_REG_INT(r3,c3) | BRF_ID_REG(c4,r3)","c1=label@1041;r1=R88;r2=R38;c2=string@29640;r3=R90;c3=int:1;c4=label@1050","benchmark_rexxcps_levelb_noopt",1035
139,11300,1,1,6,candidate,"LOAD_REG_INT(r1,c1) | IGT_REG_REG_REG(r2,r3,r1) | BRT_ID_REG(c2,r2) | NULL_REG(r4)","r1=R72;c1=int:14;r2=R73;r3=R60;c2=label@1347;r4=R40","benchmark_rexxcps_levelb_noopt",535
140,11300,1,1,6,candidate,"LOAD_REG_STRING(r1,c1) | LOAD_REG_INT(r2,c2) | BRF_ID_REG(c3,r2) | LOAD_REG_STRING(r1,c4)","r1=R38;c1=string@29640;r2=R90;c2=int:1;c3=label@1050;c4=string@17904","benchmark_rexxcps_levelb_noopt",1038
141,11300,1,1,7,candidate,"LOAD_REG_STRING(r1,c1) | LOAD_REG_INT(r2,c2) | LOAD_REG_INT(r3,c3) | IGT_REG_REG_REG(r4,r2,r3)","r1=R37;c1=string@384;r2=R60;c2=int:1;r3=R72;c3=int:14;r4=R73","benchmark_rexxcps_levelb_noopt",529
142,11300,1,1,6,candidate,"SEQ_REG_REG_STRING(r1,r2,c1) | BRF_ID_REG(c2,r1) | LOAD_REG_STRING(r2,c1) | LOAD_REG_INT(r3,c3)","r1=R88;r2=R38;c1=string@29640;c2=label@1041;r3=R90;c3=int:1","benchmark_rexxcps_levelb_noopt",1031
143,6000,15,1,5,candidate,"IEQ_REG_REG_INT(r1,r2,c1) | BTOI_REG(r1) | ICOPY_REG_REG(r3,r1) | BR_ID(c2)","r1=R24;r2=R29;c1=int:1;r3=R22;c2=label@13016","trace",13005
144,6000,15,1,5,candidate,"LOAD_REG_INT(r1,c1) | STRPOS_REG_REG_REG(r1,r2,r3) | IEQ_REG_REG_INT(r4,r1,c1) | BTOI_REG(r4)","r1=R29;c1=int:1;r2=R28;r3=R26;r4=R24","trace",12998
145,6000,15,1,7,candidate,"LOAD_REG_STRING(r1,c1) | STRLEN_REG_REG(r2,r3) | STRLEN_REG_REG(r4,r1) | ILT_REG_REG_INT(r5,r2,c2)","r1=R26;c1=string@1498960;r2=R27;r3=R28;r4=R25;r5=R24;c2=int:2","trace",12965
146,6000,15,1,7,candidate,"NULLN_REG_REG_REG(r1,r2,r3) | SCOPY_REG_REG(r4,r5) | LOAD_REG_STRING(r6,c1) | STRLEN_REG_REG(r2,r4)","r1=R29;r2=R27;r3=R25;r4=R28;r5=R5;r6=R26;c1=string@1498960","trace",12958
147,6000,15,1,6,candidate,"SCOPY_REG_REG(r1,r2) | LOAD_REG_STRING(r3,c1) | STRLEN_REG_REG(r4,r1) | STRLEN_REG_REG(r5,r3)","r1=R28;r2=R5;r3=R26;c1=string@1498960;r4=R27;r5=R25","trace",12962
148,6000,15,1,7,candidate,"STRLEN_REG_REG(r1,r2) | STRLEN_REG_REG(r3,r4) | ILT_REG_REG_INT(r5,r1,c1) | BRF_ID_REG(c2,r5)","r1=R27;r2=R28;r3=R25;r4=R26;r5=R24;c1=int:2;c2=label@12986","trace",12968
149,6000,15,1,6,candidate,"STRPOS_REG_REG_REG(r1,r2,r3) | IEQ_REG_REG_INT(r4,r1,c1) | BTOI_REG(r4) | ICOPY_REG_REG(r5,r4)","r1=R29;r2=R28;r3=R26;r4=R24;c1=int:1;r5=R22","trace",13001
150,2200,4,2,6,candidate,"REQ_REG_REG_STRING(r1,r2,c1) | BRT_ID_REG(c2,r1) | REQ_REG_REG_STRING(r1,r2,c3) | BRT_ID_REG(c4,r1)","r1=R27;r2=R5;c1=string@1501280;c2=label@13109;c3=string@1501320;c4=label@13120","trace",13098
151,1600,3,2,7,candidate,"BRT_ID_REG(c1,r1) | REQ_REG_REG_STRING(r1,r2,c2) | BRT_ID_REG(c3,r1) | REQ_REG_REG_STRING(r3,r2,c4)","c1=label@13109;r1=R27;r2=R5;c2=string@1501320;c3=label@13120;r3=R26;c4=string@1501360","trace",13102
152,1600,3,2,8,candidate,"REQ_REG_REG_STRING(r1,r2,c1) | BRT_ID_REG(c2,r1) | REQ_REG_REG_STRING(r3,r2,c3) | BRTF_ID_ID_REG(c4,c5,r3)","r1=R27;r2=R5;c1=string@1501320;c2=label@13120;r3=R26;c3=string@1501360;c4=label@13126;c5=label@13131","trace",13105
153,833,3,2,6,candidate,"IEQ_REG_REG_INT(r1,r2,c1) | BRT_ID_REG(c2,r1) | IEQ_REG_REG_INT(r1,r2,c3) | BRF_ID_REG(c4,r1)","r1=R20;r2=R9;c1=int:76;c2=label@196;c3=int:66;c4=label@212","strip",185
154,833,5,2,7,candidate,"LOAD_REG_INT(r1,c1) | LOAD_REG_STRING(r2,c2) | LOAD_REG_STRING(r3,c2) | ILT_REG_REG_INT(r4,r5,c1)","r1=R0;c1=int:0;r2=R5;c2=string@28856;r3=R7;r4=R11;r5=R10","left",54
155,833,5,2,7,candidate,"LOAD_REG_STRING(r1,c1) | LOAD_REG_STRING(r2,c1) | ILT_REG_REG_INT(r3,r4,c2) | BRF_ID_REG(c3,r3)","r1=R5;c1=string@28856;r2=R7;r3=R11;r4=R10;c2=int:0;c3=label@73","left",57
156,832,4,1,8,candidate,"SCOPY_REG_REG(r1,r2) | LOAD_REG_INT(r3,c1) | LOAD_REG_STRING(r4,c2) | LOAD_REG_INT(r5,c3)","r1=R18;r2=R6;r3=R20;c1=int:1;r4=R12;c2=string@312872;r5=R10;c3=int:0","trace",4284
157,832,4,1,6,candidate,"SETSTRPOS_REG_REG(r1,r2) | SUBSTRING_REG_REG_REG(r3,r1,r4) | SCOPY_REG_REG(r5,r3) | BR_ID(c1)","r1=R18;r2=R13;r3=R17;r4=R20;r5=R21;c1=label@4391","trace",4356
158,817,4,2,7,candidate,"ILT_REG_REG_REG(r1,r2,r3) | BRF_ID_REG(c1,r1) | SETSTRPOS_REG_REG(r4,r5) | SUBSTRING_REG_REG_REG(r6,r4,r2)","r1=R11;r2=R10;r3=R9;c1=label@117;r4=R8;r5=R0;r6=R7","left",101
159,817,4,2,6,candidate,"LOAD_REG_INT(r1,c1) | LOAD_REG_INT(r2,c1) | LOAD_REG_STRING(r3,c2) | LOAD_REG_STRING(r4,c2)","r1=R3;c1=int:0;r2=R0;r3=R5;c2=string@28856;r4=R7","left",51
160,817,4,2,7,candidate,"LOAD_REG_STRING(r1,c1) | LOAD_REG_INT(r2,c2) | LOAD_REG_INT(r3,c2) | LOAD_REG_STRING(r4,c3)","r1=R19;c1=string@1760;r2=R12;c2=int:100;r3=R3;r4=R11;c3=string@3232","benchmark_rexxcps_levelb_noopt",20
161,816,3,1,6,candidate,"BRF_ID_REG(c1,r1) | SETSTRPOS_REG_REG(r2,r3) | SUBSTRING_REG_REG_REG(r4,r2,r5) | SCOPY_REG_REG(r1,r4)","c1=label@4368;r1=R21;r2=R18;r3=R13;r4=R17;r5=R20","trace",4353
162,816,3,1,7,candidate,"LOAD_REG_INT(r1,c1) | LOAD_REG_STRING(r2,c2) | LOAD_REG_INT(r3,c3) | LOAD_REG_INT(r4,c3)","r1=R20;c1=int:1;r2=R12;c2=string@312872;r3=R10;c3=int:0;r4=R13","trace",4287
163,816,3,1,10,candidate,"NULLN_REG_REG_REG_REG(r1,r2,r3,r4) | SCOPY_REG_REG(r5,r6) | LOAD_REG_INT(r7,c1) | LOAD_REG_STRING(r8,c2)","r1=R11;r2=R14;r3=R16;r4=R19;r5=R18;r6=R6;r7=R20;c1=int:1;r8=R12;c2=string@312872","trace",4279
164,809,13,1,5,candidate,"LOAD_REG_STRING(r1,c1) | LINKATTR1_REG_REG_INT(r2,r3,c2) | SCOPY_REG_REG(r2,r1) | UNLINK_REG(r2)","r1=R4;c1=string@1499040;r2=R5;r3=R6;c2=int:10","trace",9234
165,606,9,1,6,candidate,"ISETATTR1_REG_INT_REG(r1,c1,r2) | LOAD_REG_STRING(r2,c2) | LINKATTR1_REG_REG_INT(r3,r1,c3) | SCOPY_REG_REG(r3,r2)","r1=R6;c1=int:9;r2=R4;c2=string@1499040;r3=R5;c3=int:10","trace",9230
166,606,9,1,7,candidate,"LOAD_REG_INT(r1,c1) | ISETATTR1_REG_INT_REG(r2,c2,r1) | LOAD_REG_STRING(r1,c3) | LINKATTR1_REG_REG_INT(r3,r2,c4)","r1=R4;c1=int:0;r2=R6;c2=int:9;c3=string@1499040;r3=R5;c4=int:10","trace",9227
167,600,1,1,8,candidate,"BRF_ID_REG(c1,r1) | LOAD_REG_INT(r2,c2) | LOAD_REG_INT(r3,c3) | CALL_REG_FUNC_REG(r4,c4,r3)","c1=label@335;r1=R20;r2=R22;c2=int:0;r3=R21;c3=int:1;r4=R19;c4=func@1590416","time",310
168,600,1,1,7,candidate,"BRF_ID_REG(c1,r1) | LOAD_REG_INT(r2,c2) | REQ_REG_REG_STRING(r1,r3,c3) | BRF_ID_REG(c4,r1)","c1=label@205;r1=R16;r2=R13;c2=int:1;r3=R7;c3=string@1594656;c4=label@215","time",199
169,600,1,1,7,candidate,"BRT_ID_REG(c1,r1) | REQ_REG_REG_STRING(r1,r2,c2) | BRF_ID_REG(c3,r1) | LOAD_REG_INT(r3,c4)","c1=label@283;r1=R17;r2=R7;c2=string@938888;c3=label@351;r3=R19;c4=int:1","time",276
170,600,1,1,4,candidate,"FCOPY_REG_REG(r1,r2) | FDIV_REG_REG_FLOAT(r3,r1,c1) | FTOS_REG(r3) | RET_REG(r3)","r1=R18;r2=R16;r3=R22;c1=float@1594800","time",340
171,600,1,1,4,candidate,"ITOF_REG(r1) | FCOPY_REG_REG(r2,r1) | FDIV_REG_REG_FLOAT(r3,r2,c1) | FTOS_REG(r3)","r1=R16;r2=R18;r3=R22;c1=float@1594800","time",338
172,600,1,1,5,candidate,"LOAD_REG_FLOAT(r1,c1) | ITOF_REG(r2) | FCOPY_REG_REG(r1,r2) | FDIV_REG_REG_FLOAT(r3,r1,c2)","r1=R18;c1=float@456824;r2=R16;r3=R22;c2=float@1594800","time",335
173,600,1,1,6,candidate,"LOAD_REG_INT(r1,c1) | BRF_ID_REG(c2,r1) | LOAD_REG_INT(r2,c1) | REQ_REG_REG_STRING(r1,r3,c3)","r1=R16;c1=int:1;c2=label@205;r2=R13;r3=R7;c3=string@1594656","time",196
174,600,1,1,7,candidate,"LOAD_REG_INT(r1,c1) | REQ_REG_REG_STRING(r2,r3,c2) | BRT_ID_REG(c3,r2) | REQ_REG_REG_STRING(r2,r3,c4)","r1=R13;c1=int:0;r2=R14;r3=R7;c2=string@1499080;c3=label@123;c4=string@1500432","time",109
175,600,1,1,7,candidate,"LOAD_REG_STRING(r1,c1) | LOAD_REG_INT(r2,c2) | SEQ_REG_REG_STRING(r3,r4,c1) | BRF_ID_REG(c3,r3)","r1=R7;c1=string@28856;r2=R1;c2=int:0;r3=R0;r4=R8;c3=label@49","time",31
176,600,1,1,8,candidate,"REQ_REG_REG_STRING(r1,r2,c1) | BRF_ID_REG(c2,r1) | LOAD_REG_INT(r3,c3) | LOAD_REG_INT(r4,c4)","r1=R20;r2=R7;c1=string@938888;c2=label@335;r3=R22;c3=int:0;r4=R21;c4=int:1","time",306
177,600,1,1,10,candidate,"REQ_REG_REG_STRING(r1,r2,c1) | BRF_ID_REG(c2,r1) | LOAD_REG_INT(r3,c3) | SWAPCALL_REG_FUNC_REG_REG_REG(r4,c4,r3,r5,r6)","r1=R17;r2=R7;c1=string@938888;c2=label@351;r3=R19;c3=int:1;r4=R16;c4=func@1590416;r5=R1;r6=R20","time",279
178,600,1,1,6,candidate,"REQ_REG_REG_STRING(r1,r2,c1) | BRT_ID_REG(c2,r1) | REQ_REG_REG_STRING(r1,r2,c3) | BRF_ID_REG(c4,r1)","r1=R17;r2=R7;c1=string@1105896;c2=label@283;c3=string@938888;c4=label@351","time",272
179,600,1,1,5,candidate,"SWAP_REG_REG(r1,r2) | LOAD_REG_FLOAT(r3,c1) | ITOF_REG(r4) | FCOPY_REG_REG(r3,r4)","r1=R1;r2=R22;r3=R18;c1=float@456824;r4=R16","time",332
180,600,1,1,7,candidate,"SWAP_REG_REG(r1,r2) | LOAD_REG_STRING(r3,c1) | LOAD_REG_INT(r4,c2) | SEQ_REG_REG_STRING(r5,r1,c1)","r1=R8;r2=R24;r3=R7;c1=string@28856;r4=R1;c2=int:0;r5=R0","time",28
181,599,1,1,5,candidate,"BEQ_ID_REG_INT(c1,r1,c2) | COPY_REG_REG(r2,r1) | ISUB_REG_REG_REG(r2,r2,r3) | RET_REG(r2)","c1=label@20;r1=R5;c2=int:0;r2=R1;r3=R3","/private/tmp/crexx-perf2-01-product.dbLYqo/lib/rxfnsb/rxas/_elapsed",7
182,599,1,1,6,candidate,"BRF_ID_REG(c1,r1) | BEQ_ID_REG_INT(c2,r2,c3) | COPY_REG_REG(r1,r2) | ISUB_REG_REG_REG(r1,r1,r3)","c1=label@28;r1=R1;c2=label@20;r2=R5;c3=int:0;r3=R3","/private/tmp/crexx-perf2-01-product.dbLYqo/lib/rxfnsb/rxas/_elapsed",4
183,599,1,1,7,candidate,"SEQ_REG_REG_STRING(r1,r2,c1) | BRF_ID_REG(c2,r1) | BEQ_ID_REG_INT(c3,r3,c4) | COPY_REG_REG(r1,r3)","r1=R1;r2=R2;c1=string@2523856;c2=label@28;c3=label@20;r3=R5;c4=int:0","/private/tmp/crexx-perf2-01-product.dbLYqo/lib/rxfnsb/rxas/_elapsed",0
184,416,1,1,7,candidate,"BRF_ID_REG(c1,r1) | IEQ_REG_REG_INT(r2,r3,c2) | BRT_ID_REG(c3,r2) | IEQ_REG_REG_INT(r2,r3,c4)","c1=label@249;r1=R19;r2=R20;r3=R9;c2=int:76;c3=label@196;c4=int:66","strip",182
185,416,1,1,6,candidate,"BRF_ID_REG(c1,r1) | IEQ_REG_REG_REG(r1,r2,r3) | BRF_ID_REG(c2,r1) | RET_REG(r4)","c1=label@344;r1=R22;r2=R4;r3=R16;c2=label@349;r4=R15","strip",337
186,416,1,1,7,candidate,"BRF_ID_REG(c1,r1) | INE_REG_REG_INT(r1,r2,c2) | BRF_ID_REG(c3,r1) | INE_REG_REG_INT(r3,r2,c4)","c1=label@127;r1=R18;r2=R9;c2=int:84;c3=label@138;r3=R19;c4=int:66","strip",120
187,416,1,1,8,candidate,"BRF_ID_REG(c1,r1) | ISUB_REG_INT_REG(r2,c2,r3) | FNDNBLNK_REG_REG_REG(r4,r5,r2) | ILT_REG_REG_INT(r6,r4,c2)","c1=label@333;r1=R21;r2=R12;c2=int:0;r3=R16;r4=R6;r5=R15;r6=R20","strip",223
188,416,1,1,6,candidate,"BRF_ID_REG(c1,r1) | LOAD_REG_INT(r2,c2) | FNDNBLNK_REG_REG_REG(r3,r4,r2) | BGE_ID_REG_INT(c1,r3,c2)","c1=label@212;r1=R20;r2=R12;c2=int:0;r3=R14;r4=R15","strip",196
189,416,1,1,8,candidate,"BRT_ID_REG(c1,r1) | IEQ_REG_REG_INT(r1,r2,c2) | BRF_ID_REG(c3,r1) | ISUB_REG_INT_REG(r3,c4,r4)","c1=label@223;r1=R21;r2=R9;c2=int:66;c3=label@333;r3=R12;c4=int:0;r4=R16","strip",216
190,416,1,1,7,candidate,"BRT_ID_REG(c1,r1) | IEQ_REG_REG_INT(r1,r2,c2) | BRF_ID_REG(c3,r1) | LOAD_REG_INT(r3,c4)","c1=label@196;r1=R20;r2=R9;c2=int:66;c3=label@212;r3=R12;c4=int:0","strip",189
191,416,1,1,8,candidate,"GETANDTP_REG_REG_INT(r1,r2,c1) | LOAD_REG_STRING(r3,c2) | LOAD_REG_INT(r4,c3) | LOAD_REG_STRING(r5,c2)","r1=R2;r2=R0;c1=int:256;r3=R7;c2=string@28856;r4=R14;c3=int:0;r5=R11","strip",83
192,416,1,1,9,candidate,"IEQ_REG_REG_INT(r1,r2,c1) | BRF_ID_REG(c2,r1) | ISUB_REG_INT_REG(r3,c3,r4) | FNDNBLNK_REG_REG_REG(r5,r6,r3)","r1=R21;r2=R9;c1=int:66;c2=label@333;r3=R12;c3=int:0;r4=R16;r5=R6;r6=R15","strip",219
193,416,1,1,8,candidate,"IEQ_REG_REG_INT(r1,r2,c1) | BRF_ID_REG(c2,r1) | LOAD_REG_INT(r3,c3) | FNDNBLNK_REG_REG_REG(r4,r5,r3)","r1=R20;r2=R9;c1=int:66;c2=label@212;r3=R12;c3=int:0;r4=R14;r5=R15","strip",192
194,416,1,1,6,candidate,"INE_REG_REG_INT(r1,r2,c1) | BRF_ID_REG(c2,r1) | INE_REG_REG_INT(r1,r2,c3) | BRF_ID_REG(c4,r1)","r1=R18;r2=R9;c1=int:76;c2=label@127;c3=int:84;c4=label@138","strip",116
195,416,1,1,8,candidate,"INE_REG_REG_INT(r1,r2,c1) | BRF_ID_REG(c2,r1) | INE_REG_REG_INT(r3,r2,c3) | BRTF_ID_ID_REG(c4,c5,r3)","r1=R18;r2=R9;c1=int:84;c2=label@138;r3=R19;c3=int:66;c4=label@144;c5=label@147","strip",123
196,416,1,1,7,candidate,"ISUB_REG_INT_REG(r1,c1,r2) | FNDNBLNK_REG_REG_REG(r3,r4,r1) | ILT_REG_REG_INT(r5,r3,c1) | BRF_ID_REG(c2,r5)","r1=R12;c1=int:0;r2=R16;r3=R6;r4=R15;r5=R20;c2=label@243","strip",226
197,416,1,1,7,candidate,"LOAD_REG_INT(r1,c1) | LOAD_REG_STRING(r2,c2) | STRLEN_REG_REG(r3,r4) | IEQ_REG_REG_INT(r5,r3,c1)","r1=R14;c1=int:0;r2=R11;c2=string@28856;r3=R10;r4=R8;r5=R18","strip",90
198,416,1,1,7,candidate,"LOAD_REG_STRING(r1,c1) | LOAD_REG_INT(r2,c2) | LOAD_REG_STRING(r3,c1) | STRLEN_REG_REG(r4,r5)","r1=R7;c1=string@28856;r2=R14;c2=int:0;r3=R11;r4=R10;r5=R8","strip",87
199,416,1,1,7,candidate,"LOAD_REG_STRING(r1,c1) | STRLEN_REG_REG(r2,r3) | IEQ_REG_REG_INT(r4,r2,c2) | BRF_ID_REG(c3,r4)","r1=R11;c1=string@28856;r2=R10;r3=R8;r4=R18;c2=int:0;c3=label@109","strip",93
200,416,1,1,7,candidate,"NOT_REG_REG(r1,r2) | BRF_ID_REG(c1,r1) | IEQ_REG_REG_INT(r3,r4,c2) | BRT_ID_REG(c3,r3)","r1=R19;r2=R2;c1=label@249;r3=R20;r4=R9;c2=int:76;c3=label@196","strip",179
201,416,1,1,9,candidate,"NULLN_REG_REG(r1,r2) | GETANDTP_REG_REG_INT(r3,r4,c1) | LOAD_REG_STRING(r5,c2) | LOAD_REG_INT(r6,c3)","r1=R16;r2=R17;r3=R2;r4=R0;c1=int:256;r5=R7;c2=string@28856;r6=R14;c3=int:0","strip",80
202,416,1,1,11,candidate,"NULLN_REG_REG_REG_REG(r1,r2,r3,r4) | NULLN_REG_REG(r5,r6) | GETANDTP_REG_REG_INT(r7,r8,c1) | LOAD_REG_STRING(r9,c2)","r1=R9;r2=R10;r3=R12;r4=R13;r5=R16;r6=R17;r7=R2;r8=R0;c1=int:256;r9=R7;c2=string@28856","strip",75
203,416,1,1,13,candidate,"NULLN_REG_REG_REG_REG(r1,r2,r3,r4) | NULLN_REG_REG_REG_REG(r5,r6,r7,r8) | NULLN_REG_REG(r9,r10) | GETANDTP_REG_REG_INT(r11,r12,c1)","r1=R1;r2=R3;r3=R5;r4=R6;r5=R9;r6=R10;r7=R12;r8=R13;r9=R16;r10=R17;r11=R2;r12=R0;c1=int:256","strip",70
204,416,1,1,7,candidate,"STRCHAR_REG_REG_REG(r1,r2,r3) | INE_REG_REG_INT(r4,r1,c1) | BRF_ID_REG(c2,r4) | INE_REG_REG_INT(r4,r1,c3)","r1=R9;r2=R7;r3=R14;r4=R18;c1=int:76;c2=label@127;c3=int:84","strip",112
205,416,1,1,7,candidate,"STRUPPER_REG_REG(r1,r2) | STRCHAR_REG_REG_REG(r3,r1,r4) | INE_REG_REG_INT(r5,r3,c1) | BRF_ID_REG(c2,r5)","r1=R7;r2=R8;r3=R9;r4=R14;r5=R18;c1=int:76;c2=label@127","strip",109
206,407,9,1,5,candidate,"LOAD_REG_INT(r1,c1) | ISETATTR1_REG_INT_REG(r2,c2,r1) | LOAD_REG_INT(r1,c1) | ISETATTR1_REG_INT_REG(r2,c3,r1)","r1=R4;c1=int:0;r2=R6;c2=int:12;c3=int:9","trace",9220
207,406,8,1,5,candidate,"LINKATTR1_REG_REG_INT(r1,r2,c1) | SCOPY_REG_REG(r1,r3) | UNLINK_REG(r1) | LOAD_REG_INT(r3,c2)","r1=R5;r2=R6;c1=int:13;r3=R4;c2=int:-1","trace",9249
208,406,8,1,5,candidate,"SCOPY_REG_REG(r1,r2) | UNLINK_REG(r1) | LOAD_REG_INT(r2,c1) | ISETATTR1_REG_INT_REG(r3,c2,r2)","r1=R5;r2=R4;c1=int:-1;r3=R6;c2=int:11","trace",9253
209,403,5,1,6,candidate,"ISETATTR1_REG_INT_REG(r1,c1,r2) | LOAD_REG_INT(r2,c2) | ISETATTR1_REG_INT_REG(r1,c3,r2) | LOAD_REG_STRING(r2,c4)","r1=R6;c1=int:12;r2=R4;c2=int:0;c3=int:9;c4=string@1499040","trace",9223
210,400,1,1,5,candidate,"BRF_ID_REG(c1,r1) | LOAD_REG_INT(r2,c2) | ICOPY_REG_REG(r1,r2) | BR_ID(c3)","c1=label@12905;r1=R30;r2=R29;c2=int:0;c3=label@12916","trace",12894
211,400,1,1,8,candidate,"BRF_ID_REG(c1,r1) | STRCHAR_REG_REG_REG(r2,r3,r4) | INE_REG_REG_INT(r5,r2,c2) | BRF_ID_REG(c3,r5)","c1=label@12295;r1=R15;r2=R4;r3=R5;r4=R10;r5=R14;c2=int:63;c3=label@12289","trace",12273
212,400,1,1,6,candidate,"BRTPANDT_ID_REG_INT(c1,r1,c2) | LOAD_REG_INT(r1,c3) | SETTP_REG_INT(r1,c4) | ILT_REG_REG_INT(r2,r1,c3)","c1=label@38;r1=R8;c2=int:256;c3=int:1;c4=int:0;r2=R4","pos",28
213,400,1,1,11,candidate,"BRT_ID_REG(c1,r1) | NULLN_REG_REG_REG_REG(r2,r3,r4,r5) | NULLN_REG_REG_REG(r6,r7,r8) | SCOPY_REG_REG(r9,r10)","c1=label@12908;r1=R22;r2=R21;r3=R19;r4=R17;r5=R14;r6=R13;r7=R2;r8=R29;r9=R0;r10=R15","trace",12723
214,400,1,1,10,candidate,"BRT_ID_REG(c1,r1) | NULLN_REG_REG_REG_REG(r2,r3,r4,r5) | SCOPY_REG_REG(r6,r7) | LOAD_REG_INT(r8,c2)","c1=label@12594;r1=R21;r2=R19;r3=R17;r4=R14;r5=R3;r6=R12;r7=R15;r8=R2;c2=int:1","trace",12475
215,400,1,1,8,candidate,"ICOPY_REG_REG(r1,r2) | LOAD_REG_STRING(r3,c1) | LOAD_REG_INT(r4,c2) | LOAD_REG_STRING(r5,c3)","r1=R3;r2=R24;r3=R18;c1=string@312872;r4=R16;c2=int:0;r5=R12;c3=string@28856","trace",12738
216,400,1,1,4,candidate,"IEQ_REG_REG_INT(r1,r1,c1) | BRF_ID_REG(c2,r1) | LOAD_REG_INT(r2,c1) | ICOPY_REG_REG(r1,r2)","r1=R30;c1=int:0;c2=label@12905;r2=R29","trace",12890
217,400,1,1,11,candidate,"IGT_REG_REG_REG(r1,r2,r3) | BRT_ID_REG(c1,r1) | NULLN_REG_REG_REG_REG(r4,r5,r6,r7) | NULLN_REG_REG_REG(r8,r9,r10)","r1=R22;r2=R24;r3=R20;c1=label@12908;r4=R21;r5=R19;r6=R17;r7=R14;r8=R13;r9=R2;r10=R29","trace",12719
218,400,1,1,8,candidate,"ILT_REG_REG_REG(r1,r2,r3) | BRF_ID_REG(c1,r1) | STRCHAR_REG_REG_REG(r4,r5,r2) | INE_REG_REG_INT(r6,r4,c2)","r1=R15;r2=R10;r3=R6;c1=label@12295;r4=R4;r5=R5;r6=R14;c2=int:63","trace",12269
219,400,1,1,6,candidate,"INE_REG_REG_INT(r1,r1,c1) | BRF_ID_REG(c2,r1) | LOAD_REG_STRING(r2,c3) | BR_ID(c4)","r1=R34;c1=int:0;c2=label@14050;r2=R9;c3=string@1500272;c4=label@14194","trace",14038
220,400,1,1,7,candidate,"LOAD_REG_INT(r1,c1) | ILT_REG_REG_REG(r2,r1,r3) | BRF_ID_REG(c2,r2) | STRCHAR_REG_REG_REG(r4,r5,r1)","r1=R10;c1=int:0;r2=R15;r3=R6;c2=label@12295;r4=R4;r5=R5","trace",12266
221,400,1,1,6,candidate,"LOAD_REG_INT(r1,c1) | SCOPY_REG_REG(r2,r3) | LOAD_REG_INT(r4,c2) | STRLEN_REG_REG(r4,r2)","r1=R24;c1=int:1;r2=R21;r3=R15;r4=R22;c2=int:0","trace",12702
222,400,1,1,5,candidate,"LOAD_REG_INT(r1,c1) | SETTP_REG_INT(r1,c2) | ILT_REG_REG_INT(r2,r1,c1) | BRF_ID_REG(c3,r2)","r1=R8;c1=int:1;c2=int:0;r2=R4;c3=label@48","pos",32
223,400,1,1,5,candidate,"LOAD_REG_INT(r1,c1) | STRLEN_REG_REG(r1,r2) | ICOPY_REG_REG(r3,r1) | BR_ID(c2)","r1=R22;c1=int:0;r2=R21;r3=R20;c2=label@12719","trace",12708
224,400,1,1,11,candidate,"LOAD_REG_STRING(r1,c1) | LOADSETTPSWAP_REG_INT_REG_INT_REG(r2,c2,r3,c3,r4) | SETTP_REG_INT(r1,c3) | SETTPCALL_REG_FUNC_REG_REG_INT(r5,c4,r2,r6,c5)","r1=R27;c1=string@1501720;r2=R25;c2=int:3;r3=R32;c3=int:768;r4=R26;r5=R30;c4=func@1267296;r6=R28;c5=int:0","trace",12869
225,400,1,1,9,candidate,"LOAD_REG_STRING(r1,c1) | LOAD_REG_INT(r2,c2) | LOAD_REG_STRING(r3,c3) | ILT_REG_REG_INT(r4,r5,c4)","r1=R18;c1=string@312872;r2=R16;c2=int:0;r3=R12;c3=string@28856;r4=R30;r5=R3;c4=int:1","trace",12741
226,400,1,1,9,candidate,"NULLN_REG_REG_REG(r1,r2,r3) | SCOPY_REG_REG(r4,r5) | ICOPY_REG_REG(r6,r7) | LOAD_REG_STRING(r8,c1)","r1=R13;r2=R2;r3=R29;r4=R0;r5=R15;r6=R3;r7=R24;r8=R18;c1=string@312872","trace",12731
227,400,1,1,11,candidate,"NULLN_REG_REG_REG_REG(r1,r2,r3,r4) | NULLN_REG_REG_REG(r5,r6,r7) | SCOPY_REG_REG(r8,r9) | ICOPY_REG_REG(r10,r11)","r1=R21;r2=R19;r3=R17;r4=R14;r5=R13;r6=R2;r7=R29;r8=R0;r9=R15;r10=R3;r11=R24","trace",12726
228,400,1,1,9,candidate,"NULLN_REG_REG_REG_REG(r1,r2,r3,r4) | NULL_REG(r5) | IEQ_REG_REG_INT(r6,r7,c1) | BRF_ID_REG(c2,r6)","r1=R4;r2=R6;r3=R7;r4=R8;r5=R11;r6=R3;r7=R44;c1=int:1;c2=label@12239","trace",12216
229,400,1,1,9,candidate,"NUMSCI_INT_INT_INT(c1,c2,c2) | NULLN_REG_REG_REG_REG(r1,r2,r3,r4) | NULL_REG(r5) | IEQ_REG_REG_INT(r6,r7,c2)","c1=int:18;c2=int:1;r1=R4;r2=R6;r3=R7;r4=R8;r5=R11;r6=R3;r7=R44","trace",12212
230,400,1,1,9,candidate,"REQ_REG_REG_STRING(r1,r1,c1) | BRT_ID_REG(c2,r1) | NULLN_REG_REG_REG_REG(r2,r3,r4,r5) | SCOPY_REG_REG(r6,r7)","r1=R21;c1=string@1501680;c2=label@12594;r2=R19;r3=R17;r4=R14;r5=R3;r6=R12;r7=R15","trace",12471
231,400,1,1,8,candidate,"SCOPY_REG_REG(r1,r2) | ICOPY_REG_REG(r3,r4) | LOAD_REG_STRING(r5,c1) | LOAD_REG_INT(r6,c2)","r1=R0;r2=R15;r3=R3;r4=R24;r5=R18;c1=string@312872;r6=R16;c2=int:0","trace",12735
232,400,1,1,5,candidate,"SCOPY_REG_REG(r1,r2) | LOAD_REG_INT(r3,c1) | STRLEN_REG_REG(r3,r1) | ICOPY_REG_REG(r4,r3)","r1=R21;r2=R15;r3=R22;c1=int:0;r4=R20","trace",12705
233,400,1,1,6,candidate,"SCOPY_REG_REG(r1,r2) | SCOPY_REG_REG(r3,r4) | LOAD_REG_INT(r5,c1) | RET_REG(r4)","r1=R42;r2=R48;r3=R43;r4=R9;r5=R44;c1=int:1","trace",14194
234,400,1,1,6,candidate,"SCOPY_REG_REG(r1,r2) | STRLEN_REG_REG(r3,r1) | LOAD_REG_INT(r4,c1) | ILT_REG_REG_REG(r5,r4,r3)","r1=R5;r2=R11;r3=R6;r4=R10;c1=int:0;r5=R15","trace",12260
235,400,1,1,6,candidate,"SEQ_REG_REG_STRING(r1,r2,c1) | BRT_ID_REG(c2,r1) | SEQ_REG_REG_STRING(r1,r3,c1) | BRF_ID_REG(c3,r1)","r1=R4;r2=R2;c1=string@28856;c2=label@59;r3=R1;c3=label@64","pos",48
236,400,1,1,8,candidate,"SETSTRPOS_REG_REG(r1,r2) | SUBSTRING_REG_REG_REG(r3,r1,r4) | ISUB_REG_INT_REG(r5,c1,r4) | BLE_ID_REG_INT(c2,r5,c3)","r1=R0;r2=R2;r3=R12;r4=R19;r5=R13;c1=int:1;c2=label@12864;c3=int:0","trace",12841
237,400,1,1,7,candidate,"STRCHAR_REG_REG_REG(r1,r2,r3) | INE_REG_REG_INT(r4,r1,c1) | BRF_ID_REG(c2,r4) | BR_ID(c3)","r1=R4;r2=R5;r3=R10;r4=R14;c1=int:63;c2=label@12289;c3=label@12295","trace",12276
238,400,1,1,6,candidate,"STRLEN_REG_REG(r1,r2) | LOAD_REG_INT(r3,c1) | ILT_REG_REG_REG(r4,r3,r1) | BRF_ID_REG(c2,r4)","r1=R6;r2=R5;r3=R10;c1=int:0;r4=R15;c2=label@12295","trace",12263
239,400,1,1,5,candidate,"STRUPPER_REG_REG(r1,r2) | SCOPY_REG_REG(r2,r1) | STRLEN_REG_REG(r3,r2) | LOAD_REG_INT(r4,c1)","r1=R11;r2=R5;r3=R6;r4=R10;c1=int:0","trace",12257
240,400,1,1,7,candidate,"SWAP_REG_REG(r1,r2) | BRTPANDT_ID_REG_INT(c1,r3,c2) | LOAD_REG_INT(r3,c3) | SETTP_REG_INT(r3,c4)","r1=R1;r2=R7;c1=label@38;r3=R8;c2=int:256;c3=int:1;c4=int:0","pos",25
241,400,1,1,6,candidate,"SWAP_REG_REG(r1,r2) | IEQ_REG_REG_INT(r3,r3,c1) | BRF_ID_REG(c2,r3) | LOAD_REG_INT(r4,c1)","r1=R32;r2=R26;r3=R30;c1=int:0;c2=label@12905;r4=R29","trace",12887
242,400,1,1,5,candidate,"SWAP_REG_REG(r1,r2) | STRUPPER_REG_REG(r3,r4) | SCOPY_REG_REG(r4,r3) | STRLEN_REG_REG(r5,r4)","r1=R48;r2=R13;r3=R11;r4=R5;r5=R6","trace",12254
243,399,1,1,7,candidate,"IEQ_REG_REG_INT(r1,r2,c1) | BRF_ID_REG(c2,r1) | REQ_REG_REG_REG(r3,r4,r5) | BRF_ID_REG(c2,r3)","r1=R3;r2=R44;c1=int:1;c2=label@12239;r3=R2;r4=R48;r5=R42","trace",12223
244,399,1,1,8,candidate,"NULL_REG(r1) | IEQ_REG_REG_INT(r2,r3,c1) | BRF_ID_REG(c2,r2) | REQ_REG_REG_REG(r4,r5,r6)","r1=R11;r2=R3;r3=R44;c1=int:1;c2=label@12239;r4=R2;r5=R48;r6=R42","trace",12221
245,203,4,1,6,candidate,"UNLINK_REG(r1) | LOAD_REG_INT(r2,c1) | ISETATTR1_REG_INT_REG(r3,c2,r2) | LOAD_REG_STRING(r2,c3)","r1=R5;r2=R4;c1=int:-1;r3=R6;c2=int:11;c3=string@28856","trace",9256
246,202,3,1,5,candidate,"UNLINK_REG(r1) | LOAD_REG_INT(r2,c1) | ISETATTR1_REG_INT_REG(r3,c2,r2) | LOAD_REG_INT(r2,c1)","r1=R5;r2=R4;c1=int:0;r3=R6;c2=int:8","trace",9275
247,201,2,1,5,candidate,"COPY_REG_REG(r1,r2) | LOAD_REG_INT(r3,c1) | ISETATTR1_REG_INT_REG(r1,c2,r3) | LOAD_REG_INT(r3,c1)","r1=R6;r2=R30;r3=R4;c1=int:0;c2=int:12","trace",9217
248,201,2,1,5,candidate,"LINKATTR1_REG_REG_INT(r1,r2,c1) | SCOPY_REG_REG(r1,r3) | UNLINK_REG(r1) | COPY_REG_REG(r4,r2)","r1=R5;r2=R6;c1=int:15;r3=R4;r4=R30","trace",9294
249,201,2,1,5,candidate,"LINKATTR1_REG_REG_INT(r1,r2,c1) | SCOPY_REG_REG(r1,r3) | UNLINK_REG(r1) | LOAD_REG_STRING(r3,c2)","r1=R5;r2=R6;c1=int:10;r3=R4;c2=string@28856","trace",9237
250,201,2,1,5,candidate,"SCOPY_REG_REG(r1,r2) | UNLINK_REG(r1) | LOAD_REG_STRING(r2,c1) | LINKATTR1_REG_REG_INT(r1,r3,c2)","r1=R5;r2=R4;c1=string@28856;r3=R6;c2=int:13","trace",9241
251,201,2,1,5,candidate,"UNLINK_REG(r1) | LOAD_REG_STRING(r2,c1) | LINKATTR1_REG_REG_INT(r1,r3,c2) | SCOPY_REG_REG(r1,r2)","r1=R5;r2=R4;c1=string@28856;r3=R6;c2=int:13","trace",9244
252,200,1,1,6,candidate,"BRF_ID_REG(c1,r1) | LOAD_REG_INT(r2,c2) | COPY_REG_REG(r3,r4) | BPOFF()","c1=label@9321;r1=R5;r2=R29;c2=int:0;r3=R7;r4=R30","trace",9310
253,200,1,1,8,candidate,"COPY_REG_REG(r1,r2) | REQ_REG_REG_STRING(r3,r4,c1) | BRF_ID_REG(c2,r3) | LOAD_REG_INT(r5,c3)","r1=R30;r2=R6;r3=R5;r4=R2;c1=string@1500272;c2=label@9321;r5=R29;c3=int:0","trace",9303
254,200,1,1,5,candidate,"FADD_REG_REG_REG(r1,r2,r1) | BPOFF() | LOAD_REG_INT(r2,c1) | CALL_REG_FUNC_REG(r3,c2,r2)","r1=R14;r2=R94;c1=int:0;r3=R93;c2=func@70272","benchmark_rexxcps_levelb_noopt",1368
255,200,1,1,7,candidate,"ICOPY_REG_REG(r1,r2) | BCF_ID_REG(c1,r1) | LOAD_REG_STRING(r3,c2) | LOAD_REG_STRING(r4,c3)","r1=R26;r2=R12;c1=label@1351;r3=R38;c2=string@29640;r4=R37;c3=string@384","benchmark_rexxcps_levelb_noopt",520
256,200,1,1,11,candidate,"IGT_REG_REG_REG(r1,r2,r3) | BRT_ID_REG(c1,r1) | LOAD_REG_INT(r4,c2) | SETTPSWAPCALL_REG_FUNC_REG_REG_INT_REG(r5,c3,r4,r6,c4,r7)","r1=R28;r2=R30;r3=R3;c1=label@1394;r4=R35;c2=int:1;r5=R27;c3=func@25576;r6=R23;c4=int:256;r7=R36","benchmark_rexxcps_levelb_noopt",432
257,200,1,1,4,candidate,"LOAD_REG_INT(r1,c1) | COPY_REG_REG(r2,r3) | BPOFF() | RET()","r1=R29;c1=int:0;r2=R7;r3=R30","trace",9313
258,200,1,1,7,candidate,"LOAD_REG_STRING(r1,c1) | COPY_REG_REG(r2,r3) | LOAD_REG_INT(r4,c2) | ISETATTR1_REG_INT_REG(r2,c3,r4)","r1=R32;c1=string@28856;r2=R6;r3=R30;r4=R4;c2=int:0;c3=int:12","trace",9214
259,200,1,1,6,candidate,"NUMSCI_INT_INT_INT(c1,c2,c3) | LOAD_REG_STRING(r1,c4) | LOAD_REG_STRING(r2,c4) | RET()","c1=int:18;c2=int:1;c3=int:2;r1=R0;c4=string@464;r2=R2","benchmark_rexxcps_levelb_noopt",3072
260,200,1,1,5,candidate,"REQ_REG_REG_STRING(r1,r2,c1) | BRF_ID_REG(c2,r1) | BPOFF() | BR_ID(c3)","r1=R35;r2=R34;c1=string@27168;c2=label@481;c3=label@508","benchmark_rexxcps_levelb_noopt",471
261,200,1,1,8,candidate,"REQ_REG_REG_STRING(r1,r2,c1) | BRF_ID_REG(c2,r1) | LOAD_REG_INT(r3,c3) | COPY_REG_REG(r4,r5)","r1=R5;r2=R2;c1=string@1500272;c2=label@9321;r3=R29;c3=int:0;r4=R7;r5=R30","trace",9306
262,200,1,1,3,candidate,"SCOPY_REG_REG(r1,r2) | STOF_REG(r1) | FADD_REG_REG_REG(r3,r1,r3) | BPOFF()","r1=R94;r2=R92;r3=R14","benchmark_rexxcps_levelb_noopt",1363
263,200,1,1,6,candidate,"SCOPY_REG_REG(r1,r2) | UNLINK_REG(r1) | COPY_REG_REG(r3,r4) | REQ_REG_REG_STRING(r1,r5,c1)","r1=R5;r2=R4;r3=R30;r4=R6;r5=R2;c1=string@1500272","trace",9298
264,200,1,1,3,candidate,"STOF_REG(r1) | FADD_REG_REG_REG(r2,r1,r2) | BPOFF() | LOAD_REG_INT(r1,c1)","r1=R94;r2=R14;c1=int:0","benchmark_rexxcps_levelb_noopt",1366
265,200,1,1,6,candidate,"UNLINK_REG(r1) | COPY_REG_REG(r2,r3) | REQ_REG_REG_STRING(r1,r4,c1) | BRF_ID_REG(c2,r1)","r1=R5;r2=R30;r3=R6;r4=R2;c1=string@1500272;c2=label@9321","trace",9301
266,120,1,1,8,candidate,"BRT_ID_REG(c1,r1) | MINLINKATTR1_REG_REG_REG_INT(r2,r3,r4,c2) | REQ_REG_REG_REG(r5,r2,r6) | UNLINK_REG(r2)","c1=label@4826;r1=R20;r2=R19;r3=R22;r4=R21;c2=int:0;r5=R18;r6=R24","trace",4798
267,120,1,1,9,candidate,"IGT_REG_REG_REG(r1,r2,r3) | BRT_ID_REG(c1,r1) | MINLINKATTR1_REG_REG_REG_INT(r4,r5,r2,c2) | REQ_REG_REG_REG(r6,r4,r7)","r1=R20;r2=R21;r3=R25;c1=label@4826;r4=R19;r5=R22;c2=int:0;r6=R18;r7=R24","trace",4794
268,120,1,1,7,candidate,"MINLINKATTR1_REG_REG_REG_INT(r1,r2,r3,c1) | REQ_REG_REG_REG(r4,r1,r5) | UNLINK_REG(r1) | BRF_ID_REG(c2,r4)","r1=R19;r2=R22;r3=R21;c1=int:0;r4=R18;r5=R24;c2=label@4823","trace",4801
269,100,1,1,9,candidate,"BRT_ID_REG(c1,r1) | LOAD_REG_STRING(r2,c2) | LOAD_REG_INT(r3,c3) | SETTPCALL_REG_FUNC_REG_REG_INT(r4,c4,r3,r2,c5)","c1=label@406;r1=R32;r2=R31;c2=string@21736;r3=R30;c3=int:1;r4=R29;c4=func@21856;c5=int:768","benchmark_rexxcps_levelb_noopt",358
270,100,1,1,8,candidate,"IGT_REG_REG_REG(r1,r2,r3) | BRT_ID_REG(c1,r1) | LOAD_REG_STRING(r4,c2) | LOAD_REG_INT(r5,c3)","r1=R32;r2=R33;r3=R3;c1=label@406;r4=R31;c2=string@21736;r5=R30;c3=int:1","benchmark_rexxcps_levelb_noopt",354
271,100,1,1,4,candidate,"SCOPY_REG_REG(r1,r2) | STOF_REG(r1) | FADD_REG_REG_REG(r3,r1,r3) | INC_REG(r4)","r1=R31;r2=R28;r3=R13;r4=R33","benchmark_rexxcps_levelb_noopt",393
272,100,1,1,4,candidate,"STOF_REG(r1) | FADD_REG_REG_REG(r2,r1,r2) | INC_REG(r3) | BR_ID(c1)","r1=R31;r2=R13;r3=R33;c1=label@354","benchmark_rexxcps_levelb_noopt",396
273,16,1,1,6,candidate,"ASSERTINITIALIZED_REG(r1) | NUMSCI_INT_INT_INT(c1,c2,c2) | NULL_REG(r2) | SCOPY_REG_REG(r3,r4)","r1=R37;c1=int:18;c2=int:1;r2=R1;r3=R7;r4=R38","trace",4226
274,16,1,1,7,candidate,"BRF_ID_REG(c1,r1) | ISUB_REG_REG_REG(r2,r3,r4) | SETSTRPOS_REG_REG(r5,r2) | SUBSTRING_REG_REG_REG(r6,r5,r4)","c1=label@4582;r1=R12;r2=R16;r3=R14;r4=R13;r5=R15;r6=R17","trace",4563
275,16,1,1,8,candidate,"COPY_REG_REG(r1,r2) | COPY_REG_REG(r3,r4) | ICOPY_REG_REG(r5,r6) | SCOPY_REG_REG(r7,r8)","r1=R26;r2=R0;r3=R22;r4=R1;r5=R25;r6=R2;r7=R24;r8=R4","trace",4779
276,16,1,1,8,candidate,"COPY_REG_REG(r1,r2) | ICOPY_REG_REG(r3,r4) | SCOPY_REG_REG(r5,r6) | LOAD_REG_INT(r7,c1)","r1=R22;r2=R1;r3=R25;r4=R2;r5=R24;r6=R4;r7=R21;c1=int:1","trace",4782
277,16,1,1,5,candidate,"COPY_REG_REG(r1,r2) | LINKATTR1_REG_REG_INT(r3,r2,c1) | COPY_REG_REG(r4,r3) | UNLINK_REG(r3)","r1=R0;r2=R37;r3=R21;c1=int:17;r4=R1","trace",4760
278,16,1,1,5,candidate,"COPY_REG_REG(r1,r2) | UNLINK_REG(r2) | LINKATTR1_REG_REG_INT(r2,r3,c1) | IGETUNLINK_REG_REG(r4,r2)","r1=R1;r2=R21;r3=R37;c1=int:16;r4=R2","trace",4767
279,16,1,1,6,candidate,"IADD_REG_REG_INT(r1,r2,c1) | UNLINK_REG(r2) | ISETATTR1_REG_INT_REG(r3,c2,r1) | LINKATTR1_REG_REG_INT(r1,r3,c3)","r1=R22;r2=R24;c1=int:1;r3=R37;c2=int:16;c3=int:17","trace",4848
280,16,1,1,7,candidate,"ICOPY_REG_REG(r1,r2) | SCOPY_REG_REG(r3,r4) | LOAD_REG_INT(r5,c1) | IGT_REG_REG_REG(r6,r5,r1)","r1=R25;r2=R2;r3=R24;r4=R4;r5=R21;c1=int:1;r6=R20","trace",4785
281,16,1,1,7,candidate,"IGETUNLINK_REG_REG(r1,r2) | COPY_REG_REG(r3,r4) | COPY_REG_REG(r5,r6) | ICOPY_REG_REG(r7,r1)","r1=R2;r2=R21;r3=R26;r4=R0;r5=R22;r6=R1;r7=R25","trace",4776
282,16,1,1,6,candidate,"ILT_REG_REG_REG(r1,r2,r3) | BRF_ID_REG(c1,r1) | ISUB_REG_REG_REG(r4,r3,r2) | SETSTRPOS_REG_REG(r5,r4)","r1=R12;r2=R13;r3=R14;c1=label@4582;r4=R16;r5=R15","trace",4559
283,16,1,1,7,candidate,"ISETATTR1_REG_INT_REG(r1,c1,r2) | LINKATTR1_REG_REG_INT(r2,r1,c2) | LINKATTR1_REG_REG_INT(r3,r1,c1) | MINLINKATTR1_REG_REG_REG_INT(r4,r2,r3,c3)","r1=R37;c1=int:16;r2=R22;c2=int:17;r3=R25;r4=R24;c3=int:0","trace",4854
284,16,1,1,6,candidate,"ISUB_REG_REG_REG(r1,r2,r3) | SETSTRPOS_REG_REG(r4,r1) | SUBSTRING_REG_REG_REG(r5,r4,r3) | SCOPY_REG_REG(r6,r5)","r1=R16;r2=R14;r3=R13;r4=R15;r5=R17;r6=R12","trace",4566
285,16,1,1,5,candidate,"LINKATTR1_REG_REG_INT(r1,r2,c1) | COPY_REG_REG(r3,r1) | UNLINK_REG(r1) | LINKATTR1_REG_REG_INT(r1,r2,c2)","r1=R21;r2=R37;c1=int:17;r3=R1;c2=int:16","trace",4763
286,16,1,1,5,candidate,"LINKATTR1_REG_REG_INT(r1,r2,c1) | IADD_REG_REG_INT(r3,r1,c2) | UNLINK_REG(r1) | ISETATTR1_REG_INT_REG(r2,c1,r3)","r1=R24;r2=R37;c1=int:16;r3=R22;c2=int:1","trace",4844
287,16,1,1,8,candidate,"LINKATTR1_REG_REG_INT(r1,r2,c1) | IGETUNLINK_REG_REG(r3,r1) | COPY_REG_REG(r4,r5) | COPY_REG_REG(r6,r7)","r1=R21;r2=R37;c1=int:16;r3=R2;r4=R26;r5=R0;r6=R22;r7=R1","trace",4772
288,16,1,1,7,candidate,"LINKATTR1_REG_REG_INT(r1,r2,c1) | LINKATTR1_REG_REG_INT(r3,r2,c2) | MINLINKATTR1_REG_REG_REG_INT(r4,r1,r3,c3) | UNLINK_REG(r3)","r1=R22;r2=R37;c1=int:17;r3=R25;c2=int:16;r4=R24;c3=int:0","trace",4858
289,16,1,1,7,candidate,"LINKATTR1_REG_REG_INT(r1,r2,c1) | MINLINKATTR1_REG_REG_REG_INT(r3,r4,r1,c2) | UNLINK_REG(r1) | SCOPY_REG_REG(r3,r5)","r1=R25;r2=R37;c1=int:16;r3=R24;r4=R22;c2=int:0;r5=R4","trace",4862
290,16,1,1,8,candidate,"LOAD_REG_INT(r1,c1) | LOAD_REG_STRING(r2,c2) | LOAD_REG_INT(r3,c3) | LOAD_REG_STRING(r4,c4)","r1=R13;c1=int:1;r2=R24;c2=string@312872;r3=R21;c3=int:0;r4=R19;c4=string@28856","trace",4500
291,16,1,1,7,candidate,"LOAD_REG_STRING(r1,c1) | LOAD_REG_INT(r2,c2) | LOAD_REG_STRING(r3,c3) | LOAD_REG_STRING(r4,c3)","r1=R24;c1=string@312872;r2=R21;c2=int:0;r3=R19;c3=string@28856;r4=R17","trace",4503
292,16,16,1,7,candidate,"LOAD_REG_STRING(r1,c1) | SETTP_REG_INT(r2,c2) | SETTP_REG_INT(r1,c3) | CALL2_REG_FUNC_REG_REG(r3,c4,r2,r1)","r1=R7;c1=string@1499120;r2=R3;c2=int:256;c3=int:768;r3=R2;c4=func@1261088","trace",11969
293,16,1,1,5,candidate,"LOAD_REG_STRING(r1,c1) | STRLOWER_REG_REG(r1,r2) | COPY_REG_REG(r3,r1) | REQ_REG_REG_STRING(r4,r3,c1)","r1=R8;c1=string@28856;r2=R9;r3=R6;r4=R13","trace",4255
294,16,1,1,5,candidate,"MINLINKATTR1_REG_REG_REG_INT(r1,r2,r3,c1) | UNLINK_REG(r3) | SCOPY_REG_REG(r1,r4) | UNLINKN_REG_REG(r1,r2)","r1=R24;r2=R22;r3=R25;c1=int:0;r4=R4","trace",4866
295,16,1,1,9,candidate,"NULLN_REG_REG_REG_REG(r1,r2,r3,r4) | NULL_REG(r5) | SCOPY_REG_REG(r6,r7) | LOAD_REG_INT(r8,c1)","r1=R22;r2=R20;r3=R18;r4=R16;r5=R14;r6=R15;r7=R6;r8=R13;c1=int:1","trace",4490
296,16,1,1,9,candidate,"NULL_REG(r1) | SCOPY_REG_REG(r2,r3) | LOADSETTPSWAP_REG_INT_REG_INT_REG(r4,c1,r2,c2,r5) | SETTP_REG_INT(r6,c3)","r1=R1;r2=R7;r3=R38;r4=R10;c1=int:3;c2=int:256;r5=R11;r6=R12;c3=int:512","trace",4232
297,16,1,1,7,candidate,"NULL_REG(r1) | SCOPY_REG_REG(r2,r3) | LOAD_REG_INT(r4,c1) | LOAD_REG_STRING(r5,c2)","r1=R14;r2=R15;r3=R6;r4=R13;c1=int:1;r5=R24;c2=string@312872","trace",4495
298,16,1,1,9,candidate,"NUMSCI_INT_INT_INT(c1,c2,c2) | NULL_REG(r1) | SCOPY_REG_REG(r2,r3) | LOADSETTPSWAP_REG_INT_REG_INT_REG(r4,c3,r2,c4,r5)","c1=int:18;c2=int:1;r1=R1;r2=R7;r3=R38;r4=R10;c3=int:3;c4=int:256;r5=R11","trace",4228
299,16,1,1,11,candidate,"SCOPY_REG_REG(r1,r2) | LOADSETTPSWAP_REG_INT_REG_INT_REG(r3,c1,r1,c2,r4) | SETTP_REG_INT(r5,c3) | SETTPCALL_REG_FUNC_REG_REG_INT(r6,c4,r3,r7,c3)","r1=R7;r2=R38;r3=R10;c1=int:3;c2=int:256;r4=R11;r5=R12;c3=int:512;r6=R9;c4=func@1267352;r7=R13","trace",4234
300,16,1,1,7,candidate,"SCOPY_REG_REG(r1,r2) | LOAD_REG_INT(r3,c1) | IGT_REG_REG_REG(r4,r3,r5) | BRT_ID_REG(c2,r4)","r1=R24;r2=R4;r3=R21;c1=int:1;r4=R20;r5=R25;c2=label@4826","trace",4788
301,16,1,1,6,candidate,"STRLOWER_REG_REG(r1,r2) | COPY_REG_REG(r3,r1) | REQ_REG_REG_STRING(r4,r3,c1) | BRF_ID_REG(c2,r4)","r1=R8;r2=R9;r3=R6;r4=R13;c1=string@28856;c2=label@4279","trace",4258
302,16,1,1,6,candidate,"SWAP_REG_REG(r1,r2) | LOAD_REG_STRING(r3,c1) | STRLOWER_REG_REG(r3,r4) | COPY_REG_REG(r5,r3)","r1=R7;r2=R11;r3=R8;c1=string@28856;r4=R9;r5=R6","trace",4252
303,16,1,1,6,candidate,"UNLINK_REG(r1) | ISETATTR1_REG_INT_REG(r2,c1,r3) | LINKATTR1_REG_REG_INT(r3,r2,c2) | LINKATTR1_REG_REG_INT(r4,r2,c1)","r1=R24;r2=R37;c1=int:16;r3=R22;c2=int:17;r4=R25","trace",4852
304,16,1,1,6,candidate,"UNLINK_REG(r1) | LINKATTR1_REG_REG_INT(r1,r2,c1) | IGETUNLINK_REG_REG(r3,r1) | COPY_REG_REG(r4,r5)","r1=R21;r2=R37;c1=int:16;r3=R2;r4=R26;r5=R0","trace",4770
305,16,1,1,4,candidate,"UNLINK_REG(r1) | SCOPY_REG_REG(r2,r3) | UNLINKN_REG_REG(r2,r4) | RET()","r1=R25;r2=R24;r3=R4;r4=R22","trace",4871
306,15,1,1,8,candidate,"LOAD_REG_INT(r1,c1) | IGT_REG_REG_REG(r2,r1,r3) | BRT_ID_REG(c2,r2) | MINLINKATTR1_REG_REG_REG_INT(r4,r5,r1,c3)","r1=R21;c1=int:1;r2=R20;r3=R25;c2=label@4826;r4=R19;r5=R22;c3=int:0","trace",4791
307,10,7,2,5,candidate,"LOAD_REG_STRING(r1,c1) | LOAD_REG_STRING(r2,c1) | LOAD_REG_STRING(r3,c1) | LOAD_REG_STRING(r4,c1)","r1=R14;c1=string@28856;r2=R5;r3=R0;r4=R20","_typedformat",172
308,9,1,1,8,candidate,"IGT_REG_REG_REG(r1,r2,r3) | BRT_ID_REG(c1,r1) | STRCHAR_REG_REG_REG(r4,r5,r2) | BRF_ID_REG(c2,r6)","r1=R58;r2=R60;r3=R59;c1=label@1259;r4=R10;r5=R20;c2=label@1175;r6=R42","_typedformat",1156
309,8,4,1,8,candidate,"LOAD_REG_INT(r1,c1) | LOAD_REG_INT(r2,c2) | LOAD_REG_INT(r3,c3) | LOAD_REG_INT(r4,c4)","r1=R38;c1=int:0;r2=R44;c2=int:48;r3=R9;c3=int:32;r4=R25;c4=int:45","_typedformat",199
310,7,4,2,7,candidate,"BRF_ID_REG(c1,r1) | LOAD_REG_INT(r2,c2) | SETSTRPOS_REG_REG(r3,r2) | SUBSTRING_REG_REG_REG(r4,r3,r5)","c1=label@398;r1=R47;r2=R40;c2=int:0;r3=R23;r4=R5;r5=R33","_typedformat",385
311,7,1,1,8,candidate,"BRT_ID_REG(c1,r1) | STRCHAR_REG_REG_REG(r2,r3,r4) | BRF_ID_REG(c2,r5) | APPENDCHAR_REG_REG(r6,r2)","c1=label@1259;r1=R58;r2=R10;r3=R20;r4=R60;c2=label@1175;r5=R42;r6=R34","_typedformat",1160
312,7,1,1,7,candidate,"STRCHAR_REG_REG_REG(r1,r2,r3) | BRF_ID_REG(c1,r4) | APPENDCHAR_REG_REG(r5,r1) | BR_ID(c2)","r1=R10;r2=R20;r3=R60;c1=label@1175;r4=R42;r5=R34;c2=label@1217","_typedformat",1163
313,5,5,1,4,candidate,"CONCAT_REG_REG_REG(r1,r1,r2) | SCONCAT_REG_REG_STRING(r1,r1,c1) | ITOS_REG(r3) | CONCAT_REG_REG_REG(r1,r1,r3)","r1=R33;r2=R31;c1=string@13032;r3=R15","benchmark_rexxcps_levelb_noopt",239
314,5,5,1,4,candidate,"ITOS_REG(r1) | CONCAT_REG_REG_REG(r2,r2,r1) | SCONCAT_REG_REG_STRING(r2,r2,c1) | ITOS_REG(r3)","r1=R31;r2=R33;c1=string@13032;r3=R15","benchmark_rexxcps_levelb_noopt",237
315,5,5,1,4,candidate,"LOAD_REG_STRING(r1,c1) | SCOPY_REG_REG(r2,r1) | STOD_REG(r2) | LOAD_REG_STRING(r1,c2)","r1=R33;c1=string@17904;r2=R7;c2=string@18416","benchmark_rexxcps_levelb_noopt",303
316,5,5,1,4,candidate,"SCOPY_REG_REG(r1,r2) | STOD_REG(r1) | LOAD_REG_STRING(r2,c1) | SCOPY_REG_REG(r3,r2)","r1=R7;r2=R33;c1=string@18416;r3=R9","benchmark_rexxcps_levelb_noopt",306
317,5,5,1,4,candidate,"STOD_REG(r1) | LOAD_REG_STRING(r2,c1) | SCOPY_REG_REG(r3,r2) | STOD_REG(r3)","r1=R7;r2=R33;c1=string@18416;r3=R9","benchmark_rexxcps_levelb_noopt",309
318,4,2,1,6,candidate,"BRTPANDT_ID_REG_INT(c1,r1,c2) | LOAD_REG_INT(r1,c3) | SETTP_REG_INT(r1,c3) | BRTPANDT_ID_REG_INT(c4,r2,c2)","c1=label@14;r1=R27;c2=int:256;c3=int:0;c4=label@24;r2=R28","floatformat",4
319,4,2,1,6,candidate,"IGT_REG_REG_INT(r1,r2,c1) | BRF_ID_REG(c2,r1) | LOAD_REG_INT(r3,c1) | SETSTRPOS_REG_REG(r4,r3)","r1=R47;r2=R33;c1=int:0;c2=label@398;r3=R40;r4=R23","_typedformat",381
320,4,4,1,5,candidate,"ISETATTR1_REG_INT_REG(r1,c1,r2) | LOAD_REG_INT(r2,c2) | ISETATTR1_REG_INT_REG(r1,c3,r2) | LOAD_REG_INT(r2,c2)","r1=R1;c1=int:1;r2=R0;c2=int:0;c3=int:5","trace",11752
321,4,2,1,5,candidate,"LOAD_REG_INT(r1,c1) | SETSTRPOS_REG_REG(r2,r1) | SUBSTRING_REG_REG_REG(r3,r2,r4) | SCOPY_REG_REG(r2,r3)","r1=R40;c1=int:0;r2=R20;r3=R51;r4=R37","_typedformat",757
322,4,2,1,7,candidate,"LOAD_REG_STRING(r1,c1) | IGT_REG_REG_INT(r2,r3,c2) | BRF_ID_REG(c3,r2) | LOAD_REG_INT(r4,c2)","r1=R5;c1=string@28856;r2=R47;r3=R33;c2=int:0;c3=label@398;r4=R40","_typedformat",378
323,4,4,1,4,candidate,"SCONCAT_REG_REG_STRING(r1,r1,c1) | ITOS_REG(r2) | CONCAT_REG_REG_REG(r1,r1,r2) | SCONCAT_REG_REG_STRING(r1,r1,c2)","r1=R33;c1=string@13032;r2=R15;c2=string@13320","benchmark_rexxcps_levelb_noopt",243
324,4,2,1,5,candidate,"SETSTRPOS_REG_REG(r1,r2) | SUBSTRING_REG_REG_REG(r3,r1,r4) | SCOPY_REG_REG(r1,r3) | ICOPY_REG_REG(r5,r4)","r1=R20;r2=R40;r3=R51;r4=R37;r5=R21","_typedformat",760
325,3,2,2,7,candidate,"BRT_ID_REG(c1,r1) | SEQ_REG_REG_STRING(r1,r2,c2) | BRT_ID_REG(c3,r1) | SEQ_REG_REG_STRING(r3,r2,c4)","c1=label@76;r1=R0;r2=R1;c2=string@957312;c3=label@87;r3=R11;c4=string@957352","floatformat",69
326,3,2,2,6,candidate,"ISUB_REG_INT_REG(r1,c1,r2) | POSCHAR_REG_REG_REG(r1,r3,r4) | ILT_REG_REG_INT(r2,r1,c1) | BRF_ID_REG(c2,r2)","r1=R33;c1=int:0;r2=R48;r3=R23;r4=R32;c2=label@378","_typedformat",349
327,3,2,2,8,candidate,"ISUB_REG_REG_INT(r1,r2,c1) | IGT_REG_REG_REG(r3,r4,r1) | BRT_ID_REG(c2,r3) | STRCHAR_REG_REG_REG(r5,r6,r4)","r1=R59;r2=R21;c1=int:1;r3=R58;r4=R60;c2=label@1259;r5=R10;r6=R20","_typedformat",1152
328,3,2,2,6,candidate,"LOAD_REG_INT(r1,c1) | ISUB_REG_INT_REG(r2,c2,r1) | POSCHAR_REG_REG_REG(r2,r3,r4) | ILT_REG_REG_INT(r1,r2,c2)","r1=R48;c1=int:1;r2=R33;c2=int:0;r3=R23;r4=R32","_typedformat",346
329,3,2,2,6,candidate,"LOAD_REG_STRING(r1,c1) | LOAD_REG_STRING(r2,c1) | LOAD_REG_STRING(r3,c1) | LOAD_REG_INT(r4,c2)","r1=R20;c1=string@28856;r2=R41;r3=R34;r4=R12;c2=int:0","_typedformat",181
330,3,2,2,6,candidate,"SEQ_REG_REG_STRING(r1,r2,c1) | BRT_ID_REG(c2,r1) | SEQ_REG_REG_STRING(r1,r2,c3) | BRT_ID_REG(c4,r1)","r1=R0;r2=R1;c1=string@957272;c2=label@76;c3=string@957312;c4=label@87","floatformat",65
331,3,2,2,8,candidate,"SEQ_REG_REG_STRING(r1,r2,c1) | BRT_ID_REG(c2,r1) | SEQ_REG_REG_STRING(r3,r2,c3) | BRTF_ID_ID_REG(c4,c5,r3)","r1=R0;r2=R1;c1=string@957312;c2=label@87;r3=R11;c3=string@957352;c4=label@101;c5=label@93","floatformat",72
332,2,1,1,7,candidate,"BGE_ID_REG_INT(c1,r1,c2) | POSCHAR_REG_REG_REG(r1,r2,r3) | IGTE_REG_REG_INT(r4,r1,c2) | BRF_ID_REG(c3,r4)","c1=label@242;r1=R11;c2=int:0;r2=R28;r3=R22;r4=R47;c3=label@296","_typedformat",234
333,2,1,1,5,candidate,"BRF_ID_REG(c1,r1) | IADD_REG_REG_REG(r2,r3,r4) | ISUB_REG_REG_REG(r1,r2,r4) | IGT_REG_REG_REG(r1,r3,r1)","c1=label@1104;r1=R60;r2=R7;r3=R31;r4=R39","_typedformat",1097
334,2,1,1,8,candidate,"BRF_ID_REG(c1,r1) | IADD_REG_REG_REG(r2,r3,r4) | STRCHAR_REG_REG_REG(r5,r6,r2) | ICOPY_REG_REG(r7,r2)","c1=label@1039;r1=R52;r2=R40;r3=R31;r4=R2;r5=R35;r6=R20;r7=R37","_typedformat",733
335,2,1,1,8,candidate,"BRF_ID_REG(c1,r1) | SETSTRPOS_REG_REG(r2,r3) | SUBSTRING_REG_REG_REG(r4,r2,r5) | ICOPY_REG_REG(r6,r7)","c1=label@423;r1=R47;r2=R23;r3=R40;r4=R0;r5=R1;r6=R6;r7=R33","_typedformat",413
336,2,1,1,6,candidate,"BRTPANDT_ID_REG_INT(c1,r1,c2) | LOAD_REG_INT(r1,c3) | SETTP_REG_INT(r1,c3) | GETANDTP_REG_REG_INT(r2,r3,c2)","c1=label@44;r1=R30;c2=int:256;c3=int:0;r2=R3;r3=R27","floatformat",34
337,2,1,1,8,candidate,"BRT_ID_REG(c1,r1) | LOAD_REG_FLOAT(r2,c2) | LOAD_REG_INT(r3,c3) | IGT_REG_REG_REG(r4,r3,r5)","c1=label@1457;r1=R31;r2=R14;c2=float@15608;r3=R30;c3=int:1;r4=R28;r5=R3","benchmark_rexxcps_levelb_noopt",423
338,2,1,1,5,candidate,"BTOI_REG(r1) | ICOPY_REG_REG(r2,r1) | IADD_REG_REG_REG(r1,r3,r4) | IGT_REG_REG_REG(r1,r5,r1)","r1=R60;r2=R39;r3=R31;r4=R2;r5=R21","_typedformat",960
339,2,1,1,10,candidate,"CONCAT_REG_REG_REG(r1,r2,r3) | IADD_REG_REG_REG(r4,r5,r6) | ILT_REG_REG_INT(r7,r8,c1) | BRF_ID_REG(c2,r7)","r1=R20;r2=R5;r3=R0;r4=R21;r5=R6;r6=R1;r7=R53;r8=R31;c1=int:1;c2=label@677","_typedformat",640
340,2,1,1,5,candidate,"FCOPY_REG_REG(r1,r2) | FTOS_REG(r1) | SEQ_REG_REG_STRING(r3,r1,c1) | BRT_ID_REG(c2,r3)","r1=R1;r2=R26;r3=R0;c1=string@957272;c2=label@76","floatformat",60
341,2,1,1,5,candidate,"FTOS_REG(r1) | SEQ_REG_REG_STRING(r2,r1,c1) | BRT_ID_REG(c2,r2) | SEQ_REG_REG_STRING(r2,r1,c3)","r1=R1;r2=R0;c1=string@957272;c2=label@76;c3=string@957312","floatformat",63
342,2,1,1,7,candidate,"GETANDTP_REG_REG_INT(r1,r2,c1) | FCOPY_REG_REG(r3,r4) | FTOS_REG(r3) | SEQ_REG_REG_STRING(r5,r3,c2)","r1=R9;r2=R30;c1=int:256;r3=R1;r4=R26;r5=R0;c2=string@957272","floatformat",56
343,2,1,1,7,candidate,"GETANDTP_REG_REG_INT(r1,r2,c1) | GETANDTP_REG_REG_INT(r3,r4,c1) | FCOPY_REG_REG(r5,r6) | FTOS_REG(r5)","r1=R7;r2=R29;c1=int:256;r3=R9;r4=R30;r5=R1;r6=R26","floatformat",52
344,2,1,1,9,candidate,"GETANDTP_REG_REG_INT(r1,r2,c1) | GETANDTP_REG_REG_INT(r3,r4,c1) | GETANDTP_REG_REG_INT(r5,r6,c1) | FCOPY_REG_REG(r7,r8)","r1=R5;r2=R28;c1=int:256;r3=R7;r4=R29;r5=R9;r6=R30;r7=R1;r8=R26","floatformat",48
345,2,1,1,9,candidate,"GETANDTP_REG_REG_INT(r1,r2,c1) | GETANDTP_REG_REG_INT(r3,r4,c1) | GETANDTP_REG_REG_INT(r5,r6,c1) | GETANDTP_REG_REG_INT(r7,r8,c1)","r1=R3;r2=R27;c1=int:256;r3=R5;r4=R28;r5=R7;r6=R29;r7=R9;r8=R30","floatformat",44
346,2,1,1,9,candidate,"IADD_REG_REG_INT(r1,r2,c1) | ISUB_REG_REG_REG(r3,r4,r1) | LOAD_REG_STRING(r5,c2) | IGT_REG_REG_INT(r6,r3,c3)","r1=R40;r2=R33;c1=int:1;r3=R1;r4=R24;r5=R0;c2=string@28856;r6=R47;c3=int:0","_typedformat",398
347,2,1,1,5,candidate,"IADD_REG_REG_REG(r1,r2,r3) | ISUB_REG_REG_REG(r4,r1,r3) | IGT_REG_REG_REG(r4,r2,r4) | BRF_ID_REG(c1,r4)","r1=R7;r2=R31;r3=R39;r4=R60;c1=label@1118","_typedformat",1100
348,2,1,1,8,candidate,"IADD_REG_REG_REG(r1,r2,r3) | STRCHAR_REG_REG_REG(r4,r5,r1) | ICOPY_REG_REG(r6,r1) | LOAD_REG_STRING(r7,c1)","r1=R40;r2=R31;r3=R2;r4=R35;r5=R20;r6=R37;r7=R51;c1=string@28856","_typedformat",736
349,2,1,1,8,candidate,"ICOPY_REG_REG(r1,r2) | BRT_ID_REG(c1,r3) | ICOPY_REG_REG(r4,r5) | BRTF_ID_ID_REG(c2,c3,r4)","r1=R31;r2=R6;c1=label@439;r3=R68;r4=R48;r5=R70;c2=label@445;c3=label@630","_typedformat",426
350,2,1,1,6,candidate,"ICOPY_REG_REG(r1,r2) | IADD_REG_REG_REG(r2,r3,r4) | IGT_REG_REG_REG(r2,r5,r2) | BRF_ID_REG(c1,r2)","r1=R39;r2=R60;r3=R31;r4=R2;r5=R21;c1=label@980","_typedformat",962
351,2,1,1,7,candidate,"ICOPY_REG_REG(r1,r2) | ICOPY_REG_REG(r3,r1) | BRT_ID_REG(c1,r4) | ICOPY_REG_REG(r5,r6)","r1=R6;r2=R33;r3=R31;c1=label@439;r4=R68;r5=R48;r6=R70","_typedformat",423
352,2,1,1,8,candidate,"ICOPY_REG_REG(r1,r2) | ICOPY_REG_REG(r3,r4) | ICOPY_REG_REG(r5,r6) | ICOPY_REG_REG(r7,r8)","r1=R7;r2=R63;r3=R2;r4=R65;r5=R15;r6=R67;r7=R17;r8=R69","_typedformat",18
353,2,1,1,10,candidate,"ICOPY_REG_REG(r1,r2) | ICOPY_REG_REG(r3,r4) | ICOPY_REG_REG(r5,r6) | NULLN_REG_REG_REG_REG(r7,r8,r9,r10)","r1=R2;r2=R65;r3=R15;r4=R67;r5=R17;r6=R69;r7=R1;r8=R10;r9=R11;r10=R13","_typedformat",21
354,2,1,1,12,candidate,"ICOPY_REG_REG(r1,r2) | ICOPY_REG_REG(r3,r4) | NULLN_REG_REG_REG_REG(r5,r6,r7,r8) | NULLN_REG_REG_REG_REG(r9,r10,r11,r12)","r1=R15;r2=R67;r3=R17;r4=R69;r5=R1;r6=R10;r7=R11;r8=R13;r9=R19;r10=R21;r11=R24;r12=R26","_typedformat",24
355,2,1,1,7,candidate,"ICOPY_REG_REG(r1,r2) | LOAD_REG_STRING(r3,c1) | IGT_REG_REG_INT(r4,r2,c2) | BRF_ID_REG(c3,r4)","r1=R37;r2=R40;r3=R51;c1=string@28856;r4=R50;c2=int:0;c3=label@767","_typedformat",744
356,2,1,1,7,candidate,"ICOPY_REG_REG(r1,r2) | NOT_REG_REG(r3,r4) | BRF_ID_REG(c1,r3) | IADD_REG_REG_REG(r5,r2,r6)","r1=R21;r2=R31;r3=R60;r4=R64;c1=label@1104;r5=R7;r6=R39","_typedformat",1091
357,2,1,1,14,candidate,"ICOPY_REG_REG(r1,r2) | NULLN_REG_REG_REG_REG(r3,r4,r5,r6) | NULLN_REG_REG_REG_REG(r7,r8,r9,r10) | NULLN_REG_REG_REG_REG(r11,r12,r13,r14)","r1=R17;r2=R69;r3=R1;r4=R10;r5=R11;r6=R13;r7=R19;r8=R21;r9=R24;r10=R26;r11=R27;r12=R29;r13=R30;r14=R33","_typedformat",27
358,2,1,1,5,candidate,"IGT_REG_REG_INT(r1,r2,c1) | BRF_ID_REG(c2,r1) | LOAD_REG_INT(r2,c1) | SETSTRPOS_REG_REG(r3,r2)","r1=R50;r2=R40;c1=int:0;c2=label@767;r3=R20","_typedformat",750
359,2,1,1,7,candidate,"IGT_REG_REG_INT(r1,r2,c1) | BRF_ID_REG(c2,r1) | SETSTRPOS_REG_REG(r3,r4) | SUBSTRING_REG_REG_REG(r5,r3,r2)","r1=R47;r2=R1;c1=int:0;c2=label@423;r3=R23;r4=R40;r5=R0","_typedformat",409
360,2,1,1,8,candidate,"IGT_REG_REG_REG(r1,r2,r3) | BRF_ID_REG(c1,r1) | IADD_REG_REG_REG(r4,r5,r3) | STRCHAR_REG_REG_REG(r6,r7,r4)","r1=R52;r2=R4;r3=R2;c1=label@1039;r4=R40;r5=R31;r6=R35;r7=R20","_typedformat",729
361,2,1,1,8,candidate,"IGT_REG_REG_REG(r1,r2,r3) | BRT_ID_REG(c1,r1) | LOAD_REG_FLOAT(r4,c2) | LOAD_REG_INT(r5,c3)","r1=R31;r2=R33;r3=R32;c1=label@1457;r4=R14;c2=float@15608;r5=R30;c3=int:1","benchmark_rexxcps_levelb_noopt",419
362,2,1,1,7,candidate,"ISUB_REG_INT_REG(r1,c1,r2) | POSCHAR_REG_REG_REG(r1,r3,r4) | BGE_ID_REG_INT(c2,r1,c1) | POSCHAR_REG_REG_REG(r1,r3,r5)","r1=R11;c1=int:0;r2=R47;r3=R28;r4=R43;c2=label@242;r5=R22","_typedformat",226
363,2,1,1,8,candidate,"ISUB_REG_REG_REG(r1,r2,r3) | LOAD_REG_STRING(r4,c1) | IGT_REG_REG_INT(r5,r1,c2) | BRF_ID_REG(c3,r5)","r1=R1;r2=R24;r3=R40;r4=R0;c1=string@28856;r5=R47;c2=int:0;c3=label@423","_typedformat",402
364,2,1,1,23,candidate,"LOADSETTPSWAP_REG_INT_REG_INT_REG(r1,c1,r2,c2,r3) | SWAPN_REG_REG_REG_REG_REG_REG_REG_REG(r4,r5,r6,r7,r8,r9,r10,r11) | SWAPN_REG_REG_REG_REG_REG_REG(r12,r13,r14,r15,r16,r17) | SWAPCALL_REG_FUNC_REG_REG_REG(r18,c3,r1,r19,r20)","r1=R14;c1=int:9;r2=R1;c2=int:256;r3=R15;r4=R16;r5=R27;r6=R17;r7=R3;r8=R18;r9=R28;r10=R19;r11=R5;r12=R20;r13=R29;r14=R21;r15=R7;r16=R22;r17=R30;r18=R24;c3=func@955240;r19=R9;r20=R23","floatformat",138
365,2,2,1,5,candidate,"LOAD_REG_FLOAT(r1,c1) | LOAD_REG_FLOAT(r2,c1) | LOAD_REG_FLOAT(r3,c1) | LOAD_REG_FLOAT(r4,c1)","r1=R13;c1=float@15608;r2=R14;r3=R22;r4=R16","benchmark_rexxcps_levelb_noopt",288
366,2,1,1,7,candidate,"LOAD_REG_FLOAT(r1,c1) | LOAD_REG_INT(r2,c2) | IGT_REG_REG_REG(r3,r2,r4) | BRT_ID_REG(c3,r3)","r1=R14;c1=float@15608;r2=R30;c2=int:1;r3=R28;r4=R3;c3=label@1394","benchmark_rexxcps_levelb_noopt",426
367,2,1,1,5,candidate,"LOAD_REG_INT(r1,c1) | BTOI_REG(r1) | ICOPY_REG_REG(r2,r1) | IADD_REG_REG_REG(r1,r3,r4)","r1=R60;c1=int:0;r2=R39;r3=R31;r4=R2","_typedformat",957
368,2,1,1,6,candidate,"LOAD_REG_INT(r1,c1) | IGT_REG_REG_REG(r2,r1,r3) | BRT_ID_REG(c2,r2) | LOAD_REG_INT(r4,c1)","r1=R30;c1=int:1;r2=R28;r3=R3;c2=label@1394;r4=R35","benchmark_rexxcps_levelb_noopt",429
369,2,1,1,7,candidate,"LOAD_REG_INT(r1,c1) | ISUB_REG_INT_REG(r2,c2,r1) | POSCHAR_REG_REG_REG(r2,r3,r4) | BGE_ID_REG_INT(c3,r2,c2)","r1=R47;c1=int:1;r2=R11;c2=int:0;r3=R28;r4=R43;c3=label@242","_typedformat",223
370,2,1,1,7,candidate,"LOAD_REG_INT(r1,c1) | ISUB_REG_REG_INT(r2,r3,c2) | IGT_REG_REG_REG(r4,r1,r2) | BRT_ID_REG(c3,r4)","r1=R60;c1=int:0;r2=R59;r3=R21;c2=int:1;r4=R58;c3=label@1259","_typedformat",1149
371,2,1,1,6,candidate,"LOAD_REG_INT(r1,c1) | LOAD_REG_INT(r2,c1) | LOAD_REG_INT(r3,c1) | LOAD_REG_INT(r4,c2)","r1=R31;c1=int:0;r2=R39;r3=R38;r4=R44;c2=int:48","_typedformat",193
372,2,1,1,7,candidate,"LOAD_REG_INT(r1,c1) | LOAD_REG_INT(r2,c1) | LOAD_REG_INT(r3,c2) | LOAD_REG_INT(r4,c3)","r1=R39;c1=int:0;r2=R38;r3=R44;c2=int:48;r4=R9;c3=int:32","_typedformat",196
373,2,1,1,8,candidate,"LOAD_REG_INT(r1,c1) | LOAD_REG_INT(r2,c2) | LOAD_REG_INT(r3,c3) | STRLEN_REG_REG(r4,r5)","r1=R43;c1=int:69;r2=R22;c2=int:101;r3=R32;c3=int:46;r4=R27;r5=R28","_typedformat",211
374,2,1,1,8,candidate,"LOAD_REG_INT(r1,c1) | LOAD_REG_INT(r2,c2) | STRLEN_REG_REG(r3,r4) | LOAD_REG_INT(r5,c3)","r1=R22;c1=int:101;r2=R32;c2=int:46;r3=R27;r4=R28;r5=R47;c3=int:1","_typedformat",214
375,2,1,1,8,candidate,"LOAD_REG_INT(r1,c1) | LOAD_REG_STRING(r2,c2) | LOAD_REG_INT(r3,c1) | ISUB_REG_REG_INT(r4,r5,c3)","r1=R42;c1=int:0;r2=R34;c2=string@28856;r3=R60;r4=R59;r5=R21;c3=int:1","_typedformat",1143
376,2,1,1,6,candidate,"LOAD_REG_INT(r1,c1) | SETSTRPOS_REG_REG(r2,r1) | SUBSTRING_REG_REG_REG(r3,r2,r4) | IADD_REG_REG_INT(r1,r4,c2)","r1=R40;c1=int:0;r2=R23;r3=R5;r4=R33;c2=int:1","_typedformat",388
377,2,1,1,5,candidate,"LOAD_REG_INT(r1,c1) | SETTP_REG_INT(r1,c1) | BRTPANDT_ID_REG_INT(c2,r2,c3) | LOAD_REG_INT(r2,c1)","r1=R29;c1=int:0;c2=label@44;r2=R30;c3=int:256","floatformat",28
378,2,1,1,7,candidate,"LOAD_REG_INT(r1,c1) | SETTP_REG_INT(r1,c1) | GETANDTP_REG_REG_INT(r2,r3,c2) | GETANDTP_REG_REG_INT(r4,r5,c2)","r1=R30;c1=int:0;r2=R3;r3=R27;c2=int:256;r4=R5;r5=R28","floatformat",38
379,2,1,1,7,candidate,"LOAD_REG_INT(r1,c1) | STRCHAR_REG_REG_REG(r2,r3,r1) | IEQ_REG_REG_REG(r4,r2,r5) | BRF_ID_REG(c2,r4)","r1=R40;c1=int:0;r2=R10;r3=R23;r4=R48;r5=R25;c2=label@346","_typedformat",299
380,2,1,1,8,candidate,"LOAD_REG_INT(r1,c1) | STRLEN_REG_REG(r2,r3) | LOAD_REG_INT(r4,c2) | ISUB_REG_INT_REG(r5,c3,r4)","r1=R32;c1=int:46;r2=R27;r3=R28;r4=R47;c2=int:1;r5=R11;c3=int:0","_typedformat",217
381,2,1,1,6,candidate,"LOAD_REG_STRING(r1,c1) | IGT_REG_REG_INT(r2,r3,c2) | BRF_ID_REG(c3,r2) | LOAD_REG_INT(r3,c2)","r1=R51;c1=string@28856;r2=R50;r3=R40;c2=int:0;c3=label@767","_typedformat",747
382,2,1,1,8,candidate,"LOAD_REG_STRING(r1,c1) | IGT_REG_REG_INT(r2,r3,c2) | BRF_ID_REG(c3,r2) | SETSTRPOS_REG_REG(r4,r5)","r1=R0;c1=string@28856;r2=R47;r3=R1;c2=int:0;c3=label@423;r4=R23;r5=R40","_typedformat",406
383,2,1,1,8,candidate,"LOAD_REG_STRING(r1,c1) | LOAD_REG_INT(r2,c2) | ISUB_REG_REG_INT(r3,r4,c3) | IGT_REG_REG_REG(r5,r2,r3)","r1=R34;c1=string@28856;r2=R60;c2=int:0;r3=R59;r4=R21;c3=int:1;r5=R58","_typedformat",1146
384,2,1,1,6,candidate,"LOAD_REG_STRING(r1,c1) | LOAD_REG_INT(r2,c2) | LOAD_REG_INT(r3,c2) | LOAD_REG_INT(r4,c2)","r1=R34;c1=string@28856;r2=R12;c2=int:0;r3=R31;r4=R39","_typedformat",187
385,2,1,1,6,candidate,"LOAD_REG_STRING(r1,c1) | LOAD_REG_STRING(r2,c1) | LOAD_REG_INT(r3,c2) | LOAD_REG_INT(r4,c2)","r1=R41;c1=string@28856;r2=R34;r3=R12;c2=int:0;r4=R31","_typedformat",184
386,2,1,1,6,candidate,"NOT_REG_REG(r1,r2) | BRF_ID_REG(c1,r1) | IADD_REG_REG_REG(r3,r4,r5) | ISUB_REG_REG_REG(r1,r3,r5)","r1=R60;r2=R64;c1=label@1104;r3=R7;r4=R31;r5=R39","_typedformat",1094
387,2,1,1,7,candidate,"NOT_REG_REG(r1,r2) | BRF_ID_REG(c1,r1) | IEQ_REG_REG_REG(r3,r4,r5) | BRF_ID_REG(c2,r3)","r1=R57;r2=R42;c1=label@1256;r3=R56;r4=R10;r5=R44;c2=label@1238","_typedformat",1217
388,2,1,1,5,candidate,"NOT_REG_REG(r1,r2) | BRF_ID_REG(c1,r1) | NOT_REG_REG(r1,r3) | BRF_ID_REG(c2,r1)","r1=R45;r2=R64;c1=label@138;r3=R66;c2=label@148","_typedformat",129
389,2,1,1,13,candidate,"NULLN_REG_REG_REG_REG(r1,r2,r3,r4) | NULLN_REG_REG_REG_REG(r5,r6,r7,r8) | NULLN_REG_REG_REG(r9,r10,r11) | BRF_ID_REG(c1,r12)","r1=R19;r2=R21;r3=R24;r4=R26;r5=R27;r6=R29;r7=R30;r8=R33;r9=R35;r10=R37;r11=R40;c1=label@60;r12=R64","_typedformat",35
390,2,1,1,15,candidate,"NULLN_REG_REG_REG_REG(r1,r2,r3,r4) | NULLN_REG_REG_REG_REG(r5,r6,r7,r8) | NULLN_REG_REG_REG_REG(r9,r10,r11,r12) | NULLN_REG_REG_REG(r13,r14,r15)","r1=R1;r2=R10;r3=R11;r4=R13;r5=R19;r6=R21;r7=R24;r8=R26;r9=R27;r10=R29;r11=R30;r12=R33;r13=R35;r14=R37;r15=R40","_typedformat",30
391,2,1,1,7,candidate,"POSCHAR_REG_REG_REG(r1,r2,r3) | BGE_ID_REG_INT(c1,r1,c2) | POSCHAR_REG_REG_REG(r1,r2,r4) | IGTE_REG_REG_INT(r5,r1,c2)","r1=R11;r2=R28;r3=R43;c1=label@242;c2=int:0;r4=R22;r5=R47","_typedformat",230
392,2,2,1,3,candidate,"SCONCAT_REG_REG_STRING(r1,r1,c1) | ITOS_REG(r2) | CONCAT_REG_REG_REG(r1,r1,r2) | SAY_REG(r1)","r1=R33;c1=string@13320;r2=R3","benchmark_rexxcps_levelb_noopt",253
393,2,1,1,8,candidate,"SCOPY_REG_REG(r1,r2) | ICOPY_REG_REG(r3,r4) | IGTE_REG_REG_INT(r5,r6,c1) | BRF_ID_REG(c2,r5)","r1=R20;r2=R51;r3=R21;r4=R37;r5=R50;r6=R35;c1=int:53;c2=label@896","_typedformat",767
394,2,1,1,7,candidate,"SCOPY_REG_REG(r1,r2) | ICOPY_REG_REG(r3,r4) | NOT_REG_REG(r5,r6) | BRF_ID_REG(c1,r5)","r1=R20;r2=R36;r3=R21;r4=R31;r5=R60;r6=R64;c1=label@1104","_typedformat",1088
395,2,1,1,6,candidate,"SCOPY_REG_REG(r1,r2) | LOAD_REG_STRING(r3,c1) | LOAD_REG_STRING(r4,c1) | LOAD_REG_STRING(r5,c1)","r1=R23;r2=R28;r3=R14;c1=string@28856;r4=R5;r5=R0","_typedformat",169
396,2,1,1,5,candidate,"SETATTRS_REG_INT(r1,c1) | SETOBJTYPE_REG_STRING(r1,c2) | NUMSCI_INT_INT_INT(c3,c4,c4) | RET_REG(r1)","r1=R0;c1=int:4;c2=string@37;c3=int:18;c4=int:1","stem",0
397,2,1,1,6,candidate,"SETNUMCAS_INT(c1) | SETNUMSTD_INT(c2) | BRTPANDT_ID_REG_INT(c3,r1,c4) | SCOPY_REG_REG(r2,r1)","c1=int:1;c2=int:2;c3=label@15;r1=R62;c4=int:512;r2=R28","_typedformat",2
398,2,1,1,6,candidate,"SETNUMFUZ_INT(c1) | SETNUMCAS_INT(c2) | SETNUMSTD_INT(c3) | BRTPANDT_ID_REG_INT(c4,r1,c5)","c1=int:0;c2=int:1;c3=int:2;c4=label@15;r1=R62;c5=int:512","_typedformat",0
399,2,1,1,5,candidate,"SETNUMFUZ_INT(c1) | SETNUMSTD_INT(c2) | BRTPANDT_ID_REG_INT(c3,r1,c4) | LOAD_REG_INT(r1,c1)","c1=int:0;c2=int:2;c3=label@14;r1=R27;c4=int:256","floatformat",0
400,2,1,1,5,candidate,"SETNUMSTD_INT(c1) | BRTPANDT_ID_REG_INT(c2,r1,c3) | LOAD_REG_INT(r1,c4) | SETTP_REG_INT(r1,c4)","c1=int:2;c2=label@14;r1=R27;c3=int:256;c4=int:0","floatformat",2
401,2,1,1,6,candidate,"SETNUMSTD_INT(c1) | BRTPANDT_ID_REG_INT(c2,r1,c3) | SCOPY_REG_REG(r2,r1) | BR_ID(c4)","c1=int:2;c2=label@15;r1=R62;c3=int:512;r2=R28;c4=label@18","_typedformat",4
402,2,1,1,7,candidate,"SETSTRPOS_REG_REG(r1,r2) | SUBSTRING_REG_REG_REG(r3,r1,r4) | IADD_REG_REG_INT(r2,r4,c1) | ISUB_REG_REG_REG(r5,r6,r2)","r1=R23;r2=R40;r3=R5;r4=R33;c1=int:1;r5=R1;r6=R24","_typedformat",391
403,2,1,1,7,candidate,"SETSTRPOS_REG_REG(r1,r2) | SUBSTRING_REG_REG_REG(r3,r1,r4) | ICOPY_REG_REG(r5,r6) | ICOPY_REG_REG(r7,r5)","r1=R23;r2=R40;r3=R0;r4=R1;r5=R6;r6=R33;r7=R31","_typedformat",416
404,2,1,1,5,candidate,"SETTP_REG_INT(r1,c1) | BRTPANDT_ID_REG_INT(c2,r2,c3) | LOAD_REG_INT(r2,c1) | SETTP_REG_INT(r2,c1)","r1=R29;c1=int:0;c2=label@44;r2=R30;c3=int:256","floatformat",31
405,2,1,1,9,candidate,"SETTP_REG_INT(r1,c1) | GETANDTP_REG_REG_INT(r2,r3,c2) | GETANDTP_REG_REG_INT(r4,r5,c2) | GETANDTP_REG_REG_INT(r6,r7,c2)","r1=R30;c1=int:0;r2=R3;r3=R27;c2=int:256;r4=R5;r5=R28;r6=R7;r7=R29","floatformat",41
406,2,2,1,9,candidate,"SETTP_REG_INT(r1,c1) | SETTP_REG_INT(r2,c2) | SETTP_REG_INT(r3,c1) | SETTPCALL_REG_FUNC_REG_REG_INT(r4,c3,r5,r6,c1)","r1=R100;c1=int:0;r2=R101;c2=int:256;r3=R102;r4=R96;c3=func@75104;r5=R98;r6=R103","benchmark_rexxcps_levelb_noopt",1486
407,2,1,1,8,candidate,"STRCHAR_REG_REG_REG(r1,r2,r3) | ICOPY_REG_REG(r4,r3) | LOAD_REG_STRING(r5,c1) | IGT_REG_REG_INT(r6,r3,c2)","r1=R35;r2=R20;r3=R40;r4=R37;r5=R51;c1=string@28856;r6=R50;c2=int:0","_typedformat",740
408,2,1,1,7,candidate,"STRLEN_REG_REG(r1,r2) | LOAD_REG_INT(r3,c1) | ISUB_REG_INT_REG(r4,c2,r3) | POSCHAR_REG_REG_REG(r4,r2,r5)","r1=R27;r2=R28;r3=R47;c1=int:1;r4=R11;c2=int:0;r5=R43","_typedformat",220
409,2,1,1,7,candidate,"STRLEN_REG_REG(r1,r2) | LOAD_REG_INT(r3,c1) | STRCHAR_REG_REG_REG(r4,r2,r3) | IEQ_REG_REG_REG(r5,r4,r6)","r1=R24;r2=R23;r3=R40;c1=int:0;r4=R10;r5=R48;r6=R25","_typedformat",296
410,2,1,1,9,candidate,"SUBSTRING_REG_REG_REG(r1,r2,r3) | IADD_REG_REG_INT(r4,r3,c1) | ISUB_REG_REG_REG(r5,r6,r4) | LOAD_REG_STRING(r7,c2)","r1=R5;r2=R23;r3=R33;r4=R40;c1=int:1;r5=R1;r6=R24;r7=R0;c2=string@28856","_typedformat",394
411,2,1,1,8,candidate,"SUBSTRING_REG_REG_REG(r1,r2,r3) | ICOPY_REG_REG(r4,r5) | ICOPY_REG_REG(r6,r4) | BRT_ID_REG(c1,r7)","r1=R0;r2=R23;r3=R1;r4=R6;r5=R33;r6=R31;c1=label@439;r7=R68","_typedformat",419
412,2,1,1,7,candidate,"SUBSTRING_REG_REG_REG(r1,r2,r3) | SCOPY_REG_REG(r2,r1) | ICOPY_REG_REG(r4,r3) | IGTE_REG_REG_INT(r5,r6,c1)","r1=R51;r2=R20;r3=R37;r4=R21;r5=R50;r6=R35;c1=int:53","_typedformat",763
413,2,1,1,6,candidate,"SUBSTRING_REG_REG_REG(r1,r2,r3) | SCOPY_REG_REG(r2,r1) | ICOPY_REG_REG(r4,r3) | NOT_REG_REG(r5,r6)","r1=R36;r2=R20;r3=R31;r4=R21;r5=R60;r6=R64","_typedformat",1084
414,2,1,1,19,candidate,"SWAPN_REG_REG_REG_REG_REG_REG_REG_REG(r1,r2,r3,r4,r5,r6,r7,r8) | SWAPN_REG_REG_REG_REG_REG_REG_REG_REG(r9,r10,r11,r12,r13,r14,r15,r16) | SWAP_REG_REG(r17,r18) | RET_REG(r19)","r1=R1;r2=R15;r3=R27;r4=R16;r5=R3;r6=R17;r7=R28;r8=R18;r9=R5;r10=R19;r11=R29;r12=R20;r13=R7;r14=R21;r15=R30;r16=R22;r17=R9;r18=R23;r19=R24","floatformat",166
415,1,1,1,7,candidate,"APPENDCHAR_REG_REG(r1,r2) | LOAD_REG_STRING(r3,c1) | ICOPY_REG_REG(r4,r5) | SETSTRPOS_REG_REG(r6,r4)","r1=R0;r2=R32;r3=R59;c1=string@28856;r4=R40;r5=R31;r6=R20","_typedformat",1049
416,1,1,1,8,candidate,"APPEND_REG_REG(r1,r2) | LOAD_REG_STRING(r3,c1) | IGT_REG_REG_INT(r4,r5,c2) | BRF_ID_REG(c3,r4)","r1=R0;r2=R59;r3=R36;c1=string@28856;r4=R60;r5=R31;c2=int:0;c3=label@1088","_typedformat",1065
417,1,1,1,8,candidate,"BRF_ID_REG(c1,r1) | APPENDCHAR_REG_REG(r2,r3) | LOAD_REG_STRING(r4,c2) | ICOPY_REG_REG(r5,r6)","c1=label@1068;r1=R60;r2=R0;r3=R32;r4=R59;c2=string@28856;r5=R40;r6=R31","_typedformat",1046
418,1,1,1,7,candidate,"BRF_ID_REG(c1,r1) | GETATTRS_REG_REG_INT(r2,r3,c2) | INE_REG_REG_INT(r2,r2,c3) | BRF_ID_REG(c4,r2)","c1=label@149;r1=R27;r2=R29;r3=R1;c2=int:0;c3=int:2;c4=label@66","benchmark_rexxcps_levelb_noopt",40
419,1,1,1,8,candidate,"BRF_ID_REG(c1,r1) | IADD_REG_REG_INT(r2,r3,c2) | SETSTRPOS_REG_REG(r4,r2) | SUBSTRING_REG_REG_REG(r5,r4,r6)","c1=label@267;r1=R32;r2=R22;r3=R16;c2=int:1;r4=R7;r5=R23;r6=R24","floattrunc",250
420,1,1,1,7,candidate,"BRF_ID_REG(c1,r1) | ICOPY_REG_REG(r2,r3) | SETSTRPOS_REG_REG(r4,r2) | SUBSTRING_REG_REG_REG(r5,r4,r6)","c1=label@238;r1=R32;r2=R22;r3=R21;r4=R7;r5=R5;r6=R17","floattrunc",225
421,1,1,1,6,candidate,"BRF_ID_REG(c1,r1) | ILT_REG_REG_REG(r1,r2,r3) | ICOPY_REG_REG(r4,r1) | IEQ_REG_REG_REG(r1,r4,r5)","c1=label@191;r1=R16;r2=R6;r3=R5;r4=R13;r5=R11","verify",184
422,1,1,1,6,candidate,"BRF_ID_REG(c1,r1) | SAY_STRING(c2) | LOAD_REG_INT(r1,c3) | CALL_REG_FUNC_REG(r2,c4,r1)","c1=label@274;r1=R33;c2=string@14152;c3=int:0;r2=R0;c4=func@14552","benchmark_rexxcps_levelb_noopt",269
423,1,1,1,6,candidate,"BRF_ID_REG(c1,r1) | SETSTRPOS_REG_REG(r2,r3) | SUBSTRING_REG_REG_REG(r4,r2,r5) | RET_REG(r4)","c1=label@117;r1=R11;r2=R8;r3=R0;r4=R7;r5=R10","left",105
424,1,1,1,8,candidate,"BRTPANDT_ID_REG_INT(c1,r1,c2) | LOAD_REG_INT(r1,c3) | SETTP_REG_INT(r1,c3) | NULLN_REG_REG_REG_REG(r2,r3,r4,r5)","c1=label@19;r1=R36;c2=int:256;c3=int:0;r2=R0;r3=R1;r4=R2;r5=R3","floattrunc",9
425,1,1,1,9,candidate,"BRTPANDT_ID_REG_INT(c1,r1,c2) | LOAD_REG_INT(r1,c3) | SETTP_REG_INT(r1,c4) | NULLN_REG_REG_REG_REG(r2,r3,r4,r5)","c1=label@41;r1=R22;c2=int:256;c3=int:1;c4=int:0;r2=R1;r3=R3;r4=R5;r5=R6","verify",31
426,1,1,1,9,candidate,"BRT_ID_REG(c1,r1) | STRCHAR_REG_REG_REG(r2,r3,r4) | POSCHAR_REG_REG_REG(r5,r6,r2) | IGTE_REG_REG_INT(r7,r5,c2)","c1=label@210;r1=R15;r2=R7;r3=R19;r4=R12;r5=R6;r6=R20;r7=R16;c2=int:0","verify",169
427,1,1,1,5,candidate,"CONCAT_REG_REG_REG(r1,r1,r2) | SAY_REG(r1) | ILT_REG_REG_INT(r1,r3,c1) | BRF_ID_REG(c2,r1)","r1=R33;r2=R3;r3=R12;c1=int:100;c2=label@274","benchmark_rexxcps_levelb_noopt",259
428,1,1,1,4,candidate,"CONCAT_REG_REG_REG(r1,r1,r2) | SAY_REG(r1) | ITOF_REG_REG(r1,r3) | FDIV_REG_REG_REG(r1,r4,r1)","r1=R103;r2=R4;r3=R3;r4=R22","benchmark_rexxcps_levelb_noopt",1554
429,1,1,1,8,candidate,"CONCAT_REG_REG_STRING(r1,r2,c1) | FLT_REG_REG_FLOAT(r3,r4,c2) | STRLEN_REG_REG(r5,r1) | BRF_ID_REG(c3,r3)","r1=R7;r2=R0;c1=string@28856;r3=R11;r4=R12;c2=float@456824;r5=R1;c3=label@172","floattrunc",153
430,1,1,1,7,candidate,"CONCAT_REG_STRING_REG(r1,c1,r2) | SCONCAT_REG_REG_STRING(r1,r1,c2) | GETATTRS_REG_REG_INT(r3,r4,c3) | ITOS_REG(r3)","r1=R33;c1=string@12520;r2=R11;c2=string@12664;r3=R31;r4=R1;c3=int:0","benchmark_rexxcps_levelb_noopt",225
431,1,1,1,5,candidate,"CONCAT_REG_STRING_REG(r1,c1,r2) | SCONCAT_REG_REG_STRING(r1,r1,c2) | ITOS_REG(r3) | CONCAT_REG_REG_REG(r1,r1,r3)","r1=R103;c1=string@75728;r2=R11;c2=string@13032;r3=R15","benchmark_rexxcps_levelb_noopt",1514
432,1,1,1,6,candidate,"COPY_REG_REG(r1,r2) | COPY_REG_REG(r3,r1) | LOAD_REG_INT(r4,c1) | ISETATTR1_REG_INT_REG(r3,c2,r4)","r1=R23;r2=R1;r3=R3;r4=R0;c1=int:0;c2=int:16","trace",11905
433,1,1,1,6,candidate,"COPY_REG_REG(r1,r2) | LOAD_REG_STRING(r3,c1) | LINKATTR1_REG_REG_INT(r4,r1,c2) | SCOPY_REG_REG(r4,r3)","r1=R4;r2=R3;r3=R0;c1=string@28856;r4=R2;c2=int:18","trace",11925
434,1,1,1,8,candidate,"COPY_REG_REG(r1,r2) | LOAD_REG_STRING(r3,c1) | LOAD_REG_STRING(r4,c2) | LOAD_REG_STRING(r5,c3)","r1=R23;r2=R3;r3=R25;c1=string@28856;r4=R24;c2=string@1500312;r5=R29;c3=string@938400","trace",12193
435,1,1,1,6,candidate,"COPY_REG_REG(r1,r2) | LOAD_REG_STRING(r3,c1) | SETTP_REG_INT(r1,c2) | SETTP_REG_INT(r3,c3)","r1=R3;r2=R4;r3=R7;c1=string@1499120;c2=int:256;c3=int:768","trace",11966
436,1,1,1,6,candidate,"FCOPY_REG_REG(r1,r2) | BRTPANDT_ID_REG_INT(c1,r3,c2) | LOAD_REG_INT(r3,c3) | SETTP_REG_INT(r3,c3)","r1=R12;r2=R35;c1=label@19;r3=R36;c2=int:256;c3=int:0","floattrunc",6
437,1,1,1,7,candidate,"FCOPY_REG_REG(r1,r2) | FGT_REG_REG_FLOAT(r3,r1,c1) | BRT_ID_REG(c2,r3) | IEQ_REG_REG_INT(r3,r4,c3)","r1=R22;r2=R14;r3=R94;c1=float@71512;c2=label@1408;r4=R33;c3=int:2","benchmark_rexxcps_levelb_noopt",1394
438,1,1,1,8,candidate,"FDIV_REG_FLOAT_REG(r1,c1,r2) | LOAD_REG_INT(r3,c2) | LOAD_REG_INT(r4,c3) | SETTP_REG_INT(r5,c2)","r1=R99;c1=float@80992;r2=R21;r3=R101;c2=int:0;r4=R98;c3=int:5;r5=R100","benchmark_rexxcps_levelb_noopt",1656
439,1,1,1,6,candidate,"FDIV_REG_REG_REG(r1,r1,r2) | LOAD_REG_INT(r2,c1) | LOAD_REG_INT(r3,c2) | IGT_REG_REG_REG(r4,r2,r3)","r1=R13;r2=R33;c1=int:1;r3=R32;c2=int:2;r4=R31","benchmark_rexxcps_levelb_noopt",409
440,1,1,1,6,candidate,"FDIV_REG_REG_REG(r1,r2,r1) | FSUB_REG_REG_REG(r3,r1,r4) | ITOF_REG_REG(r1,r5) | FDIV_REG_REG_REG(r6,r3,r1)","r1=R103;r2=R22;r3=R16;r4=R13;r5=R12;r6=R21","benchmark_rexxcps_levelb_noopt",1563
441,1,1,1,9,candidate,"FDIV_REG_REG_REG(r1,r2,r3) | LOAD_REG_INT(r4,c1) | LOAD_REG_INT(r5,c2) | SETTP_REG_INT(r6,c3)","r1=R21;r2=R16;r3=R103;r4=R102;c1=int:1;r5=R100;c2=int:3;r6=R23;c3=int:256","benchmark_rexxcps_levelb_noopt",1574
442,1,1,1,7,candidate,"FEXTR_REG_REG_REG(r1,r2,r3) | SEQ_REG_REG_STRING(r4,r1,c1) | BRT_ID_REG(c2,r4) | SEQ_REG_REG_STRING(r4,r1,c3)","r1=R0;r2=R6;r3=R12;r4=R27;c1=string@957272;c2=label@91;c3=string@957312","floattrunc",76
443,1,1,1,7,candidate,"FGT_REG_REG_FLOAT(r1,r2,c1) | BRT_ID_REG(c2,r1) | IEQ_REG_REG_INT(r1,r3,c3) | BRF_ID_REG(c4,r1)","r1=R94;r2=R22;c1=float@71512;c2=label@1408;r3=R33;c3=int:2;c4=label@1413","benchmark_rexxcps_levelb_noopt",1397
444,1,1,1,7,candidate,"FSUB_REG_REG_REG(r1,r2,r3) | ITOF_REG_REG(r2,r4) | FDIV_REG_REG_REG(r5,r1,r2) | LOAD_REG_INT(r6,c1)","r1=R16;r2=R103;r3=R13;r4=R12;r5=R21;r6=R102;c1=int:1","benchmark_rexxcps_levelb_noopt",1567
445,1,1,1,5,candidate,"GETATTRS_REG_REG_INT(r1,r2,c1) | INE_REG_REG_INT(r1,r1,c1) | BRF_ID_REG(c2,r1) | GETATTRS_REG_REG_INT(r3,r2,c1)","r1=R27;r2=R1;c1=int:0;c2=label@149;r3=R29","benchmark_rexxcps_levelb_noopt",32
446,1,1,1,5,candidate,"GETATTRS_REG_REG_INT(r1,r2,c1) | ITOS_REG(r1) | CONCAT_REG_REG_REG(r3,r3,r1) | SCONCAT_REG_REG_STRING(r3,r3,c2)","r1=R31;r2=R1;c1=int:0;r3=R33;c2=string@13032","benchmark_rexxcps_levelb_noopt",233
447,1,1,1,5,candidate,"IADD_REG_REG_INT(r1,r1,c1) | IMULT_REG_REG_REG(r2,r1,r2) | LOAD_REG_INT(r3,c1) | INC_REG(r4)","r1=R97;c1=int:1;r2=R12;r3=R4;r4=R33","benchmark_rexxcps_levelb_noopt",1442
448,1,1,1,7,candidate,"IADD_REG_REG_INT(r1,r2,c1) | SETSTRPOS_REG_REG(r3,r1) | SUBSTRING_REG_REG_REG(r4,r3,r5) | APPEND_REG_REG(r6,r4)","r1=R22;r2=R16;c1=int:1;r3=R7;r4=R23;r5=R24;r6=R5","floattrunc",253
449,1,1,1,8,candidate,"ICOPY_REG_REG(r1,r2) | BRTPANDT_ID_REG_INT(c1,r3,c2) | LOAD_REG_STRING(r4,c3) | SETTP_REG_INT(r4,c4)","r1=R10;r2=R14;c1=label@31;r3=R15;c2=int:256;r4=R1;c3=string@312872;c4=int:0","left",16
450,1,1,1,7,candidate,"ICOPY_REG_REG(r1,r2) | LOAD_REG_INT(r3,c1) | LOAD_REG_STRING(r4,c2) | LOAD_REG_INT(r5,c1)","r1=R15;r2=R12;r3=R4;c1=int:0;r4=R23;c2=string@9488;r5=R33","benchmark_rexxcps_levelb_noopt",168
451,1,1,1,6,candidate,"ICOPY_REG_REG(r1,r2) | SETSTRPOS_REG_REG(r3,r1) | SUBSTRING_REG_REG_REG(r4,r3,r5) | APPEND_REG_REG(r6,r4)","r1=R40;r2=R31;r3=R20;r4=R59;r5=R2;r6=R0","_typedformat",1055
452,1,1,1,8,candidate,"ICOPY_REG_REG(r1,r2) | SETSTRPOS_REG_REG(r3,r1) | SUBSTRING_REG_REG_REG(r4,r3,r5) | ISUB_REG_REG_REG(r6,r7,r8)","r1=R22;r2=R21;r3=R7;r4=R5;r5=R17;r6=R32;r7=R1;r8=R16","floattrunc",228
453,1,1,1,6,candidate,"IEQ_REG_REG_INT(r1,r2,c1) | BRT_ID_REG(c2,r1) | IGT_REG_REG_REG(r1,r3,r2) | BRF_ID_REG(c3,r1)","r1=R13;r2=R8;c1=int:0;c2=label@135;r3=R22;c3=label@140","verify",124
454,1,1,1,6,candidate,"IGETUNLINK_REG_REG(r1,r2) | LOAD_REG_STRING(r3,c1) | ILT_REG_REG_INT(r2,r1,c2) | BRF_ID_REG(c3,r2)","r1=R12;r2=R33;r3=R11;c1=string@7352;c2=int:1;c3=label@168","benchmark_rexxcps_levelb_noopt",143
455,1,1,1,6,candidate,"IGTE_REG_REG_INT(r1,r2,c1) | BRF_ID_REG(c2,r1) | ILT_REG_REG_REG(r1,r2,r3) | ICOPY_REG_REG(r4,r1)","r1=R16;r2=R6;c1=int:0;c2=label@191;r3=R5;r4=R13","verify",180
456,1,1,1,8,candidate,"IGT_REG_REG_INT(r1,r2,c1) | BRF_ID_REG(c2,r1) | APPENDCHAR_REG_REG(r3,r4) | LOAD_REG_STRING(r5,c3)","r1=R60;r2=R2;c1=int:0;c2=label@1068;r3=R0;r4=R32;r5=R59;c3=string@28856","_typedformat",1042
457,1,1,1,8,candidate,"IGT_REG_REG_INT(r1,r2,c1) | BRF_ID_REG(c2,r1) | IADD_REG_REG_INT(r3,r4,c3) | SETSTRPOS_REG_REG(r5,r3)","r1=R32;r2=R24;c1=int:0;c2=label@267;r3=R22;r4=R16;c3=int:1;r5=R7","floattrunc",246
458,1,1,1,7,candidate,"IGT_REG_REG_INT(r1,r2,c1) | BRF_ID_REG(c2,r1) | ICOPY_REG_REG(r3,r4) | SETSTRPOS_REG_REG(r5,r3)","r1=R32;r2=R17;c1=int:0;c2=label@238;r3=R22;r4=R21;r5=R7","floattrunc",221
459,1,1,1,8,candidate,"IGT_REG_REG_REG(r1,r2,r3) | BRT_ID_REG(c1,r1) | STRCHAR_REG_REG_REG(r4,r5,r2) | POSCHAR_REG_REG_REG(r6,r7,r4)","r1=R15;r2=R12;r3=R14;c1=label@210;r4=R7;r5=R19;r6=R6;r7=R20","verify",165
460,1,1,1,6,candidate,"ILT_REG_REG_INT(r1,r2,c1) | BRF_ID_REG(c2,r1) | SAY_STRING(c3) | LOAD_REG_INT(r1,c4)","r1=R33;r2=R12;c1=int:100;c2=label@274;c3=string@14152;c4=int:0","benchmark_rexxcps_levelb_noopt",265
461,1,1,1,7,candidate,"ILT_REG_REG_REG(r1,r2,r3) | BRF_ID_REG(c1,r1) | LOAD_REG_INT(r4,c2) | SETSTRPOS_REG_REG(r5,r4)","r1=R31;r2=R3;r3=R4;c1=label@311;r4=R22;c2=int:0;r5=R5","floattrunc",289
462,1,1,1,6,candidate,"ILT_REG_REG_REG(r1,r2,r3) | ICOPY_REG_REG(r4,r1) | IEQ_REG_REG_REG(r1,r4,r5) | BRF_ID_REG(c1,r1)","r1=R16;r2=R6;r3=R5;r4=R13;r5=R11;c1=label@207","verify",187
463,1,1,1,6,candidate,"IMULT_REG_REG_REG(r1,r2,r1) | LOAD_REG_INT(r3,c1) | INC_REG(r4) | BR_ID(c2)","r1=R12;r2=R97;r3=R4;c1=int:1;r4=R33;c2=label@419","benchmark_rexxcps_levelb_noopt",1446
464,1,1,1,6,candidate,"INE_REG_REG_INT(r1,r1,c1) | BRF_ID_REG(c2,r1) | GETATTRS_REG_REG_INT(r2,r3,c1) | INE_REG_REG_INT(r2,r2,c3)","r1=R27;c1=int:0;c2=label@149;r2=R29;r3=R1;c3=int:2","benchmark_rexxcps_levelb_noopt",36
465,1,1,1,7,candidate,"ISETATTR1_REG_INT_REG(r1,c1,r2) | COPY_REG_REG(r3,r1) | LOAD_REG_STRING(r2,c2) | LINKATTR1_REG_REG_INT(r4,r3,c3)","r1=R3;c1=int:3;r2=R0;r3=R4;c2=string@28856;r4=R2;c3=int:18","trace",11921
466,1,1,1,7,candidate,"ISETATTR1_REG_INT_REG(r1,c1,r2) | COPY_REG_REG(r3,r1) | LOAD_REG_STRING(r4,c2) | SETTP_REG_INT(r3,c3)","r1=R4;c1=int:21;r2=R0;r3=R3;r4=R7;c2=string@1499120;c3=int:256","trace",11962
467,1,1,1,6,candidate,"ISETATTR1_REG_INT_REG(r1,c1,r2) | LOAD_REG_INT(r2,c2) | ISETATTR1_REG_INT_REG(r1,c3,r2) | COPY_REG_REG(r3,r1)","r1=R3;c1=int:16;r2=R0;c2=int:0;c3=int:3;r3=R4","trace",11914
468,1,1,1,7,candidate,"ISUB_REG_REG_INT(r1,r2,c1) | IGT_REG_REG_INT(r2,r1,c2) | BRF_ID_REG(c3,r2) | IADD_REG_REG_INT(r3,r4,c1)","r1=R24;r2=R32;c1=int:1;c2=int:0;c3=label@267;r3=R22;r4=R16","floattrunc",242
469,1,1,1,8,candidate,"ISUB_REG_REG_INT(r1,r2,c1) | IGT_REG_REG_INT(r2,r3,c2) | BRF_ID_REG(c3,r2) | ICOPY_REG_REG(r4,r5)","r1=R4;r2=R32;c1=int:1;r3=R17;c2=int:0;c3=label@238;r4=R22;r5=R21","floattrunc",217
470,1,1,1,7,candidate,"ISUB_REG_REG_INT(r1,r2,c1) | ISUB_REG_REG_INT(r3,r4,c1) | IGT_REG_REG_REG(r5,r1,r3) | BRT_ID_REG(c2,r5)","r1=R12;r2=R22;c1=int:1;r3=R14;r4=R8;r5=R15;c2=label@210","verify",157
471,1,1,1,7,candidate,"ISUB_REG_REG_REG(r1,r2,r3) | ISUB_REG_REG_INT(r4,r1,c1) | IGT_REG_REG_INT(r1,r4,c2) | BRF_ID_REG(c3,r1)","r1=R32;r2=R1;r3=R16;r4=R24;c1=int:1;c2=int:0;c3=label@267","floattrunc",238
472,1,1,1,8,candidate,"ISUB_REG_REG_REG(r1,r2,r3) | ISUB_REG_REG_INT(r4,r1,c1) | IGT_REG_REG_INT(r1,r5,c2) | BRF_ID_REG(c3,r1)","r1=R32;r2=R1;r3=R21;r4=R4;c1=int:1;r5=R17;c2=int:0;c3=label@238","floattrunc",213
473,1,1,1,8,candidate,"ISUB_REG_REG_REG(r1,r2,r3) | ISUB_REG_REG_REG(r4,r5,r3) | ISUB_REG_REG_INT(r6,r4,c1) | IGT_REG_REG_INT(r4,r1,c2)","r1=R17;r2=R16;r3=R21;r4=R32;r5=R1;r6=R4;c1=int:1;c2=int:0","floattrunc",209
474,1,1,1,6,candidate,"ITOF_REG_REG(r1,r2) | FDIV_REG_REG_REG(r1,r3,r1) | FSUB_REG_REG_REG(r4,r1,r5) | ITOF_REG_REG(r1,r6)","r1=R103;r2=R3;r3=R22;r4=R16;r5=R13;r6=R12","benchmark_rexxcps_levelb_noopt",1560
475,1,1,1,6,candidate,"ITOF_REG_REG(r1,r2) | FDIV_REG_REG_REG(r3,r3,r1) | LOAD_REG_INT(r1,c1) | LOAD_REG_INT(r4,c2)","r1=R33;r2=R3;r3=R13;c1=int:1;r4=R32;c2=int:2","benchmark_rexxcps_levelb_noopt",406
476,1,1,1,8,candidate,"ITOF_REG_REG(r1,r2) | FDIV_REG_REG_REG(r3,r4,r1) | LOAD_REG_INT(r5,c1) | LOAD_REG_INT(r6,c2)","r1=R103;r2=R12;r3=R21;r4=R16;r5=R102;c1=int:1;r6=R100;c2=int:3","benchmark_rexxcps_levelb_noopt",1571
477,1,1,1,4,candidate,"ITOS_REG(r1) | CONCAT_REG_REG_REG(r2,r2,r1) | SAY_REG(r2) | ILT_REG_REG_INT(r2,r3,c1)","r1=R3;r2=R33;r3=R12;c1=int:100","benchmark_rexxcps_levelb_noopt",257
478,1,1,1,3,candidate,"ITOS_REG(r1) | CONCAT_REG_REG_REG(r2,r2,r1) | SAY_REG(r2) | ITOF_REG_REG(r2,r3)","r1=R4;r2=R103;r3=R3","benchmark_rexxcps_levelb_noopt",1552
479,1,1,1,5,candidate,"ITOS_REG(r1) | SCONCAT_REG_REG_REG(r2,r2,r1) | SCONCAT_REG_REG_STRING(r2,r2,c1) | LOAD_REG_INT(r3,c2)","r1=R3;r2=R97;c1=string@74792;r3=R101;c2=int:1","benchmark_rexxcps_levelb_noopt",1467
480,1,1,1,5,candidate,"ITOS_REG(r1) | SCONCAT_REG_STRING_REG(r2,c1,r1) | SCONCAT_REG_REG_STRING(r2,r2,c2) | ITOS_REG(r3)","r1=R12;r2=R97;c1=string@74376;c2=string@74512;r3=R3","benchmark_rexxcps_levelb_noopt",1457
481,1,1,1,5,candidate,"LINKATTR1_REG_REG_INT(r1,r2,c1) | SCOPY_REG_REG(r1,r3) | UNLINK_REG(r1) | LOAD_REG_INT(r1,c2)","r1=R0;r2=R1;c1=int:6;r3=R2;c2=int:1","trace",11740
482,1,1,1,6,candidate,"LOAD_REG_FLOAT(r1,c1) | LOAD_REG_FLOAT(r2,c1) | LOAD_REG_FLOAT(r3,c1) | LOAD_REG_STRING(r4,c2)","r1=R22;c1=float@15608;r2=R16;r3=R21;r4=R33;c2=string@17904","benchmark_rexxcps_levelb_noopt",294
483,1,1,1,6,candidate,"LOAD_REG_FLOAT(r1,c1) | LOAD_REG_FLOAT(r2,c1) | LOAD_REG_STRING(r3,c2) | SCOPY_REG_REG(r4,r3)","r1=R16;c1=float@15608;r2=R21;r3=R33;c2=string@17904;r4=R7","benchmark_rexxcps_levelb_noopt",297
484,1,1,1,5,candidate,"LOAD_REG_FLOAT(r1,c1) | LOAD_REG_STRING(r2,c2) | SCOPY_REG_REG(r3,r2) | STOD_REG(r3)","r1=R21;c1=float@15608;r2=R33;c2=string@17904;r3=R7","benchmark_rexxcps_levelb_noopt",300
485,1,1,1,7,candidate,"LOAD_REG_INT(r1,c1) | IGT_REG_REG_REG(r2,r1,r3) | BRT_ID_REG(c2,r2) | LOAD_REG_STRING(r4,c3)","r1=R33;c1=int:1;r2=R32;r3=R3;c2=label@406;r4=R31;c3=string@21736","benchmark_rexxcps_levelb_noopt",351
486,1,1,1,7,candidate,"LOAD_REG_INT(r1,c1) | IGT_REG_REG_REG(r2,r3,r1) | BRT_ID_REG(c2,r2) | LOAD_REG_FLOAT(r4,c3)","r1=R32;c1=int:2;r2=R31;r3=R33;c2=label@1457;r4=R14;c3=float@15608","benchmark_rexxcps_levelb_noopt",416
487,1,1,1,5,candidate,"LOAD_REG_INT(r1,c1) | ISETATTR1_REG_INT_REG(r2,c1,r1) | LOAD_REG_INT(r1,c2) | ISETATTR1_REG_INT_REG(r2,c3,r1)","r1=R0;c1=int:1;r2=R1;c2=int:0;c3=int:5","trace",11749
488,1,1,1,6,candidate,"LOAD_REG_INT(r1,c1) | ISETATTR1_REG_INT_REG(r2,c2,r1) | COPY_REG_REG(r3,r2) | LOAD_REG_STRING(r1,c3)","r1=R0;c1=int:0;r2=R3;c2=int:3;r3=R4;c3=string@28856","trace",11918
489,1,1,1,7,candidate,"LOAD_REG_INT(r1,c1) | ISETATTR1_REG_INT_REG(r2,c2,r1) | COPY_REG_REG(r3,r2) | LOAD_REG_STRING(r4,c3)","r1=R0;c1=int:0;r2=R4;c2=int:21;r3=R3;r4=R7;c3=string@1499120","trace",11959
490,1,1,1,8,candidate,"LOAD_REG_INT(r1,c1) | LOAD_REG_INT(r2,c1) | LOAD_REG_STRING(r3,c2) | GETATTRS_REG_REG_INT(r4,r5,c3)","r1=R12;c1=int:100;r2=R3;r3=R11;c2=string@3232;r4=R27;r5=R1;c3=int:0","benchmark_rexxcps_levelb_noopt",23
491,1,1,1,8,candidate,"LOAD_REG_INT(r1,c1) | LOAD_REG_INT(r2,c2) | ILT_REG_REG_INT(r3,r4,c3) | BRF_ID_REG(c4,r3)","r1=R15;c1=int:46;r2=R10;c2=int:45;r3=R27;r4=R36;c3=int:0;c4=label@76","floattrunc",60
492,1,1,1,7,candidate,"LOAD_REG_INT(r1,c1) | LOAD_REG_INT(r2,c2) | ISUB_REG_INT_REG(r3,c1,r2) | POSCHAR_REG_REG_REG(r3,r4,r5)","r1=R21;c1=int:0;r2=R31;c2=int:1;r3=R16;r4=R7;r5=R15","floattrunc",172
493,1,1,1,9,candidate,"LOAD_REG_INT(r1,c1) | LOAD_REG_INT(r2,c2) | LOAD_REG_INT(r3,c3) | ILT_REG_REG_INT(r4,r5,c4)","r1=R26;c1=int:48;r2=R15;c2=int:46;r3=R10;c3=int:45;r4=R27;r5=R36;c4=int:0","floattrunc",57
494,1,1,1,6,candidate,"LOAD_REG_INT(r1,c1) | LOAD_REG_INT(r2,c2) | SETTP_REG_INT(r3,c1) | SETTP_REG_INT(r1,c3)","r1=R101;c1=int:0;r2=R98;c2=int:5;r3=R100;c3=int:256","benchmark_rexxcps_levelb_noopt",1660
495,1,1,1,8,candidate,"LOAD_REG_INT(r1,c1) | LOAD_REG_INT(r2,c2) | SWAP_REG_REG(r3,r4) | SETTP_REG_INT(r5,c3)","r1=R101;c1=int:1;r2=R98;c2=int:5;r3=R99;r4=R22;r5=R100;c3=int:0","benchmark_rexxcps_levelb_noopt",1477
496,1,1,1,7,candidate,"LOAD_REG_INT(r1,c1) | LOAD_REG_STRING(r2,c2) | GETATTRS_REG_REG_INT(r3,r4,c3) | INE_REG_REG_INT(r3,r3,c3)","r1=R3;c1=int:100;r2=R11;c2=string@3232;r3=R27;r4=R1;c3=int:0","benchmark_rexxcps_levelb_noopt",26
497,1,1,1,7,candidate,"LOAD_REG_INT(r1,c1) | LOAD_REG_STRING(r2,c2) | LOAD_REG_INT(r3,c1) | CALL_REG_FUNC_REG(r4,c3,r3)","r1=R4;c1=int:0;r2=R23;c2=string@9488;r3=R33;r4=R24;c3=func@10008","benchmark_rexxcps_levelb_noopt",171
498,1,1,1,6,candidate,"LOAD_REG_INT(r1,c1) | SETSTRPOS_REG_REG(r2,r1) | SUBSTRING_REG_REG_REG(r3,r2,r4) | APPEND_REG_REG(r5,r3)","r1=R22;c1=int:0;r2=R5;r3=R25;r4=R3;r5=R19","floattrunc",296
499,1,1,1,10,candidate,"LOAD_REG_INT(r1,c1) | SETTP_REG_INT(r1,c1) | NULLN_REG_REG_REG_REG(r2,r3,r4,r5) | NULLN_REG_REG_REG_REG(r6,r7,r8,r9)","r1=R36;c1=int:0;r2=R0;r3=R1;r4=R2;r5=R3;r6=R4;r7=R6;r8=R7;r9=R11","floattrunc",13
500,1,1,1,10,candidate,"LOAD_REG_INT(r1,c1) | SETTP_REG_INT(r1,c2) | NULLN_REG_REG_REG_REG(r2,r3,r4,r5) | NULLN_REG_REG_REG(r6,r7,r8)","r1=R22;c1=int:1;c2=int:0;r2=R1;r3=R3;r4=R5;r5=R6;r6=R7;r7=R8;r8=R11","verify",35
501,1,1,1,7,candidate,"LOAD_REG_INT(r1,c1) | SETTP_REG_INT(r2,c2) | SETTP_REG_INT(r3,c3) | SETTP_REG_INT(r4,c2)","r1=R98;c1=int:5;r2=R100;c2=int:0;r3=R101;c3=int:256;r4=R102","benchmark_rexxcps_levelb_noopt",1663
502,1,1,1,9,candidate,"LOAD_REG_INT(r1,c1) | SETTP_REG_INT(r2,c2) | SWAP_REG_REG(r3,r2) | SETTPCALL_REG_FUNC_REG_REG_INT(r4,c3,r1,r5,c4)","r1=R100;c1=int:3;r2=R23;c2=int:256;r3=R101;r4=R99;c3=func@78352;r5=R103;c4=int:512","benchmark_rexxcps_levelb_noopt",1581
503,1,1,1,6,candidate,"LOAD_REG_INT(r1,c1) | STRLEN_REG_REG(r2,r3) | IEQ_REG_REG_INT(r4,r2,c1) | BRF_ID_REG(c2,r4)","r1=R2;c1=int:0;r2=R3;r3=R0;r4=R12;c2=label@66","verify",50
504,1,1,1,10,candidate,"LOAD_REG_INT(r1,c1) | SWAP_REG_REG(r2,r3) | SETTP_REG_INT(r4,c2) | SETTPCALL_REG_FUNC_REG_REG_INT(r5,c3,r1,r6,c4)","r1=R28;c1=int:4;r2=R29;r3=R26;r4=R31;c2=int:512;r5=R33;c3=func@6184;r6=R32;c4=int:0","benchmark_rexxcps_levelb_noopt",98
505,1,1,1,8,candidate,"LOAD_REG_INT(r1,c1) | SWAP_REG_REG(r2,r3) | SETTP_REG_INT(r4,c2) | SETTP_REG_INT(r5,c3)","r1=R98;c1=int:5;r2=R99;r3=R22;r4=R100;c2=int:0;r5=R101;c3=int:256","benchmark_rexxcps_levelb_noopt",1480
506,1,1,1,6,candidate,"LOAD_REG_STRING(r1,c1) | GETATTRS_REG_REG_INT(r2,r3,c2) | INE_REG_REG_INT(r2,r2,c2) | BRF_ID_REG(c3,r2)","r1=R11;c1=string@3232;r2=R27;r3=R1;c2=int:0;c3=label@149","benchmark_rexxcps_levelb_noopt",29
507,1,1,1,6,candidate,"LOAD_REG_STRING(r1,c1) | ICOPY_REG_REG(r2,r3) | SETSTRPOS_REG_REG(r4,r2) | SUBSTRING_REG_REG_REG(r1,r4,r5)","r1=R59;c1=string@28856;r2=R40;r3=R31;r4=R20;r5=R2","_typedformat",1052
508,1,1,1,7,candidate,"LOAD_REG_STRING(r1,c1) | IGT_REG_REG_INT(r2,r3,c2) | BRF_ID_REG(c3,r2) | APPENDCHAR_REG_REG(r1,r4)","r1=R0;c1=string@28856;r2=R60;r3=R2;c2=int:0;c3=label@1068;r4=R32","_typedformat",1039
509,1,1,1,8,candidate,"LOAD_REG_STRING(r1,c1) | LOAD_REG_INT(r2,c2) | LOAD_REG_INT(r3,c3) | LOAD_REG_INT(r4,c4)","r1=R19;c1=string@28856;r2=R26;c2=int:48;r3=R15;c3=int:46;r4=R10;c4=int:45","floattrunc",54
510,1,1,1,6,candidate,"LOAD_REG_STRING(r1,c1) | LOAD_REG_INT(r2,c2) | LOAD_REG_INT(r3,c3) | RET()","r1=R29;c1=string@938400;r2=R22;c2=int:0;r3=R30;c3=int:1","trace",12202
511,1,1,1,8,candidate,"LOAD_REG_STRING(r1,c1) | LOAD_REG_INT(r2,c2) | SWAP_REG_REG(r3,r4) | SETTP_REG_INT(r5,c3)","r1=R30;c1=string@6056;r2=R28;c2=int:4;r3=R29;r4=R26;r5=R31;c3=int:512","benchmark_rexxcps_levelb_noopt",95
512,1,1,1,7,candidate,"LOAD_REG_STRING(r1,c1) | LOAD_REG_STRING(r2,c1) | LOAD_REG_INT(r3,c2) | LOAD_REG_INT(r4,c3)","r1=R13;c1=string@28856;r2=R19;r3=R26;c2=int:48;r4=R15;c3=int:46","floattrunc",51
513,1,1,1,8,candidate,"LOAD_REG_STRING(r1,c1) | LOAD_REG_STRING(r2,c2) | LOAD_REG_STRING(r3,c3) | LOAD_REG_INT(r4,c4)","r1=R25;c1=string@28856;r2=R24;c2=string@1500312;r3=R29;c3=string@938400;r4=R22;c4=int:0","trace",12196
514,1,1,1,4,candidate,"LOAD_REG_STRING(r1,c1) | SCOPY_REG_REG(r2,r1) | STOD_REG(r2) | LOAD_REG_INT(r1,c2)","r1=R33;c1=string@20600;r2=R6;c2=int:1","benchmark_rexxcps_levelb_noopt",343
515,1,1,1,8,candidate,"MINLINKATTR1_REG_REG_INT(r1,r2,c1) | LOAD_REG_STRING(r3,c2) | LOAD_REG_INT(r4,c3) | SWAP_REG_REG(r5,r1)","r1=R26;r2=R1;c1=int:2;r3=R30;c2=string@6056;r4=R28;c3=int:4;r5=R29","benchmark_rexxcps_levelb_noopt",91
516,1,1,1,6,candidate,"MINLINKATTR1_REG_REG_INT(r1,r2,c1) | RNE_REG_REG_STRING(r3,r1,c2) | UNLINK_REG(r1) | BRF_ID_REG(c3,r3)","r1=R32;r2=R1;c1=int:1;r3=R31;c2=string@5176;c3=label@91","benchmark_rexxcps_levelb_noopt",66
517,1,1,1,6,candidate,"MINLINKATTR1_REG_REG_INT(r1,r2,c1) | STOI_REG(r1) | IGETUNLINK_REG_REG(r3,r1) | LOAD_REG_STRING(r4,c2)","r1=R33;r2=R1;c1=int:2;r3=R12;r4=R11;c2=string@7352","benchmark_rexxcps_levelb_noopt",137
518,1,1,1,8,candidate,"NULLN_REG_REG_REG(r1,r2,r3) | LOAD_REG_INT(r4,c1) | STRLEN_REG_REG(r5,r6) | IEQ_REG_REG_INT(r7,r5,c1)","r1=R7;r2=R8;r3=R11;r4=R2;c1=int:0;r5=R3;r6=R0;r7=R12","verify",46
519,1,1,1,9,candidate,"NULLN_REG_REG_REG_REG(r1,r2,r3,r4) | LOAD_REG_INT(r5,c1) | LOAD_REG_INT(r6,c1) | LOAD_REG_STRING(r7,c2)","r1=R2;r2=R4;r3=R6;r4=R9;r5=R3;c1=int:0;r6=R0;r7=R5;c2=string@28856","left",46
520,1,1,1,10,candidate,"NULLN_REG_REG_REG_REG(r1,r2,r3,r4) | NULLN_REG_REG_REG(r5,r6,r7) | LOAD_REG_INT(r8,c1) | STRLEN_REG_REG(r2,r9)","r1=R1;r2=R3;r3=R5;r4=R6;r5=R7;r6=R8;r7=R11;r8=R2;c1=int:0;r9=R0","verify",41
521,1,1,1,13,candidate,"NULLN_REG_REG_REG_REG(r1,r2,r3,r4) | NULLN_REG_REG_REG_REG(r5,r6,r7,r8) | NULLN_REG_REG_REG_REG(r9,r10,r11,r12) | NULL_REG(r13)","r1=R0;r2=R1;r3=R2;r4=R3;r5=R4;r6=R6;r7=R7;r8=R11;r9=R14;r10=R16;r11=R17;r12=R22;r13=R24","floattrunc",19
522,1,1,1,11,candidate,"NULLN_REG_REG_REG_REG(r1,r2,r3,r4) | NULLN_REG_REG_REG_REG(r5,r6,r7,r8) | NULL_REG(r9) | LOAD_REG_STRING(r10,c1)","r1=R4;r2=R6;r3=R7;r4=R11;r5=R14;r6=R16;r7=R17;r8=R22;r9=R24;r10=R5;c1=string@28856","floattrunc",24
523,1,1,1,8,candidate,"NULLN_REG_REG_REG_REG(r1,r2,r3,r4) | NULL_REG(r5) | LOAD_REG_STRING(r6,c1) | LOAD_REG_STRING(r7,c1)","r1=R14;r2=R16;r3=R17;r4=R22;r5=R24;r6=R5;c1=string@28856;r7=R23","floattrunc",29
524,1,1,1,6,candidate,"NULL_REG(r1) | BRTPANDT_ID_REG_INT(c1,r2,c2) | COPY_REG_REG(r3,r2) | BR_ID(c3)","r1=R18;c1=label@17;r2=R108;c2=int:512;r3=R1;c3=label@20","benchmark_rexxcps_levelb_noopt",6
525,1,1,1,5,candidate,"NULL_REG(r1) | LOAD_REG_STRING(r2,c1) | LOAD_REG_STRING(r3,c1) | LOAD_REG_STRING(r4,c1)","r1=R24;r2=R5;c1=string@28856;r3=R23;r4=R25","floattrunc",34
526,1,1,1,6,candidate,"NULL_REG(r1) | NULL_REG(r2) | BRTPANDT_ID_REG_INT(c1,r3,c2) | COPY_REG_REG(r4,r3)","r1=R17;r2=R18;c1=label@17;r3=R108;c2=int:512;r4=R1","benchmark_rexxcps_levelb_noopt",4
527,1,1,1,8,candidate,"NUMSCI_INT_INT_INT(c1,c2,c2) | BRTPANDT_ID_REG_INT(c3,r1,c4) | LOAD_REG_STRING(r2,c5) | SETTP_REG_INT(r2,c6)","c1=int:18;c2=int:1;c3=label@16;r1=R21;c4=int:256;r2=R0;c5=string@1499080;c6=int:0","verify",0
528,1,1,1,3,candidate,"NUMSCI_INT_INT_INT(c1,c2,c2) | NULL_REG(r1) | RXVERS_REG(r1) | RET_REG(r1)","c1=int:18;c2=int:1;r1=R0","version",0
529,1,1,1,8,candidate,"NUMSCI_INT_INT_INT(c1,c2,c3) | NULL_REG(r1) | NULL_REG(r2) | BRTPANDT_ID_REG_INT(c4,r3,c5)","c1=int:9;c2=int:1;c3=int:2;r1=R17;r2=R18;c4=label@17;r3=R108;c5=int:512","benchmark_rexxcps_levelb_noopt",0
530,1,1,1,7,candidate,"POSCHAR_REG_REG_REG(r1,r2,r3) | IGTE_REG_REG_INT(r4,r1,c1) | BRF_ID_REG(c2,r4) | ILT_REG_REG_REG(r4,r1,r5)","r1=R6;r2=R20;r3=R7;r4=R16;c1=int:0;c2=label@191;r5=R5","verify",176
531,1,1,1,7,candidate,"SAY_REG(r1) | CONCAT_REG_STRING_REG(r1,c1,r2) | SCONCAT_REG_REG_STRING(r1,r1,c2) | GETATTRS_REG_REG_INT(r3,r4,c3)","r1=R33;c1=string@12520;r2=R11;c2=string@12664;r3=R31;r4=R1;c3=int:0","benchmark_rexxcps_levelb_noopt",223
532,1,1,1,5,candidate,"SAY_REG(r1) | CONCAT_REG_STRING_REG(r1,c1,r2) | SCONCAT_REG_REG_STRING(r1,r1,c2) | ITOS_REG(r3)","r1=R103;c1=string@75728;r2=R11;c2=string@13032;r3=R15","benchmark_rexxcps_levelb_noopt",1512
533,1,1,1,5,candidate,"SAY_REG(r1) | ILT_REG_REG_INT(r1,r2,c1) | BRF_ID_REG(c2,r1) | SAY_STRING(c3)","r1=R33;r2=R12;c1=int:100;c2=label@274;c3=string@14152","benchmark_rexxcps_levelb_noopt",263
534,1,1,1,5,candidate,"SAY_REG(r1) | ITOF_REG_REG(r1,r2) | FDIV_REG_REG_REG(r1,r3,r1) | FSUB_REG_REG_REG(r4,r1,r5)","r1=R103;r2=R3;r3=R22;r4=R16;r5=R13","benchmark_rexxcps_levelb_noopt",1558
535,1,1,1,4,candidate,"SAY_REG(r1) | SAY_STRING(c1) | SAY_STRING(c2) | RET_INT(c3)","r1=R103;c1=string@464;c2=string@81752;c3=int:0","benchmark_rexxcps_levelb_noopt",1689
536,1,1,1,5,candidate,"SAY_REG(r1) | SCONCAT_REG_STRING_REG(r1,c1,r2) | SAY_REG(r1) | CONCAT_REG_STRING_REG(r1,c2,r3)","r1=R33;c1=string@12144;r2=R20;c2=string@12520;r3=R11","benchmark_rexxcps_levelb_noopt",217
537,1,1,1,5,candidate,"SAY_REG(r1) | SCONCAT_REG_STRING_REG(r1,c1,r2) | SAY_REG(r1) | SCONCAT_REG_STRING_REG(r1,c2,r3)","r1=R33;c1=string@11792;r2=R24;c2=string@12144;r3=R20","benchmark_rexxcps_levelb_noopt",211
538,1,1,1,8,candidate,"SAY_STRING(c1) | FDIV_REG_FLOAT_REG(r1,c2,r2) | LOAD_REG_INT(r3,c3) | LOAD_REG_INT(r4,c4)","c1=string@464;r1=R99;c2=float@80992;r2=R21;r3=R101;c3=int:0;r4=R98;c4=int:5","benchmark_rexxcps_levelb_noopt",1654
539,1,1,1,7,candidate,"SCONCAT_REG_REG_REG(r1,r1,r2) | SCONCAT_REG_REG_STRING(r1,r1,c1) | LOAD_REG_INT(r3,c2) | LOAD_REG_INT(r4,c3)","r1=R97;r2=R3;c1=string@74792;r3=R101;c2=int:1;r4=R98;c3=int:5","benchmark_rexxcps_levelb_noopt",1469
540,1,1,1,6,candidate,"SCONCAT_REG_REG_REG(r1,r2,r3) | SCONCAT_REG_REG_STRING(r1,r1,c1) | SAY_REG(r1) | CONCAT_REG_STRING_REG(r1,c2,r4)","r1=R103;r2=R97;r3=R96;c1=string@75376;c2=string@75728;r4=R11","benchmark_rexxcps_levelb_noopt",1504
541,1,1,1,5,candidate,"SCONCAT_REG_REG_STRING(r1,r1,c1) | GETATTRS_REG_REG_INT(r2,r3,c2) | ITOS_REG(r2) | CONCAT_REG_REG_REG(r1,r1,r2)","r1=R33;c1=string@12664;r2=R31;r3=R1;c2=int:0","benchmark_rexxcps_levelb_noopt",229
542,1,1,1,4,candidate,"SCONCAT_REG_REG_STRING(r1,r1,c1) | ITOS_REG(r2) | SCONCAT_REG_REG_REG(r1,r1,r2) | SCONCAT_REG_REG_STRING(r1,r1,c2)","r1=R97;c1=string@74512;r2=R3;c2=string@74792","benchmark_rexxcps_levelb_noopt",1463
543,1,1,1,8,candidate,"SCONCAT_REG_REG_STRING(r1,r1,c1) | LOAD_REG_INT(r2,c2) | LOAD_REG_INT(r3,c3) | SWAP_REG_REG(r4,r5)","r1=R97;c1=string@74792;r2=R101;c2=int:1;r3=R98;c3=int:5;r4=R99;r5=R22","benchmark_rexxcps_levelb_noopt",1473
544,1,1,1,5,candidate,"SCONCAT_REG_REG_STRING(r1,r1,c1) | SAY_REG(r1) | CONCAT_REG_STRING_REG(r1,c2,r2) | SCONCAT_REG_REG_STRING(r1,r1,c3)","r1=R103;c1=string@75376;c2=string@75728;r2=R11;c3=string@13032","benchmark_rexxcps_levelb_noopt",1508
545,1,1,1,4,candidate,"SCONCAT_REG_REG_STRING(r1,r1,c1) | SAY_REG(r1) | SAY_STRING(c2) | SAY_STRING(c3)","r1=R103;c1=string@81392;c2=string@464;c3=string@81752","benchmark_rexxcps_levelb_noopt",1685
546,1,1,1,4,candidate,"SCONCAT_REG_REG_STRING(r1,r1,c1) | SAY_REG(r1) | SCONCAT_REG_STRING_REG(r1,c2,r2) | SAY_REG(r1)","r1=R33;c1=string@11416;c2=string@11792;r2=R24","benchmark_rexxcps_levelb_noopt",207
547,1,1,1,6,candidate,"SCONCAT_REG_STRING_REG(r1,c1,r2) | SAY_REG(r1) | CONCAT_REG_STRING_REG(r1,c2,r3) | SCONCAT_REG_REG_STRING(r1,r1,c3)","r1=R33;c1=string@12144;r2=R20;c2=string@12520;r3=R11;c3=string@12664","benchmark_rexxcps_levelb_noopt",219
548,1,1,1,5,candidate,"SCONCAT_REG_STRING_REG(r1,c1,r2) | SAY_REG(r1) | SCONCAT_REG_STRING_REG(r1,c2,r3) | SAY_REG(r1)","r1=R33;c1=string@11792;r2=R24;c2=string@12144;r3=R20","benchmark_rexxcps_levelb_noopt",213
549,1,1,1,5,candidate,"SCONCAT_REG_STRING_REG(r1,c1,r2) | SCONCAT_REG_REG_STRING(r1,r1,c2) | ITOS_REG(r3) | SCONCAT_REG_REG_REG(r1,r1,r3)","r1=R97;c1=string@74376;r2=R12;c2=string@74512;r3=R3","benchmark_rexxcps_levelb_noopt",1459
550,1,1,1,5,candidate,"SCONCAT_REG_STRING_REG(r1,c1,r2) | SCONCAT_REG_REG_STRING(r1,r1,c2) | SAY_REG(r1) | SAY_STRING(c3)","r1=R103;c1=string@81256;r2=R97;c2=string@81392;c3=string@464","benchmark_rexxcps_levelb_noopt",1681
551,1,1,1,6,candidate,"SCONCAT_REG_STRING_REG(r1,c1,r2) | SCONCAT_REG_REG_STRING(r1,r1,c2) | SAY_REG(r1) | SCONCAT_REG_STRING_REG(r1,c3,r3)","r1=R33;c1=string@11288;r2=R19;c2=string@11416;c3=string@11792;r3=R24","benchmark_rexxcps_levelb_noopt",203
552,1,1,1,5,candidate,"SCOPY_REG_REG(r1,r2) | STOD_REG(r1) | LOAD_REG_INT(r2,c1) | IGT_REG_REG_REG(r3,r2,r4)","r1=R6;r2=R33;c1=int:1;r3=R32;r4=R3","benchmark_rexxcps_levelb_noopt",346
553,1,1,1,5,candidate,"SCOPY_REG_REG(r1,r2) | UNLINK_REG(r1) | COPY_REG_REG(r3,r4) | COPY_REG_REG(r5,r3)","r1=R2;r2=R0;r3=R23;r4=R1;r5=R3","trace",11900
554,1,1,1,4,candidate,"SCOPY_REG_REG(r1,r2) | UNLINK_REG(r1) | LOAD_REG_INT(r1,c1) | ISETATTR1_REG_INT_REG(r3,c1,r1)","r1=R0;r2=R2;c1=int:1;r3=R1","trace",11744
555,1,1,1,7,candidate,"SETATTRS_REG_INT(r1,c1) | SETOBJTYPE_REG_STRING(r1,c2) | LOAD_REG_STRING(r2,c3) | LINKATTR1_REG_REG_INT(r3,r1,c4)","r1=R1;c1=int:22;c2=string@35;r2=R2;c3=string@1498872;r3=R0;c4=int:6","trace",11731
556,1,1,1,7,candidate,"SETNUMFRM_INT(c1) | SETNUMSTD_INT(c2) | FCOPY_REG_REG(r1,r2) | BRTPANDT_ID_REG_INT(c3,r3,c4)","c1=int:1;c2=int:2;r1=R12;r2=R35;c3=label@19;r3=R36;c4=int:256","floattrunc",2
557,1,1,1,5,candidate,"SETNUMFUZ_INT(c1) | SETNUMFRM_INT(c2) | SETNUMSTD_INT(c3) | FCOPY_REG_REG(r1,r2)","c1=int:0;c2=int:1;c3=int:2;r1=R12;r2=R35","floattrunc",0
558,1,1,1,7,candidate,"SETNUMSTD_INT(c1) | FCOPY_REG_REG(r1,r2) | BRTPANDT_ID_REG_INT(c2,r3,c3) | LOAD_REG_INT(r3,c4)","c1=int:2;r1=R12;r2=R35;c2=label@19;r3=R36;c3=int:256;c4=int:0","floattrunc",4
559,1,1,1,6,candidate,"SETOBJTYPE_REG_STRING(r1,c1) | LOAD_REG_STRING(r2,c2) | LINKATTR1_REG_REG_INT(r3,r1,c3) | SCOPY_REG_REG(r3,r2)","r1=R1;c1=string@35;r2=R2;c2=string@1498872;r3=R0;c3=int:6","trace",11734
560,1,1,1,6,candidate,"SETSTRPOS_REG_REG(r1,r2) | SUBSTRING_REG_REG_REG(r3,r1,r4) | APPEND_REG_REG(r5,r3) | BR_ID(c1)","r1=R5;r2=R22;r3=R25;r4=R3;r5=R19;c1=label@329","floattrunc",299
561,1,1,1,8,candidate,"SETSTRPOS_REG_REG(r1,r2) | SUBSTRING_REG_REG_REG(r3,r1,r4) | APPEND_REG_REG(r5,r3) | IADD_REG_REG_INT(r6,r7,c1)","r1=R7;r2=R22;r3=R23;r4=R24;r5=R5;r6=R3;r7=R6;c1=int:1","floattrunc",257
562,1,1,1,7,candidate,"SETSTRPOS_REG_REG(r1,r2) | SUBSTRING_REG_REG_REG(r3,r1,r4) | APPEND_REG_REG(r5,r3) | LOAD_REG_STRING(r6,c1)","r1=R20;r2=R40;r3=R59;r4=R2;r5=R0;r6=R36;c1=string@28856","_typedformat",1058
563,1,1,1,9,candidate,"SETSTRPOS_REG_REG(r1,r2) | SUBSTRING_REG_REG_REG(r3,r1,r4) | ISUB_REG_REG_REG(r5,r6,r7) | ISUB_REG_REG_INT(r8,r5,c1)","r1=R7;r2=R22;r3=R5;r4=R17;r5=R32;r6=R1;r7=R16;r8=R24;c1=int:1","floattrunc",231
564,1,1,1,10,candidate,"SETTP_REG_INT(r1,c1) | NULLN_REG_REG_REG_REG(r2,r3,r4,r5) | NULLN_REG_REG_REG(r6,r7,r8) | LOAD_REG_INT(r9,c1)","r1=R22;c1=int:0;r2=R1;r3=R3;r4=R5;r5=R6;r6=R7;r7=R8;r8=R11;r9=R2","verify",38
565,1,1,1,14,candidate,"SETTP_REG_INT(r1,c1) | NULLN_REG_REG_REG_REG(r2,r3,r4,r5) | NULLN_REG_REG_REG_REG(r6,r7,r8,r9) | NULLN_REG_REG_REG_REG(r10,r11,r12,r13)","r1=R36;c1=int:0;r2=R0;r3=R1;r4=R2;r5=R3;r6=R4;r7=R6;r8=R7;r9=R11;r10=R14;r11=R16;r12=R17;r13=R22","floattrunc",16
566,1,1,1,6,candidate,"STOD_REG(r1) | LOAD_REG_INT(r2,c1) | IGT_REG_REG_REG(r3,r2,r4) | BRT_ID_REG(c2,r3)","r1=R6;r2=R33;c1=int:1;r3=R32;r4=R3;c2=label@406","benchmark_rexxcps_levelb_noopt",349
567,1,1,1,5,candidate,"STOI_REG(r1) | IGETUNLINK_REG_REG(r2,r1) | LOAD_REG_STRING(r3,c1) | ILT_REG_REG_INT(r1,r2,c2)","r1=R33;r2=R12;r3=R11;c1=string@7352;c2=int:1","benchmark_rexxcps_levelb_noopt",141
568,1,1,1,5,candidate,"STOI_REG_REG(r1,r2) | IADD_REG_REG_INT(r1,r1,c1) | IMULT_REG_REG_REG(r3,r1,r3) | LOAD_REG_INT(r4,c1)","r1=R97;r2=R93;c1=int:1;r3=R12;r4=R4","benchmark_rexxcps_levelb_noopt",1439
569,1,1,1,7,candidate,"STRCHAR_REG_REG_REG(r1,r2,r3) | IEQ_REG_REG_INT(r4,r1,c1) | BRT_ID_REG(c2,r4) | IEQ_REG_REG_INT(r4,r1,c3)","r1=R1;r2=R0;r3=R2;r4=R12;c1=int:77;c2=label@81;c3=int:109","verify",66
570,1,1,1,8,candidate,"STRCHAR_REG_REG_REG(r1,r2,r3) | POSCHAR_REG_REG_REG(r4,r5,r1) | IGTE_REG_REG_INT(r6,r4,c1) | BRF_ID_REG(c2,r6)","r1=R7;r2=R19;r3=R12;r4=R6;r5=R20;r6=R16;c1=int:0;c2=label@191","verify",172
571,1,1,1,6,candidate,"STRLEN_REG_REG(r1,r2) | IEQ_REG_REG_INT(r3,r1,c1) | BRT_ID_REG(c2,r3) | IGT_REG_REG_REG(r3,r4,r1)","r1=R8;r2=R19;r3=R13;c1=int:0;c2=label@135;r4=R22","verify",121
572,1,1,1,9,candidate,"SUBSTRING_REG_REG_REG(r1,r2,r3) | APPEND_REG_REG(r4,r1) | IADD_REG_REG_INT(r5,r6,c1) | BRF_ID_REG(c2,r7)","r1=R23;r2=R7;r3=R24;r4=R5;r5=R3;r6=R6;c1=int:1;c2=label@277;r7=R11","floattrunc",260
573,1,1,1,9,candidate,"SUBSTRING_REG_REG_REG(r1,r2,r3) | APPEND_REG_REG(r4,r1) | LOAD_REG_STRING(r5,c1) | IGT_REG_REG_INT(r6,r7,c2)","r1=R59;r2=R20;r3=R2;r4=R0;r5=R36;c1=string@28856;r6=R60;r7=R31;c2=int:0","_typedformat",1061
574,1,1,1,9,candidate,"SUBSTRING_REG_REG_REG(r1,r2,r3) | ISUB_REG_REG_REG(r4,r5,r6) | ISUB_REG_REG_INT(r7,r4,c1) | IGT_REG_REG_INT(r4,r7,c2)","r1=R5;r2=R7;r3=R17;r4=R32;r5=R1;r6=R16;r7=R24;c1=int:1;c2=int:0","floattrunc",234
575,1,1,1,7,candidate,"SWAP_REG_REG(r1,r2) | REQ_REG_REG_STRING(r3,r4,c1) | BRF_ID_REG(c2,r3) | BR_ID(c3)","r1=R23;r2=R101;r3=R103;r4=R99;c1=string@78528;c2=label@1608;c3=label@1654","benchmark_rexxcps_levelb_noopt",1596
576,1,1,1,6,candidate,"SWAP_REG_REG(r1,r2) | SCONCAT_REG_REG_REG(r3,r4,r5) | SCONCAT_REG_REG_STRING(r3,r3,c1) | SAY_REG(r3)","r1=R22;r2=R99;r3=R103;r4=R97;r5=R96;c1=string@75376","benchmark_rexxcps_levelb_noopt",1501
577,1,1,1,6,candidate,"SWAP_REG_REG(r1,r2) | SCONCAT_REG_STRING_REG(r3,c1,r4) | SCONCAT_REG_REG_STRING(r3,r3,c2) | SAY_REG(r3)","r1=R24;r2=R32;r3=R33;c1=string@11288;r4=R19;c2=string@11416","benchmark_rexxcps_levelb_noopt",200
578,1,1,1,7,candidate,"SWAP_REG_REG(r1,r2) | SETTP_REG_INT(r3,c1) | SETTP_REG_INT(r4,c2) | SETTP_REG_INT(r5,c1)","r1=R99;r2=R22;r3=R100;c1=int:0;r4=R101;c2=int:256;r5=R102","benchmark_rexxcps_levelb_noopt",1483
579,1,1,1,5,candidate,"SWAP_REG_REG(r1,r2) | UNLINK_REG(r1) | INE_REG_REG_INT(r3,r3,c1) | BRF_ID_REG(c2,r3)","r1=R26;r2=R29;r3=R33;c1=int:0;c2=label@137","benchmark_rexxcps_levelb_noopt",113
580,1,1,1,6,candidate,"UNLINK_REG(r1) | COPY_REG_REG(r2,r3) | COPY_REG_REG(r4,r2) | LOAD_REG_INT(r5,c1)","r1=R2;r2=R23;r3=R1;r4=R3;r5=R0;c1=int:0","trace",11903
581,1,1,1,4,candidate,"UNLINK_REG(r1) | LOAD_REG_INT(r1,c1) | ISETATTR1_REG_INT_REG(r2,c1,r1) | LOAD_REG_INT(r1,c2)","r1=R0;c1=int:1;r2=R1;c2=int:0","trace",11747
582,1,1,1,6,candidate,"UNLINK_REG(r1) | LOAD_REG_INT(r2,c1) | ISETATTR1_REG_INT_REG(r3,c2,r2) | COPY_REG_REG(r4,r3)","r1=R2;r2=R0;c1=int:0;r3=R4;c2=int:21;r4=R3","trace",11957
