entry,count_rank,total_time_rank,average_latency_rank,name,count,total_ns,average_ns,min_ns,max_ns,percent,status
sieve-opt-retained,1,2,24,IGT_REG_REG_REG,1087001,13449605,12,0,25458,11.396019,complete
sieve-opt-retained,2,4,31,UNLINK_REG,1053401,12592644,11,0,5333,10.669905,complete
sieve-opt-retained,3,1,23,SETATTRS_REG_INT,1053400,14668888,13,0,118084,12.429133,complete
sieve-opt-retained,3,3,24,LINKATTR1_REG_REG_REG,1053400,13178708,12,0,12667,11.166484,complete
sieve-opt-retained,5,6,31,LOAD_REG_INT,837153,9796866,11,0,1500,8.301007,complete
sieve-opt-retained,6,5,24,ICOPY_REG_REG,803451,9965333,12,0,8167,8.443752,complete
sieve-opt-retained,7,7,24,IADD_REG_REG_REG,586900,7307931,12,0,34000,6.192101,complete
sieve-opt-retained,7,8,31,BLT_ID_REG_INT,586900,6943010,11,0,8375,5.882899,complete
sieve-opt-retained,7,9,31,BRTF_ID_ID_REG,586900,6873013,11,0,13250,5.823590,complete
sieve-opt-retained,10,10,31,BR_ID,553451,6483322,11,0,16250,5.493400,complete
sieve-opt-retained,11,12,31,BRT_ID_REG,500101,5843842,11,0,12334,4.951561,complete
sieve-opt-retained,12,11,31,BCTP_ID_REG,500000,5950835,11,0,250,5.042217,complete
sieve-opt-retained,13,13,24,BRF_ID_REG,250002,3076606,12,0,16083,2.606847,complete
sieve-opt-retained,14,16,24,ENDLIFE_REG,33551,407660,12,0,209,0.345415,complete
sieve-opt-retained,15,15,24,IADD_REG_REG_INT,33450,425575,12,0,9000,0.360595,complete
sieve-opt-retained,16,17,15,COPY_REG_REG,51,36335,712,0,33000,0.030787,complete
sieve-opt-retained,17,14,6,NULL_REG,50,826123,16522,83,33750,0.699984,complete
sieve-opt-retained,17,30,22,INE_REG_REG_INT,50,2706,54,0,708,0.002293,complete
sieve-opt-retained,19,24,13,ITOS_REG,2,13916,6958,83,13833,0.011791,complete
sieve-opt-retained,20,18,1,GETATTRS_REG_REG_INT,1,32666,32666,32666,32666,0.027678,complete
sieve-opt-retained,20,19,2,LINKATTR1_REG_REG_INT,1,24125,24125,24125,24125,0.020441,complete
sieve-opt-retained,20,20,3,IGTE_REG_REG_INT,1,24042,24042,24042,24042,0.020371,complete
sieve-opt-retained,20,21,4,SETNUMFUZ_INT,1,18666,18666,18666,18666,0.015816,complete
sieve-opt-retained,20,22,5,BRTPANDT_ID_REG_INT,1,16708,16708,16708,16708,0.014157,complete
sieve-opt-retained,20,23,7,STOI_REG,1,16000,16000,16000,16000,0.013557,complete
sieve-opt-retained,20,25,8,SETNUMDGTS_INT,1,9041,9041,9041,9041,0.007661,complete
sieve-opt-retained,20,26,9,APPEND_REG_REG,1,9000,9000,9000,9000,0.007626,complete
sieve-opt-retained,20,27,10,MINATTRS_REG_INT,1,8375,8375,8375,8375,0.007096,complete
sieve-opt-retained,20,28,11,SAY_REG,1,8250,8250,8250,8250,0.006990,complete
sieve-opt-retained,20,29,12,ILT_REG_REG_INT,1,7500,7500,7500,7500,0.006355,complete
sieve-opt-retained,20,31,14,CONCAT_REG_STRING_REG,1,1292,1292,1292,1292,0.001095,complete
sieve-opt-retained,20,32,16,SAY_STRING,1,583,583,583,583,0.000494,complete
sieve-opt-retained,20,33,17,SCONCAT_REG_REG_STRING,1,416,416,416,416,0.000352,complete
sieve-opt-retained,20,34,18,RET_INT,1,292,292,292,292,0.000247,complete
sieve-opt-retained,20,35,19,SETNUMSTD_INT,1,167,167,167,167,0.000142,complete
sieve-opt-retained,20,36,20,SETNUMFRM_INT,1,83,83,83,83,0.000070,complete
sieve-opt-retained,20,36,20,SETNUMCAS_INT,1,83,83,83,83,0.000070,complete
sieve-opt-stripped,1,2,24,IGT_REG_REG_REG,1087001,13728327,12,0,11125,11.585505,complete
sieve-opt-stripped,2,4,31,UNLINK_REG,1053401,12465338,11,0,12042,10.519653,complete
sieve-opt-stripped,3,1,23,SETATTRS_REG_INT,1053400,14578592,13,0,130708,12.303054,complete
sieve-opt-stripped,3,3,24,LINKATTR1_REG_REG_REG,1053400,13489429,12,0,6875,11.383896,complete
sieve-opt-stripped,5,5,31,LOAD_REG_INT,837153,10038861,11,0,16417,8.471919,complete
sieve-opt-stripped,6,6,24,ICOPY_REG_REG,803451,9765667,12,0,6208,8.241367,complete
sieve-opt-stripped,7,7,24,IADD_REG_REG_REG,586900,7455902,12,0,12958,6.292128,complete
sieve-opt-stripped,7,8,31,BRTF_ID_ID_REG,586900,6946162,11,0,4208,5.861952,complete
sieve-opt-stripped,7,9,31,BLT_ID_REG_INT,586900,6831504,11,0,2667,5.765191,complete
sieve-opt-stripped,10,10,31,BR_ID,553451,6578990,11,0,6875,5.552091,complete
sieve-opt-stripped,11,12,31,BRT_ID_REG,500101,5848220,11,0,4667,4.935385,complete
sieve-opt-stripped,12,11,31,BCTP_ID_REG,500000,5956423,11,0,4334,5.026699,complete
sieve-opt-stripped,13,13,24,BRF_ID_REG,250002,3086986,12,0,13000,2.605146,complete
sieve-opt-stripped,14,16,24,ENDLIFE_REG,33551,406485,12,0,667,0.343038,complete
sieve-opt-stripped,15,15,24,IADD_REG_REG_INT,33450,425249,12,0,1208,0.358873,complete
sieve-opt-stripped,16,18,20,COPY_REG_REG,51,8251,161,0,6125,0.006963,complete
sieve-opt-stripped,17,14,1,NULL_REG,50,842877,16857,292,37500,0.711314,complete
sieve-opt-stripped,17,22,22,INE_REG_REG_INT,50,2583,51,0,625,0.002180,complete
sieve-opt-stripped,19,19,5,ITOS_REG,2,5333,2666,83,5250,0.004501,complete
sieve-opt-stripped,20,17,2,SAY_REG,1,8541,8541,8541,8541,0.007208,complete
sieve-opt-stripped,20,20,3,SETNUMFUZ_INT,1,5083,5083,5083,5083,0.004290,complete
sieve-opt-stripped,20,21,4,GETATTRS_REG_REG_INT,1,3333,3333,3333,3333,0.002813,complete
sieve-opt-stripped,20,23,6,IGTE_REG_REG_INT,1,2500,2500,2500,2500,0.002110,complete
sieve-opt-stripped,20,24,7,LINKATTR1_REG_REG_INT,1,2334,2334,2334,2334,0.001970,complete
sieve-opt-stripped,20,25,8,BRTPANDT_ID_REG_INT,1,2000,2000,2000,2000,0.001688,complete
sieve-opt-stripped,20,26,9,STOI_REG,1,1916,1916,1916,1916,0.001617,complete
sieve-opt-stripped,20,27,10,SETNUMDGTS_INT,1,1875,1875,1875,1875,0.001582,complete
sieve-opt-stripped,20,28,11,APPEND_REG_REG,1,1667,1667,1667,1667,0.001407,complete
sieve-opt-stripped,20,29,12,CONCAT_REG_STRING_REG,1,1166,1166,1166,1166,0.000984,complete
sieve-opt-stripped,20,30,13,MINATTRS_REG_INT,1,1083,1083,1083,1083,0.000914,complete
sieve-opt-stripped,20,31,14,ILT_REG_REG_INT,1,1041,1041,1041,1041,0.000879,complete
sieve-opt-stripped,20,32,15,SCONCAT_REG_REG_STRING,1,583,583,583,583,0.000492,complete
sieve-opt-stripped,20,33,16,SAY_STRING,1,542,542,542,542,0.000457,complete
sieve-opt-stripped,20,34,17,RET_INT,1,292,292,292,292,0.000246,complete
sieve-opt-stripped,20,35,18,SETNUMSTD_INT,1,250,250,250,250,0.000211,complete
sieve-opt-stripped,20,36,19,SETNUMFRM_INT,1,208,208,208,208,0.000176,complete
sieve-opt-stripped,20,37,21,SETNUMCAS_INT,1,125,125,125,125,0.000105,complete
permute-opt-retained,1,2,23,UNLINK_REG,4897351,73908932,15,0,4360250,13.626244,complete
permute-opt-retained,2,4,25,ICOPY_REG_REG,3133001,45064389,14,0,39750,8.308310,complete
permute-opt-retained,3,5,36,LINKATTR1_REG_REG_INT,2882951,39655271,13,0,50000,7.311057,complete
permute-opt-retained,4,6,25,IADD_REG_REG_INT,2447400,35907697,14,0,1264292,6.620134,complete
permute-opt-retained,5,9,36,SETATTRS_REG_INT,2015650,27967902,13,0,114459,5.156311,complete
permute-opt-retained,6,8,25,LINKATTR1_REG_REG_REG,2014400,28421134,14,0,54584,5.239871,complete
permute-opt-retained,7,7,22,SWAP_REG_REG,1731100,30035002,17,0,20625,5.537413,complete
permute-opt-retained,8,3,18,COPY_REG_REG,1008101,68604312,68,0,60125,12.648256,complete
permute-opt-retained,9,12,36,LOAD_REG_INT,795453,11053148,13,0,87333,2.037817,complete
permute-opt-retained,10,16,25,BRF_ID_REG,433002,6280130,14,0,34167,1.157838,complete
permute-opt-retained,11,22,36,BRT_ID_REG,433001,5997937,13,0,23125,1.105812,complete
permute-opt-retained,12,15,25,INE_REG_REG_INT,433000,6281345,14,0,13292,1.158062,complete
permute-opt-retained,13,17,25,SETNUMDGTS_INT,432951,6187554,14,0,13167,1.140770,complete
permute-opt-retained,13,18,25,SETNUMFRM_INT,432951,6078803,14,0,16333,1.120720,complete
permute-opt-retained,13,19,25,SETNUMCAS_INT,432951,6070623,14,0,22333,1.119212,complete
permute-opt-retained,13,20,36,SETNUMFUZ_INT,432951,6040557,13,0,13167,1.113669,complete
permute-opt-retained,13,21,36,SETNUMSTD_INT,432951,6030486,13,0,24292,1.111812,complete
permute-opt-retained,18,1,17,CALL_REG_FUNC_REG,432950,76688921,177,41,188875,14.138777,complete
permute-opt-retained,18,10,19,SETTP_REG_INT,432950,13414212,30,0,25417,2.473115,complete
permute-opt-retained,18,11,20,RET,432950,12721540,29,0,24583,2.345411,complete
permute-opt-retained,18,13,21,ASSERTINITIALIZED_REG,432950,8256165,19,0,20875,1.522150,complete
permute-opt-retained,18,14,25,ILT_REG_REG_REG,432950,6449271,14,0,63125,1.189022,complete
permute-opt-retained,23,23,25,ENDLIFE_REG,361952,5196379,14,0,15209,0.958032,complete
permute-opt-retained,24,25,36,BR_ID,251951,3473731,13,0,37375,0.640436,complete
permute-opt-retained,25,24,23,IADD_REG_REG_REG,251950,3891610,15,0,9333,0.717478,complete
permute-opt-retained,26,26,25,ISUB_REG_REG_INT,180950,2616851,14,0,10125,0.482457,complete
permute-opt-retained,27,29,16,IGT_REG_REG_REG,51,18587,364,0,2709,0.003427,complete
permute-opt-retained,28,27,13,SETOBJTYPE_REG_STRING,50,30332,606,42,11083,0.005592,complete
permute-opt-retained,28,28,14,BCTP_ID_REG,50,19499,389,41,1084,0.003595,complete
permute-opt-retained,30,31,6,ITOS_REG,2,5624,2812,166,5458,0.001037,complete
permute-opt-retained,31,30,1,SAY_REG,1,7958,7958,7958,7958,0.001467,complete
permute-opt-retained,31,32,2,SCONCAT_REG_REG_STRING,1,4083,4083,4083,4083,0.000753,complete
permute-opt-retained,31,33,3,GETATTRS_REG_REG_INT,1,4041,4041,4041,4041,0.000745,complete
permute-opt-retained,31,34,4,APPEND_REG_REG,1,3625,3625,3625,3625,0.000668,complete
permute-opt-retained,31,35,5,IGTE_REG_REG_INT,1,3209,3209,3209,3209,0.000592,complete
permute-opt-retained,31,36,7,BRTPANDT_ID_REG_INT,1,2667,2667,2667,2667,0.000492,complete
permute-opt-retained,31,37,8,STOI_REG,1,2583,2583,2583,2583,0.000476,complete
permute-opt-retained,31,38,9,CONCAT_REG_STRING_REG,1,1541,1541,1541,1541,0.000284,complete
permute-opt-retained,31,39,10,MINATTRS_REG_INT,1,1375,1375,1375,1375,0.000254,complete
permute-opt-retained,31,40,11,ILT_REG_REG_INT,1,1250,1250,1250,1250,0.000230,complete
permute-opt-retained,31,41,12,SAY_STRING,1,709,709,709,709,0.000131,complete
permute-opt-retained,31,42,15,RET_INT,1,375,375,375,375,0.000069,complete
permute-opt-stripped,1,3,35,UNLINK_REG,4897351,67672888,13,0,200875,12.486005,complete
permute-opt-stripped,2,4,25,ICOPY_REG_REG,3133001,45188999,14,0,884667,8.337609,complete
permute-opt-stripped,3,5,25,LINKATTR1_REG_REG_INT,2882951,40495126,14,0,153209,7.471565,complete
permute-opt-stripped,4,6,25,IADD_REG_REG_INT,2447400,35315059,14,0,24333,6.515815,complete
permute-opt-stripped,5,9,35,SETATTRS_REG_INT,2015650,27898273,13,0,24750,5.147379,complete
permute-opt-stripped,6,8,25,LINKATTR1_REG_REG_REG,2014400,28839584,14,0,86458,5.321056,complete
permute-opt-stripped,7,7,22,SWAP_REG_REG,1731100,30857321,17,0,455417,5.693339,complete
permute-opt-stripped,8,2,18,COPY_REG_REG,1008101,69241673,68,0,100709,12.775454,complete
permute-opt-stripped,9,13,35,LOAD_REG_INT,795453,11050037,13,0,17250,2.038790,complete
permute-opt-stripped,10,16,25,BRF_ID_REG,433002,6240924,14,0,12125,1.151483,complete
permute-opt-stripped,11,21,35,BRT_ID_REG,433001,5943178,13,0,9167,1.096548,complete
permute-opt-stripped,12,14,23,INE_REG_REG_INT,433000,6573758,15,0,275792,1.212893,complete
permute-opt-stripped,13,17,25,SETNUMDGTS_INT,432951,6200257,14,0,17459,1.143980,complete
permute-opt-stripped,13,18,25,SETNUMFUZ_INT,432951,6168310,14,0,22167,1.138086,complete
permute-opt-stripped,13,19,35,SETNUMCAS_INT,432951,6041460,13,0,8875,1.114681,complete
permute-opt-stripped,13,20,35,SETNUMSTD_INT,432951,5987131,13,0,11875,1.104657,complete
permute-opt-stripped,13,22,35,SETNUMFRM_INT,432951,5925260,13,0,17042,1.093242,complete
permute-opt-stripped,18,1,17,CALL_REG_FUNC_REG,432950,74773512,172,41,53500,13.796108,complete
permute-opt-stripped,18,10,19,SETTP_REG_INT,432950,13503059,31,0,23333,2.491386,complete
permute-opt-stripped,18,11,20,ASSERTINITIALIZED_REG,432950,13314963,30,0,4867542,2.456681,complete
permute-opt-stripped,18,12,21,RET,432950,12908174,29,0,130625,2.381626,complete
permute-opt-stripped,18,15,25,ILT_REG_REG_REG,432950,6493893,14,0,19417,1.198158,complete
permute-opt-stripped,23,23,25,ENDLIFE_REG,361952,5307089,14,0,38000,0.979186,complete
permute-opt-stripped,24,25,35,BR_ID,251951,3436986,13,0,8625,0.634142,complete
permute-opt-stripped,25,24,23,IADD_REG_REG_REG,251950,3881106,15,0,10042,0.716085,complete
permute-opt-stripped,26,26,25,ISUB_REG_REG_INT,180950,2637971,14,0,16084,0.486720,complete
permute-opt-stripped,27,29,15,IGT_REG_REG_REG,51,20001,392,0,2250,0.003690,complete
permute-opt-stripped,28,27,12,BCTP_ID_REG,50,22664,453,41,1125,0.004182,complete
permute-opt-stripped,28,28,14,SETOBJTYPE_REG_STRING,50,20416,408,0,916,0.003767,complete
permute-opt-stripped,30,33,7,ITOS_REG,2,2708,1354,166,2542,0.000500,complete
permute-opt-stripped,31,30,1,SAY_REG,1,10875,10875,10875,10875,0.002006,complete
permute-opt-stripped,31,31,2,APPEND_REG_REG,1,4167,4167,4167,4167,0.000769,complete
permute-opt-stripped,31,32,3,GETATTRS_REG_REG_INT,1,3000,3000,3000,3000,0.000554,complete
permute-opt-stripped,31,34,4,IGTE_REG_REG_INT,1,2375,2375,2375,2375,0.000438,complete
permute-opt-stripped,31,35,5,STOI_REG,1,1833,1833,1833,1833,0.000338,complete
permute-opt-stripped,31,36,6,BRTPANDT_ID_REG_INT,1,1792,1792,1792,1792,0.000331,complete
permute-opt-stripped,31,37,8,MINATTRS_REG_INT,1,1083,1083,1083,1083,0.000200,complete
permute-opt-stripped,31,38,9,ILT_REG_REG_INT,1,875,875,875,875,0.000161,complete
permute-opt-stripped,31,39,10,SAY_STRING,1,792,792,792,792,0.000146,complete
permute-opt-stripped,31,40,11,CONCAT_REG_STRING_REG,1,625,625,625,625,0.000115,complete
permute-opt-stripped,31,41,13,SCONCAT_REG_REG_STRING,1,417,417,417,417,0.000077,complete
permute-opt-stripped,31,42,16,RET_INT,1,292,292,292,292,0.000054,complete
mandelbrot-opt-retained,1,1,27,FMULT_REG_REG_REG,24585141,335929622,13,0,148125,19.624828,complete
mandelbrot-opt-retained,1,2,27,FADD_REG_REG_REG,24585141,332818403,13,0,161792,19.443073,complete
mandelbrot-opt-retained,3,3,42,BRF_ID_REG,16958927,211957098,12,0,2191750,12.382420,complete
mandelbrot-opt-retained,4,5,42,IGT_REG_REG_REG,8696048,110786695,12,0,55166,6.472099,complete
mandelbrot-opt-retained,4,9,42,BRT_ID_REG,8696048,106756245,12,0,20625,6.236643,complete
mandelbrot-opt-retained,6,6,42,IEQ_REG_REG_INT,8544877,109149397,12,0,43250,6.376449,complete
mandelbrot-opt-retained,7,4,27,FMULT_REG_REG_FLOAT,8445547,116996324,13,0,21917,6.834863,complete
mandelbrot-opt-retained,7,8,42,BCTP_ID_REG,8445547,107042641,12,0,29458,6.253374,complete
mandelbrot-opt-retained,9,7,27,FSUB_REG_REG_REG,8195047,108540077,13,0,41333,6.340853,complete
mandelbrot-opt-retained,9,10,42,FGT_REG_REG_FLOAT,8195047,105616532,12,0,26875,6.170061,complete
mandelbrot-opt-retained,11,11,27,LOAD_REG_INT,913362,12406384,13,0,10875,0.724774,complete
mandelbrot-opt-retained,12,12,27,LOAD_REG_FLOAT,750000,10351167,13,0,40041,0.604710,complete
mandelbrot-opt-retained,13,14,27,ENDLIFE_REG,503002,6711815,13,0,9166,0.392101,complete
mandelbrot-opt-retained,14,13,27,ICOPY_REG_REG,501002,6749310,13,0,7000,0.394291,complete
mandelbrot-opt-retained,15,15,42,ITOF_REG,501000,6417653,12,0,19125,0.374916,complete
mandelbrot-opt-retained,16,16,27,FDIV_REG_REG_REG,250500,3348024,13,0,9792,0.195590,complete
mandelbrot-opt-retained,16,19,27,FSUB_REG_REG_FLOAT,250500,3311246,13,0,13083,0.193441,complete
mandelbrot-opt-retained,18,17,27,IADD_REG_REG_REG,250000,3333197,13,0,10208,0.194724,complete
mandelbrot-opt-retained,18,18,27,IADD_REG_REG_INT,250000,3314732,13,0,12500,0.193645,complete
mandelbrot-opt-retained,18,20,27,ISHL_REG_REG_INT,250000,3278764,13,0,11000,0.191544,complete
mandelbrot-opt-retained,21,22,27,ISUB_REG_REG_INT,219501,2963967,13,0,16167,0.173153,complete
mandelbrot-opt-retained,22,21,27,IEQ_REG_REG_REG,219000,2986963,13,0,17417,0.174497,complete
mandelbrot-opt-retained,23,23,25,IXOR_REG_REG_REG,31500,457644,14,0,667,0.026735,complete
mandelbrot-opt-retained,24,24,25,BR_ID,31000,436741,14,0,7209,0.025514,complete
mandelbrot-opt-retained,25,25,23,ISUB_REG_INT_REG,500,27838,55,0,958,0.001626,complete
mandelbrot-opt-retained,25,26,23,ISHL_REG_REG_REG,500,27789,55,0,500,0.001623,complete
mandelbrot-opt-retained,27,42,18,BNE_ID_REG_INT,3,667,222,0,500,0.000039,complete
mandelbrot-opt-retained,28,39,17,ITOS_REG,2,958,479,83,875,0.000056,complete
mandelbrot-opt-retained,29,27,1,SAY_REG,1,9667,9667,9667,9667,0.000565,complete
mandelbrot-opt-retained,29,28,2,SETNUMFUZ_INT,1,5500,5500,5500,5500,0.000321,complete
mandelbrot-opt-retained,29,29,3,INE_REG_REG_REG,1,4042,4042,4042,4042,0.000236,complete
mandelbrot-opt-retained,29,30,4,GETATTRS_REG_REG_INT,1,3250,3250,3250,3250,0.000190,complete
mandelbrot-opt-retained,29,31,5,IGTE_REG_REG_INT,1,3208,3208,3208,3208,0.000187,complete
mandelbrot-opt-retained,29,32,6,LINKATTR1_REG_REG_INT,1,3042,3042,3042,3042,0.000178,complete
mandelbrot-opt-retained,29,33,7,STOI_REG,1,2000,2000,2000,2000,0.000117,complete
mandelbrot-opt-retained,29,34,8,MINATTRS_REG_INT,1,1667,1667,1667,1667,0.000097,complete
mandelbrot-opt-retained,29,35,9,APPEND_REG_REG,1,1333,1333,1333,1333,0.000078,complete
mandelbrot-opt-retained,29,36,10,SETNUMDGTS_INT,1,1250,1250,1250,1250,0.000073,complete
mandelbrot-opt-retained,29,37,11,CONCAT_REG_STRING_REG,1,1208,1208,1208,1208,0.000071,complete
mandelbrot-opt-retained,29,38,12,ILT_REG_REG_INT,1,1000,1000,1000,1000,0.000058,complete
mandelbrot-opt-retained,29,40,13,COPY_REG_REG,1,708,708,708,708,0.000041,complete
mandelbrot-opt-retained,29,40,13,SAY_STRING,1,708,708,708,708,0.000041,complete
mandelbrot-opt-retained,29,43,15,SCONCAT_REG_REG_STRING,1,583,583,583,583,0.000034,complete
mandelbrot-opt-retained,29,44,16,RET_INT,1,541,541,541,541,0.000032,complete
mandelbrot-opt-retained,29,45,19,SETNUMSTD_INT,1,208,208,208,208,0.000012,complete
mandelbrot-opt-retained,29,46,20,UNLINK_REG,1,167,167,167,167,0.000010,complete
mandelbrot-opt-retained,29,46,20,SETNUMFRM_INT,1,167,167,167,167,0.000010,complete
mandelbrot-opt-retained,29,48,22,SETNUMCAS_INT,1,125,125,125,125,0.000007,complete
mandelbrot-opt-stripped,1,1,27,FMULT_REG_REG_REG,24585141,353977886,14,0,1935250,19.523868,complete
mandelbrot-opt-stripped,1,2,27,FADD_REG_REG_REG,24585141,350436079,14,0,173000,19.328518,complete
mandelbrot-opt-stripped,3,3,39,BRF_ID_REG,16958927,227127872,13,0,3781250,12.527378,complete
mandelbrot-opt-stripped,4,6,39,IGT_REG_REG_REG,8696048,116251283,13,0,364583,6.411911,complete
mandelbrot-opt-stripped,4,8,39,BRT_ID_REG,8696048,113966221,13,0,231791,6.285877,complete
mandelbrot-opt-stripped,6,5,39,IEQ_REG_REG_INT,8544877,119075847,13,0,250375,6.567702,complete
mandelbrot-opt-stripped,7,4,27,FMULT_REG_REG_FLOAT,8445547,122293075,14,0,258792,6.745150,complete
mandelbrot-opt-stripped,7,10,39,BCTP_ID_REG,8445547,112069263,13,0,36125,6.181249,complete
mandelbrot-opt-stripped,9,7,39,FSUB_REG_REG_REG,8195047,114723920,13,0,688458,6.327669,complete
mandelbrot-opt-stripped,9,9,39,FGT_REG_REG_FLOAT,8195047,112711814,13,0,153625,6.216690,complete
mandelbrot-opt-stripped,11,11,27,LOAD_REG_INT,913362,13133069,14,0,48875,0.724363,complete
mandelbrot-opt-stripped,12,12,27,LOAD_REG_FLOAT,750000,11013055,14,0,83375,0.607432,complete
mandelbrot-opt-stripped,13,13,27,ENDLIFE_REG,503002,7224888,14,0,61459,0.398493,complete
mandelbrot-opt-stripped,14,14,27,ICOPY_REG_REG,501002,7098400,14,0,13417,0.391517,complete
mandelbrot-opt-stripped,15,15,39,ITOF_REG,501000,6738125,13,0,64750,0.371645,complete
mandelbrot-opt-stripped,16,18,27,FDIV_REG_REG_REG,250500,3551145,14,0,14709,0.195866,complete
mandelbrot-opt-stripped,16,19,39,FSUB_REG_REG_FLOAT,250500,3502387,13,0,15000,0.193176,complete
mandelbrot-opt-stripped,18,16,27,ISHL_REG_REG_INT,250000,3589475,14,0,31334,0.197980,complete
mandelbrot-opt-stripped,18,17,27,IADD_REG_REG_REG,250000,3569454,14,0,14042,0.196875,complete
mandelbrot-opt-stripped,18,20,39,IADD_REG_REG_INT,250000,3468017,13,0,8750,0.191281,complete
mandelbrot-opt-stripped,21,22,27,ISUB_REG_REG_INT,219501,3111056,14,0,7292,0.171592,complete
mandelbrot-opt-stripped,22,21,27,IEQ_REG_REG_REG,219000,3235584,14,0,13708,0.178461,complete
mandelbrot-opt-stripped,23,23,25,IXOR_REG_REG_REG,31500,516153,16,0,1083,0.028469,complete
mandelbrot-opt-stripped,24,24,25,BR_ID,31000,510742,16,0,8125,0.028170,complete
mandelbrot-opt-stripped,25,25,23,ISHL_REG_REG_REG,500,52596,105,0,1166,0.002901,complete
mandelbrot-opt-stripped,25,26,24,ISUB_REG_INT_REG,500,51878,103,0,1000,0.002861,complete
mandelbrot-opt-stripped,27,43,20,BNE_ID_REG_INT,3,541,180,0,416,0.000030,complete
mandelbrot-opt-stripped,28,36,14,ITOS_REG,2,1833,916,83,1750,0.000101,complete
mandelbrot-opt-stripped,29,27,1,SAY_REG,1,11958,11958,11958,11958,0.000660,complete
mandelbrot-opt-stripped,29,28,2,CONCAT_REG_STRING_REG,1,6167,6167,6167,6167,0.000340,complete
mandelbrot-opt-stripped,29,29,3,SETNUMFUZ_INT,1,5916,5916,5916,5916,0.000326,complete
mandelbrot-opt-stripped,29,30,4,INE_REG_REG_REG,1,4917,4917,4917,4917,0.000271,complete
mandelbrot-opt-stripped,29,31,5,GETATTRS_REG_REG_INT,1,3458,3458,3458,3458,0.000191,complete
mandelbrot-opt-stripped,29,32,6,LINKATTR1_REG_REG_INT,1,3375,3375,3375,3375,0.000186,complete
mandelbrot-opt-stripped,29,33,7,IGTE_REG_REG_INT,1,3250,3250,3250,3250,0.000179,complete
mandelbrot-opt-stripped,29,34,8,STOI_REG,1,2041,2041,2041,2041,0.000113,complete
mandelbrot-opt-stripped,29,35,9,MINATTRS_REG_INT,1,1917,1917,1917,1917,0.000106,complete
mandelbrot-opt-stripped,29,37,10,APPEND_REG_REG,1,1333,1333,1333,1333,0.000074,complete
mandelbrot-opt-stripped,29,38,11,SCONCAT_REG_REG_STRING,1,1250,1250,1250,1250,0.000069,complete
mandelbrot-opt-stripped,29,39,12,SETNUMDGTS_INT,1,1125,1125,1125,1125,0.000062,complete
mandelbrot-opt-stripped,29,40,13,ILT_REG_REG_INT,1,958,958,958,958,0.000053,complete
mandelbrot-opt-stripped,29,41,15,SAY_STRING,1,708,708,708,708,0.000039,complete
mandelbrot-opt-stripped,29,42,16,COPY_REG_REG,1,666,666,666,666,0.000037,complete
mandelbrot-opt-stripped,29,44,17,UNLINK_REG,1,375,375,375,375,0.000021,complete
mandelbrot-opt-stripped,29,45,18,RET_INT,1,334,334,334,334,0.000018,complete
mandelbrot-opt-stripped,29,46,19,SETNUMCAS_INT,1,292,292,292,292,0.000016,complete
mandelbrot-opt-stripped,29,47,21,SETNUMSTD_INT,1,166,166,166,166,0.000009,complete
mandelbrot-opt-stripped,29,48,22,SETNUMFRM_INT,1,125,125,125,125,0.000007,complete
towers-opt-retained,1,1,14,COPY_REG_REG,1556321,749803894,481,0,4086750,78.435910,complete
towers-opt-retained,2,5,36,UNLINK_REG,1147171,16818563,14,0,677125,1.759366,complete
towers-opt-retained,2,6,36,LINKATTR1_REG_REG_INT,1147171,16388958,14,0,9584,1.714425,complete
towers-opt-retained,4,7,36,ICOPY_REG_REG,983761,14067182,14,0,10167,1.471548,complete
towers-opt-retained,5,4,29,SWAP_REG_REG,983320,18028347,18,0,16041,1.885920,complete
towers-opt-retained,6,9,45,BRF_ID_REG,791892,11024714,13,0,23625,1.153280,complete
towers-opt-retained,7,11,36,IEQ_REG_REG_INT,627780,9247667,14,0,92833,0.967385,complete
towers-opt-retained,8,12,45,BR_ID,505611,6952319,13,0,33583,0.727272,complete
towers-opt-retained,9,14,45,LOAD_REG_INT,410063,5683209,13,0,12416,0.594512,complete
towers-opt-retained,10,16,36,SETTP_REG_INT,246000,3565529,14,0,13125,0.372985,complete
towers-opt-retained,11,3,20,NULL_REG,163960,20684671,126,0,286000,2.163794,complete
towers-opt-retained,11,18,32,SETOBJUNINIT_REG_STRING,163960,2581798,15,0,4667,0.270078,complete
towers-opt-retained,13,17,31,SETNUMCAS_INT,163951,2934936,17,0,424084,0.307019,complete
towers-opt-retained,13,19,36,SETNUMDGTS_INT,163951,2394044,14,0,28500,0.250438,complete
towers-opt-retained,13,20,36,SETNUMFUZ_INT,163951,2381177,14,0,12750,0.249092,complete
towers-opt-retained,13,22,45,SETNUMFRM_INT,163951,2268008,13,0,8750,0.237253,complete
towers-opt-retained,13,23,45,SETNUMSTD_INT,163951,2266771,13,0,21500,0.237124,complete
towers-opt-retained,18,2,18,CALL_REG_FUNC_REG,163950,29475336,179,83,204708,3.083373,complete
towers-opt-retained,18,13,26,RET,163950,6004983,36,0,32500,0.628173,complete
towers-opt-retained,18,15,28,ASSERTINITIALIZED_REG,163950,4445706,27,0,24000,0.465059,complete
towers-opt-retained,21,21,36,BRTF_ID_ID_REG,163930,2299290,14,0,33625,0.240525,complete
towers-opt-retained,22,10,21,ENDLIFE_REG,122872,9402805,76,0,119292,0.983614,complete
towers-opt-retained,23,26,36,IGTE_REG_REG_REG,82020,1219112,14,0,9000,0.127530,complete
towers-opt-retained,24,8,19,ASSERTTYPE_REG_STRING,81910,11812916,144,41,16459,1.235732,complete
towers-opt-retained,24,25,32,IADD_REG_REG_INT,81910,1297441,15,0,6292,0.135723,complete
towers-opt-retained,26,24,29,ISUB_REG_REG_INT,81880,1532386,18,0,64750,0.160301,complete
towers-opt-retained,27,27,32,ISUB_REG_REG_REG,40940,642500,15,0,13042,0.067211,complete
towers-opt-retained,27,28,32,ISUB_REG_INT_REG,40940,632546,15,0,2709,0.066170,complete
towers-opt-retained,29,32,24,BRT_ID_REG,161,7503,46,0,750,0.000785,complete
towers-opt-retained,30,29,22,SETATTRS_REG_INT,150,8879,59,0,875,0.000929,complete
towers-opt-retained,30,31,23,SETOBJTYPE_REG_STRING,150,8337,55,0,1500,0.000872,complete
towers-opt-retained,30,34,24,ILT_REG_REG_REG,150,6997,46,0,1125,0.000732,complete
towers-opt-retained,33,39,27,IADD_REG_REG_REG,140,4007,28,0,333,0.000419,complete
towers-opt-retained,34,33,12,IGT_REG_REG_REG,11,7126,647,167,2625,0.000745,complete
towers-opt-retained,35,35,10,BCTP_ID_REG,10,6792,679,417,875,0.000711,complete
towers-opt-retained,35,37,13,INE_REG_REG_INT,10,4834,483,125,792,0.000506,complete
towers-opt-retained,37,36,4,ITOS_REG,2,5834,2917,209,5625,0.000610,complete
towers-opt-retained,38,30,1,SAY_REG,1,8792,8792,8792,8792,0.000920,complete
towers-opt-retained,38,38,2,APPEND_REG_REG,1,4500,4500,4500,4500,0.000471,complete
towers-opt-retained,38,40,3,GETATTRS_REG_REG_INT,1,3417,3417,3417,3417,0.000357,complete
towers-opt-retained,38,41,5,IGTE_REG_REG_INT,1,2500,2500,2500,2500,0.000262,complete
towers-opt-retained,38,42,6,STOI_REG,1,2333,2333,2333,2333,0.000244,complete
towers-opt-retained,38,43,7,BRTPANDT_ID_REG_INT,1,1625,1625,1625,1625,0.000170,complete
towers-opt-retained,38,44,8,MINATTRS_REG_INT,1,1417,1417,1417,1417,0.000148,complete
towers-opt-retained,38,45,9,ILT_REG_REG_INT,1,1375,1375,1375,1375,0.000144,complete
towers-opt-retained,38,46,11,SAY_STRING,1,667,667,667,667,0.000070,complete
towers-opt-retained,38,47,15,CONCAT_REG_STRING_REG,1,375,375,375,375,0.000039,complete
towers-opt-retained,38,48,16,RET_INT,1,292,292,292,292,0.000031,complete
towers-opt-retained,38,49,17,SCONCAT_REG_REG_STRING,1,250,250,250,250,0.000026,complete
towers-opt-stripped,1,1,14,COPY_REG_REG,1556321,778137309,499,0,4747375,78.585344,complete
towers-opt-stripped,2,5,39,LINKATTR1_REG_REG_INT,1147171,16799072,14,0,32417,1.696565,complete
towers-opt-stripped,2,6,39,UNLINK_REG,1147171,16718444,14,0,98500,1.688423,complete
towers-opt-stripped,4,7,33,ICOPY_REG_REG,983761,15039453,15,0,321083,1.518859,complete
towers-opt-stripped,5,4,29,SWAP_REG_REG,983320,19217002,19,0,274084,1.940756,complete
towers-opt-stripped,6,9,39,BRF_ID_REG,791892,11451181,14,0,30000,1.156473,complete
towers-opt-stripped,7,11,33,IEQ_REG_REG_INT,627780,9436996,15,0,10167,0.953057,complete
towers-opt-stripped,8,12,39,BR_ID,505611,7101175,14,0,59292,0.717159,complete
towers-opt-stripped,9,14,39,LOAD_REG_INT,410063,5905096,14,0,14834,0.596365,complete
towers-opt-stripped,10,16,39,SETTP_REG_INT,246000,3680556,14,0,7125,0.371705,complete
towers-opt-stripped,11,3,20,NULL_REG,163960,21026428,128,0,21000,2.123493,complete
towers-opt-stripped,11,17,31,SETOBJUNINIT_REG_STRING,163960,2728824,16,0,111917,0.275588,complete
towers-opt-stripped,13,18,33,SETNUMCAS_INT,163951,2549476,15,0,8417,0.257476,complete
towers-opt-stripped,13,19,39,SETNUMFRM_INT,163951,2458811,14,0,5125,0.248319,complete
towers-opt-stripped,13,20,39,SETNUMDGTS_INT,163951,2427590,14,0,13375,0.245166,complete
towers-opt-stripped,13,21,39,SETNUMFUZ_INT,163951,2398743,14,0,4917,0.242253,complete
towers-opt-stripped,13,22,39,SETNUMSTD_INT,163951,2372854,14,0,12833,0.239638,complete
towers-opt-stripped,18,2,18,CALL_REG_FUNC_REG,163950,29459185,179,83,70083,2.975131,complete
towers-opt-stripped,18,13,26,RET,163950,6309792,38,0,39042,0.637236,complete
towers-opt-stripped,18,15,27,ASSERTINITIALIZED_REG,163950,4942070,30,0,27833,0.499108,complete
towers-opt-stripped,21,23,39,BRTF_ID_ID_REG,163930,2344437,14,0,5292,0.236768,complete
towers-opt-stripped,22,10,21,ENDLIFE_REG,122872,9720920,79,0,13125,0.981731,complete
towers-opt-stripped,23,26,33,IGTE_REG_REG_REG,82020,1262890,15,0,16000,0.127541,complete
towers-opt-stripped,24,8,19,ASSERTTYPE_REG_STRING,81910,12490370,152,83,28500,1.261423,complete
towers-opt-stripped,24,25,33,IADD_REG_REG_INT,81910,1264420,15,0,11958,0.127696,complete
towers-opt-stripped,26,24,29,ISUB_REG_REG_INT,81880,1566961,19,0,4875,0.158250,complete
towers-opt-stripped,27,27,31,ISUB_REG_INT_REG,40940,664851,16,0,4583,0.067144,complete
towers-opt-stripped,27,28,33,ISUB_REG_REG_REG,40940,624513,15,0,4333,0.063071,complete
towers-opt-stripped,29,34,25,BRT_ID_REG,161,6544,40,0,500,0.000661,complete
towers-opt-stripped,30,30,22,SETOBJTYPE_REG_STRING,150,8660,57,0,1042,0.000875,complete
towers-opt-stripped,30,31,23,SETATTRS_REG_INT,150,8088,53,0,750,0.000817,complete
towers-opt-stripped,30,32,24,ILT_REG_REG_REG,150,7005,46,0,750,0.000707,complete
towers-opt-stripped,33,38,28,IADD_REG_REG_REG,140,3746,26,0,250,0.000378,complete
towers-opt-stripped,34,33,12,IGT_REG_REG_REG,11,6623,602,166,2084,0.000669,complete
towers-opt-stripped,35,35,11,BCTP_ID_REG,10,6543,654,500,792,0.000661,complete
towers-opt-stripped,35,36,13,INE_REG_REG_INT,10,5291,529,208,917,0.000534,complete
towers-opt-stripped,37,40,7,ITOS_REG,2,2958,1479,167,2791,0.000299,complete
towers-opt-stripped,38,29,1,SAY_REG,1,9541,9541,9541,9541,0.000964,complete
towers-opt-stripped,38,37,2,APPEND_REG_REG,1,4000,4000,4000,4000,0.000404,complete
towers-opt-stripped,38,39,3,GETATTRS_REG_REG_INT,1,3000,3000,3000,3000,0.000303,complete
towers-opt-stripped,38,41,4,IGTE_REG_REG_INT,1,2417,2417,2417,2417,0.000244,complete
towers-opt-stripped,38,42,5,STOI_REG,1,1833,1833,1833,1833,0.000185,complete
towers-opt-stripped,38,42,5,BRTPANDT_ID_REG_INT,1,1833,1833,1833,1833,0.000185,complete
towers-opt-stripped,38,44,8,MINATTRS_REG_INT,1,1083,1083,1083,1083,0.000109,complete
towers-opt-stripped,38,45,9,ILT_REG_REG_INT,1,917,917,917,917,0.000093,complete
towers-opt-stripped,38,46,10,SAY_STRING,1,750,750,750,750,0.000076,complete
towers-opt-stripped,38,47,15,CONCAT_REG_STRING_REG,1,375,375,375,375,0.000038,complete
towers-opt-stripped,38,48,16,RET_INT,1,333,333,333,333,0.000034,complete
towers-opt-stripped,38,49,17,SCONCAT_REG_REG_STRING,1,250,250,250,250,0.000025,complete
bounce-opt-retained,1,2,35,UNLINK_REG,6612901,93422699,14,0,34000,12.175181,complete
bounce-opt-retained,2,3,35,LINKATTR1_REG_REG_INT,5587901,79240747,14,0,64583,10.326938,complete
bounce-opt-retained,3,5,52,BRF_ID_REG,2642702,36529846,13,0,16792,4.760701,complete
bounce-opt-retained,4,6,35,ICOPY_REG_REG,2445301,35114145,14,0,42541,4.576201,complete
bounce-opt-retained,5,4,21,COPY_REG_REG,1090201,70181569,64,0,64000,9.146314,complete
bounce-opt-retained,6,9,35,ILT_REG_REG_INT,1000001,14410249,14,0,41208,1.877995,complete
bounce-opt-retained,7,7,35,IADD_REG_REG_REG,1000000,14719491,14,0,19375,1.918297,complete
bounce-opt-retained,7,8,35,IGT_REG_REG_INT,1000000,14535288,14,0,32084,1.894291,complete
bounce-opt-retained,9,10,35,LOAD_REG_INT,800903,11864921,14,0,21250,1.546279,complete
bounce-opt-retained,10,11,52,BR_ID,753901,10464204,13,0,14958,1.363733,complete
bounce-opt-retained,11,13,35,ENDLIFE_REG,657802,9595547,14,0,17292,1.250526,complete
bounce-opt-retained,12,15,35,IGT_REG_REG_REG,520301,7654832,14,0,13625,0.997605,complete
bounce-opt-retained,12,17,35,BRT_ID_REG,520301,7493813,14,0,7208,0.976621,complete
bounce-opt-retained,14,18,35,BCTP_ID_REG,515100,7407035,14,0,11292,0.965311,complete
bounce-opt-retained,15,1,11,MKREF_REG_REG,510000,297357971,583,0,109125,38.752758,complete
bounce-opt-retained,15,14,30,MINATTRS_REG_REG_INT,510000,8093286,15,0,43292,1.054746,complete
bounce-opt-retained,15,16,35,LINKATTR1_REG_REG_REG,510000,7522961,14,0,12417,0.980419,complete
bounce-opt-retained,15,19,35,LINKREF_REG_REG,510000,7200565,14,0,9166,0.938403,complete
bounce-opt-retained,19,20,24,DCOPY_REG_REG,356500,5960476,16,0,27834,0.776791,complete
bounce-opt-retained,20,21,30,DTOI_REG,213900,3362243,15,0,30750,0.438180,complete
bounce-opt-retained,21,23,35,IADD_REG_REG_INT,173100,2533898,14,0,6958,0.330227,complete
bounce-opt-retained,22,12,20,DSUB_REG_DECIMAL_REG,142600,10359128,72,0,22292,1.350039,complete
bounce-opt-retained,22,22,22,DLT_REG_REG_DECIMAL,142600,2928583,20,0,17791,0.381663,complete
bounce-opt-retained,22,24,24,ITOD_REG,142600,2316329,16,0,9125,0.301872,complete
bounce-opt-retained,25,27,35,IMOD_REG_REG_INT,80000,1169324,14,0,9916,0.152390,complete
bounce-opt-retained,26,29,35,IMULT_REG_REG_INT,40000,590791,14,0,292,0.076994,complete
bounce-opt-retained,27,30,35,ISUB_REG_REG_INT,20000,296325,14,0,1292,0.038618,complete
bounce-opt-retained,28,28,19,SETATTRS_REG_INT,10200,865727,84,0,3125,0.112825,complete
bounce-opt-retained,28,32,24,SETOBJTYPE_REG_STRING,10200,171560,16,0,1208,0.022358,complete
bounce-opt-retained,30,33,24,SETNUMFUZ_INT,10101,168331,16,0,6125,0.021937,complete
bounce-opt-retained,30,35,24,SETNUMDGTS_INT,10101,166740,16,0,8125,0.021730,complete
bounce-opt-retained,30,36,30,SETNUMFRM_INT,10101,159639,15,0,500,0.020805,complete
bounce-opt-retained,30,37,30,SETNUMSTD_INT,10101,154075,15,0,458,0.020080,complete
bounce-opt-retained,30,38,30,SETNUMCAS_INT,10101,152516,15,0,750,0.019876,complete
bounce-opt-retained,35,25,17,CALL_REG_FUNC_REG,10100,1341189,132,42,9625,0.174789,complete
bounce-opt-retained,35,26,18,RET_REG,10100,1213115,120,41,28666,0.158097,complete
bounce-opt-retained,35,34,24,SETTP_REG_INT,10100,166742,16,0,4709,0.021730,complete
bounce-opt-retained,38,39,23,GETATTRS_REG_REG_INT,5001,96313,19,0,3333,0.012552,complete
bounce-opt-retained,39,40,15,SWAP_REG_REG,200,32305,161,0,1375,0.004210,complete
bounce-opt-retained,40,31,5,NULL_REG,100,239583,2395,125,9542,0.031223,complete
bounce-opt-retained,40,41,14,ASSERTINITIALIZED_REG,100,20372,203,0,875,0.002655,complete
bounce-opt-retained,40,42,16,INE_REG_REG_INT,100,13832,138,0,1000,0.001803,complete
bounce-opt-retained,43,46,9,ITOS_REG,2,2708,1354,83,2625,0.000353,complete
bounce-opt-retained,44,43,1,SAY_REG,1,9416,9416,9416,9416,0.001227,complete
bounce-opt-retained,44,44,2,SCONCAT_REG_REG_STRING,1,5875,5875,5875,5875,0.000766,complete
bounce-opt-retained,44,45,3,APPEND_REG_REG,1,4708,4708,4708,4708,0.000614,complete
bounce-opt-retained,44,47,4,IGTE_REG_REG_INT,1,2667,2667,2667,2667,0.000348,complete
bounce-opt-retained,44,48,6,BRTPANDT_ID_REG_INT,1,2333,2333,2333,2333,0.000304,complete
bounce-opt-retained,44,49,7,STOI_REG,1,2125,2125,2125,2125,0.000277,complete
bounce-opt-retained,44,50,8,MINATTRS_REG_INT,1,1375,1375,1375,1375,0.000179,complete
bounce-opt-retained,44,51,10,SAY_STRING,1,667,667,667,667,0.000087,complete
bounce-opt-retained,44,52,12,CONCAT_REG_STRING_REG,1,333,333,333,333,0.000043,complete
bounce-opt-retained,44,53,13,RET_INT,1,291,291,291,291,0.000038,complete
bounce-opt-stripped,1,2,48,UNLINK_REG,6612901,90632341,13,0,229792,12.155077,complete
bounce-opt-stripped,2,3,31,LINKATTR1_REG_REG_INT,5587901,78908196,14,0,74417,10.582703,complete
bounce-opt-stripped,3,5,48,BRF_ID_REG,2642702,35633511,13,0,48292,4.778957,complete
bounce-opt-stripped,4,6,48,ICOPY_REG_REG,2445301,33834917,13,0,22084,4.537740,complete
bounce-opt-stripped,5,4,21,COPY_REG_REG,1090201,65185516,59,0,215083,8.742298,complete
bounce-opt-stripped,6,9,31,ILT_REG_REG_INT,1000001,14139151,14,0,70667,1.896260,complete
bounce-opt-stripped,7,7,31,IADD_REG_REG_REG,1000000,14451542,14,0,288166,1.938156,complete
bounce-opt-stripped,7,8,31,IGT_REG_REG_INT,1000000,14164323,14,0,8833,1.899636,complete
bounce-opt-stripped,9,10,31,LOAD_REG_INT,800903,11495567,14,0,18375,1.541718,complete
bounce-opt-stripped,10,11,48,BR_ID,753901,10343553,13,0,95125,1.387217,complete
bounce-opt-stripped,11,13,48,ENDLIFE_REG,657802,9092521,13,0,43750,1.219435,complete
bounce-opt-stripped,12,15,31,IGT_REG_REG_REG,520301,7354012,14,0,29708,0.986277,complete
bounce-opt-stripped,12,16,31,BRT_ID_REG,520301,7320687,14,0,6417,0.981807,complete
bounce-opt-stripped,14,17,31,BCTP_ID_REG,515100,7266881,14,0,25250,0.974591,complete
bounce-opt-stripped,15,1,10,MKREF_REG_REG,510000,290397556,569,0,945000,38.946413,complete
bounce-opt-stripped,15,14,26,MINATTRS_REG_REG_INT,510000,7916931,15,0,127167,1.061772,complete
bounce-opt-stripped,15,18,31,LINKATTR1_REG_REG_REG,510000,7195004,14,0,21000,0.964952,complete
bounce-opt-stripped,15,19,48,LINKREF_REG_REG,510000,6979840,13,0,47583,0.936095,complete
bounce-opt-stripped,19,20,24,DCOPY_REG_REG,356500,5721707,16,0,18625,0.767362,complete
bounce-opt-stripped,20,21,26,DTOI_REG,213900,3208882,15,0,7333,0.430356,complete
bounce-opt-stripped,21,23,31,IADD_REG_REG_INT,173100,2443552,14,0,7583,0.327715,complete
bounce-opt-stripped,22,12,20,DSUB_REG_DECIMAL_REG,142600,10049200,70,0,65667,1.347740,complete
bounce-opt-stripped,22,22,22,DLT_REG_REG_DECIMAL,142600,2859195,20,0,15792,0.383458,complete
bounce-opt-stripped,22,24,26,ITOD_REG,142600,2237371,15,0,18750,0.300063,complete
bounce-opt-stripped,25,27,31,IMOD_REG_REG_INT,80000,1121970,14,0,7750,0.150472,complete
bounce-opt-stripped,26,29,31,IMULT_REG_REG_INT,40000,567675,14,0,584,0.076133,complete
bounce-opt-stripped,27,30,31,ISUB_REG_REG_INT,20000,290754,14,0,1000,0.038994,complete
bounce-opt-stripped,28,28,19,SETATTRS_REG_INT,10200,909097,89,0,4583,0.121923,complete
bounce-opt-stripped,28,32,24,SETOBJTYPE_REG_STRING,10200,166101,16,0,1250,0.022276,complete
bounce-opt-stripped,30,34,26,SETNUMFUZ_INT,10101,153144,15,0,6042,0.020539,complete
bounce-opt-stripped,30,35,31,SETNUMDGTS_INT,10101,150988,14,0,2083,0.020250,complete
bounce-opt-stripped,30,36,31,SETNUMFRM_INT,10101,149518,14,0,417,0.020052,complete
bounce-opt-stripped,30,37,31,SETNUMCAS_INT,10101,149417,14,0,458,0.020039,complete
bounce-opt-stripped,30,38,31,SETNUMSTD_INT,10101,148325,14,0,417,0.019892,complete
bounce-opt-stripped,35,25,17,CALL_REG_FUNC_REG,10100,1220525,120,41,12458,0.163690,complete
bounce-opt-stripped,35,26,18,RET_REG,10100,1200292,118,41,30375,0.160976,complete
bounce-opt-stripped,35,33,26,SETTP_REG_INT,10100,160734,15,0,2500,0.021557,complete
bounce-opt-stripped,38,39,22,GETATTRS_REG_REG_INT,5001,102225,20,0,11209,0.013710,complete
bounce-opt-stripped,39,40,16,SWAP_REG_REG,200,25924,129,0,1042,0.003477,complete
bounce-opt-stripped,40,31,5,NULL_REG,100,224248,2242,166,6792,0.030075,complete
bounce-opt-stripped,40,41,14,ASSERTINITIALIZED_REG,100,19629,196,41,1834,0.002633,complete
bounce-opt-stripped,40,42,15,INE_REG_REG_INT,100,13744,137,0,958,0.001843,complete
bounce-opt-stripped,43,45,7,ITOS_REG,2,3291,1645,83,3208,0.000441,complete
bounce-opt-stripped,44,43,1,SAY_REG,1,9250,9250,9250,9250,0.001241,complete
bounce-opt-stripped,44,44,2,APPEND_REG_REG,1,4875,4875,4875,4875,0.000654,complete
bounce-opt-stripped,44,46,3,IGTE_REG_REG_INT,1,2792,2792,2792,2792,0.000374,complete
bounce-opt-stripped,44,47,4,STOI_REG,1,2334,2334,2334,2334,0.000313,complete
bounce-opt-stripped,44,48,6,BRTPANDT_ID_REG_INT,1,2000,2000,2000,2000,0.000268,complete
bounce-opt-stripped,44,49,8,MINATTRS_REG_INT,1,1166,1166,1166,1166,0.000156,complete
bounce-opt-stripped,44,50,9,SAY_STRING,1,708,708,708,708,0.000095,complete
bounce-opt-stripped,44,51,11,RET_INT,1,334,334,334,334,0.000045,complete
bounce-opt-stripped,44,51,11,CONCAT_REG_STRING_REG,1,334,334,334,334,0.000045,complete
bounce-opt-stripped,44,53,13,SCONCAT_REG_REG_STRING,1,292,292,292,292,0.000039,complete
storage-opt-retained,1,7,38,UNLINK_REG,756671,10064450,13,0,14292,0.440725,complete
storage-opt-retained,2,6,20,SWAP_REG_REG,737220,12809160,17,0,14458,0.560916,complete
storage-opt-retained,3,8,38,ICOPY_REG_REG,655341,8901782,13,0,17500,0.389811,complete
storage-opt-retained,4,1,8,COPY_REG_REG,620161,1564978461,2523,0,8393708,68.530814,complete
storage-opt-retained,5,9,38,IADD_REG_REG_INT,510890,6921844,13,0,12042,0.303109,complete
storage-opt-retained,6,11,27,LINKATTR1_REG_REG_INT,477881,6788592,14,0,253834,0.297274,complete
storage-opt-retained,7,10,27,SETTP_REG_INT,477810,6896593,14,0,24917,0.302004,complete
storage-opt-retained,8,12,38,BR_ID,415331,5568034,13,0,211583,0.243826,complete
storage-opt-retained,9,13,38,BCF_ID_REG,374360,4980889,13,0,13709,0.218114,complete
storage-opt-retained,10,14,38,LOAD_REG_INT,327713,4444056,13,0,7375,0.194606,complete
storage-opt-retained,11,15,38,LINKATTR1_REG_REG_REG,278800,3730067,13,0,18375,0.163341,complete
storage-opt-retained,11,16,38,MINATTRS_REG_REG_INT,278800,3677550,13,0,10250,0.161041,complete
storage-opt-retained,13,17,27,BRF_ID_REG,245732,3487752,14,0,112583,0.152730,complete
storage-opt-retained,14,18,22,SETNUMDGTS_INT,191131,3142447,16,0,10542,0.137609,complete
storage-opt-retained,14,20,27,SETNUMCAS_INT,191131,2772863,14,0,4250,0.121424,complete
storage-opt-retained,14,21,38,SETNUMSTD_INT,191131,2642001,13,0,667,0.115694,complete
storage-opt-retained,14,22,38,SETNUMFRM_INT,191131,2570142,13,0,4958,0.112547,complete
storage-opt-retained,14,23,38,SETNUMFUZ_INT,191131,2553905,13,0,18083,0.111836,complete
storage-opt-retained,19,4,17,CALL_REG_FUNC_REG,191130,27923229,146,41,18667,1.222765,complete
storage-opt-retained,20,19,27,GETATTRS_REG_REG_INT,191121,2790684,14,0,136458,0.122205,complete
storage-opt-retained,21,3,10,RET_REG,150170,259599728,1728,0,2676125,11.367940,complete
storage-opt-retained,22,24,27,IEQ_REG_REG_INT,150160,2189400,14,0,14291,0.095874,complete
storage-opt-retained,23,25,19,ASSERTINITIALIZED_REG,95570,1882731,19,0,6125,0.082445,complete
storage-opt-retained,24,27,22,BRTPANDT_ID_REG_INT,95561,1553343,16,0,201667,0.068021,complete
storage-opt-retained,24,28,27,ILT_REG_REG_INT,95561,1425415,14,0,8250,0.062419,complete
storage-opt-retained,26,2,7,INSATTRS1_REG_REG_REG,95560,297074017,3108,0,2873291,13.008948,complete
storage-opt-retained,27,29,27,IMOD_REG_REG_INT,81920,1172641,14,0,12583,0.051350,complete
storage-opt-retained,28,5,15,ENDLIFE_REG,68262,22996681,336,0,937042,1.007031,complete
storage-opt-retained,29,30,22,IGT_REG_REG_REG,68261,1123953,16,0,25208,0.049218,complete
storage-opt-retained,29,31,27,BRT_ID_REG,68261,989350,14,0,1125,0.043324,complete
storage-opt-retained,31,34,26,SETATTRS_REG_INT,54630,860575,15,0,7125,0.037685,complete
storage-opt-retained,31,35,27,SETOBJTYPE_REG_STRING,54630,807810,14,0,8458,0.035374,complete
storage-opt-retained,33,32,20,BCTP_ID_REG,54610,932590,17,0,8000,0.040838,complete
storage-opt-retained,34,33,22,ISUB_REG_REG_INT,54560,919872,16,0,9875,0.040281,complete
storage-opt-retained,35,26,18,RET,40960,1587823,38,0,8417,0.069531,complete
storage-opt-retained,35,36,27,IMULT_REG_REG_INT,40960,611820,14,0,5917,0.026792,complete
storage-opt-retained,37,38,9,BNE_ID_REG_INT,10,22751,2275,375,16958,0.000996,complete
storage-opt-retained,37,44,13,INE_REG_REG_INT,10,5334,533,333,1167,0.000234,complete
storage-opt-retained,39,43,6,ITOS_REG,2,6625,3312,167,6458,0.000290,complete
storage-opt-retained,40,37,1,IGTE_REG_REG_INT,1,142250,142250,142250,142250,0.006229,complete
storage-opt-retained,40,39,2,STOI_REG,1,19250,19250,19250,19250,0.000843,complete
storage-opt-retained,40,40,3,APPEND_REG_REG,1,18125,18125,18125,18125,0.000794,complete
storage-opt-retained,40,41,4,SAY_REG,1,14000,14000,14000,14000,0.000613,complete
storage-opt-retained,40,42,5,MINATTRS_REG_INT,1,10041,10041,10041,10041,0.000440,complete
storage-opt-retained,40,45,11,SAY_STRING,1,917,917,917,917,0.000040,complete
storage-opt-retained,40,46,12,CONCAT_REG_STRING_REG,1,584,584,584,584,0.000026,complete
storage-opt-retained,40,47,14,SCONCAT_REG_REG_STRING,1,417,417,417,417,0.000018,complete
storage-opt-retained,40,48,16,RET_INT,1,292,292,292,292,0.000013,complete
storage-opt-stripped,1,7,38,UNLINK_REG,756671,10250572,13,0,54041,0.438587,complete
storage-opt-stripped,2,6,20,SWAP_REG_REG,737220,12995658,17,0,18167,0.556040,complete
storage-opt-stripped,3,8,38,ICOPY_REG_REG,655341,8947532,13,0,35042,0.382834,complete
storage-opt-stripped,4,1,7,COPY_REG_REG,620161,1603140398,2585,0,9383875,68.592927,complete
storage-opt-stripped,5,10,38,IADD_REG_REG_INT,510890,7017258,13,0,39292,0.300245,complete
storage-opt-stripped,6,9,31,LINKATTR1_REG_REG_INT,477881,7018760,14,0,261458,0.300309,complete
storage-opt-stripped,7,11,31,SETTP_REG_INT,477810,6824244,14,0,25292,0.291986,complete
storage-opt-stripped,8,12,38,BR_ID,415331,5730371,13,0,217458,0.245183,complete
storage-opt-stripped,9,13,38,BCF_ID_REG,374360,5098298,13,0,10875,0.218139,complete
storage-opt-stripped,10,14,38,LOAD_REG_INT,327713,4563520,13,0,13500,0.195258,complete
storage-opt-stripped,11,15,38,LINKATTR1_REG_REG_REG,278800,3780447,13,0,5584,0.161752,complete
storage-opt-stripped,11,16,38,MINATTRS_REG_REG_INT,278800,3719731,13,0,8000,0.159155,complete
storage-opt-stripped,13,17,31,BRF_ID_REG,245732,3477739,14,0,122625,0.148801,complete
storage-opt-stripped,14,18,20,SETNUMDGTS_INT,191131,3297488,17,0,20833,0.141088,complete
storage-opt-stripped,14,20,31,SETNUMCAS_INT,191131,2815211,14,0,6667,0.120453,complete
storage-opt-stripped,14,21,38,SETNUMSTD_INT,191131,2668919,13,0,18792,0.114194,complete
storage-opt-stripped,14,22,38,SETNUMFUZ_INT,191131,2616946,13,0,17875,0.111970,complete
storage-opt-stripped,14,23,38,SETNUMFRM_INT,191131,2565997,13,0,7000,0.109790,complete
storage-opt-stripped,19,4,17,CALL_REG_FUNC_REG,191130,28203898,147,41,191250,1.206749,complete
storage-opt-stripped,20,19,31,GETATTRS_REG_REG_INT,191121,2821590,14,0,131625,0.120726,complete
storage-opt-stripped,21,3,9,RET_REG,150170,265757790,1769,0,2986584,11.370872,complete
storage-opt-stripped,22,24,27,IEQ_REG_REG_INT,150160,2288157,15,0,32667,0.097902,complete
storage-opt-stripped,23,25,19,ASSERTINITIALIZED_REG,95570,1880172,19,0,4791,0.080446,complete
storage-opt-stripped,24,27,23,BRTPANDT_ID_REG_INT,95561,1542681,16,0,210542,0.066006,complete
storage-opt-stripped,24,28,27,ILT_REG_REG_INT,95561,1481919,15,0,10209,0.063406,complete
storage-opt-stripped,26,2,6,INSATTRS1_REG_REG_REG,95560,304467244,3186,0,2873333,13.027118,complete
storage-opt-stripped,27,29,31,IMOD_REG_REG_INT,81920,1181218,14,0,22042,0.050540,complete
storage-opt-stripped,28,5,15,ENDLIFE_REG,68262,22884555,335,0,1231417,0.979152,complete
storage-opt-stripped,29,30,23,IGT_REG_REG_REG,68261,1113646,16,0,26333,0.047649,complete
storage-opt-stripped,29,31,31,BRT_ID_REG,68261,1001121,14,0,6166,0.042835,complete
storage-opt-stripped,31,34,23,SETATTRS_REG_INT,54630,876682,16,0,1292,0.037510,complete
storage-opt-stripped,31,35,27,SETOBJTYPE_REG_STRING,54630,844646,15,0,11416,0.036140,complete
storage-opt-stripped,33,32,20,BCTP_ID_REG,54610,959601,17,0,15333,0.041058,complete
storage-opt-stripped,34,33,23,ISUB_REG_REG_INT,54560,891989,16,0,1250,0.038165,complete
storage-opt-stripped,35,26,18,RET,40960,1625668,39,0,8917,0.069557,complete
storage-opt-stripped,35,36,27,IMULT_REG_REG_INT,40960,616389,15,0,500,0.026373,complete
storage-opt-stripped,37,38,8,BNE_ID_REG_INT,10,20168,2016,375,14875,0.000863,complete
storage-opt-stripped,37,43,14,INE_REG_REG_INT,10,4541,454,250,875,0.000194,complete
storage-opt-stripped,39,44,10,ITOS_REG,2,2292,1146,84,2208,0.000098,complete
storage-opt-stripped,40,37,1,IGTE_REG_REG_INT,1,121416,121416,121416,121416,0.005195,complete
storage-opt-stripped,40,39,2,APPEND_REG_REG,1,19417,19417,19417,19417,0.000831,complete
storage-opt-stripped,40,40,3,STOI_REG,1,18041,18041,18041,18041,0.000772,complete
storage-opt-stripped,40,41,4,SAY_REG,1,14917,14917,14917,14917,0.000638,complete
storage-opt-stripped,40,42,5,MINATTRS_REG_INT,1,9125,9125,9125,9125,0.000390,complete
storage-opt-stripped,40,45,11,CONCAT_REG_STRING_REG,1,875,875,875,875,0.000037,complete
storage-opt-stripped,40,46,12,SAY_STRING,1,667,667,667,667,0.000029,complete
storage-opt-stripped,40,47,13,SCONCAT_REG_REG_STRING,1,583,583,583,583,0.000025,complete
storage-opt-stripped,40,48,16,RET_INT,1,250,250,250,250,0.000011,complete
list-opt-retained,1,2,30,SWAP_REG_REG,11618800,203050032,17,0,1677833,10.801014,complete
list-opt-retained,2,5,33,SETTP_REG_INT,5803500,83969751,14,0,68250,4.466675,complete
list-opt-retained,3,8,33,LOAD_REG_INT,4396303,62222289,14,0,135750,3.309843,complete
list-opt-retained,4,6,33,SETNUMCAS_INT,4395901,63527277,14,0,34417,3.379261,complete
list-opt-retained,4,7,33,SETNUMDGTS_INT,4395901,62602102,14,0,67667,3.330047,complete
list-opt-retained,4,9,33,SETNUMFRM_INT,4395901,61952854,14,0,71416,3.295511,complete
list-opt-retained,4,10,33,SETNUMSTD_INT,4395901,61941028,14,0,42458,3.294882,complete
list-opt-retained,4,11,33,SETNUMFUZ_INT,4395901,61609490,14,0,46458,3.277246,complete
list-opt-retained,9,1,18,CALL_REG_FUNC_REG,4395900,564670192,128,41,202750,30.036984,complete
list-opt-retained,10,4,27,ASSERTINITIALIZED_REG,4392800,85455736,19,0,62750,4.545720,complete
list-opt-retained,11,13,48,UNLINK_REG,4281901,58998431,13,0,32958,3.138354,complete
list-opt-retained,12,12,33,BRF_ID_REG,4248602,61189275,14,0,67459,3.254893,complete
list-opt-retained,13,3,23,RET_REG,4112100,136601908,33,0,298792,7.266382,complete
list-opt-retained,14,14,33,REFVALID_REG_REG,3965200,58875740,14,0,51791,3.131828,complete
list-opt-retained,15,15,33,LINKATTR1_REG_REG_INT,3847101,56201130,14,0,25542,2.989555,complete
list-opt-retained,16,16,33,LINKREF_REG_REG,3827800,55047443,14,0,29500,2.928186,complete
list-opt-retained,17,17,33,NULL_REG,2254700,33341823,14,0,16833,1.773580,complete
list-opt-retained,18,18,33,IEQ_REG_REG_INT,1878600,27563306,14,0,15167,1.466198,complete
list-opt-retained,19,19,48,BTOI_REG,1876200,26250817,13,0,18500,1.396382,complete
list-opt-retained,20,20,33,BR_ID,1805001,25628717,14,0,38583,1.363290,complete
list-opt-retained,21,21,30,COPY_REG_REG,567901,10133872,17,0,47167,0.539060,complete
list-opt-retained,22,23,33,ENDLIFE_REG,421402,6150650,14,0,9958,0.327177,complete
list-opt-retained,23,22,22,RET_INT,281001,10125358,36,0,50084,0.538607,complete
list-opt-retained,24,27,29,ICOPY_REG_REG,6301,113616,18,0,1583,0.006044,complete
list-opt-retained,25,25,20,MINATTRS_REG_REG_INT,6200,421952,68,0,10083,0.022445,complete
list-opt-retained,25,28,30,LINKATTR1_REG_REG_REG,6200,107211,17,0,875,0.005703,complete
list-opt-retained,27,31,27,IADD_REG_REG_INT,4000,77516,19,0,2417,0.004123,complete
list-opt-retained,28,24,12,MKREF_REG_REG,3400,1288047,378,0,23375,0.068516,complete
list-opt-retained,29,26,19,SETATTRS_REG_INT,3300,360647,109,0,8875,0.019184,complete
list-opt-retained,29,30,25,SETOBJTYPE_REG_STRING,3300,86388,26,0,1416,0.004595,complete
list-opt-retained,31,32,26,ISUB_REG_REG_INT,3100,74408,24,0,708,0.003958,complete
list-opt-retained,32,29,24,RET,2800,87337,31,0,792,0.004646,complete
list-opt-retained,33,33,21,BNE_ID_REG_INT,1000,42090,42,0,3750,0.002239,complete
list-opt-retained,34,35,14,IGT_REG_REG_REG,101,31376,310,0,3416,0.001669,complete
list-opt-retained,34,36,15,BRT_ID_REG,101,23413,231,0,1833,0.001245,complete
list-opt-retained,36,34,13,BCTP_ID_REG,100,34549,345,41,959,0.001838,complete
list-opt-retained,36,37,16,INE_REG_REG_INT,100,21083,210,0,1125,0.001121,complete
list-opt-retained,38,42,7,ITOS_REG,2,3292,1646,83,3209,0.000175,complete
list-opt-retained,39,38,1,SAY_REG,1,10083,10083,10083,10083,0.000536,complete
list-opt-retained,39,39,2,GETATTRS_REG_REG_INT,1,4750,4750,4750,4750,0.000253,complete
list-opt-retained,39,40,3,APPEND_REG_REG,1,4458,4458,4458,4458,0.000237,complete
list-opt-retained,39,41,4,IGTE_REG_REG_INT,1,3875,3875,3875,3875,0.000206,complete
list-opt-retained,39,43,5,STOI_REG,1,3041,3041,3041,3041,0.000162,complete
list-opt-retained,39,44,6,BRTPANDT_ID_REG_INT,1,2667,2667,2667,2667,0.000142,complete
list-opt-retained,39,45,8,ILT_REG_REG_INT,1,1541,1541,1541,1541,0.000082,complete
list-opt-retained,39,46,9,MINATTRS_REG_INT,1,1459,1459,1459,1459,0.000078,complete
list-opt-retained,39,47,10,CONCAT_REG_STRING_REG,1,1417,1417,1417,1417,0.000075,complete
list-opt-retained,39,48,11,SAY_STRING,1,833,833,833,833,0.000044,complete
list-opt-retained,39,49,17,SCONCAT_REG_REG_STRING,1,167,167,167,167,0.000009,complete
list-opt-stripped,1,2,31,SWAP_REG_REG,11618800,204930560,17,0,295041,10.778090,complete
list-opt-stripped,2,5,34,SETTP_REG_INT,5803500,84450849,14,0,48000,4.441597,complete
list-opt-stripped,3,12,34,LOAD_REG_INT,4396303,61866210,14,0,60792,3.253783,complete
list-opt-stripped,4,6,34,SETNUMCAS_INT,4395901,64400046,14,0,28708,3.387047,complete
list-opt-stripped,4,8,34,SETNUMDGTS_INT,4395901,63265474,14,0,25875,3.327376,complete
list-opt-stripped,4,9,34,SETNUMFRM_INT,4395901,62858941,14,0,28292,3.305995,complete
list-opt-stripped,4,10,34,SETNUMFUZ_INT,4395901,62822691,14,0,91583,3.304088,complete
list-opt-stripped,4,11,34,SETNUMSTD_INT,4395901,62682522,14,0,270125,3.296716,complete
list-opt-stripped,9,1,18,CALL_REG_FUNC_REG,4395900,573844945,130,41,279333,30.180724,complete
list-opt-stripped,10,4,27,ASSERTINITIALIZED_REG,4392800,86032215,19,0,172500,4.524767,complete
list-opt-stripped,11,13,49,UNLINK_REG,4281901,59764756,13,0,42916,3.143260,complete
list-opt-stripped,12,7,33,BRF_ID_REG,4248602,64104421,15,0,3572625,3.371499,complete
list-opt-stripped,13,3,23,RET_REG,4112100,136718368,33,0,235125,7.190547,complete
list-opt-stripped,14,14,34,REFVALID_REG_REG,3965200,59277373,14,0,41083,3.117626,complete
list-opt-stripped,15,15,34,LINKATTR1_REG_REG_INT,3847101,56747610,14,0,72292,2.984576,complete
list-opt-stripped,16,16,34,LINKREF_REG_REG,3827800,55833485,14,0,89709,2.936499,complete
list-opt-stripped,17,17,34,NULL_REG,2254700,33155891,14,0,11792,1.743796,complete
list-opt-stripped,18,18,34,IEQ_REG_REG_INT,1878600,27512774,14,0,210375,1.447003,complete
list-opt-stripped,19,19,34,BTOI_REG,1876200,26313564,14,0,25875,1.383932,complete
list-opt-stripped,20,20,34,BR_ID,1805001,25520834,14,0,15708,1.342239,complete
list-opt-stripped,21,21,31,COPY_REG_REG,567901,10185327,17,0,22625,0.535686,complete
list-opt-stripped,22,23,34,ENDLIFE_REG,421402,6124129,14,0,8042,0.322092,complete
list-opt-stripped,23,22,22,RET_INT,281001,10153612,36,0,44084,0.534018,complete
list-opt-stripped,24,28,29,ICOPY_REG_REG,6301,115747,18,0,1209,0.006088,complete
list-opt-stripped,25,25,20,MINATTRS_REG_REG_INT,6200,423046,68,0,1417,0.022250,complete
list-opt-stripped,25,27,27,LINKATTR1_REG_REG_REG,6200,118670,19,0,5042,0.006241,complete
list-opt-stripped,27,32,29,IADD_REG_REG_INT,4000,73542,18,0,1417,0.003868,complete
list-opt-stripped,28,24,12,MKREF_REG_REG,3400,1266167,372,0,8167,0.066593,complete
list-opt-stripped,29,26,19,SETATTRS_REG_INT,3300,353175,107,0,13208,0.018575,complete
list-opt-stripped,29,30,25,SETOBJTYPE_REG_STRING,3300,85934,26,0,1583,0.004520,complete
list-opt-stripped,31,31,26,ISUB_REG_REG_INT,3100,77810,25,0,875,0.004092,complete
list-opt-stripped,32,29,24,RET,2800,87029,31,0,667,0.004577,complete
list-opt-stripped,33,33,21,BNE_ID_REG_INT,1000,45468,45,0,3584,0.002391,complete
list-opt-stripped,34,35,15,IGT_REG_REG_REG,101,29290,290,0,2583,0.001540,complete
list-opt-stripped,34,36,16,BRT_ID_REG,101,25127,248,0,1041,0.001322,complete
list-opt-stripped,36,34,13,BCTP_ID_REG,100,36921,369,41,1208,0.001942,complete
list-opt-stripped,36,37,17,INE_REG_REG_INT,100,24502,245,0,750,0.001289,complete
list-opt-stripped,38,40,7,ITOS_REG,2,3666,1833,208,3458,0.000193,complete
list-opt-stripped,39,38,1,SAY_REG,1,10916,10916,10916,10916,0.000574,complete
list-opt-stripped,39,39,2,APPEND_REG_REG,1,5000,5000,5000,5000,0.000263,complete
list-opt-stripped,39,41,3,GETATTRS_REG_REG_INT,1,3375,3375,3375,3375,0.000178,complete
list-opt-stripped,39,42,4,IGTE_REG_REG_INT,1,2834,2834,2834,2834,0.000149,complete
list-opt-stripped,39,43,5,STOI_REG,1,2041,2041,2041,2041,0.000107,complete
list-opt-stripped,39,44,6,BRTPANDT_ID_REG_INT,1,2000,2000,2000,2000,0.000105,complete
list-opt-stripped,39,45,8,MINATTRS_REG_INT,1,1125,1125,1125,1125,0.000059,complete
list-opt-stripped,39,46,9,ILT_REG_REG_INT,1,1000,1000,1000,1000,0.000053,complete
list-opt-stripped,39,47,10,SAY_STRING,1,792,792,792,792,0.000042,complete
list-opt-stripped,39,48,11,CONCAT_REG_STRING_REG,1,375,375,375,375,0.000020,complete
list-opt-stripped,39,49,14,SCONCAT_REG_REG_STRING,1,292,292,292,292,0.000015,complete
richards-opt-retained,1,2,44,UNLINK_REG,2848697,44593066,15,0,37708,4.418999,complete
richards-opt-retained,2,3,33,LINKATTR1_REG_REG_INT,1931019,32323261,16,0,1600416,3.203109,complete
richards-opt-retained,3,5,33,ICOPY_REG_REG,1628429,26238006,16,0,98667,2.600084,complete
richards-opt-retained,4,7,44,BRF_ID_REG,1213354,18653582,15,0,142333,1.848497,complete
richards-opt-retained,5,6,30,LINKATTR1_REG_REG_REG,1081635,19125894,17,0,75500,1.895302,complete
richards-opt-retained,6,8,33,IADD_REG_REG_INT,922918,15283476,16,0,16292,1.514533,complete
richards-opt-retained,7,9,44,SETATTRS_REG_INT,862470,13501308,15,0,35042,1.337927,complete
richards-opt-retained,8,1,9,COPY_REG_REG,680969,727870544,1068,0,2805791,72.129133,complete
richards-opt-retained,9,12,33,IEQ_REG_REG_INT,575697,9436792,16,0,28083,0.935149,complete
richards-opt-retained,10,13,44,LOAD_REG_INT,556818,8707638,15,0,27250,0.862893,complete
richards-opt-retained,11,10,23,SWAP_REG_REG,496848,11066368,22,0,30291,1.096634,complete
richards-opt-retained,12,14,33,ENDLIFE_REG,456716,7433858,16,0,31125,0.736666,complete
richards-opt-retained,13,15,44,BR_ID,433827,6579710,15,0,11708,0.652024,complete
richards-opt-retained,14,16,33,MINATTRS_REG_REG_INT,219184,3544714,16,0,95542,0.351267,complete
richards-opt-retained,15,18,30,IGTE_REG_REG_INT,126916,2222206,17,0,32834,0.220212,complete
richards-opt-retained,16,20,33,BRT_ID_REG,123902,2002352,16,0,50542,0.198425,complete
richards-opt-retained,17,19,30,SETNUMCAS_INT,119158,2049345,17,0,9750,0.203082,complete
richards-opt-retained,17,22,33,SETNUMFUZ_INT,119158,1961314,16,0,22708,0.194359,complete
richards-opt-retained,17,23,33,SETNUMDGTS_INT,119158,1918618,16,0,14833,0.190128,complete
richards-opt-retained,17,24,44,SETNUMSTD_INT,119158,1865451,15,0,4250,0.184859,complete
richards-opt-retained,17,25,44,SETNUMFRM_INT,119158,1854917,15,0,12083,0.183815,complete
richards-opt-retained,22,4,15,CALL_REG_FUNC_REG,119157,27752498,232,83,208459,2.750164,complete
richards-opt-retained,22,17,21,ASSERTINITIALIZED_REG,119157,2908833,24,0,13959,0.288254,complete
richards-opt-retained,22,21,33,SETTP_REG_INT,119157,1998802,16,0,17000,0.198073,complete
richards-opt-retained,25,11,16,RET_REG,119152,10720227,89,0,27375,1.062333,complete
richards-opt-retained,26,26,33,BTOI_REG,106954,1780730,16,0,48875,0.176463,complete
richards-opt-retained,27,27,18,IGT_REG_REG_INT,42553,1341477,31,0,572542,0.132935,complete
richards-opt-retained,28,28,26,IGT_REG_REG_REG,36395,695025,19,0,7334,0.068874,complete
richards-opt-retained,29,30,26,INE_REG_REG_INT,33721,668567,19,0,13750,0.066252,complete
richards-opt-retained,30,31,28,ILT_REG_REG_INT,33246,603160,18,0,6042,0.059771,complete
richards-opt-retained,31,29,24,BGE_ID_REG_INT,33245,677183,20,0,13417,0.067106,complete
richards-opt-retained,32,33,28,BNE_ID_REG_INT,20114,373182,18,0,6334,0.036981,complete
richards-opt-retained,33,32,22,ISUB_REG_REG_INT,19308,458226,23,0,15625,0.045408,complete
richards-opt-retained,34,34,19,IAND_REG_REG_INT,9999,268630,26,0,14541,0.026620,complete
richards-opt-retained,34,35,20,IDIV_REG_REG_INT,9999,251603,25,0,8000,0.024933,complete
richards-opt-retained,36,36,24,BCTP_ID_REG,9309,193995,20,0,709,0.019224,complete
richards-opt-retained,37,37,17,IXOR_REG_REG_INT,4992,159803,32,0,10167,0.015836,complete
richards-opt-retained,38,48,14,RET,4,999,249,41,458,0.000099,complete
richards-opt-retained,39,41,10,ITOS_REG,3,2624,874,83,2458,0.000260,complete
richards-opt-retained,40,39,3,RET_INT,2,6458,3229,125,6333,0.000640,complete
richards-opt-retained,40,47,12,APPEND_REG_REG,2,1125,562,417,708,0.000111,complete
richards-opt-retained,40,50,13,SCONCAT_REG_REG_STRING,2,500,250,125,375,0.000050,complete
richards-opt-retained,43,38,1,SAY_REG,1,11958,11958,11958,11958,0.001185,complete
richards-opt-retained,43,40,2,GETATTRS_REG_REG_INT,1,3750,3750,3750,3750,0.000372,complete
richards-opt-retained,43,42,4,STOI_REG,1,2333,2333,2333,2333,0.000231,complete
richards-opt-retained,43,43,5,BRTPANDT_ID_REG_INT,1,2208,2208,2208,2208,0.000219,complete
richards-opt-retained,43,44,6,SETOBJTYPE_REG_STRING,1,1583,1583,1583,1583,0.000157,complete
richards-opt-retained,43,45,7,CONCAT_REG_STRING_REG,1,1500,1500,1500,1500,0.000149,complete
richards-opt-retained,43,46,8,MINATTRS_REG_INT,1,1250,1250,1250,1250,0.000124,complete
richards-opt-retained,43,49,11,SAY_STRING,1,791,791,791,791,0.000078,complete
richards-opt-stripped,1,2,33,UNLINK_REG,2848697,43029737,15,0,34542,4.544817,complete
richards-opt-stripped,2,3,33,LINKATTR1_REG_REG_INT,1931019,29188362,15,0,52667,3.082886,complete
richards-opt-stripped,3,5,33,ICOPY_REG_REG,1628429,24950333,15,0,85917,2.635263,complete
richards-opt-stripped,4,7,45,BRF_ID_REG,1213354,17836367,14,0,40042,1.883884,complete
richards-opt-stripped,5,6,22,LINKATTR1_REG_REG_REG,1081635,20801546,19,0,2695542,2.197067,complete
richards-opt-stripped,6,8,33,IADD_REG_REG_INT,922918,14563763,15,0,11125,1.538230,complete
richards-opt-stripped,7,9,33,SETATTRS_REG_INT,862470,13017799,15,0,10125,1.374945,complete
richards-opt-stripped,8,1,10,COPY_REG_REG,680969,680227102,998,0,3037250,71.845841,complete
richards-opt-stripped,9,12,33,IEQ_REG_REG_INT,575697,9035547,15,0,74584,0.954338,complete
richards-opt-stripped,10,13,45,LOAD_REG_INT,556818,8235007,14,0,20750,0.869785,complete
richards-opt-stripped,11,10,20,SWAP_REG_REG,496848,10245791,20,0,25333,1.082164,complete
richards-opt-stripped,12,14,33,ENDLIFE_REG,456716,6961799,15,0,10292,0.735308,complete
richards-opt-stripped,13,15,45,BR_ID,433827,6223483,14,0,18791,0.657327,complete
richards-opt-stripped,14,16,45,MINATTRS_REG_REG_INT,219184,3242297,14,0,6333,0.342453,complete
richards-opt-stripped,15,18,28,IGTE_REG_REG_INT,126916,2101865,16,0,23542,0.222000,complete
richards-opt-stripped,16,20,45,BRT_ID_REG,123902,1844718,14,0,8750,0.194840,complete
richards-opt-stripped,17,19,28,SETNUMCAS_INT,119158,1951207,16,0,11333,0.206087,complete
richards-opt-stripped,17,21,33,SETNUMFUZ_INT,119158,1841344,15,0,35417,0.194483,complete
richards-opt-stripped,17,23,33,SETNUMFRM_INT,119158,1810940,15,0,9000,0.191272,complete
richards-opt-stripped,17,24,33,SETNUMSTD_INT,119158,1809689,15,0,18666,0.191140,complete
richards-opt-stripped,17,25,33,SETNUMDGTS_INT,119158,1795770,15,0,9625,0.189670,complete
richards-opt-stripped,22,4,14,CALL_REG_FUNC_REG,119157,25402054,213,83,42959,2.682974,complete
richards-opt-stripped,22,17,18,ASSERTINITIALIZED_REG,119157,2738807,22,0,19250,0.289274,complete
richards-opt-stripped,22,22,33,SETTP_REG_INT,119157,1830562,15,0,4250,0.193345,complete
richards-opt-stripped,25,11,16,RET_REG,119152,9987128,83,0,20666,1.054844,complete
richards-opt-stripped,26,26,45,BTOI_REG,106954,1596939,14,0,7375,0.168669,complete
richards-opt-stripped,27,27,28,IGT_REG_REG_INT,42553,718297,16,0,6417,0.075867,complete
richards-opt-stripped,28,28,28,IGT_REG_REG_REG,36395,614991,16,0,2250,0.064956,complete
richards-opt-stripped,29,29,25,INE_REG_REG_INT,33721,601456,17,0,11500,0.063526,complete
richards-opt-stripped,30,31,28,ILT_REG_REG_INT,33246,545602,16,0,1167,0.057627,complete
richards-opt-stripped,31,30,25,BGE_ID_REG_INT,33245,566129,17,0,6959,0.059795,complete
richards-opt-stripped,32,33,25,BNE_ID_REG_INT,20114,349208,17,0,1791,0.036883,complete
richards-opt-stripped,33,32,22,ISUB_REG_REG_INT,19308,367479,19,0,4667,0.038813,complete
richards-opt-stripped,34,34,19,IAND_REG_REG_INT,9999,212239,21,0,1250,0.022417,complete
richards-opt-stripped,34,35,20,IDIV_REG_REG_INT,9999,208387,20,0,2875,0.022010,complete
richards-opt-stripped,36,36,24,BCTP_ID_REG,9309,171537,18,0,666,0.018118,complete
richards-opt-stripped,37,37,17,IXOR_REG_REG_INT,4992,122458,24,0,6875,0.012934,complete
richards-opt-stripped,38,42,12,RET,4,2959,739,42,2584,0.000313,complete
richards-opt-stripped,39,39,8,ITOS_REG,3,4583,1527,83,4208,0.000484,complete
richards-opt-stripped,40,40,6,RET_INT,2,3417,1708,167,3250,0.000361,complete
richards-opt-stripped,40,45,11,APPEND_REG_REG,2,1959,979,542,1417,0.000207,complete
richards-opt-stripped,40,50,15,SCONCAT_REG_REG_STRING,2,374,187,83,291,0.000040,complete
richards-opt-stripped,43,38,1,SAY_REG,1,12625,12625,12625,12625,0.001333,complete
richards-opt-stripped,43,41,2,GETATTRS_REG_REG_INT,1,3250,3250,3250,3250,0.000343,complete
richards-opt-stripped,43,43,3,CONCAT_REG_STRING_REG,1,2500,2500,2500,2500,0.000264,complete
richards-opt-stripped,43,44,4,STOI_REG,1,2292,2292,2292,2292,0.000242,complete
richards-opt-stripped,43,46,5,BRTPANDT_ID_REG_INT,1,1958,1958,1958,1958,0.000207,complete
richards-opt-stripped,43,47,7,SETOBJTYPE_REG_STRING,1,1541,1541,1541,1541,0.000163,complete
richards-opt-stripped,43,48,9,MINATTRS_REG_INT,1,1167,1167,1167,1167,0.000123,complete
richards-opt-stripped,43,49,13,SAY_STRING,1,667,667,667,667,0.000070,complete
json-opt-retained,1,2,51,BRF_ID_REG,29110002,419832120,14,0,287041,16.583854,complete
json-opt-retained,2,3,35,IEQ_REG_REG_INT,20480000,311685866,15,0,216958,12.311952,complete
json-opt-retained,3,1,21,SWAP_REG_REG,19150000,453232405,23,0,1108541,17.903204,complete
json-opt-retained,4,5,51,BGETU8_REG_REG_REG,9020000,134399320,14,0,128375,5.308928,complete
json-opt-retained,5,6,51,ILT_REG_REG_REG,8335000,122967626,14,0,117042,4.857363,complete
json-opt-retained,6,8,51,IADD_REG_REG_INT,6205000,89207529,14,0,151458,3.523800,complete
json-opt-retained,7,9,51,ENDLIFE_REG,6115001,89161364,14,0,59958,3.521977,complete
json-opt-retained,8,10,35,BRT_ID_REG,5355001,81087599,15,0,22625,3.203054,complete
json-opt-retained,9,11,51,ICOPY_REG_REG,5265001,74808152,14,0,24208,2.955008,complete
json-opt-retained,10,12,70,BR_ID,4995001,67654620,13,0,37750,2.672436,complete
json-opt-retained,11,13,51,BRTF_ID_ID_REG,4265000,60469182,14,0,59667,2.388603,complete
json-opt-retained,12,14,35,ILT_REG_REG_INT,3705001,56695697,15,0,1668125,2.239546,complete
json-opt-retained,13,16,51,LOAD_REG_INT,3695003,52614299,14,0,348459,2.078326,complete
json-opt-retained,14,15,35,SETTP_REG_INT,3690000,55421466,15,0,96875,2.189212,complete
json-opt-retained,15,7,19,COPY_REG_REG,3610001,102093293,28,0,713708,4.032803,complete
json-opt-retained,16,17,35,IGTE_REG_REG_REG,1390000,21384711,15,0,30542,0.844721,complete
json-opt-retained,17,18,35,IEQ_REG_REG_REG,1295000,20210932,15,0,16000,0.798355,complete
json-opt-retained,18,22,35,IGTE_REG_REG_INT,790001,12465517,15,0,14958,0.492402,complete
json-opt-retained,19,19,21,SETNUMDGTS_INT,745001,17753584,23,0,67833,0.701287,complete
json-opt-retained,19,24,51,SETNUMCAS_INT,745001,10825569,14,0,12000,0.427622,complete
json-opt-retained,19,25,51,SETNUMSTD_INT,745001,10690498,14,0,17625,0.422287,complete
json-opt-retained,19,26,51,SETNUMFUZ_INT,745001,10581362,14,0,17708,0.417976,complete
json-opt-retained,19,27,51,SETNUMFRM_INT,745001,10486862,14,0,15542,0.414243,complete
json-opt-retained,24,4,12,CALL_REG_FUNC_REG,745000,158008916,212,83,45166,6.241535,complete
json-opt-retained,25,23,32,INE_REG_REG_INT,705000,11363591,16,0,22416,0.448875,complete
json-opt-retained,26,28,51,NULL_REG,535000,7660222,14,0,12667,0.302588,complete
json-opt-retained,27,20,18,RET_INT,510001,15097423,29,0,38083,0.596366,complete
json-opt-retained,28,30,35,SCOPY_REG_REG,265000,4065640,15,0,11000,0.160597,complete
json-opt-retained,29,21,13,RET_REG,235000,14924348,63,0,21958,0.589529,complete
json-opt-retained,30,31,35,IGT_REG_REG_INT,220000,3304339,15,0,6333,0.130525,complete
json-opt-retained,31,32,35,ILTE_REG_REG_INT,180000,2715938,15,0,8542,0.107283,complete
json-opt-retained,32,33,51,STRLEN_REG_REG,165000,2435957,14,0,5500,0.096223,complete
json-opt-retained,33,34,35,LOAD_REG_STRING,150000,2337796,15,0,11875,0.092346,complete
json-opt-retained,33,35,51,BNE_ID_REG_INT,150000,2179955,14,0,16459,0.086111,complete
json-opt-retained,35,29,16,REQ_REG_REG_STRING,110000,4071166,37,0,28625,0.160816,complete
json-opt-retained,36,36,51,ISUB_REG_REG_REG,85000,1268749,14,0,6958,0.050117,complete
json-opt-retained,37,37,35,ISUB_REG_REG_INT,80000,1232505,15,0,5458,0.048685,complete
json-opt-retained,38,40,51,BGE_ID_REG_INT,70000,1046400,14,0,4125,0.041334,complete
json-opt-retained,38,41,51,BGE_ID_REG_REG,70000,1030858,14,0,10458,0.040720,complete
json-opt-retained,40,38,30,SUBSTRING_REG_REG_REG,65000,1151241,17,0,38959,0.045475,complete
json-opt-retained,40,39,32,SETSTRPOS_REG_REG,65000,1088595,16,0,8208,0.043001,complete
json-opt-retained,40,42,35,ILTE_REG_REG_REG,65000,1017884,15,0,12542,0.040208,complete
json-opt-retained,40,43,35,ISUB_REG_INT_REG,65000,995363,15,0,7416,0.039318,complete
json-opt-retained,40,45,51,BLE_ID_REG_INT,65000,949781,14,0,791,0.037517,complete
json-opt-retained,45,48,35,UNLINK_REG,50001,795097,15,0,6667,0.031407,complete
json-opt-retained,46,44,25,MINATTRS_REG_REG_INT,50000,976059,19,0,4500,0.038555,complete
json-opt-retained,46,46,26,BLEN_REG_REG,50000,913425,18,0,8583,0.036081,complete
json-opt-retained,46,47,32,LINKATTR1_REG_REG_REG,50000,820873,16,0,10834,0.032425,complete
json-opt-retained,49,49,30,IGT_REG_REG_REG,45001,780236,17,0,4625,0.030820,complete
json-opt-retained,50,50,26,BCMPB_REG_REG_REG,40000,721406,18,0,8083,0.028496,complete
json-opt-retained,51,51,26,LOAD_REG_BINARY,35000,648295,18,0,14833,0.025608,complete
json-opt-retained,51,52,35,IADD_REG_REG_REG,35000,549104,15,0,3041,0.021690,complete
json-opt-retained,53,53,24,BCOPY_REG_REG,15000,340580,22,0,1916,0.013453,complete
json-opt-retained,53,54,26,INE_REG_REG_REG,15000,271763,18,0,916,0.010735,complete
json-opt-retained,55,57,21,STOBIN_REG,10000,239083,23,0,2250,0.009444,complete
json-opt-retained,56,55,14,RLTE_REG_REG_STRING,5000,260865,52,0,1000,0.010304,complete
json-opt-retained,56,56,15,RGTE_REG_REG_STRING,5000,256960,51,0,1792,0.010150,complete
json-opt-retained,56,58,17,BCTP_ID_REG,5000,167243,33,0,8083,0.006606,complete
json-opt-retained,56,59,20,BGT_ID_REG_INT,5000,122893,24,0,1166,0.004854,complete
json-opt-retained,60,69,11,ITOS_REG,2,916,458,83,833,0.000036,complete
json-opt-retained,61,60,1,SAY_REG,1,10916,10916,10916,10916,0.000431,complete
json-opt-retained,61,61,2,APPEND_REG_REG,1,3917,3917,3917,3917,0.000155,complete
json-opt-retained,61,62,3,GETATTRS_REG_REG_INT,1,3458,3458,3458,3458,0.000137,complete
json-opt-retained,61,63,4,LINKATTR1_REG_REG_INT,1,2625,2625,2625,2625,0.000104,complete
json-opt-retained,61,64,5,CONCAT_REG_STRING_REG,1,2208,2208,2208,2208,0.000087,complete
json-opt-retained,61,65,6,STOI_REG,1,2041,2041,2041,2041,0.000081,complete
json-opt-retained,61,66,7,BRTPANDT_ID_REG_INT,1,1959,1959,1959,1959,0.000077,complete
json-opt-retained,61,67,8,SCONCAT_REG_REG_STRING,1,1500,1500,1500,1500,0.000059,complete
json-opt-retained,61,68,9,MINATTRS_REG_INT,1,1166,1166,1166,1166,0.000046,complete
json-opt-retained,61,70,10,SAY_STRING,1,708,708,708,708,0.000028,complete
json-opt-stripped,1,2,58,BRF_ID_REG,29110002,397919155,13,0,238000,16.361483,complete
json-opt-stripped,2,3,39,IEQ_REG_REG_INT,20480000,295967894,14,0,403833,12.169491,complete
json-opt-stripped,3,1,21,SWAP_REG_REG,19150000,440834438,23,0,41708,18.126056,complete
json-opt-stripped,4,5,39,BGETU8_REG_REG_REG,9020000,132434316,14,0,40167,5.445382,complete
json-opt-stripped,5,6,58,ILT_REG_REG_REG,8335000,115139680,13,0,38417,4.734268,complete
json-opt-stripped,6,9,58,IADD_REG_REG_INT,6205000,86621175,13,0,25833,3.561655,complete
json-opt-stripped,7,8,39,ENDLIFE_REG,6115001,86925370,14,0,47375,3.574163,complete
json-opt-stripped,8,10,39,BRT_ID_REG,5355001,78615567,14,0,18334,3.232484,complete
json-opt-stripped,9,11,58,ICOPY_REG_REG,5265001,71927958,13,0,73292,2.957505,complete
json-opt-stripped,10,12,58,BR_ID,4995001,65606244,13,0,99833,2.697572,complete
json-opt-stripped,11,13,58,BRTF_ID_ID_REG,4265000,58582772,13,0,22542,2.408783,complete
json-opt-stripped,12,15,39,ILT_REG_REG_INT,3705001,52589932,14,0,12708,2.162372,complete
json-opt-stripped,13,16,58,LOAD_REG_INT,3695003,50407454,13,0,15083,2.072634,complete
json-opt-stripped,14,14,39,SETTP_REG_INT,3690000,53741048,14,0,41250,2.209703,complete
json-opt-stripped,15,7,19,COPY_REG_REG,3610001,96684076,26,0,92750,3.975418,complete
json-opt-stripped,16,17,39,IGTE_REG_REG_REG,1390000,20577557,14,0,26541,0.846100,complete
json-opt-stripped,17,18,39,IEQ_REG_REG_REG,1295000,19256579,14,0,10792,0.791784,complete
json-opt-stripped,18,22,32,IGTE_REG_REG_INT,790001,11913078,15,0,14917,0.489837,complete
json-opt-stripped,19,19,20,SETNUMDGTS_INT,745001,18253138,24,0,104917,0.750525,complete
json-opt-stripped,19,24,58,SETNUMCAS_INT,745001,10415391,13,0,11417,0.428256,complete
json-opt-stripped,19,25,58,SETNUMFUZ_INT,745001,10288470,13,0,11625,0.423037,complete
json-opt-stripped,19,26,58,SETNUMFRM_INT,745001,10103120,13,0,10917,0.415416,complete
json-opt-stripped,19,27,58,SETNUMSTD_INT,745001,10070566,13,0,7000,0.414078,complete
json-opt-stripped,24,4,12,CALL_REG_FUNC_REG,745000,153102466,205,83,639208,6.295207,complete
json-opt-stripped,25,23,32,INE_REG_REG_INT,705000,10863339,15,0,261417,0.446674,complete
json-opt-stripped,26,28,58,NULL_REG,535000,7422141,13,0,13209,0.305181,complete
json-opt-stripped,27,20,18,RET_INT,510001,14494413,28,0,23208,0.595976,complete
json-opt-stripped,28,30,39,SCOPY_REG_REG,265000,3941982,14,0,11208,0.162085,complete
json-opt-stripped,29,21,13,RET_REG,235000,14104063,60,0,17792,0.579925,complete
json-opt-stripped,30,31,39,IGT_REG_REG_INT,220000,3161866,14,0,5791,0.130008,complete
json-opt-stripped,31,32,39,ILTE_REG_REG_INT,180000,2570705,14,0,4417,0.105701,complete
json-opt-stripped,32,33,39,STRLEN_REG_REG,165000,2329879,14,0,9291,0.095799,complete
json-opt-stripped,33,34,32,LOAD_REG_STRING,150000,2255349,15,0,6209,0.092735,complete
json-opt-stripped,33,35,39,BNE_ID_REG_INT,150000,2115232,14,0,37583,0.086973,complete
json-opt-stripped,35,29,16,REQ_REG_REG_STRING,110000,3972093,36,0,112291,0.163323,complete
json-opt-stripped,36,37,39,ISUB_REG_REG_REG,85000,1204098,14,0,416,0.049510,complete
json-opt-stripped,37,38,39,ISUB_REG_REG_INT,80000,1168764,14,0,1833,0.048057,complete
json-opt-stripped,38,39,39,BGE_ID_REG_INT,70000,1008791,14,0,8958,0.041479,complete
json-opt-stripped,38,42,58,BGE_ID_REG_REG,70000,966544,13,0,916,0.039742,complete
json-opt-stripped,40,36,22,SUBSTRING_REG_REG_REG,65000,1403987,21,0,374541,0.057729,complete
json-opt-stripped,40,40,32,SETSTRPOS_REG_REG,65000,1002828,15,0,917,0.041234,complete
json-opt-stripped,40,41,32,ILTE_REG_REG_REG,65000,977237,15,0,7750,0.040182,complete
json-opt-stripped,40,43,39,ISUB_REG_INT_REG,65000,951420,14,0,8833,0.039120,complete
json-opt-stripped,40,44,39,BLE_ID_REG_INT,65000,915478,14,0,4542,0.037642,complete
json-opt-stripped,45,47,32,UNLINK_REG,50001,767325,15,0,29458,0.031551,complete
json-opt-stripped,46,45,25,MINATTRS_REG_REG_INT,50000,911216,18,0,4833,0.037467,complete
json-opt-stripped,46,46,27,BLEN_REG_REG,50000,850210,17,0,4834,0.034959,complete
json-opt-stripped,46,48,32,LINKATTR1_REG_REG_REG,50000,750304,15,0,875,0.030851,complete
json-opt-stripped,49,49,28,IGT_REG_REG_REG,45001,747590,16,0,9167,0.030739,complete
json-opt-stripped,50,50,28,BCMPB_REG_REG_REG,40000,656302,16,0,8541,0.026986,complete
json-opt-stripped,51,51,28,LOAD_REG_BINARY,35000,575531,16,0,4542,0.023664,complete
json-opt-stripped,51,52,39,IADD_REG_REG_REG,35000,512043,14,0,4333,0.021054,complete
json-opt-stripped,53,53,23,BCOPY_REG_REG,15000,310226,20,0,4458,0.012756,complete
json-opt-stripped,53,54,28,INE_REG_REG_REG,15000,241099,16,0,833,0.009913,complete
json-opt-stripped,55,57,24,STOBIN_REG,10000,191907,19,0,1291,0.007891,complete
json-opt-stripped,56,55,14,RGTE_REG_REG_STRING,5000,229138,45,0,6167,0.009422,complete
json-opt-stripped,56,56,15,RLTE_REG_REG_STRING,5000,211989,42,0,4083,0.008716,complete
json-opt-stripped,56,58,17,BCTP_ID_REG,5000,160928,32,0,792,0.006617,complete
json-opt-stripped,56,59,25,BGT_ID_REG_INT,5000,91303,18,0,1000,0.003754,complete
json-opt-stripped,60,68,11,ITOS_REG,2,1207,603,166,1041,0.000050,complete
json-opt-stripped,61,60,1,SAY_REG,1,11625,11625,11625,11625,0.000478,complete
json-opt-stripped,61,61,2,APPEND_REG_REG,1,4917,4917,4917,4917,0.000202,complete
json-opt-stripped,61,62,3,GETATTRS_REG_REG_INT,1,3291,3291,3291,3291,0.000135,complete
json-opt-stripped,61,63,4,LINKATTR1_REG_REG_INT,1,2666,2666,2666,2666,0.000110,complete
json-opt-stripped,61,64,5,CONCAT_REG_STRING_REG,1,2625,2625,2625,2625,0.000108,complete
json-opt-stripped,61,65,6,STOI_REG,1,2208,2208,2208,2208,0.000091,complete
json-opt-stripped,61,66,7,BRTPANDT_ID_REG_INT,1,1875,1875,1875,1875,0.000077,complete
json-opt-stripped,61,67,8,SCONCAT_REG_REG_STRING,1,1250,1250,1250,1250,0.000051,complete
json-opt-stripped,61,69,9,MINATTRS_REG_INT,1,1042,1042,1042,1042,0.000043,complete
json-opt-stripped,61,70,10,SAY_STRING,1,791,791,791,791,0.000033,complete
base64-opt-retained,1,2,54,ENDLIFE_REG,11642014,173302406,14,0,126625,14.604179,complete
base64-opt-retained,2,3,54,BRF_ID_REG,6676007,99817090,14,0,60542,8.411577,complete
base64-opt-retained,3,4,54,NULL_REG,5479002,78865963,14,0,193958,6.646028,complete
base64-opt-retained,4,6,54,LOAD_REG_INT,3428015,49834409,14,0,793833,4.199541,complete
base64-opt-retained,5,5,38,SCOPY_REG_REG,3078503,54149874,17,0,404125,4.563205,complete
base64-opt-retained,6,7,38,IADD_REG_REG_INT,2736524,47587014,17,0,6056875,4.010153,complete
base64-opt-retained,7,8,68,BR_ID,2734005,37546279,13,0,79000,3.164022,complete
base64-opt-retained,8,9,54,ICOPY_REG_REG,2221505,32848058,14,0,139625,2.768103,complete
base64-opt-retained,9,10,43,LOAD_REG_STRING,2053001,31629140,15,0,64292,2.665385,complete
base64-opt-retained,10,14,54,STRLEN_REG_REG,1370502,19956534,14,0,24042,1.681735,complete
base64-opt-retained,11,13,54,ISUB_REG_REG_INT,1368501,20156499,14,0,39959,1.698586,complete
base64-opt-retained,12,15,54,BGE_ID_REG_INT,1368000,19729401,14,0,26958,1.662595,complete
base64-opt-retained,13,12,54,SEQ_REG_REG_STRING,1366000,20478514,14,0,23667,1.725723,complete
base64-opt-retained,14,18,43,IGT_REG_REG_INT,1198000,18015743,15,0,69959,1.518185,complete
base64-opt-retained,15,17,43,BSETU8_REG_REG_REG,1197024,18354593,15,0,88625,1.546740,complete
base64-opt-retained,16,16,43,BGETU8_REG_REG_REG,1196024,18424533,15,0,25667,1.552634,complete
base64-opt-retained,17,22,43,ISUB_REG_REG_REG,856500,13119063,15,0,23041,1.105542,complete
base64-opt-retained,18,24,54,IMULT_REG_REG_INT,856024,12339706,14,0,31292,1.039866,complete
base64-opt-retained,19,25,54,BLE_ID_REG_INT,856000,12164848,14,0,22042,1.025131,complete
base64-opt-retained,20,23,54,IDIV_REG_REG_INT,855500,12826416,14,0,35458,1.080881,complete
base64-opt-retained,21,20,43,IMOD_REG_REG_INT,855024,13185481,15,0,87875,1.111139,complete
base64-opt-retained,21,21,43,IADD_REG_REG_REG,855024,13168416,15,0,16542,1.109701,complete
base64-opt-retained,23,32,54,BRT_ID_REG,685551,9690458,14,0,12917,0.816614,complete
base64-opt-retained,24,28,43,INE_REG_REG_INT,685003,10570271,15,0,33500,0.890756,complete
base64-opt-retained,25,27,40,IEQ_REG_REG_INT,685001,11066710,16,0,32667,0.932591,complete
base64-opt-retained,25,29,43,ILT_REG_REG_INT,685001,10473407,15,0,69709,0.882593,complete
base64-opt-retained,27,1,15,SETSTRPOS_REG_REG,685000,240253241,350,0,1903167,20.246119,complete
base64-opt-retained,27,26,40,SUBSTRING_REG_REG_REG,685000,11539714,16,0,105417,0.972451,complete
base64-opt-retained,27,30,43,ISUB_REG_INT_REG,685000,10404466,15,0,152875,0.876783,complete
base64-opt-retained,27,31,54,BGE_ID_REG_REG,685000,10022072,14,0,15542,0.844559,complete
base64-opt-retained,31,11,34,RNE_REG_REG_STRING,684000,25464901,37,0,299875,2.145925,complete
base64-opt-retained,32,19,37,STRPOS_REG_REG_REG,683000,16164966,23,0,69166,1.362220,complete
base64-opt-retained,33,33,40,ILT_REG_REG_REG,513500,8374914,16,0,14916,0.705753,complete
base64-opt-retained,34,34,43,ILTE_REG_REG_REG,171500,2602176,15,0,6667,0.219285,complete
base64-opt-retained,35,38,32,COPY_REG_REG,3007,184250,61,0,1459,0.015527,complete
base64-opt-retained,36,45,36,IGT_REG_REG_REG,2551,79249,31,0,2375,0.006678,complete
base64-opt-retained,37,43,35,BCTP_ID_REG,2548,87208,34,0,1000,0.007349,complete
base64-opt-retained,38,42,33,BLEN_REG_REG,1504,87736,58,0,5500,0.007394,complete
base64-opt-retained,39,41,24,BRESIZE_REG_REG,1001,105166,105,0,2625,0.008862,complete
base64-opt-retained,40,39,21,SWAP_REG_REG,1000,127083,127,0,1292,0.010709,complete
base64-opt-retained,40,40,23,REQ_REG_REG_STRING,1000,110435,110,0,2375,0.009306,complete
base64-opt-retained,42,44,20,SETNUMDGTS_INT,501,82585,164,0,3959,0.006959,complete
base64-opt-retained,42,49,27,SETNUMFUZ_INT,501,40628,81,0,5750,0.003424,complete
base64-opt-retained,42,50,28,SETNUMFRM_INT,501,37124,74,0,542,0.003128,complete
base64-opt-retained,42,51,29,SETNUMCAS_INT,501,32842,65,0,542,0.002768,complete
base64-opt-retained,42,52,29,IEQ_REG_REG_REG,501,32585,65,0,584,0.002746,complete
base64-opt-retained,42,53,31,SETNUMSTD_INT,501,31968,63,0,708,0.002694,complete
base64-opt-retained,48,35,8,BINTOS_REG,500,623084,1246,708,152541,0.052507,complete
base64-opt-retained,48,36,10,CALL_REG_FUNC_REG,500,390991,781,166,6208,0.032949,complete
base64-opt-retained,48,37,11,RET_REG,500,288138,576,0,8209,0.024281,complete
base64-opt-retained,48,46,21,BCOPY_REG_REG,500,63954,127,0,4834,0.005389,complete
base64-opt-retained,48,47,25,SETTP_REG_INT,500,52297,104,0,2583,0.004407,complete
base64-opt-retained,48,48,26,LOAD_REG_BINARY,500,47226,94,0,1125,0.003980,complete
base64-opt-retained,54,61,18,ITOS_REG,3,835,278,84,667,0.000070,complete
base64-opt-retained,55,63,17,SCONCAT_REG_REG_STRING,2,626,313,292,334,0.000053,complete
base64-opt-retained,56,54,1,SAY_REG,1,6916,6916,6916,6916,0.000583,complete
base64-opt-retained,56,55,2,APPEND_REG_REG,1,4833,4833,4833,4833,0.000407,complete
base64-opt-retained,56,56,3,GETATTRS_REG_REG_INT,1,3667,3667,3667,3667,0.000309,complete
base64-opt-retained,56,57,4,LINKATTR1_REG_REG_INT,1,3666,3666,3666,3666,0.000309,complete
base64-opt-retained,56,58,5,IGTE_REG_REG_INT,1,3541,3541,3541,3541,0.000298,complete
base64-opt-retained,56,59,6,STOI_REG,1,2417,2417,2417,2417,0.000204,complete
base64-opt-retained,56,60,7,MINATTRS_REG_INT,1,2084,2084,2084,2084,0.000176,complete
base64-opt-retained,56,62,9,SAY_STRING,1,792,792,792,792,0.000067,complete
base64-opt-retained,56,64,12,CONCAT_REG_STRING_REG,1,541,541,541,541,0.000046,complete
base64-opt-retained,56,65,13,BCMPB_REG_REG_REG,1,458,458,458,458,0.000039,complete
base64-opt-retained,56,66,14,CONCAT_REG_REG_REG,1,375,375,375,375,0.000032,complete
base64-opt-retained,56,67,16,RET_INT,1,333,333,333,333,0.000028,complete
base64-opt-retained,56,68,19,UNLINK_REG,1,250,250,250,250,0.000021,complete
base64-opt-stripped,1,2,50,ENDLIFE_REG,11642014,172522963,14,0,651083,15.087753,complete
base64-opt-stripped,2,3,50,BRF_ID_REG,6676007,97972178,14,0,116958,8.568019,complete
base64-opt-stripped,3,4,50,NULL_REG,5479002,78344915,14,0,31000,6.851545,complete
base64-opt-stripped,4,6,50,LOAD_REG_INT,3428015,49355442,14,0,103250,4.316311,complete
base64-opt-stripped,5,5,38,SCOPY_REG_REG,3078503,52960614,17,0,28792,4.631596,complete
base64-opt-stripped,6,7,50,IADD_REG_REG_INT,2736524,40646569,14,0,26334,3.554689,complete
base64-opt-stripped,7,8,68,BR_ID,2734005,37816518,13,0,26916,3.307190,complete
base64-opt-stripped,8,10,50,ICOPY_REG_REG,2221505,32036094,14,0,15542,2.801672,complete
base64-opt-stripped,9,9,39,LOAD_REG_STRING,2053001,34504984,16,0,1821208,3.017585,complete
base64-opt-stripped,10,14,50,STRLEN_REG_REG,1370502,19882010,14,0,38667,1.738753,complete
base64-opt-stripped,11,13,50,ISUB_REG_REG_INT,1368501,20040444,14,0,11791,1.752609,complete
base64-opt-stripped,12,15,50,BGE_ID_REG_INT,1368000,19351843,14,0,13625,1.692388,complete
base64-opt-stripped,13,12,43,SEQ_REG_REG_STRING,1366000,20594085,15,0,29375,1.801027,complete
base64-opt-stripped,14,18,50,IGT_REG_REG_INT,1198000,17964100,14,0,17000,1.571025,complete
base64-opt-stripped,15,16,43,BSETU8_REG_REG_REG,1197024,18411366,15,0,14584,1.610140,complete
base64-opt-stripped,16,17,43,BGETU8_REG_REG_REG,1196024,18336600,15,0,23709,1.603602,complete
base64-opt-stripped,17,21,43,ISUB_REG_REG_REG,856500,12896315,15,0,24917,1.127829,complete
base64-opt-stripped,18,24,50,IMULT_REG_REG_INT,856024,12352219,14,0,44666,1.080246,complete
base64-opt-stripped,19,25,50,BLE_ID_REG_INT,856000,12210833,14,0,47250,1.067881,complete
base64-opt-stripped,20,23,50,IDIV_REG_REG_INT,855500,12475649,14,0,10667,1.091040,complete
base64-opt-stripped,21,20,43,IADD_REG_REG_REG,855024,13012601,15,0,13416,1.137999,complete
base64-opt-stripped,21,22,43,IMOD_REG_REG_INT,855024,12848239,15,0,14084,1.123625,complete
base64-opt-stripped,23,32,50,BRT_ID_REG,685551,9697764,14,0,23625,0.848104,complete
base64-opt-stripped,24,29,50,INE_REG_REG_INT,685003,10157436,14,0,11459,0.888304,complete
base64-opt-stripped,25,27,43,IEQ_REG_REG_INT,685001,10819608,15,0,19625,0.946214,complete
base64-opt-stripped,25,28,50,ILT_REG_REG_INT,685001,10164130,14,0,33375,0.888890,complete
base64-opt-stripped,27,1,16,SETSTRPOS_REG_REG,685000,211208054,308,0,413834,18.470904,complete
base64-opt-stripped,27,26,39,SUBSTRING_REG_REG_REG,685000,11442597,16,0,48541,1.000696,complete
base64-opt-stripped,27,30,50,ISUB_REG_INT_REG,685000,9930369,14,0,13167,0.868446,complete
base64-opt-stripped,27,31,50,BGE_ID_REG_REG,685000,9910104,14,0,15875,0.866674,complete
base64-opt-stripped,31,11,34,RNE_REG_REG_STRING,684000,24695187,36,0,48375,2.159683,complete
base64-opt-stripped,32,19,37,STRPOS_REG_REG_REG,683000,15239466,22,0,43458,1.332746,complete
base64-opt-stripped,33,33,39,ILT_REG_REG_REG,513500,8477161,16,0,9333,0.741358,complete
base64-opt-stripped,34,34,39,ILTE_REG_REG_REG,171500,2896860,16,0,8458,0.253341,complete
base64-opt-stripped,35,38,32,COPY_REG_REG,3007,174524,58,0,3500,0.015263,complete
base64-opt-stripped,36,43,35,IGT_REG_REG_REG,2551,81377,31,0,2542,0.007117,complete
base64-opt-stripped,37,44,36,BCTP_ID_REG,2548,77761,30,0,2833,0.006800,complete
base64-opt-stripped,38,42,33,BLEN_REG_REG,1504,83071,55,0,5167,0.007265,complete
base64-opt-stripped,39,41,26,BRESIZE_REG_REG,1001,90723,90,0,4000,0.007934,complete
base64-opt-stripped,40,39,22,SWAP_REG_REG,1000,111076,111,0,958,0.009714,complete
base64-opt-stripped,40,40,24,REQ_REG_REG_STRING,1000,106295,106,0,2250,0.009296,complete
base64-opt-stripped,42,45,20,SETNUMDGTS_INT,501,75550,150,0,2750,0.006607,complete
base64-opt-stripped,42,48,24,SETNUMFUZ_INT,501,53108,106,0,18208,0.004644,complete
base64-opt-stripped,42,50,28,SETNUMSTD_INT,501,40707,81,0,7916,0.003560,complete
base64-opt-stripped,42,51,29,SETNUMFRM_INT,501,37271,74,0,833,0.003259,complete
base64-opt-stripped,42,52,30,IEQ_REG_REG_REG,501,34662,69,0,875,0.003031,complete
base64-opt-stripped,42,53,31,SETNUMCAS_INT,501,31915,63,0,625,0.002791,complete
base64-opt-stripped,48,35,8,BINTOS_REG,500,462503,925,667,3792,0.040448,complete
base64-opt-stripped,48,36,9,CALL_REG_FUNC_REG,500,393705,787,166,9666,0.034431,complete
base64-opt-stripped,48,37,12,RET_REG,500,245258,490,41,4958,0.021449,complete
base64-opt-stripped,48,46,21,BCOPY_REG_REG,500,56125,112,0,1541,0.004908,complete
base64-opt-stripped,48,47,23,SETTP_REG_INT,500,53536,107,0,8250,0.004682,complete
base64-opt-stripped,48,49,26,LOAD_REG_BINARY,500,45202,90,0,875,0.003953,complete
base64-opt-stripped,54,61,15,ITOS_REG,3,959,319,83,792,0.000084,complete
base64-opt-stripped,55,64,17,SCONCAT_REG_REG_STRING,2,542,271,125,417,0.000047,complete
base64-opt-stripped,56,54,1,SAY_REG,1,9917,9917,9917,9917,0.000867,complete
base64-opt-stripped,56,55,2,APPEND_REG_REG,1,4291,4291,4291,4291,0.000375,complete
base64-opt-stripped,56,56,3,GETATTRS_REG_REG_INT,1,3792,3792,3792,3792,0.000332,complete
base64-opt-stripped,56,57,4,LINKATTR1_REG_REG_INT,1,3708,3708,3708,3708,0.000324,complete
base64-opt-stripped,56,58,5,IGTE_REG_REG_INT,1,3583,3583,3583,3583,0.000313,complete
base64-opt-stripped,56,59,6,STOI_REG,1,2416,2416,2416,2416,0.000211,complete
base64-opt-stripped,56,60,7,MINATTRS_REG_INT,1,2000,2000,2000,2000,0.000175,complete
base64-opt-stripped,56,62,10,SAY_STRING,1,750,750,750,750,0.000066,complete
base64-opt-stripped,56,63,11,BCMPB_REG_REG_REG,1,667,667,667,667,0.000058,complete
base64-opt-stripped,56,65,13,CONCAT_REG_STRING_REG,1,416,416,416,416,0.000036,complete
base64-opt-stripped,56,66,14,CONCAT_REG_REG_REG,1,375,375,375,375,0.000033,complete
base64-opt-stripped,56,67,18,UNLINK_REG,1,250,250,250,250,0.000022,complete
base64-opt-stripped,56,68,19,RET_INT,1,209,209,209,209,0.000018,complete
rexxcps-opt-retained,1,4,105,BRF_ID_REG,147677,2142505,14,0,3292,0.661699,complete
rexxcps-opt-retained,2,6,105,ENDLIFE_REG,68853,1014227,14,0,4084,0.313238,complete
rexxcps-opt-retained,3,7,105,NULL_REG,68185,1009295,14,0,6417,0.311714,complete
rexxcps-opt-retained,4,8,105,ICOPY_REG_REG,56323,833407,14,0,4584,0.257393,complete
rexxcps-opt-retained,5,9,88,IEQ_REG_REG_INT,45784,688422,15,0,7584,0.212615,complete
rexxcps-opt-retained,6,10,88,SCOPY_REG_REG,40380,614818,15,0,1333,0.189883,complete
rexxcps-opt-retained,7,11,129,BR_ID,40201,547990,13,0,4583,0.169243,complete
rexxcps-opt-retained,8,12,105,BRT_ID_REG,37305,540369,14,0,5875,0.166890,complete
rexxcps-opt-retained,9,13,105,LOAD_REG_INT,33410,490407,14,0,209,0.151459,complete
rexxcps-opt-retained,10,15,105,IADD_REG_REG_INT,28851,426749,14,0,4167,0.131799,complete
rexxcps-opt-retained,11,14,81,STRCHAR_REG_REG_REG,28792,489853,17,0,417,0.151288,complete
rexxcps-opt-retained,12,17,105,IGT_REG_REG_REG,25739,379502,14,0,1125,0.117207,complete
rexxcps-opt-retained,13,18,105,UNLINK_REG,25366,362931,14,0,625,0.112089,complete
rexxcps-opt-retained,14,20,105,IADD_REG_REG_REG,16768,245659,14,0,4334,0.075870,complete
rexxcps-opt-retained,15,21,88,ILT_REG_REG_INT,16057,245654,15,0,1167,0.075869,complete
rexxcps-opt-retained,16,23,88,LINKATTR1_REG_REG_INT,15573,236627,15,0,4791,0.073081,complete
rexxcps-opt-retained,17,24,105,ISUB_REG_REG_INT,15262,222767,14,0,375,0.068800,complete
rexxcps-opt-retained,18,22,88,LOAD_REG_STRING,15130,241539,15,0,3333,0.074598,complete
rexxcps-opt-retained,19,27,105,IMULT_REG_REG_INT,13610,194565,14,0,250,0.060090,complete
rexxcps-opt-retained,20,26,88,ILT_REG_REG_REG,13492,205504,15,0,4125,0.063469,complete
rexxcps-opt-retained,21,29,88,IGT_REG_REG_INT,12486,188543,15,0,209,0.058230,complete
rexxcps-opt-retained,22,31,105,IEQ_REG_REG_REG,11665,169452,14,0,375,0.052334,complete
rexxcps-opt-retained,23,33,105,STRLEN_REG_REG,11158,160361,14,0,1292,0.049526,complete
rexxcps-opt-retained,24,30,88,LINKATTR1_REG_REG_REG,10910,170214,15,0,375,0.052570,complete
rexxcps-opt-retained,25,32,105,SETTP_REG_INT,10760,160514,14,0,1041,0.049574,complete
rexxcps-opt-retained,26,28,74,MINATTRS_REG_REG_INT,9925,193399,19,0,1500,0.059730,complete
rexxcps-opt-retained,27,35,105,BCTP_ID_REG,9824,144993,14,0,4792,0.044780,complete
rexxcps-opt-retained,28,36,88,IGTE_REG_REG_REG,9240,142555,15,0,417,0.044027,complete
rexxcps-opt-retained,29,37,88,INE_REG_REG_INT,8940,135607,15,0,167,0.041881,complete
rexxcps-opt-retained,30,19,57,SWAP_REG_REG,8774,257404,29,0,292,0.079498,complete
rexxcps-opt-retained,31,41,88,ILTE_REG_REG_INT,7141,111536,15,0,3750,0.034447,complete
rexxcps-opt-retained,32,45,105,IMOD_REG_REG_REG,6470,93898,14,0,1625,0.029000,complete
rexxcps-opt-retained,33,3,10,COPY_REG_REG,5556,2396448,431,0,16250,0.740128,complete
rexxcps-opt-retained,34,46,88,SETNUMFUZ_INT,5379,86043,15,0,9875,0.026574,complete
rexxcps-opt-retained,34,47,88,SETNUMCAS_INT,5379,85645,15,0,208,0.026451,complete
rexxcps-opt-retained,34,51,105,SETNUMSTD_INT,5379,77503,14,0,167,0.023936,complete
rexxcps-opt-retained,37,40,67,SETNUMDGTS_INT,5377,121150,22,0,1666,0.037416,complete
rexxcps-opt-retained,37,49,105,SETNUMFRM_INT,5377,78684,14,0,292,0.024301,complete
rexxcps-opt-retained,39,48,88,ISUB_REG_REG_REG,5356,80650,15,0,208,0.024908,complete
rexxcps-opt-retained,40,5,20,CALL_REG_FUNC_REG,5235,1322758,252,41,14458,0.408526,complete
rexxcps-opt-retained,41,53,105,ILTE_REG_REG_REG,4900,70338,14,0,208,0.021723,complete
rexxcps-opt-retained,42,43,70,SETSTRPOS_REG_REG,4749,99870,21,0,500,0.030844,complete
rexxcps-opt-retained,42,44,71,SUBSTRING_REG_REG_REG,4749,97502,20,0,875,0.030113,complete
rexxcps-opt-retained,44,50,84,IGTE_REG_REG_INT,4626,78364,16,0,4167,0.024202,complete
rexxcps-opt-retained,45,54,105,BRTPANDT_ID_REG_INT,4156,62010,14,0,583,0.019151,complete
rexxcps-opt-retained,46,25,38,RET_REG,3373,211702,62,0,708,0.065383,complete
rexxcps-opt-retained,47,38,45,REQ_REG_REG_STRING,3251,134831,41,0,1583,0.041642,complete
rexxcps-opt-retained,48,39,50,RNE_REG_REG_STRING,3220,122348,37,0,541,0.037786,complete
rexxcps-opt-retained,49,42,48,REQ_REG_REG_REG,2787,108157,38,0,916,0.033404,complete
rexxcps-opt-retained,50,62,105,BNE_ID_REG_INT,2282,34121,14,0,166,0.010538,complete
rexxcps-opt-retained,51,63,81,GETATTRS_REG_REG_INT,1905,33706,17,0,4542,0.010410,complete
rexxcps-opt-retained,52,58,67,STRUPPER_REG_REG,1902,43484,22,0,542,0.013430,complete
rexxcps-opt-retained,53,64,84,BRTF_ID_ID_REG,1816,30447,16,0,3541,0.009403,complete
rexxcps-opt-retained,54,66,88,NOT_REG_REG,1736,27433,15,0,208,0.008473,complete
rexxcps-opt-retained,55,57,55,RET,1650,52140,31,0,334,0.016103,complete
rexxcps-opt-retained,56,67,84,FNDNBLNK_REG_REG_REG,1633,27012,16,0,1167,0.008342,complete
rexxcps-opt-retained,57,68,78,MINATTRS_REG_INT,1402,26447,18,0,2458,0.008168,complete
rexxcps-opt-retained,58,71,88,GETANDTP_REG_REG_INT,1239,19121,15,0,375,0.005905,complete
rexxcps-opt-retained,59,61,56,ASSERTINITIALIZED_REG,1210,36673,30,0,5375,0.011326,complete
rexxcps-opt-retained,60,59,53,SETATTRS_REG_INT,1205,39902,33,0,8291,0.012323,complete
rexxcps-opt-retained,61,73,74,BGE_ID_REG_INT,969,19037,19,0,4417,0.005879,complete
rexxcps-opt-retained,62,77,105,ISUB_REG_INT_REG,964,14404,14,0,375,0.004449,complete
rexxcps-opt-retained,63,76,84,SEQ_REG_REG_REG,879,14828,16,0,292,0.004580,complete
rexxcps-opt-retained,64,79,88,BGT_ID_REG_REG,840,12841,15,0,375,0.003966,complete
rexxcps-opt-retained,65,74,65,CONCAT_REG_STRING_REG,700,16331,23,0,291,0.005044,complete
rexxcps-opt-retained,66,60,39,ITOS_REG,632,37838,59,0,500,0.011686,complete
rexxcps-opt-retained,67,69,45,STOI_REG,562,23221,41,0,3625,0.007172,complete
rexxcps-opt-retained,68,84,74,SETOBJUNINIT_REG_STRING,503,9878,19,0,459,0.003051,complete
rexxcps-opt-retained,69,81,57,CONCAT_REG_REG_STRING,421,12246,29,0,291,0.003782,complete
rexxcps-opt-retained,70,85,78,BCOPY_REG_REG,420,7792,18,0,542,0.002407,complete
rexxcps-opt-retained,71,80,57,STOD_REG,415,12412,29,0,250,0.003833,complete
rexxcps-opt-retained,72,89,81,BLE_ID_REG_INT,355,6206,17,0,375,0.001917,complete
rexxcps-opt-retained,73,95,105,BLE_ID_REG_REG,350,5212,14,0,291,0.001610,complete
rexxcps-opt-retained,74,93,78,FCOPY_REG_REG,288,5326,18,0,334,0.001645,complete
rexxcps-opt-retained,75,52,19,FTOS_REG,286,77007,269,166,6041,0.023783,complete
rexxcps-opt-retained,76,83,50,DCOPY_REG_REG,278,10322,37,0,291,0.003188,complete
rexxcps-opt-retained,77,70,36,DTOS_REG,277,21170,76,0,667,0.006538,complete
rexxcps-opt-retained,78,78,40,RET_INT,230,12872,55,0,750,0.003975,complete
rexxcps-opt-retained,79,94,65,LOAD_REG_FLOAT,223,5249,23,0,417,0.001621,complete
rexxcps-opt-retained,80,91,61,SETOBJTYPE_REG_STRING,220,5755,26,0,791,0.001777,complete
rexxcps-opt-retained,81,97,67,BGE_ID_REG_REG,214,4710,22,0,375,0.001455,complete
rexxcps-opt-retained,82,99,74,FGT_REG_REG_REG,210,4076,19,0,250,0.001259,complete
rexxcps-opt-retained,83,96,57,BEQ_ID_REG_INT,167,4870,29,0,250,0.001504,complete
rexxcps-opt-retained,84,55,13,DCALL_REG_REG_REG,161,59702,370,208,2250,0.018439,complete
rexxcps-opt-retained,85,82,35,SRCMETHODSEL_REG_REG_STRING,154,12001,77,0,1000,0.003706,complete
rexxcps-opt-retained,86,101,63,BPOFF,150,3831,25,0,375,0.001183,complete
rexxcps-opt-retained,87,105,71,BCF_ID_REG,149,3088,20,0,250,0.000954,complete
rexxcps-opt-retained,88,2,4,ASSERTTYPE_REG_STRING,147,3146713,21406,19417,42250,0.971843,complete
rexxcps-opt-retained,89,86,41,RET_STRING,144,7502,52,0,583,0.002317,complete
rexxcps-opt-retained,90,56,12,FTOD_REG,143,56246,393,166,10625,0.017371,complete
rexxcps-opt-retained,90,92,48,FADD_REG_REG_REG,143,5461,38,0,1667,0.001687,complete
rexxcps-opt-retained,92,98,54,FNDBLNK_REG_REG_REG,141,4626,32,0,1042,0.001429,complete
rexxcps-opt-retained,92,102,61,FEQ_REG_REG_FLOAT,141,3787,26,0,84,0.001170,complete
rexxcps-opt-retained,94,72,27,DGT_REG_REG_REG,140,19120,136,0,10625,0.005905,complete
rexxcps-opt-retained,94,75,31,DADD_REG_REG_DECIMAL,140,16254,116,41,917,0.005020,complete
rexxcps-opt-retained,94,103,63,FLT_REG_REG_FLOAT,140,3577,25,0,292,0.001105,complete
rexxcps-opt-retained,97,65,22,DMULT_REG_REG_DECIMAL,135,28202,208,83,10334,0.008710,complete
rexxcps-opt-retained,98,87,37,SEQ_REG_REG_STRING,107,7125,66,0,1333,0.002201,complete
rexxcps-opt-retained,99,104,43,APPEND_REG_REG,75,3544,47,0,625,0.001095,complete
rexxcps-opt-retained,100,106,44,CONCAT_REG_REG_REG,72,3084,42,0,584,0.000952,complete
rexxcps-opt-retained,101,107,47,STRPOS_REG_REG_REG,64,2579,40,0,875,0.000797,complete
rexxcps-opt-retained,102,113,71,BTOI_REG,62,1251,20,0,208,0.000386,complete
rexxcps-opt-retained,103,111,52,BNE_ID_REG_REG,41,1418,34,0,375,0.000438,complete
rexxcps-opt-retained,104,109,32,STRLOWER_REG_REG,16,1835,114,0,1084,0.000567,complete
rexxcps-opt-retained,105,116,33,ITOF_REG,10,874,87,0,375,0.000270,complete
rexxcps-opt-retained,106,121,42,APPENDCHAR_REG_REG,9,458,50,0,333,0.000141,complete
rexxcps-opt-retained,107,1,1,SRCFPROCSEL_REG_STRING_REG,7,300812419,42973202,41231709,45285500,92.904029,complete
rexxcps-opt-retained,107,34,3,ISTYPE_REG_REG_STRING,7,156210,22315,21375,23459,0.048244,complete
rexxcps-opt-retained,107,115,27,POSCHAR_REG_REG_REG,7,957,136,41,292,0.000296,complete
rexxcps-opt-retained,110,16,2,MTIME_REG,6,389542,64923,500,384083,0.120308,complete
rexxcps-opt-retained,110,108,15,FDIV_REG_REG_FLOAT,6,2000,333,41,1542,0.000618,complete
rexxcps-opt-retained,112,88,6,SAY_STRING,4,7084,1771,334,5792,0.002188,complete
rexxcps-opt-retained,112,90,8,SAY_REG,4,6084,1521,458,4167,0.001879,complete
rexxcps-opt-retained,112,112,16,STOF_REG,4,1291,322,167,583,0.000399,complete
rexxcps-opt-retained,112,114,18,SCONCAT_REG_STRING_REG,4,1083,270,42,625,0.000334,complete
rexxcps-opt-retained,112,120,30,SCONCAT_REG_REG_STRING,4,499,124,83,208,0.000154,complete
rexxcps-opt-retained,117,119,25,FDIV_REG_REG_REG,3,583,194,41,375,0.000180,complete
rexxcps-opt-retained,118,117,14,FDIV_REG_FLOAT_REG,2,708,354,333,375,0.000219,complete
rexxcps-opt-retained,118,122,22,FGT_REG_REG_FLOAT,2,417,208,167,250,0.000129,complete
rexxcps-opt-retained,118,127,34,SAPPEND_REG_REG,2,167,83,42,125,0.000052,complete
rexxcps-opt-retained,121,100,5,BLT_ID_REG_INT,1,4042,4042,4042,4042,0.001248,complete
rexxcps-opt-retained,121,110,7,RXVERS_REG,1,1541,1541,1541,1541,0.000476,complete
rexxcps-opt-retained,121,118,9,DEXTR_REG_REG_REG,1,667,667,667,667,0.000206,complete
rexxcps-opt-retained,121,123,11,DLT_REG_REG_DECIMAL,1,416,416,416,416,0.000128,complete
rexxcps-opt-retained,121,124,17,FTOI_REG,1,292,292,292,292,0.000090,complete
rexxcps-opt-retained,121,125,21,FMULT_REG_REG_REG,1,209,209,209,209,0.000065,complete
rexxcps-opt-retained,121,126,22,FADD_REG_REG_FLOAT,1,208,208,208,208,0.000064,complete
rexxcps-opt-retained,121,127,26,INE_REG_REG_REG,1,167,167,167,167,0.000052,complete
rexxcps-opt-retained,121,129,29,FSUB_REG_REG_REG,1,125,125,125,125,0.000039,complete
rexxcps-opt-stripped,1,3,110,BRF_ID_REG,176958,2852462,16,0,9291,1.265105,complete
rexxcps-opt-stripped,2,5,110,ENDLIFE_REG,82429,1335216,16,0,9375,0.592186,complete
rexxcps-opt-stripped,3,6,110,NULL_REG,81607,1329824,16,0,3959,0.589795,complete
rexxcps-opt-stripped,4,7,110,ICOPY_REG_REG,67526,1133643,16,0,9541,0.502786,complete
rexxcps-opt-stripped,5,8,110,IEQ_REG_REG_INT,54870,932586,16,0,7917,0.413614,complete
rexxcps-opt-stripped,6,9,95,SCOPY_REG_REG,48370,860033,17,0,792,0.381436,complete
rexxcps-opt-stripped,7,10,126,BR_ID,48167,761490,15,0,16708,0.337731,complete
rexxcps-opt-stripped,8,11,126,BRT_ID_REG,44702,691298,15,0,4833,0.306600,complete
rexxcps-opt-stripped,9,13,110,LOAD_REG_INT,39957,661229,16,0,7000,0.293264,complete
rexxcps-opt-stripped,10,15,110,IADD_REG_REG_INT,34603,562977,16,0,2000,0.249688,complete
rexxcps-opt-stripped,11,12,87,STRCHAR_REG_REG_REG,34538,683612,19,0,7875,0.303191,complete
rexxcps-opt-stripped,12,17,110,IGT_REG_REG_REG,30840,504334,16,0,2292,0.223679,complete
rexxcps-opt-stripped,13,16,110,UNLINK_REG,30335,506876,16,0,16000,0.224806,complete
rexxcps-opt-stripped,14,25,126,IADD_REG_REG_REG,20120,313147,15,0,333,0.138885,complete
rexxcps-opt-stripped,15,23,95,ILT_REG_REG_INT,19235,336336,17,0,6625,0.149170,complete
rexxcps-opt-stripped,16,24,95,LINKATTR1_REG_REG_INT,18618,320898,17,0,5583,0.142323,complete
rexxcps-opt-stripped,17,19,87,ISUB_REG_REG_INT,18312,363528,19,0,67083,0.161230,complete
rexxcps-opt-stripped,18,22,90,LOAD_REG_STRING,18043,338806,18,0,16500,0.150265,complete
rexxcps-opt-stripped,19,29,110,IMULT_REG_REG_INT,16332,265269,16,0,7708,0.117650,complete
rexxcps-opt-stripped,20,28,110,ILT_REG_REG_REG,16180,265402,16,0,459,0.117709,complete
rexxcps-opt-stripped,21,27,90,IGT_REG_REG_INT,14976,270062,18,0,9875,0.119776,complete
rexxcps-opt-stripped,22,30,95,IEQ_REG_REG_REG,13987,248090,17,0,500,0.110031,complete
rexxcps-opt-stripped,23,32,110,STRLEN_REG_REG,13326,222854,16,0,8000,0.098839,complete
rexxcps-opt-stripped,24,31,95,LINKATTR1_REG_REG_REG,13056,234857,17,0,5250,0.104162,complete
rexxcps-opt-stripped,25,33,95,SETTP_REG_INT,12841,220906,17,0,2000,0.097975,complete
rexxcps-opt-stripped,26,26,78,MINATTRS_REG_REG_INT,11877,279664,23,0,1958,0.124035,complete
rexxcps-opt-stripped,27,37,126,BCTP_ID_REG,11762,186100,15,0,750,0.082538,complete
rexxcps-opt-stripped,28,36,95,IGTE_REG_REG_REG,11088,189220,17,0,583,0.083922,complete
rexxcps-opt-stripped,29,35,90,INE_REG_REG_INT,10676,197435,18,0,542,0.087565,complete
rexxcps-opt-stripped,30,20,64,SWAP_REG_REG,10478,357521,34,0,5792,0.158565,complete
rexxcps-opt-stripped,31,40,95,ILTE_REG_REG_INT,8569,151427,17,0,5375,0.067160,complete
rexxcps-opt-stripped,32,44,110,IMOD_REG_REG_REG,7764,131072,16,0,2167,0.058132,complete
rexxcps-opt-stripped,33,2,13,COPY_REG_REG,6632,3276186,493,0,16208,1.453032,complete
rexxcps-opt-stripped,34,45,90,SETNUMFUZ_INT,6427,118573,18,0,14750,0.052589,complete
rexxcps-opt-stripped,34,48,95,SETNUMCAS_INT,6427,110908,17,0,334,0.049189,complete
rexxcps-opt-stripped,34,49,110,SETNUMSTD_INT,6427,102907,16,0,333,0.045641,complete
rexxcps-opt-stripped,37,39,70,SETNUMDGTS_INT,6425,168319,26,0,2041,0.074652,complete
rexxcps-opt-stripped,37,46,95,SETNUMFRM_INT,6425,112280,17,0,8208,0.049798,complete
rexxcps-opt-stripped,39,47,95,ISUB_REG_REG_REG,6420,111105,17,0,500,0.049277,complete
rexxcps-opt-stripped,40,4,21,CALL_REG_FUNC_REG,6255,1907051,304,41,11125,0.845803,complete
rexxcps-opt-stripped,41,52,110,ILTE_REG_REG_REG,5880,98189,16,0,208,0.043548,complete
rexxcps-opt-stripped,42,42,72,SETSTRPOS_REG_REG,5687,138373,24,0,3792,0.061370,complete
rexxcps-opt-stripped,42,43,72,SUBSTRING_REG_REG_REG,5687,137179,24,0,667,0.060841,complete
rexxcps-opt-stripped,44,51,95,IGTE_REG_REG_INT,5550,98902,17,0,1541,0.043864,complete
rexxcps-opt-stripped,45,54,110,BRTPANDT_ID_REG_INT,4953,81918,16,0,584,0.036332,complete
rexxcps-opt-stripped,46,21,39,RET_REG,4030,341860,84,0,12084,0.151619,complete
rexxcps-opt-stripped,47,38,51,RNE_REG_REG_STRING,3864,178883,46,0,1500,0.079337,complete
rexxcps-opt-stripped,48,34,48,REQ_REG_REG_STRING,3853,204713,53,0,9209,0.090793,complete
rexxcps-opt-stripped,49,41,52,REQ_REG_REG_REG,3319,148967,44,0,834,0.066069,complete
rexxcps-opt-stripped,50,62,95,BNE_ID_REG_INT,2716,48045,17,0,417,0.021309,complete
rexxcps-opt-stripped,51,61,82,GETATTRS_REG_REG_INT,2283,49450,21,0,5250,0.021932,complete
rexxcps-opt-stripped,52,55,61,STRUPPER_REG_REG,2266,80376,35,0,15625,0.035648,complete
rexxcps-opt-stripped,53,60,72,BRTF_ID_ID_REG,2166,52595,24,0,14250,0.023327,complete
rexxcps-opt-stripped,54,68,95,NOT_REG_REG,2071,36699,17,0,542,0.016276,complete
rexxcps-opt-stripped,55,56,55,RET,1971,76534,38,0,1208,0.033944,complete
rexxcps-opt-stripped,56,64,78,FNDNBLNK_REG_REG_REG,1941,45931,23,0,7333,0.020371,complete
rexxcps-opt-stripped,57,67,81,MINATTRS_REG_INT,1682,37169,22,0,3958,0.016485,complete
rexxcps-opt-stripped,58,73,95,GETANDTP_REG_REG_INT,1476,25955,17,0,500,0.011511,complete
rexxcps-opt-stripped,59,65,68,ASSERTINITIALIZED_REG,1446,44902,31,0,833,0.019915,complete
rexxcps-opt-stripped,60,58,53,SETATTRS_REG_INT,1441,60656,42,0,7250,0.026902,complete
rexxcps-opt-stripped,61,72,72,BGE_ID_REG_INT,1151,27822,24,0,5750,0.012339,complete
rexxcps-opt-stripped,62,75,84,ISUB_REG_INT_REG,1146,23117,20,0,500,0.010253,complete
rexxcps-opt-stripped,63,77,87,SEQ_REG_REG_REG,1058,20661,19,0,459,0.009163,complete
rexxcps-opt-stripped,64,79,84,BGT_ID_REG_REG,1008,20204,20,0,500,0.008961,complete
rexxcps-opt-stripped,65,70,59,CONCAT_REG_STRING_REG,840,30829,36,0,7500,0.013673,complete
rexxcps-opt-stripped,66,59,41,ITOS_REG,758,53757,70,41,2000,0.023842,complete
rexxcps-opt-stripped,67,63,41,STOI_REG,674,47759,70,0,4459,0.021182,complete
rexxcps-opt-stripped,68,83,72,SETOBJUNINIT_REG_STRING,601,14910,24,0,459,0.006613,complete
rexxcps-opt-stripped,69,80,55,CONCAT_REG_REG_STRING,505,19250,38,0,292,0.008538,complete
rexxcps-opt-stripped,70,89,82,BCOPY_REG_REG,504,10716,21,0,458,0.004753,complete
rexxcps-opt-stripped,71,81,57,STOD_REG,498,18559,37,0,334,0.008231,complete
rexxcps-opt-stripped,72,92,84,BLE_ID_REG_INT,425,8880,20,0,417,0.003938,complete
rexxcps-opt-stripped,73,96,90,BLE_ID_REG_REG,420,7759,18,0,375,0.003441,complete
rexxcps-opt-stripped,74,94,72,FCOPY_REG_REG,344,8545,24,0,583,0.003790,complete
rexxcps-opt-stripped,75,50,22,FTOS_REG,342,100083,292,166,2000,0.044388,complete
rexxcps-opt-stripped,76,86,61,DCOPY_REG_REG,333,11747,35,0,375,0.005210,complete
rexxcps-opt-stripped,77,69,38,DTOS_REG,332,31877,96,0,1125,0.014138,complete
rexxcps-opt-stripped,78,78,40,RET_INT,272,20323,74,0,958,0.009014,complete
rexxcps-opt-stripped,79,91,64,LOAD_REG_FLOAT,265,9203,34,0,459,0.004082,complete
rexxcps-opt-stripped,80,88,54,SETOBJTYPE_REG_STRING,262,10837,41,0,500,0.004806,complete
rexxcps-opt-stripped,81,98,70,BGE_ID_REG_REG,256,6661,26,0,666,0.002954,complete
rexxcps-opt-stripped,82,102,78,FGT_REG_REG_REG,252,5838,23,0,417,0.002589,complete
rexxcps-opt-stripped,83,97,61,BEQ_ID_REG_INT,195,6995,35,0,542,0.003102,complete
rexxcps-opt-stripped,84,53,14,DCALL_REG_REG_REG,189,91088,481,208,8334,0.040399,complete
rexxcps-opt-stripped,85,76,35,SRCMETHODSEL_REG_REG_STRING,182,20709,113,0,1167,0.009185,complete
rexxcps-opt-stripped,86,99,59,BPOFF,178,6530,36,0,417,0.002896,complete
rexxcps-opt-stripped,86,101,64,BCF_ID_REG,178,6203,34,0,375,0.002751,complete
rexxcps-opt-stripped,88,14,5,ASSERTTYPE_REG_STRING,175,645999,3691,2958,21375,0.286509,complete
rexxcps-opt-stripped,89,87,43,RET_STRING,172,11510,66,0,584,0.005105,complete
rexxcps-opt-stripped,90,57,20,FTOD_REG,171,62040,362,208,2458,0.027516,complete
rexxcps-opt-stripped,90,93,49,FADD_REG_REG_REG,171,8666,50,0,3334,0.003843,complete
rexxcps-opt-stripped,92,95,50,FNDBLNK_REG_REG_REG,169,8171,48,0,1583,0.003624,complete
rexxcps-opt-stripped,92,103,67,FEQ_REG_REG_FLOAT,169,5632,33,0,208,0.002498,complete
rexxcps-opt-stripped,94,74,31,DADD_REG_REG_DECIMAL,168,25332,150,83,875,0.011235,complete
rexxcps-opt-stripped,94,82,36,DGT_REG_REG_REG,168,17081,101,0,2041,0.007576,complete
rexxcps-opt-stripped,94,100,57,FLT_REG_REG_FLOAT,168,6333,37,0,500,0.002809,complete
rexxcps-opt-stripped,97,71,30,DMULT_REG_REG_DECIMAL,162,29622,182,83,2083,0.013138,complete
rexxcps-opt-stripped,98,85,37,SEQ_REG_REG_STRING,122,12207,100,0,3250,0.005414,complete
rexxcps-opt-stripped,99,104,44,APPEND_REG_REG,89,5626,63,0,666,0.002495,complete
rexxcps-opt-stripped,100,105,45,CONCAT_REG_REG_REG,86,5207,60,0,375,0.002309,complete
rexxcps-opt-stripped,101,108,47,STRPOS_REG_REG_REG,64,3584,56,0,917,0.001590,complete
rexxcps-opt-stripped,102,111,69,BTOI_REG,62,1921,30,0,291,0.000852,complete
rexxcps-opt-stripped,103,109,46,BNE_ID_REG_REG,41,2416,58,0,750,0.001072,complete
rexxcps-opt-stripped,104,112,34,STRLOWER_REG_REG,16,1875,117,0,1125,0.000832,complete
rexxcps-opt-stripped,105,110,27,ITOF_REG,10,2374,237,42,666,0.001053,complete
rexxcps-opt-stripped,106,121,32,APPENDCHAR_REG_REG,9,1126,125,0,959,0.000499,complete
rexxcps-opt-stripped,107,1,1,SRCFPROCSEL_REG_STRING_REG,7,197788500,28255500,24895083,35730417,87.721846,complete
rexxcps-opt-stripped,107,66,3,ISTYPE_REG_REG_STRING,7,43292,6184,4083,15834,0.019201,complete
rexxcps-opt-stripped,107,114,26,POSCHAR_REG_REG_REG,7,1708,244,0,833,0.000758,complete
rexxcps-opt-stripped,110,18,2,MTIME_REG,6,492750,82125,625,481292,0.218541,complete
rexxcps-opt-stripped,110,107,11,FDIV_REG_REG_FLOAT,6,3750,625,41,3000,0.001663,complete
rexxcps-opt-stripped,112,84,6,SAY_STRING,4,13416,3354,458,11250,0.005950,complete
rexxcps-opt-stripped,112,90,7,SAY_REG,4,10167,2541,875,6500,0.004509,complete
rexxcps-opt-stripped,112,113,15,STOF_REG,4,1833,458,125,958,0.000813,complete
rexxcps-opt-stripped,112,114,17,SCONCAT_REG_STRING_REG,4,1708,427,166,625,0.000758,complete
rexxcps-opt-stripped,112,117,18,SCONCAT_REG_REG_STRING,4,1625,406,41,1292,0.000721,complete
rexxcps-opt-stripped,117,120,19,FDIV_REG_REG_REG,3,1167,389,42,750,0.000518,complete
rexxcps-opt-stripped,118,118,10,FDIV_REG_FLOAT_REG,2,1375,687,458,917,0.000610,complete
rexxcps-opt-stripped,118,119,12,FGT_REG_REG_FLOAT,2,1208,604,333,875,0.000536,complete
rexxcps-opt-stripped,118,123,23,SAPPEND_REG_REG,2,500,250,42,458,0.000222,complete
rexxcps-opt-stripped,121,106,4,BLT_ID_REG_INT,1,4791,4791,4791,4791,0.002125,complete
rexxcps-opt-stripped,121,114,8,RXVERS_REG,1,1708,1708,1708,1708,0.000758,complete
rexxcps-opt-stripped,121,122,9,DEXTR_REG_REG_REG,1,959,959,959,959,0.000425,complete
rexxcps-opt-stripped,121,124,15,DLT_REG_REG_DECIMAL,1,458,458,458,458,0.000203,complete
rexxcps-opt-stripped,121,125,23,FADD_REG_REG_FLOAT,1,250,250,250,250,0.000111,complete
rexxcps-opt-stripped,121,125,23,FMULT_REG_REG_REG,1,250,250,250,250,0.000111,complete
rexxcps-opt-stripped,121,127,28,INE_REG_REG_REG,1,209,209,209,209,0.000093,complete
rexxcps-opt-stripped,121,127,28,FTOI_REG,1,209,209,209,209,0.000093,complete
rexxcps-opt-stripped,121,129,32,FSUB_REG_REG_REG,1,125,125,125,125,0.000055,complete
sieve-noopt-retained,1,2,25,IGT_REG_REG_REG,1087001,15398055,14,0,13792,10.428124,complete
sieve-noopt-retained,1,4,29,BRT_ID_REG,1087001,14269426,13,0,11667,9.663775,complete
sieve-noopt-retained,3,6,29,BR_ID,1053451,13870036,13,0,13333,9.393294,complete
sieve-noopt-retained,4,5,29,UNLINK_REG,1053401,14203718,13,0,11750,9.619275,complete
sieve-noopt-retained,5,1,24,SETATTRS_REG_INT,1053400,16347595,15,0,160084,11.071187,complete
sieve-noopt-retained,5,3,25,LINKATTR1_REG_REG_REG,1053400,14802692,14,0,8000,10.024922,complete
sieve-noopt-retained,7,8,29,LOAD_REG_INT,837203,11306415,13,0,5333,7.657116,complete
sieve-noopt-retained,8,7,25,ICOPY_REG_REG,803451,11364469,14,0,6083,7.696432,complete
sieve-noopt-retained,9,10,29,ILT_REG_REG_INT,586901,8010194,13,0,10958,5.424795,complete
sieve-noopt-retained,10,9,29,IADD_REG_REG_REG,586900,8180057,13,0,12542,5.539833,complete
sieve-noopt-retained,10,11,29,BRTF_ID_ID_REG,586900,7847844,13,0,4750,5.314846,complete
sieve-noopt-retained,12,12,29,INC_REG,500000,6682125,13,0,5000,4.525379,complete
sieve-noopt-retained,13,13,29,BRF_ID_REG,250002,3434088,13,0,4959,2.325690,complete
sieve-noopt-retained,14,16,29,ENDLIFE_REG,33551,463064,13,0,2500,0.313604,complete
sieve-noopt-retained,15,15,25,IADD_REG_REG_INT,33450,470482,14,0,1791,0.318628,complete
sieve-noopt-retained,16,18,16,SETNUMDGTS_INT,51,10784,211,0,2666,0.007303,complete
sieve-noopt-retained,16,20,19,SETNUMFUZ_INT,51,8125,159,0,6167,0.005503,complete
sieve-noopt-retained,16,28,21,SETNUMFRM_INT,51,2583,50,0,375,0.001749,complete
sieve-noopt-retained,16,30,22,SETNUMCAS_INT,51,2286,44,0,458,0.001548,complete
sieve-noopt-retained,16,32,23,SETNUMSTD_INT,51,1957,38,0,250,0.001325,complete
sieve-noopt-retained,21,14,1,NULL_REG,50,919087,18381,167,31000,0.622439,complete
sieve-noopt-retained,21,17,15,RET_REG,50,13249,264,83,1334,0.008973,complete
sieve-noopt-retained,21,19,18,CALL_REG_FUNC_REG,50,9504,190,41,1958,0.006436,complete
sieve-noopt-retained,21,23,20,INE_REG_REG_INT,50,4208,84,0,458,0.002850,complete
sieve-noopt-retained,25,24,9,ITOS_REG,2,4166,2083,125,4041,0.002821,complete
sieve-noopt-retained,26,21,2,SAY_REG,1,7667,7667,7667,7667,0.005192,complete
sieve-noopt-retained,26,22,3,COPY_REG_REG,1,6834,6834,6834,6834,0.004628,complete
sieve-noopt-retained,26,25,4,GETATTRS_REG_REG_INT,1,3500,3500,3500,3500,0.002370,complete
sieve-noopt-retained,26,26,5,IGTE_REG_REG_INT,1,3250,3250,3250,3250,0.002201,complete
sieve-noopt-retained,26,27,6,LINKATTR1_REG_REG_INT,1,3167,3167,3167,3167,0.002145,complete
sieve-noopt-retained,26,29,7,STOI_REG,1,2458,2458,2458,2458,0.001665,complete
sieve-noopt-retained,26,31,8,BRTPANDT_ID_REG_INT,1,2208,2208,2208,2208,0.001495,complete
sieve-noopt-retained,26,33,10,MINATTRS_REG_INT,1,1209,1209,1209,1209,0.000819,complete
sieve-noopt-retained,26,34,11,SAY_STRING,1,791,791,791,791,0.000536,complete
sieve-noopt-retained,26,35,12,CONCAT_REG_STRING_REG,1,584,584,584,584,0.000396,complete
sieve-noopt-retained,26,36,13,SCONCAT_REG_REG_STRING,1,500,500,500,500,0.000339,complete
sieve-noopt-retained,26,37,14,CONCAT_REG_REG_REG,1,333,333,333,333,0.000226,complete
sieve-noopt-retained,26,38,17,RET_INT,1,209,209,209,209,0.000142,complete
sieve-noopt-stripped,1,2,25,IGT_REG_REG_REG,1087001,15567086,14,0,246542,10.384959,complete
sieve-noopt-stripped,1,4,33,BRT_ID_REG,1087001,14536678,13,0,58792,9.697563,complete
sieve-noopt-stripped,3,6,33,BR_ID,1053451,14145402,13,0,18334,9.436539,complete
sieve-noopt-stripped,4,5,33,UNLINK_REG,1053401,14223966,13,0,14584,9.488950,complete
sieve-noopt-stripped,5,1,24,SETATTRS_REG_INT,1053400,16719914,15,0,144834,11.154022,complete
sieve-noopt-stripped,5,3,25,LINKATTR1_REG_REG_REG,1053400,14901812,14,0,24958,9.941148,complete
sieve-noopt-stripped,7,8,33,LOAD_REG_INT,837203,11151764,13,0,14125,7.439453,complete
sieve-noopt-stripped,8,7,25,ICOPY_REG_REG,803451,11319085,14,0,14250,7.551075,complete
sieve-noopt-stripped,9,10,33,ILT_REG_REG_INT,586901,8191789,13,0,10042,5.464824,complete
sieve-noopt-stripped,10,9,25,IADD_REG_REG_REG,586900,8230213,14,0,14750,5.490457,complete
sieve-noopt-stripped,10,11,33,BRTF_ID_ID_REG,586900,7868968,13,0,24792,5.249467,complete
sieve-noopt-stripped,12,12,25,INC_REG,500000,7070294,14,0,275083,4.716664,complete
sieve-noopt-stripped,13,13,25,BRF_ID_REG,250002,3610695,14,0,20125,2.408731,complete
sieve-noopt-stripped,14,15,25,ENDLIFE_REG,33551,501531,14,0,5250,0.334576,complete
sieve-noopt-stripped,15,16,25,IADD_REG_REG_INT,33450,493375,14,0,13042,0.329135,complete
sieve-noopt-stripped,16,20,17,SETNUMDGTS_INT,51,17958,352,41,2167,0.011980,complete
sieve-noopt-stripped,16,22,20,SETNUMFUZ_INT,51,11959,234,0,6083,0.007978,complete
sieve-noopt-stripped,16,25,21,SETNUMFRM_INT,51,5544,108,0,542,0.003698,complete
sieve-noopt-stripped,16,26,22,SETNUMCAS_INT,51,4994,97,0,500,0.003332,complete
sieve-noopt-stripped,16,27,23,SETNUMSTD_INT,51,4877,95,0,416,0.003253,complete
sieve-noopt-stripped,21,14,1,NULL_REG,50,1181497,23629,166,85417,0.788188,complete
sieve-noopt-stripped,21,17,14,RET_REG,50,47167,943,83,6375,0.031466,complete
sieve-noopt-stripped,21,18,16,CALL_REG_FUNC_REG,50,25166,503,83,3083,0.016788,complete
sieve-noopt-stripped,21,21,19,INE_REG_REG_INT,50,12208,244,41,958,0.008144,complete
sieve-noopt-stripped,25,23,4,ITOS_REG,2,7708,3854,208,7500,0.005142,complete
sieve-noopt-stripped,26,19,2,SAY_REG,1,20500,20500,20500,20500,0.013676,complete
sieve-noopt-stripped,26,24,3,COPY_REG_REG,1,7083,7083,7083,7083,0.004725,complete
sieve-noopt-stripped,26,28,5,GETATTRS_REG_REG_INT,1,3583,3583,3583,3583,0.002390,complete
sieve-noopt-stripped,26,29,6,IGTE_REG_REG_INT,1,2750,2750,2750,2750,0.001835,complete
sieve-noopt-stripped,26,30,7,CONCAT_REG_STRING_REG,1,2542,2542,2542,2542,0.001696,complete
sieve-noopt-stripped,26,31,8,LINKATTR1_REG_REG_INT,1,2416,2416,2416,2416,0.001612,complete
sieve-noopt-stripped,26,32,9,STOI_REG,1,2125,2125,2125,2125,0.001418,complete
sieve-noopt-stripped,26,33,10,BRTPANDT_ID_REG_INT,1,2041,2041,2041,2041,0.001362,complete
sieve-noopt-stripped,26,34,11,SCONCAT_REG_REG_STRING,1,1959,1959,1959,1959,0.001307,complete
sieve-noopt-stripped,26,35,12,MINATTRS_REG_INT,1,1584,1584,1584,1584,0.001057,complete
sieve-noopt-stripped,26,36,13,SAY_STRING,1,1250,1250,1250,1250,0.000834,complete
sieve-noopt-stripped,26,37,15,CONCAT_REG_REG_REG,1,583,583,583,583,0.000389,complete
sieve-noopt-stripped,26,38,18,RET_INT,1,250,250,250,250,0.000167,complete
rexxcps-noopt-retained,1,3,109,BRF_ID_REG,178133,3246932,18,0,26084,1.193109,complete
rexxcps-noopt-retained,2,6,109,NULL_REG,81604,1535740,18,0,24500,0.564319,complete
rexxcps-noopt-retained,3,7,109,ENDLIFE_REG,77710,1440029,18,0,28083,0.529149,complete
rexxcps-noopt-retained,4,8,121,ICOPY_REG_REG,67611,1208509,17,0,16917,0.444075,complete
rexxcps-noopt-retained,5,10,109,IEQ_REG_REG_INT,54701,996303,18,0,10125,0.366099,complete
rexxcps-noopt-retained,6,9,93,SCOPY_REG_REG,48113,1036766,21,0,24208,0.380967,complete
rexxcps-noopt-retained,7,11,121,BR_ID,48003,839473,17,0,39208,0.308470,complete
rexxcps-noopt-retained,8,13,121,BRT_ID_REG,44702,774885,17,0,19708,0.284737,complete
rexxcps-noopt-retained,9,12,109,LOAD_REG_INT,42965,784681,18,0,10250,0.288337,complete
rexxcps-noopt-retained,10,16,121,IADD_REG_REG_INT,34602,612617,17,0,7458,0.225111,complete
rexxcps-noopt-retained,11,14,89,STRCHAR_REG_REG_REG,34537,770411,22,0,11000,0.283093,complete
rexxcps-noopt-retained,12,17,109,IGT_REG_REG_REG,30840,559898,18,0,7750,0.205739,complete
rexxcps-noopt-retained,13,15,94,UNLINK_REG,30335,623334,20,0,37250,0.229049,complete
rexxcps-noopt-retained,14,23,121,IADD_REG_REG_REG,20120,354829,17,0,7750,0.130384,complete
rexxcps-noopt-retained,15,21,109,ILT_REG_REG_INT,19908,369868,18,0,1042,0.135911,complete
rexxcps-noopt-retained,16,22,98,LINKATTR1_REG_REG_INT,18618,362331,19,0,8375,0.133141,complete
rexxcps-noopt-retained,17,24,98,ISUB_REG_REG_INT,18562,353540,19,0,9041,0.129911,complete
rexxcps-noopt-retained,18,20,89,LOAD_REG_STRING,17297,396314,22,0,22250,0.145628,complete
rexxcps-noopt-retained,19,27,121,IMULT_REG_REG_INT,16332,289673,17,0,7875,0.106442,complete
rexxcps-noopt-retained,20,28,121,ILT_REG_REG_REG,16180,289028,17,0,541,0.106205,complete
rexxcps-noopt-retained,21,32,109,IGT_REG_REG_INT,14975,271287,18,0,458,0.099686,complete
rexxcps-noopt-retained,22,29,98,SETTP_REG_INT,14525,281616,19,0,6083,0.103482,complete
rexxcps-noopt-retained,23,31,98,IEQ_REG_REG_REG,14156,274572,19,0,9833,0.100893,complete
rexxcps-noopt-retained,24,34,98,STRLEN_REG_REG,13324,262301,19,0,9042,0.096384,complete
rexxcps-noopt-retained,25,33,94,LINKATTR1_REG_REG_REG,13056,267810,20,0,9833,0.098409,complete
rexxcps-noopt-retained,26,26,81,MINATTRS_REG_REG_INT,11877,309680,26,0,1750,0.113794,complete
rexxcps-noopt-retained,27,30,84,BCTP_ID_REG,11674,276950,23,0,62375,0.101767,complete
rexxcps-noopt-retained,28,38,98,IGTE_REG_REG_REG,11088,217375,19,0,9375,0.079876,complete
rexxcps-noopt-retained,29,19,60,SWAP_REG_REG,10738,436218,40,0,20000,0.160291,complete
rexxcps-noopt-retained,30,40,109,INE_REG_REG_INT,10675,196226,18,0,542,0.072105,complete
rexxcps-noopt-retained,31,44,94,ILTE_REG_REG_INT,8569,171533,20,0,6459,0.063031,complete
rexxcps-noopt-retained,32,41,84,IMOD_REG_REG_REG,7764,185500,23,0,16375,0.068163,complete
rexxcps-noopt-retained,33,47,98,SETNUMFUZ_INT,7354,142245,19,0,8000,0.052269,complete
rexxcps-noopt-retained,33,48,109,SETNUMCAS_INT,7354,139330,18,0,417,0.051198,complete
rexxcps-noopt-retained,33,51,121,SETNUMSTD_INT,7354,129502,17,0,292,0.047586,complete
rexxcps-noopt-retained,36,37,74,SETNUMDGTS_INT,7352,227947,31,0,6958,0.083761,complete
rexxcps-noopt-retained,36,49,121,SETNUMFRM_INT,7352,131816,17,0,458,0.048437,complete
rexxcps-noopt-retained,38,4,16,CALL_REG_FUNC_REG,7182,2641000,367,41,15417,0.970455,complete
rexxcps-noopt-retained,39,50,98,ISUB_REG_REG_REG,6671,130110,19,0,6083,0.047810,complete
rexxcps-noopt-retained,40,2,9,COPY_REG_REG,6632,3986792,601,0,45625,1.464976,complete
rexxcps-noopt-retained,41,53,109,BRTPANDT_ID_REG_INT,6049,113317,18,0,2042,0.041639,complete
rexxcps-noopt-retained,42,54,109,ILTE_REG_REG_REG,5880,111418,18,0,542,0.040941,complete
rexxcps-noopt-retained,43,43,75,SETSTRPOS_REG_REG,5686,172422,30,0,9000,0.063358,complete
rexxcps-noopt-retained,43,45,79,SUBSTRING_REG_REG_REG,5686,160781,28,0,9542,0.059080,complete
rexxcps-noopt-retained,45,55,98,IGTE_REG_REG_INT,5550,108404,19,0,2834,0.039834,complete
rexxcps-noopt-retained,46,18,33,RET_REG,4873,477855,98,0,15209,0.175591,complete
rexxcps-noopt-retained,47,36,49,RNE_REG_REG_STRING,3864,230910,59,0,8375,0.084850,complete
rexxcps-noopt-retained,48,35,47,REQ_REG_REG_STRING,3769,241328,64,0,14000,0.088678,complete
rexxcps-noopt-retained,49,39,50,REQ_REG_REG_REG,3403,196702,57,0,8083,0.072280,complete
rexxcps-noopt-retained,50,62,98,BNE_ID_REG_INT,2968,58743,19,0,375,0.021586,complete
rexxcps-noopt-retained,51,68,98,BRTF_ID_ID_REG,2418,47018,19,0,791,0.017277,complete
rexxcps-noopt-retained,52,66,89,NOT_REG_REG,2323,51866,22,0,417,0.019059,complete
rexxcps-noopt-retained,53,65,84,GETATTRS_REG_REG_INT,2283,53162,23,0,3583,0.019535,complete
rexxcps-noopt-retained,54,59,66,STRUPPER_REG_REG,2266,84991,37,0,8833,0.031231,complete
rexxcps-noopt-retained,55,57,54,RET,2055,98888,48,0,1292,0.036337,complete
rexxcps-noopt-retained,56,46,43,ITOS_REG,1994,148341,74,0,1916,0.054509,complete
rexxcps-noopt-retained,57,70,84,FNDNBLNK_REG_REG_REG,1941,45388,23,0,584,0.016678,complete
rexxcps-noopt-retained,58,72,89,GETANDTP_REG_REG_INT,1728,38354,22,0,875,0.014093,complete
rexxcps-noopt-retained,59,73,94,MINATTRS_REG_INT,1682,34515,20,0,1125,0.012683,complete
rexxcps-noopt-retained,60,64,67,ASSERTINITIALIZED_REG,1446,53463,36,0,709,0.019645,complete
rexxcps-noopt-retained,61,61,55,SETATTRS_REG_INT,1441,67857,47,0,18708,0.024935,complete
rexxcps-noopt-retained,62,67,70,CONCAT_REG_REG_REG,1418,50833,35,0,542,0.018679,complete
rexxcps-noopt-retained,63,60,52,CONCAT_REG_REG_STRING,1417,73202,51,0,7334,0.026899,complete
rexxcps-noopt-retained,64,71,67,BGE_ID_REG_INT,1150,41491,36,0,10875,0.015246,complete
rexxcps-noopt-retained,65,75,77,SEQ_REG_REG_REG,1058,30817,29,0,792,0.011324,complete
rexxcps-noopt-retained,66,80,84,BGT_ID_REG_REG,1008,23842,23,0,458,0.008761,complete
rexxcps-noopt-retained,67,81,81,ISUB_REG_INT_REG,894,23360,26,0,583,0.008584,complete
rexxcps-noopt-retained,68,63,39,STOI_REG,674,54409,80,0,2167,0.019993,complete
rexxcps-noopt-retained,69,82,71,SETOBJUNINIT_REG_STRING,601,20716,34,0,958,0.007612,complete
rexxcps-noopt-retained,70,74,46,STOD_REG,498,34253,68,0,834,0.012587,complete
rexxcps-noopt-retained,71,92,77,ITOF_REG,436,12707,29,0,417,0.004669,complete
rexxcps-noopt-retained,72,91,75,FCOPY_REG_REG,428,12869,30,0,334,0.004729,complete
rexxcps-noopt-retained,73,86,59,LOAD_REG_FLOAT,427,17712,41,0,667,0.006508,complete
rexxcps-noopt-retained,74,42,11,FTOS_REG,426,173210,406,208,4875,0.063647,complete
rexxcps-noopt-retained,75,95,80,BLE_ID_REG_REG,420,11659,27,0,541,0.004284,complete
rexxcps-noopt-retained,76,52,13,FTOD_REG,333,127282,382,208,2750,0.046771,complete
rexxcps-noopt-retained,76,83,48,DCOPY_REG_REG,333,19995,60,0,375,0.007347,complete
rexxcps-noopt-retained,78,69,27,DTOS_REG,332,45837,138,0,959,0.016843,complete
rexxcps-noopt-retained,79,77,34,RET_INT,272,26455,97,0,1000,0.009721,complete
rexxcps-noopt-retained,80,94,56,SETOBJTYPE_REG_STRING,262,11791,45,0,583,0.004333,complete
rexxcps-noopt-retained,81,97,60,BGE_ID_REG_REG,256,10326,40,0,542,0.003794,complete
rexxcps-noopt-retained,81,100,63,BLE_ID_REG_INT,256,9782,38,0,791,0.003594,complete
rexxcps-noopt-retained,83,101,63,FGT_REG_REG_REG,254,9748,38,0,375,0.003582,complete
rexxcps-noopt-retained,84,84,40,CONCAT_REG_STRING_REG,252,19794,78,0,542,0.007273,complete
rexxcps-noopt-retained,84,99,62,BCOPY_REG_REG,252,9960,39,0,667,0.003660,complete
rexxcps-noopt-retained,86,96,51,BEQ_ID_REG_INT,195,10710,54,0,1125,0.003935,complete
rexxcps-noopt-retained,87,56,10,DCALL_REG_REG_REG,189,100747,533,250,3167,0.037020,complete
rexxcps-noopt-retained,88,76,26,SRCMETHODSEL_REG_REG_STRING,182,26882,147,0,1459,0.009878,complete
rexxcps-noopt-retained,89,104,57,BPOFF,178,7672,43,0,625,0.002819,complete
rexxcps-noopt-retained,89,105,58,BCF_ID_REG,178,7540,42,0,792,0.002771,complete
rexxcps-noopt-retained,91,5,3,ASSERTTYPE_REG_STRING,175,2348954,13422,10084,33917,0.863140,complete
rexxcps-noopt-retained,92,85,30,RET_STRING,172,17717,103,0,1417,0.006510,complete
rexxcps-noopt-retained,92,90,40,FADD_REG_REG_REG,172,13422,78,0,1625,0.004932,complete
rexxcps-noopt-retained,94,93,44,FNDBLNK_REG_REG_REG,169,12501,73,0,1041,0.004594,complete
rexxcps-noopt-retained,94,108,67,FEQ_REG_REG_REG,169,6167,36,0,292,0.002266,complete
rexxcps-noopt-retained,96,79,25,DGT_REG_REG_REG,168,25625,152,0,2959,0.009416,complete
rexxcps-noopt-retained,96,87,32,DADD_REG_REG_REG,168,16755,99,0,1125,0.006157,complete
rexxcps-noopt-retained,96,89,37,ITOD_REG,168,13833,82,0,750,0.005083,complete
rexxcps-noopt-retained,96,103,52,FLT_REG_REG_REG,168,8636,51,0,500,0.003173,complete
rexxcps-noopt-retained,96,109,73,ILT_REG_INT_REG,168,5594,33,0,292,0.002056,complete
rexxcps-noopt-retained,101,78,23,DMULT_REG_REG_REG,162,25674,158,0,3958,0.009434,complete
rexxcps-noopt-retained,102,98,37,SEQ_REG_REG_STRING,122,10084,82,0,1458,0.003705,complete
rexxcps-noopt-retained,103,102,31,SCONCAT_REG_REG_STRING,89,8966,100,0,542,0.003295,complete
rexxcps-noopt-retained,104,107,45,INC_REG,88,6332,71,0,500,0.002327,complete
rexxcps-noopt-retained,105,106,42,FADD_REG_REG_FLOAT,84,6339,75,0,541,0.002329,complete
rexxcps-noopt-retained,106,111,71,STRPOS_REG_REG_REG,64,2207,34,0,500,0.000811,complete
rexxcps-noopt-retained,107,117,83,BTOI_REG,62,1542,24,0,167,0.000567,complete
rexxcps-noopt-retained,108,116,63,BNE_ID_REG_REG,41,1583,38,0,375,0.000582,complete
rexxcps-noopt-retained,109,118,36,STRLOWER_REG_REG,16,1331,83,0,625,0.000489,complete
rexxcps-noopt-retained,110,121,35,APPENDCHAR_REG_REG,8,709,88,0,459,0.000261,complete
rexxcps-noopt-retained,111,1,1,SRCFPROCSEL_REG_STRING_REG,7,238019333,34002761,31879416,37485417,87.461923,complete
rexxcps-noopt-retained,111,58,4,ISTYPE_REG_REG_STRING,7,85084,12154,11083,13542,0.031265,complete
rexxcps-noopt-retained,111,112,19,POSCHAR_REG_REG_REG,7,1917,273,83,625,0.000704,complete
rexxcps-noopt-retained,114,25,2,MTIME_REG,6,324208,54034,458,316458,0.119133,complete
rexxcps-noopt-retained,114,114,17,FDIV_REG_REG_FLOAT,6,1793,298,42,958,0.000659,complete
rexxcps-noopt-retained,116,88,5,SAY_REG,5,15791,3158,750,6166,0.005803,complete
rexxcps-noopt-retained,116,119,20,SCONCAT_REG_STRING_REG,5,1292,258,42,375,0.000475,complete
rexxcps-noopt-retained,116,120,23,FDIV_REG_REG_REG,5,793,158,42,250,0.000291,complete
rexxcps-noopt-retained,116,123,28,APPEND_REG_REG,5,668,133,0,334,0.000245,complete
rexxcps-noopt-retained,120,115,11,STOF_REG,4,1624,406,166,708,0.000597,complete
rexxcps-noopt-retained,121,110,7,SAY_STRING,3,3375,1125,500,2292,0.001240,complete
rexxcps-noopt-retained,122,124,21,SCONCAT_REG_REG_REG,2,417,208,125,292,0.000153,complete
rexxcps-noopt-retained,123,113,6,RXVERS_REG,1,1916,1916,1916,1916,0.000704,complete
rexxcps-noopt-retained,123,121,8,DEXTR_REG_REG_REG,1,709,709,709,709,0.000261,complete
rexxcps-noopt-retained,123,125,14,INE_REG_REG_REG,1,375,375,375,375,0.000138,complete
rexxcps-noopt-retained,123,125,14,DLT_REG_REG_DECIMAL,1,375,375,375,375,0.000138,complete
rexxcps-noopt-retained,123,127,18,FTOI_REG,1,292,292,292,292,0.000107,complete
rexxcps-noopt-retained,123,128,22,FMULT_REG_REG_REG,1,167,167,167,167,0.000061,complete
rexxcps-noopt-retained,123,129,29,FSUB_REG_REG_REG,1,125,125,125,125,0.000046,complete
rexxcps-noopt-stripped,1,3,99,BRF_ID_REG,207614,3151656,15,0,16833,1.459921,complete
rexxcps-noopt-stripped,2,5,99,NULL_REG,95029,1506576,15,0,8083,0.697881,complete
rexxcps-noopt-stripped,3,6,99,ENDLIFE_REG,90512,1398498,15,0,6625,0.647817,complete
rexxcps-noopt-stripped,4,7,99,ICOPY_REG_REG,78828,1217963,15,0,12375,0.564189,complete
rexxcps-noopt-stripped,5,8,99,IEQ_REG_REG_INT,63759,1003136,15,0,416,0.464676,complete
rexxcps-noopt-stripped,6,9,83,SCOPY_REG_REG,56064,921771,16,0,4167,0.426986,complete
rexxcps-noopt-stripped,7,10,125,BR_ID,55943,814625,14,0,6375,0.377353,complete
rexxcps-noopt-stripped,8,11,125,BRT_ID_REG,52099,774409,14,0,1458,0.358724,complete
rexxcps-noopt-stripped,9,12,99,LOAD_REG_INT,50014,772281,15,0,4584,0.357739,complete
rexxcps-noopt-stripped,10,14,99,IADD_REG_REG_INT,40355,634523,15,0,5667,0.293926,complete
rexxcps-noopt-stripped,11,13,77,STRCHAR_REG_REG_REG,40284,713597,17,0,5000,0.330555,complete
rexxcps-noopt-stripped,12,15,99,IGT_REG_REG_REG,35941,564273,15,0,4875,0.261384,complete
rexxcps-noopt-stripped,13,16,99,UNLINK_REG,35304,537984,15,0,6042,0.249207,complete
rexxcps-noopt-stripped,14,21,99,IADD_REG_REG_REG,23472,354778,15,0,250,0.164341,complete
rexxcps-noopt-stripped,15,20,83,ILT_REG_REG_INT,23199,373954,16,0,1209,0.173224,complete
rexxcps-noopt-stripped,16,23,99,LINKATTR1_REG_REG_INT,21663,342562,15,0,3542,0.158683,complete
rexxcps-noopt-stripped,17,24,99,ISUB_REG_REG_INT,21656,337817,15,0,375,0.156485,complete
rexxcps-noopt-stripped,18,25,83,LOAD_REG_STRING,20087,328875,16,0,375,0.152343,complete
rexxcps-noopt-stripped,19,29,125,IMULT_REG_REG_INT,19054,283183,14,0,292,0.131177,complete
rexxcps-noopt-stripped,20,26,99,ILT_REG_REG_REG,18868,293119,15,0,458,0.135780,complete
rexxcps-noopt-stripped,21,28,83,IGT_REG_REG_INT,17466,284240,16,0,4500,0.131667,complete
rexxcps-noopt-stripped,22,31,83,SETTP_REG_INT,16886,271939,16,0,5125,0.125968,complete
rexxcps-noopt-stripped,23,27,77,IEQ_REG_REG_REG,16506,286667,17,0,5458,0.132791,complete
rexxcps-noopt-stripped,24,33,99,STRLEN_REG_REG,15494,237744,15,0,1375,0.110129,complete
rexxcps-noopt-stripped,25,32,83,LINKATTR1_REG_REG_REG,15202,246266,16,0,625,0.114076,complete
rexxcps-noopt-stripped,26,30,70,MINATTRS_REG_REG_INT,13829,279894,20,0,1542,0.129653,complete
rexxcps-noopt-stripped,27,36,125,BCTP_ID_REG,13598,200980,14,0,667,0.093099,complete
rexxcps-noopt-stripped,28,35,99,IGTE_REG_REG_REG,12936,204544,15,0,500,0.094750,complete
rexxcps-noopt-stripped,29,19,52,SWAP_REG_REG,12484,376296,30,0,1292,0.174309,complete
rexxcps-noopt-stripped,30,34,83,INE_REG_REG_INT,12412,207025,16,0,8458,0.095899,complete
rexxcps-noopt-stripped,31,41,99,ILTE_REG_REG_INT,9997,158689,15,0,292,0.073508,complete
rexxcps-noopt-stripped,32,42,99,IMOD_REG_REG_REG,9058,143696,15,0,2042,0.066563,complete
rexxcps-noopt-stripped,33,45,83,SETNUMCAS_INT,8556,141285,16,0,209,0.065447,complete
rexxcps-noopt-stripped,33,46,83,SETNUMFUZ_INT,8556,141032,16,0,12584,0.065329,complete
rexxcps-noopt-stripped,33,48,99,SETNUMSTD_INT,8556,130465,15,0,209,0.060434,complete
rexxcps-noopt-stripped,36,37,65,SETNUMDGTS_INT,8554,194332,22,0,1583,0.090019,complete
rexxcps-noopt-stripped,36,49,99,SETNUMFRM_INT,8554,128605,15,0,250,0.059573,complete
rexxcps-noopt-stripped,38,4,15,CALL_REG_FUNC_REG,8356,2177531,260,41,7375,1.008683,complete
rexxcps-noopt-stripped,39,51,99,ISUB_REG_REG_REG,7778,118819,15,0,208,0.055040,complete
rexxcps-noopt-stripped,40,2,9,COPY_REG_REG,7708,3539674,459,0,20709,1.639660,complete
rexxcps-noopt-stripped,41,52,99,BRTPANDT_ID_REG_INT,7028,109074,15,0,2209,0.050526,complete
rexxcps-noopt-stripped,42,53,99,ILTE_REG_REG_REG,6860,106765,15,0,208,0.049456,complete
rexxcps-noopt-stripped,43,44,68,SETSTRPOS_REG_REG,6625,142015,21,0,583,0.065785,complete
rexxcps-noopt-stripped,43,47,70,SUBSTRING_REG_REG_REG,6625,137346,20,0,375,0.063622,complete
rexxcps-noopt-stripped,45,54,83,IGTE_REG_REG_INT,6475,105977,16,0,3166,0.049091,complete
rexxcps-noopt-stripped,46,22,30,RET_REG,5670,352974,62,0,833,0.163506,complete
rexxcps-noopt-stripped,47,39,43,RNE_REG_REG_STRING,4508,176316,39,0,542,0.081674,complete
rexxcps-noopt-stripped,48,38,39,REQ_REG_REG_STRING,4357,191935,44,0,1166,0.088909,complete
rexxcps-noopt-stripped,49,40,41,REQ_REG_REG_REG,3949,160481,40,0,584,0.074339,complete
rexxcps-noopt-stripped,50,60,99,BNE_ID_REG_INT,3444,52983,15,0,417,0.024543,complete
rexxcps-noopt-stripped,51,64,99,BRTF_ID_ID_REG,2810,42707,15,0,250,0.019783,complete
rexxcps-noopt-stripped,52,63,83,NOT_REG_REG,2700,44351,16,0,250,0.020544,complete
rexxcps-noopt-stripped,53,62,76,GETATTRS_REG_REG_INT,2661,49763,18,0,4000,0.023051,complete
rexxcps-noopt-stripped,54,58,62,STRUPPER_REG_REG,2630,62485,23,0,667,0.028945,complete
rexxcps-noopt-stripped,55,57,50,RET,2390,77475,32,0,708,0.035888,complete
rexxcps-noopt-stripped,56,50,36,ITOS_REG,2326,122474,52,0,667,0.056733,complete
rexxcps-noopt-stripped,57,67,83,FNDNBLNK_REG_REG_REG,2249,38167,16,0,667,0.017680,complete
rexxcps-noopt-stripped,58,69,99,GETANDTP_REG_REG_INT,2007,31999,15,0,541,0.014823,complete
rexxcps-noopt-stripped,59,68,83,MINATTRS_REG_INT,1962,32809,16,0,1291,0.015198,complete
rexxcps-noopt-stripped,60,65,60,ASSERTINITIALIZED_REG,1682,41429,24,0,667,0.019191,complete
rexxcps-noopt-stripped,61,59,50,SETATTRS_REG_INT,1677,54283,32,0,7459,0.025145,complete
rexxcps-noopt-stripped,62,66,62,CONCAT_REG_REG_REG,1654,39661,23,0,333,0.018372,complete
rexxcps-noopt-stripped,63,61,52,CONCAT_REG_REG_STRING,1653,50925,30,0,375,0.023590,complete
rexxcps-noopt-stripped,64,74,77,BGE_ID_REG_INT,1332,22852,17,0,1916,0.010586,complete
rexxcps-noopt-stripped,65,75,83,SEQ_REG_REG_REG,1237,20841,16,0,375,0.009654,complete
rexxcps-noopt-stripped,66,77,99,BGT_ID_REG_REG,1176,18392,15,0,375,0.008520,complete
rexxcps-noopt-stripped,67,78,83,ISUB_REG_INT_REG,1034,17195,16,0,417,0.007965,complete
rexxcps-noopt-stripped,68,70,41,STOI_REG,786,31584,40,0,2875,0.014630,complete
rexxcps-noopt-stripped,69,81,62,SETOBJUNINIT_REG_STRING,699,16167,23,0,833,0.007489,complete
rexxcps-noopt-stripped,70,73,40,STOD_REG,581,24114,41,0,333,0.011170,complete
rexxcps-noopt-stripped,71,90,77,ITOF_REG,506,8961,17,0,417,0.004151,complete
rexxcps-noopt-stripped,72,93,125,FCOPY_REG_REG,498,7414,14,0,208,0.003434,complete
rexxcps-noopt-stripped,73,43,14,FTOS_REG,496,142246,286,166,4709,0.065892,complete
rexxcps-noopt-stripped,73,85,65,LOAD_REG_FLOAT,496,11169,22,0,375,0.005174,complete
rexxcps-noopt-stripped,75,89,74,BLE_ID_REG_REG,490,9370,19,0,292,0.004340,complete
rexxcps-noopt-stripped,76,56,17,FTOD_REG,388,91454,235,166,2208,0.042364,complete
rexxcps-noopt-stripped,76,83,47,DCOPY_REG_REG,388,13919,35,0,333,0.006448,complete
rexxcps-noopt-stripped,78,71,29,DTOS_REG,387,28294,73,0,750,0.013106,complete
rexxcps-noopt-stripped,79,76,31,RET_INT,314,18545,59,0,625,0.008590,complete
rexxcps-noopt-stripped,80,88,49,SETOBJTYPE_REG_STRING,304,10122,33,0,791,0.004689,complete
rexxcps-noopt-stripped,81,100,77,BLE_ID_REG_INT,299,5375,17,0,416,0.002490,complete
rexxcps-noopt-stripped,82,101,77,BGE_ID_REG_REG,298,5078,17,0,333,0.002352,complete
rexxcps-noopt-stripped,83,97,74,FGT_REG_REG_REG,296,5838,19,0,292,0.002704,complete
rexxcps-noopt-stripped,84,82,37,CONCAT_REG_STRING_REG,294,14833,50,0,250,0.006871,complete
rexxcps-noopt-stripped,84,103,83,BCOPY_REG_REG,294,4875,16,0,500,0.002258,complete
rexxcps-noopt-stripped,86,94,57,BEQ_ID_REG_INT,223,6330,28,0,292,0.002932,complete
rexxcps-noopt-stripped,87,55,10,DCALL_REG_REG_REG,217,92673,427,208,5792,0.042928,complete
rexxcps-noopt-stripped,88,80,28,SRCMETHODSEL_REG_REG_STRING,210,16579,78,0,1209,0.007680,complete
rexxcps-noopt-stripped,89,106,68,BCF_ID_REG,207,4379,21,0,292,0.002028,complete
rexxcps-noopt-stripped,90,105,65,BPOFF,206,4710,22,0,250,0.002182,complete
rexxcps-noopt-stripped,91,17,5,ASSERTTYPE_REG_STRING,203,501289,2469,2125,9542,0.232209,complete
rexxcps-noopt-stripped,92,87,37,RET_STRING,200,10131,50,0,458,0.004693,complete
rexxcps-noopt-stripped,92,96,52,FADD_REG_REG_REG,200,6040,30,0,1666,0.002798,complete
rexxcps-noopt-stripped,94,99,57,FNDBLNK_REG_REG_REG,197,5546,28,0,1167,0.002569,complete
rexxcps-noopt-stripped,94,107,70,FEQ_REG_REG_REG,197,4078,20,0,250,0.001889,complete
rexxcps-noopt-stripped,96,86,34,DGT_REG_REG_REG,196,10796,55,0,2083,0.005001,complete
rexxcps-noopt-stripped,96,91,43,DADD_REG_REG_REG,196,7788,39,0,625,0.003608,complete
rexxcps-noopt-stripped,96,95,52,ITOD_REG,196,6043,30,0,375,0.002799,complete
rexxcps-noopt-stripped,96,102,59,FLT_REG_REG_REG,196,5045,25,0,250,0.002337,complete
rexxcps-noopt-stripped,96,104,60,ILT_REG_INT_REG,196,4836,24,0,166,0.002240,complete
rexxcps-noopt-stripped,101,84,31,DMULT_REG_REG_REG,189,11297,59,0,625,0.005233,complete
rexxcps-noopt-stripped,102,92,35,SEQ_REG_REG_STRING,137,7529,54,0,1708,0.003488,complete
rexxcps-noopt-stripped,103,98,33,SCONCAT_REG_REG_STRING,103,5833,56,0,375,0.002702,complete
rexxcps-noopt-stripped,104,109,56,INC_REG,102,3009,29,0,375,0.001394,complete
rexxcps-noopt-stripped,105,108,48,FADD_REG_REG_FLOAT,98,3375,34,0,334,0.001563,complete
rexxcps-noopt-stripped,106,110,43,STRPOS_REG_REG_REG,64,2498,39,0,625,0.001157,complete
rexxcps-noopt-stripped,107,118,70,BTOI_REG,62,1248,20,0,208,0.000578,complete
rexxcps-noopt-stripped,108,114,46,BNE_ID_REG_REG,41,1539,37,0,417,0.000713,complete
rexxcps-noopt-stripped,109,116,25,STRLOWER_REG_REG,16,1461,91,0,584,0.000677,complete
rexxcps-noopt-stripped,110,120,27,APPENDCHAR_REG_REG,9,792,88,0,583,0.000367,complete
rexxcps-noopt-stripped,111,1,1,SRCFPROCSEL_REG_STRING_REG,7,186138542,26591220,25812750,28245166,86.223713,complete
rexxcps-noopt-stripped,111,72,3,ISTYPE_REG_REG_STRING,7,27458,3922,3208,4500,0.012719,complete
rexxcps-noopt-stripped,111,117,20,POSCHAR_REG_REG_REG,7,1417,202,41,459,0.000656,complete
rexxcps-noopt-stripped,114,18,2,MTIME_REG,6,409417,68236,541,399667,0.189652,complete
rexxcps-noopt-stripped,114,113,13,FDIV_REG_REG_FLOAT,6,1750,291,42,1250,0.000811,complete
rexxcps-noopt-stripped,116,79,4,SAY_REG,5,17042,3408,417,10459,0.007894,complete
rexxcps-noopt-stripped,116,119,21,SCONCAT_REG_STRING_REG,5,1000,200,83,292,0.000463,complete
rexxcps-noopt-stripped,116,121,23,FDIV_REG_REG_REG,5,625,125,42,208,0.000290,complete
rexxcps-noopt-stripped,116,123,25,APPEND_REG_REG,5,458,91,41,167,0.000212,complete
rexxcps-noopt-stripped,120,115,11,STOF_REG,4,1501,375,125,833,0.000695,complete
rexxcps-noopt-stripped,121,112,7,SAY_STRING,3,1916,638,500,833,0.000888,complete
rexxcps-noopt-stripped,122,124,19,SCONCAT_REG_REG_REG,2,416,208,166,250,0.000193,complete
rexxcps-noopt-stripped,123,111,6,RXVERS_REG,1,2166,2166,2166,2166,0.001003,complete
rexxcps-noopt-stripped,123,121,8,DEXTR_REG_REG_REG,1,625,625,625,625,0.000290,complete
rexxcps-noopt-stripped,123,125,12,DLT_REG_REG_DECIMAL,1,334,334,334,334,0.000155,complete
rexxcps-noopt-stripped,123,126,16,FTOI_REG,1,250,250,250,250,0.000116,complete
rexxcps-noopt-stripped,123,127,18,INE_REG_REG_REG,1,209,209,209,209,0.000097,complete
rexxcps-noopt-stripped,123,128,22,FMULT_REG_REG_REG,1,167,167,167,167,0.000077,complete
rexxcps-noopt-stripped,123,129,23,FSUB_REG_REG_REG,1,125,125,125,125,0.000058,complete
