entry,section,name,value,id,count,total_ns,average_ns,min_ns,max_ns,percent,selected,entries,resumes,terminals,module,kind,completed,unwound,return_type,args,bytes,max_bytes,high_water,status
sieve-noopt,census,call_path,direct_bytecode,,50,0,0,0,0,0,,,,,,,,,,,,,,complete
sieve-noopt,census,call_path,direct_native,,0,0,0,0,0,0,,,,,,,,,,,,,,complete
sieve-noopt,census,call_path,dynamic_bytecode,,0,0,0,0,0,0,,,,,,,,,,,,,,complete
sieve-noopt,census,call_path,dynamic_native,,0,0,0,0,0,0,,,,,,,,,,,,,,complete
sieve-noopt,census,call_path,external_root,,1,0,0,0,0,0,,,,,,,,,,,,,,complete
sieve-noopt,census,call_path,signal_bytecode,,0,0,0,0,0,0,,,,,,,,,,,,,,complete
sieve-noopt,census,call_path,signal_native,,0,0,0,0,0,0,,,,,,,,,,,,,,complete
sieve-noopt,census,arity,1,,1,0,0,0,0,0,,,,,,,,,,,,,,complete
sieve-noopt,census,arity,0,,50,0,0,0,0,0,,,,,,,,,,,,,,complete
sieve-noopt,census,callable_kind,procedure,,51,0,0,0,0,0,,,,,,,,,,,,,,complete
sieve-noopt,census,callable_kind,method,,0,0,0,0,0,0,,,,,,,,,,,,,,complete
sieve-noopt,census,callable_kind,factory,,0,0,0,0,0,0,,,,,,,,,,,,,,complete
sieve-noopt,census,callable_kind,native,,0,0,0,0,0,0,,,,,,,,,,,,,,complete
sieve-noopt,census,callable_kind,unknown,,0,0,0,0,0,0,,,,,,,,,,,,,,complete
sieve-noopt,census,frame_disposition,fresh,,2,0,0,0,0,0,,,,,,,,,,,,,,complete
sieve-noopt,census,frame_disposition,reused,,49,0,0,0,0,0,,,,,,,,,,,,,,complete
sieve-noopt,census,frame_disposition,no_child_native,,0,0,0,0,0,0,,,,,,,,,,,,,,complete
sieve-noopt,census,frame_disposition,none_failed,,0,0,0,0,0,0,,,,,,,,,,,,,,complete
sieve-noopt,census,call_outcome,success,,51,0,0,0,0,0,,,,,,,,,,,,,,complete
sieve-noopt,census,call_outcome,unresolved,,0,0,0,0,0,0,,,,,,,,,,,,,,complete
sieve-noopt,census,call_outcome,frame_failed,,0,0,0,0,0,0,,,,,,,,,,,,,,complete
sieve-noopt,census,call_outcome,invalid,,0,0,0,0,0,0,,,,,,,,,,,,,,complete
sieve-noopt,return,placement,void,,0,0,0,0,0,0,,,,,,,,,,,,,,complete
sieve-noopt,return,placement,ret_reg_move_local,,50,0,0,0,0,0,,,,,,,,,,,,,,complete
sieve-noopt,return,placement,ret_reg_copy_nonlocal,,0,0,0,0,0,0,,,,,,,,,,,,,,complete
sieve-noopt,return,placement,value_ignored,,0,0,0,0,0,0,,,,,,,,,,,,,,complete
sieve-noopt,return,placement,immediate,,0,0,0,0,0,0,,,,,,,,,,,,,,complete
sieve-noopt,return,placement,terminal_external,,1,0,0,0,0,0,,,,,,,,,,,,,,complete
sieve-noopt,dynamic,srcmethodsel,attempt,,0,0,0,0,0,0,,,,,,,,,,,,,,complete
sieve-noopt,dynamic,srcmethodsel,success,,0,0,0,0,0,0,,,,,,,,,,,,,,complete
sieve-noopt,dynamic,srcmethodsel,failure,,0,0,0,0,0,0,,,,,,,,,,,,,,complete
sieve-noopt,dynamic,srcfprocsel,attempt,,0,0,0,0,0,0,,,,,,,,,,,,,,complete
sieve-noopt,dynamic,srcfprocsel,success,,0,0,0,0,0,0,,,,,,,,,,,,,,complete
sieve-noopt,dynamic,srcfprocsel,failure,,0,0,0,0,0,0,,,,,,,,,,,,,,complete
sieve-noopt,mechanics,call_window,setup_swaps,,0,0,0,0,0,0,,,,,,,,,,,,,,complete
sieve-noopt,mechanics,call_window,normal_restoration_swaps,,0,0,0,0,0,0,,,,,,,,,,,,,,complete
sieve-noopt,mechanics,call_window,unclassified_swaps,,0,0,0,0,0,0,,,,,,,,,,,,,,complete
sieve-noopt,mechanics,call_window,defensive_argument_copies,,0,0,0,0,0,0,,,,,,,,,,,,,,complete
sieve-noopt,mechanics,call_window,unclassified_copies,,1,0,0,0,0,0,,,,,,,,,,,,,,complete
sieve-noopt,mechanics,call_window,attribution_degraded,,0,0,0,0,0,0,,,,,,,,,,,,,,complete
sieve-noopt,unwind,signal,events,,0,0,0,0,0,0,,,,,,,,,,,,,,complete
sieve-noopt,unwind,signal,bytecode_frames_discarded,,0,0,0,0,0,0,,,,,,,,,,,,,,complete
sieve-noopt,unwind,signal,argument_windows_restored,,0,0,0,0,0,0,,,,,,,,,,,,,,complete
sieve-noopt,unwind,signal,argument_slots_restored,,0,0,0,0,0,0,,,,,,,,,,,,,,complete
sieve-noopt,unwind,signal,interrupted_native_windows_restored,,0,0,0,0,0,0,,,,,,,,,,,,,,complete
sieve-noopt,unwind,signal,interrupted_native_slots_restored,,0,0,0,0,0,0,,,,,,,,,,,,,,complete
sieve-noopt,unwind,signal,restoration_failures,,0,0,0,0,0,0,,,,,,,,,,,,,,complete
sieve-noopt,call,awfy_sieve.main,external_root,0,1,0,0,0,0,0,1,,,,benchmark_awfy_sieve_noopt,procedure,,,fresh,success,0,0,0,complete
sieve-noopt,call,awfy_sieve.sieve_once,direct_bytecode,88,1,0,0,0,0,0,0,,,,benchmark_awfy_sieve_noopt,procedure,,,fresh,success,0,0,0,complete
sieve-noopt,call,awfy_sieve.sieve_once,direct_bytecode,88,49,0,0,0,0,0,0,,,,benchmark_awfy_sieve_noopt,procedure,,,reused,success,0,0,0,complete
sieve-opt,census,call_path,direct_bytecode,,0,0,0,0,0,0,,,,,,,,,,,,,,complete
sieve-opt,census,call_path,direct_native,,0,0,0,0,0,0,,,,,,,,,,,,,,complete
sieve-opt,census,call_path,dynamic_bytecode,,0,0,0,0,0,0,,,,,,,,,,,,,,complete
sieve-opt,census,call_path,dynamic_native,,0,0,0,0,0,0,,,,,,,,,,,,,,complete
sieve-opt,census,call_path,external_root,,1,0,0,0,0,0,,,,,,,,,,,,,,complete
sieve-opt,census,call_path,signal_bytecode,,0,0,0,0,0,0,,,,,,,,,,,,,,complete
sieve-opt,census,call_path,signal_native,,0,0,0,0,0,0,,,,,,,,,,,,,,complete
sieve-opt,census,arity,1,,1,0,0,0,0,0,,,,,,,,,,,,,,complete
sieve-opt,census,callable_kind,procedure,,1,0,0,0,0,0,,,,,,,,,,,,,,complete
sieve-opt,census,callable_kind,method,,0,0,0,0,0,0,,,,,,,,,,,,,,complete
sieve-opt,census,callable_kind,factory,,0,0,0,0,0,0,,,,,,,,,,,,,,complete
sieve-opt,census,callable_kind,native,,0,0,0,0,0,0,,,,,,,,,,,,,,complete
sieve-opt,census,callable_kind,unknown,,0,0,0,0,0,0,,,,,,,,,,,,,,complete
sieve-opt,census,frame_disposition,fresh,,1,0,0,0,0,0,,,,,,,,,,,,,,complete
sieve-opt,census,frame_disposition,reused,,0,0,0,0,0,0,,,,,,,,,,,,,,complete
sieve-opt,census,frame_disposition,no_child_native,,0,0,0,0,0,0,,,,,,,,,,,,,,complete
sieve-opt,census,frame_disposition,none_failed,,0,0,0,0,0,0,,,,,,,,,,,,,,complete
sieve-opt,census,call_outcome,success,,1,0,0,0,0,0,,,,,,,,,,,,,,complete
sieve-opt,census,call_outcome,unresolved,,0,0,0,0,0,0,,,,,,,,,,,,,,complete
sieve-opt,census,call_outcome,frame_failed,,0,0,0,0,0,0,,,,,,,,,,,,,,complete
sieve-opt,census,call_outcome,invalid,,0,0,0,0,0,0,,,,,,,,,,,,,,complete
sieve-opt,return,placement,void,,0,0,0,0,0,0,,,,,,,,,,,,,,complete
sieve-opt,return,placement,ret_reg_move_local,,0,0,0,0,0,0,,,,,,,,,,,,,,complete
sieve-opt,return,placement,ret_reg_copy_nonlocal,,0,0,0,0,0,0,,,,,,,,,,,,,,complete
sieve-opt,return,placement,value_ignored,,0,0,0,0,0,0,,,,,,,,,,,,,,complete
sieve-opt,return,placement,immediate,,0,0,0,0,0,0,,,,,,,,,,,,,,complete
sieve-opt,return,placement,terminal_external,,1,0,0,0,0,0,,,,,,,,,,,,,,complete
sieve-opt,dynamic,srcmethodsel,attempt,,0,0,0,0,0,0,,,,,,,,,,,,,,complete
sieve-opt,dynamic,srcmethodsel,success,,0,0,0,0,0,0,,,,,,,,,,,,,,complete
sieve-opt,dynamic,srcmethodsel,failure,,0,0,0,0,0,0,,,,,,,,,,,,,,complete
sieve-opt,dynamic,srcfprocsel,attempt,,0,0,0,0,0,0,,,,,,,,,,,,,,complete
sieve-opt,dynamic,srcfprocsel,success,,0,0,0,0,0,0,,,,,,,,,,,,,,complete
sieve-opt,dynamic,srcfprocsel,failure,,0,0,0,0,0,0,,,,,,,,,,,,,,complete
sieve-opt,mechanics,call_window,setup_swaps,,0,0,0,0,0,0,,,,,,,,,,,,,,complete
sieve-opt,mechanics,call_window,normal_restoration_swaps,,0,0,0,0,0,0,,,,,,,,,,,,,,complete
sieve-opt,mechanics,call_window,unclassified_swaps,,0,0,0,0,0,0,,,,,,,,,,,,,,complete
sieve-opt,mechanics,call_window,defensive_argument_copies,,0,0,0,0,0,0,,,,,,,,,,,,,,complete
sieve-opt,mechanics,call_window,unclassified_copies,,51,0,0,0,0,0,,,,,,,,,,,,,,complete
sieve-opt,mechanics,call_window,attribution_degraded,,0,0,0,0,0,0,,,,,,,,,,,,,,complete
sieve-opt,unwind,signal,events,,0,0,0,0,0,0,,,,,,,,,,,,,,complete
sieve-opt,unwind,signal,bytecode_frames_discarded,,0,0,0,0,0,0,,,,,,,,,,,,,,complete
sieve-opt,unwind,signal,argument_windows_restored,,0,0,0,0,0,0,,,,,,,,,,,,,,complete
sieve-opt,unwind,signal,argument_slots_restored,,0,0,0,0,0,0,,,,,,,,,,,,,,complete
sieve-opt,unwind,signal,interrupted_native_windows_restored,,0,0,0,0,0,0,,,,,,,,,,,,,,complete
sieve-opt,unwind,signal,interrupted_native_slots_restored,,0,0,0,0,0,0,,,,,,,,,,,,,,complete
sieve-opt,unwind,signal,restoration_failures,,0,0,0,0,0,0,,,,,,,,,,,,,,complete
sieve-opt,call,awfy_sieve.main,external_root,0,1,0,0,0,0,0,1,,,,benchmark_awfy_sieve_opt,procedure,,,fresh,success,0,0,0,complete
permute-noopt,census,call_path,direct_bytecode,,937000,0,0,0,0,0,,,,,,,,,,,,,,complete
permute-noopt,census,call_path,direct_native,,0,0,0,0,0,0,,,,,,,,,,,,,,complete
permute-noopt,census,call_path,dynamic_bytecode,,0,0,0,0,0,0,,,,,,,,,,,,,,complete
permute-noopt,census,call_path,dynamic_native,,0,0,0,0,0,0,,,,,,,,,,,,,,complete
permute-noopt,census,call_path,external_root,,1,0,0,0,0,0,,,,,,,,,,,,,,complete
permute-noopt,census,call_path,signal_bytecode,,0,0,0,0,0,0,,,,,,,,,,,,,,complete
permute-noopt,census,call_path,signal_native,,0,0,0,0,0,0,,,,,,,,,,,,,,complete
permute-noopt,census,arity,1,,51,0,0,0,0,0,,,,,,,,,,,,,,complete
permute-noopt,census,arity,0,,50,0,0,0,0,0,,,,,,,,,,,,,,complete
permute-noopt,census,arity,2,,433000,0,0,0,0,0,,,,,,,,,,,,,,complete
permute-noopt,census,arity,3,,503900,0,0,0,0,0,,,,,,,,,,,,,,complete
permute-noopt,census,callable_kind,procedure,,1,0,0,0,0,0,,,,,,,,,,,,,,complete
permute-noopt,census,callable_kind,method,,936950,0,0,0,0,0,,,,,,,,,,,,,,complete
permute-noopt,census,callable_kind,factory,,50,0,0,0,0,0,,,,,,,,,,,,,,complete
permute-noopt,census,callable_kind,native,,0,0,0,0,0,0,,,,,,,,,,,,,,complete
permute-noopt,census,callable_kind,unknown,,0,0,0,0,0,0,,,,,,,,,,,,,,complete
permute-noopt,census,frame_disposition,fresh,,11,0,0,0,0,0,,,,,,,,,,,,,,complete
permute-noopt,census,frame_disposition,reused,,936990,0,0,0,0,0,,,,,,,,,,,,,,complete
permute-noopt,census,frame_disposition,no_child_native,,0,0,0,0,0,0,,,,,,,,,,,,,,complete
permute-noopt,census,frame_disposition,none_failed,,0,0,0,0,0,0,,,,,,,,,,,,,,complete
permute-noopt,census,call_outcome,success,,937001,0,0,0,0,0,,,,,,,,,,,,,,complete
permute-noopt,census,call_outcome,unresolved,,0,0,0,0,0,0,,,,,,,,,,,,,,complete
permute-noopt,census,call_outcome,frame_failed,,0,0,0,0,0,0,,,,,,,,,,,,,,complete
permute-noopt,census,call_outcome,invalid,,0,0,0,0,0,0,,,,,,,,,,,,,,complete
permute-noopt,return,placement,void,,936900,0,0,0,0,0,,,,,,,,,,,,,,complete
permute-noopt,return,placement,ret_reg_move_local,,50,0,0,0,0,0,,,,,,,,,,,,,,complete
permute-noopt,return,placement,ret_reg_copy_nonlocal,,50,0,0,0,0,0,,,,,,,,,,,,,,complete
permute-noopt,return,placement,value_ignored,,0,0,0,0,0,0,,,,,,,,,,,,,,complete
permute-noopt,return,placement,immediate,,0,0,0,0,0,0,,,,,,,,,,,,,,complete
permute-noopt,return,placement,terminal_external,,1,0,0,0,0,0,,,,,,,,,,,,,,complete
permute-noopt,dynamic,srcmethodsel,attempt,,0,0,0,0,0,0,,,,,,,,,,,,,,complete
permute-noopt,dynamic,srcmethodsel,success,,0,0,0,0,0,0,,,,,,,,,,,,,,complete
permute-noopt,dynamic,srcmethodsel,failure,,0,0,0,0,0,0,,,,,,,,,,,,,,complete
permute-noopt,dynamic,srcfprocsel,attempt,,0,0,0,0,0,0,,,,,,,,,,,,,,complete
permute-noopt,dynamic,srcfprocsel,success,,0,0,0,0,0,0,,,,,,,,,,,,,,complete
permute-noopt,dynamic,srcfprocsel,failure,,0,0,0,0,0,0,,,,,,,,,,,,,,complete
permute-noopt,mechanics,call_window,setup_swaps,,2377700,0,0,0,0,0,,,,,,,,,,,,,,complete
permute-noopt,mechanics,call_window,normal_restoration_swaps,,2377700,0,0,0,0,0,,,,,,,,,,,,,,complete
permute-noopt,mechanics,call_window,unclassified_swaps,,0,0,0,0,0,0,,,,,,,,,,,,,,complete
permute-noopt,mechanics,call_window,defensive_argument_copies,,0,0,0,0,0,0,,,,,,,,,,,,,,complete
permute-noopt,mechanics,call_window,unclassified_copies,,1,0,0,0,0,0,,,,,,,,,,,,,,complete
permute-noopt,mechanics,call_window,attribution_degraded,,0,0,0,0,0,0,,,,,,,,,,,,,,complete
permute-noopt,unwind,signal,events,,0,0,0,0,0,0,,,,,,,,,,,,,,complete
permute-noopt,unwind,signal,bytecode_frames_discarded,,0,0,0,0,0,0,,,,,,,,,,,,,,complete
permute-noopt,unwind,signal,argument_windows_restored,,0,0,0,0,0,0,,,,,,,,,,,,,,complete
permute-noopt,unwind,signal,argument_slots_restored,,0,0,0,0,0,0,,,,,,,,,,,,,,complete
permute-noopt,unwind,signal,interrupted_native_windows_restored,,0,0,0,0,0,0,,,,,,,,,,,,,,complete
permute-noopt,unwind,signal,interrupted_native_slots_restored,,0,0,0,0,0,0,,,,,,,,,,,,,,complete
permute-noopt,unwind,signal,restoration_failures,,0,0,0,0,0,0,,,,,,,,,,,,,,complete
permute-noopt,call,awfy_permute.main,external_root,0,1,0,0,0,0,0,1,,,,benchmark_awfy_permute_noopt,procedure,,,fresh,success,0,0,0,complete
permute-noopt,call,awfy_permute.permutebenchmark.§factory,direct_bytecode,88,1,0,0,0,0,0,0,,,,benchmark_awfy_permute_noopt,factory,,,fresh,success,0,0,0,complete
permute-noopt,call,awfy_permute.permutebenchmark.run,direct_bytecode,101,1,0,0,0,0,0,1,,,,benchmark_awfy_permute_noopt,method,,,fresh,success,1,1,0,complete
permute-noopt,call,awfy_permute.permutebenchmark.permute,direct_bytecode,247,1,0,0,0,0,0,2,,,,benchmark_awfy_permute_noopt,method,,,fresh,success,1,1,0,complete
permute-noopt,call,awfy_permute.permutebenchmark.permute,direct_bytecode,314,6,0,0,0,0,0,2,,,,benchmark_awfy_permute_noopt,method,,,fresh,success,12,12,0,complete
permute-noopt,call,awfy_permute.permutebenchmark.swap,direct_bytecode,374,1,0,0,0,0,0,3,,,,benchmark_awfy_permute_noopt,method,,,fresh,success,3,3,0,complete
permute-noopt,call,awfy_permute.permutebenchmark.permute,direct_bytecode,399,251950,0,0,0,0,0,2,,,,benchmark_awfy_permute_noopt,method,,,reused,success,503900,503900,0,complete
permute-noopt,call,awfy_permute.permutebenchmark.swap,direct_bytecode,424,251950,0,0,0,0,0,3,,,,benchmark_awfy_permute_noopt,method,,,reused,success,755850,755850,0,complete
permute-noopt,call,awfy_permute.permutebenchmark.swap,direct_bytecode,374,251949,0,0,0,0,0,3,,,,benchmark_awfy_permute_noopt,method,,,reused,success,755847,755847,0,complete
permute-noopt,call,awfy_permute.permutebenchmark.permute,direct_bytecode,314,180994,0,0,0,0,0,2,,,,benchmark_awfy_permute_noopt,method,,,reused,success,361988,361988,0,complete
permute-noopt,call,awfy_permute.permutebenchmark.§factory,direct_bytecode,88,49,0,0,0,0,0,0,,,,benchmark_awfy_permute_noopt,factory,,,reused,success,0,0,0,complete
permute-noopt,call,awfy_permute.permutebenchmark.run,direct_bytecode,101,49,0,0,0,0,0,1,,,,benchmark_awfy_permute_noopt,method,,,reused,success,49,49,0,complete
permute-noopt,call,awfy_permute.permutebenchmark.permute,direct_bytecode,247,49,0,0,0,0,0,2,,,,benchmark_awfy_permute_noopt,method,,,reused,success,49,49,0,complete
permute-opt,census,call_path,direct_bytecode,,432950,0,0,0,0,0,,,,,,,,,,,,,,complete
permute-opt,census,call_path,direct_native,,0,0,0,0,0,0,,,,,,,,,,,,,,complete
permute-opt,census,call_path,dynamic_bytecode,,0,0,0,0,0,0,,,,,,,,,,,,,,complete
permute-opt,census,call_path,dynamic_native,,0,0,0,0,0,0,,,,,,,,,,,,,,complete
permute-opt,census,call_path,external_root,,1,0,0,0,0,0,,,,,,,,,,,,,,complete
permute-opt,census,call_path,signal_bytecode,,0,0,0,0,0,0,,,,,,,,,,,,,,complete
permute-opt,census,call_path,signal_native,,0,0,0,0,0,0,,,,,,,,,,,,,,complete
permute-opt,census,arity,1,,1,0,0,0,0,0,,,,,,,,,,,,,,complete
permute-opt,census,arity,2,,432950,0,0,0,0,0,,,,,,,,,,,,,,complete
permute-opt,census,callable_kind,procedure,,1,0,0,0,0,0,,,,,,,,,,,,,,complete
permute-opt,census,callable_kind,method,,432950,0,0,0,0,0,,,,,,,,,,,,,,complete
permute-opt,census,callable_kind,factory,,0,0,0,0,0,0,,,,,,,,,,,,,,complete
permute-opt,census,callable_kind,native,,0,0,0,0,0,0,,,,,,,,,,,,,,complete
permute-opt,census,callable_kind,unknown,,0,0,0,0,0,0,,,,,,,,,,,,,,complete
permute-opt,census,frame_disposition,fresh,,7,0,0,0,0,0,,,,,,,,,,,,,,complete
permute-opt,census,frame_disposition,reused,,432944,0,0,0,0,0,,,,,,,,,,,,,,complete
permute-opt,census,frame_disposition,no_child_native,,0,0,0,0,0,0,,,,,,,,,,,,,,complete
permute-opt,census,frame_disposition,none_failed,,0,0,0,0,0,0,,,,,,,,,,,,,,complete
permute-opt,census,call_outcome,success,,432951,0,0,0,0,0,,,,,,,,,,,,,,complete
permute-opt,census,call_outcome,unresolved,,0,0,0,0,0,0,,,,,,,,,,,,,,complete
permute-opt,census,call_outcome,frame_failed,,0,0,0,0,0,0,,,,,,,,,,,,,,complete
permute-opt,census,call_outcome,invalid,,0,0,0,0,0,0,,,,,,,,,,,,,,complete
permute-opt,return,placement,void,,432950,0,0,0,0,0,,,,,,,,,,,,,,complete
permute-opt,return,placement,ret_reg_move_local,,0,0,0,0,0,0,,,,,,,,,,,,,,complete
permute-opt,return,placement,ret_reg_copy_nonlocal,,0,0,0,0,0,0,,,,,,,,,,,,,,complete
permute-opt,return,placement,value_ignored,,0,0,0,0,0,0,,,,,,,,,,,,,,complete
permute-opt,return,placement,immediate,,0,0,0,0,0,0,,,,,,,,,,,,,,complete
permute-opt,return,placement,terminal_external,,1,0,0,0,0,0,,,,,,,,,,,,,,complete
permute-opt,dynamic,srcmethodsel,attempt,,0,0,0,0,0,0,,,,,,,,,,,,,,complete
permute-opt,dynamic,srcmethodsel,success,,0,0,0,0,0,0,,,,,,,,,,,,,,complete
permute-opt,dynamic,srcmethodsel,failure,,0,0,0,0,0,0,,,,,,,,,,,,,,complete
permute-opt,dynamic,srcfprocsel,attempt,,0,0,0,0,0,0,,,,,,,,,,,,,,complete
permute-opt,dynamic,srcfprocsel,success,,0,0,0,0,0,0,,,,,,,,,,,,,,complete
permute-opt,dynamic,srcfprocsel,failure,,0,0,0,0,0,0,,,,,,,,,,,,,,complete
permute-opt,mechanics,call_window,setup_swaps,,865550,0,0,0,0,0,,,,,,,,,,,,,,complete
permute-opt,mechanics,call_window,normal_restoration_swaps,,865550,0,0,0,0,0,,,,,,,,,,,,,,complete
permute-opt,mechanics,call_window,unclassified_swaps,,0,0,0,0,0,0,,,,,,,,,,,,,,complete
permute-opt,mechanics,call_window,defensive_argument_copies,,252000,0,0,0,0,0,,,,,,,,,,,,,,complete
permute-opt,mechanics,call_window,unclassified_copies,,756101,0,0,0,0,0,,,,,,,,,,,,,,complete
permute-opt,mechanics,call_window,attribution_degraded,,0,0,0,0,0,0,,,,,,,,,,,,,,complete
permute-opt,unwind,signal,events,,0,0,0,0,0,0,,,,,,,,,,,,,,complete
permute-opt,unwind,signal,bytecode_frames_discarded,,0,0,0,0,0,0,,,,,,,,,,,,,,complete
permute-opt,unwind,signal,argument_windows_restored,,0,0,0,0,0,0,,,,,,,,,,,,,,complete
permute-opt,unwind,signal,argument_slots_restored,,0,0,0,0,0,0,,,,,,,,,,,,,,complete
permute-opt,unwind,signal,interrupted_native_windows_restored,,0,0,0,0,0,0,,,,,,,,,,,,,,complete
permute-opt,unwind,signal,interrupted_native_slots_restored,,0,0,0,0,0,0,,,,,,,,,,,,,,complete
permute-opt,unwind,signal,restoration_failures,,0,0,0,0,0,0,,,,,,,,,,,,,,complete
permute-opt,call,awfy_permute.main,external_root,0,1,0,0,0,0,0,1,,,,benchmark_awfy_permute_opt,procedure,,,fresh,success,0,0,0,complete
permute-opt,call,awfy_permute.permutebenchmark.permute,direct_bytecode,152,1,0,0,0,0,0,2,,,,benchmark_awfy_permute_opt,method,,,fresh,success,1,1,1,complete
permute-opt,call,awfy_permute.permutebenchmark.permute,direct_bytecode,824,5,0,0,0,0,0,2,,,,benchmark_awfy_permute_opt,method,,,fresh,success,10,10,0,complete
permute-opt,call,awfy_permute.permutebenchmark.permute,direct_bytecode,959,251650,0,0,0,0,0,2,,,,benchmark_awfy_permute_opt,method,,,reused,success,503300,503300,251650,complete
permute-opt,call,awfy_permute.permutebenchmark.permute,direct_bytecode,824,180945,0,0,0,0,0,2,,,,benchmark_awfy_permute_opt,method,,,reused,success,361890,361890,0,complete
permute-opt,call,awfy_permute.permutebenchmark.permute,direct_bytecode,273,300,0,0,0,0,0,2,,,,benchmark_awfy_permute_opt,method,,,reused,success,300,300,300,complete
permute-opt,call,awfy_permute.permutebenchmark.permute,direct_bytecode,152,49,0,0,0,0,0,2,,,,benchmark_awfy_permute_opt,method,,,reused,success,49,49,49,complete
mandelbrot-noopt,census,call_path,direct_bytecode,,1,0,0,0,0,0,,,,,,,,,,,,,,complete
mandelbrot-noopt,census,call_path,direct_native,,0,0,0,0,0,0,,,,,,,,,,,,,,complete
mandelbrot-noopt,census,call_path,dynamic_bytecode,,0,0,0,0,0,0,,,,,,,,,,,,,,complete
mandelbrot-noopt,census,call_path,dynamic_native,,0,0,0,0,0,0,,,,,,,,,,,,,,complete
mandelbrot-noopt,census,call_path,external_root,,1,0,0,0,0,0,,,,,,,,,,,,,,complete
mandelbrot-noopt,census,call_path,signal_bytecode,,0,0,0,0,0,0,,,,,,,,,,,,,,complete
mandelbrot-noopt,census,call_path,signal_native,,0,0,0,0,0,0,,,,,,,,,,,,,,complete
mandelbrot-noopt,census,arity,1,,2,0,0,0,0,0,,,,,,,,,,,,,,complete
mandelbrot-noopt,census,callable_kind,procedure,,2,0,0,0,0,0,,,,,,,,,,,,,,complete
mandelbrot-noopt,census,callable_kind,method,,0,0,0,0,0,0,,,,,,,,,,,,,,complete
mandelbrot-noopt,census,callable_kind,factory,,0,0,0,0,0,0,,,,,,,,,,,,,,complete
mandelbrot-noopt,census,callable_kind,native,,0,0,0,0,0,0,,,,,,,,,,,,,,complete
mandelbrot-noopt,census,callable_kind,unknown,,0,0,0,0,0,0,,,,,,,,,,,,,,complete
mandelbrot-noopt,census,frame_disposition,fresh,,2,0,0,0,0,0,,,,,,,,,,,,,,complete
mandelbrot-noopt,census,frame_disposition,reused,,0,0,0,0,0,0,,,,,,,,,,,,,,complete
mandelbrot-noopt,census,frame_disposition,no_child_native,,0,0,0,0,0,0,,,,,,,,,,,,,,complete
mandelbrot-noopt,census,frame_disposition,none_failed,,0,0,0,0,0,0,,,,,,,,,,,,,,complete
mandelbrot-noopt,census,call_outcome,success,,2,0,0,0,0,0,,,,,,,,,,,,,,complete
mandelbrot-noopt,census,call_outcome,unresolved,,0,0,0,0,0,0,,,,,,,,,,,,,,complete
mandelbrot-noopt,census,call_outcome,frame_failed,,0,0,0,0,0,0,,,,,,,,,,,,,,complete
mandelbrot-noopt,census,call_outcome,invalid,,0,0,0,0,0,0,,,,,,,,,,,,,,complete
mandelbrot-noopt,return,placement,void,,0,0,0,0,0,0,,,,,,,,,,,,,,complete
mandelbrot-noopt,return,placement,ret_reg_move_local,,1,0,0,0,0,0,,,,,,,,,,,,,,complete
mandelbrot-noopt,return,placement,ret_reg_copy_nonlocal,,0,0,0,0,0,0,,,,,,,,,,,,,,complete
mandelbrot-noopt,return,placement,value_ignored,,0,0,0,0,0,0,,,,,,,,,,,,,,complete
mandelbrot-noopt,return,placement,immediate,,0,0,0,0,0,0,,,,,,,,,,,,,,complete
mandelbrot-noopt,return,placement,terminal_external,,1,0,0,0,0,0,,,,,,,,,,,,,,complete
mandelbrot-noopt,dynamic,srcmethodsel,attempt,,0,0,0,0,0,0,,,,,,,,,,,,,,complete
mandelbrot-noopt,dynamic,srcmethodsel,success,,0,0,0,0,0,0,,,,,,,,,,,,,,complete
mandelbrot-noopt,dynamic,srcmethodsel,failure,,0,0,0,0,0,0,,,,,,,,,,,,,,complete
mandelbrot-noopt,dynamic,srcfprocsel,attempt,,0,0,0,0,0,0,,,,,,,,,,,,,,complete
mandelbrot-noopt,dynamic,srcfprocsel,success,,0,0,0,0,0,0,,,,,,,,,,,,,,complete
mandelbrot-noopt,dynamic,srcfprocsel,failure,,0,0,0,0,0,0,,,,,,,,,,,,,,complete
mandelbrot-noopt,mechanics,call_window,setup_swaps,,1,0,0,0,0,0,,,,,,,,,,,,,,complete
mandelbrot-noopt,mechanics,call_window,normal_restoration_swaps,,1,0,0,0,0,0,,,,,,,,,,,,,,complete
mandelbrot-noopt,mechanics,call_window,unclassified_swaps,,0,0,0,0,0,0,,,,,,,,,,,,,,complete
mandelbrot-noopt,mechanics,call_window,defensive_argument_copies,,0,0,0,0,0,0,,,,,,,,,,,,,,complete
mandelbrot-noopt,mechanics,call_window,unclassified_copies,,1,0,0,0,0,0,,,,,,,,,,,,,,complete
mandelbrot-noopt,mechanics,call_window,attribution_degraded,,0,0,0,0,0,0,,,,,,,,,,,,,,complete
mandelbrot-noopt,unwind,signal,events,,0,0,0,0,0,0,,,,,,,,,,,,,,complete
mandelbrot-noopt,unwind,signal,bytecode_frames_discarded,,0,0,0,0,0,0,,,,,,,,,,,,,,complete
mandelbrot-noopt,unwind,signal,argument_windows_restored,,0,0,0,0,0,0,,,,,,,,,,,,,,complete
mandelbrot-noopt,unwind,signal,argument_slots_restored,,0,0,0,0,0,0,,,,,,,,,,,,,,complete
mandelbrot-noopt,unwind,signal,interrupted_native_windows_restored,,0,0,0,0,0,0,,,,,,,,,,,,,,complete
mandelbrot-noopt,unwind,signal,interrupted_native_slots_restored,,0,0,0,0,0,0,,,,,,,,,,,,,,complete
mandelbrot-noopt,unwind,signal,restoration_failures,,0,0,0,0,0,0,,,,,,,,,,,,,,complete
mandelbrot-noopt,call,awfy_mandelbrot.main,external_root,0,1,0,0,0,0,0,1,,,,benchmark_awfy_mandelbrot_noopt,procedure,,,fresh,success,0,0,0,complete
mandelbrot-noopt,call,awfy_mandelbrot.mandelbrot,direct_bytecode,78,1,0,0,0,0,0,1,,,,benchmark_awfy_mandelbrot_noopt,procedure,,,fresh,success,1,1,0,complete
mandelbrot-opt,census,call_path,direct_bytecode,,0,0,0,0,0,0,,,,,,,,,,,,,,complete
mandelbrot-opt,census,call_path,direct_native,,0,0,0,0,0,0,,,,,,,,,,,,,,complete
mandelbrot-opt,census,call_path,dynamic_bytecode,,0,0,0,0,0,0,,,,,,,,,,,,,,complete
mandelbrot-opt,census,call_path,dynamic_native,,0,0,0,0,0,0,,,,,,,,,,,,,,complete
mandelbrot-opt,census,call_path,external_root,,1,0,0,0,0,0,,,,,,,,,,,,,,complete
mandelbrot-opt,census,call_path,signal_bytecode,,0,0,0,0,0,0,,,,,,,,,,,,,,complete
mandelbrot-opt,census,call_path,signal_native,,0,0,0,0,0,0,,,,,,,,,,,,,,complete
mandelbrot-opt,census,arity,1,,1,0,0,0,0,0,,,,,,,,,,,,,,complete
mandelbrot-opt,census,callable_kind,procedure,,1,0,0,0,0,0,,,,,,,,,,,,,,complete
mandelbrot-opt,census,callable_kind,method,,0,0,0,0,0,0,,,,,,,,,,,,,,complete
mandelbrot-opt,census,callable_kind,factory,,0,0,0,0,0,0,,,,,,,,,,,,,,complete
mandelbrot-opt,census,callable_kind,native,,0,0,0,0,0,0,,,,,,,,,,,,,,complete
mandelbrot-opt,census,callable_kind,unknown,,0,0,0,0,0,0,,,,,,,,,,,,,,complete
mandelbrot-opt,census,frame_disposition,fresh,,1,0,0,0,0,0,,,,,,,,,,,,,,complete
mandelbrot-opt,census,frame_disposition,reused,,0,0,0,0,0,0,,,,,,,,,,,,,,complete
mandelbrot-opt,census,frame_disposition,no_child_native,,0,0,0,0,0,0,,,,,,,,,,,,,,complete
mandelbrot-opt,census,frame_disposition,none_failed,,0,0,0,0,0,0,,,,,,,,,,,,,,complete
mandelbrot-opt,census,call_outcome,success,,1,0,0,0,0,0,,,,,,,,,,,,,,complete
mandelbrot-opt,census,call_outcome,unresolved,,0,0,0,0,0,0,,,,,,,,,,,,,,complete
mandelbrot-opt,census,call_outcome,frame_failed,,0,0,0,0,0,0,,,,,,,,,,,,,,complete
mandelbrot-opt,census,call_outcome,invalid,,0,0,0,0,0,0,,,,,,,,,,,,,,complete
mandelbrot-opt,return,placement,void,,0,0,0,0,0,0,,,,,,,,,,,,,,complete
mandelbrot-opt,return,placement,ret_reg_move_local,,0,0,0,0,0,0,,,,,,,,,,,,,,complete
mandelbrot-opt,return,placement,ret_reg_copy_nonlocal,,0,0,0,0,0,0,,,,,,,,,,,,,,complete
mandelbrot-opt,return,placement,value_ignored,,0,0,0,0,0,0,,,,,,,,,,,,,,complete
mandelbrot-opt,return,placement,immediate,,0,0,0,0,0,0,,,,,,,,,,,,,,complete
mandelbrot-opt,return,placement,terminal_external,,1,0,0,0,0,0,,,,,,,,,,,,,,complete
mandelbrot-opt,dynamic,srcmethodsel,attempt,,0,0,0,0,0,0,,,,,,,,,,,,,,complete
mandelbrot-opt,dynamic,srcmethodsel,success,,0,0,0,0,0,0,,,,,,,,,,,,,,complete
mandelbrot-opt,dynamic,srcmethodsel,failure,,0,0,0,0,0,0,,,,,,,,,,,,,,complete
mandelbrot-opt,dynamic,srcfprocsel,attempt,,0,0,0,0,0,0,,,,,,,,,,,,,,complete
mandelbrot-opt,dynamic,srcfprocsel,success,,0,0,0,0,0,0,,,,,,,,,,,,,,complete
mandelbrot-opt,dynamic,srcfprocsel,failure,,0,0,0,0,0,0,,,,,,,,,,,,,,complete
mandelbrot-opt,mechanics,call_window,setup_swaps,,0,0,0,0,0,0,,,,,,,,,,,,,,complete
mandelbrot-opt,mechanics,call_window,normal_restoration_swaps,,0,0,0,0,0,0,,,,,,,,,,,,,,complete
mandelbrot-opt,mechanics,call_window,unclassified_swaps,,0,0,0,0,0,0,,,,,,,,,,,,,,complete
mandelbrot-opt,mechanics,call_window,defensive_argument_copies,,0,0,0,0,0,0,,,,,,,,,,,,,,complete
mandelbrot-opt,mechanics,call_window,unclassified_copies,,1,0,0,0,0,0,,,,,,,,,,,,,,complete
mandelbrot-opt,mechanics,call_window,attribution_degraded,,0,0,0,0,0,0,,,,,,,,,,,,,,complete
mandelbrot-opt,unwind,signal,events,,0,0,0,0,0,0,,,,,,,,,,,,,,complete
mandelbrot-opt,unwind,signal,bytecode_frames_discarded,,0,0,0,0,0,0,,,,,,,,,,,,,,complete
mandelbrot-opt,unwind,signal,argument_windows_restored,,0,0,0,0,0,0,,,,,,,,,,,,,,complete
mandelbrot-opt,unwind,signal,argument_slots_restored,,0,0,0,0,0,0,,,,,,,,,,,,,,complete
mandelbrot-opt,unwind,signal,interrupted_native_windows_restored,,0,0,0,0,0,0,,,,,,,,,,,,,,complete
mandelbrot-opt,unwind,signal,interrupted_native_slots_restored,,0,0,0,0,0,0,,,,,,,,,,,,,,complete
mandelbrot-opt,unwind,signal,restoration_failures,,0,0,0,0,0,0,,,,,,,,,,,,,,complete
mandelbrot-opt,call,awfy_mandelbrot.main,external_root,0,1,0,0,0,0,0,1,,,,benchmark_awfy_mandelbrot_opt,procedure,,,fresh,success,0,0,0,complete
towers-noopt,census,call_path,direct_bytecode,,737610,0,0,0,0,0,,,,,,,,,,,,,,complete
towers-noopt,census,call_path,direct_native,,0,0,0,0,0,0,,,,,,,,,,,,,,complete
towers-noopt,census,call_path,dynamic_bytecode,,0,0,0,0,0,0,,,,,,,,,,,,,,complete
towers-noopt,census,call_path,dynamic_native,,0,0,0,0,0,0,,,,,,,,,,,,,,complete
towers-noopt,census,call_path,external_root,,1,0,0,0,0,0,,,,,,,,,,,,,,complete
towers-noopt,census,call_path,signal_bytecode,,0,0,0,0,0,0,,,,,,,,,,,,,,complete
towers-noopt,census,call_path,signal_native,,0,0,0,0,0,0,,,,,,,,,,,,,,complete
towers-noopt,census,arity,1,,328011,0,0,0,0,0,,,,,,,,,,,,,,complete
towers-noopt,census,arity,0,,10,0,0,0,0,0,,,,,,,,,,,,,,complete
towers-noopt,census,arity,3,,163970,0,0,0,0,0,,,,,,,,,,,,,,complete
towers-noopt,census,arity,2,,163710,0,0,0,0,0,,,,,,,,,,,,,,complete
towers-noopt,census,arity,4,,81910,0,0,0,0,0,,,,,,,,,,,,,,complete
towers-noopt,census,callable_kind,procedure,,1,0,0,0,0,0,,,,,,,,,,,,,,complete
towers-noopt,census,callable_kind,method,,737460,0,0,0,0,0,,,,,,,,,,,,,,complete
towers-noopt,census,callable_kind,factory,,150,0,0,0,0,0,,,,,,,,,,,,,,complete
towers-noopt,census,callable_kind,native,,0,0,0,0,0,0,,,,,,,,,,,,,,complete
towers-noopt,census,callable_kind,unknown,,0,0,0,0,0,0,,,,,,,,,,,,,,complete
towers-noopt,census,frame_disposition,fresh,,25,0,0,0,0,0,,,,,,,,,,,,,,complete
towers-noopt,census,frame_disposition,reused,,737586,0,0,0,0,0,,,,,,,,,,,,,,complete
towers-noopt,census,frame_disposition,no_child_native,,0,0,0,0,0,0,,,,,,,,,,,,,,complete
towers-noopt,census,frame_disposition,none_failed,,0,0,0,0,0,0,,,,,,,,,,,,,,complete
towers-noopt,census,call_outcome,success,,737611,0,0,0,0,0,,,,,,,,,,,,,,complete
towers-noopt,census,call_outcome,unresolved,,0,0,0,0,0,0,,,,,,,,,,,,,,complete
towers-noopt,census,call_outcome,frame_failed,,0,0,0,0,0,0,,,,,,,,,,,,,,complete
towers-noopt,census,call_outcome,invalid,,0,0,0,0,0,0,,,,,,,,,,,,,,complete
towers-noopt,return,placement,void,,327680,0,0,0,0,0,,,,,,,,,,,,,,complete
towers-noopt,return,placement,ret_reg_move_local,,163970,0,0,0,0,0,,,,,,,,,,,,,,complete
towers-noopt,return,placement,ret_reg_copy_nonlocal,,245960,0,0,0,0,0,,,,,,,,,,,,,,complete
towers-noopt,return,placement,value_ignored,,0,0,0,0,0,0,,,,,,,,,,,,,,complete
towers-noopt,return,placement,immediate,,0,0,0,0,0,0,,,,,,,,,,,,,,complete
towers-noopt,return,placement,terminal_external,,1,0,0,0,0,0,,,,,,,,,,,,,,complete
towers-noopt,dynamic,srcmethodsel,attempt,,0,0,0,0,0,0,,,,,,,,,,,,,,complete
towers-noopt,dynamic,srcmethodsel,success,,0,0,0,0,0,0,,,,,,,,,,,,,,complete
towers-noopt,dynamic,srcmethodsel,failure,,0,0,0,0,0,0,,,,,,,,,,,,,,complete
towers-noopt,dynamic,srcfprocsel,attempt,,0,0,0,0,0,0,,,,,,,,,,,,,,complete
towers-noopt,dynamic,srcfprocsel,success,,0,0,0,0,0,0,,,,,,,,,,,,,,complete
towers-noopt,dynamic,srcfprocsel,failure,,0,0,0,0,0,0,,,,,,,,,,,,,,complete
towers-noopt,mechanics,call_window,setup_swaps,,1393030,0,0,0,0,0,,,,,,,,,,,,,,complete
towers-noopt,mechanics,call_window,normal_restoration_swaps,,1393030,0,0,0,0,0,,,,,,,,,,,,,,complete
towers-noopt,mechanics,call_window,unclassified_swaps,,0,0,0,0,0,0,,,,,,,,,,,,,,complete
towers-noopt,mechanics,call_window,defensive_argument_copies,,27300,0,0,0,0,0,,,,,,,,,,,,,,complete
towers-noopt,mechanics,call_window,unclassified_copies,,545881,0,0,0,0,0,,,,,,,,,,,,,,complete
towers-noopt,mechanics,call_window,attribution_degraded,,0,0,0,0,0,0,,,,,,,,,,,,,,complete
towers-noopt,unwind,signal,events,,0,0,0,0,0,0,,,,,,,,,,,,,,complete
towers-noopt,unwind,signal,bytecode_frames_discarded,,0,0,0,0,0,0,,,,,,,,,,,,,,complete
towers-noopt,unwind,signal,argument_windows_restored,,0,0,0,0,0,0,,,,,,,,,,,,,,complete
towers-noopt,unwind,signal,argument_slots_restored,,0,0,0,0,0,0,,,,,,,,,,,,,,complete
towers-noopt,unwind,signal,interrupted_native_windows_restored,,0,0,0,0,0,0,,,,,,,,,,,,,,complete
towers-noopt,unwind,signal,interrupted_native_slots_restored,,0,0,0,0,0,0,,,,,,,,,,,,,,complete
towers-noopt,unwind,signal,restoration_failures,,0,0,0,0,0,0,,,,,,,,,,,,,,complete
towers-noopt,call,awfy_towers.main,external_root,0,1,0,0,0,0,0,1,,,,benchmark_awfy_towers_noopt,procedure,,,fresh,success,0,0,0,complete
towers-noopt,call,awfy_towers.towersbenchmark.§factory,direct_bytecode,88,1,0,0,0,0,0,0,,,,benchmark_awfy_towers_noopt,factory,,,fresh,success,0,0,0,complete
towers-noopt,call,awfy_towers.towersbenchmark.run,direct_bytecode,101,1,0,0,0,0,0,1,,,,benchmark_awfy_towers_noopt,method,,,fresh,success,1,1,0,complete
towers-noopt,call,awfy_towers.towersbenchmark.buildtowerat,direct_bytecode,412,1,0,0,0,0,0,3,,,,benchmark_awfy_towers_noopt,method,,,fresh,success,1,1,0,complete
towers-noopt,call,awfy_towers.towersdisk.§factory,direct_bytecode,1053,1,0,0,0,0,0,1,,,,benchmark_awfy_towers_noopt,factory,,,fresh,success,1,1,0,complete
towers-noopt,call,awfy_towers.towersbenchmark.pushdisk,direct_bytecode,1078,1,0,0,0,0,0,3,,,,benchmark_awfy_towers_noopt,method,,,fresh,success,3,3,0,complete
towers-noopt,call,awfy_towers.towersdisk.§factory,direct_bytecode,1053,139,0,0,0,0,0,1,,,,benchmark_awfy_towers_noopt,factory,,,reused,success,139,139,0,complete
towers-noopt,call,awfy_towers.towersbenchmark.pushdisk,direct_bytecode,1078,139,0,0,0,0,0,3,,,,benchmark_awfy_towers_noopt,method,,,reused,success,417,417,0,complete
towers-noopt,call,awfy_towers.towersdisk.size,direct_bytecode,575,1,0,0,0,0,0,1,,,,benchmark_awfy_towers_noopt,method,,,fresh,success,1,1,0,complete
towers-noopt,call,awfy_towers.towersdisk.size,direct_bytecode,591,82020,0,0,0,0,0,1,,,,benchmark_awfy_towers_noopt,method,,,reused,success,82020,82020,0,complete
towers-noopt,call,awfy_towers.towersdisk.setnext,direct_bytecode,621,1,0,0,0,0,0,2,,,,benchmark_awfy_towers_noopt,method,,,fresh,success,2,2,0,complete
towers-noopt,call,awfy_towers.towersdisk.size,direct_bytecode,575,82019,0,0,0,0,0,1,,,,benchmark_awfy_towers_noopt,method,,,reused,success,82019,82019,0,complete
towers-noopt,call,awfy_towers.towersdisk.setnext,direct_bytecode,621,81799,0,0,0,0,0,2,,,,benchmark_awfy_towers_noopt,method,,,reused,success,163598,163598,0,complete
towers-noopt,call,awfy_towers.towersbenchmark.movedisks,direct_bytecode,449,1,0,0,0,0,0,4,,,,benchmark_awfy_towers_noopt,method,,,fresh,success,1,1,0,complete
towers-noopt,call,awfy_towers.towersbenchmark.movedisks,direct_bytecode,1178,12,0,0,0,0,0,4,,,,benchmark_awfy_towers_noopt,method,,,fresh,success,36,36,0,complete
towers-noopt,call,awfy_towers.towersbenchmark.movetopdisk,direct_bytecode,1136,1,0,0,0,0,0,3,,,,benchmark_awfy_towers_noopt,method,,,fresh,success,3,3,0,complete
towers-noopt,call,awfy_towers.towersbenchmark.popdiskfrom,direct_bytecode,939,1,0,0,0,0,0,2,,,,benchmark_awfy_towers_noopt,method,,,fresh,success,2,2,0,complete
towers-noopt,call,awfy_towers.towersdisk.hasnext,direct_bytecode,784,1,0,0,0,0,0,1,,,,benchmark_awfy_towers_noopt,method,,,fresh,success,1,1,0,complete
towers-noopt,call,awfy_towers.towersdisk.next,direct_bytecode,803,1,0,0,0,0,0,1,,,,benchmark_awfy_towers_noopt,method,,,fresh,success,1,1,0,complete
towers-noopt,call,awfy_towers.towersbenchmark.pushdisk,direct_bytecode,967,81910,0,0,0,0,0,3,,,,benchmark_awfy_towers_noopt,method,,,reused,success,245730,245730,0,complete
towers-noopt,call,awfy_towers.towersbenchmark.movetopdisk,direct_bytecode,1206,40950,0,0,0,0,0,3,,,,benchmark_awfy_towers_noopt,method,,,reused,success,122850,122850,0,complete
towers-noopt,call,awfy_towers.towersbenchmark.popdiskfrom,direct_bytecode,939,81909,0,0,0,0,0,2,,,,benchmark_awfy_towers_noopt,method,,,reused,success,163818,163818,0,complete
towers-noopt,call,awfy_towers.towersdisk.hasnext,direct_bytecode,784,81909,0,0,0,0,0,1,,,,benchmark_awfy_towers_noopt,method,,,reused,success,81909,81909,27300,complete
towers-noopt,call,awfy_towers.towersdisk.next,direct_bytecode,803,81909,0,0,0,0,0,1,,,,benchmark_awfy_towers_noopt,method,,,reused,success,81909,81909,0,complete
towers-noopt,call,awfy_towers.towersbenchmark.movedisks,direct_bytecode,1238,40950,0,0,0,0,0,4,,,,benchmark_awfy_towers_noopt,method,,,reused,success,122850,122850,0,complete
towers-noopt,call,awfy_towers.towersbenchmark.movetopdisk,direct_bytecode,1136,40959,0,0,0,0,0,3,,,,benchmark_awfy_towers_noopt,method,,,reused,success,122877,122877,0,complete
towers-noopt,call,awfy_towers.towersbenchmark.movedisks,direct_bytecode,1178,40938,0,0,0,0,0,4,,,,benchmark_awfy_towers_noopt,method,,,reused,success,122814,122814,0,complete
towers-noopt,call,awfy_towers.towersbenchmark.§factory,direct_bytecode,88,9,0,0,0,0,0,0,,,,benchmark_awfy_towers_noopt,factory,,,reused,success,0,0,0,complete
towers-noopt,call,awfy_towers.towersbenchmark.run,direct_bytecode,101,9,0,0,0,0,0,1,,,,benchmark_awfy_towers_noopt,method,,,reused,success,9,9,0,complete
towers-noopt,call,awfy_towers.towersbenchmark.buildtowerat,direct_bytecode,412,9,0,0,0,0,0,3,,,,benchmark_awfy_towers_noopt,method,,,reused,success,9,9,0,complete
towers-noopt,call,awfy_towers.towersbenchmark.movedisks,direct_bytecode,449,9,0,0,0,0,0,4,,,,benchmark_awfy_towers_noopt,method,,,reused,success,9,9,0,complete
towers-opt,census,call_path,direct_bytecode,,163950,0,0,0,0,0,,,,,,,,,,,,,,complete
towers-opt,census,call_path,direct_native,,0,0,0,0,0,0,,,,,,,,,,,,,,complete
towers-opt,census,call_path,dynamic_bytecode,,0,0,0,0,0,0,,,,,,,,,,,,,,complete
towers-opt,census,call_path,dynamic_native,,0,0,0,0,0,0,,,,,,,,,,,,,,complete
towers-opt,census,call_path,external_root,,1,0,0,0,0,0,,,,,,,,,,,,,,complete
towers-opt,census,call_path,signal_bytecode,,0,0,0,0,0,0,,,,,,,,,,,,,,complete
towers-opt,census,call_path,signal_native,,0,0,0,0,0,0,,,,,,,,,,,,,,complete
towers-opt,census,arity,1,,1,0,0,0,0,0,,,,,,,,,,,,,,complete
towers-opt,census,arity,3,,82050,0,0,0,0,0,,,,,,,,,,,,,,complete
towers-opt,census,arity,4,,81900,0,0,0,0,0,,,,,,,,,,,,,,complete
towers-opt,census,callable_kind,procedure,,1,0,0,0,0,0,,,,,,,,,,,,,,complete
towers-opt,census,callable_kind,method,,163950,0,0,0,0,0,,,,,,,,,,,,,,complete
towers-opt,census,callable_kind,factory,,0,0,0,0,0,0,,,,,,,,,,,,,,complete
towers-opt,census,callable_kind,native,,0,0,0,0,0,0,,,,,,,,,,,,,,complete
towers-opt,census,callable_kind,unknown,,0,0,0,0,0,0,,,,,,,,,,,,,,complete
towers-opt,census,frame_disposition,fresh,,14,0,0,0,0,0,,,,,,,,,,,,,,complete
towers-opt,census,frame_disposition,reused,,163937,0,0,0,0,0,,,,,,,,,,,,,,complete
towers-opt,census,frame_disposition,no_child_native,,0,0,0,0,0,0,,,,,,,,,,,,,,complete
towers-opt,census,frame_disposition,none_failed,,0,0,0,0,0,0,,,,,,,,,,,,,,complete
towers-opt,census,call_outcome,success,,163951,0,0,0,0,0,,,,,,,,,,,,,,complete
towers-opt,census,call_outcome,unresolved,,0,0,0,0,0,0,,,,,,,,,,,,,,complete
towers-opt,census,call_outcome,frame_failed,,0,0,0,0,0,0,,,,,,,,,,,,,,complete
towers-opt,census,call_outcome,invalid,,0,0,0,0,0,0,,,,,,,,,,,,,,complete
towers-opt,return,placement,void,,163950,0,0,0,0,0,,,,,,,,,,,,,,complete
towers-opt,return,placement,ret_reg_move_local,,0,0,0,0,0,0,,,,,,,,,,,,,,complete
towers-opt,return,placement,ret_reg_copy_nonlocal,,0,0,0,0,0,0,,,,,,,,,,,,,,complete
towers-opt,return,placement,value_ignored,,0,0,0,0,0,0,,,,,,,,,,,,,,complete
towers-opt,return,placement,immediate,,0,0,0,0,0,0,,,,,,,,,,,,,,complete
towers-opt,return,placement,terminal_external,,1,0,0,0,0,0,,,,,,,,,,,,,,complete
towers-opt,dynamic,srcmethodsel,attempt,,0,0,0,0,0,0,,,,,,,,,,,,,,complete
towers-opt,dynamic,srcmethodsel,success,,0,0,0,0,0,0,,,,,,,,,,,,,,complete
towers-opt,dynamic,srcmethodsel,failure,,0,0,0,0,0,0,,,,,,,,,,,,,,complete
towers-opt,dynamic,srcfprocsel,attempt,,0,0,0,0,0,0,,,,,,,,,,,,,,complete
towers-opt,dynamic,srcfprocsel,success,,0,0,0,0,0,0,,,,,,,,,,,,,,complete
towers-opt,dynamic,srcfprocsel,failure,,0,0,0,0,0,0,,,,,,,,,,,,,,complete
towers-opt,mechanics,call_window,setup_swaps,,491660,0,0,0,0,0,,,,,,,,,,,,,,complete
towers-opt,mechanics,call_window,normal_restoration_swaps,,491660,0,0,0,0,0,,,,,,,,,,,,,,complete
towers-opt,mechanics,call_window,unclassified_swaps,,0,0,0,0,0,0,,,,,,,,,,,,,,complete
towers-opt,mechanics,call_window,defensive_argument_copies,,204920,0,0,0,0,0,,,,,,,,,,,,,,complete
towers-opt,mechanics,call_window,unclassified_copies,,1351401,0,0,0,0,0,,,,,,,,,,,,,,complete
towers-opt,mechanics,call_window,attribution_degraded,,0,0,0,0,0,0,,,,,,,,,,,,,,complete
towers-opt,unwind,signal,events,,0,0,0,0,0,0,,,,,,,,,,,,,,complete
towers-opt,unwind,signal,bytecode_frames_discarded,,0,0,0,0,0,0,,,,,,,,,,,,,,complete
towers-opt,unwind,signal,argument_windows_restored,,0,0,0,0,0,0,,,,,,,,,,,,,,complete
towers-opt,unwind,signal,argument_slots_restored,,0,0,0,0,0,0,,,,,,,,,,,,,,complete
towers-opt,unwind,signal,interrupted_native_windows_restored,,0,0,0,0,0,0,,,,,,,,,,,,,,complete
towers-opt,unwind,signal,interrupted_native_slots_restored,,0,0,0,0,0,0,,,,,,,,,,,,,,complete
towers-opt,unwind,signal,restoration_failures,,0,0,0,0,0,0,,,,,,,,,,,,,,complete
towers-opt,call,awfy_towers.main,external_root,0,1,0,0,0,0,0,1,,,,benchmark_awfy_towers_opt,procedure,,,fresh,success,0,0,0,complete
towers-opt,call,awfy_towers.towersbenchmark.pushdisk,direct_bytecode,212,1,0,0,0,0,0,3,,,,benchmark_awfy_towers_opt,method,,,fresh,success,2,2,1,complete
towers-opt,call,awfy_towers.towersbenchmark.pushdisk,direct_bytecode,212,139,0,0,0,0,0,3,,,,benchmark_awfy_towers_opt,method,,,reused,success,278,278,139,complete
towers-opt,call,awfy_towers.towersbenchmark.movedisks,direct_bytecode,268,1,0,0,0,0,0,4,,,,benchmark_awfy_towers_opt,method,,,fresh,success,1,1,1,complete
towers-opt,call,awfy_towers.towersbenchmark.movedisks,direct_bytecode,2179,11,0,0,0,0,0,4,,,,benchmark_awfy_towers_opt,method,,,fresh,success,33,33,0,complete
towers-opt,call,awfy_towers.towersbenchmark.pushdisk,direct_bytecode,2115,40960,0,0,0,0,0,3,,,,benchmark_awfy_towers_opt,method,,,reused,success,122880,122880,81920,complete
towers-opt,call,awfy_towers.towersbenchmark.pushdisk,direct_bytecode,2421,40940,0,0,0,0,0,3,,,,benchmark_awfy_towers_opt,method,,,reused,success,122820,122820,81880,complete
towers-opt,call,awfy_towers.towersbenchmark.movedisks,direct_bytecode,2475,40940,0,0,0,0,0,4,,,,benchmark_awfy_towers_opt,method,,,reused,success,122820,122820,40940,complete
towers-opt,call,awfy_towers.towersbenchmark.movedisks,direct_bytecode,2179,40929,0,0,0,0,0,4,,,,benchmark_awfy_towers_opt,method,,,reused,success,122787,122787,0,complete
towers-opt,call,awfy_towers.towersbenchmark.pushdisk,direct_bytecode,381,10,0,0,0,0,0,3,,,,benchmark_awfy_towers_opt,method,,,reused,success,20,20,20,complete
towers-opt,call,awfy_towers.towersbenchmark.movedisks,direct_bytecode,431,10,0,0,0,0,0,4,,,,benchmark_awfy_towers_opt,method,,,reused,success,10,10,10,complete
towers-opt,call,awfy_towers.towersbenchmark.movedisks,direct_bytecode,268,9,0,0,0,0,0,4,,,,benchmark_awfy_towers_opt,method,,,reused,success,9,9,9,complete
bounce-noopt,census,call_path,direct_bytecode,,692900,0,0,0,0,0,,,,,,,,,,,,,,complete
bounce-noopt,census,call_path,direct_native,,0,0,0,0,0,0,,,,,,,,,,,,,,complete
bounce-noopt,census,call_path,dynamic_bytecode,,0,0,0,0,0,0,,,,,,,,,,,,,,complete
bounce-noopt,census,call_path,dynamic_native,,0,0,0,0,0,0,,,,,,,,,,,,,,complete
bounce-noopt,census,call_path,external_root,,1,0,0,0,0,0,,,,,,,,,,,,,,complete
bounce-noopt,census,call_path,signal_bytecode,,0,0,0,0,0,0,,,,,,,,,,,,,,complete
bounce-noopt,census,call_path,signal_native,,0,0,0,0,0,0,,,,,,,,,,,,,,complete
bounce-noopt,census,arity,1,,692701,0,0,0,0,0,,,,,,,,,,,,,,complete
bounce-noopt,census,arity,0,,200,0,0,0,0,0,,,,,,,,,,,,,,complete
bounce-noopt,census,callable_kind,procedure,,142601,0,0,0,0,0,,,,,,,,,,,,,,complete
bounce-noopt,census,callable_kind,method,,540100,0,0,0,0,0,,,,,,,,,,,,,,complete
bounce-noopt,census,callable_kind,factory,,10200,0,0,0,0,0,,,,,,,,,,,,,,complete
bounce-noopt,census,callable_kind,native,,0,0,0,0,0,0,,,,,,,,,,,,,,complete
bounce-noopt,census,callable_kind,unknown,,0,0,0,0,0,0,,,,,,,,,,,,,,complete
bounce-noopt,census,frame_disposition,fresh,,8,0,0,0,0,0,,,,,,,,,,,,,,complete
bounce-noopt,census,frame_disposition,reused,,692893,0,0,0,0,0,,,,,,,,,,,,,,complete
bounce-noopt,census,frame_disposition,no_child_native,,0,0,0,0,0,0,,,,,,,,,,,,,,complete
bounce-noopt,census,frame_disposition,none_failed,,0,0,0,0,0,0,,,,,,,,,,,,,,complete
bounce-noopt,census,call_outcome,success,,692901,0,0,0,0,0,,,,,,,,,,,,,,complete
bounce-noopt,census,call_outcome,unresolved,,0,0,0,0,0,0,,,,,,,,,,,,,,complete
bounce-noopt,census,call_outcome,frame_failed,,0,0,0,0,0,0,,,,,,,,,,,,,,complete
bounce-noopt,census,call_outcome,invalid,,0,0,0,0,0,0,,,,,,,,,,,,,,complete
bounce-noopt,return,placement,void,,0,0,0,0,0,0,,,,,,,,,,,,,,complete
bounce-noopt,return,placement,ret_reg_move_local,,581600,0,0,0,0,0,,,,,,,,,,,,,,complete
bounce-noopt,return,placement,ret_reg_copy_nonlocal,,111300,0,0,0,0,0,,,,,,,,,,,,,,complete
bounce-noopt,return,placement,value_ignored,,0,0,0,0,0,0,,,,,,,,,,,,,,complete
bounce-noopt,return,placement,immediate,,0,0,0,0,0,0,,,,,,,,,,,,,,complete
bounce-noopt,return,placement,terminal_external,,1,0,0,0,0,0,,,,,,,,,,,,,,complete
bounce-noopt,dynamic,srcmethodsel,attempt,,0,0,0,0,0,0,,,,,,,,,,,,,,complete
bounce-noopt,dynamic,srcmethodsel,success,,0,0,0,0,0,0,,,,,,,,,,,,,,complete
bounce-noopt,dynamic,srcmethodsel,failure,,0,0,0,0,0,0,,,,,,,,,,,,,,complete
bounce-noopt,dynamic,srcfprocsel,attempt,,0,0,0,0,0,0,,,,,,,,,,,,,,complete
bounce-noopt,dynamic,srcfprocsel,success,,0,0,0,0,0,0,,,,,,,,,,,,,,complete
bounce-noopt,dynamic,srcfprocsel,failure,,0,0,0,0,0,0,,,,,,,,,,,,,,complete
bounce-noopt,mechanics,call_window,setup_swaps,,682700,0,0,0,0,0,,,,,,,,,,,,,,complete
bounce-noopt,mechanics,call_window,normal_restoration_swaps,,682700,0,0,0,0,0,,,,,,,,,,,,,,complete
bounce-noopt,mechanics,call_window,unclassified_swaps,,0,0,0,0,0,0,,,,,,,,,,,,,,complete
bounce-noopt,mechanics,call_window,defensive_argument_copies,,0,0,0,0,0,0,,,,,,,,,,,,,,complete
bounce-noopt,mechanics,call_window,unclassified_copies,,10001,0,0,0,0,0,,,,,,,,,,,,,,complete
bounce-noopt,mechanics,call_window,attribution_degraded,,0,0,0,0,0,0,,,,,,,,,,,,,,complete
bounce-noopt,unwind,signal,events,,0,0,0,0,0,0,,,,,,,,,,,,,,complete
bounce-noopt,unwind,signal,bytecode_frames_discarded,,0,0,0,0,0,0,,,,,,,,,,,,,,complete
bounce-noopt,unwind,signal,argument_windows_restored,,0,0,0,0,0,0,,,,,,,,,,,,,,complete
bounce-noopt,unwind,signal,argument_slots_restored,,0,0,0,0,0,0,,,,,,,,,,,,,,complete
bounce-noopt,unwind,signal,interrupted_native_windows_restored,,0,0,0,0,0,0,,,,,,,,,,,,,,complete
bounce-noopt,unwind,signal,interrupted_native_slots_restored,,0,0,0,0,0,0,,,,,,,,,,,,,,complete
bounce-noopt,unwind,signal,restoration_failures,,0,0,0,0,0,0,,,,,,,,,,,,,,complete
bounce-noopt,call,awfy_bounce.main,external_root,0,1,0,0,0,0,0,1,,,,benchmark_awfy_bounce_noopt,procedure,,,fresh,success,0,0,0,complete
bounce-noopt,call,awfy_bounce.bouncebenchmark.§factory,direct_bytecode,88,1,0,0,0,0,0,0,,,,benchmark_awfy_bounce_noopt,factory,,,fresh,success,0,0,0,complete
bounce-noopt,call,awfy_bounce.bouncebenchmark.run,direct_bytecode,101,1,0,0,0,0,0,1,,,,benchmark_awfy_bounce_noopt,method,,,fresh,success,1,1,0,complete
bounce-noopt,call,awfy_bounce.awfyrandom.§factory,direct_bytecode,763,1,0,0,0,0,0,0,,,,benchmark_awfy_bounce_noopt,factory,,,fresh,success,0,0,0,complete
bounce-noopt,call,awfy_bounce.bounceball.§factory,direct_bytecode,797,1,0,0,0,0,0,1,,,,benchmark_awfy_bounce_noopt,factory,,,fresh,success,0,0,0,complete
bounce-noopt,call,awfy_bounce.awfyrandom.next,direct_bytecode,286,1,0,0,0,0,0,1,,,,benchmark_awfy_bounce_noopt,method,,,fresh,success,1,1,0,complete
bounce-noopt,call,awfy_bounce.awfyrandom.next,direct_bytecode,315,10000,0,0,0,0,0,1,,,,benchmark_awfy_bounce_noopt,method,,,reused,success,10000,10000,0,complete
bounce-noopt,call,awfy_bounce.awfyrandom.next,direct_bytecode,344,10000,0,0,0,0,0,1,,,,benchmark_awfy_bounce_noopt,method,,,reused,success,10000,10000,0,complete
bounce-noopt,call,awfy_bounce.awfyrandom.next,direct_bytecode,377,10000,0,0,0,0,0,1,,,,benchmark_awfy_bounce_noopt,method,,,reused,success,10000,10000,0,complete
bounce-noopt,call,awfy_bounce.bounceball.§factory,direct_bytecode,797,9999,0,0,0,0,0,1,,,,benchmark_awfy_bounce_noopt,factory,,,reused,success,0,0,0,complete
bounce-noopt,call,awfy_bounce.awfyrandom.next,direct_bytecode,286,9999,0,0,0,0,0,1,,,,benchmark_awfy_bounce_noopt,method,,,reused,success,9999,9999,0,complete
bounce-noopt,call,awfy_bounce.bounceball.bounce,direct_bytecode,869,1,0,0,0,0,0,1,,,,benchmark_awfy_bounce_noopt,method,,,fresh,success,1,1,0,complete
bounce-noopt,call,awfy_bounce.bounceball.bounce,direct_bytecode,869,499999,0,0,0,0,0,1,,,,benchmark_awfy_bounce_noopt,method,,,reused,success,499999,499999,0,complete
bounce-noopt,call,rxfnsb.abs,direct_bytecode,574,1,0,0,0,0,0,1,,,,benchmark_awfy_bounce_noopt,procedure,,,fresh,success,1,1,0,complete
bounce-noopt,call,rxfnsb.abs,direct_bytecode,639,35500,0,0,0,0,0,1,,,,benchmark_awfy_bounce_noopt,procedure,,,reused,success,35500,35500,0,complete
bounce-noopt,call,rxfnsb.abs,direct_bytecode,703,35900,0,0,0,0,0,1,,,,benchmark_awfy_bounce_noopt,procedure,,,reused,success,35900,35900,0,complete
bounce-noopt,call,rxfnsb.abs,direct_bytecode,574,35399,0,0,0,0,0,1,,,,benchmark_awfy_bounce_noopt,procedure,,,reused,success,35399,35399,0,complete
bounce-noopt,call,rxfnsb.abs,direct_bytecode,510,35800,0,0,0,0,0,1,,,,benchmark_awfy_bounce_noopt,procedure,,,reused,success,35800,35800,0,complete
bounce-noopt,call,awfy_bounce.bouncebenchmark.§factory,direct_bytecode,88,99,0,0,0,0,0,0,,,,benchmark_awfy_bounce_noopt,factory,,,reused,success,0,0,0,complete
bounce-noopt,call,awfy_bounce.bouncebenchmark.run,direct_bytecode,101,99,0,0,0,0,0,1,,,,benchmark_awfy_bounce_noopt,method,,,reused,success,99,99,0,complete
bounce-noopt,call,awfy_bounce.awfyrandom.§factory,direct_bytecode,763,99,0,0,0,0,0,0,,,,benchmark_awfy_bounce_noopt,factory,,,reused,success,0,0,0,complete
bounce-opt,census,call_path,direct_bytecode,,10100,0,0,0,0,0,,,,,,,,,,,,,,complete
bounce-opt,census,call_path,direct_native,,0,0,0,0,0,0,,,,,,,,,,,,,,complete
bounce-opt,census,call_path,dynamic_bytecode,,0,0,0,0,0,0,,,,,,,,,,,,,,complete
bounce-opt,census,call_path,dynamic_native,,0,0,0,0,0,0,,,,,,,,,,,,,,complete
bounce-opt,census,call_path,external_root,,1,0,0,0,0,0,,,,,,,,,,,,,,complete
bounce-opt,census,call_path,signal_bytecode,,0,0,0,0,0,0,,,,,,,,,,,,,,complete
bounce-opt,census,call_path,signal_native,,0,0,0,0,0,0,,,,,,,,,,,,,,complete
bounce-opt,census,arity,1,,10101,0,0,0,0,0,,,,,,,,,,,,,,complete
bounce-opt,census,callable_kind,procedure,,1,0,0,0,0,0,,,,,,,,,,,,,,complete
bounce-opt,census,callable_kind,method,,100,0,0,0,0,0,,,,,,,,,,,,,,complete
bounce-opt,census,callable_kind,factory,,10000,0,0,0,0,0,,,,,,,,,,,,,,complete
bounce-opt,census,callable_kind,native,,0,0,0,0,0,0,,,,,,,,,,,,,,complete
bounce-opt,census,callable_kind,unknown,,0,0,0,0,0,0,,,,,,,,,,,,,,complete
bounce-opt,census,frame_disposition,fresh,,3,0,0,0,0,0,,,,,,,,,,,,,,complete
bounce-opt,census,frame_disposition,reused,,10098,0,0,0,0,0,,,,,,,,,,,,,,complete
bounce-opt,census,frame_disposition,no_child_native,,0,0,0,0,0,0,,,,,,,,,,,,,,complete
bounce-opt,census,frame_disposition,none_failed,,0,0,0,0,0,0,,,,,,,,,,,,,,complete
bounce-opt,census,call_outcome,success,,10101,0,0,0,0,0,,,,,,,,,,,,,,complete
bounce-opt,census,call_outcome,unresolved,,0,0,0,0,0,0,,,,,,,,,,,,,,complete
bounce-opt,census,call_outcome,frame_failed,,0,0,0,0,0,0,,,,,,,,,,,,,,complete
bounce-opt,census,call_outcome,invalid,,0,0,0,0,0,0,,,,,,,,,,,,,,complete
bounce-opt,return,placement,void,,0,0,0,0,0,0,,,,,,,,,,,,,,complete
bounce-opt,return,placement,ret_reg_move_local,,10100,0,0,0,0,0,,,,,,,,,,,,,,complete
bounce-opt,return,placement,ret_reg_copy_nonlocal,,0,0,0,0,0,0,,,,,,,,,,,,,,complete
bounce-opt,return,placement,value_ignored,,0,0,0,0,0,0,,,,,,,,,,,,,,complete
bounce-opt,return,placement,immediate,,0,0,0,0,0,0,,,,,,,,,,,,,,complete
bounce-opt,return,placement,terminal_external,,1,0,0,0,0,0,,,,,,,,,,,,,,complete
bounce-opt,dynamic,srcmethodsel,attempt,,0,0,0,0,0,0,,,,,,,,,,,,,,complete
bounce-opt,dynamic,srcmethodsel,success,,0,0,0,0,0,0,,,,,,,,,,,,,,complete
bounce-opt,dynamic,srcmethodsel,failure,,0,0,0,0,0,0,,,,,,,,,,,,,,complete
bounce-opt,dynamic,srcfprocsel,attempt,,0,0,0,0,0,0,,,,,,,,,,,,,,complete
bounce-opt,dynamic,srcfprocsel,success,,0,0,0,0,0,0,,,,,,,,,,,,,,complete
bounce-opt,dynamic,srcfprocsel,failure,,0,0,0,0,0,0,,,,,,,,,,,,,,complete
bounce-opt,mechanics,call_window,setup_swaps,,100,0,0,0,0,0,,,,,,,,,,,,,,complete
bounce-opt,mechanics,call_window,normal_restoration_swaps,,100,0,0,0,0,0,,,,,,,,,,,,,,complete
bounce-opt,mechanics,call_window,unclassified_swaps,,0,0,0,0,0,0,,,,,,,,,,,,,,complete
bounce-opt,mechanics,call_window,defensive_argument_copies,,100,0,0,0,0,0,,,,,,,,,,,,,,complete
bounce-opt,mechanics,call_window,unclassified_copies,,1090101,0,0,0,0,0,,,,,,,,,,,,,,complete
bounce-opt,mechanics,call_window,attribution_degraded,,0,0,0,0,0,0,,,,,,,,,,,,,,complete
bounce-opt,unwind,signal,events,,0,0,0,0,0,0,,,,,,,,,,,,,,complete
bounce-opt,unwind,signal,bytecode_frames_discarded,,0,0,0,0,0,0,,,,,,,,,,,,,,complete
bounce-opt,unwind,signal,argument_windows_restored,,0,0,0,0,0,0,,,,,,,,,,,,,,complete
bounce-opt,unwind,signal,argument_slots_restored,,0,0,0,0,0,0,,,,,,,,,,,,,,complete
bounce-opt,unwind,signal,interrupted_native_windows_restored,,0,0,0,0,0,0,,,,,,,,,,,,,,complete
bounce-opt,unwind,signal,interrupted_native_slots_restored,,0,0,0,0,0,0,,,,,,,,,,,,,,complete
bounce-opt,unwind,signal,restoration_failures,,0,0,0,0,0,0,,,,,,,,,,,,,,complete
bounce-opt,call,awfy_bounce.main,external_root,0,1,0,0,0,0,0,1,,,,benchmark_awfy_bounce_opt,procedure,,,fresh,success,0,0,0,complete
bounce-opt,call,awfy_bounce.bouncebenchmark.run,direct_bytecode,100,1,0,0,0,0,0,1,,,,benchmark_awfy_bounce_opt,method,,,fresh,success,1,1,1,complete
bounce-opt,call,awfy_bounce.bounceball.§factory,direct_bytecode,973,1,0,0,0,0,0,1,,,,benchmark_awfy_bounce_opt,factory,,,fresh,success,0,0,0,complete
bounce-opt,call,awfy_bounce.bounceball.§factory,direct_bytecode,973,9999,0,0,0,0,0,1,,,,benchmark_awfy_bounce_opt,factory,,,reused,success,0,0,0,complete
bounce-opt,call,awfy_bounce.bouncebenchmark.run,direct_bytecode,100,99,0,0,0,0,0,1,,,,benchmark_awfy_bounce_opt,method,,,reused,success,99,99,99,complete
storage-noopt,census,call_path,direct_bytecode,,341340,0,0,0,0,0,,,,,,,,,,,,,,complete
storage-noopt,census,call_path,direct_native,,0,0,0,0,0,0,,,,,,,,,,,,,,complete
storage-noopt,census,call_path,dynamic_bytecode,,0,0,0,0,0,0,,,,,,,,,,,,,,complete
storage-noopt,census,call_path,dynamic_native,,0,0,0,0,0,0,,,,,,,,,,,,,,complete
storage-noopt,census,call_path,external_root,,1,0,0,0,0,0,,,,,,,,,,,,,,complete
storage-noopt,census,call_path,signal_bytecode,,0,0,0,0,0,0,,,,,,,,,,,,,,complete
storage-noopt,census,call_path,signal_native,,0,0,0,0,0,0,,,,,,,,,,,,,,complete
storage-noopt,census,arity,1,,40981,0,0,0,0,0,,,,,,,,,,,,,,complete
storage-noopt,census,arity,0,,54630,0,0,0,0,0,,,,,,,,,,,,,,complete
storage-noopt,census,arity,3,,191130,0,0,0,0,0,,,,,,,,,,,,,,complete
storage-noopt,census,arity,2,,54600,0,0,0,0,0,,,,,,,,,,,,,,complete
storage-noopt,census,callable_kind,procedure,,95561,0,0,0,0,0,,,,,,,,,,,,,,complete
storage-noopt,census,callable_kind,method,,191150,0,0,0,0,0,,,,,,,,,,,,,,complete
storage-noopt,census,callable_kind,factory,,54630,0,0,0,0,0,,,,,,,,,,,,,,complete
storage-noopt,census,callable_kind,native,,0,0,0,0,0,0,,,,,,,,,,,,,,complete
storage-noopt,census,callable_kind,unknown,,0,0,0,0,0,0,,,,,,,,,,,,,,complete
storage-noopt,census,frame_disposition,fresh,,17,0,0,0,0,0,,,,,,,,,,,,,,complete
storage-noopt,census,frame_disposition,reused,,341324,0,0,0,0,0,,,,,,,,,,,,,,complete
storage-noopt,census,frame_disposition,no_child_native,,0,0,0,0,0,0,,,,,,,,,,,,,,complete
storage-noopt,census,frame_disposition,none_failed,,0,0,0,0,0,0,,,,,,,,,,,,,,complete
storage-noopt,census,call_outcome,success,,341341,0,0,0,0,0,,,,,,,,,,,,,,complete
storage-noopt,census,call_outcome,unresolved,,0,0,0,0,0,0,,,,,,,,,,,,,,complete
storage-noopt,census,call_outcome,frame_failed,,0,0,0,0,0,0,,,,,,,,,,,,,,complete
storage-noopt,census,call_outcome,invalid,,0,0,0,0,0,0,,,,,,,,,,,,,,complete
storage-noopt,return,placement,void,,95560,0,0,0,0,0,,,,,,,,,,,,,,complete
storage-noopt,return,placement,ret_reg_move_local,,204800,0,0,0,0,0,,,,,,,,,,,,,,complete
storage-noopt,return,placement,ret_reg_copy_nonlocal,,40980,0,0,0,0,0,,,,,,,,,,,,,,complete
storage-noopt,return,placement,value_ignored,,0,0,0,0,0,0,,,,,,,,,,,,,,complete
storage-noopt,return,placement,immediate,,0,0,0,0,0,0,,,,,,,,,,,,,,complete
storage-noopt,return,placement,terminal_external,,1,0,0,0,0,0,,,,,,,,,,,,,,complete
storage-noopt,dynamic,srcmethodsel,attempt,,0,0,0,0,0,0,,,,,,,,,,,,,,complete
storage-noopt,dynamic,srcmethodsel,success,,0,0,0,0,0,0,,,,,,,,,,,,,,complete
storage-noopt,dynamic,srcmethodsel,failure,,0,0,0,0,0,0,,,,,,,,,,,,,,complete
storage-noopt,dynamic,srcfprocsel,attempt,,0,0,0,0,0,0,,,,,,,,,,,,,,complete
storage-noopt,dynamic,srcfprocsel,success,,0,0,0,0,0,0,,,,,,,,,,,,,,complete
storage-noopt,dynamic,srcfprocsel,failure,,0,0,0,0,0,0,,,,,,,,,,,,,,complete
storage-noopt,mechanics,call_window,setup_swaps,,518800,0,0,0,0,0,,,,,,,,,,,,,,complete
storage-noopt,mechanics,call_window,normal_restoration_swaps,,518800,0,0,0,0,0,,,,,,,,,,,,,,complete
storage-noopt,mechanics,call_window,unclassified_swaps,,0,0,0,0,0,0,,,,,,,,,,,,,,complete
storage-noopt,mechanics,call_window,defensive_argument_copies,,95560,0,0,0,0,0,,,,,,,,,,,,,,complete
storage-noopt,mechanics,call_window,unclassified_copies,,278801,0,0,0,0,0,,,,,,,,,,,,,,complete
storage-noopt,mechanics,call_window,attribution_degraded,,0,0,0,0,0,0,,,,,,,,,,,,,,complete
storage-noopt,unwind,signal,events,,0,0,0,0,0,0,,,,,,,,,,,,,,complete
storage-noopt,unwind,signal,bytecode_frames_discarded,,0,0,0,0,0,0,,,,,,,,,,,,,,complete
storage-noopt,unwind,signal,argument_windows_restored,,0,0,0,0,0,0,,,,,,,,,,,,,,complete
storage-noopt,unwind,signal,argument_slots_restored,,0,0,0,0,0,0,,,,,,,,,,,,,,complete
storage-noopt,unwind,signal,interrupted_native_windows_restored,,0,0,0,0,0,0,,,,,,,,,,,,,,complete
storage-noopt,unwind,signal,interrupted_native_slots_restored,,0,0,0,0,0,0,,,,,,,,,,,,,,complete
storage-noopt,unwind,signal,restoration_failures,,0,0,0,0,0,0,,,,,,,,,,,,,,complete
storage-noopt,call,awfy_storage.main,external_root,0,1,0,0,0,0,0,1,,,,benchmark_awfy_storage_noopt,procedure,,,fresh,success,0,0,0,complete
storage-noopt,call,awfy_storage.storagebenchmark.§factory,direct_bytecode,88,1,0,0,0,0,0,0,,,,benchmark_awfy_storage_noopt,factory,,,fresh,success,0,0,0,complete
storage-noopt,call,awfy_storage.storagebenchmark.run,direct_bytecode,101,1,0,0,0,0,0,1,,,,benchmark_awfy_storage_noopt,method,,,fresh,success,1,1,0,complete
storage-noopt,call,awfy_storage.storagerandom.§factory,direct_bytecode,301,1,0,0,0,0,0,0,,,,benchmark_awfy_storage_noopt,factory,,,fresh,success,0,0,0,complete
storage-noopt,call,awfy_storage.storagebenchmark.buildtreedepth,direct_bytecode,335,1,0,0,0,0,0,3,,,,benchmark_awfy_storage_noopt,method,,,fresh,success,2,2,0,complete
storage-noopt,call,awfy_storage.storagenode.§factory,direct_bytecode,410,1,0,0,0,0,0,0,,,,benchmark_awfy_storage_noopt,factory,,,fresh,success,0,0,0,complete
storage-noopt,call,awfy_storage.storagebenchmark.buildtreedepth,direct_bytecode,509,6,0,0,0,0,0,3,,,,benchmark_awfy_storage_noopt,method,,,fresh,success,12,12,0,complete
storage-noopt,call,awfy_storage.storagenode.§factory,direct_bytecode,410,54609,0,0,0,0,0,0,,,,benchmark_awfy_storage_noopt,factory,,,reused,success,0,0,0,complete
storage-noopt,call,awfy_storage.storagerandom.next,direct_bytecode,430,1,0,0,0,0,0,1,,,,benchmark_awfy_storage_noopt,method,,,fresh,success,1,1,0,complete
storage-noopt,call,awfy_storage.storagenode.allocateleaf,direct_bytecode,463,1,0,0,0,0,0,3,,,,benchmark_awfy_storage_noopt,method,,,fresh,success,2,2,1,complete
storage-noopt,call,rxfnsb.objectarrayappend,direct_bytecode,618,1,0,0,0,0,0,3,,,,benchmark_awfy_storage_noopt,procedure,,,fresh,success,3,3,0,complete
storage-noopt,call,awfy_storage.storagenode.addchild,direct_bytecode,534,1,0,0,0,0,0,2,,,,benchmark_awfy_storage_noopt,method,,,fresh,success,2,2,0,complete
storage-noopt,call,rxfnsb.objectarrayappend,direct_bytecode,674,54600,0,0,0,0,0,3,,,,benchmark_awfy_storage_noopt,procedure,,,reused,success,54600,54600,54600,complete
storage-noopt,call,awfy_storage.storagebenchmark.buildtreedepth,direct_bytecode,509,54594,0,0,0,0,0,3,,,,benchmark_awfy_storage_noopt,method,,,reused,success,109188,109188,0,complete
storage-noopt,call,awfy_storage.storagerandom.next,direct_bytecode,430,40959,0,0,0,0,0,1,,,,benchmark_awfy_storage_noopt,method,,,reused,success,40959,40959,0,complete
storage-noopt,call,awfy_storage.storagenode.allocateleaf,direct_bytecode,463,40959,0,0,0,0,0,3,,,,benchmark_awfy_storage_noopt,method,,,reused,success,81918,81918,40959,complete
storage-noopt,call,rxfnsb.objectarrayappend,direct_bytecode,618,40959,0,0,0,0,0,3,,,,benchmark_awfy_storage_noopt,procedure,,,reused,success,122877,122877,0,complete
storage-noopt,call,awfy_storage.storagenode.addchild,direct_bytecode,534,54599,0,0,0,0,0,2,,,,benchmark_awfy_storage_noopt,method,,,reused,success,109198,109198,0,complete
storage-noopt,call,awfy_storage.storagenode.size,direct_bytecode,354,1,0,0,0,0,0,1,,,,benchmark_awfy_storage_noopt,method,,,fresh,success,1,1,0,complete
storage-noopt,call,awfy_storage.storagebenchmark.§factory,direct_bytecode,88,9,0,0,0,0,0,0,,,,benchmark_awfy_storage_noopt,factory,,,reused,success,0,0,0,complete
storage-noopt,call,awfy_storage.storagebenchmark.run,direct_bytecode,101,9,0,0,0,0,0,1,,,,benchmark_awfy_storage_noopt,method,,,reused,success,9,9,0,complete
storage-noopt,call,awfy_storage.storagerandom.§factory,direct_bytecode,301,9,0,0,0,0,0,0,,,,benchmark_awfy_storage_noopt,factory,,,reused,success,0,0,0,complete
storage-noopt,call,awfy_storage.storagebenchmark.buildtreedepth,direct_bytecode,335,9,0,0,0,0,0,3,,,,benchmark_awfy_storage_noopt,method,,,reused,success,18,18,0,complete
storage-noopt,call,awfy_storage.storagenode.size,direct_bytecode,354,9,0,0,0,0,0,1,,,,benchmark_awfy_storage_noopt,method,,,reused,success,9,9,0,complete
storage-opt,census,call_path,direct_bytecode,,191130,0,0,0,0,0,,,,,,,,,,,,,,complete
storage-opt,census,call_path,direct_native,,0,0,0,0,0,0,,,,,,,,,,,,,,complete
storage-opt,census,call_path,dynamic_bytecode,,0,0,0,0,0,0,,,,,,,,,,,,,,complete
storage-opt,census,call_path,dynamic_native,,0,0,0,0,0,0,,,,,,,,,,,,,,complete
storage-opt,census,call_path,external_root,,1,0,0,0,0,0,,,,,,,,,,,,,,complete
storage-opt,census,call_path,signal_bytecode,,0,0,0,0,0,0,,,,,,,,,,,,,,complete
storage-opt,census,call_path,signal_native,,0,0,0,0,0,0,,,,,,,,,,,,,,complete
storage-opt,census,arity,1,,11,0,0,0,0,0,,,,,,,,,,,,,,complete
storage-opt,census,arity,3,,191120,0,0,0,0,0,,,,,,,,,,,,,,complete
storage-opt,census,callable_kind,procedure,,95561,0,0,0,0,0,,,,,,,,,,,,,,complete
storage-opt,census,callable_kind,method,,95570,0,0,0,0,0,,,,,,,,,,,,,,complete
storage-opt,census,callable_kind,factory,,0,0,0,0,0,0,,,,,,,,,,,,,,complete
storage-opt,census,callable_kind,native,,0,0,0,0,0,0,,,,,,,,,,,,,,complete
storage-opt,census,callable_kind,unknown,,0,0,0,0,0,0,,,,,,,,,,,,,,complete
storage-opt,census,frame_disposition,fresh,,10,0,0,0,0,0,,,,,,,,,,,,,,complete
storage-opt,census,frame_disposition,reused,,191121,0,0,0,0,0,,,,,,,,,,,,,,complete
storage-opt,census,frame_disposition,no_child_native,,0,0,0,0,0,0,,,,,,,,,,,,,,complete
storage-opt,census,frame_disposition,none_failed,,0,0,0,0,0,0,,,,,,,,,,,,,,complete
storage-opt,census,call_outcome,success,,191131,0,0,0,0,0,,,,,,,,,,,,,,complete
storage-opt,census,call_outcome,unresolved,,0,0,0,0,0,0,,,,,,,,,,,,,,complete
storage-opt,census,call_outcome,frame_failed,,0,0,0,0,0,0,,,,,,,,,,,,,,complete
storage-opt,census,call_outcome,invalid,,0,0,0,0,0,0,,,,,,,,,,,,,,complete
storage-opt,return,placement,void,,40960,0,0,0,0,0,,,,,,,,,,,,,,complete
storage-opt,return,placement,ret_reg_move_local,,150160,0,0,0,0,0,,,,,,,,,,,,,,complete
storage-opt,return,placement,ret_reg_copy_nonlocal,,10,0,0,0,0,0,,,,,,,,,,,,,,complete
storage-opt,return,placement,value_ignored,,0,0,0,0,0,0,,,,,,,,,,,,,,complete
storage-opt,return,placement,immediate,,0,0,0,0,0,0,,,,,,,,,,,,,,complete
storage-opt,return,placement,terminal_external,,1,0,0,0,0,0,,,,,,,,,,,,,,complete
storage-opt,dynamic,srcmethodsel,attempt,,0,0,0,0,0,0,,,,,,,,,,,,,,complete
storage-opt,dynamic,srcmethodsel,success,,0,0,0,0,0,0,,,,,,,,,,,,,,complete
storage-opt,dynamic,srcmethodsel,failure,,0,0,0,0,0,0,,,,,,,,,,,,,,complete
storage-opt,dynamic,srcfprocsel,attempt,,0,0,0,0,0,0,,,,,,,,,,,,,,complete
storage-opt,dynamic,srcfprocsel,success,,0,0,0,0,0,0,,,,,,,,,,,,,,complete
storage-opt,dynamic,srcfprocsel,failure,,0,0,0,0,0,0,,,,,,,,,,,,,,complete
storage-opt,mechanics,call_window,setup_swaps,,368610,0,0,0,0,0,,,,,,,,,,,,,,complete
storage-opt,mechanics,call_window,normal_restoration_swaps,,368610,0,0,0,0,0,,,,,,,,,,,,,,complete
storage-opt,mechanics,call_window,unclassified_swaps,,0,0,0,0,0,0,,,,,,,,,,,,,,complete
storage-opt,mechanics,call_window,defensive_argument_copies,,95570,0,0,0,0,0,,,,,,,,,,,,,,complete
storage-opt,mechanics,call_window,unclassified_copies,,524591,0,0,0,0,0,,,,,,,,,,,,,,complete
storage-opt,mechanics,call_window,attribution_degraded,,0,0,0,0,0,0,,,,,,,,,,,,,,complete
storage-opt,unwind,signal,events,,0,0,0,0,0,0,,,,,,,,,,,,,,complete
storage-opt,unwind,signal,bytecode_frames_discarded,,0,0,0,0,0,0,,,,,,,,,,,,,,complete
storage-opt,unwind,signal,argument_windows_restored,,0,0,0,0,0,0,,,,,,,,,,,,,,complete
storage-opt,unwind,signal,argument_slots_restored,,0,0,0,0,0,0,,,,,,,,,,,,,,complete
storage-opt,unwind,signal,interrupted_native_windows_restored,,0,0,0,0,0,0,,,,,,,,,,,,,,complete
storage-opt,unwind,signal,interrupted_native_slots_restored,,0,0,0,0,0,0,,,,,,,,,,,,,,complete
storage-opt,unwind,signal,restoration_failures,,0,0,0,0,0,0,,,,,,,,,,,,,,complete
storage-opt,call,awfy_storage.main,external_root,0,1,0,0,0,0,0,1,,,,benchmark_awfy_storage_opt,procedure,,,fresh,success,0,0,0,complete
storage-opt,call,awfy_storage.storagebenchmark.run,direct_bytecode,112,1,0,0,0,0,0,1,,,,benchmark_awfy_storage_opt,method,,,fresh,success,1,1,1,complete
storage-opt,call,awfy_storage.storagebenchmark.buildtreedepth,direct_bytecode,402,1,0,0,0,0,0,3,,,,benchmark_awfy_storage_opt,method,,,fresh,success,2,2,0,complete
storage-opt,call,awfy_storage.storagebenchmark.buildtreedepth,direct_bytecode,675,5,0,0,0,0,0,3,,,,benchmark_awfy_storage_opt,method,,,fresh,success,10,10,0,complete
storage-opt,call,awfy_storage.storagenode.allocateleaf,direct_bytecode,629,1,0,0,0,0,0,3,,,,benchmark_awfy_storage_opt,method,,,fresh,success,2,2,1,complete
storage-opt,call,rxfnsb.objectarrayappend,direct_bytecode,801,1,0,0,0,0,0,3,,,,benchmark_awfy_storage_opt,procedure,,,fresh,success,3,3,0,complete
storage-opt,call,rxfnsb.objectarrayappend,direct_bytecode,707,54560,0,0,0,0,0,3,,,,benchmark_awfy_storage_opt,procedure,,,reused,success,54560,54560,54560,complete
storage-opt,call,awfy_storage.storagebenchmark.buildtreedepth,direct_bytecode,675,54555,0,0,0,0,0,3,,,,benchmark_awfy_storage_opt,method,,,reused,success,109110,109110,0,complete
storage-opt,call,awfy_storage.storagenode.allocateleaf,direct_bytecode,629,40959,0,0,0,0,0,3,,,,benchmark_awfy_storage_opt,method,,,reused,success,81918,81918,40959,complete
storage-opt,call,rxfnsb.objectarrayappend,direct_bytecode,801,40959,0,0,0,0,0,3,,,,benchmark_awfy_storage_opt,procedure,,,reused,success,122877,122877,0,complete
storage-opt,call,rxfnsb.objectarrayappend,direct_bytecode,434,40,0,0,0,0,0,3,,,,benchmark_awfy_storage_opt,procedure,,,reused,success,40,40,40,complete
storage-opt,call,awfy_storage.storagebenchmark.buildtreedepth,direct_bytecode,402,39,0,0,0,0,0,3,,,,benchmark_awfy_storage_opt,method,,,reused,success,78,78,0,complete
storage-opt,call,awfy_storage.storagebenchmark.run,direct_bytecode,112,9,0,0,0,0,0,1,,,,benchmark_awfy_storage_opt,method,,,reused,success,9,9,9,complete
list-noopt,census,call_path,direct_bytecode,,4396100,0,0,0,0,0,,,,,,,,,,,,,,complete
list-noopt,census,call_path,direct_native,,0,0,0,0,0,0,,,,,,,,,,,,,,complete
list-noopt,census,call_path,dynamic_bytecode,,0,0,0,0,0,0,,,,,,,,,,,,,,complete
list-noopt,census,call_path,dynamic_native,,0,0,0,0,0,0,,,,,,,,,,,,,,complete
list-noopt,census,call_path,external_root,,1,0,0,0,0,0,,,,,,,,,,,,,,complete
list-noopt,census,call_path,signal_bytecode,,0,0,0,0,0,0,,,,,,,,,,,,,,complete
list-noopt,census,call_path,signal_native,,0,0,0,0,0,0,,,,,,,,,,,,,,complete
list-noopt,census,arity,1,,3824801,0,0,0,0,0,,,,,,,,,,,,,,complete
list-noopt,census,arity,0,,200,0,0,0,0,0,,,,,,,,,,,,,,complete
list-noopt,census,arity,3,,284300,0,0,0,0,0,,,,,,,,,,,,,,complete
list-noopt,census,arity,2,,5900,0,0,0,0,0,,,,,,,,,,,,,,complete
list-noopt,census,arity,4,,280900,0,0,0,0,0,,,,,,,,,,,,,,complete
list-noopt,census,callable_kind,procedure,,1,0,0,0,0,0,,,,,,,,,,,,,,complete
list-noopt,census,callable_kind,method,,4392800,0,0,0,0,0,,,,,,,,,,,,,,complete
list-noopt,census,callable_kind,factory,,3300,0,0,0,0,0,,,,,,,,,,,,,,complete
list-noopt,census,callable_kind,native,,0,0,0,0,0,0,,,,,,,,,,,,,,complete
list-noopt,census,callable_kind,unknown,,0,0,0,0,0,0,,,,,,,,,,,,,,complete
list-noopt,census,frame_disposition,fresh,,48,0,0,0,0,0,,,,,,,,,,,,,,complete
list-noopt,census,frame_disposition,reused,,4396053,0,0,0,0,0,,,,,,,,,,,,,,complete
list-noopt,census,frame_disposition,no_child_native,,0,0,0,0,0,0,,,,,,,,,,,,,,complete
list-noopt,census,frame_disposition,none_failed,,0,0,0,0,0,0,,,,,,,,,,,,,,complete
list-noopt,census,call_outcome,success,,4396101,0,0,0,0,0,,,,,,,,,,,,,,complete
list-noopt,census,call_outcome,unresolved,,0,0,0,0,0,0,,,,,,,,,,,,,,complete
list-noopt,census,call_outcome,frame_failed,,0,0,0,0,0,0,,,,,,,,,,,,,,complete
list-noopt,census,call_outcome,invalid,,0,0,0,0,0,0,,,,,,,,,,,,,,complete
list-noopt,return,placement,void,,2800,0,0,0,0,0,,,,,,,,,,,,,,complete
list-noopt,return,placement,ret_reg_move_local,,361900,0,0,0,0,0,,,,,,,,,,,,,,complete
list-noopt,return,placement,ret_reg_copy_nonlocal,,4031300,0,0,0,0,0,,,,,,,,,,,,,,complete
list-noopt,return,placement,value_ignored,,0,0,0,0,0,0,,,,,,,,,,,,,,complete
list-noopt,return,placement,immediate,,100,0,0,0,0,0,,,,,,,,,,,,,,complete
list-noopt,return,placement,terminal_external,,1,0,0,0,0,0,,,,,,,,,,,,,,complete
list-noopt,dynamic,srcmethodsel,attempt,,0,0,0,0,0,0,,,,,,,,,,,,,,complete
list-noopt,dynamic,srcmethodsel,success,,0,0,0,0,0,0,,,,,,,,,,,,,,complete
list-noopt,dynamic,srcmethodsel,failure,,0,0,0,0,0,0,,,,,,,,,,,,,,complete
list-noopt,dynamic,srcfprocsel,attempt,,0,0,0,0,0,0,,,,,,,,,,,,,,complete
list-noopt,dynamic,srcfprocsel,success,,0,0,0,0,0,0,,,,,,,,,,,,,,complete
list-noopt,dynamic,srcfprocsel,failure,,0,0,0,0,0,0,,,,,,,,,,,,,,complete
list-noopt,mechanics,call_window,setup_swaps,,5809400,0,0,0,0,0,,,,,,,,,,,,,,complete
list-noopt,mechanics,call_window,normal_restoration_swaps,,5809400,0,0,0,0,0,,,,,,,,,,,,,,complete
list-noopt,mechanics,call_window,unclassified_swaps,,0,0,0,0,0,0,,,,,,,,,,,,,,complete
list-noopt,mechanics,call_window,defensive_argument_copies,,0,0,0,0,0,0,,,,,,,,,,,,,,complete
list-noopt,mechanics,call_window,unclassified_copies,,567701,0,0,0,0,0,,,,,,,,,,,,,,complete
list-noopt,mechanics,call_window,attribution_degraded,,0,0,0,0,0,0,,,,,,,,,,,,,,complete
list-noopt,unwind,signal,events,,0,0,0,0,0,0,,,,,,,,,,,,,,complete
list-noopt,unwind,signal,bytecode_frames_discarded,,0,0,0,0,0,0,,,,,,,,,,,,,,complete
list-noopt,unwind,signal,argument_windows_restored,,0,0,0,0,0,0,,,,,,,,,,,,,,complete
list-noopt,unwind,signal,argument_slots_restored,,0,0,0,0,0,0,,,,,,,,,,,,,,complete
list-noopt,unwind,signal,interrupted_native_windows_restored,,0,0,0,0,0,0,,,,,,,,,,,,,,complete
list-noopt,unwind,signal,interrupted_native_slots_restored,,0,0,0,0,0,0,,,,,,,,,,,,,,complete
list-noopt,unwind,signal,restoration_failures,,0,0,0,0,0,0,,,,,,,,,,,,,,complete
list-noopt,call,awfy_list.main,external_root,0,1,0,0,0,0,0,1,,,,benchmark_awfy_list_noopt,procedure,,,fresh,success,0,0,0,complete
list-noopt,call,awfy_list.listbenchmark.§factory,direct_bytecode,88,1,0,0,0,0,0,0,,,,benchmark_awfy_list_noopt,factory,,,fresh,success,0,0,0,complete
list-noopt,call,awfy_list.listbenchmark.run,direct_bytecode,101,1,0,0,0,0,0,1,,,,benchmark_awfy_list_noopt,method,,,fresh,success,1,1,0,complete
list-noopt,call,awfy_list.listarena.§factory,direct_bytecode,480,1,0,0,0,0,0,0,,,,benchmark_awfy_list_noopt,factory,,,fresh,success,0,0,0,complete
list-noopt,call,awfy_list.listbenchmark.makelist,direct_bytecode,502,1,0,0,0,0,0,3,,,,benchmark_awfy_list_noopt,method,,,fresh,success,1,1,0,complete
list-noopt,call,awfy_list.listbenchmark.makelist,direct_bytecode,673,15,0,0,0,0,0,3,,,,benchmark_awfy_list_noopt,method,,,fresh,success,30,30,0,complete
list-noopt,call,awfy_list.listarena.allocate,direct_bytecode,700,1,0,0,0,0,0,2,,,,benchmark_awfy_list_noopt,method,,,fresh,success,2,2,0,complete
list-noopt,call,awfy_list.listelement.§factory,direct_bytecode,398,1,0,0,0,0,0,1,,,,benchmark_awfy_list_noopt,factory,,,fresh,success,1,1,0,complete
list-noopt,call,awfy_list.listarena.allocate,direct_bytecode,700,3099,0,0,0,0,0,2,,,,benchmark_awfy_list_noopt,method,,,reused,success,6198,6198,0,complete
list-noopt,call,awfy_list.listelement.§factory,direct_bytecode,398,3099,0,0,0,0,0,1,,,,benchmark_awfy_list_noopt,factory,,,reused,success,3099,3099,0,complete
list-noopt,call,awfy_list.listelement.setnext,direct_bytecode,736,1,0,0,0,0,0,2,,,,benchmark_awfy_list_noopt,method,,,fresh,success,2,2,0,complete
list-noopt,call,awfy_list.listelement.setnext,direct_bytecode,736,2799,0,0,0,0,0,2,,,,benchmark_awfy_list_noopt,method,,,reused,success,5598,5598,0,complete
list-noopt,call,awfy_list.listbenchmark.makelist,direct_bytecode,527,100,0,0,0,0,0,3,,,,benchmark_awfy_list_noopt,method,,,reused,success,100,100,0,complete
list-noopt,call,awfy_list.listbenchmark.makelist,direct_bytecode,673,3085,0,0,0,0,0,3,,,,benchmark_awfy_list_noopt,method,,,reused,success,6170,6170,0,complete
list-noopt,call,awfy_list.listbenchmark.makelist,direct_bytecode,552,100,0,0,0,0,0,3,,,,benchmark_awfy_list_noopt,method,,,reused,success,100,100,0,complete
list-noopt,call,awfy_list.listbenchmark.tail,direct_bytecode,586,1,0,0,0,0,0,4,,,,benchmark_awfy_list_noopt,method,,,fresh,success,4,4,0,complete
list-noopt,call,awfy_list.listbenchmark.isshorterthan,direct_bytecode,895,1,0,0,0,0,0,3,,,,benchmark_awfy_list_noopt,method,,,fresh,success,3,3,0,complete
list-noopt,call,awfy_list.listelement.next,direct_bytecode,812,1,0,0,0,0,0,1,,,,benchmark_awfy_list_noopt,method,,,fresh,success,1,1,0,complete
list-noopt,call,awfy_list.listelement.next,direct_bytecode,828,1805000,0,0,0,0,0,1,,,,benchmark_awfy_list_noopt,method,,,reused,success,1805000,1805000,0,complete
list-noopt,call,awfy_list.listelement.next,direct_bytecode,812,1804999,0,0,0,0,0,1,,,,benchmark_awfy_list_noopt,method,,,reused,success,1804999,1804999,0,complete
list-noopt,call,awfy_list.listelement.next,direct_bytecode,935,70200,0,0,0,0,0,1,,,,benchmark_awfy_list_noopt,method,,,reused,success,70200,70200,0,complete
list-noopt,call,awfy_list.listelement.next,direct_bytecode,951,70200,0,0,0,0,0,1,,,,benchmark_awfy_list_noopt,method,,,reused,success,70200,70200,0,complete
list-noopt,call,awfy_list.listelement.next,direct_bytecode,967,70200,0,0,0,0,0,1,,,,benchmark_awfy_list_noopt,method,,,reused,success,70200,70200,0,complete
list-noopt,call,awfy_list.listbenchmark.tail,direct_bytecode,1001,12,0,0,0,0,0,4,,,,benchmark_awfy_list_noopt,method,,,fresh,success,48,48,0,complete
list-noopt,call,awfy_list.listbenchmark.isshorterthan,direct_bytecode,895,280899,0,0,0,0,0,3,,,,benchmark_awfy_list_noopt,method,,,reused,success,842697,842697,0,complete
list-noopt,call,awfy_list.listbenchmark.tail,direct_bytecode,1044,70200,0,0,0,0,0,4,,,,benchmark_awfy_list_noopt,method,,,reused,success,280800,280800,0,complete
list-noopt,call,awfy_list.listbenchmark.tail,direct_bytecode,1087,70200,0,0,0,0,0,4,,,,benchmark_awfy_list_noopt,method,,,reused,success,280800,280800,0,complete
list-noopt,call,awfy_list.listbenchmark.tail,direct_bytecode,1130,70200,0,0,0,0,0,4,,,,benchmark_awfy_list_noopt,method,,,reused,success,280800,280800,0,complete
list-noopt,call,awfy_list.listbenchmark.tail,direct_bytecode,1001,70188,0,0,0,0,0,4,,,,benchmark_awfy_list_noopt,method,,,reused,success,280752,280752,0,complete
list-noopt,call,awfy_list.listelement.length,direct_bytecode,616,1,0,0,0,0,0,1,,,,benchmark_awfy_list_noopt,method,,,fresh,success,1,1,0,complete
list-noopt,call,awfy_list.listelement.length,direct_bytecode,260,9,0,0,0,0,0,1,,,,benchmark_awfy_list_noopt,method,,,fresh,success,9,9,0,complete
list-noopt,call,awfy_list.listbenchmark.§factory,direct_bytecode,88,99,0,0,0,0,0,0,,,,benchmark_awfy_list_noopt,factory,,,reused,success,0,0,0,complete
list-noopt,call,awfy_list.listbenchmark.run,direct_bytecode,101,99,0,0,0,0,0,1,,,,benchmark_awfy_list_noopt,method,,,reused,success,99,99,0,complete
list-noopt,call,awfy_list.listarena.§factory,direct_bytecode,480,99,0,0,0,0,0,0,,,,benchmark_awfy_list_noopt,factory,,,reused,success,0,0,0,complete
list-noopt,call,awfy_list.listbenchmark.makelist,direct_bytecode,502,99,0,0,0,0,0,3,,,,benchmark_awfy_list_noopt,method,,,reused,success,99,99,0,complete
list-noopt,call,awfy_list.listbenchmark.tail,direct_bytecode,586,99,0,0,0,0,0,4,,,,benchmark_awfy_list_noopt,method,,,reused,success,396,396,0,complete
list-noopt,call,awfy_list.listelement.length,direct_bytecode,616,99,0,0,0,0,0,1,,,,benchmark_awfy_list_noopt,method,,,reused,success,99,99,0,complete
list-noopt,call,awfy_list.listelement.length,direct_bytecode,260,891,0,0,0,0,0,1,,,,benchmark_awfy_list_noopt,method,,,reused,success,891,891,0,complete
list-opt,census,call_path,direct_bytecode,,4395900,0,0,0,0,0,,,,,,,,,,,,,,complete
list-opt,census,call_path,direct_native,,0,0,0,0,0,0,,,,,,,,,,,,,,complete
list-opt,census,call_path,dynamic_bytecode,,0,0,0,0,0,0,,,,,,,,,,,,,,complete
list-opt,census,call_path,dynamic_native,,0,0,0,0,0,0,,,,,,,,,,,,,,complete
list-opt,census,call_path,external_root,,1,0,0,0,0,0,,,,,,,,,,,,,,complete
list-opt,census,call_path,signal_bytecode,,0,0,0,0,0,0,,,,,,,,,,,,,,complete
list-opt,census,call_path,signal_native,,0,0,0,0,0,0,,,,,,,,,,,,,,complete
list-opt,census,arity,1,,3824801,0,0,0,0,0,,,,,,,,,,,,,,complete
list-opt,census,arity,3,,284300,0,0,0,0,0,,,,,,,,,,,,,,complete
list-opt,census,arity,2,,5900,0,0,0,0,0,,,,,,,,,,,,,,complete
list-opt,census,arity,4,,280900,0,0,0,0,0,,,,,,,,,,,,,,complete
list-opt,census,callable_kind,procedure,,1,0,0,0,0,0,,,,,,,,,,,,,,complete
list-opt,census,callable_kind,method,,4392800,0,0,0,0,0,,,,,,,,,,,,,,complete
list-opt,census,callable_kind,factory,,3100,0,0,0,0,0,,,,,,,,,,,,,,complete
list-opt,census,callable_kind,native,,0,0,0,0,0,0,,,,,,,,,,,,,,complete
list-opt,census,callable_kind,unknown,,0,0,0,0,0,0,,,,,,,,,,,,,,complete
list-opt,census,frame_disposition,fresh,,46,0,0,0,0,0,,,,,,,,,,,,,,complete
list-opt,census,frame_disposition,reused,,4395855,0,0,0,0,0,,,,,,,,,,,,,,complete
list-opt,census,frame_disposition,no_child_native,,0,0,0,0,0,0,,,,,,,,,,,,,,complete
list-opt,census,frame_disposition,none_failed,,0,0,0,0,0,0,,,,,,,,,,,,,,complete
list-opt,census,call_outcome,success,,4395901,0,0,0,0,0,,,,,,,,,,,,,,complete
list-opt,census,call_outcome,unresolved,,0,0,0,0,0,0,,,,,,,,,,,,,,complete
list-opt,census,call_outcome,frame_failed,,0,0,0,0,0,0,,,,,,,,,,,,,,complete
list-opt,census,call_outcome,invalid,,0,0,0,0,0,0,,,,,,,,,,,,,,complete
list-opt,return,placement,void,,2800,0,0,0,0,0,,,,,,,,,,,,,,complete
list-opt,return,placement,ret_reg_move_local,,80800,0,0,0,0,0,,,,,,,,,,,,,,complete
list-opt,return,placement,ret_reg_copy_nonlocal,,4031300,0,0,0,0,0,,,,,,,,,,,,,,complete
list-opt,return,placement,value_ignored,,0,0,0,0,0,0,,,,,,,,,,,,,,complete
list-opt,return,placement,immediate,,281000,0,0,0,0,0,,,,,,,,,,,,,,complete
list-opt,return,placement,terminal_external,,1,0,0,0,0,0,,,,,,,,,,,,,,complete
list-opt,dynamic,srcmethodsel,attempt,,0,0,0,0,0,0,,,,,,,,,,,,,,complete
list-opt,dynamic,srcmethodsel,success,,0,0,0,0,0,0,,,,,,,,,,,,,,complete
list-opt,dynamic,srcmethodsel,failure,,0,0,0,0,0,0,,,,,,,,,,,,,,complete
list-opt,dynamic,srcfprocsel,attempt,,0,0,0,0,0,0,,,,,,,,,,,,,,complete
list-opt,dynamic,srcfprocsel,success,,0,0,0,0,0,0,,,,,,,,,,,,,,complete
list-opt,dynamic,srcfprocsel,failure,,0,0,0,0,0,0,,,,,,,,,,,,,,complete
list-opt,mechanics,call_window,setup_swaps,,5809400,0,0,0,0,0,,,,,,,,,,,,,,complete
list-opt,mechanics,call_window,normal_restoration_swaps,,5809400,0,0,0,0,0,,,,,,,,,,,,,,complete
list-opt,mechanics,call_window,unclassified_swaps,,0,0,0,0,0,0,,,,,,,,,,,,,,complete
list-opt,mechanics,call_window,defensive_argument_copies,,100,0,0,0,0,0,,,,,,,,,,,,,,complete
list-opt,mechanics,call_window,unclassified_copies,,567801,0,0,0,0,0,,,,,,,,,,,,,,complete
list-opt,mechanics,call_window,attribution_degraded,,0,0,0,0,0,0,,,,,,,,,,,,,,complete
list-opt,unwind,signal,events,,0,0,0,0,0,0,,,,,,,,,,,,,,complete
list-opt,unwind,signal,bytecode_frames_discarded,,0,0,0,0,0,0,,,,,,,,,,,,,,complete
list-opt,unwind,signal,argument_windows_restored,,0,0,0,0,0,0,,,,,,,,,,,,,,complete
list-opt,unwind,signal,argument_slots_restored,,0,0,0,0,0,0,,,,,,,,,,,,,,complete
list-opt,unwind,signal,interrupted_native_windows_restored,,0,0,0,0,0,0,,,,,,,,,,,,,,complete
list-opt,unwind,signal,interrupted_native_slots_restored,,0,0,0,0,0,0,,,,,,,,,,,,,,complete
list-opt,unwind,signal,restoration_failures,,0,0,0,0,0,0,,,,,,,,,,,,,,complete
list-opt,call,awfy_list.main,external_root,0,1,0,0,0,0,0,1,,,,benchmark_awfy_list_opt,procedure,,,fresh,success,0,0,0,complete
list-opt,call,awfy_list.listbenchmark.run,direct_bytecode,100,1,0,0,0,0,0,1,,,,benchmark_awfy_list_opt,method,,,fresh,success,1,1,1,complete
list-opt,call,awfy_list.listbenchmark.makelist,direct_bytecode,498,1,0,0,0,0,0,3,,,,benchmark_awfy_list_opt,method,,,fresh,success,1,1,0,complete
list-opt,call,awfy_list.listbenchmark.makelist,direct_bytecode,669,15,0,0,0,0,0,3,,,,benchmark_awfy_list_opt,method,,,fresh,success,30,30,0,complete
list-opt,call,awfy_list.listarena.allocate,direct_bytecode,696,1,0,0,0,0,0,2,,,,benchmark_awfy_list_opt,method,,,fresh,success,2,2,0,complete
list-opt,call,awfy_list.listelement.§factory,direct_bytecode,380,1,0,0,0,0,0,1,,,,benchmark_awfy_list_opt,factory,,,fresh,success,1,1,0,complete
list-opt,call,awfy_list.listarena.allocate,direct_bytecode,696,3099,0,0,0,0,0,2,,,,benchmark_awfy_list_opt,method,,,reused,success,6198,6198,0,complete
list-opt,call,awfy_list.listelement.§factory,direct_bytecode,380,3099,0,0,0,0,0,1,,,,benchmark_awfy_list_opt,factory,,,reused,success,3099,3099,0,complete
list-opt,call,awfy_list.listelement.setnext,direct_bytecode,732,1,0,0,0,0,0,2,,,,benchmark_awfy_list_opt,method,,,fresh,success,2,2,0,complete
list-opt,call,awfy_list.listelement.setnext,direct_bytecode,732,2799,0,0,0,0,0,2,,,,benchmark_awfy_list_opt,method,,,reused,success,5598,5598,0,complete
list-opt,call,awfy_list.listbenchmark.makelist,direct_bytecode,523,100,0,0,0,0,0,3,,,,benchmark_awfy_list_opt,method,,,reused,success,100,100,0,complete
list-opt,call,awfy_list.listbenchmark.makelist,direct_bytecode,669,3085,0,0,0,0,0,3,,,,benchmark_awfy_list_opt,method,,,reused,success,6170,6170,0,complete
list-opt,call,awfy_list.listbenchmark.makelist,direct_bytecode,548,100,0,0,0,0,0,3,,,,benchmark_awfy_list_opt,method,,,reused,success,100,100,0,complete
list-opt,call,awfy_list.listbenchmark.tail,direct_bytecode,582,1,0,0,0,0,0,4,,,,benchmark_awfy_list_opt,method,,,fresh,success,4,4,0,complete
list-opt,call,awfy_list.listbenchmark.isshorterthan,direct_bytecode,885,1,0,0,0,0,0,3,,,,benchmark_awfy_list_opt,method,,,fresh,success,3,3,0,complete
list-opt,call,awfy_list.listelement.next,direct_bytecode,805,1,0,0,0,0,0,1,,,,benchmark_awfy_list_opt,method,,,fresh,success,1,1,0,complete
list-opt,call,awfy_list.listelement.next,direct_bytecode,821,1805000,0,0,0,0,0,1,,,,benchmark_awfy_list_opt,method,,,reused,success,1805000,1805000,0,complete
list-opt,call,awfy_list.listelement.next,direct_bytecode,805,1804999,0,0,0,0,0,1,,,,benchmark_awfy_list_opt,method,,,reused,success,1804999,1804999,0,complete
list-opt,call,awfy_list.listelement.next,direct_bytecode,925,70200,0,0,0,0,0,1,,,,benchmark_awfy_list_opt,method,,,reused,success,70200,70200,0,complete
list-opt,call,awfy_list.listelement.next,direct_bytecode,941,70200,0,0,0,0,0,1,,,,benchmark_awfy_list_opt,method,,,reused,success,70200,70200,0,complete
list-opt,call,awfy_list.listelement.next,direct_bytecode,957,70200,0,0,0,0,0,1,,,,benchmark_awfy_list_opt,method,,,reused,success,70200,70200,0,complete
list-opt,call,awfy_list.listbenchmark.tail,direct_bytecode,991,12,0,0,0,0,0,4,,,,benchmark_awfy_list_opt,method,,,fresh,success,48,48,0,complete
list-opt,call,awfy_list.listbenchmark.isshorterthan,direct_bytecode,885,280899,0,0,0,0,0,3,,,,benchmark_awfy_list_opt,method,,,reused,success,842697,842697,0,complete
list-opt,call,awfy_list.listbenchmark.tail,direct_bytecode,1034,70200,0,0,0,0,0,4,,,,benchmark_awfy_list_opt,method,,,reused,success,280800,280800,0,complete
list-opt,call,awfy_list.listbenchmark.tail,direct_bytecode,1077,70200,0,0,0,0,0,4,,,,benchmark_awfy_list_opt,method,,,reused,success,280800,280800,0,complete
list-opt,call,awfy_list.listbenchmark.tail,direct_bytecode,1120,70200,0,0,0,0,0,4,,,,benchmark_awfy_list_opt,method,,,reused,success,280800,280800,0,complete
list-opt,call,awfy_list.listbenchmark.tail,direct_bytecode,991,70188,0,0,0,0,0,4,,,,benchmark_awfy_list_opt,method,,,reused,success,280752,280752,0,complete
list-opt,call,awfy_list.listelement.length,direct_bytecode,612,1,0,0,0,0,0,1,,,,benchmark_awfy_list_opt,method,,,fresh,success,1,1,0,complete
list-opt,call,awfy_list.listelement.length,direct_bytecode,242,9,0,0,0,0,0,1,,,,benchmark_awfy_list_opt,method,,,fresh,success,9,9,0,complete
list-opt,call,awfy_list.listbenchmark.run,direct_bytecode,100,99,0,0,0,0,0,1,,,,benchmark_awfy_list_opt,method,,,reused,success,99,99,99,complete
list-opt,call,awfy_list.listbenchmark.makelist,direct_bytecode,498,99,0,0,0,0,0,3,,,,benchmark_awfy_list_opt,method,,,reused,success,99,99,0,complete
list-opt,call,awfy_list.listbenchmark.tail,direct_bytecode,582,99,0,0,0,0,0,4,,,,benchmark_awfy_list_opt,method,,,reused,success,396,396,0,complete
list-opt,call,awfy_list.listelement.length,direct_bytecode,612,99,0,0,0,0,0,1,,,,benchmark_awfy_list_opt,method,,,reused,success,99,99,0,complete
list-opt,call,awfy_list.listelement.length,direct_bytecode,242,891,0,0,0,0,0,1,,,,benchmark_awfy_list_opt,method,,,reused,success,891,891,0,complete
richards-noopt,census,call_path,direct_bytecode,,469638,0,0,0,0,0,,,,,,,,,,,,,,complete
richards-noopt,census,call_path,direct_native,,0,0,0,0,0,0,,,,,,,,,,,,,,complete
richards-noopt,census,call_path,dynamic_bytecode,,0,0,0,0,0,0,,,,,,,,,,,,,,complete
richards-noopt,census,call_path,dynamic_native,,0,0,0,0,0,0,,,,,,,,,,,,,,complete
richards-noopt,census,call_path,external_root,,1,0,0,0,0,0,,,,,,,,,,,,,,complete
richards-noopt,census,call_path,signal_bytecode,,0,0,0,0,0,0,,,,,,,,,,,,,,complete
richards-noopt,census,call_path,signal_native,,0,0,0,0,0,0,,,,,,,,,,,,,,complete
richards-noopt,census,arity,1,,42550,0,0,0,0,0,,,,,,,,,,,,,,complete
richards-noopt,census,arity,0,,1,0,0,0,0,0,,,,,,,,,,,,,,complete
richards-noopt,census,arity,7,,6,0,0,0,0,0,,,,,,,,,,,,,,complete
richards-noopt,census,arity,4,,23254,0,0,0,0,0,,,,,,,,,,,,,,complete
richards-noopt,census,arity,2,,332578,0,0,0,0,0,,,,,,,,,,,,,,complete
richards-noopt,census,arity,3,,71250,0,0,0,0,0,,,,,,,,,,,,,,complete
richards-noopt,census,callable_kind,procedure,,1,0,0,0,0,0,,,,,,,,,,,,,,complete
richards-noopt,census,callable_kind,method,,469637,0,0,0,0,0,,,,,,,,,,,,,,complete
richards-noopt,census,callable_kind,factory,,1,0,0,0,0,0,,,,,,,,,,,,,,complete
richards-noopt,census,callable_kind,native,,0,0,0,0,0,0,,,,,,,,,,,,,,complete
richards-noopt,census,callable_kind,unknown,,0,0,0,0,0,0,,,,,,,,,,,,,,complete
richards-noopt,census,frame_disposition,fresh,,24,0,0,0,0,0,,,,,,,,,,,,,,complete
richards-noopt,census,frame_disposition,reused,,469615,0,0,0,0,0,,,,,,,,,,,,,,complete
richards-noopt,census,frame_disposition,no_child_native,,0,0,0,0,0,0,,,,,,,,,,,,,,complete
richards-noopt,census,frame_disposition,none_failed,,0,0,0,0,0,0,,,,,,,,,,,,,,complete
richards-noopt,census,call_outcome,success,,469639,0,0,0,0,0,,,,,,,,,,,,,,complete
richards-noopt,census,call_outcome,unresolved,,0,0,0,0,0,0,,,,,,,,,,,,,,complete
richards-noopt,census,call_outcome,frame_failed,,0,0,0,0,0,0,,,,,,,,,,,,,,complete
richards-noopt,census,call_outcome,invalid,,0,0,0,0,0,0,,,,,,,,,,,,,,complete
richards-noopt,return,placement,void,,23257,0,0,0,0,0,,,,,,,,,,,,,,complete
richards-noopt,return,placement,ret_reg_move_local,,337221,0,0,0,0,0,,,,,,,,,,,,,,complete
richards-noopt,return,placement,ret_reg_copy_nonlocal,,109160,0,0,0,0,0,,,,,,,,,,,,,,complete
richards-noopt,return,placement,value_ignored,,0,0,0,0,0,0,,,,,,,,,,,,,,complete
richards-noopt,return,placement,immediate,,0,0,0,0,0,0,,,,,,,,,,,,,,complete
richards-noopt,return,placement,terminal_external,,1,0,0,0,0,0,,,,,,,,,,,,,,complete
richards-noopt,dynamic,srcmethodsel,attempt,,0,0,0,0,0,0,,,,,,,,,,,,,,complete
richards-noopt,dynamic,srcmethodsel,success,,0,0,0,0,0,0,,,,,,,,,,,,,,complete
richards-noopt,dynamic,srcmethodsel,failure,,0,0,0,0,0,0,,,,,,,,,,,,,,complete
richards-noopt,dynamic,srcfprocsel,attempt,,0,0,0,0,0,0,,,,,,,,,,,,,,complete
richards-noopt,dynamic,srcfprocsel,success,,0,0,0,0,0,0,,,,,,,,,,,,,,complete
richards-noopt,dynamic,srcfprocsel,failure,,0,0,0,0,0,0,,,,,,,,,,,,,,complete
richards-noopt,mechanics,call_window,setup_swaps,,1004462,0,0,0,0,0,,,,,,,,,,,,,,complete
richards-noopt,mechanics,call_window,normal_restoration_swaps,,1004462,0,0,0,0,0,,,,,,,,,,,,,,complete
richards-noopt,mechanics,call_window,unclassified_swaps,,0,0,0,0,0,0,,,,,,,,,,,,,,complete
richards-noopt,mechanics,call_window,defensive_argument_copies,,0,0,0,0,0,0,,,,,,,,,,,,,,complete
richards-noopt,mechanics,call_window,unclassified_copies,,1,0,0,0,0,0,,,,,,,,,,,,,,complete
richards-noopt,mechanics,call_window,attribution_degraded,,0,0,0,0,0,0,,,,,,,,,,,,,,complete
richards-noopt,unwind,signal,events,,0,0,0,0,0,0,,,,,,,,,,,,,,complete
richards-noopt,unwind,signal,bytecode_frames_discarded,,0,0,0,0,0,0,,,,,,,,,,,,,,complete
richards-noopt,unwind,signal,argument_windows_restored,,0,0,0,0,0,0,,,,,,,,,,,,,,complete
richards-noopt,unwind,signal,argument_slots_restored,,0,0,0,0,0,0,,,,,,,,,,,,,,complete
richards-noopt,unwind,signal,interrupted_native_windows_restored,,0,0,0,0,0,0,,,,,,,,,,,,,,complete
richards-noopt,unwind,signal,interrupted_native_slots_restored,,0,0,0,0,0,0,,,,,,,,,,,,,,complete
richards-noopt,unwind,signal,restoration_failures,,0,0,0,0,0,0,,,,,,,,,,,,,,complete
richards-noopt,call,awfy_richards.main,external_root,0,1,0,0,0,0,0,1,,,,benchmark_awfy_richards_noopt,procedure,,,fresh,success,0,0,0,complete
richards-noopt,call,awfy_richards.richardsscheduler.§factory,direct_bytecode,91,1,0,0,0,0,0,0,,,,benchmark_awfy_richards_noopt,factory,,,fresh,success,0,0,0,complete
richards-noopt,call,awfy_richards.richardsscheduler.run,direct_bytecode,104,1,0,0,0,0,0,1,,,,benchmark_awfy_richards_noopt,method,,,fresh,success,1,1,0,complete
richards-noopt,call,awfy_richards.richardsscheduler.createtask,direct_bytecode,425,1,0,0,0,0,0,7,,,,benchmark_awfy_richards_noopt,method,,,fresh,success,1,1,0,complete
richards-noopt,call,awfy_richards.richardsscheduler.createpacket,direct_bytecode,450,1,0,0,0,0,0,4,,,,benchmark_awfy_richards_noopt,method,,,fresh,success,1,1,0,complete
richards-noopt,call,awfy_richards.richardsscheduler.createpacket,direct_bytecode,475,1,0,0,0,0,0,4,,,,benchmark_awfy_richards_noopt,method,,,reused,success,2,2,0,complete
richards-noopt,call,awfy_richards.richardsscheduler.createtask,direct_bytecode,512,1,0,0,0,0,0,7,,,,benchmark_awfy_richards_noopt,method,,,reused,success,2,2,0,complete
richards-noopt,call,awfy_richards.richardsscheduler.createpacket,direct_bytecode,540,1,0,0,0,0,0,4,,,,benchmark_awfy_richards_noopt,method,,,reused,success,1,1,0,complete
richards-noopt,call,awfy_richards.richardsscheduler.createpacket,direct_bytecode,565,1,0,0,0,0,0,4,,,,benchmark_awfy_richards_noopt,method,,,reused,success,2,2,0,complete
richards-noopt,call,awfy_richards.richardsscheduler.createpacket,direct_bytecode,593,1,0,0,0,0,0,4,,,,benchmark_awfy_richards_noopt,method,,,reused,success,2,2,0,complete
richards-noopt,call,awfy_richards.richardsscheduler.createtask,direct_bytecode,630,1,0,0,0,0,0,7,,,,benchmark_awfy_richards_noopt,method,,,reused,success,2,2,0,complete
richards-noopt,call,awfy_richards.richardsscheduler.createpacket,direct_bytecode,658,1,0,0,0,0,0,4,,,,benchmark_awfy_richards_noopt,method,,,reused,success,1,1,0,complete
richards-noopt,call,awfy_richards.richardsscheduler.createpacket,direct_bytecode,683,1,0,0,0,0,0,4,,,,benchmark_awfy_richards_noopt,method,,,reused,success,2,2,0,complete
richards-noopt,call,awfy_richards.richardsscheduler.createpacket,direct_bytecode,711,1,0,0,0,0,0,4,,,,benchmark_awfy_richards_noopt,method,,,reused,success,2,2,0,complete
richards-noopt,call,awfy_richards.richardsscheduler.createtask,direct_bytecode,748,1,0,0,0,0,0,7,,,,benchmark_awfy_richards_noopt,method,,,reused,success,2,2,0,complete
richards-noopt,call,awfy_richards.richardsscheduler.createtask,direct_bytecode,785,1,0,0,0,0,0,7,,,,benchmark_awfy_richards_noopt,method,,,reused,success,1,1,0,complete
richards-noopt,call,awfy_richards.richardsscheduler.createtask,direct_bytecode,819,1,0,0,0,0,0,7,,,,benchmark_awfy_richards_noopt,method,,,reused,success,1,1,0,complete
richards-noopt,call,awfy_richards.richardsscheduler.schedule,direct_bytecode,835,1,0,0,0,0,0,1,,,,benchmark_awfy_richards_noopt,method,,,fresh,success,1,1,0,complete
richards-noopt,call,awfy_richards.richardsscheduler.isholdingorwaiting,direct_bytecode,4179,1,0,0,0,0,0,2,,,,benchmark_awfy_richards_noopt,method,,,fresh,success,2,2,0,complete
richards-noopt,call,awfy_richards.richardsscheduler.isholdingorwaiting,direct_bytecode,4179,106603,0,0,0,0,0,2,,,,benchmark_awfy_richards_noopt,method,,,reused,success,213206,213206,0,complete
richards-noopt,call,awfy_richards.richardsscheduler.runtask,direct_bytecode,4261,1,0,0,0,0,0,2,,,,benchmark_awfy_richards_noopt,method,,,fresh,success,2,2,0,complete
richards-noopt,call,awfy_richards.richardsscheduler.iswaitingwithpacket,direct_bytecode,2543,1,0,0,0,0,0,2,,,,benchmark_awfy_richards_noopt,method,,,fresh,success,2,2,0,complete
richards-noopt,call,awfy_richards.richardsscheduler.setpacketpending,direct_bytecode,2678,1,0,0,0,0,0,2,,,,benchmark_awfy_richards_noopt,method,,,fresh,success,2,2,0,complete
richards-noopt,call,awfy_richards.richardsscheduler.runhandler,direct_bytecode,2777,1,0,0,0,0,0,3,,,,benchmark_awfy_richards_noopt,method,,,fresh,success,3,3,0,complete
richards-noopt,call,awfy_richards.richardsscheduler.appendpacket,direct_bytecode,3508,1,0,0,0,0,0,3,,,,benchmark_awfy_richards_noopt,method,,,fresh,success,3,3,0,complete
richards-noopt,call,awfy_richards.richardsscheduler.markwaiting,direct_bytecode,3570,1,0,0,0,0,0,1,,,,benchmark_awfy_richards_noopt,method,,,fresh,success,1,1,0,complete
richards-noopt,call,awfy_richards.richardsscheduler.runtask,direct_bytecode,4261,65789,0,0,0,0,0,2,,,,benchmark_awfy_richards_noopt,method,,,reused,success,131578,131578,0,complete
richards-noopt,call,awfy_richards.richardsscheduler.iswaitingwithpacket,direct_bytecode,2543,65789,0,0,0,0,0,2,,,,benchmark_awfy_richards_noopt,method,,,reused,success,131578,131578,0,complete
richards-noopt,call,awfy_richards.richardsscheduler.setpacketpending,direct_bytecode,2678,8489,0,0,0,0,0,2,,,,benchmark_awfy_richards_noopt,method,,,reused,success,16978,16978,0,complete
richards-noopt,call,awfy_richards.richardsscheduler.runhandler,direct_bytecode,2777,23251,0,0,0,0,0,3,,,,benchmark_awfy_richards_noopt,method,,,reused,success,69753,69753,0,complete
richards-noopt,call,awfy_richards.richardsscheduler.appendpacket,direct_bytecode,3508,9299,0,0,0,0,0,3,,,,benchmark_awfy_richards_noopt,method,,,reused,success,27897,27897,0,complete
richards-noopt,call,awfy_richards.richardsscheduler.markwaiting,direct_bytecode,3570,2941,0,0,0,0,0,1,,,,benchmark_awfy_richards_noopt,method,,,reused,success,2941,2941,0,complete
richards-noopt,call,awfy_richards.richardsscheduler.setrunning,direct_bytecode,2654,1,0,0,0,0,0,2,,,,benchmark_awfy_richards_noopt,method,,,fresh,success,2,2,0,complete
richards-noopt,call,awfy_richards.richardsscheduler.setrunning,direct_bytecode,2654,14759,0,0,0,0,0,2,,,,benchmark_awfy_richards_noopt,method,,,reused,success,29518,29518,0,complete
richards-noopt,call,awfy_richards.richardsscheduler.runworker,direct_bytecode,2734,1,0,0,0,0,0,2,,,,benchmark_awfy_richards_noopt,method,,,fresh,success,2,2,0,complete
richards-noopt,call,awfy_richards.richardsscheduler.queuepacket,direct_bytecode,3338,1,0,0,0,0,0,2,,,,benchmark_awfy_richards_noopt,method,,,fresh,success,2,2,0,complete
richards-noopt,call,awfy_richards.richardsscheduler.findtask,direct_bytecode,2378,1,0,0,0,0,0,2,,,,benchmark_awfy_richards_noopt,method,,,fresh,success,2,2,0,complete
richards-noopt,call,awfy_richards.richardsscheduler.addinput,direct_bytecode,2496,1,0,0,0,0,0,4,,,,benchmark_awfy_richards_noopt,method,,,fresh,success,4,4,0,complete
richards-noopt,call,awfy_richards.richardsscheduler.appendpacket,direct_bytecode,3437,2327,0,0,0,0,0,3,,,,benchmark_awfy_richards_noopt,method,,,reused,success,6981,6981,0,complete
richards-noopt,call,awfy_richards.richardsscheduler.queuepacket,direct_bytecode,3954,9300,0,0,0,0,0,2,,,,benchmark_awfy_richards_noopt,method,,,reused,success,18600,18600,0,complete
richards-noopt,call,awfy_richards.richardsscheduler.findtask,direct_bytecode,2378,23245,0,0,0,0,0,2,,,,benchmark_awfy_richards_noopt,method,,,reused,success,46490,46490,0,complete
richards-noopt,call,awfy_richards.richardsscheduler.addinput,direct_bytecode,2496,23245,0,0,0,0,0,4,,,,benchmark_awfy_richards_noopt,method,,,reused,success,92980,92980,0,complete
richards-noopt,call,awfy_richards.richardsscheduler.rundevice,direct_bytecode,2823,1,0,0,0,0,0,3,,,,benchmark_awfy_richards_noopt,method,,,fresh,success,3,3,0,complete
richards-noopt,call,awfy_richards.richardsscheduler.holdself,direct_bytecode,4114,1,0,0,0,0,0,1,,,,benchmark_awfy_richards_noopt,method,,,fresh,success,1,1,0,complete
richards-noopt,call,awfy_richards.richardsscheduler.appendpacket,direct_bytecode,2011,8487,0,0,0,0,0,3,,,,benchmark_awfy_richards_noopt,method,,,reused,success,25461,25461,0,complete
richards-noopt,call,awfy_richards.richardsscheduler.markwaiting,direct_bytecode,3705,8685,0,0,0,0,0,1,,,,benchmark_awfy_richards_noopt,method,,,reused,success,8685,8685,0,complete
richards-noopt,call,awfy_richards.richardsscheduler.runworker,direct_bytecode,2734,4653,0,0,0,0,0,2,,,,benchmark_awfy_richards_noopt,method,,,reused,success,9306,9306,0,complete
richards-noopt,call,awfy_richards.richardsscheduler.markwaiting,direct_bytecode,3049,2327,0,0,0,0,0,1,,,,benchmark_awfy_richards_noopt,method,,,reused,success,2327,2327,0,complete
richards-noopt,call,awfy_richards.richardsscheduler.queuepacket,direct_bytecode,3338,2326,0,0,0,0,0,2,,,,benchmark_awfy_richards_noopt,method,,,reused,success,4652,4652,0,complete
richards-noopt,call,awfy_richards.richardsscheduler.rundevice,direct_bytecode,2823,27883,0,0,0,0,0,3,,,,benchmark_awfy_richards_noopt,method,,,reused,success,83649,83649,0,complete
richards-noopt,call,awfy_richards.richardsscheduler.holdself,direct_bytecode,4114,9295,0,0,0,0,0,1,,,,benchmark_awfy_richards_noopt,method,,,reused,success,9295,9295,0,complete
richards-noopt,call,awfy_richards.richardsscheduler.runidler,direct_bytecode,2704,1,0,0,0,0,0,1,,,,benchmark_awfy_richards_noopt,method,,,fresh,success,1,1,0,complete
richards-noopt,call,awfy_richards.richardsscheduler.release,direct_bytecode,3012,1,0,0,0,0,0,2,,,,benchmark_awfy_richards_noopt,method,,,fresh,success,1,1,0,complete
richards-noopt,call,awfy_richards.richardsscheduler.findtask,direct_bytecode,2232,9999,0,0,0,0,0,2,,,,benchmark_awfy_richards_noopt,method,,,reused,success,19998,19998,0,complete
richards-noopt,call,awfy_richards.richardsscheduler.queuepacket,direct_bytecode,4069,9294,0,0,0,0,0,2,,,,benchmark_awfy_richards_noopt,method,,,reused,success,18588,18588,0,complete
richards-noopt,call,awfy_richards.richardsscheduler.markwaiting,direct_bytecode,4023,9294,0,0,0,0,0,1,,,,benchmark_awfy_richards_noopt,method,,,reused,success,9294,9294,0,complete
richards-noopt,call,awfy_richards.richardsscheduler.queuepacket,direct_bytecode,3655,2325,0,0,0,0,0,2,,,,benchmark_awfy_richards_noopt,method,,,reused,success,4650,4650,0,complete
richards-noopt,call,awfy_richards.richardsscheduler.runidler,direct_bytecode,2704,9999,0,0,0,0,0,1,,,,benchmark_awfy_richards_noopt,method,,,reused,success,9999,9999,0,complete
richards-noopt,call,awfy_richards.richardsscheduler.release,direct_bytecode,2968,5007,0,0,0,0,0,2,,,,benchmark_awfy_richards_noopt,method,,,reused,success,5007,5007,0,complete
richards-noopt,call,awfy_richards.richardsscheduler.release,direct_bytecode,3012,4991,0,0,0,0,0,2,,,,benchmark_awfy_richards_noopt,method,,,reused,success,4991,4991,0,complete
richards-noopt,call,awfy_richards.richardsscheduler.holdself,direct_bytecode,2911,1,0,0,0,0,0,1,,,,benchmark_awfy_richards_noopt,method,,,reused,success,1,1,0,complete
richards-noopt,call,awfy_richards.richardsscheduler.queuecount,direct_bytecode,120,1,0,0,0,0,0,1,,,,benchmark_awfy_richards_noopt,method,,,fresh,success,1,1,0,complete
richards-noopt,call,awfy_richards.richardsscheduler.holdcount,direct_bytecode,136,1,0,0,0,0,0,1,,,,benchmark_awfy_richards_noopt,method,,,fresh,success,1,1,0,complete
richards-opt,census,call_path,direct_bytecode,,119157,0,0,0,0,0,,,,,,,,,,,,,,complete
richards-opt,census,call_path,direct_native,,0,0,0,0,0,0,,,,,,,,,,,,,,complete
richards-opt,census,call_path,dynamic_bytecode,,0,0,0,0,0,0,,,,,,,,,,,,,,complete
richards-opt,census,call_path,dynamic_native,,0,0,0,0,0,0,,,,,,,,,,,,,,complete
richards-opt,census,call_path,external_root,,1,0,0,0,0,0,,,,,,,,,,,,,,complete
richards-opt,census,call_path,signal_bytecode,,0,0,0,0,0,0,,,,,,,,,,,,,,complete
richards-opt,census,call_path,signal_native,,0,0,0,0,0,0,,,,,,,,,,,,,,complete
richards-opt,census,arity,1,,3,0,0,0,0,0,,,,,,,,,,,,,,complete
richards-opt,census,arity,4,,3,0,0,0,0,0,,,,,,,,,,,,,,complete
richards-opt,census,arity,7,,3,0,0,0,0,0,,,,,,,,,,,,,,complete
richards-opt,census,arity,2,,99035,0,0,0,0,0,,,,,,,,,,,,,,complete
richards-opt,census,arity,3,,20114,0,0,0,0,0,,,,,,,,,,,,,,complete
richards-opt,census,callable_kind,procedure,,1,0,0,0,0,0,,,,,,,,,,,,,,complete
richards-opt,census,callable_kind,method,,119157,0,0,0,0,0,,,,,,,,,,,,,,complete
richards-opt,census,callable_kind,factory,,0,0,0,0,0,0,,,,,,,,,,,,,,complete
richards-opt,census,callable_kind,native,,0,0,0,0,0,0,,,,,,,,,,,,,,complete
richards-opt,census,callable_kind,unknown,,0,0,0,0,0,0,,,,,,,,,,,,,,complete
richards-opt,census,frame_disposition,fresh,,9,0,0,0,0,0,,,,,,,,,,,,,,complete
richards-opt,census,frame_disposition,reused,,119149,0,0,0,0,0,,,,,,,,,,,,,,complete
richards-opt,census,frame_disposition,no_child_native,,0,0,0,0,0,0,,,,,,,,,,,,,,complete
richards-opt,census,frame_disposition,none_failed,,0,0,0,0,0,0,,,,,,,,,,,,,,complete
richards-opt,census,call_outcome,success,,119158,0,0,0,0,0,,,,,,,,,,,,,,complete
richards-opt,census,call_outcome,unresolved,,0,0,0,0,0,0,,,,,,,,,,,,,,complete
richards-opt,census,call_outcome,frame_failed,,0,0,0,0,0,0,,,,,,,,,,,,,,complete
richards-opt,census,call_outcome,invalid,,0,0,0,0,0,0,,,,,,,,,,,,,,complete
richards-opt,return,placement,void,,4,0,0,0,0,0,,,,,,,,,,,,,,complete
richards-opt,return,placement,ret_reg_move_local,,99035,0,0,0,0,0,,,,,,,,,,,,,,complete
richards-opt,return,placement,ret_reg_copy_nonlocal,,20117,0,0,0,0,0,,,,,,,,,,,,,,complete
richards-opt,return,placement,value_ignored,,0,0,0,0,0,0,,,,,,,,,,,,,,complete
richards-opt,return,placement,immediate,,1,0,0,0,0,0,,,,,,,,,,,,,,complete
richards-opt,return,placement,terminal_external,,1,0,0,0,0,0,,,,,,,,,,,,,,complete
richards-opt,dynamic,srcmethodsel,attempt,,0,0,0,0,0,0,,,,,,,,,,,,,,complete
richards-opt,dynamic,srcmethodsel,success,,0,0,0,0,0,0,,,,,,,,,,,,,,complete
richards-opt,dynamic,srcmethodsel,failure,,0,0,0,0,0,0,,,,,,,,,,,,,,complete
richards-opt,dynamic,srcfprocsel,attempt,,0,0,0,0,0,0,,,,,,,,,,,,,,complete
richards-opt,dynamic,srcfprocsel,success,,0,0,0,0,0,0,,,,,,,,,,,,,,complete
richards-opt,dynamic,srcfprocsel,failure,,0,0,0,0,0,0,,,,,,,,,,,,,,complete
richards-opt,mechanics,call_window,setup_swaps,,248424,0,0,0,0,0,,,,,,,,,,,,,,complete
richards-opt,mechanics,call_window,normal_restoration_swaps,,248424,0,0,0,0,0,,,,,,,,,,,,,,complete
richards-opt,mechanics,call_window,unclassified_swaps,,0,0,0,0,0,0,,,,,,,,,,,,,,complete
richards-opt,mechanics,call_window,defensive_argument_copies,,2,0,0,0,0,0,,,,,,,,,,,,,,complete
richards-opt,mechanics,call_window,unclassified_copies,,680967,0,0,0,0,0,,,,,,,,,,,,,,complete
richards-opt,mechanics,call_window,attribution_degraded,,0,0,0,0,0,0,,,,,,,,,,,,,,complete
richards-opt,unwind,signal,events,,0,0,0,0,0,0,,,,,,,,,,,,,,complete
richards-opt,unwind,signal,bytecode_frames_discarded,,0,0,0,0,0,0,,,,,,,,,,,,,,complete
richards-opt,unwind,signal,argument_windows_restored,,0,0,0,0,0,0,,,,,,,,,,,,,,complete
richards-opt,unwind,signal,argument_slots_restored,,0,0,0,0,0,0,,,,,,,,,,,,,,complete
richards-opt,unwind,signal,interrupted_native_windows_restored,,0,0,0,0,0,0,,,,,,,,,,,,,,complete
richards-opt,unwind,signal,interrupted_native_slots_restored,,0,0,0,0,0,0,,,,,,,,,,,,,,complete
richards-opt,unwind,signal,restoration_failures,,0,0,0,0,0,0,,,,,,,,,,,,,,complete
richards-opt,call,awfy_richards.main,external_root,0,1,0,0,0,0,0,1,,,,benchmark_awfy_richards_opt,procedure,,,fresh,success,0,0,0,complete
richards-opt,call,awfy_richards.richardsscheduler.run,direct_bytecode,223,1,0,0,0,0,0,1,,,,benchmark_awfy_richards_opt,method,,,fresh,success,1,1,1,complete
richards-opt,call,awfy_richards.richardsscheduler.createpacket,direct_bytecode,2250,1,0,0,0,0,0,4,,,,benchmark_awfy_richards_opt,method,,,fresh,success,1,1,1,complete
richards-opt,call,awfy_richards.richardsscheduler.createpacket,direct_bytecode,2275,1,0,0,0,0,0,4,,,,benchmark_awfy_richards_opt,method,,,reused,success,2,2,0,complete
richards-opt,call,awfy_richards.richardsscheduler.createpacket,direct_bytecode,2303,1,0,0,0,0,0,4,,,,benchmark_awfy_richards_opt,method,,,reused,success,2,2,0,complete
richards-opt,call,awfy_richards.richardsscheduler.createtask,direct_bytecode,2340,1,0,0,0,0,0,7,,,,benchmark_awfy_richards_opt,method,,,fresh,success,2,2,0,complete
richards-opt,call,awfy_richards.richardsscheduler.createtask,direct_bytecode,2377,1,0,0,0,0,0,7,,,,benchmark_awfy_richards_opt,method,,,reused,success,1,1,0,complete
richards-opt,call,awfy_richards.richardsscheduler.createtask,direct_bytecode,2411,1,0,0,0,0,0,7,,,,benchmark_awfy_richards_opt,method,,,reused,success,1,1,0,complete
richards-opt,call,awfy_richards.richardsscheduler.schedule,direct_bytecode,2427,1,0,0,0,0,0,1,,,,benchmark_awfy_richards_opt,method,,,fresh,success,1,1,0,complete
richards-opt,call,awfy_richards.richardsscheduler.runtask,direct_bytecode,9895,1,0,0,0,0,0,2,,,,benchmark_awfy_richards_opt,method,,,fresh,success,2,2,0,complete
richards-opt,call,awfy_richards.richardsscheduler.appendpacket,direct_bytecode,5476,1,0,0,0,0,0,3,,,,benchmark_awfy_richards_opt,method,,,fresh,success,3,3,0,complete
richards-opt,call,awfy_richards.richardsscheduler.runtask,direct_bytecode,9895,65789,0,0,0,0,0,2,,,,benchmark_awfy_richards_opt,method,,,reused,success,131578,131578,0,complete
richards-opt,call,awfy_richards.richardsscheduler.appendpacket,direct_bytecode,5476,9299,0,0,0,0,0,3,,,,benchmark_awfy_richards_opt,method,,,reused,success,27897,27897,0,complete
richards-opt,call,awfy_richards.richardsscheduler.queuepacket,direct_bytecode,5283,1,0,0,0,0,0,2,,,,benchmark_awfy_richards_opt,method,,,fresh,success,2,2,0,complete
richards-opt,call,awfy_richards.richardsscheduler.appendpacket,direct_bytecode,5405,2327,0,0,0,0,0,3,,,,benchmark_awfy_richards_opt,method,,,reused,success,6981,6981,0,complete
richards-opt,call,awfy_richards.richardsscheduler.queuepacket,direct_bytecode,6006,9300,0,0,0,0,0,2,,,,benchmark_awfy_richards_opt,method,,,reused,success,18600,18600,0,complete
richards-opt,call,awfy_richards.richardsscheduler.appendpacket,direct_bytecode,4238,8487,0,0,0,0,0,3,,,,benchmark_awfy_richards_opt,method,,,reused,success,25461,25461,0,complete
richards-opt,call,awfy_richards.richardsscheduler.queuepacket,direct_bytecode,5283,2326,0,0,0,0,0,2,,,,benchmark_awfy_richards_opt,method,,,reused,success,4652,4652,0,complete
richards-opt,call,awfy_richards.richardsscheduler.release,direct_bytecode,4908,1,0,0,0,0,0,2,,,,benchmark_awfy_richards_opt,method,,,fresh,success,1,1,0,complete
richards-opt,call,awfy_richards.richardsscheduler.queuepacket,direct_bytecode,6191,9294,0,0,0,0,0,2,,,,benchmark_awfy_richards_opt,method,,,reused,success,18588,18588,0,complete
richards-opt,call,awfy_richards.richardsscheduler.queuepacket,direct_bytecode,5662,2325,0,0,0,0,0,2,,,,benchmark_awfy_richards_opt,method,,,reused,success,4650,4650,0,complete
richards-opt,call,awfy_richards.richardsscheduler.release,direct_bytecode,4858,5007,0,0,0,0,0,2,,,,benchmark_awfy_richards_opt,method,,,reused,success,5007,5007,0,complete
richards-opt,call,awfy_richards.richardsscheduler.release,direct_bytecode,4908,4991,0,0,0,0,0,2,,,,benchmark_awfy_richards_opt,method,,,reused,success,4991,4991,0,complete
json-noopt,census,call_path,direct_bytecode,,745000,0,0,0,0,0,,,,,,,,,,,,,,complete
json-noopt,census,call_path,direct_native,,0,0,0,0,0,0,,,,,,,,,,,,,,complete
json-noopt,census,call_path,dynamic_bytecode,,0,0,0,0,0,0,,,,,,,,,,,,,,complete
json-noopt,census,call_path,dynamic_native,,0,0,0,0,0,0,,,,,,,,,,,,,,complete
json-noopt,census,call_path,external_root,,1,0,0,0,0,0,,,,,,,,,,,,,,complete
json-noopt,census,call_path,signal_bytecode,,0,0,0,0,0,0,,,,,,,,,,,,,,complete
json-noopt,census,call_path,signal_native,,0,0,0,0,0,0,,,,,,,,,,,,,,complete
json-noopt,census,arity,1,,1,0,0,0,0,0,,,,,,,,,,,,,,complete
json-noopt,census,arity,2,,5000,0,0,0,0,0,,,,,,,,,,,,,,complete
json-noopt,census,arity,5,,5000,0,0,0,0,0,,,,,,,,,,,,,,complete
json-noopt,census,arity,13,,655000,0,0,0,0,0,,,,,,,,,,,,,,complete
json-noopt,census,arity,14,,80000,0,0,0,0,0,,,,,,,,,,,,,,complete
json-noopt,census,callable_kind,procedure,,745001,0,0,0,0,0,,,,,,,,,,,,,,complete
json-noopt,census,callable_kind,method,,0,0,0,0,0,0,,,,,,,,,,,,,,complete
json-noopt,census,callable_kind,factory,,0,0,0,0,0,0,,,,,,,,,,,,,,complete
json-noopt,census,callable_kind,native,,0,0,0,0,0,0,,,,,,,,,,,,,,complete
json-noopt,census,callable_kind,unknown,,0,0,0,0,0,0,,,,,,,,,,,,,,complete
json-noopt,census,frame_disposition,fresh,,12,0,0,0,0,0,,,,,,,,,,,,,,complete
json-noopt,census,frame_disposition,reused,,744989,0,0,0,0,0,,,,,,,,,,,,,,complete
json-noopt,census,frame_disposition,no_child_native,,0,0,0,0,0,0,,,,,,,,,,,,,,complete
json-noopt,census,frame_disposition,none_failed,,0,0,0,0,0,0,,,,,,,,,,,,,,complete
json-noopt,census,call_outcome,success,,745001,0,0,0,0,0,,,,,,,,,,,,,,complete
json-noopt,census,call_outcome,unresolved,,0,0,0,0,0,0,,,,,,,,,,,,,,complete
json-noopt,census,call_outcome,frame_failed,,0,0,0,0,0,0,,,,,,,,,,,,,,complete
json-noopt,census,call_outcome,invalid,,0,0,0,0,0,0,,,,,,,,,,,,,,complete
json-noopt,return,placement,void,,0,0,0,0,0,0,,,,,,,,,,,,,,complete
json-noopt,return,placement,ret_reg_move_local,,235000,0,0,0,0,0,,,,,,,,,,,,,,complete
json-noopt,return,placement,ret_reg_copy_nonlocal,,0,0,0,0,0,0,,,,,,,,,,,,,,complete
json-noopt,return,placement,value_ignored,,0,0,0,0,0,0,,,,,,,,,,,,,,complete
json-noopt,return,placement,immediate,,510000,0,0,0,0,0,,,,,,,,,,,,,,complete
json-noopt,return,placement,terminal_external,,1,0,0,0,0,0,,,,,,,,,,,,,,complete
json-noopt,dynamic,srcmethodsel,attempt,,0,0,0,0,0,0,,,,,,,,,,,,,,complete
json-noopt,dynamic,srcmethodsel,success,,0,0,0,0,0,0,,,,,,,,,,,,,,complete
json-noopt,dynamic,srcmethodsel,failure,,0,0,0,0,0,0,,,,,,,,,,,,,,complete
json-noopt,dynamic,srcfprocsel,attempt,,0,0,0,0,0,0,,,,,,,,,,,,,,complete
json-noopt,dynamic,srcfprocsel,success,,0,0,0,0,0,0,,,,,,,,,,,,,,complete
json-noopt,dynamic,srcfprocsel,failure,,0,0,0,0,0,0,,,,,,,,,,,,,,complete
json-noopt,mechanics,call_window,setup_swaps,,9580000,0,0,0,0,0,,,,,,,,,,,,,,complete
json-noopt,mechanics,call_window,normal_restoration_swaps,,9580000,0,0,0,0,0,,,,,,,,,,,,,,complete
json-noopt,mechanics,call_window,unclassified_swaps,,0,0,0,0,0,0,,,,,,,,,,,,,,complete
json-noopt,mechanics,call_window,defensive_argument_copies,,0,0,0,0,0,0,,,,,,,,,,,,,,complete
json-noopt,mechanics,call_window,unclassified_copies,,3610001,0,0,0,0,0,,,,,,,,,,,,,,complete
json-noopt,mechanics,call_window,attribution_degraded,,0,0,0,0,0,0,,,,,,,,,,,,,,complete
json-noopt,unwind,signal,events,,0,0,0,0,0,0,,,,,,,,,,,,,,complete
json-noopt,unwind,signal,bytecode_frames_discarded,,0,0,0,0,0,0,,,,,,,,,,,,,,complete
json-noopt,unwind,signal,argument_windows_restored,,0,0,0,0,0,0,,,,,,,,,,,,,,complete
json-noopt,unwind,signal,argument_slots_restored,,0,0,0,0,0,0,,,,,,,,,,,,,,complete
json-noopt,unwind,signal,interrupted_native_windows_restored,,0,0,0,0,0,0,,,,,,,,,,,,,,complete
json-noopt,unwind,signal,interrupted_native_slots_restored,,0,0,0,0,0,0,,,,,,,,,,,,,,complete
json-noopt,unwind,signal,restoration_failures,,0,0,0,0,0,0,,,,,,,,,,,,,,complete
json-noopt,call,json_parser.main,external_root,0,1,0,0,0,0,0,1,,,,benchmark_json_parser_noopt,procedure,,,fresh,success,0,0,0,complete
json-noopt,call,rxjson.jsoncount,direct_bytecode,139,1,0,0,0,0,0,2,,,,benchmark_json_parser_noopt,procedure,,,fresh,success,1,1,0,complete
json-noopt,call,rxjson._json_parse_path,direct_bytecode,1184,1,0,0,0,0,0,5,,,,rxjson,procedure,,,fresh,success,5,5,0,complete
json-noopt,call,rxjson._json_parse_value,direct_bytecode,1290,1,0,0,0,0,0,13,,,,rxjson,procedure,,,fresh,success,12,12,0,complete
json-noopt,call,rxjson._json_parse_object,direct_bytecode,11993,2,0,0,0,0,0,14,,,,rxjson,procedure,,,fresh,success,28,28,0,complete
json-noopt,call,rxjson._json_parse_value,direct_bytecode,14828,3,0,0,0,0,0,13,,,,rxjson,procedure,,,fresh,success,39,39,0,complete
json-noopt,call,rxjson._json_parse_value,direct_bytecode,14828,169997,0,0,0,0,0,13,,,,rxjson,procedure,,,reused,success,2209961,2209961,0,complete
json-noopt,call,rxjson._json_parse_value,direct_bytecode,12370,439997,0,0,0,0,0,13,,,,rxjson,procedure,,,reused,success,5719961,5719961,0,complete
json-noopt,call,rxjson._json_parse_value,direct_bytecode,12370,3,0,0,0,0,0,13,,,,rxjson,procedure,,,fresh,success,39,39,0,complete
json-noopt,call,rxjson._json_parse_object,direct_bytecode,11993,79998,0,0,0,0,0,14,,,,rxjson,procedure,,,reused,success,1119972,1119972,0,complete
json-noopt,call,rxjson._json_parse_value,direct_bytecode,1679,40000,0,0,0,0,0,13,,,,rxjson,procedure,,,reused,success,440000,440000,0,complete
json-noopt,call,rxjson.jsoncount,direct_bytecode,139,4999,0,0,0,0,0,2,,,,benchmark_json_parser_noopt,procedure,,,reused,success,4999,4999,0,complete
json-noopt,call,rxjson._json_parse_path,direct_bytecode,1184,4999,0,0,0,0,0,5,,,,rxjson,procedure,,,reused,success,24995,24995,0,complete
json-noopt,call,rxjson._json_parse_value,direct_bytecode,1290,4999,0,0,0,0,0,13,,,,rxjson,procedure,,,reused,success,59988,59988,0,complete
json-opt,census,call_path,direct_bytecode,,745000,0,0,0,0,0,,,,,,,,,,,,,,complete
json-opt,census,call_path,direct_native,,0,0,0,0,0,0,,,,,,,,,,,,,,complete
json-opt,census,call_path,dynamic_bytecode,,0,0,0,0,0,0,,,,,,,,,,,,,,complete
json-opt,census,call_path,dynamic_native,,0,0,0,0,0,0,,,,,,,,,,,,,,complete
json-opt,census,call_path,external_root,,1,0,0,0,0,0,,,,,,,,,,,,,,complete
json-opt,census,call_path,signal_bytecode,,0,0,0,0,0,0,,,,,,,,,,,,,,complete
json-opt,census,call_path,signal_native,,0,0,0,0,0,0,,,,,,,,,,,,,,complete
json-opt,census,arity,1,,1,0,0,0,0,0,,,,,,,,,,,,,,complete
json-opt,census,arity,2,,5000,0,0,0,0,0,,,,,,,,,,,,,,complete
json-opt,census,arity,5,,5000,0,0,0,0,0,,,,,,,,,,,,,,complete
json-opt,census,arity,13,,655000,0,0,0,0,0,,,,,,,,,,,,,,complete
json-opt,census,arity,14,,80000,0,0,0,0,0,,,,,,,,,,,,,,complete
json-opt,census,callable_kind,procedure,,745001,0,0,0,0,0,,,,,,,,,,,,,,complete
json-opt,census,callable_kind,method,,0,0,0,0,0,0,,,,,,,,,,,,,,complete
json-opt,census,callable_kind,factory,,0,0,0,0,0,0,,,,,,,,,,,,,,complete
json-opt,census,callable_kind,native,,0,0,0,0,0,0,,,,,,,,,,,,,,complete
json-opt,census,callable_kind,unknown,,0,0,0,0,0,0,,,,,,,,,,,,,,complete
json-opt,census,frame_disposition,fresh,,12,0,0,0,0,0,,,,,,,,,,,,,,complete
json-opt,census,frame_disposition,reused,,744989,0,0,0,0,0,,,,,,,,,,,,,,complete
json-opt,census,frame_disposition,no_child_native,,0,0,0,0,0,0,,,,,,,,,,,,,,complete
json-opt,census,frame_disposition,none_failed,,0,0,0,0,0,0,,,,,,,,,,,,,,complete
json-opt,census,call_outcome,success,,745001,0,0,0,0,0,,,,,,,,,,,,,,complete
json-opt,census,call_outcome,unresolved,,0,0,0,0,0,0,,,,,,,,,,,,,,complete
json-opt,census,call_outcome,frame_failed,,0,0,0,0,0,0,,,,,,,,,,,,,,complete
json-opt,census,call_outcome,invalid,,0,0,0,0,0,0,,,,,,,,,,,,,,complete
json-opt,return,placement,void,,0,0,0,0,0,0,,,,,,,,,,,,,,complete
json-opt,return,placement,ret_reg_move_local,,235000,0,0,0,0,0,,,,,,,,,,,,,,complete
json-opt,return,placement,ret_reg_copy_nonlocal,,0,0,0,0,0,0,,,,,,,,,,,,,,complete
json-opt,return,placement,value_ignored,,0,0,0,0,0,0,,,,,,,,,,,,,,complete
json-opt,return,placement,immediate,,510000,0,0,0,0,0,,,,,,,,,,,,,,complete
json-opt,return,placement,terminal_external,,1,0,0,0,0,0,,,,,,,,,,,,,,complete
json-opt,dynamic,srcmethodsel,attempt,,0,0,0,0,0,0,,,,,,,,,,,,,,complete
json-opt,dynamic,srcmethodsel,success,,0,0,0,0,0,0,,,,,,,,,,,,,,complete
json-opt,dynamic,srcmethodsel,failure,,0,0,0,0,0,0,,,,,,,,,,,,,,complete
json-opt,dynamic,srcfprocsel,attempt,,0,0,0,0,0,0,,,,,,,,,,,,,,complete
json-opt,dynamic,srcfprocsel,success,,0,0,0,0,0,0,,,,,,,,,,,,,,complete
json-opt,dynamic,srcfprocsel,failure,,0,0,0,0,0,0,,,,,,,,,,,,,,complete
json-opt,mechanics,call_window,setup_swaps,,9575000,0,0,0,0,0,,,,,,,,,,,,,,complete
json-opt,mechanics,call_window,normal_restoration_swaps,,9575000,0,0,0,0,0,,,,,,,,,,,,,,complete
json-opt,mechanics,call_window,unclassified_swaps,,0,0,0,0,0,0,,,,,,,,,,,,,,complete
json-opt,mechanics,call_window,defensive_argument_copies,,0,0,0,0,0,0,,,,,,,,,,,,,,complete
json-opt,mechanics,call_window,unclassified_copies,,3610001,0,0,0,0,0,,,,,,,,,,,,,,complete
json-opt,mechanics,call_window,attribution_degraded,,0,0,0,0,0,0,,,,,,,,,,,,,,complete
json-opt,unwind,signal,events,,0,0,0,0,0,0,,,,,,,,,,,,,,complete
json-opt,unwind,signal,bytecode_frames_discarded,,0,0,0,0,0,0,,,,,,,,,,,,,,complete
json-opt,unwind,signal,argument_windows_restored,,0,0,0,0,0,0,,,,,,,,,,,,,,complete
json-opt,unwind,signal,argument_slots_restored,,0,0,0,0,0,0,,,,,,,,,,,,,,complete
json-opt,unwind,signal,interrupted_native_windows_restored,,0,0,0,0,0,0,,,,,,,,,,,,,,complete
json-opt,unwind,signal,interrupted_native_slots_restored,,0,0,0,0,0,0,,,,,,,,,,,,,,complete
json-opt,unwind,signal,restoration_failures,,0,0,0,0,0,0,,,,,,,,,,,,,,complete
json-opt,call,json_parser.main,external_root,0,1,0,0,0,0,0,1,,,,benchmark_json_parser_opt,procedure,,,fresh,success,0,0,0,complete
json-opt,call,rxjson.jsoncount,direct_bytecode,97,1,0,0,0,0,0,2,,,,benchmark_json_parser_opt,procedure,,,fresh,success,0,0,0,complete
json-opt,call,rxjson._json_parse_path,direct_bytecode,1184,1,0,0,0,0,0,5,,,,rxjson,procedure,,,fresh,success,5,5,0,complete
json-opt,call,rxjson._json_parse_value,direct_bytecode,1290,1,0,0,0,0,0,13,,,,rxjson,procedure,,,fresh,success,12,12,0,complete
json-opt,call,rxjson._json_parse_object,direct_bytecode,11993,2,0,0,0,0,0,14,,,,rxjson,procedure,,,fresh,success,28,28,0,complete
json-opt,call,rxjson._json_parse_value,direct_bytecode,14828,3,0,0,0,0,0,13,,,,rxjson,procedure,,,fresh,success,39,39,0,complete
json-opt,call,rxjson._json_parse_value,direct_bytecode,14828,169997,0,0,0,0,0,13,,,,rxjson,procedure,,,reused,success,2209961,2209961,0,complete
json-opt,call,rxjson._json_parse_value,direct_bytecode,12370,439997,0,0,0,0,0,13,,,,rxjson,procedure,,,reused,success,5719961,5719961,0,complete
json-opt,call,rxjson._json_parse_value,direct_bytecode,12370,3,0,0,0,0,0,13,,,,rxjson,procedure,,,fresh,success,39,39,0,complete
json-opt,call,rxjson._json_parse_object,direct_bytecode,11993,79998,0,0,0,0,0,14,,,,rxjson,procedure,,,reused,success,1119972,1119972,0,complete
json-opt,call,rxjson._json_parse_value,direct_bytecode,1679,40000,0,0,0,0,0,13,,,,rxjson,procedure,,,reused,success,440000,440000,0,complete
json-opt,call,rxjson.jsoncount,direct_bytecode,97,4999,0,0,0,0,0,2,,,,benchmark_json_parser_opt,procedure,,,reused,success,0,0,0,complete
json-opt,call,rxjson._json_parse_path,direct_bytecode,1184,4999,0,0,0,0,0,5,,,,rxjson,procedure,,,reused,success,24995,24995,0,complete
json-opt,call,rxjson._json_parse_value,direct_bytecode,1290,4999,0,0,0,0,0,13,,,,rxjson,procedure,,,reused,success,59988,59988,0,complete
base64-noopt,census,call_path,direct_bytecode,,2054007,0,0,0,0,0,,,,,,,,,,,,,,complete
base64-noopt,census,call_path,direct_native,,0,0,0,0,0,0,,,,,,,,,,,,,,complete
base64-noopt,census,call_path,dynamic_bytecode,,0,0,0,0,0,0,,,,,,,,,,,,,,complete
base64-noopt,census,call_path,dynamic_native,,0,0,0,0,0,0,,,,,,,,,,,,,,complete
base64-noopt,census,call_path,external_root,,1,0,0,0,0,0,,,,,,,,,,,,,,complete
base64-noopt,census,call_path,signal_bytecode,,0,0,0,0,0,0,,,,,,,,,,,,,,complete
base64-noopt,census,call_path,signal_native,,0,0,0,0,0,0,,,,,,,,,,,,,,complete
base64-noopt,census,arity,1,,2005,0,0,0,0,0,,,,,,,,,,,,,,complete
base64-noopt,census,arity,0,,1,0,0,0,0,0,,,,,,,,,,,,,,complete
base64-noopt,census,arity,2,,684002,0,0,0,0,0,,,,,,,,,,,,,,complete
base64-noopt,census,arity,4,,685000,0,0,0,0,0,,,,,,,,,,,,,,complete
base64-noopt,census,arity,3,,683000,0,0,0,0,0,,,,,,,,,,,,,,complete
base64-noopt,census,callable_kind,procedure,,2054008,0,0,0,0,0,,,,,,,,,,,,,,complete
base64-noopt,census,callable_kind,method,,0,0,0,0,0,0,,,,,,,,,,,,,,complete
base64-noopt,census,callable_kind,factory,,0,0,0,0,0,0,,,,,,,,,,,,,,complete
base64-noopt,census,callable_kind,native,,0,0,0,0,0,0,,,,,,,,,,,,,,complete
base64-noopt,census,callable_kind,unknown,,0,0,0,0,0,0,,,,,,,,,,,,,,complete
base64-noopt,census,frame_disposition,fresh,,12,0,0,0,0,0,,,,,,,,,,,,,,complete
base64-noopt,census,frame_disposition,reused,,2053996,0,0,0,0,0,,,,,,,,,,,,,,complete
base64-noopt,census,frame_disposition,no_child_native,,0,0,0,0,0,0,,,,,,,,,,,,,,complete
base64-noopt,census,frame_disposition,none_failed,,0,0,0,0,0,0,,,,,,,,,,,,,,complete
base64-noopt,census,call_outcome,success,,2054008,0,0,0,0,0,,,,,,,,,,,,,,complete
base64-noopt,census,call_outcome,unresolved,,0,0,0,0,0,0,,,,,,,,,,,,,,complete
base64-noopt,census,call_outcome,frame_failed,,0,0,0,0,0,0,,,,,,,,,,,,,,complete
base64-noopt,census,call_outcome,invalid,,0,0,0,0,0,0,,,,,,,,,,,,,,complete
base64-noopt,return,placement,void,,0,0,0,0,0,0,,,,,,,,,,,,,,complete
base64-noopt,return,placement,ret_reg_move_local,,2054006,0,0,0,0,0,,,,,,,,,,,,,,complete
base64-noopt,return,placement,ret_reg_copy_nonlocal,,0,0,0,0,0,0,,,,,,,,,,,,,,complete
base64-noopt,return,placement,value_ignored,,0,0,0,0,0,0,,,,,,,,,,,,,,complete
base64-noopt,return,placement,immediate,,1,0,0,0,0,0,,,,,,,,,,,,,,complete
base64-noopt,return,placement,terminal_external,,1,0,0,0,0,0,,,,,,,,,,,,,,complete
base64-noopt,dynamic,srcmethodsel,attempt,,0,0,0,0,0,0,,,,,,,,,,,,,,complete
base64-noopt,dynamic,srcmethodsel,success,,0,0,0,0,0,0,,,,,,,,,,,,,,complete
base64-noopt,dynamic,srcmethodsel,failure,,0,0,0,0,0,0,,,,,,,,,,,,,,complete
base64-noopt,dynamic,srcfprocsel,attempt,,0,0,0,0,0,0,,,,,,,,,,,,,,complete
base64-noopt,dynamic,srcfprocsel,success,,0,0,0,0,0,0,,,,,,,,,,,,,,complete
base64-noopt,dynamic,srcfprocsel,failure,,0,0,0,0,0,0,,,,,,,,,,,,,,complete
base64-noopt,mechanics,call_window,setup_swaps,,3250507,0,0,0,0,0,,,,,,,,,,,,,,complete
base64-noopt,mechanics,call_window,normal_restoration_swaps,,3250507,0,0,0,0,0,,,,,,,,,,,,,,complete
base64-noopt,mechanics,call_window,unclassified_swaps,,0,0,0,0,0,0,,,,,,,,,,,,,,complete
base64-noopt,mechanics,call_window,defensive_argument_copies,,0,0,0,0,0,0,,,,,,,,,,,,,,complete
base64-noopt,mechanics,call_window,unclassified_copies,,1,0,0,0,0,0,,,,,,,,,,,,,,complete
base64-noopt,mechanics,call_window,attribution_degraded,,0,0,0,0,0,0,,,,,,,,,,,,,,complete
base64-noopt,unwind,signal,events,,0,0,0,0,0,0,,,,,,,,,,,,,,complete
base64-noopt,unwind,signal,bytecode_frames_discarded,,0,0,0,0,0,0,,,,,,,,,,,,,,complete
base64-noopt,unwind,signal,argument_windows_restored,,0,0,0,0,0,0,,,,,,,,,,,,,,complete
base64-noopt,unwind,signal,argument_slots_restored,,0,0,0,0,0,0,,,,,,,,,,,,,,complete
base64-noopt,unwind,signal,interrupted_native_windows_restored,,0,0,0,0,0,0,,,,,,,,,,,,,,complete
base64-noopt,unwind,signal,interrupted_native_slots_restored,,0,0,0,0,0,0,,,,,,,,,,,,,,complete
base64-noopt,unwind,signal,restoration_failures,,0,0,0,0,0,0,,,,,,,,,,,,,,complete
base64-noopt,call,base64_roundtrip.main,external_root,0,1,0,0,0,0,0,1,,,,benchmark_base64_roundtrip_noopt,procedure,,,fresh,success,0,0,0,complete
base64-noopt,call,base64_roundtrip.make_input,direct_bytecode,77,1,0,0,0,0,0,0,,,,benchmark_base64_roundtrip_noopt,procedure,,,fresh,success,0,0,0,complete
base64-noopt,call,rxfnsb.binresize,direct_bytecode,346,1,0,0,0,0,0,2,,,,benchmark_base64_roundtrip_noopt,procedure,,,fresh,success,1,1,0,complete
base64-noopt,call,base64_roundtrip.base64_encode,direct_bytecode,103,1,0,0,0,0,0,1,,,,benchmark_base64_roundtrip_noopt,procedure,,,fresh,success,1,1,0,complete
base64-noopt,call,rxfnsb.binlength,direct_bytecode,419,1,0,0,0,0,0,1,,,,benchmark_base64_roundtrip_noopt,procedure,,,fresh,success,1,1,0,complete
base64-noopt,call,rxfnsb.binresize,direct_bytecode,447,500,0,0,0,0,0,2,,,,benchmark_base64_roundtrip_noopt,procedure,,,reused,success,1000,1000,0,complete
base64-noopt,call,base64_roundtrip.base64_decode,direct_bytecode,119,1,0,0,0,0,0,1,,,,benchmark_base64_roundtrip_noopt,procedure,,,fresh,success,1,1,0,complete
base64-noopt,call,rxfnsb.length,direct_bytecode,695,1,0,0,0,0,0,1,,,,benchmark_base64_roundtrip_noopt,procedure,,,fresh,success,1,1,0,complete
base64-noopt,call,rxfnsb.substr,direct_bytecode,726,1,0,0,0,0,0,4,,,,benchmark_base64_roundtrip_noopt,procedure,,,fresh,success,2,2,0,complete
base64-noopt,call,rxfnsb.substr,direct_bytecode,769,500,0,0,0,0,0,4,,,,benchmark_base64_roundtrip_noopt,procedure,,,reused,success,500,500,0,complete
base64-noopt,call,rxfnsb.binresize,direct_bytecode,808,500,0,0,0,0,0,2,,,,benchmark_base64_roundtrip_noopt,procedure,,,reused,success,1000,1000,0,complete
base64-noopt,call,rxfnsb.substr,direct_bytecode,852,171000,0,0,0,0,0,4,,,,benchmark_base64_roundtrip_noopt,procedure,,,reused,success,342000,342000,0,complete
base64-noopt,call,base64_roundtrip.base64_digit,direct_bytecode,874,1,0,0,0,0,0,2,,,,benchmark_base64_roundtrip_noopt,procedure,,,fresh,success,1,1,0,complete
base64-noopt,call,rxfnsb.pos,direct_bytecode,1205,1,0,0,0,0,0,3,,,,benchmark_base64_roundtrip_noopt,procedure,,,fresh,success,2,2,0,complete
base64-noopt,call,rxfnsb.substr,direct_bytecode,903,171000,0,0,0,0,0,4,,,,benchmark_base64_roundtrip_noopt,procedure,,,reused,success,171000,171000,0,complete
base64-noopt,call,base64_roundtrip.base64_digit,direct_bytecode,922,171000,0,0,0,0,0,2,,,,benchmark_base64_roundtrip_noopt,procedure,,,reused,success,171000,171000,0,complete
base64-noopt,call,rxfnsb.pos,direct_bytecode,1205,682999,0,0,0,0,0,3,,,,benchmark_base64_roundtrip_noopt,procedure,,,reused,success,1365998,1365998,0,complete
base64-noopt,call,rxfnsb.substr,direct_bytecode,951,171000,0,0,0,0,0,4,,,,benchmark_base64_roundtrip_noopt,procedure,,,reused,success,171000,171000,0,complete
base64-noopt,call,rxfnsb.substr,direct_bytecode,980,171000,0,0,0,0,0,4,,,,benchmark_base64_roundtrip_noopt,procedure,,,reused,success,171000,171000,0,complete
base64-noopt,call,base64_roundtrip.base64_digit,direct_bytecode,1015,170500,0,0,0,0,0,2,,,,benchmark_base64_roundtrip_noopt,procedure,,,reused,success,341000,341000,0,complete
base64-noopt,call,base64_roundtrip.base64_digit,direct_bytecode,1047,170500,0,0,0,0,0,2,,,,benchmark_base64_roundtrip_noopt,procedure,,,reused,success,341000,341000,0,complete
base64-noopt,call,base64_roundtrip.base64_digit,direct_bytecode,874,170999,0,0,0,0,0,2,,,,benchmark_base64_roundtrip_noopt,procedure,,,reused,success,170999,170999,0,complete
base64-noopt,call,base64_roundtrip.base64_encode,direct_bytecode,103,499,0,0,0,0,0,1,,,,benchmark_base64_roundtrip_noopt,procedure,,,reused,success,499,499,0,complete
base64-noopt,call,rxfnsb.binlength,direct_bytecode,419,499,0,0,0,0,0,1,,,,benchmark_base64_roundtrip_noopt,procedure,,,reused,success,499,499,0,complete
base64-noopt,call,base64_roundtrip.base64_decode,direct_bytecode,119,499,0,0,0,0,0,1,,,,benchmark_base64_roundtrip_noopt,procedure,,,reused,success,499,499,0,complete
base64-noopt,call,rxfnsb.length,direct_bytecode,695,499,0,0,0,0,0,1,,,,benchmark_base64_roundtrip_noopt,procedure,,,reused,success,499,499,0,complete
base64-noopt,call,rxfnsb.substr,direct_bytecode,726,499,0,0,0,0,0,4,,,,benchmark_base64_roundtrip_noopt,procedure,,,reused,success,998,998,0,complete
base64-noopt,call,rxfnsb.length,direct_bytecode,141,1,0,0,0,0,0,1,,,,benchmark_base64_roundtrip_noopt,procedure,,,reused,success,1,1,0,complete
base64-noopt,call,rxfnsb.bincompare,direct_bytecode,204,1,0,0,0,0,0,2,,,,benchmark_base64_roundtrip_noopt,procedure,,,fresh,success,2,2,0,complete
base64-noopt,call,base64_roundtrip.byte_checksum,direct_bytecode,245,1,0,0,0,0,0,1,,,,benchmark_base64_roundtrip_noopt,procedure,,,fresh,success,1,1,0,complete
base64-noopt,call,rxfnsb.binlength,direct_bytecode,1255,1,0,0,0,0,0,1,,,,benchmark_base64_roundtrip_noopt,procedure,,,reused,success,1,1,0,complete
base64-noopt,call,rxfnsb.length,direct_bytecode,296,1,0,0,0,0,0,1,,,,benchmark_base64_roundtrip_noopt,procedure,,,reused,success,1,1,0,complete
base64-opt,census,call_path,direct_bytecode,,500,0,0,0,0,0,,,,,,,,,,,,,,complete
base64-opt,census,call_path,direct_native,,0,0,0,0,0,0,,,,,,,,,,,,,,complete
base64-opt,census,call_path,dynamic_bytecode,,0,0,0,0,0,0,,,,,,,,,,,,,,complete
base64-opt,census,call_path,dynamic_native,,0,0,0,0,0,0,,,,,,,,,,,,,,complete
base64-opt,census,call_path,external_root,,1,0,0,0,0,0,,,,,,,,,,,,,,complete
base64-opt,census,call_path,signal_bytecode,,0,0,0,0,0,0,,,,,,,,,,,,,,complete
base64-opt,census,call_path,signal_native,,0,0,0,0,0,0,,,,,,,,,,,,,,complete
base64-opt,census,arity,1,,501,0,0,0,0,0,,,,,,,,,,,,,,complete
base64-opt,census,callable_kind,procedure,,501,0,0,0,0,0,,,,,,,,,,,,,,complete
base64-opt,census,callable_kind,method,,0,0,0,0,0,0,,,,,,,,,,,,,,complete
base64-opt,census,callable_kind,factory,,0,0,0,0,0,0,,,,,,,,,,,,,,complete
base64-opt,census,callable_kind,native,,0,0,0,0,0,0,,,,,,,,,,,,,,complete
base64-opt,census,callable_kind,unknown,,0,0,0,0,0,0,,,,,,,,,,,,,,complete
base64-opt,census,frame_disposition,fresh,,2,0,0,0,0,0,,,,,,,,,,,,,,complete
base64-opt,census,frame_disposition,reused,,499,0,0,0,0,0,,,,,,,,,,,,,,complete
base64-opt,census,frame_disposition,no_child_native,,0,0,0,0,0,0,,,,,,,,,,,,,,complete
base64-opt,census,frame_disposition,none_failed,,0,0,0,0,0,0,,,,,,,,,,,,,,complete
base64-opt,census,call_outcome,success,,501,0,0,0,0,0,,,,,,,,,,,,,,complete
base64-opt,census,call_outcome,unresolved,,0,0,0,0,0,0,,,,,,,,,,,,,,complete
base64-opt,census,call_outcome,frame_failed,,0,0,0,0,0,0,,,,,,,,,,,,,,complete
base64-opt,census,call_outcome,invalid,,0,0,0,0,0,0,,,,,,,,,,,,,,complete
base64-opt,return,placement,void,,0,0,0,0,0,0,,,,,,,,,,,,,,complete
base64-opt,return,placement,ret_reg_move_local,,500,0,0,0,0,0,,,,,,,,,,,,,,complete
base64-opt,return,placement,ret_reg_copy_nonlocal,,0,0,0,0,0,0,,,,,,,,,,,,,,complete
base64-opt,return,placement,value_ignored,,0,0,0,0,0,0,,,,,,,,,,,,,,complete
base64-opt,return,placement,immediate,,0,0,0,0,0,0,,,,,,,,,,,,,,complete
base64-opt,return,placement,terminal_external,,1,0,0,0,0,0,,,,,,,,,,,,,,complete
base64-opt,dynamic,srcmethodsel,attempt,,0,0,0,0,0,0,,,,,,,,,,,,,,complete
base64-opt,dynamic,srcmethodsel,success,,0,0,0,0,0,0,,,,,,,,,,,,,,complete
base64-opt,dynamic,srcmethodsel,failure,,0,0,0,0,0,0,,,,,,,,,,,,,,complete
base64-opt,dynamic,srcfprocsel,attempt,,0,0,0,0,0,0,,,,,,,,,,,,,,complete
base64-opt,dynamic,srcfprocsel,success,,0,0,0,0,0,0,,,,,,,,,,,,,,complete
base64-opt,dynamic,srcfprocsel,failure,,0,0,0,0,0,0,,,,,,,,,,,,,,complete
base64-opt,mechanics,call_window,setup_swaps,,500,0,0,0,0,0,,,,,,,,,,,,,,complete
base64-opt,mechanics,call_window,normal_restoration_swaps,,500,0,0,0,0,0,,,,,,,,,,,,,,complete
base64-opt,mechanics,call_window,unclassified_swaps,,0,0,0,0,0,0,,,,,,,,,,,,,,complete
base64-opt,mechanics,call_window,defensive_argument_copies,,0,0,0,0,0,0,,,,,,,,,,,,,,complete
base64-opt,mechanics,call_window,unclassified_copies,,3007,0,0,0,0,0,,,,,,,,,,,,,,complete
base64-opt,mechanics,call_window,attribution_degraded,,0,0,0,0,0,0,,,,,,,,,,,,,,complete
base64-opt,unwind,signal,events,,0,0,0,0,0,0,,,,,,,,,,,,,,complete
base64-opt,unwind,signal,bytecode_frames_discarded,,0,0,0,0,0,0,,,,,,,,,,,,,,complete
base64-opt,unwind,signal,argument_windows_restored,,0,0,0,0,0,0,,,,,,,,,,,,,,complete
base64-opt,unwind,signal,argument_slots_restored,,0,0,0,0,0,0,,,,,,,,,,,,,,complete
base64-opt,unwind,signal,interrupted_native_windows_restored,,0,0,0,0,0,0,,,,,,,,,,,,,,complete
base64-opt,unwind,signal,interrupted_native_slots_restored,,0,0,0,0,0,0,,,,,,,,,,,,,,complete
base64-opt,unwind,signal,restoration_failures,,0,0,0,0,0,0,,,,,,,,,,,,,,complete
base64-opt,call,base64_roundtrip.main,external_root,0,1,0,0,0,0,0,1,,,,benchmark_base64_roundtrip_opt,procedure,,,fresh,success,0,0,0,complete
base64-opt,call,base64_roundtrip.base64_decode,direct_bytecode,391,1,0,0,0,0,0,1,,,,benchmark_base64_roundtrip_opt,procedure,,,fresh,success,1,1,0,complete
base64-opt,call,base64_roundtrip.base64_decode,direct_bytecode,391,499,0,0,0,0,0,1,,,,benchmark_base64_roundtrip_opt,procedure,,,reused,success,499,499,0,complete
rexxcps-noopt,census,call_path,direct_bytecode,,3660,0,0,0,0,0,,,,,,,,,,,,,,complete
rexxcps-noopt,census,call_path,direct_native,,0,0,0,0,0,0,,,,,,,,,,,,,,complete
rexxcps-noopt,census,call_path,dynamic_bytecode,,105,0,0,0,0,0,,,,,,,,,,,,,,complete
rexxcps-noopt,census,call_path,dynamic_native,,0,0,0,0,0,0,,,,,,,,,,,,,,complete
rexxcps-noopt,census,call_path,external_root,,1,0,0,0,0,0,,,,,,,,,,,,,,complete
rexxcps-noopt,census,call_path,signal_bytecode,,0,0,0,0,0,0,,,,,,,,,,,,,,complete
rexxcps-noopt,census,call_path,signal_native,,0,0,0,0,0,0,,,,,,,,,,,,,,complete
rexxcps-noopt,census,arity,1,,771,0,0,0,0,0,,,,,,,,,,,,,,complete
rexxcps-noopt,census,arity,0,,907,0,0,0,0,0,,,,,,,,,,,,,,complete
rexxcps-noopt,census,arity,2,,561,0,0,0,0,0,,,,,,,,,,,,,,complete
rexxcps-noopt,census,arity,3,,979,0,0,0,0,0,,,,,,,,,,,,,,complete
rexxcps-noopt,census,arity,4,,504,0,0,0,0,0,,,,,,,,,,,,,,complete
rexxcps-noopt,census,arity,5,,44,0,0,0,0,0,,,,,,,,,,,,,,complete
rexxcps-noopt,census,callable_kind,procedure,,3019,0,0,0,0,0,,,,,,,,,,,,,,complete
rexxcps-noopt,census,callable_kind,method,,738,0,0,0,0,0,,,,,,,,,,,,,,complete
rexxcps-noopt,census,callable_kind,factory,,9,0,0,0,0,0,,,,,,,,,,,,,,complete
rexxcps-noopt,census,callable_kind,native,,0,0,0,0,0,0,,,,,,,,,,,,,,complete
rexxcps-noopt,census,callable_kind,unknown,,0,0,0,0,0,0,,,,,,,,,,,,,,complete
rexxcps-noopt,census,frame_disposition,fresh,,94,0,0,0,0,0,,,,,,,,,,,,,,complete
rexxcps-noopt,census,frame_disposition,reused,,3672,0,0,0,0,0,,,,,,,,,,,,,,complete
rexxcps-noopt,census,frame_disposition,no_child_native,,0,0,0,0,0,0,,,,,,,,,,,,,,complete
rexxcps-noopt,census,frame_disposition,none_failed,,0,0,0,0,0,0,,,,,,,,,,,,,,complete
rexxcps-noopt,census,call_outcome,success,,3766,0,0,0,0,0,,,,,,,,,,,,,,complete
rexxcps-noopt,census,call_outcome,unresolved,,0,0,0,0,0,0,,,,,,,,,,,,,,complete
rexxcps-noopt,census,call_outcome,frame_failed,,0,0,0,0,0,0,,,,,,,,,,,,,,complete
rexxcps-noopt,census,call_outcome,invalid,,0,0,0,0,0,0,,,,,,,,,,,,,,complete
rexxcps-noopt,return,placement,void,,1050,0,0,0,0,0,,,,,,,,,,,,,,complete
rexxcps-noopt,return,placement,ret_reg_move_local,,1888,0,0,0,0,0,,,,,,,,,,,,,,complete
rexxcps-noopt,return,placement,ret_reg_copy_nonlocal,,594,0,0,0,0,0,,,,,,,,,,,,,,complete
rexxcps-noopt,return,placement,value_ignored,,0,0,0,0,0,0,,,,,,,,,,,,,,complete
rexxcps-noopt,return,placement,immediate,,233,0,0,0,0,0,,,,,,,,,,,,,,complete
rexxcps-noopt,return,placement,terminal_external,,1,0,0,0,0,0,,,,,,,,,,,,,,complete
rexxcps-noopt,dynamic,srcmethodsel,attempt,,98,0,0,0,0,0,,,,,,,,,,,,,,complete
rexxcps-noopt,dynamic,srcmethodsel,success,,98,0,0,0,0,0,,,,,,,,,,,,,,complete
rexxcps-noopt,dynamic,srcmethodsel,failure,,0,0,0,0,0,0,,,,,,,,,,,,,,complete
rexxcps-noopt,dynamic,srcfprocsel,attempt,,7,0,0,0,0,0,,,,,,,,,,,,,,complete
rexxcps-noopt,dynamic,srcfprocsel,success,,7,0,0,0,0,0,,,,,,,,,,,,,,complete
rexxcps-noopt,dynamic,srcfprocsel,failure,,0,0,0,0,0,0,,,,,,,,,,,,,,complete
rexxcps-noopt,mechanics,call_window,setup_swaps,,2631,0,0,0,0,0,,,,,,,,,,,,,,complete
rexxcps-noopt,mechanics,call_window,normal_restoration_swaps,,2631,0,0,0,0,0,,,,,,,,,,,,,,complete
rexxcps-noopt,mechanics,call_window,unclassified_swaps,,238,0,0,0,0,0,,,,,,,,,,,,,,complete
rexxcps-noopt,mechanics,call_window,defensive_argument_copies,,1,0,0,0,0,0,,,,,,,,,,,,,,complete
rexxcps-noopt,mechanics,call_window,unclassified_copies,,3403,0,0,0,0,0,,,,,,,,,,,,,,complete
rexxcps-noopt,mechanics,call_window,attribution_degraded,,0,0,0,0,0,0,,,,,,,,,,,,,,complete
rexxcps-noopt,unwind,signal,events,,0,0,0,0,0,0,,,,,,,,,,,,,,complete
rexxcps-noopt,unwind,signal,bytecode_frames_discarded,,0,0,0,0,0,0,,,,,,,,,,,,,,complete
rexxcps-noopt,unwind,signal,argument_windows_restored,,0,0,0,0,0,0,,,,,,,,,,,,,,complete
rexxcps-noopt,unwind,signal,argument_slots_restored,,0,0,0,0,0,0,,,,,,,,,,,,,,complete
rexxcps-noopt,unwind,signal,interrupted_native_windows_restored,,0,0,0,0,0,0,,,,,,,,,,,,,,complete
rexxcps-noopt,unwind,signal,interrupted_native_slots_restored,,0,0,0,0,0,0,,,,,,,,,,,,,,complete
rexxcps-noopt,unwind,signal,restoration_failures,,0,0,0,0,0,0,,,,,,,,,,,,,,complete
rexxcps-noopt,call,rexxcps_levelb.main,external_root,0,1,0,0,0,0,0,1,,,,benchmark_rexxcps_levelb_noopt,procedure,,,fresh,success,0,0,0,complete
rexxcps-noopt,call,rxfnsb.version,direct_bytecode,133,1,0,0,0,0,0,0,,,,benchmark_rexxcps_levelb_noopt,procedure,,,fresh,success,0,0,0,complete
rexxcps-noopt,call,rxfnsb.word,direct_bytecode,149,1,0,0,0,0,0,2,,,,benchmark_rexxcps_levelb_noopt,procedure,,,fresh,success,1,1,0,complete
rexxcps-noopt,call,rxfnsb.stem.§factory,direct_bytecode,181,1,0,0,0,0,0,0,,,,benchmark_rexxcps_levelb_noopt,factory,,,fresh,success,0,0,0,complete
rexxcps-noopt,call,rxfnsb.stem.§factory,direct_bytecode,188,1,0,0,0,0,0,0,,,,benchmark_rexxcps_levelb_noopt,factory,,,reused,success,0,0,0,complete
rexxcps-noopt,call,rxfnsb.time,direct_bytecode,226,1,0,0,0,0,0,1,,,,benchmark_rexxcps_levelb_noopt,procedure,,,fresh,success,0,0,0,complete
rexxcps-noopt,call,_rxsysb._elapsed,direct_bytecode,300,2,0,0,0,0,0,1,,,,time,procedure,,,fresh,success,2,2,0,complete
rexxcps-noopt,call,_rxsysb._elapsed,direct_bytecode,328,6,0,0,0,0,0,1,,,,time,procedure,,,reused,success,0,0,0,complete
rexxcps-noopt,call,_rxsysb._elapsed,direct_bytecode,338,6,0,0,0,0,0,1,,,,time,procedure,,,reused,success,6,6,0,complete
rexxcps-noopt,call,rxfnsb.time,direct_bytecode,247,1,0,0,0,0,0,1,,,,benchmark_rexxcps_levelb_noopt,procedure,,,reused,success,0,0,0,complete
rexxcps-noopt,call,_rxsysb._elapsed,direct_bytecode,300,4,0,0,0,0,0,1,,,,time,procedure,,,reused,success,4,4,0,complete
rexxcps-noopt,call,rxfnsb._trace_mode_from_option,direct_bytecode,307,1,0,0,0,0,0,1,,,,benchmark_rexxcps_levelb_noopt,procedure,,,fresh,success,1,1,0,complete
rexxcps-noopt,call,rxfnsb._trace_normalize_mode,direct_bytecode,18531,2,0,0,0,0,0,1,,,,trace,procedure,,,fresh,success,2,2,0,complete
rexxcps-noopt,call,rxfnsb.strip,direct_bytecode,16152,1,0,0,0,0,0,3,,,,trace,procedure,,,fresh,success,1,1,0,complete
rexxcps-noopt,call,rxfnsb.pos,direct_bytecode,16982,2,0,0,0,0,0,3,,,,trace,procedure,,,fresh,success,2,2,0,complete
rexxcps-noopt,call,rxfnsb._trace_set,direct_bytecode,320,1,0,0,0,0,0,1,,,,benchmark_rexxcps_levelb_noopt,procedure,,,fresh,success,0,0,0,complete
rexxcps-noopt,call,rxfnsb._trace_ensure_runtime,direct_bytecode,12341,1,0,0,0,0,0,0,,,,trace,procedure,,,fresh,success,0,0,0,complete
rexxcps-noopt,call,rxfnsb.tracecontroller.add_suppressed_namespace,direct_bytecode,15746,1,0,0,0,0,0,2,,,,trace,method,,,fresh,success,1,1,1,complete
rexxcps-noopt,call,rxfnsb.strip,direct_bytecode,5787,16,0,0,0,0,0,3,,,,trace,procedure,,,reused,success,16,16,0,complete
rexxcps-noopt,call,rxfnsb.tracecontroller.add_suppressed_namespace,direct_bytecode,15768,1,0,0,0,0,0,2,,,,trace,method,,,reused,success,1,1,0,complete
rexxcps-noopt,call,rxfnsb.tracecontroller.add_suppressed_namespace,direct_bytecode,15790,1,0,0,0,0,0,2,,,,trace,method,,,reused,success,1,1,0,complete
rexxcps-noopt,call,rxfnsb.tracecontroller.add_suppressed_namespace,direct_bytecode,15812,1,0,0,0,0,0,2,,,,trace,method,,,reused,success,1,1,0,complete
rexxcps-noopt,call,rxfnsb.tracecontroller.add_suppressed_namespace,direct_bytecode,15834,1,0,0,0,0,0,2,,,,trace,method,,,reused,success,1,1,0,complete
rexxcps-noopt,call,rxfnsb.tracecontroller.add_suppressed_namespace,direct_bytecode,15856,1,0,0,0,0,0,2,,,,trace,method,,,reused,success,1,1,0,complete
rexxcps-noopt,call,rxfnsb.tracecontroller.add_suppressed_namespace,direct_bytecode,15878,1,0,0,0,0,0,2,,,,trace,method,,,reused,success,1,1,0,complete
rexxcps-noopt,call,rxfnsb.tracecontroller.add_suppressed_namespace,direct_bytecode,15900,1,0,0,0,0,0,2,,,,trace,method,,,reused,success,1,1,0,complete
rexxcps-noopt,call,rxfnsb.tracecontroller.add_suppressed_namespace,direct_bytecode,15922,1,0,0,0,0,0,2,,,,trace,method,,,reused,success,1,1,0,complete
rexxcps-noopt,call,rxfnsb.tracecontroller.add_suppressed_namespace,direct_bytecode,15944,1,0,0,0,0,0,2,,,,trace,method,,,reused,success,1,1,0,complete
rexxcps-noopt,call,rxfnsb.tracecontroller.add_suppressed_namespace,direct_bytecode,15966,1,0,0,0,0,0,2,,,,trace,method,,,reused,success,1,1,0,complete
rexxcps-noopt,call,rxfnsb.tracecontroller.add_suppressed_namespace,direct_bytecode,15988,1,0,0,0,0,0,2,,,,trace,method,,,reused,success,1,1,0,complete
rexxcps-noopt,call,rxfnsb.tracecontroller.add_suppressed_namespace,direct_bytecode,16010,1,0,0,0,0,0,2,,,,trace,method,,,reused,success,1,1,0,complete
rexxcps-noopt,call,rxfnsb.tracecontroller.add_suppressed_namespace,direct_bytecode,16032,1,0,0,0,0,0,2,,,,trace,method,,,reused,success,1,1,0,complete
rexxcps-noopt,call,rxfnsb.tracecontroller.add_suppressed_namespace,direct_bytecode,16054,1,0,0,0,0,0,2,,,,trace,method,,,reused,success,1,1,0,complete
rexxcps-noopt,call,rxfnsb.tracecontroller.add_suppressed_namespace,direct_bytecode,16076,1,0,0,0,0,0,2,,,,trace,method,,,reused,success,1,1,0,complete
rexxcps-noopt,call,rxfnsb._trace_normalize_mode,direct_bytecode,12354,46,0,0,0,0,0,1,,,,trace,procedure,,,reused,success,46,46,0,complete
rexxcps-noopt,call,rxfnsb.strip,direct_bytecode,16152,3,0,0,0,0,0,3,,,,trace,procedure,,,reused,success,3,3,0,complete
rexxcps-noopt,call,rxfnsb.pos,direct_bytecode,16982,2,0,0,0,0,0,3,,,,trace,procedure,,,reused,success,2,2,0,complete
rexxcps-noopt,call,rxfnsb._trace_current_mode,direct_bytecode,327,1,0,0,0,0,0,0,,,,benchmark_rexxcps_levelb_noopt,procedure,,,fresh,success,0,0,0,complete
rexxcps-noopt,call,rxfnsb._trace_ensure_runtime,direct_bytecode,14273,88,0,0,0,0,0,0,,,,trace,procedure,,,reused,success,0,0,0,complete
rexxcps-noopt,call,rexxcps_levelb.__rxtrace_reset_display_state,direct_bytecode,334,1,0,0,0,0,0,0,,,,benchmark_rexxcps_levelb_noopt,procedure,,,fresh,success,0,0,0,complete
rexxcps-noopt,call,rxfnsb.time,direct_bytecode,387,2,0,0,0,0,0,1,,,,benchmark_rexxcps_levelb_noopt,procedure,,,reused,success,0,0,0,complete
rexxcps-noopt,call,rxfnsb.substr,direct_bytecode,476,2,0,0,0,0,0,4,,,,benchmark_rexxcps_levelb_noopt,procedure,,,fresh,success,0,0,0,complete
rexxcps-noopt,call,rxfnsb.stem.set,direct_bytecode,495,2,0,0,0,0,0,3,,,,benchmark_rexxcps_levelb_noopt,method,,,fresh,success,2,2,0,complete
rexxcps-noopt,call,rxfnsb.stem.get,direct_bytecode,524,2,0,0,0,0,0,2,,,,benchmark_rexxcps_levelb_noopt,method,,,fresh,success,2,2,0,complete
rexxcps-noopt,call,rxfnsb.stem.get,direct_bytecode,580,84,0,0,0,0,0,2,,,,benchmark_rexxcps_levelb_noopt,method,,,reused,success,84,84,0,complete
rexxcps-noopt,call,rxfnsb.length,direct_bytecode,612,2,0,0,0,0,0,1,,,,benchmark_rexxcps_levelb_noopt,procedure,,,fresh,success,0,0,0,complete
rexxcps-noopt,call,rxfnsb.substr,direct_bytecode,666,84,0,0,0,0,0,4,,,,benchmark_rexxcps_levelb_noopt,procedure,,,reused,success,0,0,0,complete
rexxcps-noopt,call,rxfnsb.word,direct_bytecode,691,83,0,0,0,0,0,2,,,,benchmark_rexxcps_levelb_noopt,procedure,,,reused,success,83,83,0,complete
rexxcps-noopt,call,rxfnsb.stem.get,direct_bytecode,751,84,0,0,0,0,0,2,,,,benchmark_rexxcps_levelb_noopt,method,,,reused,success,84,84,0,complete
rexxcps-noopt,call,rxfnsb.stem.set,direct_bytecode,792,84,0,0,0,0,0,3,,,,benchmark_rexxcps_levelb_noopt,method,,,reused,success,84,84,0,complete
rexxcps-noopt,call,rxfnsb.length,direct_bytecode,612,82,0,0,0,0,0,1,,,,benchmark_rexxcps_levelb_noopt,procedure,,,reused,success,0,0,0,complete
rexxcps-noopt,call,rxfnsb.stem.set,direct_bytecode,844,42,0,0,0,0,0,3,,,,benchmark_rexxcps_levelb_noopt,method,,,reused,success,42,42,0,complete
rexxcps-noopt,call,rxfnsb.stem.get,direct_bytecode,887,42,0,0,0,0,0,2,,,,benchmark_rexxcps_levelb_noopt,method,,,reused,success,42,42,0,complete
rexxcps-noopt,call,rxfnsb.stem.get,direct_bytecode,1090,42,0,0,0,0,0,2,,,,benchmark_rexxcps_levelb_noopt,method,,,reused,success,42,42,0,complete
rexxcps-noopt,call,rxfnsb.stem.get,direct_bytecode,1163,42,0,0,0,0,0,2,,,,benchmark_rexxcps_levelb_noopt,method,,,reused,success,42,42,0,complete
rexxcps-noopt,call,rxfnsb.stem.set,direct_bytecode,1204,42,0,0,0,0,0,3,,,,benchmark_rexxcps_levelb_noopt,method,,,reused,success,42,42,0,complete
rexxcps-noopt,call,rxfnsb.parseexec,direct_bytecode,1255,1,0,0,0,0,0,4,,,,benchmark_rexxcps_levelb_noopt,procedure,,,fresh,success,1,1,0,complete
rexxcps-noopt,call,rxfnsb._trace_current_mode,direct_bytecode,1289,41,0,0,0,0,0,0,,,,benchmark_rexxcps_levelb_noopt,procedure,,,reused,success,0,0,0,complete
rexxcps-noopt,call,rxfnsb._trace_mode_from_option,direct_bytecode,1299,41,0,0,0,0,0,1,,,,benchmark_rexxcps_levelb_noopt,procedure,,,reused,success,0,0,0,complete
rexxcps-noopt,call,rxfnsb._trace_normalize_mode,direct_bytecode,18531,42,0,0,0,0,0,1,,,,trace,procedure,,,reused,success,42,42,0,complete
rexxcps-noopt,call,rxfnsb._trace_set,direct_bytecode,1309,41,0,0,0,0,0,1,,,,benchmark_rexxcps_levelb_noopt,procedure,,,reused,success,0,0,0,complete
rexxcps-noopt,call,rxfnsb._trace_ensure_runtime,direct_bytecode,12341,45,0,0,0,0,0,0,,,,trace,procedure,,,reused,success,0,0,0,complete
rexxcps-noopt,call,rxfnsb._trace_current_mode,direct_bytecode,1316,42,0,0,0,0,0,0,,,,benchmark_rexxcps_levelb_noopt,procedure,,,reused,success,0,0,0,complete
rexxcps-noopt,call,rexxcps_levelb.__rxtrace_reset_display_state,direct_bytecode,1323,41,0,0,0,0,0,0,,,,benchmark_rexxcps_levelb_noopt,procedure,,,reused,success,0,0,0,complete
rexxcps-noopt,call,_rxsysb.addressenv,direct_bytecode,1376,2,0,0,0,0,0,1,,,,benchmark_rexxcps_levelb_noopt,procedure,,,fresh,success,0,0,0,complete
rexxcps-noopt,call,_rxsysb._address_environment,direct_bytecode,15352,2,0,0,0,0,0,1,,,,_address,procedure,,,fresh,success,2,2,0,complete
rexxcps-noopt,call,_rxsysb.ensure_address_runtime,direct_bytecode,13823,1,0,0,0,0,0,0,,,,_address,procedure,,,fresh,success,0,0,0,complete
rexxcps-noopt,call,_rxsysb._ensure_address_environment,direct_bytecode,16944,1,0,0,0,0,0,1,,,,_address,procedure,,,fresh,success,0,0,0,complete
rexxcps-noopt,call,_rxsysb.ensure_address_runtime,direct_bytecode,15628,6,0,0,0,0,0,0,,,,_address,procedure,,,fresh,success,0,0,0,complete
rexxcps-noopt,call,rxfnsb.strip,direct_bytecode,15657,90,0,0,0,0,0,3,,,,_address,procedure,,,reused,success,90,90,0,complete
rexxcps-noopt,call,rxfnsb.strip,direct_bytecode,15734,90,0,0,0,0,0,3,,,,_address,procedure,,,reused,success,90,90,0,complete
rexxcps-noopt,call,_rxsysb.crexxaddressenvironment.§factory,dynamic_bytecode,15831,1,0,0,0,0,0,1,,,,_address,factory,,,fresh,success,0,0,0,complete
rexxcps-noopt,call,rxfnsb.strip,direct_bytecode,5805,1,0,0,0,0,0,3,,,,_address,procedure,,,fresh,success,1,1,0,complete
rexxcps-noopt,call,_rxsysb.crexxaddressenvironment.environment_id,dynamic_bytecode,15884,1,0,0,0,0,0,1,,,,_address,method,,,fresh,success,1,1,0,complete
rexxcps-noopt,call,_rxsysb.crexxaddressenvironment.bind_environment,dynamic_bytecode,15916,1,0,0,0,0,0,3,,,,_address,method,,,fresh,success,3,3,0,complete
rexxcps-noopt,call,rxfnsb.strip,direct_bytecode,5879,1,0,0,0,0,0,3,,,,_address,procedure,,,reused,success,1,1,0,complete
rexxcps-noopt,call,_rxsysb._ensure_address_environment,direct_bytecode,16957,1,0,0,0,0,0,1,,,,_address,procedure,,,reused,success,0,0,0,complete
rexxcps-noopt,call,_rxsysb.systemaddressenvironment.§factory,dynamic_bytecode,15831,3,0,0,0,0,0,1,,,,_address,factory,,,fresh,success,0,0,0,complete
rexxcps-noopt,call,rxfnsb.strip,direct_bytecode,6320,3,0,0,0,0,0,3,,,,_address,procedure,,,fresh,success,3,3,0,complete
rexxcps-noopt,call,_rxsysb.systemaddressenvironment.environment_id,dynamic_bytecode,15884,3,0,0,0,0,0,1,,,,_address,method,,,fresh,success,3,3,0,complete
rexxcps-noopt,call,_rxsysb.systemaddressenvironment.bind_environment,dynamic_bytecode,15916,3,0,0,0,0,0,3,,,,_address,method,,,fresh,success,9,9,0,complete
rexxcps-noopt,call,rxfnsb.strip,direct_bytecode,6394,3,0,0,0,0,0,3,,,,_address,procedure,,,reused,success,3,3,0,complete
rexxcps-noopt,call,_rxsysb._ensure_address_environment,direct_bytecode,16970,1,0,0,0,0,0,1,,,,_address,procedure,,,reused,success,0,0,0,complete
rexxcps-noopt,call,_rxsysb._ensure_address_environment,direct_bytecode,16983,1,0,0,0,0,0,1,,,,_address,procedure,,,reused,success,0,0,0,complete
rexxcps-noopt,call,_rxsysb._ensure_address_environment,direct_bytecode,16996,1,0,0,0,0,0,1,,,,_address,procedure,,,reused,success,0,0,0,complete
rexxcps-noopt,call,_rxsysb.shelladdressenvironment.§factory,dynamic_bytecode,15831,1,0,0,0,0,0,1,,,,_address,factory,,,fresh,success,0,0,0,complete
rexxcps-noopt,call,rxfnsb.strip,direct_bytecode,6818,1,0,0,0,0,0,3,,,,_address,procedure,,,fresh,success,1,1,0,complete
rexxcps-noopt,call,_rxsysb.shelladdressenvironment.environment_id,dynamic_bytecode,15884,1,0,0,0,0,0,1,,,,_address,method,,,fresh,success,1,1,0,complete
rexxcps-noopt,call,_rxsysb.shelladdressenvironment.bind_environment,dynamic_bytecode,15916,1,0,0,0,0,0,3,,,,_address,method,,,fresh,success,3,3,0,complete
rexxcps-noopt,call,rxfnsb.strip,direct_bytecode,6892,1,0,0,0,0,0,3,,,,_address,procedure,,,reused,success,1,1,0,complete
rexxcps-noopt,call,_rxsysb._ensure_address_environment,direct_bytecode,17009,1,0,0,0,0,0,1,,,,_address,procedure,,,reused,success,0,0,0,complete
rexxcps-noopt,call,_rxsysb.pathaddressenvironment.§factory,dynamic_bytecode,15831,1,0,0,0,0,0,1,,,,_address,factory,,,fresh,success,0,0,0,complete
rexxcps-noopt,call,rxfnsb.strip,direct_bytecode,7316,1,0,0,0,0,0,3,,,,_address,procedure,,,fresh,success,1,1,0,complete
rexxcps-noopt,call,_rxsysb.pathaddressenvironment.environment_id,dynamic_bytecode,15884,1,0,0,0,0,0,1,,,,_address,method,,,fresh,success,1,1,0,complete
rexxcps-noopt,call,_rxsysb.pathaddressenvironment.bind_environment,dynamic_bytecode,15916,1,0,0,0,0,0,3,,,,_address,method,,,fresh,success,3,3,0,complete
rexxcps-noopt,call,rxfnsb.strip,direct_bytecode,7390,1,0,0,0,0,0,3,,,,_address,procedure,,,reused,success,1,1,0,complete
rexxcps-noopt,call,rxfnsb.strip,direct_bytecode,13847,42,0,0,0,0,0,3,,,,_address,procedure,,,reused,success,42,42,0,complete
rexxcps-noopt,call,_rxsysb._current_address_environment,direct_bytecode,13876,1,0,0,0,0,0,0,,,,_address,procedure,,,fresh,success,0,0,0,complete
rexxcps-noopt,call,_rxsysb.ensure_address_runtime,direct_bytecode,16543,83,0,0,0,0,0,0,,,,_address,procedure,,,reused,success,0,0,0,complete
rexxcps-noopt,call,_rxsysb._ensure_address_environment,direct_bytecode,13889,42,0,0,0,0,0,1,,,,_address,procedure,,,reused,success,42,42,0,complete
rexxcps-noopt,call,_rxsysb.ensure_address_runtime,direct_bytecode,15628,84,0,0,0,0,0,0,,,,_address,procedure,,,reused,success,0,0,0,complete
rexxcps-noopt,call,rxfnsb.strip,direct_bytecode,14006,42,0,0,0,0,0,3,,,,_address,procedure,,,reused,success,42,42,0,complete
rexxcps-noopt,call,_rxsysb.crexxaddressenvironment.environment_name,dynamic_bytecode,1390,1,0,0,0,0,0,1,,,,benchmark_rexxcps_levelb_noopt,method,,,fresh,success,0,0,0,complete
rexxcps-noopt,call,_rxsysb._noredir,direct_bytecode,1397,2,0,0,0,0,0,0,,,,benchmark_rexxcps_levelb_noopt,procedure,,,fresh,success,0,0,0,complete
rexxcps-noopt,call,_rxsysb._noredir,direct_bytecode,1404,42,0,0,0,0,0,0,,,,benchmark_rexxcps_levelb_noopt,procedure,,,reused,success,0,0,0,complete
rexxcps-noopt,call,_rxsysb._noredir,direct_bytecode,1411,42,0,0,0,0,0,0,,,,benchmark_rexxcps_levelb_noopt,procedure,,,reused,success,0,0,0,complete
rexxcps-noopt,call,_rxsysb._address,direct_bytecode,1433,1,0,0,0,0,0,5,,,,benchmark_rexxcps_levelb_noopt,procedure,,,fresh,success,0,0,0,complete
rexxcps-noopt,call,_rxsysb.ensure_address_runtime,direct_bytecode,9012,42,0,0,0,0,0,0,,,,_address,procedure,,,reused,success,0,0,0,complete
rexxcps-noopt,call,rxfnsb.strip,direct_bytecode,9036,42,0,0,0,0,0,3,,,,_address,procedure,,,reused,success,42,42,0,complete
rexxcps-noopt,call,_rxsysb._set_address_environment,direct_bytecode,9071,1,0,0,0,0,0,1,,,,_address,procedure,,,fresh,success,1,1,0,complete
rexxcps-noopt,call,_rxsysb.ensure_address_runtime,direct_bytecode,16316,42,0,0,0,0,0,0,,,,_address,procedure,,,reused,success,0,0,0,complete
rexxcps-noopt,call,rxfnsb.strip,direct_bytecode,16345,42,0,0,0,0,0,3,,,,_address,procedure,,,reused,success,42,42,0,complete
rexxcps-noopt,call,_rxsysb._ensure_address_environment,direct_bytecode,16406,42,0,0,0,0,0,1,,,,_address,procedure,,,reused,success,42,42,0,complete
rexxcps-noopt,call,_rxsysb.unknownaddressenvironment.§factory,dynamic_bytecode,15831,1,0,0,0,0,0,1,,,,_address,factory,,,fresh,success,0,0,0,complete
rexxcps-noopt,call,rxfnsb.strip,direct_bytecode,7760,1,0,0,0,0,0,3,,,,_address,procedure,,,fresh,success,1,1,0,complete
rexxcps-noopt,call,_rxsysb.unknownaddressenvironment.environment_id,dynamic_bytecode,15884,1,0,0,0,0,0,1,,,,_address,method,,,fresh,success,1,1,0,complete
rexxcps-noopt,call,_rxsysb.unknownaddressenvironment.bind_environment,dynamic_bytecode,15916,1,0,0,0,0,0,3,,,,_address,method,,,fresh,success,3,3,0,complete
rexxcps-noopt,call,rxfnsb.strip,direct_bytecode,7834,1,0,0,0,0,0,3,,,,_address,procedure,,,reused,success,1,1,0,complete
rexxcps-noopt,call,rxfnsb.strip,direct_bytecode,16444,42,0,0,0,0,0,3,,,,_address,procedure,,,reused,success,42,42,0,complete
rexxcps-noopt,call,_rxsysb._current_address_environment,direct_bytecode,9087,1,0,0,0,0,0,0,,,,_address,procedure,,,fresh,success,0,0,0,complete
rexxcps-noopt,call,_rxsysb.ensure_address_runtime,direct_bytecode,16543,1,0,0,0,0,0,0,,,,_address,procedure,,,fresh,success,0,0,0,complete
rexxcps-noopt,call,_rxsysb.dispatch_address_request,direct_bytecode,9470,1,0,0,0,0,0,1,,,,_address,procedure,,,fresh,success,1,1,0,complete
rexxcps-noopt,call,_rxsysb.ensure_address_runtime,direct_bytecode,17721,42,0,0,0,0,0,0,,,,_address,procedure,,,reused,success,0,0,0,complete
rexxcps-noopt,call,rxfnsb.strip,direct_bytecode,17759,42,0,0,0,0,0,3,,,,_address,procedure,,,reused,success,42,42,0,complete
rexxcps-noopt,call,rxfnsb.strip,direct_bytecode,17817,42,0,0,0,0,0,3,,,,_address,procedure,,,reused,success,42,42,0,complete
rexxcps-noopt,call,rxfnsb._trace_command_before,direct_bytecode,18224,1,0,0,0,0,0,2,,,,_address,procedure,,,fresh,success,2,2,0,complete
rexxcps-noopt,call,rxfnsb._trace_ensure_runtime,direct_bytecode,19561,1,0,0,0,0,0,0,,,,trace,procedure,,,fresh,success,0,0,0,complete
rexxcps-noopt,call,_rxsysb.unknownaddressenvironment.execute,dynamic_bytecode,18253,1,0,0,0,0,0,2,,,,_address,method,,,fresh,success,2,2,0,complete
rexxcps-noopt,call,rxfnsb._trace_command_after,direct_bytecode,18329,1,0,0,0,0,0,4,,,,_address,procedure,,,fresh,success,4,4,0,complete
rexxcps-noopt,call,rxfnsb._trace_ensure_runtime,direct_bytecode,19798,42,0,0,0,0,0,0,,,,trace,procedure,,,reused,success,0,0,0,complete
rexxcps-noopt,call,rxfnsb.upper,direct_bytecode,1443,1,0,0,0,0,0,1,,,,benchmark_rexxcps_levelb_noopt,procedure,,,fresh,success,0,0,0,complete
rexxcps-noopt,call,rxfnsb.upper,direct_bytecode,1453,42,0,0,0,0,0,1,,,,benchmark_rexxcps_levelb_noopt,procedure,,,reused,success,0,0,0,complete
rexxcps-noopt,call,rxfnsb.upper,direct_bytecode,1463,42,0,0,0,0,0,1,,,,benchmark_rexxcps_levelb_noopt,procedure,,,reused,success,0,0,0,complete
rexxcps-noopt,call,rxfnsb.upper,direct_bytecode,1492,42,0,0,0,0,0,1,,,,benchmark_rexxcps_levelb_noopt,procedure,,,reused,success,0,0,0,complete
rexxcps-noopt,call,rexxcps_levelb.cps_subroutine,direct_bytecode,1511,1,0,0,0,0,0,4,,,,benchmark_rexxcps_levelb_noopt,procedure,,,fresh,success,0,0,0,complete
rexxcps-noopt,call,rxfnsb.parseexec,direct_bytecode,2301,1,0,0,0,0,0,4,,,,benchmark_rexxcps_levelb_noopt,procedure,,,fresh,success,1,1,0,complete
rexxcps-noopt,call,rxfnsb.parseexec,direct_bytecode,2404,42,0,0,0,0,0,4,,,,benchmark_rexxcps_levelb_noopt,procedure,,,reused,success,42,42,0,complete
rexxcps-noopt,call,rxfnsb._stream_span,direct_bytecode,5606,1,0,0,0,0,0,3,,,,parseExec,procedure,,,fresh,success,2,2,0,complete
rexxcps-noopt,call,rxfnsb.parseexec,direct_bytecode,1550,42,0,0,0,0,0,4,,,,benchmark_rexxcps_levelb_noopt,procedure,,,reused,success,42,42,0,complete
rexxcps-noopt,call,rxfnsb._stream_span,direct_bytecode,5606,209,0,0,0,0,0,3,,,,parseExec,procedure,,,reused,success,418,418,0,complete
rexxcps-noopt,call,rxfnsb.parseexec,direct_bytecode,1628,42,0,0,0,0,0,4,,,,benchmark_rexxcps_levelb_noopt,procedure,,,reused,success,42,42,0,complete
rexxcps-noopt,call,rxfnsb.parseexec,direct_bytecode,1706,42,0,0,0,0,0,4,,,,benchmark_rexxcps_levelb_noopt,procedure,,,reused,success,42,42,0,complete
rexxcps-noopt,call,rxfnsb.parseexec,direct_bytecode,1784,42,0,0,0,0,0,4,,,,benchmark_rexxcps_levelb_noopt,procedure,,,reused,success,42,42,0,complete
rexxcps-noopt,call,rxfnsb.word,direct_bytecode,691,1,0,0,0,0,0,2,,,,benchmark_rexxcps_levelb_noopt,procedure,,,fresh,success,1,1,0,complete
rexxcps-noopt,call,rxfnsb.stem.get,direct_bytecode,985,39,0,0,0,0,0,2,,,,benchmark_rexxcps_levelb_noopt,method,,,reused,success,39,39,0,complete
rexxcps-noopt,call,rxfnsb.stem.set,direct_bytecode,1026,39,0,0,0,0,0,3,,,,benchmark_rexxcps_levelb_noopt,method,,,reused,success,39,39,0,complete
rexxcps-noopt,call,rxfnsb.parseexec,direct_bytecode,1255,41,0,0,0,0,0,4,,,,benchmark_rexxcps_levelb_noopt,procedure,,,reused,success,41,41,0,complete
rexxcps-noopt,call,rxfnsb._trace_current_mode,direct_bytecode,1289,1,0,0,0,0,0,0,,,,benchmark_rexxcps_levelb_noopt,procedure,,,fresh,success,0,0,0,complete
rexxcps-noopt,call,rxfnsb._trace_mode_from_option,direct_bytecode,1299,1,0,0,0,0,0,1,,,,benchmark_rexxcps_levelb_noopt,procedure,,,fresh,success,0,0,0,complete
rexxcps-noopt,call,rxfnsb._trace_set,direct_bytecode,1309,1,0,0,0,0,0,1,,,,benchmark_rexxcps_levelb_noopt,procedure,,,fresh,success,0,0,0,complete
rexxcps-noopt,call,rexxcps_levelb.__rxtrace_reset_display_state,direct_bytecode,1323,1,0,0,0,0,0,0,,,,benchmark_rexxcps_levelb_noopt,procedure,,,fresh,success,0,0,0,complete
rexxcps-noopt,call,_rxsysb.ensure_address_runtime,direct_bytecode,13823,41,0,0,0,0,0,0,,,,_address,procedure,,,reused,success,0,0,0,complete
rexxcps-noopt,call,_rxsysb._current_address_environment,direct_bytecode,13876,41,0,0,0,0,0,0,,,,_address,procedure,,,reused,success,0,0,0,complete
rexxcps-noopt,call,_rxsysb.unknownaddressenvironment.environment_name,dynamic_bytecode,1390,1,0,0,0,0,0,1,,,,benchmark_rexxcps_levelb_noopt,method,,,fresh,success,0,0,0,complete
rexxcps-noopt,call,_rxsysb._address,direct_bytecode,1433,41,0,0,0,0,0,5,,,,benchmark_rexxcps_levelb_noopt,procedure,,,reused,success,0,0,0,complete
rexxcps-noopt,call,_rxsysb._set_address_environment,direct_bytecode,9071,41,0,0,0,0,0,1,,,,_address,procedure,,,reused,success,41,41,0,complete
rexxcps-noopt,call,_rxsysb._current_address_environment,direct_bytecode,9087,41,0,0,0,0,0,0,,,,_address,procedure,,,reused,success,0,0,0,complete
rexxcps-noopt,call,_rxsysb.dispatch_address_request,direct_bytecode,9470,41,0,0,0,0,0,1,,,,_address,procedure,,,reused,success,41,41,0,complete
rexxcps-noopt,call,rxfnsb._trace_command_before,direct_bytecode,18224,41,0,0,0,0,0,2,,,,_address,procedure,,,reused,success,82,82,0,complete
rexxcps-noopt,call,rxfnsb._trace_ensure_runtime,direct_bytecode,19561,41,0,0,0,0,0,0,,,,trace,procedure,,,reused,success,0,0,0,complete
rexxcps-noopt,call,_rxsysb.unknownaddressenvironment.execute,dynamic_bytecode,18253,41,0,0,0,0,0,2,,,,_address,method,,,reused,success,82,82,0,complete
rexxcps-noopt,call,rxfnsb._trace_command_after,direct_bytecode,18329,41,0,0,0,0,0,4,,,,_address,procedure,,,reused,success,164,164,0,complete
rexxcps-noopt,call,rxfnsb.upper,direct_bytecode,1443,41,0,0,0,0,0,1,,,,benchmark_rexxcps_levelb_noopt,procedure,,,reused,success,0,0,0,complete
rexxcps-noopt,call,rexxcps_levelb.cps_subroutine,direct_bytecode,1511,41,0,0,0,0,0,4,,,,benchmark_rexxcps_levelb_noopt,procedure,,,reused,success,0,0,0,complete
rexxcps-noopt,call,rxfnsb.parseexec,direct_bytecode,2301,41,0,0,0,0,0,4,,,,benchmark_rexxcps_levelb_noopt,procedure,,,reused,success,41,41,0,complete
rexxcps-noopt,call,rxfnsb.substr,direct_bytecode,476,40,0,0,0,0,0,4,,,,benchmark_rexxcps_levelb_noopt,procedure,,,reused,success,0,0,0,complete
rexxcps-noopt,call,rxfnsb.stem.set,direct_bytecode,495,40,0,0,0,0,0,3,,,,benchmark_rexxcps_levelb_noopt,method,,,reused,success,40,40,0,complete
rexxcps-noopt,call,rxfnsb.stem.get,direct_bytecode,524,40,0,0,0,0,0,2,,,,benchmark_rexxcps_levelb_noopt,method,,,reused,success,40,40,0,complete
rexxcps-noopt,call,_rxsysb.addressenv,direct_bytecode,1376,40,0,0,0,0,0,1,,,,benchmark_rexxcps_levelb_noopt,procedure,,,reused,success,0,0,0,complete
rexxcps-noopt,call,_rxsysb._address_environment,direct_bytecode,15352,40,0,0,0,0,0,1,,,,_address,procedure,,,reused,success,40,40,0,complete
rexxcps-noopt,call,_rxsysb.unknownaddressenvironment.environment_name,dynamic_bytecode,1390,40,0,0,0,0,0,1,,,,benchmark_rexxcps_levelb_noopt,method,,,reused,success,0,0,0,complete
rexxcps-noopt,call,_rxsysb._noredir,direct_bytecode,1397,40,0,0,0,0,0,0,,,,benchmark_rexxcps_levelb_noopt,procedure,,,reused,success,0,0,0,complete
rexxcps-noopt,call,rxfnsb.time,direct_bytecode,1874,1,0,0,0,0,0,1,,,,benchmark_rexxcps_levelb_noopt,procedure,,,fresh,success,0,0,0,complete
rexxcps-noopt,call,rxfnsb._trace_set,direct_bytecode,1897,2,0,0,0,0,0,1,,,,benchmark_rexxcps_levelb_noopt,procedure,,,reused,success,0,0,0,complete
rexxcps-noopt,call,rxfnsb._trace_current_mode,direct_bytecode,1904,2,0,0,0,0,0,0,,,,benchmark_rexxcps_levelb_noopt,procedure,,,reused,success,0,0,0,complete
rexxcps-noopt,call,rexxcps_levelb.__rxtrace_reset_display_state,direct_bytecode,1911,2,0,0,0,0,0,0,,,,benchmark_rexxcps_levelb_noopt,procedure,,,reused,success,0,0,0,complete
rexxcps-noopt,call,rxfnsb.trunc,direct_bytecode,2020,1,0,0,0,0,0,2,,,,benchmark_rexxcps_levelb_noopt,procedure,,,fresh,success,0,0,0,complete
rexxcps-noopt,call,rxfnsb._trace_mode_from_option,direct_bytecode,307,1,0,0,0,0,0,1,,,,benchmark_rexxcps_levelb_noopt,procedure,,,reused,success,1,1,0,complete
rexxcps-noopt,call,rxfnsb._trace_set,direct_bytecode,320,1,0,0,0,0,0,1,,,,benchmark_rexxcps_levelb_noopt,procedure,,,reused,success,0,0,0,complete
rexxcps-noopt,call,rxfnsb._trace_current_mode,direct_bytecode,327,1,0,0,0,0,0,0,,,,benchmark_rexxcps_levelb_noopt,procedure,,,reused,success,0,0,0,complete
rexxcps-noopt,call,rexxcps_levelb.__rxtrace_reset_display_state,direct_bytecode,334,1,0,0,0,0,0,0,,,,benchmark_rexxcps_levelb_noopt,procedure,,,reused,success,0,0,0,complete
rexxcps-noopt,call,rxfnsb.time,direct_bytecode,1874,1,0,0,0,0,0,1,,,,benchmark_rexxcps_levelb_noopt,procedure,,,reused,success,0,0,0,complete
rexxcps-noopt,call,rxfnsb.format,direct_bytecode,2092,1,0,0,0,0,0,5,,,,benchmark_rexxcps_levelb_noopt,procedure,,,fresh,success,1,1,0,complete
rexxcps-noopt,call,rxfnsb.left,direct_bytecode,2140,1,0,0,0,0,0,3,,,,benchmark_rexxcps_levelb_noopt,procedure,,,fresh,success,1,1,0,complete
rexxcps-noopt,call,rxfnsb.format,direct_bytecode,2233,1,0,0,0,0,0,5,,,,benchmark_rexxcps_levelb_noopt,procedure,,,reused,success,0,0,0,complete
rexxcps-opt,census,call_path,direct_bytecode,,3195,0,0,0,0,0,,,,,,,,,,,,,,complete
rexxcps-opt,census,call_path,direct_native,,0,0,0,0,0,0,,,,,,,,,,,,,,complete
rexxcps-opt,census,call_path,dynamic_bytecode,,105,0,0,0,0,0,,,,,,,,,,,,,,complete
rexxcps-opt,census,call_path,dynamic_native,,0,0,0,0,0,0,,,,,,,,,,,,,,complete
rexxcps-opt,census,call_path,external_root,,1,0,0,0,0,0,,,,,,,,,,,,,,complete
rexxcps-opt,census,call_path,signal_bytecode,,0,0,0,0,0,0,,,,,,,,,,,,,,complete
rexxcps-opt,census,call_path,signal_native,,0,0,0,0,0,0,,,,,,,,,,,,,,complete
rexxcps-opt,census,arity,1,,687,0,0,0,0,0,,,,,,,,,,,,,,complete
rexxcps-opt,census,arity,0,,780,0,0,0,0,0,,,,,,,,,,,,,,complete
rexxcps-opt,census,arity,3,,978,0,0,0,0,0,,,,,,,,,,,,,,complete
rexxcps-opt,census,arity,2,,476,0,0,0,0,0,,,,,,,,,,,,,,complete
rexxcps-opt,census,arity,4,,336,0,0,0,0,0,,,,,,,,,,,,,,complete
rexxcps-opt,census,arity,5,,44,0,0,0,0,0,,,,,,,,,,,,,,complete
rexxcps-opt,census,callable_kind,procedure,,2554,0,0,0,0,0,,,,,,,,,,,,,,complete
rexxcps-opt,census,callable_kind,method,,738,0,0,0,0,0,,,,,,,,,,,,,,complete
rexxcps-opt,census,callable_kind,factory,,9,0,0,0,0,0,,,,,,,,,,,,,,complete
rexxcps-opt,census,callable_kind,native,,0,0,0,0,0,0,,,,,,,,,,,,,,complete
rexxcps-opt,census,callable_kind,unknown,,0,0,0,0,0,0,,,,,,,,,,,,,,complete
rexxcps-opt,census,frame_disposition,fresh,,83,0,0,0,0,0,,,,,,,,,,,,,,complete
rexxcps-opt,census,frame_disposition,reused,,3218,0,0,0,0,0,,,,,,,,,,,,,,complete
rexxcps-opt,census,frame_disposition,no_child_native,,0,0,0,0,0,0,,,,,,,,,,,,,,complete
rexxcps-opt,census,frame_disposition,none_failed,,0,0,0,0,0,0,,,,,,,,,,,,,,complete
rexxcps-opt,census,call_outcome,success,,3301,0,0,0,0,0,,,,,,,,,,,,,,complete
rexxcps-opt,census,call_outcome,unresolved,,0,0,0,0,0,0,,,,,,,,,,,,,,complete
rexxcps-opt,census,call_outcome,frame_failed,,0,0,0,0,0,0,,,,,,,,,,,,,,complete
rexxcps-opt,census,call_outcome,invalid,,0,0,0,0,0,0,,,,,,,,,,,,,,complete
rexxcps-opt,return,placement,void,,1008,0,0,0,0,0,,,,,,,,,,,,,,complete
rexxcps-opt,return,placement,ret_reg_move_local,,1465,0,0,0,0,0,,,,,,,,,,,,,,complete
rexxcps-opt,return,placement,ret_reg_copy_nonlocal,,594,0,0,0,0,0,,,,,,,,,,,,,,complete
rexxcps-opt,return,placement,value_ignored,,0,0,0,0,0,0,,,,,,,,,,,,,,complete
rexxcps-opt,return,placement,immediate,,233,0,0,0,0,0,,,,,,,,,,,,,,complete
rexxcps-opt,return,placement,terminal_external,,1,0,0,0,0,0,,,,,,,,,,,,,,complete
rexxcps-opt,dynamic,srcmethodsel,attempt,,98,0,0,0,0,0,,,,,,,,,,,,,,complete
rexxcps-opt,dynamic,srcmethodsel,success,,98,0,0,0,0,0,,,,,,,,,,,,,,complete
rexxcps-opt,dynamic,srcmethodsel,failure,,0,0,0,0,0,0,,,,,,,,,,,,,,complete
rexxcps-opt,dynamic,srcfprocsel,attempt,,7,0,0,0,0,0,,,,,,,,,,,,,,complete
rexxcps-opt,dynamic,srcfprocsel,success,,7,0,0,0,0,0,,,,,,,,,,,,,,complete
rexxcps-opt,dynamic,srcfprocsel,failure,,0,0,0,0,0,0,,,,,,,,,,,,,,complete
rexxcps-opt,mechanics,call_window,setup_swaps,,2669,0,0,0,0,0,,,,,,,,,,,,,,complete
rexxcps-opt,mechanics,call_window,normal_restoration_swaps,,2669,0,0,0,0,0,,,,,,,,,,,,,,complete
rexxcps-opt,mechanics,call_window,unclassified_swaps,,28,0,0,0,0,0,,,,,,,,,,,,,,complete
rexxcps-opt,mechanics,call_window,defensive_argument_copies,,1,0,0,0,0,0,,,,,,,,,,,,,,complete
rexxcps-opt,mechanics,call_window,unclassified_copies,,3403,0,0,0,0,0,,,,,,,,,,,,,,complete
rexxcps-opt,mechanics,call_window,attribution_degraded,,0,0,0,0,0,0,,,,,,,,,,,,,,complete
rexxcps-opt,unwind,signal,events,,0,0,0,0,0,0,,,,,,,,,,,,,,complete
rexxcps-opt,unwind,signal,bytecode_frames_discarded,,0,0,0,0,0,0,,,,,,,,,,,,,,complete
rexxcps-opt,unwind,signal,argument_windows_restored,,0,0,0,0,0,0,,,,,,,,,,,,,,complete
rexxcps-opt,unwind,signal,argument_slots_restored,,0,0,0,0,0,0,,,,,,,,,,,,,,complete
rexxcps-opt,unwind,signal,interrupted_native_windows_restored,,0,0,0,0,0,0,,,,,,,,,,,,,,complete
rexxcps-opt,unwind,signal,interrupted_native_slots_restored,,0,0,0,0,0,0,,,,,,,,,,,,,,complete
rexxcps-opt,unwind,signal,restoration_failures,,0,0,0,0,0,0,,,,,,,,,,,,,,complete
rexxcps-opt,call,rexxcps_levelb.main,external_root,0,1,0,0,0,0,0,1,,,,benchmark_rexxcps_levelb_opt,procedure,,,fresh,success,0,0,0,complete
rexxcps-opt,call,rxfnsb.stem.§factory,direct_bytecode,276,1,0,0,0,0,0,0,,,,benchmark_rexxcps_levelb_opt,factory,,,fresh,success,0,0,0,complete
rexxcps-opt,call,rxfnsb.stem.§factory,direct_bytecode,283,1,0,0,0,0,0,0,,,,benchmark_rexxcps_levelb_opt,factory,,,reused,success,0,0,0,complete
rexxcps-opt,call,rxfnsb.time,direct_bytecode,321,1,0,0,0,0,0,1,,,,benchmark_rexxcps_levelb_opt,procedure,,,fresh,success,0,0,0,complete
rexxcps-opt,call,_rxsysb._elapsed,direct_bytecode,300,2,0,0,0,0,0,1,,,,time,procedure,,,fresh,success,2,2,0,complete
rexxcps-opt,call,_rxsysb._elapsed,direct_bytecode,328,6,0,0,0,0,0,1,,,,time,procedure,,,reused,success,0,0,0,complete
rexxcps-opt,call,_rxsysb._elapsed,direct_bytecode,338,6,0,0,0,0,0,1,,,,time,procedure,,,reused,success,6,6,0,complete
rexxcps-opt,call,rxfnsb.time,direct_bytecode,342,1,0,0,0,0,0,1,,,,benchmark_rexxcps_levelb_opt,procedure,,,reused,success,0,0,0,complete
rexxcps-opt,call,_rxsysb._elapsed,direct_bytecode,300,4,0,0,0,0,0,1,,,,time,procedure,,,reused,success,4,4,0,complete
rexxcps-opt,call,rxfnsb._trace_mode_from_option,direct_bytecode,401,1,0,0,0,0,0,1,,,,benchmark_rexxcps_levelb_opt,procedure,,,fresh,success,0,0,0,complete
rexxcps-opt,call,rxfnsb._trace_normalize_mode,direct_bytecode,18531,2,0,0,0,0,0,1,,,,trace,procedure,,,fresh,success,2,2,0,complete
rexxcps-opt,call,rxfnsb.strip,direct_bytecode,16152,1,0,0,0,0,0,3,,,,trace,procedure,,,fresh,success,1,1,0,complete
rexxcps-opt,call,rxfnsb.pos,direct_bytecode,16982,2,0,0,0,0,0,3,,,,trace,procedure,,,fresh,success,2,2,0,complete
rexxcps-opt,call,rxfnsb._trace_set,direct_bytecode,411,1,0,0,0,0,0,1,,,,benchmark_rexxcps_levelb_opt,procedure,,,fresh,success,0,0,0,complete
rexxcps-opt,call,rxfnsb._trace_ensure_runtime,direct_bytecode,12341,1,0,0,0,0,0,0,,,,trace,procedure,,,fresh,success,0,0,0,complete
rexxcps-opt,call,rxfnsb.tracecontroller.add_suppressed_namespace,direct_bytecode,15746,1,0,0,0,0,0,2,,,,trace,method,,,fresh,success,1,1,1,complete
rexxcps-opt,call,rxfnsb.strip,direct_bytecode,5787,16,0,0,0,0,0,3,,,,trace,procedure,,,reused,success,16,16,0,complete
rexxcps-opt,call,rxfnsb.tracecontroller.add_suppressed_namespace,direct_bytecode,15768,1,0,0,0,0,0,2,,,,trace,method,,,reused,success,1,1,0,complete
rexxcps-opt,call,rxfnsb.tracecontroller.add_suppressed_namespace,direct_bytecode,15790,1,0,0,0,0,0,2,,,,trace,method,,,reused,success,1,1,0,complete
rexxcps-opt,call,rxfnsb.tracecontroller.add_suppressed_namespace,direct_bytecode,15812,1,0,0,0,0,0,2,,,,trace,method,,,reused,success,1,1,0,complete
rexxcps-opt,call,rxfnsb.tracecontroller.add_suppressed_namespace,direct_bytecode,15834,1,0,0,0,0,0,2,,,,trace,method,,,reused,success,1,1,0,complete
rexxcps-opt,call,rxfnsb.tracecontroller.add_suppressed_namespace,direct_bytecode,15856,1,0,0,0,0,0,2,,,,trace,method,,,reused,success,1,1,0,complete
rexxcps-opt,call,rxfnsb.tracecontroller.add_suppressed_namespace,direct_bytecode,15878,1,0,0,0,0,0,2,,,,trace,method,,,reused,success,1,1,0,complete
rexxcps-opt,call,rxfnsb.tracecontroller.add_suppressed_namespace,direct_bytecode,15900,1,0,0,0,0,0,2,,,,trace,method,,,reused,success,1,1,0,complete
rexxcps-opt,call,rxfnsb.tracecontroller.add_suppressed_namespace,direct_bytecode,15922,1,0,0,0,0,0,2,,,,trace,method,,,reused,success,1,1,0,complete
rexxcps-opt,call,rxfnsb.tracecontroller.add_suppressed_namespace,direct_bytecode,15944,1,0,0,0,0,0,2,,,,trace,method,,,reused,success,1,1,0,complete
rexxcps-opt,call,rxfnsb.tracecontroller.add_suppressed_namespace,direct_bytecode,15966,1,0,0,0,0,0,2,,,,trace,method,,,reused,success,1,1,0,complete
rexxcps-opt,call,rxfnsb.tracecontroller.add_suppressed_namespace,direct_bytecode,15988,1,0,0,0,0,0,2,,,,trace,method,,,reused,success,1,1,0,complete
rexxcps-opt,call,rxfnsb.tracecontroller.add_suppressed_namespace,direct_bytecode,16010,1,0,0,0,0,0,2,,,,trace,method,,,reused,success,1,1,0,complete
rexxcps-opt,call,rxfnsb.tracecontroller.add_suppressed_namespace,direct_bytecode,16032,1,0,0,0,0,0,2,,,,trace,method,,,reused,success,1,1,0,complete
rexxcps-opt,call,rxfnsb.tracecontroller.add_suppressed_namespace,direct_bytecode,16054,1,0,0,0,0,0,2,,,,trace,method,,,reused,success,1,1,0,complete
rexxcps-opt,call,rxfnsb.tracecontroller.add_suppressed_namespace,direct_bytecode,16076,1,0,0,0,0,0,2,,,,trace,method,,,reused,success,1,1,0,complete
rexxcps-opt,call,rxfnsb._trace_normalize_mode,direct_bytecode,12354,46,0,0,0,0,0,1,,,,trace,procedure,,,reused,success,46,46,0,complete
rexxcps-opt,call,rxfnsb.strip,direct_bytecode,16152,3,0,0,0,0,0,3,,,,trace,procedure,,,reused,success,3,3,0,complete
rexxcps-opt,call,rxfnsb.pos,direct_bytecode,16982,2,0,0,0,0,0,3,,,,trace,procedure,,,reused,success,2,2,0,complete
rexxcps-opt,call,rxfnsb._trace_current_mode,direct_bytecode,418,1,0,0,0,0,0,0,,,,benchmark_rexxcps_levelb_opt,procedure,,,fresh,success,0,0,0,complete
rexxcps-opt,call,rxfnsb._trace_ensure_runtime,direct_bytecode,14273,88,0,0,0,0,0,0,,,,trace,procedure,,,reused,success,0,0,0,complete
rexxcps-opt,call,rexxcps_levelb.__rxtrace_reset_display_state,direct_bytecode,425,1,0,0,0,0,0,0,,,,benchmark_rexxcps_levelb_opt,procedure,,,fresh,success,0,0,0,complete
rexxcps-opt,call,rxfnsb.time,direct_bytecode,478,2,0,0,0,0,0,1,,,,benchmark_rexxcps_levelb_opt,procedure,,,reused,success,0,0,0,complete
rexxcps-opt,call,rxfnsb.stem.set,direct_bytecode,707,2,0,0,0,0,0,3,,,,benchmark_rexxcps_levelb_opt,method,,,fresh,success,4,4,0,complete
rexxcps-opt,call,rxfnsb.stem.get,direct_bytecode,735,2,0,0,0,0,0,2,,,,benchmark_rexxcps_levelb_opt,method,,,fresh,success,2,2,0,complete
rexxcps-opt,call,rxfnsb.stem.get,direct_bytecode,787,84,0,0,0,0,0,2,,,,benchmark_rexxcps_levelb_opt,method,,,reused,success,84,84,0,complete
rexxcps-opt,call,rxfnsb.stem.get,direct_bytecode,1206,84,0,0,0,0,0,2,,,,benchmark_rexxcps_levelb_opt,method,,,reused,success,84,84,0,complete
rexxcps-opt,call,rxfnsb.stem.set,direct_bytecode,1242,84,0,0,0,0,0,3,,,,benchmark_rexxcps_levelb_opt,method,,,reused,success,84,84,0,complete
rexxcps-opt,call,rxfnsb.stem.set,direct_bytecode,1289,42,0,0,0,0,0,3,,,,benchmark_rexxcps_levelb_opt,method,,,reused,success,42,42,0,complete
rexxcps-opt,call,rxfnsb.stem.get,direct_bytecode,1327,42,0,0,0,0,0,2,,,,benchmark_rexxcps_levelb_opt,method,,,reused,success,42,42,0,complete
rexxcps-opt,call,rxfnsb.stem.get,direct_bytecode,1470,42,0,0,0,0,0,2,,,,benchmark_rexxcps_levelb_opt,method,,,reused,success,42,42,0,complete
rexxcps-opt,call,rxfnsb.stem.get,direct_bytecode,1513,42,0,0,0,0,0,2,,,,benchmark_rexxcps_levelb_opt,method,,,reused,success,42,42,0,complete
rexxcps-opt,call,rxfnsb.stem.set,direct_bytecode,1549,42,0,0,0,0,0,3,,,,benchmark_rexxcps_levelb_opt,method,,,reused,success,42,42,0,complete
rexxcps-opt,call,rxfnsb.parseexec,direct_bytecode,1597,1,0,0,0,0,0,4,,,,benchmark_rexxcps_levelb_opt,procedure,,,fresh,success,0,0,0,complete
rexxcps-opt,call,rxfnsb._trace_current_mode,direct_bytecode,1628,41,0,0,0,0,0,0,,,,benchmark_rexxcps_levelb_opt,procedure,,,reused,success,0,0,0,complete
rexxcps-opt,call,rxfnsb._trace_mode_from_option,direct_bytecode,1638,41,0,0,0,0,0,1,,,,benchmark_rexxcps_levelb_opt,procedure,,,reused,success,0,0,0,complete
rexxcps-opt,call,rxfnsb._trace_normalize_mode,direct_bytecode,18531,42,0,0,0,0,0,1,,,,trace,procedure,,,reused,success,42,42,0,complete
rexxcps-opt,call,rxfnsb._trace_set,direct_bytecode,1648,41,0,0,0,0,0,1,,,,benchmark_rexxcps_levelb_opt,procedure,,,reused,success,0,0,0,complete
rexxcps-opt,call,rxfnsb._trace_ensure_runtime,direct_bytecode,12341,45,0,0,0,0,0,0,,,,trace,procedure,,,reused,success,0,0,0,complete
rexxcps-opt,call,rxfnsb._trace_current_mode,direct_bytecode,1655,42,0,0,0,0,0,0,,,,benchmark_rexxcps_levelb_opt,procedure,,,reused,success,0,0,0,complete
rexxcps-opt,call,rexxcps_levelb.__rxtrace_reset_display_state,direct_bytecode,1662,41,0,0,0,0,0,0,,,,benchmark_rexxcps_levelb_opt,procedure,,,reused,success,0,0,0,complete
rexxcps-opt,call,_rxsysb.addressenv,direct_bytecode,1715,2,0,0,0,0,0,1,,,,benchmark_rexxcps_levelb_opt,procedure,,,fresh,success,0,0,0,complete
rexxcps-opt,call,_rxsysb._address_environment,direct_bytecode,15352,2,0,0,0,0,0,1,,,,_address,procedure,,,fresh,success,2,2,0,complete
rexxcps-opt,call,_rxsysb.ensure_address_runtime,direct_bytecode,13823,1,0,0,0,0,0,0,,,,_address,procedure,,,fresh,success,0,0,0,complete
rexxcps-opt,call,_rxsysb._ensure_address_environment,direct_bytecode,16944,1,0,0,0,0,0,1,,,,_address,procedure,,,fresh,success,0,0,0,complete
rexxcps-opt,call,_rxsysb.ensure_address_runtime,direct_bytecode,15628,6,0,0,0,0,0,0,,,,_address,procedure,,,fresh,success,0,0,0,complete
rexxcps-opt,call,rxfnsb.strip,direct_bytecode,15657,90,0,0,0,0,0,3,,,,_address,procedure,,,reused,success,90,90,0,complete
rexxcps-opt,call,rxfnsb.strip,direct_bytecode,15734,90,0,0,0,0,0,3,,,,_address,procedure,,,reused,success,90,90,0,complete
rexxcps-opt,call,_rxsysb.crexxaddressenvironment.§factory,dynamic_bytecode,15831,1,0,0,0,0,0,1,,,,_address,factory,,,fresh,success,0,0,0,complete
rexxcps-opt,call,rxfnsb.strip,direct_bytecode,5805,1,0,0,0,0,0,3,,,,_address,procedure,,,fresh,success,1,1,0,complete
rexxcps-opt,call,_rxsysb.crexxaddressenvironment.environment_id,dynamic_bytecode,15884,1,0,0,0,0,0,1,,,,_address,method,,,fresh,success,1,1,0,complete
rexxcps-opt,call,_rxsysb.crexxaddressenvironment.bind_environment,dynamic_bytecode,15916,1,0,0,0,0,0,3,,,,_address,method,,,fresh,success,3,3,0,complete
rexxcps-opt,call,rxfnsb.strip,direct_bytecode,5879,1,0,0,0,0,0,3,,,,_address,procedure,,,reused,success,1,1,0,complete
rexxcps-opt,call,_rxsysb._ensure_address_environment,direct_bytecode,16957,1,0,0,0,0,0,1,,,,_address,procedure,,,reused,success,0,0,0,complete
rexxcps-opt,call,_rxsysb.systemaddressenvironment.§factory,dynamic_bytecode,15831,3,0,0,0,0,0,1,,,,_address,factory,,,fresh,success,0,0,0,complete
rexxcps-opt,call,rxfnsb.strip,direct_bytecode,6320,3,0,0,0,0,0,3,,,,_address,procedure,,,fresh,success,3,3,0,complete
rexxcps-opt,call,_rxsysb.systemaddressenvironment.environment_id,dynamic_bytecode,15884,3,0,0,0,0,0,1,,,,_address,method,,,fresh,success,3,3,0,complete
rexxcps-opt,call,_rxsysb.systemaddressenvironment.bind_environment,dynamic_bytecode,15916,3,0,0,0,0,0,3,,,,_address,method,,,fresh,success,9,9,0,complete
rexxcps-opt,call,rxfnsb.strip,direct_bytecode,6394,3,0,0,0,0,0,3,,,,_address,procedure,,,reused,success,3,3,0,complete
rexxcps-opt,call,_rxsysb._ensure_address_environment,direct_bytecode,16970,1,0,0,0,0,0,1,,,,_address,procedure,,,reused,success,0,0,0,complete
rexxcps-opt,call,_rxsysb._ensure_address_environment,direct_bytecode,16983,1,0,0,0,0,0,1,,,,_address,procedure,,,reused,success,0,0,0,complete
rexxcps-opt,call,_rxsysb._ensure_address_environment,direct_bytecode,16996,1,0,0,0,0,0,1,,,,_address,procedure,,,reused,success,0,0,0,complete
rexxcps-opt,call,_rxsysb.shelladdressenvironment.§factory,dynamic_bytecode,15831,1,0,0,0,0,0,1,,,,_address,factory,,,fresh,success,0,0,0,complete
rexxcps-opt,call,rxfnsb.strip,direct_bytecode,6818,1,0,0,0,0,0,3,,,,_address,procedure,,,fresh,success,1,1,0,complete
rexxcps-opt,call,_rxsysb.shelladdressenvironment.environment_id,dynamic_bytecode,15884,1,0,0,0,0,0,1,,,,_address,method,,,fresh,success,1,1,0,complete
rexxcps-opt,call,_rxsysb.shelladdressenvironment.bind_environment,dynamic_bytecode,15916,1,0,0,0,0,0,3,,,,_address,method,,,fresh,success,3,3,0,complete
rexxcps-opt,call,rxfnsb.strip,direct_bytecode,6892,1,0,0,0,0,0,3,,,,_address,procedure,,,reused,success,1,1,0,complete
rexxcps-opt,call,_rxsysb._ensure_address_environment,direct_bytecode,17009,1,0,0,0,0,0,1,,,,_address,procedure,,,reused,success,0,0,0,complete
rexxcps-opt,call,_rxsysb.pathaddressenvironment.§factory,dynamic_bytecode,15831,1,0,0,0,0,0,1,,,,_address,factory,,,fresh,success,0,0,0,complete
rexxcps-opt,call,rxfnsb.strip,direct_bytecode,7316,1,0,0,0,0,0,3,,,,_address,procedure,,,fresh,success,1,1,0,complete
rexxcps-opt,call,_rxsysb.pathaddressenvironment.environment_id,dynamic_bytecode,15884,1,0,0,0,0,0,1,,,,_address,method,,,fresh,success,1,1,0,complete
rexxcps-opt,call,_rxsysb.pathaddressenvironment.bind_environment,dynamic_bytecode,15916,1,0,0,0,0,0,3,,,,_address,method,,,fresh,success,3,3,0,complete
rexxcps-opt,call,rxfnsb.strip,direct_bytecode,7390,1,0,0,0,0,0,3,,,,_address,procedure,,,reused,success,1,1,0,complete
rexxcps-opt,call,rxfnsb.strip,direct_bytecode,13847,42,0,0,0,0,0,3,,,,_address,procedure,,,reused,success,42,42,0,complete
rexxcps-opt,call,_rxsysb._current_address_environment,direct_bytecode,13876,1,0,0,0,0,0,0,,,,_address,procedure,,,fresh,success,0,0,0,complete
rexxcps-opt,call,_rxsysb.ensure_address_runtime,direct_bytecode,16543,83,0,0,0,0,0,0,,,,_address,procedure,,,reused,success,0,0,0,complete
rexxcps-opt,call,_rxsysb._ensure_address_environment,direct_bytecode,13889,42,0,0,0,0,0,1,,,,_address,procedure,,,reused,success,42,42,0,complete
rexxcps-opt,call,_rxsysb.ensure_address_runtime,direct_bytecode,15628,84,0,0,0,0,0,0,,,,_address,procedure,,,reused,success,0,0,0,complete
rexxcps-opt,call,rxfnsb.strip,direct_bytecode,14006,42,0,0,0,0,0,3,,,,_address,procedure,,,reused,success,42,42,0,complete
rexxcps-opt,call,_rxsysb.crexxaddressenvironment.environment_name,dynamic_bytecode,1729,1,0,0,0,0,0,1,,,,benchmark_rexxcps_levelb_opt,method,,,fresh,success,0,0,0,complete
rexxcps-opt,call,_rxsysb._address,direct_bytecode,1787,1,0,0,0,0,0,5,,,,benchmark_rexxcps_levelb_opt,procedure,,,fresh,success,3,3,0,complete
rexxcps-opt,call,_rxsysb.ensure_address_runtime,direct_bytecode,9012,42,0,0,0,0,0,0,,,,_address,procedure,,,reused,success,0,0,0,complete
rexxcps-opt,call,rxfnsb.strip,direct_bytecode,9036,42,0,0,0,0,0,3,,,,_address,procedure,,,reused,success,42,42,0,complete
rexxcps-opt,call,_rxsysb._set_address_environment,direct_bytecode,9071,1,0,0,0,0,0,1,,,,_address,procedure,,,fresh,success,1,1,0,complete
rexxcps-opt,call,_rxsysb.ensure_address_runtime,direct_bytecode,16316,42,0,0,0,0,0,0,,,,_address,procedure,,,reused,success,0,0,0,complete
rexxcps-opt,call,rxfnsb.strip,direct_bytecode,16345,42,0,0,0,0,0,3,,,,_address,procedure,,,reused,success,42,42,0,complete
rexxcps-opt,call,_rxsysb._ensure_address_environment,direct_bytecode,16406,42,0,0,0,0,0,1,,,,_address,procedure,,,reused,success,42,42,0,complete
rexxcps-opt,call,_rxsysb.unknownaddressenvironment.§factory,dynamic_bytecode,15831,1,0,0,0,0,0,1,,,,_address,factory,,,fresh,success,0,0,0,complete
rexxcps-opt,call,rxfnsb.strip,direct_bytecode,7760,1,0,0,0,0,0,3,,,,_address,procedure,,,fresh,success,1,1,0,complete
rexxcps-opt,call,_rxsysb.unknownaddressenvironment.environment_id,dynamic_bytecode,15884,1,0,0,0,0,0,1,,,,_address,method,,,fresh,success,1,1,0,complete
rexxcps-opt,call,_rxsysb.unknownaddressenvironment.bind_environment,dynamic_bytecode,15916,1,0,0,0,0,0,3,,,,_address,method,,,fresh,success,3,3,0,complete
rexxcps-opt,call,rxfnsb.strip,direct_bytecode,7834,1,0,0,0,0,0,3,,,,_address,procedure,,,reused,success,1,1,0,complete
rexxcps-opt,call,rxfnsb.strip,direct_bytecode,16444,42,0,0,0,0,0,3,,,,_address,procedure,,,reused,success,42,42,0,complete
rexxcps-opt,call,_rxsysb._current_address_environment,direct_bytecode,9087,1,0,0,0,0,0,0,,,,_address,procedure,,,fresh,success,0,0,0,complete
rexxcps-opt,call,_rxsysb.ensure_address_runtime,direct_bytecode,16543,1,0,0,0,0,0,0,,,,_address,procedure,,,fresh,success,0,0,0,complete
rexxcps-opt,call,_rxsysb.dispatch_address_request,direct_bytecode,9470,1,0,0,0,0,0,1,,,,_address,procedure,,,fresh,success,1,1,0,complete
rexxcps-opt,call,_rxsysb.ensure_address_runtime,direct_bytecode,17721,42,0,0,0,0,0,0,,,,_address,procedure,,,reused,success,0,0,0,complete
rexxcps-opt,call,rxfnsb.strip,direct_bytecode,17759,42,0,0,0,0,0,3,,,,_address,procedure,,,reused,success,42,42,0,complete
rexxcps-opt,call,rxfnsb.strip,direct_bytecode,17817,42,0,0,0,0,0,3,,,,_address,procedure,,,reused,success,42,42,0,complete
rexxcps-opt,call,rxfnsb._trace_command_before,direct_bytecode,18224,1,0,0,0,0,0,2,,,,_address,procedure,,,fresh,success,2,2,0,complete
rexxcps-opt,call,rxfnsb._trace_ensure_runtime,direct_bytecode,19561,1,0,0,0,0,0,0,,,,trace,procedure,,,fresh,success,0,0,0,complete
rexxcps-opt,call,_rxsysb.unknownaddressenvironment.execute,dynamic_bytecode,18253,1,0,0,0,0,0,2,,,,_address,method,,,fresh,success,2,2,0,complete
rexxcps-opt,call,rxfnsb._trace_command_after,direct_bytecode,18329,1,0,0,0,0,0,4,,,,_address,procedure,,,fresh,success,4,4,0,complete
rexxcps-opt,call,rxfnsb._trace_ensure_runtime,direct_bytecode,19798,42,0,0,0,0,0,0,,,,trace,procedure,,,reused,success,0,0,0,complete
rexxcps-opt,call,rxfnsb.upper,direct_bytecode,1812,1,0,0,0,0,0,1,,,,benchmark_rexxcps_levelb_opt,procedure,,,fresh,success,0,0,0,complete
rexxcps-opt,call,rxfnsb.upper,direct_bytecode,1822,42,0,0,0,0,0,1,,,,benchmark_rexxcps_levelb_opt,procedure,,,reused,success,0,0,0,complete
rexxcps-opt,call,rxfnsb.upper,direct_bytecode,1832,42,0,0,0,0,0,1,,,,benchmark_rexxcps_levelb_opt,procedure,,,reused,success,0,0,0,complete
rexxcps-opt,call,rxfnsb.upper,direct_bytecode,1842,42,0,0,0,0,0,1,,,,benchmark_rexxcps_levelb_opt,procedure,,,reused,success,0,0,0,complete
rexxcps-opt,call,rxfnsb.parseexec,direct_bytecode,1878,1,0,0,0,0,0,4,,,,benchmark_rexxcps_levelb_opt,procedure,,,fresh,success,1,1,0,complete
rexxcps-opt,call,rxfnsb.parseexec,direct_bytecode,1980,42,0,0,0,0,0,4,,,,benchmark_rexxcps_levelb_opt,procedure,,,reused,success,42,42,0,complete
rexxcps-opt,call,rxfnsb._stream_span,direct_bytecode,5606,1,0,0,0,0,0,3,,,,parseExec,procedure,,,fresh,success,2,2,0,complete
rexxcps-opt,call,rxfnsb.parseexec,direct_bytecode,2068,42,0,0,0,0,0,4,,,,benchmark_rexxcps_levelb_opt,procedure,,,reused,success,42,42,0,complete
rexxcps-opt,call,rxfnsb._stream_span,direct_bytecode,5606,209,0,0,0,0,0,3,,,,parseExec,procedure,,,reused,success,418,418,0,complete
rexxcps-opt,call,rxfnsb.parseexec,direct_bytecode,2146,42,0,0,0,0,0,4,,,,benchmark_rexxcps_levelb_opt,procedure,,,reused,success,42,42,0,complete
rexxcps-opt,call,rxfnsb.parseexec,direct_bytecode,2224,42,0,0,0,0,0,4,,,,benchmark_rexxcps_levelb_opt,procedure,,,reused,success,42,42,0,complete
rexxcps-opt,call,rxfnsb.parseexec,direct_bytecode,2302,42,0,0,0,0,0,4,,,,benchmark_rexxcps_levelb_opt,procedure,,,reused,success,42,42,0,complete
rexxcps-opt,call,rxfnsb.stem.get,direct_bytecode,1381,39,0,0,0,0,0,2,,,,benchmark_rexxcps_levelb_opt,method,,,reused,success,39,39,0,complete
rexxcps-opt,call,rxfnsb.stem.set,direct_bytecode,1417,39,0,0,0,0,0,3,,,,benchmark_rexxcps_levelb_opt,method,,,reused,success,39,39,0,complete
rexxcps-opt,call,rxfnsb.parseexec,direct_bytecode,1597,41,0,0,0,0,0,4,,,,benchmark_rexxcps_levelb_opt,procedure,,,reused,success,0,0,0,complete
rexxcps-opt,call,rxfnsb._trace_current_mode,direct_bytecode,1628,1,0,0,0,0,0,0,,,,benchmark_rexxcps_levelb_opt,procedure,,,fresh,success,0,0,0,complete
rexxcps-opt,call,rxfnsb._trace_mode_from_option,direct_bytecode,1638,1,0,0,0,0,0,1,,,,benchmark_rexxcps_levelb_opt,procedure,,,fresh,success,0,0,0,complete
rexxcps-opt,call,rxfnsb._trace_set,direct_bytecode,1648,1,0,0,0,0,0,1,,,,benchmark_rexxcps_levelb_opt,procedure,,,fresh,success,0,0,0,complete
rexxcps-opt,call,rexxcps_levelb.__rxtrace_reset_display_state,direct_bytecode,1662,1,0,0,0,0,0,0,,,,benchmark_rexxcps_levelb_opt,procedure,,,fresh,success,0,0,0,complete
rexxcps-opt,call,_rxsysb.ensure_address_runtime,direct_bytecode,13823,41,0,0,0,0,0,0,,,,_address,procedure,,,reused,success,0,0,0,complete
rexxcps-opt,call,_rxsysb._current_address_environment,direct_bytecode,13876,41,0,0,0,0,0,0,,,,_address,procedure,,,reused,success,0,0,0,complete
rexxcps-opt,call,_rxsysb.unknownaddressenvironment.environment_name,dynamic_bytecode,1729,1,0,0,0,0,0,1,,,,benchmark_rexxcps_levelb_opt,method,,,fresh,success,0,0,0,complete
rexxcps-opt,call,_rxsysb._address,direct_bytecode,1787,41,0,0,0,0,0,5,,,,benchmark_rexxcps_levelb_opt,procedure,,,reused,success,123,123,0,complete
rexxcps-opt,call,_rxsysb._set_address_environment,direct_bytecode,9071,41,0,0,0,0,0,1,,,,_address,procedure,,,reused,success,41,41,0,complete
rexxcps-opt,call,_rxsysb._current_address_environment,direct_bytecode,9087,41,0,0,0,0,0,0,,,,_address,procedure,,,reused,success,0,0,0,complete
rexxcps-opt,call,_rxsysb.dispatch_address_request,direct_bytecode,9470,41,0,0,0,0,0,1,,,,_address,procedure,,,reused,success,41,41,0,complete
rexxcps-opt,call,rxfnsb._trace_command_before,direct_bytecode,18224,41,0,0,0,0,0,2,,,,_address,procedure,,,reused,success,82,82,0,complete
rexxcps-opt,call,rxfnsb._trace_ensure_runtime,direct_bytecode,19561,41,0,0,0,0,0,0,,,,trace,procedure,,,reused,success,0,0,0,complete
rexxcps-opt,call,_rxsysb.unknownaddressenvironment.execute,dynamic_bytecode,18253,41,0,0,0,0,0,2,,,,_address,method,,,reused,success,82,82,0,complete
rexxcps-opt,call,rxfnsb._trace_command_after,direct_bytecode,18329,41,0,0,0,0,0,4,,,,_address,procedure,,,reused,success,164,164,0,complete
rexxcps-opt,call,rxfnsb.upper,direct_bytecode,1812,41,0,0,0,0,0,1,,,,benchmark_rexxcps_levelb_opt,procedure,,,reused,success,0,0,0,complete
rexxcps-opt,call,rxfnsb.parseexec,direct_bytecode,1878,41,0,0,0,0,0,4,,,,benchmark_rexxcps_levelb_opt,procedure,,,reused,success,41,41,0,complete
rexxcps-opt,call,rxfnsb.stem.set,direct_bytecode,707,40,0,0,0,0,0,3,,,,benchmark_rexxcps_levelb_opt,method,,,reused,success,80,80,0,complete
rexxcps-opt,call,rxfnsb.stem.get,direct_bytecode,735,40,0,0,0,0,0,2,,,,benchmark_rexxcps_levelb_opt,method,,,reused,success,40,40,0,complete
rexxcps-opt,call,_rxsysb.addressenv,direct_bytecode,1715,40,0,0,0,0,0,1,,,,benchmark_rexxcps_levelb_opt,procedure,,,reused,success,0,0,0,complete
rexxcps-opt,call,_rxsysb._address_environment,direct_bytecode,15352,40,0,0,0,0,0,1,,,,_address,procedure,,,reused,success,40,40,0,complete
rexxcps-opt,call,_rxsysb.unknownaddressenvironment.environment_name,dynamic_bytecode,1729,40,0,0,0,0,0,1,,,,benchmark_rexxcps_levelb_opt,method,,,reused,success,0,0,0,complete
rexxcps-opt,call,rxfnsb.time,direct_bytecode,2387,1,0,0,0,0,0,1,,,,benchmark_rexxcps_levelb_opt,procedure,,,fresh,success,0,0,0,complete
rexxcps-opt,call,rxfnsb._trace_set,direct_bytecode,2410,2,0,0,0,0,0,1,,,,benchmark_rexxcps_levelb_opt,procedure,,,reused,success,0,0,0,complete
rexxcps-opt,call,rxfnsb._trace_current_mode,direct_bytecode,2417,2,0,0,0,0,0,0,,,,benchmark_rexxcps_levelb_opt,procedure,,,reused,success,0,0,0,complete
rexxcps-opt,call,rexxcps_levelb.__rxtrace_reset_display_state,direct_bytecode,2424,2,0,0,0,0,0,0,,,,benchmark_rexxcps_levelb_opt,procedure,,,reused,success,0,0,0,complete
rexxcps-opt,call,rxfnsb.trunc,direct_bytecode,2517,1,0,0,0,0,0,2,,,,benchmark_rexxcps_levelb_opt,procedure,,,fresh,success,0,0,0,complete
rexxcps-opt,call,rxfnsb._trace_mode_from_option,direct_bytecode,401,1,0,0,0,0,0,1,,,,benchmark_rexxcps_levelb_opt,procedure,,,reused,success,0,0,0,complete
rexxcps-opt,call,rxfnsb._trace_set,direct_bytecode,411,1,0,0,0,0,0,1,,,,benchmark_rexxcps_levelb_opt,procedure,,,reused,success,0,0,0,complete
rexxcps-opt,call,rxfnsb._trace_current_mode,direct_bytecode,418,1,0,0,0,0,0,0,,,,benchmark_rexxcps_levelb_opt,procedure,,,reused,success,0,0,0,complete
rexxcps-opt,call,rexxcps_levelb.__rxtrace_reset_display_state,direct_bytecode,425,1,0,0,0,0,0,0,,,,benchmark_rexxcps_levelb_opt,procedure,,,reused,success,0,0,0,complete
rexxcps-opt,call,rxfnsb.time,direct_bytecode,2387,1,0,0,0,0,0,1,,,,benchmark_rexxcps_levelb_opt,procedure,,,reused,success,0,0,0,complete
rexxcps-opt,call,rxfnsb.format,direct_bytecode,2582,1,0,0,0,0,0,5,,,,benchmark_rexxcps_levelb_opt,procedure,,,fresh,success,1,1,0,complete
rexxcps-opt,call,rxfnsb.format,direct_bytecode,2830,1,0,0,0,0,0,5,,,,benchmark_rexxcps_levelb_opt,procedure,,,reused,success,0,0,0,complete
