section,name,value,id,count,total_ns,average_ns,min_ns,max_ns,percent,selected,entries,resumes,terminals,module,kind,completed,unwound,return_type,args,bytes,max_bytes,high_water,status
summary,schema_version,5,,0,0,0,0,0,0,,,,,,,,,,,,,,
summary,vm_mode,rxvm,,0,0,0,0,0,0,,,,,,,,,,,,,,
summary,result,0,,0,0,0,0,0,0,,,,,,,,,,,,,,
summary,timer_read_min_ns,41,,1,41,41,41,41,0,,,,,,,,,,,,,,
summary,timer_zero_deltas,666,,0,0,0,0,0,0,,,,,,,,,,,,,,
summary,interrupt_polls,1173293,,0,0,0,0,0,0,,,,,,,,,,,,,,
summary,invalid_events,0,,0,0,0,0,0,0,,,,,,,,,,,,,,
summary,counter_overflow,0,,0,0,0,0,0,0,,,,,,,,,,,,,,
summary,procedure_tracking_unavailable,0,,0,0,0,0,0,0,,,,,,,,,,,,,,
summary,allocation_tracking_unavailable,0,,0,0,0,0,0,0,,,,,,,,,,,,,,
summary,census_tracking_unavailable,0,,0,0,0,0,0,0,,,,,,,,,,,,,,
summary,metadata_tracking_unavailable,0,,0,0,0,0,0,0,,,,,,,,,,,,,,
instruction,SRCFPROCSEL_REG_STRING_REG,,58,7,197788500,28255500,24895083,35730417,87.721846,,,,,,,,,,,,,,
instruction,COPY_REG_REG,,8,6632,3276186,493,0,16208,1.453032,,,,,,,,,,,,,,
instruction,BRF_ID_REG,,38,176958,2852462,16,0,9291,1.265105,,,,,,,,,,,,,,
instruction,CALL_REG_FUNC_REG,,46,6255,1907051,304,41,11125,0.845803,,,,,,,,,,,,,,
instruction,ENDLIFE_REG,,514,82429,1335216,16,0,9375,0.592186,,,,,,,,,,,,,,
instruction,NULL_REG,,14,81607,1329824,16,0,3959,0.589795,,,,,,,,,,,,,,
instruction,ICOPY_REG_REG,,9,67526,1133643,16,0,9541,0.502786,,,,,,,,,,,,,,
instruction,IEQ_REG_REG_INT,,101,54870,932586,16,0,7917,0.413614,,,,,,,,,,,,,,
instruction,SCOPY_REG_REG,,11,48370,860033,17,0,792,0.381436,,,,,,,,,,,,,,
instruction,BR_ID,,36,48167,761490,15,0,16708,0.337731,,,,,,,,,,,,,,
instruction,BRT_ID_REG,,37,44702,691298,15,0,4833,0.306600,,,,,,,,,,,,,,
instruction,STRCHAR_REG_REG_REG,,150,34538,683612,19,0,7875,0.303191,,,,,,,,,,,,,,
instruction,LOAD_REG_INT,,1,39957,661229,16,0,7000,0.293264,,,,,,,,,,,,,,
instruction,ASSERTTYPE_REG_STRING,,61,175,645999,3691,2958,21375,0.286509,,,,,,,,,,,,,,
instruction,IADD_REG_REG_INT,,16,34603,562977,16,0,2000,0.249688,,,,,,,,,,,,,,
instruction,UNLINK_REG,,213,30335,506876,16,0,16000,0.224806,,,,,,,,,,,,,,
instruction,IGT_REG_REG_REG,,104,30840,504334,16,0,2292,0.223679,,,,,,,,,,,,,,
instruction,MTIME_REG,,459,6,492750,82125,625,481292,0.218541,,,,,,,,,,,,,,
instruction,ISUB_REG_REG_INT,,18,18312,363528,19,0,67083,0.161230,,,,,,,,,,,,,,
instruction,SWAP_REG_REG,,510,10478,357521,34,0,5792,0.158565,,,,,,,,,,,,,,
instruction,RET_REG,,49,4030,341860,84,0,12084,0.151619,,,,,,,,,,,,,,
instruction,LOAD_REG_STRING,,3,18043,338806,18,0,16500,0.150265,,,,,,,,,,,,,,
instruction,ILT_REG_REG_INT,,111,19235,336336,17,0,6625,0.149170,,,,,,,,,,,,,,
instruction,LINKATTR1_REG_REG_INT,,203,18618,320898,17,0,5583,0.142323,,,,,,,,,,,,,,
instruction,IADD_REG_REG_REG,,15,20120,313147,15,0,333,0.138885,,,,,,,,,,,,,,
instruction,MINATTRS_REG_REG_INT,,223,11877,279664,23,0,1958,0.124035,,,,,,,,,,,,,,
instruction,IGT_REG_REG_INT,,105,14976,270062,18,0,9875,0.119776,,,,,,,,,,,,,,
instruction,ILT_REG_REG_REG,,110,16180,265402,16,0,459,0.117709,,,,,,,,,,,,,,
instruction,IMULT_REG_REG_INT,,21,16332,265269,16,0,7708,0.117650,,,,,,,,,,,,,,
instruction,IEQ_REG_REG_REG,,100,13987,248090,17,0,500,0.110031,,,,,,,,,,,,,,
instruction,LINKATTR1_REG_REG_REG,,202,13056,234857,17,0,5250,0.104162,,,,,,,,,,,,,,
instruction,STRLEN_REG_REG,,149,13326,222854,16,0,8000,0.098839,,,,,,,,,,,,,,
instruction,SETTP_REG_INT,,517,12841,220906,17,0,2000,0.097975,,,,,,,,,,,,,,
instruction,REQ_REG_REG_STRING,,564,3853,204713,53,0,9209,0.090793,,,,,,,,,,,,,,
instruction,INE_REG_REG_INT,,103,10676,197435,18,0,542,0.087565,,,,,,,,,,,,,,
instruction,IGTE_REG_REG_REG,,107,11088,189220,17,0,583,0.083922,,,,,,,,,,,,,,
instruction,BCTP_ID_REG,,349,11762,186100,15,0,750,0.082538,,,,,,,,,,,,,,
instruction,RNE_REG_REG_STRING,,567,3864,178883,46,0,1500,0.079337,,,,,,,,,,,,,,
instruction,SETNUMDGTS_INT,,246,6425,168319,26,0,2041,0.074652,,,,,,,,,,,,,,
instruction,ILTE_REG_REG_INT,,114,8569,151427,17,0,5375,0.067160,,,,,,,,,,,,,,
instruction,REQ_REG_REG_REG,,563,3319,148967,44,0,834,0.066069,,,,,,,,,,,,,,
instruction,SETSTRPOS_REG_REG,,154,5687,138373,24,0,3792,0.061370,,,,,,,,,,,,,,
instruction,SUBSTRING_REG_REG_REG,,161,5687,137179,24,0,667,0.060841,,,,,,,,,,,,,,
instruction,IMOD_REG_REG_REG,,25,7764,131072,16,0,2167,0.058132,,,,,,,,,,,,,,
instruction,SETNUMFUZ_INT,,249,6427,118573,18,0,14750,0.052589,,,,,,,,,,,,,,
instruction,SETNUMFRM_INT,,252,6425,112280,17,0,8208,0.049798,,,,,,,,,,,,,,
instruction,ISUB_REG_REG_REG,,17,6420,111105,17,0,500,0.049277,,,,,,,,,,,,,,
instruction,SETNUMCAS_INT,,255,6427,110908,17,0,334,0.049189,,,,,,,,,,,,,,
instruction,SETNUMSTD_INT,,258,6427,102907,16,0,333,0.045641,,,,,,,,,,,,,,
instruction,FTOS_REG,,230,342,100083,292,166,2000,0.044388,,,,,,,,,,,,,,
instruction,IGTE_REG_REG_INT,,108,5550,98902,17,0,1541,0.043864,,,,,,,,,,,,,,
instruction,ILTE_REG_REG_REG,,113,5880,98189,16,0,208,0.043548,,,,,,,,,,,,,,
instruction,DCALL_REG_REG_REG,,47,189,91088,481,208,8334,0.040399,,,,,,,,,,,,,,
instruction,BRTPANDT_ID_REG_INT,,524,4953,81918,16,0,584,0.036332,,,,,,,,,,,,,,
instruction,STRUPPER_REG_REG,,158,2266,80376,35,0,15625,0.035648,,,,,,,,,,,,,,
instruction,RET,,48,1971,76534,38,0,1208,0.033944,,,,,,,,,,,,,,
instruction,FTOD_REG,,243,171,62040,362,208,2458,0.027516,,,,,,,,,,,,,,
instruction,SETATTRS_REG_INT,,217,1441,60656,42,0,7250,0.026902,,,,,,,,,,,,,,
instruction,ITOS_REG,,229,758,53757,70,41,2000,0.023842,,,,,,,,,,,,,,
instruction,BRTF_ID_ID_REG,,39,2166,52595,24,0,14250,0.023327,,,,,,,,,,,,,,
instruction,GETATTRS_REG_REG_INT,,215,2283,49450,21,0,5250,0.021932,,,,,,,,,,,,,,
instruction,BNE_ID_REG_INT,,43,2716,48045,17,0,417,0.021309,,,,,,,,,,,,,,
instruction,STOI_REG,,237,674,47759,70,0,4459,0.021182,,,,,,,,,,,,,,
instruction,FNDNBLNK_REG_REG_REG,,166,1941,45931,23,0,7333,0.020371,,,,,,,,,,,,,,
instruction,ASSERTINITIALIZED_REG,,85,1446,44902,31,0,833,0.019915,,,,,,,,,,,,,,
instruction,ISTYPE_REG_REG_STRING,,60,7,43292,6184,4083,15834,0.019201,,,,,,,,,,,,,,
instruction,MINATTRS_REG_INT,,222,1682,37169,22,0,3958,0.016485,,,,,,,,,,,,,,
instruction,NOT_REG_REG,,182,2071,36699,17,0,542,0.016276,,,,,,,,,,,,,,
instruction,DTOS_REG,,239,332,31877,96,0,1125,0.014138,,,,,,,,,,,,,,
instruction,CONCAT_REG_STRING_REG,,136,840,30829,36,0,7500,0.013673,,,,,,,,,,,,,,
instruction,DMULT_REG_REG_DECIMAL,,366,162,29622,182,83,2083,0.013138,,,,,,,,,,,,,,
instruction,BGE_ID_REG_INT,,355,1151,27822,24,0,5750,0.012339,,,,,,,,,,,,,,
instruction,GETANDTP_REG_REG_INT,,522,1476,25955,17,0,500,0.011511,,,,,,,,,,,,,,
instruction,DADD_REG_REG_DECIMAL,,361,168,25332,150,83,875,0.011235,,,,,,,,,,,,,,
instruction,ISUB_REG_INT_REG,,19,1146,23117,20,0,500,0.010253,,,,,,,,,,,,,,
instruction,SRCMETHODSEL_REG_REG_STRING,,57,182,20709,113,0,1167,0.009185,,,,,,,,,,,,,,
instruction,SEQ_REG_REG_REG,,116,1058,20661,19,0,459,0.009163,,,,,,,,,,,,,,
instruction,RET_INT,,50,272,20323,74,0,958,0.009014,,,,,,,,,,,,,,
instruction,BGT_ID_REG_REG,,352,1008,20204,20,0,500,0.008961,,,,,,,,,,,,,,
instruction,CONCAT_REG_REG_STRING,,135,505,19250,38,0,292,0.008538,,,,,,,,,,,,,,
instruction,STOD_REG,,238,498,18559,37,0,334,0.008231,,,,,,,,,,,,,,
instruction,DGT_REG_REG_REG,,380,168,17081,101,0,2041,0.007576,,,,,,,,,,,,,,
instruction,SETOBJUNINIT_REG_STRING,,84,601,14910,24,0,459,0.006613,,,,,,,,,,,,,,
instruction,SAY_STRING,,455,4,13416,3354,458,11250,0.005950,,,,,,,,,,,,,,
instruction,SEQ_REG_REG_STRING,,117,122,12207,100,0,3250,0.005414,,,,,,,,,,,,,,
instruction,DCOPY_REG_REG,,12,333,11747,35,0,375,0.005210,,,,,,,,,,,,,,
instruction,RET_STRING,,52,172,11510,66,0,584,0.005105,,,,,,,,,,,,,,
instruction,SETOBJTYPE_REG_STRING,,56,262,10837,41,0,500,0.004806,,,,,,,,,,,,,,
instruction,BCOPY_REG_REG,,581,504,10716,21,0,458,0.004753,,,,,,,,,,,,,,
instruction,SAY_REG,,450,4,10167,2541,875,6500,0.004509,,,,,,,,,,,,,,
instruction,LOAD_REG_FLOAT,,2,265,9203,34,0,459,0.004082,,,,,,,,,,,,,,
instruction,BLE_ID_REG_INT,,359,425,8880,20,0,417,0.003938,,,,,,,,,,,,,,
instruction,FADD_REG_REG_REG,,300,171,8666,50,0,3334,0.003843,,,,,,,,,,,,,,
instruction,FCOPY_REG_REG,,10,344,8545,24,0,583,0.003790,,,,,,,,,,,,,,
instruction,FNDBLNK_REG_REG_REG,,165,169,8171,48,0,1583,0.003624,,,,,,,,,,,,,,
instruction,BLE_ID_REG_REG,,358,420,7759,18,0,375,0.003441,,,,,,,,,,,,,,
instruction,BEQ_ID_REG_INT,,41,195,6995,35,0,542,0.003102,,,,,,,,,,,,,,
instruction,BGE_ID_REG_REG,,354,256,6661,26,0,666,0.002954,,,,,,,,,,,,,,
instruction,BPOFF,,495,178,6530,36,0,417,0.002896,,,,,,,,,,,,,,
instruction,FLT_REG_REG_FLOAT,,327,168,6333,37,0,500,0.002809,,,,,,,,,,,,,,
instruction,BCF_ID_REG,,350,178,6203,34,0,375,0.002751,,,,,,,,,,,,,,
instruction,FGT_REG_REG_REG,,320,252,5838,23,0,417,0.002589,,,,,,,,,,,,,,
instruction,FEQ_REG_REG_FLOAT,,317,169,5632,33,0,208,0.002498,,,,,,,,,,,,,,
instruction,APPEND_REG_REG,,143,89,5626,63,0,666,0.002495,,,,,,,,,,,,,,
instruction,CONCAT_REG_REG_REG,,134,86,5207,60,0,375,0.002309,,,,,,,,,,,,,,
instruction,BLT_ID_REG_INT,,357,1,4791,4791,4791,4791,0.002125,,,,,,,,,,,,,,
instruction,FDIV_REG_REG_FLOAT,,308,6,3750,625,41,3000,0.001663,,,,,,,,,,,,,,
instruction,STRPOS_REG_REG_REG,,164,64,3584,56,0,917,0.001590,,,,,,,,,,,,,,
instruction,BNE_ID_REG_REG,,42,41,2416,58,0,750,0.001072,,,,,,,,,,,,,,
instruction,ITOF_REG,,231,10,2374,237,42,666,0.001053,,,,,,,,,,,,,,
instruction,BTOI_REG,,225,62,1921,30,0,291,0.000852,,,,,,,,,,,,,,
instruction,STRLOWER_REG_REG,,157,16,1875,117,0,1125,0.000832,,,,,,,,,,,,,,
instruction,STOF_REG,,236,4,1833,458,125,958,0.000813,,,,,,,,,,,,,,
instruction,SCONCAT_REG_STRING_REG,,139,4,1708,427,166,625,0.000758,,,,,,,,,,,,,,
instruction,POSCHAR_REG_REG_REG,,153,7,1708,244,0,833,0.000758,,,,,,,,,,,,,,
instruction,RXVERS_REG,,461,1,1708,1708,1708,1708,0.000758,,,,,,,,,,,,,,
instruction,SCONCAT_REG_REG_STRING,,138,4,1625,406,41,1292,0.000721,,,,,,,,,,,,,,
instruction,FDIV_REG_FLOAT_REG,,309,2,1375,687,458,917,0.000610,,,,,,,,,,,,,,
instruction,FGT_REG_REG_FLOAT,,321,2,1208,604,333,875,0.000536,,,,,,,,,,,,,,
instruction,FDIV_REG_REG_REG,,307,3,1167,389,42,750,0.000518,,,,,,,,,,,,,,
instruction,APPENDCHAR_REG_REG,,140,9,1126,125,0,959,0.000499,,,,,,,,,,,,,,
instruction,DEXTR_REG_REG_REG,,399,1,959,959,959,959,0.000425,,,,,,,,,,,,,,
instruction,SAPPEND_REG_REG,,142,2,500,250,42,458,0.000222,,,,,,,,,,,,,,
instruction,DLT_REG_REG_DECIMAL,,387,1,458,458,458,458,0.000203,,,,,,,,,,,,,,
instruction,FADD_REG_REG_FLOAT,,301,1,250,250,250,250,0.000111,,,,,,,,,,,,,,
instruction,FMULT_REG_REG_REG,,305,1,250,250,250,250,0.000111,,,,,,,,,,,,,,
instruction,INE_REG_REG_REG,,102,1,209,209,209,209,0.000093,,,,,,,,,,,,,,
instruction,FTOI_REG,,232,1,209,209,209,209,0.000093,,,,,,,,,,,,,,
instruction,FSUB_REG_REG_REG,,302,1,125,125,125,125,0.000055,,,,,,,,,,,,,,
transition,sequential_same_frame,,0,973987,13062000,13,0,16291,83.052903,,,,,,,,,,,,,,
transition,branch_same_frame,,1,186417,2499561,13,0,14083,15.893110,,,,,,,,,,,,,,
transition,call_enter_frame,,2,6444,79117,12,0,208,0.503054,,,,,,,,,,,,,,
transition,return_leave_frame,,3,6444,80647,12,0,2417,0.512783,,,,,,,,,,,,,,
transition,external_entry,,6,1,6000,6000,6000,6000,0.038150,,,,,,,,,,,,,,
transition,terminal,,7,1,0,0,0,0,0.000000,,,,,,,,,,,,,,
interrupt,scan_all,,,0,0,0,0,0,0,,,,,,,,,,,,,,
interrupt,scan_without_selection,,,0,0,0,0,0,0,,,,,,,,,,,,,,
interrupt,mechanics_all,,,0,0,0,0,0,0,,,,,,,,,,,,,,
procedure,"rexxcps_levelb.main","elapsed",,1,241199666,241199666,241199666,241199666,0,,,,,"benchmark_rexxcps_levelb_opt",procedure,1,0,".int","",,,,
procedure,"rexxcps_levelb.main","inclusive_body",,1,241193583,241193583,241193583,241193583,0,,,,,"benchmark_rexxcps_levelb_opt",procedure,1,0,".int","",,,,
procedure,"rexxcps_levelb.main","self",,1,2423801,2423801,2423801,2423801,0,,,,,"benchmark_rexxcps_levelb_opt",procedure,1,0,".int","",,,,
procedure,"rexxcps_levelb.main","native_child",,1,0,0,0,0,0,,,,,"benchmark_rexxcps_levelb_opt",procedure,1,0,".int","",,,,
procedure,"rexxcps_levelb.main","entry_overhead",,1,6000,6000,6000,6000,0,,,,,"benchmark_rexxcps_levelb_opt",procedure,1,0,".int","",,,,
procedure,"rexxcps_levelb.main","exit_overhead",,1,83,83,83,83,0,,,,,"benchmark_rexxcps_levelb_opt",procedure,1,0,".int","",,,,
procedure,"_rxsysb._ensure_address_environment","elapsed",,174,199680576,1147589,8375,35850125,0,,,,,"_address",procedure,174,0,".int","env_name=.string",,,,
procedure,"_rxsysb._ensure_address_environment","inclusive_body",,174,199608914,1147177,7834,35848750,0,,,,,"_address",procedure,174,0,".int","env_name=.string",,,,
procedure,"_rxsysb._ensure_address_environment","self",,174,198521576,1140928,2750,35769041,0,,,,,"_address",procedure,174,0,".int","env_name=.string",,,,
procedure,"_rxsysb._ensure_address_environment","native_child",,174,0,0,0,0,0,,,,,"_address",procedure,174,0,".int","env_name=.string",,,,
procedure,"_rxsysb._ensure_address_environment","entry_overhead",,174,55876,321,208,1834,0,,,,,"_address",procedure,174,0,".int","env_name=.string",,,,
procedure,"_rxsysb._ensure_address_environment","exit_overhead",,174,15786,90,41,750,0,,,,,"_address",procedure,174,0,".int","env_name=.string",,,,
procedure,"_rxsysb.addressenv","elapsed",,84,174326380,2075314,21667,172310041,0,,,,,"_address",procedure,84,0,"._rxsysb..addressenvironment","?env_name=.string",,,,
procedure,"_rxsysb.addressenv","inclusive_body",,84,174275577,2074709,21208,172308958,0,,,,,"_address",procedure,84,0,"._rxsysb..addressenvironment","?env_name=.string",,,,
procedure,"_rxsysb.addressenv","self",,84,37033,440,333,3750,0,,,,,"_address",procedure,84,0,"._rxsysb..addressenvironment","?env_name=.string",,,,
procedure,"_rxsysb.addressenv","native_child",,84,0,0,0,0,0,,,,,"_address",procedure,84,0,"._rxsysb..addressenvironment","?env_name=.string",,,,
procedure,"_rxsysb.addressenv","entry_overhead",,84,30091,358,250,1292,0,,,,,"_address",procedure,84,0,"._rxsysb..addressenvironment","?env_name=.string",,,,
procedure,"_rxsysb.addressenv","exit_overhead",,84,20712,246,125,875,0,,,,,"_address",procedure,84,0,"._rxsysb..addressenvironment","?env_name=.string",,,,
procedure,"_rxsysb._address_environment","elapsed",,84,174238544,2074268,20833,172308542,0,,,,,"_address",procedure,84,0,"._rxsysb..addressenvironment","?env_name=.string",,,,
procedure,"_rxsysb._address_environment","inclusive_body",,84,174189876,2073689,20417,172304750,0,,,,,"_address",procedure,84,0,"._rxsysb..addressenvironment","?env_name=.string",,,,
procedure,"_rxsysb._address_environment","self",,84,645772,7687,5916,23960,0,,,,,"_address",procedure,84,0,"._rxsysb..addressenvironment","?env_name=.string",,,,
procedure,"_rxsysb._address_environment","native_child",,84,0,0,0,0,0,,,,,"_address",procedure,84,0,"._rxsysb..addressenvironment","?env_name=.string",,,,
procedure,"_rxsysb._address_environment","entry_overhead",,84,38289,455,333,3292,0,,,,,"_address",procedure,84,0,"._rxsysb..addressenvironment","?env_name=.string",,,,
procedure,"_rxsysb._address_environment","exit_overhead",,84,10379,123,41,833,0,,,,,"_address",procedure,84,0,"._rxsysb..addressenvironment","?env_name=.string",,,,
procedure,"_rxsysb.ensure_address_runtime","elapsed",,678,172552044,254501,333,172283583,0,,,,,"_address",procedure,678,0,".void","",,,,
procedure,"_rxsysb.ensure_address_runtime","inclusive_body",,678,172406642,254287,125,172282833,0,,,,,"_address",procedure,678,0,".void","",,,,
procedure,"_rxsysb.ensure_address_runtime","self",,678,125518,185,125,1709,0,,,,,"_address",procedure,678,0,".void","",,,,
procedure,"_rxsysb.ensure_address_runtime","native_child",,678,0,0,0,0,0,,,,,"_address",procedure,678,0,".void","",,,,
procedure,"_rxsysb.ensure_address_runtime","entry_overhead",,678,117076,172,83,1375,0,,,,,"_address",procedure,678,0,".void","",,,,
procedure,"_rxsysb.ensure_address_runtime","exit_overhead",,678,28326,41,0,292,0,,,,,"_address",procedure,678,0,".void","",,,,
procedure,"_rxsysb._address","elapsed",,84,29975503,356851,44125,25962875,0,,,,,"_address",procedure,84,0,".int","?env=.string,?command=.string,in=.binary,out=.binary,err=.binary,expose ...=.string",,,,
procedure,"_rxsysb._address","inclusive_body",,84,29926046,356262,43667,25960375,0,,,,,"_address",procedure,84,0,".int","?env=.string,?command=.string,in=.binary,out=.binary,err=.binary,expose ...=.string",,,,
procedure,"_rxsysb._address","self",,84,374135,4453,3832,11875,0,,,,,"_address",procedure,84,0,".int","?env=.string,?command=.string,in=.binary,out=.binary,err=.binary,expose ...=.string",,,,
procedure,"_rxsysb._address","native_child",,84,0,0,0,0,0,,,,,"_address",procedure,84,0,".int","?env=.string,?command=.string,in=.binary,out=.binary,err=.binary,expose ...=.string",,,,
procedure,"_rxsysb._address","entry_overhead",,84,40458,481,333,2167,0,,,,,"_address",procedure,84,0,".int","?env=.string,?command=.string,in=.binary,out=.binary,err=.binary,expose ...=.string",,,,
procedure,"_rxsysb._address","exit_overhead",,84,8999,107,41,667,0,,,,,"_address",procedure,84,0,".int","?env=.string,?command=.string,in=.binary,out=.binary,err=.binary,expose ...=.string",,,,
procedure,"_rxsysb._set_address_environment","elapsed",,84,27396289,326146,17083,25909083,0,,,,,"_address",procedure,84,0,".int","env_name=.string",,,,
procedure,"_rxsysb._set_address_environment","inclusive_body",,84,27362454,325743,16750,25907916,0,,,,,"_address",procedure,84,0,".int","env_name=.string",,,,
procedure,"_rxsysb._set_address_environment","self",,84,306082,3643,3376,6291,0,,,,,"_address",procedure,84,0,".int","env_name=.string",,,,
procedure,"_rxsysb._set_address_environment","native_child",,84,0,0,0,0,0,,,,,"_address",procedure,84,0,".int","env_name=.string",,,,
procedure,"_rxsysb._set_address_environment","entry_overhead",,84,28626,340,250,1000,0,,,,,"_address",procedure,84,0,".int","env_name=.string",,,,
procedure,"_rxsysb._set_address_environment","exit_overhead",,84,5209,62,41,291,0,,,,,"_address",procedure,84,0,".int","env_name=.string",,,,
procedure,"rxfnsb.parseexec","elapsed",,588,25182412,42827,37708,159583,0,,,,,"parseExec",procedure,588,0,".string[*]","src=.string,splan=.string,template=.string,?debug=.int",,,,
procedure,"rxfnsb.parseexec","inclusive_body",,588,24804834,42185,37167,157500,0,,,,,"parseExec",procedure,588,0,".string[*]","src=.string,splan=.string,template=.string,?debug=.int",,,,
procedure,"rxfnsb.parseexec","self",,588,24290372,41310,37167,157500,0,,,,,"parseExec",procedure,588,0,".string[*]","src=.string,splan=.string,template=.string,?debug=.int",,,,
procedure,"rxfnsb.parseexec","native_child",,588,0,0,0,0,0,,,,,"parseExec",procedure,588,0,".string[*]","src=.string,splan=.string,template=.string,?debug=.int",,,,
procedure,"rxfnsb.parseexec","entry_overhead",,588,266653,453,291,6083,0,,,,,"parseExec",procedure,588,0,".string[*]","src=.string,splan=.string,template=.string,?debug=.int",,,,
procedure,"rxfnsb.parseexec","exit_overhead",,588,110925,188,83,12125,0,,,,,"parseExec",procedure,588,0,".string[*]","src=.string,splan=.string,template=.string,?debug=.int",,,,
procedure,"rxfnsb.stem.get","elapsed",,750,4460884,5947,3750,30209,0,,,,,"stem",method,750,0,".string","key=.string",,,,
procedure,"rxfnsb.stem.get","inclusive_body",,750,4199664,5599,3458,23083,0,,,,,"stem",method,750,0,".string","key=.string",,,,
procedure,"rxfnsb.stem.get","self",,750,4199664,5599,3458,23083,0,,,,,"stem",method,750,0,".string","key=.string",,,,
procedure,"rxfnsb.stem.get","native_child",,750,0,0,0,0,0,,,,,"stem",method,750,0,".string","key=.string",,,,
procedure,"rxfnsb.stem.get","entry_overhead",,750,206834,275,166,1625,0,,,,,"stem",method,750,0,".string","key=.string",,,,
procedure,"rxfnsb.stem.get","exit_overhead",,750,54386,72,41,7334,0,,,,,"stem",method,750,0,".string","key=.string",,,,
procedure,"rxfnsb.stem.set","elapsed",,498,2817003,5656,875,29291,0,,,,,"stem",method,498,0,".void","?key=.string,value=.string",,,,
procedure,"rxfnsb.stem.set","inclusive_body",,498,2611210,5243,583,23834,0,,,,,"stem",method,498,0,".void","?key=.string,value=.string",,,,
procedure,"rxfnsb.stem.set","self",,498,2611210,5243,583,23834,0,,,,,"stem",method,498,0,".void","?key=.string,value=.string",,,,
procedure,"rxfnsb.stem.set","native_child",,498,0,0,0,0,0,,,,,"stem",method,498,0,".void","?key=.string,value=.string",,,,
procedure,"rxfnsb.stem.set","entry_overhead",,498,177204,355,208,9541,0,,,,,"stem",method,498,0,".void","?key=.string,value=.string",,,,
procedure,"rxfnsb.stem.set","exit_overhead",,498,28589,57,41,1250,0,,,,,"stem",method,498,0,".void","?key=.string,value=.string",,,,
procedure,"rxfnsb.strip","elapsed",,970,2393787,2467,1625,33625,0,,,,,"strip",procedure,970,0,".string","string=.string,?option=.string,?char=.string",,,,
procedure,"rxfnsb.strip","inclusive_body",,970,2019869,2082,1291,31208,0,,,,,"strip",procedure,970,0,".string","string=.string,?option=.string,?char=.string",,,,
procedure,"rxfnsb.strip","self",,970,2019869,2082,1291,31208,0,,,,,"strip",procedure,970,0,".string","string=.string,?option=.string,?char=.string",,,,
procedure,"rxfnsb.strip","native_child",,970,0,0,0,0,0,,,,,"strip",procedure,970,0,".string","string=.string,?option=.string,?char=.string",,,,
procedure,"rxfnsb.strip","entry_overhead",,970,316875,326,208,2875,0,,,,,"strip",procedure,970,0,".string","string=.string,?option=.string,?char=.string",,,,
procedure,"rxfnsb.strip","exit_overhead",,970,57043,58,41,667,0,,,,,"strip",procedure,970,0,".string","string=.string,?option=.string,?char=.string",,,,
procedure,"_rxsysb.dispatch_address_request","elapsed",,84,1836916,21868,19000,67833,0,,,,,"_address",procedure,84,0,"._rxsysb..addressresponse","request=.addressrequest",,,,
procedure,"_rxsysb.dispatch_address_request","inclusive_body",,84,1773835,21117,18417,65166,0,,,,,"_address",procedure,84,0,"._rxsysb..addressresponse","request=.addressrequest",,,,
procedure,"_rxsysb.dispatch_address_request","self",,84,813246,9681,8624,34083,0,,,,,"_address",procedure,84,0,"._rxsysb..addressresponse","request=.addressrequest",,,,
procedure,"_rxsysb.dispatch_address_request","native_child",,84,0,0,0,0,0,,,,,"_address",procedure,84,0,"._rxsysb..addressresponse","request=.addressrequest",,,,
procedure,"_rxsysb.dispatch_address_request","entry_overhead",,84,38916,463,291,5167,0,,,,,"_address",procedure,84,0,"._rxsysb..addressresponse","request=.addressrequest",,,,
procedure,"_rxsysb.dispatch_address_request","exit_overhead",,84,24165,287,208,1459,0,,,,,"_address",procedure,84,0,"._rxsysb..addressresponse","request=.addressrequest",,,,
procedure,"rxfnsb._trace_set","elapsed",,88,673965,7658,3875,255250,0,,,,,"trace",procedure,88,0,".void","mode=.string",,,,
procedure,"rxfnsb._trace_set","inclusive_body",,88,634534,7210,3583,247084,0,,,,,"trace",procedure,88,0,".void","mode=.string",,,,
procedure,"rxfnsb._trace_set","self",,88,284688,3235,2624,18958,0,,,,,"trace",procedure,88,0,".void","mode=.string",,,,
procedure,"rxfnsb._trace_set","native_child",,88,0,0,0,0,0,,,,,"trace",procedure,88,0,".void","mode=.string",,,,
procedure,"rxfnsb._trace_set","entry_overhead",,88,30674,348,166,7958,0,,,,,"trace",procedure,88,0,".void","mode=.string",,,,
procedure,"rxfnsb._trace_set","exit_overhead",,88,8757,99,41,250,0,,,,,"trace",procedure,88,0,".void","mode=.string",,,,
procedure,"rxfnsb.time","elapsed",,6,600210,100035,5917,519709,0,,,,,"time",procedure,6,0,".string","?option=.string",,,,
procedure,"rxfnsb.time","inclusive_body",,6,589167,98194,5417,516250,0,,,,,"time",procedure,6,0,".string","?option=.string",,,,
procedure,"rxfnsb.time","self",,6,559045,93174,4084,505126,0,,,,,"time",procedure,6,0,".string","?option=.string",,,,
procedure,"rxfnsb.time","native_child",,6,0,0,0,0,0,,,,,"time",procedure,6,0,".string","?option=.string",,,,
procedure,"rxfnsb.time","entry_overhead",,6,7500,1250,292,2042,0,,,,,"time",procedure,6,0,".string","?option=.string",,,,
procedure,"rxfnsb.time","exit_overhead",,6,3543,590,167,1417,0,,,,,"time",procedure,6,0,".string","?option=.string",,,,
procedure,"rxfnsb._stream_span","elapsed",,420,514462,1224,1000,12500,0,,,,,"parseExec",procedure,420,0,".string","source=.string,start=.int,span_length=.int",,,,
procedure,"rxfnsb._stream_span","inclusive_body",,420,302239,719,583,5208,0,,,,,"parseExec",procedure,420,0,".string","source=.string,start=.int,span_length=.int",,,,
procedure,"rxfnsb._stream_span","self",,420,302239,719,583,5208,0,,,,,"parseExec",procedure,420,0,".string","source=.string,start=.int,span_length=.int",,,,
procedure,"rxfnsb._stream_span","native_child",,420,0,0,0,0,0,,,,,"parseExec",procedure,420,0,".string","source=.string,start=.int,span_length=.int",,,,
procedure,"rxfnsb._stream_span","entry_overhead",,420,185382,441,291,9208,0,,,,,"parseExec",procedure,420,0,".string","source=.string,start=.int,span_length=.int",,,,
procedure,"rxfnsb._stream_span","exit_overhead",,420,26841,63,41,625,0,,,,,"parseExec",procedure,420,0,".string","source=.string,start=.int,span_length=.int",,,,
procedure,"rxfnsb._trace_ensure_runtime","elapsed",,428,397387,928,291,216417,0,,,,,"trace",procedure,428,0,".void","",,,,
procedure,"rxfnsb._trace_ensure_runtime","inclusive_body",,428,293870,686,166,211542,0,,,,,"trace",procedure,428,0,".void","",,,,
procedure,"rxfnsb._trace_ensure_runtime","self",,428,115743,270,166,33415,0,,,,,"trace",procedure,428,0,".void","",,,,
procedure,"rxfnsb._trace_ensure_runtime","native_child",,428,0,0,0,0,0,,,,,"trace",procedure,428,0,".void","",,,,
procedure,"rxfnsb._trace_ensure_runtime","entry_overhead",,428,83927,196,41,11250,0,,,,,"trace",procedure,428,0,".void","",,,,
procedure,"rxfnsb._trace_ensure_runtime","exit_overhead",,428,19590,45,0,625,0,,,,,"trace",procedure,428,0,".void","",,,,
procedure,"_rxsysb.unknownaddressenvironment.execute","elapsed",,84,302089,3596,2875,22084,0,,,,,"_address",method,84,0,"._rxsysb..addressresponse","request=.addressrequest",,,,
procedure,"_rxsysb.unknownaddressenvironment.execute","inclusive_body",,84,264659,3150,2541,19666,0,,,,,"_address",method,84,0,"._rxsysb..addressresponse","request=.addressrequest",,,,
procedure,"_rxsysb.unknownaddressenvironment.execute","self",,84,264659,3150,2541,19666,0,,,,,"_address",method,84,0,"._rxsysb..addressresponse","request=.addressrequest",,,,
procedure,"_rxsysb.unknownaddressenvironment.execute","native_child",,84,0,0,0,0,0,,,,,"_address",method,84,0,"._rxsysb..addressresponse","request=.addressrequest",,,,
procedure,"_rxsysb.unknownaddressenvironment.execute","entry_overhead",,84,31422,374,209,2209,0,,,,,"_address",method,84,0,"._rxsysb..addressresponse","request=.addressrequest",,,,
procedure,"_rxsysb.unknownaddressenvironment.execute","exit_overhead",,84,6008,71,41,416,0,,,,,"_address",method,84,0,"._rxsysb..addressresponse","request=.addressrequest",,,,
procedure,"rxfnsb._trace_normalize_mode","elapsed",,174,279461,1606,584,78875,0,,,,,"trace",procedure,174,0,".string","mode=.string",,,,
procedure,"rxfnsb._trace_normalize_mode","inclusive_body",,174,218660,1256,416,74750,0,,,,,"trace",procedure,174,0,".string","mode=.string",,,,
procedure,"rxfnsb._trace_normalize_mode","self",,174,185119,1063,416,54876,0,,,,,"trace",procedure,174,0,".string","mode=.string",,,,
procedure,"rxfnsb._trace_normalize_mode","native_child",,174,0,0,0,0,0,,,,,"trace",procedure,174,0,".string","mode=.string",,,,
procedure,"rxfnsb._trace_normalize_mode","entry_overhead",,174,49042,281,125,3541,0,,,,,"trace",procedure,174,0,".string","mode=.string",,,,
procedure,"rxfnsb._trace_normalize_mode","exit_overhead",,174,11759,67,41,584,0,,,,,"trace",procedure,174,0,".string","mode=.string",,,,
procedure,"rxfnsb._trace_mode_from_option","elapsed",,86,236673,2752,1250,81125,0,,,,,"trace",procedure,86,0,".string","option=.string",,,,
procedure,"rxfnsb._trace_mode_from_option","inclusive_body",,86,202583,2355,1000,80000,0,,,,,"trace",procedure,86,0,".string","option=.string",,,,
procedure,"rxfnsb._trace_mode_from_option","self",,86,27376,318,250,1125,0,,,,,"trace",procedure,86,0,".string","option=.string",,,,
procedure,"rxfnsb._trace_mode_from_option","native_child",,86,0,0,0,0,0,,,,,"trace",procedure,86,0,".string","option=.string",,,,
procedure,"rxfnsb._trace_mode_from_option","entry_overhead",,86,23672,275,167,1083,0,,,,,"trace",procedure,86,0,".string","option=.string",,,,
procedure,"rxfnsb._trace_mode_from_option","exit_overhead",,86,10418,121,83,375,0,,,,,"trace",procedure,86,0,".string","option=.string",,,,
procedure,"rxfnsb.upper","elapsed",,336,199633,594,417,10209,0,,,,,"upper",procedure,336,0,".string","expose string=.string",,,,
procedure,"rxfnsb.upper","inclusive_body",,336,85542,254,166,9333,0,,,,,"upper",procedure,336,0,".string","expose string=.string",,,,
procedure,"rxfnsb.upper","self",,336,85542,254,166,9333,0,,,,,"upper",procedure,336,0,".string","expose string=.string",,,,
procedure,"rxfnsb.upper","native_child",,336,0,0,0,0,0,,,,,"upper",procedure,336,0,".string","expose string=.string",,,,
procedure,"rxfnsb.upper","entry_overhead",,336,90253,268,166,1375,0,,,,,"upper",procedure,336,0,".string","expose string=.string",,,,
procedure,"rxfnsb.upper","exit_overhead",,336,23838,70,41,2500,0,,,,,"upper",procedure,336,0,".string","expose string=.string",,,,
procedure,"rxfnsb.tracecontroller.add_suppressed_namespace","elapsed",,16,178127,11132,8416,22584,0,,,,,"trace",method,16,0,".void","namespace_name=.string",,,,
procedure,"rxfnsb.tracecontroller.add_suppressed_namespace","inclusive_body",,16,165249,10328,8083,16125,0,,,,,"trace",method,16,0,".void","namespace_name=.string",,,,
procedure,"rxfnsb.tracecontroller.add_suppressed_namespace","self",,16,122999,7687,5666,11875,0,,,,,"trace",method,16,0,".void","namespace_name=.string",,,,
procedure,"rxfnsb.tracecontroller.add_suppressed_namespace","native_child",,16,0,0,0,0,0,,,,,"trace",method,16,0,".void","namespace_name=.string",,,,
procedure,"rxfnsb.tracecontroller.add_suppressed_namespace","entry_overhead",,16,11211,700,166,6042,0,,,,,"trace",method,16,0,".void","namespace_name=.string",,,,
procedure,"rxfnsb.tracecontroller.add_suppressed_namespace","exit_overhead",,16,1667,104,41,417,0,,,,,"trace",method,16,0,".void","namespace_name=.string",,,,
procedure,"_rxsysb._current_address_environment","elapsed",,168,158447,943,792,2667,0,,,,,"_address",procedure,168,0,".string","",,,,
procedure,"_rxsysb._current_address_environment","inclusive_body",,168,108213,644,542,1541,0,,,,,"_address",procedure,168,0,".string","",,,,
procedure,"_rxsysb._current_address_environment","self",,168,45883,273,208,625,0,,,,,"_address",procedure,168,0,".string","",,,,
procedure,"_rxsysb._current_address_environment","native_child",,168,0,0,0,0,0,,,,,"_address",procedure,168,0,".string","",,,,
procedure,"_rxsysb._current_address_environment","entry_overhead",,168,40574,241,166,917,0,,,,,"_address",procedure,168,0,".string","",,,,
procedure,"_rxsysb._current_address_environment","exit_overhead",,168,9660,57,41,209,0,,,,,"_address",procedure,168,0,".string","",,,,
procedure,"rxfnsb._trace_current_mode","elapsed",,172,151294,879,666,4708,0,,,,,"trace",procedure,172,0,".string","",,,,
procedure,"rxfnsb._trace_current_mode","inclusive_body",,172,104625,608,500,2833,0,,,,,"trace",procedure,172,0,".string","",,,,
procedure,"rxfnsb._trace_current_mode","self",,172,42166,245,166,1042,0,,,,,"trace",procedure,172,0,".string","",,,,
procedure,"rxfnsb._trace_current_mode","native_child",,172,0,0,0,0,0,,,,,"trace",procedure,172,0,".string","",,,,
procedure,"rxfnsb._trace_current_mode","entry_overhead",,172,33451,194,125,1208,0,,,,,"trace",procedure,172,0,".string","",,,,
procedure,"rxfnsb._trace_current_mode","exit_overhead",,172,13218,76,41,667,0,,,,,"trace",procedure,172,0,".string","",,,,
procedure,"rxfnsb._trace_command_before","elapsed",,84,110960,1320,916,16000,0,,,,,"trace",procedure,84,0,".void","environment=.string,command=.string",,,,
procedure,"rxfnsb._trace_command_before","inclusive_body",,84,74667,888,583,15208,0,,,,,"trace",procedure,84,0,".void","environment=.string,command=.string",,,,
procedure,"rxfnsb._trace_command_before","self",,84,20127,239,166,1334,0,,,,,"trace",procedure,84,0,".void","environment=.string,command=.string",,,,
procedure,"rxfnsb._trace_command_before","native_child",,84,0,0,0,0,0,,,,,"trace",procedure,84,0,".void","environment=.string,command=.string",,,,
procedure,"rxfnsb._trace_command_before","entry_overhead",,84,32212,383,291,2583,0,,,,,"trace",procedure,84,0,".void","environment=.string,command=.string",,,,
procedure,"rxfnsb._trace_command_before","exit_overhead",,84,4081,48,0,459,0,,,,,"trace",procedure,84,0,".void","environment=.string,command=.string",,,,
procedure,"rxfnsb._trace_command_after","elapsed",,84,89160,1061,916,3083,0,,,,,"trace",procedure,84,0,".void","environment=.string,command=.string,rc=.int,condition=.string",,,,
procedure,"rxfnsb._trace_command_after","inclusive_body",,84,53589,637,583,1625,0,,,,,"trace",procedure,84,0,".void","environment=.string,command=.string,rc=.int,condition=.string",,,,
procedure,"rxfnsb._trace_command_after","self",,84,18793,223,166,584,0,,,,,"trace",procedure,84,0,".void","environment=.string,command=.string,rc=.int,condition=.string",,,,
procedure,"rxfnsb._trace_command_after","native_child",,84,0,0,0,0,0,,,,,"trace",procedure,84,0,".void","environment=.string,command=.string,rc=.int,condition=.string",,,,
procedure,"rxfnsb._trace_command_after","entry_overhead",,84,31997,380,291,1375,0,,,,,"trace",procedure,84,0,".void","environment=.string,command=.string,rc=.int,condition=.string",,,,
procedure,"rxfnsb._trace_command_after","exit_overhead",,84,3574,42,0,84,0,,,,,"trace",procedure,84,0,".void","environment=.string,command=.string,rc=.int,condition=.string",,,,
procedure,"_rxsysb.systemaddressenvironment.§factory","elapsed",,3,66334,22111,11125,42125,0,,,,,"_address",factory,3,0,"._rxsysb..systemaddressenvironment","env_name=.string",,,,
procedure,"_rxsysb.systemaddressenvironment.§factory","inclusive_body",,3,59542,19847,9167,39542,0,,,,,"_address",factory,3,0,"._rxsysb..systemaddressenvironment","env_name=.string",,,,
procedure,"_rxsysb.systemaddressenvironment.§factory","self",,3,14709,4903,4042,5917,0,,,,,"_address",factory,3,0,"._rxsysb..systemaddressenvironment","env_name=.string",,,,
procedure,"_rxsysb.systemaddressenvironment.§factory","native_child",,3,0,0,0,0,0,,,,,"_address",factory,3,0,"._rxsysb..systemaddressenvironment","env_name=.string",,,,
procedure,"_rxsysb.systemaddressenvironment.§factory","entry_overhead",,3,5375,1791,1625,1958,0,,,,,"_address",factory,3,0,"._rxsysb..systemaddressenvironment","env_name=.string",,,,
procedure,"_rxsysb.systemaddressenvironment.§factory","exit_overhead",,3,1417,472,333,625,0,,,,,"_address",factory,3,0,"._rxsysb..systemaddressenvironment","env_name=.string",,,,
procedure,"_rxsysb.unknownaddressenvironment.environment_name","elapsed",,83,56788,684,458,2500,0,,,,,"_address",method,83,0,".string","",,,,
procedure,"_rxsysb.unknownaddressenvironment.environment_name","inclusive_body",,83,20122,242,208,875,0,,,,,"_address",method,83,0,".string","",,,,
procedure,"_rxsysb.unknownaddressenvironment.environment_name","self",,83,20122,242,208,875,0,,,,,"_address",method,83,0,".string","",,,,
procedure,"_rxsysb.unknownaddressenvironment.environment_name","native_child",,83,0,0,0,0,0,,,,,"_address",method,83,0,".string","",,,,
procedure,"_rxsysb.unknownaddressenvironment.environment_name","entry_overhead",,83,31292,377,208,1792,0,,,,,"_address",method,83,0,".string","",,,,
procedure,"_rxsysb.unknownaddressenvironment.environment_name","exit_overhead",,83,5374,64,41,209,0,,,,,"_address",method,83,0,".string","",,,,
procedure,"rexxcps_levelb.__rxtrace_reset_display_state","elapsed",,88,38787,440,333,1916,0,,,,,"benchmark_rexxcps_levelb_opt",procedure,88,0,".void","",,,,
procedure,"rexxcps_levelb.__rxtrace_reset_display_state","inclusive_body",,88,19210,218,166,500,0,,,,,"benchmark_rexxcps_levelb_opt",procedure,88,0,".void","",,,,
procedure,"rexxcps_levelb.__rxtrace_reset_display_state","self",,88,19210,218,166,500,0,,,,,"benchmark_rexxcps_levelb_opt",procedure,88,0,".void","",,,,
procedure,"rexxcps_levelb.__rxtrace_reset_display_state","native_child",,88,0,0,0,0,0,,,,,"benchmark_rexxcps_levelb_opt",procedure,88,0,".void","",,,,
procedure,"rexxcps_levelb.__rxtrace_reset_display_state","entry_overhead",,88,15125,171,83,1500,0,,,,,"benchmark_rexxcps_levelb_opt",procedure,88,0,".void","",,,,
procedure,"rexxcps_levelb.__rxtrace_reset_display_state","exit_overhead",,88,4452,50,41,166,0,,,,,"benchmark_rexxcps_levelb_opt",procedure,88,0,".void","",,,,
procedure,"_rxsysb.systemaddressenvironment.bind_environment","elapsed",,3,30666,10222,5333,19583,0,,,,,"_address",method,3,0,".void","env_name=.string,instance_id=.string",,,,
procedure,"_rxsysb.systemaddressenvironment.bind_environment","inclusive_body",,3,26333,8777,4333,17500,0,,,,,"_address",method,3,0,".void","env_name=.string,instance_id=.string",,,,
procedure,"_rxsysb.systemaddressenvironment.bind_environment","self",,3,5958,1986,1125,3667,0,,,,,"_address",method,3,0,".void","env_name=.string,instance_id=.string",,,,
procedure,"_rxsysb.systemaddressenvironment.bind_environment","native_child",,3,0,0,0,0,0,,,,,"_address",method,3,0,".void","env_name=.string,instance_id=.string",,,,
procedure,"_rxsysb.systemaddressenvironment.bind_environment","entry_overhead",,3,2917,972,625,1625,0,,,,,"_address",method,3,0,".void","env_name=.string,instance_id=.string",,,,
procedure,"_rxsysb.systemaddressenvironment.bind_environment","exit_overhead",,3,1416,472,375,583,0,,,,,"_address",method,3,0,".void","env_name=.string,instance_id=.string",,,,
procedure,"_rxsysb._elapsed","elapsed",,18,30122,1673,375,5041,0,,,,,"/Users/adrian/CLionProjects/CREXX/lib/rxfnsb/rxas/_elapsed",procedure,18,0,".int","value=.int",,,,
procedure,"_rxsysb._elapsed","inclusive_body",,18,12211,678,125,4250,0,,,,,"/Users/adrian/CLionProjects/CREXX/lib/rxfnsb/rxas/_elapsed",procedure,18,0,".int","value=.int",,,,
procedure,"_rxsysb._elapsed","self",,18,12211,678,125,4250,0,,,,,"/Users/adrian/CLionProjects/CREXX/lib/rxfnsb/rxas/_elapsed",procedure,18,0,".int","value=.int",,,,
procedure,"_rxsysb._elapsed","native_child",,18,0,0,0,0,0,,,,,"/Users/adrian/CLionProjects/CREXX/lib/rxfnsb/rxas/_elapsed",procedure,18,0,".int","value=.int",,,,
procedure,"_rxsysb._elapsed","entry_overhead",,18,14417,800,125,3709,0,,,,,"/Users/adrian/CLionProjects/CREXX/lib/rxfnsb/rxas/_elapsed",procedure,18,0,".int","value=.int",,,,
procedure,"_rxsysb._elapsed","exit_overhead",,18,3494,194,41,1083,0,,,,,"/Users/adrian/CLionProjects/CREXX/lib/rxfnsb/rxas/_elapsed",procedure,18,0,".int","value=.int",,,,
procedure,"rxfnsb.format","elapsed",,2,23458,11729,10083,13375,0,,,,,"format",procedure,2,0,".string","number=.decimal,?before=.int,?after=.int,?expp=.int,?expt=.int",,,,
procedure,"rxfnsb.format","inclusive_body",,2,19918,9959,9459,10459,0,,,,,"format",procedure,2,0,".string","number=.decimal,?before=.int,?after=.int,?expp=.int,?expt=.int",,,,
procedure,"rxfnsb.format","self",,2,19918,9959,9459,10459,0,,,,,"format",procedure,2,0,".string","number=.decimal,?before=.int,?after=.int,?expp=.int,?expt=.int",,,,
procedure,"rxfnsb.format","native_child",,2,0,0,0,0,0,,,,,"format",procedure,2,0,".string","number=.decimal,?before=.int,?after=.int,?expp=.int,?expt=.int",,,,
procedure,"rxfnsb.format","entry_overhead",,2,3208,1604,458,2750,0,,,,,"format",procedure,2,0,".string","number=.decimal,?before=.int,?after=.int,?expp=.int,?expt=.int",,,,
procedure,"rxfnsb.format","exit_overhead",,2,332,166,166,166,0,,,,,"format",procedure,2,0,".string","number=.decimal,?before=.int,?after=.int,?expp=.int,?expt=.int",,,,
procedure,"rxfnsb.stem.§factory","elapsed",,2,17541,8770,7875,9666,0,,,,,"stem",factory,2,0,".rxfnsb..stem","",,,,
procedure,"rxfnsb.stem.§factory","inclusive_body",,2,12334,6167,3834,8500,0,,,,,"stem",factory,2,0,".rxfnsb..stem","",,,,
procedure,"rxfnsb.stem.§factory","self",,2,12334,6167,3834,8500,0,,,,,"stem",factory,2,0,".rxfnsb..stem","",,,,
procedure,"rxfnsb.stem.§factory","native_child",,2,0,0,0,0,0,,,,,"stem",factory,2,0,".rxfnsb..stem","",,,,
procedure,"rxfnsb.stem.§factory","entry_overhead",,2,3082,1541,541,2541,0,,,,,"stem",factory,2,0,".rxfnsb..stem","",,,,
procedure,"rxfnsb.stem.§factory","exit_overhead",,2,2125,1062,625,1500,0,,,,,"stem",factory,2,0,".rxfnsb..stem","",,,,
procedure,"_rxsysb.systemaddressenvironment.environment_id","elapsed",,3,16167,5389,2000,11959,0,,,,,"_address",method,3,0,".string","",,,,
procedure,"_rxsysb.systemaddressenvironment.environment_id","inclusive_body",,3,4792,1597,792,2917,0,,,,,"_address",method,3,0,".string","",,,,
procedure,"_rxsysb.systemaddressenvironment.environment_id","self",,3,4792,1597,792,2917,0,,,,,"_address",method,3,0,".string","",,,,
procedure,"_rxsysb.systemaddressenvironment.environment_id","native_child",,3,0,0,0,0,0,,,,,"_address",method,3,0,".string","",,,,
procedure,"_rxsysb.systemaddressenvironment.environment_id","entry_overhead",,3,10542,3514,1000,8417,0,,,,,"_address",method,3,0,".string","",,,,
procedure,"_rxsysb.systemaddressenvironment.environment_id","exit_overhead",,3,833,277,83,625,0,,,,,"_address",method,3,0,".string","",,,,
procedure,"rxfnsb.pos","elapsed",,4,14208,3552,1084,9666,0,,,,,"pos",procedure,4,0,".int","needle=.string,haystack=.string,?start=.int",,,,
procedure,"rxfnsb.pos","inclusive_body",,4,6000,1500,625,3333,0,,,,,"pos",procedure,4,0,".int","needle=.string,haystack=.string,?start=.int",,,,
procedure,"rxfnsb.pos","self",,4,6000,1500,625,3333,0,,,,,"pos",procedure,4,0,".int","needle=.string,haystack=.string,?start=.int",,,,
procedure,"rxfnsb.pos","native_child",,4,0,0,0,0,0,,,,,"pos",procedure,4,0,".int","needle=.string,haystack=.string,?start=.int",,,,
procedure,"rxfnsb.pos","entry_overhead",,4,7625,1906,375,6000,0,,,,,"pos",procedure,4,0,".int","needle=.string,haystack=.string,?start=.int",,,,
procedure,"rxfnsb.pos","exit_overhead",,4,583,145,83,333,0,,,,,"pos",procedure,4,0,".int","needle=.string,haystack=.string,?start=.int",,,,
procedure,"_rxsysb.crexxaddressenvironment.§factory","elapsed",,1,13667,13667,13667,13667,0,,,,,"_address",factory,1,0,"._rxsysb..crexxaddressenvironment","env_name=.string",,,,
procedure,"_rxsysb.crexxaddressenvironment.§factory","inclusive_body",,1,11334,11334,11334,11334,0,,,,,"_address",factory,1,0,"._rxsysb..crexxaddressenvironment","env_name=.string",,,,
procedure,"_rxsysb.crexxaddressenvironment.§factory","self",,1,4418,4418,4418,4418,0,,,,,"_address",factory,1,0,"._rxsysb..crexxaddressenvironment","env_name=.string",,,,
procedure,"_rxsysb.crexxaddressenvironment.§factory","native_child",,1,0,0,0,0,0,,,,,"_address",factory,1,0,"._rxsysb..crexxaddressenvironment","env_name=.string",,,,
procedure,"_rxsysb.crexxaddressenvironment.§factory","entry_overhead",,1,2208,2208,2208,2208,0,,,,,"_address",factory,1,0,"._rxsysb..crexxaddressenvironment","env_name=.string",,,,
procedure,"_rxsysb.crexxaddressenvironment.§factory","exit_overhead",,1,125,125,125,125,0,,,,,"_address",factory,1,0,"._rxsysb..crexxaddressenvironment","env_name=.string",,,,
procedure,"_rxsysb.unknownaddressenvironment.§factory","elapsed",,1,11584,11584,11584,11584,0,,,,,"_address",factory,1,0,"._rxsysb..unknownaddressenvironment","env_name=.string",,,,
procedure,"_rxsysb.unknownaddressenvironment.§factory","inclusive_body",,1,9792,9792,9792,9792,0,,,,,"_address",factory,1,0,"._rxsysb..unknownaddressenvironment","env_name=.string",,,,
procedure,"_rxsysb.unknownaddressenvironment.§factory","self",,1,4208,4208,4208,4208,0,,,,,"_address",factory,1,0,"._rxsysb..unknownaddressenvironment","env_name=.string",,,,
procedure,"_rxsysb.unknownaddressenvironment.§factory","native_child",,1,0,0,0,0,0,,,,,"_address",factory,1,0,"._rxsysb..unknownaddressenvironment","env_name=.string",,,,
procedure,"_rxsysb.unknownaddressenvironment.§factory","entry_overhead",,1,1500,1500,1500,1500,0,,,,,"_address",factory,1,0,"._rxsysb..unknownaddressenvironment","env_name=.string",,,,
procedure,"_rxsysb.unknownaddressenvironment.§factory","exit_overhead",,1,292,292,292,292,0,,,,,"_address",factory,1,0,"._rxsysb..unknownaddressenvironment","env_name=.string",,,,
procedure,"_rxsysb.pathaddressenvironment.§factory","elapsed",,1,10042,10042,10042,10042,0,,,,,"_address",factory,1,0,"._rxsysb..pathaddressenvironment","env_name=.string",,,,
procedure,"_rxsysb.pathaddressenvironment.§factory","inclusive_body",,1,8083,8083,8083,8083,0,,,,,"_address",factory,1,0,"._rxsysb..pathaddressenvironment","env_name=.string",,,,
procedure,"_rxsysb.pathaddressenvironment.§factory","self",,1,3333,3333,3333,3333,0,,,,,"_address",factory,1,0,"._rxsysb..pathaddressenvironment","env_name=.string",,,,
procedure,"_rxsysb.pathaddressenvironment.§factory","native_child",,1,0,0,0,0,0,,,,,"_address",factory,1,0,"._rxsysb..pathaddressenvironment","env_name=.string",,,,
procedure,"_rxsysb.pathaddressenvironment.§factory","entry_overhead",,1,1417,1417,1417,1417,0,,,,,"_address",factory,1,0,"._rxsysb..pathaddressenvironment","env_name=.string",,,,
procedure,"_rxsysb.pathaddressenvironment.§factory","exit_overhead",,1,542,542,542,542,0,,,,,"_address",factory,1,0,"._rxsysb..pathaddressenvironment","env_name=.string",,,,
procedure,"_rxsysb.shelladdressenvironment.§factory","elapsed",,1,9458,9458,9458,9458,0,,,,,"_address",factory,1,0,"._rxsysb..shelladdressenvironment","env_name=.string",,,,
procedure,"_rxsysb.shelladdressenvironment.§factory","inclusive_body",,1,7709,7709,7709,7709,0,,,,,"_address",factory,1,0,"._rxsysb..shelladdressenvironment","env_name=.string",,,,
procedure,"_rxsysb.shelladdressenvironment.§factory","self",,1,3209,3209,3209,3209,0,,,,,"_address",factory,1,0,"._rxsysb..shelladdressenvironment","env_name=.string",,,,
procedure,"_rxsysb.shelladdressenvironment.§factory","native_child",,1,0,0,0,0,0,,,,,"_address",factory,1,0,"._rxsysb..shelladdressenvironment","env_name=.string",,,,
procedure,"_rxsysb.shelladdressenvironment.§factory","entry_overhead",,1,1458,1458,1458,1458,0,,,,,"_address",factory,1,0,"._rxsysb..shelladdressenvironment","env_name=.string",,,,
procedure,"_rxsysb.shelladdressenvironment.§factory","exit_overhead",,1,291,291,291,291,0,,,,,"_address",factory,1,0,"._rxsysb..shelladdressenvironment","env_name=.string",,,,
procedure,"rxfnsb.trunc","elapsed",,1,8334,8334,8334,8334,0,,,,,"trunc",procedure,1,0,".string","number=.decimal,?fraction=.int",,,,
procedure,"rxfnsb.trunc","inclusive_body",,1,5583,5583,5583,5583,0,,,,,"trunc",procedure,1,0,".string","number=.decimal,?fraction=.int",,,,
procedure,"rxfnsb.trunc","self",,1,5583,5583,5583,5583,0,,,,,"trunc",procedure,1,0,".string","number=.decimal,?fraction=.int",,,,
procedure,"rxfnsb.trunc","native_child",,1,0,0,0,0,0,,,,,"trunc",procedure,1,0,".string","number=.decimal,?fraction=.int",,,,
procedure,"rxfnsb.trunc","entry_overhead",,1,2542,2542,2542,2542,0,,,,,"trunc",procedure,1,0,".string","number=.decimal,?fraction=.int",,,,
procedure,"rxfnsb.trunc","exit_overhead",,1,209,209,209,209,0,,,,,"trunc",procedure,1,0,".string","number=.decimal,?fraction=.int",,,,
procedure,"_rxsysb.unknownaddressenvironment.bind_environment","elapsed",,1,5458,5458,5458,5458,0,,,,,"_address",method,1,0,".void","env_name=.string,instance_id=.string",,,,
procedure,"_rxsysb.unknownaddressenvironment.bind_environment","inclusive_body",,1,4458,4458,4458,4458,0,,,,,"_address",method,1,0,".void","env_name=.string,instance_id=.string",,,,
procedure,"_rxsysb.unknownaddressenvironment.bind_environment","self",,1,1041,1041,1041,1041,0,,,,,"_address",method,1,0,".void","env_name=.string,instance_id=.string",,,,
procedure,"_rxsysb.unknownaddressenvironment.bind_environment","native_child",,1,0,0,0,0,0,,,,,"_address",method,1,0,".void","env_name=.string,instance_id=.string",,,,
procedure,"_rxsysb.unknownaddressenvironment.bind_environment","entry_overhead",,1,542,542,542,542,0,,,,,"_address",method,1,0,".void","env_name=.string,instance_id=.string",,,,
procedure,"_rxsysb.unknownaddressenvironment.bind_environment","exit_overhead",,1,458,458,458,458,0,,,,,"_address",method,1,0,".void","env_name=.string,instance_id=.string",,,,
procedure,"_rxsysb.shelladdressenvironment.bind_environment","elapsed",,1,4917,4917,4917,4917,0,,,,,"_address",method,1,0,".void","env_name=.string,instance_id=.string",,,,
procedure,"_rxsysb.shelladdressenvironment.bind_environment","inclusive_body",,1,4042,4042,4042,4042,0,,,,,"_address",method,1,0,".void","env_name=.string,instance_id=.string",,,,
procedure,"_rxsysb.shelladdressenvironment.bind_environment","self",,1,1000,1000,1000,1000,0,,,,,"_address",method,1,0,".void","env_name=.string,instance_id=.string",,,,
procedure,"_rxsysb.shelladdressenvironment.bind_environment","native_child",,1,0,0,0,0,0,,,,,"_address",method,1,0,".void","env_name=.string,instance_id=.string",,,,
procedure,"_rxsysb.shelladdressenvironment.bind_environment","entry_overhead",,1,583,583,583,583,0,,,,,"_address",method,1,0,".void","env_name=.string,instance_id=.string",,,,
procedure,"_rxsysb.shelladdressenvironment.bind_environment","exit_overhead",,1,292,292,292,292,0,,,,,"_address",method,1,0,".void","env_name=.string,instance_id=.string",,,,
procedure,"_rxsysb.crexxaddressenvironment.bind_environment","elapsed",,1,4833,4833,4833,4833,0,,,,,"_address",method,1,0,".void","env_name=.string,instance_id=.string",,,,
procedure,"_rxsysb.crexxaddressenvironment.bind_environment","inclusive_body",,1,4000,4000,4000,4000,0,,,,,"_address",method,1,0,".void","env_name=.string,instance_id=.string",,,,
procedure,"_rxsysb.crexxaddressenvironment.bind_environment","self",,1,958,958,958,958,0,,,,,"_address",method,1,0,".void","env_name=.string,instance_id=.string",,,,
procedure,"_rxsysb.crexxaddressenvironment.bind_environment","native_child",,1,0,0,0,0,0,,,,,"_address",method,1,0,".void","env_name=.string,instance_id=.string",,,,
procedure,"_rxsysb.crexxaddressenvironment.bind_environment","entry_overhead",,1,458,458,458,458,0,,,,,"_address",method,1,0,".void","env_name=.string,instance_id=.string",,,,
procedure,"_rxsysb.crexxaddressenvironment.bind_environment","exit_overhead",,1,375,375,375,375,0,,,,,"_address",method,1,0,".void","env_name=.string,instance_id=.string",,,,
procedure,"_rxsysb.pathaddressenvironment.bind_environment","elapsed",,1,4708,4708,4708,4708,0,,,,,"_address",method,1,0,".void","env_name=.string,instance_id=.string",,,,
procedure,"_rxsysb.pathaddressenvironment.bind_environment","inclusive_body",,1,4042,4042,4042,4042,0,,,,,"_address",method,1,0,".void","env_name=.string,instance_id=.string",,,,
procedure,"_rxsysb.pathaddressenvironment.bind_environment","self",,1,1125,1125,1125,1125,0,,,,,"_address",method,1,0,".void","env_name=.string,instance_id=.string",,,,
procedure,"_rxsysb.pathaddressenvironment.bind_environment","native_child",,1,0,0,0,0,0,,,,,"_address",method,1,0,".void","env_name=.string,instance_id=.string",,,,
procedure,"_rxsysb.pathaddressenvironment.bind_environment","entry_overhead",,1,583,583,583,583,0,,,,,"_address",method,1,0,".void","env_name=.string,instance_id=.string",,,,
procedure,"_rxsysb.pathaddressenvironment.bind_environment","exit_overhead",,1,83,83,83,83,0,,,,,"_address",method,1,0,".void","env_name=.string,instance_id=.string",,,,
procedure,"_rxsysb.crexxaddressenvironment.environment_id","elapsed",,1,1750,1750,1750,1750,0,,,,,"_address",method,1,0,".string","",,,,
procedure,"_rxsysb.crexxaddressenvironment.environment_id","inclusive_body",,1,792,792,792,792,0,,,,,"_address",method,1,0,".string","",,,,
procedure,"_rxsysb.crexxaddressenvironment.environment_id","self",,1,792,792,792,792,0,,,,,"_address",method,1,0,".string","",,,,
procedure,"_rxsysb.crexxaddressenvironment.environment_id","native_child",,1,0,0,0,0,0,,,,,"_address",method,1,0,".string","",,,,
procedure,"_rxsysb.crexxaddressenvironment.environment_id","entry_overhead",,1,833,833,833,833,0,,,,,"_address",method,1,0,".string","",,,,
procedure,"_rxsysb.crexxaddressenvironment.environment_id","exit_overhead",,1,125,125,125,125,0,,,,,"_address",method,1,0,".string","",,,,
procedure,"_rxsysb.unknownaddressenvironment.environment_id","elapsed",,1,1750,1750,1750,1750,0,,,,,"_address",method,1,0,".string","",,,,
procedure,"_rxsysb.unknownaddressenvironment.environment_id","inclusive_body",,1,625,625,625,625,0,,,,,"_address",method,1,0,".string","",,,,
procedure,"_rxsysb.unknownaddressenvironment.environment_id","self",,1,625,625,625,625,0,,,,,"_address",method,1,0,".string","",,,,
procedure,"_rxsysb.unknownaddressenvironment.environment_id","native_child",,1,0,0,0,0,0,,,,,"_address",method,1,0,".string","",,,,
procedure,"_rxsysb.unknownaddressenvironment.environment_id","entry_overhead",,1,1000,1000,1000,1000,0,,,,,"_address",method,1,0,".string","",,,,
procedure,"_rxsysb.unknownaddressenvironment.environment_id","exit_overhead",,1,125,125,125,125,0,,,,,"_address",method,1,0,".string","",,,,
procedure,"_rxsysb.shelladdressenvironment.environment_id","elapsed",,1,1667,1667,1667,1667,0,,,,,"_address",method,1,0,".string","",,,,
procedure,"_rxsysb.shelladdressenvironment.environment_id","inclusive_body",,1,667,667,667,667,0,,,,,"_address",method,1,0,".string","",,,,
procedure,"_rxsysb.shelladdressenvironment.environment_id","self",,1,667,667,667,667,0,,,,,"_address",method,1,0,".string","",,,,
procedure,"_rxsysb.shelladdressenvironment.environment_id","native_child",,1,0,0,0,0,0,,,,,"_address",method,1,0,".string","",,,,
procedure,"_rxsysb.shelladdressenvironment.environment_id","entry_overhead",,1,875,875,875,875,0,,,,,"_address",method,1,0,".string","",,,,
procedure,"_rxsysb.shelladdressenvironment.environment_id","exit_overhead",,1,125,125,125,125,0,,,,,"_address",method,1,0,".string","",,,,
procedure,"_rxsysb.pathaddressenvironment.environment_id","elapsed",,1,1458,1458,1458,1458,0,,,,,"_address",method,1,0,".string","",,,,
procedure,"_rxsysb.pathaddressenvironment.environment_id","inclusive_body",,1,416,416,416,416,0,,,,,"_address",method,1,0,".string","",,,,
procedure,"_rxsysb.pathaddressenvironment.environment_id","self",,1,416,416,416,416,0,,,,,"_address",method,1,0,".string","",,,,
procedure,"_rxsysb.pathaddressenvironment.environment_id","native_child",,1,0,0,0,0,0,,,,,"_address",method,1,0,".string","",,,,
procedure,"_rxsysb.pathaddressenvironment.environment_id","entry_overhead",,1,917,917,917,917,0,,,,,"_address",method,1,0,".string","",,,,
procedure,"_rxsysb.pathaddressenvironment.environment_id","exit_overhead",,1,125,125,125,125,0,,,,,"_address",method,1,0,".string","",,,,
procedure,"_rxsysb.crexxaddressenvironment.environment_name","elapsed",,1,917,917,917,917,0,,,,,"_address",method,1,0,".string","",,,,
procedure,"_rxsysb.crexxaddressenvironment.environment_name","inclusive_body",,1,250,250,250,250,0,,,,,"_address",method,1,0,".string","",,,,
procedure,"_rxsysb.crexxaddressenvironment.environment_name","self",,1,250,250,250,250,0,,,,,"_address",method,1,0,".string","",,,,
procedure,"_rxsysb.crexxaddressenvironment.environment_name","native_child",,1,0,0,0,0,0,,,,,"_address",method,1,0,".string","",,,,
procedure,"_rxsysb.crexxaddressenvironment.environment_name","entry_overhead",,1,542,542,542,542,0,,,,,"_address",method,1,0,".string","",,,,
procedure,"_rxsysb.crexxaddressenvironment.environment_name","exit_overhead",,1,125,125,125,125,0,,,,,"_address",method,1,0,".string","",,,,
allocation,frame_blocks,,,83,0,0,0,0,0,,,,,,,,,,,603064,35752,0,complete
allocation,standalone_values,,,411,0,0,0,0,0,,,,,,,,,,,105216,256,0,complete
allocation,attribute_value_blocks,,,1047,0,0,0,0,0,,,,,,,,,,,2682880,65536,0,complete
allocation,attribute_pointer_storage,,,3124,0,0,0,0,0,,,,,,,,,,,235776,2048,0,complete
allocation,string_buffers,,,458,0,0,0,0,0,,,,,,,,,,,32416,128,0,complete
allocation,binary_buffers,,,0,0,0,0,0,0,,,,,,,,,,,0,0,0,complete
allocation,value_slots,,,12556,0,0,0,0,0,,,,,,,,,,,3214336,65536,0,complete
allocation,frame_activations,,,6445,0,0,0,0,0,,,,,,,,,,,0,0,7,complete
allocation,frame_reuses,,,6362,0,0,0,0,0,,,,,,,,,,,0,0,0,complete
metadata_lookup,"callable_resolve","query",,0,0,0,0,0,0,,,,,,,,,,,,,,"complete"
metadata_lookup,"callable_resolve","hit",,0,0,0,0,0,0,,,,,,,,,,,,,,"complete"
metadata_lookup,"callable_resolve","miss",,0,0,0,0,0,0,,,,,,,,,,,,,,"complete"
metadata_lookup,"callable_resolve","invalid",,0,0,0,0,0,0,,,,,,,,,,,,,,"complete"
metadata_lookup,"callable_resolve","degraded",,0,0,0,0,0,0,,,,,,,,,,,,,,"complete"
metadata_visit,"callable_resolve","total",,0,0,0,0,0,0,,,,,,,,,,,,,,"complete"
metadata_visit,"callable_resolve","META_FUNC",,0,0,0,0,0,0,,,,,,,,,,,,,,"complete"
metadata_visit,"callable_resolve","META_REG",,0,0,0,0,0,0,,,,,,,,,,,,,,"complete"
metadata_visit,"callable_resolve","META_CONST",,0,0,0,0,0,0,,,,,,,,,,,,,,"complete"
metadata_visit,"callable_resolve","META_CLEAR",,0,0,0,0,0,0,,,,,,,,,,,,,,"complete"
metadata_visit,"callable_resolve","META_CLASS",,0,0,0,0,0,0,,,,,,,,,,,,,,"complete"
metadata_visit,"callable_resolve","META_ATTR",,0,0,0,0,0,0,,,,,,,,,,,,,,"complete"
metadata_visit,"callable_resolve","META_INTERFACE",,0,0,0,0,0,0,,,,,,,,,,,,,,"complete"
metadata_visit,"callable_resolve","META_IMPLEMENTS",,0,0,0,0,0,0,,,,,,,,,,,,,,"complete"
metadata_visit,"callable_resolve","META_MEMBER",,0,0,0,0,0,0,,,,,,,,,,,,,,"complete"
metadata_visit,"callable_resolve","META_INLINE",,0,0,0,0,0,0,,,,,,,,,,,,,,"complete"
metadata_visit,"callable_resolve","META_SOURCE_STEP",,0,0,0,0,0,0,,,,,,,,,,,,,,"complete"
metadata_visit,"callable_resolve","META_TRACE_EVENT",,0,0,0,0,0,0,,,,,,,,,,,,,,"complete"
metadata_lookup,"contract_kind","query",,182,0,0,0,0,0,,,,,,,,,,,,,,"complete"
metadata_lookup,"contract_kind","hit",,182,0,0,0,0,0,,,,,,,,,,,,,,"complete"
metadata_lookup,"contract_kind","miss",,0,0,0,0,0,0,,,,,,,,,,,,,,"complete"
metadata_lookup,"contract_kind","invalid",,0,0,0,0,0,0,,,,,,,,,,,,,,"complete"
metadata_lookup,"contract_kind","degraded",,0,0,0,0,0,0,,,,,,,,,,,,,,"complete"
metadata_visit,"contract_kind","total",,58142,0,0,0,0,0,,,,,,,,,,,,,,"complete"
metadata_visit,"contract_kind","META_FUNC",,7644,0,0,0,0,0,,,,,,,,,,,,,,"complete"
metadata_visit,"contract_kind","META_REG",,24570,0,0,0,0,0,,,,,,,,,,,,,,"complete"
metadata_visit,"contract_kind","META_CONST",,910,0,0,0,0,0,,,,,,,,,,,,,,"complete"
metadata_visit,"contract_kind","META_CLEAR",,22386,0,0,0,0,0,,,,,,,,,,,,,,"complete"
metadata_visit,"contract_kind","META_CLASS",,392,0,0,0,0,0,,,,,,,,,,,,,,"complete"
metadata_visit,"contract_kind","META_ATTR",,1960,0,0,0,0,0,,,,,,,,,,,,,,"complete"
metadata_visit,"contract_kind","META_INTERFACE",,210,0,0,0,0,0,,,,,,,,,,,,,,"complete"
metadata_visit,"contract_kind","META_IMPLEMENTS",,0,0,0,0,0,0,,,,,,,,,,,,,,"complete"
metadata_visit,"contract_kind","META_MEMBER",,70,0,0,0,0,0,,,,,,,,,,,,,,"complete"
metadata_visit,"contract_kind","META_INLINE",,0,0,0,0,0,0,,,,,,,,,,,,,,"complete"
metadata_visit,"contract_kind","META_SOURCE_STEP",,0,0,0,0,0,0,,,,,,,,,,,,,,"complete"
metadata_visit,"contract_kind","META_TRACE_EVENT",,0,0,0,0,0,0,,,,,,,,,,,,,,"complete"
metadata_lookup,"contract_implements","query",,224,0,0,0,0,0,,,,,,,,,,,,,,"complete"
metadata_lookup,"contract_implements","hit",,182,0,0,0,0,0,,,,,,,,,,,,,,"complete"
metadata_lookup,"contract_implements","miss",,42,0,0,0,0,0,,,,,,,,,,,,,,"complete"
metadata_lookup,"contract_implements","invalid",,0,0,0,0,0,0,,,,,,,,,,,,,,"complete"
metadata_lookup,"contract_implements","degraded",,0,0,0,0,0,0,,,,,,,,,,,,,,"complete"
metadata_visit,"contract_implements","total",,252329,0,0,0,0,0,,,,,,,,,,,,,,"complete"
metadata_visit,"contract_implements","META_FUNC",,23268,0,0,0,0,0,,,,,,,,,,,,,,"complete"
metadata_visit,"contract_implements","META_REG",,102858,0,0,0,0,0,,,,,,,,,,,,,,"complete"
metadata_visit,"contract_implements","META_CONST",,1162,0,0,0,0,0,,,,,,,,,,,,,,"complete"
metadata_visit,"contract_implements","META_CLEAR",,98028,0,0,0,0,0,,,,,,,,,,,,,,"complete"
metadata_visit,"contract_implements","META_CLASS",,3301,0,0,0,0,0,,,,,,,,,,,,,,"complete"
metadata_visit,"contract_implements","META_ATTR",,14537,0,0,0,0,0,,,,,,,,,,,,,,"complete"
metadata_visit,"contract_implements","META_INTERFACE",,1120,0,0,0,0,0,,,,,,,,,,,,,,"complete"
metadata_visit,"contract_implements","META_IMPLEMENTS",,4023,0,0,0,0,0,,,,,,,,,,,,,,"complete"
metadata_visit,"contract_implements","META_MEMBER",,4032,0,0,0,0,0,,,,,,,,,,,,,,"complete"
metadata_visit,"contract_implements","META_INLINE",,0,0,0,0,0,0,,,,,,,,,,,,,,"complete"
metadata_visit,"contract_implements","META_SOURCE_STEP",,0,0,0,0,0,0,,,,,,,,,,,,,,"complete"
metadata_visit,"contract_implements","META_TRACE_EVENT",,0,0,0,0,0,0,,,,,,,,,,,,,,"complete"
metadata_lookup,"callable_signature","query",,0,0,0,0,0,0,,,,,,,,,,,,,,"complete"
metadata_lookup,"callable_signature","hit",,0,0,0,0,0,0,,,,,,,,,,,,,,"complete"
metadata_lookup,"callable_signature","miss",,0,0,0,0,0,0,,,,,,,,,,,,,,"complete"
metadata_lookup,"callable_signature","invalid",,0,0,0,0,0,0,,,,,,,,,,,,,,"complete"
metadata_lookup,"callable_signature","degraded",,0,0,0,0,0,0,,,,,,,,,,,,,,"complete"
metadata_visit,"callable_signature","total",,0,0,0,0,0,0,,,,,,,,,,,,,,"complete"
metadata_visit,"callable_signature","META_FUNC",,0,0,0,0,0,0,,,,,,,,,,,,,,"complete"
metadata_visit,"callable_signature","META_REG",,0,0,0,0,0,0,,,,,,,,,,,,,,"complete"
metadata_visit,"callable_signature","META_CONST",,0,0,0,0,0,0,,,,,,,,,,,,,,"complete"
metadata_visit,"callable_signature","META_CLEAR",,0,0,0,0,0,0,,,,,,,,,,,,,,"complete"
metadata_visit,"callable_signature","META_CLASS",,0,0,0,0,0,0,,,,,,,,,,,,,,"complete"
metadata_visit,"callable_signature","META_ATTR",,0,0,0,0,0,0,,,,,,,,,,,,,,"complete"
metadata_visit,"callable_signature","META_INTERFACE",,0,0,0,0,0,0,,,,,,,,,,,,,,"complete"
metadata_visit,"callable_signature","META_IMPLEMENTS",,0,0,0,0,0,0,,,,,,,,,,,,,,"complete"
metadata_visit,"callable_signature","META_MEMBER",,0,0,0,0,0,0,,,,,,,,,,,,,,"complete"
metadata_visit,"callable_signature","META_INLINE",,0,0,0,0,0,0,,,,,,,,,,,,,,"complete"
metadata_visit,"callable_signature","META_SOURCE_STEP",,0,0,0,0,0,0,,,,,,,,,,,,,,"complete"
metadata_visit,"callable_signature","META_TRACE_EVENT",,0,0,0,0,0,0,,,,,,,,,,,,,,"complete"
metadata_lookup,"interface_method_registry","query",,0,0,0,0,0,0,,,,,,,,,,,,,,"complete"
metadata_lookup,"interface_method_registry","hit",,0,0,0,0,0,0,,,,,,,,,,,,,,"complete"
metadata_lookup,"interface_method_registry","miss",,0,0,0,0,0,0,,,,,,,,,,,,,,"complete"
metadata_lookup,"interface_method_registry","invalid",,0,0,0,0,0,0,,,,,,,,,,,,,,"complete"
metadata_lookup,"interface_method_registry","degraded",,0,0,0,0,0,0,,,,,,,,,,,,,,"complete"
metadata_visit,"interface_method_registry","total",,0,0,0,0,0,0,,,,,,,,,,,,,,"complete"
metadata_visit,"interface_method_registry","META_FUNC",,0,0,0,0,0,0,,,,,,,,,,,,,,"complete"
metadata_visit,"interface_method_registry","META_REG",,0,0,0,0,0,0,,,,,,,,,,,,,,"complete"
metadata_visit,"interface_method_registry","META_CONST",,0,0,0,0,0,0,,,,,,,,,,,,,,"complete"
metadata_visit,"interface_method_registry","META_CLEAR",,0,0,0,0,0,0,,,,,,,,,,,,,,"complete"
metadata_visit,"interface_method_registry","META_CLASS",,0,0,0,0,0,0,,,,,,,,,,,,,,"complete"
metadata_visit,"interface_method_registry","META_ATTR",,0,0,0,0,0,0,,,,,,,,,,,,,,"complete"
metadata_visit,"interface_method_registry","META_INTERFACE",,0,0,0,0,0,0,,,,,,,,,,,,,,"complete"
metadata_visit,"interface_method_registry","META_IMPLEMENTS",,0,0,0,0,0,0,,,,,,,,,,,,,,"complete"
metadata_visit,"interface_method_registry","META_MEMBER",,0,0,0,0,0,0,,,,,,,,,,,,,,"complete"
metadata_visit,"interface_method_registry","META_INLINE",,0,0,0,0,0,0,,,,,,,,,,,,,,"complete"
metadata_visit,"interface_method_registry","META_SOURCE_STEP",,0,0,0,0,0,0,,,,,,,,,,,,,,"complete"
metadata_visit,"interface_method_registry","META_TRACE_EVENT",,0,0,0,0,0,0,,,,,,,,,,,,,,"complete"
metadata_lookup,"interface_factory_registry","query",,0,0,0,0,0,0,,,,,,,,,,,,,,"complete"
metadata_lookup,"interface_factory_registry","hit",,0,0,0,0,0,0,,,,,,,,,,,,,,"complete"
metadata_lookup,"interface_factory_registry","miss",,0,0,0,0,0,0,,,,,,,,,,,,,,"complete"
metadata_lookup,"interface_factory_registry","invalid",,0,0,0,0,0,0,,,,,,,,,,,,,,"complete"
metadata_lookup,"interface_factory_registry","degraded",,0,0,0,0,0,0,,,,,,,,,,,,,,"complete"
metadata_visit,"interface_factory_registry","total",,0,0,0,0,0,0,,,,,,,,,,,,,,"complete"
metadata_visit,"interface_factory_registry","META_FUNC",,0,0,0,0,0,0,,,,,,,,,,,,,,"complete"
metadata_visit,"interface_factory_registry","META_REG",,0,0,0,0,0,0,,,,,,,,,,,,,,"complete"
metadata_visit,"interface_factory_registry","META_CONST",,0,0,0,0,0,0,,,,,,,,,,,,,,"complete"
metadata_visit,"interface_factory_registry","META_CLEAR",,0,0,0,0,0,0,,,,,,,,,,,,,,"complete"
metadata_visit,"interface_factory_registry","META_CLASS",,0,0,0,0,0,0,,,,,,,,,,,,,,"complete"
metadata_visit,"interface_factory_registry","META_ATTR",,0,0,0,0,0,0,,,,,,,,,,,,,,"complete"
metadata_visit,"interface_factory_registry","META_INTERFACE",,0,0,0,0,0,0,,,,,,,,,,,,,,"complete"
metadata_visit,"interface_factory_registry","META_IMPLEMENTS",,0,0,0,0,0,0,,,,,,,,,,,,,,"complete"
metadata_visit,"interface_factory_registry","META_MEMBER",,0,0,0,0,0,0,,,,,,,,,,,,,,"complete"
metadata_visit,"interface_factory_registry","META_INLINE",,0,0,0,0,0,0,,,,,,,,,,,,,,"complete"
metadata_visit,"interface_factory_registry","META_SOURCE_STEP",,0,0,0,0,0,0,,,,,,,,,,,,,,"complete"
metadata_visit,"interface_factory_registry","META_TRACE_EVENT",,0,0,0,0,0,0,,,,,,,,,,,,,,"complete"
metadata_lookup,"rxvml_member","query",,0,0,0,0,0,0,,,,,,,,,,,,,,"complete"
metadata_lookup,"rxvml_member","hit",,0,0,0,0,0,0,,,,,,,,,,,,,,"complete"
metadata_lookup,"rxvml_member","miss",,0,0,0,0,0,0,,,,,,,,,,,,,,"complete"
metadata_lookup,"rxvml_member","invalid",,0,0,0,0,0,0,,,,,,,,,,,,,,"complete"
metadata_lookup,"rxvml_member","degraded",,0,0,0,0,0,0,,,,,,,,,,,,,,"complete"
metadata_visit,"rxvml_member","total",,0,0,0,0,0,0,,,,,,,,,,,,,,"complete"
metadata_visit,"rxvml_member","META_FUNC",,0,0,0,0,0,0,,,,,,,,,,,,,,"complete"
metadata_visit,"rxvml_member","META_REG",,0,0,0,0,0,0,,,,,,,,,,,,,,"complete"
metadata_visit,"rxvml_member","META_CONST",,0,0,0,0,0,0,,,,,,,,,,,,,,"complete"
metadata_visit,"rxvml_member","META_CLEAR",,0,0,0,0,0,0,,,,,,,,,,,,,,"complete"
metadata_visit,"rxvml_member","META_CLASS",,0,0,0,0,0,0,,,,,,,,,,,,,,"complete"
metadata_visit,"rxvml_member","META_ATTR",,0,0,0,0,0,0,,,,,,,,,,,,,,"complete"
metadata_visit,"rxvml_member","META_INTERFACE",,0,0,0,0,0,0,,,,,,,,,,,,,,"complete"
metadata_visit,"rxvml_member","META_IMPLEMENTS",,0,0,0,0,0,0,,,,,,,,,,,,,,"complete"
metadata_visit,"rxvml_member","META_MEMBER",,0,0,0,0,0,0,,,,,,,,,,,,,,"complete"
metadata_visit,"rxvml_member","META_INLINE",,0,0,0,0,0,0,,,,,,,,,,,,,,"complete"
metadata_visit,"rxvml_member","META_SOURCE_STEP",,0,0,0,0,0,0,,,,,,,,,,,,,,"complete"
metadata_visit,"rxvml_member","META_TRACE_EVENT",,0,0,0,0,0,0,,,,,,,,,,,,,,"complete"
metadata_lookup,"rxvml_callable","query",,0,0,0,0,0,0,,,,,,,,,,,,,,"complete"
metadata_lookup,"rxvml_callable","hit",,0,0,0,0,0,0,,,,,,,,,,,,,,"complete"
metadata_lookup,"rxvml_callable","miss",,0,0,0,0,0,0,,,,,,,,,,,,,,"complete"
metadata_lookup,"rxvml_callable","invalid",,0,0,0,0,0,0,,,,,,,,,,,,,,"complete"
metadata_lookup,"rxvml_callable","degraded",,0,0,0,0,0,0,,,,,,,,,,,,,,"complete"
metadata_visit,"rxvml_callable","total",,0,0,0,0,0,0,,,,,,,,,,,,,,"complete"
metadata_visit,"rxvml_callable","META_FUNC",,0,0,0,0,0,0,,,,,,,,,,,,,,"complete"
metadata_visit,"rxvml_callable","META_REG",,0,0,0,0,0,0,,,,,,,,,,,,,,"complete"
metadata_visit,"rxvml_callable","META_CONST",,0,0,0,0,0,0,,,,,,,,,,,,,,"complete"
metadata_visit,"rxvml_callable","META_CLEAR",,0,0,0,0,0,0,,,,,,,,,,,,,,"complete"
metadata_visit,"rxvml_callable","META_CLASS",,0,0,0,0,0,0,,,,,,,,,,,,,,"complete"
metadata_visit,"rxvml_callable","META_ATTR",,0,0,0,0,0,0,,,,,,,,,,,,,,"complete"
metadata_visit,"rxvml_callable","META_INTERFACE",,0,0,0,0,0,0,,,,,,,,,,,,,,"complete"
metadata_visit,"rxvml_callable","META_IMPLEMENTS",,0,0,0,0,0,0,,,,,,,,,,,,,,"complete"
metadata_visit,"rxvml_callable","META_MEMBER",,0,0,0,0,0,0,,,,,,,,,,,,,,"complete"
metadata_visit,"rxvml_callable","META_INLINE",,0,0,0,0,0,0,,,,,,,,,,,,,,"complete"
metadata_visit,"rxvml_callable","META_SOURCE_STEP",,0,0,0,0,0,0,,,,,,,,,,,,,,"complete"
metadata_visit,"rxvml_callable","META_TRACE_EVENT",,0,0,0,0,0,0,,,,,,,,,,,,,,"complete"
metadata_lookup,"rxvml_contract","query",,0,0,0,0,0,0,,,,,,,,,,,,,,"complete"
metadata_lookup,"rxvml_contract","hit",,0,0,0,0,0,0,,,,,,,,,,,,,,"complete"
metadata_lookup,"rxvml_contract","miss",,0,0,0,0,0,0,,,,,,,,,,,,,,"complete"
metadata_lookup,"rxvml_contract","invalid",,0,0,0,0,0,0,,,,,,,,,,,,,,"complete"
metadata_lookup,"rxvml_contract","degraded",,0,0,0,0,0,0,,,,,,,,,,,,,,"complete"
metadata_visit,"rxvml_contract","total",,0,0,0,0,0,0,,,,,,,,,,,,,,"complete"
metadata_visit,"rxvml_contract","META_FUNC",,0,0,0,0,0,0,,,,,,,,,,,,,,"complete"
metadata_visit,"rxvml_contract","META_REG",,0,0,0,0,0,0,,,,,,,,,,,,,,"complete"
metadata_visit,"rxvml_contract","META_CONST",,0,0,0,0,0,0,,,,,,,,,,,,,,"complete"
metadata_visit,"rxvml_contract","META_CLEAR",,0,0,0,0,0,0,,,,,,,,,,,,,,"complete"
metadata_visit,"rxvml_contract","META_CLASS",,0,0,0,0,0,0,,,,,,,,,,,,,,"complete"
metadata_visit,"rxvml_contract","META_ATTR",,0,0,0,0,0,0,,,,,,,,,,,,,,"complete"
metadata_visit,"rxvml_contract","META_INTERFACE",,0,0,0,0,0,0,,,,,,,,,,,,,,"complete"
metadata_visit,"rxvml_contract","META_IMPLEMENTS",,0,0,0,0,0,0,,,,,,,,,,,,,,"complete"
metadata_visit,"rxvml_contract","META_MEMBER",,0,0,0,0,0,0,,,,,,,,,,,,,,"complete"
metadata_visit,"rxvml_contract","META_INLINE",,0,0,0,0,0,0,,,,,,,,,,,,,,"complete"
metadata_visit,"rxvml_contract","META_SOURCE_STEP",,0,0,0,0,0,0,,,,,,,,,,,,,,"complete"
metadata_visit,"rxvml_contract","META_TRACE_EVENT",,0,0,0,0,0,0,,,,,,,,,,,,,,"complete"
metadata_lookup,"rxvml_signature","query",,0,0,0,0,0,0,,,,,,,,,,,,,,"complete"
metadata_lookup,"rxvml_signature","hit",,0,0,0,0,0,0,,,,,,,,,,,,,,"complete"
metadata_lookup,"rxvml_signature","miss",,0,0,0,0,0,0,,,,,,,,,,,,,,"complete"
metadata_lookup,"rxvml_signature","invalid",,0,0,0,0,0,0,,,,,,,,,,,,,,"complete"
metadata_lookup,"rxvml_signature","degraded",,0,0,0,0,0,0,,,,,,,,,,,,,,"complete"
metadata_visit,"rxvml_signature","total",,0,0,0,0,0,0,,,,,,,,,,,,,,"complete"
metadata_visit,"rxvml_signature","META_FUNC",,0,0,0,0,0,0,,,,,,,,,,,,,,"complete"
metadata_visit,"rxvml_signature","META_REG",,0,0,0,0,0,0,,,,,,,,,,,,,,"complete"
metadata_visit,"rxvml_signature","META_CONST",,0,0,0,0,0,0,,,,,,,,,,,,,,"complete"
metadata_visit,"rxvml_signature","META_CLEAR",,0,0,0,0,0,0,,,,,,,,,,,,,,"complete"
metadata_visit,"rxvml_signature","META_CLASS",,0,0,0,0,0,0,,,,,,,,,,,,,,"complete"
metadata_visit,"rxvml_signature","META_ATTR",,0,0,0,0,0,0,,,,,,,,,,,,,,"complete"
metadata_visit,"rxvml_signature","META_INTERFACE",,0,0,0,0,0,0,,,,,,,,,,,,,,"complete"
metadata_visit,"rxvml_signature","META_IMPLEMENTS",,0,0,0,0,0,0,,,,,,,,,,,,,,"complete"
metadata_visit,"rxvml_signature","META_MEMBER",,0,0,0,0,0,0,,,,,,,,,,,,,,"complete"
metadata_visit,"rxvml_signature","META_INLINE",,0,0,0,0,0,0,,,,,,,,,,,,,,"complete"
metadata_visit,"rxvml_signature","META_SOURCE_STEP",,0,0,0,0,0,0,,,,,,,,,,,,,,"complete"
metadata_visit,"rxvml_signature","META_TRACE_EVENT",,0,0,0,0,0,0,,,,,,,,,,,,,,"complete"
metadata_lookup,"rxvml_class_discovery","query",,0,0,0,0,0,0,,,,,,,,,,,,,,"complete"
metadata_lookup,"rxvml_class_discovery","hit",,0,0,0,0,0,0,,,,,,,,,,,,,,"complete"
metadata_lookup,"rxvml_class_discovery","miss",,0,0,0,0,0,0,,,,,,,,,,,,,,"complete"
metadata_lookup,"rxvml_class_discovery","invalid",,0,0,0,0,0,0,,,,,,,,,,,,,,"complete"
metadata_lookup,"rxvml_class_discovery","degraded",,0,0,0,0,0,0,,,,,,,,,,,,,,"complete"
metadata_visit,"rxvml_class_discovery","total",,0,0,0,0,0,0,,,,,,,,,,,,,,"complete"
metadata_visit,"rxvml_class_discovery","META_FUNC",,0,0,0,0,0,0,,,,,,,,,,,,,,"complete"
metadata_visit,"rxvml_class_discovery","META_REG",,0,0,0,0,0,0,,,,,,,,,,,,,,"complete"
metadata_visit,"rxvml_class_discovery","META_CONST",,0,0,0,0,0,0,,,,,,,,,,,,,,"complete"
metadata_visit,"rxvml_class_discovery","META_CLEAR",,0,0,0,0,0,0,,,,,,,,,,,,,,"complete"
metadata_visit,"rxvml_class_discovery","META_CLASS",,0,0,0,0,0,0,,,,,,,,,,,,,,"complete"
metadata_visit,"rxvml_class_discovery","META_ATTR",,0,0,0,0,0,0,,,,,,,,,,,,,,"complete"
metadata_visit,"rxvml_class_discovery","META_INTERFACE",,0,0,0,0,0,0,,,,,,,,,,,,,,"complete"
metadata_visit,"rxvml_class_discovery","META_IMPLEMENTS",,0,0,0,0,0,0,,,,,,,,,,,,,,"complete"
metadata_visit,"rxvml_class_discovery","META_MEMBER",,0,0,0,0,0,0,,,,,,,,,,,,,,"complete"
metadata_visit,"rxvml_class_discovery","META_INLINE",,0,0,0,0,0,0,,,,,,,,,,,,,,"complete"
metadata_visit,"rxvml_class_discovery","META_SOURCE_STEP",,0,0,0,0,0,0,,,,,,,,,,,,,,"complete"
metadata_visit,"rxvml_class_discovery","META_TRACE_EVENT",,0,0,0,0,0,0,,,,,,,,,,,,,,"complete"
metadata_lookup,"source_context","query",,0,0,0,0,0,0,,,,,,,,,,,,,,"complete"
metadata_lookup,"source_context","hit",,0,0,0,0,0,0,,,,,,,,,,,,,,"complete"
metadata_lookup,"source_context","miss",,0,0,0,0,0,0,,,,,,,,,,,,,,"complete"
metadata_lookup,"source_context","invalid",,0,0,0,0,0,0,,,,,,,,,,,,,,"complete"
metadata_lookup,"source_context","degraded",,0,0,0,0,0,0,,,,,,,,,,,,,,"complete"
metadata_visit,"source_context","total",,0,0,0,0,0,0,,,,,,,,,,,,,,"complete"
metadata_visit,"source_context","META_FUNC",,0,0,0,0,0,0,,,,,,,,,,,,,,"complete"
metadata_visit,"source_context","META_REG",,0,0,0,0,0,0,,,,,,,,,,,,,,"complete"
metadata_visit,"source_context","META_CONST",,0,0,0,0,0,0,,,,,,,,,,,,,,"complete"
metadata_visit,"source_context","META_CLEAR",,0,0,0,0,0,0,,,,,,,,,,,,,,"complete"
metadata_visit,"source_context","META_CLASS",,0,0,0,0,0,0,,,,,,,,,,,,,,"complete"
metadata_visit,"source_context","META_ATTR",,0,0,0,0,0,0,,,,,,,,,,,,,,"complete"
metadata_visit,"source_context","META_INTERFACE",,0,0,0,0,0,0,,,,,,,,,,,,,,"complete"
metadata_visit,"source_context","META_IMPLEMENTS",,0,0,0,0,0,0,,,,,,,,,,,,,,"complete"
metadata_visit,"source_context","META_MEMBER",,0,0,0,0,0,0,,,,,,,,,,,,,,"complete"
metadata_visit,"source_context","META_INLINE",,0,0,0,0,0,0,,,,,,,,,,,,,,"complete"
metadata_visit,"source_context","META_SOURCE_STEP",,0,0,0,0,0,0,,,,,,,,,,,,,,"complete"
metadata_visit,"source_context","META_TRACE_EVENT",,0,0,0,0,0,0,,,,,,,,,,,,,,"complete"
metadata_lookup,"metadata_introspection","query",,0,0,0,0,0,0,,,,,,,,,,,,,,"complete"
metadata_lookup,"metadata_introspection","hit",,0,0,0,0,0,0,,,,,,,,,,,,,,"complete"
metadata_lookup,"metadata_introspection","miss",,0,0,0,0,0,0,,,,,,,,,,,,,,"complete"
metadata_lookup,"metadata_introspection","invalid",,0,0,0,0,0,0,,,,,,,,,,,,,,"complete"
metadata_lookup,"metadata_introspection","degraded",,0,0,0,0,0,0,,,,,,,,,,,,,,"complete"
metadata_visit,"metadata_introspection","total",,0,0,0,0,0,0,,,,,,,,,,,,,,"complete"
metadata_visit,"metadata_introspection","META_FUNC",,0,0,0,0,0,0,,,,,,,,,,,,,,"complete"
metadata_visit,"metadata_introspection","META_REG",,0,0,0,0,0,0,,,,,,,,,,,,,,"complete"
metadata_visit,"metadata_introspection","META_CONST",,0,0,0,0,0,0,,,,,,,,,,,,,,"complete"
metadata_visit,"metadata_introspection","META_CLEAR",,0,0,0,0,0,0,,,,,,,,,,,,,,"complete"
metadata_visit,"metadata_introspection","META_CLASS",,0,0,0,0,0,0,,,,,,,,,,,,,,"complete"
metadata_visit,"metadata_introspection","META_ATTR",,0,0,0,0,0,0,,,,,,,,,,,,,,"complete"
metadata_visit,"metadata_introspection","META_INTERFACE",,0,0,0,0,0,0,,,,,,,,,,,,,,"complete"
metadata_visit,"metadata_introspection","META_IMPLEMENTS",,0,0,0,0,0,0,,,,,,,,,,,,,,"complete"
metadata_visit,"metadata_introspection","META_MEMBER",,0,0,0,0,0,0,,,,,,,,,,,,,,"complete"
metadata_visit,"metadata_introspection","META_INLINE",,0,0,0,0,0,0,,,,,,,,,,,,,,"complete"
metadata_visit,"metadata_introspection","META_SOURCE_STEP",,0,0,0,0,0,0,,,,,,,,,,,,,,"complete"
metadata_visit,"metadata_introspection","META_TRACE_EVENT",,0,0,0,0,0,0,,,,,,,,,,,,,,"complete"
metadata_lookup,"profile_catalog","query",,369,0,0,0,0,0,,,,,,,,,,,,,,"complete"
metadata_lookup,"profile_catalog","hit",,203,0,0,0,0,0,,,,,,,,,,,,,,"complete"
metadata_lookup,"profile_catalog","miss",,166,0,0,0,0,0,,,,,,,,,,,,,,"complete"
metadata_lookup,"profile_catalog","invalid",,0,0,0,0,0,0,,,,,,,,,,,,,,"complete"
metadata_lookup,"profile_catalog","degraded",,0,0,0,0,0,0,,,,,,,,,,,,,,"complete"
metadata_visit,"profile_catalog","total",,905095,0,0,0,0,0,,,,,,,,,,,,,,"complete"
metadata_visit,"profile_catalog","META_FUNC",,84316,0,0,0,0,0,,,,,,,,,,,,,,"complete"
metadata_visit,"profile_catalog","META_REG",,395429,0,0,0,0,0,,,,,,,,,,,,,,"complete"
metadata_visit,"profile_catalog","META_CONST",,1940,0,0,0,0,0,,,,,,,,,,,,,,"complete"
metadata_visit,"profile_catalog","META_CLEAR",,377673,0,0,0,0,0,,,,,,,,,,,,,,"complete"
metadata_visit,"profile_catalog","META_CLASS",,5241,0,0,0,0,0,,,,,,,,,,,,,,"complete"
metadata_visit,"profile_catalog","META_ATTR",,27876,0,0,0,0,0,,,,,,,,,,,,,,"complete"
metadata_visit,"profile_catalog","META_INTERFACE",,1602,0,0,0,0,0,,,,,,,,,,,,,,"complete"
metadata_visit,"profile_catalog","META_IMPLEMENTS",,5379,0,0,0,0,0,,,,,,,,,,,,,,"complete"
metadata_visit,"profile_catalog","META_MEMBER",,5639,0,0,0,0,0,,,,,,,,,,,,,,"complete"
metadata_visit,"profile_catalog","META_INLINE",,0,0,0,0,0,0,,,,,,,,,,,,,,"complete"
metadata_visit,"profile_catalog","META_SOURCE_STEP",,0,0,0,0,0,0,,,,,,,,,,,,,,"complete"
metadata_visit,"profile_catalog","META_TRACE_EVENT",,0,0,0,0,0,0,,,,,,,,,,,,,,"complete"
metadata_index_build,"META_FUNC","entries",,372,0,0,0,0,0,,,,,,,,,,,,,,"complete"
metadata_index_build,"META_REG","entries",,1864,0,0,0,0,0,,,,,,,,,,,,,,"complete"
metadata_index_build,"META_CONST","entries",,6,0,0,0,0,0,,,,,,,,,,,,,,"complete"
metadata_index_build,"META_CLEAR","entries",,1801,0,0,0,0,0,,,,,,,,,,,,,,"complete"
metadata_index_build,"META_CLASS","entries",,19,0,0,0,0,0,,,,,,,,,,,,,,"complete"
metadata_index_build,"META_ATTR","entries",,115,0,0,0,0,0,,,,,,,,,,,,,,"complete"
metadata_index_build,"META_INTERFACE","entries",,5,0,0,0,0,0,,,,,,,,,,,,,,"complete"
metadata_index_build,"META_IMPLEMENTS","entries",,20,0,0,0,0,0,,,,,,,,,,,,,,"complete"
metadata_index_build,"META_MEMBER","entries",,18,0,0,0,0,0,,,,,,,,,,,,,,"complete"
metadata_index_build,"META_INLINE","entries",,0,0,0,0,0,0,,,,,,,,,,,,,,"complete"
metadata_index_build,"META_SOURCE_STEP","entries",,0,0,0,0,0,0,,,,,,,,,,,,,,"complete"
metadata_index_build,"META_TRACE_EVENT","entries",,0,0,0,0,0,0,,,,,,,,,,,,,,"complete"
metadata_index_build,"index","modules",,16,0,0,0,0,0,,,,,,,,,,,,,,"complete"
metadata_index_build,"index","offsets",,4220,0,0,0,0,0,,,,,,,,,,,,,,"complete"
metadata_index_build,"index","retained_bytes",,67520,0,0,0,0,0,,,,,,,,,,,,,,"complete"
metadata_index_build,"index","invalid",,0,0,0,0,0,0,,,,,,,,,,,,,,"complete"
metadata_index_build,"index","degraded",,0,0,0,0,0,0,,,,,,,,,,,,,,"complete"
census,"call_path","direct_bytecode",,6255,0,0,0,0,0,,,,,,,,,,,,,,"complete"
census,"call_path","direct_native",,0,0,0,0,0,0,,,,,,,,,,,,,,"complete"
census,"call_path","dynamic_bytecode",,189,0,0,0,0,0,,,,,,,,,,,,,,"complete"
census,"call_path","dynamic_native",,0,0,0,0,0,0,,,,,,,,,,,,,,"complete"
census,"call_path","external_root",,1,0,0,0,0,0,,,,,,,,,,,,,,"complete"
census,"call_path","signal_bytecode",,0,0,0,0,0,0,,,,,,,,,,,,,,"complete"
census,"call_path","signal_native",,0,0,0,0,0,0,,,,,,,,,,,,,,"complete"
census,"arity","1",,1317,0,0,0,0,0,,,,,,,,,,,,,,"complete"
census,"arity","0",,1536,0,0,0,0,0,,,,,,,,,,,,,,"complete"
census,"arity","3",,1899,0,0,0,0,0,,,,,,,,,,,,,,"complete"
census,"arity","2",,935,0,0,0,0,0,,,,,,,,,,,,,,"complete"
census,"arity","4",,672,0,0,0,0,0,,,,,,,,,,,,,,"complete"
census,"arity","5",,86,0,0,0,0,0,,,,,,,,,,,,,,"complete"
census,"callable_kind","procedure",,4990,0,0,0,0,0,,,,,,,,,,,,,,"complete"
census,"callable_kind","method",,1446,0,0,0,0,0,,,,,,,,,,,,,,"complete"
census,"callable_kind","factory",,9,0,0,0,0,0,,,,,,,,,,,,,,"complete"
census,"callable_kind","native",,0,0,0,0,0,0,,,,,,,,,,,,,,"complete"
census,"callable_kind","unknown",,0,0,0,0,0,0,,,,,,,,,,,,,,"complete"
census,"frame_disposition","fresh",,83,0,0,0,0,0,,,,,,,,,,,,,,"complete"
census,"frame_disposition","reused",,6362,0,0,0,0,0,,,,,,,,,,,,,,"complete"
census,"frame_disposition","no_child_native",,0,0,0,0,0,0,,,,,,,,,,,,,,"complete"
census,"frame_disposition","none_failed",,0,0,0,0,0,0,,,,,,,,,,,,,,"complete"
census,"call_outcome","success",,6445,0,0,0,0,0,,,,,,,,,,,,,,"complete"
census,"call_outcome","unresolved",,0,0,0,0,0,0,,,,,,,,,,,,,,"complete"
census,"call_outcome","frame_failed",,0,0,0,0,0,0,,,,,,,,,,,,,,"complete"
census,"call_outcome","invalid",,0,0,0,0,0,0,,,,,,,,,,,,,,"complete"
return,"placement","void",,1971,0,0,0,0,0,,,,,,,,,,,,,,"complete"
return,"placement","ret_reg_move_local",,2851,0,0,0,0,0,,,,,,,,,,,,,,"complete"
return,"placement","ret_reg_copy_nonlocal",,1179,0,0,0,0,0,,,,,,,,,,,,,,"complete"
return,"placement","value_ignored",,0,0,0,0,0,0,,,,,,,,,,,,,,"complete"
return,"placement","immediate",,443,0,0,0,0,0,,,,,,,,,,,,,,"complete"
return,"placement","terminal_external",,1,0,0,0,0,0,,,,,,,,,,,,,,"complete"
dynamic,"srcmethodsel","attempt",,182,0,0,0,0,0,,,,,,,,,,,,,,"complete"
dynamic,"srcmethodsel","success",,182,0,0,0,0,0,,,,,,,,,,,,,,"complete"
dynamic,"srcmethodsel","failure",,0,0,0,0,0,0,,,,,,,,,,,,,,"complete"
dynamic,"srcfprocsel","attempt",,7,0,0,0,0,0,,,,,,,,,,,,,,"complete"
dynamic,"srcfprocsel","success",,7,0,0,0,0,0,,,,,,,,,,,,,,"complete"
dynamic,"srcfprocsel","failure",,0,0,0,0,0,0,,,,,,,,,,,,,,"complete"
mechanics,"call_window","setup_swaps",,5225,0,0,0,0,0,,,,,,,,,,,,,,"complete"
mechanics,"call_window","normal_restoration_swaps",,5225,0,0,0,0,0,,,,,,,,,,,,,,"complete"
mechanics,"call_window","unclassified_swaps",,28,0,0,0,0,0,,,,,,,,,,,,,,"complete"
mechanics,"call_window","defensive_argument_copies",,1,0,0,0,0,0,,,,,,,,,,,,,,"complete"
mechanics,"call_window","unclassified_copies",,6631,0,0,0,0,0,,,,,,,,,,,,,,"complete"
mechanics,"call_window","attribution_degraded",,0,0,0,0,0,0,,,,,,,,,,,,,,"complete"
unwind,"signal","events",,0,0,0,0,0,0,,,,,,,,,,,,,,"complete"
unwind,"signal","bytecode_frames_discarded",,0,0,0,0,0,0,,,,,,,,,,,,,,"complete"
unwind,"signal","argument_windows_restored",,0,0,0,0,0,0,,,,,,,,,,,,,,"complete"
unwind,"signal","argument_slots_restored",,0,0,0,0,0,0,,,,,,,,,,,,,,"complete"
unwind,"signal","interrupted_native_windows_restored",,0,0,0,0,0,0,,,,,,,,,,,,,,"complete"
unwind,"signal","interrupted_native_slots_restored",,0,0,0,0,0,0,,,,,,,,,,,,,,"complete"
unwind,"signal","restoration_failures",,0,0,0,0,0,0,,,,,,,,,,,,,,"complete"
call,"rexxcps_levelb.main","external_root",0,1,0,0,0,0,0,1,,,,"benchmark_rexxcps_levelb_opt","procedure",,,"fresh","success",0,0,0,"complete"
call,"rxfnsb.stem.§factory","direct_bytecode",276,1,0,0,0,0,0,0,,,,"benchmark_rexxcps_levelb_opt","factory",,,"fresh","success",0,0,0,"complete"
call,"rxfnsb.stem.§factory","direct_bytecode",283,1,0,0,0,0,0,0,,,,"benchmark_rexxcps_levelb_opt","factory",,,"reused","success",0,0,0,"complete"
call,"rxfnsb.time","direct_bytecode",321,1,0,0,0,0,0,1,,,,"benchmark_rexxcps_levelb_opt","procedure",,,"fresh","success",0,0,0,"complete"
call,"_rxsysb._elapsed","direct_bytecode",300,2,0,0,0,0,0,1,,,,"time","procedure",,,"fresh","success",2,2,0,"complete"
call,"_rxsysb._elapsed","direct_bytecode",328,6,0,0,0,0,0,1,,,,"time","procedure",,,"reused","success",0,0,0,"complete"
call,"_rxsysb._elapsed","direct_bytecode",338,6,0,0,0,0,0,1,,,,"time","procedure",,,"reused","success",6,6,0,"complete"
call,"rxfnsb.time","direct_bytecode",342,1,0,0,0,0,0,1,,,,"benchmark_rexxcps_levelb_opt","procedure",,,"reused","success",0,0,0,"complete"
call,"_rxsysb._elapsed","direct_bytecode",300,4,0,0,0,0,0,1,,,,"time","procedure",,,"reused","success",4,4,0,"complete"
call,"rxfnsb._trace_mode_from_option","direct_bytecode",401,1,0,0,0,0,0,1,,,,"benchmark_rexxcps_levelb_opt","procedure",,,"fresh","success",0,0,0,"complete"
call,"rxfnsb._trace_normalize_mode","direct_bytecode",18531,2,0,0,0,0,0,1,,,,"trace","procedure",,,"fresh","success",2,2,0,"complete"
call,"rxfnsb.strip","direct_bytecode",16152,1,0,0,0,0,0,3,,,,"trace","procedure",,,"fresh","success",1,1,0,"complete"
call,"rxfnsb.pos","direct_bytecode",16982,2,0,0,0,0,0,3,,,,"trace","procedure",,,"fresh","success",2,2,0,"complete"
call,"rxfnsb._trace_set","direct_bytecode",411,1,0,0,0,0,0,1,,,,"benchmark_rexxcps_levelb_opt","procedure",,,"fresh","success",0,0,0,"complete"
call,"rxfnsb._trace_ensure_runtime","direct_bytecode",12341,1,0,0,0,0,0,0,,,,"trace","procedure",,,"fresh","success",0,0,0,"complete"
call,"rxfnsb.tracecontroller.add_suppressed_namespace","direct_bytecode",15746,1,0,0,0,0,0,2,,,,"trace","method",,,"fresh","success",1,1,1,"complete"
call,"rxfnsb.strip","direct_bytecode",5787,16,0,0,0,0,0,3,,,,"trace","procedure",,,"reused","success",16,16,0,"complete"
call,"rxfnsb.tracecontroller.add_suppressed_namespace","direct_bytecode",15768,1,0,0,0,0,0,2,,,,"trace","method",,,"reused","success",1,1,0,"complete"
call,"rxfnsb.tracecontroller.add_suppressed_namespace","direct_bytecode",15790,1,0,0,0,0,0,2,,,,"trace","method",,,"reused","success",1,1,0,"complete"
call,"rxfnsb.tracecontroller.add_suppressed_namespace","direct_bytecode",15812,1,0,0,0,0,0,2,,,,"trace","method",,,"reused","success",1,1,0,"complete"
call,"rxfnsb.tracecontroller.add_suppressed_namespace","direct_bytecode",15834,1,0,0,0,0,0,2,,,,"trace","method",,,"reused","success",1,1,0,"complete"
call,"rxfnsb.tracecontroller.add_suppressed_namespace","direct_bytecode",15856,1,0,0,0,0,0,2,,,,"trace","method",,,"reused","success",1,1,0,"complete"
call,"rxfnsb.tracecontroller.add_suppressed_namespace","direct_bytecode",15878,1,0,0,0,0,0,2,,,,"trace","method",,,"reused","success",1,1,0,"complete"
call,"rxfnsb.tracecontroller.add_suppressed_namespace","direct_bytecode",15900,1,0,0,0,0,0,2,,,,"trace","method",,,"reused","success",1,1,0,"complete"
call,"rxfnsb.tracecontroller.add_suppressed_namespace","direct_bytecode",15922,1,0,0,0,0,0,2,,,,"trace","method",,,"reused","success",1,1,0,"complete"
call,"rxfnsb.tracecontroller.add_suppressed_namespace","direct_bytecode",15944,1,0,0,0,0,0,2,,,,"trace","method",,,"reused","success",1,1,0,"complete"
call,"rxfnsb.tracecontroller.add_suppressed_namespace","direct_bytecode",15966,1,0,0,0,0,0,2,,,,"trace","method",,,"reused","success",1,1,0,"complete"
call,"rxfnsb.tracecontroller.add_suppressed_namespace","direct_bytecode",15988,1,0,0,0,0,0,2,,,,"trace","method",,,"reused","success",1,1,0,"complete"
call,"rxfnsb.tracecontroller.add_suppressed_namespace","direct_bytecode",16010,1,0,0,0,0,0,2,,,,"trace","method",,,"reused","success",1,1,0,"complete"
call,"rxfnsb.tracecontroller.add_suppressed_namespace","direct_bytecode",16032,1,0,0,0,0,0,2,,,,"trace","method",,,"reused","success",1,1,0,"complete"
call,"rxfnsb.tracecontroller.add_suppressed_namespace","direct_bytecode",16054,1,0,0,0,0,0,2,,,,"trace","method",,,"reused","success",1,1,0,"complete"
call,"rxfnsb.tracecontroller.add_suppressed_namespace","direct_bytecode",16076,1,0,0,0,0,0,2,,,,"trace","method",,,"reused","success",1,1,0,"complete"
call,"rxfnsb._trace_normalize_mode","direct_bytecode",12354,88,0,0,0,0,0,1,,,,"trace","procedure",,,"reused","success",88,88,0,"complete"
call,"rxfnsb.strip","direct_bytecode",16152,3,0,0,0,0,0,3,,,,"trace","procedure",,,"reused","success",3,3,0,"complete"
call,"rxfnsb.pos","direct_bytecode",16982,2,0,0,0,0,0,3,,,,"trace","procedure",,,"reused","success",2,2,0,"complete"
call,"rxfnsb._trace_current_mode","direct_bytecode",418,1,0,0,0,0,0,0,,,,"benchmark_rexxcps_levelb_opt","procedure",,,"fresh","success",0,0,0,"complete"
call,"rxfnsb._trace_ensure_runtime","direct_bytecode",14273,172,0,0,0,0,0,0,,,,"trace","procedure",,,"reused","success",0,0,0,"complete"
call,"rexxcps_levelb.__rxtrace_reset_display_state","direct_bytecode",425,1,0,0,0,0,0,0,,,,"benchmark_rexxcps_levelb_opt","procedure",,,"fresh","success",0,0,0,"complete"
call,"rxfnsb.time","direct_bytecode",478,2,0,0,0,0,0,1,,,,"benchmark_rexxcps_levelb_opt","procedure",,,"reused","success",0,0,0,"complete"
call,"rxfnsb.stem.set","direct_bytecode",707,2,0,0,0,0,0,3,,,,"benchmark_rexxcps_levelb_opt","method",,,"fresh","success",4,4,0,"complete"
call,"rxfnsb.stem.get","direct_bytecode",735,2,0,0,0,0,0,2,,,,"benchmark_rexxcps_levelb_opt","method",,,"fresh","success",2,2,0,"complete"
call,"rxfnsb.stem.get","direct_bytecode",787,168,0,0,0,0,0,2,,,,"benchmark_rexxcps_levelb_opt","method",,,"reused","success",168,168,0,"complete"
call,"rxfnsb.stem.get","direct_bytecode",1206,168,0,0,0,0,0,2,,,,"benchmark_rexxcps_levelb_opt","method",,,"reused","success",168,168,0,"complete"
call,"rxfnsb.stem.set","direct_bytecode",1242,168,0,0,0,0,0,3,,,,"benchmark_rexxcps_levelb_opt","method",,,"reused","success",168,168,0,"complete"
call,"rxfnsb.stem.set","direct_bytecode",1289,84,0,0,0,0,0,3,,,,"benchmark_rexxcps_levelb_opt","method",,,"reused","success",84,84,0,"complete"
call,"rxfnsb.stem.get","direct_bytecode",1327,84,0,0,0,0,0,2,,,,"benchmark_rexxcps_levelb_opt","method",,,"reused","success",84,84,0,"complete"
call,"rxfnsb.stem.get","direct_bytecode",1470,84,0,0,0,0,0,2,,,,"benchmark_rexxcps_levelb_opt","method",,,"reused","success",84,84,0,"complete"
call,"rxfnsb.stem.get","direct_bytecode",1513,84,0,0,0,0,0,2,,,,"benchmark_rexxcps_levelb_opt","method",,,"reused","success",84,84,0,"complete"
call,"rxfnsb.stem.set","direct_bytecode",1549,84,0,0,0,0,0,3,,,,"benchmark_rexxcps_levelb_opt","method",,,"reused","success",84,84,0,"complete"
call,"rxfnsb.parseexec","direct_bytecode",1597,1,0,0,0,0,0,4,,,,"benchmark_rexxcps_levelb_opt","procedure",,,"fresh","success",0,0,0,"complete"
call,"rxfnsb._trace_current_mode","direct_bytecode",1628,83,0,0,0,0,0,0,,,,"benchmark_rexxcps_levelb_opt","procedure",,,"reused","success",0,0,0,"complete"
call,"rxfnsb._trace_mode_from_option","direct_bytecode",1638,83,0,0,0,0,0,1,,,,"benchmark_rexxcps_levelb_opt","procedure",,,"reused","success",0,0,0,"complete"
call,"rxfnsb._trace_normalize_mode","direct_bytecode",18531,84,0,0,0,0,0,1,,,,"trace","procedure",,,"reused","success",84,84,0,"complete"
call,"rxfnsb._trace_set","direct_bytecode",1648,83,0,0,0,0,0,1,,,,"benchmark_rexxcps_levelb_opt","procedure",,,"reused","success",0,0,0,"complete"
call,"rxfnsb._trace_ensure_runtime","direct_bytecode",12341,87,0,0,0,0,0,0,,,,"trace","procedure",,,"reused","success",0,0,0,"complete"
call,"rxfnsb._trace_current_mode","direct_bytecode",1655,84,0,0,0,0,0,0,,,,"benchmark_rexxcps_levelb_opt","procedure",,,"reused","success",0,0,0,"complete"
call,"rexxcps_levelb.__rxtrace_reset_display_state","direct_bytecode",1662,83,0,0,0,0,0,0,,,,"benchmark_rexxcps_levelb_opt","procedure",,,"reused","success",0,0,0,"complete"
call,"_rxsysb.addressenv","direct_bytecode",1715,2,0,0,0,0,0,1,,,,"benchmark_rexxcps_levelb_opt","procedure",,,"fresh","success",0,0,0,"complete"
call,"_rxsysb._address_environment","direct_bytecode",15352,2,0,0,0,0,0,1,,,,"_address","procedure",,,"fresh","success",2,2,0,"complete"
call,"_rxsysb.ensure_address_runtime","direct_bytecode",13823,1,0,0,0,0,0,0,,,,"_address","procedure",,,"fresh","success",0,0,0,"complete"
call,"_rxsysb._ensure_address_environment","direct_bytecode",16944,1,0,0,0,0,0,1,,,,"_address","procedure",,,"fresh","success",0,0,0,"complete"
call,"_rxsysb.ensure_address_runtime","direct_bytecode",15628,6,0,0,0,0,0,0,,,,"_address","procedure",,,"fresh","success",0,0,0,"complete"
call,"rxfnsb.strip","direct_bytecode",15657,174,0,0,0,0,0,3,,,,"_address","procedure",,,"reused","success",174,174,0,"complete"
call,"rxfnsb.strip","direct_bytecode",15734,174,0,0,0,0,0,3,,,,"_address","procedure",,,"reused","success",174,174,0,"complete"
call,"_rxsysb.crexxaddressenvironment.§factory","dynamic_bytecode",15831,1,0,0,0,0,0,1,,,,"_address","factory",,,"fresh","success",0,0,0,"complete"
call,"rxfnsb.strip","direct_bytecode",5805,1,0,0,0,0,0,3,,,,"_address","procedure",,,"fresh","success",1,1,0,"complete"
call,"_rxsysb.crexxaddressenvironment.environment_id","dynamic_bytecode",15884,1,0,0,0,0,0,1,,,,"_address","method",,,"fresh","success",1,1,0,"complete"
call,"_rxsysb.crexxaddressenvironment.bind_environment","dynamic_bytecode",15916,1,0,0,0,0,0,3,,,,"_address","method",,,"fresh","success",3,3,0,"complete"
call,"rxfnsb.strip","direct_bytecode",5879,1,0,0,0,0,0,3,,,,"_address","procedure",,,"reused","success",1,1,0,"complete"
call,"_rxsysb._ensure_address_environment","direct_bytecode",16957,1,0,0,0,0,0,1,,,,"_address","procedure",,,"reused","success",0,0,0,"complete"
call,"_rxsysb.systemaddressenvironment.§factory","dynamic_bytecode",15831,3,0,0,0,0,0,1,,,,"_address","factory",,,"fresh","success",0,0,0,"complete"
call,"rxfnsb.strip","direct_bytecode",6320,3,0,0,0,0,0,3,,,,"_address","procedure",,,"fresh","success",3,3,0,"complete"
call,"_rxsysb.systemaddressenvironment.environment_id","dynamic_bytecode",15884,3,0,0,0,0,0,1,,,,"_address","method",,,"fresh","success",3,3,0,"complete"
call,"_rxsysb.systemaddressenvironment.bind_environment","dynamic_bytecode",15916,3,0,0,0,0,0,3,,,,"_address","method",,,"fresh","success",9,9,0,"complete"
call,"rxfnsb.strip","direct_bytecode",6394,3,0,0,0,0,0,3,,,,"_address","procedure",,,"reused","success",3,3,0,"complete"
call,"_rxsysb._ensure_address_environment","direct_bytecode",16970,1,0,0,0,0,0,1,,,,"_address","procedure",,,"reused","success",0,0,0,"complete"
call,"_rxsysb._ensure_address_environment","direct_bytecode",16983,1,0,0,0,0,0,1,,,,"_address","procedure",,,"reused","success",0,0,0,"complete"
call,"_rxsysb._ensure_address_environment","direct_bytecode",16996,1,0,0,0,0,0,1,,,,"_address","procedure",,,"reused","success",0,0,0,"complete"
call,"_rxsysb.shelladdressenvironment.§factory","dynamic_bytecode",15831,1,0,0,0,0,0,1,,,,"_address","factory",,,"fresh","success",0,0,0,"complete"
call,"rxfnsb.strip","direct_bytecode",6818,1,0,0,0,0,0,3,,,,"_address","procedure",,,"fresh","success",1,1,0,"complete"
call,"_rxsysb.shelladdressenvironment.environment_id","dynamic_bytecode",15884,1,0,0,0,0,0,1,,,,"_address","method",,,"fresh","success",1,1,0,"complete"
call,"_rxsysb.shelladdressenvironment.bind_environment","dynamic_bytecode",15916,1,0,0,0,0,0,3,,,,"_address","method",,,"fresh","success",3,3,0,"complete"
call,"rxfnsb.strip","direct_bytecode",6892,1,0,0,0,0,0,3,,,,"_address","procedure",,,"reused","success",1,1,0,"complete"
call,"_rxsysb._ensure_address_environment","direct_bytecode",17009,1,0,0,0,0,0,1,,,,"_address","procedure",,,"reused","success",0,0,0,"complete"
call,"_rxsysb.pathaddressenvironment.§factory","dynamic_bytecode",15831,1,0,0,0,0,0,1,,,,"_address","factory",,,"fresh","success",0,0,0,"complete"
call,"rxfnsb.strip","direct_bytecode",7316,1,0,0,0,0,0,3,,,,"_address","procedure",,,"fresh","success",1,1,0,"complete"
call,"_rxsysb.pathaddressenvironment.environment_id","dynamic_bytecode",15884,1,0,0,0,0,0,1,,,,"_address","method",,,"fresh","success",1,1,0,"complete"
call,"_rxsysb.pathaddressenvironment.bind_environment","dynamic_bytecode",15916,1,0,0,0,0,0,3,,,,"_address","method",,,"fresh","success",3,3,0,"complete"
call,"rxfnsb.strip","direct_bytecode",7390,1,0,0,0,0,0,3,,,,"_address","procedure",,,"reused","success",1,1,0,"complete"
call,"rxfnsb.strip","direct_bytecode",13847,84,0,0,0,0,0,3,,,,"_address","procedure",,,"reused","success",84,84,0,"complete"
call,"_rxsysb._current_address_environment","direct_bytecode",13876,1,0,0,0,0,0,0,,,,"_address","procedure",,,"fresh","success",0,0,0,"complete"
call,"_rxsysb.ensure_address_runtime","direct_bytecode",16543,167,0,0,0,0,0,0,,,,"_address","procedure",,,"reused","success",0,0,0,"complete"
call,"_rxsysb._ensure_address_environment","direct_bytecode",13889,84,0,0,0,0,0,1,,,,"_address","procedure",,,"reused","success",84,84,0,"complete"
call,"_rxsysb.ensure_address_runtime","direct_bytecode",15628,168,0,0,0,0,0,0,,,,"_address","procedure",,,"reused","success",0,0,0,"complete"
call,"rxfnsb.strip","direct_bytecode",14006,84,0,0,0,0,0,3,,,,"_address","procedure",,,"reused","success",84,84,0,"complete"
call,"_rxsysb.crexxaddressenvironment.environment_name","dynamic_bytecode",1729,1,0,0,0,0,0,1,,,,"benchmark_rexxcps_levelb_opt","method",,,"fresh","success",0,0,0,"complete"
call,"_rxsysb._address","direct_bytecode",1787,1,0,0,0,0,0,5,,,,"benchmark_rexxcps_levelb_opt","procedure",,,"fresh","success",3,3,0,"complete"
call,"_rxsysb.ensure_address_runtime","direct_bytecode",9012,84,0,0,0,0,0,0,,,,"_address","procedure",,,"reused","success",0,0,0,"complete"
call,"rxfnsb.strip","direct_bytecode",9036,84,0,0,0,0,0,3,,,,"_address","procedure",,,"reused","success",84,84,0,"complete"
call,"_rxsysb._set_address_environment","direct_bytecode",9071,1,0,0,0,0,0,1,,,,"_address","procedure",,,"fresh","success",1,1,0,"complete"
call,"_rxsysb.ensure_address_runtime","direct_bytecode",16316,84,0,0,0,0,0,0,,,,"_address","procedure",,,"reused","success",0,0,0,"complete"
call,"rxfnsb.strip","direct_bytecode",16345,84,0,0,0,0,0,3,,,,"_address","procedure",,,"reused","success",84,84,0,"complete"
call,"_rxsysb._ensure_address_environment","direct_bytecode",16406,84,0,0,0,0,0,1,,,,"_address","procedure",,,"reused","success",84,84,0,"complete"
call,"_rxsysb.unknownaddressenvironment.§factory","dynamic_bytecode",15831,1,0,0,0,0,0,1,,,,"_address","factory",,,"fresh","success",0,0,0,"complete"
call,"rxfnsb.strip","direct_bytecode",7760,1,0,0,0,0,0,3,,,,"_address","procedure",,,"fresh","success",1,1,0,"complete"
call,"_rxsysb.unknownaddressenvironment.environment_id","dynamic_bytecode",15884,1,0,0,0,0,0,1,,,,"_address","method",,,"fresh","success",1,1,0,"complete"
call,"_rxsysb.unknownaddressenvironment.bind_environment","dynamic_bytecode",15916,1,0,0,0,0,0,3,,,,"_address","method",,,"fresh","success",3,3,0,"complete"
call,"rxfnsb.strip","direct_bytecode",7834,1,0,0,0,0,0,3,,,,"_address","procedure",,,"reused","success",1,1,0,"complete"
call,"rxfnsb.strip","direct_bytecode",16444,84,0,0,0,0,0,3,,,,"_address","procedure",,,"reused","success",84,84,0,"complete"
call,"_rxsysb._current_address_environment","direct_bytecode",9087,1,0,0,0,0,0,0,,,,"_address","procedure",,,"fresh","success",0,0,0,"complete"
call,"_rxsysb.ensure_address_runtime","direct_bytecode",16543,1,0,0,0,0,0,0,,,,"_address","procedure",,,"fresh","success",0,0,0,"complete"
call,"_rxsysb.dispatch_address_request","direct_bytecode",9470,1,0,0,0,0,0,1,,,,"_address","procedure",,,"fresh","success",1,1,0,"complete"
call,"_rxsysb.ensure_address_runtime","direct_bytecode",17721,84,0,0,0,0,0,0,,,,"_address","procedure",,,"reused","success",0,0,0,"complete"
call,"rxfnsb.strip","direct_bytecode",17759,84,0,0,0,0,0,3,,,,"_address","procedure",,,"reused","success",84,84,0,"complete"
call,"rxfnsb.strip","direct_bytecode",17817,84,0,0,0,0,0,3,,,,"_address","procedure",,,"reused","success",84,84,0,"complete"
call,"rxfnsb._trace_command_before","direct_bytecode",18224,1,0,0,0,0,0,2,,,,"_address","procedure",,,"fresh","success",2,2,0,"complete"
call,"rxfnsb._trace_ensure_runtime","direct_bytecode",19561,1,0,0,0,0,0,0,,,,"trace","procedure",,,"fresh","success",0,0,0,"complete"
call,"_rxsysb.unknownaddressenvironment.execute","dynamic_bytecode",18253,1,0,0,0,0,0,2,,,,"_address","method",,,"fresh","success",2,2,0,"complete"
call,"rxfnsb._trace_command_after","direct_bytecode",18329,1,0,0,0,0,0,4,,,,"_address","procedure",,,"fresh","success",4,4,0,"complete"
call,"rxfnsb._trace_ensure_runtime","direct_bytecode",19798,84,0,0,0,0,0,0,,,,"trace","procedure",,,"reused","success",0,0,0,"complete"
call,"rxfnsb.upper","direct_bytecode",1812,1,0,0,0,0,0,1,,,,"benchmark_rexxcps_levelb_opt","procedure",,,"fresh","success",0,0,0,"complete"
call,"rxfnsb.upper","direct_bytecode",1822,84,0,0,0,0,0,1,,,,"benchmark_rexxcps_levelb_opt","procedure",,,"reused","success",0,0,0,"complete"
call,"rxfnsb.upper","direct_bytecode",1832,84,0,0,0,0,0,1,,,,"benchmark_rexxcps_levelb_opt","procedure",,,"reused","success",0,0,0,"complete"
call,"rxfnsb.upper","direct_bytecode",1842,84,0,0,0,0,0,1,,,,"benchmark_rexxcps_levelb_opt","procedure",,,"reused","success",0,0,0,"complete"
call,"rxfnsb.parseexec","direct_bytecode",1878,1,0,0,0,0,0,4,,,,"benchmark_rexxcps_levelb_opt","procedure",,,"fresh","success",1,1,0,"complete"
call,"rxfnsb.parseexec","direct_bytecode",1980,84,0,0,0,0,0,4,,,,"benchmark_rexxcps_levelb_opt","procedure",,,"reused","success",84,84,0,"complete"
call,"rxfnsb._stream_span","direct_bytecode",5606,1,0,0,0,0,0,3,,,,"parseExec","procedure",,,"fresh","success",2,2,0,"complete"
call,"rxfnsb.parseexec","direct_bytecode",2068,84,0,0,0,0,0,4,,,,"benchmark_rexxcps_levelb_opt","procedure",,,"reused","success",84,84,0,"complete"
call,"rxfnsb._stream_span","direct_bytecode",5606,419,0,0,0,0,0,3,,,,"parseExec","procedure",,,"reused","success",838,838,0,"complete"
call,"rxfnsb.parseexec","direct_bytecode",2146,84,0,0,0,0,0,4,,,,"benchmark_rexxcps_levelb_opt","procedure",,,"reused","success",84,84,0,"complete"
call,"rxfnsb.parseexec","direct_bytecode",2224,84,0,0,0,0,0,4,,,,"benchmark_rexxcps_levelb_opt","procedure",,,"reused","success",84,84,0,"complete"
call,"rxfnsb.parseexec","direct_bytecode",2302,84,0,0,0,0,0,4,,,,"benchmark_rexxcps_levelb_opt","procedure",,,"reused","success",84,84,0,"complete"
call,"rxfnsb.stem.get","direct_bytecode",1381,78,0,0,0,0,0,2,,,,"benchmark_rexxcps_levelb_opt","method",,,"reused","success",78,78,0,"complete"
call,"rxfnsb.stem.set","direct_bytecode",1417,78,0,0,0,0,0,3,,,,"benchmark_rexxcps_levelb_opt","method",,,"reused","success",78,78,0,"complete"
call,"rxfnsb.parseexec","direct_bytecode",1597,83,0,0,0,0,0,4,,,,"benchmark_rexxcps_levelb_opt","procedure",,,"reused","success",0,0,0,"complete"
call,"rxfnsb._trace_current_mode","direct_bytecode",1628,1,0,0,0,0,0,0,,,,"benchmark_rexxcps_levelb_opt","procedure",,,"fresh","success",0,0,0,"complete"
call,"rxfnsb._trace_mode_from_option","direct_bytecode",1638,1,0,0,0,0,0,1,,,,"benchmark_rexxcps_levelb_opt","procedure",,,"fresh","success",0,0,0,"complete"
call,"rxfnsb._trace_set","direct_bytecode",1648,1,0,0,0,0,0,1,,,,"benchmark_rexxcps_levelb_opt","procedure",,,"fresh","success",0,0,0,"complete"
call,"rexxcps_levelb.__rxtrace_reset_display_state","direct_bytecode",1662,1,0,0,0,0,0,0,,,,"benchmark_rexxcps_levelb_opt","procedure",,,"fresh","success",0,0,0,"complete"
call,"_rxsysb.ensure_address_runtime","direct_bytecode",13823,83,0,0,0,0,0,0,,,,"_address","procedure",,,"reused","success",0,0,0,"complete"
call,"_rxsysb._current_address_environment","direct_bytecode",13876,83,0,0,0,0,0,0,,,,"_address","procedure",,,"reused","success",0,0,0,"complete"
call,"_rxsysb.unknownaddressenvironment.environment_name","dynamic_bytecode",1729,1,0,0,0,0,0,1,,,,"benchmark_rexxcps_levelb_opt","method",,,"fresh","success",0,0,0,"complete"
call,"_rxsysb._address","direct_bytecode",1787,83,0,0,0,0,0,5,,,,"benchmark_rexxcps_levelb_opt","procedure",,,"reused","success",249,249,0,"complete"
call,"_rxsysb._set_address_environment","direct_bytecode",9071,83,0,0,0,0,0,1,,,,"_address","procedure",,,"reused","success",83,83,0,"complete"
call,"_rxsysb._current_address_environment","direct_bytecode",9087,83,0,0,0,0,0,0,,,,"_address","procedure",,,"reused","success",0,0,0,"complete"
call,"_rxsysb.dispatch_address_request","direct_bytecode",9470,83,0,0,0,0,0,1,,,,"_address","procedure",,,"reused","success",83,83,0,"complete"
call,"rxfnsb._trace_command_before","direct_bytecode",18224,83,0,0,0,0,0,2,,,,"_address","procedure",,,"reused","success",166,166,0,"complete"
call,"rxfnsb._trace_ensure_runtime","direct_bytecode",19561,83,0,0,0,0,0,0,,,,"trace","procedure",,,"reused","success",0,0,0,"complete"
call,"_rxsysb.unknownaddressenvironment.execute","dynamic_bytecode",18253,83,0,0,0,0,0,2,,,,"_address","method",,,"reused","success",166,166,0,"complete"
call,"rxfnsb._trace_command_after","direct_bytecode",18329,83,0,0,0,0,0,4,,,,"_address","procedure",,,"reused","success",332,332,0,"complete"
call,"rxfnsb.upper","direct_bytecode",1812,83,0,0,0,0,0,1,,,,"benchmark_rexxcps_levelb_opt","procedure",,,"reused","success",0,0,0,"complete"
call,"rxfnsb.parseexec","direct_bytecode",1878,83,0,0,0,0,0,4,,,,"benchmark_rexxcps_levelb_opt","procedure",,,"reused","success",83,83,0,"complete"
call,"rxfnsb.stem.set","direct_bytecode",707,82,0,0,0,0,0,3,,,,"benchmark_rexxcps_levelb_opt","method",,,"reused","success",164,164,0,"complete"
call,"rxfnsb.stem.get","direct_bytecode",735,82,0,0,0,0,0,2,,,,"benchmark_rexxcps_levelb_opt","method",,,"reused","success",82,82,0,"complete"
call,"_rxsysb.addressenv","direct_bytecode",1715,82,0,0,0,0,0,1,,,,"benchmark_rexxcps_levelb_opt","procedure",,,"reused","success",0,0,0,"complete"
call,"_rxsysb._address_environment","direct_bytecode",15352,82,0,0,0,0,0,1,,,,"_address","procedure",,,"reused","success",82,82,0,"complete"
call,"_rxsysb.unknownaddressenvironment.environment_name","dynamic_bytecode",1729,82,0,0,0,0,0,1,,,,"benchmark_rexxcps_levelb_opt","method",,,"reused","success",0,0,0,"complete"
call,"rxfnsb.time","direct_bytecode",2387,1,0,0,0,0,0,1,,,,"benchmark_rexxcps_levelb_opt","procedure",,,"fresh","success",0,0,0,"complete"
call,"rxfnsb._trace_set","direct_bytecode",2410,2,0,0,0,0,0,1,,,,"benchmark_rexxcps_levelb_opt","procedure",,,"reused","success",0,0,0,"complete"
call,"rxfnsb._trace_current_mode","direct_bytecode",2417,2,0,0,0,0,0,0,,,,"benchmark_rexxcps_levelb_opt","procedure",,,"reused","success",0,0,0,"complete"
call,"rexxcps_levelb.__rxtrace_reset_display_state","direct_bytecode",2424,2,0,0,0,0,0,0,,,,"benchmark_rexxcps_levelb_opt","procedure",,,"reused","success",0,0,0,"complete"
call,"rxfnsb.trunc","direct_bytecode",2517,1,0,0,0,0,0,2,,,,"benchmark_rexxcps_levelb_opt","procedure",,,"fresh","success",0,0,0,"complete"
call,"rxfnsb._trace_mode_from_option","direct_bytecode",401,1,0,0,0,0,0,1,,,,"benchmark_rexxcps_levelb_opt","procedure",,,"reused","success",0,0,0,"complete"
call,"rxfnsb._trace_set","direct_bytecode",411,1,0,0,0,0,0,1,,,,"benchmark_rexxcps_levelb_opt","procedure",,,"reused","success",0,0,0,"complete"
call,"rxfnsb._trace_current_mode","direct_bytecode",418,1,0,0,0,0,0,0,,,,"benchmark_rexxcps_levelb_opt","procedure",,,"reused","success",0,0,0,"complete"
call,"rexxcps_levelb.__rxtrace_reset_display_state","direct_bytecode",425,1,0,0,0,0,0,0,,,,"benchmark_rexxcps_levelb_opt","procedure",,,"reused","success",0,0,0,"complete"
call,"rxfnsb.time","direct_bytecode",2387,1,0,0,0,0,0,1,,,,"benchmark_rexxcps_levelb_opt","procedure",,,"reused","success",0,0,0,"complete"
call,"rxfnsb.format","direct_bytecode",2582,1,0,0,0,0,0,5,,,,"benchmark_rexxcps_levelb_opt","procedure",,,"fresh","success",1,1,0,"complete"
call,"rxfnsb.format","direct_bytecode",2830,1,0,0,0,0,0,5,,,,"benchmark_rexxcps_levelb_opt","procedure",,,"reused","success",0,0,0,"complete"
