sample_id,stream,line_number,text
timing-Sieve-sieve-rxvm-warmup-1,stdout,1,benchmark=awfy_sieve repetitions=5500 result=669
timing-Sieve-sieve-rxvm-warmup-1,stdout,2,PASS: AWFY Sieve
timing-Sieve-sieve-rxbvm-warmup-1,stdout,1,benchmark=awfy_sieve repetitions=5500 result=669
timing-Sieve-sieve-rxbvm-warmup-1,stdout,2,PASS: AWFY Sieve
timing-Sieve-sieve-oorexx-warmup-1,stdout,1,benchmark=awfy_sieve repetitions=5500 result=669
timing-Sieve-sieve-oorexx-warmup-1,stdout,2,PASS: AWFY Sieve Classic port
timing-Sieve-sieve-netrexx-warmup-1,stdout,1,benchmark=awfy_sieve repetitions=5500 result=669
timing-Sieve-sieve-netrexx-warmup-1,stdout,2,PASS: AWFY Sieve NetRexx decimal port
timing-Sieve-sieve-rxbvm-warmup-2,stdout,1,benchmark=awfy_sieve repetitions=5500 result=669
timing-Sieve-sieve-rxbvm-warmup-2,stdout,2,PASS: AWFY Sieve
timing-Sieve-sieve-oorexx-warmup-2,stdout,1,benchmark=awfy_sieve repetitions=5500 result=669
timing-Sieve-sieve-oorexx-warmup-2,stdout,2,PASS: AWFY Sieve Classic port
timing-Sieve-sieve-netrexx-warmup-2,stdout,1,benchmark=awfy_sieve repetitions=5500 result=669
timing-Sieve-sieve-netrexx-warmup-2,stdout,2,PASS: AWFY Sieve NetRexx decimal port
timing-Sieve-sieve-rxvm-warmup-2,stdout,1,benchmark=awfy_sieve repetitions=5500 result=669
timing-Sieve-sieve-rxvm-warmup-2,stdout,2,PASS: AWFY Sieve
timing-Sieve-sieve-rxvm-recorded-1,stdout,1,benchmark=awfy_sieve repetitions=5500 result=669
timing-Sieve-sieve-rxvm-recorded-1,stdout,2,PASS: AWFY Sieve
timing-Sieve-sieve-rxbvm-recorded-1,stdout,1,benchmark=awfy_sieve repetitions=5500 result=669
timing-Sieve-sieve-rxbvm-recorded-1,stdout,2,PASS: AWFY Sieve
timing-Sieve-sieve-oorexx-recorded-1,stdout,1,benchmark=awfy_sieve repetitions=5500 result=669
timing-Sieve-sieve-oorexx-recorded-1,stdout,2,PASS: AWFY Sieve Classic port
timing-Sieve-sieve-netrexx-recorded-1,stdout,1,benchmark=awfy_sieve repetitions=5500 result=669
timing-Sieve-sieve-netrexx-recorded-1,stdout,2,PASS: AWFY Sieve NetRexx decimal port
timing-Sieve-sieve-rxbvm-recorded-2,stdout,1,benchmark=awfy_sieve repetitions=5500 result=669
timing-Sieve-sieve-rxbvm-recorded-2,stdout,2,PASS: AWFY Sieve
timing-Sieve-sieve-oorexx-recorded-2,stdout,1,benchmark=awfy_sieve repetitions=5500 result=669
timing-Sieve-sieve-oorexx-recorded-2,stdout,2,PASS: AWFY Sieve Classic port
timing-Sieve-sieve-netrexx-recorded-2,stdout,1,benchmark=awfy_sieve repetitions=5500 result=669
timing-Sieve-sieve-netrexx-recorded-2,stdout,2,PASS: AWFY Sieve NetRexx decimal port
timing-Sieve-sieve-rxvm-recorded-2,stdout,1,benchmark=awfy_sieve repetitions=5500 result=669
timing-Sieve-sieve-rxvm-recorded-2,stdout,2,PASS: AWFY Sieve
timing-Sieve-sieve-oorexx-recorded-3,stdout,1,benchmark=awfy_sieve repetitions=5500 result=669
timing-Sieve-sieve-oorexx-recorded-3,stdout,2,PASS: AWFY Sieve Classic port
timing-Sieve-sieve-netrexx-recorded-3,stdout,1,benchmark=awfy_sieve repetitions=5500 result=669
timing-Sieve-sieve-netrexx-recorded-3,stdout,2,PASS: AWFY Sieve NetRexx decimal port
timing-Sieve-sieve-rxvm-recorded-3,stdout,1,benchmark=awfy_sieve repetitions=5500 result=669
timing-Sieve-sieve-rxvm-recorded-3,stdout,2,PASS: AWFY Sieve
timing-Sieve-sieve-rxbvm-recorded-3,stdout,1,benchmark=awfy_sieve repetitions=5500 result=669
timing-Sieve-sieve-rxbvm-recorded-3,stdout,2,PASS: AWFY Sieve
timing-Sieve-sieve-netrexx-recorded-4,stdout,1,benchmark=awfy_sieve repetitions=5500 result=669
timing-Sieve-sieve-netrexx-recorded-4,stdout,2,PASS: AWFY Sieve NetRexx decimal port
timing-Sieve-sieve-rxvm-recorded-4,stdout,1,benchmark=awfy_sieve repetitions=5500 result=669
timing-Sieve-sieve-rxvm-recorded-4,stdout,2,PASS: AWFY Sieve
timing-Sieve-sieve-rxbvm-recorded-4,stdout,1,benchmark=awfy_sieve repetitions=5500 result=669
timing-Sieve-sieve-rxbvm-recorded-4,stdout,2,PASS: AWFY Sieve
timing-Sieve-sieve-oorexx-recorded-4,stdout,1,benchmark=awfy_sieve repetitions=5500 result=669
timing-Sieve-sieve-oorexx-recorded-4,stdout,2,PASS: AWFY Sieve Classic port
timing-Sieve-sieve-rxvm-recorded-5,stdout,1,benchmark=awfy_sieve repetitions=5500 result=669
timing-Sieve-sieve-rxvm-recorded-5,stdout,2,PASS: AWFY Sieve
timing-Sieve-sieve-rxbvm-recorded-5,stdout,1,benchmark=awfy_sieve repetitions=5500 result=669
timing-Sieve-sieve-rxbvm-recorded-5,stdout,2,PASS: AWFY Sieve
timing-Sieve-sieve-oorexx-recorded-5,stdout,1,benchmark=awfy_sieve repetitions=5500 result=669
timing-Sieve-sieve-oorexx-recorded-5,stdout,2,PASS: AWFY Sieve Classic port
timing-Sieve-sieve-netrexx-recorded-5,stdout,1,benchmark=awfy_sieve repetitions=5500 result=669
timing-Sieve-sieve-netrexx-recorded-5,stdout,2,PASS: AWFY Sieve NetRexx decimal port
timing-Sieve-sieve-rxbvm-recorded-6,stdout,1,benchmark=awfy_sieve repetitions=5500 result=669
timing-Sieve-sieve-rxbvm-recorded-6,stdout,2,PASS: AWFY Sieve
timing-Sieve-sieve-oorexx-recorded-6,stdout,1,benchmark=awfy_sieve repetitions=5500 result=669
timing-Sieve-sieve-oorexx-recorded-6,stdout,2,PASS: AWFY Sieve Classic port
timing-Sieve-sieve-netrexx-recorded-6,stdout,1,benchmark=awfy_sieve repetitions=5500 result=669
timing-Sieve-sieve-netrexx-recorded-6,stdout,2,PASS: AWFY Sieve NetRexx decimal port
timing-Sieve-sieve-rxvm-recorded-6,stdout,1,benchmark=awfy_sieve repetitions=5500 result=669
timing-Sieve-sieve-rxvm-recorded-6,stdout,2,PASS: AWFY Sieve
timing-Sieve-sieve-oorexx-recorded-7,stdout,1,benchmark=awfy_sieve repetitions=5500 result=669
timing-Sieve-sieve-oorexx-recorded-7,stdout,2,PASS: AWFY Sieve Classic port
timing-Sieve-sieve-netrexx-recorded-7,stdout,1,benchmark=awfy_sieve repetitions=5500 result=669
timing-Sieve-sieve-netrexx-recorded-7,stdout,2,PASS: AWFY Sieve NetRexx decimal port
timing-Sieve-sieve-rxvm-recorded-7,stdout,1,benchmark=awfy_sieve repetitions=5500 result=669
timing-Sieve-sieve-rxvm-recorded-7,stdout,2,PASS: AWFY Sieve
timing-Sieve-sieve-rxbvm-recorded-7,stdout,1,benchmark=awfy_sieve repetitions=5500 result=669
timing-Sieve-sieve-rxbvm-recorded-7,stdout,2,PASS: AWFY Sieve
timing-Sieve-sieve-netrexx-recorded-8,stdout,1,benchmark=awfy_sieve repetitions=5500 result=669
timing-Sieve-sieve-netrexx-recorded-8,stdout,2,PASS: AWFY Sieve NetRexx decimal port
timing-Sieve-sieve-rxvm-recorded-8,stdout,1,benchmark=awfy_sieve repetitions=5500 result=669
timing-Sieve-sieve-rxvm-recorded-8,stdout,2,PASS: AWFY Sieve
timing-Sieve-sieve-rxbvm-recorded-8,stdout,1,benchmark=awfy_sieve repetitions=5500 result=669
timing-Sieve-sieve-rxbvm-recorded-8,stdout,2,PASS: AWFY Sieve
timing-Sieve-sieve-oorexx-recorded-8,stdout,1,benchmark=awfy_sieve repetitions=5500 result=669
timing-Sieve-sieve-oorexx-recorded-8,stdout,2,PASS: AWFY Sieve Classic port
timing-Sieve-sieve-rxvm-recorded-9,stdout,1,benchmark=awfy_sieve repetitions=5500 result=669
timing-Sieve-sieve-rxvm-recorded-9,stdout,2,PASS: AWFY Sieve
timing-Sieve-sieve-rxbvm-recorded-9,stdout,1,benchmark=awfy_sieve repetitions=5500 result=669
timing-Sieve-sieve-rxbvm-recorded-9,stdout,2,PASS: AWFY Sieve
timing-Sieve-sieve-oorexx-recorded-9,stdout,1,benchmark=awfy_sieve repetitions=5500 result=669
timing-Sieve-sieve-oorexx-recorded-9,stdout,2,PASS: AWFY Sieve Classic port
timing-Sieve-sieve-netrexx-recorded-9,stdout,1,benchmark=awfy_sieve repetitions=5500 result=669
timing-Sieve-sieve-netrexx-recorded-9,stdout,2,PASS: AWFY Sieve NetRexx decimal port
timing-Sieve-sieve-rxbvm-recorded-10,stdout,1,benchmark=awfy_sieve repetitions=5500 result=669
timing-Sieve-sieve-rxbvm-recorded-10,stdout,2,PASS: AWFY Sieve
timing-Sieve-sieve-oorexx-recorded-10,stdout,1,benchmark=awfy_sieve repetitions=5500 result=669
timing-Sieve-sieve-oorexx-recorded-10,stdout,2,PASS: AWFY Sieve Classic port
timing-Sieve-sieve-netrexx-recorded-10,stdout,1,benchmark=awfy_sieve repetitions=5500 result=669
timing-Sieve-sieve-netrexx-recorded-10,stdout,2,PASS: AWFY Sieve NetRexx decimal port
timing-Sieve-sieve-rxvm-recorded-10,stdout,1,benchmark=awfy_sieve repetitions=5500 result=669
timing-Sieve-sieve-rxvm-recorded-10,stdout,2,PASS: AWFY Sieve
timing-Permute-permute-rxvm-warmup-1,stdout,1,benchmark=awfy_permute repetitions=5000 result=8660
timing-Permute-permute-rxvm-warmup-1,stdout,2,PASS: AWFY Permute
timing-Permute-permute-rxbvm-warmup-1,stdout,1,benchmark=awfy_permute repetitions=5000 result=8660
timing-Permute-permute-rxbvm-warmup-1,stdout,2,PASS: AWFY Permute
timing-Permute-permute-oorexx-warmup-1,stdout,1,benchmark=awfy_permute repetitions=5000 result=8660
timing-Permute-permute-oorexx-warmup-1,stdout,2,PASS: AWFY Permute Classic procedural port
timing-Permute-permute-netrexx-warmup-1,stdout,1,benchmark=awfy_permute repetitions=5000 result=8660
timing-Permute-permute-netrexx-warmup-1,stdout,2,PASS: AWFY Permute NetRexx decimal port
timing-Permute-permute-rxbvm-warmup-2,stdout,1,benchmark=awfy_permute repetitions=5000 result=8660
timing-Permute-permute-rxbvm-warmup-2,stdout,2,PASS: AWFY Permute
timing-Permute-permute-oorexx-warmup-2,stdout,1,benchmark=awfy_permute repetitions=5000 result=8660
timing-Permute-permute-oorexx-warmup-2,stdout,2,PASS: AWFY Permute Classic procedural port
timing-Permute-permute-netrexx-warmup-2,stdout,1,benchmark=awfy_permute repetitions=5000 result=8660
timing-Permute-permute-netrexx-warmup-2,stdout,2,PASS: AWFY Permute NetRexx decimal port
timing-Permute-permute-rxvm-warmup-2,stdout,1,benchmark=awfy_permute repetitions=5000 result=8660
timing-Permute-permute-rxvm-warmup-2,stdout,2,PASS: AWFY Permute
timing-Permute-permute-rxvm-recorded-1,stdout,1,benchmark=awfy_permute repetitions=5000 result=8660
timing-Permute-permute-rxvm-recorded-1,stdout,2,PASS: AWFY Permute
timing-Permute-permute-rxbvm-recorded-1,stdout,1,benchmark=awfy_permute repetitions=5000 result=8660
timing-Permute-permute-rxbvm-recorded-1,stdout,2,PASS: AWFY Permute
timing-Permute-permute-oorexx-recorded-1,stdout,1,benchmark=awfy_permute repetitions=5000 result=8660
timing-Permute-permute-oorexx-recorded-1,stdout,2,PASS: AWFY Permute Classic procedural port
timing-Permute-permute-netrexx-recorded-1,stdout,1,benchmark=awfy_permute repetitions=5000 result=8660
timing-Permute-permute-netrexx-recorded-1,stdout,2,PASS: AWFY Permute NetRexx decimal port
timing-Permute-permute-rxbvm-recorded-2,stdout,1,benchmark=awfy_permute repetitions=5000 result=8660
timing-Permute-permute-rxbvm-recorded-2,stdout,2,PASS: AWFY Permute
timing-Permute-permute-oorexx-recorded-2,stdout,1,benchmark=awfy_permute repetitions=5000 result=8660
timing-Permute-permute-oorexx-recorded-2,stdout,2,PASS: AWFY Permute Classic procedural port
timing-Permute-permute-netrexx-recorded-2,stdout,1,benchmark=awfy_permute repetitions=5000 result=8660
timing-Permute-permute-netrexx-recorded-2,stdout,2,PASS: AWFY Permute NetRexx decimal port
timing-Permute-permute-rxvm-recorded-2,stdout,1,benchmark=awfy_permute repetitions=5000 result=8660
timing-Permute-permute-rxvm-recorded-2,stdout,2,PASS: AWFY Permute
timing-Permute-permute-oorexx-recorded-3,stdout,1,benchmark=awfy_permute repetitions=5000 result=8660
timing-Permute-permute-oorexx-recorded-3,stdout,2,PASS: AWFY Permute Classic procedural port
timing-Permute-permute-netrexx-recorded-3,stdout,1,benchmark=awfy_permute repetitions=5000 result=8660
timing-Permute-permute-netrexx-recorded-3,stdout,2,PASS: AWFY Permute NetRexx decimal port
timing-Permute-permute-rxvm-recorded-3,stdout,1,benchmark=awfy_permute repetitions=5000 result=8660
timing-Permute-permute-rxvm-recorded-3,stdout,2,PASS: AWFY Permute
timing-Permute-permute-rxbvm-recorded-3,stdout,1,benchmark=awfy_permute repetitions=5000 result=8660
timing-Permute-permute-rxbvm-recorded-3,stdout,2,PASS: AWFY Permute
timing-Permute-permute-netrexx-recorded-4,stdout,1,benchmark=awfy_permute repetitions=5000 result=8660
timing-Permute-permute-netrexx-recorded-4,stdout,2,PASS: AWFY Permute NetRexx decimal port
timing-Permute-permute-rxvm-recorded-4,stdout,1,benchmark=awfy_permute repetitions=5000 result=8660
timing-Permute-permute-rxvm-recorded-4,stdout,2,PASS: AWFY Permute
timing-Permute-permute-rxbvm-recorded-4,stdout,1,benchmark=awfy_permute repetitions=5000 result=8660
timing-Permute-permute-rxbvm-recorded-4,stdout,2,PASS: AWFY Permute
timing-Permute-permute-oorexx-recorded-4,stdout,1,benchmark=awfy_permute repetitions=5000 result=8660
timing-Permute-permute-oorexx-recorded-4,stdout,2,PASS: AWFY Permute Classic procedural port
timing-Permute-permute-rxvm-recorded-5,stdout,1,benchmark=awfy_permute repetitions=5000 result=8660
timing-Permute-permute-rxvm-recorded-5,stdout,2,PASS: AWFY Permute
timing-Permute-permute-rxbvm-recorded-5,stdout,1,benchmark=awfy_permute repetitions=5000 result=8660
timing-Permute-permute-rxbvm-recorded-5,stdout,2,PASS: AWFY Permute
timing-Permute-permute-oorexx-recorded-5,stdout,1,benchmark=awfy_permute repetitions=5000 result=8660
timing-Permute-permute-oorexx-recorded-5,stdout,2,PASS: AWFY Permute Classic procedural port
timing-Permute-permute-netrexx-recorded-5,stdout,1,benchmark=awfy_permute repetitions=5000 result=8660
timing-Permute-permute-netrexx-recorded-5,stdout,2,PASS: AWFY Permute NetRexx decimal port
timing-Permute-permute-rxbvm-recorded-6,stdout,1,benchmark=awfy_permute repetitions=5000 result=8660
timing-Permute-permute-rxbvm-recorded-6,stdout,2,PASS: AWFY Permute
timing-Permute-permute-oorexx-recorded-6,stdout,1,benchmark=awfy_permute repetitions=5000 result=8660
timing-Permute-permute-oorexx-recorded-6,stdout,2,PASS: AWFY Permute Classic procedural port
timing-Permute-permute-netrexx-recorded-6,stdout,1,benchmark=awfy_permute repetitions=5000 result=8660
timing-Permute-permute-netrexx-recorded-6,stdout,2,PASS: AWFY Permute NetRexx decimal port
timing-Permute-permute-rxvm-recorded-6,stdout,1,benchmark=awfy_permute repetitions=5000 result=8660
timing-Permute-permute-rxvm-recorded-6,stdout,2,PASS: AWFY Permute
timing-Permute-permute-oorexx-recorded-7,stdout,1,benchmark=awfy_permute repetitions=5000 result=8660
timing-Permute-permute-oorexx-recorded-7,stdout,2,PASS: AWFY Permute Classic procedural port
timing-Permute-permute-netrexx-recorded-7,stdout,1,benchmark=awfy_permute repetitions=5000 result=8660
timing-Permute-permute-netrexx-recorded-7,stdout,2,PASS: AWFY Permute NetRexx decimal port
timing-Permute-permute-rxvm-recorded-7,stdout,1,benchmark=awfy_permute repetitions=5000 result=8660
timing-Permute-permute-rxvm-recorded-7,stdout,2,PASS: AWFY Permute
timing-Permute-permute-rxbvm-recorded-7,stdout,1,benchmark=awfy_permute repetitions=5000 result=8660
timing-Permute-permute-rxbvm-recorded-7,stdout,2,PASS: AWFY Permute
timing-Permute-permute-netrexx-recorded-8,stdout,1,benchmark=awfy_permute repetitions=5000 result=8660
timing-Permute-permute-netrexx-recorded-8,stdout,2,PASS: AWFY Permute NetRexx decimal port
timing-Permute-permute-rxvm-recorded-8,stdout,1,benchmark=awfy_permute repetitions=5000 result=8660
timing-Permute-permute-rxvm-recorded-8,stdout,2,PASS: AWFY Permute
timing-Permute-permute-rxbvm-recorded-8,stdout,1,benchmark=awfy_permute repetitions=5000 result=8660
timing-Permute-permute-rxbvm-recorded-8,stdout,2,PASS: AWFY Permute
timing-Permute-permute-oorexx-recorded-8,stdout,1,benchmark=awfy_permute repetitions=5000 result=8660
timing-Permute-permute-oorexx-recorded-8,stdout,2,PASS: AWFY Permute Classic procedural port
timing-Permute-permute-rxvm-recorded-9,stdout,1,benchmark=awfy_permute repetitions=5000 result=8660
timing-Permute-permute-rxvm-recorded-9,stdout,2,PASS: AWFY Permute
timing-Permute-permute-rxbvm-recorded-9,stdout,1,benchmark=awfy_permute repetitions=5000 result=8660
timing-Permute-permute-rxbvm-recorded-9,stdout,2,PASS: AWFY Permute
timing-Permute-permute-oorexx-recorded-9,stdout,1,benchmark=awfy_permute repetitions=5000 result=8660
timing-Permute-permute-oorexx-recorded-9,stdout,2,PASS: AWFY Permute Classic procedural port
timing-Permute-permute-netrexx-recorded-9,stdout,1,benchmark=awfy_permute repetitions=5000 result=8660
timing-Permute-permute-netrexx-recorded-9,stdout,2,PASS: AWFY Permute NetRexx decimal port
timing-Permute-permute-rxbvm-recorded-10,stdout,1,benchmark=awfy_permute repetitions=5000 result=8660
timing-Permute-permute-rxbvm-recorded-10,stdout,2,PASS: AWFY Permute
timing-Permute-permute-oorexx-recorded-10,stdout,1,benchmark=awfy_permute repetitions=5000 result=8660
timing-Permute-permute-oorexx-recorded-10,stdout,2,PASS: AWFY Permute Classic procedural port
timing-Permute-permute-netrexx-recorded-10,stdout,1,benchmark=awfy_permute repetitions=5000 result=8660
timing-Permute-permute-netrexx-recorded-10,stdout,2,PASS: AWFY Permute NetRexx decimal port
timing-Permute-permute-rxvm-recorded-10,stdout,1,benchmark=awfy_permute repetitions=5000 result=8660
timing-Permute-permute-rxvm-recorded-10,stdout,2,PASS: AWFY Permute
timing-Bounce-bounce-rxvm-warmup-1,stdout,1,benchmark=awfy_bounce repetitions=4200 result=1331
timing-Bounce-bounce-rxvm-warmup-1,stdout,2,PASS: AWFY Bounce
timing-Bounce-bounce-rxbvm-warmup-1,stdout,1,benchmark=awfy_bounce repetitions=4200 result=1331
timing-Bounce-bounce-rxbvm-warmup-1,stdout,2,PASS: AWFY Bounce
timing-Bounce-bounce-oorexx-warmup-1,stdout,1,benchmark=awfy_bounce repetitions=4200 result=1331
timing-Bounce-bounce-oorexx-warmup-1,stdout,2,PASS: AWFY Bounce ooRexx object port
timing-Bounce-bounce-netrexx-warmup-1,stdout,1,benchmark=awfy_bounce repetitions=4200 result=1331
timing-Bounce-bounce-netrexx-warmup-1,stdout,2,PASS: AWFY Bounce NetRexx decimal port
timing-Bounce-bounce-rxbvm-warmup-2,stdout,1,benchmark=awfy_bounce repetitions=4200 result=1331
timing-Bounce-bounce-rxbvm-warmup-2,stdout,2,PASS: AWFY Bounce
timing-Bounce-bounce-oorexx-warmup-2,stdout,1,benchmark=awfy_bounce repetitions=4200 result=1331
timing-Bounce-bounce-oorexx-warmup-2,stdout,2,PASS: AWFY Bounce ooRexx object port
timing-Bounce-bounce-netrexx-warmup-2,stdout,1,benchmark=awfy_bounce repetitions=4200 result=1331
timing-Bounce-bounce-netrexx-warmup-2,stdout,2,PASS: AWFY Bounce NetRexx decimal port
timing-Bounce-bounce-rxvm-warmup-2,stdout,1,benchmark=awfy_bounce repetitions=4200 result=1331
timing-Bounce-bounce-rxvm-warmup-2,stdout,2,PASS: AWFY Bounce
timing-Bounce-bounce-rxvm-recorded-1,stdout,1,benchmark=awfy_bounce repetitions=4200 result=1331
timing-Bounce-bounce-rxvm-recorded-1,stdout,2,PASS: AWFY Bounce
timing-Bounce-bounce-rxbvm-recorded-1,stdout,1,benchmark=awfy_bounce repetitions=4200 result=1331
timing-Bounce-bounce-rxbvm-recorded-1,stdout,2,PASS: AWFY Bounce
timing-Bounce-bounce-oorexx-recorded-1,stdout,1,benchmark=awfy_bounce repetitions=4200 result=1331
timing-Bounce-bounce-oorexx-recorded-1,stdout,2,PASS: AWFY Bounce ooRexx object port
timing-Bounce-bounce-netrexx-recorded-1,stdout,1,benchmark=awfy_bounce repetitions=4200 result=1331
timing-Bounce-bounce-netrexx-recorded-1,stdout,2,PASS: AWFY Bounce NetRexx decimal port
timing-Bounce-bounce-rxbvm-recorded-2,stdout,1,benchmark=awfy_bounce repetitions=4200 result=1331
timing-Bounce-bounce-rxbvm-recorded-2,stdout,2,PASS: AWFY Bounce
timing-Bounce-bounce-oorexx-recorded-2,stdout,1,benchmark=awfy_bounce repetitions=4200 result=1331
timing-Bounce-bounce-oorexx-recorded-2,stdout,2,PASS: AWFY Bounce ooRexx object port
timing-Bounce-bounce-netrexx-recorded-2,stdout,1,benchmark=awfy_bounce repetitions=4200 result=1331
timing-Bounce-bounce-netrexx-recorded-2,stdout,2,PASS: AWFY Bounce NetRexx decimal port
timing-Bounce-bounce-rxvm-recorded-2,stdout,1,benchmark=awfy_bounce repetitions=4200 result=1331
timing-Bounce-bounce-rxvm-recorded-2,stdout,2,PASS: AWFY Bounce
timing-Bounce-bounce-oorexx-recorded-3,stdout,1,benchmark=awfy_bounce repetitions=4200 result=1331
timing-Bounce-bounce-oorexx-recorded-3,stdout,2,PASS: AWFY Bounce ooRexx object port
timing-Bounce-bounce-netrexx-recorded-3,stdout,1,benchmark=awfy_bounce repetitions=4200 result=1331
timing-Bounce-bounce-netrexx-recorded-3,stdout,2,PASS: AWFY Bounce NetRexx decimal port
timing-Bounce-bounce-rxvm-recorded-3,stdout,1,benchmark=awfy_bounce repetitions=4200 result=1331
timing-Bounce-bounce-rxvm-recorded-3,stdout,2,PASS: AWFY Bounce
timing-Bounce-bounce-rxbvm-recorded-3,stdout,1,benchmark=awfy_bounce repetitions=4200 result=1331
timing-Bounce-bounce-rxbvm-recorded-3,stdout,2,PASS: AWFY Bounce
timing-Bounce-bounce-netrexx-recorded-4,stdout,1,benchmark=awfy_bounce repetitions=4200 result=1331
timing-Bounce-bounce-netrexx-recorded-4,stdout,2,PASS: AWFY Bounce NetRexx decimal port
timing-Bounce-bounce-rxvm-recorded-4,stdout,1,benchmark=awfy_bounce repetitions=4200 result=1331
timing-Bounce-bounce-rxvm-recorded-4,stdout,2,PASS: AWFY Bounce
timing-Bounce-bounce-rxbvm-recorded-4,stdout,1,benchmark=awfy_bounce repetitions=4200 result=1331
timing-Bounce-bounce-rxbvm-recorded-4,stdout,2,PASS: AWFY Bounce
timing-Bounce-bounce-oorexx-recorded-4,stdout,1,benchmark=awfy_bounce repetitions=4200 result=1331
timing-Bounce-bounce-oorexx-recorded-4,stdout,2,PASS: AWFY Bounce ooRexx object port
timing-Bounce-bounce-rxvm-recorded-5,stdout,1,benchmark=awfy_bounce repetitions=4200 result=1331
timing-Bounce-bounce-rxvm-recorded-5,stdout,2,PASS: AWFY Bounce
timing-Bounce-bounce-rxbvm-recorded-5,stdout,1,benchmark=awfy_bounce repetitions=4200 result=1331
timing-Bounce-bounce-rxbvm-recorded-5,stdout,2,PASS: AWFY Bounce
timing-Bounce-bounce-oorexx-recorded-5,stdout,1,benchmark=awfy_bounce repetitions=4200 result=1331
timing-Bounce-bounce-oorexx-recorded-5,stdout,2,PASS: AWFY Bounce ooRexx object port
timing-Bounce-bounce-netrexx-recorded-5,stdout,1,benchmark=awfy_bounce repetitions=4200 result=1331
timing-Bounce-bounce-netrexx-recorded-5,stdout,2,PASS: AWFY Bounce NetRexx decimal port
timing-Bounce-bounce-rxbvm-recorded-6,stdout,1,benchmark=awfy_bounce repetitions=4200 result=1331
timing-Bounce-bounce-rxbvm-recorded-6,stdout,2,PASS: AWFY Bounce
timing-Bounce-bounce-oorexx-recorded-6,stdout,1,benchmark=awfy_bounce repetitions=4200 result=1331
timing-Bounce-bounce-oorexx-recorded-6,stdout,2,PASS: AWFY Bounce ooRexx object port
timing-Bounce-bounce-netrexx-recorded-6,stdout,1,benchmark=awfy_bounce repetitions=4200 result=1331
timing-Bounce-bounce-netrexx-recorded-6,stdout,2,PASS: AWFY Bounce NetRexx decimal port
timing-Bounce-bounce-rxvm-recorded-6,stdout,1,benchmark=awfy_bounce repetitions=4200 result=1331
timing-Bounce-bounce-rxvm-recorded-6,stdout,2,PASS: AWFY Bounce
timing-Bounce-bounce-oorexx-recorded-7,stdout,1,benchmark=awfy_bounce repetitions=4200 result=1331
timing-Bounce-bounce-oorexx-recorded-7,stdout,2,PASS: AWFY Bounce ooRexx object port
timing-Bounce-bounce-netrexx-recorded-7,stdout,1,benchmark=awfy_bounce repetitions=4200 result=1331
timing-Bounce-bounce-netrexx-recorded-7,stdout,2,PASS: AWFY Bounce NetRexx decimal port
timing-Bounce-bounce-rxvm-recorded-7,stdout,1,benchmark=awfy_bounce repetitions=4200 result=1331
timing-Bounce-bounce-rxvm-recorded-7,stdout,2,PASS: AWFY Bounce
timing-Bounce-bounce-rxbvm-recorded-7,stdout,1,benchmark=awfy_bounce repetitions=4200 result=1331
timing-Bounce-bounce-rxbvm-recorded-7,stdout,2,PASS: AWFY Bounce
timing-Bounce-bounce-netrexx-recorded-8,stdout,1,benchmark=awfy_bounce repetitions=4200 result=1331
timing-Bounce-bounce-netrexx-recorded-8,stdout,2,PASS: AWFY Bounce NetRexx decimal port
timing-Bounce-bounce-rxvm-recorded-8,stdout,1,benchmark=awfy_bounce repetitions=4200 result=1331
timing-Bounce-bounce-rxvm-recorded-8,stdout,2,PASS: AWFY Bounce
timing-Bounce-bounce-rxbvm-recorded-8,stdout,1,benchmark=awfy_bounce repetitions=4200 result=1331
timing-Bounce-bounce-rxbvm-recorded-8,stdout,2,PASS: AWFY Bounce
timing-Bounce-bounce-oorexx-recorded-8,stdout,1,benchmark=awfy_bounce repetitions=4200 result=1331
timing-Bounce-bounce-oorexx-recorded-8,stdout,2,PASS: AWFY Bounce ooRexx object port
timing-Bounce-bounce-rxvm-recorded-9,stdout,1,benchmark=awfy_bounce repetitions=4200 result=1331
timing-Bounce-bounce-rxvm-recorded-9,stdout,2,PASS: AWFY Bounce
timing-Bounce-bounce-rxbvm-recorded-9,stdout,1,benchmark=awfy_bounce repetitions=4200 result=1331
timing-Bounce-bounce-rxbvm-recorded-9,stdout,2,PASS: AWFY Bounce
timing-Bounce-bounce-oorexx-recorded-9,stdout,1,benchmark=awfy_bounce repetitions=4200 result=1331
timing-Bounce-bounce-oorexx-recorded-9,stdout,2,PASS: AWFY Bounce ooRexx object port
timing-Bounce-bounce-netrexx-recorded-9,stdout,1,benchmark=awfy_bounce repetitions=4200 result=1331
timing-Bounce-bounce-netrexx-recorded-9,stdout,2,PASS: AWFY Bounce NetRexx decimal port
timing-Bounce-bounce-rxbvm-recorded-10,stdout,1,benchmark=awfy_bounce repetitions=4200 result=1331
timing-Bounce-bounce-rxbvm-recorded-10,stdout,2,PASS: AWFY Bounce
timing-Bounce-bounce-oorexx-recorded-10,stdout,1,benchmark=awfy_bounce repetitions=4200 result=1331
timing-Bounce-bounce-oorexx-recorded-10,stdout,2,PASS: AWFY Bounce ooRexx object port
timing-Bounce-bounce-netrexx-recorded-10,stdout,1,benchmark=awfy_bounce repetitions=4200 result=1331
timing-Bounce-bounce-netrexx-recorded-10,stdout,2,PASS: AWFY Bounce NetRexx decimal port
timing-Bounce-bounce-rxvm-recorded-10,stdout,1,benchmark=awfy_bounce repetitions=4200 result=1331
timing-Bounce-bounce-rxvm-recorded-10,stdout,2,PASS: AWFY Bounce
timing-Richards-richards-rxvm-warmup-1,stdout,1,benchmark=awfy_richards repetitions=20 queue_packets=23246 holds=9297
timing-Richards-richards-rxvm-warmup-1,stdout,2,PASS: AWFY Richards
timing-Richards-richards-rxbvm-warmup-1,stdout,1,benchmark=awfy_richards repetitions=20 queue_packets=23246 holds=9297
timing-Richards-richards-rxbvm-warmup-1,stdout,2,PASS: AWFY Richards
timing-Richards-richards-oorexx-warmup-1,stdout,1,benchmark=awfy_richards repetitions=20 queue_packets=23246 holds=9297
timing-Richards-richards-oorexx-warmup-1,stdout,2,PASS: AWFY Richards ooRexx port
timing-Richards-richards-netrexx-warmup-1,stdout,1,benchmark=awfy_richards repetitions=20 queue_packets=23246 holds=9297
timing-Richards-richards-netrexx-warmup-1,stdout,2,PASS: AWFY Richards NetRexx decimal port
timing-Richards-richards-rxbvm-warmup-2,stdout,1,benchmark=awfy_richards repetitions=20 queue_packets=23246 holds=9297
timing-Richards-richards-rxbvm-warmup-2,stdout,2,PASS: AWFY Richards
timing-Richards-richards-oorexx-warmup-2,stdout,1,benchmark=awfy_richards repetitions=20 queue_packets=23246 holds=9297
timing-Richards-richards-oorexx-warmup-2,stdout,2,PASS: AWFY Richards ooRexx port
timing-Richards-richards-netrexx-warmup-2,stdout,1,benchmark=awfy_richards repetitions=20 queue_packets=23246 holds=9297
timing-Richards-richards-netrexx-warmup-2,stdout,2,PASS: AWFY Richards NetRexx decimal port
timing-Richards-richards-rxvm-warmup-2,stdout,1,benchmark=awfy_richards repetitions=20 queue_packets=23246 holds=9297
timing-Richards-richards-rxvm-warmup-2,stdout,2,PASS: AWFY Richards
timing-Richards-richards-rxvm-recorded-1,stdout,1,benchmark=awfy_richards repetitions=20 queue_packets=23246 holds=9297
timing-Richards-richards-rxvm-recorded-1,stdout,2,PASS: AWFY Richards
timing-Richards-richards-rxbvm-recorded-1,stdout,1,benchmark=awfy_richards repetitions=20 queue_packets=23246 holds=9297
timing-Richards-richards-rxbvm-recorded-1,stdout,2,PASS: AWFY Richards
timing-Richards-richards-oorexx-recorded-1,stdout,1,benchmark=awfy_richards repetitions=20 queue_packets=23246 holds=9297
timing-Richards-richards-oorexx-recorded-1,stdout,2,PASS: AWFY Richards ooRexx port
timing-Richards-richards-netrexx-recorded-1,stdout,1,benchmark=awfy_richards repetitions=20 queue_packets=23246 holds=9297
timing-Richards-richards-netrexx-recorded-1,stdout,2,PASS: AWFY Richards NetRexx decimal port
timing-Richards-richards-rxbvm-recorded-2,stdout,1,benchmark=awfy_richards repetitions=20 queue_packets=23246 holds=9297
timing-Richards-richards-rxbvm-recorded-2,stdout,2,PASS: AWFY Richards
timing-Richards-richards-oorexx-recorded-2,stdout,1,benchmark=awfy_richards repetitions=20 queue_packets=23246 holds=9297
timing-Richards-richards-oorexx-recorded-2,stdout,2,PASS: AWFY Richards ooRexx port
timing-Richards-richards-netrexx-recorded-2,stdout,1,benchmark=awfy_richards repetitions=20 queue_packets=23246 holds=9297
timing-Richards-richards-netrexx-recorded-2,stdout,2,PASS: AWFY Richards NetRexx decimal port
timing-Richards-richards-rxvm-recorded-2,stdout,1,benchmark=awfy_richards repetitions=20 queue_packets=23246 holds=9297
timing-Richards-richards-rxvm-recorded-2,stdout,2,PASS: AWFY Richards
timing-Richards-richards-oorexx-recorded-3,stdout,1,benchmark=awfy_richards repetitions=20 queue_packets=23246 holds=9297
timing-Richards-richards-oorexx-recorded-3,stdout,2,PASS: AWFY Richards ooRexx port
timing-Richards-richards-netrexx-recorded-3,stdout,1,benchmark=awfy_richards repetitions=20 queue_packets=23246 holds=9297
timing-Richards-richards-netrexx-recorded-3,stdout,2,PASS: AWFY Richards NetRexx decimal port
timing-Richards-richards-rxvm-recorded-3,stdout,1,benchmark=awfy_richards repetitions=20 queue_packets=23246 holds=9297
timing-Richards-richards-rxvm-recorded-3,stdout,2,PASS: AWFY Richards
timing-Richards-richards-rxbvm-recorded-3,stdout,1,benchmark=awfy_richards repetitions=20 queue_packets=23246 holds=9297
timing-Richards-richards-rxbvm-recorded-3,stdout,2,PASS: AWFY Richards
timing-Richards-richards-netrexx-recorded-4,stdout,1,benchmark=awfy_richards repetitions=20 queue_packets=23246 holds=9297
timing-Richards-richards-netrexx-recorded-4,stdout,2,PASS: AWFY Richards NetRexx decimal port
timing-Richards-richards-rxvm-recorded-4,stdout,1,benchmark=awfy_richards repetitions=20 queue_packets=23246 holds=9297
timing-Richards-richards-rxvm-recorded-4,stdout,2,PASS: AWFY Richards
timing-Richards-richards-rxbvm-recorded-4,stdout,1,benchmark=awfy_richards repetitions=20 queue_packets=23246 holds=9297
timing-Richards-richards-rxbvm-recorded-4,stdout,2,PASS: AWFY Richards
timing-Richards-richards-oorexx-recorded-4,stdout,1,benchmark=awfy_richards repetitions=20 queue_packets=23246 holds=9297
timing-Richards-richards-oorexx-recorded-4,stdout,2,PASS: AWFY Richards ooRexx port
timing-Richards-richards-rxvm-recorded-5,stdout,1,benchmark=awfy_richards repetitions=20 queue_packets=23246 holds=9297
timing-Richards-richards-rxvm-recorded-5,stdout,2,PASS: AWFY Richards
timing-Richards-richards-rxbvm-recorded-5,stdout,1,benchmark=awfy_richards repetitions=20 queue_packets=23246 holds=9297
timing-Richards-richards-rxbvm-recorded-5,stdout,2,PASS: AWFY Richards
timing-Richards-richards-oorexx-recorded-5,stdout,1,benchmark=awfy_richards repetitions=20 queue_packets=23246 holds=9297
timing-Richards-richards-oorexx-recorded-5,stdout,2,PASS: AWFY Richards ooRexx port
timing-Richards-richards-netrexx-recorded-5,stdout,1,benchmark=awfy_richards repetitions=20 queue_packets=23246 holds=9297
timing-Richards-richards-netrexx-recorded-5,stdout,2,PASS: AWFY Richards NetRexx decimal port
timing-Richards-richards-rxbvm-recorded-6,stdout,1,benchmark=awfy_richards repetitions=20 queue_packets=23246 holds=9297
timing-Richards-richards-rxbvm-recorded-6,stdout,2,PASS: AWFY Richards
timing-Richards-richards-oorexx-recorded-6,stdout,1,benchmark=awfy_richards repetitions=20 queue_packets=23246 holds=9297
timing-Richards-richards-oorexx-recorded-6,stdout,2,PASS: AWFY Richards ooRexx port
timing-Richards-richards-netrexx-recorded-6,stdout,1,benchmark=awfy_richards repetitions=20 queue_packets=23246 holds=9297
timing-Richards-richards-netrexx-recorded-6,stdout,2,PASS: AWFY Richards NetRexx decimal port
timing-Richards-richards-rxvm-recorded-6,stdout,1,benchmark=awfy_richards repetitions=20 queue_packets=23246 holds=9297
timing-Richards-richards-rxvm-recorded-6,stdout,2,PASS: AWFY Richards
timing-Richards-richards-oorexx-recorded-7,stdout,1,benchmark=awfy_richards repetitions=20 queue_packets=23246 holds=9297
timing-Richards-richards-oorexx-recorded-7,stdout,2,PASS: AWFY Richards ooRexx port
timing-Richards-richards-netrexx-recorded-7,stdout,1,benchmark=awfy_richards repetitions=20 queue_packets=23246 holds=9297
timing-Richards-richards-netrexx-recorded-7,stdout,2,PASS: AWFY Richards NetRexx decimal port
timing-Richards-richards-rxvm-recorded-7,stdout,1,benchmark=awfy_richards repetitions=20 queue_packets=23246 holds=9297
timing-Richards-richards-rxvm-recorded-7,stdout,2,PASS: AWFY Richards
timing-Richards-richards-rxbvm-recorded-7,stdout,1,benchmark=awfy_richards repetitions=20 queue_packets=23246 holds=9297
timing-Richards-richards-rxbvm-recorded-7,stdout,2,PASS: AWFY Richards
timing-Richards-richards-netrexx-recorded-8,stdout,1,benchmark=awfy_richards repetitions=20 queue_packets=23246 holds=9297
timing-Richards-richards-netrexx-recorded-8,stdout,2,PASS: AWFY Richards NetRexx decimal port
timing-Richards-richards-rxvm-recorded-8,stdout,1,benchmark=awfy_richards repetitions=20 queue_packets=23246 holds=9297
timing-Richards-richards-rxvm-recorded-8,stdout,2,PASS: AWFY Richards
timing-Richards-richards-rxbvm-recorded-8,stdout,1,benchmark=awfy_richards repetitions=20 queue_packets=23246 holds=9297
timing-Richards-richards-rxbvm-recorded-8,stdout,2,PASS: AWFY Richards
timing-Richards-richards-oorexx-recorded-8,stdout,1,benchmark=awfy_richards repetitions=20 queue_packets=23246 holds=9297
timing-Richards-richards-oorexx-recorded-8,stdout,2,PASS: AWFY Richards ooRexx port
timing-Richards-richards-rxvm-recorded-9,stdout,1,benchmark=awfy_richards repetitions=20 queue_packets=23246 holds=9297
timing-Richards-richards-rxvm-recorded-9,stdout,2,PASS: AWFY Richards
timing-Richards-richards-rxbvm-recorded-9,stdout,1,benchmark=awfy_richards repetitions=20 queue_packets=23246 holds=9297
timing-Richards-richards-rxbvm-recorded-9,stdout,2,PASS: AWFY Richards
timing-Richards-richards-oorexx-recorded-9,stdout,1,benchmark=awfy_richards repetitions=20 queue_packets=23246 holds=9297
timing-Richards-richards-oorexx-recorded-9,stdout,2,PASS: AWFY Richards ooRexx port
timing-Richards-richards-netrexx-recorded-9,stdout,1,benchmark=awfy_richards repetitions=20 queue_packets=23246 holds=9297
timing-Richards-richards-netrexx-recorded-9,stdout,2,PASS: AWFY Richards NetRexx decimal port
timing-Richards-richards-rxbvm-recorded-10,stdout,1,benchmark=awfy_richards repetitions=20 queue_packets=23246 holds=9297
timing-Richards-richards-rxbvm-recorded-10,stdout,2,PASS: AWFY Richards
timing-Richards-richards-oorexx-recorded-10,stdout,1,benchmark=awfy_richards repetitions=20 queue_packets=23246 holds=9297
timing-Richards-richards-oorexx-recorded-10,stdout,2,PASS: AWFY Richards ooRexx port
timing-Richards-richards-netrexx-recorded-10,stdout,1,benchmark=awfy_richards repetitions=20 queue_packets=23246 holds=9297
timing-Richards-richards-netrexx-recorded-10,stdout,2,PASS: AWFY Richards NetRexx decimal port
timing-Richards-richards-rxvm-recorded-10,stdout,1,benchmark=awfy_richards repetitions=20 queue_packets=23246 holds=9297
timing-Richards-richards-rxvm-recorded-10,stdout,2,PASS: AWFY Richards
timing-Base64-base64-rxvm-warmup-1,stdout,1,benchmark=base64_roundtrip repetitions=2500 encoded_length=1368 checksum=130560
timing-Base64-base64-rxvm-warmup-1,stdout,2,PASS: Base64 Roundtrip
timing-Base64-base64-rxbvm-warmup-1,stdout,1,benchmark=base64_roundtrip repetitions=2500 encoded_length=1368 checksum=130560
timing-Base64-base64-rxbvm-warmup-1,stdout,2,PASS: Base64 Roundtrip
timing-Base64-base64-oorexx-warmup-1,stdout,1,benchmark=base64_roundtrip repetitions=2500 encoded_length=1368 checksum=130560
timing-Base64-base64-oorexx-warmup-1,stdout,2,PASS: Base64 Roundtrip ooRexx port
timing-Base64-base64-netrexx-warmup-1,stdout,1,benchmark=base64_roundtrip repetitions=2500 encoded_length=1368 checksum=130560
timing-Base64-base64-netrexx-warmup-1,stdout,2,PASS: Base64 Roundtrip NetRexx decimal port
timing-Base64-base64-rxbvm-warmup-2,stdout,1,benchmark=base64_roundtrip repetitions=2500 encoded_length=1368 checksum=130560
timing-Base64-base64-rxbvm-warmup-2,stdout,2,PASS: Base64 Roundtrip
timing-Base64-base64-oorexx-warmup-2,stdout,1,benchmark=base64_roundtrip repetitions=2500 encoded_length=1368 checksum=130560
timing-Base64-base64-oorexx-warmup-2,stdout,2,PASS: Base64 Roundtrip ooRexx port
timing-Base64-base64-netrexx-warmup-2,stdout,1,benchmark=base64_roundtrip repetitions=2500 encoded_length=1368 checksum=130560
timing-Base64-base64-netrexx-warmup-2,stdout,2,PASS: Base64 Roundtrip NetRexx decimal port
timing-Base64-base64-rxvm-warmup-2,stdout,1,benchmark=base64_roundtrip repetitions=2500 encoded_length=1368 checksum=130560
timing-Base64-base64-rxvm-warmup-2,stdout,2,PASS: Base64 Roundtrip
timing-Base64-base64-rxvm-recorded-1,stdout,1,benchmark=base64_roundtrip repetitions=2500 encoded_length=1368 checksum=130560
timing-Base64-base64-rxvm-recorded-1,stdout,2,PASS: Base64 Roundtrip
timing-Base64-base64-rxbvm-recorded-1,stdout,1,benchmark=base64_roundtrip repetitions=2500 encoded_length=1368 checksum=130560
timing-Base64-base64-rxbvm-recorded-1,stdout,2,PASS: Base64 Roundtrip
timing-Base64-base64-oorexx-recorded-1,stdout,1,benchmark=base64_roundtrip repetitions=2500 encoded_length=1368 checksum=130560
timing-Base64-base64-oorexx-recorded-1,stdout,2,PASS: Base64 Roundtrip ooRexx port
timing-Base64-base64-netrexx-recorded-1,stdout,1,benchmark=base64_roundtrip repetitions=2500 encoded_length=1368 checksum=130560
timing-Base64-base64-netrexx-recorded-1,stdout,2,PASS: Base64 Roundtrip NetRexx decimal port
timing-Base64-base64-rxbvm-recorded-2,stdout,1,benchmark=base64_roundtrip repetitions=2500 encoded_length=1368 checksum=130560
timing-Base64-base64-rxbvm-recorded-2,stdout,2,PASS: Base64 Roundtrip
timing-Base64-base64-oorexx-recorded-2,stdout,1,benchmark=base64_roundtrip repetitions=2500 encoded_length=1368 checksum=130560
timing-Base64-base64-oorexx-recorded-2,stdout,2,PASS: Base64 Roundtrip ooRexx port
timing-Base64-base64-netrexx-recorded-2,stdout,1,benchmark=base64_roundtrip repetitions=2500 encoded_length=1368 checksum=130560
timing-Base64-base64-netrexx-recorded-2,stdout,2,PASS: Base64 Roundtrip NetRexx decimal port
timing-Base64-base64-rxvm-recorded-2,stdout,1,benchmark=base64_roundtrip repetitions=2500 encoded_length=1368 checksum=130560
timing-Base64-base64-rxvm-recorded-2,stdout,2,PASS: Base64 Roundtrip
timing-Base64-base64-oorexx-recorded-3,stdout,1,benchmark=base64_roundtrip repetitions=2500 encoded_length=1368 checksum=130560
timing-Base64-base64-oorexx-recorded-3,stdout,2,PASS: Base64 Roundtrip ooRexx port
timing-Base64-base64-netrexx-recorded-3,stdout,1,benchmark=base64_roundtrip repetitions=2500 encoded_length=1368 checksum=130560
timing-Base64-base64-netrexx-recorded-3,stdout,2,PASS: Base64 Roundtrip NetRexx decimal port
timing-Base64-base64-rxvm-recorded-3,stdout,1,benchmark=base64_roundtrip repetitions=2500 encoded_length=1368 checksum=130560
timing-Base64-base64-rxvm-recorded-3,stdout,2,PASS: Base64 Roundtrip
timing-Base64-base64-rxbvm-recorded-3,stdout,1,benchmark=base64_roundtrip repetitions=2500 encoded_length=1368 checksum=130560
timing-Base64-base64-rxbvm-recorded-3,stdout,2,PASS: Base64 Roundtrip
timing-Base64-base64-netrexx-recorded-4,stdout,1,benchmark=base64_roundtrip repetitions=2500 encoded_length=1368 checksum=130560
timing-Base64-base64-netrexx-recorded-4,stdout,2,PASS: Base64 Roundtrip NetRexx decimal port
timing-Base64-base64-rxvm-recorded-4,stdout,1,benchmark=base64_roundtrip repetitions=2500 encoded_length=1368 checksum=130560
timing-Base64-base64-rxvm-recorded-4,stdout,2,PASS: Base64 Roundtrip
timing-Base64-base64-rxbvm-recorded-4,stdout,1,benchmark=base64_roundtrip repetitions=2500 encoded_length=1368 checksum=130560
timing-Base64-base64-rxbvm-recorded-4,stdout,2,PASS: Base64 Roundtrip
timing-Base64-base64-oorexx-recorded-4,stdout,1,benchmark=base64_roundtrip repetitions=2500 encoded_length=1368 checksum=130560
timing-Base64-base64-oorexx-recorded-4,stdout,2,PASS: Base64 Roundtrip ooRexx port
timing-Base64-base64-rxvm-recorded-5,stdout,1,benchmark=base64_roundtrip repetitions=2500 encoded_length=1368 checksum=130560
timing-Base64-base64-rxvm-recorded-5,stdout,2,PASS: Base64 Roundtrip
timing-Base64-base64-rxbvm-recorded-5,stdout,1,benchmark=base64_roundtrip repetitions=2500 encoded_length=1368 checksum=130560
timing-Base64-base64-rxbvm-recorded-5,stdout,2,PASS: Base64 Roundtrip
timing-Base64-base64-oorexx-recorded-5,stdout,1,benchmark=base64_roundtrip repetitions=2500 encoded_length=1368 checksum=130560
timing-Base64-base64-oorexx-recorded-5,stdout,2,PASS: Base64 Roundtrip ooRexx port
timing-Base64-base64-netrexx-recorded-5,stdout,1,benchmark=base64_roundtrip repetitions=2500 encoded_length=1368 checksum=130560
timing-Base64-base64-netrexx-recorded-5,stdout,2,PASS: Base64 Roundtrip NetRexx decimal port
timing-Base64-base64-rxbvm-recorded-6,stdout,1,benchmark=base64_roundtrip repetitions=2500 encoded_length=1368 checksum=130560
timing-Base64-base64-rxbvm-recorded-6,stdout,2,PASS: Base64 Roundtrip
timing-Base64-base64-oorexx-recorded-6,stdout,1,benchmark=base64_roundtrip repetitions=2500 encoded_length=1368 checksum=130560
timing-Base64-base64-oorexx-recorded-6,stdout,2,PASS: Base64 Roundtrip ooRexx port
timing-Base64-base64-netrexx-recorded-6,stdout,1,benchmark=base64_roundtrip repetitions=2500 encoded_length=1368 checksum=130560
timing-Base64-base64-netrexx-recorded-6,stdout,2,PASS: Base64 Roundtrip NetRexx decimal port
timing-Base64-base64-rxvm-recorded-6,stdout,1,benchmark=base64_roundtrip repetitions=2500 encoded_length=1368 checksum=130560
timing-Base64-base64-rxvm-recorded-6,stdout,2,PASS: Base64 Roundtrip
timing-Base64-base64-oorexx-recorded-7,stdout,1,benchmark=base64_roundtrip repetitions=2500 encoded_length=1368 checksum=130560
timing-Base64-base64-oorexx-recorded-7,stdout,2,PASS: Base64 Roundtrip ooRexx port
timing-Base64-base64-netrexx-recorded-7,stdout,1,benchmark=base64_roundtrip repetitions=2500 encoded_length=1368 checksum=130560
timing-Base64-base64-netrexx-recorded-7,stdout,2,PASS: Base64 Roundtrip NetRexx decimal port
timing-Base64-base64-rxvm-recorded-7,stdout,1,benchmark=base64_roundtrip repetitions=2500 encoded_length=1368 checksum=130560
timing-Base64-base64-rxvm-recorded-7,stdout,2,PASS: Base64 Roundtrip
timing-Base64-base64-rxbvm-recorded-7,stdout,1,benchmark=base64_roundtrip repetitions=2500 encoded_length=1368 checksum=130560
timing-Base64-base64-rxbvm-recorded-7,stdout,2,PASS: Base64 Roundtrip
timing-Base64-base64-netrexx-recorded-8,stdout,1,benchmark=base64_roundtrip repetitions=2500 encoded_length=1368 checksum=130560
timing-Base64-base64-netrexx-recorded-8,stdout,2,PASS: Base64 Roundtrip NetRexx decimal port
timing-Base64-base64-rxvm-recorded-8,stdout,1,benchmark=base64_roundtrip repetitions=2500 encoded_length=1368 checksum=130560
timing-Base64-base64-rxvm-recorded-8,stdout,2,PASS: Base64 Roundtrip
timing-Base64-base64-rxbvm-recorded-8,stdout,1,benchmark=base64_roundtrip repetitions=2500 encoded_length=1368 checksum=130560
timing-Base64-base64-rxbvm-recorded-8,stdout,2,PASS: Base64 Roundtrip
timing-Base64-base64-oorexx-recorded-8,stdout,1,benchmark=base64_roundtrip repetitions=2500 encoded_length=1368 checksum=130560
timing-Base64-base64-oorexx-recorded-8,stdout,2,PASS: Base64 Roundtrip ooRexx port
timing-Base64-base64-rxvm-recorded-9,stdout,1,benchmark=base64_roundtrip repetitions=2500 encoded_length=1368 checksum=130560
timing-Base64-base64-rxvm-recorded-9,stdout,2,PASS: Base64 Roundtrip
timing-Base64-base64-rxbvm-recorded-9,stdout,1,benchmark=base64_roundtrip repetitions=2500 encoded_length=1368 checksum=130560
timing-Base64-base64-rxbvm-recorded-9,stdout,2,PASS: Base64 Roundtrip
timing-Base64-base64-oorexx-recorded-9,stdout,1,benchmark=base64_roundtrip repetitions=2500 encoded_length=1368 checksum=130560
timing-Base64-base64-oorexx-recorded-9,stdout,2,PASS: Base64 Roundtrip ooRexx port
timing-Base64-base64-netrexx-recorded-9,stdout,1,benchmark=base64_roundtrip repetitions=2500 encoded_length=1368 checksum=130560
timing-Base64-base64-netrexx-recorded-9,stdout,2,PASS: Base64 Roundtrip NetRexx decimal port
timing-Base64-base64-rxbvm-recorded-10,stdout,1,benchmark=base64_roundtrip repetitions=2500 encoded_length=1368 checksum=130560
timing-Base64-base64-rxbvm-recorded-10,stdout,2,PASS: Base64 Roundtrip
timing-Base64-base64-oorexx-recorded-10,stdout,1,benchmark=base64_roundtrip repetitions=2500 encoded_length=1368 checksum=130560
timing-Base64-base64-oorexx-recorded-10,stdout,2,PASS: Base64 Roundtrip ooRexx port
timing-Base64-base64-netrexx-recorded-10,stdout,1,benchmark=base64_roundtrip repetitions=2500 encoded_length=1368 checksum=130560
timing-Base64-base64-netrexx-recorded-10,stdout,2,PASS: Base64 Roundtrip NetRexx decimal port
timing-Base64-base64-rxvm-recorded-10,stdout,1,benchmark=base64_roundtrip repetitions=2500 encoded_length=1368 checksum=130560
timing-Base64-base64-rxvm-recorded-10,stdout,2,PASS: Base64 Roundtrip
timing-Towers-towers-rxvm-warmup-1,stdout,1,benchmark=awfy_towers repetitions=100 result=8191
timing-Towers-towers-rxvm-warmup-1,stdout,2,PASS: AWFY Towers
timing-Towers-towers-rxbvm-warmup-1,stdout,1,benchmark=awfy_towers repetitions=100 result=8191
timing-Towers-towers-rxbvm-warmup-1,stdout,2,PASS: AWFY Towers
timing-Towers-towers-oorexx-warmup-1,stdout,1,benchmark=awfy_towers repetitions=100 result=8191
timing-Towers-towers-oorexx-warmup-1,stdout,2,PASS: AWFY Towers ooRexx object port
timing-Towers-towers-netrexx-warmup-1,stdout,1,benchmark=awfy_towers repetitions=100 result=8191
timing-Towers-towers-netrexx-warmup-1,stdout,2,PASS: AWFY Towers NetRexx port
timing-Towers-towers-rxbvm-warmup-2,stdout,1,benchmark=awfy_towers repetitions=100 result=8191
timing-Towers-towers-rxbvm-warmup-2,stdout,2,PASS: AWFY Towers
timing-Towers-towers-oorexx-warmup-2,stdout,1,benchmark=awfy_towers repetitions=100 result=8191
timing-Towers-towers-oorexx-warmup-2,stdout,2,PASS: AWFY Towers ooRexx object port
timing-Towers-towers-netrexx-warmup-2,stdout,1,benchmark=awfy_towers repetitions=100 result=8191
timing-Towers-towers-netrexx-warmup-2,stdout,2,PASS: AWFY Towers NetRexx port
timing-Towers-towers-rxvm-warmup-2,stdout,1,benchmark=awfy_towers repetitions=100 result=8191
timing-Towers-towers-rxvm-warmup-2,stdout,2,PASS: AWFY Towers
timing-Towers-towers-rxvm-recorded-1,stdout,1,benchmark=awfy_towers repetitions=100 result=8191
timing-Towers-towers-rxvm-recorded-1,stdout,2,PASS: AWFY Towers
timing-Towers-towers-rxbvm-recorded-1,stdout,1,benchmark=awfy_towers repetitions=100 result=8191
timing-Towers-towers-rxbvm-recorded-1,stdout,2,PASS: AWFY Towers
timing-Towers-towers-oorexx-recorded-1,stdout,1,benchmark=awfy_towers repetitions=100 result=8191
timing-Towers-towers-oorexx-recorded-1,stdout,2,PASS: AWFY Towers ooRexx object port
timing-Towers-towers-netrexx-recorded-1,stdout,1,benchmark=awfy_towers repetitions=100 result=8191
timing-Towers-towers-netrexx-recorded-1,stdout,2,PASS: AWFY Towers NetRexx port
timing-Towers-towers-rxbvm-recorded-2,stdout,1,benchmark=awfy_towers repetitions=100 result=8191
timing-Towers-towers-rxbvm-recorded-2,stdout,2,PASS: AWFY Towers
timing-Towers-towers-oorexx-recorded-2,stdout,1,benchmark=awfy_towers repetitions=100 result=8191
timing-Towers-towers-oorexx-recorded-2,stdout,2,PASS: AWFY Towers ooRexx object port
timing-Towers-towers-netrexx-recorded-2,stdout,1,benchmark=awfy_towers repetitions=100 result=8191
timing-Towers-towers-netrexx-recorded-2,stdout,2,PASS: AWFY Towers NetRexx port
timing-Towers-towers-rxvm-recorded-2,stdout,1,benchmark=awfy_towers repetitions=100 result=8191
timing-Towers-towers-rxvm-recorded-2,stdout,2,PASS: AWFY Towers
timing-Towers-towers-oorexx-recorded-3,stdout,1,benchmark=awfy_towers repetitions=100 result=8191
timing-Towers-towers-oorexx-recorded-3,stdout,2,PASS: AWFY Towers ooRexx object port
timing-Towers-towers-netrexx-recorded-3,stdout,1,benchmark=awfy_towers repetitions=100 result=8191
timing-Towers-towers-netrexx-recorded-3,stdout,2,PASS: AWFY Towers NetRexx port
timing-Towers-towers-rxvm-recorded-3,stdout,1,benchmark=awfy_towers repetitions=100 result=8191
timing-Towers-towers-rxvm-recorded-3,stdout,2,PASS: AWFY Towers
timing-Towers-towers-rxbvm-recorded-3,stdout,1,benchmark=awfy_towers repetitions=100 result=8191
timing-Towers-towers-rxbvm-recorded-3,stdout,2,PASS: AWFY Towers
timing-Towers-towers-netrexx-recorded-4,stdout,1,benchmark=awfy_towers repetitions=100 result=8191
timing-Towers-towers-netrexx-recorded-4,stdout,2,PASS: AWFY Towers NetRexx port
timing-Towers-towers-rxvm-recorded-4,stdout,1,benchmark=awfy_towers repetitions=100 result=8191
timing-Towers-towers-rxvm-recorded-4,stdout,2,PASS: AWFY Towers
timing-Towers-towers-rxbvm-recorded-4,stdout,1,benchmark=awfy_towers repetitions=100 result=8191
timing-Towers-towers-rxbvm-recorded-4,stdout,2,PASS: AWFY Towers
timing-Towers-towers-oorexx-recorded-4,stdout,1,benchmark=awfy_towers repetitions=100 result=8191
timing-Towers-towers-oorexx-recorded-4,stdout,2,PASS: AWFY Towers ooRexx object port
timing-Towers-towers-rxvm-recorded-5,stdout,1,benchmark=awfy_towers repetitions=100 result=8191
timing-Towers-towers-rxvm-recorded-5,stdout,2,PASS: AWFY Towers
timing-Towers-towers-rxbvm-recorded-5,stdout,1,benchmark=awfy_towers repetitions=100 result=8191
timing-Towers-towers-rxbvm-recorded-5,stdout,2,PASS: AWFY Towers
timing-Towers-towers-oorexx-recorded-5,stdout,1,benchmark=awfy_towers repetitions=100 result=8191
timing-Towers-towers-oorexx-recorded-5,stdout,2,PASS: AWFY Towers ooRexx object port
timing-Towers-towers-netrexx-recorded-5,stdout,1,benchmark=awfy_towers repetitions=100 result=8191
timing-Towers-towers-netrexx-recorded-5,stdout,2,PASS: AWFY Towers NetRexx port
timing-Towers-towers-rxbvm-recorded-6,stdout,1,benchmark=awfy_towers repetitions=100 result=8191
timing-Towers-towers-rxbvm-recorded-6,stdout,2,PASS: AWFY Towers
timing-Towers-towers-oorexx-recorded-6,stdout,1,benchmark=awfy_towers repetitions=100 result=8191
timing-Towers-towers-oorexx-recorded-6,stdout,2,PASS: AWFY Towers ooRexx object port
timing-Towers-towers-netrexx-recorded-6,stdout,1,benchmark=awfy_towers repetitions=100 result=8191
timing-Towers-towers-netrexx-recorded-6,stdout,2,PASS: AWFY Towers NetRexx port
timing-Towers-towers-rxvm-recorded-6,stdout,1,benchmark=awfy_towers repetitions=100 result=8191
timing-Towers-towers-rxvm-recorded-6,stdout,2,PASS: AWFY Towers
timing-Towers-towers-oorexx-recorded-7,stdout,1,benchmark=awfy_towers repetitions=100 result=8191
timing-Towers-towers-oorexx-recorded-7,stdout,2,PASS: AWFY Towers ooRexx object port
timing-Towers-towers-netrexx-recorded-7,stdout,1,benchmark=awfy_towers repetitions=100 result=8191
timing-Towers-towers-netrexx-recorded-7,stdout,2,PASS: AWFY Towers NetRexx port
timing-Towers-towers-rxvm-recorded-7,stdout,1,benchmark=awfy_towers repetitions=100 result=8191
timing-Towers-towers-rxvm-recorded-7,stdout,2,PASS: AWFY Towers
timing-Towers-towers-rxbvm-recorded-7,stdout,1,benchmark=awfy_towers repetitions=100 result=8191
timing-Towers-towers-rxbvm-recorded-7,stdout,2,PASS: AWFY Towers
timing-Towers-towers-netrexx-recorded-8,stdout,1,benchmark=awfy_towers repetitions=100 result=8191
timing-Towers-towers-netrexx-recorded-8,stdout,2,PASS: AWFY Towers NetRexx port
timing-Towers-towers-rxvm-recorded-8,stdout,1,benchmark=awfy_towers repetitions=100 result=8191
timing-Towers-towers-rxvm-recorded-8,stdout,2,PASS: AWFY Towers
timing-Towers-towers-rxbvm-recorded-8,stdout,1,benchmark=awfy_towers repetitions=100 result=8191
timing-Towers-towers-rxbvm-recorded-8,stdout,2,PASS: AWFY Towers
timing-Towers-towers-oorexx-recorded-8,stdout,1,benchmark=awfy_towers repetitions=100 result=8191
timing-Towers-towers-oorexx-recorded-8,stdout,2,PASS: AWFY Towers ooRexx object port
timing-Towers-towers-rxvm-recorded-9,stdout,1,benchmark=awfy_towers repetitions=100 result=8191
timing-Towers-towers-rxvm-recorded-9,stdout,2,PASS: AWFY Towers
timing-Towers-towers-rxbvm-recorded-9,stdout,1,benchmark=awfy_towers repetitions=100 result=8191
timing-Towers-towers-rxbvm-recorded-9,stdout,2,PASS: AWFY Towers
timing-Towers-towers-oorexx-recorded-9,stdout,1,benchmark=awfy_towers repetitions=100 result=8191
timing-Towers-towers-oorexx-recorded-9,stdout,2,PASS: AWFY Towers ooRexx object port
timing-Towers-towers-netrexx-recorded-9,stdout,1,benchmark=awfy_towers repetitions=100 result=8191
timing-Towers-towers-netrexx-recorded-9,stdout,2,PASS: AWFY Towers NetRexx port
timing-Towers-towers-rxbvm-recorded-10,stdout,1,benchmark=awfy_towers repetitions=100 result=8191
timing-Towers-towers-rxbvm-recorded-10,stdout,2,PASS: AWFY Towers
timing-Towers-towers-oorexx-recorded-10,stdout,1,benchmark=awfy_towers repetitions=100 result=8191
timing-Towers-towers-oorexx-recorded-10,stdout,2,PASS: AWFY Towers ooRexx object port
timing-Towers-towers-netrexx-recorded-10,stdout,1,benchmark=awfy_towers repetitions=100 result=8191
timing-Towers-towers-netrexx-recorded-10,stdout,2,PASS: AWFY Towers NetRexx port
timing-Towers-towers-rxvm-recorded-10,stdout,1,benchmark=awfy_towers repetitions=100 result=8191
timing-Towers-towers-rxvm-recorded-10,stdout,2,PASS: AWFY Towers
timing-RexxCPS-rexxcps-rxvm-warmup-1,stdout,1,----- REXXCPS 2.2d -- Measuring cREXX clauses/second -----
timing-RexxCPS-rexxcps-rxvm-warmup-1,stdout,2, cREXX version is: linux 64 crexx-1.0.0-beta.3+local.gd5f0827ca270 20260728
timing-RexxCPS-rexxcps-rxvm-warmup-1,stdout,3,       System is: linux
timing-RexxCPS-rexxcps-rxvm-warmup-1,stdout,4,REXXCPS-PROVENANCE contract=canonical-default argv_count=0 initial_count=100 averaging=100
timing-RexxCPS-rexxcps-rxvm-warmup-1,stdout,5,        Averaged: 200 x 100 iterations of 1000 clauses (over 1.7 s)
timing-RexxCPS-rexxcps-rxvm-warmup-1,stdout,6,REXXCPS-EFFECTIVE contract=canonical-default initial_count=100 effective_count=200 averaging=100 calibrated=1
timing-RexxCPS-rexxcps-rxvm-warmup-1,stdout,7,
timing-RexxCPS-rexxcps-rxvm-warmup-1,stdout,8,     Performance: 11484940 cREXX clauses per second
timing-RexxCPS-rexxcps-rxvm-warmup-1,stdout,9,
timing-RexxCPS-rexxcps-rxvm-warmup-1,stdout,10,PASS: RexxCPS 2.2d cREXX port
timing-RexxCPS-rexxcps-rxbvm-warmup-1,stdout,1,----- REXXCPS 2.2d -- Measuring cREXX clauses/second -----
timing-RexxCPS-rexxcps-rxbvm-warmup-1,stdout,2, cREXX version is: linux 64 crexx-1.0.0-beta.3+local.gd5f0827ca270 20260728
timing-RexxCPS-rexxcps-rxbvm-warmup-1,stdout,3,       System is: linux
timing-RexxCPS-rexxcps-rxbvm-warmup-1,stdout,4,REXXCPS-PROVENANCE contract=canonical-default argv_count=0 initial_count=100 averaging=100
timing-RexxCPS-rexxcps-rxbvm-warmup-1,stdout,5,        Averaged: 200 x 100 iterations of 1000 clauses (over 1.4 s)
timing-RexxCPS-rexxcps-rxbvm-warmup-1,stdout,6,REXXCPS-EFFECTIVE contract=canonical-default initial_count=100 effective_count=200 averaging=100 calibrated=1
timing-RexxCPS-rexxcps-rxbvm-warmup-1,stdout,7,
timing-RexxCPS-rexxcps-rxbvm-warmup-1,stdout,8,     Performance: 14630514 cREXX clauses per second
timing-RexxCPS-rexxcps-rxbvm-warmup-1,stdout,9,
timing-RexxCPS-rexxcps-rxbvm-warmup-1,stdout,10,PASS: RexxCPS 2.2d cREXX port
timing-RexxCPS-rexxcps-oorexx-warmup-1,stdout,1,----- REXXCPS 2.2 -- Measuring REXX clauses/second -----
timing-RexxCPS-rexxcps-oorexx-warmup-1,stdout,2, REXX version is: REXX-ooRexx_5.1.0(MT)_64-bit 6.05 2 May 2025
timing-RexxCPS-rexxcps-oorexx-warmup-1,stdout,3,       System is: LINUX
timing-RexxCPS-rexxcps-oorexx-warmup-1,stdout,4,        Averaged: 200 x 100 iterations of 1000 clauses (over 1.7s)
timing-RexxCPS-rexxcps-oorexx-warmup-1,stdout,5,
timing-RexxCPS-rexxcps-oorexx-warmup-1,stdout,6,     Performance: 11765433 REXX clauses per second
timing-RexxCPS-rexxcps-oorexx-warmup-1,stdout,7,
timing-RexxCPS-rexxcps-regina-warmup-1,stdout,1,----- REXXCPS 2.2 -- Measuring REXX clauses/second -----
timing-RexxCPS-rexxcps-regina-warmup-1,stdout,2, REXX version is: REXX-Regina_3.9.7(MT) 5.00 18 Mar 2025
timing-RexxCPS-rexxcps-regina-warmup-1,stdout,3,       System is: UNIX
timing-RexxCPS-rexxcps-regina-warmup-1,stdout,4,        Averaged: 200 x 100 iterations of 1000 clauses (over 1.6s)
timing-RexxCPS-rexxcps-regina-warmup-1,stdout,5,
timing-RexxCPS-rexxcps-regina-warmup-1,stdout,6,     Performance: 12599703 REXX clauses per second
timing-RexxCPS-rexxcps-regina-warmup-1,stdout,7,
timing-RexxCPS-rexxcps-netrexx-warmup-1,stdout,1,----- REXXCPS 2.2n -- Measuring NetRexx clauses/second -----
timing-RexxCPS-rexxcps-netrexx-warmup-1,stdout,2, NetRexx version is: NetRexx 5.10 20 Mar 2026
timing-RexxCPS-rexxcps-netrexx-warmup-1,stdout,3,          System is: Java
timing-RexxCPS-rexxcps-netrexx-warmup-1,stdout,4,          Averaging: 100 measures of 100 iterations
timing-RexxCPS-rexxcps-netrexx-warmup-1,stdout,5,                       of 1000 clauses (over 1.322660389    s)
timing-RexxCPS-rexxcps-netrexx-warmup-1,stdout,6,
timing-RexxCPS-rexxcps-netrexx-warmup-1,stdout,7,Total (full DOs): 1.322660389 secs (average of 100 measures of 100 iterations)
timing-RexxCPS-rexxcps-netrexx-warmup-1,stdout,8,Time for one iteration (1000 clauses) was: 0.000132220392 seconds
timing-RexxCPS-rexxcps-netrexx-warmup-1,stdout,9,
timing-RexxCPS-rexxcps-netrexx-warmup-1,stdout,10,     Performance: 7_563_130 NetRexx clauses per second
timing-RexxCPS-rexxcps-netrexx-warmup-1,stdout,11,                ( 7.563E+6 cps)
timing-RexxCPS-rexxcps-netrexx-warmup-1,stdout,12,
timing-RexxCPS-rexxcps-netrexx-warmup-1,stdout,13,PASS: RexxCPS 2.2n NetRexx disclosed adaptation
timing-RexxCPS-rexxcps-rxbvm-warmup-2,stdout,1,----- REXXCPS 2.2d -- Measuring cREXX clauses/second -----
timing-RexxCPS-rexxcps-rxbvm-warmup-2,stdout,2, cREXX version is: linux 64 crexx-1.0.0-beta.3+local.gd5f0827ca270 20260728
timing-RexxCPS-rexxcps-rxbvm-warmup-2,stdout,3,       System is: linux
timing-RexxCPS-rexxcps-rxbvm-warmup-2,stdout,4,REXXCPS-PROVENANCE contract=canonical-default argv_count=0 initial_count=100 averaging=100
timing-RexxCPS-rexxcps-rxbvm-warmup-2,stdout,5,        Averaged: 200 x 100 iterations of 1000 clauses (over 1.4 s)
timing-RexxCPS-rexxcps-rxbvm-warmup-2,stdout,6,REXXCPS-EFFECTIVE contract=canonical-default initial_count=100 effective_count=200 averaging=100 calibrated=1
timing-RexxCPS-rexxcps-rxbvm-warmup-2,stdout,7,
timing-RexxCPS-rexxcps-rxbvm-warmup-2,stdout,8,     Performance: 14640742 cREXX clauses per second
timing-RexxCPS-rexxcps-rxbvm-warmup-2,stdout,9,
timing-RexxCPS-rexxcps-rxbvm-warmup-2,stdout,10,PASS: RexxCPS 2.2d cREXX port
timing-RexxCPS-rexxcps-oorexx-warmup-2,stdout,1,----- REXXCPS 2.2 -- Measuring REXX clauses/second -----
timing-RexxCPS-rexxcps-oorexx-warmup-2,stdout,2, REXX version is: REXX-ooRexx_5.1.0(MT)_64-bit 6.05 2 May 2025
timing-RexxCPS-rexxcps-oorexx-warmup-2,stdout,3,       System is: LINUX
timing-RexxCPS-rexxcps-oorexx-warmup-2,stdout,4,        Averaged: 200 x 100 iterations of 1000 clauses (over 1.7s)
timing-RexxCPS-rexxcps-oorexx-warmup-2,stdout,5,
timing-RexxCPS-rexxcps-oorexx-warmup-2,stdout,6,     Performance: 11572641 REXX clauses per second
timing-RexxCPS-rexxcps-oorexx-warmup-2,stdout,7,
timing-RexxCPS-rexxcps-regina-warmup-2,stdout,1,----- REXXCPS 2.2 -- Measuring REXX clauses/second -----
timing-RexxCPS-rexxcps-regina-warmup-2,stdout,2, REXX version is: REXX-Regina_3.9.7(MT) 5.00 18 Mar 2025
timing-RexxCPS-rexxcps-regina-warmup-2,stdout,3,       System is: UNIX
timing-RexxCPS-rexxcps-regina-warmup-2,stdout,4,        Averaged: 200 x 100 iterations of 1000 clauses (over 1.6s)
timing-RexxCPS-rexxcps-regina-warmup-2,stdout,5,
timing-RexxCPS-rexxcps-regina-warmup-2,stdout,6,     Performance: 12868141 REXX clauses per second
timing-RexxCPS-rexxcps-regina-warmup-2,stdout,7,
timing-RexxCPS-rexxcps-netrexx-warmup-2,stdout,1,----- REXXCPS 2.2n -- Measuring NetRexx clauses/second -----
timing-RexxCPS-rexxcps-netrexx-warmup-2,stdout,2, NetRexx version is: NetRexx 5.10 20 Mar 2026
timing-RexxCPS-rexxcps-netrexx-warmup-2,stdout,3,          System is: Java
timing-RexxCPS-rexxcps-netrexx-warmup-2,stdout,4,          Averaging: 100 measures of 100 iterations
timing-RexxCPS-rexxcps-netrexx-warmup-2,stdout,5,                       of 1000 clauses (over 1.236804667    s)
timing-RexxCPS-rexxcps-netrexx-warmup-2,stdout,6,
timing-RexxCPS-rexxcps-netrexx-warmup-2,stdout,7,Total (full DOs): 1.236804667 secs (average of 100 measures of 100 iterations)
timing-RexxCPS-rexxcps-netrexx-warmup-2,stdout,8,Time for one iteration (1000 clauses) was: 0.0001236385335 seconds
timing-RexxCPS-rexxcps-netrexx-warmup-2,stdout,9,
timing-RexxCPS-rexxcps-netrexx-warmup-2,stdout,10,     Performance: 8_088_093 NetRexx clauses per second
timing-RexxCPS-rexxcps-netrexx-warmup-2,stdout,11,                ( 8.088E+6 cps)
timing-RexxCPS-rexxcps-netrexx-warmup-2,stdout,12,
timing-RexxCPS-rexxcps-netrexx-warmup-2,stdout,13,PASS: RexxCPS 2.2n NetRexx disclosed adaptation
timing-RexxCPS-rexxcps-rxvm-warmup-2,stdout,1,----- REXXCPS 2.2d -- Measuring cREXX clauses/second -----
timing-RexxCPS-rexxcps-rxvm-warmup-2,stdout,2, cREXX version is: linux 64 crexx-1.0.0-beta.3+local.gd5f0827ca270 20260728
timing-RexxCPS-rexxcps-rxvm-warmup-2,stdout,3,       System is: linux
timing-RexxCPS-rexxcps-rxvm-warmup-2,stdout,4,REXXCPS-PROVENANCE contract=canonical-default argv_count=0 initial_count=100 averaging=100
timing-RexxCPS-rexxcps-rxvm-warmup-2,stdout,5,        Averaged: 200 x 100 iterations of 1000 clauses (over 1.5 s)
timing-RexxCPS-rexxcps-rxvm-warmup-2,stdout,6,REXXCPS-EFFECTIVE contract=canonical-default initial_count=100 effective_count=200 averaging=100 calibrated=1
timing-RexxCPS-rexxcps-rxvm-warmup-2,stdout,7,
timing-RexxCPS-rexxcps-rxvm-warmup-2,stdout,8,     Performance: 13523163 cREXX clauses per second
timing-RexxCPS-rexxcps-rxvm-warmup-2,stdout,9,
timing-RexxCPS-rexxcps-rxvm-warmup-2,stdout,10,PASS: RexxCPS 2.2d cREXX port
timing-RexxCPS-rexxcps-rxvm-recorded-1,stdout,1,----- REXXCPS 2.2d -- Measuring cREXX clauses/second -----
timing-RexxCPS-rexxcps-rxvm-recorded-1,stdout,2, cREXX version is: linux 64 crexx-1.0.0-beta.3+local.gd5f0827ca270 20260728
timing-RexxCPS-rexxcps-rxvm-recorded-1,stdout,3,       System is: linux
timing-RexxCPS-rexxcps-rxvm-recorded-1,stdout,4,REXXCPS-PROVENANCE contract=canonical-default argv_count=0 initial_count=100 averaging=100
timing-RexxCPS-rexxcps-rxvm-recorded-1,stdout,5,        Averaged: 200 x 100 iterations of 1000 clauses (over 1.5 s)
timing-RexxCPS-rexxcps-rxvm-recorded-1,stdout,6,REXXCPS-EFFECTIVE contract=canonical-default initial_count=100 effective_count=200 averaging=100 calibrated=1
timing-RexxCPS-rexxcps-rxvm-recorded-1,stdout,7,
timing-RexxCPS-rexxcps-rxvm-recorded-1,stdout,8,     Performance: 13745497 cREXX clauses per second
timing-RexxCPS-rexxcps-rxvm-recorded-1,stdout,9,
timing-RexxCPS-rexxcps-rxvm-recorded-1,stdout,10,PASS: RexxCPS 2.2d cREXX port
timing-RexxCPS-rexxcps-rxbvm-recorded-1,stdout,1,----- REXXCPS 2.2d -- Measuring cREXX clauses/second -----
timing-RexxCPS-rexxcps-rxbvm-recorded-1,stdout,2, cREXX version is: linux 64 crexx-1.0.0-beta.3+local.gd5f0827ca270 20260728
timing-RexxCPS-rexxcps-rxbvm-recorded-1,stdout,3,       System is: linux
timing-RexxCPS-rexxcps-rxbvm-recorded-1,stdout,4,REXXCPS-PROVENANCE contract=canonical-default argv_count=0 initial_count=100 averaging=100
timing-RexxCPS-rexxcps-rxbvm-recorded-1,stdout,5,        Averaged: 200 x 100 iterations of 1000 clauses (over 1.5 s)
timing-RexxCPS-rexxcps-rxbvm-recorded-1,stdout,6,REXXCPS-EFFECTIVE contract=canonical-default initial_count=100 effective_count=200 averaging=100 calibrated=1
timing-RexxCPS-rexxcps-rxbvm-recorded-1,stdout,7,
timing-RexxCPS-rexxcps-rxbvm-recorded-1,stdout,8,     Performance: 13520054 cREXX clauses per second
timing-RexxCPS-rexxcps-rxbvm-recorded-1,stdout,9,
timing-RexxCPS-rexxcps-rxbvm-recorded-1,stdout,10,PASS: RexxCPS 2.2d cREXX port
timing-RexxCPS-rexxcps-oorexx-recorded-1,stdout,1,----- REXXCPS 2.2 -- Measuring REXX clauses/second -----
timing-RexxCPS-rexxcps-oorexx-recorded-1,stdout,2, REXX version is: REXX-ooRexx_5.1.0(MT)_64-bit 6.05 2 May 2025
timing-RexxCPS-rexxcps-oorexx-recorded-1,stdout,3,       System is: LINUX
timing-RexxCPS-rexxcps-oorexx-recorded-1,stdout,4,        Averaged: 200 x 100 iterations of 1000 clauses (over 1.7s)
timing-RexxCPS-rexxcps-oorexx-recorded-1,stdout,5,
timing-RexxCPS-rexxcps-oorexx-recorded-1,stdout,6,     Performance: 11891504 REXX clauses per second
timing-RexxCPS-rexxcps-oorexx-recorded-1,stdout,7,
timing-RexxCPS-rexxcps-regina-recorded-1,stdout,1,----- REXXCPS 2.2 -- Measuring REXX clauses/second -----
timing-RexxCPS-rexxcps-regina-recorded-1,stdout,2, REXX version is: REXX-Regina_3.9.7(MT) 5.00 18 Mar 2025
timing-RexxCPS-rexxcps-regina-recorded-1,stdout,3,       System is: UNIX
timing-RexxCPS-rexxcps-regina-recorded-1,stdout,4,        Averaged: 200 x 100 iterations of 1000 clauses (over 1.6s)
timing-RexxCPS-rexxcps-regina-recorded-1,stdout,5,
timing-RexxCPS-rexxcps-regina-recorded-1,stdout,6,     Performance: 12648117 REXX clauses per second
timing-RexxCPS-rexxcps-regina-recorded-1,stdout,7,
timing-RexxCPS-rexxcps-netrexx-recorded-1,stdout,1,----- REXXCPS 2.2n -- Measuring NetRexx clauses/second -----
timing-RexxCPS-rexxcps-netrexx-recorded-1,stdout,2, NetRexx version is: NetRexx 5.10 20 Mar 2026
timing-RexxCPS-rexxcps-netrexx-recorded-1,stdout,3,          System is: Java
timing-RexxCPS-rexxcps-netrexx-recorded-1,stdout,4,          Averaging: 100 measures of 100 iterations
timing-RexxCPS-rexxcps-netrexx-recorded-1,stdout,5,                       of 1000 clauses (over 1.269495045    s)
timing-RexxCPS-rexxcps-netrexx-recorded-1,stdout,6,
timing-RexxCPS-rexxcps-netrexx-recorded-1,stdout,7,Total (full DOs): 1.269495045 secs (average of 100 measures of 100 iterations)
timing-RexxCPS-rexxcps-netrexx-recorded-1,stdout,8,Time for one iteration (1000 clauses) was: 0.0001268752561 seconds
timing-RexxCPS-rexxcps-netrexx-recorded-1,stdout,9,
timing-RexxCPS-rexxcps-netrexx-recorded-1,stdout,10,     Performance: 7_881_757 NetRexx clauses per second
timing-RexxCPS-rexxcps-netrexx-recorded-1,stdout,11,                ( 7.882E+6 cps)
timing-RexxCPS-rexxcps-netrexx-recorded-1,stdout,12,
timing-RexxCPS-rexxcps-netrexx-recorded-1,stdout,13,PASS: RexxCPS 2.2n NetRexx disclosed adaptation
timing-RexxCPS-rexxcps-rxbvm-recorded-2,stdout,1,----- REXXCPS 2.2d -- Measuring cREXX clauses/second -----
timing-RexxCPS-rexxcps-rxbvm-recorded-2,stdout,2, cREXX version is: linux 64 crexx-1.0.0-beta.3+local.gd5f0827ca270 20260728
timing-RexxCPS-rexxcps-rxbvm-recorded-2,stdout,3,       System is: linux
timing-RexxCPS-rexxcps-rxbvm-recorded-2,stdout,4,REXXCPS-PROVENANCE contract=canonical-default argv_count=0 initial_count=100 averaging=100
timing-RexxCPS-rexxcps-rxbvm-recorded-2,stdout,5,        Averaged: 200 x 100 iterations of 1000 clauses (over 1.4 s)
timing-RexxCPS-rexxcps-rxbvm-recorded-2,stdout,6,REXXCPS-EFFECTIVE contract=canonical-default initial_count=100 effective_count=200 averaging=100 calibrated=1
timing-RexxCPS-rexxcps-rxbvm-recorded-2,stdout,7,
timing-RexxCPS-rexxcps-rxbvm-recorded-2,stdout,8,     Performance: 14077785 cREXX clauses per second
timing-RexxCPS-rexxcps-rxbvm-recorded-2,stdout,9,
timing-RexxCPS-rexxcps-rxbvm-recorded-2,stdout,10,PASS: RexxCPS 2.2d cREXX port
timing-RexxCPS-rexxcps-oorexx-recorded-2,stdout,1,----- REXXCPS 2.2 -- Measuring REXX clauses/second -----
timing-RexxCPS-rexxcps-oorexx-recorded-2,stdout,2, REXX version is: REXX-ooRexx_5.1.0(MT)_64-bit 6.05 2 May 2025
timing-RexxCPS-rexxcps-oorexx-recorded-2,stdout,3,       System is: LINUX
timing-RexxCPS-rexxcps-oorexx-recorded-2,stdout,4,        Averaged: 200 x 100 iterations of 1000 clauses (over 1.7s)
timing-RexxCPS-rexxcps-oorexx-recorded-2,stdout,5,
timing-RexxCPS-rexxcps-oorexx-recorded-2,stdout,6,     Performance: 11944156 REXX clauses per second
timing-RexxCPS-rexxcps-oorexx-recorded-2,stdout,7,
timing-RexxCPS-rexxcps-regina-recorded-2,stdout,1,----- REXXCPS 2.2 -- Measuring REXX clauses/second -----
timing-RexxCPS-rexxcps-regina-recorded-2,stdout,2, REXX version is: REXX-Regina_3.9.7(MT) 5.00 18 Mar 2025
timing-RexxCPS-rexxcps-regina-recorded-2,stdout,3,       System is: UNIX
timing-RexxCPS-rexxcps-regina-recorded-2,stdout,4,        Averaged: 200 x 100 iterations of 1000 clauses (over 1.6s)
timing-RexxCPS-rexxcps-regina-recorded-2,stdout,5,
timing-RexxCPS-rexxcps-regina-recorded-2,stdout,6,     Performance: 12737434 REXX clauses per second
timing-RexxCPS-rexxcps-regina-recorded-2,stdout,7,
timing-RexxCPS-rexxcps-netrexx-recorded-2,stdout,1,----- REXXCPS 2.2n -- Measuring NetRexx clauses/second -----
timing-RexxCPS-rexxcps-netrexx-recorded-2,stdout,2, NetRexx version is: NetRexx 5.10 20 Mar 2026
timing-RexxCPS-rexxcps-netrexx-recorded-2,stdout,3,          System is: Java
timing-RexxCPS-rexxcps-netrexx-recorded-2,stdout,4,          Averaging: 100 measures of 100 iterations
timing-RexxCPS-rexxcps-netrexx-recorded-2,stdout,5,                       of 1000 clauses (over 1.314258797    s)
timing-RexxCPS-rexxcps-netrexx-recorded-2,stdout,6,
timing-RexxCPS-rexxcps-netrexx-recorded-2,stdout,7,Total (full DOs): 1.314258797 secs (average of 100 measures of 100 iterations)
timing-RexxCPS-rexxcps-netrexx-recorded-2,stdout,8,Time for one iteration (1000 clauses) was: 0.0001313749908 seconds
timing-RexxCPS-rexxcps-netrexx-recorded-2,stdout,9,
timing-RexxCPS-rexxcps-netrexx-recorded-2,stdout,10,     Performance: 7_611_799 NetRexx clauses per second
timing-RexxCPS-rexxcps-netrexx-recorded-2,stdout,11,                ( 7.612E+6 cps)
timing-RexxCPS-rexxcps-netrexx-recorded-2,stdout,12,
timing-RexxCPS-rexxcps-netrexx-recorded-2,stdout,13,PASS: RexxCPS 2.2n NetRexx disclosed adaptation
timing-RexxCPS-rexxcps-rxvm-recorded-2,stdout,1,----- REXXCPS 2.2d -- Measuring cREXX clauses/second -----
timing-RexxCPS-rexxcps-rxvm-recorded-2,stdout,2, cREXX version is: linux 64 crexx-1.0.0-beta.3+local.gd5f0827ca270 20260728
timing-RexxCPS-rexxcps-rxvm-recorded-2,stdout,3,       System is: linux
timing-RexxCPS-rexxcps-rxvm-recorded-2,stdout,4,REXXCPS-PROVENANCE contract=canonical-default argv_count=0 initial_count=100 averaging=100
timing-RexxCPS-rexxcps-rxvm-recorded-2,stdout,5,        Averaged: 200 x 100 iterations of 1000 clauses (over 1.4 s)
timing-RexxCPS-rexxcps-rxvm-recorded-2,stdout,6,REXXCPS-EFFECTIVE contract=canonical-default initial_count=100 effective_count=200 averaging=100 calibrated=1
timing-RexxCPS-rexxcps-rxvm-recorded-2,stdout,7,
timing-RexxCPS-rexxcps-rxvm-recorded-2,stdout,8,     Performance: 13837728 cREXX clauses per second
timing-RexxCPS-rexxcps-rxvm-recorded-2,stdout,9,
timing-RexxCPS-rexxcps-rxvm-recorded-2,stdout,10,PASS: RexxCPS 2.2d cREXX port
timing-RexxCPS-rexxcps-oorexx-recorded-3,stdout,1,----- REXXCPS 2.2 -- Measuring REXX clauses/second -----
timing-RexxCPS-rexxcps-oorexx-recorded-3,stdout,2, REXX version is: REXX-ooRexx_5.1.0(MT)_64-bit 6.05 2 May 2025
timing-RexxCPS-rexxcps-oorexx-recorded-3,stdout,3,       System is: LINUX
timing-RexxCPS-rexxcps-oorexx-recorded-3,stdout,4,        Averaged: 200 x 100 iterations of 1000 clauses (over 1.7s)
timing-RexxCPS-rexxcps-oorexx-recorded-3,stdout,5,
timing-RexxCPS-rexxcps-oorexx-recorded-3,stdout,6,     Performance: 11851213 REXX clauses per second
timing-RexxCPS-rexxcps-oorexx-recorded-3,stdout,7,
timing-RexxCPS-rexxcps-regina-recorded-3,stdout,1,----- REXXCPS 2.2 -- Measuring REXX clauses/second -----
timing-RexxCPS-rexxcps-regina-recorded-3,stdout,2, REXX version is: REXX-Regina_3.9.7(MT) 5.00 18 Mar 2025
timing-RexxCPS-rexxcps-regina-recorded-3,stdout,3,       System is: UNIX
timing-RexxCPS-rexxcps-regina-recorded-3,stdout,4,        Averaged: 200 x 100 iterations of 1000 clauses (over 1.6s)
timing-RexxCPS-rexxcps-regina-recorded-3,stdout,5,
timing-RexxCPS-rexxcps-regina-recorded-3,stdout,6,     Performance: 12701155 REXX clauses per second
timing-RexxCPS-rexxcps-regina-recorded-3,stdout,7,
timing-RexxCPS-rexxcps-netrexx-recorded-3,stdout,1,----- REXXCPS 2.2n -- Measuring NetRexx clauses/second -----
timing-RexxCPS-rexxcps-netrexx-recorded-3,stdout,2, NetRexx version is: NetRexx 5.10 20 Mar 2026
timing-RexxCPS-rexxcps-netrexx-recorded-3,stdout,3,          System is: Java
timing-RexxCPS-rexxcps-netrexx-recorded-3,stdout,4,          Averaging: 100 measures of 100 iterations
timing-RexxCPS-rexxcps-netrexx-recorded-3,stdout,5,                       of 1000 clauses (over 1.293966927    s)
timing-RexxCPS-rexxcps-netrexx-recorded-3,stdout,6,
timing-RexxCPS-rexxcps-netrexx-recorded-3,stdout,7,Total (full DOs): 1.293966927 secs (average of 100 measures of 100 iterations)
timing-RexxCPS-rexxcps-netrexx-recorded-3,stdout,8,Time for one iteration (1000 clauses) was: 0.0001293553163 seconds
timing-RexxCPS-rexxcps-netrexx-recorded-3,stdout,9,
timing-RexxCPS-rexxcps-netrexx-recorded-3,stdout,10,     Performance: 7_730_645 NetRexx clauses per second
timing-RexxCPS-rexxcps-netrexx-recorded-3,stdout,11,                ( 7.731E+6 cps)
timing-RexxCPS-rexxcps-netrexx-recorded-3,stdout,12,
timing-RexxCPS-rexxcps-netrexx-recorded-3,stdout,13,PASS: RexxCPS 2.2n NetRexx disclosed adaptation
timing-RexxCPS-rexxcps-rxvm-recorded-3,stdout,1,----- REXXCPS 2.2d -- Measuring cREXX clauses/second -----
timing-RexxCPS-rexxcps-rxvm-recorded-3,stdout,2, cREXX version is: linux 64 crexx-1.0.0-beta.3+local.gd5f0827ca270 20260728
timing-RexxCPS-rexxcps-rxvm-recorded-3,stdout,3,       System is: linux
timing-RexxCPS-rexxcps-rxvm-recorded-3,stdout,4,REXXCPS-PROVENANCE contract=canonical-default argv_count=0 initial_count=100 averaging=100
timing-RexxCPS-rexxcps-rxvm-recorded-3,stdout,5,        Averaged: 200 x 100 iterations of 1000 clauses (over 1.4 s)
timing-RexxCPS-rexxcps-rxvm-recorded-3,stdout,6,REXXCPS-EFFECTIVE contract=canonical-default initial_count=100 effective_count=200 averaging=100 calibrated=1
timing-RexxCPS-rexxcps-rxvm-recorded-3,stdout,7,
timing-RexxCPS-rexxcps-rxvm-recorded-3,stdout,8,     Performance: 13797576 cREXX clauses per second
timing-RexxCPS-rexxcps-rxvm-recorded-3,stdout,9,
timing-RexxCPS-rexxcps-rxvm-recorded-3,stdout,10,PASS: RexxCPS 2.2d cREXX port
timing-RexxCPS-rexxcps-rxbvm-recorded-3,stdout,1,----- REXXCPS 2.2d -- Measuring cREXX clauses/second -----
timing-RexxCPS-rexxcps-rxbvm-recorded-3,stdout,2, cREXX version is: linux 64 crexx-1.0.0-beta.3+local.gd5f0827ca270 20260728
timing-RexxCPS-rexxcps-rxbvm-recorded-3,stdout,3,       System is: linux
timing-RexxCPS-rexxcps-rxbvm-recorded-3,stdout,4,REXXCPS-PROVENANCE contract=canonical-default argv_count=0 initial_count=100 averaging=100
timing-RexxCPS-rexxcps-rxbvm-recorded-3,stdout,5,        Averaged: 200 x 100 iterations of 1000 clauses (over 1.4 s)
timing-RexxCPS-rexxcps-rxbvm-recorded-3,stdout,6,REXXCPS-EFFECTIVE contract=canonical-default initial_count=100 effective_count=200 averaging=100 calibrated=1
timing-RexxCPS-rexxcps-rxbvm-recorded-3,stdout,7,
timing-RexxCPS-rexxcps-rxbvm-recorded-3,stdout,8,     Performance: 14198969 cREXX clauses per second
timing-RexxCPS-rexxcps-rxbvm-recorded-3,stdout,9,
timing-RexxCPS-rexxcps-rxbvm-recorded-3,stdout,10,PASS: RexxCPS 2.2d cREXX port
timing-RexxCPS-rexxcps-regina-recorded-4,stdout,1,----- REXXCPS 2.2 -- Measuring REXX clauses/second -----
timing-RexxCPS-rexxcps-regina-recorded-4,stdout,2, REXX version is: REXX-Regina_3.9.7(MT) 5.00 18 Mar 2025
timing-RexxCPS-rexxcps-regina-recorded-4,stdout,3,       System is: UNIX
timing-RexxCPS-rexxcps-regina-recorded-4,stdout,4,        Averaged: 200 x 100 iterations of 1000 clauses (over 1.6s)
timing-RexxCPS-rexxcps-regina-recorded-4,stdout,5,
timing-RexxCPS-rexxcps-regina-recorded-4,stdout,6,     Performance: 12461743 REXX clauses per second
timing-RexxCPS-rexxcps-regina-recorded-4,stdout,7,
timing-RexxCPS-rexxcps-netrexx-recorded-4,stdout,1,----- REXXCPS 2.2n -- Measuring NetRexx clauses/second -----
timing-RexxCPS-rexxcps-netrexx-recorded-4,stdout,2, NetRexx version is: NetRexx 5.10 20 Mar 2026
timing-RexxCPS-rexxcps-netrexx-recorded-4,stdout,3,          System is: Java
timing-RexxCPS-rexxcps-netrexx-recorded-4,stdout,4,          Averaging: 100 measures of 100 iterations
timing-RexxCPS-rexxcps-netrexx-recorded-4,stdout,5,                       of 1000 clauses (over 1.292594494    s)
timing-RexxCPS-rexxcps-netrexx-recorded-4,stdout,6,
timing-RexxCPS-rexxcps-netrexx-recorded-4,stdout,7,Total (full DOs): 1.292594494 secs (average of 100 measures of 100 iterations)
timing-RexxCPS-rexxcps-netrexx-recorded-4,stdout,8,Time for one iteration (1000 clauses) was: 0.0001291994779 seconds
timing-RexxCPS-rexxcps-netrexx-recorded-4,stdout,9,
timing-RexxCPS-rexxcps-netrexx-recorded-4,stdout,10,     Performance: 7_739_969 NetRexx clauses per second
timing-RexxCPS-rexxcps-netrexx-recorded-4,stdout,11,                ( 7.740E+6 cps)
timing-RexxCPS-rexxcps-netrexx-recorded-4,stdout,12,
timing-RexxCPS-rexxcps-netrexx-recorded-4,stdout,13,PASS: RexxCPS 2.2n NetRexx disclosed adaptation
timing-RexxCPS-rexxcps-rxvm-recorded-4,stdout,1,----- REXXCPS 2.2d -- Measuring cREXX clauses/second -----
timing-RexxCPS-rexxcps-rxvm-recorded-4,stdout,2, cREXX version is: linux 64 crexx-1.0.0-beta.3+local.gd5f0827ca270 20260728
timing-RexxCPS-rexxcps-rxvm-recorded-4,stdout,3,       System is: linux
timing-RexxCPS-rexxcps-rxvm-recorded-4,stdout,4,REXXCPS-PROVENANCE contract=canonical-default argv_count=0 initial_count=100 averaging=100
timing-RexxCPS-rexxcps-rxvm-recorded-4,stdout,5,        Averaged: 200 x 100 iterations of 1000 clauses (over 1.5 s)
timing-RexxCPS-rexxcps-rxvm-recorded-4,stdout,6,REXXCPS-EFFECTIVE contract=canonical-default initial_count=100 effective_count=200 averaging=100 calibrated=1
timing-RexxCPS-rexxcps-rxvm-recorded-4,stdout,7,
timing-RexxCPS-rexxcps-rxvm-recorded-4,stdout,8,     Performance: 13394636 cREXX clauses per second
timing-RexxCPS-rexxcps-rxvm-recorded-4,stdout,9,
timing-RexxCPS-rexxcps-rxvm-recorded-4,stdout,10,PASS: RexxCPS 2.2d cREXX port
timing-RexxCPS-rexxcps-rxbvm-recorded-4,stdout,1,----- REXXCPS 2.2d -- Measuring cREXX clauses/second -----
timing-RexxCPS-rexxcps-rxbvm-recorded-4,stdout,2, cREXX version is: linux 64 crexx-1.0.0-beta.3+local.gd5f0827ca270 20260728
timing-RexxCPS-rexxcps-rxbvm-recorded-4,stdout,3,       System is: linux
timing-RexxCPS-rexxcps-rxbvm-recorded-4,stdout,4,REXXCPS-PROVENANCE contract=canonical-default argv_count=0 initial_count=100 averaging=100
timing-RexxCPS-rexxcps-rxbvm-recorded-4,stdout,5,        Averaged: 200 x 100 iterations of 1000 clauses (over 1.5 s)
timing-RexxCPS-rexxcps-rxbvm-recorded-4,stdout,6,REXXCPS-EFFECTIVE contract=canonical-default initial_count=100 effective_count=200 averaging=100 calibrated=1
timing-RexxCPS-rexxcps-rxbvm-recorded-4,stdout,7,
timing-RexxCPS-rexxcps-rxbvm-recorded-4,stdout,8,     Performance: 13457492 cREXX clauses per second
timing-RexxCPS-rexxcps-rxbvm-recorded-4,stdout,9,
timing-RexxCPS-rexxcps-rxbvm-recorded-4,stdout,10,PASS: RexxCPS 2.2d cREXX port
timing-RexxCPS-rexxcps-oorexx-recorded-4,stdout,1,----- REXXCPS 2.2 -- Measuring REXX clauses/second -----
timing-RexxCPS-rexxcps-oorexx-recorded-4,stdout,2, REXX version is: REXX-ooRexx_5.1.0(MT)_64-bit 6.05 2 May 2025
timing-RexxCPS-rexxcps-oorexx-recorded-4,stdout,3,       System is: LINUX
timing-RexxCPS-rexxcps-oorexx-recorded-4,stdout,4,        Averaged: 200 x 100 iterations of 1000 clauses (over 1.7s)
timing-RexxCPS-rexxcps-oorexx-recorded-4,stdout,5,
timing-RexxCPS-rexxcps-oorexx-recorded-4,stdout,6,     Performance: 11871127 REXX clauses per second
timing-RexxCPS-rexxcps-oorexx-recorded-4,stdout,7,
timing-RexxCPS-rexxcps-netrexx-recorded-5,stdout,1,----- REXXCPS 2.2n -- Measuring NetRexx clauses/second -----
timing-RexxCPS-rexxcps-netrexx-recorded-5,stdout,2, NetRexx version is: NetRexx 5.10 20 Mar 2026
timing-RexxCPS-rexxcps-netrexx-recorded-5,stdout,3,          System is: Java
timing-RexxCPS-rexxcps-netrexx-recorded-5,stdout,4,          Averaging: 100 measures of 100 iterations
timing-RexxCPS-rexxcps-netrexx-recorded-5,stdout,5,                       of 1000 clauses (over 1.223322928    s)
timing-RexxCPS-rexxcps-netrexx-recorded-5,stdout,6,
timing-RexxCPS-rexxcps-netrexx-recorded-5,stdout,7,Total (full DOs): 1.223322928 secs (average of 100 measures of 100 iterations)
timing-RexxCPS-rexxcps-netrexx-recorded-5,stdout,8,Time for one iteration (1000 clauses) was: 0.0001222753764 seconds
timing-RexxCPS-rexxcps-netrexx-recorded-5,stdout,9,
timing-RexxCPS-rexxcps-netrexx-recorded-5,stdout,10,     Performance: 8_178_261 NetRexx clauses per second
timing-RexxCPS-rexxcps-netrexx-recorded-5,stdout,11,                ( 8.178E+6 cps)
timing-RexxCPS-rexxcps-netrexx-recorded-5,stdout,12,
timing-RexxCPS-rexxcps-netrexx-recorded-5,stdout,13,PASS: RexxCPS 2.2n NetRexx disclosed adaptation
timing-RexxCPS-rexxcps-rxvm-recorded-5,stdout,1,----- REXXCPS 2.2d -- Measuring cREXX clauses/second -----
timing-RexxCPS-rexxcps-rxvm-recorded-5,stdout,2, cREXX version is: linux 64 crexx-1.0.0-beta.3+local.gd5f0827ca270 20260728
timing-RexxCPS-rexxcps-rxvm-recorded-5,stdout,3,       System is: linux
timing-RexxCPS-rexxcps-rxvm-recorded-5,stdout,4,REXXCPS-PROVENANCE contract=canonical-default argv_count=0 initial_count=100 averaging=100
timing-RexxCPS-rexxcps-rxvm-recorded-5,stdout,5,        Averaged: 200 x 100 iterations of 1000 clauses (over 1.4 s)
timing-RexxCPS-rexxcps-rxvm-recorded-5,stdout,6,REXXCPS-EFFECTIVE contract=canonical-default initial_count=100 effective_count=200 averaging=100 calibrated=1
timing-RexxCPS-rexxcps-rxvm-recorded-5,stdout,7,
timing-RexxCPS-rexxcps-rxvm-recorded-5,stdout,8,     Performance: 14253989 cREXX clauses per second
timing-RexxCPS-rexxcps-rxvm-recorded-5,stdout,9,
timing-RexxCPS-rexxcps-rxvm-recorded-5,stdout,10,PASS: RexxCPS 2.2d cREXX port
timing-RexxCPS-rexxcps-rxbvm-recorded-5,stdout,1,----- REXXCPS 2.2d -- Measuring cREXX clauses/second -----
timing-RexxCPS-rexxcps-rxbvm-recorded-5,stdout,2, cREXX version is: linux 64 crexx-1.0.0-beta.3+local.gd5f0827ca270 20260728
timing-RexxCPS-rexxcps-rxbvm-recorded-5,stdout,3,       System is: linux
timing-RexxCPS-rexxcps-rxbvm-recorded-5,stdout,4,REXXCPS-PROVENANCE contract=canonical-default argv_count=0 initial_count=100 averaging=100
timing-RexxCPS-rexxcps-rxbvm-recorded-5,stdout,5,        Averaged: 200 x 100 iterations of 1000 clauses (over 1.4 s)
timing-RexxCPS-rexxcps-rxbvm-recorded-5,stdout,6,REXXCPS-EFFECTIVE contract=canonical-default initial_count=100 effective_count=200 averaging=100 calibrated=1
timing-RexxCPS-rexxcps-rxbvm-recorded-5,stdout,7,
timing-RexxCPS-rexxcps-rxbvm-recorded-5,stdout,8,     Performance: 13872464 cREXX clauses per second
timing-RexxCPS-rexxcps-rxbvm-recorded-5,stdout,9,
timing-RexxCPS-rexxcps-rxbvm-recorded-5,stdout,10,PASS: RexxCPS 2.2d cREXX port
timing-RexxCPS-rexxcps-oorexx-recorded-5,stdout,1,----- REXXCPS 2.2 -- Measuring REXX clauses/second -----
timing-RexxCPS-rexxcps-oorexx-recorded-5,stdout,2, REXX version is: REXX-ooRexx_5.1.0(MT)_64-bit 6.05 2 May 2025
timing-RexxCPS-rexxcps-oorexx-recorded-5,stdout,3,       System is: LINUX
timing-RexxCPS-rexxcps-oorexx-recorded-5,stdout,4,        Averaged: 200 x 100 iterations of 1000 clauses (over 1.7s)
timing-RexxCPS-rexxcps-oorexx-recorded-5,stdout,5,
timing-RexxCPS-rexxcps-oorexx-recorded-5,stdout,6,     Performance: 11896215 REXX clauses per second
timing-RexxCPS-rexxcps-oorexx-recorded-5,stdout,7,
timing-RexxCPS-rexxcps-regina-recorded-5,stdout,1,----- REXXCPS 2.2 -- Measuring REXX clauses/second -----
timing-RexxCPS-rexxcps-regina-recorded-5,stdout,2, REXX version is: REXX-Regina_3.9.7(MT) 5.00 18 Mar 2025
timing-RexxCPS-rexxcps-regina-recorded-5,stdout,3,       System is: UNIX
timing-RexxCPS-rexxcps-regina-recorded-5,stdout,4,        Averaged: 200 x 100 iterations of 1000 clauses (over 1.5s)
timing-RexxCPS-rexxcps-regina-recorded-5,stdout,5,
timing-RexxCPS-rexxcps-regina-recorded-5,stdout,6,     Performance: 12928557 REXX clauses per second
timing-RexxCPS-rexxcps-regina-recorded-5,stdout,7,
timing-RexxCPS-rexxcps-rxvm-recorded-6,stdout,1,----- REXXCPS 2.2d -- Measuring cREXX clauses/second -----
timing-RexxCPS-rexxcps-rxvm-recorded-6,stdout,2, cREXX version is: linux 64 crexx-1.0.0-beta.3+local.gd5f0827ca270 20260728
timing-RexxCPS-rexxcps-rxvm-recorded-6,stdout,3,       System is: linux
timing-RexxCPS-rexxcps-rxvm-recorded-6,stdout,4,REXXCPS-PROVENANCE contract=canonical-default argv_count=0 initial_count=100 averaging=100
timing-RexxCPS-rexxcps-rxvm-recorded-6,stdout,5,        Averaged: 200 x 100 iterations of 1000 clauses (over 1.5 s)
timing-RexxCPS-rexxcps-rxvm-recorded-6,stdout,6,REXXCPS-EFFECTIVE contract=canonical-default initial_count=100 effective_count=200 averaging=100 calibrated=1
timing-RexxCPS-rexxcps-rxvm-recorded-6,stdout,7,
timing-RexxCPS-rexxcps-rxvm-recorded-6,stdout,8,     Performance: 13578701 cREXX clauses per second
timing-RexxCPS-rexxcps-rxvm-recorded-6,stdout,9,
timing-RexxCPS-rexxcps-rxvm-recorded-6,stdout,10,PASS: RexxCPS 2.2d cREXX port
timing-RexxCPS-rexxcps-rxbvm-recorded-6,stdout,1,----- REXXCPS 2.2d -- Measuring cREXX clauses/second -----
timing-RexxCPS-rexxcps-rxbvm-recorded-6,stdout,2, cREXX version is: linux 64 crexx-1.0.0-beta.3+local.gd5f0827ca270 20260728
timing-RexxCPS-rexxcps-rxbvm-recorded-6,stdout,3,       System is: linux
timing-RexxCPS-rexxcps-rxbvm-recorded-6,stdout,4,REXXCPS-PROVENANCE contract=canonical-default argv_count=0 initial_count=100 averaging=100
timing-RexxCPS-rexxcps-rxbvm-recorded-6,stdout,5,        Averaged: 200 x 100 iterations of 1000 clauses (over 1.5 s)
timing-RexxCPS-rexxcps-rxbvm-recorded-6,stdout,6,REXXCPS-EFFECTIVE contract=canonical-default initial_count=100 effective_count=200 averaging=100 calibrated=1
timing-RexxCPS-rexxcps-rxbvm-recorded-6,stdout,7,
timing-RexxCPS-rexxcps-rxbvm-recorded-6,stdout,8,     Performance: 13499485 cREXX clauses per second
timing-RexxCPS-rexxcps-rxbvm-recorded-6,stdout,9,
timing-RexxCPS-rexxcps-rxbvm-recorded-6,stdout,10,PASS: RexxCPS 2.2d cREXX port
timing-RexxCPS-rexxcps-oorexx-recorded-6,stdout,1,----- REXXCPS 2.2 -- Measuring REXX clauses/second -----
timing-RexxCPS-rexxcps-oorexx-recorded-6,stdout,2, REXX version is: REXX-ooRexx_5.1.0(MT)_64-bit 6.05 2 May 2025
timing-RexxCPS-rexxcps-oorexx-recorded-6,stdout,3,       System is: LINUX
timing-RexxCPS-rexxcps-oorexx-recorded-6,stdout,4,        Averaged: 200 x 100 iterations of 1000 clauses (over 1.7s)
timing-RexxCPS-rexxcps-oorexx-recorded-6,stdout,5,
timing-RexxCPS-rexxcps-oorexx-recorded-6,stdout,6,     Performance: 11782942 REXX clauses per second
timing-RexxCPS-rexxcps-oorexx-recorded-6,stdout,7,
timing-RexxCPS-rexxcps-regina-recorded-6,stdout,1,----- REXXCPS 2.2 -- Measuring REXX clauses/second -----
timing-RexxCPS-rexxcps-regina-recorded-6,stdout,2, REXX version is: REXX-Regina_3.9.7(MT) 5.00 18 Mar 2025
timing-RexxCPS-rexxcps-regina-recorded-6,stdout,3,       System is: UNIX
timing-RexxCPS-rexxcps-regina-recorded-6,stdout,4,        Averaged: 200 x 100 iterations of 1000 clauses (over 1.6s)
timing-RexxCPS-rexxcps-regina-recorded-6,stdout,5,
timing-RexxCPS-rexxcps-regina-recorded-6,stdout,6,     Performance: 12541796 REXX clauses per second
timing-RexxCPS-rexxcps-regina-recorded-6,stdout,7,
timing-RexxCPS-rexxcps-netrexx-recorded-6,stdout,1,----- REXXCPS 2.2n -- Measuring NetRexx clauses/second -----
timing-RexxCPS-rexxcps-netrexx-recorded-6,stdout,2, NetRexx version is: NetRexx 5.10 20 Mar 2026
timing-RexxCPS-rexxcps-netrexx-recorded-6,stdout,3,          System is: Java
timing-RexxCPS-rexxcps-netrexx-recorded-6,stdout,4,          Averaging: 100 measures of 100 iterations
timing-RexxCPS-rexxcps-netrexx-recorded-6,stdout,5,                       of 1000 clauses (over 1.304349441    s)
timing-RexxCPS-rexxcps-netrexx-recorded-6,stdout,6,
timing-RexxCPS-rexxcps-netrexx-recorded-6,stdout,7,Total (full DOs): 1.304349441 secs (average of 100 measures of 100 iterations)
timing-RexxCPS-rexxcps-netrexx-recorded-6,stdout,8,Time for one iteration (1000 clauses) was: 0.0001303940038 seconds
timing-RexxCPS-rexxcps-netrexx-recorded-6,stdout,9,
timing-RexxCPS-rexxcps-netrexx-recorded-6,stdout,10,     Performance: 7_669_064 NetRexx clauses per second
timing-RexxCPS-rexxcps-netrexx-recorded-6,stdout,11,                ( 7.669E+6 cps)
timing-RexxCPS-rexxcps-netrexx-recorded-6,stdout,12,
timing-RexxCPS-rexxcps-netrexx-recorded-6,stdout,13,PASS: RexxCPS 2.2n NetRexx disclosed adaptation
timing-RexxCPS-rexxcps-rxbvm-recorded-7,stdout,1,----- REXXCPS 2.2d -- Measuring cREXX clauses/second -----
timing-RexxCPS-rexxcps-rxbvm-recorded-7,stdout,2, cREXX version is: linux 64 crexx-1.0.0-beta.3+local.gd5f0827ca270 20260728
timing-RexxCPS-rexxcps-rxbvm-recorded-7,stdout,3,       System is: linux
timing-RexxCPS-rexxcps-rxbvm-recorded-7,stdout,4,REXXCPS-PROVENANCE contract=canonical-default argv_count=0 initial_count=100 averaging=100
timing-RexxCPS-rexxcps-rxbvm-recorded-7,stdout,5,        Averaged: 200 x 100 iterations of 1000 clauses (over 1.4 s)
timing-RexxCPS-rexxcps-rxbvm-recorded-7,stdout,6,REXXCPS-EFFECTIVE contract=canonical-default initial_count=100 effective_count=200 averaging=100 calibrated=1
timing-RexxCPS-rexxcps-rxbvm-recorded-7,stdout,7,
timing-RexxCPS-rexxcps-rxbvm-recorded-7,stdout,8,     Performance: 14056938 cREXX clauses per second
timing-RexxCPS-rexxcps-rxbvm-recorded-7,stdout,9,
timing-RexxCPS-rexxcps-rxbvm-recorded-7,stdout,10,PASS: RexxCPS 2.2d cREXX port
timing-RexxCPS-rexxcps-oorexx-recorded-7,stdout,1,----- REXXCPS 2.2 -- Measuring REXX clauses/second -----
timing-RexxCPS-rexxcps-oorexx-recorded-7,stdout,2, REXX version is: REXX-ooRexx_5.1.0(MT)_64-bit 6.05 2 May 2025
timing-RexxCPS-rexxcps-oorexx-recorded-7,stdout,3,       System is: LINUX
timing-RexxCPS-rexxcps-oorexx-recorded-7,stdout,4,        Averaged: 200 x 100 iterations of 1000 clauses (over 1.7s)
timing-RexxCPS-rexxcps-oorexx-recorded-7,stdout,5,
timing-RexxCPS-rexxcps-oorexx-recorded-7,stdout,6,     Performance: 11904904 REXX clauses per second
timing-RexxCPS-rexxcps-oorexx-recorded-7,stdout,7,
timing-RexxCPS-rexxcps-regina-recorded-7,stdout,1,----- REXXCPS 2.2 -- Measuring REXX clauses/second -----
timing-RexxCPS-rexxcps-regina-recorded-7,stdout,2, REXX version is: REXX-Regina_3.9.7(MT) 5.00 18 Mar 2025
timing-RexxCPS-rexxcps-regina-recorded-7,stdout,3,       System is: UNIX
timing-RexxCPS-rexxcps-regina-recorded-7,stdout,4,        Averaged: 200 x 100 iterations of 1000 clauses (over 1.6s)
timing-RexxCPS-rexxcps-regina-recorded-7,stdout,5,
timing-RexxCPS-rexxcps-regina-recorded-7,stdout,6,     Performance: 12645239 REXX clauses per second
timing-RexxCPS-rexxcps-regina-recorded-7,stdout,7,
timing-RexxCPS-rexxcps-netrexx-recorded-7,stdout,1,----- REXXCPS 2.2n -- Measuring NetRexx clauses/second -----
timing-RexxCPS-rexxcps-netrexx-recorded-7,stdout,2, NetRexx version is: NetRexx 5.10 20 Mar 2026
timing-RexxCPS-rexxcps-netrexx-recorded-7,stdout,3,          System is: Java
timing-RexxCPS-rexxcps-netrexx-recorded-7,stdout,4,          Averaging: 100 measures of 100 iterations
timing-RexxCPS-rexxcps-netrexx-recorded-7,stdout,5,                       of 1000 clauses (over 1.219536011    s)
timing-RexxCPS-rexxcps-netrexx-recorded-7,stdout,6,
timing-RexxCPS-rexxcps-netrexx-recorded-7,stdout,7,Total (full DOs): 1.219536011 secs (average of 100 measures of 100 iterations)
timing-RexxCPS-rexxcps-netrexx-recorded-7,stdout,8,Time for one iteration (1000 clauses) was: 0.0001219114553 seconds
timing-RexxCPS-rexxcps-netrexx-recorded-7,stdout,9,
timing-RexxCPS-rexxcps-netrexx-recorded-7,stdout,10,     Performance: 8_202_675 NetRexx clauses per second
timing-RexxCPS-rexxcps-netrexx-recorded-7,stdout,11,                ( 8.203E+6 cps)
timing-RexxCPS-rexxcps-netrexx-recorded-7,stdout,12,
timing-RexxCPS-rexxcps-netrexx-recorded-7,stdout,13,PASS: RexxCPS 2.2n NetRexx disclosed adaptation
timing-RexxCPS-rexxcps-rxvm-recorded-7,stdout,1,----- REXXCPS 2.2d -- Measuring cREXX clauses/second -----
timing-RexxCPS-rexxcps-rxvm-recorded-7,stdout,2, cREXX version is: linux 64 crexx-1.0.0-beta.3+local.gd5f0827ca270 20260728
timing-RexxCPS-rexxcps-rxvm-recorded-7,stdout,3,       System is: linux
timing-RexxCPS-rexxcps-rxvm-recorded-7,stdout,4,REXXCPS-PROVENANCE contract=canonical-default argv_count=0 initial_count=100 averaging=100
timing-RexxCPS-rexxcps-rxvm-recorded-7,stdout,5,        Averaged: 200 x 100 iterations of 1000 clauses (over 1.5 s)
timing-RexxCPS-rexxcps-rxvm-recorded-7,stdout,6,REXXCPS-EFFECTIVE contract=canonical-default initial_count=100 effective_count=200 averaging=100 calibrated=1
timing-RexxCPS-rexxcps-rxvm-recorded-7,stdout,7,
timing-RexxCPS-rexxcps-rxvm-recorded-7,stdout,8,     Performance: 13735868 cREXX clauses per second
timing-RexxCPS-rexxcps-rxvm-recorded-7,stdout,9,
timing-RexxCPS-rexxcps-rxvm-recorded-7,stdout,10,PASS: RexxCPS 2.2d cREXX port
timing-RexxCPS-rexxcps-oorexx-recorded-8,stdout,1,----- REXXCPS 2.2 -- Measuring REXX clauses/second -----
timing-RexxCPS-rexxcps-oorexx-recorded-8,stdout,2, REXX version is: REXX-ooRexx_5.1.0(MT)_64-bit 6.05 2 May 2025
timing-RexxCPS-rexxcps-oorexx-recorded-8,stdout,3,       System is: LINUX
timing-RexxCPS-rexxcps-oorexx-recorded-8,stdout,4,        Averaged: 200 x 100 iterations of 1000 clauses (over 1.7s)
timing-RexxCPS-rexxcps-oorexx-recorded-8,stdout,5,
timing-RexxCPS-rexxcps-oorexx-recorded-8,stdout,6,     Performance: 11838642 REXX clauses per second
timing-RexxCPS-rexxcps-oorexx-recorded-8,stdout,7,
timing-RexxCPS-rexxcps-regina-recorded-8,stdout,1,----- REXXCPS 2.2 -- Measuring REXX clauses/second -----
timing-RexxCPS-rexxcps-regina-recorded-8,stdout,2, REXX version is: REXX-Regina_3.9.7(MT) 5.00 18 Mar 2025
timing-RexxCPS-rexxcps-regina-recorded-8,stdout,3,       System is: UNIX
timing-RexxCPS-rexxcps-regina-recorded-8,stdout,4,        Averaged: 200 x 100 iterations of 1000 clauses (over 1.6s)
timing-RexxCPS-rexxcps-regina-recorded-8,stdout,5,
timing-RexxCPS-rexxcps-regina-recorded-8,stdout,6,     Performance: 12395291 REXX clauses per second
timing-RexxCPS-rexxcps-regina-recorded-8,stdout,7,
timing-RexxCPS-rexxcps-netrexx-recorded-8,stdout,1,----- REXXCPS 2.2n -- Measuring NetRexx clauses/second -----
timing-RexxCPS-rexxcps-netrexx-recorded-8,stdout,2, NetRexx version is: NetRexx 5.10 20 Mar 2026
timing-RexxCPS-rexxcps-netrexx-recorded-8,stdout,3,          System is: Java
timing-RexxCPS-rexxcps-netrexx-recorded-8,stdout,4,          Averaging: 100 measures of 100 iterations
timing-RexxCPS-rexxcps-netrexx-recorded-8,stdout,5,                       of 1000 clauses (over 1.205464205    s)
timing-RexxCPS-rexxcps-netrexx-recorded-8,stdout,6,
timing-RexxCPS-rexxcps-netrexx-recorded-8,stdout,7,Total (full DOs): 1.205464205 secs (average of 100 measures of 100 iterations)
timing-RexxCPS-rexxcps-netrexx-recorded-8,stdout,8,Time for one iteration (1000 clauses) was: 0.0001204853742 seconds
timing-RexxCPS-rexxcps-netrexx-recorded-8,stdout,9,
timing-RexxCPS-rexxcps-netrexx-recorded-8,stdout,10,     Performance: 8_299_763 NetRexx clauses per second
timing-RexxCPS-rexxcps-netrexx-recorded-8,stdout,11,                ( 8.300E+6 cps)
timing-RexxCPS-rexxcps-netrexx-recorded-8,stdout,12,
timing-RexxCPS-rexxcps-netrexx-recorded-8,stdout,13,PASS: RexxCPS 2.2n NetRexx disclosed adaptation
timing-RexxCPS-rexxcps-rxvm-recorded-8,stdout,1,----- REXXCPS 2.2d -- Measuring cREXX clauses/second -----
timing-RexxCPS-rexxcps-rxvm-recorded-8,stdout,2, cREXX version is: linux 64 crexx-1.0.0-beta.3+local.gd5f0827ca270 20260728
timing-RexxCPS-rexxcps-rxvm-recorded-8,stdout,3,       System is: linux
timing-RexxCPS-rexxcps-rxvm-recorded-8,stdout,4,REXXCPS-PROVENANCE contract=canonical-default argv_count=0 initial_count=100 averaging=100
timing-RexxCPS-rexxcps-rxvm-recorded-8,stdout,5,        Averaged: 200 x 100 iterations of 1000 clauses (over 1.4 s)
timing-RexxCPS-rexxcps-rxvm-recorded-8,stdout,6,REXXCPS-EFFECTIVE contract=canonical-default initial_count=100 effective_count=200 averaging=100 calibrated=1
timing-RexxCPS-rexxcps-rxvm-recorded-8,stdout,7,
timing-RexxCPS-rexxcps-rxvm-recorded-8,stdout,8,     Performance: 14491630 cREXX clauses per second
timing-RexxCPS-rexxcps-rxvm-recorded-8,stdout,9,
timing-RexxCPS-rexxcps-rxvm-recorded-8,stdout,10,PASS: RexxCPS 2.2d cREXX port
timing-RexxCPS-rexxcps-rxbvm-recorded-8,stdout,1,----- REXXCPS 2.2d -- Measuring cREXX clauses/second -----
timing-RexxCPS-rexxcps-rxbvm-recorded-8,stdout,2, cREXX version is: linux 64 crexx-1.0.0-beta.3+local.gd5f0827ca270 20260728
timing-RexxCPS-rexxcps-rxbvm-recorded-8,stdout,3,       System is: linux
timing-RexxCPS-rexxcps-rxbvm-recorded-8,stdout,4,REXXCPS-PROVENANCE contract=canonical-default argv_count=0 initial_count=100 averaging=100
timing-RexxCPS-rexxcps-rxbvm-recorded-8,stdout,5,        Averaged: 200 x 100 iterations of 1000 clauses (over 1.5 s)
timing-RexxCPS-rexxcps-rxbvm-recorded-8,stdout,6,REXXCPS-EFFECTIVE contract=canonical-default initial_count=100 effective_count=200 averaging=100 calibrated=1
timing-RexxCPS-rexxcps-rxbvm-recorded-8,stdout,7,
timing-RexxCPS-rexxcps-rxbvm-recorded-8,stdout,8,     Performance: 13774816 cREXX clauses per second
timing-RexxCPS-rexxcps-rxbvm-recorded-8,stdout,9,
timing-RexxCPS-rexxcps-rxbvm-recorded-8,stdout,10,PASS: RexxCPS 2.2d cREXX port
timing-RexxCPS-rexxcps-regina-recorded-9,stdout,1,----- REXXCPS 2.2 -- Measuring REXX clauses/second -----
timing-RexxCPS-rexxcps-regina-recorded-9,stdout,2, REXX version is: REXX-Regina_3.9.7(MT) 5.00 18 Mar 2025
timing-RexxCPS-rexxcps-regina-recorded-9,stdout,3,       System is: UNIX
timing-RexxCPS-rexxcps-regina-recorded-9,stdout,4,        Averaged: 200 x 100 iterations of 1000 clauses (over 1.6s)
timing-RexxCPS-rexxcps-regina-recorded-9,stdout,5,
timing-RexxCPS-rexxcps-regina-recorded-9,stdout,6,     Performance: 12451292 REXX clauses per second
timing-RexxCPS-rexxcps-regina-recorded-9,stdout,7,
timing-RexxCPS-rexxcps-netrexx-recorded-9,stdout,1,----- REXXCPS 2.2n -- Measuring NetRexx clauses/second -----
timing-RexxCPS-rexxcps-netrexx-recorded-9,stdout,2, NetRexx version is: NetRexx 5.10 20 Mar 2026
timing-RexxCPS-rexxcps-netrexx-recorded-9,stdout,3,          System is: Java
timing-RexxCPS-rexxcps-netrexx-recorded-9,stdout,4,          Averaging: 100 measures of 100 iterations
timing-RexxCPS-rexxcps-netrexx-recorded-9,stdout,5,                       of 1000 clauses (over 1.327508779    s)
timing-RexxCPS-rexxcps-netrexx-recorded-9,stdout,6,
timing-RexxCPS-rexxcps-netrexx-recorded-9,stdout,7,Total (full DOs): 1.327508779 secs (average of 100 measures of 100 iterations)
timing-RexxCPS-rexxcps-netrexx-recorded-9,stdout,8,Time for one iteration (1000 clauses) was: 0.0001327078657 seconds
timing-RexxCPS-rexxcps-netrexx-recorded-9,stdout,9,
timing-RexxCPS-rexxcps-netrexx-recorded-9,stdout,10,     Performance: 7_535_348 NetRexx clauses per second
timing-RexxCPS-rexxcps-netrexx-recorded-9,stdout,11,                ( 7.535E+6 cps)
timing-RexxCPS-rexxcps-netrexx-recorded-9,stdout,12,
timing-RexxCPS-rexxcps-netrexx-recorded-9,stdout,13,PASS: RexxCPS 2.2n NetRexx disclosed adaptation
timing-RexxCPS-rexxcps-rxvm-recorded-9,stdout,1,----- REXXCPS 2.2d -- Measuring cREXX clauses/second -----
timing-RexxCPS-rexxcps-rxvm-recorded-9,stdout,2, cREXX version is: linux 64 crexx-1.0.0-beta.3+local.gd5f0827ca270 20260728
timing-RexxCPS-rexxcps-rxvm-recorded-9,stdout,3,       System is: linux
timing-RexxCPS-rexxcps-rxvm-recorded-9,stdout,4,REXXCPS-PROVENANCE contract=canonical-default argv_count=0 initial_count=100 averaging=100
timing-RexxCPS-rexxcps-rxvm-recorded-9,stdout,5,        Averaged: 200 x 100 iterations of 1000 clauses (over 1.4 s)
timing-RexxCPS-rexxcps-rxvm-recorded-9,stdout,6,REXXCPS-EFFECTIVE contract=canonical-default initial_count=100 effective_count=200 averaging=100 calibrated=1
timing-RexxCPS-rexxcps-rxvm-recorded-9,stdout,7,
timing-RexxCPS-rexxcps-rxvm-recorded-9,stdout,8,     Performance: 13970256 cREXX clauses per second
timing-RexxCPS-rexxcps-rxvm-recorded-9,stdout,9,
timing-RexxCPS-rexxcps-rxvm-recorded-9,stdout,10,PASS: RexxCPS 2.2d cREXX port
timing-RexxCPS-rexxcps-rxbvm-recorded-9,stdout,1,----- REXXCPS 2.2d -- Measuring cREXX clauses/second -----
timing-RexxCPS-rexxcps-rxbvm-recorded-9,stdout,2, cREXX version is: linux 64 crexx-1.0.0-beta.3+local.gd5f0827ca270 20260728
timing-RexxCPS-rexxcps-rxbvm-recorded-9,stdout,3,       System is: linux
timing-RexxCPS-rexxcps-rxbvm-recorded-9,stdout,4,REXXCPS-PROVENANCE contract=canonical-default argv_count=0 initial_count=100 averaging=100
timing-RexxCPS-rexxcps-rxbvm-recorded-9,stdout,5,        Averaged: 200 x 100 iterations of 1000 clauses (over 1.4 s)
timing-RexxCPS-rexxcps-rxbvm-recorded-9,stdout,6,REXXCPS-EFFECTIVE contract=canonical-default initial_count=100 effective_count=200 averaging=100 calibrated=1
timing-RexxCPS-rexxcps-rxbvm-recorded-9,stdout,7,
timing-RexxCPS-rexxcps-rxbvm-recorded-9,stdout,8,     Performance: 13856125 cREXX clauses per second
timing-RexxCPS-rexxcps-rxbvm-recorded-9,stdout,9,
timing-RexxCPS-rexxcps-rxbvm-recorded-9,stdout,10,PASS: RexxCPS 2.2d cREXX port
timing-RexxCPS-rexxcps-oorexx-recorded-9,stdout,1,----- REXXCPS 2.2 -- Measuring REXX clauses/second -----
timing-RexxCPS-rexxcps-oorexx-recorded-9,stdout,2, REXX version is: REXX-ooRexx_5.1.0(MT)_64-bit 6.05 2 May 2025
timing-RexxCPS-rexxcps-oorexx-recorded-9,stdout,3,       System is: LINUX
timing-RexxCPS-rexxcps-oorexx-recorded-9,stdout,4,        Averaged: 200 x 100 iterations of 1000 clauses (over 1.7s)
timing-RexxCPS-rexxcps-oorexx-recorded-9,stdout,5,
timing-RexxCPS-rexxcps-oorexx-recorded-9,stdout,6,     Performance: 11595662 REXX clauses per second
timing-RexxCPS-rexxcps-oorexx-recorded-9,stdout,7,
timing-RexxCPS-rexxcps-netrexx-recorded-10,stdout,1,----- REXXCPS 2.2n -- Measuring NetRexx clauses/second -----
timing-RexxCPS-rexxcps-netrexx-recorded-10,stdout,2, NetRexx version is: NetRexx 5.10 20 Mar 2026
timing-RexxCPS-rexxcps-netrexx-recorded-10,stdout,3,          System is: Java
timing-RexxCPS-rexxcps-netrexx-recorded-10,stdout,4,          Averaging: 100 measures of 100 iterations
timing-RexxCPS-rexxcps-netrexx-recorded-10,stdout,5,                       of 1000 clauses (over 1.328020013    s)
timing-RexxCPS-rexxcps-netrexx-recorded-10,stdout,6,
timing-RexxCPS-rexxcps-netrexx-recorded-10,stdout,7,Total (full DOs): 1.328020013 secs (average of 100 measures of 100 iterations)
timing-RexxCPS-rexxcps-netrexx-recorded-10,stdout,8,Time for one iteration (1000 clauses) was: 0.0001327511212 seconds
timing-RexxCPS-rexxcps-netrexx-recorded-10,stdout,9,
timing-RexxCPS-rexxcps-netrexx-recorded-10,stdout,10,     Performance: 7_532_893 NetRexx clauses per second
timing-RexxCPS-rexxcps-netrexx-recorded-10,stdout,11,                ( 7.533E+6 cps)
timing-RexxCPS-rexxcps-netrexx-recorded-10,stdout,12,
timing-RexxCPS-rexxcps-netrexx-recorded-10,stdout,13,PASS: RexxCPS 2.2n NetRexx disclosed adaptation
timing-RexxCPS-rexxcps-rxvm-recorded-10,stdout,1,----- REXXCPS 2.2d -- Measuring cREXX clauses/second -----
timing-RexxCPS-rexxcps-rxvm-recorded-10,stdout,2, cREXX version is: linux 64 crexx-1.0.0-beta.3+local.gd5f0827ca270 20260728
timing-RexxCPS-rexxcps-rxvm-recorded-10,stdout,3,       System is: linux
timing-RexxCPS-rexxcps-rxvm-recorded-10,stdout,4,REXXCPS-PROVENANCE contract=canonical-default argv_count=0 initial_count=100 averaging=100
timing-RexxCPS-rexxcps-rxvm-recorded-10,stdout,5,        Averaged: 200 x 100 iterations of 1000 clauses (over 1.4 s)
timing-RexxCPS-rexxcps-rxvm-recorded-10,stdout,6,REXXCPS-EFFECTIVE contract=canonical-default initial_count=100 effective_count=200 averaging=100 calibrated=1
timing-RexxCPS-rexxcps-rxvm-recorded-10,stdout,7,
timing-RexxCPS-rexxcps-rxvm-recorded-10,stdout,8,     Performance: 14361203 cREXX clauses per second
timing-RexxCPS-rexxcps-rxvm-recorded-10,stdout,9,
timing-RexxCPS-rexxcps-rxvm-recorded-10,stdout,10,PASS: RexxCPS 2.2d cREXX port
timing-RexxCPS-rexxcps-rxbvm-recorded-10,stdout,1,----- REXXCPS 2.2d -- Measuring cREXX clauses/second -----
timing-RexxCPS-rexxcps-rxbvm-recorded-10,stdout,2, cREXX version is: linux 64 crexx-1.0.0-beta.3+local.gd5f0827ca270 20260728
timing-RexxCPS-rexxcps-rxbvm-recorded-10,stdout,3,       System is: linux
timing-RexxCPS-rexxcps-rxbvm-recorded-10,stdout,4,REXXCPS-PROVENANCE contract=canonical-default argv_count=0 initial_count=100 averaging=100
timing-RexxCPS-rexxcps-rxbvm-recorded-10,stdout,5,        Averaged: 200 x 100 iterations of 1000 clauses (over 1.4 s)
timing-RexxCPS-rexxcps-rxbvm-recorded-10,stdout,6,REXXCPS-EFFECTIVE contract=canonical-default initial_count=100 effective_count=200 averaging=100 calibrated=1
timing-RexxCPS-rexxcps-rxbvm-recorded-10,stdout,7,
timing-RexxCPS-rexxcps-rxbvm-recorded-10,stdout,8,     Performance: 14291605 cREXX clauses per second
timing-RexxCPS-rexxcps-rxbvm-recorded-10,stdout,9,
timing-RexxCPS-rexxcps-rxbvm-recorded-10,stdout,10,PASS: RexxCPS 2.2d cREXX port
timing-RexxCPS-rexxcps-oorexx-recorded-10,stdout,1,----- REXXCPS 2.2 -- Measuring REXX clauses/second -----
timing-RexxCPS-rexxcps-oorexx-recorded-10,stdout,2, REXX version is: REXX-ooRexx_5.1.0(MT)_64-bit 6.05 2 May 2025
timing-RexxCPS-rexxcps-oorexx-recorded-10,stdout,3,       System is: LINUX
timing-RexxCPS-rexxcps-oorexx-recorded-10,stdout,4,        Averaged: 200 x 100 iterations of 1000 clauses (over 1.7s)
timing-RexxCPS-rexxcps-oorexx-recorded-10,stdout,5,
timing-RexxCPS-rexxcps-oorexx-recorded-10,stdout,6,     Performance: 11641145 REXX clauses per second
timing-RexxCPS-rexxcps-oorexx-recorded-10,stdout,7,
timing-RexxCPS-rexxcps-regina-recorded-10,stdout,1,----- REXXCPS 2.2 -- Measuring REXX clauses/second -----
timing-RexxCPS-rexxcps-regina-recorded-10,stdout,2, REXX version is: REXX-Regina_3.9.7(MT) 5.00 18 Mar 2025
timing-RexxCPS-rexxcps-regina-recorded-10,stdout,3,       System is: UNIX
timing-RexxCPS-rexxcps-regina-recorded-10,stdout,4,        Averaged: 200 x 100 iterations of 1000 clauses (over 1.6s)
timing-RexxCPS-rexxcps-regina-recorded-10,stdout,5,
timing-RexxCPS-rexxcps-regina-recorded-10,stdout,6,     Performance: 12674271 REXX clauses per second
timing-RexxCPS-rexxcps-regina-recorded-10,stdout,7,
