sample_id,stream,line_number,text
timing-Sieve-sieve-rxtvm-clang-r5-all-inline-warmup-1,stdout,1,benchmark=awfy_sieve repetitions=5500 result=669
timing-Sieve-sieve-rxtvm-clang-r5-all-inline-warmup-1,stdout,2,PASS: AWFY Sieve
timing-Sieve-sieve-rxbvm-clang-r5-all-inline-warmup-1,stdout,1,benchmark=awfy_sieve repetitions=5500 result=669
timing-Sieve-sieve-rxbvm-clang-r5-all-inline-warmup-1,stdout,2,PASS: AWFY Sieve
timing-Sieve-sieve-rxtvm-clang-r5-profile-5-warmup-1,stdout,1,benchmark=awfy_sieve repetitions=5500 result=669
timing-Sieve-sieve-rxtvm-clang-r5-profile-5-warmup-1,stdout,2,PASS: AWFY Sieve
timing-Sieve-sieve-rxbvm-clang-r5-profile-5-warmup-1,stdout,1,benchmark=awfy_sieve repetitions=5500 result=669
timing-Sieve-sieve-rxbvm-clang-r5-profile-5-warmup-1,stdout,2,PASS: AWFY Sieve
timing-Sieve-sieve-rxtvm-clang-r5-profile-10-warmup-1,stdout,1,benchmark=awfy_sieve repetitions=5500 result=669
timing-Sieve-sieve-rxtvm-clang-r5-profile-10-warmup-1,stdout,2,PASS: AWFY Sieve
timing-Sieve-sieve-rxbvm-clang-r5-profile-10-warmup-1,stdout,1,benchmark=awfy_sieve repetitions=5500 result=669
timing-Sieve-sieve-rxbvm-clang-r5-profile-10-warmup-1,stdout,2,PASS: AWFY Sieve
timing-Sieve-sieve-rxtvm-clang-r5-profile-15-warmup-1,stdout,1,benchmark=awfy_sieve repetitions=5500 result=669
timing-Sieve-sieve-rxtvm-clang-r5-profile-15-warmup-1,stdout,2,PASS: AWFY Sieve
timing-Sieve-sieve-rxbvm-clang-r5-profile-15-warmup-1,stdout,1,benchmark=awfy_sieve repetitions=5500 result=669
timing-Sieve-sieve-rxbvm-clang-r5-profile-15-warmup-1,stdout,2,PASS: AWFY Sieve
timing-Sieve-sieve-rxtvm-clang-r5-profile-20-warmup-1,stdout,1,benchmark=awfy_sieve repetitions=5500 result=669
timing-Sieve-sieve-rxtvm-clang-r5-profile-20-warmup-1,stdout,2,PASS: AWFY Sieve
timing-Sieve-sieve-rxbvm-clang-r5-profile-20-warmup-1,stdout,1,benchmark=awfy_sieve repetitions=5500 result=669
timing-Sieve-sieve-rxbvm-clang-r5-profile-20-warmup-1,stdout,2,PASS: AWFY Sieve
timing-Sieve-sieve-rxtvm-clang-r5-profile-30-warmup-1,stdout,1,benchmark=awfy_sieve repetitions=5500 result=669
timing-Sieve-sieve-rxtvm-clang-r5-profile-30-warmup-1,stdout,2,PASS: AWFY Sieve
timing-Sieve-sieve-rxbvm-clang-r5-profile-30-warmup-1,stdout,1,benchmark=awfy_sieve repetitions=5500 result=669
timing-Sieve-sieve-rxbvm-clang-r5-profile-30-warmup-1,stdout,2,PASS: AWFY Sieve
timing-Sieve-sieve-rxtvm-clang-r5-max-eligible-warmup-1,stdout,1,benchmark=awfy_sieve repetitions=5500 result=669
timing-Sieve-sieve-rxtvm-clang-r5-max-eligible-warmup-1,stdout,2,PASS: AWFY Sieve
timing-Sieve-sieve-rxbvm-clang-r5-max-eligible-warmup-1,stdout,1,benchmark=awfy_sieve repetitions=5500 result=669
timing-Sieve-sieve-rxbvm-clang-r5-max-eligible-warmup-1,stdout,2,PASS: AWFY Sieve
timing-Sieve-sieve-rxtvm-clang-r5-all-outline-warmup-1,stdout,1,benchmark=awfy_sieve repetitions=5500 result=669
timing-Sieve-sieve-rxtvm-clang-r5-all-outline-warmup-1,stdout,2,PASS: AWFY Sieve
timing-Sieve-sieve-rxbvm-clang-r5-all-outline-warmup-1,stdout,1,benchmark=awfy_sieve repetitions=5500 result=669
timing-Sieve-sieve-rxbvm-clang-r5-all-outline-warmup-1,stdout,2,PASS: AWFY Sieve
timing-Sieve-sieve-rxtvm-clang-r5-all-inline-recorded-1,stdout,1,benchmark=awfy_sieve repetitions=5500 result=669
timing-Sieve-sieve-rxtvm-clang-r5-all-inline-recorded-1,stdout,2,PASS: AWFY Sieve
timing-Sieve-sieve-rxbvm-clang-r5-all-inline-recorded-1,stdout,1,benchmark=awfy_sieve repetitions=5500 result=669
timing-Sieve-sieve-rxbvm-clang-r5-all-inline-recorded-1,stdout,2,PASS: AWFY Sieve
timing-Sieve-sieve-rxtvm-clang-r5-profile-5-recorded-1,stdout,1,benchmark=awfy_sieve repetitions=5500 result=669
timing-Sieve-sieve-rxtvm-clang-r5-profile-5-recorded-1,stdout,2,PASS: AWFY Sieve
timing-Sieve-sieve-rxbvm-clang-r5-profile-5-recorded-1,stdout,1,benchmark=awfy_sieve repetitions=5500 result=669
timing-Sieve-sieve-rxbvm-clang-r5-profile-5-recorded-1,stdout,2,PASS: AWFY Sieve
timing-Sieve-sieve-rxtvm-clang-r5-profile-10-recorded-1,stdout,1,benchmark=awfy_sieve repetitions=5500 result=669
timing-Sieve-sieve-rxtvm-clang-r5-profile-10-recorded-1,stdout,2,PASS: AWFY Sieve
timing-Sieve-sieve-rxbvm-clang-r5-profile-10-recorded-1,stdout,1,benchmark=awfy_sieve repetitions=5500 result=669
timing-Sieve-sieve-rxbvm-clang-r5-profile-10-recorded-1,stdout,2,PASS: AWFY Sieve
timing-Sieve-sieve-rxtvm-clang-r5-profile-15-recorded-1,stdout,1,benchmark=awfy_sieve repetitions=5500 result=669
timing-Sieve-sieve-rxtvm-clang-r5-profile-15-recorded-1,stdout,2,PASS: AWFY Sieve
timing-Sieve-sieve-rxbvm-clang-r5-profile-15-recorded-1,stdout,1,benchmark=awfy_sieve repetitions=5500 result=669
timing-Sieve-sieve-rxbvm-clang-r5-profile-15-recorded-1,stdout,2,PASS: AWFY Sieve
timing-Sieve-sieve-rxtvm-clang-r5-profile-20-recorded-1,stdout,1,benchmark=awfy_sieve repetitions=5500 result=669
timing-Sieve-sieve-rxtvm-clang-r5-profile-20-recorded-1,stdout,2,PASS: AWFY Sieve
timing-Sieve-sieve-rxbvm-clang-r5-profile-20-recorded-1,stdout,1,benchmark=awfy_sieve repetitions=5500 result=669
timing-Sieve-sieve-rxbvm-clang-r5-profile-20-recorded-1,stdout,2,PASS: AWFY Sieve
timing-Sieve-sieve-rxtvm-clang-r5-profile-30-recorded-1,stdout,1,benchmark=awfy_sieve repetitions=5500 result=669
timing-Sieve-sieve-rxtvm-clang-r5-profile-30-recorded-1,stdout,2,PASS: AWFY Sieve
timing-Sieve-sieve-rxbvm-clang-r5-profile-30-recorded-1,stdout,1,benchmark=awfy_sieve repetitions=5500 result=669
timing-Sieve-sieve-rxbvm-clang-r5-profile-30-recorded-1,stdout,2,PASS: AWFY Sieve
timing-Sieve-sieve-rxtvm-clang-r5-max-eligible-recorded-1,stdout,1,benchmark=awfy_sieve repetitions=5500 result=669
timing-Sieve-sieve-rxtvm-clang-r5-max-eligible-recorded-1,stdout,2,PASS: AWFY Sieve
timing-Sieve-sieve-rxbvm-clang-r5-max-eligible-recorded-1,stdout,1,benchmark=awfy_sieve repetitions=5500 result=669
timing-Sieve-sieve-rxbvm-clang-r5-max-eligible-recorded-1,stdout,2,PASS: AWFY Sieve
timing-Sieve-sieve-rxtvm-clang-r5-all-outline-recorded-1,stdout,1,benchmark=awfy_sieve repetitions=5500 result=669
timing-Sieve-sieve-rxtvm-clang-r5-all-outline-recorded-1,stdout,2,PASS: AWFY Sieve
timing-Sieve-sieve-rxbvm-clang-r5-all-outline-recorded-1,stdout,1,benchmark=awfy_sieve repetitions=5500 result=669
timing-Sieve-sieve-rxbvm-clang-r5-all-outline-recorded-1,stdout,2,PASS: AWFY Sieve
timing-Sieve-sieve-rxbvm-clang-r5-all-outline-recorded-2,stdout,1,benchmark=awfy_sieve repetitions=5500 result=669
timing-Sieve-sieve-rxbvm-clang-r5-all-outline-recorded-2,stdout,2,PASS: AWFY Sieve
timing-Sieve-sieve-rxtvm-clang-r5-all-outline-recorded-2,stdout,1,benchmark=awfy_sieve repetitions=5500 result=669
timing-Sieve-sieve-rxtvm-clang-r5-all-outline-recorded-2,stdout,2,PASS: AWFY Sieve
timing-Sieve-sieve-rxbvm-clang-r5-max-eligible-recorded-2,stdout,1,benchmark=awfy_sieve repetitions=5500 result=669
timing-Sieve-sieve-rxbvm-clang-r5-max-eligible-recorded-2,stdout,2,PASS: AWFY Sieve
timing-Sieve-sieve-rxtvm-clang-r5-max-eligible-recorded-2,stdout,1,benchmark=awfy_sieve repetitions=5500 result=669
timing-Sieve-sieve-rxtvm-clang-r5-max-eligible-recorded-2,stdout,2,PASS: AWFY Sieve
timing-Sieve-sieve-rxbvm-clang-r5-profile-30-recorded-2,stdout,1,benchmark=awfy_sieve repetitions=5500 result=669
timing-Sieve-sieve-rxbvm-clang-r5-profile-30-recorded-2,stdout,2,PASS: AWFY Sieve
timing-Sieve-sieve-rxtvm-clang-r5-profile-30-recorded-2,stdout,1,benchmark=awfy_sieve repetitions=5500 result=669
timing-Sieve-sieve-rxtvm-clang-r5-profile-30-recorded-2,stdout,2,PASS: AWFY Sieve
timing-Sieve-sieve-rxbvm-clang-r5-profile-20-recorded-2,stdout,1,benchmark=awfy_sieve repetitions=5500 result=669
timing-Sieve-sieve-rxbvm-clang-r5-profile-20-recorded-2,stdout,2,PASS: AWFY Sieve
timing-Sieve-sieve-rxtvm-clang-r5-profile-20-recorded-2,stdout,1,benchmark=awfy_sieve repetitions=5500 result=669
timing-Sieve-sieve-rxtvm-clang-r5-profile-20-recorded-2,stdout,2,PASS: AWFY Sieve
timing-Sieve-sieve-rxbvm-clang-r5-profile-15-recorded-2,stdout,1,benchmark=awfy_sieve repetitions=5500 result=669
timing-Sieve-sieve-rxbvm-clang-r5-profile-15-recorded-2,stdout,2,PASS: AWFY Sieve
timing-Sieve-sieve-rxtvm-clang-r5-profile-15-recorded-2,stdout,1,benchmark=awfy_sieve repetitions=5500 result=669
timing-Sieve-sieve-rxtvm-clang-r5-profile-15-recorded-2,stdout,2,PASS: AWFY Sieve
timing-Sieve-sieve-rxbvm-clang-r5-profile-10-recorded-2,stdout,1,benchmark=awfy_sieve repetitions=5500 result=669
timing-Sieve-sieve-rxbvm-clang-r5-profile-10-recorded-2,stdout,2,PASS: AWFY Sieve
timing-Sieve-sieve-rxtvm-clang-r5-profile-10-recorded-2,stdout,1,benchmark=awfy_sieve repetitions=5500 result=669
timing-Sieve-sieve-rxtvm-clang-r5-profile-10-recorded-2,stdout,2,PASS: AWFY Sieve
timing-Sieve-sieve-rxbvm-clang-r5-profile-5-recorded-2,stdout,1,benchmark=awfy_sieve repetitions=5500 result=669
timing-Sieve-sieve-rxbvm-clang-r5-profile-5-recorded-2,stdout,2,PASS: AWFY Sieve
timing-Sieve-sieve-rxtvm-clang-r5-profile-5-recorded-2,stdout,1,benchmark=awfy_sieve repetitions=5500 result=669
timing-Sieve-sieve-rxtvm-clang-r5-profile-5-recorded-2,stdout,2,PASS: AWFY Sieve
timing-Sieve-sieve-rxbvm-clang-r5-all-inline-recorded-2,stdout,1,benchmark=awfy_sieve repetitions=5500 result=669
timing-Sieve-sieve-rxbvm-clang-r5-all-inline-recorded-2,stdout,2,PASS: AWFY Sieve
timing-Sieve-sieve-rxtvm-clang-r5-all-inline-recorded-2,stdout,1,benchmark=awfy_sieve repetitions=5500 result=669
timing-Sieve-sieve-rxtvm-clang-r5-all-inline-recorded-2,stdout,2,PASS: AWFY Sieve
timing-Sieve-sieve-rxtvm-clang-r5-profile-5-recorded-3,stdout,1,benchmark=awfy_sieve repetitions=5500 result=669
timing-Sieve-sieve-rxtvm-clang-r5-profile-5-recorded-3,stdout,2,PASS: AWFY Sieve
timing-Sieve-sieve-rxbvm-clang-r5-profile-5-recorded-3,stdout,1,benchmark=awfy_sieve repetitions=5500 result=669
timing-Sieve-sieve-rxbvm-clang-r5-profile-5-recorded-3,stdout,2,PASS: AWFY Sieve
timing-Sieve-sieve-rxtvm-clang-r5-profile-10-recorded-3,stdout,1,benchmark=awfy_sieve repetitions=5500 result=669
timing-Sieve-sieve-rxtvm-clang-r5-profile-10-recorded-3,stdout,2,PASS: AWFY Sieve
timing-Sieve-sieve-rxbvm-clang-r5-profile-10-recorded-3,stdout,1,benchmark=awfy_sieve repetitions=5500 result=669
timing-Sieve-sieve-rxbvm-clang-r5-profile-10-recorded-3,stdout,2,PASS: AWFY Sieve
timing-Sieve-sieve-rxtvm-clang-r5-profile-15-recorded-3,stdout,1,benchmark=awfy_sieve repetitions=5500 result=669
timing-Sieve-sieve-rxtvm-clang-r5-profile-15-recorded-3,stdout,2,PASS: AWFY Sieve
timing-Sieve-sieve-rxbvm-clang-r5-profile-15-recorded-3,stdout,1,benchmark=awfy_sieve repetitions=5500 result=669
timing-Sieve-sieve-rxbvm-clang-r5-profile-15-recorded-3,stdout,2,PASS: AWFY Sieve
timing-Sieve-sieve-rxtvm-clang-r5-profile-20-recorded-3,stdout,1,benchmark=awfy_sieve repetitions=5500 result=669
timing-Sieve-sieve-rxtvm-clang-r5-profile-20-recorded-3,stdout,2,PASS: AWFY Sieve
timing-Sieve-sieve-rxbvm-clang-r5-profile-20-recorded-3,stdout,1,benchmark=awfy_sieve repetitions=5500 result=669
timing-Sieve-sieve-rxbvm-clang-r5-profile-20-recorded-3,stdout,2,PASS: AWFY Sieve
timing-Sieve-sieve-rxtvm-clang-r5-profile-30-recorded-3,stdout,1,benchmark=awfy_sieve repetitions=5500 result=669
timing-Sieve-sieve-rxtvm-clang-r5-profile-30-recorded-3,stdout,2,PASS: AWFY Sieve
timing-Sieve-sieve-rxbvm-clang-r5-profile-30-recorded-3,stdout,1,benchmark=awfy_sieve repetitions=5500 result=669
timing-Sieve-sieve-rxbvm-clang-r5-profile-30-recorded-3,stdout,2,PASS: AWFY Sieve
timing-Sieve-sieve-rxtvm-clang-r5-max-eligible-recorded-3,stdout,1,benchmark=awfy_sieve repetitions=5500 result=669
timing-Sieve-sieve-rxtvm-clang-r5-max-eligible-recorded-3,stdout,2,PASS: AWFY Sieve
timing-Sieve-sieve-rxbvm-clang-r5-max-eligible-recorded-3,stdout,1,benchmark=awfy_sieve repetitions=5500 result=669
timing-Sieve-sieve-rxbvm-clang-r5-max-eligible-recorded-3,stdout,2,PASS: AWFY Sieve
timing-Sieve-sieve-rxtvm-clang-r5-all-outline-recorded-3,stdout,1,benchmark=awfy_sieve repetitions=5500 result=669
timing-Sieve-sieve-rxtvm-clang-r5-all-outline-recorded-3,stdout,2,PASS: AWFY Sieve
timing-Sieve-sieve-rxbvm-clang-r5-all-outline-recorded-3,stdout,1,benchmark=awfy_sieve repetitions=5500 result=669
timing-Sieve-sieve-rxbvm-clang-r5-all-outline-recorded-3,stdout,2,PASS: AWFY Sieve
timing-Sieve-sieve-rxtvm-clang-r5-all-inline-recorded-3,stdout,1,benchmark=awfy_sieve repetitions=5500 result=669
timing-Sieve-sieve-rxtvm-clang-r5-all-inline-recorded-3,stdout,2,PASS: AWFY Sieve
timing-Sieve-sieve-rxbvm-clang-r5-all-inline-recorded-3,stdout,1,benchmark=awfy_sieve repetitions=5500 result=669
timing-Sieve-sieve-rxbvm-clang-r5-all-inline-recorded-3,stdout,2,PASS: AWFY Sieve
timing-Sieve-sieve-rxbvm-clang-r5-all-inline-recorded-4,stdout,1,benchmark=awfy_sieve repetitions=5500 result=669
timing-Sieve-sieve-rxbvm-clang-r5-all-inline-recorded-4,stdout,2,PASS: AWFY Sieve
timing-Sieve-sieve-rxtvm-clang-r5-all-inline-recorded-4,stdout,1,benchmark=awfy_sieve repetitions=5500 result=669
timing-Sieve-sieve-rxtvm-clang-r5-all-inline-recorded-4,stdout,2,PASS: AWFY Sieve
timing-Sieve-sieve-rxbvm-clang-r5-all-outline-recorded-4,stdout,1,benchmark=awfy_sieve repetitions=5500 result=669
timing-Sieve-sieve-rxbvm-clang-r5-all-outline-recorded-4,stdout,2,PASS: AWFY Sieve
timing-Sieve-sieve-rxtvm-clang-r5-all-outline-recorded-4,stdout,1,benchmark=awfy_sieve repetitions=5500 result=669
timing-Sieve-sieve-rxtvm-clang-r5-all-outline-recorded-4,stdout,2,PASS: AWFY Sieve
timing-Sieve-sieve-rxbvm-clang-r5-max-eligible-recorded-4,stdout,1,benchmark=awfy_sieve repetitions=5500 result=669
timing-Sieve-sieve-rxbvm-clang-r5-max-eligible-recorded-4,stdout,2,PASS: AWFY Sieve
timing-Sieve-sieve-rxtvm-clang-r5-max-eligible-recorded-4,stdout,1,benchmark=awfy_sieve repetitions=5500 result=669
timing-Sieve-sieve-rxtvm-clang-r5-max-eligible-recorded-4,stdout,2,PASS: AWFY Sieve
timing-Sieve-sieve-rxbvm-clang-r5-profile-30-recorded-4,stdout,1,benchmark=awfy_sieve repetitions=5500 result=669
timing-Sieve-sieve-rxbvm-clang-r5-profile-30-recorded-4,stdout,2,PASS: AWFY Sieve
timing-Sieve-sieve-rxtvm-clang-r5-profile-30-recorded-4,stdout,1,benchmark=awfy_sieve repetitions=5500 result=669
timing-Sieve-sieve-rxtvm-clang-r5-profile-30-recorded-4,stdout,2,PASS: AWFY Sieve
timing-Sieve-sieve-rxbvm-clang-r5-profile-20-recorded-4,stdout,1,benchmark=awfy_sieve repetitions=5500 result=669
timing-Sieve-sieve-rxbvm-clang-r5-profile-20-recorded-4,stdout,2,PASS: AWFY Sieve
timing-Sieve-sieve-rxtvm-clang-r5-profile-20-recorded-4,stdout,1,benchmark=awfy_sieve repetitions=5500 result=669
timing-Sieve-sieve-rxtvm-clang-r5-profile-20-recorded-4,stdout,2,PASS: AWFY Sieve
timing-Sieve-sieve-rxbvm-clang-r5-profile-15-recorded-4,stdout,1,benchmark=awfy_sieve repetitions=5500 result=669
timing-Sieve-sieve-rxbvm-clang-r5-profile-15-recorded-4,stdout,2,PASS: AWFY Sieve
timing-Sieve-sieve-rxtvm-clang-r5-profile-15-recorded-4,stdout,1,benchmark=awfy_sieve repetitions=5500 result=669
timing-Sieve-sieve-rxtvm-clang-r5-profile-15-recorded-4,stdout,2,PASS: AWFY Sieve
timing-Sieve-sieve-rxbvm-clang-r5-profile-10-recorded-4,stdout,1,benchmark=awfy_sieve repetitions=5500 result=669
timing-Sieve-sieve-rxbvm-clang-r5-profile-10-recorded-4,stdout,2,PASS: AWFY Sieve
timing-Sieve-sieve-rxtvm-clang-r5-profile-10-recorded-4,stdout,1,benchmark=awfy_sieve repetitions=5500 result=669
timing-Sieve-sieve-rxtvm-clang-r5-profile-10-recorded-4,stdout,2,PASS: AWFY Sieve
timing-Sieve-sieve-rxbvm-clang-r5-profile-5-recorded-4,stdout,1,benchmark=awfy_sieve repetitions=5500 result=669
timing-Sieve-sieve-rxbvm-clang-r5-profile-5-recorded-4,stdout,2,PASS: AWFY Sieve
timing-Sieve-sieve-rxtvm-clang-r5-profile-5-recorded-4,stdout,1,benchmark=awfy_sieve repetitions=5500 result=669
timing-Sieve-sieve-rxtvm-clang-r5-profile-5-recorded-4,stdout,2,PASS: AWFY Sieve
timing-Permute-permute-rxtvm-clang-r5-all-inline-warmup-1,stdout,1,benchmark=awfy_permute repetitions=5000 result=8660
timing-Permute-permute-rxtvm-clang-r5-all-inline-warmup-1,stdout,2,PASS: AWFY Permute
timing-Permute-permute-rxbvm-clang-r5-all-inline-warmup-1,stdout,1,benchmark=awfy_permute repetitions=5000 result=8660
timing-Permute-permute-rxbvm-clang-r5-all-inline-warmup-1,stdout,2,PASS: AWFY Permute
timing-Permute-permute-rxtvm-clang-r5-profile-5-warmup-1,stdout,1,benchmark=awfy_permute repetitions=5000 result=8660
timing-Permute-permute-rxtvm-clang-r5-profile-5-warmup-1,stdout,2,PASS: AWFY Permute
timing-Permute-permute-rxbvm-clang-r5-profile-5-warmup-1,stdout,1,benchmark=awfy_permute repetitions=5000 result=8660
timing-Permute-permute-rxbvm-clang-r5-profile-5-warmup-1,stdout,2,PASS: AWFY Permute
timing-Permute-permute-rxtvm-clang-r5-profile-10-warmup-1,stdout,1,benchmark=awfy_permute repetitions=5000 result=8660
timing-Permute-permute-rxtvm-clang-r5-profile-10-warmup-1,stdout,2,PASS: AWFY Permute
timing-Permute-permute-rxbvm-clang-r5-profile-10-warmup-1,stdout,1,benchmark=awfy_permute repetitions=5000 result=8660
timing-Permute-permute-rxbvm-clang-r5-profile-10-warmup-1,stdout,2,PASS: AWFY Permute
timing-Permute-permute-rxtvm-clang-r5-profile-15-warmup-1,stdout,1,benchmark=awfy_permute repetitions=5000 result=8660
timing-Permute-permute-rxtvm-clang-r5-profile-15-warmup-1,stdout,2,PASS: AWFY Permute
timing-Permute-permute-rxbvm-clang-r5-profile-15-warmup-1,stdout,1,benchmark=awfy_permute repetitions=5000 result=8660
timing-Permute-permute-rxbvm-clang-r5-profile-15-warmup-1,stdout,2,PASS: AWFY Permute
timing-Permute-permute-rxtvm-clang-r5-profile-20-warmup-1,stdout,1,benchmark=awfy_permute repetitions=5000 result=8660
timing-Permute-permute-rxtvm-clang-r5-profile-20-warmup-1,stdout,2,PASS: AWFY Permute
timing-Permute-permute-rxbvm-clang-r5-profile-20-warmup-1,stdout,1,benchmark=awfy_permute repetitions=5000 result=8660
timing-Permute-permute-rxbvm-clang-r5-profile-20-warmup-1,stdout,2,PASS: AWFY Permute
timing-Permute-permute-rxtvm-clang-r5-profile-30-warmup-1,stdout,1,benchmark=awfy_permute repetitions=5000 result=8660
timing-Permute-permute-rxtvm-clang-r5-profile-30-warmup-1,stdout,2,PASS: AWFY Permute
timing-Permute-permute-rxbvm-clang-r5-profile-30-warmup-1,stdout,1,benchmark=awfy_permute repetitions=5000 result=8660
timing-Permute-permute-rxbvm-clang-r5-profile-30-warmup-1,stdout,2,PASS: AWFY Permute
timing-Permute-permute-rxtvm-clang-r5-max-eligible-warmup-1,stdout,1,benchmark=awfy_permute repetitions=5000 result=8660
timing-Permute-permute-rxtvm-clang-r5-max-eligible-warmup-1,stdout,2,PASS: AWFY Permute
timing-Permute-permute-rxbvm-clang-r5-max-eligible-warmup-1,stdout,1,benchmark=awfy_permute repetitions=5000 result=8660
timing-Permute-permute-rxbvm-clang-r5-max-eligible-warmup-1,stdout,2,PASS: AWFY Permute
timing-Permute-permute-rxtvm-clang-r5-all-outline-warmup-1,stdout,1,benchmark=awfy_permute repetitions=5000 result=8660
timing-Permute-permute-rxtvm-clang-r5-all-outline-warmup-1,stdout,2,PASS: AWFY Permute
timing-Permute-permute-rxbvm-clang-r5-all-outline-warmup-1,stdout,1,benchmark=awfy_permute repetitions=5000 result=8660
timing-Permute-permute-rxbvm-clang-r5-all-outline-warmup-1,stdout,2,PASS: AWFY Permute
timing-Permute-permute-rxtvm-clang-r5-all-inline-recorded-1,stdout,1,benchmark=awfy_permute repetitions=5000 result=8660
timing-Permute-permute-rxtvm-clang-r5-all-inline-recorded-1,stdout,2,PASS: AWFY Permute
timing-Permute-permute-rxbvm-clang-r5-all-inline-recorded-1,stdout,1,benchmark=awfy_permute repetitions=5000 result=8660
timing-Permute-permute-rxbvm-clang-r5-all-inline-recorded-1,stdout,2,PASS: AWFY Permute
timing-Permute-permute-rxtvm-clang-r5-profile-5-recorded-1,stdout,1,benchmark=awfy_permute repetitions=5000 result=8660
timing-Permute-permute-rxtvm-clang-r5-profile-5-recorded-1,stdout,2,PASS: AWFY Permute
timing-Permute-permute-rxbvm-clang-r5-profile-5-recorded-1,stdout,1,benchmark=awfy_permute repetitions=5000 result=8660
timing-Permute-permute-rxbvm-clang-r5-profile-5-recorded-1,stdout,2,PASS: AWFY Permute
timing-Permute-permute-rxtvm-clang-r5-profile-10-recorded-1,stdout,1,benchmark=awfy_permute repetitions=5000 result=8660
timing-Permute-permute-rxtvm-clang-r5-profile-10-recorded-1,stdout,2,PASS: AWFY Permute
timing-Permute-permute-rxbvm-clang-r5-profile-10-recorded-1,stdout,1,benchmark=awfy_permute repetitions=5000 result=8660
timing-Permute-permute-rxbvm-clang-r5-profile-10-recorded-1,stdout,2,PASS: AWFY Permute
timing-Permute-permute-rxtvm-clang-r5-profile-15-recorded-1,stdout,1,benchmark=awfy_permute repetitions=5000 result=8660
timing-Permute-permute-rxtvm-clang-r5-profile-15-recorded-1,stdout,2,PASS: AWFY Permute
timing-Permute-permute-rxbvm-clang-r5-profile-15-recorded-1,stdout,1,benchmark=awfy_permute repetitions=5000 result=8660
timing-Permute-permute-rxbvm-clang-r5-profile-15-recorded-1,stdout,2,PASS: AWFY Permute
timing-Permute-permute-rxtvm-clang-r5-profile-20-recorded-1,stdout,1,benchmark=awfy_permute repetitions=5000 result=8660
timing-Permute-permute-rxtvm-clang-r5-profile-20-recorded-1,stdout,2,PASS: AWFY Permute
timing-Permute-permute-rxbvm-clang-r5-profile-20-recorded-1,stdout,1,benchmark=awfy_permute repetitions=5000 result=8660
timing-Permute-permute-rxbvm-clang-r5-profile-20-recorded-1,stdout,2,PASS: AWFY Permute
timing-Permute-permute-rxtvm-clang-r5-profile-30-recorded-1,stdout,1,benchmark=awfy_permute repetitions=5000 result=8660
timing-Permute-permute-rxtvm-clang-r5-profile-30-recorded-1,stdout,2,PASS: AWFY Permute
timing-Permute-permute-rxbvm-clang-r5-profile-30-recorded-1,stdout,1,benchmark=awfy_permute repetitions=5000 result=8660
timing-Permute-permute-rxbvm-clang-r5-profile-30-recorded-1,stdout,2,PASS: AWFY Permute
timing-Permute-permute-rxtvm-clang-r5-max-eligible-recorded-1,stdout,1,benchmark=awfy_permute repetitions=5000 result=8660
timing-Permute-permute-rxtvm-clang-r5-max-eligible-recorded-1,stdout,2,PASS: AWFY Permute
timing-Permute-permute-rxbvm-clang-r5-max-eligible-recorded-1,stdout,1,benchmark=awfy_permute repetitions=5000 result=8660
timing-Permute-permute-rxbvm-clang-r5-max-eligible-recorded-1,stdout,2,PASS: AWFY Permute
timing-Permute-permute-rxtvm-clang-r5-all-outline-recorded-1,stdout,1,benchmark=awfy_permute repetitions=5000 result=8660
timing-Permute-permute-rxtvm-clang-r5-all-outline-recorded-1,stdout,2,PASS: AWFY Permute
timing-Permute-permute-rxbvm-clang-r5-all-outline-recorded-1,stdout,1,benchmark=awfy_permute repetitions=5000 result=8660
timing-Permute-permute-rxbvm-clang-r5-all-outline-recorded-1,stdout,2,PASS: AWFY Permute
timing-Permute-permute-rxbvm-clang-r5-all-outline-recorded-2,stdout,1,benchmark=awfy_permute repetitions=5000 result=8660
timing-Permute-permute-rxbvm-clang-r5-all-outline-recorded-2,stdout,2,PASS: AWFY Permute
timing-Permute-permute-rxtvm-clang-r5-all-outline-recorded-2,stdout,1,benchmark=awfy_permute repetitions=5000 result=8660
timing-Permute-permute-rxtvm-clang-r5-all-outline-recorded-2,stdout,2,PASS: AWFY Permute
timing-Permute-permute-rxbvm-clang-r5-max-eligible-recorded-2,stdout,1,benchmark=awfy_permute repetitions=5000 result=8660
timing-Permute-permute-rxbvm-clang-r5-max-eligible-recorded-2,stdout,2,PASS: AWFY Permute
timing-Permute-permute-rxtvm-clang-r5-max-eligible-recorded-2,stdout,1,benchmark=awfy_permute repetitions=5000 result=8660
timing-Permute-permute-rxtvm-clang-r5-max-eligible-recorded-2,stdout,2,PASS: AWFY Permute
timing-Permute-permute-rxbvm-clang-r5-profile-30-recorded-2,stdout,1,benchmark=awfy_permute repetitions=5000 result=8660
timing-Permute-permute-rxbvm-clang-r5-profile-30-recorded-2,stdout,2,PASS: AWFY Permute
timing-Permute-permute-rxtvm-clang-r5-profile-30-recorded-2,stdout,1,benchmark=awfy_permute repetitions=5000 result=8660
timing-Permute-permute-rxtvm-clang-r5-profile-30-recorded-2,stdout,2,PASS: AWFY Permute
timing-Permute-permute-rxbvm-clang-r5-profile-20-recorded-2,stdout,1,benchmark=awfy_permute repetitions=5000 result=8660
timing-Permute-permute-rxbvm-clang-r5-profile-20-recorded-2,stdout,2,PASS: AWFY Permute
timing-Permute-permute-rxtvm-clang-r5-profile-20-recorded-2,stdout,1,benchmark=awfy_permute repetitions=5000 result=8660
timing-Permute-permute-rxtvm-clang-r5-profile-20-recorded-2,stdout,2,PASS: AWFY Permute
timing-Permute-permute-rxbvm-clang-r5-profile-15-recorded-2,stdout,1,benchmark=awfy_permute repetitions=5000 result=8660
timing-Permute-permute-rxbvm-clang-r5-profile-15-recorded-2,stdout,2,PASS: AWFY Permute
timing-Permute-permute-rxtvm-clang-r5-profile-15-recorded-2,stdout,1,benchmark=awfy_permute repetitions=5000 result=8660
timing-Permute-permute-rxtvm-clang-r5-profile-15-recorded-2,stdout,2,PASS: AWFY Permute
timing-Permute-permute-rxbvm-clang-r5-profile-10-recorded-2,stdout,1,benchmark=awfy_permute repetitions=5000 result=8660
timing-Permute-permute-rxbvm-clang-r5-profile-10-recorded-2,stdout,2,PASS: AWFY Permute
timing-Permute-permute-rxtvm-clang-r5-profile-10-recorded-2,stdout,1,benchmark=awfy_permute repetitions=5000 result=8660
timing-Permute-permute-rxtvm-clang-r5-profile-10-recorded-2,stdout,2,PASS: AWFY Permute
timing-Permute-permute-rxbvm-clang-r5-profile-5-recorded-2,stdout,1,benchmark=awfy_permute repetitions=5000 result=8660
timing-Permute-permute-rxbvm-clang-r5-profile-5-recorded-2,stdout,2,PASS: AWFY Permute
timing-Permute-permute-rxtvm-clang-r5-profile-5-recorded-2,stdout,1,benchmark=awfy_permute repetitions=5000 result=8660
timing-Permute-permute-rxtvm-clang-r5-profile-5-recorded-2,stdout,2,PASS: AWFY Permute
timing-Permute-permute-rxbvm-clang-r5-all-inline-recorded-2,stdout,1,benchmark=awfy_permute repetitions=5000 result=8660
timing-Permute-permute-rxbvm-clang-r5-all-inline-recorded-2,stdout,2,PASS: AWFY Permute
timing-Permute-permute-rxtvm-clang-r5-all-inline-recorded-2,stdout,1,benchmark=awfy_permute repetitions=5000 result=8660
timing-Permute-permute-rxtvm-clang-r5-all-inline-recorded-2,stdout,2,PASS: AWFY Permute
timing-Permute-permute-rxtvm-clang-r5-profile-5-recorded-3,stdout,1,benchmark=awfy_permute repetitions=5000 result=8660
timing-Permute-permute-rxtvm-clang-r5-profile-5-recorded-3,stdout,2,PASS: AWFY Permute
timing-Permute-permute-rxbvm-clang-r5-profile-5-recorded-3,stdout,1,benchmark=awfy_permute repetitions=5000 result=8660
timing-Permute-permute-rxbvm-clang-r5-profile-5-recorded-3,stdout,2,PASS: AWFY Permute
timing-Permute-permute-rxtvm-clang-r5-profile-10-recorded-3,stdout,1,benchmark=awfy_permute repetitions=5000 result=8660
timing-Permute-permute-rxtvm-clang-r5-profile-10-recorded-3,stdout,2,PASS: AWFY Permute
timing-Permute-permute-rxbvm-clang-r5-profile-10-recorded-3,stdout,1,benchmark=awfy_permute repetitions=5000 result=8660
timing-Permute-permute-rxbvm-clang-r5-profile-10-recorded-3,stdout,2,PASS: AWFY Permute
timing-Permute-permute-rxtvm-clang-r5-profile-15-recorded-3,stdout,1,benchmark=awfy_permute repetitions=5000 result=8660
timing-Permute-permute-rxtvm-clang-r5-profile-15-recorded-3,stdout,2,PASS: AWFY Permute
timing-Permute-permute-rxbvm-clang-r5-profile-15-recorded-3,stdout,1,benchmark=awfy_permute repetitions=5000 result=8660
timing-Permute-permute-rxbvm-clang-r5-profile-15-recorded-3,stdout,2,PASS: AWFY Permute
timing-Permute-permute-rxtvm-clang-r5-profile-20-recorded-3,stdout,1,benchmark=awfy_permute repetitions=5000 result=8660
timing-Permute-permute-rxtvm-clang-r5-profile-20-recorded-3,stdout,2,PASS: AWFY Permute
timing-Permute-permute-rxbvm-clang-r5-profile-20-recorded-3,stdout,1,benchmark=awfy_permute repetitions=5000 result=8660
timing-Permute-permute-rxbvm-clang-r5-profile-20-recorded-3,stdout,2,PASS: AWFY Permute
timing-Permute-permute-rxtvm-clang-r5-profile-30-recorded-3,stdout,1,benchmark=awfy_permute repetitions=5000 result=8660
timing-Permute-permute-rxtvm-clang-r5-profile-30-recorded-3,stdout,2,PASS: AWFY Permute
timing-Permute-permute-rxbvm-clang-r5-profile-30-recorded-3,stdout,1,benchmark=awfy_permute repetitions=5000 result=8660
timing-Permute-permute-rxbvm-clang-r5-profile-30-recorded-3,stdout,2,PASS: AWFY Permute
timing-Permute-permute-rxtvm-clang-r5-max-eligible-recorded-3,stdout,1,benchmark=awfy_permute repetitions=5000 result=8660
timing-Permute-permute-rxtvm-clang-r5-max-eligible-recorded-3,stdout,2,PASS: AWFY Permute
timing-Permute-permute-rxbvm-clang-r5-max-eligible-recorded-3,stdout,1,benchmark=awfy_permute repetitions=5000 result=8660
timing-Permute-permute-rxbvm-clang-r5-max-eligible-recorded-3,stdout,2,PASS: AWFY Permute
timing-Permute-permute-rxtvm-clang-r5-all-outline-recorded-3,stdout,1,benchmark=awfy_permute repetitions=5000 result=8660
timing-Permute-permute-rxtvm-clang-r5-all-outline-recorded-3,stdout,2,PASS: AWFY Permute
timing-Permute-permute-rxbvm-clang-r5-all-outline-recorded-3,stdout,1,benchmark=awfy_permute repetitions=5000 result=8660
timing-Permute-permute-rxbvm-clang-r5-all-outline-recorded-3,stdout,2,PASS: AWFY Permute
timing-Permute-permute-rxtvm-clang-r5-all-inline-recorded-3,stdout,1,benchmark=awfy_permute repetitions=5000 result=8660
timing-Permute-permute-rxtvm-clang-r5-all-inline-recorded-3,stdout,2,PASS: AWFY Permute
timing-Permute-permute-rxbvm-clang-r5-all-inline-recorded-3,stdout,1,benchmark=awfy_permute repetitions=5000 result=8660
timing-Permute-permute-rxbvm-clang-r5-all-inline-recorded-3,stdout,2,PASS: AWFY Permute
timing-Permute-permute-rxbvm-clang-r5-all-inline-recorded-4,stdout,1,benchmark=awfy_permute repetitions=5000 result=8660
timing-Permute-permute-rxbvm-clang-r5-all-inline-recorded-4,stdout,2,PASS: AWFY Permute
timing-Permute-permute-rxtvm-clang-r5-all-inline-recorded-4,stdout,1,benchmark=awfy_permute repetitions=5000 result=8660
timing-Permute-permute-rxtvm-clang-r5-all-inline-recorded-4,stdout,2,PASS: AWFY Permute
timing-Permute-permute-rxbvm-clang-r5-all-outline-recorded-4,stdout,1,benchmark=awfy_permute repetitions=5000 result=8660
timing-Permute-permute-rxbvm-clang-r5-all-outline-recorded-4,stdout,2,PASS: AWFY Permute
timing-Permute-permute-rxtvm-clang-r5-all-outline-recorded-4,stdout,1,benchmark=awfy_permute repetitions=5000 result=8660
timing-Permute-permute-rxtvm-clang-r5-all-outline-recorded-4,stdout,2,PASS: AWFY Permute
timing-Permute-permute-rxbvm-clang-r5-max-eligible-recorded-4,stdout,1,benchmark=awfy_permute repetitions=5000 result=8660
timing-Permute-permute-rxbvm-clang-r5-max-eligible-recorded-4,stdout,2,PASS: AWFY Permute
timing-Permute-permute-rxtvm-clang-r5-max-eligible-recorded-4,stdout,1,benchmark=awfy_permute repetitions=5000 result=8660
timing-Permute-permute-rxtvm-clang-r5-max-eligible-recorded-4,stdout,2,PASS: AWFY Permute
timing-Permute-permute-rxbvm-clang-r5-profile-30-recorded-4,stdout,1,benchmark=awfy_permute repetitions=5000 result=8660
timing-Permute-permute-rxbvm-clang-r5-profile-30-recorded-4,stdout,2,PASS: AWFY Permute
timing-Permute-permute-rxtvm-clang-r5-profile-30-recorded-4,stdout,1,benchmark=awfy_permute repetitions=5000 result=8660
timing-Permute-permute-rxtvm-clang-r5-profile-30-recorded-4,stdout,2,PASS: AWFY Permute
timing-Permute-permute-rxbvm-clang-r5-profile-20-recorded-4,stdout,1,benchmark=awfy_permute repetitions=5000 result=8660
timing-Permute-permute-rxbvm-clang-r5-profile-20-recorded-4,stdout,2,PASS: AWFY Permute
timing-Permute-permute-rxtvm-clang-r5-profile-20-recorded-4,stdout,1,benchmark=awfy_permute repetitions=5000 result=8660
timing-Permute-permute-rxtvm-clang-r5-profile-20-recorded-4,stdout,2,PASS: AWFY Permute
timing-Permute-permute-rxbvm-clang-r5-profile-15-recorded-4,stdout,1,benchmark=awfy_permute repetitions=5000 result=8660
timing-Permute-permute-rxbvm-clang-r5-profile-15-recorded-4,stdout,2,PASS: AWFY Permute
timing-Permute-permute-rxtvm-clang-r5-profile-15-recorded-4,stdout,1,benchmark=awfy_permute repetitions=5000 result=8660
timing-Permute-permute-rxtvm-clang-r5-profile-15-recorded-4,stdout,2,PASS: AWFY Permute
timing-Permute-permute-rxbvm-clang-r5-profile-10-recorded-4,stdout,1,benchmark=awfy_permute repetitions=5000 result=8660
timing-Permute-permute-rxbvm-clang-r5-profile-10-recorded-4,stdout,2,PASS: AWFY Permute
timing-Permute-permute-rxtvm-clang-r5-profile-10-recorded-4,stdout,1,benchmark=awfy_permute repetitions=5000 result=8660
timing-Permute-permute-rxtvm-clang-r5-profile-10-recorded-4,stdout,2,PASS: AWFY Permute
timing-Permute-permute-rxbvm-clang-r5-profile-5-recorded-4,stdout,1,benchmark=awfy_permute repetitions=5000 result=8660
timing-Permute-permute-rxbvm-clang-r5-profile-5-recorded-4,stdout,2,PASS: AWFY Permute
timing-Permute-permute-rxtvm-clang-r5-profile-5-recorded-4,stdout,1,benchmark=awfy_permute repetitions=5000 result=8660
timing-Permute-permute-rxtvm-clang-r5-profile-5-recorded-4,stdout,2,PASS: AWFY Permute
timing-Bounce-bounce-rxtvm-clang-r5-all-inline-warmup-1,stdout,1,benchmark=awfy_bounce repetitions=4200 result=1331
timing-Bounce-bounce-rxtvm-clang-r5-all-inline-warmup-1,stdout,2,PASS: AWFY Bounce
timing-Bounce-bounce-rxbvm-clang-r5-all-inline-warmup-1,stdout,1,benchmark=awfy_bounce repetitions=4200 result=1331
timing-Bounce-bounce-rxbvm-clang-r5-all-inline-warmup-1,stdout,2,PASS: AWFY Bounce
timing-Bounce-bounce-rxtvm-clang-r5-profile-5-warmup-1,stdout,1,benchmark=awfy_bounce repetitions=4200 result=1331
timing-Bounce-bounce-rxtvm-clang-r5-profile-5-warmup-1,stdout,2,PASS: AWFY Bounce
timing-Bounce-bounce-rxbvm-clang-r5-profile-5-warmup-1,stdout,1,benchmark=awfy_bounce repetitions=4200 result=1331
timing-Bounce-bounce-rxbvm-clang-r5-profile-5-warmup-1,stdout,2,PASS: AWFY Bounce
timing-Bounce-bounce-rxtvm-clang-r5-profile-10-warmup-1,stdout,1,benchmark=awfy_bounce repetitions=4200 result=1331
timing-Bounce-bounce-rxtvm-clang-r5-profile-10-warmup-1,stdout,2,PASS: AWFY Bounce
timing-Bounce-bounce-rxbvm-clang-r5-profile-10-warmup-1,stdout,1,benchmark=awfy_bounce repetitions=4200 result=1331
timing-Bounce-bounce-rxbvm-clang-r5-profile-10-warmup-1,stdout,2,PASS: AWFY Bounce
timing-Bounce-bounce-rxtvm-clang-r5-profile-15-warmup-1,stdout,1,benchmark=awfy_bounce repetitions=4200 result=1331
timing-Bounce-bounce-rxtvm-clang-r5-profile-15-warmup-1,stdout,2,PASS: AWFY Bounce
timing-Bounce-bounce-rxbvm-clang-r5-profile-15-warmup-1,stdout,1,benchmark=awfy_bounce repetitions=4200 result=1331
timing-Bounce-bounce-rxbvm-clang-r5-profile-15-warmup-1,stdout,2,PASS: AWFY Bounce
timing-Bounce-bounce-rxtvm-clang-r5-profile-20-warmup-1,stdout,1,benchmark=awfy_bounce repetitions=4200 result=1331
timing-Bounce-bounce-rxtvm-clang-r5-profile-20-warmup-1,stdout,2,PASS: AWFY Bounce
timing-Bounce-bounce-rxbvm-clang-r5-profile-20-warmup-1,stdout,1,benchmark=awfy_bounce repetitions=4200 result=1331
timing-Bounce-bounce-rxbvm-clang-r5-profile-20-warmup-1,stdout,2,PASS: AWFY Bounce
timing-Bounce-bounce-rxtvm-clang-r5-profile-30-warmup-1,stdout,1,benchmark=awfy_bounce repetitions=4200 result=1331
timing-Bounce-bounce-rxtvm-clang-r5-profile-30-warmup-1,stdout,2,PASS: AWFY Bounce
timing-Bounce-bounce-rxbvm-clang-r5-profile-30-warmup-1,stdout,1,benchmark=awfy_bounce repetitions=4200 result=1331
timing-Bounce-bounce-rxbvm-clang-r5-profile-30-warmup-1,stdout,2,PASS: AWFY Bounce
timing-Bounce-bounce-rxtvm-clang-r5-max-eligible-warmup-1,stdout,1,benchmark=awfy_bounce repetitions=4200 result=1331
timing-Bounce-bounce-rxtvm-clang-r5-max-eligible-warmup-1,stdout,2,PASS: AWFY Bounce
timing-Bounce-bounce-rxbvm-clang-r5-max-eligible-warmup-1,stdout,1,benchmark=awfy_bounce repetitions=4200 result=1331
timing-Bounce-bounce-rxbvm-clang-r5-max-eligible-warmup-1,stdout,2,PASS: AWFY Bounce
timing-Bounce-bounce-rxtvm-clang-r5-all-outline-warmup-1,stdout,1,benchmark=awfy_bounce repetitions=4200 result=1331
timing-Bounce-bounce-rxtvm-clang-r5-all-outline-warmup-1,stdout,2,PASS: AWFY Bounce
timing-Bounce-bounce-rxbvm-clang-r5-all-outline-warmup-1,stdout,1,benchmark=awfy_bounce repetitions=4200 result=1331
timing-Bounce-bounce-rxbvm-clang-r5-all-outline-warmup-1,stdout,2,PASS: AWFY Bounce
timing-Bounce-bounce-rxtvm-clang-r5-all-inline-recorded-1,stdout,1,benchmark=awfy_bounce repetitions=4200 result=1331
timing-Bounce-bounce-rxtvm-clang-r5-all-inline-recorded-1,stdout,2,PASS: AWFY Bounce
timing-Bounce-bounce-rxbvm-clang-r5-all-inline-recorded-1,stdout,1,benchmark=awfy_bounce repetitions=4200 result=1331
timing-Bounce-bounce-rxbvm-clang-r5-all-inline-recorded-1,stdout,2,PASS: AWFY Bounce
timing-Bounce-bounce-rxtvm-clang-r5-profile-5-recorded-1,stdout,1,benchmark=awfy_bounce repetitions=4200 result=1331
timing-Bounce-bounce-rxtvm-clang-r5-profile-5-recorded-1,stdout,2,PASS: AWFY Bounce
timing-Bounce-bounce-rxbvm-clang-r5-profile-5-recorded-1,stdout,1,benchmark=awfy_bounce repetitions=4200 result=1331
timing-Bounce-bounce-rxbvm-clang-r5-profile-5-recorded-1,stdout,2,PASS: AWFY Bounce
timing-Bounce-bounce-rxtvm-clang-r5-profile-10-recorded-1,stdout,1,benchmark=awfy_bounce repetitions=4200 result=1331
timing-Bounce-bounce-rxtvm-clang-r5-profile-10-recorded-1,stdout,2,PASS: AWFY Bounce
timing-Bounce-bounce-rxbvm-clang-r5-profile-10-recorded-1,stdout,1,benchmark=awfy_bounce repetitions=4200 result=1331
timing-Bounce-bounce-rxbvm-clang-r5-profile-10-recorded-1,stdout,2,PASS: AWFY Bounce
timing-Bounce-bounce-rxtvm-clang-r5-profile-15-recorded-1,stdout,1,benchmark=awfy_bounce repetitions=4200 result=1331
timing-Bounce-bounce-rxtvm-clang-r5-profile-15-recorded-1,stdout,2,PASS: AWFY Bounce
timing-Bounce-bounce-rxbvm-clang-r5-profile-15-recorded-1,stdout,1,benchmark=awfy_bounce repetitions=4200 result=1331
timing-Bounce-bounce-rxbvm-clang-r5-profile-15-recorded-1,stdout,2,PASS: AWFY Bounce
timing-Bounce-bounce-rxtvm-clang-r5-profile-20-recorded-1,stdout,1,benchmark=awfy_bounce repetitions=4200 result=1331
timing-Bounce-bounce-rxtvm-clang-r5-profile-20-recorded-1,stdout,2,PASS: AWFY Bounce
timing-Bounce-bounce-rxbvm-clang-r5-profile-20-recorded-1,stdout,1,benchmark=awfy_bounce repetitions=4200 result=1331
timing-Bounce-bounce-rxbvm-clang-r5-profile-20-recorded-1,stdout,2,PASS: AWFY Bounce
timing-Bounce-bounce-rxtvm-clang-r5-profile-30-recorded-1,stdout,1,benchmark=awfy_bounce repetitions=4200 result=1331
timing-Bounce-bounce-rxtvm-clang-r5-profile-30-recorded-1,stdout,2,PASS: AWFY Bounce
timing-Bounce-bounce-rxbvm-clang-r5-profile-30-recorded-1,stdout,1,benchmark=awfy_bounce repetitions=4200 result=1331
timing-Bounce-bounce-rxbvm-clang-r5-profile-30-recorded-1,stdout,2,PASS: AWFY Bounce
timing-Bounce-bounce-rxtvm-clang-r5-max-eligible-recorded-1,stdout,1,benchmark=awfy_bounce repetitions=4200 result=1331
timing-Bounce-bounce-rxtvm-clang-r5-max-eligible-recorded-1,stdout,2,PASS: AWFY Bounce
timing-Bounce-bounce-rxbvm-clang-r5-max-eligible-recorded-1,stdout,1,benchmark=awfy_bounce repetitions=4200 result=1331
timing-Bounce-bounce-rxbvm-clang-r5-max-eligible-recorded-1,stdout,2,PASS: AWFY Bounce
timing-Bounce-bounce-rxtvm-clang-r5-all-outline-recorded-1,stdout,1,benchmark=awfy_bounce repetitions=4200 result=1331
timing-Bounce-bounce-rxtvm-clang-r5-all-outline-recorded-1,stdout,2,PASS: AWFY Bounce
timing-Bounce-bounce-rxbvm-clang-r5-all-outline-recorded-1,stdout,1,benchmark=awfy_bounce repetitions=4200 result=1331
timing-Bounce-bounce-rxbvm-clang-r5-all-outline-recorded-1,stdout,2,PASS: AWFY Bounce
timing-Bounce-bounce-rxbvm-clang-r5-all-outline-recorded-2,stdout,1,benchmark=awfy_bounce repetitions=4200 result=1331
timing-Bounce-bounce-rxbvm-clang-r5-all-outline-recorded-2,stdout,2,PASS: AWFY Bounce
timing-Bounce-bounce-rxtvm-clang-r5-all-outline-recorded-2,stdout,1,benchmark=awfy_bounce repetitions=4200 result=1331
timing-Bounce-bounce-rxtvm-clang-r5-all-outline-recorded-2,stdout,2,PASS: AWFY Bounce
timing-Bounce-bounce-rxbvm-clang-r5-max-eligible-recorded-2,stdout,1,benchmark=awfy_bounce repetitions=4200 result=1331
timing-Bounce-bounce-rxbvm-clang-r5-max-eligible-recorded-2,stdout,2,PASS: AWFY Bounce
timing-Bounce-bounce-rxtvm-clang-r5-max-eligible-recorded-2,stdout,1,benchmark=awfy_bounce repetitions=4200 result=1331
timing-Bounce-bounce-rxtvm-clang-r5-max-eligible-recorded-2,stdout,2,PASS: AWFY Bounce
timing-Bounce-bounce-rxbvm-clang-r5-profile-30-recorded-2,stdout,1,benchmark=awfy_bounce repetitions=4200 result=1331
timing-Bounce-bounce-rxbvm-clang-r5-profile-30-recorded-2,stdout,2,PASS: AWFY Bounce
timing-Bounce-bounce-rxtvm-clang-r5-profile-30-recorded-2,stdout,1,benchmark=awfy_bounce repetitions=4200 result=1331
timing-Bounce-bounce-rxtvm-clang-r5-profile-30-recorded-2,stdout,2,PASS: AWFY Bounce
timing-Bounce-bounce-rxbvm-clang-r5-profile-20-recorded-2,stdout,1,benchmark=awfy_bounce repetitions=4200 result=1331
timing-Bounce-bounce-rxbvm-clang-r5-profile-20-recorded-2,stdout,2,PASS: AWFY Bounce
timing-Bounce-bounce-rxtvm-clang-r5-profile-20-recorded-2,stdout,1,benchmark=awfy_bounce repetitions=4200 result=1331
timing-Bounce-bounce-rxtvm-clang-r5-profile-20-recorded-2,stdout,2,PASS: AWFY Bounce
timing-Bounce-bounce-rxbvm-clang-r5-profile-15-recorded-2,stdout,1,benchmark=awfy_bounce repetitions=4200 result=1331
timing-Bounce-bounce-rxbvm-clang-r5-profile-15-recorded-2,stdout,2,PASS: AWFY Bounce
timing-Bounce-bounce-rxtvm-clang-r5-profile-15-recorded-2,stdout,1,benchmark=awfy_bounce repetitions=4200 result=1331
timing-Bounce-bounce-rxtvm-clang-r5-profile-15-recorded-2,stdout,2,PASS: AWFY Bounce
timing-Bounce-bounce-rxbvm-clang-r5-profile-10-recorded-2,stdout,1,benchmark=awfy_bounce repetitions=4200 result=1331
timing-Bounce-bounce-rxbvm-clang-r5-profile-10-recorded-2,stdout,2,PASS: AWFY Bounce
timing-Bounce-bounce-rxtvm-clang-r5-profile-10-recorded-2,stdout,1,benchmark=awfy_bounce repetitions=4200 result=1331
timing-Bounce-bounce-rxtvm-clang-r5-profile-10-recorded-2,stdout,2,PASS: AWFY Bounce
timing-Bounce-bounce-rxbvm-clang-r5-profile-5-recorded-2,stdout,1,benchmark=awfy_bounce repetitions=4200 result=1331
timing-Bounce-bounce-rxbvm-clang-r5-profile-5-recorded-2,stdout,2,PASS: AWFY Bounce
timing-Bounce-bounce-rxtvm-clang-r5-profile-5-recorded-2,stdout,1,benchmark=awfy_bounce repetitions=4200 result=1331
timing-Bounce-bounce-rxtvm-clang-r5-profile-5-recorded-2,stdout,2,PASS: AWFY Bounce
timing-Bounce-bounce-rxbvm-clang-r5-all-inline-recorded-2,stdout,1,benchmark=awfy_bounce repetitions=4200 result=1331
timing-Bounce-bounce-rxbvm-clang-r5-all-inline-recorded-2,stdout,2,PASS: AWFY Bounce
timing-Bounce-bounce-rxtvm-clang-r5-all-inline-recorded-2,stdout,1,benchmark=awfy_bounce repetitions=4200 result=1331
timing-Bounce-bounce-rxtvm-clang-r5-all-inline-recorded-2,stdout,2,PASS: AWFY Bounce
timing-Bounce-bounce-rxtvm-clang-r5-profile-5-recorded-3,stdout,1,benchmark=awfy_bounce repetitions=4200 result=1331
timing-Bounce-bounce-rxtvm-clang-r5-profile-5-recorded-3,stdout,2,PASS: AWFY Bounce
timing-Bounce-bounce-rxbvm-clang-r5-profile-5-recorded-3,stdout,1,benchmark=awfy_bounce repetitions=4200 result=1331
timing-Bounce-bounce-rxbvm-clang-r5-profile-5-recorded-3,stdout,2,PASS: AWFY Bounce
timing-Bounce-bounce-rxtvm-clang-r5-profile-10-recorded-3,stdout,1,benchmark=awfy_bounce repetitions=4200 result=1331
timing-Bounce-bounce-rxtvm-clang-r5-profile-10-recorded-3,stdout,2,PASS: AWFY Bounce
timing-Bounce-bounce-rxbvm-clang-r5-profile-10-recorded-3,stdout,1,benchmark=awfy_bounce repetitions=4200 result=1331
timing-Bounce-bounce-rxbvm-clang-r5-profile-10-recorded-3,stdout,2,PASS: AWFY Bounce
timing-Bounce-bounce-rxtvm-clang-r5-profile-15-recorded-3,stdout,1,benchmark=awfy_bounce repetitions=4200 result=1331
timing-Bounce-bounce-rxtvm-clang-r5-profile-15-recorded-3,stdout,2,PASS: AWFY Bounce
timing-Bounce-bounce-rxbvm-clang-r5-profile-15-recorded-3,stdout,1,benchmark=awfy_bounce repetitions=4200 result=1331
timing-Bounce-bounce-rxbvm-clang-r5-profile-15-recorded-3,stdout,2,PASS: AWFY Bounce
timing-Bounce-bounce-rxtvm-clang-r5-profile-20-recorded-3,stdout,1,benchmark=awfy_bounce repetitions=4200 result=1331
timing-Bounce-bounce-rxtvm-clang-r5-profile-20-recorded-3,stdout,2,PASS: AWFY Bounce
timing-Bounce-bounce-rxbvm-clang-r5-profile-20-recorded-3,stdout,1,benchmark=awfy_bounce repetitions=4200 result=1331
timing-Bounce-bounce-rxbvm-clang-r5-profile-20-recorded-3,stdout,2,PASS: AWFY Bounce
timing-Bounce-bounce-rxtvm-clang-r5-profile-30-recorded-3,stdout,1,benchmark=awfy_bounce repetitions=4200 result=1331
timing-Bounce-bounce-rxtvm-clang-r5-profile-30-recorded-3,stdout,2,PASS: AWFY Bounce
timing-Bounce-bounce-rxbvm-clang-r5-profile-30-recorded-3,stdout,1,benchmark=awfy_bounce repetitions=4200 result=1331
timing-Bounce-bounce-rxbvm-clang-r5-profile-30-recorded-3,stdout,2,PASS: AWFY Bounce
timing-Bounce-bounce-rxtvm-clang-r5-max-eligible-recorded-3,stdout,1,benchmark=awfy_bounce repetitions=4200 result=1331
timing-Bounce-bounce-rxtvm-clang-r5-max-eligible-recorded-3,stdout,2,PASS: AWFY Bounce
timing-Bounce-bounce-rxbvm-clang-r5-max-eligible-recorded-3,stdout,1,benchmark=awfy_bounce repetitions=4200 result=1331
timing-Bounce-bounce-rxbvm-clang-r5-max-eligible-recorded-3,stdout,2,PASS: AWFY Bounce
timing-Bounce-bounce-rxtvm-clang-r5-all-outline-recorded-3,stdout,1,benchmark=awfy_bounce repetitions=4200 result=1331
timing-Bounce-bounce-rxtvm-clang-r5-all-outline-recorded-3,stdout,2,PASS: AWFY Bounce
timing-Bounce-bounce-rxbvm-clang-r5-all-outline-recorded-3,stdout,1,benchmark=awfy_bounce repetitions=4200 result=1331
timing-Bounce-bounce-rxbvm-clang-r5-all-outline-recorded-3,stdout,2,PASS: AWFY Bounce
timing-Bounce-bounce-rxtvm-clang-r5-all-inline-recorded-3,stdout,1,benchmark=awfy_bounce repetitions=4200 result=1331
timing-Bounce-bounce-rxtvm-clang-r5-all-inline-recorded-3,stdout,2,PASS: AWFY Bounce
timing-Bounce-bounce-rxbvm-clang-r5-all-inline-recorded-3,stdout,1,benchmark=awfy_bounce repetitions=4200 result=1331
timing-Bounce-bounce-rxbvm-clang-r5-all-inline-recorded-3,stdout,2,PASS: AWFY Bounce
timing-Bounce-bounce-rxbvm-clang-r5-all-inline-recorded-4,stdout,1,benchmark=awfy_bounce repetitions=4200 result=1331
timing-Bounce-bounce-rxbvm-clang-r5-all-inline-recorded-4,stdout,2,PASS: AWFY Bounce
timing-Bounce-bounce-rxtvm-clang-r5-all-inline-recorded-4,stdout,1,benchmark=awfy_bounce repetitions=4200 result=1331
timing-Bounce-bounce-rxtvm-clang-r5-all-inline-recorded-4,stdout,2,PASS: AWFY Bounce
timing-Bounce-bounce-rxbvm-clang-r5-all-outline-recorded-4,stdout,1,benchmark=awfy_bounce repetitions=4200 result=1331
timing-Bounce-bounce-rxbvm-clang-r5-all-outline-recorded-4,stdout,2,PASS: AWFY Bounce
timing-Bounce-bounce-rxtvm-clang-r5-all-outline-recorded-4,stdout,1,benchmark=awfy_bounce repetitions=4200 result=1331
timing-Bounce-bounce-rxtvm-clang-r5-all-outline-recorded-4,stdout,2,PASS: AWFY Bounce
timing-Bounce-bounce-rxbvm-clang-r5-max-eligible-recorded-4,stdout,1,benchmark=awfy_bounce repetitions=4200 result=1331
timing-Bounce-bounce-rxbvm-clang-r5-max-eligible-recorded-4,stdout,2,PASS: AWFY Bounce
timing-Bounce-bounce-rxtvm-clang-r5-max-eligible-recorded-4,stdout,1,benchmark=awfy_bounce repetitions=4200 result=1331
timing-Bounce-bounce-rxtvm-clang-r5-max-eligible-recorded-4,stdout,2,PASS: AWFY Bounce
timing-Bounce-bounce-rxbvm-clang-r5-profile-30-recorded-4,stdout,1,benchmark=awfy_bounce repetitions=4200 result=1331
timing-Bounce-bounce-rxbvm-clang-r5-profile-30-recorded-4,stdout,2,PASS: AWFY Bounce
timing-Bounce-bounce-rxtvm-clang-r5-profile-30-recorded-4,stdout,1,benchmark=awfy_bounce repetitions=4200 result=1331
timing-Bounce-bounce-rxtvm-clang-r5-profile-30-recorded-4,stdout,2,PASS: AWFY Bounce
timing-Bounce-bounce-rxbvm-clang-r5-profile-20-recorded-4,stdout,1,benchmark=awfy_bounce repetitions=4200 result=1331
timing-Bounce-bounce-rxbvm-clang-r5-profile-20-recorded-4,stdout,2,PASS: AWFY Bounce
timing-Bounce-bounce-rxtvm-clang-r5-profile-20-recorded-4,stdout,1,benchmark=awfy_bounce repetitions=4200 result=1331
timing-Bounce-bounce-rxtvm-clang-r5-profile-20-recorded-4,stdout,2,PASS: AWFY Bounce
timing-Bounce-bounce-rxbvm-clang-r5-profile-15-recorded-4,stdout,1,benchmark=awfy_bounce repetitions=4200 result=1331
timing-Bounce-bounce-rxbvm-clang-r5-profile-15-recorded-4,stdout,2,PASS: AWFY Bounce
timing-Bounce-bounce-rxtvm-clang-r5-profile-15-recorded-4,stdout,1,benchmark=awfy_bounce repetitions=4200 result=1331
timing-Bounce-bounce-rxtvm-clang-r5-profile-15-recorded-4,stdout,2,PASS: AWFY Bounce
timing-Bounce-bounce-rxbvm-clang-r5-profile-10-recorded-4,stdout,1,benchmark=awfy_bounce repetitions=4200 result=1331
timing-Bounce-bounce-rxbvm-clang-r5-profile-10-recorded-4,stdout,2,PASS: AWFY Bounce
timing-Bounce-bounce-rxtvm-clang-r5-profile-10-recorded-4,stdout,1,benchmark=awfy_bounce repetitions=4200 result=1331
timing-Bounce-bounce-rxtvm-clang-r5-profile-10-recorded-4,stdout,2,PASS: AWFY Bounce
timing-Bounce-bounce-rxbvm-clang-r5-profile-5-recorded-4,stdout,1,benchmark=awfy_bounce repetitions=4200 result=1331
timing-Bounce-bounce-rxbvm-clang-r5-profile-5-recorded-4,stdout,2,PASS: AWFY Bounce
timing-Bounce-bounce-rxtvm-clang-r5-profile-5-recorded-4,stdout,1,benchmark=awfy_bounce repetitions=4200 result=1331
timing-Bounce-bounce-rxtvm-clang-r5-profile-5-recorded-4,stdout,2,PASS: AWFY Bounce
timing-Richards-richards-rxtvm-clang-r5-all-inline-warmup-1,stdout,1,benchmark=awfy_richards repetitions=20 queue_packets=23246 holds=9297
timing-Richards-richards-rxtvm-clang-r5-all-inline-warmup-1,stdout,2,PASS: AWFY Richards
timing-Richards-richards-rxbvm-clang-r5-all-inline-warmup-1,stdout,1,benchmark=awfy_richards repetitions=20 queue_packets=23246 holds=9297
timing-Richards-richards-rxbvm-clang-r5-all-inline-warmup-1,stdout,2,PASS: AWFY Richards
timing-Richards-richards-rxtvm-clang-r5-profile-5-warmup-1,stdout,1,benchmark=awfy_richards repetitions=20 queue_packets=23246 holds=9297
timing-Richards-richards-rxtvm-clang-r5-profile-5-warmup-1,stdout,2,PASS: AWFY Richards
timing-Richards-richards-rxbvm-clang-r5-profile-5-warmup-1,stdout,1,benchmark=awfy_richards repetitions=20 queue_packets=23246 holds=9297
timing-Richards-richards-rxbvm-clang-r5-profile-5-warmup-1,stdout,2,PASS: AWFY Richards
timing-Richards-richards-rxtvm-clang-r5-profile-10-warmup-1,stdout,1,benchmark=awfy_richards repetitions=20 queue_packets=23246 holds=9297
timing-Richards-richards-rxtvm-clang-r5-profile-10-warmup-1,stdout,2,PASS: AWFY Richards
timing-Richards-richards-rxbvm-clang-r5-profile-10-warmup-1,stdout,1,benchmark=awfy_richards repetitions=20 queue_packets=23246 holds=9297
timing-Richards-richards-rxbvm-clang-r5-profile-10-warmup-1,stdout,2,PASS: AWFY Richards
timing-Richards-richards-rxtvm-clang-r5-profile-15-warmup-1,stdout,1,benchmark=awfy_richards repetitions=20 queue_packets=23246 holds=9297
timing-Richards-richards-rxtvm-clang-r5-profile-15-warmup-1,stdout,2,PASS: AWFY Richards
timing-Richards-richards-rxbvm-clang-r5-profile-15-warmup-1,stdout,1,benchmark=awfy_richards repetitions=20 queue_packets=23246 holds=9297
timing-Richards-richards-rxbvm-clang-r5-profile-15-warmup-1,stdout,2,PASS: AWFY Richards
timing-Richards-richards-rxtvm-clang-r5-profile-20-warmup-1,stdout,1,benchmark=awfy_richards repetitions=20 queue_packets=23246 holds=9297
timing-Richards-richards-rxtvm-clang-r5-profile-20-warmup-1,stdout,2,PASS: AWFY Richards
timing-Richards-richards-rxbvm-clang-r5-profile-20-warmup-1,stdout,1,benchmark=awfy_richards repetitions=20 queue_packets=23246 holds=9297
timing-Richards-richards-rxbvm-clang-r5-profile-20-warmup-1,stdout,2,PASS: AWFY Richards
timing-Richards-richards-rxtvm-clang-r5-profile-30-warmup-1,stdout,1,benchmark=awfy_richards repetitions=20 queue_packets=23246 holds=9297
timing-Richards-richards-rxtvm-clang-r5-profile-30-warmup-1,stdout,2,PASS: AWFY Richards
timing-Richards-richards-rxbvm-clang-r5-profile-30-warmup-1,stdout,1,benchmark=awfy_richards repetitions=20 queue_packets=23246 holds=9297
timing-Richards-richards-rxbvm-clang-r5-profile-30-warmup-1,stdout,2,PASS: AWFY Richards
timing-Richards-richards-rxtvm-clang-r5-max-eligible-warmup-1,stdout,1,benchmark=awfy_richards repetitions=20 queue_packets=23246 holds=9297
timing-Richards-richards-rxtvm-clang-r5-max-eligible-warmup-1,stdout,2,PASS: AWFY Richards
timing-Richards-richards-rxbvm-clang-r5-max-eligible-warmup-1,stdout,1,benchmark=awfy_richards repetitions=20 queue_packets=23246 holds=9297
timing-Richards-richards-rxbvm-clang-r5-max-eligible-warmup-1,stdout,2,PASS: AWFY Richards
timing-Richards-richards-rxtvm-clang-r5-all-outline-warmup-1,stdout,1,benchmark=awfy_richards repetitions=20 queue_packets=23246 holds=9297
timing-Richards-richards-rxtvm-clang-r5-all-outline-warmup-1,stdout,2,PASS: AWFY Richards
timing-Richards-richards-rxbvm-clang-r5-all-outline-warmup-1,stdout,1,benchmark=awfy_richards repetitions=20 queue_packets=23246 holds=9297
timing-Richards-richards-rxbvm-clang-r5-all-outline-warmup-1,stdout,2,PASS: AWFY Richards
timing-Richards-richards-rxtvm-clang-r5-all-inline-recorded-1,stdout,1,benchmark=awfy_richards repetitions=20 queue_packets=23246 holds=9297
timing-Richards-richards-rxtvm-clang-r5-all-inline-recorded-1,stdout,2,PASS: AWFY Richards
timing-Richards-richards-rxbvm-clang-r5-all-inline-recorded-1,stdout,1,benchmark=awfy_richards repetitions=20 queue_packets=23246 holds=9297
timing-Richards-richards-rxbvm-clang-r5-all-inline-recorded-1,stdout,2,PASS: AWFY Richards
timing-Richards-richards-rxtvm-clang-r5-profile-5-recorded-1,stdout,1,benchmark=awfy_richards repetitions=20 queue_packets=23246 holds=9297
timing-Richards-richards-rxtvm-clang-r5-profile-5-recorded-1,stdout,2,PASS: AWFY Richards
timing-Richards-richards-rxbvm-clang-r5-profile-5-recorded-1,stdout,1,benchmark=awfy_richards repetitions=20 queue_packets=23246 holds=9297
timing-Richards-richards-rxbvm-clang-r5-profile-5-recorded-1,stdout,2,PASS: AWFY Richards
timing-Richards-richards-rxtvm-clang-r5-profile-10-recorded-1,stdout,1,benchmark=awfy_richards repetitions=20 queue_packets=23246 holds=9297
timing-Richards-richards-rxtvm-clang-r5-profile-10-recorded-1,stdout,2,PASS: AWFY Richards
timing-Richards-richards-rxbvm-clang-r5-profile-10-recorded-1,stdout,1,benchmark=awfy_richards repetitions=20 queue_packets=23246 holds=9297
timing-Richards-richards-rxbvm-clang-r5-profile-10-recorded-1,stdout,2,PASS: AWFY Richards
timing-Richards-richards-rxtvm-clang-r5-profile-15-recorded-1,stdout,1,benchmark=awfy_richards repetitions=20 queue_packets=23246 holds=9297
timing-Richards-richards-rxtvm-clang-r5-profile-15-recorded-1,stdout,2,PASS: AWFY Richards
timing-Richards-richards-rxbvm-clang-r5-profile-15-recorded-1,stdout,1,benchmark=awfy_richards repetitions=20 queue_packets=23246 holds=9297
timing-Richards-richards-rxbvm-clang-r5-profile-15-recorded-1,stdout,2,PASS: AWFY Richards
timing-Richards-richards-rxtvm-clang-r5-profile-20-recorded-1,stdout,1,benchmark=awfy_richards repetitions=20 queue_packets=23246 holds=9297
timing-Richards-richards-rxtvm-clang-r5-profile-20-recorded-1,stdout,2,PASS: AWFY Richards
timing-Richards-richards-rxbvm-clang-r5-profile-20-recorded-1,stdout,1,benchmark=awfy_richards repetitions=20 queue_packets=23246 holds=9297
timing-Richards-richards-rxbvm-clang-r5-profile-20-recorded-1,stdout,2,PASS: AWFY Richards
timing-Richards-richards-rxtvm-clang-r5-profile-30-recorded-1,stdout,1,benchmark=awfy_richards repetitions=20 queue_packets=23246 holds=9297
timing-Richards-richards-rxtvm-clang-r5-profile-30-recorded-1,stdout,2,PASS: AWFY Richards
timing-Richards-richards-rxbvm-clang-r5-profile-30-recorded-1,stdout,1,benchmark=awfy_richards repetitions=20 queue_packets=23246 holds=9297
timing-Richards-richards-rxbvm-clang-r5-profile-30-recorded-1,stdout,2,PASS: AWFY Richards
timing-Richards-richards-rxtvm-clang-r5-max-eligible-recorded-1,stdout,1,benchmark=awfy_richards repetitions=20 queue_packets=23246 holds=9297
timing-Richards-richards-rxtvm-clang-r5-max-eligible-recorded-1,stdout,2,PASS: AWFY Richards
timing-Richards-richards-rxbvm-clang-r5-max-eligible-recorded-1,stdout,1,benchmark=awfy_richards repetitions=20 queue_packets=23246 holds=9297
timing-Richards-richards-rxbvm-clang-r5-max-eligible-recorded-1,stdout,2,PASS: AWFY Richards
timing-Richards-richards-rxtvm-clang-r5-all-outline-recorded-1,stdout,1,benchmark=awfy_richards repetitions=20 queue_packets=23246 holds=9297
timing-Richards-richards-rxtvm-clang-r5-all-outline-recorded-1,stdout,2,PASS: AWFY Richards
timing-Richards-richards-rxbvm-clang-r5-all-outline-recorded-1,stdout,1,benchmark=awfy_richards repetitions=20 queue_packets=23246 holds=9297
timing-Richards-richards-rxbvm-clang-r5-all-outline-recorded-1,stdout,2,PASS: AWFY Richards
timing-Richards-richards-rxbvm-clang-r5-all-outline-recorded-2,stdout,1,benchmark=awfy_richards repetitions=20 queue_packets=23246 holds=9297
timing-Richards-richards-rxbvm-clang-r5-all-outline-recorded-2,stdout,2,PASS: AWFY Richards
timing-Richards-richards-rxtvm-clang-r5-all-outline-recorded-2,stdout,1,benchmark=awfy_richards repetitions=20 queue_packets=23246 holds=9297
timing-Richards-richards-rxtvm-clang-r5-all-outline-recorded-2,stdout,2,PASS: AWFY Richards
timing-Richards-richards-rxbvm-clang-r5-max-eligible-recorded-2,stdout,1,benchmark=awfy_richards repetitions=20 queue_packets=23246 holds=9297
timing-Richards-richards-rxbvm-clang-r5-max-eligible-recorded-2,stdout,2,PASS: AWFY Richards
timing-Richards-richards-rxtvm-clang-r5-max-eligible-recorded-2,stdout,1,benchmark=awfy_richards repetitions=20 queue_packets=23246 holds=9297
timing-Richards-richards-rxtvm-clang-r5-max-eligible-recorded-2,stdout,2,PASS: AWFY Richards
timing-Richards-richards-rxbvm-clang-r5-profile-30-recorded-2,stdout,1,benchmark=awfy_richards repetitions=20 queue_packets=23246 holds=9297
timing-Richards-richards-rxbvm-clang-r5-profile-30-recorded-2,stdout,2,PASS: AWFY Richards
timing-Richards-richards-rxtvm-clang-r5-profile-30-recorded-2,stdout,1,benchmark=awfy_richards repetitions=20 queue_packets=23246 holds=9297
timing-Richards-richards-rxtvm-clang-r5-profile-30-recorded-2,stdout,2,PASS: AWFY Richards
timing-Richards-richards-rxbvm-clang-r5-profile-20-recorded-2,stdout,1,benchmark=awfy_richards repetitions=20 queue_packets=23246 holds=9297
timing-Richards-richards-rxbvm-clang-r5-profile-20-recorded-2,stdout,2,PASS: AWFY Richards
timing-Richards-richards-rxtvm-clang-r5-profile-20-recorded-2,stdout,1,benchmark=awfy_richards repetitions=20 queue_packets=23246 holds=9297
timing-Richards-richards-rxtvm-clang-r5-profile-20-recorded-2,stdout,2,PASS: AWFY Richards
timing-Richards-richards-rxbvm-clang-r5-profile-15-recorded-2,stdout,1,benchmark=awfy_richards repetitions=20 queue_packets=23246 holds=9297
timing-Richards-richards-rxbvm-clang-r5-profile-15-recorded-2,stdout,2,PASS: AWFY Richards
timing-Richards-richards-rxtvm-clang-r5-profile-15-recorded-2,stdout,1,benchmark=awfy_richards repetitions=20 queue_packets=23246 holds=9297
timing-Richards-richards-rxtvm-clang-r5-profile-15-recorded-2,stdout,2,PASS: AWFY Richards
timing-Richards-richards-rxbvm-clang-r5-profile-10-recorded-2,stdout,1,benchmark=awfy_richards repetitions=20 queue_packets=23246 holds=9297
timing-Richards-richards-rxbvm-clang-r5-profile-10-recorded-2,stdout,2,PASS: AWFY Richards
timing-Richards-richards-rxtvm-clang-r5-profile-10-recorded-2,stdout,1,benchmark=awfy_richards repetitions=20 queue_packets=23246 holds=9297
timing-Richards-richards-rxtvm-clang-r5-profile-10-recorded-2,stdout,2,PASS: AWFY Richards
timing-Richards-richards-rxbvm-clang-r5-profile-5-recorded-2,stdout,1,benchmark=awfy_richards repetitions=20 queue_packets=23246 holds=9297
timing-Richards-richards-rxbvm-clang-r5-profile-5-recorded-2,stdout,2,PASS: AWFY Richards
timing-Richards-richards-rxtvm-clang-r5-profile-5-recorded-2,stdout,1,benchmark=awfy_richards repetitions=20 queue_packets=23246 holds=9297
timing-Richards-richards-rxtvm-clang-r5-profile-5-recorded-2,stdout,2,PASS: AWFY Richards
timing-Richards-richards-rxbvm-clang-r5-all-inline-recorded-2,stdout,1,benchmark=awfy_richards repetitions=20 queue_packets=23246 holds=9297
timing-Richards-richards-rxbvm-clang-r5-all-inline-recorded-2,stdout,2,PASS: AWFY Richards
timing-Richards-richards-rxtvm-clang-r5-all-inline-recorded-2,stdout,1,benchmark=awfy_richards repetitions=20 queue_packets=23246 holds=9297
timing-Richards-richards-rxtvm-clang-r5-all-inline-recorded-2,stdout,2,PASS: AWFY Richards
timing-Richards-richards-rxtvm-clang-r5-profile-5-recorded-3,stdout,1,benchmark=awfy_richards repetitions=20 queue_packets=23246 holds=9297
timing-Richards-richards-rxtvm-clang-r5-profile-5-recorded-3,stdout,2,PASS: AWFY Richards
timing-Richards-richards-rxbvm-clang-r5-profile-5-recorded-3,stdout,1,benchmark=awfy_richards repetitions=20 queue_packets=23246 holds=9297
timing-Richards-richards-rxbvm-clang-r5-profile-5-recorded-3,stdout,2,PASS: AWFY Richards
timing-Richards-richards-rxtvm-clang-r5-profile-10-recorded-3,stdout,1,benchmark=awfy_richards repetitions=20 queue_packets=23246 holds=9297
timing-Richards-richards-rxtvm-clang-r5-profile-10-recorded-3,stdout,2,PASS: AWFY Richards
timing-Richards-richards-rxbvm-clang-r5-profile-10-recorded-3,stdout,1,benchmark=awfy_richards repetitions=20 queue_packets=23246 holds=9297
timing-Richards-richards-rxbvm-clang-r5-profile-10-recorded-3,stdout,2,PASS: AWFY Richards
timing-Richards-richards-rxtvm-clang-r5-profile-15-recorded-3,stdout,1,benchmark=awfy_richards repetitions=20 queue_packets=23246 holds=9297
timing-Richards-richards-rxtvm-clang-r5-profile-15-recorded-3,stdout,2,PASS: AWFY Richards
timing-Richards-richards-rxbvm-clang-r5-profile-15-recorded-3,stdout,1,benchmark=awfy_richards repetitions=20 queue_packets=23246 holds=9297
timing-Richards-richards-rxbvm-clang-r5-profile-15-recorded-3,stdout,2,PASS: AWFY Richards
timing-Richards-richards-rxtvm-clang-r5-profile-20-recorded-3,stdout,1,benchmark=awfy_richards repetitions=20 queue_packets=23246 holds=9297
timing-Richards-richards-rxtvm-clang-r5-profile-20-recorded-3,stdout,2,PASS: AWFY Richards
timing-Richards-richards-rxbvm-clang-r5-profile-20-recorded-3,stdout,1,benchmark=awfy_richards repetitions=20 queue_packets=23246 holds=9297
timing-Richards-richards-rxbvm-clang-r5-profile-20-recorded-3,stdout,2,PASS: AWFY Richards
timing-Richards-richards-rxtvm-clang-r5-profile-30-recorded-3,stdout,1,benchmark=awfy_richards repetitions=20 queue_packets=23246 holds=9297
timing-Richards-richards-rxtvm-clang-r5-profile-30-recorded-3,stdout,2,PASS: AWFY Richards
timing-Richards-richards-rxbvm-clang-r5-profile-30-recorded-3,stdout,1,benchmark=awfy_richards repetitions=20 queue_packets=23246 holds=9297
timing-Richards-richards-rxbvm-clang-r5-profile-30-recorded-3,stdout,2,PASS: AWFY Richards
timing-Richards-richards-rxtvm-clang-r5-max-eligible-recorded-3,stdout,1,benchmark=awfy_richards repetitions=20 queue_packets=23246 holds=9297
timing-Richards-richards-rxtvm-clang-r5-max-eligible-recorded-3,stdout,2,PASS: AWFY Richards
timing-Richards-richards-rxbvm-clang-r5-max-eligible-recorded-3,stdout,1,benchmark=awfy_richards repetitions=20 queue_packets=23246 holds=9297
timing-Richards-richards-rxbvm-clang-r5-max-eligible-recorded-3,stdout,2,PASS: AWFY Richards
timing-Richards-richards-rxtvm-clang-r5-all-outline-recorded-3,stdout,1,benchmark=awfy_richards repetitions=20 queue_packets=23246 holds=9297
timing-Richards-richards-rxtvm-clang-r5-all-outline-recorded-3,stdout,2,PASS: AWFY Richards
timing-Richards-richards-rxbvm-clang-r5-all-outline-recorded-3,stdout,1,benchmark=awfy_richards repetitions=20 queue_packets=23246 holds=9297
timing-Richards-richards-rxbvm-clang-r5-all-outline-recorded-3,stdout,2,PASS: AWFY Richards
timing-Richards-richards-rxtvm-clang-r5-all-inline-recorded-3,stdout,1,benchmark=awfy_richards repetitions=20 queue_packets=23246 holds=9297
timing-Richards-richards-rxtvm-clang-r5-all-inline-recorded-3,stdout,2,PASS: AWFY Richards
timing-Richards-richards-rxbvm-clang-r5-all-inline-recorded-3,stdout,1,benchmark=awfy_richards repetitions=20 queue_packets=23246 holds=9297
timing-Richards-richards-rxbvm-clang-r5-all-inline-recorded-3,stdout,2,PASS: AWFY Richards
timing-Richards-richards-rxbvm-clang-r5-all-inline-recorded-4,stdout,1,benchmark=awfy_richards repetitions=20 queue_packets=23246 holds=9297
timing-Richards-richards-rxbvm-clang-r5-all-inline-recorded-4,stdout,2,PASS: AWFY Richards
timing-Richards-richards-rxtvm-clang-r5-all-inline-recorded-4,stdout,1,benchmark=awfy_richards repetitions=20 queue_packets=23246 holds=9297
timing-Richards-richards-rxtvm-clang-r5-all-inline-recorded-4,stdout,2,PASS: AWFY Richards
timing-Richards-richards-rxbvm-clang-r5-all-outline-recorded-4,stdout,1,benchmark=awfy_richards repetitions=20 queue_packets=23246 holds=9297
timing-Richards-richards-rxbvm-clang-r5-all-outline-recorded-4,stdout,2,PASS: AWFY Richards
timing-Richards-richards-rxtvm-clang-r5-all-outline-recorded-4,stdout,1,benchmark=awfy_richards repetitions=20 queue_packets=23246 holds=9297
timing-Richards-richards-rxtvm-clang-r5-all-outline-recorded-4,stdout,2,PASS: AWFY Richards
timing-Richards-richards-rxbvm-clang-r5-max-eligible-recorded-4,stdout,1,benchmark=awfy_richards repetitions=20 queue_packets=23246 holds=9297
timing-Richards-richards-rxbvm-clang-r5-max-eligible-recorded-4,stdout,2,PASS: AWFY Richards
timing-Richards-richards-rxtvm-clang-r5-max-eligible-recorded-4,stdout,1,benchmark=awfy_richards repetitions=20 queue_packets=23246 holds=9297
timing-Richards-richards-rxtvm-clang-r5-max-eligible-recorded-4,stdout,2,PASS: AWFY Richards
timing-Richards-richards-rxbvm-clang-r5-profile-30-recorded-4,stdout,1,benchmark=awfy_richards repetitions=20 queue_packets=23246 holds=9297
timing-Richards-richards-rxbvm-clang-r5-profile-30-recorded-4,stdout,2,PASS: AWFY Richards
timing-Richards-richards-rxtvm-clang-r5-profile-30-recorded-4,stdout,1,benchmark=awfy_richards repetitions=20 queue_packets=23246 holds=9297
timing-Richards-richards-rxtvm-clang-r5-profile-30-recorded-4,stdout,2,PASS: AWFY Richards
timing-Richards-richards-rxbvm-clang-r5-profile-20-recorded-4,stdout,1,benchmark=awfy_richards repetitions=20 queue_packets=23246 holds=9297
timing-Richards-richards-rxbvm-clang-r5-profile-20-recorded-4,stdout,2,PASS: AWFY Richards
timing-Richards-richards-rxtvm-clang-r5-profile-20-recorded-4,stdout,1,benchmark=awfy_richards repetitions=20 queue_packets=23246 holds=9297
timing-Richards-richards-rxtvm-clang-r5-profile-20-recorded-4,stdout,2,PASS: AWFY Richards
timing-Richards-richards-rxbvm-clang-r5-profile-15-recorded-4,stdout,1,benchmark=awfy_richards repetitions=20 queue_packets=23246 holds=9297
timing-Richards-richards-rxbvm-clang-r5-profile-15-recorded-4,stdout,2,PASS: AWFY Richards
timing-Richards-richards-rxtvm-clang-r5-profile-15-recorded-4,stdout,1,benchmark=awfy_richards repetitions=20 queue_packets=23246 holds=9297
timing-Richards-richards-rxtvm-clang-r5-profile-15-recorded-4,stdout,2,PASS: AWFY Richards
timing-Richards-richards-rxbvm-clang-r5-profile-10-recorded-4,stdout,1,benchmark=awfy_richards repetitions=20 queue_packets=23246 holds=9297
timing-Richards-richards-rxbvm-clang-r5-profile-10-recorded-4,stdout,2,PASS: AWFY Richards
timing-Richards-richards-rxtvm-clang-r5-profile-10-recorded-4,stdout,1,benchmark=awfy_richards repetitions=20 queue_packets=23246 holds=9297
timing-Richards-richards-rxtvm-clang-r5-profile-10-recorded-4,stdout,2,PASS: AWFY Richards
timing-Richards-richards-rxbvm-clang-r5-profile-5-recorded-4,stdout,1,benchmark=awfy_richards repetitions=20 queue_packets=23246 holds=9297
timing-Richards-richards-rxbvm-clang-r5-profile-5-recorded-4,stdout,2,PASS: AWFY Richards
timing-Richards-richards-rxtvm-clang-r5-profile-5-recorded-4,stdout,1,benchmark=awfy_richards repetitions=20 queue_packets=23246 holds=9297
timing-Richards-richards-rxtvm-clang-r5-profile-5-recorded-4,stdout,2,PASS: AWFY Richards
timing-Base64-base64-rxtvm-clang-r5-all-inline-warmup-1,stdout,1,benchmark=base64_roundtrip repetitions=2500 encoded_length=1368 checksum=130560
timing-Base64-base64-rxtvm-clang-r5-all-inline-warmup-1,stdout,2,PASS: Base64 Roundtrip
timing-Base64-base64-rxbvm-clang-r5-all-inline-warmup-1,stdout,1,benchmark=base64_roundtrip repetitions=2500 encoded_length=1368 checksum=130560
timing-Base64-base64-rxbvm-clang-r5-all-inline-warmup-1,stdout,2,PASS: Base64 Roundtrip
timing-Base64-base64-rxtvm-clang-r5-profile-5-warmup-1,stdout,1,benchmark=base64_roundtrip repetitions=2500 encoded_length=1368 checksum=130560
timing-Base64-base64-rxtvm-clang-r5-profile-5-warmup-1,stdout,2,PASS: Base64 Roundtrip
timing-Base64-base64-rxbvm-clang-r5-profile-5-warmup-1,stdout,1,benchmark=base64_roundtrip repetitions=2500 encoded_length=1368 checksum=130560
timing-Base64-base64-rxbvm-clang-r5-profile-5-warmup-1,stdout,2,PASS: Base64 Roundtrip
timing-Base64-base64-rxtvm-clang-r5-profile-10-warmup-1,stdout,1,benchmark=base64_roundtrip repetitions=2500 encoded_length=1368 checksum=130560
timing-Base64-base64-rxtvm-clang-r5-profile-10-warmup-1,stdout,2,PASS: Base64 Roundtrip
timing-Base64-base64-rxbvm-clang-r5-profile-10-warmup-1,stdout,1,benchmark=base64_roundtrip repetitions=2500 encoded_length=1368 checksum=130560
timing-Base64-base64-rxbvm-clang-r5-profile-10-warmup-1,stdout,2,PASS: Base64 Roundtrip
timing-Base64-base64-rxtvm-clang-r5-profile-15-warmup-1,stdout,1,benchmark=base64_roundtrip repetitions=2500 encoded_length=1368 checksum=130560
timing-Base64-base64-rxtvm-clang-r5-profile-15-warmup-1,stdout,2,PASS: Base64 Roundtrip
timing-Base64-base64-rxbvm-clang-r5-profile-15-warmup-1,stdout,1,benchmark=base64_roundtrip repetitions=2500 encoded_length=1368 checksum=130560
timing-Base64-base64-rxbvm-clang-r5-profile-15-warmup-1,stdout,2,PASS: Base64 Roundtrip
timing-Base64-base64-rxtvm-clang-r5-profile-20-warmup-1,stdout,1,benchmark=base64_roundtrip repetitions=2500 encoded_length=1368 checksum=130560
timing-Base64-base64-rxtvm-clang-r5-profile-20-warmup-1,stdout,2,PASS: Base64 Roundtrip
timing-Base64-base64-rxbvm-clang-r5-profile-20-warmup-1,stdout,1,benchmark=base64_roundtrip repetitions=2500 encoded_length=1368 checksum=130560
timing-Base64-base64-rxbvm-clang-r5-profile-20-warmup-1,stdout,2,PASS: Base64 Roundtrip
timing-Base64-base64-rxtvm-clang-r5-profile-30-warmup-1,stdout,1,benchmark=base64_roundtrip repetitions=2500 encoded_length=1368 checksum=130560
timing-Base64-base64-rxtvm-clang-r5-profile-30-warmup-1,stdout,2,PASS: Base64 Roundtrip
timing-Base64-base64-rxbvm-clang-r5-profile-30-warmup-1,stdout,1,benchmark=base64_roundtrip repetitions=2500 encoded_length=1368 checksum=130560
timing-Base64-base64-rxbvm-clang-r5-profile-30-warmup-1,stdout,2,PASS: Base64 Roundtrip
timing-Base64-base64-rxtvm-clang-r5-max-eligible-warmup-1,stdout,1,benchmark=base64_roundtrip repetitions=2500 encoded_length=1368 checksum=130560
timing-Base64-base64-rxtvm-clang-r5-max-eligible-warmup-1,stdout,2,PASS: Base64 Roundtrip
timing-Base64-base64-rxbvm-clang-r5-max-eligible-warmup-1,stdout,1,benchmark=base64_roundtrip repetitions=2500 encoded_length=1368 checksum=130560
timing-Base64-base64-rxbvm-clang-r5-max-eligible-warmup-1,stdout,2,PASS: Base64 Roundtrip
timing-Base64-base64-rxtvm-clang-r5-all-outline-warmup-1,stdout,1,benchmark=base64_roundtrip repetitions=2500 encoded_length=1368 checksum=130560
timing-Base64-base64-rxtvm-clang-r5-all-outline-warmup-1,stdout,2,PASS: Base64 Roundtrip
timing-Base64-base64-rxbvm-clang-r5-all-outline-warmup-1,stdout,1,benchmark=base64_roundtrip repetitions=2500 encoded_length=1368 checksum=130560
timing-Base64-base64-rxbvm-clang-r5-all-outline-warmup-1,stdout,2,PASS: Base64 Roundtrip
timing-Base64-base64-rxtvm-clang-r5-all-inline-recorded-1,stdout,1,benchmark=base64_roundtrip repetitions=2500 encoded_length=1368 checksum=130560
timing-Base64-base64-rxtvm-clang-r5-all-inline-recorded-1,stdout,2,PASS: Base64 Roundtrip
timing-Base64-base64-rxbvm-clang-r5-all-inline-recorded-1,stdout,1,benchmark=base64_roundtrip repetitions=2500 encoded_length=1368 checksum=130560
timing-Base64-base64-rxbvm-clang-r5-all-inline-recorded-1,stdout,2,PASS: Base64 Roundtrip
timing-Base64-base64-rxtvm-clang-r5-profile-5-recorded-1,stdout,1,benchmark=base64_roundtrip repetitions=2500 encoded_length=1368 checksum=130560
timing-Base64-base64-rxtvm-clang-r5-profile-5-recorded-1,stdout,2,PASS: Base64 Roundtrip
timing-Base64-base64-rxbvm-clang-r5-profile-5-recorded-1,stdout,1,benchmark=base64_roundtrip repetitions=2500 encoded_length=1368 checksum=130560
timing-Base64-base64-rxbvm-clang-r5-profile-5-recorded-1,stdout,2,PASS: Base64 Roundtrip
timing-Base64-base64-rxtvm-clang-r5-profile-10-recorded-1,stdout,1,benchmark=base64_roundtrip repetitions=2500 encoded_length=1368 checksum=130560
timing-Base64-base64-rxtvm-clang-r5-profile-10-recorded-1,stdout,2,PASS: Base64 Roundtrip
timing-Base64-base64-rxbvm-clang-r5-profile-10-recorded-1,stdout,1,benchmark=base64_roundtrip repetitions=2500 encoded_length=1368 checksum=130560
timing-Base64-base64-rxbvm-clang-r5-profile-10-recorded-1,stdout,2,PASS: Base64 Roundtrip
timing-Base64-base64-rxtvm-clang-r5-profile-15-recorded-1,stdout,1,benchmark=base64_roundtrip repetitions=2500 encoded_length=1368 checksum=130560
timing-Base64-base64-rxtvm-clang-r5-profile-15-recorded-1,stdout,2,PASS: Base64 Roundtrip
timing-Base64-base64-rxbvm-clang-r5-profile-15-recorded-1,stdout,1,benchmark=base64_roundtrip repetitions=2500 encoded_length=1368 checksum=130560
timing-Base64-base64-rxbvm-clang-r5-profile-15-recorded-1,stdout,2,PASS: Base64 Roundtrip
timing-Base64-base64-rxtvm-clang-r5-profile-20-recorded-1,stdout,1,benchmark=base64_roundtrip repetitions=2500 encoded_length=1368 checksum=130560
timing-Base64-base64-rxtvm-clang-r5-profile-20-recorded-1,stdout,2,PASS: Base64 Roundtrip
timing-Base64-base64-rxbvm-clang-r5-profile-20-recorded-1,stdout,1,benchmark=base64_roundtrip repetitions=2500 encoded_length=1368 checksum=130560
timing-Base64-base64-rxbvm-clang-r5-profile-20-recorded-1,stdout,2,PASS: Base64 Roundtrip
timing-Base64-base64-rxtvm-clang-r5-profile-30-recorded-1,stdout,1,benchmark=base64_roundtrip repetitions=2500 encoded_length=1368 checksum=130560
timing-Base64-base64-rxtvm-clang-r5-profile-30-recorded-1,stdout,2,PASS: Base64 Roundtrip
timing-Base64-base64-rxbvm-clang-r5-profile-30-recorded-1,stdout,1,benchmark=base64_roundtrip repetitions=2500 encoded_length=1368 checksum=130560
timing-Base64-base64-rxbvm-clang-r5-profile-30-recorded-1,stdout,2,PASS: Base64 Roundtrip
timing-Base64-base64-rxtvm-clang-r5-max-eligible-recorded-1,stdout,1,benchmark=base64_roundtrip repetitions=2500 encoded_length=1368 checksum=130560
timing-Base64-base64-rxtvm-clang-r5-max-eligible-recorded-1,stdout,2,PASS: Base64 Roundtrip
timing-Base64-base64-rxbvm-clang-r5-max-eligible-recorded-1,stdout,1,benchmark=base64_roundtrip repetitions=2500 encoded_length=1368 checksum=130560
timing-Base64-base64-rxbvm-clang-r5-max-eligible-recorded-1,stdout,2,PASS: Base64 Roundtrip
timing-Base64-base64-rxtvm-clang-r5-all-outline-recorded-1,stdout,1,benchmark=base64_roundtrip repetitions=2500 encoded_length=1368 checksum=130560
timing-Base64-base64-rxtvm-clang-r5-all-outline-recorded-1,stdout,2,PASS: Base64 Roundtrip
timing-Base64-base64-rxbvm-clang-r5-all-outline-recorded-1,stdout,1,benchmark=base64_roundtrip repetitions=2500 encoded_length=1368 checksum=130560
timing-Base64-base64-rxbvm-clang-r5-all-outline-recorded-1,stdout,2,PASS: Base64 Roundtrip
timing-Base64-base64-rxbvm-clang-r5-all-outline-recorded-2,stdout,1,benchmark=base64_roundtrip repetitions=2500 encoded_length=1368 checksum=130560
timing-Base64-base64-rxbvm-clang-r5-all-outline-recorded-2,stdout,2,PASS: Base64 Roundtrip
timing-Base64-base64-rxtvm-clang-r5-all-outline-recorded-2,stdout,1,benchmark=base64_roundtrip repetitions=2500 encoded_length=1368 checksum=130560
timing-Base64-base64-rxtvm-clang-r5-all-outline-recorded-2,stdout,2,PASS: Base64 Roundtrip
timing-Base64-base64-rxbvm-clang-r5-max-eligible-recorded-2,stdout,1,benchmark=base64_roundtrip repetitions=2500 encoded_length=1368 checksum=130560
timing-Base64-base64-rxbvm-clang-r5-max-eligible-recorded-2,stdout,2,PASS: Base64 Roundtrip
timing-Base64-base64-rxtvm-clang-r5-max-eligible-recorded-2,stdout,1,benchmark=base64_roundtrip repetitions=2500 encoded_length=1368 checksum=130560
timing-Base64-base64-rxtvm-clang-r5-max-eligible-recorded-2,stdout,2,PASS: Base64 Roundtrip
timing-Base64-base64-rxbvm-clang-r5-profile-30-recorded-2,stdout,1,benchmark=base64_roundtrip repetitions=2500 encoded_length=1368 checksum=130560
timing-Base64-base64-rxbvm-clang-r5-profile-30-recorded-2,stdout,2,PASS: Base64 Roundtrip
timing-Base64-base64-rxtvm-clang-r5-profile-30-recorded-2,stdout,1,benchmark=base64_roundtrip repetitions=2500 encoded_length=1368 checksum=130560
timing-Base64-base64-rxtvm-clang-r5-profile-30-recorded-2,stdout,2,PASS: Base64 Roundtrip
timing-Base64-base64-rxbvm-clang-r5-profile-20-recorded-2,stdout,1,benchmark=base64_roundtrip repetitions=2500 encoded_length=1368 checksum=130560
timing-Base64-base64-rxbvm-clang-r5-profile-20-recorded-2,stdout,2,PASS: Base64 Roundtrip
timing-Base64-base64-rxtvm-clang-r5-profile-20-recorded-2,stdout,1,benchmark=base64_roundtrip repetitions=2500 encoded_length=1368 checksum=130560
timing-Base64-base64-rxtvm-clang-r5-profile-20-recorded-2,stdout,2,PASS: Base64 Roundtrip
timing-Base64-base64-rxbvm-clang-r5-profile-15-recorded-2,stdout,1,benchmark=base64_roundtrip repetitions=2500 encoded_length=1368 checksum=130560
timing-Base64-base64-rxbvm-clang-r5-profile-15-recorded-2,stdout,2,PASS: Base64 Roundtrip
timing-Base64-base64-rxtvm-clang-r5-profile-15-recorded-2,stdout,1,benchmark=base64_roundtrip repetitions=2500 encoded_length=1368 checksum=130560
timing-Base64-base64-rxtvm-clang-r5-profile-15-recorded-2,stdout,2,PASS: Base64 Roundtrip
timing-Base64-base64-rxbvm-clang-r5-profile-10-recorded-2,stdout,1,benchmark=base64_roundtrip repetitions=2500 encoded_length=1368 checksum=130560
timing-Base64-base64-rxbvm-clang-r5-profile-10-recorded-2,stdout,2,PASS: Base64 Roundtrip
timing-Base64-base64-rxtvm-clang-r5-profile-10-recorded-2,stdout,1,benchmark=base64_roundtrip repetitions=2500 encoded_length=1368 checksum=130560
timing-Base64-base64-rxtvm-clang-r5-profile-10-recorded-2,stdout,2,PASS: Base64 Roundtrip
timing-Base64-base64-rxbvm-clang-r5-profile-5-recorded-2,stdout,1,benchmark=base64_roundtrip repetitions=2500 encoded_length=1368 checksum=130560
timing-Base64-base64-rxbvm-clang-r5-profile-5-recorded-2,stdout,2,PASS: Base64 Roundtrip
timing-Base64-base64-rxtvm-clang-r5-profile-5-recorded-2,stdout,1,benchmark=base64_roundtrip repetitions=2500 encoded_length=1368 checksum=130560
timing-Base64-base64-rxtvm-clang-r5-profile-5-recorded-2,stdout,2,PASS: Base64 Roundtrip
timing-Base64-base64-rxbvm-clang-r5-all-inline-recorded-2,stdout,1,benchmark=base64_roundtrip repetitions=2500 encoded_length=1368 checksum=130560
timing-Base64-base64-rxbvm-clang-r5-all-inline-recorded-2,stdout,2,PASS: Base64 Roundtrip
timing-Base64-base64-rxtvm-clang-r5-all-inline-recorded-2,stdout,1,benchmark=base64_roundtrip repetitions=2500 encoded_length=1368 checksum=130560
timing-Base64-base64-rxtvm-clang-r5-all-inline-recorded-2,stdout,2,PASS: Base64 Roundtrip
timing-Base64-base64-rxtvm-clang-r5-profile-5-recorded-3,stdout,1,benchmark=base64_roundtrip repetitions=2500 encoded_length=1368 checksum=130560
timing-Base64-base64-rxtvm-clang-r5-profile-5-recorded-3,stdout,2,PASS: Base64 Roundtrip
timing-Base64-base64-rxbvm-clang-r5-profile-5-recorded-3,stdout,1,benchmark=base64_roundtrip repetitions=2500 encoded_length=1368 checksum=130560
timing-Base64-base64-rxbvm-clang-r5-profile-5-recorded-3,stdout,2,PASS: Base64 Roundtrip
timing-Base64-base64-rxtvm-clang-r5-profile-10-recorded-3,stdout,1,benchmark=base64_roundtrip repetitions=2500 encoded_length=1368 checksum=130560
timing-Base64-base64-rxtvm-clang-r5-profile-10-recorded-3,stdout,2,PASS: Base64 Roundtrip
timing-Base64-base64-rxbvm-clang-r5-profile-10-recorded-3,stdout,1,benchmark=base64_roundtrip repetitions=2500 encoded_length=1368 checksum=130560
timing-Base64-base64-rxbvm-clang-r5-profile-10-recorded-3,stdout,2,PASS: Base64 Roundtrip
timing-Base64-base64-rxtvm-clang-r5-profile-15-recorded-3,stdout,1,benchmark=base64_roundtrip repetitions=2500 encoded_length=1368 checksum=130560
timing-Base64-base64-rxtvm-clang-r5-profile-15-recorded-3,stdout,2,PASS: Base64 Roundtrip
timing-Base64-base64-rxbvm-clang-r5-profile-15-recorded-3,stdout,1,benchmark=base64_roundtrip repetitions=2500 encoded_length=1368 checksum=130560
timing-Base64-base64-rxbvm-clang-r5-profile-15-recorded-3,stdout,2,PASS: Base64 Roundtrip
timing-Base64-base64-rxtvm-clang-r5-profile-20-recorded-3,stdout,1,benchmark=base64_roundtrip repetitions=2500 encoded_length=1368 checksum=130560
timing-Base64-base64-rxtvm-clang-r5-profile-20-recorded-3,stdout,2,PASS: Base64 Roundtrip
timing-Base64-base64-rxbvm-clang-r5-profile-20-recorded-3,stdout,1,benchmark=base64_roundtrip repetitions=2500 encoded_length=1368 checksum=130560
timing-Base64-base64-rxbvm-clang-r5-profile-20-recorded-3,stdout,2,PASS: Base64 Roundtrip
timing-Base64-base64-rxtvm-clang-r5-profile-30-recorded-3,stdout,1,benchmark=base64_roundtrip repetitions=2500 encoded_length=1368 checksum=130560
timing-Base64-base64-rxtvm-clang-r5-profile-30-recorded-3,stdout,2,PASS: Base64 Roundtrip
timing-Base64-base64-rxbvm-clang-r5-profile-30-recorded-3,stdout,1,benchmark=base64_roundtrip repetitions=2500 encoded_length=1368 checksum=130560
timing-Base64-base64-rxbvm-clang-r5-profile-30-recorded-3,stdout,2,PASS: Base64 Roundtrip
timing-Base64-base64-rxtvm-clang-r5-max-eligible-recorded-3,stdout,1,benchmark=base64_roundtrip repetitions=2500 encoded_length=1368 checksum=130560
timing-Base64-base64-rxtvm-clang-r5-max-eligible-recorded-3,stdout,2,PASS: Base64 Roundtrip
timing-Base64-base64-rxbvm-clang-r5-max-eligible-recorded-3,stdout,1,benchmark=base64_roundtrip repetitions=2500 encoded_length=1368 checksum=130560
timing-Base64-base64-rxbvm-clang-r5-max-eligible-recorded-3,stdout,2,PASS: Base64 Roundtrip
timing-Base64-base64-rxtvm-clang-r5-all-outline-recorded-3,stdout,1,benchmark=base64_roundtrip repetitions=2500 encoded_length=1368 checksum=130560
timing-Base64-base64-rxtvm-clang-r5-all-outline-recorded-3,stdout,2,PASS: Base64 Roundtrip
timing-Base64-base64-rxbvm-clang-r5-all-outline-recorded-3,stdout,1,benchmark=base64_roundtrip repetitions=2500 encoded_length=1368 checksum=130560
timing-Base64-base64-rxbvm-clang-r5-all-outline-recorded-3,stdout,2,PASS: Base64 Roundtrip
timing-Base64-base64-rxtvm-clang-r5-all-inline-recorded-3,stdout,1,benchmark=base64_roundtrip repetitions=2500 encoded_length=1368 checksum=130560
timing-Base64-base64-rxtvm-clang-r5-all-inline-recorded-3,stdout,2,PASS: Base64 Roundtrip
timing-Base64-base64-rxbvm-clang-r5-all-inline-recorded-3,stdout,1,benchmark=base64_roundtrip repetitions=2500 encoded_length=1368 checksum=130560
timing-Base64-base64-rxbvm-clang-r5-all-inline-recorded-3,stdout,2,PASS: Base64 Roundtrip
timing-Base64-base64-rxbvm-clang-r5-all-inline-recorded-4,stdout,1,benchmark=base64_roundtrip repetitions=2500 encoded_length=1368 checksum=130560
timing-Base64-base64-rxbvm-clang-r5-all-inline-recorded-4,stdout,2,PASS: Base64 Roundtrip
timing-Base64-base64-rxtvm-clang-r5-all-inline-recorded-4,stdout,1,benchmark=base64_roundtrip repetitions=2500 encoded_length=1368 checksum=130560
timing-Base64-base64-rxtvm-clang-r5-all-inline-recorded-4,stdout,2,PASS: Base64 Roundtrip
timing-Base64-base64-rxbvm-clang-r5-all-outline-recorded-4,stdout,1,benchmark=base64_roundtrip repetitions=2500 encoded_length=1368 checksum=130560
timing-Base64-base64-rxbvm-clang-r5-all-outline-recorded-4,stdout,2,PASS: Base64 Roundtrip
timing-Base64-base64-rxtvm-clang-r5-all-outline-recorded-4,stdout,1,benchmark=base64_roundtrip repetitions=2500 encoded_length=1368 checksum=130560
timing-Base64-base64-rxtvm-clang-r5-all-outline-recorded-4,stdout,2,PASS: Base64 Roundtrip
timing-Base64-base64-rxbvm-clang-r5-max-eligible-recorded-4,stdout,1,benchmark=base64_roundtrip repetitions=2500 encoded_length=1368 checksum=130560
timing-Base64-base64-rxbvm-clang-r5-max-eligible-recorded-4,stdout,2,PASS: Base64 Roundtrip
timing-Base64-base64-rxtvm-clang-r5-max-eligible-recorded-4,stdout,1,benchmark=base64_roundtrip repetitions=2500 encoded_length=1368 checksum=130560
timing-Base64-base64-rxtvm-clang-r5-max-eligible-recorded-4,stdout,2,PASS: Base64 Roundtrip
timing-Base64-base64-rxbvm-clang-r5-profile-30-recorded-4,stdout,1,benchmark=base64_roundtrip repetitions=2500 encoded_length=1368 checksum=130560
timing-Base64-base64-rxbvm-clang-r5-profile-30-recorded-4,stdout,2,PASS: Base64 Roundtrip
timing-Base64-base64-rxtvm-clang-r5-profile-30-recorded-4,stdout,1,benchmark=base64_roundtrip repetitions=2500 encoded_length=1368 checksum=130560
timing-Base64-base64-rxtvm-clang-r5-profile-30-recorded-4,stdout,2,PASS: Base64 Roundtrip
timing-Base64-base64-rxbvm-clang-r5-profile-20-recorded-4,stdout,1,benchmark=base64_roundtrip repetitions=2500 encoded_length=1368 checksum=130560
timing-Base64-base64-rxbvm-clang-r5-profile-20-recorded-4,stdout,2,PASS: Base64 Roundtrip
timing-Base64-base64-rxtvm-clang-r5-profile-20-recorded-4,stdout,1,benchmark=base64_roundtrip repetitions=2500 encoded_length=1368 checksum=130560
timing-Base64-base64-rxtvm-clang-r5-profile-20-recorded-4,stdout,2,PASS: Base64 Roundtrip
timing-Base64-base64-rxbvm-clang-r5-profile-15-recorded-4,stdout,1,benchmark=base64_roundtrip repetitions=2500 encoded_length=1368 checksum=130560
timing-Base64-base64-rxbvm-clang-r5-profile-15-recorded-4,stdout,2,PASS: Base64 Roundtrip
timing-Base64-base64-rxtvm-clang-r5-profile-15-recorded-4,stdout,1,benchmark=base64_roundtrip repetitions=2500 encoded_length=1368 checksum=130560
timing-Base64-base64-rxtvm-clang-r5-profile-15-recorded-4,stdout,2,PASS: Base64 Roundtrip
timing-Base64-base64-rxbvm-clang-r5-profile-10-recorded-4,stdout,1,benchmark=base64_roundtrip repetitions=2500 encoded_length=1368 checksum=130560
timing-Base64-base64-rxbvm-clang-r5-profile-10-recorded-4,stdout,2,PASS: Base64 Roundtrip
timing-Base64-base64-rxtvm-clang-r5-profile-10-recorded-4,stdout,1,benchmark=base64_roundtrip repetitions=2500 encoded_length=1368 checksum=130560
timing-Base64-base64-rxtvm-clang-r5-profile-10-recorded-4,stdout,2,PASS: Base64 Roundtrip
timing-Base64-base64-rxbvm-clang-r5-profile-5-recorded-4,stdout,1,benchmark=base64_roundtrip repetitions=2500 encoded_length=1368 checksum=130560
timing-Base64-base64-rxbvm-clang-r5-profile-5-recorded-4,stdout,2,PASS: Base64 Roundtrip
timing-Base64-base64-rxtvm-clang-r5-profile-5-recorded-4,stdout,1,benchmark=base64_roundtrip repetitions=2500 encoded_length=1368 checksum=130560
timing-Base64-base64-rxtvm-clang-r5-profile-5-recorded-4,stdout,2,PASS: Base64 Roundtrip
timing-Towers-towers-rxtvm-clang-r5-all-inline-warmup-1,stdout,1,benchmark=awfy_towers repetitions=100 result=8191
timing-Towers-towers-rxtvm-clang-r5-all-inline-warmup-1,stdout,2,PASS: AWFY Towers
timing-Towers-towers-rxbvm-clang-r5-all-inline-warmup-1,stdout,1,benchmark=awfy_towers repetitions=100 result=8191
timing-Towers-towers-rxbvm-clang-r5-all-inline-warmup-1,stdout,2,PASS: AWFY Towers
timing-Towers-towers-rxtvm-clang-r5-profile-5-warmup-1,stdout,1,benchmark=awfy_towers repetitions=100 result=8191
timing-Towers-towers-rxtvm-clang-r5-profile-5-warmup-1,stdout,2,PASS: AWFY Towers
timing-Towers-towers-rxbvm-clang-r5-profile-5-warmup-1,stdout,1,benchmark=awfy_towers repetitions=100 result=8191
timing-Towers-towers-rxbvm-clang-r5-profile-5-warmup-1,stdout,2,PASS: AWFY Towers
timing-Towers-towers-rxtvm-clang-r5-profile-10-warmup-1,stdout,1,benchmark=awfy_towers repetitions=100 result=8191
timing-Towers-towers-rxtvm-clang-r5-profile-10-warmup-1,stdout,2,PASS: AWFY Towers
timing-Towers-towers-rxbvm-clang-r5-profile-10-warmup-1,stdout,1,benchmark=awfy_towers repetitions=100 result=8191
timing-Towers-towers-rxbvm-clang-r5-profile-10-warmup-1,stdout,2,PASS: AWFY Towers
timing-Towers-towers-rxtvm-clang-r5-profile-15-warmup-1,stdout,1,benchmark=awfy_towers repetitions=100 result=8191
timing-Towers-towers-rxtvm-clang-r5-profile-15-warmup-1,stdout,2,PASS: AWFY Towers
timing-Towers-towers-rxbvm-clang-r5-profile-15-warmup-1,stdout,1,benchmark=awfy_towers repetitions=100 result=8191
timing-Towers-towers-rxbvm-clang-r5-profile-15-warmup-1,stdout,2,PASS: AWFY Towers
timing-Towers-towers-rxtvm-clang-r5-profile-20-warmup-1,stdout,1,benchmark=awfy_towers repetitions=100 result=8191
timing-Towers-towers-rxtvm-clang-r5-profile-20-warmup-1,stdout,2,PASS: AWFY Towers
timing-Towers-towers-rxbvm-clang-r5-profile-20-warmup-1,stdout,1,benchmark=awfy_towers repetitions=100 result=8191
timing-Towers-towers-rxbvm-clang-r5-profile-20-warmup-1,stdout,2,PASS: AWFY Towers
timing-Towers-towers-rxtvm-clang-r5-profile-30-warmup-1,stdout,1,benchmark=awfy_towers repetitions=100 result=8191
timing-Towers-towers-rxtvm-clang-r5-profile-30-warmup-1,stdout,2,PASS: AWFY Towers
timing-Towers-towers-rxbvm-clang-r5-profile-30-warmup-1,stdout,1,benchmark=awfy_towers repetitions=100 result=8191
timing-Towers-towers-rxbvm-clang-r5-profile-30-warmup-1,stdout,2,PASS: AWFY Towers
timing-Towers-towers-rxtvm-clang-r5-max-eligible-warmup-1,stdout,1,benchmark=awfy_towers repetitions=100 result=8191
timing-Towers-towers-rxtvm-clang-r5-max-eligible-warmup-1,stdout,2,PASS: AWFY Towers
timing-Towers-towers-rxbvm-clang-r5-max-eligible-warmup-1,stdout,1,benchmark=awfy_towers repetitions=100 result=8191
timing-Towers-towers-rxbvm-clang-r5-max-eligible-warmup-1,stdout,2,PASS: AWFY Towers
timing-Towers-towers-rxtvm-clang-r5-all-outline-warmup-1,stdout,1,benchmark=awfy_towers repetitions=100 result=8191
timing-Towers-towers-rxtvm-clang-r5-all-outline-warmup-1,stdout,2,PASS: AWFY Towers
timing-Towers-towers-rxbvm-clang-r5-all-outline-warmup-1,stdout,1,benchmark=awfy_towers repetitions=100 result=8191
timing-Towers-towers-rxbvm-clang-r5-all-outline-warmup-1,stdout,2,PASS: AWFY Towers
timing-Towers-towers-rxtvm-clang-r5-all-inline-recorded-1,stdout,1,benchmark=awfy_towers repetitions=100 result=8191
timing-Towers-towers-rxtvm-clang-r5-all-inline-recorded-1,stdout,2,PASS: AWFY Towers
timing-Towers-towers-rxbvm-clang-r5-all-inline-recorded-1,stdout,1,benchmark=awfy_towers repetitions=100 result=8191
timing-Towers-towers-rxbvm-clang-r5-all-inline-recorded-1,stdout,2,PASS: AWFY Towers
timing-Towers-towers-rxtvm-clang-r5-profile-5-recorded-1,stdout,1,benchmark=awfy_towers repetitions=100 result=8191
timing-Towers-towers-rxtvm-clang-r5-profile-5-recorded-1,stdout,2,PASS: AWFY Towers
timing-Towers-towers-rxbvm-clang-r5-profile-5-recorded-1,stdout,1,benchmark=awfy_towers repetitions=100 result=8191
timing-Towers-towers-rxbvm-clang-r5-profile-5-recorded-1,stdout,2,PASS: AWFY Towers
timing-Towers-towers-rxtvm-clang-r5-profile-10-recorded-1,stdout,1,benchmark=awfy_towers repetitions=100 result=8191
timing-Towers-towers-rxtvm-clang-r5-profile-10-recorded-1,stdout,2,PASS: AWFY Towers
timing-Towers-towers-rxbvm-clang-r5-profile-10-recorded-1,stdout,1,benchmark=awfy_towers repetitions=100 result=8191
timing-Towers-towers-rxbvm-clang-r5-profile-10-recorded-1,stdout,2,PASS: AWFY Towers
timing-Towers-towers-rxtvm-clang-r5-profile-15-recorded-1,stdout,1,benchmark=awfy_towers repetitions=100 result=8191
timing-Towers-towers-rxtvm-clang-r5-profile-15-recorded-1,stdout,2,PASS: AWFY Towers
timing-Towers-towers-rxbvm-clang-r5-profile-15-recorded-1,stdout,1,benchmark=awfy_towers repetitions=100 result=8191
timing-Towers-towers-rxbvm-clang-r5-profile-15-recorded-1,stdout,2,PASS: AWFY Towers
timing-Towers-towers-rxtvm-clang-r5-profile-20-recorded-1,stdout,1,benchmark=awfy_towers repetitions=100 result=8191
timing-Towers-towers-rxtvm-clang-r5-profile-20-recorded-1,stdout,2,PASS: AWFY Towers
timing-Towers-towers-rxbvm-clang-r5-profile-20-recorded-1,stdout,1,benchmark=awfy_towers repetitions=100 result=8191
timing-Towers-towers-rxbvm-clang-r5-profile-20-recorded-1,stdout,2,PASS: AWFY Towers
timing-Towers-towers-rxtvm-clang-r5-profile-30-recorded-1,stdout,1,benchmark=awfy_towers repetitions=100 result=8191
timing-Towers-towers-rxtvm-clang-r5-profile-30-recorded-1,stdout,2,PASS: AWFY Towers
timing-Towers-towers-rxbvm-clang-r5-profile-30-recorded-1,stdout,1,benchmark=awfy_towers repetitions=100 result=8191
timing-Towers-towers-rxbvm-clang-r5-profile-30-recorded-1,stdout,2,PASS: AWFY Towers
timing-Towers-towers-rxtvm-clang-r5-max-eligible-recorded-1,stdout,1,benchmark=awfy_towers repetitions=100 result=8191
timing-Towers-towers-rxtvm-clang-r5-max-eligible-recorded-1,stdout,2,PASS: AWFY Towers
timing-Towers-towers-rxbvm-clang-r5-max-eligible-recorded-1,stdout,1,benchmark=awfy_towers repetitions=100 result=8191
timing-Towers-towers-rxbvm-clang-r5-max-eligible-recorded-1,stdout,2,PASS: AWFY Towers
timing-Towers-towers-rxtvm-clang-r5-all-outline-recorded-1,stdout,1,benchmark=awfy_towers repetitions=100 result=8191
timing-Towers-towers-rxtvm-clang-r5-all-outline-recorded-1,stdout,2,PASS: AWFY Towers
timing-Towers-towers-rxbvm-clang-r5-all-outline-recorded-1,stdout,1,benchmark=awfy_towers repetitions=100 result=8191
timing-Towers-towers-rxbvm-clang-r5-all-outline-recorded-1,stdout,2,PASS: AWFY Towers
timing-Towers-towers-rxbvm-clang-r5-all-outline-recorded-2,stdout,1,benchmark=awfy_towers repetitions=100 result=8191
timing-Towers-towers-rxbvm-clang-r5-all-outline-recorded-2,stdout,2,PASS: AWFY Towers
timing-Towers-towers-rxtvm-clang-r5-all-outline-recorded-2,stdout,1,benchmark=awfy_towers repetitions=100 result=8191
timing-Towers-towers-rxtvm-clang-r5-all-outline-recorded-2,stdout,2,PASS: AWFY Towers
timing-Towers-towers-rxbvm-clang-r5-max-eligible-recorded-2,stdout,1,benchmark=awfy_towers repetitions=100 result=8191
timing-Towers-towers-rxbvm-clang-r5-max-eligible-recorded-2,stdout,2,PASS: AWFY Towers
timing-Towers-towers-rxtvm-clang-r5-max-eligible-recorded-2,stdout,1,benchmark=awfy_towers repetitions=100 result=8191
timing-Towers-towers-rxtvm-clang-r5-max-eligible-recorded-2,stdout,2,PASS: AWFY Towers
timing-Towers-towers-rxbvm-clang-r5-profile-30-recorded-2,stdout,1,benchmark=awfy_towers repetitions=100 result=8191
timing-Towers-towers-rxbvm-clang-r5-profile-30-recorded-2,stdout,2,PASS: AWFY Towers
timing-Towers-towers-rxtvm-clang-r5-profile-30-recorded-2,stdout,1,benchmark=awfy_towers repetitions=100 result=8191
timing-Towers-towers-rxtvm-clang-r5-profile-30-recorded-2,stdout,2,PASS: AWFY Towers
timing-Towers-towers-rxbvm-clang-r5-profile-20-recorded-2,stdout,1,benchmark=awfy_towers repetitions=100 result=8191
timing-Towers-towers-rxbvm-clang-r5-profile-20-recorded-2,stdout,2,PASS: AWFY Towers
timing-Towers-towers-rxtvm-clang-r5-profile-20-recorded-2,stdout,1,benchmark=awfy_towers repetitions=100 result=8191
timing-Towers-towers-rxtvm-clang-r5-profile-20-recorded-2,stdout,2,PASS: AWFY Towers
timing-Towers-towers-rxbvm-clang-r5-profile-15-recorded-2,stdout,1,benchmark=awfy_towers repetitions=100 result=8191
timing-Towers-towers-rxbvm-clang-r5-profile-15-recorded-2,stdout,2,PASS: AWFY Towers
timing-Towers-towers-rxtvm-clang-r5-profile-15-recorded-2,stdout,1,benchmark=awfy_towers repetitions=100 result=8191
timing-Towers-towers-rxtvm-clang-r5-profile-15-recorded-2,stdout,2,PASS: AWFY Towers
timing-Towers-towers-rxbvm-clang-r5-profile-10-recorded-2,stdout,1,benchmark=awfy_towers repetitions=100 result=8191
timing-Towers-towers-rxbvm-clang-r5-profile-10-recorded-2,stdout,2,PASS: AWFY Towers
timing-Towers-towers-rxtvm-clang-r5-profile-10-recorded-2,stdout,1,benchmark=awfy_towers repetitions=100 result=8191
timing-Towers-towers-rxtvm-clang-r5-profile-10-recorded-2,stdout,2,PASS: AWFY Towers
timing-Towers-towers-rxbvm-clang-r5-profile-5-recorded-2,stdout,1,benchmark=awfy_towers repetitions=100 result=8191
timing-Towers-towers-rxbvm-clang-r5-profile-5-recorded-2,stdout,2,PASS: AWFY Towers
timing-Towers-towers-rxtvm-clang-r5-profile-5-recorded-2,stdout,1,benchmark=awfy_towers repetitions=100 result=8191
timing-Towers-towers-rxtvm-clang-r5-profile-5-recorded-2,stdout,2,PASS: AWFY Towers
timing-Towers-towers-rxbvm-clang-r5-all-inline-recorded-2,stdout,1,benchmark=awfy_towers repetitions=100 result=8191
timing-Towers-towers-rxbvm-clang-r5-all-inline-recorded-2,stdout,2,PASS: AWFY Towers
timing-Towers-towers-rxtvm-clang-r5-all-inline-recorded-2,stdout,1,benchmark=awfy_towers repetitions=100 result=8191
timing-Towers-towers-rxtvm-clang-r5-all-inline-recorded-2,stdout,2,PASS: AWFY Towers
timing-Towers-towers-rxtvm-clang-r5-profile-5-recorded-3,stdout,1,benchmark=awfy_towers repetitions=100 result=8191
timing-Towers-towers-rxtvm-clang-r5-profile-5-recorded-3,stdout,2,PASS: AWFY Towers
timing-Towers-towers-rxbvm-clang-r5-profile-5-recorded-3,stdout,1,benchmark=awfy_towers repetitions=100 result=8191
timing-Towers-towers-rxbvm-clang-r5-profile-5-recorded-3,stdout,2,PASS: AWFY Towers
timing-Towers-towers-rxtvm-clang-r5-profile-10-recorded-3,stdout,1,benchmark=awfy_towers repetitions=100 result=8191
timing-Towers-towers-rxtvm-clang-r5-profile-10-recorded-3,stdout,2,PASS: AWFY Towers
timing-Towers-towers-rxbvm-clang-r5-profile-10-recorded-3,stdout,1,benchmark=awfy_towers repetitions=100 result=8191
timing-Towers-towers-rxbvm-clang-r5-profile-10-recorded-3,stdout,2,PASS: AWFY Towers
timing-Towers-towers-rxtvm-clang-r5-profile-15-recorded-3,stdout,1,benchmark=awfy_towers repetitions=100 result=8191
timing-Towers-towers-rxtvm-clang-r5-profile-15-recorded-3,stdout,2,PASS: AWFY Towers
timing-Towers-towers-rxbvm-clang-r5-profile-15-recorded-3,stdout,1,benchmark=awfy_towers repetitions=100 result=8191
timing-Towers-towers-rxbvm-clang-r5-profile-15-recorded-3,stdout,2,PASS: AWFY Towers
timing-Towers-towers-rxtvm-clang-r5-profile-20-recorded-3,stdout,1,benchmark=awfy_towers repetitions=100 result=8191
timing-Towers-towers-rxtvm-clang-r5-profile-20-recorded-3,stdout,2,PASS: AWFY Towers
timing-Towers-towers-rxbvm-clang-r5-profile-20-recorded-3,stdout,1,benchmark=awfy_towers repetitions=100 result=8191
timing-Towers-towers-rxbvm-clang-r5-profile-20-recorded-3,stdout,2,PASS: AWFY Towers
timing-Towers-towers-rxtvm-clang-r5-profile-30-recorded-3,stdout,1,benchmark=awfy_towers repetitions=100 result=8191
timing-Towers-towers-rxtvm-clang-r5-profile-30-recorded-3,stdout,2,PASS: AWFY Towers
timing-Towers-towers-rxbvm-clang-r5-profile-30-recorded-3,stdout,1,benchmark=awfy_towers repetitions=100 result=8191
timing-Towers-towers-rxbvm-clang-r5-profile-30-recorded-3,stdout,2,PASS: AWFY Towers
timing-Towers-towers-rxtvm-clang-r5-max-eligible-recorded-3,stdout,1,benchmark=awfy_towers repetitions=100 result=8191
timing-Towers-towers-rxtvm-clang-r5-max-eligible-recorded-3,stdout,2,PASS: AWFY Towers
timing-Towers-towers-rxbvm-clang-r5-max-eligible-recorded-3,stdout,1,benchmark=awfy_towers repetitions=100 result=8191
timing-Towers-towers-rxbvm-clang-r5-max-eligible-recorded-3,stdout,2,PASS: AWFY Towers
timing-Towers-towers-rxtvm-clang-r5-all-outline-recorded-3,stdout,1,benchmark=awfy_towers repetitions=100 result=8191
timing-Towers-towers-rxtvm-clang-r5-all-outline-recorded-3,stdout,2,PASS: AWFY Towers
timing-Towers-towers-rxbvm-clang-r5-all-outline-recorded-3,stdout,1,benchmark=awfy_towers repetitions=100 result=8191
timing-Towers-towers-rxbvm-clang-r5-all-outline-recorded-3,stdout,2,PASS: AWFY Towers
timing-Towers-towers-rxtvm-clang-r5-all-inline-recorded-3,stdout,1,benchmark=awfy_towers repetitions=100 result=8191
timing-Towers-towers-rxtvm-clang-r5-all-inline-recorded-3,stdout,2,PASS: AWFY Towers
timing-Towers-towers-rxbvm-clang-r5-all-inline-recorded-3,stdout,1,benchmark=awfy_towers repetitions=100 result=8191
timing-Towers-towers-rxbvm-clang-r5-all-inline-recorded-3,stdout,2,PASS: AWFY Towers
timing-Towers-towers-rxbvm-clang-r5-all-inline-recorded-4,stdout,1,benchmark=awfy_towers repetitions=100 result=8191
timing-Towers-towers-rxbvm-clang-r5-all-inline-recorded-4,stdout,2,PASS: AWFY Towers
timing-Towers-towers-rxtvm-clang-r5-all-inline-recorded-4,stdout,1,benchmark=awfy_towers repetitions=100 result=8191
timing-Towers-towers-rxtvm-clang-r5-all-inline-recorded-4,stdout,2,PASS: AWFY Towers
timing-Towers-towers-rxbvm-clang-r5-all-outline-recorded-4,stdout,1,benchmark=awfy_towers repetitions=100 result=8191
timing-Towers-towers-rxbvm-clang-r5-all-outline-recorded-4,stdout,2,PASS: AWFY Towers
timing-Towers-towers-rxtvm-clang-r5-all-outline-recorded-4,stdout,1,benchmark=awfy_towers repetitions=100 result=8191
timing-Towers-towers-rxtvm-clang-r5-all-outline-recorded-4,stdout,2,PASS: AWFY Towers
timing-Towers-towers-rxbvm-clang-r5-max-eligible-recorded-4,stdout,1,benchmark=awfy_towers repetitions=100 result=8191
timing-Towers-towers-rxbvm-clang-r5-max-eligible-recorded-4,stdout,2,PASS: AWFY Towers
timing-Towers-towers-rxtvm-clang-r5-max-eligible-recorded-4,stdout,1,benchmark=awfy_towers repetitions=100 result=8191
timing-Towers-towers-rxtvm-clang-r5-max-eligible-recorded-4,stdout,2,PASS: AWFY Towers
timing-Towers-towers-rxbvm-clang-r5-profile-30-recorded-4,stdout,1,benchmark=awfy_towers repetitions=100 result=8191
timing-Towers-towers-rxbvm-clang-r5-profile-30-recorded-4,stdout,2,PASS: AWFY Towers
timing-Towers-towers-rxtvm-clang-r5-profile-30-recorded-4,stdout,1,benchmark=awfy_towers repetitions=100 result=8191
timing-Towers-towers-rxtvm-clang-r5-profile-30-recorded-4,stdout,2,PASS: AWFY Towers
timing-Towers-towers-rxbvm-clang-r5-profile-20-recorded-4,stdout,1,benchmark=awfy_towers repetitions=100 result=8191
timing-Towers-towers-rxbvm-clang-r5-profile-20-recorded-4,stdout,2,PASS: AWFY Towers
timing-Towers-towers-rxtvm-clang-r5-profile-20-recorded-4,stdout,1,benchmark=awfy_towers repetitions=100 result=8191
timing-Towers-towers-rxtvm-clang-r5-profile-20-recorded-4,stdout,2,PASS: AWFY Towers
timing-Towers-towers-rxbvm-clang-r5-profile-15-recorded-4,stdout,1,benchmark=awfy_towers repetitions=100 result=8191
timing-Towers-towers-rxbvm-clang-r5-profile-15-recorded-4,stdout,2,PASS: AWFY Towers
timing-Towers-towers-rxtvm-clang-r5-profile-15-recorded-4,stdout,1,benchmark=awfy_towers repetitions=100 result=8191
timing-Towers-towers-rxtvm-clang-r5-profile-15-recorded-4,stdout,2,PASS: AWFY Towers
timing-Towers-towers-rxbvm-clang-r5-profile-10-recorded-4,stdout,1,benchmark=awfy_towers repetitions=100 result=8191
timing-Towers-towers-rxbvm-clang-r5-profile-10-recorded-4,stdout,2,PASS: AWFY Towers
timing-Towers-towers-rxtvm-clang-r5-profile-10-recorded-4,stdout,1,benchmark=awfy_towers repetitions=100 result=8191
timing-Towers-towers-rxtvm-clang-r5-profile-10-recorded-4,stdout,2,PASS: AWFY Towers
timing-Towers-towers-rxbvm-clang-r5-profile-5-recorded-4,stdout,1,benchmark=awfy_towers repetitions=100 result=8191
timing-Towers-towers-rxbvm-clang-r5-profile-5-recorded-4,stdout,2,PASS: AWFY Towers
timing-Towers-towers-rxtvm-clang-r5-profile-5-recorded-4,stdout,1,benchmark=awfy_towers repetitions=100 result=8191
timing-Towers-towers-rxtvm-clang-r5-profile-5-recorded-4,stdout,2,PASS: AWFY Towers
timing-RexxCPS-rexxcps-rxtvm-clang-r5-all-inline-warmup-1,stdout,1,----- REXXCPS 2.2d -- Measuring cREXX clauses/second -----
timing-RexxCPS-rexxcps-rxtvm-clang-r5-all-inline-warmup-1,stdout,2, cREXX version is: macOS 64 crexx-1.0.0-beta.3+local.g3ad9890c139c.dirty 20260810
timing-RexxCPS-rexxcps-rxtvm-clang-r5-all-inline-warmup-1,stdout,3,       System is: macOS
timing-RexxCPS-rexxcps-rxtvm-clang-r5-all-inline-warmup-1,stdout,4,REXXCPS-PROVENANCE contract=canonical-default argv_count=0 initial_count=100 averaging=100
timing-RexxCPS-rexxcps-rxtvm-clang-r5-all-inline-warmup-1,stdout,5,        Averaged: 500 x 100 iterations of 1000 clauses (over 1.1 s)
timing-RexxCPS-rexxcps-rxtvm-clang-r5-all-inline-warmup-1,stdout,6,REXXCPS-EFFECTIVE contract=canonical-default initial_count=100 effective_count=500 averaging=100 calibrated=1
timing-RexxCPS-rexxcps-rxtvm-clang-r5-all-inline-warmup-1,stdout,7,
timing-RexxCPS-rexxcps-rxtvm-clang-r5-all-inline-warmup-1,stdout,8,     Performance: 45962811 cREXX clauses per second
timing-RexxCPS-rexxcps-rxtvm-clang-r5-all-inline-warmup-1,stdout,9,
timing-RexxCPS-rexxcps-rxtvm-clang-r5-all-inline-warmup-1,stdout,10,PASS: RexxCPS 2.2d cREXX port
timing-RexxCPS-rexxcps-rxbvm-clang-r5-all-inline-warmup-1,stdout,1,----- REXXCPS 2.2d -- Measuring cREXX clauses/second -----
timing-RexxCPS-rexxcps-rxbvm-clang-r5-all-inline-warmup-1,stdout,2, cREXX version is: macOS 64 crexx-1.0.0-beta.3+local.g3ad9890c139c.dirty 20260810
timing-RexxCPS-rexxcps-rxbvm-clang-r5-all-inline-warmup-1,stdout,3,       System is: macOS
timing-RexxCPS-rexxcps-rxbvm-clang-r5-all-inline-warmup-1,stdout,4,REXXCPS-PROVENANCE contract=canonical-default argv_count=0 initial_count=100 averaging=100
timing-RexxCPS-rexxcps-rxbvm-clang-r5-all-inline-warmup-1,stdout,5,        Averaged: 500 x 100 iterations of 1000 clauses (over 1.1 s)
timing-RexxCPS-rexxcps-rxbvm-clang-r5-all-inline-warmup-1,stdout,6,REXXCPS-EFFECTIVE contract=canonical-default initial_count=100 effective_count=500 averaging=100 calibrated=1
timing-RexxCPS-rexxcps-rxbvm-clang-r5-all-inline-warmup-1,stdout,7,
timing-RexxCPS-rexxcps-rxbvm-clang-r5-all-inline-warmup-1,stdout,8,     Performance: 45129490 cREXX clauses per second
timing-RexxCPS-rexxcps-rxbvm-clang-r5-all-inline-warmup-1,stdout,9,
timing-RexxCPS-rexxcps-rxbvm-clang-r5-all-inline-warmup-1,stdout,10,PASS: RexxCPS 2.2d cREXX port
timing-RexxCPS-rexxcps-rxtvm-clang-r5-profile-5-warmup-1,stdout,1,----- REXXCPS 2.2d -- Measuring cREXX clauses/second -----
timing-RexxCPS-rexxcps-rxtvm-clang-r5-profile-5-warmup-1,stdout,2, cREXX version is: macOS 64 crexx-1.0.0-beta.3+local.g3ad9890c139c.dirty 20260810
timing-RexxCPS-rexxcps-rxtvm-clang-r5-profile-5-warmup-1,stdout,3,       System is: macOS
timing-RexxCPS-rexxcps-rxtvm-clang-r5-profile-5-warmup-1,stdout,4,REXXCPS-PROVENANCE contract=canonical-default argv_count=0 initial_count=100 averaging=100
timing-RexxCPS-rexxcps-rxtvm-clang-r5-profile-5-warmup-1,stdout,5,        Averaged: 400 x 100 iterations of 1000 clauses (over 1.2 s)
timing-RexxCPS-rexxcps-rxtvm-clang-r5-profile-5-warmup-1,stdout,6,REXXCPS-EFFECTIVE contract=canonical-default initial_count=100 effective_count=400 averaging=100 calibrated=1
timing-RexxCPS-rexxcps-rxtvm-clang-r5-profile-5-warmup-1,stdout,7,
timing-RexxCPS-rexxcps-rxtvm-clang-r5-profile-5-warmup-1,stdout,8,     Performance: 32874082 cREXX clauses per second
timing-RexxCPS-rexxcps-rxtvm-clang-r5-profile-5-warmup-1,stdout,9,
timing-RexxCPS-rexxcps-rxtvm-clang-r5-profile-5-warmup-1,stdout,10,PASS: RexxCPS 2.2d cREXX port
timing-RexxCPS-rexxcps-rxbvm-clang-r5-profile-5-warmup-1,stdout,1,----- REXXCPS 2.2d -- Measuring cREXX clauses/second -----
timing-RexxCPS-rexxcps-rxbvm-clang-r5-profile-5-warmup-1,stdout,2, cREXX version is: macOS 64 crexx-1.0.0-beta.3+local.g3ad9890c139c.dirty 20260810
timing-RexxCPS-rexxcps-rxbvm-clang-r5-profile-5-warmup-1,stdout,3,       System is: macOS
timing-RexxCPS-rexxcps-rxbvm-clang-r5-profile-5-warmup-1,stdout,4,REXXCPS-PROVENANCE contract=canonical-default argv_count=0 initial_count=100 averaging=100
timing-RexxCPS-rexxcps-rxbvm-clang-r5-profile-5-warmup-1,stdout,5,        Averaged: 400 x 100 iterations of 1000 clauses (over 1.2 s)
timing-RexxCPS-rexxcps-rxbvm-clang-r5-profile-5-warmup-1,stdout,6,REXXCPS-EFFECTIVE contract=canonical-default initial_count=100 effective_count=400 averaging=100 calibrated=1
timing-RexxCPS-rexxcps-rxbvm-clang-r5-profile-5-warmup-1,stdout,7,
timing-RexxCPS-rexxcps-rxbvm-clang-r5-profile-5-warmup-1,stdout,8,     Performance: 32556852 cREXX clauses per second
timing-RexxCPS-rexxcps-rxbvm-clang-r5-profile-5-warmup-1,stdout,9,
timing-RexxCPS-rexxcps-rxbvm-clang-r5-profile-5-warmup-1,stdout,10,PASS: RexxCPS 2.2d cREXX port
timing-RexxCPS-rexxcps-rxtvm-clang-r5-profile-10-warmup-1,stdout,1,----- REXXCPS 2.2d -- Measuring cREXX clauses/second -----
timing-RexxCPS-rexxcps-rxtvm-clang-r5-profile-10-warmup-1,stdout,2, cREXX version is: macOS 64 crexx-1.0.0-beta.3+local.g3ad9890c139c.dirty 20260810
timing-RexxCPS-rexxcps-rxtvm-clang-r5-profile-10-warmup-1,stdout,3,       System is: macOS
timing-RexxCPS-rexxcps-rxtvm-clang-r5-profile-10-warmup-1,stdout,4,REXXCPS-PROVENANCE contract=canonical-default argv_count=0 initial_count=100 averaging=100
timing-RexxCPS-rexxcps-rxtvm-clang-r5-profile-10-warmup-1,stdout,5,        Averaged: 400 x 100 iterations of 1000 clauses (over 1.0 s)
timing-RexxCPS-rexxcps-rxtvm-clang-r5-profile-10-warmup-1,stdout,6,REXXCPS-EFFECTIVE contract=canonical-default initial_count=100 effective_count=400 averaging=100 calibrated=1
timing-RexxCPS-rexxcps-rxtvm-clang-r5-profile-10-warmup-1,stdout,7,
timing-RexxCPS-rexxcps-rxtvm-clang-r5-profile-10-warmup-1,stdout,8,     Performance: 39057656 cREXX clauses per second
timing-RexxCPS-rexxcps-rxtvm-clang-r5-profile-10-warmup-1,stdout,9,
timing-RexxCPS-rexxcps-rxtvm-clang-r5-profile-10-warmup-1,stdout,10,PASS: RexxCPS 2.2d cREXX port
timing-RexxCPS-rexxcps-rxbvm-clang-r5-profile-10-warmup-1,stdout,1,----- REXXCPS 2.2d -- Measuring cREXX clauses/second -----
timing-RexxCPS-rexxcps-rxbvm-clang-r5-profile-10-warmup-1,stdout,2, cREXX version is: macOS 64 crexx-1.0.0-beta.3+local.g3ad9890c139c.dirty 20260810
timing-RexxCPS-rexxcps-rxbvm-clang-r5-profile-10-warmup-1,stdout,3,       System is: macOS
timing-RexxCPS-rexxcps-rxbvm-clang-r5-profile-10-warmup-1,stdout,4,REXXCPS-PROVENANCE contract=canonical-default argv_count=0 initial_count=100 averaging=100
timing-RexxCPS-rexxcps-rxbvm-clang-r5-profile-10-warmup-1,stdout,5,        Averaged: 400 x 100 iterations of 1000 clauses (over 1.0 s)
timing-RexxCPS-rexxcps-rxbvm-clang-r5-profile-10-warmup-1,stdout,6,REXXCPS-EFFECTIVE contract=canonical-default initial_count=100 effective_count=400 averaging=100 calibrated=1
timing-RexxCPS-rexxcps-rxbvm-clang-r5-profile-10-warmup-1,stdout,7,
timing-RexxCPS-rexxcps-rxbvm-clang-r5-profile-10-warmup-1,stdout,8,     Performance: 39394856 cREXX clauses per second
timing-RexxCPS-rexxcps-rxbvm-clang-r5-profile-10-warmup-1,stdout,9,
timing-RexxCPS-rexxcps-rxbvm-clang-r5-profile-10-warmup-1,stdout,10,PASS: RexxCPS 2.2d cREXX port
timing-RexxCPS-rexxcps-rxtvm-clang-r5-profile-15-warmup-1,stdout,1,----- REXXCPS 2.2d -- Measuring cREXX clauses/second -----
timing-RexxCPS-rexxcps-rxtvm-clang-r5-profile-15-warmup-1,stdout,2, cREXX version is: macOS 64 crexx-1.0.0-beta.3+local.g3ad9890c139c.dirty 20260810
timing-RexxCPS-rexxcps-rxtvm-clang-r5-profile-15-warmup-1,stdout,3,       System is: macOS
timing-RexxCPS-rexxcps-rxtvm-clang-r5-profile-15-warmup-1,stdout,4,REXXCPS-PROVENANCE contract=canonical-default argv_count=0 initial_count=100 averaging=100
timing-RexxCPS-rexxcps-rxtvm-clang-r5-profile-15-warmup-1,stdout,5,        Averaged: 500 x 100 iterations of 1000 clauses (over 1.1 s)
timing-RexxCPS-rexxcps-rxtvm-clang-r5-profile-15-warmup-1,stdout,6,REXXCPS-EFFECTIVE contract=canonical-default initial_count=100 effective_count=500 averaging=100 calibrated=1
timing-RexxCPS-rexxcps-rxtvm-clang-r5-profile-15-warmup-1,stdout,7,
timing-RexxCPS-rexxcps-rxtvm-clang-r5-profile-15-warmup-1,stdout,8,     Performance: 43828162 cREXX clauses per second
timing-RexxCPS-rexxcps-rxtvm-clang-r5-profile-15-warmup-1,stdout,9,
timing-RexxCPS-rexxcps-rxtvm-clang-r5-profile-15-warmup-1,stdout,10,PASS: RexxCPS 2.2d cREXX port
timing-RexxCPS-rexxcps-rxbvm-clang-r5-profile-15-warmup-1,stdout,1,----- REXXCPS 2.2d -- Measuring cREXX clauses/second -----
timing-RexxCPS-rexxcps-rxbvm-clang-r5-profile-15-warmup-1,stdout,2, cREXX version is: macOS 64 crexx-1.0.0-beta.3+local.g3ad9890c139c.dirty 20260810
timing-RexxCPS-rexxcps-rxbvm-clang-r5-profile-15-warmup-1,stdout,3,       System is: macOS
timing-RexxCPS-rexxcps-rxbvm-clang-r5-profile-15-warmup-1,stdout,4,REXXCPS-PROVENANCE contract=canonical-default argv_count=0 initial_count=100 averaging=100
timing-RexxCPS-rexxcps-rxbvm-clang-r5-profile-15-warmup-1,stdout,5,        Averaged: 500 x 100 iterations of 1000 clauses (over 1.2 s)
timing-RexxCPS-rexxcps-rxbvm-clang-r5-profile-15-warmup-1,stdout,6,REXXCPS-EFFECTIVE contract=canonical-default initial_count=100 effective_count=500 averaging=100 calibrated=1
timing-RexxCPS-rexxcps-rxbvm-clang-r5-profile-15-warmup-1,stdout,7,
timing-RexxCPS-rexxcps-rxbvm-clang-r5-profile-15-warmup-1,stdout,8,     Performance: 42478105 cREXX clauses per second
timing-RexxCPS-rexxcps-rxbvm-clang-r5-profile-15-warmup-1,stdout,9,
timing-RexxCPS-rexxcps-rxbvm-clang-r5-profile-15-warmup-1,stdout,10,PASS: RexxCPS 2.2d cREXX port
timing-RexxCPS-rexxcps-rxtvm-clang-r5-profile-20-warmup-1,stdout,1,----- REXXCPS 2.2d -- Measuring cREXX clauses/second -----
timing-RexxCPS-rexxcps-rxtvm-clang-r5-profile-20-warmup-1,stdout,2, cREXX version is: macOS 64 crexx-1.0.0-beta.3+local.g3ad9890c139c.dirty 20260810
timing-RexxCPS-rexxcps-rxtvm-clang-r5-profile-20-warmup-1,stdout,3,       System is: macOS
timing-RexxCPS-rexxcps-rxtvm-clang-r5-profile-20-warmup-1,stdout,4,REXXCPS-PROVENANCE contract=canonical-default argv_count=0 initial_count=100 averaging=100
timing-RexxCPS-rexxcps-rxtvm-clang-r5-profile-20-warmup-1,stdout,5,        Averaged: 500 x 100 iterations of 1000 clauses (over 1.1 s)
timing-RexxCPS-rexxcps-rxtvm-clang-r5-profile-20-warmup-1,stdout,6,REXXCPS-EFFECTIVE contract=canonical-default initial_count=100 effective_count=500 averaging=100 calibrated=1
timing-RexxCPS-rexxcps-rxtvm-clang-r5-profile-20-warmup-1,stdout,7,
timing-RexxCPS-rexxcps-rxtvm-clang-r5-profile-20-warmup-1,stdout,8,     Performance: 45827666 cREXX clauses per second
timing-RexxCPS-rexxcps-rxtvm-clang-r5-profile-20-warmup-1,stdout,9,
timing-RexxCPS-rexxcps-rxtvm-clang-r5-profile-20-warmup-1,stdout,10,PASS: RexxCPS 2.2d cREXX port
timing-RexxCPS-rexxcps-rxbvm-clang-r5-profile-20-warmup-1,stdout,1,----- REXXCPS 2.2d -- Measuring cREXX clauses/second -----
timing-RexxCPS-rexxcps-rxbvm-clang-r5-profile-20-warmup-1,stdout,2, cREXX version is: macOS 64 crexx-1.0.0-beta.3+local.g3ad9890c139c.dirty 20260810
timing-RexxCPS-rexxcps-rxbvm-clang-r5-profile-20-warmup-1,stdout,3,       System is: macOS
timing-RexxCPS-rexxcps-rxbvm-clang-r5-profile-20-warmup-1,stdout,4,REXXCPS-PROVENANCE contract=canonical-default argv_count=0 initial_count=100 averaging=100
timing-RexxCPS-rexxcps-rxbvm-clang-r5-profile-20-warmup-1,stdout,5,        Averaged: 500 x 100 iterations of 1000 clauses (over 1.1 s)
timing-RexxCPS-rexxcps-rxbvm-clang-r5-profile-20-warmup-1,stdout,6,REXXCPS-EFFECTIVE contract=canonical-default initial_count=100 effective_count=500 averaging=100 calibrated=1
timing-RexxCPS-rexxcps-rxbvm-clang-r5-profile-20-warmup-1,stdout,7,
timing-RexxCPS-rexxcps-rxbvm-clang-r5-profile-20-warmup-1,stdout,8,     Performance: 45097618 cREXX clauses per second
timing-RexxCPS-rexxcps-rxbvm-clang-r5-profile-20-warmup-1,stdout,9,
timing-RexxCPS-rexxcps-rxbvm-clang-r5-profile-20-warmup-1,stdout,10,PASS: RexxCPS 2.2d cREXX port
timing-RexxCPS-rexxcps-rxtvm-clang-r5-profile-30-warmup-1,stdout,1,----- REXXCPS 2.2d -- Measuring cREXX clauses/second -----
timing-RexxCPS-rexxcps-rxtvm-clang-r5-profile-30-warmup-1,stdout,2, cREXX version is: macOS 64 crexx-1.0.0-beta.3+local.g3ad9890c139c.dirty 20260810
timing-RexxCPS-rexxcps-rxtvm-clang-r5-profile-30-warmup-1,stdout,3,       System is: macOS
timing-RexxCPS-rexxcps-rxtvm-clang-r5-profile-30-warmup-1,stdout,4,REXXCPS-PROVENANCE contract=canonical-default argv_count=0 initial_count=100 averaging=100
timing-RexxCPS-rexxcps-rxtvm-clang-r5-profile-30-warmup-1,stdout,5,        Averaged: 500 x 100 iterations of 1000 clauses (over 1.1 s)
timing-RexxCPS-rexxcps-rxtvm-clang-r5-profile-30-warmup-1,stdout,6,REXXCPS-EFFECTIVE contract=canonical-default initial_count=100 effective_count=500 averaging=100 calibrated=1
timing-RexxCPS-rexxcps-rxtvm-clang-r5-profile-30-warmup-1,stdout,7,
timing-RexxCPS-rexxcps-rxtvm-clang-r5-profile-30-warmup-1,stdout,8,     Performance: 44968477 cREXX clauses per second
timing-RexxCPS-rexxcps-rxtvm-clang-r5-profile-30-warmup-1,stdout,9,
timing-RexxCPS-rexxcps-rxtvm-clang-r5-profile-30-warmup-1,stdout,10,PASS: RexxCPS 2.2d cREXX port
timing-RexxCPS-rexxcps-rxbvm-clang-r5-profile-30-warmup-1,stdout,1,----- REXXCPS 2.2d -- Measuring cREXX clauses/second -----
timing-RexxCPS-rexxcps-rxbvm-clang-r5-profile-30-warmup-1,stdout,2, cREXX version is: macOS 64 crexx-1.0.0-beta.3+local.g3ad9890c139c.dirty 20260810
timing-RexxCPS-rexxcps-rxbvm-clang-r5-profile-30-warmup-1,stdout,3,       System is: macOS
timing-RexxCPS-rexxcps-rxbvm-clang-r5-profile-30-warmup-1,stdout,4,REXXCPS-PROVENANCE contract=canonical-default argv_count=0 initial_count=100 averaging=100
timing-RexxCPS-rexxcps-rxbvm-clang-r5-profile-30-warmup-1,stdout,5,        Averaged: 500 x 100 iterations of 1000 clauses (over 1.1 s)
timing-RexxCPS-rexxcps-rxbvm-clang-r5-profile-30-warmup-1,stdout,6,REXXCPS-EFFECTIVE contract=canonical-default initial_count=100 effective_count=500 averaging=100 calibrated=1
timing-RexxCPS-rexxcps-rxbvm-clang-r5-profile-30-warmup-1,stdout,7,
timing-RexxCPS-rexxcps-rxbvm-clang-r5-profile-30-warmup-1,stdout,8,     Performance: 44457051 cREXX clauses per second
timing-RexxCPS-rexxcps-rxbvm-clang-r5-profile-30-warmup-1,stdout,9,
timing-RexxCPS-rexxcps-rxbvm-clang-r5-profile-30-warmup-1,stdout,10,PASS: RexxCPS 2.2d cREXX port
timing-RexxCPS-rexxcps-rxtvm-clang-r5-max-eligible-warmup-1,stdout,1,----- REXXCPS 2.2d -- Measuring cREXX clauses/second -----
timing-RexxCPS-rexxcps-rxtvm-clang-r5-max-eligible-warmup-1,stdout,2, cREXX version is: macOS 64 crexx-1.0.0-beta.3+local.g3ad9890c139c.dirty 20260810
timing-RexxCPS-rexxcps-rxtvm-clang-r5-max-eligible-warmup-1,stdout,3,       System is: macOS
timing-RexxCPS-rexxcps-rxtvm-clang-r5-max-eligible-warmup-1,stdout,4,REXXCPS-PROVENANCE contract=canonical-default argv_count=0 initial_count=100 averaging=100
timing-RexxCPS-rexxcps-rxtvm-clang-r5-max-eligible-warmup-1,stdout,5,        Averaged: 500 x 100 iterations of 1000 clauses (over 1.1 s)
timing-RexxCPS-rexxcps-rxtvm-clang-r5-max-eligible-warmup-1,stdout,6,REXXCPS-EFFECTIVE contract=canonical-default initial_count=100 effective_count=500 averaging=100 calibrated=1
timing-RexxCPS-rexxcps-rxtvm-clang-r5-max-eligible-warmup-1,stdout,7,
timing-RexxCPS-rexxcps-rxtvm-clang-r5-max-eligible-warmup-1,stdout,8,     Performance: 45386177 cREXX clauses per second
timing-RexxCPS-rexxcps-rxtvm-clang-r5-max-eligible-warmup-1,stdout,9,
timing-RexxCPS-rexxcps-rxtvm-clang-r5-max-eligible-warmup-1,stdout,10,PASS: RexxCPS 2.2d cREXX port
timing-RexxCPS-rexxcps-rxbvm-clang-r5-max-eligible-warmup-1,stdout,1,----- REXXCPS 2.2d -- Measuring cREXX clauses/second -----
timing-RexxCPS-rexxcps-rxbvm-clang-r5-max-eligible-warmup-1,stdout,2, cREXX version is: macOS 64 crexx-1.0.0-beta.3+local.g3ad9890c139c.dirty 20260810
timing-RexxCPS-rexxcps-rxbvm-clang-r5-max-eligible-warmup-1,stdout,3,       System is: macOS
timing-RexxCPS-rexxcps-rxbvm-clang-r5-max-eligible-warmup-1,stdout,4,REXXCPS-PROVENANCE contract=canonical-default argv_count=0 initial_count=100 averaging=100
timing-RexxCPS-rexxcps-rxbvm-clang-r5-max-eligible-warmup-1,stdout,5,        Averaged: 500 x 100 iterations of 1000 clauses (over 1.1 s)
timing-RexxCPS-rexxcps-rxbvm-clang-r5-max-eligible-warmup-1,stdout,6,REXXCPS-EFFECTIVE contract=canonical-default initial_count=100 effective_count=500 averaging=100 calibrated=1
timing-RexxCPS-rexxcps-rxbvm-clang-r5-max-eligible-warmup-1,stdout,7,
timing-RexxCPS-rexxcps-rxbvm-clang-r5-max-eligible-warmup-1,stdout,8,     Performance: 44326438 cREXX clauses per second
timing-RexxCPS-rexxcps-rxbvm-clang-r5-max-eligible-warmup-1,stdout,9,
timing-RexxCPS-rexxcps-rxbvm-clang-r5-max-eligible-warmup-1,stdout,10,PASS: RexxCPS 2.2d cREXX port
timing-RexxCPS-rexxcps-rxtvm-clang-r5-all-outline-warmup-1,stdout,1,----- REXXCPS 2.2d -- Measuring cREXX clauses/second -----
timing-RexxCPS-rexxcps-rxtvm-clang-r5-all-outline-warmup-1,stdout,2, cREXX version is: macOS 64 crexx-1.0.0-beta.3+local.g3ad9890c139c.dirty 20260810
timing-RexxCPS-rexxcps-rxtvm-clang-r5-all-outline-warmup-1,stdout,3,       System is: macOS
timing-RexxCPS-rexxcps-rxtvm-clang-r5-all-outline-warmup-1,stdout,4,REXXCPS-PROVENANCE contract=canonical-default argv_count=0 initial_count=100 averaging=100
timing-RexxCPS-rexxcps-rxtvm-clang-r5-all-outline-warmup-1,stdout,5,        Averaged: 300 x 100 iterations of 1000 clauses (over 1.2 s)
timing-RexxCPS-rexxcps-rxtvm-clang-r5-all-outline-warmup-1,stdout,6,REXXCPS-EFFECTIVE contract=canonical-default initial_count=100 effective_count=300 averaging=100 calibrated=1
timing-RexxCPS-rexxcps-rxtvm-clang-r5-all-outline-warmup-1,stdout,7,
timing-RexxCPS-rexxcps-rxtvm-clang-r5-all-outline-warmup-1,stdout,8,     Performance: 25231308 cREXX clauses per second
timing-RexxCPS-rexxcps-rxtvm-clang-r5-all-outline-warmup-1,stdout,9,
timing-RexxCPS-rexxcps-rxtvm-clang-r5-all-outline-warmup-1,stdout,10,PASS: RexxCPS 2.2d cREXX port
timing-RexxCPS-rexxcps-rxbvm-clang-r5-all-outline-warmup-1,stdout,1,----- REXXCPS 2.2d -- Measuring cREXX clauses/second -----
timing-RexxCPS-rexxcps-rxbvm-clang-r5-all-outline-warmup-1,stdout,2, cREXX version is: macOS 64 crexx-1.0.0-beta.3+local.g3ad9890c139c.dirty 20260810
timing-RexxCPS-rexxcps-rxbvm-clang-r5-all-outline-warmup-1,stdout,3,       System is: macOS
timing-RexxCPS-rexxcps-rxbvm-clang-r5-all-outline-warmup-1,stdout,4,REXXCPS-PROVENANCE contract=canonical-default argv_count=0 initial_count=100 averaging=100
timing-RexxCPS-rexxcps-rxbvm-clang-r5-all-outline-warmup-1,stdout,5,        Averaged: 300 x 100 iterations of 1000 clauses (over 1.1 s)
timing-RexxCPS-rexxcps-rxbvm-clang-r5-all-outline-warmup-1,stdout,6,REXXCPS-EFFECTIVE contract=canonical-default initial_count=100 effective_count=300 averaging=100 calibrated=1
timing-RexxCPS-rexxcps-rxbvm-clang-r5-all-outline-warmup-1,stdout,7,
timing-RexxCPS-rexxcps-rxbvm-clang-r5-all-outline-warmup-1,stdout,8,     Performance: 26460883 cREXX clauses per second
timing-RexxCPS-rexxcps-rxbvm-clang-r5-all-outline-warmup-1,stdout,9,
timing-RexxCPS-rexxcps-rxbvm-clang-r5-all-outline-warmup-1,stdout,10,PASS: RexxCPS 2.2d cREXX port
timing-RexxCPS-rexxcps-rxtvm-clang-r5-all-inline-recorded-1,stdout,1,----- REXXCPS 2.2d -- Measuring cREXX clauses/second -----
timing-RexxCPS-rexxcps-rxtvm-clang-r5-all-inline-recorded-1,stdout,2, cREXX version is: macOS 64 crexx-1.0.0-beta.3+local.g3ad9890c139c.dirty 20260810
timing-RexxCPS-rexxcps-rxtvm-clang-r5-all-inline-recorded-1,stdout,3,       System is: macOS
timing-RexxCPS-rexxcps-rxtvm-clang-r5-all-inline-recorded-1,stdout,4,REXXCPS-PROVENANCE contract=canonical-default argv_count=0 initial_count=100 averaging=100
timing-RexxCPS-rexxcps-rxtvm-clang-r5-all-inline-recorded-1,stdout,5,        Averaged: 500 x 100 iterations of 1000 clauses (over 1.1 s)
timing-RexxCPS-rexxcps-rxtvm-clang-r5-all-inline-recorded-1,stdout,6,REXXCPS-EFFECTIVE contract=canonical-default initial_count=100 effective_count=500 averaging=100 calibrated=1
timing-RexxCPS-rexxcps-rxtvm-clang-r5-all-inline-recorded-1,stdout,7,
timing-RexxCPS-rexxcps-rxtvm-clang-r5-all-inline-recorded-1,stdout,8,     Performance: 45814775 cREXX clauses per second
timing-RexxCPS-rexxcps-rxtvm-clang-r5-all-inline-recorded-1,stdout,9,
timing-RexxCPS-rexxcps-rxtvm-clang-r5-all-inline-recorded-1,stdout,10,PASS: RexxCPS 2.2d cREXX port
timing-RexxCPS-rexxcps-rxbvm-clang-r5-all-inline-recorded-1,stdout,1,----- REXXCPS 2.2d -- Measuring cREXX clauses/second -----
timing-RexxCPS-rexxcps-rxbvm-clang-r5-all-inline-recorded-1,stdout,2, cREXX version is: macOS 64 crexx-1.0.0-beta.3+local.g3ad9890c139c.dirty 20260810
timing-RexxCPS-rexxcps-rxbvm-clang-r5-all-inline-recorded-1,stdout,3,       System is: macOS
timing-RexxCPS-rexxcps-rxbvm-clang-r5-all-inline-recorded-1,stdout,4,REXXCPS-PROVENANCE contract=canonical-default argv_count=0 initial_count=100 averaging=100
timing-RexxCPS-rexxcps-rxbvm-clang-r5-all-inline-recorded-1,stdout,5,        Averaged: 500 x 100 iterations of 1000 clauses (over 1.1 s)
timing-RexxCPS-rexxcps-rxbvm-clang-r5-all-inline-recorded-1,stdout,6,REXXCPS-EFFECTIVE contract=canonical-default initial_count=100 effective_count=500 averaging=100 calibrated=1
timing-RexxCPS-rexxcps-rxbvm-clang-r5-all-inline-recorded-1,stdout,7,
timing-RexxCPS-rexxcps-rxbvm-clang-r5-all-inline-recorded-1,stdout,8,     Performance: 44290628 cREXX clauses per second
timing-RexxCPS-rexxcps-rxbvm-clang-r5-all-inline-recorded-1,stdout,9,
timing-RexxCPS-rexxcps-rxbvm-clang-r5-all-inline-recorded-1,stdout,10,PASS: RexxCPS 2.2d cREXX port
timing-RexxCPS-rexxcps-rxtvm-clang-r5-profile-5-recorded-1,stdout,1,----- REXXCPS 2.2d -- Measuring cREXX clauses/second -----
timing-RexxCPS-rexxcps-rxtvm-clang-r5-profile-5-recorded-1,stdout,2, cREXX version is: macOS 64 crexx-1.0.0-beta.3+local.g3ad9890c139c.dirty 20260810
timing-RexxCPS-rexxcps-rxtvm-clang-r5-profile-5-recorded-1,stdout,3,       System is: macOS
timing-RexxCPS-rexxcps-rxtvm-clang-r5-profile-5-recorded-1,stdout,4,REXXCPS-PROVENANCE contract=canonical-default argv_count=0 initial_count=100 averaging=100
timing-RexxCPS-rexxcps-rxtvm-clang-r5-profile-5-recorded-1,stdout,5,        Averaged: 400 x 100 iterations of 1000 clauses (over 1.2 s)
timing-RexxCPS-rexxcps-rxtvm-clang-r5-profile-5-recorded-1,stdout,6,REXXCPS-EFFECTIVE contract=canonical-default initial_count=100 effective_count=400 averaging=100 calibrated=1
timing-RexxCPS-rexxcps-rxtvm-clang-r5-profile-5-recorded-1,stdout,7,
timing-RexxCPS-rexxcps-rxtvm-clang-r5-profile-5-recorded-1,stdout,8,     Performance: 32819032 cREXX clauses per second
timing-RexxCPS-rexxcps-rxtvm-clang-r5-profile-5-recorded-1,stdout,9,
timing-RexxCPS-rexxcps-rxtvm-clang-r5-profile-5-recorded-1,stdout,10,PASS: RexxCPS 2.2d cREXX port
timing-RexxCPS-rexxcps-rxbvm-clang-r5-profile-5-recorded-1,stdout,1,----- REXXCPS 2.2d -- Measuring cREXX clauses/second -----
timing-RexxCPS-rexxcps-rxbvm-clang-r5-profile-5-recorded-1,stdout,2, cREXX version is: macOS 64 crexx-1.0.0-beta.3+local.g3ad9890c139c.dirty 20260810
timing-RexxCPS-rexxcps-rxbvm-clang-r5-profile-5-recorded-1,stdout,3,       System is: macOS
timing-RexxCPS-rexxcps-rxbvm-clang-r5-profile-5-recorded-1,stdout,4,REXXCPS-PROVENANCE contract=canonical-default argv_count=0 initial_count=100 averaging=100
timing-RexxCPS-rexxcps-rxbvm-clang-r5-profile-5-recorded-1,stdout,5,        Averaged: 400 x 100 iterations of 1000 clauses (over 1.2 s)
timing-RexxCPS-rexxcps-rxbvm-clang-r5-profile-5-recorded-1,stdout,6,REXXCPS-EFFECTIVE contract=canonical-default initial_count=100 effective_count=400 averaging=100 calibrated=1
timing-RexxCPS-rexxcps-rxbvm-clang-r5-profile-5-recorded-1,stdout,7,
timing-RexxCPS-rexxcps-rxbvm-clang-r5-profile-5-recorded-1,stdout,8,     Performance: 32849515 cREXX clauses per second
timing-RexxCPS-rexxcps-rxbvm-clang-r5-profile-5-recorded-1,stdout,9,
timing-RexxCPS-rexxcps-rxbvm-clang-r5-profile-5-recorded-1,stdout,10,PASS: RexxCPS 2.2d cREXX port
timing-RexxCPS-rexxcps-rxtvm-clang-r5-profile-10-recorded-1,stdout,1,----- REXXCPS 2.2d -- Measuring cREXX clauses/second -----
timing-RexxCPS-rexxcps-rxtvm-clang-r5-profile-10-recorded-1,stdout,2, cREXX version is: macOS 64 crexx-1.0.0-beta.3+local.g3ad9890c139c.dirty 20260810
timing-RexxCPS-rexxcps-rxtvm-clang-r5-profile-10-recorded-1,stdout,3,       System is: macOS
timing-RexxCPS-rexxcps-rxtvm-clang-r5-profile-10-recorded-1,stdout,4,REXXCPS-PROVENANCE contract=canonical-default argv_count=0 initial_count=100 averaging=100
timing-RexxCPS-rexxcps-rxtvm-clang-r5-profile-10-recorded-1,stdout,5,        Averaged: 400 x 100 iterations of 1000 clauses (over 1.0 s)
timing-RexxCPS-rexxcps-rxtvm-clang-r5-profile-10-recorded-1,stdout,6,REXXCPS-EFFECTIVE contract=canonical-default initial_count=100 effective_count=400 averaging=100 calibrated=1
timing-RexxCPS-rexxcps-rxtvm-clang-r5-profile-10-recorded-1,stdout,7,
timing-RexxCPS-rexxcps-rxtvm-clang-r5-profile-10-recorded-1,stdout,8,     Performance: 38847775 cREXX clauses per second
timing-RexxCPS-rexxcps-rxtvm-clang-r5-profile-10-recorded-1,stdout,9,
timing-RexxCPS-rexxcps-rxtvm-clang-r5-profile-10-recorded-1,stdout,10,PASS: RexxCPS 2.2d cREXX port
timing-RexxCPS-rexxcps-rxbvm-clang-r5-profile-10-recorded-1,stdout,1,----- REXXCPS 2.2d -- Measuring cREXX clauses/second -----
timing-RexxCPS-rexxcps-rxbvm-clang-r5-profile-10-recorded-1,stdout,2, cREXX version is: macOS 64 crexx-1.0.0-beta.3+local.g3ad9890c139c.dirty 20260810
timing-RexxCPS-rexxcps-rxbvm-clang-r5-profile-10-recorded-1,stdout,3,       System is: macOS
timing-RexxCPS-rexxcps-rxbvm-clang-r5-profile-10-recorded-1,stdout,4,REXXCPS-PROVENANCE contract=canonical-default argv_count=0 initial_count=100 averaging=100
timing-RexxCPS-rexxcps-rxbvm-clang-r5-profile-10-recorded-1,stdout,5,        Averaged: 400 x 100 iterations of 1000 clauses (over 1.0 s)
timing-RexxCPS-rexxcps-rxbvm-clang-r5-profile-10-recorded-1,stdout,6,REXXCPS-EFFECTIVE contract=canonical-default initial_count=100 effective_count=400 averaging=100 calibrated=1
timing-RexxCPS-rexxcps-rxbvm-clang-r5-profile-10-recorded-1,stdout,7,
timing-RexxCPS-rexxcps-rxbvm-clang-r5-profile-10-recorded-1,stdout,8,     Performance: 39323440 cREXX clauses per second
timing-RexxCPS-rexxcps-rxbvm-clang-r5-profile-10-recorded-1,stdout,9,
timing-RexxCPS-rexxcps-rxbvm-clang-r5-profile-10-recorded-1,stdout,10,PASS: RexxCPS 2.2d cREXX port
timing-RexxCPS-rexxcps-rxtvm-clang-r5-profile-15-recorded-1,stdout,1,----- REXXCPS 2.2d -- Measuring cREXX clauses/second -----
timing-RexxCPS-rexxcps-rxtvm-clang-r5-profile-15-recorded-1,stdout,2, cREXX version is: macOS 64 crexx-1.0.0-beta.3+local.g3ad9890c139c.dirty 20260810
timing-RexxCPS-rexxcps-rxtvm-clang-r5-profile-15-recorded-1,stdout,3,       System is: macOS
timing-RexxCPS-rexxcps-rxtvm-clang-r5-profile-15-recorded-1,stdout,4,REXXCPS-PROVENANCE contract=canonical-default argv_count=0 initial_count=100 averaging=100
timing-RexxCPS-rexxcps-rxtvm-clang-r5-profile-15-recorded-1,stdout,5,        Averaged: 500 x 100 iterations of 1000 clauses (over 1.1 s)
timing-RexxCPS-rexxcps-rxtvm-clang-r5-profile-15-recorded-1,stdout,6,REXXCPS-EFFECTIVE contract=canonical-default initial_count=100 effective_count=500 averaging=100 calibrated=1
timing-RexxCPS-rexxcps-rxtvm-clang-r5-profile-15-recorded-1,stdout,7,
timing-RexxCPS-rexxcps-rxtvm-clang-r5-profile-15-recorded-1,stdout,8,     Performance: 44080166 cREXX clauses per second
timing-RexxCPS-rexxcps-rxtvm-clang-r5-profile-15-recorded-1,stdout,9,
timing-RexxCPS-rexxcps-rxtvm-clang-r5-profile-15-recorded-1,stdout,10,PASS: RexxCPS 2.2d cREXX port
timing-RexxCPS-rexxcps-rxbvm-clang-r5-profile-15-recorded-1,stdout,1,----- REXXCPS 2.2d -- Measuring cREXX clauses/second -----
timing-RexxCPS-rexxcps-rxbvm-clang-r5-profile-15-recorded-1,stdout,2, cREXX version is: macOS 64 crexx-1.0.0-beta.3+local.g3ad9890c139c.dirty 20260810
timing-RexxCPS-rexxcps-rxbvm-clang-r5-profile-15-recorded-1,stdout,3,       System is: macOS
timing-RexxCPS-rexxcps-rxbvm-clang-r5-profile-15-recorded-1,stdout,4,REXXCPS-PROVENANCE contract=canonical-default argv_count=0 initial_count=100 averaging=100
timing-RexxCPS-rexxcps-rxbvm-clang-r5-profile-15-recorded-1,stdout,5,        Averaged: 500 x 100 iterations of 1000 clauses (over 1.2 s)
timing-RexxCPS-rexxcps-rxbvm-clang-r5-profile-15-recorded-1,stdout,6,REXXCPS-EFFECTIVE contract=canonical-default initial_count=100 effective_count=500 averaging=100 calibrated=1
timing-RexxCPS-rexxcps-rxbvm-clang-r5-profile-15-recorded-1,stdout,7,
timing-RexxCPS-rexxcps-rxbvm-clang-r5-profile-15-recorded-1,stdout,8,     Performance: 42950456 cREXX clauses per second
timing-RexxCPS-rexxcps-rxbvm-clang-r5-profile-15-recorded-1,stdout,9,
timing-RexxCPS-rexxcps-rxbvm-clang-r5-profile-15-recorded-1,stdout,10,PASS: RexxCPS 2.2d cREXX port
timing-RexxCPS-rexxcps-rxtvm-clang-r5-profile-20-recorded-1,stdout,1,----- REXXCPS 2.2d -- Measuring cREXX clauses/second -----
timing-RexxCPS-rexxcps-rxtvm-clang-r5-profile-20-recorded-1,stdout,2, cREXX version is: macOS 64 crexx-1.0.0-beta.3+local.g3ad9890c139c.dirty 20260810
timing-RexxCPS-rexxcps-rxtvm-clang-r5-profile-20-recorded-1,stdout,3,       System is: macOS
timing-RexxCPS-rexxcps-rxtvm-clang-r5-profile-20-recorded-1,stdout,4,REXXCPS-PROVENANCE contract=canonical-default argv_count=0 initial_count=100 averaging=100
timing-RexxCPS-rexxcps-rxtvm-clang-r5-profile-20-recorded-1,stdout,5,        Averaged: 500 x 100 iterations of 1000 clauses (over 1.1 s)
timing-RexxCPS-rexxcps-rxtvm-clang-r5-profile-20-recorded-1,stdout,6,REXXCPS-EFFECTIVE contract=canonical-default initial_count=100 effective_count=500 averaging=100 calibrated=1
timing-RexxCPS-rexxcps-rxtvm-clang-r5-profile-20-recorded-1,stdout,7,
timing-RexxCPS-rexxcps-rxtvm-clang-r5-profile-20-recorded-1,stdout,8,     Performance: 45346127 cREXX clauses per second
timing-RexxCPS-rexxcps-rxtvm-clang-r5-profile-20-recorded-1,stdout,9,
timing-RexxCPS-rexxcps-rxtvm-clang-r5-profile-20-recorded-1,stdout,10,PASS: RexxCPS 2.2d cREXX port
timing-RexxCPS-rexxcps-rxbvm-clang-r5-profile-20-recorded-1,stdout,1,----- REXXCPS 2.2d -- Measuring cREXX clauses/second -----
timing-RexxCPS-rexxcps-rxbvm-clang-r5-profile-20-recorded-1,stdout,2, cREXX version is: macOS 64 crexx-1.0.0-beta.3+local.g3ad9890c139c.dirty 20260810
timing-RexxCPS-rexxcps-rxbvm-clang-r5-profile-20-recorded-1,stdout,3,       System is: macOS
timing-RexxCPS-rexxcps-rxbvm-clang-r5-profile-20-recorded-1,stdout,4,REXXCPS-PROVENANCE contract=canonical-default argv_count=0 initial_count=100 averaging=100
timing-RexxCPS-rexxcps-rxbvm-clang-r5-profile-20-recorded-1,stdout,5,        Averaged: 500 x 100 iterations of 1000 clauses (over 1.1 s)
timing-RexxCPS-rexxcps-rxbvm-clang-r5-profile-20-recorded-1,stdout,6,REXXCPS-EFFECTIVE contract=canonical-default initial_count=100 effective_count=500 averaging=100 calibrated=1
timing-RexxCPS-rexxcps-rxbvm-clang-r5-profile-20-recorded-1,stdout,7,
timing-RexxCPS-rexxcps-rxbvm-clang-r5-profile-20-recorded-1,stdout,8,     Performance: 44505447 cREXX clauses per second
timing-RexxCPS-rexxcps-rxbvm-clang-r5-profile-20-recorded-1,stdout,9,
timing-RexxCPS-rexxcps-rxbvm-clang-r5-profile-20-recorded-1,stdout,10,PASS: RexxCPS 2.2d cREXX port
timing-RexxCPS-rexxcps-rxtvm-clang-r5-profile-30-recorded-1,stdout,1,----- REXXCPS 2.2d -- Measuring cREXX clauses/second -----
timing-RexxCPS-rexxcps-rxtvm-clang-r5-profile-30-recorded-1,stdout,2, cREXX version is: macOS 64 crexx-1.0.0-beta.3+local.g3ad9890c139c.dirty 20260810
timing-RexxCPS-rexxcps-rxtvm-clang-r5-profile-30-recorded-1,stdout,3,       System is: macOS
timing-RexxCPS-rexxcps-rxtvm-clang-r5-profile-30-recorded-1,stdout,4,REXXCPS-PROVENANCE contract=canonical-default argv_count=0 initial_count=100 averaging=100
timing-RexxCPS-rexxcps-rxtvm-clang-r5-profile-30-recorded-1,stdout,5,        Averaged: 500 x 100 iterations of 1000 clauses (over 1.1 s)
timing-RexxCPS-rexxcps-rxtvm-clang-r5-profile-30-recorded-1,stdout,6,REXXCPS-EFFECTIVE contract=canonical-default initial_count=100 effective_count=500 averaging=100 calibrated=1
timing-RexxCPS-rexxcps-rxtvm-clang-r5-profile-30-recorded-1,stdout,7,
timing-RexxCPS-rexxcps-rxtvm-clang-r5-profile-30-recorded-1,stdout,8,     Performance: 45354107 cREXX clauses per second
timing-RexxCPS-rexxcps-rxtvm-clang-r5-profile-30-recorded-1,stdout,9,
timing-RexxCPS-rexxcps-rxtvm-clang-r5-profile-30-recorded-1,stdout,10,PASS: RexxCPS 2.2d cREXX port
timing-RexxCPS-rexxcps-rxbvm-clang-r5-profile-30-recorded-1,stdout,1,----- REXXCPS 2.2d -- Measuring cREXX clauses/second -----
timing-RexxCPS-rexxcps-rxbvm-clang-r5-profile-30-recorded-1,stdout,2, cREXX version is: macOS 64 crexx-1.0.0-beta.3+local.g3ad9890c139c.dirty 20260810
timing-RexxCPS-rexxcps-rxbvm-clang-r5-profile-30-recorded-1,stdout,3,       System is: macOS
timing-RexxCPS-rexxcps-rxbvm-clang-r5-profile-30-recorded-1,stdout,4,REXXCPS-PROVENANCE contract=canonical-default argv_count=0 initial_count=100 averaging=100
timing-RexxCPS-rexxcps-rxbvm-clang-r5-profile-30-recorded-1,stdout,5,        Averaged: 500 x 100 iterations of 1000 clauses (over 1.1 s)
timing-RexxCPS-rexxcps-rxbvm-clang-r5-profile-30-recorded-1,stdout,6,REXXCPS-EFFECTIVE contract=canonical-default initial_count=100 effective_count=500 averaging=100 calibrated=1
timing-RexxCPS-rexxcps-rxbvm-clang-r5-profile-30-recorded-1,stdout,7,
timing-RexxCPS-rexxcps-rxbvm-clang-r5-profile-30-recorded-1,stdout,8,     Performance: 45059497 cREXX clauses per second
timing-RexxCPS-rexxcps-rxbvm-clang-r5-profile-30-recorded-1,stdout,9,
timing-RexxCPS-rexxcps-rxbvm-clang-r5-profile-30-recorded-1,stdout,10,PASS: RexxCPS 2.2d cREXX port
timing-RexxCPS-rexxcps-rxtvm-clang-r5-max-eligible-recorded-1,stdout,1,----- REXXCPS 2.2d -- Measuring cREXX clauses/second -----
timing-RexxCPS-rexxcps-rxtvm-clang-r5-max-eligible-recorded-1,stdout,2, cREXX version is: macOS 64 crexx-1.0.0-beta.3+local.g3ad9890c139c.dirty 20260810
timing-RexxCPS-rexxcps-rxtvm-clang-r5-max-eligible-recorded-1,stdout,3,       System is: macOS
timing-RexxCPS-rexxcps-rxtvm-clang-r5-max-eligible-recorded-1,stdout,4,REXXCPS-PROVENANCE contract=canonical-default argv_count=0 initial_count=100 averaging=100
timing-RexxCPS-rexxcps-rxtvm-clang-r5-max-eligible-recorded-1,stdout,5,        Averaged: 500 x 100 iterations of 1000 clauses (over 1.1 s)
timing-RexxCPS-rexxcps-rxtvm-clang-r5-max-eligible-recorded-1,stdout,6,REXXCPS-EFFECTIVE contract=canonical-default initial_count=100 effective_count=500 averaging=100 calibrated=1
timing-RexxCPS-rexxcps-rxtvm-clang-r5-max-eligible-recorded-1,stdout,7,
timing-RexxCPS-rexxcps-rxtvm-clang-r5-max-eligible-recorded-1,stdout,8,     Performance: 45613779 cREXX clauses per second
timing-RexxCPS-rexxcps-rxtvm-clang-r5-max-eligible-recorded-1,stdout,9,
timing-RexxCPS-rexxcps-rxtvm-clang-r5-max-eligible-recorded-1,stdout,10,PASS: RexxCPS 2.2d cREXX port
timing-RexxCPS-rexxcps-rxbvm-clang-r5-max-eligible-recorded-1,stdout,1,----- REXXCPS 2.2d -- Measuring cREXX clauses/second -----
timing-RexxCPS-rexxcps-rxbvm-clang-r5-max-eligible-recorded-1,stdout,2, cREXX version is: macOS 64 crexx-1.0.0-beta.3+local.g3ad9890c139c.dirty 20260810
timing-RexxCPS-rexxcps-rxbvm-clang-r5-max-eligible-recorded-1,stdout,3,       System is: macOS
timing-RexxCPS-rexxcps-rxbvm-clang-r5-max-eligible-recorded-1,stdout,4,REXXCPS-PROVENANCE contract=canonical-default argv_count=0 initial_count=100 averaging=100
timing-RexxCPS-rexxcps-rxbvm-clang-r5-max-eligible-recorded-1,stdout,5,        Averaged: 500 x 100 iterations of 1000 clauses (over 1.1 s)
timing-RexxCPS-rexxcps-rxbvm-clang-r5-max-eligible-recorded-1,stdout,6,REXXCPS-EFFECTIVE contract=canonical-default initial_count=100 effective_count=500 averaging=100 calibrated=1
timing-RexxCPS-rexxcps-rxbvm-clang-r5-max-eligible-recorded-1,stdout,7,
timing-RexxCPS-rexxcps-rxbvm-clang-r5-max-eligible-recorded-1,stdout,8,     Performance: 44282861 cREXX clauses per second
timing-RexxCPS-rexxcps-rxbvm-clang-r5-max-eligible-recorded-1,stdout,9,
timing-RexxCPS-rexxcps-rxbvm-clang-r5-max-eligible-recorded-1,stdout,10,PASS: RexxCPS 2.2d cREXX port
timing-RexxCPS-rexxcps-rxtvm-clang-r5-all-outline-recorded-1,stdout,1,----- REXXCPS 2.2d -- Measuring cREXX clauses/second -----
timing-RexxCPS-rexxcps-rxtvm-clang-r5-all-outline-recorded-1,stdout,2, cREXX version is: macOS 64 crexx-1.0.0-beta.3+local.g3ad9890c139c.dirty 20260810
timing-RexxCPS-rexxcps-rxtvm-clang-r5-all-outline-recorded-1,stdout,3,       System is: macOS
timing-RexxCPS-rexxcps-rxtvm-clang-r5-all-outline-recorded-1,stdout,4,REXXCPS-PROVENANCE contract=canonical-default argv_count=0 initial_count=100 averaging=100
timing-RexxCPS-rexxcps-rxtvm-clang-r5-all-outline-recorded-1,stdout,5,        Averaged: 300 x 100 iterations of 1000 clauses (over 1.2 s)
timing-RexxCPS-rexxcps-rxtvm-clang-r5-all-outline-recorded-1,stdout,6,REXXCPS-EFFECTIVE contract=canonical-default initial_count=100 effective_count=300 averaging=100 calibrated=1
timing-RexxCPS-rexxcps-rxtvm-clang-r5-all-outline-recorded-1,stdout,7,
timing-RexxCPS-rexxcps-rxtvm-clang-r5-all-outline-recorded-1,stdout,8,     Performance: 25182870 cREXX clauses per second
timing-RexxCPS-rexxcps-rxtvm-clang-r5-all-outline-recorded-1,stdout,9,
timing-RexxCPS-rexxcps-rxtvm-clang-r5-all-outline-recorded-1,stdout,10,PASS: RexxCPS 2.2d cREXX port
timing-RexxCPS-rexxcps-rxbvm-clang-r5-all-outline-recorded-1,stdout,1,----- REXXCPS 2.2d -- Measuring cREXX clauses/second -----
timing-RexxCPS-rexxcps-rxbvm-clang-r5-all-outline-recorded-1,stdout,2, cREXX version is: macOS 64 crexx-1.0.0-beta.3+local.g3ad9890c139c.dirty 20260810
timing-RexxCPS-rexxcps-rxbvm-clang-r5-all-outline-recorded-1,stdout,3,       System is: macOS
timing-RexxCPS-rexxcps-rxbvm-clang-r5-all-outline-recorded-1,stdout,4,REXXCPS-PROVENANCE contract=canonical-default argv_count=0 initial_count=100 averaging=100
timing-RexxCPS-rexxcps-rxbvm-clang-r5-all-outline-recorded-1,stdout,5,        Averaged: 300 x 100 iterations of 1000 clauses (over 1.1 s)
timing-RexxCPS-rexxcps-rxbvm-clang-r5-all-outline-recorded-1,stdout,6,REXXCPS-EFFECTIVE contract=canonical-default initial_count=100 effective_count=300 averaging=100 calibrated=1
timing-RexxCPS-rexxcps-rxbvm-clang-r5-all-outline-recorded-1,stdout,7,
timing-RexxCPS-rexxcps-rxbvm-clang-r5-all-outline-recorded-1,stdout,8,     Performance: 26573741 cREXX clauses per second
timing-RexxCPS-rexxcps-rxbvm-clang-r5-all-outline-recorded-1,stdout,9,
timing-RexxCPS-rexxcps-rxbvm-clang-r5-all-outline-recorded-1,stdout,10,PASS: RexxCPS 2.2d cREXX port
timing-RexxCPS-rexxcps-rxbvm-clang-r5-all-outline-recorded-2,stdout,1,----- REXXCPS 2.2d -- Measuring cREXX clauses/second -----
timing-RexxCPS-rexxcps-rxbvm-clang-r5-all-outline-recorded-2,stdout,2, cREXX version is: macOS 64 crexx-1.0.0-beta.3+local.g3ad9890c139c.dirty 20260810
timing-RexxCPS-rexxcps-rxbvm-clang-r5-all-outline-recorded-2,stdout,3,       System is: macOS
timing-RexxCPS-rexxcps-rxbvm-clang-r5-all-outline-recorded-2,stdout,4,REXXCPS-PROVENANCE contract=canonical-default argv_count=0 initial_count=100 averaging=100
timing-RexxCPS-rexxcps-rxbvm-clang-r5-all-outline-recorded-2,stdout,5,        Averaged: 300 x 100 iterations of 1000 clauses (over 1.1 s)
timing-RexxCPS-rexxcps-rxbvm-clang-r5-all-outline-recorded-2,stdout,6,REXXCPS-EFFECTIVE contract=canonical-default initial_count=100 effective_count=300 averaging=100 calibrated=1
timing-RexxCPS-rexxcps-rxbvm-clang-r5-all-outline-recorded-2,stdout,7,
timing-RexxCPS-rexxcps-rxbvm-clang-r5-all-outline-recorded-2,stdout,8,     Performance: 26483191 cREXX clauses per second
timing-RexxCPS-rexxcps-rxbvm-clang-r5-all-outline-recorded-2,stdout,9,
timing-RexxCPS-rexxcps-rxbvm-clang-r5-all-outline-recorded-2,stdout,10,PASS: RexxCPS 2.2d cREXX port
timing-RexxCPS-rexxcps-rxtvm-clang-r5-all-outline-recorded-2,stdout,1,----- REXXCPS 2.2d -- Measuring cREXX clauses/second -----
timing-RexxCPS-rexxcps-rxtvm-clang-r5-all-outline-recorded-2,stdout,2, cREXX version is: macOS 64 crexx-1.0.0-beta.3+local.g3ad9890c139c.dirty 20260810
timing-RexxCPS-rexxcps-rxtvm-clang-r5-all-outline-recorded-2,stdout,3,       System is: macOS
timing-RexxCPS-rexxcps-rxtvm-clang-r5-all-outline-recorded-2,stdout,4,REXXCPS-PROVENANCE contract=canonical-default argv_count=0 initial_count=100 averaging=100
timing-RexxCPS-rexxcps-rxtvm-clang-r5-all-outline-recorded-2,stdout,5,        Averaged: 300 x 100 iterations of 1000 clauses (over 1.2 s)
timing-RexxCPS-rexxcps-rxtvm-clang-r5-all-outline-recorded-2,stdout,6,REXXCPS-EFFECTIVE contract=canonical-default initial_count=100 effective_count=300 averaging=100 calibrated=1
timing-RexxCPS-rexxcps-rxtvm-clang-r5-all-outline-recorded-2,stdout,7,
timing-RexxCPS-rexxcps-rxtvm-clang-r5-all-outline-recorded-2,stdout,8,     Performance: 25138408 cREXX clauses per second
timing-RexxCPS-rexxcps-rxtvm-clang-r5-all-outline-recorded-2,stdout,9,
timing-RexxCPS-rexxcps-rxtvm-clang-r5-all-outline-recorded-2,stdout,10,PASS: RexxCPS 2.2d cREXX port
timing-RexxCPS-rexxcps-rxbvm-clang-r5-max-eligible-recorded-2,stdout,1,----- REXXCPS 2.2d -- Measuring cREXX clauses/second -----
timing-RexxCPS-rexxcps-rxbvm-clang-r5-max-eligible-recorded-2,stdout,2, cREXX version is: macOS 64 crexx-1.0.0-beta.3+local.g3ad9890c139c.dirty 20260810
timing-RexxCPS-rexxcps-rxbvm-clang-r5-max-eligible-recorded-2,stdout,3,       System is: macOS
timing-RexxCPS-rexxcps-rxbvm-clang-r5-max-eligible-recorded-2,stdout,4,REXXCPS-PROVENANCE contract=canonical-default argv_count=0 initial_count=100 averaging=100
timing-RexxCPS-rexxcps-rxbvm-clang-r5-max-eligible-recorded-2,stdout,5,        Averaged: 500 x 100 iterations of 1000 clauses (over 1.1 s)
timing-RexxCPS-rexxcps-rxbvm-clang-r5-max-eligible-recorded-2,stdout,6,REXXCPS-EFFECTIVE contract=canonical-default initial_count=100 effective_count=500 averaging=100 calibrated=1
timing-RexxCPS-rexxcps-rxbvm-clang-r5-max-eligible-recorded-2,stdout,7,
timing-RexxCPS-rexxcps-rxbvm-clang-r5-max-eligible-recorded-2,stdout,8,     Performance: 44600964 cREXX clauses per second
timing-RexxCPS-rexxcps-rxbvm-clang-r5-max-eligible-recorded-2,stdout,9,
timing-RexxCPS-rexxcps-rxbvm-clang-r5-max-eligible-recorded-2,stdout,10,PASS: RexxCPS 2.2d cREXX port
timing-RexxCPS-rexxcps-rxtvm-clang-r5-max-eligible-recorded-2,stdout,1,----- REXXCPS 2.2d -- Measuring cREXX clauses/second -----
timing-RexxCPS-rexxcps-rxtvm-clang-r5-max-eligible-recorded-2,stdout,2, cREXX version is: macOS 64 crexx-1.0.0-beta.3+local.g3ad9890c139c.dirty 20260810
timing-RexxCPS-rexxcps-rxtvm-clang-r5-max-eligible-recorded-2,stdout,3,       System is: macOS
timing-RexxCPS-rexxcps-rxtvm-clang-r5-max-eligible-recorded-2,stdout,4,REXXCPS-PROVENANCE contract=canonical-default argv_count=0 initial_count=100 averaging=100
timing-RexxCPS-rexxcps-rxtvm-clang-r5-max-eligible-recorded-2,stdout,5,        Averaged: 500 x 100 iterations of 1000 clauses (over 1.1 s)
timing-RexxCPS-rexxcps-rxtvm-clang-r5-max-eligible-recorded-2,stdout,6,REXXCPS-EFFECTIVE contract=canonical-default initial_count=100 effective_count=500 averaging=100 calibrated=1
timing-RexxCPS-rexxcps-rxtvm-clang-r5-max-eligible-recorded-2,stdout,7,
timing-RexxCPS-rexxcps-rxtvm-clang-r5-max-eligible-recorded-2,stdout,8,     Performance: 45247763 cREXX clauses per second
timing-RexxCPS-rexxcps-rxtvm-clang-r5-max-eligible-recorded-2,stdout,9,
timing-RexxCPS-rexxcps-rxtvm-clang-r5-max-eligible-recorded-2,stdout,10,PASS: RexxCPS 2.2d cREXX port
timing-RexxCPS-rexxcps-rxbvm-clang-r5-profile-30-recorded-2,stdout,1,----- REXXCPS 2.2d -- Measuring cREXX clauses/second -----
timing-RexxCPS-rexxcps-rxbvm-clang-r5-profile-30-recorded-2,stdout,2, cREXX version is: macOS 64 crexx-1.0.0-beta.3+local.g3ad9890c139c.dirty 20260810
timing-RexxCPS-rexxcps-rxbvm-clang-r5-profile-30-recorded-2,stdout,3,       System is: macOS
timing-RexxCPS-rexxcps-rxbvm-clang-r5-profile-30-recorded-2,stdout,4,REXXCPS-PROVENANCE contract=canonical-default argv_count=0 initial_count=100 averaging=100
timing-RexxCPS-rexxcps-rxbvm-clang-r5-profile-30-recorded-2,stdout,5,        Averaged: 500 x 100 iterations of 1000 clauses (over 1.1 s)
timing-RexxCPS-rexxcps-rxbvm-clang-r5-profile-30-recorded-2,stdout,6,REXXCPS-EFFECTIVE contract=canonical-default initial_count=100 effective_count=500 averaging=100 calibrated=1
timing-RexxCPS-rexxcps-rxbvm-clang-r5-profile-30-recorded-2,stdout,7,
timing-RexxCPS-rexxcps-rxbvm-clang-r5-profile-30-recorded-2,stdout,8,     Performance: 45134949 cREXX clauses per second
timing-RexxCPS-rexxcps-rxbvm-clang-r5-profile-30-recorded-2,stdout,9,
timing-RexxCPS-rexxcps-rxbvm-clang-r5-profile-30-recorded-2,stdout,10,PASS: RexxCPS 2.2d cREXX port
timing-RexxCPS-rexxcps-rxtvm-clang-r5-profile-30-recorded-2,stdout,1,----- REXXCPS 2.2d -- Measuring cREXX clauses/second -----
timing-RexxCPS-rexxcps-rxtvm-clang-r5-profile-30-recorded-2,stdout,2, cREXX version is: macOS 64 crexx-1.0.0-beta.3+local.g3ad9890c139c.dirty 20260810
timing-RexxCPS-rexxcps-rxtvm-clang-r5-profile-30-recorded-2,stdout,3,       System is: macOS
timing-RexxCPS-rexxcps-rxtvm-clang-r5-profile-30-recorded-2,stdout,4,REXXCPS-PROVENANCE contract=canonical-default argv_count=0 initial_count=100 averaging=100
timing-RexxCPS-rexxcps-rxtvm-clang-r5-profile-30-recorded-2,stdout,5,        Averaged: 500 x 100 iterations of 1000 clauses (over 1.1 s)
timing-RexxCPS-rexxcps-rxtvm-clang-r5-profile-30-recorded-2,stdout,6,REXXCPS-EFFECTIVE contract=canonical-default initial_count=100 effective_count=500 averaging=100 calibrated=1
timing-RexxCPS-rexxcps-rxtvm-clang-r5-profile-30-recorded-2,stdout,7,
timing-RexxCPS-rexxcps-rxtvm-clang-r5-profile-30-recorded-2,stdout,8,     Performance: 45324670 cREXX clauses per second
timing-RexxCPS-rexxcps-rxtvm-clang-r5-profile-30-recorded-2,stdout,9,
timing-RexxCPS-rexxcps-rxtvm-clang-r5-profile-30-recorded-2,stdout,10,PASS: RexxCPS 2.2d cREXX port
timing-RexxCPS-rexxcps-rxbvm-clang-r5-profile-20-recorded-2,stdout,1,----- REXXCPS 2.2d -- Measuring cREXX clauses/second -----
timing-RexxCPS-rexxcps-rxbvm-clang-r5-profile-20-recorded-2,stdout,2, cREXX version is: macOS 64 crexx-1.0.0-beta.3+local.g3ad9890c139c.dirty 20260810
timing-RexxCPS-rexxcps-rxbvm-clang-r5-profile-20-recorded-2,stdout,3,       System is: macOS
timing-RexxCPS-rexxcps-rxbvm-clang-r5-profile-20-recorded-2,stdout,4,REXXCPS-PROVENANCE contract=canonical-default argv_count=0 initial_count=100 averaging=100
timing-RexxCPS-rexxcps-rxbvm-clang-r5-profile-20-recorded-2,stdout,5,        Averaged: 500 x 100 iterations of 1000 clauses (over 1.1 s)
timing-RexxCPS-rexxcps-rxbvm-clang-r5-profile-20-recorded-2,stdout,6,REXXCPS-EFFECTIVE contract=canonical-default initial_count=100 effective_count=500 averaging=100 calibrated=1
timing-RexxCPS-rexxcps-rxbvm-clang-r5-profile-20-recorded-2,stdout,7,
timing-RexxCPS-rexxcps-rxbvm-clang-r5-profile-20-recorded-2,stdout,8,     Performance: 44890718 cREXX clauses per second
timing-RexxCPS-rexxcps-rxbvm-clang-r5-profile-20-recorded-2,stdout,9,
timing-RexxCPS-rexxcps-rxbvm-clang-r5-profile-20-recorded-2,stdout,10,PASS: RexxCPS 2.2d cREXX port
timing-RexxCPS-rexxcps-rxtvm-clang-r5-profile-20-recorded-2,stdout,1,----- REXXCPS 2.2d -- Measuring cREXX clauses/second -----
timing-RexxCPS-rexxcps-rxtvm-clang-r5-profile-20-recorded-2,stdout,2, cREXX version is: macOS 64 crexx-1.0.0-beta.3+local.g3ad9890c139c.dirty 20260810
timing-RexxCPS-rexxcps-rxtvm-clang-r5-profile-20-recorded-2,stdout,3,       System is: macOS
timing-RexxCPS-rexxcps-rxtvm-clang-r5-profile-20-recorded-2,stdout,4,REXXCPS-PROVENANCE contract=canonical-default argv_count=0 initial_count=100 averaging=100
timing-RexxCPS-rexxcps-rxtvm-clang-r5-profile-20-recorded-2,stdout,5,        Averaged: 500 x 100 iterations of 1000 clauses (over 1.1 s)
timing-RexxCPS-rexxcps-rxtvm-clang-r5-profile-20-recorded-2,stdout,6,REXXCPS-EFFECTIVE contract=canonical-default initial_count=100 effective_count=500 averaging=100 calibrated=1
timing-RexxCPS-rexxcps-rxtvm-clang-r5-profile-20-recorded-2,stdout,7,
timing-RexxCPS-rexxcps-rxtvm-clang-r5-profile-20-recorded-2,stdout,8,     Performance: 46051032 cREXX clauses per second
timing-RexxCPS-rexxcps-rxtvm-clang-r5-profile-20-recorded-2,stdout,9,
timing-RexxCPS-rexxcps-rxtvm-clang-r5-profile-20-recorded-2,stdout,10,PASS: RexxCPS 2.2d cREXX port
timing-RexxCPS-rexxcps-rxbvm-clang-r5-profile-15-recorded-2,stdout,1,----- REXXCPS 2.2d -- Measuring cREXX clauses/second -----
timing-RexxCPS-rexxcps-rxbvm-clang-r5-profile-15-recorded-2,stdout,2, cREXX version is: macOS 64 crexx-1.0.0-beta.3+local.g3ad9890c139c.dirty 20260810
timing-RexxCPS-rexxcps-rxbvm-clang-r5-profile-15-recorded-2,stdout,3,       System is: macOS
timing-RexxCPS-rexxcps-rxbvm-clang-r5-profile-15-recorded-2,stdout,4,REXXCPS-PROVENANCE contract=canonical-default argv_count=0 initial_count=100 averaging=100
timing-RexxCPS-rexxcps-rxbvm-clang-r5-profile-15-recorded-2,stdout,5,        Averaged: 500 x 100 iterations of 1000 clauses (over 1.1 s)
timing-RexxCPS-rexxcps-rxbvm-clang-r5-profile-15-recorded-2,stdout,6,REXXCPS-EFFECTIVE contract=canonical-default initial_count=100 effective_count=500 averaging=100 calibrated=1
timing-RexxCPS-rexxcps-rxbvm-clang-r5-profile-15-recorded-2,stdout,7,
timing-RexxCPS-rexxcps-rxbvm-clang-r5-profile-15-recorded-2,stdout,8,     Performance: 43651043 cREXX clauses per second
timing-RexxCPS-rexxcps-rxbvm-clang-r5-profile-15-recorded-2,stdout,9,
timing-RexxCPS-rexxcps-rxbvm-clang-r5-profile-15-recorded-2,stdout,10,PASS: RexxCPS 2.2d cREXX port
timing-RexxCPS-rexxcps-rxtvm-clang-r5-profile-15-recorded-2,stdout,1,----- REXXCPS 2.2d -- Measuring cREXX clauses/second -----
timing-RexxCPS-rexxcps-rxtvm-clang-r5-profile-15-recorded-2,stdout,2, cREXX version is: macOS 64 crexx-1.0.0-beta.3+local.g3ad9890c139c.dirty 20260810
timing-RexxCPS-rexxcps-rxtvm-clang-r5-profile-15-recorded-2,stdout,3,       System is: macOS
timing-RexxCPS-rexxcps-rxtvm-clang-r5-profile-15-recorded-2,stdout,4,REXXCPS-PROVENANCE contract=canonical-default argv_count=0 initial_count=100 averaging=100
timing-RexxCPS-rexxcps-rxtvm-clang-r5-profile-15-recorded-2,stdout,5,        Averaged: 500 x 100 iterations of 1000 clauses (over 1.1 s)
timing-RexxCPS-rexxcps-rxtvm-clang-r5-profile-15-recorded-2,stdout,6,REXXCPS-EFFECTIVE contract=canonical-default initial_count=100 effective_count=500 averaging=100 calibrated=1
timing-RexxCPS-rexxcps-rxtvm-clang-r5-profile-15-recorded-2,stdout,7,
timing-RexxCPS-rexxcps-rxtvm-clang-r5-profile-15-recorded-2,stdout,8,     Performance: 44188153 cREXX clauses per second
timing-RexxCPS-rexxcps-rxtvm-clang-r5-profile-15-recorded-2,stdout,9,
timing-RexxCPS-rexxcps-rxtvm-clang-r5-profile-15-recorded-2,stdout,10,PASS: RexxCPS 2.2d cREXX port
timing-RexxCPS-rexxcps-rxbvm-clang-r5-profile-10-recorded-2,stdout,1,----- REXXCPS 2.2d -- Measuring cREXX clauses/second -----
timing-RexxCPS-rexxcps-rxbvm-clang-r5-profile-10-recorded-2,stdout,2, cREXX version is: macOS 64 crexx-1.0.0-beta.3+local.g3ad9890c139c.dirty 20260810
timing-RexxCPS-rexxcps-rxbvm-clang-r5-profile-10-recorded-2,stdout,3,       System is: macOS
timing-RexxCPS-rexxcps-rxbvm-clang-r5-profile-10-recorded-2,stdout,4,REXXCPS-PROVENANCE contract=canonical-default argv_count=0 initial_count=100 averaging=100
timing-RexxCPS-rexxcps-rxbvm-clang-r5-profile-10-recorded-2,stdout,5,        Averaged: 400 x 100 iterations of 1000 clauses (over 1.0 s)
timing-RexxCPS-rexxcps-rxbvm-clang-r5-profile-10-recorded-2,stdout,6,REXXCPS-EFFECTIVE contract=canonical-default initial_count=100 effective_count=400 averaging=100 calibrated=1
timing-RexxCPS-rexxcps-rxbvm-clang-r5-profile-10-recorded-2,stdout,7,
timing-RexxCPS-rexxcps-rxbvm-clang-r5-profile-10-recorded-2,stdout,8,     Performance: 39650992 cREXX clauses per second
timing-RexxCPS-rexxcps-rxbvm-clang-r5-profile-10-recorded-2,stdout,9,
timing-RexxCPS-rexxcps-rxbvm-clang-r5-profile-10-recorded-2,stdout,10,PASS: RexxCPS 2.2d cREXX port
timing-RexxCPS-rexxcps-rxtvm-clang-r5-profile-10-recorded-2,stdout,1,----- REXXCPS 2.2d -- Measuring cREXX clauses/second -----
timing-RexxCPS-rexxcps-rxtvm-clang-r5-profile-10-recorded-2,stdout,2, cREXX version is: macOS 64 crexx-1.0.0-beta.3+local.g3ad9890c139c.dirty 20260810
timing-RexxCPS-rexxcps-rxtvm-clang-r5-profile-10-recorded-2,stdout,3,       System is: macOS
timing-RexxCPS-rexxcps-rxtvm-clang-r5-profile-10-recorded-2,stdout,4,REXXCPS-PROVENANCE contract=canonical-default argv_count=0 initial_count=100 averaging=100
timing-RexxCPS-rexxcps-rxtvm-clang-r5-profile-10-recorded-2,stdout,5,        Averaged: 400 x 100 iterations of 1000 clauses (over 1.0 s)
timing-RexxCPS-rexxcps-rxtvm-clang-r5-profile-10-recorded-2,stdout,6,REXXCPS-EFFECTIVE contract=canonical-default initial_count=100 effective_count=400 averaging=100 calibrated=1
timing-RexxCPS-rexxcps-rxtvm-clang-r5-profile-10-recorded-2,stdout,7,
timing-RexxCPS-rexxcps-rxtvm-clang-r5-profile-10-recorded-2,stdout,8,     Performance: 39032349 cREXX clauses per second
timing-RexxCPS-rexxcps-rxtvm-clang-r5-profile-10-recorded-2,stdout,9,
timing-RexxCPS-rexxcps-rxtvm-clang-r5-profile-10-recorded-2,stdout,10,PASS: RexxCPS 2.2d cREXX port
timing-RexxCPS-rexxcps-rxbvm-clang-r5-profile-5-recorded-2,stdout,1,----- REXXCPS 2.2d -- Measuring cREXX clauses/second -----
timing-RexxCPS-rexxcps-rxbvm-clang-r5-profile-5-recorded-2,stdout,2, cREXX version is: macOS 64 crexx-1.0.0-beta.3+local.g3ad9890c139c.dirty 20260810
timing-RexxCPS-rexxcps-rxbvm-clang-r5-profile-5-recorded-2,stdout,3,       System is: macOS
timing-RexxCPS-rexxcps-rxbvm-clang-r5-profile-5-recorded-2,stdout,4,REXXCPS-PROVENANCE contract=canonical-default argv_count=0 initial_count=100 averaging=100
timing-RexxCPS-rexxcps-rxbvm-clang-r5-profile-5-recorded-2,stdout,5,        Averaged: 400 x 100 iterations of 1000 clauses (over 1.2 s)
timing-RexxCPS-rexxcps-rxbvm-clang-r5-profile-5-recorded-2,stdout,6,REXXCPS-EFFECTIVE contract=canonical-default initial_count=100 effective_count=400 averaging=100 calibrated=1
timing-RexxCPS-rexxcps-rxbvm-clang-r5-profile-5-recorded-2,stdout,7,
timing-RexxCPS-rexxcps-rxbvm-clang-r5-profile-5-recorded-2,stdout,8,     Performance: 32688819 cREXX clauses per second
timing-RexxCPS-rexxcps-rxbvm-clang-r5-profile-5-recorded-2,stdout,9,
timing-RexxCPS-rexxcps-rxbvm-clang-r5-profile-5-recorded-2,stdout,10,PASS: RexxCPS 2.2d cREXX port
timing-RexxCPS-rexxcps-rxtvm-clang-r5-profile-5-recorded-2,stdout,1,----- REXXCPS 2.2d -- Measuring cREXX clauses/second -----
timing-RexxCPS-rexxcps-rxtvm-clang-r5-profile-5-recorded-2,stdout,2, cREXX version is: macOS 64 crexx-1.0.0-beta.3+local.g3ad9890c139c.dirty 20260810
timing-RexxCPS-rexxcps-rxtvm-clang-r5-profile-5-recorded-2,stdout,3,       System is: macOS
timing-RexxCPS-rexxcps-rxtvm-clang-r5-profile-5-recorded-2,stdout,4,REXXCPS-PROVENANCE contract=canonical-default argv_count=0 initial_count=100 averaging=100
timing-RexxCPS-rexxcps-rxtvm-clang-r5-profile-5-recorded-2,stdout,5,        Averaged: 400 x 100 iterations of 1000 clauses (over 1.2 s)
timing-RexxCPS-rexxcps-rxtvm-clang-r5-profile-5-recorded-2,stdout,6,REXXCPS-EFFECTIVE contract=canonical-default initial_count=100 effective_count=400 averaging=100 calibrated=1
timing-RexxCPS-rexxcps-rxtvm-clang-r5-profile-5-recorded-2,stdout,7,
timing-RexxCPS-rexxcps-rxtvm-clang-r5-profile-5-recorded-2,stdout,8,     Performance: 32723423 cREXX clauses per second
timing-RexxCPS-rexxcps-rxtvm-clang-r5-profile-5-recorded-2,stdout,9,
timing-RexxCPS-rexxcps-rxtvm-clang-r5-profile-5-recorded-2,stdout,10,PASS: RexxCPS 2.2d cREXX port
timing-RexxCPS-rexxcps-rxbvm-clang-r5-all-inline-recorded-2,stdout,1,----- REXXCPS 2.2d -- Measuring cREXX clauses/second -----
timing-RexxCPS-rexxcps-rxbvm-clang-r5-all-inline-recorded-2,stdout,2, cREXX version is: macOS 64 crexx-1.0.0-beta.3+local.g3ad9890c139c.dirty 20260810
timing-RexxCPS-rexxcps-rxbvm-clang-r5-all-inline-recorded-2,stdout,3,       System is: macOS
timing-RexxCPS-rexxcps-rxbvm-clang-r5-all-inline-recorded-2,stdout,4,REXXCPS-PROVENANCE contract=canonical-default argv_count=0 initial_count=100 averaging=100
timing-RexxCPS-rexxcps-rxbvm-clang-r5-all-inline-recorded-2,stdout,5,        Averaged: 500 x 100 iterations of 1000 clauses (over 1.1 s)
timing-RexxCPS-rexxcps-rxbvm-clang-r5-all-inline-recorded-2,stdout,6,REXXCPS-EFFECTIVE contract=canonical-default initial_count=100 effective_count=500 averaging=100 calibrated=1
timing-RexxCPS-rexxcps-rxbvm-clang-r5-all-inline-recorded-2,stdout,7,
timing-RexxCPS-rexxcps-rxbvm-clang-r5-all-inline-recorded-2,stdout,8,     Performance: 44076086 cREXX clauses per second
timing-RexxCPS-rexxcps-rxbvm-clang-r5-all-inline-recorded-2,stdout,9,
timing-RexxCPS-rexxcps-rxbvm-clang-r5-all-inline-recorded-2,stdout,10,PASS: RexxCPS 2.2d cREXX port
timing-RexxCPS-rexxcps-rxtvm-clang-r5-all-inline-recorded-2,stdout,1,----- REXXCPS 2.2d -- Measuring cREXX clauses/second -----
timing-RexxCPS-rexxcps-rxtvm-clang-r5-all-inline-recorded-2,stdout,2, cREXX version is: macOS 64 crexx-1.0.0-beta.3+local.g3ad9890c139c.dirty 20260810
timing-RexxCPS-rexxcps-rxtvm-clang-r5-all-inline-recorded-2,stdout,3,       System is: macOS
timing-RexxCPS-rexxcps-rxtvm-clang-r5-all-inline-recorded-2,stdout,4,REXXCPS-PROVENANCE contract=canonical-default argv_count=0 initial_count=100 averaging=100
timing-RexxCPS-rexxcps-rxtvm-clang-r5-all-inline-recorded-2,stdout,5,        Averaged: 500 x 100 iterations of 1000 clauses (over 1.3 s)
timing-RexxCPS-rexxcps-rxtvm-clang-r5-all-inline-recorded-2,stdout,6,REXXCPS-EFFECTIVE contract=canonical-default initial_count=100 effective_count=500 averaging=100 calibrated=1
timing-RexxCPS-rexxcps-rxtvm-clang-r5-all-inline-recorded-2,stdout,7,
timing-RexxCPS-rexxcps-rxtvm-clang-r5-all-inline-recorded-2,stdout,8,     Performance: 39071383 cREXX clauses per second
timing-RexxCPS-rexxcps-rxtvm-clang-r5-all-inline-recorded-2,stdout,9,
timing-RexxCPS-rexxcps-rxtvm-clang-r5-all-inline-recorded-2,stdout,10,PASS: RexxCPS 2.2d cREXX port
timing-RexxCPS-rexxcps-rxtvm-clang-r5-profile-5-recorded-3,stdout,1,----- REXXCPS 2.2d -- Measuring cREXX clauses/second -----
timing-RexxCPS-rexxcps-rxtvm-clang-r5-profile-5-recorded-3,stdout,2, cREXX version is: macOS 64 crexx-1.0.0-beta.3+local.g3ad9890c139c.dirty 20260810
timing-RexxCPS-rexxcps-rxtvm-clang-r5-profile-5-recorded-3,stdout,3,       System is: macOS
timing-RexxCPS-rexxcps-rxtvm-clang-r5-profile-5-recorded-3,stdout,4,REXXCPS-PROVENANCE contract=canonical-default argv_count=0 initial_count=100 averaging=100
timing-RexxCPS-rexxcps-rxtvm-clang-r5-profile-5-recorded-3,stdout,5,        Averaged: 400 x 100 iterations of 1000 clauses (over 1.2 s)
timing-RexxCPS-rexxcps-rxtvm-clang-r5-profile-5-recorded-3,stdout,6,REXXCPS-EFFECTIVE contract=canonical-default initial_count=100 effective_count=400 averaging=100 calibrated=1
timing-RexxCPS-rexxcps-rxtvm-clang-r5-profile-5-recorded-3,stdout,7,
timing-RexxCPS-rexxcps-rxtvm-clang-r5-profile-5-recorded-3,stdout,8,     Performance: 32763253 cREXX clauses per second
timing-RexxCPS-rexxcps-rxtvm-clang-r5-profile-5-recorded-3,stdout,9,
timing-RexxCPS-rexxcps-rxtvm-clang-r5-profile-5-recorded-3,stdout,10,PASS: RexxCPS 2.2d cREXX port
timing-RexxCPS-rexxcps-rxbvm-clang-r5-profile-5-recorded-3,stdout,1,----- REXXCPS 2.2d -- Measuring cREXX clauses/second -----
timing-RexxCPS-rexxcps-rxbvm-clang-r5-profile-5-recorded-3,stdout,2, cREXX version is: macOS 64 crexx-1.0.0-beta.3+local.g3ad9890c139c.dirty 20260810
timing-RexxCPS-rexxcps-rxbvm-clang-r5-profile-5-recorded-3,stdout,3,       System is: macOS
timing-RexxCPS-rexxcps-rxbvm-clang-r5-profile-5-recorded-3,stdout,4,REXXCPS-PROVENANCE contract=canonical-default argv_count=0 initial_count=100 averaging=100
timing-RexxCPS-rexxcps-rxbvm-clang-r5-profile-5-recorded-3,stdout,5,        Averaged: 400 x 100 iterations of 1000 clauses (over 1.2 s)
timing-RexxCPS-rexxcps-rxbvm-clang-r5-profile-5-recorded-3,stdout,6,REXXCPS-EFFECTIVE contract=canonical-default initial_count=100 effective_count=400 averaging=100 calibrated=1
timing-RexxCPS-rexxcps-rxbvm-clang-r5-profile-5-recorded-3,stdout,7,
timing-RexxCPS-rexxcps-rxbvm-clang-r5-profile-5-recorded-3,stdout,8,     Performance: 32851241 cREXX clauses per second
timing-RexxCPS-rexxcps-rxbvm-clang-r5-profile-5-recorded-3,stdout,9,
timing-RexxCPS-rexxcps-rxbvm-clang-r5-profile-5-recorded-3,stdout,10,PASS: RexxCPS 2.2d cREXX port
timing-RexxCPS-rexxcps-rxtvm-clang-r5-profile-10-recorded-3,stdout,1,----- REXXCPS 2.2d -- Measuring cREXX clauses/second -----
timing-RexxCPS-rexxcps-rxtvm-clang-r5-profile-10-recorded-3,stdout,2, cREXX version is: macOS 64 crexx-1.0.0-beta.3+local.g3ad9890c139c.dirty 20260810
timing-RexxCPS-rexxcps-rxtvm-clang-r5-profile-10-recorded-3,stdout,3,       System is: macOS
timing-RexxCPS-rexxcps-rxtvm-clang-r5-profile-10-recorded-3,stdout,4,REXXCPS-PROVENANCE contract=canonical-default argv_count=0 initial_count=100 averaging=100
timing-RexxCPS-rexxcps-rxtvm-clang-r5-profile-10-recorded-3,stdout,5,        Averaged: 400 x 100 iterations of 1000 clauses (over 1.0 s)
timing-RexxCPS-rexxcps-rxtvm-clang-r5-profile-10-recorded-3,stdout,6,REXXCPS-EFFECTIVE contract=canonical-default initial_count=100 effective_count=400 averaging=100 calibrated=1
timing-RexxCPS-rexxcps-rxtvm-clang-r5-profile-10-recorded-3,stdout,7,
timing-RexxCPS-rexxcps-rxtvm-clang-r5-profile-10-recorded-3,stdout,8,     Performance: 39103245 cREXX clauses per second
timing-RexxCPS-rexxcps-rxtvm-clang-r5-profile-10-recorded-3,stdout,9,
timing-RexxCPS-rexxcps-rxtvm-clang-r5-profile-10-recorded-3,stdout,10,PASS: RexxCPS 2.2d cREXX port
timing-RexxCPS-rexxcps-rxbvm-clang-r5-profile-10-recorded-3,stdout,1,----- REXXCPS 2.2d -- Measuring cREXX clauses/second -----
timing-RexxCPS-rexxcps-rxbvm-clang-r5-profile-10-recorded-3,stdout,2, cREXX version is: macOS 64 crexx-1.0.0-beta.3+local.g3ad9890c139c.dirty 20260810
timing-RexxCPS-rexxcps-rxbvm-clang-r5-profile-10-recorded-3,stdout,3,       System is: macOS
timing-RexxCPS-rexxcps-rxbvm-clang-r5-profile-10-recorded-3,stdout,4,REXXCPS-PROVENANCE contract=canonical-default argv_count=0 initial_count=100 averaging=100
timing-RexxCPS-rexxcps-rxbvm-clang-r5-profile-10-recorded-3,stdout,5,        Averaged: 400 x 100 iterations of 1000 clauses (over 1.0 s)
timing-RexxCPS-rexxcps-rxbvm-clang-r5-profile-10-recorded-3,stdout,6,REXXCPS-EFFECTIVE contract=canonical-default initial_count=100 effective_count=400 averaging=100 calibrated=1
timing-RexxCPS-rexxcps-rxbvm-clang-r5-profile-10-recorded-3,stdout,7,
timing-RexxCPS-rexxcps-rxbvm-clang-r5-profile-10-recorded-3,stdout,8,     Performance: 39800995 cREXX clauses per second
timing-RexxCPS-rexxcps-rxbvm-clang-r5-profile-10-recorded-3,stdout,9,
timing-RexxCPS-rexxcps-rxbvm-clang-r5-profile-10-recorded-3,stdout,10,PASS: RexxCPS 2.2d cREXX port
timing-RexxCPS-rexxcps-rxtvm-clang-r5-profile-15-recorded-3,stdout,1,----- REXXCPS 2.2d -- Measuring cREXX clauses/second -----
timing-RexxCPS-rexxcps-rxtvm-clang-r5-profile-15-recorded-3,stdout,2, cREXX version is: macOS 64 crexx-1.0.0-beta.3+local.g3ad9890c139c.dirty 20260810
timing-RexxCPS-rexxcps-rxtvm-clang-r5-profile-15-recorded-3,stdout,3,       System is: macOS
timing-RexxCPS-rexxcps-rxtvm-clang-r5-profile-15-recorded-3,stdout,4,REXXCPS-PROVENANCE contract=canonical-default argv_count=0 initial_count=100 averaging=100
timing-RexxCPS-rexxcps-rxtvm-clang-r5-profile-15-recorded-3,stdout,5,        Averaged: 500 x 100 iterations of 1000 clauses (over 1.1 s)
timing-RexxCPS-rexxcps-rxtvm-clang-r5-profile-15-recorded-3,stdout,6,REXXCPS-EFFECTIVE contract=canonical-default initial_count=100 effective_count=500 averaging=100 calibrated=1
timing-RexxCPS-rexxcps-rxtvm-clang-r5-profile-15-recorded-3,stdout,7,
timing-RexxCPS-rexxcps-rxtvm-clang-r5-profile-15-recorded-3,stdout,8,     Performance: 43641213 cREXX clauses per second
timing-RexxCPS-rexxcps-rxtvm-clang-r5-profile-15-recorded-3,stdout,9,
timing-RexxCPS-rexxcps-rxtvm-clang-r5-profile-15-recorded-3,stdout,10,PASS: RexxCPS 2.2d cREXX port
timing-RexxCPS-rexxcps-rxbvm-clang-r5-profile-15-recorded-3,stdout,1,----- REXXCPS 2.2d -- Measuring cREXX clauses/second -----
timing-RexxCPS-rexxcps-rxbvm-clang-r5-profile-15-recorded-3,stdout,2, cREXX version is: macOS 64 crexx-1.0.0-beta.3+local.g3ad9890c139c.dirty 20260810
timing-RexxCPS-rexxcps-rxbvm-clang-r5-profile-15-recorded-3,stdout,3,       System is: macOS
timing-RexxCPS-rexxcps-rxbvm-clang-r5-profile-15-recorded-3,stdout,4,REXXCPS-PROVENANCE contract=canonical-default argv_count=0 initial_count=100 averaging=100
timing-RexxCPS-rexxcps-rxbvm-clang-r5-profile-15-recorded-3,stdout,5,        Averaged: 500 x 100 iterations of 1000 clauses (over 1.2 s)
timing-RexxCPS-rexxcps-rxbvm-clang-r5-profile-15-recorded-3,stdout,6,REXXCPS-EFFECTIVE contract=canonical-default initial_count=100 effective_count=500 averaging=100 calibrated=1
timing-RexxCPS-rexxcps-rxbvm-clang-r5-profile-15-recorded-3,stdout,7,
timing-RexxCPS-rexxcps-rxbvm-clang-r5-profile-15-recorded-3,stdout,8,     Performance: 42858857 cREXX clauses per second
timing-RexxCPS-rexxcps-rxbvm-clang-r5-profile-15-recorded-3,stdout,9,
timing-RexxCPS-rexxcps-rxbvm-clang-r5-profile-15-recorded-3,stdout,10,PASS: RexxCPS 2.2d cREXX port
timing-RexxCPS-rexxcps-rxtvm-clang-r5-profile-20-recorded-3,stdout,1,----- REXXCPS 2.2d -- Measuring cREXX clauses/second -----
timing-RexxCPS-rexxcps-rxtvm-clang-r5-profile-20-recorded-3,stdout,2, cREXX version is: macOS 64 crexx-1.0.0-beta.3+local.g3ad9890c139c.dirty 20260810
timing-RexxCPS-rexxcps-rxtvm-clang-r5-profile-20-recorded-3,stdout,3,       System is: macOS
timing-RexxCPS-rexxcps-rxtvm-clang-r5-profile-20-recorded-3,stdout,4,REXXCPS-PROVENANCE contract=canonical-default argv_count=0 initial_count=100 averaging=100
timing-RexxCPS-rexxcps-rxtvm-clang-r5-profile-20-recorded-3,stdout,5,        Averaged: 500 x 100 iterations of 1000 clauses (over 1.1 s)
timing-RexxCPS-rexxcps-rxtvm-clang-r5-profile-20-recorded-3,stdout,6,REXXCPS-EFFECTIVE contract=canonical-default initial_count=100 effective_count=500 averaging=100 calibrated=1
timing-RexxCPS-rexxcps-rxtvm-clang-r5-profile-20-recorded-3,stdout,7,
timing-RexxCPS-rexxcps-rxtvm-clang-r5-profile-20-recorded-3,stdout,8,     Performance: 46042763 cREXX clauses per second
timing-RexxCPS-rexxcps-rxtvm-clang-r5-profile-20-recorded-3,stdout,9,
timing-RexxCPS-rexxcps-rxtvm-clang-r5-profile-20-recorded-3,stdout,10,PASS: RexxCPS 2.2d cREXX port
timing-RexxCPS-rexxcps-rxbvm-clang-r5-profile-20-recorded-3,stdout,1,----- REXXCPS 2.2d -- Measuring cREXX clauses/second -----
timing-RexxCPS-rexxcps-rxbvm-clang-r5-profile-20-recorded-3,stdout,2, cREXX version is: macOS 64 crexx-1.0.0-beta.3+local.g3ad9890c139c.dirty 20260810
timing-RexxCPS-rexxcps-rxbvm-clang-r5-profile-20-recorded-3,stdout,3,       System is: macOS
timing-RexxCPS-rexxcps-rxbvm-clang-r5-profile-20-recorded-3,stdout,4,REXXCPS-PROVENANCE contract=canonical-default argv_count=0 initial_count=100 averaging=100
timing-RexxCPS-rexxcps-rxbvm-clang-r5-profile-20-recorded-3,stdout,5,        Averaged: 500 x 100 iterations of 1000 clauses (over 1.1 s)
timing-RexxCPS-rexxcps-rxbvm-clang-r5-profile-20-recorded-3,stdout,6,REXXCPS-EFFECTIVE contract=canonical-default initial_count=100 effective_count=500 averaging=100 calibrated=1
timing-RexxCPS-rexxcps-rxbvm-clang-r5-profile-20-recorded-3,stdout,7,
timing-RexxCPS-rexxcps-rxbvm-clang-r5-profile-20-recorded-3,stdout,8,     Performance: 44401700 cREXX clauses per second
timing-RexxCPS-rexxcps-rxbvm-clang-r5-profile-20-recorded-3,stdout,9,
timing-RexxCPS-rexxcps-rxbvm-clang-r5-profile-20-recorded-3,stdout,10,PASS: RexxCPS 2.2d cREXX port
timing-RexxCPS-rexxcps-rxtvm-clang-r5-profile-30-recorded-3,stdout,1,----- REXXCPS 2.2d -- Measuring cREXX clauses/second -----
timing-RexxCPS-rexxcps-rxtvm-clang-r5-profile-30-recorded-3,stdout,2, cREXX version is: macOS 64 crexx-1.0.0-beta.3+local.g3ad9890c139c.dirty 20260810
timing-RexxCPS-rexxcps-rxtvm-clang-r5-profile-30-recorded-3,stdout,3,       System is: macOS
timing-RexxCPS-rexxcps-rxtvm-clang-r5-profile-30-recorded-3,stdout,4,REXXCPS-PROVENANCE contract=canonical-default argv_count=0 initial_count=100 averaging=100
timing-RexxCPS-rexxcps-rxtvm-clang-r5-profile-30-recorded-3,stdout,5,        Averaged: 500 x 100 iterations of 1000 clauses (over 1.1 s)
timing-RexxCPS-rexxcps-rxtvm-clang-r5-profile-30-recorded-3,stdout,6,REXXCPS-EFFECTIVE contract=canonical-default initial_count=100 effective_count=500 averaging=100 calibrated=1
timing-RexxCPS-rexxcps-rxtvm-clang-r5-profile-30-recorded-3,stdout,7,
timing-RexxCPS-rexxcps-rxtvm-clang-r5-profile-30-recorded-3,stdout,8,     Performance: 45627141 cREXX clauses per second
timing-RexxCPS-rexxcps-rxtvm-clang-r5-profile-30-recorded-3,stdout,9,
timing-RexxCPS-rexxcps-rxtvm-clang-r5-profile-30-recorded-3,stdout,10,PASS: RexxCPS 2.2d cREXX port
timing-RexxCPS-rexxcps-rxbvm-clang-r5-profile-30-recorded-3,stdout,1,----- REXXCPS 2.2d -- Measuring cREXX clauses/second -----
timing-RexxCPS-rexxcps-rxbvm-clang-r5-profile-30-recorded-3,stdout,2, cREXX version is: macOS 64 crexx-1.0.0-beta.3+local.g3ad9890c139c.dirty 20260810
timing-RexxCPS-rexxcps-rxbvm-clang-r5-profile-30-recorded-3,stdout,3,       System is: macOS
timing-RexxCPS-rexxcps-rxbvm-clang-r5-profile-30-recorded-3,stdout,4,REXXCPS-PROVENANCE contract=canonical-default argv_count=0 initial_count=100 averaging=100
timing-RexxCPS-rexxcps-rxbvm-clang-r5-profile-30-recorded-3,stdout,5,        Averaged: 500 x 100 iterations of 1000 clauses (over 1.1 s)
timing-RexxCPS-rexxcps-rxbvm-clang-r5-profile-30-recorded-3,stdout,6,REXXCPS-EFFECTIVE contract=canonical-default initial_count=100 effective_count=500 averaging=100 calibrated=1
timing-RexxCPS-rexxcps-rxbvm-clang-r5-profile-30-recorded-3,stdout,7,
timing-RexxCPS-rexxcps-rxbvm-clang-r5-profile-30-recorded-3,stdout,8,     Performance: 44631659 cREXX clauses per second
timing-RexxCPS-rexxcps-rxbvm-clang-r5-profile-30-recorded-3,stdout,9,
timing-RexxCPS-rexxcps-rxbvm-clang-r5-profile-30-recorded-3,stdout,10,PASS: RexxCPS 2.2d cREXX port
timing-RexxCPS-rexxcps-rxtvm-clang-r5-max-eligible-recorded-3,stdout,1,----- REXXCPS 2.2d -- Measuring cREXX clauses/second -----
timing-RexxCPS-rexxcps-rxtvm-clang-r5-max-eligible-recorded-3,stdout,2, cREXX version is: macOS 64 crexx-1.0.0-beta.3+local.g3ad9890c139c.dirty 20260810
timing-RexxCPS-rexxcps-rxtvm-clang-r5-max-eligible-recorded-3,stdout,3,       System is: macOS
timing-RexxCPS-rexxcps-rxtvm-clang-r5-max-eligible-recorded-3,stdout,4,REXXCPS-PROVENANCE contract=canonical-default argv_count=0 initial_count=100 averaging=100
timing-RexxCPS-rexxcps-rxtvm-clang-r5-max-eligible-recorded-3,stdout,5,        Averaged: 500 x 100 iterations of 1000 clauses (over 1.1 s)
timing-RexxCPS-rexxcps-rxtvm-clang-r5-max-eligible-recorded-3,stdout,6,REXXCPS-EFFECTIVE contract=canonical-default initial_count=100 effective_count=500 averaging=100 calibrated=1
timing-RexxCPS-rexxcps-rxtvm-clang-r5-max-eligible-recorded-3,stdout,7,
timing-RexxCPS-rexxcps-rxtvm-clang-r5-max-eligible-recorded-3,stdout,8,     Performance: 45690976 cREXX clauses per second
timing-RexxCPS-rexxcps-rxtvm-clang-r5-max-eligible-recorded-3,stdout,9,
timing-RexxCPS-rexxcps-rxtvm-clang-r5-max-eligible-recorded-3,stdout,10,PASS: RexxCPS 2.2d cREXX port
timing-RexxCPS-rexxcps-rxbvm-clang-r5-max-eligible-recorded-3,stdout,1,----- REXXCPS 2.2d -- Measuring cREXX clauses/second -----
timing-RexxCPS-rexxcps-rxbvm-clang-r5-max-eligible-recorded-3,stdout,2, cREXX version is: macOS 64 crexx-1.0.0-beta.3+local.g3ad9890c139c.dirty 20260810
timing-RexxCPS-rexxcps-rxbvm-clang-r5-max-eligible-recorded-3,stdout,3,       System is: macOS
timing-RexxCPS-rexxcps-rxbvm-clang-r5-max-eligible-recorded-3,stdout,4,REXXCPS-PROVENANCE contract=canonical-default argv_count=0 initial_count=100 averaging=100
timing-RexxCPS-rexxcps-rxbvm-clang-r5-max-eligible-recorded-3,stdout,5,        Averaged: 500 x 100 iterations of 1000 clauses (over 1.1 s)
timing-RexxCPS-rexxcps-rxbvm-clang-r5-max-eligible-recorded-3,stdout,6,REXXCPS-EFFECTIVE contract=canonical-default initial_count=100 effective_count=500 averaging=100 calibrated=1
timing-RexxCPS-rexxcps-rxbvm-clang-r5-max-eligible-recorded-3,stdout,7,
timing-RexxCPS-rexxcps-rxbvm-clang-r5-max-eligible-recorded-3,stdout,8,     Performance: 44243911 cREXX clauses per second
timing-RexxCPS-rexxcps-rxbvm-clang-r5-max-eligible-recorded-3,stdout,9,
timing-RexxCPS-rexxcps-rxbvm-clang-r5-max-eligible-recorded-3,stdout,10,PASS: RexxCPS 2.2d cREXX port
timing-RexxCPS-rexxcps-rxtvm-clang-r5-all-outline-recorded-3,stdout,1,----- REXXCPS 2.2d -- Measuring cREXX clauses/second -----
timing-RexxCPS-rexxcps-rxtvm-clang-r5-all-outline-recorded-3,stdout,2, cREXX version is: macOS 64 crexx-1.0.0-beta.3+local.g3ad9890c139c.dirty 20260810
timing-RexxCPS-rexxcps-rxtvm-clang-r5-all-outline-recorded-3,stdout,3,       System is: macOS
timing-RexxCPS-rexxcps-rxtvm-clang-r5-all-outline-recorded-3,stdout,4,REXXCPS-PROVENANCE contract=canonical-default argv_count=0 initial_count=100 averaging=100
timing-RexxCPS-rexxcps-rxtvm-clang-r5-all-outline-recorded-3,stdout,5,        Averaged: 300 x 100 iterations of 1000 clauses (over 1.2 s)
timing-RexxCPS-rexxcps-rxtvm-clang-r5-all-outline-recorded-3,stdout,6,REXXCPS-EFFECTIVE contract=canonical-default initial_count=100 effective_count=300 averaging=100 calibrated=1
timing-RexxCPS-rexxcps-rxtvm-clang-r5-all-outline-recorded-3,stdout,7,
timing-RexxCPS-rexxcps-rxtvm-clang-r5-all-outline-recorded-3,stdout,8,     Performance: 25247531 cREXX clauses per second
timing-RexxCPS-rexxcps-rxtvm-clang-r5-all-outline-recorded-3,stdout,9,
timing-RexxCPS-rexxcps-rxtvm-clang-r5-all-outline-recorded-3,stdout,10,PASS: RexxCPS 2.2d cREXX port
timing-RexxCPS-rexxcps-rxbvm-clang-r5-all-outline-recorded-3,stdout,1,----- REXXCPS 2.2d -- Measuring cREXX clauses/second -----
timing-RexxCPS-rexxcps-rxbvm-clang-r5-all-outline-recorded-3,stdout,2, cREXX version is: macOS 64 crexx-1.0.0-beta.3+local.g3ad9890c139c.dirty 20260810
timing-RexxCPS-rexxcps-rxbvm-clang-r5-all-outline-recorded-3,stdout,3,       System is: macOS
timing-RexxCPS-rexxcps-rxbvm-clang-r5-all-outline-recorded-3,stdout,4,REXXCPS-PROVENANCE contract=canonical-default argv_count=0 initial_count=100 averaging=100
timing-RexxCPS-rexxcps-rxbvm-clang-r5-all-outline-recorded-3,stdout,5,        Averaged: 300 x 100 iterations of 1000 clauses (over 1.1 s)
timing-RexxCPS-rexxcps-rxbvm-clang-r5-all-outline-recorded-3,stdout,6,REXXCPS-EFFECTIVE contract=canonical-default initial_count=100 effective_count=300 averaging=100 calibrated=1
timing-RexxCPS-rexxcps-rxbvm-clang-r5-all-outline-recorded-3,stdout,7,
timing-RexxCPS-rexxcps-rxbvm-clang-r5-all-outline-recorded-3,stdout,8,     Performance: 26655365 cREXX clauses per second
timing-RexxCPS-rexxcps-rxbvm-clang-r5-all-outline-recorded-3,stdout,9,
timing-RexxCPS-rexxcps-rxbvm-clang-r5-all-outline-recorded-3,stdout,10,PASS: RexxCPS 2.2d cREXX port
timing-RexxCPS-rexxcps-rxtvm-clang-r5-all-inline-recorded-3,stdout,1,----- REXXCPS 2.2d -- Measuring cREXX clauses/second -----
timing-RexxCPS-rexxcps-rxtvm-clang-r5-all-inline-recorded-3,stdout,2, cREXX version is: macOS 64 crexx-1.0.0-beta.3+local.g3ad9890c139c.dirty 20260810
timing-RexxCPS-rexxcps-rxtvm-clang-r5-all-inline-recorded-3,stdout,3,       System is: macOS
timing-RexxCPS-rexxcps-rxtvm-clang-r5-all-inline-recorded-3,stdout,4,REXXCPS-PROVENANCE contract=canonical-default argv_count=0 initial_count=100 averaging=100
timing-RexxCPS-rexxcps-rxtvm-clang-r5-all-inline-recorded-3,stdout,5,        Averaged: 500 x 100 iterations of 1000 clauses (over 1.1 s)
timing-RexxCPS-rexxcps-rxtvm-clang-r5-all-inline-recorded-3,stdout,6,REXXCPS-EFFECTIVE contract=canonical-default initial_count=100 effective_count=500 averaging=100 calibrated=1
timing-RexxCPS-rexxcps-rxtvm-clang-r5-all-inline-recorded-3,stdout,7,
timing-RexxCPS-rexxcps-rxtvm-clang-r5-all-inline-recorded-3,stdout,8,     Performance: 45658848 cREXX clauses per second
timing-RexxCPS-rexxcps-rxtvm-clang-r5-all-inline-recorded-3,stdout,9,
timing-RexxCPS-rexxcps-rxtvm-clang-r5-all-inline-recorded-3,stdout,10,PASS: RexxCPS 2.2d cREXX port
timing-RexxCPS-rexxcps-rxbvm-clang-r5-all-inline-recorded-3,stdout,1,----- REXXCPS 2.2d -- Measuring cREXX clauses/second -----
timing-RexxCPS-rexxcps-rxbvm-clang-r5-all-inline-recorded-3,stdout,2, cREXX version is: macOS 64 crexx-1.0.0-beta.3+local.g3ad9890c139c.dirty 20260810
timing-RexxCPS-rexxcps-rxbvm-clang-r5-all-inline-recorded-3,stdout,3,       System is: macOS
timing-RexxCPS-rexxcps-rxbvm-clang-r5-all-inline-recorded-3,stdout,4,REXXCPS-PROVENANCE contract=canonical-default argv_count=0 initial_count=100 averaging=100
timing-RexxCPS-rexxcps-rxbvm-clang-r5-all-inline-recorded-3,stdout,5,        Averaged: 500 x 100 iterations of 1000 clauses (over 1.1 s)
timing-RexxCPS-rexxcps-rxbvm-clang-r5-all-inline-recorded-3,stdout,6,REXXCPS-EFFECTIVE contract=canonical-default initial_count=100 effective_count=500 averaging=100 calibrated=1
timing-RexxCPS-rexxcps-rxbvm-clang-r5-all-inline-recorded-3,stdout,7,
timing-RexxCPS-rexxcps-rxbvm-clang-r5-all-inline-recorded-3,stdout,8,     Performance: 44627875 cREXX clauses per second
timing-RexxCPS-rexxcps-rxbvm-clang-r5-all-inline-recorded-3,stdout,9,
timing-RexxCPS-rexxcps-rxbvm-clang-r5-all-inline-recorded-3,stdout,10,PASS: RexxCPS 2.2d cREXX port
timing-RexxCPS-rexxcps-rxbvm-clang-r5-all-inline-recorded-4,stdout,1,----- REXXCPS 2.2d -- Measuring cREXX clauses/second -----
timing-RexxCPS-rexxcps-rxbvm-clang-r5-all-inline-recorded-4,stdout,2, cREXX version is: macOS 64 crexx-1.0.0-beta.3+local.g3ad9890c139c.dirty 20260810
timing-RexxCPS-rexxcps-rxbvm-clang-r5-all-inline-recorded-4,stdout,3,       System is: macOS
timing-RexxCPS-rexxcps-rxbvm-clang-r5-all-inline-recorded-4,stdout,4,REXXCPS-PROVENANCE contract=canonical-default argv_count=0 initial_count=100 averaging=100
timing-RexxCPS-rexxcps-rxbvm-clang-r5-all-inline-recorded-4,stdout,5,        Averaged: 500 x 100 iterations of 1000 clauses (over 1.1 s)
timing-RexxCPS-rexxcps-rxbvm-clang-r5-all-inline-recorded-4,stdout,6,REXXCPS-EFFECTIVE contract=canonical-default initial_count=100 effective_count=500 averaging=100 calibrated=1
timing-RexxCPS-rexxcps-rxbvm-clang-r5-all-inline-recorded-4,stdout,7,
timing-RexxCPS-rexxcps-rxbvm-clang-r5-all-inline-recorded-4,stdout,8,     Performance: 44656972 cREXX clauses per second
timing-RexxCPS-rexxcps-rxbvm-clang-r5-all-inline-recorded-4,stdout,9,
timing-RexxCPS-rexxcps-rxbvm-clang-r5-all-inline-recorded-4,stdout,10,PASS: RexxCPS 2.2d cREXX port
timing-RexxCPS-rexxcps-rxtvm-clang-r5-all-inline-recorded-4,stdout,1,----- REXXCPS 2.2d -- Measuring cREXX clauses/second -----
timing-RexxCPS-rexxcps-rxtvm-clang-r5-all-inline-recorded-4,stdout,2, cREXX version is: macOS 64 crexx-1.0.0-beta.3+local.g3ad9890c139c.dirty 20260810
timing-RexxCPS-rexxcps-rxtvm-clang-r5-all-inline-recorded-4,stdout,3,       System is: macOS
timing-RexxCPS-rexxcps-rxtvm-clang-r5-all-inline-recorded-4,stdout,4,REXXCPS-PROVENANCE contract=canonical-default argv_count=0 initial_count=100 averaging=100
timing-RexxCPS-rexxcps-rxtvm-clang-r5-all-inline-recorded-4,stdout,5,        Averaged: 500 x 100 iterations of 1000 clauses (over 1.1 s)
timing-RexxCPS-rexxcps-rxtvm-clang-r5-all-inline-recorded-4,stdout,6,REXXCPS-EFFECTIVE contract=canonical-default initial_count=100 effective_count=500 averaging=100 calibrated=1
timing-RexxCPS-rexxcps-rxtvm-clang-r5-all-inline-recorded-4,stdout,7,
timing-RexxCPS-rexxcps-rxtvm-clang-r5-all-inline-recorded-4,stdout,8,     Performance: 45419242 cREXX clauses per second
timing-RexxCPS-rexxcps-rxtvm-clang-r5-all-inline-recorded-4,stdout,9,
timing-RexxCPS-rexxcps-rxtvm-clang-r5-all-inline-recorded-4,stdout,10,PASS: RexxCPS 2.2d cREXX port
timing-RexxCPS-rexxcps-rxbvm-clang-r5-all-outline-recorded-4,stdout,1,----- REXXCPS 2.2d -- Measuring cREXX clauses/second -----
timing-RexxCPS-rexxcps-rxbvm-clang-r5-all-outline-recorded-4,stdout,2, cREXX version is: macOS 64 crexx-1.0.0-beta.3+local.g3ad9890c139c.dirty 20260810
timing-RexxCPS-rexxcps-rxbvm-clang-r5-all-outline-recorded-4,stdout,3,       System is: macOS
timing-RexxCPS-rexxcps-rxbvm-clang-r5-all-outline-recorded-4,stdout,4,REXXCPS-PROVENANCE contract=canonical-default argv_count=0 initial_count=100 averaging=100
timing-RexxCPS-rexxcps-rxbvm-clang-r5-all-outline-recorded-4,stdout,5,        Averaged: 300 x 100 iterations of 1000 clauses (over 1.1 s)
timing-RexxCPS-rexxcps-rxbvm-clang-r5-all-outline-recorded-4,stdout,6,REXXCPS-EFFECTIVE contract=canonical-default initial_count=100 effective_count=300 averaging=100 calibrated=1
timing-RexxCPS-rexxcps-rxbvm-clang-r5-all-outline-recorded-4,stdout,7,
timing-RexxCPS-rexxcps-rxbvm-clang-r5-all-outline-recorded-4,stdout,8,     Performance: 26230471 cREXX clauses per second
timing-RexxCPS-rexxcps-rxbvm-clang-r5-all-outline-recorded-4,stdout,9,
timing-RexxCPS-rexxcps-rxbvm-clang-r5-all-outline-recorded-4,stdout,10,PASS: RexxCPS 2.2d cREXX port
timing-RexxCPS-rexxcps-rxtvm-clang-r5-all-outline-recorded-4,stdout,1,----- REXXCPS 2.2d -- Measuring cREXX clauses/second -----
timing-RexxCPS-rexxcps-rxtvm-clang-r5-all-outline-recorded-4,stdout,2, cREXX version is: macOS 64 crexx-1.0.0-beta.3+local.g3ad9890c139c.dirty 20260810
timing-RexxCPS-rexxcps-rxtvm-clang-r5-all-outline-recorded-4,stdout,3,       System is: macOS
timing-RexxCPS-rexxcps-rxtvm-clang-r5-all-outline-recorded-4,stdout,4,REXXCPS-PROVENANCE contract=canonical-default argv_count=0 initial_count=100 averaging=100
timing-RexxCPS-rexxcps-rxtvm-clang-r5-all-outline-recorded-4,stdout,5,        Averaged: 300 x 100 iterations of 1000 clauses (over 1.2 s)
timing-RexxCPS-rexxcps-rxtvm-clang-r5-all-outline-recorded-4,stdout,6,REXXCPS-EFFECTIVE contract=canonical-default initial_count=100 effective_count=300 averaging=100 calibrated=1
timing-RexxCPS-rexxcps-rxtvm-clang-r5-all-outline-recorded-4,stdout,7,
timing-RexxCPS-rexxcps-rxtvm-clang-r5-all-outline-recorded-4,stdout,8,     Performance: 25207585 cREXX clauses per second
timing-RexxCPS-rexxcps-rxtvm-clang-r5-all-outline-recorded-4,stdout,9,
timing-RexxCPS-rexxcps-rxtvm-clang-r5-all-outline-recorded-4,stdout,10,PASS: RexxCPS 2.2d cREXX port
timing-RexxCPS-rexxcps-rxbvm-clang-r5-max-eligible-recorded-4,stdout,1,----- REXXCPS 2.2d -- Measuring cREXX clauses/second -----
timing-RexxCPS-rexxcps-rxbvm-clang-r5-max-eligible-recorded-4,stdout,2, cREXX version is: macOS 64 crexx-1.0.0-beta.3+local.g3ad9890c139c.dirty 20260810
timing-RexxCPS-rexxcps-rxbvm-clang-r5-max-eligible-recorded-4,stdout,3,       System is: macOS
timing-RexxCPS-rexxcps-rxbvm-clang-r5-max-eligible-recorded-4,stdout,4,REXXCPS-PROVENANCE contract=canonical-default argv_count=0 initial_count=100 averaging=100
timing-RexxCPS-rexxcps-rxbvm-clang-r5-max-eligible-recorded-4,stdout,5,        Averaged: 500 x 100 iterations of 1000 clauses (over 1.1 s)
timing-RexxCPS-rexxcps-rxbvm-clang-r5-max-eligible-recorded-4,stdout,6,REXXCPS-EFFECTIVE contract=canonical-default initial_count=100 effective_count=500 averaging=100 calibrated=1
timing-RexxCPS-rexxcps-rxbvm-clang-r5-max-eligible-recorded-4,stdout,7,
timing-RexxCPS-rexxcps-rxbvm-clang-r5-max-eligible-recorded-4,stdout,8,     Performance: 44855601 cREXX clauses per second
timing-RexxCPS-rexxcps-rxbvm-clang-r5-max-eligible-recorded-4,stdout,9,
timing-RexxCPS-rexxcps-rxbvm-clang-r5-max-eligible-recorded-4,stdout,10,PASS: RexxCPS 2.2d cREXX port
timing-RexxCPS-rexxcps-rxtvm-clang-r5-max-eligible-recorded-4,stdout,1,----- REXXCPS 2.2d -- Measuring cREXX clauses/second -----
timing-RexxCPS-rexxcps-rxtvm-clang-r5-max-eligible-recorded-4,stdout,2, cREXX version is: macOS 64 crexx-1.0.0-beta.3+local.g3ad9890c139c.dirty 20260810
timing-RexxCPS-rexxcps-rxtvm-clang-r5-max-eligible-recorded-4,stdout,3,       System is: macOS
timing-RexxCPS-rexxcps-rxtvm-clang-r5-max-eligible-recorded-4,stdout,4,REXXCPS-PROVENANCE contract=canonical-default argv_count=0 initial_count=100 averaging=100
timing-RexxCPS-rexxcps-rxtvm-clang-r5-max-eligible-recorded-4,stdout,5,        Averaged: 500 x 100 iterations of 1000 clauses (over 1.1 s)
timing-RexxCPS-rexxcps-rxtvm-clang-r5-max-eligible-recorded-4,stdout,6,REXXCPS-EFFECTIVE contract=canonical-default initial_count=100 effective_count=500 averaging=100 calibrated=1
timing-RexxCPS-rexxcps-rxtvm-clang-r5-max-eligible-recorded-4,stdout,7,
timing-RexxCPS-rexxcps-rxtvm-clang-r5-max-eligible-recorded-4,stdout,8,     Performance: 45556094 cREXX clauses per second
timing-RexxCPS-rexxcps-rxtvm-clang-r5-max-eligible-recorded-4,stdout,9,
timing-RexxCPS-rexxcps-rxtvm-clang-r5-max-eligible-recorded-4,stdout,10,PASS: RexxCPS 2.2d cREXX port
timing-RexxCPS-rexxcps-rxbvm-clang-r5-profile-30-recorded-4,stdout,1,----- REXXCPS 2.2d -- Measuring cREXX clauses/second -----
timing-RexxCPS-rexxcps-rxbvm-clang-r5-profile-30-recorded-4,stdout,2, cREXX version is: macOS 64 crexx-1.0.0-beta.3+local.g3ad9890c139c.dirty 20260810
timing-RexxCPS-rexxcps-rxbvm-clang-r5-profile-30-recorded-4,stdout,3,       System is: macOS
timing-RexxCPS-rexxcps-rxbvm-clang-r5-profile-30-recorded-4,stdout,4,REXXCPS-PROVENANCE contract=canonical-default argv_count=0 initial_count=100 averaging=100
timing-RexxCPS-rexxcps-rxbvm-clang-r5-profile-30-recorded-4,stdout,5,        Averaged: 500 x 100 iterations of 1000 clauses (over 1.1 s)
timing-RexxCPS-rexxcps-rxbvm-clang-r5-profile-30-recorded-4,stdout,6,REXXCPS-EFFECTIVE contract=canonical-default initial_count=100 effective_count=500 averaging=100 calibrated=1
timing-RexxCPS-rexxcps-rxbvm-clang-r5-profile-30-recorded-4,stdout,7,
timing-RexxCPS-rexxcps-rxbvm-clang-r5-profile-30-recorded-4,stdout,8,     Performance: 45362542 cREXX clauses per second
timing-RexxCPS-rexxcps-rxbvm-clang-r5-profile-30-recorded-4,stdout,9,
timing-RexxCPS-rexxcps-rxbvm-clang-r5-profile-30-recorded-4,stdout,10,PASS: RexxCPS 2.2d cREXX port
timing-RexxCPS-rexxcps-rxtvm-clang-r5-profile-30-recorded-4,stdout,1,----- REXXCPS 2.2d -- Measuring cREXX clauses/second -----
timing-RexxCPS-rexxcps-rxtvm-clang-r5-profile-30-recorded-4,stdout,2, cREXX version is: macOS 64 crexx-1.0.0-beta.3+local.g3ad9890c139c.dirty 20260810
timing-RexxCPS-rexxcps-rxtvm-clang-r5-profile-30-recorded-4,stdout,3,       System is: macOS
timing-RexxCPS-rexxcps-rxtvm-clang-r5-profile-30-recorded-4,stdout,4,REXXCPS-PROVENANCE contract=canonical-default argv_count=0 initial_count=100 averaging=100
timing-RexxCPS-rexxcps-rxtvm-clang-r5-profile-30-recorded-4,stdout,5,        Averaged: 500 x 100 iterations of 1000 clauses (over 1.1 s)
timing-RexxCPS-rexxcps-rxtvm-clang-r5-profile-30-recorded-4,stdout,6,REXXCPS-EFFECTIVE contract=canonical-default initial_count=100 effective_count=500 averaging=100 calibrated=1
timing-RexxCPS-rexxcps-rxtvm-clang-r5-profile-30-recorded-4,stdout,7,
timing-RexxCPS-rexxcps-rxtvm-clang-r5-profile-30-recorded-4,stdout,8,     Performance: 45705385 cREXX clauses per second
timing-RexxCPS-rexxcps-rxtvm-clang-r5-profile-30-recorded-4,stdout,9,
timing-RexxCPS-rexxcps-rxtvm-clang-r5-profile-30-recorded-4,stdout,10,PASS: RexxCPS 2.2d cREXX port
timing-RexxCPS-rexxcps-rxbvm-clang-r5-profile-20-recorded-4,stdout,1,----- REXXCPS 2.2d -- Measuring cREXX clauses/second -----
timing-RexxCPS-rexxcps-rxbvm-clang-r5-profile-20-recorded-4,stdout,2, cREXX version is: macOS 64 crexx-1.0.0-beta.3+local.g3ad9890c139c.dirty 20260810
timing-RexxCPS-rexxcps-rxbvm-clang-r5-profile-20-recorded-4,stdout,3,       System is: macOS
timing-RexxCPS-rexxcps-rxbvm-clang-r5-profile-20-recorded-4,stdout,4,REXXCPS-PROVENANCE contract=canonical-default argv_count=0 initial_count=100 averaging=100
timing-RexxCPS-rexxcps-rxbvm-clang-r5-profile-20-recorded-4,stdout,5,        Averaged: 500 x 100 iterations of 1000 clauses (over 1.1 s)
timing-RexxCPS-rexxcps-rxbvm-clang-r5-profile-20-recorded-4,stdout,6,REXXCPS-EFFECTIVE contract=canonical-default initial_count=100 effective_count=500 averaging=100 calibrated=1
timing-RexxCPS-rexxcps-rxbvm-clang-r5-profile-20-recorded-4,stdout,7,
timing-RexxCPS-rexxcps-rxbvm-clang-r5-profile-20-recorded-4,stdout,8,     Performance: 44902329 cREXX clauses per second
timing-RexxCPS-rexxcps-rxbvm-clang-r5-profile-20-recorded-4,stdout,9,
timing-RexxCPS-rexxcps-rxbvm-clang-r5-profile-20-recorded-4,stdout,10,PASS: RexxCPS 2.2d cREXX port
timing-RexxCPS-rexxcps-rxtvm-clang-r5-profile-20-recorded-4,stdout,1,----- REXXCPS 2.2d -- Measuring cREXX clauses/second -----
timing-RexxCPS-rexxcps-rxtvm-clang-r5-profile-20-recorded-4,stdout,2, cREXX version is: macOS 64 crexx-1.0.0-beta.3+local.g3ad9890c139c.dirty 20260810
timing-RexxCPS-rexxcps-rxtvm-clang-r5-profile-20-recorded-4,stdout,3,       System is: macOS
timing-RexxCPS-rexxcps-rxtvm-clang-r5-profile-20-recorded-4,stdout,4,REXXCPS-PROVENANCE contract=canonical-default argv_count=0 initial_count=100 averaging=100
timing-RexxCPS-rexxcps-rxtvm-clang-r5-profile-20-recorded-4,stdout,5,        Averaged: 500 x 100 iterations of 1000 clauses (over 1.1 s)
timing-RexxCPS-rexxcps-rxtvm-clang-r5-profile-20-recorded-4,stdout,6,REXXCPS-EFFECTIVE contract=canonical-default initial_count=100 effective_count=500 averaging=100 calibrated=1
timing-RexxCPS-rexxcps-rxtvm-clang-r5-profile-20-recorded-4,stdout,7,
timing-RexxCPS-rexxcps-rxtvm-clang-r5-profile-20-recorded-4,stdout,8,     Performance: 46037124 cREXX clauses per second
timing-RexxCPS-rexxcps-rxtvm-clang-r5-profile-20-recorded-4,stdout,9,
timing-RexxCPS-rexxcps-rxtvm-clang-r5-profile-20-recorded-4,stdout,10,PASS: RexxCPS 2.2d cREXX port
timing-RexxCPS-rexxcps-rxbvm-clang-r5-profile-15-recorded-4,stdout,1,----- REXXCPS 2.2d -- Measuring cREXX clauses/second -----
timing-RexxCPS-rexxcps-rxbvm-clang-r5-profile-15-recorded-4,stdout,2, cREXX version is: macOS 64 crexx-1.0.0-beta.3+local.g3ad9890c139c.dirty 20260810
timing-RexxCPS-rexxcps-rxbvm-clang-r5-profile-15-recorded-4,stdout,3,       System is: macOS
timing-RexxCPS-rexxcps-rxbvm-clang-r5-profile-15-recorded-4,stdout,4,REXXCPS-PROVENANCE contract=canonical-default argv_count=0 initial_count=100 averaging=100
timing-RexxCPS-rexxcps-rxbvm-clang-r5-profile-15-recorded-4,stdout,5,        Averaged: 500 x 100 iterations of 1000 clauses (over 1.2 s)
timing-RexxCPS-rexxcps-rxbvm-clang-r5-profile-15-recorded-4,stdout,6,REXXCPS-EFFECTIVE contract=canonical-default initial_count=100 effective_count=500 averaging=100 calibrated=1
timing-RexxCPS-rexxcps-rxbvm-clang-r5-profile-15-recorded-4,stdout,7,
timing-RexxCPS-rexxcps-rxbvm-clang-r5-profile-15-recorded-4,stdout,8,     Performance: 42723650 cREXX clauses per second
timing-RexxCPS-rexxcps-rxbvm-clang-r5-profile-15-recorded-4,stdout,9,
timing-RexxCPS-rexxcps-rxbvm-clang-r5-profile-15-recorded-4,stdout,10,PASS: RexxCPS 2.2d cREXX port
timing-RexxCPS-rexxcps-rxtvm-clang-r5-profile-15-recorded-4,stdout,1,----- REXXCPS 2.2d -- Measuring cREXX clauses/second -----
timing-RexxCPS-rexxcps-rxtvm-clang-r5-profile-15-recorded-4,stdout,2, cREXX version is: macOS 64 crexx-1.0.0-beta.3+local.g3ad9890c139c.dirty 20260810
timing-RexxCPS-rexxcps-rxtvm-clang-r5-profile-15-recorded-4,stdout,3,       System is: macOS
timing-RexxCPS-rexxcps-rxtvm-clang-r5-profile-15-recorded-4,stdout,4,REXXCPS-PROVENANCE contract=canonical-default argv_count=0 initial_count=100 averaging=100
timing-RexxCPS-rexxcps-rxtvm-clang-r5-profile-15-recorded-4,stdout,5,        Averaged: 500 x 100 iterations of 1000 clauses (over 1.1 s)
timing-RexxCPS-rexxcps-rxtvm-clang-r5-profile-15-recorded-4,stdout,6,REXXCPS-EFFECTIVE contract=canonical-default initial_count=100 effective_count=500 averaging=100 calibrated=1
timing-RexxCPS-rexxcps-rxtvm-clang-r5-profile-15-recorded-4,stdout,7,
timing-RexxCPS-rexxcps-rxtvm-clang-r5-profile-15-recorded-4,stdout,8,     Performance: 44291217 cREXX clauses per second
timing-RexxCPS-rexxcps-rxtvm-clang-r5-profile-15-recorded-4,stdout,9,
timing-RexxCPS-rexxcps-rxtvm-clang-r5-profile-15-recorded-4,stdout,10,PASS: RexxCPS 2.2d cREXX port
timing-RexxCPS-rexxcps-rxbvm-clang-r5-profile-10-recorded-4,stdout,1,----- REXXCPS 2.2d -- Measuring cREXX clauses/second -----
timing-RexxCPS-rexxcps-rxbvm-clang-r5-profile-10-recorded-4,stdout,2, cREXX version is: macOS 64 crexx-1.0.0-beta.3+local.g3ad9890c139c.dirty 20260810
timing-RexxCPS-rexxcps-rxbvm-clang-r5-profile-10-recorded-4,stdout,3,       System is: macOS
timing-RexxCPS-rexxcps-rxbvm-clang-r5-profile-10-recorded-4,stdout,4,REXXCPS-PROVENANCE contract=canonical-default argv_count=0 initial_count=100 averaging=100
timing-RexxCPS-rexxcps-rxbvm-clang-r5-profile-10-recorded-4,stdout,5,        Averaged: 400 x 100 iterations of 1000 clauses (over 1.0 s)
timing-RexxCPS-rexxcps-rxbvm-clang-r5-profile-10-recorded-4,stdout,6,REXXCPS-EFFECTIVE contract=canonical-default initial_count=100 effective_count=400 averaging=100 calibrated=1
timing-RexxCPS-rexxcps-rxbvm-clang-r5-profile-10-recorded-4,stdout,7,
timing-RexxCPS-rexxcps-rxbvm-clang-r5-profile-10-recorded-4,stdout,8,     Performance: 39208613 cREXX clauses per second
timing-RexxCPS-rexxcps-rxbvm-clang-r5-profile-10-recorded-4,stdout,9,
timing-RexxCPS-rexxcps-rxbvm-clang-r5-profile-10-recorded-4,stdout,10,PASS: RexxCPS 2.2d cREXX port
timing-RexxCPS-rexxcps-rxtvm-clang-r5-profile-10-recorded-4,stdout,1,----- REXXCPS 2.2d -- Measuring cREXX clauses/second -----
timing-RexxCPS-rexxcps-rxtvm-clang-r5-profile-10-recorded-4,stdout,2, cREXX version is: macOS 64 crexx-1.0.0-beta.3+local.g3ad9890c139c.dirty 20260810
timing-RexxCPS-rexxcps-rxtvm-clang-r5-profile-10-recorded-4,stdout,3,       System is: macOS
timing-RexxCPS-rexxcps-rxtvm-clang-r5-profile-10-recorded-4,stdout,4,REXXCPS-PROVENANCE contract=canonical-default argv_count=0 initial_count=100 averaging=100
timing-RexxCPS-rexxcps-rxtvm-clang-r5-profile-10-recorded-4,stdout,5,        Averaged: 400 x 100 iterations of 1000 clauses (over 1.0 s)
timing-RexxCPS-rexxcps-rxtvm-clang-r5-profile-10-recorded-4,stdout,6,REXXCPS-EFFECTIVE contract=canonical-default initial_count=100 effective_count=400 averaging=100 calibrated=1
timing-RexxCPS-rexxcps-rxtvm-clang-r5-profile-10-recorded-4,stdout,7,
timing-RexxCPS-rexxcps-rxtvm-clang-r5-profile-10-recorded-4,stdout,8,     Performance: 39558097 cREXX clauses per second
timing-RexxCPS-rexxcps-rxtvm-clang-r5-profile-10-recorded-4,stdout,9,
timing-RexxCPS-rexxcps-rxtvm-clang-r5-profile-10-recorded-4,stdout,10,PASS: RexxCPS 2.2d cREXX port
timing-RexxCPS-rexxcps-rxbvm-clang-r5-profile-5-recorded-4,stdout,1,----- REXXCPS 2.2d -- Measuring cREXX clauses/second -----
timing-RexxCPS-rexxcps-rxbvm-clang-r5-profile-5-recorded-4,stdout,2, cREXX version is: macOS 64 crexx-1.0.0-beta.3+local.g3ad9890c139c.dirty 20260810
timing-RexxCPS-rexxcps-rxbvm-clang-r5-profile-5-recorded-4,stdout,3,       System is: macOS
timing-RexxCPS-rexxcps-rxbvm-clang-r5-profile-5-recorded-4,stdout,4,REXXCPS-PROVENANCE contract=canonical-default argv_count=0 initial_count=100 averaging=100
timing-RexxCPS-rexxcps-rxbvm-clang-r5-profile-5-recorded-4,stdout,5,        Averaged: 400 x 100 iterations of 1000 clauses (over 1.2 s)
timing-RexxCPS-rexxcps-rxbvm-clang-r5-profile-5-recorded-4,stdout,6,REXXCPS-EFFECTIVE contract=canonical-default initial_count=100 effective_count=400 averaging=100 calibrated=1
timing-RexxCPS-rexxcps-rxbvm-clang-r5-profile-5-recorded-4,stdout,7,
timing-RexxCPS-rexxcps-rxbvm-clang-r5-profile-5-recorded-4,stdout,8,     Performance: 32451965 cREXX clauses per second
timing-RexxCPS-rexxcps-rxbvm-clang-r5-profile-5-recorded-4,stdout,9,
timing-RexxCPS-rexxcps-rxbvm-clang-r5-profile-5-recorded-4,stdout,10,PASS: RexxCPS 2.2d cREXX port
timing-RexxCPS-rexxcps-rxtvm-clang-r5-profile-5-recorded-4,stdout,1,----- REXXCPS 2.2d -- Measuring cREXX clauses/second -----
timing-RexxCPS-rexxcps-rxtvm-clang-r5-profile-5-recorded-4,stdout,2, cREXX version is: macOS 64 crexx-1.0.0-beta.3+local.g3ad9890c139c.dirty 20260810
timing-RexxCPS-rexxcps-rxtvm-clang-r5-profile-5-recorded-4,stdout,3,       System is: macOS
timing-RexxCPS-rexxcps-rxtvm-clang-r5-profile-5-recorded-4,stdout,4,REXXCPS-PROVENANCE contract=canonical-default argv_count=0 initial_count=100 averaging=100
timing-RexxCPS-rexxcps-rxtvm-clang-r5-profile-5-recorded-4,stdout,5,        Averaged: 400 x 100 iterations of 1000 clauses (over 1.2 s)
timing-RexxCPS-rexxcps-rxtvm-clang-r5-profile-5-recorded-4,stdout,6,REXXCPS-EFFECTIVE contract=canonical-default initial_count=100 effective_count=400 averaging=100 calibrated=1
timing-RexxCPS-rexxcps-rxtvm-clang-r5-profile-5-recorded-4,stdout,7,
timing-RexxCPS-rexxcps-rxtvm-clang-r5-profile-5-recorded-4,stdout,8,     Performance: 32578596 cREXX clauses per second
timing-RexxCPS-rexxcps-rxtvm-clang-r5-profile-5-recorded-4,stdout,9,
timing-RexxCPS-rexxcps-rxtvm-clang-r5-profile-5-recorded-4,stdout,10,PASS: RexxCPS 2.2d cREXX port
