Test project /Users/adrian/CLionProjects/CREXX/cmake-build-debug
          Start  958: test_signal_block_bin_build
   1/1972 Test  #958: test_signal_block_bin_build ...................................   Passed    0.06 sec
          Start    1: linked_opt_runtime_artifacts_build
   2/1972 Test    #1: linked_opt_runtime_artifacts_build ............................   Passed    0.06 sec
          Start  946: test_parse_bin_build
   3/1972 Test  #946: test_parse_bin_build ..........................................   Passed    0.06 sec
          Start 1011: test_substr_bin_build
   4/1972 Test #1011: test_substr_bin_build .........................................   Passed    0.05 sec
          Start  969: test_trace_exit_bin_build
   5/1972 Test  #969: test_trace_exit_bin_build .....................................   Passed    0.06 sec
          Start 1733: example_pprint_exit_artifacts_build
   6/1972 Test #1733: example_pprint_exit_artifacts_build ...........................   Passed    0.06 sec
          Start  949: test_parse_direct_bin_build
   7/1972 Test  #949: test_parse_direct_bin_build ...................................   Passed    0.06 sec
          Start  955: test_signal_direct_bin_build
   8/1972 Test  #955: test_signal_direct_bin_build ..................................   Passed    0.06 sec
          Start 1008: test_rexxscript_direct_bin_build
   9/1972 Test #1008: test_rexxscript_direct_bin_build ..............................   Passed    0.05 sec
          Start  928: test_address_bin_build
  10/1972 Test  #928: test_address_bin_build ........................................   Passed    0.06 sec
          Start  972: test_trace_negated_string_bin_build
  11/1972 Test  #972: test_trace_negated_string_bin_build ...........................   Passed    0.06 sec
          Start  975: test_trace_results_bin_build
  12/1972 Test  #975: test_trace_results_bin_build ..................................   Passed    0.06 sec
          Start  952: test_signal_bin_build
  13/1972 Test  #952: test_signal_bin_build .........................................   Passed    0.06 sec
          Start  937: test_add_bin_build
  14/1972 Test  #937: test_add_bin_build ............................................   Passed    0.06 sec
          Start 1000: test_trace_namespace_commands_bin_build
  15/1972 Test #1000: test_trace_namespace_commands_bin_build .......................   Passed    0.06 sec
          Start  943: test_msay_bin_build
  16/1972 Test  #943: test_msay_bin_build ...........................................   Passed    0.06 sec
          Start  934: test_execio_bin_build
  17/1972 Test  #934: test_execio_bin_build .........................................   Passed    0.06 sec
          Start 1005: test_rexxscript_bin_build
  18/1972 Test #1005: test_rexxscript_bin_build .....................................   Passed    0.06 sec
          Start  925: test_sortx_bin_build
  19/1972 Test  #925: test_sortx_bin_build ..........................................   Passed    0.05 sec
          Start  961: reference_source_invalid_signal_bin_build
  20/1972 Test  #961: reference_source_invalid_signal_bin_build .....................   Passed    0.05 sec
          Start 1014: test_dummy_bin_build
  21/1972 Test #1014: test_dummy_bin_build ..........................................   Passed    0.05 sec
          Start  922: test_sort_bin_build
  22/1972 Test  #922: test_sort_bin_build ...........................................   Passed    0.05 sec
          Start  919: test_query_bin_build
  23/1972 Test  #919: test_query_bin_build ..........................................   Passed    0.05 sec
          Start  940: test_fsay_bin_build
  24/1972 Test  #940: test_fsay_bin_build ...........................................   Passed    0.06 sec
          Start  978: test_trace_llm_bin_build
  25/1972 Test  #978: test_trace_llm_bin_build ......................................   Passed    0.06 sec
          Start  916: test_dump_bin_build
  26/1972 Test  #916: test_dump_bin_build ...........................................   Passed    0.06 sec
          Start  981: test_trace_direct_bin_build
  27/1972 Test  #981: test_trace_direct_bin_build ...................................   Passed    0.06 sec
          Start  931: test_address_direct_bin_build
  28/1972 Test  #931: test_address_direct_bin_build .................................   Passed    0.06 sec
          Start 1731: example_array_formatting_artifacts_build
  29/1972 Test #1731: example_array_formatting_artifacts_build ......................   Passed    0.06 sec
          Start  912: rxc_diagnostic_localization
          Start 1840: benchmark_runner_noopt
          Start 1841: benchmark_runner_opt
          Start  553: imported_record_return_contract
          Start 1911: rxpa_signature_diagnostics
          Start  345: nr09_codegen_contract
          Start  554: do_forever_return_contract
          Start  352: perf2_07_binary_byvalue_contract
          Start  555: parse_levelg_contract
          Start 1850: inlining_simple_noopt
          Start  588: structured_exit_debug_run
          Start  911: rxc_diagnostic_catalogs
          Start 1958: crexx_spaced_source_smoke
          Start  568: mixed_aggregate_source_contract_stub_covariant
          Start 1536: test1_noopt
          Start 1538: crexxbrexx_noopt
          Start  569: source_extension_direct_defaults
          Start  349: perf2_04_certified_call
          Start  342: nr14_frozen_parse_contract
          Start 1263: rxpp_diagnostic_catalogs
          Start  910: highlight_editor_diagnostics
          Start 1880: inlining_complex_noopt
          Start   33: robustness_set6_main
          Start  344: nr09_numeric_context_contract
          Start  483: qualified_namespace_import_source_run_noopt
          Start   32: robustness_set4_main
          Start  543: interface_split_same_namespace_source_run_noopt
          Start  539: interface_import_provider_source_run_noopt
          Start  484: qualified_namespace_import_source_run_opt
          Start  549: qualified_interface_import_run_noopt
  30/1972 Test #1841: benchmark_runner_opt ..........................................   Passed    4.64 sec
          Start  544: interface_split_same_namespace_source_run_opt
  31/1972 Test #1840: benchmark_runner_noopt ........................................   Passed    4.87 sec
          Start  579: inline_reference_accessors_import_opt
  32/1972 Test #1880: inlining_complex_noopt ........................................   Passed    7.63 sec
          Start  540: interface_import_provider_source_run_opt
  33/1972 Test  #484: qualified_namespace_import_source_run_opt .....................   Passed    9.39 sec
          Start  545: interface_split_same_namespace_binary_run_noopt
  34/1972 Test  #483: qualified_namespace_import_source_run_noopt ...................   Passed    9.50 sec
          Start  550: qualified_interface_import_run_opt
  35/1972 Test  #549: qualified_interface_import_run_noopt ..........................   Passed    9.52 sec
          Start  485: qualified_namespace_import_binary_run_noopt
  36/1972 Test  #539: interface_import_provider_source_run_noopt ....................   Passed    9.76 sec
          Start  551: qualified_interface_binary_import_run_noopt
  37/1972 Test   #32: robustness_set4_main ..........................................   Passed    9.89 sec
          Start  547: interface_binary_covariant_run_noopt
  38/1972 Test  #543: interface_split_same_namespace_source_run_noopt ...............   Passed   10.00 sec
          Start  541: interface_import_provider_binary_run_noopt
  39/1972 Test #1538: crexxbrexx_noopt ..............................................   Passed   10.05 sec
          Start  546: interface_split_same_namespace_binary_run_opt
  40/1972 Test   #33: robustness_set6_main ..........................................   Passed   10.03 sec
          Start  552: qualified_interface_binary_import_run_opt
  41/1972 Test #1536: test1_noopt ...................................................   Passed   10.19 sec
          Start  542: interface_import_provider_binary_run_opt
  42/1972 Test #1263: rxpp_diagnostic_catalogs ......................................   Passed   10.52 sec
          Start  486: qualified_namespace_import_binary_run_opt
  43/1972 Test  #910: highlight_editor_diagnostics ..................................   Passed   10.69 sec
          Start  548: interface_binary_covariant_run_opt
  44/1972 Test  #344: nr09_numeric_context_contract .................................   Passed   11.57 sec
          Start  905: rxc_srcmap
  45/1972 Test  #569: source_extension_direct_defaults ..............................   Passed   12.42 sec
          Start  351: perf2_07_v3_representation
  46/1972 Test #1850: inlining_simple_noopt .........................................   Passed   12.71 sec
          Start  903: crexxsaa_status
  47/1972 Test  #911: rxc_diagnostic_catalogs .......................................   Passed   12.72 sec
          Start  901: dynamic_interface_load_driver
  48/1972 Test  #568: mixed_aggregate_source_contract_stub_covariant ................   Passed   13.84 sec
          Start 1827: benchmark_awfy_richards_opt
  49/1972 Test #1958: crexx_spaced_source_smoke .....................................   Passed   14.14 sec
          Start 1957: crexx_status_diagnostics
  50/1972 Test  #544: interface_split_same_namespace_source_run_opt .................   Passed   10.15 sec
          Start  346: nr26_flow_contract
  51/1972 Test #1827: benchmark_awfy_richards_opt ...................................   Passed    1.93 sec
          Start   29: robustness_set1_main
  52/1972 Test  #342: nr14_frozen_parse_contract ....................................   Passed   16.77 sec
          Start 1537: test1_opt
  53/1972 Test  #588: structured_exit_debug_run .....................................   Passed   17.63 sec
          Start   30: robustness_set2_main
  54/1972 Test  #540: interface_import_provider_source_run_opt ......................   Passed   10.17 sec
          Start  531: interface_match_source_import_run_noopt
  55/1972 Test  #579: inline_reference_accessors_import_opt .........................   Passed   14.13 sec
          Start 1539: crexxbrexx_opt
  56/1972 Test  #552: qualified_interface_binary_import_run_opt .....................   Passed    8.97 sec
          Start   31: robustness_set3_main
  57/1972 Test  #485: qualified_namespace_import_binary_run_noopt ...................   Passed    9.67 sec
          Start  535: interface_named_factory_source_import_run_noopt
  58/1972 Test  #542: interface_import_provider_binary_run_opt ......................   Passed    9.30 sec
          Start  527: interface_source_import_run_noopt
  59/1972 Test  #550: qualified_interface_import_run_opt ............................   Passed    9.99 sec
          Start  533: interface_match_binary_import_run_noopt
  60/1972 Test  #547: interface_binary_covariant_run_noopt ..........................   Passed    9.68 sec
          Start 1860: stringtreemap_insert_compare_noopt
  61/1972 Test  #551: qualified_interface_binary_import_run_noopt ...................   Passed    9.84 sec
          Start 1836: benchmark_rexxcps_levelb_noopt
  62/1972 Test  #545: interface_split_same_namespace_binary_run_noopt ...............   Passed   10.23 sec
          Start  537: interface_named_factory_binary_import_run_noopt
  63/1972 Test  #349: perf2_04_certified_call .......................................   Passed   19.74 sec
          Start  561: inline_ref_array_count_binary_opt
  64/1972 Test  #546: interface_split_same_namespace_binary_run_opt .................   Passed    9.77 sec
          Start  529: interface_binary_import_run_noopt
  65/1972 Test  #486: qualified_namespace_import_binary_run_opt .....................   Passed    9.34 sec
          Start 1258: rxpp_srcmap
  66/1972 Test  #548: interface_binary_covariant_run_opt ............................   Passed    9.20 sec
          Start 1257: rxpp_smoke
  67/1972 Test  #541: interface_import_provider_binary_run_noopt ....................   Passed    9.97 sec
          Start   26: rxc_register_flag_views
  68/1972 Test  #901: dynamic_interface_load_driver .................................   Passed    7.97 sec
          Start   22: rxc_binary_literal_load
  69/1972 Test  #905: rxc_srcmap ....................................................   Passed    9.09 sec
          Start  532: interface_match_source_import_run_opt
  70/1972 Test  #351: perf2_07_v3_representation ....................................   Passed    8.41 sec
          Start  528: interface_source_import_run_opt
  71/1972 Test  #903: crexxsaa_status ...............................................   Passed    8.28 sec
          Start   25: rxc_constants_levelb
  72/1972 Test #1537: test1_opt .....................................................   Passed    5.84 sec
          Start  536: interface_named_factory_source_import_run_opt
  73/1972 Test #1836: benchmark_rexxcps_levelb_noopt ................................   Passed    3.07 sec
          Start  534: interface_match_binary_import_run_opt
  74/1972 Test   #29: robustness_set1_main ..........................................   Passed    7.08 sec
          Start  530: interface_binary_import_run_opt
  75/1972 Test #1539: crexxbrexx_opt ................................................   Passed    5.82 sec
          Start  538: interface_named_factory_binary_import_run_opt
  76/1972 Test   #30: robustness_set2_main ..........................................   Passed    7.23 sec
          Start  347: perf2_04_inline_assembler_effects
  77/1972 Test  #531: interface_match_source_import_run_noopt .......................   Passed    7.23 sec
          Start  455: address_crexx_flush_visible_run_noopt
  78/1972 Test  #346: nr26_flow_contract ............................................   Passed   10.41 sec
          Start 1861: stringtreemap_insert_compare_opt
  79/1972 Test  #555: parse_levelg_contract .........................................   Passed   25.43 sec
          Start  560: inline_receiver_summary_fallback_binary_opt
  80/1972 Test #1860: stringtreemap_insert_compare_noopt ............................   Passed    6.06 sec
          Start  559: inline_summary_formal_fallback_binary_opt
  81/1972 Test   #31: robustness_set3_main ..........................................   Passed    7.39 sec
          Start  456: address_crexx_flush_visible_run_opt
  82/1972 Test #1257: rxpp_smoke ....................................................   Passed    6.55 sec
          Start 1259: rxpp_sh_srcmap
  83/1972 Test  #535: interface_named_factory_source_import_run_noopt ...............   Passed    7.36 sec
          Start  587: crxc_noargs_run
  84/1972 Test   #26: rxc_register_flag_views .......................................   Passed    6.59 sec
          Start  881: levelc_slice6_expressions_target_shape
  85/1972 Test  #533: interface_match_binary_import_run_noopt .......................   Passed    7.09 sec
          Start  882: levelc_slice6_expressions
  86/1972 Test #1258: rxpp_srcmap ...................................................   Passed    6.79 sec
          Start  874: levelc_slice4_bif_substr_target_shape
  87/1972 Test  #561: inline_ref_array_count_binary_opt .............................   Passed    7.01 sec
          Start  875: levelc_slice4_bif_substr
  88/1972 Test  #527: interface_source_import_run_noopt .............................   Passed    7.31 sec
          Start  876: levelc_slice4_procedure_args_return_target_shape
  89/1972 Test  #537: interface_named_factory_binary_import_run_noopt ...............   Passed    7.17 sec
          Start  880: levelc_slice5_stem_expose
  90/1972 Test #1957: crexx_status_diagnostics ......................................   Passed   12.77 sec
          Start 1952: crexx_headerless_rexx_levelc_smoke
  91/1972 Test  #529: interface_binary_import_run_noopt .............................   Passed    7.11 sec
          Start  879: levelc_slice5_stem_expose_target_shape
  92/1972 Test   #25: rxc_constants_levelb ..........................................   Passed    6.45 sec
          Start  871: levelc_slice2_procedure_expose
  93/1972 Test  #532: interface_match_source_import_run_opt .........................   Passed    6.80 sec
          Start  872: levelc_slice3_bif_length_target_shape
  94/1972 Test  #528: interface_source_import_run_opt ...............................   Passed    6.69 sec
          Start  867: levelc_slice1_target_shape
  95/1972 Test   #22: rxc_binary_literal_load .......................................   Passed    6.85 sec
          Start  878: levelc_slice4_call_args_expose
  96/1972 Test  #352: perf2_07_binary_byvalue_contract ..............................   Passed   28.82 sec
          Start  877: levelc_slice4_procedure_args_return
  97/1972 Test  #534: interface_match_binary_import_run_opt .........................   Passed    6.50 sec
          Start  873: levelc_slice3_bif_length
  98/1972 Test  #536: interface_named_factory_source_import_run_opt .................   Passed    6.63 sec
          Start  868: levelc_slice1_pool_say
  99/1972 Test  #530: interface_binary_import_run_opt ...............................   Passed    6.55 sec
          Start  870: levelc_slice2_procedure_expose_target_shape
 100/1972 Test #1861: stringtreemap_insert_compare_opt ..............................   Passed    4.74 sec
          Start  463: test_parse_statement_run_noopt
 101/1972 Test #1259: rxpp_sh_srcmap ................................................   Passed    4.50 sec
          Start 1260: rxpp_sh_default_lookup
 102/1972 Test  #455: address_crexx_flush_visible_run_noopt .........................   Passed    5.97 sec
          Start  457: lineout_flush_visible_run_noopt
 103/1972 Test  #538: interface_named_factory_binary_import_run_opt .................   Passed    6.53 sec
          Start  574: inline_receiver_nested_this_direct_placement_opt
 104/1972 Test  #882: levelc_slice6_expressions .....................................   Passed    4.84 sec
          Start  441: repro_rexx_compare_method_run_noopt
 105/1972 Test  #874: levelc_slice4_bif_substr_target_shape .........................   Passed    4.85 sec
          Start  443: repro_rexx_format_sign_gap_run_noopt
 106/1972 Test  #881: levelc_slice6_expressions_target_shape ........................   Passed    4.96 sec
          Start  464: test_parse_statement_run_opt
 107/1972 Test  #876: levelc_slice4_procedure_args_return_target_shape ..............   Passed    4.83 sec
          Start  451: test_explicit_address_run_noopt
 108/1972 Test  #875: levelc_slice4_bif_substr ......................................   Passed    4.97 sec
          Start  907: trace_stem_sugar
 109/1972 Test  #587: crxc_noargs_run ...............................................   Passed    5.21 sec
          Start  458: lineout_flush_visible_run_opt
 110/1972 Test  #880: levelc_slice5_stem_expose .....................................   Passed    4.99 sec
          Start  558: inline_summary_shape_fallback_binary_opt
 111/1972 Test  #879: levelc_slice5_stem_expose_target_shape ........................   Passed    4.98 sec
          Start  340: nr06_codegen_contract
 112/1972 Test  #560: inline_receiver_summary_fallback_binary_opt ...................   Passed    6.81 sec
          Start  188: loop_warn
 113/1972 Test  #867: levelc_slice1_target_shape ....................................   Passed    4.74 sec
          Start  452: test_explicit_address_run_opt
 114/1972 Test  #456: address_crexx_flush_visible_run_opt ...........................   Passed    5.84 sec
          Start  581: test_parse_arg_filename_run_args_noopt
 115/1972 Test  #871: levelc_slice2_procedure_expose ................................   Passed    4.88 sec
          Start  341: nr21_fixed_call_contract
 116/1972 Test  #878: levelc_slice4_call_args_expose ................................   Passed    4.79 sec
          Start  570: source_extension_standard_imports
 117/1972 Test  #554: do_forever_return_contract ....................................   Passed   32.52 sec
          Start  567: source_import_contract_stub_covariant_cycle
 118/1972 Test  #559: inline_summary_formal_fallback_binary_opt .....................   Passed    6.89 sec
          Start  798: syntaxhighlight_parse_keywords
 119/1972 Test  #872: levelc_slice3_bif_length_target_shape .........................   Passed    5.15 sec
          Start 1578: classlib_rexxdoc_coverage
 120/1972 Test  #347: perf2_04_inline_assembler_effects .............................   Passed    8.51 sec
          Start  449: implicit_address_indexed_stem_run_noopt
 121/1972 Test  #877: levelc_slice4_procedure_args_return ...........................   Passed    5.12 sec
          Start  447: repro_implicit_address_abuttal_run_noopt
 122/1972 Test  #868: levelc_slice1_pool_say ........................................   Passed    4.97 sec
          Start  507: interface_showcase_same_module_run_noopt
 123/1972 Test  #873: levelc_slice3_bif_length ......................................   Passed    5.09 sec
          Start  461: test_implicit_address_run_noopt
 124/1972 Test  #870: levelc_slice2_procedure_expose_target_shape ...................   Passed    5.03 sec
          Start  511: interface_match_same_module_run_noopt
 125/1972 Test  #463: test_parse_statement_run_noopt ................................   Passed    5.01 sec
          Start  473: binary_memory_source_run_noopt
 126/1972 Test #1260: rxpp_sh_default_lookup ........................................   Passed    4.56 sec
          Start  597: test_array_edge_run_noopt
 127/1972 Test  #574: inline_receiver_nested_this_direct_placement_opt ..............   Passed    4.17 sec
          Start  505: interface_multi_interface_same_module_run_noopt
 128/1972 Test  #457: lineout_flush_visible_run_noopt ...............................   Passed    4.74 sec
          Start  519: interface_named_factory_tiebreak_run_noopt
 129/1972 Test  #441: repro_rexx_compare_method_run_noopt ...........................   Passed    4.69 sec
          Start  751: test_if_no_subscope_run_noopt
 130/1972 Test  #451: test_explicit_address_run_noopt ...............................   Passed    4.62 sec
          Start  517: interface_named_factory_same_module_run_noopt
 131/1972 Test  #443: repro_rexx_format_sign_gap_run_noopt ..........................   Passed    4.76 sec
          Start  459: optional_arg_presence_copy_run_noopt
 132/1972 Test  #464: test_parse_statement_run_opt ..................................   Passed    4.77 sec
          Start  753: test_untyped_subscopes_run_noopt
 133/1972 Test  #345: nr09_codegen_contract .........................................   Passed   36.36 sec
          Start  605: test_lib_boundary_run_noopt
 134/1972 Test  #458: lineout_flush_visible_run_opt .................................   Passed    4.62 sec
          Start  761: test_sub_sub_scopes_untyped_run_noopt
 135/1972 Test  #570: source_extension_standard_imports .............................   Passed    4.13 sec
          Start  407: array_mutation_statements_run_noopt
 136/1972 Test  #581: test_parse_arg_filename_run_args_noopt ........................   Passed    4.26 sec
          Start  609: div_ops_classic_run_noopt
 137/1972 Test  #567: source_import_contract_stub_covariant_cycle ...................   Passed    4.07 sec
          Start  655: assembler_wide_operands_run_noopt
 138/1972 Test  #452: test_explicit_address_run_opt .................................   Passed    4.43 sec
          Start  409: block_expr_basic_run_noopt
 139/1972 Test #1578: classlib_rexxdoc_coverage .....................................   Passed    4.09 sec
          Start  603: scalar_type_casts_run_noopt
 140/1972 Test  #188: loop_warn .....................................................   Passed    4.54 sec
          Start  583: implicit_main_arg_compat_run_args_noopt
 141/1972 Test  #798: syntaxhighlight_parse_keywords ................................   Passed    4.24 sec
          Start  763: test_global_nested_complex_run_noopt
 142/1972 Test  #449: implicit_address_indexed_stem_run_noopt .......................   Passed    4.00 sec
          Start  475: binary_memory_span_oob_run_noopt
 143/1972 Test  #447: repro_implicit_address_abuttal_run_noopt ......................   Passed    4.03 sec
          Start  767: test_disjoint_detailed_run_noopt
 144/1972 Test  #507: interface_showcase_same_module_run_noopt ......................   Passed    4.02 sec
          Start  497: interface_factory_tiebreak_run_noopt
 145/1972 Test  #461: test_implicit_address_run_noopt ...............................   Passed    4.06 sec
          Start  469: class_attr_register_views_run_noopt
 146/1972 Test  #511: interface_match_same_module_run_noopt .........................   Passed    3.95 sec
          Start  445: numeric_mixed_compare_run_noopt
 147/1972 Test  #340: nr06_codegen_contract .........................................   Passed    6.63 sec
          Start  607: div_ops_common_run_noopt
 148/1972 Test #1952: crexx_headerless_rexx_levelc_smoke ............................   Passed   11.79 sec
          Start 1956: crexx_levelc_classic_runtime_smoke
 149/1972 Test  #473: binary_memory_source_run_noopt ................................   Passed    4.00 sec
          Start  601: binary_literal_load_run_noopt
 150/1972 Test  #558: inline_summary_shape_fallback_binary_opt ......................   Passed    7.16 sec
          Start  395: multiple_exposed_arrays_run_noopt
 151/1972 Test  #341: nr21_fixed_call_contract ......................................   Passed    6.69 sec
          Start  421: 08_select_run_noopt
 152/1972 Test  #505: interface_multi_interface_same_module_run_noopt ...............   Passed    3.77 sec
          Start  595: test_class_adv_run_noopt
 153/1972 Test  #597: test_array_edge_run_noopt .....................................   Passed    3.97 sec
          Start  749: test_iterative_do_subscope_run_noopt
 154/1972 Test  #519: interface_named_factory_tiebreak_run_noopt ....................   Passed    3.92 sec
          Start  389: repro_opt_args_run_noopt
 155/1972 Test  #517: interface_named_factory_same_module_run_noopt .................   Passed    3.90 sec
          Start  411: block_expr_short_circuit_run_noopt
 156/1972 Test  #459: optional_arg_presence_copy_run_noopt ..........................   Passed    3.95 sec
          Start  381: repro_expand_until_run_noopt
 157/1972 Test  #605: test_lib_boundary_run_noopt ...................................   Passed    3.95 sec
          Start  737: attr_array_call_result_lifetime_run_noopt
 158/1972 Test  #751: test_if_no_subscope_run_noopt .................................   Passed    4.14 sec
          Start  585: arg_compat_no_vargs_run_args_noopt
 159/1972 Test  #753: test_untyped_subscopes_run_noopt ..............................   Passed    4.01 sec
          Start  591: test_meth_vs_proc_run_noopt
 160/1972 Test  #761: test_sub_sub_scopes_untyped_run_noopt .........................   Passed    3.97 sec
          Start  611: classic_xor_run_noopt
 161/1972 Test  #407: array_mutation_statements_run_noopt ...........................   Passed    4.06 sec
          Start  617: test_global_subscopes_run_noopt
 162/1972 Test  #609: div_ops_classic_run_noopt .....................................   Passed    4.08 sec
          Start  765: test_function_shadowing_run_noopt
 163/1972 Test  #655: assembler_wide_operands_run_noopt .............................   Passed    4.07 sec
          Start  417: repro_sconcat_run_noopt
 164/1972 Test  #583: implicit_main_arg_compat_run_args_noopt .......................   Passed    3.90 sec
          Start  747: test_if_do_subscope_run_noopt
 165/1972 Test  #409: block_expr_basic_run_noopt ....................................   Passed    3.98 sec
          Start  745: test_simple_do_subscope_run_noopt
 166/1972 Test  #907: trace_stem_sugar ..............................................   Passed    8.99 sec
          Start  471: constants_levelb_payloads_run_noopt
 167/1972 Test  #603: scalar_type_casts_run_noopt ...................................   Passed    3.98 sec
          Start  415: repro_args_alias_run_noopt
 168/1972 Test  #763: test_global_nested_complex_run_noopt ..........................   Passed    4.03 sec
          Start  599: test_utf_math_run_noopt
 169/1972 Test  #475: binary_memory_span_oob_run_noopt ..............................   Passed    3.94 sec
          Start  589: test_obj_prop_run_noopt
 170/1972 Test  #767: test_disjoint_detailed_run_noopt ..............................   Passed    3.94 sec
          Start  755: test_untyped_subscope_2_run_noopt
 171/1972 Test  #497: interface_factory_tiebreak_run_noopt ..........................   Passed    3.93 sec
          Start  759: test_sub_sub_scopes_run_noopt
 172/1972 Test  #445: numeric_mixed_compare_run_noopt ...............................   Passed    4.02 sec
          Start  385: repro_array_trailing_concat_run_noopt
 173/1972 Test  #469: class_attr_register_views_run_noopt ...........................   Passed    4.04 sec
          Start  757: test_if_else_nested_subscopes_run_noopt
 174/1972 Test  #607: div_ops_common_run_noopt ......................................   Passed    4.00 sec
          Start  477: binary_memory_packed_lookup_run_noopt
 175/1972 Test  #601: binary_literal_load_run_noopt .................................   Passed    3.87 sec
          Start  377: repro_dotted_index_run_noopt
 176/1972 Test  #395: multiple_exposed_arrays_run_noopt .............................   Passed    3.95 sec
          Start  403: basic_strings_run_noopt
 177/1972 Test  #421: 08_select_run_noopt ...........................................   Passed    3.99 sec
          Start  479: literal_continuation_run_noopt
 178/1972 Test  #595: test_class_adv_run_noopt ......................................   Passed    3.88 sec
          Start  515: type_ops_fail_run_noopt
 179/1972 Test  #749: test_iterative_do_subscope_run_noopt ..........................   Passed    3.92 sec
          Start  387: stem_index_concat_run_noopt
 180/1972 Test  #389: repro_opt_args_run_noopt ......................................   Passed    3.85 sec
          Start  613: named_operators_run_noopt
 181/1972 Test  #381: repro_expand_until_run_noopt ..................................   Passed    4.00 sec
          Start  405: basic_arrays_run_noopt
 182/1972 Test  #411: block_expr_short_circuit_run_noopt ............................   Passed    4.08 sec
          Start  413: repro_args_parse_run_noopt
 183/1972 Test  #585: arg_compat_no_vargs_run_args_noopt ............................   Passed    3.97 sec
          Start  419: repro_strict_compare_run_noopt
 184/1972 Test  #591: test_meth_vs_proc_run_noopt ...................................   Passed    3.98 sec
          Start  401: basic_loops_run_noopt
 185/1972 Test  #611: classic_xor_run_noopt .........................................   Passed    3.93 sec
          Start  509: type_ops_showcase_run_noopt
 186/1972 Test  #737: attr_array_call_result_lifetime_run_noopt .....................   Passed    4.06 sec
          Start  593: function_arg_method_call_run_noopt
 187/1972 Test  #617: test_global_subscopes_run_noopt ...............................   Passed    3.94 sec
          Start  487: interface_tracer_run_noopt
 188/1972 Test #1911: rxpa_signature_diagnostics ....................................   Passed   44.55 sec
          Start  615: do_scope_typed_shadows_run_noopt
 189/1972 Test  #745: test_simple_do_subscope_run_noopt .............................   Passed    3.90 sec
          Start  465: qualified_namespace_same_module_run_noopt
 190/1972 Test  #747: test_if_do_subscope_run_noopt .................................   Passed    3.97 sec
          Start  379: int64_contract_run_noopt
 191/1972 Test  #765: test_function_shadowing_run_noopt .............................   Passed    4.06 sec
          Start  467: class_attr_string_promotion_run_noopt
 192/1972 Test  #417: repro_sconcat_run_noopt .......................................   Passed    4.01 sec
          Start  481: qualified_bif_direct_namespace_run_noopt
 193/1972 Test  #415: repro_args_alias_run_noopt ....................................   Passed    3.97 sec
          Start  513: interface_match_reject_single_run_noopt
 194/1972 Test  #471: constants_levelb_payloads_run_noopt ...........................   Passed    4.07 sec
          Start   21: rxc_invalid_binary_to_string_runtime
 195/1972 Test  #599: test_utf_math_run_noopt .......................................   Passed    3.96 sec
          Start  565: source_import_contract_stub_implements
 196/1972 Test  #589: test_obj_prop_run_noopt .......................................   Passed    4.02 sec
          Start  499: interface_no_impl_run_noopt
 197/1972 Test  #755: test_untyped_subscope_2_run_noopt .............................   Passed    4.04 sec
          Start  450: implicit_address_indexed_stem_run_opt
 198/1972 Test  #759: test_sub_sub_scopes_run_noopt .................................   Passed    4.00 sec
          Start  448: repro_implicit_address_abuttal_run_opt
 199/1972 Test  #385: repro_array_trailing_concat_run_noopt .........................   Passed    3.87 sec
          Start  383: repro_array_arg_run_noopt
 200/1972 Test  #757: test_if_else_nested_subscopes_run_noopt .......................   Passed    4.02 sec
          Start  462: test_implicit_address_run_opt
 201/1972 Test  #477: binary_memory_packed_lookup_run_noopt .........................   Passed    4.05 sec
          Start  442: repro_rexx_compare_method_run_opt
 202/1972 Test  #377: repro_dotted_index_run_noopt ..................................   Passed    4.05 sec
          Start  433: repro_duplicate_call_argument_run_noopt
 203/1972 Test  #479: literal_continuation_run_noopt ................................   Passed    3.97 sec
          Start  397: arg_semantics_object_run_noopt
 204/1972 Test  #403: basic_strings_run_noopt .......................................   Passed    4.08 sec
          Start  435: nr06_call_window_scalar_run_noopt
 205/1972 Test  #515: type_ops_fail_run_noopt .......................................   Passed    3.95 sec
          Start  797: syntaxhighlight_address_keywords
 206/1972 Test  #387: stem_index_concat_run_noopt ...................................   Passed    3.95 sec
          Start  521: interface_named_factory_no_impl_run_noopt
 207/1972 Test  #613: named_operators_run_noopt .....................................   Passed    4.04 sec
          Start  444: repro_rexx_format_sign_gap_run_opt
 208/1972 Test  #413: repro_args_parse_run_noopt ....................................   Passed    4.02 sec
          Start  474: binary_memory_source_run_opt
 209/1972 Test  #509: type_ops_showcase_run_noopt ...................................   Passed    4.00 sec
          Start  393: arg_semantics_array_run_noopt
 210/1972 Test  #593: function_arg_method_call_run_noopt ............................   Passed    4.05 sec
          Start 1851: inlining_simple_opt
 211/1972 Test  #401: basic_loops_run_noopt .........................................   Passed    4.09 sec
          Start  582: test_parse_arg_filename_run_args_opt
 212/1972 Test  #419: repro_strict_compare_run_noopt ................................   Passed    4.15 sec
          Start  621: inline_test2_run_noopt
 213/1972 Test  #405: basic_arrays_run_noopt ........................................   Passed    4.22 sec
          Start  619: inline_test1_run_noopt
 214/1972 Test  #487: interface_tracer_run_noopt ....................................   Passed    4.02 sec
          Start  562: inline_rhs_block_expr_concat_binary_opt
 215/1972 Test  #465: qualified_namespace_same_module_run_noopt .....................   Passed    4.00 sec
          Start  399: object_reference_regression_run_noopt
 216/1972 Test  #467: class_attr_string_promotion_run_noopt .........................   Passed    3.93 sec
          Start  361: reference_source_iterator_rxvm_noopt
 217/1972 Test  #615: do_scope_typed_shadows_run_noopt ..............................   Passed    4.11 sec
          Start  363: reference_source_iterator_rxbvm_noopt
 218/1972 Test  #379: int64_contract_run_noopt ......................................   Passed    4.10 sec
          Start  353: reference_source_explicit_rxvm_noopt
 219/1972 Test  #481: qualified_bif_direct_namespace_run_noopt ......................   Passed    4.14 sec
          Start  359: reference_source_contract_rxbvm_noopt
 220/1972 Test  #513: interface_match_reject_single_run_noopt .......................   Passed    4.11 sec
          Start  365: reference_source_dereference_live_rxvm_noopt
 221/1972 Test  #565: source_import_contract_stub_implements ........................   Passed    4.04 sec
          Start  888: levelc_slice6_expressions_tree_shape
 222/1972 Test   #21: rxc_invalid_binary_to_string_runtime ..........................   Passed    4.12 sec
          Start  373: reference_source_block_lifetime_rxvm_noopt
 223/1972 Test  #499: interface_no_impl_run_noopt ...................................   Passed    4.07 sec
          Start  357: reference_source_contract_rxvm_noopt
 224/1972 Test  #450: implicit_address_indexed_stem_run_opt .........................   Passed    3.84 sec
          Start  355: reference_source_explicit_rxbvm_noopt
 225/1972 Test  #442: repro_rexx_compare_method_run_opt .............................   Passed    3.67 sec
          Start  375: reference_source_block_lifetime_rxbvm_noopt
 226/1972 Test  #448: repro_implicit_address_abuttal_run_opt ........................   Passed    4.09 sec
          Start  367: reference_source_dereference_live_rxbvm_noopt
 227/1972 Test  #383: repro_array_arg_run_noopt .....................................   Passed    4.00 sec
          Start  572: source_extension_arbitrary_imports
 228/1972 Test  #462: test_implicit_address_run_opt .................................   Passed    3.89 sec
          Start  594: function_arg_method_call_run_opt
 229/1972 Test  #433: repro_duplicate_call_argument_run_noopt .......................   Passed    4.02 sec
          Start  600: test_utf_math_run_opt
 230/1972 Test  #435: nr06_call_window_scalar_run_noopt .............................   Passed    3.98 sec
          Start  390: repro_opt_args_run_opt
 231/1972 Test #1956: crexx_levelc_classic_runtime_smoke ............................   Passed   12.31 sec
          Start 1951: crexx_headerless_simple_smoke
 232/1972 Test  #397: arg_semantics_object_run_noopt ................................   Passed    4.04 sec
          Start  566: source_import_optional_factory_arg
 233/1972 Test  #797: syntaxhighlight_address_keywords ..............................   Passed    3.93 sec
          Start  852: syntaxhighlight_block_comment
 234/1972 Test  #521: interface_named_factory_no_impl_run_noopt .....................   Passed    3.84 sec
          Start  508: interface_showcase_same_module_run_opt
 235/1972 Test  #444: repro_rexx_format_sign_gap_run_opt ............................   Passed    3.85 sec
          Start  112: 15_imports_opt
 236/1972 Test #1851: inlining_simple_opt ...........................................   Passed    3.45 sec
          Start  420: repro_strict_compare_run_opt
 237/1972 Test  #474: binary_memory_source_run_opt ..................................   Passed    3.95 sec
          Start  748: test_if_do_subscope_run_opt
 238/1972 Test  #582: test_parse_arg_filename_run_args_opt ..........................   Passed    3.80 sec
          Start  885: levelc_slice4_bif_substr_tree_shape
 239/1972 Test  #621: inline_test2_run_noopt ........................................   Passed    3.97 sec
          Start  193: unused_import_used_proc_warn
 240/1972 Test  #619: inline_test1_run_noopt ........................................   Passed    3.97 sec
          Start  478: binary_memory_packed_lookup_run_opt
 241/1972 Test  #562: inline_rhs_block_expr_concat_binary_opt .......................   Passed    3.94 sec
          Start  738: attr_array_call_result_lifetime_run_opt
 242/1972 Test  #393: arg_semantics_array_run_noopt .................................   Passed    4.10 sec
          Start  480: literal_continuation_run_opt
 243/1972 Test  #399: object_reference_regression_run_noopt .........................   Passed    4.09 sec
          Start  602: binary_literal_load_run_opt
 244/1972 Test  #363: reference_source_iterator_rxbvm_noopt .........................   Passed    4.03 sec
          Start  476: binary_memory_span_oob_run_opt
 245/1972 Test  #361: reference_source_iterator_rxvm_noopt ..........................   Passed    4.11 sec
          Start  396: multiple_exposed_arrays_run_opt
 246/1972 Test  #353: reference_source_explicit_rxvm_noopt ..........................   Passed    4.06 sec
          Start  746: test_simple_do_subscope_run_opt
 247/1972 Test  #888: levelc_slice6_expressions_tree_shape ..........................   Passed    4.01 sec
          Start  101: 18_array_class_noopt
 248/1972 Test  #365: reference_source_dereference_live_rxvm_noopt ..................   Passed    4.06 sec
          Start  762: test_sub_sub_scopes_untyped_run_opt
 249/1972 Test  #373: reference_source_block_lifetime_rxvm_noopt ....................   Passed    4.01 sec
          Start  194: unused_import_used_type_warn
 250/1972 Test  #359: reference_source_contract_rxbvm_noopt .........................   Passed    4.16 sec
          Start  564: source_import_dotted_floats_decimal_opt
 251/1972 Test  #357: reference_source_contract_rxvm_noopt ..........................   Passed    3.93 sec
          Start 1919: rxpa_classdecl_static_compile_opt
 252/1972 Test  #355: reference_source_explicit_rxbvm_noopt .........................   Passed    3.93 sec
          Start  412: block_expr_short_circuit_run_opt
 253/1972 Test  #594: function_arg_method_call_run_opt ..............................   Passed    3.48 sec
          Start  406: basic_arrays_run_opt
 254/1972 Test  #572: source_extension_arbitrary_imports ............................   Passed    3.64 sec
          Start  378: repro_dotted_index_run_opt
 255/1972 Test  #375: reference_source_block_lifetime_rxbvm_noopt ...................   Passed    3.97 sec
          Start  380: int64_contract_run_opt
 256/1972 Test  #367: reference_source_dereference_live_rxbvm_noopt .................   Passed    3.97 sec
          Start  750: test_iterative_do_subscope_run_opt
 257/1972 Test  #600: test_utf_math_run_opt .........................................   Passed    3.50 sec
          Start  410: block_expr_basic_run_opt
 258/1972 Test  #566: source_import_optional_factory_arg ............................   Passed    3.53 sec
          Start  616: do_scope_typed_shadows_run_opt
 259/1972 Test  #390: repro_opt_args_run_opt ........................................   Passed    3.56 sec
          Start  606: test_lib_boundary_run_opt
 260/1972 Test  #508: interface_showcase_same_module_run_opt ........................   Passed    3.52 sec
          Start   34: robustness_set5_encapsulation
 261/1972 Test  #852: syntaxhighlight_block_comment .................................   Passed    3.76 sec
          Start  853: syntaxhighlight_comments_dash
 262/1972 Test  #112: 15_imports_opt ................................................   Passed    3.53 sec
          Start  111: 15_imports_noopt
 263/1972 Test  #420: repro_strict_compare_run_opt ..................................   Passed    3.52 sec
          Start  766: test_function_shadowing_run_opt
 264/1972 Test  #748: test_if_do_subscope_run_opt ...................................   Passed    3.42 sec
          Start  758: test_if_else_nested_subscopes_run_opt
 265/1972 Test  #738: attr_array_call_result_lifetime_run_opt .......................   Passed    3.36 sec
          Start  884: levelc_slice3_bif_length_tree_shape
 266/1972 Test  #478: binary_memory_packed_lookup_run_opt ...........................   Passed    3.41 sec
          Start  470: class_attr_register_views_run_opt
 267/1972 Test  #480: literal_continuation_run_opt ..................................   Passed    3.41 sec
          Start  598: test_array_edge_run_opt
 268/1972 Test  #912: rxc_diagnostic_localization ...................................   Passed   55.87 sec
          Start  618: test_global_subscopes_run_opt
 269/1972 Test  #193: unused_import_used_proc_warn ..................................   Passed    3.53 sec
          Start  592: test_meth_vs_proc_run_opt
 270/1972 Test  #885: levelc_slice4_bif_substr_tree_shape ...........................   Passed    3.80 sec
          Start  113: class_import_noopt
 271/1972 Test  #396: multiple_exposed_arrays_run_opt ...............................   Passed    3.42 sec
          Start  388: stem_index_concat_run_opt
 272/1972 Test  #476: binary_memory_span_oob_run_opt ................................   Passed    3.46 sec
          Start  883: levelc_slice2_procedure_expose_tree_shape
 273/1972 Test  #602: binary_literal_load_run_opt ...................................   Passed    3.59 sec
          Start  596: test_class_adv_run_opt
 274/1972 Test  #746: test_simple_do_subscope_run_opt ...............................   Passed    3.51 sec
          Start  584: implicit_main_arg_compat_run_args_opt
 275/1972 Test  #762: test_sub_sub_scopes_untyped_run_opt ...........................   Passed    3.52 sec
          Start  386: repro_array_trailing_concat_run_opt
 276/1972 Test  #194: unused_import_used_type_warn ..................................   Passed    3.55 sec
          Start  422: 08_select_run_opt
 277/1972 Test  #101: 18_array_class_noopt ..........................................   Passed    3.66 sec
          Start  114: class_import_opt
 278/1972 Test  #564: source_import_dotted_floats_decimal_opt .......................   Passed    3.62 sec
          Start  472: constants_levelb_payloads_run_opt
 279/1972 Test #1919: rxpa_classdecl_static_compile_opt .............................   Passed    3.31 sec
          Start  590: test_obj_prop_run_opt
 280/1972 Test  #412: block_expr_short_circuit_run_opt ..............................   Passed    3.41 sec
          Start  754: test_untyped_subscopes_run_opt
 281/1972 Test  #406: basic_arrays_run_opt ..........................................   Passed    3.41 sec
          Start  382: repro_expand_until_run_opt
 282/1972 Test  #378: repro_dotted_index_run_opt ....................................   Passed    3.47 sec
          Start  604: scalar_type_casts_run_opt
 283/1972 Test  #750: test_iterative_do_subscope_run_opt ............................   Passed    3.43 sec
          Start  404: basic_strings_run_opt
 284/1972 Test  #410: block_expr_basic_run_opt ......................................   Passed    3.38 sec
          Start  408: array_mutation_statements_run_opt
 285/1972 Test  #380: int64_contract_run_opt ........................................   Passed    3.55 sec
          Start  760: test_sub_sub_scopes_run_opt
 286/1972 Test  #616: do_scope_typed_shadows_run_opt ................................   Passed    3.45 sec
          Start  614: named_operators_run_opt
 287/1972 Test  #606: test_lib_boundary_run_opt .....................................   Passed    3.47 sec
          Start  414: repro_args_parse_run_opt
 288/1972 Test   #34: robustness_set5_encapsulation .................................   Passed    3.54 sec
          Start  610: div_ops_classic_run_opt
 289/1972 Test  #111: 15_imports_noopt ..............................................   Passed    3.40 sec
          Start  418: repro_sconcat_run_opt
 290/1972 Test  #853: syntaxhighlight_comments_dash .................................   Passed    3.57 sec
          Start  800: syntaxhighlight_top_level_statements
 291/1972 Test  #766: test_function_shadowing_run_opt ...............................   Passed    3.46 sec
          Start  586: arg_compat_no_vargs_run_args_opt
 292/1972 Test  #758: test_if_else_nested_subscopes_run_opt .........................   Passed    3.49 sec
          Start  752: test_if_no_subscope_run_opt
 293/1972 Test  #884: levelc_slice3_bif_length_tree_shape ...........................   Passed    3.53 sec
          Start  468: class_attr_string_promotion_run_opt
 294/1972 Test  #618: test_global_subscopes_run_opt .................................   Passed    3.46 sec
          Start  756: test_untyped_subscope_2_run_opt
 295/1972 Test  #592: test_meth_vs_proc_run_opt .....................................   Passed    3.42 sec
          Start  416: repro_args_alias_run_opt
 296/1972 Test  #598: test_array_edge_run_opt .......................................   Passed    3.50 sec
          Start  482: qualified_bif_direct_namespace_run_opt
 297/1972 Test  #470: class_attr_register_views_run_opt .............................   Passed    3.59 sec
          Start  446: numeric_mixed_compare_run_opt
 298/1972 Test  #113: class_import_noopt ............................................   Passed    3.61 sec
          Start  510: type_ops_showcase_run_opt
 299/1972 Test  #584: implicit_main_arg_compat_run_args_opt .........................   Passed    3.35 sec
          Start  764: test_global_nested_complex_run_opt
 300/1972 Test  #388: stem_index_concat_run_opt .....................................   Passed    3.56 sec
          Start  612: classic_xor_run_opt
 301/1972 Test  #883: levelc_slice2_procedure_expose_tree_shape .....................   Passed    3.54 sec
          Start 1261: rxpp_sh_tokens
 302/1972 Test  #596: test_class_adv_run_opt ........................................   Passed    3.64 sec
          Start  608: div_ops_common_run_opt
 303/1972 Test  #386: repro_array_trailing_concat_run_opt ...........................   Passed    3.60 sec
          Start  887: levelc_slice5_stem_expose_tree_shape
 304/1972 Test  #422: 08_select_run_opt .............................................   Passed    3.60 sec
          Start  460: optional_arg_presence_copy_run_opt
 305/1972 Test  #472: constants_levelb_payloads_run_opt .............................   Passed    3.48 sec
          Start  886: levelc_slice4_procedure_args_return_tree_shape
 306/1972 Test  #590: test_obj_prop_run_opt .........................................   Passed    3.45 sec
          Start  768: test_disjoint_detailed_run_opt
 307/1972 Test  #114: class_import_opt ..............................................   Passed    3.71 sec
          Start  516: type_ops_fail_run_opt
 308/1972 Test  #754: test_untyped_subscopes_run_opt ................................   Passed    3.46 sec
          Start  133: err_address_commandless_sandbox_fail
 309/1972 Test  #382: repro_expand_until_run_opt ....................................   Passed    3.42 sec
          Start  190: implicit_exit_reject_address_warn
 310/1972 Test  #604: scalar_type_casts_run_opt .....................................   Passed    3.53 sec
          Start  466: qualified_namespace_same_module_run_opt
 311/1972 Test  #404: basic_strings_run_opt .........................................   Passed    3.50 sec
          Start  869: levelc_generated_imports_no_unused_warning
 312/1972 Test  #760: test_sub_sub_scopes_run_opt ...................................   Passed    3.54 sec
          Start 1881: inlining_complex_opt
 313/1972 Test  #408: array_mutation_statements_run_opt .............................   Passed    3.56 sec
          Start  189: implicit_member_call_address_warn
 314/1972 Test  #614: named_operators_run_opt .......................................   Passed    3.54 sec
          Start  782: address_exit_extended_parse
 315/1972 Test  #414: repro_args_parse_run_opt ......................................   Passed    3.60 sec
          Start  913: rxc_diagnostic_raw
 316/1972 Test  #418: repro_sconcat_run_opt .........................................   Passed    3.52 sec
          Start   23: rxc_binary_memory_source
 317/1972 Test  #610: div_ops_classic_run_opt .......................................   Passed    3.62 sec
          Start  384: repro_array_arg_run_opt
 318/1972 Test  #800: syntaxhighlight_top_level_statements ..........................   Passed    3.72 sec
          Start  796: syntaxhighlight_exit_keyword
 319/1972 Test  #586: arg_compat_no_vargs_run_args_opt ..............................   Passed    3.52 sec
          Start  369: reference_source_inline_lifetime_rxvm_noopt
 320/1972 Test  #752: test_if_no_subscope_run_opt ...................................   Passed    3.61 sec
          Start  962: test_signal_bad_arg_diagnostic
 321/1972 Test  #468: class_attr_string_promotion_run_opt ...........................   Passed    3.54 sec
          Start  964: test_signal_no_arg_diagnostic
 322/1972 Test  #482: qualified_bif_direct_namespace_run_opt ........................   Passed    3.62 sec
          Start  187: err_parse_missing_arguments_fail
 323/1972 Test #1951: crexx_headerless_simple_smoke .................................   Passed   12.01 sec
          Start 1961: crexx_tool_output_path_policy
 324/1972 Test  #416: repro_args_alias_run_opt ......................................   Passed    3.68 sec
          Start  965: test_signal_missing_handler_diagnostic
 325/1972 Test  #446: numeric_mixed_compare_run_opt .................................   Passed    3.63 sec
          Start  506: interface_multi_interface_same_module_run_opt
 326/1972 Test  #756: test_untyped_subscope_2_run_opt ...............................   Passed    3.71 sec
          Start  963: test_signal_bad_return_diagnostic
 327/1972 Test #1261: rxpp_sh_tokens ................................................   Passed    3.59 sec
          Start  371: reference_source_inline_lifetime_rxbvm_noopt
 328/1972 Test  #510: type_ops_showcase_run_opt .....................................   Passed    3.66 sec
          Start  769: test_disjoint_detailed_warn
 329/1972 Test  #612: classic_xor_run_opt ...........................................   Passed    3.62 sec
          Start  362: reference_source_iterator_rxvm_opt
 330/1972 Test  #764: test_global_nested_complex_run_opt ............................   Passed    3.84 sec
          Start  364: reference_source_iterator_rxbvm_opt
 331/1972 Test  #608: div_ops_common_run_opt ........................................   Passed    3.67 sec
          Start  402: basic_loops_run_opt
 332/1972 Test  #460: optional_arg_presence_copy_run_opt ............................   Passed    3.54 sec
          Start  575: inline_receiver_detached_guard_opt
 333/1972 Test  #516: type_ops_fail_run_opt .........................................   Passed    3.51 sec
          Start 1002: test_trace_bad_abbreviation_diagnostic
 334/1972 Test  #887: levelc_slice5_stem_expose_tree_shape ..........................   Passed    3.77 sec
          Start 1001: test_trace_unknown_option_diagnostic
 335/1972 Test  #886: levelc_slice4_procedure_args_return_tree_shape ................   Passed    3.70 sec
          Start   24: rxc_binary_memory_packed_lookup
 336/1972 Test  #768: test_disjoint_detailed_run_opt ................................   Passed    3.71 sec
          Start  518: interface_named_factory_same_module_run_opt
 337/1972 Test  #133: err_address_commandless_sandbox_fail ..........................   Passed    3.59 sec
          Start  520: interface_named_factory_tiebreak_run_opt
 338/1972 Test  #190: implicit_exit_reject_address_warn .............................   Passed    3.54 sec
          Start  436: nr06_call_window_scalar_run_opt
 339/1972 Test  #466: qualified_namespace_same_module_run_opt .......................   Passed    3.46 sec
          Start  512: interface_match_same_module_run_opt
 340/1972 Test #1881: inlining_complex_opt ..........................................   Passed    3.23 sec
          Start  195: unused_import_inline_used_warn
 341/1972 Test  #869: levelc_generated_imports_no_unused_warning ....................   Passed    3.51 sec
          Start  434: repro_duplicate_call_argument_run_opt
 342/1972 Test  #189: implicit_member_call_address_warn .............................   Passed    3.62 sec
          Start  489: interface_runtime_dispatch_multi_run_noopt
 343/1972 Test  #913: rxc_diagnostic_raw ............................................   Passed    3.59 sec
          Start   53: address_expose_noopt
 344/1972 Test  #782: address_exit_extended_parse ...................................   Passed    3.75 sec
          Start  488: interface_tracer_run_opt
 345/1972 Test   #23: rxc_binary_memory_source ......................................   Passed    3.56 sec
          Start  192: unused_import_warn
 346/1972 Test  #384: repro_array_arg_run_opt .......................................   Passed    3.68 sec
          Start  398: arg_semantics_object_run_opt
 347/1972 Test  #796: syntaxhighlight_exit_keyword ..................................   Passed    3.72 sec
          Start  795: syntaxhighlight_structure_nodes
 348/1972 Test  #962: test_signal_bad_arg_diagnostic ................................   Passed    3.53 sec
          Start  498: interface_factory_tiebreak_run_opt
 349/1972 Test  #187: err_parse_missing_arguments_fail ..............................   Passed    3.45 sec
          Start  774: expr_ambig_01_parse
 350/1972 Test  #369: reference_source_inline_lifetime_rxvm_noopt ...................   Passed    4.10 sec
          Start 1915: rxpa_classdecl_static_compile_noopt
 351/1972 Test  #964: test_signal_no_arg_diagnostic .................................   Passed    3.67 sec
          Start   87: 11_scope_noopt
 352/1972 Test  #963: test_signal_bad_return_diagnostic .............................   Passed    3.56 sec
          Start  790: select_c_parse_parse
 353/1972 Test  #506: interface_multi_interface_same_module_run_opt .................   Passed    3.62 sec
          Start  557: inline_summary_version_fallback_binary_opt
 354/1972 Test  #965: test_signal_missing_handler_diagnostic ........................   Passed    3.70 sec
          Start  620: inline_test1_run_opt
 355/1972 Test  #769: test_disjoint_detailed_warn ...................................   Passed    3.51 sec
          Start 1913: rxpa_staticlink_compile_noopt
 356/1972 Test  #402: basic_loops_run_opt ...........................................   Passed    3.51 sec
          Start  500: interface_no_impl_run_opt
 357/1972 Test  #362: reference_source_iterator_rxvm_opt ............................   Passed    3.90 sec
          Start 1917: rxpa_staticlink_compile_opt
 358/1972 Test   #24: rxc_binary_memory_packed_lookup ...............................   Passed    3.50 sec
          Start   56: div_ops_common_opt
 359/1972 Test  #518: interface_named_factory_same_module_run_opt ...................   Passed    3.49 sec
          Start  176: binary_memory_compare_type_fail
 360/1972 Test #1001: test_trace_unknown_option_diagnostic ..........................   Passed    3.62 sec
          Start  789: select_classic_parse_parse
 361/1972 Test #1002: test_trace_bad_abbreviation_diagnostic ........................   Passed    3.66 sec
          Start   55: div_ops_common_noopt
 362/1972 Test  #371: reference_source_inline_lifetime_rxbvm_noopt ..................   Passed    4.13 sec
          Start   83: 09_nested_noopt
 363/1972 Test  #364: reference_source_iterator_rxbvm_opt ...........................   Passed    3.91 sec
          Start  152: reference_source_nested_type_fail
 364/1972 Test  #520: interface_named_factory_tiebreak_run_opt ......................   Passed    3.52 sec
          Start  788: block_expr_parse_parse
 365/1972 Test  #436: nr06_call_window_scalar_run_opt ...............................   Passed    3.57 sec
          Start  168: binary_memory_missing_length_argument_fail
 366/1972 Test  #512: interface_match_same_module_run_opt ...........................   Passed    3.52 sec
          Start  160: binary_memory_fixed_for_fail
 367/1972 Test  #434: repro_duplicate_call_argument_run_opt .........................   Passed    3.58 sec
          Start   66: 08_select_opt
 368/1972 Test  #195: unused_import_inline_used_warn ................................   Passed    3.74 sec
          Start  157: reference_source_deref_global_fail
 369/1972 Test   #53: address_expose_noopt ..........................................   Passed    3.46 sec
          Start  203: repro_opt_args_opt
 370/1972 Test  #488: interface_tracer_run_opt ......................................   Passed    3.52 sec
          Start  368: reference_source_dereference_live_rxbvm_opt
 371/1972 Test  #192: unused_import_warn ............................................   Passed    3.42 sec
          Start   85: 10_procs_noopt
 372/1972 Test  #489: interface_runtime_dispatch_multi_run_noopt ....................   Passed    4.01 sec
          Start  366: reference_source_dereference_live_rxvm_opt
 373/1972 Test  #398: arg_semantics_object_run_opt ..................................   Passed    3.52 sec
          Start  522: interface_named_factory_no_impl_run_opt
 374/1972 Test  #795: syntaxhighlight_structure_nodes ...............................   Passed    3.68 sec
          Start  791: syntaxhighlight_root_file
 375/1972 Test #1915: rxpa_classdecl_static_compile_noopt ...........................   Passed    3.25 sec
          Start   42: 04_literals_opt
 376/1972 Test  #498: interface_factory_tiebreak_run_opt ............................   Passed    3.48 sec
          Start   49: int64_fold_overflow_fail
 377/1972 Test  #774: expr_ambig_01_parse ...........................................   Passed    3.36 sec
          Start   52: strict_compare_codegen_opt
 378/1972 Test   #87: 11_scope_noopt ................................................   Passed    3.38 sec
          Start   58: div_ops_classic_opt
 379/1972 Test  #790: select_c_parse_parse ..........................................   Passed    3.40 sec
          Start  514: interface_match_reject_single_run_opt
 380/1972 Test #1913: rxpa_staticlink_compile_noopt .................................   Passed    3.32 sec
          Start  104: val_magic_01_opt
 381/1972 Test  #620: inline_test1_run_opt ..........................................   Passed    3.64 sec
          Start  174: binary_memory_compare_needle_type_fail
 382/1972 Test  #500: interface_no_impl_run_opt .....................................   Passed    3.43 sec
          Start   48: int64_literal_overflow_fail
 383/1972 Test #1917: rxpa_staticlink_compile_opt ...................................   Passed    3.51 sec
          Start 1912: rxpa_dynlink_compile_noopt
 384/1972 Test  #176: binary_memory_compare_type_fail ...............................   Passed    3.40 sec
          Start   50: int64_fold_division_zero_fail
 385/1972 Test   #56: div_ops_common_opt ............................................   Passed    3.48 sec
          Start  153: reference_source_deref_nonref_fail
 386/1972 Test   #55: div_ops_common_noopt ..........................................   Passed    3.36 sec
          Start   39: 03_calc_noopt
 387/1972 Test   #83: 09_nested_noopt ...............................................   Passed    3.37 sec
          Start   54: address_expose_opt
 388/1972 Test  #789: select_classic_parse_parse ....................................   Passed    3.52 sec
          Start  400: object_reference_regression_run_opt
 389/1972 Test  #152: reference_source_nested_type_fail .............................   Passed    3.50 sec
          Start  158: reference_source_refvalid_nonref_fail
 390/1972 Test  #788: block_expr_parse_parse ........................................   Passed    3.38 sec
          Start  156: reference_source_deref_index_fail
 391/1972 Test  #168: binary_memory_missing_length_argument_fail ....................   Passed    3.47 sec
 392/1972 Test  #160: binary_memory_fixed_for_fail ..................................   Passed    3.30 sec
          Start  108: opt_decimal_safety_opt
          Start  622: inline_test2_run_opt
 393/1972 Test   #66: 08_select_opt .................................................   Passed    3.33 sec
          Start  199: repro_expand_until_opt
 394/1972 Test  #157: reference_source_deref_global_fail ............................   Passed    3.33 sec
          Start  191: procedure_expose_no_duplicate_warn
 395/1972 Test  #203: repro_opt_args_opt ............................................   Passed    3.31 sec
          Start  134: err_block_expr_type_mismatch_fail
 396/1972 Test   #85: 10_procs_noopt ................................................   Passed    3.20 sec
          Start  571: source_extension_rexx_import_default
 397/1972 Test  #368: reference_source_dereference_live_rxbvm_opt ...................   Passed    3.46 sec
          Start 1918: rxpa_classdecl_dynamic_compile_opt
 398/1972 Test  #522: interface_named_factory_no_impl_run_opt .......................   Passed    3.37 sec
          Start  776: expr_ambig_03_parse
 399/1972 Test  #366: reference_source_dereference_live_rxvm_opt ....................   Passed    3.48 sec
          Start  785: do_counted_parse_parse
 400/1972 Test   #42: 04_literals_opt ...............................................   Passed    3.26 sec
          Start  121: array_mutation_bad_index_fail
 401/1972 Test   #49: int64_fold_overflow_fail ......................................   Passed    3.28 sec
          Start   65: 08_select_noopt
 402/1972 Test   #52: strict_compare_codegen_opt ....................................   Passed    3.25 sec
          Start   35: 01_assign_noopt
 403/1972 Test  #791: syntaxhighlight_root_file .....................................   Passed    3.61 sec
          Start  793: syntaxhighlight_srcmap_generated
 404/1972 Test #1961: crexx_tool_output_path_policy .................................   Passed   10.22 sec
          Start 1959: crexx_crxc_noargs_smoke
 405/1972 Test   #58: div_ops_classic_opt ...........................................   Passed    3.34 sec
          Start  119: err_05_setter_fail
 406/1972 Test  #514: interface_match_reject_single_run_opt .........................   Passed    3.30 sec
          Start  110: opt_numeric_safety_opt
 407/1972 Test  #104: val_magic_01_opt ..............................................   Passed    3.44 sec
          Start  155: reference_source_deref_attr_fail
 408/1972 Test  #174: binary_memory_compare_needle_type_fail ........................   Passed    3.22 sec
          Start  162: binary_memory_readonly_write_fail
 409/1972 Test   #48: int64_literal_overflow_fail ...................................   Passed    3.25 sec
          Start   57: div_ops_classic_noopt
 410/1972 Test   #50: int64_fold_division_zero_fail .................................   Passed    3.22 sec
          Start  215: basic_strings_opt
 411/1972 Test  #153: reference_source_deref_nonref_fail ............................   Passed    3.23 sec
          Start  656: assembler_wide_operands_run_opt
 412/1972 Test #1912: rxpa_dynlink_compile_noopt ....................................   Passed    3.30 sec
          Start   45: 05_ops_classic_noopt
 413/1972 Test  #557: inline_summary_version_fallback_binary_opt ....................   Passed    7.37 sec
          Start  109: opt_numeric_safety_noopt
 414/1972 Test   #39: 03_calc_noopt .................................................   Passed    3.33 sec
          Start  784: do_simple_parse_parse
 415/1972 Test  #156: reference_source_deref_index_fail .............................   Passed    3.17 sec
          Start  124: array_mutation_scalar_target_fail
 416/1972 Test   #54: address_expose_opt ............................................   Passed    3.52 sec
          Start  105: val_magic_02_noopt
 417/1972 Test  #158: reference_source_refvalid_nonref_fail .........................   Passed    3.40 sec
          Start  107: opt_decimal_safety_noopt
 418/1972 Test  #108: opt_decimal_safety_opt ........................................   Passed    3.26 sec
          Start 1916: rxpa_dynlink_compile_opt
 419/1972 Test  #400: object_reference_regression_run_opt ...........................   Passed    3.63 sec
          Start   99: 17_string_arrays_noopt
 420/1972 Test  #622: inline_test2_run_opt ..........................................   Passed    3.47 sec
          Start  906: trace_event_metadata
 421/1972 Test  #199: repro_expand_until_opt ........................................   Passed    3.23 sec
          Start  159: binary_memory_invalid_storage_fail
 422/1972 Test  #191: procedure_expose_no_duplicate_warn ............................   Passed    3.20 sec
          Start   68: test_select_classic_opt
 423/1972 Test  #134: err_block_expr_type_mismatch_fail .............................   Passed    3.25 sec
          Start  130: err_register_flag_compiler_write_fail
 424/1972 Test  #571: source_extension_rexx_import_default ..........................   Passed    3.28 sec
          Start   41: 04_literals_noopt
 425/1972 Test #1918: rxpa_classdecl_dynamic_compile_opt ............................   Passed    3.28 sec
          Start   88: 11_scope_opt
 426/1972 Test  #785: do_counted_parse_parse ........................................   Passed    3.18 sec
          Start 1914: rxpa_classdecl_dynamic_compile_noopt
 427/1972 Test  #776: expr_ambig_03_parse ...........................................   Passed    3.18 sec
          Start   44: 05_ops_common_opt
 428/1972 Test  #575: inline_receiver_detached_guard_opt ............................   Passed   12.49 sec
          Start  120: err_06_missing_method_fail
 429/1972 Test  #121: array_mutation_bad_index_fail .................................   Passed    3.19 sec
          Start   51: strict_compare_codegen_noopt
 430/1972 Test   #35: 01_assign_noopt ...............................................   Passed    3.16 sec
          Start  173: binary_memory_compare_explicit_length_fail
 431/1972 Test   #65: 08_select_noopt ...............................................   Passed    3.30 sec
          Start  220: block_expr_short_circuit_noopt
 432/1972 Test  #110: opt_numeric_safety_opt ........................................   Passed    3.20 sec
          Start  139: err_leave_with_not_in_block_fail
 433/1972 Test  #119: err_05_setter_fail ............................................   Passed    3.30 sec
          Start   37: 02_flow_noopt
 434/1972 Test  #793: syntaxhighlight_srcmap_generated ..............................   Passed    3.62 sec
          Start  794: syntaxhighlight_compound_names
 435/1972 Test  #155: reference_source_deref_attr_fail ..............................   Passed    3.19 sec
          Start   62: named_operators_opt
 436/1972 Test  #162: binary_memory_readonly_write_fail .............................   Passed    3.25 sec
          Start   60: 06_logic_opt
 437/1972 Test   #57: div_ops_classic_noopt .........................................   Passed    3.21 sec
          Start  116: err_01_type_fail
 438/1972 Test  #215: basic_strings_opt .............................................   Passed    3.26 sec
          Start  787: do_until_parse_parse
 439/1972 Test   #45: 05_ops_classic_noopt ..........................................   Passed    3.19 sec
          Start   67: test_select_classic_noopt
 440/1972 Test  #109: opt_numeric_safety_noopt ......................................   Passed    3.27 sec
          Start  218: block_expr_basic_noopt
 441/1972 Test  #784: do_simple_parse_parse .........................................   Passed    3.23 sec
          Start   92: array_mutation_statements_opt
 442/1972 Test  #656: assembler_wide_operands_run_opt ...............................   Passed    3.53 sec
          Start   61: named_operators_noopt
 443/1972 Test  #124: array_mutation_scalar_target_fail .............................   Passed    3.31 sec
          Start   40: 03_calc_opt
 444/1972 Test  #105: val_magic_02_noopt ............................................   Passed    3.28 sec
          Start   89: 12_arrays_lvlb_noopt
 445/1972 Test  #107: opt_decimal_safety_noopt ......................................   Passed    3.29 sec
          Start  151: reference_source_ref_target_fail
 446/1972 Test #1916: rxpa_dynlink_compile_opt ......................................   Passed    3.31 sec
          Start  771: expr_abut_02_parse
 447/1972 Test   #99: 17_string_arrays_noopt ........................................   Passed    3.24 sec
          Start  772: expr_abut_03_parse
 448/1972 Test  #906: trace_event_metadata ..........................................   Passed    3.31 sec
          Start  106: val_magic_02_opt
 449/1972 Test   #68: test_select_classic_opt .......................................   Passed    3.23 sec
          Start  103: val_magic_01_noopt
 450/1972 Test  #159: binary_memory_invalid_storage_fail ............................   Passed    3.31 sec
          Start  773: expr_abut_04_parse
 451/1972 Test  #130: err_register_flag_compiler_write_fail .........................   Passed    3.17 sec
          Start  118: err_04_getter_fail
 452/1972 Test   #41: 04_literals_noopt .............................................   Passed    3.27 sec
          Start   59: 06_logic_noopt
 453/1972 Test #1914: rxpa_classdecl_dynamic_compile_noopt ..........................   Passed    3.12 sec
          Start   91: array_mutation_statements_noopt
 454/1972 Test   #88: 11_scope_opt ..................................................   Passed    3.23 sec
          Start  775: expr_ambig_02_parse
 455/1972 Test   #44: 05_ops_common_opt .............................................   Passed    3.19 sec
          Start  154: reference_source_deref_expr_fail
 456/1972 Test  #120: err_06_missing_method_fail ....................................   Passed    3.17 sec
          Start  164: binary_memory_target_not_binary_fail
 457/1972 Test  #173: binary_memory_compare_explicit_length_fail ....................   Passed    3.15 sec
          Start   70: test_select_c_opt
 458/1972 Test   #51: strict_compare_codegen_noopt ..................................   Passed    3.18 sec
          Start  161: binary_memory_missing_offset_fail
 459/1972 Test  #220: block_expr_short_circuit_noopt ................................   Passed    3.22 sec
          Start   86: 10_procs_opt
 460/1972 Test  #139: err_leave_with_not_in_block_fail ..............................   Passed    3.12 sec
          Start  216: basic_arrays_noopt
 461/1972 Test   #37: 02_flow_noopt .................................................   Passed    3.15 sec
          Start   36: 01_assign_opt
 462/1972 Test   #62: named_operators_opt ...........................................   Passed    3.09 sec
          Start  125: err_symbol_boundary_whitespace_fail
 463/1972 Test   #60: 06_logic_opt ..................................................   Passed    3.19 sec
          Start   43: 05_ops_common_noopt
 464/1972 Test  #116: err_01_type_fail ..............................................   Passed    3.16 sec
          Start  163: binary_memory_span_write_fail
 465/1972 Test  #794: syntaxhighlight_compound_names ................................   Passed    3.55 sec
          Start  172: binary_memory_compare_arguments_fail
 466/1972 Test   #67: test_select_classic_noopt .....................................   Passed    3.18 sec
          Start  165: binary_memory_length_required_fail
 467/1972 Test  #787: do_until_parse_parse ..........................................   Passed    3.35 sec
          Start   69: test_select_c_noopt
 468/1972 Test   #92: array_mutation_statements_opt .................................   Passed    3.23 sec
          Start  136: err_block_expr_leave_plain_fail
 469/1972 Test  #218: block_expr_basic_noopt ........................................   Passed    3.31 sec
          Start  100: 17_string_arrays_opt
 470/1972 Test   #40: 03_calc_opt ...................................................   Passed    3.20 sec
          Start  135: err_block_expr_no_leave_fail
 471/1972 Test   #89: 12_arrays_lvlb_noopt ..........................................   Passed    3.22 sec
          Start  123: array_mutation_fixed_target_fail
 472/1972 Test   #61: named_operators_noopt .........................................   Passed    3.28 sec
          Start   38: 02_flow_opt
 473/1972 Test  #151: reference_source_ref_target_fail ..............................   Passed    3.22 sec
          Start  221: block_expr_short_circuit_opt
 474/1972 Test #1959: crexx_crxc_noargs_smoke .......................................   Passed    7.62 sec
          Start 1965: crexx_nocompile_exec_smoke
 475/1972 Test  #772: expr_abut_03_parse ............................................   Passed    3.19 sec
          Start  122: array_mutation_bad_value_fail
 476/1972 Test  #771: expr_abut_02_parse ............................................   Passed    3.33 sec
          Start  171: binary_memory_blen_target_not_binary_fail
 477/1972 Test  #106: val_magic_02_opt ..............................................   Passed    3.33 sec
          Start  198: repro_expand_until_noopt
 478/1972 Test  #103: val_magic_01_noopt ............................................   Passed    3.33 sec
          Start  150: reference_source_non_storage_fail
 479/1972 Test  #773: expr_abut_04_parse ............................................   Passed    3.31 sec
          Start  214: basic_strings_noopt
 480/1972 Test  #118: err_04_getter_fail ............................................   Passed    3.30 sec
          Start  219: block_expr_basic_opt
 481/1972 Test   #59: 06_logic_noopt ................................................   Passed    3.16 sec
          Start  770: expr_abut_01_parse
 482/1972 Test  #775: expr_ambig_02_parse ...........................................   Passed    3.24 sec
          Start   84: 09_nested_opt
 483/1972 Test   #91: array_mutation_statements_noopt ...............................   Passed    3.29 sec
          Start  175: binary_memory_compare_target_not_binary_fail
 484/1972 Test  #154: reference_source_deref_expr_fail ..............................   Passed    3.29 sec
          Start  146: qualified_namespace_missing_import_fail
 485/1972 Test  #164: binary_memory_target_not_binary_fail ..........................   Passed    3.24 sec
          Start  148: reference_source_value_to_ref_fail
 486/1972 Test   #70: test_select_c_opt .............................................   Passed    3.26 sec
          Start  166: binary_memory_decimal_length_fail
 487/1972 Test  #161: binary_memory_missing_offset_fail .............................   Passed    3.36 sec
          Start   97: 14_strings_noopt
 488/1972 Test   #86: 10_procs_opt ..................................................   Passed    3.19 sec
          Start   46: 05_ops_classic_opt
 489/1972 Test  #216: basic_arrays_noopt ............................................   Passed    3.26 sec
          Start  126: err_loop_class_fail
 490/1972 Test   #36: 01_assign_opt .................................................   Passed    3.19 sec
          Start  786: do_while_parse_parse
 491/1972 Test  #125: err_symbol_boundary_whitespace_fail ...........................   Passed    3.25 sec
          Start   98: 14_strings_opt
 492/1972 Test   #43: 05_ops_common_noopt ...........................................   Passed    3.24 sec
          Start  149: reference_source_ref_to_value_fail
 493/1972 Test  #163: binary_memory_span_write_fail .................................   Passed    3.18 sec
          Start  196: repro_dotted_index_noopt
 494/1972 Test  #172: binary_memory_compare_arguments_fail ..........................   Passed    3.23 sec
          Start  202: repro_opt_args_noopt
 495/1972 Test  #165: binary_memory_length_required_fail ............................   Passed    3.31 sec
          Start   82: repro_duplicate_call_argument_opt
 496/1972 Test  #136: err_block_expr_leave_plain_fail ...............................   Passed    3.21 sec
          Start  197: repro_dotted_index_opt
 497/1972 Test  #100: 17_string_arrays_opt ..........................................   Passed    3.22 sec
          Start 1006: test_rexxscript_direct_noopt
 498/1972 Test   #69: test_select_c_noopt ...........................................   Passed    3.37 sec
          Start 1007: test_rexxscript_direct_opt
 499/1972 Test  #135: err_block_expr_no_leave_fail ..................................   Passed    3.37 sec
          Start   90: 12_arrays_lvlb_opt
 500/1972 Test   #38: 02_flow_opt ...................................................   Passed    3.34 sec
          Start  115: 16_classes_parse
 501/1972 Test  #123: array_mutation_fixed_target_fail ..............................   Passed    3.36 sec
          Start  360: reference_source_contract_rxbvm_opt
 502/1972 Test  #122: array_mutation_bad_value_fail .................................   Passed    3.22 sec
          Start  358: reference_source_contract_rxvm_opt
 503/1972 Test  #221: block_expr_short_circuit_opt ..................................   Passed    3.40 sec
          Start  217: basic_arrays_opt
 504/1972 Test  #171: binary_memory_blen_target_not_binary_fail .....................   Passed    3.27 sec
          Start  356: reference_source_explicit_rxbvm_opt
 505/1972 Test  #150: reference_source_non_storage_fail .............................   Passed    3.25 sec
          Start  374: reference_source_block_lifetime_rxvm_opt
 506/1972 Test  #198: repro_expand_until_noopt ......................................   Passed    3.34 sec
          Start  208: arg_semantics_object_noopt
 507/1972 Test  #214: basic_strings_noopt ...........................................   Passed    3.22 sec
          Start  201: repro_array_arg_opt
 508/1972 Test  #770: expr_abut_01_parse ............................................   Passed    3.31 sec
          Start  200: repro_array_arg_noopt
 509/1972 Test  #219: block_expr_basic_opt ..........................................   Passed    3.38 sec
          Start  206: arg_semantics_array_noopt
 510/1972 Test  #175: binary_memory_compare_target_not_binary_fail ..................   Passed    3.24 sec
          Start  376: reference_source_block_lifetime_rxbvm_opt
 511/1972 Test   #84: 09_nested_opt .................................................   Passed    3.29 sec
          Start  354: reference_source_explicit_rxvm_opt
 512/1972 Test  #146: qualified_namespace_missing_import_fail .......................   Passed    3.37 sec
          Start   81: repro_duplicate_call_argument_noopt
 513/1972 Test  #166: binary_memory_decimal_length_fail .............................   Passed    3.20 sec
          Start  777: binary_intrinsics_parse_parse
 514/1972 Test  #148: reference_source_value_to_ref_fail ............................   Passed    3.30 sec
          Start  213: basic_loops_opt
 515/1972 Test   #46: 05_ops_classic_opt ............................................   Passed    3.23 sec
          Start   64: 07_loops_opt
 516/1972 Test   #97: 14_strings_noopt ..............................................   Passed    3.26 sec
          Start  142: interface_match_without_factory_fail
 517/1972 Test  #126: err_loop_class_fail ...........................................   Passed    3.20 sec
          Start   28: rxc_inline_byvalue_arg_reuse
 518/1972 Test  #786: do_while_parse_parse ..........................................   Passed    3.34 sec
          Start  143: interface_default_redefine_fail
 519/1972 Test   #98: 14_strings_opt ................................................   Passed    3.25 sec
          Start   63: 07_loops_noopt
 520/1972 Test  #196: repro_dotted_index_noopt ......................................   Passed    3.30 sec
          Start  145: interface_signature_static_bad_method_fail
 521/1972 Test  #149: reference_source_ref_to_value_fail ............................   Passed    3.42 sec
          Start  141: interface_match_bad_args_fail
 522/1972 Test  #202: repro_opt_args_noopt ..........................................   Passed    3.27 sec
          Start  212: basic_loops_noopt
 523/1972 Test #1006: test_rexxscript_direct_noopt ..................................   Passed    3.17 sec
          Start  140: interface_missing_impl_fail
 524/1972 Test #1007: test_rexxscript_direct_opt ....................................   Passed    3.10 sec
          Start  225: inline_test2_opt
 525/1972 Test #1965: crexx_nocompile_exec_smoke ....................................   Passed    6.18 sec
          Start 1955: crexx_rexxscript_smoke
 526/1972 Test  #197: repro_dotted_index_opt ........................................   Passed    3.28 sec
          Start  224: inline_test2_noopt
 527/1972 Test   #82: repro_duplicate_call_argument_opt .............................   Passed    3.39 sec
          Start  222: inline_test1_noopt
 528/1972 Test   #90: 12_arrays_lvlb_opt ............................................   Passed    3.36 sec
          Start  209: arg_semantics_object_opt
 529/1972 Test  #217: basic_arrays_opt ..............................................   Passed    3.33 sec
          Start  370: reference_source_inline_lifetime_rxvm_opt
 530/1972 Test  #115: 16_classes_parse ..............................................   Passed    3.44 sec
          Start  211: object_reference_regression_opt
 531/1972 Test  #358: reference_source_contract_rxvm_opt ............................   Passed    3.59 sec
          Start  210: object_reference_regression_noopt
 532/1972 Test  #360: reference_source_contract_rxbvm_opt ...........................   Passed    3.71 sec
          Start  372: reference_source_inline_lifetime_rxbvm_opt
 533/1972 Test  #208: arg_semantics_object_noopt ....................................   Passed    3.33 sec
          Start  578: inline_reference_member_accessors_opt
 534/1972 Test  #356: reference_source_explicit_rxbvm_opt ...........................   Passed    3.63 sec
          Start  490: interface_runtime_dispatch_multi_run_opt
 535/1972 Test  #201: repro_array_arg_opt ...........................................   Passed    3.41 sec
          Start 1878: runtime_interface_lookup_compare_noopt
 536/1972 Test  #374: reference_source_block_lifetime_rxvm_opt ......................   Passed    3.62 sec
          Start 1726: testRexxScriptRuntime_noopt
 537/1972 Test  #206: arg_semantics_array_noopt .....................................   Passed    3.33 sec
          Start 1004: test_rexxscript_opt
 538/1972 Test  #200: repro_array_arg_noopt .........................................   Passed    3.48 sec
          Start 1728: testRexxScriptCompat_noopt
 539/1972 Test   #81: repro_duplicate_call_argument_noopt ...........................   Passed    3.31 sec
          Start 1003: test_rexxscript_noopt
 540/1972 Test  #376: reference_source_block_lifetime_rxbvm_opt .....................   Passed    3.59 sec
          Start 1823: benchmark_awfy_storage_opt
 541/1972 Test  #354: reference_source_explicit_rxvm_opt ............................   Passed    3.57 sec
          Start   27: rxc_scoped_register_reuse
 542/1972 Test #1878: runtime_interface_lookup_compare_noopt ........................   Passed    0.92 sec
          Start 1662: testRexxClassicBifLastpos_noopt
 543/1972 Test  #213: basic_loops_opt ...............................................   Passed    3.36 sec
          Start 1666: testRexxClassicBifLength_noopt
 544/1972 Test  #777: binary_intrinsics_parse_parse .................................   Passed    3.46 sec
          Start 1678: testRexxClassicBifRandom_noopt
 545/1972 Test  #142: interface_match_without_factory_fail ..........................   Passed    3.39 sec
          Start 1646: testRexxClassicBifD2x_noopt
 546/1972 Test   #64: 07_loops_opt ..................................................   Passed    3.46 sec
          Start 1718: testRexxClassicBifX2b_noopt
 547/1972 Test   #28: rxc_inline_byvalue_arg_reuse ..................................   Passed    3.48 sec
          Start 1688: testRexxClassicBifStrip_noopt
 548/1972 Test  #143: interface_default_redefine_fail ...............................   Passed    3.42 sec
          Start 1702: testRexxClassicBifTrunc_noopt
 549/1972 Test   #63: 07_loops_noopt ................................................   Passed    3.32 sec
          Start 1654: testRexxClassicBifDelstr_noopt
 550/1972 Test  #145: interface_signature_static_bad_method_fail ....................   Passed    3.30 sec
          Start 1696: testRexxClassicBifTime_noopt
 551/1972 Test #1823: benchmark_awfy_storage_opt ....................................   Passed    1.04 sec
          Start 1682: testRexxClassicBifRight_noopt
 552/1972 Test  #553: imported_record_return_contract ...............................   Passed   90.00 sec
          Start 1642: testRexxClassicBifCopies_noopt
 553/1972 Test  #141: interface_match_bad_args_fail .................................   Passed    3.42 sec
          Start 1704: testRexxClassicBifValue_noopt
 554/1972 Test  #212: basic_loops_noopt .............................................   Passed    3.35 sec
          Start 1628: testRexxClassicBifB2x_noopt
 555/1972 Test  #224: inline_test2_noopt ............................................   Passed    3.43 sec
          Start 1620: testRexxClassicBifs_noopt
 556/1972 Test  #222: inline_test1_noopt ............................................   Passed    3.40 sec
          Start 1644: testRexxClassicBifCountstr_noopt
 557/1972 Test  #225: inline_test2_opt ..............................................   Passed    3.49 sec
          Start 1660: testRexxClassicBifInsert_noopt
 558/1972 Test  #140: interface_missing_impl_fail ...................................   Passed    3.52 sec
          Start 1714: testRexxClassicBifWordpos_noopt
 559/1972 Test #1726: testRexxScriptRuntime_noopt ...................................   Passed    2.35 sec
          Start 1636: testRexxClassicBifCentre_noopt
 560/1972 Test #1004: test_rexxscript_opt ...........................................   Passed    2.32 sec
          Start 1724: testRexxClassicBifXrange_noopt
 561/1972 Test #1728: testRexxScriptCompat_noopt ....................................   Passed    2.30 sec
          Start 1710: testRexxClassicBifWordindex_noopt
 562/1972 Test  #209: arg_semantics_object_opt ......................................   Passed    3.51 sec
          Start 1716: testRexxClassicBifWords_noopt
 563/1972 Test #1662: testRexxClassicBifLastpos_noopt ...............................   Passed    2.07 sec
          Start 1622: testRexxClassicBifAbbrev_noopt
 564/1972 Test  #211: object_reference_regression_opt ...............................   Passed    3.55 sec
          Start 1692: testRexxClassicBifSubword_noopt
 565/1972 Test #1666: testRexxClassicBifLength_noopt ................................   Passed    2.02 sec
          Start 1650: testRexxClassicBifDate_noopt
 566/1972 Test #1678: testRexxClassicBifRandom_noopt ................................   Passed    2.02 sec
          Start 1690: testRexxClassicBifSubstr_noopt
 567/1972 Test  #370: reference_source_inline_lifetime_rxvm_opt .....................   Passed    3.73 sec
          Start 1652: testRexxClassicBifDatatype_noopt
 568/1972 Test  #210: object_reference_regression_noopt .............................   Passed    3.52 sec
          Start 1634: testRexxClassicBifCenter_noopt
 569/1972 Test #1003: test_rexxscript_noopt .........................................   Passed    2.53 sec
          Start 1706: testRexxClassicBifVerify_noopt
 570/1972 Test #1718: testRexxClassicBifX2b_noopt ...................................   Passed    2.05 sec
          Start 1638: testRexxClassicBifChangestr_noopt
 571/1972 Test #1646: testRexxClassicBifD2x_noopt ...................................   Passed    2.15 sec
          Start 1656: testRexxClassicBifDelword_noopt
 572/1972 Test  #372: reference_source_inline_lifetime_rxbvm_opt ....................   Passed    3.75 sec
          Start 1648: testRexxClassicBifD2c_noopt
 573/1972 Test  #490: interface_runtime_dispatch_multi_run_opt ......................   Passed    3.69 sec
          Start 1712: testRexxClassicBifWordlength_noopt
 574/1972 Test #1688: testRexxClassicBifStrip_noopt .................................   Passed    2.16 sec
          Start 1664: testRexxClassicBifLeft_noopt
 575/1972 Test #1654: testRexxClassicBifDelstr_noopt ................................   Passed    2.08 sec
          Start 1686: testRexxClassicBifSpace_noopt
 576/1972 Test #1702: testRexxClassicBifTrunc_noopt .................................   Passed    2.17 sec
          Start 1708: testRexxClassicBifWord_noopt
 577/1972 Test #1696: testRexxClassicBifTime_noopt ..................................   Passed    2.09 sec
          Start 1670: testRexxClassicBifMin_noopt
 578/1972 Test #1682: testRexxClassicBifRight_noopt .................................   Passed    2.20 sec
          Start 1674: testRexxClassicBifOverlay_noopt
 579/1972 Test #1642: testRexxClassicBifCopies_noopt ................................   Passed    2.20 sec
          Start 1700: testRexxClassicBifTranslate_noopt
 580/1972 Test #1704: testRexxClassicBifValue_noopt .................................   Passed    2.16 sec
          Start 1658: testRexxClassicBifFormat_noopt
 581/1972 Test #1628: testRexxClassicBifB2x_noopt ...................................   Passed    2.17 sec
          Start 1676: testRexxClassicBifPos_noopt
 582/1972 Test   #27: rxc_scoped_register_reuse .....................................   Passed    3.60 sec
          Start 1624: testRexxClassicBifAbs_noopt
 583/1972 Test #1714: testRexxClassicBifWordpos_noopt ...............................   Passed    2.07 sec
          Start 1680: testRexxClassicBifReverse_noopt
 584/1972 Test #1660: testRexxClassicBifInsert_noopt ................................   Passed    2.12 sec
          Start 1616: testRexxValue_noopt
 585/1972 Test #1644: testRexxClassicBifCountstr_noopt ..............................   Passed    2.15 sec
          Start 1618: testRexxRuntimePools_noopt
 586/1972 Test #1636: testRexxClassicBifCentre_noopt ................................   Passed    2.08 sec
          Start 1672: testRexxClassicBifNumeric_noopt
 587/1972 Test #1620: testRexxClassicBifs_noopt .....................................   Passed    2.24 sec
          Start 1720: testRexxClassicBifX2c_noopt
 588/1972 Test #1724: testRexxClassicBifXrange_noopt ................................   Passed    2.15 sec
          Start 1632: testRexxClassicBifC2x_noopt
 589/1972 Test #1710: testRexxClassicBifWordindex_noopt .............................   Passed    2.11 sec
          Start 1684: testRexxClassicBifSign_noopt
 590/1972 Test  #578: inline_reference_member_accessors_opt .........................   Passed    4.94 sec
          Start 1668: testRexxClassicBifMax_noopt
 591/1972 Test #1622: testRexxClassicBifAbbrev_noopt ................................   Passed    2.13 sec
          Start 1626: testRexxClassicBifAddress_noopt
 592/1972 Test #1716: testRexxClassicBifWords_noopt .................................   Passed    2.21 sec
          Start 1640: testRexxClassicBifCompare_noopt
 593/1972 Test #1692: testRexxClassicBifSubword_noopt ...............................   Passed    2.12 sec
          Start 1694: testRexxClassicBifSymbol_noopt
 594/1972 Test #1634: testRexxClassicBifCenter_noopt ................................   Passed    2.09 sec
          Start 1534: we_noopt
 595/1972 Test #1650: testRexxClassicBifDate_noopt ..................................   Passed    2.22 sec
          Start 1698: testRexxClassicBifTrace_noopt
 596/1972 Test #1690: testRexxClassicBifSubstr_noopt ................................   Passed    2.15 sec
          Start 1822: benchmark_awfy_storage_noopt
 597/1972 Test #1706: testRexxClassicBifVerify_noopt ................................   Passed    2.17 sec
          Start 1727: testRexxScriptRuntime_opt
 598/1972 Test #1652: testRexxClassicBifDatatype_noopt ..............................   Passed    2.25 sec
          Start  576: inline_receiver_production_ladder_opt
 599/1972 Test #1638: testRexxClassicBifChangestr_noopt .............................   Passed    2.24 sec
          Start 1729: testRexxScriptCompat_opt
 600/1972 Test #1656: testRexxClassicBifDelword_noopt ...............................   Passed    2.22 sec
          Start 1874: tinyexpr_dispatch_compare_noopt
 601/1972 Test #1648: testRexxClassicBifD2c_noopt ...................................   Passed    2.11 sec
          Start 1868: rxjson_parser_compare_noopt
 602/1972 Test #1664: testRexxClassicBifLeft_noopt ..................................   Passed    2.10 sec
          Start  808: syntaxhighlight_levelc_instruction_tail_bad_forms
 603/1972 Test #1686: testRexxClassicBifSpace_noopt .................................   Passed    2.11 sec
          Start 1580: testrexx_noopt
 604/1972 Test #1712: testRexxClassicBifWordlength_noopt ............................   Passed    2.18 sec
          Start  453: test_address_redirect_run_noopt
 605/1972 Test #1708: testRexxClassicBifWord_noopt ..................................   Passed    2.10 sec
          Start 1858: stringarraylist_iterator_compare_rxbvm_noopt
 606/1972 Test #1955: crexx_rexxscript_smoke ........................................   Passed    6.92 sec
          Start 1953: crexx_explicit_header_smoke
 607/1972 Test #1670: testRexxClassicBifMin_noopt ...................................   Passed    2.16 sec
          Start 1856: stringarraylist_iterator_compare_rxvm_noopt
 608/1972 Test #1674: testRexxClassicBifOverlay_noopt ...............................   Passed    2.07 sec
          Start  439: repro_multi_tail_stems_run_noopt
 609/1972 Test #1700: testRexxClassicBifTranslate_noopt .............................   Passed    2.12 sec
          Start  437: 13_stems_run_noopt
 610/1972 Test #1658: testRexxClassicBifFormat_noopt ................................   Passed    2.13 sec
          Start 1262: rxpp_diagnostics
 611/1972 Test #1676: testRexxClassicBifPos_noopt ...................................   Passed    2.13 sec
          Start  454: test_address_redirect_run_opt
 612/1972 Test #1624: testRexxClassicBifAbs_noopt ...................................   Passed    2.12 sec
          Start 1602: testRexxComparator_noopt
 613/1972 Test #1680: testRexxClassicBifReverse_noopt ...............................   Passed    2.17 sec
          Start  563: inline_cross_file_source_opt
 614/1972 Test #1618: testRexxRuntimePools_noopt ....................................   Passed    2.15 sec
          Start 1604: testQfind_noopt
 615/1972 Test #1720: testRexxClassicBifX2c_noopt ...................................   Passed    2.13 sec
          Start 1600: testObjectObjectTreeMap_noopt
 616/1972 Test #1616: testRexxValue_noopt ...........................................   Passed    2.24 sec
          Start 1590: testStringTreeMap_noopt
 617/1972 Test #1672: testRexxClassicBifNumeric_noopt ...............................   Passed    2.21 sec
          Start 1596: testObjectCollections_noopt
 618/1972 Test #1684: testRexxClassicBifSign_noopt ..................................   Passed    2.11 sec
          Start 1608: testJSON_noopt
 619/1972 Test #1632: testRexxClassicBifC2x_noopt ...................................   Passed    2.17 sec
          Start  556: inline_cross_file_binary_opt
 620/1972 Test #1668: testRexxClassicBifMax_noopt ...................................   Passed    2.15 sec
          Start 1606: testTokenise_noopt
 621/1972 Test #1868: rxjson_parser_compare_noopt ...................................   Passed    1.49 sec
          Start  859: levelc_slice5_compound_expose_unsupported
 622/1972 Test #1534: we_noopt ......................................................   Passed    1.94 sec
          Start  857: levelc_slice4_procedure_arg_count_unsupported
 623/1972 Test #1640: testRexxClassicBifCompare_noopt ...............................   Passed    2.18 sec
          Start  860: levelc_slice6_bare_stem_value_unsupported
 624/1972 Test #1626: testRexxClassicBifAddress_noopt ...............................   Passed    2.23 sec
          Start  862: levelc_slice6_procedure_parse_unsupported
 625/1972 Test #1694: testRexxClassicBifSymbol_noopt ................................   Passed    2.19 sec
          Start 1598: testStringObjectMaps_noopt
 626/1972 Test #1822: benchmark_awfy_storage_noopt ..................................   Passed    2.01 sec
          Start  865: levelc_compile_invalid_do_end_symbol
 627/1972 Test #1698: testRexxClassicBifTrace_noopt .................................   Passed    2.23 sec
          Start  858: levelc_slice4_omitted_call_unsupported
 628/1972 Test #1727: testRexxScriptRuntime_opt .....................................   Passed    2.22 sec
          Start 1588: testStringLinkedList_noopt
 629/1972 Test  #808: syntaxhighlight_levelc_instruction_tail_bad_forms .............   Passed    1.94 sec
          Start  801: syntaxhighlight_levelc_tracer
 630/1972 Test #1858: stringarraylist_iterator_compare_rxbvm_noopt ..................   Passed    1.83 sec
          Start  132: err_register_flag_type_fail
 631/1972 Test #1262: rxpp_diagnostics ..............................................   Passed    1.42 sec
          Start  178: intrinsic_argexists_invalid_fail
 632/1972 Test #1580: testrexx_noopt ................................................   Passed    2.02 sec
          Start  779: err_struct_02_parse
 633/1972 Test #1729: testRexxScriptCompat_opt ......................................   Passed    2.24 sec
          Start  780: err_struct_03_parse
 634/1972 Test #1856: stringarraylist_iterator_compare_rxvm_noopt ...................   Passed    1.78 sec
          Start  781: err_namespace_class_anchor_parse
 635/1972 Test #1602: testRexxComparator_noopt ......................................   Passed    1.69 sec
          Start  182: legacy_refvalid_removed_fail
 636/1972 Test #1604: testQfind_noopt ...............................................   Passed    1.66 sec
          Start  129: err_class_assign_fail
 637/1972 Test #1600: testObjectObjectTreeMap_noopt .................................   Passed    1.69 sec
          Start  117: err_02_syntax_fail
 638/1972 Test #1590: testStringTreeMap_noopt .......................................   Passed    1.67 sec
          Start  128: err_select_c_no_when_fail
 639/1972 Test #1596: testObjectCollections_noopt ...................................   Passed    1.69 sec
          Start  177: literal_continuation_suffix_error_fail
 640/1972 Test #1608: testJSON_noopt ................................................   Passed    1.64 sec
          Start  861: levelc_slice6_local_function_omitted_arg_unsupported
 641/1972 Test #1606: testTokenise_noopt ............................................   Passed    1.66 sec
          Start  866: levelc_compile_invalid_select_missing_when
 642/1972 Test  #859: levelc_slice5_compound_expose_unsupported .....................   Passed    1.57 sec
          Start  855: levelc_slice2_procedure_expose_unsupported
 643/1972 Test  #857: levelc_slice4_procedure_arg_count_unsupported .................   Passed    1.65 sec
          Start   47: err_xor_common_fail
 644/1972 Test  #860: levelc_slice6_bare_stem_value_unsupported .....................   Passed    1.63 sec
          Start  138: err_block_expr_incomplete_fail
 645/1972 Test  #862: levelc_slice6_procedure_parse_unsupported .....................   Passed    1.61 sec
          Start  181: legacy_typeof_removed_fail
 646/1972 Test #1598: testStringObjectMaps_noopt ....................................   Passed    1.62 sec
          Start  863: levelc_compile_invalid_if_missing_then
 647/1972 Test  #865: levelc_compile_invalid_do_end_symbol ..........................   Passed    1.69 sec
          Start  179: legacy_arg_call_removed_fail
 648/1972 Test #1874: tinyexpr_dispatch_compare_noopt ...............................   Passed    3.47 sec
          Start  180: legacy_arg_stem_removed_fail
 649/1972 Test #1588: testStringLinkedList_noopt ....................................   Passed    1.52 sec
          Start  127: err_select_no_when_fail
 650/1972 Test  #858: levelc_slice4_omitted_call_unsupported ........................   Passed    1.62 sec
          Start  856: levelc_slice3_unsupported_bif
 651/1972 Test  #178: intrinsic_argexists_invalid_fail ..............................   Passed    1.48 sec
          Start  137: err_block_expr_missing_end_fail
 652/1972 Test  #132: err_register_flag_type_fail ...................................   Passed    1.61 sec
          Start 1594: testStringStack_noopt
 653/1972 Test  #801: syntaxhighlight_levelc_tracer .................................   Passed    1.71 sec
          Start  792: syntaxhighlight_syntax_error
 654/1972 Test  #779: err_struct_02_parse ...........................................   Passed    1.60 sec
          Start  778: err_struct_01_parse
 655/1972 Test  #781: err_namespace_class_anchor_parse ..............................   Passed    1.54 sec
          Start  170: binary_memory_blen_syntax_fail
 656/1972 Test  #780: err_struct_03_parse ...........................................   Passed    1.62 sec
          Start  131: err_register_flag_unknown_fail
 657/1972 Test  #182: legacy_refvalid_removed_fail ..................................   Passed    1.57 sec
          Start  864: levelc_compile_invalid_expression_trailing_operator
 658/1972 Test  #129: err_class_assign_fail .........................................   Passed    1.58 sec
          Start  854: levelc_compile_unsupported
 659/1972 Test  #128: err_select_c_no_when_fail .....................................   Passed    1.51 sec
          Start 1592: testStringTreeSet_noopt
 660/1972 Test  #117: err_02_syntax_fail ............................................   Passed    1.55 sec
          Start  966: test_signal_block_counted_bad_diagnostic
 661/1972 Test  #177: literal_continuation_suffix_error_fail ........................   Passed    1.59 sec
          Start 1582: testStringArrayList_noopt
 662/1972 Test  #861: levelc_slice6_local_function_omitted_arg_unsupported ..........   Passed    1.63 sec
          Start 1586: testStringHashSet_noopt
 663/1972 Test  #866: levelc_compile_invalid_select_missing_when ....................   Passed    1.64 sec
          Start 1584: testStringHashMap_noopt
 664/1972 Test  #855: levelc_slice2_procedure_expose_unsupported ....................   Passed    1.67 sec
          Start 1535: we_opt
 665/1972 Test   #47: err_xor_common_fail ...........................................   Passed    1.66 sec
          Start 1705: testRexxClassicBifValue_opt
 666/1972 Test  #181: legacy_typeof_removed_fail ....................................   Passed    1.61 sec
          Start   19: rxc_invalid_binary_literal_as_string
 667/1972 Test  #138: err_block_expr_incomplete_fail ................................   Passed    1.69 sec
          Start 1697: testRexxClassicBifTime_opt
 668/1972 Test  #863: levelc_compile_invalid_if_missing_then ........................   Passed    1.66 sec
          Start 1663: testRexxClassicBifLastpos_opt
 669/1972 Test  #180: legacy_arg_stem_removed_fail ..................................   Passed    1.57 sec
          Start 1661: testRexxClassicBifInsert_opt
 670/1972 Test  #437: 13_stems_run_noopt ............................................   Passed    4.48 sec
          Start  183: err_address_exit_disabled_fail
 671/1972 Test  #453: test_address_redirect_run_noopt ...............................   Passed    4.93 sec
          Start 1639: testRexxClassicBifChangestr_opt
 672/1972 Test  #179: legacy_arg_call_removed_fail ..................................   Passed    1.75 sec
          Start 1653: testRexxClassicBifDatatype_opt
 673/1972 Test  #856: levelc_slice3_unsupported_bif .................................   Passed    1.66 sec
          Start 1651: testRexxClassicBifDate_opt
 674/1972 Test  #439: repro_multi_tail_stems_run_noopt ..............................   Passed    4.74 sec
          Start 1715: testRexxClassicBifWordpos_opt
 675/1972 Test  #137: err_block_expr_missing_end_fail ...............................   Passed    1.66 sec
          Start   20: rxc_function_lookup_diagnostic
 676/1972 Test  #127: err_select_no_when_fail .......................................   Passed    1.73 sec
          Start   96: repro_multi_tail_stems_opt
 677/1972 Test  #454: test_address_redirect_run_opt .................................   Passed    4.54 sec
          Start 1826: benchmark_awfy_richards_noopt
 678/1972 Test #1594: testStringStack_noopt .........................................   Passed    1.62 sec
          Start 1635: testRexxClassicBifCenter_opt
 679/1972 Test  #170: binary_memory_blen_syntax_fail ................................   Passed    1.72 sec
          Start 1687: testRexxClassicBifSpace_opt
 680/1972 Test  #778: err_struct_01_parse ...........................................   Passed    1.79 sec
          Start   16: rxc_invalid_utf8_hex_literal
 681/1972 Test  #131: err_register_flag_unknown_fail ................................   Passed    1.74 sec
          Start   17: rxc_invalid_utf8_binary_literal
 682/1972 Test  #792: syntaxhighlight_syntax_error ..................................   Passed    1.84 sec
          Start  802: syntaxhighlight_levelc_keyword_variables
 683/1972 Test  #864: levelc_compile_invalid_expression_trailing_operator ...........   Passed    1.69 sec
          Start 1719: testRexxClassicBifX2b_opt
 684/1972 Test #1535: we_opt ........................................................   Passed    1.10 sec
          Start 1637: testRexxClassicBifCentre_opt
 685/1972 Test #1592: testStringTreeSet_noopt .......................................   Passed    1.63 sec
          Start  438: 13_stems_run_opt
 686/1972 Test  #854: levelc_compile_unsupported ....................................   Passed    1.69 sec
          Start  440: repro_multi_tail_stems_run_opt
 687/1972 Test  #966: test_signal_block_counted_bad_diagnostic ......................   Passed    1.64 sec
          Start 1665: testRexxClassicBifLeft_opt
 688/1972 Test #1582: testStringArrayList_noopt .....................................   Passed    1.57 sec
          Start 1683: testRexxClassicBifRight_opt
 689/1972 Test #1586: testStringHashSet_noopt .......................................   Passed    1.59 sec
          Start   95: repro_multi_tail_stems_noopt
 690/1972 Test #1584: testStringHashMap_noopt .......................................   Passed    1.58 sec
          Start 1713: testRexxClassicBifWordlength_opt
 691/1972 Test   #19: rxc_invalid_binary_literal_as_string ..........................   Passed    1.51 sec
          Start 1707: testRexxClassicBifVerify_opt
 692/1972 Test #1826: benchmark_awfy_richards_noopt .................................   Passed    1.25 sec
          Start   94: 13_stems_opt
 693/1972 Test  #183: err_address_exit_disabled_fail ................................   Passed    1.50 sec
          Start   93: 13_stems_noopt
 694/1972 Test #1705: testRexxClassicBifValue_opt ...................................   Passed    1.66 sec
          Start 1643: testRexxClassicBifCopies_opt
 695/1972 Test #1697: testRexxClassicBifTime_opt ....................................   Passed    1.71 sec
          Start 1675: testRexxClassicBifOverlay_opt
 696/1972 Test #1663: testRexxClassicBifLastpos_opt .................................   Passed    1.71 sec
          Start 1709: testRexxClassicBifWord_opt
 697/1972 Test   #20: rxc_function_lookup_diagnostic ................................   Passed    1.54 sec
          Start 1645: testRexxClassicBifCountstr_opt
 698/1972 Test #1661: testRexxClassicBifInsert_opt ..................................   Passed    1.77 sec
          Start   18: rxc_invalid_binary_assign_literal
 699/1972 Test #1639: testRexxClassicBifChangestr_opt ...............................   Passed    1.71 sec
          Start 1679: testRexxClassicBifRandom_opt
 700/1972 Test #1953: crexx_explicit_header_smoke ...................................   Passed    6.69 sec
          Start 1954: crexx_args_smoke
 701/1972 Test #1653: testRexxClassicBifDatatype_opt ................................   Passed    1.78 sec
          Start 1875: tinyexpr_dispatch_compare_opt
 702/1972 Test #1715: testRexxClassicBifWordpos_opt .................................   Passed    1.74 sec
          Start 1725: testRexxClassicBifXrange_opt
 703/1972 Test #1651: testRexxClassicBifDate_opt ....................................   Passed    1.79 sec
          Start 1691: testRexxClassicBifSubstr_opt
 704/1972 Test   #16: rxc_invalid_utf8_hex_literal ..................................   Passed    1.46 sec
          Start  184: err_parse_exit_disabled_fail
 705/1972 Test #1635: testRexxClassicBifCenter_opt ..................................   Passed    1.74 sec
          Start 1689: testRexxClassicBifStrip_opt
 706/1972 Test   #17: rxc_invalid_utf8_binary_literal ...............................   Passed    1.49 sec
          Start 1655: testRexxClassicBifDelstr_opt
 707/1972 Test #1687: testRexxClassicBifSpace_opt ...................................   Passed    1.61 sec
          Start 1641: testRexxClassicBifCompare_opt
 708/1972 Test  #802: syntaxhighlight_levelc_keyword_variables ......................   Passed    1.59 sec
          Start  807: syntaxhighlight_levelc_instruction_recovery_boundaries
 709/1972 Test #1719: testRexxClassicBifX2b_opt .....................................   Passed    1.63 sec
          Start 1693: testRexxClassicBifSubword_opt
 710/1972 Test #1637: testRexxClassicBifCentre_opt ..................................   Passed    1.63 sec
          Start 1721: testRexxClassicBifX2c_opt
 711/1972 Test #1665: testRexxClassicBifLeft_opt ....................................   Passed    1.74 sec
          Start 1623: testRexxClassicBifAbbrev_opt
 712/1972 Test #1683: testRexxClassicBifRight_opt ...................................   Passed    1.76 sec
          Start 1629: testRexxClassicBifB2x_opt
 713/1972 Test #1713: testRexxClassicBifWordlength_opt ..............................   Passed    1.57 sec
          Start 1717: testRexxClassicBifWords_opt
 714/1972 Test #1707: testRexxClassicBifVerify_opt ..................................   Passed    1.69 sec
          Start 1701: testRexxClassicBifTranslate_opt
 715/1972 Test   #18: rxc_invalid_binary_assign_literal .............................   Passed    1.47 sec
          Start 1677: testRexxClassicBifPos_opt
 716/1972 Test #1643: testRexxClassicBifCopies_opt ..................................   Passed    1.69 sec
          Start 1667: testRexxClassicBifLength_opt
 717/1972 Test #1709: testRexxClassicBifWord_opt ....................................   Passed    1.69 sec
          Start 1711: testRexxClassicBifWordindex_opt
 718/1972 Test #1675: testRexxClassicBifOverlay_opt .................................   Passed    1.73 sec
          Start 1669: testRexxClassicBifMax_opt
 719/1972 Test #1645: testRexxClassicBifCountstr_opt ................................   Passed    1.78 sec
          Start 1627: testRexxClassicBifAddress_opt
 720/1972 Test #1679: testRexxClassicBifRandom_opt ..................................   Passed    1.75 sec
          Start 1657: testRexxClassicBifDelword_opt
 721/1972 Test  #184: err_parse_exit_disabled_fail ..................................   Passed    1.56 sec
          Start 1673: testRexxClassicBifNumeric_opt
 722/1972 Test #1725: testRexxClassicBifXrange_opt ..................................   Passed    1.72 sec
          Start  169: binary_memory_generic_types_unsupported_fail
 723/1972 Test #1689: testRexxClassicBifStrip_opt ...................................   Passed    1.69 sec
          Start 1625: testRexxClassicBifAbs_opt
 724/1972 Test #1641: testRexxClassicBifCompare_opt .................................   Passed    1.63 sec
          Start 1685: testRexxClassicBifSign_opt
 725/1972 Test #1691: testRexxClassicBifSubstr_opt ..................................   Passed    1.76 sec
          Start  186: err_trace_exit_disabled_fail
 726/1972 Test  #807: syntaxhighlight_levelc_instruction_recovery_boundaries ........   Passed    1.63 sec
          Start 1647: testRexxClassicBifD2x_opt
 727/1972 Test #1655: testRexxClassicBifDelstr_opt ..................................   Passed    1.77 sec
          Start 1695: testRexxClassicBifSymbol_opt
 728/1972 Test   #96: repro_multi_tail_stems_opt ....................................   Passed    3.60 sec
          Start  147: type_ops_reserved_keyword_fail
 729/1972 Test #1721: testRexxClassicBifX2c_opt .....................................   Passed    1.66 sec
          Start 1621: testRexxClassicBifs_opt
 730/1972 Test #1693: testRexxClassicBifSubword_opt .................................   Passed    1.67 sec
          Start  167: binary_memory_extra_argument_fail
 731/1972 Test #1717: testRexxClassicBifWords_opt ...................................   Passed    1.62 sec
          Start 1649: testRexxClassicBifD2c_opt
 732/1972 Test #1623: testRexxClassicBifAbbrev_opt ..................................   Passed    1.67 sec
          Start 1703: testRexxClassicBifTrunc_opt
 733/1972 Test #1629: testRexxClassicBifB2x_opt .....................................   Passed    1.67 sec
          Start 1659: testRexxClassicBifFormat_opt
 734/1972 Test  #556: inline_cross_file_binary_opt ..................................   Passed    8.18 sec
          Start 1699: testRexxClassicBifTrace_opt
 735/1972 Test  #563: inline_cross_file_source_opt ..................................   Passed    8.53 sec
          Start  429: select_dispatch_general_run_noopt
 736/1972 Test #1875: tinyexpr_dispatch_compare_opt .................................   Passed    2.62 sec
          Start  185: err_parse_inline_then_exit_disabled_fail
 737/1972 Test   #95: repro_multi_tail_stems_noopt ..................................   Passed    3.51 sec
          Start  431: select_dispatch_strings_run_noopt
 738/1972 Test  #440: repro_multi_tail_stems_run_opt ................................   Passed    3.80 sec
          Start  809: syntaxhighlight_levelc_labels_validation
 739/1972 Test  #438: 13_stems_run_opt ..............................................   Passed    3.84 sec
          Start 1681: testRexxClassicBifReverse_opt
 740/1972 Test #1701: testRexxClassicBifTranslate_opt ...............................   Passed    1.76 sec
          Start 1671: testRexxClassicBifMin_opt
 741/1972 Test #1667: testRexxClassicBifLength_opt ..................................   Passed    1.69 sec
          Start  423: select_dispatch_integer_run_noopt
 742/1972 Test #1677: testRexxClassicBifPos_opt .....................................   Passed    1.73 sec
          Start  425: select_dispatch_fallback_run_noopt
 743/1972 Test  #576: inline_receiver_production_ladder_opt .........................   Passed   10.22 sec
          Start 1633: testRexxClassicBifC2x_opt
 744/1972 Test   #93: 13_stems_noopt ................................................   Passed    3.48 sec
          Start  637: inline_test_return_expr_run_noopt
 745/1972 Test #1711: testRexxClassicBifWordindex_opt ...............................   Passed    1.69 sec
          Start  719: inline_test_object_return_assign_run_noopt
 746/1972 Test   #94: 13_stems_opt ..................................................   Passed    3.60 sec
          Start  733: inline_test_block_expr_live_sibling_run_noopt
 747/1972 Test #1669: testRexxClassicBifMax_opt .....................................   Passed    1.79 sec
          Start  701: inline_test_nested_scope_exposed_call_run_noopt
 748/1972 Test  #169: binary_memory_generic_types_unsupported_fail ..................   Passed    1.59 sec
          Start  427: select_dispatch_mixed_run_noopt
 749/1972 Test #1673: testRexxClassicBifNumeric_opt .................................   Passed    1.73 sec
          Start  693: inline_test_vararg_negative_run_noopt
 750/1972 Test #1627: testRexxClassicBifAddress_opt .................................   Passed    1.80 sec
          Start  717: inline_test_array_multi_return_assign_run_noopt
 751/1972 Test  #147: type_ops_reserved_keyword_fail ................................   Passed    1.51 sec
          Start  695: inline_test_exposed_nested_call_run_noopt
 752/1972 Test #1657: testRexxClassicBifDelword_opt .................................   Passed    1.81 sec
          Start  629: inline_test_nested_call_expr_run_noopt
 753/1972 Test  #186: err_trace_exit_disabled_fail ..................................   Passed    1.61 sec
          Start  721: inline_test_object_return_expr_run_noopt
 754/1972 Test #1685: testRexxClassicBifSign_opt ....................................   Passed    1.76 sec
          Start  727: inline_test_array_expr_arg_run_noopt
 755/1972 Test #1625: testRexxClassicBifAbs_opt .....................................   Passed    1.81 sec
          Start  681: inline_test_ref_vararg_runtime_run_noopt
 756/1972 Test #1647: testRexxClassicBifD2x_opt .....................................   Passed    1.81 sec
          Start  633: inline_test_say_expr_run_noopt
 757/1972 Test #1695: testRexxClassicBifSymbol_opt ..................................   Passed    1.78 sec
          Start  697: inline_test_nested_scope_do_run_noopt
 758/1972 Test  #167: binary_memory_extra_argument_fail .............................   Passed    1.51 sec
          Start  683: inline_test_ref_negative_run_noopt
 759/1972 Test #1621: testRexxClassicBifs_opt .......................................   Passed    1.73 sec
          Start  699: inline_test_nested_scope_if_do_run_noopt
 760/1972 Test #1649: testRexxClassicBifD2c_opt .....................................   Passed    1.72 sec
          Start  663: inline_test_named_factory_selector_run_noopt
 761/1972 Test  #185: err_parse_inline_then_exit_disabled_fail ......................   Passed    1.57 sec
          Start  647: inline_test_short_circuit_expr_run_noopt
 762/1972 Test #1659: testRexxClassicBifFormat_opt ..................................   Passed    1.70 sec
          Start  711: inline_test_array_return_assign_run_noopt
 763/1972 Test #1703: testRexxClassicBifTrunc_opt ...................................   Passed    1.75 sec
          Start  627: inline_test_expr_negative_run_noopt
 764/1972 Test #1699: testRexxClassicBifTrace_opt ...................................   Passed    1.75 sec
          Start  649: inline_test_composed_expr_contexts_run_noopt
 765/1972 Test  #809: syntaxhighlight_levelc_labels_validation ......................   Passed    1.67 sec
          Start  839: syntaxhighlight_levelc_loose_when
 766/1972 Test #1681: testRexxClassicBifReverse_opt .................................   Passed    1.74 sec
          Start  709: inline_test_void_fallthrough_call_run_noopt
 767/1972 Test #1671: testRexxClassicBifMin_opt .....................................   Passed    1.68 sec
          Start  703: inline_test_multi_return_assign_run_noopt
 768/1972 Test #1633: testRexxClassicBifC2x_opt .....................................   Passed    1.73 sec
          Start  715: inline_test_array_multi_return_expr_run_noopt
 769/1972 Test  #839: syntaxhighlight_levelc_loose_when .............................   Passed    1.53 sec
          Start  848: syntaxhighlight_levelc_expression_bad_trailing_operator
 770/1972 Test #1954: crexx_args_smoke ..............................................   Passed    6.43 sec
          Start 1968: crexx_native_address_crexx_smoke
 771/1972 Test  #429: select_dispatch_general_run_noopt .............................   Passed    4.13 sec
          Start  707: inline_test_multi_return_call_run_noopt
 772/1972 Test  #431: select_dispatch_strings_run_noopt .............................   Passed    4.25 sec
          Start  641: inline_test_compare_expr_run_noopt
 773/1972 Test  #423: select_dispatch_integer_run_noopt .............................   Passed    4.17 sec
          Start  645: inline_test_call_like_arg_expr_run_noopt
 774/1972 Test  #425: select_dispatch_fallback_run_noopt ............................   Passed    4.20 sec
          Start  673: inline_test_ref_indexed_run_noopt
 775/1972 Test  #733: inline_test_block_expr_live_sibling_run_noopt .................   Passed    4.12 sec
          Start  705: inline_test_multi_return_expr_run_noopt
 776/1972 Test  #719: inline_test_object_return_assign_run_noopt ....................   Passed    4.17 sec
          Start  729: inline_test_object_expr_arg_run_noopt
 777/1972 Test  #637: inline_test_return_expr_run_noopt .............................   Passed    4.26 sec
          Start  623: inline_test_call_run_noopt
 778/1972 Test  #701: inline_test_nested_scope_exposed_call_run_noopt ...............   Passed    4.15 sec
          Start  665: inline_test_factory_arg_scope_run_noopt
 779/1972 Test  #693: inline_test_vararg_negative_run_noopt .........................   Passed    4.26 sec
          Start  677: inline_test_ref_computed_run_noopt
 780/1972 Test  #427: select_dispatch_mixed_run_noopt ...............................   Passed    4.31 sec
          Start  739: inline_test_complex_lhs_assign_run_noopt
 781/1972 Test  #695: inline_test_exposed_nested_call_run_noopt .....................   Passed    4.23 sec
          Start  639: inline_test_unary_expr_run_noopt
 782/1972 Test  #727: inline_test_array_expr_arg_run_noopt ..........................   Passed    4.18 sec
          Start  675: inline_test_ref_stem_run_noopt
 783/1972 Test  #717: inline_test_array_multi_return_assign_run_noopt ...............   Passed    4.35 sec
          Start  625: inline_test_expr_run_noopt
 784/1972 Test  #721: inline_test_object_return_expr_run_noopt ......................   Passed    4.33 sec
          Start  657: inline_test_condition_contexts_run_noopt
 785/1972 Test  #629: inline_test_nested_call_expr_run_noopt ........................   Passed    4.37 sec
          Start  653: inline_test_stateful_assembler_run_noopt
 786/1972 Test  #848: syntaxhighlight_levelc_expression_bad_trailing_operator .......   Passed    1.79 sec
          Start  821: syntaxhighlight_levelc_loose_else
 787/1972 Test  #633: inline_test_say_expr_run_noopt ................................   Passed    4.27 sec
          Start  659: inline_test_loop_bound_expr_run_noopt
 788/1972 Test  #681: inline_test_ref_vararg_runtime_run_noopt ......................   Passed    4.46 sec
          Start  723: inline_test_object_const_arg_mutation_run_noopt
 789/1972 Test  #697: inline_test_nested_scope_do_run_noopt .........................   Passed    4.41 sec
          Start  671: inline_test_ref_opt_run_noopt
 790/1972 Test  #683: inline_test_ref_negative_run_noopt ............................   Passed    4.51 sec
          Start  735: inline_test_imported_bif_block_expr_lifetime_run_noopt
 791/1972 Test  #699: inline_test_nested_scope_if_do_run_noopt ......................   Passed    4.35 sec
          Start  687: inline_test_vararg_run_noopt
 792/1972 Test  #663: inline_test_named_factory_selector_run_noopt ..................   Passed    4.40 sec
          Start  643: inline_test_call_arg_expr_run_noopt
 793/1972 Test  #649: inline_test_composed_expr_contexts_run_noopt ..................   Passed    4.32 sec
          Start  731: inline_test_array_return_temp_run_noopt
 794/1972 Test  #647: inline_test_short_circuit_expr_run_noopt ......................   Passed    4.47 sec
          Start  743: inline_test_class_methods_run_noopt
 795/1972 Test  #627: inline_test_expr_negative_run_noopt ...........................   Passed    4.45 sec
          Start  725: inline_test_object_writable_arg_run_noopt
 796/1972 Test  #711: inline_test_array_return_assign_run_noopt .....................   Passed    4.52 sec
          Start  741: inline_test_binary_arg_return_run_noopt
 797/1972 Test  #709: inline_test_void_fallthrough_call_run_noopt ...................   Passed    4.32 sec
          Start  689: inline_test_vararg_dynamic_run_noopt
 798/1972 Test  #703: inline_test_multi_return_assign_run_noopt .....................   Passed    4.32 sec
          Start  661: inline_test_member_receiver_expr_run_noopt
 799/1972 Test  #715: inline_test_array_multi_return_expr_run_noopt .................   Passed    4.34 sec
          Start  713: inline_test_array_return_expr_run_noopt
 800/1972 Test  #821: syntaxhighlight_levelc_loose_else .............................   Passed    1.74 sec
          Start  803: syntaxhighlight_levelc_simple_instructions
 801/1972 Test  #707: inline_test_multi_return_call_run_noopt .......................   Passed    4.23 sec
          Start  685: inline_test_bool_expr_negative_run_noopt
 802/1972 Test  #803: syntaxhighlight_levelc_simple_instructions ....................   Passed    1.46 sec
          Start  635: inline_test_say_expr_negative_run_noopt
 803/1972 Test  #641: inline_test_compare_expr_run_noopt ............................   Passed    4.27 sec
          Start  631: inline_test_concat_expr_run_noopt
 804/1972 Test  #645: inline_test_call_like_arg_expr_run_noopt ......................   Passed    4.24 sec
          Start  679: inline_test_ref_vararg_run_noopt
 805/1972 Test  #705: inline_test_multi_return_expr_run_noopt .......................   Passed    4.18 sec
          Start  691: inline_test_vararg_dynamic_loop_run_noopt
 806/1972 Test  #673: inline_test_ref_indexed_run_noopt .............................   Passed    4.41 sec
          Start  391: arg_semantics_scalar_run_noopt
 807/1972 Test  #623: inline_test_call_run_noopt ....................................   Passed    4.31 sec
          Start  806: syntaxhighlight_levelc_instruction_bad_forms
 808/1972 Test  #665: inline_test_factory_arg_scope_run_noopt .......................   Passed    4.28 sec
          Start  144: interface_factory_return_type_fail
 809/1972 Test  #729: inline_test_object_expr_arg_run_noopt .........................   Passed    4.47 sec
          Start  223: inline_test1_opt
 810/1972 Test  #653: inline_test_stateful_assembler_run_noopt ......................   Passed    4.17 sec
          Start  432: select_dispatch_strings_run_opt
 811/1972 Test  #677: inline_test_ref_computed_run_noopt ............................   Passed    4.40 sec
          Start  426: select_dispatch_fallback_run_opt
 812/1972 Test  #675: inline_test_ref_stem_run_noopt ................................   Passed    4.31 sec
          Start  424: select_dispatch_integer_run_opt
 813/1972 Test  #625: inline_test_expr_run_noopt ....................................   Passed    4.29 sec
          Start  428: select_dispatch_mixed_run_opt
 814/1972 Test  #639: inline_test_unary_expr_run_noopt ..............................   Passed    4.47 sec
          Start  430: select_dispatch_general_run_opt
 815/1972 Test  #657: inline_test_condition_contexts_run_noopt ......................   Passed    4.39 sec
          Start   73: select_dispatch_fallback_noopt
 816/1972 Test  #739: inline_test_complex_lhs_assign_run_noopt ......................   Passed    4.54 sec
          Start  708: inline_test_multi_return_call_run_opt
 817/1972 Test  #723: inline_test_object_const_arg_mutation_run_noopt ...............   Passed    4.31 sec
          Start  736: inline_test_imported_bif_block_expr_lifetime_run_opt
 818/1972 Test  #671: inline_test_ref_opt_run_noopt .................................   Passed    4.37 sec
          Start  688: inline_test_vararg_run_opt
 819/1972 Test  #659: inline_test_loop_bound_expr_run_noopt .........................   Passed    4.52 sec
          Start  628: inline_test_expr_negative_run_opt
 820/1972 Test  #735: inline_test_imported_bif_block_expr_lifetime_run_noopt ........   Passed    4.31 sec
          Start  726: inline_test_object_writable_arg_run_opt
 821/1972 Test  #687: inline_test_vararg_run_noopt ..................................   Passed    4.38 sec
          Start  702: inline_test_nested_scope_exposed_call_run_opt
 822/1972 Test  #643: inline_test_call_arg_expr_run_noopt ...........................   Passed    4.27 sec
          Start  642: inline_test_compare_expr_run_opt
 823/1972 Test  #725: inline_test_object_writable_arg_run_noopt .....................   Passed    4.24 sec
          Start  704: inline_test_multi_return_assign_run_opt
 824/1972 Test  #731: inline_test_array_return_temp_run_noopt .......................   Passed    4.38 sec
          Start  676: inline_test_ref_stem_run_opt
 825/1972 Test  #741: inline_test_binary_arg_return_run_noopt .......................   Passed    4.34 sec
          Start  648: inline_test_short_circuit_expr_run_opt
 826/1972 Test  #743: inline_test_class_methods_run_noopt ...........................   Passed    4.41 sec
          Start  734: inline_test_block_expr_live_sibling_run_opt
 827/1972 Test  #661: inline_test_member_receiver_expr_run_noopt ....................   Passed    4.31 sec
          Start  742: inline_test_binary_arg_return_run_opt
 828/1972 Test  #689: inline_test_vararg_dynamic_run_noopt ..........................   Passed    4.35 sec
          Start  694: inline_test_vararg_negative_run_opt
 829/1972 Test  #144: interface_factory_return_type_fail ............................   Passed    1.66 sec
          Start  636: inline_test_say_expr_negative_run_opt
 830/1972 Test #1968: crexx_native_address_crexx_smoke ..............................   Passed    7.10 sec
          Start 1966: crexx_native_nocompile_smoke
 831/1972 Test  #713: inline_test_array_return_expr_run_noopt .......................   Passed    4.40 sec
          Start  706: inline_test_multi_return_expr_run_opt
 832/1972 Test  #806: syntaxhighlight_levelc_instruction_bad_forms ..................   Passed    1.89 sec
          Start  710: inline_test_void_fallthrough_call_run_opt
 833/1972 Test  #635: inline_test_say_expr_negative_run_noopt .......................   Passed    4.21 sec
          Start  684: inline_test_ref_negative_run_opt
 834/1972 Test  #685: inline_test_bool_expr_negative_run_noopt ......................   Passed    4.33 sec
          Start  678: inline_test_ref_computed_run_opt
 835/1972 Test  #223: inline_test1_opt ..............................................   Passed    3.58 sec
          Start  241: inline_test_return_expr_opt
 836/1972 Test  #631: inline_test_concat_expr_run_noopt .............................   Passed    4.31 sec
          Start  646: inline_test_call_like_arg_expr_run_opt
 837/1972 Test  #691: inline_test_vararg_dynamic_loop_run_noopt .....................   Passed    4.17 sec
          Start  674: inline_test_ref_indexed_run_opt
 838/1972 Test  #432: select_dispatch_strings_run_opt ...............................   Passed    3.75 sec
          Start  698: inline_test_nested_scope_do_run_opt
 839/1972 Test  #428: select_dispatch_mixed_run_opt .................................   Passed    3.74 sec
          Start  632: inline_test_concat_expr_run_opt
 840/1972 Test  #426: select_dispatch_fallback_run_opt ..............................   Passed    3.80 sec
          Start  638: inline_test_return_expr_run_opt
 841/1972 Test  #679: inline_test_ref_vararg_run_noopt ..............................   Passed    4.39 sec
          Start  662: inline_test_member_receiver_expr_run_opt
 842/1972 Test   #73: select_dispatch_fallback_noopt ................................   Passed    3.70 sec
          Start  331: inline_test_array_return_temp_opt
 843/1972 Test  #424: select_dispatch_integer_run_opt ...............................   Passed    3.92 sec
          Start  690: inline_test_vararg_dynamic_run_opt
 844/1972 Test  #708: inline_test_multi_return_call_run_opt .........................   Passed    3.80 sec
          Start  696: inline_test_exposed_nested_call_run_opt
 845/1972 Test  #430: select_dispatch_general_run_opt ...............................   Passed    3.85 sec
          Start  640: inline_test_unary_expr_run_opt
 846/1972 Test  #391: arg_semantics_scalar_run_noopt ................................   Passed    4.47 sec
          Start   75: select_dispatch_mixed_noopt
 847/1972 Test  #736: inline_test_imported_bif_block_expr_lifetime_run_opt ..........   Passed    3.82 sec
          Start  666: inline_test_factory_arg_scope_run_opt
 848/1972 Test  #688: inline_test_vararg_run_opt ....................................   Passed    3.77 sec
          Start  700: inline_test_nested_scope_if_do_run_opt
 849/1972 Test  #628: inline_test_expr_negative_run_opt .............................   Passed    3.82 sec
          Start  650: inline_test_composed_expr_contexts_run_opt
 850/1972 Test  #726: inline_test_object_writable_arg_run_opt .......................   Passed    3.90 sec
          Start  722: inline_test_object_return_expr_run_opt
 851/1972 Test  #702: inline_test_nested_scope_exposed_call_run_opt .................   Passed    3.84 sec
          Start  730: inline_test_object_expr_arg_run_opt
 852/1972 Test  #704: inline_test_multi_return_assign_run_opt .......................   Passed    3.77 sec
          Start  720: inline_test_object_return_assign_run_opt
 853/1972 Test  #642: inline_test_compare_expr_run_opt ..............................   Passed    3.87 sec
          Start  624: inline_test_call_run_opt
 854/1972 Test  #676: inline_test_ref_stem_run_opt ..................................   Passed    3.80 sec
          Start  644: inline_test_call_arg_expr_run_opt
 855/1972 Test  #742: inline_test_binary_arg_return_run_opt .........................   Passed    3.74 sec
          Start  682: inline_test_ref_vararg_runtime_run_opt
 856/1972 Test  #648: inline_test_short_circuit_expr_run_opt ........................   Passed    3.92 sec
          Start  732: inline_test_array_return_temp_run_opt
 857/1972 Test  #734: inline_test_block_expr_live_sibling_run_opt ...................   Passed    3.98 sec
          Start   71: select_dispatch_integer_noopt
 858/1972 Test  #694: inline_test_vararg_negative_run_opt ...........................   Passed    3.82 sec
          Start  740: inline_test_complex_lhs_assign_run_opt
 859/1972 Test  #636: inline_test_say_expr_negative_run_opt .........................   Passed    3.93 sec
          Start  634: inline_test_say_expr_run_opt
 860/1972 Test  #710: inline_test_void_fallthrough_call_run_opt .....................   Passed    3.87 sec
          Start  249: inline_test_call_like_arg_expr_opt
 861/1972 Test  #706: inline_test_multi_return_expr_run_opt .........................   Passed    3.92 sec
          Start  310: inline_test_array_return_assign_noopt
 862/1972 Test #1966: crexx_native_nocompile_smoke ..................................   Passed    4.66 sec
          Start 1972: crexx_native_nokeep_cleanup
 863/1972 Test  #241: inline_test_return_expr_opt ...................................   Passed    3.47 sec
          Start  304: inline_test_multi_return_expr_noopt
 864/1972 Test  #684: inline_test_ref_negative_run_opt ..............................   Passed    3.72 sec
          Start  248: inline_test_call_like_arg_expr_noopt
 865/1972 Test  #678: inline_test_ref_computed_run_opt ..............................   Passed    3.77 sec
          Start  300: inline_test_nested_scope_exposed_call_noopt
 866/1972 Test  #646: inline_test_call_like_arg_expr_run_opt ........................   Passed    3.78 sec
          Start  314: inline_test_array_multi_return_expr_noopt
 867/1972 Test  #674: inline_test_ref_indexed_run_opt ...............................   Passed    3.83 sec
          Start  630: inline_test_nested_call_expr_run_opt
 868/1972 Test  #698: inline_test_nested_scope_do_run_opt ...........................   Passed    3.77 sec
          Start  664: inline_test_named_factory_selector_run_opt
 869/1972 Test  #331: inline_test_array_return_temp_opt .............................   Passed    3.69 sec
          Start  316: inline_test_array_multi_return_assign_noopt
 870/1972 Test  #662: inline_test_member_receiver_expr_run_opt ......................   Passed    3.83 sec
          Start  252: inline_test_composed_expr_contexts_noopt
 871/1972 Test  #690: inline_test_vararg_dynamic_run_opt ............................   Passed    3.76 sec
          Start  328: inline_test_object_expr_arg_noopt
 872/1972 Test  #638: inline_test_return_expr_run_opt ...............................   Passed    3.93 sec
          Start  277: inline_test_ref_vararg_runtime_opt
 873/1972 Test  #696: inline_test_exposed_nested_call_run_opt .......................   Passed    3.83 sec
          Start  270: inline_test_ref_stem_noopt
 874/1972 Test  #640: inline_test_unary_expr_run_opt ................................   Passed    3.84 sec
          Start   76: select_dispatch_mixed_opt
 875/1972 Test  #632: inline_test_concat_expr_run_opt ...............................   Passed    4.05 sec
          Start  324: inline_test_object_writable_arg_noopt
 876/1972 Test   #75: select_dispatch_mixed_noopt ...................................   Passed    3.72 sec
          Start  312: inline_test_array_return_expr_noopt
 877/1972 Test  #666: inline_test_factory_arg_scope_run_opt .........................   Passed    3.96 sec
          Start  264: inline_test_named_factory_selector_noopt
 878/1972 Test  #650: inline_test_composed_expr_contexts_run_opt ....................   Passed    3.85 sec
          Start  686: inline_test_bool_expr_negative_run_opt
 879/1972 Test  #700: inline_test_nested_scope_if_do_run_opt ........................   Passed    3.94 sec
          Start  318: inline_test_object_return_assign_noopt
 880/1972 Test  #722: inline_test_object_return_expr_run_opt ........................   Passed    4.01 sec
          Start  306: inline_test_multi_return_call_noopt
 881/1972 Test  #730: inline_test_object_expr_arg_run_opt ...........................   Passed    3.95 sec
          Start  272: inline_test_ref_computed_noopt
 882/1972 Test  #624: inline_test_call_run_opt ......................................   Passed    3.81 sec
          Start  338: inline_test_class_methods_noopt
 883/1972 Test  #720: inline_test_object_return_assign_run_opt ......................   Passed    3.98 sec
          Start  298: inline_test_nested_scope_if_do_noopt
 884/1972 Test   #71: select_dispatch_integer_noopt .................................   Passed    3.63 sec
          Start  654: inline_test_stateful_assembler_run_opt
 885/1972 Test  #644: inline_test_call_arg_expr_run_opt .............................   Passed    3.95 sec
          Start  322: inline_test_object_const_arg_mutation_noopt
 886/1972 Test  #732: inline_test_array_return_temp_run_opt .........................   Passed    3.86 sec
          Start  626: inline_test_expr_run_opt
 887/1972 Test  #682: inline_test_ref_vararg_runtime_run_opt ........................   Passed    3.88 sec
          Start  392: arg_semantics_scalar_run_opt
 888/1972 Test  #740: inline_test_complex_lhs_assign_run_opt ........................   Passed    3.85 sec
          Start  290: inline_test_exposed_nested_call_noopt
 889/1972 Test  #249: inline_test_call_like_arg_expr_opt ............................   Passed    3.53 sec
          Start   79: select_dispatch_strings_noopt
 890/1972 Test  #310: inline_test_array_return_assign_noopt .........................   Passed    3.65 sec
          Start  204: arg_semantics_scalar_noopt
 891/1972 Test  #634: inline_test_say_expr_run_opt ..................................   Passed    3.89 sec
          Start  265: inline_test_named_factory_selector_opt
 892/1972 Test  #304: inline_test_multi_return_expr_noopt ...........................   Passed    3.49 sec
          Start  234: inline_test_concat_expr_noopt
 893/1972 Test  #248: inline_test_call_like_arg_expr_noopt ..........................   Passed    3.45 sec
          Start  672: inline_test_ref_opt_run_opt
 894/1972 Test #1972: crexx_native_nokeep_cleanup ...................................   Passed    4.39 sec
          Start 1971: crexx_native_link_keep_inline
 895/1972 Test  #300: inline_test_nested_scope_exposed_call_noopt ...................   Passed    3.56 sec
          Start  236: inline_test_say_expr_noopt
 896/1972 Test  #314: inline_test_array_multi_return_expr_noopt .....................   Passed    3.56 sec
          Start  240: inline_test_return_expr_noopt
 897/1972 Test  #316: inline_test_array_multi_return_assign_noopt ...................   Passed    3.56 sec
          Start  276: inline_test_ref_vararg_runtime_noopt
 898/1972 Test  #630: inline_test_nested_call_expr_run_opt ..........................   Passed    3.70 sec
          Start  718: inline_test_array_multi_return_assign_run_opt
 899/1972 Test  #664: inline_test_named_factory_selector_run_opt ....................   Passed    3.73 sec
          Start  244: inline_test_compare_expr_noopt
 900/1972 Test  #252: inline_test_composed_expr_contexts_noopt ......................   Passed    3.61 sec
          Start  325: inline_test_object_writable_arg_opt
 901/1972 Test  #277: inline_test_ref_vararg_runtime_opt ............................   Passed    3.53 sec
          Start  274: inline_test_ref_vararg_noopt
 902/1972 Test  #312: inline_test_array_return_expr_noopt ...........................   Passed    3.45 sec
          Start   77: select_dispatch_general_noopt
 903/1972 Test  #328: inline_test_object_expr_arg_noopt .............................   Passed    3.66 sec
          Start  302: inline_test_multi_return_assign_noopt
 904/1972 Test   #76: select_dispatch_mixed_opt .....................................   Passed    3.60 sec
          Start  320: inline_test_object_return_expr_noopt
 905/1972 Test  #270: inline_test_ref_stem_noopt ....................................   Passed    3.66 sec
          Start  278: inline_test_ref_negative_noopt
 906/1972 Test  #324: inline_test_object_writable_arg_noopt .........................   Passed    3.65 sec
          Start  238: inline_test_say_expr_negative_noopt
 907/1972 Test  #264: inline_test_named_factory_selector_noopt ......................   Passed    3.52 sec
          Start  332: inline_test_complex_lhs_assign_noopt
 908/1972 Test  #318: inline_test_object_return_assign_noopt ........................   Passed    3.66 sec
          Start  262: inline_test_member_receiver_expr_noopt
 909/1972 Test  #272: inline_test_ref_computed_noopt ................................   Passed    3.49 sec
          Start  296: inline_test_nested_scope_do_noopt
 910/1972 Test  #306: inline_test_multi_return_call_noopt ...........................   Passed    3.63 sec
          Start  242: inline_test_unary_expr_noopt
 911/1972 Test  #686: inline_test_bool_expr_negative_run_opt ........................   Passed    3.92 sec
          Start  680: inline_test_ref_vararg_run_opt
 912/1972 Test  #338: inline_test_class_methods_noopt ...............................   Passed    3.55 sec
          Start  232: inline_test_nested_call_expr_noopt
 913/1972 Test  #298: inline_test_nested_scope_if_do_noopt ..........................   Passed    3.65 sec
          Start  712: inline_test_array_return_assign_run_opt
 914/1972 Test  #322: inline_test_object_const_arg_mutation_noopt ...................   Passed    3.55 sec
          Start  246: inline_test_call_arg_expr_noopt
 915/1972 Test  #290: inline_test_exposed_nested_call_noopt .........................   Passed    3.49 sec
          Start  716: inline_test_array_multi_return_expr_run_opt
 916/1972 Test   #79: select_dispatch_strings_noopt .................................   Passed    3.52 sec
          Start 1818: benchmark_awfy_towers_noopt
 917/1972 Test  #654: inline_test_stateful_assembler_run_opt ........................   Passed    3.84 sec
          Start  714: inline_test_array_return_expr_run_opt
 918/1972 Test  #626: inline_test_expr_run_opt ......................................   Passed    3.74 sec
          Start  230: inline_test_expr_negative_noopt
 919/1972 Test  #392: arg_semantics_scalar_run_opt ..................................   Passed    3.75 sec
          Start  658: inline_test_condition_contexts_run_opt
 920/1972 Test  #265: inline_test_named_factory_selector_opt ........................   Passed    3.48 sec
          Start  330: inline_test_array_return_temp_noopt
 921/1972 Test  #204: arg_semantics_scalar_noopt ....................................   Passed    3.61 sec
          Start  326: inline_test_array_expr_arg_noopt
 922/1972 Test #1818: benchmark_awfy_towers_noopt ...................................   Passed    1.08 sec
          Start  250: inline_test_short_circuit_expr_noopt
 923/1972 Test  #234: inline_test_concat_expr_noopt .................................   Passed    3.40 sec
          Start 1630: testRexxClassicBifC2d_noopt
 924/1972 Test  #236: inline_test_say_expr_noopt ....................................   Passed    3.39 sec
          Start  336: inline_test_block_expr_live_sibling_noopt
 925/1972 Test  #672: inline_test_ref_opt_run_opt ...................................   Passed    3.65 sec
          Start  263: inline_test_member_receiver_expr_opt
 926/1972 Test  #240: inline_test_return_expr_noopt .................................   Passed    3.44 sec
          Start 1722: testRexxClassicBifX2d_noopt
 927/1972 Test  #276: inline_test_ref_vararg_runtime_noopt ..........................   Passed    3.48 sec
          Start  280: inline_test_bool_expr_negative_noopt
 928/1972 Test  #244: inline_test_compare_expr_noopt ................................   Passed    3.48 sec
          Start  728: inline_test_array_expr_arg_run_opt
 929/1972 Test  #325: inline_test_object_writable_arg_opt ...........................   Passed    3.51 sec
          Start  266: inline_test_ref_opt_noopt
 930/1972 Test  #274: inline_test_ref_vararg_noopt ..................................   Passed    3.58 sec
          Start  268: inline_test_ref_indexed_noopt
 931/1972 Test   #77: select_dispatch_general_noopt .................................   Passed    3.55 sec
          Start  288: inline_test_vararg_negative_noopt
 932/1972 Test #1971: crexx_native_link_keep_inline .................................   Passed    4.32 sec
          Start 1967: crexx_native_explicit_header_smoke
 933/1972 Test  #238: inline_test_say_expr_negative_noopt ...........................   Passed    3.49 sec
          Start  334: inline_test_binary_arg_return_noopt
 934/1972 Test  #718: inline_test_array_multi_return_assign_run_opt .................   Passed    3.81 sec
          Start 1869: rxjson_parser_compare_opt
 935/1972 Test  #302: inline_test_multi_return_assign_noopt .........................   Passed    3.62 sec
          Start  660: inline_test_loop_bound_expr_run_opt
 936/1972 Test  #278: inline_test_ref_negative_noopt ................................   Passed    3.53 sec
          Start  692: inline_test_vararg_dynamic_loop_run_opt
 937/1972 Test  #320: inline_test_object_return_expr_noopt ..........................   Passed    3.67 sec
          Start  337: inline_test_block_expr_live_sibling_opt
 938/1972 Test  #332: inline_test_complex_lhs_assign_noopt ..........................   Passed    3.46 sec
          Start  329: inline_test_object_expr_arg_opt
 939/1972 Test  #262: inline_test_member_receiver_expr_noopt ........................   Passed    3.44 sec
          Start  321: inline_test_object_return_expr_opt
 940/1972 Test  #296: inline_test_nested_scope_do_noopt .............................   Passed    3.52 sec
          Start  279: inline_test_ref_negative_opt
 941/1972 Test  #232: inline_test_nested_call_expr_noopt ............................   Passed    3.50 sec
          Start  273: inline_test_ref_computed_opt
 942/1972 Test #1630: testRexxClassicBifC2d_noopt ...................................   Passed    1.89 sec
          Start  258: inline_test_condition_contexts_noopt
 943/1972 Test  #242: inline_test_unary_expr_noopt ..................................   Passed    3.58 sec
          Start  269: inline_test_ref_indexed_opt
 944/1972 Test #1869: rxjson_parser_compare_opt .....................................   Passed    0.70 sec
          Start 1061: rxvminstrumentedsignaltests
 945/1972 Test #1061: rxvminstrumentedsignaltests ...................................   Passed    0.04 sec
          Start 1250: mc_decimal_test1
 946/1972 Test #1250: mc_decimal_test1 ..............................................   Passed    0.00 sec
          Start  228: inline_test_expr_noopt
 947/1972 Test  #680: inline_test_ref_vararg_run_opt ................................   Passed    3.87 sec
          Start 1909: rxpa_staticlink_run_noopt
 948/1972 Test  #246: inline_test_call_arg_expr_noopt ...............................   Passed    3.60 sec
          Start  271: inline_test_ref_stem_opt
 949/1972 Test  #230: inline_test_expr_negative_noopt ...............................   Passed    3.56 sec
          Start  281: inline_test_bool_expr_negative_opt
 950/1972 Test  #712: inline_test_array_return_assign_run_opt .......................   Passed    3.84 sec
          Start  237: inline_test_say_expr_opt
 951/1972 Test  #330: inline_test_array_return_temp_noopt ...........................   Passed    3.54 sec
          Start 1155: float_pool_format_check
 952/1972 Test #1155: float_pool_format_check .......................................   Passed    0.00 sec
          Start  307: inline_test_multi_return_call_opt
 953/1972 Test  #716: inline_test_array_multi_return_expr_run_opt ...................   Passed    3.86 sec
          Start  301: inline_test_nested_scope_exposed_call_opt
 954/1972 Test  #326: inline_test_array_expr_arg_noopt ..............................   Passed    3.57 sec
          Start  226: inline_test_call_noopt
 955/1972 Test  #714: inline_test_array_return_expr_run_opt .........................   Passed    3.78 sec
          Start  227: inline_test_call_opt
 956/1972 Test  #658: inline_test_condition_contexts_run_opt ........................   Passed    3.75 sec
          Start 1922: rxpa_signal_funcs_static_noopt
 957/1972 Test #1722: testRexxClassicBifX2d_noopt ...................................   Passed    2.13 sec
          Start  283: inline_test_vararg_opt
 958/1972 Test #1909: rxpa_staticlink_run_noopt .....................................   Passed    0.73 sec
          Start  297: inline_test_nested_scope_do_opt
 959/1972 Test #1922: rxpa_signal_funcs_static_noopt ................................   Passed    0.64 sec
          Start  299: inline_test_nested_scope_if_do_opt
 960/1972 Test  #250: inline_test_short_circuit_expr_noopt ..........................   Passed    3.47 sec
          Start  229: inline_test_expr_opt
 961/1972 Test  #336: inline_test_block_expr_live_sibling_noopt .....................   Passed    3.54 sec
          Start  247: inline_test_call_arg_expr_opt
 962/1972 Test  #263: inline_test_member_receiver_expr_opt ..........................   Passed    3.47 sec
          Start  243: inline_test_unary_expr_opt
 963/1972 Test  #280: inline_test_bool_expr_negative_noopt ..........................   Passed    3.52 sec
          Start  235: inline_test_concat_expr_opt
 964/1972 Test  #268: inline_test_ref_indexed_noopt .................................   Passed    3.41 sec
          Start  294: inline_test_mutual_recursive_negative_noopt
 965/1972 Test  #288: inline_test_vararg_negative_noopt .............................   Passed    3.40 sec
          Start  291: inline_test_exposed_nested_call_opt
 966/1972 Test  #266: inline_test_ref_opt_noopt .....................................   Passed    3.52 sec
          Start  275: inline_test_ref_vararg_opt
 967/1972 Test  #728: inline_test_array_expr_arg_run_opt ............................   Passed    3.65 sec
          Start  333: inline_test_complex_lhs_assign_opt
 968/1972 Test  #329: inline_test_object_expr_arg_opt ...............................   Passed    3.45 sec
          Start  282: inline_test_vararg_noopt
 969/1972 Test  #334: inline_test_binary_arg_return_noopt ...........................   Passed    3.60 sec
          Start  245: inline_test_compare_expr_opt
 970/1972 Test  #337: inline_test_block_expr_live_sibling_opt .......................   Passed    3.55 sec
          Start  284: inline_test_vararg_dynamic_noopt
 971/1972 Test  #692: inline_test_vararg_dynamic_loop_run_opt .......................   Passed    3.77 sec
          Start 1253: mc_decimal_dyn_test1
 972/1972 Test #1253: mc_decimal_dyn_test1 ..........................................   Passed    0.00 sec
          Start 1054: crexxsaa_cache_tool_clear
 973/1972 Test #1054: crexxsaa_cache_tool_clear .....................................   Passed    0.01 sec
          Start  239: inline_test_say_expr_negative_opt
 974/1972 Test  #660: inline_test_loop_bound_expr_run_opt ...........................   Passed    3.81 sec
          Start 1248: db_decimal_archive_link
 975/1972 Test #1248: db_decimal_archive_link .......................................   Passed    0.01 sec
          Start 1255: mc_decimal_full_tests
 976/1972 Test #1255: mc_decimal_full_tests .........................................   Passed    0.00 sec
          Start  904: source_provenance
 977/1972 Test  #904: source_provenance .............................................   Passed    0.01 sec
          Start  295: inline_test_mutual_recursive_negative_opt
 978/1972 Test  #321: inline_test_object_return_expr_opt ............................   Passed    3.61 sec
          Start  292: inline_test_self_recursive_negative_noopt
 979/1972 Test  #279: inline_test_ref_negative_opt ..................................   Passed    3.52 sec
          Start 1254: mc_decimal_manual_test1
 980/1972 Test #1254: mc_decimal_manual_test1 .......................................   Passed    0.00 sec
          Start 1256: db_decimal_tests
 981/1972 Test #1256: db_decimal_tests ..............................................   Passed    0.00 sec
          Start  289: inline_test_vararg_negative_opt
 982/1972 Test  #273: inline_test_ref_computed_opt ..................................   Passed    3.63 sec
          Start  305: inline_test_multi_return_expr_opt
 983/1972 Test  #258: inline_test_condition_contexts_noopt ..........................   Passed    3.61 sec
          Start  909: source_semantics
 984/1972 Test  #269: inline_test_ref_indexed_opt ...................................   Passed    3.68 sec
          Start  233: inline_test_nested_call_expr_opt
 985/1972 Test  #909: source_semantics ..............................................   Passed    0.09 sec
          Start  293: inline_test_self_recursive_negative_opt
 986/1972 Test  #228: inline_test_expr_noopt ........................................   Passed    3.63 sec
          Start   74: select_dispatch_fallback_opt
 987/1972 Test #1967: crexx_native_explicit_header_smoke ............................   Passed    4.47 sec
          Start 1964: crexx_rxas_import_compile_only
 988/1972 Test  #271: inline_test_ref_stem_opt ......................................   Passed    3.52 sec
          Start  256: inline_test_stateful_assembler_noopt
 989/1972 Test  #281: inline_test_bool_expr_negative_opt ............................   Passed    3.56 sec
          Start  313: inline_test_array_return_expr_opt
 990/1972 Test  #307: inline_test_multi_return_call_opt .............................   Passed    3.55 sec
          Start  308: inline_test_void_fallthrough_call_noopt
 991/1972 Test  #237: inline_test_say_expr_opt ......................................   Passed    3.65 sec
          Start  285: inline_test_vararg_dynamic_opt
 992/1972 Test  #227: inline_test_call_opt ..........................................   Passed    3.53 sec
          Start  311: inline_test_array_return_assign_opt
 993/1972 Test  #301: inline_test_nested_scope_exposed_call_opt .....................   Passed    3.55 sec
          Start   72: select_dispatch_integer_opt
 994/1972 Test  #226: inline_test_call_noopt ........................................   Passed    3.56 sec
          Start 1049: rxdb_usage_smoke
 995/1972 Test #1049: rxdb_usage_smoke ..............................................   Passed    0.01 sec
          Start  231: inline_test_expr_negative_opt
 996/1972 Test  #283: inline_test_vararg_opt ........................................   Passed    3.54 sec
          Start 1062: rxbvminstrumentedsignaltests
 997/1972 Test #1062: rxbvminstrumentedsignaltests ..................................   Passed    0.04 sec
          Start  303: inline_test_multi_return_assign_opt
 998/1972 Test  #297: inline_test_nested_scope_do_opt ...............................   Passed    3.50 sec
          Start  259: inline_test_condition_contexts_opt
 999/1972 Test  #229: inline_test_expr_opt ..........................................   Passed    3.49 sec
          Start  851: syntaxhighlight_levelc_expression_bad_paren
1000/1972 Test  #299: inline_test_nested_scope_if_do_opt ............................   Passed    3.60 sec
          Start  323: inline_test_object_const_arg_mutation_opt
1001/1972 Test  #247: inline_test_call_arg_expr_opt .................................   Passed    3.47 sec
          Start 1730: rexxscript_cli_smoke
1002/1972 Test  #243: inline_test_unary_expr_opt ....................................   Passed    3.47 sec
          Start  319: inline_test_object_return_assign_opt
1003/1972 Test #1730: rexxscript_cli_smoke ..........................................   Passed    0.14 sec
          Start  890: rxvml_utf_boundaries
1004/1972 Test  #890: rxvml_utf_boundaries ..........................................   Passed    0.01 sec
          Start  889: BridgeConnectivity
1005/1972 Test  #889: BridgeConnectivity ............................................   Passed    0.04 sec
          Start  317: inline_test_array_multi_return_assign_opt
1006/1972 Test  #235: inline_test_concat_expr_opt ...................................   Passed    3.46 sec
          Start  327: inline_test_array_expr_arg_opt
1007/1972 Test  #294: inline_test_mutual_recursive_negative_noopt ...................   Passed    3.36 sec
          Start  309: inline_test_void_fallthrough_call_opt
1008/1972 Test  #291: inline_test_exposed_nested_call_opt ...........................   Passed    3.48 sec
          Start  315: inline_test_array_multi_return_expr_opt
1009/1972 Test  #333: inline_test_complex_lhs_assign_opt ............................   Passed    3.43 sec
          Start  205: arg_semantics_scalar_opt
1010/1972 Test  #275: inline_test_ref_vararg_opt ....................................   Passed    3.46 sec
          Start  335: inline_test_binary_arg_return_opt
1011/1972 Test  #282: inline_test_vararg_noopt ......................................   Passed    3.42 sec
          Start  253: inline_test_composed_expr_contexts_opt
1012/1972 Test  #284: inline_test_vararg_dynamic_noopt ..............................   Passed    3.41 sec
          Start   80: select_dispatch_strings_opt
1013/1972 Test  #851: syntaxhighlight_levelc_expression_bad_paren ...................   Passed    1.52 sec
          Start   78: select_dispatch_general_opt
1014/1972 Test  #245: inline_test_compare_expr_opt ..................................   Passed    3.56 sec
          Start  251: inline_test_short_circuit_expr_opt
1015/1972 Test  #239: inline_test_say_expr_negative_opt .............................   Passed    3.47 sec
          Start  267: inline_test_ref_opt_opt
1016/1972 Test  #295: inline_test_mutual_recursive_negative_opt .....................   Passed    3.49 sec
          Start  260: inline_test_loop_bound_expr_noopt
1017/1972 Test  #292: inline_test_self_recursive_negative_noopt .....................   Passed    3.48 sec
          Start  257: inline_test_stateful_assembler_opt
1018/1972 Test  #289: inline_test_vararg_negative_opt ...............................   Passed    3.57 sec
          Start  577: inline_receiver_reference_alias_opt
1019/1972 Test  #305: inline_test_multi_return_expr_opt .............................   Passed    3.52 sec
          Start  287: inline_test_vararg_dynamic_loop_opt
1020/1972 Test   #74: select_dispatch_fallback_opt ..................................   Passed    3.50 sec
          Start  261: inline_test_loop_bound_expr_opt
1021/1972 Test  #233: inline_test_nested_call_expr_opt ..............................   Passed    3.57 sec
          Start  954: test_signal_direct_opt
1022/1972 Test  #293: inline_test_self_recursive_negative_opt .......................   Passed    3.58 sec
          Start  286: inline_test_vararg_dynamic_loop_noopt
1023/1972 Test #1964: crexx_rxas_import_compile_only ................................   Passed    3.55 sec
          Start 1970: crexx_native_linkmap_keep_source
1024/1972 Test  #256: inline_test_stateful_assembler_noopt ..........................   Passed    3.49 sec
          Start  953: test_signal_direct_noopt
1025/1972 Test  #231: inline_test_expr_negative_opt .................................   Passed    3.38 sec
          Start  900: dynamic_interface_load_rxbvm
1026/1972 Test  #313: inline_test_array_return_expr_opt .............................   Passed    3.60 sec
          Start  899: dynamic_interface_load_rxvm
1027/1972 Test  #285: inline_test_vararg_dynamic_opt ................................   Passed    3.55 sec
          Start 1819: benchmark_awfy_towers_opt
1028/1972 Test  #311: inline_test_array_return_assign_opt ...........................   Passed    3.56 sec
          Start  844: syntaxhighlight_levelc_expression_comparisons
1029/1972 Test   #72: select_dispatch_integer_opt ...................................   Passed    3.59 sec
          Start 1631: testRexxClassicBifC2d_opt
1030/1972 Test  #308: inline_test_void_fallthrough_call_noopt .......................   Passed    3.69 sec
          Start 1723: testRexxClassicBifX2d_opt
1031/1972 Test  #303: inline_test_multi_return_assign_opt ...........................   Passed    3.54 sec
          Start  744: inline_test_class_methods_run_opt
1032/1972 Test  #259: inline_test_condition_contexts_opt ............................   Passed    3.46 sec
          Start 1577: classlib_rxdas_inline_preserve_smoke
1033/1972 Test #1819: benchmark_awfy_towers_opt .....................................   Passed    0.34 sec
          Start  724: inline_test_object_const_arg_mutation_run_opt
1034/1972 Test  #323: inline_test_object_const_arg_mutation_opt .....................   Passed    3.39 sec
          Start  651: inline_test_byvalue_arg_reuse_run_noopt
1035/1972 Test  #953: test_signal_direct_noopt ......................................   Passed    1.26 sec
          Start 1876: jump_dispatch_compare_noopt
1036/1972 Test  #954: test_signal_direct_opt ........................................   Passed    1.34 sec
          Start 1862: binary_fastpath_compare_noopt
1037/1972 Test #1577: classlib_rxdas_inline_preserve_smoke ..........................   Passed    0.76 sec
          Start  783: address_inline_then_parse
1038/1972 Test  #900: dynamic_interface_load_rxbvm ..................................   Passed    1.26 sec
          Start  254: inline_test_byvalue_arg_reuse_noopt
1039/1972 Test  #319: inline_test_object_return_assign_opt ..........................   Passed    3.52 sec
          Start  652: inline_test_byvalue_arg_reuse_run_opt
1040/1972 Test  #899: dynamic_interface_load_rxvm ...................................   Passed    1.29 sec
          Start 1541: ts_llm_ollama_noopt
1041/1972 Test  #317: inline_test_array_multi_return_assign_opt .....................   Passed    3.38 sec
          Start 1597: testObjectCollections_opt
1042/1972 Test  #327: inline_test_array_expr_arg_opt ................................   Passed    3.41 sec
          Start 1864: binary_byvalue_compare_rxvm_noopt
1043/1972 Test  #309: inline_test_void_fallthrough_call_opt .........................   Passed    3.39 sec
          Start  255: inline_test_byvalue_arg_reuse_opt
1044/1972 Test  #844: syntaxhighlight_levelc_expression_comparisons .................   Passed    1.62 sec
          Start  820: syntaxhighlight_levelc_loose_then
1045/1972 Test #1723: testRexxClassicBifX2d_opt .....................................   Passed    1.59 sec
          Start 1280: ts_address_argv_noopt
1046/1972 Test #1631: testRexxClassicBifC2d_opt .....................................   Passed    1.64 sec
          Start 1599: testStringObjectMaps_opt
1047/1972 Test #1862: binary_fastpath_compare_noopt .................................   Passed    0.93 sec
          Start 1866: binary_byvalue_compare_rxbvm_noopt
1048/1972 Test #1876: jump_dispatch_compare_noopt ...................................   Passed    0.96 sec
          Start 1583: testStringArrayList_opt
1049/1972 Test  #335: inline_test_binary_arg_return_opt .............................   Passed    3.46 sec
          Start  991: test_trace_env_opt
1050/1972 Test  #205: arg_semantics_scalar_opt ......................................   Passed    3.48 sec
          Start 1938: rxpa_array_push_funcs_static_noopt
1051/1972 Test  #315: inline_test_array_multi_return_expr_opt .......................   Passed    3.56 sec
          Start 1543: ts_llm_providers_noopt
1052/1972 Test  #253: inline_test_composed_expr_contexts_opt ........................   Passed    3.53 sec
          Start  974: test_trace_results_opt
1053/1972 Test #1541: ts_llm_ollama_noopt ...........................................   Passed    0.93 sec
          Start  948: test_parse_direct_opt
1054/1972 Test   #78: select_dispatch_general_opt ...................................   Passed    3.61 sec
          Start  973: test_trace_results_noopt
1055/1972 Test #1597: testObjectCollections_opt .....................................   Passed    1.08 sec
          Start  990: test_trace_env_noopt
1056/1972 Test   #80: select_dispatch_strings_opt ...................................   Passed    3.67 sec
          Start 1558: getpi_test_noopt
1057/1972 Test  #251: inline_test_short_circuit_expr_opt ............................   Passed    3.61 sec
          Start  947: test_parse_direct_noopt
1058/1972 Test #1280: ts_address_argv_noopt .........................................   Passed    0.72 sec
          Start 1842: nr03_evidence_tool_selftest_noopt
1059/1972 Test #1864: binary_byvalue_compare_rxvm_noopt .............................   Passed    0.81 sec
          Start 1619: testRexxRuntimePools_opt
1060/1972 Test  #267: inline_test_ref_opt_opt .......................................   Passed    3.56 sec
          Start 1516: ts_rxhttp_noopt
1061/1972 Test  #260: inline_test_loop_bound_expr_noopt .............................   Passed    3.55 sec
          Start 1548: arrays_test_noopt
1062/1972 Test  #257: inline_test_stateful_assembler_opt ............................   Passed    3.53 sec
          Start 1843: nr03_evidence_tool_selftest_opt
1063/1972 Test #1938: rxpa_array_push_funcs_static_noopt ............................   Passed    0.67 sec
          Start  927: test_address_opt
1064/1972 Test #1866: binary_byvalue_compare_rxbvm_noopt ............................   Passed    0.82 sec
          Start 1294: ts_countstr_noopt
1065/1972 Test  #991: test_trace_env_opt ............................................   Passed    0.87 sec
          Start 1486: ts_raise_noopt
1066/1972 Test #1599: testStringObjectMaps_opt ......................................   Passed    1.06 sec
          Start  997: test_trace_source_jump_opt
1067/1972 Test #1543: ts_llm_providers_noopt ........................................   Passed    0.83 sec
          Start 1452: ts_b2x_noopt
1068/1972 Test #1583: testStringArrayList_opt .......................................   Passed    1.09 sec
          Start 1514: ts_socket_tls_live_noopt
1069/1972 Test  #974: test_trace_results_opt ........................................   Passed    0.84 sec
          Start 1830: benchmark_base64_roundtrip_noopt
1070/1972 Test  #287: inline_test_vararg_dynamic_loop_opt ...........................   Passed    3.65 sec
          Start 1340: ts_regex_noopt
1071/1972 Test  #990: test_trace_env_noopt ..........................................   Passed    0.83 sec
          Start 1942: rxpa_native_payload_funcs_static_noopt
1072/1972 Test #1558: getpi_test_noopt ..............................................   Passed    0.80 sec
          Start 1418: ts_arraycontains_noopt
1073/1972 Test  #973: test_trace_results_noopt ......................................   Passed    0.85 sec
          Start 1448: ts_arraysort_noopt
1074/1972 Test  #286: inline_test_vararg_dynamic_loop_noopt .........................   Passed    3.62 sec
          Start 1920: rxpa_signal_funcs_dynamic_noopt
1075/1972 Test  #261: inline_test_loop_bound_expr_opt ...............................   Passed    3.69 sec
          Start  939: test_fsay_opt
1076/1972 Test #1619: testRexxRuntimePools_opt ......................................   Passed    0.78 sec
          Start 1328: ts_overlay_noopt
1077/1972 Test #1516: ts_rxhttp_noopt ...............................................   Passed    0.82 sec
          Start 1478: ts_objectarrayinsert_noopt
1078/1972 Test #1842: nr03_evidence_tool_selftest_noopt .............................   Passed    0.88 sec
          Start 1412: ts_arraydelete_noopt
1079/1972 Test #1294: ts_countstr_noopt .............................................   Passed    0.70 sec
          Start 1568: recv390_test_noopt
1080/1972 Test  #927: test_address_opt ..............................................   Passed    0.76 sec
          Start  992: test_trace_env_invalid_noopt
1081/1972 Test #1548: arrays_test_noopt .............................................   Passed    0.85 sec
          Start 1468: ts_max_noopt
1082/1972 Test #1843: nr03_evidence_tool_selftest_opt ...............................   Passed    0.83 sec
          Start 1570: map_test_noopt
1083/1972 Test  #820: syntaxhighlight_levelc_loose_then .............................   Passed    1.74 sec
          Start  834: syntaxhighlight_levelc_do_forever_bad_tail
1084/1972 Test #1452: ts_b2x_noopt ..................................................   Passed    0.72 sec
          Start  985: test_trace_file_opt
1085/1972 Test #1486: ts_raise_noopt ................................................   Passed    0.79 sec
          Start 1462: ts_getenv_noopt
1086/1972 Test  #997: test_trace_source_jump_opt ....................................   Passed    0.77 sec
          Start 1400: ts_index_noopt
1087/1972 Test  #948: test_parse_direct_opt .........................................   Passed    1.42 sec
          Start 1348: ts_strip_noopt
1088/1972 Test #1514: ts_socket_tls_live_noopt ......................................   Passed    0.75 sec
          Start 1482: ts_objectarrayprepend_noopt
1089/1972 Test #1830: benchmark_base64_roundtrip_noopt ..............................   Passed    0.77 sec
          Start 1512: ts_rxsocket_noopt
1090/1972 Test #1340: ts_regex_noopt ................................................   Passed    0.77 sec
          Start 1932: rxpa_float_funcs_dynamic_noopt
1091/1972 Test #1970: crexx_native_linkmap_keep_source ..............................   Passed    4.32 sec
          Start 1963: crexx_source_root_compile_only
1092/1972 Test  #947: test_parse_direct_noopt .......................................   Passed    1.52 sec
          Start  923: test_sortx_noopt
1093/1972 Test  #939: test_fsay_opt .................................................   Passed    0.73 sec
          Start 1464: ts_itrunc_noopt
1094/1972 Test #1418: ts_arraycontains_noopt ........................................   Passed    0.77 sec
          Start 1504: ts_rxjson_noopt
1095/1972 Test #1448: ts_arraysort_noopt ............................................   Passed    0.81 sec
          Start 1336: ts_random_noopt
1096/1972 Test #1328: ts_overlay_noopt ..............................................   Passed    0.77 sec
          Start 1734: example_pprint_exit
1097/1972 Test #1920: rxpa_signal_funcs_dynamic_noopt ...............................   Passed    0.85 sec
          Start 1344: ts_sign_noopt
1098/1972 Test #1942: rxpa_native_payload_funcs_static_noopt ........................   Passed    0.89 sec
          Start 1428: ts_arrayhi_noopt
1099/1972 Test #1478: ts_objectarrayinsert_noopt ....................................   Passed    0.77 sec
          Start 1284: ts_binary_noopt
1100/1972 Test  #992: test_trace_env_invalid_noopt ..................................   Passed    0.80 sec
          Start 1370: ts_verify_noopt
1101/1972 Test #1412: ts_arraydelete_noopt ..........................................   Passed    0.82 sec
1102/1972 Test #1468: ts_max_noopt ..................................................   Passed    0.76 sec
          Start 1614: testOS_noopt
          Start 1402: ts_parse_noopt
1103/1972 Test #1570: map_test_noopt ................................................   Passed    0.77 sec
          Start 1382: ts_x2d_noopt
1104/1972 Test #1568: recv390_test_noopt ............................................   Passed    0.87 sec
          Start 1304: ts_date_core_noopt
1105/1972 Test  #744: inline_test_class_methods_run_opt .............................   Passed    3.94 sec
          Start 1424: ts_arrayfind_noopt
1106/1972 Test  #724: inline_test_object_const_arg_mutation_run_opt .................   Passed    3.95 sec
          Start 1476: ts_objectarraydrop_noopt
1107/1972 Test  #577: inline_receiver_reference_alias_opt ...........................   Passed    5.15 sec
          Start 1376: ts_wrdix_noopt
1108/1972 Test #1400: ts_index_noopt ................................................   Passed    0.78 sec
          Start 1480: ts_objectarraymove_noopt
1109/1972 Test #1462: ts_getenv_noopt ...............................................   Passed    0.81 sec
          Start 1300: ts_date_noopt
1110/1972 Test #1348: ts_strip_noopt ................................................   Passed    0.76 sec
          Start 1844: nr10_cross_runtime_matrix_selftest_noopt
1111/1972 Test  #985: test_trace_file_opt ...........................................   Passed    0.90 sec
          Start 1566: id_test_noopt
1112/1972 Test #1482: ts_objectarrayprepend_noopt ...................................   Passed    0.84 sec
          Start 1430: ts_arrayindexof_noopt
1113/1972 Test #1932: rxpa_float_funcs_dynamic_noopt ................................   Passed    0.79 sec
          Start 1498: ts_xrange_noopt
1114/1972 Test #1512: ts_rxsocket_noopt .............................................   Passed    0.84 sec
          Start 1907: rxpa_dynlink_run_noopt
1115/1972 Test  #923: test_sortx_noopt ..............................................   Passed    0.80 sec
          Start  993: test_trace_env_invalid_opt
1116/1972 Test #1464: ts_itrunc_noopt ...............................................   Passed    0.81 sec
          Start  995: test_trace_env_ignored_opt
1117/1972 Test #1428: ts_arrayhi_noopt ..............................................   Passed    0.72 sec
          Start 1380: ts_x2c_noopt
1118/1972 Test #1504: ts_rxjson_noopt ...............................................   Passed    0.85 sec
          Start 1488: ts_rxsystem_noopt
1119/1972 Test #1284: ts_binary_noopt ...............................................   Passed    0.77 sec
          Start 1314: ts_fnv_noopt
1120/1972 Test #1336: ts_random_noopt ...............................................   Passed    0.85 sec
          Start 1572: tcp_test_noopt
1121/1972 Test #1344: ts_sign_noopt .................................................   Passed    0.82 sec
          Start  942: test_msay_opt
1122/1972 Test #1734: example_pprint_exit ...........................................   Passed    0.89 sec
          Start 1352: ts_test_noopt
1123/1972 Test  #783: address_inline_then_parse .....................................   Passed    3.91 sec
          Start 1562: llist_test_noopt
1124/1972 Test #1370: ts_verify_noopt ...............................................   Passed    0.84 sec
          Start 1612: testKeyDB_noopt
1125/1972 Test #1424: ts_arrayfind_noopt ............................................   Passed    0.78 sec
          Start 1820: benchmark_awfy_bounce_noopt
1126/1972 Test #1382: ts_x2d_noopt ..................................................   Passed    0.89 sec
          Start 1554: cipher_test_noopt
1127/1972 Test #1402: ts_parse_noopt ................................................   Passed    0.90 sec
          Start 1368: ts_value_noopt
1128/1972 Test #1304: ts_date_core_noopt ............................................   Passed    0.85 sec
          Start 1564: treemap_test_noopt
1129/1972 Test #1614: testOS_noopt ..................................................   Passed    0.95 sec
          Start  994: test_trace_env_ignored_noopt
1130/1972 Test #1376: ts_wrdix_noopt ................................................   Passed    0.81 sec
          Start 1444: ts_arrayset_noopt
1131/1972 Test #1480: ts_objectarraymove_noopt ......................................   Passed    0.85 sec
          Start 1312: ts_format_noopt
1132/1972 Test  #254: inline_test_byvalue_arg_reuse_noopt ...........................   Passed    4.01 sec
          Start 1484: ts_qwordlength_noopt
1133/1972 Test #1476: ts_objectarraydrop_noopt ......................................   Passed    0.88 sec
          Start 1394: ts_reradix_noopt
1134/1972 Test #1300: ts_date_noopt .................................................   Passed    0.85 sec
          Start 1948: rxpa_mult_test_noopt
1135/1972 Test #1566: id_test_noopt .................................................   Passed    0.89 sec
          Start 1358: ts_translate_noopt
1136/1972 Test #1844: nr10_cross_runtime_matrix_selftest_noopt ......................   Passed    0.97 sec
          Start 1924: rxpa_string_funcs_dynamic_noopt
1137/1972 Test  #652: inline_test_byvalue_arg_reuse_run_opt .........................   Passed    4.14 sec
          Start 1306: ts_delstr_noopt
1138/1972 Test #1430: ts_arrayindexof_noopt .........................................   Passed    0.88 sec
          Start 1492: ts_signal_noopt
1139/1972 Test  #651: inline_test_byvalue_arg_reuse_run_noopt .......................   Passed    4.74 sec
          Start 1560: keyaccess_test_noopt
1140/1972 Test #1498: ts_xrange_noopt ...............................................   Passed    0.84 sec
          Start 1456: ts_centre_noopt
1141/1972 Test #1907: rxpa_dynlink_run_noopt ........................................   Passed    0.85 sec
          Start 1574: system_test_noopt
1142/1972 Test  #834: syntaxhighlight_levelc_do_forever_bad_tail ....................   Passed    2.09 sec
          Start  832: syntaxhighlight_levelc_leave_outside_loop
1143/1972 Test  #993: test_trace_env_invalid_opt ....................................   Passed    0.87 sec
          Start 1732: example_array_formatting
1144/1972 Test  #995: test_trace_env_ignored_opt ....................................   Passed    0.89 sec
          Start 1416: ts_arrayappend_noopt
1145/1972 Test #1380: ts_x2c_noopt ..................................................   Passed    0.87 sec
          Start 1410: ts_splice_noopt
1146/1972 Test #1488: ts_rxsystem_noopt .............................................   Passed    0.88 sec
          Start 1292: ts_compare_noopt
1147/1972 Test #1314: ts_fnv_noopt ..................................................   Passed    0.86 sec
          Start 1434: ts_arrayjoin_noopt
1148/1972 Test #1572: tcp_test_noopt ................................................   Passed    0.89 sec
          Start 1332: ts_qpos_noopt
1149/1972 Test  #255: inline_test_byvalue_arg_reuse_opt .............................   Passed    4.08 sec
          Start 1494: ts_substro_noopt
1150/1972 Test #1562: llist_test_noopt ..............................................   Passed    0.85 sec
          Start 1330: ts_pos_noopt
1151/1972 Test  #942: test_msay_opt .................................................   Passed    0.95 sec
          Start 1470: ts_min_noopt
1152/1972 Test #1352: ts_test_noopt .................................................   Passed    0.96 sec
          Start 1406: ts_datatype_noopt
1153/1972 Test #1612: testKeyDB_noopt ...............................................   Passed    0.90 sec
          Start  926: test_address_noopt
1154/1972 Test #1368: ts_value_noopt ................................................   Passed    0.86 sec
          Start 1374: ts_wordpos_noopt
1155/1972 Test #1820: benchmark_awfy_bounce_noopt ...................................   Passed    0.93 sec
          Start 1436: ts_arraymove_noopt
1156/1972 Test #1564: treemap_test_noopt ............................................   Passed    0.88 sec
          Start 1824: benchmark_awfy_list_noopt
1157/1972 Test  #994: test_trace_env_ignored_noopt ..................................   Passed    0.88 sec
          Start 1846: nr10_lifecycle_tool_selftest_noopt
1158/1972 Test #1554: cipher_test_noopt .............................................   Passed    0.95 sec
          Start 1396: ts_sequence_noopt
1159/1972 Test #1444: ts_arrayset_noopt .............................................   Passed    0.87 sec
          Start 1556: strings_test_noopt
1160/1972 Test #1312: ts_format_noopt ...............................................   Passed    0.91 sec
          Start 1472: ts_objectarrayappend_noopt
1161/1972 Test #1948: rxpa_mult_test_noopt ..........................................   Passed    0.88 sec
          Start 1366: ts_version_noopt
1162/1972 Test #1484: ts_qwordlength_noopt ..........................................   Passed    0.91 sec
          Start 1386: tslastpos_noopt
1163/1972 Test #1394: ts_reradix_noopt ..............................................   Passed    0.91 sec
          Start 1496: ts_subword_noopt
1164/1972 Test #1306: ts_delstr_noopt ...............................................   Passed    0.81 sec
          Start 1530: ts_arraysort_errors_noopt
1165/1972 Test #1358: ts_translate_noopt ............................................   Passed    0.91 sec
          Start 1454: ts_c2d_noopt
1166/1972 Test #1924: rxpa_string_funcs_dynamic_noopt ...............................   Passed    0.89 sec
          Start  920: test_sort_noopt
1167/1972 Test #1456: ts_centre_noopt ...............................................   Passed    0.81 sec
          Start 1610: testid_noopt
1168/1972 Test #1492: ts_signal_noopt ...............................................   Passed    0.89 sec
          Start 1378: ts_x2b_noopt
1169/1972 Test #1560: keyaccess_test_noopt ..........................................   Passed    0.88 sec
          Start 1308: ts_delword_noopt
1170/1972 Test #1574: system_test_noopt .............................................   Passed    0.86 sec
          Start 1318: ts_insert_noopt
1171/1972 Test #1732: example_array_formatting ......................................   Passed    0.87 sec
          Start  924: test_sortx_opt
1172/1972 Test #1416: ts_arrayappend_noopt ..........................................   Passed    0.84 sec
          Start 1438: ts_arraypop_noopt
1173/1972 Test #1434: ts_arrayjoin_noopt ............................................   Passed    0.78 sec
          Start 1848: nr10_artifact_inventory_selftest_noopt
1174/1972 Test #1292: ts_compare_noopt ..............................................   Passed    0.82 sec
          Start  996: test_trace_source_jump_noopt
1175/1972 Test #1410: ts_splice_noopt ...............................................   Passed    0.90 sec
          Start 1268: ts_abs_noopt
1176/1972 Test #1332: ts_qpos_noopt .................................................   Passed    0.83 sec
          Start 1326: ts_min_max_noopt
1177/1972 Test #1470: ts_min_noopt ..................................................   Passed    0.81 sec
          Start 1442: ts_arrayreverse_noopt
1178/1972 Test #1406: ts_datatype_noopt .............................................   Passed    0.77 sec
          Start  935: test_add_noopt
1179/1972 Test #1494: ts_substro_noopt ..............................................   Passed    0.88 sec
          Start 1446: ts_arrayshift_noopt
1180/1972 Test #1330: ts_pos_noopt ..................................................   Passed    0.86 sec
          Start 1334: ts_qlibrary_noopt
1181/1972 Test  #926: test_address_noopt ............................................   Passed    0.90 sec
          Start 1360: ts_trunc_noopt
1182/1972 Test #1396: ts_sequence_noopt .............................................   Passed    0.81 sec
          Start 1576: test_system
1183/1972 Test #1556: strings_test_noopt ............................................   Passed    0.79 sec
          Start 1460: ts_ftrunc_noopt
1184/1972 Test #1436: ts_arraymove_noopt ............................................   Passed    0.88 sec
          Start  977: test_trace_llm_opt
1185/1972 Test #1374: ts_wordpos_noopt ..............................................   Passed    0.93 sec
          Start 1432: ts_arrayinsert_noopt
1186/1972 Test #1824: benchmark_awfy_list_noopt .....................................   Passed    0.90 sec
          Start 1346: ts_space_noopt
1187/1972 Test #1846: nr10_lifecycle_tool_selftest_noopt ............................   Passed    0.88 sec
          Start 1298: ts_d2x_noopt
1188/1972 Test #1472: ts_objectarrayappend_noopt ....................................   Passed    0.83 sec
          Start 1828: benchmark_json_parser_noopt
1189/1972 Test #1386: tslastpos_noopt ...............................................   Passed    0.86 sec
          Start 1934: rxpa_float_funcs_static_noopt
1190/1972 Test #1496: ts_subword_noopt ..............................................   Passed    0.85 sec
          Start 1264: tlinesz_noopt
1191/1972 Test #1366: ts_version_noopt ..............................................   Passed    0.88 sec
          Start  936: test_add_opt
1192/1972 Test #1530: ts_arraysort_errors_noopt .....................................   Passed    0.85 sec
          Start 1384: tscopies_noopt
1193/1972 Test  #920: test_sort_noopt ...............................................   Passed    0.84 sec
          Start 1414: ts_arraydelete_focused_noopt
1194/1972 Test #1454: ts_c2d_noopt ..................................................   Passed    0.86 sec
          Start 1426: ts_arrayget_noopt
1195/1972 Test #1308: ts_delword_noopt ..............................................   Passed    0.80 sec
          Start  938: test_fsay_noopt
1196/1972 Test #1378: ts_x2b_noopt ..................................................   Passed    0.84 sec
          Start  933: test_execio_opt
1197/1972 Test #1318: ts_insert_noopt ...............................................   Passed    0.77 sec
          Start  921: test_sort_opt
1198/1972 Test #1610: testid_noopt ..................................................   Passed    0.90 sec
          Start  932: test_execio_noopt
1199/1972 Test #1438: ts_arraypop_noopt .............................................   Passed    0.80 sec
          Start  918: test_query_opt
1200/1972 Test #1848: nr10_artifact_inventory_selftest_noopt ........................   Passed    0.81 sec
          Start 1490: ts_rxsystem_exit_noopt
1201/1972 Test  #924: test_sortx_opt ................................................   Passed    0.84 sec
          Start 1422: ts_arraydrop_noopt
1202/1972 Test #1326: ts_min_max_noopt ..............................................   Passed    0.77 sec
          Start 1940: rxpa_native_payload_funcs_dynamic_noopt
1203/1972 Test  #996: test_trace_source_jump_noopt ..................................   Passed    0.87 sec
          Start 1290: ts_changestr_noopt
1204/1972 Test #1268: ts_abs_noopt ..................................................   Passed    0.83 sec
          Start 1500: ts_objectarray_noopt
1205/1972 Test  #935: test_add_noopt ................................................   Passed    0.81 sec
          Start 1552: stack_test_noopt
1206/1972 Test #1334: ts_qlibrary_noopt .............................................   Passed    0.81 sec
          Start 1450: ts_b2d_noopt
1207/1972 Test #1446: ts_arrayshift_noopt ...........................................   Passed    0.85 sec
          Start 1936: rxpa_array_push_funcs_dynamic_noopt
1208/1972 Test  #832: syntaxhighlight_levelc_leave_outside_loop .....................   Passed    2.04 sec
          Start  817: syntaxhighlight_levelc_labels_literals
1209/1972 Test #1442: ts_arrayreverse_noopt .........................................   Passed    0.94 sec
          Start  983: test_trace_stderr_opt
1210/1972 Test #1360: ts_trunc_noopt ................................................   Passed    0.83 sec
          Start 1372: ts_wordlength_noopt
1211/1972 Test #1432: ts_arrayinsert_noopt ..........................................   Passed    0.81 sec
          Start  917: test_query_noopt
1212/1972 Test #1298: ts_d2x_noopt ..................................................   Passed    0.81 sec
          Start 1392: ts_words_noopt
1213/1972 Test #1460: ts_ftrunc_noopt ...............................................   Passed    0.89 sec
1214/1972 Test #1346: ts_space_noopt ................................................   Passed    0.87 sec
          Start 1338: ts_reverse_noopt
          Start 1288: ts_center_noopt
1215/1972 Test #1576: test_system ...................................................   Passed    0.92 sec
          Start  982: test_trace_stderr_noopt
1216/1972 Test  #977: test_trace_llm_opt ............................................   Passed    0.91 sec
          Start 1420: ts_arraycopy_noopt
1217/1972 Test #1828: benchmark_json_parser_noopt ...................................   Passed    0.87 sec
          Start 1474: ts_objectarraydelete_noopt
1218/1972 Test  #936: test_add_opt ..................................................   Passed    0.82 sec
          Start 1286: ts_c2x_noopt
1219/1972 Test #1264: tlinesz_noopt .................................................   Passed    0.84 sec
          Start 1928: rxpa_int_funcs_dynamic_noopt
1220/1972 Test #1384: tscopies_noopt ................................................   Passed    0.84 sec
          Start 1458: ts_d2b_noopt
1221/1972 Test #1934: rxpa_float_funcs_static_noopt .................................   Passed    0.95 sec
          Start  959: reference_source_invalid_signal_noopt
1222/1972 Test #1414: ts_arraydelete_focused_noopt ..................................   Passed    0.86 sec
          Start 1398: ts_find_noopt
1223/1972 Test #1426: ts_arrayget_noopt .............................................   Passed    0.86 sec
          Start 1266: ts_abbrev_noopt
1224/1972 Test  #933: test_execio_opt ...............................................   Passed    0.85 sec
          Start 1350: ts_symbol_noopt
1225/1972 Test  #938: test_fsay_noopt ...............................................   Passed    0.87 sec
          Start 1550: math_test_noopt
1226/1972 Test  #921: test_sort_opt .................................................   Passed    0.86 sec
          Start 1440: ts_arrayprepend_noopt
1227/1972 Test  #932: test_execio_noopt .............................................   Passed    0.85 sec
          Start 1302: ts_date2_noopt
1228/1972 Test  #918: test_query_opt ................................................   Passed    0.84 sec
          Start 1296: ts_d2c_noopt
1229/1972 Test #1940: rxpa_native_payload_funcs_dynamic_noopt .......................   Passed    0.80 sec
          Start  941: test_msay_noopt
1230/1972 Test #1422: ts_arraydrop_noopt ............................................   Passed    0.85 sec
          Start 1270: ts_typed_numeric_noopt
1231/1972 Test #1500: ts_objectarray_noopt ..........................................   Passed    0.83 sec
          Start 1528: ts_address_array_lifecycle_rxbvm_noopt
1232/1972 Test #1490: ts_rxsystem_exit_noopt ........................................   Passed    0.93 sec
          Start 1852: reference_iterator_compare_rxvm_noopt
1233/1972 Test #1552: stack_test_noopt ..............................................   Passed    0.81 sec
          Start 1316: ts_fsayfmt_noopt
1234/1972 Test #1290: ts_changestr_noopt ............................................   Passed    0.88 sec
          Start  970: test_trace_negated_string_noopt
1235/1972 Test #1450: ts_b2d_noopt ..................................................   Passed    0.79 sec
          Start  960: reference_source_invalid_signal_opt
1236/1972 Test #1936: rxpa_array_push_funcs_dynamic_noopt ...........................   Passed    0.83 sec
          Start 1854: reference_iterator_compare_rxbvm_noopt
1237/1972 Test  #983: test_trace_stderr_opt .........................................   Passed    0.84 sec
          Start  971: test_trace_negated_string_opt
1238/1972 Test #1372: ts_wordlength_noopt ...........................................   Passed    0.81 sec
          Start  950: test_signal_noopt
1239/1972 Test #1392: ts_words_noopt ................................................   Passed    0.84 sec
1240/1972 Test #1288: ts_center_noopt ...............................................   Passed    0.79 sec
          Start  998: test_trace_namespace_commands_noopt
          Start  951: test_signal_opt
1241/1972 Test  #917: test_query_noopt ..............................................   Passed    0.87 sec
          Start  999: test_trace_namespace_commands_opt
1242/1972 Test  #982: test_trace_stderr_noopt .......................................   Passed    0.83 sec
          Start 1834: benchmark_parse_frozen_generic_noopt
1243/1972 Test #1338: ts_reverse_noopt ..............................................   Passed    0.85 sec
          Start  957: test_signal_block_opt
1244/1972 Test #1420: ts_arraycopy_noopt ............................................   Passed    0.83 sec
          Start 1282: ts_address_array_lifecycle_noopt
1245/1972 Test #1928: rxpa_int_funcs_dynamic_noopt ..................................   Passed    0.81 sec
          Start 1362: ts_upper_noopt
1246/1972 Test #1286: ts_c2x_noopt ..................................................   Passed    0.87 sec
          Start  956: test_signal_block_noopt
1247/1972 Test #1474: ts_objectarraydelete_noopt ....................................   Passed    0.89 sec
          Start 1354: ts_time_noopt
1248/1972 Test #1458: ts_d2b_noopt ..................................................   Passed    0.83 sec
          Start 1322: ts_length_noopt
1249/1972 Test #1350: ts_symbol_noopt ...............................................   Passed    0.79 sec
          Start 1342: ts_right_noopt
1250/1972 Test #1440: ts_arrayprepend_noopt .........................................   Passed    0.78 sec
          Start 1320: ts_left_noopt
1251/1972 Test #1266: ts_abbrev_noopt ...............................................   Passed    0.84 sec
          Start 1324: ts_lower_noopt
1252/1972 Test  #959: reference_source_invalid_signal_noopt .........................   Passed    0.87 sec
          Start 1364: ts_upper_lower_noopt
1253/1972 Test #1398: ts_find_noopt .................................................   Passed    0.87 sec
          Start 1892: nr16_17_stable_state_rxbvm_noopt
1254/1972 Test #1302: ts_date2_noopt ................................................   Passed    0.83 sec
          Start 1890: nr16_17_stable_state_rxvm_noopt
1255/1972 Test #1963: crexx_source_root_compile_only ................................   Passed    4.95 sec
          Start 1969: crexx_native_default_link_strip
1256/1972 Test #1550: math_test_noopt ...............................................   Passed    0.91 sec
          Start 1518: ts_rxjson_document_rxbvm_noopt
1257/1972 Test #1296: ts_d2c_noopt ..................................................   Passed    0.81 sec
          Start  894: address_llm_provider
1258/1972 Test  #941: test_msay_noopt ...............................................   Passed    0.83 sec
          Start 1251: mc_decimal_test2
1259/1972 Test #1251: mc_decimal_test2 ..............................................   Passed    0.01 sec
          Start 1832: benchmark_parse_frozen_noopt
1260/1972 Test #1270: ts_typed_numeric_noopt ........................................   Passed    0.85 sec
          Start  930: test_address_direct_opt
1261/1972 Test  #960: reference_source_invalid_signal_opt ...........................   Passed    0.81 sec
          Start 1845: nr10_cross_runtime_matrix_selftest_opt
1262/1972 Test #1528: ts_address_array_lifecycle_rxbvm_noopt ........................   Passed    0.86 sec
          Start 1506: ts_rxjson_document_noopt
1263/1972 Test  #970: test_trace_negated_string_noopt ...............................   Passed    0.85 sec
          Start  898: dynamic_load
1264/1972 Test #1316: ts_fsayfmt_noopt ..............................................   Passed    0.87 sec
          Start  929: test_address_direct_noopt
1265/1972 Test  #971: test_trace_negated_string_opt .................................   Passed    0.79 sec
          Start 1510: ts_rxjson_noisy_contract_noopt
1266/1972 Test  #950: test_signal_noopt .............................................   Passed    0.79 sec
          Start  980: test_trace_direct_opt
1267/1972 Test #1852: reference_iterator_compare_rxvm_noopt .........................   Passed    0.99 sec
          Start  979: test_trace_direct_noopt
1268/1972 Test #1854: reference_iterator_compare_rxbvm_noopt ........................   Passed    0.88 sec
          Start 1522: ts_rxjson_numeric_projection_rxbvm_noopt
1269/1972 Test  #999: test_trace_namespace_commands_opt .............................   Passed    0.87 sec
          Start 1278: ts_address_capture_noopt
1270/1972 Test  #998: test_trace_namespace_commands_noopt ...........................   Passed    0.89 sec
          Start  207: arg_semantics_array_opt
1271/1972 Test  #951: test_signal_opt ...............................................   Passed    0.90 sec
          Start 1524: ts_address_capture_rxbvm_noopt
1272/1972 Test #1282: ts_address_array_lifecycle_noopt ..............................   Passed    0.86 sec
          Start  394: arg_semantics_array_run_opt
1273/1972 Test  #957: test_signal_block_opt .........................................   Passed    0.87 sec
          Start 1526: ts_address_argv_rxbvm_noopt
1274/1972 Test #1834: benchmark_parse_frozen_generic_noopt ..........................   Passed    0.95 sec
          Start 1520: ts_rxjson_noisy_contract_rxbvm_noopt
1275/1972 Test #1362: ts_upper_noopt ................................................   Passed    0.89 sec
          Start 1508: ts_rxjson_numeric_projection_noopt
1276/1972 Test #1354: ts_time_noopt .................................................   Passed    0.85 sec
          Start 1888: nr15_stem_access_rxbvm_noopt
1277/1972 Test #1322: ts_length_noopt ...............................................   Passed    0.90 sec
          Start 1581: testrexx_opt
1278/1972 Test #1320: ts_left_noopt .................................................   Passed    0.85 sec
          Start 1466: ts_loadmodule_noopt
1279/1972 Test #1342: ts_right_noopt ................................................   Passed    0.87 sec
          Start 1884: nr15_stem_access_rxvm_noopt
1280/1972 Test #1324: ts_lower_noopt ................................................   Passed    0.86 sec
          Start 1859: stringarraylist_iterator_compare_rxbvm_opt
1281/1972 Test  #956: test_signal_block_noopt .......................................   Passed    0.98 sec
          Start 1857: stringarraylist_iterator_compare_rxvm_opt
1282/1972 Test  #817: syntaxhighlight_levelc_labels_literals ........................   Passed    2.10 sec
          Start  850: syntaxhighlight_levelc_expression_bad_leading_operator
1283/1972 Test #1890: nr16_17_stable_state_rxvm_noopt ...............................   Passed    0.88 sec
          Start 1591: testStringTreeMap_opt
1284/1972 Test #1832: benchmark_parse_frozen_noopt ..................................   Passed    0.79 sec
          Start 1886: nr15_stem_semantics_rxbvm_noopt
1285/1972 Test #1364: ts_upper_lower_noopt ..........................................   Passed    0.98 sec
          Start 1601: testObjectObjectTreeMap_opt
1286/1972 Test #1892: nr16_17_stable_state_rxbvm_noopt ..............................   Passed    0.97 sec
          Start 1585: testStringHashMap_opt
1287/1972 Test #1518: ts_rxjson_document_rxbvm_noopt ................................   Passed    0.93 sec
          Start 1882: nr15_stem_semantics_rxvm_noopt
1288/1972 Test #1845: nr10_cross_runtime_matrix_selftest_opt ........................   Passed    0.76 sec
          Start 1603: testRexxComparator_opt
1289/1972 Test #1506: ts_rxjson_document_noopt ......................................   Passed    0.88 sec
          Start 1593: testStringTreeSet_opt
1290/1972 Test #1522: ts_rxjson_numeric_projection_rxbvm_noopt ......................   Passed    0.77 sec
          Start 1408: ts_numeric_noopt
1291/1972 Test #1859: stringarraylist_iterator_compare_rxbvm_opt ....................   Passed    0.45 sec
          Start  967: test_trace_exit_noopt
1292/1972 Test #1581: testrexx_opt ..................................................   Passed    0.52 sec
          Start  968: test_trace_exit_opt
1293/1972 Test #1857: stringarraylist_iterator_compare_rxvm_opt .....................   Passed    0.49 sec
          Start  984: test_trace_file_noopt
1294/1972 Test #1510: ts_rxjson_noisy_contract_noopt ................................   Passed    0.95 sec
          Start  976: test_trace_llm_noopt
1295/1972 Test #1591: testStringTreeMap_opt .........................................   Passed    0.46 sec
          Start  891: address_bridge
1296/1972 Test #1603: testRexxComparator_opt ........................................   Passed    0.42 sec
          Start    3: crexx_contract_generation
1297/1972 Test #1524: ts_address_capture_rxbvm_noopt ................................   Passed    0.85 sec
          Start 1617: testRexxValue_opt
1298/1972 Test #1526: ts_address_argv_rxbvm_noopt ...................................   Passed    0.86 sec
          Start 1525: ts_address_capture_rxbvm_opt
1299/1972 Test #1278: ts_address_capture_noopt ......................................   Passed    0.91 sec
          Start 1279: ts_address_capture_opt
1300/1972 Test #1585: testStringHashMap_opt .........................................   Passed    0.51 sec
          Start 1814: benchmark_awfy_permute_noopt
1301/1972 Test #1601: testObjectObjectTreeMap_opt ...................................   Passed    0.52 sec
          Start 1812: benchmark_awfy_sieve_noopt
1302/1972 Test #1520: ts_rxjson_noisy_contract_rxbvm_noopt ..........................   Passed    0.83 sec
          Start 1816: benchmark_awfy_mandelbrot_noopt
1303/1972 Test #1508: ts_rxjson_numeric_projection_noopt ............................   Passed    0.88 sec
          Start 1872: rxjson_numeric_materialization_compare_rxbvm_noopt
1304/1972 Test #1593: testStringTreeSet_opt .........................................   Passed    0.45 sec
          Start 1283: ts_address_array_lifecycle_opt
1305/1972 Test #1888: nr15_stem_access_rxbvm_noopt ..................................   Passed    0.89 sec
          Start 1281: ts_address_argv_opt
1306/1972 Test #1884: nr15_stem_access_rxvm_noopt ...................................   Passed    0.90 sec
          Start 1870: rxjson_numeric_materialization_compare_noopt
1307/1972 Test #1882: nr15_stem_semantics_rxvm_noopt ................................   Passed    0.79 sec
          Start 1847: nr10_lifecycle_tool_selftest_opt
1308/1972 Test #1886: nr15_stem_semantics_rxbvm_noopt ...............................   Passed    0.86 sec
          Start 1527: ts_address_argv_rxbvm_opt
1309/1972 Test  #930: test_address_direct_opt .......................................   Passed    1.61 sec
          Start  895: address_native_kv_demo
1310/1972 Test #1617: testRexxValue_opt .............................................   Passed    0.37 sec
          Start 1877: jump_dispatch_compare_opt
1311/1972 Test  #898: dynamic_load ..................................................   Passed    1.58 sec
          Start 1863: binary_fastpath_compare_opt
1312/1972 Test #1408: ts_numeric_noopt ..............................................   Passed    0.79 sec
          Start 1849: nr10_artifact_inventory_selftest_opt
1313/1972 Test  #979: test_trace_direct_noopt .......................................   Passed    1.57 sec
          Start  893: address_cms_demo
1314/1972 Test  #894: address_llm_provider ..........................................   Passed    1.87 sec
          Start 1944: rxpa_native_unwind_funcs_dynamic_noopt
1315/1972 Test #1525: ts_address_capture_rxbvm_opt ..................................   Passed    0.53 sec
          Start 1529: ts_address_array_lifecycle_rxbvm_opt
1316/1972 Test  #929: test_address_direct_noopt .....................................   Passed    1.70 sec
          Start 1946: rxpa_native_unwind_funcs_static_noopt
1317/1972 Test #1279: ts_address_capture_opt ........................................   Passed    0.55 sec
          Start  945: test_parse_opt
1318/1972 Test #1877: jump_dispatch_compare_opt .....................................   Passed    0.25 sec
          Start 1838: benchmark_rexxcps_levelb_opaque_noopt
1319/1972 Test #1283: ts_address_array_lifecycle_opt ................................   Passed    0.50 sec
          Start 1404: ts_parseexec_noopt
1320/1972 Test  #967: test_trace_exit_noopt .........................................   Passed    0.82 sec
          Start  944: test_parse_noopt
1321/1972 Test  #968: test_trace_exit_opt ...........................................   Passed    0.83 sec
          Start 1546: ts_tinyexpr_noopt
1322/1972 Test #1281: ts_address_argv_opt ...........................................   Passed    0.51 sec
          Start  892: address_cms_provider
1323/1972 Test  #976: test_trace_llm_noopt ..........................................   Passed    0.84 sec
          Start 1276: ts_address_crexx_noopt
1324/1972 Test #1863: binary_fastpath_compare_opt ...................................   Passed    0.31 sec
          Start 1837: benchmark_rexxcps_levelb_opt
1325/1972 Test  #980: test_trace_direct_opt .........................................   Passed    1.82 sec
          Start 1544: ts_llm_providers_opt
1326/1972 Test  #984: test_trace_file_noopt .........................................   Passed    0.88 sec
          Start 1542: ts_llm_ollama_opt
1327/1972 Test #1816: benchmark_awfy_mandelbrot_noopt ...............................   Passed    0.78 sec
          Start 1274: ts_address_noopt
1328/1972 Test #1812: benchmark_awfy_sieve_noopt ....................................   Passed    0.84 sec
          Start 1272: ts_address_protocol_noopt
1329/1972 Test #1527: ts_address_argv_rxbvm_opt .....................................   Passed    0.54 sec
          Start 1891: nr16_17_stable_state_rxvm_opt
1330/1972 Test #1466: ts_loadmodule_noopt ...........................................   Passed    1.56 sec
          Start 1893: nr16_17_stable_state_rxbvm_opt
1331/1972 Test #1814: benchmark_awfy_permute_noopt ..................................   Passed    0.90 sec
          Start  987: test_trace_normal_quiet_opt
1332/1972 Test #1847: nr10_lifecycle_tool_selftest_opt ..............................   Passed    0.63 sec
          Start 1356: ts_trace_noopt
1333/1972 Test  #891: address_bridge ................................................   Passed    1.12 sec
          Start  102: 18_array_class_opt
1334/1972 Test #1849: nr10_artifact_inventory_selftest_opt ..........................   Passed    0.58 sec
          Start  986: test_trace_normal_quiet_noopt
1335/1972 Test #1544: ts_llm_providers_opt ..........................................   Passed    0.37 sec
          Start  989: test_trace_normal_command_opt
1336/1972 Test #1529: ts_address_array_lifecycle_rxbvm_opt ..........................   Passed    0.61 sec
          Start 1930: rxpa_int_funcs_static_noopt
1337/1972 Test  #895: address_native_kv_demo ........................................   Passed    0.84 sec
          Start 1926: rxpa_string_funcs_static_noopt
1338/1972 Test #1542: ts_llm_ollama_opt .............................................   Passed    0.44 sec
          Start 1052: rxvmstem_storage
1339/1972 Test #1052: rxvmstem_storage ..............................................   Passed    0.00 sec
          Start 1249: decnumber_test
1340/1972 Test #1249: decnumber_test ................................................   Passed    0.00 sec
          Start  988: test_trace_normal_command_noopt
1341/1972 Test #1872: rxjson_numeric_materialization_compare_rxbvm_noopt ............   Passed    1.15 sec
          Start 1736: rxinteger_contract
1342/1972 Test #1736: rxinteger_contract ............................................   Passed    0.00 sec
          Start 1055: rxpa_utf_validation
1343/1972 Test #1055: rxpa_utf_validation ...........................................   Passed    0.00 sec
          Start 1502: ts_stem_noopt
1344/1972 Test #1946: rxpa_native_unwind_funcs_static_noopt .........................   Passed    0.78 sec
          Start   13: rxcp_super_combiner
1345/1972 Test   #13: rxcp_super_combiner ...........................................   Passed    0.01 sec
          Start  669: inline_test_mutating_method_scalar_attr_return_run_noopt
1346/1972 Test #1838: benchmark_rexxcps_levelb_opaque_noopt .........................   Passed    0.76 sec
          Start 1051: crexx_address_unredirected_flush
1347/1972 Test #1944: rxpa_native_unwind_funcs_dynamic_noopt ........................   Passed    0.85 sec
          Start 1532: ts_stem_errors_noopt
1348/1972 Test #1051: crexx_address_unredirected_flush ..............................   Passed    0.01 sec
          Start  667: inline_test_computed_receiver_copyback_run_noopt
1349/1972 Test #1870: rxjson_numeric_materialization_compare_noopt ..................   Passed    1.14 sec
          Start 1607: testTokenise_opt
1350/1972 Test #1893: nr16_17_stable_state_rxbvm_opt ................................   Passed    0.50 sec
          Start 1609: testJSON_opt
1351/1972 Test #1891: nr16_17_stable_state_rxvm_opt .................................   Passed    0.55 sec
          Start 1493: ts_signal_opt
1352/1972 Test  #945: test_parse_opt ................................................   Passed    0.86 sec
          Start 1587: testStringHashSet_opt
1353/1972 Test  #944: test_parse_noopt ..............................................   Passed    0.81 sec
          Start  573: inline_local_member_scalar_opt
1354/1972 Test #1404: ts_parseexec_noopt ............................................   Passed    0.85 sec
          Start 1341: ts_regex_opt
1355/1972 Test #1546: ts_tinyexpr_noopt .............................................   Passed    0.84 sec
          Start  668: inline_test_computed_receiver_copyback_run_opt
1356/1972 Test  #850: syntaxhighlight_levelc_expression_bad_leading_operator ........   Passed    2.15 sec
          Start  814: syntaxhighlight_levelc_parse_templates
1357/1972 Test #1276: ts_address_crexx_noopt ........................................   Passed    0.86 sec
          Start 1489: ts_rxsystem_opt
1358/1972 Test #1274: ts_address_noopt ..............................................   Passed    0.74 sec
          Start 1589: testStringLinkedList_opt
1359/1972 Test  #892: address_cms_provider ..........................................   Passed    0.98 sec
          Start 1595: testStringStack_opt
1360/1972 Test  #893: address_cms_demo ..............................................   Passed    1.14 sec
          Start 1605: testQfind_opt
1361/1972 Test #1587: testStringHashSet_opt .........................................   Passed    0.23 sec
          Start  670: inline_test_mutating_method_scalar_attr_return_run_opt
1362/1972 Test #1272: ts_address_protocol_noopt .....................................   Passed    0.80 sec
          Start 1517: ts_rxhttp_opt
1363/1972 Test #1609: testJSON_opt ..................................................   Passed    0.31 sec
          Start 1158: compact_format_check
1364/1972 Test #1356: ts_trace_noopt ................................................   Passed    0.77 sec
1365/1972 Test #1607: testTokenise_opt ..............................................   Passed    0.33 sec
          Start 1301: ts_date_opt
          Start  580: inline_test_computed_receiver_copyback_opt_rewrites
1366/1972 Test #1158: compact_format_check ..........................................   Passed    0.01 sec
          Start 1559: getpi_test_opt
1367/1972 Test #1341: ts_regex_opt ..................................................   Passed    0.26 sec
          Start 1879: runtime_interface_lookup_compare_opt
1368/1972 Test  #987: test_trace_normal_quiet_opt ...................................   Passed    0.88 sec
          Start  896: address_native_sqlite_demo
1369/1972 Test #1589: testStringLinkedList_opt ......................................   Passed    0.24 sec
          Start 1505: ts_rxjson_opt
1370/1972 Test #1489: ts_rxsystem_opt ...............................................   Passed    0.27 sec
          Start 1519: ts_rxjson_document_rxbvm_opt
1371/1972 Test  #986: test_trace_normal_quiet_noopt .................................   Passed    0.79 sec
          Start 1829: benchmark_json_parser_opt
1372/1972 Test #1517: ts_rxhttp_opt .................................................   Passed    0.23 sec
          Start 1853: reference_iterator_compare_rxvm_opt
1373/1972 Test  #989: test_trace_normal_command_opt .................................   Passed    0.79 sec
          Start 1511: ts_rxjson_noisy_contract_opt
1374/1972 Test #1595: testStringStack_opt ...........................................   Passed    0.30 sec
          Start 1855: reference_iterator_compare_rxbvm_opt
1375/1972 Test #1493: ts_signal_opt .................................................   Passed    0.51 sec
          Start 1521: ts_rxjson_noisy_contract_rxbvm_opt
1376/1972 Test #1559: getpi_test_opt ................................................   Passed    0.22 sec
          Start 1611: testid_opt
1377/1972 Test #1926: rxpa_string_funcs_static_noopt ................................   Passed    0.78 sec
          Start 1335: ts_qlibrary_opt
1378/1972 Test #1301: ts_date_opt ...................................................   Passed    0.25 sec
          Start 1303: ts_date2_opt
1379/1972 Test #1879: runtime_interface_lookup_compare_opt ..........................   Passed    0.26 sec
          Start 1359: ts_translate_opt
1380/1972 Test #1605: testQfind_opt .................................................   Passed    0.36 sec
          Start 1293: ts_compare_opt
1381/1972 Test  #988: test_trace_normal_command_noopt ...............................   Passed    0.83 sec
          Start 1437: ts_arraymove_opt
1382/1972 Test #1930: rxpa_int_funcs_static_noopt ...................................   Passed    0.91 sec
          Start 1515: ts_socket_tls_live_opt
1383/1972 Test #1502: ts_stem_noopt .................................................   Passed    0.80 sec
          Start 1403: ts_parse_opt
1384/1972 Test #1611: testid_opt ....................................................   Passed    0.17 sec
          Start 1397: ts_sequence_opt
1385/1972 Test #1505: ts_rxjson_opt .................................................   Passed    0.31 sec
          Start 1385: tscopies_opt
1386/1972 Test #1519: ts_rxjson_document_rxbvm_opt ..................................   Passed    0.33 sec
          Start 1345: ts_sign_opt
1387/1972 Test #1853: reference_iterator_compare_rxvm_opt ...........................   Passed    0.30 sec
          Start 1613: testKeyDB_opt
1388/1972 Test #1855: reference_iterator_compare_rxbvm_opt ..........................   Passed    0.28 sec
          Start 1387: tslastpos_opt
1389/1972 Test #1335: ts_qlibrary_opt ...............................................   Passed    0.27 sec
          Start 1411: ts_splice_opt
1390/1972 Test #1293: ts_compare_opt ................................................   Passed    0.24 sec
          Start 1265: tlinesz_opt
1391/1972 Test #1437: ts_arraymove_opt ..............................................   Passed    0.22 sec
          Start 1295: ts_countstr_opt
1392/1972 Test #1515: ts_socket_tls_live_opt ........................................   Passed    0.19 sec
          Start 1375: ts_wordpos_opt
1393/1972 Test #1303: ts_date2_opt ..................................................   Passed    0.30 sec
          Start 1509: ts_rxjson_numeric_projection_opt
1394/1972 Test #1397: ts_sequence_opt ...............................................   Passed    0.18 sec
          Start 1407: ts_datatype_opt
1395/1972 Test #1359: ts_translate_opt ..............................................   Passed    0.31 sec
          Start 1573: tcp_test_opt
1396/1972 Test #1521: ts_rxjson_noisy_contract_rxbvm_opt ............................   Passed    0.38 sec
          Start 1285: ts_binary_opt
1397/1972 Test #1532: ts_stem_errors_noopt ..........................................   Passed    0.96 sec
          Start 1317: ts_fsayfmt_opt
1398/1972 Test #1829: benchmark_json_parser_opt .....................................   Passed    0.46 sec
          Start 1451: ts_b2d_opt
1399/1972 Test #1403: ts_parse_opt ..................................................   Passed    0.26 sec
          Start 1563: llist_test_opt
1400/1972 Test #1511: ts_rxjson_noisy_contract_opt ..................................   Passed    0.45 sec
          Start 1513: ts_rxsocket_opt
1401/1972 Test #1385: tscopies_opt ..................................................   Passed    0.31 sec
          Start 1455: ts_c2d_opt
1402/1972 Test #1375: ts_wordpos_opt ................................................   Passed    0.21 sec
          Start 1425: ts_arrayfind_opt
1403/1972 Test #1345: ts_sign_opt ...................................................   Passed    0.29 sec
          Start 1383: ts_x2d_opt
1404/1972 Test #1613: testKeyDB_opt .................................................   Passed    0.29 sec
          Start 1449: ts_arraysort_opt
1405/1972 Test #1387: tslastpos_opt .................................................   Passed    0.28 sec
          Start 1353: ts_test_opt
1406/1972 Test #1513: ts_rxsocket_opt ...............................................   Passed    0.14 sec
          Start 1443: ts_arrayreverse_opt
1407/1972 Test #1411: ts_splice_opt .................................................   Passed    0.27 sec
          Start 1495: ts_substro_opt
1408/1972 Test #1563: llist_test_opt ................................................   Passed    0.16 sec
          Start 1447: ts_arrayshift_opt
1409/1972 Test #1285: ts_binary_opt .................................................   Passed    0.19 sec
1410/1972 Test #1451: ts_b2d_opt ....................................................   Passed    0.19 sec
          Start 1271: ts_typed_numeric_opt
          Start 1305: ts_date_core_opt
1411/1972 Test #1295: ts_countstr_opt ...............................................   Passed    0.32 sec
          Start 1247: reentrancy_check
1412/1972 Test #1247: reentrancy_check ..............................................   Passed    0.01 sec
          Start 1413: ts_arraydelete_opt
1413/1972 Test #1265: tlinesz_opt ...................................................   Passed    0.34 sec
          Start 1299: ts_d2x_opt
1414/1972 Test #1407: ts_datatype_opt ...............................................   Passed    0.30 sec
          Start 1415: ts_arraydelete_focused_opt
1415/1972 Test #1317: ts_fsayfmt_opt ................................................   Passed    0.28 sec
          Start 1427: ts_arrayget_opt
1416/1972 Test #1573: tcp_test_opt ..................................................   Passed    0.36 sec
          Start 1431: ts_arrayindexof_opt
1417/1972 Test #1455: ts_c2d_opt ....................................................   Passed    0.24 sec
          Start 1949: rxpa_mult_test_opt
1418/1972 Test #1509: ts_rxjson_numeric_projection_opt ..............................   Passed    0.41 sec
          Start 1419: ts_arraycontains_opt
1419/1972 Test #1271: ts_typed_numeric_opt ..........................................   Passed    0.19 sec
          Start 1329: ts_overlay_opt
1420/1972 Test #1383: ts_x2d_opt ....................................................   Passed    0.24 sec
          Start 1910: rxpa_staticlink_run_opt
1421/1972 Test #1427: ts_arrayget_opt ...............................................   Passed    0.14 sec
          Start 1569: recv390_test_opt
1422/1972 Test #1353: ts_test_opt ...................................................   Passed    0.26 sec
          Start 1485: ts_qwordlength_opt
1423/1972 Test #1425: ts_arrayfind_opt ..............................................   Passed    0.29 sec
          Start 1549: arrays_test_opt
1424/1972 Test #1305: ts_date_core_opt ..............................................   Passed    0.25 sec
          Start 1399: ts_find_opt
1425/1972 Test #1443: ts_arrayreverse_opt ...........................................   Passed    0.27 sec
          Start 1313: ts_format_opt
1426/1972 Test #1415: ts_arraydelete_focused_opt ....................................   Passed    0.19 sec
          Start 1483: ts_objectarrayprepend_opt
1427/1972 Test #1447: ts_arrayshift_opt .............................................   Passed    0.28 sec
          Start 1933: rxpa_float_funcs_dynamic_opt
1428/1972 Test #1299: ts_d2x_opt ....................................................   Passed    0.21 sec
          Start 1056: ts_regvalue_tester
1429/1972 Test #1056: ts_regvalue_tester ............................................   Passed    0.00 sec
          Start 1371: ts_verify_opt
1430/1972 Test #1495: ts_substro_opt ................................................   Passed    0.30 sec
          Start 1831: benchmark_base64_roundtrip_opt
1431/1972 Test #1449: ts_arraysort_opt ..............................................   Passed    0.33 sec
          Start 1557: strings_test_opt
1432/1972 Test  #896: address_native_sqlite_demo ....................................   Passed    1.08 sec
          Start 1501: ts_objectarray_opt
1433/1972 Test #1413: ts_arraydelete_opt ............................................   Passed    0.30 sec
          Start 1457: ts_centre_opt
1434/1972 Test #1419: ts_arraycontains_opt ..........................................   Passed    0.22 sec
          Start 1439: ts_arraypop_opt
1435/1972 Test #1431: ts_arrayindexof_opt ...........................................   Passed    0.24 sec
          Start 1333: ts_qpos_opt
1436/1972 Test #1949: rxpa_mult_test_opt ............................................   Passed    0.25 sec
          Start 1401: ts_index_opt
1437/1972 Test #1569: recv390_test_opt ..............................................   Passed    0.21 sec
          Start 1331: ts_pos_opt
1438/1972 Test #1910: rxpa_staticlink_run_opt .......................................   Passed    0.25 sec
          Start 1821: benchmark_awfy_bounce_opt
1439/1972 Test #1329: ts_overlay_opt ................................................   Passed    0.26 sec
          Start 1319: ts_insert_opt
1440/1972 Test #1557: strings_test_opt ..............................................   Passed    0.17 sec
          Start 1421: ts_arraycopy_opt
1441/1972 Test #1933: rxpa_float_funcs_dynamic_opt ..................................   Passed    0.27 sec
          Start 1429: ts_arrayhi_opt
1442/1972 Test #1485: ts_qwordlength_opt ............................................   Passed    0.31 sec
          Start 1395: ts_reradix_opt
1443/1972 Test #1371: ts_verify_opt .................................................   Passed    0.27 sec
          Start 1479: ts_objectarrayinsert_opt
1444/1972 Test #1313: ts_format_opt .................................................   Passed    0.30 sec
          Start 1925: rxpa_string_funcs_dynamic_opt
1445/1972 Test #1399: ts_find_opt ...................................................   Passed    0.31 sec
          Start 1433: ts_arrayinsert_opt
1446/1972 Test #1549: arrays_test_opt ...............................................   Passed    0.34 sec
1447/1972 Test #1483: ts_objectarrayprepend_opt .....................................   Passed    0.30 sec
          Start 1929: rxpa_int_funcs_dynamic_opt
          Start 1463: ts_getenv_opt
1448/1972 Test #1831: benchmark_base64_roundtrip_opt ................................   Passed    0.28 sec
          Start 1367: ts_version_opt
1449/1972 Test #1821: benchmark_awfy_bounce_opt .....................................   Passed    0.17 sec
          Start 1423: ts_arraydrop_opt
1450/1972 Test #1457: ts_centre_opt .................................................   Passed    0.29 sec
          Start 1050: rxseqfileformat
1451/1972 Test #1501: ts_objectarray_opt ............................................   Passed    0.30 sec
          Start 1369: ts_value_opt
1452/1972 Test #1439: ts_arraypop_opt ...............................................   Passed    0.27 sec
1453/1972 Test #1050: rxseqfileformat ...............................................   Passed    0.01 sec
          Start 1315: ts_fnv_opt
          Start 1349: ts_strip_opt
1454/1972 Test #1401: ts_index_opt ..................................................   Passed    0.26 sec
          Start 1465: ts_itrunc_opt
1455/1972 Test #1319: ts_insert_opt .................................................   Passed    0.23 sec
          Start 1459: ts_d2b_opt
1456/1972 Test #1331: ts_pos_opt ....................................................   Passed    0.25 sec
          Start 1499: ts_xrange_opt
1457/1972 Test #1333: ts_qpos_opt ...................................................   Passed    0.32 sec
          Start 1469: ts_max_opt
1458/1972 Test #1421: ts_arraycopy_opt ..............................................   Passed    0.26 sec
          Start 1531: ts_arraysort_errors_opt
1459/1972 Test #1367: ts_version_opt ................................................   Passed    0.20 sec
          Start 1289: ts_center_opt
1460/1972 Test #1463: ts_getenv_opt .................................................   Passed    0.20 sec
          Start 1908: rxpa_dynlink_run_opt
1461/1972 Test #1929: rxpa_int_funcs_dynamic_opt ....................................   Passed    0.23 sec
          Start 1337: ts_random_opt
1462/1972 Test #1395: ts_reradix_opt ................................................   Passed    0.26 sec
          Start 1307: ts_delstr_opt
1463/1972 Test #1925: rxpa_string_funcs_dynamic_opt .................................   Passed    0.28 sec
          Start 1475: ts_objectarraydelete_opt
1464/1972 Test #1433: ts_arrayinsert_opt ............................................   Passed    0.31 sec
          Start 1373: ts_wordlength_opt
1465/1972 Test #1429: ts_arrayhi_opt ................................................   Passed    0.33 sec
          Start 1361: ts_trunc_opt
1466/1972 Test #1479: ts_objectarrayinsert_opt ......................................   Passed    0.32 sec
          Start 1615: testOS_opt
1467/1972 Test #1423: ts_arraydrop_opt ..............................................   Passed    0.26 sec
          Start 1445: ts_arrayset_opt
1468/1972 Test #1499: ts_xrange_opt .................................................   Passed    0.20 sec
          Start 1291: ts_changestr_opt
1469/1972 Test #1465: ts_itrunc_opt .................................................   Passed    0.21 sec
          Start 1327: ts_min_max_opt
1470/1972 Test #1459: ts_d2b_opt ....................................................   Passed    0.22 sec
          Start 1561: keyaccess_test_opt
1471/1972 Test #1315: ts_fnv_opt ....................................................   Passed    0.24 sec
          Start 1943: rxpa_native_payload_funcs_static_opt
1472/1972 Test #1337: ts_random_opt .................................................   Passed    0.17 sec
          Start 1381: ts_x2c_opt
1473/1972 Test #1369: ts_value_opt ..................................................   Passed    0.32 sec
          Start 1921: rxpa_signal_funcs_dynamic_opt
1474/1972 Test #1531: ts_arraysort_errors_opt .......................................   Passed    0.25 sec
          Start 1453: ts_b2x_opt
1475/1972 Test #1469: ts_max_opt ....................................................   Passed    0.26 sec
          Start 1309: ts_delword_opt
1476/1972 Test #1349: ts_strip_opt ..................................................   Passed    0.33 sec
          Start 1379: ts_x2b_opt
1477/1972 Test #1908: rxpa_dynlink_run_opt ..........................................   Passed    0.24 sec
          Start 1435: ts_arrayjoin_opt
1478/1972 Test #1289: ts_center_opt .................................................   Passed    0.28 sec
          Start 1297: ts_d2c_opt
1479/1972 Test #1307: ts_delstr_opt .................................................   Passed    0.25 sec
          Start 1339: ts_reverse_opt
1480/1972 Test #1837: benchmark_rexxcps_levelb_opt ..................................   Passed    2.88 sec
          Start 1058: test_signal_mask
1481/1972 Test #1058: test_signal_mask ..............................................   Passed    0.00 sec
          Start 1825: benchmark_awfy_list_opt
1482/1972 Test #1445: ts_arrayset_opt ...............................................   Passed    0.22 sec
          Start 1551: math_test_opt
1483/1972 Test #1475: ts_objectarraydelete_opt ......................................   Passed    0.28 sec
          Start 1048: rxdas_dump_support
1484/1972 Test #1048: rxdas_dump_support ............................................   Passed    0.01 sec
          Start 1487: ts_raise_opt
1485/1972 Test #1361: ts_trunc_opt ..................................................   Passed    0.26 sec
          Start 1351: ts_symbol_opt
1486/1972 Test #1373: ts_wordlength_opt .............................................   Passed    0.27 sec
          Start 1481: ts_objectarraymove_opt
1487/1972 Test #1943: rxpa_native_payload_funcs_static_opt ..........................   Passed    0.27 sec
          Start 1057: test_jtable_policy
1488/1972 Test #1291: ts_changestr_opt ..............................................   Passed    0.29 sec
          Start 1553: stack_test_opt
1489/1972 Test #1057: test_jtable_policy ............................................   Passed    0.01 sec
          Start 1267: ts_abbrev_opt
1490/1972 Test #1327: ts_min_max_opt ................................................   Passed    0.33 sec
          Start 1937: rxpa_array_push_funcs_dynamic_opt
1491/1972 Test #1921: rxpa_signal_funcs_dynamic_opt .................................   Passed    0.24 sec
          Start 1567: id_test_opt
1492/1972 Test #1561: keyaccess_test_opt ............................................   Passed    0.32 sec
          Start 1473: ts_objectarrayappend_opt
1493/1972 Test #1453: ts_b2x_opt ....................................................   Passed    0.24 sec
          Start 1347: ts_space_opt
1494/1972 Test #1297: ts_d2c_opt ....................................................   Passed    0.21 sec
          Start 1027: rxlink_format_check
1495/1972 Test #1309: ts_delword_opt ................................................   Passed    0.28 sec
1496/1972 Test #1379: ts_x2b_opt ....................................................   Passed    0.27 sec
          Start 1565: treemap_test_opt
          Start 1441: ts_arrayprepend_opt
1497/1972 Test #1615: testOS_opt ....................................................   Passed    0.40 sec
          Start 1923: rxpa_signal_funcs_static_opt
1498/1972 Test #1027: rxlink_format_check ...........................................   Passed    0.01 sec
          Start 1393: ts_words_opt
1499/1972 Test #1381: ts_x2c_opt ....................................................   Passed    0.31 sec
          Start 1461: ts_ftrunc_opt
1500/1972 Test #1339: ts_reverse_opt ................................................   Passed    0.27 sec
          Start 1269: ts_abs_opt
1501/1972 Test #1825: benchmark_awfy_list_opt .......................................   Passed    0.25 sec
          Start 1287: ts_c2x_opt
1502/1972 Test #1435: ts_arrayjoin_opt ..............................................   Passed    0.33 sec
          Start 1555: cipher_test_opt
1503/1972 Test #1481: ts_objectarraymove_opt ........................................   Passed    0.26 sec
          Start 1497: ts_subword_opt
1504/1972 Test #1551: math_test_opt .................................................   Passed    0.30 sec
          Start 1939: rxpa_array_push_funcs_static_opt
1505/1972 Test #1351: ts_symbol_opt .................................................   Passed    0.27 sec
          Start 1523: ts_rxjson_numeric_projection_rxbvm_opt
1506/1972 Test #1487: ts_raise_opt ..................................................   Passed    0.30 sec
          Start 1377: ts_wrdix_opt
1507/1972 Test #1267: ts_abbrev_opt .................................................   Passed    0.26 sec
          Start 1363: ts_upper_opt
1508/1972 Test #1553: stack_test_opt ................................................   Passed    0.26 sec
          Start 1941: rxpa_native_payload_funcs_dynamic_opt
1509/1972 Test #1567: id_test_opt ...................................................   Passed    0.23 sec
          Start 1343: ts_right_opt
1510/1972 Test #1287: ts_c2x_opt ....................................................   Passed    0.15 sec
          Start 1491: ts_rxsystem_exit_opt
1511/1972 Test #1347: ts_space_opt ..................................................   Passed    0.26 sec
          Start 1935: rxpa_float_funcs_static_opt
1512/1972 Test #1441: ts_arrayprepend_opt ...........................................   Passed    0.24 sec
          Start 1575: system_test_opt
1513/1972 Test #1473: ts_objectarrayappend_opt ......................................   Passed    0.30 sec
          Start 1507: ts_rxjson_document_opt
1514/1972 Test  #207: arg_semantics_array_opt .......................................   Passed    4.92 sec
          Start 1571: map_test_opt
1515/1972 Test #1937: rxpa_array_push_funcs_dynamic_opt .............................   Passed    0.32 sec
          Start 1417: ts_arrayappend_opt
1516/1972 Test #1393: ts_words_opt ..................................................   Passed    0.28 sec
          Start 1321: ts_left_opt
1517/1972 Test  #814: syntaxhighlight_levelc_parse_templates ........................   Passed    2.55 sec
          Start  837: syntaxhighlight_levelc_select_missing_when
1518/1972 Test #1269: ts_abs_opt ....................................................   Passed    0.26 sec
          Start 1865: binary_byvalue_compare_rxvm_opt
1519/1972 Test #1565: treemap_test_opt ..............................................   Passed    0.32 sec
          Start 1471: ts_min_opt
1520/1972 Test #1555: cipher_test_opt ...............................................   Passed    0.27 sec
          Start 1477: ts_objectarraydrop_opt
1521/1972 Test #1923: rxpa_signal_funcs_static_opt ..................................   Passed    0.35 sec
          Start 1365: ts_upper_lower_opt
1522/1972 Test #1363: ts_upper_opt ..................................................   Passed    0.20 sec
          Start 1323: ts_length_opt
1523/1972 Test #1461: ts_ftrunc_opt .................................................   Passed    0.36 sec
          Start  339: inline_test_class_methods_opt
1524/1972 Test #1497: ts_subword_opt ................................................   Passed    0.28 sec
1525/1972 Test #1343: ts_right_opt ..................................................   Passed    0.23 sec
          Start 1277: ts_address_crexx_opt
          Start 1275: ts_address_opt
1526/1972 Test #1939: rxpa_array_push_funcs_static_opt ..............................   Passed    0.30 sec
          Start 1325: ts_lower_opt
1527/1972 Test #1377: ts_wrdix_opt ..................................................   Passed    0.28 sec
          Start 1273: ts_address_protocol_opt
1528/1972 Test #1941: rxpa_native_payload_funcs_dynamic_opt .........................   Passed    0.29 sec
          Start 1867: binary_byvalue_compare_rxbvm_opt
1529/1972 Test #1491: ts_rxsystem_exit_opt ..........................................   Passed    0.30 sec
          Start 1871: rxjson_numeric_materialization_compare_opt
1530/1972 Test #1417: ts_arrayappend_opt ............................................   Passed    0.29 sec
          Start 1737: rxas_optimizer_metadata
1531/1972 Test #1571: map_test_opt ..................................................   Passed    0.30 sec
          Start 1388: tsubstr_noopt
1532/1972 Test #1737: rxas_optimizer_metadata .......................................   Passed    0.00 sec
          Start 1355: ts_time_opt
1533/1972 Test #1935: rxpa_float_funcs_static_opt ...................................   Passed    0.34 sec
          Start 1010: test_substr_opt
1534/1972 Test #1575: system_test_opt ...............................................   Passed    0.33 sec
1535/1972 Test #1321: ts_left_opt ...................................................   Passed    0.29 sec
          Start 1357: ts_trace_opt
          Start 1009: test_substr_noopt
1536/1972 Test #1325: ts_lower_opt ..................................................   Passed    0.15 sec
          Start 1873: rxjson_numeric_materialization_compare_rxbvm_opt
1537/1972 Test #1523: ts_rxjson_numeric_projection_rxbvm_opt ........................   Passed    0.46 sec
          Start 1390: tsword_noopt
1538/1972 Test #1471: ts_min_opt ....................................................   Passed    0.28 sec
          Start  350: perf2_05_partial_call
1539/1972 Test #1969: crexx_native_default_link_strip ...............................   Passed    5.86 sec
          Start 1962: crexx_diagnostic_plumbing
1540/1972 Test #1323: ts_length_opt .................................................   Passed    0.30 sec
          Start 1839: benchmark_rexxcps_levelb_opaque_opt
1541/1972 Test #1865: binary_byvalue_compare_rxvm_opt ...............................   Passed    0.36 sec
          Start 1887: nr15_stem_semantics_rxbvm_opt
1542/1972 Test #1867: binary_byvalue_compare_rxbvm_opt ..............................   Passed    0.22 sec
          Start 1835: benchmark_parse_frozen_generic_opt
1543/1972 Test #1477: ts_objectarraydrop_opt ........................................   Passed    0.34 sec
          Start 1883: nr15_stem_semantics_rxvm_opt
1544/1972 Test #1365: ts_upper_lower_opt ............................................   Passed    0.34 sec
          Start 1885: nr15_stem_access_rxvm_opt
1545/1972 Test  #394: arg_semantics_array_run_opt ...................................   Passed    5.35 sec
          Start 1833: benchmark_parse_frozen_opt
1546/1972 Test #1507: ts_rxjson_document_opt ........................................   Passed    0.55 sec
          Start 1889: nr15_stem_access_rxbvm_opt
1547/1972 Test  #350: perf2_05_partial_call .........................................   Passed    0.23 sec
          Start 1053: crexxsaa_cache_tool_location
1548/1972 Test #1053: crexxsaa_cache_tool_location ..................................   Passed    0.01 sec
          Start  902: crexxsaa_variables
1549/1972 Test #1355: ts_time_opt ...................................................   Passed    0.30 sec
          Start  343: nr15_native_stem_contract
1550/1972 Test #1883: nr15_stem_semantics_rxvm_opt ..................................   Passed    0.21 sec
          Start  523: interface_default_source_import_run_noopt
1551/1972 Test #1835: benchmark_parse_frozen_generic_opt ............................   Passed    0.22 sec
          Start 1409: ts_numeric_opt
1552/1972 Test #1885: nr15_stem_access_rxvm_opt .....................................   Passed    0.21 sec
          Start  525: interface_default_binary_import_run_noopt
1553/1972 Test #1889: nr15_stem_access_rxbvm_opt ....................................   Passed    0.12 sec
          Start  524: interface_default_source_import_run_opt
1554/1972 Test  #343: nr15_native_stem_contract .....................................   Passed    0.09 sec
          Start 1815: benchmark_awfy_permute_opt
1555/1972 Test #1833: benchmark_parse_frozen_opt ....................................   Passed    0.23 sec
          Start  526: interface_default_binary_import_run_opt
1556/1972 Test #1887: nr15_stem_semantics_rxbvm_opt .................................   Passed    0.29 sec
          Start 1817: benchmark_awfy_mandelbrot_opt
1557/1972 Test #1357: ts_trace_opt ..................................................   Passed    0.39 sec
          Start 1405: ts_parseexec_opt
1558/1972 Test #1839: benchmark_rexxcps_levelb_opaque_opt ...........................   Passed    0.40 sec
          Start 1547: ts_tinyexpr_opt
1559/1972 Test #1409: ts_numeric_opt ................................................   Passed    0.21 sec
          Start 1813: benchmark_awfy_sieve_opt
1560/1972 Test #1405: ts_parseexec_opt ..............................................   Passed    0.16 sec
          Start 1540: rxfnsg_rxdas_inline_preserve_smoke
1561/1972 Test #1817: benchmark_awfy_mandelbrot_opt .................................   Passed    0.17 sec
          Start 1947: rxpa_native_unwind_funcs_static_opt
1562/1972 Test #1873: rxjson_numeric_materialization_compare_rxbvm_opt ..............   Passed    0.56 sec
          Start 1945: rxpa_native_unwind_funcs_dynamic_opt
1563/1972 Test #1815: benchmark_awfy_permute_opt ....................................   Passed    0.21 sec
          Start 1503: ts_stem_opt
1564/1972 Test #1540: rxfnsg_rxdas_inline_preserve_smoke ............................   Passed    0.06 sec
          Start 1533: ts_stem_errors_opt
1565/1972 Test #1547: ts_tinyexpr_opt ...............................................   Passed    0.14 sec
          Start 1467: ts_loadmodule_opt
1566/1972 Test #1273: ts_address_protocol_opt .......................................   Passed    0.81 sec
          Start 1927: rxpa_string_funcs_static_opt
1567/1972 Test #1275: ts_address_opt ................................................   Passed    0.84 sec
          Start  897: address_callback_host
1568/1972 Test #1871: rxjson_numeric_materialization_compare_opt ....................   Passed    0.74 sec
          Start 1931: rxpa_int_funcs_static_opt
1569/1972 Test #1277: ts_address_crexx_opt ..........................................   Passed    0.85 sec
          Start  503: interface_default_same_module_run_noopt
1570/1972 Test #1947: rxpa_native_unwind_funcs_static_opt ...........................   Passed    0.19 sec
          Start  495: interface_signature_static_positive_run_noopt
1571/1972 Test #1813: benchmark_awfy_sieve_opt ......................................   Passed    0.23 sec
          Start  491: interface_method_arg_same_module_run_noopt
1572/1972 Test #1503: ts_stem_opt ...................................................   Passed    0.19 sec
          Start  496: interface_signature_static_positive_run_opt
1573/1972 Test #1945: rxpa_native_unwind_funcs_dynamic_opt ..........................   Passed    0.24 sec
          Start  493: interface_method_object_arg_same_module_run_noopt
1574/1972 Test #1533: ts_stem_errors_opt ............................................   Passed    0.20 sec
          Start  494: interface_method_object_arg_same_module_run_opt
1575/1972 Test #1467: ts_loadmodule_opt .............................................   Passed    0.19 sec
          Start  504: interface_default_same_module_run_opt
1576/1972 Test #1927: rxpa_string_funcs_static_opt ..................................   Passed    0.26 sec
          Start  501: interface_default_codegen_noopt
1577/1972 Test #1931: rxpa_int_funcs_static_opt .....................................   Passed    0.25 sec
          Start  492: interface_method_arg_same_module_run_opt
1578/1972 Test #1388: tsubstr_noopt .................................................   Passed    1.04 sec
          Start  502: interface_default_codegen_opt
1579/1972 Test #1010: test_substr_opt ...............................................   Passed    1.05 sec
          Start 1090: rxasperf2exactrelinktests-rxbvm
1580/1972 Test #1090: rxasperf2exactrelinktests-rxbvm ...............................   Passed    0.01 sec
          Start    6: test_rxas_02_edits
1581/1972 Test #1009: test_substr_noopt .............................................   Passed    1.05 sec
          Start 1088: rxasperf2partialreferencetests-rxbvm
1582/1972 Test #1088: rxasperf2partialreferencetests-rxbvm ..........................   Passed    0.01 sec
          Start 1252: mc_decimal_test3
1583/1972 Test #1390: tsword_noopt ..................................................   Passed    1.04 sec
          Start 1041: rxdas_roundtrip_interfaces
1584/1972 Test #1252: mc_decimal_test3 ..............................................   Passed    0.01 sec
          Start 1044: rxdas_roundtrip_binary
1585/1972 Test #1041: rxdas_roundtrip_interfaces ....................................   Passed    0.07 sec
          Start 1795: storage_identity_runtime_rxbvm_opt
1586/1972 Test    #6: test_rxas_02_edits ............................................   Passed    0.09 sec
          Start 1389: tsubstr_opt
1587/1972 Test #1044: rxdas_roundtrip_binary ........................................   Passed    0.07 sec
          Start    5: test_rxas_01_init
1588/1972 Test #1795: storage_identity_runtime_rxbvm_opt ............................   Passed    0.03 sec
          Start    7: test_rxas_03_token_types
1589/1972 Test    #5: test_rxas_01_init .............................................   Passed    0.06 sec
          Start 1045: rxdas_roundtrip_jtable_linear
1590/1972 Test    #7: test_rxas_03_token_types ......................................   Passed    0.06 sec
          Start 1046: rxdas_roundtrip_jtable_hash
1591/1972 Test #1389: tsubstr_opt ...................................................   Passed    0.09 sec
          Start 1036: rxdas_roundtrip_int64_contract
1592/1972 Test #1045: rxdas_roundtrip_jtable_linear .................................   Passed    0.07 sec
          Start 1047: rxdas_roundtrip_jtable_rexx_strings
1593/1972 Test #1046: rxdas_roundtrip_jtable_hash ...................................   Passed    0.06 sec
          Start 1035: rxdas_roundtrip_basic
1594/1972 Test #1036: rxdas_roundtrip_int64_contract ................................   Passed    0.06 sec
          Start 1086: rxasperf2referenceguardtests-rxbvm
1595/1972 Test #1086: rxasperf2referenceguardtests-rxbvm ............................   Passed    0.01 sec
          Start 1060: rxassignalstests-rxbvm
1596/1972 Test #1060: rxassignalstests-rxbvm ........................................   Passed    0.02 sec
          Start 1042: rxdas_roundtrip_metadata
1597/1972 Test #1047: rxdas_roundtrip_jtable_rexx_strings ...........................   Passed    0.06 sec
          Start 1037: rxdas_roundtrip_float_pool
1598/1972 Test #1035: rxdas_roundtrip_basic .........................................   Passed    0.05 sec
          Start 1043: rxdas_roundtrip_imported
1599/1972 Test #1042: rxdas_roundtrip_metadata ......................................   Passed    0.05 sec
1600/1972 Test #1037: rxdas_roundtrip_float_pool ....................................   Passed    0.05 sec
          Start    9: rxas_reject_non_source_mnemonics
          Start 1794: storage_identity_runtime_rxbvm_noopt
1601/1972 Test #1043: rxdas_roundtrip_imported ......................................   Passed    0.05 sec
          Start 1391: tsword_opt
1602/1972 Test #1794: storage_identity_runtime_rxbvm_noopt ..........................   Passed    0.01 sec
          Start 1087: rxasperf2partialreferencetests
1603/1972 Test #1087: rxasperf2partialreferencetests ................................   Passed    0.01 sec
          Start 1059: rxassignalstests
1604/1972 Test #1059: rxassignalstests ..............................................   Passed    0.03 sec
          Start 1039: rxdas_roundtrip_wide_operands
1605/1972 Test    #9: rxas_reject_non_source_mnemonics ..............................   Passed    0.06 sec
          Start 1072: rxbvminstrumentedbreakpointtests
1606/1972 Test #1072: rxbvminstrumentedbreakpointtests ..............................   Passed    0.01 sec
          Start 1071: rxvminstrumentedbreakpointtests
1607/1972 Test #1071: rxvminstrumentedbreakpointtests ...............................   Passed    0.01 sec
          Start 1032: rxlink_rxdas_smoke
1608/1972 Test #1032: rxlink_rxdas_smoke ............................................   Passed    0.01 sec
          Start 1064: rxaspanicaddresstests-rxbvm
1609/1972 Test #1039: rxdas_roundtrip_wide_operands .................................   Passed    0.06 sec
          Start 1116: rxassignalmaskbreakpointignoretests-rxbvm
1610/1972 Test #1391: tsword_opt ....................................................   Passed    0.09 sec
          Start 1803: levelbfunc_opt
1611/1972 Test #1116: rxassignalmaskbreakpointignoretests-rxbvm .....................   Passed    0.01 sec
          Start 1799: asutf_opt
1612/1972 Test  #897: address_callback_host .........................................   Passed    0.81 sec
          Start 1801: basic_opt
1613/1972 Test #1064: rxaspanicaddresstests-rxbvm ...................................   Passed    0.03 sec
          Start 1797: ascommon_opt
1614/1972 Test #1803: levelbfunc_opt ................................................   Passed    0.03 sec
          Start  348: perf2_04_inline_assembler_imports
1615/1972 Test #1799: asutf_opt .....................................................   Passed    0.03 sec
          Start 1089: rxasperf2exactrelinktests
1616/1972 Test #1089: rxasperf2exactrelinktests .....................................   Passed    0.01 sec
          Start 1735: crexx_expected_failure_contract
1617/1972 Test #1801: basic_opt .....................................................   Passed    0.03 sec
1618/1972 Test #1797: ascommon_opt ..................................................   Passed    0.03 sec
          Start    8: test_rxas_04_errors
          Start 1793: storage_identity_runtime_rxvm_opt
1619/1972 Test #1735: crexx_expected_failure_contract ...............................   Passed    0.03 sec
          Start 1779: rxas_optimizer_whole_procedure_panel
1620/1972 Test #1793: storage_identity_runtime_rxvm_opt .............................   Passed    0.03 sec
          Start 1038: rxdas_roundtrip_compact_format
1621/1972 Test #1779: rxas_optimizer_whole_procedure_panel ..........................   Passed    0.03 sec
          Start 1115: rxassignalmaskbreakpointignoretests
1622/1972 Test #1115: rxassignalmaskbreakpointignoretests ...........................   Passed    0.01 sec
          Start 1085: rxasperf2referenceguardtests
1623/1972 Test    #8: test_rxas_04_errors ...........................................   Passed    0.07 sec
          Start 1063: rxaspanicaddresstests
1624/1972 Test #1085: rxasperf2referenceguardtests ..................................   Passed    0.01 sec
          Start   10: rxas_constant_aliases
1625/1972 Test #1038: rxdas_roundtrip_compact_format ................................   Passed    0.04 sec
          Start 1789: nr18_flow_runtime_rxvm_opt
1626/1972 Test #1063: rxaspanicaddresstests .........................................   Passed    0.03 sec
          Start 1791: nr18_flow_runtime_rxbvm_opt
1627/1972 Test   #10: rxas_constant_aliases .........................................   Passed    0.03 sec
          Start 1787: whole_procedure_runtime_rxbvm_opt
1628/1972 Test #1789: nr18_flow_runtime_rxvm_opt ....................................   Passed    0.03 sec
          Start 1781: rxas_optimizer_nr18_flow_harvest
1629/1972 Test #1791: nr18_flow_runtime_rxbvm_opt ...................................   Passed    0.03 sec
          Start 1785: whole_procedure_runtime_rxvm_opt
1630/1972 Test #1781: rxas_optimizer_nr18_flow_harvest ..............................   Passed    0.03 sec
          Start 1901: reference_iterator_perf_rxbvm_opt
1631/1972 Test #1787: whole_procedure_runtime_rxbvm_opt .............................   Passed    0.03 sec
          Start 1065: rxaspanicsourcetests
1632/1972 Test  #348: perf2_04_inline_assembler_imports .............................   Passed    0.17 sec
          Start 1777: rxas_optimizer_whole_procedure_flow
1633/1972 Test #1785: whole_procedure_runtime_rxvm_opt ..............................   Passed    0.03 sec
          Start 1227: rxasdecimaltests-db
1634/1972 Test #1227: rxasdecimaltests-db ...........................................   Passed    0.01 sec
          Start 1066: rxaspanicsourcetests-rxbvm
1635/1972 Test #1065: rxaspanicsourcetests ..........................................   Passed    0.03 sec
          Start 1899: reference_iterator_perf_rxvm_opt
1636/1972 Test #1777: rxas_optimizer_whole_procedure_flow ...........................   Passed    0.02 sec
          Start 1780: rxas_optimizer_whole_procedure_panel_noopt
1637/1972 Test #1901: reference_iterator_perf_rxbvm_opt .............................   Passed    0.04 sec
          Start 1782: rxas_optimizer_nr18_flow_harvest_noopt
1638/1972 Test #1066: rxaspanicsourcetests-rxbvm ....................................   Passed    0.03 sec
          Start 1228: rxasdecimaltests-db-rxbvm
1639/1972 Test #1228: rxasdecimaltests-db-rxbvm .....................................   Passed    0.01 sec
          Start 1070: rxasbreakpointtraceeventtests-rxbvm
1640/1972 Test #1780: rxas_optimizer_whole_procedure_panel_noopt ....................   Passed    0.03 sec
1641/1972 Test #1782: rxas_optimizer_nr18_flow_harvest_noopt ........................   Passed    0.03 sec
          Start   11: rxc_help_syntaxhighlight
          Start 1811: concatenation_opt
1642/1972 Test #1070: rxasbreakpointtraceeventtests-rxbvm ...........................   Passed    0.01 sec
          Start 1792: storage_identity_runtime_rxvm_noopt
1643/1972 Test #1899: reference_iterator_perf_rxvm_opt ..............................   Passed    0.04 sec
          Start 1545: rxfnsl_tinyexpr_binary_surface_smoke
1644/1972 Test #1792: storage_identity_runtime_rxvm_noopt ...........................   Passed    0.01 sec
          Start 1069: rxasbreakpointtraceeventtests
1645/1972 Test #1069: rxasbreakpointtraceeventtests .................................   Passed    0.01 sec
          Start 1098: rxassignalattrnametests-rxbvm
1646/1972 Test   #11: rxc_help_syntaxhighlight ......................................   Passed    0.02 sec
          Start 1778: rxas_optimizer_whole_procedure_flow_noopt
1647/1972 Test #1098: rxassignalattrnametests-rxbvm .................................   Passed    0.01 sec
          Start 1138: rxassignalbrvnametests-rxbvm
1648/1972 Test #1811: concatenation_opt .............................................   Passed    0.03 sec
1649/1972 Test #1545: rxfnsl_tinyexpr_binary_surface_smoke ..........................   Passed    0.02 sec
          Start 1099: rxassignalattrpayloadtests
          Start 1579: classlib_rexx_method_test_coverage
1650/1972 Test #1138: rxassignalbrvnametests-rxbvm ..................................   Passed    0.01 sec
          Start 1242: rxasstresstests-rxbvm
1651/1972 Test #1099: rxassignalattrpayloadtests ....................................   Passed    0.01 sec
          Start 1905: reference_generated_contract_rxbvm_opt
1652/1972 Test #1579: classlib_rexx_method_test_coverage ............................   Passed    0.01 sec
          Start 1774: rxas_optimizer_nr09_class1
1653/1972 Test #1778: rxas_optimizer_whole_procedure_flow_noopt .....................   Passed    0.02 sec
          Start 1776: rxas_optimizer_nr09_class1_boundaries
1654/1972 Test #1242: rxasstresstests-rxbvm .........................................   Passed    0.02 sec
          Start 1895: reference_iterator_system_rxvm_opt
1655/1972 Test #1905: reference_generated_contract_rxbvm_opt ........................   Passed    0.03 sec
          Start 1775: rxas_optimizer_nr09_class1_noopt
1656/1972 Test #1774: rxas_optimizer_nr09_class1 ....................................   Passed    0.03 sec
          Start 1241: rxasstresstests
1657/1972 Test #1776: rxas_optimizer_nr09_class1_boundaries .........................   Passed    0.03 sec
          Start 1783: rxas_optimizer_storage_identity_flow
1658/1972 Test #1895: reference_iterator_system_rxvm_opt ............................   Passed    0.03 sec
          Start 1134: rxassignalpushpophandlerrestoretests-rxbvm
1659/1972 Test #1241: rxasstresstests ...............................................   Passed    0.01 sec
          Start 1130: rxassignalpushpoprestoretests-rxbvm
1660/1972 Test #1134: rxassignalpushpophandlerrestoretests-rxbvm ....................   Passed    0.01 sec
          Start 1104: rxassignalmodeignoretests-rxbvm
1661/1972 Test #1130: rxassignalpushpoprestoretests-rxbvm ...........................   Passed    0.01 sec
          Start 1903: reference_generated_contract_rxvm_opt
1662/1972 Test #1104: rxassignalmodeignoretests-rxbvm ...............................   Passed    0.01 sec
          Start 1897: reference_iterator_system_rxbvm_opt
1663/1972 Test #1775: rxas_optimizer_nr09_class1_noopt ..............................   Passed    0.03 sec
          Start 1082: rxasreferencetests-rxbvm
1664/1972 Test #1783: rxas_optimizer_storage_identity_flow ..........................   Passed    0.03 sec
          Start 1103: rxassignalmodeignoretests
1665/1972 Test #1082: rxasreferencetests-rxbvm ......................................   Passed    0.01 sec
          Start   14: rxas_invalid_diagnostic
1666/1972 Test #1103: rxassignalmodeignoretests .....................................   Passed    0.01 sec
          Start 1232: rxasobjecttests-rxbvm
1667/1972 Test #1232: rxasobjecttests-rxbvm .........................................   Passed    0.01 sec
          Start 1125: rxassignalactionskiptests
1668/1972 Test #1125: rxassignalactionskiptests .....................................   Passed    0.01 sec
          Start 1231: rxasobjecttests
1669/1972 Test   #14: rxas_invalid_diagnostic .......................................   Passed    0.02 sec
          Start 1117: rxassignalsilenthalttests
1670/1972 Test #1897: reference_iterator_system_rxbvm_opt ...........................   Passed    0.04 sec
1671/1972 Test #1903: reference_generated_contract_rxvm_opt .........................   Passed    0.04 sec
          Start 1095: rxassignalattrcodetests
          Start 1107: rxassignalmodecallbranchtests
1672/1972 Test  #902: crexxsaa_variables ............................................   Passed    1.59 sec
          Start 1133: rxassignalpushpophandlerrestoretests
1673/1972 Test #1231: rxasobjecttests ...............................................   Passed    0.02 sec
1674/1972 Test #1117: rxassignalsilenthalttests .....................................   Passed    0.01 sec
          Start   15: rxas_invalid_utf8_string
          Start 1028: rxlink_duplicate_provider_error
1675/1972 Test #1095: rxassignalattrcodetests .......................................   Passed    0.01 sec
1676/1972 Test #1133: rxassignalpushpophandlerrestoretests ..........................   Passed    0.01 sec
1677/1972 Test #1107: rxassignalmodecallbranchtests .................................   Passed    0.01 sec
          Start 1029: rxlink_duplicate_selected_export_error
          Start 1754: rxas_optimizer_duplicate_link_read_trace_unrelated
          Start 1030: rxlink_include_omit_conflict_error
1678/1972 Test   #15: rxas_invalid_utf8_string ......................................   Passed    0.01 sec
          Start 1129: rxassignalpushpoprestoretests
1679/1972 Test #1028: rxlink_duplicate_provider_error ...............................   Passed    0.01 sec
          Start 1077: rxasutfboundaryfreadlinetests
1680/1972 Test #1029: rxlink_duplicate_selected_export_error ........................   Passed    0.01 sec
          Start 1031: rxlink_signature_mismatch_error
1681/1972 Test #1129: rxassignalpushpoprestoretests .................................   Passed    0.01 sec
          Start 1790: nr18_flow_runtime_rxbvm_noopt
1682/1972 Test #1030: rxlink_include_omit_conflict_error ............................   Passed    0.01 sec
          Start 1170: rxasjumptabletests-rxbvm
1683/1972 Test #1754: rxas_optimizer_duplicate_link_read_trace_unrelated ............   Passed    0.02 sec
          Start 1147: rxasintcontracttests
1684/1972 Test #1790: nr18_flow_runtime_rxbvm_noopt .................................   Passed    0.01 sec
          Start 1034: rxlink_rxdas_strip_smoke
1685/1972 Test #1170: rxasjumptabletests-rxbvm ......................................   Passed    0.01 sec
          Start 1163: rxassystemiotests
1686/1972 Test #1031: rxlink_signature_mismatch_error ...............................   Passed    0.01 sec
          Start 1802: levelbfunc_noopt
1687/1972 Test #1147: rxasintcontracttests ..........................................   Passed    0.01 sec
          Start 1169: rxasjumptabletests
1688/1972 Test #1077: rxasutfboundaryfreadlinetests .................................   Passed    0.02 sec
          Start 1166: rxasbinarylegacytests-rxbvm
1689/1972 Test #1163: rxassystemiotests .............................................   Passed    0.01 sec
          Start 1033: rxlink_rxdas_inline_preserve_smoke
1690/1972 Test #1034: rxlink_rxdas_strip_smoke ......................................   Passed    0.01 sec
1691/1972 Test #1802: levelbfunc_noopt ..............................................   Passed    0.01 sec
          Start 1081: rxasreferencetests
          Start 1182: rxasjumptableautoedges-rxbvm
1692/1972 Test #1169: rxasjumptabletests ............................................   Passed    0.01 sec
1693/1972 Test #1166: rxasbinarylegacytests-rxbvm ...................................   Passed    0.01 sec
          Start 1183: rxasjumptablerexxstrings
          Start 1148: rxasintcontracttests-rxbvm
1694/1972 Test #1033: rxlink_rxdas_inline_preserve_smoke ............................   Passed    0.01 sec
1695/1972 Test #1081: rxasreferencetests ............................................   Passed    0.01 sec
          Start 1898: reference_iterator_perf_rxvm_noopt
          Start 1165: rxasbinarylegacytests
1696/1972 Test #1182: rxasjumptableautoedges-rxbvm ..................................   Passed    0.01 sec
1697/1972 Test #1183: rxasjumptablerexxstrings ......................................   Passed    0.01 sec
          Start 1800: basic_noopt
          Start 1146: rxasintmathtests-rxbvm
1698/1972 Test #1148: rxasintcontracttests-rxbvm ....................................   Passed    0.01 sec
1699/1972 Test #1165: rxasbinarylegacytests .........................................   Passed    0.01 sec
          Start 1173: rxasjumptableopenhashsources
          Start 1175: rxasjumptableacphsources
1700/1972 Test #1800: basic_noopt ...................................................   Passed    0.01 sec
          Start 1079: rxasattributebulktests
1701/1972 Test #1146: rxasintmathtests-rxbvm ........................................   Passed    0.01 sec
          Start 1172: rxasjumptablelinearsources-rxbvm
1702/1972 Test #1173: rxasjumptableopenhashsources ..................................   Passed    0.01 sec
          Start 1174: rxasjumptableopenhashsources-rxbvm
1703/1972 Test #1175: rxasjumptableacphsources ......................................   Passed    0.01 sec
1704/1972 Test #1079: rxasattributebulktests ........................................   Passed    0.01 sec
          Start 1091: rxasobjectinitializationtests
          Start 1222: rxassockettests-rxbvm
1705/1972 Test #1898: reference_iterator_perf_rxvm_noopt ............................   Passed    0.02 sec
1706/1972 Test #1172: rxasjumptablelinearsources-rxbvm ..............................   Passed    0.01 sec
1707/1972 Test #1174: rxasjumptableopenhashsources-rxbvm ............................   Passed    0.01 sec
1708/1972 Test #1091: rxasobjectinitializationtests .................................   Passed    0.01 sec
          Start 1025: rxlink_srcmethod_run
          Start  915: test_dump_opt
          Start 1181: rxasjumptableautoedges
          Start 1073: rxasregisterflagtests
1709/1972 Test #1222: rxassockettests-rxbvm .........................................   Passed    0.01 sec
1710/1972 Test #1025: rxlink_srcmethod_run ..........................................   Passed    0.01 sec
          Start 1140: rxassignalbrvpayloadtests-rxbvm
          Start 1177: rxasjumptableautosources
1711/1972 Test  #915: test_dump_opt .................................................   Passed    0.01 sec
          Start 1102: rxassignalattrsourcetests-rxbvm
1712/1972 Test #1181: rxasjumptableautoedges ........................................   Passed    0.01 sec
1713/1972 Test #1073: rxasregisterflagtests .........................................   Passed    0.01 sec
          Start 1234: rxasreflectiontests-rxbvm
          Start 1118: rxassignalsilenthalttests-rxbvm
1714/1972 Test #1140: rxassignalbrvpayloadtests-rxbvm ...............................   Passed    0.03 sec
          Start 1144: rxasbasictests-rxbvm
1715/1972 Test #1177: rxasjumptableautosources ......................................   Passed    0.03 sec
1716/1972 Test #1102: rxassignalattrsourcetests-rxbvm ...............................   Passed    0.03 sec
          Start 1093: rxasobjectinitializationcatchtests
          Start 1094: rxasobjectinitializationcatchtests-rxbvm
1717/1972 Test #1234: rxasreflectiontests-rxbvm .....................................   Passed    0.03 sec
1718/1972 Test #1118: rxassignalsilenthalttests-rxbvm ...............................   Passed    0.02 sec
          Start 1145: rxasintmathtests
          Start 1012: test_dummy_noopt
1719/1972 Test #1144: rxasbasictests-rxbvm ..........................................   Passed    0.01 sec
1720/1972 Test #1093: rxasobjectinitializationcatchtests ............................   Passed    0.01 sec
1721/1972 Test #1094: rxasobjectinitializationcatchtests-rxbvm ......................   Passed    0.01 sec
          Start 1235: rxasinterfacetests
          Start 1185: rxasjumptableboundaries
          Start 1026: rxlink_srcmethod_run-rxbvm
1722/1972 Test  #837: syntaxhighlight_levelc_select_missing_when ....................   Passed    2.26 sec
          Start  805: syntaxhighlight_levelc_implicit_command_warning
1723/1972 Test #1145: rxasintmathtests ..............................................   Passed    0.01 sec
1724/1972 Test #1012: test_dummy_noopt ..............................................   Passed    0.01 sec
          Start 1171: rxasjumptablelinearsources
          Start 1040: rxdas_graph_error
1725/1972 Test #1235: rxasinterfacetests ............................................   Passed    0.01 sec
          Start 1096: rxassignalattrcodetests-rxbvm
1726/1972 Test #1185: rxasjumptableboundaries .......................................   Passed    0.01 sec
          Start 1180: rxasjumptablehashedges-rxbvm
1727/1972 Test #1026: rxlink_srcmethod_run-rxbvm ....................................   Passed    0.01 sec
1728/1972 Test #1171: rxasjumptablelinearsources ....................................   Passed    0.01 sec
          Start 1161: rxaslogicflowtests
          Start 1023: rxlink_srcfproc_run
1729/1972 Test #1096: rxassignalattrcodetests-rxbvm .................................   Passed    0.01 sec
1730/1972 Test #1180: rxasjumptablehashedges-rxbvm ..................................   Passed    0.01 sec
          Start 1238: rxasselectordescriptortests-rxbvm
          Start 1143: rxasbasictests
1731/1972 Test #1040: rxdas_graph_error .............................................   Passed    0.02 sec
          Start 1223: rxasdecimaltests
1732/1972 Test #1161: rxaslogicflowtests ............................................   Passed    0.01 sec
          Start 1184: rxasjumptablerexxstrings-rxbvm
1733/1972 Test #1023: rxlink_srcfproc_run ...........................................   Passed    0.01 sec
1734/1972 Test #1143: rxasbasictests ................................................   Passed    0.01 sec
          Start 1013: test_dummy_opt
          Start 1019: rxlink_strip_run
1735/1972 Test #1238: rxasselectordescriptortests-rxbvm .............................   Passed    0.01 sec
          Start 1229: rxasconversiontests
1736/1972 Test #1223: rxasdecimaltests ..............................................   Passed    0.01 sec
          Start 1067: rxasbreakpointaddresstests
1737/1972 Test #1184: rxasjumptablerexxstrings-rxbvm ................................   Passed    0.01 sec
          Start 1018: rxlink_control_run-rxbvm
1738/1972 Test #1013: test_dummy_opt ................................................   Passed    0.01 sec
1739/1972 Test #1019: rxlink_strip_run ..............................................   Passed    0.01 sec
          Start 1126: rxassignalactionskiptests-rxbvm
          Start 1233: rxasreflectiontests
1740/1972 Test #1229: rxasconversiontests ...........................................   Passed    0.01 sec
1741/1972 Test #1067: rxasbreakpointaddresstests ....................................   Passed    0.01 sec
1742/1972 Test #1018: rxlink_control_run-rxbvm ......................................   Passed    0.01 sec
1743/1972 Test #1126: rxassignalactionskiptests-rxbvm ...............................   Passed    0.01 sec
          Start 1246: rxaswideoperandtests-rxbvm
          Start 1132: rxassignalpushpopbranchtests-rxbvm
          Start 1164: rxassystemiotests-rxbvm
          Start 1100: rxassignalattrpayloadtests-rxbvm
1744/1972 Test #1233: rxasreflectiontests ...........................................   Passed    0.02 sec
1745/1972 Test #1246: rxaswideoperandtests-rxbvm ....................................   Passed    0.01 sec
1746/1972 Test #1132: rxassignalpushpopbranchtests-rxbvm ............................   Passed    0.01 sec
          Start 1230: rxasconversiontests-rxbvm
          Start 1179: rxasjumptablehashedges
          Start 1186: rxasjumptableboundaries-rxbvm
1747/1972 Test #1164: rxassystemiotests-rxbvm .......................................   Passed    0.02 sec
1748/1972 Test #1100: rxassignalattrpayloadtests-rxbvm ..............................   Passed    0.01 sec
1749/1972 Test #1230: rxasconversiontests-rxbvm .....................................   Passed    0.01 sec
          Start 1075: rxasutfflagtests
          Start 1020: rxlink_strip_run-rxbvm
          Start 1152: rxasfloatmathtests-rxbvm
1750/1972 Test #1179: rxasjumptablehashedges ........................................   Passed    0.01 sec
1751/1972 Test #1186: rxasjumptableboundaries-rxbvm .................................   Passed    0.01 sec
          Start 1798: asutf_noopt
          Start 1237: rxasselectordescriptortests
1752/1972 Test #1075: rxasutfflagtests ..............................................   Passed    0.01 sec
1753/1972 Test #1020: rxlink_strip_run-rxbvm ........................................   Passed    0.01 sec
          Start 1092: rxasobjectinitializationtests-rxbvm
          Start  914: test_dump_noopt
1754/1972 Test #1152: rxasfloatmathtests-rxbvm ......................................   Passed    0.01 sec
1755/1972 Test #1798: asutf_noopt ...................................................   Passed    0.01 sec
1756/1972 Test #1237: rxasselectordescriptortests ...................................   Passed    0.01 sec
1757/1972 Test #1092: rxasobjectinitializationtests-rxbvm ...........................   Passed    0.01 sec
          Start 1796: ascommon_noopt
          Start 1900: reference_iterator_perf_rxbvm_noopt
          Start 1188: rxasjtablecorruptalgorithm_rxbvm
          Start 1122: rxassignalframescopeparenttests-rxbvm
1758/1972 Test  #914: test_dump_noopt ...............................................   Passed    0.01 sec
1759/1972 Test #1796: ascommon_noopt ................................................   Passed    0.01 sec
          Start 1162: rxaslogicflowtests-rxbvm
          Start 1178: rxasjumptableautosources-rxbvm
1760/1972 Test    #3: crexx_contract_generation .....................................   Passed    6.46 sec
          Start 1113: rxassignalmaskotherignoretests
1761/1972 Test #1122: rxassignalframescopeparenttests-rxbvm .........................   Passed    0.01 sec
          Start 1788: nr18_flow_runtime_rxvm_noopt
1762/1972 Test #1162: rxaslogicflowtests-rxbvm ......................................   Passed    0.01 sec
1763/1972 Test #1178: rxasjumptableautosources-rxbvm ................................   Passed    0.01 sec
          Start 1167: rxasbinarymemorytests
          Start 1076: rxasutfflagtests-rxbvm
1764/1972 Test #1188: rxasjtablecorruptalgorithm_rxbvm ..............................   Passed    0.02 sec
          Start 1135: rxassignalbrvrawtests
1765/1972 Test #1113: rxassignalmaskotherignoretests ................................   Passed    0.01 sec
1766/1972 Test #1900: reference_iterator_perf_rxbvm_noopt ...........................   Passed    0.02 sec
          Start 1017: rxlink_control_run
          Start 1110: rxassignalmodereturntests-rxbvm
1767/1972 Test #1788: nr18_flow_runtime_rxvm_noopt ..................................   Passed    0.01 sec
1768/1972 Test #1167: rxasbinarymemorytests .........................................   Passed    0.01 sec
          Start 1151: rxasfloatmathtests
          Start 1226: rxasdecimaltests-mc-rxbvm
1769/1972 Test #1076: rxasutfflagtests-rxbvm ........................................   Passed    0.01 sec
1770/1972 Test #1135: rxassignalbrvrawtests .........................................   Passed    0.01 sec
          Start 1068: rxasbreakpointaddresstests-rxbvm
          Start 1136: rxassignalbrvrawtests-rxbvm
1771/1972 Test #1017: rxlink_control_run ............................................   Passed    0.01 sec
1772/1972 Test #1110: rxassignalmodereturntests-rxbvm ...............................   Passed    0.01 sec
          Start 1123: rxassignalnestedpendingtests
          Start 1106: rxassignalmodebranchtests-rxbvm
1773/1972 Test #1151: rxasfloatmathtests ............................................   Passed    0.01 sec
1774/1972 Test #1226: rxasdecimaltests-mc-rxbvm .....................................   Passed    0.01 sec
          Start 1236: rxasinterfacetests-rxbvm
          Start 1121: rxassignalframescopeparenttests
1775/1972 Test #1068: rxasbreakpointaddresstests-rxbvm ..............................   Passed    0.01 sec
          Start 1109: rxassignalmodereturntests
1776/1972 Test #1136: rxassignalbrvrawtests-rxbvm ...................................   Passed    0.01 sec
1777/1972 Test #1123: rxassignalnestedpendingtests ..................................   Passed    0.01 sec
1778/1972 Test #1106: rxassignalmodebranchtests-rxbvm ...............................   Passed    0.01 sec
          Start 1015: rxlink_success_run
          Start 1074: rxasregisterflagtests-rxbvm
          Start 1176: rxasjumptableacphsources-rxbvm
1779/1972 Test #1236: rxasinterfacetests-rxbvm ......................................   Passed    0.01 sec
          Start 1221: rxassockettests
1780/1972 Test #1121: rxassignalframescopeparenttests ...............................   Passed    0.01 sec
1781/1972 Test #1109: rxassignalmodereturntests .....................................   Passed    0.01 sec
          Start 1105: rxassignalmodebranchtests
          Start 1128: rxassignalactiondynamictests-rxbvm
1782/1972 Test #1015: rxlink_success_run ............................................   Passed    0.01 sec
1783/1972 Test #1074: rxasregisterflagtests-rxbvm ...................................   Passed    0.01 sec
          Start 1024: rxlink_srcfproc_run-rxbvm
          Start 1119: rxassignalframescopechildtests
1784/1972 Test #1176: rxasjumptableacphsources-rxbvm ................................   Passed    0.01 sec
          Start 1225: rxasdecimaltests-mc
1785/1972 Test #1221: rxassockettests ...............................................   Passed    0.01 sec
1786/1972 Test #1105: rxassignalmodebranchtests .....................................   Passed    0.01 sec
1787/1972 Test #1128: rxassignalactiondynamictests-rxbvm ............................   Passed    0.01 sec
          Start 1120: rxassignalframescopechildtests-rxbvm
          Start 1141: rxasnr09superinstructiontests
          Start 1101: rxassignalattrsourcetests
1788/1972 Test #1024: rxlink_srcfproc_run-rxbvm .....................................   Passed    0.01 sec
          Start 1108: rxassignalmodecallbranchtests-rxbvm
1789/1972 Test #1119: rxassignalframescopechildtests ................................   Passed    0.01 sec
1790/1972 Test #1225: rxasdecimaltests-mc ...........................................   Passed    0.01 sec
1791/1972 Test #1120: rxassignalframescopechildtests-rxbvm ..........................   Passed    0.01 sec
          Start 1245: rxaswideoperandtests
          Start 1080: rxasattributebulktests-rxbvm
          Start 1124: rxassignalnestedpendingtests-rxbvm
1792/1972 Test #1141: rxasnr09superinstructiontests .................................   Passed    0.01 sec
1793/1972 Test  #102: 18_array_class_opt ............................................   Passed    5.48 sec
1794/1972 Test #1101: rxassignalattrsourcetests .....................................   Passed    0.01 sec
1795/1972 Test #1108: rxassignalmodecallbranchtests-rxbvm ...........................   Passed    0.01 sec
          Start 1786: whole_procedure_runtime_rxbvm_noopt
          Start 1244: rxasinstructiongaptests-rxbvm
          Start 1139: rxassignalbrvpayloadtests
          Start 1168: rxasbinarymemorytests-rxbvm
1796/1972 Test #1245: rxaswideoperandtests ..........................................   Passed    0.01 sec
1797/1972 Test #1080: rxasattributebulktests-rxbvm ..................................   Passed    0.01 sec
1798/1972 Test #1124: rxassignalnestedpendingtests-rxbvm ............................   Passed    0.01 sec
1799/1972 Test #1786: whole_procedure_runtime_rxbvm_noopt ...........................   Passed    0.01 sec
1800/1972 Test #1244: rxasinstructiongaptests-rxbvm .................................   Passed    0.01 sec
          Start 1137: rxassignalbrvnametests
          Start 1097: rxassignalattrnametests
          Start 1243: rxasinstructiongaptests
          Start 1224: rxasdecimaltests-rxbvm
          Start 1127: rxassignalactiondynamictests
1801/1972 Test #1139: rxassignalbrvpayloadtests .....................................   Passed    0.02 sec
1802/1972 Test #1168: rxasbinarymemorytests-rxbvm ...................................   Passed    0.02 sec
1803/1972 Test #1137: rxassignalbrvnametests ........................................   Passed    0.02 sec
1804/1972 Test #1097: rxassignalattrnametests .......................................   Passed    0.01 sec
1805/1972 Test #1243: rxasinstructiongaptests .......................................   Passed    0.01 sec
1806/1972 Test #1224: rxasdecimaltests-rxbvm ........................................   Passed    0.01 sec
          Start 1114: rxassignalmaskotherignoretests-rxbvm
          Start 1016: rxlink_success_run-rxbvm
          Start 1784: whole_procedure_runtime_rxvm_noopt
          Start 1142: rxasnr09superinstructiontests-rxbvm
          Start 1131: rxassignalpushpopbranchtests
          Start 1748: rxas_optimizer_compare_branch
1807/1972 Test #1127: rxassignalactiondynamictests ..................................   Passed    0.02 sec
1808/1972 Test #1114: rxassignalmaskotherignoretests-rxbvm ..........................   Passed    0.01 sec
1809/1972 Test #1016: rxlink_success_run-rxbvm ......................................   Passed    0.01 sec
1810/1972 Test #1784: whole_procedure_runtime_rxvm_noopt ............................   Passed    0.01 sec
1811/1972 Test #1142: rxasnr09superinstructiontests-rxbvm ...........................   Passed    0.01 sec
          Start   12: rxc_help_no_exe_import
          Start 1078: rxasutfboundaryfreadcdpttests
          Start 1153: rxasfloatpooltests
          Start 1239: rxasselectordescriptorbadmethod
          Start 1240: rxasselectordescriptorbadfactory
1812/1972 Test #1153: rxasfloatpooltests ............................................   Passed    0.01 sec
          Start 1154: rxasfloatpooltests-rxbvm
1813/1972 Test #1131: rxassignalpushpopbranchtests ..................................   Passed    0.02 sec
1814/1972 Test   #12: rxc_help_no_exe_import ........................................   Passed    0.01 sec
          Start 1756: rxas_optimizer_duplicate_linkattr_read
          Start 1738: rxas_optimizer_fixed_registers_opt
1815/1972 Test #1154: rxasfloatpooltests-rxbvm ......................................   Passed    0.01 sec
          Start 1740: rxas_optimizer_implicit_inc0_relevant
1816/1972 Test #1078: rxasutfboundaryfreadcdpttests .................................   Passed    0.02 sec
          Start 1762: rxas_optimizer_barrier_asserttype
1817/1972 Test #1748: rxas_optimizer_compare_branch .................................   Passed    0.03 sec
1818/1972 Test #1239: rxasselectordescriptorbadmethod ...............................   Passed    0.02 sec
1819/1972 Test #1240: rxasselectordescriptorbadfactory ..............................   Passed    0.02 sec
          Start 1747: rxas_optimizer_copy_acopy_noopt
          Start 1769: rxas_optimizer_barrier_fltbr
          Start 1751: rxas_optimizer_duplicate_link_read_meta_relevant
1820/1972 Test #1756: rxas_optimizer_duplicate_linkattr_read ........................   Passed    0.02 sec
1821/1972 Test #1738: rxas_optimizer_fixed_registers_opt ............................   Passed    0.02 sec
          Start 1758: rxas_optimizer_duplicate_linkattr_different
          Start 1742: rxas_optimizer_loadint_relevant
1822/1972 Test #1740: rxas_optimizer_implicit_inc0_relevant .........................   Passed    0.03 sec
1823/1972 Test #1762: rxas_optimizer_barrier_asserttype .............................   Passed    0.03 sec
1824/1972 Test #1747: rxas_optimizer_copy_acopy_noopt ...............................   Passed    0.02 sec
          Start 1755: rxas_optimizer_duplicate_link_read_bcopy
          Start 1810: concatenation_noopt
          Start 1753: rxas_optimizer_duplicate_link_read_trace_relevant
1825/1972 Test #1769: rxas_optimizer_barrier_fltbr ..................................   Passed    0.02 sec
1826/1972 Test #1751: rxas_optimizer_duplicate_link_read_meta_relevant ..............   Passed    0.02 sec
          Start 1761: rxas_optimizer_barrier_srcfproc
          Start 1763: rxas_optimizer_barrier_assertinitialized
1827/1972 Test #1758: rxas_optimizer_duplicate_linkattr_different ...................   Passed    0.02 sec
1828/1972 Test #1810: concatenation_noopt ...........................................   Passed    0.01 sec
          Start 1770: rxas_optimizer_barrier_dgtbr
          Start 1743: rxas_optimizer_loadint_unrelated
1829/1972 Test #1742: rxas_optimizer_loadint_relevant ...............................   Passed    0.02 sec
          Start 1757: rxas_optimizer_duplicate_linkattr_read_bcopy
1830/1972 Test #1755: rxas_optimizer_duplicate_link_read_bcopy ......................   Passed    0.02 sec
          Start 1750: rxas_optimizer_duplicate_link_read
1831/1972 Test #1761: rxas_optimizer_barrier_srcfproc ...............................   Passed    0.02 sec
          Start 1741: rxas_optimizer_implicit_inc0_unrelated
1832/1972 Test #1753: rxas_optimizer_duplicate_link_read_trace_relevant .............   Passed    0.02 sec
          Start 1771: rxas_optimizer_barrier_dltbr
1833/1972 Test #1763: rxas_optimizer_barrier_assertinitialized ......................   Passed    0.03 sec
1834/1972 Test #1770: rxas_optimizer_barrier_dgtbr ..................................   Passed    0.02 sec
1835/1972 Test #1743: rxas_optimizer_loadint_unrelated ..............................   Passed    0.02 sec
          Start 1766: rxas_optimizer_barrier_igtbr
          Start 1767: rxas_optimizer_barrier_iltbr
          Start 1764: rxas_optimizer_barrier_ichkrng
1836/1972 Test #1757: rxas_optimizer_duplicate_linkattr_read_bcopy ..................   Passed    0.02 sec
1837/1972 Test #1750: rxas_optimizer_duplicate_link_read ............................   Passed    0.02 sec
          Start 1739: rxas_optimizer_fixed_registers_noopt
          Start 1759: rxas_optimizer_barrier_call
1838/1972 Test #1741: rxas_optimizer_implicit_inc0_unrelated ........................   Passed    0.03 sec
          Start 1773: rxas_optimizer_barrier_metaloadmodule
1839/1972 Test #1771: rxas_optimizer_barrier_dltbr ..................................   Passed    0.03 sec
          Start 1744: rxas_optimizer_linkarg_relevant
1840/1972 Test #1766: rxas_optimizer_barrier_igtbr ..................................   Passed    0.02 sec
          Start 1746: rxas_optimizer_copy_acopy_opt
1841/1972 Test #1767: rxas_optimizer_barrier_iltbr ..................................   Passed    0.02 sec
          Start 1749: rxas_optimizer_compare_branch_noopt
1842/1972 Test #1739: rxas_optimizer_fixed_registers_noopt ..........................   Passed    0.02 sec
          Start 1765: rxas_optimizer_barrier_signal
1843/1972 Test #1764: rxas_optimizer_barrier_ichkrng ................................   Passed    0.02 sec
1844/1972 Test #1759: rxas_optimizer_barrier_call ...................................   Passed    0.02 sec
          Start 1752: rxas_optimizer_duplicate_link_read_meta_unrelated
          Start 1772: rxas_optimizer_barrier_deqbr
1845/1972 Test #1773: rxas_optimizer_barrier_metaloadmodule .........................   Passed    0.02 sec
          Start 1760: rxas_optimizer_barrier_dcall
1846/1972 Test #1744: rxas_optimizer_linkarg_relevant ...............................   Passed    0.02 sec
          Start 1768: rxas_optimizer_barrier_fgtbr
1847/1972 Test #1746: rxas_optimizer_copy_acopy_opt .................................   Passed    0.02 sec
          Start 1191: rxasjtablecorruptlinearkey_rxvm
1848/1972 Test #1765: rxas_optimizer_barrier_signal .................................   Passed    0.02 sec
          Start 1745: rxas_optimizer_linkarg_unrelated
1849/1972 Test #1772: rxas_optimizer_barrier_deqbr ..................................   Passed    0.02 sec
          Start 1189: rxasjtablecorruptheader_rxvm
1850/1972 Test #1752: rxas_optimizer_duplicate_link_read_meta_unrelated .............   Passed    0.02 sec
          Start 1204: rxasjumptablebadduplicate
1851/1972 Test #1749: rxas_optimizer_compare_branch_noopt ...........................   Passed    0.03 sec
          Start 1218: rxasjumptablebadjumpbsempty
1852/1972 Test #1760: rxas_optimizer_barrier_dcall ..................................   Passed    0.02 sec
          Start 1194: rxasjtablecorruptlineartarget_rxbvm
1853/1972 Test #1191: rxasjtablecorruptlinearkey_rxvm ...............................   Passed    0.02 sec
          Start 1211: rxasjumptablebadnumerickey
1854/1972 Test #1768: rxas_optimizer_barrier_fgtbr ..................................   Passed    0.03 sec
1855/1972 Test #1189: rxasjtablecorruptheader_rxvm ..................................   Passed    0.02 sec
          Start 1196: rxasjtablecorruptopenslot_rxbvm
          Start 1199: rxasjtablecorruptacphtarget_rxvm
1856/1972 Test #1745: rxas_optimizer_linkarg_unrelated ..............................   Passed    0.03 sec
1857/1972 Test #1204: rxasjumptablebadduplicate .....................................   Passed    0.02 sec
1858/1972 Test #1218: rxasjumptablebadjumpbsempty ...................................   Passed    0.02 sec
          Start 1190: rxasjtablecorruptheader_rxbvm
          Start 1193: rxasjtablecorruptlineartarget_rxvm
          Start 1216: rxasjumptablebadcaseonly
1859/1972 Test #1194: rxasjtablecorruptlineartarget_rxbvm ...........................   Passed    0.03 sec
1860/1972 Test #1211: rxasjumptablebadnumerickey ....................................   Passed    0.02 sec
          Start 1205: rxasjumptablebadtypemismatch
          Start 1203: rxasjumptablebadjumpbsvariable
1861/1972 Test #1196: rxasjtablecorruptopenslot_rxbvm ...............................   Passed    0.02 sec
1862/1972 Test #1199: rxasjtablecorruptacphtarget_rxvm ..............................   Passed    0.02 sec
1863/1972 Test #1190: rxasjtablecorruptheader_rxbvm .................................   Passed    0.02 sec
          Start 1192: rxasjtablecorruptlinearkey_rxbvm
          Start 1197: rxasjtablecorruptacphslot_rxvm
          Start 1207: rxasjumptablebadduplicatebinary
1864/1972 Test #1193: rxasjtablecorruptlineartarget_rxvm ............................   Passed    0.02 sec
1865/1972 Test #1216: rxasjumptablebadcaseonly ......................................   Passed    0.02 sec
          Start 1217: rxasjumptablebadprocedurescope
          Start 1195: rxasjtablecorruptopenslot_rxvm
1866/1972 Test  #580: inline_test_computed_receiver_copyback_opt_rewrites ...........   Passed    5.00 sec
1867/1972 Test #1205: rxasjumptablebadtypemismatch ..................................   Passed    0.02 sec
1868/1972 Test #1203: rxasjumptablebadjumpbsvariable ................................   Passed    0.02 sec
1869/1972 Test #1192: rxasjtablecorruptlinearkey_rxbvm ..............................   Passed    0.02 sec
          Start 1198: rxasjtablecorruptacphslot_rxbvm
          Start 1209: rxasjumptablebadalgorithmname
          Start 1187: rxasjtablecorruptalgorithm_rxvm
          Start 1208: rxasjumptablebadduplicatetable
1870/1972 Test #1197: rxasjtablecorruptacphslot_rxvm ................................   Passed    0.03 sec
1871/1972 Test #1207: rxasjumptablebadduplicatebinary ...............................   Passed    0.02 sec
1872/1972 Test #1217: rxasjumptablebadprocedurescope ................................   Passed    0.02 sec
          Start 1200: rxasjtablecorruptacphtarget_rxbvm
          Start 1220: rxasjumptablebadnumericzeroduplicate
          Start 1150: rxasintoverflownegative
1873/1972 Test #1195: rxasjtablecorruptopenslot_rxvm ................................   Passed    0.02 sec
1874/1972 Test #1209: rxasjumptablebadalgorithmname .................................   Passed    0.01 sec
          Start 1149: rxasintoverflowpositive
          Start 1215: rxasjumptablebadoutsideprocedure
1875/1972 Test #1198: rxasjtablecorruptacphslot_rxbvm ...............................   Passed    0.02 sec
1876/1972 Test #1187: rxasjtablecorruptalgorithm_rxvm ...............................   Passed    0.01 sec
          Start 1219: rxasjumptablebadutf8
          Start 1021: rxlink_interface_run
1877/1972 Test #1208: rxasjumptablebadduplicatetable ................................   Passed    0.02 sec
          Start 1022: rxlink_interface_run-rxbvm
1878/1972 Test #1200: rxasjtablecorruptacphtarget_rxbvm .............................   Passed    0.01 sec
          Start 1212: rxasjumptablebadnumericduplicate
1879/1972 Test #1220: rxasjumptablebadnumericzeroduplicate ..........................   Passed    0.01 sec
          Start 1213: rxasjumptablebadpaddedduplicate
1880/1972 Test #1150: rxasintoverflownegative .......................................   Passed    0.02 sec
          Start 1202: rxasjumptablebadunknown
1881/1972 Test #1021: rxlink_interface_run ..........................................   Passed    0.01 sec
1882/1972 Test #1022: rxlink_interface_run-rxbvm ....................................   Passed    0.01 sec
1883/1972 Test #1149: rxasintoverflowpositive .......................................   Passed    0.02 sec
1884/1972 Test #1215: rxasjumptablebadoutsideprocedure ..............................   Passed    0.02 sec
1885/1972 Test #1219: rxasjumptablebadutf8 ..........................................   Passed    0.01 sec
          Start 1210: rxasjumptablebadoperand
          Start 1214: rxasjumptablebadmatchmode
          Start 1157: rxascompactformattests-rxbvm
          Start 1206: rxasjumptablebadempty
          Start 1201: rxasjumptablebadnolabel
1886/1972 Test  #668: inline_test_computed_receiver_copyback_run_opt ................   Passed    5.29 sec
1887/1972 Test #1212: rxasjumptablebadnumericduplicate ..............................   Passed    0.02 sec
1888/1972 Test #1213: rxasjumptablebadpaddedduplicate ...............................   Passed    0.02 sec
1889/1972 Test #1202: rxasjumptablebadunknown .......................................   Passed    0.01 sec
1890/1972 Test #1157: rxascompactformattests-rxbvm ..................................   Passed    0.01 sec
          Start 1156: rxascompactformattests
          Start 1894: reference_iterator_system_rxvm_noopt
          Start 1896: reference_iterator_system_rxbvm_noopt
          Start 1902: reference_generated_contract_rxvm_noopt
          Start 1904: reference_generated_contract_rxbvm_noopt
1891/1972 Test #1210: rxasjumptablebadoperand .......................................   Passed    0.02 sec
1892/1972 Test #1214: rxasjumptablebadmatchmode .....................................   Passed    0.02 sec
1893/1972 Test #1156: rxascompactformattests ........................................   Passed    0.01 sec
          Start 1083: rxasreferencecatchtests
          Start 1084: rxasreferencecatchtests-rxbvm
          Start 1112: rxassignalcallunwindtests-rxbvm
1894/1972 Test #1894: reference_iterator_system_rxvm_noopt ..........................   Passed    0.02 sec
1895/1972 Test #1896: reference_iterator_system_rxbvm_noopt .........................   Passed    0.02 sec
1896/1972 Test #1206: rxasjumptablebadempty .........................................   Passed    0.02 sec
1897/1972 Test #1201: rxasjumptablebadnolabel .......................................   Passed    0.02 sec
          Start 1111: rxassignalcallunwindtests
          Start    2: rxgraph_unit
          Start 1159: rxasstringtests
          Start 1160: rxasstringtests-rxbvm
1898/1972 Test #1902: reference_generated_contract_rxvm_noopt .......................   Passed    0.02 sec
1899/1972 Test #1904: reference_generated_contract_rxbvm_noopt ......................   Passed    0.02 sec
1900/1972 Test #1083: rxasreferencecatchtests .......................................   Passed    0.02 sec
1901/1972 Test    #2: rxgraph_unit ..................................................   Passed    0.01 sec
1902/1972 Test #1084: rxasreferencecatchtests-rxbvm .................................   Passed    0.01 sec
1903/1972 Test #1112: rxassignalcallunwindtests-rxbvm ...............................   Passed    0.01 sec
1904/1972 Test #1111: rxassignalcallunwindtests .....................................   Passed    0.01 sec
1905/1972 Test #1159: rxasstringtests ...............................................   Passed    0.01 sec
1906/1972 Test #1160: rxasstringtests-rxbvm .........................................   Passed    0.00 sec
1907/1972 Test  #670: inline_test_mutating_method_scalar_attr_return_run_opt ........   Passed    5.19 sec
1908/1972 Test  #667: inline_test_computed_receiver_copyback_run_noopt ..............   Passed    5.62 sec
1909/1972 Test  #669: inline_test_mutating_method_scalar_attr_return_run_noopt ......   Passed    5.69 sec
1910/1972 Test  #573: inline_local_member_scalar_opt ................................   Passed    5.60 sec
1911/1972 Test  #805: syntaxhighlight_levelc_implicit_command_warning ...............   Passed    1.13 sec
          Start  838: syntaxhighlight_levelc_select_missing_end
1912/1972 Test  #339: inline_test_class_methods_opt .................................   Passed    3.47 sec
1913/1972 Test #1962: crexx_diagnostic_plumbing .....................................   Passed    3.21 sec
          Start 1960: crexx_license_summary_smoke
1914/1972 Test #1960: crexx_license_summary_smoke ...................................   Passed    0.07 sec
          Start 1950: crexx_help_smoke
1915/1972 Test #1950: crexx_help_smoke ..............................................   Passed    0.04 sec
1916/1972 Test  #504: interface_default_same_module_run_opt .........................   Passed    2.91 sec
1917/1972 Test  #501: interface_default_codegen_noopt ...............................   Passed    2.86 sec
1918/1972 Test  #502: interface_default_codegen_opt .................................   Passed    2.78 sec
1919/1972 Test  #492: interface_method_arg_same_module_run_opt ......................   Passed    2.88 sec
1920/1972 Test  #494: interface_method_object_arg_same_module_run_opt ...............   Passed    3.03 sec
1921/1972 Test  #496: interface_signature_static_positive_run_opt ...................   Passed    3.09 sec
1922/1972 Test  #503: interface_default_same_module_run_noopt .......................   Passed    3.20 sec
1923/1972 Test  #491: interface_method_arg_same_module_run_noopt ....................   Passed    3.16 sec
1924/1972 Test  #495: interface_signature_static_positive_run_noopt .................   Passed    3.18 sec
1925/1972 Test  #493: interface_method_object_arg_same_module_run_noopt .............   Passed    3.14 sec
1926/1972 Test  #838: syntaxhighlight_levelc_select_missing_end .....................   Passed    0.84 sec
          Start  825: syntaxhighlight_levelc_select_do_otherwise_upper
1927/1972 Test  #825: syntaxhighlight_levelc_select_do_otherwise_upper ..............   Passed    0.55 sec
          Start  845: syntaxhighlight_levelc_expression_bad_comma
1928/1972 Test  #526: interface_default_binary_import_run_opt .......................   Passed    4.35 sec
1929/1972 Test  #524: interface_default_source_import_run_opt .......................   Passed    4.42 sec
1930/1972 Test  #525: interface_default_binary_import_run_noopt .....................   Passed    4.48 sec
1931/1972 Test  #523: interface_default_source_import_run_noopt .....................   Passed    4.58 sec
1932/1972 Test  #845: syntaxhighlight_levelc_expression_bad_comma ...................   Passed    0.50 sec
          Start 1906: rxpa_external_sdk_consumer
1933/1972 Test #1906: rxpa_external_sdk_consumer ....................................   Passed    5.89 sec
          Start  908: highlight_cache
1934/1972 Test  #908: highlight_cache ...............................................   Passed    1.18 sec
          Start  816: syntaxhighlight_levelc_if_else
1935/1972 Test  #816: syntaxhighlight_levelc_if_else ................................   Passed    0.33 sec
          Start  824: syntaxhighlight_levelc_select_do_otherwise
1936/1972 Test  #824: syntaxhighlight_levelc_select_do_otherwise ....................   Passed    0.33 sec
          Start  829: syntaxhighlight_levelc_do_end_bad_symbol
1937/1972 Test  #829: syntaxhighlight_levelc_do_end_bad_symbol ......................   Passed    0.32 sec
          Start  818: syntaxhighlight_levelc_then_boundary
1938/1972 Test  #818: syntaxhighlight_levelc_then_boundary ..........................   Passed    0.33 sec
          Start  804: syntaxhighlight_levelc_command_instructions
1939/1972 Test  #804: syntaxhighlight_levelc_command_instructions ...................   Passed    0.34 sec
          Start    4: crexx_contract_installed_consumer
1940/1972 Test    #4: crexx_contract_installed_consumer .............................   Passed    2.33 sec
          Start  826: syntaxhighlight_levelc_do_keyword_variables
1941/1972 Test  #826: syntaxhighlight_levelc_do_keyword_variables ...................   Passed    0.33 sec
          Start  833: syntaxhighlight_levelc_iterate_bad_target
1942/1972 Test  #833: syntaxhighlight_levelc_iterate_bad_target .....................   Passed    0.33 sec
          Start  842: syntaxhighlight_levelc_when_missing_then
1943/1972 Test  #842: syntaxhighlight_levelc_when_missing_then ......................   Passed    0.33 sec
          Start  810: syntaxhighlight_levelc_numeric_validation
1944/1972 Test  #810: syntaxhighlight_levelc_numeric_validation .....................   Passed    0.34 sec
          Start  811: syntaxhighlight_levelc_deep_validation
1945/1972 Test  #811: syntaxhighlight_levelc_deep_validation ........................   Passed    0.32 sec
          Start  840: syntaxhighlight_levelc_loose_otherwise
1946/1972 Test  #840: syntaxhighlight_levelc_loose_otherwise ........................   Passed    0.34 sec
          Start  815: syntaxhighlight_levelc_parse_bad_forms
1947/1972 Test  #815: syntaxhighlight_levelc_parse_bad_forms ........................   Passed    0.33 sec
          Start  822: syntaxhighlight_levelc_multiline_if_else
1948/1972 Test  #822: syntaxhighlight_levelc_multiline_if_else ......................   Passed    0.33 sec
          Start  849: syntaxhighlight_levelc_expression_bad_prefix_operator
1949/1972 Test  #849: syntaxhighlight_levelc_expression_bad_prefix_operator .........   Passed    0.33 sec
          Start  835: syntaxhighlight_levelc_do_invalid_initial_to
1950/1972 Test  #835: syntaxhighlight_levelc_do_invalid_initial_to ..................   Passed    0.33 sec
          Start  831: syntaxhighlight_levelc_select_end_symbol
1951/1972 Test  #831: syntaxhighlight_levelc_select_end_symbol ......................   Passed    0.32 sec
          Start  823: syntaxhighlight_levelc_select_when_otherwise
1952/1972 Test  #823: syntaxhighlight_levelc_select_when_otherwise ..................   Passed    0.33 sec
          Start  819: syntaxhighlight_levelc_if_missing_then
1953/1972 Test  #819: syntaxhighlight_levelc_if_missing_then ........................   Passed    0.33 sec
          Start  812: syntaxhighlight_levelc_deep_validation_ok
1954/1972 Test  #812: syntaxhighlight_levelc_deep_validation_ok .....................   Passed    0.34 sec
          Start  813: syntaxhighlight_levelc_simple_instruction_keyword_variables
1955/1972 Test  #813: syntaxhighlight_levelc_simple_instruction_keyword_variables ...   Passed    0.33 sec
          Start  836: syntaxhighlight_levelc_select_keyword_variables
1956/1972 Test  #836: syntaxhighlight_levelc_select_keyword_variables ...............   Passed    0.33 sec
          Start  846: syntaxhighlight_levelc_expression_bad_rparen
1957/1972 Test  #846: syntaxhighlight_levelc_expression_bad_rparen ..................   Passed    0.33 sec
          Start  843: syntaxhighlight_levelc_expression_precedence
1958/1972 Test  #843: syntaxhighlight_levelc_expression_precedence ..................   Passed    0.33 sec
          Start  841: syntaxhighlight_levelc_loose_end
1959/1972 Test  #841: syntaxhighlight_levelc_loose_end ..............................   Passed    0.33 sec
          Start  828: syntaxhighlight_levelc_do_conditions_leave
1960/1972 Test  #828: syntaxhighlight_levelc_do_conditions_leave ....................   Passed    0.33 sec
          Start  830: syntaxhighlight_levelc_do_end_uncontrolled_symbol
1961/1972 Test  #830: syntaxhighlight_levelc_do_end_uncontrolled_symbol .............   Passed    0.33 sec
          Start  847: syntaxhighlight_levelc_expression_bad_trailing_compare
1962/1972 Test  #847: syntaxhighlight_levelc_expression_bad_trailing_compare ........   Passed    0.33 sec
          Start  827: syntaxhighlight_levelc_do_control
1963/1972 Test  #827: syntaxhighlight_levelc_do_control .............................   Passed    0.33 sec
          Start 1804: QUIT
1964/1972 Test #1804: QUIT ..........................................................   Passed    0.08 sec
          Start 1310: ts_fileio_chars_noopt
1965/1972 Test #1310: ts_fileio_chars_noopt .........................................   Passed    0.15 sec
          Start 1805: QUIT_BYTECODE
1966/1972 Test #1805: QUIT_BYTECODE .................................................   Passed    0.09 sec
          Start 1806: TERM
1967/1972 Test #1806: TERM ..........................................................   Passed    0.08 sec
          Start 1808: INT
1968/1972 Test #1808: INT ...........................................................   Passed    0.09 sec
          Start 1809: INT_BYTECODE
1969/1972 Test #1809: INT_BYTECODE ..................................................   Passed    0.08 sec
          Start 1807: TERM_BYTECODE
1970/1972 Test #1807: TERM_BYTECODE .................................................   Passed    0.09 sec
          Start  799: syntaxhighlight_trace_keywords
1971/1972 Test  #799: syntaxhighlight_trace_keywords ................................   Passed    1.01 sec
          Start 1311: ts_fileio_chars_opt
1972/1972 Test #1311: ts_fileio_chars_opt ...........................................   Passed    0.06 sec

100% tests passed, 0 tests failed out of 1972

Label Time Summary:
abi                     =   0.00 sec*proc (1 test)
address                 =   2.91 sec*proc (5 tests)
benchmark               =  40.55 sec*proc (38 tests)
binary                  =  35.85 sec*proc (11 tests)
binutils                =   6.46 sec*proc (1 test)
breakpoint              =   0.02 sec*proc (2 tests)
calls                   =   2.90 sec*proc (4 tests)
canonical-contract      =   9.50 sec*proc (2 tests)
cap01_j02               =   3.58 sec*proc (4 tests)
classlib                =  23.06 sec*proc (14 tests)
cmake                   =   0.03 sec*proc (1 test)
compiler                = 851.34 sec*proc (179 tests)
constants               =  19.97 sec*proc (2 tests)
contract                =   8.79 sec*proc (2 tests)
control-flow            =  32.52 sec*proc (1 test)
corruption              =   0.27 sec*proc (14 tests)
coverage                =   0.01 sec*proc (1 test)
deprecated              =   1.19 sec*proc (2 tests)
diagnostics             = 139.30 sec*proc (8 tests)
dispatch                =   7.30 sec*proc (4 tests)
docs                    =   4.09 sec*proc (1 test)
driver                  =   7.97 sec*proc (1 test)
exits                   =  25.43 sec*proc (1 test)
extensions              =  23.47 sec*proc (4 tests)
external-consumer       =   8.22 sec*proc (2 tests)
flow                    =  10.41 sec*proc (1 test)
imports                 = 176.62 sec*proc (14 tests)
inline                  =   0.82 sec*proc (2 tests)
inlining                =  66.96 sec*proc (12 tests)
install                 =   8.22 sec*proc (2 tests)
instrumentation         =   0.09 sec*proc (4 tests)
integer                 =   0.04 sec*proc (3 tests)
interfaces              =  11.70 sec*proc (5 tests)
interpreter             =  38.14 sec*proc (52 tests)
json                    =   5.77 sec*proc (6 tests)
jtable                  =   0.67 sec*proc (35 tests)
language                =  24.71 sec*proc (28 tests)
late-load               =  10.52 sec*proc (3 tests)
level-l                 =   6.11 sec*proc (3 tests)
levelc                  = 168.79 sec*proc (86 tests)
library                 =   0.84 sec*proc (3 tests)
linked_opt              = 1111.69 sec*proc (514 tests)
metadata                =   0.00 sec*proc (1 test)
native-adapter          =   3.60 sec*proc (6 tests)
native_signal           =   0.51 sec*proc (6 tests)
negative                =   0.06 sec*proc (3 tests)
noncanonical            =   5.95 sec*proc (2 tests)
nr09                    =   0.01 sec*proc (1 test)
nr15                    =   4.35 sec*proc (10 tests)
nr16                    =   2.90 sec*proc (4 tests)
nr17                    =   2.90 sec*proc (4 tests)
numeric                 =  11.57 sec*proc (1 test)
optimizer               = 193.83 sec*proc (63 tests)
optimizer-resistance    =   1.16 sec*proc (2 tests)
package                 =   5.89 sec*proc (1 test)
parse                   =  42.19 sec*proc (2 tests)
perf2_04                =  28.42 sec*proc (3 tests)
perf2_05                =   0.23 sec*proc (1 test)
perf2_07                =  39.44 sec*proc (6 tests)
performance             = 230.55 sec*proc (70 tests)
platform                =   0.00 sec*proc (1 test)
plugin_arrays           =   1.19 sec*proc (2 tests)
preprocessor            =  24.60 sec*proc (5 tests)
profiling               =   0.01 sec*proc (1 test)
receiver                =  45.95 sec*proc (5 tests)
reference               = 132.35 sec*proc (48 tests)
registers               =   7.08 sec*proc (2 tests)
representation          =   8.41 sec*proc (1 test)
rexxcps-smoke           =   5.95 sec*proc (2 tests)
runner                  =  15.84 sec*proc (10 tests)
runtime                 = 192.75 sec*proc (17 tests)
rxas                    =   2.46 sec*proc (112 tests)
rxbin                   =  23.55 sec*proc (3 tests)
rxpa                    =  50.44 sec*proc (3 tests)
rxvml                   =   0.01 sec*proc (1 test)
semantics               =   2.14 sec*proc (4 tests)
sequence                =   0.01 sec*proc (1 test)
signal                  =   0.08 sec*proc (3 tests)
slow                    =   1.19 sec*proc (2 tests)
smoke                   = 256.20 sec*proc (128 tests)
source                  =  92.38 sec*proc (24 tests)
srcmap                  =  18.16 sec*proc (3 tests)
stage0                  =  36.53 sec*proc (11 tests)
stage1                  =  51.03 sec*proc (52 tests)
stage2                  =   0.01 sec*proc (1 test)
stage3                  =  29.79 sec*proc (13 tests)
stage4                  =  13.49 sec*proc (3 tests)
stage5                  =  10.78 sec*proc (2 tests)
stem                    =   4.35 sec*proc (10 tests)
syntax_highlighting     = 112.20 sec*proc (70 tests)
system                  =   0.21 sec*proc (8 tests)
trace                   =   2.90 sec*proc (4 tests)
treemap                 =  10.80 sec*proc (2 tests)
utf                     =   0.10 sec*proc (6 tests)
vm                      =   3.73 sec*proc (4 tests)

Total Test time (real) = 177.70 sec
