Command: cmake --build cmake-build-debugasan --parallel 4
ASAN_OPTIONS=detect_leaks=0

[  0%] Built target lemon
[  1%] Built target dslsyntax_editor
[  1%] Built target re2c_objects_autogen_ver_to_vernum
[  2%] Built target re2c_objects_autogen
[  3%] Built target avl_tree
[  3%] Built target platform
[  3%] Built target rxbin
[  3%] Built target dslsyntax_parser
[  4%] Built target rxpa
[  4%] Built target rxvmmemory
[  4%] Building C object interpreter/CMakeFiles/rxbvm_core_objects.dir/rxvmexecutor.c.o
[  4%] Built target rxvm_platform_objects
[  5%] Built target decnumber
[  5%] Built target mutate_rxbin_feature
[  6%] Built target crexx_fake_editor
[  6%] Built target rxlink
[  7%] Built target rxpashim
In file included from /Users/adrian/CLionProjects/CREXX/interpreter/rxvmexecutor.c:13:
/Users/adrian/CLionProjects/CREXX/interpreter/rxvmvars.h:2845:13: warning: 'sprintf' is deprecated: This function is provided for compatibility reasons only.  Due to security concerns inherent in the design of sprintf(3), it is highly recommended that you use snprintf(3) instead. [-Wdeprecated-declarations]
 2845 |             sprintf(formatted_output, scientific_format, coefficient, exponent);
      |             ^
/Library/Developer/CommandLineTools/SDKs/MacOSX.sdk/usr/include/_stdio.h:278:1: note: 'sprintf' has been explicitly marked deprecated here
  278 | __deprecated_msg("This function is provided for compatibility reasons only.  Due to security concerns inherent in the design of sprintf(3), it is highly recommended that you use snprintf(3) instead.")
      | ^
/Library/Developer/CommandLineTools/SDKs/MacOSX.sdk/usr/include/sys/cdefs.h:227:48: note: expanded from macro '__deprecated_msg'
  227 |         #define __deprecated_msg(_msg) __attribute__((__deprecated__(_msg)))
      |                                                       ^
In file included from /Users/adrian/CLionProjects/CREXX/interpreter/rxvmexecutor.c:13:
/Users/adrian/CLionProjects/CREXX/interpreter/rxvmvars.h:2980:5: warning: 'sprintf' is deprecated: This function is provided for compatibility reasons only.  Due to security concerns inherent in the design of sprintf(3), it is highly recommended that you use snprintf(3) instead. [-Wdeprecated-declarations]
 2980 |     sprintf(formatted_output, engineering_format, eng_exp);
      |     ^
/Library/Developer/CommandLineTools/SDKs/MacOSX.sdk/usr/include/_stdio.h:278:1: note: 'sprintf' has been explicitly marked deprecated here
  278 | __deprecated_msg("This function is provided for compatibility reasons only.  Due to security concerns inherent in the design of sprintf(3), it is highly recommended that you use snprintf(3) instead.")
      | ^
/Library/Developer/CommandLineTools/SDKs/MacOSX.sdk/usr/include/sys/cdefs.h:227:48: note: expanded from macro '__deprecated_msg'
  227 |         #define __deprecated_msg(_msg) __attribute__((__deprecated__(_msg)))
      |                                                       ^
[  7%] Built target crexx_demo_sqlite3
[  7%] Built target _system_static
[  7%] Built target _system
[  7%] Built target rxdas
[  7%] Built target mutate_graph_rxbin
[  7%] Built target rxlink_concat_files
2 warnings generated.
[  7%] Building C object interpreter/CMakeFiles/rxtvm_core_objects.dir/rxvmexecutor.c.o
[  8%] Built target rxbvm_core_objects
[  8%] Building C object interpreter/CMakeFiles/rxbvm_instrumented_core_objects.dir/rxvmexecutor.c.o
[  8%] Building C object interpreter/CMakeFiles/rxtvm_instrumented_core_objects.dir/rxvmexecutor.c.o
[  9%] Built target rxvm_platform_notls_objects
In file included from /Users/adrian/CLionProjects/CREXX/interpreter/rxvmexecutor.c:13:
/Users/adrian/CLionProjects/CREXX/interpreter/rxvmvars.h:2845:13: warning: 'sprintf' is deprecated: This function is provided for compatibility reasons only.  Due to security concerns inherent in the design of sprintf(3), it is highly recommended that you use snprintf(3) instead. [-Wdeprecated-declarations]
In file included from /Users/adrian/CLionProjects/CREXX/interpreter/rxvmexecutor.c:13:
/Users/adrian/CLionProjects/CREXX/interpreter/rxvmvars.h:2845:13: 2845 |   warning: 'sprintf' is deprecated: This function is provided for compatibility reasons only.  Due to security concerns inherent in the design of sprintf(3), it is highly recommended that you use snprintf(3) instead. [-Wdeprecated-declarations]
  2845 |                  spr     siprintf(fntf(formormattedatted_output_outpu, sct, sientcientific_fific_format, coefficient, exponent);
      |             ^
o/Library/Developer/CommandLineTools/SDKs/MacOSX.sdk/usr/include/_stdio.hrmat, coefficie:278nt, ex:1: note: 'sprintf' has been explicitly marked deprecated hereponent);

      |             ^
  278 | __d/Library/Developer/CommandLineTools/SDKs/MacOSX.sdk/usr/include/_stdio.h:278:1: note: 'sprintf' has been explicitly marked deprecated hereepr
ecated_ms  278 | __g(depre"Thcatedis func_msg("Thistion function is provided f isor compatibi provided folity r compatireasons only.  Due to security concerns inherent in the design of sprintf(3)bil, it isity  highrelyasons In file included from /Users/adrian/CLionProjects/CREXX/interpreter/rxvmexecutor.c:13recom:
/Users/adrian/CLionProjects/CREXX/interpreter/rxvmvars.h:2845:13:m onle warning: y.'sprintf' is deprecated: This function is provided for compatibility reasons only.  Due to security concerns inherent in the design of sprintf(3), it is highly recommended that you use snprintf(3) instead. [-Wdeprecated-declarations]
nd  Due to security ce 2845 |   ond that yc  erns      inhou  erent in use  tsnprintf(3) he design ofi  sprinsntfsprintftea(3(f),d.")orma
      | ^
tt it i/Library/Developer/CommandLineTools/SDKs/MacOSX.sdk/usr/include/sys/cdefs.h:227eds _outputh:,ig48: note: expanded from macro '__deprecated_msg'
hl scienty  227ific_f | ormat, re        #c decommendofine __depreefcateeddf ticie_mnhat ytsg(_, moesgu ) __attusribute_xponent)_e ;
      sn|             ^pri((
__deprecated__(/Library/Developer/CommandLineTools/SDKs/MacOSX.sdk/usr/include/_stdio.hn_:278tf(3) inm:1: note: stsg)))
      ead.")'sprintf' has been explicitly marked deprecated here

  278 | |                                                       ^      | ^
_/Library/Developer/CommandLineTools/SDKs/MacOSX.sdk/usr/include/sys/cdefs.h:227:48:_dep
re note: cated_msg("This functiexpanded from macro '__deprecated_msg'
on is p  227 |         #rovided for deficompatibilitne __depry reasons only.  Due to security concerns inherent in theec deIn file included from /Users/adrian/CLionProjects/CREXX/interpreter/rxvmexecutor.csig:13:
/Users/adrian/CLionProjects/CREXX/interpreter/rxvmvars.h:2980an ted_ofmsg(_ :ms5: warning: 'sprintf' is deprecated: This function is provided for compatibility reasons only.  Due to security concerns inherent in the design of sprintf(3), it is highly recommended that you use snprintf(3) instead. [-Wdeprecated-declarations]sprintf
 2980(g) _3),  | _attriit isbute__(( h ighly recom__dep  mendereca spritd thaentf(fordt you use snprimat__ntted_out(_fpmsg)u(3)))t, eng 
      |                                                       ^
instead.")
      | ^
ineer/Library/Developer/CommandLineTools/SDKs/MacOSX.sdk/usr/include/sys/cdefs.h:227:48: note: expanded from macro '__deprecated_msg'
ing_fo  227 |         #rmat, eng_exdefinp);
      |     ^e In file included from /Users/adrian/CLionProjects/CREXX/interpreter/rxvmexecutor.c:13:
/Users/adrian/CLionProjects/CREXX/interpreter/rxvmvars.h:2980
:5: /Library/Developer/CommandLineTools/SDKs/MacOSX.sdk/usr/include/_stdio.h:278:_warning: 'sprintf' is deprecated: This function is provided for compatibility reasons only.  Due to security concerns inherent in the design of sprintf(3), it is highly recommended that you use snprintf(3) instead. [-Wdeprecated-declarations]1:_de note: 'sprintf' has been explicitly marked deprecated here
pre  278 | __de
precated_ 2980catedms |   _g("Thms  g(_sis funcmptirinsgtf(foo) __attrinrmatte bute__is provid((d___depoutedprecate fd_out_(_msgr,) c eompat))
      ing|                                                       ^
ibineerlity reasons only.  Due to security concerns iing_fornheremat, nt in the design of sprintf(3), it In file included from /Users/adrian/CLionProjects/CREXX/interpreter/rxvmexecutor.c:eng_exp)is hi13:
/Users/adrian/CLionProjects/CREXX/interpreter/rxvmvars.hghl:2980:5:;y 
      rec warning: ommen'sprintf' is deprecated: This function is provided for compatibility reasons only.  Due to security concerns inherent in the design of sprintf(3), it is highly recommended that you use snprintf(3) instead. [-Wdeprecated-declarations]| de    ^
d t/Library/Developer/CommandLineTools/SDKs/MacOSX.sdk/usr/include/_stdio.h:278:
hat you 2980 |   us1:   sprintf note: (formatted_outp'sprintf' has been explicitly marked deprecated heree ut, enginesnpriner
ing_ftf(3)   278 | __oinrmadet, engstea_eprecatedxp);.")
      d
|     ^
      | ^
_ms/Library/Developer/CommandLineTools/SDKs/MacOSX.sdk/usr/include/_stdio.h:/Library/Developer/CommandLineTools/SDKs/MacOSX.sdk/usr/include/sys/cdefs.h:227278:1: g(note: 'sprintf' has been explicitly marked deprecated here
"  278 | :48__deThis f: note: expanded from macro '__deprecated_msg'
  preuncti227 |         caon #dis provideefine ted_d__dmse for pg("Threcacoted_ismm functiopsg(_an is msprovitded ibfg) or_ility r_ compattribuate_teason_((__deprecated__(_msg)))is onlybili.  
      |                                                       ^
ty rDue to security coneasoncernss only.  D inheue torent in the des secign of sprintf(3), iturity conc is herns ighlyinhe recorentmmended that you use sn in tprinthe design of sprintff(3) instead.")
      | ^
(3), it is highl/Library/Developer/CommandLineTools/SDKs/MacOSX.sdk/usr/include/sys/cdefs.h:227:48: note: expanded from macro '__deprecated_msg'
  227 |         y recom#defimended thatne __deprec you use snprated_msg(_msg) __aintf(3) ittribnstead."ute__((__deprecated__(_msg))
      | ^
))
/Library/Developer/CommandLineTools/SDKs/MacOSX.sdk/usr/include/sys/cdefs.h:227:      |                                                       ^
48: note: expanded from macro '__deprecated_msg'
  227 |         #define __deprecated_msg(_msg) __attribute__((__deprecated__(_msg)))
      |                                                       ^
[  9%] Built target rxseq
[  9%] Built target test_rxseqfile
[  9%] Built target test_rxvmmemory
2 warnings generated.
2 warnings generated.
2 warnings generated.
[ 10%] Built target rxbvm_instrumented_core_objects
[ 11%] Built target rxtvm_instrumented_core_objects
[ 12%] Built target rxtvm_core_objects
[ 12%] Built target test_rxvmworker
[ 12%] Built target _rxpa_session_failure
[ 12%] Built target _id_static
[ 12%] Built target _rxmath
[ 12%] Built target _rxmath_static
[ 12%] Built target _stack_static
[ 13%] Built target _stack
[ 13%] Built target _cipher
[ 13%] Built target _cipher_static
[ 13%] Built target _strings
[ 13%] Built target _getpi
[ 13%] Built target _id
[ 13%] Built target _odbc_mock
[ 14%] Built target test_jtable_policy
[ 15%] Built target test_signal_mask
[ 15%] Built target mutate_jtable_rxbin
[ 15%] Built target mutate_retired_process_opcode
[ 15%] Built target _e5native_static
[ 15%] Built target _e5native
[ 15%] Built target decnumber_test
[ 15%] Built target rxpp_support_files
[ 15%] Built target precomp
[ 15%] Built target precomp_static
[ 16%] Built target address_argv_fixture
[ 16%] Built target address_spawn_transfer_fixture
[ 16%] Built target _keyaccess
[ 16%] Built target _arrays
[ 17%] Built target _keyaccess_static
[ 17%] Built target _llist
[ 17%] Built target _treemap
[ 17%] Built target _llist_static
[ 17%] Built target _treemap_static
[ 17%] Built target _recv390
[ 17%] Built target _map
[ 17%] Built target _recv390_static
[ 17%] Built target _rxtcp
[ 17%] Built target _rxtcp_static
[ 17%] Built target _odbc_static
[ 17%] Built target _odbc
[ 17%] Built target test_rxinteger_contract
[ 17%] Built target test_rxop_metadata
[ 17%] Built target _rxpa_bench_reentrant
[ 17%] Built target signal_tester
[ 17%] Built target _rxpa_bench_legacy
[ 17%] Built target _rxpa_bench_session
[ 17%] Built target _rxpa_classdecl_static_decl
[ 17%] Built target _rxpalink_decl
[ 17%] Built target _rxpalink_static
[ 17%] Built target _testfuncs_static
[ 17%] Built target parser_tester
[ 17%] Built target rxcpack
[ 17%] Built target test_rxgraph
[ 17%] Built target crexx-contract
[ 18%] Built target rxas_test_flatten
[ 18%] Built target rxvmref
[ 18%] Built target test_rxpa_odbc_old_host
[ 18%] Built target ts_regvalue_tester
[ 18%] Built target rxvmplugin
[ 18%] Built target test_rxvmstem
[ 18%] Built target test_rxvmstem_allocator_family
[ 22%] Built target re2c
[ 23%] Built target test_rxpa_utf_validation
[ 23%] Built target db_decimal_manual
[ 23%] Built target db_decimal_dynamic
[ 23%] Built target mc_decimal
[ 23%] Built target mc_decimal_manual
[ 24%] Built target rxaslib
[ 24%] Built target mc_decimal_dynamic
[ 24%] Built target db_decimal_tests
[ 24%] Linking C static library ../bin/librxbvml.a
[ 24%] Linking C static library ../bin/librxvml.a
[ 24%] Linking C executable ../bin/rxtvm
[ 24%] Linking C executable ../bin/rxbvm
[ 24%] Built target rxbvml
[ 24%] Built target rxvml
[ 24%] Linking C executable ../bin/rxbvm_instrumented
[ 24%] Built target rxtvm
[ 24%] Built target rxbvm
[ 24%] Linking C executable ../bin/rxtvm_instrumented
[ 25%] Linking C executable ../bin/test_rxcrexxcmd_flush
[ 25%] Linking C executable test_rxvmchannel_registry
[ 25%] Built target rxbvm_instrumented
[ 25%] Built target rxtvm_instrumented
[ 25%] Built target test_rxcrexxcmd_flush
[ 25%] Linking C executable test_rxvmbyteendpoint
[ 25%] Built target test_rxvmchannel_registry
[ 25%] Linking C executable test_rxvmchannel_byte
[ 25%] Linking C executable test_rxvmactive
[ 25%] Linking C executable test_rxvmplugin_context
[ 25%] Built target test_rxvmbyteendpoint
[ 25%] Built target test_rxvmactive
[ 25%] Built target test_rxvmchannel_byte
[ 25%] Linking C executable test_rxpa_concurrency
[ 25%] Built target test_rxvmplugin_context
[ 25%] Linking archive-level db_decimal regression harness ...
[ 25%] Linking C executable test_rxpa_odbc
[ 25%] Built target mc_decimal_test_harness
[ 26%] Built target mc_decimal_dyn_test_harness
[ 26%] Built target test_rxpa_concurrency
[ 26%] Built target mc_decimal_manual_test_harness
[ 26%] Built target test_rxpa_odbc
[ 26%] Built target mc_decimal_full_tests
[ 26%] Built target test_rxas_flow_graph
[ 27%] Built target decimal_gate1_adapter
[ 27%] Linking C executable ../testvm
[ 27%] Linking C executable ../funcvm
[ 27%] Built target rxas
[ 27%] Built target test_db_decimal_archive_link_bin
[ 31%] Built target rxclib
[ 31%] Built target testvm
[ 31%] Built target funcvm
[ 31%] Built target library-rxas
[ 32%] Linking C executable test_rxvml_utf_boundaries
[ 32%] Linking C shared library ../bin/libcrexxsaa.dylib
[ 32%] Linking C executable test_source_provenance
[ 32%] Linking C executable test_highlight_cache
[ 32%] Built target test_rxvml_utf_boundaries
[ 32%] Built target crexxsaa
[ 32%] Built target test_source_provenance
[ 32%] Built target test_highlight_cache
[ 32%] Linking C executable test_source_semantics
[ 32%] Creating rxvm symlink to rxbvm
[ 32%] Assembling Gate F F1e process channel fixture ...
[ 32%] Linking C executable ../bin/crexxsaa
[ 32%] Built target rxvm
[ 32%] Assembling Gate F F1c local channel fixture ...
[ 32%] Built target crexxsaa_tool
[ 32%] Built target test_source_semantics
[ 32%] Built target test_retired_process_opcode_bin
[ 32%] Assembling Gate F F1b channel benchmark ...
[ 32%] Built target run_tests_jump_table
[ 32%] Built target test_gate_f_channel_process_bin
[ 32%] Built target run_tests_jump_table_linear_sources
[ 33%] Built target run_tests_jump_table_openhash_sources
[ 33%] Built target run_tests_jump_table_acph_sources
[ 33%] Built target run_tests_jump_table_auto_sources
[ 33%] Built target run_tests_jump_table_hash_edges
[ 33%] Built target run_tests_jump_table_auto_edges
[ 33%] Built target run_tests_jump_table_rexx_strings
[ 33%] Built target run_tests_jump_table_boundaries
[ 33%] Built target test_gate_f_channel_benchmark_bin
[ 33%] Built target run_rxasjtablecorruptalgorithm
[ 33%] Built target run_rxasjtablecorruptheader
[ 33%] Built target run_rxasjtablecorruptlinearkey
[ 33%] Built target run_rxasjtablecorruptlineartarget
[ 33%] Built target run_rxasjtablecorruptopenslot
[ 33%] Built target run_rxasjtablecorruptacphslot
[ 33%] Built target run_rxasjtablecorruptacphtarget
[ 33%] cREXX RXAS Socket Instruction Tests ...
[ 33%] Built target run_tests_decimal
[ 33%] Built target run_tests_conversion
[ 33%] Built target run_tests_objects
[ 33%] Built target run_tests_reflection
[ 33%] Built target run_tests_interfaces
[ 33%] Built target run_tests_selector_descriptors
[ 33%] Built target run_tests_stress
[ 33%] Built target run_tests_instruction_gaps
[ 33%] Built target run_tests_wide_operands
[ 33%] Built target test_gate_f_channel_local_bin
[ 33%] Built target test_persistent_worker_sparse_bin
[ 33%] Built target rxas_optimizer_test_prereqs
[ 34%] Built target whole_procedure_runtime_rxvm_opt_artifact
[ 34%] Built target whole_procedure_runtime_rxvm_noopt_artifact
[ 34%] Built target run_tests_socket
[ 34%] Built target nr18_flow_runtime_rxvm_opt_artifact
[ 34%] Built target nr18_flow_runtime_rxvm_noopt_artifact
[ 34%] Built target storage_identity_runtime_rxvm_opt_artifact
[ 34%] Built target storage_identity_runtime_rxvm_noopt_artifact
[ 35%] Built target redundant_itos_runtime_rxvm_opt_artifact
[ 35%] Built target signal_contract_runtime_rxvm_opt_artifact
[ 35%] Built target signal_contract_runtime_rxvm_noopt_artifact
[ 35%] Built target redundant_itos_runtime_rxvm_noopt_artifact
[ 35%] Built target copied_xtoy_component_placement_runtime_rxvm_opt_artifact
[ 35%] Built target branch_thread_runtime_rxvm_noopt_artifact
[ 35%] Built target branch_thread_runtime_rxvm_opt_artifact
[ 35%] Built target copied_xtoy_component_placement_runtime_rxvm_noopt_artifact
[ 35%] Built target intr_test
[ 35%] Built target reference_iterator_system_rxvm_noopt_artifact
[ 35%] Built target reference_iterator_perf_rxvm_opt_artifact
[ 35%] Built target reference_iterator_system_rxvm_opt_artifact
[ 35%] Built target reference_iterator_perf_rxvm_noopt_artifact
[ 35%] Built target reference_generated_contract_rxvm_opt_artifact
[ 35%] Built target reference_generated_contract_rxvm_noopt_artifact
[ 35%] Built target _rxpa_invalid_manifest
[ 35%] Linking C executable ../bin/rxc
[ 35%] Built target rxlink_test_prereqs
[ 35%] Linking C executable test_rxcp_super_combiner
[ 35%] Linking C executable test_import_discovery_snapshot
[ 35%] Built target tests_linked_success_artifact
[ 35%] Built target tests_linked_inline_artifact
[ 35%] Built target tests_linked_stripped_artifact
[ 35%] Built target rxc
[ 35%] Built target test_import_discovery_snapshot
[ 35%] Built target test_rxcp_super_combiner
[ 35%] Built target tests_linked_omit_artifact
[ 35%] Built target tests_linked_interface_artifact
[ 35%] Built target tests_linked_srcfproc_artifact
[ 36%] Built target tests_linked_srcmethod_artifact
[ 36%] Built target tests_record_stream_combo_artifact
[ 36%] Built target rxdas_test_prereqs
[ 36%] Linking C executable test_rxvmchannel_process
[ 36%] Built target run_tests_signals
[ 36%] Built target run_tests_panic_source
[ 36%] Built target run_tests_breakpoint_address
[ 36%] Built target run_tests_register_flags
[ 36%] Built target run_tests_utf_flags
[ 36%] Built target run_tests_attributes
[ 36%] Built target run_tests_references
[ 36%] Built target run_tests_perf2_reference_guards
[ 36%] Built target run_tests_perf2_partial_reference_materialization
[ 36%] Built target run_tests_object_initialization
[ 36%] Built target run_tests_perf2_exact_relink
[ 36%] Built target test_rxvmchannel_process
[ 36%] Built target run_tests_signal_call_attrs
[ 36%] Built target run_tests_signal_handler_modes
[ 36%] Built target run_tests_signal_call_unwind
[ 36%] Built target run_tests_signal_mask_bounds
[ 36%] Built target run_tests_signal_silent_halt
[ 37%] Built target run_tests_signal_frame_scope
[ 37%] Built target run_tests_signal_nested_pending
[ 37%] Built target run_tests_signal_actions
[ 37%] Built target run_tests_signal_retry_retired
[ 37%] Built target run_tests_nr09_superinstructions
[ 37%] Built target run_tests_signal_branch_value
[ 37%] Built target run_tests_signal_pushpop
[ 37%] Built target run_tests_basic
[ 37%] Built target run_tests_int_contract
[ 37%] Built target run_tests_float_math
[ 37%] Built target run_tests_int_math
[ 37%] Built target run_tests_float_pool
[ 37%] Built target run_tests_compact_format
[ 37%] Built target run_tests_logic_flow
[ 37%] Built target run_tests_string
[ 37%] Built target run_tests_system_io
[ 37%] Built target run_tests_binary
[ 37%] Built target whole_procedure_runtime
[ 38%] Built target run_tests_binary_memory
[ 38%] Built target nr18_flow_runtime
[ 38%] Built target redundant_itos_runtime
[ 38%] Built target signal_contract_runtime
[ 38%] Built target storage_identity_runtime
[ 38%] Built target copied_xtoy_component_placement_runtime
[ 38%] Built target branch_thread_runtime
[ 38%] Built target reference_iterator_perf
[ 38%] Built target reference_iterator_system
[ 38%] Built target reference_generated_contract
[ 38%] Building token.rxbin
[ 38%] Built target crexx_test_driver
[ 38%] cREXX compile and assemble _address ...
[ 38%] Linking C executable test_highlight_editor_diagnostics
[ 38%] Built target tests_link_root_fixture
[ 38%] Built target tests_link_provider_a_fixture
[ 38%] Built target tests_link_provider_b_fixture
[ 38%] Built target test_highlight_editor_diagnostics
[ 38%] Built target tests_link_interface_root_fixture
[ 38%] Built target tests_link_interface_impl_fixture
[ 38%] Built target tests_link_srcfproc_root_fixture
[ 38%] Built target tests_link_srcfproc_contract_fixture
[ 38%] Built target tests_link_srcmethod_root_fixture
[ 38%] Built target tests_link_srcmethod_provider_fixture
[ 39%] Built target tests_link_signature_bad_impl_fixture
[ 39%] Built target test_linked_format
[ 39%] cREXX RXDAS roundtrip fixture tests_basic ...
[ 39%] cREXX RXDAS roundtrip fixture tests_int_contract ...
[ 39%] Built target rxdas_roundtrip_basic_artifact
[ 39%] Built target rxdas_roundtrip_int64_contract_artifact
[ 39%] cREXX RXDAS roundtrip fixture tests_float_pool ...
[ 39%] cREXX RXDAS roundtrip fixture tests_compact_format ...
[ 39%] Built target rxdas_roundtrip_float_pool_artifact
[ 39%] Built target rxdas_roundtrip_compact_format_artifact
[ 39%] cREXX RXDAS roundtrip fixture tests_wide_operands ...
[ 39%] cREXX RXDAS roundtrip fixture tests_interfaces ...
[ 39%] Built target rxdas_roundtrip_wide_operands_artifact
[ 39%] cREXX RXDAS roundtrip fixture tests_disassembler_roundtrip ...
[ 39%] Built target rxdas_roundtrip_interfaces_artifact
[ 39%] cREXX RXDAS roundtrip fixture tests_disassembler_imported ...
[ 39%] Built target rxdas_roundtrip_metadata_artifact
[ 39%] cREXX RXDAS roundtrip fixture tests_binary ...
[ 39%] Built target rxdas_roundtrip_imported_artifact
[ 39%] cREXX RXDAS roundtrip fixture tests_jump_table ...
[ 39%] Built target rxdas_roundtrip_jtable_linear_artifact
[ 39%] Built target rxdas_roundtrip_binary_artifact
[ 39%] cREXX RXDAS roundtrip fixture tests_jump_table_hash_edges ...
[ 40%] cREXX RXDAS roundtrip fixture tests_jump_table_rexx_strings ...
[ 40%] Built target rxdas_roundtrip_jtable_hash_artifact
[ 40%] Built target rxdas_roundtrip_jtable_rexx_strings_artifact
[ 40%] Built target test_float_pool_format
[ 40%] Built target test_disassembler_dump
[ 40%] Built target rxdas_graph_error_artifact
[ 40%] Built target test_compact_format
[ 40%] Built target token_bin
[ 40%] Building Dummy.rxbin
[ 40%] Built target exit_dummy_bin
[ 40%] cREXX compile and assemble _rxsystem ...
[ 40%] cREXX compile and assemble _jdn ...
[ 41%] cREXX compile and assemble _datei ...
[ 41%] cREXX compile and assemble _dateo ...
[ 41%] cREXX compile and assemble _ftrunc ...
[ 41%] cREXX compile and assemble _itrunc ...
[ 41%] cREXX compile and assemble _typedformat ...
[ 41%] cREXX compile and assemble abbrev ...
[ 41%] cREXX compile and assemble abs ...
[ 41%] cREXX compile and assemble intabs ...
[ 41%] cREXX compile and assemble floatabs ...
[ 41%] cREXX compile and assemble b2x ...
[ 41%] cREXX compile and assemble b2d ...
[ 41%] cREXX compile and assemble binary ...
[ 41%] cREXX compile and assemble c2x ...
[ 41%] cREXX compile and assemble c2d ...
[ 41%] cREXX compile and assemble center ...
[ 41%] cREXX compile and assemble centre ...
[ 41%] cREXX compile and assemble changestr ...
[ 41%] cREXX compile and assemble compare ...
[ 41%] cREXX compile and assemble copies ...
[ 41%] cREXX compile and assemble countstr ...
[ 41%] cREXX compile and assemble d2b ...
[ 41%] cREXX compile and assemble d2c ...
[ 41%] cREXX compile and assemble d2x ...
[ 41%] cREXX compile and assemble date ...
[ 41%] cREXX compile and assemble delstr ...
[ 41%] cREXX compile and assemble delword ...
[ 41%] cREXX compile and assemble fileio ...
[ 41%] cREXX compile and assemble filter ...
[ 41%] cREXX compile and assemble format ...
[ 41%] cREXX compile and assemble intformat ...
[ 41%] cREXX compile and assemble floatformat ...
[ 41%] cREXX compile and assemble fnv ...
[ 41%] cREXX compile and assemble getenv ...
[ 41%] cREXX compile and assemble insert ...
[ 41%] cREXX compile and assemble length ...
[ 41%] cREXX compile and assemble linesize ...
[ 41%] cREXX compile and assemble loadmodule ...
[ 41%] cREXX compile and assemble lower ...
[ 42%] cREXX compile and assemble max ...
[ 42%] cREXX compile and assemble intmax ...
[ 42%] cREXX compile and assemble floatmax ...
[ 42%] cREXX compile and assemble min ...
[ 42%] cREXX compile and assemble intmin ...
[ 42%] cREXX compile and assemble floatmin ...
[ 42%] cREXX compile and assemble numeric ...
[ 42%] cREXX compile and assemble overlay ...
[ 42%] cREXX compile and assemble pos ...
[ 43%] cREXX compile and assemble qscan ...
[ 43%] cREXX compile and assemble qpos ...
[ 43%] cREXX compile and assemble qsplit ...
[ 43%] cREXX compile and assemble qsplitsafe ...
[ 43%] cREXX compile and assemble qextractall ...
[ 43%] cREXX compile and assemble qextractpair ...
[ 43%] cREXX compile and assemble qstripcomment ...
[ 43%] cREXX compile and assemble qremoveall ...
[ 43%] cREXX compile and assemble fsayfmt ...
[ 43%] cREXX compile and assemble lastpos ...
[ 43%] cREXX compile and assemble left ...
[ 43%] cREXX compile and assemble right ...
[ 43%] cREXX compile and assemble raise ...
[ 43%] cREXX compile and assemble reverse ...
[ 43%] cREXX compile and assemble signal ...
[ 43%] cREXX compile and assemble trace ...
[ 43%] cREXX compile and assemble sign ...
[ 43%] cREXX compile and assemble intsign ...
[ 43%] cREXX compile and assemble floatsign ...
[ 43%] cREXX compile and assemble space ...
[ 43%] cREXX compile and assemble strip ...
[ 43%] cREXX compile and assemble substr ...
[ 43%] cREXX compile and assemble substro ...
[ 43%] cREXX compile and assemble symbol ...
[ 43%] cREXX compile and assemble time ...
[ 43%] cREXX compile and assemble translate ...
[ 44%] cREXX compile and assemble trunc ...
[ 44%] cREXX compile and assemble floattrunc ...
[ 44%] cREXX compile and assemble upper ...
[ 44%] cREXX compile and assemble value ...
[ 44%] cREXX compile and assemble verify ...
[ 44%] cREXX compile and assemble version ...
[ 44%] cREXX compile and assemble sourceinfo ...
[ 44%] cREXX compile and assemble word ...
[ 44%] cREXX compile and assemble words ...
[ 44%] cREXX compile and assemble wordindex ...
[ 44%] cREXX compile and assemble subword ...
[ 44%] cREXX compile and assemble wordlength ...
[ 44%] cREXX compile and assemble wordpos ...
[ 44%] cREXX compile and assemble qword ...
[ 44%] cREXX compile and assemble qwordlength ...
[ 44%] cREXX compile and assemble qwords ...
[ 44%] cREXX compile and assemble qwordindex ...
[ 44%] cREXX compile and assemble qwordpos ...
[ 44%] cREXX compile and assemble qsubword ...
[ 44%] cREXX compile and assemble regex ...
[ 44%] cREXX compile and assemble x2b ...
[ 44%] cREXX compile and assemble x2c ...
[ 44%] cREXX compile and assemble x2d ...
[ 44%] cREXX compile and assemble random ...
[ 44%] cREXX compile and assemble reradix ...
[ 44%] cREXX compile and assemble sequence ...
[ 44%] cREXX compile and assemble find ...
[ 44%] cREXX compile and assemble index ...
[ 44%] cREXX compile and assemble xrange ...
[ 44%] cREXX compile and assemble parsecompile ...
[ 44%] cREXX compile and assemble parsestring ...
[ 44%] cREXX compile and assemble parse ...
[ 44%] cREXX compile and assemble datatype ...
[ 44%] cREXX compile and assemble arrayfind ...
[ 44%] cREXX compile and assemble splice ...
[ 45%] cREXX compile and assemble arrayinsert ...
[ 45%] cREXX compile and assemble arraydelete ...
[ 45%] cREXX compile and assemble arrayappend ...
[ 45%] cREXX compile and assemble arrayprepend ...
[ 45%] cREXX compile and assemble objectarrayinsert ...
[ 45%] cREXX compile and assemble objectarraydelete ...
[ 45%] cREXX compile and assemble objectarrayappend ...
[ 45%] cREXX compile and assemble objectarrayprepend ...
[ 45%] cREXX compile and assemble objectarraydrop ...
[ 45%] cREXX compile and assemble objectarraymove ...
[ 45%] cREXX compile and assemble arraypop ...
[ 45%] cREXX compile and assemble arrayshift ...
[ 45%] cREXX compile and assemble arrayget ...
[ 45%] cREXX compile and assemble arrayset ...
[ 45%] cREXX compile and assemble arraycontains ...
[ 45%] cREXX compile and assemble arrayindexof ...
[ 45%] cREXX compile and assemble arrayreverse ...
[ 45%] cREXX compile and assemble arrayjoin ...
[ 45%] cREXX compile and assemble arraysort ...
[ 45%] cREXX compile and assemble arraycopy ...
[ 45%] cREXX compile and assemble arraydrop ...
[ 45%] cREXX compile and assemble arrayhi ...
[ 45%] cREXX compile and assemble arraymove ...
[ 46%] cREXX compile and assemble fmtmask ...
[ 47%] cREXX compile and assemble compilemask ...
[ 47%] cREXX compile and assemble runmask ...
[ 47%] cREXX compile and assemble stem ...
[ 48%] cREXX compile and assemble rxjson ...
[ 48%] cREXX compile and assemble rxsocket ...
[ 48%] cREXX compile and assemble rxhttp ...
[ 48%] cREXX compile and assemble wordrep ...
[ 48%] cREXX compile and assemble rxqueue ...
[ 48%] cREXX REXX Library Archive ...
[ 48%] Built target library-rexx
[ 48%] cREXX Linked Library Image ...
[ 48%] Built target library
[ 48%] Building Dump.rxbin
[ 48%] Building Sort.rxbin
[ 48%] Building Query.rxbin
[ 48%] Building Queue compiler exit
[ 48%] Built target exit_query_bin
[ 48%] Building Sortx.rxbin
[ 48%] Built target exit_dump_bin
[ 48%] Built target exit_rxqueue_bin
[ 48%] Building Address.rxbin
[ 48%] Building Execio.rxbin
[ 48%] Built target exit_sort_bin
[ 48%] Building Add.rxbin
[ 48%] Built target exit_sortx_bin
[ 48%] Built target exit_execio_bin
[ 48%] Building Fsay.rxbin
[ 49%] Building Msay.rxbin
[ 49%] Built target exit_add_bin
[ 49%] Building Parse.rxbin
[ 49%] Built target exit_fsay_bin
[ 49%] Building Signal.rxbin
[ 49%] Built target exit_msay_bin
[ 49%] Building Trace.rxbin
[ 49%] Built target exit_signal_bin
[ 49%] Building RexxScript.rxbin
[ 49%] Built target exit_rexxscript_bin
[ 49%] Building Substr.rxbin
[ 49%] Built target exit_substr_bin
[ 49%] C Packing cREXX RXFNSB Library ...
[ 49%] Built target packed_library
[ 49%] Building exittestsupport.rxbin
[ 49%] Built target exit_trace_bin
[ 50%] Building C object interpreter/CMakeFiles/rxbvme.dir/library.c.o
[ 50%] Built target exit_test_support_bin
[ 50%] Building optimized arrayformat function example
[ 50%] Linking C executable ../bin/rxbvme
[ 50%] Built target rxbvme
[ 50%] Built target _rxpa_dynlink
[ 51%] Built target _rxpa_classdecl
[ 51%] Built target _rxpa_bad_signatures
[ 51%] Linking C executable ../rxc_staticlink
[ 51%] Built target rxc_staticlink
[ 51%] Linking C executable ../rxc_classdecl_static
[ 51%] Built target rxc_classdecl_static
[ 51%] Built target _testfuncs_dynamic
[ 51%] Built target _plugin1
[ 52%] Built target _plugin2
[ 52%] Building optimized arraydump function example
[ 52%] Building C object interpreter/CMakeFiles/rxvme.dir/library.c.o
[ 52%] Linking C executable ../bin/rxvme
[ 52%] Bundling array-formatting function example
[ 52%] Building optimized array-formatting example program
[ 52%] Built target rxvme
[ 52%] Built target exit_address_bin
[ 52%] Built target example_array_formatting_artifacts
[ 52%] Built target exit_parse_bin
[ 52%] Building rxcexits.rxbin (bundled via concatenation)
[ 52%] Built target compiler_exit_bin
[ 52%] Compiling cms_address_environment.crexx ...
[ 52%] Compiling kv_address_demo.crexx ...
[ 52%] Compiling stub_plugin.crexx ...
[ 52%] Clearing stale class library member images ...
[ 52%] cREXX compile and assemble StringIterator ...
[ 52%] Built target stub_plugin_bin
[ 52%] Compiling sqlite_address_demo.crexx ...
[ 52%] Built target native_kv_address_demo_bin
[ 52%] Compiling address_callback_host.crexx ...
[ 52%] Built target native_sqlite_address_demo_bin
[ 52%] Compiling e2_active_context.crexx ...
[ 52%] Built target address_callback_host_bin
[ 52%] Compiling dynamic_load_provider.crexx ...
[ 52%] Compiling address_cms_host.crexx ...
[ 52%] Built target e2_active_context_bin
[ 52%] Compiling crexxsaa_variables_host.crexx ...
[ 52%] Compiling dynamic_load_host.crexx ...
[ 52%] cREXX compile and assemble ObjectIterator ...
[ 52%] Built target crexxsaa_variables_host_bin
[ 52%] Linking C executable test_crexxsaa_status
[ 52%] Built target test_crexxsaa_status
[ 52%] Compiling test_dump.crexx with exit (noopt)
[ 52%] Built target dynamic_load_fixture_bin
[ 52%] Compiling test_query.crexx with exit (noopt)
[ 52%] Compiling cms_address_demo.crexx ...
[ 52%] Compiling test_dump.crexx with exit (opt)
[ 52%] Compiling test_query.crexx with exit (opt)
[ 52%] Built target test_dump_bin
[ 52%] Built target address_cms_fixture_bin
[ 52%] Compiling test_sort.crexx with exit (noopt)
[ 52%] Compiling test_sortx.crexx with exit (noopt)
[ 52%] Built target test_query_bin
[ 52%] Compiling test_address.crexx with exit (noopt)
[ 52%] Compiling test_sort.crexx with exit (opt)
[ 52%] Compiling test_sortx.crexx with exit (opt)
[ 52%] Compiling test_address.crexx with exit (opt)
[ 52%] cREXX compile and assemble Iterable ...
[ 52%] Built target test_sort_bin
[ 52%] Compiling test_address_direct.crexx with exit (noopt)
[ 52%] Built target test_sortx_bin
[ 52%] Compiling test_execio.crexx with exit (noopt)
[ 52%] Built target test_address_bin
[ 52%] Compiling test_add.crexx with exit (noopt)
[ 52%] Compiling test_execio.crexx with exit (opt)
[ 53%] Compiling test_address_direct.crexx with exit (opt)
[ 53%] Compiling test_add.crexx with exit (opt)
[ 53%] Built target test_execio_bin
[ 53%] Compiling test_fsay.crexx with exit (noopt)
[ 53%] Built target test_add_bin
[ 53%] Compiling test_msay.crexx with exit (noopt)
[ 53%] Compiling test_fsay.crexx with exit (opt)
[ 53%] Built target test_address_direct_bin
[ 53%] Compiling test_parse.crexx with exit (noopt)
[ 53%] cREXX compile and assemble ObjectPrintable ...
[ 53%] Compiling test_msay.crexx with exit (opt)
[ 53%] Built target test_fsay_bin
[ 53%] Compiling test_parse_direct.crexx with exit (noopt)
[ 53%] Built target test_msay_bin
[ 53%] Compiling test_parse_compiled_patterns.crexx with exit (noopt)
[ 53%] Compiling test_parse_direct.crexx with exit (opt)
[ 53%] Compiling test_parse_compiled_patterns.crexx with exit (opt)
[ 53%] cREXX compile and assemble Printable ...
[ 53%] Compiling test_parse.crexx with exit (opt)
[ 53%] Built target test_parse_compiled_patterns_bin
[ 53%] Compiling test_signal.crexx with exit (noopt)
[ 53%] cREXX compile and assemble Iterator ...
[ 53%] Compiling test_signal.crexx with exit (opt)
[ 53%] Built target test_parse_direct_bin
[ 53%] Compiling test_signal_direct.crexx with exit (noopt)
[ 53%] Built target test_signal_bin
[ 53%] Compiling test_signal_block.crexx with exit (noopt)
[ 53%] Compiling test_signal_direct.crexx with exit (opt)
[ 53%] Compiling test_signal_block.crexx with exit (opt)
[ 53%] Built target test_signal_direct_bin
[ 53%] Compiling reference_source_invalid_signal.crexx with exit (noopt)
[ 53%] Built target test_signal_block_bin
[ 53%] Compiling test_trace_exit.crexx with exit (noopt)
[ 53%] cREXX compile and assemble ObjectObjectTreeMapIterator ...
[ 53%] Compiling reference_source_invalid_signal.crexx with exit (opt)
[ 53%] Compiling test_trace_exit.crexx with exit (opt)
[ 53%] Built target reference_source_invalid_signal_bin
[ 53%] Compiling test_trace_negated_string.crexx with exit (noopt)
[ 53%] Compiling test_trace_negated_string.crexx with exit (opt)
[ 53%] Built target test_trace_exit_bin
[ 54%] Compiling test_trace_results.crexx with exit (noopt)
[ 54%] Built target test_trace_negated_string_bin
[ 54%] Compiling test_trace_llm.crexx with exit (noopt)
[ 54%] Compiling test_trace_results.crexx with exit (opt)
[ 54%] cREXX compile and assemble TreeMapIterator ...
[ 54%] Compiling test_trace_llm.crexx with exit (opt)
[ 54%] Built target test_trace_results_bin
[ 54%] Compiling test_trace_direct.crexx with exit (noopt)
[ 54%] Built target test_trace_llm_bin
[ 54%] Compiling test_trace_stderr.crexx with exit (noopt)
[ 54%] Compiling test_trace_direct.crexx with exit (opt)
[ 54%] Compiling test_trace_stderr.crexx with exit (opt)
[ 54%] cREXX compile and assemble ObjectComparator ...
[ 54%] Built target test_trace_stderr_bin
[ 54%] Compiling test_trace_file.crexx with exit (noopt)
[ 54%] Built target test_trace_direct_bin
[ 54%] Compiling test_trace_normal_quiet.crexx with exit (noopt)
[ 54%] Compiling test_trace_file.crexx with exit (opt)
[ 54%] Compiling test_trace_normal_quiet.crexx with exit (opt)
[ 54%] cREXX compile and assemble Map ...
[ 54%] Built target test_trace_file_bin
[ 54%] Compiling test_trace_normal_command.crexx with exit (noopt)
[ 54%] Built target test_trace_normal_quiet_bin
[ 54%] Compiling test_trace_env.crexx with exit (noopt)
[ 54%] Compiling test_trace_normal_command.crexx with exit (opt)
[ 54%] Compiling test_trace_env.crexx with exit (opt)
[ 54%] Built target test_trace_normal_command_bin
[ 54%] Compiling test_trace_event_batch.crexx with exit (noopt)
[ 54%] Built target test_trace_env_bin
[ 55%] Compiling test_trace_env.crexx with exit (noopt)
[ 55%] cREXX compile and assemble BagIterator ...
[ 55%] Compiling test_trace_event_batch.crexx with exit (opt)
[ 55%] Compiling test_trace_env.crexx with exit (opt)
[ 55%] Built target test_trace_event_batch_bin
[ 55%] Compiling test_trace_env_ignored.crexx with exit (noopt)
[ 55%] Built target test_trace_env_invalid_bin
[ 55%] Compiling test_trace_source_jump_helper.crexx (noopt)
[ 55%] Compiling test_trace_source_jump_helper.crexx (opt)
[ 55%] Compiling test_trace_env_ignored.crexx with exit (opt)
[ 55%] Compiling test_trace_source_jump.crexx with exit (noopt)
[ 55%] cREXX compile and assemble Comparator ...
[ 55%] Compiling test_trace_source_jump.crexx with exit (opt)
[ 55%] Built target test_trace_env_ignored_bin
[ 55%] Compiling test_trace_namespace_commands.crexx with exit (noopt)
[ 55%] Compiling test_trace_namespace_commands.crexx with exit (opt)
[ 55%] Built target test_trace_source_jump_bin
[ 55%] Compiling test_substr.crexx with exit (noopt)
[ 55%] Built target test_trace_namespace_commands_bin
[ 55%] Compiling test_dummy.crexx with exit (noopt)
[ 55%] Compiling test_substr.crexx with exit (opt)
[ 55%] Compiling test_dummy.crexx with exit (opt)
[ 55%] cREXX compile and assemble RexxComparator ...
[ 55%] Built target test_dummy_bin
[ 55%] Compiling test_rxqueue.crexx with exit (noopt)
[ 55%] Built target test_substr_bin
[ 55%] cREXX compile and assemble rxdb_gui ...
[ 55%] Compiling test_rxqueue.crexx with exit (opt)
[ 55%] cREXX compile, assemble, link and package rxdb ...
[ 55%] Built target test_rxqueue_bin
[ 55%] Compiling test_reentrancy.crexx ...
[ 55%] Building C object debugger/CMakeFiles/rxdb.dir/rxdb.c.o
[ 55%] Linking C executable ../bin/rxdb
[ 55%] Built target rxdb
[ 55%] Compiling PERF3-13 E4 program-generation controls ...
[ 55%] Built target test_reentrancy_bin
[ 55%] Compiling PERF3-13 E5 native-doorbell control ...
[ 55%] cREXX compile and assemble StringTreeSetIterator ...
[ 55%] Built target test_persistent_worker_executor_bin
[ 55%] Generating ts_stem_errors_opt.rxbin
[ 55%] Built target ts_stem_errors_opt_artifact
[ 55%] Generating ts_stem_errors_noopt.rxbin
[ 55%] Built target test_program_generation_control_bins
[ 55%] Building the LOADMODULE focused provider
[ 55%] Built target ts_stem_errors_noopt_artifact
[ 55%] Generating tlinesz_opt.rxbin
[ 55%] Built target ts_loadmodule_provider_artifact
[ 55%] Generating tlinesz_noopt.rxbin
[ 55%] Built target tlinesz_opt_artifact
[ 55%] Generating ts_arraysort_errors_opt.rxbin
[ 55%] Built target tlinesz_noopt_artifact
[ 55%] Generating ts_arraysort_errors_noopt.rxbin
[ 55%] Built target ts_arraysort_errors_opt_artifact
[ 55%] Generating we_opt.rxbin
[ 55%] Built target ts_arraysort_errors_noopt_artifact
[ 55%] Generating we_noopt.rxbin
[ 55%] cREXX compile and assemble StringHashMapIterator ...
[ 55%] Built target we_noopt_artifact
[ 55%] cREXX compile and assemble tinyexpr ...
[ 55%] Built target we_opt_artifact
[ 55%] Generating arrays_test_opt.rxbin
[ 55%] cREXX Linked Level L Library Image ...
[ 55%] Built target rxfnsl
[ 55%] Generating arrays_test_noopt.rxbin
[ 55%] Built target arrays_test_opt_artifact
[ 55%] Generating math_test_opt.rxbin
[ 55%] Built target arrays_test_noopt_artifact
[ 55%] Generating math_test_noopt.rxbin
[ 55%] Built target math_test_opt_artifact
[ 55%] Generating stack_test_opt.rxbin
[ 55%] Built target math_test_noopt_artifact
[ 56%] Generating stack_test_noopt.rxbin
[ 56%] Built target stack_test_opt_artifact
[ 56%] Generating cipher_test_opt.rxbin
[ 56%] Built target stack_test_noopt_artifact
[ 56%] Generating cipher_test_noopt.rxbin
[ 56%] cREXX compile and assemble StringObjectHashMapIterator ...
[ 56%] Built target cipher_test_opt_artifact
[ 56%] Generating strings_test_opt.rxbin
[ 56%] Built target cipher_test_noopt_artifact
[ 56%] Generating strings_test_noopt.rxbin
[ 56%] Built target strings_test_opt_artifact
[ 56%] Generating getpi_test_opt.rxbin
[ 56%] Built target strings_test_noopt_artifact
[ 56%] Generating getpi_test_noopt.rxbin
[ 56%] Built target getpi_test_opt_artifact
[ 56%] Generating keyaccess_test_opt.rxbin
[ 56%] Built target getpi_test_noopt_artifact
[ 56%] Generating keyaccess_test_noopt.rxbin
[ 56%] Built target keyaccess_test_opt_artifact
[ 56%] Generating llist_test_opt.rxbin
[ 56%] Built target keyaccess_test_noopt_artifact
[ 57%] Generating llist_test_noopt.rxbin
[ 57%] cREXX compile and assemble StringHashSetIterator ...
[ 57%] Built target llist_test_opt_artifact
[ 57%] Generating tcp_test_opt.rxbin
[ 57%] Built target llist_test_noopt_artifact
[ 57%] Generating tcp_test_noopt.rxbin
[ 57%] Built target tcp_test_opt_artifact
[ 57%] Generating system_test_opt.rxbin
[ 57%] Built target tcp_test_noopt_artifact
[ 57%] Generating system_test_noopt.rxbin
[ 57%] Built target system_test_opt_artifact
[ 57%] Generating odbc_test.rxbin
[ 57%] Built target test_parse_bin
[ 57%] Generating odbc_mock_prepared.rxbin
[ 57%] Built target system_test_noopt_artifact
[ 57%] Generating odbc_sqlite_prepared.rxbin
[ 57%] Built target odbc_mock_prepared_runtime
[ 57%] cREXX compile and assemble veclib ...
[ 57%] Built target odbc_sqlite_prepared_runtime
[ 57%] cREXX compile and assemble StringLinkedList ...
[ 57%] Built target odbc_test
[ 57%] Clearing stale native-backed class library member images ...
[ 57%] cREXX compile and assemble native-backed classlib adapter Id ...
[ 57%] cREXX compile and assemble ObjectLinkedList ...
[ 57%] Built target veclib
[ 57%] Building optimized pprint compiler-exit example
[ 57%] Bundling standalone pprint compiler-exit example
[ 57%] Building program with standalone pprint exit example
[ 57%] Built target example_pprint_exit_artifacts
[ 57%] Built target ascommon_opt_artifact
[ 57%] Built target ascommon_noopt_artifact
[ 57%] Generating concatenation_opt.rxbin
[ 57%] Built target concatenation_opt_artifact
[ 57%] Generating concatenation_noopt.rxbin
[ 57%] cREXX compile and assemble Rexx ...
[ 58%] cREXX compile and assemble native-backed classlib adapter KeyDB ...
[ 58%] Built target concatenation_noopt_artifact
[ 58%] Generating nr10_artifact_inventory_selftest_opt.rxbin
[ 58%] cREXX compile and assemble StringStack ...
[ 58%] Built target nr10_artifact_inventory_selftest_opt_artifact
[ 58%] Generating benchmark_awfy_sieve_noopt.rxbin
[ 58%] Built target benchmark_awfy_sieve_noopt_artifact
[ 58%] Generating benchmark_awfy_sieve_opt.rxbin
[ 58%] Built target benchmark_awfy_sieve_opt_artifact
[ 58%] Generating benchmark_awfy_permute_noopt.rxbin
[ 58%] cREXX compile and assemble native-backed classlib adapter Os ...
[ 58%] cREXX compile and assemble ObjectStack ...
[ 58%] cREXX compile and assemble StringTreeMapIterator ...
[ 58%] Built target benchmark_awfy_permute_noopt_artifact
[ 58%] Generating benchmark_awfy_permute_opt.rxbin
[ 58%] Built target benchmark_awfy_permute_opt_artifact
[ 58%] Generating benchmark_awfy_mandelbrot_noopt.rxbin
[ 58%] Built target benchmark_awfy_mandelbrot_noopt_artifact
[ 58%] Generating benchmark_awfy_mandelbrot_opt.rxbin
[ 58%] Built target benchmark_awfy_mandelbrot_opt_artifact
[ 58%] Generating benchmark_awfy_towers_noopt.rxbin
[ 58%] cREXX Linked native-backed Class Library Adapter Image ...
[ 58%] Built target classlib_native
[ 59%] Generating benchmark_awfy_towers_opt.rxbin
[ 59%] cREXX compile and assemble StringObjectTreeMapIterator ...
[ 59%] Built target benchmark_awfy_towers_noopt_artifact
[ 59%] cREXX compile and assemble Qfind ...
[ 59%] Generating benchmark_awfy_bounce_noopt.rxbin
[ 59%] Built target benchmark_awfy_towers_opt_artifact
[ 59%] Generating benchmark_awfy_bounce_opt.rxbin
[ 59%] Built target benchmark_awfy_bounce_noopt_artifact
[ 59%] Generating benchmark_awfy_storage_noopt.rxbin
[ 59%] Built target benchmark_awfy_bounce_opt_artifact
[ 59%] Generating benchmark_awfy_storage_opt.rxbin
[ 59%] Built target benchmark_awfy_storage_noopt_artifact
[ 59%] Generating benchmark_awfy_list_noopt.rxbin
[ 59%] Built target benchmark_awfy_storage_opt_artifact
[ 59%] Generating benchmark_awfy_list_opt.rxbin
[ 59%] Built target benchmark_awfy_list_noopt_artifact
[ 59%] Generating benchmark_awfy_richards_noopt.rxbin
[ 59%] Built target benchmark_awfy_list_opt_artifact
[ 59%] Generating benchmark_awfy_richards_opt.rxbin
[ 59%] Built target benchmark_awfy_richards_noopt_artifact
[ 59%] cREXX compile and assemble Scanlex ...
[ 59%] cREXX compile and assemble Concurrency ...
[ 59%] Generating benchmark_json_parser_noopt.rxbin
[ 59%] Built target benchmark_awfy_richards_opt_artifact
[ 59%] Generating benchmark_json_parser_opt.rxbin
[ 59%] Built target benchmark_json_parser_noopt_artifact
[ 59%] Generating benchmark_base64_roundtrip_noopt.rxbin
[ 59%] Built target benchmark_json_parser_opt_artifact
[ 59%] Generating benchmark_base64_roundtrip_opt.rxbin
[ 59%] Built target benchmark_base64_roundtrip_noopt_artifact
[ 59%] Generating benchmark_parse_frozen_noopt.rxbin
[ 59%] Built target benchmark_base64_roundtrip_opt_artifact
[ 59%] Generating benchmark_parse_frozen_opt.rxbin
[ 59%] Built target benchmark_parse_frozen_noopt_artifact
[ 59%] Generating benchmark_parse_frozen_generic_noopt.rxbin
[ 59%] Built target benchmark_parse_frozen_opt_artifact
[ 59%] Generating benchmark_parse_frozen_generic_opt.rxbin
[ 59%] Built target benchmark_parse_frozen_generic_noopt_artifact
[ 59%] Generating benchmark_rexxcps_levelb_noopt.rxbin
[ 60%] cREXX compile and assemble StringIterable ...
[ 60%] Built target benchmark_rexxcps_levelb_noopt_artifact
[ 60%] Generating benchmark_rexxcps_levelb_opt.rxbin
[ 60%] Built target benchmark_parse_frozen_generic_opt_artifact
[ 60%] Generating benchmark_rexxcps_levelb_opaque_noopt.rxbin
[ 61%] cREXX compile and assemble ObjectIterable ...
[ 61%] Built target benchmark_rexxcps_levelb_opaque_noopt_artifact
[ 61%] Generating benchmark_rexxcps_levelb_opaque_opt.rxbin
[ 61%] cREXX compile and assemble ObjectObjectTreeMap ...
[ 61%] Built target benchmark_rexxcps_levelb_opt_artifact
[ 61%] Generating benchmark_runner_noopt.rxbin
[ 61%] Built target benchmark_runner_noopt_artifact
[ 61%] Generating benchmark_runner_opt.rxbin
[ 61%] cREXX compile and assemble Bag ...
[ 61%] Built target benchmark_runner_opt_artifact
[ 61%] Generating nr03_evidence_tool_selftest_noopt.rxbin
[ 61%] cREXX compile and assemble TreeMap ...
[ 61%] Built target benchmark_rexxcps_levelb_opaque_opt_artifact
[ 61%] Generating nr03_evidence_tool_selftest_opt.rxbin
[ 61%] Built target nr03_evidence_tool_selftest_noopt_artifact
[ 61%] Generating nr10_cross_runtime_matrix_selftest_noopt.rxbin
[ 61%] cREXX compile and assemble StringTreeSet ...
[ 61%] Built target nr10_cross_runtime_matrix_selftest_noopt_artifact
[ 61%] Generating nr10_cross_runtime_matrix_selftest_opt.rxbin
[ 61%] cREXX compile and assemble StringHashSet ...
[ 61%] Generating nr10_lifecycle_tool_selftest_noopt.rxbin
[ 61%] Built target nr10_lifecycle_tool_selftest_noopt_artifact
[ 61%] Generating nr10_lifecycle_tool_selftest_opt.rxbin
[ 61%] cREXX compile and assemble StringArrayList ...
[ 61%] Built target nr10_lifecycle_tool_selftest_opt_artifact
[ 61%] Generating nr10_artifact_inventory_selftest_noopt.rxbin
[ 61%] Built target nr10_artifact_inventory_selftest_noopt_artifact
[ 61%] Generating inlining_complex_opt.rxbin
[ 61%] Built target nr10_cross_runtime_matrix_selftest_opt_artifact
[ 61%] Generating inlining_simple_noopt.rxbin
[ 61%] Built target inlining_complex_opt_artifact
[ 61%] Generating inlining_simple_opt.rxbin
[ 61%] cREXX compile and assemble ObjectArrayList ...
[ 61%] Built target inlining_simple_noopt_artifact
[ 61%] Generating inlining_complex_noopt.rxbin
[ 61%] Built target inlining_simple_opt_artifact
[ 61%] Generating reference_iterator_compare_rxvm_opt.rxbin
[ 61%] Built target inlining_complex_noopt_artifact
[ 61%] Generating reference_iterator_compare_rxvm_noopt.rxbin
[ 61%] Built target reference_iterator_compare_rxvm_opt_artifact
[ 62%] Generating binary_fastpath_compare_opt.rxbin
[ 62%] Built target reference_iterator_compare_rxvm_noopt_artifact
[ 62%] Generating binary_fastpath_compare_noopt.rxbin
[ 62%] Built target binary_fastpath_compare_opt_artifact
[ 62%] Generating binary_byvalue_compare_rxvm_opt.rxbin
[ 62%] Built target binary_fastpath_compare_noopt_artifact
[ 62%] Generating binary_byvalue_compare_rxvm_noopt.rxbin
[ 62%] Built target binary_byvalue_compare_rxvm_opt_artifact
[ 62%] Generating rxjson_parser_compare_opt.rxbin
[ 62%] cREXX compile and assemble ArrayList ...
[ 62%] Built target binary_byvalue_compare_rxvm_noopt_artifact
[ 62%] Generating rxjson_parser_compare_noopt.rxbin
[ 62%] Built target nr03_evidence_tool_selftest_opt_artifact
[ 62%] Generating rxjson_numeric_materialization_compare_opt.rxbin
[ 62%] Built target rxjson_parser_compare_opt_artifact
[ 62%] cREXX compile and assemble ObjectArrayListIterator ...
[ 62%] Built target rxjson_parser_compare_noopt_artifact
[ 62%] Generating rxjson_numeric_materialization_compare_noopt.rxbin
[ 62%] Built target rxjson_numeric_materialization_compare_noopt_artifact
[ 62%] Generating tinyexpr_dispatch_compare_opt.rxbin
[ 62%] Built target tinyexpr_dispatch_compare_opt_artifact
[ 63%] Generating tinyexpr_dispatch_compare_noopt.rxbin
[ 63%] Built target tinyexpr_dispatch_compare_noopt_artifact
[ 63%] Generating jump_dispatch_compare_opt.rxbin
[ 63%] Built target rxjson_numeric_materialization_compare_opt_artifact
[ 63%] Generating jump_dispatch_compare_noopt.rxbin
[ 63%] cREXX compile and assemble StringHashMap ...
[ 63%] Built target jump_dispatch_compare_opt_artifact
[ 63%] Generating runtime_interface_lookup_compare_opt.rxbin
[ 63%] Built target jump_dispatch_compare_noopt_artifact
[ 63%] Generating runtime_interface_lookup_compare_noopt.rxbin
[ 63%] cREXX compile and assemble StringObjectHashMap ...
[ 63%] Built target runtime_interface_lookup_compare_opt_artifact
[ 63%] Generating rxpa_dynlink_run_opt.rxbin
[ 63%] Built target runtime_interface_lookup_compare_noopt_artifact
[ 63%] Generating rxpa_dynlink_run_noopt.rxbin
[ 63%] Built target rxpa_dynlink_run_opt_artifact
[ 63%] Generating rxpa_staticlink_run_opt.rxbin
[ 63%] Built target rxpa_dynlink_run_noopt_artifact
[ 63%] Generating rxpa_staticlink_run_noopt.rxbin
[ 63%] Built target rxpa_staticlink_run_opt_artifact
[ 63%] Built target rxpa_staticlink_run_noopt_artifact
[ 63%] Generating rxpa_signal_funcs_dynamic_opt.rxbin
[ 63%] Generating rxpa_signal_funcs_dynamic_noopt.rxbin
[ 63%] cREXX compile and assemble StringTreeMap ...
[ 63%] Built target rxpa_signal_funcs_dynamic_opt_artifact
[ 63%] Built target rxpa_signal_funcs_dynamic_noopt_artifact
[ 63%] Generating rxpa_signal_funcs_static_opt.rxbin
[ 63%] Generating rxpa_signal_funcs_static_noopt.rxbin
[ 63%] cREXX compile and assemble StringOldTreeMap ...
[ 63%] Built target rxpa_signal_funcs_static_opt_artifact
[ 63%] Built target rxpa_signal_funcs_static_noopt_artifact
[ 63%] Generating rxpa_string_funcs_dynamic_opt.rxbin
[ 63%] Generating rxpa_string_funcs_dynamic_noopt.rxbin
[ 63%] Built target rxpa_string_funcs_dynamic_opt_artifact
[ 63%] cREXX compile and assemble StringObjectTreeMap ...
[ 63%] Built target rxpa_string_funcs_dynamic_noopt_artifact
[ 63%] Generating rxpa_string_funcs_static_opt.rxbin
[ 63%] Built target rxpa_string_funcs_static_opt_artifact
[ 63%] Generating rxpa_string_funcs_static_noopt.rxbin
[ 63%] Built target rxpa_string_funcs_static_noopt_artifact
[ 63%] Generating rxpa_int_funcs_dynamic_opt.rxbin
[ 63%] Built target rxpa_int_funcs_dynamic_opt_artifact
[ 63%] Generating rxpa_int_funcs_dynamic_noopt.rxbin
[ 63%] Generating rxpa_int_funcs_static_opt.rxbin
[ 63%] cREXX compile and assemble StringArrayListIterator ...
[ 63%] Built target rxpa_int_funcs_dynamic_noopt_artifact
[ 63%] Generating rxpa_int_funcs_static_noopt.rxbin
[ 63%] Built target rxpa_int_funcs_static_opt_artifact
[ 63%] Generating rxpa_float_funcs_dynamic_opt.rxbin
[ 63%] Built target rxpa_int_funcs_static_noopt_artifact
[ 63%] Generating rxpa_float_funcs_dynamic_noopt.rxbin
[ 63%] Built target rxpa_float_funcs_dynamic_opt_artifact
[ 63%] Generating rxpa_float_funcs_static_opt.rxbin
[ 63%] cREXX compile and assemble ArrayListIterator ...
[ 63%] Built target rxpa_float_funcs_dynamic_noopt_artifact
[ 63%] Generating rxpa_float_funcs_static_noopt.rxbin
[ 63%] Built target rxpa_float_funcs_static_opt_artifact
[ 63%] Generating rxpa_array_push_funcs_dynamic_opt.rxbin
[ 63%] Built target rxpa_float_funcs_static_noopt_artifact
[ 63%] Generating rxpa_array_push_funcs_dynamic_noopt.rxbin
[ 63%] Built target rxpa_array_push_funcs_dynamic_opt_artifact
[ 63%] Generating rxpa_array_push_funcs_static_opt.rxbin
[ 63%] Built target rxpa_array_push_funcs_dynamic_noopt_artifact
[ 63%] Generating rxpa_array_push_funcs_static_noopt.rxbin
[ 63%] Built target rxpa_array_push_funcs_static_opt_artifact
[ 63%] Generating rxpa_native_payload_funcs_dynamic_opt.rxbin
[ 64%] Generating rxpa_native_payload_funcs_dynamic_noopt.rxbin
[ 64%] Built target rxpa_array_push_funcs_static_noopt_artifact
[ 64%] Generating rxpa_native_payload_funcs_static_opt.rxbin
[ 64%] Built target rxpa_native_payload_funcs_dynamic_opt_artifact
[ 64%] Generating rxpa_native_payload_funcs_static_noopt.rxbin
[ 64%] Built target rxpa_native_payload_funcs_dynamic_noopt_artifact
[ 64%] Generating rxpa_native_unwind_funcs_dynamic_opt.rxbin
[ 64%] cREXX Linked Class Library Image ...
[ 64%] Built target rxpa_native_payload_funcs_static_opt_artifact
[ 64%] Generating rxpa_native_unwind_funcs_dynamic_noopt.rxbin
[ 64%] Built target rxpa_native_payload_funcs_static_noopt_artifact
[ 64%] Generating rxpa_native_unwind_funcs_static_opt.rxbin
[ 64%] Built target rxpa_native_unwind_funcs_dynamic_opt_artifact
[ 64%] Generating rxpa_native_unwind_funcs_static_noopt.rxbin
[ 64%] Built target classlib
[ 64%] Generating rxpa_mult_test_opt.rxbin
[ 64%] Built target rxpa_native_unwind_funcs_dynamic_noopt_artifact
[ 64%] Generating rxpa_mult_test_noopt.rxbin
[ 64%] Built target rxpa_native_unwind_funcs_static_opt_artifact
[ 64%] Linking C executable test_bridge
[ 64%] Built target test_bridge
[ 64%] Linking C executable test_address_bridge
[ 64%] Built target test_address_bridge
[ 64%] cREXX compile and assemble httpcodec ...
[ 64%] Built target rxpa_native_unwind_funcs_static_noopt_artifact
[ 64%] Linking C executable native_kv_address_demo
[ 64%] Built target native_kv_address_demo
[ 64%] Linking C executable native_sqlite_address_demo
[ 64%] Built target native_sqlite_address_demo
[ 64%] Built target rxpa_mult_test_opt_artifact
[ 64%] Linking C executable test_address_callback_host
[ 64%] Linking C executable test_e2_active_context
[ 64%] Built target test_address_callback_host
[ 64%] Built target test_e2_active_context
[ 65%] Linking C executable test_dynamic_load
[ 65%] Clearing stale rxfnsc runtime member images ...
[ 65%] cREXX compile and assemble rxfnsc runtime RexxValue ...
[ 65%] Built target test_dynamic_load
[ 65%] Linking C executable test_crexxsaa_variables
[ 65%] Built target test_crexxsaa_variables
[ 66%] Linking C executable test_reentrancy
[ 66%] Built target test_reentrancy
[ 66%] Linking C executable program_generation_control-rxvml
[ 66%] Built target program_generation_control-rxvml
[ 66%] Linking C executable program_generation_control-rxbvml
[ 66%] Built target program_generation_control-rxbvml
[ 66%] Linking C executable program_generation_control-rxtvml
[ 66%] Built target program_generation_control-rxtvml
[ 67%] Linking C executable persistent_worker_executor-rxvml
[ 67%] Built target persistent_worker_executor-rxvml
[ 67%] Linking C executable persistent_worker_executor-rxbvml
[ 67%] Built target persistent_worker_executor-rxbvml
[ 67%] Linking C executable persistent_worker_executor-rxtvml
[ 67%] Built target persistent_worker_executor-rxtvml
[ 67%] Built target ts_stem_errors
[ 67%] Built target tlinesz
[ 67%] Generating ts_abbrev_opt.rxbin
[ 67%] Built target rxpa_mult_test_noopt_artifact
[ 67%] Generating ts_abbrev_noopt.rxbin
[ 67%] Built target ts_abbrev_noopt_artifact
[ 67%] Built target ts_abbrev_opt_artifact
[ 67%] Generating test1_opt.rxbin
[ 67%] Built target ts_arraysort_errors
[ 67%] Generating test1_noopt.rxbin
[ 67%] Built target test1_noopt_artifact
[ 67%] Built target we
[ 67%] Built target test1_opt_artifact
[ 67%] Generating ts_tinyexpr_opt.rxbin
[ 67%] Generating ts_tinyexpr_noopt.rxbin
[ 67%] cREXX compile and assemble http ...
[ 67%] Built target ts_tinyexpr_noopt_artifact
[ 67%] Built target arrays_test
[ 67%] Built target math_test
[ 67%] Built target stack_test
[ 67%] Built target cipher_test
[ 67%] Built target strings_test
[ 67%] Built target getpi_test
[ 67%] Built target keyaccess_test
[ 67%] Built target ts_tinyexpr_opt_artifact
[ 67%] Built target llist_test
[ 67%] Built target tcp_test
[ 67%] Built target rxpa_system_test
[ 67%] Generating testid_opt.rxbin
[ 67%] Generating testid_noopt.rxbin
[ 67%] cREXX compile and assemble rxfnsc runtime RexxClassicCharacterScan ...
[ 67%] Built target testid_noopt_artifact
[ 67%] Built target testid_opt_artifact
[ 67%] Generating testrexx0_opt.rxbin
[ 67%] Generating testrexx0_noopt.rxbin
[ 67%] Built target testrexx0_noopt_artifact
[ 67%] Built target testid
[ 67%] Built target ascommon
[ 67%] Built target asutf_opt_artifact
[ 67%] Built target asutf_noopt_artifact
[ 67%] Built target concatenation_artifact
[ 67%] Built target language_benchmarks
[ 67%] Built target performance_inline
[ 67%] Built target performance_reference_iterator
[ 67%] Generating stringarraylist_iterator_compare_rxvm_opt.rxbin
[ 67%] cREXX compile and assemble rxfnsc runtime RexxClassicState ...
[ 67%] Built target stringarraylist_iterator_compare_rxvm_opt_artifact
[ 67%] Generating stringarraylist_iterator_compare_rxvm_noopt.rxbin
[ 67%] cREXX compile and assemble rxfnsc runtime RexxClassicBitFunctions ...
[ 67%] Built target testrexx0_opt_artifact
[ 67%] Generating stringtreemap_insert_compare_opt.rxbin
[ 67%] Built target stringarraylist_iterator_compare_rxvm_noopt_artifact
[ 67%] Generating stringtreemap_insert_compare_noopt.rxbin
[ 67%] cREXX compile and assemble rxfnsc runtime RexxStem ...
[ 67%] Built target stringtreemap_insert_compare_noopt_artifact
[ 67%] Built target performance_binary_fastpath
[ 67%] Built target performance_binary_byvalue
[ 67%] Built target performance_rxjson_parser
[ 67%] Built target performance_rxjson_numeric
[ 67%] Built target stringtreemap_insert_compare_opt_artifact
[ 67%] Built target performance_tinyexpr_dispatch
[ 67%] Built target performance_jump_dispatch
[ 67%] Built target performance_runtime_lookup
[ 67%] Built target rxpa_dynlink_run
[ 67%] Built target rxpa_staticlink_run
[ 67%] Built target rxpa_signal_funcs_dynamic
[ 67%] Built target rxpa_signal_funcs_static
[ 67%] Built target rxpa_string_funcs_dynamic
[ 67%] Built target rxpa_string_funcs_static
[ 67%] Built target rxpa_int_funcs_dynamic
[ 67%] Built target rxpa_int_funcs_static
[ 67%] Built target rxpa_float_funcs_dynamic
[ 67%] Built target rxpa_float_funcs_static
[ 67%] Built target rxpa_array_push_funcs_dynamic
[ 67%] Built target rxpa_array_push_funcs_static
[ 67%] Built target rxpa_native_payload_funcs_dynamic
[ 67%] Built target rxpa_native_payload_funcs_static
[ 67%] Built target rxpa_native_unwind_funcs_dynamic
[ 67%] Built target rxpa_native_unwind_funcs_static
[ 67%] cREXX compile and assemble rxfnsc runtime RexxClassicConfig ...
[ 67%] Built target rxpa_mult_test
[ 67%] Built target ts_abbrev
[ 67%] Generating ts_abs_opt.rxbin
[ 67%] Built target ts_abs_opt_artifact
[ 67%] Generating ts_abs_noopt.rxbin
[ 67%] cREXX compile and assemble rxfnsc runtime RexxClassicBifBitand ...
[ 67%] Built target ts_abs_noopt_artifact
[ 67%] Generating crexxbrexx_opt.rxbin
[ 67%] cREXX compile and assemble rxfnsc runtime RexxClassicBifBitor ...
[ 67%] Built target crexxbrexx_opt_artifact
[ 67%] Generating crexxbrexx_noopt.rxbin
[ 67%] cREXX compile and assemble rxfnsc runtime RexxClassicBifBitxor ...
[ 67%] Built target test1
[ 67%] Built target ts_tinyexpr
[ 67%] Generating testKeyDB_opt.rxbin
[ 67%] Built target crexxbrexx_noopt_artifact
[ 67%] Generating testKeyDB_noopt.rxbin
[ 67%] Built target testKeyDB_opt_artifact
[ 67%] Built target testrexx0
[ 67%] Generating testrexx_opt.rxbin
[ 67%] Built target testKeyDB_noopt_artifact
[ 67%] Generating testrexx_noopt.rxbin
[ 67%] cREXX compile and assemble rxfnsc runtime RexxClassicDatatype ...
[ 67%] Built target testrexx_noopt_artifact
[ 67%] Built target testKeyDB
[ 67%] Built target asutf
[ 67%] Generating basic_opt.rxbin
[ 67%] Built target basic_opt_artifact
[ 67%] Generating basic_noopt.rxbin
[ 67%] Built target basic_noopt_artifact
[ 67%] Built target performance_classlib_iterator
[ 67%] Built target performance_classlib_treemap
[ 67%] cREXX compile and assemble rxfnsc runtime RexxClassicCharacterOps ...
[ 67%] cREXX compile and assemble rxfnsc runtime RexxClassicEncoding ...
[ 68%] cREXX compile and assemble rxfnsc runtime RexxVariablePool ...
[ 68%] Built target ts_abs
[ 68%] Generating ts_typed_numeric_opt.rxbin
[ 68%] Built target ts_typed_numeric_opt_artifact
[ 68%] Generating ts_typed_numeric_noopt.rxbin
[ 68%] Built target ts_typed_numeric_noopt_artifact
[ 68%] Built target crexxbrexx
[ 68%] Built target testrxfnsl
[ 68%] Generating testOS_opt.rxbin
[ 68%] Built target testOS_opt_artifact
[ 68%] Generating testOS_noopt.rxbin
[ 68%] Built target testOS_noopt_artifact
[ 68%] Built target basic
[ 68%] Generating levelbfunc_opt.rxbin
[ 68%] cREXX compile and assemble rxfnsc runtime RexxClassicBifs ...
[ 68%] Built target testrexx_opt_artifact
[ 68%] Generating levelbfunc_noopt.rxbin
[ 68%] Built target levelbfunc_opt_artifact
[ 68%] cREXX compile and assemble llm ...
[ 68%] Built target levelbfunc_noopt_artifact
[ 68%] Built target ts_typed_numeric
[ 68%] Generating ts_address_protocol_opt.rxbin
[ 68%] Generating ts_address_protocol_noopt.rxbin
[ 68%] Built target ts_address_protocol_noopt_artifact
[ 68%] Built target testperfbifs
[ 68%] Built target testOS
[ 68%] Built target testrexx
[ 68%] Generating testStringArrayList_opt.rxbin
[ 68%] Built target ts_address_protocol_opt_artifact
[ 68%] Generating testStringArrayList_noopt.rxbin
[ 68%] Built target testStringArrayList_opt_artifact
[ 68%] Built target levelbfunc
[ 68%] Built target ts_address_protocol
[ 68%] Generating ts_address_opt.rxbin
[ 68%] Built target testStringArrayList_noopt_artifact
[ 68%] Generating ts_address_noopt.rxbin
[ 68%] cREXX Linked Level G Library Image ...
[ 68%] Built target rxfnsg
[ 68%] Built target testStringArrayList
[ 68%] Generating testStringHashMap_opt.rxbin
[ 68%] cREXX compile and assemble rxfnsc runtime RexxClassicBifAbbrev ...
[ 68%] Built target testStringHashMap_opt_artifact
[ 68%] Generating testStringHashMap_noopt.rxbin
[ 68%] Built target ts_address_noopt_artifact
[ 68%] Generating ts_http_codec_rxtvm_opt.rxbin
[ 68%] Built target ts_address_opt_artifact
[ 68%] Generating ts_http_codec_rxbvm_noopt.rxbin
[ 68%] Built target testStringHashMap_noopt_artifact
[ 68%] Generating ts_http_codec_rxbvm_opt.rxbin
[ 68%] Built target ts_http_codec_rxbvm_noopt_artifact
[ 68%] Generating ts_http_codec_rxtvm_noopt.rxbin
[ 68%] Built target ts_http_codec_rxtvm_opt_artifact
[ 68%] Generating ts_llm_ollama_opt.rxbin
[ 68%] Built target ts_http_codec_rxbvm_opt_artifact
[ 68%] Generating ts_llm_ollama_noopt.rxbin
[ 68%] Built target ts_http_codec_rxtvm_noopt_artifact
[ 68%] Generating ts_http_pooled_rxtvm_opt.rxbin
[ 68%] Built target ts_llm_ollama_noopt_artifact
[ 68%] Generating ts_http_pooled_rxbvm_noopt.rxbin
[ 68%] cREXX compile and assemble rxfnsc runtime RexxClassicBifAbs ...
[ 68%] Built target ts_http_pooled_rxbvm_noopt_artifact
[ 68%] Generating ts_http_pooled_rxbvm_opt.rxbin
[ 68%] Built target ts_http_pooled_rxtvm_opt_artifact
[ 68%] Built target ts_llm_ollama_opt_artifact
[ 68%] Generating ts_http_pooled_rxtvm_noopt.rxbin
[ 68%] Generating ts_http_streaming_rxtvm_opt.rxbin
[ 68%] Built target ts_http_pooled_rxtvm_noopt_artifact
[ 68%] Generating ts_http_streaming_rxbvm_noopt.rxbin
[ 68%] Built target ts_http_pooled_rxbvm_opt_artifact
[ 68%] Generating ts_http_streaming_rxbvm_opt.rxbin
[ 68%] Built target ts_http_streaming_rxbvm_noopt_artifact
[ 68%] Generating ts_http_streaming_rxtvm_noopt.rxbin
[ 68%] Built target ts_http_streaming_rxtvm_opt_artifact
[ 69%] Generating ts_http_crexx_rag_rxtvm_opt.rxbin
[ 69%] Built target ts_http_streaming_rxtvm_noopt_artifact
[ 69%] cREXX compile and assemble rxfnsc runtime RexxClassicBifAddress ...
[ 69%] Generating ts_http_crexx_rag_rxbvm_noopt.rxbin
[ 69%] Built target ts_http_crexx_rag_rxbvm_noopt_artifact
[ 69%] Generating ts_http_crexx_rag_rxbvm_opt.rxbin
[ 69%] Built target ts_http_streaming_rxbvm_opt_artifact
[ 69%] Generating ts_http_crexx_rag_rxtvm_noopt.rxbin
[ 69%] Built target ts_http_crexx_rag_rxtvm_opt_artifact
[ 69%] Generating ts_http_tls_live_rxtvm_opt.rxbin
[ 69%] Built target ts_http_crexx_rag_rxtvm_noopt_artifact
[ 69%] Generating ts_http_tls_live_rxbvm_noopt.rxbin
[ 69%] Built target ts_http_tls_live_rxtvm_opt_artifact
[ 69%] Generating ts_http_tls_live_rxbvm_opt.rxbin
[ 69%] Built target ts_http_tls_live_rxbvm_noopt_artifact
[ 69%] Generating ts_http_tls_live_rxtvm_noopt.rxbin
[ 69%] Built target ts_http_crexx_rag_rxbvm_opt_artifact
[ 69%] Generating ts_http_policy_rxtvm_opt.rxbin
[ 69%] Built target ts_http_tls_live_rxbvm_opt_artifact
[ 69%] Generating ts_http_policy_rxbvm_noopt.rxbin
[ 69%] Built target ts_http_tls_live_rxtvm_noopt_artifact
[ 69%] Generating ts_http_policy_rxbvm_opt.rxbin
[ 69%] cREXX compile and assemble rxfnsc runtime RexxClassicBifB2x ...
[ 69%] Built target ts_http_policy_rxbvm_noopt_artifact
[ 69%] Generating ts_http_policy_rxtvm_noopt.rxbin
[ 69%] Built target ts_http_policy_rxtvm_noopt_artifact
[ 69%] cREXX compile and assemble rxfnsc runtime RexxClassicBifX2d ...
[ 69%] Built target ts_http_policy_rxtvm_opt_artifact
[ 69%] Compiling llm_address_environment.crexx ...
[ 69%] Built target ts_http_policy_rxbvm_opt_artifact
[ 69%] Built target ts_address
[ 69%] Generating ts_address_crexx_opt.rxbin
[ 69%] cREXX compile and assemble rxfnsc runtime RexxClassicBifC2x ...
[ 69%] Compiling address_llm_host.crexx ...
[ 69%] cREXX compile and assemble rxfnsc runtime RexxClassicBifCenter ...
[ 69%] Built target address_llm_fixture_bin
[ 69%] Generating ts_address_crexx_noopt.rxbin
[ 70%] cREXX compile and assemble rxfnsc runtime RexxClassicBifChangestr ...
[ 70%] cREXX compile and assemble rxfnsc runtime RexxClassicBifCompare ...
[ 70%] cREXX compile and assemble rxfnsc runtime RexxClassicBifCopies ...
[ 70%] Built target ts_address_crexx_noopt_artifact
[ 70%] Built target testStringHashMap
[ 70%] Generating testStringHashSet_opt.rxbin
[ 70%] Built target testStringHashSet_opt_artifact
[ 70%] Generating testStringHashSet_noopt.rxbin
[ 70%] Built target testStringHashSet_noopt_artifact
[ 70%] Built target ts_http_codec
[ 70%] Built target ts_llm_ollama
[ 70%] Generating ts_llm_providers_opt.rxbin
[ 70%] cREXX compile and assemble rxfnsc runtime RexxClassicBifCountstr ...
[ 70%] Built target ts_llm_providers_opt_artifact
[ 70%] Generating ts_llm_providers_noopt.rxbin
[ 70%] Built target ts_llm_providers_noopt_artifact
[ 70%] Built target ts_http_pooled
[ 70%] Built target ts_http_streaming
[ 70%] Built target ts_http_crexx_rag
[ 70%] Built target ts_http_tls_live
[ 70%] Built target ts_http_policy
[ 70%] cREXX compile and assemble rxfnsc runtime RexxClassicBifD2x ...
[ 70%] cREXX compile and assemble rxfnsc runtime RexxClassicBifDate ...
[ 70%] cREXX compile and assemble rxfnsc runtime RexxClassicBifDatatype ...
[ 70%] Built target ts_address_crexx_opt_artifact
[ 70%] Built target testStringHashSet
[ 70%] Generating testStringLinkedList_opt.rxbin
[ 70%] Built target testStringLinkedList_opt_artifact
[ 70%] Generating testStringLinkedList_noopt.rxbin
[ 70%] Built target testStringLinkedList_noopt_artifact
[ 70%] Built target ts_llm_providers
[ 70%] cREXX compile and assemble rxfnsc runtime RexxClassicBifDelstr ...
[ 70%] cREXX compile and assemble rxfnsc runtime RexxClassicBifDelword ...
[ 70%] cREXX compile and assemble rxfnsc runtime RexxClassicBifFormat ...
[ 70%] cREXX compile and assemble rxfnsc runtime RexxClassicBifInsert ...
[ 70%] cREXX compile and assemble rxfnsc runtime RexxClassicBifLastpos ...
[ 70%] cREXX compile and assemble rxfnsc runtime RexxClassicBifLeft ...
[ 70%] cREXX compile and assemble rxfnsc runtime RexxClassicBifLength ...
[ 70%] cREXX compile and assemble rxfnsc runtime RexxClassicBifMax ...
[ 70%] cREXX compile and assemble rxfnsc runtime RexxClassicBifMin ...
[ 70%] cREXX compile and assemble rxfnsc runtime RexxClassicBifNumeric ...
[ 71%] cREXX compile and assemble rxfnsc runtime RexxClassicBifOverlay ...
[ 71%] cREXX compile and assemble rxfnsc runtime RexxClassicBifPos ...
[ 71%] cREXX compile and assemble rxfnsc runtime RexxClassicBifRandom ...
[ 71%] cREXX compile and assemble rxfnsc runtime RexxClassicBifReverse ...
[ 71%] cREXX compile and assemble rxfnsc runtime RexxClassicBifRight ...
[ 71%] cREXX compile and assemble rxfnsc runtime RexxClassicBifSign ...
[ 71%] cREXX compile and assemble rxfnsc runtime RexxClassicBifSpace ...
[ 71%] cREXX compile and assemble rxfnsc runtime RexxClassicBifStrip ...
[ 71%] cREXX compile and assemble rxfnsc runtime RexxClassicBifSubstr ...
[ 71%] cREXX compile and assemble rxfnsc runtime RexxClassicBifSubword ...
[ 71%] cREXX compile and assemble rxfnsc runtime RexxClassicBifSymbol ...
[ 71%] cREXX compile and assemble rxfnsc runtime RexxClassicBifTime ...
[ 71%] cREXX compile and assemble rxfnsc runtime RexxClassicBifTrace ...
[ 71%] cREXX compile and assemble rxfnsc runtime RexxClassicBifTranslate ...
[ 71%] cREXX compile and assemble rxfnsc runtime RexxClassicBifTrunc ...
[ 71%] cREXX compile and assemble rxfnsc runtime RexxClassicBifValue ...
[ 71%] cREXX compile and assemble rxfnsc runtime RexxClassicBifVerify ...
[ 71%] cREXX compile and assemble rxfnsc runtime RexxClassicBifWord ...
[ 72%] cREXX compile and assemble rxfnsc runtime RexxClassicBifWordindex ...
[ 72%] cREXX compile and assemble rxfnsc runtime RexxClassicBifWordlength ...
[ 72%] cREXX compile and assemble rxfnsc runtime RexxClassicBifWordpos ...
[ 72%] cREXX compile and assemble rxfnsc runtime RexxClassicBifWords ...
[ 72%] cREXX compile and assemble rxfnsc runtime RexxClassicBifX2b ...
[ 72%] cREXX compile and assemble rxfnsc runtime RexxClassicBifX2c ...
[ 72%] cREXX compile and assemble rxfnsc runtime RexxClassicBifXrange ...
[ 72%] Built target ts_address_crexx
[ 73%] Generating ts_address_capture_opt.rxbin
[ 73%] cREXX compile and assemble rxfnsc runtime RexxClassicBifC2d ...
[ 73%] Built target ts_address_capture_opt_artifact
[ 73%] Generating ts_address_capture_noopt.rxbin
[ 73%] cREXX compile and assemble rxfnsc runtime RexxClassicBifD2c ...
[ 73%] Built target ts_address_capture_noopt_artifact
[ 73%] Built target testStringLinkedList
[ 73%] Generating testStringTreeMap_opt.rxbin
[ 73%] Generating testStringTreeMap_noopt.rxbin
[ 73%] Built target testStringTreeMap_opt_artifact
[ 73%] Built target testrxfnsg
[ 73%] Built target ts_address_capture
[ 73%] Generating ts_address_argv_opt.rxbin
[ 73%] Built target testStringTreeMap_noopt_artifact
[ 73%] Generating ts_address_argv_noopt.rxbin
[ 73%] Built target ts_address_argv_opt_artifact
[ 73%] Built target testStringTreeMap
[ 73%] Generating testStringTreeSet_opt.rxbin
[ 73%] Built target ts_address_argv_noopt_artifact
[ 73%] Generating testStringTreeSet_noopt.rxbin
[ 73%] Built target testStringTreeSet_noopt_artifact
[ 73%] Generating ts_address_array_lifecycle_opt.rxbin
[ 73%] Built target ts_address_argv
[ 73%] Generating ts_address_array_lifecycle_noopt.rxbin
[ 73%] Built target testStringTreeSet_opt_artifact
[ 73%] Built target testStringTreeSet
[ 74%] Generating testStringStack_opt.rxbin
[ 74%] Built target ts_address_array_lifecycle_noopt_artifact
[ 74%] Generating testStringStack_noopt.rxbin
[ 74%] Built target ts_address_array_lifecycle_opt_artifact
[ 74%] Built target ts_address_array_lifecycle
[ 74%] Generating ts_address_spawn_transfer_opt.rxbin
[ 74%] Built target testStringStack_opt_artifact
[ 74%] Generating ts_address_spawn_transfer_noopt.rxbin
[ 74%] cREXX Linked rxfnsc Runtime Library Image ...
[ 74%] Built target testStringStack_noopt_artifact
[ 74%] Built target testStringStack
[ 74%] Generating testObjectCollections_opt.rxbin
[ 74%] Built target rxfnsc
[ 74%] Generating testObjectCollections_noopt.rxbin
[ 74%] Built target testObjectCollections_noopt_artifact
[ 74%] Generating testRexxValue_opt.rxbin
[ 74%] Built target testObjectCollections_opt_artifact
[ 74%] Generating testRexxValue_noopt.rxbin
[ 74%] Built target ts_address_spawn_transfer_noopt_artifact
[ 74%] Clearing stale RexxScript runtime member images ...
[ 74%] cREXX compile and assemble RexxScript runtime RexxScriptEvaluator ...
[ 74%] Built target testRexxValue_noopt_artifact
[ 74%] Built target testObjectCollections
[ 74%] Generating testStringObjectMaps_opt.rxbin
[ 74%] Built target testRexxValue_opt_artifact
[ 74%] Generating testStringObjectMaps_noopt.rxbin
[ 74%] Built target ts_address_spawn_transfer_opt_artifact
[ 75%] Generating testRexxRuntimePools_opt.rxbin
[ 75%] Built target testStringObjectMaps_noopt_artifact
[ 75%] Generating testRexxRuntimePools_noopt.rxbin
[ 75%] Built target testRexxRuntimePools_noopt_artifact
[ 75%] Built target testRexxValue
[ 75%] Built target ts_address_spawn_transfer
[ 76%] Generating ts_binary_opt.rxbin
[ 76%] Built target testRexxRuntimePools_opt_artifact
[ 76%] Generating ts_binary_noopt.rxbin
[ 76%] Built target ts_binary_noopt_artifact
[ 76%] Generating testRexxClassicBifs_opt.rxbin
[ 76%] Built target testRexxClassicBifs_opt_artifact
[ 76%] Generating testRexxClassicBifs_noopt.rxbin
[ 76%] Built target testRexxClassicBifs_noopt_artifact
[ 76%] Built target testRexxRuntimePools
[ 76%] Built target testRexxClassicBifs
[ 76%] Generating testRexxClassicBifAbbrev_opt.rxbin
[ 76%] Built target testRexxClassicBifAbbrev_opt_artifact
[ 76%] Generating testRexxClassicBifAbbrev_noopt.rxbin
[ 76%] Built target testRexxClassicBifAbbrev_noopt_artifact
[ 77%] Generating testRexxClassicBifAbs_opt.rxbin
[ 77%] Built target testRexxClassicBifAbs_opt_artifact
[ 77%] Generating testRexxClassicBifAbs_noopt.rxbin
[ 77%] Built target testRexxClassicBifAbs_noopt_artifact
[ 77%] Built target testRexxClassicBifAbbrev
[ 77%] Built target testRexxClassicBifAbs
[ 77%] Generating testRexxClassicBifAddress_opt.rxbin
[ 77%] Built target testRexxClassicBifAddress_opt_artifact
[ 77%] Generating testRexxClassicBifAddress_noopt.rxbin
[ 77%] Built target testRexxClassicBifAddress_noopt_artifact
[ 77%] Generating testRexxClassicBifB2x_opt.rxbin
[ 77%] Built target testRexxClassicBifB2x_opt_artifact
[ 77%] Generating testRexxClassicBifB2x_noopt.rxbin
[ 77%] Built target testRexxClassicBifB2x_noopt_artifact
[ 77%] Built target testRexxClassicBifAddress
[ 77%] Built target testRexxClassicBifB2x
[ 77%] Generating testRexxClassicBifBitwise_opt.rxbin
[ 77%] Built target ts_binary_opt_artifact
[ 77%] Generating testRexxClassicBifBitwise_noopt.rxbin
[ 77%] Built target testStringObjectMaps_opt_artifact
[ 77%] Built target ts_binary
[ 77%] Generating ts_c2x_opt.rxbin
[ 77%] Built target testRexxClassicBifBitwise_noopt_artifact
[ 77%] Generating ts_c2x_noopt.rxbin
[ 77%] Built target ts_c2x_opt_artifact
[ 77%] Built target testStringObjectMaps
[ 77%] Generating testObjectObjectTreeMap_opt.rxbin
[ 77%] Built target testRexxClassicBifBitwise_opt_artifact
[ 77%] Generating testObjectObjectTreeMap_noopt.rxbin
[ 77%] Built target ts_c2x_noopt_artifact
[ 77%] Generating testRexxClassicBifC2d_opt.rxbin
[ 77%] Built target testObjectObjectTreeMap_opt_artifact
[ 77%] Generating testRexxClassicBifC2d_noopt.rxbin
[ 77%] Built target testObjectObjectTreeMap_noopt_artifact
[ 77%] Built target testRexxClassicBifBitwise
[ 77%] Built target ts_c2x
[ 77%] Generating ts_center_opt.rxbin
[ 77%] Built target testRexxClassicBifC2d_opt_artifact
[ 77%] Generating ts_center_noopt.rxbin
[ 77%] Built target testRexxClassicBifC2d_noopt_artifact
[ 77%] Built target testObjectObjectTreeMap
[ 77%] Generating testTreeMap_opt.rxbin
[ 77%] Built target ts_center_opt_artifact
[ 77%] Generating testTreeMap_noopt.rxbin
[ 77%] Built target ts_center_noopt_artifact
[ 77%] Generating testRexxClassicBifC2x_opt.rxbin
[ 77%] Built target testTreeMap_opt_artifact
[ 77%] Generating testRexxClassicBifC2x_noopt.rxbin
[ 77%] Built target testTreeMap_noopt_artifact
[ 77%] Built target testRexxClassicBifC2d
[ 77%] Built target ts_center
[ 77%] Generating ts_changestr_opt.rxbin
[ 77%] Built target testRexxClassicBifC2x_opt_artifact
[ 77%] Generating ts_changestr_noopt.rxbin
[ 77%] Built target testRexxClassicBifC2x_noopt_artifact
[ 77%] Built target testTreeMap
[ 77%] Generating testRexxComparator_opt.rxbin
[ 77%] Built target ts_changestr_opt_artifact
[ 77%] Generating testRexxComparator_noopt.rxbin
[ 77%] Built target ts_changestr_noopt_artifact
[ 77%] Generating testRexxClassicBifCenter_opt.rxbin
[ 77%] Built target testRexxComparator_opt_artifact
[ 77%] Generating testRexxClassicBifCenter_noopt.rxbin
[ 77%] Built target testRexxComparator_noopt_artifact
[ 77%] Built target testRexxClassicBifC2x
[ 77%] Built target ts_changestr
[ 77%] Generating ts_compare_opt.rxbin
[ 77%] Built target testRexxClassicBifCenter_opt_artifact
[ 77%] Generating ts_compare_noopt.rxbin
[ 77%] Built target testRexxClassicBifCenter_noopt_artifact
[ 77%] Built target testRexxComparator
[ 77%] Generating testQfind_opt.rxbin
[ 77%] Built target ts_compare_noopt_artifact
[ 77%] Generating testQfind_noopt.rxbin
[ 77%] Built target testQfind_opt_artifact
[ 77%] Generating testRexxClassicBifCentre_opt.rxbin
[ 77%] Built target testQfind_noopt_artifact
[ 77%] Generating testRexxClassicBifCentre_noopt.rxbin
[ 77%] Built target ts_compare_opt_artifact
[ 77%] Built target testRexxClassicBifCenter
[ 77%] Built target ts_compare
[ 77%] Generating ts_countstr_opt.rxbin
[ 77%] Built target testRexxClassicBifCentre_opt_artifact
[ 77%] Generating ts_countstr_noopt.rxbin
[ 77%] Built target testRexxClassicBifCentre_noopt_artifact
[ 77%] Built target testQfind
[ 77%] Generating testTokenise_opt.rxbin
[ 77%] Built target ts_countstr_opt_artifact
[ 77%] Generating testTokenise_noopt.rxbin
[ 77%] Built target ts_countstr_noopt_artifact
[ 77%] Generating testRexxClassicBifChangestr_opt.rxbin
[ 77%] Built target testTokenise_noopt_artifact
[ 77%] Generating testRexxClassicBifChangestr_noopt.rxbin
[ 77%] Built target testTokenise_opt_artifact
[ 77%] Built target testRexxClassicBifCentre
[ 77%] Built target ts_countstr
[ 78%] Generating ts_d2c_opt.rxbin
[ 78%] Built target testRexxClassicBifChangestr_opt_artifact
[ 78%] Generating ts_d2c_noopt.rxbin
[ 78%] Built target testRexxClassicBifChangestr_noopt_artifact
[ 78%] Built target testTokenise
[ 78%] Generating testJSON_opt.rxbin
[ 78%] Built target ts_d2c_noopt_artifact
[ 78%] Generating testJSON_noopt.rxbin
[ 78%] Built target ts_d2c_opt_artifact
[ 79%] Generating testRexxClassicBifCompare_opt.rxbin
[ 79%] Built target testJSON_opt_artifact
[ 79%] Generating testRexxClassicBifCompare_noopt.rxbin
[ 79%] Built target testJSON_noopt_artifact
[ 79%] Built target testRexxClassicBifChangestr
[ 79%] Built target ts_d2c
[ 79%] Generating ts_d2x_opt.rxbin
[ 79%] Built target testRexxClassicBifCompare_opt_artifact
[ 79%] Generating ts_d2x_noopt.rxbin
[ 79%] Built target testRexxClassicBifCompare_noopt_artifact
[ 79%] Built target testJSON
[ 80%] Generating testBag_opt.rxbin
[ 80%] Built target ts_d2x_noopt_artifact
[ 80%] Generating testBag_noopt.rxbin
[ 80%] Built target ts_d2x_opt_artifact
[ 80%] Generating testRexxClassicBifCopies_opt.rxbin
[ 80%] Built target testBag_opt_artifact
[ 80%] Generating testRexxClassicBifCopies_noopt.rxbin
[ 80%] Built target testBag_noopt_artifact
[ 80%] Built target testRexxClassicBifCompare
[ 80%] Built target ts_d2x
[ 80%] Generating ts_date_opt.rxbin
[ 80%] Built target testRexxClassicBifCopies_opt_artifact
[ 80%] Generating ts_date_noopt.rxbin
[ 80%] Built target testRexxClassicBifCopies_noopt_artifact
[ 80%] Built target testBag
[ 80%] Generating testConcurrency_opt.rxbin
[ 80%] Built target ts_date_noopt_artifact
[ 80%] Generating testConcurrency_noopt.rxbin
[ 80%] Built target testConcurrency_noopt_artifact
[ 80%] Generating testRexxClassicBifCountstr_opt.rxbin
[ 80%] Built target testRexxClassicBifCountstr_opt_artifact
[ 80%] Generating testRexxClassicBifCountstr_noopt.rxbin
[ 80%] Built target ts_date_opt_artifact
[ 80%] Built target testRexxClassicBifCopies
[ 80%] Built target ts_date
[ 80%] Generating ts_date2_opt.rxbin
[ 80%] Built target testRexxClassicBifCountstr_noopt_artifact
[ 80%] Generating ts_date2_noopt.rxbin
[ 80%] Built target ts_date2_noopt_artifact
[ 80%] Built target testConcurrency_opt_artifact
[ 80%] Generating testRexxClassicBifD2x_opt.rxbin
[ 80%] Generating testRexxClassicBifD2x_noopt.rxbin
[ 80%] Built target ts_date2_opt_artifact
[ 80%] Built target testRexxClassicBifCountstr
[ 80%] Built target ts_date2
[ 80%] Generating ts_date_core_opt.rxbin
[ 80%] Built target testRexxClassicBifD2x_noopt_artifact
[ 80%] Generating ts_date_core_noopt.rxbin
[ 80%] Built target testRexxClassicBifD2x_opt_artifact
[ 80%] Built target testConcurrency
[ 80%] Generating testRexxClassicBifD2c_opt.rxbin
[ 80%] Built target ts_date_core_opt_artifact
[ 80%] Generating testRexxClassicBifD2c_noopt.rxbin
[ 80%] Built target ts_date_core_noopt_artifact
[ 80%] Built target testRexxClassicBifD2x
[ 80%] Built target ts_date_core
[ 80%] Generating ts_delstr_opt.rxbin
[ 80%] Built target testRexxClassicBifD2c_noopt_artifact
[ 80%] Generating ts_delstr_noopt.rxbin
[ 80%] Built target testRexxClassicBifD2c_opt_artifact
[ 80%] Built target testclasses
[ 80%] Generating testRexxClassicBifDate_opt.rxbin
[ 80%] Built target ts_delstr_opt_artifact
[ 80%] Generating testRexxClassicBifDate_noopt.rxbin
[ 80%] Built target ts_delstr_noopt_artifact
[ 80%] Built target testRexxClassicBifD2c
[ 80%] Built target ts_delstr
[ 80%] Generating ts_delword_opt.rxbin
[ 80%] Built target testRexxClassicBifDate_opt_artifact
[ 80%] Generating ts_delword_noopt.rxbin
[ 80%] Built target testRexxClassicBifDate_noopt_artifact
[ 80%] Generating testRexxClassicBifDatatype_opt.rxbin
[ 80%] Built target ts_delword_opt_artifact
[ 80%] Generating testRexxClassicBifDatatype_noopt.rxbin
[ 80%] Built target ts_delword_noopt_artifact
[ 80%] Built target testRexxClassicBifDate
[ 80%] Built target ts_delword
[ 80%] Generating ts_fileio_chars_opt.rxbin
[ 80%] Built target testRexxClassicBifDatatype_noopt_artifact
[ 80%] Generating ts_fileio_chars_noopt.rxbin
[ 80%] Built target testRexxClassicBifDatatype_opt_artifact
[ 80%] Generating testRexxClassicBifDelstr_opt.rxbin
[ 80%] Built target ts_fileio_chars_opt_artifact
[ 80%] Generating testRexxClassicBifDelstr_noopt.rxbin
[ 80%] Built target ts_fileio_chars_noopt_artifact
[ 80%] Built target testRexxClassicBifDatatype
[ 80%] Built target ts_fileio_chars
[ 80%] Generating ts_format_opt.rxbin
[ 80%] Built target testRexxClassicBifDelstr_noopt_artifact
[ 80%] Generating ts_format_noopt.rxbin
[ 80%] Built target testRexxClassicBifDelstr_opt_artifact
[ 80%] Generating testRexxClassicBifDelword_opt.rxbin
[ 80%] Built target ts_format_opt_artifact
[ 80%] Generating testRexxClassicBifDelword_noopt.rxbin
[ 80%] Built target ts_format_noopt_artifact
[ 80%] Built target testRexxClassicBifDelstr
[ 80%] Built target ts_format
[ 80%] Generating ts_fnv_opt.rxbin
[ 80%] Built target testRexxClassicBifDelword_opt_artifact
[ 80%] Generating ts_fnv_noopt.rxbin
[ 80%] Built target testRexxClassicBifDelword_noopt_artifact
[ 81%] Generating testRexxClassicBifFormat_opt.rxbin
[ 81%] Built target ts_fnv_opt_artifact
[ 81%] Generating testRexxClassicBifFormat_noopt.rxbin
[ 81%] Built target ts_fnv_noopt_artifact
[ 81%] Built target testRexxClassicBifDelword
[ 81%] Built target ts_fnv
[ 81%] Generating ts_fsayfmt_opt.rxbin
[ 81%] Built target testRexxClassicBifFormat_opt_artifact
[ 81%] Generating ts_fsayfmt_noopt.rxbin
[ 81%] Built target testRexxClassicBifFormat_noopt_artifact
[ 81%] Generating testRexxClassicBifInsert_opt.rxbin
[ 81%] Built target ts_fsayfmt_opt_artifact
[ 81%] Generating testRexxClassicBifInsert_noopt.rxbin
[ 81%] Built target ts_fsayfmt_noopt_artifact
[ 81%] Built target testRexxClassicBifFormat
[ 81%] Built target ts_fsayfmt
[ 81%] Generating ts_insert_opt.rxbin
[ 81%] Built target testRexxClassicBifInsert_noopt_artifact
[ 81%] Generating ts_insert_noopt.rxbin
[ 81%] Built target testRexxClassicBifInsert_opt_artifact
[ 81%] Generating testRexxClassicBifLastpos_opt.rxbin
[ 81%] Built target ts_insert_opt_artifact
[ 81%] Generating testRexxClassicBifLastpos_noopt.rxbin
[ 81%] Built target ts_insert_noopt_artifact
[ 81%] Built target testRexxClassicBifInsert
[ 81%] Built target ts_insert
[ 81%] Generating ts_left_opt.rxbin
[ 81%] Built target testRexxClassicBifLastpos_opt_artifact
[ 81%] Generating ts_left_noopt.rxbin
[ 81%] Built target testRexxClassicBifLastpos_noopt_artifact
[ 81%] Generating testRexxClassicBifLeft_opt.rxbin
[ 81%] Built target ts_left_opt_artifact
[ 81%] Generating testRexxClassicBifLeft_noopt.rxbin
[ 81%] Built target ts_left_noopt_artifact
[ 81%] Built target testRexxClassicBifLastpos
[ 81%] Built target ts_left
[ 81%] Generating ts_length_opt.rxbin
[ 81%] Built target testRexxClassicBifLeft_opt_artifact
[ 81%] Generating ts_length_noopt.rxbin
[ 81%] Built target testRexxClassicBifLeft_noopt_artifact
[ 81%] Generating testRexxClassicBifLength_opt.rxbin
[ 81%] Built target ts_length_opt_artifact
[ 81%] Generating testRexxClassicBifLength_noopt.rxbin
[ 81%] Built target ts_length_noopt_artifact
[ 81%] Built target testRexxClassicBifLeft
[ 81%] Built target ts_length
[ 81%] Generating ts_lower_opt.rxbin
[ 81%] Built target testRexxClassicBifLength_opt_artifact
[ 81%] Generating ts_lower_noopt.rxbin
[ 81%] Built target testRexxClassicBifLength_noopt_artifact
[ 81%] Generating testRexxClassicBifMax_opt.rxbin
[ 81%] Built target ts_lower_opt_artifact
[ 81%] Generating testRexxClassicBifMax_noopt.rxbin
[ 81%] Built target ts_lower_noopt_artifact
[ 81%] Built target testRexxClassicBifLength
[ 81%] Built target ts_lower
[ 81%] Generating ts_min_max_opt.rxbin
[ 81%] Built target testRexxClassicBifMax_opt_artifact
[ 81%] Generating ts_min_max_noopt.rxbin
[ 81%] Built target testRexxClassicBifMax_noopt_artifact
[ 81%] Generating testRexxClassicBifMin_opt.rxbin
[ 81%] Built target ts_min_max_opt_artifact
[ 81%] Generating testRexxClassicBifMin_noopt.rxbin
[ 81%] Built target ts_min_max_noopt_artifact
[ 81%] Built target testRexxClassicBifMax
[ 81%] Built target ts_min_max
[ 81%] Generating ts_overlay_opt.rxbin
[ 81%] Built target testRexxClassicBifMin_opt_artifact
[ 81%] Generating ts_overlay_noopt.rxbin
[ 81%] Built target testRexxClassicBifMin_noopt_artifact
[ 81%] Generating testRexxClassicBifNumeric_opt.rxbin
[ 81%] Built target ts_overlay_opt_artifact
[ 81%] Generating testRexxClassicBifNumeric_noopt.rxbin
[ 81%] Built target ts_overlay_noopt_artifact
[ 81%] Built target testRexxClassicBifMin
[ 81%] Built target ts_overlay
[ 81%] Generating ts_pos_opt.rxbin
[ 81%] Built target testRexxClassicBifNumeric_opt_artifact
[ 81%] Generating ts_pos_noopt.rxbin
[ 81%] Built target testRexxClassicBifNumeric_noopt_artifact
[ 81%] Generating testRexxClassicBifOverlay_opt.rxbin
[ 81%] Built target ts_pos_noopt_artifact
[ 81%] Generating testRexxClassicBifOverlay_noopt.rxbin
[ 81%] Built target ts_pos_opt_artifact
[ 81%] Built target testRexxClassicBifNumeric
[ 81%] Built target ts_pos
[ 81%] Generating ts_qpos_opt.rxbin
[ 81%] Built target testRexxClassicBifOverlay_opt_artifact
[ 81%] Generating ts_qpos_noopt.rxbin
[ 81%] Built target testRexxClassicBifOverlay_noopt_artifact
[ 82%] Generating testRexxClassicBifPos_opt.rxbin
[ 82%] Built target ts_qpos_opt_artifact
[ 82%] Generating testRexxClassicBifPos_noopt.rxbin
[ 82%] Built target ts_qpos_noopt_artifact
[ 82%] Built target testRexxClassicBifOverlay
[ 82%] Built target ts_qpos
[ 82%] Generating ts_qlibrary_opt.rxbin
[ 82%] Built target testRexxClassicBifPos_opt_artifact
[ 82%] Generating ts_qlibrary_noopt.rxbin
[ 82%] Built target testRexxClassicBifPos_noopt_artifact
[ 82%] Generating testRexxClassicBifRandom_opt.rxbin
[ 82%] Built target ts_qlibrary_noopt_artifact
[ 82%] Generating testRexxClassicBifRandom_noopt.rxbin
[ 82%] Built target ts_qlibrary_opt_artifact
[ 82%] Built target testRexxClassicBifPos
[ 82%] Built target ts_qlibrary
[ 82%] Generating ts_random_opt.rxbin
[ 82%] Built target testRexxClassicBifRandom_opt_artifact
[ 83%] Generating ts_random_noopt.rxbin
[ 83%] Built target testRexxClassicBifRandom_noopt_artifact
[ 83%] Generating testRexxClassicBifReverse_opt.rxbin
[ 83%] Built target ts_random_opt_artifact
[ 83%] Generating testRexxClassicBifReverse_noopt.rxbin
[ 83%] Built target ts_random_noopt_artifact
[ 83%] Built target testRexxClassicBifRandom
[ 83%] Built target ts_random
[ 83%] Generating ts_reverse_opt.rxbin
[ 83%] Built target testRexxClassicBifReverse_opt_artifact
[ 83%] Generating ts_reverse_noopt.rxbin
[ 83%] Built target testRexxClassicBifReverse_noopt_artifact
[ 83%] Generating testRexxClassicBifRight_opt.rxbin
[ 83%] Built target ts_reverse_opt_artifact
[ 83%] Generating testRexxClassicBifRight_noopt.rxbin
[ 83%] Built target ts_reverse_noopt_artifact
[ 83%] Built target testRexxClassicBifReverse
[ 83%] Built target ts_reverse
[ 83%] Generating ts_regex_opt.rxbin
[ 83%] Built target testRexxClassicBifRight_opt_artifact
[ 83%] Generating ts_regex_noopt.rxbin
[ 83%] Built target testRexxClassicBifRight_noopt_artifact
[ 83%] Generating testRexxClassicBifSign_opt.rxbin
[ 83%] Built target ts_regex_noopt_artifact
[ 83%] Generating testRexxClassicBifSign_noopt.rxbin
[ 83%] Built target testRexxClassicBifSign_opt_artifact
[ 83%] Built target testRexxClassicBifRight
[ 83%] Built target testRexxClassicBifSign_noopt_artifact
[ 83%] Generating testRexxClassicBifSpace_noopt.rxbin
[ 83%] Generating testRexxClassicBifSpace_opt.rxbin
[ 83%] Built target testRexxClassicBifSpace_noopt_artifact
[ 83%] Built target testRexxClassicBifSign
[ 83%] Built target testRexxClassicBifSpace_opt_artifact
[ 83%] Generating testRexxClassicBifStrip_opt.rxbin
[ 83%] Generating testRexxClassicBifStrip_noopt.rxbin
[ 83%] Built target ts_regex_opt_artifact
[ 83%] Built target testRexxClassicBifSpace
[ 83%] Built target ts_regex
[ 83%] Generating ts_right_opt.rxbin
[ 83%] Built target testRexxClassicBifStrip_noopt_artifact
[ 83%] Generating ts_right_noopt.rxbin
[ 83%] Built target testRexxClassicBifStrip_opt_artifact
[ 83%] Generating testRexxClassicBifSubstr_opt.rxbin
[ 83%] Built target ts_right_opt_artifact
[ 83%] Generating testRexxClassicBifSubstr_noopt.rxbin
[ 83%] Built target ts_right_noopt_artifact
[ 83%] Built target testRexxClassicBifStrip
[ 83%] Built target ts_right
[ 83%] Generating ts_sign_opt.rxbin
[ 83%] Built target testRexxClassicBifSubstr_opt_artifact
[ 83%] Generating ts_sign_noopt.rxbin
[ 83%] Built target testRexxClassicBifSubstr_noopt_artifact
[ 83%] Generating testRexxClassicBifSubword_opt.rxbin
[ 83%] Built target ts_sign_opt_artifact
[ 83%] Generating testRexxClassicBifSubword_noopt.rxbin
[ 83%] Built target ts_sign_noopt_artifact
[ 83%] Built target testRexxClassicBifSubstr
[ 83%] Built target ts_sign
[ 83%] Generating ts_space_opt.rxbin
[ 83%] Built target testRexxClassicBifSubword_opt_artifact
[ 83%] Generating ts_space_noopt.rxbin
[ 83%] Built target testRexxClassicBifSubword_noopt_artifact
[ 84%] Generating testRexxClassicBifSymbol_opt.rxbin
[ 84%] Built target ts_space_opt_artifact
[ 84%] Generating testRexxClassicBifSymbol_noopt.rxbin
[ 84%] Built target ts_space_noopt_artifact
[ 84%] Built target testRexxClassicBifSubword
[ 84%] Built target ts_space
[ 84%] Generating ts_strip_opt.rxbin
[ 84%] Built target testRexxClassicBifSymbol_opt_artifact
[ 84%] Generating ts_strip_noopt.rxbin
[ 84%] Built target testRexxClassicBifSymbol_noopt_artifact
[ 84%] Generating testRexxClassicBifTime_opt.rxbin
[ 84%] Built target ts_strip_opt_artifact
[ 84%] Generating testRexxClassicBifTime_noopt.rxbin
[ 84%] Built target ts_strip_noopt_artifact
[ 84%] Built target testRexxClassicBifSymbol
[ 84%] Built target ts_strip
[ 84%] Generating ts_symbol_opt.rxbin
[ 84%] Built target testRexxClassicBifTime_noopt_artifact
[ 85%] Generating ts_symbol_noopt.rxbin
[ 85%] Built target testRexxClassicBifTime_opt_artifact
[ 85%] Generating testRexxClassicBifTrace_opt.rxbin
[ 85%] Built target ts_symbol_opt_artifact
[ 85%] Generating testRexxClassicBifTrace_noopt.rxbin
[ 85%] Built target ts_symbol_noopt_artifact
[ 85%] Built target testRexxClassicBifTime
[ 85%] Built target ts_symbol
[ 85%] Generating ts_test_opt.rxbin
[ 85%] Built target testRexxClassicBifTrace_noopt_artifact
[ 85%] Generating ts_test_noopt.rxbin
[ 85%] Built target testRexxClassicBifTrace_opt_artifact
[ 85%] Generating testRexxClassicBifTranslate_opt.rxbin
[ 85%] Built target ts_test_opt_artifact
[ 85%] Generating testRexxClassicBifTranslate_noopt.rxbin
[ 85%] Built target ts_test_noopt_artifact
[ 85%] Built target testRexxClassicBifTrace
[ 85%] Built target ts_test
[ 85%] Generating ts_time_opt.rxbin
[ 85%] Built target testRexxClassicBifTranslate_opt_artifact
[ 85%] Generating ts_time_noopt.rxbin
[ 85%] Built target testRexxClassicBifTranslate_noopt_artifact
[ 85%] Generating testRexxClassicBifTrunc_opt.rxbin
[ 85%] Built target ts_time_noopt_artifact
[ 85%] Generating testRexxClassicBifTrunc_noopt.rxbin
[ 85%] Built target testRexxClassicBifTrunc_opt_artifact
[ 85%] Built target testRexxClassicBifTranslate
[ 85%] Built target testRexxClassicBifTrunc_noopt_artifact
[ 85%] Generating testRexxClassicBifValue_opt.rxbin
[ 85%] Generating testRexxClassicBifValue_noopt.rxbin
[ 85%] Built target ts_time_opt_artifact
[ 85%] Built target testRexxClassicBifTrunc
[ 85%] Built target ts_time
[ 85%] Generating ts_trace_opt.rxbin
[ 85%] Built target testRexxClassicBifValue_noopt_artifact
[ 85%] Generating ts_trace_noopt.rxbin
[ 85%] Built target testRexxClassicBifValue_opt_artifact
[ 85%] Generating testRexxClassicBifVerify_opt.rxbin
[ 85%] Built target ts_trace_noopt_artifact
[ 85%] Generating testRexxClassicBifVerify_noopt.rxbin
[ 85%] Built target testRexxClassicBifVerify_noopt_artifact
[ 85%] Built target testRexxClassicBifValue
[ 85%] Built target testRexxClassicBifVerify_opt_artifact
[ 85%] Generating testRexxClassicBifWord_opt.rxbin
[ 85%] Generating testRexxClassicBifWord_noopt.rxbin
[ 85%] Built target testRexxClassicBifWord_noopt_artifact
[ 85%] Built target testRexxClassicBifVerify
[ 85%] Built target testRexxClassicBifWord_opt_artifact
[ 85%] Generating testRexxClassicBifWordindex_noopt.rxbin
[ 85%] Generating testRexxClassicBifWordindex_opt.rxbin
[ 85%] Built target testRexxClassicBifWordindex_noopt_artifact
[ 85%] Built target testRexxClassicBifWord
[ 85%] Built target testRexxClassicBifWordindex_opt_artifact
[ 85%] Generating testRexxClassicBifWordlength_noopt.rxbin
[ 86%] Generating testRexxClassicBifWordlength_opt.rxbin
[ 86%] Built target testRexxClassicBifWordlength_noopt_artifact
[ 86%] Built target testRexxClassicBifWordindex
[ 86%] Built target testRexxClassicBifWordlength_opt_artifact
[ 86%] Generating testRexxClassicBifWordpos_opt.rxbin
[ 86%] Generating testRexxClassicBifWordpos_noopt.rxbin
[ 86%] Built target testRexxClassicBifWordpos_noopt_artifact
[ 86%] Built target testRexxClassicBifWordlength
[ 86%] Built target testRexxClassicBifWordpos_opt_artifact
[ 86%] Generating testRexxClassicBifWords_noopt.rxbin
[ 86%] Generating testRexxClassicBifWords_opt.rxbin
[ 86%] Built target testRexxClassicBifWords_noopt_artifact
[ 86%] Built target testRexxClassicBifWordpos
[ 86%] Built target testRexxClassicBifWords_opt_artifact
[ 86%] Generating testRexxClassicBifX2b_opt.rxbin
[ 86%] Generating testRexxClassicBifX2b_noopt.rxbin
[ 86%] Built target testRexxClassicBifX2b_noopt_artifact
[ 86%] Built target testRexxClassicBifWords
[ 86%] Built target testRexxClassicBifX2b_opt_artifact
[ 86%] Generating testRexxClassicBifX2c_opt.rxbin
[ 86%] Generating testRexxClassicBifX2c_noopt.rxbin
[ 86%] Built target testRexxClassicBifX2c_noopt_artifact
[ 86%] Built target testRexxClassicBifX2b
[ 86%] Built target testRexxClassicBifX2c_opt_artifact
[ 86%] Generating testRexxClassicBifX2d_opt.rxbin
[ 86%] Generating testRexxClassicBifX2d_noopt.rxbin
[ 86%] Built target testRexxClassicBifX2d_noopt_artifact
[ 86%] Built target testRexxClassicBifX2c
[ 86%] Built target testRexxClassicBifX2d_opt_artifact
[ 86%] Generating testRexxClassicBifXrange_opt.rxbin
[ 86%] Generating testRexxClassicBifXrange_noopt.rxbin
[ 86%] Built target testRexxClassicBifXrange_noopt_artifact
[ 86%] Built target testRexxClassicBifX2d
[ 86%] Built target testRexxClassicBifXrange_opt_artifact
[ 86%] Built target testRexxClassicBifXrange
[ 86%] Built target testrxfnsc
[ 86%] Built target ts_trace_opt_artifact
[ 86%] Generating ts_translate_opt.rxbin
[ 86%] Generating ts_translate_noopt.rxbin
[ 86%] Built target ts_trace
[ 86%] Built target ts_translate_noopt_artifact
[ 86%] Built target ts_translate_opt_artifact
[ 86%] Generating ts_trunc_opt.rxbin
[ 86%] Generating ts_trunc_noopt.rxbin
[ 86%] Built target ts_translate
[ 86%] Built target ts_trunc_noopt_artifact
[ 86%] Built target ts_trunc_opt_artifact
[ 86%] Generating ts_upper_opt.rxbin
[ 87%] Generating ts_upper_noopt.rxbin
[ 87%] Built target ts_trunc
[ 87%] Built target ts_upper_noopt_artifact
[ 87%] Built target ts_upper_opt_artifact
[ 87%] Generating ts_upper_lower_opt.rxbin
[ 87%] Built target ts_upper
[ 87%] Generating ts_upper_lower_noopt.rxbin
[ 87%] Built target ts_upper_lower_noopt_artifact
[ 87%] Built target ts_upper_lower_opt_artifact
[ 87%] Generating ts_version_noopt.rxbin
[ 87%] Generating ts_version_opt.rxbin
[ 87%] Built target ts_upper_lower
[ 87%] Built target ts_version_noopt_artifact
[ 87%] Built target ts_version_opt_artifact
[ 87%] Generating ts_sourceinfo_noopt.rxbin
[ 87%] Generating ts_sourceinfo_opt.rxbin
[ 87%] Built target ts_version
[ 87%] Built target ts_sourceinfo_noopt_artifact
[ 87%] Built target ts_sourceinfo_opt_artifact
[ 87%] Generating ts_value_opt.rxbin
[ 87%] Built target ts_sourceinfo
[ 87%] Generating ts_value_noopt.rxbin
[ 87%] Built target ts_value_noopt_artifact
[ 87%] Built target ts_value_opt_artifact
[ 87%] Generating ts_verify_noopt.rxbin
[ 87%] Generating ts_verify_opt.rxbin
[ 87%] Built target ts_value
[ 87%] Built target ts_verify_noopt_artifact
[ 87%] Built target ts_verify_opt_artifact
[ 87%] Generating ts_wordlength_opt.rxbin
[ 87%] Generating ts_wordlength_noopt.rxbin
[ 87%] Built target ts_verify
[ 87%] Built target ts_wordlength_noopt_artifact
[ 87%] Built target ts_wordlength_opt_artifact
[ 87%] Generating ts_wordpos_opt.rxbin
[ 87%] Generating ts_wordpos_noopt.rxbin
[ 87%] Built target ts_wordlength
[ 87%] Built target ts_wordpos_noopt_artifact
[ 87%] Built target ts_wordpos_opt_artifact
[ 87%] Generating ts_wrdix_noopt.rxbin
[ 87%] Generating ts_wrdix_opt.rxbin
[ 87%] Built target ts_wordpos
[ 87%] Built target ts_wrdix_noopt_artifact
[ 87%] Built target ts_wrdix_opt_artifact
[ 87%] Generating ts_x2b_opt.rxbin
[ 87%] Generating ts_x2b_noopt.rxbin
[ 87%] Built target ts_wrdix
[ 87%] Built target ts_x2b_noopt_artifact
[ 87%] Built target ts_x2b_opt_artifact
[ 88%] Generating ts_x2c_opt.rxbin
[ 88%] Generating ts_x2c_noopt.rxbin
[ 88%] Built target ts_x2b
[ 88%] Built target ts_x2c_noopt_artifact
[ 88%] Built target ts_x2c_opt_artifact
[ 88%] Generating ts_x2d_noopt.rxbin
[ 88%] Generating ts_x2d_opt.rxbin
[ 88%] Built target ts_x2c
[ 88%] Built target ts_x2d_noopt_artifact
[ 88%] Built target ts_x2d_opt_artifact
[ 88%] Generating tscopies_opt.rxbin
[ 88%] Generating tscopies_noopt.rxbin
[ 88%] Built target ts_x2d
[ 88%] Built target tscopies_noopt_artifact
[ 88%] Built target tscopies_opt_artifact
[ 88%] Generating tslastpos_opt.rxbin
[ 88%] Generating tslastpos_noopt.rxbin
[ 88%] Built target tscopies
[ 88%] Built target tslastpos_noopt_artifact
[ 88%] Built target tslastpos_opt_artifact
[ 88%] Generating tsubstr_noopt.rxbin
[ 88%] Generating tsubstr_opt.rxbin
[ 88%] Built target tslastpos
[ 88%] Built target tsubstr_noopt_artifact
[ 88%] Built target tsubstr_opt_artifact
[ 88%] Generating tsword_opt.rxbin
[ 88%] Generating tsword_noopt.rxbin
[ 88%] Built target tsubstr
[ 88%] Built target tsword_noopt_artifact
[ 88%] Built target tsword_opt_artifact
[ 88%] Generating ts_words_opt.rxbin
[ 88%] Built target tsword
[ 88%] Generating ts_words_noopt.rxbin
[ 88%] cREXX compile and assemble RexxScript runtime RexxScriptRuntime ...
[ 88%] Built target ts_words_noopt_artifact
[ 88%] Built target ts_words_opt_artifact
[ 88%] Generating ts_reradix_noopt.rxbin
[ 88%] Generating ts_reradix_opt.rxbin
[ 88%] Built target ts_words
[ 88%] Built target ts_reradix_noopt_artifact
[ 88%] Built target ts_reradix_opt_artifact
[ 88%] Generating ts_sequence_opt.rxbin
[ 88%] Generating ts_sequence_noopt.rxbin
[ 88%] Built target ts_reradix
[ 88%] Built target ts_sequence_noopt_artifact
[ 88%] cREXX compile and assemble RexxScript runtime RexxScriptEvaluateCompat ...
[ 88%] Built target ts_sequence_opt_artifact
[ 88%] Generating ts_find_noopt.rxbin
[ 89%] Generating ts_find_opt.rxbin
[ 89%] Built target ts_sequence
[ 89%] Built target ts_find_noopt_artifact
[ 89%] Built target ts_find_opt_artifact
[ 89%] Built target ts_find
[ 89%] Generating ts_index_noopt.rxbin
[ 90%] Generating ts_index_opt.rxbin
[ 90%] cREXX Linked RexxScript Runtime Library Image ...
[ 90%] Built target ts_index_noopt_artifact
[ 90%] Built target ts_index_opt_artifact
[ 90%] Generating ts_parse_opt.rxbin
[ 90%] Generating ts_parse_noopt.rxbin
[ 90%] Built target ts_index
[ 90%] Built target rexxscript
[ 90%] cREXX compile, assemble, link and package crexx ...
[ 90%] Compiling test_rexxscript.crexx with exit (noopt)
[ 90%] Built target ts_parse_noopt_artifact
[ 90%] Compiling test_rexxscript_direct.crexx with exit (noopt)
[ 90%] Built target ts_parse_opt_artifact
[ 90%] rxpp compile, assemble, link and package rxpp ...
[ 90%] Compiling test_rexxscript.crexx with exit (opt)
[ 90%] Compiling test_rexxscript_direct.crexx with exit (opt)
[ 90%] Built target test_rexxscript_bin
[ 90%] Built target ts_parse
[ 90%] Generating ts_datatype_opt.rxbin
[ 90%] Built target test_rexxscript_direct_bin
[ 90%] Generating ts_datatype_noopt.rxbin
[ 90%] Built target ts_datatype_opt_artifact
[ 90%] cREXX compile, assemble, link and package standalone RexxScript runner ...
[ 90%] Built target ts_datatype_noopt_artifact
[ 90%] Generating testRexxScriptRuntime_opt.rxbin
[ 90%] Built target testRexxScriptRuntime_opt_artifact
[ 90%] Generating testRexxScriptRuntime_noopt.rxbin
[ 90%] Building C object rexxscript/CMakeFiles/rexxscript_cli.dir/RexxScriptRunner.c.o
[ 90%] Built target testRexxScriptRuntime_noopt_artifact
[ 90%] Built target ts_datatype
[ 90%] Generating ts_numeric_opt.rxbin
[ 91%] Linking C executable ../bin/rexxscript
[ 91%] Built target rexxscript_cli
[ 91%] Generating ts_numeric_noopt.rxbin
[ 91%] Built target ts_numeric_opt_artifact
[ 91%] Generating testRexxScriptCompat_opt.rxbin
[ 91%] Built target ts_numeric_noopt_artifact
[ 91%] Generating testRexxScriptCompat_noopt.rxbin
[ 91%] Built target testRexxScriptCompat_opt_artifact
[ 91%] Built target testRexxScriptRuntime
[ 91%] Built target ts_numeric
[ 91%] Generating ts_splice_opt.rxbin
[ 91%] Built target testRexxScriptCompat_noopt_artifact
[ 91%] Generating ts_splice_noopt.rxbin
[ 91%] Built target ts_splice_noopt_artifact
[ 91%] Built target testRexxScriptCompat
[ 91%] Built target testrexxscript
[ 91%] Built target ts_splice_opt_artifact
[ 92%] Generating ts_arraydelete_opt.rxbin
[ 92%] Built target ts_splice
[ 92%] Generating ts_arraydelete_noopt.rxbin
[ 92%] Built target ts_arraydelete_noopt_artifact
[ 92%] Built target ts_arraydelete_opt_artifact
[ 92%] Generating ts_arraydelete_focused_opt.rxbin
[ 92%] Built target ts_arraydelete
[ 92%] Generating ts_arraydelete_focused_noopt.rxbin
[ 92%] Built target ts_arraydelete_focused_noopt_artifact
[ 92%] Built target ts_arraydelete_focused_opt_artifact
[ 92%] Generating ts_arrayappend_opt.rxbin
[ 92%] Built target ts_arraydelete_focused
[ 92%] Generating ts_arrayappend_noopt.rxbin
[ 92%] Built target ts_arrayappend_noopt_artifact
[ 92%] Built target ts_arrayappend_opt_artifact
[ 92%] Generating ts_arraycontains_opt.rxbin
[ 92%] Built target ts_arrayappend
[ 92%] Generating ts_arraycontains_noopt.rxbin
[ 92%] Built target ts_arraycontains_noopt_artifact
[ 92%] Built target ts_arraycontains_opt_artifact
[ 92%] Generating ts_arraycopy_opt.rxbin
[ 92%] Built target ts_arraycontains
[ 92%] Generating ts_arraycopy_noopt.rxbin
[ 92%] Built target ts_arraycopy_noopt_artifact
[ 92%] Built target ts_arraycopy_opt_artifact
[ 92%] Generating ts_arraydrop_opt.rxbin
[ 92%] Built target ts_arraycopy
[ 92%] Generating ts_arraydrop_noopt.rxbin
[ 92%] Built target ts_arraydrop_noopt_artifact
[ 92%] Built target ts_arraydrop_opt_artifact
[ 92%] Built target ts_arraydrop
[ 92%] Generating ts_arrayfind_opt.rxbin
[ 92%] Generating ts_arrayfind_noopt.rxbin
[ 92%] Built target ts_arrayfind_noopt_artifact
[ 92%] Built target ts_arrayfind_opt_artifact
[ 92%] Built target ts_arrayfind
[ 92%] Generating ts_arrayget_opt.rxbin
[ 92%] Generating ts_arrayget_noopt.rxbin
[ 92%] Built target ts_arrayget_noopt_artifact
[ 92%] Built target ts_arrayget_opt_artifact
[ 92%] Generating ts_arrayhi_opt.rxbin
[ 92%] Built target ts_arrayget
[ 92%] Generating ts_arrayhi_noopt.rxbin
[ 92%] Built target ts_arrayhi_noopt_artifact
[ 92%] Built target ts_arrayhi_opt_artifact
[ 92%] Generating ts_arrayindexof_opt.rxbin
[ 92%] Built target ts_arrayhi
[ 92%] Generating ts_arrayindexof_noopt.rxbin
[ 92%] Built target ts_arrayindexof_noopt_artifact
[ 92%] Built target ts_arrayindexof_opt_artifact
[ 92%] Generating ts_arrayinsert_opt.rxbin
[ 92%] Built target ts_arrayindexof
[ 92%] Generating ts_arrayinsert_noopt.rxbin
[ 92%] Built target ts_arrayinsert_noopt_artifact
[ 92%] Built target ts_arrayinsert_opt_artifact
[ 92%] Generating ts_arrayjoin_opt.rxbin
[ 92%] Built target ts_arrayinsert
[ 92%] Generating ts_arrayjoin_noopt.rxbin
[ 92%] Built target ts_arrayjoin_noopt_artifact
[ 92%] Built target ts_arrayjoin_opt_artifact
[ 92%] Generating ts_arraymove_opt.rxbin
[ 92%] Built target ts_arrayjoin
[ 92%] Generating ts_arraymove_noopt.rxbin
[ 92%] Built target ts_arraymove_noopt_artifact
[ 92%] Built target ts_arraymove_opt_artifact
[ 93%] Generating ts_arraypop_opt.rxbin
[ 93%] Built target ts_arraymove
[ 93%] Generating ts_arraypop_noopt.rxbin
[ 93%] Built target ts_arraypop_noopt_artifact
[ 93%] Built target ts_arraypop_opt_artifact
[ 93%] Generating ts_arrayprepend_opt.rxbin
[ 93%] Built target ts_arraypop
[ 93%] Generating ts_arrayprepend_noopt.rxbin
[ 93%] Built target ts_arrayprepend_noopt_artifact
[ 93%] Built target ts_arrayprepend_opt_artifact
[ 93%] Generating ts_arrayreverse_opt.rxbin
[ 93%] Built target ts_arrayprepend
[ 93%] Generating ts_arrayreverse_noopt.rxbin
[ 93%] Built target ts_arrayreverse_noopt_artifact
[ 93%] Built target ts_arrayreverse_opt_artifact
[ 93%] Generating ts_arrayset_opt.rxbin
[ 93%] Built target ts_arrayreverse
[ 93%] Generating ts_arrayset_noopt.rxbin
[ 93%] Built target ts_arrayset_noopt_artifact
[ 93%] Built target ts_arrayset_opt_artifact
[ 93%] Generating ts_arrayshift_opt.rxbin
[ 93%] Built target ts_arrayset
[ 93%] Generating ts_arrayshift_noopt.rxbin
[ 93%] Built target ts_arrayshift_noopt_artifact
[ 93%] Built target ts_arrayshift_opt_artifact
[ 93%] Generating ts_arraysort_opt.rxbin
[ 93%] Built target ts_arrayshift
[ 93%] Generating ts_arraysort_noopt.rxbin
[ 93%] Built target ts_arraysort_noopt_artifact
[ 93%] Built target ts_arraysort_opt_artifact
[ 93%] Generating ts_b2d_opt.rxbin
[ 93%] Built target ts_arraysort
[ 93%] Generating ts_b2d_noopt.rxbin
[ 93%] Built target ts_b2d_noopt_artifact
[ 93%] Built target ts_b2d_opt_artifact
[ 93%] Generating ts_b2x_opt.rxbin
[ 93%] Built target ts_b2d
[ 93%] Generating ts_b2x_noopt.rxbin
[ 93%] Built target ts_b2x_noopt_artifact
[ 93%] Built target ts_b2x_opt_artifact
[ 93%] Generating ts_c2d_opt.rxbin
[ 93%] Built target ts_b2x
[ 93%] Generating ts_c2d_noopt.rxbin
[ 93%] Built target ts_c2d_noopt_artifact
[ 93%] Built target ts_c2d_opt_artifact
[ 93%] Generating ts_centre_opt.rxbin
[ 93%] Built target ts_c2d
[ 93%] Generating ts_centre_noopt.rxbin
[ 93%] Built target ts_centre_noopt_artifact
[ 93%] Built target ts_centre_opt_artifact
[ 93%] Generating ts_d2b_opt.rxbin
[ 93%] Built target ts_centre
[ 93%] Generating ts_d2b_noopt.rxbin
[ 93%] Built target ts_d2b_noopt_artifact
[ 93%] Built target ts_d2b_opt_artifact
[ 93%] Generating ts_ftrunc_opt.rxbin
[ 93%] Built target ts_d2b
[ 93%] Generating ts_ftrunc_noopt.rxbin
[ 93%] Built target ts_ftrunc_noopt_artifact
[ 93%] Built target ts_ftrunc_opt_artifact
[ 93%] Generating ts_getenv_opt.rxbin
[ 93%] Built target ts_ftrunc
[ 93%] Generating ts_getenv_noopt.rxbin
[ 93%] Built target ts_getenv_noopt_artifact
[ 93%] Built target ts_getenv_opt_artifact
[ 93%] Generating ts_itrunc_opt.rxbin
[ 93%] Built target ts_getenv
[ 93%] Generating ts_itrunc_noopt.rxbin
[ 93%] Built target ts_itrunc_noopt_artifact
[ 93%] Built target ts_itrunc_opt_artifact
[ 93%] Generating ts_loadmodule_opt.rxbin
[ 93%] Built target ts_itrunc
[ 93%] Generating ts_loadmodule_noopt.rxbin
[ 93%] Built target ts_loadmodule_noopt_artifact
[ 93%] Built target ts_loadmodule_opt_artifact
[ 93%] Generating ts_max_opt.rxbin
[ 93%] Built target ts_loadmodule
[ 94%] Generating ts_max_noopt.rxbin
[ 94%] Built target ts_max_noopt_artifact
[ 94%] Built target ts_max_opt_artifact
[ 94%] Generating ts_min_opt.rxbin
[ 94%] Built target ts_max
[ 94%] Generating ts_min_noopt.rxbin
[ 94%] Built target ts_min_noopt_artifact
[ 94%] Built target ts_min_opt_artifact
[ 94%] Generating ts_objectarrayappend_opt.rxbin
[ 94%] Built target ts_min
[ 94%] Generating ts_objectarrayappend_noopt.rxbin
[ 94%] Built target ts_objectarrayappend_noopt_artifact
[ 94%] Built target ts_objectarrayappend_opt_artifact
[ 94%] Generating ts_objectarraydelete_opt.rxbin
[ 94%] Built target ts_objectarrayappend
[ 94%] Generating ts_objectarraydelete_noopt.rxbin
[ 94%] Built target ts_objectarraydelete_noopt_artifact
[ 94%] Built target ts_objectarraydelete_opt_artifact
[ 94%] Generating ts_objectarraydrop_opt.rxbin
[ 94%] Built target ts_objectarraydelete
[ 94%] Generating ts_objectarraydrop_noopt.rxbin
[ 94%] Built target ts_objectarraydrop_noopt_artifact
[ 94%] Built target ts_objectarraydrop_opt_artifact
[ 94%] Generating ts_objectarrayinsert_opt.rxbin
[ 94%] Built target ts_objectarraydrop
[ 94%] Generating ts_objectarrayinsert_noopt.rxbin
[ 94%] Built target ts_objectarrayinsert_noopt_artifact
[ 94%] Built target ts_objectarrayinsert_opt_artifact
[ 94%] Generating ts_objectarraymove_opt.rxbin
[ 94%] Built target ts_objectarrayinsert
[ 95%] Generating ts_objectarraymove_noopt.rxbin
[ 95%] Built target ts_objectarraymove_noopt_artifact
[ 95%] Built target ts_objectarraymove_opt_artifact
[ 95%] Generating ts_objectarrayprepend_opt.rxbin
[ 95%] Built target ts_objectarraymove
[ 95%] Generating ts_objectarrayprepend_noopt.rxbin
[ 95%] Built target ts_objectarrayprepend_noopt_artifact
[ 95%] Built target ts_objectarrayprepend_opt_artifact
[ 95%] Generating ts_qwordlength_opt.rxbin
[ 95%] Built target ts_objectarrayprepend
[ 95%] Generating ts_qwordlength_noopt.rxbin
[ 95%] Built target ts_qwordlength_noopt_artifact
[ 95%] Built target ts_qwordlength_opt_artifact
[ 95%] Generating ts_raise_opt.rxbin
[ 95%] Built target ts_qwordlength
[ 95%] Generating ts_raise_noopt.rxbin
[ 95%] Built target ts_raise_noopt_artifact
[ 95%] Built target ts_raise_opt_artifact
[ 95%] Generating ts_rxsystem_opt.rxbin
[ 95%] Built target ts_raise
[ 95%] Generating ts_rxsystem_noopt.rxbin
[ 95%] Built target ts_rxsystem_noopt_artifact
[ 95%] Built target ts_rxsystem_opt_artifact
[ 95%] Generating ts_rxsystem_exit_opt.rxbin
[ 95%] Built target ts_rxsystem
[ 95%] Generating ts_rxsystem_exit_noopt.rxbin
[ 95%] Built target ts_rxsystem_exit_opt_artifact
[ 95%] Built target ts_rxsystem_exit_noopt_artifact
[ 95%] Generating ts_rxqueue_opt.rxbin
[ 95%] Built target ts_rxsystem_exit
[ 95%] Generating ts_rxqueue_noopt.rxbin
[ 95%] Built target ts_rxqueue_noopt_artifact
[ 95%] Built target ts_rxqueue_opt_artifact
[ 95%] Built target ts_rxqueue
[ 95%] Generating ts_signal_opt.rxbin
[ 95%] Generating ts_signal_noopt.rxbin
[ 95%] Built target ts_signal_noopt_artifact
[ 95%] Built target ts_signal_opt_artifact
[ 95%] Generating ts_substro_opt.rxbin
[ 95%] Built target ts_signal
[ 95%] Generating ts_substro_noopt.rxbin
[ 95%] Built target ts_substro_noopt_artifact
[ 95%] Built target ts_substro_opt_artifact
[ 95%] Generating ts_subword_opt.rxbin
[ 95%] Built target ts_substro
[ 95%] Generating ts_subword_noopt.rxbin
[ 95%] Built target ts_subword_noopt_artifact
[ 95%] Built target ts_subword_opt_artifact
[ 95%] Generating ts_xrange_opt.rxbin
[ 95%] Built target ts_subword
[ 95%] Generating ts_xrange_noopt.rxbin
[ 95%] Built target ts_xrange_noopt_artifact
[ 95%] Built target ts_xrange_opt_artifact
[ 95%] Generating ts_objectarray_opt.rxbin
[ 95%] Built target ts_xrange
[ 95%] Generating ts_objectarray_noopt.rxbin
[ 95%] Built target ts_objectarray_noopt_artifact
[ 95%] Built target ts_objectarray_opt_artifact
[ 95%] Generating ts_stem_opt.rxbin
[ 95%] Built target ts_objectarray
[ 95%] Generating ts_stem_noopt.rxbin
[ 95%] Built target ts_stem_noopt_artifact
[ 95%] Built target ts_stem_opt_artifact
[ 95%] Generating ts_rxjson_opt.rxbin
[ 95%] Built target ts_stem
[ 96%] Generating ts_rxjson_noopt.rxbin
[ 96%] Built target ts_rxjson_noopt_artifact
[ 96%] Building C object crexx_driver/CMakeFiles/crexx.dir/crexx.c.o
[ 96%] Built target ts_rxjson_opt_artifact
[ 96%] Linking C executable ../bin/crexx
[ 96%] Generating ts_rxjson_document_opt.rxbin
[ 96%] Built target ts_rxjson
[ 96%] Generating ts_rxjson_document_noopt.rxbin
[ 96%] Built target crexx
[ 96%] Compiling dynamic interface contract ...
[ 96%] Built target ts_rxjson_document_noopt_artifact
[ 96%] Compiling dynamic interface provider ...
[ 97%] Compiling dynamic interface host ...
[ 97%] Built target ts_rxjson_document_opt_artifact
[ 97%] Built target ts_rxjson_document
[ 97%] Generating ts_rxjson_numeric_projection_opt.rxbin
[ 97%] Generating ts_rxjson_numeric_projection_noopt.rxbin
[ 97%] Built target dynamic_interface_fixture_bin
[ 97%] Built target ts_rxjson_numeric_projection_noopt_artifact
[ 97%] Built target ts_rxjson_numeric_projection_opt_artifact
[ 97%] Generating ts_rxjson_noisy_contract_opt.rxbin
[ 97%] Generating ts_rxjson_noisy_contract_noopt.rxbin
[ 97%] Built target ts_rxjson_numeric_projection
[ 97%] Built target ts_rxjson_noisy_contract_noopt_artifact
[ 97%] Building C object preprocessor/CMakeFiles/rxpp.dir/rxpp.c.o
[ 97%] Linking C executable ../bin/rxpp
[ 97%] Built target rxpp
[ 97%] Generating treemap_test.crexx
[ 97%] Generating treemap_test.crexx
[ 97%] Linking C executable ../bin/rxpp-sh
[ 97%] Built target rxpp_sh
[ 97%] Generating id_test.crexx
[ 97%] Generating treemap_test_opt.rxbin
[ 97%] Generating treemap_test_noopt.rxbin
[ 98%] Generating id_test_opt.rxbin
[ 98%] Built target ts_rxjson_noisy_contract_opt_artifact
[ 98%] Generating id_test_noopt.rxbin
[ 98%] Built target treemap_test_opt_artifact
[ 98%] Built target treemap_test_noopt_artifact
[ 98%] Generating recv390_test.crexx
[ 98%] Generating recv390_test.crexx
[ 98%] Built target id_test_opt_artifact
[ 98%] Generating map_test.crexx
[ 98%] Generating recv390_test_opt.rxbin
[ 98%] Generating recv390_test_noopt.rxbin
[ 98%] Generating map_test_opt.rxbin
[ 98%] Built target id_test_noopt_artifact
[ 98%] Generating map_test_noopt.rxbin
[ 98%] Built target recv390_test_noopt_artifact
[ 98%] Built target ts_rxjson_noisy_contract
[ 98%] Generating ts_rxsocket_opt.rxbin
[ 98%] Built target recv390_test_opt_artifact
[ 98%] Built target map_test_opt_artifact
[ 98%] Generating ts_rxsocket_noopt.rxbin
[ 98%] Built target rxpa_treemap_test
[ 98%] Built target rxpa_id_test
[ 98%] Built target rxpa_recv390_test
[ 98%] Built target map_test_noopt_artifact
[ 98%] Built target rxpa_map_test
[ 98%] Built target ts_rxsocket_noopt_artifact
[ 98%] Built target ts_rxsocket_opt_artifact
[ 98%] Generating ts_socket_tls_live_opt.rxbin
[ 98%] Built target ts_rxsocket
[100%] Generating ts_socket_tls_live_noopt.rxbin
[100%] Built target ts_socket_tls_live_noopt_artifact
[100%] Built target ts_socket_tls_live_opt_artifact
[100%] Built target ts_socket_tls_live
[100%] Generating ts_rxhttp_noopt.rxbin
[100%] Generating ts_rxhttp_opt.rxbin
[100%] Built target ts_rxhttp_noopt_artifact
[100%] Built target ts_rxhttp_opt_artifact
[100%] Built target ts_rxhttp
[100%] Built target testbifs
