2026-09-15T20:56:48.6096831Z Current runner version: '2.337.0'
2026-09-15T20:56:48.6122218Z ##[group]Runner Image Provisioner
2026-09-15T20:56:48.6123082Z Hosted Compute Agent
2026-09-15T20:56:48.6123682Z Version: 20260828.587
2026-09-15T20:56:48.6124326Z Commit: abac92662cab4cc7352de4f9f9d2e2419aad9c29
2026-09-15T20:56:48.6125019Z Build Date: 2026-08-28T16:44:25Z
2026-09-15T20:56:48.6125667Z Worker ID: {55461448-58c9-44d6-b347-5a12abc5b84c}
2026-09-15T20:56:48.6126351Z Azure Region: westus
2026-09-15T20:56:48.6126859Z ##[endgroup]
2026-09-15T20:56:48.6128359Z ##[group]Operating System
2026-09-15T20:56:48.6129222Z Microsoft Windows Server 2025
2026-09-15T20:56:48.6129866Z 10.0.26100
2026-09-15T20:56:48.6130608Z Datacenter
2026-09-15T20:56:48.6131209Z ##[endgroup]
2026-09-15T20:56:48.6131791Z ##[group]Runner Image
2026-09-15T20:56:48.6132364Z Image: windows-2025-vs2026
2026-09-15T20:56:48.6132926Z Version: 20260907.229.1
2026-09-15T20:56:48.6134379Z Included Software: https://github.com/actions/runner-images/blob/win25-vs2026/20260907.229/images/windows/Windows2025-VS2026-Readme.md
2026-09-15T20:56:48.6136107Z Image Release: https://github.com/actions/runner-images/releases/tag/win25-vs2026%2F20260907.229
2026-09-15T20:56:48.6137108Z ##[endgroup]
2026-09-15T20:56:48.6138179Z ##[group]GITHUB_TOKEN Permissions
2026-09-15T20:56:48.6140508Z Contents: read
2026-09-15T20:56:48.6141113Z Metadata: read
2026-09-15T20:56:48.6141769Z ##[endgroup]
2026-09-15T20:56:48.6143738Z Secret source: Actions
2026-09-15T20:56:48.6144691Z Cache mode: write
2026-09-15T20:56:48.6145494Z Prepare workflow directory
2026-09-15T20:56:48.6535372Z Prepare all required actions
2026-09-15T20:56:48.6609134Z Getting action download info
2026-09-15T20:56:49.0361413Z Download action repository 'actions/checkout@v5' (SHA:fbc6f3992d24b796d5a048ff273f7fcc4a7b6c09)
2026-09-15T20:56:49.1689901Z Download action repository 'msys2/setup-msys2@v2' (SHA:66cd2cce69caa17b53920067426061ca1de3a884)
2026-09-15T20:56:49.4265557Z Download action repository 'actions/setup-python@v6' (SHA:ece7cb06caefa5fff74198d8649806c4678c61a1)
2026-09-15T20:56:49.5701499Z Download action repository 'ilammy/msvc-dev-cmd@v1' (SHA:0b201ec74fa43914dc39ae48a89fd1d8cb592756)
2026-09-15T20:56:49.9069892Z Download action repository 'actions/upload-artifact@v7' (SHA:043fb46d1a93c77aae656e7c1c64a875d1fc6a0a)
2026-09-15T20:56:50.1666897Z Complete job name: Core windows-x64 (msvc)
2026-09-15T20:56:50.3214144Z ##[group]Run actions/checkout@v5
2026-09-15T20:56:50.3215901Z with:
2026-09-15T20:56:50.3217325Z   submodules: recursive
2026-09-15T20:56:50.3218507Z   ref: aade0fd0fe8ae97f5130383165bcf1b835145903
2026-09-15T20:56:50.3219862Z   repository: adesutherland/CREXX
2026-09-15T20:56:50.3228327Z   token: ***
2026-09-15T20:56:50.3229073Z   ssh-strict: true
2026-09-15T20:56:50.3229832Z   ssh-user: git
2026-09-15T20:56:50.3230607Z   persist-credentials: true
2026-09-15T20:56:50.3231477Z   clean: true
2026-09-15T20:56:50.3232257Z   sparse-checkout-cone-mode: true
2026-09-15T20:56:50.3233200Z   fetch-depth: 1
2026-09-15T20:56:50.3233958Z   fetch-tags: false
2026-09-15T20:56:50.3234732Z   show-progress: true
2026-09-15T20:56:50.3235514Z   lfs: false
2026-09-15T20:56:50.3236262Z   set-safe-directory: true
2026-09-15T20:56:50.3237499Z   allow-unsafe-pr-checkout: false
2026-09-15T20:56:50.3238716Z ##[endgroup]
2026-09-15T20:56:50.4799062Z Syncing repository: adesutherland/CREXX
2026-09-15T20:56:50.4801547Z ##[group]Getting Git version info
2026-09-15T20:56:50.4802757Z Working directory is 'D:\a\CREXX\CREXX'
2026-09-15T20:56:50.5709652Z [command]"C:\Program Files\Git\bin\git.exe" version
2026-09-15T20:56:50.9001193Z git version 2.55.0.windows.5
2026-09-15T20:56:50.9055604Z ##[endgroup]
2026-09-15T20:56:50.9078357Z Temporarily overriding HOME='D:\a\_temp\b77000c4-54df-4bcb-8802-192379ba33a7' before making global git config changes
2026-09-15T20:56:50.9082162Z Adding repository directory to the temporary git global config as a safe directory
2026-09-15T20:56:50.9088998Z [command]"C:\Program Files\Git\bin\git.exe" config --global --add safe.directory D:\a\CREXX\CREXX
2026-09-15T20:56:50.9721592Z Deleting the contents of 'D:\a\CREXX\CREXX'
2026-09-15T20:56:50.9727560Z ##[group]Initializing the repository
2026-09-15T20:56:50.9736158Z [command]"C:\Program Files\Git\bin\git.exe" init D:\a\CREXX\CREXX
2026-09-15T20:56:51.0497918Z Initialized empty Git repository in D:/a/CREXX/CREXX/.git/
2026-09-15T20:56:51.0542740Z [command]"C:\Program Files\Git\bin\git.exe" remote add origin https://github.com/adesutherland/CREXX
2026-09-15T20:56:51.1164959Z ##[endgroup]
2026-09-15T20:56:51.1167123Z ##[group]Disabling automatic garbage collection
2026-09-15T20:56:51.1175379Z [command]"C:\Program Files\Git\bin\git.exe" config --local gc.auto 0
2026-09-15T20:56:51.1466029Z ##[endgroup]
2026-09-15T20:56:51.1467286Z ##[group]Setting up auth
2026-09-15T20:56:51.1478067Z [command]"C:\Program Files\Git\bin\git.exe" config --local --name-only --get-regexp core\.sshCommand
2026-09-15T20:56:51.1768772Z [command]"C:\Program Files\Git\bin\git.exe" submodule foreach --recursive "sh -c \"git config --local --name-only --get-regexp 'core\.sshCommand' && git config --local --unset-all 'core.sshCommand' || :\""
2026-09-15T20:56:52.7459976Z [command]"C:\Program Files\Git\bin\git.exe" config --local --name-only --get-regexp http\.https\:\/\/github\.com\/\.extraheader
2026-09-15T20:56:52.7759471Z [command]"C:\Program Files\Git\bin\git.exe" submodule foreach --recursive "sh -c \"git config --local --name-only --get-regexp 'http\.https\:\/\/github\.com\/\.extraheader' && git config --local --unset-all 'http.https://github.com/.extraheader' || :\""
2026-09-15T20:56:53.3191506Z [command]"C:\Program Files\Git\bin\git.exe" config --local --name-only --get-regexp ^includeIf\.gitdir:
2026-09-15T20:56:53.3485320Z [command]"C:\Program Files\Git\bin\git.exe" submodule foreach --recursive "git config --local --show-origin --name-only --get-regexp remote.origin.url"
2026-09-15T20:56:53.8917465Z [command]"C:\Program Files\Git\bin\git.exe" config --local http.https://github.com/.extraheader "AUTHORIZATION: basic ***"
2026-09-15T20:56:53.9240430Z ##[endgroup]
2026-09-15T20:56:53.9253312Z ##[group]Fetching the repository
2026-09-15T20:56:53.9255072Z [command]"C:\Program Files\Git\bin\git.exe" -c protocol.version=2 fetch --no-tags --prune --no-recurse-submodules --depth=1 origin aade0fd0fe8ae97f5130383165bcf1b835145903
2026-09-15T20:57:01.2437130Z From https://github.com/adesutherland/CREXX
2026-09-15T20:57:01.2477597Z  * branch              aade0fd0fe8ae97f5130383165bcf1b835145903 -> FETCH_HEAD
2026-09-15T20:57:01.2479300Z ##[endgroup]
2026-09-15T20:57:01.2479948Z ##[group]Determining the checkout info
2026-09-15T20:57:01.2482012Z ##[endgroup]
2026-09-15T20:57:01.2493128Z [command]"C:\Program Files\Git\bin\git.exe" sparse-checkout disable
2026-09-15T20:57:01.2972863Z [command]"C:\Program Files\Git\bin\git.exe" config --local --unset-all extensions.worktreeConfig
2026-09-15T20:57:01.3280898Z ##[group]Checking out the ref
2026-09-15T20:57:01.3291727Z [command]"C:\Program Files\Git\bin\git.exe" checkout --progress --force aade0fd0fe8ae97f5130383165bcf1b835145903
2026-09-15T20:57:02.4925377Z Updating files:   9% (3556/38335)
2026-09-15T20:57:02.6479259Z Updating files:  10% (3834/38335)
2026-09-15T20:57:02.8134897Z Updating files:  11% (4217/38335)
2026-09-15T20:57:02.9039741Z Updating files:  12% (4601/38335)
2026-09-15T20:57:03.1408302Z Updating files:  13% (4984/38335)
2026-09-15T20:57:03.2305401Z Updating files:  14% (5367/38335)
2026-09-15T20:57:03.3192273Z Updating files:  15% (5751/38335)
2026-09-15T20:57:03.4336665Z Updating files:  16% (6134/38335)
2026-09-15T20:57:03.4373281Z Updating files:  17% (6517/38335)
2026-09-15T20:57:03.5676316Z Updating files:  17% (6529/38335)
2026-09-15T20:57:03.6566887Z Updating files:  18% (6901/38335)
2026-09-15T20:57:03.7843480Z Updating files:  19% (7284/38335)
2026-09-15T20:57:03.8704787Z Updating files:  20% (7667/38335)
2026-09-15T20:57:03.9618663Z Updating files:  21% (8051/38335)
2026-09-15T20:57:04.0470724Z Updating files:  22% (8434/38335)
2026-09-15T20:57:04.1240430Z Updating files:  23% (8818/38335)
2026-09-15T20:57:04.2016003Z Updating files:  24% (9201/38335)
2026-09-15T20:57:04.2737157Z Updating files:  25% (9584/38335)
2026-09-15T20:57:04.4678552Z Updating files:  26% (9968/38335)
2026-09-15T20:57:04.4809676Z Updating files:  26% (10278/38335)
2026-09-15T20:57:04.5645181Z Updating files:  27% (10351/38335)
2026-09-15T20:57:04.6489677Z Updating files:  28% (10734/38335)
2026-09-15T20:57:04.7289389Z Updating files:  29% (11118/38335)
2026-09-15T20:57:04.8385053Z Updating files:  30% (11501/38335)
2026-09-15T20:57:04.9149810Z Updating files:  31% (11884/38335)
2026-09-15T20:57:04.9816960Z Updating files:  32% (12268/38335)
2026-09-15T20:57:05.0488001Z Updating files:  33% (12651/38335)
2026-09-15T20:57:05.1160632Z Updating files:  34% (13034/38335)
2026-09-15T20:57:05.1881393Z Updating files:  35% (13418/38335)
2026-09-15T20:57:05.2685879Z Updating files:  36% (13801/38335)
2026-09-15T20:57:05.3574660Z Updating files:  37% (14184/38335)
2026-09-15T20:57:05.4418930Z Updating files:  38% (14568/38335)
2026-09-15T20:57:05.4946940Z Updating files:  38% (14877/38335)
2026-09-15T20:57:05.6032715Z Updating files:  39% (14951/38335)
2026-09-15T20:57:05.8805817Z Updating files:  40% (15334/38335)
2026-09-15T20:57:05.9749797Z Updating files:  41% (15718/38335)
2026-09-15T20:57:05.9928131Z Updating files:  42% (16101/38335)
2026-09-15T20:57:05.9930556Z warning: created file symlink 'performance/evidence/2026-07-18-nr-09-large-instruction-batch-first-release-verdict/qa-closeout/asan/20260719-205746-full/current.log' pointing to '\Users\adrian\CLionProjects\CREXX\performance\evidence\2026-07-18-nr-09-large-instruction-batch-first-release-verdict\qa-closeout\asan\20260719-205746-full\build.log';
2026-09-15T20:57:05.9932800Z set the `symlink` gitattribute to `dir` if a directory symlink is required
2026-09-15T20:57:05.9966806Z warning: created file symlink 'performance/evidence/2026-07-18-nr-09-large-instruction-batch-first-release-verdict/qa-closeout/asan/20260719-205848-full/current.log' pointing to '\Users\adrian\CLionProjects\CREXX\performance\evidence\2026-07-18-nr-09-large-instruction-batch-first-release-verdict\qa-closeout\asan\20260719-205848-full\ctest.log';
2026-09-15T20:57:05.9971132Z set the `symlink` gitattribute to `dir` if a directory symlink is required
2026-09-15T20:57:05.9977822Z warning: created file symlink 'performance/evidence/2026-07-18-nr-09-large-instruction-batch-first-release-verdict/qa-closeout/asan/20260719-212042-ctest/current.log' pointing to '\Users\adrian\CLionProjects\CREXX\performance\evidence\2026-07-18-nr-09-large-instruction-batch-first-release-verdict\qa-closeout\asan\20260719-212042-ctest\ctest.log';
2026-09-15T20:57:05.9980628Z set the `symlink` gitattribute to `dir` if a directory symlink is required
2026-09-15T20:57:05.9989066Z warning: created file symlink 'performance/evidence/2026-07-18-nr-09-large-instruction-batch-first-release-verdict/qa-closeout/asan/20260719-212239-ctest/current.log' pointing to '\Users\adrian\CLionProjects\CREXX\performance\evidence\2026-07-18-nr-09-large-instruction-batch-first-release-verdict\qa-closeout\asan\20260719-212239-ctest\ctest.log';
2026-09-15T20:57:05.9991026Z set the `symlink` gitattribute to `dir` if a directory symlink is required
2026-09-15T20:57:05.9997486Z warning: created file symlink 'performance/evidence/2026-07-18-nr-09-large-instruction-batch-first-release-verdict/qa-closeout/asan/latest' pointing to '\Users\adrian\CLionProjects\CREXX\performance\evidence\2026-07-18-nr-09-large-instruction-batch-first-release-verdict\qa-closeout\asan\20260719-212239-ctest';
2026-09-15T20:57:06.0000076Z set the `symlink` gitattribute to `dir` if a directory symlink is required
2026-09-15T20:57:06.1854025Z Updating files:  43% (16485/38335)
2026-09-15T20:57:06.2732046Z Updating files:  44% (16868/38335)
2026-09-15T20:57:06.3063828Z Updating files:  45% (17251/38335)
2026-09-15T20:57:06.3066254Z warning: created file symlink 'performance/evidence/2026-07-22-nr-15-first-release-verdict/qa-closeout/asan/20260722-215009-build/current.log' pointing to '\Users\adrian\CLionProjects\CREXX\performance\evidence\2026-07-22-nr-15-first-release-verdict\qa-closeout\asan\20260722-215009-build\build.log';
2026-09-15T20:57:06.3068255Z set the `symlink` gitattribute to `dir` if a directory symlink is required
2026-09-15T20:57:06.3077097Z warning: created file symlink 'performance/evidence/2026-07-22-nr-15-first-release-verdict/qa-closeout/asan/20260722-220435-ctest/current.log' pointing to '\Users\adrian\CLionProjects\CREXX\performance\evidence\2026-07-22-nr-15-first-release-verdict\qa-closeout\asan\20260722-220435-ctest\ctest.log';
2026-09-15T20:57:06.3078416Z set the `symlink` gitattribute to `dir` if a directory symlink is required
2026-09-15T20:57:06.3088114Z warning: created file symlink 'performance/evidence/2026-07-22-nr-15-first-release-verdict/qa-closeout/asan/20260722-220509-ctest/current.log' pointing to '\Users\adrian\CLionProjects\CREXX\performance\evidence\2026-07-22-nr-15-first-release-verdict\qa-closeout\asan\20260722-220509-ctest\ctest.log';
2026-09-15T20:57:06.3089435Z set the `symlink` gitattribute to `dir` if a directory symlink is required
2026-09-15T20:57:06.3100265Z warning: created file symlink 'performance/evidence/2026-07-22-nr-15-first-release-verdict/qa-closeout/asan/20260722-220547-build/current.log' pointing to '\Users\adrian\CLionProjects\CREXX\performance\evidence\2026-07-22-nr-15-first-release-verdict\qa-closeout\asan\20260722-220547-build\build.log';
2026-09-15T20:57:06.3102671Z set the `symlink` gitattribute to `dir` if a directory symlink is required
2026-09-15T20:57:06.3111889Z warning: created file symlink 'performance/evidence/2026-07-22-nr-15-first-release-verdict/qa-closeout/asan/20260722-220557-ctest/current.log' pointing to '\Users\adrian\CLionProjects\CREXX\performance\evidence\2026-07-22-nr-15-first-release-verdict\qa-closeout\asan\20260722-220557-ctest\ctest.log';
2026-09-15T20:57:06.3114687Z set the `symlink` gitattribute to `dir` if a directory symlink is required
2026-09-15T20:57:06.3124816Z warning: created file symlink 'performance/evidence/2026-07-22-nr-15-first-release-verdict/qa-closeout/asan/latest' pointing to '\Users\adrian\CLionProjects\CREXX\performance\evidence\2026-07-22-nr-15-first-release-verdict\qa-closeout\asan\20260722-220557-ctest';
2026-09-15T20:57:06.3126975Z set the `symlink` gitattribute to `dir` if a directory symlink is required
2026-09-15T20:57:06.4566791Z Updating files:  46% (17635/38335)
2026-09-15T20:57:06.4732722Z Updating files:  46% (17959/38335)
2026-09-15T20:57:06.5673804Z Updating files:  47% (18018/38335)
2026-09-15T20:57:06.6630523Z Updating files:  48% (18401/38335)
2026-09-15T20:57:06.7527470Z Updating files:  49% (18785/38335)
2026-09-15T20:57:06.8403598Z Updating files:  50% (19168/38335)
2026-09-15T20:57:06.9546973Z Updating files:  51% (19551/38335)
2026-09-15T20:57:07.0554330Z Updating files:  52% (19935/38335)
2026-09-15T20:57:07.2845397Z Updating files:  53% (20318/38335)
2026-09-15T20:57:07.3735344Z Updating files:  54% (20701/38335)
2026-09-15T20:57:07.4483450Z Updating files:  55% (21085/38335)
2026-09-15T20:57:07.4527846Z Updating files:  55% (21446/38335)
2026-09-15T20:57:07.5460582Z Updating files:  56% (21468/38335)
2026-09-15T20:57:07.6654820Z Updating files:  57% (21851/38335)
2026-09-15T20:57:07.7381746Z Updating files:  58% (22235/38335)
2026-09-15T20:57:07.8223249Z Updating files:  59% (22618/38335)
2026-09-15T20:57:07.9104778Z Updating files:  60% (23001/38335)
2026-09-15T20:57:07.9973452Z Updating files:  61% (23385/38335)
2026-09-15T20:57:08.0987376Z Updating files:  62% (23768/38335)
2026-09-15T20:57:08.1907957Z Updating files:  63% (24152/38335)
2026-09-15T20:57:08.2874813Z Updating files:  64% (24535/38335)
2026-09-15T20:57:08.3876602Z Updating files:  65% (24918/38335)
2026-09-15T20:57:08.6116878Z Updating files:  66% (25302/38335)
2026-09-15T20:57:08.8949269Z Updating files:  66% (25493/38335)
2026-09-15T20:57:09.0851415Z Updating files:  67% (25685/38335)
2026-09-15T20:57:09.1610652Z Updating files:  68% (26068/38335)
2026-09-15T20:57:09.2521116Z Updating files:  69% (26452/38335)
2026-09-15T20:57:09.3394041Z Updating files:  70% (26835/38335)
2026-09-15T20:57:09.4197840Z Updating files:  71% (27218/38335)
2026-09-15T20:57:09.4552073Z Updating files:  72% (27602/38335)
2026-09-15T20:57:09.5047427Z Updating files:  72% (27745/38335)
2026-09-15T20:57:09.5972876Z Updating files:  73% (27985/38335)
2026-09-15T20:57:09.7014222Z Updating files:  74% (28368/38335)
2026-09-15T20:57:09.8303005Z Updating files:  75% (28752/38335)
2026-09-15T20:57:09.9269319Z Updating files:  76% (29135/38335)
2026-09-15T20:57:10.0642528Z Updating files:  77% (29518/38335)
2026-09-15T20:57:10.1717169Z Updating files:  78% (29902/38335)
2026-09-15T20:57:10.2678567Z Updating files:  79% (30285/38335)
2026-09-15T20:57:10.3759599Z Updating files:  80% (30668/38335)
2026-09-15T20:57:10.4673771Z Updating files:  81% (31052/38335)
2026-09-15T20:57:10.5309757Z Updating files:  81% (31176/38335)
2026-09-15T20:57:10.6561332Z Updating files:  82% (31435/38335)
2026-09-15T20:57:10.7605931Z Updating files:  83% (31819/38335)
2026-09-15T20:57:10.8419043Z Updating files:  84% (32202/38335)
2026-09-15T20:57:10.9150285Z Updating files:  85% (32585/38335)
2026-09-15T20:57:11.0027124Z Updating files:  86% (32969/38335)
2026-09-15T20:57:11.1508314Z Updating files:  87% (33352/38335)
2026-09-15T20:57:11.2776031Z Updating files:  88% (33735/38335)
2026-09-15T20:57:11.4376682Z Updating files:  89% (34119/38335)
2026-09-15T20:57:11.4691063Z Updating files:  90% (34502/38335)
2026-09-15T20:57:11.5421995Z Updating files:  90% (34615/38335)
2026-09-15T20:57:11.6413792Z Updating files:  91% (34885/38335)
2026-09-15T20:57:11.7234133Z Updating files:  92% (35269/38335)
2026-09-15T20:57:11.8005813Z Updating files:  93% (35652/38335)
2026-09-15T20:57:11.8805390Z Updating files:  94% (36035/38335)
2026-09-15T20:57:11.9708257Z Updating files:  95% (36419/38335)
2026-09-15T20:57:12.0869270Z Updating files:  96% (36802/38335)
2026-09-15T20:57:12.1855570Z Updating files:  97% (37185/38335)
2026-09-15T20:57:12.2762295Z Updating files:  98% (37569/38335)
2026-09-15T20:57:12.4025035Z Updating files:  99% (37952/38335)
2026-09-15T20:57:12.4025529Z Updating files: 100% (38335/38335)
2026-09-15T20:57:12.4026296Z Updating files: 100% (38335/38335), done.
2026-09-15T20:57:12.4660849Z Note: switching to 'aade0fd0fe8ae97f5130383165bcf1b835145903'.
2026-09-15T20:57:12.4661337Z 
2026-09-15T20:57:12.4661663Z You are in 'detached HEAD' state. You can look around, make experimental
2026-09-15T20:57:12.4662387Z changes and commit them, and you can discard any commits you make in this
2026-09-15T20:57:12.4662870Z state without impacting any branches by switching back to a branch.
2026-09-15T20:57:12.4663510Z 
2026-09-15T20:57:12.4663704Z If you want to create a new branch to retain commits you create, you may
2026-09-15T20:57:12.4664160Z do so (now or later) by using -c with the switch command. Example:
2026-09-15T20:57:12.4664410Z 
2026-09-15T20:57:12.4664536Z   git switch -c <new-branch-name>
2026-09-15T20:57:12.4664711Z 
2026-09-15T20:57:12.4664802Z Or undo this operation with:
2026-09-15T20:57:12.4664963Z 
2026-09-15T20:57:12.4665045Z   git switch -
2026-09-15T20:57:12.4665156Z 
2026-09-15T20:57:12.4665373Z Turn off this advice by setting config variable advice.detachedHead to false
2026-09-15T20:57:12.4665673Z 
2026-09-15T20:57:12.4665896Z HEAD is now at aade0fd0 ci: handle Windows environment casing in core package smoke
2026-09-15T20:57:12.4875126Z ##[endgroup]
2026-09-15T20:57:12.4875875Z ##[group]Setting up auth for fetching submodules
2026-09-15T20:57:12.4887257Z [command]"C:\Program Files\Git\bin\git.exe" config --global http.https://github.com/.extraheader "AUTHORIZATION: basic ***"
2026-09-15T20:57:12.5196105Z [command]"C:\Program Files\Git\bin\git.exe" config --global --unset-all url.https://github.com/.insteadOf
2026-09-15T20:57:12.5479509Z [command]"C:\Program Files\Git\bin\git.exe" config --global --add url.https://github.com/.insteadOf git@github.com:
2026-09-15T20:57:12.5767260Z [command]"C:\Program Files\Git\bin\git.exe" config --global --add url.https://github.com/.insteadOf org-4367482@github.com:
2026-09-15T20:57:12.6051355Z ##[endgroup]
2026-09-15T20:57:12.6051741Z ##[group]Fetching submodules
2026-09-15T20:57:12.6059801Z [command]"C:\Program Files\Git\bin\git.exe" submodule sync --recursive
2026-09-15T20:57:13.1383317Z [command]"C:\Program Files\Git\bin\git.exe" -c protocol.version=2 submodule update --init --force --depth=1 --recursive
2026-09-15T20:57:13.6759969Z [command]"C:\Program Files\Git\bin\git.exe" submodule foreach --recursive "git config --local gc.auto 0"
2026-09-15T20:57:14.2009124Z ##[endgroup]
2026-09-15T20:57:14.2009532Z ##[group]Persisting credentials for submodules
2026-09-15T20:57:14.2020857Z [command]"C:\Program Files\Git\bin\git.exe" submodule foreach --recursive "sh -c \"git config --local --name-only --get-regexp 'url\.https\:\/\/github\.com\/\.insteadOf' && git config --local --unset-all 'url.https://github.com/.insteadOf' || :\""
2026-09-15T20:57:14.7529564Z [command]"C:\Program Files\Git\bin\git.exe" submodule foreach --recursive "sh -c \"git config --local 'http.https://github.com/.extraheader' 'AUTHORIZATION: basic ***' && git config --local --show-origin --name-only --get-regexp remote.origin.url\""
2026-09-15T20:57:15.2933791Z [command]"C:\Program Files\Git\bin\git.exe" submodule foreach --recursive "git config --local --add 'url.https://github.com/.insteadOf' 'git@github.com:'"
2026-09-15T20:57:15.8613064Z [command]"C:\Program Files\Git\bin\git.exe" submodule foreach --recursive "git config --local --add 'url.https://github.com/.insteadOf' 'org-4367482@github.com:'"
2026-09-15T20:57:16.3555724Z ##[endgroup]
2026-09-15T20:57:16.3866931Z [command]"C:\Program Files\Git\bin\git.exe" log -1 --format=%H
2026-09-15T20:57:16.4117967Z aade0fd0fe8ae97f5130383165bcf1b835145903
2026-09-15T20:57:16.4573553Z ##[group]Run actions/setup-python@v6
2026-09-15T20:57:16.4574291Z with:
2026-09-15T20:57:16.4574569Z   python-version: 3.12
2026-09-15T20:57:16.4574812Z   check-latest: false
2026-09-15T20:57:16.4577523Z   token: ***
2026-09-15T20:57:16.4577730Z   update-environment: true
2026-09-15T20:57:16.4577973Z   allow-prereleases: false
2026-09-15T20:57:16.4578195Z   freethreaded: false
2026-09-15T20:57:16.4578396Z ##[endgroup]
2026-09-15T20:57:16.6208412Z ##[group]Installed versions
2026-09-15T20:57:16.6525715Z Successfully set up CPython (3.12.10)
2026-09-15T20:57:16.6526499Z ##[endgroup]
2026-09-15T20:57:16.6834038Z Node 20 is being deprecated. This workflow is running with Node 24 by default. If you need to temporarily use Node 20, you can set the ACTIONS_ALLOW_USE_UNSECURE_NODE_VERSION=true environment variable. For more information see: https://github.blog/changelog/2025-09-19-deprecation-of-node-20-on-github-actions-runners/
2026-09-15T20:57:16.6836611Z ##[group]Run ilammy/msvc-dev-cmd@v1
2026-09-15T20:57:16.6837008Z with:
2026-09-15T20:57:16.6837275Z   arch: x64
2026-09-15T20:57:16.6837550Z   toolset: 14.44
2026-09-15T20:57:16.6837833Z env:
2026-09-15T20:57:16.6838260Z   pythonLocation: C:\hostedtoolcache\windows\Python\3.12.10\x64
2026-09-15T20:57:16.6839072Z   PKG_CONFIG_PATH: C:\hostedtoolcache\windows\Python\3.12.10\x64/lib/pkgconfig
2026-09-15T20:57:16.6839849Z   Python_ROOT_DIR: C:\hostedtoolcache\windows\Python\3.12.10\x64
2026-09-15T20:57:16.6840524Z   Python2_ROOT_DIR: C:\hostedtoolcache\windows\Python\3.12.10\x64
2026-09-15T20:57:16.6841240Z   Python3_ROOT_DIR: C:\hostedtoolcache\windows\Python\3.12.10\x64
2026-09-15T20:57:16.6841772Z ##[endgroup]
2026-09-15T20:57:17.1488389Z Found with vswhere: C:\Program Files\Microsoft Visual Studio\18\Enterprise\VC\Auxiliary\Build\vcvarsall.bat
2026-09-15T20:57:21.6898750Z ##[group]Environment variables
2026-09-15T20:57:21.6899222Z Setting CommandPromptType
2026-09-15T20:57:21.6908527Z Setting DevEnvDir
2026-09-15T20:57:21.6912210Z Setting ExtensionSdkDir
2026-09-15T20:57:21.6914972Z Setting EXTERNAL_INCLUDE
2026-09-15T20:57:21.6920836Z Setting Framework40Version
2026-09-15T20:57:21.6923922Z Setting FrameworkDir
2026-09-15T20:57:21.6926334Z Setting FrameworkDir64
2026-09-15T20:57:21.6928963Z Setting FrameworkVersion
2026-09-15T20:57:21.6931703Z Setting FrameworkVersion64
2026-09-15T20:57:21.6935432Z Setting FSHARPINSTALLDIR
2026-09-15T20:57:21.6939660Z Setting HTMLHelpDir
2026-09-15T20:57:21.6942324Z Setting INCLUDE
2026-09-15T20:57:21.6945734Z Setting LIB
2026-09-15T20:57:21.6948652Z Setting LIBPATH
2026-09-15T20:57:21.6951304Z Setting llvmArm64
2026-09-15T20:57:21.6954024Z Setting llvmX64
2026-09-15T20:57:21.6956681Z Setting NETFXSDKDir
2026-09-15T20:57:21.6960123Z Setting Path
2026-09-15T20:57:21.6963392Z Setting Platform
2026-09-15T20:57:21.6966482Z Setting UCRTVersion
2026-09-15T20:57:21.6969842Z Setting UniversalCRTSdkDir
2026-09-15T20:57:21.6972977Z Setting use_x64_llvm
2026-09-15T20:57:21.6975197Z Setting VCIDEInstallDir
2026-09-15T20:57:21.6977422Z Setting VCINSTALLDIR
2026-09-15T20:57:21.6980065Z Setting VCPKG_ROOT
2026-09-15T20:57:21.6982298Z Setting VCToolsInstallDir
2026-09-15T20:57:21.6984447Z Setting VCToolsRedistDir
2026-09-15T20:57:21.6986772Z Setting VCToolsVersion
2026-09-15T20:57:21.6988966Z Setting VisualStudioVersion
2026-09-15T20:57:21.6991125Z Setting VS180COMNTOOLS
2026-09-15T20:57:21.6993378Z Setting VSCMD_ARG_app_plat
2026-09-15T20:57:21.6996234Z Setting VSCMD_ARG_HOST_ARCH
2026-09-15T20:57:21.6998354Z Setting VSCMD_ARG_TGT_ARCH
2026-09-15T20:57:21.7000791Z Setting VSCMD_ARG_VCVARS_VER
2026-09-15T20:57:21.7002921Z Setting VSCMD_VER
2026-09-15T20:57:21.7005118Z Setting VSINSTALLDIR
2026-09-15T20:57:21.7007322Z Setting VSSDK150INSTALL
2026-09-15T20:57:21.7009451Z Setting VSSDKINSTALL
2026-09-15T20:57:21.7011709Z Setting WindowsLibPath
2026-09-15T20:57:21.7014090Z Setting WindowsSdkBinPath
2026-09-15T20:57:21.7016622Z Setting WindowsSdkDir
2026-09-15T20:57:21.7019083Z Setting WindowsSDKLibVersion
2026-09-15T20:57:21.7021271Z Setting WindowsSdkVerBinPath
2026-09-15T20:57:21.7023423Z Setting WindowsSDKVersion
2026-09-15T20:57:21.7025648Z Setting WindowsSDK_ExecutablePath_x64
2026-09-15T20:57:21.7027864Z Setting WindowsSDK_ExecutablePath_x86
2026-09-15T20:57:21.7030176Z Setting __DOTNET_ADD_64BIT
2026-09-15T20:57:21.7032418Z Setting __DOTNET_PREFERRED_BITNESS
2026-09-15T20:57:21.7034601Z Setting __VSCMD_PREINIT_PATH
2026-09-15T20:57:21.7038713Z ##[endgroup]
2026-09-15T20:57:21.7039005Z Configured Developer Command Prompt
2026-09-15T20:57:21.7318966Z ##[group]Run cmake -S . -G Ninja -B "D:\a\_temp/core-build" \
2026-09-15T20:57:21.7319482Z [36;1mcmake -S . -G Ninja -B "D:\a\_temp/core-build" \[0m
2026-09-15T20:57:21.7319881Z [36;1m  -DCMAKE_BUILD_TYPE=Release -DENABLE_LLAMA=OFF \[0m
2026-09-15T20:57:21.7320312Z [36;1m  -DCREXX_ALLOW_NETWORK_DOWNLOADS=ON -DCREXX_QA_CTEST_JOBS=5 \[0m
2026-09-15T20:57:21.7320689Z [36;1m  -DCREXX_BUILD_CHANNEL=local \[0m
2026-09-15T20:57:21.7321086Z [36;1m  -DCREXX_BUILD_COMMIT="aade0fd0fe8ae97f5130383165bcf1b835145903" \[0m
2026-09-15T20:57:21.7321614Z [36;1m  -DCMAKE_C_COMPILER=cl -DCMAKE_CXX_COMPILER=cl -DENABLE_PARSER_MODE=OFF[0m
2026-09-15T20:57:21.7342004Z shell: C:\Program Files\Git\bin\bash.EXE --noprofile --norc -e -o pipefail {0}
2026-09-15T20:57:21.7342408Z env:
2026-09-15T20:57:21.7342685Z   pythonLocation: C:\hostedtoolcache\windows\Python\3.12.10\x64
2026-09-15T20:57:21.7343156Z   PKG_CONFIG_PATH: C:\hostedtoolcache\windows\Python\3.12.10\x64/lib/pkgconfig
2026-09-15T20:57:21.7343683Z   Python_ROOT_DIR: C:\hostedtoolcache\windows\Python\3.12.10\x64
2026-09-15T20:57:21.7344113Z   Python2_ROOT_DIR: C:\hostedtoolcache\windows\Python\3.12.10\x64
2026-09-15T20:57:21.7344524Z   Python3_ROOT_DIR: C:\hostedtoolcache\windows\Python\3.12.10\x64
2026-09-15T20:57:21.7344865Z   CommandPromptType: Native
2026-09-15T20:57:21.7345218Z   DevEnvDir: C:\Program Files\Microsoft Visual Studio\18\Enterprise\Common7\IDE\
2026-09-15T20:57:21.7346299Z   ExtensionSdkDir: C:\Program Files (x86)\Microsoft SDKs\Windows Kits\10\ExtensionSDKs
2026-09-15T20:57:21.7348373Z   EXTERNAL_INCLUDE: C:\Program Files\Microsoft Visual Studio\18\Enterprise\VC\Tools\MSVC\14.44.35207\include;C:\Program Files\Microsoft Visual Studio\18\Enterprise\VC\Auxiliary\VS\include;C:\Program Files (x86)\Windows Kits\10\include\10.0.26100.0\ucrt;C:\Program Files (x86)\Windows Kits\10\\include\10.0.26100.0\\um;C:\Program Files (x86)\Windows Kits\10\\include\10.0.26100.0\\shared;C:\Program Files (x86)\Windows Kits\10\\include\10.0.26100.0\\winrt;C:\Program Files (x86)\Windows Kits\10\\include\10.0.26100.0\\cppwinrt;C:\Program Files (x86)\Windows Kits\NETFXSDK\4.8.1\include\um
2026-09-15T20:57:21.7350288Z   Framework40Version: v4.0
2026-09-15T20:57:21.7350571Z   FrameworkDir: C:\Windows\Microsoft.NET\Framework64\
2026-09-15T20:57:21.7350918Z   FrameworkDir64: C:\Windows\Microsoft.NET\Framework64\
2026-09-15T20:57:21.7351223Z   FrameworkVersion: v4.0.30319
2026-09-15T20:57:21.7351465Z   FrameworkVersion64: v4.0.30319
2026-09-15T20:57:21.7351983Z   FSHARPINSTALLDIR: C:\Program Files\Microsoft Visual Studio\18\Enterprise\Common7\IDE\CommonExtensions\Microsoft\FSharp\Tools
2026-09-15T20:57:21.7352575Z   HTMLHelpDir: C:\Program Files (x86)\HTML Help Workshop
2026-09-15T20:57:21.7355054Z   INCLUDE: C:\Program Files\Microsoft Visual Studio\18\Enterprise\VC\Tools\MSVC\14.44.35207\include;C:\Program Files\Microsoft Visual Studio\18\Enterprise\VC\Auxiliary\VS\include;C:\Program Files (x86)\Windows Kits\10\include\10.0.26100.0\ucrt;C:\Program Files (x86)\Windows Kits\10\\include\10.0.26100.0\\um;C:\Program Files (x86)\Windows Kits\10\\include\10.0.26100.0\\shared;C:\Program Files (x86)\Windows Kits\10\\include\10.0.26100.0\\winrt;C:\Program Files (x86)\Windows Kits\10\\include\10.0.26100.0\\cppwinrt;C:\Program Files (x86)\Windows Kits\NETFXSDK\4.8.1\include\um
2026-09-15T20:57:21.7357667Z   LIB: C:\Program Files\Microsoft Visual Studio\18\Enterprise\VC\Tools\MSVC\14.44.35207\lib\x64;C:\Program Files (x86)\Windows Kits\NETFXSDK\4.8.1\lib\um\x64;C:\Program Files (x86)\Windows Kits\10\lib\10.0.26100.0\ucrt\x64;C:\Program Files (x86)\Windows Kits\10\\lib\10.0.26100.0\\um\x64
2026-09-15T20:57:21.7361070Z   LIBPATH: C:\Program Files\Microsoft Visual Studio\18\Enterprise\VC\Tools\MSVC\14.44.35207\lib\x64;C:\Program Files\Microsoft Visual Studio\18\Enterprise\VC\Tools\MSVC\14.44.35207\lib\x86\store\references;C:\Program Files (x86)\Windows Kits\10\UnionMetadata\10.0.26100.0;C:\Program Files (x86)\Windows Kits\10\References\10.0.26100.0;C:\Windows\Microsoft.NET\Framework64\v4.0.30319
2026-09-15T20:57:21.7362651Z   llvmArm64: C:\Program Files\Microsoft Visual Studio\18\Enterprise\VC\Tools\Llvm\ARM64\bin
2026-09-15T20:57:21.7363215Z   llvmX64: C:\Program Files\Microsoft Visual Studio\18\Enterprise\VC\Tools\Llvm\x64\bin
2026-09-15T20:57:21.7363712Z   NETFXSDKDir: C:\Program Files (x86)\Windows Kits\NETFXSDK\4.8.1\
2026-09-15T20:57:21.7379232Z   Path: C:\Program Files\Microsoft Visual Studio\18\Enterprise\VC\Tools\MSVC\14.44.35207\bin\HostX64\x64;C:\Program Files\Microsoft Visual Studio\18\Enterprise\Common7\IDE\VC\VCPackages;C:\Program Files\Microsoft Visual Studio\18\Enterprise\Common7\IDE\CommonExtensions\Microsoft\TestWindow;C:\Program Files\Microsoft Visual Studio\18\Enterprise\Common7\IDE\CommonExtensions\Microsoft\TeamFoundation\Team Explorer;C:\Program Files\Microsoft Visual Studio\18\Enterprise\MSBuild\Current\bin\Roslyn;C:\Program Files (x86)\Microsoft SDKs\Windows\v10.0A\bin\NETFX 4.8.1 Tools\x64\;C:\Program Files (x86)\HTML Help Workshop;C:\Program Files\Microsoft Visual Studio\18\Enterprise\Common7\IDE\CommonExtensions\Microsoft\FSharp\Tools;C:\Program Files\Microsoft Visual Studio\18\Enterprise\Team Tools\DiagnosticsHub\Collector;C:\Program Files\Microsoft Visual Studio\18\Enterprise\Common7\IDE\Extensions\Microsoft\CodeCoverage.Console;C:\Program Files (x86)\Windows Kits\10\bin\10.0.26100.0\\x64;C:\Program Files (x86)\Windows Kits\10\bin\\x64;C:\Program Files\Microsoft Visual Studio\18\Enterprise\\MSBuild\Current\Bin\amd64;C:\Windows\Microsoft.NET\Framework64\v4.0.30319;C:\Program Files\Microsoft Visual Studio\18\Enterprise\Common7\IDE\;C:\Program Files\Microsoft Visual Studio\18\Enterprise\Common7\Tools\;C:\Users\runneradmin\AppData\Roaming\Python\Python312\Scripts;C:\hostedtoolcache\windows\Python\3.12.10\x64\Scripts;C:\hostedtoolcache\windows\Python\3.12.10\x64;C:\Program Files\MongoDB\Server\7.0\bin;C:\vcpkg;C:\tools\zstd;C:\hostedtoolcache\windows\stack\3.11.1\x64;C:\cabal\bin;C:\\ghcup\bin;C:\mingw64\bin;C:\Program Files\dotnet;C:\Program Files\MySQL\MySQL Server 8.0\bin;C:\Program Files\R\R-4.6.1\bin\x64;C:\SeleniumWebDrivers\GeckoDriver;C:\SeleniumWebDrivers\EdgeDriver\;C:\SeleniumWebDrivers\ChromeDriver;C:\Program Files (x86)\sbt\bin;C:\Program Files (x86)\GitHub CLI;C:\Program Files\Git\bin;C:\Program Files (x86)\pipx_bin;C:\npm\prefix;C:\hostedtoolcache\windows\go\1.24.13\x64\bin;C:\hostedtoolcache\windows\Ruby\3.3.12\x64\bin;C:\Program Files\OpenSSL\bin;C:\tools\kotlinc\bin;C:\hostedtoolcache\windows\Java_Temurin-Hotspot_jdk\17.0.20-101\x64\bin;C:\Program Files\ImageMagick-7.1.2-Q16-HDRI;C:\Program Files\Microsoft SDKs\Azure\CLI2\wbin;C:\ProgramData\kind;C:\ProgramData\Chocolatey\bin;C:\Windows\system32;C:\Windows;C:\Windows\System32\Wbem;C:\Windows\System32\WindowsPowerShell\v1.0\;C:\Windows\System32\OpenSSH\;C:\Program Files\PowerShell\7\;C:\Program Files\Microsoft\Web Platform Installer\;C:\Program Files\Microsoft SQL Server\170\Tools\Binn\;C:\Program Files\Microsoft SQL Server\Client SDK\ODBC\170\Tools\Binn\;C:\Program Files\dotnet\;C:\Program Files (x86)\Windows Kits\10\Windows Performance Toolkit\;C:\Program Files (x86)\WiX Toolset v3.14\bin;C:\Program Files\Microsoft SQL Server\130\DTS\Binn\;C:\Program Files\Microsoft SQL Server\140\DTS\Binn\;C:\Program Files\Microsoft SQL Server\150\DTS\Binn\;C:\Program Files\Microsoft SQL Server\160\DTS\Binn\;C:\Program Files\Microsoft SQL Server\170\DTS\Binn\;C:\ProgramData\chocolatey\lib\pulumi\tools\Pulumi\bin;C:\Program Files\CMake\bin;C:\Strawberry\c\bin;C:\Strawberry\perl\site\bin;C:\Strawberry\perl\bin;C:\ProgramData\chocolatey\lib\maven\apache-maven-3.9.16\bin;C:\Program Files\Microsoft Service Fabric\bin\Fabric\Fabric.Code;C:\Program Files\Microsoft SDKs\Service Fabric\Tools\ServiceFabricLocalClusterManager;C:\Program Files\nodejs\;C:\Program Files\Git\cmd;C:\Program Files\Git\mingw64\bin;C:\Program Files\Git\usr\bin;C:\Program Files\GitHub CLI\;c:\tools\php;C:\Program Files\Amazon\AWSCLIV2\;C:\Program Files\Amazon\SessionManagerPlugin\bin\;C:\Program Files\Amazon\AWSSAMCLI\bin\;C:\Program Files\Microsoft SQL Server\130\Tools\Binn\;C:\Program Files\mongosh\;C:\Program Files\LLVM\bin;C:\Program Files (x86)\LLVM\bin;C:\Users\runneradmin\.dotnet\tools;C:\Users\runneradmin\.cargo\bin;C:\Users\runneradmin\AppData\Local\Microsoft\WindowsApps;C:\Program Files (x86)\Microsoft Visual Studio\Installer;C:\Program Files\Microsoft Visual Studio\18\Enterprise\VC\Tools\Llvm\x64\bin;C:\Program Files\Microsoft Visual Studio\18\Enterprise\Common7\IDE\CommonExtensions\Microsoft\CMake\CMake\bin;C:\Program Files\Microsoft Visual Studio\18\Enterprise\Common7\IDE\CommonExtensions\Microsoft\CMake\Ninja;C:\Program Files\Microsoft Visual Studio\18\Enterprise\Common7\IDE\VC\Linux\bin\ConnectionManagerExe;C:\Program Files\Microsoft Visual Studio\18\Enterprise\VC\vcpkg
2026-09-15T20:57:21.7394128Z   Platform: x64
2026-09-15T20:57:21.7394617Z   UCRTVersion: 10.0.26100.0
2026-09-15T20:57:21.7395011Z   UniversalCRTSdkDir: C:\Program Files (x86)\Windows Kits\10\
2026-09-15T20:57:21.7395345Z   use_x64_llvm: true
2026-09-15T20:57:21.7395698Z   VCIDEInstallDir: C:\Program Files\Microsoft Visual Studio\18\Enterprise\Common7\IDE\VC\
2026-09-15T20:57:21.7396215Z   VCINSTALLDIR: C:\Program Files\Microsoft Visual Studio\18\Enterprise\VC\
2026-09-15T20:57:21.7396683Z   VCPKG_ROOT: C:\Program Files\Microsoft Visual Studio\18\Enterprise\VC\vcpkg
2026-09-15T20:57:21.7397244Z   VCToolsInstallDir: C:\Program Files\Microsoft Visual Studio\18\Enterprise\VC\Tools\MSVC\14.44.35207\
2026-09-15T20:57:21.7398301Z   VCToolsRedistDir: C:\Program Files\Microsoft Visual Studio\18\Enterprise\VC\Redist\MSVC\14.51.36231\
2026-09-15T20:57:21.7398771Z   VCToolsVersion: 14.44.35207
2026-09-15T20:57:21.7399009Z   VisualStudioVersion: 18.0
2026-09-15T20:57:21.7399387Z   VS180COMNTOOLS: C:\Program Files\Microsoft Visual Studio\18\Enterprise\Common7\Tools\
2026-09-15T20:57:21.7399809Z   VSCMD_ARG_app_plat: Desktop
2026-09-15T20:57:21.7400064Z   VSCMD_ARG_HOST_ARCH: x64
2026-09-15T20:57:21.7400292Z   VSCMD_ARG_TGT_ARCH: x64
2026-09-15T20:57:21.7400506Z   VSCMD_ARG_VCVARS_VER: 14.44
2026-09-15T20:57:21.7400721Z   VSCMD_VER: 18.9.2
2026-09-15T20:57:21.7401015Z   VSINSTALLDIR: C:\Program Files\Microsoft Visual Studio\18\Enterprise\
2026-09-15T20:57:21.7401492Z   VSSDK150INSTALL: C:\Program Files\Microsoft Visual Studio\18\Enterprise\VSSDK
2026-09-15T20:57:21.7401977Z   VSSDKINSTALL: C:\Program Files\Microsoft Visual Studio\18\Enterprise\VSSDK
2026-09-15T20:57:21.7402674Z   WindowsLibPath: C:\Program Files (x86)\Windows Kits\10\UnionMetadata\10.0.26100.0;C:\Program Files (x86)\Windows Kits\10\References\10.0.26100.0
2026-09-15T20:57:21.7403323Z   WindowsSdkBinPath: C:\Program Files (x86)\Windows Kits\10\bin\
2026-09-15T20:57:21.7403705Z   WindowsSdkDir: C:\Program Files (x86)\Windows Kits\10\
2026-09-15T20:57:21.7404014Z   WindowsSDKLibVersion: 10.0.26100.0\
2026-09-15T20:57:21.7404378Z   WindowsSdkVerBinPath: C:\Program Files (x86)\Windows Kits\10\bin\10.0.26100.0\
2026-09-15T20:57:21.7404761Z   WindowsSDKVersion: 10.0.26100.0\
2026-09-15T20:57:21.7405216Z   WindowsSDK_ExecutablePath_x64: C:\Program Files (x86)\Microsoft SDKs\Windows\v10.0A\bin\NETFX 4.8.1 Tools\x64\
2026-09-15T20:57:21.7405892Z   WindowsSDK_ExecutablePath_x86: C:\Program Files (x86)\Microsoft SDKs\Windows\v10.0A\bin\NETFX 4.8.1 Tools\
2026-09-15T20:57:21.7406352Z   __DOTNET_ADD_64BIT: 1
2026-09-15T20:57:21.7406574Z   __DOTNET_PREFERRED_BITNESS: 64
2026-09-15T20:57:21.7416342Z   __VSCMD_PREINIT_PATH: C:\Users\runneradmin\AppData\Roaming\Python\Python312\Scripts;C:\hostedtoolcache\windows\Python\3.12.10\x64\Scripts;C:\hostedtoolcache\windows\Python\3.12.10\x64;C:\Program Files\MongoDB\Server\7.0\bin;C:\vcpkg;C:\tools\zstd;C:\hostedtoolcache\windows\stack\3.11.1\x64;C:\cabal\bin;C:\\ghcup\bin;C:\mingw64\bin;C:\Program Files\dotnet;C:\Program Files\MySQL\MySQL Server 8.0\bin;C:\Program Files\R\R-4.6.1\bin\x64;C:\SeleniumWebDrivers\GeckoDriver;C:\SeleniumWebDrivers\EdgeDriver\;C:\SeleniumWebDrivers\ChromeDriver;C:\Program Files (x86)\sbt\bin;C:\Program Files (x86)\GitHub CLI;C:\Program Files\Git\bin;C:\Program Files (x86)\pipx_bin;C:\npm\prefix;C:\hostedtoolcache\windows\go\1.24.13\x64\bin;C:\hostedtoolcache\windows\Python\3.12.10\x64\Scripts;C:\hostedtoolcache\windows\Python\3.12.10\x64;C:\hostedtoolcache\windows\Ruby\3.3.12\x64\bin;C:\Program Files\OpenSSL\bin;C:\tools\kotlinc\bin;C:\hostedtoolcache\windows\Java_Temurin-Hotspot_jdk\17.0.20-101\x64\bin;C:\Program Files\ImageMagick-7.1.2-Q16-HDRI;C:\Program Files\Microsoft SDKs\Azure\CLI2\wbin;C:\ProgramData\kind;C:\ProgramData\Chocolatey\bin;C:\Windows\system32;C:\Windows;C:\Windows\System32\Wbem;C:\Windows\System32\WindowsPowerShell\v1.0\;C:\Windows\System32\OpenSSH\;C:\Program Files\PowerShell\7\;C:\Program Files\Microsoft\Web Platform Installer\;C:\Program Files\Microsoft SQL Server\170\Tools\Binn\;C:\Program Files\Microsoft SQL Server\Client SDK\ODBC\170\Tools\Binn\;C:\Program Files\dotnet\;C:\Program Files (x86)\Windows Kits\10\Windows Performance Toolkit\;C:\Program Files (x86)\WiX Toolset v3.14\bin;C:\Program Files\Microsoft SQL Server\130\DTS\Binn\;C:\Program Files\Microsoft SQL Server\140\DTS\Binn\;C:\Program Files\Microsoft SQL Server\150\DTS\Binn\;C:\Program Files\Microsoft SQL Server\160\DTS\Binn\;C:\Program Files\Microsoft SQL Server\170\DTS\Binn\;C:\ProgramData\chocolatey\lib\pulumi\tools\Pulumi\bin;C:\Program Files\CMake\bin;C:\Strawberry\c\bin;C:\Strawberry\perl\site\bin;C:\Strawberry\perl\bin;C:\ProgramData\chocolatey\lib\maven\apache-maven-3.9.16\bin;C:\Program Files\Microsoft Service Fabric\bin\Fabric\Fabric.Code;C:\Program Files\Microsoft SDKs\Service Fabric\Tools\ServiceFabricLocalClusterManager;C:\Program Files\nodejs\;C:\Program Files\Git\cmd;C:\Program Files\Git\mingw64\bin;C:\Program Files\Git\usr\bin;C:\Program Files\GitHub CLI\;c:\tools\php;C:\Program Files (x86)\sbt\bin;C:\Program Files\Amazon\AWSCLIV2\;C:\Program Files\Amazon\SessionManagerPlugin\bin\;C:\Program Files\Amazon\AWSSAMCLI\bin\;C:\Program Files\Microsoft SQL Server\130\Tools\Binn\;C:\Program Files\mongosh\;C:\Program Files\LLVM\bin;C:\Program Files (x86)\LLVM\bin;C:\Users\runneradmin\.dotnet\tools;C:\Users\runneradmin\.cargo\bin;C:\Users\runneradmin\AppData\Local\Microsoft\WindowsApps;C:\Program Files (x86)\Microsoft Visual Studio\Installer
2026-09-15T20:57:21.7425873Z ##[endgroup]
2026-09-15T20:57:27.5966453Z -- The C compiler identification is MSVC 19.44.35228.0
2026-09-15T20:57:28.5223353Z -- The CXX compiler identification is MSVC 19.44.35228.0
2026-09-15T20:57:28.6508787Z -- Detecting C compiler ABI info
2026-09-15T20:57:30.5271730Z -- Detecting C compiler ABI info - done
2026-09-15T20:57:30.5531681Z -- Check for working C compiler: C:/Program Files/Microsoft Visual Studio/18/Enterprise/VC/Tools/MSVC/14.44.35207/bin/HostX64/x64/cl.exe - skipped
2026-09-15T20:57:30.5548702Z -- Detecting C compile features
2026-09-15T20:57:30.5563397Z -- Detecting C compile features - done
2026-09-15T20:57:30.6236171Z -- Detecting CXX compiler ABI info
2026-09-15T20:57:31.1484157Z -- Detecting CXX compiler ABI info - done
2026-09-15T20:57:31.1651717Z -- Check for working CXX compiler: C:/Program Files/Microsoft Visual Studio/18/Enterprise/VC/Tools/MSVC/14.44.35207/bin/HostX64/x64/cl.exe - skipped
2026-09-15T20:57:31.1657040Z -- Detecting CXX compile features
2026-09-15T20:57:31.1673048Z -- Detecting CXX compile features - done
2026-09-15T20:57:31.2093615Z -- CMake Version: 4.4.3
2026-09-15T20:57:31.2094193Z -- CREXX Version: crexx-1.0.0-beta.3+local.gaade0fd0fe8a
2026-09-15T20:57:31.2094690Z -- CREXX Build Channel: local
2026-09-15T20:57:31.2095052Z -- CREXX Build Timestamp: 20260915T205722Z
2026-09-15T20:57:31.2095449Z -- CREXX Build Commit: aade0fd0fe8a
2026-09-15T20:57:31.2095801Z -- CMake Generator: Ninja
2026-09-15T20:57:31.2097833Z -- cREXX build resources: profile=portable, vm-compile=2, native-link=2, backend=Ninja pools
2026-09-15T20:57:31.3970344Z -- Performing Test cxxflag__W3
2026-09-15T20:57:31.9097620Z -- Performing Test cxxflag__W3 - Success
2026-09-15T20:57:31.9111008Z -- Performing Test cxxflag__EHsc
2026-09-15T20:57:32.3930993Z -- Performing Test cxxflag__EHsc - Success
2026-09-15T20:57:32.3933063Z -- C compiler flags: /DWIN32 /D_WINDOWS
2026-09-15T20:57:32.3933986Z -- C++ compiler flags: /DWIN32 /D_WINDOWS /EHsc  /W3 /wd4068 -D_CRT_SECURE_NO_WARNINGS /EHsc
2026-09-15T20:57:32.3934722Z -- Linker flags for executables: /machine:x64
2026-09-15T20:57:32.3935078Z -- Linker flags for shared libs: /machine:x64
2026-09-15T20:57:32.3935447Z -- Release C compiler flags: /O2 /Ob2 /DNDEBUG
2026-09-15T20:57:32.3935800Z -- Release C++ compiler flags: /O2 /Ob2 /DNDEBUG
2026-09-15T20:57:32.3936197Z -- Release linker flags for executables: /INCREMENTAL:NO
2026-09-15T20:57:32.3936639Z -- Release linker flags for shared libs: /INCREMENTAL:NO
2026-09-15T20:57:32.4012736Z -- Looking for sys/types.h
2026-09-15T20:57:33.0466328Z -- Looking for sys/types.h - found
2026-09-15T20:57:33.0467975Z -- Looking for sys/stat.h
2026-09-15T20:57:33.5250488Z -- Looking for sys/stat.h - found
2026-09-15T20:57:33.5252285Z -- Looking for fcntl.h
2026-09-15T20:57:34.0190210Z -- Looking for fcntl.h - found
2026-09-15T20:57:34.0192068Z -- Looking for unistd.h
2026-09-15T20:57:34.5457499Z -- Looking for unistd.h - not found
2026-09-15T20:57:34.5459722Z -- Looking for io.h
2026-09-15T20:57:35.0523026Z -- Looking for io.h - found
2026-09-15T20:57:35.0538816Z -- Writing config.h
2026-09-15T20:57:35.0930088Z -- Performing Test CMAKE_HAVE_LIBC_PTHREAD
2026-09-15T20:57:35.3479505Z -- Performing Test CMAKE_HAVE_LIBC_PTHREAD - Failed
2026-09-15T20:57:35.3480156Z -- Looking for pthread_create in pthreads
2026-09-15T20:57:35.6791441Z -- Looking for pthread_create in pthreads - not found
2026-09-15T20:57:35.6791951Z -- Looking for pthread_create in pthread
2026-09-15T20:57:35.9909535Z -- Looking for pthread_create in pthread - not found
2026-09-15T20:57:35.9922469Z -- Found Threads: TRUE
2026-09-15T20:57:36.1061853Z -- Smoke test 'rxc_help_syntaxhighlight' is not present in this configuration; skipping
2026-09-15T20:57:36.1065019Z -- Smoke test 'syntaxhighlight_trace_keywords' is not present in this configuration; skipping
2026-09-15T20:57:36.1066715Z -- Smoke test 'source_semantics' is not present in this configuration; skipping
2026-09-15T20:57:36.2764983Z -- cREXX VM handler panel: profile-20
2026-09-15T20:57:36.2853985Z -- cREXX VM core socket TLS backend: SCHANNEL
2026-09-15T20:57:36.2857083Z -- cREXX product VM: rxvm -> rxbvm (MSVC)
2026-09-15T20:57:36.3518637Z -- Smoke test 'rxpp_sh_tokens' is not present in this configuration; skipping
2026-09-15T20:57:36.6825899Z -- Legacy OpenSSL socket plugin is disabled; use VM core sockets/rxsocket instead.
2026-09-15T20:57:36.6881663Z -- GTK Gui support is disabled, skipping subdirectory.
2026-09-15T20:57:36.6905596Z -- ODBC support is disabled; building the mock-driver qualification target only.
2026-09-15T20:57:37.0561720Z -- Skipping INT_SIGNAL native signal test on Windows
2026-09-15T20:57:37.0562408Z -- Smoke test 'INT' is not present in this configuration; skipping
2026-09-15T20:57:37.3151771Z -- Configuring done (14.8s)
2026-09-15T20:57:39.1798829Z -- Generating done (1.9s)
2026-09-15T20:57:39.1816828Z -- Build files have been written to: D:/a/_temp/core-build
2026-09-15T20:57:39.3001603Z ##[group]Run cmake --build "D:\a\_temp/core-build" --target stage-product stage-optional --parallel 2
2026-09-15T20:57:39.3002402Z [36;1mcmake --build "D:\a\_temp/core-build" --target stage-product stage-optional --parallel 2[0m
2026-09-15T20:57:39.3018746Z shell: C:\Program Files\Git\bin\bash.EXE --noprofile --norc -e -o pipefail {0}
2026-09-15T20:57:39.3019147Z env:
2026-09-15T20:57:39.3019420Z   pythonLocation: C:\hostedtoolcache\windows\Python\3.12.10\x64
2026-09-15T20:57:39.3020365Z   PKG_CONFIG_PATH: C:\hostedtoolcache\windows\Python\3.12.10\x64/lib/pkgconfig
2026-09-15T20:57:39.3020847Z   Python_ROOT_DIR: C:\hostedtoolcache\windows\Python\3.12.10\x64
2026-09-15T20:57:39.3021270Z   Python2_ROOT_DIR: C:\hostedtoolcache\windows\Python\3.12.10\x64
2026-09-15T20:57:39.3021692Z   Python3_ROOT_DIR: C:\hostedtoolcache\windows\Python\3.12.10\x64
2026-09-15T20:57:39.3022038Z   CommandPromptType: Native
2026-09-15T20:57:39.3022427Z   DevEnvDir: C:\Program Files\Microsoft Visual Studio\18\Enterprise\Common7\IDE\
2026-09-15T20:57:39.3022955Z   ExtensionSdkDir: C:\Program Files (x86)\Microsoft SDKs\Windows Kits\10\ExtensionSDKs
2026-09-15T20:57:39.3025024Z   EXTERNAL_INCLUDE: C:\Program Files\Microsoft Visual Studio\18\Enterprise\VC\Tools\MSVC\14.44.35207\include;C:\Program Files\Microsoft Visual Studio\18\Enterprise\VC\Auxiliary\VS\include;C:\Program Files (x86)\Windows Kits\10\include\10.0.26100.0\ucrt;C:\Program Files (x86)\Windows Kits\10\\include\10.0.26100.0\\um;C:\Program Files (x86)\Windows Kits\10\\include\10.0.26100.0\\shared;C:\Program Files (x86)\Windows Kits\10\\include\10.0.26100.0\\winrt;C:\Program Files (x86)\Windows Kits\10\\include\10.0.26100.0\\cppwinrt;C:\Program Files (x86)\Windows Kits\NETFXSDK\4.8.1\include\um
2026-09-15T20:57:39.3026944Z   Framework40Version: v4.0
2026-09-15T20:57:39.3027211Z   FrameworkDir: C:\Windows\Microsoft.NET\Framework64\
2026-09-15T20:57:39.3027552Z   FrameworkDir64: C:\Windows\Microsoft.NET\Framework64\
2026-09-15T20:57:39.3027853Z   FrameworkVersion: v4.0.30319
2026-09-15T20:57:39.3028091Z   FrameworkVersion64: v4.0.30319
2026-09-15T20:57:39.3028614Z   FSHARPINSTALLDIR: C:\Program Files\Microsoft Visual Studio\18\Enterprise\Common7\IDE\CommonExtensions\Microsoft\FSharp\Tools
2026-09-15T20:57:39.3029400Z   HTMLHelpDir: C:\Program Files (x86)\HTML Help Workshop
2026-09-15T20:57:39.3031299Z   INCLUDE: C:\Program Files\Microsoft Visual Studio\18\Enterprise\VC\Tools\MSVC\14.44.35207\include;C:\Program Files\Microsoft Visual Studio\18\Enterprise\VC\Auxiliary\VS\include;C:\Program Files (x86)\Windows Kits\10\include\10.0.26100.0\ucrt;C:\Program Files (x86)\Windows Kits\10\\include\10.0.26100.0\\um;C:\Program Files (x86)\Windows Kits\10\\include\10.0.26100.0\\shared;C:\Program Files (x86)\Windows Kits\10\\include\10.0.26100.0\\winrt;C:\Program Files (x86)\Windows Kits\10\\include\10.0.26100.0\\cppwinrt;C:\Program Files (x86)\Windows Kits\NETFXSDK\4.8.1\include\um
2026-09-15T20:57:39.3033898Z   LIB: C:\Program Files\Microsoft Visual Studio\18\Enterprise\VC\Tools\MSVC\14.44.35207\lib\x64;C:\Program Files (x86)\Windows Kits\NETFXSDK\4.8.1\lib\um\x64;C:\Program Files (x86)\Windows Kits\10\lib\10.0.26100.0\ucrt\x64;C:\Program Files (x86)\Windows Kits\10\\lib\10.0.26100.0\\um\x64
2026-09-15T20:57:39.3035916Z   LIBPATH: C:\Program Files\Microsoft Visual Studio\18\Enterprise\VC\Tools\MSVC\14.44.35207\lib\x64;C:\Program Files\Microsoft Visual Studio\18\Enterprise\VC\Tools\MSVC\14.44.35207\lib\x86\store\references;C:\Program Files (x86)\Windows Kits\10\UnionMetadata\10.0.26100.0;C:\Program Files (x86)\Windows Kits\10\References\10.0.26100.0;C:\Windows\Microsoft.NET\Framework64\v4.0.30319
2026-09-15T20:57:39.3037363Z   llvmArm64: C:\Program Files\Microsoft Visual Studio\18\Enterprise\VC\Tools\Llvm\ARM64\bin
2026-09-15T20:57:39.3037919Z   llvmX64: C:\Program Files\Microsoft Visual Studio\18\Enterprise\VC\Tools\Llvm\x64\bin
2026-09-15T20:57:39.3038391Z   NETFXSDKDir: C:\Program Files (x86)\Windows Kits\NETFXSDK\4.8.1\
2026-09-15T20:57:39.3055463Z   Path: C:\Program Files\Microsoft Visual Studio\18\Enterprise\VC\Tools\MSVC\14.44.35207\bin\HostX64\x64;C:\Program Files\Microsoft Visual Studio\18\Enterprise\Common7\IDE\VC\VCPackages;C:\Program Files\Microsoft Visual Studio\18\Enterprise\Common7\IDE\CommonExtensions\Microsoft\TestWindow;C:\Program Files\Microsoft Visual Studio\18\Enterprise\Common7\IDE\CommonExtensions\Microsoft\TeamFoundation\Team Explorer;C:\Program Files\Microsoft Visual Studio\18\Enterprise\MSBuild\Current\bin\Roslyn;C:\Program Files (x86)\Microsoft SDKs\Windows\v10.0A\bin\NETFX 4.8.1 Tools\x64\;C:\Program Files (x86)\HTML Help Workshop;C:\Program Files\Microsoft Visual Studio\18\Enterprise\Common7\IDE\CommonExtensions\Microsoft\FSharp\Tools;C:\Program Files\Microsoft Visual Studio\18\Enterprise\Team Tools\DiagnosticsHub\Collector;C:\Program Files\Microsoft Visual Studio\18\Enterprise\Common7\IDE\Extensions\Microsoft\CodeCoverage.Console;C:\Program Files (x86)\Windows Kits\10\bin\10.0.26100.0\\x64;C:\Program Files (x86)\Windows Kits\10\bin\\x64;C:\Program Files\Microsoft Visual Studio\18\Enterprise\\MSBuild\Current\Bin\amd64;C:\Windows\Microsoft.NET\Framework64\v4.0.30319;C:\Program Files\Microsoft Visual Studio\18\Enterprise\Common7\IDE\;C:\Program Files\Microsoft Visual Studio\18\Enterprise\Common7\Tools\;C:\Users\runneradmin\AppData\Roaming\Python\Python312\Scripts;C:\hostedtoolcache\windows\Python\3.12.10\x64\Scripts;C:\hostedtoolcache\windows\Python\3.12.10\x64;C:\Program Files\MongoDB\Server\7.0\bin;C:\vcpkg;C:\tools\zstd;C:\hostedtoolcache\windows\stack\3.11.1\x64;C:\cabal\bin;C:\\ghcup\bin;C:\mingw64\bin;C:\Program Files\dotnet;C:\Program Files\MySQL\MySQL Server 8.0\bin;C:\Program Files\R\R-4.6.1\bin\x64;C:\SeleniumWebDrivers\GeckoDriver;C:\SeleniumWebDrivers\EdgeDriver\;C:\SeleniumWebDrivers\ChromeDriver;C:\Program Files (x86)\sbt\bin;C:\Program Files (x86)\GitHub CLI;C:\Program Files\Git\bin;C:\Program Files (x86)\pipx_bin;C:\npm\prefix;C:\hostedtoolcache\windows\go\1.24.13\x64\bin;C:\hostedtoolcache\windows\Ruby\3.3.12\x64\bin;C:\Program Files\OpenSSL\bin;C:\tools\kotlinc\bin;C:\hostedtoolcache\windows\Java_Temurin-Hotspot_jdk\17.0.20-101\x64\bin;C:\Program Files\ImageMagick-7.1.2-Q16-HDRI;C:\Program Files\Microsoft SDKs\Azure\CLI2\wbin;C:\ProgramData\kind;C:\ProgramData\Chocolatey\bin;C:\Windows\system32;C:\Windows;C:\Windows\System32\Wbem;C:\Windows\System32\WindowsPowerShell\v1.0\;C:\Windows\System32\OpenSSH\;C:\Program Files\PowerShell\7\;C:\Program Files\Microsoft\Web Platform Installer\;C:\Program Files\Microsoft SQL Server\170\Tools\Binn\;C:\Program Files\Microsoft SQL Server\Client SDK\ODBC\170\Tools\Binn\;C:\Program Files\dotnet\;C:\Program Files (x86)\Windows Kits\10\Windows Performance Toolkit\;C:\Program Files (x86)\WiX Toolset v3.14\bin;C:\Program Files\Microsoft SQL Server\130\DTS\Binn\;C:\Program Files\Microsoft SQL Server\140\DTS\Binn\;C:\Program Files\Microsoft SQL Server\150\DTS\Binn\;C:\Program Files\Microsoft SQL Server\160\DTS\Binn\;C:\Program Files\Microsoft SQL Server\170\DTS\Binn\;C:\ProgramData\chocolatey\lib\pulumi\tools\Pulumi\bin;C:\Program Files\CMake\bin;C:\Strawberry\c\bin;C:\Strawberry\perl\site\bin;C:\Strawberry\perl\bin;C:\ProgramData\chocolatey\lib\maven\apache-maven-3.9.16\bin;C:\Program Files\Microsoft Service Fabric\bin\Fabric\Fabric.Code;C:\Program Files\Microsoft SDKs\Service Fabric\Tools\ServiceFabricLocalClusterManager;C:\Program Files\nodejs\;C:\Program Files\Git\cmd;C:\Program Files\Git\mingw64\bin;C:\Program Files\Git\usr\bin;C:\Program Files\GitHub CLI\;c:\tools\php;C:\Program Files\Amazon\AWSCLIV2\;C:\Program Files\Amazon\SessionManagerPlugin\bin\;C:\Program Files\Amazon\AWSSAMCLI\bin\;C:\Program Files\Microsoft SQL Server\130\Tools\Binn\;C:\Program Files\mongosh\;C:\Program Files\LLVM\bin;C:\Program Files (x86)\LLVM\bin;C:\Users\runneradmin\.dotnet\tools;C:\Users\runneradmin\.cargo\bin;C:\Users\runneradmin\AppData\Local\Microsoft\WindowsApps;C:\Program Files (x86)\Microsoft Visual Studio\Installer;C:\Program Files\Microsoft Visual Studio\18\Enterprise\VC\Tools\Llvm\x64\bin;C:\Program Files\Microsoft Visual Studio\18\Enterprise\Common7\IDE\CommonExtensions\Microsoft\CMake\CMake\bin;C:\Program Files\Microsoft Visual Studio\18\Enterprise\Common7\IDE\CommonExtensions\Microsoft\CMake\Ninja;C:\Program Files\Microsoft Visual Studio\18\Enterprise\Common7\IDE\VC\Linux\bin\ConnectionManagerExe;C:\Program Files\Microsoft Visual Studio\18\Enterprise\VC\vcpkg
2026-09-15T20:57:39.3071116Z   Platform: x64
2026-09-15T20:57:39.3071314Z   UCRTVersion: 10.0.26100.0
2026-09-15T20:57:39.3071614Z   UniversalCRTSdkDir: C:\Program Files (x86)\Windows Kits\10\
2026-09-15T20:57:39.3071952Z   use_x64_llvm: true
2026-09-15T20:57:39.3072308Z   VCIDEInstallDir: C:\Program Files\Microsoft Visual Studio\18\Enterprise\Common7\IDE\VC\
2026-09-15T20:57:39.3072857Z   VCINSTALLDIR: C:\Program Files\Microsoft Visual Studio\18\Enterprise\VC\
2026-09-15T20:57:39.3073329Z   VCPKG_ROOT: C:\Program Files\Microsoft Visual Studio\18\Enterprise\VC\vcpkg
2026-09-15T20:57:39.3073902Z   VCToolsInstallDir: C:\Program Files\Microsoft Visual Studio\18\Enterprise\VC\Tools\MSVC\14.44.35207\
2026-09-15T20:57:39.3074555Z   VCToolsRedistDir: C:\Program Files\Microsoft Visual Studio\18\Enterprise\VC\Redist\MSVC\14.51.36231\
2026-09-15T20:57:39.3075017Z   VCToolsVersion: 14.44.35207
2026-09-15T20:57:39.3075255Z   VisualStudioVersion: 18.0
2026-09-15T20:57:39.3075621Z   VS180COMNTOOLS: C:\Program Files\Microsoft Visual Studio\18\Enterprise\Common7\Tools\
2026-09-15T20:57:39.3076045Z   VSCMD_ARG_app_plat: Desktop
2026-09-15T20:57:39.3076282Z   VSCMD_ARG_HOST_ARCH: x64
2026-09-15T20:57:39.3076502Z   VSCMD_ARG_TGT_ARCH: x64
2026-09-15T20:57:39.3076720Z   VSCMD_ARG_VCVARS_VER: 14.44
2026-09-15T20:57:39.3076937Z   VSCMD_VER: 18.9.2
2026-09-15T20:57:39.3077238Z   VSINSTALLDIR: C:\Program Files\Microsoft Visual Studio\18\Enterprise\
2026-09-15T20:57:39.3077720Z   VSSDK150INSTALL: C:\Program Files\Microsoft Visual Studio\18\Enterprise\VSSDK
2026-09-15T20:57:39.3078219Z   VSSDKINSTALL: C:\Program Files\Microsoft Visual Studio\18\Enterprise\VSSDK
2026-09-15T20:57:39.3078926Z   WindowsLibPath: C:\Program Files (x86)\Windows Kits\10\UnionMetadata\10.0.26100.0;C:\Program Files (x86)\Windows Kits\10\References\10.0.26100.0
2026-09-15T20:57:39.3079583Z   WindowsSdkBinPath: C:\Program Files (x86)\Windows Kits\10\bin\
2026-09-15T20:57:39.3080100Z   WindowsSdkDir: C:\Program Files (x86)\Windows Kits\10\
2026-09-15T20:57:39.3080775Z   WindowsSDKLibVersion: 10.0.26100.0\
2026-09-15T20:57:39.3081147Z   WindowsSdkVerBinPath: C:\Program Files (x86)\Windows Kits\10\bin\10.0.26100.0\
2026-09-15T20:57:39.3081534Z   WindowsSDKVersion: 10.0.26100.0\
2026-09-15T20:57:39.3081992Z   WindowsSDK_ExecutablePath_x64: C:\Program Files (x86)\Microsoft SDKs\Windows\v10.0A\bin\NETFX 4.8.1 Tools\x64\
2026-09-15T20:57:39.3082683Z   WindowsSDK_ExecutablePath_x86: C:\Program Files (x86)\Microsoft SDKs\Windows\v10.0A\bin\NETFX 4.8.1 Tools\
2026-09-15T20:57:39.3083147Z   __DOTNET_ADD_64BIT: 1
2026-09-15T20:57:39.3083364Z   __DOTNET_PREFERRED_BITNESS: 64
2026-09-15T20:57:39.3092688Z   __VSCMD_PREINIT_PATH: C:\Users\runneradmin\AppData\Roaming\Python\Python312\Scripts;C:\hostedtoolcache\windows\Python\3.12.10\x64\Scripts;C:\hostedtoolcache\windows\Python\3.12.10\x64;C:\Program Files\MongoDB\Server\7.0\bin;C:\vcpkg;C:\tools\zstd;C:\hostedtoolcache\windows\stack\3.11.1\x64;C:\cabal\bin;C:\\ghcup\bin;C:\mingw64\bin;C:\Program Files\dotnet;C:\Program Files\MySQL\MySQL Server 8.0\bin;C:\Program Files\R\R-4.6.1\bin\x64;C:\SeleniumWebDrivers\GeckoDriver;C:\SeleniumWebDrivers\EdgeDriver\;C:\SeleniumWebDrivers\ChromeDriver;C:\Program Files (x86)\sbt\bin;C:\Program Files (x86)\GitHub CLI;C:\Program Files\Git\bin;C:\Program Files (x86)\pipx_bin;C:\npm\prefix;C:\hostedtoolcache\windows\go\1.24.13\x64\bin;C:\hostedtoolcache\windows\Python\3.12.10\x64\Scripts;C:\hostedtoolcache\windows\Python\3.12.10\x64;C:\hostedtoolcache\windows\Ruby\3.3.12\x64\bin;C:\Program Files\OpenSSL\bin;C:\tools\kotlinc\bin;C:\hostedtoolcache\windows\Java_Temurin-Hotspot_jdk\17.0.20-101\x64\bin;C:\Program Files\ImageMagick-7.1.2-Q16-HDRI;C:\Program Files\Microsoft SDKs\Azure\CLI2\wbin;C:\ProgramData\kind;C:\ProgramData\Chocolatey\bin;C:\Windows\system32;C:\Windows;C:\Windows\System32\Wbem;C:\Windows\System32\WindowsPowerShell\v1.0\;C:\Windows\System32\OpenSSH\;C:\Program Files\PowerShell\7\;C:\Program Files\Microsoft\Web Platform Installer\;C:\Program Files\Microsoft SQL Server\170\Tools\Binn\;C:\Program Files\Microsoft SQL Server\Client SDK\ODBC\170\Tools\Binn\;C:\Program Files\dotnet\;C:\Program Files (x86)\Windows Kits\10\Windows Performance Toolkit\;C:\Program Files (x86)\WiX Toolset v3.14\bin;C:\Program Files\Microsoft SQL Server\130\DTS\Binn\;C:\Program Files\Microsoft SQL Server\140\DTS\Binn\;C:\Program Files\Microsoft SQL Server\150\DTS\Binn\;C:\Program Files\Microsoft SQL Server\160\DTS\Binn\;C:\Program Files\Microsoft SQL Server\170\DTS\Binn\;C:\ProgramData\chocolatey\lib\pulumi\tools\Pulumi\bin;C:\Program Files\CMake\bin;C:\Strawberry\c\bin;C:\Strawberry\perl\site\bin;C:\Strawberry\perl\bin;C:\ProgramData\chocolatey\lib\maven\apache-maven-3.9.16\bin;C:\Program Files\Microsoft Service Fabric\bin\Fabric\Fabric.Code;C:\Program Files\Microsoft SDKs\Service Fabric\Tools\ServiceFabricLocalClusterManager;C:\Program Files\nodejs\;C:\Program Files\Git\cmd;C:\Program Files\Git\mingw64\bin;C:\Program Files\Git\usr\bin;C:\Program Files\GitHub CLI\;c:\tools\php;C:\Program Files (x86)\sbt\bin;C:\Program Files\Amazon\AWSCLIV2\;C:\Program Files\Amazon\SessionManagerPlugin\bin\;C:\Program Files\Amazon\AWSSAMCLI\bin\;C:\Program Files\Microsoft SQL Server\130\Tools\Binn\;C:\Program Files\mongosh\;C:\Program Files\LLVM\bin;C:\Program Files (x86)\LLVM\bin;C:\Users\runneradmin\.dotnet\tools;C:\Users\runneradmin\.cargo\bin;C:\Users\runneradmin\AppData\Local\Microsoft\WindowsApps;C:\Program Files (x86)\Microsoft Visual Studio\Installer
2026-09-15T20:57:39.3102602Z ##[endgroup]
2026-09-15T20:57:39.5116550Z [0/2] Re-checking globbed directories...
2026-09-15T20:57:39.7451453Z [1/664] Copying bootstrap src/options/parse_opts.cc, reconfigure with RE2C_REBUILD_LEXERS to regenerate
2026-09-15T20:57:39.7728085Z [2/664] Copying bootstrap src/parse/lexer.cc and src/parse/lexer.h, reconfigure with RE2C_REBUILD_LEXERS to regenerate
2026-09-15T20:57:39.8055618Z [3/664] Copying bootstrap src/parse/conf_lexer.cc, reconfigure with RE2C_REBUILD_LEXERS to regenerate
2026-09-15T20:57:39.8259701Z [4/664] Copying bootstrap parser, reconfigure with RE2C_REBUILD_PARSERS to regenerate
2026-09-15T20:57:39.8586772Z [5/664] Copying bootstrap syntax file, reconfigure with RE2C_REBUILD_PARSERS to regenerate
2026-09-15T20:57:39.8813211Z [6/664] Copying bootstrap parser, reconfigure with RE2C_REBUILD_PARSERS to regenerate
2026-09-15T20:57:39.8903021Z [7/664] Copying bootstrap syntax file, reconfigure with RE2C_REBUILD_PARSERS to regenerate
2026-09-15T20:57:39.9141971Z [8/664] Copying bootstrap syntax file, reconfigure with RE2C_REBUILD_PARSERS to regenerate
2026-09-15T20:57:39.9231679Z [9/664] Copying bootstrap syntax file, reconfigure with RE2C_REBUILD_PARSERS to regenerate
2026-09-15T20:57:39.9472883Z [10/664] Copying bootstrap syntax file, reconfigure with RE2C_REBUILD_PARSERS to regenerate
2026-09-15T20:57:39.9547174Z [11/664] Copying bootstrap syntax file, reconfigure with RE2C_REBUILD_PARSERS to regenerate
2026-09-15T20:57:39.9799197Z [12/664] Copying bootstrap syntax file, reconfigure with RE2C_REBUILD_PARSERS to regenerate
2026-09-15T20:57:39.9863080Z [13/664] Copying bootstrap syntax file, reconfigure with RE2C_REBUILD_PARSERS to regenerate
2026-09-15T20:57:40.0128349Z [14/664] Copying bootstrap syntax file, reconfigure with RE2C_REBUILD_PARSERS to regenerate
2026-09-15T20:57:40.0180256Z [15/664] Copying bootstrap syntax file, reconfigure with RE2C_REBUILD_PARSERS to regenerate
2026-09-15T20:57:40.0442587Z [16/664] Copying bootstrap syntax file, reconfigure with RE2C_REBUILD_PARSERS to regenerate
2026-09-15T20:57:40.0490667Z [17/664] Copying bootstrap syntax file, reconfigure with RE2C_REBUILD_PARSERS to regenerate
2026-09-15T20:57:40.0769763Z [18/664] Generating doc/re2c.1
2026-09-15T20:57:40.0808512Z [19/664] Copying bootstrap src/msg/ver_to_vernum.cc, reconfigure with RE2C_REBUILD_LEXERS to regenerate
2026-09-15T20:57:42.9553413Z [20/664] Building CXX object re2c\CMakeFiles\re2c_objects_autogen.dir\src\parse\lexer.cc.obj
2026-09-15T20:57:42.9554308Z cl : Command line warning D9025 : overriding '/W3' with '/w'
2026-09-15T20:57:43.7170998Z [21/664] Building CXX object re2c\CMakeFiles\re2c_objects_autogen.dir\src\parse\parser.cc.obj
2026-09-15T20:57:43.7171968Z cl : Command line warning D9025 : overriding '/W3' with '/w'
2026-09-15T20:57:47.8798064Z [22/664] Building CXX object re2c\CMakeFiles\re2c_objects_autogen.dir\src\parse\conf_lexer.cc.obj
2026-09-15T20:57:47.8799266Z cl : Command line warning D9025 : overriding '/W3' with '/w'
2026-09-15T20:57:48.5673205Z [23/664] Building CXX object re2c\CMakeFiles\re2c_objects_autogen.dir\src\parse\conf_parser.cc.obj
2026-09-15T20:57:48.5674084Z cl : Command line warning D9025 : overriding '/W3' with '/w'
2026-09-15T20:57:48.9177958Z [24/664] Building CXX object re2c\CMakeFiles\re2c_objects_autogen_ver_to_vernum.dir\src\msg\ver_to_vernum.cc.obj
2026-09-15T20:57:48.9179162Z cl : Command line warning D9025 : overriding '/W3' with '/w'
2026-09-15T20:57:49.7194155Z [25/664] Building C object lemon\CMakeFiles\lemon.dir\lemon.c.obj
2026-09-15T20:57:50.6752373Z [26/664] Building CXX object re2c\CMakeFiles\re2c_objects_autogen.dir\src\options\parse_opts.cc.obj
2026-09-15T20:57:50.6753430Z cl : Command line warning D9025 : overriding '/W3' with '/w'
2026-09-15T20:57:50.7054353Z [27/664] Generating src/msg/help_re2c.cc
2026-09-15T20:57:51.3851897Z [28/664] Building CXX object re2c\CMakeFiles\re2c.dir\src\codegen\helpers.cc.obj
2026-09-15T20:57:51.3852506Z cl : Command line warning D9025 : overriding '/W3' with '/w'
2026-09-15T20:57:51.5452092Z [29/664] Building C object platform\CMakeFiles\platform.dir\platform.c.obj
2026-09-15T20:57:52.7324671Z [30/664] Building CXX object re2c\CMakeFiles\re2c.dir\src\codegen\output.cc.obj
2026-09-15T20:57:52.7505919Z cl : Command line warning D9025 : overriding '/W3' with '/w'
2026-09-15T20:57:52.9518565Z [31/664] Building CXX object re2c\CMakeFiles\re2c.dir\src\codegen\pass1_analyze.cc.obj
2026-09-15T20:57:52.9519869Z cl : Command line warning D9025 : overriding '/W3' with '/w'
2026-09-15T20:57:53.7557968Z [32/664] Building CXX object re2c\CMakeFiles\re2c.dir\src\codegen\pass3_fixup.cc.obj
2026-09-15T20:57:53.7580932Z cl : Command line warning D9025 : overriding '/W3' with '/w'
2026-09-15T20:57:54.5816087Z [33/664] Building CXX object re2c\CMakeFiles\re2c.dir\src\codegen\pass2_generate.cc.obj
2026-09-15T20:57:54.5816808Z cl : Command line warning D9025 : overriding '/W3' with '/w'
2026-09-15T20:57:55.4286480Z [34/664] Building CXX object re2c\CMakeFiles\re2c.dir\src\codegen\pass4_render.cc.obj
2026-09-15T20:57:55.4287330Z cl : Command line warning D9025 : overriding '/W3' with '/w'
2026-09-15T20:57:56.2418397Z [35/664] Building CXX object re2c\CMakeFiles\re2c.dir\src\options\symtab.cc.obj
2026-09-15T20:57:56.2473782Z cl : Command line warning D9025 : overriding '/W3' with '/w'
2026-09-15T20:57:57.6751535Z [36/664] Building CXX object re2c\CMakeFiles\re2c.dir\src\nfa\re_to_nfa.cc.obj
2026-09-15T20:57:57.6752433Z cl : Command line warning D9025 : overriding '/W3' with '/w'
2026-09-15T20:57:58.4555006Z [37/664] Building CXX object re2c\CMakeFiles\re2c.dir\src\options\opt.cc.obj
2026-09-15T20:57:58.4555909Z cl : Command line warning D9025 : overriding '/W3' with '/w'
2026-09-15T20:57:58.5066648Z [38/664] Building CXX object re2c\CMakeFiles\re2c.dir\src\debug\dump_adfa.cc.obj
2026-09-15T20:57:58.5067568Z cl : Command line warning D9025 : overriding '/W3' with '/w'
2026-09-15T20:57:58.5502553Z [39/664] Building CXX object re2c\CMakeFiles\re2c.dir\src\debug\dump_cfg.cc.obj
2026-09-15T20:57:58.5503456Z cl : Command line warning D9025 : overriding '/W3' with '/w'
2026-09-15T20:57:58.6150349Z [40/664] Building CXX object re2c\CMakeFiles\re2c.dir\src\debug\dump_dfa.cc.obj
2026-09-15T20:57:58.6316029Z cl : Command line warning D9025 : overriding '/W3' with '/w'
2026-09-15T20:57:58.7275432Z [41/664] Building CXX object re2c\CMakeFiles\re2c.dir\src\debug\dump_dfa_tree.cc.obj
2026-09-15T20:57:58.7423426Z cl : Command line warning D9025 : overriding '/W3' with '/w'
2026-09-15T20:57:58.9042619Z [42/664] Building CXX object re2c\CMakeFiles\re2c.dir\src\debug\dump_interf.cc.obj
2026-09-15T20:57:58.9070486Z cl : Command line warning D9025 : overriding '/W3' with '/w'
2026-09-15T20:57:59.0251455Z [43/664] Building CXX object re2c\CMakeFiles\re2c.dir\src\debug\dump_nfa.cc.obj
2026-09-15T20:57:59.0252669Z cl : Command line warning D9025 : overriding '/W3' with '/w'
2026-09-15T20:57:59.0928407Z [44/664] Building CXX object re2c\CMakeFiles\re2c.dir\src\adfa\adfa.cc.obj
2026-09-15T20:57:59.0929267Z cl : Command line warning D9025 : overriding '/W3' with '/w'
2026-09-15T20:57:59.5830596Z [45/664] Building CXX object re2c\CMakeFiles\re2c.dir\src\cfg\compact.cc.obj
2026-09-15T20:57:59.5831497Z cl : Command line warning D9025 : overriding '/W3' with '/w'
2026-09-15T20:57:59.5904661Z [46/664] Building CXX object re2c\CMakeFiles\re2c.dir\src\cfg\cfg.cc.obj
2026-09-15T20:57:59.5905462Z cl : Command line warning D9025 : overriding '/W3' with '/w'
2026-09-15T20:58:00.0286442Z [47/664] Building CXX object re2c\CMakeFiles\re2c.dir\src\cfg\dce.cc.obj
2026-09-15T20:58:00.0287245Z cl : Command line warning D9025 : overriding '/W3' with '/w'
2026-09-15T20:58:00.0329180Z [48/664] Building CXX object re2c\CMakeFiles\re2c.dir\src\cfg\freeze.cc.obj
2026-09-15T20:58:00.0330030Z cl : Command line warning D9025 : overriding '/W3' with '/w'
2026-09-15T20:58:00.5407328Z [49/664] Building CXX object re2c\CMakeFiles\re2c.dir\src\cfg\liveanal.cc.obj
2026-09-15T20:58:00.5408189Z cl : Command line warning D9025 : overriding '/W3' with '/w'
2026-09-15T20:58:00.6172526Z [50/664] Building CXX object re2c\CMakeFiles\re2c.dir\src\cfg\interfere.cc.obj
2026-09-15T20:58:00.6173846Z cl : Command line warning D9025 : overriding '/W3' with '/w'
2026-09-15T20:58:01.1113738Z [51/664] Building CXX object re2c\CMakeFiles\re2c.dir\src\cfg\normalize.cc.obj
2026-09-15T20:58:01.1114668Z cl : Command line warning D9025 : overriding '/W3' with '/w'
2026-09-15T20:58:01.1515298Z [52/664] Building CXX object re2c\CMakeFiles\re2c.dir\src\cfg\optimize.cc.obj
2026-09-15T20:58:01.1516155Z cl : Command line warning D9025 : overriding '/W3' with '/w'
2026-09-15T20:58:01.6474926Z [53/664] Building CXX object re2c\CMakeFiles\re2c.dir\src\cfg\varalloc.cc.obj
2026-09-15T20:58:01.6475829Z cl : Command line warning D9025 : overriding '/W3' with '/w'
2026-09-15T20:58:01.6794680Z [54/664] Building CXX object re2c\CMakeFiles\re2c.dir\src\cfg\rename.cc.obj
2026-09-15T20:58:01.6795571Z cl : Command line warning D9025 : overriding '/W3' with '/w'
2026-09-15T20:58:02.8909412Z [55/664] Building CXX object re2c\CMakeFiles\re2c.dir\src\dfa\dead_rules.cc.obj
2026-09-15T20:58:02.8971976Z cl : Command line warning D9025 : overriding '/W3' with '/w'
2026-09-15T20:58:03.1657042Z [56/664] Building CXX object re2c\CMakeFiles\re2c.dir\src\dfa\closure.cc.obj
2026-09-15T20:58:03.1657881Z cl : Command line warning D9025 : overriding '/W3' with '/w'
2026-09-15T20:58:03.7199663Z [57/664] Building CXX object re2c\CMakeFiles\re2c.dir\src\dfa\fallback_tags.cc.obj
2026-09-15T20:58:03.7200547Z cl : Command line warning D9025 : overriding '/W3' with '/w'
2026-09-15T20:58:04.4058304Z [58/664] Building CXX object re2c\CMakeFiles\re2c.dir\src\dfa\determinization.cc.obj
2026-09-15T20:58:04.4059223Z cl : Command line warning D9025 : overriding '/W3' with '/w'
2026-09-15T20:58:04.8373000Z [59/664] Building CXX object re2c\CMakeFiles\re2c.dir\src\dfa\fillpoints.cc.obj
2026-09-15T20:58:04.8374319Z cl : Command line warning D9025 : overriding '/W3' with '/w'
2026-09-15T20:58:05.4998819Z [60/664] Building CXX object re2c\CMakeFiles\re2c.dir\src\dfa\find_state.cc.obj
2026-09-15T20:58:05.5025064Z cl : Command line warning D9025 : overriding '/W3' with '/w'
2026-09-15T20:58:05.6142237Z [61/664] Building CXX object re2c\CMakeFiles\re2c.dir\src\dfa\minimization.cc.obj
2026-09-15T20:58:05.6143161Z cl : Command line warning D9025 : overriding '/W3' with '/w'
2026-09-15T20:58:06.0609879Z [62/664] Building CXX object re2c\CMakeFiles\re2c.dir\src\dfa\tagver_table.cc.obj
2026-09-15T20:58:06.0610830Z cl : Command line warning D9025 : overriding '/W3' with '/w'
2026-09-15T20:58:06.2362004Z [63/664] Building CXX object re2c\CMakeFiles\re2c.dir\src\dfa\tcmd.cc.obj
2026-09-15T20:58:06.2362582Z cl : Command line warning D9025 : overriding '/W3' with '/w'
2026-09-15T20:58:06.6023375Z [64/664] Building CXX object re2c\CMakeFiles\re2c.dir\src\encoding\enc.cc.obj
2026-09-15T20:58:06.6024219Z cl : Command line warning D9025 : overriding '/W3' with '/w'
2026-09-15T20:58:06.6158227Z [65/664] Building CXX object re2c\CMakeFiles\re2c.dir\src\encoding\ebcdic.cc.obj
2026-09-15T20:58:06.6158786Z cl : Command line warning D9025 : overriding '/W3' with '/w'
2026-09-15T20:58:07.0292789Z [66/664] Building CXX object re2c\CMakeFiles\re2c.dir\src\encoding\range_suffix.cc.obj
2026-09-15T20:58:07.0293687Z cl : Command line warning D9025 : overriding '/W3' with '/w'
2026-09-15T20:58:07.4971272Z [67/664] Building CXX object re2c\CMakeFiles\re2c.dir\src\encoding\utf8.cc.obj
2026-09-15T20:58:07.4972127Z cl : Command line warning D9025 : overriding '/W3' with '/w'
2026-09-15T20:58:07.9511976Z [68/664] Building CXX object re2c\CMakeFiles\re2c.dir\src\encoding\utf16.cc.obj
2026-09-15T20:58:07.9512924Z cl : Command line warning D9025 : overriding '/W3' with '/w'
2026-09-15T20:58:08.4739605Z [69/664] Building CXX object re2c\CMakeFiles\re2c.dir\src\msg\msg.cc.obj
2026-09-15T20:58:08.4740452Z cl : Command line warning D9025 : overriding '/W3' with '/w'
2026-09-15T20:58:09.5511385Z [70/664] Building CXX object re2c\CMakeFiles\re2c.dir\src\msg\warn.cc.obj
2026-09-15T20:58:09.5512198Z cl : Command line warning D9025 : overriding '/W3' with '/w'
2026-09-15T20:58:10.7299255Z [71/664] Building CXX object re2c\CMakeFiles\re2c.dir\src\regexp\ast_to_re.cc.obj
2026-09-15T20:58:10.7300120Z cl : Command line warning D9025 : overriding '/W3' with '/w'
2026-09-15T20:58:11.2881840Z [72/664] Building CXX object re2c\CMakeFiles\re2c.dir\src\regexp\default_tags.cc.obj
2026-09-15T20:58:11.2882994Z cl : Command line warning D9025 : overriding '/W3' with '/w'
2026-09-15T20:58:11.8729917Z [73/664] Building CXX object re2c\CMakeFiles\re2c.dir\src\regexp\fixed_tags.cc.obj
2026-09-15T20:58:11.8730782Z cl : Command line warning D9025 : overriding '/W3' with '/w'
2026-09-15T20:58:12.3395566Z [74/664] Building CXX object re2c\CMakeFiles\re2c.dir\src\regexp\nullable.cc.obj
2026-09-15T20:58:12.3396410Z cl : Command line warning D9025 : overriding '/W3' with '/w'
2026-09-15T20:58:12.8964472Z [75/664] Building CXX object re2c\CMakeFiles\re2c.dir\src\regexp\regexp.cc.obj
2026-09-15T20:58:12.8965157Z cl : Command line warning D9025 : overriding '/W3' with '/w'
2026-09-15T20:58:13.7226504Z [76/664] Building CXX object re2c\CMakeFiles\re2c.dir\src\regexp\split_charset.cc.obj
2026-09-15T20:58:13.7227371Z cl : Command line warning D9025 : overriding '/W3' with '/w'
2026-09-15T20:58:14.7590686Z [77/664] Building CXX object re2c\CMakeFiles\re2c.dir\src\skeleton\control_flow.cc.obj
2026-09-15T20:58:14.7591657Z cl : Command line warning D9025 : overriding '/W3' with '/w'
2026-09-15T20:58:16.0404599Z [78/664] Building CXX object re2c\CMakeFiles\re2c.dir\src\skeleton\generate_code.cc.obj
2026-09-15T20:58:16.0405628Z cl : Command line warning D9025 : overriding '/W3' with '/w'
2026-09-15T20:58:17.4869080Z [79/664] Building CXX object re2c\CMakeFiles\re2c.dir\src\skeleton\generate_data.cc.obj
2026-09-15T20:58:17.4869974Z cl : Command line warning D9025 : overriding '/W3' with '/w'
2026-09-15T20:58:18.3672958Z [80/664] Building CXX object re2c\CMakeFiles\re2c.dir\src\skeleton\maxpath.cc.obj
2026-09-15T20:58:18.3673866Z cl : Command line warning D9025 : overriding '/W3' with '/w'
2026-09-15T20:58:18.8211522Z [81/664] Building CXX object re2c\CMakeFiles\re2c.dir\src\encoding\unicode_casemap.cc.obj
2026-09-15T20:58:18.8212488Z cl : Command line warning D9025 : overriding '/W3' with '/w'
2026-09-15T20:58:19.3318946Z [82/664] Building CXX object re2c\CMakeFiles\re2c.dir\src\skeleton\skeleton.cc.obj
2026-09-15T20:58:19.3319943Z cl : Command line warning D9025 : overriding '/W3' with '/w'
2026-09-15T20:58:20.2812964Z [83/664] Building CXX object re2c\CMakeFiles\re2c.dir\src\parse\ast.cc.obj
2026-09-15T20:58:20.2923289Z cl : Command line warning D9025 : overriding '/W3' with '/w'
2026-09-15T20:58:20.4161709Z [84/664] Building CXX object re2c\CMakeFiles\re2c.dir\src\parse\input.cc.obj
2026-09-15T20:58:20.4162254Z cl : Command line warning D9025 : overriding '/W3' with '/w'
2026-09-15T20:58:20.7104707Z [85/664] Building CXX object re2c\CMakeFiles\re2c.dir\src\util\file_utils.cc.obj
2026-09-15T20:58:20.7105893Z cl : Command line warning D9025 : overriding '/W3' with '/w'
2026-09-15T20:58:21.0643145Z [86/664] Building CXX object re2c\CMakeFiles\re2c.dir\src\util\string_utils.cc.obj
2026-09-15T20:58:21.0644339Z cl : Command line warning D9025 : overriding '/W3' with '/w'
2026-09-15T20:58:21.0805455Z [87/664] Building CXX object re2c\CMakeFiles\re2c.dir\src\util\range.cc.obj
2026-09-15T20:58:21.0806326Z cl : Command line warning D9025 : overriding '/W3' with '/w'
2026-09-15T20:58:21.1286170Z [88/664] Building CXX object re2c\CMakeFiles\re2c.dir\src\msg\help_re2c.cc.obj
2026-09-15T20:58:21.1287014Z cl : Command line warning D9025 : overriding '/W3' with '/w'
2026-09-15T20:58:21.1726108Z [89/664] Building C object platform\CMakeFiles\platform.dir\rxinteger.c.obj
2026-09-15T20:58:21.3021738Z [90/664] Building C object avl_tree\CMakeFiles\avl_tree.dir\avl_tree.c.obj
2026-09-15T20:58:21.4023221Z [91/664] Building C object binutils\CMakeFiles\rxbin.dir\rxbin.c.obj
2026-09-15T20:58:22.4575135Z [92/664] Building C object binutils\CMakeFiles\rxbin.dir\rxbin007.c.obj
2026-09-15T20:58:22.5822076Z [93/664] Building C object binutils\CMakeFiles\rxbin.dir\rxsignature.c.obj
2026-09-15T20:58:22.6901870Z [94/664] Building CXX object re2c\CMakeFiles\re2c.dir\src\main.cc.obj
2026-09-15T20:58:22.6902652Z cl : Command line warning D9025 : overriding '/W3' with '/w'
2026-09-15T20:58:22.8387927Z [95/664] Building C object binutils\CMakeFiles\rxbin.dir\rxsha256.c.obj
2026-09-15T20:58:23.5353823Z [96/664] Building C object interpreter\CMakeFiles\rxvmmemory.dir\rxvmmemory.c.obj
2026-09-15T20:58:23.7999012Z [97/664] Linking C executable lemon\lemon.exe
2026-09-15T20:58:23.8390130Z [98/664] Building C object binutils\CMakeFiles\rxbin.dir\rxgraph.c.obj
2026-09-15T20:58:23.8898803Z [99/664] Linking C static library bin\platform.lib
2026-09-15T20:58:23.9193929Z [100/664] Linking C static library bin\avl_tree.lib
2026-09-15T20:58:23.9503298Z [101/664] Linking C static library bin\rxbin.lib
2026-09-15T20:58:24.0322933Z [102/664] Building C object interpreter\CMakeFiles\rxvmref.dir\rxvmref.c.obj
2026-09-15T20:58:24.1801201Z [103/664] Linking CXX executable re2c\re2c.exe
2026-09-15T20:58:24.2175580Z [104/664] Linking C static library bin\rxvmmemory.lib
2026-09-15T20:58:24.2432401Z [105/664] Create REXX ASSEMBLER Parser...
2026-09-15T20:58:24.4169604Z [106/664] Building C object interpreter\CMakeFiles\rxvmref.dir\rxpacompat.c.obj
2026-09-15T20:58:24.4517903Z [107/664] Linking C static library bin\rxvmref.lib
2026-09-15T20:58:24.8231970Z [108/664] Building C object interpreter\rxvmplugin\CMakeFiles\rxvmplugin.dir\rxvmplugin_framework.c.obj
2026-09-15T20:58:24.9493193Z [109/664] Building C object interpreter\rxvmplugin\rxvmplugins\mc_decimal\CMakeFiles\decnumber.dir\decnumber\decContext.c.obj
2026-09-15T20:58:25.0767513Z [110/664] Building C object interpreter\rxvmplugin\rxvmplugins\mc_decimal\CMakeFiles\decnumber.dir\decnumber\decNumber.c.obj
2026-09-15T20:58:25.1097758Z [111/664] Linking C static library bin\rxvmplugin.lib
2026-09-15T20:58:25.1447859Z [112/664] Linking C static library bin\decnumber.lib
2026-09-15T20:58:25.2712804Z [113/664] Building C object interpreter\rxvmplugin\rxvmplugins\mc_decimal\CMakeFiles\mc_decimal_manual.dir\mc_decimal.c.obj
2026-09-15T20:58:25.5745035Z [114/664] Building C object rxpa\CMakeFiles\rxpa.dir\rxpa.c.obj
2026-09-15T20:58:27.3712873Z [115/664] Create REXX ASSEMBLER Lexer...
2026-09-15T20:58:27.6135087Z [116/664] Building C object assembler\CMakeFiles\rxaslib.dir\rxastoke.c.obj
2026-09-15T20:58:27.8260715Z [117/664] Building C object assembler\CMakeFiles\rxaslib.dir\rxaseror.c.obj
2026-09-15T20:58:30.8449493Z [118/664] Building C object assembler\CMakeFiles\rxaslib.dir\rxasscan.c.obj
2026-09-15T20:58:31.1055520Z [119/664] Building C object assembler\CMakeFiles\rxaslib.dir\rxas_opt.c.obj
2026-09-15T20:58:31.7630843Z [120/664] Building C object assembler\CMakeFiles\rxaslib.dir\rxas_flow.c.obj
2026-09-15T20:58:31.8709406Z [121/664] Building C object assembler\CMakeFiles\rxaslib.dir\rxas_flow_batch.c.obj
2026-09-15T20:58:32.0052750Z [122/664] Building C object assembler\CMakeFiles\rxaslib.dir\rxas_flow_pass.c.obj
2026-09-15T20:58:32.1934282Z [123/664] Building C object assembler\CMakeFiles\rxaslib.dir\rxas_flow_graph.c.obj
2026-09-15T20:58:32.5720623Z [124/664] Building C object assembler\CMakeFiles\rxaslib.dir\rxas_flow_analysis.c.obj
2026-09-15T20:58:32.6951739Z [125/664] Building C object assembler\CMakeFiles\rxaslib.dir\rxas_flow_rewrite.c.obj
2026-09-15T20:58:33.0790304Z [126/664] Building C object assembler\CMakeFiles\rxaslib.dir\rxas_flow_signal.c.obj
2026-09-15T20:58:33.6484859Z [127/664] Building C object assembler\CMakeFiles\rxaslib.dir\rxas_flow_ssa.c.obj
2026-09-15T20:58:34.0326693Z [128/664] Building C object assembler\CMakeFiles\rxaslib.dir\rxas_flow_use.c.obj
2026-09-15T20:58:34.9412643Z [129/664] Building C object assembler\CMakeFiles\rxaslib.dir\rxas_flow_proof.c.obj
2026-09-15T20:58:35.0596942Z [130/664] Building C object assembler\CMakeFiles\rxaslib.dir\rxasgrmr.c.obj
2026-09-15T20:58:35.4495140Z [131/664] Building C object assembler\CMakeFiles\rxaslib.dir\rxasassm.c.obj
2026-09-15T20:58:35.5803247Z [132/664] Building C object assembler\CMakeFiles\rxaslib.dir\__\binutils\rxopmeta.c.obj
2026-09-15T20:58:35.6751006Z [133/664] Building C object assembler\CMakeFiles\rxaslib.dir\rxaslib.c.obj
2026-09-15T20:58:35.7134629Z [134/664] Building C object assembler\CMakeFiles\rxaslib.dir\rxas_dsl.c.obj
2026-09-15T20:58:36.0720466Z [135/664] Building C object interpreter\CMakeFiles\rxbvm_core_objects.dir\rxvmworker.c.obj
2026-09-15T20:58:36.5097922Z [136/664] Building C object interpreter\CMakeFiles\rxbvm_core_objects.dir\rxvmprogram.c.obj
2026-09-15T20:58:37.4828608Z [137/664] Building C object interpreter\CMakeFiles\rxbvm_core_objects.dir\rxvmexecutor.c.obj
2026-09-15T20:58:38.2411165Z [138/664] Building C object interpreter\CMakeFiles\rxbvm_core_objects.dir\rxvmchannel.c.obj
2026-09-15T20:58:38.8214875Z [139/664] Building C object interpreter\CMakeFiles\rxbvm_core_objects.dir\rxvmchannel_process.c.obj
2026-09-15T20:58:38.8930528Z [140/664] Building C object interpreter\CMakeFiles\rxbvm_core_objects.dir\rxvmprocessprotocol.c.obj
2026-09-15T20:58:39.2809245Z [141/664] Building C object interpreter\CMakeFiles\rxbvm_core_objects.dir\rxvmprocessworker.c.obj
2026-09-15T20:58:39.6609197Z [142/664] Building C object interpreter\CMakeFiles\rxbvm_core_objects.dir\rxvmbyteendpoint.c.obj
2026-09-15T20:58:40.1776257Z [143/664] Building C object interpreter\CMakeFiles\rxbvm_core_objects.dir\rxvmchannel_byte.c.obj
2026-09-15T20:58:40.7914705Z [144/664] Building C object interpreter\CMakeFiles\rxbvm_core_objects.dir\rxvmchannel_child.c.obj
2026-09-15T20:58:40.8889317Z [145/664] Building C object interpreter\CMakeFiles\rxbvm_core_objects.dir\rxvmactive.c.obj
2026-09-15T20:58:41.5964094Z [146/664] Building C object interpreter\CMakeFiles\rxbvm_core_objects.dir\rxvmload.c.obj
2026-09-15T20:58:42.0063746Z [147/664] Building C object interpreter\CMakeFiles\rxbvm_core_objects.dir\interrupt.c.obj
2026-09-15T20:58:43.0579069Z [148/664] Building C object interpreter\CMakeFiles\rxbvm_core_objects.dir\rxspawn.c.obj
2026-09-15T20:58:43.8599352Z [149/664] Building C object interpreter\CMakeFiles\rxbvm_core_objects.dir\rxcrexxcmd.c.obj
2026-09-15T20:58:43.9658692Z [150/664] Building C object interpreter\CMakeFiles\rxbvm_core_objects.dir\exitfunc.c.obj
2026-09-15T20:58:44.1706029Z [151/664] Building C object interpreter\CMakeFiles\rxbvm_core_objects.dir\rxpacallmethod.c.obj
2026-09-15T20:58:44.4173920Z [152/664] Building C object interpreter\CMakeFiles\rxbvm_core_objects.dir\rxpafuncs.c.obj
2026-09-15T20:58:44.6854795Z [153/664] Building C object interpreter\CMakeFiles\rxbvm_core_objects.dir\rxvml\rxvm_run.c.obj
2026-09-15T20:58:45.2576444Z [154/664] Building C object interpreter\CMakeFiles\rxvm_platform_objects.dir\rxvmsock.c.obj
2026-09-15T20:58:45.6537779Z [155/664] Building C object interpreter\CMakeFiles\rxbvml.dir\rxvmlib.c.obj
2026-09-15T20:58:46.1318033Z [156/664] Building C object interpreter\CMakeFiles\rxbvml.dir\rxvml.c.obj
2026-09-15T20:58:46.1665389Z [157/664] Linking C static library bin\rxvm_mc_decimal_manual.lib
2026-09-15T20:58:46.1995414Z [158/664] Linking C static library bin\rxpa.lib
2026-09-15T20:58:46.2410308Z [159/664] Linking C static library bin\rxaslib.lib
2026-09-15T20:58:46.3439865Z [160/664] Building C object assembler\CMakeFiles\rxas.dir\rxasmain.c.obj
2026-09-15T20:58:46.4974502Z [161/664] Linking C executable bin\rxas.exe
2026-09-15T20:58:46.5215747Z [162/664] cREXX assemble _elapsed ...
2026-09-15T20:58:46.5535173Z [163/664] cREXX RXAS Library Archive ...
2026-09-15T20:58:47.0195232Z [164/664] Building C object linker\CMakeFiles\rxlink.dir\rxlinkmain.c.obj
2026-09-15T20:58:47.1558438Z [165/664] Linking C executable bin\rxlink.exe
2026-09-15T20:58:47.5487791Z [166/664] Building C object lib\plugins\keyaccess\CMakeFiles\_keyaccess.dir\keyaccess.c.obj
2026-09-15T20:58:47.5489432Z D:\a\CREXX\CREXX\lib\plugins\keyaccess\keyaccess.c(949): warning C4477: 'fprintf' : format string '%ld' requires an argument of type 'long', but variadic argument 1 has type 'time_t'
2026-09-15T20:58:47.5490955Z D:\a\CREXX\CREXX\lib\plugins\keyaccess\keyaccess.c(949): note: consider using '%lld' in the format string
2026-09-15T20:58:47.5492144Z D:\a\CREXX\CREXX\lib\plugins\keyaccess\keyaccess.c(949): note: consider using '%Id' in the format string
2026-09-15T20:58:47.5493535Z D:\a\CREXX\CREXX\lib\plugins\keyaccess\keyaccess.c(949): note: consider using '%I64d' in the format string
2026-09-15T20:58:47.5494931Z D:\a\CREXX\CREXX\lib\plugins\keyaccess\keyaccess.c(1562): warning C4477: 'snprintf' : format string '%ld' requires an argument of type 'long', but variadic argument 1 has type 'time_t'
2026-09-15T20:58:47.5496339Z D:\a\CREXX\CREXX\lib\plugins\keyaccess\keyaccess.c(1562): note: consider using '%lld' in the format string
2026-09-15T20:58:47.5497333Z D:\a\CREXX\CREXX\lib\plugins\keyaccess\keyaccess.c(1562): note: consider using '%Id' in the format string
2026-09-15T20:58:47.5498312Z D:\a\CREXX\CREXX\lib\plugins\keyaccess\keyaccess.c(1562): note: consider using '%I64d' in the format string
2026-09-15T20:58:47.8952822Z [167/664] Building C object lib\plugins\id\CMakeFiles\id.dir\id.c.obj
2026-09-15T20:58:48.1974624Z [168/664] Building C object lib\plugins\fs\CMakeFiles\fs.dir\rxfs.c.obj
2026-09-15T20:58:48.5053499Z [169/664] Building C object lib\plugins\platform\CMakeFiles\_platform.dir\rxplatform.c.obj
2026-09-15T20:58:48.6461186Z [170/664] Linking C shared module bin\rx_keyaccess.rxplugin
2026-09-15T20:58:48.8396873Z [171/664] Linking C shared module bin\rxid.rxplugin
2026-09-15T20:58:49.0398369Z [172/664] Linking C shared module bin\rxfs.rxplugin
2026-09-15T20:58:49.2331536Z [173/664] Linking C shared module bin\rxplatform.rxplugin
2026-09-15T20:58:49.3771356Z [174/664] Building C object preprocessor\CMakeFiles\precomp.dir\precomp.c.obj
2026-09-15T20:58:49.4684173Z [175/664] Building C object cpacker\CMakeFiles\rxcpack.dir\rxcpack.c.obj
2026-09-15T20:58:49.4705679Z D:\a\CREXX\CREXX\cpacker\rxcpack.c(190): warning C4477: 'fprintf' : format string '%lu' requires an argument of type 'unsigned long', but variadic argument 2 has type 'size_t'
2026-09-15T20:58:49.4707937Z D:\a\CREXX\CREXX\cpacker\rxcpack.c(190): note: consider using '%zu' in the format string
2026-09-15T20:58:49.8743240Z [176/664] Building C object interpreter\CMakeFiles\rxvml.dir\rxvmlib.c.obj
2026-09-15T20:58:50.3537489Z [177/664] Building C object interpreter\CMakeFiles\rxvml.dir\rxvml.c.obj
2026-09-15T20:58:50.4067032Z [178/664] Building C object interpreter\CMakeFiles\rxpashim.dir\rxpashim.c.obj
2026-09-15T20:58:50.5415490Z [179/664] Building C object preprocessor\CMakeFiles\precomp_static.dir\precomp.c.obj
2026-09-15T20:58:50.6724268Z [180/664] Linking C shared module bin\rxprecomp.rxplugin
2026-09-15T20:58:50.7636234Z [181/664] Building C object lib\plugins\hash\CMakeFiles\_hash.dir\rx_hash.c.obj
2026-09-15T20:58:51.0590356Z [182/664] Building C object lib\plugins\fs\CMakeFiles\fs_static.dir\rxfs.c.obj
2026-09-15T20:58:51.3530573Z [183/664] Building C object lib\plugins\platform\CMakeFiles\_platform_static.dir\rxplatform.c.obj
2026-09-15T20:58:51.4807679Z [184/664] Linking C executable bin\rxcpack.exe
2026-09-15T20:58:51.9103157Z [185/664] Building C object interpreter\CMakeFiles\rxbvm.dir\rxvmmain.c.obj
2026-09-15T20:58:51.9426887Z [186/664] Linking C static library bin\rxpashim.lib
2026-09-15T20:58:51.9774019Z [187/664] Linking C static library bin\rxprecomp_static.lib
2026-09-15T20:58:52.0363753Z [188/664] Stage rxpp macro support files ...
2026-09-15T20:58:52.2295779Z [189/664] Linking C shared module bin\rx_hash.rxplugin
2026-09-15T20:58:52.3465902Z [190/664] Linking C static library bin\rxfs_static.lib
2026-09-15T20:58:52.4597915Z [191/664] Linking C static library bin\rxplatform_static.lib
2026-09-15T20:58:52.5509399Z [192/664] Building C object lib\plugins\float\CMakeFiles\float.dir\rxfloat.c.obj
2026-09-15T20:58:52.6320715Z [193/664] Building C object lib\plugins\float\CMakeFiles\float_static.dir\rxfloat.c.obj
2026-09-15T20:58:52.7203828Z [194/664] Building C object lib\plugins\hash\CMakeFiles\_hash_static.dir\rx_hash.c.obj
2026-09-15T20:59:13.0974545Z [195/664] Building C object interpreter\CMakeFiles\rxbvm_core_objects.dir\rxvmintp.c.obj
2026-09-15T20:59:13.3334013Z [196/664] Building C object lib\plugins\sqlite\CMakeFiles\sqlite.dir\rxsqlite.c.obj
2026-09-15T20:59:13.4919433Z [197/664] Building C object lib\plugins\sqlite\CMakeFiles\crexx_sqlite3_objects.dir\vendor\sqlite3.c.obj
2026-09-15T20:59:13.7257395Z [198/664] Building C object lib\plugins\keyaccess\CMakeFiles\_keyaccess_static.dir\keyaccess.c.obj
2026-09-15T20:59:13.7258390Z D:\a\CREXX\CREXX\lib\plugins\keyaccess\keyaccess.c(949): warning C4477: 'fprintf' : format string '%ld' requires an argument of type 'long', but variadic argument 1 has type 'time_t'
2026-09-15T20:59:13.7259319Z D:\a\CREXX\CREXX\lib\plugins\keyaccess\keyaccess.c(949): note: consider using '%lld' in the format string
2026-09-15T20:59:13.7260065Z D:\a\CREXX\CREXX\lib\plugins\keyaccess\keyaccess.c(949): note: consider using '%Id' in the format string
2026-09-15T20:59:13.7260858Z D:\a\CREXX\CREXX\lib\plugins\keyaccess\keyaccess.c(949): note: consider using '%I64d' in the format string
2026-09-15T20:59:13.7261943Z D:\a\CREXX\CREXX\lib\plugins\keyaccess\keyaccess.c(1562): warning C4477: 'snprintf' : format string '%ld' requires an argument of type 'long', but variadic argument 1 has type 'time_t'
2026-09-15T20:59:13.7262867Z D:\a\CREXX\CREXX\lib\plugins\keyaccess\keyaccess.c(1562): note: consider using '%lld' in the format string
2026-09-15T20:59:13.7263529Z D:\a\CREXX\CREXX\lib\plugins\keyaccess\keyaccess.c(1562): note: consider using '%Id' in the format string
2026-09-15T20:59:13.7264182Z D:\a\CREXX\CREXX\lib\plugins\keyaccess\keyaccess.c(1562): note: consider using '%I64d' in the format string
2026-09-15T20:59:13.8472828Z [199/664] Building C object lib\plugins\llist\CMakeFiles\_llist.dir\llist.c.obj
2026-09-15T20:59:14.1021989Z [200/664] Building C object lib\plugins\treemap\CMakeFiles\_treemap.dir\treemap.c.obj
2026-09-15T20:59:14.1026672Z D:\a\CREXX\CREXX\lib\plugins\treemap\treemap.c(1085): warning C4477: 'printf' : format string '%lu' requires an argument of type 'unsigned long', but variadic argument 1 has type 'size_t'
2026-09-15T20:59:14.1028516Z D:\a\CREXX\CREXX\lib\plugins\treemap\treemap.c(1085): note: consider using '%zu' in the format string
2026-09-15T20:59:14.1146126Z [201/664] Building C object lib\plugins\llist\CMakeFiles\_llist_static.dir\llist.c.obj
2026-09-15T20:59:14.2020672Z [202/664] Building C object lib\plugins\console\CMakeFiles\console.dir\rxconsole.c.obj
2026-09-15T20:59:14.3306077Z [203/664] Building C object lib\plugins\treemap\CMakeFiles\_treemap_static.dir\treemap.c.obj
2026-09-15T20:59:14.3307732Z D:\a\CREXX\CREXX\lib\plugins\treemap\treemap.c(1085): warning C4477: 'printf' : format string '%lu' requires an argument of type 'unsigned long', but variadic argument 1 has type 'size_t'
2026-09-15T20:59:14.3309322Z D:\a\CREXX\CREXX\lib\plugins\treemap\treemap.c(1085): note: consider using '%zu' in the format string
2026-09-15T20:59:14.4519606Z [204/664] Building C object lib\plugins\console\CMakeFiles\console.dir\rxconsole_decode.c.obj
2026-09-15T20:59:14.5989130Z [205/664] Building C object lib\plugins\console\CMakeFiles\console.dir\rxconsole_core.c.obj
2026-09-15T20:59:14.6654244Z [206/664] Linking C shared module bin\rxfloat.rxplugin
2026-09-15T20:59:14.7151968Z [207/664] Linking C static library bin\rxbvml.lib
2026-09-15T20:59:14.7332939Z [208/664] Linking C static library bin\rxfloat_static.lib
2026-09-15T20:59:14.7351991Z [209/664] Create Options Parser...
2026-09-15T20:59:15.2073007Z [210/664] Create Options Lexer...
2026-09-15T20:59:15.4736496Z [211/664] Create REXX B Parser...
2026-09-15T20:59:15.6212309Z [212/664] Create REXX C Parser...
2026-09-15T20:59:16.8945431Z [213/664] Create REXX C Lexer...
2026-09-15T20:59:16.9414486Z [214/664] Linking C static library bin\rxvml.lib
2026-09-15T20:59:17.1646963Z [215/664] Linking C executable bin\rxbvm.exe
2026-09-15T20:59:17.2792224Z [216/664] Linking C static library bin\rx_hash_static.lib
2026-09-15T20:59:17.3175465Z [217/664] Linking C static library bin\rx_keyaccess_static.lib
2026-09-15T20:59:17.5391138Z [218/664] Linking C shared module bin\rxsqlite.rxplugin
2026-09-15T20:59:17.6685770Z [219/664] Linking C shared module bin\rx_llist.rxplugin
2026-09-15T20:59:17.7053759Z [220/664] Linking C static library bin\rx_llist_static.lib
2026-09-15T20:59:17.8339035Z [221/664] Linking C shared module bin\rx_treemap.rxplugin
2026-09-15T20:59:17.8694115Z [222/664] Linking C static library bin\rx_treemap_static.lib
2026-09-15T20:59:18.0627187Z [223/664] Linking C shared module bin\rxconsole.rxplugin
2026-09-15T20:59:18.3984726Z [224/664] Building C object interpreter\CMakeFiles\crexxsaa.dir\crexxsaa.c.obj
2026-09-15T20:59:18.5696655Z [225/664] Linking C shared library bin\crexxsaa.dll
2026-09-15T20:59:18.8371511Z [226/664] Building C object interpreter\CMakeFiles\crexxsaa_tool.dir\crexxsaa_tool.c.obj
2026-09-15T20:59:18.9730324Z [227/664] Linking C executable bin\crexxsaa.exe
2026-09-15T20:59:19.0108936Z [228/664] Creating rxvm copy of rxbvm
2026-09-15T20:59:42.8802136Z [229/664] Create REXX B Lexer...
2026-09-15T20:59:43.1662788Z [230/664] Building C object compiler\CMakeFiles\rxclib.dir\rxcpmain.c.obj
2026-09-15T20:59:43.2171894Z [231/664] Building C object compiler\CMakeFiles\rxclib.dir\rxcp_ast_core.c.obj
2026-09-15T20:59:43.3110718Z [232/664] Building C object compiler\CMakeFiles\rxclib.dir\rxcp_ast_walk.c.obj
2026-09-15T20:59:43.3157701Z [233/664] Building C object compiler\CMakeFiles\rxclib.dir\rxcp_ast_print.c.obj
2026-09-15T20:59:43.5125173Z [234/664] Building C object compiler\CMakeFiles\rxclib.dir\rxcp_diag.c.obj
2026-09-15T20:59:43.5819151Z [235/664] Building C object compiler\CMakeFiles\rxclib.dir\rxcp_util.c.obj
2026-09-15T20:59:43.6189186Z [236/664] Building C object compiler\CMakeFiles\rxclib.dir\rxcp_dsl.c.obj
2026-09-15T20:59:43.6510165Z [237/664] Building C object compiler\CMakeFiles\rxclib.dir\rxcp_diag_fallback.c.obj
2026-09-15T20:59:43.6547068Z [238/664] Building C object compiler\CMakeFiles\rxclib.dir\rxcp_highlight_controller.c.obj
2026-09-15T20:59:43.7734343Z [239/664] Building C object compiler\CMakeFiles\rxclib.dir\rxcp_source_ext.c.obj
2026-09-15T20:59:43.9061967Z [240/664] Building C object compiler\CMakeFiles\rxclib.dir\rxcp_source_tree.c.obj
2026-09-15T20:59:44.0333044Z [241/664] Building C object compiler\CMakeFiles\rxclib.dir\rxcp_srcmap.c.obj
2026-09-15T20:59:44.1517508Z [242/664] Building C object compiler\CMakeFiles\rxclib.dir\rxcpopgr.c.obj
2026-09-15T20:59:44.2476204Z [243/664] Building C object compiler\CMakeFiles\rxclib.dir\rxcpopar.c.obj
2026-09-15T20:59:46.5131576Z [244/664] Building C object compiler\CMakeFiles\rxclib.dir\rxcposcn.c.obj
2026-09-15T20:59:47.4551191Z [245/664] Building C object compiler\CMakeFiles\rxclib.dir\rxcpbgmr.c.obj
2026-09-15T20:59:47.5907901Z [246/664] Building C object compiler\CMakeFiles\rxclib.dir\rxcpbpar.c.obj
2026-09-15T20:59:51.4227612Z [247/664] Building C object compiler\CMakeFiles\rxclib.dir\rexcscan.c.obj
2026-09-15T20:59:52.0661470Z [248/664] Building C object compiler\CMakeFiles\rxclib.dir\rxcpcgmr.c.obj
2026-09-15T20:59:52.3268994Z [249/664] Building C object compiler\CMakeFiles\rxclib.dir\rxcpcpar.c.obj
2026-09-15T20:59:52.6403844Z [250/664] Building C object compiler\CMakeFiles\rxclib.dir\rxcpcdiag.c.obj
2026-09-15T20:59:52.7157775Z [251/664] Building C object compiler\CMakeFiles\rxclib.dir\rxcpcsym.c.obj
2026-09-15T20:59:52.8306933Z [252/664] Building C object compiler\CMakeFiles\rxclib.dir\rxcpcval.c.obj
2026-09-15T20:59:53.0938777Z [253/664] Building C object compiler\CMakeFiles\rxclib.dir\rxcp_val_sym.c.obj
2026-09-15T20:59:53.5974294Z [254/664] Building C object compiler\CMakeFiles\rxclib.dir\rxcp_val_type.c.obj
2026-09-15T20:59:53.7410659Z [255/664] Building C object compiler\CMakeFiles\rxclib.dir\rxcp_val_trans.c.obj
2026-09-15T20:59:53.8357822Z [256/664] Building C object compiler\CMakeFiles\rxclib.dir\rxcp_ast_rewrite.c.obj
2026-09-15T20:59:54.0639750Z [257/664] Building C object compiler\CMakeFiles\rxclib.dir\rxcp_val_check.c.obj
2026-09-15T20:59:54.1422358Z [258/664] Building C object compiler\CMakeFiles\rxclib.dir\rxcp_val_plugin.c.obj
2026-09-15T20:59:54.4609183Z [259/664] Building C object compiler\CMakeFiles\rxclib.dir\rxcp_val_orch.c.obj
2026-09-15T20:59:54.7195156Z [260/664] Building C object compiler\CMakeFiles\rxclib.dir\rxcpsymb.c.obj
2026-09-15T20:59:54.7943628Z [261/664] Building C object compiler\CMakeFiles\rxclib.dir\rxcp_fixup.c.obj
2026-09-15T20:59:54.9049741Z [262/664] Building C object compiler\CMakeFiles\rxclib.dir\rxcp_ast_val.c.obj
2026-09-15T20:59:54.9898729Z [263/664] Building C object compiler\CMakeFiles\rxclib.dir\rxcp_remap.c.obj
2026-09-15T20:59:55.1527216Z [264/664] Building C object compiler\CMakeFiles\rxclib.dir\rxcp_remap_build.c.obj
2026-09-15T20:59:55.4800348Z [265/664] Building C object compiler\CMakeFiles\rxclib.dir\rxcp_task_lower.c.obj
2026-09-15T20:59:55.7985944Z [266/664] Building C object compiler\CMakeFiles\rxclib.dir\rxcp_levelc_lower.c.obj
2026-09-15T20:59:56.8673133Z [267/664] Building C object compiler\CMakeFiles\rxclib.dir\rxcp_inline.c.obj
2026-09-15T20:59:56.9979026Z [268/664] Building C object compiler\CMakeFiles\rxclib.dir\rxcp_inline_rules.c.obj
2026-09-15T20:59:57.4743689Z [269/664] Building C object compiler\CMakeFiles\rxclib.dir\rxcpemit.c.obj
2026-09-15T20:59:57.6551932Z [270/664] Building C object compiler\CMakeFiles\rxclib.dir\rxcp_emit_core.c.obj
2026-09-15T20:59:57.8539860Z [271/664] Building C object compiler\CMakeFiles\rxclib.dir\rxcp_emit_super.c.obj
2026-09-15T20:59:58.3166280Z [272/664] Building C object compiler\CMakeFiles\rxclib.dir\rxcp_emit_reg.c.obj
2026-09-15T20:59:59.0294310Z [273/664] Building C object compiler\CMakeFiles\rxclib.dir\rxcp_emit_expr.c.obj
2026-09-15T20:59:59.4016818Z [274/664] Building C object compiler\CMakeFiles\rxclib.dir\rxcp_emit_flow.c.obj
2026-09-15T20:59:59.5803548Z [275/664] Building C object compiler\CMakeFiles\rxclib.dir\rxcp_emit_proc.c.obj
2026-09-15T20:59:59.7141112Z [276/664] Building C object compiler\CMakeFiles\rxclib.dir\rxcp_emit_meta.c.obj
2026-09-15T21:00:00.3602083Z [277/664] Building C object compiler\CMakeFiles\rxclib.dir\rxcp_opt.c.obj
2026-09-15T21:00:01.1036638Z [278/664] Building C object compiler\CMakeFiles\rxclib.dir\rxcp_partial_call.c.obj
2026-09-15T21:00:01.5551801Z [279/664] Building C object compiler\CMakeFiles\rxclib.dir\rxcp_flow.c.obj
2026-09-15T21:00:01.7115800Z [280/664] Building C object compiler\CMakeFiles\rxclib.dir\rxcp_dispatch.c.obj
2026-09-15T21:00:02.0439423Z [281/664] Building C object compiler\CMakeFiles\rxclib.dir\__\platform\platform.c.obj
2026-09-15T21:00:02.0919076Z [282/664] Building C object compiler\CMakeFiles\rxclib.dir\__\platform\rxinteger.c.obj
2026-09-15T21:00:02.8613339Z [283/664] Building C object compiler\CMakeFiles\rxclib.dir\rxcpfunc.c.obj
2026-09-15T21:00:02.8614372Z D:\a\CREXX\CREXX\compiler\rxcpfunc.c(1876): warning C4068: unknown pragma 'clang'
2026-09-15T21:00:02.8615346Z D:\a\CREXX\CREXX\compiler\rxcpfunc.c(1877): warning C4068: unknown pragma 'ide'
2026-09-15T21:00:02.8616254Z D:\a\CREXX\CREXX\compiler\rxcpfunc.c(1941): warning C4068: unknown pragma 'clang'
2026-09-15T21:00:03.0215560Z [284/664] Building C object compiler\CMakeFiles\rxclib.dir\rxcp_import_report.c.obj
2026-09-15T21:00:03.1612670Z [285/664] Building C object compiler\CMakeFiles\rxclib.dir\rxcp_project_dependencies.c.obj
2026-09-15T21:00:03.3166897Z [286/664] Building C object compiler\CMakeFiles\rxclib.dir\rxcp_import_publish.c.obj
2026-09-15T21:00:03.7389344Z [287/664] Building C object compiler\CMakeFiles\rxclib.dir\rxcp_exit.c.obj
2026-09-15T21:00:03.8151247Z [288/664] Building C object compiler\CMakeFiles\rxclib.dir\rxcp_instr.c.obj
2026-09-15T21:00:03.8733872Z [289/664] Building C object compiler\CMakeFiles\rxc.dir\rxc_main.c.obj
2026-09-15T21:00:51.1308131Z [290/664] Building C object compiler\CMakeFiles\rxclib.dir\rexbscan.c.obj
2026-09-15T21:00:51.1962766Z [291/664] Linking C static library bin\rxclib.lib
2026-09-15T21:00:51.4435191Z [292/664] Linking C executable bin\rxc.exe
2026-09-15T21:00:51.7250883Z [293/664] Building token.rxbin
2026-09-15T21:00:54.0277673Z [294/664] cREXX compile and assemble _address ...
2026-09-15T21:00:54.5977943Z [295/664] cREXX compile and assemble _rxsystem ...
2026-09-15T21:00:55.2017758Z [296/664] cREXX compile and assemble _jdn ...
2026-09-15T21:00:55.8992121Z [297/664] cREXX compile and assemble _datei ...
2026-09-15T21:00:56.5079775Z [298/664] cREXX compile and assemble _dateo ...
2026-09-15T21:00:57.0352888Z [299/664] cREXX compile and assemble _ftrunc ...
2026-09-15T21:00:57.5664656Z [300/664] cREXX compile and assemble _itrunc ...
2026-09-15T21:00:58.4426277Z [301/664] cREXX compile and assemble _typedformat ...
2026-09-15T21:00:58.8836936Z [302/664] cREXX compile and assemble abbrev ...
2026-09-15T21:00:59.3340277Z [303/664] cREXX compile and assemble abs ...
2026-09-15T21:00:59.7973059Z [304/664] cREXX compile and assemble intabs ...
2026-09-15T21:01:00.2517191Z [305/664] cREXX compile and assemble floatabs ...
2026-09-15T21:01:00.8287909Z [306/664] cREXX compile and assemble b2x ...
2026-09-15T21:01:01.3091314Z [307/664] cREXX compile and assemble b2d ...
2026-09-15T21:01:01.8696432Z [308/664] cREXX compile and assemble binary ...
2026-09-15T21:01:02.3382795Z [309/664] cREXX compile and assemble c2x ...
2026-09-15T21:01:02.9644604Z [310/664] cREXX compile and assemble c2d ...
2026-09-15T21:01:03.5897403Z [311/664] cREXX compile and assemble center ...
2026-09-15T21:01:04.3200126Z [312/664] cREXX compile and assemble centre ...
2026-09-15T21:01:04.8234974Z [313/664] cREXX compile and assemble changestr ...
2026-09-15T21:01:05.2925837Z [314/664] cREXX compile and assemble compare ...
2026-09-15T21:01:05.7318332Z [315/664] cREXX compile and assemble copies ...
2026-09-15T21:01:06.1843917Z [316/664] cREXX compile and assemble countstr ...
2026-09-15T21:01:06.6303608Z [317/664] cREXX compile and assemble d2b ...
2026-09-15T21:01:07.0593522Z [318/664] cREXX compile and assemble d2c ...
2026-09-15T21:01:07.5286083Z [319/664] cREXX compile and assemble d2x ...
2026-09-15T21:01:07.9769415Z [320/664] cREXX compile and assemble date ...
2026-09-15T21:01:08.4291206Z [321/664] cREXX compile and assemble delstr ...
2026-09-15T21:01:08.8799522Z [322/664] cREXX compile and assemble delword ...
2026-09-15T21:01:09.4987787Z [323/664] cREXX compile and assemble fileio ...
2026-09-15T21:01:09.9204087Z [324/664] cREXX compile and assemble filter ...
2026-09-15T21:01:10.7119178Z [325/664] cREXX compile and assemble format ...
2026-09-15T21:01:11.1485934Z [326/664] cREXX compile and assemble intformat ...
2026-09-15T21:01:11.6063059Z [327/664] cREXX compile and assemble floatformat ...
2026-09-15T21:01:12.0394264Z [328/664] cREXX compile and assemble fnv ...
2026-09-15T21:01:12.4782230Z [329/664] cREXX compile and assemble getenv ...
2026-09-15T21:01:12.9472553Z [330/664] cREXX compile and assemble insert ...
2026-09-15T21:01:13.3652810Z [331/664] cREXX compile and assemble length ...
2026-09-15T21:01:13.8044308Z [332/664] cREXX compile and assemble linesize ...
2026-09-15T21:01:14.2433404Z [333/664] cREXX compile and assemble loadmodule ...
2026-09-15T21:01:14.6750778Z [334/664] cREXX compile and assemble lower ...
2026-09-15T21:01:15.1152948Z [335/664] cREXX compile and assemble max ...
2026-09-15T21:01:15.5445372Z [336/664] cREXX compile and assemble intmax ...
2026-09-15T21:01:15.9755692Z [337/664] cREXX compile and assemble floatmax ...
2026-09-15T21:01:16.3936329Z [338/664] cREXX compile and assemble min ...
2026-09-15T21:01:16.8138920Z [339/664] cREXX compile and assemble intmin ...
2026-09-15T21:01:17.2283831Z [340/664] cREXX compile and assemble floatmin ...
2026-09-15T21:01:17.6443768Z [341/664] cREXX compile and assemble numeric ...
2026-09-15T21:01:18.0887787Z [342/664] cREXX compile and assemble overlay ...
2026-09-15T21:01:18.5176253Z [343/664] cREXX compile and assemble pos ...
2026-09-15T21:01:19.1038530Z [344/664] cREXX compile and assemble qscan ...
2026-09-15T21:01:19.5333152Z [345/664] cREXX compile and assemble qpos ...
2026-09-15T21:01:19.9751249Z [346/664] cREXX compile and assemble qsplit ...
2026-09-15T21:01:20.4050819Z [347/664] cREXX compile and assemble qsplitsafe ...
2026-09-15T21:01:20.8428827Z [348/664] cREXX compile and assemble qextractall ...
2026-09-15T21:01:21.2776153Z [349/664] cREXX compile and assemble qextractpair ...
2026-09-15T21:01:21.7134573Z [350/664] cREXX compile and assemble qstripcomment ...
2026-09-15T21:01:22.1527333Z [351/664] cREXX compile and assemble qremoveall ...
2026-09-15T21:01:22.7066001Z [352/664] cREXX compile and assemble fsayfmt ...
2026-09-15T21:01:23.1380317Z [353/664] cREXX compile and assemble lastpos ...
2026-09-15T21:01:23.5612314Z [354/664] cREXX compile and assemble left ...
2026-09-15T21:01:23.9889810Z [355/664] cREXX compile and assemble right ...
2026-09-15T21:01:24.4978107Z [356/664] cREXX compile and assemble raise ...
2026-09-15T21:01:24.9236648Z [357/664] cREXX compile and assemble reverse ...
2026-09-15T21:01:25.3716742Z [358/664] cREXX compile and assemble signal ...
2026-09-15T21:01:26.5891555Z [359/664] cREXX compile and assemble trace ...
2026-09-15T21:01:27.0123986Z [360/664] cREXX compile and assemble sign ...
2026-09-15T21:01:27.4325346Z [361/664] cREXX compile and assemble intsign ...
2026-09-15T21:01:27.8592181Z [362/664] cREXX compile and assemble floatsign ...
2026-09-15T21:01:28.3019535Z [363/664] cREXX compile and assemble space ...
2026-09-15T21:01:28.7484735Z [364/664] cREXX compile and assemble strip ...
2026-09-15T21:01:29.1899223Z [365/664] cREXX compile and assemble substr ...
2026-09-15T21:01:29.6290354Z [366/664] cREXX compile and assemble substro ...
2026-09-15T21:01:30.0748776Z [367/664] cREXX compile and assemble symbol ...
2026-09-15T21:01:30.6278876Z [368/664] cREXX compile and assemble time ...
2026-09-15T21:01:31.0682982Z [369/664] cREXX compile and assemble translate ...
2026-09-15T21:01:31.5349600Z [370/664] cREXX compile and assemble trunc ...
2026-09-15T21:01:32.0122113Z [371/664] cREXX compile and assemble floattrunc ...
2026-09-15T21:01:32.4313651Z [372/664] cREXX compile and assemble upper ...
2026-09-15T21:01:32.8674265Z [373/664] cREXX compile and assemble value ...
2026-09-15T21:01:33.3092180Z [374/664] cREXX compile and assemble verify ...
2026-09-15T21:01:33.7360567Z [375/664] cREXX compile and assemble version ...
2026-09-15T21:01:34.1645874Z [376/664] cREXX compile and assemble sourceinfo ...
2026-09-15T21:01:34.5850790Z [377/664] cREXX compile and assemble word ...
2026-09-15T21:01:35.0095369Z [378/664] cREXX compile and assemble words ...
2026-09-15T21:01:35.4338219Z [379/664] cREXX compile and assemble wordindex ...
2026-09-15T21:01:35.8676471Z [380/664] cREXX compile and assemble subword ...
2026-09-15T21:01:36.3004475Z [381/664] cREXX compile and assemble wordlength ...
2026-09-15T21:01:36.7643238Z [382/664] cREXX compile and assemble wordpos ...
2026-09-15T21:01:37.1945339Z [383/664] cREXX compile and assemble qword ...
2026-09-15T21:01:37.6159744Z [384/664] cREXX compile and assemble qwordlength ...
2026-09-15T21:01:38.0340374Z [385/664] cREXX compile and assemble qwords ...
2026-09-15T21:01:38.4561333Z [386/664] cREXX compile and assemble qwordindex ...
2026-09-15T21:01:38.8976515Z [387/664] cREXX compile and assemble qwordpos ...
2026-09-15T21:01:39.3288828Z [388/664] cREXX compile and assemble qsubword ...
2026-09-15T21:01:40.2576833Z [389/664] cREXX compile and assemble regex ...
2026-09-15T21:01:40.6978923Z [390/664] cREXX compile and assemble x2b ...
2026-09-15T21:01:41.1389926Z [391/664] cREXX compile and assemble x2c ...
2026-09-15T21:01:41.6062255Z [392/664] cREXX compile and assemble x2d ...
2026-09-15T21:01:42.0553826Z [393/664] cREXX compile and assemble random ...
2026-09-15T21:01:42.6033074Z [394/664] cREXX compile and assemble reradix ...
2026-09-15T21:01:43.0312953Z [395/664] cREXX compile and assemble sequence ...
2026-09-15T21:01:43.4617354Z [396/664] cREXX compile and assemble find ...
2026-09-15T21:01:43.8823578Z [397/664] cREXX compile and assemble index ...
2026-09-15T21:01:44.3136928Z [398/664] cREXX compile and assemble xrange ...
2026-09-15T21:01:44.9093633Z [399/664] cREXX compile and assemble parsecompile ...
2026-09-15T21:01:45.7305623Z [400/664] cREXX compile and assemble parsestring ...
2026-09-15T21:01:46.1753087Z [401/664] cREXX compile and assemble parse ...
2026-09-15T21:01:46.6838724Z [402/664] cREXX compile and assemble datatype ...
2026-09-15T21:01:47.1159537Z [403/664] cREXX compile and assemble arrayfind ...
2026-09-15T21:01:47.5605647Z [404/664] cREXX compile and assemble splice ...
2026-09-15T21:01:47.9908494Z [405/664] cREXX compile and assemble arrayinsert ...
2026-09-15T21:01:48.4202828Z [406/664] cREXX compile and assemble arraydelete ...
2026-09-15T21:01:48.8422371Z [407/664] cREXX compile and assemble arrayappend ...
2026-09-15T21:01:49.2832873Z [408/664] cREXX compile and assemble arrayprepend ...
2026-09-15T21:01:49.7237785Z [409/664] cREXX compile and assemble objectarrayinsert ...
2026-09-15T21:01:50.1634945Z [410/664] cREXX compile and assemble objectarraydelete ...
2026-09-15T21:01:50.6069412Z [411/664] cREXX compile and assemble objectarrayappend ...
2026-09-15T21:01:51.0336710Z [412/664] cREXX compile and assemble objectarrayprepend ...
2026-09-15T21:01:51.4559152Z [413/664] cREXX compile and assemble objectarraydrop ...
2026-09-15T21:01:51.8936339Z [414/664] cREXX compile and assemble objectarraymove ...
2026-09-15T21:01:52.3184974Z [415/664] cREXX compile and assemble arraypop ...
2026-09-15T21:01:52.7404060Z [416/664] cREXX compile and assemble arrayshift ...
2026-09-15T21:01:53.1640730Z [417/664] cREXX compile and assemble arrayget ...
2026-09-15T21:01:53.5925600Z [418/664] cREXX compile and assemble arrayset ...
2026-09-15T21:01:54.0184083Z [419/664] cREXX compile and assemble arraycontains ...
2026-09-15T21:01:54.4516805Z [420/664] cREXX compile and assemble arrayindexof ...
2026-09-15T21:01:54.8721695Z [421/664] cREXX compile and assemble arrayreverse ...
2026-09-15T21:01:55.3024859Z [422/664] cREXX compile and assemble arrayjoin ...
2026-09-15T21:01:55.7916760Z [423/664] cREXX compile and assemble arraysort ...
2026-09-15T21:01:56.2281920Z [424/664] cREXX compile and assemble arraycopy ...
2026-09-15T21:01:56.6445964Z [425/664] cREXX compile and assemble arraydrop ...
2026-09-15T21:01:57.0836451Z [426/664] cREXX compile and assemble arrayhi ...
2026-09-15T21:01:57.5272130Z [427/664] cREXX compile and assemble arraymove ...
2026-09-15T21:01:58.1078712Z [428/664] cREXX compile and assemble fmtmask ...
2026-09-15T21:01:58.6348730Z [429/664] cREXX compile and assemble compilemask ...
2026-09-15T21:01:59.1128432Z [430/664] cREXX compile and assemble runmask ...
2026-09-15T21:01:59.5662564Z [431/664] cREXX compile and assemble stem ...
2026-09-15T21:02:01.5627133Z [432/664] cREXX compile and assemble rxjson ...
2026-09-15T21:02:01.6360917Z [433/664] cREXX compile and assemble rxsocket ...
2026-09-15T21:02:02.0825708Z [434/664] cREXX compile and assemble wordrep ...
2026-09-15T21:02:02.6180834Z [435/664] cREXX compile and assemble rxqueue ...
2026-09-15T21:02:03.0373333Z [436/664] cREXX compile and assemble afterword ...
2026-09-15T21:02:03.0994221Z [437/664] cREXX REXX Library Archive ...
2026-09-15T21:02:03.2638443Z [438/664] cREXX Linked Library Image ...
2026-09-15T21:02:03.3192468Z [439/664] Staging deterministic compiler-exit imports ...
2026-09-15T21:02:03.5418929Z [440/664] Building optimized arraydump function example
2026-09-15T21:02:03.5663975Z [441/664] Building Dump.rxbin
2026-09-15T21:02:03.7989058Z [442/664] Building Query.rxbin
2026-09-15T21:02:03.9084486Z [443/664] Building Sort.rxbin
2026-09-15T21:02:04.1952006Z [444/664] Building Sortx.rxbin
2026-09-15T21:02:04.6682494Z [445/664] Building Execio.rxbin
2026-09-15T21:02:04.9484203Z [446/664] Building Add.rxbin
2026-09-15T21:02:05.2166085Z [447/664] Building Fsay.rxbin
2026-09-15T21:02:05.5588854Z [448/664] Building Msay.rxbin
2026-09-15T21:02:06.3606877Z [449/664] Building Address.rxbin
2026-09-15T21:02:07.1814721Z [450/664] Building Signal.rxbin
2026-09-15T21:02:08.3451329Z [451/664] Building Trace.rxbin
2026-09-15T21:02:09.1867337Z [452/664] Building Parse.rxbin
2026-09-15T21:02:09.2793903Z [453/664] Building RexxScript.rxbin
2026-09-15T21:02:09.5798222Z [454/664] Building Dummy.rxbin
2026-09-15T21:02:09.6834644Z [455/664] Building Substr.rxbin
2026-09-15T21:02:09.8721537Z [456/664] Building Queue.rxbin
2026-09-15T21:02:09.9107559Z [457/664] Building rxcexits.rxbin (bundled via concatenation)
2026-09-15T21:02:09.9889269Z [458/664] Building optimized arrayformat function example
2026-09-15T21:02:09.9921174Z [459/664] Staging immutable class library compiler imports ...
2026-09-15T21:02:10.0694803Z [460/664] Staging immutable native-backed class library compiler imports ...
2026-09-15T21:02:10.4311197Z [461/664] cREXX compile and assemble ObjectIterator ...
2026-09-15T21:02:10.4951375Z [462/664] cREXX compile and assemble StringIterator ...
2026-09-15T21:02:10.8835847Z [463/664] cREXX compile and assemble Bag ...
2026-09-15T21:02:10.9577958Z [464/664] cREXX compile and assemble Iterator ...
2026-09-15T21:02:11.2966996Z [465/664] cREXX compile and assemble ObjectIterable ...
2026-09-15T21:02:11.3713443Z [466/664] cREXX compile and assemble ObjectPrintable ...
2026-09-15T21:02:11.7070130Z [467/664] cREXX compile and assemble Printable ...
2026-09-15T21:02:11.7872556Z [468/664] cREXX compile and assemble StringIterable ...
2026-09-15T21:02:12.1502636Z [469/664] cREXX compile and assemble StringTreeSetIterator ...
2026-09-15T21:02:12.2735344Z [470/664] cREXX compile and assemble ArrayBagIterator ...
2026-09-15T21:02:12.6342171Z [471/664] cREXX compile and assemble ArrayList ...
2026-09-15T21:02:12.6920809Z [472/664] cREXX compile and assemble Comparator ...
2026-09-15T21:02:13.1016712Z [473/664] cREXX compile and assemble Map ...
2026-09-15T21:02:13.2732340Z [474/664] cREXX compile and assemble DateTime ...
2026-09-15T21:02:13.5538425Z [475/664] cREXX compile and assemble ObjectArrayList ...
2026-09-15T21:02:13.6795284Z [476/664] cREXX compile and assemble ObjectComparator ...
2026-09-15T21:02:13.9641967Z [477/664] cREXX compile and assemble ObjectKeyStrategy ...
2026-09-15T21:02:14.0987037Z [478/664] cREXX compile and assemble ObjectObjectHashMapIterator ...
2026-09-15T21:02:14.3909612Z [479/664] cREXX compile and assemble ObjectObjectTreeMapIterator ...
2026-09-15T21:02:14.5871102Z [480/664] cREXX compile and assemble StringArrayList ...
2026-09-15T21:02:14.8465336Z [481/664] cREXX compile and assemble StringHashMapIterator ...
2026-09-15T21:02:15.0030422Z [482/664] cREXX compile and assemble StringHashSetIterator ...
2026-09-15T21:02:15.2735905Z [483/664] cREXX compile and assemble StringObjectHashMapIterator ...
2026-09-15T21:02:15.4308426Z [484/664] cREXX compile and assemble StringObjectTreeMapIterator ...
2026-09-15T21:02:15.6874364Z [485/664] cREXX compile and assemble StringTreeMapIterator ...
2026-09-15T21:02:16.1000752Z [486/664] cREXX compile and assemble TreeMapIterator ...
2026-09-15T21:02:16.2700709Z [487/664] cREXX compile and assemble StringTreeSet ...
2026-09-15T21:02:16.5263119Z [488/664] cREXX compile and assemble ArrayBag ...
2026-09-15T21:02:16.6973683Z [489/664] cREXX compile and assemble ArrayListIterator ...
2026-09-15T21:02:17.3445539Z [490/664] cREXX compile and assemble ISO8601 ...
2026-09-15T21:02:17.7456326Z [491/664] cREXX compile and assemble Iterable ...
2026-09-15T21:02:18.1899271Z [492/664] cREXX compile and assemble ObjectArrayListIterator ...
2026-09-15T21:02:18.5025324Z [493/664] cREXX compile and assemble Concurrency ...
2026-09-15T21:02:18.6022191Z [494/664] cREXX compile and assemble ObjectEquatable ...
2026-09-15T21:02:18.9574758Z [495/664] cREXX compile and assemble ObjectLinkedList ...
2026-09-15T21:02:19.1170319Z [496/664] cREXX compile and assemble ObjectObjectHashMap ...
2026-09-15T21:02:19.5069323Z [497/664] cREXX compile and assemble ObjectStack ...
2026-09-15T21:02:19.8179307Z [498/664] cREXX compile and assemble ObjectObjectTreeMap ...
2026-09-15T21:02:20.0228681Z [499/664] cREXX compile and assemble OffsetDateTime ...
2026-09-15T21:02:20.2773575Z [500/664] cREXX compile and assemble Qfind ...
2026-09-15T21:02:20.7803115Z [501/664] cREXX compile and assemble Rexx ...
2026-09-15T21:02:20.8010749Z [502/664] cREXX compile and assemble RexxComparator ...
2026-09-15T21:02:21.2090226Z [503/664] cREXX compile and assemble StringArrayListIterator ...
2026-09-15T21:02:21.5875083Z [504/664] cREXX compile and assemble Scanlex ...
2026-09-15T21:02:21.6719672Z [505/664] cREXX compile and assemble StringHashMap ...
2026-09-15T21:02:22.0529352Z [506/664] cREXX compile and assemble StringHashSet ...
2026-09-15T21:02:22.1905536Z [507/664] cREXX compile and assemble StringLinkedList ...
2026-09-15T21:02:22.5010150Z [508/664] cREXX compile and assemble StringObjectHashMap ...
2026-09-15T21:02:22.9693428Z [509/664] cREXX compile and assemble StringOldTreeMap ...
2026-09-15T21:02:23.0643595Z [510/664] cREXX compile and assemble StringObjectTreeMap ...
2026-09-15T21:02:23.3716517Z [511/664] cREXX compile and assemble StringStack ...
2026-09-15T21:02:23.8811658Z [512/664] cREXX compile and assemble StringTreeMap ...
2026-09-15T21:02:24.2114995Z [513/664] cREXX compile and assemble TreeMap ...
2026-09-15T21:02:24.3159389Z [514/664] cREXX compile and assemble native-backed classlib adapter Id ...
2026-09-15T21:02:24.4389609Z [515/664] cREXX Linked Class Library Image ...
2026-09-15T21:02:24.5179754Z [516/664] Publishing consolidated class library image ...
2026-09-15T21:02:24.6305113Z [517/664] Staging immutable rxfnsc compiler imports ...
2026-09-15T21:02:24.8916714Z [518/664] cREXX compile and assemble native-backed classlib adapter KeyDB ...
2026-09-15T21:02:25.9703581Z [519/664] cREXX compile and assemble rxfnsc runtime RexxClassicBifAbbrev ...
2026-09-15T21:02:26.1505695Z [520/664] cREXX compile and assemble rxfnsc runtime RexxClassicBifAbs ...
2026-09-15T21:02:27.2284610Z [521/664] cREXX compile and assemble rxfnsc runtime RexxClassicBifAddress ...
2026-09-15T21:02:27.4026460Z [522/664] cREXX compile and assemble rxfnsc runtime RexxClassicBifB2x ...
2026-09-15T21:02:27.9538859Z [523/664] cREXX compile and assemble rxfnsc runtime RexxClassicBifBitand ...
2026-09-15T21:02:28.1206997Z [524/664] cREXX compile and assemble rxfnsc runtime RexxClassicBifBitor ...
2026-09-15T21:02:28.7061889Z [525/664] cREXX compile and assemble rxfnsc runtime RexxClassicBifBitxor ...
2026-09-15T21:02:29.4469092Z [526/664] cREXX compile and assemble rxfnsc runtime RexxClassicBifC2d ...
2026-09-15T21:02:29.9988254Z [527/664] cREXX compile and assemble rxfnsc runtime RexxClassicBifC2x ...
2026-09-15T21:02:30.8141045Z [528/664] cREXX compile and assemble rxfnsc runtime RexxClassicBifCenter ...
2026-09-15T21:02:31.3646629Z [529/664] cREXX compile and assemble rxfnsc runtime RexxClassicBifChangestr ...
2026-09-15T21:02:32.1649585Z [530/664] cREXX compile and assemble rxfnsc runtime RexxClassicBifCompare ...
2026-09-15T21:02:32.6882665Z [531/664] cREXX compile and assemble rxfnsc runtime RexxClassicBifCopies ...
2026-09-15T21:02:33.5303244Z [532/664] cREXX compile and assemble rxfnsc runtime RexxClassicBifCountstr ...
2026-09-15T21:02:34.0427884Z [533/664] cREXX compile and assemble rxfnsc runtime RexxClassicBifD2c ...
2026-09-15T21:02:34.8764311Z [534/664] cREXX compile and assemble rxfnsc runtime RexxClassicBifD2x ...
2026-09-15T21:02:35.3402186Z [535/664] cREXX compile and assemble rxfnsc runtime RexxClassicBifDatatype ...
2026-09-15T21:02:36.3440137Z [536/664] cREXX compile and assemble rxfnsc runtime RexxClassicBifDate ...
2026-09-15T21:02:36.6810721Z [537/664] cREXX compile and assemble rxfnsc runtime RexxClassicBifDelstr ...
2026-09-15T21:02:37.8658512Z [538/664] cREXX compile and assemble rxfnsc runtime RexxClassicBifDelword ...
2026-09-15T21:02:38.7258175Z [539/664] cREXX compile and assemble rxfnsc runtime RexxClassicBifFormat ...
2026-09-15T21:02:39.4448379Z [540/664] cREXX compile and assemble rxfnsc runtime RexxClassicBifInsert ...
2026-09-15T21:02:40.2374606Z [541/664] cREXX compile and assemble rxfnsc runtime RexxClassicBifLastpos ...
2026-09-15T21:02:40.9595906Z [542/664] cREXX compile and assemble rxfnsc runtime RexxClassicBifLeft ...
2026-09-15T21:02:41.6792598Z [543/664] cREXX compile and assemble rxfnsc runtime RexxClassicBifLength ...
2026-09-15T21:02:42.2943846Z [544/664] cREXX compile and assemble rxfnsc runtime RexxClassicBifMax ...
2026-09-15T21:02:42.9840893Z [545/664] cREXX compile and assemble rxfnsc runtime RexxClassicBifMin ...
2026-09-15T21:02:43.5826936Z [546/664] cREXX compile and assemble rxfnsc runtime RexxClassicBifNumeric ...
2026-09-15T21:02:44.4468754Z [547/664] cREXX compile and assemble rxfnsc runtime RexxClassicBifOverlay ...
2026-09-15T21:02:44.9814755Z [548/664] cREXX compile and assemble rxfnsc runtime RexxClassicBifPos ...
2026-09-15T21:02:45.8305109Z [549/664] cREXX compile and assemble rxfnsc runtime RexxClassicBifRandom ...
2026-09-15T21:02:46.3871610Z [550/664] cREXX compile and assemble rxfnsc runtime RexxClassicBifReverse ...
2026-09-15T21:02:47.2504241Z [551/664] cREXX compile and assemble rxfnsc runtime RexxClassicBifRight ...
2026-09-15T21:02:47.7189623Z [552/664] cREXX compile and assemble rxfnsc runtime RexxClassicBifSign ...
2026-09-15T21:02:48.6735387Z [553/664] cREXX compile and assemble rxfnsc runtime RexxClassicBifSpace ...
2026-09-15T21:02:49.1138678Z [554/664] cREXX compile and assemble rxfnsc runtime RexxClassicBifStrip ...
2026-09-15T21:02:50.1397915Z [555/664] cREXX compile and assemble rxfnsc runtime RexxClassicBifSubstr ...
2026-09-15T21:02:50.5017906Z [556/664] cREXX compile and assemble rxfnsc runtime RexxClassicBifSubword ...
2026-09-15T21:02:51.4890973Z [557/664] cREXX compile and assemble rxfnsc runtime RexxClassicBifSymbol ...
2026-09-15T21:02:51.9649524Z [558/664] cREXX compile and assemble rxfnsc runtime RexxClassicBifTime ...
2026-09-15T21:02:52.8522533Z [559/664] cREXX compile and assemble rxfnsc runtime RexxClassicBifTrace ...
2026-09-15T21:02:53.5068303Z [560/664] cREXX compile and assemble rxfnsc runtime RexxClassicBifTranslate ...
2026-09-15T21:02:54.3152550Z [561/664] cREXX compile and assemble rxfnsc runtime RexxClassicBifTrunc ...
2026-09-15T21:02:54.8414495Z [562/664] cREXX compile and assemble rxfnsc runtime RexxClassicBifValue ...
2026-09-15T21:02:55.6940940Z [563/664] cREXX compile and assemble rxfnsc runtime RexxClassicBifVerify ...
2026-09-15T21:02:56.2115344Z [564/664] cREXX compile and assemble rxfnsc runtime RexxClassicBifWord ...
2026-09-15T21:02:57.0122296Z [565/664] cREXX compile and assemble rxfnsc runtime RexxClassicBifWordindex ...
2026-09-15T21:02:57.5171505Z [566/664] cREXX compile and assemble rxfnsc runtime RexxClassicBifWordlength ...
2026-09-15T21:02:58.4772577Z [567/664] cREXX compile and assemble rxfnsc runtime RexxClassicBifWordpos ...
2026-09-15T21:02:58.8267538Z [568/664] cREXX compile and assemble rxfnsc runtime RexxClassicBifWords ...
2026-09-15T21:02:59.8023820Z [569/664] cREXX compile and assemble rxfnsc runtime RexxClassicBifX2b ...
2026-09-15T21:03:00.1515891Z [570/664] cREXX compile and assemble rxfnsc runtime RexxClassicBifX2c ...
2026-09-15T21:03:01.1446244Z [571/664] cREXX compile and assemble rxfnsc runtime RexxClassicBifX2d ...
2026-09-15T21:03:01.4718846Z [572/664] cREXX compile and assemble rxfnsc runtime RexxClassicBifXrange ...
2026-09-15T21:03:02.1535011Z [573/664] cREXX compile and assemble rxfnsc runtime RexxClassicBitFunctions ...
2026-09-15T21:03:02.8317584Z [574/664] cREXX compile and assemble rxfnsc runtime RexxClassicCharacterOps ...
2026-09-15T21:03:03.3573203Z [575/664] cREXX compile and assemble rxfnsc runtime RexxClassicCharacterScan ...
2026-09-15T21:03:03.4280166Z [576/664] cREXX compile and assemble rxfnsc runtime RexxClassicBifs ...
2026-09-15T21:03:04.0311935Z [577/664] cREXX compile and assemble rxfnsc runtime RexxClassicConfig ...
2026-09-15T21:03:04.4953266Z [578/664] cREXX compile and assemble rxfnsc runtime RexxClassicDatatype ...
2026-09-15T21:03:04.6919298Z [579/664] cREXX compile and assemble rxfnsc runtime RexxClassicEncoding ...
2026-09-15T21:03:05.0396781Z [580/664] cREXX compile and assemble rxfnsc runtime RexxClassicState ...
2026-09-15T21:03:05.2771433Z [581/664] cREXX compile and assemble rxfnsc runtime RexxStem ...
2026-09-15T21:03:05.9608650Z [582/664] cREXX compile and assemble rxfnsc runtime RexxValue ...
2026-09-15T21:03:06.4796015Z [583/664] cREXX compile and assemble native-backed classlib adapter Os ...
2026-09-15T21:03:06.5311013Z [584/664] cREXX Linked native-backed Class Library Adapter Image ...
2026-09-15T21:03:06.5382573Z [585/664] cREXX compile and assemble rxfnsc runtime RexxVariablePool ...
2026-09-15T21:03:06.6054146Z [586/664] Publishing native-backed class library image ...
2026-09-15T21:03:06.6602143Z [587/664] Staging exact imports for the Level B Level G builder ...
2026-09-15T21:03:06.6936649Z [588/664] cREXX Linked rxfnsc Runtime Library Image ...
2026-09-15T21:03:06.7733169Z [589/664] Publishing consolidated rxfnsc runtime library image ...
2026-09-15T21:03:06.8495132Z [590/664] Staging immutable RexxScript compiler imports ...
2026-09-15T21:03:07.2138960Z [591/664] Building experimental backend-neutral Level G UI library
2026-09-15T21:03:12.5826681Z [592/664] cREXX compile and assemble RexxScript runtime RexxScriptEvaluator ...
2026-09-15T21:03:12.5830516Z Warning in RexxScriptEvaluator.crexx @ 266:10 - #NOT_IN_SAME_SCOPE: Implicit use creates a separate binding; the earlier same-named binding is at line 249, column 8. Declare this binding explicitly if intentional., "i"
2026-09-15T21:03:12.5833149Z Warning in RexxScriptEvaluator.crexx @ 608:7 - #NOT_IN_SAME_SCOPE: Implicit use creates a separate binding; the earlier same-named binding is at line 600, column 7. Declare this binding explicitly if intentional., "expr"
2026-09-15T21:03:12.5834636Z 2 warning(s) in source file
2026-09-15T21:03:12.9307555Z [593/664] cREXX compile and assemble RexxScript runtime RexxScriptRuntime ...
2026-09-15T21:03:13.1931832Z [594/664] Bootstrapping the Level B Level G builder ...
2026-09-15T21:03:13.2240966Z [595/664] cREXX compile and assemble RexxScript runtime RexxScriptEvaluateCompat ...
2026-09-15T21:03:13.2847533Z [596/664] cREXX Linked RexxScript Runtime Library Image ...
2026-09-15T21:03:13.3610717Z [597/664] Publishing consolidated RexxScript runtime library image ...
2026-09-15T21:03:13.5381124Z [598/664] Generating UI contract v0 bindings and schema
2026-09-15T21:03:13.5646238Z [599/664] Stage immutable rxpp compiler imports ...
2026-09-15T21:03:20.2488456Z [600/664] Compile and assemble rxpp in its private member directory ...
2026-09-15T21:03:20.7756051Z [601/664] Link the private rxpp runtime image ...
2026-09-15T21:03:20.9973628Z [602/664] Package the private rxpp runtime image as C ...
2026-09-15T21:03:21.7515554Z [603/664] Generating ../../bin/ui_catalog.rxbin
2026-09-15T21:03:21.8097847Z [604/664] Staging deterministic debugger imports ...
2026-09-15T21:03:22.4654037Z [605/664] Building C object preprocessor\CMakeFiles\rxpp.dir\generated\rxpp\rxpp.c.obj
2026-09-15T21:03:24.9819764Z [606/664] Generating ../../bin/ui_contract.rxbin
2026-09-15T21:03:25.5271153Z [607/664] cREXX compile and assemble rxdb_gui ...
2026-09-15T21:03:25.6999343Z [608/664] Linking C executable bin\rxpp.exe
2026-09-15T21:03:27.0612246Z [609/664] Generating ../../bin/ui_local_resources.rxbin
2026-09-15T21:03:27.1253870Z [610/664] Bundling array-formatting function example
2026-09-15T21:03:27.1928658Z [611/664] Staging deterministic crexx driver imports ...
2026-09-15T21:03:27.2542685Z [612/664] Staging deterministic rxdb GUI metadata ...
2026-09-15T21:03:28.3797274Z [613/664] Generating ../../bin/ui_dialogs.rxbin
2026-09-15T21:03:29.3015892Z [614/664] Generating ../../bin/ui_terminal_view.rxbin
2026-09-15T21:03:29.3625509Z [615/664] Staging deterministic RexxScript runner imports ...
2026-09-15T21:03:29.8921979Z [616/664] Building optimized array-formatting example program
2026-09-15T21:03:30.0089883Z [617/664] Generating source-mapped Text Inspector application with RXPP
2026-09-15T21:03:30.0090583Z CRX0010I [21:03:29.955883] Pre-Compile started
2026-09-15T21:03:30.0091244Z Input File:   D:/a/CREXX/CREXX/examples/ui/text-inspector/text_inspector.rxpp
2026-09-15T21:03:30.0092165Z Output File:  D:/a/_temp/core-build/examples/ui/text-inspector/generated/text_inspector.crexx
2026-09-15T21:03:30.0093130Z Macro Lib:    D:/a/_temp/core-build/examples/ui/text-inspector/rxpp/maclib.rexx
2026-09-15T21:03:30.0093509Z Verbose:      1
2026-09-15T21:03:30.0093742Z CRX0100I [21:03:29.959888] Pre-Compile pass one
2026-09-15T21:03:30.0094179Z CRX0110I [21:03:29.959917] System Path D:/a/_temp/core-build/examples/ui/text-inspector/rxpp/
2026-09-15T21:03:30.0094708Z CRX0110I [21:03:29.959955] Input Path  D:/a/CREXX/CREXX/examples/ui/text-inspector/
2026-09-15T21:03:30.0095229Z CRX0110I [21:03:29.959979] Macro Path  D:/a/_temp/core-build/examples/ui/text-inspector/rxpp/
2026-09-15T21:03:30.0095793Z CRX0110I [21:03:29.959991] Build Path  D:/a/_temp/core-build/examples/ui/text-inspector/generated/
2026-09-15T21:03:30.0096250Z CRX0120I [21:03:29.962763] Maclib loaded:      68 records
2026-09-15T21:03:30.0096581Z CRX0130I [21:03:29.962793] Macros extracted:   35
2026-09-15T21:03:30.0096913Z CRX0120I [21:03:29.966500] System Maclib loaded: 42 records
2026-09-15T21:03:30.0097236Z CRX0130I [21:03:29.966529] Macros extracted:     29
2026-09-15T21:03:30.0097553Z CRX0140I [21:03:29.967611] Rexx Source loaded: 210 records
2026-09-15T21:03:30.0098000Z CRX0110I [21:03:29.968916] Macro Path  D:/a/_temp/core-build/examples/ui/text-inspector/rxpp/ui/
2026-09-15T21:03:30.0098628Z CRX0170I Script macro ##ui_command registered from D:/a/_temp/core-build/examples/ui/text-inspector/rxpp/ui/
2026-09-15T21:03:30.0099306Z CRX0170I Script macro ##ui_launcher registered from D:/a/_temp/core-build/examples/ui/text-inspector/rxpp/ui/
2026-09-15T21:03:30.0100138Z CRX0170I Script macro ##ui_node registered from D:/a/_temp/core-build/examples/ui/text-inspector/rxpp/ui/
2026-09-15T21:03:30.0100631Z CRX0150I [21:03:29.976086] Macros extracted:   0
2026-09-15T21:03:30.0100927Z CRX0160I [21:03:29.976206] Macros arranged:    64
2026-09-15T21:03:30.0101234Z CRX0200I [21:03:29.976479] Pre-Compile pass two
2026-09-15T21:03:30.0101781Z CRX0171I Script macro ##ui_command selected from D:/a/_temp/core-build/examples/ui/text-inspector/rxpp/ui/ui_command.rxpm
2026-09-15T21:03:30.0102735Z CRX0171I Script macro ##ui_node selected from D:/a/_temp/core-build/examples/ui/text-inspector/rxpp/ui/ui_node.rxpm
2026-09-15T21:03:30.0103287Z CRX0300I [21:03:30.001771] Pre-Compiled REXX generated 
2026-09-15T21:03:30.0103641Z CRX0310I [21:03:30.001798] Pre-Compiled REXX saved
2026-09-15T21:03:30.0104316Z CRX0510I [21:03:30.002629] Library import names passed to D:/a/_temp/core-build/examples/ui/text-inspector/generated/text_inspector.inc
2026-09-15T21:03:30.0105150Z CRX0500I [21:03:30.002659] Pre-Compile completed, 8 macro calls expanded, total source lines 600
2026-09-15T21:03:30.0105666Z CRX0101I [21:03:30.002707] Elapsed Time 0.047672 seconds, 47.672 milliseconds
2026-09-15T21:03:31.2279663Z [618/664] Bootstrapping the installed crexx project-build worker ...
2026-09-15T21:03:32.0320485Z [619/664] cREXX compile, assemble, link and package rxdb ...
2026-09-15T21:03:32.0858606Z [620/664] Staging deterministic Level L imports ...
2026-09-15T21:03:32.1529218Z [621/664] Staging deterministic rxsqlite ADDRESS imports ...
2026-09-15T21:03:33.2639513Z [622/664] Building portable Level G cREXX TUI driver
2026-09-15T21:03:34.8480348Z [623/664] Generating ../../bin/ui_ansi.rxbin
2026-09-15T21:03:35.6020712Z [624/664] Generating ui_driver_probe.rxbin
2026-09-15T21:03:36.3164528Z [625/664] Building optimized pprint compiler-exit example
2026-09-15T21:03:37.1547129Z [626/664] Compiling and assembling Text Inspector application
2026-09-15T21:03:37.2502165Z [627/664] Building C object debugger\CMakeFiles\rxdb.dir\rxdb.c.obj
2026-09-15T21:03:37.4604804Z [628/664] cREXX compile and assemble tinyexpr ...
2026-09-15T21:03:39.3350107Z [629/664] Building the rxsqlite Level-G ADDRESS facade ...
2026-09-15T21:03:39.6127844Z [630/664] Bundling standalone pprint compiler-exit example
2026-09-15T21:03:39.8655917Z [631/664] Generating Text Inspector TUI launcher with RXPP
2026-09-15T21:03:39.8675716Z CRX0010I [21:03:39.774552] Pre-Compile started
2026-09-15T21:03:39.8677360Z Input File:   D:/a/CREXX/CREXX/examples/ui/text-inspector/text_inspector_tui.rxpp
2026-09-15T21:03:39.8680941Z Output File:  D:/a/_temp/core-build/examples/ui/text-inspector/generated/text_inspector_tui.crexx
2026-09-15T21:03:39.8761076Z Macro Lib:    D:/a/_temp/core-build/examples/ui/text-inspector/rxpp/maclib.rexx
2026-09-15T21:03:39.8779890Z Verbose:      1
2026-09-15T21:03:39.8782919Z CRX0100I [21:03:39.783102] Pre-Compile pass one
2026-09-15T21:03:39.8931968Z CRX0110I [21:03:39.783132] System Path D:/a/_temp/core-build/examples/ui/text-inspector/rxpp/
2026-09-15T21:03:39.8936946Z CRX0110I [21:03:39.783173] Input Path  D:/a/CREXX/CREXX/examples/ui/text-inspector/
2026-09-15T21:03:39.8938400Z CRX0110I [21:03:39.783201] Macro Path  D:/a/_temp/core-build/examples/ui/text-inspector/rxpp/
2026-09-15T21:03:39.8942406Z CRX0110I [21:03:39.783237] Build Path  D:/a/_temp/core-build/examples/ui/text-inspector/generated/
2026-09-15T21:03:39.9163558Z CRX0120I [21:03:39.787763] Maclib loaded:      68 records
2026-09-15T21:03:39.9261625Z CRX0130I [21:03:39.787794] Macros extracted:   35
2026-09-15T21:03:39.9263601Z CRX0120I [21:03:39.792281] System Maclib loaded: 42 records
2026-09-15T21:03:39.9371533Z CRX0130I [21:03:39.792312] Macros extracted:     29
2026-09-15T21:03:39.9372663Z CRX0140I [21:03:39.792623] Rexx Source loaded: 7 records
2026-09-15T21:03:39.9377006Z CRX0110I [21:03:39.793364] Macro Path  D:/a/_temp/core-build/examples/ui/text-inspector/rxpp/ui/
2026-09-15T21:03:39.9382779Z CRX0170I Script macro ##ui_command registered from D:/a/_temp/core-build/examples/ui/text-inspector/rxpp/ui/
2026-09-15T21:03:39.9384318Z CRX0170I Script macro ##ui_launcher registered from D:/a/_temp/core-build/examples/ui/text-inspector/rxpp/ui/
2026-09-15T21:03:39.9388855Z CRX0170I Script macro ##ui_node registered from D:/a/_temp/core-build/examples/ui/text-inspector/rxpp/ui/
2026-09-15T21:03:39.9389968Z CRX0150I [21:03:39.843562] Macros extracted:   0
2026-09-15T21:03:39.9390591Z CRX0160I [21:03:39.843770] Macros arranged:    64
2026-09-15T21:03:39.9394977Z CRX0200I [21:03:39.843886] Pre-Compile pass two
2026-09-15T21:03:39.9396144Z CRX0171I Script macro ##ui_launcher selected from D:/a/_temp/core-build/examples/ui/text-inspector/rxpp/ui/ui_launcher.rxpm
2026-09-15T21:03:39.9410214Z CRX0300I [21:03:39.852483] Pre-Compiled REXX generated 
2026-09-15T21:03:39.9411456Z CRX0310I [21:03:39.852530] Pre-Compiled REXX saved
2026-09-15T21:03:39.9413441Z CRX0510I [21:03:39.853239] Library import names passed to D:/a/_temp/core-build/examples/ui/text-inspector/generated/text_inspector_tui.inc
2026-09-15T21:03:39.9415878Z CRX0500I [21:03:39.853288] Pre-Compile completed, 0 macro calls expanded, total source lines 26
2026-09-15T21:03:39.9417377Z CRX0101I [21:03:39.853336] Elapsed Time 0.079699 seconds, 79.699 milliseconds
2026-09-15T21:03:39.9729701Z [632/664] Generating generated/text_inspector_ansi.crexx
2026-09-15T21:03:39.9730588Z CRX0010I [21:03:39.937852] Pre-Compile started
2026-09-15T21:03:39.9731432Z Input File:   D:/a/CREXX/CREXX/examples/ui/text-inspector/text_inspector_ansi.rxpp
2026-09-15T21:03:39.9732583Z Output File:  D:/a/_temp/core-build/examples/ui/text-inspector/generated/text_inspector_ansi.crexx
2026-09-15T21:03:39.9733780Z Macro Lib:    D:/a/_temp/core-build/examples/ui/text-inspector/rxpp/maclib.rexx
2026-09-15T21:03:39.9734516Z Verbose:      1
2026-09-15T21:03:39.9734969Z CRX0100I [21:03:39.943406] Pre-Compile pass one
2026-09-15T21:03:39.9735807Z CRX0110I [21:03:39.943435] System Path D:/a/_temp/core-build/examples/ui/text-inspector/rxpp/
2026-09-15T21:03:39.9737211Z CRX0110I [21:03:39.943472] Input Path  D:/a/CREXX/CREXX/examples/ui/text-inspector/
2026-09-15T21:03:39.9738599Z CRX0110I [21:03:39.943493] Macro Path  D:/a/_temp/core-build/examples/ui/text-inspector/rxpp/
2026-09-15T21:03:39.9739790Z CRX0110I [21:03:39.943523] Build Path  D:/a/_temp/core-build/examples/ui/text-inspector/generated/
2026-09-15T21:03:39.9741496Z CRX0120I [21:03:39.948538] Maclib loaded:      68 records
2026-09-15T21:03:39.9742240Z CRX0130I [21:03:39.948566] Macros extracted:   35
2026-09-15T21:03:39.9742930Z CRX0120I [21:03:39.953144] System Maclib loaded: 42 records
2026-09-15T21:03:39.9743639Z CRX0130I [21:03:39.953172] Macros extracted:     29
2026-09-15T21:03:39.9744360Z CRX0140I [21:03:39.953467] Rexx Source loaded: 7 records
2026-09-15T21:03:39.9745291Z CRX0110I [21:03:39.954147] Macro Path  D:/a/_temp/core-build/examples/ui/text-inspector/rxpp/ui/
2026-09-15T21:03:39.9746505Z CRX0170I Script macro ##ui_command registered from D:/a/_temp/core-build/examples/ui/text-inspector/rxpp/ui/
2026-09-15T21:03:39.9747824Z CRX0170I Script macro ##ui_launcher registered from D:/a/_temp/core-build/examples/ui/text-inspector/rxpp/ui/
2026-09-15T21:03:39.9749225Z CRX0170I Script macro ##ui_node registered from D:/a/_temp/core-build/examples/ui/text-inspector/rxpp/ui/
2026-09-15T21:03:39.9750260Z CRX0150I [21:03:39.955524] Macros extracted:   0
2026-09-15T21:03:39.9750928Z CRX0160I [21:03:39.955690] Macros arranged:    64
2026-09-15T21:03:39.9751566Z CRX0200I [21:03:39.955793] Pre-Compile pass two
2026-09-15T21:03:39.9752614Z CRX0171I Script macro ##ui_launcher selected from D:/a/_temp/core-build/examples/ui/text-inspector/rxpp/ui/ui_launcher.rxpm
2026-09-15T21:03:39.9753643Z CRX0300I [21:03:39.964029] Pre-Compiled REXX generated 
2026-09-15T21:03:39.9754318Z CRX0310I [21:03:39.964058] Pre-Compiled REXX saved
2026-09-15T21:03:39.9755440Z CRX0510I [21:03:39.964857] Library import names passed to D:/a/_temp/core-build/examples/ui/text-inspector/generated/text_inspector_ansi.inc
2026-09-15T21:03:39.9757513Z CRX0500I [21:03:39.964892] Pre-Compile completed, 0 macro calls expanded, total source lines 26
2026-09-15T21:03:39.9758589Z CRX0101I [21:03:39.964929] Elapsed Time 0.028014 seconds, 28.014 milliseconds
2026-09-15T21:03:40.8245038Z [633/664] Generating text_inspector_test_host.rxbin
2026-09-15T21:03:40.9970856Z [634/664] Linking C executable bin\rxdb.exe
2026-09-15T21:03:41.0222931Z [635/664] cREXX Linked Level L Library Image ...
2026-09-15T21:03:42.0471669Z [636/664] Building the rxsqlite ADDRESS consumer demo ...
2026-09-15T21:03:42.9053794Z [637/664] Building program with standalone pprint exit example
2026-09-15T21:03:43.7892895Z [638/664] Building Text Inspector TUI launcher
2026-09-15T21:03:44.6190593Z [639/664] Generating text_inspector_ansi.rxbin
2026-09-15T21:03:45.4604012Z [640/664] Generating text_inspector_core_noopt.rxbin
2026-09-15T21:03:46.2630978Z [641/664] Generating text_inspector_core_opt.rxbin
2026-09-15T21:03:46.9799811Z [642/664] Generating text_inspector_tui_noopt.rxbin
2026-09-15T21:03:47.8386099Z [643/664] Generating text_inspector_tui_opt.rxbin
2026-09-15T21:04:01.5944060Z [644/664] Building Level G and Unicode with the Level B builder ...
2026-09-15T21:04:01.5946149Z WAVE: G1 independent base members jobs=5
2026-09-15T21:04:01.5946701Z START: G member integer
2026-09-15T21:04:01.5947064Z START: G member decimal
2026-09-15T21:04:01.5947427Z START: G member httpcore
2026-09-15T21:04:01.5947792Z START: G member packednumeric
2026-09-15T21:04:01.5948180Z START: G member httpcodec
2026-09-15T21:04:01.5948564Z BUILT: G member packednumeric
2026-09-15T21:04:01.5948923Z BUILT: G member decimal
2026-09-15T21:04:01.5949257Z BUILT: G member integer
2026-09-15T21:04:01.5949563Z BUILT: G member httpcore
2026-09-15T21:04:01.5949895Z BUILT: G member httpcodec
2026-09-15T21:04:01.5950232Z WAVE: G2 public HTTP jobs=1
2026-09-15T21:04:01.5950571Z START: G member http
2026-09-15T21:04:01.5950869Z BUILT: G member http
2026-09-15T21:04:01.5951199Z WAVE: G3 HTTP consumers jobs=2
2026-09-15T21:04:01.5951581Z START: G member httpserver
2026-09-15T21:04:01.5951926Z START: G member llm
2026-09-15T21:04:01.5952238Z BUILT: G member llm
2026-09-15T21:04:01.5952543Z BUILT: G member httpserver
2026-09-15T21:04:01.5953244Z WAVE: U1 independent table tools jobs=6
2026-09-15T21:04:01.5953657Z START: G member encoding_table
2026-09-15T21:04:01.5954057Z START: G member casefold_table
2026-09-15T21:04:01.5954308Z START: G member case_mapping_table
2026-09-15T21:04:01.5954560Z START: G member level_l_gennorm2
2026-09-15T21:04:01.5954806Z START: G member unicode_normprops
2026-09-15T21:04:01.5955044Z BUILT: G member level_l_gennorm2
2026-09-15T21:04:01.5955284Z BUILT: G member encoding_table
2026-09-15T21:04:01.5955520Z BUILT: G member case_mapping_table
2026-09-15T21:04:01.5955757Z BUILT: G member casefold_table
2026-09-15T21:04:01.5955984Z BUILT: G member unicode_normprops
2026-09-15T21:04:01.5956218Z START: G member grapheme_table
2026-09-15T21:04:01.5956448Z BUILT: G member grapheme_table
2026-09-15T21:04:01.5956680Z WAVE: U2 dependent generators jobs=5
2026-09-15T21:04:01.5956931Z START: G member generate_casefold
2026-09-15T21:04:01.5957167Z START: G member unicode_gennorm2
2026-09-15T21:04:01.5957411Z START: G member generate_grapheme
2026-09-15T21:04:01.5957640Z START: G member generate_encoding
2026-09-15T21:04:01.5957868Z BUILT: G member generate_grapheme
2026-09-15T21:04:01.5958101Z BUILT: G member generate_encoding
2026-09-15T21:04:01.5958336Z START: G member generate_case_mapping
2026-09-15T21:04:01.5958586Z BUILT: G member generate_casefold
2026-09-15T21:04:01.5958817Z BUILT: G member unicode_gennorm2
2026-09-15T21:04:01.5959053Z BUILT: G member generate_case_mapping
2026-09-15T21:04:01.5959308Z WAVE: U3 normalization data tool jobs=1
2026-09-15T21:04:01.5959563Z START: G member unicode_data
2026-09-15T21:04:01.5959786Z BUILT: G member unicode_data
2026-09-15T21:04:01.5960032Z WAVE: U4 prepared normalization table jobs=1
2026-09-15T21:04:01.5960468Z START: G member unicode_d
2026-09-15T21:04:01.5960686Z BUILT: G member unicode_d
2026-09-15T21:04:01.5960908Z WAVE: U5 normalization generator jobs=1
2026-09-15T21:04:01.5961435Z START: G member generate_normalization
2026-09-15T21:04:01.5962189Z BUILT: G member generate_normalization
2026-09-15T21:04:01.5962527Z WAVE: U6 link source generators jobs=5
2026-09-15T21:04:01.5962777Z START: link encoding generator
2026-09-15T21:04:01.5963009Z START: link case-fold generator
2026-09-15T21:04:01.5963246Z START: link case-mapping generator
2026-09-15T21:04:01.5963499Z START: link grapheme generator
2026-09-15T21:04:01.5963735Z START: link normalization generator
2026-09-15T21:04:01.5963985Z BUILT: link case-mapping generator
2026-09-15T21:04:01.5964221Z BUILT: link grapheme generator
2026-09-15T21:04:01.5964449Z BUILT: link normalization generator
2026-09-15T21:04:01.5964714Z BUILT: link encoding generator
2026-09-15T21:04:01.5964945Z BUILT: link case-fold generator
2026-09-15T21:04:01.5965193Z WAVE: U7 generate runtime sources jobs=5
2026-09-15T21:04:01.5965459Z START: generate case-fold source
2026-09-15T21:04:01.5965703Z START: generate case-mapping source
2026-09-15T21:04:01.5965944Z START: generate encoding source
2026-09-15T21:04:01.5966173Z START: generate grapheme source
2026-09-15T21:04:01.5966405Z START: generate normalization source
2026-09-15T21:04:01.5966655Z BUILT: generate case-mapping source
2026-09-15T21:04:01.5966893Z BUILT: generate encoding source
2026-09-15T21:04:01.5967117Z BUILT: generate grapheme source
2026-09-15T21:04:01.5967344Z BUILT: generate normalization source
2026-09-15T21:04:01.5967589Z BUILT: generate case-fold source
2026-09-15T21:04:01.5967829Z WAVE: U8 private Unicode runtimes jobs=5
2026-09-15T21:04:01.5968087Z START: G member unicode_grapheme
2026-09-15T21:04:01.5968323Z START: G member unicode_normalization
2026-09-15T21:04:01.5968569Z BUILT: G member unicode_grapheme
2026-09-15T21:04:01.5968798Z START: G member unicode_case_mapping
2026-09-15T21:04:01.5969045Z START: G member unicode_casefold
2026-09-15T21:04:01.5969273Z START: G member unicode_codec
2026-09-15T21:04:01.5969504Z BUILT: G member unicode_normalization
2026-09-15T21:04:01.5969752Z BUILT: G member unicode_case_mapping
2026-09-15T21:04:01.5970182Z BUILT: G member unicode_codec
2026-09-15T21:04:01.5970402Z BUILT: G member unicode_casefold
2026-09-15T21:04:01.5970635Z WAVE: U9 public Unicode facade jobs=1
2026-09-15T21:04:01.5970960Z START: G member unicode
2026-09-15T21:04:01.5971270Z BUILT: G member unicode
2026-09-15T21:04:01.5971473Z BUILT: Level G library
2026-09-15T21:04:01.5971720Z PUBLISHED: D:/a/_temp/core-build/bin/rxfnsg.rxbin
2026-09-15T21:04:02.4721415Z [645/664] Compiling ollama_generate.crexx ...
2026-09-15T21:04:02.8565145Z [646/664] C Packing cREXX Core Libraries ...
2026-09-15T21:04:03.2990796Z [647/664] Building C object interpreter\CMakeFiles\rxvme.dir\rxvmmain.c.obj
2026-09-15T21:04:03.3426768Z [648/664] Compiling openai_generate.crexx ...
2026-09-15T21:04:03.7761269Z [649/664] Building C object interpreter\CMakeFiles\rxbvme.dir\rxvmmain.c.obj
2026-09-15T21:04:08.3922981Z [650/664] Building C object interpreter\CMakeFiles\rxvme.dir\library.c.obj
2026-09-15T21:04:08.6073419Z [651/664] Linking C executable bin\rxvme.exe
2026-09-15T21:04:08.9136146Z [652/664] Building C object interpreter\CMakeFiles\rxbvme.dir\library.c.obj
2026-09-15T21:04:09.6117050Z [653/664] cREXX compile, assemble, link and package standalone RexxScript runner ...
2026-09-15T21:04:10.1756765Z [654/664] Building C object rexxscript\CMakeFiles\rexxscript_cli.dir\RexxScriptRunner.c.obj
2026-09-15T21:04:10.3818654Z [655/664] Linking C executable bin\rxbvme.exe
2026-09-15T21:04:10.5609772Z [656/664] Linking C executable bin\rexxscript.exe
2026-09-15T21:04:11.4414694Z [657/664] Compiling anthropic_generate.crexx ...
2026-09-15T21:04:12.3105806Z [658/664] Compiling gemini_generate.crexx ...
2026-09-15T21:04:13.4794621Z [659/664] Compiling llm_address_demo.crexx ...
2026-09-15T21:04:13.4796071Z Warning in llm_address_demo.crexx @ 4:8 - #UNUSED_IMPORT: Import is recognised but not used., "rxfnsg"
2026-09-15T21:04:13.4796900Z 1 warning(s) in source file
2026-09-15T21:04:14.7148488Z [660/664] Compiling llm_address_environment.crexx ...
2026-09-15T21:04:26.6038559Z [661/664] cREXX compile, assemble, link and package crexx ...
2026-09-15T21:04:27.0984508Z [662/664] Building C object crexx_driver\CMakeFiles\crexx.dir\crexx.c.obj
2026-09-15T21:04:27.2506508Z [663/664] Linking C executable bin\crexx.exe
2026-09-15T21:04:27.2837724Z ##[group]Run cmake --build "D:\a\_temp/core-build" --target qa-smoke --parallel 2
2026-09-15T21:04:27.2838412Z [36;1mcmake --build "D:\a\_temp/core-build" --target qa-smoke --parallel 2[0m
2026-09-15T21:04:27.2856333Z shell: C:\Program Files\Git\bin\bash.EXE --noprofile --norc -e -o pipefail {0}
2026-09-15T21:04:27.2856724Z env:
2026-09-15T21:04:27.2856995Z   pythonLocation: C:\hostedtoolcache\windows\Python\3.12.10\x64
2026-09-15T21:04:27.2857453Z   PKG_CONFIG_PATH: C:\hostedtoolcache\windows\Python\3.12.10\x64/lib/pkgconfig
2026-09-15T21:04:27.2857905Z   Python_ROOT_DIR: C:\hostedtoolcache\windows\Python\3.12.10\x64
2026-09-15T21:04:27.2858310Z   Python2_ROOT_DIR: C:\hostedtoolcache\windows\Python\3.12.10\x64
2026-09-15T21:04:27.2858729Z   Python3_ROOT_DIR: C:\hostedtoolcache\windows\Python\3.12.10\x64
2026-09-15T21:04:27.2859060Z   CommandPromptType: Native
2026-09-15T21:04:27.2859454Z   DevEnvDir: C:\Program Files\Microsoft Visual Studio\18\Enterprise\Common7\IDE\
2026-09-15T21:04:27.2859996Z   ExtensionSdkDir: C:\Program Files (x86)\Microsoft SDKs\Windows Kits\10\ExtensionSDKs
2026-09-15T21:04:27.2862051Z   EXTERNAL_INCLUDE: C:\Program Files\Microsoft Visual Studio\18\Enterprise\VC\Tools\MSVC\14.44.35207\include;C:\Program Files\Microsoft Visual Studio\18\Enterprise\VC\Auxiliary\VS\include;C:\Program Files (x86)\Windows Kits\10\include\10.0.26100.0\ucrt;C:\Program Files (x86)\Windows Kits\10\\include\10.0.26100.0\\um;C:\Program Files (x86)\Windows Kits\10\\include\10.0.26100.0\\shared;C:\Program Files (x86)\Windows Kits\10\\include\10.0.26100.0\\winrt;C:\Program Files (x86)\Windows Kits\10\\include\10.0.26100.0\\cppwinrt;C:\Program Files (x86)\Windows Kits\NETFXSDK\4.8.1\include\um
2026-09-15T21:04:27.2864153Z   Framework40Version: v4.0
2026-09-15T21:04:27.2864490Z   FrameworkDir: C:\Windows\Microsoft.NET\Framework64\
2026-09-15T21:04:27.2864839Z   FrameworkDir64: C:\Windows\Microsoft.NET\Framework64\
2026-09-15T21:04:27.2865143Z   FrameworkVersion: v4.0.30319
2026-09-15T21:04:27.2865384Z   FrameworkVersion64: v4.0.30319
2026-09-15T21:04:27.2865908Z   FSHARPINSTALLDIR: C:\Program Files\Microsoft Visual Studio\18\Enterprise\Common7\IDE\CommonExtensions\Microsoft\FSharp\Tools
2026-09-15T21:04:27.2866551Z   HTMLHelpDir: C:\Program Files (x86)\HTML Help Workshop
2026-09-15T21:04:27.2868714Z   INCLUDE: C:\Program Files\Microsoft Visual Studio\18\Enterprise\VC\Tools\MSVC\14.44.35207\include;C:\Program Files\Microsoft Visual Studio\18\Enterprise\VC\Auxiliary\VS\include;C:\Program Files (x86)\Windows Kits\10\include\10.0.26100.0\ucrt;C:\Program Files (x86)\Windows Kits\10\\include\10.0.26100.0\\um;C:\Program Files (x86)\Windows Kits\10\\include\10.0.26100.0\\shared;C:\Program Files (x86)\Windows Kits\10\\include\10.0.26100.0\\winrt;C:\Program Files (x86)\Windows Kits\10\\include\10.0.26100.0\\cppwinrt;C:\Program Files (x86)\Windows Kits\NETFXSDK\4.8.1\include\um
2026-09-15T21:04:27.2871582Z   LIB: C:\Program Files\Microsoft Visual Studio\18\Enterprise\VC\Tools\MSVC\14.44.35207\lib\x64;C:\Program Files (x86)\Windows Kits\NETFXSDK\4.8.1\lib\um\x64;C:\Program Files (x86)\Windows Kits\10\lib\10.0.26100.0\ucrt\x64;C:\Program Files (x86)\Windows Kits\10\\lib\10.0.26100.0\\um\x64
2026-09-15T21:04:27.2873635Z   LIBPATH: C:\Program Files\Microsoft Visual Studio\18\Enterprise\VC\Tools\MSVC\14.44.35207\lib\x64;C:\Program Files\Microsoft Visual Studio\18\Enterprise\VC\Tools\MSVC\14.44.35207\lib\x86\store\references;C:\Program Files (x86)\Windows Kits\10\UnionMetadata\10.0.26100.0;C:\Program Files (x86)\Windows Kits\10\References\10.0.26100.0;C:\Windows\Microsoft.NET\Framework64\v4.0.30319
2026-09-15T21:04:27.2875097Z   llvmArm64: C:\Program Files\Microsoft Visual Studio\18\Enterprise\VC\Tools\Llvm\ARM64\bin
2026-09-15T21:04:27.2875673Z   llvmX64: C:\Program Files\Microsoft Visual Studio\18\Enterprise\VC\Tools\Llvm\x64\bin
2026-09-15T21:04:27.2876160Z   NETFXSDKDir: C:\Program Files (x86)\Windows Kits\NETFXSDK\4.8.1\
2026-09-15T21:04:27.2893802Z   Path: C:\Program Files\Microsoft Visual Studio\18\Enterprise\VC\Tools\MSVC\14.44.35207\bin\HostX64\x64;C:\Program Files\Microsoft Visual Studio\18\Enterprise\Common7\IDE\VC\VCPackages;C:\Program Files\Microsoft Visual Studio\18\Enterprise\Common7\IDE\CommonExtensions\Microsoft\TestWindow;C:\Program Files\Microsoft Visual Studio\18\Enterprise\Common7\IDE\CommonExtensions\Microsoft\TeamFoundation\Team Explorer;C:\Program Files\Microsoft Visual Studio\18\Enterprise\MSBuild\Current\bin\Roslyn;C:\Program Files (x86)\Microsoft SDKs\Windows\v10.0A\bin\NETFX 4.8.1 Tools\x64\;C:\Program Files (x86)\HTML Help Workshop;C:\Program Files\Microsoft Visual Studio\18\Enterprise\Common7\IDE\CommonExtensions\Microsoft\FSharp\Tools;C:\Program Files\Microsoft Visual Studio\18\Enterprise\Team Tools\DiagnosticsHub\Collector;C:\Program Files\Microsoft Visual Studio\18\Enterprise\Common7\IDE\Extensions\Microsoft\CodeCoverage.Console;C:\Program Files (x86)\Windows Kits\10\bin\10.0.26100.0\\x64;C:\Program Files (x86)\Windows Kits\10\bin\\x64;C:\Program Files\Microsoft Visual Studio\18\Enterprise\\MSBuild\Current\Bin\amd64;C:\Windows\Microsoft.NET\Framework64\v4.0.30319;C:\Program Files\Microsoft Visual Studio\18\Enterprise\Common7\IDE\;C:\Program Files\Microsoft Visual Studio\18\Enterprise\Common7\Tools\;C:\Users\runneradmin\AppData\Roaming\Python\Python312\Scripts;C:\hostedtoolcache\windows\Python\3.12.10\x64\Scripts;C:\hostedtoolcache\windows\Python\3.12.10\x64;C:\Program Files\MongoDB\Server\7.0\bin;C:\vcpkg;C:\tools\zstd;C:\hostedtoolcache\windows\stack\3.11.1\x64;C:\cabal\bin;C:\\ghcup\bin;C:\mingw64\bin;C:\Program Files\dotnet;C:\Program Files\MySQL\MySQL Server 8.0\bin;C:\Program Files\R\R-4.6.1\bin\x64;C:\SeleniumWebDrivers\GeckoDriver;C:\SeleniumWebDrivers\EdgeDriver\;C:\SeleniumWebDrivers\ChromeDriver;C:\Program Files (x86)\sbt\bin;C:\Program Files (x86)\GitHub CLI;C:\Program Files\Git\bin;C:\Program Files (x86)\pipx_bin;C:\npm\prefix;C:\hostedtoolcache\windows\go\1.24.13\x64\bin;C:\hostedtoolcache\windows\Ruby\3.3.12\x64\bin;C:\Program Files\OpenSSL\bin;C:\tools\kotlinc\bin;C:\hostedtoolcache\windows\Java_Temurin-Hotspot_jdk\17.0.20-101\x64\bin;C:\Program Files\ImageMagick-7.1.2-Q16-HDRI;C:\Program Files\Microsoft SDKs\Azure\CLI2\wbin;C:\ProgramData\kind;C:\ProgramData\Chocolatey\bin;C:\Windows\system32;C:\Windows;C:\Windows\System32\Wbem;C:\Windows\System32\WindowsPowerShell\v1.0\;C:\Windows\System32\OpenSSH\;C:\Program Files\PowerShell\7\;C:\Program Files\Microsoft\Web Platform Installer\;C:\Program Files\Microsoft SQL Server\170\Tools\Binn\;C:\Program Files\Microsoft SQL Server\Client SDK\ODBC\170\Tools\Binn\;C:\Program Files\dotnet\;C:\Program Files (x86)\Windows Kits\10\Windows Performance Toolkit\;C:\Program Files (x86)\WiX Toolset v3.14\bin;C:\Program Files\Microsoft SQL Server\130\DTS\Binn\;C:\Program Files\Microsoft SQL Server\140\DTS\Binn\;C:\Program Files\Microsoft SQL Server\150\DTS\Binn\;C:\Program Files\Microsoft SQL Server\160\DTS\Binn\;C:\Program Files\Microsoft SQL Server\170\DTS\Binn\;C:\ProgramData\chocolatey\lib\pulumi\tools\Pulumi\bin;C:\Program Files\CMake\bin;C:\Strawberry\c\bin;C:\Strawberry\perl\site\bin;C:\Strawberry\perl\bin;C:\ProgramData\chocolatey\lib\maven\apache-maven-3.9.16\bin;C:\Program Files\Microsoft Service Fabric\bin\Fabric\Fabric.Code;C:\Program Files\Microsoft SDKs\Service Fabric\Tools\ServiceFabricLocalClusterManager;C:\Program Files\nodejs\;C:\Program Files\Git\cmd;C:\Program Files\Git\mingw64\bin;C:\Program Files\Git\usr\bin;C:\Program Files\GitHub CLI\;c:\tools\php;C:\Program Files\Amazon\AWSCLIV2\;C:\Program Files\Amazon\SessionManagerPlugin\bin\;C:\Program Files\Amazon\AWSSAMCLI\bin\;C:\Program Files\Microsoft SQL Server\130\Tools\Binn\;C:\Program Files\mongosh\;C:\Program Files\LLVM\bin;C:\Program Files (x86)\LLVM\bin;C:\Users\runneradmin\.dotnet\tools;C:\Users\runneradmin\.cargo\bin;C:\Users\runneradmin\AppData\Local\Microsoft\WindowsApps;C:\Program Files (x86)\Microsoft Visual Studio\Installer;C:\Program Files\Microsoft Visual Studio\18\Enterprise\VC\Tools\Llvm\x64\bin;C:\Program Files\Microsoft Visual Studio\18\Enterprise\Common7\IDE\CommonExtensions\Microsoft\CMake\CMake\bin;C:\Program Files\Microsoft Visual Studio\18\Enterprise\Common7\IDE\CommonExtensions\Microsoft\CMake\Ninja;C:\Program Files\Microsoft Visual Studio\18\Enterprise\Common7\IDE\VC\Linux\bin\ConnectionManagerExe;C:\Program Files\Microsoft Visual Studio\18\Enterprise\VC\vcpkg
2026-09-15T21:04:27.2909010Z   Platform: x64
2026-09-15T21:04:27.2909215Z   UCRTVersion: 10.0.26100.0
2026-09-15T21:04:27.2909510Z   UniversalCRTSdkDir: C:\Program Files (x86)\Windows Kits\10\
2026-09-15T21:04:27.2909839Z   use_x64_llvm: true
2026-09-15T21:04:27.2910200Z   VCIDEInstallDir: C:\Program Files\Microsoft Visual Studio\18\Enterprise\Common7\IDE\VC\
2026-09-15T21:04:27.2910946Z   VCINSTALLDIR: C:\Program Files\Microsoft Visual Studio\18\Enterprise\VC\
2026-09-15T21:04:27.2911426Z   VCPKG_ROOT: C:\Program Files\Microsoft Visual Studio\18\Enterprise\VC\vcpkg
2026-09-15T21:04:27.2911985Z   VCToolsInstallDir: C:\Program Files\Microsoft Visual Studio\18\Enterprise\VC\Tools\MSVC\14.44.35207\
2026-09-15T21:04:27.2912648Z   VCToolsRedistDir: C:\Program Files\Microsoft Visual Studio\18\Enterprise\VC\Redist\MSVC\14.51.36231\
2026-09-15T21:04:27.2913113Z   VCToolsVersion: 14.44.35207
2026-09-15T21:04:27.2913342Z   VisualStudioVersion: 18.0
2026-09-15T21:04:27.2913703Z   VS180COMNTOOLS: C:\Program Files\Microsoft Visual Studio\18\Enterprise\Common7\Tools\
2026-09-15T21:04:27.2914114Z   VSCMD_ARG_app_plat: Desktop
2026-09-15T21:04:27.2914330Z   VSCMD_ARG_HOST_ARCH: x64
2026-09-15T21:04:27.2914539Z   VSCMD_ARG_TGT_ARCH: x64
2026-09-15T21:04:27.2914741Z   VSCMD_ARG_VCVARS_VER: 14.44
2026-09-15T21:04:27.2914952Z   VSCMD_VER: 18.9.2
2026-09-15T21:04:27.2915256Z   VSINSTALLDIR: C:\Program Files\Microsoft Visual Studio\18\Enterprise\
2026-09-15T21:04:27.2915855Z   VSSDK150INSTALL: C:\Program Files\Microsoft Visual Studio\18\Enterprise\VSSDK
2026-09-15T21:04:27.2916336Z   VSSDKINSTALL: C:\Program Files\Microsoft Visual Studio\18\Enterprise\VSSDK
2026-09-15T21:04:27.2917025Z   WindowsLibPath: C:\Program Files (x86)\Windows Kits\10\UnionMetadata\10.0.26100.0;C:\Program Files (x86)\Windows Kits\10\References\10.0.26100.0
2026-09-15T21:04:27.2917676Z   WindowsSdkBinPath: C:\Program Files (x86)\Windows Kits\10\bin\
2026-09-15T21:04:27.2918056Z   WindowsSdkDir: C:\Program Files (x86)\Windows Kits\10\
2026-09-15T21:04:27.2918359Z   WindowsSDKLibVersion: 10.0.26100.0\
2026-09-15T21:04:27.2918725Z   WindowsSdkVerBinPath: C:\Program Files (x86)\Windows Kits\10\bin\10.0.26100.0\
2026-09-15T21:04:27.2919106Z   WindowsSDKVersion: 10.0.26100.0\
2026-09-15T21:04:27.2919555Z   WindowsSDK_ExecutablePath_x64: C:\Program Files (x86)\Microsoft SDKs\Windows\v10.0A\bin\NETFX 4.8.1 Tools\x64\
2026-09-15T21:04:27.2920240Z   WindowsSDK_ExecutablePath_x86: C:\Program Files (x86)\Microsoft SDKs\Windows\v10.0A\bin\NETFX 4.8.1 Tools\
2026-09-15T21:04:27.2920694Z   __DOTNET_ADD_64BIT: 1
2026-09-15T21:04:27.2920910Z   __DOTNET_PREFERRED_BITNESS: 64
2026-09-15T21:04:27.2931341Z   __VSCMD_PREINIT_PATH: C:\Users\runneradmin\AppData\Roaming\Python\Python312\Scripts;C:\hostedtoolcache\windows\Python\3.12.10\x64\Scripts;C:\hostedtoolcache\windows\Python\3.12.10\x64;C:\Program Files\MongoDB\Server\7.0\bin;C:\vcpkg;C:\tools\zstd;C:\hostedtoolcache\windows\stack\3.11.1\x64;C:\cabal\bin;C:\\ghcup\bin;C:\mingw64\bin;C:\Program Files\dotnet;C:\Program Files\MySQL\MySQL Server 8.0\bin;C:\Program Files\R\R-4.6.1\bin\x64;C:\SeleniumWebDrivers\GeckoDriver;C:\SeleniumWebDrivers\EdgeDriver\;C:\SeleniumWebDrivers\ChromeDriver;C:\Program Files (x86)\sbt\bin;C:\Program Files (x86)\GitHub CLI;C:\Program Files\Git\bin;C:\Program Files (x86)\pipx_bin;C:\npm\prefix;C:\hostedtoolcache\windows\go\1.24.13\x64\bin;C:\hostedtoolcache\windows\Python\3.12.10\x64\Scripts;C:\hostedtoolcache\windows\Python\3.12.10\x64;C:\hostedtoolcache\windows\Ruby\3.3.12\x64\bin;C:\Program Files\OpenSSL\bin;C:\tools\kotlinc\bin;C:\hostedtoolcache\windows\Java_Temurin-Hotspot_jdk\17.0.20-101\x64\bin;C:\Program Files\ImageMagick-7.1.2-Q16-HDRI;C:\Program Files\Microsoft SDKs\Azure\CLI2\wbin;C:\ProgramData\kind;C:\ProgramData\Chocolatey\bin;C:\Windows\system32;C:\Windows;C:\Windows\System32\Wbem;C:\Windows\System32\WindowsPowerShell\v1.0\;C:\Windows\System32\OpenSSH\;C:\Program Files\PowerShell\7\;C:\Program Files\Microsoft\Web Platform Installer\;C:\Program Files\Microsoft SQL Server\170\Tools\Binn\;C:\Program Files\Microsoft SQL Server\Client SDK\ODBC\170\Tools\Binn\;C:\Program Files\dotnet\;C:\Program Files (x86)\Windows Kits\10\Windows Performance Toolkit\;C:\Program Files (x86)\WiX Toolset v3.14\bin;C:\Program Files\Microsoft SQL Server\130\DTS\Binn\;C:\Program Files\Microsoft SQL Server\140\DTS\Binn\;C:\Program Files\Microsoft SQL Server\150\DTS\Binn\;C:\Program Files\Microsoft SQL Server\160\DTS\Binn\;C:\Program Files\Microsoft SQL Server\170\DTS\Binn\;C:\ProgramData\chocolatey\lib\pulumi\tools\Pulumi\bin;C:\Program Files\CMake\bin;C:\Strawberry\c\bin;C:\Strawberry\perl\site\bin;C:\Strawberry\perl\bin;C:\ProgramData\chocolatey\lib\maven\apache-maven-3.9.16\bin;C:\Program Files\Microsoft Service Fabric\bin\Fabric\Fabric.Code;C:\Program Files\Microsoft SDKs\Service Fabric\Tools\ServiceFabricLocalClusterManager;C:\Program Files\nodejs\;C:\Program Files\Git\cmd;C:\Program Files\Git\mingw64\bin;C:\Program Files\Git\usr\bin;C:\Program Files\GitHub CLI\;c:\tools\php;C:\Program Files (x86)\sbt\bin;C:\Program Files\Amazon\AWSCLIV2\;C:\Program Files\Amazon\SessionManagerPlugin\bin\;C:\Program Files\Amazon\AWSSAMCLI\bin\;C:\Program Files\Microsoft SQL Server\130\Tools\Binn\;C:\Program Files\mongosh\;C:\Program Files\LLVM\bin;C:\Program Files (x86)\LLVM\bin;C:\Users\runneradmin\.dotnet\tools;C:\Users\runneradmin\.cargo\bin;C:\Users\runneradmin\AppData\Local\Microsoft\WindowsApps;C:\Program Files (x86)\Microsoft Visual Studio\Installer
2026-09-15T21:04:27.2940941Z ##[endgroup]
2026-09-15T21:04:27.4934634Z [0/2] Re-checking globbed directories...
2026-09-15T21:04:27.7054716Z [1/187] Building C object linker\CMakeFiles\rxlink_concat_files.dir\tests\concat_files.c.obj
2026-09-15T21:04:27.7231280Z [2/187] Building C object interpreter\rxvmplugin\rxvmplugins\mc_decimal\CMakeFiles\mc_decimal_dynamic.dir\mc_decimal.c.obj
2026-09-15T21:04:27.8524624Z [3/187] Linking C shared module bin\rxvm_mc_decimal.rxvmplugin
2026-09-15T21:04:27.8720234Z [4/187] cREXX RXLINK fixture tests_link_root ...
2026-09-15T21:04:27.8888526Z [5/187] cREXX RXLINK fixture tests_link_provider_a ...
2026-09-15T21:04:27.9069618Z [6/187] cREXX RXLINK fixture tests_link_interface_root ...
2026-09-15T21:04:27.9240108Z [7/187] cREXX RXLINK fixture tests_link_interface_impl ...
2026-09-15T21:04:28.0904893Z [8/187] Linking C executable linker\rxlink_concat_files.exe
2026-09-15T21:04:28.1073898Z [9/187] cREXX RXLINK success fixture ...
2026-09-15T21:04:28.1257405Z [10/187] cREXX RXLINK interface fixture ...
2026-09-15T21:04:28.4375541Z [11/187] Building C object disassembler\CMakeFiles\rxdas.dir\rxdamain.c.obj
2026-09-15T21:04:28.4646015Z [12/187] Compiling dynamic_load_provider.crexx ...
2026-09-15T21:04:28.6842309Z [13/187] Building C object lib\plugins\map\CMakeFiles\_map.dir\map.c.obj
2026-09-15T21:04:28.7925670Z [14/187] Building C object tests\rxpa\CMakeFiles\_rxpa_callmethod_static.dir\rxpa_callmethod.c.obj
2026-09-15T21:04:28.8459900Z [15/187] Building C object tests\rxpa\CMakeFiles\_rxpalink_decl.dir\rxpa_staticlink.c.obj
2026-09-15T21:04:28.9151867Z [16/187] Building C object tests\rxpa\CMakeFiles\_testfuncs_static.dir\rxpa_functests.c.obj
2026-09-15T21:04:29.1473316Z [17/187] Building C object disassembler\CMakeFiles\rxdas.dir\rxdadism.c.obj
2026-09-15T21:04:29.1474931Z D:\a\CREXX\CREXX\disassembler\rxdadism.c(1737): warning C4477: 'fprintf' : format string '%lx' requires an argument of type 'unsigned long', but variadic argument 1 has type 'size_t'
2026-09-15T21:04:29.1476523Z D:\a\CREXX\CREXX\disassembler\rxdadism.c(1737): note: consider using '%zx' in the format string
2026-09-15T21:04:29.1478785Z D:\a\CREXX\CREXX\disassembler\rxdadism.c(1748): warning C4477: 'fprintf' : format string '%.6lx' requires an argument of type 'unsigned long', but variadic argument 1 has type 'size_t'
2026-09-15T21:04:29.1480385Z D:\a\CREXX\CREXX\disassembler\rxdadism.c(1748): note: consider using '%zx' in the format string
2026-09-15T21:04:29.1481951Z D:\a\CREXX\CREXX\disassembler\rxdadism.c(1752): warning C4477: 'fprintf' : format string '%.6lx' requires an argument of type 'unsigned long', but variadic argument 1 has type 'size_t'
2026-09-15T21:04:29.1483518Z D:\a\CREXX\CREXX\disassembler\rxdadism.c(1752): note: consider using '%zx' in the format string
2026-09-15T21:04:29.1485065Z D:\a\CREXX\CREXX\disassembler\rxdadism.c(1756): warning C4477: 'fprintf' : format string '%.6lx' requires an argument of type 'unsigned long', but variadic argument 1 has type 'size_t'
2026-09-15T21:04:29.1486612Z D:\a\CREXX\CREXX\disassembler\rxdadism.c(1756): note: consider using '%zx' in the format string
2026-09-15T21:04:29.1488143Z D:\a\CREXX\CREXX\disassembler\rxdadism.c(1774): warning C4477: 'fprintf' : format string '%.6lx' requires an argument of type 'unsigned long', but variadic argument 1 has type 'size_t'
2026-09-15T21:04:29.1489661Z D:\a\CREXX\CREXX\disassembler\rxdadism.c(1774): note: consider using '%zx' in the format string
2026-09-15T21:04:29.1491197Z D:\a\CREXX\CREXX\disassembler\rxdadism.c(1781): warning C4477: 'fprintf' : format string '%.6lx' requires an argument of type 'unsigned long', but variadic argument 1 has type 'size_t'
2026-09-15T21:04:29.1492722Z D:\a\CREXX\CREXX\disassembler\rxdadism.c(1781): note: consider using '%zx' in the format string
2026-09-15T21:04:29.1494249Z D:\a\CREXX\CREXX\disassembler\rxdadism.c(1788): warning C4477: 'fprintf' : format string '%.6lx' requires an argument of type 'unsigned long', but variadic argument 1 has type 'size_t'
2026-09-15T21:04:29.1496512Z D:\a\CREXX\CREXX\disassembler\rxdadism.c(1788): note: consider using '%zx' in the format string
2026-09-15T21:04:29.1498071Z D:\a\CREXX\CREXX\disassembler\rxdadism.c(1788): warning C4477: 'fprintf' : format string '%.6lx' requires an argument of type 'unsigned long', but variadic argument 2 has type 'size_t'
2026-09-15T21:04:29.1499624Z D:\a\CREXX\CREXX\disassembler\rxdadism.c(1788): note: consider using '%zx' in the format string
2026-09-15T21:04:29.1501146Z D:\a\CREXX\CREXX\disassembler\rxdadism.c(1799): warning C4477: 'fprintf' : format string '%.6lx' requires an argument of type 'unsigned long', but variadic argument 1 has type 'size_t'
2026-09-15T21:04:29.1502631Z D:\a\CREXX\CREXX\disassembler\rxdadism.c(1799): note: consider using '%zx' in the format string
2026-09-15T21:04:29.1504186Z D:\a\CREXX\CREXX\disassembler\rxdadism.c(1810): warning C4477: 'fprintf' : format string '%.6lx' requires an argument of type 'unsigned long', but variadic argument 1 has type 'size_t'
2026-09-15T21:04:29.1505734Z D:\a\CREXX\CREXX\disassembler\rxdadism.c(1810): note: consider using '%zx' in the format string
2026-09-15T21:04:29.1507264Z D:\a\CREXX\CREXX\disassembler\rxdadism.c(1817): warning C4477: 'fprintf' : format string '%.6lx' requires an argument of type 'unsigned long', but variadic argument 1 has type 'size_t'
2026-09-15T21:04:29.1508761Z D:\a\CREXX\CREXX\disassembler\rxdadism.c(1817): note: consider using '%zx' in the format string
2026-09-15T21:04:29.1510201Z D:\a\CREXX\CREXX\disassembler\rxdadism.c(1829): warning C4477: 'fprintf' : format string '%.6lx' requires an argument of type 'unsigned long', but variadic argument 1 has type 'size_t'
2026-09-15T21:04:29.1511665Z D:\a\CREXX\CREXX\disassembler\rxdadism.c(1829): note: consider using '%zx' in the format string
2026-09-15T21:04:29.1513218Z D:\a\CREXX\CREXX\disassembler\rxdadism.c(1829): warning C4477: 'fprintf' : format string '%.6lx' requires an argument of type 'unsigned long', but variadic argument 2 has type 'size_t'
2026-09-15T21:04:29.1514767Z D:\a\CREXX\CREXX\disassembler\rxdadism.c(1829): note: consider using '%zx' in the format string
2026-09-15T21:04:29.1517701Z D:\a\CREXX\CREXX\disassembler\rxdadism.c(1853): warning C4477: 'fprintf' : format string '%.6lx' requires an argument of type 'unsigned long', but variadic argument 1 has type 'size_t'
2026-09-15T21:04:29.1519324Z D:\a\CREXX\CREXX\disassembler\rxdadism.c(1853): note: consider using '%zx' in the format string
2026-09-15T21:04:29.1520894Z D:\a\CREXX\CREXX\disassembler\rxdadism.c(1853): warning C4477: 'fprintf' : format string '%.6lx' requires an argument of type 'unsigned long', but variadic argument 2 has type 'size_t'
2026-09-15T21:04:29.1522450Z D:\a\CREXX\CREXX\disassembler\rxdadism.c(1853): note: consider using '%zx' in the format string
2026-09-15T21:04:29.1523988Z D:\a\CREXX\CREXX\disassembler\rxdadism.c(1876): warning C4477: 'fprintf' : format string '%.6lx' requires an argument of type 'unsigned long', but variadic argument 1 has type 'size_t'
2026-09-15T21:04:29.1525580Z D:\a\CREXX\CREXX\disassembler\rxdadism.c(1876): note: consider using '%zx' in the format string
2026-09-15T21:04:29.1527167Z D:\a\CREXX\CREXX\disassembler\rxdadism.c(1876): warning C4477: 'fprintf' : format string '%.6lx' requires an argument of type 'unsigned long', but variadic argument 2 has type 'size_t'
2026-09-15T21:04:29.1528742Z D:\a\CREXX\CREXX\disassembler\rxdadism.c(1876): note: consider using '%zx' in the format string
2026-09-15T21:04:29.1530294Z D:\a\CREXX\CREXX\disassembler\rxdadism.c(1893): warning C4477: 'fprintf' : format string '%.6lx' requires an argument of type 'unsigned long', but variadic argument 1 has type 'size_t'
2026-09-15T21:04:29.1531865Z D:\a\CREXX\CREXX\disassembler\rxdadism.c(1893): note: consider using '%zx' in the format string
2026-09-15T21:04:29.1533405Z D:\a\CREXX\CREXX\disassembler\rxdadism.c(1893): warning C4477: 'fprintf' : format string '%.6lx' requires an argument of type 'unsigned long', but variadic argument 2 has type 'size_t'
2026-09-15T21:04:29.1535240Z D:\a\CREXX\CREXX\disassembler\rxdadism.c(1893): note: consider using '%zx' in the format string
2026-09-15T21:04:29.1537223Z D:\a\CREXX\CREXX\disassembler\rxdadism.c(1906): warning C4477: 'fprintf' : format string '%.6lx' requires an argument of type 'unsigned long', but variadic argument 1 has type 'size_t'
2026-09-15T21:04:29.1538740Z D:\a\CREXX\CREXX\disassembler\rxdadism.c(1906): note: consider using '%zx' in the format string
2026-09-15T21:04:29.1540257Z D:\a\CREXX\CREXX\disassembler\rxdadism.c(1906): warning C4477: 'fprintf' : format string '%.6lx' requires an argument of type 'unsigned long', but variadic argument 2 has type 'size_t'
2026-09-15T21:04:29.1541781Z D:\a\CREXX\CREXX\disassembler\rxdadism.c(1906): note: consider using '%zx' in the format string
2026-09-15T21:04:29.1543357Z D:\a\CREXX\CREXX\disassembler\rxdadism.c(1920): warning C4477: 'fprintf' : format string '%.6lx' requires an argument of type 'unsigned long', but variadic argument 1 has type 'size_t'
2026-09-15T21:04:29.1544883Z D:\a\CREXX\CREXX\disassembler\rxdadism.c(1920): note: consider using '%zx' in the format string
2026-09-15T21:04:29.1546417Z D:\a\CREXX\CREXX\disassembler\rxdadism.c(1920): warning C4477: 'fprintf' : format string '%.6lx' requires an argument of type 'unsigned long', but variadic argument 2 has type 'size_t'
2026-09-15T21:04:29.1547933Z D:\a\CREXX\CREXX\disassembler\rxdadism.c(1920): note: consider using '%zx' in the format string
2026-09-15T21:04:29.1549447Z D:\a\CREXX\CREXX\disassembler\rxdadism.c(1933): warning C4477: 'fprintf' : format string '%.6lx' requires an argument of type 'unsigned long', but variadic argument 1 has type 'size_t'
2026-09-15T21:04:29.1550966Z D:\a\CREXX\CREXX\disassembler\rxdadism.c(1933): note: consider using '%zx' in the format string
2026-09-15T21:04:29.1552489Z D:\a\CREXX\CREXX\disassembler\rxdadism.c(1933): warning C4477: 'fprintf' : format string '%.6lx' requires an argument of type 'unsigned long', but variadic argument 2 has type 'size_t'
2026-09-15T21:04:29.1554018Z D:\a\CREXX\CREXX\disassembler\rxdadism.c(1933): note: consider using '%zx' in the format string
2026-09-15T21:04:29.1556029Z D:\a\CREXX\CREXX\disassembler\rxdadism.c(1944): warning C4477: 'fprintf' : format string '%.6lx' requires an argument of type 'unsigned long', but variadic argument 1 has type 'size_t'
2026-09-15T21:04:29.1557567Z D:\a\CREXX\CREXX\disassembler\rxdadism.c(1944): note: consider using '%zx' in the format string
2026-09-15T21:04:29.1559105Z D:\a\CREXX\CREXX\disassembler\rxdadism.c(1944): warning C4477: 'fprintf' : format string '%.6lx' requires an argument of type 'unsigned long', but variadic argument 2 has type 'size_t'
2026-09-15T21:04:29.1560646Z D:\a\CREXX\CREXX\disassembler\rxdadism.c(1944): note: consider using '%zx' in the format string
2026-09-15T21:04:29.1562174Z D:\a\CREXX\CREXX\disassembler\rxdadism.c(1963): warning C4477: 'fprintf' : format string '%.6lx' requires an argument of type 'unsigned long', but variadic argument 1 has type 'size_t'
2026-09-15T21:04:29.1563690Z D:\a\CREXX\CREXX\disassembler\rxdadism.c(1963): note: consider using '%zx' in the format string
2026-09-15T21:04:29.1565215Z D:\a\CREXX\CREXX\disassembler\rxdadism.c(1963): warning C4477: 'fprintf' : format string '%.6lx' requires an argument of type 'unsigned long', but variadic argument 2 has type 'size_t'
2026-09-15T21:04:29.1566711Z D:\a\CREXX\CREXX\disassembler\rxdadism.c(1963): note: consider using '%zx' in the format string
2026-09-15T21:04:29.1568194Z D:\a\CREXX\CREXX\disassembler\rxdadism.c(1988): warning C4477: 'fprintf' : format string '%.6lx' requires an argument of type 'unsigned long', but variadic argument 1 has type 'size_t'
2026-09-15T21:04:29.1569767Z D:\a\CREXX\CREXX\disassembler\rxdadism.c(1988): note: consider using '%zx' in the format string
2026-09-15T21:04:29.1571325Z D:\a\CREXX\CREXX\disassembler\rxdadism.c(1988): warning C4477: 'fprintf' : format string '%.6lx' requires an argument of type 'unsigned long', but variadic argument 2 has type 'size_t'
2026-09-15T21:04:29.1573103Z D:\a\CREXX\CREXX\disassembler\rxdadism.c(1988): note: consider using '%zx' in the format string
2026-09-15T21:04:29.1574672Z D:\a\CREXX\CREXX\disassembler\rxdadism.c(2002): warning C4477: 'fprintf' : format string '%.6lx' requires an argument of type 'unsigned long', but variadic argument 1 has type 'size_t'
2026-09-15T21:04:29.1576522Z D:\a\CREXX\CREXX\disassembler\rxdadism.c(2002): note: consider using '%zx' in the format string
2026-09-15T21:04:29.1578097Z D:\a\CREXX\CREXX\disassembler\rxdadism.c(2002): warning C4477: 'fprintf' : format string '%.6lx' requires an argument of type 'unsigned long', but variadic argument 2 has type 'size_t'
2026-09-15T21:04:29.1579628Z D:\a\CREXX\CREXX\disassembler\rxdadism.c(2002): note: consider using '%zx' in the format string
2026-09-15T21:04:29.1581161Z D:\a\CREXX\CREXX\disassembler\rxdadism.c(2018): warning C4477: 'fprintf' : format string '%.6lx' requires an argument of type 'unsigned long', but variadic argument 1 has type 'size_t'
2026-09-15T21:04:29.1582683Z D:\a\CREXX\CREXX\disassembler\rxdadism.c(2018): note: consider using '%zx' in the format string
2026-09-15T21:04:29.1584209Z D:\a\CREXX\CREXX\disassembler\rxdadism.c(2018): warning C4477: 'fprintf' : format string '%.6lx' requires an argument of type 'unsigned long', but variadic argument 2 has type 'size_t'
2026-09-15T21:04:29.1585741Z D:\a\CREXX\CREXX\disassembler\rxdadism.c(2018): note: consider using '%zx' in the format string
2026-09-15T21:04:29.1587279Z D:\a\CREXX\CREXX\disassembler\rxdadism.c(2034): warning C4477: 'fprintf' : format string '%.6lx' requires an argument of type 'unsigned long', but variadic argument 1 has type 'size_t'
2026-09-15T21:04:29.1588795Z D:\a\CREXX\CREXX\disassembler\rxdadism.c(2034): note: consider using '%zx' in the format string
2026-09-15T21:04:29.1590322Z D:\a\CREXX\CREXX\disassembler\rxdadism.c(2034): warning C4477: 'fprintf' : format string '%.6lx' requires an argument of type 'unsigned long', but variadic argument 2 has type 'size_t'
2026-09-15T21:04:29.1591847Z D:\a\CREXX\CREXX\disassembler\rxdadism.c(2034): note: consider using '%zx' in the format string
2026-09-15T21:04:29.1593553Z D:\a\CREXX\CREXX\disassembler\rxdadism.c(2048): warning C4477: 'fprintf' : format string '%.6lx' requires an argument of type 'unsigned long', but variadic argument 1 has type 'size_t'
2026-09-15T21:04:29.1595093Z D:\a\CREXX\CREXX\disassembler\rxdadism.c(2048): note: consider using '%zx' in the format string
2026-09-15T21:04:29.1596883Z D:\a\CREXX\CREXX\disassembler\rxdadism.c(2048): warning C4477: 'fprintf' : format string '%.6lx' requires an argument of type 'unsigned long', but variadic argument 2 has type 'size_t'
2026-09-15T21:04:29.1598407Z D:\a\CREXX\CREXX\disassembler\rxdadism.c(2048): note: consider using '%zx' in the format string
2026-09-15T21:04:29.1599934Z D:\a\CREXX\CREXX\disassembler\rxdadism.c(2062): warning C4477: 'fprintf' : format string '%.6lx' requires an argument of type 'unsigned long', but variadic argument 1 has type 'size_t'
2026-09-15T21:04:29.1601451Z D:\a\CREXX\CREXX\disassembler\rxdadism.c(2062): note: consider using '%zx' in the format string
2026-09-15T21:04:29.1602951Z D:\a\CREXX\CREXX\disassembler\rxdadism.c(2062): warning C4477: 'fprintf' : format string '%.6lx' requires an argument of type 'unsigned long', but variadic argument 2 has type 'size_t'
2026-09-15T21:04:29.1604473Z D:\a\CREXX\CREXX\disassembler\rxdadism.c(2062): note: consider using '%zx' in the format string
2026-09-15T21:04:29.1606001Z D:\a\CREXX\CREXX\disassembler\rxdadism.c(2077): warning C4477: 'fprintf' : format string '%.6lx' requires an argument of type 'unsigned long', but variadic argument 1 has type 'size_t'
2026-09-15T21:04:29.1607526Z D:\a\CREXX\CREXX\disassembler\rxdadism.c(2077): note: consider using '%zx' in the format string
2026-09-15T21:04:29.1609045Z D:\a\CREXX\CREXX\disassembler\rxdadism.c(2077): warning C4477: 'fprintf' : format string '%.6lx' requires an argument of type 'unsigned long', but variadic argument 2 has type 'size_t'
2026-09-15T21:04:29.1610774Z D:\a\CREXX\CREXX\disassembler\rxdadism.c(2077): note: consider using '%zx' in the format string
2026-09-15T21:04:29.1612316Z D:\a\CREXX\CREXX\disassembler\rxdadism.c(2084): warning C4477: 'fprintf' : format string '%.6lx' requires an argument of type 'unsigned long', but variadic argument 1 has type 'size_t'
2026-09-15T21:04:29.1613846Z D:\a\CREXX\CREXX\disassembler\rxdadism.c(2084): note: consider using '%zx' in the format string
2026-09-15T21:04:29.1615373Z D:\a\CREXX\CREXX\disassembler\rxdadism.c(2096): warning C4477: 'fprintf' : format string '%lx' requires an argument of type 'unsigned long', but variadic argument 1 has type 'size_t'
2026-09-15T21:04:29.1644987Z D:\a\CREXX\CREXX\disassembler\rxdadism.c(2096): note: consider using '%zx' in the format string
2026-09-15T21:04:29.1646532Z D:\a\CREXX\CREXX\disassembler\rxdadism.c(2157): warning C4477: 'snprintf' : format string '%lx' requires an argument of type 'unsigned long', but variadic argument 1 has type 'size_t'
2026-09-15T21:04:29.1648141Z D:\a\CREXX\CREXX\disassembler\rxdadism.c(2157): note: consider using '%zx' in the format string
2026-09-15T21:04:29.1649696Z D:\a\CREXX\CREXX\disassembler\rxdadism.c(2231): warning C4477: 'fprintf' : format string '%.6lx' requires an argument of type 'unsigned long', but variadic argument 1 has type 'size_t'
2026-09-15T21:04:29.1651251Z D:\a\CREXX\CREXX\disassembler\rxdadism.c(2231): note: consider using '%zx' in the format string
2026-09-15T21:04:29.7973467Z [18/187] Compiling cms_address_demo.crexx ...
2026-09-15T21:04:30.3981597Z [19/187] Compiling address_cms_host.crexx ...
2026-09-15T21:04:30.9123618Z [20/187] Compiling cms_address_environment.crexx ...
2026-09-15T21:04:31.2879238Z [21/187] Compiling address_callback_host.crexx ...
2026-09-15T21:04:31.6620323Z [22/187] Compiling dynamic_load_host.crexx ...
2026-09-15T21:04:31.6806066Z [23/187] cREXX RXLINK inline-metadata fixture ...
2026-09-15T21:04:31.6969878Z [24/187] cREXX RXLINK stripped fixture ...
2026-09-15T21:04:31.7201410Z [25/187] cREXX RXLINK record-stream concat fixture ...
2026-09-15T21:04:31.7962142Z [26/187] Building C object disassembler\CMakeFiles\mutate_graph_rxbin.dir\tests\mutate_graph_rxbin.c.obj
2026-09-15T21:04:32.2016025Z [27/187] Compiling crexxsaa_variables_host.crexx ...
2026-09-15T21:04:32.2203799Z [28/187] Building C object interpreter\CMakeFiles\rxvm_platform_notls_objects.dir\rxvmsock.c.obj
2026-09-15T21:04:32.2221192Z [29/187] cREXX RXBIN 007 portable-format tests ...
2026-09-15T21:04:32.3409445Z [30/187] Building C object interpreter\rxvmplugin\rxvmplugins\db_decimal\CMakeFiles\db_decimal_dynamic.dir\db_decimal.c.obj
2026-09-15T21:04:32.4617564Z [31/187] Building C object interpreter\rxvmplugin\rxvmplugins\db_decimal\CMakeFiles\db_decimal_manual.dir\db_decimal.c.obj
2026-09-15T21:04:32.5398111Z [32/187] Building C object lib\plugins\stack\CMakeFiles\_stack.dir\stack.c.obj
2026-09-15T21:04:32.7372535Z [33/187] Building C object lib\plugins\strings\CMakeFiles\_strings.dir\strings.c.obj
2026-09-15T21:04:32.8611630Z [34/187] Linking C shared module bin\rx_map.rxplugin
2026-09-15T21:04:33.0006484Z [35/187] Linking C executable bin\rxdas.exe
2026-09-15T21:04:33.0153930Z [36/187] Compiling test_reentrancy.crexx ...
2026-09-15T21:04:33.6055656Z [37/187] Generating testid_noopt.rxbin
2026-09-15T21:04:33.6303499Z [38/187] Generating testid_opt.rxbin
2026-09-15T21:04:33.6991368Z [39/187] Building C object tests\rxpa\CMakeFiles\_rxpa_dynlink.dir\rxpa_dynlink.c.obj
2026-09-15T21:04:33.7315320Z [40/187] Linking C static library tests\rx_rxpa_callmethod_static.lib
2026-09-15T21:04:33.7632310Z [41/187] Linking C static library tests\rx_rxpalink_decl.lib
2026-09-15T21:04:33.8135830Z [42/187] Building C object tests\rxpa\CMakeFiles\rxc_staticlink.dir\__\__\compiler\rxc_main.c.obj
2026-09-15T21:04:33.8560682Z [43/187] Building C object tests\rxpa\CMakeFiles\_rxpa_classdecl_static_decl.dir\rxpa_classdecl.c.obj
2026-09-15T21:04:33.9096946Z [44/187] Building C object tests\rxpa\CMakeFiles\_rxpalink_static.dir\rxpa_staticlink.c.obj
2026-09-15T21:04:33.9583144Z [45/187] Building C object tests\native_signals\CMakeFiles\signal_tester.dir\sigtest-windows.c.obj
2026-09-15T21:04:33.9896846Z [46/187] Building C object tests\rxpa\CMakeFiles\_testfuncs_dynamic.dir\rxpa_functests.c.obj
2026-09-15T21:04:33.9983183Z [47/187] Linking C static library tests\rx_testfuncs_static.lib
2026-09-15T21:04:34.0564117Z [48/187] Building C object tests\rxpa\multplugins\CMakeFiles\_plugin1.dir\plugin1.c.obj
2026-09-15T21:04:34.1169332Z [49/187] Building C object tests\rxpa\multplugins\CMakeFiles\_plugin2.dir\plugin2.c.obj
2026-09-15T21:04:34.2151843Z [50/187] Building C object binutils\CMakeFiles\test_rxsha256.dir\tests\test_rxsha256.c.obj
2026-09-15T21:04:34.3042323Z [51/187] Building C object contract\CMakeFiles\crexx-contract.dir\contractmain.c.obj
2026-09-15T21:04:34.4524198Z [52/187] Building C object tests\rxpa\CMakeFiles\funcvm.dir\__\__\interpreter\rxvmmain.c.obj
2026-09-15T21:04:34.4840841Z [53/187] Building C object contract\CMakeFiles\crexx-contract.dir\contract_model.c.obj
2026-09-15T21:04:34.5846028Z [54/187] Building C object contract\CMakeFiles\crexx-contract.dir\contract_json.c.obj
2026-09-15T21:04:34.8194349Z [55/187] Building C object contract\CMakeFiles\crexx-contract.dir\contract_compat.c.obj
2026-09-15T21:04:34.8366301Z [56/187] Building C object compiler\tests\CMakeFiles\crexx_test_driver.dir\src\test_driver.c.obj
2026-09-15T21:04:34.8850273Z [57/187] Building C object compiler\tests\CMakeFiles\test_crexxsaa_status.dir\src\test_crexxsaa_status.c.obj
2026-09-15T21:04:34.9542014Z [58/187] Building C object compiler\tests\CMakeFiles\test_source_provenance.dir\src\test_source_provenance.c.obj
2026-09-15T21:04:34.9615768Z [59/187] Building C object compiler\tests\CMakeFiles\test_address_bridge.dir\src\test_address_bridge.c.obj
2026-09-15T21:04:35.0269777Z [60/187] Building C object compiler\tests\CMakeFiles\test_dynamic_load.dir\src\test_dynamic_load.c.obj
2026-09-15T21:04:35.0641398Z [61/187] Building C object compiler\tests\CMakeFiles\test_address_callback_host.dir\src\test_address_callback_host.c.obj
2026-09-15T21:04:35.0819450Z [62/187] cREXX RXLINK fixture tests_link_provider_b ...
2026-09-15T21:04:35.1257111Z [63/187] Building C object compiler\tests\CMakeFiles\test_crexxsaa_variables.dir\src\test_crexxsaa_variables.c.obj
2026-09-15T21:04:35.2137615Z [64/187] Building C object linker\CMakeFiles\test_linked_format.dir\tests\test_linked_format.c.obj
2026-09-15T21:04:35.2660668Z [65/187] Linking C executable disassembler\mutate_graph_rxbin.exe
2026-09-15T21:04:35.5318119Z [66/187] Building C object disassembler\CMakeFiles\test_disassembler_dump.dir\tests\test_disassembler_dump.c.obj
2026-09-15T21:04:35.5564578Z [67/187] cREXX RXDAS roundtrip fixture tests_compact_format ...
2026-09-15T21:04:36.2837333Z [68/187] Building C object disassembler\CMakeFiles\test_disassembler_dump.dir\rxdadism.c.obj
2026-09-15T21:04:36.2860251Z D:\a\CREXX\CREXX\disassembler\rxdadism.c(1737): warning C4477: 'fprintf' : format string '%lx' requires an argument of type 'unsigned long', but variadic argument 1 has type 'size_t'
2026-09-15T21:04:36.2937380Z D:\a\CREXX\CREXX\disassembler\rxdadism.c(1737): note: consider using '%zx' in the format string
2026-09-15T21:04:36.3136590Z D:\a\CREXX\CREXX\disassembler\rxdadism.c(1748): warning C4477: 'fprintf' : format string '%.6lx' requires an argument of type 'unsigned long', but variadic argument 1 has type 'size_t'
2026-09-15T21:04:36.3176249Z D:\a\CREXX\CREXX\disassembler\rxdadism.c(1748): note: consider using '%zx' in the format string
2026-09-15T21:04:36.3196390Z D:\a\CREXX\CREXX\disassembler\rxdadism.c(1752): warning C4477: 'fprintf' : format string '%.6lx' requires an argument of type 'unsigned long', but variadic argument 1 has type 'size_t'
2026-09-15T21:04:36.3259971Z D:\a\CREXX\CREXX\disassembler\rxdadism.c(1752): note: consider using '%zx' in the format string
2026-09-15T21:04:36.3460766Z D:\a\CREXX\CREXX\disassembler\rxdadism.c(1756): warning C4477: 'fprintf' : format string '%.6lx' requires an argument of type 'unsigned long', but variadic argument 1 has type 'size_t'
2026-09-15T21:04:36.3500514Z D:\a\CREXX\CREXX\disassembler\rxdadism.c(1756): note: consider using '%zx' in the format string
2026-09-15T21:04:36.3536991Z D:\a\CREXX\CREXX\disassembler\rxdadism.c(1774): warning C4477: 'fprintf' : format string '%.6lx' requires an argument of type 'unsigned long', but variadic argument 1 has type 'size_t'
2026-09-15T21:04:36.3595401Z D:\a\CREXX\CREXX\disassembler\rxdadism.c(1774): note: consider using '%zx' in the format string
2026-09-15T21:04:36.3779885Z D:\a\CREXX\CREXX\disassembler\rxdadism.c(1781): warning C4477: 'fprintf' : format string '%.6lx' requires an argument of type 'unsigned long', but variadic argument 1 has type 'size_t'
2026-09-15T21:04:36.3819924Z D:\a\CREXX\CREXX\disassembler\rxdadism.c(1781): note: consider using '%zx' in the format string
2026-09-15T21:04:36.3931679Z D:\a\CREXX\CREXX\disassembler\rxdadism.c(1788): warning C4477: 'fprintf' : format string '%.6lx' requires an argument of type 'unsigned long', but variadic argument 1 has type 'size_t'
2026-09-15T21:04:36.4156303Z D:\a\CREXX\CREXX\disassembler\rxdadism.c(1788): note: consider using '%zx' in the format string
2026-09-15T21:04:36.4324625Z D:\a\CREXX\CREXX\disassembler\rxdadism.c(1788): warning C4477: 'fprintf' : format string '%.6lx' requires an argument of type 'unsigned long', but variadic argument 2 has type 'size_t'
2026-09-15T21:04:36.4491646Z D:\a\CREXX\CREXX\disassembler\rxdadism.c(1788): note: consider using '%zx' in the format string
2026-09-15T21:04:36.4625169Z D:\a\CREXX\CREXX\disassembler\rxdadism.c(1799): warning C4477: 'fprintf' : format string '%.6lx' requires an argument of type 'unsigned long', but variadic argument 1 has type 'size_t'
2026-09-15T21:04:36.4648292Z D:\a\CREXX\CREXX\disassembler\rxdadism.c(1799): note: consider using '%zx' in the format string
2026-09-15T21:04:36.4821644Z D:\a\CREXX\CREXX\disassembler\rxdadism.c(1810): warning C4477: 'fprintf' : format string '%.6lx' requires an argument of type 'unsigned long', but variadic argument 1 has type 'size_t'
2026-09-15T21:04:36.4837778Z D:\a\CREXX\CREXX\disassembler\rxdadism.c(1810): note: consider using '%zx' in the format string
2026-09-15T21:04:36.4960711Z D:\a\CREXX\CREXX\disassembler\rxdadism.c(1817): warning C4477: 'fprintf' : format string '%.6lx' requires an argument of type 'unsigned long', but variadic argument 1 has type 'size_t'
2026-09-15T21:04:36.4980171Z D:\a\CREXX\CREXX\disassembler\rxdadism.c(1817): note: consider using '%zx' in the format string
2026-09-15T21:04:36.5139486Z D:\a\CREXX\CREXX\disassembler\rxdadism.c(1829): warning C4477: 'fprintf' : format string '%.6lx' requires an argument of type 'unsigned long', but variadic argument 1 has type 'size_t'
2026-09-15T21:04:36.5156564Z D:\a\CREXX\CREXX\disassembler\rxdadism.c(1829): note: consider using '%zx' in the format string
2026-09-15T21:04:36.5279887Z D:\a\CREXX\CREXX\disassembler\rxdadism.c(1829): warning C4477: 'fprintf' : format string '%.6lx' requires an argument of type 'unsigned long', but variadic argument 2 has type 'size_t'
2026-09-15T21:04:36.5299146Z D:\a\CREXX\CREXX\disassembler\rxdadism.c(1829): note: consider using '%zx' in the format string
2026-09-15T21:04:36.5465603Z D:\a\CREXX\CREXX\disassembler\rxdadism.c(1853): warning C4477: 'fprintf' : format string '%.6lx' requires an argument of type 'unsigned long', but variadic argument 1 has type 'size_t'
2026-09-15T21:04:36.5492487Z D:\a\CREXX\CREXX\disassembler\rxdadism.c(1853): note: consider using '%zx' in the format string
2026-09-15T21:04:36.5615965Z D:\a\CREXX\CREXX\disassembler\rxdadism.c(1853): warning C4477: 'fprintf' : format string '%.6lx' requires an argument of type 'unsigned long', but variadic argument 2 has type 'size_t'
2026-09-15T21:04:36.5635225Z D:\a\CREXX\CREXX\disassembler\rxdadism.c(1853): note: consider using '%zx' in the format string
2026-09-15T21:04:36.5787804Z D:\a\CREXX\CREXX\disassembler\rxdadism.c(1876): warning C4477: 'fprintf' : format string '%.6lx' requires an argument of type 'unsigned long', but variadic argument 1 has type 'size_t'
2026-09-15T21:04:36.5834235Z D:\a\CREXX\CREXX\disassembler\rxdadism.c(1876): note: consider using '%zx' in the format string
2026-09-15T21:04:36.5950586Z D:\a\CREXX\CREXX\disassembler\rxdadism.c(1876): warning C4477: 'fprintf' : format string '%.6lx' requires an argument of type 'unsigned long', but variadic argument 2 has type 'size_t'
2026-09-15T21:04:36.5963755Z D:\a\CREXX\CREXX\disassembler\rxdadism.c(1876): note: consider using '%zx' in the format string
2026-09-15T21:04:36.6122648Z D:\a\CREXX\CREXX\disassembler\rxdadism.c(1893): warning C4477: 'fprintf' : format string '%.6lx' requires an argument of type 'unsigned long', but variadic argument 1 has type 'size_t'
2026-09-15T21:04:36.6164180Z D:\a\CREXX\CREXX\disassembler\rxdadism.c(1893): note: consider using '%zx' in the format string
2026-09-15T21:04:36.6348003Z D:\a\CREXX\CREXX\disassembler\rxdadism.c(1893): warning C4477: 'fprintf' : format string '%.6lx' requires an argument of type 'unsigned long', but variadic argument 2 has type 'size_t'
2026-09-15T21:04:36.6503007Z D:\a\CREXX\CREXX\disassembler\rxdadism.c(1893): note: consider using '%zx' in the format string
2026-09-15T21:04:36.6580386Z D:\a\CREXX\CREXX\disassembler\rxdadism.c(1906): warning C4477: 'fprintf' : format string '%.6lx' requires an argument of type 'unsigned long', but variadic argument 1 has type 'size_t'
2026-09-15T21:04:36.6785717Z D:\a\CREXX\CREXX\disassembler\rxdadism.c(1906): note: consider using '%zx' in the format string
2026-09-15T21:04:36.6808831Z D:\a\CREXX\CREXX\disassembler\rxdadism.c(1906): warning C4477: 'fprintf' : format string '%.6lx' requires an argument of type 'unsigned long', but variadic argument 2 has type 'size_t'
2026-09-15T21:04:36.6842049Z D:\a\CREXX\CREXX\disassembler\rxdadism.c(1906): note: consider using '%zx' in the format string
2026-09-15T21:04:36.6882670Z D:\a\CREXX\CREXX\disassembler\rxdadism.c(1920): warning C4477: 'fprintf' : format string '%.6lx' requires an argument of type 'unsigned long', but variadic argument 1 has type 'size_t'
2026-09-15T21:04:36.6898750Z D:\a\CREXX\CREXX\disassembler\rxdadism.c(1920): note: consider using '%zx' in the format string
2026-09-15T21:04:36.6963978Z D:\a\CREXX\CREXX\disassembler\rxdadism.c(1920): warning C4477: 'fprintf' : format string '%.6lx' requires an argument of type 'unsigned long', but variadic argument 2 has type 'size_t'
2026-09-15T21:04:36.7083360Z D:\a\CREXX\CREXX\disassembler\rxdadism.c(1920): note: consider using '%zx' in the format string
2026-09-15T21:04:36.7128864Z D:\a\CREXX\CREXX\disassembler\rxdadism.c(1933): warning C4477: 'fprintf' : format string '%.6lx' requires an argument of type 'unsigned long', but variadic argument 1 has type 'size_t'
2026-09-15T21:04:36.7135511Z D:\a\CREXX\CREXX\disassembler\rxdadism.c(1933): note: consider using '%zx' in the format string
2026-09-15T21:04:36.7178302Z D:\a\CREXX\CREXX\disassembler\rxdadism.c(1933): warning C4477: 'fprintf' : format string '%.6lx' requires an argument of type 'unsigned long', but variadic argument 2 has type 'size_t'
2026-09-15T21:04:36.7185208Z D:\a\CREXX\CREXX\disassembler\rxdadism.c(1933): note: consider using '%zx' in the format string
2026-09-15T21:04:36.7212131Z D:\a\CREXX\CREXX\disassembler\rxdadism.c(1944): warning C4477: 'fprintf' : format string '%.6lx' requires an argument of type 'unsigned long', but variadic argument 1 has type 'size_t'
2026-09-15T21:04:36.7215663Z D:\a\CREXX\CREXX\disassembler\rxdadism.c(1944): note: consider using '%zx' in the format string
2026-09-15T21:04:36.7219692Z D:\a\CREXX\CREXX\disassembler\rxdadism.c(1944): warning C4477: 'fprintf' : format string '%.6lx' requires an argument of type 'unsigned long', but variadic argument 2 has type 'size_t'
2026-09-15T21:04:36.7221598Z D:\a\CREXX\CREXX\disassembler\rxdadism.c(1944): note: consider using '%zx' in the format string
2026-09-15T21:04:36.7223497Z D:\a\CREXX\CREXX\disassembler\rxdadism.c(1963): warning C4477: 'fprintf' : format string '%.6lx' requires an argument of type 'unsigned long', but variadic argument 1 has type 'size_t'
2026-09-15T21:04:36.7225667Z D:\a\CREXX\CREXX\disassembler\rxdadism.c(1963): note: consider using '%zx' in the format string
2026-09-15T21:04:36.7227458Z D:\a\CREXX\CREXX\disassembler\rxdadism.c(1963): warning C4477: 'fprintf' : format string '%.6lx' requires an argument of type 'unsigned long', but variadic argument 2 has type 'size_t'
2026-09-15T21:04:36.7229238Z D:\a\CREXX\CREXX\disassembler\rxdadism.c(1963): note: consider using '%zx' in the format string
2026-09-15T21:04:36.7238097Z D:\a\CREXX\CREXX\disassembler\rxdadism.c(1988): warning C4477: 'fprintf' : format string '%.6lx' requires an argument of type 'unsigned long', but variadic argument 1 has type 'size_t'
2026-09-15T21:04:36.7258721Z D:\a\CREXX\CREXX\disassembler\rxdadism.c(1988): note: consider using '%zx' in the format string
2026-09-15T21:04:36.7280035Z D:\a\CREXX\CREXX\disassembler\rxdadism.c(1988): warning C4477: 'fprintf' : format string '%.6lx' requires an argument of type 'unsigned long', but variadic argument 2 has type 'size_t'
2026-09-15T21:04:36.7286260Z D:\a\CREXX\CREXX\disassembler\rxdadism.c(1988): note: consider using '%zx' in the format string
2026-09-15T21:04:36.7292692Z D:\a\CREXX\CREXX\disassembler\rxdadism.c(2002): warning C4477: 'fprintf' : format string '%.6lx' requires an argument of type 'unsigned long', but variadic argument 1 has type 'size_t'
2026-09-15T21:04:36.7388092Z D:\a\CREXX\CREXX\disassembler\rxdadism.c(2002): note: consider using '%zx' in the format string
2026-09-15T21:04:36.7395892Z D:\a\CREXX\CREXX\disassembler\rxdadism.c(2002): warning C4477: 'fprintf' : format string '%.6lx' requires an argument of type 'unsigned long', but variadic argument 2 has type 'size_t'
2026-09-15T21:04:36.7471745Z D:\a\CREXX\CREXX\disassembler\rxdadism.c(2002): note: consider using '%zx' in the format string
2026-09-15T21:04:36.7476306Z D:\a\CREXX\CREXX\disassembler\rxdadism.c(2018): warning C4477: 'fprintf' : format string '%.6lx' requires an argument of type 'unsigned long', but variadic argument 1 has type 'size_t'
2026-09-15T21:04:36.7494863Z D:\a\CREXX\CREXX\disassembler\rxdadism.c(2018): note: consider using '%zx' in the format string
2026-09-15T21:04:36.7502649Z D:\a\CREXX\CREXX\disassembler\rxdadism.c(2018): warning C4477: 'fprintf' : format string '%.6lx' requires an argument of type 'unsigned long', but variadic argument 2 has type 'size_t'
2026-09-15T21:04:36.7555136Z D:\a\CREXX\CREXX\disassembler\rxdadism.c(2018): note: consider using '%zx' in the format string
2026-09-15T21:04:36.7561137Z D:\a\CREXX\CREXX\disassembler\rxdadism.c(2034): warning C4477: 'fprintf' : format string '%.6lx' requires an argument of type 'unsigned long', but variadic argument 1 has type 'size_t'
2026-09-15T21:04:36.7619724Z D:\a\CREXX\CREXX\disassembler\rxdadism.c(2034): note: consider using '%zx' in the format string
2026-09-15T21:04:36.7628177Z D:\a\CREXX\CREXX\disassembler\rxdadism.c(2034): warning C4477: 'fprintf' : format string '%.6lx' requires an argument of type 'unsigned long', but variadic argument 2 has type 'size_t'
2026-09-15T21:04:36.7727588Z D:\a\CREXX\CREXX\disassembler\rxdadism.c(2034): note: consider using '%zx' in the format string
2026-09-15T21:04:36.7741094Z D:\a\CREXX\CREXX\disassembler\rxdadism.c(2048): warning C4477: 'fprintf' : format string '%.6lx' requires an argument of type 'unsigned long', but variadic argument 1 has type 'size_t'
2026-09-15T21:04:36.7814721Z D:\a\CREXX\CREXX\disassembler\rxdadism.c(2048): note: consider using '%zx' in the format string
2026-09-15T21:04:36.7891119Z D:\a\CREXX\CREXX\disassembler\rxdadism.c(2048): warning C4477: 'fprintf' : format string '%.6lx' requires an argument of type 'unsigned long', but variadic argument 2 has type 'size_t'
2026-09-15T21:04:36.7900928Z D:\a\CREXX\CREXX\disassembler\rxdadism.c(2048): note: consider using '%zx' in the format string
2026-09-15T21:04:36.7902750Z D:\a\CREXX\CREXX\disassembler\rxdadism.c(2062): warning C4477: 'fprintf' : format string '%.6lx' requires an argument of type 'unsigned long', but variadic argument 1 has type 'size_t'
2026-09-15T21:04:36.7905879Z D:\a\CREXX\CREXX\disassembler\rxdadism.c(2062): note: consider using '%zx' in the format string
2026-09-15T21:04:36.7907610Z D:\a\CREXX\CREXX\disassembler\rxdadism.c(2062): warning C4477: 'fprintf' : format string '%.6lx' requires an argument of type 'unsigned long', but variadic argument 2 has type 'size_t'
2026-09-15T21:04:36.7909287Z D:\a\CREXX\CREXX\disassembler\rxdadism.c(2062): note: consider using '%zx' in the format string
2026-09-15T21:04:36.7911018Z D:\a\CREXX\CREXX\disassembler\rxdadism.c(2077): warning C4477: 'fprintf' : format string '%.6lx' requires an argument of type 'unsigned long', but variadic argument 1 has type 'size_t'
2026-09-15T21:04:36.7912983Z D:\a\CREXX\CREXX\disassembler\rxdadism.c(2077): note: consider using '%zx' in the format string
2026-09-15T21:04:36.7914747Z D:\a\CREXX\CREXX\disassembler\rxdadism.c(2077): warning C4477: 'fprintf' : format string '%.6lx' requires an argument of type 'unsigned long', but variadic argument 2 has type 'size_t'
2026-09-15T21:04:36.7916526Z D:\a\CREXX\CREXX\disassembler\rxdadism.c(2077): note: consider using '%zx' in the format string
2026-09-15T21:04:36.7918288Z D:\a\CREXX\CREXX\disassembler\rxdadism.c(2084): warning C4477: 'fprintf' : format string '%.6lx' requires an argument of type 'unsigned long', but variadic argument 1 has type 'size_t'
2026-09-15T21:04:36.7920195Z D:\a\CREXX\CREXX\disassembler\rxdadism.c(2084): note: consider using '%zx' in the format string
2026-09-15T21:04:36.7921895Z D:\a\CREXX\CREXX\disassembler\rxdadism.c(2096): warning C4477: 'fprintf' : format string '%lx' requires an argument of type 'unsigned long', but variadic argument 1 has type 'size_t'
2026-09-15T21:04:36.7923616Z D:\a\CREXX\CREXX\disassembler\rxdadism.c(2096): note: consider using '%zx' in the format string
2026-09-15T21:04:36.7925337Z D:\a\CREXX\CREXX\disassembler\rxdadism.c(2157): warning C4477: 'snprintf' : format string '%lx' requires an argument of type 'unsigned long', but variadic argument 1 has type 'size_t'
2026-09-15T21:04:36.7927028Z D:\a\CREXX\CREXX\disassembler\rxdadism.c(2157): note: consider using '%zx' in the format string
2026-09-15T21:04:36.7929197Z D:\a\CREXX\CREXX\disassembler\rxdadism.c(2231): warning C4477: 'fprintf' : format string '%.6lx' requires an argument of type 'unsigned long', but variadic argument 1 has type 'size_t'
2026-09-15T21:04:36.7931142Z D:\a\CREXX\CREXX\disassembler\rxdadism.c(2231): note: consider using '%zx' in the format string
2026-09-15T21:04:36.8976219Z [69/187] Building C object interpreter\CMakeFiles\ts_regvalue_tester.dir\tests\ts_regvalue_tester.c.obj
2026-09-15T21:04:37.1950955Z [70/187] Building C object interpreter\CMakeFiles\test_rxpa_utf_validation.dir\rxpafuncs.c.obj
2026-09-15T21:04:37.2400166Z [71/187] Building C object interpreter\CMakeFiles\test_rxpa_utf_validation.dir\tests\test_rxpa_utf_validation.c.obj
2026-09-15T21:04:37.2984610Z [72/187] Building C object interpreter\CMakeFiles\test_rxpa_utf_validation.dir\rxvmactive.c.obj
2026-09-15T21:04:37.3682400Z [73/187] Building C object interpreter\CMakeFiles\test_db_decimal_archive_link.dir\tests\test_db_decimal_archive_link.c.obj
2026-09-15T21:04:37.6674555Z [74/187] Building C object interpreter\CMakeFiles\test_rxpa_utf_validation.dir\rxvmworker.c.obj
2026-09-15T21:04:37.7465081Z [75/187] Building C object interpreter\CMakeFiles\test_compact_format.dir\tests\test_compact_format.c.obj
2026-09-15T21:04:37.7485836Z [76/187] Building C object interpreter\CMakeFiles\test_reentrancy.dir\tests\test_reentrancy.c.obj
2026-09-15T21:04:37.7838164Z [77/187] Linking C static library bin\rxvm_db_decimal_manual.lib
2026-09-15T21:04:37.8786685Z [78/187] Linking C shared module bin\rxvm_db_decimal.rxvmplugin
2026-09-15T21:04:37.9103881Z [79/187] Linking C shared module bin\rx_stack.rxplugin
2026-09-15T21:04:38.0044562Z [80/187] Linking C shared module bin\rx_strings.rxplugin
2026-09-15T21:04:38.0928641Z [81/187] Generating map_test.crexx
2026-09-15T21:04:38.3059496Z [82/187] Building C object lib\plugins\keyaccess\CMakeFiles\keyaccess_compact_failure_test.dir\keyaccess_compact_failure_test.c.obj
2026-09-15T21:04:38.3061384Z D:\a\CREXX\CREXX\lib\plugins\keyaccess\keyaccess.c(949): warning C4477: 'fprintf' : format string '%ld' requires an argument of type 'long', but variadic argument 1 has type 'time_t'
2026-09-15T21:04:38.3062985Z D:\a\CREXX\CREXX\lib\plugins\keyaccess\keyaccess.c(949): note: consider using '%lld' in the format string
2026-09-15T21:04:38.3064136Z D:\a\CREXX\CREXX\lib\plugins\keyaccess\keyaccess.c(949): note: consider using '%Id' in the format string
2026-09-15T21:04:38.3065223Z D:\a\CREXX\CREXX\lib\plugins\keyaccess\keyaccess.c(949): note: consider using '%I64d' in the format string
2026-09-15T21:04:38.3067116Z D:\a\CREXX\CREXX\lib\plugins\keyaccess\keyaccess.c(1562): warning C4477: 'snprintf' : format string '%ld' requires an argument of type 'long', but variadic argument 1 has type 'time_t'
2026-09-15T21:04:38.3068713Z D:\a\CREXX\CREXX\lib\plugins\keyaccess\keyaccess.c(1562): note: consider using '%lld' in the format string
2026-09-15T21:04:38.3069878Z D:\a\CREXX\CREXX\lib\plugins\keyaccess\keyaccess.c(1562): note: consider using '%Id' in the format string
2026-09-15T21:04:38.3071024Z D:\a\CREXX\CREXX\lib\plugins\keyaccess\keyaccess.c(1562): note: consider using '%I64d' in the format string
2026-09-15T21:04:38.8044339Z [83/187] Generating testKeyDB_noopt.rxbin
2026-09-15T21:04:39.4881422Z [84/187] Generating numeric_test_support.rxbin
2026-09-15T21:04:39.4925198Z [85/187] Generating testKeyDB_opt.rxbin
2026-09-15T21:04:39.6234450Z [86/187] Linking C shared module tests\rxpa\rx_rxpa_dynlink.rxplugin
2026-09-15T21:04:39.6269672Z [87/187] Linking C executable tools\signal_tester.exe
2026-09-15T21:04:39.6613793Z [88/187] Linking C static library tests\rx_rxpa_classdecl_static_decl.lib
2026-09-15T21:04:39.7233712Z [89/187] Building C object tests\rxpa\CMakeFiles\rxc_classdecl_static.dir\__\__\compiler\rxc_main.c.obj
2026-09-15T21:04:39.7559244Z [90/187] Linking C static library tests\rx_rxpalink_static.lib
2026-09-15T21:04:39.8959815Z [91/187] Linking C executable tests\rxc_staticlink.exe
2026-09-15T21:04:40.0208189Z [92/187] Linking C shared module tests\rxpa\rx_testfuncs_dynamic.rxplugin
2026-09-15T21:04:40.1825701Z [93/187] Linking C executable tests\funcvm.exe
2026-09-15T21:04:40.2037822Z [94/187] Building C object tests\rxpa\CMakeFiles\testvm.dir\__\__\interpreter\rxvmmain.c.obj
2026-09-15T21:04:40.3187880Z [95/187] Linking C shared module tests\rxpa\multplugins\rx_plugin1.rxplugin
2026-09-15T21:04:40.3331146Z [96/187] Linking C shared module tests\rxpa\multplugins\rx_plugin2.rxplugin
2026-09-15T21:04:40.4543442Z [97/187] Linking C executable bin\test_rxsha256.exe
2026-09-15T21:04:40.4616242Z [98/187] Linking C executable bin\crexx-contract.exe
2026-09-15T21:04:40.5824600Z [99/187] Linking C executable compiler\tests\crexx_test_driver.exe
2026-09-15T21:04:40.6215120Z [100/187] Linking C executable compiler\tests\test_address_bridge.exe
2026-09-15T21:04:40.7481317Z [101/187] Linking C executable compiler\tests\test_address_callback_host.exe
2026-09-15T21:04:40.7840973Z [102/187] Linking C executable compiler\tests\test_dynamic_load.exe
2026-09-15T21:04:40.8838934Z [103/187] Linking C executable compiler\tests\test_crexxsaa_variables.exe
2026-09-15T21:04:40.9151146Z [104/187] Linking C executable compiler\tests\test_crexxsaa_status.exe
2026-09-15T21:04:41.0713483Z [105/187] Linking C executable linker\test_linked_format.exe
2026-09-15T21:04:41.0886325Z [106/187] cREXX RXLINK fixture tests_link_signature_bad_impl ...
2026-09-15T21:04:41.1061783Z [107/187] cREXX RXLINK control-file fixture ...
2026-09-15T21:04:41.1301750Z [108/187] Linking C executable compiler\tests\test_source_provenance.exe
2026-09-15T21:04:41.1519264Z [109/187] cREXX RXDAS roundtrip fixture tests_basic ...
2026-09-15T21:04:41.1743577Z [110/187] cREXX RXDAS invalid semantic-graph fixture ...
2026-09-15T21:04:41.2035206Z [111/187] cREXX RXDAS roundtrip fixture tests_interfaces ...
2026-09-15T21:04:41.2197971Z [112/187] cREXX RXDAS roundtrip fixture tests_rxdas_large_binary ...
2026-09-15T21:04:41.2678869Z [113/187] Linking C executable disassembler\test_disassembler_dump.exe
2026-09-15T21:04:41.3552050Z [114/187] Linking C executable interpreter\ts_regvalue_tester.exe
2026-09-15T21:04:41.4034663Z [115/187] Linking C executable interpreter\test_rxpa_utf_validation.exe
2026-09-15T21:04:41.4841223Z [116/187] Linking C executable interpreter\test_compact_format.exe
2026-09-15T21:04:41.5668534Z [117/187] Linking C executable interpreter\test_reentrancy.exe
2026-09-15T21:04:41.5858124Z [118/187] cREXX RXAS Instruction Tests (raise uncaptured signal) ...
2026-09-15T21:04:41.6068267Z [119/187] cREXX RXAS Instruction Tests (register flag partitioning) ...
2026-09-15T21:04:41.6280236Z [120/187] cREXX RXAS Instruction Tests (UTF flag cache) ...
2026-09-15T21:04:41.6395881Z [121/187] Linking C executable interpreter\test_db_decimal_archive_link.exe
2026-09-15T21:04:41.6596116Z [122/187] cREXX RXAS Basic Instruction Tests ...
2026-09-15T21:04:41.6700751Z [123/187] cREXX RXAS Instruction Tests (reference value instructions) ...
2026-09-15T21:04:41.7031983Z [124/187] cREXX RXAS String Instruction Tests ...
2026-09-15T21:04:41.7314509Z [125/187] cREXX RXAS Interface Dispatch Instruction Tests ...
2026-09-15T21:04:41.7428687Z [126/187] cREXX RXAS Decimal Instruction Tests ...
2026-09-15T21:04:42.3910977Z [127/187] Generating ts_parse_noopt.rxbin
2026-09-15T21:04:42.4723455Z [128/187] Generating ts_address_noopt.rxbin
2026-09-15T21:04:43.0408509Z [129/187] Generating ts_stem_noopt.rxbin
2026-09-15T21:04:43.1065088Z [130/187] Generating ts_rxjson_noopt.rxbin
2026-09-15T21:04:43.6926162Z [131/187] Generating ts_rxsocket_noopt.rxbin
2026-09-15T21:04:43.7370774Z [132/187] Generating ts_tinyexpr_noopt.rxbin
2026-09-15T21:04:44.3970135Z [133/187] Generating stack_test_noopt.rxbin
2026-09-15T21:04:44.4406016Z [134/187] Generating strings_test_noopt.rxbin
2026-09-15T21:04:44.5332140Z [135/187] Linking C executable lib\plugins\keyaccess\keyaccess_compact_failure_test.exe
2026-09-15T21:04:45.2252136Z [136/187] Generating keyaccess_test_noopt.rxbin
2026-09-15T21:04:45.2751600Z [137/187] Generating map_test_noopt.rxbin
2026-09-15T21:04:45.8959191Z [138/187] Generating testStringArrayList_noopt.rxbin
2026-09-15T21:04:45.9858282Z [139/187] Generating testStringHashMap_noopt.rxbin
2026-09-15T21:04:46.5929541Z [140/187] Generating testObjectCollections_noopt.rxbin
2026-09-15T21:04:46.6005424Z [141/187] Generating testJSON_noopt.rxbin
2026-09-15T21:04:47.1921417Z [142/187] Generating testOS_noopt.rxbin
2026-09-15T21:04:47.3228219Z [143/187] Generating ts_math_integer_contract_rxbvm_noopt.rxbin
2026-09-15T21:04:48.0762222Z [144/187] Generating ts_math_decimal_contract_rxbvm_noopt.rxbin
2026-09-15T21:04:48.2037164Z [145/187] Generating ts_math_integer_contract_rxbvm_opt.rxbin
2026-09-15T21:04:48.8408877Z [146/187] Generating ts_llm_providers_noopt.rxbin
2026-09-15T21:04:49.5713148Z [147/187] Generating testRexxValue_noopt.rxbin
2026-09-15T21:04:50.2095362Z [148/187] Generating testRexxRuntimePools_noopt.rxbin
2026-09-15T21:04:50.8093191Z [149/187] Generating ts_math_decimal_contract_rxbvm_opt.rxbin
2026-09-15T21:04:50.8930485Z [150/187] Generating testRexxClassicBifs_noopt.rxbin
2026-09-15T21:04:51.5048315Z [151/187] Generating testRexxScriptRuntime_noopt.rxbin
2026-09-15T21:04:51.5186733Z [152/187] Generating testRexxScriptCompat_noopt.rxbin
2026-09-15T21:04:51.5227560Z [153/187] cREXX RXAS intr_test - Native Signal Test Harness ...
2026-09-15T21:04:52.2071388Z [154/187] Generating benchmark_awfy_sieve_opt.rxbin
2026-09-15T21:04:52.2089822Z [155/187] Generating benchmark_awfy_permute_opt.rxbin
2026-09-15T21:04:52.9019182Z [156/187] Generating benchmark_awfy_mandelbrot_opt.rxbin
2026-09-15T21:04:52.9142603Z [157/187] Generating benchmark_awfy_mandelbrot_hoisted_control_opt.rxbin
2026-09-15T21:04:53.6350016Z [158/187] Generating benchmark_awfy_bounce_opt.rxbin
2026-09-15T21:04:53.6463010Z [159/187] Generating benchmark_awfy_towers_opt.rxbin
2026-09-15T21:04:54.3371390Z [160/187] Generating benchmark_awfy_storage_opt.rxbin
2026-09-15T21:04:54.3470799Z [161/187] Generating benchmark_awfy_list_opt.rxbin
2026-09-15T21:04:55.0362489Z [162/187] Generating benchmark_awfy_queens_opt.rxbin
2026-09-15T21:04:55.1480509Z [163/187] Generating benchmark_awfy_richards_opt.rxbin
2026-09-15T21:04:56.2360538Z [164/187] Generating benchmark_awfy_deltablue_opt.rxbin
2026-09-15T21:04:56.6411320Z [165/187] Generating benchmark_awfy_cd_opt.rxbin
2026-09-15T21:04:57.3517249Z [166/187] Generating benchmark_awfy_havlak_opt.rxbin
2026-09-15T21:04:57.3553964Z [167/187] Generating benchmark_awfy_json_opt.rxbin
2026-09-15T21:04:58.0447943Z [168/187] Generating benchmark_json_parser_opt.rxbin
2026-09-15T21:04:58.0548411Z [169/187] Generating benchmark_json_parse_opt.rxbin
2026-09-15T21:04:58.7876028Z [170/187] Generating benchmark_json_query_opt.rxbin
2026-09-15T21:04:58.8500685Z [171/187] Generating benchmark_base64_roundtrip_opt.rxbin
2026-09-15T21:04:59.5472284Z [172/187] Generating benchmark_base64_roundtrip_v2_opt.rxbin
2026-09-15T21:05:00.2175928Z [173/187] Generating benchmark_parse_frozen_opt.rxbin
2026-09-15T21:05:01.0443892Z [174/187] Generating benchmark_awfy_nbody_opt.rxbin
2026-09-15T21:05:01.4901913Z [175/187] Generating benchmark_rexxcps_levelb_opt.rxbin
2026-09-15T21:05:02.5865437Z [176/187] Generating benchmark_runner_opt.rxbin
2026-09-15T21:05:02.8457578Z [177/187] Linking C executable tests\rxc_classdecl_static.exe
2026-09-15T21:05:02.9877377Z [178/187] Generating benchmark_rexxcps_levelb_opaque_opt.rxbin
2026-09-15T21:05:03.0038787Z [179/187] Linking C executable tests\testvm.exe
2026-09-15T21:05:03.6424448Z [180/187] Generating rxpa_dynlink_run_noopt.rxbin
2026-09-15T21:05:03.6519079Z [181/187] Generating rxpa_staticlink_run_noopt.rxbin
2026-09-15T21:05:04.3140968Z [182/187] Generating rxpa_signal_funcs_dynamic_noopt.rxbin
2026-09-15T21:05:04.3165841Z [183/187] Generating rxpa_native_payload_funcs_dynamic_noopt.rxbin
2026-09-15T21:05:05.0076905Z [184/187] Generating rxpa_native_unwind_funcs_dynamic_noopt.rxbin
2026-09-15T21:05:05.0148810Z [185/187] Generating rxpa_mult_test_noopt.rxbin
2026-09-15T21:05:05.0149428Z [185/187] Running essential and smoke QA
2026-09-15T21:05:05.7479167Z Test project D:/a/_temp/core-build
2026-09-15T21:05:05.8934075Z         Start    1: rxsha256_unit
2026-09-15T21:05:05.9037640Z         Start    3: crexx_contract_generation
2026-09-15T21:05:05.9061431Z         Start   16: rxas_invalid_diagnostic
2026-09-15T21:05:05.9137876Z         Start   23: rxc_function_lookup_diagnostic
2026-09-15T21:05:05.9162998Z         Start   30: rxc_constants_levelb
2026-09-15T21:05:05.9497612Z   1/148 Test    #1: rxsha256_unit ...................................   Passed    0.05 sec
2026-09-15T21:05:05.9538893Z         Start   41: 01_assign_noopt
2026-09-15T21:05:05.9869935Z   2/148 Test   #16: rxas_invalid_diagnostic .........................   Passed    0.07 sec
2026-09-15T21:05:06.0049698Z         Start   46: 03_calc_opt
2026-09-15T21:05:06.8303959Z   3/148 Test   #23: rxc_function_lookup_diagnostic ..................   Passed    0.92 sec
2026-09-15T21:05:06.8381910Z         Start   69: 07_loops_noopt
2026-09-15T21:05:06.8930264Z   4/148 Test   #46: 03_calc_opt .....................................   Passed    0.91 sec
2026-09-15T21:05:06.8960610Z   5/148 Test   #41: 01_assign_noopt .................................   Passed    0.93 sec
2026-09-15T21:05:06.9018565Z         Start   72: 08_select_opt
2026-09-15T21:05:06.9054633Z         Start   91: 10_procs_noopt
2026-09-15T21:05:07.7855693Z   6/148 Test   #72: 08_select_opt ...................................   Passed    0.90 sec
2026-09-15T21:05:07.7895956Z   7/148 Test   #69: 07_loops_noopt ..................................   Passed    0.96 sec
2026-09-15T21:05:07.7916200Z         Start  118: 15_imports_opt
2026-09-15T21:05:07.7992172Z         Start  122: err_01_type_fail
2026-09-15T21:05:07.9267039Z   8/148 Test   #91: 10_procs_noopt ..................................   Passed    1.03 sec
2026-09-15T21:05:07.9423078Z         Start  123: err_02_syntax_fail
2026-09-15T21:05:08.0302018Z   9/148 Test   #30: rxc_constants_levelb ............................   Passed    2.11 sec
2026-09-15T21:05:08.0405747Z         Start  126: err_06_missing_method_fail
2026-09-15T21:05:08.0839287Z  10/148 Test  #123: err_02_syntax_fail ..............................   Passed    0.16 sec
2026-09-15T21:05:08.0935740Z         Start  215: unused_import_warn
2026-09-15T21:05:08.6391939Z  11/148 Test  #122: err_01_type_fail ................................   Passed    0.85 sec
2026-09-15T21:05:08.6466075Z         Start  401: repro_opt_args_run_noopt
2026-09-15T21:05:08.6858242Z  12/148 Test  #118: 15_imports_opt ..................................   Passed    0.90 sec
2026-09-15T21:05:08.6899639Z         Start  417: basic_arrays_run_noopt
2026-09-15T21:05:08.9157588Z  13/148 Test  #126: err_06_missing_method_fail ......................   Passed    0.88 sec
2026-09-15T21:05:08.9249141Z         Start  449: 13_stems_run_noopt
2026-09-15T21:05:08.9740644Z  14/148 Test  #215: unused_import_warn ..............................   Passed    0.88 sec
2026-09-15T21:05:08.9836288Z         Start  471: optional_arg_presence_copy_run_noopt
2026-09-15T21:05:09.7644379Z  15/148 Test  #401: repro_opt_args_run_noopt ........................   Passed    1.13 sec
2026-09-15T21:05:09.7692760Z         Start  509: interface_runtime_dispatch_multi_run_noopt
2026-09-15T21:05:09.7879718Z  16/148 Test  #417: basic_arrays_run_noopt ..........................   Passed    1.10 sec
2026-09-15T21:05:09.8048555Z         Start  576: interface_source_import_run_noopt
2026-09-15T21:05:09.9977954Z  17/148 Test  #449: 13_stems_run_noopt ..............................   Passed    1.08 sec
2026-09-15T21:05:09.9996325Z         Start  615: source_import_contract_stub_implements
2026-09-15T21:05:10.1247855Z  18/148 Test  #471: optional_arg_presence_copy_run_noopt ............   Passed    1.15 sec
2026-09-15T21:05:10.1368332Z         Start  616: source_import_optional_factory_arg
2026-09-15T21:05:10.2975888Z  19/148 Test    #3: crexx_contract_generation .......................   Passed    4.39 sec
2026-09-15T21:05:10.3089037Z         Start  908: levelc_slice1_pool_say
2026-09-15T21:05:10.9470277Z  20/148 Test  #509: interface_runtime_dispatch_multi_run_noopt ......   Passed    1.18 sec
2026-09-15T21:05:10.9515698Z         Start  922: levelc_slice6_expressions
2026-09-15T21:05:11.0163288Z  21/148 Test  #615: source_import_contract_stub_implements ..........   Passed    1.02 sec
2026-09-15T21:05:11.0278555Z         Start  931: address_bridge
2026-09-15T21:05:11.0698011Z  22/148 Test  #616: source_import_optional_factory_arg ..............   Passed    0.94 sec
2026-09-15T21:05:11.0717659Z         Start  936: address_callback_host
2026-09-15T21:05:11.1258115Z  23/148 Test  #936: address_callback_host ...........................   Passed    0.06 sec
2026-09-15T21:05:11.1331738Z         Start  938: dynamic_load
2026-09-15T21:05:11.1936809Z  24/148 Test  #938: dynamic_load ....................................   Passed    0.06 sec
2026-09-15T21:05:11.1957938Z         Start  941: crexxsaa_variables
2026-09-15T21:05:11.2522224Z  25/148 Test  #941: crexxsaa_variables ..............................   Passed    0.06 sec
2026-09-15T21:05:11.2549383Z         Start  942: crexxsaa_status
2026-09-15T21:05:11.4095026Z  26/148 Test  #931: address_bridge ..................................   Passed    0.38 sec
2026-09-15T21:05:11.4233578Z         Start  943: source_provenance
2026-09-15T21:05:11.4616097Z  27/148 Test  #943: source_provenance ...............................   Passed    0.06 sec
2026-09-15T21:05:11.4647620Z         Start  944: rxc_srcmap
2026-09-15T21:05:11.4976535Z  28/148 Test  #908: levelc_slice1_pool_say ..........................   Passed    1.20 sec
2026-09-15T21:05:11.5014242Z         Start  946: trace_stem_sugar
2026-09-15T21:05:11.8765076Z  29/148 Test  #576: interface_source_import_run_noopt ...............   Passed    2.09 sec
2026-09-15T21:05:11.8861062Z         Start  947: rxc_diagnostic_catalogs
2026-09-15T21:05:12.8762581Z  30/148 Test  #922: levelc_slice6_expressions .......................   Passed    1.93 sec
2026-09-15T21:05:12.8800407Z         Start 1038: rxlink_success_run
2026-09-15T21:05:12.9134086Z  31/148 Test #1038: rxlink_success_run ..............................   Passed    0.02 sec
2026-09-15T21:05:12.9151811Z         Start 1039: rxlink_control_run
2026-09-15T21:05:12.9510056Z  32/148 Test #1039: rxlink_control_run ..............................   Passed    0.05 sec
2026-09-15T21:05:12.9536041Z         Start 1041: rxlink_interface_run
2026-09-15T21:05:12.9960974Z  33/148 Test #1041: rxlink_interface_run ............................   Passed    0.04 sec
2026-09-15T21:05:13.0197845Z         Start 1044: rxlink_format_check
2026-09-15T21:05:13.0654616Z  34/148 Test #1044: rxlink_format_check .............................   Passed    0.07 sec
2026-09-15T21:05:13.0839355Z         Start 1048: rxlink_signature_mismatch_error
2026-09-15T21:05:13.2911010Z  35/148 Test #1048: rxlink_signature_mismatch_error .................   Passed    0.23 sec
2026-09-15T21:05:13.3094290Z         Start 1050: rxlink_rxdas_inline_preserve_smoke
2026-09-15T21:05:13.3605103Z  36/148 Test  #942: crexxsaa_status .................................   Passed    2.11 sec
2026-09-15T21:05:13.3636056Z         Start 1052: rxdas_roundtrip_basic
2026-09-15T21:05:13.3823476Z  37/148 Test #1050: rxlink_rxdas_inline_preserve_smoke ..............   Passed    0.09 sec
2026-09-15T21:05:13.3871329Z         Start 1057: rxdas_graph_error
2026-09-15T21:05:13.4639519Z  38/148 Test #1057: rxdas_graph_error ...............................   Passed    0.08 sec
2026-09-15T21:05:13.4695956Z         Start 1058: rxdas_roundtrip_interfaces
2026-09-15T21:05:13.8177933Z  39/148 Test #1052: rxdas_roundtrip_basic ...........................   Passed    0.46 sec
2026-09-15T21:05:13.8312292Z         Start 1062: rxdas_roundtrip_large_binary_alias
2026-09-15T21:05:13.9335882Z  40/148 Test #1058: rxdas_roundtrip_interfaces ......................   Passed    0.46 sec
2026-09-15T21:05:13.9408715Z         Start 1066: rxdas_dump_support
2026-09-15T21:05:13.9548550Z  41/148 Test #1066: rxdas_dump_support ..............................   Passed    0.02 sec
2026-09-15T21:05:13.9574210Z         Start 1096: crexxsaa_cache_tool_location
2026-09-15T21:05:13.9766208Z  42/148 Test #1096: crexxsaa_cache_tool_location ....................   Passed    0.02 sec
2026-09-15T21:05:13.9820710Z         Start 1098: rxpa_utf_validation
2026-09-15T21:05:13.9997944Z  43/148 Test #1098: rxpa_utf_validation .............................   Passed    0.02 sec
2026-09-15T21:05:14.0022974Z         Start 1099: ts_regvalue_tester
2026-09-15T21:05:14.0039934Z  44/148 Test #1062: rxdas_roundtrip_large_binary_alias ..............   Passed    0.19 sec
2026-09-15T21:05:14.0075176Z         Start 1102: rxassignalstests
2026-09-15T21:05:14.0280972Z  45/148 Test #1099: ts_regvalue_tester ..............................   Passed    0.03 sec
2026-09-15T21:05:14.0387654Z         Start 1111: rxasregisterflagtests
2026-09-15T21:05:14.0520527Z  46/148 Test #1111: rxasregisterflagtests ...........................   Passed    0.03 sec
2026-09-15T21:05:14.0738631Z         Start 1112: rxasutfflagtests
2026-09-15T21:05:14.1175299Z  47/148 Test #1112: rxasutfflagtests ................................   Passed    0.04 sec
2026-09-15T21:05:14.1354172Z         Start 1116: rxasreferencetests
2026-09-15T21:05:14.1609339Z  48/148 Test #1116: rxasreferencetests ..............................   Passed    0.06 sec
2026-09-15T21:05:14.1820535Z         Start 1148: rxasbasictests
2026-09-15T21:05:14.2126405Z  49/148 Test #1148: rxasbasictests ..................................   Passed    0.04 sec
2026-09-15T21:05:14.2225879Z  50/148 Test #1102: rxassignalstests ................................   Passed    0.19 sec
2026-09-15T21:05:14.2332882Z         Start 1158: compact_format_check
2026-09-15T21:05:14.2405819Z         Start 1159: rxasstringtests
2026-09-15T21:05:14.2473099Z  51/148 Test #1158: compact_format_check ............................   Passed    0.05 sec
2026-09-15T21:05:14.2834951Z         Start 1211: rxasdecimaltests-mc
2026-09-15T21:05:14.3023844Z  52/148 Test #1159: rxasstringtests .................................   Passed    0.05 sec
2026-09-15T21:05:14.3213376Z         Start 1216: rxasinterfacetests
2026-09-15T21:05:14.3285236Z  53/148 Test #1216: rxasinterfacetests ..............................   Passed    0.04 sec
2026-09-15T21:05:14.3333814Z  54/148 Test #1211: rxasdecimaltests-mc .............................   Passed    0.04 sec
2026-09-15T21:05:14.3370404Z         Start 1223: reentrancy_check
2026-09-15T21:05:14.3467029Z         Start 1266: db_decimal_archive_link
2026-09-15T21:05:14.3582749Z  55/148 Test #1223: reentrancy_check ................................   Passed    0.04 sec
2026-09-15T21:05:14.3610335Z         Start 1275: rxpp_smoke
2026-09-15T21:05:14.3702254Z  56/148 Test #1266: db_decimal_archive_link .........................   Passed    0.05 sec
2026-09-15T21:05:14.3750933Z         Start 1276: rxpp_srcmap
2026-09-15T21:05:14.3834810Z  57/148 Test  #946: trace_stem_sugar ................................   Passed    2.88 sec
2026-09-15T21:05:14.3837088Z  58/148 Test  #944: rxc_srcmap ......................................   Passed    2.92 sec
2026-09-15T21:05:14.3875180Z         Start 1277: rxpp_relative_include
2026-09-15T21:05:14.3896003Z         Start 1278: rxpp_script_macro_exact_match
2026-09-15T21:05:14.5986532Z  59/148 Test #1277: rxpp_relative_include ...........................   Passed    0.21 sec
2026-09-15T21:05:14.6055321Z         Start 1279: rxpp_loadmacro
2026-09-15T21:05:14.6156731Z  60/148 Test #1278: rxpp_script_macro_exact_match ...................   Passed    0.22 sec
2026-09-15T21:05:14.6318015Z         Start 1280: rxpp_diagnostics
2026-09-15T21:05:15.0284586Z  61/148 Test #1279: rxpp_loadmacro ..................................   Passed    0.41 sec
2026-09-15T21:05:15.0366412Z         Start 1428: ts_parse_noopt
2026-09-15T21:05:15.0836863Z  62/148 Test #1428: ts_parse_noopt ..................................   Passed    0.07 sec
2026-09-15T21:05:15.0885818Z         Start 1528: ts_stem_noopt
2026-09-15T21:05:15.1518275Z  63/148 Test #1528: ts_stem_noopt ...................................   Passed    0.07 sec
2026-09-15T21:05:15.1545522Z         Start 1530: ts_rxjson_noopt
2026-09-15T21:05:15.2213802Z  64/148 Test #1530: ts_rxjson_noopt .................................   Passed    0.07 sec
2026-09-15T21:05:15.2289091Z         Start 1538: ts_rxsocket_noopt
2026-09-15T21:05:15.4277872Z  65/148 Test #1538: ts_rxsocket_noopt ...............................   Passed    0.20 sec
2026-09-15T21:05:15.4305345Z         Start 1571: ts_tinyexpr_noopt
2026-09-15T21:05:15.4791309Z  66/148 Test #1571: ts_tinyexpr_noopt ...............................   Passed    0.05 sec
2026-09-15T21:05:15.4811945Z         Start 1589: rxfloat_contract_surface_coverage
2026-09-15T21:05:15.5399803Z  67/148 Test #1589: rxfloat_contract_surface_coverage ...............   Passed    0.06 sec
2026-09-15T21:05:15.5438915Z         Start 1597: stack_test_noopt
2026-09-15T21:05:15.6020229Z  68/148 Test #1597: stack_test_noopt ................................   Passed    0.06 sec
2026-09-15T21:05:15.6050157Z         Start 1612: strings_test_noopt
2026-09-15T21:05:15.6433706Z  69/148 Test #1612: strings_test_noopt ..............................   Passed    0.04 sec
2026-09-15T21:05:15.6453691Z         Start 1616: keyaccess_test_noopt
2026-09-15T21:05:15.7218876Z  70/148 Test #1616: keyaccess_test_noopt ............................   Passed    0.08 sec
2026-09-15T21:05:15.7276949Z         Start 1618: keyaccess_compact_failure
2026-09-15T21:05:15.7773822Z  71/148 Test #1618: keyaccess_compact_failure .......................   Passed    0.05 sec
2026-09-15T21:05:15.7795738Z         Start 1634: map_test_noopt
2026-09-15T21:05:15.8539358Z  72/148 Test #1634: map_test_noopt ..................................   Passed    0.08 sec
2026-09-15T21:05:15.8745541Z         Start 1651: testStringArrayList_noopt
2026-09-15T21:05:16.0494432Z  73/148 Test #1651: testStringArrayList_noopt .......................   Passed    0.19 sec
2026-09-15T21:05:16.0513413Z         Start 1653: testStringHashMap_noopt
2026-09-15T21:05:16.1672267Z  74/148 Test #1653: testStringHashMap_noopt .........................   Passed    0.12 sec
2026-09-15T21:05:16.1740398Z         Start 1665: testObjectCollections_noopt
2026-09-15T21:05:16.3052441Z  75/148 Test #1665: testObjectCollections_noopt .....................   Passed    0.14 sec
2026-09-15T21:05:16.3072362Z         Start 1683: testJSON_noopt
2026-09-15T21:05:16.4309082Z  76/148 Test #1683: testJSON_noopt ..................................   Passed    0.13 sec
2026-09-15T21:05:16.4322453Z         Start 1693: testOS_noopt
2026-09-15T21:05:16.5274124Z  77/148 Test #1693: testOS_noopt ....................................   Passed    0.09 sec
2026-09-15T21:05:16.5295139Z         Start 1714: rxunicode_contract_surface
2026-09-15T21:05:16.5680283Z  78/148 Test #1275: rxpp_smoke ......................................   Passed    2.24 sec
2026-09-15T21:05:16.5714330Z         Start 1718: rcc5c_math_contract_surface_coverage
2026-09-15T21:05:16.5728008Z  79/148 Test #1714: rxunicode_contract_surface ......................   Passed    0.05 sec
2026-09-15T21:05:16.5753813Z         Start 1719: ts_math_integer_contract_rxbvm_noopt
2026-09-15T21:05:16.6049607Z  80/148 Test #1718: rcc5c_math_contract_surface_coverage ............   Passed    0.04 sec
2026-09-15T21:05:16.6068879Z         Start 1720: ts_math_integer_contract_rxbvm_opt
2026-09-15T21:05:16.6846747Z  81/148 Test #1276: rxpp_srcmap .....................................   Passed    2.33 sec
2026-09-15T21:05:16.6873410Z         Start 1721: ts_math_decimal_contract_rxbvm_noopt
2026-09-15T21:05:16.8455301Z  82/148 Test #1719: ts_math_integer_contract_rxbvm_noopt ............   Passed    0.27 sec
2026-09-15T21:05:16.8487494Z         Start 1722: ts_math_decimal_contract_rxbvm_opt
2026-09-15T21:05:16.9667036Z  83/148 Test #1721: ts_math_decimal_contract_rxbvm_noopt ............   Passed    0.28 sec
2026-09-15T21:05:16.9687139Z         Start 1739: ts_llm_providers_noopt
2026-09-15T21:05:17.0870048Z  84/148 Test  #947: rxc_diagnostic_catalogs .........................   Passed    5.21 sec
2026-09-15T21:05:17.0891917Z         Start 1758: testRexxValue_noopt
2026-09-15T21:05:17.1006590Z  85/148 Test #1280: rxpp_diagnostics ................................   Passed    2.49 sec
2026-09-15T21:05:17.1277589Z         Start 1760: testRexxRuntimePools_noopt
2026-09-15T21:05:17.2506028Z  86/148 Test #1758: testRexxValue_noopt .............................   Passed    0.16 sec
2026-09-15T21:05:17.2560658Z         Start 1762: testRexxClassicBifs_noopt
2026-09-15T21:05:17.2576997Z  87/148 Test #1760: testRexxRuntimePools_noopt ......................   Passed    0.15 sec
2026-09-15T21:05:17.2604967Z         Start 1877: testRexxScriptRuntime_noopt
2026-09-15T21:05:17.4140947Z  88/148 Test #1877: testRexxScriptRuntime_noopt .....................   Passed    0.16 sec
2026-09-15T21:05:17.4204555Z         Start 1879: testRexxScriptCompat_noopt
2026-09-15T21:05:17.4367298Z  89/148 Test #1762: testRexxClassicBifs_noopt .......................   Passed    0.17 sec
2026-09-15T21:05:17.4373639Z         Start 1881: rexxscript_cli_smoke
2026-09-15T21:05:17.5984710Z  90/148 Test #1879: testRexxScriptCompat_noopt ......................   Passed    0.18 sec
2026-09-15T21:05:17.6149940Z         Start 1901: rxas_optimizer_copy_acopy_opt
2026-09-15T21:05:17.6826787Z  91/148 Test #1881: rexxscript_cli_smoke ............................   Passed    0.26 sec
2026-09-15T21:05:17.6857811Z         Start 2008: benchmark_awfy_sieve_opt
2026-09-15T21:05:17.7658263Z  92/148 Test #1901: rxas_optimizer_copy_acopy_opt ...................   Passed    0.17 sec
2026-09-15T21:05:17.7690487Z         Start 2010: benchmark_awfy_permute_opt
2026-09-15T21:05:17.8362687Z  93/148 Test #2008: benchmark_awfy_sieve_opt ........................   Passed    0.15 sec
2026-09-15T21:05:17.8378478Z         Start 2012: benchmark_awfy_mandelbrot_opt
2026-09-15T21:05:17.9943752Z  94/148 Test #1739: ts_llm_providers_noopt ..........................   Passed    1.03 sec
2026-09-15T21:05:18.0160548Z  95/148 Test #2010: benchmark_awfy_permute_opt ......................   Passed    0.23 sec
2026-09-15T21:05:18.0209115Z         Start 2014: benchmark_awfy_mandelbrot_hoisted_control_opt
2026-09-15T21:05:18.0362249Z         Start 2016: benchmark_awfy_towers_opt
2026-09-15T21:05:18.0894262Z  96/148 Test #2012: benchmark_awfy_mandelbrot_opt ...................   Passed    0.25 sec
2026-09-15T21:05:18.0936881Z         Start 2018: benchmark_awfy_bounce_opt
2026-09-15T21:05:18.1923948Z  97/148 Test #2014: benchmark_awfy_mandelbrot_hoisted_control_opt ...   Passed    0.20 sec
2026-09-15T21:05:18.1954990Z         Start 2020: benchmark_awfy_storage_opt
2026-09-15T21:05:18.2648478Z  98/148 Test #2018: benchmark_awfy_bounce_opt .......................   Passed    0.18 sec
2026-09-15T21:05:18.2699732Z         Start 2022: benchmark_awfy_list_opt
2026-09-15T21:05:18.3084665Z  99/148 Test #2016: benchmark_awfy_towers_opt .......................   Passed    0.31 sec
2026-09-15T21:05:18.3268021Z         Start 2024: benchmark_awfy_richards_opt
2026-09-15T21:05:18.4548219Z 100/148 Test #2022: benchmark_awfy_list_opt .........................   Passed    0.19 sec
2026-09-15T21:05:18.4595293Z         Start 2026: benchmark_awfy_queens_opt
2026-09-15T21:05:18.5934716Z 101/148 Test #2024: benchmark_awfy_richards_opt .....................   Passed    0.28 sec
2026-09-15T21:05:18.6057514Z         Start 2028: benchmark_awfy_deltablue_opt
2026-09-15T21:05:18.6409912Z 102/148 Test #2026: benchmark_awfy_queens_opt .......................   Passed    0.18 sec
2026-09-15T21:05:18.6481828Z         Start 2030: benchmark_awfy_cd_opt
2026-09-15T21:05:18.7764366Z 103/148 Test #2020: benchmark_awfy_storage_opt ......................   Passed    0.58 sec
2026-09-15T21:05:18.7820167Z         Start 2032: benchmark_awfy_havlak_opt
2026-09-15T21:05:18.7863704Z 104/148 Test #2028: benchmark_awfy_deltablue_opt ....................   Passed    0.19 sec
2026-09-15T21:05:18.7890121Z         Start 2034: benchmark_awfy_json_opt
2026-09-15T21:05:18.8693430Z 105/148 Test #2030: benchmark_awfy_cd_opt ...........................   Passed    0.23 sec
2026-09-15T21:05:18.8712472Z         Start 2036: benchmark_json_parser_opt
2026-09-15T21:05:19.0001579Z 106/148 Test #2034: benchmark_awfy_json_opt .........................   Passed    0.21 sec
2026-09-15T21:05:19.0019703Z         Start 2038: benchmark_json_parse_opt
2026-09-15T21:05:19.0262113Z 107/148 Test #1720: ts_math_integer_contract_rxbvm_opt ..............   Passed    2.40 sec
2026-09-15T21:05:19.0395617Z         Start 2040: benchmark_json_query_opt
2026-09-15T21:05:19.1023185Z 108/148 Test #2036: benchmark_json_parser_opt .......................   Passed    0.23 sec
2026-09-15T21:05:19.1084082Z         Start 2042: benchmark_base64_roundtrip_opt
2026-09-15T21:05:19.1898366Z 109/148 Test #2038: benchmark_json_parse_opt ........................   Passed    0.19 sec
2026-09-15T21:05:19.1933766Z         Start 2044: benchmark_base64_roundtrip_v2_opt
2026-09-15T21:05:19.2490394Z 110/148 Test #2040: benchmark_json_query_opt ........................   Passed    0.22 sec
2026-09-15T21:05:19.2581230Z         Start 2046: benchmark_parse_frozen_opt
2026-09-15T21:05:19.2816287Z 111/148 Test #2042: benchmark_base64_roundtrip_opt ..................   Passed    0.18 sec
2026-09-15T21:05:19.2817271Z         Start 2050: benchmark_rexxcps_levelb_opt
2026-09-15T21:05:19.3189939Z 112/148 Test #1722: ts_math_decimal_contract_rxbvm_opt ..............   Passed    2.47 sec
2026-09-15T21:05:19.3203534Z         Start 2052: benchmark_awfy_nbody_opt
2026-09-15T21:05:19.3463824Z 113/148 Test #2044: benchmark_base64_roundtrip_v2_opt ...............   Passed    0.16 sec
2026-09-15T21:05:19.3500912Z         Start 2055: benchmark_rexxcps_levelb_opaque_opt
2026-09-15T21:05:19.4283958Z 114/148 Test #2046: benchmark_parse_frozen_opt ......................   Passed    0.19 sec
2026-09-15T21:05:19.4310970Z         Start 2057: benchmark_runner_opt
2026-09-15T21:05:19.5245686Z 115/148 Test #2052: benchmark_awfy_nbody_opt ........................   Passed    0.20 sec
2026-09-15T21:05:19.5372866Z         Start 2242: rxpa_dynlink_run_noopt
2026-09-15T21:05:19.5900911Z 116/148 Test #2242: rxpa_dynlink_run_noopt ..........................   Passed    0.06 sec
2026-09-15T21:05:19.6059716Z         Start 2244: rxpa_staticlink_run_noopt
2026-09-15T21:05:19.6196979Z 117/148 Test #2055: benchmark_rexxcps_levelb_opaque_opt .............   Passed    0.26 sec
2026-09-15T21:05:19.6248301Z         Start 2254: rxpa_classdecl_static_compile_opt
2026-09-15T21:05:19.6502414Z 118/148 Test #2244: rxpa_staticlink_run_noopt .......................   Passed    0.05 sec
2026-09-15T21:05:19.6578589Z         Start 2257: rxpa_signal_funcs_dynamic_noopt
2026-09-15T21:05:19.9779863Z 119/148 Test #2257: rxpa_signal_funcs_dynamic_noopt .................   Passed    0.33 sec
2026-09-15T21:05:19.9881848Z         Start 2277: rxpa_native_payload_funcs_dynamic_noopt
2026-09-15T21:05:20.1258056Z 120/148 Test #2277: rxpa_native_payload_funcs_dynamic_noopt .........   Passed    0.13 sec
2026-09-15T21:05:20.1553847Z         Start 2281: rxpa_native_unwind_funcs_dynamic_noopt
2026-09-15T21:05:20.4337278Z 121/148 Test #2281: rxpa_native_unwind_funcs_dynamic_noopt ..........   Passed    0.30 sec
2026-09-15T21:05:20.4671576Z         Start 2285: rxpa_mult_test_noopt
2026-09-15T21:05:20.6198688Z 122/148 Test #2285: rxpa_mult_test_noopt ............................   Passed    0.22 sec
2026-09-15T21:05:20.6263866Z         Start 2287: rxbin_autoload_contract
2026-09-15T21:05:21.0171276Z 123/148 Test #2050: benchmark_rexxcps_levelb_opt ....................   Passed    1.73 sec
2026-09-15T21:05:21.0207619Z         Start 2288: crexx_help_smoke
2026-09-15T21:05:21.1248875Z 124/148 Test #2254: rxpa_classdecl_static_compile_opt ...............   Passed    1.52 sec
2026-09-15T21:05:21.1520870Z 125/148 Test #2288: crexx_help_smoke ................................   Passed    0.14 sec
2026-09-15T21:05:21.1524335Z         Start 2289: crexx_headerless_simple_smoke
2026-09-15T21:05:21.2791949Z 126/148 Test #2287: rxbin_autoload_contract .........................   Passed    0.66 sec
2026-09-15T21:05:22.0336974Z 127/148 Test #2057: benchmark_runner_opt ............................   Passed    2.61 sec
2026-09-15T21:05:23.3558679Z 128/148 Test #2289: crexx_headerless_simple_smoke ...................   Passed    2.20 sec
2026-09-15T21:05:23.3563296Z         Start 2293: crexx_args_smoke
2026-09-15T21:05:24.3770031Z 129/148 Test #2293: crexx_args_smoke ................................   Passed    1.02 sec
2026-09-15T21:05:24.3775090Z         Start 2294: crexx_rexxscript_smoke
2026-09-15T21:05:25.4605108Z 130/148 Test #2294: crexx_rexxscript_smoke ..........................   Passed    1.08 sec
2026-09-15T21:05:25.4610248Z         Start 2295: crexx_levelc_classic_runtime_smoke
2026-09-15T21:05:27.6753690Z 131/148 Test #2295: crexx_levelc_classic_runtime_smoke ..............   Passed    2.21 sec
2026-09-15T21:05:27.6758705Z         Start 2296: crexx_status_diagnostics
2026-09-15T21:05:30.0379859Z 132/148 Test #2296: crexx_status_diagnostics ........................   Passed    2.36 sec
2026-09-15T21:05:30.0414326Z         Start 2304: crexx_rxpp_builddir
2026-09-15T21:05:30.4898730Z 133/148 Test #2032: benchmark_awfy_havlak_opt .......................   Passed   11.72 sec
2026-09-15T21:05:31.0671231Z 134/148 Test #2304: crexx_rxpp_builddir .............................   Passed    1.03 sec
2026-09-15T21:05:31.0676734Z         Start 1294: ts_address_noopt
2026-09-15T21:05:31.1750683Z 135/148 Test #1294: ts_address_noopt ................................   Passed    0.11 sec
2026-09-15T21:05:31.1754665Z         Start 2003: QUIT
2026-09-15T21:05:31.3036188Z 136/148 Test #2003: QUIT ............................................   Passed    0.13 sec
2026-09-15T21:05:31.3040139Z         Start 2303: crexx_project_build_contract
2026-09-15T21:06:06.8458995Z 137/148 Test #2303: crexx_project_build_contract ....................   Passed   35.54 sec
2026-09-15T21:06:06.8463051Z         Start 2305: crexx_rxpp_metadata_link
2026-09-15T21:06:10.1838138Z 138/148 Test #2305: crexx_rxpp_metadata_link ........................   Passed    3.34 sec
2026-09-15T21:06:10.1842157Z         Start 2306: crexx_rxpp_metadata_link_invalid_source
2026-09-15T21:06:10.9689110Z 139/148 Test #2306: crexx_rxpp_metadata_link_invalid_source .........   Passed    0.78 sec
2026-09-15T21:06:10.9693067Z         Start 2307: crexx_rxpp_metadata_external_bare
2026-09-15T21:06:12.3599412Z 140/148 Test #2307: crexx_rxpp_metadata_external_bare ...............   Passed    1.39 sec
2026-09-15T21:06:12.3603133Z         Start 2308: crexx_rxpp_metadata_external_spaces
2026-09-15T21:06:13.7541961Z 141/148 Test #2308: crexx_rxpp_metadata_external_spaces .............   Passed    1.39 sec
2026-09-15T21:06:13.7545926Z         Start 2309: crexx_rxpp_metadata_external_names
2026-09-15T21:06:14.4012448Z 142/148 Test #2309: crexx_rxpp_metadata_external_names ..............   Passed    0.65 sec
2026-09-15T21:06:14.4016090Z         Start 2310: crexx_rxpp_metadata_external_missing
2026-09-15T21:06:15.1086121Z 143/148 Test #2310: crexx_rxpp_metadata_external_missing ............   Passed    0.71 sec
2026-09-15T21:06:15.1089806Z         Start 2311: crexx_rxpp_metadata_norun
2026-09-15T21:06:18.3313314Z 144/148 Test #2311: crexx_rxpp_metadata_norun .......................   Passed    3.22 sec
2026-09-15T21:06:18.3317163Z         Start 2312: crexx_source_root_compile_only
2026-09-15T21:06:18.9617990Z 145/148 Test #2312: crexx_source_root_compile_only ..................   Passed    0.63 sec
2026-09-15T21:06:18.9621810Z         Start 2316: crexx_native_explicit_header_smoke
2026-09-15T21:06:19.7842221Z 146/148 Test #2316: crexx_native_explicit_header_smoke ..............   Passed    0.82 sec
2026-09-15T21:06:19.7846070Z         Start 2318: crexx_native_rx_hash_provider
2026-09-15T21:06:20.6128843Z 147/148 Test #2318: crexx_native_rx_hash_provider ...................   Passed    0.83 sec
2026-09-15T21:06:20.6132295Z         Start 2319: crexx_native_default_link_strip
2026-09-15T21:06:21.4400730Z 148/148 Test #2319: crexx_native_default_link_strip .................   Passed    0.83 sec
2026-09-15T21:06:21.4412876Z 
2026-09-15T21:06:21.4413108Z 100% tests passed out of 148
2026-09-15T21:06:21.4415442Z 
2026-09-15T21:06:21.4415688Z Label Time Summary:
2026-09-15T21:06:21.4416254Z assembler                            =   0.66 sec*proc (1 test)
2026-09-15T21:06:21.4417237Z autoload                             =  36.20 sec*proc (2 tests)
2026-09-15T21:06:21.4417899Z benchmark                            =  20.86 sec*proc (24 tests)
2026-09-15T21:06:21.4418433Z binutils                             =   4.39 sec*proc (1 test)
2026-09-15T21:06:21.4418982Z build                                =  48.05 sec*proc (9 tests)
2026-09-15T21:06:21.4419578Z canonical-contract                   =   2.61 sec*proc (1 test)
2026-09-15T21:06:21.4420231Z classlib                             =   0.09 sec*proc (1 test)
2026-09-15T21:06:21.4420855Z compiler                             =  24.80 sec*proc (16 tests)
2026-09-15T21:06:21.4421472Z concurrency                          =   1.10 sec*proc (2 tests)
2026-09-15T21:06:21.4422141Z concurrency-sp03                     =   0.07 sec*proc (1 test)
2026-09-15T21:06:21.4422824Z concurrency-sp07                     =   1.03 sec*proc (1 test)
2026-09-15T21:06:21.4423487Z contract                             =   9.96 sec*proc (8 tests)
2026-09-15T21:06:21.4424099Z decimal                              =   2.79 sec*proc (3 tests)
2026-09-15T21:06:21.4425003Z diagnostics                          =  11.54 sec*proc (4 tests)
2026-09-15T21:06:21.4425545Z driver                               =  48.05 sec*proc (9 tests)
2026-09-15T21:06:21.4426119Z essential                            =   4.55 sec*proc (4 tests)
2026-09-15T21:06:21.4426679Z file                                 =   0.05 sec*proc (1 test)
2026-09-15T21:06:21.4427185Z float                                =   0.06 sec*proc (1 test)
2026-09-15T21:06:21.4427719Z hash                                 =   0.05 sec*proc (1 test)
2026-09-15T21:06:21.4428252Z imports                              =   1.96 sec*proc (2 tests)
2026-09-15T21:06:21.4428785Z includes                             =   0.21 sec*proc (1 test)
2026-09-15T21:06:21.4429335Z incremental                          =  35.54 sec*proc (1 test)
2026-09-15T21:06:21.4429965Z indexed-red-black-tree-adaptation    =   0.23 sec*proc (1 test)
2026-09-15T21:06:21.4430577Z integer                              =   2.71 sec*proc (3 tests)
2026-09-15T21:06:21.4431146Z interpreter                          =   0.68 sec*proc (2 tests)
2026-09-15T21:06:21.4431684Z language                             =  18.25 sec*proc (23 tests)
2026-09-15T21:06:21.4432252Z levelc                               =   3.13 sec*proc (2 tests)
2026-09-15T21:06:21.4432776Z levelg                               =   5.51 sec*proc (6 tests)
2026-09-15T21:06:21.4433284Z library                              =   5.63 sec*proc (8 tests)
2026-09-15T21:06:21.4433831Z linked_opt                           =  25.74 sec*proc (26 tests)
2026-09-15T21:06:21.4434386Z linker                               =   0.66 sec*proc (1 test)
2026-09-15T21:06:21.4434920Z macros                               =   0.64 sec*proc (2 tests)
2026-09-15T21:06:21.4435439Z math                                 =   5.53 sec*proc (6 tests)
2026-09-15T21:06:21.4435968Z native-adapter                       =   0.09 sec*proc (1 test)
2026-09-15T21:06:21.4436598Z native-math-control                  =   0.43 sec*proc (2 tests)
2026-09-15T21:06:21.4437573Z native_signal                        =   0.13 sec*proc (1 test)
2026-09-15T21:06:21.4438188Z noncanonical                         =   1.73 sec*proc (1 test)
2026-09-15T21:06:21.4439000Z optimizer                            =   0.17 sec*proc (1 test)
2026-09-15T21:06:21.4439655Z optimizer-parity                     =  30.72 sec*proc (55 tests)
2026-09-15T21:06:21.4440312Z optimizer-resistance                 =   0.26 sec*proc (1 test)
2026-09-15T21:06:21.4440930Z parallel                             =  35.54 sec*proc (1 test)
2026-09-15T21:06:21.4441494Z plugins                              =   0.06 sec*proc (1 test)
2026-09-15T21:06:21.4442118Z preprocessor                         =  15.84 sec*proc (12 tests)
2026-09-15T21:06:21.4442714Z regression                           =  49.56 sec*proc (13 tests)
2026-09-15T21:06:21.4443314Z rexxcps-smoke                        =   1.73 sec*proc (1 test)
2026-09-15T21:06:21.4443672Z runner                               =   2.61 sec*proc (1 test)
2026-09-15T21:06:21.4443978Z rxas                                 =   0.17 sec*proc (1 test)
2026-09-15T21:06:21.4444287Z rxbvm                                =   5.43 sec*proc (4 tests)
2026-09-15T21:06:21.4444599Z rxpa                                 =   0.08 sec*proc (2 tests)
2026-09-15T21:06:21.4444909Z sha256                               =   0.05 sec*proc (1 test)
2026-09-15T21:06:21.4445231Z smoke                                = 142.08 sec*proc (144 tests)
2026-09-15T21:06:21.4445565Z srcmap                               =   2.92 sec*proc (1 test)
2026-09-15T21:06:21.4445937Z stable-indexed-cfg-adaptation        =  11.72 sec*proc (1 test)
2026-09-15T21:06:21.4446343Z stable-indexed-graph-adaptation      =   0.19 sec*proc (1 test)
2026-09-15T21:06:21.4446698Z stage2                               =   0.06 sec*proc (1 test)
2026-09-15T21:06:21.4447015Z stage3                               =   2.68 sec*proc (5 tests)
2026-09-15T21:06:21.4447498Z stage4                               =   2.88 sec*proc (1 test)
2026-09-15T21:06:21.4447863Z standard-library-adaptation          =   0.21 sec*proc (1 test)
2026-09-15T21:06:21.4448231Z unicode                              =   0.05 sec*proc (1 test)
2026-09-15T21:06:21.4448551Z unit                                 =   0.05 sec*proc (1 test)
2026-09-15T21:06:21.4448852Z utf                                  =   0.02 sec*proc (1 test)
2026-09-15T21:06:21.4449047Z 
2026-09-15T21:06:21.4449142Z Total Test time (real) =  75.69 sec
2026-09-15T21:06:21.5172081Z ##[group]Run cmake --build "D:\a\_temp/core-build" --target keyaccess_test keyaccess_compact_failure_test --parallel 2
2026-09-15T21:06:21.5173571Z [36;1mcmake --build "D:\a\_temp/core-build" --target keyaccess_test keyaccess_compact_failure_test --parallel 2[0m
2026-09-15T21:06:21.5174995Z [36;1mctest --test-dir "D:\a\_temp/core-build" -R '^keyaccess_(test_(opt|noopt)|compact_failure)$' --parallel 1 --output-on-failure[0m
2026-09-15T21:06:21.5204491Z shell: C:\Program Files\Git\bin\bash.EXE --noprofile --norc -e -o pipefail {0}
2026-09-15T21:06:21.5205147Z env:
2026-09-15T21:06:21.5205587Z   pythonLocation: C:\hostedtoolcache\windows\Python\3.12.10\x64
2026-09-15T21:06:21.5206397Z   PKG_CONFIG_PATH: C:\hostedtoolcache\windows\Python\3.12.10\x64/lib/pkgconfig
2026-09-15T21:06:21.5207199Z   Python_ROOT_DIR: C:\hostedtoolcache\windows\Python\3.12.10\x64
2026-09-15T21:06:21.5207916Z   Python2_ROOT_DIR: C:\hostedtoolcache\windows\Python\3.12.10\x64
2026-09-15T21:06:21.5208676Z   Python3_ROOT_DIR: C:\hostedtoolcache\windows\Python\3.12.10\x64
2026-09-15T21:06:21.5209274Z   CommandPromptType: Native
2026-09-15T21:06:21.5209888Z   DevEnvDir: C:\Program Files\Microsoft Visual Studio\18\Enterprise\Common7\IDE\
2026-09-15T21:06:21.5211086Z   ExtensionSdkDir: C:\Program Files (x86)\Microsoft SDKs\Windows Kits\10\ExtensionSDKs
2026-09-15T21:06:21.5214896Z   EXTERNAL_INCLUDE: C:\Program Files\Microsoft Visual Studio\18\Enterprise\VC\Tools\MSVC\14.44.35207\include;C:\Program Files\Microsoft Visual Studio\18\Enterprise\VC\Auxiliary\VS\include;C:\Program Files (x86)\Windows Kits\10\include\10.0.26100.0\ucrt;C:\Program Files (x86)\Windows Kits\10\\include\10.0.26100.0\\um;C:\Program Files (x86)\Windows Kits\10\\include\10.0.26100.0\\shared;C:\Program Files (x86)\Windows Kits\10\\include\10.0.26100.0\\winrt;C:\Program Files (x86)\Windows Kits\10\\include\10.0.26100.0\\cppwinrt;C:\Program Files (x86)\Windows Kits\NETFXSDK\4.8.1\include\um
2026-09-15T21:06:21.5218454Z   Framework40Version: v4.0
2026-09-15T21:06:21.5218943Z   FrameworkDir: C:\Windows\Microsoft.NET\Framework64\
2026-09-15T21:06:21.5219570Z   FrameworkDir64: C:\Windows\Microsoft.NET\Framework64\
2026-09-15T21:06:21.5220119Z   FrameworkVersion: v4.0.30319
2026-09-15T21:06:21.5220529Z   FrameworkVersion64: v4.0.30319
2026-09-15T21:06:21.5221489Z   FSHARPINSTALLDIR: C:\Program Files\Microsoft Visual Studio\18\Enterprise\Common7\IDE\CommonExtensions\Microsoft\FSharp\Tools
2026-09-15T21:06:21.5222600Z   HTMLHelpDir: C:\Program Files (x86)\HTML Help Workshop
2026-09-15T21:06:21.5226097Z   INCLUDE: C:\Program Files\Microsoft Visual Studio\18\Enterprise\VC\Tools\MSVC\14.44.35207\include;C:\Program Files\Microsoft Visual Studio\18\Enterprise\VC\Auxiliary\VS\include;C:\Program Files (x86)\Windows Kits\10\include\10.0.26100.0\ucrt;C:\Program Files (x86)\Windows Kits\10\\include\10.0.26100.0\\um;C:\Program Files (x86)\Windows Kits\10\\include\10.0.26100.0\\shared;C:\Program Files (x86)\Windows Kits\10\\include\10.0.26100.0\\winrt;C:\Program Files (x86)\Windows Kits\10\\include\10.0.26100.0\\cppwinrt;C:\Program Files (x86)\Windows Kits\NETFXSDK\4.8.1\include\um
2026-09-15T21:06:21.5231363Z   LIB: C:\Program Files\Microsoft Visual Studio\18\Enterprise\VC\Tools\MSVC\14.44.35207\lib\x64;C:\Program Files (x86)\Windows Kits\NETFXSDK\4.8.1\lib\um\x64;C:\Program Files (x86)\Windows Kits\10\lib\10.0.26100.0\ucrt\x64;C:\Program Files (x86)\Windows Kits\10\\lib\10.0.26100.0\\um\x64
2026-09-15T21:06:21.5235460Z   LIBPATH: C:\Program Files\Microsoft Visual Studio\18\Enterprise\VC\Tools\MSVC\14.44.35207\lib\x64;C:\Program Files\Microsoft Visual Studio\18\Enterprise\VC\Tools\MSVC\14.44.35207\lib\x86\store\references;C:\Program Files (x86)\Windows Kits\10\UnionMetadata\10.0.26100.0;C:\Program Files (x86)\Windows Kits\10\References\10.0.26100.0;C:\Windows\Microsoft.NET\Framework64\v4.0.30319
2026-09-15T21:06:21.5238254Z   llvmArm64: C:\Program Files\Microsoft Visual Studio\18\Enterprise\VC\Tools\Llvm\ARM64\bin
2026-09-15T21:06:21.5241754Z   llvmX64: C:\Program Files\Microsoft Visual Studio\18\Enterprise\VC\Tools\Llvm\x64\bin
2026-09-15T21:06:21.5242728Z   NETFXSDKDir: C:\Program Files (x86)\Windows Kits\NETFXSDK\4.8.1\
2026-09-15T21:06:21.5271578Z   Path: C:\Program Files\Microsoft Visual Studio\18\Enterprise\VC\Tools\MSVC\14.44.35207\bin\HostX64\x64;C:\Program Files\Microsoft Visual Studio\18\Enterprise\Common7\IDE\VC\VCPackages;C:\Program Files\Microsoft Visual Studio\18\Enterprise\Common7\IDE\CommonExtensions\Microsoft\TestWindow;C:\Program Files\Microsoft Visual Studio\18\Enterprise\Common7\IDE\CommonExtensions\Microsoft\TeamFoundation\Team Explorer;C:\Program Files\Microsoft Visual Studio\18\Enterprise\MSBuild\Current\bin\Roslyn;C:\Program Files (x86)\Microsoft SDKs\Windows\v10.0A\bin\NETFX 4.8.1 Tools\x64\;C:\Program Files (x86)\HTML Help Workshop;C:\Program Files\Microsoft Visual Studio\18\Enterprise\Common7\IDE\CommonExtensions\Microsoft\FSharp\Tools;C:\Program Files\Microsoft Visual Studio\18\Enterprise\Team Tools\DiagnosticsHub\Collector;C:\Program Files\Microsoft Visual Studio\18\Enterprise\Common7\IDE\Extensions\Microsoft\CodeCoverage.Console;C:\Program Files (x86)\Windows Kits\10\bin\10.0.26100.0\\x64;C:\Program Files (x86)\Windows Kits\10\bin\\x64;C:\Program Files\Microsoft Visual Studio\18\Enterprise\\MSBuild\Current\Bin\amd64;C:\Windows\Microsoft.NET\Framework64\v4.0.30319;C:\Program Files\Microsoft Visual Studio\18\Enterprise\Common7\IDE\;C:\Program Files\Microsoft Visual Studio\18\Enterprise\Common7\Tools\;C:\Users\runneradmin\AppData\Roaming\Python\Python312\Scripts;C:\hostedtoolcache\windows\Python\3.12.10\x64\Scripts;C:\hostedtoolcache\windows\Python\3.12.10\x64;C:\Program Files\MongoDB\Server\7.0\bin;C:\vcpkg;C:\tools\zstd;C:\hostedtoolcache\windows\stack\3.11.1\x64;C:\cabal\bin;C:\\ghcup\bin;C:\mingw64\bin;C:\Program Files\dotnet;C:\Program Files\MySQL\MySQL Server 8.0\bin;C:\Program Files\R\R-4.6.1\bin\x64;C:\SeleniumWebDrivers\GeckoDriver;C:\SeleniumWebDrivers\EdgeDriver\;C:\SeleniumWebDrivers\ChromeDriver;C:\Program Files (x86)\sbt\bin;C:\Program Files (x86)\GitHub CLI;C:\Program Files\Git\bin;C:\Program Files (x86)\pipx_bin;C:\npm\prefix;C:\hostedtoolcache\windows\go\1.24.13\x64\bin;C:\hostedtoolcache\windows\Ruby\3.3.12\x64\bin;C:\Program Files\OpenSSL\bin;C:\tools\kotlinc\bin;C:\hostedtoolcache\windows\Java_Temurin-Hotspot_jdk\17.0.20-101\x64\bin;C:\Program Files\ImageMagick-7.1.2-Q16-HDRI;C:\Program Files\Microsoft SDKs\Azure\CLI2\wbin;C:\ProgramData\kind;C:\ProgramData\Chocolatey\bin;C:\Windows\system32;C:\Windows;C:\Windows\System32\Wbem;C:\Windows\System32\WindowsPowerShell\v1.0\;C:\Windows\System32\OpenSSH\;C:\Program Files\PowerShell\7\;C:\Program Files\Microsoft\Web Platform Installer\;C:\Program Files\Microsoft SQL Server\170\Tools\Binn\;C:\Program Files\Microsoft SQL Server\Client SDK\ODBC\170\Tools\Binn\;C:\Program Files\dotnet\;C:\Program Files (x86)\Windows Kits\10\Windows Performance Toolkit\;C:\Program Files (x86)\WiX Toolset v3.14\bin;C:\Program Files\Microsoft SQL Server\130\DTS\Binn\;C:\Program Files\Microsoft SQL Server\140\DTS\Binn\;C:\Program Files\Microsoft SQL Server\150\DTS\Binn\;C:\Program Files\Microsoft SQL Server\160\DTS\Binn\;C:\Program Files\Microsoft SQL Server\170\DTS\Binn\;C:\ProgramData\chocolatey\lib\pulumi\tools\Pulumi\bin;C:\Program Files\CMake\bin;C:\Strawberry\c\bin;C:\Strawberry\perl\site\bin;C:\Strawberry\perl\bin;C:\ProgramData\chocolatey\lib\maven\apache-maven-3.9.16\bin;C:\Program Files\Microsoft Service Fabric\bin\Fabric\Fabric.Code;C:\Program Files\Microsoft SDKs\Service Fabric\Tools\ServiceFabricLocalClusterManager;C:\Program Files\nodejs\;C:\Program Files\Git\cmd;C:\Program Files\Git\mingw64\bin;C:\Program Files\Git\usr\bin;C:\Program Files\GitHub CLI\;c:\tools\php;C:\Program Files\Amazon\AWSCLIV2\;C:\Program Files\Amazon\SessionManagerPlugin\bin\;C:\Program Files\Amazon\AWSSAMCLI\bin\;C:\Program Files\Microsoft SQL Server\130\Tools\Binn\;C:\Program Files\mongosh\;C:\Program Files\LLVM\bin;C:\Program Files (x86)\LLVM\bin;C:\Users\runneradmin\.dotnet\tools;C:\Users\runneradmin\.cargo\bin;C:\Users\runneradmin\AppData\Local\Microsoft\WindowsApps;C:\Program Files (x86)\Microsoft Visual Studio\Installer;C:\Program Files\Microsoft Visual Studio\18\Enterprise\VC\Tools\Llvm\x64\bin;C:\Program Files\Microsoft Visual Studio\18\Enterprise\Common7\IDE\CommonExtensions\Microsoft\CMake\CMake\bin;C:\Program Files\Microsoft Visual Studio\18\Enterprise\Common7\IDE\CommonExtensions\Microsoft\CMake\Ninja;C:\Program Files\Microsoft Visual Studio\18\Enterprise\Common7\IDE\VC\Linux\bin\ConnectionManagerExe;C:\Program Files\Microsoft Visual Studio\18\Enterprise\VC\vcpkg
2026-09-15T21:06:21.5299481Z   Platform: x64
2026-09-15T21:06:21.5299824Z   UCRTVersion: 10.0.26100.0
2026-09-15T21:06:21.5300333Z   UniversalCRTSdkDir: C:\Program Files (x86)\Windows Kits\10\
2026-09-15T21:06:21.5300902Z   use_x64_llvm: true
2026-09-15T21:06:21.5301528Z   VCIDEInstallDir: C:\Program Files\Microsoft Visual Studio\18\Enterprise\Common7\IDE\VC\
2026-09-15T21:06:21.5302464Z   VCINSTALLDIR: C:\Program Files\Microsoft Visual Studio\18\Enterprise\VC\
2026-09-15T21:06:21.5303305Z   VCPKG_ROOT: C:\Program Files\Microsoft Visual Studio\18\Enterprise\VC\vcpkg
2026-09-15T21:06:21.5304391Z   VCToolsInstallDir: C:\Program Files\Microsoft Visual Studio\18\Enterprise\VC\Tools\MSVC\14.44.35207\
2026-09-15T21:06:21.5305558Z   VCToolsRedistDir: C:\Program Files\Microsoft Visual Studio\18\Enterprise\VC\Redist\MSVC\14.51.36231\
2026-09-15T21:06:21.5306367Z   VCToolsVersion: 14.44.35207
2026-09-15T21:06:21.5306778Z   VisualStudioVersion: 18.0
2026-09-15T21:06:21.5307446Z   VS180COMNTOOLS: C:\Program Files\Microsoft Visual Studio\18\Enterprise\Common7\Tools\
2026-09-15T21:06:21.5308184Z   VSCMD_ARG_app_plat: Desktop
2026-09-15T21:06:21.5308579Z   VSCMD_ARG_HOST_ARCH: x64
2026-09-15T21:06:21.5308950Z   VSCMD_ARG_TGT_ARCH: x64
2026-09-15T21:06:21.5309602Z   VSCMD_ARG_VCVARS_VER: 14.44
2026-09-15T21:06:21.5309991Z   VSCMD_VER: 18.9.2
2026-09-15T21:06:21.5310494Z   VSINSTALLDIR: C:\Program Files\Microsoft Visual Studio\18\Enterprise\
2026-09-15T21:06:21.5311331Z   VSSDK150INSTALL: C:\Program Files\Microsoft Visual Studio\18\Enterprise\VSSDK
2026-09-15T21:06:21.5312211Z   VSSDKINSTALL: C:\Program Files\Microsoft Visual Studio\18\Enterprise\VSSDK
2026-09-15T21:06:21.5313499Z   WindowsLibPath: C:\Program Files (x86)\Windows Kits\10\UnionMetadata\10.0.26100.0;C:\Program Files (x86)\Windows Kits\10\References\10.0.26100.0
2026-09-15T21:06:21.5314711Z   WindowsSdkBinPath: C:\Program Files (x86)\Windows Kits\10\bin\
2026-09-15T21:06:21.5315429Z   WindowsSdkDir: C:\Program Files (x86)\Windows Kits\10\
2026-09-15T21:06:21.5315997Z   WindowsSDKLibVersion: 10.0.26100.0\
2026-09-15T21:06:21.5316661Z   WindowsSdkVerBinPath: C:\Program Files (x86)\Windows Kits\10\bin\10.0.26100.0\
2026-09-15T21:06:21.5317362Z   WindowsSDKVersion: 10.0.26100.0\
2026-09-15T21:06:21.5318201Z   WindowsSDK_ExecutablePath_x64: C:\Program Files (x86)\Microsoft SDKs\Windows\v10.0A\bin\NETFX 4.8.1 Tools\x64\
2026-09-15T21:06:21.5319504Z   WindowsSDK_ExecutablePath_x86: C:\Program Files (x86)\Microsoft SDKs\Windows\v10.0A\bin\NETFX 4.8.1 Tools\
2026-09-15T21:06:21.5320373Z   __DOTNET_ADD_64BIT: 1
2026-09-15T21:06:21.5320740Z   __DOTNET_PREFERRED_BITNESS: 64
2026-09-15T21:06:21.5333983Z   __VSCMD_PREINIT_PATH: C:\Users\runneradmin\AppData\Roaming\Python\Python312\Scripts;C:\hostedtoolcache\windows\Python\3.12.10\x64\Scripts;C:\hostedtoolcache\windows\Python\3.12.10\x64;C:\Program Files\MongoDB\Server\7.0\bin;C:\vcpkg;C:\tools\zstd;C:\hostedtoolcache\windows\stack\3.11.1\x64;C:\cabal\bin;C:\\ghcup\bin;C:\mingw64\bin;C:\Program Files\dotnet;C:\Program Files\MySQL\MySQL Server 8.0\bin;C:\Program Files\R\R-4.6.1\bin\x64;C:\SeleniumWebDrivers\GeckoDriver;C:\SeleniumWebDrivers\EdgeDriver\;C:\SeleniumWebDrivers\ChromeDriver;C:\Program Files (x86)\sbt\bin;C:\Program Files (x86)\GitHub CLI;C:\Program Files\Git\bin;C:\Program Files (x86)\pipx_bin;C:\npm\prefix;C:\hostedtoolcache\windows\go\1.24.13\x64\bin;C:\hostedtoolcache\windows\Python\3.12.10\x64\Scripts;C:\hostedtoolcache\windows\Python\3.12.10\x64;C:\hostedtoolcache\windows\Ruby\3.3.12\x64\bin;C:\Program Files\OpenSSL\bin;C:\tools\kotlinc\bin;C:\hostedtoolcache\windows\Java_Temurin-Hotspot_jdk\17.0.20-101\x64\bin;C:\Program Files\ImageMagick-7.1.2-Q16-HDRI;C:\Program Files\Microsoft SDKs\Azure\CLI2\wbin;C:\ProgramData\kind;C:\ProgramData\Chocolatey\bin;C:\Windows\system32;C:\Windows;C:\Windows\System32\Wbem;C:\Windows\System32\WindowsPowerShell\v1.0\;C:\Windows\System32\OpenSSH\;C:\Program Files\PowerShell\7\;C:\Program Files\Microsoft\Web Platform Installer\;C:\Program Files\Microsoft SQL Server\170\Tools\Binn\;C:\Program Files\Microsoft SQL Server\Client SDK\ODBC\170\Tools\Binn\;C:\Program Files\dotnet\;C:\Program Files (x86)\Windows Kits\10\Windows Performance Toolkit\;C:\Program Files (x86)\WiX Toolset v3.14\bin;C:\Program Files\Microsoft SQL Server\130\DTS\Binn\;C:\Program Files\Microsoft SQL Server\140\DTS\Binn\;C:\Program Files\Microsoft SQL Server\150\DTS\Binn\;C:\Program Files\Microsoft SQL Server\160\DTS\Binn\;C:\Program Files\Microsoft SQL Server\170\DTS\Binn\;C:\ProgramData\chocolatey\lib\pulumi\tools\Pulumi\bin;C:\Program Files\CMake\bin;C:\Strawberry\c\bin;C:\Strawberry\perl\site\bin;C:\Strawberry\perl\bin;C:\ProgramData\chocolatey\lib\maven\apache-maven-3.9.16\bin;C:\Program Files\Microsoft Service Fabric\bin\Fabric\Fabric.Code;C:\Program Files\Microsoft SDKs\Service Fabric\Tools\ServiceFabricLocalClusterManager;C:\Program Files\nodejs\;C:\Program Files\Git\cmd;C:\Program Files\Git\mingw64\bin;C:\Program Files\Git\usr\bin;C:\Program Files\GitHub CLI\;c:\tools\php;C:\Program Files (x86)\sbt\bin;C:\Program Files\Amazon\AWSCLIV2\;C:\Program Files\Amazon\SessionManagerPlugin\bin\;C:\Program Files\Amazon\AWSSAMCLI\bin\;C:\Program Files\Microsoft SQL Server\130\Tools\Binn\;C:\Program Files\mongosh\;C:\Program Files\LLVM\bin;C:\Program Files (x86)\LLVM\bin;C:\Users\runneradmin\.dotnet\tools;C:\Users\runneradmin\.cargo\bin;C:\Users\runneradmin\AppData\Local\Microsoft\WindowsApps;C:\Program Files (x86)\Microsoft Visual Studio\Installer
2026-09-15T21:06:21.5343581Z ##[endgroup]
2026-09-15T21:06:21.7275360Z [0/2] Re-checking globbed directories...
2026-09-15T21:06:22.7047249Z [1/2] Generating keyaccess_test_opt.rxbin
2026-09-15T21:06:22.7640428Z Test project D:/a/_temp/core-build
2026-09-15T21:06:22.8878026Z     Start 1616: keyaccess_test_noopt
2026-09-15T21:06:22.9264133Z 1/3 Test #1616: keyaccess_test_noopt .............   Passed    0.04 sec
2026-09-15T21:06:22.9269908Z     Start 1617: keyaccess_test_opt
2026-09-15T21:06:23.0613466Z 2/3 Test #1617: keyaccess_test_opt ...............   Passed    0.13 sec
2026-09-15T21:06:23.0620292Z     Start 1618: keyaccess_compact_failure
2026-09-15T21:06:23.0720368Z 3/3 Test #1618: keyaccess_compact_failure ........   Passed    0.01 sec
2026-09-15T21:06:23.0733720Z 
2026-09-15T21:06:23.0734308Z 100% tests passed out of 3
2026-09-15T21:06:23.0734970Z 
2026-09-15T21:06:23.0735110Z Label Time Summary:
2026-09-15T21:06:23.0735501Z comprehensive       =   0.13 sec*proc (1 test)
2026-09-15T21:06:23.0736031Z linked_opt          =   0.13 sec*proc (1 test)
2026-09-15T21:06:23.0736411Z optimizer-parity    =   0.17 sec*proc (2 tests)
2026-09-15T21:06:23.0736726Z smoke               =   0.05 sec*proc (2 tests)
2026-09-15T21:06:23.0736925Z 
2026-09-15T21:06:23.0737014Z Total Test time (real) =   0.31 sec
2026-09-15T21:06:23.1036127Z ##[group]Run python scripts/package-core-release.py --source . \
2026-09-15T21:06:23.1036969Z [36;1mpython scripts/package-core-release.py --source . \[0m
2026-09-15T21:06:23.1038996Z [36;1m  --build "D:\a\_temp/core-build" --output "D:\a\_temp/core-package" \[0m
2026-09-15T21:06:23.1039727Z [36;1m  --platform "windows-x64" --toolchain "msvc" \[0m
2026-09-15T21:06:23.1040488Z [36;1m  --preferred-vm "rxbvm" --commit "aade0fd0fe8ae97f5130383165bcf1b835145903"[0m
2026-09-15T21:06:23.1068495Z shell: C:\Program Files\Git\bin\bash.EXE --noprofile --norc -e -o pipefail {0}
2026-09-15T21:06:23.1069192Z env:
2026-09-15T21:06:23.1069531Z   pythonLocation: C:\hostedtoolcache\windows\Python\3.12.10\x64
2026-09-15T21:06:23.1069997Z   PKG_CONFIG_PATH: C:\hostedtoolcache\windows\Python\3.12.10\x64/lib/pkgconfig
2026-09-15T21:06:23.1070465Z   Python_ROOT_DIR: C:\hostedtoolcache\windows\Python\3.12.10\x64
2026-09-15T21:06:23.1070917Z   Python2_ROOT_DIR: C:\hostedtoolcache\windows\Python\3.12.10\x64
2026-09-15T21:06:23.1071327Z   Python3_ROOT_DIR: C:\hostedtoolcache\windows\Python\3.12.10\x64
2026-09-15T21:06:23.1071666Z   CommandPromptType: Native
2026-09-15T21:06:23.1072038Z   DevEnvDir: C:\Program Files\Microsoft Visual Studio\18\Enterprise\Common7\IDE\
2026-09-15T21:06:23.1072564Z   ExtensionSdkDir: C:\Program Files (x86)\Microsoft SDKs\Windows Kits\10\ExtensionSDKs
2026-09-15T21:06:23.1074605Z   EXTERNAL_INCLUDE: C:\Program Files\Microsoft Visual Studio\18\Enterprise\VC\Tools\MSVC\14.44.35207\include;C:\Program Files\Microsoft Visual Studio\18\Enterprise\VC\Auxiliary\VS\include;C:\Program Files (x86)\Windows Kits\10\include\10.0.26100.0\ucrt;C:\Program Files (x86)\Windows Kits\10\\include\10.0.26100.0\\um;C:\Program Files (x86)\Windows Kits\10\\include\10.0.26100.0\\shared;C:\Program Files (x86)\Windows Kits\10\\include\10.0.26100.0\\winrt;C:\Program Files (x86)\Windows Kits\10\\include\10.0.26100.0\\cppwinrt;C:\Program Files (x86)\Windows Kits\NETFXSDK\4.8.1\include\um
2026-09-15T21:06:23.1076547Z   Framework40Version: v4.0
2026-09-15T21:06:23.1076820Z   FrameworkDir: C:\Windows\Microsoft.NET\Framework64\
2026-09-15T21:06:23.1077168Z   FrameworkDir64: C:\Windows\Microsoft.NET\Framework64\
2026-09-15T21:06:23.1077478Z   FrameworkVersion: v4.0.30319
2026-09-15T21:06:23.1077712Z   FrameworkVersion64: v4.0.30319
2026-09-15T21:06:23.1078245Z   FSHARPINSTALLDIR: C:\Program Files\Microsoft Visual Studio\18\Enterprise\Common7\IDE\CommonExtensions\Microsoft\FSharp\Tools
2026-09-15T21:06:23.1078853Z   HTMLHelpDir: C:\Program Files (x86)\HTML Help Workshop
2026-09-15T21:06:23.1080779Z   INCLUDE: C:\Program Files\Microsoft Visual Studio\18\Enterprise\VC\Tools\MSVC\14.44.35207\include;C:\Program Files\Microsoft Visual Studio\18\Enterprise\VC\Auxiliary\VS\include;C:\Program Files (x86)\Windows Kits\10\include\10.0.26100.0\ucrt;C:\Program Files (x86)\Windows Kits\10\\include\10.0.26100.0\\um;C:\Program Files (x86)\Windows Kits\10\\include\10.0.26100.0\\shared;C:\Program Files (x86)\Windows Kits\10\\include\10.0.26100.0\\winrt;C:\Program Files (x86)\Windows Kits\10\\include\10.0.26100.0\\cppwinrt;C:\Program Files (x86)\Windows Kits\NETFXSDK\4.8.1\include\um
2026-09-15T21:06:23.1083791Z   LIB: C:\Program Files\Microsoft Visual Studio\18\Enterprise\VC\Tools\MSVC\14.44.35207\lib\x64;C:\Program Files (x86)\Windows Kits\NETFXSDK\4.8.1\lib\um\x64;C:\Program Files (x86)\Windows Kits\10\lib\10.0.26100.0\ucrt\x64;C:\Program Files (x86)\Windows Kits\10\\lib\10.0.26100.0\\um\x64
2026-09-15T21:06:23.1085824Z   LIBPATH: C:\Program Files\Microsoft Visual Studio\18\Enterprise\VC\Tools\MSVC\14.44.35207\lib\x64;C:\Program Files\Microsoft Visual Studio\18\Enterprise\VC\Tools\MSVC\14.44.35207\lib\x86\store\references;C:\Program Files (x86)\Windows Kits\10\UnionMetadata\10.0.26100.0;C:\Program Files (x86)\Windows Kits\10\References\10.0.26100.0;C:\Windows\Microsoft.NET\Framework64\v4.0.30319
2026-09-15T21:06:23.1089199Z   llvmArm64: C:\Program Files\Microsoft Visual Studio\18\Enterprise\VC\Tools\Llvm\ARM64\bin
2026-09-15T21:06:23.1089865Z   llvmX64: C:\Program Files\Microsoft Visual Studio\18\Enterprise\VC\Tools\Llvm\x64\bin
2026-09-15T21:06:23.1090503Z   NETFXSDKDir: C:\Program Files (x86)\Windows Kits\NETFXSDK\4.8.1\
2026-09-15T21:06:23.1106157Z   Path: C:\Program Files\Microsoft Visual Studio\18\Enterprise\VC\Tools\MSVC\14.44.35207\bin\HostX64\x64;C:\Program Files\Microsoft Visual Studio\18\Enterprise\Common7\IDE\VC\VCPackages;C:\Program Files\Microsoft Visual Studio\18\Enterprise\Common7\IDE\CommonExtensions\Microsoft\TestWindow;C:\Program Files\Microsoft Visual Studio\18\Enterprise\Common7\IDE\CommonExtensions\Microsoft\TeamFoundation\Team Explorer;C:\Program Files\Microsoft Visual Studio\18\Enterprise\MSBuild\Current\bin\Roslyn;C:\Program Files (x86)\Microsoft SDKs\Windows\v10.0A\bin\NETFX 4.8.1 Tools\x64\;C:\Program Files (x86)\HTML Help Workshop;C:\Program Files\Microsoft Visual Studio\18\Enterprise\Common7\IDE\CommonExtensions\Microsoft\FSharp\Tools;C:\Program Files\Microsoft Visual Studio\18\Enterprise\Team Tools\DiagnosticsHub\Collector;C:\Program Files\Microsoft Visual Studio\18\Enterprise\Common7\IDE\Extensions\Microsoft\CodeCoverage.Console;C:\Program Files (x86)\Windows Kits\10\bin\10.0.26100.0\\x64;C:\Program Files (x86)\Windows Kits\10\bin\\x64;C:\Program Files\Microsoft Visual Studio\18\Enterprise\\MSBuild\Current\Bin\amd64;C:\Windows\Microsoft.NET\Framework64\v4.0.30319;C:\Program Files\Microsoft Visual Studio\18\Enterprise\Common7\IDE\;C:\Program Files\Microsoft Visual Studio\18\Enterprise\Common7\Tools\;C:\Users\runneradmin\AppData\Roaming\Python\Python312\Scripts;C:\hostedtoolcache\windows\Python\3.12.10\x64\Scripts;C:\hostedtoolcache\windows\Python\3.12.10\x64;C:\Program Files\MongoDB\Server\7.0\bin;C:\vcpkg;C:\tools\zstd;C:\hostedtoolcache\windows\stack\3.11.1\x64;C:\cabal\bin;C:\\ghcup\bin;C:\mingw64\bin;C:\Program Files\dotnet;C:\Program Files\MySQL\MySQL Server 8.0\bin;C:\Program Files\R\R-4.6.1\bin\x64;C:\SeleniumWebDrivers\GeckoDriver;C:\SeleniumWebDrivers\EdgeDriver\;C:\SeleniumWebDrivers\ChromeDriver;C:\Program Files (x86)\sbt\bin;C:\Program Files (x86)\GitHub CLI;C:\Program Files\Git\bin;C:\Program Files (x86)\pipx_bin;C:\npm\prefix;C:\hostedtoolcache\windows\go\1.24.13\x64\bin;C:\hostedtoolcache\windows\Ruby\3.3.12\x64\bin;C:\Program Files\OpenSSL\bin;C:\tools\kotlinc\bin;C:\hostedtoolcache\windows\Java_Temurin-Hotspot_jdk\17.0.20-101\x64\bin;C:\Program Files\ImageMagick-7.1.2-Q16-HDRI;C:\Program Files\Microsoft SDKs\Azure\CLI2\wbin;C:\ProgramData\kind;C:\ProgramData\Chocolatey\bin;C:\Windows\system32;C:\Windows;C:\Windows\System32\Wbem;C:\Windows\System32\WindowsPowerShell\v1.0\;C:\Windows\System32\OpenSSH\;C:\Program Files\PowerShell\7\;C:\Program Files\Microsoft\Web Platform Installer\;C:\Program Files\Microsoft SQL Server\170\Tools\Binn\;C:\Program Files\Microsoft SQL Server\Client SDK\ODBC\170\Tools\Binn\;C:\Program Files\dotnet\;C:\Program Files (x86)\Windows Kits\10\Windows Performance Toolkit\;C:\Program Files (x86)\WiX Toolset v3.14\bin;C:\Program Files\Microsoft SQL Server\130\DTS\Binn\;C:\Program Files\Microsoft SQL Server\140\DTS\Binn\;C:\Program Files\Microsoft SQL Server\150\DTS\Binn\;C:\Program Files\Microsoft SQL Server\160\DTS\Binn\;C:\Program Files\Microsoft SQL Server\170\DTS\Binn\;C:\ProgramData\chocolatey\lib\pulumi\tools\Pulumi\bin;C:\Program Files\CMake\bin;C:\Strawberry\c\bin;C:\Strawberry\perl\site\bin;C:\Strawberry\perl\bin;C:\ProgramData\chocolatey\lib\maven\apache-maven-3.9.16\bin;C:\Program Files\Microsoft Service Fabric\bin\Fabric\Fabric.Code;C:\Program Files\Microsoft SDKs\Service Fabric\Tools\ServiceFabricLocalClusterManager;C:\Program Files\nodejs\;C:\Program Files\Git\cmd;C:\Program Files\Git\mingw64\bin;C:\Program Files\Git\usr\bin;C:\Program Files\GitHub CLI\;c:\tools\php;C:\Program Files\Amazon\AWSCLIV2\;C:\Program Files\Amazon\SessionManagerPlugin\bin\;C:\Program Files\Amazon\AWSSAMCLI\bin\;C:\Program Files\Microsoft SQL Server\130\Tools\Binn\;C:\Program Files\mongosh\;C:\Program Files\LLVM\bin;C:\Program Files (x86)\LLVM\bin;C:\Users\runneradmin\.dotnet\tools;C:\Users\runneradmin\.cargo\bin;C:\Users\runneradmin\AppData\Local\Microsoft\WindowsApps;C:\Program Files (x86)\Microsoft Visual Studio\Installer;C:\Program Files\Microsoft Visual Studio\18\Enterprise\VC\Tools\Llvm\x64\bin;C:\Program Files\Microsoft Visual Studio\18\Enterprise\Common7\IDE\CommonExtensions\Microsoft\CMake\CMake\bin;C:\Program Files\Microsoft Visual Studio\18\Enterprise\Common7\IDE\CommonExtensions\Microsoft\CMake\Ninja;C:\Program Files\Microsoft Visual Studio\18\Enterprise\Common7\IDE\VC\Linux\bin\ConnectionManagerExe;C:\Program Files\Microsoft Visual Studio\18\Enterprise\VC\vcpkg
2026-09-15T21:06:23.1121049Z   Platform: x64
2026-09-15T21:06:23.1121247Z   UCRTVersion: 10.0.26100.0
2026-09-15T21:06:23.1121542Z   UniversalCRTSdkDir: C:\Program Files (x86)\Windows Kits\10\
2026-09-15T21:06:23.1122217Z   use_x64_llvm: true
2026-09-15T21:06:23.1122636Z   VCIDEInstallDir: C:\Program Files\Microsoft Visual Studio\18\Enterprise\Common7\IDE\VC\
2026-09-15T21:06:23.1123168Z   VCINSTALLDIR: C:\Program Files\Microsoft Visual Studio\18\Enterprise\VC\
2026-09-15T21:06:23.1123640Z   VCPKG_ROOT: C:\Program Files\Microsoft Visual Studio\18\Enterprise\VC\vcpkg
2026-09-15T21:06:23.1124216Z   VCToolsInstallDir: C:\Program Files\Microsoft Visual Studio\18\Enterprise\VC\Tools\MSVC\14.44.35207\
2026-09-15T21:06:23.1124870Z   VCToolsRedistDir: C:\Program Files\Microsoft Visual Studio\18\Enterprise\VC\Redist\MSVC\14.51.36231\
2026-09-15T21:06:23.1125321Z   VCToolsVersion: 14.44.35207
2026-09-15T21:06:23.1125551Z   VisualStudioVersion: 18.0
2026-09-15T21:06:23.1125908Z   VS180COMNTOOLS: C:\Program Files\Microsoft Visual Studio\18\Enterprise\Common7\Tools\
2026-09-15T21:06:23.1126314Z   VSCMD_ARG_app_plat: Desktop
2026-09-15T21:06:23.1126535Z   VSCMD_ARG_HOST_ARCH: x64
2026-09-15T21:06:23.1126746Z   VSCMD_ARG_TGT_ARCH: x64
2026-09-15T21:06:23.1126950Z   VSCMD_ARG_VCVARS_VER: 14.44
2026-09-15T21:06:23.1127159Z   VSCMD_VER: 18.9.2
2026-09-15T21:06:23.1127449Z   VSINSTALLDIR: C:\Program Files\Microsoft Visual Studio\18\Enterprise\
2026-09-15T21:06:23.1127928Z   VSSDK150INSTALL: C:\Program Files\Microsoft Visual Studio\18\Enterprise\VSSDK
2026-09-15T21:06:23.1128413Z   VSSDKINSTALL: C:\Program Files\Microsoft Visual Studio\18\Enterprise\VSSDK
2026-09-15T21:06:23.1129097Z   WindowsLibPath: C:\Program Files (x86)\Windows Kits\10\UnionMetadata\10.0.26100.0;C:\Program Files (x86)\Windows Kits\10\References\10.0.26100.0
2026-09-15T21:06:23.1129747Z   WindowsSdkBinPath: C:\Program Files (x86)\Windows Kits\10\bin\
2026-09-15T21:06:23.1130122Z   WindowsSdkDir: C:\Program Files (x86)\Windows Kits\10\
2026-09-15T21:06:23.1130432Z   WindowsSDKLibVersion: 10.0.26100.0\
2026-09-15T21:06:23.1130796Z   WindowsSdkVerBinPath: C:\Program Files (x86)\Windows Kits\10\bin\10.0.26100.0\
2026-09-15T21:06:23.1131185Z   WindowsSDKVersion: 10.0.26100.0\
2026-09-15T21:06:23.1131647Z   WindowsSDK_ExecutablePath_x64: C:\Program Files (x86)\Microsoft SDKs\Windows\v10.0A\bin\NETFX 4.8.1 Tools\x64\
2026-09-15T21:06:23.1132330Z   WindowsSDK_ExecutablePath_x86: C:\Program Files (x86)\Microsoft SDKs\Windows\v10.0A\bin\NETFX 4.8.1 Tools\
2026-09-15T21:06:23.1132791Z   __DOTNET_ADD_64BIT: 1
2026-09-15T21:06:23.1133000Z   __DOTNET_PREFERRED_BITNESS: 64
2026-09-15T21:06:23.1142763Z   __VSCMD_PREINIT_PATH: C:\Users\runneradmin\AppData\Roaming\Python\Python312\Scripts;C:\hostedtoolcache\windows\Python\3.12.10\x64\Scripts;C:\hostedtoolcache\windows\Python\3.12.10\x64;C:\Program Files\MongoDB\Server\7.0\bin;C:\vcpkg;C:\tools\zstd;C:\hostedtoolcache\windows\stack\3.11.1\x64;C:\cabal\bin;C:\\ghcup\bin;C:\mingw64\bin;C:\Program Files\dotnet;C:\Program Files\MySQL\MySQL Server 8.0\bin;C:\Program Files\R\R-4.6.1\bin\x64;C:\SeleniumWebDrivers\GeckoDriver;C:\SeleniumWebDrivers\EdgeDriver\;C:\SeleniumWebDrivers\ChromeDriver;C:\Program Files (x86)\sbt\bin;C:\Program Files (x86)\GitHub CLI;C:\Program Files\Git\bin;C:\Program Files (x86)\pipx_bin;C:\npm\prefix;C:\hostedtoolcache\windows\go\1.24.13\x64\bin;C:\hostedtoolcache\windows\Python\3.12.10\x64\Scripts;C:\hostedtoolcache\windows\Python\3.12.10\x64;C:\hostedtoolcache\windows\Ruby\3.3.12\x64\bin;C:\Program Files\OpenSSL\bin;C:\tools\kotlinc\bin;C:\hostedtoolcache\windows\Java_Temurin-Hotspot_jdk\17.0.20-101\x64\bin;C:\Program Files\ImageMagick-7.1.2-Q16-HDRI;C:\Program Files\Microsoft SDKs\Azure\CLI2\wbin;C:\ProgramData\kind;C:\ProgramData\Chocolatey\bin;C:\Windows\system32;C:\Windows;C:\Windows\System32\Wbem;C:\Windows\System32\WindowsPowerShell\v1.0\;C:\Windows\System32\OpenSSH\;C:\Program Files\PowerShell\7\;C:\Program Files\Microsoft\Web Platform Installer\;C:\Program Files\Microsoft SQL Server\170\Tools\Binn\;C:\Program Files\Microsoft SQL Server\Client SDK\ODBC\170\Tools\Binn\;C:\Program Files\dotnet\;C:\Program Files (x86)\Windows Kits\10\Windows Performance Toolkit\;C:\Program Files (x86)\WiX Toolset v3.14\bin;C:\Program Files\Microsoft SQL Server\130\DTS\Binn\;C:\Program Files\Microsoft SQL Server\140\DTS\Binn\;C:\Program Files\Microsoft SQL Server\150\DTS\Binn\;C:\Program Files\Microsoft SQL Server\160\DTS\Binn\;C:\Program Files\Microsoft SQL Server\170\DTS\Binn\;C:\ProgramData\chocolatey\lib\pulumi\tools\Pulumi\bin;C:\Program Files\CMake\bin;C:\Strawberry\c\bin;C:\Strawberry\perl\site\bin;C:\Strawberry\perl\bin;C:\ProgramData\chocolatey\lib\maven\apache-maven-3.9.16\bin;C:\Program Files\Microsoft Service Fabric\bin\Fabric\Fabric.Code;C:\Program Files\Microsoft SDKs\Service Fabric\Tools\ServiceFabricLocalClusterManager;C:\Program Files\nodejs\;C:\Program Files\Git\cmd;C:\Program Files\Git\mingw64\bin;C:\Program Files\Git\usr\bin;C:\Program Files\GitHub CLI\;c:\tools\php;C:\Program Files (x86)\sbt\bin;C:\Program Files\Amazon\AWSCLIV2\;C:\Program Files\Amazon\SessionManagerPlugin\bin\;C:\Program Files\Amazon\AWSSAMCLI\bin\;C:\Program Files\Microsoft SQL Server\130\Tools\Binn\;C:\Program Files\mongosh\;C:\Program Files\LLVM\bin;C:\Program Files (x86)\LLVM\bin;C:\Users\runneradmin\.dotnet\tools;C:\Users\runneradmin\.cargo\bin;C:\Users\runneradmin\AppData\Local\Microsoft\WindowsApps;C:\Program Files (x86)\Microsoft Visual Studio\Installer
2026-09-15T21:06:23.1152447Z ##[endgroup]
2026-09-15T21:06:33.0569696Z PASS: extracted llama-free core, both optimization modes, applicable VMs and relocated native consumer
2026-09-15T21:06:33.0886602Z ##[group]Run actions/upload-artifact@v7
2026-09-15T21:06:33.0886937Z with:
2026-09-15T21:06:33.0887234Z   name: core-qa-windows-x64-aade0fd0fe8ae97f5130383165bcf1b835145903
2026-09-15T21:06:33.0888068Z   path: D:\a\_temp/core-package/qa
D:\a\_temp/core-build/Testing/Temporary
D:\a\_temp/core-build/CMakeCache.txt
D:\a\_temp/core-build/CMakeFiles/CMakeConfigureLog.yaml

2026-09-15T21:06:33.0888742Z   retention-days: 14
2026-09-15T21:06:33.0888947Z   if-no-files-found: warn
2026-09-15T21:06:33.0889164Z   compression-level: 6
2026-09-15T21:06:33.0889367Z   overwrite: false
2026-09-15T21:06:33.0889566Z   include-hidden-files: false
2026-09-15T21:06:33.0889785Z   archive: true
2026-09-15T21:06:33.0889955Z env:
2026-09-15T21:06:33.0890208Z   pythonLocation: C:\hostedtoolcache\windows\Python\3.12.10\x64
2026-09-15T21:06:33.0890678Z   PKG_CONFIG_PATH: C:\hostedtoolcache\windows\Python\3.12.10\x64/lib/pkgconfig
2026-09-15T21:06:33.0891585Z   Python_ROOT_DIR: C:\hostedtoolcache\windows\Python\3.12.10\x64
2026-09-15T21:06:33.0892012Z   Python2_ROOT_DIR: C:\hostedtoolcache\windows\Python\3.12.10\x64
2026-09-15T21:06:33.0892414Z   Python3_ROOT_DIR: C:\hostedtoolcache\windows\Python\3.12.10\x64
2026-09-15T21:06:33.0892740Z   CommandPromptType: Native
2026-09-15T21:06:33.0893087Z   DevEnvDir: C:\Program Files\Microsoft Visual Studio\18\Enterprise\Common7\IDE\
2026-09-15T21:06:33.0893598Z   ExtensionSdkDir: C:\Program Files (x86)\Microsoft SDKs\Windows Kits\10\ExtensionSDKs
2026-09-15T21:06:33.0895642Z   EXTERNAL_INCLUDE: C:\Program Files\Microsoft Visual Studio\18\Enterprise\VC\Tools\MSVC\14.44.35207\include;C:\Program Files\Microsoft Visual Studio\18\Enterprise\VC\Auxiliary\VS\include;C:\Program Files (x86)\Windows Kits\10\include\10.0.26100.0\ucrt;C:\Program Files (x86)\Windows Kits\10\\include\10.0.26100.0\\um;C:\Program Files (x86)\Windows Kits\10\\include\10.0.26100.0\\shared;C:\Program Files (x86)\Windows Kits\10\\include\10.0.26100.0\\winrt;C:\Program Files (x86)\Windows Kits\10\\include\10.0.26100.0\\cppwinrt;C:\Program Files (x86)\Windows Kits\NETFXSDK\4.8.1\include\um
2026-09-15T21:06:33.0897801Z   Framework40Version: v4.0
2026-09-15T21:06:33.0898072Z   FrameworkDir: C:\Windows\Microsoft.NET\Framework64\
2026-09-15T21:06:33.0898414Z   FrameworkDir64: C:\Windows\Microsoft.NET\Framework64\
2026-09-15T21:06:33.0898717Z   FrameworkVersion: v4.0.30319
2026-09-15T21:06:33.0898953Z   FrameworkVersion64: v4.0.30319
2026-09-15T21:06:33.0899474Z   FSHARPINSTALLDIR: C:\Program Files\Microsoft Visual Studio\18\Enterprise\Common7\IDE\CommonExtensions\Microsoft\FSharp\Tools
2026-09-15T21:06:33.0900064Z   HTMLHelpDir: C:\Program Files (x86)\HTML Help Workshop
2026-09-15T21:06:33.0901964Z   INCLUDE: C:\Program Files\Microsoft Visual Studio\18\Enterprise\VC\Tools\MSVC\14.44.35207\include;C:\Program Files\Microsoft Visual Studio\18\Enterprise\VC\Auxiliary\VS\include;C:\Program Files (x86)\Windows Kits\10\include\10.0.26100.0\ucrt;C:\Program Files (x86)\Windows Kits\10\\include\10.0.26100.0\\um;C:\Program Files (x86)\Windows Kits\10\\include\10.0.26100.0\\shared;C:\Program Files (x86)\Windows Kits\10\\include\10.0.26100.0\\winrt;C:\Program Files (x86)\Windows Kits\10\\include\10.0.26100.0\\cppwinrt;C:\Program Files (x86)\Windows Kits\NETFXSDK\4.8.1\include\um
2026-09-15T21:06:33.0904550Z   LIB: C:\Program Files\Microsoft Visual Studio\18\Enterprise\VC\Tools\MSVC\14.44.35207\lib\x64;C:\Program Files (x86)\Windows Kits\NETFXSDK\4.8.1\lib\um\x64;C:\Program Files (x86)\Windows Kits\10\lib\10.0.26100.0\ucrt\x64;C:\Program Files (x86)\Windows Kits\10\\lib\10.0.26100.0\\um\x64
2026-09-15T21:06:33.0906567Z   LIBPATH: C:\Program Files\Microsoft Visual Studio\18\Enterprise\VC\Tools\MSVC\14.44.35207\lib\x64;C:\Program Files\Microsoft Visual Studio\18\Enterprise\VC\Tools\MSVC\14.44.35207\lib\x86\store\references;C:\Program Files (x86)\Windows Kits\10\UnionMetadata\10.0.26100.0;C:\Program Files (x86)\Windows Kits\10\References\10.0.26100.0;C:\Windows\Microsoft.NET\Framework64\v4.0.30319
2026-09-15T21:06:33.0909526Z   llvmArm64: C:\Program Files\Microsoft Visual Studio\18\Enterprise\VC\Tools\Llvm\ARM64\bin
2026-09-15T21:06:33.0910161Z   llvmX64: C:\Program Files\Microsoft Visual Studio\18\Enterprise\VC\Tools\Llvm\x64\bin
2026-09-15T21:06:33.0910649Z   NETFXSDKDir: C:\Program Files (x86)\Windows Kits\NETFXSDK\4.8.1\
2026-09-15T21:06:33.0926241Z   Path: C:\Program Files\Microsoft Visual Studio\18\Enterprise\VC\Tools\MSVC\14.44.35207\bin\HostX64\x64;C:\Program Files\Microsoft Visual Studio\18\Enterprise\Common7\IDE\VC\VCPackages;C:\Program Files\Microsoft Visual Studio\18\Enterprise\Common7\IDE\CommonExtensions\Microsoft\TestWindow;C:\Program Files\Microsoft Visual Studio\18\Enterprise\Common7\IDE\CommonExtensions\Microsoft\TeamFoundation\Team Explorer;C:\Program Files\Microsoft Visual Studio\18\Enterprise\MSBuild\Current\bin\Roslyn;C:\Program Files (x86)\Microsoft SDKs\Windows\v10.0A\bin\NETFX 4.8.1 Tools\x64\;C:\Program Files (x86)\HTML Help Workshop;C:\Program Files\Microsoft Visual Studio\18\Enterprise\Common7\IDE\CommonExtensions\Microsoft\FSharp\Tools;C:\Program Files\Microsoft Visual Studio\18\Enterprise\Team Tools\DiagnosticsHub\Collector;C:\Program Files\Microsoft Visual Studio\18\Enterprise\Common7\IDE\Extensions\Microsoft\CodeCoverage.Console;C:\Program Files (x86)\Windows Kits\10\bin\10.0.26100.0\\x64;C:\Program Files (x86)\Windows Kits\10\bin\\x64;C:\Program Files\Microsoft Visual Studio\18\Enterprise\\MSBuild\Current\Bin\amd64;C:\Windows\Microsoft.NET\Framework64\v4.0.30319;C:\Program Files\Microsoft Visual Studio\18\Enterprise\Common7\IDE\;C:\Program Files\Microsoft Visual Studio\18\Enterprise\Common7\Tools\;C:\Users\runneradmin\AppData\Roaming\Python\Python312\Scripts;C:\hostedtoolcache\windows\Python\3.12.10\x64\Scripts;C:\hostedtoolcache\windows\Python\3.12.10\x64;C:\Program Files\MongoDB\Server\7.0\bin;C:\vcpkg;C:\tools\zstd;C:\hostedtoolcache\windows\stack\3.11.1\x64;C:\cabal\bin;C:\\ghcup\bin;C:\mingw64\bin;C:\Program Files\dotnet;C:\Program Files\MySQL\MySQL Server 8.0\bin;C:\Program Files\R\R-4.6.1\bin\x64;C:\SeleniumWebDrivers\GeckoDriver;C:\SeleniumWebDrivers\EdgeDriver\;C:\SeleniumWebDrivers\ChromeDriver;C:\Program Files (x86)\sbt\bin;C:\Program Files (x86)\GitHub CLI;C:\Program Files\Git\bin;C:\Program Files (x86)\pipx_bin;C:\npm\prefix;C:\hostedtoolcache\windows\go\1.24.13\x64\bin;C:\hostedtoolcache\windows\Ruby\3.3.12\x64\bin;C:\Program Files\OpenSSL\bin;C:\tools\kotlinc\bin;C:\hostedtoolcache\windows\Java_Temurin-Hotspot_jdk\17.0.20-101\x64\bin;C:\Program Files\ImageMagick-7.1.2-Q16-HDRI;C:\Program Files\Microsoft SDKs\Azure\CLI2\wbin;C:\ProgramData\kind;C:\ProgramData\Chocolatey\bin;C:\Windows\system32;C:\Windows;C:\Windows\System32\Wbem;C:\Windows\System32\WindowsPowerShell\v1.0\;C:\Windows\System32\OpenSSH\;C:\Program Files\PowerShell\7\;C:\Program Files\Microsoft\Web Platform Installer\;C:\Program Files\Microsoft SQL Server\170\Tools\Binn\;C:\Program Files\Microsoft SQL Server\Client SDK\ODBC\170\Tools\Binn\;C:\Program Files\dotnet\;C:\Program Files (x86)\Windows Kits\10\Windows Performance Toolkit\;C:\Program Files (x86)\WiX Toolset v3.14\bin;C:\Program Files\Microsoft SQL Server\130\DTS\Binn\;C:\Program Files\Microsoft SQL Server\140\DTS\Binn\;C:\Program Files\Microsoft SQL Server\150\DTS\Binn\;C:\Program Files\Microsoft SQL Server\160\DTS\Binn\;C:\Program Files\Microsoft SQL Server\170\DTS\Binn\;C:\ProgramData\chocolatey\lib\pulumi\tools\Pulumi\bin;C:\Program Files\CMake\bin;C:\Strawberry\c\bin;C:\Strawberry\perl\site\bin;C:\Strawberry\perl\bin;C:\ProgramData\chocolatey\lib\maven\apache-maven-3.9.16\bin;C:\Program Files\Microsoft Service Fabric\bin\Fabric\Fabric.Code;C:\Program Files\Microsoft SDKs\Service Fabric\Tools\ServiceFabricLocalClusterManager;C:\Program Files\nodejs\;C:\Program Files\Git\cmd;C:\Program Files\Git\mingw64\bin;C:\Program Files\Git\usr\bin;C:\Program Files\GitHub CLI\;c:\tools\php;C:\Program Files\Amazon\AWSCLIV2\;C:\Program Files\Amazon\SessionManagerPlugin\bin\;C:\Program Files\Amazon\AWSSAMCLI\bin\;C:\Program Files\Microsoft SQL Server\130\Tools\Binn\;C:\Program Files\mongosh\;C:\Program Files\LLVM\bin;C:\Program Files (x86)\LLVM\bin;C:\Users\runneradmin\.dotnet\tools;C:\Users\runneradmin\.cargo\bin;C:\Users\runneradmin\AppData\Local\Microsoft\WindowsApps;C:\Program Files (x86)\Microsoft Visual Studio\Installer;C:\Program Files\Microsoft Visual Studio\18\Enterprise\VC\Tools\Llvm\x64\bin;C:\Program Files\Microsoft Visual Studio\18\Enterprise\Common7\IDE\CommonExtensions\Microsoft\CMake\CMake\bin;C:\Program Files\Microsoft Visual Studio\18\Enterprise\Common7\IDE\CommonExtensions\Microsoft\CMake\Ninja;C:\Program Files\Microsoft Visual Studio\18\Enterprise\Common7\IDE\VC\Linux\bin\ConnectionManagerExe;C:\Program Files\Microsoft Visual Studio\18\Enterprise\VC\vcpkg
2026-09-15T21:06:33.0941552Z   Platform: x64
2026-09-15T21:06:33.0941744Z   UCRTVersion: 10.0.26100.0
2026-09-15T21:06:33.0942036Z   UniversalCRTSdkDir: C:\Program Files (x86)\Windows Kits\10\
2026-09-15T21:06:33.0942361Z   use_x64_llvm: true
2026-09-15T21:06:33.0942733Z   VCIDEInstallDir: C:\Program Files\Microsoft Visual Studio\18\Enterprise\Common7\IDE\VC\
2026-09-15T21:06:33.0943249Z   VCINSTALLDIR: C:\Program Files\Microsoft Visual Studio\18\Enterprise\VC\
2026-09-15T21:06:33.0943717Z   VCPKG_ROOT: C:\Program Files\Microsoft Visual Studio\18\Enterprise\VC\vcpkg
2026-09-15T21:06:33.0944276Z   VCToolsInstallDir: C:\Program Files\Microsoft Visual Studio\18\Enterprise\VC\Tools\MSVC\14.44.35207\
2026-09-15T21:06:33.0944931Z   VCToolsRedistDir: C:\Program Files\Microsoft Visual Studio\18\Enterprise\VC\Redist\MSVC\14.51.36231\
2026-09-15T21:06:33.0945382Z   VCToolsVersion: 14.44.35207
2026-09-15T21:06:33.0945612Z   VisualStudioVersion: 18.0
2026-09-15T21:06:33.0945977Z   VS180COMNTOOLS: C:\Program Files\Microsoft Visual Studio\18\Enterprise\Common7\Tools\
2026-09-15T21:06:33.0946384Z   VSCMD_ARG_app_plat: Desktop
2026-09-15T21:06:33.0946602Z   VSCMD_ARG_HOST_ARCH: x64
2026-09-15T21:06:33.0946812Z   VSCMD_ARG_TGT_ARCH: x64
2026-09-15T21:06:33.0947174Z   VSCMD_ARG_VCVARS_VER: 14.44
2026-09-15T21:06:33.0947400Z   VSCMD_VER: 18.9.2
2026-09-15T21:06:33.0947688Z   VSINSTALLDIR: C:\Program Files\Microsoft Visual Studio\18\Enterprise\
2026-09-15T21:06:33.0948155Z   VSSDK150INSTALL: C:\Program Files\Microsoft Visual Studio\18\Enterprise\VSSDK
2026-09-15T21:06:33.0948634Z   VSSDKINSTALL: C:\Program Files\Microsoft Visual Studio\18\Enterprise\VSSDK
2026-09-15T21:06:33.0949704Z   WindowsLibPath: C:\Program Files (x86)\Windows Kits\10\UnionMetadata\10.0.26100.0;C:\Program Files (x86)\Windows Kits\10\References\10.0.26100.0
2026-09-15T21:06:33.0950352Z   WindowsSdkBinPath: C:\Program Files (x86)\Windows Kits\10\bin\
2026-09-15T21:06:33.0950731Z   WindowsSdkDir: C:\Program Files (x86)\Windows Kits\10\
2026-09-15T21:06:33.0951035Z   WindowsSDKLibVersion: 10.0.26100.0\
2026-09-15T21:06:33.0951397Z   WindowsSdkVerBinPath: C:\Program Files (x86)\Windows Kits\10\bin\10.0.26100.0\
2026-09-15T21:06:33.0951774Z   WindowsSDKVersion: 10.0.26100.0\
2026-09-15T21:06:33.0952236Z   WindowsSDK_ExecutablePath_x64: C:\Program Files (x86)\Microsoft SDKs\Windows\v10.0A\bin\NETFX 4.8.1 Tools\x64\
2026-09-15T21:06:33.0952912Z   WindowsSDK_ExecutablePath_x86: C:\Program Files (x86)\Microsoft SDKs\Windows\v10.0A\bin\NETFX 4.8.1 Tools\
2026-09-15T21:06:33.0953369Z   __DOTNET_ADD_64BIT: 1
2026-09-15T21:06:33.0953577Z   __DOTNET_PREFERRED_BITNESS: 64
2026-09-15T21:06:33.0962936Z   __VSCMD_PREINIT_PATH: C:\Users\runneradmin\AppData\Roaming\Python\Python312\Scripts;C:\hostedtoolcache\windows\Python\3.12.10\x64\Scripts;C:\hostedtoolcache\windows\Python\3.12.10\x64;C:\Program Files\MongoDB\Server\7.0\bin;C:\vcpkg;C:\tools\zstd;C:\hostedtoolcache\windows\stack\3.11.1\x64;C:\cabal\bin;C:\\ghcup\bin;C:\mingw64\bin;C:\Program Files\dotnet;C:\Program Files\MySQL\MySQL Server 8.0\bin;C:\Program Files\R\R-4.6.1\bin\x64;C:\SeleniumWebDrivers\GeckoDriver;C:\SeleniumWebDrivers\EdgeDriver\;C:\SeleniumWebDrivers\ChromeDriver;C:\Program Files (x86)\sbt\bin;C:\Program Files (x86)\GitHub CLI;C:\Program Files\Git\bin;C:\Program Files (x86)\pipx_bin;C:\npm\prefix;C:\hostedtoolcache\windows\go\1.24.13\x64\bin;C:\hostedtoolcache\windows\Python\3.12.10\x64\Scripts;C:\hostedtoolcache\windows\Python\3.12.10\x64;C:\hostedtoolcache\windows\Ruby\3.3.12\x64\bin;C:\Program Files\OpenSSL\bin;C:\tools\kotlinc\bin;C:\hostedtoolcache\windows\Java_Temurin-Hotspot_jdk\17.0.20-101\x64\bin;C:\Program Files\ImageMagick-7.1.2-Q16-HDRI;C:\Program Files\Microsoft SDKs\Azure\CLI2\wbin;C:\ProgramData\kind;C:\ProgramData\Chocolatey\bin;C:\Windows\system32;C:\Windows;C:\Windows\System32\Wbem;C:\Windows\System32\WindowsPowerShell\v1.0\;C:\Windows\System32\OpenSSH\;C:\Program Files\PowerShell\7\;C:\Program Files\Microsoft\Web Platform Installer\;C:\Program Files\Microsoft SQL Server\170\Tools\Binn\;C:\Program Files\Microsoft SQL Server\Client SDK\ODBC\170\Tools\Binn\;C:\Program Files\dotnet\;C:\Program Files (x86)\Windows Kits\10\Windows Performance Toolkit\;C:\Program Files (x86)\WiX Toolset v3.14\bin;C:\Program Files\Microsoft SQL Server\130\DTS\Binn\;C:\Program Files\Microsoft SQL Server\140\DTS\Binn\;C:\Program Files\Microsoft SQL Server\150\DTS\Binn\;C:\Program Files\Microsoft SQL Server\160\DTS\Binn\;C:\Program Files\Microsoft SQL Server\170\DTS\Binn\;C:\ProgramData\chocolatey\lib\pulumi\tools\Pulumi\bin;C:\Program Files\CMake\bin;C:\Strawberry\c\bin;C:\Strawberry\perl\site\bin;C:\Strawberry\perl\bin;C:\ProgramData\chocolatey\lib\maven\apache-maven-3.9.16\bin;C:\Program Files\Microsoft Service Fabric\bin\Fabric\Fabric.Code;C:\Program Files\Microsoft SDKs\Service Fabric\Tools\ServiceFabricLocalClusterManager;C:\Program Files\nodejs\;C:\Program Files\Git\cmd;C:\Program Files\Git\mingw64\bin;C:\Program Files\Git\usr\bin;C:\Program Files\GitHub CLI\;c:\tools\php;C:\Program Files (x86)\sbt\bin;C:\Program Files\Amazon\AWSCLIV2\;C:\Program Files\Amazon\SessionManagerPlugin\bin\;C:\Program Files\Amazon\AWSSAMCLI\bin\;C:\Program Files\Microsoft SQL Server\130\Tools\Binn\;C:\Program Files\mongosh\;C:\Program Files\LLVM\bin;C:\Program Files (x86)\LLVM\bin;C:\Users\runneradmin\.dotnet\tools;C:\Users\runneradmin\.cargo\bin;C:\Users\runneradmin\AppData\Local\Microsoft\WindowsApps;C:\Program Files (x86)\Microsoft Visual Studio\Installer
2026-09-15T21:06:33.0972470Z ##[endgroup]
2026-09-15T21:06:33.2791430Z Multiple search paths detected. Calculating the least common ancestor of all paths
2026-09-15T21:06:33.2795177Z The least common ancestor is D:\a\_temp. This will be the root directory of the artifact
2026-09-15T21:06:33.2796041Z With the provided path, there will be 16 files uploaded
2026-09-15T21:06:33.2803155Z Artifact name is valid!
2026-09-15T21:06:33.2804749Z Root directory input is valid!
2026-09-15T21:06:33.6517873Z Uploading artifact: core-qa-windows-x64-aade0fd0fe8ae97f5130383165bcf1b835145903.zip
2026-09-15T21:06:33.6565348Z Beginning upload of artifact content to blob storage
2026-09-15T21:06:34.0887887Z Uploaded bytes 42026
2026-09-15T21:06:34.1686653Z Finished uploading artifact content to blob storage!
2026-09-15T21:06:34.1688234Z SHA256 digest of uploaded artifact is 1a6c9c6b9ae1aebc0ef466dc8cdf4a201165973a8bdea8fe940650986f65055d
2026-09-15T21:06:34.1689185Z Finalizing artifact upload
2026-09-15T21:06:34.5956498Z Artifact core-qa-windows-x64-aade0fd0fe8ae97f5130383165bcf1b835145903 successfully finalized. Artifact ID 10418507779
2026-09-15T21:06:34.5957906Z Artifact core-qa-windows-x64-aade0fd0fe8ae97f5130383165bcf1b835145903 has been successfully uploaded! Final size is 42026 bytes. Artifact ID is 10418507779
2026-09-15T21:06:34.5965049Z Artifact download URL: https://github.com/adesutherland/CREXX/actions/runs/35022668868/artifacts/10418507779
2026-09-15T21:06:34.6264956Z ##[group]Run actions/upload-artifact@v7
2026-09-15T21:06:34.6265303Z with:
2026-09-15T21:06:34.6265597Z   name: core-windows-x64-aade0fd0fe8ae97f5130383165bcf1b835145903
2026-09-15T21:06:34.6265987Z   path: D:\a\_temp/core-package/assets/*.zip
2026-09-15T21:06:34.6266278Z   if-no-files-found: error
2026-09-15T21:06:34.6266522Z   retention-days: 14
2026-09-15T21:06:34.6266732Z   compression-level: 6
2026-09-15T21:06:34.6266937Z   overwrite: false
2026-09-15T21:06:34.6267145Z   include-hidden-files: false
2026-09-15T21:06:34.6267365Z   archive: true
2026-09-15T21:06:34.6267538Z env:
2026-09-15T21:06:34.6267787Z   pythonLocation: C:\hostedtoolcache\windows\Python\3.12.10\x64
2026-09-15T21:06:34.6268259Z   PKG_CONFIG_PATH: C:\hostedtoolcache\windows\Python\3.12.10\x64/lib/pkgconfig
2026-09-15T21:06:34.6268729Z   Python_ROOT_DIR: C:\hostedtoolcache\windows\Python\3.12.10\x64
2026-09-15T21:06:34.6269129Z   Python2_ROOT_DIR: C:\hostedtoolcache\windows\Python\3.12.10\x64
2026-09-15T21:06:34.6269556Z   Python3_ROOT_DIR: C:\hostedtoolcache\windows\Python\3.12.10\x64
2026-09-15T21:06:34.6269894Z   CommandPromptType: Native
2026-09-15T21:06:34.6270253Z   DevEnvDir: C:\Program Files\Microsoft Visual Studio\18\Enterprise\Common7\IDE\
2026-09-15T21:06:34.6270789Z   ExtensionSdkDir: C:\Program Files (x86)\Microsoft SDKs\Windows Kits\10\ExtensionSDKs
2026-09-15T21:06:34.6272848Z   EXTERNAL_INCLUDE: C:\Program Files\Microsoft Visual Studio\18\Enterprise\VC\Tools\MSVC\14.44.35207\include;C:\Program Files\Microsoft Visual Studio\18\Enterprise\VC\Auxiliary\VS\include;C:\Program Files (x86)\Windows Kits\10\include\10.0.26100.0\ucrt;C:\Program Files (x86)\Windows Kits\10\\include\10.0.26100.0\\um;C:\Program Files (x86)\Windows Kits\10\\include\10.0.26100.0\\shared;C:\Program Files (x86)\Windows Kits\10\\include\10.0.26100.0\\winrt;C:\Program Files (x86)\Windows Kits\10\\include\10.0.26100.0\\cppwinrt;C:\Program Files (x86)\Windows Kits\NETFXSDK\4.8.1\include\um
2026-09-15T21:06:34.6274767Z   Framework40Version: v4.0
2026-09-15T21:06:34.6275035Z   FrameworkDir: C:\Windows\Microsoft.NET\Framework64\
2026-09-15T21:06:34.6275375Z   FrameworkDir64: C:\Windows\Microsoft.NET\Framework64\
2026-09-15T21:06:34.6275677Z   FrameworkVersion: v4.0.30319
2026-09-15T21:06:34.6275913Z   FrameworkVersion64: v4.0.30319
2026-09-15T21:06:34.6276646Z   FSHARPINSTALLDIR: C:\Program Files\Microsoft Visual Studio\18\Enterprise\Common7\IDE\CommonExtensions\Microsoft\FSharp\Tools
2026-09-15T21:06:34.6277238Z   HTMLHelpDir: C:\Program Files (x86)\HTML Help Workshop
2026-09-15T21:06:34.6279139Z   INCLUDE: C:\Program Files\Microsoft Visual Studio\18\Enterprise\VC\Tools\MSVC\14.44.35207\include;C:\Program Files\Microsoft Visual Studio\18\Enterprise\VC\Auxiliary\VS\include;C:\Program Files (x86)\Windows Kits\10\include\10.0.26100.0\ucrt;C:\Program Files (x86)\Windows Kits\10\\include\10.0.26100.0\\um;C:\Program Files (x86)\Windows Kits\10\\include\10.0.26100.0\\shared;C:\Program Files (x86)\Windows Kits\10\\include\10.0.26100.0\\winrt;C:\Program Files (x86)\Windows Kits\10\\include\10.0.26100.0\\cppwinrt;C:\Program Files (x86)\Windows Kits\NETFXSDK\4.8.1\include\um
2026-09-15T21:06:34.6281721Z   LIB: C:\Program Files\Microsoft Visual Studio\18\Enterprise\VC\Tools\MSVC\14.44.35207\lib\x64;C:\Program Files (x86)\Windows Kits\NETFXSDK\4.8.1\lib\um\x64;C:\Program Files (x86)\Windows Kits\10\lib\10.0.26100.0\ucrt\x64;C:\Program Files (x86)\Windows Kits\10\\lib\10.0.26100.0\\um\x64
2026-09-15T21:06:34.6284179Z   LIBPATH: C:\Program Files\Microsoft Visual Studio\18\Enterprise\VC\Tools\MSVC\14.44.35207\lib\x64;C:\Program Files\Microsoft Visual Studio\18\Enterprise\VC\Tools\MSVC\14.44.35207\lib\x86\store\references;C:\Program Files (x86)\Windows Kits\10\UnionMetadata\10.0.26100.0;C:\Program Files (x86)\Windows Kits\10\References\10.0.26100.0;C:\Windows\Microsoft.NET\Framework64\v4.0.30319
2026-09-15T21:06:34.6285687Z   llvmArm64: C:\Program Files\Microsoft Visual Studio\18\Enterprise\VC\Tools\Llvm\ARM64\bin
2026-09-15T21:06:34.6288181Z   llvmX64: C:\Program Files\Microsoft Visual Studio\18\Enterprise\VC\Tools\Llvm\x64\bin
2026-09-15T21:06:34.6288772Z   NETFXSDKDir: C:\Program Files (x86)\Windows Kits\NETFXSDK\4.8.1\
2026-09-15T21:06:34.6304675Z   Path: C:\Program Files\Microsoft Visual Studio\18\Enterprise\VC\Tools\MSVC\14.44.35207\bin\HostX64\x64;C:\Program Files\Microsoft Visual Studio\18\Enterprise\Common7\IDE\VC\VCPackages;C:\Program Files\Microsoft Visual Studio\18\Enterprise\Common7\IDE\CommonExtensions\Microsoft\TestWindow;C:\Program Files\Microsoft Visual Studio\18\Enterprise\Common7\IDE\CommonExtensions\Microsoft\TeamFoundation\Team Explorer;C:\Program Files\Microsoft Visual Studio\18\Enterprise\MSBuild\Current\bin\Roslyn;C:\Program Files (x86)\Microsoft SDKs\Windows\v10.0A\bin\NETFX 4.8.1 Tools\x64\;C:\Program Files (x86)\HTML Help Workshop;C:\Program Files\Microsoft Visual Studio\18\Enterprise\Common7\IDE\CommonExtensions\Microsoft\FSharp\Tools;C:\Program Files\Microsoft Visual Studio\18\Enterprise\Team Tools\DiagnosticsHub\Collector;C:\Program Files\Microsoft Visual Studio\18\Enterprise\Common7\IDE\Extensions\Microsoft\CodeCoverage.Console;C:\Program Files (x86)\Windows Kits\10\bin\10.0.26100.0\\x64;C:\Program Files (x86)\Windows Kits\10\bin\\x64;C:\Program Files\Microsoft Visual Studio\18\Enterprise\\MSBuild\Current\Bin\amd64;C:\Windows\Microsoft.NET\Framework64\v4.0.30319;C:\Program Files\Microsoft Visual Studio\18\Enterprise\Common7\IDE\;C:\Program Files\Microsoft Visual Studio\18\Enterprise\Common7\Tools\;C:\Users\runneradmin\AppData\Roaming\Python\Python312\Scripts;C:\hostedtoolcache\windows\Python\3.12.10\x64\Scripts;C:\hostedtoolcache\windows\Python\3.12.10\x64;C:\Program Files\MongoDB\Server\7.0\bin;C:\vcpkg;C:\tools\zstd;C:\hostedtoolcache\windows\stack\3.11.1\x64;C:\cabal\bin;C:\\ghcup\bin;C:\mingw64\bin;C:\Program Files\dotnet;C:\Program Files\MySQL\MySQL Server 8.0\bin;C:\Program Files\R\R-4.6.1\bin\x64;C:\SeleniumWebDrivers\GeckoDriver;C:\SeleniumWebDrivers\EdgeDriver\;C:\SeleniumWebDrivers\ChromeDriver;C:\Program Files (x86)\sbt\bin;C:\Program Files (x86)\GitHub CLI;C:\Program Files\Git\bin;C:\Program Files (x86)\pipx_bin;C:\npm\prefix;C:\hostedtoolcache\windows\go\1.24.13\x64\bin;C:\hostedtoolcache\windows\Ruby\3.3.12\x64\bin;C:\Program Files\OpenSSL\bin;C:\tools\kotlinc\bin;C:\hostedtoolcache\windows\Java_Temurin-Hotspot_jdk\17.0.20-101\x64\bin;C:\Program Files\ImageMagick-7.1.2-Q16-HDRI;C:\Program Files\Microsoft SDKs\Azure\CLI2\wbin;C:\ProgramData\kind;C:\ProgramData\Chocolatey\bin;C:\Windows\system32;C:\Windows;C:\Windows\System32\Wbem;C:\Windows\System32\WindowsPowerShell\v1.0\;C:\Windows\System32\OpenSSH\;C:\Program Files\PowerShell\7\;C:\Program Files\Microsoft\Web Platform Installer\;C:\Program Files\Microsoft SQL Server\170\Tools\Binn\;C:\Program Files\Microsoft SQL Server\Client SDK\ODBC\170\Tools\Binn\;C:\Program Files\dotnet\;C:\Program Files (x86)\Windows Kits\10\Windows Performance Toolkit\;C:\Program Files (x86)\WiX Toolset v3.14\bin;C:\Program Files\Microsoft SQL Server\130\DTS\Binn\;C:\Program Files\Microsoft SQL Server\140\DTS\Binn\;C:\Program Files\Microsoft SQL Server\150\DTS\Binn\;C:\Program Files\Microsoft SQL Server\160\DTS\Binn\;C:\Program Files\Microsoft SQL Server\170\DTS\Binn\;C:\ProgramData\chocolatey\lib\pulumi\tools\Pulumi\bin;C:\Program Files\CMake\bin;C:\Strawberry\c\bin;C:\Strawberry\perl\site\bin;C:\Strawberry\perl\bin;C:\ProgramData\chocolatey\lib\maven\apache-maven-3.9.16\bin;C:\Program Files\Microsoft Service Fabric\bin\Fabric\Fabric.Code;C:\Program Files\Microsoft SDKs\Service Fabric\Tools\ServiceFabricLocalClusterManager;C:\Program Files\nodejs\;C:\Program Files\Git\cmd;C:\Program Files\Git\mingw64\bin;C:\Program Files\Git\usr\bin;C:\Program Files\GitHub CLI\;c:\tools\php;C:\Program Files\Amazon\AWSCLIV2\;C:\Program Files\Amazon\SessionManagerPlugin\bin\;C:\Program Files\Amazon\AWSSAMCLI\bin\;C:\Program Files\Microsoft SQL Server\130\Tools\Binn\;C:\Program Files\mongosh\;C:\Program Files\LLVM\bin;C:\Program Files (x86)\LLVM\bin;C:\Users\runneradmin\.dotnet\tools;C:\Users\runneradmin\.cargo\bin;C:\Users\runneradmin\AppData\Local\Microsoft\WindowsApps;C:\Program Files (x86)\Microsoft Visual Studio\Installer;C:\Program Files\Microsoft Visual Studio\18\Enterprise\VC\Tools\Llvm\x64\bin;C:\Program Files\Microsoft Visual Studio\18\Enterprise\Common7\IDE\CommonExtensions\Microsoft\CMake\CMake\bin;C:\Program Files\Microsoft Visual Studio\18\Enterprise\Common7\IDE\CommonExtensions\Microsoft\CMake\Ninja;C:\Program Files\Microsoft Visual Studio\18\Enterprise\Common7\IDE\VC\Linux\bin\ConnectionManagerExe;C:\Program Files\Microsoft Visual Studio\18\Enterprise\VC\vcpkg
2026-09-15T21:06:34.6319671Z   Platform: x64
2026-09-15T21:06:34.6319870Z   UCRTVersion: 10.0.26100.0
2026-09-15T21:06:34.6320168Z   UniversalCRTSdkDir: C:\Program Files (x86)\Windows Kits\10\
2026-09-15T21:06:34.6320491Z   use_x64_llvm: true
2026-09-15T21:06:34.6320849Z   VCIDEInstallDir: C:\Program Files\Microsoft Visual Studio\18\Enterprise\Common7\IDE\VC\
2026-09-15T21:06:34.6321743Z   VCINSTALLDIR: C:\Program Files\Microsoft Visual Studio\18\Enterprise\VC\
2026-09-15T21:06:34.6322224Z   VCPKG_ROOT: C:\Program Files\Microsoft Visual Studio\18\Enterprise\VC\vcpkg
2026-09-15T21:06:34.6322791Z   VCToolsInstallDir: C:\Program Files\Microsoft Visual Studio\18\Enterprise\VC\Tools\MSVC\14.44.35207\
2026-09-15T21:06:34.6323456Z   VCToolsRedistDir: C:\Program Files\Microsoft Visual Studio\18\Enterprise\VC\Redist\MSVC\14.51.36231\
2026-09-15T21:06:34.6323926Z   VCToolsVersion: 14.44.35207
2026-09-15T21:06:34.6324161Z   VisualStudioVersion: 18.0
2026-09-15T21:06:34.6324530Z   VS180COMNTOOLS: C:\Program Files\Microsoft Visual Studio\18\Enterprise\Common7\Tools\
2026-09-15T21:06:34.6324950Z   VSCMD_ARG_app_plat: Desktop
2026-09-15T21:06:34.6325176Z   VSCMD_ARG_HOST_ARCH: x64
2026-09-15T21:06:34.6325389Z   VSCMD_ARG_TGT_ARCH: x64
2026-09-15T21:06:34.6325600Z   VSCMD_ARG_VCVARS_VER: 14.44
2026-09-15T21:06:34.6325820Z   VSCMD_VER: 18.9.2
2026-09-15T21:06:34.6326115Z   VSINSTALLDIR: C:\Program Files\Microsoft Visual Studio\18\Enterprise\
2026-09-15T21:06:34.6326597Z   VSSDK150INSTALL: C:\Program Files\Microsoft Visual Studio\18\Enterprise\VSSDK
2026-09-15T21:06:34.6327085Z   VSSDKINSTALL: C:\Program Files\Microsoft Visual Studio\18\Enterprise\VSSDK
2026-09-15T21:06:34.6327784Z   WindowsLibPath: C:\Program Files (x86)\Windows Kits\10\UnionMetadata\10.0.26100.0;C:\Program Files (x86)\Windows Kits\10\References\10.0.26100.0
2026-09-15T21:06:34.6328559Z   WindowsSdkBinPath: C:\Program Files (x86)\Windows Kits\10\bin\
2026-09-15T21:06:34.6328943Z   WindowsSdkDir: C:\Program Files (x86)\Windows Kits\10\
2026-09-15T21:06:34.6329263Z   WindowsSDKLibVersion: 10.0.26100.0\
2026-09-15T21:06:34.6329634Z   WindowsSdkVerBinPath: C:\Program Files (x86)\Windows Kits\10\bin\10.0.26100.0\
2026-09-15T21:06:34.6330023Z   WindowsSDKVersion: 10.0.26100.0\
2026-09-15T21:06:34.6330479Z   WindowsSDK_ExecutablePath_x64: C:\Program Files (x86)\Microsoft SDKs\Windows\v10.0A\bin\NETFX 4.8.1 Tools\x64\
2026-09-15T21:06:34.6331171Z   WindowsSDK_ExecutablePath_x86: C:\Program Files (x86)\Microsoft SDKs\Windows\v10.0A\bin\NETFX 4.8.1 Tools\
2026-09-15T21:06:34.6331635Z   __DOTNET_ADD_64BIT: 1
2026-09-15T21:06:34.6331849Z   __DOTNET_PREFERRED_BITNESS: 64
2026-09-15T21:06:34.6341543Z   __VSCMD_PREINIT_PATH: C:\Users\runneradmin\AppData\Roaming\Python\Python312\Scripts;C:\hostedtoolcache\windows\Python\3.12.10\x64\Scripts;C:\hostedtoolcache\windows\Python\3.12.10\x64;C:\Program Files\MongoDB\Server\7.0\bin;C:\vcpkg;C:\tools\zstd;C:\hostedtoolcache\windows\stack\3.11.1\x64;C:\cabal\bin;C:\\ghcup\bin;C:\mingw64\bin;C:\Program Files\dotnet;C:\Program Files\MySQL\MySQL Server 8.0\bin;C:\Program Files\R\R-4.6.1\bin\x64;C:\SeleniumWebDrivers\GeckoDriver;C:\SeleniumWebDrivers\EdgeDriver\;C:\SeleniumWebDrivers\ChromeDriver;C:\Program Files (x86)\sbt\bin;C:\Program Files (x86)\GitHub CLI;C:\Program Files\Git\bin;C:\Program Files (x86)\pipx_bin;C:\npm\prefix;C:\hostedtoolcache\windows\go\1.24.13\x64\bin;C:\hostedtoolcache\windows\Python\3.12.10\x64\Scripts;C:\hostedtoolcache\windows\Python\3.12.10\x64;C:\hostedtoolcache\windows\Ruby\3.3.12\x64\bin;C:\Program Files\OpenSSL\bin;C:\tools\kotlinc\bin;C:\hostedtoolcache\windows\Java_Temurin-Hotspot_jdk\17.0.20-101\x64\bin;C:\Program Files\ImageMagick-7.1.2-Q16-HDRI;C:\Program Files\Microsoft SDKs\Azure\CLI2\wbin;C:\ProgramData\kind;C:\ProgramData\Chocolatey\bin;C:\Windows\system32;C:\Windows;C:\Windows\System32\Wbem;C:\Windows\System32\WindowsPowerShell\v1.0\;C:\Windows\System32\OpenSSH\;C:\Program Files\PowerShell\7\;C:\Program Files\Microsoft\Web Platform Installer\;C:\Program Files\Microsoft SQL Server\170\Tools\Binn\;C:\Program Files\Microsoft SQL Server\Client SDK\ODBC\170\Tools\Binn\;C:\Program Files\dotnet\;C:\Program Files (x86)\Windows Kits\10\Windows Performance Toolkit\;C:\Program Files (x86)\WiX Toolset v3.14\bin;C:\Program Files\Microsoft SQL Server\130\DTS\Binn\;C:\Program Files\Microsoft SQL Server\140\DTS\Binn\;C:\Program Files\Microsoft SQL Server\150\DTS\Binn\;C:\Program Files\Microsoft SQL Server\160\DTS\Binn\;C:\Program Files\Microsoft SQL Server\170\DTS\Binn\;C:\ProgramData\chocolatey\lib\pulumi\tools\Pulumi\bin;C:\Program Files\CMake\bin;C:\Strawberry\c\bin;C:\Strawberry\perl\site\bin;C:\Strawberry\perl\bin;C:\ProgramData\chocolatey\lib\maven\apache-maven-3.9.16\bin;C:\Program Files\Microsoft Service Fabric\bin\Fabric\Fabric.Code;C:\Program Files\Microsoft SDKs\Service Fabric\Tools\ServiceFabricLocalClusterManager;C:\Program Files\nodejs\;C:\Program Files\Git\cmd;C:\Program Files\Git\mingw64\bin;C:\Program Files\Git\usr\bin;C:\Program Files\GitHub CLI\;c:\tools\php;C:\Program Files (x86)\sbt\bin;C:\Program Files\Amazon\AWSCLIV2\;C:\Program Files\Amazon\SessionManagerPlugin\bin\;C:\Program Files\Amazon\AWSSAMCLI\bin\;C:\Program Files\Microsoft SQL Server\130\Tools\Binn\;C:\Program Files\mongosh\;C:\Program Files\LLVM\bin;C:\Program Files (x86)\LLVM\bin;C:\Users\runneradmin\.dotnet\tools;C:\Users\runneradmin\.cargo\bin;C:\Users\runneradmin\AppData\Local\Microsoft\WindowsApps;C:\Program Files (x86)\Microsoft Visual Studio\Installer
2026-09-15T21:06:34.6351057Z ##[endgroup]
2026-09-15T21:06:34.8124857Z With the provided path, there will be 1 file uploaded
2026-09-15T21:06:34.8130546Z Artifact name is valid!
2026-09-15T21:06:34.8131885Z Root directory input is valid!
2026-09-15T21:06:35.1941152Z Uploading artifact: core-windows-x64-aade0fd0fe8ae97f5130383165bcf1b835145903.zip
2026-09-15T21:06:35.1989985Z Beginning upload of artifact content to blob storage
2026-09-15T21:06:36.9192262Z Uploaded bytes 8388608
2026-09-15T21:06:37.3109919Z Uploaded bytes 16777216
2026-09-15T21:06:37.5424004Z Uploaded bytes 20853918
2026-09-15T21:06:37.6235289Z Finished uploading artifact content to blob storage!
2026-09-15T21:06:37.6239412Z SHA256 digest of uploaded artifact is d1fdefd08aa4b375e27bcb74436ef8f963260cd434ca27be162cd46314ad95f9
2026-09-15T21:06:37.6242007Z Finalizing artifact upload
2026-09-15T21:06:38.0133522Z Artifact core-windows-x64-aade0fd0fe8ae97f5130383165bcf1b835145903 successfully finalized. Artifact ID 10419005626
2026-09-15T21:06:38.0134796Z Artifact core-windows-x64-aade0fd0fe8ae97f5130383165bcf1b835145903 has been successfully uploaded! Final size is 20853918 bytes. Artifact ID is 10419005626
2026-09-15T21:06:38.0145963Z Artifact download URL: https://github.com/adesutherland/CREXX/actions/runs/35022668868/artifacts/10419005626
2026-09-15T21:06:38.0533588Z Post job cleanup.
2026-09-15T21:06:38.2508559Z Post job cleanup.
2026-09-15T21:06:38.4854757Z [command]"C:\Program Files\Git\bin\git.exe" version
2026-09-15T21:06:38.5151930Z git version 2.55.0.windows.5
2026-09-15T21:06:38.5221506Z Temporarily overriding HOME='D:\a\_temp\3f2ba801-9f04-4b23-b250-9b53c6e1eacd' before making global git config changes
2026-09-15T21:06:38.5222809Z Adding repository directory to the temporary git global config as a safe directory
2026-09-15T21:06:38.5234864Z [command]"C:\Program Files\Git\bin\git.exe" config --global --add safe.directory D:\a\CREXX\CREXX
2026-09-15T21:06:38.5575584Z [command]"C:\Program Files\Git\bin\git.exe" config --local --name-only --get-regexp core\.sshCommand
2026-09-15T21:06:38.5902324Z [command]"C:\Program Files\Git\bin\git.exe" submodule foreach --recursive "sh -c \"git config --local --name-only --get-regexp 'core\.sshCommand' && git config --local --unset-all 'core.sshCommand' || :\""
2026-09-15T21:06:39.1419719Z [command]"C:\Program Files\Git\bin\git.exe" config --local --name-only --get-regexp http\.https\:\/\/github\.com\/\.extraheader
2026-09-15T21:06:39.1687263Z http.https://github.com/.extraheader
2026-09-15T21:06:39.1732855Z [command]"C:\Program Files\Git\bin\git.exe" config --local --unset-all http.https://github.com/.extraheader
2026-09-15T21:06:39.2053110Z [command]"C:\Program Files\Git\bin\git.exe" submodule foreach --recursive "sh -c \"git config --local --name-only --get-regexp 'http\.https\:\/\/github\.com\/\.extraheader' && git config --local --unset-all 'http.https://github.com/.extraheader' || :\""
2026-09-15T21:06:39.7400215Z [command]"C:\Program Files\Git\bin\git.exe" config --local --name-only --get-regexp ^includeIf\.gitdir:
2026-09-15T21:06:39.7709248Z [command]"C:\Program Files\Git\bin\git.exe" submodule foreach --recursive "git config --local --show-origin --name-only --get-regexp remote.origin.url"
2026-09-15T21:06:40.3362412Z Cleaning up orphan processes
2026-09-15T21:06:40.3690463Z Terminate orphan process: pid (4056) (vctip)
2026-09-15T21:06:40.3784225Z Terminate orphan process: pid (5512) (mspdbsrv)
2026-09-15T21:06:40.4212967Z ##[warning]Node.js 20 is deprecated. The following actions target Node.js 20 but are being forced to run on Node.js 24: ilammy/msvc-dev-cmd@v1. For more information see: https://github.blog/changelog/2025-09-19-deprecation-of-node-20-on-github-actions-runners/
