load_backend: loaded CPU backend from /Users/adrian/CLionProjects/CREXX/cmake-build-llama-controls/bin/libggml-cpu.so
ggml_metal_device_init: testing tensor API for f16 support
ggml_metal_library_compile_pipeline: compiling pipeline: base = 'dummy_kernel', name = 'dummy_kernel'
ggml_metal_library_compile_pipeline: loaded dummy_kernel                                  0x10374bc60 | th_max = 1024 | th_width =   32
ggml_metal_device_init: testing tensor API for bfloat support
ggml_metal_library_compile_pipeline: compiling pipeline: base = 'dummy_kernel', name = 'dummy_kernel'
ggml_metal_library_compile_pipeline: loaded dummy_kernel                                  0x10374ba60 | th_max = 1024 | th_width =   32
ggml_metal_library_init: using embedded metal library
ggml_metal_library_compile_all: compiled 'fa' library in 0.010 sec
ggml_metal_library_compile_all: compiled 'mul_mv' library in 0.003 sec
ggml_metal_library_compile_all: compiled 'mul_mm' library in 0.001 sec
ggml_metal_library_compile_all: compiled 'quantize' library in 0.002 sec
ggml_metal_library_compile_all: compiled 'softmax' library in 0.000 sec
ggml_metal_library_compile_all: compiled 'norm' library in 0.000 sec
ggml_metal_library_compile_all: compiled 'unary' library in 0.000 sec
ggml_metal_library_compile_all: compiled 'binbcast' library in 0.000 sec
ggml_metal_library_compile_all: compiled 'reduce' library in 0.001 sec
ggml_metal_library_compile_all: compiled 'tri' library in 0.002 sec
ggml_metal_library_compile_all: compiled 'ssm' library in 0.003 sec
ggml_metal_library_compile_all: compiled 'wkv' library in 0.002 sec
ggml_metal_library_compile_all: compiled 'gated_delta_net' library in 0.001 sec
ggml_metal_library_compile_all: compiled 'solve_tri' library in 0.010 sec
ggml_metal_library_compile_all: compiled 'rope' library in 0.010 sec
ggml_metal_library_compile_all: compiled 'conv' library in 0.010 sec
ggml_metal_library_compile_all: compiled 'upscale' library in 0.010 sec
ggml_metal_library_compile_all: compiled 'argsort' library in 0.002 sec
ggml_metal_library_compile_all: compiled 'pool' library in 0.002 sec
ggml_metal_library_compile_all: compiled 'misc' library in 0.002 sec
ggml_metal_library_compile_all: loaded 20 libraries from embedded data in 0.010 sec (max single = 0.010 sec)
ggml_metal_rsets_init: creating a residency set collection (keep_alive = 180 s)
ggml_metal_device_init: GPU name:   MTL0 (Apple M5)
ggml_metal_device_init: GPU family: MTLGPUFamilyApple10  (1010)
ggml_metal_device_init: GPU family: MTLGPUFamilyCommon3 (3003)
ggml_metal_device_init: GPU family: MTLGPUFamilyMetal4  (5002)
ggml_metal_device_init: simdgroup reduction   = true
ggml_metal_device_init: simdgroup matrix mul. = true
ggml_metal_device_init: has unified memory    = true
ggml_metal_device_init: has bfloat            = true
ggml_metal_device_init: has tensor            = true
ggml_metal_device_init: use residency sets    = true
ggml_metal_device_init: use shared buffers    = true
ggml_metal_device_init: recommendedMaxWorkingSetSize  = 19069.67 MB
load_backend: loaded MTL backend from /Users/adrian/CLionProjects/CREXX/cmake-build-llama-controls/bin/libggml-metal.so
llama_model_loader: loaded meta data with 23 key-value pairs and 197 tensors from /Users/adrian/Library/Caches/crexx/native-inference/bge-small-en-v1.5-f16.gguf (version GGUF V3 (latest))
llama_model_loader: Dumping metadata keys/values. Note: KV overrides do not apply in this output.
llama_model_loader: - kv   0:                       general.architecture str              = bert
llama_model_loader: - kv   1:                               general.name str              = bge-small-en-v1.5
llama_model_loader: - kv   2:                           bert.block_count u32              = 12
llama_model_loader: - kv   3:                        bert.context_length u32              = 512
llama_model_loader: - kv   4:                      bert.embedding_length u32              = 384
llama_model_loader: - kv   5:                   bert.feed_forward_length u32              = 1536
llama_model_loader: - kv   6:                  bert.attention.head_count u32              = 12
llama_model_loader: - kv   7:          bert.attention.layer_norm_epsilon f32              = 0.000000
llama_model_loader: - kv   8:                          general.file_type u32              = 1
llama_model_loader: - kv   9:                      bert.attention.causal bool             = false
llama_model_loader: - kv  10:                          bert.pooling_type u32              = 2
llama_model_loader: - kv  11:            tokenizer.ggml.token_type_count u32              = 2
llama_model_loader: - kv  12:                tokenizer.ggml.bos_token_id u32              = 101
llama_model_loader: - kv  13:                tokenizer.ggml.eos_token_id u32              = 102
llama_model_loader: - kv  14:                       tokenizer.ggml.model str              = bert
llama_model_loader: - kv  15:                      tokenizer.ggml.tokens arr[str,30522]   = ["[PAD]", "[unused0]", "[unused1]", "...
llama_model_loader: - kv  16:                      tokenizer.ggml.scores arr[f32,30522]   = [-1000.000000, -1000.000000, -1000.00...
llama_model_loader: - kv  17:                  tokenizer.ggml.token_type arr[i32,30522]   = [3, 1, 1, 1, 1, 1, 1, 1, 1, 1, 1, 1, ...
llama_model_loader: - kv  18:            tokenizer.ggml.unknown_token_id u32              = 100
llama_model_loader: - kv  19:          tokenizer.ggml.seperator_token_id u32              = 102
llama_model_loader: - kv  20:            tokenizer.ggml.padding_token_id u32              = 0
llama_model_loader: - kv  21:                tokenizer.ggml.cls_token_id u32              = 101
llama_model_loader: - kv  22:               tokenizer.ggml.mask_token_id u32              = 103
llama_model_loader: - type  f32:  123 tensors
llama_model_loader: - type  f16:   74 tensors
print_info: file format = GGUF V3 (latest)
print_info: file type   = F16
print_info: file size   = 63.46 MiB (16.03 BPW) 
llama_prepare_model_devices: using device MTL0 (Apple M5) (unknown id) - 18185 MiB free
init_tokenizer: initializing tokenizer for type 3
load: 0 unused tokens
load: control token:    100 '[UNK]' is not marked as EOG
load: control token:    101 '[CLS]' is not marked as EOG
load: control token:    102 '[SEP]' is not marked as EOG
load: control token:    103 '[MASK]' is not marked as EOG
load: special_eos_id is not in special_eog_ids - the tokenizer config may be incorrect
load: printing all EOG tokens:
load:   - 0 ('[PAD]')
load:   - 102 ('[SEP]')
load: special tokens cache size = 5
load: token to piece cache size = 0.2032 MB
print_info: arch                  = bert
print_info: vocab_only            = 0
print_info: no_alloc              = 0
print_info: n_ctx_train           = 512
print_info: n_embd_inp            = 384
print_info: n_embd                = 384
print_info: n_embd_out            = 384
print_info: n_layer               = 12
print_info: n_layer_all           = 12
print_info: n_head                = 12
print_info: n_head_kv             = 12
print_info: n_rot                 = 32
print_info: n_swa                 = 0
print_info: is_swa_any            = 0
print_info: non_causal_type       = 0
print_info: n_embd_head_k         = 32
print_info: n_embd_head_v         = 32
print_info: n_gqa                 = 1
print_info: n_embd_k_gqa          = 384
print_info: n_embd_v_gqa          = 384
print_info: f_norm_eps            = 1.0e-12
print_info: f_norm_rms_eps        = 0.0e+00
print_info: f_clamp_kqv           = 0.0e+00
print_info: f_max_alibi_bias      = 0.0e+00
print_info: f_logit_scale         = 0.0e+00
print_info: f_attn_scale          = 0.0e+00
print_info: f_attn_value_scale    = 0.0000
print_info: n_ff                  = 1536
print_info: n_expert              = 0
print_info: n_expert_used         = 0
print_info: n_expert_groups       = 0
print_info: n_group_used          = 0
print_info: causal attn           = 0
print_info: pooling type          = 2
print_info: rope type             = 2
print_info: rope scaling          = linear
print_info: freq_base_train       = 10000.0
print_info: freq_scale_train      = 1
print_info: n_ctx_orig_yarn       = 512
print_info: rope_yarn_log_mul     = 0.0000
print_info: rope_finetuned        = unknown
print_info: model type            = 33M
print_info: model params          = 33.21 M
print_info: general.name          = bge-small-en-v1.5
print_info: vocab type            = WPM
print_info: n_vocab               = 30522
print_info: n_merges              = 0
print_info: BOS token             = 101 '[CLS]'
print_info: EOS token             = 102 '[SEP]'
print_info: UNK token             = 100 '[UNK]'
print_info: SEP token             = 102 '[SEP]'
print_info: PAD token             = 0 '[PAD]'
print_info: MASK token            = 103 '[MASK]'
print_info: LF token              = 0 '[PAD]'
print_info: FIM PAD token         = 0 '[PAD]'
print_info: EOG token             = 0 '[PAD]'
print_info: EOG token             = 102 '[SEP]'
print_info: max token length      = 21
load_tensors: loading model tensors, this can take a while... (load_mode = mmap)
load_tensors: layer   0 assigned to device MTL0, is_swa = 0
load_tensors: layer   1 assigned to device MTL0, is_swa = 0
load_tensors: layer   2 assigned to device MTL0, is_swa = 0
load_tensors: layer   3 assigned to device MTL0, is_swa = 0
load_tensors: layer   4 assigned to device MTL0, is_swa = 0
load_tensors: layer   5 assigned to device MTL0, is_swa = 0
load_tensors: layer   6 assigned to device MTL0, is_swa = 0
load_tensors: layer   7 assigned to device MTL0, is_swa = 0
load_tensors: layer   8 assigned to device MTL0, is_swa = 0
load_tensors: layer   9 assigned to device MTL0, is_swa = 0
load_tensors: layer  10 assigned to device MTL0, is_swa = 0
load_tensors: layer  11 assigned to device MTL0, is_swa = 0
load_tensors: layer  12 assigned to device MTL0, is_swa = 0
create_tensor: loading tensor token_embd.weight
create_tensor: loading tensor token_types.weight
create_tensor: loading tensor position_embd.weight
create_tensor: loading tensor cls.weight
create_tensor: loading tensor cls.bias
create_tensor: loading tensor cls.output.weight
create_tensor: loading tensor cls.output.bias
create_tensor: loading tensor token_embd_norm.weight
create_tensor: loading tensor token_embd_norm.bias
create_tensor: loading tensor blk.0.attn_qkv.weight
create_tensor: loading tensor blk.0.attn_q.weight
create_tensor: loading tensor blk.0.attn_k.weight
create_tensor: loading tensor blk.0.attn_v.weight
create_tensor: loading tensor blk.0.attn_q.bias
create_tensor: loading tensor blk.0.attn_k.bias
create_tensor: loading tensor blk.0.attn_v.bias
create_tensor: loading tensor blk.0.attn_output.weight
create_tensor: loading tensor blk.0.attn_output.bias
create_tensor: loading tensor blk.0.attn_output_norm.weight
create_tensor: loading tensor blk.0.attn_output_norm.bias
create_tensor: loading tensor blk.0.ffn_up.weight
create_tensor: loading tensor blk.0.ffn_up.bias
create_tensor: loading tensor blk.0.ffn_down.weight
create_tensor: loading tensor blk.0.ffn_down.bias
create_tensor: loading tensor blk.0.layer_output_norm.weight
create_tensor: loading tensor blk.0.layer_output_norm.bias
create_tensor: loading tensor blk.1.attn_qkv.weight
create_tensor: loading tensor blk.1.attn_q.weight
create_tensor: loading tensor blk.1.attn_k.weight
create_tensor: loading tensor blk.1.attn_v.weight
create_tensor: loading tensor blk.1.attn_q.bias
create_tensor: loading tensor blk.1.attn_k.bias
create_tensor: loading tensor blk.1.attn_v.bias
create_tensor: loading tensor blk.1.attn_output.weight
create_tensor: loading tensor blk.1.attn_output.bias
create_tensor: loading tensor blk.1.attn_output_norm.weight
create_tensor: loading tensor blk.1.attn_output_norm.bias
create_tensor: loading tensor blk.1.ffn_up.weight
create_tensor: loading tensor blk.1.ffn_up.bias
create_tensor: loading tensor blk.1.ffn_down.weight
create_tensor: loading tensor blk.1.ffn_down.bias
create_tensor: loading tensor blk.1.layer_output_norm.weight
create_tensor: loading tensor blk.1.layer_output_norm.bias
create_tensor: loading tensor blk.2.attn_qkv.weight
create_tensor: loading tensor blk.2.attn_q.weight
create_tensor: loading tensor blk.2.attn_k.weight
create_tensor: loading tensor blk.2.attn_v.weight
create_tensor: loading tensor blk.2.attn_q.bias
create_tensor: loading tensor blk.2.attn_k.bias
create_tensor: loading tensor blk.2.attn_v.bias
create_tensor: loading tensor blk.2.attn_output.weight
create_tensor: loading tensor blk.2.attn_output.bias
create_tensor: loading tensor blk.2.attn_output_norm.weight
create_tensor: loading tensor blk.2.attn_output_norm.bias
create_tensor: loading tensor blk.2.ffn_up.weight
create_tensor: loading tensor blk.2.ffn_up.bias
create_tensor: loading tensor blk.2.ffn_down.weight
create_tensor: loading tensor blk.2.ffn_down.bias
create_tensor: loading tensor blk.2.layer_output_norm.weight
create_tensor: loading tensor blk.2.layer_output_norm.bias
create_tensor: loading tensor blk.3.attn_qkv.weight
create_tensor: loading tensor blk.3.attn_q.weight
create_tensor: loading tensor blk.3.attn_k.weight
create_tensor: loading tensor blk.3.attn_v.weight
create_tensor: loading tensor blk.3.attn_q.bias
create_tensor: loading tensor blk.3.attn_k.bias
create_tensor: loading tensor blk.3.attn_v.bias
create_tensor: loading tensor blk.3.attn_output.weight
create_tensor: loading tensor blk.3.attn_output.bias
create_tensor: loading tensor blk.3.attn_output_norm.weight
create_tensor: loading tensor blk.3.attn_output_norm.bias
create_tensor: loading tensor blk.3.ffn_up.weight
create_tensor: loading tensor blk.3.ffn_up.bias
create_tensor: loading tensor blk.3.ffn_down.weight
create_tensor: loading tensor blk.3.ffn_down.bias
create_tensor: loading tensor blk.3.layer_output_norm.weight
create_tensor: loading tensor blk.3.layer_output_norm.bias
create_tensor: loading tensor blk.4.attn_qkv.weight
create_tensor: loading tensor blk.4.attn_q.weight
create_tensor: loading tensor blk.4.attn_k.weight
create_tensor: loading tensor blk.4.attn_v.weight
create_tensor: loading tensor blk.4.attn_q.bias
create_tensor: loading tensor blk.4.attn_k.bias
create_tensor: loading tensor blk.4.attn_v.bias
create_tensor: loading tensor blk.4.attn_output.weight
create_tensor: loading tensor blk.4.attn_output.bias
create_tensor: loading tensor blk.4.attn_output_norm.weight
create_tensor: loading tensor blk.4.attn_output_norm.bias
create_tensor: loading tensor blk.4.ffn_up.weight
create_tensor: loading tensor blk.4.ffn_up.bias
create_tensor: loading tensor blk.4.ffn_down.weight
create_tensor: loading tensor blk.4.ffn_down.bias
create_tensor: loading tensor blk.4.layer_output_norm.weight
create_tensor: loading tensor blk.4.layer_output_norm.bias
create_tensor: loading tensor blk.5.attn_qkv.weight
create_tensor: loading tensor blk.5.attn_q.weight
create_tensor: loading tensor blk.5.attn_k.weight
create_tensor: loading tensor blk.5.attn_v.weight
create_tensor: loading tensor blk.5.attn_q.bias
create_tensor: loading tensor blk.5.attn_k.bias
create_tensor: loading tensor blk.5.attn_v.bias
create_tensor: loading tensor blk.5.attn_output.weight
create_tensor: loading tensor blk.5.attn_output.bias
create_tensor: loading tensor blk.5.attn_output_norm.weight
create_tensor: loading tensor blk.5.attn_output_norm.bias
create_tensor: loading tensor blk.5.ffn_up.weight
create_tensor: loading tensor blk.5.ffn_up.bias
create_tensor: loading tensor blk.5.ffn_down.weight
create_tensor: loading tensor blk.5.ffn_down.bias
create_tensor: loading tensor blk.5.layer_output_norm.weight
create_tensor: loading tensor blk.5.layer_output_norm.bias
create_tensor: loading tensor blk.6.attn_qkv.weight
create_tensor: loading tensor blk.6.attn_q.weight
create_tensor: loading tensor blk.6.attn_k.weight
create_tensor: loading tensor blk.6.attn_v.weight
create_tensor: loading tensor blk.6.attn_q.bias
create_tensor: loading tensor blk.6.attn_k.bias
create_tensor: loading tensor blk.6.attn_v.bias
create_tensor: loading tensor blk.6.attn_output.weight
create_tensor: loading tensor blk.6.attn_output.bias
create_tensor: loading tensor blk.6.attn_output_norm.weight
create_tensor: loading tensor blk.6.attn_output_norm.bias
create_tensor: loading tensor blk.6.ffn_up.weight
create_tensor: loading tensor blk.6.ffn_up.bias
create_tensor: loading tensor blk.6.ffn_down.weight
create_tensor: loading tensor blk.6.ffn_down.bias
create_tensor: loading tensor blk.6.layer_output_norm.weight
create_tensor: loading tensor blk.6.layer_output_norm.bias
create_tensor: loading tensor blk.7.attn_qkv.weight
create_tensor: loading tensor blk.7.attn_q.weight
create_tensor: loading tensor blk.7.attn_k.weight
create_tensor: loading tensor blk.7.attn_v.weight
create_tensor: loading tensor blk.7.attn_q.bias
create_tensor: loading tensor blk.7.attn_k.bias
create_tensor: loading tensor blk.7.attn_v.bias
create_tensor: loading tensor blk.7.attn_output.weight
create_tensor: loading tensor blk.7.attn_output.bias
create_tensor: loading tensor blk.7.attn_output_norm.weight
create_tensor: loading tensor blk.7.attn_output_norm.bias
create_tensor: loading tensor blk.7.ffn_up.weight
create_tensor: loading tensor blk.7.ffn_up.bias
create_tensor: loading tensor blk.7.ffn_down.weight
create_tensor: loading tensor blk.7.ffn_down.bias
create_tensor: loading tensor blk.7.layer_output_norm.weight
create_tensor: loading tensor blk.7.layer_output_norm.bias
create_tensor: loading tensor blk.8.attn_qkv.weight
create_tensor: loading tensor blk.8.attn_q.weight
create_tensor: loading tensor blk.8.attn_k.weight
create_tensor: loading tensor blk.8.attn_v.weight
create_tensor: loading tensor blk.8.attn_q.bias
create_tensor: loading tensor blk.8.attn_k.bias
create_tensor: loading tensor blk.8.attn_v.bias
create_tensor: loading tensor blk.8.attn_output.weight
create_tensor: loading tensor blk.8.attn_output.bias
create_tensor: loading tensor blk.8.attn_output_norm.weight
create_tensor: loading tensor blk.8.attn_output_norm.bias
create_tensor: loading tensor blk.8.ffn_up.weight
create_tensor: loading tensor blk.8.ffn_up.bias
create_tensor: loading tensor blk.8.ffn_down.weight
create_tensor: loading tensor blk.8.ffn_down.bias
create_tensor: loading tensor blk.8.layer_output_norm.weight
create_tensor: loading tensor blk.8.layer_output_norm.bias
create_tensor: loading tensor blk.9.attn_qkv.weight
create_tensor: loading tensor blk.9.attn_q.weight
create_tensor: loading tensor blk.9.attn_k.weight
create_tensor: loading tensor blk.9.attn_v.weight
create_tensor: loading tensor blk.9.attn_q.bias
create_tensor: loading tensor blk.9.attn_k.bias
create_tensor: loading tensor blk.9.attn_v.bias
create_tensor: loading tensor blk.9.attn_output.weight
create_tensor: loading tensor blk.9.attn_output.bias
create_tensor: loading tensor blk.9.attn_output_norm.weight
create_tensor: loading tensor blk.9.attn_output_norm.bias
create_tensor: loading tensor blk.9.ffn_up.weight
create_tensor: loading tensor blk.9.ffn_up.bias
create_tensor: loading tensor blk.9.ffn_down.weight
create_tensor: loading tensor blk.9.ffn_down.bias
create_tensor: loading tensor blk.9.layer_output_norm.weight
create_tensor: loading tensor blk.9.layer_output_norm.bias
create_tensor: loading tensor blk.10.attn_qkv.weight
create_tensor: loading tensor blk.10.attn_q.weight
create_tensor: loading tensor blk.10.attn_k.weight
create_tensor: loading tensor blk.10.attn_v.weight
create_tensor: loading tensor blk.10.attn_q.bias
create_tensor: loading tensor blk.10.attn_k.bias
create_tensor: loading tensor blk.10.attn_v.bias
create_tensor: loading tensor blk.10.attn_output.weight
create_tensor: loading tensor blk.10.attn_output.bias
create_tensor: loading tensor blk.10.attn_output_norm.weight
create_tensor: loading tensor blk.10.attn_output_norm.bias
create_tensor: loading tensor blk.10.ffn_up.weight
create_tensor: loading tensor blk.10.ffn_up.bias
create_tensor: loading tensor blk.10.ffn_down.weight
create_tensor: loading tensor blk.10.ffn_down.bias
create_tensor: loading tensor blk.10.layer_output_norm.weight
create_tensor: loading tensor blk.10.layer_output_norm.bias
create_tensor: loading tensor blk.11.attn_qkv.weight
create_tensor: loading tensor blk.11.attn_q.weight
create_tensor: loading tensor blk.11.attn_k.weight
create_tensor: loading tensor blk.11.attn_v.weight
create_tensor: loading tensor blk.11.attn_q.bias
create_tensor: loading tensor blk.11.attn_k.bias
create_tensor: loading tensor blk.11.attn_v.bias
create_tensor: loading tensor blk.11.attn_output.weight
create_tensor: loading tensor blk.11.attn_output.bias
create_tensor: loading tensor blk.11.attn_output_norm.weight
create_tensor: loading tensor blk.11.attn_output_norm.bias
create_tensor: loading tensor blk.11.ffn_up.weight
create_tensor: loading tensor blk.11.ffn_up.bias
create_tensor: loading tensor blk.11.ffn_down.weight
create_tensor: loading tensor blk.11.ffn_down.bias
create_tensor: loading tensor blk.11.layer_output_norm.weight
create_tensor: loading tensor blk.11.layer_output_norm.bias
create_tensor: loading tensor blk.0.attn_q.scale
create_tensor: loading tensor blk.0.attn_k.scale
create_tensor: loading tensor blk.0.attn_v.scale
create_tensor: loading tensor blk.0.attn_output.scale
create_tensor: loading tensor blk.0.ffn_down.scale
create_tensor: loading tensor blk.0.ffn_up.scale
create_tensor: loading tensor blk.0.attn_q.input_scale
create_tensor: loading tensor blk.0.attn_k.input_scale
create_tensor: loading tensor blk.0.attn_v.input_scale
create_tensor: loading tensor blk.0.attn_output.input_scale
create_tensor: loading tensor blk.0.ffn_down.input_scale
create_tensor: loading tensor blk.0.ffn_up.input_scale
create_tensor: loading tensor blk.1.attn_q.scale
create_tensor: loading tensor blk.1.attn_k.scale
create_tensor: loading tensor blk.1.attn_v.scale
create_tensor: loading tensor blk.1.attn_output.scale
create_tensor: loading tensor blk.1.ffn_down.scale
create_tensor: loading tensor blk.1.ffn_up.scale
create_tensor: loading tensor blk.1.attn_q.input_scale
create_tensor: loading tensor blk.1.attn_k.input_scale
create_tensor: loading tensor blk.1.attn_v.input_scale
create_tensor: loading tensor blk.1.attn_output.input_scale
create_tensor: loading tensor blk.1.ffn_down.input_scale
create_tensor: loading tensor blk.1.ffn_up.input_scale
create_tensor: loading tensor blk.2.attn_q.scale
create_tensor: loading tensor blk.2.attn_k.scale
create_tensor: loading tensor blk.2.attn_v.scale
create_tensor: loading tensor blk.2.attn_output.scale
create_tensor: loading tensor blk.2.ffn_down.scale
create_tensor: loading tensor blk.2.ffn_up.scale
create_tensor: loading tensor blk.2.attn_q.input_scale
create_tensor: loading tensor blk.2.attn_k.input_scale
create_tensor: loading tensor blk.2.attn_v.input_scale
create_tensor: loading tensor blk.2.attn_output.input_scale
create_tensor: loading tensor blk.2.ffn_down.input_scale
create_tensor: loading tensor blk.2.ffn_up.input_scale
create_tensor: loading tensor blk.3.attn_q.scale
create_tensor: loading tensor blk.3.attn_k.scale
create_tensor: loading tensor blk.3.attn_v.scale
create_tensor: loading tensor blk.3.attn_output.scale
create_tensor: loading tensor blk.3.ffn_down.scale
create_tensor: loading tensor blk.3.ffn_up.scale
create_tensor: loading tensor blk.3.attn_q.input_scale
create_tensor: loading tensor blk.3.attn_k.input_scale
create_tensor: loading tensor blk.3.attn_v.input_scale
create_tensor: loading tensor blk.3.attn_output.input_scale
create_tensor: loading tensor blk.3.ffn_down.input_scale
create_tensor: loading tensor blk.3.ffn_up.input_scale
create_tensor: loading tensor blk.4.attn_q.scale
create_tensor: loading tensor blk.4.attn_k.scale
create_tensor: loading tensor blk.4.attn_v.scale
create_tensor: loading tensor blk.4.attn_output.scale
create_tensor: loading tensor blk.4.ffn_down.scale
create_tensor: loading tensor blk.4.ffn_up.scale
create_tensor: loading tensor blk.4.attn_q.input_scale
create_tensor: loading tensor blk.4.attn_k.input_scale
create_tensor: loading tensor blk.4.attn_v.input_scale
create_tensor: loading tensor blk.4.attn_output.input_scale
create_tensor: loading tensor blk.4.ffn_down.input_scale
create_tensor: loading tensor blk.4.ffn_up.input_scale
create_tensor: loading tensor blk.5.attn_q.scale
create_tensor: loading tensor blk.5.attn_k.scale
create_tensor: loading tensor blk.5.attn_v.scale
create_tensor: loading tensor blk.5.attn_output.scale
create_tensor: loading tensor blk.5.ffn_down.scale
create_tensor: loading tensor blk.5.ffn_up.scale
create_tensor: loading tensor blk.5.attn_q.input_scale
create_tensor: loading tensor blk.5.attn_k.input_scale
create_tensor: loading tensor blk.5.attn_v.input_scale
create_tensor: loading tensor blk.5.attn_output.input_scale
create_tensor: loading tensor blk.5.ffn_down.input_scale
create_tensor: loading tensor blk.5.ffn_up.input_scale
create_tensor: loading tensor blk.6.attn_q.scale
create_tensor: loading tensor blk.6.attn_k.scale
create_tensor: loading tensor blk.6.attn_v.scale
create_tensor: loading tensor blk.6.attn_output.scale
create_tensor: loading tensor blk.6.ffn_down.scale
create_tensor: loading tensor blk.6.ffn_up.scale
create_tensor: loading tensor blk.6.attn_q.input_scale
create_tensor: loading tensor blk.6.attn_k.input_scale
create_tensor: loading tensor blk.6.attn_v.input_scale
create_tensor: loading tensor blk.6.attn_output.input_scale
create_tensor: loading tensor blk.6.ffn_down.input_scale
create_tensor: loading tensor blk.6.ffn_up.input_scale
create_tensor: loading tensor blk.7.attn_q.scale
create_tensor: loading tensor blk.7.attn_k.scale
create_tensor: loading tensor blk.7.attn_v.scale
create_tensor: loading tensor blk.7.attn_output.scale
create_tensor: loading tensor blk.7.ffn_down.scale
create_tensor: loading tensor blk.7.ffn_up.scale
create_tensor: loading tensor blk.7.attn_q.input_scale
create_tensor: loading tensor blk.7.attn_k.input_scale
create_tensor: loading tensor blk.7.attn_v.input_scale
create_tensor: loading tensor blk.7.attn_output.input_scale
create_tensor: loading tensor blk.7.ffn_down.input_scale
create_tensor: loading tensor blk.7.ffn_up.input_scale
create_tensor: loading tensor blk.8.attn_q.scale
create_tensor: loading tensor blk.8.attn_k.scale
create_tensor: loading tensor blk.8.attn_v.scale
create_tensor: loading tensor blk.8.attn_output.scale
create_tensor: loading tensor blk.8.ffn_down.scale
create_tensor: loading tensor blk.8.ffn_up.scale
create_tensor: loading tensor blk.8.attn_q.input_scale
create_tensor: loading tensor blk.8.attn_k.input_scale
create_tensor: loading tensor blk.8.attn_v.input_scale
create_tensor: loading tensor blk.8.attn_output.input_scale
create_tensor: loading tensor blk.8.ffn_down.input_scale
create_tensor: loading tensor blk.8.ffn_up.input_scale
create_tensor: loading tensor blk.9.attn_q.scale
create_tensor: loading tensor blk.9.attn_k.scale
create_tensor: loading tensor blk.9.attn_v.scale
create_tensor: loading tensor blk.9.attn_output.scale
create_tensor: loading tensor blk.9.ffn_down.scale
create_tensor: loading tensor blk.9.ffn_up.scale
create_tensor: loading tensor blk.9.attn_q.input_scale
create_tensor: loading tensor blk.9.attn_k.input_scale
create_tensor: loading tensor blk.9.attn_v.input_scale
create_tensor: loading tensor blk.9.attn_output.input_scale
create_tensor: loading tensor blk.9.ffn_down.input_scale
create_tensor: loading tensor blk.9.ffn_up.input_scale
create_tensor: loading tensor blk.10.attn_q.scale
create_tensor: loading tensor blk.10.attn_k.scale
create_tensor: loading tensor blk.10.attn_v.scale
create_tensor: loading tensor blk.10.attn_output.scale
create_tensor: loading tensor blk.10.ffn_down.scale
create_tensor: loading tensor blk.10.ffn_up.scale
create_tensor: loading tensor blk.10.attn_q.input_scale
create_tensor: loading tensor blk.10.attn_k.input_scale
create_tensor: loading tensor blk.10.attn_v.input_scale
create_tensor: loading tensor blk.10.attn_output.input_scale
create_tensor: loading tensor blk.10.ffn_down.input_scale
create_tensor: loading tensor blk.10.ffn_up.input_scale
create_tensor: loading tensor blk.11.attn_q.scale
create_tensor: loading tensor blk.11.attn_k.scale
create_tensor: loading tensor blk.11.attn_v.scale
create_tensor: loading tensor blk.11.attn_output.scale
create_tensor: loading tensor blk.11.ffn_down.scale
create_tensor: loading tensor blk.11.ffn_up.scale
create_tensor: loading tensor blk.11.attn_q.input_scale
create_tensor: loading tensor blk.11.attn_k.input_scale
create_tensor: loading tensor blk.11.attn_v.input_scale
create_tensor: loading tensor blk.11.attn_output.input_scale
create_tensor: loading tensor blk.11.ffn_down.input_scale
create_tensor: loading tensor blk.11.ffn_up.input_scale
done_getting_tensors: tensor 'token_embd.weight' (f16) (and 2 others) cannot be used with preferred buffer type CPU_REPACK, using CPU instead
ggml_metal_log_allocated_size: allocated buffer, size =    63.48 MiB, (   64.17 / 18186.25)
load_tensors: offloading output layer to GPU
load_tensors: offloading 11 repeating layers to GPU
load_tensors: offloaded 13/13 layers to GPU
load_tensors:   CPU_Mapped model buffer size =    22.73 MiB
load_tensors:  MTL0_Mapped model buffer size =    63.46 MiB
.................................................
llama_context: constructing llama_context
llama_context: n_seq_max             = 8
llama_context: n_ctx                 = 4096
llama_context: n_ctx_seq             = 512
llama_context: n_batch               = 4096
llama_context: n_ubatch              = 4096
llama_context: causal_attn           = 0
llama_context: flash_attn            = auto
llama_context: kv_unified            = false
llama_context: freq_base             = 10000.0
llama_context: freq_scale            = 1
llama_context: n_rs_seq              = 0
llama_context: n_outputs_max         = 4096
llama_context: n_outputs_max_per_seq = 1
ggml_metal_init: allocating
ggml_metal_init: found device: Apple M5
ggml_metal_init: picking default device: Apple M5
ggml_metal_init: use fusion         = true
ggml_metal_init: use concurrency    = true
ggml_metal_init: use graph optimize = true
set_abort_callback: call
llama_context:        CPU  output buffer size =     0.94 MiB
llama_context: enumerating backends
llama_context: backend_ptrs.size() = 2
sched_reserve: reserving ...
sched_reserve: max_nodes = 1576
sched_reserve: worst-case: n_tokens = 4096, n_seqs = 8, n_outputs = 8
graph_reserve: reserving a graph for ubatch with n_tokens =    8, n_seqs =  8, n_outputs =    8
resolve_fused_ops: Flash Attention enabled
resolve_fused_ops: resolving fused DeepSeek V4 HC support:
graph_reserve: reserving a graph for ubatch with n_tokens =    8, n_seqs =  8, n_outputs =    8
resolve_fused_ops: fused DeepSeek V4 HC pre enabled
graph_reserve: reserving a graph for ubatch with n_tokens =    8, n_seqs =  8, n_outputs =    8
resolve_fused_ops: fused DeepSeek V4 HC comb enabled
graph_reserve: reserving a graph for ubatch with n_tokens =    8, n_seqs =  8, n_outputs =    8
resolve_fused_ops: fused DeepSeek V4 HC post enabled
graph_reserve: reserving a graph for ubatch with n_tokens = 4096, n_seqs =  8, n_outputs = 4096
graph_reserve: reserving a graph for ubatch with n_tokens =    8, n_seqs =  8, n_outputs =    8
graph_reserve: reserving a graph for ubatch with n_tokens = 4096, n_seqs =  8, n_outputs = 4096
sched_reserve:       MTL0 compute buffer size =    73.24 MiB
sched_reserve:        CPU compute buffer size =    50.05 MiB
sched_reserve: graph nodes  = 395
sched_reserve: graph splits = 2
sched_reserve: reserve took 3.42 ms, sched copies = 1
llama_context: constructing llama_context
llama_context: n_seq_max             = 8
llama_context: n_ctx                 = 4096
llama_context: n_ctx_seq             = 512
llama_context: n_batch               = 4096
llama_context: n_ubatch              = 4096
llama_context: causal_attn           = 0
llama_context: flash_attn            = auto
llama_context: kv_unified            = false
llama_context: freq_base             = 10000.0
llama_context: freq_scale            = 1
llama_context: n_rs_seq              = 0
llama_context: n_outputs_max         = 4096
llama_context: n_outputs_max_per_seq = 1
ggml_metal_init: allocating
ggml_metal_init: found device: Apple M5
ggml_metal_init: picking default device: Apple M5
ggml_metal_init: use fusion         = true
ggml_metal_init: use concurrency    = true
ggml_metal_init: use graph optimize = true
set_abort_callback: call
llama_context:        CPU  output buffer size =     0.94 MiB
llama_context: enumerating backends
llama_context: backend_ptrs.size() = 2
sched_reserve: reserving ...
sched_reserve: max_nodes = 1576
sched_reserve: worst-case: n_tokens = 4096, n_seqs = 8, n_outputs = 8
graph_reserve: reserving a graph for ubatch with n_tokens =    8, n_seqs =  8, n_outputs =    8
resolve_fused_ops: Flash Attention enabled
resolve_fused_ops: resolving fused DeepSeek V4 HC support:
graph_reserve: reserving a graph for ubatch with n_tokens =    8, n_seqs =  8, n_outputs =    8
resolve_fused_ops: fused DeepSeek V4 HC pre enabled
graph_reserve: reserving a graph for ubatch with n_tokens =    8, n_seqs =  8, n_outputs =    8
resolve_fused_ops: fused DeepSeek V4 HC comb enabled
graph_reserve: reserving a graph for ubatch with n_tokens =    8, n_seqs =  8, n_outputs =    8
resolve_fused_ops: fused DeepSeek V4 HC post enabled
graph_reserve: reserving a graph for ubatch with n_tokens = 4096, n_seqs =  8, n_outputs = 4096
graph_reserve: reserving a graph for ubatch with n_tokens =    8, n_seqs =  8, n_outputs =    8
graph_reserve: reserving a graph for ubatch with n_tokens = 4096, n_seqs =  8, n_outputs = 4096
sched_reserve:       MTL0 compute buffer size =    73.24 MiB
sched_reserve:        CPU compute buffer size =    50.05 MiB
sched_reserve: graph nodes  = 395
sched_reserve: graph splits = 2
sched_reserve: reserve took 3.13 ms, sched copies = 1
llama_context: constructing llama_context
llama_context: n_seq_max             = 8
llama_context: n_ctx                 = 4096
llama_context: n_ctx_seq             = 512
llama_context: n_batch               = 4096
llama_context: n_ubatch              = 4096
llama_context: causal_attn           = 0
llama_context: flash_attn            = auto
llama_context: kv_unified            = false
llama_context: freq_base             = 10000.0
llama_context: freq_scale            = 1
llama_context: n_rs_seq              = 0
llama_context: n_outputs_max         = 4096
llama_context: n_outputs_max_per_seq = 1
ggml_metal_init: allocating
ggml_metal_init: found device: Apple M5
ggml_metal_init: picking default device: Apple M5
ggml_metal_init: use fusion         = true
ggml_metal_init: use concurrency    = true
ggml_metal_init: use graph optimize = true
set_abort_callback: call
llama_context:        CPU  output buffer size =     0.94 MiB
llama_context: enumerating backends
llama_context: backend_ptrs.size() = 2
sched_reserve: reserving ...
sched_reserve: max_nodes = 1576
sched_reserve: worst-case: n_tokens = 4096, n_seqs = 8, n_outputs = 8
graph_reserve: reserving a graph for ubatch with n_tokens =    8, n_seqs =  8, n_outputs =    8
resolve_fused_ops: Flash Attention enabled
resolve_fused_ops: resolving fused DeepSeek V4 HC support:
graph_reserve: reserving a graph for ubatch with n_tokens =    8, n_seqs =  8, n_outputs =    8
resolve_fused_ops: fused DeepSeek V4 HC pre enabled
graph_reserve: reserving a graph for ubatch with n_tokens =    8, n_seqs =  8, n_outputs =    8
resolve_fused_ops: fused DeepSeek V4 HC comb enabled
graph_reserve: reserving a graph for ubatch with n_tokens =    8, n_seqs =  8, n_outputs =    8
resolve_fused_ops: fused DeepSeek V4 HC post enabled
graph_reserve: reserving a graph for ubatch with n_tokens = 4096, n_seqs =  8, n_outputs = 4096
graph_reserve: reserving a graph for ubatch with n_tokens =    8, n_seqs =  8, n_outputs =    8
graph_reserve: reserving a graph for ubatch with n_tokens = 4096, n_seqs =  8, n_outputs = 4096
sched_reserve:       MTL0 compute buffer size =    73.24 MiB
sched_reserve:        CPU compute buffer size =    50.05 MiB
sched_reserve: graph nodes  = 395
sched_reserve: graph splits = 2
sched_reserve: reserve took 3.09 ms, sched copies = 1
llama_context: constructing llama_context
llama_context: n_seq_max             = 8
llama_context: n_ctx                 = 4096
llama_context: n_ctx_seq             = 512
llama_context: n_batch               = 4096
llama_context: n_ubatch              = 4096
llama_context: causal_attn           = 0
llama_context: flash_attn            = auto
llama_context: kv_unified            = false
llama_context: freq_base             = 10000.0
llama_context: freq_scale            = 1
llama_context: n_rs_seq              = 0
llama_context: n_outputs_max         = 4096
llama_context: n_outputs_max_per_seq = 1
ggml_metal_init: allocating
ggml_metal_init: found device: Apple M5
ggml_metal_init: picking default device: Apple M5
ggml_metal_init: use fusion         = true
ggml_metal_init: use concurrency    = true
ggml_metal_init: use graph optimize = true
set_abort_callback: call
llama_context:        CPU  output buffer size =     0.94 MiB
llama_context: enumerating backends
llama_context: backend_ptrs.size() = 2
sched_reserve: reserving ...
sched_reserve: max_nodes = 1576
sched_reserve: worst-case: n_tokens = 4096, n_seqs = 8, n_outputs = 8
graph_reserve: reserving a graph for ubatch with n_tokens =    8, n_seqs =  8, n_outputs =    8
resolve_fused_ops: Flash Attention enabled
resolve_fused_ops: resolving fused DeepSeek V4 HC support:
graph_reserve: reserving a graph for ubatch with n_tokens =    8, n_seqs =  8, n_outputs =    8
resolve_fused_ops: fused DeepSeek V4 HC pre enabled
graph_reserve: reserving a graph for ubatch with n_tokens =    8, n_seqs =  8, n_outputs =    8
resolve_fused_ops: fused DeepSeek V4 HC comb enabled
graph_reserve: reserving a graph for ubatch with n_tokens =    8, n_seqs =  8, n_outputs =    8
resolve_fused_ops: fused DeepSeek V4 HC post enabled
graph_reserve: reserving a graph for ubatch with n_tokens = 4096, n_seqs =  8, n_outputs = 4096
graph_reserve: reserving a graph for ubatch with n_tokens =    8, n_seqs =  8, n_outputs =    8
graph_reserve: reserving a graph for ubatch with n_tokens = 4096, n_seqs =  8, n_outputs = 4096
sched_reserve:       MTL0 compute buffer size =    73.24 MiB
sched_reserve:        CPU compute buffer size =    50.05 MiB
sched_reserve: graph nodes  = 395
sched_reserve: graph splits = 2
sched_reserve: reserve took 3.18 ms, sched copies = 1
decode: cannot decode batches with this context (calling encode() instead)
ggml_metal_library_compile_pipeline: compiling pipeline: base = 'kernel_bin_fuse_f32_f32_f32_4', name = 'kernel_bin_fuse_f32_f32_f32_4_op=0_nf=1_rb=1_cb=0'
ggml_metal_library_compile_pipeline: loaded kernel_bin_fuse_f32_f32_f32_4_op=0_nf=1_rb=1_cb=0      0x10375cca0 | th_max = 1024 | th_width =   32
ggml_metal_library_compile_pipeline: compiling pipeline: base = 'kernel_bin_fuse_f32_f32_f32_4', name = 'kernel_bin_fuse_f32_f32_f32_4_op=0_nf=1_rb=0_cb=0'
ggml_metal_library_compile_pipeline: loaded kernel_bin_fuse_f32_f32_f32_4_op=0_nf=1_rb=0_cb=0      0x10375d520 | th_max = 1024 | th_width =   32
ggml_metal_library_compile_pipeline: compiling pipeline: base = 'kernel_norm_mul_add_f32_4', name = 'kernel_norm_mul_add_f32_4'
ggml_metal_library_compile_pipeline: loaded kernel_norm_mul_add_f32_4                     0x10375d8a0 | th_max = 1024 | th_width =   32
ggml_metal_library_compile_pipeline: compiling pipeline: base = 'kernel_mul_mm_f16_f32', name = 'kernel_mul_mm_f16_f32_bci=0_bco=1_ne12=1_ne13=1_r2=1_r3=1'
ggml_metal_library_compile_pipeline: loaded kernel_mul_mm_f16_f32_bci=0_bco=1_ne12=1_ne13=1_r2=1_r3=1      0x10375dc20 | th_max = 1024 | th_width =   32
ggml_metal_library_compile_pipeline: compiling pipeline: base = 'kernel_cpy_f32_f16', name = 'kernel_cpy_f32_f16'
ggml_metal_library_compile_pipeline: loaded kernel_cpy_f32_f16                            0x819984000 | th_max = 1024 | th_width =   32
ggml_metal_library_compile_pipeline: compiling pipeline: base = 'kernel_flash_attn_ext_pad', name = 'kernel_flash_attn_ext_pad_mask=1_ncpsg=32'
ggml_metal_library_compile_pipeline: loaded kernel_flash_attn_ext_pad_mask=1_ncpsg=32      0x819984380 | th_max = 1024 | th_width =   32
ggml_metal_library_compile_pipeline: compiling pipeline: base = 'kernel_flash_attn_ext_vec_f16_dk32_dv32', name = 'kernel_flash_attn_ext_vec_f16_dk32_dv32_mask=1_sink=0_bias=0_scap=0_kvpad=1_sparse=0_ns10=32_ns20=32_nsg=1_nwg=32'
ggml_metal_library_compile_pipeline: loaded kernel_flash_attn_ext_vec_f16_dk32_dv32_mask=1_sink=0_bias=0_scap=0_kvpad=1_sparse=0_ns10=32_ns20=32_nsg=1_nwg=32      0x819984700 | th_max = 1024 | th_width =   32
ggml_metal_library_compile_pipeline: compiling pipeline: base = 'kernel_flash_attn_ext_vec_reduce', name = 'kernel_flash_attn_ext_vec_reduce_dv=32_nwg=32'
ggml_metal_library_compile_pipeline: loaded kernel_flash_attn_ext_vec_reduce_dv=32_nwg=32      0x819984a80 | th_max = 1024 | th_width =   32
ggml_metal_library_compile_pipeline: compiling pipeline: base = 'kernel_unary_f32_f32_4', name = 'kernel_unary_f32_f32_4_op=103_cnt=1'
ggml_metal_library_compile_pipeline: loaded kernel_unary_f32_f32_4_op=103_cnt=1           0x819984e00 | th_max = 1024 | th_width =   32
ggml_metal_library_compile_pipeline: compiling pipeline: base = 'kernel_get_rows_f32', name = 'kernel_get_rows_f32'
ggml_metal_library_compile_pipeline: loaded kernel_get_rows_f32                           0x819985500 | th_max = 1024 | th_width =   32
decode: cannot decode batches with this context (calling encode() instead)
decode: cannot decode batches with this context (calling encode() instead)
decode: cannot decode batches with this context (calling encode() instead)
ggml_metal_library_compile_pipeline: compiling pipeline: base = 'kernel_mul_mv_ext_f16_f32_r1_2', name = 'kernel_mul_mv_ext_f16_f32_r1_2_nsg=2_nxpsg=8_ne12=1_r2=1_r3=1'
ggml_metal_library_compile_pipeline: loaded kernel_mul_mv_ext_f16_f32_r1_2_nsg=2_nxpsg=8_ne12=1_r2=1_r3=1      0x819985180 | th_max = 1024 | th_width =   32
ggml_metal_library_compile_pipeline: compiling pipeline: base = 'kernel_mul_mv_ext_f16_f32_r1_2', name = 'kernel_mul_mv_ext_f16_f32_r1_2_nsg=2_nxpsg=16_ne12=1_r2=1_r3=1'
ggml_metal_library_compile_pipeline: loaded kernel_mul_mv_ext_f16_f32_r1_2_nsg=2_nxpsg=16_ne12=1_r2=1_r3=1      0x819985f80 | th_max = 1024 | th_width =   32
decode: cannot decode batches with this context (calling encode() instead)
decode: cannot decode batches with this context (calling encode() instead)
ggml_metal_library_compile_pipeline: compiling pipeline: base = 'kernel_mul_mm_f16_f32', name = 'kernel_mul_mm_f16_f32_bci=0_bco=0_ne12=1_ne13=1_r2=1_r3=1'
ggml_metal_library_compile_pipeline: loaded kernel_mul_mm_f16_f32_bci=0_bco=0_ne12=1_ne13=1_r2=1_r3=1      0x819985880 | th_max = 1024 | th_width =   32
ggml_metal_library_compile_pipeline: compiling pipeline: base = 'kernel_flash_attn_ext_blk', name = 'kernel_flash_attn_ext_blk_nqptg=8_ncpsg=64'
ggml_metal_library_compile_pipeline: loaded kernel_flash_attn_ext_blk_nqptg=8_ncpsg=64      0x819986680 | th_max = 1024 | th_width =   32
ggml_metal_library_compile_pipeline: compiling pipeline: base = 'kernel_flash_attn_ext_f16_dk32_dv32', name = 'kernel_flash_attn_ext_f16_dk32_dv32_mask=1_sinks=0_bias=0_scap=0_kvpad=0_bcm=0_ns10=32_ns20=32_nsg=4'
ggml_metal_library_compile_pipeline: loaded kernel_flash_attn_ext_f16_dk32_dv32_mask=1_sinks=0_bias=0_scap=0_kvpad=0_bcm=0_ns10=32_ns20=32_nsg=4      0x819986a00 | th_max = 1024 | th_width =   32
ggml_metal_library_compile_pipeline: compiling pipeline: base = 'kernel_unary_f32_f32_4', name = 'kernel_unary_f32_f32_4_op=103_cnt=0'
ggml_metal_library_compile_pipeline: loaded kernel_unary_f32_f32_4_op=103_cnt=0           0x819986d80 | th_max = 1024 | th_width =   32
decode: cannot decode batches with this context (calling encode() instead)
ggml_metal_library_compile_pipeline: compiling pipeline: base = 'kernel_flash_attn_ext_pad', name = 'kernel_flash_attn_ext_pad_mask=1_ncpsg=64'
ggml_metal_library_compile_pipeline: loaded kernel_flash_attn_ext_pad_mask=1_ncpsg=64      0x819986300 | th_max = 1024 | th_width =   32
ggml_metal_library_compile_pipeline: compiling pipeline: base = 'kernel_flash_attn_ext_f16_dk32_dv32', name = 'kernel_flash_attn_ext_f16_dk32_dv32_mask=1_sinks=0_bias=0_scap=0_kvpad=1_bcm=0_ns10=32_ns20=32_nsg=4'
ggml_metal_library_compile_pipeline: loaded kernel_flash_attn_ext_f16_dk32_dv32_mask=1_sinks=0_bias=0_scap=0_kvpad=1_bcm=0_ns10=32_ns20=32_nsg=4      0x819987480 | th_max = 1024 | th_width =   32
decode: cannot decode batches with this context (calling encode() instead)
decode: cannot decode batches with this context (calling encode() instead)
ggml_metal_library_compile_pipeline: compiling pipeline: base = 'kernel_flash_attn_ext_f16_dk32_dv32', name = 'kernel_flash_attn_ext_f16_dk32_dv32_mask=1_sinks=0_bias=0_scap=0_kvpad=1_bcm=1_ns10=32_ns20=32_nsg=4'
ggml_metal_library_compile_pipeline: loaded kernel_flash_attn_ext_f16_dk32_dv32_mask=1_sinks=0_bias=0_scap=0_kvpad=1_bcm=1_ns10=32_ns20=32_nsg=4      0x819987100 | th_max = 1024 | th_width =   32
embedding parity max_abs=0.000399479 min_cosine=0.999998
decode: cannot decode batches with this context (calling encode() instead)
embedding parity max_abs=0.000399479 min_cosine=0.999998
decode: cannot decode batches with this context (calling encode() instead)
decode: cannot decode batches with this context (calling encode() instead)
decode: cannot decode batches with this context (calling encode() instead)
decode: cannot decode batches with this context (calling encode() instead)
decode: cannot decode batches with this context (calling encode() instead)
decode: cannot decode batches with this context (calling encode() instead)
decode: cannot decode batches with this context (calling encode() instead)
decode: cannot decode batches with this context (calling encode() instead)
decode: cannot decode batches with this context (calling encode() instead)
decode: cannot decode batches with this context (calling encode() instead)
decode: cannot decode batches with this context (calling encode() instead)
decode: cannot decode batches with this context (calling encode() instead)
decode: cannot decode batches with this context (calling encode() instead)
decode: cannot decode batches with this context (calling encode() instead)
decode: cannot decode batches with this context (calling encode() instead)
decode: cannot decode batches with this context (calling encode() instead)
decode: cannot decode batches with this context (calling encode() instead)
decode: cannot decode batches with this context (calling encode() instead)
decode: cannot decode batches with this context (calling encode() instead)
decode: cannot decode batches with this context (calling encode() instead)
decode: cannot decode batches with this context (calling encode() instead)
decode: cannot decode batches with this context (calling encode() instead)
decode: cannot decode batches with this context (calling encode() instead)
decode: cannot decode batches with this context (calling encode() instead)
decode: cannot decode batches with this context (calling encode() instead)
decode: cannot decode batches with this context (calling encode() instead)
decode: cannot decode batches with this context (calling encode() instead)
decode: cannot decode batches with this context (calling encode() instead)
decode: cannot decode batches with this context (calling encode() instead)
decode: cannot decode batches with this context (calling encode() instead)
decode: cannot decode batches with this context (calling encode() instead)
decode: cannot decode batches with this context (calling encode() instead)
decode: cannot decode batches with this context (calling encode() instead)
decode: cannot decode batches with this context (calling encode() instead)
decode: cannot decode batches with this context (calling encode() instead)
decode: cannot decode batches with this context (calling encode() instead)
decode: cannot decode batches with this context (calling encode() instead)
decode: cannot decode batches with this context (calling encode() instead)
decode: cannot decode batches with this context (calling encode() instead)
decode: cannot decode batches with this context (calling encode() instead)
decode: cannot decode batches with this context (calling encode() instead)
decode: cannot decode batches with this context (calling encode() instead)
decode: cannot decode batches with this context (calling encode() instead)
decode: cannot decode batches with this context (calling encode() instead)
decode: cannot decode batches with this context (calling encode() instead)
decode: cannot decode batches with this context (calling encode() instead)
decode: cannot decode batches with this context (calling encode() instead)
decode: cannot decode batches with this context (calling encode() instead)
decode: cannot decode batches with this context (calling encode() instead)
decode: cannot decode batches with this context (calling encode() instead)
decode: cannot decode batches with this context (calling encode() instead)
decode: cannot decode batches with this context (calling encode() instead)
decode: cannot decode batches with this context (calling encode() instead)
decode: cannot decode batches with this context (calling encode() instead)
decode: cannot decode batches with this context (calling encode() instead)
decode: cannot decode batches with this context (calling encode() instead)
decode: cannot decode batches with this context (calling encode() instead)
decode: cannot decode batches with this context (calling encode() instead)
decode: cannot decode batches with this context (calling encode() instead)
decode: cannot decode batches with this context (calling encode() instead)
decode: cannot decode batches with this context (calling encode() instead)
decode: cannot decode batches with this context (calling encode() instead)
decode: cannot decode batches with this context (calling encode() instead)
decode: cannot decode batches with this context (calling encode() instead)
decode: cannot decode batches with this context (calling encode() instead)
decode: cannot decode batches with this context (calling encode() instead)
decode: cannot decode batches with this context (calling encode() instead)
decode: cannot decode batches with this context (calling encode() instead)
decode: cannot decode batches with this context (calling encode() instead)
decode: cannot decode batches with this context (calling encode() instead)
decode: cannot decode batches with this context (calling encode() instead)
decode: cannot decode batches with this context (calling encode() instead)
decode: cannot decode batches with this context (calling encode() instead)
decode: cannot decode batches with this context (calling encode() instead)
decode: cannot decode batches with this context (calling encode() instead)
decode: cannot decode batches with this context (calling encode() instead)
decode: cannot decode batches with this context (calling encode() instead)
decode: cannot decode batches with this context (calling encode() instead)
decode: cannot decode batches with this context (calling encode() instead)
decode: cannot decode batches with this context (calling encode() instead)
decode: cannot decode batches with this context (calling encode() instead)
decode: cannot decode batches with this context (calling encode() instead)
decode: cannot decode batches with this context (calling encode() instead)
decode: cannot decode batches with this context (calling encode() instead)
decode: cannot decode batches with this context (calling encode() instead)
decode: cannot decode batches with this context (calling encode() instead)
decode: cannot decode batches with this context (calling encode() instead)
decode: cannot decode batches with this context (calling encode() instead)
decode: cannot decode batches with this context (calling encode() instead)
decode: cannot decode batches with this context (calling encode() instead)
decode: cannot decode batches with this context (calling encode() instead)
decode: cannot decode batches with this context (calling encode() instead)
decode: cannot decode batches with this context (calling encode() instead)
decode: cannot decode batches with this context (calling encode() instead)
decode: cannot decode batches with this context (calling encode() instead)
decode: cannot decode batches with this context (calling encode() instead)
decode: cannot decode batches with this context (calling encode() instead)
decode: cannot decode batches with this context (calling encode() instead)
decode: cannot decode batches with this context (calling encode() instead)
decode: cannot decode batches with this context (calling encode() instead)
decode: cannot decode batches with this context (calling encode() instead)
embedding parity max_abs=0.000399479 min_cosine=0.999998
decode: cannot decode batches with this context (calling encode() instead)
embedding parity max_abs=0.000399479 min_cosine=0.999998
decode: cannot decode batches with this context (calling encode() instead)
embedding parity max_abs=0.000399479 min_cosine=0.999998
decode: cannot decode batches with this context (calling encode() instead)
embedding parity max_abs=0.000399479 min_cosine=0.999998
decode: cannot decode batches with this context (calling encode() instead)
embedding parity max_abs=0.000399479 min_cosine=0.999998
decode: cannot decode batches with this context (calling encode() instead)
embedding parity max_abs=0.000399479 min_cosine=0.999998
decode: cannot decode batches with this context (calling encode() instead)
embedding parity max_abs=0.000399479 min_cosine=0.999998
decode: cannot decode batches with this context (calling encode() instead)
embedding parity max_abs=0.000399479 min_cosine=0.999998
decode: cannot decode batches with this context (calling encode() instead)
embedding parity max_abs=0.000399479 min_cosine=0.999998
decode: cannot decode batches with this context (calling encode() instead)
embedding parity max_abs=0.000399479 min_cosine=0.999998
decode: cannot decode batches with this context (calling encode() instead)
embedding parity max_abs=0.000399479 min_cosine=0.999998
decode: cannot decode batches with this context (calling encode() instead)
embedding parity max_abs=0.000399479 min_cosine=0.999998
decode: cannot decode batches with this context (calling encode() instead)
embedding parity max_abs=0.000399479 min_cosine=0.999998
decode: cannot decode batches with this context (calling encode() instead)
embedding parity max_abs=0.000399479 min_cosine=0.999998
decode: cannot decode batches with this context (calling encode() instead)
embedding parity max_abs=0.000399479 min_cosine=0.999998
decode: cannot decode batches with this context (calling encode() instead)
embedding parity max_abs=0.000399479 min_cosine=0.999998
decode: cannot decode batches with this context (calling encode() instead)
embedding parity max_abs=0.000399479 min_cosine=0.999998
decode: cannot decode batches with this context (calling encode() instead)
embedding parity max_abs=0.000399479 min_cosine=0.999998
decode: cannot decode batches with this context (calling encode() instead)
embedding parity max_abs=0.000399479 min_cosine=0.999998
decode: cannot decode batches with this context (calling encode() instead)
embedding parity max_abs=0.000399479 min_cosine=0.999998
decode: cannot decode batches with this context (calling encode() instead)
decode: cannot decode batches with this context (calling encode() instead)
decode: cannot decode batches with this context (calling encode() instead)
decode: cannot decode batches with this context (calling encode() instead)
embedding parity max_abs=0.000399479 min_cosine=0.999998
embedding parity max_abs=0.000399479 min_cosine=0.999998
embedding parity max_abs=0.000399479 min_cosine=0.999998
embedding parity max_abs=0.000399479 min_cosine=0.999998
decode: cannot decode batches with this context (calling encode() instead)
decode: cannot decode batches with this context (calling encode() instead)
llama_model_loader: loaded meta data with 23 key-value pairs and 197 tensors from /Users/adrian/Library/Caches/crexx/native-inference/bge-small-en-v1.5-f16.gguf (version GGUF V3 (latest))
llama_model_loader: Dumping metadata keys/values. Note: KV overrides do not apply in this output.
llama_model_loader: - kv   0:                       general.architecture str              = bert
llama_model_loader: - kv   1:                               general.name str              = bge-small-en-v1.5
llama_model_loader: - kv   2:                           bert.block_count u32              = 12
llama_model_loader: - kv   3:                        bert.context_length u32              = 512
llama_model_loader: - kv   4:                      bert.embedding_length u32              = 384
llama_model_loader: - kv   5:                   bert.feed_forward_length u32              = 1536
llama_model_loader: - kv   6:                  bert.attention.head_count u32              = 12
llama_model_loader: - kv   7:          bert.attention.layer_norm_epsilon f32              = 0.000000
llama_model_loader: - kv   8:                          general.file_type u32              = 1
llama_model_loader: - kv   9:                      bert.attention.causal bool             = false
llama_model_loader: - kv  10:                          bert.pooling_type u32              = 2
llama_model_loader: - kv  11:            tokenizer.ggml.token_type_count u32              = 2
llama_model_loader: - kv  12:                tokenizer.ggml.bos_token_id u32              = 101
llama_model_loader: - kv  13:                tokenizer.ggml.eos_token_id u32              = 102
llama_model_loader: - kv  14:                       tokenizer.ggml.model str              = bert
llama_model_loader: - kv  15:                      tokenizer.ggml.tokens arr[str,30522]   = ["[PAD]", "[unused0]", "[unused1]", "...
llama_model_loader: - kv  16:                      tokenizer.ggml.scores arr[f32,30522]   = [-1000.000000, -1000.000000, -1000.00...
llama_model_loader: - kv  17:                  tokenizer.ggml.token_type arr[i32,30522]   = [3, 1, 1, 1, 1, 1, 1, 1, 1, 1, 1, 1, ...
llama_model_loader: - kv  18:            tokenizer.ggml.unknown_token_id u32              = 100
llama_model_loader: - kv  19:          tokenizer.ggml.seperator_token_id u32              = 102
llama_model_loader: - kv  20:            tokenizer.ggml.padding_token_id u32              = 0
llama_model_loader: - kv  21:                tokenizer.ggml.cls_token_id u32              = 101
llama_model_loader: - kv  22:               tokenizer.ggml.mask_token_id u32              = 103
llama_model_loader: - type  f32:  123 tensors
llama_model_loader: - type  f16:   74 tensors
print_info: file format = GGUF V3 (latest)
print_info: file type   = F16
print_info: file size   = 63.46 MiB (16.03 BPW) 
llama_prepare_model_devices: using device MTL0 (Apple M5) (unknown id) - 17829 MiB free
init_tokenizer: initializing tokenizer for type 3
load: 0 unused tokens
load: control token:    100 '[UNK]' is not marked as EOG
load: control token:    101 '[CLS]' is not marked as EOG
load: control token:    102 '[SEP]' is not marked as EOG
load: control token:    103 '[MASK]' is not marked as EOG
load: special_eos_id is not in special_eog_ids - the tokenizer config may be incorrect
load: printing all EOG tokens:
load:   - 0 ('[PAD]')
load:   - 102 ('[SEP]')
load: special tokens cache size = 5
load: token to piece cache size = 0.2032 MB
print_info: arch                  = bert
print_info: vocab_only            = 0
print_info: no_alloc              = 0
print_info: n_ctx_train           = 512
print_info: n_embd_inp            = 384
print_info: n_embd                = 384
print_info: n_embd_out            = 384
print_info: n_layer               = 12
print_info: n_layer_all           = 12
print_info: n_head                = 12
print_info: n_head_kv             = 12
print_info: n_rot                 = 32
print_info: n_swa                 = 0
print_info: is_swa_any            = 0
print_info: non_causal_type       = 0
print_info: n_embd_head_k         = 32
print_info: n_embd_head_v         = 32
print_info: n_gqa                 = 1
print_info: n_embd_k_gqa          = 384
print_info: n_embd_v_gqa          = 384
print_info: f_norm_eps            = 1.0e-12
print_info: f_norm_rms_eps        = 0.0e+00
print_info: f_clamp_kqv           = 0.0e+00
print_info: f_max_alibi_bias      = 0.0e+00
print_info: f_logit_scale         = 0.0e+00
print_info: f_attn_scale          = 0.0e+00
print_info: f_attn_value_scale    = 0.0000
print_info: n_ff                  = 1536
print_info: n_expert              = 0
print_info: n_expert_used         = 0
print_info: n_expert_groups       = 0
print_info: n_group_used          = 0
print_info: causal attn           = 0
print_info: pooling type          = 2
print_info: rope type             = 2
print_info: rope scaling          = linear
print_info: freq_base_train       = 10000.0
print_info: freq_scale_train      = 1
print_info: n_ctx_orig_yarn       = 512
print_info: rope_yarn_log_mul     = 0.0000
print_info: rope_finetuned        = unknown
print_info: model type            = 33M
print_info: model params          = 33.21 M
print_info: general.name          = bge-small-en-v1.5
print_info: vocab type            = WPM
print_info: n_vocab               = 30522
print_info: n_merges              = 0
print_info: BOS token             = 101 '[CLS]'
print_info: EOS token             = 102 '[SEP]'
print_info: UNK token             = 100 '[UNK]'
print_info: SEP token             = 102 '[SEP]'
print_info: PAD token             = 0 '[PAD]'
print_info: MASK token            = 103 '[MASK]'
print_info: LF token              = 0 '[PAD]'
print_info: FIM PAD token         = 0 '[PAD]'
print_info: EOG token             = 0 '[PAD]'
print_info: EOG token             = 102 '[SEP]'
print_info: max token length      = 21
load_tensors: loading model tensors, this can take a while... (load_mode = mmap)
load_tensors: layer   0 assigned to device MTL0, is_swa = 0
load_tensors: layer   1 assigned to device MTL0, is_swa = 0
load_tensors: layer   2 assigned to device MTL0, is_swa = 0
load_tensors: layer   3 assigned to device MTL0, is_swa = 0
load_tensors: layer   4 assigned to device MTL0, is_swa = 0
load_tensors: layer   5 assigned to device MTL0, is_swa = 0
load_tensors: layer   6 assigned to device MTL0, is_swa = 0
load_tensors: layer   7 assigned to device MTL0, is_swa = 0
load_tensors: layer   8 assigned to device MTL0, is_swa = 0
load_tensors: layer   9 assigned to device MTL0, is_swa = 0
load_tensors: layer  10 assigned to device MTL0, is_swa = 0
load_tensors: layer  11 assigned to device MTL0, is_swa = 0
load_tensors: layer  12 assigned to device MTL0, is_swa = 0
create_tensor: loading tensor token_embd.weight
create_tensor: loading tensor token_types.weight
create_tensor: loading tensor position_embd.weight
create_tensor: loading tensor cls.weight
create_tensor: loading tensor cls.bias
create_tensor: loading tensor cls.output.weight
create_tensor: loading tensor cls.output.bias
create_tensor: loading tensor token_embd_norm.weight
create_tensor: loading tensor token_embd_norm.bias
create_tensor: loading tensor blk.0.attn_qkv.weight
create_tensor: loading tensor blk.0.attn_q.weight
create_tensor: loading tensor blk.0.attn_k.weight
create_tensor: loading tensor blk.0.attn_v.weight
create_tensor: loading tensor blk.0.attn_q.bias
create_tensor: loading tensor blk.0.attn_k.bias
create_tensor: loading tensor blk.0.attn_v.bias
create_tensor: loading tensor blk.0.attn_output.weight
create_tensor: loading tensor blk.0.attn_output.bias
create_tensor: loading tensor blk.0.attn_output_norm.weight
create_tensor: loading tensor blk.0.attn_output_norm.bias
create_tensor: loading tensor blk.0.ffn_up.weight
create_tensor: loading tensor blk.0.ffn_up.bias
create_tensor: loading tensor blk.0.ffn_down.weight
create_tensor: loading tensor blk.0.ffn_down.bias
create_tensor: loading tensor blk.0.layer_output_norm.weight
create_tensor: loading tensor blk.0.layer_output_norm.bias
create_tensor: loading tensor blk.1.attn_qkv.weight
create_tensor: loading tensor blk.1.attn_q.weight
create_tensor: loading tensor blk.1.attn_k.weight
create_tensor: loading tensor blk.1.attn_v.weight
create_tensor: loading tensor blk.1.attn_q.bias
create_tensor: loading tensor blk.1.attn_k.bias
create_tensor: loading tensor blk.1.attn_v.bias
create_tensor: loading tensor blk.1.attn_output.weight
create_tensor: loading tensor blk.1.attn_output.bias
create_tensor: loading tensor blk.1.attn_output_norm.weight
create_tensor: loading tensor blk.1.attn_output_norm.bias
create_tensor: loading tensor blk.1.ffn_up.weight
create_tensor: loading tensor blk.1.ffn_up.bias
create_tensor: loading tensor blk.1.ffn_down.weight
create_tensor: loading tensor blk.1.ffn_down.bias
create_tensor: loading tensor blk.1.layer_output_norm.weight
create_tensor: loading tensor blk.1.layer_output_norm.bias
create_tensor: loading tensor blk.2.attn_qkv.weight
create_tensor: loading tensor blk.2.attn_q.weight
create_tensor: loading tensor blk.2.attn_k.weight
create_tensor: loading tensor blk.2.attn_v.weight
create_tensor: loading tensor blk.2.attn_q.bias
create_tensor: loading tensor blk.2.attn_k.bias
create_tensor: loading tensor blk.2.attn_v.bias
create_tensor: loading tensor blk.2.attn_output.weight
create_tensor: loading tensor blk.2.attn_output.bias
create_tensor: loading tensor blk.2.attn_output_norm.weight
create_tensor: loading tensor blk.2.attn_output_norm.bias
create_tensor: loading tensor blk.2.ffn_up.weight
create_tensor: loading tensor blk.2.ffn_up.bias
create_tensor: loading tensor blk.2.ffn_down.weight
create_tensor: loading tensor blk.2.ffn_down.bias
create_tensor: loading tensor blk.2.layer_output_norm.weight
create_tensor: loading tensor blk.2.layer_output_norm.bias
create_tensor: loading tensor blk.3.attn_qkv.weight
create_tensor: loading tensor blk.3.attn_q.weight
create_tensor: loading tensor blk.3.attn_k.weight
create_tensor: loading tensor blk.3.attn_v.weight
create_tensor: loading tensor blk.3.attn_q.bias
create_tensor: loading tensor blk.3.attn_k.bias
create_tensor: loading tensor blk.3.attn_v.bias
create_tensor: loading tensor blk.3.attn_output.weight
create_tensor: loading tensor blk.3.attn_output.bias
create_tensor: loading tensor blk.3.attn_output_norm.weight
create_tensor: loading tensor blk.3.attn_output_norm.bias
create_tensor: loading tensor blk.3.ffn_up.weight
create_tensor: loading tensor blk.3.ffn_up.bias
create_tensor: loading tensor blk.3.ffn_down.weight
create_tensor: loading tensor blk.3.ffn_down.bias
create_tensor: loading tensor blk.3.layer_output_norm.weight
create_tensor: loading tensor blk.3.layer_output_norm.bias
create_tensor: loading tensor blk.4.attn_qkv.weight
create_tensor: loading tensor blk.4.attn_q.weight
create_tensor: loading tensor blk.4.attn_k.weight
create_tensor: loading tensor blk.4.attn_v.weight
create_tensor: loading tensor blk.4.attn_q.bias
create_tensor: loading tensor blk.4.attn_k.bias
create_tensor: loading tensor blk.4.attn_v.bias
create_tensor: loading tensor blk.4.attn_output.weight
create_tensor: loading tensor blk.4.attn_output.bias
create_tensor: loading tensor blk.4.attn_output_norm.weight
create_tensor: loading tensor blk.4.attn_output_norm.bias
create_tensor: loading tensor blk.4.ffn_up.weight
create_tensor: loading tensor blk.4.ffn_up.bias
create_tensor: loading tensor blk.4.ffn_down.weight
create_tensor: loading tensor blk.4.ffn_down.bias
create_tensor: loading tensor blk.4.layer_output_norm.weight
create_tensor: loading tensor blk.4.layer_output_norm.bias
create_tensor: loading tensor blk.5.attn_qkv.weight
create_tensor: loading tensor blk.5.attn_q.weight
create_tensor: loading tensor blk.5.attn_k.weight
create_tensor: loading tensor blk.5.attn_v.weight
create_tensor: loading tensor blk.5.attn_q.bias
create_tensor: loading tensor blk.5.attn_k.bias
create_tensor: loading tensor blk.5.attn_v.bias
create_tensor: loading tensor blk.5.attn_output.weight
create_tensor: loading tensor blk.5.attn_output.bias
create_tensor: loading tensor blk.5.attn_output_norm.weight
create_tensor: loading tensor blk.5.attn_output_norm.bias
create_tensor: loading tensor blk.5.ffn_up.weight
create_tensor: loading tensor blk.5.ffn_up.bias
create_tensor: loading tensor blk.5.ffn_down.weight
create_tensor: loading tensor blk.5.ffn_down.bias
create_tensor: loading tensor blk.5.layer_output_norm.weight
create_tensor: loading tensor blk.5.layer_output_norm.bias
create_tensor: loading tensor blk.6.attn_qkv.weight
create_tensor: loading tensor blk.6.attn_q.weight
create_tensor: loading tensor blk.6.attn_k.weight
create_tensor: loading tensor blk.6.attn_v.weight
create_tensor: loading tensor blk.6.attn_q.bias
create_tensor: loading tensor blk.6.attn_k.bias
create_tensor: loading tensor blk.6.attn_v.bias
create_tensor: loading tensor blk.6.attn_output.weight
create_tensor: loading tensor blk.6.attn_output.bias
create_tensor: loading tensor blk.6.attn_output_norm.weight
create_tensor: loading tensor blk.6.attn_output_norm.bias
create_tensor: loading tensor blk.6.ffn_up.weight
create_tensor: loading tensor blk.6.ffn_up.bias
create_tensor: loading tensor blk.6.ffn_down.weight
create_tensor: loading tensor blk.6.ffn_down.bias
create_tensor: loading tensor blk.6.layer_output_norm.weight
create_tensor: loading tensor blk.6.layer_output_norm.bias
create_tensor: loading tensor blk.7.attn_qkv.weight
create_tensor: loading tensor blk.7.attn_q.weight
create_tensor: loading tensor blk.7.attn_k.weight
create_tensor: loading tensor blk.7.attn_v.weight
create_tensor: loading tensor blk.7.attn_q.bias
create_tensor: loading tensor blk.7.attn_k.bias
create_tensor: loading tensor blk.7.attn_v.bias
create_tensor: loading tensor blk.7.attn_output.weight
create_tensor: loading tensor blk.7.attn_output.bias
create_tensor: loading tensor blk.7.attn_output_norm.weight
create_tensor: loading tensor blk.7.attn_output_norm.bias
create_tensor: loading tensor blk.7.ffn_up.weight
create_tensor: loading tensor blk.7.ffn_up.bias
create_tensor: loading tensor blk.7.ffn_down.weight
create_tensor: loading tensor blk.7.ffn_down.bias
create_tensor: loading tensor blk.7.layer_output_norm.weight
create_tensor: loading tensor blk.7.layer_output_norm.bias
create_tensor: loading tensor blk.8.attn_qkv.weight
create_tensor: loading tensor blk.8.attn_q.weight
create_tensor: loading tensor blk.8.attn_k.weight
create_tensor: loading tensor blk.8.attn_v.weight
create_tensor: loading tensor blk.8.attn_q.bias
create_tensor: loading tensor blk.8.attn_k.bias
create_tensor: loading tensor blk.8.attn_v.bias
create_tensor: loading tensor blk.8.attn_output.weight
create_tensor: loading tensor blk.8.attn_output.bias
create_tensor: loading tensor blk.8.attn_output_norm.weight
create_tensor: loading tensor blk.8.attn_output_norm.bias
create_tensor: loading tensor blk.8.ffn_up.weight
create_tensor: loading tensor blk.8.ffn_up.bias
create_tensor: loading tensor blk.8.ffn_down.weight
create_tensor: loading tensor blk.8.ffn_down.bias
create_tensor: loading tensor blk.8.layer_output_norm.weight
create_tensor: loading tensor blk.8.layer_output_norm.bias
create_tensor: loading tensor blk.9.attn_qkv.weight
create_tensor: loading tensor blk.9.attn_q.weight
create_tensor: loading tensor blk.9.attn_k.weight
create_tensor: loading tensor blk.9.attn_v.weight
create_tensor: loading tensor blk.9.attn_q.bias
create_tensor: loading tensor blk.9.attn_k.bias
create_tensor: loading tensor blk.9.attn_v.bias
create_tensor: loading tensor blk.9.attn_output.weight
create_tensor: loading tensor blk.9.attn_output.bias
create_tensor: loading tensor blk.9.attn_output_norm.weight
create_tensor: loading tensor blk.9.attn_output_norm.bias
create_tensor: loading tensor blk.9.ffn_up.weight
create_tensor: loading tensor blk.9.ffn_up.bias
create_tensor: loading tensor blk.9.ffn_down.weight
create_tensor: loading tensor blk.9.ffn_down.bias
create_tensor: loading tensor blk.9.layer_output_norm.weight
create_tensor: loading tensor blk.9.layer_output_norm.bias
create_tensor: loading tensor blk.10.attn_qkv.weight
create_tensor: loading tensor blk.10.attn_q.weight
create_tensor: loading tensor blk.10.attn_k.weight
create_tensor: loading tensor blk.10.attn_v.weight
create_tensor: loading tensor blk.10.attn_q.bias
create_tensor: loading tensor blk.10.attn_k.bias
create_tensor: loading tensor blk.10.attn_v.bias
create_tensor: loading tensor blk.10.attn_output.weight
create_tensor: loading tensor blk.10.attn_output.bias
create_tensor: loading tensor blk.10.attn_output_norm.weight
create_tensor: loading tensor blk.10.attn_output_norm.bias
create_tensor: loading tensor blk.10.ffn_up.weight
create_tensor: loading tensor blk.10.ffn_up.bias
create_tensor: loading tensor blk.10.ffn_down.weight
create_tensor: loading tensor blk.10.ffn_down.bias
create_tensor: loading tensor blk.10.layer_output_norm.weight
create_tensor: loading tensor blk.10.layer_output_norm.bias
create_tensor: loading tensor blk.11.attn_qkv.weight
create_tensor: loading tensor blk.11.attn_q.weight
create_tensor: loading tensor blk.11.attn_k.weight
create_tensor: loading tensor blk.11.attn_v.weight
create_tensor: loading tensor blk.11.attn_q.bias
create_tensor: loading tensor blk.11.attn_k.bias
create_tensor: loading tensor blk.11.attn_v.bias
create_tensor: loading tensor blk.11.attn_output.weight
create_tensor: loading tensor blk.11.attn_output.bias
create_tensor: loading tensor blk.11.attn_output_norm.weight
create_tensor: loading tensor blk.11.attn_output_norm.bias
create_tensor: loading tensor blk.11.ffn_up.weight
create_tensor: loading tensor blk.11.ffn_up.bias
create_tensor: loading tensor blk.11.ffn_down.weight
create_tensor: loading tensor blk.11.ffn_down.bias
create_tensor: loading tensor blk.11.layer_output_norm.weight
create_tensor: loading tensor blk.11.layer_output_norm.bias
create_tensor: loading tensor blk.0.attn_q.scale
create_tensor: loading tensor blk.0.attn_k.scale
create_tensor: loading tensor blk.0.attn_v.scale
create_tensor: loading tensor blk.0.attn_output.scale
create_tensor: loading tensor blk.0.ffn_down.scale
create_tensor: loading tensor blk.0.ffn_up.scale
create_tensor: loading tensor blk.0.attn_q.input_scale
create_tensor: loading tensor blk.0.attn_k.input_scale
create_tensor: loading tensor blk.0.attn_v.input_scale
create_tensor: loading tensor blk.0.attn_output.input_scale
create_tensor: loading tensor blk.0.ffn_down.input_scale
create_tensor: loading tensor blk.0.ffn_up.input_scale
create_tensor: loading tensor blk.1.attn_q.scale
create_tensor: loading tensor blk.1.attn_k.scale
create_tensor: loading tensor blk.1.attn_v.scale
create_tensor: loading tensor blk.1.attn_output.scale
create_tensor: loading tensor blk.1.ffn_down.scale
create_tensor: loading tensor blk.1.ffn_up.scale
create_tensor: loading tensor blk.1.attn_q.input_scale
create_tensor: loading tensor blk.1.attn_k.input_scale
create_tensor: loading tensor blk.1.attn_v.input_scale
create_tensor: loading tensor blk.1.attn_output.input_scale
create_tensor: loading tensor blk.1.ffn_down.input_scale
create_tensor: loading tensor blk.1.ffn_up.input_scale
create_tensor: loading tensor blk.2.attn_q.scale
create_tensor: loading tensor blk.2.attn_k.scale
create_tensor: loading tensor blk.2.attn_v.scale
create_tensor: loading tensor blk.2.attn_output.scale
create_tensor: loading tensor blk.2.ffn_down.scale
create_tensor: loading tensor blk.2.ffn_up.scale
create_tensor: loading tensor blk.2.attn_q.input_scale
create_tensor: loading tensor blk.2.attn_k.input_scale
create_tensor: loading tensor blk.2.attn_v.input_scale
create_tensor: loading tensor blk.2.attn_output.input_scale
create_tensor: loading tensor blk.2.ffn_down.input_scale
create_tensor: loading tensor blk.2.ffn_up.input_scale
create_tensor: loading tensor blk.3.attn_q.scale
create_tensor: loading tensor blk.3.attn_k.scale
create_tensor: loading tensor blk.3.attn_v.scale
create_tensor: loading tensor blk.3.attn_output.scale
create_tensor: loading tensor blk.3.ffn_down.scale
create_tensor: loading tensor blk.3.ffn_up.scale
create_tensor: loading tensor blk.3.attn_q.input_scale
create_tensor: loading tensor blk.3.attn_k.input_scale
create_tensor: loading tensor blk.3.attn_v.input_scale
create_tensor: loading tensor blk.3.attn_output.input_scale
create_tensor: loading tensor blk.3.ffn_down.input_scale
create_tensor: loading tensor blk.3.ffn_up.input_scale
create_tensor: loading tensor blk.4.attn_q.scale
create_tensor: loading tensor blk.4.attn_k.scale
create_tensor: loading tensor blk.4.attn_v.scale
create_tensor: loading tensor blk.4.attn_output.scale
create_tensor: loading tensor blk.4.ffn_down.scale
create_tensor: loading tensor blk.4.ffn_up.scale
create_tensor: loading tensor blk.4.attn_q.input_scale
create_tensor: loading tensor blk.4.attn_k.input_scale
create_tensor: loading tensor blk.4.attn_v.input_scale
create_tensor: loading tensor blk.4.attn_output.input_scale
create_tensor: loading tensor blk.4.ffn_down.input_scale
create_tensor: loading tensor blk.4.ffn_up.input_scale
create_tensor: loading tensor blk.5.attn_q.scale
create_tensor: loading tensor blk.5.attn_k.scale
create_tensor: loading tensor blk.5.attn_v.scale
create_tensor: loading tensor blk.5.attn_output.scale
create_tensor: loading tensor blk.5.ffn_down.scale
create_tensor: loading tensor blk.5.ffn_up.scale
create_tensor: loading tensor blk.5.attn_q.input_scale
create_tensor: loading tensor blk.5.attn_k.input_scale
create_tensor: loading tensor blk.5.attn_v.input_scale
create_tensor: loading tensor blk.5.attn_output.input_scale
create_tensor: loading tensor blk.5.ffn_down.input_scale
create_tensor: loading tensor blk.5.ffn_up.input_scale
create_tensor: loading tensor blk.6.attn_q.scale
create_tensor: loading tensor blk.6.attn_k.scale
create_tensor: loading tensor blk.6.attn_v.scale
create_tensor: loading tensor blk.6.attn_output.scale
create_tensor: loading tensor blk.6.ffn_down.scale
create_tensor: loading tensor blk.6.ffn_up.scale
create_tensor: loading tensor blk.6.attn_q.input_scale
create_tensor: loading tensor blk.6.attn_k.input_scale
create_tensor: loading tensor blk.6.attn_v.input_scale
create_tensor: loading tensor blk.6.attn_output.input_scale
create_tensor: loading tensor blk.6.ffn_down.input_scale
create_tensor: loading tensor blk.6.ffn_up.input_scale
create_tensor: loading tensor blk.7.attn_q.scale
create_tensor: loading tensor blk.7.attn_k.scale
create_tensor: loading tensor blk.7.attn_v.scale
create_tensor: loading tensor blk.7.attn_output.scale
create_tensor: loading tensor blk.7.ffn_down.scale
create_tensor: loading tensor blk.7.ffn_up.scale
create_tensor: loading tensor blk.7.attn_q.input_scale
create_tensor: loading tensor blk.7.attn_k.input_scale
create_tensor: loading tensor blk.7.attn_v.input_scale
create_tensor: loading tensor blk.7.attn_output.input_scale
create_tensor: loading tensor blk.7.ffn_down.input_scale
create_tensor: loading tensor blk.7.ffn_up.input_scale
create_tensor: loading tensor blk.8.attn_q.scale
create_tensor: loading tensor blk.8.attn_k.scale
create_tensor: loading tensor blk.8.attn_v.scale
create_tensor: loading tensor blk.8.attn_output.scale
create_tensor: loading tensor blk.8.ffn_down.scale
create_tensor: loading tensor blk.8.ffn_up.scale
create_tensor: loading tensor blk.8.attn_q.input_scale
create_tensor: loading tensor blk.8.attn_k.input_scale
create_tensor: loading tensor blk.8.attn_v.input_scale
create_tensor: loading tensor blk.8.attn_output.input_scale
create_tensor: loading tensor blk.8.ffn_down.input_scale
create_tensor: loading tensor blk.8.ffn_up.input_scale
create_tensor: loading tensor blk.9.attn_q.scale
create_tensor: loading tensor blk.9.attn_k.scale
create_tensor: loading tensor blk.9.attn_v.scale
create_tensor: loading tensor blk.9.attn_output.scale
create_tensor: loading tensor blk.9.ffn_down.scale
create_tensor: loading tensor blk.9.ffn_up.scale
create_tensor: loading tensor blk.9.attn_q.input_scale
create_tensor: loading tensor blk.9.attn_k.input_scale
create_tensor: loading tensor blk.9.attn_v.input_scale
create_tensor: loading tensor blk.9.attn_output.input_scale
create_tensor: loading tensor blk.9.ffn_down.input_scale
create_tensor: loading tensor blk.9.ffn_up.input_scale
create_tensor: loading tensor blk.10.attn_q.scale
create_tensor: loading tensor blk.10.attn_k.scale
create_tensor: loading tensor blk.10.attn_v.scale
create_tensor: loading tensor blk.10.attn_output.scale
create_tensor: loading tensor blk.10.ffn_down.scale
create_tensor: loading tensor blk.10.ffn_up.scale
create_tensor: loading tensor blk.10.attn_q.input_scale
create_tensor: loading tensor blk.10.attn_k.input_scale
create_tensor: loading tensor blk.10.attn_v.input_scale
create_tensor: loading tensor blk.10.attn_output.input_scale
create_tensor: loading tensor blk.10.ffn_down.input_scale
create_tensor: loading tensor blk.10.ffn_up.input_scale
create_tensor: loading tensor blk.11.attn_q.scale
create_tensor: loading tensor blk.11.attn_k.scale
create_tensor: loading tensor blk.11.attn_v.scale
create_tensor: loading tensor blk.11.attn_output.scale
create_tensor: loading tensor blk.11.ffn_down.scale
create_tensor: loading tensor blk.11.ffn_up.scale
create_tensor: loading tensor blk.11.attn_q.input_scale
create_tensor: loading tensor blk.11.attn_k.input_scale
create_tensor: loading tensor blk.11.attn_v.input_scale
create_tensor: loading tensor blk.11.attn_output.input_scale
create_tensor: loading tensor blk.11.ffn_down.input_scale
create_tensor: loading tensor blk.11.ffn_up.input_scale
done_getting_tensors: tensor 'token_embd.weight' (f16) (and 2 others) cannot be used with preferred buffer type CPU_REPACK, using CPU instead
ggml_metal_log_allocated_size: allocated buffer, size =    63.48 MiB, (  420.66 / 18186.25)
load_tensors: offloading output layer to GPU
load_tensors: offloading 11 repeating layers to GPU
load_tensors: offloaded 13/13 layers to GPU
load_tensors:   CPU_Mapped model buffer size =    22.73 MiB
load_tensors:  MTL0_Mapped model buffer size =    63.46 MiB
llama_model_load_from_file_impl: cancelled model load
~llama_context:       MTL0 compute buffer size is  73.2359 MiB, matches expectation of  73.2359 MiB
~llama_context:        CPU compute buffer size is  50.0469 MiB, matches expectation of  50.0469 MiB
ggml_metal_free: deallocating
~llama_context:       MTL0 compute buffer size is  73.2359 MiB, matches expectation of  73.2359 MiB
~llama_context:        CPU compute buffer size is  50.0469 MiB, matches expectation of  50.0469 MiB
ggml_metal_free: deallocating
~llama_context:       MTL0 compute buffer size is  73.2359 MiB, matches expectation of  73.2359 MiB
~llama_context:        CPU compute buffer size is  50.0469 MiB, matches expectation of  50.0469 MiB
ggml_metal_free: deallocating
~llama_context:       MTL0 compute buffer size is  73.2359 MiB, matches expectation of  73.2359 MiB
~llama_context:        CPU compute buffer size is  50.0469 MiB, matches expectation of  50.0469 MiB
ggml_metal_free: deallocating
CONTROL_JSON {"profile":"bge","device":"metal","devices":[{"name":"CPU","description":"Apple M5"},{"name":"MTL0","description":"Apple M5"}],"model_bytes":66547200,"model_parameters":33212160,"model_loads":1,"owners":4,"repeated_requests":100,"batches":20,"threads_per_context":2,"input_token_ids":[[101,1996,4937,2003,5777,2006,1037,4010,3645,8591,1012,102],[101,5050,2023,6251,2005,6575,7882,13768,1024,2073,2515,1996,4937,3637,1029,102],[101,14753,23099,2099,1012,7668,1010,2358,27807,1010,1864,1876,1950,1012,102],[101,102],[101,1037,5777,4937,16626,3875,1996,3332,1012,102],[101,3194,3194,3194,3194,3194,3194,3194,3194,3194,3194,3194,3194,3194,3194,3194,3194,3194,3194,3194,3194,3194,3194,3194,3194,3194,3194,3194,3194,3194,3194,3194,3194,3194,3194,3194,3194,3194,3194,3194,3194,3194,3194,3194,3194,3194,3194,3194,3194,3194,3194,3194,3194,3194,3194,3194,3194,3194,3194,3194,3194,3194,3194,3194,3194,3194,3194,3194,3194,3194,3194,3194,3194,3194,3194,3194,3194,3194,3194,3194,3194,3194,3194,3194,3194,3194,3194,3194,3194,3194,3194,3194,3194,3194,3194,3194,3194,3194,3194,3194,3194,3194,3194,3194,3194,3194,3194,3194,3194,3194,3194,3194,3194,3194,3194,3194,3194,3194,3194,3194,3194,3194,3194,3194,3194,3194,3194,102],[101,2193,2193,2193,2193,2193,2193,2193,2193,2193,2193,2193,2193,2193,2193,2193,2193,2193,2193,2193,2193,2193,2193,2193,2193,2193,2193,2193,2193,2193,2193,102],[101,4542,4542,4542,4542,4542,4542,4542,4542,4542,4542,4542,4542,4542,4542,4542,4542,4542,4542,4542,4542,4542,4542,4542,4542,4542,4542,4542,4542,4542,4542,4542,4542,4542,4542,4542,4542,4542,4542,4542,4542,4542,4542,4542,4542,4542,4542,4542,4542,4542,4542,4542,4542,4542,4542,4542,4542,4542,4542,4542,4542,4542,4542,4542,4542,4542,4542,4542,4542,4542,4542,4542,4542,4542,4542,4542,4542,4542,4542,4542,4542,4542,4542,4542,4542,4542,4542,4542,4542,4542,4542,4542,4542,4542,4542,4542,4542,4542,4542,4542,4542,4542,4542,4542,4542,4542,4542,4542,4542,4542,4542,4542,4542,4542,4542,4542,4542,4542,4542,4542,4542,4542,4542,4542,4542,4542,4542,4542,4542,4542,4542,4542,4542,4542,4542,4542,4542,4542,4542,4542,4542,4542,4542,4542,4542,4542,4542,4542,4542,4542,4542,4542,4542,4542,4542,4542,4542,4542,4542,4542,4542,4542,4542,4542,4542,4542,4542,4542,4542,4542,4542,4542,4542,4542,4542,4542,4542,4542,4542,4542,4542,4542,4542,4542,4542,4542,4542,4542,4542,4542,4542,4542,4542,4542,4542,4542,4542,4542,4542,4542,4542,4542,4542,4542,4542,4542,4542,4542,4542,4542,4542,4542,4542,4542,4542,4542,4542,4542,4542,4542,4542,4542,4542,4542,4542,4542,4542,4542,4542,4542,4542,4542,4542,4542,4542,4542,4542,4542,4542,4542,4542,4542,4542,4542,4542,4542,4542,4542,4542,4542,4542,4542,4542,4542,4542,4542,4542,4542,4542,4542,4542,4542,4542,4542,4542,4542,4542,4542,4542,4542,4542,4542,4542,4542,4542,4542,4542,4542,4542,4542,4542,4542,4542,4542,4542,4542,4542,4542,4542,4542,4542,4542,4542,4542,4542,4542,4542,4542,4542,4542,4542,4542,4542,4542,4542,4542,4542,4542,4542,4542,4542,4542,4542,4542,4542,4542,4542,4542,4542,4542,4542,4542,4542,4542,4542,4542,4542,4542,4542,4542,4542,4542,4542,4542,4542,4542,4542,4542,4542,4542,4542,4542,4542,4542,4542,4542,4542,4542,4542,4542,4542,4542,4542,4542,4542,4542,4542,4542,4542,4542,4542,4542,4542,4542,4542,4542,4542,4542,4542,4542,4542,4542,4542,4542,4542,4542,4542,4542,4542,4542,4542,4542,4542,102]],"flash_attention":"auto","context_model_identity_shared":true,"resident_after_model_bytes":150159360,"resident_after_each_context_bytes":[152485888,155582464,158777344,162021376],"warm_upstream_counters":{"prompt_tokens":19213,"generated_tokens":1,"prompt_eval_ms":637.686,"token_eval_ms":0.0},"boundary_tokens":[512,513],"query_boundary_tokens":[512,513],"vectors":[[-0.022158272655186193,0.030832195488738036,0.03104818373535783,0.07127411406505936,0.007864030686436619,0.0069372600133113475,0.054961044942916176,0.04649304690484781,0.08249327099604627,0.037283330894686155,-0.07520243155992608,1.7254771358022894e-05,-0.03932514403791255,0.0714152239245885,0.05831349671959026,-0.03146018773551501,0.045922830548984196,-0.04184989206387165,0.002271102398894766,-0.03153794954639688,0.008376458563681154,-0.06302766971790165,-0.025905308725655916,-0.0363889928649495,-0.005874681841898158,-0.003210248045517506,-0.022884934052872567,0.06782261214958261,-0.046625590411041445,-0.06672058033211803,-0.010352041073649428,0.010724153795186203,-0.027588677717401255,0.018212006770317507,0.05823708431076202,-0.02705110883510395,-0.040410271405769894,-0.01412051568532824,-0.022683654959981703,0.04865490648002484,0.03754201663912247,0.028972716102107197,-0.033179201753149784,0.04779790190710542,0.061532263704751726,0.054352337061308695,0.009059333207415676,-0.01698893493133046,0.05913649770344668,0.007255742395019941,0.015205233533159359,-0.07227175855649422,0.012158338242775867,-0.009562812904251062,0.02485336087172682,0.026490752848724295,0.05283481696674248,-0.029087260867475973,0.08009376560696074,0.02809179153159026,-0.037919912991849325,0.11619052565253854,-0.10260727674457022,0.028017767430128092,0.06362460222039433,-0.12938689897769673,-0.09218354868682142,-0.03413947586383061,0.03172436171964708,-0.02271736819263266,-0.05009455734862034,-0.061907504890751155,-0.003149236904437933,-0.027268154449004576,0.1389238416291434,-0.030347390912115087,0.07332801140578099,0.07211934325886396,0.008541328137354934,0.00754818249194591,-0.0943828927712844,0.040157104111523075,0.010081215745812689,-0.044519506120748,-0.04147173388686573,-0.008615932112460796,-0.019533242573624224,-0.009541569052890506,-0.010730256314921301,-0.08148348859957175,-0.12582416873771934,0.013001563473829181,-0.06709174645818435,-0.11882890877233275,-0.017859297577564406,0.004351540497545701,-0.01662156190058904,0.054686807507647796,-0.07275230681022161,0.21079081985020537,0.02263923378566135,0.056656088612130534,0.012008538670395108,0.04385449594897728,0.011132910167266535,0.02016296185362656,-0.024080188740569875,-0.003193175130448666,-0.07124062741111144,0.01258784754569351,0.019586047159956897,-0.011908840684337847,-0.03322433287407298,0.02523810493636765,0.09218825481040152,0.018574594794522965,0.042229570835729056,0.01505243892599662,0.052559643006168215,0.04209057571076158,-0.04609754454771469,-0.0857503650275968,-0.02137899800429415,0.02180609214607351,0.07110734542618198,-0.004610238410097546,0.060865947768307206,0.018242855041145634,0.039101992547555295,0.02632162611297459,0.02248883923439003,0.005765541817777167,0.04993838923632351,0.0417181206036291,0.011781852552270499,0.028821646849809056,-0.02114273851637609,-0.007217704865862527,0.027289699566122132,-0.11180766106888834,-0.04517265699536576,-0.050874840694331076,-0.0069812179600610485,-0.08603764668271699,0.08858065863050153,-0.009358829972170636,-0.025726588479783596,0.08176155941082333,-0.05048015402052888,0.003218974262715719,0.04738660953191186,0.0032495732969705076,-0.03743092594020442,-0.12521640073813928,0.01812888763187941,-0.0121175280616376,-0.029156647658149338,0.08912192326319947,-0.020131076355846753,0.03563596609803358,0.042383416096729576,-0.012814995213028008,0.016869679007299306,-0.009833595433888339,-0.032662410977101236,0.0786997728645681,-0.011311983708079515,-0.014407072288598713,-0.04951485825444448,0.03692286599684618,0.07001009358017107,0.06537558229712553,-0.061034703586328246,0.019498617991078833,-0.011045304770508331,-0.011474199793386633,0.017810561337721798,0.04430439397844661,0.03222265360336332,0.055842422670839185,-0.014670136876266286,-0.014555776730581466,-0.03608430660871464,0.04801691120309903,0.07965576044185965,0.007694267012777264,0.002668508856313769,-0.017132851010055725,-0.09788023407592641,-0.040463099489153255,0.007458673834082204,0.026026008039943448,0.011486878969772438,-0.050461561139993845,-0.02854305574672086,-0.04814653100484312,0.044612588008676624,0.06939220842191027,0.07400130260955748,0.10754458444963123,0.028096185480068387,-0.050420763546561304,-0.035711099595960236,0.010195325815743788,0.04282040081848664,0.009088642421423924,-0.0745885341868387,0.06806600131402286,0.0501684354326961,-0.07661732996398549,0.05004584460582841,-0.031376696000987477,0.02695384111543184,-0.08027970112575418,-0.04040929795652722,-0.03555654606671764,-0.07129207923866894,0.02846179623200842,0.06575937640957438,0.017774669592800166,0.047955513409658625,-0.12476229002315423,0.06280622679880137,-0.2208022686566318,-0.058964465725215826,0.02295080971282926,-0.08766813388353455,-0.03902918190092494,-0.08883433278969885,0.028084267440288708,-0.06360707342058318,0.04476048851585379,-0.10613853436351556,0.06791837270128934,-0.024865493741684196,0.039475817197070565,0.013753438885261527,0.018818051093393746,0.07919903148408397,-0.0028715435145629706,-0.03973510379466011,0.028951521762389153,0.0074759324178104766,-0.026611727414176996,-0.011686682783552426,0.00844015235464565,-0.01883603808569326,-0.02139460675939217,0.007873777766569064,0.0521227522726139,0.02443171972406719,0.05637399644849024,-0.023692950631834887,0.011936552098899501,0.02651791376095561,-0.02352031444372927,-0.09271420607949576,-0.0015825877287129633,0.08541602213667569,0.07400935874122097,0.08864367772043921,0.017935308858170233,0.017137290274274464,0.037243661159686504,0.05834110911086689,-0.059678708931615074,-0.01126243430244712,-0.01323946020267177,-0.01514340104428128,-0.004163149117365472,-0.024552702681323705,-0.028879758412875055,0.029104020978057563,0.001987134876896667,0.0657329120170598,0.005263646073912077,-0.011817957449009058,0.040045942921452964,-0.049055937357512035,-0.011399046155130816,0.027725230827458237,-0.02166230194440549,-0.02459032481619222,0.013810782598278353,-0.10432507898573395,0.07517131475137584,-0.04641110933238703,0.037220560202141435,-0.0472644550788426,-0.07390987222861987,-0.005489743087408793,0.080455788023589,-0.026091474179873914,-0.04034287850768324,0.004733148964690631,-0.019723674420902348,-0.017074355102374945,0.01936595532127101,0.0023570353091524146,0.05156486179819542,0.015037724737185402,-0.01296624824582972,-0.08723709055887931,0.03372969737004547,-0.028226261795940073,-0.02350153526514951,-0.004897365656027517,-0.018500574049782326,-0.030736961942310962,-0.04324206881991848,0.07268427949176647,-0.015453906177282253,-0.027308891621449644,0.06657034690347999,0.024990558472316883,0.02922980069037539,-0.045102501515462835,0.06152517430888785,0.06210491368372202,-0.20733665941127966,-0.040771441215130426,-0.04810470289790195,-0.07086721228162239,-0.053793187816317804,-0.10299072847142338,-0.024435779678753437,0.08136596306548748,-0.04831899264342936,-0.016405770022178544,-0.04450006398966677,0.03809479146993462,-0.013518715936622202,0.06051972879662551,-0.021774043847299675,-0.01640958997127565,-0.0037001695245173468,-0.004960484608430609,0.018767394808838003,0.023807042239797592,0.0194340632010428,-0.017323655453423285,0.09007887757629063,-0.00201365696306248,-0.033049790068140336,0.0003976084376471026,-0.009969998330657011,0.002199165129246579,0.07015468771664468,0.040424114525344994,0.006721253724313348,0.009745118967894017,-0.05516131366262758,0.03598997266365665,0.005648139223618805,0.02983254032110883,-0.03515595491975041,-0.009923918096722209,-0.029017098674129993,0.0663369137750872,0.012199227306870005,0.051699708015356206,0.01865874612483045,-0.07662419781622862,0.02480802499079051,-0.1001470818302864,0.002199409330737629,-0.005967250571023419,0.0025658489830996008,-0.04625376636755594,0.011323599642921815,-0.034681727372657324,0.015577999137033031,0.06705196259465279,-0.012654263637815964,0.032621012530515456,-0.009780624689840103,0.004154881931836002,0.03752766665459687,0.009259502064661666,-0.06552704428584227,-0.05878147740792262,-0.004232574510336392,0.038219678294326404,0.08027229619806682],[0.04508965713783753,-0.02785908632327094,0.001849448554448767,0.10029262751210971,0.015683178381674375,0.02396986748237668,0.05307606871283666,0.06403691694216455,0.07342636355287584,0.03590801923846054,-0.07574543120195729,-0.04597513440772352,-0.03480827464587581,0.0642518185632684,0.061197651920873224,-0.06569116057539763,-0.009659128323371437,-0.028337803222697123,-0.00256125855501889,-0.009224857737318438,0.01291461698481746,0.010556542461550333,0.045674021061726126,0.00945553174988354,0.003029572093396538,-0.014812410557875466,-0.012702037820894801,0.04813397563676598,-0.04511135542911209,-0.13493752406774617,-0.035150960966507654,-0.007352186675831289,-8.549911995520662e-05,-0.005566117168465831,0.021608227508308993,0.0028624140223947525,0.04608901079326464,0.0027436209983047106,0.0014224738453958695,0.07318290528899225,0.07569014152431248,0.013061158912311986,-0.0074236782178158,0.06350916084729387,0.013848390957613865,0.04375700279599159,0.032969516249508356,-0.04978091823106532,0.04542142493644404,-0.03626208989400897,0.05059292590599776,-0.02619412899353918,0.011546522871405158,-0.009939290826084664,0.0015023814039793353,0.0007467617113112639,0.06007563750772183,0.030425867321370193,0.06596017577918681,0.031549715253348834,-0.013623519784364196,0.07279919439755538,-0.1926039310510112,0.08373334923566852,0.07529632150204428,-0.07055559504413106,-0.07869669614267463,-0.0019051495349656205,0.013712173723299274,0.010927953084566384,-0.02344751944213699,-0.07849933022956186,-0.039943934451903695,0.01385765600905715,0.07261990598898804,-0.048535347774419944,0.12279037924627476,0.11295439316564615,0.0635216948480697,-0.00662685240913674,-0.06536130558291901,-0.00011274878694815537,-0.05581755927789142,0.008215741007090915,-0.0006493542685561555,-0.012999959027132146,-0.009359727087522186,0.06502221361991607,-0.02701226326426466,-0.044218656407593,-0.10641060081120261,-0.019366711098345177,-0.024461293475367605,-0.025782723708717006,-0.01631980089577713,-0.044491774729190185,-0.010167132795380108,0.09445238441260108,-0.0161961027958695,0.29852818356010125,0.030041684009767013,0.056538479058941084,0.024884993247244937,0.08911352116595096,-0.03840697655813917,-0.014900616028016312,0.031217947454742323,0.00936783091037488,0.0003279416185380313,0.026515153362909258,0.02009820912675494,0.005330683027179622,0.04372202718549772,-0.021896763906242712,0.11093120590072,-0.03216601874484437,0.08865980619532592,0.05827843887143872,0.05891342443314706,0.0366600394631854,-0.03351669112576027,-0.05165679960231892,-0.023412646244406442,0.015028306573874807,0.09664153981958741,-0.045234871828955754,0.02883466369941927,0.01721543850287611,0.051684266044714884,-0.026027866827739134,0.03921234392164319,-0.008794688617254687,-0.012662224033243259,0.06414678931902346,-0.007240492342876479,0.03829358911095199,-0.021250545976944014,-0.003191813112894704,-0.003850948677877009,-0.11081768630803177,-0.04440809028700446,-0.05551905580554002,0.03788538505089306,-0.06673138353066602,-0.04113696716096391,0.01946867126332793,-0.030457387327011264,0.03949175236909098,-0.028587161783203162,0.012236433884720984,0.06541230053177925,0.009000736489787301,0.0028332936964620475,-0.011087878873590458,-0.0022491862174364536,0.04287313770121857,-0.04667499019590373,0.022054083125258316,-0.016886113744220506,0.0004070623951968082,0.013577861861928137,-0.008955054615979174,0.03619962141201892,0.03428889327213499,-0.036699580700740995,0.014284632989360847,-0.09135164969563128,-0.040914159935258966,-0.07291358615055064,-0.036894439152971095,0.057161525274628366,0.06261072340739111,-0.03573698331643459,0.006857595798089901,-0.011513414642023184,-0.00043853568533848127,-0.00026629383237665715,0.03931167769479231,0.02140476638395969,0.009383940272863852,-0.01650837748125044,-0.08152776814290005,-0.037317251898172546,0.03097453544178412,-0.03157074620984302,-0.019085953114967785,-0.053595833308530565,0.023859563980820557,-0.04732013444300629,-0.049526703323395205,0.030303986222102182,-0.05919731922035593,0.023958093318231958,-0.04333491685104599,-0.03510423762096927,-0.13184230642544575,0.06795790521333314,0.04488954590194018,0.04307158390380252,0.05372848756977275,0.019986655198395008,-0.01210768452303522,-0.049827846402130345,0.022382357327180465,-0.0010937732677554434,0.009424646042647571,-0.05974577590796816,0.05062278087832544,0.014083233334828126,-0.06448649575860634,0.026405403220638838,0.0017715731458988369,0.01123202318615007,-0.08593460917055223,-0.026347644073942928,0.01042879740567265,-0.02662322195367865,-0.00825888981682554,0.0355523562296243,0.04985780378722135,0.04322063742172663,-0.15970194775982116,0.06895051614456851,-0.26665064505135266,-0.055899066622947136,0.002293752081192634,-0.07128811720017406,-0.008791925950373087,-0.08924749688220378,0.012045880072188016,0.02493582136241009,0.02057099269318339,-0.037620291264847935,0.05299428386222872,-0.07313179140918105,-0.021675917389409795,0.034013366598780924,0.006840634097119072,0.103340219915827,0.020908259396452886,-0.030560146972275447,0.011588004170098242,-0.020934336659268922,0.05877399771497539,-0.03882320185011262,-0.04569623802409236,-0.010936009004674943,0.0072885346656973455,0.0040946604959407485,0.08689807541152814,0.010303343422419646,0.0951873314385886,-0.04511733831667272,0.008467101571938062,-0.004141644828843728,-0.007780477677961181,-0.12488266539370678,-0.004822759494290351,0.015813237635639424,0.03283914480179704,0.02498267520163077,0.020359832441578397,-0.015141651073774142,-0.08009940742190917,0.08085775741613495,-0.06447731164628245,0.02267124060705448,-0.012846905630072736,-0.014687761010360184,-0.01280561924599372,-0.04238486007479047,0.01216320793303502,0.006095183155615814,0.056305189391364314,0.013305505028780829,-0.03029645392854159,-0.05267959917327214,0.006146558022791616,-0.013814958971754287,-0.03457530873477664,-0.06169474365222223,-0.04585307821566661,0.02534536174384851,-0.02853558539413824,-0.05334950748727393,0.007454525933220213,0.018461810091621678,0.032954841491615296,0.0010999726468127382,-0.10433236173053359,-0.015756453062013853,0.014651308673891932,-0.02807637977794402,-0.03279780638542698,0.03258242573688178,-0.04286996951283058,-0.08338842965606871,0.037470035222864156,-0.002686017329049894,0.08158216583841267,-1.9385717583182116e-05,0.020421803726120694,-0.03440935050362904,0.025928860114705143,-0.025256702023547763,0.030146885043163336,0.012321612396978104,0.0027459688521993797,-0.017249586552169575,-0.04275600062543872,0.0021563364523652768,-0.00016921214634843705,-0.024125429166228143,0.060065475518690084,0.045192928846918334,-0.03192090535855998,-0.044621673756735196,0.006765016311863867,0.0448272227800013,-0.1492485514691256,-0.025357915566449504,-0.016334797758329026,-0.016084514179315543,-0.004456243623224615,-0.0980217202908907,-0.02571495784395309,0.02251942029270186,-0.028618097045002032,0.021341176317029368,0.09664687849783037,0.028252159723458136,0.006982584794361038,0.06521291939977526,0.015381962622913652,0.04173852651817834,0.06565932672419153,-0.03078054584622351,0.01689722718085991,0.001320940985279448,-0.009707756215943887,-0.01417705829240168,0.08580323672067038,-0.00941129356567453,-0.02965879572407425,-0.0375228207432638,-0.04008371796292823,-0.00630317521883282,0.009570452084883052,0.04109086820291805,0.03300493454743079,0.06376666617794044,-0.04438431070408816,0.011352127754338163,-0.018872617418051543,0.0184625154182336,-0.06685519725788708,0.04918978185024724,0.02680663825733545,-0.03198674355082714,0.025002041124811563,0.019392943632124963,0.017276223781546366,-0.02522203860680015,0.05445186856077971,-0.03555764535330435,-0.04977246752627233,-0.007340346438936036,0.03042020488664964,-0.06605849203197774,0.0052709689529773585,-0.03643439771648265,-0.016149496729463315,0.032265524307144876,-0.008819485720529175,0.05905346562789866,0.046142030871928676,-0.005440680942264534,0.0036464056122377498,-0.03688725374135079,-0.04187179195236293,-0.08176844474398626,0.08309182247165757,-0.00546318201745805,0.07905233272241066],[0.03156349469421605,-0.02657164172801578,0.0024089140235963877,-0.0015868297073400074,0.013108383338706137,0.0031844759569296622,0.01365896712572382,0.03621123453235976,0.04723841163073723,0.0007458047817607733,0.0005648617762133481,-0.040827699987919526,0.031310776080538505,0.010296680511141324,0.09951585783154156,-0.0050262118277258775,0.01978557203237476,-0.03124892448371079,-0.023732441664649006,-0.08522670862366045,0.022152900414529643,-0.042419698621619685,0.006018297922977413,0.0019427536812604872,-0.007971426892934215,0.017359093989846697,0.027951360784859387,-0.0068421839734345265,0.00834823165189067,-0.021532566244313687,-0.03324352965113551,-0.010741248887181093,0.03299986767969865,-0.032889449961596144,0.0355731847581945,0.01120812092219759,0.06567548334630874,-0.0013139578553406383,-0.006923294027386899,-0.00042903617936357975,0.01083528069447136,0.024094951199541057,0.000993137268818435,0.04005746644183877,0.00732722861770313,-0.005365246346271525,-0.013586004203906378,-0.03809017194404047,-0.023699480003758204,-0.09166917906650034,-0.022225710319352235,-0.06838662373216668,0.01101723672162106,-0.05133497934379214,0.039540710866500905,0.03743984153319756,0.1013614162632546,-0.009876036792296466,0.038114906691208116,-0.03394221343235127,0.014844008469754918,-0.03277491142217777,-0.16158605130135423,0.007827081952155222,-0.04999962703272827,-0.07023802135786504,-0.016321424377310916,-0.01709153190939592,-0.07005106241142915,0.05458392455191598,0.017362790945904108,-0.004397363530069158,-0.007736657909198095,0.013957927147936202,-0.005653408441938178,-0.05848614595260178,0.0019516421684613796,-0.02380021428273202,0.004420635205649676,0.02591788111801557,0.003639532543298308,-0.01422793750030459,0.0011759774396202002,0.0415437867929133,-0.06700571327027226,0.003351679754712155,-0.018876906384043306,-0.002086461187606384,0.02664239122218043,-0.008818653353878624,-0.07319541600307261,-0.03032779490561694,0.04955862059775046,0.05321570713613987,-0.06594429574744472,-0.019763441028937675,-0.021577769264792553,0.04303669914885692,0.05982958607102985,0.34562875238956203,-0.045706137084845465,-0.028833455482084984,0.04443667209156441,-0.06705018802804837,0.000668707485985867,-0.02001947364704916,0.06331592528171057,0.029578662975916995,0.0610110540181812,0.05296498838094048,-0.09264977743132026,-0.06287949790076047,0.06865863066992244,0.018629824032721544,-0.0626595265605264,-0.03246310370030682,0.06761132016843835,0.03254317332052148,-0.005408100514965797,0.06479174228441127,0.06565712785310825,0.01350335129677865,-0.01213950918512804,-0.020805900809857718,-0.01076819215236533,0.009174105286735443,-0.00734946845140928,-0.02062293339765114,0.001611978705061897,0.006516883753017614,-0.009031270059087465,0.04896070218987109,0.06026192863466285,0.046907109380067744,-0.01343728886863809,0.04423615272994848,-0.016324183592854428,-0.03575542718078911,0.03731014203719846,-0.010544518946437643,0.053852725886703465,-0.06410068153166626,-0.03246888725174856,-0.07067046866040361,-0.0022004447335661624,0.04905654483464588,-0.052010983878862,0.030373107574637574,-0.015704279834078533,-0.004785334847422572,0.0062782357475483904,-0.01868146522280194,0.04198320905194442,-0.032988791540435006,-0.013200951256136576,0.08705442871051922,0.045933656172461916,0.04421749283930368,0.052800905066098434,-0.020567866918049647,0.01678538336151635,-0.04028368938549883,0.011828900232762202,-0.004863499119655891,-0.026279313806034765,-0.09122604184941241,-0.05081277407227404,0.021563089452559272,-0.03166638103039018,-0.03135204320933164,0.025943286848797,-0.011959480190186219,0.029063743604517345,0.002082355913471804,0.057037390864626766,0.035665852504894305,-0.021545717523143857,0.10203872348846244,-0.026405409629064222,0.027931548766253356,-0.02664439599029479,-0.027445992292411066,-0.025875492955623795,-0.006097082855053483,0.07900663815442746,-0.005573939843021478,-0.009779302230278966,-0.01566294888001482,0.01020659114171839,0.05411259293068592,-0.0015568231360202174,0.046379307123283434,0.001535940100734319,0.03189394921436861,-0.029575252415304492,-0.0447567476407935,-0.05103302035213523,0.011944236588062821,0.01664140991654304,-0.028166880721606894,0.03154849739217527,0.06357494459517608,-0.009132136898238635,-0.02349160273402624,0.04207133374861529,-0.047138752562090866,0.005889517347220118,0.003793666889520602,0.009399593421511147,0.061429053897933204,-0.007378531042885836,0.04230844626536345,0.09117581954419336,0.04704493268742983,0.06351108659368862,-0.03395152210258348,0.011516096673015671,0.02031084746306228,0.006995554871227967,-0.025328806601474962,0.008172133638998385,-0.0696195512128591,-0.13352454773801947,-0.27975808809273045,0.035342225652148354,0.012459164142189467,-0.0030593739260940337,0.03113360040250067,0.025684997434579644,-0.016056583871859466,0.017455455419513113,0.08813761228715977,0.008272218209448607,0.07536981532117433,-0.05872125861087179,0.05916636622862068,0.031981416019788884,0.012639122765679108,-0.019506675238487228,0.07474949915295777,-0.03256387889291562,-0.040326016995710826,0.00919541474438199,0.08571404565889737,0.045805321555325976,-0.11324202887582208,-0.049480131880391694,0.042928867172485584,-0.01657783503740968,0.11173024060524092,0.054720320791689724,0.040924940242465464,-0.07264998815233598,0.05970249850148831,0.027429361718061613,0.003387719757499368,-0.14601756873143323,0.034305303940860135,-0.014630444204759781,0.059733527402262336,-0.0761611766683623,-0.018818270598925557,0.02698740117711591,0.00820866542367814,-0.013163570922667194,-0.050486820051970034,-0.06166904346149365,0.010311307953921822,-0.03231869493425725,-0.035916024653930276,-0.04084151570418189,-0.04137383809935954,-0.007898477881752668,-0.03492855279843256,-0.005965034507269788,0.023095763315528504,0.07392985175508529,-0.03969699113287826,-0.053542587441139974,0.029199256109775376,-0.002308516668406691,-0.038181811940229404,-0.03047050493754186,-0.053819186525286646,0.026619458311497604,0.0211375090945169,-0.023887370144526396,0.043958136397485865,0.06297731749237782,-0.03851530388864338,-0.06639958922375994,-0.013060124887966453,0.07191584043231361,-0.004718299493042024,0.023087685327436703,-0.02397432798432744,-0.024465671282702266,0.04178381563356333,0.026048924217787636,0.0421736276553548,-0.039336905321722834,-0.04464632664960021,-0.019097057744271326,0.07627792781716076,-0.013031213676939348,0.04792902397004279,0.07097422457890915,0.004852658642929776,-0.0005668791764125058,0.07657012972514601,-0.06038212307498181,0.08147790680799372,0.05790743731462144,-0.03627973704969094,-0.031616456576433825,-0.004958289465738816,-0.07890879237808371,-0.015429981732763522,0.004588618408178668,-0.2862976449548487,0.03556474345702402,-0.06360459225163295,-0.02938024166550319,0.031455250308404056,-0.013747757078099573,-0.0778983041480878,-0.003946900726636836,-0.0527117395265535,-0.0015429544366005513,0.055113657932271666,-0.0008472527479548882,0.032681094820607534,-0.052214763238913685,0.0019734106770924807,0.0011779124499869031,0.0627827126058356,0.06464177581018508,0.0573442889502993,-0.010022500241095076,-0.011036625693241325,-0.012594994137254996,0.1595392697935035,-0.0177018324197677,-0.005066588266685346,0.018000860358614163,0.03873011356468752,-0.022044335265819347,0.01914622120461692,-0.028651589464932258,-0.042816832547528404,-0.024236263621694825,0.10831045642286602,-0.022597229036668387,0.012158529934033423,0.003907602771095621,-0.03029115592721352,0.013438824766495498,-0.033096508958628375,-0.011114808376610389,-0.015546606867566226,0.0320193151381499,-0.029748398918568824,-0.07552050187537628,0.034879623364079085,-0.08967449207180564,0.01614165641136031,0.034020594137713675,0.01794428498415435,-0.009919902755183962,0.03239918678318497,-0.04497764853881448,-0.05813856989447993,0.015397686145850306,0.0444762077553249,-0.0255050396293627,-0.05544864568318076,-0.049719987247229376,-0.024395383294340264,0.03380913610664766,-0.026703761674660702,-0.0068610021998467266,0.05510394994496198,-0.006748888202437671,-0.014051688106962857],[0.048462708938071045,-0.0013811942850029551,0.016888230406983874,-0.04791772419168714,-0.022820904120436705,0.07030605585175599,0.006492982848307366,0.045295042561728435,0.02774618619158833,-0.007896381758714724,-0.027400083991365884,-0.06027383118046593,-0.016030115203403483,0.04575819192215428,0.01702519457255672,-0.01429141339702153,0.014055962104247009,0.05496038234540389,-0.022724576459156674,-0.03779085583181087,0.03417168572984443,-0.03325113715965461,0.011320287644215046,-0.008867490582224238,0.0010755958932888224,-0.0044574342531417035,-0.015059230698958249,-0.040710608569617564,-0.07303435700733349,-0.1712609328767059,0.004187318951160863,-0.05987837878610152,0.029235171908361515,-0.018721537988870735,-0.01273848489909018,-0.03073265647418988,-0.005872152982808753,0.013789693795233014,0.001260251259501371,-0.006804226734781895,0.03257839480760373,0.011544695172352995,-0.06328969673875869,0.00887267124681094,-0.021358016820994478,-0.025289475393810497,0.01155193973030226,-0.019250660849871176,0.08873677365205594,-0.029560049101910107,0.018734722262888304,-0.065080824438002,0.010982775916327552,0.021582838233603147,0.013819453984331613,0.0471741696820624,-0.009810312297814325,-0.02825008579555085,-0.010128714253021432,0.06263701672555552,-0.008214357191757353,0.03715057023676513,-0.2240993706132496,0.059610055272139424,-0.0047175085125004314,-0.006536880272518799,-0.0035178509465782185,0.036319705060359794,0.03316320408645622,-0.01613225304439075,-0.0481111504135667,0.01823840685489491,0.05207621735323196,0.08242468793704656,0.008993944925721977,0.00278395045020412,0.029099386207732007,-0.028688582174869796,-0.002098757797693713,-0.004725733676500067,0.00616079632862898,0.016597238029835572,0.042721041328142285,-0.014699580891022569,-0.00488762569301914,-0.05125031879047522,-0.05026885653635091,-0.013470062824307518,0.0591614487378106,0.03175595581351444,-0.031610480161192646,-0.029712266963854105,-0.0508104543808065,-0.011470293909750634,-0.05200934183726507,0.019761944026414346,-0.01554335073247098,-0.048510264579698745,-0.0011057801362523395,0.29085647138958276,-0.0569306619914222,0.0029739342827811996,0.03591693228188355,-0.031177895063131036,0.0023227765192845064,-0.022948717016013895,-0.018556799331831696,-0.00999022408592678,-0.025674877662210393,0.004678331661837163,-0.007943859204612273,-0.007838015359929196,0.0161843819514487,0.031536189478410706,-0.021803620323343025,0.05857995685357073,0.05651045235497737,0.04016891278303531,-0.01870014553275453,-0.03944739209248522,-0.0053808571088065915,-0.02015810413162944,-0.04614645662819135,-0.051012534263489825,0.013817582025943067,-0.0390170249096789,0.061631852476779936,0.07963256010912234,0.024034231721730474,0.046893034706048727,0.02488214830644465,0.019460247522649337,-0.017977556957081517,0.03348658055387053,-0.004198415636140062,-0.013422213356299841,0.008014481006923833,-0.04057184669210702,-0.02055384087410349,0.0026398698807953164,-0.016035784788767615,-0.04075145043643402,0.01716026624348866,-0.1396789317584067,0.012707077860523172,0.08575379769177968,-0.0004368163559044153,-0.04428082340537213,-0.05555128299264983,-0.04533143280091711,0.01148547730895023,0.045071642889668036,0.029032741329676284,0.03409960664347089,0.014016665195493,-0.008291917877800302,0.01957357288203972,0.00867673249344025,-0.021219422392926287,0.015611848612374607,-0.0073369781936038474,-0.042696445216657324,-0.00567640892890759,0.05776386514117357,-0.02293166876712849,-0.036802389135918774,-0.013330064032519986,0.009312553823164444,0.033355240162021925,-0.023799508676059008,0.00822974990275989,0.00818447615471215,-0.01864862955384405,0.01583493392180267,0.07409443835435335,0.019677816478750138,-0.040974060252634274,-0.0011330775547790037,-0.007635482889838004,-0.010225544262628516,-0.00564509114405278,0.0015548133902096063,-0.014253887345105968,0.01972368972739573,0.0930706242928236,-0.033459975049077356,-0.00597805843624892,-0.022232826418034927,-0.004865664935611556,-0.005087969472521867,0.0035027643047214896,0.018441616231458246,0.005988048928095983,-0.0008071461504870752,-0.02464214112506881,-0.051836278099460086,-0.017166108017430303,-0.07503972521008295,-0.00226274905362509,-0.023956587310966348,0.1333600848772345,-0.019663556421051054,-0.02776563876171202,0.0724296433608053,0.00745714212503138,-0.005977639812643042,-0.03574116723703687,0.022050823091604804,0.020752277941559826,0.0036959958271315266,0.0018226040476620525,0.016322785234398736,0.1098019450940542,0.04014270852501909,0.02836966049450671,-0.05884543056758942,0.03912504875653598,0.0404549764596163,-0.033838192788573355,-0.01802027078228652,0.04023510902296247,0.10306698318921614,0.05045760049269152,-0.3000520112264899,0.05606031034085642,0.022132497346967393,0.03989879471655896,-0.03618844049467376,0.030936951112705058,-0.020196138850718935,-0.010659261224137715,0.05303810697914184,0.07336238098662891,0.08920407765430616,0.014879099330916672,-0.03966252355340161,0.06957618480505244,0.027606068921421777,0.07242363413742131,0.05186594192614375,0.016736129443707178,0.01326394519846712,0.003442415367726994,0.011477706706998108,0.01956828400720018,0.004768361012488385,-0.01598277440256974,0.07858188752510856,-0.01496608773650633,0.20875971264912838,0.007732528530094908,-0.022493869040678193,0.022730174957493392,-0.013019649099770679,-0.0011872011440797717,-0.007039556389753952,-0.0634010474584987,-0.006526386642488822,0.029442414288946762,-0.050028983630471285,-0.00524614521721895,-0.0822386105340898,-0.029199201872490442,0.02576320724305058,0.026587872050953767,-0.014143087944756333,-0.03913189522713173,0.035671682037308056,-0.04317638691266988,0.027622744358341188,0.03203275921999107,-0.022557678336195992,-0.05072226855373286,0.0528060947187824,-0.011057390440012154,0.07602327268367806,-0.0026489550003626866,0.021645576484574585,-0.0386236040245868,0.028423623446871923,-0.024458439608539367,-0.02307908588515452,0.01276446246847454,0.0556384514853756,0.009378164779899235,-0.036297620690510096,-0.0450568188748848,0.04040456153977487,-0.023638859892663806,-0.03602880430649127,-0.024753916787261583,0.012284949664194043,0.009989675136103979,-0.044712170009445024,-0.026150928528255867,0.055078310984747206,0.012988421358483927,0.05800300822023841,0.030334152076781872,0.030687138660681356,-0.039440194925887566,-0.039211414755707844,-0.01881164000626109,0.03181523291610671,-0.01229259230949682,0.023233186763469107,-0.022192771247655178,0.06350992750910818,0.046952605635020975,0.03062739396341987,-0.023705920234901964,0.012013444610827276,-0.030931703310370245,-0.0008695640655412333,-0.004932438560172484,0.008214206329288066,-0.09570174790221556,-0.0038092572081972384,-0.004802932213631138,-0.3250939552720008,-0.01645531514917272,0.021196216427755182,-0.039180847333920174,-0.03213915912319969,0.005905945386073402,-0.009441774241884415,-0.008850484985555284,0.016521527186217085,-0.012655628229504948,-0.06482197287551479,-0.0013309610320093562,0.028879338683942064,-0.021246531825758235,-0.009146037200584212,0.05759393871084509,0.11693476055507153,-0.03725265436755391,0.0366767262279929,-0.07719840127586342,0.00070841930203185,0.04591672547155601,0.24619071646990337,-0.048256000500047254,0.0771969289845401,-0.011019110865606013,-0.012236670514598447,-0.04183772972262322,0.011209023018763784,0.012990825679722212,0.03851018704191664,0.0013504508240904543,0.09380460890884681,-0.03921050168233351,-0.011006037961264727,0.056823083623270244,-0.044393390503136766,0.03104385968308761,-0.04113350055656346,0.0005949861766825479,-0.020386919055467006,-0.026133930830145514,-0.07875198456430282,-0.019391937628440423,0.05011372568599469,-0.07720013263990885,-0.033251443623728345,-0.04474254470640282,-0.005262427305920011,0.013079495688438122,0.012008326344853526,-0.02414644970320493,-0.025752822218201375,0.015804717196016907,0.02520178243679359,-0.04501256483075251,0.013123502507686185,-0.052441569920477896,0.007676444024889343,-0.015547527490259434,-0.01601270204111069,-0.058419363360085734,-0.021824267155527256,0.0380187102909225,0.007902840410083142],[0.004160724527708325,0.03807842851013376,0.014845847163546512,0.09402861479044552,0.000646437088287424,0.024352455440832758,0.03662752711330783,0.050759475526426547,0.10668357268795052,-0.00017582438817351803,-0.12828771000115996,-0.020834526592628133,0.00038925319788931767,0.04998285884026863,0.019946584033059784,-0.054843991687061645,0.0265616965137382,0.012972077984431899,-0.040882998806917085,-0.034328077792769154,-0.0041186941362386965,-0.008249979895781225,0.047032850349427446,-0.022830872743845498,-0.03789281945580173,-0.017685709908037618,-0.04096253604648345,0.027969609704702206,-0.025368709392726715,-0.0720310663312342,-0.03888445196805478,-0.04680935090570406,-0.06324642654645747,0.043635065084570136,0.014100799707328493,0.03191986064888467,-0.01122689362144772,-0.020392778439524556,-0.013354256315400166,0.05308304597921857,0.04476241553306561,0.04337114878225577,-0.030945434721601755,0.027013248032196673,0.024403043000103056,0.008959655952128977,-0.010592919391720175,-0.04894154796522699,0.08053244237850989,-0.024487219302522165,0.035676431134502584,-0.03554160411108319,-0.0032022006047948475,0.011203956771631704,-0.033677781242291344,0.05766765677211168,0.07553903557190975,-0.020427231501083772,0.07458222179438953,0.038311747940719926,-0.025778429562272567,0.05553466852881307,-0.1359719660718457,-0.005099634032464615,0.09565514236396336,-0.10586942463697173,-0.09054880903274275,-0.048273286889019155,0.08403955394937819,0.020929511861629623,-0.03732845610112725,-0.10042235704256157,-0.04017555751230546,-0.028240264366316117,0.11527801588221692,-0.06425192804489588,0.08961507255678025,0.056552858886376484,0.017332052422461792,-0.008999082168849575,-0.05412156776523587,0.01782485519920744,0.0181104143669484,-0.006370443468965672,-0.036438168246795286,0.02431922239795284,-0.00995720987656867,-0.004635632589057094,-0.010054403312893655,-0.027680230914447587,-0.09934820871652786,-0.005638032098585098,-0.016433472097842353,-0.048845605297370906,0.022720820077939616,-0.06815788267054529,0.004824505276463786,0.09397896302206957,-0.0761324699438879,0.25693502964987197,0.061458690292193544,0.05334064278423227,0.020891192637334653,0.02870131840083663,-0.03624045541041606,0.02986131349083264,-0.024195599933003662,0.017934703420566248,0.007930721451863966,0.017317969018824625,0.01971295378027603,-0.004171125436271949,-0.00043099333627737705,-0.023994707402164632,0.07479239078878328,0.029787809858631192,0.05087428360574042,0.036030399442276,0.08243900246839449,0.029877230246790332,-0.050431659499170924,-0.10450232555863734,-0.007831719595480294,-0.0027008082483081434,0.07867816025524824,-0.02121587551035257,0.07028491708971688,0.02029347656492343,0.04424151742152957,0.07395538484015095,0.016005617863185974,-0.011917799008932669,0.05581482404433824,0.015364459817747363,0.017737484242971426,0.045994491454187485,-0.004915316469295815,-0.04099209241181759,0.02678851028613531,-0.12624661542639487,-0.07600498297835376,-0.08094786040096123,0.008870004525010135,-0.04046270403405014,0.04049068468043608,0.019099400735144996,-0.02525960747707227,0.09222597901650692,-0.004250877924365516,-0.05293190328365206,0.07163553428082524,0.03600087964425922,-0.03797533194528081,-0.03666428391586092,0.03676058560828748,0.007406067710619648,-0.037347085487172964,0.08698614173389513,-0.014513490140334704,0.05296220761684135,0.05894123659844069,-0.034547135969583705,0.036122329678126876,-0.036653320369255143,-0.041049107508189846,0.0645773040347929,-0.05521781272386165,0.012497188206741812,-0.09250843827302596,0.0015100875737822,0.08306621839301301,0.01944796539070261,-0.02178951865288334,0.0015634997505499485,0.012313400038599383,0.03278998328984166,-0.023039442749179993,0.03386764207834223,0.014320300016252981,0.033621198305124285,0.0062654121605940595,-0.052675636199269744,-0.06728680263073371,0.031256536160520855,0.0048833961100016934,0.020093026166194336,-0.02486448597790825,0.017299938007063028,-0.0785135607868921,-0.026641536264748203,0.018171298950357996,-0.029850669077178392,0.010792861172307761,-0.0631763835121992,-0.02718313646436414,-0.07110704346448397,0.03915680534777529,0.030747439319588357,0.03134102328513755,0.10715459962720643,0.07427379309393951,-0.030544351087556754,-0.036367842646902855,-0.0015139347256683032,-0.017054110891787884,-0.006302121591849658,-0.04343967593499426,0.07341936780503605,0.05939774963700502,-0.06184424278926395,0.017250292887290228,-0.018409894047549186,0.06586715299304693,-0.0729278166278347,0.0042494297754903975,-0.018859522457544516,-0.0765076040798114,0.023749629916895432,0.07799552822331669,0.0130740393002958,0.034168308534606534,-0.09355887768020206,0.027103075647299173,-0.2352017033287202,-0.04124465954854307,-0.017322885660859176,-0.06139130669919805,-0.06147943393404317,-0.09107020578951557,0.04954991509989562,0.002163709568567143,0.034732402620853156,-0.12473203703283343,0.03544877631380612,-0.03926465898818702,0.021021954039923588,0.04990300579205231,-0.015019784595036554,0.11767860042967726,0.03805543099181394,0.005365612232833021,0.028446577170878833,-0.052901239925892296,0.006521589904371452,-0.0037600892588387216,0.007627181136885085,-0.032023698532989614,-0.004467095069943572,-0.0034461143767427357,0.08890751491161338,0.023905960185075133,0.03448965879529204,-0.036065121772263065,-0.0020136597371445586,0.03548261105527174,-0.08543211717780363,-0.06574372832404167,-0.011530524523644614,0.06821952851901636,0.04883431264490886,0.09530673561273073,-0.041384665833821714,0.03232952430530369,-0.006683441837472983,0.050360968226104856,-0.022564807280560657,-0.03430166621672825,-0.023415738728505164,-0.016548790457448528,-0.013996481461645463,-0.033029728595379,0.012840137285858005,0.00813234449797486,0.024419764237042736,-0.0032461813224467927,-0.01566248179210599,0.0009416536118248879,0.07123845310588071,-0.06125649962158813,0.0037571526539318446,0.000306191601314343,-0.03379785169100393,-0.04046651368365906,5.954674031477938e-05,-0.06204417293479601,0.048815686583164715,0.02164198116237868,0.007491398376761879,-0.020644979903076406,-0.09288194350117601,-0.005938007515658771,0.04340451147289725,-0.011944194794541077,-0.07125824599747889,0.00019530482139443095,-0.04065578944263214,-0.010387941294241212,0.003628442345416824,0.02309245039999941,0.07767535808969155,0.05568058542229823,-0.025056973012206128,-0.05377178142884817,0.042412124344185884,-0.01590953723681438,0.0562037340860029,0.010098008176698385,0.002338068355282255,-0.008347560613240101,-0.062270777276193685,0.05473035376190338,0.0034911304065675243,-0.04042307835923483,0.05333343237410858,0.042510231132369555,-0.030359686134873005,-0.025857471480903737,0.03248755827804235,0.058898246730427976,-0.2036404384154062,-0.027228725936211215,-0.06991459654247899,-0.05668103065803579,-0.061960280860161865,-0.11322926211661505,-0.020041175372324225,0.06061074074276492,-0.061252922673089696,-0.029530741617568468,-0.03747523066441965,0.05054838570049557,-0.011195055954155363,0.04156958010912385,-0.025717880733322398,0.004604603558123698,-0.008345761335010757,-0.06390173281941403,0.022416560051668998,-0.006153568942750475,0.005156244395119696,0.01930989218679184,0.07983513023080785,-0.011658664714438927,-0.0027227299395296356,0.01659873808866497,-0.015745768843852863,-0.007946857611725837,0.004313109680989782,0.054521221949602135,0.03672499563558843,0.019535424440930454,-0.011723645668468584,-0.02604106600847922,-0.01136916541825209,-0.00020183384059340817,-0.07621743909223347,0.04735092284875659,0.03897986939626147,-0.00145720666196046,0.004027873386039629,0.039014083108107035,0.040642086671525704,-0.04633313805598575,0.04973468643022988,-0.04939247950144108,-0.03201021516578736,0.03469277694603785,0.006475485996855111,-0.022140426941053774,-0.045842188577370095,-0.010175681314154623,-0.011802432446953608,0.05424543456635107,0.014924608178694301,0.02660146679567217,0.015084221194682737,0.02142172956129746,0.05885942553659466,-0.0006122552689601272,-0.050283861050992355,-0.06674422342430292,0.024346024579429217,-0.0034480725981413008,0.1300864496936486],[-0.028189117233839187,-0.002703006958530777,-0.004266920604065657,-0.007137428711731027,0.019630053044727286,0.03599103124055228,-0.04503726707826357,-0.013776632570423173,-0.021531147425381657,-0.006228613330371386,-0.0030169225072473045,-0.065941195039571,-0.028869668855485607,0.01007302061154329,-0.06695107472162852,0.015343590187017732,0.02793637475522326,0.04570441143710536,-0.07197101089903471,-0.01701785782187819,0.08202832697234606,0.02508610652015217,0.030736610732594448,-0.014116768857456304,-0.05017134993964945,0.05861651404496878,-0.003836390341536246,-0.010874611554636175,-0.015781698132599505,-0.13527434969497,-0.004773479975599588,0.01203620794589098,0.030206138037981556,0.025667854207618444,-0.023628793511752833,0.013724259233315349,-0.05851050841190313,0.059479296715413264,0.0002641186360142798,-0.006093865796549833,0.05093102777396617,0.0436893601897206,-0.06673433262559182,-0.01795682697118345,0.10219549144830246,-0.030431157463983068,-0.004302636260770947,0.04232700772179567,0.05528189546212323,-0.06208740518910882,-0.034727247463207954,0.06398341019616467,0.009266474951533012,-0.03151730474338396,0.006413260493173783,-0.05194289323647782,0.046271984480921576,0.059601208060547715,0.02285308017579514,-0.05252402604584596,-0.012670786478706956,0.03009081026889517,-0.1107531668889922,-0.003694326731768726,-0.002882498838967544,-0.014435483375603627,0.00017296831939106824,-0.027556801906687838,0.013693474769167498,0.027688609706699854,-0.048431991211978664,-0.0011856380843324856,0.046193338489668286,-0.0013477583403217097,-0.031439051365586466,0.007925472057044379,-0.021645644541206186,-0.06017640299698931,-0.04788417863052454,-0.03226977925644554,0.010449350343144244,-0.01985473501784117,-0.010895976540584162,-0.02576299645349389,0.013060677598229485,-0.006559969352847566,0.04714886878838177,-0.0022867640943422386,-0.0001841624545193176,0.016934974201093717,0.01075688024491026,-0.057164577569596364,0.012259919741952932,-0.001918327393894766,0.055875786586435175,0.0042232281613735975,0.0173526581351257,0.02458111800803385,0.055685158152318046,0.46724001974952256,-0.046047117557667355,0.05980575642627953,0.013939409784723378,-0.038951359410449506,0.03761951073672263,0.033624535789659515,-0.06591980571807823,0.0028049576814473034,-0.02829062565822932,0.013959601797412924,0.07288029068370726,0.002601406464662889,0.04206883354958464,-0.0006257957333064415,-0.014655251191041422,0.0005888204079644295,0.02521514169042882,0.017577883602073022,0.007081406665275719,-0.01671367000159542,0.012783992999473272,0.03080626555123602,0.000776731525011514,0.04014548187967365,0.08949791802427035,-0.05450580573640627,0.03539919403621984,0.0984034360078405,0.016880094302873457,0.0040345542770947864,-0.003257845617355556,0.014112886526878924,-0.025521842561302632,-0.059704267470325215,0.00877311964100479,-0.030027067365265704,0.022241456551186173,0.014842049210410036,-0.005423032574711671,0.029106015666397807,-0.015561790793371635,-0.12229784550139836,0.038951236110355954,-0.07360651525579849,-0.018077674041826145,0.04698952613063498,0.007179546239083349,0.030666044142208415,-0.045487844556991085,0.015105202435083237,0.016567569124948747,0.04264078374672212,-0.0023173246714781057,0.006453558938553731,0.003933193893935404,0.022874388378805306,0.014029618404486908,0.018299291358667286,-0.041286328974263424,-0.012700727310635734,-0.011799183795649043,0.050902389704868,-0.03664238669794021,-0.03160665837434086,0.03395797493476894,-0.046117901545586766,-0.03233222750909266,-0.014812805997431643,-0.003212943089699266,0.02075811262171952,-0.03709284087657417,0.019324710097252246,-0.07734194999540354,0.05701152970609957,0.03460593315010546,-0.019223779236458245,0.060053706424943266,0.010700186537419,0.004643161510928161,0.009199156345190406,0.04084454473905008,-0.014487978390435355,-0.01919041520456362,0.07348928282474058,0.03134092395955123,0.018171520014349594,-0.04107182574834657,-0.023954563715516967,0.0027117634959315682,0.044830801071603026,-0.04259279080767486,0.11150745196658549,0.04504529456330197,0.0363807633678489,-0.013669982856605659,0.01114075156183882,-0.009052551722766767,-0.0426536037117127,0.01665216759045545,-0.05193586188640579,0.06487266993933079,0.004743305928033324,0.01768375457845755,0.03517129328171627,0.01750979599251534,-0.011169679223919888,-0.05134672430517438,-0.03308895912012124,-0.0071649643806506276,0.03910122093994966,-0.10810129986104128,-0.06860318565415079,0.04844026854194348,0.026027366455406136,-0.007748109739572149,0.001400751017044207,-0.006569739668484688,0.011200804385694672,-0.016576076831404152,-0.003074419693308748,0.027963312580926075,0.00039670796190712724,-0.02802630594977629,-0.2493500647365964,-0.014377645897507663,-0.025493619818835387,-0.025144438820992016,-0.004107860238638323,-0.06296883213159478,-0.010612246801613876,-0.09863834864398027,0.01901434429333443,-0.0020214914465148275,0.040691519588728416,-0.0670119849678455,-0.005833413006162488,-0.013324384862138864,0.022850476272503584,0.016349204659259986,0.02286740083271388,0.019131395018991304,-0.041197929296661946,0.044620068232757555,0.05468530471471026,-0.004833809007888704,-0.05021072160636566,-0.017366122180868148,0.0445357050108504,-0.09040836591509237,0.1803909311807835,-0.03982146221276409,0.0248104951189208,-0.015845014353010476,0.0069823301729940255,0.012334253474671049,0.0029408285034567016,-0.003306370896444898,-0.002058977311306722,-0.048982438521747725,0.076734833313688,-0.04105152016978138,-0.04625861291024929,-0.03398248245073297,0.005910128377529829,0.0200222154817627,-0.038753806702657385,-0.05722890777103988,0.041590899673784085,-0.08100122421406226,-0.038940019046581606,-0.08820987982062771,-0.05419090054220198,0.0029630219119082726,0.00629118853344378,0.03158800761282077,0.07344388243239731,0.04516588529953964,0.05973879149652107,-0.07638065055020733,-0.0427281548419642,0.016746818258326326,-0.0006651679070131665,0.05542246405825638,-0.013389514080636013,-0.0026388162808773435,-0.04417251485106149,-0.07354862261713435,0.025932670361185007,-0.012845213118293782,-0.049929983517033774,-0.02925823936611136,0.018392992940291703,-0.0336298766305541,-0.020819597186793312,0.05084786186086224,0.007348149382804104,-0.03833492059271323,-0.03285897199824512,0.050082521956459826,0.050943370762279054,-0.001668672081930504,0.0029842029616969573,0.013778759497037024,0.0008372853061964919,-0.06853400781218692,0.1084478834450717,0.029735254980688852,-0.0004999403568487816,-0.0076430572486770884,-0.025680576830429905,-0.016460810712364545,0.005979448988023079,0.04675707949636633,-0.031882295733486665,0.013912553077503165,-0.013367440119150076,-0.04473597032070077,0.03629756825209123,0.0004117681658919485,-0.27413647253329304,0.007544315775728545,0.07174020610285395,0.06054996334359419,-0.0096338962513745,0.00612115486528232,-0.015293922962489544,-0.09871162783642455,-0.005020542943656064,-0.027719145948290943,-0.015813452773799287,-0.02984571888555836,-0.006684399832459251,-0.0460652556503774,-0.027569952835087442,-0.0016456044190326792,0.10645109683522982,-0.05261364574542579,0.08054675953764841,0.05878569475228567,0.010054824113525778,0.024198353958392822,0.12798114916109635,-0.010907648679045912,0.0441985052128875,0.02397004436673693,0.0177041461426143,0.024380288113544563,-0.028194493766866117,0.06427810390924359,-0.06744230229435806,-0.024516990602796846,0.05283105625775914,-0.050118684576004255,0.008232094242990068,0.006323987980699491,-0.009439173767440395,-0.025977196296285813,0.03667562580737163,-0.012507535532468347,-0.0060561558419497475,0.04021478302173108,-0.009273860789374018,0.010150934914083505,-0.005251325026661697,-0.008757929393952545,-0.011260015199701105,-0.10382551219564227,-0.019242652262620667,-0.02304594261292316,-0.0013547729597067038,0.05461426439238583,-0.012670895988658469,0.03288711362222976,0.03296780055450535,0.016369297707400757,0.02345260254516939,-0.013904326040997565,0.044997415190130355,0.022760923090079484,0.006721812487820597,0.03782645047532158,-0.0343581226752318,0.0420566755114121,-0.003226944342592756],[-0.025367220794131812,-0.06821473869776411,-0.023803559830006052,-0.08226920799522888,-0.025859215991299946,0.11340801892844403,0.020500113900172565,0.025244125136847175,-0.001242122068846029,0.005027348194256678,0.009036400581179663,-0.03923991376301075,0.02028380146776877,0.02518042071074306,-0.013913366895364928,0.027916945958576488,-0.0009521486306942054,-0.04864687453646157,-0.06796218449631165,-0.022015739730374715,0.11312186585486964,0.012764337715844624,-0.00693184680773759,-0.03637204907721129,-0.003380026842348063,0.027322573872731733,0.01951208681837705,-0.022447445047103186,-0.06446104698267668,-0.12427056965270016,0.015570913396849217,-0.008529250524322842,0.10525898385122316,-0.007666760242745796,0.034124850407994685,-0.051045737549875674,-0.0635310623543722,0.0831042348159497,-0.06369021490652875,0.052725263179572934,0.045550852610134175,0.011608161139891106,-0.0012861986849351309,-0.016960943749376796,0.019448293974188405,0.030240412459908352,0.013090483896654112,0.014139985661222015,0.099882328358914,-0.016417776987686487,-0.05030878728372017,-0.008905320770861843,0.002163433787333847,0.1047622992803718,-0.005398211419417546,-0.006359010152081613,0.10408784613156617,0.029239211083517656,0.045407875744642265,0.021904799148310845,0.03552702619013381,0.01088246810349799,-0.13173795595663607,0.07441068580695058,-0.010783157714753074,-0.01768786097434029,0.012073061016954975,-0.005598587295885325,0.013832527044478625,0.07160862989766709,0.0021101604847523253,0.019702158370893463,-0.009816010161719266,0.06076126136232576,-0.00782934904318754,-0.03726791718569894,-0.03487696678704963,-0.04627296471410377,-0.042045827915982895,-0.0977418197732976,-0.005369217521898158,-0.01000021236102433,0.032190989354342045,-0.04741942253496574,0.020927345261823747,-0.03524774400552827,-0.048544290267186686,0.055659833683545976,0.0013185351879501902,-0.012894222274419734,-0.030598155245125526,0.10751266115463362,-0.00501750525194641,0.028447197249519062,-0.05132293949809242,-0.04909615093798874,0.012250619802908655,0.001832060490127014,0.013577797758146696,0.3304854253083901,-0.008423043524984476,-0.006784589703153594,-0.007930807187585799,0.006765505061507872,0.04664906309366966,-0.009407197090876748,-0.021676825174358122,-0.07591761290523638,-0.08513959983064441,-0.025406926944492564,0.011024596959179164,-0.026026297234236655,0.011954971430856356,-0.0788131926415326,-0.02795067986922753,0.043003498657956475,0.05427007501567813,-0.015522220753896998,0.0492903942164935,-0.04203942323145975,-0.03715075840089021,0.03278191474249161,-0.0048291711147910405,0.01841677805561573,0.09102487472761515,-0.007841600574500519,-0.001494432316765256,0.0794191876864894,0.02508059347810402,0.13437332930816404,0.007741750031639193,0.026120800090585365,-0.042120912553366974,-0.024716704832211146,-0.0014820954820957222,-0.012885474510656502,0.011007481629416187,-0.005800344102073332,-0.06042506043770351,-0.04692476032684783,0.012875037961478722,-0.1229549471373096,-0.01035671970446037,-0.057733909743250066,-0.0017892396117884504,0.13358640192542828,-0.047085970608971656,0.015612400769712893,0.0016656019918356768,0.017842083012583054,0.0029022649472875634,0.08523087944591157,-0.0002493933554055548,-0.06734948896814892,0.0242248093063383,0.01273868682572129,0.056217176275588976,-0.004573514644272684,0.008858960757739716,0.022770418626279532,0.03948395732192667,-0.002387597343743651,-0.005529198390746609,0.05274394029422905,0.039582442207282374,-0.03835637274310831,-0.012452392283211646,-0.016452716599490227,-0.03392990300001675,-0.0809813712648027,-0.016373555084608485,0.0338969085860727,-0.06187949613060531,0.08427471020377349,0.10547137373587684,0.003038418950906527,0.012503476233450056,-0.01968121775327335,-0.0034395933020961084,0.029114294013691675,-0.042159115596290694,0.0008257003204042934,-0.006163799499352005,-0.00889606420121217,0.014348309921588785,0.029911307488470134,-0.00401200233574326,-0.02673030292209575,0.017458949768691532,-0.0014657110081814748,-0.002055807878688944,0.005790794547043556,-0.016862982942122136,0.011687446440091193,-0.07389939135333154,0.004148840976666766,-0.02341820166558741,-0.03423208064571131,0.005849666924828029,-0.07108278343493571,0.06633232089329338,-0.04454457442808984,-0.025410372034586216,0.03263391251459524,-0.020902692692254855,0.05547300466332956,0.03197087012149878,-0.030859715230387892,0.06914480692134851,0.04212554566099642,0.00859945689484309,0.0070394805534399855,0.10557146943797255,-0.0061319344254876515,-0.003277612777885903,-0.027942127429051035,-0.029112043371539966,0.03951378797604604,0.006653811720024333,-0.017506746977587678,-0.03743314325646203,-0.026430557577526576,-0.029804627050479142,-0.3108569449235359,0.053655797607603056,0.1005027789568909,-0.01307897909625504,-0.04673686064400782,-0.030192795302384345,0.015347943886480971,-0.007975347395768115,0.049511973151532294,0.09297915232078686,-0.043806270561440236,-0.027900548422899754,-0.06797849843670847,-0.019120971832854647,-0.038617472954331114,-0.003949675222255914,-0.07334435727709558,-0.011507528498882062,-0.031261525588935524,0.03461589551265449,-0.009163782104161765,0.023940926166134056,-0.024252079051209324,0.05174331443918857,-0.009966742097025348,-0.049042415249015155,0.144399837207528,0.023762024229096266,0.0069851484442962,-0.007649420652568417,0.056666404449070035,-0.012403803330558561,0.006536237772118684,-0.012363681615200512,0.04605178124904306,-0.032047655601308934,-0.057818559609778906,0.020260025041037504,0.00033735025924606053,-0.04659463292083212,-0.02572818199762593,0.04511312200284527,-0.01698020603099235,-0.03552907427449186,-0.007207405787183583,-0.03224339073403997,-0.030169150698979106,-0.05760802168209578,-0.03847088220058418,-0.006083495381677885,-0.0013664730619808174,0.05096187540809993,0.0686302844038433,0.016055045814900203,0.007056752624352813,-0.02494843737855722,-0.013896434028376394,-0.03519739392539147,-0.0652253972094277,0.0342704958920379,-0.02392557196385479,0.02382501648771952,-0.004672756308051896,-0.03239177235589905,-0.005481490403735763,-0.02659866929304846,-0.06326254788486106,0.00735080786328201,0.030770779498161586,0.029315829372767967,0.012923412299326626,0.02527569039302489,0.04028215077623325,-0.017831009853196647,-0.014613568997987637,-0.015724934484899866,-0.005123994787254893,-0.0473818496718445,-0.019354951806149358,0.012578258641745188,-0.0008605514136484068,-0.029337072219477026,0.015134626415740482,0.03979435945708419,0.052718099707124357,-0.019544542685806226,0.043393297017820125,0.05216815208215125,0.01880075046750953,0.0166463554198171,0.02219299226823561,0.00288176380773761,0.027207212386441294,-0.05080143677471384,-0.00878968197330628,-0.013722798593973603,-0.22873479388649964,0.037395740799103704,-0.013467387684590014,0.08393348713194985,-0.02028867732323029,0.001263348839539716,-0.009638328394248013,0.0563470833405856,-0.05815298574230438,0.02972035657791302,-0.004838278981298545,-0.013726764546965222,0.012945999100920562,-0.060373308529026504,-0.0061219942232844,0.031015581845002943,0.0170929085443407,-0.05855351645002861,0.02225399753135921,0.01843116287416822,0.08607546185016793,0.004749558265777803,0.18105153178729216,-0.033658035073699556,0.04246823808062481,0.01877383600257817,-0.008869277540602995,0.08348592443366105,0.05642626736188886,0.013800669204821188,-0.03745825720767202,-0.04338967669915895,0.0680622994896258,-0.06580161304351433,-0.05351703908854406,0.03352199018603491,-0.01595454499721719,-0.060181187284550505,-0.0351301350922892,-0.019802347313878314,-0.014790673636507134,0.012302720561119175,-0.058111908307832624,0.053999895070974725,0.07988532782813901,0.0010280441021034736,0.023847781733084054,-0.09669682090063465,0.03405645982341041,0.03155217351640719,-0.046302660329694025,-0.04810153429749332,-0.007794289665069297,0.0013737767976634964,-0.004275097178573014,0.025992008701055374,-0.01280112044281046,-0.04387309855733061,-0.010787162250181578,-0.01701948295174274,-0.033011856420725544,0.004832495634769422,0.03927177321026973,0.0456236544533358,-0.04333384148257813],[-0.06211420162490636,-0.06766136062721283,0.014627176930203654,-0.01596379617904271,-0.012661721887513102,0.0008299093884723128,0.030655563982344168,-0.01199236639896383,-0.017358969146073183,0.035044348981805404,-0.006682228902469586,-0.01666496859888433,0.00500422712956856,-0.0007708875584519704,0.027555316197560735,0.025125709425669992,0.05222472561912618,-0.02497276708114717,-0.08583448486528872,0.03292811994890623,0.055272199246653414,0.007259820614646754,-0.049820959761431007,-0.07082857306244857,-0.0395690033886629,-0.010658302710566515,0.032531063297485514,-0.007547365591150697,-0.03721412169319108,-0.07713278444258109,-0.00012042706660019413,0.014667601249918434,-0.022801078718393684,0.003600681135719163,0.027730988764526125,0.03656953353890061,0.021939578506628234,0.08838413694910681,-0.03335699760747327,0.019973397961930296,0.011944863136066894,0.04527723035797489,-0.0797457198655421,-0.026519938424920075,0.06243837222522125,-0.022804202452879407,0.024650205627981238,-0.04952295940431279,0.05125193992079444,-0.06200076245710018,-0.00999777226104189,0.025470898389758346,-0.01006219439378517,-0.002307024648449936,-0.051986803349585685,0.022689708454064737,0.028418608154733183,0.059839646859555416,0.0016217480591071707,-0.018185474075617308,-0.03382471652407156,0.043180969748865455,-0.1124848310532798,0.030705436131570833,0.018121421215244078,-0.015129825915359685,-0.023240284590931005,0.014328891263307254,0.025147670126882255,0.015904547935334107,-0.01411487143181227,0.05046588050540576,0.08407393115358237,0.06371734259545113,-0.04648671883033808,-0.06390977507395787,-0.015608536594955235,-0.05160509147320653,-0.06365791338382608,-0.03251650760777333,0.0011402664101873522,0.05710615093672473,0.015027520350269058,-0.012866086020943527,0.011444087413397344,-0.017719775152248565,-0.008984915211949527,-0.009254524800625994,-0.00553977396249086,-0.020697002251703584,0.03219590419485654,-0.05048310995532493,0.018790350369467662,0.04175564361413484,-0.024841359918681718,0.03389273111450758,0.05646898083666706,0.012090356449866717,0.06397796248060239,0.4146345509871533,-0.11387286475448931,0.01905694871722809,0.036073593409385894,0.00040109490564187167,0.0034993924961950655,-0.007906850205467686,-0.014017148756930081,-0.035640760542122424,-0.033055550708234585,0.06395266610049775,-0.046971044406368304,-0.05172805509657931,0.006218320909337046,0.03153218235167022,-0.003868236901578098,-0.06255685893058892,0.04755331112305372,-0.040729294673217536,0.011731485659158221,0.07252330010213216,0.03939780121833626,-1.38937455527062e-05,0.03096736355067698,0.08232281385899679,0.0663159375337898,-0.08553870829409875,0.010528102000877386,0.1109692002978998,0.012569417652904036,0.05034593301397379,0.02015986991158537,-0.07490414661776038,-0.02955277158497247,-0.007553961138051529,0.0983531344962626,-0.06552452407662078,0.05726207028499021,-0.018954070902239505,-0.08386963630966951,-0.0518928826312905,-0.04416148978769838,-0.10476014869567057,0.046870612103764156,-0.07094224699944365,-0.04605188064291937,0.08860440914059801,-0.04066028883509502,0.019683231396150237,-0.0609575133952648,-0.024083917889215743,-0.03164409551974851,0.05855488551599919,-0.011891788180787411,0.009776901734187295,0.05220030310211358,-0.010530500233355725,0.03032366230221127,-0.0254103214176542,0.001755944939825172,0.00730182636570347,0.07408225229423171,0.028941973890468594,0.00029097445098589625,-0.024752607383225652,0.0110438132828495,0.01696708067749158,-0.08494964631366778,-0.02786670818049614,-0.01336104631516288,-0.014452595061761725,-0.040076068969185225,0.019750134093622133,-0.008361134292196664,0.03346938683529573,0.016015968740252334,-0.0221463253842919,0.06652394303516065,0.02600674276002075,-0.04384102006279193,-0.03543232789125508,0.015777935607483744,0.01994029387595294,-0.02043774696246283,0.029942243887318247,0.007478387468835206,0.007527901758082945,-0.03940211836286559,0.006903798845866131,0.04420405474592033,-0.014748914536701034,-0.004244924065178027,-0.0018928795716575532,0.018593615419505893,-0.06687279700714248,-0.08560060258220732,-0.029664270646287,-0.00042143731450781984,-0.062354207470998395,0.05140729517086991,-0.08489889704066589,0.06415934124313148,-0.030913793786725045,-0.022720552886598872,0.04001613761235057,0.03791123619281612,0.042100046753577,0.06779932013252699,-0.08892771239918722,-0.04198507832535975,0.018661460454416592,0.03740849427818948,-0.026249293569334194,0.05754894519110081,-0.019754620793676785,0.0030922705233853943,0.017639224865329907,0.014443346133923776,0.017241829102858548,-0.011619098061677347,-0.0058890656811895065,0.017310570825643544,-0.04231936356489668,-0.02787058839347945,-0.2456804782425521,-0.01804987041390016,-0.011984050841685941,-0.021356043384186084,-0.018959080941944425,-0.05065375454882791,0.004822365378343551,-0.053905571930515706,0.07223903374256496,0.059942430114731805,0.05905092672669247,-0.08563455933683604,0.049769930069675714,-0.03531182608368264,0.028371563017822933,-0.004404572004658982,0.005665078348800944,0.06928399396180317,0.009967872611458942,0.030477631761935558,0.029981440559816035,0.0470814478781346,-0.03264218738023443,-0.0025149867419759675,-0.004019157214944388,-0.05406851479034929,0.15920952106340605,-0.02671211983082202,0.04748266516129204,0.030573173039770824,-0.013885361724874246,-0.015563614162794679,0.027452836185920017,-0.061812360183002985,0.08644147408183923,0.01791435642097044,0.0036344385810885634,-0.06051830589238589,-0.07011237052349219,-0.07823665612608512,0.04581863419305792,0.049753466880303666,0.021873963779012143,-0.05277703970012699,-0.014585710822213105,-0.027429528822554724,0.010114433798999968,0.027210598402191786,-0.06181097113196862,-0.02988757853381808,-0.010532942485056986,0.03402108790785884,0.0498744740937689,0.00020050968748645738,0.08172779787108049,0.009120870212279242,0.02487779642286827,0.010534004652602628,0.011856973866482537,0.04198294583856051,0.04829394922175542,-0.007645555358898312,0.014718805388223821,-0.03942328019669894,-0.023627221712104914,-0.036476405166617994,-0.05274516326136662,-0.04223258048208088,0.02474009777220845,0.0460401976150881,-0.03089345038436969,0.07581025134507641,0.02616454841350543,0.007042469180113367,0.07642228157782203,-0.0049732102884113205,-0.03328158126622035,0.008445391975890129,-0.014906320756496255,-0.028031493326326005,0.0623724216472377,-0.06769392180944084,0.07308973294129914,0.0568390814202449,0.04128836815044893,-0.020829271864869946,-0.03121912089894704,-0.006925909538504639,0.036331621051409656,0.02266475118501074,0.014963035449374577,-0.01254871149954499,-0.010371609587543152,-0.04384040379367106,0.06427885832438379,0.02307609125909817,-0.2722285433205764,0.07185082332460956,0.06297345033493654,-0.011097630858723057,-0.0017519717973712534,0.027665325126662345,-0.003569532236893164,0.007445678740693333,-0.045268716714193864,-0.00038335261139641635,-0.01713695085873949,-0.04344224829201893,-0.0013816529518131027,-0.06925749765028856,-0.024999997046377103,-0.02798286023670746,0.04479187440606002,-0.010592844495743027,0.09673121199060533,0.023027666853203097,-0.012589509982654588,-0.020851553743375367,0.13472181647268763,-0.06615923562156129,0.0159197622830485,0.03680848292364257,0.00807726818148971,0.020600838183381077,0.015082676436587698,0.024586382645772144,0.018325106311402425,-0.021397147556343737,-0.028029977108647654,-0.029568259830073915,-0.0391842655982934,0.007012382856418408,-0.023274381554936444,-0.02953153149474282,-0.008891911560798512,0.004997790133387319,-0.013986266826539384,0.028846566300643674,-0.027157092221561846,0.05443300373817564,-0.011149058353826223,-0.015614428649460143,0.07815145447461126,-0.03945968246371211,-0.03379920167819391,0.027299121059483712,-0.015890820459149455,0.012005716451070483,0.0236852145927895,-0.05306485042231004,0.015162224063428735,-0.00898736806087112,-0.0334891302719461,-0.016022705311700667,0.03337274996791224,-0.0629743046339295,0.04771089015905744,-0.03341311070430502,-0.031641786956057606,-0.06781559094159145,0.015051403224215491]],"cross_backend_parity_checked":true,"cancelled_load_progress_calls":1,"load_cancel_elapsed_ms":15.759292,"resident_memory_samples_bytes":[248037376,248037376,248037376,248053760,248053760,248053760,248053760,248053760,248053760,248053760,248053760,248053760],"retained_growth_bytes":16384,"parity_failures":[{"max_abs":0.00039947868300888034,"min_cosine":0.9999983188372459,"max_abs_allowed":1e-05,"min_cosine_allowed":0.999999},{"max_abs":0.00039947868300888034,"min_cosine":0.9999983188372459,"max_abs_allowed":1e-05,"min_cosine_allowed":0.999999},{"max_abs":0.00039947868300888034,"min_cosine":0.9999983188372459,"max_abs_allowed":1e-05,"min_cosine_allowed":0.999999},{"max_abs":0.00039947868300888034,"min_cosine":0.9999983188372459,"max_abs_allowed":1e-05,"min_cosine_allowed":0.999999},{"max_abs":0.00039947868300888034,"min_cosine":0.9999983188372459,"max_abs_allowed":1e-05,"min_cosine_allowed":0.999999},{"max_abs":0.00039947868300888034,"min_cosine":0.9999983188372459,"max_abs_allowed":1e-05,"min_cosine_allowed":0.999999},{"max_abs":0.00039947868300888034,"min_cosine":0.9999983188372459,"max_abs_allowed":1e-05,"min_cosine_allowed":0.999999},{"max_abs":0.00039947868300888034,"min_cosine":0.9999983188372459,"max_abs_allowed":1e-05,"min_cosine_allowed":0.999999},{"max_abs":0.00039947868300888034,"min_cosine":0.9999983188372459,"max_abs_allowed":1e-05,"min_cosine_allowed":0.999999},{"max_abs":0.00039947868300888034,"min_cosine":0.9999983188372459,"max_abs_allowed":1e-05,"min_cosine_allowed":0.999999},{"max_abs":0.00039947868300888034,"min_cosine":0.9999983188372459,"max_abs_allowed":1e-05,"min_cosine_allowed":0.999999},{"max_abs":0.00039947868300888034,"min_cosine":0.9999983188372459,"max_abs_allowed":1e-05,"min_cosine_allowed":0.999999},{"max_abs":0.00039947868300888034,"min_cosine":0.9999983188372459,"max_abs_allowed":1e-05,"min_cosine_allowed":0.999999},{"max_abs":0.00039947868300888034,"min_cosine":0.9999983188372459,"max_abs_allowed":1e-05,"min_cosine_allowed":0.999999},{"max_abs":0.00039947868300888034,"min_cosine":0.9999983188372459,"max_abs_allowed":1e-05,"min_cosine_allowed":0.999999},{"max_abs":0.00039947868300888034,"min_cosine":0.9999983188372459,"max_abs_allowed":1e-05,"min_cosine_allowed":0.999999},{"max_abs":0.00039947868300888034,"min_cosine":0.9999983188372459,"max_abs_allowed":1e-05,"min_cosine_allowed":0.999999},{"max_abs":0.00039947868300888034,"min_cosine":0.9999983188372459,"max_abs_allowed":1e-05,"min_cosine_allowed":0.999999},{"max_abs":0.00039947868300888034,"min_cosine":0.9999983188372459,"max_abs_allowed":1e-05,"min_cosine_allowed":0.999999},{"max_abs":0.00039947868300888034,"min_cosine":0.9999983188372459,"max_abs_allowed":1e-05,"min_cosine_allowed":0.999999},{"max_abs":0.00039947868300888034,"min_cosine":0.9999983188372459,"max_abs_allowed":1e-05,"min_cosine_allowed":0.999999},{"max_abs":0.00039947868300888034,"min_cosine":0.9999983188372459,"max_abs_allowed":1e-05,"min_cosine_allowed":0.999999},{"max_abs":0.00039947868300888034,"min_cosine":0.9999983188372459,"max_abs_allowed":1e-05,"min_cosine_allowed":0.999999},{"max_abs":0.00039947868300888034,"min_cosine":0.9999983188372459,"max_abs_allowed":1e-05,"min_cosine_allowed":0.999999},{"max_abs":0.00039947868300888034,"min_cosine":0.9999983188372459,"max_abs_allowed":1e-05,"min_cosine_allowed":0.999999},{"max_abs":0.00039947868300888034,"min_cosine":0.9999983188372459,"max_abs_allowed":1e-05,"min_cosine_allowed":0.999999}],"result":"FAIL"}
FAIL native inference direct control
