sample_id,measurement,workload,cell_id,runtime,vm,variant,tier,aggregate,lifecycle,phase,round,position,work,elapsed_ns,max_rss_bytes,exit_code,correctness,benchmark_metric,benchmark_unit
timing-DECIMAL-D2-cal-common18-arithmetic-d2-cal-current-common18-warmup-1,timing,DECIMAL-D2-cal-common18-arithmetic,d2-cal-current-common18,crexx,adapter,D0-mc-current,D,no,steady-adapter,warmup,1,1,5000000,295547000,,0,pass,,
timing-DECIMAL-D2-cal-common18-arithmetic-d2-cal-p3-n18-b20-common18-warmup-1,timing,DECIMAL-D2-cal-common18-arithmetic,d2-cal-p3-n18-b20-common18,crexx,adapter,D2-decNumber-p3-n18-b20,D,no,steady-adapter,warmup,1,2,5000000,421496000,,0,pass,,
timing-DECIMAL-D2-cal-common18-arithmetic-d2-cal-p3-n18-b36-common18-warmup-1,timing,DECIMAL-D2-cal-common18-arithmetic,d2-cal-p3-n18-b36-common18,crexx,adapter,D2-decNumber-p3-n18-b36,D,no,steady-adapter,warmup,1,3,5000000,425273000,,0,pass,,
timing-DECIMAL-D2-cal-common18-arithmetic-d2-cal-p3-n18-b64-common18-warmup-1,timing,DECIMAL-D2-cal-common18-arithmetic,d2-cal-p3-n18-b64-common18,crexx,adapter,D2-decNumber-p3-n18-b64,D,no,steady-adapter,warmup,1,4,5000000,437983000,,0,pass,,
timing-DECIMAL-D2-cal-common18-arithmetic-d2-cal-p3-n18-b128-common18-warmup-1,timing,DECIMAL-D2-cal-common18-arithmetic,d2-cal-p3-n18-b128-common18,crexx,adapter,D2-decNumber-p3-n18-b128,D,no,steady-adapter,warmup,1,5,5000000,424945000,,0,pass,,
timing-DECIMAL-D2-cal-common18-arithmetic-d2-cal-p3-n34-b20-common18-warmup-1,timing,DECIMAL-D2-cal-common18-arithmetic,d2-cal-p3-n34-b20-common18,crexx,adapter,D2-decNumber-p3-n34-b20,D,no,steady-adapter,warmup,1,6,5000000,427751000,,0,pass,,
timing-DECIMAL-D2-cal-common18-arithmetic-d2-cal-p3-n34-b36-common18-warmup-1,timing,DECIMAL-D2-cal-common18-arithmetic,d2-cal-p3-n34-b36-common18,crexx,adapter,D2-decNumber-p3-n34-b36,D,no,steady-adapter,warmup,1,7,5000000,438195000,,0,pass,,
timing-DECIMAL-D2-cal-common18-arithmetic-d2-cal-p3-n34-b64-common18-warmup-1,timing,DECIMAL-D2-cal-common18-arithmetic,d2-cal-p3-n34-b64-common18,crexx,adapter,D2-decNumber-p3-n34-b64,D,no,steady-adapter,warmup,1,8,5000000,429981000,,0,pass,,
timing-DECIMAL-D2-cal-common18-arithmetic-d2-cal-p3-n34-b128-common18-warmup-1,timing,DECIMAL-D2-cal-common18-arithmetic,d2-cal-p3-n34-b128-common18,crexx,adapter,D2-decNumber-p3-n34-b128,D,no,steady-adapter,warmup,1,9,5000000,425621000,,0,pass,,
timing-DECIMAL-D2-cal-common18-arithmetic-d2-cal-p3-n64-b20-common18-warmup-1,timing,DECIMAL-D2-cal-common18-arithmetic,d2-cal-p3-n64-b20-common18,crexx,adapter,D2-decNumber-p3-n64-b20,D,no,steady-adapter,warmup,1,10,5000000,434150000,,0,pass,,
timing-DECIMAL-D2-cal-common18-arithmetic-d2-cal-p3-n64-b36-common18-warmup-1,timing,DECIMAL-D2-cal-common18-arithmetic,d2-cal-p3-n64-b36-common18,crexx,adapter,D2-decNumber-p3-n64-b36,D,no,steady-adapter,warmup,1,11,5000000,418820000,,0,pass,,
timing-DECIMAL-D2-cal-common18-arithmetic-d2-cal-p3-n64-b64-common18-warmup-1,timing,DECIMAL-D2-cal-common18-arithmetic,d2-cal-p3-n64-b64-common18,crexx,adapter,D2-decNumber-p3-n64-b64,D,no,steady-adapter,warmup,1,12,5000000,452845000,,0,pass,,
timing-DECIMAL-D2-cal-common18-arithmetic-d2-cal-p3-n64-b128-common18-warmup-1,timing,DECIMAL-D2-cal-common18-arithmetic,d2-cal-p3-n64-b128-common18,crexx,adapter,D2-decNumber-p3-n64-b128,D,no,steady-adapter,warmup,1,13,5000000,433263000,,0,pass,,
timing-DECIMAL-D2-cal-common18-arithmetic-d2-cal-p4-n18-b20-common18-warmup-1,timing,DECIMAL-D2-cal-common18-arithmetic,d2-cal-p4-n18-b20-common18,crexx,adapter,D2-decNumber-p4-n18-b20,D,no,steady-adapter,warmup,1,14,5000000,364046000,,0,pass,,
timing-DECIMAL-D2-cal-common18-arithmetic-d2-cal-p4-n18-b36-common18-warmup-1,timing,DECIMAL-D2-cal-common18-arithmetic,d2-cal-p4-n18-b36-common18,crexx,adapter,D2-decNumber-p4-n18-b36,D,no,steady-adapter,warmup,1,15,5000000,370783000,,0,pass,,
timing-DECIMAL-D2-cal-common18-arithmetic-d2-cal-p4-n18-b64-common18-warmup-1,timing,DECIMAL-D2-cal-common18-arithmetic,d2-cal-p4-n18-b64-common18,crexx,adapter,D2-decNumber-p4-n18-b64,D,no,steady-adapter,warmup,1,16,5000000,353278000,,0,pass,,
timing-DECIMAL-D2-cal-common18-arithmetic-d2-cal-p4-n18-b128-common18-warmup-1,timing,DECIMAL-D2-cal-common18-arithmetic,d2-cal-p4-n18-b128-common18,crexx,adapter,D2-decNumber-p4-n18-b128,D,no,steady-adapter,warmup,1,17,5000000,358963000,,0,pass,,
timing-DECIMAL-D2-cal-common18-arithmetic-d2-cal-p4-n34-b20-common18-warmup-1,timing,DECIMAL-D2-cal-common18-arithmetic,d2-cal-p4-n34-b20-common18,crexx,adapter,D2-decNumber-p4-n34-b20,D,no,steady-adapter,warmup,1,18,5000000,370398000,,0,pass,,
timing-DECIMAL-D2-cal-common18-arithmetic-d2-cal-p4-n34-b36-common18-warmup-1,timing,DECIMAL-D2-cal-common18-arithmetic,d2-cal-p4-n34-b36-common18,crexx,adapter,D2-decNumber-p4-n34-b36,D,no,steady-adapter,warmup,1,19,5000000,372660000,,0,pass,,
timing-DECIMAL-D2-cal-common18-arithmetic-d2-cal-p4-n34-b64-common18-warmup-1,timing,DECIMAL-D2-cal-common18-arithmetic,d2-cal-p4-n34-b64-common18,crexx,adapter,D2-decNumber-p4-n34-b64,D,no,steady-adapter,warmup,1,20,5000000,359859000,,0,pass,,
timing-DECIMAL-D2-cal-common18-arithmetic-d2-cal-p4-n34-b128-common18-warmup-1,timing,DECIMAL-D2-cal-common18-arithmetic,d2-cal-p4-n34-b128-common18,crexx,adapter,D2-decNumber-p4-n34-b128,D,no,steady-adapter,warmup,1,21,5000000,352802000,,0,pass,,
timing-DECIMAL-D2-cal-common18-arithmetic-d2-cal-p4-n64-b20-common18-warmup-1,timing,DECIMAL-D2-cal-common18-arithmetic,d2-cal-p4-n64-b20-common18,crexx,adapter,D2-decNumber-p4-n64-b20,D,no,steady-adapter,warmup,1,22,5000000,372938000,,0,pass,,
timing-DECIMAL-D2-cal-common18-arithmetic-d2-cal-p4-n64-b36-common18-warmup-1,timing,DECIMAL-D2-cal-common18-arithmetic,d2-cal-p4-n64-b36-common18,crexx,adapter,D2-decNumber-p4-n64-b36,D,no,steady-adapter,warmup,1,23,5000000,351966000,,0,pass,,
timing-DECIMAL-D2-cal-common18-arithmetic-d2-cal-p4-n64-b64-common18-warmup-1,timing,DECIMAL-D2-cal-common18-arithmetic,d2-cal-p4-n64-b64-common18,crexx,adapter,D2-decNumber-p4-n64-b64,D,no,steady-adapter,warmup,1,24,5000000,349076000,,0,pass,,
timing-DECIMAL-D2-cal-common18-arithmetic-d2-cal-p4-n64-b128-common18-warmup-1,timing,DECIMAL-D2-cal-common18-arithmetic,d2-cal-p4-n64-b128-common18,crexx,adapter,D2-decNumber-p4-n64-b128,D,no,steady-adapter,warmup,1,25,5000000,349894000,,0,pass,,
timing-DECIMAL-D2-cal-common18-arithmetic-d2-cal-p8-n18-b20-common18-warmup-1,timing,DECIMAL-D2-cal-common18-arithmetic,d2-cal-p8-n18-b20-common18,crexx,adapter,D2-decNumber-p8-n18-b20,D,no,steady-adapter,warmup,1,26,5000000,275295000,,0,pass,,
timing-DECIMAL-D2-cal-common18-arithmetic-d2-cal-p8-n18-b36-common18-warmup-1,timing,DECIMAL-D2-cal-common18-arithmetic,d2-cal-p8-n18-b36-common18,crexx,adapter,D2-decNumber-p8-n18-b36,D,no,steady-adapter,warmup,1,27,5000000,285571000,,0,pass,,
timing-DECIMAL-D2-cal-common18-arithmetic-d2-cal-p8-n18-b64-common18-warmup-1,timing,DECIMAL-D2-cal-common18-arithmetic,d2-cal-p8-n18-b64-common18,crexx,adapter,D2-decNumber-p8-n18-b64,D,no,steady-adapter,warmup,1,28,5000000,289858000,,0,pass,,
timing-DECIMAL-D2-cal-common18-arithmetic-d2-cal-p8-n18-b128-common18-warmup-1,timing,DECIMAL-D2-cal-common18-arithmetic,d2-cal-p8-n18-b128-common18,crexx,adapter,D2-decNumber-p8-n18-b128,D,no,steady-adapter,warmup,1,29,5000000,282218000,,0,pass,,
timing-DECIMAL-D2-cal-common18-arithmetic-d2-cal-p8-n34-b20-common18-warmup-1,timing,DECIMAL-D2-cal-common18-arithmetic,d2-cal-p8-n34-b20-common18,crexx,adapter,D2-decNumber-p8-n34-b20,D,no,steady-adapter,warmup,1,30,5000000,290946000,,0,pass,,
timing-DECIMAL-D2-cal-common18-arithmetic-d2-cal-p8-n34-b36-common18-warmup-1,timing,DECIMAL-D2-cal-common18-arithmetic,d2-cal-p8-n34-b36-common18,crexx,adapter,D2-decNumber-p8-n34-b36,D,no,steady-adapter,warmup,1,31,5000000,294573000,,0,pass,,
timing-DECIMAL-D2-cal-common18-arithmetic-d2-cal-p8-n34-b64-common18-warmup-1,timing,DECIMAL-D2-cal-common18-arithmetic,d2-cal-p8-n34-b64-common18,crexx,adapter,D2-decNumber-p8-n34-b64,D,no,steady-adapter,warmup,1,32,5000000,275847000,,0,pass,,
timing-DECIMAL-D2-cal-common18-arithmetic-d2-cal-p8-n34-b128-common18-warmup-1,timing,DECIMAL-D2-cal-common18-arithmetic,d2-cal-p8-n34-b128-common18,crexx,adapter,D2-decNumber-p8-n34-b128,D,no,steady-adapter,warmup,1,33,5000000,292082000,,0,pass,,
timing-DECIMAL-D2-cal-common18-arithmetic-d2-cal-p8-n64-b20-common18-warmup-1,timing,DECIMAL-D2-cal-common18-arithmetic,d2-cal-p8-n64-b20-common18,crexx,adapter,D2-decNumber-p8-n64-b20,D,no,steady-adapter,warmup,1,34,5000000,283728000,,0,pass,,
timing-DECIMAL-D2-cal-common18-arithmetic-d2-cal-p8-n64-b36-common18-warmup-1,timing,DECIMAL-D2-cal-common18-arithmetic,d2-cal-p8-n64-b36-common18,crexx,adapter,D2-decNumber-p8-n64-b36,D,no,steady-adapter,warmup,1,35,5000000,285167000,,0,pass,,
timing-DECIMAL-D2-cal-common18-arithmetic-d2-cal-p8-n64-b64-common18-warmup-1,timing,DECIMAL-D2-cal-common18-arithmetic,d2-cal-p8-n64-b64-common18,crexx,adapter,D2-decNumber-p8-n64-b64,D,no,steady-adapter,warmup,1,36,5000000,276608000,,0,pass,,
timing-DECIMAL-D2-cal-common18-arithmetic-d2-cal-p8-n64-b128-common18-warmup-1,timing,DECIMAL-D2-cal-common18-arithmetic,d2-cal-p8-n64-b128-common18,crexx,adapter,D2-decNumber-p8-n64-b128,D,no,steady-adapter,warmup,1,37,5000000,289901000,,0,pass,,
timing-DECIMAL-D2-cal-common18-arithmetic-d2-cal-p9-n18-b20-common18-warmup-1,timing,DECIMAL-D2-cal-common18-arithmetic,d2-cal-p9-n18-b20-common18,crexx,adapter,D2-decNumber-p9-n18-b20,D,no,steady-adapter,warmup,1,38,5000000,304915000,,0,pass,,
timing-DECIMAL-D2-cal-common18-arithmetic-d2-cal-p9-n18-b36-common18-warmup-1,timing,DECIMAL-D2-cal-common18-arithmetic,d2-cal-p9-n18-b36-common18,crexx,adapter,D2-decNumber-p9-n18-b36,D,no,steady-adapter,warmup,1,39,5000000,321690000,,0,pass,,
timing-DECIMAL-D2-cal-common18-arithmetic-d2-cal-p9-n18-b64-common18-warmup-1,timing,DECIMAL-D2-cal-common18-arithmetic,d2-cal-p9-n18-b64-common18,crexx,adapter,D2-decNumber-p9-n18-b64,D,no,steady-adapter,warmup,1,40,5000000,311481000,,0,pass,,
timing-DECIMAL-D2-cal-common18-arithmetic-d2-cal-p9-n18-b128-common18-warmup-1,timing,DECIMAL-D2-cal-common18-arithmetic,d2-cal-p9-n18-b128-common18,crexx,adapter,D2-decNumber-p9-n18-b128,D,no,steady-adapter,warmup,1,41,5000000,308220000,,0,pass,,
timing-DECIMAL-D2-cal-common18-arithmetic-d2-cal-p9-n34-b20-common18-warmup-1,timing,DECIMAL-D2-cal-common18-arithmetic,d2-cal-p9-n34-b20-common18,crexx,adapter,D2-decNumber-p9-n34-b20,D,no,steady-adapter,warmup,1,42,5000000,318350000,,0,pass,,
timing-DECIMAL-D2-cal-common18-arithmetic-d2-cal-p9-n34-b36-common18-warmup-1,timing,DECIMAL-D2-cal-common18-arithmetic,d2-cal-p9-n34-b36-common18,crexx,adapter,D2-decNumber-p9-n34-b36,D,no,steady-adapter,warmup,1,43,5000000,308839000,,0,pass,,
timing-DECIMAL-D2-cal-common18-arithmetic-d2-cal-p9-n34-b64-common18-warmup-1,timing,DECIMAL-D2-cal-common18-arithmetic,d2-cal-p9-n34-b64-common18,crexx,adapter,D2-decNumber-p9-n34-b64,D,no,steady-adapter,warmup,1,44,5000000,299960000,,0,pass,,
timing-DECIMAL-D2-cal-common18-arithmetic-d2-cal-p9-n34-b128-common18-warmup-1,timing,DECIMAL-D2-cal-common18-arithmetic,d2-cal-p9-n34-b128-common18,crexx,adapter,D2-decNumber-p9-n34-b128,D,no,steady-adapter,warmup,1,45,5000000,307696000,,0,pass,,
timing-DECIMAL-D2-cal-common18-arithmetic-d2-cal-p9-n64-b20-common18-warmup-1,timing,DECIMAL-D2-cal-common18-arithmetic,d2-cal-p9-n64-b20-common18,crexx,adapter,D2-decNumber-p9-n64-b20,D,no,steady-adapter,warmup,1,46,5000000,311698000,,0,pass,,
timing-DECIMAL-D2-cal-common18-arithmetic-d2-cal-p9-n64-b36-common18-warmup-1,timing,DECIMAL-D2-cal-common18-arithmetic,d2-cal-p9-n64-b36-common18,crexx,adapter,D2-decNumber-p9-n64-b36,D,no,steady-adapter,warmup,1,47,5000000,303634000,,0,pass,,
timing-DECIMAL-D2-cal-common18-arithmetic-d2-cal-p9-n64-b64-common18-warmup-1,timing,DECIMAL-D2-cal-common18-arithmetic,d2-cal-p9-n64-b64-common18,crexx,adapter,D2-decNumber-p9-n64-b64,D,no,steady-adapter,warmup,1,48,5000000,307797000,,0,pass,,
timing-DECIMAL-D2-cal-common18-arithmetic-d2-cal-p9-n64-b128-common18-warmup-1,timing,DECIMAL-D2-cal-common18-arithmetic,d2-cal-p9-n64-b128-common18,crexx,adapter,D2-decNumber-p9-n64-b128,D,no,steady-adapter,warmup,1,49,5000000,298186000,,0,pass,,
timing-DECIMAL-D2-cal-common18-arithmetic-d2-cal-current-common18-recorded-1,timing,DECIMAL-D2-cal-common18-arithmetic,d2-cal-current-common18,crexx,adapter,D0-mc-current,D,no,steady-adapter,recorded,1,1,5000000,290044000,,0,pass,,
timing-DECIMAL-D2-cal-common18-arithmetic-d2-cal-p3-n18-b20-common18-recorded-1,timing,DECIMAL-D2-cal-common18-arithmetic,d2-cal-p3-n18-b20-common18,crexx,adapter,D2-decNumber-p3-n18-b20,D,no,steady-adapter,recorded,1,2,5000000,444416000,,0,pass,,
timing-DECIMAL-D2-cal-common18-arithmetic-d2-cal-p3-n18-b36-common18-recorded-1,timing,DECIMAL-D2-cal-common18-arithmetic,d2-cal-p3-n18-b36-common18,crexx,adapter,D2-decNumber-p3-n18-b36,D,no,steady-adapter,recorded,1,3,5000000,427442000,,0,pass,,
timing-DECIMAL-D2-cal-common18-arithmetic-d2-cal-p3-n18-b64-common18-recorded-1,timing,DECIMAL-D2-cal-common18-arithmetic,d2-cal-p3-n18-b64-common18,crexx,adapter,D2-decNumber-p3-n18-b64,D,no,steady-adapter,recorded,1,4,5000000,431849000,,0,pass,,
timing-DECIMAL-D2-cal-common18-arithmetic-d2-cal-p3-n18-b128-common18-recorded-1,timing,DECIMAL-D2-cal-common18-arithmetic,d2-cal-p3-n18-b128-common18,crexx,adapter,D2-decNumber-p3-n18-b128,D,no,steady-adapter,recorded,1,5,5000000,431594000,,0,pass,,
timing-DECIMAL-D2-cal-common18-arithmetic-d2-cal-p3-n34-b20-common18-recorded-1,timing,DECIMAL-D2-cal-common18-arithmetic,d2-cal-p3-n34-b20-common18,crexx,adapter,D2-decNumber-p3-n34-b20,D,no,steady-adapter,recorded,1,6,5000000,442670000,,0,pass,,
timing-DECIMAL-D2-cal-common18-arithmetic-d2-cal-p3-n34-b36-common18-recorded-1,timing,DECIMAL-D2-cal-common18-arithmetic,d2-cal-p3-n34-b36-common18,crexx,adapter,D2-decNumber-p3-n34-b36,D,no,steady-adapter,recorded,1,7,5000000,433754000,,0,pass,,
timing-DECIMAL-D2-cal-common18-arithmetic-d2-cal-p3-n34-b64-common18-recorded-1,timing,DECIMAL-D2-cal-common18-arithmetic,d2-cal-p3-n34-b64-common18,crexx,adapter,D2-decNumber-p3-n34-b64,D,no,steady-adapter,recorded,1,8,5000000,427519000,,0,pass,,
timing-DECIMAL-D2-cal-common18-arithmetic-d2-cal-p3-n34-b128-common18-recorded-1,timing,DECIMAL-D2-cal-common18-arithmetic,d2-cal-p3-n34-b128-common18,crexx,adapter,D2-decNumber-p3-n34-b128,D,no,steady-adapter,recorded,1,9,5000000,433527000,,0,pass,,
timing-DECIMAL-D2-cal-common18-arithmetic-d2-cal-p3-n64-b20-common18-recorded-1,timing,DECIMAL-D2-cal-common18-arithmetic,d2-cal-p3-n64-b20-common18,crexx,adapter,D2-decNumber-p3-n64-b20,D,no,steady-adapter,recorded,1,10,5000000,434913000,,0,pass,,
timing-DECIMAL-D2-cal-common18-arithmetic-d2-cal-p3-n64-b36-common18-recorded-1,timing,DECIMAL-D2-cal-common18-arithmetic,d2-cal-p3-n64-b36-common18,crexx,adapter,D2-decNumber-p3-n64-b36,D,no,steady-adapter,recorded,1,11,5000000,425412000,,0,pass,,
timing-DECIMAL-D2-cal-common18-arithmetic-d2-cal-p3-n64-b64-common18-recorded-1,timing,DECIMAL-D2-cal-common18-arithmetic,d2-cal-p3-n64-b64-common18,crexx,adapter,D2-decNumber-p3-n64-b64,D,no,steady-adapter,recorded,1,12,5000000,441137000,,0,pass,,
timing-DECIMAL-D2-cal-common18-arithmetic-d2-cal-p3-n64-b128-common18-recorded-1,timing,DECIMAL-D2-cal-common18-arithmetic,d2-cal-p3-n64-b128-common18,crexx,adapter,D2-decNumber-p3-n64-b128,D,no,steady-adapter,recorded,1,13,5000000,431587000,,0,pass,,
timing-DECIMAL-D2-cal-common18-arithmetic-d2-cal-p4-n18-b20-common18-recorded-1,timing,DECIMAL-D2-cal-common18-arithmetic,d2-cal-p4-n18-b20-common18,crexx,adapter,D2-decNumber-p4-n18-b20,D,no,steady-adapter,recorded,1,14,5000000,388517000,,0,pass,,
timing-DECIMAL-D2-cal-common18-arithmetic-d2-cal-p4-n18-b36-common18-recorded-1,timing,DECIMAL-D2-cal-common18-arithmetic,d2-cal-p4-n18-b36-common18,crexx,adapter,D2-decNumber-p4-n18-b36,D,no,steady-adapter,recorded,1,15,5000000,361340000,,0,pass,,
timing-DECIMAL-D2-cal-common18-arithmetic-d2-cal-p4-n18-b64-common18-recorded-1,timing,DECIMAL-D2-cal-common18-arithmetic,d2-cal-p4-n18-b64-common18,crexx,adapter,D2-decNumber-p4-n18-b64,D,no,steady-adapter,recorded,1,16,5000000,364943000,,0,pass,,
timing-DECIMAL-D2-cal-common18-arithmetic-d2-cal-p4-n18-b128-common18-recorded-1,timing,DECIMAL-D2-cal-common18-arithmetic,d2-cal-p4-n18-b128-common18,crexx,adapter,D2-decNumber-p4-n18-b128,D,no,steady-adapter,recorded,1,17,5000000,371579000,,0,pass,,
timing-DECIMAL-D2-cal-common18-arithmetic-d2-cal-p4-n34-b20-common18-recorded-1,timing,DECIMAL-D2-cal-common18-arithmetic,d2-cal-p4-n34-b20-common18,crexx,adapter,D2-decNumber-p4-n34-b20,D,no,steady-adapter,recorded,1,18,5000000,374996000,,0,pass,,
timing-DECIMAL-D2-cal-common18-arithmetic-d2-cal-p4-n34-b36-common18-recorded-1,timing,DECIMAL-D2-cal-common18-arithmetic,d2-cal-p4-n34-b36-common18,crexx,adapter,D2-decNumber-p4-n34-b36,D,no,steady-adapter,recorded,1,19,5000000,351535000,,0,pass,,
timing-DECIMAL-D2-cal-common18-arithmetic-d2-cal-p4-n34-b64-common18-recorded-1,timing,DECIMAL-D2-cal-common18-arithmetic,d2-cal-p4-n34-b64-common18,crexx,adapter,D2-decNumber-p4-n34-b64,D,no,steady-adapter,recorded,1,20,5000000,358292000,,0,pass,,
timing-DECIMAL-D2-cal-common18-arithmetic-d2-cal-p4-n34-b128-common18-recorded-1,timing,DECIMAL-D2-cal-common18-arithmetic,d2-cal-p4-n34-b128-common18,crexx,adapter,D2-decNumber-p4-n34-b128,D,no,steady-adapter,recorded,1,21,5000000,361563000,,0,pass,,
timing-DECIMAL-D2-cal-common18-arithmetic-d2-cal-p4-n64-b20-common18-recorded-1,timing,DECIMAL-D2-cal-common18-arithmetic,d2-cal-p4-n64-b20-common18,crexx,adapter,D2-decNumber-p4-n64-b20,D,no,steady-adapter,recorded,1,22,5000000,371613000,,0,pass,,
timing-DECIMAL-D2-cal-common18-arithmetic-d2-cal-p4-n64-b36-common18-recorded-1,timing,DECIMAL-D2-cal-common18-arithmetic,d2-cal-p4-n64-b36-common18,crexx,adapter,D2-decNumber-p4-n64-b36,D,no,steady-adapter,recorded,1,23,5000000,366573000,,0,pass,,
timing-DECIMAL-D2-cal-common18-arithmetic-d2-cal-p4-n64-b64-common18-recorded-1,timing,DECIMAL-D2-cal-common18-arithmetic,d2-cal-p4-n64-b64-common18,crexx,adapter,D2-decNumber-p4-n64-b64,D,no,steady-adapter,recorded,1,24,5000000,363901000,,0,pass,,
timing-DECIMAL-D2-cal-common18-arithmetic-d2-cal-p4-n64-b128-common18-recorded-1,timing,DECIMAL-D2-cal-common18-arithmetic,d2-cal-p4-n64-b128-common18,crexx,adapter,D2-decNumber-p4-n64-b128,D,no,steady-adapter,recorded,1,25,5000000,361015000,,0,pass,,
timing-DECIMAL-D2-cal-common18-arithmetic-d2-cal-p8-n18-b20-common18-recorded-1,timing,DECIMAL-D2-cal-common18-arithmetic,d2-cal-p8-n18-b20-common18,crexx,adapter,D2-decNumber-p8-n18-b20,D,no,steady-adapter,recorded,1,26,5000000,290936000,,0,pass,,
timing-DECIMAL-D2-cal-common18-arithmetic-d2-cal-p8-n18-b36-common18-recorded-1,timing,DECIMAL-D2-cal-common18-arithmetic,d2-cal-p8-n18-b36-common18,crexx,adapter,D2-decNumber-p8-n18-b36,D,no,steady-adapter,recorded,1,27,5000000,292264000,,0,pass,,
timing-DECIMAL-D2-cal-common18-arithmetic-d2-cal-p8-n18-b64-common18-recorded-1,timing,DECIMAL-D2-cal-common18-arithmetic,d2-cal-p8-n18-b64-common18,crexx,adapter,D2-decNumber-p8-n18-b64,D,no,steady-adapter,recorded,1,28,5000000,289923000,,0,pass,,
timing-DECIMAL-D2-cal-common18-arithmetic-d2-cal-p8-n18-b128-common18-recorded-1,timing,DECIMAL-D2-cal-common18-arithmetic,d2-cal-p8-n18-b128-common18,crexx,adapter,D2-decNumber-p8-n18-b128,D,no,steady-adapter,recorded,1,29,5000000,284942000,,0,pass,,
timing-DECIMAL-D2-cal-common18-arithmetic-d2-cal-p8-n34-b20-common18-recorded-1,timing,DECIMAL-D2-cal-common18-arithmetic,d2-cal-p8-n34-b20-common18,crexx,adapter,D2-decNumber-p8-n34-b20,D,no,steady-adapter,recorded,1,30,5000000,291642000,,0,pass,,
timing-DECIMAL-D2-cal-common18-arithmetic-d2-cal-p8-n34-b36-common18-recorded-1,timing,DECIMAL-D2-cal-common18-arithmetic,d2-cal-p8-n34-b36-common18,crexx,adapter,D2-decNumber-p8-n34-b36,D,no,steady-adapter,recorded,1,31,5000000,289874000,,0,pass,,
timing-DECIMAL-D2-cal-common18-arithmetic-d2-cal-p8-n34-b64-common18-recorded-1,timing,DECIMAL-D2-cal-common18-arithmetic,d2-cal-p8-n34-b64-common18,crexx,adapter,D2-decNumber-p8-n34-b64,D,no,steady-adapter,recorded,1,32,5000000,281627000,,0,pass,,
timing-DECIMAL-D2-cal-common18-arithmetic-d2-cal-p8-n34-b128-common18-recorded-1,timing,DECIMAL-D2-cal-common18-arithmetic,d2-cal-p8-n34-b128-common18,crexx,adapter,D2-decNumber-p8-n34-b128,D,no,steady-adapter,recorded,1,33,5000000,289992000,,0,pass,,
timing-DECIMAL-D2-cal-common18-arithmetic-d2-cal-p8-n64-b20-common18-recorded-1,timing,DECIMAL-D2-cal-common18-arithmetic,d2-cal-p8-n64-b20-common18,crexx,adapter,D2-decNumber-p8-n64-b20,D,no,steady-adapter,recorded,1,34,5000000,279900000,,0,pass,,
timing-DECIMAL-D2-cal-common18-arithmetic-d2-cal-p8-n64-b36-common18-recorded-1,timing,DECIMAL-D2-cal-common18-arithmetic,d2-cal-p8-n64-b36-common18,crexx,adapter,D2-decNumber-p8-n64-b36,D,no,steady-adapter,recorded,1,35,5000000,283197000,,0,pass,,
timing-DECIMAL-D2-cal-common18-arithmetic-d2-cal-p8-n64-b64-common18-recorded-1,timing,DECIMAL-D2-cal-common18-arithmetic,d2-cal-p8-n64-b64-common18,crexx,adapter,D2-decNumber-p8-n64-b64,D,no,steady-adapter,recorded,1,36,5000000,281583000,,0,pass,,
timing-DECIMAL-D2-cal-common18-arithmetic-d2-cal-p8-n64-b128-common18-recorded-1,timing,DECIMAL-D2-cal-common18-arithmetic,d2-cal-p8-n64-b128-common18,crexx,adapter,D2-decNumber-p8-n64-b128,D,no,steady-adapter,recorded,1,37,5000000,281630000,,0,pass,,
timing-DECIMAL-D2-cal-common18-arithmetic-d2-cal-p9-n18-b20-common18-recorded-1,timing,DECIMAL-D2-cal-common18-arithmetic,d2-cal-p9-n18-b20-common18,crexx,adapter,D2-decNumber-p9-n18-b20,D,no,steady-adapter,recorded,1,38,5000000,319983000,,0,pass,,
timing-DECIMAL-D2-cal-common18-arithmetic-d2-cal-p9-n18-b36-common18-recorded-1,timing,DECIMAL-D2-cal-common18-arithmetic,d2-cal-p9-n18-b36-common18,crexx,adapter,D2-decNumber-p9-n18-b36,D,no,steady-adapter,recorded,1,39,5000000,302153000,,0,pass,,
timing-DECIMAL-D2-cal-common18-arithmetic-d2-cal-p9-n18-b64-common18-recorded-1,timing,DECIMAL-D2-cal-common18-arithmetic,d2-cal-p9-n18-b64-common18,crexx,adapter,D2-decNumber-p9-n18-b64,D,no,steady-adapter,recorded,1,40,5000000,303339000,,0,pass,,
timing-DECIMAL-D2-cal-common18-arithmetic-d2-cal-p9-n18-b128-common18-recorded-1,timing,DECIMAL-D2-cal-common18-arithmetic,d2-cal-p9-n18-b128-common18,crexx,adapter,D2-decNumber-p9-n18-b128,D,no,steady-adapter,recorded,1,41,5000000,299300000,,0,pass,,
timing-DECIMAL-D2-cal-common18-arithmetic-d2-cal-p9-n34-b20-common18-recorded-1,timing,DECIMAL-D2-cal-common18-arithmetic,d2-cal-p9-n34-b20-common18,crexx,adapter,D2-decNumber-p9-n34-b20,D,no,steady-adapter,recorded,1,42,5000000,307202000,,0,pass,,
timing-DECIMAL-D2-cal-common18-arithmetic-d2-cal-p9-n34-b36-common18-recorded-1,timing,DECIMAL-D2-cal-common18-arithmetic,d2-cal-p9-n34-b36-common18,crexx,adapter,D2-decNumber-p9-n34-b36,D,no,steady-adapter,recorded,1,43,5000000,319337000,,0,pass,,
timing-DECIMAL-D2-cal-common18-arithmetic-d2-cal-p9-n34-b64-common18-recorded-1,timing,DECIMAL-D2-cal-common18-arithmetic,d2-cal-p9-n34-b64-common18,crexx,adapter,D2-decNumber-p9-n34-b64,D,no,steady-adapter,recorded,1,44,5000000,309752000,,0,pass,,
timing-DECIMAL-D2-cal-common18-arithmetic-d2-cal-p9-n34-b128-common18-recorded-1,timing,DECIMAL-D2-cal-common18-arithmetic,d2-cal-p9-n34-b128-common18,crexx,adapter,D2-decNumber-p9-n34-b128,D,no,steady-adapter,recorded,1,45,5000000,303456000,,0,pass,,
timing-DECIMAL-D2-cal-common18-arithmetic-d2-cal-p9-n64-b20-common18-recorded-1,timing,DECIMAL-D2-cal-common18-arithmetic,d2-cal-p9-n64-b20-common18,crexx,adapter,D2-decNumber-p9-n64-b20,D,no,steady-adapter,recorded,1,46,5000000,318305000,,0,pass,,
timing-DECIMAL-D2-cal-common18-arithmetic-d2-cal-p9-n64-b36-common18-recorded-1,timing,DECIMAL-D2-cal-common18-arithmetic,d2-cal-p9-n64-b36-common18,crexx,adapter,D2-decNumber-p9-n64-b36,D,no,steady-adapter,recorded,1,47,5000000,318177000,,0,pass,,
timing-DECIMAL-D2-cal-common18-arithmetic-d2-cal-p9-n64-b64-common18-recorded-1,timing,DECIMAL-D2-cal-common18-arithmetic,d2-cal-p9-n64-b64-common18,crexx,adapter,D2-decNumber-p9-n64-b64,D,no,steady-adapter,recorded,1,48,5000000,313641000,,0,pass,,
timing-DECIMAL-D2-cal-common18-arithmetic-d2-cal-p9-n64-b128-common18-recorded-1,timing,DECIMAL-D2-cal-common18-arithmetic,d2-cal-p9-n64-b128-common18,crexx,adapter,D2-decNumber-p9-n64-b128,D,no,steady-adapter,recorded,1,49,5000000,313837000,,0,pass,,
timing-DECIMAL-D2-cal-common18-arithmetic-d2-cal-p9-n64-b128-common18-recorded-2,timing,DECIMAL-D2-cal-common18-arithmetic,d2-cal-p9-n64-b128-common18,crexx,adapter,D2-decNumber-p9-n64-b128,D,no,steady-adapter,recorded,2,1,5000000,300705000,,0,pass,,
timing-DECIMAL-D2-cal-common18-arithmetic-d2-cal-p9-n64-b64-common18-recorded-2,timing,DECIMAL-D2-cal-common18-arithmetic,d2-cal-p9-n64-b64-common18,crexx,adapter,D2-decNumber-p9-n64-b64,D,no,steady-adapter,recorded,2,2,5000000,301532000,,0,pass,,
timing-DECIMAL-D2-cal-common18-arithmetic-d2-cal-p9-n64-b36-common18-recorded-2,timing,DECIMAL-D2-cal-common18-arithmetic,d2-cal-p9-n64-b36-common18,crexx,adapter,D2-decNumber-p9-n64-b36,D,no,steady-adapter,recorded,2,3,5000000,310009000,,0,pass,,
timing-DECIMAL-D2-cal-common18-arithmetic-d2-cal-p9-n64-b20-common18-recorded-2,timing,DECIMAL-D2-cal-common18-arithmetic,d2-cal-p9-n64-b20-common18,crexx,adapter,D2-decNumber-p9-n64-b20,D,no,steady-adapter,recorded,2,4,5000000,311684000,,0,pass,,
timing-DECIMAL-D2-cal-common18-arithmetic-d2-cal-p9-n34-b128-common18-recorded-2,timing,DECIMAL-D2-cal-common18-arithmetic,d2-cal-p9-n34-b128-common18,crexx,adapter,D2-decNumber-p9-n34-b128,D,no,steady-adapter,recorded,2,5,5000000,293191000,,0,pass,,
timing-DECIMAL-D2-cal-common18-arithmetic-d2-cal-p9-n34-b64-common18-recorded-2,timing,DECIMAL-D2-cal-common18-arithmetic,d2-cal-p9-n34-b64-common18,crexx,adapter,D2-decNumber-p9-n34-b64,D,no,steady-adapter,recorded,2,6,5000000,305519000,,0,pass,,
timing-DECIMAL-D2-cal-common18-arithmetic-d2-cal-p9-n34-b36-common18-recorded-2,timing,DECIMAL-D2-cal-common18-arithmetic,d2-cal-p9-n34-b36-common18,crexx,adapter,D2-decNumber-p9-n34-b36,D,no,steady-adapter,recorded,2,7,5000000,299931000,,0,pass,,
timing-DECIMAL-D2-cal-common18-arithmetic-d2-cal-p9-n34-b20-common18-recorded-2,timing,DECIMAL-D2-cal-common18-arithmetic,d2-cal-p9-n34-b20-common18,crexx,adapter,D2-decNumber-p9-n34-b20,D,no,steady-adapter,recorded,2,8,5000000,310188000,,0,pass,,
timing-DECIMAL-D2-cal-common18-arithmetic-d2-cal-p9-n18-b128-common18-recorded-2,timing,DECIMAL-D2-cal-common18-arithmetic,d2-cal-p9-n18-b128-common18,crexx,adapter,D2-decNumber-p9-n18-b128,D,no,steady-adapter,recorded,2,9,5000000,305750000,,0,pass,,
timing-DECIMAL-D2-cal-common18-arithmetic-d2-cal-p9-n18-b64-common18-recorded-2,timing,DECIMAL-D2-cal-common18-arithmetic,d2-cal-p9-n18-b64-common18,crexx,adapter,D2-decNumber-p9-n18-b64,D,no,steady-adapter,recorded,2,10,5000000,299877000,,0,pass,,
timing-DECIMAL-D2-cal-common18-arithmetic-d2-cal-p9-n18-b36-common18-recorded-2,timing,DECIMAL-D2-cal-common18-arithmetic,d2-cal-p9-n18-b36-common18,crexx,adapter,D2-decNumber-p9-n18-b36,D,no,steady-adapter,recorded,2,11,5000000,298307000,,0,pass,,
timing-DECIMAL-D2-cal-common18-arithmetic-d2-cal-p9-n18-b20-common18-recorded-2,timing,DECIMAL-D2-cal-common18-arithmetic,d2-cal-p9-n18-b20-common18,crexx,adapter,D2-decNumber-p9-n18-b20,D,no,steady-adapter,recorded,2,12,5000000,316603000,,0,pass,,
timing-DECIMAL-D2-cal-common18-arithmetic-d2-cal-p8-n64-b128-common18-recorded-2,timing,DECIMAL-D2-cal-common18-arithmetic,d2-cal-p8-n64-b128-common18,crexx,adapter,D2-decNumber-p8-n64-b128,D,no,steady-adapter,recorded,2,13,5000000,276603000,,0,pass,,
timing-DECIMAL-D2-cal-common18-arithmetic-d2-cal-p8-n64-b64-common18-recorded-2,timing,DECIMAL-D2-cal-common18-arithmetic,d2-cal-p8-n64-b64-common18,crexx,adapter,D2-decNumber-p8-n64-b64,D,no,steady-adapter,recorded,2,14,5000000,281063000,,0,pass,,
timing-DECIMAL-D2-cal-common18-arithmetic-d2-cal-p8-n64-b36-common18-recorded-2,timing,DECIMAL-D2-cal-common18-arithmetic,d2-cal-p8-n64-b36-common18,crexx,adapter,D2-decNumber-p8-n64-b36,D,no,steady-adapter,recorded,2,15,5000000,347741000,,0,pass,,
timing-DECIMAL-D2-cal-common18-arithmetic-d2-cal-p8-n64-b20-common18-recorded-2,timing,DECIMAL-D2-cal-common18-arithmetic,d2-cal-p8-n64-b20-common18,crexx,adapter,D2-decNumber-p8-n64-b20,D,no,steady-adapter,recorded,2,16,5000000,283225000,,0,pass,,
timing-DECIMAL-D2-cal-common18-arithmetic-d2-cal-p8-n34-b128-common18-recorded-2,timing,DECIMAL-D2-cal-common18-arithmetic,d2-cal-p8-n34-b128-common18,crexx,adapter,D2-decNumber-p8-n34-b128,D,no,steady-adapter,recorded,2,17,5000000,288751000,,0,pass,,
timing-DECIMAL-D2-cal-common18-arithmetic-d2-cal-p8-n34-b64-common18-recorded-2,timing,DECIMAL-D2-cal-common18-arithmetic,d2-cal-p8-n34-b64-common18,crexx,adapter,D2-decNumber-p8-n34-b64,D,no,steady-adapter,recorded,2,18,5000000,287257000,,0,pass,,
timing-DECIMAL-D2-cal-common18-arithmetic-d2-cal-p8-n34-b36-common18-recorded-2,timing,DECIMAL-D2-cal-common18-arithmetic,d2-cal-p8-n34-b36-common18,crexx,adapter,D2-decNumber-p8-n34-b36,D,no,steady-adapter,recorded,2,19,5000000,288281000,,0,pass,,
timing-DECIMAL-D2-cal-common18-arithmetic-d2-cal-p8-n34-b20-common18-recorded-2,timing,DECIMAL-D2-cal-common18-arithmetic,d2-cal-p8-n34-b20-common18,crexx,adapter,D2-decNumber-p8-n34-b20,D,no,steady-adapter,recorded,2,20,5000000,302145000,,0,pass,,
timing-DECIMAL-D2-cal-common18-arithmetic-d2-cal-p8-n18-b128-common18-recorded-2,timing,DECIMAL-D2-cal-common18-arithmetic,d2-cal-p8-n18-b128-common18,crexx,adapter,D2-decNumber-p8-n18-b128,D,no,steady-adapter,recorded,2,21,5000000,281004000,,0,pass,,
timing-DECIMAL-D2-cal-common18-arithmetic-d2-cal-p8-n18-b64-common18-recorded-2,timing,DECIMAL-D2-cal-common18-arithmetic,d2-cal-p8-n18-b64-common18,crexx,adapter,D2-decNumber-p8-n18-b64,D,no,steady-adapter,recorded,2,22,5000000,288310000,,0,pass,,
timing-DECIMAL-D2-cal-common18-arithmetic-d2-cal-p8-n18-b36-common18-recorded-2,timing,DECIMAL-D2-cal-common18-arithmetic,d2-cal-p8-n18-b36-common18,crexx,adapter,D2-decNumber-p8-n18-b36,D,no,steady-adapter,recorded,2,23,5000000,294885000,,0,pass,,
timing-DECIMAL-D2-cal-common18-arithmetic-d2-cal-p8-n18-b20-common18-recorded-2,timing,DECIMAL-D2-cal-common18-arithmetic,d2-cal-p8-n18-b20-common18,crexx,adapter,D2-decNumber-p8-n18-b20,D,no,steady-adapter,recorded,2,24,5000000,283356000,,0,pass,,
timing-DECIMAL-D2-cal-common18-arithmetic-d2-cal-p4-n64-b128-common18-recorded-2,timing,DECIMAL-D2-cal-common18-arithmetic,d2-cal-p4-n64-b128-common18,crexx,adapter,D2-decNumber-p4-n64-b128,D,no,steady-adapter,recorded,2,25,5000000,344838000,,0,pass,,
timing-DECIMAL-D2-cal-common18-arithmetic-d2-cal-p4-n64-b64-common18-recorded-2,timing,DECIMAL-D2-cal-common18-arithmetic,d2-cal-p4-n64-b64-common18,crexx,adapter,D2-decNumber-p4-n64-b64,D,no,steady-adapter,recorded,2,26,5000000,362396000,,0,pass,,
timing-DECIMAL-D2-cal-common18-arithmetic-d2-cal-p4-n64-b36-common18-recorded-2,timing,DECIMAL-D2-cal-common18-arithmetic,d2-cal-p4-n64-b36-common18,crexx,adapter,D2-decNumber-p4-n64-b36,D,no,steady-adapter,recorded,2,27,5000000,357564000,,0,pass,,
timing-DECIMAL-D2-cal-common18-arithmetic-d2-cal-p4-n64-b20-common18-recorded-2,timing,DECIMAL-D2-cal-common18-arithmetic,d2-cal-p4-n64-b20-common18,crexx,adapter,D2-decNumber-p4-n64-b20,D,no,steady-adapter,recorded,2,28,5000000,363885000,,0,pass,,
timing-DECIMAL-D2-cal-common18-arithmetic-d2-cal-p4-n34-b128-common18-recorded-2,timing,DECIMAL-D2-cal-common18-arithmetic,d2-cal-p4-n34-b128-common18,crexx,adapter,D2-decNumber-p4-n34-b128,D,no,steady-adapter,recorded,2,29,5000000,379932000,,0,pass,,
timing-DECIMAL-D2-cal-common18-arithmetic-d2-cal-p4-n34-b64-common18-recorded-2,timing,DECIMAL-D2-cal-common18-arithmetic,d2-cal-p4-n34-b64-common18,crexx,adapter,D2-decNumber-p4-n34-b64,D,no,steady-adapter,recorded,2,30,5000000,365250000,,0,pass,,
timing-DECIMAL-D2-cal-common18-arithmetic-d2-cal-p4-n34-b36-common18-recorded-2,timing,DECIMAL-D2-cal-common18-arithmetic,d2-cal-p4-n34-b36-common18,crexx,adapter,D2-decNumber-p4-n34-b36,D,no,steady-adapter,recorded,2,31,5000000,353877000,,0,pass,,
timing-DECIMAL-D2-cal-common18-arithmetic-d2-cal-p4-n34-b20-common18-recorded-2,timing,DECIMAL-D2-cal-common18-arithmetic,d2-cal-p4-n34-b20-common18,crexx,adapter,D2-decNumber-p4-n34-b20,D,no,steady-adapter,recorded,2,32,5000000,357179000,,0,pass,,
timing-DECIMAL-D2-cal-common18-arithmetic-d2-cal-p4-n18-b128-common18-recorded-2,timing,DECIMAL-D2-cal-common18-arithmetic,d2-cal-p4-n18-b128-common18,crexx,adapter,D2-decNumber-p4-n18-b128,D,no,steady-adapter,recorded,2,33,5000000,360012000,,0,pass,,
timing-DECIMAL-D2-cal-common18-arithmetic-d2-cal-p4-n18-b64-common18-recorded-2,timing,DECIMAL-D2-cal-common18-arithmetic,d2-cal-p4-n18-b64-common18,crexx,adapter,D2-decNumber-p4-n18-b64,D,no,steady-adapter,recorded,2,34,5000000,364292000,,0,pass,,
timing-DECIMAL-D2-cal-common18-arithmetic-d2-cal-p4-n18-b36-common18-recorded-2,timing,DECIMAL-D2-cal-common18-arithmetic,d2-cal-p4-n18-b36-common18,crexx,adapter,D2-decNumber-p4-n18-b36,D,no,steady-adapter,recorded,2,35,5000000,371567000,,0,pass,,
timing-DECIMAL-D2-cal-common18-arithmetic-d2-cal-p4-n18-b20-common18-recorded-2,timing,DECIMAL-D2-cal-common18-arithmetic,d2-cal-p4-n18-b20-common18,crexx,adapter,D2-decNumber-p4-n18-b20,D,no,steady-adapter,recorded,2,36,5000000,376629000,,0,pass,,
timing-DECIMAL-D2-cal-common18-arithmetic-d2-cal-p3-n64-b128-common18-recorded-2,timing,DECIMAL-D2-cal-common18-arithmetic,d2-cal-p3-n64-b128-common18,crexx,adapter,D2-decNumber-p3-n64-b128,D,no,steady-adapter,recorded,2,37,5000000,439916000,,0,pass,,
timing-DECIMAL-D2-cal-common18-arithmetic-d2-cal-p3-n64-b64-common18-recorded-2,timing,DECIMAL-D2-cal-common18-arithmetic,d2-cal-p3-n64-b64-common18,crexx,adapter,D2-decNumber-p3-n64-b64,D,no,steady-adapter,recorded,2,38,5000000,427241000,,0,pass,,
timing-DECIMAL-D2-cal-common18-arithmetic-d2-cal-p3-n64-b36-common18-recorded-2,timing,DECIMAL-D2-cal-common18-arithmetic,d2-cal-p3-n64-b36-common18,crexx,adapter,D2-decNumber-p3-n64-b36,D,no,steady-adapter,recorded,2,39,5000000,429325000,,0,pass,,
timing-DECIMAL-D2-cal-common18-arithmetic-d2-cal-p3-n64-b20-common18-recorded-2,timing,DECIMAL-D2-cal-common18-arithmetic,d2-cal-p3-n64-b20-common18,crexx,adapter,D2-decNumber-p3-n64-b20,D,no,steady-adapter,recorded,2,40,5000000,436572000,,0,pass,,
timing-DECIMAL-D2-cal-common18-arithmetic-d2-cal-p3-n34-b128-common18-recorded-2,timing,DECIMAL-D2-cal-common18-arithmetic,d2-cal-p3-n34-b128-common18,crexx,adapter,D2-decNumber-p3-n34-b128,D,no,steady-adapter,recorded,2,41,5000000,434932000,,0,pass,,
timing-DECIMAL-D2-cal-common18-arithmetic-d2-cal-p3-n34-b64-common18-recorded-2,timing,DECIMAL-D2-cal-common18-arithmetic,d2-cal-p3-n34-b64-common18,crexx,adapter,D2-decNumber-p3-n34-b64,D,no,steady-adapter,recorded,2,42,5000000,425491000,,0,pass,,
timing-DECIMAL-D2-cal-common18-arithmetic-d2-cal-p3-n34-b36-common18-recorded-2,timing,DECIMAL-D2-cal-common18-arithmetic,d2-cal-p3-n34-b36-common18,crexx,adapter,D2-decNumber-p3-n34-b36,D,no,steady-adapter,recorded,2,43,5000000,427687000,,0,pass,,
timing-DECIMAL-D2-cal-common18-arithmetic-d2-cal-p3-n34-b20-common18-recorded-2,timing,DECIMAL-D2-cal-common18-arithmetic,d2-cal-p3-n34-b20-common18,crexx,adapter,D2-decNumber-p3-n34-b20,D,no,steady-adapter,recorded,2,44,5000000,436586000,,0,pass,,
timing-DECIMAL-D2-cal-common18-arithmetic-d2-cal-p3-n18-b128-common18-recorded-2,timing,DECIMAL-D2-cal-common18-arithmetic,d2-cal-p3-n18-b128-common18,crexx,adapter,D2-decNumber-p3-n18-b128,D,no,steady-adapter,recorded,2,45,5000000,428884000,,0,pass,,
timing-DECIMAL-D2-cal-common18-arithmetic-d2-cal-p3-n18-b64-common18-recorded-2,timing,DECIMAL-D2-cal-common18-arithmetic,d2-cal-p3-n18-b64-common18,crexx,adapter,D2-decNumber-p3-n18-b64,D,no,steady-adapter,recorded,2,46,5000000,437660000,,0,pass,,
timing-DECIMAL-D2-cal-common18-arithmetic-d2-cal-p3-n18-b36-common18-recorded-2,timing,DECIMAL-D2-cal-common18-arithmetic,d2-cal-p3-n18-b36-common18,crexx,adapter,D2-decNumber-p3-n18-b36,D,no,steady-adapter,recorded,2,47,5000000,445665000,,0,pass,,
timing-DECIMAL-D2-cal-common18-arithmetic-d2-cal-p3-n18-b20-common18-recorded-2,timing,DECIMAL-D2-cal-common18-arithmetic,d2-cal-p3-n18-b20-common18,crexx,adapter,D2-decNumber-p3-n18-b20,D,no,steady-adapter,recorded,2,48,5000000,446265000,,0,pass,,
timing-DECIMAL-D2-cal-common18-arithmetic-d2-cal-current-common18-recorded-2,timing,DECIMAL-D2-cal-common18-arithmetic,d2-cal-current-common18,crexx,adapter,D0-mc-current,D,no,steady-adapter,recorded,2,49,5000000,290110000,,0,pass,,
timing-DECIMAL-D2-cal-common18-arithmetic-d2-cal-p3-n18-b36-common18-recorded-3,timing,DECIMAL-D2-cal-common18-arithmetic,d2-cal-p3-n18-b36-common18,crexx,adapter,D2-decNumber-p3-n18-b36,D,no,steady-adapter,recorded,3,1,5000000,434353000,,0,pass,,
timing-DECIMAL-D2-cal-common18-arithmetic-d2-cal-p3-n18-b64-common18-recorded-3,timing,DECIMAL-D2-cal-common18-arithmetic,d2-cal-p3-n18-b64-common18,crexx,adapter,D2-decNumber-p3-n18-b64,D,no,steady-adapter,recorded,3,2,5000000,435470000,,0,pass,,
timing-DECIMAL-D2-cal-common18-arithmetic-d2-cal-p3-n18-b128-common18-recorded-3,timing,DECIMAL-D2-cal-common18-arithmetic,d2-cal-p3-n18-b128-common18,crexx,adapter,D2-decNumber-p3-n18-b128,D,no,steady-adapter,recorded,3,3,5000000,431034000,,0,pass,,
timing-DECIMAL-D2-cal-common18-arithmetic-d2-cal-p3-n34-b20-common18-recorded-3,timing,DECIMAL-D2-cal-common18-arithmetic,d2-cal-p3-n34-b20-common18,crexx,adapter,D2-decNumber-p3-n34-b20,D,no,steady-adapter,recorded,3,4,5000000,439938000,,0,pass,,
timing-DECIMAL-D2-cal-common18-arithmetic-d2-cal-p3-n34-b36-common18-recorded-3,timing,DECIMAL-D2-cal-common18-arithmetic,d2-cal-p3-n34-b36-common18,crexx,adapter,D2-decNumber-p3-n34-b36,D,no,steady-adapter,recorded,3,5,5000000,434902000,,0,pass,,
timing-DECIMAL-D2-cal-common18-arithmetic-d2-cal-p3-n34-b64-common18-recorded-3,timing,DECIMAL-D2-cal-common18-arithmetic,d2-cal-p3-n34-b64-common18,crexx,adapter,D2-decNumber-p3-n34-b64,D,no,steady-adapter,recorded,3,6,5000000,434944000,,0,pass,,
timing-DECIMAL-D2-cal-common18-arithmetic-d2-cal-p3-n34-b128-common18-recorded-3,timing,DECIMAL-D2-cal-common18-arithmetic,d2-cal-p3-n34-b128-common18,crexx,adapter,D2-decNumber-p3-n34-b128,D,no,steady-adapter,recorded,3,7,5000000,432173000,,0,pass,,
timing-DECIMAL-D2-cal-common18-arithmetic-d2-cal-p3-n64-b20-common18-recorded-3,timing,DECIMAL-D2-cal-common18-arithmetic,d2-cal-p3-n64-b20-common18,crexx,adapter,D2-decNumber-p3-n64-b20,D,no,steady-adapter,recorded,3,8,5000000,437679000,,0,pass,,
timing-DECIMAL-D2-cal-common18-arithmetic-d2-cal-p3-n64-b36-common18-recorded-3,timing,DECIMAL-D2-cal-common18-arithmetic,d2-cal-p3-n64-b36-common18,crexx,adapter,D2-decNumber-p3-n64-b36,D,no,steady-adapter,recorded,3,9,5000000,431581000,,0,pass,,
timing-DECIMAL-D2-cal-common18-arithmetic-d2-cal-p3-n64-b64-common18-recorded-3,timing,DECIMAL-D2-cal-common18-arithmetic,d2-cal-p3-n64-b64-common18,crexx,adapter,D2-decNumber-p3-n64-b64,D,no,steady-adapter,recorded,3,10,5000000,426683000,,0,pass,,
timing-DECIMAL-D2-cal-common18-arithmetic-d2-cal-p3-n64-b128-common18-recorded-3,timing,DECIMAL-D2-cal-common18-arithmetic,d2-cal-p3-n64-b128-common18,crexx,adapter,D2-decNumber-p3-n64-b128,D,no,steady-adapter,recorded,3,11,5000000,430434000,,0,pass,,
timing-DECIMAL-D2-cal-common18-arithmetic-d2-cal-p4-n18-b20-common18-recorded-3,timing,DECIMAL-D2-cal-common18-arithmetic,d2-cal-p4-n18-b20-common18,crexx,adapter,D2-decNumber-p4-n18-b20,D,no,steady-adapter,recorded,3,12,5000000,356046000,,0,pass,,
timing-DECIMAL-D2-cal-common18-arithmetic-d2-cal-p4-n18-b36-common18-recorded-3,timing,DECIMAL-D2-cal-common18-arithmetic,d2-cal-p4-n18-b36-common18,crexx,adapter,D2-decNumber-p4-n18-b36,D,no,steady-adapter,recorded,3,13,5000000,372396000,,0,pass,,
timing-DECIMAL-D2-cal-common18-arithmetic-d2-cal-p4-n18-b64-common18-recorded-3,timing,DECIMAL-D2-cal-common18-arithmetic,d2-cal-p4-n18-b64-common18,crexx,adapter,D2-decNumber-p4-n18-b64,D,no,steady-adapter,recorded,3,14,5000000,360804000,,0,pass,,
timing-DECIMAL-D2-cal-common18-arithmetic-d2-cal-p4-n18-b128-common18-recorded-3,timing,DECIMAL-D2-cal-common18-arithmetic,d2-cal-p4-n18-b128-common18,crexx,adapter,D2-decNumber-p4-n18-b128,D,no,steady-adapter,recorded,3,15,5000000,360467000,,0,pass,,
timing-DECIMAL-D2-cal-common18-arithmetic-d2-cal-p4-n34-b20-common18-recorded-3,timing,DECIMAL-D2-cal-common18-arithmetic,d2-cal-p4-n34-b20-common18,crexx,adapter,D2-decNumber-p4-n34-b20,D,no,steady-adapter,recorded,3,16,5000000,374511000,,0,pass,,
timing-DECIMAL-D2-cal-common18-arithmetic-d2-cal-p4-n34-b36-common18-recorded-3,timing,DECIMAL-D2-cal-common18-arithmetic,d2-cal-p4-n34-b36-common18,crexx,adapter,D2-decNumber-p4-n34-b36,D,no,steady-adapter,recorded,3,17,5000000,361677000,,0,pass,,
timing-DECIMAL-D2-cal-common18-arithmetic-d2-cal-p4-n34-b64-common18-recorded-3,timing,DECIMAL-D2-cal-common18-arithmetic,d2-cal-p4-n34-b64-common18,crexx,adapter,D2-decNumber-p4-n34-b64,D,no,steady-adapter,recorded,3,18,5000000,374689000,,0,pass,,
timing-DECIMAL-D2-cal-common18-arithmetic-d2-cal-p4-n34-b128-common18-recorded-3,timing,DECIMAL-D2-cal-common18-arithmetic,d2-cal-p4-n34-b128-common18,crexx,adapter,D2-decNumber-p4-n34-b128,D,no,steady-adapter,recorded,3,19,5000000,364978000,,0,pass,,
timing-DECIMAL-D2-cal-common18-arithmetic-d2-cal-p4-n64-b20-common18-recorded-3,timing,DECIMAL-D2-cal-common18-arithmetic,d2-cal-p4-n64-b20-common18,crexx,adapter,D2-decNumber-p4-n64-b20,D,no,steady-adapter,recorded,3,20,5000000,378226000,,0,pass,,
timing-DECIMAL-D2-cal-common18-arithmetic-d2-cal-p4-n64-b36-common18-recorded-3,timing,DECIMAL-D2-cal-common18-arithmetic,d2-cal-p4-n64-b36-common18,crexx,adapter,D2-decNumber-p4-n64-b36,D,no,steady-adapter,recorded,3,21,5000000,377779000,,0,pass,,
timing-DECIMAL-D2-cal-common18-arithmetic-d2-cal-p4-n64-b64-common18-recorded-3,timing,DECIMAL-D2-cal-common18-arithmetic,d2-cal-p4-n64-b64-common18,crexx,adapter,D2-decNumber-p4-n64-b64,D,no,steady-adapter,recorded,3,22,5000000,355956000,,0,pass,,
timing-DECIMAL-D2-cal-common18-arithmetic-d2-cal-p4-n64-b128-common18-recorded-3,timing,DECIMAL-D2-cal-common18-arithmetic,d2-cal-p4-n64-b128-common18,crexx,adapter,D2-decNumber-p4-n64-b128,D,no,steady-adapter,recorded,3,23,5000000,345307000,,0,pass,,
timing-DECIMAL-D2-cal-common18-arithmetic-d2-cal-p8-n18-b20-common18-recorded-3,timing,DECIMAL-D2-cal-common18-arithmetic,d2-cal-p8-n18-b20-common18,crexx,adapter,D2-decNumber-p8-n18-b20,D,no,steady-adapter,recorded,3,24,5000000,291201000,,0,pass,,
timing-DECIMAL-D2-cal-common18-arithmetic-d2-cal-p8-n18-b36-common18-recorded-3,timing,DECIMAL-D2-cal-common18-arithmetic,d2-cal-p8-n18-b36-common18,crexx,adapter,D2-decNumber-p8-n18-b36,D,no,steady-adapter,recorded,3,25,5000000,289663000,,0,pass,,
timing-DECIMAL-D2-cal-common18-arithmetic-d2-cal-p8-n18-b64-common18-recorded-3,timing,DECIMAL-D2-cal-common18-arithmetic,d2-cal-p8-n18-b64-common18,crexx,adapter,D2-decNumber-p8-n18-b64,D,no,steady-adapter,recorded,3,26,5000000,276348000,,0,pass,,
timing-DECIMAL-D2-cal-common18-arithmetic-d2-cal-p8-n18-b128-common18-recorded-3,timing,DECIMAL-D2-cal-common18-arithmetic,d2-cal-p8-n18-b128-common18,crexx,adapter,D2-decNumber-p8-n18-b128,D,no,steady-adapter,recorded,3,27,5000000,288849000,,0,pass,,
timing-DECIMAL-D2-cal-common18-arithmetic-d2-cal-p8-n34-b20-common18-recorded-3,timing,DECIMAL-D2-cal-common18-arithmetic,d2-cal-p8-n34-b20-common18,crexx,adapter,D2-decNumber-p8-n34-b20,D,no,steady-adapter,recorded,3,28,5000000,294349000,,0,pass,,
timing-DECIMAL-D2-cal-common18-arithmetic-d2-cal-p8-n34-b36-common18-recorded-3,timing,DECIMAL-D2-cal-common18-arithmetic,d2-cal-p8-n34-b36-common18,crexx,adapter,D2-decNumber-p8-n34-b36,D,no,steady-adapter,recorded,3,29,5000000,289913000,,0,pass,,
timing-DECIMAL-D2-cal-common18-arithmetic-d2-cal-p8-n34-b64-common18-recorded-3,timing,DECIMAL-D2-cal-common18-arithmetic,d2-cal-p8-n34-b64-common18,crexx,adapter,D2-decNumber-p8-n34-b64,D,no,steady-adapter,recorded,3,30,5000000,292198000,,0,pass,,
timing-DECIMAL-D2-cal-common18-arithmetic-d2-cal-p8-n34-b128-common18-recorded-3,timing,DECIMAL-D2-cal-common18-arithmetic,d2-cal-p8-n34-b128-common18,crexx,adapter,D2-decNumber-p8-n34-b128,D,no,steady-adapter,recorded,3,31,5000000,289343000,,0,pass,,
timing-DECIMAL-D2-cal-common18-arithmetic-d2-cal-p8-n64-b20-common18-recorded-3,timing,DECIMAL-D2-cal-common18-arithmetic,d2-cal-p8-n64-b20-common18,crexx,adapter,D2-decNumber-p8-n64-b20,D,no,steady-adapter,recorded,3,32,5000000,284560000,,0,pass,,
timing-DECIMAL-D2-cal-common18-arithmetic-d2-cal-p8-n64-b36-common18-recorded-3,timing,DECIMAL-D2-cal-common18-arithmetic,d2-cal-p8-n64-b36-common18,crexx,adapter,D2-decNumber-p8-n64-b36,D,no,steady-adapter,recorded,3,33,5000000,293595000,,0,pass,,
timing-DECIMAL-D2-cal-common18-arithmetic-d2-cal-p8-n64-b64-common18-recorded-3,timing,DECIMAL-D2-cal-common18-arithmetic,d2-cal-p8-n64-b64-common18,crexx,adapter,D2-decNumber-p8-n64-b64,D,no,steady-adapter,recorded,3,34,5000000,289963000,,0,pass,,
timing-DECIMAL-D2-cal-common18-arithmetic-d2-cal-p8-n64-b128-common18-recorded-3,timing,DECIMAL-D2-cal-common18-arithmetic,d2-cal-p8-n64-b128-common18,crexx,adapter,D2-decNumber-p8-n64-b128,D,no,steady-adapter,recorded,3,35,5000000,281637000,,0,pass,,
timing-DECIMAL-D2-cal-common18-arithmetic-d2-cal-p9-n18-b20-common18-recorded-3,timing,DECIMAL-D2-cal-common18-arithmetic,d2-cal-p9-n18-b20-common18,crexx,adapter,D2-decNumber-p9-n18-b20,D,no,steady-adapter,recorded,3,36,5000000,323319000,,0,pass,,
timing-DECIMAL-D2-cal-common18-arithmetic-d2-cal-p9-n18-b36-common18-recorded-3,timing,DECIMAL-D2-cal-common18-arithmetic,d2-cal-p9-n18-b36-common18,crexx,adapter,D2-decNumber-p9-n18-b36,D,no,steady-adapter,recorded,3,37,5000000,304913000,,0,pass,,
timing-DECIMAL-D2-cal-common18-arithmetic-d2-cal-p9-n18-b64-common18-recorded-3,timing,DECIMAL-D2-cal-common18-arithmetic,d2-cal-p9-n18-b64-common18,crexx,adapter,D2-decNumber-p9-n18-b64,D,no,steady-adapter,recorded,3,38,5000000,301586000,,0,pass,,
timing-DECIMAL-D2-cal-common18-arithmetic-d2-cal-p9-n18-b128-common18-recorded-3,timing,DECIMAL-D2-cal-common18-arithmetic,d2-cal-p9-n18-b128-common18,crexx,adapter,D2-decNumber-p9-n18-b128,D,no,steady-adapter,recorded,3,39,5000000,307172000,,0,pass,,
timing-DECIMAL-D2-cal-common18-arithmetic-d2-cal-p9-n34-b20-common18-recorded-3,timing,DECIMAL-D2-cal-common18-arithmetic,d2-cal-p9-n34-b20-common18,crexx,adapter,D2-decNumber-p9-n34-b20,D,no,steady-adapter,recorded,3,40,5000000,321057000,,0,pass,,
timing-DECIMAL-D2-cal-common18-arithmetic-d2-cal-p9-n34-b36-common18-recorded-3,timing,DECIMAL-D2-cal-common18-arithmetic,d2-cal-p9-n34-b36-common18,crexx,adapter,D2-decNumber-p9-n34-b36,D,no,steady-adapter,recorded,3,41,5000000,304899000,,0,pass,,
timing-DECIMAL-D2-cal-common18-arithmetic-d2-cal-p9-n34-b64-common18-recorded-3,timing,DECIMAL-D2-cal-common18-arithmetic,d2-cal-p9-n34-b64-common18,crexx,adapter,D2-decNumber-p9-n34-b64,D,no,steady-adapter,recorded,3,42,5000000,318241000,,0,pass,,
timing-DECIMAL-D2-cal-common18-arithmetic-d2-cal-p9-n34-b128-common18-recorded-3,timing,DECIMAL-D2-cal-common18-arithmetic,d2-cal-p9-n34-b128-common18,crexx,adapter,D2-decNumber-p9-n34-b128,D,no,steady-adapter,recorded,3,43,5000000,314942000,,0,pass,,
timing-DECIMAL-D2-cal-common18-arithmetic-d2-cal-p9-n64-b20-common18-recorded-3,timing,DECIMAL-D2-cal-common18-arithmetic,d2-cal-p9-n64-b20-common18,crexx,adapter,D2-decNumber-p9-n64-b20,D,no,steady-adapter,recorded,3,44,5000000,310496000,,0,pass,,
timing-DECIMAL-D2-cal-common18-arithmetic-d2-cal-p9-n64-b36-common18-recorded-3,timing,DECIMAL-D2-cal-common18-arithmetic,d2-cal-p9-n64-b36-common18,crexx,adapter,D2-decNumber-p9-n64-b36,D,no,steady-adapter,recorded,3,45,5000000,301471000,,0,pass,,
timing-DECIMAL-D2-cal-common18-arithmetic-d2-cal-p9-n64-b64-common18-recorded-3,timing,DECIMAL-D2-cal-common18-arithmetic,d2-cal-p9-n64-b64-common18,crexx,adapter,D2-decNumber-p9-n64-b64,D,no,steady-adapter,recorded,3,46,5000000,304527000,,0,pass,,
timing-DECIMAL-D2-cal-common18-arithmetic-d2-cal-p9-n64-b128-common18-recorded-3,timing,DECIMAL-D2-cal-common18-arithmetic,d2-cal-p9-n64-b128-common18,crexx,adapter,D2-decNumber-p9-n64-b128,D,no,steady-adapter,recorded,3,47,5000000,307190000,,0,pass,,
timing-DECIMAL-D2-cal-common18-arithmetic-d2-cal-current-common18-recorded-3,timing,DECIMAL-D2-cal-common18-arithmetic,d2-cal-current-common18,crexx,adapter,D0-mc-current,D,no,steady-adapter,recorded,3,48,5000000,280996000,,0,pass,,
timing-DECIMAL-D2-cal-common18-arithmetic-d2-cal-p3-n18-b20-common18-recorded-3,timing,DECIMAL-D2-cal-common18-arithmetic,d2-cal-p3-n18-b20-common18,crexx,adapter,D2-decNumber-p3-n18-b20,D,no,steady-adapter,recorded,3,49,5000000,445572000,,0,pass,,
timing-DECIMAL-D2-cal-common18-arithmetic-d2-cal-p3-n18-b20-common18-recorded-4,timing,DECIMAL-D2-cal-common18-arithmetic,d2-cal-p3-n18-b20-common18,crexx,adapter,D2-decNumber-p3-n18-b20,D,no,steady-adapter,recorded,4,1,5000000,445991000,,0,pass,,
timing-DECIMAL-D2-cal-common18-arithmetic-d2-cal-current-common18-recorded-4,timing,DECIMAL-D2-cal-common18-arithmetic,d2-cal-current-common18,crexx,adapter,D0-mc-current,D,no,steady-adapter,recorded,4,2,5000000,291599000,,0,pass,,
timing-DECIMAL-D2-cal-common18-arithmetic-d2-cal-p9-n64-b128-common18-recorded-4,timing,DECIMAL-D2-cal-common18-arithmetic,d2-cal-p9-n64-b128-common18,crexx,adapter,D2-decNumber-p9-n64-b128,D,no,steady-adapter,recorded,4,3,5000000,312620000,,0,pass,,
timing-DECIMAL-D2-cal-common18-arithmetic-d2-cal-p9-n64-b64-common18-recorded-4,timing,DECIMAL-D2-cal-common18-arithmetic,d2-cal-p9-n64-b64-common18,crexx,adapter,D2-decNumber-p9-n64-b64,D,no,steady-adapter,recorded,4,4,5000000,309976000,,0,pass,,
timing-DECIMAL-D2-cal-common18-arithmetic-d2-cal-p9-n64-b36-common18-recorded-4,timing,DECIMAL-D2-cal-common18-arithmetic,d2-cal-p9-n64-b36-common18,crexx,adapter,D2-decNumber-p9-n64-b36,D,no,steady-adapter,recorded,4,5,5000000,327185000,,0,pass,,
timing-DECIMAL-D2-cal-common18-arithmetic-d2-cal-p9-n64-b20-common18-recorded-4,timing,DECIMAL-D2-cal-common18-arithmetic,d2-cal-p9-n64-b20-common18,crexx,adapter,D2-decNumber-p9-n64-b20,D,no,steady-adapter,recorded,4,6,5000000,314332000,,0,pass,,
timing-DECIMAL-D2-cal-common18-arithmetic-d2-cal-p9-n34-b128-common18-recorded-4,timing,DECIMAL-D2-cal-common18-arithmetic,d2-cal-p9-n34-b128-common18,crexx,adapter,D2-decNumber-p9-n34-b128,D,no,steady-adapter,recorded,4,7,5000000,313863000,,0,pass,,
timing-DECIMAL-D2-cal-common18-arithmetic-d2-cal-p9-n34-b64-common18-recorded-4,timing,DECIMAL-D2-cal-common18-arithmetic,d2-cal-p9-n34-b64-common18,crexx,adapter,D2-decNumber-p9-n34-b64,D,no,steady-adapter,recorded,4,8,5000000,309957000,,0,pass,,
timing-DECIMAL-D2-cal-common18-arithmetic-d2-cal-p9-n34-b36-common18-recorded-4,timing,DECIMAL-D2-cal-common18-arithmetic,d2-cal-p9-n34-b36-common18,crexx,adapter,D2-decNumber-p9-n34-b36,D,no,steady-adapter,recorded,4,9,5000000,303249000,,0,pass,,
timing-DECIMAL-D2-cal-common18-arithmetic-d2-cal-p9-n34-b20-common18-recorded-4,timing,DECIMAL-D2-cal-common18-arithmetic,d2-cal-p9-n34-b20-common18,crexx,adapter,D2-decNumber-p9-n34-b20,D,no,steady-adapter,recorded,4,10,5000000,303247000,,0,pass,,
timing-DECIMAL-D2-cal-common18-arithmetic-d2-cal-p9-n18-b128-common18-recorded-4,timing,DECIMAL-D2-cal-common18-arithmetic,d2-cal-p9-n18-b128-common18,crexx,adapter,D2-decNumber-p9-n18-b128,D,no,steady-adapter,recorded,4,11,5000000,305455000,,0,pass,,
timing-DECIMAL-D2-cal-common18-arithmetic-d2-cal-p9-n18-b64-common18-recorded-4,timing,DECIMAL-D2-cal-common18-arithmetic,d2-cal-p9-n18-b64-common18,crexx,adapter,D2-decNumber-p9-n18-b64,D,no,steady-adapter,recorded,4,12,5000000,307764000,,0,pass,,
timing-DECIMAL-D2-cal-common18-arithmetic-d2-cal-p9-n18-b36-common18-recorded-4,timing,DECIMAL-D2-cal-common18-arithmetic,d2-cal-p9-n18-b36-common18,crexx,adapter,D2-decNumber-p9-n18-b36,D,no,steady-adapter,recorded,4,13,5000000,306591000,,0,pass,,
timing-DECIMAL-D2-cal-common18-arithmetic-d2-cal-p9-n18-b20-common18-recorded-4,timing,DECIMAL-D2-cal-common18-arithmetic,d2-cal-p9-n18-b20-common18,crexx,adapter,D2-decNumber-p9-n18-b20,D,no,steady-adapter,recorded,4,14,5000000,314075000,,0,pass,,
timing-DECIMAL-D2-cal-common18-arithmetic-d2-cal-p8-n64-b128-common18-recorded-4,timing,DECIMAL-D2-cal-common18-arithmetic,d2-cal-p8-n64-b128-common18,crexx,adapter,D2-decNumber-p8-n64-b128,D,no,steady-adapter,recorded,4,15,5000000,284073000,,0,pass,,
timing-DECIMAL-D2-cal-common18-arithmetic-d2-cal-p8-n64-b64-common18-recorded-4,timing,DECIMAL-D2-cal-common18-arithmetic,d2-cal-p8-n64-b64-common18,crexx,adapter,D2-decNumber-p8-n64-b64,D,no,steady-adapter,recorded,4,16,5000000,285562000,,0,pass,,
timing-DECIMAL-D2-cal-common18-arithmetic-d2-cal-p8-n64-b36-common18-recorded-4,timing,DECIMAL-D2-cal-common18-arithmetic,d2-cal-p8-n64-b36-common18,crexx,adapter,D2-decNumber-p8-n64-b36,D,no,steady-adapter,recorded,4,17,5000000,275083000,,0,pass,,
timing-DECIMAL-D2-cal-common18-arithmetic-d2-cal-p8-n64-b20-common18-recorded-4,timing,DECIMAL-D2-cal-common18-arithmetic,d2-cal-p8-n64-b20-common18,crexx,adapter,D2-decNumber-p8-n64-b20,D,no,steady-adapter,recorded,4,18,5000000,283356000,,0,pass,,
timing-DECIMAL-D2-cal-common18-arithmetic-d2-cal-p8-n34-b128-common18-recorded-4,timing,DECIMAL-D2-cal-common18-arithmetic,d2-cal-p8-n34-b128-common18,crexx,adapter,D2-decNumber-p8-n34-b128,D,no,steady-adapter,recorded,4,19,5000000,289120000,,0,pass,,
timing-DECIMAL-D2-cal-common18-arithmetic-d2-cal-p8-n34-b64-common18-recorded-4,timing,DECIMAL-D2-cal-common18-arithmetic,d2-cal-p8-n34-b64-common18,crexx,adapter,D2-decNumber-p8-n34-b64,D,no,steady-adapter,recorded,4,20,5000000,293314000,,0,pass,,
timing-DECIMAL-D2-cal-common18-arithmetic-d2-cal-p8-n34-b36-common18-recorded-4,timing,DECIMAL-D2-cal-common18-arithmetic,d2-cal-p8-n34-b36-common18,crexx,adapter,D2-decNumber-p8-n34-b36,D,no,steady-adapter,recorded,4,21,5000000,289881000,,0,pass,,
timing-DECIMAL-D2-cal-common18-arithmetic-d2-cal-p8-n34-b20-common18-recorded-4,timing,DECIMAL-D2-cal-common18-arithmetic,d2-cal-p8-n34-b20-common18,crexx,adapter,D2-decNumber-p8-n34-b20,D,no,steady-adapter,recorded,4,22,5000000,279937000,,0,pass,,
timing-DECIMAL-D2-cal-common18-arithmetic-d2-cal-p8-n18-b128-common18-recorded-4,timing,DECIMAL-D2-cal-common18-arithmetic,d2-cal-p8-n18-b128-common18,crexx,adapter,D2-decNumber-p8-n18-b128,D,no,steady-adapter,recorded,4,23,5000000,288250000,,0,pass,,
timing-DECIMAL-D2-cal-common18-arithmetic-d2-cal-p8-n18-b64-common18-recorded-4,timing,DECIMAL-D2-cal-common18-arithmetic,d2-cal-p8-n18-b64-common18,crexx,adapter,D2-decNumber-p8-n18-b64,D,no,steady-adapter,recorded,4,24,5000000,297402000,,0,pass,,
timing-DECIMAL-D2-cal-common18-arithmetic-d2-cal-p8-n18-b36-common18-recorded-4,timing,DECIMAL-D2-cal-common18-arithmetic,d2-cal-p8-n18-b36-common18,crexx,adapter,D2-decNumber-p8-n18-b36,D,no,steady-adapter,recorded,4,25,5000000,283064000,,0,pass,,
timing-DECIMAL-D2-cal-common18-arithmetic-d2-cal-p8-n18-b20-common18-recorded-4,timing,DECIMAL-D2-cal-common18-arithmetic,d2-cal-p8-n18-b20-common18,crexx,adapter,D2-decNumber-p8-n18-b20,D,no,steady-adapter,recorded,4,26,5000000,285925000,,0,pass,,
timing-DECIMAL-D2-cal-common18-arithmetic-d2-cal-p4-n64-b128-common18-recorded-4,timing,DECIMAL-D2-cal-common18-arithmetic,d2-cal-p4-n64-b128-common18,crexx,adapter,D2-decNumber-p4-n64-b128,D,no,steady-adapter,recorded,4,27,5000000,358801000,,0,pass,,
timing-DECIMAL-D2-cal-common18-arithmetic-d2-cal-p4-n64-b64-common18-recorded-4,timing,DECIMAL-D2-cal-common18-arithmetic,d2-cal-p4-n64-b64-common18,crexx,adapter,D2-decNumber-p4-n64-b64,D,no,steady-adapter,recorded,4,28,5000000,371182000,,0,pass,,
timing-DECIMAL-D2-cal-common18-arithmetic-d2-cal-p4-n64-b36-common18-recorded-4,timing,DECIMAL-D2-cal-common18-arithmetic,d2-cal-p4-n64-b36-common18,crexx,adapter,D2-decNumber-p4-n64-b36,D,no,steady-adapter,recorded,4,29,5000000,378277000,,0,pass,,
timing-DECIMAL-D2-cal-common18-arithmetic-d2-cal-p4-n64-b20-common18-recorded-4,timing,DECIMAL-D2-cal-common18-arithmetic,d2-cal-p4-n64-b20-common18,crexx,adapter,D2-decNumber-p4-n64-b20,D,no,steady-adapter,recorded,4,30,5000000,374932000,,0,pass,,
timing-DECIMAL-D2-cal-common18-arithmetic-d2-cal-p4-n34-b128-common18-recorded-4,timing,DECIMAL-D2-cal-common18-arithmetic,d2-cal-p4-n34-b128-common18,crexx,adapter,D2-decNumber-p4-n34-b128,D,no,steady-adapter,recorded,4,31,5000000,374531000,,0,pass,,
timing-DECIMAL-D2-cal-common18-arithmetic-d2-cal-p4-n34-b64-common18-recorded-4,timing,DECIMAL-D2-cal-common18-arithmetic,d2-cal-p4-n34-b64-common18,crexx,adapter,D2-decNumber-p4-n34-b64,D,no,steady-adapter,recorded,4,32,5000000,375300000,,0,pass,,
timing-DECIMAL-D2-cal-common18-arithmetic-d2-cal-p4-n34-b36-common18-recorded-4,timing,DECIMAL-D2-cal-common18-arithmetic,d2-cal-p4-n34-b36-common18,crexx,adapter,D2-decNumber-p4-n34-b36,D,no,steady-adapter,recorded,4,33,5000000,373684000,,0,pass,,
timing-DECIMAL-D2-cal-common18-arithmetic-d2-cal-p4-n34-b20-common18-recorded-4,timing,DECIMAL-D2-cal-common18-arithmetic,d2-cal-p4-n34-b20-common18,crexx,adapter,D2-decNumber-p4-n34-b20,D,no,steady-adapter,recorded,4,34,5000000,369523000,,0,pass,,
timing-DECIMAL-D2-cal-common18-arithmetic-d2-cal-p4-n18-b128-common18-recorded-4,timing,DECIMAL-D2-cal-common18-arithmetic,d2-cal-p4-n18-b128-common18,crexx,adapter,D2-decNumber-p4-n18-b128,D,no,steady-adapter,recorded,4,35,5000000,360515000,,0,pass,,
timing-DECIMAL-D2-cal-common18-arithmetic-d2-cal-p4-n18-b64-common18-recorded-4,timing,DECIMAL-D2-cal-common18-arithmetic,d2-cal-p4-n18-b64-common18,crexx,adapter,D2-decNumber-p4-n18-b64,D,no,steady-adapter,recorded,4,36,5000000,373275000,,0,pass,,
timing-DECIMAL-D2-cal-common18-arithmetic-d2-cal-p4-n18-b36-common18-recorded-4,timing,DECIMAL-D2-cal-common18-arithmetic,d2-cal-p4-n18-b36-common18,crexx,adapter,D2-decNumber-p4-n18-b36,D,no,steady-adapter,recorded,4,37,5000000,369269000,,0,pass,,
timing-DECIMAL-D2-cal-common18-arithmetic-d2-cal-p4-n18-b20-common18-recorded-4,timing,DECIMAL-D2-cal-common18-arithmetic,d2-cal-p4-n18-b20-common18,crexx,adapter,D2-decNumber-p4-n18-b20,D,no,steady-adapter,recorded,4,38,5000000,364983000,,0,pass,,
timing-DECIMAL-D2-cal-common18-arithmetic-d2-cal-p3-n64-b128-common18-recorded-4,timing,DECIMAL-D2-cal-common18-arithmetic,d2-cal-p3-n64-b128-common18,crexx,adapter,D2-decNumber-p3-n64-b128,D,no,steady-adapter,recorded,4,39,5000000,432065000,,0,pass,,
timing-DECIMAL-D2-cal-common18-arithmetic-d2-cal-p3-n64-b64-common18-recorded-4,timing,DECIMAL-D2-cal-common18-arithmetic,d2-cal-p3-n64-b64-common18,crexx,adapter,D2-decNumber-p3-n64-b64,D,no,steady-adapter,recorded,4,40,5000000,441108000,,0,pass,,
timing-DECIMAL-D2-cal-common18-arithmetic-d2-cal-p3-n64-b36-common18-recorded-4,timing,DECIMAL-D2-cal-common18-arithmetic,d2-cal-p3-n64-b36-common18,crexx,adapter,D2-decNumber-p3-n64-b36,D,no,steady-adapter,recorded,4,41,5000000,427005000,,0,pass,,
timing-DECIMAL-D2-cal-common18-arithmetic-d2-cal-p3-n64-b20-common18-recorded-4,timing,DECIMAL-D2-cal-common18-arithmetic,d2-cal-p3-n64-b20-common18,crexx,adapter,D2-decNumber-p3-n64-b20,D,no,steady-adapter,recorded,4,42,5000000,432904000,,0,pass,,
timing-DECIMAL-D2-cal-common18-arithmetic-d2-cal-p3-n34-b128-common18-recorded-4,timing,DECIMAL-D2-cal-common18-arithmetic,d2-cal-p3-n34-b128-common18,crexx,adapter,D2-decNumber-p3-n34-b128,D,no,steady-adapter,recorded,4,43,5000000,428280000,,0,pass,,
timing-DECIMAL-D2-cal-common18-arithmetic-d2-cal-p3-n34-b64-common18-recorded-4,timing,DECIMAL-D2-cal-common18-arithmetic,d2-cal-p3-n34-b64-common18,crexx,adapter,D2-decNumber-p3-n34-b64,D,no,steady-adapter,recorded,4,44,5000000,429501000,,0,pass,,
timing-DECIMAL-D2-cal-common18-arithmetic-d2-cal-p3-n34-b36-common18-recorded-4,timing,DECIMAL-D2-cal-common18-arithmetic,d2-cal-p3-n34-b36-common18,crexx,adapter,D2-decNumber-p3-n34-b36,D,no,steady-adapter,recorded,4,45,5000000,434246000,,0,pass,,
timing-DECIMAL-D2-cal-common18-arithmetic-d2-cal-p3-n34-b20-common18-recorded-4,timing,DECIMAL-D2-cal-common18-arithmetic,d2-cal-p3-n34-b20-common18,crexx,adapter,D2-decNumber-p3-n34-b20,D,no,steady-adapter,recorded,4,46,5000000,438701000,,0,pass,,
timing-DECIMAL-D2-cal-common18-arithmetic-d2-cal-p3-n18-b128-common18-recorded-4,timing,DECIMAL-D2-cal-common18-arithmetic,d2-cal-p3-n18-b128-common18,crexx,adapter,D2-decNumber-p3-n18-b128,D,no,steady-adapter,recorded,4,47,5000000,423858000,,0,pass,,
timing-DECIMAL-D2-cal-common18-arithmetic-d2-cal-p3-n18-b64-common18-recorded-4,timing,DECIMAL-D2-cal-common18-arithmetic,d2-cal-p3-n18-b64-common18,crexx,adapter,D2-decNumber-p3-n18-b64,D,no,steady-adapter,recorded,4,48,5000000,429857000,,0,pass,,
timing-DECIMAL-D2-cal-common18-arithmetic-d2-cal-p3-n18-b36-common18-recorded-4,timing,DECIMAL-D2-cal-common18-arithmetic,d2-cal-p3-n18-b36-common18,crexx,adapter,D2-decNumber-p3-n18-b36,D,no,steady-adapter,recorded,4,49,5000000,436698000,,0,pass,,
timing-DECIMAL-D2-cal-common18-arithmetic-d2-cal-p3-n18-b128-common18-recorded-5,timing,DECIMAL-D2-cal-common18-arithmetic,d2-cal-p3-n18-b128-common18,crexx,adapter,D2-decNumber-p3-n18-b128,D,no,steady-adapter,recorded,5,1,5000000,429911000,,0,pass,,
timing-DECIMAL-D2-cal-common18-arithmetic-d2-cal-p3-n34-b20-common18-recorded-5,timing,DECIMAL-D2-cal-common18-arithmetic,d2-cal-p3-n34-b20-common18,crexx,adapter,D2-decNumber-p3-n34-b20,D,no,steady-adapter,recorded,5,2,5000000,438796000,,0,pass,,
timing-DECIMAL-D2-cal-common18-arithmetic-d2-cal-p3-n34-b36-common18-recorded-5,timing,DECIMAL-D2-cal-common18-arithmetic,d2-cal-p3-n34-b36-common18,crexx,adapter,D2-decNumber-p3-n34-b36,D,no,steady-adapter,recorded,5,3,5000000,427403000,,0,pass,,
timing-DECIMAL-D2-cal-common18-arithmetic-d2-cal-p3-n34-b64-common18-recorded-5,timing,DECIMAL-D2-cal-common18-arithmetic,d2-cal-p3-n34-b64-common18,crexx,adapter,D2-decNumber-p3-n34-b64,D,no,steady-adapter,recorded,5,4,5000000,430278000,,0,pass,,
timing-DECIMAL-D2-cal-common18-arithmetic-d2-cal-p3-n34-b128-common18-recorded-5,timing,DECIMAL-D2-cal-common18-arithmetic,d2-cal-p3-n34-b128-common18,crexx,adapter,D2-decNumber-p3-n34-b128,D,no,steady-adapter,recorded,5,5,5000000,439881000,,0,pass,,
timing-DECIMAL-D2-cal-common18-arithmetic-d2-cal-p3-n64-b20-common18-recorded-5,timing,DECIMAL-D2-cal-common18-arithmetic,d2-cal-p3-n64-b20-common18,crexx,adapter,D2-decNumber-p3-n64-b20,D,no,steady-adapter,recorded,5,6,5000000,434943000,,0,pass,,
timing-DECIMAL-D2-cal-common18-arithmetic-d2-cal-p3-n64-b36-common18-recorded-5,timing,DECIMAL-D2-cal-common18-arithmetic,d2-cal-p3-n64-b36-common18,crexx,adapter,D2-decNumber-p3-n64-b36,D,no,steady-adapter,recorded,5,7,5000000,432204000,,0,pass,,
timing-DECIMAL-D2-cal-common18-arithmetic-d2-cal-p3-n64-b64-common18-recorded-5,timing,DECIMAL-D2-cal-common18-arithmetic,d2-cal-p3-n64-b64-common18,crexx,adapter,D2-decNumber-p3-n64-b64,D,no,steady-adapter,recorded,5,8,5000000,436540000,,0,pass,,
timing-DECIMAL-D2-cal-common18-arithmetic-d2-cal-p3-n64-b128-common18-recorded-5,timing,DECIMAL-D2-cal-common18-arithmetic,d2-cal-p3-n64-b128-common18,crexx,adapter,D2-decNumber-p3-n64-b128,D,no,steady-adapter,recorded,5,9,5000000,439381000,,0,pass,,
timing-DECIMAL-D2-cal-common18-arithmetic-d2-cal-p4-n18-b20-common18-recorded-5,timing,DECIMAL-D2-cal-common18-arithmetic,d2-cal-p4-n18-b20-common18,crexx,adapter,D2-decNumber-p4-n18-b20,D,no,steady-adapter,recorded,5,10,5000000,408268000,,0,pass,,
timing-DECIMAL-D2-cal-common18-arithmetic-d2-cal-p4-n18-b36-common18-recorded-5,timing,DECIMAL-D2-cal-common18-arithmetic,d2-cal-p4-n18-b36-common18,crexx,adapter,D2-decNumber-p4-n18-b36,D,no,steady-adapter,recorded,5,11,5000000,363859000,,0,pass,,
timing-DECIMAL-D2-cal-common18-arithmetic-d2-cal-p4-n18-b64-common18-recorded-5,timing,DECIMAL-D2-cal-common18-arithmetic,d2-cal-p4-n18-b64-common18,crexx,adapter,D2-decNumber-p4-n18-b64,D,no,steady-adapter,recorded,5,12,5000000,351808000,,0,pass,,
timing-DECIMAL-D2-cal-common18-arithmetic-d2-cal-p4-n18-b128-common18-recorded-5,timing,DECIMAL-D2-cal-common18-arithmetic,d2-cal-p4-n18-b128-common18,crexx,adapter,D2-decNumber-p4-n18-b128,D,no,steady-adapter,recorded,5,13,5000000,374116000,,0,pass,,
timing-DECIMAL-D2-cal-common18-arithmetic-d2-cal-p4-n34-b20-common18-recorded-5,timing,DECIMAL-D2-cal-common18-arithmetic,d2-cal-p4-n34-b20-common18,crexx,adapter,D2-decNumber-p4-n34-b20,D,no,steady-adapter,recorded,5,14,5000000,369890000,,0,pass,,
timing-DECIMAL-D2-cal-common18-arithmetic-d2-cal-p4-n34-b36-common18-recorded-5,timing,DECIMAL-D2-cal-common18-arithmetic,d2-cal-p4-n34-b36-common18,crexx,adapter,D2-decNumber-p4-n34-b36,D,no,steady-adapter,recorded,5,15,5000000,369878000,,0,pass,,
timing-DECIMAL-D2-cal-common18-arithmetic-d2-cal-p4-n34-b64-common18-recorded-5,timing,DECIMAL-D2-cal-common18-arithmetic,d2-cal-p4-n34-b64-common18,crexx,adapter,D2-decNumber-p4-n34-b64,D,no,steady-adapter,recorded,5,16,5000000,362347000,,0,pass,,
timing-DECIMAL-D2-cal-common18-arithmetic-d2-cal-p4-n34-b128-common18-recorded-5,timing,DECIMAL-D2-cal-common18-arithmetic,d2-cal-p4-n34-b128-common18,crexx,adapter,D2-decNumber-p4-n34-b128,D,no,steady-adapter,recorded,5,17,5000000,365238000,,0,pass,,
timing-DECIMAL-D2-cal-common18-arithmetic-d2-cal-p4-n64-b20-common18-recorded-5,timing,DECIMAL-D2-cal-common18-arithmetic,d2-cal-p4-n64-b20-common18,crexx,adapter,D2-decNumber-p4-n64-b20,D,no,steady-adapter,recorded,5,18,5000000,380642000,,0,pass,,
timing-DECIMAL-D2-cal-common18-arithmetic-d2-cal-p4-n64-b36-common18-recorded-5,timing,DECIMAL-D2-cal-common18-arithmetic,d2-cal-p4-n64-b36-common18,crexx,adapter,D2-decNumber-p4-n64-b36,D,no,steady-adapter,recorded,5,19,5000000,374849000,,0,pass,,
timing-DECIMAL-D2-cal-common18-arithmetic-d2-cal-p4-n64-b64-common18-recorded-5,timing,DECIMAL-D2-cal-common18-arithmetic,d2-cal-p4-n64-b64-common18,crexx,adapter,D2-decNumber-p4-n64-b64,D,no,steady-adapter,recorded,5,20,5000000,368288000,,0,pass,,
timing-DECIMAL-D2-cal-common18-arithmetic-d2-cal-p4-n64-b128-common18-recorded-5,timing,DECIMAL-D2-cal-common18-arithmetic,d2-cal-p4-n64-b128-common18,crexx,adapter,D2-decNumber-p4-n64-b128,D,no,steady-adapter,recorded,5,21,5000000,359169000,,0,pass,,
timing-DECIMAL-D2-cal-common18-arithmetic-d2-cal-p8-n18-b20-common18-recorded-5,timing,DECIMAL-D2-cal-common18-arithmetic,d2-cal-p8-n18-b20-common18,crexx,adapter,D2-decNumber-p8-n18-b20,D,no,steady-adapter,recorded,5,22,5000000,287522000,,0,pass,,
timing-DECIMAL-D2-cal-common18-arithmetic-d2-cal-p8-n18-b36-common18-recorded-5,timing,DECIMAL-D2-cal-common18-arithmetic,d2-cal-p8-n18-b36-common18,crexx,adapter,D2-decNumber-p8-n18-b36,D,no,steady-adapter,recorded,5,23,5000000,294836000,,0,pass,,
timing-DECIMAL-D2-cal-common18-arithmetic-d2-cal-p8-n18-b64-common18-recorded-5,timing,DECIMAL-D2-cal-common18-arithmetic,d2-cal-p8-n18-b64-common18,crexx,adapter,D2-decNumber-p8-n18-b64,D,no,steady-adapter,recorded,5,24,5000000,289387000,,0,pass,,
timing-DECIMAL-D2-cal-common18-arithmetic-d2-cal-p8-n18-b128-common18-recorded-5,timing,DECIMAL-D2-cal-common18-arithmetic,d2-cal-p8-n18-b128-common18,crexx,adapter,D2-decNumber-p8-n18-b128,D,no,steady-adapter,recorded,5,25,5000000,292134000,,0,pass,,
timing-DECIMAL-D2-cal-common18-arithmetic-d2-cal-p8-n34-b20-common18-recorded-5,timing,DECIMAL-D2-cal-common18-arithmetic,d2-cal-p8-n34-b20-common18,crexx,adapter,D2-decNumber-p8-n34-b20,D,no,steady-adapter,recorded,5,26,5000000,293199000,,0,pass,,
timing-DECIMAL-D2-cal-common18-arithmetic-d2-cal-p8-n34-b36-common18-recorded-5,timing,DECIMAL-D2-cal-common18-arithmetic,d2-cal-p8-n34-b36-common18,crexx,adapter,D2-decNumber-p8-n34-b36,D,no,steady-adapter,recorded,5,27,5000000,283869000,,0,pass,,
timing-DECIMAL-D2-cal-common18-arithmetic-d2-cal-p8-n34-b64-common18-recorded-5,timing,DECIMAL-D2-cal-common18-arithmetic,d2-cal-p8-n34-b64-common18,crexx,adapter,D2-decNumber-p8-n34-b64,D,no,steady-adapter,recorded,5,28,5000000,282698000,,0,pass,,
timing-DECIMAL-D2-cal-common18-arithmetic-d2-cal-p8-n34-b128-common18-recorded-5,timing,DECIMAL-D2-cal-common18-arithmetic,d2-cal-p8-n34-b128-common18,crexx,adapter,D2-decNumber-p8-n34-b128,D,no,steady-adapter,recorded,5,29,5000000,292223000,,0,pass,,
timing-DECIMAL-D2-cal-common18-arithmetic-d2-cal-p8-n64-b20-common18-recorded-5,timing,DECIMAL-D2-cal-common18-arithmetic,d2-cal-p8-n64-b20-common18,crexx,adapter,D2-decNumber-p8-n64-b20,D,no,steady-adapter,recorded,5,30,5000000,285967000,,0,pass,,
timing-DECIMAL-D2-cal-common18-arithmetic-d2-cal-p8-n64-b36-common18-recorded-5,timing,DECIMAL-D2-cal-common18-arithmetic,d2-cal-p8-n64-b36-common18,crexx,adapter,D2-decNumber-p8-n64-b36,D,no,steady-adapter,recorded,5,31,5000000,296226000,,0,pass,,
timing-DECIMAL-D2-cal-common18-arithmetic-d2-cal-p8-n64-b64-common18-recorded-5,timing,DECIMAL-D2-cal-common18-arithmetic,d2-cal-p8-n64-b64-common18,crexx,adapter,D2-decNumber-p8-n64-b64,D,no,steady-adapter,recorded,5,32,5000000,284270000,,0,pass,,
timing-DECIMAL-D2-cal-common18-arithmetic-d2-cal-p8-n64-b128-common18-recorded-5,timing,DECIMAL-D2-cal-common18-arithmetic,d2-cal-p8-n64-b128-common18,crexx,adapter,D2-decNumber-p8-n64-b128,D,no,steady-adapter,recorded,5,33,5000000,287644000,,0,pass,,
timing-DECIMAL-D2-cal-common18-arithmetic-d2-cal-p9-n18-b20-common18-recorded-5,timing,DECIMAL-D2-cal-common18-arithmetic,d2-cal-p9-n18-b20-common18,crexx,adapter,D2-decNumber-p9-n18-b20,D,no,steady-adapter,recorded,5,34,5000000,319932000,,0,pass,,
timing-DECIMAL-D2-cal-common18-arithmetic-d2-cal-p9-n18-b36-common18-recorded-5,timing,DECIMAL-D2-cal-common18-arithmetic,d2-cal-p9-n18-b36-common18,crexx,adapter,D2-decNumber-p9-n18-b36,D,no,steady-adapter,recorded,5,35,5000000,306644000,,0,pass,,
timing-DECIMAL-D2-cal-common18-arithmetic-d2-cal-p9-n18-b64-common18-recorded-5,timing,DECIMAL-D2-cal-common18-arithmetic,d2-cal-p9-n18-b64-common18,crexx,adapter,D2-decNumber-p9-n18-b64,D,no,steady-adapter,recorded,5,36,5000000,336605000,,0,pass,,
timing-DECIMAL-D2-cal-common18-arithmetic-d2-cal-p9-n18-b128-common18-recorded-5,timing,DECIMAL-D2-cal-common18-arithmetic,d2-cal-p9-n18-b128-common18,crexx,adapter,D2-decNumber-p9-n18-b128,D,no,steady-adapter,recorded,5,37,5000000,304893000,,0,pass,,
timing-DECIMAL-D2-cal-common18-arithmetic-d2-cal-p9-n34-b20-common18-recorded-5,timing,DECIMAL-D2-cal-common18-arithmetic,d2-cal-p9-n34-b20-common18,crexx,adapter,D2-decNumber-p9-n34-b20,D,no,steady-adapter,recorded,5,38,5000000,314935000,,0,pass,,
timing-DECIMAL-D2-cal-common18-arithmetic-d2-cal-p9-n34-b36-common18-recorded-5,timing,DECIMAL-D2-cal-common18-arithmetic,d2-cal-p9-n34-b36-common18,crexx,adapter,D2-decNumber-p9-n34-b36,D,no,steady-adapter,recorded,5,39,5000000,304890000,,0,pass,,
timing-DECIMAL-D2-cal-common18-arithmetic-d2-cal-p9-n34-b64-common18-recorded-5,timing,DECIMAL-D2-cal-common18-arithmetic,d2-cal-p9-n34-b64-common18,crexx,adapter,D2-decNumber-p9-n34-b64,D,no,steady-adapter,recorded,5,40,5000000,318858000,,0,pass,,
timing-DECIMAL-D2-cal-common18-arithmetic-d2-cal-p9-n34-b128-common18-recorded-5,timing,DECIMAL-D2-cal-common18-arithmetic,d2-cal-p9-n34-b128-common18,crexx,adapter,D2-decNumber-p9-n34-b128,D,no,steady-adapter,recorded,5,41,5000000,312692000,,0,pass,,
timing-DECIMAL-D2-cal-common18-arithmetic-d2-cal-p9-n64-b20-common18-recorded-5,timing,DECIMAL-D2-cal-common18-arithmetic,d2-cal-p9-n64-b20-common18,crexx,adapter,D2-decNumber-p9-n64-b20,D,no,steady-adapter,recorded,5,42,5000000,299883000,,0,pass,,
timing-DECIMAL-D2-cal-common18-arithmetic-d2-cal-p9-n64-b36-common18-recorded-5,timing,DECIMAL-D2-cal-common18-arithmetic,d2-cal-p9-n64-b36-common18,crexx,adapter,D2-decNumber-p9-n64-b36,D,no,steady-adapter,recorded,5,43,5000000,299879000,,0,pass,,
timing-DECIMAL-D2-cal-common18-arithmetic-d2-cal-p9-n64-b64-common18-recorded-5,timing,DECIMAL-D2-cal-common18-arithmetic,d2-cal-p9-n64-b64-common18,crexx,adapter,D2-decNumber-p9-n64-b64,D,no,steady-adapter,recorded,5,44,5000000,293348000,,0,pass,,
timing-DECIMAL-D2-cal-common18-arithmetic-d2-cal-p9-n64-b128-common18-recorded-5,timing,DECIMAL-D2-cal-common18-arithmetic,d2-cal-p9-n64-b128-common18,crexx,adapter,D2-decNumber-p9-n64-b128,D,no,steady-adapter,recorded,5,45,5000000,310491000,,0,pass,,
timing-DECIMAL-D2-cal-common18-arithmetic-d2-cal-current-common18-recorded-5,timing,DECIMAL-D2-cal-common18-arithmetic,d2-cal-current-common18,crexx,adapter,D0-mc-current,D,no,steady-adapter,recorded,5,46,5000000,296053000,,0,pass,,
timing-DECIMAL-D2-cal-common18-arithmetic-d2-cal-p3-n18-b20-common18-recorded-5,timing,DECIMAL-D2-cal-common18-arithmetic,d2-cal-p3-n18-b20-common18,crexx,adapter,D2-decNumber-p3-n18-b20,D,no,steady-adapter,recorded,5,47,5000000,429948000,,0,pass,,
timing-DECIMAL-D2-cal-common18-arithmetic-d2-cal-p3-n18-b36-common18-recorded-5,timing,DECIMAL-D2-cal-common18-arithmetic,d2-cal-p3-n18-b36-common18,crexx,adapter,D2-decNumber-p3-n18-b36,D,no,steady-adapter,recorded,5,48,5000000,422125000,,0,pass,,
timing-DECIMAL-D2-cal-common18-arithmetic-d2-cal-p3-n18-b64-common18-recorded-5,timing,DECIMAL-D2-cal-common18-arithmetic,d2-cal-p3-n18-b64-common18,crexx,adapter,D2-decNumber-p3-n18-b64,D,no,steady-adapter,recorded,5,49,5000000,429289000,,0,pass,,
timing-DECIMAL-D2-cal-common18-arithmetic-d2-cal-p3-n18-b64-common18-recorded-6,timing,DECIMAL-D2-cal-common18-arithmetic,d2-cal-p3-n18-b64-common18,crexx,adapter,D2-decNumber-p3-n18-b64,D,no,steady-adapter,recorded,6,1,5000000,431705000,,0,pass,,
timing-DECIMAL-D2-cal-common18-arithmetic-d2-cal-p3-n18-b36-common18-recorded-6,timing,DECIMAL-D2-cal-common18-arithmetic,d2-cal-p3-n18-b36-common18,crexx,adapter,D2-decNumber-p3-n18-b36,D,no,steady-adapter,recorded,6,2,5000000,433284000,,0,pass,,
timing-DECIMAL-D2-cal-common18-arithmetic-d2-cal-p3-n18-b20-common18-recorded-6,timing,DECIMAL-D2-cal-common18-arithmetic,d2-cal-p3-n18-b20-common18,crexx,adapter,D2-decNumber-p3-n18-b20,D,no,steady-adapter,recorded,6,3,5000000,438734000,,0,pass,,
timing-DECIMAL-D2-cal-common18-arithmetic-d2-cal-current-common18-recorded-6,timing,DECIMAL-D2-cal-common18-arithmetic,d2-cal-current-common18,crexx,adapter,D0-mc-current,D,no,steady-adapter,recorded,6,4,5000000,289871000,,0,pass,,
timing-DECIMAL-D2-cal-common18-arithmetic-d2-cal-p9-n64-b128-common18-recorded-6,timing,DECIMAL-D2-cal-common18-arithmetic,d2-cal-p9-n64-b128-common18,crexx,adapter,D2-decNumber-p9-n64-b128,D,no,steady-adapter,recorded,6,5,5000000,309591000,,0,pass,,
timing-DECIMAL-D2-cal-common18-arithmetic-d2-cal-p9-n64-b64-common18-recorded-6,timing,DECIMAL-D2-cal-common18-arithmetic,d2-cal-p9-n64-b64-common18,crexx,adapter,D2-decNumber-p9-n64-b64,D,no,steady-adapter,recorded,6,6,5000000,309320000,,0,pass,,
timing-DECIMAL-D2-cal-common18-arithmetic-d2-cal-p9-n64-b36-common18-recorded-6,timing,DECIMAL-D2-cal-common18-arithmetic,d2-cal-p9-n64-b36-common18,crexx,adapter,D2-decNumber-p9-n64-b36,D,no,steady-adapter,recorded,6,7,5000000,305406000,,0,pass,,
timing-DECIMAL-D2-cal-common18-arithmetic-d2-cal-p9-n64-b20-common18-recorded-6,timing,DECIMAL-D2-cal-common18-arithmetic,d2-cal-p9-n64-b20-common18,crexx,adapter,D2-decNumber-p9-n64-b20,D,no,steady-adapter,recorded,6,8,5000000,313283000,,0,pass,,
timing-DECIMAL-D2-cal-common18-arithmetic-d2-cal-p9-n34-b128-common18-recorded-6,timing,DECIMAL-D2-cal-common18-arithmetic,d2-cal-p9-n34-b128-common18,crexx,adapter,D2-decNumber-p9-n34-b128,D,no,steady-adapter,recorded,6,9,5000000,310092000,,0,pass,,
timing-DECIMAL-D2-cal-common18-arithmetic-d2-cal-p9-n34-b64-common18-recorded-6,timing,DECIMAL-D2-cal-common18-arithmetic,d2-cal-p9-n34-b64-common18,crexx,adapter,D2-decNumber-p9-n34-b64,D,no,steady-adapter,recorded,6,10,5000000,309800000,,0,pass,,
timing-DECIMAL-D2-cal-common18-arithmetic-d2-cal-p9-n34-b36-common18-recorded-6,timing,DECIMAL-D2-cal-common18-arithmetic,d2-cal-p9-n34-b36-common18,crexx,adapter,D2-decNumber-p9-n34-b36,D,no,steady-adapter,recorded,6,11,5000000,316609000,,0,pass,,
timing-DECIMAL-D2-cal-common18-arithmetic-d2-cal-p9-n34-b20-common18-recorded-6,timing,DECIMAL-D2-cal-common18-arithmetic,d2-cal-p9-n34-b20-common18,crexx,adapter,D2-decNumber-p9-n34-b20,D,no,steady-adapter,recorded,6,12,5000000,363342000,,0,pass,,
timing-DECIMAL-D2-cal-common18-arithmetic-d2-cal-p9-n18-b128-common18-recorded-6,timing,DECIMAL-D2-cal-common18-arithmetic,d2-cal-p9-n18-b128-common18,crexx,adapter,D2-decNumber-p9-n18-b128,D,no,steady-adapter,recorded,6,13,5000000,319661000,,0,pass,,
timing-DECIMAL-D2-cal-common18-arithmetic-d2-cal-p9-n18-b64-common18-recorded-6,timing,DECIMAL-D2-cal-common18-arithmetic,d2-cal-p9-n18-b64-common18,crexx,adapter,D2-decNumber-p9-n18-b64,D,no,steady-adapter,recorded,6,14,5000000,311791000,,0,pass,,
timing-DECIMAL-D2-cal-common18-arithmetic-d2-cal-p9-n18-b36-common18-recorded-6,timing,DECIMAL-D2-cal-common18-arithmetic,d2-cal-p9-n18-b36-common18,crexx,adapter,D2-decNumber-p9-n18-b36,D,no,steady-adapter,recorded,6,15,5000000,306447000,,0,pass,,
timing-DECIMAL-D2-cal-common18-arithmetic-d2-cal-p9-n18-b20-common18-recorded-6,timing,DECIMAL-D2-cal-common18-arithmetic,d2-cal-p9-n18-b20-common18,crexx,adapter,D2-decNumber-p9-n18-b20,D,no,steady-adapter,recorded,6,16,5000000,325053000,,0,pass,,
timing-DECIMAL-D2-cal-common18-arithmetic-d2-cal-p8-n64-b128-common18-recorded-6,timing,DECIMAL-D2-cal-common18-arithmetic,d2-cal-p8-n64-b128-common18,crexx,adapter,D2-decNumber-p8-n64-b128,D,no,steady-adapter,recorded,6,17,5000000,286617000,,0,pass,,
timing-DECIMAL-D2-cal-common18-arithmetic-d2-cal-p8-n64-b64-common18-recorded-6,timing,DECIMAL-D2-cal-common18-arithmetic,d2-cal-p8-n64-b64-common18,crexx,adapter,D2-decNumber-p8-n64-b64,D,no,steady-adapter,recorded,6,18,5000000,290497000,,0,pass,,
timing-DECIMAL-D2-cal-common18-arithmetic-d2-cal-p8-n64-b36-common18-recorded-6,timing,DECIMAL-D2-cal-common18-arithmetic,d2-cal-p8-n64-b36-common18,crexx,adapter,D2-decNumber-p8-n64-b36,D,no,steady-adapter,recorded,6,19,5000000,296014000,,0,pass,,
timing-DECIMAL-D2-cal-common18-arithmetic-d2-cal-p8-n64-b20-common18-recorded-6,timing,DECIMAL-D2-cal-common18-arithmetic,d2-cal-p8-n64-b20-common18,crexx,adapter,D2-decNumber-p8-n64-b20,D,no,steady-adapter,recorded,6,20,5000000,274932000,,0,pass,,
timing-DECIMAL-D2-cal-common18-arithmetic-d2-cal-p8-n34-b128-common18-recorded-6,timing,DECIMAL-D2-cal-common18-arithmetic,d2-cal-p8-n34-b128-common18,crexx,adapter,D2-decNumber-p8-n34-b128,D,no,steady-adapter,recorded,6,21,5000000,286595000,,0,pass,,
timing-DECIMAL-D2-cal-common18-arithmetic-d2-cal-p8-n34-b64-common18-recorded-6,timing,DECIMAL-D2-cal-common18-arithmetic,d2-cal-p8-n34-b64-common18,crexx,adapter,D2-decNumber-p8-n34-b64,D,no,steady-adapter,recorded,6,22,5000000,283293000,,0,pass,,
timing-DECIMAL-D2-cal-common18-arithmetic-d2-cal-p8-n34-b36-common18-recorded-6,timing,DECIMAL-D2-cal-common18-arithmetic,d2-cal-p8-n34-b36-common18,crexx,adapter,D2-decNumber-p8-n34-b36,D,no,steady-adapter,recorded,6,23,5000000,291648000,,0,pass,,
timing-DECIMAL-D2-cal-common18-arithmetic-d2-cal-p8-n34-b20-common18-recorded-6,timing,DECIMAL-D2-cal-common18-arithmetic,d2-cal-p8-n34-b20-common18,crexx,adapter,D2-decNumber-p8-n34-b20,D,no,steady-adapter,recorded,6,24,5000000,279875000,,0,pass,,
timing-DECIMAL-D2-cal-common18-arithmetic-d2-cal-p8-n18-b128-common18-recorded-6,timing,DECIMAL-D2-cal-common18-arithmetic,d2-cal-p8-n18-b128-common18,crexx,adapter,D2-decNumber-p8-n18-b128,D,no,steady-adapter,recorded,6,25,5000000,293857000,,0,pass,,
timing-DECIMAL-D2-cal-common18-arithmetic-d2-cal-p8-n18-b64-common18-recorded-6,timing,DECIMAL-D2-cal-common18-arithmetic,d2-cal-p8-n18-b64-common18,crexx,adapter,D2-decNumber-p8-n18-b64,D,no,steady-adapter,recorded,6,26,5000000,283393000,,0,pass,,
timing-DECIMAL-D2-cal-common18-arithmetic-d2-cal-p8-n18-b36-common18-recorded-6,timing,DECIMAL-D2-cal-common18-arithmetic,d2-cal-p8-n18-b36-common18,crexx,adapter,D2-decNumber-p8-n18-b36,D,no,steady-adapter,recorded,6,27,5000000,279141000,,0,pass,,
timing-DECIMAL-D2-cal-common18-arithmetic-d2-cal-p8-n18-b20-common18-recorded-6,timing,DECIMAL-D2-cal-common18-arithmetic,d2-cal-p8-n18-b20-common18,crexx,adapter,D2-decNumber-p8-n18-b20,D,no,steady-adapter,recorded,6,28,5000000,284902000,,0,pass,,
timing-DECIMAL-D2-cal-common18-arithmetic-d2-cal-p4-n64-b128-common18-recorded-6,timing,DECIMAL-D2-cal-common18-arithmetic,d2-cal-p4-n64-b128-common18,crexx,adapter,D2-decNumber-p4-n64-b128,D,no,steady-adapter,recorded,6,29,5000000,370656000,,0,pass,,
timing-DECIMAL-D2-cal-common18-arithmetic-d2-cal-p4-n64-b64-common18-recorded-6,timing,DECIMAL-D2-cal-common18-arithmetic,d2-cal-p4-n64-b64-common18,crexx,adapter,D2-decNumber-p4-n64-b64,D,no,steady-adapter,recorded,6,30,5000000,361362000,,0,pass,,
timing-DECIMAL-D2-cal-common18-arithmetic-d2-cal-p4-n64-b36-common18-recorded-6,timing,DECIMAL-D2-cal-common18-arithmetic,d2-cal-p4-n64-b36-common18,crexx,adapter,D2-decNumber-p4-n64-b36,D,no,steady-adapter,recorded,6,31,5000000,367912000,,0,pass,,
timing-DECIMAL-D2-cal-common18-arithmetic-d2-cal-p4-n64-b20-common18-recorded-6,timing,DECIMAL-D2-cal-common18-arithmetic,d2-cal-p4-n64-b20-common18,crexx,adapter,D2-decNumber-p4-n64-b20,D,no,steady-adapter,recorded,6,32,5000000,365724000,,0,pass,,
timing-DECIMAL-D2-cal-common18-arithmetic-d2-cal-p4-n34-b128-common18-recorded-6,timing,DECIMAL-D2-cal-common18-arithmetic,d2-cal-p4-n34-b128-common18,crexx,adapter,D2-decNumber-p4-n34-b128,D,no,steady-adapter,recorded,6,33,5000000,374080000,,0,pass,,
timing-DECIMAL-D2-cal-common18-arithmetic-d2-cal-p4-n34-b64-common18-recorded-6,timing,DECIMAL-D2-cal-common18-arithmetic,d2-cal-p4-n34-b64-common18,crexx,adapter,D2-decNumber-p4-n34-b64,D,no,steady-adapter,recorded,6,34,5000000,366577000,,0,pass,,
timing-DECIMAL-D2-cal-common18-arithmetic-d2-cal-p4-n34-b36-common18-recorded-6,timing,DECIMAL-D2-cal-common18-arithmetic,d2-cal-p4-n34-b36-common18,crexx,adapter,D2-decNumber-p4-n34-b36,D,no,steady-adapter,recorded,6,35,5000000,362292000,,0,pass,,
timing-DECIMAL-D2-cal-common18-arithmetic-d2-cal-p4-n34-b20-common18-recorded-6,timing,DECIMAL-D2-cal-common18-arithmetic,d2-cal-p4-n34-b20-common18,crexx,adapter,D2-decNumber-p4-n34-b20,D,no,steady-adapter,recorded,6,36,5000000,364240000,,0,pass,,
timing-DECIMAL-D2-cal-common18-arithmetic-d2-cal-p4-n18-b128-common18-recorded-6,timing,DECIMAL-D2-cal-common18-arithmetic,d2-cal-p4-n18-b128-common18,crexx,adapter,D2-decNumber-p4-n18-b128,D,no,steady-adapter,recorded,6,37,5000000,351639000,,0,pass,,
timing-DECIMAL-D2-cal-common18-arithmetic-d2-cal-p4-n18-b64-common18-recorded-6,timing,DECIMAL-D2-cal-common18-arithmetic,d2-cal-p4-n18-b64-common18,crexx,adapter,D2-decNumber-p4-n18-b64,D,no,steady-adapter,recorded,6,38,5000000,353264000,,0,pass,,
timing-DECIMAL-D2-cal-common18-arithmetic-d2-cal-p4-n18-b36-common18-recorded-6,timing,DECIMAL-D2-cal-common18-arithmetic,d2-cal-p4-n18-b36-common18,crexx,adapter,D2-decNumber-p4-n18-b36,D,no,steady-adapter,recorded,6,39,5000000,371558000,,0,pass,,
timing-DECIMAL-D2-cal-common18-arithmetic-d2-cal-p4-n18-b20-common18-recorded-6,timing,DECIMAL-D2-cal-common18-arithmetic,d2-cal-p4-n18-b20-common18,crexx,adapter,D2-decNumber-p4-n18-b20,D,no,steady-adapter,recorded,6,40,5000000,363290000,,0,pass,,
timing-DECIMAL-D2-cal-common18-arithmetic-d2-cal-p3-n64-b128-common18-recorded-6,timing,DECIMAL-D2-cal-common18-arithmetic,d2-cal-p3-n64-b128-common18,crexx,adapter,D2-decNumber-p3-n64-b128,D,no,steady-adapter,recorded,6,41,5000000,426956000,,0,pass,,
timing-DECIMAL-D2-cal-common18-arithmetic-d2-cal-p3-n64-b64-common18-recorded-6,timing,DECIMAL-D2-cal-common18-arithmetic,d2-cal-p3-n64-b64-common18,crexx,adapter,D2-decNumber-p3-n64-b64,D,no,steady-adapter,recorded,6,42,5000000,439560000,,0,pass,,
timing-DECIMAL-D2-cal-common18-arithmetic-d2-cal-p3-n64-b36-common18-recorded-6,timing,DECIMAL-D2-cal-common18-arithmetic,d2-cal-p3-n64-b36-common18,crexx,adapter,D2-decNumber-p3-n64-b36,D,no,steady-adapter,recorded,6,43,5000000,442591000,,0,pass,,
timing-DECIMAL-D2-cal-common18-arithmetic-d2-cal-p3-n64-b20-common18-recorded-6,timing,DECIMAL-D2-cal-common18-arithmetic,d2-cal-p3-n64-b20-common18,crexx,adapter,D2-decNumber-p3-n64-b20,D,no,steady-adapter,recorded,6,44,5000000,434549000,,0,pass,,
timing-DECIMAL-D2-cal-common18-arithmetic-d2-cal-p3-n34-b128-common18-recorded-6,timing,DECIMAL-D2-cal-common18-arithmetic,d2-cal-p3-n34-b128-common18,crexx,adapter,D2-decNumber-p3-n34-b128,D,no,steady-adapter,recorded,6,45,5000000,425957000,,0,pass,,
timing-DECIMAL-D2-cal-common18-arithmetic-d2-cal-p3-n34-b64-common18-recorded-6,timing,DECIMAL-D2-cal-common18-arithmetic,d2-cal-p3-n34-b64-common18,crexx,adapter,D2-decNumber-p3-n34-b64,D,no,steady-adapter,recorded,6,46,5000000,438318000,,0,pass,,
timing-DECIMAL-D2-cal-common18-arithmetic-d2-cal-p3-n34-b36-common18-recorded-6,timing,DECIMAL-D2-cal-common18-arithmetic,d2-cal-p3-n34-b36-common18,crexx,adapter,D2-decNumber-p3-n34-b36,D,no,steady-adapter,recorded,6,47,5000000,434931000,,0,pass,,
timing-DECIMAL-D2-cal-common18-arithmetic-d2-cal-p3-n34-b20-common18-recorded-6,timing,DECIMAL-D2-cal-common18-arithmetic,d2-cal-p3-n34-b20-common18,crexx,adapter,D2-decNumber-p3-n34-b20,D,no,steady-adapter,recorded,6,48,5000000,434857000,,0,pass,,
timing-DECIMAL-D2-cal-common18-arithmetic-d2-cal-p3-n18-b128-common18-recorded-6,timing,DECIMAL-D2-cal-common18-arithmetic,d2-cal-p3-n18-b128-common18,crexx,adapter,D2-decNumber-p3-n18-b128,D,no,steady-adapter,recorded,6,49,5000000,436802000,,0,pass,,
timing-DECIMAL-D2-cal-common18-arithmetic-d2-cal-p3-n34-b36-common18-recorded-7,timing,DECIMAL-D2-cal-common18-arithmetic,d2-cal-p3-n34-b36-common18,crexx,adapter,D2-decNumber-p3-n34-b36,D,no,steady-adapter,recorded,7,1,5000000,428093000,,0,pass,,
timing-DECIMAL-D2-cal-common18-arithmetic-d2-cal-p3-n34-b64-common18-recorded-7,timing,DECIMAL-D2-cal-common18-arithmetic,d2-cal-p3-n34-b64-common18,crexx,adapter,D2-decNumber-p3-n34-b64,D,no,steady-adapter,recorded,7,2,5000000,441554000,,0,pass,,
timing-DECIMAL-D2-cal-common18-arithmetic-d2-cal-p3-n34-b128-common18-recorded-7,timing,DECIMAL-D2-cal-common18-arithmetic,d2-cal-p3-n34-b128-common18,crexx,adapter,D2-decNumber-p3-n34-b128,D,no,steady-adapter,recorded,7,3,5000000,435460000,,0,pass,,
timing-DECIMAL-D2-cal-common18-arithmetic-d2-cal-p3-n64-b20-common18-recorded-7,timing,DECIMAL-D2-cal-common18-arithmetic,d2-cal-p3-n64-b20-common18,crexx,adapter,D2-decNumber-p3-n64-b20,D,no,steady-adapter,recorded,7,4,5000000,447744000,,0,pass,,
timing-DECIMAL-D2-cal-common18-arithmetic-d2-cal-p3-n64-b36-common18-recorded-7,timing,DECIMAL-D2-cal-common18-arithmetic,d2-cal-p3-n64-b36-common18,crexx,adapter,D2-decNumber-p3-n64-b36,D,no,steady-adapter,recorded,7,5,5000000,435432000,,0,pass,,
timing-DECIMAL-D2-cal-common18-arithmetic-d2-cal-p3-n64-b64-common18-recorded-7,timing,DECIMAL-D2-cal-common18-arithmetic,d2-cal-p3-n64-b64-common18,crexx,adapter,D2-decNumber-p3-n64-b64,D,no,steady-adapter,recorded,7,6,5000000,427743000,,0,pass,,
timing-DECIMAL-D2-cal-common18-arithmetic-d2-cal-p3-n64-b128-common18-recorded-7,timing,DECIMAL-D2-cal-common18-arithmetic,d2-cal-p3-n64-b128-common18,crexx,adapter,D2-decNumber-p3-n64-b128,D,no,steady-adapter,recorded,7,7,5000000,454917000,,0,pass,,
timing-DECIMAL-D2-cal-common18-arithmetic-d2-cal-p4-n18-b20-common18-recorded-7,timing,DECIMAL-D2-cal-common18-arithmetic,d2-cal-p4-n18-b20-common18,crexx,adapter,D2-decNumber-p4-n18-b20,D,no,steady-adapter,recorded,7,8,5000000,354872000,,0,pass,,
timing-DECIMAL-D2-cal-common18-arithmetic-d2-cal-p4-n18-b36-common18-recorded-7,timing,DECIMAL-D2-cal-common18-arithmetic,d2-cal-p4-n18-b36-common18,crexx,adapter,D2-decNumber-p4-n18-b36,D,no,steady-adapter,recorded,7,9,5000000,372263000,,0,pass,,
timing-DECIMAL-D2-cal-common18-arithmetic-d2-cal-p4-n18-b64-common18-recorded-7,timing,DECIMAL-D2-cal-common18-arithmetic,d2-cal-p4-n18-b64-common18,crexx,adapter,D2-decNumber-p4-n18-b64,D,no,steady-adapter,recorded,7,10,5000000,370969000,,0,pass,,
timing-DECIMAL-D2-cal-common18-arithmetic-d2-cal-p4-n18-b128-common18-recorded-7,timing,DECIMAL-D2-cal-common18-arithmetic,d2-cal-p4-n18-b128-common18,crexx,adapter,D2-decNumber-p4-n18-b128,D,no,steady-adapter,recorded,7,11,5000000,374873000,,0,pass,,
timing-DECIMAL-D2-cal-common18-arithmetic-d2-cal-p4-n34-b20-common18-recorded-7,timing,DECIMAL-D2-cal-common18-arithmetic,d2-cal-p4-n34-b20-common18,crexx,adapter,D2-decNumber-p4-n34-b20,D,no,steady-adapter,recorded,7,12,5000000,368332000,,0,pass,,
timing-DECIMAL-D2-cal-common18-arithmetic-d2-cal-p4-n34-b36-common18-recorded-7,timing,DECIMAL-D2-cal-common18-arithmetic,d2-cal-p4-n34-b36-common18,crexx,adapter,D2-decNumber-p4-n34-b36,D,no,steady-adapter,recorded,7,13,5000000,363329000,,0,pass,,
timing-DECIMAL-D2-cal-common18-arithmetic-d2-cal-p4-n34-b64-common18-recorded-7,timing,DECIMAL-D2-cal-common18-arithmetic,d2-cal-p4-n34-b64-common18,crexx,adapter,D2-decNumber-p4-n34-b64,D,no,steady-adapter,recorded,7,14,5000000,351039000,,0,pass,,
timing-DECIMAL-D2-cal-common18-arithmetic-d2-cal-p4-n34-b128-common18-recorded-7,timing,DECIMAL-D2-cal-common18-arithmetic,d2-cal-p4-n34-b128-common18,crexx,adapter,D2-decNumber-p4-n34-b128,D,no,steady-adapter,recorded,7,15,5000000,369124000,,0,pass,,
timing-DECIMAL-D2-cal-common18-arithmetic-d2-cal-p4-n64-b20-common18-recorded-7,timing,DECIMAL-D2-cal-common18-arithmetic,d2-cal-p4-n64-b20-common18,crexx,adapter,D2-decNumber-p4-n64-b20,D,no,steady-adapter,recorded,7,16,5000000,386229000,,0,pass,,
timing-DECIMAL-D2-cal-common18-arithmetic-d2-cal-p4-n64-b36-common18-recorded-7,timing,DECIMAL-D2-cal-common18-arithmetic,d2-cal-p4-n64-b36-common18,crexx,adapter,D2-decNumber-p4-n64-b36,D,no,steady-adapter,recorded,7,17,5000000,366144000,,0,pass,,
timing-DECIMAL-D2-cal-common18-arithmetic-d2-cal-p4-n64-b64-common18-recorded-7,timing,DECIMAL-D2-cal-common18-arithmetic,d2-cal-p4-n64-b64-common18,crexx,adapter,D2-decNumber-p4-n64-b64,D,no,steady-adapter,recorded,7,18,5000000,371457000,,0,pass,,
timing-DECIMAL-D2-cal-common18-arithmetic-d2-cal-p4-n64-b128-common18-recorded-7,timing,DECIMAL-D2-cal-common18-arithmetic,d2-cal-p4-n64-b128-common18,crexx,adapter,D2-decNumber-p4-n64-b128,D,no,steady-adapter,recorded,7,19,5000000,367154000,,0,pass,,
timing-DECIMAL-D2-cal-common18-arithmetic-d2-cal-p8-n18-b20-common18-recorded-7,timing,DECIMAL-D2-cal-common18-arithmetic,d2-cal-p8-n18-b20-common18,crexx,adapter,D2-decNumber-p8-n18-b20,D,no,steady-adapter,recorded,7,20,5000000,278267000,,0,pass,,
timing-DECIMAL-D2-cal-common18-arithmetic-d2-cal-p8-n18-b36-common18-recorded-7,timing,DECIMAL-D2-cal-common18-arithmetic,d2-cal-p8-n18-b36-common18,crexx,adapter,D2-decNumber-p8-n18-b36,D,no,steady-adapter,recorded,7,21,5000000,288274000,,0,pass,,
timing-DECIMAL-D2-cal-common18-arithmetic-d2-cal-p8-n18-b64-common18-recorded-7,timing,DECIMAL-D2-cal-common18-arithmetic,d2-cal-p8-n18-b64-common18,crexx,adapter,D2-decNumber-p8-n18-b64,D,no,steady-adapter,recorded,7,22,5000000,289343000,,0,pass,,
timing-DECIMAL-D2-cal-common18-arithmetic-d2-cal-p8-n18-b128-common18-recorded-7,timing,DECIMAL-D2-cal-common18-arithmetic,d2-cal-p8-n18-b128-common18,crexx,adapter,D2-decNumber-p8-n18-b128,D,no,steady-adapter,recorded,7,23,5000000,287175000,,0,pass,,
timing-DECIMAL-D2-cal-common18-arithmetic-d2-cal-p8-n34-b20-common18-recorded-7,timing,DECIMAL-D2-cal-common18-arithmetic,d2-cal-p8-n34-b20-common18,crexx,adapter,D2-decNumber-p8-n34-b20,D,no,steady-adapter,recorded,7,24,5000000,271594000,,0,pass,,
timing-DECIMAL-D2-cal-common18-arithmetic-d2-cal-p8-n34-b36-common18-recorded-7,timing,DECIMAL-D2-cal-common18-arithmetic,d2-cal-p8-n34-b36-common18,crexx,adapter,D2-decNumber-p8-n34-b36,D,no,steady-adapter,recorded,7,25,5000000,287201000,,0,pass,,
timing-DECIMAL-D2-cal-common18-arithmetic-d2-cal-p8-n34-b64-common18-recorded-7,timing,DECIMAL-D2-cal-common18-arithmetic,d2-cal-p8-n34-b64-common18,crexx,adapter,D2-decNumber-p8-n34-b64,D,no,steady-adapter,recorded,7,26,5000000,283263000,,0,pass,,
timing-DECIMAL-D2-cal-common18-arithmetic-d2-cal-p8-n34-b128-common18-recorded-7,timing,DECIMAL-D2-cal-common18-arithmetic,d2-cal-p8-n34-b128-common18,crexx,adapter,D2-decNumber-p8-n34-b128,D,no,steady-adapter,recorded,7,27,5000000,289998000,,0,pass,,
timing-DECIMAL-D2-cal-common18-arithmetic-d2-cal-p8-n64-b20-common18-recorded-7,timing,DECIMAL-D2-cal-common18-arithmetic,d2-cal-p8-n64-b20-common18,crexx,adapter,D2-decNumber-p8-n64-b20,D,no,steady-adapter,recorded,7,28,5000000,270980000,,0,pass,,
timing-DECIMAL-D2-cal-common18-arithmetic-d2-cal-p8-n64-b36-common18-recorded-7,timing,DECIMAL-D2-cal-common18-arithmetic,d2-cal-p8-n64-b36-common18,crexx,adapter,D2-decNumber-p8-n64-b36,D,no,steady-adapter,recorded,7,29,5000000,279952000,,0,pass,,
timing-DECIMAL-D2-cal-common18-arithmetic-d2-cal-p8-n64-b64-common18-recorded-7,timing,DECIMAL-D2-cal-common18-arithmetic,d2-cal-p8-n64-b64-common18,crexx,adapter,D2-decNumber-p8-n64-b64,D,no,steady-adapter,recorded,7,30,5000000,284938000,,0,pass,,
timing-DECIMAL-D2-cal-common18-arithmetic-d2-cal-p8-n64-b128-common18-recorded-7,timing,DECIMAL-D2-cal-common18-arithmetic,d2-cal-p8-n64-b128-common18,crexx,adapter,D2-decNumber-p8-n64-b128,D,no,steady-adapter,recorded,7,31,5000000,286586000,,0,pass,,
timing-DECIMAL-D2-cal-common18-arithmetic-d2-cal-p9-n18-b20-common18-recorded-7,timing,DECIMAL-D2-cal-common18-arithmetic,d2-cal-p9-n18-b20-common18,crexx,adapter,D2-decNumber-p9-n18-b20,D,no,steady-adapter,recorded,7,32,5000000,299908000,,0,pass,,
timing-DECIMAL-D2-cal-common18-arithmetic-d2-cal-p9-n18-b36-common18-recorded-7,timing,DECIMAL-D2-cal-common18-arithmetic,d2-cal-p9-n18-b36-common18,crexx,adapter,D2-decNumber-p9-n18-b36,D,no,steady-adapter,recorded,7,33,5000000,304685000,,0,pass,,
timing-DECIMAL-D2-cal-common18-arithmetic-d2-cal-p9-n18-b64-common18-recorded-7,timing,DECIMAL-D2-cal-common18-arithmetic,d2-cal-p9-n18-b64-common18,crexx,adapter,D2-decNumber-p9-n18-b64,D,no,steady-adapter,recorded,7,34,5000000,310174000,,0,pass,,
timing-DECIMAL-D2-cal-common18-arithmetic-d2-cal-p9-n18-b128-common18-recorded-7,timing,DECIMAL-D2-cal-common18-arithmetic,d2-cal-p9-n18-b128-common18,crexx,adapter,D2-decNumber-p9-n18-b128,D,no,steady-adapter,recorded,7,35,5000000,309976000,,0,pass,,
timing-DECIMAL-D2-cal-common18-arithmetic-d2-cal-p9-n34-b20-common18-recorded-7,timing,DECIMAL-D2-cal-common18-arithmetic,d2-cal-p9-n34-b20-common18,crexx,adapter,D2-decNumber-p9-n34-b20,D,no,steady-adapter,recorded,7,36,5000000,303234000,,0,pass,,
timing-DECIMAL-D2-cal-common18-arithmetic-d2-cal-p9-n34-b36-common18-recorded-7,timing,DECIMAL-D2-cal-common18-arithmetic,d2-cal-p9-n34-b36-common18,crexx,adapter,D2-decNumber-p9-n34-b36,D,no,steady-adapter,recorded,7,37,5000000,304866000,,0,pass,,
timing-DECIMAL-D2-cal-common18-arithmetic-d2-cal-p9-n34-b64-common18-recorded-7,timing,DECIMAL-D2-cal-common18-arithmetic,d2-cal-p9-n34-b64-common18,crexx,adapter,D2-decNumber-p9-n34-b64,D,no,steady-adapter,recorded,7,38,5000000,301650000,,0,pass,,
timing-DECIMAL-D2-cal-common18-arithmetic-d2-cal-p9-n34-b128-common18-recorded-7,timing,DECIMAL-D2-cal-common18-arithmetic,d2-cal-p9-n34-b128-common18,crexx,adapter,D2-decNumber-p9-n34-b128,D,no,steady-adapter,recorded,7,39,5000000,296548000,,0,pass,,
timing-DECIMAL-D2-cal-common18-arithmetic-d2-cal-p9-n64-b20-common18-recorded-7,timing,DECIMAL-D2-cal-common18-arithmetic,d2-cal-p9-n64-b20-common18,crexx,adapter,D2-decNumber-p9-n64-b20,D,no,steady-adapter,recorded,7,40,5000000,325002000,,0,pass,,
timing-DECIMAL-D2-cal-common18-arithmetic-d2-cal-p9-n64-b36-common18-recorded-7,timing,DECIMAL-D2-cal-common18-arithmetic,d2-cal-p9-n64-b36-common18,crexx,adapter,D2-decNumber-p9-n64-b36,D,no,steady-adapter,recorded,7,41,5000000,301598000,,0,pass,,
timing-DECIMAL-D2-cal-common18-arithmetic-d2-cal-p9-n64-b64-common18-recorded-7,timing,DECIMAL-D2-cal-common18-arithmetic,d2-cal-p9-n64-b64-common18,crexx,adapter,D2-decNumber-p9-n64-b64,D,no,steady-adapter,recorded,7,42,5000000,314560000,,0,pass,,
timing-DECIMAL-D2-cal-common18-arithmetic-d2-cal-p9-n64-b128-common18-recorded-7,timing,DECIMAL-D2-cal-common18-arithmetic,d2-cal-p9-n64-b128-common18,crexx,adapter,D2-decNumber-p9-n64-b128,D,no,steady-adapter,recorded,7,43,5000000,310290000,,0,pass,,
timing-DECIMAL-D2-cal-common18-arithmetic-d2-cal-current-common18-recorded-7,timing,DECIMAL-D2-cal-common18-arithmetic,d2-cal-current-common18,crexx,adapter,D0-mc-current,D,no,steady-adapter,recorded,7,44,5000000,284948000,,0,pass,,
timing-DECIMAL-D2-cal-common18-arithmetic-d2-cal-p3-n18-b20-common18-recorded-7,timing,DECIMAL-D2-cal-common18-arithmetic,d2-cal-p3-n18-b20-common18,crexx,adapter,D2-decNumber-p3-n18-b20,D,no,steady-adapter,recorded,7,45,5000000,440558000,,0,pass,,
timing-DECIMAL-D2-cal-common18-arithmetic-d2-cal-p3-n18-b36-common18-recorded-7,timing,DECIMAL-D2-cal-common18-arithmetic,d2-cal-p3-n18-b36-common18,crexx,adapter,D2-decNumber-p3-n18-b36,D,no,steady-adapter,recorded,7,46,5000000,431623000,,0,pass,,
timing-DECIMAL-D2-cal-common18-arithmetic-d2-cal-p3-n18-b64-common18-recorded-7,timing,DECIMAL-D2-cal-common18-arithmetic,d2-cal-p3-n18-b64-common18,crexx,adapter,D2-decNumber-p3-n18-b64,D,no,steady-adapter,recorded,7,47,5000000,446527000,,0,pass,,
timing-DECIMAL-D2-cal-common18-arithmetic-d2-cal-p3-n18-b128-common18-recorded-7,timing,DECIMAL-D2-cal-common18-arithmetic,d2-cal-p3-n18-b128-common18,crexx,adapter,D2-decNumber-p3-n18-b128,D,no,steady-adapter,recorded,7,48,5000000,437627000,,0,pass,,
timing-DECIMAL-D2-cal-common18-arithmetic-d2-cal-p3-n34-b20-common18-recorded-7,timing,DECIMAL-D2-cal-common18-arithmetic,d2-cal-p3-n34-b20-common18,crexx,adapter,D2-decNumber-p3-n34-b20,D,no,steady-adapter,recorded,7,49,5000000,431589000,,0,pass,,
timing-DECIMAL-D2-cal-common18-arithmetic-d2-cal-p3-n34-b20-common18-recorded-8,timing,DECIMAL-D2-cal-common18-arithmetic,d2-cal-p3-n34-b20-common18,crexx,adapter,D2-decNumber-p3-n34-b20,D,no,steady-adapter,recorded,8,1,5000000,438328000,,0,pass,,
timing-DECIMAL-D2-cal-common18-arithmetic-d2-cal-p3-n18-b128-common18-recorded-8,timing,DECIMAL-D2-cal-common18-arithmetic,d2-cal-p3-n18-b128-common18,crexx,adapter,D2-decNumber-p3-n18-b128,D,no,steady-adapter,recorded,8,2,5000000,433251000,,0,pass,,
timing-DECIMAL-D2-cal-common18-arithmetic-d2-cal-p3-n18-b64-common18-recorded-8,timing,DECIMAL-D2-cal-common18-arithmetic,d2-cal-p3-n18-b64-common18,crexx,adapter,D2-decNumber-p3-n18-b64,D,no,steady-adapter,recorded,8,3,5000000,438253000,,0,pass,,
timing-DECIMAL-D2-cal-common18-arithmetic-d2-cal-p3-n18-b36-common18-recorded-8,timing,DECIMAL-D2-cal-common18-arithmetic,d2-cal-p3-n18-b36-common18,crexx,adapter,D2-decNumber-p3-n18-b36,D,no,steady-adapter,recorded,8,4,5000000,437189000,,0,pass,,
timing-DECIMAL-D2-cal-common18-arithmetic-d2-cal-p3-n18-b20-common18-recorded-8,timing,DECIMAL-D2-cal-common18-arithmetic,d2-cal-p3-n18-b20-common18,crexx,adapter,D2-decNumber-p3-n18-b20,D,no,steady-adapter,recorded,8,5,5000000,444327000,,0,pass,,
timing-DECIMAL-D2-cal-common18-arithmetic-d2-cal-current-common18-recorded-8,timing,DECIMAL-D2-cal-common18-arithmetic,d2-cal-current-common18,crexx,adapter,D0-mc-current,D,no,steady-adapter,recorded,8,6,5000000,278708000,,0,pass,,
timing-DECIMAL-D2-cal-common18-arithmetic-d2-cal-p9-n64-b128-common18-recorded-8,timing,DECIMAL-D2-cal-common18-arithmetic,d2-cal-p9-n64-b128-common18,crexx,adapter,D2-decNumber-p9-n64-b128,D,no,steady-adapter,recorded,8,7,5000000,306157000,,0,pass,,
timing-DECIMAL-D2-cal-common18-arithmetic-d2-cal-p9-n64-b64-common18-recorded-8,timing,DECIMAL-D2-cal-common18-arithmetic,d2-cal-p9-n64-b64-common18,crexx,adapter,D2-decNumber-p9-n64-b64,D,no,steady-adapter,recorded,8,8,5000000,301615000,,0,pass,,
timing-DECIMAL-D2-cal-common18-arithmetic-d2-cal-p9-n64-b36-common18-recorded-8,timing,DECIMAL-D2-cal-common18-arithmetic,d2-cal-p9-n64-b36-common18,crexx,adapter,D2-decNumber-p9-n64-b36,D,no,steady-adapter,recorded,8,9,5000000,318579000,,0,pass,,
timing-DECIMAL-D2-cal-common18-arithmetic-d2-cal-p9-n64-b20-common18-recorded-8,timing,DECIMAL-D2-cal-common18-arithmetic,d2-cal-p9-n64-b20-common18,crexx,adapter,D2-decNumber-p9-n64-b20,D,no,steady-adapter,recorded,8,10,5000000,318139000,,0,pass,,
timing-DECIMAL-D2-cal-common18-arithmetic-d2-cal-p9-n34-b128-common18-recorded-8,timing,DECIMAL-D2-cal-common18-arithmetic,d2-cal-p9-n34-b128-common18,crexx,adapter,D2-decNumber-p9-n34-b128,D,no,steady-adapter,recorded,8,11,5000000,307964000,,0,pass,,
timing-DECIMAL-D2-cal-common18-arithmetic-d2-cal-p9-n34-b64-common18-recorded-8,timing,DECIMAL-D2-cal-common18-arithmetic,d2-cal-p9-n34-b64-common18,crexx,adapter,D2-decNumber-p9-n34-b64,D,no,steady-adapter,recorded,8,12,5000000,318332000,,0,pass,,
timing-DECIMAL-D2-cal-common18-arithmetic-d2-cal-p9-n34-b36-common18-recorded-8,timing,DECIMAL-D2-cal-common18-arithmetic,d2-cal-p9-n34-b36-common18,crexx,adapter,D2-decNumber-p9-n34-b36,D,no,steady-adapter,recorded,8,13,5000000,312089000,,0,pass,,
timing-DECIMAL-D2-cal-common18-arithmetic-d2-cal-p9-n34-b20-common18-recorded-8,timing,DECIMAL-D2-cal-common18-arithmetic,d2-cal-p9-n34-b20-common18,crexx,adapter,D2-decNumber-p9-n34-b20,D,no,steady-adapter,recorded,8,14,5000000,308374000,,0,pass,,
timing-DECIMAL-D2-cal-common18-arithmetic-d2-cal-p9-n18-b128-common18-recorded-8,timing,DECIMAL-D2-cal-common18-arithmetic,d2-cal-p9-n18-b128-common18,crexx,adapter,D2-decNumber-p9-n18-b128,D,no,steady-adapter,recorded,8,15,5000000,311049000,,0,pass,,
timing-DECIMAL-D2-cal-common18-arithmetic-d2-cal-p9-n18-b64-common18-recorded-8,timing,DECIMAL-D2-cal-common18-arithmetic,d2-cal-p9-n18-b64-common18,crexx,adapter,D2-decNumber-p9-n18-b64,D,no,steady-adapter,recorded,8,16,5000000,319201000,,0,pass,,
timing-DECIMAL-D2-cal-common18-arithmetic-d2-cal-p9-n18-b36-common18-recorded-8,timing,DECIMAL-D2-cal-common18-arithmetic,d2-cal-p9-n18-b36-common18,crexx,adapter,D2-decNumber-p9-n18-b36,D,no,steady-adapter,recorded,8,17,5000000,307340000,,0,pass,,
timing-DECIMAL-D2-cal-common18-arithmetic-d2-cal-p9-n18-b20-common18-recorded-8,timing,DECIMAL-D2-cal-common18-arithmetic,d2-cal-p9-n18-b20-common18,crexx,adapter,D2-decNumber-p9-n18-b20,D,no,steady-adapter,recorded,8,18,5000000,312781000,,0,pass,,
timing-DECIMAL-D2-cal-common18-arithmetic-d2-cal-p8-n64-b128-common18-recorded-8,timing,DECIMAL-D2-cal-common18-arithmetic,d2-cal-p8-n64-b128-common18,crexx,adapter,D2-decNumber-p8-n64-b128,D,no,steady-adapter,recorded,8,19,5000000,297039000,,0,pass,,
timing-DECIMAL-D2-cal-common18-arithmetic-d2-cal-p8-n64-b64-common18-recorded-8,timing,DECIMAL-D2-cal-common18-arithmetic,d2-cal-p8-n64-b64-common18,crexx,adapter,D2-decNumber-p8-n64-b64,D,no,steady-adapter,recorded,8,20,5000000,298284000,,0,pass,,
timing-DECIMAL-D2-cal-common18-arithmetic-d2-cal-p8-n64-b36-common18-recorded-8,timing,DECIMAL-D2-cal-common18-arithmetic,d2-cal-p8-n64-b36-common18,crexx,adapter,D2-decNumber-p8-n64-b36,D,no,steady-adapter,recorded,8,21,5000000,294987000,,0,pass,,
timing-DECIMAL-D2-cal-common18-arithmetic-d2-cal-p8-n64-b20-common18-recorded-8,timing,DECIMAL-D2-cal-common18-arithmetic,d2-cal-p8-n64-b20-common18,crexx,adapter,D2-decNumber-p8-n64-b20,D,no,steady-adapter,recorded,8,22,5000000,284876000,,0,pass,,
timing-DECIMAL-D2-cal-common18-arithmetic-d2-cal-p8-n34-b128-common18-recorded-8,timing,DECIMAL-D2-cal-common18-arithmetic,d2-cal-p8-n34-b128-common18,crexx,adapter,D2-decNumber-p8-n34-b128,D,no,steady-adapter,recorded,8,23,5000000,286540000,,0,pass,,
timing-DECIMAL-D2-cal-common18-arithmetic-d2-cal-p8-n34-b64-common18-recorded-8,timing,DECIMAL-D2-cal-common18-arithmetic,d2-cal-p8-n34-b64-common18,crexx,adapter,D2-decNumber-p8-n34-b64,D,no,steady-adapter,recorded,8,24,5000000,278398000,,0,pass,,
timing-DECIMAL-D2-cal-common18-arithmetic-d2-cal-p8-n34-b36-common18-recorded-8,timing,DECIMAL-D2-cal-common18-arithmetic,d2-cal-p8-n34-b36-common18,crexx,adapter,D2-decNumber-p8-n34-b36,D,no,steady-adapter,recorded,8,25,5000000,299655000,,0,pass,,
timing-DECIMAL-D2-cal-common18-arithmetic-d2-cal-p8-n34-b20-common18-recorded-8,timing,DECIMAL-D2-cal-common18-arithmetic,d2-cal-p8-n34-b20-common18,crexx,adapter,D2-decNumber-p8-n34-b20,D,no,steady-adapter,recorded,8,26,5000000,275039000,,0,pass,,
timing-DECIMAL-D2-cal-common18-arithmetic-d2-cal-p8-n18-b128-common18-recorded-8,timing,DECIMAL-D2-cal-common18-arithmetic,d2-cal-p8-n18-b128-common18,crexx,adapter,D2-decNumber-p8-n18-b128,D,no,steady-adapter,recorded,8,27,5000000,285664000,,0,pass,,
timing-DECIMAL-D2-cal-common18-arithmetic-d2-cal-p8-n18-b64-common18-recorded-8,timing,DECIMAL-D2-cal-common18-arithmetic,d2-cal-p8-n18-b64-common18,crexx,adapter,D2-decNumber-p8-n18-b64,D,no,steady-adapter,recorded,8,28,5000000,280927000,,0,pass,,
timing-DECIMAL-D2-cal-common18-arithmetic-d2-cal-p8-n18-b36-common18-recorded-8,timing,DECIMAL-D2-cal-common18-arithmetic,d2-cal-p8-n18-b36-common18,crexx,adapter,D2-decNumber-p8-n18-b36,D,no,steady-adapter,recorded,8,29,5000000,300512000,,0,pass,,
timing-DECIMAL-D2-cal-common18-arithmetic-d2-cal-p8-n18-b20-common18-recorded-8,timing,DECIMAL-D2-cal-common18-arithmetic,d2-cal-p8-n18-b20-common18,crexx,adapter,D2-decNumber-p8-n18-b20,D,no,steady-adapter,recorded,8,30,5000000,291045000,,0,pass,,
timing-DECIMAL-D2-cal-common18-arithmetic-d2-cal-p4-n64-b128-common18-recorded-8,timing,DECIMAL-D2-cal-common18-arithmetic,d2-cal-p4-n64-b128-common18,crexx,adapter,D2-decNumber-p4-n64-b128,D,no,steady-adapter,recorded,8,31,5000000,360880000,,0,pass,,
timing-DECIMAL-D2-cal-common18-arithmetic-d2-cal-p4-n64-b64-common18-recorded-8,timing,DECIMAL-D2-cal-common18-arithmetic,d2-cal-p4-n64-b64-common18,crexx,adapter,D2-decNumber-p4-n64-b64,D,no,steady-adapter,recorded,8,32,5000000,362294000,,0,pass,,
timing-DECIMAL-D2-cal-common18-arithmetic-d2-cal-p4-n64-b36-common18-recorded-8,timing,DECIMAL-D2-cal-common18-arithmetic,d2-cal-p4-n64-b36-common18,crexx,adapter,D2-decNumber-p4-n64-b36,D,no,steady-adapter,recorded,8,33,5000000,360118000,,0,pass,,
timing-DECIMAL-D2-cal-common18-arithmetic-d2-cal-p4-n64-b20-common18-recorded-8,timing,DECIMAL-D2-cal-common18-arithmetic,d2-cal-p4-n64-b20-common18,crexx,adapter,D2-decNumber-p4-n64-b20,D,no,steady-adapter,recorded,8,34,5000000,369773000,,0,pass,,
timing-DECIMAL-D2-cal-common18-arithmetic-d2-cal-p4-n34-b128-common18-recorded-8,timing,DECIMAL-D2-cal-common18-arithmetic,d2-cal-p4-n34-b128-common18,crexx,adapter,D2-decNumber-p4-n34-b128,D,no,steady-adapter,recorded,8,35,5000000,368326000,,0,pass,,
timing-DECIMAL-D2-cal-common18-arithmetic-d2-cal-p4-n34-b64-common18-recorded-8,timing,DECIMAL-D2-cal-common18-arithmetic,d2-cal-p4-n34-b64-common18,crexx,adapter,D2-decNumber-p4-n34-b64,D,no,steady-adapter,recorded,8,36,5000000,363195000,,0,pass,,
timing-DECIMAL-D2-cal-common18-arithmetic-d2-cal-p4-n34-b36-common18-recorded-8,timing,DECIMAL-D2-cal-common18-arithmetic,d2-cal-p4-n34-b36-common18,crexx,adapter,D2-decNumber-p4-n34-b36,D,no,steady-adapter,recorded,8,37,5000000,354910000,,0,pass,,
timing-DECIMAL-D2-cal-common18-arithmetic-d2-cal-p4-n34-b20-common18-recorded-8,timing,DECIMAL-D2-cal-common18-arithmetic,d2-cal-p4-n34-b20-common18,crexx,adapter,D2-decNumber-p4-n34-b20,D,no,steady-adapter,recorded,8,38,5000000,363261000,,0,pass,,
timing-DECIMAL-D2-cal-common18-arithmetic-d2-cal-p4-n18-b128-common18-recorded-8,timing,DECIMAL-D2-cal-common18-arithmetic,d2-cal-p4-n18-b128-common18,crexx,adapter,D2-decNumber-p4-n18-b128,D,no,steady-adapter,recorded,8,39,5000000,360409000,,0,pass,,
timing-DECIMAL-D2-cal-common18-arithmetic-d2-cal-p4-n18-b64-common18-recorded-8,timing,DECIMAL-D2-cal-common18-arithmetic,d2-cal-p4-n18-b64-common18,crexx,adapter,D2-decNumber-p4-n18-b64,D,no,steady-adapter,recorded,8,40,5000000,363493000,,0,pass,,
timing-DECIMAL-D2-cal-common18-arithmetic-d2-cal-p4-n18-b36-common18-recorded-8,timing,DECIMAL-D2-cal-common18-arithmetic,d2-cal-p4-n18-b36-common18,crexx,adapter,D2-decNumber-p4-n18-b36,D,no,steady-adapter,recorded,8,41,5000000,377569000,,0,pass,,
timing-DECIMAL-D2-cal-common18-arithmetic-d2-cal-p4-n18-b20-common18-recorded-8,timing,DECIMAL-D2-cal-common18-arithmetic,d2-cal-p4-n18-b20-common18,crexx,adapter,D2-decNumber-p4-n18-b20,D,no,steady-adapter,recorded,8,42,5000000,377309000,,0,pass,,
timing-DECIMAL-D2-cal-common18-arithmetic-d2-cal-p3-n64-b128-common18-recorded-8,timing,DECIMAL-D2-cal-common18-arithmetic,d2-cal-p3-n64-b128-common18,crexx,adapter,D2-decNumber-p3-n64-b128,D,no,steady-adapter,recorded,8,43,5000000,442841000,,0,pass,,
timing-DECIMAL-D2-cal-common18-arithmetic-d2-cal-p3-n64-b64-common18-recorded-8,timing,DECIMAL-D2-cal-common18-arithmetic,d2-cal-p3-n64-b64-common18,crexx,adapter,D2-decNumber-p3-n64-b64,D,no,steady-adapter,recorded,8,44,5000000,438108000,,0,pass,,
timing-DECIMAL-D2-cal-common18-arithmetic-d2-cal-p3-n64-b36-common18-recorded-8,timing,DECIMAL-D2-cal-common18-arithmetic,d2-cal-p3-n64-b36-common18,crexx,adapter,D2-decNumber-p3-n64-b36,D,no,steady-adapter,recorded,8,45,5000000,438530000,,0,pass,,
timing-DECIMAL-D2-cal-common18-arithmetic-d2-cal-p3-n64-b20-common18-recorded-8,timing,DECIMAL-D2-cal-common18-arithmetic,d2-cal-p3-n64-b20-common18,crexx,adapter,D2-decNumber-p3-n64-b20,D,no,steady-adapter,recorded,8,46,5000000,433003000,,0,pass,,
timing-DECIMAL-D2-cal-common18-arithmetic-d2-cal-p3-n34-b128-common18-recorded-8,timing,DECIMAL-D2-cal-common18-arithmetic,d2-cal-p3-n34-b128-common18,crexx,adapter,D2-decNumber-p3-n34-b128,D,no,steady-adapter,recorded,8,47,5000000,436473000,,0,pass,,
timing-DECIMAL-D2-cal-common18-arithmetic-d2-cal-p3-n34-b64-common18-recorded-8,timing,DECIMAL-D2-cal-common18-arithmetic,d2-cal-p3-n34-b64-common18,crexx,adapter,D2-decNumber-p3-n34-b64,D,no,steady-adapter,recorded,8,48,5000000,460796000,,0,pass,,
timing-DECIMAL-D2-cal-common18-arithmetic-d2-cal-p3-n34-b36-common18-recorded-8,timing,DECIMAL-D2-cal-common18-arithmetic,d2-cal-p3-n34-b36-common18,crexx,adapter,D2-decNumber-p3-n34-b36,D,no,steady-adapter,recorded,8,49,5000000,434091000,,0,pass,,
timing-DECIMAL-D2-cal-classic9-arithmetic-d2-cal-current-classic9-warmup-1,timing,DECIMAL-D2-cal-classic9-arithmetic,d2-cal-current-classic9,crexx,adapter,D0-mc-current,D,no,steady-adapter,warmup,1,1,5000000,347668000,,0,pass,,
timing-DECIMAL-D2-cal-classic9-arithmetic-d2-cal-p3-n18-b20-classic9-warmup-1,timing,DECIMAL-D2-cal-classic9-arithmetic,d2-cal-p3-n18-b20-classic9,crexx,adapter,D2-decNumber-p3-n18-b20,D,no,steady-adapter,warmup,1,2,5000000,515634000,,0,pass,,
timing-DECIMAL-D2-cal-classic9-arithmetic-d2-cal-p3-n18-b36-classic9-warmup-1,timing,DECIMAL-D2-cal-classic9-arithmetic,d2-cal-p3-n18-b36-classic9,crexx,adapter,D2-decNumber-p3-n18-b36,D,no,steady-adapter,warmup,1,3,5000000,504192000,,0,pass,,
timing-DECIMAL-D2-cal-classic9-arithmetic-d2-cal-p3-n18-b64-classic9-warmup-1,timing,DECIMAL-D2-cal-classic9-arithmetic,d2-cal-p3-n18-b64-classic9,crexx,adapter,D2-decNumber-p3-n18-b64,D,no,steady-adapter,warmup,1,4,5000000,499939000,,0,pass,,
timing-DECIMAL-D2-cal-classic9-arithmetic-d2-cal-p3-n18-b128-classic9-warmup-1,timing,DECIMAL-D2-cal-classic9-arithmetic,d2-cal-p3-n18-b128-classic9,crexx,adapter,D2-decNumber-p3-n18-b128,D,no,steady-adapter,warmup,1,5,5000000,502113000,,0,pass,,
timing-DECIMAL-D2-cal-classic9-arithmetic-d2-cal-p3-n34-b20-classic9-warmup-1,timing,DECIMAL-D2-cal-classic9-arithmetic,d2-cal-p3-n34-b20-classic9,crexx,adapter,D2-decNumber-p3-n34-b20,D,no,steady-adapter,warmup,1,6,5000000,531064000,,0,pass,,
timing-DECIMAL-D2-cal-classic9-arithmetic-d2-cal-p3-n34-b36-classic9-warmup-1,timing,DECIMAL-D2-cal-classic9-arithmetic,d2-cal-p3-n34-b36-classic9,crexx,adapter,D2-decNumber-p3-n34-b36,D,no,steady-adapter,warmup,1,7,5000000,517305000,,0,pass,,
timing-DECIMAL-D2-cal-classic9-arithmetic-d2-cal-p3-n34-b64-classic9-warmup-1,timing,DECIMAL-D2-cal-classic9-arithmetic,d2-cal-p3-n34-b64-classic9,crexx,adapter,D2-decNumber-p3-n34-b64,D,no,steady-adapter,warmup,1,8,5000000,521093000,,0,pass,,
timing-DECIMAL-D2-cal-classic9-arithmetic-d2-cal-p3-n34-b128-classic9-warmup-1,timing,DECIMAL-D2-cal-classic9-arithmetic,d2-cal-p3-n34-b128-classic9,crexx,adapter,D2-decNumber-p3-n34-b128,D,no,steady-adapter,warmup,1,9,5000000,506345000,,0,pass,,
timing-DECIMAL-D2-cal-classic9-arithmetic-d2-cal-p3-n64-b20-classic9-warmup-1,timing,DECIMAL-D2-cal-classic9-arithmetic,d2-cal-p3-n64-b20-classic9,crexx,adapter,D2-decNumber-p3-n64-b20,D,no,steady-adapter,warmup,1,10,5000000,512632000,,0,pass,,
timing-DECIMAL-D2-cal-classic9-arithmetic-d2-cal-p3-n64-b36-classic9-warmup-1,timing,DECIMAL-D2-cal-classic9-arithmetic,d2-cal-p3-n64-b36-classic9,crexx,adapter,D2-decNumber-p3-n64-b36,D,no,steady-adapter,warmup,1,11,5000000,507227000,,0,pass,,
timing-DECIMAL-D2-cal-classic9-arithmetic-d2-cal-p3-n64-b64-classic9-warmup-1,timing,DECIMAL-D2-cal-classic9-arithmetic,d2-cal-p3-n64-b64-classic9,crexx,adapter,D2-decNumber-p3-n64-b64,D,no,steady-adapter,warmup,1,12,5000000,499933000,,0,pass,,
timing-DECIMAL-D2-cal-classic9-arithmetic-d2-cal-p3-n64-b128-classic9-warmup-1,timing,DECIMAL-D2-cal-classic9-arithmetic,d2-cal-p3-n64-b128-classic9,crexx,adapter,D2-decNumber-p3-n64-b128,D,no,steady-adapter,warmup,1,13,5000000,510686000,,0,pass,,
timing-DECIMAL-D2-cal-classic9-arithmetic-d2-cal-p4-n18-b20-classic9-warmup-1,timing,DECIMAL-D2-cal-classic9-arithmetic,d2-cal-p4-n18-b20-classic9,crexx,adapter,D2-decNumber-p4-n18-b20,D,no,steady-adapter,warmup,1,14,5000000,442520000,,0,pass,,
timing-DECIMAL-D2-cal-classic9-arithmetic-d2-cal-p4-n18-b36-classic9-warmup-1,timing,DECIMAL-D2-cal-classic9-arithmetic,d2-cal-p4-n18-b36-classic9,crexx,adapter,D2-decNumber-p4-n18-b36,D,no,steady-adapter,warmup,1,15,5000000,441583000,,0,pass,,
timing-DECIMAL-D2-cal-classic9-arithmetic-d2-cal-p4-n18-b64-classic9-warmup-1,timing,DECIMAL-D2-cal-classic9-arithmetic,d2-cal-p4-n18-b64-classic9,crexx,adapter,D2-decNumber-p4-n18-b64,D,no,steady-adapter,warmup,1,16,5000000,433286000,,0,pass,,
timing-DECIMAL-D2-cal-classic9-arithmetic-d2-cal-p4-n18-b128-classic9-warmup-1,timing,DECIMAL-D2-cal-classic9-arithmetic,d2-cal-p4-n18-b128-classic9,crexx,adapter,D2-decNumber-p4-n18-b128,D,no,steady-adapter,warmup,1,17,5000000,433914000,,0,pass,,
timing-DECIMAL-D2-cal-classic9-arithmetic-d2-cal-p4-n34-b20-classic9-warmup-1,timing,DECIMAL-D2-cal-classic9-arithmetic,d2-cal-p4-n34-b20-classic9,crexx,adapter,D2-decNumber-p4-n34-b20,D,no,steady-adapter,warmup,1,18,5000000,440896000,,0,pass,,
timing-DECIMAL-D2-cal-classic9-arithmetic-d2-cal-p4-n34-b36-classic9-warmup-1,timing,DECIMAL-D2-cal-classic9-arithmetic,d2-cal-p4-n34-b36-classic9,crexx,adapter,D2-decNumber-p4-n34-b36,D,no,steady-adapter,warmup,1,19,5000000,457185000,,0,pass,,
timing-DECIMAL-D2-cal-classic9-arithmetic-d2-cal-p4-n34-b64-classic9-warmup-1,timing,DECIMAL-D2-cal-classic9-arithmetic,d2-cal-p4-n34-b64-classic9,crexx,adapter,D2-decNumber-p4-n34-b64,D,no,steady-adapter,warmup,1,20,5000000,431027000,,0,pass,,
timing-DECIMAL-D2-cal-classic9-arithmetic-d2-cal-p4-n34-b128-classic9-warmup-1,timing,DECIMAL-D2-cal-classic9-arithmetic,d2-cal-p4-n34-b128-classic9,crexx,adapter,D2-decNumber-p4-n34-b128,D,no,steady-adapter,warmup,1,21,5000000,438269000,,0,pass,,
timing-DECIMAL-D2-cal-classic9-arithmetic-d2-cal-p4-n64-b20-classic9-warmup-1,timing,DECIMAL-D2-cal-classic9-arithmetic,d2-cal-p4-n64-b20-classic9,crexx,adapter,D2-decNumber-p4-n64-b20,D,no,steady-adapter,warmup,1,22,5000000,439910000,,0,pass,,
timing-DECIMAL-D2-cal-classic9-arithmetic-d2-cal-p4-n64-b36-classic9-warmup-1,timing,DECIMAL-D2-cal-classic9-arithmetic,d2-cal-p4-n64-b36-classic9,crexx,adapter,D2-decNumber-p4-n64-b36,D,no,steady-adapter,warmup,1,23,5000000,429928000,,0,pass,,
timing-DECIMAL-D2-cal-classic9-arithmetic-d2-cal-p4-n64-b64-classic9-warmup-1,timing,DECIMAL-D2-cal-classic9-arithmetic,d2-cal-p4-n64-b64-classic9,crexx,adapter,D2-decNumber-p4-n64-b64,D,no,steady-adapter,warmup,1,24,5000000,427881000,,0,pass,,
timing-DECIMAL-D2-cal-classic9-arithmetic-d2-cal-p4-n64-b128-classic9-warmup-1,timing,DECIMAL-D2-cal-classic9-arithmetic,d2-cal-p4-n64-b128-classic9,crexx,adapter,D2-decNumber-p4-n64-b128,D,no,steady-adapter,warmup,1,25,5000000,452665000,,0,pass,,
timing-DECIMAL-D2-cal-classic9-arithmetic-d2-cal-p8-n18-b20-classic9-warmup-1,timing,DECIMAL-D2-cal-classic9-arithmetic,d2-cal-p8-n18-b20-classic9,crexx,adapter,D2-decNumber-p8-n18-b20,D,no,steady-adapter,warmup,1,26,5000000,335818000,,0,pass,,
timing-DECIMAL-D2-cal-classic9-arithmetic-d2-cal-p8-n18-b36-classic9-warmup-1,timing,DECIMAL-D2-cal-classic9-arithmetic,d2-cal-p8-n18-b36-classic9,crexx,adapter,D2-decNumber-p8-n18-b36,D,no,steady-adapter,warmup,1,27,5000000,345944000,,0,pass,,
timing-DECIMAL-D2-cal-classic9-arithmetic-d2-cal-p8-n18-b64-classic9-warmup-1,timing,DECIMAL-D2-cal-classic9-arithmetic,d2-cal-p8-n18-b64-classic9,crexx,adapter,D2-decNumber-p8-n18-b64,D,no,steady-adapter,warmup,1,28,5000000,390665000,,0,pass,,
timing-DECIMAL-D2-cal-classic9-arithmetic-d2-cal-p8-n18-b128-classic9-warmup-1,timing,DECIMAL-D2-cal-classic9-arithmetic,d2-cal-p8-n18-b128-classic9,crexx,adapter,D2-decNumber-p8-n18-b128,D,no,steady-adapter,warmup,1,29,5000000,359621000,,0,pass,,
timing-DECIMAL-D2-cal-classic9-arithmetic-d2-cal-p8-n34-b20-classic9-warmup-1,timing,DECIMAL-D2-cal-classic9-arithmetic,d2-cal-p8-n34-b20-classic9,crexx,adapter,D2-decNumber-p8-n34-b20,D,no,steady-adapter,warmup,1,30,5000000,354867000,,0,pass,,
timing-DECIMAL-D2-cal-classic9-arithmetic-d2-cal-p8-n34-b36-classic9-warmup-1,timing,DECIMAL-D2-cal-classic9-arithmetic,d2-cal-p8-n34-b36-classic9,crexx,adapter,D2-decNumber-p8-n34-b36,D,no,steady-adapter,warmup,1,31,5000000,347726000,,0,pass,,
timing-DECIMAL-D2-cal-classic9-arithmetic-d2-cal-p8-n34-b64-classic9-warmup-1,timing,DECIMAL-D2-cal-classic9-arithmetic,d2-cal-p8-n34-b64-classic9,crexx,adapter,D2-decNumber-p8-n34-b64,D,no,steady-adapter,warmup,1,32,5000000,347238000,,0,pass,,
timing-DECIMAL-D2-cal-classic9-arithmetic-d2-cal-p8-n34-b128-classic9-warmup-1,timing,DECIMAL-D2-cal-classic9-arithmetic,d2-cal-p8-n34-b128-classic9,crexx,adapter,D2-decNumber-p8-n34-b128,D,no,steady-adapter,warmup,1,33,5000000,346938000,,0,pass,,
timing-DECIMAL-D2-cal-classic9-arithmetic-d2-cal-p8-n64-b20-classic9-warmup-1,timing,DECIMAL-D2-cal-classic9-arithmetic,d2-cal-p8-n64-b20-classic9,crexx,adapter,D2-decNumber-p8-n64-b20,D,no,steady-adapter,warmup,1,34,5000000,350559000,,0,pass,,
timing-DECIMAL-D2-cal-classic9-arithmetic-d2-cal-p8-n64-b36-classic9-warmup-1,timing,DECIMAL-D2-cal-classic9-arithmetic,d2-cal-p8-n64-b36-classic9,crexx,adapter,D2-decNumber-p8-n64-b36,D,no,steady-adapter,warmup,1,35,5000000,354242000,,0,pass,,
timing-DECIMAL-D2-cal-classic9-arithmetic-d2-cal-p8-n64-b64-classic9-warmup-1,timing,DECIMAL-D2-cal-classic9-arithmetic,d2-cal-p8-n64-b64-classic9,crexx,adapter,D2-decNumber-p8-n64-b64,D,no,steady-adapter,warmup,1,36,5000000,338835000,,0,pass,,
timing-DECIMAL-D2-cal-classic9-arithmetic-d2-cal-p8-n64-b128-classic9-warmup-1,timing,DECIMAL-D2-cal-classic9-arithmetic,d2-cal-p8-n64-b128-classic9,crexx,adapter,D2-decNumber-p8-n64-b128,D,no,steady-adapter,warmup,1,37,5000000,349366000,,0,pass,,
timing-DECIMAL-D2-cal-classic9-arithmetic-d2-cal-p9-n18-b20-classic9-warmup-1,timing,DECIMAL-D2-cal-classic9-arithmetic,d2-cal-p9-n18-b20-classic9,crexx,adapter,D2-decNumber-p9-n18-b20,D,no,steady-adapter,warmup,1,38,5000000,374117000,,0,pass,,
timing-DECIMAL-D2-cal-classic9-arithmetic-d2-cal-p9-n18-b36-classic9-warmup-1,timing,DECIMAL-D2-cal-classic9-arithmetic,d2-cal-p9-n18-b36-classic9,crexx,adapter,D2-decNumber-p9-n18-b36,D,no,steady-adapter,warmup,1,39,5000000,352410000,,0,pass,,
timing-DECIMAL-D2-cal-classic9-arithmetic-d2-cal-p9-n18-b64-classic9-warmup-1,timing,DECIMAL-D2-cal-classic9-arithmetic,d2-cal-p9-n18-b64-classic9,crexx,adapter,D2-decNumber-p9-n18-b64,D,no,steady-adapter,warmup,1,40,5000000,369098000,,0,pass,,
timing-DECIMAL-D2-cal-classic9-arithmetic-d2-cal-p9-n18-b128-classic9-warmup-1,timing,DECIMAL-D2-cal-classic9-arithmetic,d2-cal-p9-n18-b128-classic9,crexx,adapter,D2-decNumber-p9-n18-b128,D,no,steady-adapter,warmup,1,41,5000000,361287000,,0,pass,,
timing-DECIMAL-D2-cal-classic9-arithmetic-d2-cal-p9-n34-b20-classic9-warmup-1,timing,DECIMAL-D2-cal-classic9-arithmetic,d2-cal-p9-n34-b20-classic9,crexx,adapter,D2-decNumber-p9-n34-b20,D,no,steady-adapter,warmup,1,42,5000000,369402000,,0,pass,,
timing-DECIMAL-D2-cal-classic9-arithmetic-d2-cal-p9-n34-b36-classic9-warmup-1,timing,DECIMAL-D2-cal-classic9-arithmetic,d2-cal-p9-n34-b36-classic9,crexx,adapter,D2-decNumber-p9-n34-b36,D,no,steady-adapter,warmup,1,43,5000000,364930000,,0,pass,,
timing-DECIMAL-D2-cal-classic9-arithmetic-d2-cal-p9-n34-b64-classic9-warmup-1,timing,DECIMAL-D2-cal-classic9-arithmetic,d2-cal-p9-n34-b64-classic9,crexx,adapter,D2-decNumber-p9-n34-b64,D,no,steady-adapter,warmup,1,44,5000000,362700000,,0,pass,,
timing-DECIMAL-D2-cal-classic9-arithmetic-d2-cal-p9-n34-b128-classic9-warmup-1,timing,DECIMAL-D2-cal-classic9-arithmetic,d2-cal-p9-n34-b128-classic9,crexx,adapter,D2-decNumber-p9-n34-b128,D,no,steady-adapter,warmup,1,45,5000000,358822000,,0,pass,,
timing-DECIMAL-D2-cal-classic9-arithmetic-d2-cal-p9-n64-b20-classic9-warmup-1,timing,DECIMAL-D2-cal-classic9-arithmetic,d2-cal-p9-n64-b20-classic9,crexx,adapter,D2-decNumber-p9-n64-b20,D,no,steady-adapter,warmup,1,46,5000000,366601000,,0,pass,,
timing-DECIMAL-D2-cal-classic9-arithmetic-d2-cal-p9-n64-b36-classic9-warmup-1,timing,DECIMAL-D2-cal-classic9-arithmetic,d2-cal-p9-n64-b36-classic9,crexx,adapter,D2-decNumber-p9-n64-b36,D,no,steady-adapter,warmup,1,47,5000000,353254000,,0,pass,,
timing-DECIMAL-D2-cal-classic9-arithmetic-d2-cal-p9-n64-b64-classic9-warmup-1,timing,DECIMAL-D2-cal-classic9-arithmetic,d2-cal-p9-n64-b64-classic9,crexx,adapter,D2-decNumber-p9-n64-b64,D,no,steady-adapter,warmup,1,48,5000000,364933000,,0,pass,,
timing-DECIMAL-D2-cal-classic9-arithmetic-d2-cal-p9-n64-b128-classic9-warmup-1,timing,DECIMAL-D2-cal-classic9-arithmetic,d2-cal-p9-n64-b128-classic9,crexx,adapter,D2-decNumber-p9-n64-b128,D,no,steady-adapter,warmup,1,49,5000000,370590000,,0,pass,,
timing-DECIMAL-D2-cal-classic9-arithmetic-d2-cal-current-classic9-recorded-1,timing,DECIMAL-D2-cal-classic9-arithmetic,d2-cal-current-classic9,crexx,adapter,D0-mc-current,D,no,steady-adapter,recorded,1,1,5000000,342606000,,0,pass,,
timing-DECIMAL-D2-cal-classic9-arithmetic-d2-cal-p3-n18-b20-classic9-recorded-1,timing,DECIMAL-D2-cal-classic9-arithmetic,d2-cal-p3-n18-b20-classic9,crexx,adapter,D2-decNumber-p3-n18-b20,D,no,steady-adapter,recorded,1,2,5000000,514926000,,0,pass,,
timing-DECIMAL-D2-cal-classic9-arithmetic-d2-cal-p3-n18-b36-classic9-recorded-1,timing,DECIMAL-D2-cal-classic9-arithmetic,d2-cal-p3-n18-b36-classic9,crexx,adapter,D2-decNumber-p3-n18-b36,D,no,steady-adapter,recorded,1,3,5000000,503257000,,0,pass,,
timing-DECIMAL-D2-cal-classic9-arithmetic-d2-cal-p3-n18-b64-classic9-recorded-1,timing,DECIMAL-D2-cal-classic9-arithmetic,d2-cal-p3-n18-b64-classic9,crexx,adapter,D2-decNumber-p3-n18-b64,D,no,steady-adapter,recorded,1,4,5000000,526599000,,0,pass,,
timing-DECIMAL-D2-cal-classic9-arithmetic-d2-cal-p3-n18-b128-classic9-recorded-1,timing,DECIMAL-D2-cal-classic9-arithmetic,d2-cal-p3-n18-b128-classic9,crexx,adapter,D2-decNumber-p3-n18-b128,D,no,steady-adapter,recorded,1,5,5000000,518196000,,0,pass,,
timing-DECIMAL-D2-cal-classic9-arithmetic-d2-cal-p3-n34-b20-classic9-recorded-1,timing,DECIMAL-D2-cal-classic9-arithmetic,d2-cal-p3-n34-b20-classic9,crexx,adapter,D2-decNumber-p3-n34-b20,D,no,steady-adapter,recorded,1,6,5000000,517266000,,0,pass,,
timing-DECIMAL-D2-cal-classic9-arithmetic-d2-cal-p3-n34-b36-classic9-recorded-1,timing,DECIMAL-D2-cal-classic9-arithmetic,d2-cal-p3-n34-b36-classic9,crexx,adapter,D2-decNumber-p3-n34-b36,D,no,steady-adapter,recorded,1,7,5000000,505866000,,0,pass,,
timing-DECIMAL-D2-cal-classic9-arithmetic-d2-cal-p3-n34-b64-classic9-recorded-1,timing,DECIMAL-D2-cal-classic9-arithmetic,d2-cal-p3-n34-b64-classic9,crexx,adapter,D2-decNumber-p3-n34-b64,D,no,steady-adapter,recorded,1,8,5000000,506690000,,0,pass,,
timing-DECIMAL-D2-cal-classic9-arithmetic-d2-cal-p3-n34-b128-classic9-recorded-1,timing,DECIMAL-D2-cal-classic9-arithmetic,d2-cal-p3-n34-b128-classic9,crexx,adapter,D2-decNumber-p3-n34-b128,D,no,steady-adapter,recorded,1,9,5000000,516687000,,0,pass,,
timing-DECIMAL-D2-cal-classic9-arithmetic-d2-cal-p3-n64-b20-classic9-recorded-1,timing,DECIMAL-D2-cal-classic9-arithmetic,d2-cal-p3-n64-b20-classic9,crexx,adapter,D2-decNumber-p3-n64-b20,D,no,steady-adapter,recorded,1,10,5000000,523160000,,0,pass,,
timing-DECIMAL-D2-cal-classic9-arithmetic-d2-cal-p3-n64-b36-classic9-recorded-1,timing,DECIMAL-D2-cal-classic9-arithmetic,d2-cal-p3-n64-b36-classic9,crexx,adapter,D2-decNumber-p3-n64-b36,D,no,steady-adapter,recorded,1,11,5000000,513268000,,0,pass,,
timing-DECIMAL-D2-cal-classic9-arithmetic-d2-cal-p3-n64-b64-classic9-recorded-1,timing,DECIMAL-D2-cal-classic9-arithmetic,d2-cal-p3-n64-b64-classic9,crexx,adapter,D2-decNumber-p3-n64-b64,D,no,steady-adapter,recorded,1,12,5000000,515612000,,0,pass,,
timing-DECIMAL-D2-cal-classic9-arithmetic-d2-cal-p3-n64-b128-classic9-recorded-1,timing,DECIMAL-D2-cal-classic9-arithmetic,d2-cal-p3-n64-b128-classic9,crexx,adapter,D2-decNumber-p3-n64-b128,D,no,steady-adapter,recorded,1,13,5000000,509214000,,0,pass,,
timing-DECIMAL-D2-cal-classic9-arithmetic-d2-cal-p4-n18-b20-classic9-recorded-1,timing,DECIMAL-D2-cal-classic9-arithmetic,d2-cal-p4-n18-b20-classic9,crexx,adapter,D2-decNumber-p4-n18-b20,D,no,steady-adapter,recorded,1,14,5000000,443268000,,0,pass,,
timing-DECIMAL-D2-cal-classic9-arithmetic-d2-cal-p4-n18-b36-classic9-recorded-1,timing,DECIMAL-D2-cal-classic9-arithmetic,d2-cal-p4-n18-b36-classic9,crexx,adapter,D2-decNumber-p4-n18-b36,D,no,steady-adapter,recorded,1,15,5000000,463224000,,0,pass,,
timing-DECIMAL-D2-cal-classic9-arithmetic-d2-cal-p4-n18-b64-classic9-recorded-1,timing,DECIMAL-D2-cal-classic9-arithmetic,d2-cal-p4-n18-b64-classic9,crexx,adapter,D2-decNumber-p4-n18-b64,D,no,steady-adapter,recorded,1,16,5000000,436816000,,0,pass,,
timing-DECIMAL-D2-cal-classic9-arithmetic-d2-cal-p4-n18-b128-classic9-recorded-1,timing,DECIMAL-D2-cal-classic9-arithmetic,d2-cal-p4-n18-b128-classic9,crexx,adapter,D2-decNumber-p4-n18-b128,D,no,steady-adapter,recorded,1,17,5000000,450544000,,0,pass,,
timing-DECIMAL-D2-cal-classic9-arithmetic-d2-cal-p4-n34-b20-classic9-recorded-1,timing,DECIMAL-D2-cal-classic9-arithmetic,d2-cal-p4-n34-b20-classic9,crexx,adapter,D2-decNumber-p4-n34-b20,D,no,steady-adapter,recorded,1,18,5000000,452434000,,0,pass,,
timing-DECIMAL-D2-cal-classic9-arithmetic-d2-cal-p4-n34-b36-classic9-recorded-1,timing,DECIMAL-D2-cal-classic9-arithmetic,d2-cal-p4-n34-b36-classic9,crexx,adapter,D2-decNumber-p4-n34-b36,D,no,steady-adapter,recorded,1,19,5000000,434840000,,0,pass,,
timing-DECIMAL-D2-cal-classic9-arithmetic-d2-cal-p4-n34-b64-classic9-recorded-1,timing,DECIMAL-D2-cal-classic9-arithmetic,d2-cal-p4-n34-b64-classic9,crexx,adapter,D2-decNumber-p4-n34-b64,D,no,steady-adapter,recorded,1,20,5000000,431596000,,0,pass,,
timing-DECIMAL-D2-cal-classic9-arithmetic-d2-cal-p4-n34-b128-classic9-recorded-1,timing,DECIMAL-D2-cal-classic9-arithmetic,d2-cal-p4-n34-b128-classic9,crexx,adapter,D2-decNumber-p4-n34-b128,D,no,steady-adapter,recorded,1,21,5000000,451638000,,0,pass,,
timing-DECIMAL-D2-cal-classic9-arithmetic-d2-cal-p4-n64-b20-classic9-recorded-1,timing,DECIMAL-D2-cal-classic9-arithmetic,d2-cal-p4-n64-b20-classic9,crexx,adapter,D2-decNumber-p4-n64-b20,D,no,steady-adapter,recorded,1,22,5000000,444013000,,0,pass,,
timing-DECIMAL-D2-cal-classic9-arithmetic-d2-cal-p4-n64-b36-classic9-recorded-1,timing,DECIMAL-D2-cal-classic9-arithmetic,d2-cal-p4-n64-b36-classic9,crexx,adapter,D2-decNumber-p4-n64-b36,D,no,steady-adapter,recorded,1,23,5000000,440822000,,0,pass,,
timing-DECIMAL-D2-cal-classic9-arithmetic-d2-cal-p4-n64-b64-classic9-recorded-1,timing,DECIMAL-D2-cal-classic9-arithmetic,d2-cal-p4-n64-b64-classic9,crexx,adapter,D2-decNumber-p4-n64-b64,D,no,steady-adapter,recorded,1,24,5000000,441683000,,0,pass,,
timing-DECIMAL-D2-cal-classic9-arithmetic-d2-cal-p4-n64-b128-classic9-recorded-1,timing,DECIMAL-D2-cal-classic9-arithmetic,d2-cal-p4-n64-b128-classic9,crexx,adapter,D2-decNumber-p4-n64-b128,D,no,steady-adapter,recorded,1,25,5000000,441542000,,0,pass,,
timing-DECIMAL-D2-cal-classic9-arithmetic-d2-cal-p8-n18-b20-classic9-recorded-1,timing,DECIMAL-D2-cal-classic9-arithmetic,d2-cal-p8-n18-b20-classic9,crexx,adapter,D2-decNumber-p8-n18-b20,D,no,steady-adapter,recorded,1,26,5000000,363256000,,0,pass,,
timing-DECIMAL-D2-cal-classic9-arithmetic-d2-cal-p8-n18-b36-classic9-recorded-1,timing,DECIMAL-D2-cal-classic9-arithmetic,d2-cal-p8-n18-b36-classic9,crexx,adapter,D2-decNumber-p8-n18-b36,D,no,steady-adapter,recorded,1,27,5000000,344456000,,0,pass,,
timing-DECIMAL-D2-cal-classic9-arithmetic-d2-cal-p8-n18-b64-classic9-recorded-1,timing,DECIMAL-D2-cal-classic9-arithmetic,d2-cal-p8-n18-b64-classic9,crexx,adapter,D2-decNumber-p8-n18-b64,D,no,steady-adapter,recorded,1,28,5000000,340386000,,0,pass,,
timing-DECIMAL-D2-cal-classic9-arithmetic-d2-cal-p8-n18-b128-classic9-recorded-1,timing,DECIMAL-D2-cal-classic9-arithmetic,d2-cal-p8-n18-b128-classic9,crexx,adapter,D2-decNumber-p8-n18-b128,D,no,steady-adapter,recorded,1,29,5000000,359172000,,0,pass,,
timing-DECIMAL-D2-cal-classic9-arithmetic-d2-cal-p8-n34-b20-classic9-recorded-1,timing,DECIMAL-D2-cal-classic9-arithmetic,d2-cal-p8-n34-b20-classic9,crexx,adapter,D2-decNumber-p8-n34-b20,D,no,steady-adapter,recorded,1,30,5000000,364062000,,0,pass,,
timing-DECIMAL-D2-cal-classic9-arithmetic-d2-cal-p8-n34-b36-classic9-recorded-1,timing,DECIMAL-D2-cal-classic9-arithmetic,d2-cal-p8-n34-b36-classic9,crexx,adapter,D2-decNumber-p8-n34-b36,D,no,steady-adapter,recorded,1,31,5000000,343382000,,0,pass,,
timing-DECIMAL-D2-cal-classic9-arithmetic-d2-cal-p8-n34-b64-classic9-recorded-1,timing,DECIMAL-D2-cal-classic9-arithmetic,d2-cal-p8-n34-b64-classic9,crexx,adapter,D2-decNumber-p8-n34-b64,D,no,steady-adapter,recorded,1,32,5000000,348113000,,0,pass,,
timing-DECIMAL-D2-cal-classic9-arithmetic-d2-cal-p8-n34-b128-classic9-recorded-1,timing,DECIMAL-D2-cal-classic9-arithmetic,d2-cal-p8-n34-b128-classic9,crexx,adapter,D2-decNumber-p8-n34-b128,D,no,steady-adapter,recorded,1,33,5000000,349947000,,0,pass,,
timing-DECIMAL-D2-cal-classic9-arithmetic-d2-cal-p8-n64-b20-classic9-recorded-1,timing,DECIMAL-D2-cal-classic9-arithmetic,d2-cal-p8-n64-b20-classic9,crexx,adapter,D2-decNumber-p8-n64-b20,D,no,steady-adapter,recorded,1,34,5000000,348235000,,0,pass,,
timing-DECIMAL-D2-cal-classic9-arithmetic-d2-cal-p8-n64-b36-classic9-recorded-1,timing,DECIMAL-D2-cal-classic9-arithmetic,d2-cal-p8-n64-b36-classic9,crexx,adapter,D2-decNumber-p8-n64-b36,D,no,steady-adapter,recorded,1,35,5000000,346533000,,0,pass,,
timing-DECIMAL-D2-cal-classic9-arithmetic-d2-cal-p8-n64-b64-classic9-recorded-1,timing,DECIMAL-D2-cal-classic9-arithmetic,d2-cal-p8-n64-b64-classic9,crexx,adapter,D2-decNumber-p8-n64-b64,D,no,steady-adapter,recorded,1,36,5000000,350040000,,0,pass,,
timing-DECIMAL-D2-cal-classic9-arithmetic-d2-cal-p8-n64-b128-classic9-recorded-1,timing,DECIMAL-D2-cal-classic9-arithmetic,d2-cal-p8-n64-b128-classic9,crexx,adapter,D2-decNumber-p8-n64-b128,D,no,steady-adapter,recorded,1,37,5000000,353068000,,0,pass,,
timing-DECIMAL-D2-cal-classic9-arithmetic-d2-cal-p9-n18-b20-classic9-recorded-1,timing,DECIMAL-D2-cal-classic9-arithmetic,d2-cal-p9-n18-b20-classic9,crexx,adapter,D2-decNumber-p9-n18-b20,D,no,steady-adapter,recorded,1,38,5000000,370711000,,0,pass,,
timing-DECIMAL-D2-cal-classic9-arithmetic-d2-cal-p9-n18-b36-classic9-recorded-1,timing,DECIMAL-D2-cal-classic9-arithmetic,d2-cal-p9-n18-b36-classic9,crexx,adapter,D2-decNumber-p9-n18-b36,D,no,steady-adapter,recorded,1,39,5000000,352890000,,0,pass,,
timing-DECIMAL-D2-cal-classic9-arithmetic-d2-cal-p9-n18-b64-classic9-recorded-1,timing,DECIMAL-D2-cal-classic9-arithmetic,d2-cal-p9-n18-b64-classic9,crexx,adapter,D2-decNumber-p9-n18-b64,D,no,steady-adapter,recorded,1,40,5000000,365443000,,0,pass,,
timing-DECIMAL-D2-cal-classic9-arithmetic-d2-cal-p9-n18-b128-classic9-recorded-1,timing,DECIMAL-D2-cal-classic9-arithmetic,d2-cal-p9-n18-b128-classic9,crexx,adapter,D2-decNumber-p9-n18-b128,D,no,steady-adapter,recorded,1,41,5000000,372052000,,0,pass,,
timing-DECIMAL-D2-cal-classic9-arithmetic-d2-cal-p9-n34-b20-classic9-recorded-1,timing,DECIMAL-D2-cal-classic9-arithmetic,d2-cal-p9-n34-b20-classic9,crexx,adapter,D2-decNumber-p9-n34-b20,D,no,steady-adapter,recorded,1,42,5000000,360376000,,0,pass,,
timing-DECIMAL-D2-cal-classic9-arithmetic-d2-cal-p9-n34-b36-classic9-recorded-1,timing,DECIMAL-D2-cal-classic9-arithmetic,d2-cal-p9-n34-b36-classic9,crexx,adapter,D2-decNumber-p9-n34-b36,D,no,steady-adapter,recorded,1,43,5000000,357307000,,0,pass,,
timing-DECIMAL-D2-cal-classic9-arithmetic-d2-cal-p9-n34-b64-classic9-recorded-1,timing,DECIMAL-D2-cal-classic9-arithmetic,d2-cal-p9-n34-b64-classic9,crexx,adapter,D2-decNumber-p9-n34-b64,D,no,steady-adapter,recorded,1,44,5000000,374235000,,0,pass,,
timing-DECIMAL-D2-cal-classic9-arithmetic-d2-cal-p9-n34-b128-classic9-recorded-1,timing,DECIMAL-D2-cal-classic9-arithmetic,d2-cal-p9-n34-b128-classic9,crexx,adapter,D2-decNumber-p9-n34-b128,D,no,steady-adapter,recorded,1,45,5000000,377572000,,0,pass,,
timing-DECIMAL-D2-cal-classic9-arithmetic-d2-cal-p9-n64-b20-classic9-recorded-1,timing,DECIMAL-D2-cal-classic9-arithmetic,d2-cal-p9-n64-b20-classic9,crexx,adapter,D2-decNumber-p9-n64-b20,D,no,steady-adapter,recorded,1,46,5000000,357289000,,0,pass,,
timing-DECIMAL-D2-cal-classic9-arithmetic-d2-cal-p9-n64-b36-classic9-recorded-1,timing,DECIMAL-D2-cal-classic9-arithmetic,d2-cal-p9-n64-b36-classic9,crexx,adapter,D2-decNumber-p9-n64-b36,D,no,steady-adapter,recorded,1,47,5000000,366587000,,0,pass,,
timing-DECIMAL-D2-cal-classic9-arithmetic-d2-cal-p9-n64-b64-classic9-recorded-1,timing,DECIMAL-D2-cal-classic9-arithmetic,d2-cal-p9-n64-b64-classic9,crexx,adapter,D2-decNumber-p9-n64-b64,D,no,steady-adapter,recorded,1,48,5000000,372143000,,0,pass,,
timing-DECIMAL-D2-cal-classic9-arithmetic-d2-cal-p9-n64-b128-classic9-recorded-1,timing,DECIMAL-D2-cal-classic9-arithmetic,d2-cal-p9-n64-b128-classic9,crexx,adapter,D2-decNumber-p9-n64-b128,D,no,steady-adapter,recorded,1,49,5000000,371072000,,0,pass,,
timing-DECIMAL-D2-cal-classic9-arithmetic-d2-cal-p9-n64-b128-classic9-recorded-2,timing,DECIMAL-D2-cal-classic9-arithmetic,d2-cal-p9-n64-b128-classic9,crexx,adapter,D2-decNumber-p9-n64-b128,D,no,steady-adapter,recorded,2,1,5000000,368250000,,0,pass,,
timing-DECIMAL-D2-cal-classic9-arithmetic-d2-cal-p9-n64-b64-classic9-recorded-2,timing,DECIMAL-D2-cal-classic9-arithmetic,d2-cal-p9-n64-b64-classic9,crexx,adapter,D2-decNumber-p9-n64-b64,D,no,steady-adapter,recorded,2,2,5000000,346602000,,0,pass,,
timing-DECIMAL-D2-cal-classic9-arithmetic-d2-cal-p9-n64-b36-classic9-recorded-2,timing,DECIMAL-D2-cal-classic9-arithmetic,d2-cal-p9-n64-b36-classic9,crexx,adapter,D2-decNumber-p9-n64-b36,D,no,steady-adapter,recorded,2,3,5000000,361377000,,0,pass,,
timing-DECIMAL-D2-cal-classic9-arithmetic-d2-cal-p9-n64-b20-classic9-recorded-2,timing,DECIMAL-D2-cal-classic9-arithmetic,d2-cal-p9-n64-b20-classic9,crexx,adapter,D2-decNumber-p9-n64-b20,D,no,steady-adapter,recorded,2,4,5000000,357618000,,0,pass,,
timing-DECIMAL-D2-cal-classic9-arithmetic-d2-cal-p9-n34-b128-classic9-recorded-2,timing,DECIMAL-D2-cal-classic9-arithmetic,d2-cal-p9-n34-b128-classic9,crexx,adapter,D2-decNumber-p9-n34-b128,D,no,steady-adapter,recorded,2,5,5000000,346518000,,0,pass,,
timing-DECIMAL-D2-cal-classic9-arithmetic-d2-cal-p9-n34-b64-classic9-recorded-2,timing,DECIMAL-D2-cal-classic9-arithmetic,d2-cal-p9-n34-b64-classic9,crexx,adapter,D2-decNumber-p9-n34-b64,D,no,steady-adapter,recorded,2,6,5000000,349232000,,0,pass,,
timing-DECIMAL-D2-cal-classic9-arithmetic-d2-cal-p9-n34-b36-classic9-recorded-2,timing,DECIMAL-D2-cal-classic9-arithmetic,d2-cal-p9-n34-b36-classic9,crexx,adapter,D2-decNumber-p9-n34-b36,D,no,steady-adapter,recorded,2,7,5000000,358224000,,0,pass,,
timing-DECIMAL-D2-cal-classic9-arithmetic-d2-cal-p9-n34-b20-classic9-recorded-2,timing,DECIMAL-D2-cal-classic9-arithmetic,d2-cal-p9-n34-b20-classic9,crexx,adapter,D2-decNumber-p9-n34-b20,D,no,steady-adapter,recorded,2,8,5000000,363297000,,0,pass,,
timing-DECIMAL-D2-cal-classic9-arithmetic-d2-cal-p9-n18-b128-classic9-recorded-2,timing,DECIMAL-D2-cal-classic9-arithmetic,d2-cal-p9-n18-b128-classic9,crexx,adapter,D2-decNumber-p9-n18-b128,D,no,steady-adapter,recorded,2,9,5000000,360136000,,0,pass,,
timing-DECIMAL-D2-cal-classic9-arithmetic-d2-cal-p9-n18-b64-classic9-recorded-2,timing,DECIMAL-D2-cal-classic9-arithmetic,d2-cal-p9-n18-b64-classic9,crexx,adapter,D2-decNumber-p9-n18-b64,D,no,steady-adapter,recorded,2,10,5000000,358097000,,0,pass,,
timing-DECIMAL-D2-cal-classic9-arithmetic-d2-cal-p9-n18-b36-classic9-recorded-2,timing,DECIMAL-D2-cal-classic9-arithmetic,d2-cal-p9-n18-b36-classic9,crexx,adapter,D2-decNumber-p9-n18-b36,D,no,steady-adapter,recorded,2,11,5000000,362433000,,0,pass,,
timing-DECIMAL-D2-cal-classic9-arithmetic-d2-cal-p9-n18-b20-classic9-recorded-2,timing,DECIMAL-D2-cal-classic9-arithmetic,d2-cal-p9-n18-b20-classic9,crexx,adapter,D2-decNumber-p9-n18-b20,D,no,steady-adapter,recorded,2,12,5000000,357402000,,0,pass,,
timing-DECIMAL-D2-cal-classic9-arithmetic-d2-cal-p8-n64-b128-classic9-recorded-2,timing,DECIMAL-D2-cal-classic9-arithmetic,d2-cal-p8-n64-b128-classic9,crexx,adapter,D2-decNumber-p8-n64-b128,D,no,steady-adapter,recorded,2,13,5000000,358248000,,0,pass,,
timing-DECIMAL-D2-cal-classic9-arithmetic-d2-cal-p8-n64-b64-classic9-recorded-2,timing,DECIMAL-D2-cal-classic9-arithmetic,d2-cal-p8-n64-b64-classic9,crexx,adapter,D2-decNumber-p8-n64-b64,D,no,steady-adapter,recorded,2,14,5000000,349929000,,0,pass,,
timing-DECIMAL-D2-cal-classic9-arithmetic-d2-cal-p8-n64-b36-classic9-recorded-2,timing,DECIMAL-D2-cal-classic9-arithmetic,d2-cal-p8-n64-b36-classic9,crexx,adapter,D2-decNumber-p8-n64-b36,D,no,steady-adapter,recorded,2,15,5000000,348270000,,0,pass,,
timing-DECIMAL-D2-cal-classic9-arithmetic-d2-cal-p8-n64-b20-classic9-recorded-2,timing,DECIMAL-D2-cal-classic9-arithmetic,d2-cal-p8-n64-b20-classic9,crexx,adapter,D2-decNumber-p8-n64-b20,D,no,steady-adapter,recorded,2,16,5000000,353265000,,0,pass,,
timing-DECIMAL-D2-cal-classic9-arithmetic-d2-cal-p8-n34-b128-classic9-recorded-2,timing,DECIMAL-D2-cal-classic9-arithmetic,d2-cal-p8-n34-b128-classic9,crexx,adapter,D2-decNumber-p8-n34-b128,D,no,steady-adapter,recorded,2,17,5000000,354916000,,0,pass,,
timing-DECIMAL-D2-cal-classic9-arithmetic-d2-cal-p8-n34-b64-classic9-recorded-2,timing,DECIMAL-D2-cal-classic9-arithmetic,d2-cal-p8-n34-b64-classic9,crexx,adapter,D2-decNumber-p8-n34-b64,D,no,steady-adapter,recorded,2,18,5000000,351592000,,0,pass,,
timing-DECIMAL-D2-cal-classic9-arithmetic-d2-cal-p8-n34-b36-classic9-recorded-2,timing,DECIMAL-D2-cal-classic9-arithmetic,d2-cal-p8-n34-b36-classic9,crexx,adapter,D2-decNumber-p8-n34-b36,D,no,steady-adapter,recorded,2,19,5000000,364923000,,0,pass,,
timing-DECIMAL-D2-cal-classic9-arithmetic-d2-cal-p8-n34-b20-classic9-recorded-2,timing,DECIMAL-D2-cal-classic9-arithmetic,d2-cal-p8-n34-b20-classic9,crexx,adapter,D2-decNumber-p8-n34-b20,D,no,steady-adapter,recorded,2,20,5000000,343976000,,0,pass,,
timing-DECIMAL-D2-cal-classic9-arithmetic-d2-cal-p8-n18-b128-classic9-recorded-2,timing,DECIMAL-D2-cal-classic9-arithmetic,d2-cal-p8-n18-b128-classic9,crexx,adapter,D2-decNumber-p8-n18-b128,D,no,steady-adapter,recorded,2,21,5000000,350891000,,0,pass,,
timing-DECIMAL-D2-cal-classic9-arithmetic-d2-cal-p8-n18-b64-classic9-recorded-2,timing,DECIMAL-D2-cal-classic9-arithmetic,d2-cal-p8-n18-b64-classic9,crexx,adapter,D2-decNumber-p8-n18-b64,D,no,steady-adapter,recorded,2,22,5000000,356580000,,0,pass,,
timing-DECIMAL-D2-cal-classic9-arithmetic-d2-cal-p8-n18-b36-classic9-recorded-2,timing,DECIMAL-D2-cal-classic9-arithmetic,d2-cal-p8-n18-b36-classic9,crexx,adapter,D2-decNumber-p8-n18-b36,D,no,steady-adapter,recorded,2,23,5000000,346609000,,0,pass,,
timing-DECIMAL-D2-cal-classic9-arithmetic-d2-cal-p8-n18-b20-classic9-recorded-2,timing,DECIMAL-D2-cal-classic9-arithmetic,d2-cal-p8-n18-b20-classic9,crexx,adapter,D2-decNumber-p8-n18-b20,D,no,steady-adapter,recorded,2,24,5000000,349972000,,0,pass,,
timing-DECIMAL-D2-cal-classic9-arithmetic-d2-cal-p4-n64-b128-classic9-recorded-2,timing,DECIMAL-D2-cal-classic9-arithmetic,d2-cal-p4-n64-b128-classic9,crexx,adapter,D2-decNumber-p4-n64-b128,D,no,steady-adapter,recorded,2,25,5000000,444912000,,0,pass,,
timing-DECIMAL-D2-cal-classic9-arithmetic-d2-cal-p4-n64-b64-classic9-recorded-2,timing,DECIMAL-D2-cal-classic9-arithmetic,d2-cal-p4-n64-b64-classic9,crexx,adapter,D2-decNumber-p4-n64-b64,D,no,steady-adapter,recorded,2,26,5000000,427293000,,0,pass,,
timing-DECIMAL-D2-cal-classic9-arithmetic-d2-cal-p4-n64-b36-classic9-recorded-2,timing,DECIMAL-D2-cal-classic9-arithmetic,d2-cal-p4-n64-b36-classic9,crexx,adapter,D2-decNumber-p4-n64-b36,D,no,steady-adapter,recorded,2,27,5000000,439228000,,0,pass,,
timing-DECIMAL-D2-cal-classic9-arithmetic-d2-cal-p4-n64-b20-classic9-recorded-2,timing,DECIMAL-D2-cal-classic9-arithmetic,d2-cal-p4-n64-b20-classic9,crexx,adapter,D2-decNumber-p4-n64-b20,D,no,steady-adapter,recorded,2,28,5000000,446873000,,0,pass,,
timing-DECIMAL-D2-cal-classic9-arithmetic-d2-cal-p4-n34-b128-classic9-recorded-2,timing,DECIMAL-D2-cal-classic9-arithmetic,d2-cal-p4-n34-b128-classic9,crexx,adapter,D2-decNumber-p4-n34-b128,D,no,steady-adapter,recorded,2,29,5000000,457971000,,0,pass,,
timing-DECIMAL-D2-cal-classic9-arithmetic-d2-cal-p4-n34-b64-classic9-recorded-2,timing,DECIMAL-D2-cal-classic9-arithmetic,d2-cal-p4-n34-b64-classic9,crexx,adapter,D2-decNumber-p4-n34-b64,D,no,steady-adapter,recorded,2,30,5000000,435593000,,0,pass,,
timing-DECIMAL-D2-cal-classic9-arithmetic-d2-cal-p4-n34-b36-classic9-recorded-2,timing,DECIMAL-D2-cal-classic9-arithmetic,d2-cal-p4-n34-b36-classic9,crexx,adapter,D2-decNumber-p4-n34-b36,D,no,steady-adapter,recorded,2,31,5000000,432594000,,0,pass,,
timing-DECIMAL-D2-cal-classic9-arithmetic-d2-cal-p4-n34-b20-classic9-recorded-2,timing,DECIMAL-D2-cal-classic9-arithmetic,d2-cal-p4-n34-b20-classic9,crexx,adapter,D2-decNumber-p4-n34-b20,D,no,steady-adapter,recorded,2,32,5000000,433280000,,0,pass,,
timing-DECIMAL-D2-cal-classic9-arithmetic-d2-cal-p4-n18-b128-classic9-recorded-2,timing,DECIMAL-D2-cal-classic9-arithmetic,d2-cal-p4-n18-b128-classic9,crexx,adapter,D2-decNumber-p4-n18-b128,D,no,steady-adapter,recorded,2,33,5000000,427342000,,0,pass,,
timing-DECIMAL-D2-cal-classic9-arithmetic-d2-cal-p4-n18-b64-classic9-recorded-2,timing,DECIMAL-D2-cal-classic9-arithmetic,d2-cal-p4-n18-b64-classic9,crexx,adapter,D2-decNumber-p4-n18-b64,D,no,steady-adapter,recorded,2,34,5000000,437498000,,0,pass,,
timing-DECIMAL-D2-cal-classic9-arithmetic-d2-cal-p4-n18-b36-classic9-recorded-2,timing,DECIMAL-D2-cal-classic9-arithmetic,d2-cal-p4-n18-b36-classic9,crexx,adapter,D2-decNumber-p4-n18-b36,D,no,steady-adapter,recorded,2,35,5000000,445893000,,0,pass,,
timing-DECIMAL-D2-cal-classic9-arithmetic-d2-cal-p4-n18-b20-classic9-recorded-2,timing,DECIMAL-D2-cal-classic9-arithmetic,d2-cal-p4-n18-b20-classic9,crexx,adapter,D2-decNumber-p4-n18-b20,D,no,steady-adapter,recorded,2,36,5000000,440990000,,0,pass,,
timing-DECIMAL-D2-cal-classic9-arithmetic-d2-cal-p3-n64-b128-classic9-recorded-2,timing,DECIMAL-D2-cal-classic9-arithmetic,d2-cal-p3-n64-b128-classic9,crexx,adapter,D2-decNumber-p3-n64-b128,D,no,steady-adapter,recorded,2,37,5000000,516252000,,0,pass,,
timing-DECIMAL-D2-cal-classic9-arithmetic-d2-cal-p3-n64-b64-classic9-recorded-2,timing,DECIMAL-D2-cal-classic9-arithmetic,d2-cal-p3-n64-b64-classic9,crexx,adapter,D2-decNumber-p3-n64-b64,D,no,steady-adapter,recorded,2,38,5000000,524938000,,0,pass,,
timing-DECIMAL-D2-cal-classic9-arithmetic-d2-cal-p3-n64-b36-classic9-recorded-2,timing,DECIMAL-D2-cal-classic9-arithmetic,d2-cal-p3-n64-b36-classic9,crexx,adapter,D2-decNumber-p3-n64-b36,D,no,steady-adapter,recorded,2,39,5000000,504887000,,0,pass,,
timing-DECIMAL-D2-cal-classic9-arithmetic-d2-cal-p3-n64-b20-classic9-recorded-2,timing,DECIMAL-D2-cal-classic9-arithmetic,d2-cal-p3-n64-b20-classic9,crexx,adapter,D2-decNumber-p3-n64-b20,D,no,steady-adapter,recorded,2,40,5000000,511607000,,0,pass,,
timing-DECIMAL-D2-cal-classic9-arithmetic-d2-cal-p3-n34-b128-classic9-recorded-2,timing,DECIMAL-D2-cal-classic9-arithmetic,d2-cal-p3-n34-b128-classic9,crexx,adapter,D2-decNumber-p3-n34-b128,D,no,steady-adapter,recorded,2,41,5000000,503179000,,0,pass,,
timing-DECIMAL-D2-cal-classic9-arithmetic-d2-cal-p3-n34-b64-classic9-recorded-2,timing,DECIMAL-D2-cal-classic9-arithmetic,d2-cal-p3-n34-b64-classic9,crexx,adapter,D2-decNumber-p3-n34-b64,D,no,steady-adapter,recorded,2,42,5000000,513336000,,0,pass,,
timing-DECIMAL-D2-cal-classic9-arithmetic-d2-cal-p3-n34-b36-classic9-recorded-2,timing,DECIMAL-D2-cal-classic9-arithmetic,d2-cal-p3-n34-b36-classic9,crexx,adapter,D2-decNumber-p3-n34-b36,D,no,steady-adapter,recorded,2,43,5000000,523243000,,0,pass,,
timing-DECIMAL-D2-cal-classic9-arithmetic-d2-cal-p3-n34-b20-classic9-recorded-2,timing,DECIMAL-D2-cal-classic9-arithmetic,d2-cal-p3-n34-b20-classic9,crexx,adapter,D2-decNumber-p3-n34-b20,D,no,steady-adapter,recorded,2,44,5000000,526612000,,0,pass,,
timing-DECIMAL-D2-cal-classic9-arithmetic-d2-cal-p3-n18-b128-classic9-recorded-2,timing,DECIMAL-D2-cal-classic9-arithmetic,d2-cal-p3-n18-b128-classic9,crexx,adapter,D2-decNumber-p3-n18-b128,D,no,steady-adapter,recorded,2,45,5000000,503240000,,0,pass,,
timing-DECIMAL-D2-cal-classic9-arithmetic-d2-cal-p3-n18-b64-classic9-recorded-2,timing,DECIMAL-D2-cal-classic9-arithmetic,d2-cal-p3-n18-b64-classic9,crexx,adapter,D2-decNumber-p3-n18-b64,D,no,steady-adapter,recorded,2,46,5000000,520671000,,0,pass,,
timing-DECIMAL-D2-cal-classic9-arithmetic-d2-cal-p3-n18-b36-classic9-recorded-2,timing,DECIMAL-D2-cal-classic9-arithmetic,d2-cal-p3-n18-b36-classic9,crexx,adapter,D2-decNumber-p3-n18-b36,D,no,steady-adapter,recorded,2,47,5000000,531376000,,0,pass,,
timing-DECIMAL-D2-cal-classic9-arithmetic-d2-cal-p3-n18-b20-classic9-recorded-2,timing,DECIMAL-D2-cal-classic9-arithmetic,d2-cal-p3-n18-b20-classic9,crexx,adapter,D2-decNumber-p3-n18-b20,D,no,steady-adapter,recorded,2,48,5000000,517708000,,0,pass,,
timing-DECIMAL-D2-cal-classic9-arithmetic-d2-cal-current-classic9-recorded-2,timing,DECIMAL-D2-cal-classic9-arithmetic,d2-cal-current-classic9,crexx,adapter,D0-mc-current,D,no,steady-adapter,recorded,2,49,5000000,342352000,,0,pass,,
timing-DECIMAL-D2-cal-classic9-arithmetic-d2-cal-p3-n18-b36-classic9-recorded-3,timing,DECIMAL-D2-cal-classic9-arithmetic,d2-cal-p3-n18-b36-classic9,crexx,adapter,D2-decNumber-p3-n18-b36,D,no,steady-adapter,recorded,3,1,5000000,500863000,,0,pass,,
timing-DECIMAL-D2-cal-classic9-arithmetic-d2-cal-p3-n18-b64-classic9-recorded-3,timing,DECIMAL-D2-cal-classic9-arithmetic,d2-cal-p3-n18-b64-classic9,crexx,adapter,D2-decNumber-p3-n18-b64,D,no,steady-adapter,recorded,3,2,5000000,508219000,,0,pass,,
timing-DECIMAL-D2-cal-classic9-arithmetic-d2-cal-p3-n18-b128-classic9-recorded-3,timing,DECIMAL-D2-cal-classic9-arithmetic,d2-cal-p3-n18-b128-classic9,crexx,adapter,D2-decNumber-p3-n18-b128,D,no,steady-adapter,recorded,3,3,5000000,498273000,,0,pass,,
timing-DECIMAL-D2-cal-classic9-arithmetic-d2-cal-p3-n34-b20-classic9-recorded-3,timing,DECIMAL-D2-cal-classic9-arithmetic,d2-cal-p3-n34-b20-classic9,crexx,adapter,D2-decNumber-p3-n34-b20,D,no,steady-adapter,recorded,3,4,5000000,522880000,,0,pass,,
timing-DECIMAL-D2-cal-classic9-arithmetic-d2-cal-p3-n34-b36-classic9-recorded-3,timing,DECIMAL-D2-cal-classic9-arithmetic,d2-cal-p3-n34-b36-classic9,crexx,adapter,D2-decNumber-p3-n34-b36,D,no,steady-adapter,recorded,3,5,5000000,514269000,,0,pass,,
timing-DECIMAL-D2-cal-classic9-arithmetic-d2-cal-p3-n34-b64-classic9-recorded-3,timing,DECIMAL-D2-cal-classic9-arithmetic,d2-cal-p3-n34-b64-classic9,crexx,adapter,D2-decNumber-p3-n34-b64,D,no,steady-adapter,recorded,3,6,5000000,514878000,,0,pass,,
timing-DECIMAL-D2-cal-classic9-arithmetic-d2-cal-p3-n34-b128-classic9-recorded-3,timing,DECIMAL-D2-cal-classic9-arithmetic,d2-cal-p3-n34-b128-classic9,crexx,adapter,D2-decNumber-p3-n34-b128,D,no,steady-adapter,recorded,3,7,5000000,513028000,,0,pass,,
timing-DECIMAL-D2-cal-classic9-arithmetic-d2-cal-p3-n64-b20-classic9-recorded-3,timing,DECIMAL-D2-cal-classic9-arithmetic,d2-cal-p3-n64-b20-classic9,crexx,adapter,D2-decNumber-p3-n64-b20,D,no,steady-adapter,recorded,3,8,5000000,512897000,,0,pass,,
timing-DECIMAL-D2-cal-classic9-arithmetic-d2-cal-p3-n64-b36-classic9-recorded-3,timing,DECIMAL-D2-cal-classic9-arithmetic,d2-cal-p3-n64-b36-classic9,crexx,adapter,D2-decNumber-p3-n64-b36,D,no,steady-adapter,recorded,3,9,5000000,506576000,,0,pass,,
timing-DECIMAL-D2-cal-classic9-arithmetic-d2-cal-p3-n64-b64-classic9-recorded-3,timing,DECIMAL-D2-cal-classic9-arithmetic,d2-cal-p3-n64-b64-classic9,crexx,adapter,D2-decNumber-p3-n64-b64,D,no,steady-adapter,recorded,3,10,5000000,514918000,,0,pass,,
timing-DECIMAL-D2-cal-classic9-arithmetic-d2-cal-p3-n64-b128-classic9-recorded-3,timing,DECIMAL-D2-cal-classic9-arithmetic,d2-cal-p3-n64-b128-classic9,crexx,adapter,D2-decNumber-p3-n64-b128,D,no,steady-adapter,recorded,3,11,5000000,516367000,,0,pass,,
timing-DECIMAL-D2-cal-classic9-arithmetic-d2-cal-p4-n18-b20-classic9-recorded-3,timing,DECIMAL-D2-cal-classic9-arithmetic,d2-cal-p4-n18-b20-classic9,crexx,adapter,D2-decNumber-p4-n18-b20,D,no,steady-adapter,recorded,3,12,5000000,446845000,,0,pass,,
timing-DECIMAL-D2-cal-classic9-arithmetic-d2-cal-p4-n18-b36-classic9-recorded-3,timing,DECIMAL-D2-cal-classic9-arithmetic,d2-cal-p4-n18-b36-classic9,crexx,adapter,D2-decNumber-p4-n18-b36,D,no,steady-adapter,recorded,3,13,5000000,459990000,,0,pass,,
timing-DECIMAL-D2-cal-classic9-arithmetic-d2-cal-p4-n18-b64-classic9-recorded-3,timing,DECIMAL-D2-cal-classic9-arithmetic,d2-cal-p4-n18-b64-classic9,crexx,adapter,D2-decNumber-p4-n18-b64,D,no,steady-adapter,recorded,3,14,5000000,434874000,,0,pass,,
timing-DECIMAL-D2-cal-classic9-arithmetic-d2-cal-p4-n18-b128-classic9-recorded-3,timing,DECIMAL-D2-cal-classic9-arithmetic,d2-cal-p4-n18-b128-classic9,crexx,adapter,D2-decNumber-p4-n18-b128,D,no,steady-adapter,recorded,3,15,5000000,438240000,,0,pass,,
timing-DECIMAL-D2-cal-classic9-arithmetic-d2-cal-p4-n34-b20-classic9-recorded-3,timing,DECIMAL-D2-cal-classic9-arithmetic,d2-cal-p4-n34-b20-classic9,crexx,adapter,D2-decNumber-p4-n34-b20,D,no,steady-adapter,recorded,3,16,5000000,449907000,,0,pass,,
timing-DECIMAL-D2-cal-classic9-arithmetic-d2-cal-p4-n34-b36-classic9-recorded-3,timing,DECIMAL-D2-cal-classic9-arithmetic,d2-cal-p4-n34-b36-classic9,crexx,adapter,D2-decNumber-p4-n34-b36,D,no,steady-adapter,recorded,3,17,5000000,443322000,,0,pass,,
timing-DECIMAL-D2-cal-classic9-arithmetic-d2-cal-p4-n34-b64-classic9-recorded-3,timing,DECIMAL-D2-cal-classic9-arithmetic,d2-cal-p4-n34-b64-classic9,crexx,adapter,D2-decNumber-p4-n34-b64,D,no,steady-adapter,recorded,3,18,5000000,436567000,,0,pass,,
timing-DECIMAL-D2-cal-classic9-arithmetic-d2-cal-p4-n34-b128-classic9-recorded-3,timing,DECIMAL-D2-cal-classic9-arithmetic,d2-cal-p4-n34-b128-classic9,crexx,adapter,D2-decNumber-p4-n34-b128,D,no,steady-adapter,recorded,3,19,5000000,456564000,,0,pass,,
timing-DECIMAL-D2-cal-classic9-arithmetic-d2-cal-p4-n64-b20-classic9-recorded-3,timing,DECIMAL-D2-cal-classic9-arithmetic,d2-cal-p4-n64-b20-classic9,crexx,adapter,D2-decNumber-p4-n64-b20,D,no,steady-adapter,recorded,3,20,5000000,474661000,,0,pass,,
timing-DECIMAL-D2-cal-classic9-arithmetic-d2-cal-p4-n64-b36-classic9-recorded-3,timing,DECIMAL-D2-cal-classic9-arithmetic,d2-cal-p4-n64-b36-classic9,crexx,adapter,D2-decNumber-p4-n64-b36,D,no,steady-adapter,recorded,3,21,5000000,451871000,,0,pass,,
timing-DECIMAL-D2-cal-classic9-arithmetic-d2-cal-p4-n64-b64-classic9-recorded-3,timing,DECIMAL-D2-cal-classic9-arithmetic,d2-cal-p4-n64-b64-classic9,crexx,adapter,D2-decNumber-p4-n64-b64,D,no,steady-adapter,recorded,3,22,5000000,447381000,,0,pass,,
timing-DECIMAL-D2-cal-classic9-arithmetic-d2-cal-p4-n64-b128-classic9-recorded-3,timing,DECIMAL-D2-cal-classic9-arithmetic,d2-cal-p4-n64-b128-classic9,crexx,adapter,D2-decNumber-p4-n64-b128,D,no,steady-adapter,recorded,3,23,5000000,435553000,,0,pass,,
timing-DECIMAL-D2-cal-classic9-arithmetic-d2-cal-p8-n18-b20-classic9-recorded-3,timing,DECIMAL-D2-cal-classic9-arithmetic,d2-cal-p8-n18-b20-classic9,crexx,adapter,D2-decNumber-p8-n18-b20,D,no,steady-adapter,recorded,3,24,5000000,361963000,,0,pass,,
timing-DECIMAL-D2-cal-classic9-arithmetic-d2-cal-p8-n18-b36-classic9-recorded-3,timing,DECIMAL-D2-cal-classic9-arithmetic,d2-cal-p8-n18-b36-classic9,crexx,adapter,D2-decNumber-p8-n18-b36,D,no,steady-adapter,recorded,3,25,5000000,364094000,,0,pass,,
timing-DECIMAL-D2-cal-classic9-arithmetic-d2-cal-p8-n18-b64-classic9-recorded-3,timing,DECIMAL-D2-cal-classic9-arithmetic,d2-cal-p8-n18-b64-classic9,crexx,adapter,D2-decNumber-p8-n18-b64,D,no,steady-adapter,recorded,3,26,5000000,364642000,,0,pass,,
timing-DECIMAL-D2-cal-classic9-arithmetic-d2-cal-p8-n18-b128-classic9-recorded-3,timing,DECIMAL-D2-cal-classic9-arithmetic,d2-cal-p8-n18-b128-classic9,crexx,adapter,D2-decNumber-p8-n18-b128,D,no,steady-adapter,recorded,3,27,5000000,348911000,,0,pass,,
timing-DECIMAL-D2-cal-classic9-arithmetic-d2-cal-p8-n34-b20-classic9-recorded-3,timing,DECIMAL-D2-cal-classic9-arithmetic,d2-cal-p8-n34-b20-classic9,crexx,adapter,D2-decNumber-p8-n34-b20,D,no,steady-adapter,recorded,3,28,5000000,360674000,,0,pass,,
timing-DECIMAL-D2-cal-classic9-arithmetic-d2-cal-p8-n34-b36-classic9-recorded-3,timing,DECIMAL-D2-cal-classic9-arithmetic,d2-cal-p8-n34-b36-classic9,crexx,adapter,D2-decNumber-p8-n34-b36,D,no,steady-adapter,recorded,3,29,5000000,351192000,,0,pass,,
timing-DECIMAL-D2-cal-classic9-arithmetic-d2-cal-p8-n34-b64-classic9-recorded-3,timing,DECIMAL-D2-cal-classic9-arithmetic,d2-cal-p8-n34-b64-classic9,crexx,adapter,D2-decNumber-p8-n34-b64,D,no,steady-adapter,recorded,3,30,5000000,348300000,,0,pass,,
timing-DECIMAL-D2-cal-classic9-arithmetic-d2-cal-p8-n34-b128-classic9-recorded-3,timing,DECIMAL-D2-cal-classic9-arithmetic,d2-cal-p8-n34-b128-classic9,crexx,adapter,D2-decNumber-p8-n34-b128,D,no,steady-adapter,recorded,3,31,5000000,354906000,,0,pass,,
timing-DECIMAL-D2-cal-classic9-arithmetic-d2-cal-p8-n64-b20-classic9-recorded-3,timing,DECIMAL-D2-cal-classic9-arithmetic,d2-cal-p8-n64-b20-classic9,crexx,adapter,D2-decNumber-p8-n64-b20,D,no,steady-adapter,recorded,3,32,5000000,346591000,,0,pass,,
timing-DECIMAL-D2-cal-classic9-arithmetic-d2-cal-p8-n64-b36-classic9-recorded-3,timing,DECIMAL-D2-cal-classic9-arithmetic,d2-cal-p8-n64-b36-classic9,crexx,adapter,D2-decNumber-p8-n64-b36,D,no,steady-adapter,recorded,3,33,5000000,345078000,,0,pass,,
timing-DECIMAL-D2-cal-classic9-arithmetic-d2-cal-p8-n64-b64-classic9-recorded-3,timing,DECIMAL-D2-cal-classic9-arithmetic,d2-cal-p8-n64-b64-classic9,crexx,adapter,D2-decNumber-p8-n64-b64,D,no,steady-adapter,recorded,3,34,5000000,347082000,,0,pass,,
timing-DECIMAL-D2-cal-classic9-arithmetic-d2-cal-p8-n64-b128-classic9-recorded-3,timing,DECIMAL-D2-cal-classic9-arithmetic,d2-cal-p8-n64-b128-classic9,crexx,adapter,D2-decNumber-p8-n64-b128,D,no,steady-adapter,recorded,3,35,5000000,344476000,,0,pass,,
timing-DECIMAL-D2-cal-classic9-arithmetic-d2-cal-p9-n18-b20-classic9-recorded-3,timing,DECIMAL-D2-cal-classic9-arithmetic,d2-cal-p9-n18-b20-classic9,crexx,adapter,D2-decNumber-p9-n18-b20,D,no,steady-adapter,recorded,3,36,5000000,361338000,,0,pass,,
timing-DECIMAL-D2-cal-classic9-arithmetic-d2-cal-p9-n18-b36-classic9-recorded-3,timing,DECIMAL-D2-cal-classic9-arithmetic,d2-cal-p9-n18-b36-classic9,crexx,adapter,D2-decNumber-p9-n18-b36,D,no,steady-adapter,recorded,3,37,5000000,366664000,,0,pass,,
timing-DECIMAL-D2-cal-classic9-arithmetic-d2-cal-p9-n18-b64-classic9-recorded-3,timing,DECIMAL-D2-cal-classic9-arithmetic,d2-cal-p9-n18-b64-classic9,crexx,adapter,D2-decNumber-p9-n18-b64,D,no,steady-adapter,recorded,3,38,5000000,358248000,,0,pass,,
timing-DECIMAL-D2-cal-classic9-arithmetic-d2-cal-p9-n18-b128-classic9-recorded-3,timing,DECIMAL-D2-cal-classic9-arithmetic,d2-cal-p9-n18-b128-classic9,crexx,adapter,D2-decNumber-p9-n18-b128,D,no,steady-adapter,recorded,3,39,5000000,361609000,,0,pass,,
timing-DECIMAL-D2-cal-classic9-arithmetic-d2-cal-p9-n34-b20-classic9-recorded-3,timing,DECIMAL-D2-cal-classic9-arithmetic,d2-cal-p9-n34-b20-classic9,crexx,adapter,D2-decNumber-p9-n34-b20,D,no,steady-adapter,recorded,3,40,5000000,370571000,,0,pass,,
timing-DECIMAL-D2-cal-classic9-arithmetic-d2-cal-p9-n34-b36-classic9-recorded-3,timing,DECIMAL-D2-cal-classic9-arithmetic,d2-cal-p9-n34-b36-classic9,crexx,adapter,D2-decNumber-p9-n34-b36,D,no,steady-adapter,recorded,3,41,5000000,367620000,,0,pass,,
timing-DECIMAL-D2-cal-classic9-arithmetic-d2-cal-p9-n34-b64-classic9-recorded-3,timing,DECIMAL-D2-cal-classic9-arithmetic,d2-cal-p9-n34-b64-classic9,crexx,adapter,D2-decNumber-p9-n34-b64,D,no,steady-adapter,recorded,3,42,5000000,361581000,,0,pass,,
timing-DECIMAL-D2-cal-classic9-arithmetic-d2-cal-p9-n34-b128-classic9-recorded-3,timing,DECIMAL-D2-cal-classic9-arithmetic,d2-cal-p9-n34-b128-classic9,crexx,adapter,D2-decNumber-p9-n34-b128,D,no,steady-adapter,recorded,3,43,5000000,358148000,,0,pass,,
timing-DECIMAL-D2-cal-classic9-arithmetic-d2-cal-p9-n64-b20-classic9-recorded-3,timing,DECIMAL-D2-cal-classic9-arithmetic,d2-cal-p9-n64-b20-classic9,crexx,adapter,D2-decNumber-p9-n64-b20,D,no,steady-adapter,recorded,3,44,5000000,361707000,,0,pass,,
timing-DECIMAL-D2-cal-classic9-arithmetic-d2-cal-p9-n64-b36-classic9-recorded-3,timing,DECIMAL-D2-cal-classic9-arithmetic,d2-cal-p9-n64-b36-classic9,crexx,adapter,D2-decNumber-p9-n64-b36,D,no,steady-adapter,recorded,3,45,5000000,364934000,,0,pass,,
timing-DECIMAL-D2-cal-classic9-arithmetic-d2-cal-p9-n64-b64-classic9-recorded-3,timing,DECIMAL-D2-cal-classic9-arithmetic,d2-cal-p9-n64-b64-classic9,crexx,adapter,D2-decNumber-p9-n64-b64,D,no,steady-adapter,recorded,3,46,5000000,368323000,,0,pass,,
timing-DECIMAL-D2-cal-classic9-arithmetic-d2-cal-p9-n64-b128-classic9-recorded-3,timing,DECIMAL-D2-cal-classic9-arithmetic,d2-cal-p9-n64-b128-classic9,crexx,adapter,D2-decNumber-p9-n64-b128,D,no,steady-adapter,recorded,3,47,5000000,380551000,,0,pass,,
timing-DECIMAL-D2-cal-classic9-arithmetic-d2-cal-current-classic9-recorded-3,timing,DECIMAL-D2-cal-classic9-arithmetic,d2-cal-current-classic9,crexx,adapter,D0-mc-current,D,no,steady-adapter,recorded,3,48,5000000,342979000,,0,pass,,
timing-DECIMAL-D2-cal-classic9-arithmetic-d2-cal-p3-n18-b20-classic9-recorded-3,timing,DECIMAL-D2-cal-classic9-arithmetic,d2-cal-p3-n18-b20-classic9,crexx,adapter,D2-decNumber-p3-n18-b20,D,no,steady-adapter,recorded,3,49,5000000,516237000,,0,pass,,
timing-DECIMAL-D2-cal-classic9-arithmetic-d2-cal-p3-n18-b20-classic9-recorded-4,timing,DECIMAL-D2-cal-classic9-arithmetic,d2-cal-p3-n18-b20-classic9,crexx,adapter,D2-decNumber-p3-n18-b20,D,no,steady-adapter,recorded,4,1,5000000,520023000,,0,pass,,
timing-DECIMAL-D2-cal-classic9-arithmetic-d2-cal-current-classic9-recorded-4,timing,DECIMAL-D2-cal-classic9-arithmetic,d2-cal-current-classic9,crexx,adapter,D0-mc-current,D,no,steady-adapter,recorded,4,2,5000000,341464000,,0,pass,,
timing-DECIMAL-D2-cal-classic9-arithmetic-d2-cal-p9-n64-b128-classic9-recorded-4,timing,DECIMAL-D2-cal-classic9-arithmetic,d2-cal-p9-n64-b128-classic9,crexx,adapter,D2-decNumber-p9-n64-b128,D,no,steady-adapter,recorded,4,3,5000000,374939000,,0,pass,,
timing-DECIMAL-D2-cal-classic9-arithmetic-d2-cal-p9-n64-b64-classic9-recorded-4,timing,DECIMAL-D2-cal-classic9-arithmetic,d2-cal-p9-n64-b64-classic9,crexx,adapter,D2-decNumber-p9-n64-b64,D,no,steady-adapter,recorded,4,4,5000000,365193000,,0,pass,,
timing-DECIMAL-D2-cal-classic9-arithmetic-d2-cal-p9-n64-b36-classic9-recorded-4,timing,DECIMAL-D2-cal-classic9-arithmetic,d2-cal-p9-n64-b36-classic9,crexx,adapter,D2-decNumber-p9-n64-b36,D,no,steady-adapter,recorded,4,5,5000000,364682000,,0,pass,,
timing-DECIMAL-D2-cal-classic9-arithmetic-d2-cal-p9-n64-b20-classic9-recorded-4,timing,DECIMAL-D2-cal-classic9-arithmetic,d2-cal-p9-n64-b20-classic9,crexx,adapter,D2-decNumber-p9-n64-b20,D,no,steady-adapter,recorded,4,6,5000000,358237000,,0,pass,,
timing-DECIMAL-D2-cal-classic9-arithmetic-d2-cal-p9-n34-b128-classic9-recorded-4,timing,DECIMAL-D2-cal-classic9-arithmetic,d2-cal-p9-n34-b128-classic9,crexx,adapter,D2-decNumber-p9-n34-b128,D,no,steady-adapter,recorded,4,7,5000000,379938000,,0,pass,,
timing-DECIMAL-D2-cal-classic9-arithmetic-d2-cal-p9-n34-b64-classic9-recorded-4,timing,DECIMAL-D2-cal-classic9-arithmetic,d2-cal-p9-n34-b64-classic9,crexx,adapter,D2-decNumber-p9-n34-b64,D,no,steady-adapter,recorded,4,8,5000000,356516000,,0,pass,,
timing-DECIMAL-D2-cal-classic9-arithmetic-d2-cal-p9-n34-b36-classic9-recorded-4,timing,DECIMAL-D2-cal-classic9-arithmetic,d2-cal-p9-n34-b36-classic9,crexx,adapter,D2-decNumber-p9-n34-b36,D,no,steady-adapter,recorded,4,9,5000000,365027000,,0,pass,,
timing-DECIMAL-D2-cal-classic9-arithmetic-d2-cal-p9-n34-b20-classic9-recorded-4,timing,DECIMAL-D2-cal-classic9-arithmetic,d2-cal-p9-n34-b20-classic9,crexx,adapter,D2-decNumber-p9-n34-b20,D,no,steady-adapter,recorded,4,10,5000000,356582000,,0,pass,,
timing-DECIMAL-D2-cal-classic9-arithmetic-d2-cal-p9-n18-b128-classic9-recorded-4,timing,DECIMAL-D2-cal-classic9-arithmetic,d2-cal-p9-n18-b128-classic9,crexx,adapter,D2-decNumber-p9-n18-b128,D,no,steady-adapter,recorded,4,11,5000000,359908000,,0,pass,,
timing-DECIMAL-D2-cal-classic9-arithmetic-d2-cal-p9-n18-b64-classic9-recorded-4,timing,DECIMAL-D2-cal-classic9-arithmetic,d2-cal-p9-n18-b64-classic9,crexx,adapter,D2-decNumber-p9-n18-b64,D,no,steady-adapter,recorded,4,12,5000000,366602000,,0,pass,,
timing-DECIMAL-D2-cal-classic9-arithmetic-d2-cal-p9-n18-b36-classic9-recorded-4,timing,DECIMAL-D2-cal-classic9-arithmetic,d2-cal-p9-n18-b36-classic9,crexx,adapter,D2-decNumber-p9-n18-b36,D,no,steady-adapter,recorded,4,13,5000000,363269000,,0,pass,,
timing-DECIMAL-D2-cal-classic9-arithmetic-d2-cal-p9-n18-b20-classic9-recorded-4,timing,DECIMAL-D2-cal-classic9-arithmetic,d2-cal-p9-n18-b20-classic9,crexx,adapter,D2-decNumber-p9-n18-b20,D,no,steady-adapter,recorded,4,14,5000000,363763000,,0,pass,,
timing-DECIMAL-D2-cal-classic9-arithmetic-d2-cal-p8-n64-b128-classic9-recorded-4,timing,DECIMAL-D2-cal-classic9-arithmetic,d2-cal-p8-n64-b128-classic9,crexx,adapter,D2-decNumber-p8-n64-b128,D,no,steady-adapter,recorded,4,15,5000000,341094000,,0,pass,,
timing-DECIMAL-D2-cal-classic9-arithmetic-d2-cal-p8-n64-b64-classic9-recorded-4,timing,DECIMAL-D2-cal-classic9-arithmetic,d2-cal-p8-n64-b64-classic9,crexx,adapter,D2-decNumber-p8-n64-b64,D,no,steady-adapter,recorded,4,16,5000000,349824000,,0,pass,,
timing-DECIMAL-D2-cal-classic9-arithmetic-d2-cal-p8-n64-b36-classic9-recorded-4,timing,DECIMAL-D2-cal-classic9-arithmetic,d2-cal-p8-n64-b36-classic9,crexx,adapter,D2-decNumber-p8-n64-b36,D,no,steady-adapter,recorded,4,17,5000000,362675000,,0,pass,,
timing-DECIMAL-D2-cal-classic9-arithmetic-d2-cal-p8-n64-b20-classic9-recorded-4,timing,DECIMAL-D2-cal-classic9-arithmetic,d2-cal-p8-n64-b20-classic9,crexx,adapter,D2-decNumber-p8-n64-b20,D,no,steady-adapter,recorded,4,18,5000000,351321000,,0,pass,,
timing-DECIMAL-D2-cal-classic9-arithmetic-d2-cal-p8-n34-b128-classic9-recorded-4,timing,DECIMAL-D2-cal-classic9-arithmetic,d2-cal-p8-n34-b128-classic9,crexx,adapter,D2-decNumber-p8-n34-b128,D,no,steady-adapter,recorded,4,19,5000000,365104000,,0,pass,,
timing-DECIMAL-D2-cal-classic9-arithmetic-d2-cal-p8-n34-b64-classic9-recorded-4,timing,DECIMAL-D2-cal-classic9-arithmetic,d2-cal-p8-n34-b64-classic9,crexx,adapter,D2-decNumber-p8-n34-b64,D,no,steady-adapter,recorded,4,20,5000000,344886000,,0,pass,,
timing-DECIMAL-D2-cal-classic9-arithmetic-d2-cal-p8-n34-b36-classic9-recorded-4,timing,DECIMAL-D2-cal-classic9-arithmetic,d2-cal-p8-n34-b36-classic9,crexx,adapter,D2-decNumber-p8-n34-b36,D,no,steady-adapter,recorded,4,21,5000000,346434000,,0,pass,,
timing-DECIMAL-D2-cal-classic9-arithmetic-d2-cal-p8-n34-b20-classic9-recorded-4,timing,DECIMAL-D2-cal-classic9-arithmetic,d2-cal-p8-n34-b20-classic9,crexx,adapter,D2-decNumber-p8-n34-b20,D,no,steady-adapter,recorded,4,22,5000000,353732000,,0,pass,,
timing-DECIMAL-D2-cal-classic9-arithmetic-d2-cal-p8-n18-b128-classic9-recorded-4,timing,DECIMAL-D2-cal-classic9-arithmetic,d2-cal-p8-n18-b128-classic9,crexx,adapter,D2-decNumber-p8-n18-b128,D,no,steady-adapter,recorded,4,23,5000000,353853000,,0,pass,,
timing-DECIMAL-D2-cal-classic9-arithmetic-d2-cal-p8-n18-b64-classic9-recorded-4,timing,DECIMAL-D2-cal-classic9-arithmetic,d2-cal-p8-n18-b64-classic9,crexx,adapter,D2-decNumber-p8-n18-b64,D,no,steady-adapter,recorded,4,24,5000000,348236000,,0,pass,,
timing-DECIMAL-D2-cal-classic9-arithmetic-d2-cal-p8-n18-b36-classic9-recorded-4,timing,DECIMAL-D2-cal-classic9-arithmetic,d2-cal-p8-n18-b36-classic9,crexx,adapter,D2-decNumber-p8-n18-b36,D,no,steady-adapter,recorded,4,25,5000000,350703000,,0,pass,,
timing-DECIMAL-D2-cal-classic9-arithmetic-d2-cal-p8-n18-b20-classic9-recorded-4,timing,DECIMAL-D2-cal-classic9-arithmetic,d2-cal-p8-n18-b20-classic9,crexx,adapter,D2-decNumber-p8-n18-b20,D,no,steady-adapter,recorded,4,26,5000000,343618000,,0,pass,,
timing-DECIMAL-D2-cal-classic9-arithmetic-d2-cal-p4-n64-b128-classic9-recorded-4,timing,DECIMAL-D2-cal-classic9-arithmetic,d2-cal-p4-n64-b128-classic9,crexx,adapter,D2-decNumber-p4-n64-b128,D,no,steady-adapter,recorded,4,27,5000000,440443000,,0,pass,,
timing-DECIMAL-D2-cal-classic9-arithmetic-d2-cal-p4-n64-b64-classic9-recorded-4,timing,DECIMAL-D2-cal-classic9-arithmetic,d2-cal-p4-n64-b64-classic9,crexx,adapter,D2-decNumber-p4-n64-b64,D,no,steady-adapter,recorded,4,28,5000000,444015000,,0,pass,,
timing-DECIMAL-D2-cal-classic9-arithmetic-d2-cal-p4-n64-b36-classic9-recorded-4,timing,DECIMAL-D2-cal-classic9-arithmetic,d2-cal-p4-n64-b36-classic9,crexx,adapter,D2-decNumber-p4-n64-b36,D,no,steady-adapter,recorded,4,29,5000000,455833000,,0,pass,,
timing-DECIMAL-D2-cal-classic9-arithmetic-d2-cal-p4-n64-b20-classic9-recorded-4,timing,DECIMAL-D2-cal-classic9-arithmetic,d2-cal-p4-n64-b20-classic9,crexx,adapter,D2-decNumber-p4-n64-b20,D,no,steady-adapter,recorded,4,30,5000000,461628000,,0,pass,,
timing-DECIMAL-D2-cal-classic9-arithmetic-d2-cal-p4-n34-b128-classic9-recorded-4,timing,DECIMAL-D2-cal-classic9-arithmetic,d2-cal-p4-n34-b128-classic9,crexx,adapter,D2-decNumber-p4-n34-b128,D,no,steady-adapter,recorded,4,31,5000000,445541000,,0,pass,,
timing-DECIMAL-D2-cal-classic9-arithmetic-d2-cal-p4-n34-b64-classic9-recorded-4,timing,DECIMAL-D2-cal-classic9-arithmetic,d2-cal-p4-n34-b64-classic9,crexx,adapter,D2-decNumber-p4-n34-b64,D,no,steady-adapter,recorded,4,32,5000000,430946000,,0,pass,,
timing-DECIMAL-D2-cal-classic9-arithmetic-d2-cal-p4-n34-b36-classic9-recorded-4,timing,DECIMAL-D2-cal-classic9-arithmetic,d2-cal-p4-n34-b36-classic9,crexx,adapter,D2-decNumber-p4-n34-b36,D,no,steady-adapter,recorded,4,33,5000000,443375000,,0,pass,,
timing-DECIMAL-D2-cal-classic9-arithmetic-d2-cal-p4-n34-b20-classic9-recorded-4,timing,DECIMAL-D2-cal-classic9-arithmetic,d2-cal-p4-n34-b20-classic9,crexx,adapter,D2-decNumber-p4-n34-b20,D,no,steady-adapter,recorded,4,34,5000000,456479000,,0,pass,,
timing-DECIMAL-D2-cal-classic9-arithmetic-d2-cal-p4-n18-b128-classic9-recorded-4,timing,DECIMAL-D2-cal-classic9-arithmetic,d2-cal-p4-n18-b128-classic9,crexx,adapter,D2-decNumber-p4-n18-b128,D,no,steady-adapter,recorded,4,35,5000000,428254000,,0,pass,,
timing-DECIMAL-D2-cal-classic9-arithmetic-d2-cal-p4-n18-b64-classic9-recorded-4,timing,DECIMAL-D2-cal-classic9-arithmetic,d2-cal-p4-n18-b64-classic9,crexx,adapter,D2-decNumber-p4-n18-b64,D,no,steady-adapter,recorded,4,36,5000000,446737000,,0,pass,,
timing-DECIMAL-D2-cal-classic9-arithmetic-d2-cal-p4-n18-b36-classic9-recorded-4,timing,DECIMAL-D2-cal-classic9-arithmetic,d2-cal-p4-n18-b36-classic9,crexx,adapter,D2-decNumber-p4-n18-b36,D,no,steady-adapter,recorded,4,37,5000000,453183000,,0,pass,,
timing-DECIMAL-D2-cal-classic9-arithmetic-d2-cal-p4-n18-b20-classic9-recorded-4,timing,DECIMAL-D2-cal-classic9-arithmetic,d2-cal-p4-n18-b20-classic9,crexx,adapter,D2-decNumber-p4-n18-b20,D,no,steady-adapter,recorded,4,38,5000000,438260000,,0,pass,,
timing-DECIMAL-D2-cal-classic9-arithmetic-d2-cal-p3-n64-b128-classic9-recorded-4,timing,DECIMAL-D2-cal-classic9-arithmetic,d2-cal-p3-n64-b128-classic9,crexx,adapter,D2-decNumber-p3-n64-b128,D,no,steady-adapter,recorded,4,39,5000000,518856000,,0,pass,,
timing-DECIMAL-D2-cal-classic9-arithmetic-d2-cal-p3-n64-b64-classic9-recorded-4,timing,DECIMAL-D2-cal-classic9-arithmetic,d2-cal-p3-n64-b64-classic9,crexx,adapter,D2-decNumber-p3-n64-b64,D,no,steady-adapter,recorded,4,40,5000000,513211000,,0,pass,,
timing-DECIMAL-D2-cal-classic9-arithmetic-d2-cal-p3-n64-b36-classic9-recorded-4,timing,DECIMAL-D2-cal-classic9-arithmetic,d2-cal-p3-n64-b36-classic9,crexx,adapter,D2-decNumber-p3-n64-b36,D,no,steady-adapter,recorded,4,41,5000000,512652000,,0,pass,,
timing-DECIMAL-D2-cal-classic9-arithmetic-d2-cal-p3-n64-b20-classic9-recorded-4,timing,DECIMAL-D2-cal-classic9-arithmetic,d2-cal-p3-n64-b20-classic9,crexx,adapter,D2-decNumber-p3-n64-b20,D,no,steady-adapter,recorded,4,42,5000000,519925000,,0,pass,,
timing-DECIMAL-D2-cal-classic9-arithmetic-d2-cal-p3-n34-b128-classic9-recorded-4,timing,DECIMAL-D2-cal-classic9-arithmetic,d2-cal-p3-n34-b128-classic9,crexx,adapter,D2-decNumber-p3-n34-b128,D,no,steady-adapter,recorded,4,43,5000000,514917000,,0,pass,,
timing-DECIMAL-D2-cal-classic9-arithmetic-d2-cal-p3-n34-b64-classic9-recorded-4,timing,DECIMAL-D2-cal-classic9-arithmetic,d2-cal-p3-n34-b64-classic9,crexx,adapter,D2-decNumber-p3-n34-b64,D,no,steady-adapter,recorded,4,44,5000000,551924000,,0,pass,,
timing-DECIMAL-D2-cal-classic9-arithmetic-d2-cal-p3-n34-b36-classic9-recorded-4,timing,DECIMAL-D2-cal-classic9-arithmetic,d2-cal-p3-n34-b36-classic9,crexx,adapter,D2-decNumber-p3-n34-b36,D,no,steady-adapter,recorded,4,45,5000000,511297000,,0,pass,,
timing-DECIMAL-D2-cal-classic9-arithmetic-d2-cal-p3-n34-b20-classic9-recorded-4,timing,DECIMAL-D2-cal-classic9-arithmetic,d2-cal-p3-n34-b20-classic9,crexx,adapter,D2-decNumber-p3-n34-b20,D,no,steady-adapter,recorded,4,46,5000000,517957000,,0,pass,,
timing-DECIMAL-D2-cal-classic9-arithmetic-d2-cal-p3-n18-b128-classic9-recorded-4,timing,DECIMAL-D2-cal-classic9-arithmetic,d2-cal-p3-n18-b128-classic9,crexx,adapter,D2-decNumber-p3-n18-b128,D,no,steady-adapter,recorded,4,47,5000000,518478000,,0,pass,,
timing-DECIMAL-D2-cal-classic9-arithmetic-d2-cal-p3-n18-b64-classic9-recorded-4,timing,DECIMAL-D2-cal-classic9-arithmetic,d2-cal-p3-n18-b64-classic9,crexx,adapter,D2-decNumber-p3-n18-b64,D,no,steady-adapter,recorded,4,48,5000000,511569000,,0,pass,,
timing-DECIMAL-D2-cal-classic9-arithmetic-d2-cal-p3-n18-b36-classic9-recorded-4,timing,DECIMAL-D2-cal-classic9-arithmetic,d2-cal-p3-n18-b36-classic9,crexx,adapter,D2-decNumber-p3-n18-b36,D,no,steady-adapter,recorded,4,49,5000000,508345000,,0,pass,,
timing-DECIMAL-D2-cal-classic9-arithmetic-d2-cal-p3-n18-b128-classic9-recorded-5,timing,DECIMAL-D2-cal-classic9-arithmetic,d2-cal-p3-n18-b128-classic9,crexx,adapter,D2-decNumber-p3-n18-b128,D,no,steady-adapter,recorded,5,1,5000000,516574000,,0,pass,,
timing-DECIMAL-D2-cal-classic9-arithmetic-d2-cal-p3-n34-b20-classic9-recorded-5,timing,DECIMAL-D2-cal-classic9-arithmetic,d2-cal-p3-n34-b20-classic9,crexx,adapter,D2-decNumber-p3-n34-b20,D,no,steady-adapter,recorded,5,2,5000000,516593000,,0,pass,,
timing-DECIMAL-D2-cal-classic9-arithmetic-d2-cal-p3-n34-b36-classic9-recorded-5,timing,DECIMAL-D2-cal-classic9-arithmetic,d2-cal-p3-n34-b36-classic9,crexx,adapter,D2-decNumber-p3-n34-b36,D,no,steady-adapter,recorded,5,3,5000000,531573000,,0,pass,,
timing-DECIMAL-D2-cal-classic9-arithmetic-d2-cal-p3-n34-b64-classic9-recorded-5,timing,DECIMAL-D2-cal-classic9-arithmetic,d2-cal-p3-n34-b64-classic9,crexx,adapter,D2-decNumber-p3-n34-b64,D,no,steady-adapter,recorded,5,4,5000000,509510000,,0,pass,,
timing-DECIMAL-D2-cal-classic9-arithmetic-d2-cal-p3-n34-b128-classic9-recorded-5,timing,DECIMAL-D2-cal-classic9-arithmetic,d2-cal-p3-n34-b128-classic9,crexx,adapter,D2-decNumber-p3-n34-b128,D,no,steady-adapter,recorded,5,5,5000000,515369000,,0,pass,,
timing-DECIMAL-D2-cal-classic9-arithmetic-d2-cal-p3-n64-b20-classic9-recorded-5,timing,DECIMAL-D2-cal-classic9-arithmetic,d2-cal-p3-n64-b20-classic9,crexx,adapter,D2-decNumber-p3-n64-b20,D,no,steady-adapter,recorded,5,6,5000000,519915000,,0,pass,,
timing-DECIMAL-D2-cal-classic9-arithmetic-d2-cal-p3-n64-b36-classic9-recorded-5,timing,DECIMAL-D2-cal-classic9-arithmetic,d2-cal-p3-n64-b36-classic9,crexx,adapter,D2-decNumber-p3-n64-b36,D,no,steady-adapter,recorded,5,7,5000000,511449000,,0,pass,,
timing-DECIMAL-D2-cal-classic9-arithmetic-d2-cal-p3-n64-b64-classic9-recorded-5,timing,DECIMAL-D2-cal-classic9-arithmetic,d2-cal-p3-n64-b64-classic9,crexx,adapter,D2-decNumber-p3-n64-b64,D,no,steady-adapter,recorded,5,8,5000000,510041000,,0,pass,,
timing-DECIMAL-D2-cal-classic9-arithmetic-d2-cal-p3-n64-b128-classic9-recorded-5,timing,DECIMAL-D2-cal-classic9-arithmetic,d2-cal-p3-n64-b128-classic9,crexx,adapter,D2-decNumber-p3-n64-b128,D,no,steady-adapter,recorded,5,9,5000000,513071000,,0,pass,,
timing-DECIMAL-D2-cal-classic9-arithmetic-d2-cal-p4-n18-b20-classic9-recorded-5,timing,DECIMAL-D2-cal-classic9-arithmetic,d2-cal-p4-n18-b20-classic9,crexx,adapter,D2-decNumber-p4-n18-b20,D,no,steady-adapter,recorded,5,10,5000000,450117000,,0,pass,,
timing-DECIMAL-D2-cal-classic9-arithmetic-d2-cal-p4-n18-b36-classic9-recorded-5,timing,DECIMAL-D2-cal-classic9-arithmetic,d2-cal-p4-n18-b36-classic9,crexx,adapter,D2-decNumber-p4-n18-b36,D,no,steady-adapter,recorded,5,11,5000000,464699000,,0,pass,,
timing-DECIMAL-D2-cal-classic9-arithmetic-d2-cal-p4-n18-b64-classic9-recorded-5,timing,DECIMAL-D2-cal-classic9-arithmetic,d2-cal-p4-n18-b64-classic9,crexx,adapter,D2-decNumber-p4-n18-b64,D,no,steady-adapter,recorded,5,12,5000000,445290000,,0,pass,,
timing-DECIMAL-D2-cal-classic9-arithmetic-d2-cal-p4-n18-b128-classic9-recorded-5,timing,DECIMAL-D2-cal-classic9-arithmetic,d2-cal-p4-n18-b128-classic9,crexx,adapter,D2-decNumber-p4-n18-b128,D,no,steady-adapter,recorded,5,13,5000000,445365000,,0,pass,,
timing-DECIMAL-D2-cal-classic9-arithmetic-d2-cal-p4-n34-b20-classic9-recorded-5,timing,DECIMAL-D2-cal-classic9-arithmetic,d2-cal-p4-n34-b20-classic9,crexx,adapter,D2-decNumber-p4-n34-b20,D,no,steady-adapter,recorded,5,14,5000000,442875000,,0,pass,,
timing-DECIMAL-D2-cal-classic9-arithmetic-d2-cal-p4-n34-b36-classic9-recorded-5,timing,DECIMAL-D2-cal-classic9-arithmetic,d2-cal-p4-n34-b36-classic9,crexx,adapter,D2-decNumber-p4-n34-b36,D,no,steady-adapter,recorded,5,15,5000000,436416000,,0,pass,,
timing-DECIMAL-D2-cal-classic9-arithmetic-d2-cal-p4-n34-b64-classic9-recorded-5,timing,DECIMAL-D2-cal-classic9-arithmetic,d2-cal-p4-n34-b64-classic9,crexx,adapter,D2-decNumber-p4-n34-b64,D,no,steady-adapter,recorded,5,16,5000000,425472000,,0,pass,,
timing-DECIMAL-D2-cal-classic9-arithmetic-d2-cal-p4-n34-b128-classic9-recorded-5,timing,DECIMAL-D2-cal-classic9-arithmetic,d2-cal-p4-n34-b128-classic9,crexx,adapter,D2-decNumber-p4-n34-b128,D,no,steady-adapter,recorded,5,17,5000000,459349000,,0,pass,,
timing-DECIMAL-D2-cal-classic9-arithmetic-d2-cal-p4-n64-b20-classic9-recorded-5,timing,DECIMAL-D2-cal-classic9-arithmetic,d2-cal-p4-n64-b20-classic9,crexx,adapter,D2-decNumber-p4-n64-b20,D,no,steady-adapter,recorded,5,18,5000000,439978000,,0,pass,,
timing-DECIMAL-D2-cal-classic9-arithmetic-d2-cal-p4-n64-b36-classic9-recorded-5,timing,DECIMAL-D2-cal-classic9-arithmetic,d2-cal-p4-n64-b36-classic9,crexx,adapter,D2-decNumber-p4-n64-b36,D,no,steady-adapter,recorded,5,19,5000000,454915000,,0,pass,,
timing-DECIMAL-D2-cal-classic9-arithmetic-d2-cal-p4-n64-b64-classic9-recorded-5,timing,DECIMAL-D2-cal-classic9-arithmetic,d2-cal-p4-n64-b64-classic9,crexx,adapter,D2-decNumber-p4-n64-b64,D,no,steady-adapter,recorded,5,20,5000000,430403000,,0,pass,,
timing-DECIMAL-D2-cal-classic9-arithmetic-d2-cal-p4-n64-b128-classic9-recorded-5,timing,DECIMAL-D2-cal-classic9-arithmetic,d2-cal-p4-n64-b128-classic9,crexx,adapter,D2-decNumber-p4-n64-b128,D,no,steady-adapter,recorded,5,21,5000000,449439000,,0,pass,,
timing-DECIMAL-D2-cal-classic9-arithmetic-d2-cal-p8-n18-b20-classic9-recorded-5,timing,DECIMAL-D2-cal-classic9-arithmetic,d2-cal-p8-n18-b20-classic9,crexx,adapter,D2-decNumber-p8-n18-b20,D,no,steady-adapter,recorded,5,22,5000000,350588000,,0,pass,,
timing-DECIMAL-D2-cal-classic9-arithmetic-d2-cal-p8-n18-b36-classic9-recorded-5,timing,DECIMAL-D2-cal-classic9-arithmetic,d2-cal-p8-n18-b36-classic9,crexx,adapter,D2-decNumber-p8-n18-b36,D,no,steady-adapter,recorded,5,23,5000000,344916000,,0,pass,,
timing-DECIMAL-D2-cal-classic9-arithmetic-d2-cal-p8-n18-b64-classic9-recorded-5,timing,DECIMAL-D2-cal-classic9-arithmetic,d2-cal-p8-n18-b64-classic9,crexx,adapter,D2-decNumber-p8-n18-b64,D,no,steady-adapter,recorded,5,24,5000000,346612000,,0,pass,,
timing-DECIMAL-D2-cal-classic9-arithmetic-d2-cal-p8-n18-b128-classic9-recorded-5,timing,DECIMAL-D2-cal-classic9-arithmetic,d2-cal-p8-n18-b128-classic9,crexx,adapter,D2-decNumber-p8-n18-b128,D,no,steady-adapter,recorded,5,25,5000000,337780000,,0,pass,,
timing-DECIMAL-D2-cal-classic9-arithmetic-d2-cal-p8-n34-b20-classic9-recorded-5,timing,DECIMAL-D2-cal-classic9-arithmetic,d2-cal-p8-n34-b20-classic9,crexx,adapter,D2-decNumber-p8-n34-b20,D,no,steady-adapter,recorded,5,26,5000000,356410000,,0,pass,,
timing-DECIMAL-D2-cal-classic9-arithmetic-d2-cal-p8-n34-b36-classic9-recorded-5,timing,DECIMAL-D2-cal-classic9-arithmetic,d2-cal-p8-n34-b36-classic9,crexx,adapter,D2-decNumber-p8-n34-b36,D,no,steady-adapter,recorded,5,27,5000000,356626000,,0,pass,,
timing-DECIMAL-D2-cal-classic9-arithmetic-d2-cal-p8-n34-b64-classic9-recorded-5,timing,DECIMAL-D2-cal-classic9-arithmetic,d2-cal-p8-n34-b64-classic9,crexx,adapter,D2-decNumber-p8-n34-b64,D,no,steady-adapter,recorded,5,28,5000000,345528000,,0,pass,,
timing-DECIMAL-D2-cal-classic9-arithmetic-d2-cal-p8-n34-b128-classic9-recorded-5,timing,DECIMAL-D2-cal-classic9-arithmetic,d2-cal-p8-n34-b128-classic9,crexx,adapter,D2-decNumber-p8-n34-b128,D,no,steady-adapter,recorded,5,29,5000000,350953000,,0,pass,,
timing-DECIMAL-D2-cal-classic9-arithmetic-d2-cal-p8-n64-b20-classic9-recorded-5,timing,DECIMAL-D2-cal-classic9-arithmetic,d2-cal-p8-n64-b20-classic9,crexx,adapter,D2-decNumber-p8-n64-b20,D,no,steady-adapter,recorded,5,30,5000000,346624000,,0,pass,,
timing-DECIMAL-D2-cal-classic9-arithmetic-d2-cal-p8-n64-b36-classic9-recorded-5,timing,DECIMAL-D2-cal-classic9-arithmetic,d2-cal-p8-n64-b36-classic9,crexx,adapter,D2-decNumber-p8-n64-b36,D,no,steady-adapter,recorded,5,31,5000000,354894000,,0,pass,,
timing-DECIMAL-D2-cal-classic9-arithmetic-d2-cal-p8-n64-b64-classic9-recorded-5,timing,DECIMAL-D2-cal-classic9-arithmetic,d2-cal-p8-n64-b64-classic9,crexx,adapter,D2-decNumber-p8-n64-b64,D,no,steady-adapter,recorded,5,32,5000000,348963000,,0,pass,,
timing-DECIMAL-D2-cal-classic9-arithmetic-d2-cal-p8-n64-b128-classic9-recorded-5,timing,DECIMAL-D2-cal-classic9-arithmetic,d2-cal-p8-n64-b128-classic9,crexx,adapter,D2-decNumber-p8-n64-b128,D,no,steady-adapter,recorded,5,33,5000000,345933000,,0,pass,,
timing-DECIMAL-D2-cal-classic9-arithmetic-d2-cal-p9-n18-b20-classic9-recorded-5,timing,DECIMAL-D2-cal-classic9-arithmetic,d2-cal-p9-n18-b20-classic9,crexx,adapter,D2-decNumber-p9-n18-b20,D,no,steady-adapter,recorded,5,34,5000000,364460000,,0,pass,,
timing-DECIMAL-D2-cal-classic9-arithmetic-d2-cal-p9-n18-b36-classic9-recorded-5,timing,DECIMAL-D2-cal-classic9-arithmetic,d2-cal-p9-n18-b36-classic9,crexx,adapter,D2-decNumber-p9-n18-b36,D,no,steady-adapter,recorded,5,35,5000000,362779000,,0,pass,,
timing-DECIMAL-D2-cal-classic9-arithmetic-d2-cal-p9-n18-b64-classic9-recorded-5,timing,DECIMAL-D2-cal-classic9-arithmetic,d2-cal-p9-n18-b64-classic9,crexx,adapter,D2-decNumber-p9-n18-b64,D,no,steady-adapter,recorded,5,36,5000000,375861000,,0,pass,,
timing-DECIMAL-D2-cal-classic9-arithmetic-d2-cal-p9-n18-b128-classic9-recorded-5,timing,DECIMAL-D2-cal-classic9-arithmetic,d2-cal-p9-n18-b128-classic9,crexx,adapter,D2-decNumber-p9-n18-b128,D,no,steady-adapter,recorded,5,37,5000000,361592000,,0,pass,,
timing-DECIMAL-D2-cal-classic9-arithmetic-d2-cal-p9-n34-b20-classic9-recorded-5,timing,DECIMAL-D2-cal-classic9-arithmetic,d2-cal-p9-n34-b20-classic9,crexx,adapter,D2-decNumber-p9-n34-b20,D,no,steady-adapter,recorded,5,38,5000000,374941000,,0,pass,,
timing-DECIMAL-D2-cal-classic9-arithmetic-d2-cal-p9-n34-b36-classic9-recorded-5,timing,DECIMAL-D2-cal-classic9-arithmetic,d2-cal-p9-n34-b36-classic9,crexx,adapter,D2-decNumber-p9-n34-b36,D,no,steady-adapter,recorded,5,39,5000000,367120000,,0,pass,,
timing-DECIMAL-D2-cal-classic9-arithmetic-d2-cal-p9-n34-b64-classic9-recorded-5,timing,DECIMAL-D2-cal-classic9-arithmetic,d2-cal-p9-n34-b64-classic9,crexx,adapter,D2-decNumber-p9-n34-b64,D,no,steady-adapter,recorded,5,40,5000000,362716000,,0,pass,,
timing-DECIMAL-D2-cal-classic9-arithmetic-d2-cal-p9-n34-b128-classic9-recorded-5,timing,DECIMAL-D2-cal-classic9-arithmetic,d2-cal-p9-n34-b128-classic9,crexx,adapter,D2-decNumber-p9-n34-b128,D,no,steady-adapter,recorded,5,41,5000000,378639000,,0,pass,,
timing-DECIMAL-D2-cal-classic9-arithmetic-d2-cal-p9-n64-b20-classic9-recorded-5,timing,DECIMAL-D2-cal-classic9-arithmetic,d2-cal-p9-n64-b20-classic9,crexx,adapter,D2-decNumber-p9-n64-b20,D,no,steady-adapter,recorded,5,42,5000000,372921000,,0,pass,,
timing-DECIMAL-D2-cal-classic9-arithmetic-d2-cal-p9-n64-b36-classic9-recorded-5,timing,DECIMAL-D2-cal-classic9-arithmetic,d2-cal-p9-n64-b36-classic9,crexx,adapter,D2-decNumber-p9-n64-b36,D,no,steady-adapter,recorded,5,43,5000000,376380000,,0,pass,,
timing-DECIMAL-D2-cal-classic9-arithmetic-d2-cal-p9-n64-b64-classic9-recorded-5,timing,DECIMAL-D2-cal-classic9-arithmetic,d2-cal-p9-n64-b64-classic9,crexx,adapter,D2-decNumber-p9-n64-b64,D,no,steady-adapter,recorded,5,44,5000000,369133000,,0,pass,,
timing-DECIMAL-D2-cal-classic9-arithmetic-d2-cal-p9-n64-b128-classic9-recorded-5,timing,DECIMAL-D2-cal-classic9-arithmetic,d2-cal-p9-n64-b128-classic9,crexx,adapter,D2-decNumber-p9-n64-b128,D,no,steady-adapter,recorded,5,45,5000000,365414000,,0,pass,,
timing-DECIMAL-D2-cal-classic9-arithmetic-d2-cal-current-classic9-recorded-5,timing,DECIMAL-D2-cal-classic9-arithmetic,d2-cal-current-classic9,crexx,adapter,D0-mc-current,D,no,steady-adapter,recorded,5,46,5000000,339929000,,0,pass,,
timing-DECIMAL-D2-cal-classic9-arithmetic-d2-cal-p3-n18-b20-classic9-recorded-5,timing,DECIMAL-D2-cal-classic9-arithmetic,d2-cal-p3-n18-b20-classic9,crexx,adapter,D2-decNumber-p3-n18-b20,D,no,steady-adapter,recorded,5,47,5000000,508772000,,0,pass,,
timing-DECIMAL-D2-cal-classic9-arithmetic-d2-cal-p3-n18-b36-classic9-recorded-5,timing,DECIMAL-D2-cal-classic9-arithmetic,d2-cal-p3-n18-b36-classic9,crexx,adapter,D2-decNumber-p3-n18-b36,D,no,steady-adapter,recorded,5,48,5000000,519017000,,0,pass,,
timing-DECIMAL-D2-cal-classic9-arithmetic-d2-cal-p3-n18-b64-classic9-recorded-5,timing,DECIMAL-D2-cal-classic9-arithmetic,d2-cal-p3-n18-b64-classic9,crexx,adapter,D2-decNumber-p3-n18-b64,D,no,steady-adapter,recorded,5,49,5000000,499827000,,0,pass,,
timing-DECIMAL-D2-cal-classic9-arithmetic-d2-cal-p3-n18-b64-classic9-recorded-6,timing,DECIMAL-D2-cal-classic9-arithmetic,d2-cal-p3-n18-b64-classic9,crexx,adapter,D2-decNumber-p3-n18-b64,D,no,steady-adapter,recorded,6,1,5000000,505940000,,0,pass,,
timing-DECIMAL-D2-cal-classic9-arithmetic-d2-cal-p3-n18-b36-classic9-recorded-6,timing,DECIMAL-D2-cal-classic9-arithmetic,d2-cal-p3-n18-b36-classic9,crexx,adapter,D2-decNumber-p3-n18-b36,D,no,steady-adapter,recorded,6,2,5000000,513246000,,0,pass,,
timing-DECIMAL-D2-cal-classic9-arithmetic-d2-cal-p3-n18-b20-classic9-recorded-6,timing,DECIMAL-D2-cal-classic9-arithmetic,d2-cal-p3-n18-b20-classic9,crexx,adapter,D2-decNumber-p3-n18-b20,D,no,steady-adapter,recorded,6,3,5000000,515067000,,0,pass,,
timing-DECIMAL-D2-cal-classic9-arithmetic-d2-cal-current-classic9-recorded-6,timing,DECIMAL-D2-cal-classic9-arithmetic,d2-cal-current-classic9,crexx,adapter,D0-mc-current,D,no,steady-adapter,recorded,6,4,5000000,338137000,,0,pass,,
timing-DECIMAL-D2-cal-classic9-arithmetic-d2-cal-p9-n64-b128-classic9-recorded-6,timing,DECIMAL-D2-cal-classic9-arithmetic,d2-cal-p9-n64-b128-classic9,crexx,adapter,D2-decNumber-p9-n64-b128,D,no,steady-adapter,recorded,6,5,5000000,359947000,,0,pass,,
timing-DECIMAL-D2-cal-classic9-arithmetic-d2-cal-p9-n64-b64-classic9-recorded-6,timing,DECIMAL-D2-cal-classic9-arithmetic,d2-cal-p9-n64-b64-classic9,crexx,adapter,D2-decNumber-p9-n64-b64,D,no,steady-adapter,recorded,6,6,5000000,371560000,,0,pass,,
timing-DECIMAL-D2-cal-classic9-arithmetic-d2-cal-p9-n64-b36-classic9-recorded-6,timing,DECIMAL-D2-cal-classic9-arithmetic,d2-cal-p9-n64-b36-classic9,crexx,adapter,D2-decNumber-p9-n64-b36,D,no,steady-adapter,recorded,6,7,5000000,358025000,,0,pass,,
timing-DECIMAL-D2-cal-classic9-arithmetic-d2-cal-p9-n64-b20-classic9-recorded-6,timing,DECIMAL-D2-cal-classic9-arithmetic,d2-cal-p9-n64-b20-classic9,crexx,adapter,D2-decNumber-p9-n64-b20,D,no,steady-adapter,recorded,6,8,5000000,371848000,,0,pass,,
timing-DECIMAL-D2-cal-classic9-arithmetic-d2-cal-p9-n34-b128-classic9-recorded-6,timing,DECIMAL-D2-cal-classic9-arithmetic,d2-cal-p9-n34-b128-classic9,crexx,adapter,D2-decNumber-p9-n34-b128,D,no,steady-adapter,recorded,6,9,5000000,359983000,,0,pass,,
timing-DECIMAL-D2-cal-classic9-arithmetic-d2-cal-p9-n34-b64-classic9-recorded-6,timing,DECIMAL-D2-cal-classic9-arithmetic,d2-cal-p9-n34-b64-classic9,crexx,adapter,D2-decNumber-p9-n34-b64,D,no,steady-adapter,recorded,6,10,5000000,358213000,,0,pass,,
timing-DECIMAL-D2-cal-classic9-arithmetic-d2-cal-p9-n34-b36-classic9-recorded-6,timing,DECIMAL-D2-cal-classic9-arithmetic,d2-cal-p9-n34-b36-classic9,crexx,adapter,D2-decNumber-p9-n34-b36,D,no,steady-adapter,recorded,6,11,5000000,361619000,,0,pass,,
timing-DECIMAL-D2-cal-classic9-arithmetic-d2-cal-p9-n34-b20-classic9-recorded-6,timing,DECIMAL-D2-cal-classic9-arithmetic,d2-cal-p9-n34-b20-classic9,crexx,adapter,D2-decNumber-p9-n34-b20,D,no,steady-adapter,recorded,6,12,5000000,371564000,,0,pass,,
timing-DECIMAL-D2-cal-classic9-arithmetic-d2-cal-p9-n18-b128-classic9-recorded-6,timing,DECIMAL-D2-cal-classic9-arithmetic,d2-cal-p9-n18-b128-classic9,crexx,adapter,D2-decNumber-p9-n18-b128,D,no,steady-adapter,recorded,6,13,5000000,361645000,,0,pass,,
timing-DECIMAL-D2-cal-classic9-arithmetic-d2-cal-p9-n18-b64-classic9-recorded-6,timing,DECIMAL-D2-cal-classic9-arithmetic,d2-cal-p9-n18-b64-classic9,crexx,adapter,D2-decNumber-p9-n18-b64,D,no,steady-adapter,recorded,6,14,5000000,349942000,,0,pass,,
timing-DECIMAL-D2-cal-classic9-arithmetic-d2-cal-p9-n18-b36-classic9-recorded-6,timing,DECIMAL-D2-cal-classic9-arithmetic,d2-cal-p9-n18-b36-classic9,crexx,adapter,D2-decNumber-p9-n18-b36,D,no,steady-adapter,recorded,6,15,5000000,358225000,,0,pass,,
timing-DECIMAL-D2-cal-classic9-arithmetic-d2-cal-p9-n18-b20-classic9-recorded-6,timing,DECIMAL-D2-cal-classic9-arithmetic,d2-cal-p9-n18-b20-classic9,crexx,adapter,D2-decNumber-p9-n18-b20,D,no,steady-adapter,recorded,6,16,5000000,368914000,,0,pass,,
timing-DECIMAL-D2-cal-classic9-arithmetic-d2-cal-p8-n64-b128-classic9-recorded-6,timing,DECIMAL-D2-cal-classic9-arithmetic,d2-cal-p8-n64-b128-classic9,crexx,adapter,D2-decNumber-p8-n64-b128,D,no,steady-adapter,recorded,6,17,5000000,333831000,,0,pass,,
timing-DECIMAL-D2-cal-classic9-arithmetic-d2-cal-p8-n64-b64-classic9-recorded-6,timing,DECIMAL-D2-cal-classic9-arithmetic,d2-cal-p8-n64-b64-classic9,crexx,adapter,D2-decNumber-p8-n64-b64,D,no,steady-adapter,recorded,6,18,5000000,356087000,,0,pass,,
timing-DECIMAL-D2-cal-classic9-arithmetic-d2-cal-p8-n64-b36-classic9-recorded-6,timing,DECIMAL-D2-cal-classic9-arithmetic,d2-cal-p8-n64-b36-classic9,crexx,adapter,D2-decNumber-p8-n64-b36,D,no,steady-adapter,recorded,6,19,5000000,348306000,,0,pass,,
timing-DECIMAL-D2-cal-classic9-arithmetic-d2-cal-p8-n64-b20-classic9-recorded-6,timing,DECIMAL-D2-cal-classic9-arithmetic,d2-cal-p8-n64-b20-classic9,crexx,adapter,D2-decNumber-p8-n64-b20,D,no,steady-adapter,recorded,6,20,5000000,354140000,,0,pass,,
timing-DECIMAL-D2-cal-classic9-arithmetic-d2-cal-p8-n34-b128-classic9-recorded-6,timing,DECIMAL-D2-cal-classic9-arithmetic,d2-cal-p8-n34-b128-classic9,crexx,adapter,D2-decNumber-p8-n34-b128,D,no,steady-adapter,recorded,6,21,5000000,345016000,,0,pass,,
timing-DECIMAL-D2-cal-classic9-arithmetic-d2-cal-p8-n34-b64-classic9-recorded-6,timing,DECIMAL-D2-cal-classic9-arithmetic,d2-cal-p8-n34-b64-classic9,crexx,adapter,D2-decNumber-p8-n34-b64,D,no,steady-adapter,recorded,6,22,5000000,343222000,,0,pass,,
timing-DECIMAL-D2-cal-classic9-arithmetic-d2-cal-p8-n34-b36-classic9-recorded-6,timing,DECIMAL-D2-cal-classic9-arithmetic,d2-cal-p8-n34-b36-classic9,crexx,adapter,D2-decNumber-p8-n34-b36,D,no,steady-adapter,recorded,6,23,5000000,346588000,,0,pass,,
timing-DECIMAL-D2-cal-classic9-arithmetic-d2-cal-p8-n34-b20-classic9-recorded-6,timing,DECIMAL-D2-cal-classic9-arithmetic,d2-cal-p8-n34-b20-classic9,crexx,adapter,D2-decNumber-p8-n34-b20,D,no,steady-adapter,recorded,6,24,5000000,347320000,,0,pass,,
timing-DECIMAL-D2-cal-classic9-arithmetic-d2-cal-p8-n18-b128-classic9-recorded-6,timing,DECIMAL-D2-cal-classic9-arithmetic,d2-cal-p8-n18-b128-classic9,crexx,adapter,D2-decNumber-p8-n18-b128,D,no,steady-adapter,recorded,6,25,5000000,352546000,,0,pass,,
timing-DECIMAL-D2-cal-classic9-arithmetic-d2-cal-p8-n18-b64-classic9-recorded-6,timing,DECIMAL-D2-cal-classic9-arithmetic,d2-cal-p8-n18-b64-classic9,crexx,adapter,D2-decNumber-p8-n18-b64,D,no,steady-adapter,recorded,6,26,5000000,345674000,,0,pass,,
timing-DECIMAL-D2-cal-classic9-arithmetic-d2-cal-p8-n18-b36-classic9-recorded-6,timing,DECIMAL-D2-cal-classic9-arithmetic,d2-cal-p8-n18-b36-classic9,crexx,adapter,D2-decNumber-p8-n18-b36,D,no,steady-adapter,recorded,6,27,5000000,349206000,,0,pass,,
timing-DECIMAL-D2-cal-classic9-arithmetic-d2-cal-p8-n18-b20-classic9-recorded-6,timing,DECIMAL-D2-cal-classic9-arithmetic,d2-cal-p8-n18-b20-classic9,crexx,adapter,D2-decNumber-p8-n18-b20,D,no,steady-adapter,recorded,6,28,5000000,344976000,,0,pass,,
timing-DECIMAL-D2-cal-classic9-arithmetic-d2-cal-p4-n64-b128-classic9-recorded-6,timing,DECIMAL-D2-cal-classic9-arithmetic,d2-cal-p4-n64-b128-classic9,crexx,adapter,D2-decNumber-p4-n64-b128,D,no,steady-adapter,recorded,6,29,5000000,453211000,,0,pass,,
timing-DECIMAL-D2-cal-classic9-arithmetic-d2-cal-p4-n64-b64-classic9-recorded-6,timing,DECIMAL-D2-cal-classic9-arithmetic,d2-cal-p4-n64-b64-classic9,crexx,adapter,D2-decNumber-p4-n64-b64,D,no,steady-adapter,recorded,6,30,5000000,443223000,,0,pass,,
timing-DECIMAL-D2-cal-classic9-arithmetic-d2-cal-p4-n64-b36-classic9-recorded-6,timing,DECIMAL-D2-cal-classic9-arithmetic,d2-cal-p4-n64-b36-classic9,crexx,adapter,D2-decNumber-p4-n64-b36,D,no,steady-adapter,recorded,6,31,5000000,449920000,,0,pass,,
timing-DECIMAL-D2-cal-classic9-arithmetic-d2-cal-p4-n64-b20-classic9-recorded-6,timing,DECIMAL-D2-cal-classic9-arithmetic,d2-cal-p4-n64-b20-classic9,crexx,adapter,D2-decNumber-p4-n64-b20,D,no,steady-adapter,recorded,6,32,5000000,453412000,,0,pass,,
timing-DECIMAL-D2-cal-classic9-arithmetic-d2-cal-p4-n34-b128-classic9-recorded-6,timing,DECIMAL-D2-cal-classic9-arithmetic,d2-cal-p4-n34-b128-classic9,crexx,adapter,D2-decNumber-p4-n34-b128,D,no,steady-adapter,recorded,6,33,5000000,441459000,,0,pass,,
timing-DECIMAL-D2-cal-classic9-arithmetic-d2-cal-p4-n34-b64-classic9-recorded-6,timing,DECIMAL-D2-cal-classic9-arithmetic,d2-cal-p4-n34-b64-classic9,crexx,adapter,D2-decNumber-p4-n34-b64,D,no,steady-adapter,recorded,6,34,5000000,448245000,,0,pass,,
timing-DECIMAL-D2-cal-classic9-arithmetic-d2-cal-p4-n34-b36-classic9-recorded-6,timing,DECIMAL-D2-cal-classic9-arithmetic,d2-cal-p4-n34-b36-classic9,crexx,adapter,D2-decNumber-p4-n34-b36,D,no,steady-adapter,recorded,6,35,5000000,448995000,,0,pass,,
timing-DECIMAL-D2-cal-classic9-arithmetic-d2-cal-p4-n34-b20-classic9-recorded-6,timing,DECIMAL-D2-cal-classic9-arithmetic,d2-cal-p4-n34-b20-classic9,crexx,adapter,D2-decNumber-p4-n34-b20,D,no,steady-adapter,recorded,6,36,5000000,452540000,,0,pass,,
timing-DECIMAL-D2-cal-classic9-arithmetic-d2-cal-p4-n18-b128-classic9-recorded-6,timing,DECIMAL-D2-cal-classic9-arithmetic,d2-cal-p4-n18-b128-classic9,crexx,adapter,D2-decNumber-p4-n18-b128,D,no,steady-adapter,recorded,6,37,5000000,446616000,,0,pass,,
timing-DECIMAL-D2-cal-classic9-arithmetic-d2-cal-p4-n18-b64-classic9-recorded-6,timing,DECIMAL-D2-cal-classic9-arithmetic,d2-cal-p4-n18-b64-classic9,crexx,adapter,D2-decNumber-p4-n18-b64,D,no,steady-adapter,recorded,6,38,5000000,423223000,,0,pass,,
timing-DECIMAL-D2-cal-classic9-arithmetic-d2-cal-p4-n18-b36-classic9-recorded-6,timing,DECIMAL-D2-cal-classic9-arithmetic,d2-cal-p4-n18-b36-classic9,crexx,adapter,D2-decNumber-p4-n18-b36,D,no,steady-adapter,recorded,6,39,5000000,456648000,,0,pass,,
timing-DECIMAL-D2-cal-classic9-arithmetic-d2-cal-p4-n18-b20-classic9-recorded-6,timing,DECIMAL-D2-cal-classic9-arithmetic,d2-cal-p4-n18-b20-classic9,crexx,adapter,D2-decNumber-p4-n18-b20,D,no,steady-adapter,recorded,6,40,5000000,443198000,,0,pass,,
timing-DECIMAL-D2-cal-classic9-arithmetic-d2-cal-p3-n64-b128-classic9-recorded-6,timing,DECIMAL-D2-cal-classic9-arithmetic,d2-cal-p3-n64-b128-classic9,crexx,adapter,D2-decNumber-p3-n64-b128,D,no,steady-adapter,recorded,6,41,5000000,504365000,,0,pass,,
timing-DECIMAL-D2-cal-classic9-arithmetic-d2-cal-p3-n64-b64-classic9-recorded-6,timing,DECIMAL-D2-cal-classic9-arithmetic,d2-cal-p3-n64-b64-classic9,crexx,adapter,D2-decNumber-p3-n64-b64,D,no,steady-adapter,recorded,6,42,5000000,512132000,,0,pass,,
timing-DECIMAL-D2-cal-classic9-arithmetic-d2-cal-p3-n64-b36-classic9-recorded-6,timing,DECIMAL-D2-cal-classic9-arithmetic,d2-cal-p3-n64-b36-classic9,crexx,adapter,D2-decNumber-p3-n64-b36,D,no,steady-adapter,recorded,6,43,5000000,512673000,,0,pass,,
timing-DECIMAL-D2-cal-classic9-arithmetic-d2-cal-p3-n64-b20-classic9-recorded-6,timing,DECIMAL-D2-cal-classic9-arithmetic,d2-cal-p3-n64-b20-classic9,crexx,adapter,D2-decNumber-p3-n64-b20,D,no,steady-adapter,recorded,6,44,5000000,513893000,,0,pass,,
timing-DECIMAL-D2-cal-classic9-arithmetic-d2-cal-p3-n34-b128-classic9-recorded-6,timing,DECIMAL-D2-cal-classic9-arithmetic,d2-cal-p3-n34-b128-classic9,crexx,adapter,D2-decNumber-p3-n34-b128,D,no,steady-adapter,recorded,6,45,5000000,521589000,,0,pass,,
timing-DECIMAL-D2-cal-classic9-arithmetic-d2-cal-p3-n34-b64-classic9-recorded-6,timing,DECIMAL-D2-cal-classic9-arithmetic,d2-cal-p3-n34-b64-classic9,crexx,adapter,D2-decNumber-p3-n34-b64,D,no,steady-adapter,recorded,6,46,5000000,514484000,,0,pass,,
timing-DECIMAL-D2-cal-classic9-arithmetic-d2-cal-p3-n34-b36-classic9-recorded-6,timing,DECIMAL-D2-cal-classic9-arithmetic,d2-cal-p3-n34-b36-classic9,crexx,adapter,D2-decNumber-p3-n34-b36,D,no,steady-adapter,recorded,6,47,5000000,514081000,,0,pass,,
timing-DECIMAL-D2-cal-classic9-arithmetic-d2-cal-p3-n34-b20-classic9-recorded-6,timing,DECIMAL-D2-cal-classic9-arithmetic,d2-cal-p3-n34-b20-classic9,crexx,adapter,D2-decNumber-p3-n34-b20,D,no,steady-adapter,recorded,6,48,5000000,521178000,,0,pass,,
timing-DECIMAL-D2-cal-classic9-arithmetic-d2-cal-p3-n18-b128-classic9-recorded-6,timing,DECIMAL-D2-cal-classic9-arithmetic,d2-cal-p3-n18-b128-classic9,crexx,adapter,D2-decNumber-p3-n18-b128,D,no,steady-adapter,recorded,6,49,5000000,563280000,,0,pass,,
timing-DECIMAL-D2-cal-classic9-arithmetic-d2-cal-p3-n34-b36-classic9-recorded-7,timing,DECIMAL-D2-cal-classic9-arithmetic,d2-cal-p3-n34-b36-classic9,crexx,adapter,D2-decNumber-p3-n34-b36,D,no,steady-adapter,recorded,7,1,5000000,506565000,,0,pass,,
timing-DECIMAL-D2-cal-classic9-arithmetic-d2-cal-p3-n34-b64-classic9-recorded-7,timing,DECIMAL-D2-cal-classic9-arithmetic,d2-cal-p3-n34-b64-classic9,crexx,adapter,D2-decNumber-p3-n34-b64,D,no,steady-adapter,recorded,7,2,5000000,513271000,,0,pass,,
timing-DECIMAL-D2-cal-classic9-arithmetic-d2-cal-p3-n34-b128-classic9-recorded-7,timing,DECIMAL-D2-cal-classic9-arithmetic,d2-cal-p3-n34-b128-classic9,crexx,adapter,D2-decNumber-p3-n34-b128,D,no,steady-adapter,recorded,7,3,5000000,508304000,,0,pass,,
timing-DECIMAL-D2-cal-classic9-arithmetic-d2-cal-p3-n64-b20-classic9-recorded-7,timing,DECIMAL-D2-cal-classic9-arithmetic,d2-cal-p3-n64-b20-classic9,crexx,adapter,D2-decNumber-p3-n64-b20,D,no,steady-adapter,recorded,7,4,5000000,511535000,,0,pass,,
timing-DECIMAL-D2-cal-classic9-arithmetic-d2-cal-p3-n64-b36-classic9-recorded-7,timing,DECIMAL-D2-cal-classic9-arithmetic,d2-cal-p3-n64-b36-classic9,crexx,adapter,D2-decNumber-p3-n64-b36,D,no,steady-adapter,recorded,7,5,5000000,506612000,,0,pass,,
timing-DECIMAL-D2-cal-classic9-arithmetic-d2-cal-p3-n64-b64-classic9-recorded-7,timing,DECIMAL-D2-cal-classic9-arithmetic,d2-cal-p3-n64-b64-classic9,crexx,adapter,D2-decNumber-p3-n64-b64,D,no,steady-adapter,recorded,7,6,5000000,514933000,,0,pass,,
timing-DECIMAL-D2-cal-classic9-arithmetic-d2-cal-p3-n64-b128-classic9-recorded-7,timing,DECIMAL-D2-cal-classic9-arithmetic,d2-cal-p3-n64-b128-classic9,crexx,adapter,D2-decNumber-p3-n64-b128,D,no,steady-adapter,recorded,7,7,5000000,526406000,,0,pass,,
timing-DECIMAL-D2-cal-classic9-arithmetic-d2-cal-p4-n18-b20-classic9-recorded-7,timing,DECIMAL-D2-cal-classic9-arithmetic,d2-cal-p4-n18-b20-classic9,crexx,adapter,D2-decNumber-p4-n18-b20,D,no,steady-adapter,recorded,7,8,5000000,448085000,,0,pass,,
timing-DECIMAL-D2-cal-classic9-arithmetic-d2-cal-p4-n18-b36-classic9-recorded-7,timing,DECIMAL-D2-cal-classic9-arithmetic,d2-cal-p4-n18-b36-classic9,crexx,adapter,D2-decNumber-p4-n18-b36,D,no,steady-adapter,recorded,7,9,5000000,454278000,,0,pass,,
timing-DECIMAL-D2-cal-classic9-arithmetic-d2-cal-p4-n18-b64-classic9-recorded-7,timing,DECIMAL-D2-cal-classic9-arithmetic,d2-cal-p4-n18-b64-classic9,crexx,adapter,D2-decNumber-p4-n18-b64,D,no,steady-adapter,recorded,7,10,5000000,444242000,,0,pass,,
timing-DECIMAL-D2-cal-classic9-arithmetic-d2-cal-p4-n18-b128-classic9-recorded-7,timing,DECIMAL-D2-cal-classic9-arithmetic,d2-cal-p4-n18-b128-classic9,crexx,adapter,D2-decNumber-p4-n18-b128,D,no,steady-adapter,recorded,7,11,5000000,451598000,,0,pass,,
timing-DECIMAL-D2-cal-classic9-arithmetic-d2-cal-p4-n34-b20-classic9-recorded-7,timing,DECIMAL-D2-cal-classic9-arithmetic,d2-cal-p4-n34-b20-classic9,crexx,adapter,D2-decNumber-p4-n34-b20,D,no,steady-adapter,recorded,7,12,5000000,445566000,,0,pass,,
timing-DECIMAL-D2-cal-classic9-arithmetic-d2-cal-p4-n34-b36-classic9-recorded-7,timing,DECIMAL-D2-cal-classic9-arithmetic,d2-cal-p4-n34-b36-classic9,crexx,adapter,D2-decNumber-p4-n34-b36,D,no,steady-adapter,recorded,7,13,5000000,435969000,,0,pass,,
timing-DECIMAL-D2-cal-classic9-arithmetic-d2-cal-p4-n34-b64-classic9-recorded-7,timing,DECIMAL-D2-cal-classic9-arithmetic,d2-cal-p4-n34-b64-classic9,crexx,adapter,D2-decNumber-p4-n34-b64,D,no,steady-adapter,recorded,7,14,5000000,448268000,,0,pass,,
timing-DECIMAL-D2-cal-classic9-arithmetic-d2-cal-p4-n34-b128-classic9-recorded-7,timing,DECIMAL-D2-cal-classic9-arithmetic,d2-cal-p4-n34-b128-classic9,crexx,adapter,D2-decNumber-p4-n34-b128,D,no,steady-adapter,recorded,7,15,5000000,437267000,,0,pass,,
timing-DECIMAL-D2-cal-classic9-arithmetic-d2-cal-p4-n64-b20-classic9-recorded-7,timing,DECIMAL-D2-cal-classic9-arithmetic,d2-cal-p4-n64-b20-classic9,crexx,adapter,D2-decNumber-p4-n64-b20,D,no,steady-adapter,recorded,7,16,5000000,464226000,,0,pass,,
timing-DECIMAL-D2-cal-classic9-arithmetic-d2-cal-p4-n64-b36-classic9-recorded-7,timing,DECIMAL-D2-cal-classic9-arithmetic,d2-cal-p4-n64-b36-classic9,crexx,adapter,D2-decNumber-p4-n64-b36,D,no,steady-adapter,recorded,7,17,5000000,439450000,,0,pass,,
timing-DECIMAL-D2-cal-classic9-arithmetic-d2-cal-p4-n64-b64-classic9-recorded-7,timing,DECIMAL-D2-cal-classic9-arithmetic,d2-cal-p4-n64-b64-classic9,crexx,adapter,D2-decNumber-p4-n64-b64,D,no,steady-adapter,recorded,7,18,5000000,443715000,,0,pass,,
timing-DECIMAL-D2-cal-classic9-arithmetic-d2-cal-p4-n64-b128-classic9-recorded-7,timing,DECIMAL-D2-cal-classic9-arithmetic,d2-cal-p4-n64-b128-classic9,crexx,adapter,D2-decNumber-p4-n64-b128,D,no,steady-adapter,recorded,7,19,5000000,436592000,,0,pass,,
timing-DECIMAL-D2-cal-classic9-arithmetic-d2-cal-p8-n18-b20-classic9-recorded-7,timing,DECIMAL-D2-cal-classic9-arithmetic,d2-cal-p8-n18-b20-classic9,crexx,adapter,D2-decNumber-p8-n18-b20,D,no,steady-adapter,recorded,7,20,5000000,343263000,,0,pass,,
timing-DECIMAL-D2-cal-classic9-arithmetic-d2-cal-p8-n18-b36-classic9-recorded-7,timing,DECIMAL-D2-cal-classic9-arithmetic,d2-cal-p8-n18-b36-classic9,crexx,adapter,D2-decNumber-p8-n18-b36,D,no,steady-adapter,recorded,7,21,5000000,350332000,,0,pass,,
timing-DECIMAL-D2-cal-classic9-arithmetic-d2-cal-p8-n18-b64-classic9-recorded-7,timing,DECIMAL-D2-cal-classic9-arithmetic,d2-cal-p8-n18-b64-classic9,crexx,adapter,D2-decNumber-p8-n18-b64,D,no,steady-adapter,recorded,7,22,5000000,358506000,,0,pass,,
timing-DECIMAL-D2-cal-classic9-arithmetic-d2-cal-p8-n18-b128-classic9-recorded-7,timing,DECIMAL-D2-cal-classic9-arithmetic,d2-cal-p8-n18-b128-classic9,crexx,adapter,D2-decNumber-p8-n18-b128,D,no,steady-adapter,recorded,7,23,5000000,349881000,,0,pass,,
timing-DECIMAL-D2-cal-classic9-arithmetic-d2-cal-p8-n34-b20-classic9-recorded-7,timing,DECIMAL-D2-cal-classic9-arithmetic,d2-cal-p8-n34-b20-classic9,crexx,adapter,D2-decNumber-p8-n34-b20,D,no,steady-adapter,recorded,7,24,5000000,348304000,,0,pass,,
timing-DECIMAL-D2-cal-classic9-arithmetic-d2-cal-p8-n34-b36-classic9-recorded-7,timing,DECIMAL-D2-cal-classic9-arithmetic,d2-cal-p8-n34-b36-classic9,crexx,adapter,D2-decNumber-p8-n34-b36,D,no,steady-adapter,recorded,7,25,5000000,350956000,,0,pass,,
timing-DECIMAL-D2-cal-classic9-arithmetic-d2-cal-p8-n34-b64-classic9-recorded-7,timing,DECIMAL-D2-cal-classic9-arithmetic,d2-cal-p8-n34-b64-classic9,crexx,adapter,D2-decNumber-p8-n34-b64,D,no,steady-adapter,recorded,7,26,5000000,346572000,,0,pass,,
timing-DECIMAL-D2-cal-classic9-arithmetic-d2-cal-p8-n34-b128-classic9-recorded-7,timing,DECIMAL-D2-cal-classic9-arithmetic,d2-cal-p8-n34-b128-classic9,crexx,adapter,D2-decNumber-p8-n34-b128,D,no,steady-adapter,recorded,7,27,5000000,351607000,,0,pass,,
timing-DECIMAL-D2-cal-classic9-arithmetic-d2-cal-p8-n64-b20-classic9-recorded-7,timing,DECIMAL-D2-cal-classic9-arithmetic,d2-cal-p8-n64-b20-classic9,crexx,adapter,D2-decNumber-p8-n64-b20,D,no,steady-adapter,recorded,7,28,5000000,328274000,,0,pass,,
timing-DECIMAL-D2-cal-classic9-arithmetic-d2-cal-p8-n64-b36-classic9-recorded-7,timing,DECIMAL-D2-cal-classic9-arithmetic,d2-cal-p8-n64-b36-classic9,crexx,adapter,D2-decNumber-p8-n64-b36,D,no,steady-adapter,recorded,7,29,5000000,342298000,,0,pass,,
timing-DECIMAL-D2-cal-classic9-arithmetic-d2-cal-p8-n64-b64-classic9-recorded-7,timing,DECIMAL-D2-cal-classic9-arithmetic,d2-cal-p8-n64-b64-classic9,crexx,adapter,D2-decNumber-p8-n64-b64,D,no,steady-adapter,recorded,7,30,5000000,339230000,,0,pass,,
timing-DECIMAL-D2-cal-classic9-arithmetic-d2-cal-p8-n64-b128-classic9-recorded-7,timing,DECIMAL-D2-cal-classic9-arithmetic,d2-cal-p8-n64-b128-classic9,crexx,adapter,D2-decNumber-p8-n64-b128,D,no,steady-adapter,recorded,7,31,5000000,353964000,,0,pass,,
timing-DECIMAL-D2-cal-classic9-arithmetic-d2-cal-p9-n18-b20-classic9-recorded-7,timing,DECIMAL-D2-cal-classic9-arithmetic,d2-cal-p9-n18-b20-classic9,crexx,adapter,D2-decNumber-p9-n18-b20,D,no,steady-adapter,recorded,7,32,5000000,366675000,,0,pass,,
timing-DECIMAL-D2-cal-classic9-arithmetic-d2-cal-p9-n18-b36-classic9-recorded-7,timing,DECIMAL-D2-cal-classic9-arithmetic,d2-cal-p9-n18-b36-classic9,crexx,adapter,D2-decNumber-p9-n18-b36,D,no,steady-adapter,recorded,7,33,5000000,367496000,,0,pass,,
timing-DECIMAL-D2-cal-classic9-arithmetic-d2-cal-p9-n18-b64-classic9-recorded-7,timing,DECIMAL-D2-cal-classic9-arithmetic,d2-cal-p9-n18-b64-classic9,crexx,adapter,D2-decNumber-p9-n18-b64,D,no,steady-adapter,recorded,7,34,5000000,360045000,,0,pass,,
timing-DECIMAL-D2-cal-classic9-arithmetic-d2-cal-p9-n18-b128-classic9-recorded-7,timing,DECIMAL-D2-cal-classic9-arithmetic,d2-cal-p9-n18-b128-classic9,crexx,adapter,D2-decNumber-p9-n18-b128,D,no,steady-adapter,recorded,7,35,5000000,359816000,,0,pass,,
timing-DECIMAL-D2-cal-classic9-arithmetic-d2-cal-p9-n34-b20-classic9-recorded-7,timing,DECIMAL-D2-cal-classic9-arithmetic,d2-cal-p9-n34-b20-classic9,crexx,adapter,D2-decNumber-p9-n34-b20,D,no,steady-adapter,recorded,7,36,5000000,361606000,,0,pass,,
timing-DECIMAL-D2-cal-classic9-arithmetic-d2-cal-p9-n34-b36-classic9-recorded-7,timing,DECIMAL-D2-cal-classic9-arithmetic,d2-cal-p9-n34-b36-classic9,crexx,adapter,D2-decNumber-p9-n34-b36,D,no,steady-adapter,recorded,7,37,5000000,347990000,,0,pass,,
timing-DECIMAL-D2-cal-classic9-arithmetic-d2-cal-p9-n34-b64-classic9-recorded-7,timing,DECIMAL-D2-cal-classic9-arithmetic,d2-cal-p9-n34-b64-classic9,crexx,adapter,D2-decNumber-p9-n34-b64,D,no,steady-adapter,recorded,7,38,5000000,353136000,,0,pass,,
timing-DECIMAL-D2-cal-classic9-arithmetic-d2-cal-p9-n34-b128-classic9-recorded-7,timing,DECIMAL-D2-cal-classic9-arithmetic,d2-cal-p9-n34-b128-classic9,crexx,adapter,D2-decNumber-p9-n34-b128,D,no,steady-adapter,recorded,7,39,5000000,356000000,,0,pass,,
timing-DECIMAL-D2-cal-classic9-arithmetic-d2-cal-p9-n64-b20-classic9-recorded-7,timing,DECIMAL-D2-cal-classic9-arithmetic,d2-cal-p9-n64-b20-classic9,crexx,adapter,D2-decNumber-p9-n64-b20,D,no,steady-adapter,recorded,7,40,5000000,375918000,,0,pass,,
timing-DECIMAL-D2-cal-classic9-arithmetic-d2-cal-p9-n64-b36-classic9-recorded-7,timing,DECIMAL-D2-cal-classic9-arithmetic,d2-cal-p9-n64-b36-classic9,crexx,adapter,D2-decNumber-p9-n64-b36,D,no,steady-adapter,recorded,7,41,5000000,367281000,,0,pass,,
timing-DECIMAL-D2-cal-classic9-arithmetic-d2-cal-p9-n64-b64-classic9-recorded-7,timing,DECIMAL-D2-cal-classic9-arithmetic,d2-cal-p9-n64-b64-classic9,crexx,adapter,D2-decNumber-p9-n64-b64,D,no,steady-adapter,recorded,7,42,5000000,364647000,,0,pass,,
timing-DECIMAL-D2-cal-classic9-arithmetic-d2-cal-p9-n64-b128-classic9-recorded-7,timing,DECIMAL-D2-cal-classic9-arithmetic,d2-cal-p9-n64-b128-classic9,crexx,adapter,D2-decNumber-p9-n64-b128,D,no,steady-adapter,recorded,7,43,5000000,371204000,,0,pass,,
timing-DECIMAL-D2-cal-classic9-arithmetic-d2-cal-current-classic9-recorded-7,timing,DECIMAL-D2-cal-classic9-arithmetic,d2-cal-current-classic9,crexx,adapter,D0-mc-current,D,no,steady-adapter,recorded,7,44,5000000,348266000,,0,pass,,
timing-DECIMAL-D2-cal-classic9-arithmetic-d2-cal-p3-n18-b20-classic9-recorded-7,timing,DECIMAL-D2-cal-classic9-arithmetic,d2-cal-p3-n18-b20-classic9,crexx,adapter,D2-decNumber-p3-n18-b20,D,no,steady-adapter,recorded,7,45,5000000,513132000,,0,pass,,
timing-DECIMAL-D2-cal-classic9-arithmetic-d2-cal-p3-n18-b36-classic9-recorded-7,timing,DECIMAL-D2-cal-classic9-arithmetic,d2-cal-p3-n18-b36-classic9,crexx,adapter,D2-decNumber-p3-n18-b36,D,no,steady-adapter,recorded,7,46,5000000,500076000,,0,pass,,
timing-DECIMAL-D2-cal-classic9-arithmetic-d2-cal-p3-n18-b64-classic9-recorded-7,timing,DECIMAL-D2-cal-classic9-arithmetic,d2-cal-p3-n18-b64-classic9,crexx,adapter,D2-decNumber-p3-n18-b64,D,no,steady-adapter,recorded,7,47,5000000,504876000,,0,pass,,
timing-DECIMAL-D2-cal-classic9-arithmetic-d2-cal-p3-n18-b128-classic9-recorded-7,timing,DECIMAL-D2-cal-classic9-arithmetic,d2-cal-p3-n18-b128-classic9,crexx,adapter,D2-decNumber-p3-n18-b128,D,no,steady-adapter,recorded,7,48,5000000,514938000,,0,pass,,
timing-DECIMAL-D2-cal-classic9-arithmetic-d2-cal-p3-n34-b20-classic9-recorded-7,timing,DECIMAL-D2-cal-classic9-arithmetic,d2-cal-p3-n34-b20-classic9,crexx,adapter,D2-decNumber-p3-n34-b20,D,no,steady-adapter,recorded,7,49,5000000,519610000,,0,pass,,
timing-DECIMAL-D2-cal-classic9-arithmetic-d2-cal-p3-n34-b20-classic9-recorded-8,timing,DECIMAL-D2-cal-classic9-arithmetic,d2-cal-p3-n34-b20-classic9,crexx,adapter,D2-decNumber-p3-n34-b20,D,no,steady-adapter,recorded,8,1,5000000,528566000,,0,pass,,
timing-DECIMAL-D2-cal-classic9-arithmetic-d2-cal-p3-n18-b128-classic9-recorded-8,timing,DECIMAL-D2-cal-classic9-arithmetic,d2-cal-p3-n18-b128-classic9,crexx,adapter,D2-decNumber-p3-n18-b128,D,no,steady-adapter,recorded,8,2,5000000,515707000,,0,pass,,
timing-DECIMAL-D2-cal-classic9-arithmetic-d2-cal-p3-n18-b64-classic9-recorded-8,timing,DECIMAL-D2-cal-classic9-arithmetic,d2-cal-p3-n18-b64-classic9,crexx,adapter,D2-decNumber-p3-n18-b64,D,no,steady-adapter,recorded,8,3,5000000,512050000,,0,pass,,
timing-DECIMAL-D2-cal-classic9-arithmetic-d2-cal-p3-n18-b36-classic9-recorded-8,timing,DECIMAL-D2-cal-classic9-arithmetic,d2-cal-p3-n18-b36-classic9,crexx,adapter,D2-decNumber-p3-n18-b36,D,no,steady-adapter,recorded,8,4,5000000,507036000,,0,pass,,
timing-DECIMAL-D2-cal-classic9-arithmetic-d2-cal-p3-n18-b20-classic9-recorded-8,timing,DECIMAL-D2-cal-classic9-arithmetic,d2-cal-p3-n18-b20-classic9,crexx,adapter,D2-decNumber-p3-n18-b20,D,no,steady-adapter,recorded,8,5,5000000,494931000,,0,pass,,
timing-DECIMAL-D2-cal-classic9-arithmetic-d2-cal-current-classic9-recorded-8,timing,DECIMAL-D2-cal-classic9-arithmetic,d2-cal-current-classic9,crexx,adapter,D0-mc-current,D,no,steady-adapter,recorded,8,6,5000000,343901000,,0,pass,,
timing-DECIMAL-D2-cal-classic9-arithmetic-d2-cal-p9-n64-b128-classic9-recorded-8,timing,DECIMAL-D2-cal-classic9-arithmetic,d2-cal-p9-n64-b128-classic9,crexx,adapter,D2-decNumber-p9-n64-b128,D,no,steady-adapter,recorded,8,7,5000000,361158000,,0,pass,,
timing-DECIMAL-D2-cal-classic9-arithmetic-d2-cal-p9-n64-b64-classic9-recorded-8,timing,DECIMAL-D2-cal-classic9-arithmetic,d2-cal-p9-n64-b64-classic9,crexx,adapter,D2-decNumber-p9-n64-b64,D,no,steady-adapter,recorded,8,8,5000000,366363000,,0,pass,,
timing-DECIMAL-D2-cal-classic9-arithmetic-d2-cal-p9-n64-b36-classic9-recorded-8,timing,DECIMAL-D2-cal-classic9-arithmetic,d2-cal-p9-n64-b36-classic9,crexx,adapter,D2-decNumber-p9-n64-b36,D,no,steady-adapter,recorded,8,9,5000000,379944000,,0,pass,,
timing-DECIMAL-D2-cal-classic9-arithmetic-d2-cal-p9-n64-b20-classic9-recorded-8,timing,DECIMAL-D2-cal-classic9-arithmetic,d2-cal-p9-n64-b20-classic9,crexx,adapter,D2-decNumber-p9-n64-b20,D,no,steady-adapter,recorded,8,10,5000000,350709000,,0,pass,,
timing-DECIMAL-D2-cal-classic9-arithmetic-d2-cal-p9-n34-b128-classic9-recorded-8,timing,DECIMAL-D2-cal-classic9-arithmetic,d2-cal-p9-n34-b128-classic9,crexx,adapter,D2-decNumber-p9-n34-b128,D,no,steady-adapter,recorded,8,11,5000000,360850000,,0,pass,,
timing-DECIMAL-D2-cal-classic9-arithmetic-d2-cal-p9-n34-b64-classic9-recorded-8,timing,DECIMAL-D2-cal-classic9-arithmetic,d2-cal-p9-n34-b64-classic9,crexx,adapter,D2-decNumber-p9-n34-b64,D,no,steady-adapter,recorded,8,12,5000000,359898000,,0,pass,,
timing-DECIMAL-D2-cal-classic9-arithmetic-d2-cal-p9-n34-b36-classic9-recorded-8,timing,DECIMAL-D2-cal-classic9-arithmetic,d2-cal-p9-n34-b36-classic9,crexx,adapter,D2-decNumber-p9-n34-b36,D,no,steady-adapter,recorded,8,13,5000000,361579000,,0,pass,,
timing-DECIMAL-D2-cal-classic9-arithmetic-d2-cal-p9-n34-b20-classic9-recorded-8,timing,DECIMAL-D2-cal-classic9-arithmetic,d2-cal-p9-n34-b20-classic9,crexx,adapter,D2-decNumber-p9-n34-b20,D,no,steady-adapter,recorded,8,14,5000000,354929000,,0,pass,,
timing-DECIMAL-D2-cal-classic9-arithmetic-d2-cal-p9-n18-b128-classic9-recorded-8,timing,DECIMAL-D2-cal-classic9-arithmetic,d2-cal-p9-n18-b128-classic9,crexx,adapter,D2-decNumber-p9-n18-b128,D,no,steady-adapter,recorded,8,15,5000000,372165000,,0,pass,,
timing-DECIMAL-D2-cal-classic9-arithmetic-d2-cal-p9-n18-b64-classic9-recorded-8,timing,DECIMAL-D2-cal-classic9-arithmetic,d2-cal-p9-n18-b64-classic9,crexx,adapter,D2-decNumber-p9-n18-b64,D,no,steady-adapter,recorded,8,16,5000000,376694000,,0,pass,,
timing-DECIMAL-D2-cal-classic9-arithmetic-d2-cal-p9-n18-b36-classic9-recorded-8,timing,DECIMAL-D2-cal-classic9-arithmetic,d2-cal-p9-n18-b36-classic9,crexx,adapter,D2-decNumber-p9-n18-b36,D,no,steady-adapter,recorded,8,17,5000000,367567000,,0,pass,,
timing-DECIMAL-D2-cal-classic9-arithmetic-d2-cal-p9-n18-b20-classic9-recorded-8,timing,DECIMAL-D2-cal-classic9-arithmetic,d2-cal-p9-n18-b20-classic9,crexx,adapter,D2-decNumber-p9-n18-b20,D,no,steady-adapter,recorded,8,18,5000000,362872000,,0,pass,,
timing-DECIMAL-D2-cal-classic9-arithmetic-d2-cal-p8-n64-b128-classic9-recorded-8,timing,DECIMAL-D2-cal-classic9-arithmetic,d2-cal-p8-n64-b128-classic9,crexx,adapter,D2-decNumber-p8-n64-b128,D,no,steady-adapter,recorded,8,19,5000000,346160000,,0,pass,,
timing-DECIMAL-D2-cal-classic9-arithmetic-d2-cal-p8-n64-b64-classic9-recorded-8,timing,DECIMAL-D2-cal-classic9-arithmetic,d2-cal-p8-n64-b64-classic9,crexx,adapter,D2-decNumber-p8-n64-b64,D,no,steady-adapter,recorded,8,20,5000000,344803000,,0,pass,,
timing-DECIMAL-D2-cal-classic9-arithmetic-d2-cal-p8-n64-b36-classic9-recorded-8,timing,DECIMAL-D2-cal-classic9-arithmetic,d2-cal-p8-n64-b36-classic9,crexx,adapter,D2-decNumber-p8-n64-b36,D,no,steady-adapter,recorded,8,21,5000000,362555000,,0,pass,,
timing-DECIMAL-D2-cal-classic9-arithmetic-d2-cal-p8-n64-b20-classic9-recorded-8,timing,DECIMAL-D2-cal-classic9-arithmetic,d2-cal-p8-n64-b20-classic9,crexx,adapter,D2-decNumber-p8-n64-b20,D,no,steady-adapter,recorded,8,22,5000000,353984000,,0,pass,,
timing-DECIMAL-D2-cal-classic9-arithmetic-d2-cal-p8-n34-b128-classic9-recorded-8,timing,DECIMAL-D2-cal-classic9-arithmetic,d2-cal-p8-n34-b128-classic9,crexx,adapter,D2-decNumber-p8-n34-b128,D,no,steady-adapter,recorded,8,23,5000000,366583000,,0,pass,,
timing-DECIMAL-D2-cal-classic9-arithmetic-d2-cal-p8-n34-b64-classic9-recorded-8,timing,DECIMAL-D2-cal-classic9-arithmetic,d2-cal-p8-n34-b64-classic9,crexx,adapter,D2-decNumber-p8-n34-b64,D,no,steady-adapter,recorded,8,24,5000000,364258000,,0,pass,,
timing-DECIMAL-D2-cal-classic9-arithmetic-d2-cal-p8-n34-b36-classic9-recorded-8,timing,DECIMAL-D2-cal-classic9-arithmetic,d2-cal-p8-n34-b36-classic9,crexx,adapter,D2-decNumber-p8-n34-b36,D,no,steady-adapter,recorded,8,25,5000000,349902000,,0,pass,,
timing-DECIMAL-D2-cal-classic9-arithmetic-d2-cal-p8-n34-b20-classic9-recorded-8,timing,DECIMAL-D2-cal-classic9-arithmetic,d2-cal-p8-n34-b20-classic9,crexx,adapter,D2-decNumber-p8-n34-b20,D,no,steady-adapter,recorded,8,26,5000000,346610000,,0,pass,,
timing-DECIMAL-D2-cal-classic9-arithmetic-d2-cal-p8-n18-b128-classic9-recorded-8,timing,DECIMAL-D2-cal-classic9-arithmetic,d2-cal-p8-n18-b128-classic9,crexx,adapter,D2-decNumber-p8-n18-b128,D,no,steady-adapter,recorded,8,27,5000000,356536000,,0,pass,,
timing-DECIMAL-D2-cal-classic9-arithmetic-d2-cal-p8-n18-b64-classic9-recorded-8,timing,DECIMAL-D2-cal-classic9-arithmetic,d2-cal-p8-n18-b64-classic9,crexx,adapter,D2-decNumber-p8-n18-b64,D,no,steady-adapter,recorded,8,28,5000000,341626000,,0,pass,,
timing-DECIMAL-D2-cal-classic9-arithmetic-d2-cal-p8-n18-b36-classic9-recorded-8,timing,DECIMAL-D2-cal-classic9-arithmetic,d2-cal-p8-n18-b36-classic9,crexx,adapter,D2-decNumber-p8-n18-b36,D,no,steady-adapter,recorded,8,29,5000000,349952000,,0,pass,,
timing-DECIMAL-D2-cal-classic9-arithmetic-d2-cal-p8-n18-b20-classic9-recorded-8,timing,DECIMAL-D2-cal-classic9-arithmetic,d2-cal-p8-n18-b20-classic9,crexx,adapter,D2-decNumber-p8-n18-b20,D,no,steady-adapter,recorded,8,30,5000000,354921000,,0,pass,,
timing-DECIMAL-D2-cal-classic9-arithmetic-d2-cal-p4-n64-b128-classic9-recorded-8,timing,DECIMAL-D2-cal-classic9-arithmetic,d2-cal-p4-n64-b128-classic9,crexx,adapter,D2-decNumber-p4-n64-b128,D,no,steady-adapter,recorded,8,31,5000000,452257000,,0,pass,,
timing-DECIMAL-D2-cal-classic9-arithmetic-d2-cal-p4-n64-b64-classic9-recorded-8,timing,DECIMAL-D2-cal-classic9-arithmetic,d2-cal-p4-n64-b64-classic9,crexx,adapter,D2-decNumber-p4-n64-b64,D,no,steady-adapter,recorded,8,32,5000000,449399000,,0,pass,,
timing-DECIMAL-D2-cal-classic9-arithmetic-d2-cal-p4-n64-b36-classic9-recorded-8,timing,DECIMAL-D2-cal-classic9-arithmetic,d2-cal-p4-n64-b36-classic9,crexx,adapter,D2-decNumber-p4-n64-b36,D,no,steady-adapter,recorded,8,33,5000000,450464000,,0,pass,,
timing-DECIMAL-D2-cal-classic9-arithmetic-d2-cal-p4-n64-b20-classic9-recorded-8,timing,DECIMAL-D2-cal-classic9-arithmetic,d2-cal-p4-n64-b20-classic9,crexx,adapter,D2-decNumber-p4-n64-b20,D,no,steady-adapter,recorded,8,34,5000000,444279000,,0,pass,,
timing-DECIMAL-D2-cal-classic9-arithmetic-d2-cal-p4-n34-b128-classic9-recorded-8,timing,DECIMAL-D2-cal-classic9-arithmetic,d2-cal-p4-n34-b128-classic9,crexx,adapter,D2-decNumber-p4-n34-b128,D,no,steady-adapter,recorded,8,35,5000000,434842000,,0,pass,,
timing-DECIMAL-D2-cal-classic9-arithmetic-d2-cal-p4-n34-b64-classic9-recorded-8,timing,DECIMAL-D2-cal-classic9-arithmetic,d2-cal-p4-n34-b64-classic9,crexx,adapter,D2-decNumber-p4-n34-b64,D,no,steady-adapter,recorded,8,36,5000000,447573000,,0,pass,,
timing-DECIMAL-D2-cal-classic9-arithmetic-d2-cal-p4-n34-b36-classic9-recorded-8,timing,DECIMAL-D2-cal-classic9-arithmetic,d2-cal-p4-n34-b36-classic9,crexx,adapter,D2-decNumber-p4-n34-b36,D,no,steady-adapter,recorded,8,37,5000000,450686000,,0,pass,,
timing-DECIMAL-D2-cal-classic9-arithmetic-d2-cal-p4-n34-b20-classic9-recorded-8,timing,DECIMAL-D2-cal-classic9-arithmetic,d2-cal-p4-n34-b20-classic9,crexx,adapter,D2-decNumber-p4-n34-b20,D,no,steady-adapter,recorded,8,38,5000000,441616000,,0,pass,,
timing-DECIMAL-D2-cal-classic9-arithmetic-d2-cal-p4-n18-b128-classic9-recorded-8,timing,DECIMAL-D2-cal-classic9-arithmetic,d2-cal-p4-n18-b128-classic9,crexx,adapter,D2-decNumber-p4-n18-b128,D,no,steady-adapter,recorded,8,39,5000000,444022000,,0,pass,,
timing-DECIMAL-D2-cal-classic9-arithmetic-d2-cal-p4-n18-b64-classic9-recorded-8,timing,DECIMAL-D2-cal-classic9-arithmetic,d2-cal-p4-n18-b64-classic9,crexx,adapter,D2-decNumber-p4-n18-b64,D,no,steady-adapter,recorded,8,40,5000000,449123000,,0,pass,,
timing-DECIMAL-D2-cal-classic9-arithmetic-d2-cal-p4-n18-b36-classic9-recorded-8,timing,DECIMAL-D2-cal-classic9-arithmetic,d2-cal-p4-n18-b36-classic9,crexx,adapter,D2-decNumber-p4-n18-b36,D,no,steady-adapter,recorded,8,41,5000000,465597000,,0,pass,,
timing-DECIMAL-D2-cal-classic9-arithmetic-d2-cal-p4-n18-b20-classic9-recorded-8,timing,DECIMAL-D2-cal-classic9-arithmetic,d2-cal-p4-n18-b20-classic9,crexx,adapter,D2-decNumber-p4-n18-b20,D,no,steady-adapter,recorded,8,42,5000000,444928000,,0,pass,,
timing-DECIMAL-D2-cal-classic9-arithmetic-d2-cal-p3-n64-b128-classic9-recorded-8,timing,DECIMAL-D2-cal-classic9-arithmetic,d2-cal-p3-n64-b128-classic9,crexx,adapter,D2-decNumber-p3-n64-b128,D,no,steady-adapter,recorded,8,43,5000000,513593000,,0,pass,,
timing-DECIMAL-D2-cal-classic9-arithmetic-d2-cal-p3-n64-b64-classic9-recorded-8,timing,DECIMAL-D2-cal-classic9-arithmetic,d2-cal-p3-n64-b64-classic9,crexx,adapter,D2-decNumber-p3-n64-b64,D,no,steady-adapter,recorded,8,44,5000000,510608000,,0,pass,,
timing-DECIMAL-D2-cal-classic9-arithmetic-d2-cal-p3-n64-b36-classic9-recorded-8,timing,DECIMAL-D2-cal-classic9-arithmetic,d2-cal-p3-n64-b36-classic9,crexx,adapter,D2-decNumber-p3-n64-b36,D,no,steady-adapter,recorded,8,45,5000000,512829000,,0,pass,,
timing-DECIMAL-D2-cal-classic9-arithmetic-d2-cal-p3-n64-b20-classic9-recorded-8,timing,DECIMAL-D2-cal-classic9-arithmetic,d2-cal-p3-n64-b20-classic9,crexx,adapter,D2-decNumber-p3-n64-b20,D,no,steady-adapter,recorded,8,46,5000000,517036000,,0,pass,,
timing-DECIMAL-D2-cal-classic9-arithmetic-d2-cal-p3-n34-b128-classic9-recorded-8,timing,DECIMAL-D2-cal-classic9-arithmetic,d2-cal-p3-n34-b128-classic9,crexx,adapter,D2-decNumber-p3-n34-b128,D,no,steady-adapter,recorded,8,47,5000000,514899000,,0,pass,,
timing-DECIMAL-D2-cal-classic9-arithmetic-d2-cal-p3-n34-b64-classic9-recorded-8,timing,DECIMAL-D2-cal-classic9-arithmetic,d2-cal-p3-n34-b64-classic9,crexx,adapter,D2-decNumber-p3-n34-b64,D,no,steady-adapter,recorded,8,48,5000000,507310000,,0,pass,,
timing-DECIMAL-D2-cal-classic9-arithmetic-d2-cal-p3-n34-b36-classic9-recorded-8,timing,DECIMAL-D2-cal-classic9-arithmetic,d2-cal-p3-n34-b36-classic9,crexx,adapter,D2-decNumber-p3-n34-b36,D,no,steady-adapter,recorded,8,49,5000000,515014000,,0,pass,,
