sample_id,stream,line_number,text
timing-Sieve-sieve-rxvm-warmup-1,stdout,1,benchmark=awfy_sieve repetitions=5500 result=669
timing-Sieve-sieve-rxvm-warmup-1,stdout,2,PASS: AWFY Sieve
timing-Sieve-sieve-rxbvm-warmup-1,stdout,1,benchmark=awfy_sieve repetitions=5500 result=669
timing-Sieve-sieve-rxbvm-warmup-1,stdout,2,PASS: AWFY Sieve
timing-Sieve-sieve-oorexx-warmup-1,stdout,1,benchmark=awfy_sieve repetitions=5500 result=669
timing-Sieve-sieve-oorexx-warmup-1,stdout,2,PASS: AWFY Sieve Classic port
timing-Sieve-sieve-netrexx-warmup-1,stdout,1,benchmark=awfy_sieve repetitions=5500 result=669
timing-Sieve-sieve-netrexx-warmup-1,stdout,2,PASS: AWFY Sieve NetRexx decimal port
timing-Sieve-sieve-rxbvm-warmup-2,stdout,1,benchmark=awfy_sieve repetitions=5500 result=669
timing-Sieve-sieve-rxbvm-warmup-2,stdout,2,PASS: AWFY Sieve
timing-Sieve-sieve-oorexx-warmup-2,stdout,1,benchmark=awfy_sieve repetitions=5500 result=669
timing-Sieve-sieve-oorexx-warmup-2,stdout,2,PASS: AWFY Sieve Classic port
timing-Sieve-sieve-netrexx-warmup-2,stdout,1,benchmark=awfy_sieve repetitions=5500 result=669
timing-Sieve-sieve-netrexx-warmup-2,stdout,2,PASS: AWFY Sieve NetRexx decimal port
timing-Sieve-sieve-rxvm-warmup-2,stdout,1,benchmark=awfy_sieve repetitions=5500 result=669
timing-Sieve-sieve-rxvm-warmup-2,stdout,2,PASS: AWFY Sieve
timing-Sieve-sieve-rxvm-recorded-1,stdout,1,benchmark=awfy_sieve repetitions=5500 result=669
timing-Sieve-sieve-rxvm-recorded-1,stdout,2,PASS: AWFY Sieve
timing-Sieve-sieve-rxbvm-recorded-1,stdout,1,benchmark=awfy_sieve repetitions=5500 result=669
timing-Sieve-sieve-rxbvm-recorded-1,stdout,2,PASS: AWFY Sieve
timing-Sieve-sieve-oorexx-recorded-1,stdout,1,benchmark=awfy_sieve repetitions=5500 result=669
timing-Sieve-sieve-oorexx-recorded-1,stdout,2,PASS: AWFY Sieve Classic port
timing-Sieve-sieve-netrexx-recorded-1,stdout,1,benchmark=awfy_sieve repetitions=5500 result=669
timing-Sieve-sieve-netrexx-recorded-1,stdout,2,PASS: AWFY Sieve NetRexx decimal port
timing-Sieve-sieve-rxbvm-recorded-2,stdout,1,benchmark=awfy_sieve repetitions=5500 result=669
timing-Sieve-sieve-rxbvm-recorded-2,stdout,2,PASS: AWFY Sieve
timing-Sieve-sieve-oorexx-recorded-2,stdout,1,benchmark=awfy_sieve repetitions=5500 result=669
timing-Sieve-sieve-oorexx-recorded-2,stdout,2,PASS: AWFY Sieve Classic port
timing-Sieve-sieve-netrexx-recorded-2,stdout,1,benchmark=awfy_sieve repetitions=5500 result=669
timing-Sieve-sieve-netrexx-recorded-2,stdout,2,PASS: AWFY Sieve NetRexx decimal port
timing-Sieve-sieve-rxvm-recorded-2,stdout,1,benchmark=awfy_sieve repetitions=5500 result=669
timing-Sieve-sieve-rxvm-recorded-2,stdout,2,PASS: AWFY Sieve
timing-Sieve-sieve-oorexx-recorded-3,stdout,1,benchmark=awfy_sieve repetitions=5500 result=669
timing-Sieve-sieve-oorexx-recorded-3,stdout,2,PASS: AWFY Sieve Classic port
timing-Sieve-sieve-netrexx-recorded-3,stdout,1,benchmark=awfy_sieve repetitions=5500 result=669
timing-Sieve-sieve-netrexx-recorded-3,stdout,2,PASS: AWFY Sieve NetRexx decimal port
timing-Sieve-sieve-rxvm-recorded-3,stdout,1,benchmark=awfy_sieve repetitions=5500 result=669
timing-Sieve-sieve-rxvm-recorded-3,stdout,2,PASS: AWFY Sieve
timing-Sieve-sieve-rxbvm-recorded-3,stdout,1,benchmark=awfy_sieve repetitions=5500 result=669
timing-Sieve-sieve-rxbvm-recorded-3,stdout,2,PASS: AWFY Sieve
timing-Sieve-sieve-netrexx-recorded-4,stdout,1,benchmark=awfy_sieve repetitions=5500 result=669
timing-Sieve-sieve-netrexx-recorded-4,stdout,2,PASS: AWFY Sieve NetRexx decimal port
timing-Sieve-sieve-rxvm-recorded-4,stdout,1,benchmark=awfy_sieve repetitions=5500 result=669
timing-Sieve-sieve-rxvm-recorded-4,stdout,2,PASS: AWFY Sieve
timing-Sieve-sieve-rxbvm-recorded-4,stdout,1,benchmark=awfy_sieve repetitions=5500 result=669
timing-Sieve-sieve-rxbvm-recorded-4,stdout,2,PASS: AWFY Sieve
timing-Sieve-sieve-oorexx-recorded-4,stdout,1,benchmark=awfy_sieve repetitions=5500 result=669
timing-Sieve-sieve-oorexx-recorded-4,stdout,2,PASS: AWFY Sieve Classic port
timing-Sieve-sieve-rxvm-recorded-5,stdout,1,benchmark=awfy_sieve repetitions=5500 result=669
timing-Sieve-sieve-rxvm-recorded-5,stdout,2,PASS: AWFY Sieve
timing-Sieve-sieve-rxbvm-recorded-5,stdout,1,benchmark=awfy_sieve repetitions=5500 result=669
timing-Sieve-sieve-rxbvm-recorded-5,stdout,2,PASS: AWFY Sieve
timing-Sieve-sieve-oorexx-recorded-5,stdout,1,benchmark=awfy_sieve repetitions=5500 result=669
timing-Sieve-sieve-oorexx-recorded-5,stdout,2,PASS: AWFY Sieve Classic port
timing-Sieve-sieve-netrexx-recorded-5,stdout,1,benchmark=awfy_sieve repetitions=5500 result=669
timing-Sieve-sieve-netrexx-recorded-5,stdout,2,PASS: AWFY Sieve NetRexx decimal port
timing-Sieve-sieve-rxbvm-recorded-6,stdout,1,benchmark=awfy_sieve repetitions=5500 result=669
timing-Sieve-sieve-rxbvm-recorded-6,stdout,2,PASS: AWFY Sieve
timing-Sieve-sieve-oorexx-recorded-6,stdout,1,benchmark=awfy_sieve repetitions=5500 result=669
timing-Sieve-sieve-oorexx-recorded-6,stdout,2,PASS: AWFY Sieve Classic port
timing-Sieve-sieve-netrexx-recorded-6,stdout,1,benchmark=awfy_sieve repetitions=5500 result=669
timing-Sieve-sieve-netrexx-recorded-6,stdout,2,PASS: AWFY Sieve NetRexx decimal port
timing-Sieve-sieve-rxvm-recorded-6,stdout,1,benchmark=awfy_sieve repetitions=5500 result=669
timing-Sieve-sieve-rxvm-recorded-6,stdout,2,PASS: AWFY Sieve
timing-Sieve-sieve-oorexx-recorded-7,stdout,1,benchmark=awfy_sieve repetitions=5500 result=669
timing-Sieve-sieve-oorexx-recorded-7,stdout,2,PASS: AWFY Sieve Classic port
timing-Sieve-sieve-netrexx-recorded-7,stdout,1,benchmark=awfy_sieve repetitions=5500 result=669
timing-Sieve-sieve-netrexx-recorded-7,stdout,2,PASS: AWFY Sieve NetRexx decimal port
timing-Sieve-sieve-rxvm-recorded-7,stdout,1,benchmark=awfy_sieve repetitions=5500 result=669
timing-Sieve-sieve-rxvm-recorded-7,stdout,2,PASS: AWFY Sieve
timing-Sieve-sieve-rxbvm-recorded-7,stdout,1,benchmark=awfy_sieve repetitions=5500 result=669
timing-Sieve-sieve-rxbvm-recorded-7,stdout,2,PASS: AWFY Sieve
timing-Sieve-sieve-netrexx-recorded-8,stdout,1,benchmark=awfy_sieve repetitions=5500 result=669
timing-Sieve-sieve-netrexx-recorded-8,stdout,2,PASS: AWFY Sieve NetRexx decimal port
timing-Sieve-sieve-rxvm-recorded-8,stdout,1,benchmark=awfy_sieve repetitions=5500 result=669
timing-Sieve-sieve-rxvm-recorded-8,stdout,2,PASS: AWFY Sieve
timing-Sieve-sieve-rxbvm-recorded-8,stdout,1,benchmark=awfy_sieve repetitions=5500 result=669
timing-Sieve-sieve-rxbvm-recorded-8,stdout,2,PASS: AWFY Sieve
timing-Sieve-sieve-oorexx-recorded-8,stdout,1,benchmark=awfy_sieve repetitions=5500 result=669
timing-Sieve-sieve-oorexx-recorded-8,stdout,2,PASS: AWFY Sieve Classic port
timing-Sieve-sieve-rxvm-recorded-9,stdout,1,benchmark=awfy_sieve repetitions=5500 result=669
timing-Sieve-sieve-rxvm-recorded-9,stdout,2,PASS: AWFY Sieve
timing-Sieve-sieve-rxbvm-recorded-9,stdout,1,benchmark=awfy_sieve repetitions=5500 result=669
timing-Sieve-sieve-rxbvm-recorded-9,stdout,2,PASS: AWFY Sieve
timing-Sieve-sieve-oorexx-recorded-9,stdout,1,benchmark=awfy_sieve repetitions=5500 result=669
timing-Sieve-sieve-oorexx-recorded-9,stdout,2,PASS: AWFY Sieve Classic port
timing-Sieve-sieve-netrexx-recorded-9,stdout,1,benchmark=awfy_sieve repetitions=5500 result=669
timing-Sieve-sieve-netrexx-recorded-9,stdout,2,PASS: AWFY Sieve NetRexx decimal port
timing-Sieve-sieve-rxbvm-recorded-10,stdout,1,benchmark=awfy_sieve repetitions=5500 result=669
timing-Sieve-sieve-rxbvm-recorded-10,stdout,2,PASS: AWFY Sieve
timing-Sieve-sieve-oorexx-recorded-10,stdout,1,benchmark=awfy_sieve repetitions=5500 result=669
timing-Sieve-sieve-oorexx-recorded-10,stdout,2,PASS: AWFY Sieve Classic port
timing-Sieve-sieve-netrexx-recorded-10,stdout,1,benchmark=awfy_sieve repetitions=5500 result=669
timing-Sieve-sieve-netrexx-recorded-10,stdout,2,PASS: AWFY Sieve NetRexx decimal port
timing-Sieve-sieve-rxvm-recorded-10,stdout,1,benchmark=awfy_sieve repetitions=5500 result=669
timing-Sieve-sieve-rxvm-recorded-10,stdout,2,PASS: AWFY Sieve
timing-Permute-permute-rxvm-warmup-1,stdout,1,benchmark=awfy_permute repetitions=5000 result=8660
timing-Permute-permute-rxvm-warmup-1,stdout,2,PASS: AWFY Permute
timing-Permute-permute-rxbvm-warmup-1,stdout,1,benchmark=awfy_permute repetitions=5000 result=8660
timing-Permute-permute-rxbvm-warmup-1,stdout,2,PASS: AWFY Permute
timing-Permute-permute-oorexx-warmup-1,stdout,1,benchmark=awfy_permute repetitions=5000 result=8660
timing-Permute-permute-oorexx-warmup-1,stdout,2,PASS: AWFY Permute Classic procedural port
timing-Permute-permute-netrexx-warmup-1,stdout,1,benchmark=awfy_permute repetitions=5000 result=8660
timing-Permute-permute-netrexx-warmup-1,stdout,2,PASS: AWFY Permute NetRexx decimal port
timing-Permute-permute-rxbvm-warmup-2,stdout,1,benchmark=awfy_permute repetitions=5000 result=8660
timing-Permute-permute-rxbvm-warmup-2,stdout,2,PASS: AWFY Permute
timing-Permute-permute-oorexx-warmup-2,stdout,1,benchmark=awfy_permute repetitions=5000 result=8660
timing-Permute-permute-oorexx-warmup-2,stdout,2,PASS: AWFY Permute Classic procedural port
timing-Permute-permute-netrexx-warmup-2,stdout,1,benchmark=awfy_permute repetitions=5000 result=8660
timing-Permute-permute-netrexx-warmup-2,stdout,2,PASS: AWFY Permute NetRexx decimal port
timing-Permute-permute-rxvm-warmup-2,stdout,1,benchmark=awfy_permute repetitions=5000 result=8660
timing-Permute-permute-rxvm-warmup-2,stdout,2,PASS: AWFY Permute
timing-Permute-permute-rxvm-recorded-1,stdout,1,benchmark=awfy_permute repetitions=5000 result=8660
timing-Permute-permute-rxvm-recorded-1,stdout,2,PASS: AWFY Permute
timing-Permute-permute-rxbvm-recorded-1,stdout,1,benchmark=awfy_permute repetitions=5000 result=8660
timing-Permute-permute-rxbvm-recorded-1,stdout,2,PASS: AWFY Permute
timing-Permute-permute-oorexx-recorded-1,stdout,1,benchmark=awfy_permute repetitions=5000 result=8660
timing-Permute-permute-oorexx-recorded-1,stdout,2,PASS: AWFY Permute Classic procedural port
timing-Permute-permute-netrexx-recorded-1,stdout,1,benchmark=awfy_permute repetitions=5000 result=8660
timing-Permute-permute-netrexx-recorded-1,stdout,2,PASS: AWFY Permute NetRexx decimal port
timing-Permute-permute-rxbvm-recorded-2,stdout,1,benchmark=awfy_permute repetitions=5000 result=8660
timing-Permute-permute-rxbvm-recorded-2,stdout,2,PASS: AWFY Permute
timing-Permute-permute-oorexx-recorded-2,stdout,1,benchmark=awfy_permute repetitions=5000 result=8660
timing-Permute-permute-oorexx-recorded-2,stdout,2,PASS: AWFY Permute Classic procedural port
timing-Permute-permute-netrexx-recorded-2,stdout,1,benchmark=awfy_permute repetitions=5000 result=8660
timing-Permute-permute-netrexx-recorded-2,stdout,2,PASS: AWFY Permute NetRexx decimal port
timing-Permute-permute-rxvm-recorded-2,stdout,1,benchmark=awfy_permute repetitions=5000 result=8660
timing-Permute-permute-rxvm-recorded-2,stdout,2,PASS: AWFY Permute
timing-Permute-permute-oorexx-recorded-3,stdout,1,benchmark=awfy_permute repetitions=5000 result=8660
timing-Permute-permute-oorexx-recorded-3,stdout,2,PASS: AWFY Permute Classic procedural port
timing-Permute-permute-netrexx-recorded-3,stdout,1,benchmark=awfy_permute repetitions=5000 result=8660
timing-Permute-permute-netrexx-recorded-3,stdout,2,PASS: AWFY Permute NetRexx decimal port
timing-Permute-permute-rxvm-recorded-3,stdout,1,benchmark=awfy_permute repetitions=5000 result=8660
timing-Permute-permute-rxvm-recorded-3,stdout,2,PASS: AWFY Permute
timing-Permute-permute-rxbvm-recorded-3,stdout,1,benchmark=awfy_permute repetitions=5000 result=8660
timing-Permute-permute-rxbvm-recorded-3,stdout,2,PASS: AWFY Permute
timing-Permute-permute-netrexx-recorded-4,stdout,1,benchmark=awfy_permute repetitions=5000 result=8660
timing-Permute-permute-netrexx-recorded-4,stdout,2,PASS: AWFY Permute NetRexx decimal port
timing-Permute-permute-rxvm-recorded-4,stdout,1,benchmark=awfy_permute repetitions=5000 result=8660
timing-Permute-permute-rxvm-recorded-4,stdout,2,PASS: AWFY Permute
timing-Permute-permute-rxbvm-recorded-4,stdout,1,benchmark=awfy_permute repetitions=5000 result=8660
timing-Permute-permute-rxbvm-recorded-4,stdout,2,PASS: AWFY Permute
timing-Permute-permute-oorexx-recorded-4,stdout,1,benchmark=awfy_permute repetitions=5000 result=8660
timing-Permute-permute-oorexx-recorded-4,stdout,2,PASS: AWFY Permute Classic procedural port
timing-Permute-permute-rxvm-recorded-5,stdout,1,benchmark=awfy_permute repetitions=5000 result=8660
timing-Permute-permute-rxvm-recorded-5,stdout,2,PASS: AWFY Permute
timing-Permute-permute-rxbvm-recorded-5,stdout,1,benchmark=awfy_permute repetitions=5000 result=8660
timing-Permute-permute-rxbvm-recorded-5,stdout,2,PASS: AWFY Permute
timing-Permute-permute-oorexx-recorded-5,stdout,1,benchmark=awfy_permute repetitions=5000 result=8660
timing-Permute-permute-oorexx-recorded-5,stdout,2,PASS: AWFY Permute Classic procedural port
timing-Permute-permute-netrexx-recorded-5,stdout,1,benchmark=awfy_permute repetitions=5000 result=8660
timing-Permute-permute-netrexx-recorded-5,stdout,2,PASS: AWFY Permute NetRexx decimal port
timing-Permute-permute-rxbvm-recorded-6,stdout,1,benchmark=awfy_permute repetitions=5000 result=8660
timing-Permute-permute-rxbvm-recorded-6,stdout,2,PASS: AWFY Permute
timing-Permute-permute-oorexx-recorded-6,stdout,1,benchmark=awfy_permute repetitions=5000 result=8660
timing-Permute-permute-oorexx-recorded-6,stdout,2,PASS: AWFY Permute Classic procedural port
timing-Permute-permute-netrexx-recorded-6,stdout,1,benchmark=awfy_permute repetitions=5000 result=8660
timing-Permute-permute-netrexx-recorded-6,stdout,2,PASS: AWFY Permute NetRexx decimal port
timing-Permute-permute-rxvm-recorded-6,stdout,1,benchmark=awfy_permute repetitions=5000 result=8660
timing-Permute-permute-rxvm-recorded-6,stdout,2,PASS: AWFY Permute
timing-Permute-permute-oorexx-recorded-7,stdout,1,benchmark=awfy_permute repetitions=5000 result=8660
timing-Permute-permute-oorexx-recorded-7,stdout,2,PASS: AWFY Permute Classic procedural port
timing-Permute-permute-netrexx-recorded-7,stdout,1,benchmark=awfy_permute repetitions=5000 result=8660
timing-Permute-permute-netrexx-recorded-7,stdout,2,PASS: AWFY Permute NetRexx decimal port
timing-Permute-permute-rxvm-recorded-7,stdout,1,benchmark=awfy_permute repetitions=5000 result=8660
timing-Permute-permute-rxvm-recorded-7,stdout,2,PASS: AWFY Permute
timing-Permute-permute-rxbvm-recorded-7,stdout,1,benchmark=awfy_permute repetitions=5000 result=8660
timing-Permute-permute-rxbvm-recorded-7,stdout,2,PASS: AWFY Permute
timing-Permute-permute-netrexx-recorded-8,stdout,1,benchmark=awfy_permute repetitions=5000 result=8660
timing-Permute-permute-netrexx-recorded-8,stdout,2,PASS: AWFY Permute NetRexx decimal port
timing-Permute-permute-rxvm-recorded-8,stdout,1,benchmark=awfy_permute repetitions=5000 result=8660
timing-Permute-permute-rxvm-recorded-8,stdout,2,PASS: AWFY Permute
timing-Permute-permute-rxbvm-recorded-8,stdout,1,benchmark=awfy_permute repetitions=5000 result=8660
timing-Permute-permute-rxbvm-recorded-8,stdout,2,PASS: AWFY Permute
timing-Permute-permute-oorexx-recorded-8,stdout,1,benchmark=awfy_permute repetitions=5000 result=8660
timing-Permute-permute-oorexx-recorded-8,stdout,2,PASS: AWFY Permute Classic procedural port
timing-Permute-permute-rxvm-recorded-9,stdout,1,benchmark=awfy_permute repetitions=5000 result=8660
timing-Permute-permute-rxvm-recorded-9,stdout,2,PASS: AWFY Permute
timing-Permute-permute-rxbvm-recorded-9,stdout,1,benchmark=awfy_permute repetitions=5000 result=8660
timing-Permute-permute-rxbvm-recorded-9,stdout,2,PASS: AWFY Permute
timing-Permute-permute-oorexx-recorded-9,stdout,1,benchmark=awfy_permute repetitions=5000 result=8660
timing-Permute-permute-oorexx-recorded-9,stdout,2,PASS: AWFY Permute Classic procedural port
timing-Permute-permute-netrexx-recorded-9,stdout,1,benchmark=awfy_permute repetitions=5000 result=8660
timing-Permute-permute-netrexx-recorded-9,stdout,2,PASS: AWFY Permute NetRexx decimal port
timing-Permute-permute-rxbvm-recorded-10,stdout,1,benchmark=awfy_permute repetitions=5000 result=8660
timing-Permute-permute-rxbvm-recorded-10,stdout,2,PASS: AWFY Permute
timing-Permute-permute-oorexx-recorded-10,stdout,1,benchmark=awfy_permute repetitions=5000 result=8660
timing-Permute-permute-oorexx-recorded-10,stdout,2,PASS: AWFY Permute Classic procedural port
timing-Permute-permute-netrexx-recorded-10,stdout,1,benchmark=awfy_permute repetitions=5000 result=8660
timing-Permute-permute-netrexx-recorded-10,stdout,2,PASS: AWFY Permute NetRexx decimal port
timing-Permute-permute-rxvm-recorded-10,stdout,1,benchmark=awfy_permute repetitions=5000 result=8660
timing-Permute-permute-rxvm-recorded-10,stdout,2,PASS: AWFY Permute
timing-Bounce-bounce-rxvm-warmup-1,stdout,1,benchmark=awfy_bounce repetitions=4200 result=1331
timing-Bounce-bounce-rxvm-warmup-1,stdout,2,PASS: AWFY Bounce
timing-Bounce-bounce-rxbvm-warmup-1,stdout,1,benchmark=awfy_bounce repetitions=4200 result=1331
timing-Bounce-bounce-rxbvm-warmup-1,stdout,2,PASS: AWFY Bounce
timing-Bounce-bounce-oorexx-warmup-1,stdout,1,benchmark=awfy_bounce repetitions=4200 result=1331
timing-Bounce-bounce-oorexx-warmup-1,stdout,2,PASS: AWFY Bounce ooRexx object port
timing-Bounce-bounce-netrexx-warmup-1,stdout,1,benchmark=awfy_bounce repetitions=4200 result=1331
timing-Bounce-bounce-netrexx-warmup-1,stdout,2,PASS: AWFY Bounce NetRexx decimal port
timing-Bounce-bounce-rxbvm-warmup-2,stdout,1,benchmark=awfy_bounce repetitions=4200 result=1331
timing-Bounce-bounce-rxbvm-warmup-2,stdout,2,PASS: AWFY Bounce
timing-Bounce-bounce-oorexx-warmup-2,stdout,1,benchmark=awfy_bounce repetitions=4200 result=1331
timing-Bounce-bounce-oorexx-warmup-2,stdout,2,PASS: AWFY Bounce ooRexx object port
timing-Bounce-bounce-netrexx-warmup-2,stdout,1,benchmark=awfy_bounce repetitions=4200 result=1331
timing-Bounce-bounce-netrexx-warmup-2,stdout,2,PASS: AWFY Bounce NetRexx decimal port
timing-Bounce-bounce-rxvm-warmup-2,stdout,1,benchmark=awfy_bounce repetitions=4200 result=1331
timing-Bounce-bounce-rxvm-warmup-2,stdout,2,PASS: AWFY Bounce
timing-Bounce-bounce-rxvm-recorded-1,stdout,1,benchmark=awfy_bounce repetitions=4200 result=1331
timing-Bounce-bounce-rxvm-recorded-1,stdout,2,PASS: AWFY Bounce
timing-Bounce-bounce-rxbvm-recorded-1,stdout,1,benchmark=awfy_bounce repetitions=4200 result=1331
timing-Bounce-bounce-rxbvm-recorded-1,stdout,2,PASS: AWFY Bounce
timing-Bounce-bounce-oorexx-recorded-1,stdout,1,benchmark=awfy_bounce repetitions=4200 result=1331
timing-Bounce-bounce-oorexx-recorded-1,stdout,2,PASS: AWFY Bounce ooRexx object port
timing-Bounce-bounce-netrexx-recorded-1,stdout,1,benchmark=awfy_bounce repetitions=4200 result=1331
timing-Bounce-bounce-netrexx-recorded-1,stdout,2,PASS: AWFY Bounce NetRexx decimal port
timing-Bounce-bounce-rxbvm-recorded-2,stdout,1,benchmark=awfy_bounce repetitions=4200 result=1331
timing-Bounce-bounce-rxbvm-recorded-2,stdout,2,PASS: AWFY Bounce
timing-Bounce-bounce-oorexx-recorded-2,stdout,1,benchmark=awfy_bounce repetitions=4200 result=1331
timing-Bounce-bounce-oorexx-recorded-2,stdout,2,PASS: AWFY Bounce ooRexx object port
timing-Bounce-bounce-netrexx-recorded-2,stdout,1,benchmark=awfy_bounce repetitions=4200 result=1331
timing-Bounce-bounce-netrexx-recorded-2,stdout,2,PASS: AWFY Bounce NetRexx decimal port
timing-Bounce-bounce-rxvm-recorded-2,stdout,1,benchmark=awfy_bounce repetitions=4200 result=1331
timing-Bounce-bounce-rxvm-recorded-2,stdout,2,PASS: AWFY Bounce
timing-Bounce-bounce-oorexx-recorded-3,stdout,1,benchmark=awfy_bounce repetitions=4200 result=1331
timing-Bounce-bounce-oorexx-recorded-3,stdout,2,PASS: AWFY Bounce ooRexx object port
timing-Bounce-bounce-netrexx-recorded-3,stdout,1,benchmark=awfy_bounce repetitions=4200 result=1331
timing-Bounce-bounce-netrexx-recorded-3,stdout,2,PASS: AWFY Bounce NetRexx decimal port
timing-Bounce-bounce-rxvm-recorded-3,stdout,1,benchmark=awfy_bounce repetitions=4200 result=1331
timing-Bounce-bounce-rxvm-recorded-3,stdout,2,PASS: AWFY Bounce
timing-Bounce-bounce-rxbvm-recorded-3,stdout,1,benchmark=awfy_bounce repetitions=4200 result=1331
timing-Bounce-bounce-rxbvm-recorded-3,stdout,2,PASS: AWFY Bounce
timing-Bounce-bounce-netrexx-recorded-4,stdout,1,benchmark=awfy_bounce repetitions=4200 result=1331
timing-Bounce-bounce-netrexx-recorded-4,stdout,2,PASS: AWFY Bounce NetRexx decimal port
timing-Bounce-bounce-rxvm-recorded-4,stdout,1,benchmark=awfy_bounce repetitions=4200 result=1331
timing-Bounce-bounce-rxvm-recorded-4,stdout,2,PASS: AWFY Bounce
timing-Bounce-bounce-rxbvm-recorded-4,stdout,1,benchmark=awfy_bounce repetitions=4200 result=1331
timing-Bounce-bounce-rxbvm-recorded-4,stdout,2,PASS: AWFY Bounce
timing-Bounce-bounce-oorexx-recorded-4,stdout,1,benchmark=awfy_bounce repetitions=4200 result=1331
timing-Bounce-bounce-oorexx-recorded-4,stdout,2,PASS: AWFY Bounce ooRexx object port
timing-Bounce-bounce-rxvm-recorded-5,stdout,1,benchmark=awfy_bounce repetitions=4200 result=1331
timing-Bounce-bounce-rxvm-recorded-5,stdout,2,PASS: AWFY Bounce
timing-Bounce-bounce-rxbvm-recorded-5,stdout,1,benchmark=awfy_bounce repetitions=4200 result=1331
timing-Bounce-bounce-rxbvm-recorded-5,stdout,2,PASS: AWFY Bounce
timing-Bounce-bounce-oorexx-recorded-5,stdout,1,benchmark=awfy_bounce repetitions=4200 result=1331
timing-Bounce-bounce-oorexx-recorded-5,stdout,2,PASS: AWFY Bounce ooRexx object port
timing-Bounce-bounce-netrexx-recorded-5,stdout,1,benchmark=awfy_bounce repetitions=4200 result=1331
timing-Bounce-bounce-netrexx-recorded-5,stdout,2,PASS: AWFY Bounce NetRexx decimal port
timing-Bounce-bounce-rxbvm-recorded-6,stdout,1,benchmark=awfy_bounce repetitions=4200 result=1331
timing-Bounce-bounce-rxbvm-recorded-6,stdout,2,PASS: AWFY Bounce
timing-Bounce-bounce-oorexx-recorded-6,stdout,1,benchmark=awfy_bounce repetitions=4200 result=1331
timing-Bounce-bounce-oorexx-recorded-6,stdout,2,PASS: AWFY Bounce ooRexx object port
timing-Bounce-bounce-netrexx-recorded-6,stdout,1,benchmark=awfy_bounce repetitions=4200 result=1331
timing-Bounce-bounce-netrexx-recorded-6,stdout,2,PASS: AWFY Bounce NetRexx decimal port
timing-Bounce-bounce-rxvm-recorded-6,stdout,1,benchmark=awfy_bounce repetitions=4200 result=1331
timing-Bounce-bounce-rxvm-recorded-6,stdout,2,PASS: AWFY Bounce
timing-Bounce-bounce-oorexx-recorded-7,stdout,1,benchmark=awfy_bounce repetitions=4200 result=1331
timing-Bounce-bounce-oorexx-recorded-7,stdout,2,PASS: AWFY Bounce ooRexx object port
timing-Bounce-bounce-netrexx-recorded-7,stdout,1,benchmark=awfy_bounce repetitions=4200 result=1331
timing-Bounce-bounce-netrexx-recorded-7,stdout,2,PASS: AWFY Bounce NetRexx decimal port
timing-Bounce-bounce-rxvm-recorded-7,stdout,1,benchmark=awfy_bounce repetitions=4200 result=1331
timing-Bounce-bounce-rxvm-recorded-7,stdout,2,PASS: AWFY Bounce
timing-Bounce-bounce-rxbvm-recorded-7,stdout,1,benchmark=awfy_bounce repetitions=4200 result=1331
timing-Bounce-bounce-rxbvm-recorded-7,stdout,2,PASS: AWFY Bounce
timing-Bounce-bounce-netrexx-recorded-8,stdout,1,benchmark=awfy_bounce repetitions=4200 result=1331
timing-Bounce-bounce-netrexx-recorded-8,stdout,2,PASS: AWFY Bounce NetRexx decimal port
timing-Bounce-bounce-rxvm-recorded-8,stdout,1,benchmark=awfy_bounce repetitions=4200 result=1331
timing-Bounce-bounce-rxvm-recorded-8,stdout,2,PASS: AWFY Bounce
timing-Bounce-bounce-rxbvm-recorded-8,stdout,1,benchmark=awfy_bounce repetitions=4200 result=1331
timing-Bounce-bounce-rxbvm-recorded-8,stdout,2,PASS: AWFY Bounce
timing-Bounce-bounce-oorexx-recorded-8,stdout,1,benchmark=awfy_bounce repetitions=4200 result=1331
timing-Bounce-bounce-oorexx-recorded-8,stdout,2,PASS: AWFY Bounce ooRexx object port
timing-Bounce-bounce-rxvm-recorded-9,stdout,1,benchmark=awfy_bounce repetitions=4200 result=1331
timing-Bounce-bounce-rxvm-recorded-9,stdout,2,PASS: AWFY Bounce
timing-Bounce-bounce-rxbvm-recorded-9,stdout,1,benchmark=awfy_bounce repetitions=4200 result=1331
timing-Bounce-bounce-rxbvm-recorded-9,stdout,2,PASS: AWFY Bounce
timing-Bounce-bounce-oorexx-recorded-9,stdout,1,benchmark=awfy_bounce repetitions=4200 result=1331
timing-Bounce-bounce-oorexx-recorded-9,stdout,2,PASS: AWFY Bounce ooRexx object port
timing-Bounce-bounce-netrexx-recorded-9,stdout,1,benchmark=awfy_bounce repetitions=4200 result=1331
timing-Bounce-bounce-netrexx-recorded-9,stdout,2,PASS: AWFY Bounce NetRexx decimal port
timing-Bounce-bounce-rxbvm-recorded-10,stdout,1,benchmark=awfy_bounce repetitions=4200 result=1331
timing-Bounce-bounce-rxbvm-recorded-10,stdout,2,PASS: AWFY Bounce
timing-Bounce-bounce-oorexx-recorded-10,stdout,1,benchmark=awfy_bounce repetitions=4200 result=1331
timing-Bounce-bounce-oorexx-recorded-10,stdout,2,PASS: AWFY Bounce ooRexx object port
timing-Bounce-bounce-netrexx-recorded-10,stdout,1,benchmark=awfy_bounce repetitions=4200 result=1331
timing-Bounce-bounce-netrexx-recorded-10,stdout,2,PASS: AWFY Bounce NetRexx decimal port
timing-Bounce-bounce-rxvm-recorded-10,stdout,1,benchmark=awfy_bounce repetitions=4200 result=1331
timing-Bounce-bounce-rxvm-recorded-10,stdout,2,PASS: AWFY Bounce
timing-Richards-richards-rxvm-warmup-1,stdout,1,benchmark=awfy_richards repetitions=20 queue_packets=23246 holds=9297
timing-Richards-richards-rxvm-warmup-1,stdout,2,PASS: AWFY Richards
timing-Richards-richards-rxbvm-warmup-1,stdout,1,benchmark=awfy_richards repetitions=20 queue_packets=23246 holds=9297
timing-Richards-richards-rxbvm-warmup-1,stdout,2,PASS: AWFY Richards
timing-Richards-richards-oorexx-warmup-1,stdout,1,benchmark=awfy_richards repetitions=20 queue_packets=23246 holds=9297
timing-Richards-richards-oorexx-warmup-1,stdout,2,PASS: AWFY Richards ooRexx port
timing-Richards-richards-netrexx-warmup-1,stdout,1,benchmark=awfy_richards repetitions=20 queue_packets=23246 holds=9297
timing-Richards-richards-netrexx-warmup-1,stdout,2,PASS: AWFY Richards NetRexx decimal port
timing-Richards-richards-rxbvm-warmup-2,stdout,1,benchmark=awfy_richards repetitions=20 queue_packets=23246 holds=9297
timing-Richards-richards-rxbvm-warmup-2,stdout,2,PASS: AWFY Richards
timing-Richards-richards-oorexx-warmup-2,stdout,1,benchmark=awfy_richards repetitions=20 queue_packets=23246 holds=9297
timing-Richards-richards-oorexx-warmup-2,stdout,2,PASS: AWFY Richards ooRexx port
timing-Richards-richards-netrexx-warmup-2,stdout,1,benchmark=awfy_richards repetitions=20 queue_packets=23246 holds=9297
timing-Richards-richards-netrexx-warmup-2,stdout,2,PASS: AWFY Richards NetRexx decimal port
timing-Richards-richards-rxvm-warmup-2,stdout,1,benchmark=awfy_richards repetitions=20 queue_packets=23246 holds=9297
timing-Richards-richards-rxvm-warmup-2,stdout,2,PASS: AWFY Richards
timing-Richards-richards-rxvm-recorded-1,stdout,1,benchmark=awfy_richards repetitions=20 queue_packets=23246 holds=9297
timing-Richards-richards-rxvm-recorded-1,stdout,2,PASS: AWFY Richards
timing-Richards-richards-rxbvm-recorded-1,stdout,1,benchmark=awfy_richards repetitions=20 queue_packets=23246 holds=9297
timing-Richards-richards-rxbvm-recorded-1,stdout,2,PASS: AWFY Richards
timing-Richards-richards-oorexx-recorded-1,stdout,1,benchmark=awfy_richards repetitions=20 queue_packets=23246 holds=9297
timing-Richards-richards-oorexx-recorded-1,stdout,2,PASS: AWFY Richards ooRexx port
timing-Richards-richards-netrexx-recorded-1,stdout,1,benchmark=awfy_richards repetitions=20 queue_packets=23246 holds=9297
timing-Richards-richards-netrexx-recorded-1,stdout,2,PASS: AWFY Richards NetRexx decimal port
timing-Richards-richards-rxbvm-recorded-2,stdout,1,benchmark=awfy_richards repetitions=20 queue_packets=23246 holds=9297
timing-Richards-richards-rxbvm-recorded-2,stdout,2,PASS: AWFY Richards
timing-Richards-richards-oorexx-recorded-2,stdout,1,benchmark=awfy_richards repetitions=20 queue_packets=23246 holds=9297
timing-Richards-richards-oorexx-recorded-2,stdout,2,PASS: AWFY Richards ooRexx port
timing-Richards-richards-netrexx-recorded-2,stdout,1,benchmark=awfy_richards repetitions=20 queue_packets=23246 holds=9297
timing-Richards-richards-netrexx-recorded-2,stdout,2,PASS: AWFY Richards NetRexx decimal port
timing-Richards-richards-rxvm-recorded-2,stdout,1,benchmark=awfy_richards repetitions=20 queue_packets=23246 holds=9297
timing-Richards-richards-rxvm-recorded-2,stdout,2,PASS: AWFY Richards
timing-Richards-richards-oorexx-recorded-3,stdout,1,benchmark=awfy_richards repetitions=20 queue_packets=23246 holds=9297
timing-Richards-richards-oorexx-recorded-3,stdout,2,PASS: AWFY Richards ooRexx port
timing-Richards-richards-netrexx-recorded-3,stdout,1,benchmark=awfy_richards repetitions=20 queue_packets=23246 holds=9297
timing-Richards-richards-netrexx-recorded-3,stdout,2,PASS: AWFY Richards NetRexx decimal port
timing-Richards-richards-rxvm-recorded-3,stdout,1,benchmark=awfy_richards repetitions=20 queue_packets=23246 holds=9297
timing-Richards-richards-rxvm-recorded-3,stdout,2,PASS: AWFY Richards
timing-Richards-richards-rxbvm-recorded-3,stdout,1,benchmark=awfy_richards repetitions=20 queue_packets=23246 holds=9297
timing-Richards-richards-rxbvm-recorded-3,stdout,2,PASS: AWFY Richards
timing-Richards-richards-netrexx-recorded-4,stdout,1,benchmark=awfy_richards repetitions=20 queue_packets=23246 holds=9297
timing-Richards-richards-netrexx-recorded-4,stdout,2,PASS: AWFY Richards NetRexx decimal port
timing-Richards-richards-rxvm-recorded-4,stdout,1,benchmark=awfy_richards repetitions=20 queue_packets=23246 holds=9297
timing-Richards-richards-rxvm-recorded-4,stdout,2,PASS: AWFY Richards
timing-Richards-richards-rxbvm-recorded-4,stdout,1,benchmark=awfy_richards repetitions=20 queue_packets=23246 holds=9297
timing-Richards-richards-rxbvm-recorded-4,stdout,2,PASS: AWFY Richards
timing-Richards-richards-oorexx-recorded-4,stdout,1,benchmark=awfy_richards repetitions=20 queue_packets=23246 holds=9297
timing-Richards-richards-oorexx-recorded-4,stdout,2,PASS: AWFY Richards ooRexx port
timing-Richards-richards-rxvm-recorded-5,stdout,1,benchmark=awfy_richards repetitions=20 queue_packets=23246 holds=9297
timing-Richards-richards-rxvm-recorded-5,stdout,2,PASS: AWFY Richards
timing-Richards-richards-rxbvm-recorded-5,stdout,1,benchmark=awfy_richards repetitions=20 queue_packets=23246 holds=9297
timing-Richards-richards-rxbvm-recorded-5,stdout,2,PASS: AWFY Richards
timing-Richards-richards-oorexx-recorded-5,stdout,1,benchmark=awfy_richards repetitions=20 queue_packets=23246 holds=9297
timing-Richards-richards-oorexx-recorded-5,stdout,2,PASS: AWFY Richards ooRexx port
timing-Richards-richards-netrexx-recorded-5,stdout,1,benchmark=awfy_richards repetitions=20 queue_packets=23246 holds=9297
timing-Richards-richards-netrexx-recorded-5,stdout,2,PASS: AWFY Richards NetRexx decimal port
timing-Richards-richards-rxbvm-recorded-6,stdout,1,benchmark=awfy_richards repetitions=20 queue_packets=23246 holds=9297
timing-Richards-richards-rxbvm-recorded-6,stdout,2,PASS: AWFY Richards
timing-Richards-richards-oorexx-recorded-6,stdout,1,benchmark=awfy_richards repetitions=20 queue_packets=23246 holds=9297
timing-Richards-richards-oorexx-recorded-6,stdout,2,PASS: AWFY Richards ooRexx port
timing-Richards-richards-netrexx-recorded-6,stdout,1,benchmark=awfy_richards repetitions=20 queue_packets=23246 holds=9297
timing-Richards-richards-netrexx-recorded-6,stdout,2,PASS: AWFY Richards NetRexx decimal port
timing-Richards-richards-rxvm-recorded-6,stdout,1,benchmark=awfy_richards repetitions=20 queue_packets=23246 holds=9297
timing-Richards-richards-rxvm-recorded-6,stdout,2,PASS: AWFY Richards
timing-Richards-richards-oorexx-recorded-7,stdout,1,benchmark=awfy_richards repetitions=20 queue_packets=23246 holds=9297
timing-Richards-richards-oorexx-recorded-7,stdout,2,PASS: AWFY Richards ooRexx port
timing-Richards-richards-netrexx-recorded-7,stdout,1,benchmark=awfy_richards repetitions=20 queue_packets=23246 holds=9297
timing-Richards-richards-netrexx-recorded-7,stdout,2,PASS: AWFY Richards NetRexx decimal port
timing-Richards-richards-rxvm-recorded-7,stdout,1,benchmark=awfy_richards repetitions=20 queue_packets=23246 holds=9297
timing-Richards-richards-rxvm-recorded-7,stdout,2,PASS: AWFY Richards
timing-Richards-richards-rxbvm-recorded-7,stdout,1,benchmark=awfy_richards repetitions=20 queue_packets=23246 holds=9297
timing-Richards-richards-rxbvm-recorded-7,stdout,2,PASS: AWFY Richards
timing-Richards-richards-netrexx-recorded-8,stdout,1,benchmark=awfy_richards repetitions=20 queue_packets=23246 holds=9297
timing-Richards-richards-netrexx-recorded-8,stdout,2,PASS: AWFY Richards NetRexx decimal port
timing-Richards-richards-rxvm-recorded-8,stdout,1,benchmark=awfy_richards repetitions=20 queue_packets=23246 holds=9297
timing-Richards-richards-rxvm-recorded-8,stdout,2,PASS: AWFY Richards
timing-Richards-richards-rxbvm-recorded-8,stdout,1,benchmark=awfy_richards repetitions=20 queue_packets=23246 holds=9297
timing-Richards-richards-rxbvm-recorded-8,stdout,2,PASS: AWFY Richards
timing-Richards-richards-oorexx-recorded-8,stdout,1,benchmark=awfy_richards repetitions=20 queue_packets=23246 holds=9297
timing-Richards-richards-oorexx-recorded-8,stdout,2,PASS: AWFY Richards ooRexx port
timing-Richards-richards-rxvm-recorded-9,stdout,1,benchmark=awfy_richards repetitions=20 queue_packets=23246 holds=9297
timing-Richards-richards-rxvm-recorded-9,stdout,2,PASS: AWFY Richards
timing-Richards-richards-rxbvm-recorded-9,stdout,1,benchmark=awfy_richards repetitions=20 queue_packets=23246 holds=9297
timing-Richards-richards-rxbvm-recorded-9,stdout,2,PASS: AWFY Richards
timing-Richards-richards-oorexx-recorded-9,stdout,1,benchmark=awfy_richards repetitions=20 queue_packets=23246 holds=9297
timing-Richards-richards-oorexx-recorded-9,stdout,2,PASS: AWFY Richards ooRexx port
timing-Richards-richards-netrexx-recorded-9,stdout,1,benchmark=awfy_richards repetitions=20 queue_packets=23246 holds=9297
timing-Richards-richards-netrexx-recorded-9,stdout,2,PASS: AWFY Richards NetRexx decimal port
timing-Richards-richards-rxbvm-recorded-10,stdout,1,benchmark=awfy_richards repetitions=20 queue_packets=23246 holds=9297
timing-Richards-richards-rxbvm-recorded-10,stdout,2,PASS: AWFY Richards
timing-Richards-richards-oorexx-recorded-10,stdout,1,benchmark=awfy_richards repetitions=20 queue_packets=23246 holds=9297
timing-Richards-richards-oorexx-recorded-10,stdout,2,PASS: AWFY Richards ooRexx port
timing-Richards-richards-netrexx-recorded-10,stdout,1,benchmark=awfy_richards repetitions=20 queue_packets=23246 holds=9297
timing-Richards-richards-netrexx-recorded-10,stdout,2,PASS: AWFY Richards NetRexx decimal port
timing-Richards-richards-rxvm-recorded-10,stdout,1,benchmark=awfy_richards repetitions=20 queue_packets=23246 holds=9297
timing-Richards-richards-rxvm-recorded-10,stdout,2,PASS: AWFY Richards
timing-Base64-base64-rxvm-warmup-1,stdout,1,benchmark=base64_roundtrip repetitions=2500 encoded_length=1368 checksum=130560
timing-Base64-base64-rxvm-warmup-1,stdout,2,PASS: Base64 Roundtrip
timing-Base64-base64-rxbvm-warmup-1,stdout,1,benchmark=base64_roundtrip repetitions=2500 encoded_length=1368 checksum=130560
timing-Base64-base64-rxbvm-warmup-1,stdout,2,PASS: Base64 Roundtrip
timing-Base64-base64-oorexx-warmup-1,stdout,1,benchmark=base64_roundtrip repetitions=2500 encoded_length=1368 checksum=130560
timing-Base64-base64-oorexx-warmup-1,stdout,2,PASS: Base64 Roundtrip ooRexx port
timing-Base64-base64-netrexx-warmup-1,stdout,1,benchmark=base64_roundtrip repetitions=2500 encoded_length=1368 checksum=130560
timing-Base64-base64-netrexx-warmup-1,stdout,2,PASS: Base64 Roundtrip NetRexx decimal port
timing-Base64-base64-rxbvm-warmup-2,stdout,1,benchmark=base64_roundtrip repetitions=2500 encoded_length=1368 checksum=130560
timing-Base64-base64-rxbvm-warmup-2,stdout,2,PASS: Base64 Roundtrip
timing-Base64-base64-oorexx-warmup-2,stdout,1,benchmark=base64_roundtrip repetitions=2500 encoded_length=1368 checksum=130560
timing-Base64-base64-oorexx-warmup-2,stdout,2,PASS: Base64 Roundtrip ooRexx port
timing-Base64-base64-netrexx-warmup-2,stdout,1,benchmark=base64_roundtrip repetitions=2500 encoded_length=1368 checksum=130560
timing-Base64-base64-netrexx-warmup-2,stdout,2,PASS: Base64 Roundtrip NetRexx decimal port
timing-Base64-base64-rxvm-warmup-2,stdout,1,benchmark=base64_roundtrip repetitions=2500 encoded_length=1368 checksum=130560
timing-Base64-base64-rxvm-warmup-2,stdout,2,PASS: Base64 Roundtrip
timing-Base64-base64-rxvm-recorded-1,stdout,1,benchmark=base64_roundtrip repetitions=2500 encoded_length=1368 checksum=130560
timing-Base64-base64-rxvm-recorded-1,stdout,2,PASS: Base64 Roundtrip
timing-Base64-base64-rxbvm-recorded-1,stdout,1,benchmark=base64_roundtrip repetitions=2500 encoded_length=1368 checksum=130560
timing-Base64-base64-rxbvm-recorded-1,stdout,2,PASS: Base64 Roundtrip
timing-Base64-base64-oorexx-recorded-1,stdout,1,benchmark=base64_roundtrip repetitions=2500 encoded_length=1368 checksum=130560
timing-Base64-base64-oorexx-recorded-1,stdout,2,PASS: Base64 Roundtrip ooRexx port
timing-Base64-base64-netrexx-recorded-1,stdout,1,benchmark=base64_roundtrip repetitions=2500 encoded_length=1368 checksum=130560
timing-Base64-base64-netrexx-recorded-1,stdout,2,PASS: Base64 Roundtrip NetRexx decimal port
timing-Base64-base64-rxbvm-recorded-2,stdout,1,benchmark=base64_roundtrip repetitions=2500 encoded_length=1368 checksum=130560
timing-Base64-base64-rxbvm-recorded-2,stdout,2,PASS: Base64 Roundtrip
timing-Base64-base64-oorexx-recorded-2,stdout,1,benchmark=base64_roundtrip repetitions=2500 encoded_length=1368 checksum=130560
timing-Base64-base64-oorexx-recorded-2,stdout,2,PASS: Base64 Roundtrip ooRexx port
timing-Base64-base64-netrexx-recorded-2,stdout,1,benchmark=base64_roundtrip repetitions=2500 encoded_length=1368 checksum=130560
timing-Base64-base64-netrexx-recorded-2,stdout,2,PASS: Base64 Roundtrip NetRexx decimal port
timing-Base64-base64-rxvm-recorded-2,stdout,1,benchmark=base64_roundtrip repetitions=2500 encoded_length=1368 checksum=130560
timing-Base64-base64-rxvm-recorded-2,stdout,2,PASS: Base64 Roundtrip
timing-Base64-base64-oorexx-recorded-3,stdout,1,benchmark=base64_roundtrip repetitions=2500 encoded_length=1368 checksum=130560
timing-Base64-base64-oorexx-recorded-3,stdout,2,PASS: Base64 Roundtrip ooRexx port
timing-Base64-base64-netrexx-recorded-3,stdout,1,benchmark=base64_roundtrip repetitions=2500 encoded_length=1368 checksum=130560
timing-Base64-base64-netrexx-recorded-3,stdout,2,PASS: Base64 Roundtrip NetRexx decimal port
timing-Base64-base64-rxvm-recorded-3,stdout,1,benchmark=base64_roundtrip repetitions=2500 encoded_length=1368 checksum=130560
timing-Base64-base64-rxvm-recorded-3,stdout,2,PASS: Base64 Roundtrip
timing-Base64-base64-rxbvm-recorded-3,stdout,1,benchmark=base64_roundtrip repetitions=2500 encoded_length=1368 checksum=130560
timing-Base64-base64-rxbvm-recorded-3,stdout,2,PASS: Base64 Roundtrip
timing-Base64-base64-netrexx-recorded-4,stdout,1,benchmark=base64_roundtrip repetitions=2500 encoded_length=1368 checksum=130560
timing-Base64-base64-netrexx-recorded-4,stdout,2,PASS: Base64 Roundtrip NetRexx decimal port
timing-Base64-base64-rxvm-recorded-4,stdout,1,benchmark=base64_roundtrip repetitions=2500 encoded_length=1368 checksum=130560
timing-Base64-base64-rxvm-recorded-4,stdout,2,PASS: Base64 Roundtrip
timing-Base64-base64-rxbvm-recorded-4,stdout,1,benchmark=base64_roundtrip repetitions=2500 encoded_length=1368 checksum=130560
timing-Base64-base64-rxbvm-recorded-4,stdout,2,PASS: Base64 Roundtrip
timing-Base64-base64-oorexx-recorded-4,stdout,1,benchmark=base64_roundtrip repetitions=2500 encoded_length=1368 checksum=130560
timing-Base64-base64-oorexx-recorded-4,stdout,2,PASS: Base64 Roundtrip ooRexx port
timing-Base64-base64-rxvm-recorded-5,stdout,1,benchmark=base64_roundtrip repetitions=2500 encoded_length=1368 checksum=130560
timing-Base64-base64-rxvm-recorded-5,stdout,2,PASS: Base64 Roundtrip
timing-Base64-base64-rxbvm-recorded-5,stdout,1,benchmark=base64_roundtrip repetitions=2500 encoded_length=1368 checksum=130560
timing-Base64-base64-rxbvm-recorded-5,stdout,2,PASS: Base64 Roundtrip
timing-Base64-base64-oorexx-recorded-5,stdout,1,benchmark=base64_roundtrip repetitions=2500 encoded_length=1368 checksum=130560
timing-Base64-base64-oorexx-recorded-5,stdout,2,PASS: Base64 Roundtrip ooRexx port
timing-Base64-base64-netrexx-recorded-5,stdout,1,benchmark=base64_roundtrip repetitions=2500 encoded_length=1368 checksum=130560
timing-Base64-base64-netrexx-recorded-5,stdout,2,PASS: Base64 Roundtrip NetRexx decimal port
timing-Base64-base64-rxbvm-recorded-6,stdout,1,benchmark=base64_roundtrip repetitions=2500 encoded_length=1368 checksum=130560
timing-Base64-base64-rxbvm-recorded-6,stdout,2,PASS: Base64 Roundtrip
timing-Base64-base64-oorexx-recorded-6,stdout,1,benchmark=base64_roundtrip repetitions=2500 encoded_length=1368 checksum=130560
timing-Base64-base64-oorexx-recorded-6,stdout,2,PASS: Base64 Roundtrip ooRexx port
timing-Base64-base64-netrexx-recorded-6,stdout,1,benchmark=base64_roundtrip repetitions=2500 encoded_length=1368 checksum=130560
timing-Base64-base64-netrexx-recorded-6,stdout,2,PASS: Base64 Roundtrip NetRexx decimal port
timing-Base64-base64-rxvm-recorded-6,stdout,1,benchmark=base64_roundtrip repetitions=2500 encoded_length=1368 checksum=130560
timing-Base64-base64-rxvm-recorded-6,stdout,2,PASS: Base64 Roundtrip
timing-Base64-base64-oorexx-recorded-7,stdout,1,benchmark=base64_roundtrip repetitions=2500 encoded_length=1368 checksum=130560
timing-Base64-base64-oorexx-recorded-7,stdout,2,PASS: Base64 Roundtrip ooRexx port
timing-Base64-base64-netrexx-recorded-7,stdout,1,benchmark=base64_roundtrip repetitions=2500 encoded_length=1368 checksum=130560
timing-Base64-base64-netrexx-recorded-7,stdout,2,PASS: Base64 Roundtrip NetRexx decimal port
timing-Base64-base64-rxvm-recorded-7,stdout,1,benchmark=base64_roundtrip repetitions=2500 encoded_length=1368 checksum=130560
timing-Base64-base64-rxvm-recorded-7,stdout,2,PASS: Base64 Roundtrip
timing-Base64-base64-rxbvm-recorded-7,stdout,1,benchmark=base64_roundtrip repetitions=2500 encoded_length=1368 checksum=130560
timing-Base64-base64-rxbvm-recorded-7,stdout,2,PASS: Base64 Roundtrip
timing-Base64-base64-netrexx-recorded-8,stdout,1,benchmark=base64_roundtrip repetitions=2500 encoded_length=1368 checksum=130560
timing-Base64-base64-netrexx-recorded-8,stdout,2,PASS: Base64 Roundtrip NetRexx decimal port
timing-Base64-base64-rxvm-recorded-8,stdout,1,benchmark=base64_roundtrip repetitions=2500 encoded_length=1368 checksum=130560
timing-Base64-base64-rxvm-recorded-8,stdout,2,PASS: Base64 Roundtrip
timing-Base64-base64-rxbvm-recorded-8,stdout,1,benchmark=base64_roundtrip repetitions=2500 encoded_length=1368 checksum=130560
timing-Base64-base64-rxbvm-recorded-8,stdout,2,PASS: Base64 Roundtrip
timing-Base64-base64-oorexx-recorded-8,stdout,1,benchmark=base64_roundtrip repetitions=2500 encoded_length=1368 checksum=130560
timing-Base64-base64-oorexx-recorded-8,stdout,2,PASS: Base64 Roundtrip ooRexx port
timing-Base64-base64-rxvm-recorded-9,stdout,1,benchmark=base64_roundtrip repetitions=2500 encoded_length=1368 checksum=130560
timing-Base64-base64-rxvm-recorded-9,stdout,2,PASS: Base64 Roundtrip
timing-Base64-base64-rxbvm-recorded-9,stdout,1,benchmark=base64_roundtrip repetitions=2500 encoded_length=1368 checksum=130560
timing-Base64-base64-rxbvm-recorded-9,stdout,2,PASS: Base64 Roundtrip
timing-Base64-base64-oorexx-recorded-9,stdout,1,benchmark=base64_roundtrip repetitions=2500 encoded_length=1368 checksum=130560
timing-Base64-base64-oorexx-recorded-9,stdout,2,PASS: Base64 Roundtrip ooRexx port
timing-Base64-base64-netrexx-recorded-9,stdout,1,benchmark=base64_roundtrip repetitions=2500 encoded_length=1368 checksum=130560
timing-Base64-base64-netrexx-recorded-9,stdout,2,PASS: Base64 Roundtrip NetRexx decimal port
timing-Base64-base64-rxbvm-recorded-10,stdout,1,benchmark=base64_roundtrip repetitions=2500 encoded_length=1368 checksum=130560
timing-Base64-base64-rxbvm-recorded-10,stdout,2,PASS: Base64 Roundtrip
timing-Base64-base64-oorexx-recorded-10,stdout,1,benchmark=base64_roundtrip repetitions=2500 encoded_length=1368 checksum=130560
timing-Base64-base64-oorexx-recorded-10,stdout,2,PASS: Base64 Roundtrip ooRexx port
timing-Base64-base64-netrexx-recorded-10,stdout,1,benchmark=base64_roundtrip repetitions=2500 encoded_length=1368 checksum=130560
timing-Base64-base64-netrexx-recorded-10,stdout,2,PASS: Base64 Roundtrip NetRexx decimal port
timing-Base64-base64-rxvm-recorded-10,stdout,1,benchmark=base64_roundtrip repetitions=2500 encoded_length=1368 checksum=130560
timing-Base64-base64-rxvm-recorded-10,stdout,2,PASS: Base64 Roundtrip
timing-Towers-towers-rxvm-warmup-1,stdout,1,benchmark=awfy_towers repetitions=100 result=8191
timing-Towers-towers-rxvm-warmup-1,stdout,2,PASS: AWFY Towers
timing-Towers-towers-rxbvm-warmup-1,stdout,1,benchmark=awfy_towers repetitions=100 result=8191
timing-Towers-towers-rxbvm-warmup-1,stdout,2,PASS: AWFY Towers
timing-Towers-towers-oorexx-warmup-1,stdout,1,benchmark=awfy_towers repetitions=100 result=8191
timing-Towers-towers-oorexx-warmup-1,stdout,2,PASS: AWFY Towers ooRexx object port
timing-Towers-towers-netrexx-warmup-1,stdout,1,benchmark=awfy_towers repetitions=100 result=8191
timing-Towers-towers-netrexx-warmup-1,stdout,2,PASS: AWFY Towers NetRexx port
timing-Towers-towers-rxbvm-warmup-2,stdout,1,benchmark=awfy_towers repetitions=100 result=8191
timing-Towers-towers-rxbvm-warmup-2,stdout,2,PASS: AWFY Towers
timing-Towers-towers-oorexx-warmup-2,stdout,1,benchmark=awfy_towers repetitions=100 result=8191
timing-Towers-towers-oorexx-warmup-2,stdout,2,PASS: AWFY Towers ooRexx object port
timing-Towers-towers-netrexx-warmup-2,stdout,1,benchmark=awfy_towers repetitions=100 result=8191
timing-Towers-towers-netrexx-warmup-2,stdout,2,PASS: AWFY Towers NetRexx port
timing-Towers-towers-rxvm-warmup-2,stdout,1,benchmark=awfy_towers repetitions=100 result=8191
timing-Towers-towers-rxvm-warmup-2,stdout,2,PASS: AWFY Towers
timing-Towers-towers-rxvm-recorded-1,stdout,1,benchmark=awfy_towers repetitions=100 result=8191
timing-Towers-towers-rxvm-recorded-1,stdout,2,PASS: AWFY Towers
timing-Towers-towers-rxbvm-recorded-1,stdout,1,benchmark=awfy_towers repetitions=100 result=8191
timing-Towers-towers-rxbvm-recorded-1,stdout,2,PASS: AWFY Towers
timing-Towers-towers-oorexx-recorded-1,stdout,1,benchmark=awfy_towers repetitions=100 result=8191
timing-Towers-towers-oorexx-recorded-1,stdout,2,PASS: AWFY Towers ooRexx object port
timing-Towers-towers-netrexx-recorded-1,stdout,1,benchmark=awfy_towers repetitions=100 result=8191
timing-Towers-towers-netrexx-recorded-1,stdout,2,PASS: AWFY Towers NetRexx port
timing-Towers-towers-rxbvm-recorded-2,stdout,1,benchmark=awfy_towers repetitions=100 result=8191
timing-Towers-towers-rxbvm-recorded-2,stdout,2,PASS: AWFY Towers
timing-Towers-towers-oorexx-recorded-2,stdout,1,benchmark=awfy_towers repetitions=100 result=8191
timing-Towers-towers-oorexx-recorded-2,stdout,2,PASS: AWFY Towers ooRexx object port
timing-Towers-towers-netrexx-recorded-2,stdout,1,benchmark=awfy_towers repetitions=100 result=8191
timing-Towers-towers-netrexx-recorded-2,stdout,2,PASS: AWFY Towers NetRexx port
timing-Towers-towers-rxvm-recorded-2,stdout,1,benchmark=awfy_towers repetitions=100 result=8191
timing-Towers-towers-rxvm-recorded-2,stdout,2,PASS: AWFY Towers
timing-Towers-towers-oorexx-recorded-3,stdout,1,benchmark=awfy_towers repetitions=100 result=8191
timing-Towers-towers-oorexx-recorded-3,stdout,2,PASS: AWFY Towers ooRexx object port
timing-Towers-towers-netrexx-recorded-3,stdout,1,benchmark=awfy_towers repetitions=100 result=8191
timing-Towers-towers-netrexx-recorded-3,stdout,2,PASS: AWFY Towers NetRexx port
timing-Towers-towers-rxvm-recorded-3,stdout,1,benchmark=awfy_towers repetitions=100 result=8191
timing-Towers-towers-rxvm-recorded-3,stdout,2,PASS: AWFY Towers
timing-Towers-towers-rxbvm-recorded-3,stdout,1,benchmark=awfy_towers repetitions=100 result=8191
timing-Towers-towers-rxbvm-recorded-3,stdout,2,PASS: AWFY Towers
timing-Towers-towers-netrexx-recorded-4,stdout,1,benchmark=awfy_towers repetitions=100 result=8191
timing-Towers-towers-netrexx-recorded-4,stdout,2,PASS: AWFY Towers NetRexx port
timing-Towers-towers-rxvm-recorded-4,stdout,1,benchmark=awfy_towers repetitions=100 result=8191
timing-Towers-towers-rxvm-recorded-4,stdout,2,PASS: AWFY Towers
timing-Towers-towers-rxbvm-recorded-4,stdout,1,benchmark=awfy_towers repetitions=100 result=8191
timing-Towers-towers-rxbvm-recorded-4,stdout,2,PASS: AWFY Towers
timing-Towers-towers-oorexx-recorded-4,stdout,1,benchmark=awfy_towers repetitions=100 result=8191
timing-Towers-towers-oorexx-recorded-4,stdout,2,PASS: AWFY Towers ooRexx object port
timing-Towers-towers-rxvm-recorded-5,stdout,1,benchmark=awfy_towers repetitions=100 result=8191
timing-Towers-towers-rxvm-recorded-5,stdout,2,PASS: AWFY Towers
timing-Towers-towers-rxbvm-recorded-5,stdout,1,benchmark=awfy_towers repetitions=100 result=8191
timing-Towers-towers-rxbvm-recorded-5,stdout,2,PASS: AWFY Towers
timing-Towers-towers-oorexx-recorded-5,stdout,1,benchmark=awfy_towers repetitions=100 result=8191
timing-Towers-towers-oorexx-recorded-5,stdout,2,PASS: AWFY Towers ooRexx object port
timing-Towers-towers-netrexx-recorded-5,stdout,1,benchmark=awfy_towers repetitions=100 result=8191
timing-Towers-towers-netrexx-recorded-5,stdout,2,PASS: AWFY Towers NetRexx port
timing-Towers-towers-rxbvm-recorded-6,stdout,1,benchmark=awfy_towers repetitions=100 result=8191
timing-Towers-towers-rxbvm-recorded-6,stdout,2,PASS: AWFY Towers
timing-Towers-towers-oorexx-recorded-6,stdout,1,benchmark=awfy_towers repetitions=100 result=8191
timing-Towers-towers-oorexx-recorded-6,stdout,2,PASS: AWFY Towers ooRexx object port
timing-Towers-towers-netrexx-recorded-6,stdout,1,benchmark=awfy_towers repetitions=100 result=8191
timing-Towers-towers-netrexx-recorded-6,stdout,2,PASS: AWFY Towers NetRexx port
timing-Towers-towers-rxvm-recorded-6,stdout,1,benchmark=awfy_towers repetitions=100 result=8191
timing-Towers-towers-rxvm-recorded-6,stdout,2,PASS: AWFY Towers
timing-Towers-towers-oorexx-recorded-7,stdout,1,benchmark=awfy_towers repetitions=100 result=8191
timing-Towers-towers-oorexx-recorded-7,stdout,2,PASS: AWFY Towers ooRexx object port
timing-Towers-towers-netrexx-recorded-7,stdout,1,benchmark=awfy_towers repetitions=100 result=8191
timing-Towers-towers-netrexx-recorded-7,stdout,2,PASS: AWFY Towers NetRexx port
timing-Towers-towers-rxvm-recorded-7,stdout,1,benchmark=awfy_towers repetitions=100 result=8191
timing-Towers-towers-rxvm-recorded-7,stdout,2,PASS: AWFY Towers
timing-Towers-towers-rxbvm-recorded-7,stdout,1,benchmark=awfy_towers repetitions=100 result=8191
timing-Towers-towers-rxbvm-recorded-7,stdout,2,PASS: AWFY Towers
timing-Towers-towers-netrexx-recorded-8,stdout,1,benchmark=awfy_towers repetitions=100 result=8191
timing-Towers-towers-netrexx-recorded-8,stdout,2,PASS: AWFY Towers NetRexx port
timing-Towers-towers-rxvm-recorded-8,stdout,1,benchmark=awfy_towers repetitions=100 result=8191
timing-Towers-towers-rxvm-recorded-8,stdout,2,PASS: AWFY Towers
timing-Towers-towers-rxbvm-recorded-8,stdout,1,benchmark=awfy_towers repetitions=100 result=8191
timing-Towers-towers-rxbvm-recorded-8,stdout,2,PASS: AWFY Towers
timing-Towers-towers-oorexx-recorded-8,stdout,1,benchmark=awfy_towers repetitions=100 result=8191
timing-Towers-towers-oorexx-recorded-8,stdout,2,PASS: AWFY Towers ooRexx object port
timing-Towers-towers-rxvm-recorded-9,stdout,1,benchmark=awfy_towers repetitions=100 result=8191
timing-Towers-towers-rxvm-recorded-9,stdout,2,PASS: AWFY Towers
timing-Towers-towers-rxbvm-recorded-9,stdout,1,benchmark=awfy_towers repetitions=100 result=8191
timing-Towers-towers-rxbvm-recorded-9,stdout,2,PASS: AWFY Towers
timing-Towers-towers-oorexx-recorded-9,stdout,1,benchmark=awfy_towers repetitions=100 result=8191
timing-Towers-towers-oorexx-recorded-9,stdout,2,PASS: AWFY Towers ooRexx object port
timing-Towers-towers-netrexx-recorded-9,stdout,1,benchmark=awfy_towers repetitions=100 result=8191
timing-Towers-towers-netrexx-recorded-9,stdout,2,PASS: AWFY Towers NetRexx port
timing-Towers-towers-rxbvm-recorded-10,stdout,1,benchmark=awfy_towers repetitions=100 result=8191
timing-Towers-towers-rxbvm-recorded-10,stdout,2,PASS: AWFY Towers
timing-Towers-towers-oorexx-recorded-10,stdout,1,benchmark=awfy_towers repetitions=100 result=8191
timing-Towers-towers-oorexx-recorded-10,stdout,2,PASS: AWFY Towers ooRexx object port
timing-Towers-towers-netrexx-recorded-10,stdout,1,benchmark=awfy_towers repetitions=100 result=8191
timing-Towers-towers-netrexx-recorded-10,stdout,2,PASS: AWFY Towers NetRexx port
timing-Towers-towers-rxvm-recorded-10,stdout,1,benchmark=awfy_towers repetitions=100 result=8191
timing-Towers-towers-rxvm-recorded-10,stdout,2,PASS: AWFY Towers
timing-RexxCPS-rexxcps-rxvm-warmup-1,stdout,1,----- REXXCPS 2.2d -- Measuring cREXX clauses/second -----
timing-RexxCPS-rexxcps-rxvm-warmup-1,stdout,2, cREXX version is: macOS 64 crexx-1.0.0-beta.3+local.g057592681c0c 20260727
timing-RexxCPS-rexxcps-rxvm-warmup-1,stdout,3,       System is: macOS
timing-RexxCPS-rexxcps-rxvm-warmup-1,stdout,4,REXXCPS-PROVENANCE contract=canonical-default argv_count=0 initial_count=100 averaging=100
timing-RexxCPS-rexxcps-rxvm-warmup-1,stdout,5,        Averaged: 400 x 100 iterations of 1000 clauses (over 1.0 s)
timing-RexxCPS-rexxcps-rxvm-warmup-1,stdout,6,REXXCPS-EFFECTIVE contract=canonical-default initial_count=100 effective_count=400 averaging=100 calibrated=1
timing-RexxCPS-rexxcps-rxvm-warmup-1,stdout,7,
timing-RexxCPS-rexxcps-rxvm-warmup-1,stdout,8,     Performance: 38412747 cREXX clauses per second
timing-RexxCPS-rexxcps-rxvm-warmup-1,stdout,9,
timing-RexxCPS-rexxcps-rxvm-warmup-1,stdout,10,PASS: RexxCPS 2.2d cREXX port
timing-RexxCPS-rexxcps-rxbvm-warmup-1,stdout,1,----- REXXCPS 2.2d -- Measuring cREXX clauses/second -----
timing-RexxCPS-rexxcps-rxbvm-warmup-1,stdout,2, cREXX version is: macOS 64 crexx-1.0.0-beta.3+local.g057592681c0c 20260727
timing-RexxCPS-rexxcps-rxbvm-warmup-1,stdout,3,       System is: macOS
timing-RexxCPS-rexxcps-rxbvm-warmup-1,stdout,4,REXXCPS-PROVENANCE contract=canonical-default argv_count=0 initial_count=100 averaging=100
timing-RexxCPS-rexxcps-rxbvm-warmup-1,stdout,5,        Averaged: 400 x 100 iterations of 1000 clauses (over 1.1 s)
timing-RexxCPS-rexxcps-rxbvm-warmup-1,stdout,6,REXXCPS-EFFECTIVE contract=canonical-default initial_count=100 effective_count=400 averaging=100 calibrated=1
timing-RexxCPS-rexxcps-rxbvm-warmup-1,stdout,7,
timing-RexxCPS-rexxcps-rxbvm-warmup-1,stdout,8,     Performance: 36451950 cREXX clauses per second
timing-RexxCPS-rexxcps-rxbvm-warmup-1,stdout,9,
timing-RexxCPS-rexxcps-rxbvm-warmup-1,stdout,10,PASS: RexxCPS 2.2d cREXX port
timing-RexxCPS-rexxcps-oorexx-warmup-1,stdout,1,----- REXXCPS 2.2 -- Measuring REXX clauses/second -----
timing-RexxCPS-rexxcps-oorexx-warmup-1,stdout,2, REXX version is: REXX-ooRexx_5.1.0(MT)_64-bit 6.05 2 May 2025
timing-RexxCPS-rexxcps-oorexx-warmup-1,stdout,3,       System is: DARWIN
timing-RexxCPS-rexxcps-oorexx-warmup-1,stdout,4,        Averaged: 400 x 100 iterations of 1000 clauses (over 1.0s)
timing-RexxCPS-rexxcps-oorexx-warmup-1,stdout,5,
timing-RexxCPS-rexxcps-oorexx-warmup-1,stdout,6,     Performance: 38529076 REXX clauses per second
timing-RexxCPS-rexxcps-oorexx-warmup-1,stdout,7,
timing-RexxCPS-rexxcps-regina-warmup-1,stdout,1,----- REXXCPS 2.2 -- Measuring REXX clauses/second -----
timing-RexxCPS-rexxcps-regina-warmup-1,stdout,2, REXX version is: REXX-Regina_3.9.7(MT) 5.00 18 Mar 2025
timing-RexxCPS-rexxcps-regina-warmup-1,stdout,3,       System is: UNIX
timing-RexxCPS-rexxcps-regina-warmup-1,stdout,4,        Averaged: 400 x 100 iterations of 1000 clauses (over 1.2s)
timing-RexxCPS-rexxcps-regina-warmup-1,stdout,5,
timing-RexxCPS-rexxcps-regina-warmup-1,stdout,6,     Performance: 32841882 REXX clauses per second
timing-RexxCPS-rexxcps-regina-warmup-1,stdout,7,
timing-RexxCPS-rexxcps-netrexx-warmup-1,stdout,1,----- REXXCPS 2.2n -- Measuring NetRexx clauses/second -----
timing-RexxCPS-rexxcps-netrexx-warmup-1,stdout,2, NetRexx version is: NetRexx 5.10 20 Mar 2026
timing-RexxCPS-rexxcps-netrexx-warmup-1,stdout,3,          System is: Java
timing-RexxCPS-rexxcps-netrexx-warmup-1,stdout,4,          Averaging: 100 measures of 400 iterations
timing-RexxCPS-rexxcps-netrexx-warmup-1,stdout,5,                       of 1000 clauses (over 0.866106832    s)
timing-RexxCPS-rexxcps-netrexx-warmup-1,stdout,6,
timing-RexxCPS-rexxcps-netrexx-warmup-1,stdout,7,Total (full DOs): 0.866106832 secs (average of 100 measures of 400 iterations)
timing-RexxCPS-rexxcps-netrexx-warmup-1,stdout,8,Time for one iteration (1000 clauses) was: 0.00002164887495 seconds
timing-RexxCPS-rexxcps-netrexx-warmup-1,stdout,9,
timing-RexxCPS-rexxcps-netrexx-warmup-1,stdout,10,     Performance: 46_191_777 NetRexx clauses per second
timing-RexxCPS-rexxcps-netrexx-warmup-1,stdout,11,                ( 46.192E+6 cps)
timing-RexxCPS-rexxcps-netrexx-warmup-1,stdout,12,
timing-RexxCPS-rexxcps-netrexx-warmup-1,stdout,13,PASS: RexxCPS 2.2n NetRexx disclosed adaptation
timing-RexxCPS-rexxcps-rxbvm-warmup-2,stdout,1,----- REXXCPS 2.2d -- Measuring cREXX clauses/second -----
timing-RexxCPS-rexxcps-rxbvm-warmup-2,stdout,2, cREXX version is: macOS 64 crexx-1.0.0-beta.3+local.g057592681c0c 20260727
timing-RexxCPS-rexxcps-rxbvm-warmup-2,stdout,3,       System is: macOS
timing-RexxCPS-rexxcps-rxbvm-warmup-2,stdout,4,REXXCPS-PROVENANCE contract=canonical-default argv_count=0 initial_count=100 averaging=100
timing-RexxCPS-rexxcps-rxbvm-warmup-2,stdout,5,        Averaged: 400 x 100 iterations of 1000 clauses (over 1.1 s)
timing-RexxCPS-rexxcps-rxbvm-warmup-2,stdout,6,REXXCPS-EFFECTIVE contract=canonical-default initial_count=100 effective_count=400 averaging=100 calibrated=1
timing-RexxCPS-rexxcps-rxbvm-warmup-2,stdout,7,
timing-RexxCPS-rexxcps-rxbvm-warmup-2,stdout,8,     Performance: 35011860 cREXX clauses per second
timing-RexxCPS-rexxcps-rxbvm-warmup-2,stdout,9,
timing-RexxCPS-rexxcps-rxbvm-warmup-2,stdout,10,PASS: RexxCPS 2.2d cREXX port
timing-RexxCPS-rexxcps-oorexx-warmup-2,stdout,1,----- REXXCPS 2.2 -- Measuring REXX clauses/second -----
timing-RexxCPS-rexxcps-oorexx-warmup-2,stdout,2, REXX version is: REXX-ooRexx_5.1.0(MT)_64-bit 6.05 2 May 2025
timing-RexxCPS-rexxcps-oorexx-warmup-2,stdout,3,       System is: DARWIN
timing-RexxCPS-rexxcps-oorexx-warmup-2,stdout,4,        Averaged: 400 x 100 iterations of 1000 clauses (over 1.1s)
timing-RexxCPS-rexxcps-oorexx-warmup-2,stdout,5,
timing-RexxCPS-rexxcps-oorexx-warmup-2,stdout,6,     Performance: 37620609 REXX clauses per second
timing-RexxCPS-rexxcps-oorexx-warmup-2,stdout,7,
timing-RexxCPS-rexxcps-regina-warmup-2,stdout,1,----- REXXCPS 2.2 -- Measuring REXX clauses/second -----
timing-RexxCPS-rexxcps-regina-warmup-2,stdout,2, REXX version is: REXX-Regina_3.9.7(MT) 5.00 18 Mar 2025
timing-RexxCPS-rexxcps-regina-warmup-2,stdout,3,       System is: UNIX
timing-RexxCPS-rexxcps-regina-warmup-2,stdout,4,        Averaged: 400 x 100 iterations of 1000 clauses (over 1.3s)
timing-RexxCPS-rexxcps-regina-warmup-2,stdout,5,
timing-RexxCPS-rexxcps-regina-warmup-2,stdout,6,     Performance: 31870834 REXX clauses per second
timing-RexxCPS-rexxcps-regina-warmup-2,stdout,7,
timing-RexxCPS-rexxcps-netrexx-warmup-2,stdout,1,----- REXXCPS 2.2n -- Measuring NetRexx clauses/second -----
timing-RexxCPS-rexxcps-netrexx-warmup-2,stdout,2, NetRexx version is: NetRexx 5.10 20 Mar 2026
timing-RexxCPS-rexxcps-netrexx-warmup-2,stdout,3,          System is: Java
timing-RexxCPS-rexxcps-netrexx-warmup-2,stdout,4,          Averaging: 100 measures of 300 iterations
timing-RexxCPS-rexxcps-netrexx-warmup-2,stdout,5,                       of 1000 clauses (over 0.653526328    s)
timing-RexxCPS-rexxcps-netrexx-warmup-2,stdout,6,
timing-RexxCPS-rexxcps-netrexx-warmup-2,stdout,7,Total (full DOs): 0.653526328 secs (average of 100 measures of 300 iterations)
timing-RexxCPS-rexxcps-netrexx-warmup-2,stdout,8,Time for one iteration (1000 clauses) was: 0.000021779497 seconds
timing-RexxCPS-rexxcps-netrexx-warmup-2,stdout,9,
timing-RexxCPS-rexxcps-netrexx-warmup-2,stdout,10,     Performance: 45_914_743 NetRexx clauses per second
timing-RexxCPS-rexxcps-netrexx-warmup-2,stdout,11,                ( 45.915E+6 cps)
timing-RexxCPS-rexxcps-netrexx-warmup-2,stdout,12,
timing-RexxCPS-rexxcps-netrexx-warmup-2,stdout,13,PASS: RexxCPS 2.2n NetRexx disclosed adaptation
timing-RexxCPS-rexxcps-rxvm-warmup-2,stdout,1,----- REXXCPS 2.2d -- Measuring cREXX clauses/second -----
timing-RexxCPS-rexxcps-rxvm-warmup-2,stdout,2, cREXX version is: macOS 64 crexx-1.0.0-beta.3+local.g057592681c0c 20260727
timing-RexxCPS-rexxcps-rxvm-warmup-2,stdout,3,       System is: macOS
timing-RexxCPS-rexxcps-rxvm-warmup-2,stdout,4,REXXCPS-PROVENANCE contract=canonical-default argv_count=0 initial_count=100 averaging=100
timing-RexxCPS-rexxcps-rxvm-warmup-2,stdout,5,        Averaged: 400 x 100 iterations of 1000 clauses (over 1.1 s)
timing-RexxCPS-rexxcps-rxvm-warmup-2,stdout,6,REXXCPS-EFFECTIVE contract=canonical-default initial_count=100 effective_count=400 averaging=100 calibrated=1
timing-RexxCPS-rexxcps-rxvm-warmup-2,stdout,7,
timing-RexxCPS-rexxcps-rxvm-warmup-2,stdout,8,     Performance: 37370919 cREXX clauses per second
timing-RexxCPS-rexxcps-rxvm-warmup-2,stdout,9,
timing-RexxCPS-rexxcps-rxvm-warmup-2,stdout,10,PASS: RexxCPS 2.2d cREXX port
timing-RexxCPS-rexxcps-rxvm-recorded-1,stdout,1,----- REXXCPS 2.2d -- Measuring cREXX clauses/second -----
timing-RexxCPS-rexxcps-rxvm-recorded-1,stdout,2, cREXX version is: macOS 64 crexx-1.0.0-beta.3+local.g057592681c0c 20260727
timing-RexxCPS-rexxcps-rxvm-recorded-1,stdout,3,       System is: macOS
timing-RexxCPS-rexxcps-rxvm-recorded-1,stdout,4,REXXCPS-PROVENANCE contract=canonical-default argv_count=0 initial_count=100 averaging=100
timing-RexxCPS-rexxcps-rxvm-recorded-1,stdout,5,        Averaged: 400 x 100 iterations of 1000 clauses (over 1.0 s)
timing-RexxCPS-rexxcps-rxvm-recorded-1,stdout,6,REXXCPS-EFFECTIVE contract=canonical-default initial_count=100 effective_count=400 averaging=100 calibrated=1
timing-RexxCPS-rexxcps-rxvm-recorded-1,stdout,7,
timing-RexxCPS-rexxcps-rxvm-recorded-1,stdout,8,     Performance: 38405961 cREXX clauses per second
timing-RexxCPS-rexxcps-rxvm-recorded-1,stdout,9,
timing-RexxCPS-rexxcps-rxvm-recorded-1,stdout,10,PASS: RexxCPS 2.2d cREXX port
timing-RexxCPS-rexxcps-rxbvm-recorded-1,stdout,1,----- REXXCPS 2.2d -- Measuring cREXX clauses/second -----
timing-RexxCPS-rexxcps-rxbvm-recorded-1,stdout,2, cREXX version is: macOS 64 crexx-1.0.0-beta.3+local.g057592681c0c 20260727
timing-RexxCPS-rexxcps-rxbvm-recorded-1,stdout,3,       System is: macOS
timing-RexxCPS-rexxcps-rxbvm-recorded-1,stdout,4,REXXCPS-PROVENANCE contract=canonical-default argv_count=0 initial_count=100 averaging=100
timing-RexxCPS-rexxcps-rxbvm-recorded-1,stdout,5,        Averaged: 400 x 100 iterations of 1000 clauses (over 1.1 s)
timing-RexxCPS-rexxcps-rxbvm-recorded-1,stdout,6,REXXCPS-EFFECTIVE contract=canonical-default initial_count=100 effective_count=400 averaging=100 calibrated=1
timing-RexxCPS-rexxcps-rxbvm-recorded-1,stdout,7,
timing-RexxCPS-rexxcps-rxbvm-recorded-1,stdout,8,     Performance: 36214695 cREXX clauses per second
timing-RexxCPS-rexxcps-rxbvm-recorded-1,stdout,9,
timing-RexxCPS-rexxcps-rxbvm-recorded-1,stdout,10,PASS: RexxCPS 2.2d cREXX port
timing-RexxCPS-rexxcps-oorexx-recorded-1,stdout,1,----- REXXCPS 2.2 -- Measuring REXX clauses/second -----
timing-RexxCPS-rexxcps-oorexx-recorded-1,stdout,2, REXX version is: REXX-ooRexx_5.1.0(MT)_64-bit 6.05 2 May 2025
timing-RexxCPS-rexxcps-oorexx-recorded-1,stdout,3,       System is: DARWIN
timing-RexxCPS-rexxcps-oorexx-recorded-1,stdout,4,        Averaged: 400 x 100 iterations of 1000 clauses (over 1.0s)
timing-RexxCPS-rexxcps-oorexx-recorded-1,stdout,5,
timing-RexxCPS-rexxcps-oorexx-recorded-1,stdout,6,     Performance: 38552062 REXX clauses per second
timing-RexxCPS-rexxcps-oorexx-recorded-1,stdout,7,
timing-RexxCPS-rexxcps-regina-recorded-1,stdout,1,----- REXXCPS 2.2 -- Measuring REXX clauses/second -----
timing-RexxCPS-rexxcps-regina-recorded-1,stdout,2, REXX version is: REXX-Regina_3.9.7(MT) 5.00 18 Mar 2025
timing-RexxCPS-rexxcps-regina-recorded-1,stdout,3,       System is: UNIX
timing-RexxCPS-rexxcps-regina-recorded-1,stdout,4,        Averaged: 400 x 100 iterations of 1000 clauses (over 1.2s)
timing-RexxCPS-rexxcps-regina-recorded-1,stdout,5,
timing-RexxCPS-rexxcps-regina-recorded-1,stdout,6,     Performance: 32652928 REXX clauses per second
timing-RexxCPS-rexxcps-regina-recorded-1,stdout,7,
timing-RexxCPS-rexxcps-netrexx-recorded-1,stdout,1,----- REXXCPS 2.2n -- Measuring NetRexx clauses/second -----
timing-RexxCPS-rexxcps-netrexx-recorded-1,stdout,2, NetRexx version is: NetRexx 5.10 20 Mar 2026
timing-RexxCPS-rexxcps-netrexx-recorded-1,stdout,3,          System is: Java
timing-RexxCPS-rexxcps-netrexx-recorded-1,stdout,4,          Averaging: 100 measures of 400 iterations
timing-RexxCPS-rexxcps-netrexx-recorded-1,stdout,5,                       of 1000 clauses (over 0.860436213    s)
timing-RexxCPS-rexxcps-netrexx-recorded-1,stdout,6,
timing-RexxCPS-rexxcps-netrexx-recorded-1,stdout,7,Total (full DOs): 0.860436213 secs (average of 100 measures of 400 iterations)
timing-RexxCPS-rexxcps-netrexx-recorded-1,stdout,8,Time for one iteration (1000 clauses) was: 0.0000215072876 seconds
timing-RexxCPS-rexxcps-netrexx-recorded-1,stdout,9,
timing-RexxCPS-rexxcps-netrexx-recorded-1,stdout,10,     Performance: 46_495_868 NetRexx clauses per second
timing-RexxCPS-rexxcps-netrexx-recorded-1,stdout,11,                ( 46.496E+6 cps)
timing-RexxCPS-rexxcps-netrexx-recorded-1,stdout,12,
timing-RexxCPS-rexxcps-netrexx-recorded-1,stdout,13,PASS: RexxCPS 2.2n NetRexx disclosed adaptation
timing-RexxCPS-rexxcps-rxbvm-recorded-2,stdout,1,----- REXXCPS 2.2d -- Measuring cREXX clauses/second -----
timing-RexxCPS-rexxcps-rxbvm-recorded-2,stdout,2, cREXX version is: macOS 64 crexx-1.0.0-beta.3+local.g057592681c0c 20260727
timing-RexxCPS-rexxcps-rxbvm-recorded-2,stdout,3,       System is: macOS
timing-RexxCPS-rexxcps-rxbvm-recorded-2,stdout,4,REXXCPS-PROVENANCE contract=canonical-default argv_count=0 initial_count=100 averaging=100
timing-RexxCPS-rexxcps-rxbvm-recorded-2,stdout,5,        Averaged: 400 x 100 iterations of 1000 clauses (over 1.1 s)
timing-RexxCPS-rexxcps-rxbvm-recorded-2,stdout,6,REXXCPS-EFFECTIVE contract=canonical-default initial_count=100 effective_count=400 averaging=100 calibrated=1
timing-RexxCPS-rexxcps-rxbvm-recorded-2,stdout,7,
timing-RexxCPS-rexxcps-rxbvm-recorded-2,stdout,8,     Performance: 35026607 cREXX clauses per second
timing-RexxCPS-rexxcps-rxbvm-recorded-2,stdout,9,
timing-RexxCPS-rexxcps-rxbvm-recorded-2,stdout,10,PASS: RexxCPS 2.2d cREXX port
timing-RexxCPS-rexxcps-oorexx-recorded-2,stdout,1,----- REXXCPS 2.2 -- Measuring REXX clauses/second -----
timing-RexxCPS-rexxcps-oorexx-recorded-2,stdout,2, REXX version is: REXX-ooRexx_5.1.0(MT)_64-bit 6.05 2 May 2025
timing-RexxCPS-rexxcps-oorexx-recorded-2,stdout,3,       System is: DARWIN
timing-RexxCPS-rexxcps-oorexx-recorded-2,stdout,4,        Averaged: 400 x 100 iterations of 1000 clauses (over 1.1s)
timing-RexxCPS-rexxcps-oorexx-recorded-2,stdout,5,
timing-RexxCPS-rexxcps-oorexx-recorded-2,stdout,6,     Performance: 38028091 REXX clauses per second
timing-RexxCPS-rexxcps-oorexx-recorded-2,stdout,7,
timing-RexxCPS-rexxcps-regina-recorded-2,stdout,1,----- REXXCPS 2.2 -- Measuring REXX clauses/second -----
timing-RexxCPS-rexxcps-regina-recorded-2,stdout,2, REXX version is: REXX-Regina_3.9.7(MT) 5.00 18 Mar 2025
timing-RexxCPS-rexxcps-regina-recorded-2,stdout,3,       System is: UNIX
timing-RexxCPS-rexxcps-regina-recorded-2,stdout,4,        Averaged: 400 x 100 iterations of 1000 clauses (over 1.2s)
timing-RexxCPS-rexxcps-regina-recorded-2,stdout,5,
timing-RexxCPS-rexxcps-regina-recorded-2,stdout,6,     Performance: 32160442 REXX clauses per second
timing-RexxCPS-rexxcps-regina-recorded-2,stdout,7,
timing-RexxCPS-rexxcps-netrexx-recorded-2,stdout,1,----- REXXCPS 2.2n -- Measuring NetRexx clauses/second -----
timing-RexxCPS-rexxcps-netrexx-recorded-2,stdout,2, NetRexx version is: NetRexx 5.10 20 Mar 2026
timing-RexxCPS-rexxcps-netrexx-recorded-2,stdout,3,          System is: Java
timing-RexxCPS-rexxcps-netrexx-recorded-2,stdout,4,          Averaging: 100 measures of 300 iterations
timing-RexxCPS-rexxcps-netrexx-recorded-2,stdout,5,                       of 1000 clauses (over 0.652214291    s)
timing-RexxCPS-rexxcps-netrexx-recorded-2,stdout,6,
timing-RexxCPS-rexxcps-netrexx-recorded-2,stdout,7,Total (full DOs): 0.652214291 secs (average of 100 measures of 300 iterations)
timing-RexxCPS-rexxcps-netrexx-recorded-2,stdout,8,Time for one iteration (1000 clauses) was: 0.000021735618266666666667 seconds
timing-RexxCPS-rexxcps-netrexx-recorded-2,stdout,9,
timing-RexxCPS-rexxcps-netrexx-recorded-2,stdout,10,     Performance: 46_007_433 NetRexx clauses per second
timing-RexxCPS-rexxcps-netrexx-recorded-2,stdout,11,                ( 46.007E+6 cps)
timing-RexxCPS-rexxcps-netrexx-recorded-2,stdout,12,
timing-RexxCPS-rexxcps-netrexx-recorded-2,stdout,13,PASS: RexxCPS 2.2n NetRexx disclosed adaptation
timing-RexxCPS-rexxcps-rxvm-recorded-2,stdout,1,----- REXXCPS 2.2d -- Measuring cREXX clauses/second -----
timing-RexxCPS-rexxcps-rxvm-recorded-2,stdout,2, cREXX version is: macOS 64 crexx-1.0.0-beta.3+local.g057592681c0c 20260727
timing-RexxCPS-rexxcps-rxvm-recorded-2,stdout,3,       System is: macOS
timing-RexxCPS-rexxcps-rxvm-recorded-2,stdout,4,REXXCPS-PROVENANCE contract=canonical-default argv_count=0 initial_count=100 averaging=100
timing-RexxCPS-rexxcps-rxvm-recorded-2,stdout,5,        Averaged: 400 x 100 iterations of 1000 clauses (over 1.0 s)
timing-RexxCPS-rexxcps-rxvm-recorded-2,stdout,6,REXXCPS-EFFECTIVE contract=canonical-default initial_count=100 effective_count=400 averaging=100 calibrated=1
timing-RexxCPS-rexxcps-rxvm-recorded-2,stdout,7,
timing-RexxCPS-rexxcps-rxvm-recorded-2,stdout,8,     Performance: 38403564 cREXX clauses per second
timing-RexxCPS-rexxcps-rxvm-recorded-2,stdout,9,
timing-RexxCPS-rexxcps-rxvm-recorded-2,stdout,10,PASS: RexxCPS 2.2d cREXX port
timing-RexxCPS-rexxcps-oorexx-recorded-3,stdout,1,----- REXXCPS 2.2 -- Measuring REXX clauses/second -----
timing-RexxCPS-rexxcps-oorexx-recorded-3,stdout,2, REXX version is: REXX-ooRexx_5.1.0(MT)_64-bit 6.05 2 May 2025
timing-RexxCPS-rexxcps-oorexx-recorded-3,stdout,3,       System is: DARWIN
timing-RexxCPS-rexxcps-oorexx-recorded-3,stdout,4,        Averaged: 400 x 100 iterations of 1000 clauses (over 1.0s)
timing-RexxCPS-rexxcps-oorexx-recorded-3,stdout,5,
timing-RexxCPS-rexxcps-oorexx-recorded-3,stdout,6,     Performance: 38550650 REXX clauses per second
timing-RexxCPS-rexxcps-oorexx-recorded-3,stdout,7,
timing-RexxCPS-rexxcps-regina-recorded-3,stdout,1,----- REXXCPS 2.2 -- Measuring REXX clauses/second -----
timing-RexxCPS-rexxcps-regina-recorded-3,stdout,2, REXX version is: REXX-Regina_3.9.7(MT) 5.00 18 Mar 2025
timing-RexxCPS-rexxcps-regina-recorded-3,stdout,3,       System is: UNIX
timing-RexxCPS-rexxcps-regina-recorded-3,stdout,4,        Averaged: 400 x 100 iterations of 1000 clauses (over 1.2s)
timing-RexxCPS-rexxcps-regina-recorded-3,stdout,5,
timing-RexxCPS-rexxcps-regina-recorded-3,stdout,6,     Performance: 32154729 REXX clauses per second
timing-RexxCPS-rexxcps-regina-recorded-3,stdout,7,
timing-RexxCPS-rexxcps-netrexx-recorded-3,stdout,1,----- REXXCPS 2.2n -- Measuring NetRexx clauses/second -----
timing-RexxCPS-rexxcps-netrexx-recorded-3,stdout,2, NetRexx version is: NetRexx 5.10 20 Mar 2026
timing-RexxCPS-rexxcps-netrexx-recorded-3,stdout,3,          System is: Java
timing-RexxCPS-rexxcps-netrexx-recorded-3,stdout,4,          Averaging: 100 measures of 300 iterations
timing-RexxCPS-rexxcps-netrexx-recorded-3,stdout,5,                       of 1000 clauses (over 0.700768041    s)
timing-RexxCPS-rexxcps-netrexx-recorded-3,stdout,6,
timing-RexxCPS-rexxcps-netrexx-recorded-3,stdout,7,Total (full DOs): 0.700768041 secs (average of 100 measures of 300 iterations)
timing-RexxCPS-rexxcps-netrexx-recorded-3,stdout,8,Time for one iteration (1000 clauses) was: 0.0000233541015 seconds
timing-RexxCPS-rexxcps-netrexx-recorded-3,stdout,9,
timing-RexxCPS-rexxcps-netrexx-recorded-3,stdout,10,     Performance: 42_819_031 NetRexx clauses per second
timing-RexxCPS-rexxcps-netrexx-recorded-3,stdout,11,                ( 42.819E+6 cps)
timing-RexxCPS-rexxcps-netrexx-recorded-3,stdout,12,
timing-RexxCPS-rexxcps-netrexx-recorded-3,stdout,13,PASS: RexxCPS 2.2n NetRexx disclosed adaptation
timing-RexxCPS-rexxcps-rxvm-recorded-3,stdout,1,----- REXXCPS 2.2d -- Measuring cREXX clauses/second -----
timing-RexxCPS-rexxcps-rxvm-recorded-3,stdout,2, cREXX version is: macOS 64 crexx-1.0.0-beta.3+local.g057592681c0c 20260727
timing-RexxCPS-rexxcps-rxvm-recorded-3,stdout,3,       System is: macOS
timing-RexxCPS-rexxcps-rxvm-recorded-3,stdout,4,REXXCPS-PROVENANCE contract=canonical-default argv_count=0 initial_count=100 averaging=100
timing-RexxCPS-rexxcps-rxvm-recorded-3,stdout,5,        Averaged: 400 x 100 iterations of 1000 clauses (over 1.1 s)
timing-RexxCPS-rexxcps-rxvm-recorded-3,stdout,6,REXXCPS-EFFECTIVE contract=canonical-default initial_count=100 effective_count=400 averaging=100 calibrated=1
timing-RexxCPS-rexxcps-rxvm-recorded-3,stdout,7,
timing-RexxCPS-rexxcps-rxvm-recorded-3,stdout,8,     Performance: 36293557 cREXX clauses per second
timing-RexxCPS-rexxcps-rxvm-recorded-3,stdout,9,
timing-RexxCPS-rexxcps-rxvm-recorded-3,stdout,10,PASS: RexxCPS 2.2d cREXX port
timing-RexxCPS-rexxcps-rxbvm-recorded-3,stdout,1,----- REXXCPS 2.2d -- Measuring cREXX clauses/second -----
timing-RexxCPS-rexxcps-rxbvm-recorded-3,stdout,2, cREXX version is: macOS 64 crexx-1.0.0-beta.3+local.g057592681c0c 20260727
timing-RexxCPS-rexxcps-rxbvm-recorded-3,stdout,3,       System is: macOS
timing-RexxCPS-rexxcps-rxbvm-recorded-3,stdout,4,REXXCPS-PROVENANCE contract=canonical-default argv_count=0 initial_count=100 averaging=100
timing-RexxCPS-rexxcps-rxbvm-recorded-3,stdout,5,        Averaged: 400 x 100 iterations of 1000 clauses (over 1.2 s)
timing-RexxCPS-rexxcps-rxbvm-recorded-3,stdout,6,REXXCPS-EFFECTIVE contract=canonical-default initial_count=100 effective_count=400 averaging=100 calibrated=1
timing-RexxCPS-rexxcps-rxbvm-recorded-3,stdout,7,
timing-RexxCPS-rexxcps-rxbvm-recorded-3,stdout,8,     Performance: 34015543 cREXX clauses per second
timing-RexxCPS-rexxcps-rxbvm-recorded-3,stdout,9,
timing-RexxCPS-rexxcps-rxbvm-recorded-3,stdout,10,PASS: RexxCPS 2.2d cREXX port
timing-RexxCPS-rexxcps-regina-recorded-4,stdout,1,----- REXXCPS 2.2 -- Measuring REXX clauses/second -----
timing-RexxCPS-rexxcps-regina-recorded-4,stdout,2, REXX version is: REXX-Regina_3.9.7(MT) 5.00 18 Mar 2025
timing-RexxCPS-rexxcps-regina-recorded-4,stdout,3,       System is: UNIX
timing-RexxCPS-rexxcps-regina-recorded-4,stdout,4,        Averaged: 400 x 100 iterations of 1000 clauses (over 1.3s)
timing-RexxCPS-rexxcps-regina-recorded-4,stdout,5,
timing-RexxCPS-rexxcps-regina-recorded-4,stdout,6,     Performance: 30840591 REXX clauses per second
timing-RexxCPS-rexxcps-regina-recorded-4,stdout,7,
timing-RexxCPS-rexxcps-netrexx-recorded-4,stdout,1,----- REXXCPS 2.2n -- Measuring NetRexx clauses/second -----
timing-RexxCPS-rexxcps-netrexx-recorded-4,stdout,2, NetRexx version is: NetRexx 5.10 20 Mar 2026
timing-RexxCPS-rexxcps-netrexx-recorded-4,stdout,3,          System is: Java
timing-RexxCPS-rexxcps-netrexx-recorded-4,stdout,4,          Averaging: 100 measures of 300 iterations
timing-RexxCPS-rexxcps-netrexx-recorded-4,stdout,5,                       of 1000 clauses (over 0.702394336    s)
timing-RexxCPS-rexxcps-netrexx-recorded-4,stdout,6,
timing-RexxCPS-rexxcps-netrexx-recorded-4,stdout,7,Total (full DOs): 0.702394336 secs (average of 100 measures of 300 iterations)
timing-RexxCPS-rexxcps-netrexx-recorded-4,stdout,8,Time for one iteration (1000 clauses) was: 0.0000234084488 seconds
timing-RexxCPS-rexxcps-netrexx-recorded-4,stdout,9,
timing-RexxCPS-rexxcps-netrexx-recorded-4,stdout,10,     Performance: 42_719_618 NetRexx clauses per second
timing-RexxCPS-rexxcps-netrexx-recorded-4,stdout,11,                ( 42.720E+6 cps)
timing-RexxCPS-rexxcps-netrexx-recorded-4,stdout,12,
timing-RexxCPS-rexxcps-netrexx-recorded-4,stdout,13,PASS: RexxCPS 2.2n NetRexx disclosed adaptation
timing-RexxCPS-rexxcps-rxvm-recorded-4,stdout,1,----- REXXCPS 2.2d -- Measuring cREXX clauses/second -----
timing-RexxCPS-rexxcps-rxvm-recorded-4,stdout,2, cREXX version is: macOS 64 crexx-1.0.0-beta.3+local.g057592681c0c 20260727
timing-RexxCPS-rexxcps-rxvm-recorded-4,stdout,3,       System is: macOS
timing-RexxCPS-rexxcps-rxvm-recorded-4,stdout,4,REXXCPS-PROVENANCE contract=canonical-default argv_count=0 initial_count=100 averaging=100
timing-RexxCPS-rexxcps-rxvm-recorded-4,stdout,5,        Averaged: 400 x 100 iterations of 1000 clauses (over 1.1 s)
timing-RexxCPS-rexxcps-rxvm-recorded-4,stdout,6,REXXCPS-EFFECTIVE contract=canonical-default initial_count=100 effective_count=400 averaging=100 calibrated=1
timing-RexxCPS-rexxcps-rxvm-recorded-4,stdout,7,
timing-RexxCPS-rexxcps-rxvm-recorded-4,stdout,8,     Performance: 37791824 cREXX clauses per second
timing-RexxCPS-rexxcps-rxvm-recorded-4,stdout,9,
timing-RexxCPS-rexxcps-rxvm-recorded-4,stdout,10,PASS: RexxCPS 2.2d cREXX port
timing-RexxCPS-rexxcps-rxbvm-recorded-4,stdout,1,----- REXXCPS 2.2d -- Measuring cREXX clauses/second -----
timing-RexxCPS-rexxcps-rxbvm-recorded-4,stdout,2, cREXX version is: macOS 64 crexx-1.0.0-beta.3+local.g057592681c0c 20260727
timing-RexxCPS-rexxcps-rxbvm-recorded-4,stdout,3,       System is: macOS
timing-RexxCPS-rexxcps-rxbvm-recorded-4,stdout,4,REXXCPS-PROVENANCE contract=canonical-default argv_count=0 initial_count=100 averaging=100
timing-RexxCPS-rexxcps-rxbvm-recorded-4,stdout,5,        Averaged: 400 x 100 iterations of 1000 clauses (over 1.1 s)
timing-RexxCPS-rexxcps-rxbvm-recorded-4,stdout,6,REXXCPS-EFFECTIVE contract=canonical-default initial_count=100 effective_count=400 averaging=100 calibrated=1
timing-RexxCPS-rexxcps-rxbvm-recorded-4,stdout,7,
timing-RexxCPS-rexxcps-rxbvm-recorded-4,stdout,8,     Performance: 36060759 cREXX clauses per second
timing-RexxCPS-rexxcps-rxbvm-recorded-4,stdout,9,
timing-RexxCPS-rexxcps-rxbvm-recorded-4,stdout,10,PASS: RexxCPS 2.2d cREXX port
timing-RexxCPS-rexxcps-oorexx-recorded-4,stdout,1,----- REXXCPS 2.2 -- Measuring REXX clauses/second -----
timing-RexxCPS-rexxcps-oorexx-recorded-4,stdout,2, REXX version is: REXX-ooRexx_5.1.0(MT)_64-bit 6.05 2 May 2025
timing-RexxCPS-rexxcps-oorexx-recorded-4,stdout,3,       System is: DARWIN
timing-RexxCPS-rexxcps-oorexx-recorded-4,stdout,4,        Averaged: 400 x 100 iterations of 1000 clauses (over 1.1s)
timing-RexxCPS-rexxcps-oorexx-recorded-4,stdout,5,
timing-RexxCPS-rexxcps-oorexx-recorded-4,stdout,6,     Performance: 37718662 REXX clauses per second
timing-RexxCPS-rexxcps-oorexx-recorded-4,stdout,7,
timing-RexxCPS-rexxcps-netrexx-recorded-5,stdout,1,----- REXXCPS 2.2n -- Measuring NetRexx clauses/second -----
timing-RexxCPS-rexxcps-netrexx-recorded-5,stdout,2, NetRexx version is: NetRexx 5.10 20 Mar 2026
timing-RexxCPS-rexxcps-netrexx-recorded-5,stdout,3,          System is: Java
timing-RexxCPS-rexxcps-netrexx-recorded-5,stdout,4,          Averaging: 100 measures of 300 iterations
timing-RexxCPS-rexxcps-netrexx-recorded-5,stdout,5,                       of 1000 clauses (over 0.651564873    s)
timing-RexxCPS-rexxcps-netrexx-recorded-5,stdout,6,
timing-RexxCPS-rexxcps-netrexx-recorded-5,stdout,7,Total (full DOs): 0.651564873 secs (average of 100 measures of 300 iterations)
timing-RexxCPS-rexxcps-netrexx-recorded-5,stdout,8,Time for one iteration (1000 clauses) was: 0.000021714116466666666667 seconds
timing-RexxCPS-rexxcps-netrexx-recorded-5,stdout,9,
timing-RexxCPS-rexxcps-netrexx-recorded-5,stdout,10,     Performance: 46_052_991 NetRexx clauses per second
timing-RexxCPS-rexxcps-netrexx-recorded-5,stdout,11,                ( 46.053E+6 cps)
timing-RexxCPS-rexxcps-netrexx-recorded-5,stdout,12,
timing-RexxCPS-rexxcps-netrexx-recorded-5,stdout,13,PASS: RexxCPS 2.2n NetRexx disclosed adaptation
timing-RexxCPS-rexxcps-rxvm-recorded-5,stdout,1,----- REXXCPS 2.2d -- Measuring cREXX clauses/second -----
timing-RexxCPS-rexxcps-rxvm-recorded-5,stdout,2, cREXX version is: macOS 64 crexx-1.0.0-beta.3+local.g057592681c0c 20260727
timing-RexxCPS-rexxcps-rxvm-recorded-5,stdout,3,       System is: macOS
timing-RexxCPS-rexxcps-rxvm-recorded-5,stdout,4,REXXCPS-PROVENANCE contract=canonical-default argv_count=0 initial_count=100 averaging=100
timing-RexxCPS-rexxcps-rxvm-recorded-5,stdout,5,        Averaged: 400 x 100 iterations of 1000 clauses (over 1.1 s)
timing-RexxCPS-rexxcps-rxvm-recorded-5,stdout,6,REXXCPS-EFFECTIVE contract=canonical-default initial_count=100 effective_count=400 averaging=100 calibrated=1
timing-RexxCPS-rexxcps-rxvm-recorded-5,stdout,7,
timing-RexxCPS-rexxcps-rxvm-recorded-5,stdout,8,     Performance: 37872225 cREXX clauses per second
timing-RexxCPS-rexxcps-rxvm-recorded-5,stdout,9,
timing-RexxCPS-rexxcps-rxvm-recorded-5,stdout,10,PASS: RexxCPS 2.2d cREXX port
timing-RexxCPS-rexxcps-rxbvm-recorded-5,stdout,1,----- REXXCPS 2.2d -- Measuring cREXX clauses/second -----
timing-RexxCPS-rexxcps-rxbvm-recorded-5,stdout,2, cREXX version is: macOS 64 crexx-1.0.0-beta.3+local.g057592681c0c 20260727
timing-RexxCPS-rexxcps-rxbvm-recorded-5,stdout,3,       System is: macOS
timing-RexxCPS-rexxcps-rxbvm-recorded-5,stdout,4,REXXCPS-PROVENANCE contract=canonical-default argv_count=0 initial_count=100 averaging=100
timing-RexxCPS-rexxcps-rxbvm-recorded-5,stdout,5,        Averaged: 400 x 100 iterations of 1000 clauses (over 1.1 s)
timing-RexxCPS-rexxcps-rxbvm-recorded-5,stdout,6,REXXCPS-EFFECTIVE contract=canonical-default initial_count=100 effective_count=400 averaging=100 calibrated=1
timing-RexxCPS-rexxcps-rxbvm-recorded-5,stdout,7,
timing-RexxCPS-rexxcps-rxbvm-recorded-5,stdout,8,     Performance: 34998963 cREXX clauses per second
timing-RexxCPS-rexxcps-rxbvm-recorded-5,stdout,9,
timing-RexxCPS-rexxcps-rxbvm-recorded-5,stdout,10,PASS: RexxCPS 2.2d cREXX port
timing-RexxCPS-rexxcps-oorexx-recorded-5,stdout,1,----- REXXCPS 2.2 -- Measuring REXX clauses/second -----
timing-RexxCPS-rexxcps-oorexx-recorded-5,stdout,2, REXX version is: REXX-ooRexx_5.1.0(MT)_64-bit 6.05 2 May 2025
timing-RexxCPS-rexxcps-oorexx-recorded-5,stdout,3,       System is: DARWIN
timing-RexxCPS-rexxcps-oorexx-recorded-5,stdout,4,        Averaged: 400 x 100 iterations of 1000 clauses (over 1.0s)
timing-RexxCPS-rexxcps-oorexx-recorded-5,stdout,5,
timing-RexxCPS-rexxcps-oorexx-recorded-5,stdout,6,     Performance: 38337274 REXX clauses per second
timing-RexxCPS-rexxcps-oorexx-recorded-5,stdout,7,
timing-RexxCPS-rexxcps-regina-recorded-5,stdout,1,----- REXXCPS 2.2 -- Measuring REXX clauses/second -----
timing-RexxCPS-rexxcps-regina-recorded-5,stdout,2, REXX version is: REXX-Regina_3.9.7(MT) 5.00 18 Mar 2025
timing-RexxCPS-rexxcps-regina-recorded-5,stdout,3,       System is: UNIX
timing-RexxCPS-rexxcps-regina-recorded-5,stdout,4,        Averaged: 400 x 100 iterations of 1000 clauses (over 1.2s)
timing-RexxCPS-rexxcps-regina-recorded-5,stdout,5,
timing-RexxCPS-rexxcps-regina-recorded-5,stdout,6,     Performance: 32256062 REXX clauses per second
timing-RexxCPS-rexxcps-regina-recorded-5,stdout,7,
timing-RexxCPS-rexxcps-rxvm-recorded-6,stdout,1,----- REXXCPS 2.2d -- Measuring cREXX clauses/second -----
timing-RexxCPS-rexxcps-rxvm-recorded-6,stdout,2, cREXX version is: macOS 64 crexx-1.0.0-beta.3+local.g057592681c0c 20260727
timing-RexxCPS-rexxcps-rxvm-recorded-6,stdout,3,       System is: macOS
timing-RexxCPS-rexxcps-rxvm-recorded-6,stdout,4,REXXCPS-PROVENANCE contract=canonical-default argv_count=0 initial_count=100 averaging=100
timing-RexxCPS-rexxcps-rxvm-recorded-6,stdout,5,        Averaged: 400 x 100 iterations of 1000 clauses (over 1.0 s)
timing-RexxCPS-rexxcps-rxvm-recorded-6,stdout,6,REXXCPS-EFFECTIVE contract=canonical-default initial_count=100 effective_count=400 averaging=100 calibrated=1
timing-RexxCPS-rexxcps-rxvm-recorded-6,stdout,7,
timing-RexxCPS-rexxcps-rxvm-recorded-6,stdout,8,     Performance: 38548384 cREXX clauses per second
timing-RexxCPS-rexxcps-rxvm-recorded-6,stdout,9,
timing-RexxCPS-rexxcps-rxvm-recorded-6,stdout,10,PASS: RexxCPS 2.2d cREXX port
timing-RexxCPS-rexxcps-rxbvm-recorded-6,stdout,1,----- REXXCPS 2.2d -- Measuring cREXX clauses/second -----
timing-RexxCPS-rexxcps-rxbvm-recorded-6,stdout,2, cREXX version is: macOS 64 crexx-1.0.0-beta.3+local.g057592681c0c 20260727
timing-RexxCPS-rexxcps-rxbvm-recorded-6,stdout,3,       System is: macOS
timing-RexxCPS-rexxcps-rxbvm-recorded-6,stdout,4,REXXCPS-PROVENANCE contract=canonical-default argv_count=0 initial_count=100 averaging=100
timing-RexxCPS-rexxcps-rxbvm-recorded-6,stdout,5,        Averaged: 400 x 100 iterations of 1000 clauses (over 1.1 s)
timing-RexxCPS-rexxcps-rxbvm-recorded-6,stdout,6,REXXCPS-EFFECTIVE contract=canonical-default initial_count=100 effective_count=400 averaging=100 calibrated=1
timing-RexxCPS-rexxcps-rxbvm-recorded-6,stdout,7,
timing-RexxCPS-rexxcps-rxbvm-recorded-6,stdout,8,     Performance: 35774783 cREXX clauses per second
timing-RexxCPS-rexxcps-rxbvm-recorded-6,stdout,9,
timing-RexxCPS-rexxcps-rxbvm-recorded-6,stdout,10,PASS: RexxCPS 2.2d cREXX port
timing-RexxCPS-rexxcps-oorexx-recorded-6,stdout,1,----- REXXCPS 2.2 -- Measuring REXX clauses/second -----
timing-RexxCPS-rexxcps-oorexx-recorded-6,stdout,2, REXX version is: REXX-ooRexx_5.1.0(MT)_64-bit 6.05 2 May 2025
timing-RexxCPS-rexxcps-oorexx-recorded-6,stdout,3,       System is: DARWIN
timing-RexxCPS-rexxcps-oorexx-recorded-6,stdout,4,        Averaged: 400 x 100 iterations of 1000 clauses (over 1.1s)
timing-RexxCPS-rexxcps-oorexx-recorded-6,stdout,5,
timing-RexxCPS-rexxcps-oorexx-recorded-6,stdout,6,     Performance: 37919904 REXX clauses per second
timing-RexxCPS-rexxcps-oorexx-recorded-6,stdout,7,
timing-RexxCPS-rexxcps-regina-recorded-6,stdout,1,----- REXXCPS 2.2 -- Measuring REXX clauses/second -----
timing-RexxCPS-rexxcps-regina-recorded-6,stdout,2, REXX version is: REXX-Regina_3.9.7(MT) 5.00 18 Mar 2025
timing-RexxCPS-rexxcps-regina-recorded-6,stdout,3,       System is: UNIX
timing-RexxCPS-rexxcps-regina-recorded-6,stdout,4,        Averaged: 400 x 100 iterations of 1000 clauses (over 1.2s)
timing-RexxCPS-rexxcps-regina-recorded-6,stdout,5,
timing-RexxCPS-rexxcps-regina-recorded-6,stdout,6,     Performance: 32329319 REXX clauses per second
timing-RexxCPS-rexxcps-regina-recorded-6,stdout,7,
timing-RexxCPS-rexxcps-netrexx-recorded-6,stdout,1,----- REXXCPS 2.2n -- Measuring NetRexx clauses/second -----
timing-RexxCPS-rexxcps-netrexx-recorded-6,stdout,2, NetRexx version is: NetRexx 5.10 20 Mar 2026
timing-RexxCPS-rexxcps-netrexx-recorded-6,stdout,3,          System is: Java
timing-RexxCPS-rexxcps-netrexx-recorded-6,stdout,4,          Averaging: 100 measures of 300 iterations
timing-RexxCPS-rexxcps-netrexx-recorded-6,stdout,5,                       of 1000 clauses (over 0.650639253    s)
timing-RexxCPS-rexxcps-netrexx-recorded-6,stdout,6,
timing-RexxCPS-rexxcps-netrexx-recorded-6,stdout,7,Total (full DOs): 0.650639253 secs (average of 100 measures of 300 iterations)
timing-RexxCPS-rexxcps-netrexx-recorded-6,stdout,8,Time for one iteration (1000 clauses) was: 0.0000216827587 seconds
timing-RexxCPS-rexxcps-netrexx-recorded-6,stdout,9,
timing-RexxCPS-rexxcps-netrexx-recorded-6,stdout,10,     Performance: 46_119_593 NetRexx clauses per second
timing-RexxCPS-rexxcps-netrexx-recorded-6,stdout,11,                ( 46.120E+6 cps)
timing-RexxCPS-rexxcps-netrexx-recorded-6,stdout,12,
timing-RexxCPS-rexxcps-netrexx-recorded-6,stdout,13,PASS: RexxCPS 2.2n NetRexx disclosed adaptation
timing-RexxCPS-rexxcps-rxbvm-recorded-7,stdout,1,----- REXXCPS 2.2d -- Measuring cREXX clauses/second -----
timing-RexxCPS-rexxcps-rxbvm-recorded-7,stdout,2, cREXX version is: macOS 64 crexx-1.0.0-beta.3+local.g057592681c0c 20260727
timing-RexxCPS-rexxcps-rxbvm-recorded-7,stdout,3,       System is: macOS
timing-RexxCPS-rexxcps-rxbvm-recorded-7,stdout,4,REXXCPS-PROVENANCE contract=canonical-default argv_count=0 initial_count=100 averaging=100
timing-RexxCPS-rexxcps-rxbvm-recorded-7,stdout,5,        Averaged: 400 x 100 iterations of 1000 clauses (over 1.1 s)
timing-RexxCPS-rexxcps-rxbvm-recorded-7,stdout,6,REXXCPS-EFFECTIVE contract=canonical-default initial_count=100 effective_count=400 averaging=100 calibrated=1
timing-RexxCPS-rexxcps-rxbvm-recorded-7,stdout,7,
timing-RexxCPS-rexxcps-rxbvm-recorded-7,stdout,8,     Performance: 35666614 cREXX clauses per second
timing-RexxCPS-rexxcps-rxbvm-recorded-7,stdout,9,
timing-RexxCPS-rexxcps-rxbvm-recorded-7,stdout,10,PASS: RexxCPS 2.2d cREXX port
timing-RexxCPS-rexxcps-oorexx-recorded-7,stdout,1,----- REXXCPS 2.2 -- Measuring REXX clauses/second -----
timing-RexxCPS-rexxcps-oorexx-recorded-7,stdout,2, REXX version is: REXX-ooRexx_5.1.0(MT)_64-bit 6.05 2 May 2025
timing-RexxCPS-rexxcps-oorexx-recorded-7,stdout,3,       System is: DARWIN
timing-RexxCPS-rexxcps-oorexx-recorded-7,stdout,4,        Averaged: 400 x 100 iterations of 1000 clauses (over 1.1s)
timing-RexxCPS-rexxcps-oorexx-recorded-7,stdout,5,
timing-RexxCPS-rexxcps-oorexx-recorded-7,stdout,6,     Performance: 36490158 REXX clauses per second
timing-RexxCPS-rexxcps-oorexx-recorded-7,stdout,7,
timing-RexxCPS-rexxcps-regina-recorded-7,stdout,1,----- REXXCPS 2.2 -- Measuring REXX clauses/second -----
timing-RexxCPS-rexxcps-regina-recorded-7,stdout,2, REXX version is: REXX-Regina_3.9.7(MT) 5.00 18 Mar 2025
timing-RexxCPS-rexxcps-regina-recorded-7,stdout,3,       System is: UNIX
timing-RexxCPS-rexxcps-regina-recorded-7,stdout,4,        Averaged: 400 x 100 iterations of 1000 clauses (over 1.2s)
timing-RexxCPS-rexxcps-regina-recorded-7,stdout,5,
timing-RexxCPS-rexxcps-regina-recorded-7,stdout,6,     Performance: 32143489 REXX clauses per second
timing-RexxCPS-rexxcps-regina-recorded-7,stdout,7,
timing-RexxCPS-rexxcps-netrexx-recorded-7,stdout,1,----- REXXCPS 2.2n -- Measuring NetRexx clauses/second -----
timing-RexxCPS-rexxcps-netrexx-recorded-7,stdout,2, NetRexx version is: NetRexx 5.10 20 Mar 2026
timing-RexxCPS-rexxcps-netrexx-recorded-7,stdout,3,          System is: Java
timing-RexxCPS-rexxcps-netrexx-recorded-7,stdout,4,          Averaging: 100 measures of 400 iterations
timing-RexxCPS-rexxcps-netrexx-recorded-7,stdout,5,                       of 1000 clauses (over 0.865958917    s)
timing-RexxCPS-rexxcps-netrexx-recorded-7,stdout,6,
timing-RexxCPS-rexxcps-netrexx-recorded-7,stdout,7,Total (full DOs): 0.865958917 secs (average of 100 measures of 400 iterations)
timing-RexxCPS-rexxcps-netrexx-recorded-7,stdout,8,Time for one iteration (1000 clauses) was: 0.000021645368775 seconds
timing-RexxCPS-rexxcps-netrexx-recorded-7,stdout,9,
timing-RexxCPS-rexxcps-netrexx-recorded-7,stdout,10,     Performance: 46_199_259 NetRexx clauses per second
timing-RexxCPS-rexxcps-netrexx-recorded-7,stdout,11,                ( 46.199E+6 cps)
timing-RexxCPS-rexxcps-netrexx-recorded-7,stdout,12,
timing-RexxCPS-rexxcps-netrexx-recorded-7,stdout,13,PASS: RexxCPS 2.2n NetRexx disclosed adaptation
timing-RexxCPS-rexxcps-rxvm-recorded-7,stdout,1,----- REXXCPS 2.2d -- Measuring cREXX clauses/second -----
timing-RexxCPS-rexxcps-rxvm-recorded-7,stdout,2, cREXX version is: macOS 64 crexx-1.0.0-beta.3+local.g057592681c0c 20260727
timing-RexxCPS-rexxcps-rxvm-recorded-7,stdout,3,       System is: macOS
timing-RexxCPS-rexxcps-rxvm-recorded-7,stdout,4,REXXCPS-PROVENANCE contract=canonical-default argv_count=0 initial_count=100 averaging=100
timing-RexxCPS-rexxcps-rxvm-recorded-7,stdout,5,        Averaged: 400 x 100 iterations of 1000 clauses (over 1.1 s)
timing-RexxCPS-rexxcps-rxvm-recorded-7,stdout,6,REXXCPS-EFFECTIVE contract=canonical-default initial_count=100 effective_count=400 averaging=100 calibrated=1
timing-RexxCPS-rexxcps-rxvm-recorded-7,stdout,7,
timing-RexxCPS-rexxcps-rxvm-recorded-7,stdout,8,     Performance: 37985406 cREXX clauses per second
timing-RexxCPS-rexxcps-rxvm-recorded-7,stdout,9,
timing-RexxCPS-rexxcps-rxvm-recorded-7,stdout,10,PASS: RexxCPS 2.2d cREXX port
timing-RexxCPS-rexxcps-oorexx-recorded-8,stdout,1,----- REXXCPS 2.2 -- Measuring REXX clauses/second -----
timing-RexxCPS-rexxcps-oorexx-recorded-8,stdout,2, REXX version is: REXX-ooRexx_5.1.0(MT)_64-bit 6.05 2 May 2025
timing-RexxCPS-rexxcps-oorexx-recorded-8,stdout,3,       System is: DARWIN
timing-RexxCPS-rexxcps-oorexx-recorded-8,stdout,4,        Averaged: 400 x 100 iterations of 1000 clauses (over 1.1s)
timing-RexxCPS-rexxcps-oorexx-recorded-8,stdout,5,
timing-RexxCPS-rexxcps-oorexx-recorded-8,stdout,6,     Performance: 37667621 REXX clauses per second
timing-RexxCPS-rexxcps-oorexx-recorded-8,stdout,7,
timing-RexxCPS-rexxcps-regina-recorded-8,stdout,1,----- REXXCPS 2.2 -- Measuring REXX clauses/second -----
timing-RexxCPS-rexxcps-regina-recorded-8,stdout,2, REXX version is: REXX-Regina_3.9.7(MT) 5.00 18 Mar 2025
timing-RexxCPS-rexxcps-regina-recorded-8,stdout,3,       System is: UNIX
timing-RexxCPS-rexxcps-regina-recorded-8,stdout,4,        Averaged: 400 x 100 iterations of 1000 clauses (over 1.2s)
timing-RexxCPS-rexxcps-regina-recorded-8,stdout,5,
timing-RexxCPS-rexxcps-regina-recorded-8,stdout,6,     Performance: 32137213 REXX clauses per second
timing-RexxCPS-rexxcps-regina-recorded-8,stdout,7,
timing-RexxCPS-rexxcps-netrexx-recorded-8,stdout,1,----- REXXCPS 2.2n -- Measuring NetRexx clauses/second -----
timing-RexxCPS-rexxcps-netrexx-recorded-8,stdout,2, NetRexx version is: NetRexx 5.10 20 Mar 2026
timing-RexxCPS-rexxcps-netrexx-recorded-8,stdout,3,          System is: Java
timing-RexxCPS-rexxcps-netrexx-recorded-8,stdout,4,          Averaging: 100 measures of 300 iterations
timing-RexxCPS-rexxcps-netrexx-recorded-8,stdout,5,                       of 1000 clauses (over 0.648086463    s)
timing-RexxCPS-rexxcps-netrexx-recorded-8,stdout,6,
timing-RexxCPS-rexxcps-netrexx-recorded-8,stdout,7,Total (full DOs): 0.648086463 secs (average of 100 measures of 300 iterations)
timing-RexxCPS-rexxcps-netrexx-recorded-8,stdout,8,Time for one iteration (1000 clauses) was: 0.000021598123833333333333 seconds
timing-RexxCPS-rexxcps-netrexx-recorded-8,stdout,9,
timing-RexxCPS-rexxcps-netrexx-recorded-8,stdout,10,     Performance: 46_300_318 NetRexx clauses per second
timing-RexxCPS-rexxcps-netrexx-recorded-8,stdout,11,                ( 46.300E+6 cps)
timing-RexxCPS-rexxcps-netrexx-recorded-8,stdout,12,
timing-RexxCPS-rexxcps-netrexx-recorded-8,stdout,13,PASS: RexxCPS 2.2n NetRexx disclosed adaptation
timing-RexxCPS-rexxcps-rxvm-recorded-8,stdout,1,----- REXXCPS 2.2d -- Measuring cREXX clauses/second -----
timing-RexxCPS-rexxcps-rxvm-recorded-8,stdout,2, cREXX version is: macOS 64 crexx-1.0.0-beta.3+local.g057592681c0c 20260727
timing-RexxCPS-rexxcps-rxvm-recorded-8,stdout,3,       System is: macOS
timing-RexxCPS-rexxcps-rxvm-recorded-8,stdout,4,REXXCPS-PROVENANCE contract=canonical-default argv_count=0 initial_count=100 averaging=100
timing-RexxCPS-rexxcps-rxvm-recorded-8,stdout,5,        Averaged: 400 x 100 iterations of 1000 clauses (over 1.0 s)
timing-RexxCPS-rexxcps-rxvm-recorded-8,stdout,6,REXXCPS-EFFECTIVE contract=canonical-default initial_count=100 effective_count=400 averaging=100 calibrated=1
timing-RexxCPS-rexxcps-rxvm-recorded-8,stdout,7,
timing-RexxCPS-rexxcps-rxvm-recorded-8,stdout,8,     Performance: 38505412 cREXX clauses per second
timing-RexxCPS-rexxcps-rxvm-recorded-8,stdout,9,
timing-RexxCPS-rexxcps-rxvm-recorded-8,stdout,10,PASS: RexxCPS 2.2d cREXX port
timing-RexxCPS-rexxcps-rxbvm-recorded-8,stdout,1,----- REXXCPS 2.2d -- Measuring cREXX clauses/second -----
timing-RexxCPS-rexxcps-rxbvm-recorded-8,stdout,2, cREXX version is: macOS 64 crexx-1.0.0-beta.3+local.g057592681c0c 20260727
timing-RexxCPS-rexxcps-rxbvm-recorded-8,stdout,3,       System is: macOS
timing-RexxCPS-rexxcps-rxbvm-recorded-8,stdout,4,REXXCPS-PROVENANCE contract=canonical-default argv_count=0 initial_count=100 averaging=100
timing-RexxCPS-rexxcps-rxbvm-recorded-8,stdout,5,        Averaged: 400 x 100 iterations of 1000 clauses (over 1.1 s)
timing-RexxCPS-rexxcps-rxbvm-recorded-8,stdout,6,REXXCPS-EFFECTIVE contract=canonical-default initial_count=100 effective_count=400 averaging=100 calibrated=1
timing-RexxCPS-rexxcps-rxbvm-recorded-8,stdout,7,
timing-RexxCPS-rexxcps-rxbvm-recorded-8,stdout,8,     Performance: 35830158 cREXX clauses per second
timing-RexxCPS-rexxcps-rxbvm-recorded-8,stdout,9,
timing-RexxCPS-rexxcps-rxbvm-recorded-8,stdout,10,PASS: RexxCPS 2.2d cREXX port
timing-RexxCPS-rexxcps-regina-recorded-9,stdout,1,----- REXXCPS 2.2 -- Measuring REXX clauses/second -----
timing-RexxCPS-rexxcps-regina-recorded-9,stdout,2, REXX version is: REXX-Regina_3.9.7(MT) 5.00 18 Mar 2025
timing-RexxCPS-rexxcps-regina-recorded-9,stdout,3,       System is: UNIX
timing-RexxCPS-rexxcps-regina-recorded-9,stdout,4,        Averaged: 400 x 100 iterations of 1000 clauses (over 1.2s)
timing-RexxCPS-rexxcps-regina-recorded-9,stdout,5,
timing-RexxCPS-rexxcps-regina-recorded-9,stdout,6,     Performance: 32258377 REXX clauses per second
timing-RexxCPS-rexxcps-regina-recorded-9,stdout,7,
timing-RexxCPS-rexxcps-netrexx-recorded-9,stdout,1,----- REXXCPS 2.2n -- Measuring NetRexx clauses/second -----
timing-RexxCPS-rexxcps-netrexx-recorded-9,stdout,2, NetRexx version is: NetRexx 5.10 20 Mar 2026
timing-RexxCPS-rexxcps-netrexx-recorded-9,stdout,3,          System is: Java
timing-RexxCPS-rexxcps-netrexx-recorded-9,stdout,4,          Averaging: 100 measures of 300 iterations
timing-RexxCPS-rexxcps-netrexx-recorded-9,stdout,5,                       of 1000 clauses (over 0.653033172    s)
timing-RexxCPS-rexxcps-netrexx-recorded-9,stdout,6,
timing-RexxCPS-rexxcps-netrexx-recorded-9,stdout,7,Total (full DOs): 0.653033172 secs (average of 100 measures of 300 iterations)
timing-RexxCPS-rexxcps-netrexx-recorded-9,stdout,8,Time for one iteration (1000 clauses) was: 0.000021762943166666666667 seconds
timing-RexxCPS-rexxcps-netrexx-recorded-9,stdout,9,
timing-RexxCPS-rexxcps-netrexx-recorded-9,stdout,10,     Performance: 45_949_667 NetRexx clauses per second
timing-RexxCPS-rexxcps-netrexx-recorded-9,stdout,11,                ( 45.950E+6 cps)
timing-RexxCPS-rexxcps-netrexx-recorded-9,stdout,12,
timing-RexxCPS-rexxcps-netrexx-recorded-9,stdout,13,PASS: RexxCPS 2.2n NetRexx disclosed adaptation
timing-RexxCPS-rexxcps-rxvm-recorded-9,stdout,1,----- REXXCPS 2.2d -- Measuring cREXX clauses/second -----
timing-RexxCPS-rexxcps-rxvm-recorded-9,stdout,2, cREXX version is: macOS 64 crexx-1.0.0-beta.3+local.g057592681c0c 20260727
timing-RexxCPS-rexxcps-rxvm-recorded-9,stdout,3,       System is: macOS
timing-RexxCPS-rexxcps-rxvm-recorded-9,stdout,4,REXXCPS-PROVENANCE contract=canonical-default argv_count=0 initial_count=100 averaging=100
timing-RexxCPS-rexxcps-rxvm-recorded-9,stdout,5,        Averaged: 400 x 100 iterations of 1000 clauses (over 1.1 s)
timing-RexxCPS-rexxcps-rxvm-recorded-9,stdout,6,REXXCPS-EFFECTIVE contract=canonical-default initial_count=100 effective_count=400 averaging=100 calibrated=1
timing-RexxCPS-rexxcps-rxvm-recorded-9,stdout,7,
timing-RexxCPS-rexxcps-rxvm-recorded-9,stdout,8,     Performance: 37459637 cREXX clauses per second
timing-RexxCPS-rexxcps-rxvm-recorded-9,stdout,9,
timing-RexxCPS-rexxcps-rxvm-recorded-9,stdout,10,PASS: RexxCPS 2.2d cREXX port
timing-RexxCPS-rexxcps-rxbvm-recorded-9,stdout,1,----- REXXCPS 2.2d -- Measuring cREXX clauses/second -----
timing-RexxCPS-rexxcps-rxbvm-recorded-9,stdout,2, cREXX version is: macOS 64 crexx-1.0.0-beta.3+local.g057592681c0c 20260727
timing-RexxCPS-rexxcps-rxbvm-recorded-9,stdout,3,       System is: macOS
timing-RexxCPS-rexxcps-rxbvm-recorded-9,stdout,4,REXXCPS-PROVENANCE contract=canonical-default argv_count=0 initial_count=100 averaging=100
timing-RexxCPS-rexxcps-rxbvm-recorded-9,stdout,5,        Averaged: 400 x 100 iterations of 1000 clauses (over 1.1 s)
timing-RexxCPS-rexxcps-rxbvm-recorded-9,stdout,6,REXXCPS-EFFECTIVE contract=canonical-default initial_count=100 effective_count=400 averaging=100 calibrated=1
timing-RexxCPS-rexxcps-rxbvm-recorded-9,stdout,7,
timing-RexxCPS-rexxcps-rxbvm-recorded-9,stdout,8,     Performance: 35425065 cREXX clauses per second
timing-RexxCPS-rexxcps-rxbvm-recorded-9,stdout,9,
timing-RexxCPS-rexxcps-rxbvm-recorded-9,stdout,10,PASS: RexxCPS 2.2d cREXX port
timing-RexxCPS-rexxcps-oorexx-recorded-9,stdout,1,----- REXXCPS 2.2 -- Measuring REXX clauses/second -----
timing-RexxCPS-rexxcps-oorexx-recorded-9,stdout,2, REXX version is: REXX-ooRexx_5.1.0(MT)_64-bit 6.05 2 May 2025
timing-RexxCPS-rexxcps-oorexx-recorded-9,stdout,3,       System is: DARWIN
timing-RexxCPS-rexxcps-oorexx-recorded-9,stdout,4,        Averaged: 400 x 100 iterations of 1000 clauses (over 1.0s)
timing-RexxCPS-rexxcps-oorexx-recorded-9,stdout,5,
timing-RexxCPS-rexxcps-oorexx-recorded-9,stdout,6,     Performance: 38455363 REXX clauses per second
timing-RexxCPS-rexxcps-oorexx-recorded-9,stdout,7,
timing-RexxCPS-rexxcps-netrexx-recorded-10,stdout,1,----- REXXCPS 2.2n -- Measuring NetRexx clauses/second -----
timing-RexxCPS-rexxcps-netrexx-recorded-10,stdout,2, NetRexx version is: NetRexx 5.10 20 Mar 2026
timing-RexxCPS-rexxcps-netrexx-recorded-10,stdout,3,          System is: Java
timing-RexxCPS-rexxcps-netrexx-recorded-10,stdout,4,          Averaging: 100 measures of 300 iterations
timing-RexxCPS-rexxcps-netrexx-recorded-10,stdout,5,                       of 1000 clauses (over 0.654420086    s)
timing-RexxCPS-rexxcps-netrexx-recorded-10,stdout,6,
timing-RexxCPS-rexxcps-netrexx-recorded-10,stdout,7,Total (full DOs): 0.654420086 secs (average of 100 measures of 300 iterations)
timing-RexxCPS-rexxcps-netrexx-recorded-10,stdout,8,Time for one iteration (1000 clauses) was: 0.000021809193233333333333 seconds
timing-RexxCPS-rexxcps-netrexx-recorded-10,stdout,9,
timing-RexxCPS-rexxcps-netrexx-recorded-10,stdout,10,     Performance: 45_852_223 NetRexx clauses per second
timing-RexxCPS-rexxcps-netrexx-recorded-10,stdout,11,                ( 45.852E+6 cps)
timing-RexxCPS-rexxcps-netrexx-recorded-10,stdout,12,
timing-RexxCPS-rexxcps-netrexx-recorded-10,stdout,13,PASS: RexxCPS 2.2n NetRexx disclosed adaptation
timing-RexxCPS-rexxcps-rxvm-recorded-10,stdout,1,----- REXXCPS 2.2d -- Measuring cREXX clauses/second -----
timing-RexxCPS-rexxcps-rxvm-recorded-10,stdout,2, cREXX version is: macOS 64 crexx-1.0.0-beta.3+local.g057592681c0c 20260727
timing-RexxCPS-rexxcps-rxvm-recorded-10,stdout,3,       System is: macOS
timing-RexxCPS-rexxcps-rxvm-recorded-10,stdout,4,REXXCPS-PROVENANCE contract=canonical-default argv_count=0 initial_count=100 averaging=100
timing-RexxCPS-rexxcps-rxvm-recorded-10,stdout,5,        Averaged: 400 x 100 iterations of 1000 clauses (over 1.1 s)
timing-RexxCPS-rexxcps-rxvm-recorded-10,stdout,6,REXXCPS-EFFECTIVE contract=canonical-default initial_count=100 effective_count=400 averaging=100 calibrated=1
timing-RexxCPS-rexxcps-rxvm-recorded-10,stdout,7,
timing-RexxCPS-rexxcps-rxvm-recorded-10,stdout,8,     Performance: 37392089 cREXX clauses per second
timing-RexxCPS-rexxcps-rxvm-recorded-10,stdout,9,
timing-RexxCPS-rexxcps-rxvm-recorded-10,stdout,10,PASS: RexxCPS 2.2d cREXX port
timing-RexxCPS-rexxcps-rxbvm-recorded-10,stdout,1,----- REXXCPS 2.2d -- Measuring cREXX clauses/second -----
timing-RexxCPS-rexxcps-rxbvm-recorded-10,stdout,2, cREXX version is: macOS 64 crexx-1.0.0-beta.3+local.g057592681c0c 20260727
timing-RexxCPS-rexxcps-rxbvm-recorded-10,stdout,3,       System is: macOS
timing-RexxCPS-rexxcps-rxbvm-recorded-10,stdout,4,REXXCPS-PROVENANCE contract=canonical-default argv_count=0 initial_count=100 averaging=100
timing-RexxCPS-rexxcps-rxbvm-recorded-10,stdout,5,        Averaged: 400 x 100 iterations of 1000 clauses (over 1.1 s)
timing-RexxCPS-rexxcps-rxbvm-recorded-10,stdout,6,REXXCPS-EFFECTIVE contract=canonical-default initial_count=100 effective_count=400 averaging=100 calibrated=1
timing-RexxCPS-rexxcps-rxbvm-recorded-10,stdout,7,
timing-RexxCPS-rexxcps-rxbvm-recorded-10,stdout,8,     Performance: 35052175 cREXX clauses per second
timing-RexxCPS-rexxcps-rxbvm-recorded-10,stdout,9,
timing-RexxCPS-rexxcps-rxbvm-recorded-10,stdout,10,PASS: RexxCPS 2.2d cREXX port
timing-RexxCPS-rexxcps-oorexx-recorded-10,stdout,1,----- REXXCPS 2.2 -- Measuring REXX clauses/second -----
timing-RexxCPS-rexxcps-oorexx-recorded-10,stdout,2, REXX version is: REXX-ooRexx_5.1.0(MT)_64-bit 6.05 2 May 2025
timing-RexxCPS-rexxcps-oorexx-recorded-10,stdout,3,       System is: DARWIN
timing-RexxCPS-rexxcps-oorexx-recorded-10,stdout,4,        Averaged: 400 x 100 iterations of 1000 clauses (over 1.0s)
timing-RexxCPS-rexxcps-oorexx-recorded-10,stdout,5,
timing-RexxCPS-rexxcps-oorexx-recorded-10,stdout,6,     Performance: 38153013 REXX clauses per second
timing-RexxCPS-rexxcps-oorexx-recorded-10,stdout,7,
timing-RexxCPS-rexxcps-regina-recorded-10,stdout,1,----- REXXCPS 2.2 -- Measuring REXX clauses/second -----
timing-RexxCPS-rexxcps-regina-recorded-10,stdout,2, REXX version is: REXX-Regina_3.9.7(MT) 5.00 18 Mar 2025
timing-RexxCPS-rexxcps-regina-recorded-10,stdout,3,       System is: UNIX
timing-RexxCPS-rexxcps-regina-recorded-10,stdout,4,        Averaged: 400 x 100 iterations of 1000 clauses (over 1.3s)
timing-RexxCPS-rexxcps-regina-recorded-10,stdout,5,
timing-RexxCPS-rexxcps-regina-recorded-10,stdout,6,     Performance: 31425665 REXX clauses per second
timing-RexxCPS-rexxcps-regina-recorded-10,stdout,7,
