entry,section,name,value,id,count,total_ns,average_ns,min_ns,max_ns,percent,selected,entries,resumes,terminals,module,kind,completed,unwound,return_type,args,bytes,max_bytes,high_water,status
sieve-noopt,status,instructions,complete,,0,0,0,0,0,0,,,,,,,,,,,,,,complete
sieve-noopt,status,procedures,complete,,0,0,0,0,0,0,,,,,,,,,,,,,,complete
sieve-noopt,status,allocations,complete,,0,0,0,0,0,0,,,,,,,,,,,,,,complete
sieve-noopt,status,call_census,complete,,0,0,0,0,0,0,,,,,,,,,,,,,,complete
sieve-noopt,status,frame_entry,complete,,0,0,0,0,0,0,,,,,,,,,,,,,,complete
sieve-noopt,status,value_operations,complete,,0,0,0,0,0,0,,,,,,,,,,,,,,complete
sieve-noopt,status,branch_sites,complete,,0,0,0,0,0,0,,,,,,,,,,,,,,complete
sieve-noopt,value_operation,copy,string,,1,0,0,0,0,0,,,,,,,,,,,2,2,,complete
sieve-noopt,value_operation,copy,object,,1,0,0,0,0,0,,,,,,,,,,,8,8,,complete
sieve-noopt,value_operation,move,scalar,,50,0,0,0,0,0,,,,,,,,,,,0,0,,complete
sieve-noopt,value_operation,clear_contents,empty,,252631,0,0,0,0,0,,,,,,,,,,,0,0,,complete
sieve-noopt,value_operation,clear_contents,scalar,,680,0,0,0,0,0,,,,,,,,,,,0,0,,complete
sieve-noopt,value_operation,clear_contents,string,,5,0,0,0,0,0,,,,,,,,,,,55,46,,complete
sieve-noopt,value_operation,clear_contents,object,,3,0,0,0,0,0,,,,,,,,,,,40016,40000,,complete
sieve-noopt,value_operation,reset_reuse,empty,,212170,0,0,0,0,0,,,,,,,,,,,0,0,,complete
sieve-noopt,value_operation,reset_reuse,scalar,,32830,0,0,0,0,0,,,,,,,,,,,0,0,,complete
sieve-noopt,value_operation,destroy,empty,,7631,0,0,0,0,0,,,,,,,,,,,0,0,,complete
sieve-noopt,value_operation,destroy,scalar,,680,0,0,0,0,0,,,,,,,,,,,0,0,,complete
sieve-noopt,value_operation,destroy,string,,5,0,0,0,0,0,,,,,,,,,,,55,46,,complete
sieve-noopt,value_operation,destroy,object,,3,0,0,0,0,0,,,,,,,,,,,40016,40000,,complete
sieve-noopt,value_operation,clear,empty,,45,0,0,0,0,0,,,,,,,,,,,0,0,,complete
sieve-noopt,value_operation,clear,scalar,,10,0,0,0,0,0,,,,,,,,,,,0,0,,complete
sieve-noopt,value_operation,clear,string,,3,0,0,0,0,0,,,,,,,,,,,51,46,,complete
sieve-noopt,value_operation,clear,object,,3,0,0,0,0,0,,,,,,,,,,,40016,40000,,complete
sieve-noopt,frame_entry,local_relink,fresh,20,2,0,0,0,0,0,,,,,,,,,,,,,,complete
sieve-noopt,frame_entry,local_relink,reused,539,49,0,0,0,0,0,,,,,,,,,,,,,,complete
sieve-noopt,frame_entry,global_relink,fresh,0,2,0,0,0,0,0,,,,,,,,,,,,,,complete
sieve-noopt,frame_entry,global_relink,reused,0,49,0,0,0,0,0,,,,,,,,,,,,,,complete
sieve-noopt,frame_entry,argument_count_reset,fresh,2,2,0,0,0,0,0,,,,,,,,,,,,,,complete
sieve-noopt,frame_entry,argument_count_reset,reused,49,49,0,0,0,0,0,,,,,,,,,,,,,,complete
sieve-noopt,frame_entry,inherited_context,fresh,1,1,0,0,0,0,0,,,,,,,,,,,,,,complete
sieve-noopt,frame_entry,inherited_context,reused,49,49,0,0,0,0,0,,,,,,,,,,,,,,complete
sieve-noopt,frame_entry,root_context,fresh,1,1,0,0,0,0,0,,,,,,,,,,,,,,complete
sieve-noopt,frame_entry,finalize,fresh,2,2,0,0,0,0,0,,,,,,,,,,,,,,complete
sieve-noopt,frame_entry,finalize,reused,49,49,0,0,0,0,0,,,,,,,,,,,,,,complete
sieve-noopt,branch,BRTPANDT_ID_REG_INT,,4,1,0,0,0,0,0,0,1,0,0,benchmark_awfy_sieve_noopt,branch_site,,,,,,,,complete
sieve-noopt,branch,BR_ID,,11,1,0,0,0,0,0,1,0,0,0,benchmark_awfy_sieve_noopt,branch_site,,,,,,,,complete
sieve-noopt,branch,BRF_ID_REG,,27,1,0,0,0,0,0,0,1,0,0,benchmark_awfy_sieve_noopt,branch_site,,,,,,,,complete
sieve-noopt,branch,BRF_ID_REG,,43,1,0,0,0,0,0,1,0,0,0,benchmark_awfy_sieve_noopt,branch_site,,,,,,,,complete
sieve-noopt,branch,BRT_ID_REG,,68,51,0,0,0,0,0,1,50,0,0,benchmark_awfy_sieve_noopt,branch_site,,,,,,,,complete
sieve-noopt,branch,BRT_ID_REG,,138,250050,0,0,0,0,0,50,250000,0,0,benchmark_awfy_sieve_noopt,branch_site,,,,,,,,complete
sieve-noopt,branch,BR_ID,,153,250000,0,0,0,0,0,250000,0,250000,0,benchmark_awfy_sieve_noopt,branch_site,,,,,,,,complete
sieve-noopt,branch,BRT_ID_REG,,168,250000,0,0,0,0,0,50,249950,0,0,benchmark_awfy_sieve_noopt,branch_site,,,,,,,,complete
sieve-noopt,branch,BRF_ID_REG,,176,249950,0,0,0,0,0,216500,33450,0,0,benchmark_awfy_sieve_noopt,branch_site,,,,,,,,complete
sieve-noopt,branch,BRT_ID_REG,,194,586900,0,0,0,0,0,0,586900,0,0,benchmark_awfy_sieve_noopt,branch_site,,,,,,,,complete
sieve-noopt,branch,BRTF_ID_ID_REG,,201,586900,0,0,0,0,0,586900,0,0,0,benchmark_awfy_sieve_noopt,branch_site,,,,,,,,complete
sieve-noopt,branch,BR_ID,,226,553450,0,0,0,0,0,553450,0,553450,0,benchmark_awfy_sieve_noopt,branch_site,,,,,,,,complete
sieve-noopt,branch,BR_ID,,232,249950,0,0,0,0,0,249950,0,249950,0,benchmark_awfy_sieve_noopt,branch_site,,,,,,,,complete
sieve-noopt,branch,BRF_ID_REG,,78,50,0,0,0,0,0,50,0,0,0,benchmark_awfy_sieve_noopt,branch_site,,,,,,,,complete
sieve-noopt,branch,BR_ID,,98,50,0,0,0,0,0,50,0,50,0,benchmark_awfy_sieve_noopt,branch_site,,,,,,,,complete
sieve-noopt,census,call_path,direct_bytecode,,50,0,0,0,0,0,,,,,,,,,,,,,,complete
sieve-noopt,census,call_path,direct_native,,0,0,0,0,0,0,,,,,,,,,,,,,,complete
sieve-noopt,census,call_path,dynamic_bytecode,,0,0,0,0,0,0,,,,,,,,,,,,,,complete
sieve-noopt,census,call_path,dynamic_native,,0,0,0,0,0,0,,,,,,,,,,,,,,complete
sieve-noopt,census,call_path,external_root,,1,0,0,0,0,0,,,,,,,,,,,,,,complete
sieve-noopt,census,call_path,signal_bytecode,,0,0,0,0,0,0,,,,,,,,,,,,,,complete
sieve-noopt,census,call_path,signal_native,,0,0,0,0,0,0,,,,,,,,,,,,,,complete
sieve-noopt,census,arity,1,,1,0,0,0,0,0,,,,,,,,,,,,,,complete
sieve-noopt,census,arity,0,,50,0,0,0,0,0,,,,,,,,,,,,,,complete
sieve-noopt,census,callable_kind,procedure,,51,0,0,0,0,0,,,,,,,,,,,,,,complete
sieve-noopt,census,callable_kind,method,,0,0,0,0,0,0,,,,,,,,,,,,,,complete
sieve-noopt,census,callable_kind,factory,,0,0,0,0,0,0,,,,,,,,,,,,,,complete
sieve-noopt,census,callable_kind,native,,0,0,0,0,0,0,,,,,,,,,,,,,,complete
sieve-noopt,census,callable_kind,unknown,,0,0,0,0,0,0,,,,,,,,,,,,,,complete
sieve-noopt,census,frame_disposition,fresh,,2,0,0,0,0,0,,,,,,,,,,,,,,complete
sieve-noopt,census,frame_disposition,reused,,49,0,0,0,0,0,,,,,,,,,,,,,,complete
sieve-noopt,census,frame_disposition,no_child_native,,0,0,0,0,0,0,,,,,,,,,,,,,,complete
sieve-noopt,census,frame_disposition,none_failed,,0,0,0,0,0,0,,,,,,,,,,,,,,complete
sieve-noopt,census,call_outcome,success,,51,0,0,0,0,0,,,,,,,,,,,,,,complete
sieve-noopt,census,call_outcome,unresolved,,0,0,0,0,0,0,,,,,,,,,,,,,,complete
sieve-noopt,census,call_outcome,frame_failed,,0,0,0,0,0,0,,,,,,,,,,,,,,complete
sieve-noopt,census,call_outcome,invalid,,0,0,0,0,0,0,,,,,,,,,,,,,,complete
sieve-noopt,return,placement,void,,0,0,0,0,0,0,,,,,,,,,,,,,,complete
sieve-noopt,return,placement,ret_reg_move_local,,50,0,0,0,0,0,,,,,,,,,,,,,,complete
sieve-noopt,return,placement,ret_reg_copy_nonlocal,,0,0,0,0,0,0,,,,,,,,,,,,,,complete
sieve-noopt,return,placement,value_ignored,,0,0,0,0,0,0,,,,,,,,,,,,,,complete
sieve-noopt,return,placement,immediate,,0,0,0,0,0,0,,,,,,,,,,,,,,complete
sieve-noopt,return,placement,terminal_external,,1,0,0,0,0,0,,,,,,,,,,,,,,complete
sieve-noopt,dynamic,srcmethodsel,attempt,,0,0,0,0,0,0,,,,,,,,,,,,,,complete
sieve-noopt,dynamic,srcmethodsel,success,,0,0,0,0,0,0,,,,,,,,,,,,,,complete
sieve-noopt,dynamic,srcmethodsel,failure,,0,0,0,0,0,0,,,,,,,,,,,,,,complete
sieve-noopt,dynamic,srcfprocsel,attempt,,0,0,0,0,0,0,,,,,,,,,,,,,,complete
sieve-noopt,dynamic,srcfprocsel,success,,0,0,0,0,0,0,,,,,,,,,,,,,,complete
sieve-noopt,dynamic,srcfprocsel,failure,,0,0,0,0,0,0,,,,,,,,,,,,,,complete
sieve-noopt,mechanics,call_window,setup_swaps,,0,0,0,0,0,0,,,,,,,,,,,,,,complete
sieve-noopt,mechanics,call_window,normal_restoration_swaps,,0,0,0,0,0,0,,,,,,,,,,,,,,complete
sieve-noopt,mechanics,call_window,unclassified_swaps,,0,0,0,0,0,0,,,,,,,,,,,,,,complete
sieve-noopt,mechanics,call_window,defensive_argument_copies,,0,0,0,0,0,0,,,,,,,,,,,,,,complete
sieve-noopt,mechanics,call_window,unclassified_copies,,1,0,0,0,0,0,,,,,,,,,,,,,,complete
sieve-noopt,mechanics,call_window,attribution_degraded,,0,0,0,0,0,0,,,,,,,,,,,,,,complete
sieve-noopt,unwind,signal,events,,0,0,0,0,0,0,,,,,,,,,,,,,,complete
sieve-noopt,unwind,signal,bytecode_frames_discarded,,0,0,0,0,0,0,,,,,,,,,,,,,,complete
sieve-noopt,unwind,signal,argument_windows_restored,,0,0,0,0,0,0,,,,,,,,,,,,,,complete
sieve-noopt,unwind,signal,argument_slots_restored,,0,0,0,0,0,0,,,,,,,,,,,,,,complete
sieve-noopt,unwind,signal,interrupted_native_windows_restored,,0,0,0,0,0,0,,,,,,,,,,,,,,complete
sieve-noopt,unwind,signal,interrupted_native_slots_restored,,0,0,0,0,0,0,,,,,,,,,,,,,,complete
sieve-noopt,unwind,signal,restoration_failures,,0,0,0,0,0,0,,,,,,,,,,,,,,complete
sieve-noopt,call,awfy_sieve.main,external_root,0,1,0,0,0,0,0,1,,,,benchmark_awfy_sieve_noopt,procedure,,,fresh,success,0,0,0,complete
sieve-noopt,call,awfy_sieve.sieve_once,direct_bytecode,71,1,0,0,0,0,0,0,,,,benchmark_awfy_sieve_noopt,procedure,,,fresh,success,0,0,0,complete
sieve-noopt,call,awfy_sieve.sieve_once,direct_bytecode,71,49,0,0,0,0,0,0,,,,benchmark_awfy_sieve_noopt,procedure,,,reused,success,0,0,0,complete
sieve-opt,status,instructions,complete,,0,0,0,0,0,0,,,,,,,,,,,,,,complete
sieve-opt,status,procedures,complete,,0,0,0,0,0,0,,,,,,,,,,,,,,complete
sieve-opt,status,allocations,complete,,0,0,0,0,0,0,,,,,,,,,,,,,,complete
sieve-opt,status,call_census,complete,,0,0,0,0,0,0,,,,,,,,,,,,,,complete
sieve-opt,status,frame_entry,complete,,0,0,0,0,0,0,,,,,,,,,,,,,,complete
sieve-opt,status,value_operations,complete,,0,0,0,0,0,0,,,,,,,,,,,,,,complete
sieve-opt,status,branch_sites,complete,,0,0,0,0,0,0,,,,,,,,,,,,,,complete
sieve-opt,value_operation,copy,scalar,,50,0,0,0,0,0,,,,,,,,,,,0,0,,complete
sieve-opt,value_operation,copy,string,,1,0,0,0,0,0,,,,,,,,,,,2,2,,complete
sieve-opt,value_operation,copy,object,,1,0,0,0,0,0,,,,,,,,,,,8,8,,complete
sieve-opt,value_operation,clear_contents,empty,,252575,0,0,0,0,0,,,,,,,,,,,0,0,,complete
sieve-opt,value_operation,clear_contents,scalar,,681,0,0,0,0,0,,,,,,,,,,,0,0,,complete
sieve-opt,value_operation,clear_contents,string,,5,0,0,0,0,0,,,,,,,,,,,55,46,,complete
sieve-opt,value_operation,clear_contents,object,,3,0,0,0,0,0,,,,,,,,,,,40016,40000,,complete
sieve-opt,value_operation,reset_reuse,empty,,212170,0,0,0,0,0,,,,,,,,,,,0,0,,complete
sieve-opt,value_operation,reset_reuse,scalar,,32830,0,0,0,0,0,,,,,,,,,,,0,0,,complete
sieve-opt,value_operation,destroy,empty,,7575,0,0,0,0,0,,,,,,,,,,,0,0,,complete
sieve-opt,value_operation,destroy,scalar,,681,0,0,0,0,0,,,,,,,,,,,0,0,,complete
sieve-opt,value_operation,destroy,string,,5,0,0,0,0,0,,,,,,,,,,,55,46,,complete
sieve-opt,value_operation,destroy,object,,3,0,0,0,0,0,,,,,,,,,,,40016,40000,,complete
sieve-opt,value_operation,clear,empty,,39,0,0,0,0,0,,,,,,,,,,,0,0,,complete
sieve-opt,value_operation,clear,scalar,,11,0,0,0,0,0,,,,,,,,,,,0,0,,complete
sieve-opt,value_operation,clear,string,,3,0,0,0,0,0,,,,,,,,,,,51,46,,complete
sieve-opt,value_operation,clear,object,,3,0,0,0,0,0,,,,,,,,,,,40016,40000,,complete
sieve-opt,frame_entry,local_relink,fresh,16,1,0,0,0,0,0,,,,,,,,,,,,,,complete
sieve-opt,frame_entry,global_relink,fresh,0,1,0,0,0,0,0,,,,,,,,,,,,,,complete
sieve-opt,frame_entry,argument_count_reset,fresh,1,1,0,0,0,0,0,,,,,,,,,,,,,,complete
sieve-opt,frame_entry,root_context,fresh,1,1,0,0,0,0,0,,,,,,,,,,,,,,complete
sieve-opt,frame_entry,finalize,fresh,1,1,0,0,0,0,0,,,,,,,,,,,,,,complete
sieve-opt,branch,BRTPANDT_ID_REG_INT,,4,1,0,0,0,0,0,0,1,0,0,benchmark_awfy_sieve_opt,branch_site,,,,,,,,complete
sieve-opt,branch,BR_ID,,11,1,0,0,0,0,0,1,0,0,0,benchmark_awfy_sieve_opt,branch_site,,,,,,,,complete
sieve-opt,branch,BRF_ID_REG,,27,1,0,0,0,0,0,0,1,0,0,benchmark_awfy_sieve_opt,branch_site,,,,,,,,complete
sieve-opt,branch,BRF_ID_REG,,43,1,0,0,0,0,0,1,0,0,0,benchmark_awfy_sieve_opt,branch_site,,,,,,,,complete
sieve-opt,branch,BRT_ID_REG,,68,51,0,0,0,0,0,1,50,0,0,benchmark_awfy_sieve_opt,branch_site,,,,,,,,complete
sieve-opt,branch,BRT_ID_REG,,83,250050,0,0,0,0,0,50,250000,0,0,benchmark_awfy_sieve_opt,branch_site,,,,,,,,complete
sieve-opt,branch,BCTP_ID_REG,,96,250000,0,0,0,0,0,250000,0,250000,0,benchmark_awfy_sieve_opt,branch_site,,,,,,,,complete
sieve-opt,branch,BRT_ID_REG,,112,250000,0,0,0,0,0,50,249950,0,0,benchmark_awfy_sieve_opt,branch_site,,,,,,,,complete
sieve-opt,branch,BRF_ID_REG,,120,249950,0,0,0,0,0,216500,33450,0,0,benchmark_awfy_sieve_opt,branch_site,,,,,,,,complete
sieve-opt,branch,BLT_ID_REG_INT,,134,586900,0,0,0,0,0,0,586900,0,0,benchmark_awfy_sieve_opt,branch_site,,,,,,,,complete
sieve-opt,branch,BRTF_ID_ID_REG,,142,586900,0,0,0,0,0,586900,0,0,0,benchmark_awfy_sieve_opt,branch_site,,,,,,,,complete
sieve-opt,branch,BR_ID,,167,553450,0,0,0,0,0,553450,0,553450,0,benchmark_awfy_sieve_opt,branch_site,,,,,,,,complete
sieve-opt,branch,BCTP_ID_REG,,171,249950,0,0,0,0,0,249950,0,249950,0,benchmark_awfy_sieve_opt,branch_site,,,,,,,,complete
sieve-opt,branch,BRF_ID_REG,,181,50,0,0,0,0,0,50,0,0,0,benchmark_awfy_sieve_opt,branch_site,,,,,,,,complete
sieve-opt,branch,BCTP_ID_REG,,206,50,0,0,0,0,0,50,0,50,0,benchmark_awfy_sieve_opt,branch_site,,,,,,,,complete
sieve-opt,census,call_path,direct_bytecode,,0,0,0,0,0,0,,,,,,,,,,,,,,complete
sieve-opt,census,call_path,direct_native,,0,0,0,0,0,0,,,,,,,,,,,,,,complete
sieve-opt,census,call_path,dynamic_bytecode,,0,0,0,0,0,0,,,,,,,,,,,,,,complete
sieve-opt,census,call_path,dynamic_native,,0,0,0,0,0,0,,,,,,,,,,,,,,complete
sieve-opt,census,call_path,external_root,,1,0,0,0,0,0,,,,,,,,,,,,,,complete
sieve-opt,census,call_path,signal_bytecode,,0,0,0,0,0,0,,,,,,,,,,,,,,complete
sieve-opt,census,call_path,signal_native,,0,0,0,0,0,0,,,,,,,,,,,,,,complete
sieve-opt,census,arity,1,,1,0,0,0,0,0,,,,,,,,,,,,,,complete
sieve-opt,census,callable_kind,procedure,,1,0,0,0,0,0,,,,,,,,,,,,,,complete
sieve-opt,census,callable_kind,method,,0,0,0,0,0,0,,,,,,,,,,,,,,complete
sieve-opt,census,callable_kind,factory,,0,0,0,0,0,0,,,,,,,,,,,,,,complete
sieve-opt,census,callable_kind,native,,0,0,0,0,0,0,,,,,,,,,,,,,,complete
sieve-opt,census,callable_kind,unknown,,0,0,0,0,0,0,,,,,,,,,,,,,,complete
sieve-opt,census,frame_disposition,fresh,,1,0,0,0,0,0,,,,,,,,,,,,,,complete
sieve-opt,census,frame_disposition,reused,,0,0,0,0,0,0,,,,,,,,,,,,,,complete
sieve-opt,census,frame_disposition,no_child_native,,0,0,0,0,0,0,,,,,,,,,,,,,,complete
sieve-opt,census,frame_disposition,none_failed,,0,0,0,0,0,0,,,,,,,,,,,,,,complete
sieve-opt,census,call_outcome,success,,1,0,0,0,0,0,,,,,,,,,,,,,,complete
sieve-opt,census,call_outcome,unresolved,,0,0,0,0,0,0,,,,,,,,,,,,,,complete
sieve-opt,census,call_outcome,frame_failed,,0,0,0,0,0,0,,,,,,,,,,,,,,complete
sieve-opt,census,call_outcome,invalid,,0,0,0,0,0,0,,,,,,,,,,,,,,complete
sieve-opt,return,placement,void,,0,0,0,0,0,0,,,,,,,,,,,,,,complete
sieve-opt,return,placement,ret_reg_move_local,,0,0,0,0,0,0,,,,,,,,,,,,,,complete
sieve-opt,return,placement,ret_reg_copy_nonlocal,,0,0,0,0,0,0,,,,,,,,,,,,,,complete
sieve-opt,return,placement,value_ignored,,0,0,0,0,0,0,,,,,,,,,,,,,,complete
sieve-opt,return,placement,immediate,,0,0,0,0,0,0,,,,,,,,,,,,,,complete
sieve-opt,return,placement,terminal_external,,1,0,0,0,0,0,,,,,,,,,,,,,,complete
sieve-opt,dynamic,srcmethodsel,attempt,,0,0,0,0,0,0,,,,,,,,,,,,,,complete
sieve-opt,dynamic,srcmethodsel,success,,0,0,0,0,0,0,,,,,,,,,,,,,,complete
sieve-opt,dynamic,srcmethodsel,failure,,0,0,0,0,0,0,,,,,,,,,,,,,,complete
sieve-opt,dynamic,srcfprocsel,attempt,,0,0,0,0,0,0,,,,,,,,,,,,,,complete
sieve-opt,dynamic,srcfprocsel,success,,0,0,0,0,0,0,,,,,,,,,,,,,,complete
sieve-opt,dynamic,srcfprocsel,failure,,0,0,0,0,0,0,,,,,,,,,,,,,,complete
sieve-opt,mechanics,call_window,setup_swaps,,0,0,0,0,0,0,,,,,,,,,,,,,,complete
sieve-opt,mechanics,call_window,normal_restoration_swaps,,0,0,0,0,0,0,,,,,,,,,,,,,,complete
sieve-opt,mechanics,call_window,unclassified_swaps,,0,0,0,0,0,0,,,,,,,,,,,,,,complete
sieve-opt,mechanics,call_window,defensive_argument_copies,,0,0,0,0,0,0,,,,,,,,,,,,,,complete
sieve-opt,mechanics,call_window,unclassified_copies,,51,0,0,0,0,0,,,,,,,,,,,,,,complete
sieve-opt,mechanics,call_window,attribution_degraded,,0,0,0,0,0,0,,,,,,,,,,,,,,complete
sieve-opt,unwind,signal,events,,0,0,0,0,0,0,,,,,,,,,,,,,,complete
sieve-opt,unwind,signal,bytecode_frames_discarded,,0,0,0,0,0,0,,,,,,,,,,,,,,complete
sieve-opt,unwind,signal,argument_windows_restored,,0,0,0,0,0,0,,,,,,,,,,,,,,complete
sieve-opt,unwind,signal,argument_slots_restored,,0,0,0,0,0,0,,,,,,,,,,,,,,complete
sieve-opt,unwind,signal,interrupted_native_windows_restored,,0,0,0,0,0,0,,,,,,,,,,,,,,complete
sieve-opt,unwind,signal,interrupted_native_slots_restored,,0,0,0,0,0,0,,,,,,,,,,,,,,complete
sieve-opt,unwind,signal,restoration_failures,,0,0,0,0,0,0,,,,,,,,,,,,,,complete
sieve-opt,call,awfy_sieve.main,external_root,0,1,0,0,0,0,0,1,,,,benchmark_awfy_sieve_opt,procedure,,,fresh,success,0,0,0,complete
permute-noopt,status,instructions,complete,,0,0,0,0,0,0,,,,,,,,,,,,,,complete
permute-noopt,status,procedures,complete,,0,0,0,0,0,0,,,,,,,,,,,,,,complete
permute-noopt,status,allocations,complete,,0,0,0,0,0,0,,,,,,,,,,,,,,complete
permute-noopt,status,call_census,complete,,0,0,0,0,0,0,,,,,,,,,,,,,,complete
permute-noopt,status,frame_entry,complete,,0,0,0,0,0,0,,,,,,,,,,,,,,complete
permute-noopt,status,value_operations,complete,,0,0,0,0,0,0,,,,,,,,,,,,,,complete
permute-noopt,status,branch_sites,complete,,0,0,0,0,0,0,,,,,,,,,,,,,,complete
permute-noopt,value_operation,copy,scalar,,50,0,0,0,0,0,,,,,,,,,,,0,0,,complete
permute-noopt,value_operation,copy,string,,1,0,0,0,0,0,,,,,,,,,,,2,2,,complete
permute-noopt,value_operation,copy,object,,1,0,0,0,0,0,,,,,,,,,,,8,8,,complete
permute-noopt,value_operation,integer_copy,scalar,,181000,0,0,0,0,0,,,,,,,,,,,1448000,8,,complete
permute-noopt,value_operation,move,object,,50,0,0,0,0,0,,,,,,,,,,,1200,24,,complete
permute-noopt,value_operation,clear_contents,empty,,1020,0,0,0,0,0,,,,,,,,,,,0,0,,complete
permute-noopt,value_operation,clear_contents,scalar,,49,0,0,0,0,0,,,,,,,,,,,0,0,,complete
permute-noopt,value_operation,clear_contents,string,,5,0,0,0,0,0,,,,,,,,,,,59,49,,complete
permute-noopt,value_operation,clear_contents,object,,4,0,0,0,0,0,,,,,,,,,,,88,48,,complete
permute-noopt,value_operation,reset_reuse,empty,,343,0,0,0,0,0,,,,,,,,,,,0,0,,complete
permute-noopt,value_operation,reset_reuse,scalar,,49,0,0,0,0,0,,,,,,,,,,,0,0,,complete
permute-noopt,value_operation,reset_reuse,object,,49,0,0,0,0,0,,,,,,,,,,,2352,48,,complete
permute-noopt,value_operation,destroy,empty,,1020,0,0,0,0,0,,,,,,,,,,,0,0,,complete
permute-noopt,value_operation,destroy,scalar,,49,0,0,0,0,0,,,,,,,,,,,0,0,,complete
permute-noopt,value_operation,destroy,string,,5,0,0,0,0,0,,,,,,,,,,,59,49,,complete
permute-noopt,value_operation,destroy,object,,4,0,0,0,0,0,,,,,,,,,,,88,48,,complete
permute-noopt,value_operation,clear,empty,,158,0,0,0,0,0,,,,,,,,,,,0,0,,complete
permute-noopt,value_operation,clear,scalar,,48,0,0,0,0,0,,,,,,,,,,,0,0,,complete
permute-noopt,value_operation,clear,string,,3,0,0,0,0,0,,,,,,,,,,,55,49,,complete
permute-noopt,value_operation,clear,object,,3,0,0,0,0,0,,,,,,,,,,,40,24,,complete
permute-noopt,frame_entry,local_relink,fresh,162,11,0,0,0,0,0,,,,,,,,,,,,,,complete
permute-noopt,frame_entry,local_relink,reused,13266249,936990,0,0,0,0,0,,,,,,,,,,,,,,complete
permute-noopt,frame_entry,global_relink,fresh,0,11,0,0,0,0,0,,,,,,,,,,,,,,complete
permute-noopt,frame_entry,global_relink,reused,0,936990,0,0,0,0,0,,,,,,,,,,,,,,complete
permute-noopt,frame_entry,argument_count_reset,fresh,11,11,0,0,0,0,0,,,,,,,,,,,,,,complete
permute-noopt,frame_entry,argument_count_reset,reused,936990,936990,0,0,0,0,0,,,,,,,,,,,,,,complete
permute-noopt,frame_entry,inherited_context,fresh,10,10,0,0,0,0,0,,,,,,,,,,,,,,complete
permute-noopt,frame_entry,inherited_context,reused,936990,936990,0,0,0,0,0,,,,,,,,,,,,,,complete
permute-noopt,frame_entry,root_context,fresh,1,1,0,0,0,0,0,,,,,,,,,,,,,,complete
permute-noopt,frame_entry,finalize,fresh,11,11,0,0,0,0,0,,,,,,,,,,,,,,complete
permute-noopt,frame_entry,finalize,reused,936990,936990,0,0,0,0,0,,,,,,,,,,,,,,complete
permute-noopt,branch,BRTPANDT_ID_REG_INT,,4,1,0,0,0,0,0,0,1,0,0,benchmark_awfy_permute_noopt,branch_site,,,,,,,,complete
permute-noopt,branch,BR_ID,,11,1,0,0,0,0,0,1,0,0,0,benchmark_awfy_permute_noopt,branch_site,,,,,,,,complete
permute-noopt,branch,BRF_ID_REG,,27,1,0,0,0,0,0,0,1,0,0,benchmark_awfy_permute_noopt,branch_site,,,,,,,,complete
permute-noopt,branch,BRF_ID_REG,,43,1,0,0,0,0,0,1,0,0,0,benchmark_awfy_permute_noopt,branch_site,,,,,,,,complete
permute-noopt,branch,BRT_ID_REG,,68,51,0,0,0,0,0,1,50,0,0,benchmark_awfy_permute_noopt,branch_site,,,,,,,,complete
permute-noopt,branch,BRF_ID_REG,,216,433000,0,0,0,0,0,252000,181000,0,0,benchmark_awfy_permute_noopt,branch_site,,,,,,,,complete
permute-noopt,branch,BRT_ID_REG,,248,432950,0,0,0,0,0,432950,0,0,0,benchmark_awfy_permute_noopt,branch_site,,,,,,,,complete
permute-noopt,branch,BRT_ID_REG,,263,432950,0,0,0,0,0,181000,251950,0,0,benchmark_awfy_permute_noopt,branch_site,,,,,,,,complete
permute-noopt,branch,BR_ID,,296,251950,0,0,0,0,0,251950,0,251950,0,benchmark_awfy_permute_noopt,branch_site,,,,,,,,complete
permute-noopt,branch,BRF_ID_REG,,85,50,0,0,0,0,0,50,0,0,0,benchmark_awfy_permute_noopt,branch_site,,,,,,,,complete
permute-noopt,branch,BR_ID,,105,50,0,0,0,0,0,50,0,50,0,benchmark_awfy_permute_noopt,branch_site,,,,,,,,complete
permute-noopt,census,call_path,direct_bytecode,,937000,0,0,0,0,0,,,,,,,,,,,,,,complete
permute-noopt,census,call_path,direct_native,,0,0,0,0,0,0,,,,,,,,,,,,,,complete
permute-noopt,census,call_path,dynamic_bytecode,,0,0,0,0,0,0,,,,,,,,,,,,,,complete
permute-noopt,census,call_path,dynamic_native,,0,0,0,0,0,0,,,,,,,,,,,,,,complete
permute-noopt,census,call_path,external_root,,1,0,0,0,0,0,,,,,,,,,,,,,,complete
permute-noopt,census,call_path,signal_bytecode,,0,0,0,0,0,0,,,,,,,,,,,,,,complete
permute-noopt,census,call_path,signal_native,,0,0,0,0,0,0,,,,,,,,,,,,,,complete
permute-noopt,census,arity,1,,51,0,0,0,0,0,,,,,,,,,,,,,,complete
permute-noopt,census,arity,0,,50,0,0,0,0,0,,,,,,,,,,,,,,complete
permute-noopt,census,arity,2,,433000,0,0,0,0,0,,,,,,,,,,,,,,complete
permute-noopt,census,arity,3,,503900,0,0,0,0,0,,,,,,,,,,,,,,complete
permute-noopt,census,callable_kind,procedure,,1,0,0,0,0,0,,,,,,,,,,,,,,complete
permute-noopt,census,callable_kind,method,,936950,0,0,0,0,0,,,,,,,,,,,,,,complete
permute-noopt,census,callable_kind,factory,,50,0,0,0,0,0,,,,,,,,,,,,,,complete
permute-noopt,census,callable_kind,native,,0,0,0,0,0,0,,,,,,,,,,,,,,complete
permute-noopt,census,callable_kind,unknown,,0,0,0,0,0,0,,,,,,,,,,,,,,complete
permute-noopt,census,frame_disposition,fresh,,11,0,0,0,0,0,,,,,,,,,,,,,,complete
permute-noopt,census,frame_disposition,reused,,936990,0,0,0,0,0,,,,,,,,,,,,,,complete
permute-noopt,census,frame_disposition,no_child_native,,0,0,0,0,0,0,,,,,,,,,,,,,,complete
permute-noopt,census,frame_disposition,none_failed,,0,0,0,0,0,0,,,,,,,,,,,,,,complete
permute-noopt,census,call_outcome,success,,937001,0,0,0,0,0,,,,,,,,,,,,,,complete
permute-noopt,census,call_outcome,unresolved,,0,0,0,0,0,0,,,,,,,,,,,,,,complete
permute-noopt,census,call_outcome,frame_failed,,0,0,0,0,0,0,,,,,,,,,,,,,,complete
permute-noopt,census,call_outcome,invalid,,0,0,0,0,0,0,,,,,,,,,,,,,,complete
permute-noopt,return,placement,void,,936900,0,0,0,0,0,,,,,,,,,,,,,,complete
permute-noopt,return,placement,ret_reg_move_local,,50,0,0,0,0,0,,,,,,,,,,,,,,complete
permute-noopt,return,placement,ret_reg_copy_nonlocal,,50,0,0,0,0,0,,,,,,,,,,,,,,complete
permute-noopt,return,placement,value_ignored,,0,0,0,0,0,0,,,,,,,,,,,,,,complete
permute-noopt,return,placement,immediate,,0,0,0,0,0,0,,,,,,,,,,,,,,complete
permute-noopt,return,placement,terminal_external,,1,0,0,0,0,0,,,,,,,,,,,,,,complete
permute-noopt,dynamic,srcmethodsel,attempt,,0,0,0,0,0,0,,,,,,,,,,,,,,complete
permute-noopt,dynamic,srcmethodsel,success,,0,0,0,0,0,0,,,,,,,,,,,,,,complete
permute-noopt,dynamic,srcmethodsel,failure,,0,0,0,0,0,0,,,,,,,,,,,,,,complete
permute-noopt,dynamic,srcfprocsel,attempt,,0,0,0,0,0,0,,,,,,,,,,,,,,complete
permute-noopt,dynamic,srcfprocsel,success,,0,0,0,0,0,0,,,,,,,,,,,,,,complete
permute-noopt,dynamic,srcfprocsel,failure,,0,0,0,0,0,0,,,,,,,,,,,,,,complete
permute-noopt,mechanics,call_window,setup_swaps,,0,0,0,0,0,0,,,,,,,,,,,,,,complete
permute-noopt,mechanics,call_window,normal_restoration_swaps,,0,0,0,0,0,0,,,,,,,,,,,,,,complete
permute-noopt,mechanics,call_window,unclassified_swaps,,0,0,0,0,0,0,,,,,,,,,,,,,,complete
permute-noopt,mechanics,call_window,defensive_argument_copies,,0,0,0,0,0,0,,,,,,,,,,,,,,complete
permute-noopt,mechanics,call_window,unclassified_copies,,1,0,0,0,0,0,,,,,,,,,,,,,,complete
permute-noopt,mechanics,call_window,attribution_degraded,,0,0,0,0,0,0,,,,,,,,,,,,,,complete
permute-noopt,unwind,signal,events,,0,0,0,0,0,0,,,,,,,,,,,,,,complete
permute-noopt,unwind,signal,bytecode_frames_discarded,,0,0,0,0,0,0,,,,,,,,,,,,,,complete
permute-noopt,unwind,signal,argument_windows_restored,,0,0,0,0,0,0,,,,,,,,,,,,,,complete
permute-noopt,unwind,signal,argument_slots_restored,,0,0,0,0,0,0,,,,,,,,,,,,,,complete
permute-noopt,unwind,signal,interrupted_native_windows_restored,,0,0,0,0,0,0,,,,,,,,,,,,,,complete
permute-noopt,unwind,signal,interrupted_native_slots_restored,,0,0,0,0,0,0,,,,,,,,,,,,,,complete
permute-noopt,unwind,signal,restoration_failures,,0,0,0,0,0,0,,,,,,,,,,,,,,complete
permute-noopt,call,awfy_permute.main,external_root,0,1,0,0,0,0,0,1,,,,benchmark_awfy_permute_noopt,procedure,,,fresh,success,0,0,0,complete
permute-noopt,call,awfy_permute.permutebenchmark.§factory,direct_bytecode,71,1,0,0,0,0,0,0,,,,benchmark_awfy_permute_noopt,factory,,,fresh,success,0,0,0,complete
permute-noopt,call,awfy_permute.permutebenchmark.run,direct_bytecode,77,1,0,0,0,0,0,1,,,,benchmark_awfy_permute_noopt,method,,,fresh,success,0,0,0,complete
permute-noopt,call,awfy_permute.permutebenchmark.permute,direct_bytecode,181,1,0,0,0,0,0,2,,,,benchmark_awfy_permute_noopt,method,,,fresh,success,0,0,0,complete
permute-noopt,call,awfy_permute.permutebenchmark.permute,direct_bytecode,226,6,0,0,0,0,0,2,,,,benchmark_awfy_permute_noopt,method,,,fresh,success,0,0,0,complete
permute-noopt,call,awfy_permute.permutebenchmark.swap,direct_bytecode,269,1,0,0,0,0,0,3,,,,benchmark_awfy_permute_noopt,method,,,fresh,success,0,0,0,complete
permute-noopt,call,awfy_permute.permutebenchmark.permute,direct_bytecode,278,251950,0,0,0,0,0,2,,,,benchmark_awfy_permute_noopt,method,,,reused,success,0,0,0,complete
permute-noopt,call,awfy_permute.permutebenchmark.swap,direct_bytecode,286,251950,0,0,0,0,0,3,,,,benchmark_awfy_permute_noopt,method,,,reused,success,0,0,0,complete
permute-noopt,call,awfy_permute.permutebenchmark.swap,direct_bytecode,269,251949,0,0,0,0,0,3,,,,benchmark_awfy_permute_noopt,method,,,reused,success,0,0,0,complete
permute-noopt,call,awfy_permute.permutebenchmark.permute,direct_bytecode,226,180994,0,0,0,0,0,2,,,,benchmark_awfy_permute_noopt,method,,,reused,success,0,0,0,complete
permute-noopt,call,awfy_permute.permutebenchmark.§factory,direct_bytecode,71,49,0,0,0,0,0,0,,,,benchmark_awfy_permute_noopt,factory,,,reused,success,0,0,0,complete
permute-noopt,call,awfy_permute.permutebenchmark.run,direct_bytecode,77,49,0,0,0,0,0,1,,,,benchmark_awfy_permute_noopt,method,,,reused,success,0,0,0,complete
permute-noopt,call,awfy_permute.permutebenchmark.permute,direct_bytecode,181,49,0,0,0,0,0,2,,,,benchmark_awfy_permute_noopt,method,,,reused,success,0,0,0,complete
permute-opt,status,instructions,complete,,0,0,0,0,0,0,,,,,,,,,,,,,,complete
permute-opt,status,procedures,complete,,0,0,0,0,0,0,,,,,,,,,,,,,,complete
permute-opt,status,allocations,complete,,0,0,0,0,0,0,,,,,,,,,,,,,,complete
permute-opt,status,call_census,complete,,0,0,0,0,0,0,,,,,,,,,,,,,,complete
permute-opt,status,frame_entry,complete,,0,0,0,0,0,0,,,,,,,,,,,,,,complete
permute-opt,status,value_operations,complete,,0,0,0,0,0,0,,,,,,,,,,,,,,complete
permute-opt,status,branch_sites,complete,,0,0,0,0,0,0,,,,,,,,,,,,,,complete
permute-opt,value_operation,copy,empty,,150,0,0,0,0,0,,,,,,,,,,,0,0,,complete
permute-opt,value_operation,copy,scalar,,50,0,0,0,0,0,,,,,,,,,,,0,0,,complete
permute-opt,value_operation,copy,string,,1,0,0,0,0,0,,,,,,,,,,,2,2,,complete
permute-opt,value_operation,copy,object,,51,0,0,0,0,0,,,,,,,,,,,1208,24,,complete
permute-opt,value_operation,integer_copy,scalar,,180950,0,0,0,0,0,,,,,,,,,,,1447600,8,,complete
permute-opt,value_operation,clear_contents,empty,,481,0,0,0,0,0,,,,,,,,,,,0,0,,complete
permute-opt,value_operation,clear_contents,scalar,,39,0,0,0,0,0,,,,,,,,,,,0,0,,complete
permute-opt,value_operation,clear_contents,string,,5,0,0,0,0,0,,,,,,,,,,,59,49,,complete
permute-opt,value_operation,clear_contents,object,,5,0,0,0,0,0,,,,,,,,,,,112,48,,complete
permute-opt,value_operation,reset_reuse,empty,,294,0,0,0,0,0,,,,,,,,,,,0,0,,complete
permute-opt,value_operation,destroy,empty,,187,0,0,0,0,0,,,,,,,,,,,0,0,,complete
permute-opt,value_operation,destroy,scalar,,39,0,0,0,0,0,,,,,,,,,,,0,0,,complete
permute-opt,value_operation,destroy,string,,5,0,0,0,0,0,,,,,,,,,,,59,49,,complete
permute-opt,value_operation,destroy,object,,5,0,0,0,0,0,,,,,,,,,,,112,48,,complete
permute-opt,value_operation,clear,empty,,151,0,0,0,0,0,,,,,,,,,,,0,0,,complete
permute-opt,value_operation,clear,scalar,,38,0,0,0,0,0,,,,,,,,,,,0,0,,complete
permute-opt,value_operation,clear,string,,3,0,0,0,0,0,,,,,,,,,,,55,49,,complete
permute-opt,value_operation,clear,object,,4,0,0,0,0,0,,,,,,,,,,,64,24,,complete
permute-opt,frame_entry,local_relink,fresh,150,7,0,0,0,0,0,,,,,,,,,,,,,,complete
permute-opt,frame_entry,local_relink,reused,9091824,432944,0,0,0,0,0,,,,,,,,,,,,,,complete
permute-opt,frame_entry,global_relink,fresh,0,7,0,0,0,0,0,,,,,,,,,,,,,,complete
permute-opt,frame_entry,global_relink,reused,0,432944,0,0,0,0,0,,,,,,,,,,,,,,complete
permute-opt,frame_entry,argument_count_reset,fresh,7,7,0,0,0,0,0,,,,,,,,,,,,,,complete
permute-opt,frame_entry,argument_count_reset,reused,432944,432944,0,0,0,0,0,,,,,,,,,,,,,,complete
permute-opt,frame_entry,inherited_context,fresh,6,6,0,0,0,0,0,,,,,,,,,,,,,,complete
permute-opt,frame_entry,inherited_context,reused,432944,432944,0,0,0,0,0,,,,,,,,,,,,,,complete
permute-opt,frame_entry,root_context,fresh,1,1,0,0,0,0,0,,,,,,,,,,,,,,complete
permute-opt,frame_entry,finalize,fresh,7,7,0,0,0,0,0,,,,,,,,,,,,,,complete
permute-opt,frame_entry,finalize,reused,432944,432944,0,0,0,0,0,,,,,,,,,,,,,,complete
permute-opt,branch,BRTPANDT_ID_REG_INT,,4,1,0,0,0,0,0,0,1,0,0,benchmark_awfy_permute_opt,branch_site,,,,,,,,complete
permute-opt,branch,BR_ID,,11,1,0,0,0,0,0,1,0,0,0,benchmark_awfy_permute_opt,branch_site,,,,,,,,complete
permute-opt,branch,BRF_ID_REG,,27,1,0,0,0,0,0,0,1,0,0,benchmark_awfy_permute_opt,branch_site,,,,,,,,complete
permute-opt,branch,BRF_ID_REG,,43,1,0,0,0,0,0,1,0,0,0,benchmark_awfy_permute_opt,branch_site,,,,,,,,complete
permute-opt,branch,BRT_ID_REG,,68,51,0,0,0,0,0,1,50,0,0,benchmark_awfy_permute_opt,branch_site,,,,,,,,complete
permute-opt,branch,BRF_ID_REG,,557,432950,0,0,0,0,0,252000,180950,0,0,benchmark_awfy_permute_opt,branch_site,,,,,,,,complete
permute-opt,branch,BRT_ID_REG,,585,432600,0,0,0,0,0,180950,251650,0,0,benchmark_awfy_permute_opt,branch_site,,,,,,,,complete
permute-opt,branch,BR_ID,,698,251650,0,0,0,0,0,251650,0,251650,0,benchmark_awfy_permute_opt,branch_site,,,,,,,,complete
permute-opt,branch,BRT_ID_REG,,132,350,0,0,0,0,0,50,300,0,0,benchmark_awfy_permute_opt,branch_site,,,,,,,,complete
permute-opt,branch,BR_ID,,260,300,0,0,0,0,0,300,0,300,0,benchmark_awfy_permute_opt,branch_site,,,,,,,,complete
permute-opt,branch,BRF_ID_REG,,276,50,0,0,0,0,0,50,0,0,0,benchmark_awfy_permute_opt,branch_site,,,,,,,,complete
permute-opt,branch,BCTP_ID_REG,,301,50,0,0,0,0,0,50,0,50,0,benchmark_awfy_permute_opt,branch_site,,,,,,,,complete
permute-opt,census,call_path,direct_bytecode,,432950,0,0,0,0,0,,,,,,,,,,,,,,complete
permute-opt,census,call_path,direct_native,,0,0,0,0,0,0,,,,,,,,,,,,,,complete
permute-opt,census,call_path,dynamic_bytecode,,0,0,0,0,0,0,,,,,,,,,,,,,,complete
permute-opt,census,call_path,dynamic_native,,0,0,0,0,0,0,,,,,,,,,,,,,,complete
permute-opt,census,call_path,external_root,,1,0,0,0,0,0,,,,,,,,,,,,,,complete
permute-opt,census,call_path,signal_bytecode,,0,0,0,0,0,0,,,,,,,,,,,,,,complete
permute-opt,census,call_path,signal_native,,0,0,0,0,0,0,,,,,,,,,,,,,,complete
permute-opt,census,arity,1,,1,0,0,0,0,0,,,,,,,,,,,,,,complete
permute-opt,census,arity,2,,432950,0,0,0,0,0,,,,,,,,,,,,,,complete
permute-opt,census,callable_kind,procedure,,1,0,0,0,0,0,,,,,,,,,,,,,,complete
permute-opt,census,callable_kind,method,,432950,0,0,0,0,0,,,,,,,,,,,,,,complete
permute-opt,census,callable_kind,factory,,0,0,0,0,0,0,,,,,,,,,,,,,,complete
permute-opt,census,callable_kind,native,,0,0,0,0,0,0,,,,,,,,,,,,,,complete
permute-opt,census,callable_kind,unknown,,0,0,0,0,0,0,,,,,,,,,,,,,,complete
permute-opt,census,frame_disposition,fresh,,7,0,0,0,0,0,,,,,,,,,,,,,,complete
permute-opt,census,frame_disposition,reused,,432944,0,0,0,0,0,,,,,,,,,,,,,,complete
permute-opt,census,frame_disposition,no_child_native,,0,0,0,0,0,0,,,,,,,,,,,,,,complete
permute-opt,census,frame_disposition,none_failed,,0,0,0,0,0,0,,,,,,,,,,,,,,complete
permute-opt,census,call_outcome,success,,432951,0,0,0,0,0,,,,,,,,,,,,,,complete
permute-opt,census,call_outcome,unresolved,,0,0,0,0,0,0,,,,,,,,,,,,,,complete
permute-opt,census,call_outcome,frame_failed,,0,0,0,0,0,0,,,,,,,,,,,,,,complete
permute-opt,census,call_outcome,invalid,,0,0,0,0,0,0,,,,,,,,,,,,,,complete
permute-opt,return,placement,void,,432950,0,0,0,0,0,,,,,,,,,,,,,,complete
permute-opt,return,placement,ret_reg_move_local,,0,0,0,0,0,0,,,,,,,,,,,,,,complete
permute-opt,return,placement,ret_reg_copy_nonlocal,,0,0,0,0,0,0,,,,,,,,,,,,,,complete
permute-opt,return,placement,value_ignored,,0,0,0,0,0,0,,,,,,,,,,,,,,complete
permute-opt,return,placement,immediate,,0,0,0,0,0,0,,,,,,,,,,,,,,complete
permute-opt,return,placement,terminal_external,,1,0,0,0,0,0,,,,,,,,,,,,,,complete
permute-opt,dynamic,srcmethodsel,attempt,,0,0,0,0,0,0,,,,,,,,,,,,,,complete
permute-opt,dynamic,srcmethodsel,success,,0,0,0,0,0,0,,,,,,,,,,,,,,complete
permute-opt,dynamic,srcmethodsel,failure,,0,0,0,0,0,0,,,,,,,,,,,,,,complete
permute-opt,dynamic,srcfprocsel,attempt,,0,0,0,0,0,0,,,,,,,,,,,,,,complete
permute-opt,dynamic,srcfprocsel,success,,0,0,0,0,0,0,,,,,,,,,,,,,,complete
permute-opt,dynamic,srcfprocsel,failure,,0,0,0,0,0,0,,,,,,,,,,,,,,complete
permute-opt,mechanics,call_window,setup_swaps,,0,0,0,0,0,0,,,,,,,,,,,,,,complete
permute-opt,mechanics,call_window,normal_restoration_swaps,,0,0,0,0,0,0,,,,,,,,,,,,,,complete
permute-opt,mechanics,call_window,unclassified_swaps,,0,0,0,0,0,0,,,,,,,,,,,,,,complete
permute-opt,mechanics,call_window,defensive_argument_copies,,0,0,0,0,0,0,,,,,,,,,,,,,,complete
permute-opt,mechanics,call_window,unclassified_copies,,101,0,0,0,0,0,,,,,,,,,,,,,,complete
permute-opt,mechanics,call_window,attribution_degraded,,0,0,0,0,0,0,,,,,,,,,,,,,,complete
permute-opt,unwind,signal,events,,0,0,0,0,0,0,,,,,,,,,,,,,,complete
permute-opt,unwind,signal,bytecode_frames_discarded,,0,0,0,0,0,0,,,,,,,,,,,,,,complete
permute-opt,unwind,signal,argument_windows_restored,,0,0,0,0,0,0,,,,,,,,,,,,,,complete
permute-opt,unwind,signal,argument_slots_restored,,0,0,0,0,0,0,,,,,,,,,,,,,,complete
permute-opt,unwind,signal,interrupted_native_windows_restored,,0,0,0,0,0,0,,,,,,,,,,,,,,complete
permute-opt,unwind,signal,interrupted_native_slots_restored,,0,0,0,0,0,0,,,,,,,,,,,,,,complete
permute-opt,unwind,signal,restoration_failures,,0,0,0,0,0,0,,,,,,,,,,,,,,complete
permute-opt,call,awfy_permute.main,external_root,0,1,0,0,0,0,0,1,,,,benchmark_awfy_permute_opt,procedure,,,fresh,success,0,0,0,complete
permute-opt,call,awfy_permute.permutebenchmark.permute,direct_bytecode,114,1,0,0,0,0,0,2,,,,benchmark_awfy_permute_opt,method,,,fresh,success,0,0,0,complete
permute-opt,call,awfy_permute.permutebenchmark.permute,direct_bytecode,567,5,0,0,0,0,0,2,,,,benchmark_awfy_permute_opt,method,,,fresh,success,0,0,0,complete
permute-opt,call,awfy_permute.permutebenchmark.permute,direct_bytecode,640,251650,0,0,0,0,0,2,,,,benchmark_awfy_permute_opt,method,,,reused,success,0,0,0,complete
permute-opt,call,awfy_permute.permutebenchmark.permute,direct_bytecode,567,180945,0,0,0,0,0,2,,,,benchmark_awfy_permute_opt,method,,,reused,success,0,0,0,complete
permute-opt,call,awfy_permute.permutebenchmark.permute,direct_bytecode,196,300,0,0,0,0,0,2,,,,benchmark_awfy_permute_opt,method,,,reused,success,0,0,0,complete
permute-opt,call,awfy_permute.permutebenchmark.permute,direct_bytecode,114,49,0,0,0,0,0,2,,,,benchmark_awfy_permute_opt,method,,,reused,success,0,0,0,complete
mandelbrot-noopt,status,instructions,complete,,0,0,0,0,0,0,,,,,,,,,,,,,,complete
mandelbrot-noopt,status,procedures,complete,,0,0,0,0,0,0,,,,,,,,,,,,,,complete
mandelbrot-noopt,status,allocations,complete,,0,0,0,0,0,0,,,,,,,,,,,,,,complete
mandelbrot-noopt,status,call_census,complete,,0,0,0,0,0,0,,,,,,,,,,,,,,complete
mandelbrot-noopt,status,frame_entry,complete,,0,0,0,0,0,0,,,,,,,,,,,,,,complete
mandelbrot-noopt,status,value_operations,complete,,0,0,0,0,0,0,,,,,,,,,,,,,,complete
mandelbrot-noopt,status,branch_sites,complete,,0,0,0,0,0,0,,,,,,,,,,,,,,complete
mandelbrot-noopt,value_operation,copy,string,,1,0,0,0,0,0,,,,,,,,,,,3,3,,complete
mandelbrot-noopt,value_operation,copy,object,,1,0,0,0,0,0,,,,,,,,,,,8,8,,complete
mandelbrot-noopt,value_operation,float_copy,scalar,,750000,0,0,0,0,0,,,,,,,,,,,6000000,8,,complete
mandelbrot-noopt,value_operation,move,scalar,,1,0,0,0,0,0,,,,,,,,,,,0,0,,complete
mandelbrot-noopt,value_operation,clear_contents,empty,,59,0,0,0,0,0,,,,,,,,,,,0,0,,complete
mandelbrot-noopt,value_operation,clear_contents,scalar,,23,0,0,0,0,0,,,,,,,,,,,0,0,,complete
mandelbrot-noopt,value_operation,clear_contents,string,,5,0,0,0,0,0,,,,,,,,,,,57,45,,complete
mandelbrot-noopt,value_operation,clear_contents,object,,2,0,0,0,0,0,,,,,,,,,,,16,8,,complete
mandelbrot-noopt,value_operation,destroy,empty,,59,0,0,0,0,0,,,,,,,,,,,0,0,,complete
mandelbrot-noopt,value_operation,destroy,scalar,,23,0,0,0,0,0,,,,,,,,,,,0,0,,complete
mandelbrot-noopt,value_operation,destroy,string,,5,0,0,0,0,0,,,,,,,,,,,57,45,,complete
mandelbrot-noopt,value_operation,destroy,object,,2,0,0,0,0,0,,,,,,,,,,,16,8,,complete
mandelbrot-noopt,value_operation,clear,empty,,44,0,0,0,0,0,,,,,,,,,,,0,0,,complete
mandelbrot-noopt,value_operation,clear,scalar,,23,0,0,0,0,0,,,,,,,,,,,0,0,,complete
mandelbrot-noopt,value_operation,clear,string,,3,0,0,0,0,0,,,,,,,,,,,51,45,,complete
mandelbrot-noopt,value_operation,clear,object,,2,0,0,0,0,0,,,,,,,,,,,16,8,,complete
mandelbrot-noopt,frame_entry,local_relink,fresh,31,2,0,0,0,0,0,,,,,,,,,,,,,,complete
mandelbrot-noopt,frame_entry,global_relink,fresh,0,2,0,0,0,0,0,,,,,,,,,,,,,,complete
mandelbrot-noopt,frame_entry,argument_count_reset,fresh,2,2,0,0,0,0,0,,,,,,,,,,,,,,complete
mandelbrot-noopt,frame_entry,inherited_context,fresh,1,1,0,0,0,0,0,,,,,,,,,,,,,,complete
mandelbrot-noopt,frame_entry,root_context,fresh,1,1,0,0,0,0,0,,,,,,,,,,,,,,complete
mandelbrot-noopt,frame_entry,finalize,fresh,2,2,0,0,0,0,0,,,,,,,,,,,,,,complete
mandelbrot-noopt,branch,BRTPANDT_ID_REG_INT,,4,1,0,0,0,0,0,0,1,0,0,benchmark_awfy_mandelbrot_noopt,branch_site,,,,,,,,complete
mandelbrot-noopt,branch,BR_ID,,11,1,0,0,0,0,0,1,0,0,0,benchmark_awfy_mandelbrot_noopt,branch_site,,,,,,,,complete
mandelbrot-noopt,branch,BRF_ID_REG,,27,1,0,0,0,0,0,0,1,0,0,benchmark_awfy_mandelbrot_noopt,branch_site,,,,,,,,complete
mandelbrot-noopt,branch,BRF_ID_REG,,43,1,0,0,0,0,0,1,0,0,0,benchmark_awfy_mandelbrot_noopt,branch_site,,,,,,,,complete
mandelbrot-noopt,branch,BRT_ID_REG,,206,501,0,0,0,0,0,1,500,0,0,benchmark_awfy_mandelbrot_noopt,branch_site,,,,,,,,complete
mandelbrot-noopt,branch,BRT_ID_REG,,235,250500,0,0,0,0,0,500,250000,0,0,benchmark_awfy_mandelbrot_noopt,branch_site,,,,,,,,complete
mandelbrot-noopt,branch,BRT_ID_REG,,284,8445047,0,0,0,0,0,150171,8294876,0,0,benchmark_awfy_mandelbrot_noopt,branch_site,,,,,,,,complete
mandelbrot-noopt,branch,BRF_ID_REG,,291,8294876,0,0,0,0,0,99829,8195047,0,0,benchmark_awfy_mandelbrot_noopt,branch_site,,,,,,,,complete
mandelbrot-noopt,branch,BRF_ID_REG,,330,8195047,0,0,0,0,0,8095192,99855,0,0,benchmark_awfy_mandelbrot_noopt,branch_site,,,,,,,,complete
mandelbrot-noopt,branch,BR_ID,,338,8195047,0,0,0,0,0,8195047,0,8195047,0,benchmark_awfy_mandelbrot_noopt,branch_site,,,,,,,,complete
mandelbrot-noopt,branch,BRF_ID_REG,,356,250000,0,0,0,0,0,219000,31000,0,0,benchmark_awfy_mandelbrot_noopt,branch_site,,,,,,,,complete
mandelbrot-noopt,branch,BRF_ID_REG,,379,219000,0,0,0,0,0,218500,500,0,0,benchmark_awfy_mandelbrot_noopt,branch_site,,,,,,,,complete
mandelbrot-noopt,branch,BR_ID,,402,250000,0,0,0,0,0,250000,0,250000,0,benchmark_awfy_mandelbrot_noopt,branch_site,,,,,,,,complete
mandelbrot-noopt,branch,BR_ID,,369,31000,0,0,0,0,0,31000,0,0,0,benchmark_awfy_mandelbrot_noopt,branch_site,,,,,,,,complete
mandelbrot-noopt,branch,BR_ID,,406,500,0,0,0,0,0,500,0,500,0,benchmark_awfy_mandelbrot_noopt,branch_site,,,,,,,,complete
mandelbrot-noopt,branch,BRF_ID_REG,,73,1,0,0,0,0,0,1,0,0,0,benchmark_awfy_mandelbrot_noopt,branch_site,,,,,,,,complete
mandelbrot-noopt,branch,BRF_ID_REG,,83,1,0,0,0,0,0,0,1,0,0,benchmark_awfy_mandelbrot_noopt,branch_site,,,,,,,,complete
mandelbrot-noopt,branch,BRF_ID_REG,,93,1,0,0,0,0,0,1,0,0,0,benchmark_awfy_mandelbrot_noopt,branch_site,,,,,,,,complete
mandelbrot-noopt,branch,BRF_ID_REG,,110,1,0,0,0,0,0,1,0,0,0,benchmark_awfy_mandelbrot_noopt,branch_site,,,,,,,,complete
mandelbrot-noopt,branch,BRF_ID_REG,,132,1,0,0,0,0,0,1,0,0,0,benchmark_awfy_mandelbrot_noopt,branch_site,,,,,,,,complete
mandelbrot-noopt,census,call_path,direct_bytecode,,1,0,0,0,0,0,,,,,,,,,,,,,,complete
mandelbrot-noopt,census,call_path,direct_native,,0,0,0,0,0,0,,,,,,,,,,,,,,complete
mandelbrot-noopt,census,call_path,dynamic_bytecode,,0,0,0,0,0,0,,,,,,,,,,,,,,complete
mandelbrot-noopt,census,call_path,dynamic_native,,0,0,0,0,0,0,,,,,,,,,,,,,,complete
mandelbrot-noopt,census,call_path,external_root,,1,0,0,0,0,0,,,,,,,,,,,,,,complete
mandelbrot-noopt,census,call_path,signal_bytecode,,0,0,0,0,0,0,,,,,,,,,,,,,,complete
mandelbrot-noopt,census,call_path,signal_native,,0,0,0,0,0,0,,,,,,,,,,,,,,complete
mandelbrot-noopt,census,arity,1,,2,0,0,0,0,0,,,,,,,,,,,,,,complete
mandelbrot-noopt,census,callable_kind,procedure,,2,0,0,0,0,0,,,,,,,,,,,,,,complete
mandelbrot-noopt,census,callable_kind,method,,0,0,0,0,0,0,,,,,,,,,,,,,,complete
mandelbrot-noopt,census,callable_kind,factory,,0,0,0,0,0,0,,,,,,,,,,,,,,complete
mandelbrot-noopt,census,callable_kind,native,,0,0,0,0,0,0,,,,,,,,,,,,,,complete
mandelbrot-noopt,census,callable_kind,unknown,,0,0,0,0,0,0,,,,,,,,,,,,,,complete
mandelbrot-noopt,census,frame_disposition,fresh,,2,0,0,0,0,0,,,,,,,,,,,,,,complete
mandelbrot-noopt,census,frame_disposition,reused,,0,0,0,0,0,0,,,,,,,,,,,,,,complete
mandelbrot-noopt,census,frame_disposition,no_child_native,,0,0,0,0,0,0,,,,,,,,,,,,,,complete
mandelbrot-noopt,census,frame_disposition,none_failed,,0,0,0,0,0,0,,,,,,,,,,,,,,complete
mandelbrot-noopt,census,call_outcome,success,,2,0,0,0,0,0,,,,,,,,,,,,,,complete
mandelbrot-noopt,census,call_outcome,unresolved,,0,0,0,0,0,0,,,,,,,,,,,,,,complete
mandelbrot-noopt,census,call_outcome,frame_failed,,0,0,0,0,0,0,,,,,,,,,,,,,,complete
mandelbrot-noopt,census,call_outcome,invalid,,0,0,0,0,0,0,,,,,,,,,,,,,,complete
mandelbrot-noopt,return,placement,void,,0,0,0,0,0,0,,,,,,,,,,,,,,complete
mandelbrot-noopt,return,placement,ret_reg_move_local,,1,0,0,0,0,0,,,,,,,,,,,,,,complete
mandelbrot-noopt,return,placement,ret_reg_copy_nonlocal,,0,0,0,0,0,0,,,,,,,,,,,,,,complete
mandelbrot-noopt,return,placement,value_ignored,,0,0,0,0,0,0,,,,,,,,,,,,,,complete
mandelbrot-noopt,return,placement,immediate,,0,0,0,0,0,0,,,,,,,,,,,,,,complete
mandelbrot-noopt,return,placement,terminal_external,,1,0,0,0,0,0,,,,,,,,,,,,,,complete
mandelbrot-noopt,dynamic,srcmethodsel,attempt,,0,0,0,0,0,0,,,,,,,,,,,,,,complete
mandelbrot-noopt,dynamic,srcmethodsel,success,,0,0,0,0,0,0,,,,,,,,,,,,,,complete
mandelbrot-noopt,dynamic,srcmethodsel,failure,,0,0,0,0,0,0,,,,,,,,,,,,,,complete
mandelbrot-noopt,dynamic,srcfprocsel,attempt,,0,0,0,0,0,0,,,,,,,,,,,,,,complete
mandelbrot-noopt,dynamic,srcfprocsel,success,,0,0,0,0,0,0,,,,,,,,,,,,,,complete
mandelbrot-noopt,dynamic,srcfprocsel,failure,,0,0,0,0,0,0,,,,,,,,,,,,,,complete
mandelbrot-noopt,mechanics,call_window,setup_swaps,,0,0,0,0,0,0,,,,,,,,,,,,,,complete
mandelbrot-noopt,mechanics,call_window,normal_restoration_swaps,,0,0,0,0,0,0,,,,,,,,,,,,,,complete
mandelbrot-noopt,mechanics,call_window,unclassified_swaps,,0,0,0,0,0,0,,,,,,,,,,,,,,complete
mandelbrot-noopt,mechanics,call_window,defensive_argument_copies,,0,0,0,0,0,0,,,,,,,,,,,,,,complete
mandelbrot-noopt,mechanics,call_window,unclassified_copies,,1,0,0,0,0,0,,,,,,,,,,,,,,complete
mandelbrot-noopt,mechanics,call_window,attribution_degraded,,0,0,0,0,0,0,,,,,,,,,,,,,,complete
mandelbrot-noopt,unwind,signal,events,,0,0,0,0,0,0,,,,,,,,,,,,,,complete
mandelbrot-noopt,unwind,signal,bytecode_frames_discarded,,0,0,0,0,0,0,,,,,,,,,,,,,,complete
mandelbrot-noopt,unwind,signal,argument_windows_restored,,0,0,0,0,0,0,,,,,,,,,,,,,,complete
mandelbrot-noopt,unwind,signal,argument_slots_restored,,0,0,0,0,0,0,,,,,,,,,,,,,,complete
mandelbrot-noopt,unwind,signal,interrupted_native_windows_restored,,0,0,0,0,0,0,,,,,,,,,,,,,,complete
mandelbrot-noopt,unwind,signal,interrupted_native_slots_restored,,0,0,0,0,0,0,,,,,,,,,,,,,,complete
mandelbrot-noopt,unwind,signal,restoration_failures,,0,0,0,0,0,0,,,,,,,,,,,,,,complete
mandelbrot-noopt,call,awfy_mandelbrot.main,external_root,0,1,0,0,0,0,0,1,,,,benchmark_awfy_mandelbrot_noopt,procedure,,,fresh,success,0,0,0,complete
mandelbrot-noopt,call,awfy_mandelbrot.mandelbrot,direct_bytecode,58,1,0,0,0,0,0,1,,,,benchmark_awfy_mandelbrot_noopt,procedure,,,fresh,success,0,0,0,complete
mandelbrot-opt,status,instructions,complete,,0,0,0,0,0,0,,,,,,,,,,,,,,complete
mandelbrot-opt,status,procedures,complete,,0,0,0,0,0,0,,,,,,,,,,,,,,complete
mandelbrot-opt,status,allocations,complete,,0,0,0,0,0,0,,,,,,,,,,,,,,complete
mandelbrot-opt,status,call_census,complete,,0,0,0,0,0,0,,,,,,,,,,,,,,complete
mandelbrot-opt,status,frame_entry,complete,,0,0,0,0,0,0,,,,,,,,,,,,,,complete
mandelbrot-opt,status,value_operations,complete,,0,0,0,0,0,0,,,,,,,,,,,,,,complete
mandelbrot-opt,status,branch_sites,complete,,0,0,0,0,0,0,,,,,,,,,,,,,,complete
mandelbrot-opt,value_operation,copy,scalar,,1,0,0,0,0,0,,,,,,,,,,,0,0,,complete
mandelbrot-opt,value_operation,clear_contents,empty,,48,0,0,0,0,0,,,,,,,,,,,0,0,,complete
mandelbrot-opt,value_operation,clear_contents,scalar,,20,0,0,0,0,0,,,,,,,,,,,0,0,,complete
mandelbrot-opt,value_operation,clear_contents,string,,4,0,0,0,0,0,,,,,,,,,,,54,45,,complete
mandelbrot-opt,value_operation,clear_contents,object,,1,0,0,0,0,0,,,,,,,,,,,8,8,,complete
mandelbrot-opt,value_operation,destroy,empty,,48,0,0,0,0,0,,,,,,,,,,,0,0,,complete
mandelbrot-opt,value_operation,destroy,scalar,,20,0,0,0,0,0,,,,,,,,,,,0,0,,complete
mandelbrot-opt,value_operation,destroy,string,,4,0,0,0,0,0,,,,,,,,,,,54,45,,complete
mandelbrot-opt,value_operation,destroy,object,,1,0,0,0,0,0,,,,,,,,,,,8,8,,complete
mandelbrot-opt,value_operation,clear,empty,,41,0,0,0,0,0,,,,,,,,,,,0,0,,complete
mandelbrot-opt,value_operation,clear,scalar,,20,0,0,0,0,0,,,,,,,,,,,0,0,,complete
mandelbrot-opt,value_operation,clear,string,,3,0,0,0,0,0,,,,,,,,,,,51,45,,complete
mandelbrot-opt,value_operation,clear,object,,1,0,0,0,0,0,,,,,,,,,,,8,8,,complete
mandelbrot-opt,frame_entry,local_relink,fresh,25,1,0,0,0,0,0,,,,,,,,,,,,,,complete
mandelbrot-opt,frame_entry,global_relink,fresh,0,1,0,0,0,0,0,,,,,,,,,,,,,,complete
mandelbrot-opt,frame_entry,argument_count_reset,fresh,1,1,0,0,0,0,0,,,,,,,,,,,,,,complete
mandelbrot-opt,frame_entry,root_context,fresh,1,1,0,0,0,0,0,,,,,,,,,,,,,,complete
mandelbrot-opt,frame_entry,finalize,fresh,1,1,0,0,0,0,0,,,,,,,,,,,,,,complete
mandelbrot-opt,branch,BRF_ID_REG,,15,1,0,0,0,0,0,0,1,0,0,benchmark_awfy_mandelbrot_opt,branch_site,,,,,,,,complete
mandelbrot-opt,branch,BRF_ID_REG,,31,1,0,0,0,0,0,1,0,0,0,benchmark_awfy_mandelbrot_opt,branch_site,,,,,,,,complete
mandelbrot-opt,branch,BRT_ID_REG,,66,501,0,0,0,0,0,1,500,0,0,benchmark_awfy_mandelbrot_opt,branch_site,,,,,,,,complete
mandelbrot-opt,branch,BRT_ID_REG,,95,250500,0,0,0,0,0,500,250000,0,0,benchmark_awfy_mandelbrot_opt,branch_site,,,,,,,,complete
mandelbrot-opt,branch,BRT_ID_REG,,135,8445047,0,0,0,0,0,150171,8294876,0,0,benchmark_awfy_mandelbrot_opt,branch_site,,,,,,,,complete
mandelbrot-opt,branch,BRF_ID_REG,,142,8294876,0,0,0,0,0,99829,8195047,0,0,benchmark_awfy_mandelbrot_opt,branch_site,,,,,,,,complete
mandelbrot-opt,branch,BRF_ID_REG,,181,8195047,0,0,0,0,0,8095192,99855,0,0,benchmark_awfy_mandelbrot_opt,branch_site,,,,,,,,complete
mandelbrot-opt,branch,BCTP_ID_REG,,187,8195047,0,0,0,0,0,8195047,0,8195047,0,benchmark_awfy_mandelbrot_opt,branch_site,,,,,,,,complete
mandelbrot-opt,branch,BRF_ID_REG,,206,250000,0,0,0,0,0,219000,31000,0,0,benchmark_awfy_mandelbrot_opt,branch_site,,,,,,,,complete
mandelbrot-opt,branch,BRF_ID_REG,,229,219000,0,0,0,0,0,218500,500,0,0,benchmark_awfy_mandelbrot_opt,branch_site,,,,,,,,complete
mandelbrot-opt,branch,BCTP_ID_REG,,250,250000,0,0,0,0,0,250000,0,250000,0,benchmark_awfy_mandelbrot_opt,branch_site,,,,,,,,complete
mandelbrot-opt,branch,BR_ID,,219,31000,0,0,0,0,0,31000,0,0,0,benchmark_awfy_mandelbrot_opt,branch_site,,,,,,,,complete
mandelbrot-opt,branch,BCTP_ID_REG,,253,500,0,0,0,0,0,500,0,500,0,benchmark_awfy_mandelbrot_opt,branch_site,,,,,,,,complete
mandelbrot-opt,branch,BNE_ID_REG_INT,,262,1,0,0,0,0,0,1,0,0,0,benchmark_awfy_mandelbrot_opt,branch_site,,,,,,,,complete
mandelbrot-opt,branch,BNE_ID_REG_INT,,269,1,0,0,0,0,0,0,1,0,0,benchmark_awfy_mandelbrot_opt,branch_site,,,,,,,,complete
mandelbrot-opt,branch,BNE_ID_REG_INT,,276,1,0,0,0,0,0,1,0,0,0,benchmark_awfy_mandelbrot_opt,branch_site,,,,,,,,complete
mandelbrot-opt,branch,BRF_ID_REG,,287,1,0,0,0,0,0,1,0,0,0,benchmark_awfy_mandelbrot_opt,branch_site,,,,,,,,complete
mandelbrot-opt,branch,BRF_ID_REG,,316,1,0,0,0,0,0,1,0,0,0,benchmark_awfy_mandelbrot_opt,branch_site,,,,,,,,complete
mandelbrot-opt,census,call_path,direct_bytecode,,0,0,0,0,0,0,,,,,,,,,,,,,,complete
mandelbrot-opt,census,call_path,direct_native,,0,0,0,0,0,0,,,,,,,,,,,,,,complete
mandelbrot-opt,census,call_path,dynamic_bytecode,,0,0,0,0,0,0,,,,,,,,,,,,,,complete
mandelbrot-opt,census,call_path,dynamic_native,,0,0,0,0,0,0,,,,,,,,,,,,,,complete
mandelbrot-opt,census,call_path,external_root,,1,0,0,0,0,0,,,,,,,,,,,,,,complete
mandelbrot-opt,census,call_path,signal_bytecode,,0,0,0,0,0,0,,,,,,,,,,,,,,complete
mandelbrot-opt,census,call_path,signal_native,,0,0,0,0,0,0,,,,,,,,,,,,,,complete
mandelbrot-opt,census,arity,1,,1,0,0,0,0,0,,,,,,,,,,,,,,complete
mandelbrot-opt,census,callable_kind,procedure,,1,0,0,0,0,0,,,,,,,,,,,,,,complete
mandelbrot-opt,census,callable_kind,method,,0,0,0,0,0,0,,,,,,,,,,,,,,complete
mandelbrot-opt,census,callable_kind,factory,,0,0,0,0,0,0,,,,,,,,,,,,,,complete
mandelbrot-opt,census,callable_kind,native,,0,0,0,0,0,0,,,,,,,,,,,,,,complete
mandelbrot-opt,census,callable_kind,unknown,,0,0,0,0,0,0,,,,,,,,,,,,,,complete
mandelbrot-opt,census,frame_disposition,fresh,,1,0,0,0,0,0,,,,,,,,,,,,,,complete
mandelbrot-opt,census,frame_disposition,reused,,0,0,0,0,0,0,,,,,,,,,,,,,,complete
mandelbrot-opt,census,frame_disposition,no_child_native,,0,0,0,0,0,0,,,,,,,,,,,,,,complete
mandelbrot-opt,census,frame_disposition,none_failed,,0,0,0,0,0,0,,,,,,,,,,,,,,complete
mandelbrot-opt,census,call_outcome,success,,1,0,0,0,0,0,,,,,,,,,,,,,,complete
mandelbrot-opt,census,call_outcome,unresolved,,0,0,0,0,0,0,,,,,,,,,,,,,,complete
mandelbrot-opt,census,call_outcome,frame_failed,,0,0,0,0,0,0,,,,,,,,,,,,,,complete
mandelbrot-opt,census,call_outcome,invalid,,0,0,0,0,0,0,,,,,,,,,,,,,,complete
mandelbrot-opt,return,placement,void,,0,0,0,0,0,0,,,,,,,,,,,,,,complete
mandelbrot-opt,return,placement,ret_reg_move_local,,0,0,0,0,0,0,,,,,,,,,,,,,,complete
mandelbrot-opt,return,placement,ret_reg_copy_nonlocal,,0,0,0,0,0,0,,,,,,,,,,,,,,complete
mandelbrot-opt,return,placement,value_ignored,,0,0,0,0,0,0,,,,,,,,,,,,,,complete
mandelbrot-opt,return,placement,immediate,,0,0,0,0,0,0,,,,,,,,,,,,,,complete
mandelbrot-opt,return,placement,terminal_external,,1,0,0,0,0,0,,,,,,,,,,,,,,complete
mandelbrot-opt,dynamic,srcmethodsel,attempt,,0,0,0,0,0,0,,,,,,,,,,,,,,complete
mandelbrot-opt,dynamic,srcmethodsel,success,,0,0,0,0,0,0,,,,,,,,,,,,,,complete
mandelbrot-opt,dynamic,srcmethodsel,failure,,0,0,0,0,0,0,,,,,,,,,,,,,,complete
mandelbrot-opt,dynamic,srcfprocsel,attempt,,0,0,0,0,0,0,,,,,,,,,,,,,,complete
mandelbrot-opt,dynamic,srcfprocsel,success,,0,0,0,0,0,0,,,,,,,,,,,,,,complete
mandelbrot-opt,dynamic,srcfprocsel,failure,,0,0,0,0,0,0,,,,,,,,,,,,,,complete
mandelbrot-opt,mechanics,call_window,setup_swaps,,0,0,0,0,0,0,,,,,,,,,,,,,,complete
mandelbrot-opt,mechanics,call_window,normal_restoration_swaps,,0,0,0,0,0,0,,,,,,,,,,,,,,complete
mandelbrot-opt,mechanics,call_window,unclassified_swaps,,0,0,0,0,0,0,,,,,,,,,,,,,,complete
mandelbrot-opt,mechanics,call_window,defensive_argument_copies,,0,0,0,0,0,0,,,,,,,,,,,,,,complete
mandelbrot-opt,mechanics,call_window,unclassified_copies,,1,0,0,0,0,0,,,,,,,,,,,,,,complete
mandelbrot-opt,mechanics,call_window,attribution_degraded,,0,0,0,0,0,0,,,,,,,,,,,,,,complete
mandelbrot-opt,unwind,signal,events,,0,0,0,0,0,0,,,,,,,,,,,,,,complete
mandelbrot-opt,unwind,signal,bytecode_frames_discarded,,0,0,0,0,0,0,,,,,,,,,,,,,,complete
mandelbrot-opt,unwind,signal,argument_windows_restored,,0,0,0,0,0,0,,,,,,,,,,,,,,complete
mandelbrot-opt,unwind,signal,argument_slots_restored,,0,0,0,0,0,0,,,,,,,,,,,,,,complete
mandelbrot-opt,unwind,signal,interrupted_native_windows_restored,,0,0,0,0,0,0,,,,,,,,,,,,,,complete
mandelbrot-opt,unwind,signal,interrupted_native_slots_restored,,0,0,0,0,0,0,,,,,,,,,,,,,,complete
mandelbrot-opt,unwind,signal,restoration_failures,,0,0,0,0,0,0,,,,,,,,,,,,,,complete
mandelbrot-opt,call,awfy_mandelbrot.main,external_root,0,1,0,0,0,0,0,1,,,,benchmark_awfy_mandelbrot_opt,procedure,,,fresh,success,0,0,0,complete
towers-noopt,status,instructions,complete,,0,0,0,0,0,0,,,,,,,,,,,,,,complete
towers-noopt,status,procedures,complete,,0,0,0,0,0,0,,,,,,,,,,,,,,complete
towers-noopt,status,allocations,complete,,0,0,0,0,0,0,,,,,,,,,,,,,,complete
towers-noopt,status,call_census,complete,,0,0,0,0,0,0,,,,,,,,,,,,,,complete
towers-noopt,status,frame_entry,complete,,0,0,0,0,0,0,,,,,,,,,,,,,,complete
towers-noopt,status,value_operations,complete,,0,0,0,0,0,0,,,,,,,,,,,,,,complete
towers-noopt,status,branch_sites,complete,,0,0,0,0,0,0,,,,,,,,,,,,,,complete
towers-noopt,value_operation,copy,empty,,4839240,0,0,0,0,0,,,,,,,,,,,0,0,,complete
towers-noopt,value_operation,copy,scalar,,6689870,0,0,0,0,0,,,,,,,,,,,0,0,,complete
towers-noopt,value_operation,copy,string,,1,0,0,0,0,0,,,,,,,,,,,2,2,,complete
towers-noopt,value_operation,copy,object,,3569991,0,0,0,0,0,,,,,,,,,,,114239688,32,,complete
towers-noopt,value_operation,integer_copy,scalar,,10,0,0,0,0,0,,,,,,,,,,,80,8,,complete
towers-noopt,value_operation,move,object,,163970,0,0,0,0,0,,,,,,,,,,,5247360,64,,complete
towers-noopt,value_operation,clear_contents,empty,,11063468,0,0,0,0,0,,,,,,,,,,,0,0,,complete
towers-noopt,value_operation,clear_contents,scalar,,1908199,0,0,0,0,0,,,,,,,,,,,0,0,,complete
towers-noopt,value_operation,clear_contents,string,,5,0,0,0,0,0,,,,,,,,,,,58,48,,complete
towers-noopt,value_operation,clear_contents,object,,1056526,0,0,0,0,0,,,,,,,,,,,33808816,64,,complete
towers-noopt,value_operation,reset_reuse,empty,,1200496,0,0,0,0,0,,,,,,,,,,,0,0,,complete
towers-noopt,value_operation,reset_reuse,scalar,,1275408,0,0,0,0,0,,,,,,,,,,,0,0,,complete
towers-noopt,value_operation,reset_reuse,object,,525160,0,0,0,0,0,,,,,,,,,,,16805120,32,,complete
towers-noopt,value_operation,destroy,empty,,10473076,0,0,0,0,0,,,,,,,,,,,0,0,,complete
towers-noopt,value_operation,destroy,scalar,,1908199,0,0,0,0,0,,,,,,,,,,,0,0,,complete
towers-noopt,value_operation,destroy,string,,5,0,0,0,0,0,,,,,,,,,,,58,48,,complete
towers-noopt,value_operation,destroy,object,,1056526,0,0,0,0,0,,,,,,,,,,,33808816,64,,complete
towers-noopt,value_operation,clear,empty,,260,0,0,0,0,0,,,,,,,,,,,0,0,,complete
towers-noopt,value_operation,clear,scalar,,85,0,0,0,0,0,,,,,,,,,,,0,0,,complete
towers-noopt,value_operation,clear,string,,3,0,0,0,0,0,,,,,,,,,,,54,48,,complete
towers-noopt,value_operation,clear,object,,8,0,0,0,0,0,,,,,,,,,,,240,64,,complete
towers-noopt,frame_entry,local_relink,fresh,292,25,0,0,0,0,0,,,,,,,,,,,,,,complete
towers-noopt,frame_entry,local_relink,reused,4916549,737586,0,0,0,0,0,,,,,,,,,,,,,,complete
towers-noopt,frame_entry,global_relink,fresh,0,25,0,0,0,0,0,,,,,,,,,,,,,,complete
towers-noopt,frame_entry,global_relink,reused,0,737586,0,0,0,0,0,,,,,,,,,,,,,,complete
towers-noopt,frame_entry,argument_count_reset,fresh,25,25,0,0,0,0,0,,,,,,,,,,,,,,complete
towers-noopt,frame_entry,argument_count_reset,reused,737586,737586,0,0,0,0,0,,,,,,,,,,,,,,complete
towers-noopt,frame_entry,inherited_context,fresh,24,24,0,0,0,0,0,,,,,,,,,,,,,,complete
towers-noopt,frame_entry,inherited_context,reused,737586,737586,0,0,0,0,0,,,,,,,,,,,,,,complete
towers-noopt,frame_entry,root_context,fresh,1,1,0,0,0,0,0,,,,,,,,,,,,,,complete
towers-noopt,frame_entry,finalize,fresh,25,25,0,0,0,0,0,,,,,,,,,,,,,,complete
towers-noopt,frame_entry,finalize,reused,737586,737586,0,0,0,0,0,,,,,,,,,,,,,,complete
towers-noopt,branch,BRTPANDT_ID_REG_INT,,4,1,0,0,0,0,0,0,1,0,0,benchmark_awfy_towers_noopt,branch_site,,,,,,,,complete
towers-noopt,branch,BR_ID,,11,1,0,0,0,0,0,1,0,0,0,benchmark_awfy_towers_noopt,branch_site,,,,,,,,complete
towers-noopt,branch,BRF_ID_REG,,27,1,0,0,0,0,0,0,1,0,0,benchmark_awfy_towers_noopt,branch_site,,,,,,,,complete
towers-noopt,branch,BRF_ID_REG,,43,1,0,0,0,0,0,1,0,0,0,benchmark_awfy_towers_noopt,branch_site,,,,,,,,complete
towers-noopt,branch,BRT_ID_REG,,68,11,0,0,0,0,0,1,10,0,0,benchmark_awfy_towers_noopt,branch_site,,,,,,,,complete
towers-noopt,branch,BRT_ID_REG,,744,150,0,0,0,0,0,150,0,0,0,benchmark_awfy_towers_noopt,branch_site,,,,,,,,complete
towers-noopt,branch,BRT_ID_REG,,759,150,0,0,0,0,0,10,140,0,0,benchmark_awfy_towers_noopt,branch_site,,,,,,,,complete
towers-noopt,branch,BRF_ID_REG,,347,82050,0,0,0,0,0,54670,27380,0,0,benchmark_awfy_towers_noopt,branch_site,,,,,,,,complete
towers-noopt,branch,BRF_ID_REG,,357,27380,0,0,0,0,0,10,27370,0,0,benchmark_awfy_towers_noopt,branch_site,,,,,,,,complete
towers-noopt,branch,BR_ID,,369,27380,0,0,0,0,0,27380,0,0,0,benchmark_awfy_towers_noopt,branch_site,,,,,,,,complete
towers-noopt,branch,BRF_ID_REG,,418,82050,0,0,0,0,0,30,82020,0,0,benchmark_awfy_towers_noopt,branch_site,,,,,,,,complete
towers-noopt,branch,BRF_ID_REG,,458,81830,0,0,0,0,0,54450,27380,0,0,benchmark_awfy_towers_noopt,branch_site,,,,,,,,complete
towers-noopt,branch,BR_ID,,477,27380,0,0,0,0,0,27380,0,0,0,benchmark_awfy_towers_noopt,branch_site,,,,,,,,complete
towers-noopt,branch,BR_ID,,782,140,0,0,0,0,0,140,0,140,0,benchmark_awfy_towers_noopt,branch_site,,,,,,,,complete
towers-noopt,branch,BRF_ID_REG,,439,82020,0,0,0,0,0,81800,220,0,0,benchmark_awfy_towers_noopt,branch_site,,,,,,,,complete
towers-noopt,branch,BRF_ID_REG,,797,81910,0,0,0,0,0,40950,40960,0,0,benchmark_awfy_towers_noopt,branch_site,,,,,,,,complete
towers-noopt,branch,BRF_ID_REG,,536,81910,0,0,0,0,0,54540,27370,0,0,benchmark_awfy_towers_noopt,branch_site,,,,,,,,complete
towers-noopt,branch,UNLINKBR_REG_ID,,546,27370,0,0,0,0,0,27370,0,0,0,benchmark_awfy_towers_noopt,branch_site,,,,,,,,complete
towers-noopt,branch,BRF_ID_REG,,582,81910,0,0,0,0,0,0,81910,0,0,benchmark_awfy_towers_noopt,branch_site,,,,,,,,complete
towers-noopt,branch,BRF_ID_REG,,596,81910,0,0,0,0,0,54540,27370,0,0,benchmark_awfy_towers_noopt,branch_site,,,,,,,,complete
towers-noopt,branch,UNLINKBR_REG_ID,,606,27370,0,0,0,0,0,27370,0,0,0,benchmark_awfy_towers_noopt,branch_site,,,,,,,,complete
towers-noopt,branch,BR_ID,,637,81910,0,0,0,0,0,81910,0,0,0,benchmark_awfy_towers_noopt,branch_site,,,,,,,,complete
towers-noopt,branch,BRF_ID_REG,,375,54670,0,0,0,0,0,27300,27370,0,0,benchmark_awfy_towers_noopt,branch_site,,,,,,,,complete
towers-noopt,branch,BRF_ID_REG,,385,27370,0,0,0,0,0,10,27360,0,0,benchmark_awfy_towers_noopt,branch_site,,,,,,,,complete
towers-noopt,branch,BR_ID,,397,27370,0,0,0,0,0,27370,0,0,0,benchmark_awfy_towers_noopt,branch_site,,,,,,,,complete
towers-noopt,branch,BRF_ID_REG,,483,54450,0,0,0,0,0,27200,27250,0,0,benchmark_awfy_towers_noopt,branch_site,,,,,,,,complete
towers-noopt,branch,BR_ID,,502,27250,0,0,0,0,0,27250,0,0,0,benchmark_awfy_towers_noopt,branch_site,,,,,,,,complete
towers-noopt,branch,BR_ID,,809,40960,0,0,0,0,0,40960,0,0,0,benchmark_awfy_towers_noopt,branch_site,,,,,,,,complete
towers-noopt,branch,BRF_ID_REG,,406,27300,0,0,0,0,0,10,27290,0,0,benchmark_awfy_towers_noopt,branch_site,,,,,,,,complete
towers-noopt,branch,BRF_ID_REG,,553,54540,0,0,0,0,0,27300,27240,0,0,benchmark_awfy_towers_noopt,branch_site,,,,,,,,complete
towers-noopt,branch,UNLINKBR_REG_ID,,563,27240,0,0,0,0,0,27240,0,0,0,benchmark_awfy_towers_noopt,branch_site,,,,,,,,complete
towers-noopt,branch,BRF_ID_REG,,613,54540,0,0,0,0,0,27300,27240,0,0,benchmark_awfy_towers_noopt,branch_site,,,,,,,,complete
towers-noopt,branch,UNLINKBR_REG_ID,,623,27240,0,0,0,0,0,27240,0,0,0,benchmark_awfy_towers_noopt,branch_site,,,,,,,,complete
towers-noopt,branch,BRF_ID_REG,,85,10,0,0,0,0,0,10,0,0,0,benchmark_awfy_towers_noopt,branch_site,,,,,,,,complete
towers-noopt,branch,BR_ID,,105,10,0,0,0,0,0,10,0,10,0,benchmark_awfy_towers_noopt,branch_site,,,,,,,,complete
towers-noopt,census,call_path,direct_bytecode,,737610,0,0,0,0,0,,,,,,,,,,,,,,complete
towers-noopt,census,call_path,direct_native,,0,0,0,0,0,0,,,,,,,,,,,,,,complete
towers-noopt,census,call_path,dynamic_bytecode,,0,0,0,0,0,0,,,,,,,,,,,,,,complete
towers-noopt,census,call_path,dynamic_native,,0,0,0,0,0,0,,,,,,,,,,,,,,complete
towers-noopt,census,call_path,external_root,,1,0,0,0,0,0,,,,,,,,,,,,,,complete
towers-noopt,census,call_path,signal_bytecode,,0,0,0,0,0,0,,,,,,,,,,,,,,complete
towers-noopt,census,call_path,signal_native,,0,0,0,0,0,0,,,,,,,,,,,,,,complete
towers-noopt,census,arity,1,,328011,0,0,0,0,0,,,,,,,,,,,,,,complete
towers-noopt,census,arity,0,,10,0,0,0,0,0,,,,,,,,,,,,,,complete
towers-noopt,census,arity,3,,163970,0,0,0,0,0,,,,,,,,,,,,,,complete
towers-noopt,census,arity,2,,163710,0,0,0,0,0,,,,,,,,,,,,,,complete
towers-noopt,census,arity,4,,81910,0,0,0,0,0,,,,,,,,,,,,,,complete
towers-noopt,census,callable_kind,procedure,,1,0,0,0,0,0,,,,,,,,,,,,,,complete
towers-noopt,census,callable_kind,method,,737460,0,0,0,0,0,,,,,,,,,,,,,,complete
towers-noopt,census,callable_kind,factory,,150,0,0,0,0,0,,,,,,,,,,,,,,complete
towers-noopt,census,callable_kind,native,,0,0,0,0,0,0,,,,,,,,,,,,,,complete
towers-noopt,census,callable_kind,unknown,,0,0,0,0,0,0,,,,,,,,,,,,,,complete
towers-noopt,census,frame_disposition,fresh,,25,0,0,0,0,0,,,,,,,,,,,,,,complete
towers-noopt,census,frame_disposition,reused,,737586,0,0,0,0,0,,,,,,,,,,,,,,complete
towers-noopt,census,frame_disposition,no_child_native,,0,0,0,0,0,0,,,,,,,,,,,,,,complete
towers-noopt,census,frame_disposition,none_failed,,0,0,0,0,0,0,,,,,,,,,,,,,,complete
towers-noopt,census,call_outcome,success,,737611,0,0,0,0,0,,,,,,,,,,,,,,complete
towers-noopt,census,call_outcome,unresolved,,0,0,0,0,0,0,,,,,,,,,,,,,,complete
towers-noopt,census,call_outcome,frame_failed,,0,0,0,0,0,0,,,,,,,,,,,,,,complete
towers-noopt,census,call_outcome,invalid,,0,0,0,0,0,0,,,,,,,,,,,,,,complete
towers-noopt,return,placement,void,,327680,0,0,0,0,0,,,,,,,,,,,,,,complete
towers-noopt,return,placement,ret_reg_move_local,,163970,0,0,0,0,0,,,,,,,,,,,,,,complete
towers-noopt,return,placement,ret_reg_copy_nonlocal,,245960,0,0,0,0,0,,,,,,,,,,,,,,complete
towers-noopt,return,placement,value_ignored,,0,0,0,0,0,0,,,,,,,,,,,,,,complete
towers-noopt,return,placement,immediate,,0,0,0,0,0,0,,,,,,,,,,,,,,complete
towers-noopt,return,placement,terminal_external,,1,0,0,0,0,0,,,,,,,,,,,,,,complete
towers-noopt,dynamic,srcmethodsel,attempt,,0,0,0,0,0,0,,,,,,,,,,,,,,complete
towers-noopt,dynamic,srcmethodsel,success,,0,0,0,0,0,0,,,,,,,,,,,,,,complete
towers-noopt,dynamic,srcmethodsel,failure,,0,0,0,0,0,0,,,,,,,,,,,,,,complete
towers-noopt,dynamic,srcfprocsel,attempt,,0,0,0,0,0,0,,,,,,,,,,,,,,complete
towers-noopt,dynamic,srcfprocsel,success,,0,0,0,0,0,0,,,,,,,,,,,,,,complete
towers-noopt,dynamic,srcfprocsel,failure,,0,0,0,0,0,0,,,,,,,,,,,,,,complete
towers-noopt,mechanics,call_window,setup_swaps,,0,0,0,0,0,0,,,,,,,,,,,,,,complete
towers-noopt,mechanics,call_window,normal_restoration_swaps,,0,0,0,0,0,0,,,,,,,,,,,,,,complete
towers-noopt,mechanics,call_window,unclassified_swaps,,0,0,0,0,0,0,,,,,,,,,,,,,,complete
towers-noopt,mechanics,call_window,defensive_argument_copies,,0,0,0,0,0,0,,,,,,,,,,,,,,complete
towers-noopt,mechanics,call_window,unclassified_copies,,573181,0,0,0,0,0,,,,,,,,,,,,,,complete
towers-noopt,mechanics,call_window,attribution_degraded,,0,0,0,0,0,0,,,,,,,,,,,,,,complete
towers-noopt,unwind,signal,events,,0,0,0,0,0,0,,,,,,,,,,,,,,complete
towers-noopt,unwind,signal,bytecode_frames_discarded,,0,0,0,0,0,0,,,,,,,,,,,,,,complete
towers-noopt,unwind,signal,argument_windows_restored,,0,0,0,0,0,0,,,,,,,,,,,,,,complete
towers-noopt,unwind,signal,argument_slots_restored,,0,0,0,0,0,0,,,,,,,,,,,,,,complete
towers-noopt,unwind,signal,interrupted_native_windows_restored,,0,0,0,0,0,0,,,,,,,,,,,,,,complete
towers-noopt,unwind,signal,interrupted_native_slots_restored,,0,0,0,0,0,0,,,,,,,,,,,,,,complete
towers-noopt,unwind,signal,restoration_failures,,0,0,0,0,0,0,,,,,,,,,,,,,,complete
towers-noopt,call,awfy_towers.main,external_root,0,1,0,0,0,0,0,1,,,,benchmark_awfy_towers_noopt,procedure,,,fresh,success,0,0,0,complete
towers-noopt,call,awfy_towers.towersbenchmark.§factory,direct_bytecode,71,1,0,0,0,0,0,0,,,,benchmark_awfy_towers_noopt,factory,,,fresh,success,0,0,0,complete
towers-noopt,call,awfy_towers.towersbenchmark.run,direct_bytecode,77,1,0,0,0,0,0,1,,,,benchmark_awfy_towers_noopt,method,,,fresh,success,0,0,0,complete
towers-noopt,call,awfy_towers.towersbenchmark.buildtowerat,direct_bytecode,291,1,0,0,0,0,0,3,,,,benchmark_awfy_towers_noopt,method,,,fresh,success,0,0,0,complete
towers-noopt,call,awfy_towers.towersdisk.§factory,direct_bytecode,762,1,0,0,0,0,0,1,,,,benchmark_awfy_towers_noopt,factory,,,fresh,success,0,0,0,complete
towers-noopt,call,awfy_towers.towersbenchmark.pushdisk,direct_bytecode,772,1,0,0,0,0,0,3,,,,benchmark_awfy_towers_noopt,method,,,fresh,success,0,0,0,complete
towers-noopt,call,awfy_towers.towersdisk.§factory,direct_bytecode,762,139,0,0,0,0,0,1,,,,benchmark_awfy_towers_noopt,factory,,,reused,success,0,0,0,complete
towers-noopt,call,awfy_towers.towersbenchmark.pushdisk,direct_bytecode,772,139,0,0,0,0,0,3,,,,benchmark_awfy_towers_noopt,method,,,reused,success,0,0,0,complete
towers-noopt,call,awfy_towers.towersdisk.size,direct_bytecode,424,1,0,0,0,0,0,1,,,,benchmark_awfy_towers_noopt,method,,,fresh,success,0,0,0,complete
towers-noopt,call,awfy_towers.towersdisk.size,direct_bytecode,431,82020,0,0,0,0,0,1,,,,benchmark_awfy_towers_noopt,method,,,reused,success,0,0,0,complete
towers-noopt,call,awfy_towers.towersdisk.setnext,direct_bytecode,449,1,0,0,0,0,0,2,,,,benchmark_awfy_towers_noopt,method,,,fresh,success,0,0,0,complete
towers-noopt,call,awfy_towers.towersdisk.size,direct_bytecode,424,82019,0,0,0,0,0,1,,,,benchmark_awfy_towers_noopt,method,,,reused,success,0,0,0,complete
towers-noopt,call,awfy_towers.towersdisk.setnext,direct_bytecode,449,81799,0,0,0,0,0,2,,,,benchmark_awfy_towers_noopt,method,,,reused,success,0,0,0,complete
towers-noopt,call,awfy_towers.towersbenchmark.movedisks,direct_bytecode,316,1,0,0,0,0,0,4,,,,benchmark_awfy_towers_noopt,method,,,fresh,success,0,0,0,complete
towers-noopt,call,awfy_towers.towersbenchmark.movedisks,direct_bytecode,826,12,0,0,0,0,0,4,,,,benchmark_awfy_towers_noopt,method,,,fresh,success,0,0,0,complete
towers-noopt,call,awfy_towers.towersbenchmark.movetopdisk,direct_bytecode,803,1,0,0,0,0,0,3,,,,benchmark_awfy_towers_noopt,method,,,fresh,success,0,0,0,complete
towers-noopt,call,awfy_towers.towersbenchmark.popdiskfrom,direct_bytecode,689,1,0,0,0,0,0,2,,,,benchmark_awfy_towers_noopt,method,,,fresh,success,0,0,0,complete
towers-noopt,call,awfy_towers.towersdisk.hasnext,direct_bytecode,578,1,0,0,0,0,0,1,,,,benchmark_awfy_towers_noopt,method,,,fresh,success,0,0,0,complete
towers-noopt,call,awfy_towers.towersdisk.next,direct_bytecode,588,1,0,0,0,0,0,1,,,,benchmark_awfy_towers_noopt,method,,,fresh,success,0,0,0,complete
towers-noopt,call,awfy_towers.towersbenchmark.pushdisk,direct_bytecode,700,81910,0,0,0,0,0,3,,,,benchmark_awfy_towers_noopt,method,,,reused,success,0,0,0,complete
towers-noopt,call,awfy_towers.towersbenchmark.movetopdisk,direct_bytecode,836,40950,0,0,0,0,0,3,,,,benchmark_awfy_towers_noopt,method,,,reused,success,0,0,0,complete
towers-noopt,call,awfy_towers.towersbenchmark.popdiskfrom,direct_bytecode,689,81909,0,0,0,0,0,2,,,,benchmark_awfy_towers_noopt,method,,,reused,success,0,0,0,complete
towers-noopt,call,awfy_towers.towersdisk.hasnext,direct_bytecode,578,81909,0,0,0,0,0,1,,,,benchmark_awfy_towers_noopt,method,,,reused,success,0,0,0,complete
towers-noopt,call,awfy_towers.towersdisk.next,direct_bytecode,588,81909,0,0,0,0,0,1,,,,benchmark_awfy_towers_noopt,method,,,reused,success,0,0,0,complete
towers-noopt,call,awfy_towers.towersbenchmark.movedisks,direct_bytecode,849,40950,0,0,0,0,0,4,,,,benchmark_awfy_towers_noopt,method,,,reused,success,0,0,0,complete
towers-noopt,call,awfy_towers.towersbenchmark.movetopdisk,direct_bytecode,803,40959,0,0,0,0,0,3,,,,benchmark_awfy_towers_noopt,method,,,reused,success,0,0,0,complete
towers-noopt,call,awfy_towers.towersbenchmark.movedisks,direct_bytecode,826,40938,0,0,0,0,0,4,,,,benchmark_awfy_towers_noopt,method,,,reused,success,0,0,0,complete
towers-noopt,call,awfy_towers.towersbenchmark.§factory,direct_bytecode,71,9,0,0,0,0,0,0,,,,benchmark_awfy_towers_noopt,factory,,,reused,success,0,0,0,complete
towers-noopt,call,awfy_towers.towersbenchmark.run,direct_bytecode,77,9,0,0,0,0,0,1,,,,benchmark_awfy_towers_noopt,method,,,reused,success,0,0,0,complete
towers-noopt,call,awfy_towers.towersbenchmark.buildtowerat,direct_bytecode,291,9,0,0,0,0,0,3,,,,benchmark_awfy_towers_noopt,method,,,reused,success,0,0,0,complete
towers-noopt,call,awfy_towers.towersbenchmark.movedisks,direct_bytecode,316,9,0,0,0,0,0,4,,,,benchmark_awfy_towers_noopt,method,,,reused,success,0,0,0,complete
towers-opt,status,instructions,complete,,0,0,0,0,0,0,,,,,,,,,,,,,,complete
towers-opt,status,procedures,complete,,0,0,0,0,0,0,,,,,,,,,,,,,,complete
towers-opt,status,allocations,complete,,0,0,0,0,0,0,,,,,,,,,,,,,,complete
towers-opt,status,call_census,complete,,0,0,0,0,0,0,,,,,,,,,,,,,,complete
towers-opt,status,frame_entry,complete,,0,0,0,0,0,0,,,,,,,,,,,,,,complete
towers-opt,status,value_operations,complete,,0,0,0,0,0,0,,,,,,,,,,,,,,complete
towers-opt,status,branch_sites,complete,,0,0,0,0,0,0,,,,,,,,,,,,,,complete
towers-opt,value_operation,copy,empty,,8663010,0,0,0,0,0,,,,,,,,,,,0,0,,complete
towers-opt,value_operation,copy,scalar,,11551850,0,0,0,0,0,,,,,,,,,,,0,0,,complete
towers-opt,value_operation,copy,string,,1,0,0,0,0,0,,,,,,,,,,,2,2,,complete
towers-opt,value_operation,copy,object,,6410681,0,0,0,0,0,,,,,,,,,,,205142088,64,,complete
towers-opt,value_operation,integer_copy,scalar,,164040,0,0,0,0,0,,,,,,,,,,,1312320,8,,complete
towers-opt,value_operation,clear_contents,empty,,12852830,0,0,0,0,0,,,,,,,,,,,0,0,,complete
towers-opt,value_operation,clear_contents,scalar,,530,0,0,0,0,0,,,,,,,,,,,0,0,,complete
towers-opt,value_operation,clear_contents,string,,5,0,0,0,0,0,,,,,,,,,,,58,48,,complete
towers-opt,value_operation,clear_contents,object,,265,0,0,0,0,0,,,,,,,,,,,8496,64,,complete
towers-opt,value_operation,reset_reuse,empty,,2831455,0,0,0,0,0,,,,,,,,,,,0,0,,complete
towers-opt,value_operation,reset_reuse,scalar,,3072311,0,0,0,0,0,,,,,,,,,,,0,0,,complete
towers-opt,value_operation,reset_reuse,object,,1309870,0,0,0,0,0,,,,,,,,,,,41915840,32,,complete
towers-opt,value_operation,destroy,empty,,11276562,0,0,0,0,0,,,,,,,,,,,0,0,,complete
towers-opt,value_operation,destroy,scalar,,530,0,0,0,0,0,,,,,,,,,,,0,0,,complete
towers-opt,value_operation,destroy,string,,5,0,0,0,0,0,,,,,,,,,,,58,48,,complete
towers-opt,value_operation,destroy,object,,265,0,0,0,0,0,,,,,,,,,,,8496,64,,complete
towers-opt,value_operation,clear,empty,,368,0,0,0,0,0,,,,,,,,,,,0,0,,complete
towers-opt,value_operation,clear,scalar,,73,0,0,0,0,0,,,,,,,,,,,0,0,,complete
towers-opt,value_operation,clear,string,,3,0,0,0,0,0,,,,,,,,,,,54,48,,complete
towers-opt,value_operation,clear,object,,62,0,0,0,0,0,,,,,,,,,,,2000,64,,complete
towers-opt,frame_entry,local_relink,fresh,453,14,0,0,0,0,0,,,,,,,,,,,,,,complete
towers-opt,frame_entry,local_relink,reused,3850829,163937,0,0,0,0,0,,,,,,,,,,,,,,complete
towers-opt,frame_entry,global_relink,fresh,0,14,0,0,0,0,0,,,,,,,,,,,,,,complete
towers-opt,frame_entry,global_relink,reused,0,163937,0,0,0,0,0,,,,,,,,,,,,,,complete
towers-opt,frame_entry,argument_count_reset,fresh,14,14,0,0,0,0,0,,,,,,,,,,,,,,complete
towers-opt,frame_entry,argument_count_reset,reused,163937,163937,0,0,0,0,0,,,,,,,,,,,,,,complete
towers-opt,frame_entry,inherited_context,fresh,13,13,0,0,0,0,0,,,,,,,,,,,,,,complete
towers-opt,frame_entry,inherited_context,reused,163937,163937,0,0,0,0,0,,,,,,,,,,,,,,complete
towers-opt,frame_entry,root_context,fresh,1,1,0,0,0,0,0,,,,,,,,,,,,,,complete
towers-opt,frame_entry,finalize,fresh,14,14,0,0,0,0,0,,,,,,,,,,,,,,complete
towers-opt,frame_entry,finalize,reused,163937,163937,0,0,0,0,0,,,,,,,,,,,,,,complete
towers-opt,branch,BRTPANDT_ID_REG_INT,,4,1,0,0,0,0,0,0,1,0,0,benchmark_awfy_towers_opt,branch_site,,,,,,,,complete
towers-opt,branch,BR_ID,,11,1,0,0,0,0,0,1,0,0,0,benchmark_awfy_towers_opt,branch_site,,,,,,,,complete
towers-opt,branch,BRF_ID_REG,,27,1,0,0,0,0,0,0,1,0,0,benchmark_awfy_towers_opt,branch_site,,,,,,,,complete
towers-opt,branch,BRF_ID_REG,,43,1,0,0,0,0,0,1,0,0,0,benchmark_awfy_towers_opt,branch_site,,,,,,,,complete
towers-opt,branch,BRT_ID_REG,,68,11,0,0,0,0,0,1,10,0,0,benchmark_awfy_towers_opt,branch_site,,,,,,,,complete
towers-opt,branch,BRT_ID_REG,,121,150,0,0,0,0,0,10,140,0,0,benchmark_awfy_towers_opt,branch_site,,,,,,,,complete
towers-opt,branch,BRF_ID_REG,,728,82050,0,0,0,0,0,54670,27380,0,0,benchmark_awfy_towers_opt,branch_site,,,,,,,,complete
towers-opt,branch,BRF_ID_REG,,738,27380,0,0,0,0,0,10,27370,0,0,benchmark_awfy_towers_opt,branch_site,,,,,,,,complete
towers-opt,branch,BRF_ID_REG,,799,82050,0,0,0,0,0,30,82020,0,0,benchmark_awfy_towers_opt,branch_site,,,,,,,,complete
towers-opt,branch,BRF_ID_REG,,867,81830,0,0,0,0,0,54450,27380,0,0,benchmark_awfy_towers_opt,branch_site,,,,,,,,complete
towers-opt,branch,BR_ID,,886,27380,0,0,0,0,0,27380,0,0,0,benchmark_awfy_towers_opt,branch_site,,,,,,,,complete
towers-opt,branch,BR_ID,,163,140,0,0,0,0,0,140,0,140,0,benchmark_awfy_towers_opt,branch_site,,,,,,,,complete
towers-opt,branch,BR_ID,,750,27370,0,0,0,0,0,27370,0,0,0,benchmark_awfy_towers_opt,branch_site,,,,,,,,complete
towers-opt,branch,BR_ID,,812,82020,0,0,0,0,0,82020,0,0,0,benchmark_awfy_towers_opt,branch_site,,,,,,,,complete
towers-opt,branch,BR_ID,,824,82020,0,0,0,0,0,82020,0,0,0,benchmark_awfy_towers_opt,branch_site,,,,,,,,complete
towers-opt,branch,BRTF_ID_ID_REG,,833,82020,0,0,0,0,0,82020,0,0,0,benchmark_awfy_towers_opt,branch_site,,,,,,,,complete
towers-opt,branch,BRF_ID_REG,,1364,81900,0,0,0,0,0,40940,40960,0,0,benchmark_awfy_towers_opt,branch_site,,,,,,,,complete
towers-opt,branch,BRF_ID_REG,,1376,40960,0,0,0,0,0,27300,13660,0,0,benchmark_awfy_towers_opt,branch_site,,,,,,,,complete
towers-opt,branch,UNLINKBR_REG_ID,,1386,13660,0,0,0,0,0,13660,0,0,0,benchmark_awfy_towers_opt,branch_site,,,,,,,,complete
towers-opt,branch,BRTF_ID_ID_REG,,1422,40960,0,0,0,0,0,40960,0,0,0,benchmark_awfy_towers_opt,branch_site,,,,,,,,complete
towers-opt,branch,BRF_ID_REG,,1442,40960,0,0,0,0,0,27300,13660,0,0,benchmark_awfy_towers_opt,branch_site,,,,,,,,complete
towers-opt,branch,UNLINKBR_REG_ID,,1452,13660,0,0,0,0,0,13660,0,0,0,benchmark_awfy_towers_opt,branch_site,,,,,,,,complete
towers-opt,branch,BR_ID,,1483,40960,0,0,0,0,0,40960,0,0,0,benchmark_awfy_towers_opt,branch_site,,,,,,,,complete
towers-opt,branch,BRF_ID_REG,,756,54670,0,0,0,0,0,27300,27370,0,0,benchmark_awfy_towers_opt,branch_site,,,,,,,,complete
towers-opt,branch,BRF_ID_REG,,766,27370,0,0,0,0,0,10,27360,0,0,benchmark_awfy_towers_opt,branch_site,,,,,,,,complete
towers-opt,branch,BRF_ID_REG,,892,54450,0,0,0,0,0,27200,27250,0,0,benchmark_awfy_towers_opt,branch_site,,,,,,,,complete
towers-opt,branch,BR_ID,,911,27250,0,0,0,0,0,27250,0,0,0,benchmark_awfy_towers_opt,branch_site,,,,,,,,complete
towers-opt,branch,BR_ID,,1556,40960,0,0,0,0,0,40960,0,0,0,benchmark_awfy_towers_opt,branch_site,,,,,,,,complete
towers-opt,branch,BRF_ID_REG,,1589,40940,0,0,0,0,0,27240,13700,0,0,benchmark_awfy_towers_opt,branch_site,,,,,,,,complete
towers-opt,branch,UNLINKBR_REG_ID,,1599,13700,0,0,0,0,0,13700,0,0,0,benchmark_awfy_towers_opt,branch_site,,,,,,,,complete
towers-opt,branch,BRTF_ID_ID_REG,,1635,40940,0,0,0,0,0,40940,0,0,0,benchmark_awfy_towers_opt,branch_site,,,,,,,,complete
towers-opt,branch,BRF_ID_REG,,1655,40940,0,0,0,0,0,27240,13700,0,0,benchmark_awfy_towers_opt,branch_site,,,,,,,,complete
towers-opt,branch,UNLINKBR_REG_ID,,1665,13700,0,0,0,0,0,13700,0,0,0,benchmark_awfy_towers_opt,branch_site,,,,,,,,complete
towers-opt,branch,BR_ID,,1696,40940,0,0,0,0,0,40940,0,0,0,benchmark_awfy_towers_opt,branch_site,,,,,,,,complete
towers-opt,branch,BRF_ID_REG,,787,27300,0,0,0,0,0,10,27290,0,0,benchmark_awfy_towers_opt,branch_site,,,,,,,,complete
towers-opt,branch,BRF_ID_REG,,1393,27300,0,0,0,0,0,13650,13650,0,0,benchmark_awfy_towers_opt,branch_site,,,,,,,,complete
towers-opt,branch,UNLINKBR_REG_ID,,1403,13650,0,0,0,0,0,13650,0,0,0,benchmark_awfy_towers_opt,branch_site,,,,,,,,complete
towers-opt,branch,BRF_ID_REG,,1459,27300,0,0,0,0,0,13650,13650,0,0,benchmark_awfy_towers_opt,branch_site,,,,,,,,complete
towers-opt,branch,UNLINKBR_REG_ID,,1469,13650,0,0,0,0,0,13650,0,0,0,benchmark_awfy_towers_opt,branch_site,,,,,,,,complete
towers-opt,branch,BR_ID,,778,27360,0,0,0,0,0,27360,0,0,0,benchmark_awfy_towers_opt,branch_site,,,,,,,,complete
towers-opt,branch,BRF_ID_REG,,1606,27240,0,0,0,0,0,13650,13590,0,0,benchmark_awfy_towers_opt,branch_site,,,,,,,,complete
towers-opt,branch,BRF_ID_REG,,1672,27240,0,0,0,0,0,13650,13590,0,0,benchmark_awfy_towers_opt,branch_site,,,,,,,,complete
towers-opt,branch,UNLINKBR_REG_ID,,1616,13590,0,0,0,0,0,13590,0,0,0,benchmark_awfy_towers_opt,branch_site,,,,,,,,complete
towers-opt,branch,UNLINKBR_REG_ID,,1682,13590,0,0,0,0,0,13590,0,0,0,benchmark_awfy_towers_opt,branch_site,,,,,,,,complete
towers-opt,branch,BRTF_ID_ID_REG,,214,10,0,0,0,0,0,10,0,0,0,benchmark_awfy_towers_opt,branch_site,,,,,,,,complete
towers-opt,branch,BR_ID,,241,10,0,0,0,0,0,10,0,0,0,benchmark_awfy_towers_opt,branch_site,,,,,,,,complete
towers-opt,branch,BRF_ID_REG,,318,10,0,0,0,0,0,10,0,0,0,benchmark_awfy_towers_opt,branch_site,,,,,,,,complete
towers-opt,branch,BCTP_ID_REG,,343,10,0,0,0,0,0,10,0,10,0,benchmark_awfy_towers_opt,branch_site,,,,,,,,complete
towers-opt,census,call_path,direct_bytecode,,163950,0,0,0,0,0,,,,,,,,,,,,,,complete
towers-opt,census,call_path,direct_native,,0,0,0,0,0,0,,,,,,,,,,,,,,complete
towers-opt,census,call_path,dynamic_bytecode,,0,0,0,0,0,0,,,,,,,,,,,,,,complete
towers-opt,census,call_path,dynamic_native,,0,0,0,0,0,0,,,,,,,,,,,,,,complete
towers-opt,census,call_path,external_root,,1,0,0,0,0,0,,,,,,,,,,,,,,complete
towers-opt,census,call_path,signal_bytecode,,0,0,0,0,0,0,,,,,,,,,,,,,,complete
towers-opt,census,call_path,signal_native,,0,0,0,0,0,0,,,,,,,,,,,,,,complete
towers-opt,census,arity,1,,1,0,0,0,0,0,,,,,,,,,,,,,,complete
towers-opt,census,arity,3,,82050,0,0,0,0,0,,,,,,,,,,,,,,complete
towers-opt,census,arity,4,,81900,0,0,0,0,0,,,,,,,,,,,,,,complete
towers-opt,census,callable_kind,procedure,,1,0,0,0,0,0,,,,,,,,,,,,,,complete
towers-opt,census,callable_kind,method,,163950,0,0,0,0,0,,,,,,,,,,,,,,complete
towers-opt,census,callable_kind,factory,,0,0,0,0,0,0,,,,,,,,,,,,,,complete
towers-opt,census,callable_kind,native,,0,0,0,0,0,0,,,,,,,,,,,,,,complete
towers-opt,census,callable_kind,unknown,,0,0,0,0,0,0,,,,,,,,,,,,,,complete
towers-opt,census,frame_disposition,fresh,,14,0,0,0,0,0,,,,,,,,,,,,,,complete
towers-opt,census,frame_disposition,reused,,163937,0,0,0,0,0,,,,,,,,,,,,,,complete
towers-opt,census,frame_disposition,no_child_native,,0,0,0,0,0,0,,,,,,,,,,,,,,complete
towers-opt,census,frame_disposition,none_failed,,0,0,0,0,0,0,,,,,,,,,,,,,,complete
towers-opt,census,call_outcome,success,,163951,0,0,0,0,0,,,,,,,,,,,,,,complete
towers-opt,census,call_outcome,unresolved,,0,0,0,0,0,0,,,,,,,,,,,,,,complete
towers-opt,census,call_outcome,frame_failed,,0,0,0,0,0,0,,,,,,,,,,,,,,complete
towers-opt,census,call_outcome,invalid,,0,0,0,0,0,0,,,,,,,,,,,,,,complete
towers-opt,return,placement,void,,163950,0,0,0,0,0,,,,,,,,,,,,,,complete
towers-opt,return,placement,ret_reg_move_local,,0,0,0,0,0,0,,,,,,,,,,,,,,complete
towers-opt,return,placement,ret_reg_copy_nonlocal,,0,0,0,0,0,0,,,,,,,,,,,,,,complete
towers-opt,return,placement,value_ignored,,0,0,0,0,0,0,,,,,,,,,,,,,,complete
towers-opt,return,placement,immediate,,0,0,0,0,0,0,,,,,,,,,,,,,,complete
towers-opt,return,placement,terminal_external,,1,0,0,0,0,0,,,,,,,,,,,,,,complete
towers-opt,dynamic,srcmethodsel,attempt,,0,0,0,0,0,0,,,,,,,,,,,,,,complete
towers-opt,dynamic,srcmethodsel,success,,0,0,0,0,0,0,,,,,,,,,,,,,,complete
towers-opt,dynamic,srcmethodsel,failure,,0,0,0,0,0,0,,,,,,,,,,,,,,complete
towers-opt,dynamic,srcfprocsel,attempt,,0,0,0,0,0,0,,,,,,,,,,,,,,complete
towers-opt,dynamic,srcfprocsel,success,,0,0,0,0,0,0,,,,,,,,,,,,,,complete
towers-opt,dynamic,srcfprocsel,failure,,0,0,0,0,0,0,,,,,,,,,,,,,,complete
towers-opt,mechanics,call_window,setup_swaps,,0,0,0,0,0,0,,,,,,,,,,,,,,complete
towers-opt,mechanics,call_window,normal_restoration_swaps,,0,0,0,0,0,0,,,,,,,,,,,,,,complete
towers-opt,mechanics,call_window,unclassified_swaps,,0,0,0,0,0,0,,,,,,,,,,,,,,complete
towers-opt,mechanics,call_window,defensive_argument_copies,,0,0,0,0,0,0,,,,,,,,,,,,,,complete
towers-opt,mechanics,call_window,unclassified_copies,,982781,0,0,0,0,0,,,,,,,,,,,,,,complete
towers-opt,mechanics,call_window,attribution_degraded,,0,0,0,0,0,0,,,,,,,,,,,,,,complete
towers-opt,unwind,signal,events,,0,0,0,0,0,0,,,,,,,,,,,,,,complete
towers-opt,unwind,signal,bytecode_frames_discarded,,0,0,0,0,0,0,,,,,,,,,,,,,,complete
towers-opt,unwind,signal,argument_windows_restored,,0,0,0,0,0,0,,,,,,,,,,,,,,complete
towers-opt,unwind,signal,argument_slots_restored,,0,0,0,0,0,0,,,,,,,,,,,,,,complete
towers-opt,unwind,signal,interrupted_native_windows_restored,,0,0,0,0,0,0,,,,,,,,,,,,,,complete
towers-opt,unwind,signal,interrupted_native_slots_restored,,0,0,0,0,0,0,,,,,,,,,,,,,,complete
towers-opt,unwind,signal,restoration_failures,,0,0,0,0,0,0,,,,,,,,,,,,,,complete
towers-opt,call,awfy_towers.main,external_root,0,1,0,0,0,0,0,1,,,,benchmark_awfy_towers_opt,procedure,,,fresh,success,0,0,0,complete
towers-opt,call,awfy_towers.towersbenchmark.pushdisk,direct_bytecode,153,1,0,0,0,0,0,3,,,,benchmark_awfy_towers_opt,method,,,fresh,success,0,0,0,complete
towers-opt,call,awfy_towers.towersbenchmark.pushdisk,direct_bytecode,153,139,0,0,0,0,0,3,,,,benchmark_awfy_towers_opt,method,,,reused,success,0,0,0,complete
towers-opt,call,awfy_towers.towersbenchmark.movedisks,direct_bytecode,186,1,0,0,0,0,0,4,,,,benchmark_awfy_towers_opt,method,,,fresh,success,0,0,0,complete
towers-opt,call,awfy_towers.towersbenchmark.movedisks,direct_bytecode,1573,11,0,0,0,0,0,4,,,,benchmark_awfy_towers_opt,method,,,fresh,success,0,0,0,complete
towers-opt,call,awfy_towers.towersbenchmark.pushdisk,direct_bytecode,1536,40960,0,0,0,0,0,3,,,,benchmark_awfy_towers_opt,method,,,reused,success,0,0,0,complete
towers-opt,call,awfy_towers.towersbenchmark.pushdisk,direct_bytecode,1749,40940,0,0,0,0,0,3,,,,benchmark_awfy_towers_opt,method,,,reused,success,0,0,0,complete
towers-opt,call,awfy_towers.towersbenchmark.movedisks,direct_bytecode,1776,40940,0,0,0,0,0,4,,,,benchmark_awfy_towers_opt,method,,,reused,success,0,0,0,complete
towers-opt,call,awfy_towers.towersbenchmark.movedisks,direct_bytecode,1573,40929,0,0,0,0,0,4,,,,benchmark_awfy_towers_opt,method,,,reused,success,0,0,0,complete
towers-opt,call,awfy_towers.towersbenchmark.pushdisk,direct_bytecode,265,10,0,0,0,0,0,3,,,,benchmark_awfy_towers_opt,method,,,reused,success,0,0,0,complete
towers-opt,call,awfy_towers.towersbenchmark.movedisks,direct_bytecode,297,10,0,0,0,0,0,4,,,,benchmark_awfy_towers_opt,method,,,reused,success,0,0,0,complete
towers-opt,call,awfy_towers.towersbenchmark.movedisks,direct_bytecode,186,9,0,0,0,0,0,4,,,,benchmark_awfy_towers_opt,method,,,reused,success,0,0,0,complete
bounce-noopt,status,instructions,complete,,0,0,0,0,0,0,,,,,,,,,,,,,,complete
bounce-noopt,status,procedures,complete,,0,0,0,0,0,0,,,,,,,,,,,,,,complete
bounce-noopt,status,allocations,complete,,0,0,0,0,0,0,,,,,,,,,,,,,,complete
bounce-noopt,status,call_census,complete,,0,0,0,0,0,0,,,,,,,,,,,,,,complete
bounce-noopt,status,frame_entry,complete,,0,0,0,0,0,0,,,,,,,,,,,,,,complete
bounce-noopt,status,value_operations,complete,,0,0,0,0,0,0,,,,,,,,,,,,,,complete
bounce-noopt,status,branch_sites,complete,,0,0,0,0,0,0,,,,,,,,,,,,,,complete
bounce-noopt,value_operation,copy,empty,,10600,0,0,0,0,0,,,,,,,,,,,0,0,,complete
bounce-noopt,value_operation,copy,scalar,,150700,0,0,0,0,0,,,,,,,,,,,0,0,,complete
bounce-noopt,value_operation,copy,string,,1,0,0,0,0,0,,,,,,,,,,,3,3,,complete
bounce-noopt,value_operation,copy,object,,10001,0,0,0,0,0,,,,,,,,,,,400008,40,,complete
bounce-noopt,value_operation,move,empty,,366900,0,0,0,0,0,,,,,,,,,,,0,0,,complete
bounce-noopt,value_operation,move,scalar,,204500,0,0,0,0,0,,,,,,,,,,,0,0,,complete
bounce-noopt,value_operation,move,object,,10200,0,0,0,0,0,,,,,,,,,,,401600,40,,complete
bounce-noopt,value_operation,clear_contents,empty,,503025,0,0,0,0,0,,,,,,,,,,,0,0,,complete
bounce-noopt,value_operation,clear_contents,scalar,,244604,0,0,0,0,0,,,,,,,,,,,0,0,,complete
bounce-noopt,value_operation,clear_contents,string,,5,0,0,0,0,0,,,,,,,,,,,62,49,,complete
bounce-noopt,value_operation,clear_contents,reference,,504900,0,0,0,0,0,,,,,,,,,,,0,0,,complete
bounce-noopt,value_operation,clear_contents,object,,10105,0,0,0,0,0,,,,,,,,,,,404832,800,,complete
bounce-noopt,value_operation,reset_reuse,empty,,11583,0,0,0,0,0,,,,,,,,,,,0,0,,complete
bounce-noopt,value_operation,reset_reuse,scalar,,38115,0,0,0,0,0,,,,,,,,,,,0,0,,complete
bounce-noopt,value_operation,reset_reuse,object,,9900,0,0,0,0,0,,,,,,,,,,,396000,40,,complete
bounce-noopt,value_operation,destroy,empty,,488129,0,0,0,0,0,,,,,,,,,,,0,0,,complete
bounce-noopt,value_operation,destroy,scalar,,244405,0,0,0,0,0,,,,,,,,,,,0,0,,complete
bounce-noopt,value_operation,destroy,string,,5,0,0,0,0,0,,,,,,,,,,,62,49,,complete
bounce-noopt,value_operation,destroy,object,,10105,0,0,0,0,0,,,,,,,,,,,404832,800,,complete
bounce-noopt,value_operation,clear,empty,,70,0,0,0,0,0,,,,,,,,,,,0,0,,complete
bounce-noopt,value_operation,clear,scalar,,21,0,0,0,0,0,,,,,,,,,,,0,0,,complete
bounce-noopt,value_operation,clear,string,,3,0,0,0,0,0,,,,,,,,,,,56,49,,complete
bounce-noopt,value_operation,clear,object,,6,0,0,0,0,0,,,,,,,,,,,872,800,,complete
bounce-noopt,frame_entry,local_relink,fresh,53,8,0,0,0,0,0,,,,,,,,,,,,,,complete
bounce-noopt,frame_entry,local_relink,reused,4669658,692893,0,0,0,0,0,,,,,,,,,,,,,,complete
bounce-noopt,frame_entry,global_relink,fresh,0,8,0,0,0,0,0,,,,,,,,,,,,,,complete
bounce-noopt,frame_entry,global_relink,reused,0,692893,0,0,0,0,0,,,,,,,,,,,,,,complete
bounce-noopt,frame_entry,argument_count_reset,fresh,8,8,0,0,0,0,0,,,,,,,,,,,,,,complete
bounce-noopt,frame_entry,argument_count_reset,reused,692893,692893,0,0,0,0,0,,,,,,,,,,,,,,complete
bounce-noopt,frame_entry,inherited_context,fresh,7,7,0,0,0,0,0,,,,,,,,,,,,,,complete
bounce-noopt,frame_entry,inherited_context,reused,692893,692893,0,0,0,0,0,,,,,,,,,,,,,,complete
bounce-noopt,frame_entry,root_context,fresh,1,1,0,0,0,0,0,,,,,,,,,,,,,,complete
bounce-noopt,frame_entry,finalize,fresh,8,8,0,0,0,0,0,,,,,,,,,,,,,,complete
bounce-noopt,frame_entry,finalize,reused,692893,692893,0,0,0,0,0,,,,,,,,,,,,,,complete
bounce-noopt,branch,BRTPANDT_ID_REG_INT,,4,1,0,0,0,0,0,0,1,0,0,benchmark_awfy_bounce_noopt,branch_site,,,,,,,,complete
bounce-noopt,branch,BR_ID,,11,1,0,0,0,0,0,1,0,0,0,benchmark_awfy_bounce_noopt,branch_site,,,,,,,,complete
bounce-noopt,branch,BRF_ID_REG,,27,1,0,0,0,0,0,0,1,0,0,benchmark_awfy_bounce_noopt,branch_site,,,,,,,,complete
bounce-noopt,branch,BRF_ID_REG,,43,1,0,0,0,0,0,1,0,0,0,benchmark_awfy_bounce_noopt,branch_site,,,,,,,,complete
bounce-noopt,branch,BRT_ID_REG,,68,101,0,0,0,0,0,1,100,0,0,benchmark_awfy_bounce_noopt,branch_site,,,,,,,,complete
bounce-noopt,branch,BRT_ID_REG,,551,10100,0,0,0,0,0,100,10000,0,0,benchmark_awfy_bounce_noopt,branch_site,,,,,,,,complete
bounce-noopt,branch,BR_ID,,576,10000,0,0,0,0,0,10000,0,10000,0,benchmark_awfy_bounce_noopt,branch_site,,,,,,,,complete
bounce-noopt,branch,BRT_ID_REG,,591,5100,0,0,0,0,0,100,5000,0,0,benchmark_awfy_bounce_noopt,branch_site,,,,,,,,complete
bounce-noopt,branch,BRT_ID_REG,,605,505000,0,0,0,0,0,5000,500000,0,0,benchmark_awfy_bounce_noopt,branch_site,,,,,,,,complete
bounce-noopt,branch,BRF_ID_REG,,338,500000,0,0,0,0,0,464200,35800,0,0,benchmark_awfy_bounce_noopt,branch_site,,,,,,,,complete
bounce-noopt,branch,BRF_ID_REG,,387,500000,0,0,0,0,0,464600,35400,0,0,benchmark_awfy_bounce_noopt,branch_site,,,,,,,,complete
bounce-noopt,branch,BRF_ID_REG,,432,500000,0,0,0,0,0,464500,35500,0,0,benchmark_awfy_bounce_noopt,branch_site,,,,,,,,complete
bounce-noopt,branch,BRF_ID_REG,,481,500000,0,0,0,0,0,464100,35900,0,0,benchmark_awfy_bounce_noopt,branch_site,,,,,,,,complete
bounce-noopt,branch,BRF_ID_REG,,630,500000,0,0,0,0,0,366900,133100,0,0,benchmark_awfy_bounce_noopt,branch_site,,,,,,,,complete
bounce-noopt,branch,BR_ID,,639,500000,0,0,0,0,0,500000,0,500000,0,benchmark_awfy_bounce_noopt,branch_site,,,,,,,,complete
bounce-noopt,branch,BRF_ID_REG,,8,142600,0,0,0,0,0,142600,0,0,0,intabs,branch_site,,,,,,,,complete
bounce-noopt,branch,BGE_ID_REG_INT,,14,142600,0,0,0,0,0,71300,71300,0,0,intabs,branch_site,,,,,,,,complete
bounce-noopt,branch,BR_ID,,649,5000,0,0,0,0,0,5000,0,5000,0,benchmark_awfy_bounce_noopt,branch_site,,,,,,,,complete
bounce-noopt,branch,BRF_ID_REG,,85,100,0,0,0,0,0,100,0,0,0,benchmark_awfy_bounce_noopt,branch_site,,,,,,,,complete
bounce-noopt,branch,BR_ID,,105,100,0,0,0,0,0,100,0,100,0,benchmark_awfy_bounce_noopt,branch_site,,,,,,,,complete
bounce-noopt,census,call_path,direct_bytecode,,692900,0,0,0,0,0,,,,,,,,,,,,,,complete
bounce-noopt,census,call_path,direct_native,,0,0,0,0,0,0,,,,,,,,,,,,,,complete
bounce-noopt,census,call_path,dynamic_bytecode,,0,0,0,0,0,0,,,,,,,,,,,,,,complete
bounce-noopt,census,call_path,dynamic_native,,0,0,0,0,0,0,,,,,,,,,,,,,,complete
bounce-noopt,census,call_path,external_root,,1,0,0,0,0,0,,,,,,,,,,,,,,complete
bounce-noopt,census,call_path,signal_bytecode,,0,0,0,0,0,0,,,,,,,,,,,,,,complete
bounce-noopt,census,call_path,signal_native,,0,0,0,0,0,0,,,,,,,,,,,,,,complete
bounce-noopt,census,arity,1,,692701,0,0,0,0,0,,,,,,,,,,,,,,complete
bounce-noopt,census,arity,0,,200,0,0,0,0,0,,,,,,,,,,,,,,complete
bounce-noopt,census,callable_kind,procedure,,142601,0,0,0,0,0,,,,,,,,,,,,,,complete
bounce-noopt,census,callable_kind,method,,540100,0,0,0,0,0,,,,,,,,,,,,,,complete
bounce-noopt,census,callable_kind,factory,,10200,0,0,0,0,0,,,,,,,,,,,,,,complete
bounce-noopt,census,callable_kind,native,,0,0,0,0,0,0,,,,,,,,,,,,,,complete
bounce-noopt,census,callable_kind,unknown,,0,0,0,0,0,0,,,,,,,,,,,,,,complete
bounce-noopt,census,frame_disposition,fresh,,8,0,0,0,0,0,,,,,,,,,,,,,,complete
bounce-noopt,census,frame_disposition,reused,,692893,0,0,0,0,0,,,,,,,,,,,,,,complete
bounce-noopt,census,frame_disposition,no_child_native,,0,0,0,0,0,0,,,,,,,,,,,,,,complete
bounce-noopt,census,frame_disposition,none_failed,,0,0,0,0,0,0,,,,,,,,,,,,,,complete
bounce-noopt,census,call_outcome,success,,692901,0,0,0,0,0,,,,,,,,,,,,,,complete
bounce-noopt,census,call_outcome,unresolved,,0,0,0,0,0,0,,,,,,,,,,,,,,complete
bounce-noopt,census,call_outcome,frame_failed,,0,0,0,0,0,0,,,,,,,,,,,,,,complete
bounce-noopt,census,call_outcome,invalid,,0,0,0,0,0,0,,,,,,,,,,,,,,complete
bounce-noopt,return,placement,void,,0,0,0,0,0,0,,,,,,,,,,,,,,complete
bounce-noopt,return,placement,ret_reg_move_local,,581600,0,0,0,0,0,,,,,,,,,,,,,,complete
bounce-noopt,return,placement,ret_reg_copy_nonlocal,,111300,0,0,0,0,0,,,,,,,,,,,,,,complete
bounce-noopt,return,placement,value_ignored,,0,0,0,0,0,0,,,,,,,,,,,,,,complete
bounce-noopt,return,placement,immediate,,0,0,0,0,0,0,,,,,,,,,,,,,,complete
bounce-noopt,return,placement,terminal_external,,1,0,0,0,0,0,,,,,,,,,,,,,,complete
bounce-noopt,dynamic,srcmethodsel,attempt,,0,0,0,0,0,0,,,,,,,,,,,,,,complete
bounce-noopt,dynamic,srcmethodsel,success,,0,0,0,0,0,0,,,,,,,,,,,,,,complete
bounce-noopt,dynamic,srcmethodsel,failure,,0,0,0,0,0,0,,,,,,,,,,,,,,complete
bounce-noopt,dynamic,srcfprocsel,attempt,,0,0,0,0,0,0,,,,,,,,,,,,,,complete
bounce-noopt,dynamic,srcfprocsel,success,,0,0,0,0,0,0,,,,,,,,,,,,,,complete
bounce-noopt,dynamic,srcfprocsel,failure,,0,0,0,0,0,0,,,,,,,,,,,,,,complete
bounce-noopt,mechanics,call_window,setup_swaps,,142600,0,0,0,0,0,,,,,,,,,,,,,,complete
bounce-noopt,mechanics,call_window,normal_restoration_swaps,,142600,0,0,0,0,0,,,,,,,,,,,,,,complete
bounce-noopt,mechanics,call_window,unclassified_swaps,,0,0,0,0,0,0,,,,,,,,,,,,,,complete
bounce-noopt,mechanics,call_window,defensive_argument_copies,,0,0,0,0,0,0,,,,,,,,,,,,,,complete
bounce-noopt,mechanics,call_window,unclassified_copies,,10001,0,0,0,0,0,,,,,,,,,,,,,,complete
bounce-noopt,mechanics,call_window,attribution_degraded,,0,0,0,0,0,0,,,,,,,,,,,,,,complete
bounce-noopt,unwind,signal,events,,0,0,0,0,0,0,,,,,,,,,,,,,,complete
bounce-noopt,unwind,signal,bytecode_frames_discarded,,0,0,0,0,0,0,,,,,,,,,,,,,,complete
bounce-noopt,unwind,signal,argument_windows_restored,,0,0,0,0,0,0,,,,,,,,,,,,,,complete
bounce-noopt,unwind,signal,argument_slots_restored,,0,0,0,0,0,0,,,,,,,,,,,,,,complete
bounce-noopt,unwind,signal,interrupted_native_windows_restored,,0,0,0,0,0,0,,,,,,,,,,,,,,complete
bounce-noopt,unwind,signal,interrupted_native_slots_restored,,0,0,0,0,0,0,,,,,,,,,,,,,,complete
bounce-noopt,unwind,signal,restoration_failures,,0,0,0,0,0,0,,,,,,,,,,,,,,complete
bounce-noopt,call,awfy_bounce.main,external_root,0,1,0,0,0,0,0,1,,,,benchmark_awfy_bounce_noopt,procedure,,,fresh,success,0,0,0,complete
bounce-noopt,call,awfy_bounce.bouncebenchmark.§factory,direct_bytecode,71,1,0,0,0,0,0,0,,,,benchmark_awfy_bounce_noopt,factory,,,fresh,success,0,0,0,complete
bounce-noopt,call,awfy_bounce.bouncebenchmark.run,direct_bytecode,77,1,0,0,0,0,0,1,,,,benchmark_awfy_bounce_noopt,method,,,fresh,success,0,0,0,complete
bounce-noopt,call,awfy_bounce.awfyrandom.§factory,direct_bytecode,538,1,0,0,0,0,0,0,,,,benchmark_awfy_bounce_noopt,factory,,,fresh,success,0,0,0,complete
bounce-noopt,call,awfy_bounce.bounceball.§factory,direct_bytecode,565,1,0,0,0,0,0,1,,,,benchmark_awfy_bounce_noopt,factory,,,fresh,success,0,0,0,complete
bounce-noopt,call,awfy_bounce.awfyrandom.next,direct_bytecode,214,1,0,0,0,0,0,1,,,,benchmark_awfy_bounce_noopt,method,,,fresh,success,0,0,0,complete
bounce-noopt,call,awfy_bounce.awfyrandom.next,direct_bytecode,229,10000,0,0,0,0,0,1,,,,benchmark_awfy_bounce_noopt,method,,,reused,success,0,0,0,complete
bounce-noopt,call,awfy_bounce.awfyrandom.next,direct_bytecode,244,10000,0,0,0,0,0,1,,,,benchmark_awfy_bounce_noopt,method,,,reused,success,0,0,0,complete
bounce-noopt,call,awfy_bounce.awfyrandom.next,direct_bytecode,263,10000,0,0,0,0,0,1,,,,benchmark_awfy_bounce_noopt,method,,,reused,success,0,0,0,complete
bounce-noopt,call,awfy_bounce.bounceball.§factory,direct_bytecode,565,9999,0,0,0,0,0,1,,,,benchmark_awfy_bounce_noopt,factory,,,reused,success,0,0,0,complete
bounce-noopt,call,awfy_bounce.awfyrandom.next,direct_bytecode,214,9999,0,0,0,0,0,1,,,,benchmark_awfy_bounce_noopt,method,,,reused,success,0,0,0,complete
bounce-noopt,call,awfy_bounce.bounceball.bounce,direct_bytecode,626,1,0,0,0,0,0,1,,,,benchmark_awfy_bounce_noopt,method,,,fresh,success,0,0,0,complete
bounce-noopt,call,awfy_bounce.bounceball.bounce,direct_bytecode,626,499999,0,0,0,0,0,1,,,,benchmark_awfy_bounce_noopt,method,,,reused,success,0,0,0,complete
bounce-noopt,call,rxfnsb.intabs,direct_bytecode,404,1,0,0,0,0,0,1,,,,benchmark_awfy_bounce_noopt,procedure,,,fresh,success,1,1,0,complete
bounce-noopt,call,rxfnsb.intabs,direct_bytecode,449,35500,0,0,0,0,0,1,,,,benchmark_awfy_bounce_noopt,procedure,,,reused,success,35500,35500,0,complete
bounce-noopt,call,rxfnsb.intabs,direct_bytecode,498,35900,0,0,0,0,0,1,,,,benchmark_awfy_bounce_noopt,procedure,,,reused,success,35900,35900,0,complete
bounce-noopt,call,rxfnsb.intabs,direct_bytecode,404,35399,0,0,0,0,0,1,,,,benchmark_awfy_bounce_noopt,procedure,,,reused,success,35399,35399,0,complete
bounce-noopt,call,rxfnsb.intabs,direct_bytecode,355,35800,0,0,0,0,0,1,,,,benchmark_awfy_bounce_noopt,procedure,,,reused,success,35800,35800,0,complete
bounce-noopt,call,awfy_bounce.bouncebenchmark.§factory,direct_bytecode,71,99,0,0,0,0,0,0,,,,benchmark_awfy_bounce_noopt,factory,,,reused,success,0,0,0,complete
bounce-noopt,call,awfy_bounce.bouncebenchmark.run,direct_bytecode,77,99,0,0,0,0,0,1,,,,benchmark_awfy_bounce_noopt,method,,,reused,success,0,0,0,complete
bounce-noopt,call,awfy_bounce.awfyrandom.§factory,direct_bytecode,538,99,0,0,0,0,0,0,,,,benchmark_awfy_bounce_noopt,factory,,,reused,success,0,0,0,complete
bounce-opt,status,instructions,complete,,0,0,0,0,0,0,,,,,,,,,,,,,,complete
bounce-opt,status,procedures,complete,,0,0,0,0,0,0,,,,,,,,,,,,,,complete
bounce-opt,status,allocations,complete,,0,0,0,0,0,0,,,,,,,,,,,,,,complete
bounce-opt,status,call_census,complete,,0,0,0,0,0,0,,,,,,,,,,,,,,complete
bounce-opt,status,frame_entry,complete,,0,0,0,0,0,0,,,,,,,,,,,,,,complete
bounce-opt,status,value_operations,complete,,0,0,0,0,0,0,,,,,,,,,,,,,,complete
bounce-opt,status,branch_sites,complete,,0,0,0,0,0,0,,,,,,,,,,,,,,complete
bounce-opt,value_operation,copy,empty,,10600,0,0,0,0,0,,,,,,,,,,,0,0,,complete
bounce-opt,value_operation,copy,scalar,,39600,0,0,0,0,0,,,,,,,,,,,0,0,,complete
bounce-opt,value_operation,copy,string,,1,0,0,0,0,0,,,,,,,,,,,3,3,,complete
bounce-opt,value_operation,copy,object,,10201,0,0,0,0,0,,,,,,,,,,,401608,40,,complete
bounce-opt,value_operation,integer_copy,scalar,,1142600,0,0,0,0,0,,,,,,,,,,,9140800,8,,complete
bounce-opt,value_operation,move,scalar,,100,0,0,0,0,0,,,,,,,,,,,0,0,,complete
bounce-opt,value_operation,move,object,,10000,0,0,0,0,0,,,,,,,,,,,400000,40,,complete
bounce-opt,value_operation,clear_contents,empty,,135125,0,0,0,0,0,,,,,,,,,,,0,0,,complete
bounce-opt,value_operation,clear_contents,scalar,,40203,0,0,0,0,0,,,,,,,,,,,0,0,,complete
bounce-opt,value_operation,clear_contents,string,,5,0,0,0,0,0,,,,,,,,,,,62,49,,complete
bounce-opt,value_operation,clear_contents,reference,,504900,0,0,0,0,0,,,,,,,,,,,0,0,,complete
bounce-opt,value_operation,clear_contents,object,,10107,0,0,0,0,0,,,,,,,,,,,404848,800,,complete
bounce-opt,value_operation,reset_reuse,empty,,11484,0,0,0,0,0,,,,,,,,,,,0,0,,complete
bounce-opt,value_operation,reset_reuse,scalar,,38016,0,0,0,0,0,,,,,,,,,,,0,0,,complete
bounce-opt,value_operation,reset_reuse,object,,9900,0,0,0,0,0,,,,,,,,,,,396000,40,,complete
bounce-opt,value_operation,destroy,empty,,120229,0,0,0,0,0,,,,,,,,,,,0,0,,complete
bounce-opt,value_operation,destroy,scalar,,40004,0,0,0,0,0,,,,,,,,,,,0,0,,complete
bounce-opt,value_operation,destroy,string,,5,0,0,0,0,0,,,,,,,,,,,62,49,,complete
bounce-opt,value_operation,destroy,object,,10107,0,0,0,0,0,,,,,,,,,,,404848,800,,complete
bounce-opt,value_operation,clear,empty,,55,0,0,0,0,0,,,,,,,,,,,0,0,,complete
bounce-opt,value_operation,clear,scalar,,19,0,0,0,0,0,,,,,,,,,,,0,0,,complete
bounce-opt,value_operation,clear,string,,3,0,0,0,0,0,,,,,,,,,,,56,49,,complete
bounce-opt,value_operation,clear,object,,8,0,0,0,0,0,,,,,,,,,,,888,800,,complete
bounce-opt,frame_entry,local_relink,fresh,43,3,0,0,0,0,0,,,,,,,,,,,,,,complete
bounce-opt,frame_entry,local_relink,reused,121968,10098,0,0,0,0,0,,,,,,,,,,,,,,complete
bounce-opt,frame_entry,global_relink,fresh,0,3,0,0,0,0,0,,,,,,,,,,,,,,complete
bounce-opt,frame_entry,global_relink,reused,0,10098,0,0,0,0,0,,,,,,,,,,,,,,complete
bounce-opt,frame_entry,argument_count_reset,fresh,3,3,0,0,0,0,0,,,,,,,,,,,,,,complete
bounce-opt,frame_entry,argument_count_reset,reused,10098,10098,0,0,0,0,0,,,,,,,,,,,,,,complete
bounce-opt,frame_entry,inherited_context,fresh,2,2,0,0,0,0,0,,,,,,,,,,,,,,complete
bounce-opt,frame_entry,inherited_context,reused,10098,10098,0,0,0,0,0,,,,,,,,,,,,,,complete
bounce-opt,frame_entry,root_context,fresh,1,1,0,0,0,0,0,,,,,,,,,,,,,,complete
bounce-opt,frame_entry,finalize,fresh,3,3,0,0,0,0,0,,,,,,,,,,,,,,complete
bounce-opt,frame_entry,finalize,reused,10098,10098,0,0,0,0,0,,,,,,,,,,,,,,complete
bounce-opt,branch,BRTPANDT_ID_REG_INT,,4,1,0,0,0,0,0,0,1,0,0,benchmark_awfy_bounce_opt,branch_site,,,,,,,,complete
bounce-opt,branch,BR_ID,,11,1,0,0,0,0,0,1,0,0,0,benchmark_awfy_bounce_opt,branch_site,,,,,,,,complete
bounce-opt,branch,BRF_ID_REG,,27,1,0,0,0,0,0,0,1,0,0,benchmark_awfy_bounce_opt,branch_site,,,,,,,,complete
bounce-opt,branch,BRF_ID_REG,,43,1,0,0,0,0,0,1,0,0,0,benchmark_awfy_bounce_opt,branch_site,,,,,,,,complete
bounce-opt,branch,BRT_ID_REG,,68,101,0,0,0,0,0,1,100,0,0,benchmark_awfy_bounce_opt,branch_site,,,,,,,,complete
bounce-opt,branch,BRT_ID_REG,,735,10100,0,0,0,0,0,100,10000,0,0,benchmark_awfy_bounce_opt,branch_site,,,,,,,,complete
bounce-opt,branch,BR_ID,,239,10000,0,0,0,0,0,10000,0,0,0,benchmark_awfy_bounce_opt,branch_site,,,,,,,,complete
bounce-opt,branch,BR_ID,,278,10000,0,0,0,0,0,10000,0,0,0,benchmark_awfy_bounce_opt,branch_site,,,,,,,,complete
bounce-opt,branch,BR_ID,,317,10000,0,0,0,0,0,10000,0,0,0,benchmark_awfy_bounce_opt,branch_site,,,,,,,,complete
bounce-opt,branch,BR_ID,,360,10000,0,0,0,0,0,10000,0,0,0,benchmark_awfy_bounce_opt,branch_site,,,,,,,,complete
bounce-opt,branch,BCTP_ID_REG,,758,10000,0,0,0,0,0,10000,0,10000,0,benchmark_awfy_bounce_opt,branch_site,,,,,,,,complete
bounce-opt,branch,BRT_ID_REG,,774,5100,0,0,0,0,0,100,5000,0,0,benchmark_awfy_bounce_opt,branch_site,,,,,,,,complete
bounce-opt,branch,BRT_ID_REG,,788,505000,0,0,0,0,0,5000,500000,0,0,benchmark_awfy_bounce_opt,branch_site,,,,,,,,complete
bounce-opt,branch,BRF_ID_REG,,857,500000,0,0,0,0,0,464200,35800,0,0,benchmark_awfy_bounce_opt,branch_site,,,,,,,,complete
bounce-opt,branch,BRF_ID_REG,,925,500000,0,0,0,0,0,464600,35400,0,0,benchmark_awfy_bounce_opt,branch_site,,,,,,,,complete
bounce-opt,branch,BRF_ID_REG,,989,500000,0,0,0,0,0,464500,35500,0,0,benchmark_awfy_bounce_opt,branch_site,,,,,,,,complete
bounce-opt,branch,BRF_ID_REG,,1057,500000,0,0,0,0,0,464100,35900,0,0,benchmark_awfy_bounce_opt,branch_site,,,,,,,,complete
bounce-opt,branch,BRTF_ID_ID_REG,,1117,500000,0,0,0,0,0,500000,0,0,0,benchmark_awfy_bounce_opt,branch_site,,,,,,,,complete
bounce-opt,branch,BCTP_ID_REG,,1125,500000,0,0,0,0,0,500000,0,500000,0,benchmark_awfy_bounce_opt,branch_site,,,,,,,,complete
bounce-opt,branch,BRF_ID_REG,,948,35400,0,0,0,0,0,35400,0,0,0,benchmark_awfy_bounce_opt,branch_site,,,,,,,,complete
bounce-opt,branch,BGE_ID_REG_INT,,954,35400,0,0,0,0,0,0,35400,0,0,benchmark_awfy_bounce_opt,branch_site,,,,,,,,complete
bounce-opt,branch,BR_ID,,965,35400,0,0,0,0,0,35400,0,0,0,benchmark_awfy_bounce_opt,branch_site,,,,,,,,complete
bounce-opt,branch,BRF_ID_REG,,1012,35500,0,0,0,0,0,35500,0,0,0,benchmark_awfy_bounce_opt,branch_site,,,,,,,,complete
bounce-opt,branch,BGE_ID_REG_INT,,1018,35500,0,0,0,0,0,35500,0,0,0,benchmark_awfy_bounce_opt,branch_site,,,,,,,,complete
bounce-opt,branch,BR_ID,,1034,35500,0,0,0,0,0,35500,0,0,0,benchmark_awfy_bounce_opt,branch_site,,,,,,,,complete
bounce-opt,branch,BRF_ID_REG,,1080,35900,0,0,0,0,0,35900,0,0,0,benchmark_awfy_bounce_opt,branch_site,,,,,,,,complete
bounce-opt,branch,BGE_ID_REG_INT,,1086,35900,0,0,0,0,0,0,35900,0,0,benchmark_awfy_bounce_opt,branch_site,,,,,,,,complete
bounce-opt,branch,BR_ID,,1097,35900,0,0,0,0,0,35900,0,0,0,benchmark_awfy_bounce_opt,branch_site,,,,,,,,complete
bounce-opt,branch,BRF_ID_REG,,880,35800,0,0,0,0,0,35800,0,0,0,benchmark_awfy_bounce_opt,branch_site,,,,,,,,complete
bounce-opt,branch,BGE_ID_REG_INT,,886,35800,0,0,0,0,0,35800,0,0,0,benchmark_awfy_bounce_opt,branch_site,,,,,,,,complete
bounce-opt,branch,BR_ID,,902,35800,0,0,0,0,0,35800,0,0,0,benchmark_awfy_bounce_opt,branch_site,,,,,,,,complete
bounce-opt,branch,BCTP_ID_REG,,1134,5000,0,0,0,0,0,5000,0,5000,0,benchmark_awfy_bounce_opt,branch_site,,,,,,,,complete
bounce-opt,branch,BRF_ID_REG,,91,100,0,0,0,0,0,100,0,0,0,benchmark_awfy_bounce_opt,branch_site,,,,,,,,complete
bounce-opt,branch,BCTP_ID_REG,,116,100,0,0,0,0,0,100,0,100,0,benchmark_awfy_bounce_opt,branch_site,,,,,,,,complete
bounce-opt,census,call_path,direct_bytecode,,10100,0,0,0,0,0,,,,,,,,,,,,,,complete
bounce-opt,census,call_path,direct_native,,0,0,0,0,0,0,,,,,,,,,,,,,,complete
bounce-opt,census,call_path,dynamic_bytecode,,0,0,0,0,0,0,,,,,,,,,,,,,,complete
bounce-opt,census,call_path,dynamic_native,,0,0,0,0,0,0,,,,,,,,,,,,,,complete
bounce-opt,census,call_path,external_root,,1,0,0,0,0,0,,,,,,,,,,,,,,complete
bounce-opt,census,call_path,signal_bytecode,,0,0,0,0,0,0,,,,,,,,,,,,,,complete
bounce-opt,census,call_path,signal_native,,0,0,0,0,0,0,,,,,,,,,,,,,,complete
bounce-opt,census,arity,1,,10101,0,0,0,0,0,,,,,,,,,,,,,,complete
bounce-opt,census,callable_kind,procedure,,1,0,0,0,0,0,,,,,,,,,,,,,,complete
bounce-opt,census,callable_kind,method,,100,0,0,0,0,0,,,,,,,,,,,,,,complete
bounce-opt,census,callable_kind,factory,,10000,0,0,0,0,0,,,,,,,,,,,,,,complete
bounce-opt,census,callable_kind,native,,0,0,0,0,0,0,,,,,,,,,,,,,,complete
bounce-opt,census,callable_kind,unknown,,0,0,0,0,0,0,,,,,,,,,,,,,,complete
bounce-opt,census,frame_disposition,fresh,,3,0,0,0,0,0,,,,,,,,,,,,,,complete
bounce-opt,census,frame_disposition,reused,,10098,0,0,0,0,0,,,,,,,,,,,,,,complete
bounce-opt,census,frame_disposition,no_child_native,,0,0,0,0,0,0,,,,,,,,,,,,,,complete
bounce-opt,census,frame_disposition,none_failed,,0,0,0,0,0,0,,,,,,,,,,,,,,complete
bounce-opt,census,call_outcome,success,,10101,0,0,0,0,0,,,,,,,,,,,,,,complete
bounce-opt,census,call_outcome,unresolved,,0,0,0,0,0,0,,,,,,,,,,,,,,complete
bounce-opt,census,call_outcome,frame_failed,,0,0,0,0,0,0,,,,,,,,,,,,,,complete
bounce-opt,census,call_outcome,invalid,,0,0,0,0,0,0,,,,,,,,,,,,,,complete
bounce-opt,return,placement,void,,0,0,0,0,0,0,,,,,,,,,,,,,,complete
bounce-opt,return,placement,ret_reg_move_local,,10100,0,0,0,0,0,,,,,,,,,,,,,,complete
bounce-opt,return,placement,ret_reg_copy_nonlocal,,0,0,0,0,0,0,,,,,,,,,,,,,,complete
bounce-opt,return,placement,value_ignored,,0,0,0,0,0,0,,,,,,,,,,,,,,complete
bounce-opt,return,placement,immediate,,0,0,0,0,0,0,,,,,,,,,,,,,,complete
bounce-opt,return,placement,terminal_external,,1,0,0,0,0,0,,,,,,,,,,,,,,complete
bounce-opt,dynamic,srcmethodsel,attempt,,0,0,0,0,0,0,,,,,,,,,,,,,,complete
bounce-opt,dynamic,srcmethodsel,success,,0,0,0,0,0,0,,,,,,,,,,,,,,complete
bounce-opt,dynamic,srcmethodsel,failure,,0,0,0,0,0,0,,,,,,,,,,,,,,complete
bounce-opt,dynamic,srcfprocsel,attempt,,0,0,0,0,0,0,,,,,,,,,,,,,,complete
bounce-opt,dynamic,srcfprocsel,success,,0,0,0,0,0,0,,,,,,,,,,,,,,complete
bounce-opt,dynamic,srcfprocsel,failure,,0,0,0,0,0,0,,,,,,,,,,,,,,complete
bounce-opt,mechanics,call_window,setup_swaps,,0,0,0,0,0,0,,,,,,,,,,,,,,complete
bounce-opt,mechanics,call_window,normal_restoration_swaps,,0,0,0,0,0,0,,,,,,,,,,,,,,complete
bounce-opt,mechanics,call_window,unclassified_swaps,,0,0,0,0,0,0,,,,,,,,,,,,,,complete
bounce-opt,mechanics,call_window,defensive_argument_copies,,0,0,0,0,0,0,,,,,,,,,,,,,,complete
bounce-opt,mechanics,call_window,unclassified_copies,,10201,0,0,0,0,0,,,,,,,,,,,,,,complete
bounce-opt,mechanics,call_window,attribution_degraded,,0,0,0,0,0,0,,,,,,,,,,,,,,complete
bounce-opt,unwind,signal,events,,0,0,0,0,0,0,,,,,,,,,,,,,,complete
bounce-opt,unwind,signal,bytecode_frames_discarded,,0,0,0,0,0,0,,,,,,,,,,,,,,complete
bounce-opt,unwind,signal,argument_windows_restored,,0,0,0,0,0,0,,,,,,,,,,,,,,complete
bounce-opt,unwind,signal,argument_slots_restored,,0,0,0,0,0,0,,,,,,,,,,,,,,complete
bounce-opt,unwind,signal,interrupted_native_windows_restored,,0,0,0,0,0,0,,,,,,,,,,,,,,complete
bounce-opt,unwind,signal,interrupted_native_slots_restored,,0,0,0,0,0,0,,,,,,,,,,,,,,complete
bounce-opt,unwind,signal,restoration_failures,,0,0,0,0,0,0,,,,,,,,,,,,,,complete
bounce-opt,call,awfy_bounce.main,external_root,0,1,0,0,0,0,0,1,,,,benchmark_awfy_bounce_opt,procedure,,,fresh,success,0,0,0,complete
bounce-opt,call,awfy_bounce.bouncebenchmark.run,direct_bytecode,83,1,0,0,0,0,0,1,,,,benchmark_awfy_bounce_opt,method,,,fresh,success,0,0,0,complete
bounce-opt,call,awfy_bounce.bounceball.§factory,direct_bytecode,749,1,0,0,0,0,0,1,,,,benchmark_awfy_bounce_opt,factory,,,fresh,success,0,0,0,complete
bounce-opt,call,awfy_bounce.bounceball.§factory,direct_bytecode,749,9999,0,0,0,0,0,1,,,,benchmark_awfy_bounce_opt,factory,,,reused,success,0,0,0,complete
bounce-opt,call,awfy_bounce.bouncebenchmark.run,direct_bytecode,83,99,0,0,0,0,0,1,,,,benchmark_awfy_bounce_opt,method,,,reused,success,0,0,0,complete
storage-noopt,status,instructions,complete,,0,0,0,0,0,0,,,,,,,,,,,,,,complete
storage-noopt,status,procedures,complete,,0,0,0,0,0,0,,,,,,,,,,,,,,complete
storage-noopt,status,allocations,complete,,0,0,0,0,0,0,,,,,,,,,,,,,,complete
storage-noopt,status,call_census,complete,,0,0,0,0,0,0,,,,,,,,,,,,,,complete
storage-noopt,status,frame_entry,complete,,0,0,0,0,0,0,,,,,,,,,,,,,,complete
storage-noopt,status,value_operations,complete,,0,0,0,0,0,0,,,,,,,,,,,,,,complete
storage-noopt,status,branch_sites,complete,,0,0,0,0,0,0,,,,,,,,,,,,,,complete
storage-noopt,value_operation,copy,empty,,3574670,0,0,0,0,0,,,,,,,,,,,0,0,,complete
storage-noopt,value_operation,copy,scalar,,3615350,0,0,0,0,0,,,,,,,,,,,0,0,,complete
storage-noopt,value_operation,copy,string,,1,0,0,0,0,0,,,,,,,,,,,2,2,,complete
storage-noopt,value_operation,copy,object,,4193481,0,0,0,0,0,,,,,,,,,,,87745288,80,,complete
storage-noopt,value_operation,integer_copy,scalar,,327640,0,0,0,0,0,,,,,,,,,,,2621120,8,,complete
storage-noopt,value_operation,move,scalar,,95560,0,0,0,0,0,,,,,,,,,,,0,0,,complete
storage-noopt,value_operation,move,object,,109240,0,0,0,0,0,,,,,,,,,,,2621600,24,,complete
storage-noopt,value_operation,clear_contents,empty,,26675162,0,0,0,0,0,,,,,,,,,,,0,0,,complete
storage-noopt,value_operation,clear_contents,scalar,,2035870,0,0,0,0,0,,,,,,,,,,,0,0,,complete
storage-noopt,value_operation,clear_contents,string,,5,0,0,0,0,0,,,,,,,,,,,59,49,,complete
storage-noopt,value_operation,clear_contents,object,,2305783,0,0,0,0,0,,,,,,,,,,,49054568,80,,complete
storage-noopt,value_operation,reset_reuse,empty,,1529946,0,0,0,0,0,,,,,,,,,,,0,0,,complete
storage-noopt,value_operation,reset_reuse,scalar,,1217870,0,0,0,0,0,,,,,,,,,,,0,0,,complete
storage-noopt,value_operation,reset_reuse,object,,1388132,0,0,0,0,0,,,,,,,,,,,27948016,80,,complete
storage-noopt,value_operation,destroy,empty,,26226587,0,0,0,0,0,,,,,,,,,,,0,0,,complete
storage-noopt,value_operation,destroy,scalar,,2035870,0,0,0,0,0,,,,,,,,,,,0,0,,complete
storage-noopt,value_operation,destroy,string,,5,0,0,0,0,0,,,,,,,,,,,59,49,,complete
storage-noopt,value_operation,destroy,object,,2305783,0,0,0,0,0,,,,,,,,,,,49054568,80,,complete
storage-noopt,value_operation,clear,empty,,149,0,0,0,0,0,,,,,,,,,,,0,0,,complete
storage-noopt,value_operation,clear,scalar,,56,0,0,0,0,0,,,,,,,,,,,0,0,,complete
storage-noopt,value_operation,clear,string,,3,0,0,0,0,0,,,,,,,,,,,55,49,,complete
storage-noopt,value_operation,clear,object,,13,0,0,0,0,0,,,,,,,,,,,256,24,,complete
storage-noopt,frame_entry,local_relink,fresh,165,17,0,0,0,0,0,,,,,,,,,,,,,,complete
storage-noopt,frame_entry,local_relink,reused,2812296,341324,0,0,0,0,0,,,,,,,,,,,,,,complete
storage-noopt,frame_entry,global_relink,fresh,0,17,0,0,0,0,0,,,,,,,,,,,,,,complete
storage-noopt,frame_entry,global_relink,reused,0,341324,0,0,0,0,0,,,,,,,,,,,,,,complete
storage-noopt,frame_entry,argument_count_reset,fresh,17,17,0,0,0,0,0,,,,,,,,,,,,,,complete
storage-noopt,frame_entry,argument_count_reset,reused,341324,341324,0,0,0,0,0,,,,,,,,,,,,,,complete
storage-noopt,frame_entry,inherited_context,fresh,16,16,0,0,0,0,0,,,,,,,,,,,,,,complete
storage-noopt,frame_entry,inherited_context,reused,341324,341324,0,0,0,0,0,,,,,,,,,,,,,,complete
storage-noopt,frame_entry,root_context,fresh,1,1,0,0,0,0,0,,,,,,,,,,,,,,complete
storage-noopt,frame_entry,finalize,fresh,17,17,0,0,0,0,0,,,,,,,,,,,,,,complete
storage-noopt,frame_entry,finalize,reused,341324,341324,0,0,0,0,0,,,,,,,,,,,,,,complete
storage-noopt,branch,BRTPANDT_ID_REG_INT,,4,1,0,0,0,0,0,0,1,0,0,benchmark_awfy_storage_noopt,branch_site,,,,,,,,complete
storage-noopt,branch,BR_ID,,11,1,0,0,0,0,0,1,0,0,0,benchmark_awfy_storage_noopt,branch_site,,,,,,,,complete
storage-noopt,branch,BRF_ID_REG,,27,1,0,0,0,0,0,0,1,0,0,benchmark_awfy_storage_noopt,branch_site,,,,,,,,complete
storage-noopt,branch,BRF_ID_REG,,43,1,0,0,0,0,0,1,0,0,0,benchmark_awfy_storage_noopt,branch_site,,,,,,,,complete
storage-noopt,branch,BRT_ID_REG,,68,11,0,0,0,0,0,1,10,0,0,benchmark_awfy_storage_noopt,branch_site,,,,,,,,complete
storage-noopt,branch,BRF_ID_REG,,295,54610,0,0,0,0,0,13650,40960,0,0,benchmark_awfy_storage_noopt,branch_site,,,,,,,,complete
storage-noopt,branch,BRT_ID_REG,,340,68250,0,0,0,0,0,13650,54600,0,0,benchmark_awfy_storage_noopt,branch_site,,,,,,,,complete
storage-noopt,branch,BRTPANDT_ID_REG_INT,,4,95560,0,0,0,0,0,40960,54600,0,0,objectarrayappend,branch_site,,,,,,,,complete
storage-noopt,branch,BRF_ID_REG,,33,95560,0,0,0,0,0,95560,0,0,0,objectarrayappend,branch_site,,,,,,,,complete
storage-noopt,branch,BRF_ID_REG,,43,95560,0,0,0,0,0,95560,0,0,0,objectarrayappend,branch_site,,,,,,,,complete
storage-noopt,branch,BCF_ID_REG,,62,374360,0,0,0,0,0,95560,278800,0,0,objectarrayappend,branch_site,,,,,,,,complete
storage-noopt,branch,BR_ID,,79,278800,0,0,0,0,0,278800,0,278800,0,objectarrayappend,branch_site,,,,,,,,complete
storage-noopt,branch,BR_ID,,328,40960,0,0,0,0,0,40960,0,0,0,benchmark_awfy_storage_noopt,branch_site,,,,,,,,complete
storage-noopt,branch,BR_ID,,14,54600,0,0,0,0,0,54600,0,0,0,objectarrayappend,branch_site,,,,,,,,complete
storage-noopt,branch,BR_ID,,372,54600,0,0,0,0,0,54600,0,54600,0,benchmark_awfy_storage_noopt,branch_site,,,,,,,,complete
storage-noopt,branch,BRF_ID_REG,,257,10,0,0,0,0,0,10,0,0,0,benchmark_awfy_storage_noopt,branch_site,,,,,,,,complete
storage-noopt,branch,BRF_ID_REG,,85,10,0,0,0,0,0,10,0,0,0,benchmark_awfy_storage_noopt,branch_site,,,,,,,,complete
storage-noopt,branch,BR_ID,,105,10,0,0,0,0,0,10,0,10,0,benchmark_awfy_storage_noopt,branch_site,,,,,,,,complete
storage-noopt,census,call_path,direct_bytecode,,341340,0,0,0,0,0,,,,,,,,,,,,,,complete
storage-noopt,census,call_path,direct_native,,0,0,0,0,0,0,,,,,,,,,,,,,,complete
storage-noopt,census,call_path,dynamic_bytecode,,0,0,0,0,0,0,,,,,,,,,,,,,,complete
storage-noopt,census,call_path,dynamic_native,,0,0,0,0,0,0,,,,,,,,,,,,,,complete
storage-noopt,census,call_path,external_root,,1,0,0,0,0,0,,,,,,,,,,,,,,complete
storage-noopt,census,call_path,signal_bytecode,,0,0,0,0,0,0,,,,,,,,,,,,,,complete
storage-noopt,census,call_path,signal_native,,0,0,0,0,0,0,,,,,,,,,,,,,,complete
storage-noopt,census,arity,1,,40981,0,0,0,0,0,,,,,,,,,,,,,,complete
storage-noopt,census,arity,0,,54630,0,0,0,0,0,,,,,,,,,,,,,,complete
storage-noopt,census,arity,3,,191130,0,0,0,0,0,,,,,,,,,,,,,,complete
storage-noopt,census,arity,2,,54600,0,0,0,0,0,,,,,,,,,,,,,,complete
storage-noopt,census,callable_kind,procedure,,95561,0,0,0,0,0,,,,,,,,,,,,,,complete
storage-noopt,census,callable_kind,method,,191150,0,0,0,0,0,,,,,,,,,,,,,,complete
storage-noopt,census,callable_kind,factory,,54630,0,0,0,0,0,,,,,,,,,,,,,,complete
storage-noopt,census,callable_kind,native,,0,0,0,0,0,0,,,,,,,,,,,,,,complete
storage-noopt,census,callable_kind,unknown,,0,0,0,0,0,0,,,,,,,,,,,,,,complete
storage-noopt,census,frame_disposition,fresh,,17,0,0,0,0,0,,,,,,,,,,,,,,complete
storage-noopt,census,frame_disposition,reused,,341324,0,0,0,0,0,,,,,,,,,,,,,,complete
storage-noopt,census,frame_disposition,no_child_native,,0,0,0,0,0,0,,,,,,,,,,,,,,complete
storage-noopt,census,frame_disposition,none_failed,,0,0,0,0,0,0,,,,,,,,,,,,,,complete
storage-noopt,census,call_outcome,success,,341341,0,0,0,0,0,,,,,,,,,,,,,,complete
storage-noopt,census,call_outcome,unresolved,,0,0,0,0,0,0,,,,,,,,,,,,,,complete
storage-noopt,census,call_outcome,frame_failed,,0,0,0,0,0,0,,,,,,,,,,,,,,complete
storage-noopt,census,call_outcome,invalid,,0,0,0,0,0,0,,,,,,,,,,,,,,complete
storage-noopt,return,placement,void,,95560,0,0,0,0,0,,,,,,,,,,,,,,complete
storage-noopt,return,placement,ret_reg_move_local,,204800,0,0,0,0,0,,,,,,,,,,,,,,complete
storage-noopt,return,placement,ret_reg_copy_nonlocal,,40980,0,0,0,0,0,,,,,,,,,,,,,,complete
storage-noopt,return,placement,value_ignored,,0,0,0,0,0,0,,,,,,,,,,,,,,complete
storage-noopt,return,placement,immediate,,0,0,0,0,0,0,,,,,,,,,,,,,,complete
storage-noopt,return,placement,terminal_external,,1,0,0,0,0,0,,,,,,,,,,,,,,complete
storage-noopt,dynamic,srcmethodsel,attempt,,0,0,0,0,0,0,,,,,,,,,,,,,,complete
storage-noopt,dynamic,srcmethodsel,success,,0,0,0,0,0,0,,,,,,,,,,,,,,complete
storage-noopt,dynamic,srcmethodsel,failure,,0,0,0,0,0,0,,,,,,,,,,,,,,complete
storage-noopt,dynamic,srcfprocsel,attempt,,0,0,0,0,0,0,,,,,,,,,,,,,,complete
storage-noopt,dynamic,srcfprocsel,success,,0,0,0,0,0,0,,,,,,,,,,,,,,complete
storage-noopt,dynamic,srcfprocsel,failure,,0,0,0,0,0,0,,,,,,,,,,,,,,complete
storage-noopt,mechanics,call_window,setup_swaps,,177480,0,0,0,0,0,,,,,,,,,,,,,,complete
storage-noopt,mechanics,call_window,normal_restoration_swaps,,177480,0,0,0,0,0,,,,,,,,,,,,,,complete
storage-noopt,mechanics,call_window,unclassified_swaps,,0,0,0,0,0,0,,,,,,,,,,,,,,complete
storage-noopt,mechanics,call_window,defensive_argument_copies,,54600,0,0,0,0,0,,,,,,,,,,,,,,complete
storage-noopt,mechanics,call_window,unclassified_copies,,319761,0,0,0,0,0,,,,,,,,,,,,,,complete
storage-noopt,mechanics,call_window,attribution_degraded,,0,0,0,0,0,0,,,,,,,,,,,,,,complete
storage-noopt,unwind,signal,events,,0,0,0,0,0,0,,,,,,,,,,,,,,complete
storage-noopt,unwind,signal,bytecode_frames_discarded,,0,0,0,0,0,0,,,,,,,,,,,,,,complete
storage-noopt,unwind,signal,argument_windows_restored,,0,0,0,0,0,0,,,,,,,,,,,,,,complete
storage-noopt,unwind,signal,argument_slots_restored,,0,0,0,0,0,0,,,,,,,,,,,,,,complete
storage-noopt,unwind,signal,interrupted_native_windows_restored,,0,0,0,0,0,0,,,,,,,,,,,,,,complete
storage-noopt,unwind,signal,interrupted_native_slots_restored,,0,0,0,0,0,0,,,,,,,,,,,,,,complete
storage-noopt,unwind,signal,restoration_failures,,0,0,0,0,0,0,,,,,,,,,,,,,,complete
storage-noopt,call,awfy_storage.main,external_root,0,1,0,0,0,0,0,1,,,,benchmark_awfy_storage_noopt,procedure,,,fresh,success,0,0,0,complete
storage-noopt,call,awfy_storage.storagebenchmark.§factory,direct_bytecode,71,1,0,0,0,0,0,0,,,,benchmark_awfy_storage_noopt,factory,,,fresh,success,0,0,0,complete
storage-noopt,call,awfy_storage.storagebenchmark.run,direct_bytecode,77,1,0,0,0,0,0,1,,,,benchmark_awfy_storage_noopt,method,,,fresh,success,0,0,0,complete
storage-noopt,call,awfy_storage.storagerandom.§factory,direct_bytecode,221,1,0,0,0,0,0,0,,,,benchmark_awfy_storage_noopt,factory,,,fresh,success,0,0,0,complete
storage-noopt,call,awfy_storage.storagebenchmark.buildtreedepth,direct_bytecode,240,1,0,0,0,0,0,3,,,,benchmark_awfy_storage_noopt,method,,,fresh,success,0,0,0,complete
storage-noopt,call,awfy_storage.storagenode.§factory,direct_bytecode,288,1,0,0,0,0,0,0,,,,benchmark_awfy_storage_noopt,factory,,,fresh,success,0,0,0,complete
storage-noopt,call,awfy_storage.storagebenchmark.buildtreedepth,direct_bytecode,353,6,0,0,0,0,0,3,,,,benchmark_awfy_storage_noopt,method,,,fresh,success,0,0,0,complete
storage-noopt,call,awfy_storage.storagenode.§factory,direct_bytecode,288,54609,0,0,0,0,0,0,,,,benchmark_awfy_storage_noopt,factory,,,reused,success,0,0,0,complete
storage-noopt,call,awfy_storage.storagerandom.next,direct_bytecode,301,1,0,0,0,0,0,1,,,,benchmark_awfy_storage_noopt,method,,,fresh,success,0,0,0,complete
storage-noopt,call,awfy_storage.storagenode.allocateleaf,direct_bytecode,322,1,0,0,0,0,0,3,,,,benchmark_awfy_storage_noopt,method,,,fresh,success,0,0,0,complete
storage-noopt,call,rxfnsb.objectarrayappend,direct_bytecode,419,1,0,0,0,0,0,3,,,,benchmark_awfy_storage_noopt,procedure,,,fresh,success,3,3,0,complete
storage-noopt,call,awfy_storage.storagenode.addchild,direct_bytecode,365,1,0,0,0,0,0,2,,,,benchmark_awfy_storage_noopt,method,,,fresh,success,0,0,0,complete
storage-noopt,call,rxfnsb.objectarrayappend,direct_bytecode,464,54600,0,0,0,0,0,3,,,,benchmark_awfy_storage_noopt,procedure,,,reused,success,54600,54600,54600,complete
storage-noopt,call,awfy_storage.storagebenchmark.buildtreedepth,direct_bytecode,353,54594,0,0,0,0,0,3,,,,benchmark_awfy_storage_noopt,method,,,reused,success,0,0,0,complete
storage-noopt,call,awfy_storage.storagerandom.next,direct_bytecode,301,40959,0,0,0,0,0,1,,,,benchmark_awfy_storage_noopt,method,,,reused,success,0,0,0,complete
storage-noopt,call,awfy_storage.storagenode.allocateleaf,direct_bytecode,322,40959,0,0,0,0,0,3,,,,benchmark_awfy_storage_noopt,method,,,reused,success,0,0,0,complete
storage-noopt,call,rxfnsb.objectarrayappend,direct_bytecode,419,40959,0,0,0,0,0,3,,,,benchmark_awfy_storage_noopt,procedure,,,reused,success,122877,122877,0,complete
storage-noopt,call,awfy_storage.storagenode.addchild,direct_bytecode,365,54599,0,0,0,0,0,2,,,,benchmark_awfy_storage_noopt,method,,,reused,success,0,0,0,complete
storage-noopt,call,awfy_storage.storagenode.size,direct_bytecode,249,1,0,0,0,0,0,1,,,,benchmark_awfy_storage_noopt,method,,,fresh,success,0,0,0,complete
storage-noopt,call,awfy_storage.storagebenchmark.§factory,direct_bytecode,71,9,0,0,0,0,0,0,,,,benchmark_awfy_storage_noopt,factory,,,reused,success,0,0,0,complete
storage-noopt,call,awfy_storage.storagebenchmark.run,direct_bytecode,77,9,0,0,0,0,0,1,,,,benchmark_awfy_storage_noopt,method,,,reused,success,0,0,0,complete
storage-noopt,call,awfy_storage.storagerandom.§factory,direct_bytecode,221,9,0,0,0,0,0,0,,,,benchmark_awfy_storage_noopt,factory,,,reused,success,0,0,0,complete
storage-noopt,call,awfy_storage.storagebenchmark.buildtreedepth,direct_bytecode,240,9,0,0,0,0,0,3,,,,benchmark_awfy_storage_noopt,method,,,reused,success,0,0,0,complete
storage-noopt,call,awfy_storage.storagenode.size,direct_bytecode,249,9,0,0,0,0,0,1,,,,benchmark_awfy_storage_noopt,method,,,reused,success,0,0,0,complete
storage-opt,status,instructions,complete,,0,0,0,0,0,0,,,,,,,,,,,,,,complete
storage-opt,status,procedures,complete,,0,0,0,0,0,0,,,,,,,,,,,,,,complete
storage-opt,status,allocations,complete,,0,0,0,0,0,0,,,,,,,,,,,,,,complete
storage-opt,status,call_census,complete,,0,0,0,0,0,0,,,,,,,,,,,,,,complete
storage-opt,status,frame_entry,complete,,0,0,0,0,0,0,,,,,,,,,,,,,,complete
storage-opt,status,value_operations,complete,,0,0,0,0,0,0,,,,,,,,,,,,,,complete
storage-opt,status,branch_sites,complete,,0,0,0,0,0,0,,,,,,,,,,,,,,complete
storage-opt,value_operation,copy,empty,,4378100,0,0,0,0,0,,,,,,,,,,,0,0,,complete
storage-opt,value_operation,copy,scalar,,4213900,0,0,0,0,0,,,,,,,,,,,0,0,,complete
storage-opt,value_operation,copy,string,,1,0,0,0,0,0,,,,,,,,,,,2,2,,complete
storage-opt,value_operation,copy,object,,4996871,0,0,0,0,0,,,,,,,,,,,104623448,80,,complete
storage-opt,value_operation,integer_copy,scalar,,327640,0,0,0,0,0,,,,,,,,,,,2621120,8,,complete
storage-opt,value_operation,move,scalar,,95560,0,0,0,0,0,,,,,,,,,,,0,0,,complete
storage-opt,value_operation,move,object,,54600,0,0,0,0,0,,,,,,,,,,,1310400,24,,complete
storage-opt,value_operation,clear_contents,empty,,19254365,0,0,0,0,0,,,,,,,,,,,0,0,,complete
storage-opt,value_operation,clear_contents,scalar,,1843001,0,0,0,0,0,,,,,,,,,,,0,0,,complete
storage-opt,value_operation,clear_contents,string,,5,0,0,0,0,0,,,,,,,,,,,59,49,,complete
storage-opt,value_operation,clear_contents,object,,2075143,0,0,0,0,0,,,,,,,,,,,44123584,80,,complete
storage-opt,value_operation,reset_reuse,empty,,920831,0,0,0,0,0,,,,,,,,,,,0,0,,complete
storage-opt,value_operation,reset_reuse,scalar,,642013,0,0,0,0,0,,,,,,,,,,,0,0,,complete
storage-opt,value_operation,reset_reuse,object,,691162,0,0,0,0,0,,,,,,,,,,,12672544,80,,complete
storage-opt,value_operation,destroy,empty,,18823298,0,0,0,0,0,,,,,,,,,,,0,0,,complete
storage-opt,value_operation,destroy,scalar,,1843001,0,0,0,0,0,,,,,,,,,,,0,0,,complete
storage-opt,value_operation,destroy,string,,5,0,0,0,0,0,,,,,,,,,,,59,49,,complete
storage-opt,value_operation,destroy,object,,2075143,0,0,0,0,0,,,,,,,,,,,44123584,80,,complete
storage-opt,value_operation,clear,empty,,139,0,0,0,0,0,,,,,,,,,,,0,0,,complete
storage-opt,value_operation,clear,scalar,,59,0,0,0,0,0,,,,,,,,,,,0,0,,complete
storage-opt,value_operation,clear,string,,3,0,0,0,0,0,,,,,,,,,,,55,49,,complete
storage-opt,value_operation,clear,object,,30,0,0,0,0,0,,,,,,,,,,,640,24,,complete
storage-opt,frame_entry,local_relink,fresh,182,10,0,0,0,0,0,,,,,,,,,,,,,,complete
storage-opt,frame_entry,local_relink,reused,2375319,191121,0,0,0,0,0,,,,,,,,,,,,,,complete
storage-opt,frame_entry,global_relink,fresh,0,10,0,0,0,0,0,,,,,,,,,,,,,,complete
storage-opt,frame_entry,global_relink,reused,0,191121,0,0,0,0,0,,,,,,,,,,,,,,complete
storage-opt,frame_entry,argument_count_reset,fresh,10,10,0,0,0,0,0,,,,,,,,,,,,,,complete
storage-opt,frame_entry,argument_count_reset,reused,191121,191121,0,0,0,0,0,,,,,,,,,,,,,,complete
storage-opt,frame_entry,inherited_context,fresh,9,9,0,0,0,0,0,,,,,,,,,,,,,,complete
storage-opt,frame_entry,inherited_context,reused,191121,191121,0,0,0,0,0,,,,,,,,,,,,,,complete
storage-opt,frame_entry,root_context,fresh,1,1,0,0,0,0,0,,,,,,,,,,,,,,complete
storage-opt,frame_entry,finalize,fresh,10,10,0,0,0,0,0,,,,,,,,,,,,,,complete
storage-opt,frame_entry,finalize,reused,191121,191121,0,0,0,0,0,,,,,,,,,,,,,,complete
storage-opt,branch,BRTPANDT_ID_REG_INT,,4,1,0,0,0,0,0,0,1,0,0,benchmark_awfy_storage_opt,branch_site,,,,,,,,complete
storage-opt,branch,BR_ID,,11,1,0,0,0,0,0,1,0,0,0,benchmark_awfy_storage_opt,branch_site,,,,,,,,complete
storage-opt,branch,BRF_ID_REG,,27,1,0,0,0,0,0,0,1,0,0,benchmark_awfy_storage_opt,branch_site,,,,,,,,complete
storage-opt,branch,BRF_ID_REG,,43,1,0,0,0,0,0,1,0,0,0,benchmark_awfy_storage_opt,branch_site,,,,,,,,complete
storage-opt,branch,BRT_ID_REG,,68,11,0,0,0,0,0,1,10,0,0,benchmark_awfy_storage_opt,branch_site,,,,,,,,complete
storage-opt,branch,BRT_ID_REG,,290,50,0,0,0,0,0,10,40,0,0,benchmark_awfy_storage_opt,branch_site,,,,,,,,complete
storage-opt,branch,BRF_ID_REG,,410,54600,0,0,0,0,0,13640,40960,0,0,benchmark_awfy_storage_opt,branch_site,,,,,,,,complete
storage-opt,branch,BRT_ID_REG,,485,68200,0,0,0,0,0,13640,54560,0,0,benchmark_awfy_storage_opt,branch_site,,,,,,,,complete
storage-opt,branch,BR_ID,,448,40960,0,0,0,0,0,40960,0,0,0,benchmark_awfy_storage_opt,branch_site,,,,,,,,complete
storage-opt,branch,BRTPANDT_ID_REG_INT,,4,95560,0,0,0,0,0,40960,54600,0,0,objectarrayappend,branch_site,,,,,,,,complete
storage-opt,branch,BRF_ID_REG,,33,95560,0,0,0,0,0,95560,0,0,0,objectarrayappend,branch_site,,,,,,,,complete
storage-opt,branch,BRF_ID_REG,,43,95560,0,0,0,0,0,95560,0,0,0,objectarrayappend,branch_site,,,,,,,,complete
storage-opt,branch,BCF_ID_REG,,62,374360,0,0,0,0,0,95560,278800,0,0,objectarrayappend,branch_site,,,,,,,,complete
storage-opt,branch,BR_ID,,79,278800,0,0,0,0,0,278800,0,278800,0,objectarrayappend,branch_site,,,,,,,,complete
storage-opt,branch,BR_ID,,473,40960,0,0,0,0,0,40960,0,0,0,benchmark_awfy_storage_opt,branch_site,,,,,,,,complete
storage-opt,branch,BR_ID,,14,54600,0,0,0,0,0,54600,0,0,0,objectarrayappend,branch_site,,,,,,,,complete
storage-opt,branch,BCTP_ID_REG,,534,54560,0,0,0,0,0,54560,0,54560,0,benchmark_awfy_storage_opt,branch_site,,,,,,,,complete
storage-opt,branch,BR_ID,,339,40,0,0,0,0,0,40,0,40,0,benchmark_awfy_storage_opt,branch_site,,,,,,,,complete
storage-opt,branch,BR_ID,,356,10,0,0,0,0,0,10,0,0,0,benchmark_awfy_storage_opt,branch_site,,,,,,,,complete
storage-opt,branch,BNE_ID_REG_INT,,358,10,0,0,0,0,0,10,0,0,0,benchmark_awfy_storage_opt,branch_site,,,,,,,,complete
storage-opt,branch,BRF_ID_REG,,98,10,0,0,0,0,0,10,0,0,0,benchmark_awfy_storage_opt,branch_site,,,,,,,,complete
storage-opt,branch,BCTP_ID_REG,,123,10,0,0,0,0,0,10,0,10,0,benchmark_awfy_storage_opt,branch_site,,,,,,,,complete
storage-opt,census,call_path,direct_bytecode,,191130,0,0,0,0,0,,,,,,,,,,,,,,complete
storage-opt,census,call_path,direct_native,,0,0,0,0,0,0,,,,,,,,,,,,,,complete
storage-opt,census,call_path,dynamic_bytecode,,0,0,0,0,0,0,,,,,,,,,,,,,,complete
storage-opt,census,call_path,dynamic_native,,0,0,0,0,0,0,,,,,,,,,,,,,,complete
storage-opt,census,call_path,external_root,,1,0,0,0,0,0,,,,,,,,,,,,,,complete
storage-opt,census,call_path,signal_bytecode,,0,0,0,0,0,0,,,,,,,,,,,,,,complete
storage-opt,census,call_path,signal_native,,0,0,0,0,0,0,,,,,,,,,,,,,,complete
storage-opt,census,arity,1,,11,0,0,0,0,0,,,,,,,,,,,,,,complete
storage-opt,census,arity,3,,191120,0,0,0,0,0,,,,,,,,,,,,,,complete
storage-opt,census,callable_kind,procedure,,95561,0,0,0,0,0,,,,,,,,,,,,,,complete
storage-opt,census,callable_kind,method,,95570,0,0,0,0,0,,,,,,,,,,,,,,complete
storage-opt,census,callable_kind,factory,,0,0,0,0,0,0,,,,,,,,,,,,,,complete
storage-opt,census,callable_kind,native,,0,0,0,0,0,0,,,,,,,,,,,,,,complete
storage-opt,census,callable_kind,unknown,,0,0,0,0,0,0,,,,,,,,,,,,,,complete
storage-opt,census,frame_disposition,fresh,,10,0,0,0,0,0,,,,,,,,,,,,,,complete
storage-opt,census,frame_disposition,reused,,191121,0,0,0,0,0,,,,,,,,,,,,,,complete
storage-opt,census,frame_disposition,no_child_native,,0,0,0,0,0,0,,,,,,,,,,,,,,complete
storage-opt,census,frame_disposition,none_failed,,0,0,0,0,0,0,,,,,,,,,,,,,,complete
storage-opt,census,call_outcome,success,,191131,0,0,0,0,0,,,,,,,,,,,,,,complete
storage-opt,census,call_outcome,unresolved,,0,0,0,0,0,0,,,,,,,,,,,,,,complete
storage-opt,census,call_outcome,frame_failed,,0,0,0,0,0,0,,,,,,,,,,,,,,complete
storage-opt,census,call_outcome,invalid,,0,0,0,0,0,0,,,,,,,,,,,,,,complete
storage-opt,return,placement,void,,40960,0,0,0,0,0,,,,,,,,,,,,,,complete
storage-opt,return,placement,ret_reg_move_local,,150160,0,0,0,0,0,,,,,,,,,,,,,,complete
storage-opt,return,placement,ret_reg_copy_nonlocal,,10,0,0,0,0,0,,,,,,,,,,,,,,complete
storage-opt,return,placement,value_ignored,,0,0,0,0,0,0,,,,,,,,,,,,,,complete
storage-opt,return,placement,immediate,,0,0,0,0,0,0,,,,,,,,,,,,,,complete
storage-opt,return,placement,terminal_external,,1,0,0,0,0,0,,,,,,,,,,,,,,complete
storage-opt,dynamic,srcmethodsel,attempt,,0,0,0,0,0,0,,,,,,,,,,,,,,complete
storage-opt,dynamic,srcmethodsel,success,,0,0,0,0,0,0,,,,,,,,,,,,,,complete
storage-opt,dynamic,srcmethodsel,failure,,0,0,0,0,0,0,,,,,,,,,,,,,,complete
storage-opt,dynamic,srcfprocsel,attempt,,0,0,0,0,0,0,,,,,,,,,,,,,,complete
storage-opt,dynamic,srcfprocsel,success,,0,0,0,0,0,0,,,,,,,,,,,,,,complete
storage-opt,dynamic,srcfprocsel,failure,,0,0,0,0,0,0,,,,,,,,,,,,,,complete
storage-opt,mechanics,call_window,setup_swaps,,177480,0,0,0,0,0,,,,,,,,,,,,,,complete
storage-opt,mechanics,call_window,normal_restoration_swaps,,177480,0,0,0,0,0,,,,,,,,,,,,,,complete
storage-opt,mechanics,call_window,unclassified_swaps,,0,0,0,0,0,0,,,,,,,,,,,,,,complete
storage-opt,mechanics,call_window,defensive_argument_copies,,54600,0,0,0,0,0,,,,,,,,,,,,,,complete
storage-opt,mechanics,call_window,unclassified_copies,,456331,0,0,0,0,0,,,,,,,,,,,,,,complete
storage-opt,mechanics,call_window,attribution_degraded,,0,0,0,0,0,0,,,,,,,,,,,,,,complete
storage-opt,unwind,signal,events,,0,0,0,0,0,0,,,,,,,,,,,,,,complete
storage-opt,unwind,signal,bytecode_frames_discarded,,0,0,0,0,0,0,,,,,,,,,,,,,,complete
storage-opt,unwind,signal,argument_windows_restored,,0,0,0,0,0,0,,,,,,,,,,,,,,complete
storage-opt,unwind,signal,argument_slots_restored,,0,0,0,0,0,0,,,,,,,,,,,,,,complete
storage-opt,unwind,signal,interrupted_native_windows_restored,,0,0,0,0,0,0,,,,,,,,,,,,,,complete
storage-opt,unwind,signal,interrupted_native_slots_restored,,0,0,0,0,0,0,,,,,,,,,,,,,,complete
storage-opt,unwind,signal,restoration_failures,,0,0,0,0,0,0,,,,,,,,,,,,,,complete
storage-opt,call,awfy_storage.main,external_root,0,1,0,0,0,0,0,1,,,,benchmark_awfy_storage_opt,procedure,,,fresh,success,0,0,0,complete
storage-opt,call,awfy_storage.storagebenchmark.run,direct_bytecode,90,1,0,0,0,0,0,1,,,,benchmark_awfy_storage_opt,method,,,fresh,success,0,0,0,complete
storage-opt,call,awfy_storage.storagebenchmark.buildtreedepth,direct_bytecode,302,1,0,0,0,0,0,3,,,,benchmark_awfy_storage_opt,method,,,fresh,success,0,0,0,complete
storage-opt,call,awfy_storage.storagebenchmark.buildtreedepth,direct_bytecode,498,5,0,0,0,0,0,3,,,,benchmark_awfy_storage_opt,method,,,fresh,success,0,0,0,complete
storage-opt,call,awfy_storage.storagenode.allocateleaf,direct_bytecode,467,1,0,0,0,0,0,3,,,,benchmark_awfy_storage_opt,method,,,fresh,success,0,0,0,complete
storage-opt,call,rxfnsb.objectarrayappend,direct_bytecode,579,1,0,0,0,0,0,3,,,,benchmark_awfy_storage_opt,procedure,,,fresh,success,3,3,0,complete
storage-opt,call,rxfnsb.objectarrayappend,direct_bytecode,519,54560,0,0,0,0,0,3,,,,benchmark_awfy_storage_opt,procedure,,,reused,success,54560,54560,54560,complete
storage-opt,call,awfy_storage.storagebenchmark.buildtreedepth,direct_bytecode,498,54555,0,0,0,0,0,3,,,,benchmark_awfy_storage_opt,method,,,reused,success,0,0,0,complete
storage-opt,call,awfy_storage.storagenode.allocateleaf,direct_bytecode,467,40959,0,0,0,0,0,3,,,,benchmark_awfy_storage_opt,method,,,reused,success,0,0,0,complete
storage-opt,call,rxfnsb.objectarrayappend,direct_bytecode,579,40959,0,0,0,0,0,3,,,,benchmark_awfy_storage_opt,procedure,,,reused,success,122877,122877,0,complete
storage-opt,call,rxfnsb.objectarrayappend,direct_bytecode,323,40,0,0,0,0,0,3,,,,benchmark_awfy_storage_opt,procedure,,,reused,success,40,40,40,complete
storage-opt,call,awfy_storage.storagebenchmark.buildtreedepth,direct_bytecode,302,39,0,0,0,0,0,3,,,,benchmark_awfy_storage_opt,method,,,reused,success,0,0,0,complete
storage-opt,call,awfy_storage.storagebenchmark.run,direct_bytecode,90,9,0,0,0,0,0,1,,,,benchmark_awfy_storage_opt,method,,,reused,success,0,0,0,complete
list-noopt,status,instructions,complete,,0,0,0,0,0,0,,,,,,,,,,,,,,complete
list-noopt,status,procedures,complete,,0,0,0,0,0,0,,,,,,,,,,,,,,complete
list-noopt,status,allocations,complete,,0,0,0,0,0,0,,,,,,,,,,,,,,complete
list-noopt,status,call_census,complete,,0,0,0,0,0,0,,,,,,,,,,,,,,complete
list-noopt,status,frame_entry,complete,,0,0,0,0,0,0,,,,,,,,,,,,,,complete
list-noopt,status,value_operations,complete,,0,0,0,0,0,0,,,,,,,,,,,,,,complete
list-noopt,status,branch_sites,complete,,0,0,0,0,0,0,,,,,,,,,,,,,,complete
list-noopt,value_operation,copy,empty,,341300,0,0,0,0,0,,,,,,,,,,,0,0,,complete
list-noopt,value_operation,copy,scalar,,3100,0,0,0,0,0,,,,,,,,,,,0,0,,complete
list-noopt,value_operation,copy,string,,1,0,0,0,0,0,,,,,,,,,,,3,3,,complete
list-noopt,value_operation,copy,reference,,4260800,0,0,0,0,0,,,,,,,,,,,0,0,,complete
list-noopt,value_operation,copy,object,,3101,0,0,0,0,0,,,,,,,,,,,74408,24,,complete
list-noopt,value_operation,move,empty,,211000,0,0,0,0,0,,,,,,,,,,,0,0,,complete
list-noopt,value_operation,move,scalar,,71200,0,0,0,0,0,,,,,,,,,,,0,0,,complete
list-noopt,value_operation,move,reference,,76400,0,0,0,0,0,,,,,,,,,,,0,0,,complete
list-noopt,value_operation,move,object,,3300,0,0,0,0,0,,,,,,,,,,,76800,24,,complete
list-noopt,value_operation,clear_contents,empty,,345492,0,0,0,0,0,,,,,,,,,,,0,0,,complete
list-noopt,value_operation,clear_contents,scalar,,73740,0,0,0,0,0,,,,,,,,,,,0,0,,complete
list-noopt,value_operation,clear_contents,string,,5,0,0,0,0,0,,,,,,,,,,,56,45,,complete
list-noopt,value_operation,clear_contents,reference,,223,0,0,0,0,0,,,,,,,,,,,0,0,,complete
list-noopt,value_operation,clear_contents,object,,3136,0,0,0,0,0,,,,,,,,,,,75432,248,,complete
list-noopt,value_operation,reset_reuse,empty,,3465,0,0,0,0,0,,,,,,,,,,,0,0,,complete
list-noopt,value_operation,reset_reuse,scalar,,5940,0,0,0,0,0,,,,,,,,,,,0,0,,complete
list-noopt,value_operation,reset_reuse,object,,3168,0,0,0,0,0,,,,,,,,,,,98208,248,,complete
list-noopt,value_operation,destroy,empty,,339591,0,0,0,0,0,,,,,,,,,,,0,0,,complete
list-noopt,value_operation,destroy,scalar,,73641,0,0,0,0,0,,,,,,,,,,,0,0,,complete
list-noopt,value_operation,destroy,string,,5,0,0,0,0,0,,,,,,,,,,,56,45,,complete
list-noopt,value_operation,destroy,reference,,23,0,0,0,0,0,,,,,,,,,,,0,0,,complete
list-noopt,value_operation,destroy,object,,3136,0,0,0,0,0,,,,,,,,,,,75432,248,,complete
list-noopt,value_operation,clear,empty,,765,0,0,0,0,0,,,,,,,,,,,0,0,,complete
list-noopt,value_operation,clear,scalar,,84,0,0,0,0,0,,,,,,,,,,,0,0,,complete
list-noopt,value_operation,clear,string,,3,0,0,0,0,0,,,,,,,,,,,50,45,,complete
list-noopt,value_operation,clear,reference,,23,0,0,0,0,0,,,,,,,,,,,0,0,,complete
list-noopt,value_operation,clear,object,,5,0,0,0,0,0,,,,,,,,,,,64,24,,complete
list-noopt,frame_entry,local_relink,fresh,793,48,0,0,0,0,0,,,,,,,,,,,,,,complete
list-noopt,frame_entry,local_relink,reused,23940318,4396053,0,0,0,0,0,,,,,,,,,,,,,,complete
list-noopt,frame_entry,global_relink,fresh,0,48,0,0,0,0,0,,,,,,,,,,,,,,complete
list-noopt,frame_entry,global_relink,reused,0,4396053,0,0,0,0,0,,,,,,,,,,,,,,complete
list-noopt,frame_entry,argument_count_reset,fresh,48,48,0,0,0,0,0,,,,,,,,,,,,,,complete
list-noopt,frame_entry,argument_count_reset,reused,4396053,4396053,0,0,0,0,0,,,,,,,,,,,,,,complete
list-noopt,frame_entry,inherited_context,fresh,47,47,0,0,0,0,0,,,,,,,,,,,,,,complete
list-noopt,frame_entry,inherited_context,reused,4396053,4396053,0,0,0,0,0,,,,,,,,,,,,,,complete
list-noopt,frame_entry,root_context,fresh,1,1,0,0,0,0,0,,,,,,,,,,,,,,complete
list-noopt,frame_entry,finalize,fresh,48,48,0,0,0,0,0,,,,,,,,,,,,,,complete
list-noopt,frame_entry,finalize,reused,4396053,4396053,0,0,0,0,0,,,,,,,,,,,,,,complete
list-noopt,branch,BRTPANDT_ID_REG_INT,,4,1,0,0,0,0,0,0,1,0,0,benchmark_awfy_list_noopt,branch_site,,,,,,,,complete
list-noopt,branch,BR_ID,,11,1,0,0,0,0,0,1,0,0,0,benchmark_awfy_list_noopt,branch_site,,,,,,,,complete
list-noopt,branch,BRF_ID_REG,,27,1,0,0,0,0,0,0,1,0,0,benchmark_awfy_list_noopt,branch_site,,,,,,,,complete
list-noopt,branch,BRF_ID_REG,,43,1,0,0,0,0,0,1,0,0,0,benchmark_awfy_list_noopt,branch_site,,,,,,,,complete
list-noopt,branch,BRT_ID_REG,,68,101,0,0,0,0,0,1,100,0,0,benchmark_awfy_list_noopt,branch_site,,,,,,,,complete
list-noopt,branch,BRF_ID_REG,,454,3400,0,0,0,0,0,3100,300,0,0,benchmark_awfy_list_noopt,branch_site,,,,,,,,complete
list-noopt,branch,BRF_ID_REG,,500,3100,0,0,0,0,0,300,2800,0,0,benchmark_awfy_list_noopt,branch_site,,,,,,,,complete
list-noopt,branch,BRF_ID_REG,,535,2085900,0,0,0,0,0,210700,1875200,0,0,benchmark_awfy_list_noopt,branch_site,,,,,,,,complete
list-noopt,branch,BRF_ID_REG,,547,1875200,0,0,0,0,0,1805000,70200,0,0,benchmark_awfy_list_noopt,branch_site,,,,,,,,complete
list-noopt,branch,BR_ID,,579,1805000,0,0,0,0,0,1805000,0,1805000,0,benchmark_awfy_list_noopt,branch_site,,,,,,,,complete
list-noopt,branch,BRF_ID_REG,,626,280900,0,0,0,0,0,210700,70200,0,0,benchmark_awfy_list_noopt,branch_site,,,,,,,,complete
list-noopt,branch,BRF_ID_REG,,180,1000,0,0,0,0,0,900,100,0,0,benchmark_awfy_list_noopt,branch_site,,,,,,,,complete
list-noopt,branch,BRF_ID_REG,,85,100,0,0,0,0,0,100,0,0,0,benchmark_awfy_list_noopt,branch_site,,,,,,,,complete
list-noopt,branch,BR_ID,,105,100,0,0,0,0,0,100,0,100,0,benchmark_awfy_list_noopt,branch_site,,,,,,,,complete
list-noopt,census,call_path,direct_bytecode,,4396100,0,0,0,0,0,,,,,,,,,,,,,,complete
list-noopt,census,call_path,direct_native,,0,0,0,0,0,0,,,,,,,,,,,,,,complete
list-noopt,census,call_path,dynamic_bytecode,,0,0,0,0,0,0,,,,,,,,,,,,,,complete
list-noopt,census,call_path,dynamic_native,,0,0,0,0,0,0,,,,,,,,,,,,,,complete
list-noopt,census,call_path,external_root,,1,0,0,0,0,0,,,,,,,,,,,,,,complete
list-noopt,census,call_path,signal_bytecode,,0,0,0,0,0,0,,,,,,,,,,,,,,complete
list-noopt,census,call_path,signal_native,,0,0,0,0,0,0,,,,,,,,,,,,,,complete
list-noopt,census,arity,1,,3824801,0,0,0,0,0,,,,,,,,,,,,,,complete
list-noopt,census,arity,0,,200,0,0,0,0,0,,,,,,,,,,,,,,complete
list-noopt,census,arity,3,,284300,0,0,0,0,0,,,,,,,,,,,,,,complete
list-noopt,census,arity,2,,5900,0,0,0,0,0,,,,,,,,,,,,,,complete
list-noopt,census,arity,4,,280900,0,0,0,0,0,,,,,,,,,,,,,,complete
list-noopt,census,callable_kind,procedure,,1,0,0,0,0,0,,,,,,,,,,,,,,complete
list-noopt,census,callable_kind,method,,4392800,0,0,0,0,0,,,,,,,,,,,,,,complete
list-noopt,census,callable_kind,factory,,3300,0,0,0,0,0,,,,,,,,,,,,,,complete
list-noopt,census,callable_kind,native,,0,0,0,0,0,0,,,,,,,,,,,,,,complete
list-noopt,census,callable_kind,unknown,,0,0,0,0,0,0,,,,,,,,,,,,,,complete
list-noopt,census,frame_disposition,fresh,,48,0,0,0,0,0,,,,,,,,,,,,,,complete
list-noopt,census,frame_disposition,reused,,4396053,0,0,0,0,0,,,,,,,,,,,,,,complete
list-noopt,census,frame_disposition,no_child_native,,0,0,0,0,0,0,,,,,,,,,,,,,,complete
list-noopt,census,frame_disposition,none_failed,,0,0,0,0,0,0,,,,,,,,,,,,,,complete
list-noopt,census,call_outcome,success,,4396101,0,0,0,0,0,,,,,,,,,,,,,,complete
list-noopt,census,call_outcome,unresolved,,0,0,0,0,0,0,,,,,,,,,,,,,,complete
list-noopt,census,call_outcome,frame_failed,,0,0,0,0,0,0,,,,,,,,,,,,,,complete
list-noopt,census,call_outcome,invalid,,0,0,0,0,0,0,,,,,,,,,,,,,,complete
list-noopt,return,placement,void,,2800,0,0,0,0,0,,,,,,,,,,,,,,complete
list-noopt,return,placement,ret_reg_move_local,,361900,0,0,0,0,0,,,,,,,,,,,,,,complete
list-noopt,return,placement,ret_reg_copy_nonlocal,,4031300,0,0,0,0,0,,,,,,,,,,,,,,complete
list-noopt,return,placement,value_ignored,,0,0,0,0,0,0,,,,,,,,,,,,,,complete
list-noopt,return,placement,immediate,,100,0,0,0,0,0,,,,,,,,,,,,,,complete
list-noopt,return,placement,terminal_external,,1,0,0,0,0,0,,,,,,,,,,,,,,complete
list-noopt,dynamic,srcmethodsel,attempt,,0,0,0,0,0,0,,,,,,,,,,,,,,complete
list-noopt,dynamic,srcmethodsel,success,,0,0,0,0,0,0,,,,,,,,,,,,,,complete
list-noopt,dynamic,srcmethodsel,failure,,0,0,0,0,0,0,,,,,,,,,,,,,,complete
list-noopt,dynamic,srcfprocsel,attempt,,0,0,0,0,0,0,,,,,,,,,,,,,,complete
list-noopt,dynamic,srcfprocsel,success,,0,0,0,0,0,0,,,,,,,,,,,,,,complete
list-noopt,dynamic,srcfprocsel,failure,,0,0,0,0,0,0,,,,,,,,,,,,,,complete
list-noopt,mechanics,call_window,setup_swaps,,0,0,0,0,0,0,,,,,,,,,,,,,,complete
list-noopt,mechanics,call_window,normal_restoration_swaps,,0,0,0,0,0,0,,,,,,,,,,,,,,complete
list-noopt,mechanics,call_window,unclassified_swaps,,0,0,0,0,0,0,,,,,,,,,,,,,,complete
list-noopt,mechanics,call_window,defensive_argument_copies,,0,0,0,0,0,0,,,,,,,,,,,,,,complete
list-noopt,mechanics,call_window,unclassified_copies,,567701,0,0,0,0,0,,,,,,,,,,,,,,complete
list-noopt,mechanics,call_window,attribution_degraded,,0,0,0,0,0,0,,,,,,,,,,,,,,complete
list-noopt,unwind,signal,events,,0,0,0,0,0,0,,,,,,,,,,,,,,complete
list-noopt,unwind,signal,bytecode_frames_discarded,,0,0,0,0,0,0,,,,,,,,,,,,,,complete
list-noopt,unwind,signal,argument_windows_restored,,0,0,0,0,0,0,,,,,,,,,,,,,,complete
list-noopt,unwind,signal,argument_slots_restored,,0,0,0,0,0,0,,,,,,,,,,,,,,complete
list-noopt,unwind,signal,interrupted_native_windows_restored,,0,0,0,0,0,0,,,,,,,,,,,,,,complete
list-noopt,unwind,signal,interrupted_native_slots_restored,,0,0,0,0,0,0,,,,,,,,,,,,,,complete
list-noopt,unwind,signal,restoration_failures,,0,0,0,0,0,0,,,,,,,,,,,,,,complete
list-noopt,call,awfy_list.main,external_root,0,1,0,0,0,0,0,1,,,,benchmark_awfy_list_noopt,procedure,,,fresh,success,0,0,0,complete
list-noopt,call,awfy_list.listbenchmark.§factory,direct_bytecode,71,1,0,0,0,0,0,0,,,,benchmark_awfy_list_noopt,factory,,,fresh,success,0,0,0,complete
list-noopt,call,awfy_list.listbenchmark.run,direct_bytecode,77,1,0,0,0,0,0,1,,,,benchmark_awfy_list_noopt,method,,,fresh,success,0,0,0,complete
list-noopt,call,awfy_list.listarena.§factory,direct_bytecode,350,1,0,0,0,0,0,0,,,,benchmark_awfy_list_noopt,factory,,,fresh,success,0,0,0,complete
list-noopt,call,awfy_list.listbenchmark.makelist,direct_bytecode,365,1,0,0,0,0,0,3,,,,benchmark_awfy_list_noopt,method,,,fresh,success,0,0,0,complete
list-noopt,call,awfy_list.listbenchmark.makelist,direct_bytecode,473,15,0,0,0,0,0,3,,,,benchmark_awfy_list_noopt,method,,,fresh,success,0,0,0,complete
list-noopt,call,awfy_list.listarena.allocate,direct_bytecode,487,1,0,0,0,0,0,2,,,,benchmark_awfy_list_noopt,method,,,fresh,success,0,0,0,complete
list-noopt,call,awfy_list.listelement.§factory,direct_bytecode,291,1,0,0,0,0,0,1,,,,benchmark_awfy_list_noopt,factory,,,fresh,success,0,0,0,complete
list-noopt,call,awfy_list.listarena.allocate,direct_bytecode,487,3099,0,0,0,0,0,2,,,,benchmark_awfy_list_noopt,method,,,reused,success,0,0,0,complete
list-noopt,call,awfy_list.listelement.§factory,direct_bytecode,291,3099,0,0,0,0,0,1,,,,benchmark_awfy_list_noopt,factory,,,reused,success,0,0,0,complete
list-noopt,call,awfy_list.listelement.setnext,direct_bytecode,509,1,0,0,0,0,0,2,,,,benchmark_awfy_list_noopt,method,,,fresh,success,0,0,0,complete
list-noopt,call,awfy_list.listelement.setnext,direct_bytecode,509,2799,0,0,0,0,0,2,,,,benchmark_awfy_list_noopt,method,,,reused,success,0,0,0,complete
list-noopt,call,awfy_list.listbenchmark.makelist,direct_bytecode,383,100,0,0,0,0,0,3,,,,benchmark_awfy_list_noopt,method,,,reused,success,0,0,0,complete
list-noopt,call,awfy_list.listbenchmark.makelist,direct_bytecode,473,3085,0,0,0,0,0,3,,,,benchmark_awfy_list_noopt,method,,,reused,success,0,0,0,complete
list-noopt,call,awfy_list.listbenchmark.makelist,direct_bytecode,401,100,0,0,0,0,0,3,,,,benchmark_awfy_list_noopt,method,,,reused,success,0,0,0,complete
list-noopt,call,awfy_list.listbenchmark.tail,direct_bytecode,419,1,0,0,0,0,0,4,,,,benchmark_awfy_list_noopt,method,,,fresh,success,0,0,0,complete
list-noopt,call,awfy_list.listbenchmark.isshorterthan,direct_bytecode,620,1,0,0,0,0,0,3,,,,benchmark_awfy_list_noopt,method,,,fresh,success,0,0,0,complete
list-noopt,call,awfy_list.listelement.next,direct_bytecode,568,1,0,0,0,0,0,1,,,,benchmark_awfy_list_noopt,method,,,fresh,success,0,0,0,complete
list-noopt,call,awfy_list.listelement.next,direct_bytecode,575,1805000,0,0,0,0,0,1,,,,benchmark_awfy_list_noopt,method,,,reused,success,0,0,0,complete
list-noopt,call,awfy_list.listelement.next,direct_bytecode,568,1804999,0,0,0,0,0,1,,,,benchmark_awfy_list_noopt,method,,,reused,success,0,0,0,complete
list-noopt,call,awfy_list.listelement.next,direct_bytecode,647,70200,0,0,0,0,0,1,,,,benchmark_awfy_list_noopt,method,,,reused,success,0,0,0,complete
list-noopt,call,awfy_list.listelement.next,direct_bytecode,654,70200,0,0,0,0,0,1,,,,benchmark_awfy_list_noopt,method,,,reused,success,0,0,0,complete
list-noopt,call,awfy_list.listelement.next,direct_bytecode,661,70200,0,0,0,0,0,1,,,,benchmark_awfy_list_noopt,method,,,reused,success,0,0,0,complete
list-noopt,call,awfy_list.listbenchmark.tail,direct_bytecode,677,12,0,0,0,0,0,4,,,,benchmark_awfy_list_noopt,method,,,fresh,success,0,0,0,complete
list-noopt,call,awfy_list.listbenchmark.isshorterthan,direct_bytecode,620,280899,0,0,0,0,0,3,,,,benchmark_awfy_list_noopt,method,,,reused,success,0,0,0,complete
list-noopt,call,awfy_list.listbenchmark.tail,direct_bytecode,696,70200,0,0,0,0,0,4,,,,benchmark_awfy_list_noopt,method,,,reused,success,0,0,0,complete
list-noopt,call,awfy_list.listbenchmark.tail,direct_bytecode,715,70200,0,0,0,0,0,4,,,,benchmark_awfy_list_noopt,method,,,reused,success,0,0,0,complete
list-noopt,call,awfy_list.listbenchmark.tail,direct_bytecode,734,70200,0,0,0,0,0,4,,,,benchmark_awfy_list_noopt,method,,,reused,success,0,0,0,complete
list-noopt,call,awfy_list.listbenchmark.tail,direct_bytecode,677,70188,0,0,0,0,0,4,,,,benchmark_awfy_list_noopt,method,,,reused,success,0,0,0,complete
list-noopt,call,awfy_list.listelement.length,direct_bytecode,434,1,0,0,0,0,0,1,,,,benchmark_awfy_list_noopt,method,,,fresh,success,0,0,0,complete
list-noopt,call,awfy_list.listelement.length,direct_bytecode,199,9,0,0,0,0,0,1,,,,benchmark_awfy_list_noopt,method,,,fresh,success,0,0,0,complete
list-noopt,call,awfy_list.listbenchmark.§factory,direct_bytecode,71,99,0,0,0,0,0,0,,,,benchmark_awfy_list_noopt,factory,,,reused,success,0,0,0,complete
list-noopt,call,awfy_list.listbenchmark.run,direct_bytecode,77,99,0,0,0,0,0,1,,,,benchmark_awfy_list_noopt,method,,,reused,success,0,0,0,complete
list-noopt,call,awfy_list.listarena.§factory,direct_bytecode,350,99,0,0,0,0,0,0,,,,benchmark_awfy_list_noopt,factory,,,reused,success,0,0,0,complete
list-noopt,call,awfy_list.listbenchmark.makelist,direct_bytecode,365,99,0,0,0,0,0,3,,,,benchmark_awfy_list_noopt,method,,,reused,success,0,0,0,complete
list-noopt,call,awfy_list.listbenchmark.tail,direct_bytecode,419,99,0,0,0,0,0,4,,,,benchmark_awfy_list_noopt,method,,,reused,success,0,0,0,complete
list-noopt,call,awfy_list.listelement.length,direct_bytecode,434,99,0,0,0,0,0,1,,,,benchmark_awfy_list_noopt,method,,,reused,success,0,0,0,complete
list-noopt,call,awfy_list.listelement.length,direct_bytecode,199,891,0,0,0,0,0,1,,,,benchmark_awfy_list_noopt,method,,,reused,success,0,0,0,complete
list-opt,status,instructions,complete,,0,0,0,0,0,0,,,,,,,,,,,,,,complete
list-opt,status,procedures,complete,,0,0,0,0,0,0,,,,,,,,,,,,,,complete
list-opt,status,allocations,complete,,0,0,0,0,0,0,,,,,,,,,,,,,,complete
list-opt,status,call_census,complete,,0,0,0,0,0,0,,,,,,,,,,,,,,complete
list-opt,status,frame_entry,complete,,0,0,0,0,0,0,,,,,,,,,,,,,,complete
list-opt,status,value_operations,complete,,0,0,0,0,0,0,,,,,,,,,,,,,,complete
list-opt,status,branch_sites,complete,,0,0,0,0,0,0,,,,,,,,,,,,,,complete
list-opt,value_operation,copy,empty,,341600,0,0,0,0,0,,,,,,,,,,,0,0,,complete
list-opt,value_operation,copy,scalar,,3100,0,0,0,0,0,,,,,,,,,,,0,0,,complete
list-opt,value_operation,copy,string,,1,0,0,0,0,0,,,,,,,,,,,3,3,,complete
list-opt,value_operation,copy,reference,,4263600,0,0,0,0,0,,,,,,,,,,,0,0,,complete
list-opt,value_operation,copy,object,,3301,0,0,0,0,0,,,,,,,,,,,76808,24,,complete
list-opt,value_operation,move,empty,,300,0,0,0,0,0,,,,,,,,,,,0,0,,complete
list-opt,value_operation,move,scalar,,1000,0,0,0,0,0,,,,,,,,,,,0,0,,complete
list-opt,value_operation,move,reference,,76400,0,0,0,0,0,,,,,,,,,,,0,0,,complete
list-opt,value_operation,move,object,,3100,0,0,0,0,0,,,,,,,,,,,74400,24,,complete
list-opt,value_operation,clear_contents,empty,,130193,0,0,0,0,0,,,,,,,,,,,0,0,,complete
list-opt,value_operation,clear_contents,scalar,,4311,0,0,0,0,0,,,,,,,,,,,0,0,,complete
list-opt,value_operation,clear_contents,string,,5,0,0,0,0,0,,,,,,,,,,,56,45,,complete
list-opt,value_operation,clear_contents,reference,,237,0,0,0,0,0,,,,,,,,,,,0,0,,complete
list-opt,value_operation,clear_contents,object,,3138,0,0,0,0,0,,,,,,,,,,,75456,248,,complete
list-opt,value_operation,reset_reuse,empty,,6138,0,0,0,0,0,,,,,,,,,,,0,0,,complete
list-opt,value_operation,reset_reuse,scalar,,3069,0,0,0,0,0,,,,,,,,,,,0,0,,complete
list-opt,value_operation,reset_reuse,object,,3069,0,0,0,0,0,,,,,,,,,,,73656,24,,complete
list-opt,value_operation,destroy,empty,,123995,0,0,0,0,0,,,,,,,,,,,0,0,,complete
list-opt,value_operation,destroy,scalar,,4212,0,0,0,0,0,,,,,,,,,,,0,0,,complete
list-opt,value_operation,destroy,string,,5,0,0,0,0,0,,,,,,,,,,,56,45,,complete
list-opt,value_operation,destroy,reference,,37,0,0,0,0,0,,,,,,,,,,,0,0,,complete
list-opt,value_operation,destroy,object,,3138,0,0,0,0,0,,,,,,,,,,,75456,248,,complete
list-opt,value_operation,clear,empty,,795,0,0,0,0,0,,,,,,,,,,,0,0,,complete
list-opt,value_operation,clear,scalar,,81,0,0,0,0,0,,,,,,,,,,,0,0,,complete
list-opt,value_operation,clear,string,,3,0,0,0,0,0,,,,,,,,,,,50,45,,complete
list-opt,value_operation,clear,reference,,37,0,0,0,0,0,,,,,,,,,,,0,0,,complete
list-opt,value_operation,clear,object,,7,0,0,0,0,0,,,,,,,,,,,88,24,,complete
list-opt,frame_entry,local_relink,fresh,840,44,0,0,0,0,0,,,,,,,,,,,,,,complete
list-opt,frame_entry,local_relink,reused,13312071,572457,0,0,0,0,0,,,,,,,,,,,,,,complete
list-opt,frame_entry,global_relink,fresh,0,44,0,0,0,0,0,,,,,,,,,,,,,,complete
list-opt,frame_entry,global_relink,reused,0,572457,0,0,0,0,0,,,,,,,,,,,,,,complete
list-opt,frame_entry,argument_count_reset,fresh,44,44,0,0,0,0,0,,,,,,,,,,,,,,complete
list-opt,frame_entry,argument_count_reset,reused,572457,572457,0,0,0,0,0,,,,,,,,,,,,,,complete
list-opt,frame_entry,inherited_context,fresh,43,43,0,0,0,0,0,,,,,,,,,,,,,,complete
list-opt,frame_entry,inherited_context,reused,572457,572457,0,0,0,0,0,,,,,,,,,,,,,,complete
list-opt,frame_entry,root_context,fresh,1,1,0,0,0,0,0,,,,,,,,,,,,,,complete
list-opt,frame_entry,finalize,fresh,44,44,0,0,0,0,0,,,,,,,,,,,,,,complete
list-opt,frame_entry,finalize,reused,572457,572457,0,0,0,0,0,,,,,,,,,,,,,,complete
list-opt,branch,BRTPANDT_ID_REG_INT,,4,1,0,0,0,0,0,0,1,0,0,benchmark_awfy_list_opt,branch_site,,,,,,,,complete
list-opt,branch,BR_ID,,11,1,0,0,0,0,0,1,0,0,0,benchmark_awfy_list_opt,branch_site,,,,,,,,complete
list-opt,branch,BRF_ID_REG,,27,1,0,0,0,0,0,0,1,0,0,benchmark_awfy_list_opt,branch_site,,,,,,,,complete
list-opt,branch,BRF_ID_REG,,43,1,0,0,0,0,0,1,0,0,0,benchmark_awfy_list_opt,branch_site,,,,,,,,complete
list-opt,branch,BRT_ID_REG,,68,101,0,0,0,0,0,1,100,0,0,benchmark_awfy_list_opt,branch_site,,,,,,,,complete
list-opt,branch,BRF_ID_REG,,459,3400,0,0,0,0,0,3100,300,0,0,benchmark_awfy_list_opt,branch_site,,,,,,,,complete
list-opt,branch,BRF_ID_REG,,503,3100,0,0,0,0,0,300,2800,0,0,benchmark_awfy_list_opt,branch_site,,,,,,,,complete
list-opt,branch,BRF_ID_REG,,538,2085900,0,0,0,0,0,210700,1875200,0,0,benchmark_awfy_list_opt,branch_site,,,,,,,,complete
list-opt,branch,BRF_ID_REG,,550,1875200,0,0,0,0,0,1805000,70200,0,0,benchmark_awfy_list_opt,branch_site,,,,,,,,complete
list-opt,branch,BR_ID,,583,1805000,0,0,0,0,0,1805000,0,1805000,0,benchmark_awfy_list_opt,branch_site,,,,,,,,complete
list-opt,branch,BRF_ID_REG,,623,280900,0,0,0,0,0,210700,70200,0,0,benchmark_awfy_list_opt,branch_site,,,,,,,,complete
list-opt,branch,BNE_ID_REG_INT,,175,1000,0,0,0,0,0,900,100,0,0,benchmark_awfy_list_opt,branch_site,,,,,,,,complete
list-opt,branch,BRF_ID_REG,,91,100,0,0,0,0,0,100,0,0,0,benchmark_awfy_list_opt,branch_site,,,,,,,,complete
list-opt,branch,BCTP_ID_REG,,116,100,0,0,0,0,0,100,0,100,0,benchmark_awfy_list_opt,branch_site,,,,,,,,complete
list-opt,census,call_path,direct_bytecode,,572500,0,0,0,0,0,,,,,,,,,,,,,,complete
list-opt,census,call_path,direct_native,,0,0,0,0,0,0,,,,,,,,,,,,,,complete
list-opt,census,call_path,dynamic_bytecode,,0,0,0,0,0,0,,,,,,,,,,,,,,complete
list-opt,census,call_path,dynamic_native,,0,0,0,0,0,0,,,,,,,,,,,,,,complete
list-opt,census,call_path,external_root,,1,0,0,0,0,0,,,,,,,,,,,,,,complete
list-opt,census,call_path,signal_bytecode,,0,0,0,0,0,0,,,,,,,,,,,,,,complete
list-opt,census,call_path,signal_native,,0,0,0,0,0,0,,,,,,,,,,,,,,complete
list-opt,census,arity,1,,4201,0,0,0,0,0,,,,,,,,,,,,,,complete
list-opt,census,arity,3,,284300,0,0,0,0,0,,,,,,,,,,,,,,complete
list-opt,census,arity,2,,3100,0,0,0,0,0,,,,,,,,,,,,,,complete
list-opt,census,arity,4,,280900,0,0,0,0,0,,,,,,,,,,,,,,complete
list-opt,census,callable_kind,procedure,,1,0,0,0,0,0,,,,,,,,,,,,,,complete
list-opt,census,callable_kind,method,,569400,0,0,0,0,0,,,,,,,,,,,,,,complete
list-opt,census,callable_kind,factory,,3100,0,0,0,0,0,,,,,,,,,,,,,,complete
list-opt,census,callable_kind,native,,0,0,0,0,0,0,,,,,,,,,,,,,,complete
list-opt,census,callable_kind,unknown,,0,0,0,0,0,0,,,,,,,,,,,,,,complete
list-opt,census,frame_disposition,fresh,,44,0,0,0,0,0,,,,,,,,,,,,,,complete
list-opt,census,frame_disposition,reused,,572457,0,0,0,0,0,,,,,,,,,,,,,,complete
list-opt,census,frame_disposition,no_child_native,,0,0,0,0,0,0,,,,,,,,,,,,,,complete
list-opt,census,frame_disposition,none_failed,,0,0,0,0,0,0,,,,,,,,,,,,,,complete
list-opt,census,call_outcome,success,,572501,0,0,0,0,0,,,,,,,,,,,,,,complete
list-opt,census,call_outcome,unresolved,,0,0,0,0,0,0,,,,,,,,,,,,,,complete
list-opt,census,call_outcome,frame_failed,,0,0,0,0,0,0,,,,,,,,,,,,,,complete
list-opt,census,call_outcome,invalid,,0,0,0,0,0,0,,,,,,,,,,,,,,complete
list-opt,return,placement,void,,0,0,0,0,0,0,,,,,,,,,,,,,,complete
list-opt,return,placement,ret_reg_move_local,,80800,0,0,0,0,0,,,,,,,,,,,,,,complete
list-opt,return,placement,ret_reg_copy_nonlocal,,210700,0,0,0,0,0,,,,,,,,,,,,,,complete
list-opt,return,placement,value_ignored,,0,0,0,0,0,0,,,,,,,,,,,,,,complete
list-opt,return,placement,immediate,,281000,0,0,0,0,0,,,,,,,,,,,,,,complete
list-opt,return,placement,terminal_external,,1,0,0,0,0,0,,,,,,,,,,,,,,complete
list-opt,dynamic,srcmethodsel,attempt,,0,0,0,0,0,0,,,,,,,,,,,,,,complete
list-opt,dynamic,srcmethodsel,success,,0,0,0,0,0,0,,,,,,,,,,,,,,complete
list-opt,dynamic,srcmethodsel,failure,,0,0,0,0,0,0,,,,,,,,,,,,,,complete
list-opt,dynamic,srcfprocsel,attempt,,0,0,0,0,0,0,,,,,,,,,,,,,,complete
list-opt,dynamic,srcfprocsel,success,,0,0,0,0,0,0,,,,,,,,,,,,,,complete
list-opt,dynamic,srcfprocsel,failure,,0,0,0,0,0,0,,,,,,,,,,,,,,complete
list-opt,mechanics,call_window,setup_swaps,,0,0,0,0,0,0,,,,,,,,,,,,,,complete
list-opt,mechanics,call_window,normal_restoration_swaps,,0,0,0,0,0,0,,,,,,,,,,,,,,complete
list-opt,mechanics,call_window,unclassified_swaps,,0,0,0,0,0,0,,,,,,,,,,,,,,complete
list-opt,mechanics,call_window,defensive_argument_copies,,0,0,0,0,0,0,,,,,,,,,,,,,,complete
list-opt,mechanics,call_window,unclassified_copies,,905801,0,0,0,0,0,,,,,,,,,,,,,,complete
list-opt,mechanics,call_window,attribution_degraded,,0,0,0,0,0,0,,,,,,,,,,,,,,complete
list-opt,unwind,signal,events,,0,0,0,0,0,0,,,,,,,,,,,,,,complete
list-opt,unwind,signal,bytecode_frames_discarded,,0,0,0,0,0,0,,,,,,,,,,,,,,complete
list-opt,unwind,signal,argument_windows_restored,,0,0,0,0,0,0,,,,,,,,,,,,,,complete
list-opt,unwind,signal,argument_slots_restored,,0,0,0,0,0,0,,,,,,,,,,,,,,complete
list-opt,unwind,signal,interrupted_native_windows_restored,,0,0,0,0,0,0,,,,,,,,,,,,,,complete
list-opt,unwind,signal,interrupted_native_slots_restored,,0,0,0,0,0,0,,,,,,,,,,,,,,complete
list-opt,unwind,signal,restoration_failures,,0,0,0,0,0,0,,,,,,,,,,,,,,complete
list-opt,call,awfy_list.main,external_root,0,1,0,0,0,0,0,1,,,,benchmark_awfy_list_opt,procedure,,,fresh,success,0,0,0,complete
list-opt,call,awfy_list.listbenchmark.run,direct_bytecode,83,1,0,0,0,0,0,1,,,,benchmark_awfy_list_opt,method,,,fresh,success,0,0,0,complete
list-opt,call,awfy_list.listbenchmark.makelist,direct_bytecode,371,1,0,0,0,0,0,3,,,,benchmark_awfy_list_opt,method,,,fresh,success,0,0,0,complete
list-opt,call,awfy_list.listbenchmark.makelist,direct_bytecode,476,15,0,0,0,0,0,3,,,,benchmark_awfy_list_opt,method,,,fresh,success,0,0,0,complete
list-opt,call,awfy_list.listarena.allocate,direct_bytecode,490,1,0,0,0,0,0,2,,,,benchmark_awfy_list_opt,method,,,fresh,success,0,0,0,complete
list-opt,call,awfy_list.listelement.§factory,direct_bytecode,287,1,0,0,0,0,0,1,,,,benchmark_awfy_list_opt,factory,,,fresh,success,0,0,0,complete
list-opt,call,awfy_list.listarena.allocate,direct_bytecode,490,3099,0,0,0,0,0,2,,,,benchmark_awfy_list_opt,method,,,reused,success,0,0,0,complete
list-opt,call,awfy_list.listelement.§factory,direct_bytecode,287,3099,0,0,0,0,0,1,,,,benchmark_awfy_list_opt,factory,,,reused,success,0,0,0,complete
list-opt,call,awfy_list.listbenchmark.makelist,direct_bytecode,389,100,0,0,0,0,0,3,,,,benchmark_awfy_list_opt,method,,,reused,success,0,0,0,complete
list-opt,call,awfy_list.listbenchmark.makelist,direct_bytecode,476,3085,0,0,0,0,0,3,,,,benchmark_awfy_list_opt,method,,,reused,success,0,0,0,complete
list-opt,call,awfy_list.listbenchmark.makelist,direct_bytecode,407,100,0,0,0,0,0,3,,,,benchmark_awfy_list_opt,method,,,reused,success,0,0,0,complete
list-opt,call,awfy_list.listbenchmark.tail,direct_bytecode,425,1,0,0,0,0,0,4,,,,benchmark_awfy_list_opt,method,,,fresh,success,0,0,0,complete
list-opt,call,awfy_list.listbenchmark.isshorterthan,direct_bytecode,617,1,0,0,0,0,0,3,,,,benchmark_awfy_list_opt,method,,,fresh,success,0,0,0,complete
list-opt,call,awfy_list.listbenchmark.tail,direct_bytecode,680,12,0,0,0,0,0,4,,,,benchmark_awfy_list_opt,method,,,fresh,success,0,0,0,complete
list-opt,call,awfy_list.listbenchmark.isshorterthan,direct_bytecode,617,280899,0,0,0,0,0,3,,,,benchmark_awfy_list_opt,method,,,reused,success,0,0,0,complete
list-opt,call,awfy_list.listbenchmark.tail,direct_bytecode,699,70200,0,0,0,0,0,4,,,,benchmark_awfy_list_opt,method,,,reused,success,0,0,0,complete
list-opt,call,awfy_list.listbenchmark.tail,direct_bytecode,718,70200,0,0,0,0,0,4,,,,benchmark_awfy_list_opt,method,,,reused,success,0,0,0,complete
list-opt,call,awfy_list.listbenchmark.tail,direct_bytecode,737,70200,0,0,0,0,0,4,,,,benchmark_awfy_list_opt,method,,,reused,success,0,0,0,complete
list-opt,call,awfy_list.listbenchmark.tail,direct_bytecode,680,70188,0,0,0,0,0,4,,,,benchmark_awfy_list_opt,method,,,reused,success,0,0,0,complete
list-opt,call,awfy_list.listelement.length,direct_bytecode,440,1,0,0,0,0,0,1,,,,benchmark_awfy_list_opt,method,,,fresh,success,0,0,0,complete
list-opt,call,awfy_list.listelement.length,direct_bytecode,195,9,0,0,0,0,0,1,,,,benchmark_awfy_list_opt,method,,,fresh,success,0,0,0,complete
list-opt,call,awfy_list.listbenchmark.run,direct_bytecode,83,99,0,0,0,0,0,1,,,,benchmark_awfy_list_opt,method,,,reused,success,0,0,0,complete
list-opt,call,awfy_list.listbenchmark.makelist,direct_bytecode,371,99,0,0,0,0,0,3,,,,benchmark_awfy_list_opt,method,,,reused,success,0,0,0,complete
list-opt,call,awfy_list.listbenchmark.tail,direct_bytecode,425,99,0,0,0,0,0,4,,,,benchmark_awfy_list_opt,method,,,reused,success,0,0,0,complete
list-opt,call,awfy_list.listelement.length,direct_bytecode,440,99,0,0,0,0,0,1,,,,benchmark_awfy_list_opt,method,,,reused,success,0,0,0,complete
list-opt,call,awfy_list.listelement.length,direct_bytecode,195,891,0,0,0,0,0,1,,,,benchmark_awfy_list_opt,method,,,reused,success,0,0,0,complete
richards-noopt,status,instructions,complete,,0,0,0,0,0,0,,,,,,,,,,,,,,complete
richards-noopt,status,procedures,complete,,0,0,0,0,0,0,,,,,,,,,,,,,,complete
richards-noopt,status,allocations,complete,,0,0,0,0,0,0,,,,,,,,,,,,,,complete
richards-noopt,status,call_census,complete,,0,0,0,0,0,0,,,,,,,,,,,,,,complete
richards-noopt,status,frame_entry,complete,,0,0,0,0,0,0,,,,,,,,,,,,,,complete
richards-noopt,status,value_operations,complete,,0,0,0,0,0,0,,,,,,,,,,,,,,complete
richards-noopt,status,branch_sites,complete,,0,0,0,0,0,0,,,,,,,,,,,,,,complete
richards-noopt,value_operation,copy,scalar,,109160,0,0,0,0,0,,,,,,,,,,,0,0,,complete
richards-noopt,value_operation,copy,string,,1,0,0,0,0,0,,,,,,,,,,,1,1,,complete
richards-noopt,value_operation,copy,object,,1,0,0,0,0,0,,,,,,,,,,,8,8,,complete
richards-noopt,value_operation,integer_copy,scalar,,10467,0,0,0,0,0,,,,,,,,,,,83736,8,,complete
richards-noopt,value_operation,move,empty,,108330,0,0,0,0,0,,,,,,,,,,,0,0,,complete
richards-noopt,value_operation,move,scalar,,228890,0,0,0,0,0,,,,,,,,,,,0,0,,complete
richards-noopt,value_operation,move,object,,1,0,0,0,0,0,,,,,,,,,,,224,224,,complete
richards-noopt,value_operation,clear_contents,empty,,193457,0,0,0,0,0,,,,,,,,,,,0,0,,complete
richards-noopt,value_operation,clear_contents,scalar,,144281,0,0,0,0,0,,,,,,,,,,,0,0,,complete
richards-noopt,value_operation,clear_contents,string,,6,0,0,0,0,0,,,,,,,,,,,80,68,,complete
richards-noopt,value_operation,clear_contents,object,,20,0,0,0,0,0,,,,,,,,,,,1184,224,,complete
richards-noopt,value_operation,destroy,empty,,193401,0,0,0,0,0,,,,,,,,,,,0,0,,complete
richards-noopt,value_operation,destroy,scalar,,144281,0,0,0,0,0,,,,,,,,,,,0,0,,complete
richards-noopt,value_operation,destroy,string,,6,0,0,0,0,0,,,,,,,,,,,80,68,,complete
richards-noopt,value_operation,destroy,object,,20,0,0,0,0,0,,,,,,,,,,,1184,224,,complete
richards-noopt,value_operation,clear,empty,,230,0,0,0,0,0,,,,,,,,,,,0,0,,complete
richards-noopt,value_operation,clear,scalar,,66,0,0,0,0,0,,,,,,,,,,,0,0,,complete
richards-noopt,value_operation,clear,string,,4,0,0,0,0,0,,,,,,,,,,,78,68,,complete
richards-noopt,value_operation,clear,object,,3,0,0,0,0,0,,,,,,,,,,,240,224,,complete
richards-noopt,frame_entry,local_relink,fresh,240,24,0,0,0,0,0,,,,,,,,,,,,,,complete
richards-noopt,frame_entry,local_relink,reused,5116474,469615,0,0,0,0,0,,,,,,,,,,,,,,complete
richards-noopt,frame_entry,global_relink,fresh,0,24,0,0,0,0,0,,,,,,,,,,,,,,complete
richards-noopt,frame_entry,global_relink,reused,0,469615,0,0,0,0,0,,,,,,,,,,,,,,complete
richards-noopt,frame_entry,argument_count_reset,fresh,24,24,0,0,0,0,0,,,,,,,,,,,,,,complete
richards-noopt,frame_entry,argument_count_reset,reused,469615,469615,0,0,0,0,0,,,,,,,,,,,,,,complete
richards-noopt,frame_entry,inherited_context,fresh,23,23,0,0,0,0,0,,,,,,,,,,,,,,complete
richards-noopt,frame_entry,inherited_context,reused,469615,469615,0,0,0,0,0,,,,,,,,,,,,,,complete
richards-noopt,frame_entry,root_context,fresh,1,1,0,0,0,0,0,,,,,,,,,,,,,,complete
richards-noopt,frame_entry,finalize,fresh,24,24,0,0,0,0,0,,,,,,,,,,,,,,complete
richards-noopt,frame_entry,finalize,reused,469615,469615,0,0,0,0,0,,,,,,,,,,,,,,complete
richards-noopt,branch,BRTPANDT_ID_REG_INT,,4,1,0,0,0,0,0,0,1,0,0,benchmark_awfy_richards_noopt,branch_site,,,,,,,,complete
richards-noopt,branch,BR_ID,,11,1,0,0,0,0,0,1,0,0,0,benchmark_awfy_richards_noopt,branch_site,,,,,,,,complete
richards-noopt,branch,BRF_ID_REG,,27,1,0,0,0,0,0,0,1,0,0,benchmark_awfy_richards_noopt,branch_site,,,,,,,,complete
richards-noopt,branch,BRF_ID_REG,,43,1,0,0,0,0,0,1,0,0,0,benchmark_awfy_richards_noopt,branch_site,,,,,,,,complete
richards-noopt,branch,BRT_ID_REG,,71,2,0,0,0,0,0,1,1,0,0,benchmark_awfy_richards_noopt,branch_site,,,,,,,,complete
richards-noopt,branch,BRF_ID_REG,,2795,106605,0,0,0,0,0,1,106604,0,0,benchmark_awfy_richards_noopt,branch_site,,,,,,,,complete
richards-noopt,branch,BRF_ID_REG,,1165,106604,0,0,0,0,0,101043,5561,0,0,benchmark_awfy_richards_noopt,branch_site,,,,,,,,complete
richards-noopt,branch,BRF_ID_REG,,1184,101043,0,0,0,0,0,59880,41163,0,0,benchmark_awfy_richards_noopt,branch_site,,,,,,,,complete
richards-noopt,branch,BRF_ID_REG,,1203,59880,0,0,0,0,0,24627,35253,0,0,benchmark_awfy_richards_noopt,branch_site,,,,,,,,complete
richards-noopt,branch,BRF_ID_REG,,2812,106604,0,0,0,0,0,65790,40814,0,0,benchmark_awfy_richards_noopt,branch_site,,,,,,,,complete
richards-noopt,branch,BR_ID,,2838,40814,0,0,0,0,0,40814,0,0,0,benchmark_awfy_richards_noopt,branch_site,,,,,,,,complete
richards-noopt,branch,BR_ID,,2868,106604,0,0,0,0,0,106604,0,106604,0,benchmark_awfy_richards_noopt,branch_site,,,,,,,,complete
richards-noopt,branch,BRF_ID_REG,,1242,65790,0,0,0,0,0,41163,24627,0,0,benchmark_awfy_richards_noopt,branch_site,,,,,,,,complete
richards-noopt,branch,BRF_ID_REG,,1267,41163,0,0,0,0,0,23250,17913,0,0,benchmark_awfy_richards_noopt,branch_site,,,,,,,,complete
richards-noopt,branch,BRF_ID_REG,,1283,23250,0,0,0,0,0,23250,0,0,0,benchmark_awfy_richards_noopt,branch_site,,,,,,,,complete
richards-noopt,branch,BRF_ID_REG,,1750,65790,0,0,0,0,0,42540,23250,0,0,benchmark_awfy_richards_noopt,branch_site,,,,,,,,complete
richards-noopt,branch,BRF_ID_REG,,1806,23250,0,0,0,0,0,8490,14760,0,0,benchmark_awfy_richards_noopt,branch_site,,,,,,,,complete
richards-noopt,branch,BRF_ID_REG,,1831,65790,0,0,0,0,0,55790,10000,0,0,benchmark_awfy_richards_noopt,branch_site,,,,,,,,complete
richards-noopt,branch,BRF_ID_REG,,1849,55790,0,0,0,0,0,51136,4654,0,0,benchmark_awfy_richards_noopt,branch_site,,,,,,,,complete
richards-noopt,branch,BRT_ID_REG,,1868,51136,0,0,0,0,0,11621,39515,0,0,benchmark_awfy_richards_noopt,branch_site,,,,,,,,complete
richards-noopt,branch,BRF_ID_REG,,1875,51136,0,0,0,0,0,27884,23252,0,0,benchmark_awfy_richards_noopt,branch_site,,,,,,,,complete
richards-noopt,branch,BRF_ID_REG,,2301,23252,0,0,0,0,0,11625,11627,0,0,benchmark_awfy_richards_noopt,branch_site,,,,,,,,complete
richards-noopt,branch,BRF_ID_REG,,2320,11627,0,0,0,0,0,9300,2327,0,0,benchmark_awfy_richards_noopt,branch_site,,,,,,,,complete
richards-noopt,branch,BRF_ID_REG,,996,20114,0,0,0,0,0,10127,9987,0,0,benchmark_awfy_richards_noopt,branch_site,,,,,,,,complete
richards-noopt,branch,BRF_ID_REG,,2406,23252,0,0,0,0,0,20310,2942,0,0,benchmark_awfy_richards_noopt,branch_site,,,,,,,,complete
richards-noopt,branch,BRF_ID_REG,,1022,10467,0,0,0,0,0,10127,340,0,0,benchmark_awfy_richards_noopt,branch_site,,,,,,,,complete
richards-noopt,branch,BR_ID,,1817,14760,0,0,0,0,0,14760,0,0,0,benchmark_awfy_richards_noopt,branch_site,,,,,,,,complete
richards-noopt,branch,BR_ID,,1042,340,0,0,0,0,0,340,0,340,0,benchmark_awfy_richards_noopt,branch_site,,,,,,,,complete
richards-noopt,branch,BRF_ID_REG,,2063,4654,0,0,0,0,0,2327,2327,0,0,benchmark_awfy_richards_noopt,branch_site,,,,,,,,complete
richards-noopt,branch,BRF_ID_REG,,2085,2327,0,0,0,0,0,1163,1164,0,0,benchmark_awfy_richards_noopt,branch_site,,,,,,,,complete
richards-noopt,branch,BR_ID,,2095,1164,0,0,0,0,0,1164,0,0,0,benchmark_awfy_richards_noopt,branch_site,,,,,,,,complete
richards-noopt,branch,BRT_ID_REG,,2147,11635,0,0,0,0,0,2327,9308,0,0,benchmark_awfy_richards_noopt,branch_site,,,,,,,,complete
richards-noopt,branch,BRF_ID_REG,,2174,9308,0,0,0,0,0,8951,357,0,0,benchmark_awfy_richards_noopt,branch_site,,,,,,,,complete
richards-noopt,branch,BRF_ID_REG,,2202,9308,0,0,0,0,0,6981,2327,0,0,benchmark_awfy_richards_noopt,branch_site,,,,,,,,complete
richards-noopt,branch,BR_ID,,2218,2327,0,0,0,0,0,2327,0,0,0,benchmark_awfy_richards_noopt,branch_site,,,,,,,,complete
richards-noopt,branch,BR_ID,,2279,9308,0,0,0,0,0,9308,0,9308,0,benchmark_awfy_richards_noopt,branch_site,,,,,,,,complete
richards-noopt,branch,BRF_ID_REG,,2224,6981,0,0,0,0,0,4654,2327,0,0,benchmark_awfy_richards_noopt,branch_site,,,,,,,,complete
richards-noopt,branch,BR_ID,,2240,2327,0,0,0,0,0,2327,0,0,0,benchmark_awfy_richards_noopt,branch_site,,,,,,,,complete
richards-noopt,branch,BRF_ID_REG,,2246,4654,0,0,0,0,0,2327,2327,0,0,benchmark_awfy_richards_noopt,branch_site,,,,,,,,complete
richards-noopt,branch,BR_ID,,2262,2327,0,0,0,0,0,2327,0,0,0,benchmark_awfy_richards_noopt,branch_site,,,,,,,,complete
richards-noopt,branch,BRT_ID_REG,,1425,33245,0,0,0,0,0,0,33245,0,0,benchmark_awfy_richards_noopt,branch_site,,,,,,,,complete
richards-noopt,branch,BRF_ID_REG,,1432,33245,0,0,0,0,0,33245,0,0,0,benchmark_awfy_richards_noopt,branch_site,,,,,,,,complete
richards-noopt,branch,BRF_ID_REG,,1656,23246,0,0,0,0,0,23246,0,0,0,benchmark_awfy_richards_noopt,branch_site,,,,,,,,complete
richards-noopt,branch,BRF_ID_REG,,1320,23246,0,0,0,0,0,8487,14759,0,0,benchmark_awfy_richards_noopt,branch_site,,,,,,,,complete
richards-noopt,branch,BRF_ID_REG,,1374,14759,0,0,0,0,0,11619,3140,0,0,benchmark_awfy_richards_noopt,branch_site,,,,,,,,complete
richards-noopt,branch,BR_ID,,2355,2327,0,0,0,0,0,2327,0,0,0,benchmark_awfy_richards_noopt,branch_site,,,,,,,,complete
richards-noopt,branch,BRF_ID_REG,,2436,20310,0,0,0,0,0,17985,2325,0,0,benchmark_awfy_richards_noopt,branch_site,,,,,,,,complete
richards-noopt,branch,BRF_ID_REG,,2491,17985,0,0,0,0,0,9300,8685,0,0,benchmark_awfy_richards_noopt,branch_site,,,,,,,,complete
richards-noopt,branch,BRF_ID_REG,,2532,9300,0,0,0,0,0,6975,2325,0,0,benchmark_awfy_richards_noopt,branch_site,,,,,,,,complete
richards-noopt,branch,UNLINKBR_REG_ID,,2559,2325,0,0,0,0,0,2325,0,0,0,benchmark_awfy_richards_noopt,branch_site,,,,,,,,complete
richards-noopt,branch,BRT_ID_REG,,1895,27884,0,0,0,0,0,13936,13948,0,0,benchmark_awfy_richards_noopt,branch_site,,,,,,,,complete
richards-noopt,branch,BRF_ID_REG,,1902,27884,0,0,0,0,0,0,27884,0,0,benchmark_awfy_richards_noopt,branch_site,,,,,,,,complete
richards-noopt,branch,BRF_ID_REG,,2693,27884,0,0,0,0,0,9296,18588,0,0,benchmark_awfy_richards_noopt,branch_site,,,,,,,,complete
richards-noopt,branch,BRF_ID_REG,,2566,6975,0,0,0,0,0,4650,2325,0,0,benchmark_awfy_richards_noopt,branch_site,,,,,,,,complete
richards-noopt,branch,UNLINKBR_REG_ID,,2593,2325,0,0,0,0,0,2325,0,0,0,benchmark_awfy_richards_noopt,branch_site,,,,,,,,complete
richards-noopt,branch,BRF_ID_REG,,2600,4650,0,0,0,0,0,2325,2325,0,0,benchmark_awfy_richards_noopt,branch_site,,,,,,,,complete
richards-noopt,branch,UNLINKBR_REG_ID,,2627,2325,0,0,0,0,0,2325,0,0,0,benchmark_awfy_richards_noopt,branch_site,,,,,,,,complete
richards-noopt,branch,BRF_ID_REG,,1966,10000,0,0,0,0,0,9999,1,0,0,benchmark_awfy_richards_noopt,branch_site,,,,,,,,complete
richards-noopt,branch,BRF_ID_REG,,1992,9999,0,0,0,0,0,4992,5007,0,0,benchmark_awfy_richards_noopt,branch_site,,,,,,,,complete
richards-noopt,branch,BRF_ID_REG,,1556,9999,0,0,0,0,0,9999,0,0,0,benchmark_awfy_richards_noopt,branch_site,,,,,,,,complete
richards-noopt,branch,BRF_ID_REG,,1615,9999,0,0,0,0,0,0,9999,0,0,benchmark_awfy_richards_noopt,branch_site,,,,,,,,complete
richards-noopt,branch,BRF_ID_REG,,2713,18588,0,0,0,0,0,9294,9294,0,0,benchmark_awfy_richards_noopt,branch_site,,,,,,,,complete
richards-noopt,branch,BR_ID,,1379,11619,0,0,0,0,0,11619,0,0,0,benchmark_awfy_richards_noopt,branch_site,,,,,,,,complete
richards-noopt,branch,BRF_ID_REG,,645,1,0,0,0,0,0,1,0,0,0,benchmark_awfy_richards_noopt,branch_site,,,,,,,,complete
richards-noopt,branch,BRF_ID_REG,,663,1,0,0,0,0,0,1,0,0,0,benchmark_awfy_richards_noopt,branch_site,,,,,,,,complete
richards-noopt,branch,BRF_ID_REG,,104,1,0,0,0,0,0,1,0,0,0,benchmark_awfy_richards_noopt,branch_site,,,,,,,,complete
richards-noopt,branch,BR_ID,,134,1,0,0,0,0,0,1,0,1,0,benchmark_awfy_richards_noopt,branch_site,,,,,,,,complete
richards-noopt,census,call_path,direct_bytecode,,469638,0,0,0,0,0,,,,,,,,,,,,,,complete
richards-noopt,census,call_path,direct_native,,0,0,0,0,0,0,,,,,,,,,,,,,,complete
richards-noopt,census,call_path,dynamic_bytecode,,0,0,0,0,0,0,,,,,,,,,,,,,,complete
richards-noopt,census,call_path,dynamic_native,,0,0,0,0,0,0,,,,,,,,,,,,,,complete
richards-noopt,census,call_path,external_root,,1,0,0,0,0,0,,,,,,,,,,,,,,complete
richards-noopt,census,call_path,signal_bytecode,,0,0,0,0,0,0,,,,,,,,,,,,,,complete
richards-noopt,census,call_path,signal_native,,0,0,0,0,0,0,,,,,,,,,,,,,,complete
richards-noopt,census,arity,1,,42550,0,0,0,0,0,,,,,,,,,,,,,,complete
richards-noopt,census,arity,0,,1,0,0,0,0,0,,,,,,,,,,,,,,complete
richards-noopt,census,arity,7,,6,0,0,0,0,0,,,,,,,,,,,,,,complete
richards-noopt,census,arity,4,,23254,0,0,0,0,0,,,,,,,,,,,,,,complete
richards-noopt,census,arity,2,,332578,0,0,0,0,0,,,,,,,,,,,,,,complete
richards-noopt,census,arity,3,,71250,0,0,0,0,0,,,,,,,,,,,,,,complete
richards-noopt,census,callable_kind,procedure,,1,0,0,0,0,0,,,,,,,,,,,,,,complete
richards-noopt,census,callable_kind,method,,469637,0,0,0,0,0,,,,,,,,,,,,,,complete
richards-noopt,census,callable_kind,factory,,1,0,0,0,0,0,,,,,,,,,,,,,,complete
richards-noopt,census,callable_kind,native,,0,0,0,0,0,0,,,,,,,,,,,,,,complete
richards-noopt,census,callable_kind,unknown,,0,0,0,0,0,0,,,,,,,,,,,,,,complete
richards-noopt,census,frame_disposition,fresh,,24,0,0,0,0,0,,,,,,,,,,,,,,complete
richards-noopt,census,frame_disposition,reused,,469615,0,0,0,0,0,,,,,,,,,,,,,,complete
richards-noopt,census,frame_disposition,no_child_native,,0,0,0,0,0,0,,,,,,,,,,,,,,complete
richards-noopt,census,frame_disposition,none_failed,,0,0,0,0,0,0,,,,,,,,,,,,,,complete
richards-noopt,census,call_outcome,success,,469639,0,0,0,0,0,,,,,,,,,,,,,,complete
richards-noopt,census,call_outcome,unresolved,,0,0,0,0,0,0,,,,,,,,,,,,,,complete
richards-noopt,census,call_outcome,frame_failed,,0,0,0,0,0,0,,,,,,,,,,,,,,complete
richards-noopt,census,call_outcome,invalid,,0,0,0,0,0,0,,,,,,,,,,,,,,complete
richards-noopt,return,placement,void,,23257,0,0,0,0,0,,,,,,,,,,,,,,complete
richards-noopt,return,placement,ret_reg_move_local,,337221,0,0,0,0,0,,,,,,,,,,,,,,complete
richards-noopt,return,placement,ret_reg_copy_nonlocal,,109160,0,0,0,0,0,,,,,,,,,,,,,,complete
richards-noopt,return,placement,value_ignored,,0,0,0,0,0,0,,,,,,,,,,,,,,complete
richards-noopt,return,placement,immediate,,0,0,0,0,0,0,,,,,,,,,,,,,,complete
richards-noopt,return,placement,terminal_external,,1,0,0,0,0,0,,,,,,,,,,,,,,complete
richards-noopt,dynamic,srcmethodsel,attempt,,0,0,0,0,0,0,,,,,,,,,,,,,,complete
richards-noopt,dynamic,srcmethodsel,success,,0,0,0,0,0,0,,,,,,,,,,,,,,complete
richards-noopt,dynamic,srcmethodsel,failure,,0,0,0,0,0,0,,,,,,,,,,,,,,complete
richards-noopt,dynamic,srcfprocsel,attempt,,0,0,0,0,0,0,,,,,,,,,,,,,,complete
richards-noopt,dynamic,srcfprocsel,success,,0,0,0,0,0,0,,,,,,,,,,,,,,complete
richards-noopt,dynamic,srcfprocsel,failure,,0,0,0,0,0,0,,,,,,,,,,,,,,complete
richards-noopt,mechanics,call_window,setup_swaps,,9,0,0,0,0,0,,,,,,,,,,,,,,complete
richards-noopt,mechanics,call_window,normal_restoration_swaps,,9,0,0,0,0,0,,,,,,,,,,,,,,complete
richards-noopt,mechanics,call_window,unclassified_swaps,,0,0,0,0,0,0,,,,,,,,,,,,,,complete
richards-noopt,mechanics,call_window,defensive_argument_copies,,0,0,0,0,0,0,,,,,,,,,,,,,,complete
richards-noopt,mechanics,call_window,unclassified_copies,,1,0,0,0,0,0,,,,,,,,,,,,,,complete
richards-noopt,mechanics,call_window,attribution_degraded,,0,0,0,0,0,0,,,,,,,,,,,,,,complete
richards-noopt,unwind,signal,events,,0,0,0,0,0,0,,,,,,,,,,,,,,complete
richards-noopt,unwind,signal,bytecode_frames_discarded,,0,0,0,0,0,0,,,,,,,,,,,,,,complete
richards-noopt,unwind,signal,argument_windows_restored,,0,0,0,0,0,0,,,,,,,,,,,,,,complete
richards-noopt,unwind,signal,argument_slots_restored,,0,0,0,0,0,0,,,,,,,,,,,,,,complete
richards-noopt,unwind,signal,interrupted_native_windows_restored,,0,0,0,0,0,0,,,,,,,,,,,,,,complete
richards-noopt,unwind,signal,interrupted_native_slots_restored,,0,0,0,0,0,0,,,,,,,,,,,,,,complete
richards-noopt,unwind,signal,restoration_failures,,0,0,0,0,0,0,,,,,,,,,,,,,,complete
richards-noopt,call,awfy_richards.main,external_root,0,1,0,0,0,0,0,1,,,,benchmark_awfy_richards_noopt,procedure,,,fresh,success,0,0,0,complete
richards-noopt,call,awfy_richards.richardsscheduler.§factory,direct_bytecode,74,1,0,0,0,0,0,0,,,,benchmark_awfy_richards_noopt,factory,,,fresh,success,0,0,0,complete
richards-noopt,call,awfy_richards.richardsscheduler.run,direct_bytecode,80,1,0,0,0,0,0,1,,,,benchmark_awfy_richards_noopt,method,,,fresh,success,0,0,0,complete
richards-noopt,call,awfy_richards.richardsscheduler.createtask,direct_bytecode,305,1,0,0,0,0,0,7,,,,benchmark_awfy_richards_noopt,method,,,fresh,success,1,1,0,complete
richards-noopt,call,awfy_richards.richardsscheduler.createpacket,direct_bytecode,324,1,0,0,0,0,0,4,,,,benchmark_awfy_richards_noopt,method,,,fresh,success,0,0,0,complete
richards-noopt,call,awfy_richards.richardsscheduler.createpacket,direct_bytecode,340,1,0,0,0,0,0,4,,,,benchmark_awfy_richards_noopt,method,,,reused,success,0,0,0,complete
richards-noopt,call,awfy_richards.richardsscheduler.createtask,direct_bytecode,374,1,0,0,0,0,0,7,,,,benchmark_awfy_richards_noopt,method,,,reused,success,2,2,0,complete
richards-noopt,call,awfy_richards.richardsscheduler.createpacket,direct_bytecode,396,1,0,0,0,0,0,4,,,,benchmark_awfy_richards_noopt,method,,,reused,success,0,0,0,complete
richards-noopt,call,awfy_richards.richardsscheduler.createpacket,direct_bytecode,412,1,0,0,0,0,0,4,,,,benchmark_awfy_richards_noopt,method,,,reused,success,0,0,0,complete
richards-noopt,call,awfy_richards.richardsscheduler.createpacket,direct_bytecode,428,1,0,0,0,0,0,4,,,,benchmark_awfy_richards_noopt,method,,,reused,success,0,0,0,complete
richards-noopt,call,awfy_richards.richardsscheduler.createtask,direct_bytecode,462,1,0,0,0,0,0,7,,,,benchmark_awfy_richards_noopt,method,,,reused,success,2,2,0,complete
richards-noopt,call,awfy_richards.richardsscheduler.createpacket,direct_bytecode,484,1,0,0,0,0,0,4,,,,benchmark_awfy_richards_noopt,method,,,reused,success,0,0,0,complete
richards-noopt,call,awfy_richards.richardsscheduler.createpacket,direct_bytecode,500,1,0,0,0,0,0,4,,,,benchmark_awfy_richards_noopt,method,,,reused,success,0,0,0,complete
richards-noopt,call,awfy_richards.richardsscheduler.createpacket,direct_bytecode,516,1,0,0,0,0,0,4,,,,benchmark_awfy_richards_noopt,method,,,reused,success,0,0,0,complete
richards-noopt,call,awfy_richards.richardsscheduler.createtask,direct_bytecode,550,1,0,0,0,0,0,7,,,,benchmark_awfy_richards_noopt,method,,,reused,success,2,2,0,complete
richards-noopt,call,awfy_richards.richardsscheduler.createtask,direct_bytecode,587,1,0,0,0,0,0,7,,,,benchmark_awfy_richards_noopt,method,,,reused,success,1,1,0,complete
richards-noopt,call,awfy_richards.richardsscheduler.createtask,direct_bytecode,621,1,0,0,0,0,0,7,,,,benchmark_awfy_richards_noopt,method,,,reused,success,1,1,0,complete
richards-noopt,call,awfy_richards.richardsscheduler.schedule,direct_bytecode,631,1,0,0,0,0,0,1,,,,benchmark_awfy_richards_noopt,method,,,fresh,success,0,0,0,complete
richards-noopt,call,awfy_richards.richardsscheduler.isholdingorwaiting,direct_bytecode,2805,1,0,0,0,0,0,2,,,,benchmark_awfy_richards_noopt,method,,,fresh,success,0,0,0,complete
richards-noopt,call,awfy_richards.richardsscheduler.isholdingorwaiting,direct_bytecode,2805,106603,0,0,0,0,0,2,,,,benchmark_awfy_richards_noopt,method,,,reused,success,0,0,0,complete
richards-noopt,call,awfy_richards.richardsscheduler.runtask,direct_bytecode,2857,1,0,0,0,0,0,2,,,,benchmark_awfy_richards_noopt,method,,,fresh,success,0,0,0,complete
richards-noopt,call,awfy_richards.richardsscheduler.iswaitingwithpacket,direct_bytecode,1745,1,0,0,0,0,0,2,,,,benchmark_awfy_richards_noopt,method,,,fresh,success,0,0,0,complete
richards-noopt,call,awfy_richards.richardsscheduler.setpacketpending,direct_bytecode,1822,1,0,0,0,0,0,2,,,,benchmark_awfy_richards_noopt,method,,,fresh,success,0,0,0,complete
richards-noopt,call,awfy_richards.richardsscheduler.runhandler,direct_bytecode,1881,1,0,0,0,0,0,3,,,,benchmark_awfy_richards_noopt,method,,,fresh,success,0,0,0,complete
richards-noopt,call,awfy_richards.richardsscheduler.appendpacket,direct_bytecode,2376,1,0,0,0,0,0,3,,,,benchmark_awfy_richards_noopt,method,,,fresh,success,0,0,0,complete
richards-noopt,call,awfy_richards.richardsscheduler.markwaiting,direct_bytecode,2412,1,0,0,0,0,0,1,,,,benchmark_awfy_richards_noopt,method,,,fresh,success,0,0,0,complete
richards-noopt,call,awfy_richards.richardsscheduler.runtask,direct_bytecode,2857,65789,0,0,0,0,0,2,,,,benchmark_awfy_richards_noopt,method,,,reused,success,0,0,0,complete
richards-noopt,call,awfy_richards.richardsscheduler.iswaitingwithpacket,direct_bytecode,1745,65789,0,0,0,0,0,2,,,,benchmark_awfy_richards_noopt,method,,,reused,success,0,0,0,complete
richards-noopt,call,awfy_richards.richardsscheduler.setpacketpending,direct_bytecode,1822,8489,0,0,0,0,0,2,,,,benchmark_awfy_richards_noopt,method,,,reused,success,0,0,0,complete
richards-noopt,call,awfy_richards.richardsscheduler.runhandler,direct_bytecode,1881,23251,0,0,0,0,0,3,,,,benchmark_awfy_richards_noopt,method,,,reused,success,0,0,0,complete
richards-noopt,call,awfy_richards.richardsscheduler.appendpacket,direct_bytecode,2376,9299,0,0,0,0,0,3,,,,benchmark_awfy_richards_noopt,method,,,reused,success,0,0,0,complete
richards-noopt,call,awfy_richards.richardsscheduler.markwaiting,direct_bytecode,2412,2941,0,0,0,0,0,1,,,,benchmark_awfy_richards_noopt,method,,,reused,success,0,0,0,complete
richards-noopt,call,awfy_richards.richardsscheduler.setrunning,direct_bytecode,1812,1,0,0,0,0,0,2,,,,benchmark_awfy_richards_noopt,method,,,fresh,success,0,0,0,complete
richards-noopt,call,awfy_richards.richardsscheduler.setrunning,direct_bytecode,1812,14759,0,0,0,0,0,2,,,,benchmark_awfy_richards_noopt,method,,,reused,success,0,0,0,complete
richards-noopt,call,awfy_richards.richardsscheduler.runworker,direct_bytecode,1855,1,0,0,0,0,0,2,,,,benchmark_awfy_richards_noopt,method,,,fresh,success,0,0,0,complete
richards-noopt,call,awfy_richards.richardsscheduler.queuepacket,direct_bytecode,2284,1,0,0,0,0,0,2,,,,benchmark_awfy_richards_noopt,method,,,fresh,success,0,0,0,complete
richards-noopt,call,awfy_richards.richardsscheduler.findtask,direct_bytecode,1644,1,0,0,0,0,0,2,,,,benchmark_awfy_richards_noopt,method,,,fresh,success,0,0,0,complete
richards-noopt,call,awfy_richards.richardsscheduler.addinput,direct_bytecode,1722,1,0,0,0,0,0,4,,,,benchmark_awfy_richards_noopt,method,,,fresh,success,0,0,0,complete
richards-noopt,call,awfy_richards.richardsscheduler.appendpacket,direct_bytecode,2342,2327,0,0,0,0,0,3,,,,benchmark_awfy_richards_noopt,method,,,reused,success,0,0,0,complete
richards-noopt,call,awfy_richards.richardsscheduler.queuepacket,direct_bytecode,2676,9300,0,0,0,0,0,2,,,,benchmark_awfy_richards_noopt,method,,,reused,success,0,0,0,complete
richards-noopt,call,awfy_richards.richardsscheduler.findtask,direct_bytecode,1644,23245,0,0,0,0,0,2,,,,benchmark_awfy_richards_noopt,method,,,reused,success,0,0,0,complete
richards-noopt,call,awfy_richards.richardsscheduler.addinput,direct_bytecode,1722,23245,0,0,0,0,0,4,,,,benchmark_awfy_richards_noopt,method,,,reused,success,0,0,0,complete
richards-noopt,call,awfy_richards.richardsscheduler.rundevice,direct_bytecode,1908,1,0,0,0,0,0,3,,,,benchmark_awfy_richards_noopt,method,,,fresh,success,0,0,0,complete
richards-noopt,call,awfy_richards.richardsscheduler.holdself,direct_bytecode,2763,1,0,0,0,0,0,1,,,,benchmark_awfy_richards_noopt,method,,,fresh,success,0,0,0,complete
richards-noopt,call,awfy_richards.richardsscheduler.appendpacket,direct_bytecode,1400,8487,0,0,0,0,0,3,,,,benchmark_awfy_richards_noopt,method,,,reused,success,0,0,0,complete
richards-noopt,call,awfy_richards.richardsscheduler.markwaiting,direct_bytecode,2497,8685,0,0,0,0,0,1,,,,benchmark_awfy_richards_noopt,method,,,reused,success,0,0,0,complete
richards-noopt,call,awfy_richards.richardsscheduler.runworker,direct_bytecode,1855,4653,0,0,0,0,0,2,,,,benchmark_awfy_richards_noopt,method,,,reused,success,0,0,0,complete
richards-noopt,call,awfy_richards.richardsscheduler.markwaiting,direct_bytecode,2069,2327,0,0,0,0,0,1,,,,benchmark_awfy_richards_noopt,method,,,reused,success,0,0,0,complete
richards-noopt,call,awfy_richards.richardsscheduler.queuepacket,direct_bytecode,2284,2326,0,0,0,0,0,2,,,,benchmark_awfy_richards_noopt,method,,,reused,success,0,0,0,complete
richards-noopt,call,awfy_richards.richardsscheduler.rundevice,direct_bytecode,1908,27883,0,0,0,0,0,3,,,,benchmark_awfy_richards_noopt,method,,,reused,success,0,0,0,complete
richards-noopt,call,awfy_richards.richardsscheduler.holdself,direct_bytecode,2763,9295,0,0,0,0,0,1,,,,benchmark_awfy_richards_noopt,method,,,reused,success,0,0,0,complete
richards-noopt,call,awfy_richards.richardsscheduler.runidler,direct_bytecode,1837,1,0,0,0,0,0,1,,,,benchmark_awfy_richards_noopt,method,,,fresh,success,0,0,0,complete
richards-noopt,call,awfy_richards.richardsscheduler.release,direct_bytecode,2046,1,0,0,0,0,0,2,,,,benchmark_awfy_richards_noopt,method,,,fresh,success,0,0,0,complete
richards-noopt,call,awfy_richards.richardsscheduler.findtask,direct_bytecode,1547,9999,0,0,0,0,0,2,,,,benchmark_awfy_richards_noopt,method,,,reused,success,0,0,0,complete
richards-noopt,call,awfy_richards.richardsscheduler.queuepacket,direct_bytecode,2741,9294,0,0,0,0,0,2,,,,benchmark_awfy_richards_noopt,method,,,reused,success,0,0,0,complete
richards-noopt,call,awfy_richards.richardsscheduler.markwaiting,direct_bytecode,2719,9294,0,0,0,0,0,1,,,,benchmark_awfy_richards_noopt,method,,,reused,success,0,0,0,complete
richards-noopt,call,awfy_richards.richardsscheduler.queuepacket,direct_bytecode,2467,2325,0,0,0,0,0,2,,,,benchmark_awfy_richards_noopt,method,,,reused,success,0,0,0,complete
richards-noopt,call,awfy_richards.richardsscheduler.runidler,direct_bytecode,1837,9999,0,0,0,0,0,1,,,,benchmark_awfy_richards_noopt,method,,,reused,success,0,0,0,complete
richards-noopt,call,awfy_richards.richardsscheduler.release,direct_bytecode,2015,5007,0,0,0,0,0,2,,,,benchmark_awfy_richards_noopt,method,,,reused,success,0,0,0,complete
richards-noopt,call,awfy_richards.richardsscheduler.release,direct_bytecode,2046,4991,0,0,0,0,0,2,,,,benchmark_awfy_richards_noopt,method,,,reused,success,0,0,0,complete
richards-noopt,call,awfy_richards.richardsscheduler.holdself,direct_bytecode,1972,1,0,0,0,0,0,1,,,,benchmark_awfy_richards_noopt,method,,,reused,success,0,0,0,complete
richards-noopt,call,awfy_richards.richardsscheduler.queuecount,direct_bytecode,87,1,0,0,0,0,0,1,,,,benchmark_awfy_richards_noopt,method,,,fresh,success,0,0,0,complete
richards-noopt,call,awfy_richards.richardsscheduler.holdcount,direct_bytecode,94,1,0,0,0,0,0,1,,,,benchmark_awfy_richards_noopt,method,,,fresh,success,0,0,0,complete
richards-opt,status,instructions,complete,,0,0,0,0,0,0,,,,,,,,,,,,,,complete
richards-opt,status,procedures,complete,,0,0,0,0,0,0,,,,,,,,,,,,,,complete
richards-opt,status,allocations,complete,,0,0,0,0,0,0,,,,,,,,,,,,,,complete
richards-opt,status,call_census,complete,,0,0,0,0,0,0,,,,,,,,,,,,,,complete
richards-opt,status,frame_entry,complete,,0,0,0,0,0,0,,,,,,,,,,,,,,complete
richards-opt,status,value_operations,complete,,0,0,0,0,0,0,,,,,,,,,,,,,,complete
richards-opt,status,branch_sites,complete,,0,0,0,0,0,0,,,,,,,,,,,,,,complete
richards-opt,value_operation,copy,empty,,26132460,0,0,0,0,0,,,,,,,,,,,0,0,,complete
richards-opt,value_operation,copy,scalar,,23418676,0,0,0,0,0,,,,,,,,,,,0,0,,complete
richards-opt,value_operation,copy,string,,1,0,0,0,0,0,,,,,,,,,,,1,1,,complete
richards-opt,value_operation,copy,object,,6906745,0,0,0,0,0,,,,,,,,,,,448172040,224,,complete
richards-opt,value_operation,integer_copy,scalar,,444850,0,0,0,0,0,,,,,,,,,,,3558800,8,,complete
richards-opt,value_operation,move,scalar,,99035,0,0,0,0,0,,,,,,,,,,,0,0,,complete
richards-opt,value_operation,clear_contents,empty,,222017,0,0,0,0,0,,,,,,,,,,,0,0,,complete
richards-opt,value_operation,clear_contents,scalar,,166989,0,0,0,0,0,,,,,,,,,,,0,0,,complete
richards-opt,value_operation,clear_contents,string,,6,0,0,0,0,0,,,,,,,,,,,80,68,,complete
richards-opt,value_operation,clear_contents,object,,41346,0,0,0,0,0,,,,,,,,,,,1987744,224,,complete
richards-opt,value_operation,destroy,empty,,221961,0,0,0,0,0,,,,,,,,,,,0,0,,complete
richards-opt,value_operation,destroy,scalar,,166989,0,0,0,0,0,,,,,,,,,,,0,0,,complete
richards-opt,value_operation,destroy,string,,6,0,0,0,0,0,,,,,,,,,,,80,68,,complete
richards-opt,value_operation,destroy,object,,41346,0,0,0,0,0,,,,,,,,,,,1987744,224,,complete
richards-opt,value_operation,clear,empty,,134,0,0,0,0,0,,,,,,,,,,,0,0,,complete
richards-opt,value_operation,clear,scalar,,84,0,0,0,0,0,,,,,,,,,,,0,0,,complete
richards-opt,value_operation,clear,string,,4,0,0,0,0,0,,,,,,,,,,,78,68,,complete
richards-opt,value_operation,clear,object,,13,0,0,0,0,0,,,,,,,,,,,2480,224,,complete
richards-opt,frame_entry,local_relink,fresh,187,9,0,0,0,0,0,,,,,,,,,,,,,,complete
richards-opt,frame_entry,local_relink,reused,4344914,119149,0,0,0,0,0,,,,,,,,,,,,,,complete
richards-opt,frame_entry,global_relink,fresh,0,9,0,0,0,0,0,,,,,,,,,,,,,,complete
richards-opt,frame_entry,global_relink,reused,0,119149,0,0,0,0,0,,,,,,,,,,,,,,complete
richards-opt,frame_entry,argument_count_reset,fresh,9,9,0,0,0,0,0,,,,,,,,,,,,,,complete
richards-opt,frame_entry,argument_count_reset,reused,119149,119149,0,0,0,0,0,,,,,,,,,,,,,,complete
richards-opt,frame_entry,inherited_context,fresh,8,8,0,0,0,0,0,,,,,,,,,,,,,,complete
richards-opt,frame_entry,inherited_context,reused,119149,119149,0,0,0,0,0,,,,,,,,,,,,,,complete
richards-opt,frame_entry,root_context,fresh,1,1,0,0,0,0,0,,,,,,,,,,,,,,complete
richards-opt,frame_entry,finalize,fresh,9,9,0,0,0,0,0,,,,,,,,,,,,,,complete
richards-opt,frame_entry,finalize,reused,119149,119149,0,0,0,0,0,,,,,,,,,,,,,,complete
richards-opt,branch,BRTPANDT_ID_REG_INT,,4,1,0,0,0,0,0,0,1,0,0,benchmark_awfy_richards_opt,branch_site,,,,,,,,complete
richards-opt,branch,BR_ID,,11,1,0,0,0,0,0,1,0,0,0,benchmark_awfy_richards_opt,branch_site,,,,,,,,complete
richards-opt,branch,BRF_ID_REG,,27,1,0,0,0,0,0,0,1,0,0,benchmark_awfy_richards_opt,branch_site,,,,,,,,complete
richards-opt,branch,BRF_ID_REG,,43,1,0,0,0,0,0,1,0,0,0,benchmark_awfy_richards_opt,branch_site,,,,,,,,complete
richards-opt,branch,BRT_ID_REG,,71,2,0,0,0,0,0,1,1,0,0,benchmark_awfy_richards_opt,branch_site,,,,,,,,complete
richards-opt,branch,BRF_ID_REG,,6627,106605,0,0,0,0,0,1,106604,0,0,benchmark_awfy_richards_opt,branch_site,,,,,,,,complete
richards-opt,branch,BRF_ID_REG,,6651,106604,0,0,0,0,0,101043,5561,0,0,benchmark_awfy_richards_opt,branch_site,,,,,,,,complete
richards-opt,branch,BRF_ID_REG,,6673,101043,0,0,0,0,0,59880,41163,0,0,benchmark_awfy_richards_opt,branch_site,,,,,,,,complete
richards-opt,branch,BRF_ID_REG,,6695,59880,0,0,0,0,0,24627,35253,0,0,benchmark_awfy_richards_opt,branch_site,,,,,,,,complete
richards-opt,branch,BRTF_ID_ID_REG,,6701,35253,0,0,0,0,0,35253,0,0,0,benchmark_awfy_richards_opt,branch_site,,,,,,,,complete
richards-opt,branch,BR_ID,,6741,40814,0,0,0,0,0,40814,0,40814,0,benchmark_awfy_richards_opt,branch_site,,,,,,,,complete
richards-opt,branch,BR_ID,,6682,41163,0,0,0,0,0,41163,0,0,0,benchmark_awfy_richards_opt,branch_site,,,,,,,,complete
richards-opt,branch,BRF_ID_REG,,6715,46724,0,0,0,0,0,41163,5561,0,0,benchmark_awfy_richards_opt,branch_site,,,,,,,,complete
richards-opt,branch,BRF_ID_REG,,2965,65790,0,0,0,0,0,41163,24627,0,0,benchmark_awfy_richards_opt,branch_site,,,,,,,,complete
richards-opt,branch,BRF_ID_REG,,2993,41163,0,0,0,0,0,23250,17913,0,0,benchmark_awfy_richards_opt,branch_site,,,,,,,,complete
richards-opt,branch,BRF_ID_REG,,3012,23250,0,0,0,0,0,23250,0,0,0,benchmark_awfy_richards_opt,branch_site,,,,,,,,complete
richards-opt,branch,BRTF_ID_ID_REG,,3034,23250,0,0,0,0,0,23250,0,0,0,benchmark_awfy_richards_opt,branch_site,,,,,,,,complete
richards-opt,branch,BRF_ID_REG,,3094,23250,0,0,0,0,0,8490,14760,0,0,benchmark_awfy_richards_opt,branch_site,,,,,,,,complete
richards-opt,branch,BRF_ID_REG,,3181,65790,0,0,0,0,0,55790,10000,0,0,benchmark_awfy_richards_opt,branch_site,,,,,,,,complete
richards-opt,branch,BRF_ID_REG,,3374,55790,0,0,0,0,0,51136,4654,0,0,benchmark_awfy_richards_opt,branch_site,,,,,,,,complete
richards-opt,branch,BRT_ID_REG,,3653,51136,0,0,0,0,0,11621,39515,0,0,benchmark_awfy_richards_opt,branch_site,,,,,,,,complete
richards-opt,branch,BRF_ID_REG,,3660,51136,0,0,0,0,0,27884,23252,0,0,benchmark_awfy_richards_opt,branch_site,,,,,,,,complete
richards-opt,branch,BRF_ID_REG,,3670,23252,0,0,0,0,0,11625,11627,0,0,benchmark_awfy_richards_opt,branch_site,,,,,,,,complete
richards-opt,branch,BRF_ID_REG,,3689,11627,0,0,0,0,0,9300,2327,0,0,benchmark_awfy_richards_opt,branch_site,,,,,,,,complete
richards-opt,branch,BRF_ID_REG,,2067,20114,0,0,0,0,0,10127,9987,0,0,benchmark_awfy_richards_opt,branch_site,,,,,,,,complete
richards-opt,branch,BRF_ID_REG,,3775,23252,0,0,0,0,0,20310,2942,0,0,benchmark_awfy_richards_opt,branch_site,,,,,,,,complete
richards-opt,branch,BR_ID,,3815,2942,0,0,0,0,0,2942,0,0,0,benchmark_awfy_richards_opt,branch_site,,,,,,,,complete
richards-opt,branch,BR_ID,,6771,65790,0,0,0,0,0,65790,0,65790,0,benchmark_awfy_richards_opt,branch_site,,,,,,,,complete
richards-opt,branch,BRF_ID_REG,,2093,10467,0,0,0,0,0,10127,340,0,0,benchmark_awfy_richards_opt,branch_site,,,,,,,,complete
richards-opt,branch,BR_ID,,3136,14760,0,0,0,0,0,14760,0,0,0,benchmark_awfy_richards_opt,branch_site,,,,,,,,complete
richards-opt,branch,BR_ID,,2113,340,0,0,0,0,0,340,0,340,0,benchmark_awfy_richards_opt,branch_site,,,,,,,,complete
richards-opt,branch,BRF_ID_REG,,3384,4654,0,0,0,0,0,2327,2327,0,0,benchmark_awfy_richards_opt,branch_site,,,,,,,,complete
richards-opt,branch,BRF_ID_REG,,3436,2327,0,0,0,0,0,1163,1164,0,0,benchmark_awfy_richards_opt,branch_site,,,,,,,,complete
richards-opt,branch,BR_ID,,3446,1164,0,0,0,0,0,1164,0,0,0,benchmark_awfy_richards_opt,branch_site,,,,,,,,complete
richards-opt,branch,BRT_ID_REG,,3498,11635,0,0,0,0,0,2327,9308,0,0,benchmark_awfy_richards_opt,branch_site,,,,,,,,complete
richards-opt,branch,BRF_ID_REG,,3525,9308,0,0,0,0,0,8951,357,0,0,benchmark_awfy_richards_opt,branch_site,,,,,,,,complete
richards-opt,branch,BRF_ID_REG,,3553,9308,0,0,0,0,0,6981,2327,0,0,benchmark_awfy_richards_opt,branch_site,,,,,,,,complete
richards-opt,branch,BR_ID,,3569,2327,0,0,0,0,0,2327,0,0,0,benchmark_awfy_richards_opt,branch_site,,,,,,,,complete
richards-opt,branch,BCTP_ID_REG,,3628,9308,0,0,0,0,0,9308,0,9308,0,benchmark_awfy_richards_opt,branch_site,,,,,,,,complete
richards-opt,branch,BRF_ID_REG,,3575,6981,0,0,0,0,0,4654,2327,0,0,benchmark_awfy_richards_opt,branch_site,,,,,,,,complete
richards-opt,branch,BR_ID,,3591,2327,0,0,0,0,0,2327,0,0,0,benchmark_awfy_richards_opt,branch_site,,,,,,,,complete
richards-opt,branch,BRF_ID_REG,,3597,4654,0,0,0,0,0,2327,2327,0,0,benchmark_awfy_richards_opt,branch_site,,,,,,,,complete
richards-opt,branch,BR_ID,,3613,2327,0,0,0,0,0,2327,0,0,0,benchmark_awfy_richards_opt,branch_site,,,,,,,,complete
richards-opt,branch,BRT_ID_REG,,2711,23246,0,0,0,0,0,0,23246,0,0,benchmark_awfy_richards_opt,branch_site,,,,,,,,complete
richards-opt,branch,BRF_ID_REG,,2718,23246,0,0,0,0,0,23246,0,0,0,benchmark_awfy_richards_opt,branch_site,,,,,,,,complete
richards-opt,branch,BR_ID,,2732,23246,0,0,0,0,0,23246,0,0,0,benchmark_awfy_richards_opt,branch_site,,,,,,,,complete
richards-opt,branch,BRF_ID_REG,,2741,23246,0,0,0,0,0,23246,0,0,0,benchmark_awfy_richards_opt,branch_site,,,,,,,,complete
richards-opt,branch,BRF_ID_REG,,2821,23246,0,0,0,0,0,8487,14759,0,0,benchmark_awfy_richards_opt,branch_site,,,,,,,,complete
richards-opt,branch,BRF_ID_REG,,2875,14759,0,0,0,0,0,11619,3140,0,0,benchmark_awfy_richards_opt,branch_site,,,,,,,,complete
richards-opt,branch,BR_ID,,2887,3140,0,0,0,0,0,3140,0,0,0,benchmark_awfy_richards_opt,branch_site,,,,,,,,complete
richards-opt,branch,BR_ID,,3645,2327,0,0,0,0,0,2327,0,0,0,benchmark_awfy_richards_opt,branch_site,,,,,,,,complete
richards-opt,branch,BR_ID,,3724,2327,0,0,0,0,0,2327,0,0,0,benchmark_awfy_richards_opt,branch_site,,,,,,,,complete
richards-opt,branch,BRF_ID_REG,,3835,20310,0,0,0,0,0,17985,2325,0,0,benchmark_awfy_richards_opt,branch_site,,,,,,,,complete
richards-opt,branch,BRF_ID_REG,,3896,17985,0,0,0,0,0,9300,8685,0,0,benchmark_awfy_richards_opt,branch_site,,,,,,,,complete
richards-opt,branch,BRF_ID_REG,,3967,9300,0,0,0,0,0,6975,2325,0,0,benchmark_awfy_richards_opt,branch_site,,,,,,,,complete
richards-opt,branch,UNLINKBR_REG_ID,,3994,2325,0,0,0,0,0,2325,0,0,0,benchmark_awfy_richards_opt,branch_site,,,,,,,,complete
richards-opt,branch,BR_ID,,4122,9300,0,0,0,0,0,9300,0,0,0,benchmark_awfy_richards_opt,branch_site,,,,,,,,complete
richards-opt,branch,BRT_ID_REG,,4130,27884,0,0,0,0,0,13936,13948,0,0,benchmark_awfy_richards_opt,branch_site,,,,,,,,complete
richards-opt,branch,BRF_ID_REG,,4137,27884,0,0,0,0,0,0,27884,0,0,benchmark_awfy_richards_opt,branch_site,,,,,,,,complete
richards-opt,branch,BRF_ID_REG,,4147,27884,0,0,0,0,0,9296,18588,0,0,benchmark_awfy_richards_opt,branch_site,,,,,,,,complete
richards-opt,branch,BR_ID,,4315,9296,0,0,0,0,0,9296,0,0,0,benchmark_awfy_richards_opt,branch_site,,,,,,,,complete
richards-opt,branch,BRTF_ID_ID_REG,,6711,24627,0,0,0,0,0,24627,0,0,0,benchmark_awfy_richards_opt,branch_site,,,,,,,,complete
richards-opt,branch,BR_ID,,2974,24627,0,0,0,0,0,24627,0,0,0,benchmark_awfy_richards_opt,branch_site,,,,,,,,complete
richards-opt,branch,BRF_ID_REG,,3038,42540,0,0,0,0,0,42540,0,0,0,benchmark_awfy_richards_opt,branch_site,,,,,,,,complete
richards-opt,branch,BRF_ID_REG,,4001,6975,0,0,0,0,0,4650,2325,0,0,benchmark_awfy_richards_opt,branch_site,,,,,,,,complete
richards-opt,branch,UNLINKBR_REG_ID,,4028,2325,0,0,0,0,0,2325,0,0,0,benchmark_awfy_richards_opt,branch_site,,,,,,,,complete
richards-opt,branch,BR_ID,,6660,5561,0,0,0,0,0,5561,0,0,0,benchmark_awfy_richards_opt,branch_site,,,,,,,,complete
richards-opt,branch,BRF_ID_REG,,4035,4650,0,0,0,0,0,2325,2325,0,0,benchmark_awfy_richards_opt,branch_site,,,,,,,,complete
richards-opt,branch,UNLINKBR_REG_ID,,4062,2325,0,0,0,0,0,2325,0,0,0,benchmark_awfy_richards_opt,branch_site,,,,,,,,complete
richards-opt,branch,BR_ID,,2932,20106,0,0,0,0,0,20106,0,0,0,benchmark_awfy_richards_opt,branch_site,,,,,,,,complete
richards-opt,branch,BR_ID,,3936,8685,0,0,0,0,0,8685,0,0,0,benchmark_awfy_richards_opt,branch_site,,,,,,,,complete
richards-opt,branch,BR_ID,,3002,17913,0,0,0,0,0,17913,0,0,0,benchmark_awfy_richards_opt,branch_site,,,,,,,,complete
richards-opt,branch,BR_ID,,3424,2327,0,0,0,0,0,2327,0,0,0,benchmark_awfy_richards_opt,branch_site,,,,,,,,complete
richards-opt,branch,BRF_ID_REG,,3211,10000,0,0,0,0,0,9999,1,0,0,benchmark_awfy_richards_opt,branch_site,,,,,,,,complete
richards-opt,branch,BRF_ID_REG,,3295,9999,0,0,0,0,0,4992,5007,0,0,benchmark_awfy_richards_opt,branch_site,,,,,,,,complete
richards-opt,branch,BRT_ID_REG,,2591,9999,0,0,0,0,0,0,9999,0,0,benchmark_awfy_richards_opt,branch_site,,,,,,,,complete
richards-opt,branch,BRF_ID_REG,,2598,9999,0,0,0,0,0,9999,0,0,0,benchmark_awfy_richards_opt,branch_site,,,,,,,,complete
richards-opt,branch,BR_ID,,2612,9999,0,0,0,0,0,9999,0,0,0,benchmark_awfy_richards_opt,branch_site,,,,,,,,complete
richards-opt,branch,BRF_ID_REG,,2618,9999,0,0,0,0,0,9999,0,0,0,benchmark_awfy_richards_opt,branch_site,,,,,,,,complete
richards-opt,branch,BRF_ID_REG,,2670,9999,0,0,0,0,0,0,9999,0,0,benchmark_awfy_richards_opt,branch_site,,,,,,,,complete
richards-opt,branch,BR_ID,,3366,4992,0,0,0,0,0,4992,0,0,0,benchmark_awfy_richards_opt,branch_site,,,,,,,,complete
richards-opt,branch,BRF_ID_REG,,4167,18588,0,0,0,0,0,9294,9294,0,0,benchmark_awfy_richards_opt,branch_site,,,,,,,,complete
richards-opt,branch,BR_ID,,4236,9294,0,0,0,0,0,9294,0,0,0,benchmark_awfy_richards_opt,branch_site,,,,,,,,complete
richards-opt,branch,BR_ID,,4207,9294,0,0,0,0,0,9294,0,0,0,benchmark_awfy_richards_opt,branch_site,,,,,,,,complete
richards-opt,branch,BR_ID,,3877,2325,0,0,0,0,0,2325,0,0,0,benchmark_awfy_richards_opt,branch_site,,,,,,,,complete
richards-opt,branch,BR_ID,,3329,5007,0,0,0,0,0,5007,0,0,0,benchmark_awfy_richards_opt,branch_site,,,,,,,,complete
richards-opt,branch,BR_ID,,3279,1,0,0,0,0,0,1,0,0,0,benchmark_awfy_richards_opt,branch_site,,,,,,,,complete
richards-opt,branch,BRF_ID_REG,,1725,1,0,0,0,0,0,1,0,0,0,benchmark_awfy_richards_opt,branch_site,,,,,,,,complete
richards-opt,branch,BRF_ID_REG,,1740,1,0,0,0,0,0,1,0,0,0,benchmark_awfy_richards_opt,branch_site,,,,,,,,complete
richards-opt,branch,BRF_ID_REG,,184,1,0,0,0,0,0,1,0,0,0,benchmark_awfy_richards_opt,branch_site,,,,,,,,complete
richards-opt,branch,BCTP_ID_REG,,219,1,0,0,0,0,0,1,0,1,0,benchmark_awfy_richards_opt,branch_site,,,,,,,,complete
richards-opt,census,call_path,direct_bytecode,,119157,0,0,0,0,0,,,,,,,,,,,,,,complete
richards-opt,census,call_path,direct_native,,0,0,0,0,0,0,,,,,,,,,,,,,,complete
richards-opt,census,call_path,dynamic_bytecode,,0,0,0,0,0,0,,,,,,,,,,,,,,complete
richards-opt,census,call_path,dynamic_native,,0,0,0,0,0,0,,,,,,,,,,,,,,complete
richards-opt,census,call_path,external_root,,1,0,0,0,0,0,,,,,,,,,,,,,,complete
richards-opt,census,call_path,signal_bytecode,,0,0,0,0,0,0,,,,,,,,,,,,,,complete
richards-opt,census,call_path,signal_native,,0,0,0,0,0,0,,,,,,,,,,,,,,complete
richards-opt,census,arity,1,,3,0,0,0,0,0,,,,,,,,,,,,,,complete
richards-opt,census,arity,4,,3,0,0,0,0,0,,,,,,,,,,,,,,complete
richards-opt,census,arity,7,,3,0,0,0,0,0,,,,,,,,,,,,,,complete
richards-opt,census,arity,2,,99035,0,0,0,0,0,,,,,,,,,,,,,,complete
richards-opt,census,arity,3,,20114,0,0,0,0,0,,,,,,,,,,,,,,complete
richards-opt,census,callable_kind,procedure,,1,0,0,0,0,0,,,,,,,,,,,,,,complete
richards-opt,census,callable_kind,method,,119157,0,0,0,0,0,,,,,,,,,,,,,,complete
richards-opt,census,callable_kind,factory,,0,0,0,0,0,0,,,,,,,,,,,,,,complete
richards-opt,census,callable_kind,native,,0,0,0,0,0,0,,,,,,,,,,,,,,complete
richards-opt,census,callable_kind,unknown,,0,0,0,0,0,0,,,,,,,,,,,,,,complete
richards-opt,census,frame_disposition,fresh,,9,0,0,0,0,0,,,,,,,,,,,,,,complete
richards-opt,census,frame_disposition,reused,,119149,0,0,0,0,0,,,,,,,,,,,,,,complete
richards-opt,census,frame_disposition,no_child_native,,0,0,0,0,0,0,,,,,,,,,,,,,,complete
richards-opt,census,frame_disposition,none_failed,,0,0,0,0,0,0,,,,,,,,,,,,,,complete
richards-opt,census,call_outcome,success,,119158,0,0,0,0,0,,,,,,,,,,,,,,complete
richards-opt,census,call_outcome,unresolved,,0,0,0,0,0,0,,,,,,,,,,,,,,complete
richards-opt,census,call_outcome,frame_failed,,0,0,0,0,0,0,,,,,,,,,,,,,,complete
richards-opt,census,call_outcome,invalid,,0,0,0,0,0,0,,,,,,,,,,,,,,complete
richards-opt,return,placement,void,,4,0,0,0,0,0,,,,,,,,,,,,,,complete
richards-opt,return,placement,ret_reg_move_local,,99035,0,0,0,0,0,,,,,,,,,,,,,,complete
richards-opt,return,placement,ret_reg_copy_nonlocal,,20117,0,0,0,0,0,,,,,,,,,,,,,,complete
richards-opt,return,placement,value_ignored,,0,0,0,0,0,0,,,,,,,,,,,,,,complete
richards-opt,return,placement,immediate,,1,0,0,0,0,0,,,,,,,,,,,,,,complete
richards-opt,return,placement,terminal_external,,1,0,0,0,0,0,,,,,,,,,,,,,,complete
richards-opt,dynamic,srcmethodsel,attempt,,0,0,0,0,0,0,,,,,,,,,,,,,,complete
richards-opt,dynamic,srcmethodsel,success,,0,0,0,0,0,0,,,,,,,,,,,,,,complete
richards-opt,dynamic,srcmethodsel,failure,,0,0,0,0,0,0,,,,,,,,,,,,,,complete
richards-opt,dynamic,srcfprocsel,attempt,,0,0,0,0,0,0,,,,,,,,,,,,,,complete
richards-opt,dynamic,srcfprocsel,success,,0,0,0,0,0,0,,,,,,,,,,,,,,complete
richards-opt,dynamic,srcfprocsel,failure,,0,0,0,0,0,0,,,,,,,,,,,,,,complete
richards-opt,mechanics,call_window,setup_swaps,,4,0,0,0,0,0,,,,,,,,,,,,,,complete
richards-opt,mechanics,call_window,normal_restoration_swaps,,4,0,0,0,0,0,,,,,,,,,,,,,,complete
richards-opt,mechanics,call_window,unclassified_swaps,,0,0,0,0,0,0,,,,,,,,,,,,,,complete
richards-opt,mechanics,call_window,defensive_argument_copies,,0,0,0,0,0,0,,,,,,,,,,,,,,complete
richards-opt,mechanics,call_window,unclassified_copies,,416260,0,0,0,0,0,,,,,,,,,,,,,,complete
richards-opt,mechanics,call_window,attribution_degraded,,0,0,0,0,0,0,,,,,,,,,,,,,,complete
richards-opt,unwind,signal,events,,0,0,0,0,0,0,,,,,,,,,,,,,,complete
richards-opt,unwind,signal,bytecode_frames_discarded,,0,0,0,0,0,0,,,,,,,,,,,,,,complete
richards-opt,unwind,signal,argument_windows_restored,,0,0,0,0,0,0,,,,,,,,,,,,,,complete
richards-opt,unwind,signal,argument_slots_restored,,0,0,0,0,0,0,,,,,,,,,,,,,,complete
richards-opt,unwind,signal,interrupted_native_windows_restored,,0,0,0,0,0,0,,,,,,,,,,,,,,complete
richards-opt,unwind,signal,interrupted_native_slots_restored,,0,0,0,0,0,0,,,,,,,,,,,,,,complete
richards-opt,unwind,signal,restoration_failures,,0,0,0,0,0,0,,,,,,,,,,,,,,complete
richards-opt,call,awfy_richards.main,external_root,0,1,0,0,0,0,0,1,,,,benchmark_awfy_richards_opt,procedure,,,fresh,success,0,0,0,complete
richards-opt,call,awfy_richards.richardsscheduler.run,direct_bytecode,156,1,0,0,0,0,0,1,,,,benchmark_awfy_richards_opt,method,,,fresh,success,0,0,0,complete
richards-opt,call,awfy_richards.richardsscheduler.createpacket,direct_bytecode,1574,1,0,0,0,0,0,4,,,,benchmark_awfy_richards_opt,method,,,fresh,success,0,0,0,complete
richards-opt,call,awfy_richards.richardsscheduler.createpacket,direct_bytecode,1590,1,0,0,0,0,0,4,,,,benchmark_awfy_richards_opt,method,,,reused,success,0,0,0,complete
richards-opt,call,awfy_richards.richardsscheduler.createpacket,direct_bytecode,1606,1,0,0,0,0,0,4,,,,benchmark_awfy_richards_opt,method,,,reused,success,0,0,0,complete
richards-opt,call,awfy_richards.richardsscheduler.createtask,direct_bytecode,1637,1,0,0,0,0,0,7,,,,benchmark_awfy_richards_opt,method,,,fresh,success,2,2,0,complete
richards-opt,call,awfy_richards.richardsscheduler.createtask,direct_bytecode,1670,1,0,0,0,0,0,7,,,,benchmark_awfy_richards_opt,method,,,reused,success,1,1,0,complete
richards-opt,call,awfy_richards.richardsscheduler.createtask,direct_bytecode,1701,1,0,0,0,0,0,7,,,,benchmark_awfy_richards_opt,method,,,reused,success,1,1,0,complete
richards-opt,call,awfy_richards.richardsscheduler.schedule,direct_bytecode,1711,1,0,0,0,0,0,1,,,,benchmark_awfy_richards_opt,method,,,fresh,success,0,0,0,complete
richards-opt,call,awfy_richards.richardsscheduler.runtask,direct_bytecode,6760,1,0,0,0,0,0,2,,,,benchmark_awfy_richards_opt,method,,,fresh,success,0,0,0,complete
richards-opt,call,awfy_richards.richardsscheduler.appendpacket,direct_bytecode,3745,1,0,0,0,0,0,3,,,,benchmark_awfy_richards_opt,method,,,fresh,success,0,0,0,complete
richards-opt,call,awfy_richards.richardsscheduler.runtask,direct_bytecode,6760,65789,0,0,0,0,0,2,,,,benchmark_awfy_richards_opt,method,,,reused,success,0,0,0,complete
richards-opt,call,awfy_richards.richardsscheduler.appendpacket,direct_bytecode,3745,9299,0,0,0,0,0,3,,,,benchmark_awfy_richards_opt,method,,,reused,success,0,0,0,complete
richards-opt,call,awfy_richards.richardsscheduler.queuepacket,direct_bytecode,3634,1,0,0,0,0,0,2,,,,benchmark_awfy_richards_opt,method,,,fresh,success,0,0,0,complete
richards-opt,call,awfy_richards.richardsscheduler.appendpacket,direct_bytecode,3711,2327,0,0,0,0,0,3,,,,benchmark_awfy_richards_opt,method,,,reused,success,0,0,0,complete
richards-opt,call,awfy_richards.richardsscheduler.queuepacket,direct_bytecode,4111,9300,0,0,0,0,0,2,,,,benchmark_awfy_richards_opt,method,,,reused,success,0,0,0,complete
richards-opt,call,awfy_richards.richardsscheduler.appendpacket,direct_bytecode,2910,8487,0,0,0,0,0,3,,,,benchmark_awfy_richards_opt,method,,,reused,success,0,0,0,complete
richards-opt,call,awfy_richards.richardsscheduler.queuepacket,direct_bytecode,3634,2326,0,0,0,0,0,2,,,,benchmark_awfy_richards_opt,method,,,reused,success,0,0,0,complete
richards-opt,call,awfy_richards.richardsscheduler.release,direct_bytecode,3355,1,0,0,0,0,0,2,,,,benchmark_awfy_richards_opt,method,,,fresh,success,0,0,0,complete
richards-opt,call,awfy_richards.richardsscheduler.queuepacket,direct_bytecode,4225,9294,0,0,0,0,0,2,,,,benchmark_awfy_richards_opt,method,,,reused,success,0,0,0,complete
richards-opt,call,awfy_richards.richardsscheduler.queuepacket,direct_bytecode,3866,2325,0,0,0,0,0,2,,,,benchmark_awfy_richards_opt,method,,,reused,success,0,0,0,complete
richards-opt,call,awfy_richards.richardsscheduler.release,direct_bytecode,3318,5007,0,0,0,0,0,2,,,,benchmark_awfy_richards_opt,method,,,reused,success,0,0,0,complete
richards-opt,call,awfy_richards.richardsscheduler.release,direct_bytecode,3355,4991,0,0,0,0,0,2,,,,benchmark_awfy_richards_opt,method,,,reused,success,0,0,0,complete
json-noopt,status,instructions,complete,,0,0,0,0,0,0,,,,,,,,,,,,,,complete
json-noopt,status,procedures,complete,,0,0,0,0,0,0,,,,,,,,,,,,,,complete
json-noopt,status,allocations,complete,,0,0,0,0,0,0,,,,,,,,,,,,,,complete
json-noopt,status,call_census,complete,,0,0,0,0,0,0,,,,,,,,,,,,,,complete
json-noopt,status,frame_entry,complete,,0,0,0,0,0,0,,,,,,,,,,,,,,complete
json-noopt,status,value_operations,complete,,0,0,0,0,0,0,,,,,,,,,,,,,,complete
json-noopt,status,branch_sites,complete,,0,0,0,0,0,0,,,,,,,,,,,,,,complete
json-noopt,value_operation,copy,empty,,75000,0,0,0,0,0,,,,,,,,,,,0,0,,complete
json-noopt,value_operation,copy,scalar,,395000,0,0,0,0,0,,,,,,,,,,,0,0,,complete
json-noopt,value_operation,copy,string,,75001,0,0,0,0,0,,,,,,,,,,,750004,10,,complete
json-noopt,value_operation,copy,binary,,165000,0,0,0,0,0,,,,,,,,,,,1230000,10,,complete
json-noopt,value_operation,copy,object,,300001,0,0,0,0,0,,,,,,,,,,,2400008,8,,complete
json-noopt,value_operation,copy,compound,,2895000,0,0,0,0,0,,,,,,,,,,,3491370000,1206,,complete
json-noopt,value_operation,string_copy,string,,205000,0,0,0,0,0,,,,,,,,,,,7395000,603,,complete
json-noopt,value_operation,binary_copy,binary,,10000,0,0,0,0,0,,,,,,,,,,,100000,10,,complete
json-noopt,value_operation,binary_copy,compound,,5000,0,0,0,0,0,,,,,,,,,,,100000,20,,complete
json-noopt,value_operation,integer_copy,scalar,,1950000,0,0,0,0,0,,,,,,,,,,,15600000,8,,complete
json-noopt,value_operation,move,scalar,,220000,0,0,0,0,0,,,,,,,,,,,0,0,,complete
json-noopt,value_operation,move,compound,,15000,0,0,0,0,0,,,,,,,,,,,18090000,1206,,complete
json-noopt,value_operation,clear_contents,empty,,170861,0,0,0,0,0,,,,,,,,,,,0,0,,complete
json-noopt,value_operation,clear_contents,scalar,,90198,0,0,0,0,0,,,,,,,,,,,0,0,,complete
json-noopt,value_operation,clear_contents,string,,24,0,0,0,0,0,,,,,,,,,,,2004,603,,complete
json-noopt,value_operation,clear_contents,binary,,13,0,0,0,0,0,,,,,,,,,,,94,10,,complete
json-noopt,value_operation,clear_contents,object,,18,0,0,0,0,0,,,,,,,,,,,144,8,,complete
json-noopt,value_operation,clear_contents,compound,,15058,0,0,0,0,0,,,,,,,,,,,18158762,1206,,complete
json-noopt,value_operation,reset_reuse,empty,,9999,0,0,0,0,0,,,,,,,,,,,0,0,,complete
json-noopt,value_operation,reset_reuse,scalar,,9999,0,0,0,0,0,,,,,,,,,,,0,0,,complete
json-noopt,value_operation,reset_reuse,string,,9999,0,0,0,0,0,,,,,,,,,,,99990,10,,complete
json-noopt,value_operation,reset_reuse,binary,,9999,0,0,0,0,0,,,,,,,,,,,99990,10,,complete
json-noopt,value_operation,destroy,empty,,130869,0,0,0,0,0,,,,,,,,,,,0,0,,complete
json-noopt,value_operation,destroy,scalar,,90198,0,0,0,0,0,,,,,,,,,,,0,0,,complete
json-noopt,value_operation,destroy,string,,24,0,0,0,0,0,,,,,,,,,,,2004,603,,complete
json-noopt,value_operation,destroy,binary,,13,0,0,0,0,0,,,,,,,,,,,94,10,,complete
json-noopt,value_operation,destroy,object,,18,0,0,0,0,0,,,,,,,,,,,144,8,,complete
json-noopt,value_operation,destroy,compound,,15058,0,0,0,0,0,,,,,,,,,,,18158762,1206,,complete
json-noopt,value_operation,clear,empty,,704,0,0,0,0,0,,,,,,,,,,,0,0,,complete
json-noopt,value_operation,clear,scalar,,197,0,0,0,0,0,,,,,,,,,,,0,0,,complete
json-noopt,value_operation,clear,string,,18,0,0,0,0,0,,,,,,,,,,,1956,603,,complete
json-noopt,value_operation,clear,binary,,9,0,0,0,0,0,,,,,,,,,,,54,10,,complete
json-noopt,value_operation,clear,object,,18,0,0,0,0,0,,,,,,,,,,,144,8,,complete
json-noopt,value_operation,clear,compound,,58,0,0,0,0,0,,,,,,,,,,,68762,1206,,complete
json-noopt,frame_entry,local_relink,fresh,953,12,0,0,0,0,0,,,,,,,,,,,,,,complete
json-noopt,frame_entry,local_relink,reused,69409058,744989,0,0,0,0,0,,,,,,,,,,,,,,complete
json-noopt,frame_entry,global_relink,fresh,0,12,0,0,0,0,0,,,,,,,,,,,,,,complete
json-noopt,frame_entry,global_relink,reused,0,744989,0,0,0,0,0,,,,,,,,,,,,,,complete
json-noopt,frame_entry,argument_count_reset,fresh,12,12,0,0,0,0,0,,,,,,,,,,,,,,complete
json-noopt,frame_entry,argument_count_reset,reused,744989,744989,0,0,0,0,0,,,,,,,,,,,,,,complete
json-noopt,frame_entry,inherited_context,fresh,11,11,0,0,0,0,0,,,,,,,,,,,,,,complete
json-noopt,frame_entry,inherited_context,reused,744989,744989,0,0,0,0,0,,,,,,,,,,,,,,complete
json-noopt,frame_entry,root_context,fresh,1,1,0,0,0,0,0,,,,,,,,,,,,,,complete
json-noopt,frame_entry,finalize,fresh,12,12,0,0,0,0,0,,,,,,,,,,,,,,complete
json-noopt,frame_entry,finalize,reused,744989,744989,0,0,0,0,0,,,,,,,,,,,,,,complete
json-noopt,branch,BRTPANDT_ID_REG_INT,,4,1,0,0,0,0,0,0,1,0,0,benchmark_json_parser_noopt,branch_site,,,,,,,,complete
json-noopt,branch,BR_ID,,11,1,0,0,0,0,0,1,0,0,0,benchmark_json_parser_noopt,branch_site,,,,,,,,complete
json-noopt,branch,BRF_ID_REG,,27,1,0,0,0,0,0,0,1,0,0,benchmark_json_parser_noopt,branch_site,,,,,,,,complete
json-noopt,branch,BRF_ID_REG,,43,1,0,0,0,0,0,1,0,0,0,benchmark_json_parser_noopt,branch_site,,,,,,,,complete
json-noopt,branch,BRT_ID_REG,,107,5001,0,0,0,0,0,1,5000,0,0,benchmark_json_parser_noopt,branch_site,,,,,,,,complete
json-noopt,branch,BR_ID,,7645,5000,0,0,0,0,0,5000,0,0,0,rxjson,branch_site,,,,,,,,complete
json-noopt,branch,BRF_ID_REG,,7651,5000,0,0,0,0,0,5000,0,0,0,rxjson,branch_site,,,,,,,,complete
json-noopt,branch,BRF_ID_REG,,7675,10000,0,0,0,0,0,5000,5000,0,0,rxjson,branch_site,,,,,,,,complete
json-noopt,branch,BRF_ID_REG,,7703,5000,0,0,0,0,0,5000,0,0,0,rxjson,branch_site,,,,,,,,complete
json-noopt,branch,BRF_ID_REG,,7716,5000,0,0,0,0,0,5000,0,0,0,rxjson,branch_site,,,,,,,,complete
json-noopt,branch,BGE_ID_REG_INT,,7733,5000,0,0,0,0,0,5000,0,0,0,rxjson,branch_site,,,,,,,,complete
json-noopt,branch,BGE_ID_REG_REG,,7743,5000,0,0,0,0,0,5000,0,0,0,rxjson,branch_site,,,,,,,,complete
json-noopt,branch,BRF_ID_REG,,7754,5000,0,0,0,0,0,0,5000,0,0,rxjson,branch_site,,,,,,,,complete
json-noopt,branch,BRF_ID_REG,,7761,5000,0,0,0,0,0,0,5000,0,0,rxjson,branch_site,,,,,,,,complete
json-noopt,branch,BRF_ID_REG,,7768,5000,0,0,0,0,0,5000,0,0,0,rxjson,branch_site,,,,,,,,complete
json-noopt,branch,BRF_ID_REG,,7782,5000,0,0,0,0,0,5000,0,0,0,rxjson,branch_site,,,,,,,,complete
json-noopt,branch,BLE_ID_REG_INT,,7801,5000,0,0,0,0,0,5000,0,0,0,rxjson,branch_site,,,,,,,,complete
json-noopt,branch,BR_ID,,7816,5000,0,0,0,0,0,5000,0,0,0,rxjson,branch_site,,,,,,,,complete
json-noopt,branch,BRF_ID_REG,,7822,5000,0,0,0,0,0,5000,0,0,0,rxjson,branch_site,,,,,,,,complete
json-noopt,branch,BRF_ID_REG,,7856,5000,0,0,0,0,0,5000,0,0,0,rxjson,branch_site,,,,,,,,complete
json-noopt,branch,BRF_ID_REG,,7869,5000,0,0,0,0,0,5000,0,0,0,rxjson,branch_site,,,,,,,,complete
json-noopt,branch,BGE_ID_REG_INT,,7886,5000,0,0,0,0,0,5000,0,0,0,rxjson,branch_site,,,,,,,,complete
json-noopt,branch,BGE_ID_REG_REG,,7896,5000,0,0,0,0,0,5000,0,0,0,rxjson,branch_site,,,,,,,,complete
json-noopt,branch,BRF_ID_REG,,7907,5000,0,0,0,0,0,0,5000,0,0,rxjson,branch_site,,,,,,,,complete
json-noopt,branch,BRF_ID_REG,,7914,5000,0,0,0,0,0,0,5000,0,0,rxjson,branch_site,,,,,,,,complete
json-noopt,branch,BRF_ID_REG,,7921,5000,0,0,0,0,0,5000,0,0,0,rxjson,branch_site,,,,,,,,complete
json-noopt,branch,BRF_ID_REG,,7935,5000,0,0,0,0,0,5000,0,0,0,rxjson,branch_site,,,,,,,,complete
json-noopt,branch,BLE_ID_REG_INT,,7954,5000,0,0,0,0,0,5000,0,0,0,rxjson,branch_site,,,,,,,,complete
json-noopt,branch,BR_ID,,7969,5000,0,0,0,0,0,5000,0,0,0,rxjson,branch_site,,,,,,,,complete
json-noopt,branch,BRF_ID_REG,,7975,5000,0,0,0,0,0,5000,0,0,0,rxjson,branch_site,,,,,,,,complete
json-noopt,branch,BRF_ID_REG,,8513,55000,0,0,0,0,0,5000,50000,0,0,rxjson,branch_site,,,,,,,,complete
json-noopt,branch,BRF_ID_REG,,8541,50000,0,0,0,0,0,50000,0,0,0,rxjson,branch_site,,,,,,,,complete
json-noopt,branch,BRF_ID_REG,,8554,50000,0,0,0,0,0,50000,0,0,0,rxjson,branch_site,,,,,,,,complete
json-noopt,branch,BGE_ID_REG_INT,,8571,50000,0,0,0,0,0,50000,0,0,0,rxjson,branch_site,,,,,,,,complete
json-noopt,branch,BGE_ID_REG_REG,,8581,50000,0,0,0,0,0,50000,0,0,0,rxjson,branch_site,,,,,,,,complete
json-noopt,branch,BRF_ID_REG,,8592,50000,0,0,0,0,0,0,50000,0,0,rxjson,branch_site,,,,,,,,complete
json-noopt,branch,BRF_ID_REG,,8599,50000,0,0,0,0,0,45000,5000,0,0,rxjson,branch_site,,,,,,,,complete
json-noopt,branch,BRF_ID_REG,,8606,50000,0,0,0,0,0,50000,0,0,0,rxjson,branch_site,,,,,,,,complete
json-noopt,branch,BRF_ID_REG,,8620,50000,0,0,0,0,0,50000,0,0,0,rxjson,branch_site,,,,,,,,complete
json-noopt,branch,BRF_ID_REG,,8643,50000,0,0,0,0,0,50000,0,0,0,rxjson,branch_site,,,,,,,,complete
json-noopt,branch,BR_ID,,8657,50000,0,0,0,0,0,50000,0,0,0,rxjson,branch_site,,,,,,,,complete
json-noopt,branch,BRT_ID_REG,,8663,50000,0,0,0,0,0,0,50000,0,0,rxjson,branch_site,,,,,,,,complete
json-noopt,branch,BRF_ID_REG,,8670,50000,0,0,0,0,0,50000,0,0,0,rxjson,branch_site,,,,,,,,complete
json-noopt,branch,BR_ID,,8679,50000,0,0,0,0,0,50000,0,50000,0,rxjson,branch_site,,,,,,,,complete
json-noopt,branch,BRF_ID_REG,,8710,5000,0,0,0,0,0,5000,0,0,0,rxjson,branch_site,,,,,,,,complete
json-noopt,branch,BRF_ID_REG,,8720,5000,0,0,0,0,0,5000,0,0,0,rxjson,branch_site,,,,,,,,complete
json-noopt,branch,BRF_ID_REG,,8733,5000,0,0,0,0,0,5000,0,0,0,rxjson,branch_site,,,,,,,,complete
json-noopt,branch,BGE_ID_REG_INT,,8750,5000,0,0,0,0,0,5000,0,0,0,rxjson,branch_site,,,,,,,,complete
json-noopt,branch,BRF_ID_REG,,8761,5000,0,0,0,0,0,5000,0,0,0,rxjson,branch_site,,,,,,,,complete
json-noopt,branch,BGE_ID_REG_REG,,8772,5000,0,0,0,0,0,5000,0,0,0,rxjson,branch_site,,,,,,,,complete
json-noopt,branch,BRF_ID_REG,,8783,5000,0,0,0,0,0,0,5000,0,0,rxjson,branch_site,,,,,,,,complete
json-noopt,branch,BRF_ID_REG,,8790,5000,0,0,0,0,0,0,5000,0,0,rxjson,branch_site,,,,,,,,complete
json-noopt,branch,BRF_ID_REG,,8797,5000,0,0,0,0,0,0,5000,0,0,rxjson,branch_site,,,,,,,,complete
json-noopt,branch,BRTF_ID_ID_REG,,8804,5000,0,0,0,0,0,5000,0,0,0,rxjson,branch_site,,,,,,,,complete
json-noopt,branch,BR_ID,,8817,5000,0,0,0,0,0,5000,0,0,0,rxjson,branch_site,,,,,,,,complete
json-noopt,branch,BR_ID,,8859,5000,0,0,0,0,0,5000,0,0,0,rxjson,branch_site,,,,,,,,complete
json-noopt,branch,BRF_ID_REG,,8865,5000,0,0,0,0,0,5000,0,0,0,rxjson,branch_site,,,,,,,,complete
json-noopt,branch,BR_ID,,8907,5000,0,0,0,0,0,5000,0,0,0,rxjson,branch_site,,,,,,,,complete
json-noopt,branch,BRF_ID_REG,,8913,5000,0,0,0,0,0,5000,0,0,0,rxjson,branch_site,,,,,,,,complete
json-noopt,branch,BR_ID,,8933,5000,0,0,0,0,0,5000,0,0,0,rxjson,branch_site,,,,,,,,complete
json-noopt,branch,BRT_ID_REG,,8939,5000,0,0,0,0,0,0,5000,0,0,rxjson,branch_site,,,,,,,,complete
json-noopt,branch,BRF_ID_REG,,8970,5000,0,0,0,0,0,5000,0,0,0,rxjson,branch_site,,,,,,,,complete
json-noopt,branch,BRF_ID_REG,,8983,5000,0,0,0,0,0,5000,0,0,0,rxjson,branch_site,,,,,,,,complete
json-noopt,branch,BGE_ID_REG_INT,,9000,5000,0,0,0,0,0,5000,0,0,0,rxjson,branch_site,,,,,,,,complete
json-noopt,branch,BGE_ID_REG_REG,,9010,5000,0,0,0,0,0,5000,0,0,0,rxjson,branch_site,,,,,,,,complete
json-noopt,branch,BRF_ID_REG,,9021,5000,0,0,0,0,0,0,5000,0,0,rxjson,branch_site,,,,,,,,complete
json-noopt,branch,BRF_ID_REG,,9028,5000,0,0,0,0,0,0,5000,0,0,rxjson,branch_site,,,,,,,,complete
json-noopt,branch,BRF_ID_REG,,9035,5000,0,0,0,0,0,5000,0,0,0,rxjson,branch_site,,,,,,,,complete
json-noopt,branch,BRF_ID_REG,,9049,5000,0,0,0,0,0,5000,0,0,0,rxjson,branch_site,,,,,,,,complete
json-noopt,branch,BRF_ID_REG,,9072,5000,0,0,0,0,0,5000,0,0,0,rxjson,branch_site,,,,,,,,complete
json-noopt,branch,BR_ID,,9086,5000,0,0,0,0,0,5000,0,0,0,rxjson,branch_site,,,,,,,,complete
json-noopt,branch,BRF_ID_REG,,9092,5000,0,0,0,0,0,0,5000,0,0,rxjson,branch_site,,,,,,,,complete
json-noopt,branch,BRF_ID_REG,,9099,5000,0,0,0,0,0,5000,0,0,0,rxjson,branch_site,,,,,,,,complete
json-noopt,branch,BR_ID,,9113,5000,0,0,0,0,0,5000,0,0,0,rxjson,branch_site,,,,,,,,complete
json-noopt,branch,BRF_ID_REG,,9119,5000,0,0,0,0,0,0,5000,0,0,rxjson,branch_site,,,,,,,,complete
json-noopt,branch,BR_ID,,9128,5000,0,0,0,0,0,5000,0,0,0,rxjson,branch_site,,,,,,,,complete
json-noopt,branch,BRF_ID_REG,,9145,5000,0,0,0,0,0,5000,0,0,0,rxjson,branch_site,,,,,,,,complete
json-noopt,branch,BR_ID,,9192,5000,0,0,0,0,0,5000,0,5000,0,rxjson,branch_site,,,,,,,,complete
json-noopt,branch,BRF_ID_REG,,959,5000,0,0,0,0,0,5000,0,0,0,rxjson,branch_site,,,,,,,,complete
json-noopt,branch,BRF_ID_REG,,9207,655000,0,0,0,0,0,0,655000,0,0,rxjson,branch_site,,,,,,,,complete
json-noopt,branch,BRT_ID_REG,,9218,655000,0,0,0,0,0,0,655000,0,0,rxjson,branch_site,,,,,,,,complete
json-noopt,branch,BRT_ID_REG,,9225,655000,0,0,0,0,0,0,655000,0,0,rxjson,branch_site,,,,,,,,complete
json-noopt,branch,BRTF_ID_ID_REG,,9232,655000,0,0,0,0,0,655000,0,0,0,rxjson,branch_site,,,,,,,,complete
json-noopt,branch,BRTF_ID_ID_REG,,9246,655000,0,0,0,0,0,655000,0,0,0,rxjson,branch_site,,,,,,,,complete
json-noopt,branch,BRF_ID_REG,,9270,655000,0,0,0,0,0,655000,0,0,0,rxjson,branch_site,,,,,,,,complete
json-noopt,branch,BRF_ID_REG,,9286,655000,0,0,0,0,0,365000,290000,0,0,rxjson,branch_site,,,,,,,,complete
json-noopt,branch,BRF_ID_REG,,10025,365000,0,0,0,0,0,285000,80000,0,0,rxjson,branch_site,,,,,,,,complete
json-noopt,branch,BRF_ID_REG,,11448,80000,0,0,0,0,0,0,80000,0,0,rxjson,branch_site,,,,,,,,complete
json-noopt,branch,BRT_ID_REG,,11459,80000,0,0,0,0,0,0,80000,0,0,rxjson,branch_site,,,,,,,,complete
json-noopt,branch,BRT_ID_REG,,11466,80000,0,0,0,0,0,0,80000,0,0,rxjson,branch_site,,,,,,,,complete
json-noopt,branch,BRTF_ID_ID_REG,,11473,80000,0,0,0,0,0,80000,0,0,0,rxjson,branch_site,,,,,,,,complete
json-noopt,branch,BRTF_ID_ID_REG,,11487,80000,0,0,0,0,0,80000,0,0,0,rxjson,branch_site,,,,,,,,complete
json-noopt,branch,BRF_ID_REG,,11511,80000,0,0,0,0,0,0,80000,0,0,rxjson,branch_site,,,,,,,,complete
json-noopt,branch,BRF_ID_REG,,11522,80000,0,0,0,0,0,80000,0,0,0,rxjson,branch_site,,,,,,,,complete
json-noopt,branch,BRF_ID_REG,,11561,170000,0,0,0,0,0,0,170000,0,0,rxjson,branch_site,,,,,,,,complete
json-noopt,branch,BRT_ID_REG,,11577,170000,0,0,0,0,0,0,170000,0,0,rxjson,branch_site,,,,,,,,complete
json-noopt,branch,BRF_ID_REG,,11588,170000,0,0,0,0,0,170000,0,0,0,rxjson,branch_site,,,,,,,,complete
json-noopt,branch,BRF_ID_REG,,11610,1530000,0,0,0,0,0,0,1530000,0,0,rxjson,branch_site,,,,,,,,complete
json-noopt,branch,BRF_ID_REG,,11621,1530000,0,0,0,0,0,1360000,170000,0,0,rxjson,branch_site,,,,,,,,complete
json-noopt,branch,BRF_ID_REG,,11640,1360000,0,0,0,0,0,1360000,0,0,0,rxjson,branch_site,,,,,,,,complete
json-noopt,branch,BRF_ID_REG,,11655,1360000,0,0,0,0,0,1360000,0,0,0,rxjson,branch_site,,,,,,,,complete
json-noopt,branch,BR_ID,,12250,1360000,0,0,0,0,0,1360000,0,1360000,0,rxjson,branch_site,,,,,,,,complete
json-noopt,branch,BR_ID,,11634,170000,0,0,0,0,0,170000,0,0,0,rxjson,branch_site,,,,,,,,complete
json-noopt,branch,BRF_ID_REG,,12266,170000,0,0,0,0,0,170000,0,0,0,rxjson,branch_site,,,,,,,,complete
json-noopt,branch,BRF_ID_REG,,12281,170000,0,0,0,0,0,0,170000,0,0,rxjson,branch_site,,,,,,,,complete
json-noopt,branch,BRT_ID_REG,,12292,170000,0,0,0,0,0,0,170000,0,0,rxjson,branch_site,,,,,,,,complete
json-noopt,branch,BRT_ID_REG,,12299,170000,0,0,0,0,0,0,170000,0,0,rxjson,branch_site,,,,,,,,complete
json-noopt,branch,BRTF_ID_ID_REG,,12306,170000,0,0,0,0,0,170000,0,0,0,rxjson,branch_site,,,,,,,,complete
json-noopt,branch,BRTF_ID_ID_REG,,12320,170000,0,0,0,0,0,170000,0,0,0,rxjson,branch_site,,,,,,,,complete
json-noopt,branch,BRT_ID_REG,,12344,170000,0,0,0,0,0,0,170000,0,0,rxjson,branch_site,,,,,,,,complete
json-noopt,branch,BRF_ID_REG,,12355,170000,0,0,0,0,0,170000,0,0,0,rxjson,branch_site,,,,,,,,complete
json-noopt,branch,BRF_ID_REG,,12371,170000,0,0,0,0,0,160000,10000,0,0,rxjson,branch_site,,,,,,,,complete
json-noopt,branch,BRF_ID_REG,,12378,170000,0,0,0,0,0,160000,10000,0,0,rxjson,branch_site,,,,,,,,complete
json-noopt,branch,BRF_ID_REG,,12396,10000,0,0,0,0,0,0,10000,0,0,rxjson,branch_site,,,,,,,,complete
json-noopt,branch,BRF_ID_REG,,12429,10000,0,0,0,0,0,0,10000,0,0,rxjson,branch_site,,,,,,,,complete
json-noopt,branch,BR_ID,,12449,10000,0,0,0,0,0,10000,0,0,0,rxjson,branch_site,,,,,,,,complete
json-noopt,branch,BRTF_ID_ID_REG,,12460,10000,0,0,0,0,0,10000,0,0,0,rxjson,branch_site,,,,,,,,complete
json-noopt,branch,BR_ID,,12470,5000,0,0,0,0,0,5000,0,0,0,rxjson,branch_site,,,,,,,,complete
json-noopt,branch,BRF_ID_REG,,12589,10000,0,0,0,0,0,5000,5000,0,0,rxjson,branch_site,,,,,,,,complete
json-noopt,branch,BRF_ID_REG,,12599,170000,0,0,0,0,0,170000,0,0,0,rxjson,branch_site,,,,,,,,complete
json-noopt,branch,BRF_ID_REG,,10110,285000,0,0,0,0,0,140000,145000,0,0,rxjson,branch_site,,,,,,,,complete
json-noopt,branch,BRF_ID_REG,,10679,140000,0,0,0,0,0,105000,35000,0,0,rxjson,branch_site,,,,,,,,complete
json-noopt,branch,BRF_ID_REG,,10795,105000,0,0,0,0,0,105000,0,0,0,rxjson,branch_site,,,,,,,,complete
json-noopt,branch,BRF_ID_REG,,10911,105000,0,0,0,0,0,105000,0,0,0,rxjson,branch_site,,,,,,,,complete
json-noopt,branch,BRT_ID_REG,,11027,105000,0,0,0,0,0,10000,95000,0,0,rxjson,branch_site,,,,,,,,complete
json-noopt,branch,BRF_ID_REG,,11034,95000,0,0,0,0,0,0,95000,0,0,rxjson,branch_site,,,,,,,,complete
json-noopt,branch,BRF_ID_REG,,11044,105000,0,0,0,0,0,0,105000,0,0,rxjson,branch_site,,,,,,,,complete
json-noopt,branch,BRF_ID_REG,,11054,105000,0,0,0,0,0,0,105000,0,0,rxjson,branch_site,,,,,,,,complete
json-noopt,branch,BRF_ID_REG,,11065,105000,0,0,0,0,0,95000,10000,0,0,rxjson,branch_site,,,,,,,,complete
json-noopt,branch,BRF_ID_REG,,11076,105000,0,0,0,0,0,105000,0,0,0,rxjson,branch_site,,,,,,,,complete
json-noopt,branch,BRF_ID_REG,,11092,105000,0,0,0,0,0,85000,20000,0,0,rxjson,branch_site,,,,,,,,complete
json-noopt,branch,BRF_ID_REG,,11105,85000,0,0,0,0,0,0,85000,0,0,rxjson,branch_site,,,,,,,,complete
json-noopt,branch,BRF_ID_REG,,11112,85000,0,0,0,0,0,0,85000,0,0,rxjson,branch_site,,,,,,,,complete
json-noopt,branch,BRF_ID_REG,,11123,205000,0,0,0,0,0,0,205000,0,0,rxjson,branch_site,,,,,,,,complete
json-noopt,branch,BRT_ID_REG,,11134,205000,0,0,0,0,0,55000,150000,0,0,rxjson,branch_site,,,,,,,,complete
json-noopt,branch,BRF_ID_REG,,11141,205000,0,0,0,0,0,120000,85000,0,0,rxjson,branch_site,,,,,,,,complete
json-noopt,branch,BR_ID,,11144,85000,0,0,0,0,0,85000,0,0,0,rxjson,branch_site,,,,,,,,complete
json-noopt,branch,BRF_ID_REG,,11166,105000,0,0,0,0,0,0,105000,0,0,rxjson,branch_site,,,,,,,,complete
json-noopt,branch,BRF_ID_REG,,11177,105000,0,0,0,0,0,105000,0,0,0,rxjson,branch_site,,,,,,,,complete
json-noopt,branch,BRF_ID_REG,,11259,105000,0,0,0,0,0,0,105000,0,0,rxjson,branch_site,,,,,,,,complete
json-noopt,branch,BRT_ID_REG,,11270,105000,0,0,0,0,0,0,105000,0,0,rxjson,branch_site,,,,,,,,complete
json-noopt,branch,BRF_ID_REG,,11277,105000,0,0,0,0,0,105000,0,0,0,rxjson,branch_site,,,,,,,,complete
json-noopt,branch,BR_ID,,11393,105000,0,0,0,0,0,105000,0,0,0,rxjson,branch_site,,,,,,,,complete
json-noopt,branch,BNE_ID_REG_INT,,11397,105000,0,0,0,0,0,105000,0,0,0,rxjson,branch_site,,,,,,,,complete
json-noopt,branch,BRF_ID_REG,,11407,105000,0,0,0,0,0,105000,0,0,0,rxjson,branch_site,,,,,,,,complete
json-noopt,branch,BRF_ID_REG,,11414,105000,0,0,0,0,0,105000,0,0,0,rxjson,branch_site,,,,,,,,complete
json-noopt,branch,BRF_ID_REG,,12679,170000,0,0,0,0,0,170000,0,0,0,rxjson,branch_site,,,,,,,,complete
json-noopt,branch,BRF_ID_REG,,12691,170000,0,0,0,0,0,0,170000,0,0,rxjson,branch_site,,,,,,,,complete
json-noopt,branch,BRT_ID_REG,,12702,170000,0,0,0,0,0,0,170000,0,0,rxjson,branch_site,,,,,,,,complete
json-noopt,branch,BRT_ID_REG,,12709,170000,0,0,0,0,0,0,170000,0,0,rxjson,branch_site,,,,,,,,complete
json-noopt,branch,BRTF_ID_ID_REG,,12716,170000,0,0,0,0,0,170000,0,0,0,rxjson,branch_site,,,,,,,,complete
json-noopt,branch,BRTF_ID_ID_REG,,12730,170000,0,0,0,0,0,170000,0,0,0,rxjson,branch_site,,,,,,,,complete
json-noopt,branch,BRF_ID_REG,,12754,170000,0,0,0,0,0,0,170000,0,0,rxjson,branch_site,,,,,,,,complete
json-noopt,branch,BRF_ID_REG,,12765,170000,0,0,0,0,0,80000,90000,0,0,rxjson,branch_site,,,,,,,,complete
json-noopt,branch,BRF_ID_REG,,12779,90000,0,0,0,0,0,0,90000,0,0,rxjson,branch_site,,,,,,,,complete
json-noopt,branch,BRT_ID_REG,,12790,90000,0,0,0,0,0,0,90000,0,0,rxjson,branch_site,,,,,,,,complete
json-noopt,branch,BRT_ID_REG,,12797,90000,0,0,0,0,0,0,90000,0,0,rxjson,branch_site,,,,,,,,complete
json-noopt,branch,BRTF_ID_ID_REG,,12804,90000,0,0,0,0,0,90000,0,0,0,rxjson,branch_site,,,,,,,,complete
json-noopt,branch,BRTF_ID_ID_REG,,12818,90000,0,0,0,0,0,90000,0,90000,0,rxjson,branch_site,,,,,,,,complete
json-noopt,branch,BRF_ID_REG,,10714,35000,0,0,0,0,0,35000,0,0,0,rxjson,branch_site,,,,,,,,complete
json-noopt,branch,BRF_ID_REG,,10733,35000,0,0,0,0,0,0,35000,0,0,rxjson,branch_site,,,,,,,,complete
json-noopt,branch,BR_ID,,10739,35000,0,0,0,0,0,35000,0,0,0,rxjson,branch_site,,,,,,,,complete
json-noopt,branch,BNE_ID_REG_INT,,10753,35000,0,0,0,0,0,35000,0,0,0,rxjson,branch_site,,,,,,,,complete
json-noopt,branch,BRF_ID_REG,,10767,35000,0,0,0,0,0,35000,0,0,0,rxjson,branch_site,,,,,,,,complete
json-noopt,branch,BRF_ID_REG,,10774,35000,0,0,0,0,0,35000,0,0,0,rxjson,branch_site,,,,,,,,complete
json-noopt,branch,BRF_ID_REG,,12844,80000,0,0,0,0,0,0,80000,0,0,rxjson,branch_site,,,,,,,,complete
json-noopt,branch,BRF_ID_REG,,12855,80000,0,0,0,0,0,0,80000,0,0,rxjson,branch_site,,,,,,,,complete
json-noopt,branch,BRF_ID_REG,,12866,80000,0,0,0,0,0,80000,0,0,0,rxjson,branch_site,,,,,,,,complete
json-noopt,branch,BRF_ID_REG,,12873,80000,0,0,0,0,0,80000,0,0,0,rxjson,branch_site,,,,,,,,complete
json-noopt,branch,BRF_ID_REG,,12487,5000,0,0,0,0,0,0,5000,0,0,rxjson,branch_site,,,,,,,,complete
json-noopt,branch,BR_ID,,12496,5000,0,0,0,0,0,5000,0,0,0,rxjson,branch_site,,,,,,,,complete
json-noopt,branch,BRF_ID_REG,,10142,145000,0,0,0,0,0,0,145000,0,0,rxjson,branch_site,,,,,,,,complete
json-noopt,branch,BRT_ID_REG,,10153,145000,0,0,0,0,0,0,145000,0,0,rxjson,branch_site,,,,,,,,complete
json-noopt,branch,BRT_ID_REG,,10160,145000,0,0,0,0,0,0,145000,0,0,rxjson,branch_site,,,,,,,,complete
json-noopt,branch,BRTF_ID_ID_REG,,10167,145000,0,0,0,0,0,145000,0,0,0,rxjson,branch_site,,,,,,,,complete
json-noopt,branch,BRTF_ID_ID_REG,,10181,145000,0,0,0,0,0,145000,0,0,0,rxjson,branch_site,,,,,,,,complete
json-noopt,branch,BRF_ID_REG,,10205,145000,0,0,0,0,0,0,145000,0,0,rxjson,branch_site,,,,,,,,complete
json-noopt,branch,BRF_ID_REG,,10216,145000,0,0,0,0,0,145000,0,0,0,rxjson,branch_site,,,,,,,,complete
json-noopt,branch,BRF_ID_REG,,10264,440000,0,0,0,0,0,0,440000,0,0,rxjson,branch_site,,,,,,,,complete
json-noopt,branch,BRF_ID_REG,,10274,440000,0,0,0,0,0,400000,40000,0,0,rxjson,branch_site,,,,,,,,complete
json-noopt,branch,BRF_ID_REG,,10281,440000,0,0,0,0,0,440000,0,0,0,rxjson,branch_site,,,,,,,,complete
json-noopt,branch,BRF_ID_REG,,10344,440000,0,0,0,0,0,400000,40000,0,0,rxjson,branch_site,,,,,,,,complete
json-noopt,branch,BRT_ID_REG,,9299,290000,0,0,0,0,0,0,290000,0,0,rxjson,branch_site,,,,,,,,complete
json-noopt,branch,BRF_ID_REG,,9310,290000,0,0,0,0,0,290000,0,0,0,rxjson,branch_site,,,,,,,,complete
json-noopt,branch,BRF_ID_REG,,9332,2350000,0,0,0,0,0,0,2350000,0,0,rxjson,branch_site,,,,,,,,complete
json-noopt,branch,BRF_ID_REG,,9343,2350000,0,0,0,0,0,2060000,290000,0,0,rxjson,branch_site,,,,,,,,complete
json-noopt,branch,BRF_ID_REG,,9362,2060000,0,0,0,0,0,2060000,0,0,0,rxjson,branch_site,,,,,,,,complete
json-noopt,branch,BRF_ID_REG,,9377,2060000,0,0,0,0,0,2060000,0,0,0,rxjson,branch_site,,,,,,,,complete
json-noopt,branch,BR_ID,,9972,2060000,0,0,0,0,0,2060000,0,2060000,0,rxjson,branch_site,,,,,,,,complete
json-noopt,branch,BR_ID,,9356,290000,0,0,0,0,0,290000,0,0,0,rxjson,branch_site,,,,,,,,complete
json-noopt,branch,BRF_ID_REG,,9988,290000,0,0,0,0,0,290000,0,0,0,rxjson,branch_site,,,,,,,,complete
json-noopt,branch,BRF_ID_REG,,9997,290000,0,0,0,0,0,290000,0,0,0,rxjson,branch_site,,,,,,,,complete
json-noopt,branch,BRF_ID_REG,,10004,290000,0,0,0,0,0,290000,0,0,0,rxjson,branch_site,,,,,,,,complete
json-noopt,branch,BRF_ID_REG,,10424,440000,0,0,0,0,0,440000,0,0,0,rxjson,branch_site,,,,,,,,complete
json-noopt,branch,BRF_ID_REG,,10443,440000,0,0,0,0,0,0,440000,0,0,rxjson,branch_site,,,,,,,,complete
json-noopt,branch,BRT_ID_REG,,10454,440000,0,0,0,0,0,0,440000,0,0,rxjson,branch_site,,,,,,,,complete
json-noopt,branch,BRT_ID_REG,,10461,440000,0,0,0,0,0,0,440000,0,0,rxjson,branch_site,,,,,,,,complete
json-noopt,branch,BRTF_ID_ID_REG,,10468,440000,0,0,0,0,0,440000,0,0,0,rxjson,branch_site,,,,,,,,complete
json-noopt,branch,BRTF_ID_ID_REG,,10482,440000,0,0,0,0,0,440000,0,0,0,rxjson,branch_site,,,,,,,,complete
json-noopt,branch,BRF_ID_REG,,10506,440000,0,0,0,0,0,0,440000,0,0,rxjson,branch_site,,,,,,,,complete
json-noopt,branch,BRF_ID_REG,,10517,440000,0,0,0,0,0,145000,295000,0,0,rxjson,branch_site,,,,,,,,complete
json-noopt,branch,BRF_ID_REG,,10531,295000,0,0,0,0,0,0,295000,0,0,rxjson,branch_site,,,,,,,,complete
json-noopt,branch,BRT_ID_REG,,10542,295000,0,0,0,0,0,0,295000,0,0,rxjson,branch_site,,,,,,,,complete
json-noopt,branch,BRT_ID_REG,,10549,295000,0,0,0,0,0,0,295000,0,0,rxjson,branch_site,,,,,,,,complete
json-noopt,branch,BRTF_ID_ID_REG,,10556,295000,0,0,0,0,0,295000,0,0,0,rxjson,branch_site,,,,,,,,complete
json-noopt,branch,BRTF_ID_ID_REG,,10570,295000,0,0,0,0,0,295000,0,295000,0,rxjson,branch_site,,,,,,,,complete
json-noopt,branch,BRF_ID_REG,,10596,145000,0,0,0,0,0,0,145000,0,0,rxjson,branch_site,,,,,,,,complete
json-noopt,branch,BRF_ID_REG,,10607,145000,0,0,0,0,0,0,145000,0,0,rxjson,branch_site,,,,,,,,complete
json-noopt,branch,BRF_ID_REG,,10618,145000,0,0,0,0,0,140000,5000,0,0,rxjson,branch_site,,,,,,,,complete
json-noopt,branch,BRF_ID_REG,,10625,145000,0,0,0,0,0,140000,5000,0,0,rxjson,branch_site,,,,,,,,complete
json-noopt,branch,BR_ID,,10643,145000,0,0,0,0,0,145000,0,0,0,rxjson,branch_site,,,,,,,,complete
json-noopt,branch,BR_ID,,11099,20000,0,0,0,0,0,20000,0,0,0,rxjson,branch_site,,,,,,,,complete
json-noopt,branch,BR_ID,,11150,120000,0,0,0,0,0,120000,0,120000,0,rxjson,branch_site,,,,,,,,complete
json-noopt,branch,BRF_ID_REG,,1057,5000,0,0,0,0,0,5000,0,0,0,rxjson,branch_site,,,,,,,,complete
json-noopt,branch,BRF_ID_REG,,1072,5000,0,0,0,0,0,5000,0,0,0,rxjson,branch_site,,,,,,,,complete
json-noopt,branch,BRF_ID_REG,,1135,5000,0,0,0,0,0,5000,0,0,0,rxjson,branch_site,,,,,,,,complete
json-noopt,branch,BRF_ID_REG,,1147,5000,0,0,0,0,0,5000,0,0,0,rxjson,branch_site,,,,,,,,complete
json-noopt,branch,BR_ID,,1161,5000,0,0,0,0,0,5000,0,0,0,rxjson,branch_site,,,,,,,,complete
json-noopt,branch,BGT_ID_REG_INT,,1174,5000,0,0,0,0,0,5000,0,0,0,rxjson,branch_site,,,,,,,,complete
json-noopt,branch,BRF_ID_REG,,1184,5000,0,0,0,0,0,0,5000,0,0,rxjson,branch_site,,,,,,,,complete
json-noopt,branch,BRF_ID_REG,,1206,5000,0,0,0,0,0,0,5000,0,0,rxjson,branch_site,,,,,,,,complete
json-noopt,branch,BRT_ID_REG,,1217,5000,0,0,0,0,0,0,5000,0,0,rxjson,branch_site,,,,,,,,complete
json-noopt,branch,BRT_ID_REG,,1224,5000,0,0,0,0,0,0,5000,0,0,rxjson,branch_site,,,,,,,,complete
json-noopt,branch,BRTF_ID_ID_REG,,1231,5000,0,0,0,0,0,5000,0,0,0,rxjson,branch_site,,,,,,,,complete
json-noopt,branch,BRTF_ID_ID_REG,,1245,5000,0,0,0,0,0,5000,0,0,0,rxjson,branch_site,,,,,,,,complete
json-noopt,branch,BRF_ID_REG,,1272,5000,0,0,0,0,0,0,5000,0,0,rxjson,branch_site,,,,,,,,complete
json-noopt,branch,BRF_ID_REG,,1283,5000,0,0,0,0,0,5000,0,0,0,rxjson,branch_site,,,,,,,,complete
json-noopt,branch,BRF_ID_REG,,1310,40000,0,0,0,0,0,0,40000,0,0,rxjson,branch_site,,,,,,,,complete
json-noopt,branch,BRF_ID_REG,,1384,40000,0,0,0,0,0,40000,0,0,0,rxjson,branch_site,,,,,,,,complete
json-noopt,branch,BRF_ID_REG,,1406,40000,0,0,0,0,0,0,40000,0,0,rxjson,branch_site,,,,,,,,complete
json-noopt,branch,BRT_ID_REG,,1417,40000,0,0,0,0,0,0,40000,0,0,rxjson,branch_site,,,,,,,,complete
json-noopt,branch,BRT_ID_REG,,1424,40000,0,0,0,0,0,0,40000,0,0,rxjson,branch_site,,,,,,,,complete
json-noopt,branch,BRTF_ID_ID_REG,,1431,40000,0,0,0,0,0,40000,0,0,0,rxjson,branch_site,,,,,,,,complete
json-noopt,branch,BRTF_ID_ID_REG,,1445,40000,0,0,0,0,0,40000,0,0,0,rxjson,branch_site,,,,,,,,complete
json-noopt,branch,BRF_ID_REG,,1469,40000,0,0,0,0,0,0,40000,0,0,rxjson,branch_site,,,,,,,,complete
json-noopt,branch,BRF_ID_REG,,1480,40000,0,0,0,0,0,5000,35000,0,0,rxjson,branch_site,,,,,,,,complete
json-noopt,branch,BRF_ID_REG,,1494,35000,0,0,0,0,0,0,35000,0,0,rxjson,branch_site,,,,,,,,complete
json-noopt,branch,BRT_ID_REG,,1505,35000,0,0,0,0,0,0,35000,0,0,rxjson,branch_site,,,,,,,,complete
json-noopt,branch,BRT_ID_REG,,1512,35000,0,0,0,0,0,0,35000,0,0,rxjson,branch_site,,,,,,,,complete
json-noopt,branch,BRTF_ID_ID_REG,,1519,35000,0,0,0,0,0,35000,0,0,0,rxjson,branch_site,,,,,,,,complete
json-noopt,branch,BRTF_ID_ID_REG,,1533,35000,0,0,0,0,0,35000,0,35000,0,rxjson,branch_site,,,,,,,,complete
json-noopt,branch,BR_ID,,1562,5000,0,0,0,0,0,5000,0,0,0,rxjson,branch_site,,,,,,,,complete
json-noopt,branch,BRF_ID_REG,,135,5000,0,0,0,0,0,5000,0,0,0,benchmark_json_parser_noopt,branch_site,,,,,,,,complete
json-noopt,branch,BR_ID,,155,5000,0,0,0,0,0,5000,0,5000,0,benchmark_json_parser_noopt,branch_site,,,,,,,,complete
json-noopt,census,call_path,direct_bytecode,,745000,0,0,0,0,0,,,,,,,,,,,,,,complete
json-noopt,census,call_path,direct_native,,0,0,0,0,0,0,,,,,,,,,,,,,,complete
json-noopt,census,call_path,dynamic_bytecode,,0,0,0,0,0,0,,,,,,,,,,,,,,complete
json-noopt,census,call_path,dynamic_native,,0,0,0,0,0,0,,,,,,,,,,,,,,complete
json-noopt,census,call_path,external_root,,1,0,0,0,0,0,,,,,,,,,,,,,,complete
json-noopt,census,call_path,signal_bytecode,,0,0,0,0,0,0,,,,,,,,,,,,,,complete
json-noopt,census,call_path,signal_native,,0,0,0,0,0,0,,,,,,,,,,,,,,complete
json-noopt,census,arity,1,,1,0,0,0,0,0,,,,,,,,,,,,,,complete
json-noopt,census,arity,2,,5000,0,0,0,0,0,,,,,,,,,,,,,,complete
json-noopt,census,arity,5,,5000,0,0,0,0,0,,,,,,,,,,,,,,complete
json-noopt,census,arity,13,,655000,0,0,0,0,0,,,,,,,,,,,,,,complete
json-noopt,census,arity,14,,80000,0,0,0,0,0,,,,,,,,,,,,,,complete
json-noopt,census,callable_kind,procedure,,745001,0,0,0,0,0,,,,,,,,,,,,,,complete
json-noopt,census,callable_kind,method,,0,0,0,0,0,0,,,,,,,,,,,,,,complete
json-noopt,census,callable_kind,factory,,0,0,0,0,0,0,,,,,,,,,,,,,,complete
json-noopt,census,callable_kind,native,,0,0,0,0,0,0,,,,,,,,,,,,,,complete
json-noopt,census,callable_kind,unknown,,0,0,0,0,0,0,,,,,,,,,,,,,,complete
json-noopt,census,frame_disposition,fresh,,12,0,0,0,0,0,,,,,,,,,,,,,,complete
json-noopt,census,frame_disposition,reused,,744989,0,0,0,0,0,,,,,,,,,,,,,,complete
json-noopt,census,frame_disposition,no_child_native,,0,0,0,0,0,0,,,,,,,,,,,,,,complete
json-noopt,census,frame_disposition,none_failed,,0,0,0,0,0,0,,,,,,,,,,,,,,complete
json-noopt,census,call_outcome,success,,745001,0,0,0,0,0,,,,,,,,,,,,,,complete
json-noopt,census,call_outcome,unresolved,,0,0,0,0,0,0,,,,,,,,,,,,,,complete
json-noopt,census,call_outcome,frame_failed,,0,0,0,0,0,0,,,,,,,,,,,,,,complete
json-noopt,census,call_outcome,invalid,,0,0,0,0,0,0,,,,,,,,,,,,,,complete
json-noopt,return,placement,void,,0,0,0,0,0,0,,,,,,,,,,,,,,complete
json-noopt,return,placement,ret_reg_move_local,,235000,0,0,0,0,0,,,,,,,,,,,,,,complete
json-noopt,return,placement,ret_reg_copy_nonlocal,,0,0,0,0,0,0,,,,,,,,,,,,,,complete
json-noopt,return,placement,value_ignored,,0,0,0,0,0,0,,,,,,,,,,,,,,complete
json-noopt,return,placement,immediate,,510000,0,0,0,0,0,,,,,,,,,,,,,,complete
json-noopt,return,placement,terminal_external,,1,0,0,0,0,0,,,,,,,,,,,,,,complete
json-noopt,dynamic,srcmethodsel,attempt,,0,0,0,0,0,0,,,,,,,,,,,,,,complete
json-noopt,dynamic,srcmethodsel,success,,0,0,0,0,0,0,,,,,,,,,,,,,,complete
json-noopt,dynamic,srcmethodsel,failure,,0,0,0,0,0,0,,,,,,,,,,,,,,complete
json-noopt,dynamic,srcfprocsel,attempt,,0,0,0,0,0,0,,,,,,,,,,,,,,complete
json-noopt,dynamic,srcfprocsel,success,,0,0,0,0,0,0,,,,,,,,,,,,,,complete
json-noopt,dynamic,srcfprocsel,failure,,0,0,0,0,0,0,,,,,,,,,,,,,,complete
json-noopt,mechanics,call_window,setup_swaps,,9580000,0,0,0,0,0,,,,,,,,,,,,,,complete
json-noopt,mechanics,call_window,normal_restoration_swaps,,9580000,0,0,0,0,0,,,,,,,,,,,,,,complete
json-noopt,mechanics,call_window,unclassified_swaps,,0,0,0,0,0,0,,,,,,,,,,,,,,complete
json-noopt,mechanics,call_window,defensive_argument_copies,,0,0,0,0,0,0,,,,,,,,,,,,,,complete
json-noopt,mechanics,call_window,unclassified_copies,,3605001,0,0,0,0,0,,,,,,,,,,,,,,complete
json-noopt,mechanics,call_window,attribution_degraded,,0,0,0,0,0,0,,,,,,,,,,,,,,complete
json-noopt,unwind,signal,events,,0,0,0,0,0,0,,,,,,,,,,,,,,complete
json-noopt,unwind,signal,bytecode_frames_discarded,,0,0,0,0,0,0,,,,,,,,,,,,,,complete
json-noopt,unwind,signal,argument_windows_restored,,0,0,0,0,0,0,,,,,,,,,,,,,,complete
json-noopt,unwind,signal,argument_slots_restored,,0,0,0,0,0,0,,,,,,,,,,,,,,complete
json-noopt,unwind,signal,interrupted_native_windows_restored,,0,0,0,0,0,0,,,,,,,,,,,,,,complete
json-noopt,unwind,signal,interrupted_native_slots_restored,,0,0,0,0,0,0,,,,,,,,,,,,,,complete
json-noopt,unwind,signal,restoration_failures,,0,0,0,0,0,0,,,,,,,,,,,,,,complete
json-noopt,call,json_parser.main,external_root,0,1,0,0,0,0,0,1,,,,benchmark_json_parser_noopt,procedure,,,fresh,success,0,0,0,complete
json-noopt,call,rxjson.jsoncount,direct_bytecode,122,1,0,0,0,0,0,2,,,,benchmark_json_parser_noopt,procedure,,,fresh,success,1,1,0,complete
json-noopt,call,rxjson._json_parse_path,direct_bytecode,937,1,0,0,0,0,0,5,,,,rxjson,procedure,,,fresh,success,5,5,0,complete
json-noopt,call,rxjson._json_parse_value,direct_bytecode,1020,1,0,0,0,0,0,13,,,,rxjson,procedure,,,fresh,success,12,12,0,complete
json-noopt,call,rxjson._json_parse_object,direct_bytecode,10066,2,0,0,0,0,0,14,,,,rxjson,procedure,,,fresh,success,28,28,0,complete
json-noopt,call,rxjson._json_parse_value,direct_bytecode,12639,3,0,0,0,0,0,13,,,,rxjson,procedure,,,fresh,success,39,39,0,complete
json-noopt,call,rxjson._json_parse_value,direct_bytecode,12639,169997,0,0,0,0,0,13,,,,rxjson,procedure,,,reused,success,2209961,2209961,0,complete
json-noopt,call,rxjson._json_parse_value,direct_bytecode,10384,439997,0,0,0,0,0,13,,,,rxjson,procedure,,,reused,success,5719961,5719961,0,complete
json-noopt,call,rxjson._json_parse_value,direct_bytecode,10384,3,0,0,0,0,0,13,,,,rxjson,procedure,,,fresh,success,39,39,0,complete
json-noopt,call,rxjson._json_parse_object,direct_bytecode,10066,79998,0,0,0,0,0,14,,,,rxjson,procedure,,,reused,success,1119972,1119972,0,complete
json-noopt,call,rxjson._json_parse_value,direct_bytecode,1349,40000,0,0,0,0,0,13,,,,rxjson,procedure,,,reused,success,440000,440000,0,complete
json-noopt,call,rxjson.jsoncount,direct_bytecode,122,4999,0,0,0,0,0,2,,,,benchmark_json_parser_noopt,procedure,,,reused,success,4999,4999,0,complete
json-noopt,call,rxjson._json_parse_path,direct_bytecode,937,4999,0,0,0,0,0,5,,,,rxjson,procedure,,,reused,success,24995,24995,0,complete
json-noopt,call,rxjson._json_parse_value,direct_bytecode,1020,4999,0,0,0,0,0,13,,,,rxjson,procedure,,,reused,success,59988,59988,0,complete
json-opt,status,instructions,complete,,0,0,0,0,0,0,,,,,,,,,,,,,,complete
json-opt,status,procedures,complete,,0,0,0,0,0,0,,,,,,,,,,,,,,complete
json-opt,status,allocations,complete,,0,0,0,0,0,0,,,,,,,,,,,,,,complete
json-opt,status,call_census,complete,,0,0,0,0,0,0,,,,,,,,,,,,,,complete
json-opt,status,frame_entry,complete,,0,0,0,0,0,0,,,,,,,,,,,,,,complete
json-opt,status,value_operations,complete,,0,0,0,0,0,0,,,,,,,,,,,,,,complete
json-opt,status,branch_sites,complete,,0,0,0,0,0,0,,,,,,,,,,,,,,complete
json-opt,value_operation,copy,empty,,75000,0,0,0,0,0,,,,,,,,,,,0,0,,complete
json-opt,value_operation,copy,scalar,,395000,0,0,0,0,0,,,,,,,,,,,0,0,,complete
json-opt,value_operation,copy,string,,75001,0,0,0,0,0,,,,,,,,,,,750004,10,,complete
json-opt,value_operation,copy,binary,,165000,0,0,0,0,0,,,,,,,,,,,1230000,10,,complete
json-opt,value_operation,copy,object,,300001,0,0,0,0,0,,,,,,,,,,,2400008,8,,complete
json-opt,value_operation,copy,compound,,2895000,0,0,0,0,0,,,,,,,,,,,3491370000,1206,,complete
json-opt,value_operation,string_copy,string,,205000,0,0,0,0,0,,,,,,,,,,,7395000,603,,complete
json-opt,value_operation,binary_copy,binary,,10000,0,0,0,0,0,,,,,,,,,,,100000,10,,complete
json-opt,value_operation,binary_copy,compound,,5000,0,0,0,0,0,,,,,,,,,,,100000,20,,complete
json-opt,value_operation,integer_copy,scalar,,1950000,0,0,0,0,0,,,,,,,,,,,15600000,8,,complete
json-opt,value_operation,move,scalar,,220000,0,0,0,0,0,,,,,,,,,,,0,0,,complete
json-opt,value_operation,move,compound,,15000,0,0,0,0,0,,,,,,,,,,,18090000,1206,,complete
json-opt,value_operation,clear_contents,empty,,170860,0,0,0,0,0,,,,,,,,,,,0,0,,complete
json-opt,value_operation,clear_contents,scalar,,90198,0,0,0,0,0,,,,,,,,,,,0,0,,complete
json-opt,value_operation,clear_contents,string,,23,0,0,0,0,0,,,,,,,,,,,1403,603,,complete
json-opt,value_operation,clear_contents,binary,,13,0,0,0,0,0,,,,,,,,,,,94,10,,complete
json-opt,value_operation,clear_contents,object,,18,0,0,0,0,0,,,,,,,,,,,144,8,,complete
json-opt,value_operation,clear_contents,compound,,15058,0,0,0,0,0,,,,,,,,,,,18158762,1206,,complete
json-opt,value_operation,reset_reuse,empty,,9999,0,0,0,0,0,,,,,,,,,,,0,0,,complete
json-opt,value_operation,reset_reuse,scalar,,9999,0,0,0,0,0,,,,,,,,,,,0,0,,complete
json-opt,value_operation,reset_reuse,string,,9999,0,0,0,0,0,,,,,,,,,,,99990,10,,complete
json-opt,value_operation,reset_reuse,binary,,9999,0,0,0,0,0,,,,,,,,,,,99990,10,,complete
json-opt,value_operation,destroy,empty,,130868,0,0,0,0,0,,,,,,,,,,,0,0,,complete
json-opt,value_operation,destroy,scalar,,90198,0,0,0,0,0,,,,,,,,,,,0,0,,complete
json-opt,value_operation,destroy,string,,23,0,0,0,0,0,,,,,,,,,,,1403,603,,complete
json-opt,value_operation,destroy,binary,,13,0,0,0,0,0,,,,,,,,,,,94,10,,complete
json-opt,value_operation,destroy,object,,18,0,0,0,0,0,,,,,,,,,,,144,8,,complete
json-opt,value_operation,destroy,compound,,15058,0,0,0,0,0,,,,,,,,,,,18158762,1206,,complete
json-opt,value_operation,clear,empty,,703,0,0,0,0,0,,,,,,,,,,,0,0,,complete
json-opt,value_operation,clear,scalar,,197,0,0,0,0,0,,,,,,,,,,,0,0,,complete
json-opt,value_operation,clear,string,,17,0,0,0,0,0,,,,,,,,,,,1355,603,,complete
json-opt,value_operation,clear,binary,,9,0,0,0,0,0,,,,,,,,,,,54,10,,complete
json-opt,value_operation,clear,object,,18,0,0,0,0,0,,,,,,,,,,,144,8,,complete
json-opt,value_operation,clear,compound,,58,0,0,0,0,0,,,,,,,,,,,68762,1206,,complete
json-opt,frame_entry,local_relink,fresh,951,12,0,0,0,0,0,,,,,,,,,,,,,,complete
json-opt,frame_entry,local_relink,reused,69409058,744989,0,0,0,0,0,,,,,,,,,,,,,,complete
json-opt,frame_entry,global_relink,fresh,0,12,0,0,0,0,0,,,,,,,,,,,,,,complete
json-opt,frame_entry,global_relink,reused,0,744989,0,0,0,0,0,,,,,,,,,,,,,,complete
json-opt,frame_entry,argument_count_reset,fresh,12,12,0,0,0,0,0,,,,,,,,,,,,,,complete
json-opt,frame_entry,argument_count_reset,reused,744989,744989,0,0,0,0,0,,,,,,,,,,,,,,complete
json-opt,frame_entry,inherited_context,fresh,11,11,0,0,0,0,0,,,,,,,,,,,,,,complete
json-opt,frame_entry,inherited_context,reused,744989,744989,0,0,0,0,0,,,,,,,,,,,,,,complete
json-opt,frame_entry,root_context,fresh,1,1,0,0,0,0,0,,,,,,,,,,,,,,complete
json-opt,frame_entry,finalize,fresh,12,12,0,0,0,0,0,,,,,,,,,,,,,,complete
json-opt,frame_entry,finalize,reused,744989,744989,0,0,0,0,0,,,,,,,,,,,,,,complete
json-opt,branch,BRTPANDT_ID_REG_INT,,4,1,0,0,0,0,0,0,1,0,0,benchmark_json_parser_opt,branch_site,,,,,,,,complete
json-opt,branch,BR_ID,,11,1,0,0,0,0,0,1,0,0,0,benchmark_json_parser_opt,branch_site,,,,,,,,complete
json-opt,branch,BRF_ID_REG,,27,1,0,0,0,0,0,0,1,0,0,benchmark_json_parser_opt,branch_site,,,,,,,,complete
json-opt,branch,BRF_ID_REG,,43,1,0,0,0,0,0,1,0,0,0,benchmark_json_parser_opt,branch_site,,,,,,,,complete
json-opt,branch,BRT_ID_REG,,68,5001,0,0,0,0,0,1,5000,0,0,benchmark_json_parser_opt,branch_site,,,,,,,,complete
json-opt,branch,BR_ID,,7645,5000,0,0,0,0,0,5000,0,0,0,rxjson,branch_site,,,,,,,,complete
json-opt,branch,BRF_ID_REG,,7651,5000,0,0,0,0,0,5000,0,0,0,rxjson,branch_site,,,,,,,,complete
json-opt,branch,BRF_ID_REG,,7675,10000,0,0,0,0,0,5000,5000,0,0,rxjson,branch_site,,,,,,,,complete
json-opt,branch,BRF_ID_REG,,7703,5000,0,0,0,0,0,5000,0,0,0,rxjson,branch_site,,,,,,,,complete
json-opt,branch,BRF_ID_REG,,7716,5000,0,0,0,0,0,5000,0,0,0,rxjson,branch_site,,,,,,,,complete
json-opt,branch,BGE_ID_REG_INT,,7733,5000,0,0,0,0,0,5000,0,0,0,rxjson,branch_site,,,,,,,,complete
json-opt,branch,BGE_ID_REG_REG,,7743,5000,0,0,0,0,0,5000,0,0,0,rxjson,branch_site,,,,,,,,complete
json-opt,branch,BRF_ID_REG,,7754,5000,0,0,0,0,0,0,5000,0,0,rxjson,branch_site,,,,,,,,complete
json-opt,branch,BRF_ID_REG,,7761,5000,0,0,0,0,0,0,5000,0,0,rxjson,branch_site,,,,,,,,complete
json-opt,branch,BRF_ID_REG,,7768,5000,0,0,0,0,0,5000,0,0,0,rxjson,branch_site,,,,,,,,complete
json-opt,branch,BRF_ID_REG,,7782,5000,0,0,0,0,0,5000,0,0,0,rxjson,branch_site,,,,,,,,complete
json-opt,branch,BLE_ID_REG_INT,,7801,5000,0,0,0,0,0,5000,0,0,0,rxjson,branch_site,,,,,,,,complete
json-opt,branch,BR_ID,,7816,5000,0,0,0,0,0,5000,0,0,0,rxjson,branch_site,,,,,,,,complete
json-opt,branch,BRF_ID_REG,,7822,5000,0,0,0,0,0,5000,0,0,0,rxjson,branch_site,,,,,,,,complete
json-opt,branch,BRF_ID_REG,,7856,5000,0,0,0,0,0,5000,0,0,0,rxjson,branch_site,,,,,,,,complete
json-opt,branch,BRF_ID_REG,,7869,5000,0,0,0,0,0,5000,0,0,0,rxjson,branch_site,,,,,,,,complete
json-opt,branch,BGE_ID_REG_INT,,7886,5000,0,0,0,0,0,5000,0,0,0,rxjson,branch_site,,,,,,,,complete
json-opt,branch,BGE_ID_REG_REG,,7896,5000,0,0,0,0,0,5000,0,0,0,rxjson,branch_site,,,,,,,,complete
json-opt,branch,BRF_ID_REG,,7907,5000,0,0,0,0,0,0,5000,0,0,rxjson,branch_site,,,,,,,,complete
json-opt,branch,BRF_ID_REG,,7914,5000,0,0,0,0,0,0,5000,0,0,rxjson,branch_site,,,,,,,,complete
json-opt,branch,BRF_ID_REG,,7921,5000,0,0,0,0,0,5000,0,0,0,rxjson,branch_site,,,,,,,,complete
json-opt,branch,BRF_ID_REG,,7935,5000,0,0,0,0,0,5000,0,0,0,rxjson,branch_site,,,,,,,,complete
json-opt,branch,BLE_ID_REG_INT,,7954,5000,0,0,0,0,0,5000,0,0,0,rxjson,branch_site,,,,,,,,complete
json-opt,branch,BR_ID,,7969,5000,0,0,0,0,0,5000,0,0,0,rxjson,branch_site,,,,,,,,complete
json-opt,branch,BRF_ID_REG,,7975,5000,0,0,0,0,0,5000,0,0,0,rxjson,branch_site,,,,,,,,complete
json-opt,branch,BRF_ID_REG,,8513,55000,0,0,0,0,0,5000,50000,0,0,rxjson,branch_site,,,,,,,,complete
json-opt,branch,BRF_ID_REG,,8541,50000,0,0,0,0,0,50000,0,0,0,rxjson,branch_site,,,,,,,,complete
json-opt,branch,BRF_ID_REG,,8554,50000,0,0,0,0,0,50000,0,0,0,rxjson,branch_site,,,,,,,,complete
json-opt,branch,BGE_ID_REG_INT,,8571,50000,0,0,0,0,0,50000,0,0,0,rxjson,branch_site,,,,,,,,complete
json-opt,branch,BGE_ID_REG_REG,,8581,50000,0,0,0,0,0,50000,0,0,0,rxjson,branch_site,,,,,,,,complete
json-opt,branch,BRF_ID_REG,,8592,50000,0,0,0,0,0,0,50000,0,0,rxjson,branch_site,,,,,,,,complete
json-opt,branch,BRF_ID_REG,,8599,50000,0,0,0,0,0,45000,5000,0,0,rxjson,branch_site,,,,,,,,complete
json-opt,branch,BRF_ID_REG,,8606,50000,0,0,0,0,0,50000,0,0,0,rxjson,branch_site,,,,,,,,complete
json-opt,branch,BRF_ID_REG,,8620,50000,0,0,0,0,0,50000,0,0,0,rxjson,branch_site,,,,,,,,complete
json-opt,branch,BRF_ID_REG,,8643,50000,0,0,0,0,0,50000,0,0,0,rxjson,branch_site,,,,,,,,complete
json-opt,branch,BR_ID,,8657,50000,0,0,0,0,0,50000,0,0,0,rxjson,branch_site,,,,,,,,complete
json-opt,branch,BRT_ID_REG,,8663,50000,0,0,0,0,0,0,50000,0,0,rxjson,branch_site,,,,,,,,complete
json-opt,branch,BRF_ID_REG,,8670,50000,0,0,0,0,0,50000,0,0,0,rxjson,branch_site,,,,,,,,complete
json-opt,branch,BR_ID,,8679,50000,0,0,0,0,0,50000,0,50000,0,rxjson,branch_site,,,,,,,,complete
json-opt,branch,BRF_ID_REG,,8710,5000,0,0,0,0,0,5000,0,0,0,rxjson,branch_site,,,,,,,,complete
json-opt,branch,BRF_ID_REG,,8720,5000,0,0,0,0,0,5000,0,0,0,rxjson,branch_site,,,,,,,,complete
json-opt,branch,BRF_ID_REG,,8733,5000,0,0,0,0,0,5000,0,0,0,rxjson,branch_site,,,,,,,,complete
json-opt,branch,BGE_ID_REG_INT,,8750,5000,0,0,0,0,0,5000,0,0,0,rxjson,branch_site,,,,,,,,complete
json-opt,branch,BRF_ID_REG,,8761,5000,0,0,0,0,0,5000,0,0,0,rxjson,branch_site,,,,,,,,complete
json-opt,branch,BGE_ID_REG_REG,,8772,5000,0,0,0,0,0,5000,0,0,0,rxjson,branch_site,,,,,,,,complete
json-opt,branch,BRF_ID_REG,,8783,5000,0,0,0,0,0,0,5000,0,0,rxjson,branch_site,,,,,,,,complete
json-opt,branch,BRF_ID_REG,,8790,5000,0,0,0,0,0,0,5000,0,0,rxjson,branch_site,,,,,,,,complete
json-opt,branch,BRF_ID_REG,,8797,5000,0,0,0,0,0,0,5000,0,0,rxjson,branch_site,,,,,,,,complete
json-opt,branch,BRTF_ID_ID_REG,,8804,5000,0,0,0,0,0,5000,0,0,0,rxjson,branch_site,,,,,,,,complete
json-opt,branch,BR_ID,,8817,5000,0,0,0,0,0,5000,0,0,0,rxjson,branch_site,,,,,,,,complete
json-opt,branch,BR_ID,,8859,5000,0,0,0,0,0,5000,0,0,0,rxjson,branch_site,,,,,,,,complete
json-opt,branch,BRF_ID_REG,,8865,5000,0,0,0,0,0,5000,0,0,0,rxjson,branch_site,,,,,,,,complete
json-opt,branch,BR_ID,,8907,5000,0,0,0,0,0,5000,0,0,0,rxjson,branch_site,,,,,,,,complete
json-opt,branch,BRF_ID_REG,,8913,5000,0,0,0,0,0,5000,0,0,0,rxjson,branch_site,,,,,,,,complete
json-opt,branch,BR_ID,,8933,5000,0,0,0,0,0,5000,0,0,0,rxjson,branch_site,,,,,,,,complete
json-opt,branch,BRT_ID_REG,,8939,5000,0,0,0,0,0,0,5000,0,0,rxjson,branch_site,,,,,,,,complete
json-opt,branch,BRF_ID_REG,,8970,5000,0,0,0,0,0,5000,0,0,0,rxjson,branch_site,,,,,,,,complete
json-opt,branch,BRF_ID_REG,,8983,5000,0,0,0,0,0,5000,0,0,0,rxjson,branch_site,,,,,,,,complete
json-opt,branch,BGE_ID_REG_INT,,9000,5000,0,0,0,0,0,5000,0,0,0,rxjson,branch_site,,,,,,,,complete
json-opt,branch,BGE_ID_REG_REG,,9010,5000,0,0,0,0,0,5000,0,0,0,rxjson,branch_site,,,,,,,,complete
json-opt,branch,BRF_ID_REG,,9021,5000,0,0,0,0,0,0,5000,0,0,rxjson,branch_site,,,,,,,,complete
json-opt,branch,BRF_ID_REG,,9028,5000,0,0,0,0,0,0,5000,0,0,rxjson,branch_site,,,,,,,,complete
json-opt,branch,BRF_ID_REG,,9035,5000,0,0,0,0,0,5000,0,0,0,rxjson,branch_site,,,,,,,,complete
json-opt,branch,BRF_ID_REG,,9049,5000,0,0,0,0,0,5000,0,0,0,rxjson,branch_site,,,,,,,,complete
json-opt,branch,BRF_ID_REG,,9072,5000,0,0,0,0,0,5000,0,0,0,rxjson,branch_site,,,,,,,,complete
json-opt,branch,BR_ID,,9086,5000,0,0,0,0,0,5000,0,0,0,rxjson,branch_site,,,,,,,,complete
json-opt,branch,BRF_ID_REG,,9092,5000,0,0,0,0,0,0,5000,0,0,rxjson,branch_site,,,,,,,,complete
json-opt,branch,BRF_ID_REG,,9099,5000,0,0,0,0,0,5000,0,0,0,rxjson,branch_site,,,,,,,,complete
json-opt,branch,BR_ID,,9113,5000,0,0,0,0,0,5000,0,0,0,rxjson,branch_site,,,,,,,,complete
json-opt,branch,BRF_ID_REG,,9119,5000,0,0,0,0,0,0,5000,0,0,rxjson,branch_site,,,,,,,,complete
json-opt,branch,BR_ID,,9128,5000,0,0,0,0,0,5000,0,0,0,rxjson,branch_site,,,,,,,,complete
json-opt,branch,BRF_ID_REG,,9145,5000,0,0,0,0,0,5000,0,0,0,rxjson,branch_site,,,,,,,,complete
json-opt,branch,BR_ID,,9192,5000,0,0,0,0,0,5000,0,5000,0,rxjson,branch_site,,,,,,,,complete
json-opt,branch,BRF_ID_REG,,959,5000,0,0,0,0,0,5000,0,0,0,rxjson,branch_site,,,,,,,,complete
json-opt,branch,BRF_ID_REG,,9207,655000,0,0,0,0,0,0,655000,0,0,rxjson,branch_site,,,,,,,,complete
json-opt,branch,BRT_ID_REG,,9218,655000,0,0,0,0,0,0,655000,0,0,rxjson,branch_site,,,,,,,,complete
json-opt,branch,BRT_ID_REG,,9225,655000,0,0,0,0,0,0,655000,0,0,rxjson,branch_site,,,,,,,,complete
json-opt,branch,BRTF_ID_ID_REG,,9232,655000,0,0,0,0,0,655000,0,0,0,rxjson,branch_site,,,,,,,,complete
json-opt,branch,BRTF_ID_ID_REG,,9246,655000,0,0,0,0,0,655000,0,0,0,rxjson,branch_site,,,,,,,,complete
json-opt,branch,BRF_ID_REG,,9270,655000,0,0,0,0,0,655000,0,0,0,rxjson,branch_site,,,,,,,,complete
json-opt,branch,BRF_ID_REG,,9286,655000,0,0,0,0,0,365000,290000,0,0,rxjson,branch_site,,,,,,,,complete
json-opt,branch,BRF_ID_REG,,10025,365000,0,0,0,0,0,285000,80000,0,0,rxjson,branch_site,,,,,,,,complete
json-opt,branch,BRF_ID_REG,,11448,80000,0,0,0,0,0,0,80000,0,0,rxjson,branch_site,,,,,,,,complete
json-opt,branch,BRT_ID_REG,,11459,80000,0,0,0,0,0,0,80000,0,0,rxjson,branch_site,,,,,,,,complete
json-opt,branch,BRT_ID_REG,,11466,80000,0,0,0,0,0,0,80000,0,0,rxjson,branch_site,,,,,,,,complete
json-opt,branch,BRTF_ID_ID_REG,,11473,80000,0,0,0,0,0,80000,0,0,0,rxjson,branch_site,,,,,,,,complete
json-opt,branch,BRTF_ID_ID_REG,,11487,80000,0,0,0,0,0,80000,0,0,0,rxjson,branch_site,,,,,,,,complete
json-opt,branch,BRF_ID_REG,,11511,80000,0,0,0,0,0,0,80000,0,0,rxjson,branch_site,,,,,,,,complete
json-opt,branch,BRF_ID_REG,,11522,80000,0,0,0,0,0,80000,0,0,0,rxjson,branch_site,,,,,,,,complete
json-opt,branch,BRF_ID_REG,,11561,170000,0,0,0,0,0,0,170000,0,0,rxjson,branch_site,,,,,,,,complete
json-opt,branch,BRT_ID_REG,,11577,170000,0,0,0,0,0,0,170000,0,0,rxjson,branch_site,,,,,,,,complete
json-opt,branch,BRF_ID_REG,,11588,170000,0,0,0,0,0,170000,0,0,0,rxjson,branch_site,,,,,,,,complete
json-opt,branch,BRF_ID_REG,,11610,1530000,0,0,0,0,0,0,1530000,0,0,rxjson,branch_site,,,,,,,,complete
json-opt,branch,BRF_ID_REG,,11621,1530000,0,0,0,0,0,1360000,170000,0,0,rxjson,branch_site,,,,,,,,complete
json-opt,branch,BRF_ID_REG,,11640,1360000,0,0,0,0,0,1360000,0,0,0,rxjson,branch_site,,,,,,,,complete
json-opt,branch,BRF_ID_REG,,11655,1360000,0,0,0,0,0,1360000,0,0,0,rxjson,branch_site,,,,,,,,complete
json-opt,branch,BR_ID,,12250,1360000,0,0,0,0,0,1360000,0,1360000,0,rxjson,branch_site,,,,,,,,complete
json-opt,branch,BR_ID,,11634,170000,0,0,0,0,0,170000,0,0,0,rxjson,branch_site,,,,,,,,complete
json-opt,branch,BRF_ID_REG,,12266,170000,0,0,0,0,0,170000,0,0,0,rxjson,branch_site,,,,,,,,complete
json-opt,branch,BRF_ID_REG,,12281,170000,0,0,0,0,0,0,170000,0,0,rxjson,branch_site,,,,,,,,complete
json-opt,branch,BRT_ID_REG,,12292,170000,0,0,0,0,0,0,170000,0,0,rxjson,branch_site,,,,,,,,complete
json-opt,branch,BRT_ID_REG,,12299,170000,0,0,0,0,0,0,170000,0,0,rxjson,branch_site,,,,,,,,complete
json-opt,branch,BRTF_ID_ID_REG,,12306,170000,0,0,0,0,0,170000,0,0,0,rxjson,branch_site,,,,,,,,complete
json-opt,branch,BRTF_ID_ID_REG,,12320,170000,0,0,0,0,0,170000,0,0,0,rxjson,branch_site,,,,,,,,complete
json-opt,branch,BRT_ID_REG,,12344,170000,0,0,0,0,0,0,170000,0,0,rxjson,branch_site,,,,,,,,complete
json-opt,branch,BRF_ID_REG,,12355,170000,0,0,0,0,0,170000,0,0,0,rxjson,branch_site,,,,,,,,complete
json-opt,branch,BRF_ID_REG,,12371,170000,0,0,0,0,0,160000,10000,0,0,rxjson,branch_site,,,,,,,,complete
json-opt,branch,BRF_ID_REG,,12378,170000,0,0,0,0,0,160000,10000,0,0,rxjson,branch_site,,,,,,,,complete
json-opt,branch,BRF_ID_REG,,12396,10000,0,0,0,0,0,0,10000,0,0,rxjson,branch_site,,,,,,,,complete
json-opt,branch,BRF_ID_REG,,12429,10000,0,0,0,0,0,0,10000,0,0,rxjson,branch_site,,,,,,,,complete
json-opt,branch,BR_ID,,12449,10000,0,0,0,0,0,10000,0,0,0,rxjson,branch_site,,,,,,,,complete
json-opt,branch,BRTF_ID_ID_REG,,12460,10000,0,0,0,0,0,10000,0,0,0,rxjson,branch_site,,,,,,,,complete
json-opt,branch,BR_ID,,12470,5000,0,0,0,0,0,5000,0,0,0,rxjson,branch_site,,,,,,,,complete
json-opt,branch,BRF_ID_REG,,12589,10000,0,0,0,0,0,5000,5000,0,0,rxjson,branch_site,,,,,,,,complete
json-opt,branch,BRF_ID_REG,,12599,170000,0,0,0,0,0,170000,0,0,0,rxjson,branch_site,,,,,,,,complete
json-opt,branch,BRF_ID_REG,,10110,285000,0,0,0,0,0,140000,145000,0,0,rxjson,branch_site,,,,,,,,complete
json-opt,branch,BRF_ID_REG,,10679,140000,0,0,0,0,0,105000,35000,0,0,rxjson,branch_site,,,,,,,,complete
json-opt,branch,BRF_ID_REG,,10795,105000,0,0,0,0,0,105000,0,0,0,rxjson,branch_site,,,,,,,,complete
json-opt,branch,BRF_ID_REG,,10911,105000,0,0,0,0,0,105000,0,0,0,rxjson,branch_site,,,,,,,,complete
json-opt,branch,BRT_ID_REG,,11027,105000,0,0,0,0,0,10000,95000,0,0,rxjson,branch_site,,,,,,,,complete
json-opt,branch,BRF_ID_REG,,11034,95000,0,0,0,0,0,0,95000,0,0,rxjson,branch_site,,,,,,,,complete
json-opt,branch,BRF_ID_REG,,11044,105000,0,0,0,0,0,0,105000,0,0,rxjson,branch_site,,,,,,,,complete
json-opt,branch,BRF_ID_REG,,11054,105000,0,0,0,0,0,0,105000,0,0,rxjson,branch_site,,,,,,,,complete
json-opt,branch,BRF_ID_REG,,11065,105000,0,0,0,0,0,95000,10000,0,0,rxjson,branch_site,,,,,,,,complete
json-opt,branch,BRF_ID_REG,,11076,105000,0,0,0,0,0,105000,0,0,0,rxjson,branch_site,,,,,,,,complete
json-opt,branch,BRF_ID_REG,,11092,105000,0,0,0,0,0,85000,20000,0,0,rxjson,branch_site,,,,,,,,complete
json-opt,branch,BRF_ID_REG,,11105,85000,0,0,0,0,0,0,85000,0,0,rxjson,branch_site,,,,,,,,complete
json-opt,branch,BRF_ID_REG,,11112,85000,0,0,0,0,0,0,85000,0,0,rxjson,branch_site,,,,,,,,complete
json-opt,branch,BRF_ID_REG,,11123,205000,0,0,0,0,0,0,205000,0,0,rxjson,branch_site,,,,,,,,complete
json-opt,branch,BRT_ID_REG,,11134,205000,0,0,0,0,0,55000,150000,0,0,rxjson,branch_site,,,,,,,,complete
json-opt,branch,BRF_ID_REG,,11141,205000,0,0,0,0,0,120000,85000,0,0,rxjson,branch_site,,,,,,,,complete
json-opt,branch,BR_ID,,11144,85000,0,0,0,0,0,85000,0,0,0,rxjson,branch_site,,,,,,,,complete
json-opt,branch,BRF_ID_REG,,11166,105000,0,0,0,0,0,0,105000,0,0,rxjson,branch_site,,,,,,,,complete
json-opt,branch,BRF_ID_REG,,11177,105000,0,0,0,0,0,105000,0,0,0,rxjson,branch_site,,,,,,,,complete
json-opt,branch,BRF_ID_REG,,11259,105000,0,0,0,0,0,0,105000,0,0,rxjson,branch_site,,,,,,,,complete
json-opt,branch,BRT_ID_REG,,11270,105000,0,0,0,0,0,0,105000,0,0,rxjson,branch_site,,,,,,,,complete
json-opt,branch,BRF_ID_REG,,11277,105000,0,0,0,0,0,105000,0,0,0,rxjson,branch_site,,,,,,,,complete
json-opt,branch,BR_ID,,11393,105000,0,0,0,0,0,105000,0,0,0,rxjson,branch_site,,,,,,,,complete
json-opt,branch,BNE_ID_REG_INT,,11397,105000,0,0,0,0,0,105000,0,0,0,rxjson,branch_site,,,,,,,,complete
json-opt,branch,BRF_ID_REG,,11407,105000,0,0,0,0,0,105000,0,0,0,rxjson,branch_site,,,,,,,,complete
json-opt,branch,BRF_ID_REG,,11414,105000,0,0,0,0,0,105000,0,0,0,rxjson,branch_site,,,,,,,,complete
json-opt,branch,BRF_ID_REG,,12679,170000,0,0,0,0,0,170000,0,0,0,rxjson,branch_site,,,,,,,,complete
json-opt,branch,BRF_ID_REG,,12691,170000,0,0,0,0,0,0,170000,0,0,rxjson,branch_site,,,,,,,,complete
json-opt,branch,BRT_ID_REG,,12702,170000,0,0,0,0,0,0,170000,0,0,rxjson,branch_site,,,,,,,,complete
json-opt,branch,BRT_ID_REG,,12709,170000,0,0,0,0,0,0,170000,0,0,rxjson,branch_site,,,,,,,,complete
json-opt,branch,BRTF_ID_ID_REG,,12716,170000,0,0,0,0,0,170000,0,0,0,rxjson,branch_site,,,,,,,,complete
json-opt,branch,BRTF_ID_ID_REG,,12730,170000,0,0,0,0,0,170000,0,0,0,rxjson,branch_site,,,,,,,,complete
json-opt,branch,BRF_ID_REG,,12754,170000,0,0,0,0,0,0,170000,0,0,rxjson,branch_site,,,,,,,,complete
json-opt,branch,BRF_ID_REG,,12765,170000,0,0,0,0,0,80000,90000,0,0,rxjson,branch_site,,,,,,,,complete
json-opt,branch,BRF_ID_REG,,12779,90000,0,0,0,0,0,0,90000,0,0,rxjson,branch_site,,,,,,,,complete
json-opt,branch,BRT_ID_REG,,12790,90000,0,0,0,0,0,0,90000,0,0,rxjson,branch_site,,,,,,,,complete
json-opt,branch,BRT_ID_REG,,12797,90000,0,0,0,0,0,0,90000,0,0,rxjson,branch_site,,,,,,,,complete
json-opt,branch,BRTF_ID_ID_REG,,12804,90000,0,0,0,0,0,90000,0,0,0,rxjson,branch_site,,,,,,,,complete
json-opt,branch,BRTF_ID_ID_REG,,12818,90000,0,0,0,0,0,90000,0,90000,0,rxjson,branch_site,,,,,,,,complete
json-opt,branch,BRF_ID_REG,,10714,35000,0,0,0,0,0,35000,0,0,0,rxjson,branch_site,,,,,,,,complete
json-opt,branch,BRF_ID_REG,,10733,35000,0,0,0,0,0,0,35000,0,0,rxjson,branch_site,,,,,,,,complete
json-opt,branch,BR_ID,,10739,35000,0,0,0,0,0,35000,0,0,0,rxjson,branch_site,,,,,,,,complete
json-opt,branch,BNE_ID_REG_INT,,10753,35000,0,0,0,0,0,35000,0,0,0,rxjson,branch_site,,,,,,,,complete
json-opt,branch,BRF_ID_REG,,10767,35000,0,0,0,0,0,35000,0,0,0,rxjson,branch_site,,,,,,,,complete
json-opt,branch,BRF_ID_REG,,10774,35000,0,0,0,0,0,35000,0,0,0,rxjson,branch_site,,,,,,,,complete
json-opt,branch,BRF_ID_REG,,12844,80000,0,0,0,0,0,0,80000,0,0,rxjson,branch_site,,,,,,,,complete
json-opt,branch,BRF_ID_REG,,12855,80000,0,0,0,0,0,0,80000,0,0,rxjson,branch_site,,,,,,,,complete
json-opt,branch,BRF_ID_REG,,12866,80000,0,0,0,0,0,80000,0,0,0,rxjson,branch_site,,,,,,,,complete
json-opt,branch,BRF_ID_REG,,12873,80000,0,0,0,0,0,80000,0,0,0,rxjson,branch_site,,,,,,,,complete
json-opt,branch,BRF_ID_REG,,12487,5000,0,0,0,0,0,0,5000,0,0,rxjson,branch_site,,,,,,,,complete
json-opt,branch,BR_ID,,12496,5000,0,0,0,0,0,5000,0,0,0,rxjson,branch_site,,,,,,,,complete
json-opt,branch,BRF_ID_REG,,10142,145000,0,0,0,0,0,0,145000,0,0,rxjson,branch_site,,,,,,,,complete
json-opt,branch,BRT_ID_REG,,10153,145000,0,0,0,0,0,0,145000,0,0,rxjson,branch_site,,,,,,,,complete
json-opt,branch,BRT_ID_REG,,10160,145000,0,0,0,0,0,0,145000,0,0,rxjson,branch_site,,,,,,,,complete
json-opt,branch,BRTF_ID_ID_REG,,10167,145000,0,0,0,0,0,145000,0,0,0,rxjson,branch_site,,,,,,,,complete
json-opt,branch,BRTF_ID_ID_REG,,10181,145000,0,0,0,0,0,145000,0,0,0,rxjson,branch_site,,,,,,,,complete
json-opt,branch,BRF_ID_REG,,10205,145000,0,0,0,0,0,0,145000,0,0,rxjson,branch_site,,,,,,,,complete
json-opt,branch,BRF_ID_REG,,10216,145000,0,0,0,0,0,145000,0,0,0,rxjson,branch_site,,,,,,,,complete
json-opt,branch,BRF_ID_REG,,10264,440000,0,0,0,0,0,0,440000,0,0,rxjson,branch_site,,,,,,,,complete
json-opt,branch,BRF_ID_REG,,10274,440000,0,0,0,0,0,400000,40000,0,0,rxjson,branch_site,,,,,,,,complete
json-opt,branch,BRF_ID_REG,,10281,440000,0,0,0,0,0,440000,0,0,0,rxjson,branch_site,,,,,,,,complete
json-opt,branch,BRF_ID_REG,,10344,440000,0,0,0,0,0,400000,40000,0,0,rxjson,branch_site,,,,,,,,complete
json-opt,branch,BRT_ID_REG,,9299,290000,0,0,0,0,0,0,290000,0,0,rxjson,branch_site,,,,,,,,complete
json-opt,branch,BRF_ID_REG,,9310,290000,0,0,0,0,0,290000,0,0,0,rxjson,branch_site,,,,,,,,complete
json-opt,branch,BRF_ID_REG,,9332,2350000,0,0,0,0,0,0,2350000,0,0,rxjson,branch_site,,,,,,,,complete
json-opt,branch,BRF_ID_REG,,9343,2350000,0,0,0,0,0,2060000,290000,0,0,rxjson,branch_site,,,,,,,,complete
json-opt,branch,BRF_ID_REG,,9362,2060000,0,0,0,0,0,2060000,0,0,0,rxjson,branch_site,,,,,,,,complete
json-opt,branch,BRF_ID_REG,,9377,2060000,0,0,0,0,0,2060000,0,0,0,rxjson,branch_site,,,,,,,,complete
json-opt,branch,BR_ID,,9972,2060000,0,0,0,0,0,2060000,0,2060000,0,rxjson,branch_site,,,,,,,,complete
json-opt,branch,BR_ID,,9356,290000,0,0,0,0,0,290000,0,0,0,rxjson,branch_site,,,,,,,,complete
json-opt,branch,BRF_ID_REG,,9988,290000,0,0,0,0,0,290000,0,0,0,rxjson,branch_site,,,,,,,,complete
json-opt,branch,BRF_ID_REG,,9997,290000,0,0,0,0,0,290000,0,0,0,rxjson,branch_site,,,,,,,,complete
json-opt,branch,BRF_ID_REG,,10004,290000,0,0,0,0,0,290000,0,0,0,rxjson,branch_site,,,,,,,,complete
json-opt,branch,BRF_ID_REG,,10424,440000,0,0,0,0,0,440000,0,0,0,rxjson,branch_site,,,,,,,,complete
json-opt,branch,BRF_ID_REG,,10443,440000,0,0,0,0,0,0,440000,0,0,rxjson,branch_site,,,,,,,,complete
json-opt,branch,BRT_ID_REG,,10454,440000,0,0,0,0,0,0,440000,0,0,rxjson,branch_site,,,,,,,,complete
json-opt,branch,BRT_ID_REG,,10461,440000,0,0,0,0,0,0,440000,0,0,rxjson,branch_site,,,,,,,,complete
json-opt,branch,BRTF_ID_ID_REG,,10468,440000,0,0,0,0,0,440000,0,0,0,rxjson,branch_site,,,,,,,,complete
json-opt,branch,BRTF_ID_ID_REG,,10482,440000,0,0,0,0,0,440000,0,0,0,rxjson,branch_site,,,,,,,,complete
json-opt,branch,BRF_ID_REG,,10506,440000,0,0,0,0,0,0,440000,0,0,rxjson,branch_site,,,,,,,,complete
json-opt,branch,BRF_ID_REG,,10517,440000,0,0,0,0,0,145000,295000,0,0,rxjson,branch_site,,,,,,,,complete
json-opt,branch,BRF_ID_REG,,10531,295000,0,0,0,0,0,0,295000,0,0,rxjson,branch_site,,,,,,,,complete
json-opt,branch,BRT_ID_REG,,10542,295000,0,0,0,0,0,0,295000,0,0,rxjson,branch_site,,,,,,,,complete
json-opt,branch,BRT_ID_REG,,10549,295000,0,0,0,0,0,0,295000,0,0,rxjson,branch_site,,,,,,,,complete
json-opt,branch,BRTF_ID_ID_REG,,10556,295000,0,0,0,0,0,295000,0,0,0,rxjson,branch_site,,,,,,,,complete
json-opt,branch,BRTF_ID_ID_REG,,10570,295000,0,0,0,0,0,295000,0,295000,0,rxjson,branch_site,,,,,,,,complete
json-opt,branch,BRF_ID_REG,,10596,145000,0,0,0,0,0,0,145000,0,0,rxjson,branch_site,,,,,,,,complete
json-opt,branch,BRF_ID_REG,,10607,145000,0,0,0,0,0,0,145000,0,0,rxjson,branch_site,,,,,,,,complete
json-opt,branch,BRF_ID_REG,,10618,145000,0,0,0,0,0,140000,5000,0,0,rxjson,branch_site,,,,,,,,complete
json-opt,branch,BRF_ID_REG,,10625,145000,0,0,0,0,0,140000,5000,0,0,rxjson,branch_site,,,,,,,,complete
json-opt,branch,BR_ID,,10643,145000,0,0,0,0,0,145000,0,0,0,rxjson,branch_site,,,,,,,,complete
json-opt,branch,BR_ID,,11099,20000,0,0,0,0,0,20000,0,0,0,rxjson,branch_site,,,,,,,,complete
json-opt,branch,BR_ID,,11150,120000,0,0,0,0,0,120000,0,120000,0,rxjson,branch_site,,,,,,,,complete
json-opt,branch,BRF_ID_REG,,1057,5000,0,0,0,0,0,5000,0,0,0,rxjson,branch_site,,,,,,,,complete
json-opt,branch,BRF_ID_REG,,1072,5000,0,0,0,0,0,5000,0,0,0,rxjson,branch_site,,,,,,,,complete
json-opt,branch,BRF_ID_REG,,1135,5000,0,0,0,0,0,5000,0,0,0,rxjson,branch_site,,,,,,,,complete
json-opt,branch,BRF_ID_REG,,1147,5000,0,0,0,0,0,5000,0,0,0,rxjson,branch_site,,,,,,,,complete
json-opt,branch,BR_ID,,1161,5000,0,0,0,0,0,5000,0,0,0,rxjson,branch_site,,,,,,,,complete
json-opt,branch,BGT_ID_REG_INT,,1174,5000,0,0,0,0,0,5000,0,0,0,rxjson,branch_site,,,,,,,,complete
json-opt,branch,BRF_ID_REG,,1184,5000,0,0,0,0,0,0,5000,0,0,rxjson,branch_site,,,,,,,,complete
json-opt,branch,BRF_ID_REG,,1206,5000,0,0,0,0,0,0,5000,0,0,rxjson,branch_site,,,,,,,,complete
json-opt,branch,BRT_ID_REG,,1217,5000,0,0,0,0,0,0,5000,0,0,rxjson,branch_site,,,,,,,,complete
json-opt,branch,BRT_ID_REG,,1224,5000,0,0,0,0,0,0,5000,0,0,rxjson,branch_site,,,,,,,,complete
json-opt,branch,BRTF_ID_ID_REG,,1231,5000,0,0,0,0,0,5000,0,0,0,rxjson,branch_site,,,,,,,,complete
json-opt,branch,BRTF_ID_ID_REG,,1245,5000,0,0,0,0,0,5000,0,0,0,rxjson,branch_site,,,,,,,,complete
json-opt,branch,BRF_ID_REG,,1272,5000,0,0,0,0,0,0,5000,0,0,rxjson,branch_site,,,,,,,,complete
json-opt,branch,BRF_ID_REG,,1283,5000,0,0,0,0,0,5000,0,0,0,rxjson,branch_site,,,,,,,,complete
json-opt,branch,BRF_ID_REG,,1310,40000,0,0,0,0,0,0,40000,0,0,rxjson,branch_site,,,,,,,,complete
json-opt,branch,BRF_ID_REG,,1384,40000,0,0,0,0,0,40000,0,0,0,rxjson,branch_site,,,,,,,,complete
json-opt,branch,BRF_ID_REG,,1406,40000,0,0,0,0,0,0,40000,0,0,rxjson,branch_site,,,,,,,,complete
json-opt,branch,BRT_ID_REG,,1417,40000,0,0,0,0,0,0,40000,0,0,rxjson,branch_site,,,,,,,,complete
json-opt,branch,BRT_ID_REG,,1424,40000,0,0,0,0,0,0,40000,0,0,rxjson,branch_site,,,,,,,,complete
json-opt,branch,BRTF_ID_ID_REG,,1431,40000,0,0,0,0,0,40000,0,0,0,rxjson,branch_site,,,,,,,,complete
json-opt,branch,BRTF_ID_ID_REG,,1445,40000,0,0,0,0,0,40000,0,0,0,rxjson,branch_site,,,,,,,,complete
json-opt,branch,BRF_ID_REG,,1469,40000,0,0,0,0,0,0,40000,0,0,rxjson,branch_site,,,,,,,,complete
json-opt,branch,BRF_ID_REG,,1480,40000,0,0,0,0,0,5000,35000,0,0,rxjson,branch_site,,,,,,,,complete
json-opt,branch,BRF_ID_REG,,1494,35000,0,0,0,0,0,0,35000,0,0,rxjson,branch_site,,,,,,,,complete
json-opt,branch,BRT_ID_REG,,1505,35000,0,0,0,0,0,0,35000,0,0,rxjson,branch_site,,,,,,,,complete
json-opt,branch,BRT_ID_REG,,1512,35000,0,0,0,0,0,0,35000,0,0,rxjson,branch_site,,,,,,,,complete
json-opt,branch,BRTF_ID_ID_REG,,1519,35000,0,0,0,0,0,35000,0,0,0,rxjson,branch_site,,,,,,,,complete
json-opt,branch,BRTF_ID_ID_REG,,1533,35000,0,0,0,0,0,35000,0,35000,0,rxjson,branch_site,,,,,,,,complete
json-opt,branch,BR_ID,,1562,5000,0,0,0,0,0,5000,0,0,0,rxjson,branch_site,,,,,,,,complete
json-opt,branch,BRF_ID_REG,,92,5000,0,0,0,0,0,5000,0,0,0,benchmark_json_parser_opt,branch_site,,,,,,,,complete
json-opt,branch,BCTP_ID_REG,,117,5000,0,0,0,0,0,5000,0,5000,0,benchmark_json_parser_opt,branch_site,,,,,,,,complete
json-opt,census,call_path,direct_bytecode,,745000,0,0,0,0,0,,,,,,,,,,,,,,complete
json-opt,census,call_path,direct_native,,0,0,0,0,0,0,,,,,,,,,,,,,,complete
json-opt,census,call_path,dynamic_bytecode,,0,0,0,0,0,0,,,,,,,,,,,,,,complete
json-opt,census,call_path,dynamic_native,,0,0,0,0,0,0,,,,,,,,,,,,,,complete
json-opt,census,call_path,external_root,,1,0,0,0,0,0,,,,,,,,,,,,,,complete
json-opt,census,call_path,signal_bytecode,,0,0,0,0,0,0,,,,,,,,,,,,,,complete
json-opt,census,call_path,signal_native,,0,0,0,0,0,0,,,,,,,,,,,,,,complete
json-opt,census,arity,1,,1,0,0,0,0,0,,,,,,,,,,,,,,complete
json-opt,census,arity,2,,5000,0,0,0,0,0,,,,,,,,,,,,,,complete
json-opt,census,arity,5,,5000,0,0,0,0,0,,,,,,,,,,,,,,complete
json-opt,census,arity,13,,655000,0,0,0,0,0,,,,,,,,,,,,,,complete
json-opt,census,arity,14,,80000,0,0,0,0,0,,,,,,,,,,,,,,complete
json-opt,census,callable_kind,procedure,,745001,0,0,0,0,0,,,,,,,,,,,,,,complete
json-opt,census,callable_kind,method,,0,0,0,0,0,0,,,,,,,,,,,,,,complete
json-opt,census,callable_kind,factory,,0,0,0,0,0,0,,,,,,,,,,,,,,complete
json-opt,census,callable_kind,native,,0,0,0,0,0,0,,,,,,,,,,,,,,complete
json-opt,census,callable_kind,unknown,,0,0,0,0,0,0,,,,,,,,,,,,,,complete
json-opt,census,frame_disposition,fresh,,12,0,0,0,0,0,,,,,,,,,,,,,,complete
json-opt,census,frame_disposition,reused,,744989,0,0,0,0,0,,,,,,,,,,,,,,complete
json-opt,census,frame_disposition,no_child_native,,0,0,0,0,0,0,,,,,,,,,,,,,,complete
json-opt,census,frame_disposition,none_failed,,0,0,0,0,0,0,,,,,,,,,,,,,,complete
json-opt,census,call_outcome,success,,745001,0,0,0,0,0,,,,,,,,,,,,,,complete
json-opt,census,call_outcome,unresolved,,0,0,0,0,0,0,,,,,,,,,,,,,,complete
json-opt,census,call_outcome,frame_failed,,0,0,0,0,0,0,,,,,,,,,,,,,,complete
json-opt,census,call_outcome,invalid,,0,0,0,0,0,0,,,,,,,,,,,,,,complete
json-opt,return,placement,void,,0,0,0,0,0,0,,,,,,,,,,,,,,complete
json-opt,return,placement,ret_reg_move_local,,235000,0,0,0,0,0,,,,,,,,,,,,,,complete
json-opt,return,placement,ret_reg_copy_nonlocal,,0,0,0,0,0,0,,,,,,,,,,,,,,complete
json-opt,return,placement,value_ignored,,0,0,0,0,0,0,,,,,,,,,,,,,,complete
json-opt,return,placement,immediate,,510000,0,0,0,0,0,,,,,,,,,,,,,,complete
json-opt,return,placement,terminal_external,,1,0,0,0,0,0,,,,,,,,,,,,,,complete
json-opt,dynamic,srcmethodsel,attempt,,0,0,0,0,0,0,,,,,,,,,,,,,,complete
json-opt,dynamic,srcmethodsel,success,,0,0,0,0,0,0,,,,,,,,,,,,,,complete
json-opt,dynamic,srcmethodsel,failure,,0,0,0,0,0,0,,,,,,,,,,,,,,complete
json-opt,dynamic,srcfprocsel,attempt,,0,0,0,0,0,0,,,,,,,,,,,,,,complete
json-opt,dynamic,srcfprocsel,success,,0,0,0,0,0,0,,,,,,,,,,,,,,complete
json-opt,dynamic,srcfprocsel,failure,,0,0,0,0,0,0,,,,,,,,,,,,,,complete
json-opt,mechanics,call_window,setup_swaps,,9575000,0,0,0,0,0,,,,,,,,,,,,,,complete
json-opt,mechanics,call_window,normal_restoration_swaps,,9575000,0,0,0,0,0,,,,,,,,,,,,,,complete
json-opt,mechanics,call_window,unclassified_swaps,,0,0,0,0,0,0,,,,,,,,,,,,,,complete
json-opt,mechanics,call_window,defensive_argument_copies,,0,0,0,0,0,0,,,,,,,,,,,,,,complete
json-opt,mechanics,call_window,unclassified_copies,,3605001,0,0,0,0,0,,,,,,,,,,,,,,complete
json-opt,mechanics,call_window,attribution_degraded,,0,0,0,0,0,0,,,,,,,,,,,,,,complete
json-opt,unwind,signal,events,,0,0,0,0,0,0,,,,,,,,,,,,,,complete
json-opt,unwind,signal,bytecode_frames_discarded,,0,0,0,0,0,0,,,,,,,,,,,,,,complete
json-opt,unwind,signal,argument_windows_restored,,0,0,0,0,0,0,,,,,,,,,,,,,,complete
json-opt,unwind,signal,argument_slots_restored,,0,0,0,0,0,0,,,,,,,,,,,,,,complete
json-opt,unwind,signal,interrupted_native_windows_restored,,0,0,0,0,0,0,,,,,,,,,,,,,,complete
json-opt,unwind,signal,interrupted_native_slots_restored,,0,0,0,0,0,0,,,,,,,,,,,,,,complete
json-opt,unwind,signal,restoration_failures,,0,0,0,0,0,0,,,,,,,,,,,,,,complete
json-opt,call,json_parser.main,external_root,0,1,0,0,0,0,0,1,,,,benchmark_json_parser_opt,procedure,,,fresh,success,0,0,0,complete
json-opt,call,rxjson.jsoncount,direct_bytecode,82,1,0,0,0,0,0,2,,,,benchmark_json_parser_opt,procedure,,,fresh,success,0,0,0,complete
json-opt,call,rxjson._json_parse_path,direct_bytecode,937,1,0,0,0,0,0,5,,,,rxjson,procedure,,,fresh,success,5,5,0,complete
json-opt,call,rxjson._json_parse_value,direct_bytecode,1020,1,0,0,0,0,0,13,,,,rxjson,procedure,,,fresh,success,12,12,0,complete
json-opt,call,rxjson._json_parse_object,direct_bytecode,10066,2,0,0,0,0,0,14,,,,rxjson,procedure,,,fresh,success,28,28,0,complete
json-opt,call,rxjson._json_parse_value,direct_bytecode,12639,3,0,0,0,0,0,13,,,,rxjson,procedure,,,fresh,success,39,39,0,complete
json-opt,call,rxjson._json_parse_value,direct_bytecode,12639,169997,0,0,0,0,0,13,,,,rxjson,procedure,,,reused,success,2209961,2209961,0,complete
json-opt,call,rxjson._json_parse_value,direct_bytecode,10384,439997,0,0,0,0,0,13,,,,rxjson,procedure,,,reused,success,5719961,5719961,0,complete
json-opt,call,rxjson._json_parse_value,direct_bytecode,10384,3,0,0,0,0,0,13,,,,rxjson,procedure,,,fresh,success,39,39,0,complete
json-opt,call,rxjson._json_parse_object,direct_bytecode,10066,79998,0,0,0,0,0,14,,,,rxjson,procedure,,,reused,success,1119972,1119972,0,complete
json-opt,call,rxjson._json_parse_value,direct_bytecode,1349,40000,0,0,0,0,0,13,,,,rxjson,procedure,,,reused,success,440000,440000,0,complete
json-opt,call,rxjson.jsoncount,direct_bytecode,82,4999,0,0,0,0,0,2,,,,benchmark_json_parser_opt,procedure,,,reused,success,0,0,0,complete
json-opt,call,rxjson._json_parse_path,direct_bytecode,937,4999,0,0,0,0,0,5,,,,rxjson,procedure,,,reused,success,24995,24995,0,complete
json-opt,call,rxjson._json_parse_value,direct_bytecode,1020,4999,0,0,0,0,0,13,,,,rxjson,procedure,,,reused,success,59988,59988,0,complete
base64-noopt,status,instructions,complete,,0,0,0,0,0,0,,,,,,,,,,,,,,complete
base64-noopt,status,procedures,complete,,0,0,0,0,0,0,,,,,,,,,,,,,,complete
base64-noopt,status,allocations,complete,,0,0,0,0,0,0,,,,,,,,,,,,,,complete
base64-noopt,status,call_census,complete,,0,0,0,0,0,0,,,,,,,,,,,,,,complete
base64-noopt,status,frame_entry,complete,,0,0,0,0,0,0,,,,,,,,,,,,,,complete
base64-noopt,status,value_operations,complete,,0,0,0,0,0,0,,,,,,,,,,,,,,complete
base64-noopt,status,branch_sites,complete,,0,0,0,0,0,0,,,,,,,,,,,,,,complete
base64-noopt,value_operation,copy,string,,1,0,0,0,0,0,,,,,,,,,,,3,3,,complete
base64-noopt,value_operation,copy,object,,1,0,0,0,0,0,,,,,,,,,,,8,8,,complete
base64-noopt,value_operation,string_copy,string,,500,0,0,0,0,0,,,,,,,,,,,32000,64,,complete
base64-noopt,value_operation,string_copy,compound,,685000,0,0,0,0,0,,,,,,,,,,,1874160000,2736,,complete
base64-noopt,value_operation,binary_copy,binary,,500,0,0,0,0,0,,,,,,,,,,,684000,1368,,complete
base64-noopt,value_operation,integer_copy,scalar,,1368000,0,0,0,0,0,,,,,,,,,,,10944000,8,,complete
base64-noopt,value_operation,move,empty,,12500,0,0,0,0,0,,,,,,,,,,,0,0,,complete
base64-noopt,value_operation,move,scalar,,1355505,0,0,0,0,0,,,,,,,,,,,0,0,,complete
base64-noopt,value_operation,move,string,,685000,0,0,0,0,0,,,,,,,,,,,685000,1,,complete
base64-noopt,value_operation,move,binary,,501,0,0,0,0,0,,,,,,,,,,,513024,1024,,complete
base64-noopt,value_operation,move,compound,,500,0,0,0,0,0,,,,,,,,,,,1368000,2736,,complete
base64-noopt,value_operation,clear_contents,empty,,1030118,0,0,0,0,0,,,,,,,,,,,0,0,,complete
base64-noopt,value_operation,clear_contents,scalar,,338059,0,0,0,0,0,,,,,,,,,,,0,0,,complete
base64-noopt,value_operation,clear_contents,string,,685010,0,0,0,0,0,,,,,,,,,,,686594,1368,,complete
base64-noopt,value_operation,clear_contents,binary,,502,0,0,0,0,0,,,,,,,,,,,514392,1368,,complete
base64-noopt,value_operation,clear_contents,object,,2,0,0,0,0,0,,,,,,,,,,,16,8,,complete
base64-noopt,value_operation,clear_contents,compound,,501,0,0,0,0,0,,,,,,,,,,,1368128,2736,,complete
base64-noopt,value_operation,destroy,empty,,1030118,0,0,0,0,0,,,,,,,,,,,0,0,,complete
base64-noopt,value_operation,destroy,scalar,,338059,0,0,0,0,0,,,,,,,,,,,0,0,,complete
base64-noopt,value_operation,destroy,string,,685010,0,0,0,0,0,,,,,,,,,,,686594,1368,,complete
base64-noopt,value_operation,destroy,binary,,502,0,0,0,0,0,,,,,,,,,,,514392,1368,,complete
base64-noopt,value_operation,destroy,object,,2,0,0,0,0,0,,,,,,,,,,,16,8,,complete
base64-noopt,value_operation,destroy,compound,,501,0,0,0,0,0,,,,,,,,,,,1368128,2736,,complete
base64-noopt,value_operation,clear,empty,,92,0,0,0,0,0,,,,,,,,,,,0,0,,complete
base64-noopt,value_operation,clear,scalar,,59,0,0,0,0,0,,,,,,,,,,,0,0,,complete
base64-noopt,value_operation,clear,string,,12,0,0,0,0,0,,,,,,,,,,,1592,1368,,complete
base64-noopt,value_operation,clear,binary,,3,0,0,0,0,0,,,,,,,,,,,3416,1368,,complete
base64-noopt,value_operation,clear,object,,2,0,0,0,0,0,,,,,,,,,,,16,8,,complete
base64-noopt,value_operation,clear,compound,,2,0,0,0,0,0,,,,,,,,,,,2864,2736,,complete
base64-noopt,frame_entry,local_relink,fresh,119,12,0,0,0,0,0,,,,,,,,,,,,,,complete
base64-noopt,frame_entry,local_relink,reused,20551926,2053996,0,0,0,0,0,,,,,,,,,,,,,,complete
base64-noopt,frame_entry,global_relink,fresh,0,12,0,0,0,0,0,,,,,,,,,,,,,,complete
base64-noopt,frame_entry,global_relink,reused,0,2053996,0,0,0,0,0,,,,,,,,,,,,,,complete
base64-noopt,frame_entry,argument_count_reset,fresh,12,12,0,0,0,0,0,,,,,,,,,,,,,,complete
base64-noopt,frame_entry,argument_count_reset,reused,2053996,2053996,0,0,0,0,0,,,,,,,,,,,,,,complete
base64-noopt,frame_entry,inherited_context,fresh,11,11,0,0,0,0,0,,,,,,,,,,,,,,complete
base64-noopt,frame_entry,inherited_context,reused,2053996,2053996,0,0,0,0,0,,,,,,,,,,,,,,complete
base64-noopt,frame_entry,root_context,fresh,1,1,0,0,0,0,0,,,,,,,,,,,,,,complete
base64-noopt,frame_entry,finalize,fresh,12,12,0,0,0,0,0,,,,,,,,,,,,,,complete
base64-noopt,frame_entry,finalize,reused,2053996,2053996,0,0,0,0,0,,,,,,,,,,,,,,complete
base64-noopt,branch,BRTPANDT_ID_REG_INT,,6,1,0,0,0,0,0,0,1,0,0,benchmark_base64_roundtrip_noopt,branch_site,,,,,,,,complete
base64-noopt,branch,BR_ID,,13,1,0,0,0,0,0,1,0,0,0,benchmark_base64_roundtrip_noopt,branch_site,,,,,,,,complete
base64-noopt,branch,BRF_ID_REG,,29,1,0,0,0,0,0,0,1,0,0,benchmark_base64_roundtrip_noopt,branch_site,,,,,,,,complete
base64-noopt,branch,BRF_ID_REG,,45,1,0,0,0,0,0,1,0,0,0,benchmark_base64_roundtrip_noopt,branch_site,,,,,,,,complete
base64-noopt,branch,BRT_ID_REG,,289,1025,0,0,0,0,0,1,1024,0,0,benchmark_base64_roundtrip_noopt,branch_site,,,,,,,,complete
base64-noopt,branch,BR_ID,,310,1024,0,0,0,0,0,1024,0,1024,0,benchmark_base64_roundtrip_noopt,branch_site,,,,,,,,complete
base64-noopt,branch,BRT_ID_REG,,73,501,0,0,0,0,0,1,500,0,0,benchmark_base64_roundtrip_noopt,branch_site,,,,,,,,complete
base64-noopt,branch,BRF_ID_REG,,381,171500,0,0,0,0,0,500,171000,0,0,benchmark_base64_roundtrip_noopt,branch_site,,,,,,,,complete
base64-noopt,branch,BRF_ID_REG,,402,171000,0,0,0,0,0,500,170500,0,0,benchmark_base64_roundtrip_noopt,branch_site,,,,,,,,complete
base64-noopt,branch,BRF_ID_REG,,417,171000,0,0,0,0,0,500,170500,0,0,benchmark_base64_roundtrip_noopt,branch_site,,,,,,,,complete
base64-noopt,branch,BRF_ID_REG,,492,171000,0,0,0,0,0,500,170500,0,0,benchmark_base64_roundtrip_noopt,branch_site,,,,,,,,complete
base64-noopt,branch,BR_ID,,507,170500,0,0,0,0,0,170500,0,0,0,benchmark_base64_roundtrip_noopt,branch_site,,,,,,,,complete
base64-noopt,branch,BRF_ID_REG,,524,171000,0,0,0,0,0,500,170500,0,0,benchmark_base64_roundtrip_noopt,branch_site,,,,,,,,complete
base64-noopt,branch,BR_ID,,539,170500,0,0,0,0,0,170500,0,0,0,benchmark_base64_roundtrip_noopt,branch_site,,,,,,,,complete
base64-noopt,branch,BR_ID,,560,171000,0,0,0,0,0,171000,0,171000,0,benchmark_base64_roundtrip_noopt,branch_site,,,,,,,,complete
base64-noopt,branch,BRTPANDT_ID_REG_INT,,4,685000,0,0,0,0,0,0,685000,0,0,substr,branch_site,,,,,,,,complete
base64-noopt,branch,BR_ID,,11,685000,0,0,0,0,0,685000,0,0,0,substr,branch_site,,,,,,,,complete
base64-noopt,branch,BRTPANDT_ID_REG_INT,,16,685000,0,0,0,0,0,685000,0,0,0,substr,branch_site,,,,,,,,complete
base64-noopt,branch,BRTPANDT_ID_REG_INT,,26,685000,0,0,0,0,0,0,685000,0,0,substr,branch_site,,,,,,,,complete
base64-noopt,branch,BR_ID,,36,685000,0,0,0,0,0,685000,0,0,0,substr,branch_site,,,,,,,,complete
base64-noopt,branch,BRF_ID_REG,,71,685000,0,0,0,0,0,685000,0,0,0,substr,branch_site,,,,,,,,complete
base64-noopt,branch,BRF_ID_REG,,77,685000,0,0,0,0,0,0,685000,0,0,substr,branch_site,,,,,,,,complete
base64-noopt,branch,BRTF_ID_ID_REG,,84,685000,0,0,0,0,0,685000,0,0,0,substr,branch_site,,,,,,,,complete
base64-noopt,branch,BRF_ID_REG,,104,685000,0,0,0,0,0,685000,0,0,0,substr,branch_site,,,,,,,,complete
base64-noopt,branch,BGE_ID_REG_INT,,121,685000,0,0,0,0,0,685000,0,0,0,substr,branch_site,,,,,,,,complete
base64-noopt,branch,BRF_ID_REG,,131,685000,0,0,0,0,0,685000,0,0,0,substr,branch_site,,,,,,,,complete
base64-noopt,branch,BNE_ID_REG_INT,,155,685000,0,0,0,0,0,685000,0,0,0,substr,branch_site,,,,,,,,complete
base64-noopt,branch,BGE_ID_REG_REG,,164,685000,0,0,0,0,0,685000,0,0,0,substr,branch_site,,,,,,,,complete
base64-noopt,branch,BRF_ID_REG,,175,685000,0,0,0,0,0,0,685000,0,0,substr,branch_site,,,,,,,,complete
base64-noopt,branch,BRF_ID_REG,,182,685000,0,0,0,0,0,684500,500,0,0,substr,branch_site,,,,,,,,complete
base64-noopt,branch,BRF_ID_REG,,189,685000,0,0,0,0,0,685000,0,0,0,substr,branch_site,,,,,,,,complete
base64-noopt,branch,BRF_ID_REG,,203,685000,0,0,0,0,0,685000,0,0,0,substr,branch_site,,,,,,,,complete
base64-noopt,branch,BLE_ID_REG_INT,,219,685000,0,0,0,0,0,685000,0,0,0,substr,branch_site,,,,,,,,complete
base64-noopt,branch,BRF_ID_REG,,628,500,0,0,0,0,0,0,500,0,0,benchmark_base64_roundtrip_noopt,branch_site,,,,,,,,complete
base64-noopt,branch,BRF_ID_REG,,667,500,0,0,0,0,0,0,500,0,0,benchmark_base64_roundtrip_noopt,branch_site,,,,,,,,complete
base64-noopt,branch,BRF_ID_REG,,714,171500,0,0,0,0,0,500,171000,0,0,benchmark_base64_roundtrip_noopt,branch_site,,,,,,,,complete
base64-noopt,branch,BRTPANDT_ID_REG_INT,,4,683000,0,0,0,0,0,0,683000,0,0,pos,branch_site,,,,,,,,complete
base64-noopt,branch,BRF_ID_REG,,18,683000,0,0,0,0,0,683000,0,0,0,pos,branch_site,,,,,,,,complete
base64-noopt,branch,BRT_ID_REG,,28,683000,0,0,0,0,0,0,683000,0,0,pos,branch_site,,,,,,,,complete
base64-noopt,branch,BRF_ID_REG,,35,683000,0,0,0,0,0,683000,0,0,0,pos,branch_site,,,,,,,,complete
base64-noopt,branch,BRF_ID_REG,,1042,683000,0,0,0,0,0,683000,0,0,0,benchmark_base64_roundtrip_noopt,branch_site,,,,,,,,complete
base64-noopt,branch,BRF_ID_REG,,863,171000,0,0,0,0,0,500,170500,0,0,benchmark_base64_roundtrip_noopt,branch_site,,,,,,,,complete
base64-noopt,branch,BRF_ID_REG,,881,171000,0,0,0,0,0,500,170500,0,0,benchmark_base64_roundtrip_noopt,branch_site,,,,,,,,complete
base64-noopt,branch,BRF_ID_REG,,923,171000,0,0,0,0,0,0,171000,0,0,benchmark_base64_roundtrip_noopt,branch_site,,,,,,,,complete
base64-noopt,branch,BRF_ID_REG,,930,171000,0,0,0,0,0,500,170500,0,0,benchmark_base64_roundtrip_noopt,branch_site,,,,,,,,complete
base64-noopt,branch,BRF_ID_REG,,965,171000,0,0,0,0,0,0,171000,0,0,benchmark_base64_roundtrip_noopt,branch_site,,,,,,,,complete
base64-noopt,branch,BRF_ID_REG,,972,171000,0,0,0,0,0,500,170500,0,0,benchmark_base64_roundtrip_noopt,branch_site,,,,,,,,complete
base64-noopt,branch,BR_ID,,999,171000,0,0,0,0,0,171000,0,171000,0,benchmark_base64_roundtrip_noopt,branch_site,,,,,,,,complete
base64-noopt,branch,BR_ID,,92,500,0,0,0,0,0,500,0,500,0,benchmark_base64_roundtrip_noopt,branch_site,,,,,,,,complete
base64-noopt,branch,BRF_ID_REG,,111,1,0,0,0,0,0,1,0,0,0,benchmark_base64_roundtrip_noopt,branch_site,,,,,,,,complete
base64-noopt,branch,BRF_ID_REG,,482,1,0,0,0,0,0,0,1,0,0,binary,branch_site,,,,,,,,complete
base64-noopt,branch,BNE_ID_REG_INT,,492,1,0,0,0,0,0,0,1,0,0,binary,branch_site,,,,,,,,complete
base64-noopt,branch,BRF_ID_REG,,168,1,0,0,0,0,0,1,0,0,0,benchmark_base64_roundtrip_noopt,branch_site,,,,,,,,complete
base64-noopt,branch,BRT_ID_REG,,1080,1025,0,0,0,0,0,1,1024,0,0,benchmark_base64_roundtrip_noopt,branch_site,,,,,,,,complete
base64-noopt,branch,BR_ID,,1093,1024,0,0,0,0,0,1024,0,1024,0,benchmark_base64_roundtrip_noopt,branch_site,,,,,,,,complete
base64-noopt,branch,BRF_ID_REG,,194,1,0,0,0,0,0,1,0,0,0,benchmark_base64_roundtrip_noopt,branch_site,,,,,,,,complete
base64-noopt,census,call_path,direct_bytecode,,2054007,0,0,0,0,0,,,,,,,,,,,,,,complete
base64-noopt,census,call_path,direct_native,,0,0,0,0,0,0,,,,,,,,,,,,,,complete
base64-noopt,census,call_path,dynamic_bytecode,,0,0,0,0,0,0,,,,,,,,,,,,,,complete
base64-noopt,census,call_path,dynamic_native,,0,0,0,0,0,0,,,,,,,,,,,,,,complete
base64-noopt,census,call_path,external_root,,1,0,0,0,0,0,,,,,,,,,,,,,,complete
base64-noopt,census,call_path,signal_bytecode,,0,0,0,0,0,0,,,,,,,,,,,,,,complete
base64-noopt,census,call_path,signal_native,,0,0,0,0,0,0,,,,,,,,,,,,,,complete
base64-noopt,census,arity,1,,2005,0,0,0,0,0,,,,,,,,,,,,,,complete
base64-noopt,census,arity,0,,1,0,0,0,0,0,,,,,,,,,,,,,,complete
base64-noopt,census,arity,2,,684002,0,0,0,0,0,,,,,,,,,,,,,,complete
base64-noopt,census,arity,4,,685000,0,0,0,0,0,,,,,,,,,,,,,,complete
base64-noopt,census,arity,3,,683000,0,0,0,0,0,,,,,,,,,,,,,,complete
base64-noopt,census,callable_kind,procedure,,2054008,0,0,0,0,0,,,,,,,,,,,,,,complete
base64-noopt,census,callable_kind,method,,0,0,0,0,0,0,,,,,,,,,,,,,,complete
base64-noopt,census,callable_kind,factory,,0,0,0,0,0,0,,,,,,,,,,,,,,complete
base64-noopt,census,callable_kind,native,,0,0,0,0,0,0,,,,,,,,,,,,,,complete
base64-noopt,census,callable_kind,unknown,,0,0,0,0,0,0,,,,,,,,,,,,,,complete
base64-noopt,census,frame_disposition,fresh,,12,0,0,0,0,0,,,,,,,,,,,,,,complete
base64-noopt,census,frame_disposition,reused,,2053996,0,0,0,0,0,,,,,,,,,,,,,,complete
base64-noopt,census,frame_disposition,no_child_native,,0,0,0,0,0,0,,,,,,,,,,,,,,complete
base64-noopt,census,frame_disposition,none_failed,,0,0,0,0,0,0,,,,,,,,,,,,,,complete
base64-noopt,census,call_outcome,success,,2054008,0,0,0,0,0,,,,,,,,,,,,,,complete
base64-noopt,census,call_outcome,unresolved,,0,0,0,0,0,0,,,,,,,,,,,,,,complete
base64-noopt,census,call_outcome,frame_failed,,0,0,0,0,0,0,,,,,,,,,,,,,,complete
base64-noopt,census,call_outcome,invalid,,0,0,0,0,0,0,,,,,,,,,,,,,,complete
base64-noopt,return,placement,void,,0,0,0,0,0,0,,,,,,,,,,,,,,complete
base64-noopt,return,placement,ret_reg_move_local,,2054006,0,0,0,0,0,,,,,,,,,,,,,,complete
base64-noopt,return,placement,ret_reg_copy_nonlocal,,0,0,0,0,0,0,,,,,,,,,,,,,,complete
base64-noopt,return,placement,value_ignored,,0,0,0,0,0,0,,,,,,,,,,,,,,complete
base64-noopt,return,placement,immediate,,1,0,0,0,0,0,,,,,,,,,,,,,,complete
base64-noopt,return,placement,terminal_external,,1,0,0,0,0,0,,,,,,,,,,,,,,complete
base64-noopt,dynamic,srcmethodsel,attempt,,0,0,0,0,0,0,,,,,,,,,,,,,,complete
base64-noopt,dynamic,srcmethodsel,success,,0,0,0,0,0,0,,,,,,,,,,,,,,complete
base64-noopt,dynamic,srcmethodsel,failure,,0,0,0,0,0,0,,,,,,,,,,,,,,complete
base64-noopt,dynamic,srcfprocsel,attempt,,0,0,0,0,0,0,,,,,,,,,,,,,,complete
base64-noopt,dynamic,srcfprocsel,success,,0,0,0,0,0,0,,,,,,,,,,,,,,complete
base64-noopt,dynamic,srcfprocsel,failure,,0,0,0,0,0,0,,,,,,,,,,,,,,complete
base64-noopt,mechanics,call_window,setup_swaps,,2225506,0,0,0,0,0,,,,,,,,,,,,,,complete
base64-noopt,mechanics,call_window,normal_restoration_swaps,,2225506,0,0,0,0,0,,,,,,,,,,,,,,complete
base64-noopt,mechanics,call_window,unclassified_swaps,,0,0,0,0,0,0,,,,,,,,,,,,,,complete
base64-noopt,mechanics,call_window,defensive_argument_copies,,0,0,0,0,0,0,,,,,,,,,,,,,,complete
base64-noopt,mechanics,call_window,unclassified_copies,,1,0,0,0,0,0,,,,,,,,,,,,,,complete
base64-noopt,mechanics,call_window,attribution_degraded,,0,0,0,0,0,0,,,,,,,,,,,,,,complete
base64-noopt,unwind,signal,events,,0,0,0,0,0,0,,,,,,,,,,,,,,complete
base64-noopt,unwind,signal,bytecode_frames_discarded,,0,0,0,0,0,0,,,,,,,,,,,,,,complete
base64-noopt,unwind,signal,argument_windows_restored,,0,0,0,0,0,0,,,,,,,,,,,,,,complete
base64-noopt,unwind,signal,argument_slots_restored,,0,0,0,0,0,0,,,,,,,,,,,,,,complete
base64-noopt,unwind,signal,interrupted_native_windows_restored,,0,0,0,0,0,0,,,,,,,,,,,,,,complete
base64-noopt,unwind,signal,interrupted_native_slots_restored,,0,0,0,0,0,0,,,,,,,,,,,,,,complete
base64-noopt,unwind,signal,restoration_failures,,0,0,0,0,0,0,,,,,,,,,,,,,,complete
base64-noopt,call,base64_roundtrip.main,external_root,0,1,0,0,0,0,0,1,,,,benchmark_base64_roundtrip_noopt,procedure,,,fresh,success,0,0,0,complete
base64-noopt,call,base64_roundtrip.make_input,direct_bytecode,60,1,0,0,0,0,0,0,,,,benchmark_base64_roundtrip_noopt,procedure,,,fresh,success,0,0,0,complete
base64-noopt,call,rxfnsb.binresize,direct_bytecode,272,1,0,0,0,0,0,2,,,,benchmark_base64_roundtrip_noopt,procedure,,,fresh,success,1,1,0,complete
base64-noopt,call,base64_roundtrip.base64_encode,direct_bytecode,79,1,0,0,0,0,0,1,,,,benchmark_base64_roundtrip_noopt,procedure,,,fresh,success,0,0,0,complete
base64-noopt,call,rxfnsb.binlength,direct_bytecode,331,1,0,0,0,0,0,1,,,,benchmark_base64_roundtrip_noopt,procedure,,,fresh,success,1,1,0,complete
base64-noopt,call,rxfnsb.binresize,direct_bytecode,359,500,0,0,0,0,0,2,,,,benchmark_base64_roundtrip_noopt,procedure,,,reused,success,1000,1000,0,complete
base64-noopt,call,base64_roundtrip.base64_decode,direct_bytecode,86,1,0,0,0,0,0,1,,,,benchmark_base64_roundtrip_noopt,procedure,,,fresh,success,0,0,0,complete
base64-noopt,call,rxfnsb.length,direct_bytecode,581,1,0,0,0,0,0,1,,,,benchmark_base64_roundtrip_noopt,procedure,,,fresh,success,1,1,0,complete
base64-noopt,call,rxfnsb.substr,direct_bytecode,612,1,0,0,0,0,0,4,,,,benchmark_base64_roundtrip_noopt,procedure,,,fresh,success,2,2,0,complete
base64-noopt,call,rxfnsb.substr,direct_bytecode,654,500,0,0,0,0,0,4,,,,benchmark_base64_roundtrip_noopt,procedure,,,reused,success,500,500,0,complete
base64-noopt,call,rxfnsb.binresize,direct_bytecode,692,500,0,0,0,0,0,2,,,,benchmark_base64_roundtrip_noopt,procedure,,,reused,success,1000,1000,0,complete
base64-noopt,call,rxfnsb.substr,direct_bytecode,735,171000,0,0,0,0,0,4,,,,benchmark_base64_roundtrip_noopt,procedure,,,reused,success,342000,342000,0,complete
base64-noopt,call,base64_roundtrip.base64_digit,direct_bytecode,753,1,0,0,0,0,0,2,,,,benchmark_base64_roundtrip_noopt,procedure,,,fresh,success,0,0,0,complete
base64-noopt,call,rxfnsb.pos,direct_bytecode,1022,1,0,0,0,0,0,3,,,,benchmark_base64_roundtrip_noopt,procedure,,,fresh,success,2,2,0,complete
base64-noopt,call,rxfnsb.substr,direct_bytecode,777,171000,0,0,0,0,0,4,,,,benchmark_base64_roundtrip_noopt,procedure,,,reused,success,171000,171000,0,complete
base64-noopt,call,base64_roundtrip.base64_digit,direct_bytecode,792,171000,0,0,0,0,0,2,,,,benchmark_base64_roundtrip_noopt,procedure,,,reused,success,0,0,0,complete
base64-noopt,call,rxfnsb.pos,direct_bytecode,1022,682999,0,0,0,0,0,3,,,,benchmark_base64_roundtrip_noopt,procedure,,,reused,success,1365998,1365998,0,complete
base64-noopt,call,rxfnsb.substr,direct_bytecode,816,171000,0,0,0,0,0,4,,,,benchmark_base64_roundtrip_noopt,procedure,,,reused,success,171000,171000,0,complete
base64-noopt,call,rxfnsb.substr,direct_bytecode,844,171000,0,0,0,0,0,4,,,,benchmark_base64_roundtrip_noopt,procedure,,,reused,success,171000,171000,0,complete
base64-noopt,call,base64_roundtrip.base64_digit,direct_bytecode,872,170500,0,0,0,0,0,2,,,,benchmark_base64_roundtrip_noopt,procedure,,,reused,success,0,0,0,complete
base64-noopt,call,base64_roundtrip.base64_digit,direct_bytecode,890,170500,0,0,0,0,0,2,,,,benchmark_base64_roundtrip_noopt,procedure,,,reused,success,0,0,0,complete
base64-noopt,call,base64_roundtrip.base64_digit,direct_bytecode,753,170999,0,0,0,0,0,2,,,,benchmark_base64_roundtrip_noopt,procedure,,,reused,success,0,0,0,complete
base64-noopt,call,base64_roundtrip.base64_encode,direct_bytecode,79,499,0,0,0,0,0,1,,,,benchmark_base64_roundtrip_noopt,procedure,,,reused,success,0,0,0,complete
base64-noopt,call,rxfnsb.binlength,direct_bytecode,331,499,0,0,0,0,0,1,,,,benchmark_base64_roundtrip_noopt,procedure,,,reused,success,499,499,0,complete
base64-noopt,call,base64_roundtrip.base64_decode,direct_bytecode,86,499,0,0,0,0,0,1,,,,benchmark_base64_roundtrip_noopt,procedure,,,reused,success,0,0,0,complete
base64-noopt,call,rxfnsb.length,direct_bytecode,581,499,0,0,0,0,0,1,,,,benchmark_base64_roundtrip_noopt,procedure,,,reused,success,499,499,0,complete
base64-noopt,call,rxfnsb.substr,direct_bytecode,612,499,0,0,0,0,0,4,,,,benchmark_base64_roundtrip_noopt,procedure,,,reused,success,998,998,0,complete
base64-noopt,call,rxfnsb.length,direct_bytecode,97,1,0,0,0,0,0,1,,,,benchmark_base64_roundtrip_noopt,procedure,,,reused,success,1,1,0,complete
base64-noopt,call,rxfnsb.bincompare,direct_bytecode,151,1,0,0,0,0,0,2,,,,benchmark_base64_roundtrip_noopt,procedure,,,fresh,success,2,2,0,complete
base64-noopt,call,base64_roundtrip.byte_checksum,direct_bytecode,186,1,0,0,0,0,0,1,,,,benchmark_base64_roundtrip_noopt,procedure,,,fresh,success,0,0,0,complete
base64-noopt,call,rxfnsb.binlength,direct_bytecode,1062,1,0,0,0,0,0,1,,,,benchmark_base64_roundtrip_noopt,procedure,,,reused,success,1,1,0,complete
base64-noopt,call,rxfnsb.length,direct_bytecode,225,1,0,0,0,0,0,1,,,,benchmark_base64_roundtrip_noopt,procedure,,,reused,success,1,1,0,complete
base64-opt,status,instructions,complete,,0,0,0,0,0,0,,,,,,,,,,,,,,complete
base64-opt,status,procedures,complete,,0,0,0,0,0,0,,,,,,,,,,,,,,complete
base64-opt,status,allocations,complete,,0,0,0,0,0,0,,,,,,,,,,,,,,complete
base64-opt,status,call_census,complete,,0,0,0,0,0,0,,,,,,,,,,,,,,complete
base64-opt,status,frame_entry,complete,,0,0,0,0,0,0,,,,,,,,,,,,,,complete
base64-opt,status,value_operations,complete,,0,0,0,0,0,0,,,,,,,,,,,,,,complete
base64-opt,status,branch_sites,complete,,0,0,0,0,0,0,,,,,,,,,,,,,,complete
base64-opt,value_operation,copy,scalar,,501,0,0,0,0,0,,,,,,,,,,,0,0,,complete
base64-opt,value_operation,copy,binary,,1005,0,0,0,0,0,,,,,,,,,,,1029120,1024,,complete
base64-opt,value_operation,string_copy,string,,2222000,0,0,0,0,0,,,,,,,,,,,2222000,1,,complete
base64-opt,value_operation,string_copy,compound,,685503,0,0,0,0,0,,,,,,,,,,,1875534558,2736,,complete
base64-opt,value_operation,binary_copy,binary,,500,0,0,0,0,0,,,,,,,,,,,684000,1368,,complete
base64-opt,value_operation,integer_copy,scalar,,2220001,0,0,0,0,0,,,,,,,,,,,17760008,8,,complete
base64-opt,value_operation,move,binary,,500,0,0,0,0,0,,,,,,,,,,,512000,1024,,complete
base64-opt,value_operation,clear_contents,empty,,74,0,0,0,0,0,,,,,,,,,,,0,0,,complete
base64-opt,value_operation,clear_contents,scalar,,30,0,0,0,0,0,,,,,,,,,,,0,0,,complete
base64-opt,value_operation,clear_contents,string,,14,0,0,0,0,0,,,,,,,,,,,4181,1368,,complete
base64-opt,value_operation,clear_contents,binary,,508,0,0,0,0,0,,,,,,,,,,,519576,1368,,complete
base64-opt,value_operation,clear_contents,object,,1,0,0,0,0,0,,,,,,,,,,,8,8,,complete
base64-opt,value_operation,clear_contents,compound,,3,0,0,0,0,0,,,,,,,,,,,4924,2736,,complete
base64-opt,value_operation,destroy,empty,,74,0,0,0,0,0,,,,,,,,,,,0,0,,complete
base64-opt,value_operation,destroy,scalar,,30,0,0,0,0,0,,,,,,,,,,,0,0,,complete
base64-opt,value_operation,destroy,string,,14,0,0,0,0,0,,,,,,,,,,,4181,1368,,complete
base64-opt,value_operation,destroy,binary,,508,0,0,0,0,0,,,,,,,,,,,519576,1368,,complete
base64-opt,value_operation,destroy,object,,1,0,0,0,0,0,,,,,,,,,,,8,8,,complete
base64-opt,value_operation,destroy,compound,,3,0,0,0,0,0,,,,,,,,,,,4924,2736,,complete
base64-opt,value_operation,clear,empty,,66,0,0,0,0,0,,,,,,,,,,,0,0,,complete
base64-opt,value_operation,clear,scalar,,30,0,0,0,0,0,,,,,,,,,,,0,0,,complete
base64-opt,value_operation,clear,string,,13,0,0,0,0,0,,,,,,,,,,,4178,1368,,complete
base64-opt,value_operation,clear,binary,,9,0,0,0,0,0,,,,,,,,,,,8600,1368,,complete
base64-opt,value_operation,clear,object,,1,0,0,0,0,0,,,,,,,,,,,8,8,,complete
base64-opt,value_operation,clear,compound,,3,0,0,0,0,0,,,,,,,,,,,4924,2736,,complete
base64-opt,frame_entry,local_relink,fresh,81,2,0,0,0,0,0,,,,,,,,,,,,,,complete
base64-opt,frame_entry,local_relink,reused,19461,499,0,0,0,0,0,,,,,,,,,,,,,,complete
base64-opt,frame_entry,global_relink,fresh,0,2,0,0,0,0,0,,,,,,,,,,,,,,complete
base64-opt,frame_entry,global_relink,reused,0,499,0,0,0,0,0,,,,,,,,,,,,,,complete
base64-opt,frame_entry,argument_count_reset,fresh,2,2,0,0,0,0,0,,,,,,,,,,,,,,complete
base64-opt,frame_entry,argument_count_reset,reused,499,499,0,0,0,0,0,,,,,,,,,,,,,,complete
base64-opt,frame_entry,inherited_context,fresh,1,1,0,0,0,0,0,,,,,,,,,,,,,,complete
base64-opt,frame_entry,inherited_context,reused,499,499,0,0,0,0,0,,,,,,,,,,,,,,complete
base64-opt,frame_entry,root_context,fresh,1,1,0,0,0,0,0,,,,,,,,,,,,,,complete
base64-opt,frame_entry,finalize,fresh,2,2,0,0,0,0,0,,,,,,,,,,,,,,complete
base64-opt,frame_entry,finalize,reused,499,499,0,0,0,0,0,,,,,,,,,,,,,,complete
base64-opt,branch,BRF_ID_REG,,17,1,0,0,0,0,0,0,1,0,0,benchmark_base64_roundtrip_opt,branch_site,,,,,,,,complete
base64-opt,branch,BRF_ID_REG,,33,1,0,0,0,0,0,1,0,0,0,benchmark_base64_roundtrip_opt,branch_site,,,,,,,,complete
base64-opt,branch,BRT_ID_REG,,72,1025,0,0,0,0,0,1,1024,0,0,benchmark_base64_roundtrip_opt,branch_site,,,,,,,,complete
base64-opt,branch,BCTP_ID_REG,,91,1024,0,0,0,0,0,1024,0,1024,0,benchmark_base64_roundtrip_opt,branch_site,,,,,,,,complete
base64-opt,branch,BRT_ID_REG,,107,501,0,0,0,0,0,1,500,0,0,benchmark_base64_roundtrip_opt,branch_site,,,,,,,,complete
base64-opt,branch,BRF_ID_REG,,158,171500,0,0,0,0,0,500,171000,0,0,benchmark_base64_roundtrip_opt,branch_site,,,,,,,,complete
base64-opt,branch,BRF_ID_REG,,179,171000,0,0,0,0,0,500,170500,0,0,benchmark_base64_roundtrip_opt,branch_site,,,,,,,,complete
base64-opt,branch,BLE_ID_REG_INT,,190,171000,0,0,0,0,0,500,170500,0,0,benchmark_base64_roundtrip_opt,branch_site,,,,,,,,complete
base64-opt,branch,BRF_ID_REG,,266,171000,0,0,0,0,0,500,170500,0,0,benchmark_base64_roundtrip_opt,branch_site,,,,,,,,complete
base64-opt,branch,BR_ID,,281,170500,0,0,0,0,0,170500,0,0,0,benchmark_base64_roundtrip_opt,branch_site,,,,,,,,complete
base64-opt,branch,BRF_ID_REG,,298,171000,0,0,0,0,0,500,170500,0,0,benchmark_base64_roundtrip_opt,branch_site,,,,,,,,complete
base64-opt,branch,BR_ID,,313,170500,0,0,0,0,0,170500,0,0,0,benchmark_base64_roundtrip_opt,branch_site,,,,,,,,complete
base64-opt,branch,BR_ID,,334,171000,0,0,0,0,0,171000,0,171000,0,benchmark_base64_roundtrip_opt,branch_site,,,,,,,,complete
base64-opt,branch,BRF_ID_REG,,722,500,0,0,0,0,0,500,0,0,0,benchmark_base64_roundtrip_opt,branch_site,,,,,,,,complete
base64-opt,branch,BRF_ID_REG,,735,500,0,0,0,0,0,500,0,0,0,benchmark_base64_roundtrip_opt,branch_site,,,,,,,,complete
base64-opt,branch,BGE_ID_REG_INT,,752,500,0,0,0,0,0,500,0,0,0,benchmark_base64_roundtrip_opt,branch_site,,,,,,,,complete
base64-opt,branch,BGE_ID_REG_REG,,762,500,0,0,0,0,0,500,0,0,0,benchmark_base64_roundtrip_opt,branch_site,,,,,,,,complete
base64-opt,branch,BRF_ID_REG,,773,500,0,0,0,0,0,0,500,0,0,benchmark_base64_roundtrip_opt,branch_site,,,,,,,,complete
base64-opt,branch,BRF_ID_REG,,780,500,0,0,0,0,0,500,0,0,0,benchmark_base64_roundtrip_opt,branch_site,,,,,,,,complete
base64-opt,branch,BRF_ID_REG,,787,500,0,0,0,0,0,500,0,0,0,benchmark_base64_roundtrip_opt,branch_site,,,,,,,,complete
base64-opt,branch,BRF_ID_REG,,801,500,0,0,0,0,0,500,0,0,0,benchmark_base64_roundtrip_opt,branch_site,,,,,,,,complete
base64-opt,branch,BLE_ID_REG_INT,,820,500,0,0,0,0,0,500,0,0,0,benchmark_base64_roundtrip_opt,branch_site,,,,,,,,complete
base64-opt,branch,BR_ID,,835,500,0,0,0,0,0,500,0,0,0,benchmark_base64_roundtrip_opt,branch_site,,,,,,,,complete
base64-opt,branch,BRF_ID_REG,,841,500,0,0,0,0,0,0,500,0,0,benchmark_base64_roundtrip_opt,branch_site,,,,,,,,complete
base64-opt,branch,BRF_ID_REG,,877,500,0,0,0,0,0,500,0,0,0,benchmark_base64_roundtrip_opt,branch_site,,,,,,,,complete
base64-opt,branch,BRF_ID_REG,,890,500,0,0,0,0,0,500,0,0,0,benchmark_base64_roundtrip_opt,branch_site,,,,,,,,complete
base64-opt,branch,BGE_ID_REG_INT,,907,500,0,0,0,0,0,500,0,0,0,benchmark_base64_roundtrip_opt,branch_site,,,,,,,,complete
base64-opt,branch,BGE_ID_REG_REG,,917,500,0,0,0,0,0,500,0,0,0,benchmark_base64_roundtrip_opt,branch_site,,,,,,,,complete
base64-opt,branch,BRF_ID_REG,,928,500,0,0,0,0,0,0,500,0,0,benchmark_base64_roundtrip_opt,branch_site,,,,,,,,complete
base64-opt,branch,BRF_ID_REG,,935,500,0,0,0,0,0,500,0,0,0,benchmark_base64_roundtrip_opt,branch_site,,,,,,,,complete
base64-opt,branch,BRF_ID_REG,,942,500,0,0,0,0,0,500,0,0,0,benchmark_base64_roundtrip_opt,branch_site,,,,,,,,complete
base64-opt,branch,BRF_ID_REG,,956,500,0,0,0,0,0,500,0,0,0,benchmark_base64_roundtrip_opt,branch_site,,,,,,,,complete
base64-opt,branch,BLE_ID_REG_INT,,975,500,0,0,0,0,0,500,0,0,0,benchmark_base64_roundtrip_opt,branch_site,,,,,,,,complete
base64-opt,branch,BR_ID,,990,500,0,0,0,0,0,500,0,0,0,benchmark_base64_roundtrip_opt,branch_site,,,,,,,,complete
base64-opt,branch,BRF_ID_REG,,996,500,0,0,0,0,0,0,500,0,0,benchmark_base64_roundtrip_opt,branch_site,,,,,,,,complete
base64-opt,branch,BRF_ID_REG,,1034,171500,0,0,0,0,0,500,171000,0,0,benchmark_base64_roundtrip_opt,branch_site,,,,,,,,complete
base64-opt,branch,BRF_ID_REG,,1065,171000,0,0,0,0,0,171000,0,0,0,benchmark_base64_roundtrip_opt,branch_site,,,,,,,,complete
base64-opt,branch,BRF_ID_REG,,1078,171000,0,0,0,0,0,171000,0,0,0,benchmark_base64_roundtrip_opt,branch_site,,,,,,,,complete
base64-opt,branch,BGE_ID_REG_INT,,1095,171000,0,0,0,0,0,171000,0,0,0,benchmark_base64_roundtrip_opt,branch_site,,,,,,,,complete
base64-opt,branch,BGE_ID_REG_REG,,1105,171000,0,0,0,0,0,171000,0,0,0,benchmark_base64_roundtrip_opt,branch_site,,,,,,,,complete
base64-opt,branch,BRF_ID_REG,,1116,171000,0,0,0,0,0,0,171000,0,0,benchmark_base64_roundtrip_opt,branch_site,,,,,,,,complete
base64-opt,branch,BRF_ID_REG,,1123,171000,0,0,0,0,0,170500,500,0,0,benchmark_base64_roundtrip_opt,branch_site,,,,,,,,complete
base64-opt,branch,BRF_ID_REG,,1130,171000,0,0,0,0,0,171000,0,0,0,benchmark_base64_roundtrip_opt,branch_site,,,,,,,,complete
base64-opt,branch,BRF_ID_REG,,1144,171000,0,0,0,0,0,171000,0,0,0,benchmark_base64_roundtrip_opt,branch_site,,,,,,,,complete
base64-opt,branch,BRF_ID_REG,,1167,171000,0,0,0,0,0,171000,0,0,0,benchmark_base64_roundtrip_opt,branch_site,,,,,,,,complete
base64-opt,branch,BR_ID,,1181,171000,0,0,0,0,0,171000,0,0,0,benchmark_base64_roundtrip_opt,branch_site,,,,,,,,complete
base64-opt,branch,BRT_ID_REG,,1195,171000,0,0,0,0,0,0,171000,0,0,benchmark_base64_roundtrip_opt,branch_site,,,,,,,,complete
base64-opt,branch,BRF_ID_REG,,1202,171000,0,0,0,0,0,171000,0,0,0,benchmark_base64_roundtrip_opt,branch_site,,,,,,,,complete
base64-opt,branch,BR_ID,,1223,171000,0,0,0,0,0,171000,0,0,0,benchmark_base64_roundtrip_opt,branch_site,,,,,,,,complete
base64-opt,branch,BGE_ID_REG_INT,,1229,171000,0,0,0,0,0,171000,0,0,0,benchmark_base64_roundtrip_opt,branch_site,,,,,,,,complete
base64-opt,branch,BR_ID,,1244,171000,0,0,0,0,0,171000,0,0,0,benchmark_base64_roundtrip_opt,branch_site,,,,,,,,complete
base64-opt,branch,BRF_ID_REG,,1278,171000,0,0,0,0,0,171000,0,0,0,benchmark_base64_roundtrip_opt,branch_site,,,,,,,,complete
base64-opt,branch,BRF_ID_REG,,1291,171000,0,0,0,0,0,171000,0,0,0,benchmark_base64_roundtrip_opt,branch_site,,,,,,,,complete
base64-opt,branch,BGE_ID_REG_INT,,1308,171000,0,0,0,0,0,171000,0,0,0,benchmark_base64_roundtrip_opt,branch_site,,,,,,,,complete
base64-opt,branch,BGE_ID_REG_REG,,1318,171000,0,0,0,0,0,171000,0,0,0,benchmark_base64_roundtrip_opt,branch_site,,,,,,,,complete
base64-opt,branch,BRF_ID_REG,,1329,171000,0,0,0,0,0,0,171000,0,0,benchmark_base64_roundtrip_opt,branch_site,,,,,,,,complete
base64-opt,branch,BRF_ID_REG,,1336,171000,0,0,0,0,0,171000,0,0,0,benchmark_base64_roundtrip_opt,branch_site,,,,,,,,complete
base64-opt,branch,BRF_ID_REG,,1343,171000,0,0,0,0,0,171000,0,0,0,benchmark_base64_roundtrip_opt,branch_site,,,,,,,,complete
base64-opt,branch,BRF_ID_REG,,1357,171000,0,0,0,0,0,171000,0,0,0,benchmark_base64_roundtrip_opt,branch_site,,,,,,,,complete
base64-opt,branch,BLE_ID_REG_INT,,1376,171000,0,0,0,0,0,171000,0,0,0,benchmark_base64_roundtrip_opt,branch_site,,,,,,,,complete
base64-opt,branch,BR_ID,,1391,171000,0,0,0,0,0,171000,0,0,0,benchmark_base64_roundtrip_opt,branch_site,,,,,,,,complete
base64-opt,branch,BRT_ID_REG,,1408,171000,0,0,0,0,0,0,171000,0,0,benchmark_base64_roundtrip_opt,branch_site,,,,,,,,complete
base64-opt,branch,BRF_ID_REG,,1415,171000,0,0,0,0,0,171000,0,0,0,benchmark_base64_roundtrip_opt,branch_site,,,,,,,,complete
base64-opt,branch,BR_ID,,1436,171000,0,0,0,0,0,171000,0,0,0,benchmark_base64_roundtrip_opt,branch_site,,,,,,,,complete
base64-opt,branch,BGE_ID_REG_INT,,1442,171000,0,0,0,0,0,171000,0,0,0,benchmark_base64_roundtrip_opt,branch_site,,,,,,,,complete
base64-opt,branch,BR_ID,,1457,171000,0,0,0,0,0,171000,0,0,0,benchmark_base64_roundtrip_opt,branch_site,,,,,,,,complete
base64-opt,branch,BRF_ID_REG,,1491,171000,0,0,0,0,0,171000,0,0,0,benchmark_base64_roundtrip_opt,branch_site,,,,,,,,complete
base64-opt,branch,BRF_ID_REG,,1504,171000,0,0,0,0,0,171000,0,0,0,benchmark_base64_roundtrip_opt,branch_site,,,,,,,,complete
base64-opt,branch,BGE_ID_REG_INT,,1521,171000,0,0,0,0,0,171000,0,0,0,benchmark_base64_roundtrip_opt,branch_site,,,,,,,,complete
base64-opt,branch,BGE_ID_REG_REG,,1531,171000,0,0,0,0,0,171000,0,0,0,benchmark_base64_roundtrip_opt,branch_site,,,,,,,,complete
base64-opt,branch,BRF_ID_REG,,1542,171000,0,0,0,0,0,0,171000,0,0,benchmark_base64_roundtrip_opt,branch_site,,,,,,,,complete
base64-opt,branch,BRF_ID_REG,,1549,171000,0,0,0,0,0,171000,0,0,0,benchmark_base64_roundtrip_opt,branch_site,,,,,,,,complete
base64-opt,branch,BRF_ID_REG,,1556,171000,0,0,0,0,0,171000,0,0,0,benchmark_base64_roundtrip_opt,branch_site,,,,,,,,complete
base64-opt,branch,BRF_ID_REG,,1570,171000,0,0,0,0,0,171000,0,0,0,benchmark_base64_roundtrip_opt,branch_site,,,,,,,,complete
base64-opt,branch,BLE_ID_REG_INT,,1589,171000,0,0,0,0,0,171000,0,0,0,benchmark_base64_roundtrip_opt,branch_site,,,,,,,,complete
base64-opt,branch,BR_ID,,1604,171000,0,0,0,0,0,171000,0,0,0,benchmark_base64_roundtrip_opt,branch_site,,,,,,,,complete
base64-opt,branch,BRF_ID_REG,,1638,171000,0,0,0,0,0,171000,0,0,0,benchmark_base64_roundtrip_opt,branch_site,,,,,,,,complete
base64-opt,branch,BRF_ID_REG,,1651,171000,0,0,0,0,0,171000,0,0,0,benchmark_base64_roundtrip_opt,branch_site,,,,,,,,complete
base64-opt,branch,BGE_ID_REG_INT,,1668,171000,0,0,0,0,0,171000,0,0,0,benchmark_base64_roundtrip_opt,branch_site,,,,,,,,complete
base64-opt,branch,BGE_ID_REG_REG,,1678,171000,0,0,0,0,0,171000,0,0,0,benchmark_base64_roundtrip_opt,branch_site,,,,,,,,complete
base64-opt,branch,BRF_ID_REG,,1689,171000,0,0,0,0,0,0,171000,0,0,benchmark_base64_roundtrip_opt,branch_site,,,,,,,,complete
base64-opt,branch,BRF_ID_REG,,1696,171000,0,0,0,0,0,171000,0,0,0,benchmark_base64_roundtrip_opt,branch_site,,,,,,,,complete
base64-opt,branch,BRF_ID_REG,,1703,171000,0,0,0,0,0,171000,0,0,0,benchmark_base64_roundtrip_opt,branch_site,,,,,,,,complete
base64-opt,branch,BRF_ID_REG,,1717,171000,0,0,0,0,0,171000,0,0,0,benchmark_base64_roundtrip_opt,branch_site,,,,,,,,complete
base64-opt,branch,BLE_ID_REG_INT,,1736,171000,0,0,0,0,0,171000,0,0,0,benchmark_base64_roundtrip_opt,branch_site,,,,,,,,complete
base64-opt,branch,BR_ID,,1751,171000,0,0,0,0,0,171000,0,0,0,benchmark_base64_roundtrip_opt,branch_site,,,,,,,,complete
base64-opt,branch,BRF_ID_REG,,1766,171000,0,0,0,0,0,500,170500,0,0,benchmark_base64_roundtrip_opt,branch_site,,,,,,,,complete
base64-opt,branch,BRT_ID_REG,,1784,170500,0,0,0,0,0,0,170500,0,0,benchmark_base64_roundtrip_opt,branch_site,,,,,,,,complete
base64-opt,branch,BRF_ID_REG,,1791,170500,0,0,0,0,0,170500,0,0,0,benchmark_base64_roundtrip_opt,branch_site,,,,,,,,complete
base64-opt,branch,BR_ID,,1812,170500,0,0,0,0,0,170500,0,0,0,benchmark_base64_roundtrip_opt,branch_site,,,,,,,,complete
base64-opt,branch,BGE_ID_REG_INT,,1818,170500,0,0,0,0,0,170500,0,0,0,benchmark_base64_roundtrip_opt,branch_site,,,,,,,,complete
base64-opt,branch,BR_ID,,1833,170500,0,0,0,0,0,170500,0,0,0,benchmark_base64_roundtrip_opt,branch_site,,,,,,,,complete
base64-opt,branch,BRF_ID_REG,,1842,171000,0,0,0,0,0,500,170500,0,0,benchmark_base64_roundtrip_opt,branch_site,,,,,,,,complete
base64-opt,branch,BRT_ID_REG,,1860,170500,0,0,0,0,0,0,170500,0,0,benchmark_base64_roundtrip_opt,branch_site,,,,,,,,complete
base64-opt,branch,BRF_ID_REG,,1867,170500,0,0,0,0,0,170500,0,0,0,benchmark_base64_roundtrip_opt,branch_site,,,,,,,,complete
base64-opt,branch,BR_ID,,1888,170500,0,0,0,0,0,170500,0,0,0,benchmark_base64_roundtrip_opt,branch_site,,,,,,,,complete
base64-opt,branch,BGE_ID_REG_INT,,1894,170500,0,0,0,0,0,170500,0,0,0,benchmark_base64_roundtrip_opt,branch_site,,,,,,,,complete
base64-opt,branch,BR_ID,,1909,170500,0,0,0,0,0,170500,0,0,0,benchmark_base64_roundtrip_opt,branch_site,,,,,,,,complete
base64-opt,branch,BRF_ID_REG,,1942,171000,0,0,0,0,0,0,171000,0,0,benchmark_base64_roundtrip_opt,branch_site,,,,,,,,complete
base64-opt,branch,BRF_ID_REG,,1949,171000,0,0,0,0,0,500,170500,0,0,benchmark_base64_roundtrip_opt,branch_site,,,,,,,,complete
base64-opt,branch,BRF_ID_REG,,1984,171000,0,0,0,0,0,0,171000,0,0,benchmark_base64_roundtrip_opt,branch_site,,,,,,,,complete
base64-opt,branch,BRF_ID_REG,,1991,171000,0,0,0,0,0,500,170500,0,0,benchmark_base64_roundtrip_opt,branch_site,,,,,,,,complete
base64-opt,branch,BR_ID,,2018,171000,0,0,0,0,0,171000,0,171000,0,benchmark_base64_roundtrip_opt,branch_site,,,,,,,,complete
base64-opt,branch,BCTP_ID_REG,,348,500,0,0,0,0,0,500,0,500,0,benchmark_base64_roundtrip_opt,branch_site,,,,,,,,complete
base64-opt,branch,BR_ID,,360,1,0,0,0,0,0,1,0,0,0,benchmark_base64_roundtrip_opt,branch_site,,,,,,,,complete
base64-opt,branch,BRF_ID_REG,,366,1,0,0,0,0,0,1,0,0,0,benchmark_base64_roundtrip_opt,branch_site,,,,,,,,complete
base64-opt,branch,BRF_ID_REG,,424,1,0,0,0,0,0,0,1,0,0,benchmark_base64_roundtrip_opt,branch_site,,,,,,,,complete
base64-opt,branch,BRF_ID_REG,,438,1,0,0,0,0,0,0,1,0,0,benchmark_base64_roundtrip_opt,branch_site,,,,,,,,complete
base64-opt,branch,BR_ID,,447,1,0,0,0,0,0,1,0,0,0,benchmark_base64_roundtrip_opt,branch_site,,,,,,,,complete
base64-opt,branch,BRF_ID_REG,,538,1,0,0,0,0,0,1,0,0,0,benchmark_base64_roundtrip_opt,branch_site,,,,,,,,complete
base64-opt,branch,BR_ID,,571,1,0,0,0,0,0,1,0,0,0,benchmark_base64_roundtrip_opt,branch_site,,,,,,,,complete
base64-opt,branch,BRT_ID_REG,,583,1025,0,0,0,0,0,1,1024,0,0,benchmark_base64_roundtrip_opt,branch_site,,,,,,,,complete
base64-opt,branch,BCTP_ID_REG,,594,1024,0,0,0,0,0,1024,0,1024,0,benchmark_base64_roundtrip_opt,branch_site,,,,,,,,complete
base64-opt,branch,BRF_ID_REG,,604,1,0,0,0,0,0,1,0,0,0,benchmark_base64_roundtrip_opt,branch_site,,,,,,,,complete
base64-opt,branch,BR_ID,,648,1,0,0,0,0,0,1,0,0,0,benchmark_base64_roundtrip_opt,branch_site,,,,,,,,complete
base64-opt,branch,BR_ID,,659,1,0,0,0,0,0,1,0,0,0,benchmark_base64_roundtrip_opt,branch_site,,,,,,,,complete
base64-opt,census,call_path,direct_bytecode,,500,0,0,0,0,0,,,,,,,,,,,,,,complete
base64-opt,census,call_path,direct_native,,0,0,0,0,0,0,,,,,,,,,,,,,,complete
base64-opt,census,call_path,dynamic_bytecode,,0,0,0,0,0,0,,,,,,,,,,,,,,complete
base64-opt,census,call_path,dynamic_native,,0,0,0,0,0,0,,,,,,,,,,,,,,complete
base64-opt,census,call_path,external_root,,1,0,0,0,0,0,,,,,,,,,,,,,,complete
base64-opt,census,call_path,signal_bytecode,,0,0,0,0,0,0,,,,,,,,,,,,,,complete
base64-opt,census,call_path,signal_native,,0,0,0,0,0,0,,,,,,,,,,,,,,complete
base64-opt,census,arity,1,,501,0,0,0,0,0,,,,,,,,,,,,,,complete
base64-opt,census,callable_kind,procedure,,501,0,0,0,0,0,,,,,,,,,,,,,,complete
base64-opt,census,callable_kind,method,,0,0,0,0,0,0,,,,,,,,,,,,,,complete
base64-opt,census,callable_kind,factory,,0,0,0,0,0,0,,,,,,,,,,,,,,complete
base64-opt,census,callable_kind,native,,0,0,0,0,0,0,,,,,,,,,,,,,,complete
base64-opt,census,callable_kind,unknown,,0,0,0,0,0,0,,,,,,,,,,,,,,complete
base64-opt,census,frame_disposition,fresh,,2,0,0,0,0,0,,,,,,,,,,,,,,complete
base64-opt,census,frame_disposition,reused,,499,0,0,0,0,0,,,,,,,,,,,,,,complete
base64-opt,census,frame_disposition,no_child_native,,0,0,0,0,0,0,,,,,,,,,,,,,,complete
base64-opt,census,frame_disposition,none_failed,,0,0,0,0,0,0,,,,,,,,,,,,,,complete
base64-opt,census,call_outcome,success,,501,0,0,0,0,0,,,,,,,,,,,,,,complete
base64-opt,census,call_outcome,unresolved,,0,0,0,0,0,0,,,,,,,,,,,,,,complete
base64-opt,census,call_outcome,frame_failed,,0,0,0,0,0,0,,,,,,,,,,,,,,complete
base64-opt,census,call_outcome,invalid,,0,0,0,0,0,0,,,,,,,,,,,,,,complete
base64-opt,return,placement,void,,0,0,0,0,0,0,,,,,,,,,,,,,,complete
base64-opt,return,placement,ret_reg_move_local,,500,0,0,0,0,0,,,,,,,,,,,,,,complete
base64-opt,return,placement,ret_reg_copy_nonlocal,,0,0,0,0,0,0,,,,,,,,,,,,,,complete
base64-opt,return,placement,value_ignored,,0,0,0,0,0,0,,,,,,,,,,,,,,complete
base64-opt,return,placement,immediate,,0,0,0,0,0,0,,,,,,,,,,,,,,complete
base64-opt,return,placement,terminal_external,,1,0,0,0,0,0,,,,,,,,,,,,,,complete
base64-opt,dynamic,srcmethodsel,attempt,,0,0,0,0,0,0,,,,,,,,,,,,,,complete
base64-opt,dynamic,srcmethodsel,success,,0,0,0,0,0,0,,,,,,,,,,,,,,complete
base64-opt,dynamic,srcmethodsel,failure,,0,0,0,0,0,0,,,,,,,,,,,,,,complete
base64-opt,dynamic,srcfprocsel,attempt,,0,0,0,0,0,0,,,,,,,,,,,,,,complete
base64-opt,dynamic,srcfprocsel,success,,0,0,0,0,0,0,,,,,,,,,,,,,,complete
base64-opt,dynamic,srcfprocsel,failure,,0,0,0,0,0,0,,,,,,,,,,,,,,complete
base64-opt,mechanics,call_window,setup_swaps,,0,0,0,0,0,0,,,,,,,,,,,,,,complete
base64-opt,mechanics,call_window,normal_restoration_swaps,,0,0,0,0,0,0,,,,,,,,,,,,,,complete
base64-opt,mechanics,call_window,unclassified_swaps,,0,0,0,0,0,0,,,,,,,,,,,,,,complete
base64-opt,mechanics,call_window,defensive_argument_copies,,0,0,0,0,0,0,,,,,,,,,,,,,,complete
base64-opt,mechanics,call_window,unclassified_copies,,1506,0,0,0,0,0,,,,,,,,,,,,,,complete
base64-opt,mechanics,call_window,attribution_degraded,,0,0,0,0,0,0,,,,,,,,,,,,,,complete
base64-opt,unwind,signal,events,,0,0,0,0,0,0,,,,,,,,,,,,,,complete
base64-opt,unwind,signal,bytecode_frames_discarded,,0,0,0,0,0,0,,,,,,,,,,,,,,complete
base64-opt,unwind,signal,argument_windows_restored,,0,0,0,0,0,0,,,,,,,,,,,,,,complete
base64-opt,unwind,signal,argument_slots_restored,,0,0,0,0,0,0,,,,,,,,,,,,,,complete
base64-opt,unwind,signal,interrupted_native_windows_restored,,0,0,0,0,0,0,,,,,,,,,,,,,,complete
base64-opt,unwind,signal,interrupted_native_slots_restored,,0,0,0,0,0,0,,,,,,,,,,,,,,complete
base64-opt,unwind,signal,restoration_failures,,0,0,0,0,0,0,,,,,,,,,,,,,,complete
base64-opt,call,base64_roundtrip.main,external_root,0,1,0,0,0,0,0,1,,,,benchmark_base64_roundtrip_opt,procedure,,,fresh,success,0,0,0,complete
base64-opt,call,base64_roundtrip.base64_decode,direct_bytecode,344,1,0,0,0,0,0,1,,,,benchmark_base64_roundtrip_opt,procedure,,,fresh,success,0,0,0,complete
base64-opt,call,base64_roundtrip.base64_decode,direct_bytecode,344,499,0,0,0,0,0,1,,,,benchmark_base64_roundtrip_opt,procedure,,,reused,success,0,0,0,complete
rexxcps-noopt,status,instructions,complete,,0,0,0,0,0,0,,,,,,,,,,,,,,complete
rexxcps-noopt,status,procedures,complete,,0,0,0,0,0,0,,,,,,,,,,,,,,complete
rexxcps-noopt,status,allocations,complete,,0,0,0,0,0,0,,,,,,,,,,,,,,complete
rexxcps-noopt,status,call_census,complete,,0,0,0,0,0,0,,,,,,,,,,,,,,complete
rexxcps-noopt,status,frame_entry,complete,,0,0,0,0,0,0,,,,,,,,,,,,,,complete
rexxcps-noopt,status,value_operations,complete,,0,0,0,0,0,0,,,,,,,,,,,,,,complete
rexxcps-noopt,status,branch_sites,complete,,0,0,0,0,0,0,,,,,,,,,,,,,,complete
rexxcps-noopt,value_operation,copy,empty,,193,0,0,0,0,0,,,,,,,,,,,0,0,,complete
rexxcps-noopt,value_operation,copy,scalar,,1334,0,0,0,0,0,,,,,,,,,,,0,0,,complete
rexxcps-noopt,value_operation,copy,string,,412,0,0,0,0,0,,,,,,,,,,,2635,14,,complete
rexxcps-noopt,value_operation,copy,object,,63,0,0,0,0,0,,,,,,,,,,,5888,176,,complete
rexxcps-noopt,value_operation,string_copy,scalar,,31407,0,0,0,0,0,,,,,,,,,,,0,0,,complete
rexxcps-noopt,value_operation,string_copy,string,,442680,0,0,0,0,0,,,,,,,,,,,4792686,62,,complete
rexxcps-noopt,value_operation,string_copy,compound,,75898,0,0,0,0,0,,,,,,,,,,,3651908,51,,complete
rexxcps-noopt,value_operation,decimal_copy,decimal,,152900,0,0,0,0,0,,,,,,,,,,,6727600,44,,complete
rexxcps-noopt,value_operation,integer_copy,scalar,,53772,0,0,0,0,0,,,,,,,,,,,430176,8,,complete
rexxcps-noopt,value_operation,float_copy,scalar,,604,0,0,0,0,0,,,,,,,,,,,4832,8,,complete
rexxcps-noopt,value_operation,move,empty,,400,0,0,0,0,0,,,,,,,,,,,0,0,,complete
rexxcps-noopt,value_operation,move,scalar,,31399,0,0,0,0,0,,,,,,,,,,,0,0,,complete
rexxcps-noopt,value_operation,move,string,,140224,0,0,0,0,0,,,,,,,,,,,639346,62,,complete
rexxcps-noopt,value_operation,move,object,,2,0,0,0,0,0,,,,,,,,,,,64,32,,complete
rexxcps-noopt,value_operation,clear_contents,empty,,952,0,0,0,0,0,,,,,,,,,,,0,0,,complete
rexxcps-noopt,value_operation,clear_contents,scalar,,1153,0,0,0,0,0,,,,,,,,,,,0,0,,complete
rexxcps-noopt,value_operation,clear_contents,string,,124613,0,0,0,0,0,,,,,,,,,,,460305,62,,complete
rexxcps-noopt,value_operation,clear_contents,decimal,,1,0,0,0,0,0,,,,,,,,,,,44,44,,complete
rexxcps-noopt,value_operation,clear_contents,object,,11,0,0,0,0,0,,,,,,,,,,,984,176,,complete
rexxcps-noopt,value_operation,clear_contents,compound,,46214,0,0,0,0,0,,,,,,,,,,,2318808,1368,,complete
rexxcps-noopt,value_operation,reset_reuse,empty,,2,0,0,0,0,0,,,,,,,,,,,0,0,,complete
rexxcps-noopt,value_operation,reset_reuse,string,,105,0,0,0,0,0,,,,,,,,,,,685,14,,complete
rexxcps-noopt,value_operation,destroy,empty,,770,0,0,0,0,0,,,,,,,,,,,0,0,,complete
rexxcps-noopt,value_operation,destroy,scalar,,1153,0,0,0,0,0,,,,,,,,,,,0,0,,complete
rexxcps-noopt,value_operation,destroy,string,,124613,0,0,0,0,0,,,,,,,,,,,460305,62,,complete
rexxcps-noopt,value_operation,destroy,decimal,,1,0,0,0,0,0,,,,,,,,,,,44,44,,complete
rexxcps-noopt,value_operation,destroy,object,,11,0,0,0,0,0,,,,,,,,,,,984,176,,complete
rexxcps-noopt,value_operation,destroy,compound,,46214,0,0,0,0,0,,,,,,,,,,,2318808,1368,,complete
rexxcps-noopt,value_operation,clear,empty,,268,0,0,0,0,0,,,,,,,,,,,0,0,,complete
rexxcps-noopt,value_operation,clear,scalar,,136,0,0,0,0,0,,,,,,,,,,,0,0,,complete
rexxcps-noopt,value_operation,clear,string,,119,0,0,0,0,0,,,,,,,,,,,978,62,,complete
rexxcps-noopt,value_operation,clear,decimal,,1,0,0,0,0,0,,,,,,,,,,,44,44,,complete
rexxcps-noopt,value_operation,clear,object,,6,0,0,0,0,0,,,,,,,,,,,624,176,,complete
rexxcps-noopt,value_operation,clear,compound,,15,0,0,0,0,0,,,,,,,,,,,3361,1368,,complete
rexxcps-noopt,frame_entry,local_relink,fresh,481,25,0,0,0,0,0,,,,,,,,,,,,,,complete
rexxcps-noopt,frame_entry,local_relink,reused,1753042,189819,0,0,0,0,0,,,,,,,,,,,,,,complete
rexxcps-noopt,frame_entry,global_relink,fresh,74,25,0,0,0,0,0,,,,,,,,,,,,,,complete
rexxcps-noopt,frame_entry,global_relink,reused,64873,189819,0,0,0,0,0,,,,,,,,,,,,,,complete
rexxcps-noopt,frame_entry,argument_count_reset,fresh,25,25,0,0,0,0,0,,,,,,,,,,,,,,complete
rexxcps-noopt,frame_entry,argument_count_reset,reused,189819,189819,0,0,0,0,0,,,,,,,,,,,,,,complete
rexxcps-noopt,frame_entry,inherited_context,fresh,24,24,0,0,0,0,0,,,,,,,,,,,,,,complete
rexxcps-noopt,frame_entry,inherited_context,reused,189819,189819,0,0,0,0,0,,,,,,,,,,,,,,complete
rexxcps-noopt,frame_entry,root_context,fresh,1,1,0,0,0,0,0,,,,,,,,,,,,,,complete
rexxcps-noopt,frame_entry,finalize,fresh,25,25,0,0,0,0,0,,,,,,,,,,,,,,complete
rexxcps-noopt,frame_entry,finalize,reused,189819,189819,0,0,0,0,0,,,,,,,,,,,,,,complete
rexxcps-noopt,branch,BRTPANDT_ID_REG_INT,,8,1,0,0,0,0,0,0,1,0,0,benchmark_rexxcps_levelb_noopt,branch_site,,,,,,,,complete
rexxcps-noopt,branch,BR_ID,,15,1,0,0,0,0,0,1,0,0,0,benchmark_rexxcps_levelb_noopt,branch_site,,,,,,,,complete
rexxcps-noopt,branch,BRF_ID_REG,,40,1,0,0,0,0,0,0,1,0,0,benchmark_rexxcps_levelb_noopt,branch_site,,,,,,,,complete
rexxcps-noopt,branch,BRF_ID_REG,,51,1,0,0,0,0,0,1,0,0,0,benchmark_rexxcps_levelb_noopt,branch_site,,,,,,,,complete
rexxcps-noopt,branch,BRF_ID_REG,,76,1,0,0,0,0,0,1,0,0,0,benchmark_rexxcps_levelb_noopt,branch_site,,,,,,,,complete
rexxcps-noopt,branch,BRTPANDT_ID_REG_INT,,4,1,0,0,0,0,0,0,1,0,0,verify,branch_site,,,,,,,,complete
rexxcps-noopt,branch,BR_ID,,14,1,0,0,0,0,0,1,0,0,0,verify,branch_site,,,,,,,,complete
rexxcps-noopt,branch,BRTPANDT_ID_REG_INT,,31,1,0,0,0,0,0,0,1,0,0,verify,branch_site,,,,,,,,complete
rexxcps-noopt,branch,BRF_ID_REG,,53,1,0,0,0,0,0,1,0,0,0,verify,branch_site,,,,,,,,complete
rexxcps-noopt,branch,BRT_ID_REG,,67,1,0,0,0,0,0,0,1,0,0,verify,branch_site,,,,,,,,complete
rexxcps-noopt,branch,BRF_ID_REG,,74,1,0,0,0,0,0,1,0,0,0,verify,branch_site,,,,,,,,complete
rexxcps-noopt,branch,BRT_ID_REG,,86,1,0,0,0,0,0,1,0,0,0,verify,branch_site,,,,,,,,complete
rexxcps-noopt,branch,BRF_ID_REG,,93,1,0,0,0,0,0,0,1,0,0,verify,branch_site,,,,,,,,complete
rexxcps-noopt,branch,BR_ID,,99,1,0,0,0,0,0,1,0,0,0,verify,branch_site,,,,,,,,complete
rexxcps-noopt,branch,BRF_ID_REG,,108,1,0,0,0,0,0,1,0,0,0,verify,branch_site,,,,,,,,complete
rexxcps-noopt,branch,BRT_ID_REG,,121,1,0,0,0,0,0,0,1,0,0,verify,branch_site,,,,,,,,complete
rexxcps-noopt,branch,BRF_ID_REG,,128,1,0,0,0,0,0,1,0,0,0,verify,branch_site,,,,,,,,complete
rexxcps-noopt,branch,BRF_ID_REG,,140,1,0,0,0,0,0,1,0,0,0,verify,branch_site,,,,,,,,complete
rexxcps-noopt,branch,BRT_ID_REG,,162,2,0,0,0,0,0,1,1,0,0,verify,branch_site,,,,,,,,complete
rexxcps-noopt,branch,BRF_ID_REG,,177,1,0,0,0,0,0,0,1,0,0,verify,branch_site,,,,,,,,complete
rexxcps-noopt,branch,BRF_ID_REG,,191,1,0,0,0,0,0,1,0,0,0,verify,branch_site,,,,,,,,complete
rexxcps-noopt,branch,BCTP_ID_REG,,200,1,0,0,0,0,0,1,0,1,0,verify,branch_site,,,,,,,,complete
rexxcps-noopt,branch,BRF_ID_REG,,122,1,0,0,0,0,0,1,0,0,0,benchmark_rexxcps_levelb_noopt,branch_site,,,,,,,,complete
rexxcps-noopt,branch,BRF_ID_REG,,153,1,0,0,0,0,0,1,0,0,0,benchmark_rexxcps_levelb_noopt,branch_site,,,,,,,,complete
rexxcps-noopt,branch,BRTPANDT_ID_REG_INT,,4,30801,0,0,0,0,0,0,30801,0,0,word,branch_site,,,,,,,,complete
rexxcps-noopt,branch,BR_ID,,11,30801,0,0,0,0,0,30801,0,0,0,word,branch_site,,,,,,,,complete
rexxcps-noopt,branch,BRF_ID_REG,,20,30801,0,0,0,0,0,30801,0,0,0,word,branch_site,,,,,,,,complete
rexxcps-noopt,branch,BRF_ID_REG,,33,30801,0,0,0,0,0,30801,0,0,0,word,branch_site,,,,,,,,complete
rexxcps-noopt,branch,BRF_ID_REG,,60,30801,0,0,0,0,0,0,30801,0,0,word,branch_site,,,,,,,,complete
rexxcps-noopt,branch,BRF_ID_REG,,71,30801,0,0,0,0,0,30801,0,0,0,word,branch_site,,,,,,,,complete
rexxcps-noopt,branch,BRF_ID_REG,,88,30801,0,0,0,0,0,0,30801,0,0,word,branch_site,,,,,,,,complete
rexxcps-noopt,branch,BRF_ID_REG,,95,30801,0,0,0,0,0,30801,0,0,0,word,branch_site,,,,,,,,complete
rexxcps-noopt,branch,BRF_ID_REG,,269,1,0,0,0,0,0,0,1,0,0,benchmark_rexxcps_levelb_noopt,branch_site,,,,,,,,complete
rexxcps-noopt,branch,BRT_ID_REG,,358,101,0,0,0,0,0,1,100,0,0,benchmark_rexxcps_levelb_noopt,branch_site,,,,,,,,complete
rexxcps-noopt,branch,BRTPANDT_ID_REG_INT,,4,600,0,0,0,0,0,600,0,0,0,time,branch_site,,,,,,,,complete
rexxcps-noopt,branch,BRF_ID_REG,,24,600,0,0,0,0,0,600,0,0,0,time,branch_site,,,,,,,,complete
rexxcps-noopt,branch,BRF_ID_REG,,39,600,0,0,0,0,0,600,0,0,0,time,branch_site,,,,,,,,complete
rexxcps-noopt,branch,BRF_ID_REG,,53,600,0,0,0,0,0,600,0,0,0,time,branch_site,,,,,,,,complete
rexxcps-noopt,branch,BRF_ID_REG,,67,600,0,0,0,0,0,600,0,0,0,time,branch_site,,,,,,,,complete
rexxcps-noopt,branch,BRF_ID_REG,,81,600,0,0,0,0,0,600,0,0,0,time,branch_site,,,,,,,,complete
rexxcps-noopt,branch,BRT_ID_REG,,99,600,0,0,0,0,0,0,600,0,0,time,branch_site,,,,,,,,complete
rexxcps-noopt,branch,BRT_ID_REG,,106,600,0,0,0,0,0,0,600,0,0,time,branch_site,,,,,,,,complete
rexxcps-noopt,branch,BRTF_ID_ID_REG,,113,600,0,0,0,0,0,600,0,0,0,time,branch_site,,,,,,,,complete
rexxcps-noopt,branch,BRT_ID_REG,,130,600,0,0,0,0,0,0,600,0,0,time,branch_site,,,,,,,,complete
rexxcps-noopt,branch,BRT_ID_REG,,137,600,0,0,0,0,0,0,600,0,0,time,branch_site,,,,,,,,complete
rexxcps-noopt,branch,BRTF_ID_ID_REG,,144,600,0,0,0,0,0,600,0,0,0,time,branch_site,,,,,,,,complete
rexxcps-noopt,branch,BRT_ID_REG,,161,600,0,0,0,0,0,0,600,0,0,time,branch_site,,,,,,,,complete
rexxcps-noopt,branch,BRT_ID_REG,,168,600,0,0,0,0,0,600,0,0,0,time,branch_site,,,,,,,,complete
rexxcps-noopt,branch,BRF_ID_REG,,182,600,0,0,0,0,0,0,600,0,0,time,branch_site,,,,,,,,complete
rexxcps-noopt,branch,BRF_ID_REG,,192,600,0,0,0,0,0,600,0,0,0,time,branch_site,,,,,,,,complete
rexxcps-noopt,branch,BRF_ID_REG,,202,600,0,0,0,0,0,600,0,0,0,time,branch_site,,,,,,,,complete
rexxcps-noopt,branch,BRF_ID_REG,,212,600,0,0,0,0,0,600,0,0,0,time,branch_site,,,,,,,,complete
rexxcps-noopt,branch,BRF_ID_REG,,248,600,0,0,0,0,0,600,0,0,0,time,branch_site,,,,,,,,complete
rexxcps-noopt,branch,BRT_ID_REG,,259,600,0,0,0,0,0,0,600,0,0,time,branch_site,,,,,,,,complete
rexxcps-noopt,branch,BRF_ID_REG,,266,600,0,0,0,0,0,0,600,0,0,time,branch_site,,,,,,,,complete
rexxcps-noopt,branch,BRF_ID_REG,,4,1800,0,0,0,0,0,601,1199,0,0,/tmp/crexx-perf2-linux-x64.d5f0827ca/source/lib/rxfnsb/rxas/_elapsed,branch_site,,,,,,,,complete
rexxcps-noopt,branch,BGE_ID_REG_INT,,281,600,0,0,0,0,0,600,0,0,0,time,branch_site,,,,,,,,complete
rexxcps-noopt,branch,BRF_ID_REG,,293,600,0,0,0,0,0,0,600,0,0,time,branch_site,,,,,,,,complete
rexxcps-noopt,branch,BEQ_ID_REG_INT,,7,1199,0,0,0,0,0,600,599,0,0,/tmp/crexx-perf2-linux-x64.d5f0827ca/source/lib/rxfnsb/rxas/_elapsed,branch_site,,,,,,,,complete
rexxcps-noopt,branch,BCF_ID_REG,,376,200,0,0,0,0,0,100,100,0,0,benchmark_rexxcps_levelb_noopt,branch_site,,,,,,,,complete
rexxcps-noopt,branch,BR_ID,,379,100,0,0,0,0,0,100,0,100,0,benchmark_rexxcps_levelb_noopt,branch_site,,,,,,,,complete
rexxcps-noopt,branch,BR_ID,,404,100,0,0,0,0,0,100,0,100,0,benchmark_rexxcps_levelb_noopt,branch_site,,,,,,,,complete
rexxcps-noopt,branch,BRT_ID_REG,,423,2,0,0,0,0,0,0,2,0,0,benchmark_rexxcps_levelb_noopt,branch_site,,,,,,,,complete
rexxcps-noopt,branch,BRT_ID_REG,,436,202,0,0,0,0,0,2,200,0,0,benchmark_rexxcps_levelb_noopt,branch_site,,,,,,,,complete
rexxcps-noopt,branch,BRF_ID_REG,,12456,400,0,0,0,0,0,1,399,0,0,trace,branch_site,,,,,,,,complete
rexxcps-noopt,branch,BRTPANDT_ID_REG_INT,,4,416,0,0,0,0,0,0,416,0,0,strip,branch_site,,,,,,,,complete
rexxcps-noopt,branch,BR_ID,,11,416,0,0,0,0,0,416,0,0,0,strip,branch_site,,,,,,,,complete
rexxcps-noopt,branch,BRTPANDT_ID_REG_INT,,16,416,0,0,0,0,0,0,416,0,0,strip,branch_site,,,,,,,,complete
rexxcps-noopt,branch,BRTPANDT_ID_REG_INT,,26,416,0,0,0,0,0,0,416,0,0,strip,branch_site,,,,,,,,complete
rexxcps-noopt,branch,BR_ID,,36,416,0,0,0,0,0,416,0,0,0,strip,branch_site,,,,,,,,complete
rexxcps-noopt,branch,BRF_ID_REG,,78,416,0,0,0,0,0,416,0,0,0,strip,branch_site,,,,,,,,complete
rexxcps-noopt,branch,BRF_ID_REG,,95,416,0,0,0,0,0,0,416,0,0,strip,branch_site,,,,,,,,complete
rexxcps-noopt,branch,BRF_ID_REG,,102,416,0,0,0,0,0,0,416,0,0,strip,branch_site,,,,,,,,complete
rexxcps-noopt,branch,BRTF_ID_ID_REG,,109,416,0,0,0,0,0,416,0,0,0,strip,branch_site,,,,,,,,complete
rexxcps-noopt,branch,BRF_ID_REG,,122,416,0,0,0,0,0,416,0,0,0,strip,branch_site,,,,,,,,complete
rexxcps-noopt,branch,BNE_ID_REG_INT,,148,416,0,0,0,0,0,416,0,0,0,strip,branch_site,,,,,,,,complete
rexxcps-noopt,branch,BRF_ID_REG,,157,416,0,0,0,0,0,0,416,0,0,strip,branch_site,,,,,,,,complete
rexxcps-noopt,branch,BRT_ID_REG,,164,416,0,0,0,0,0,0,416,0,0,strip,branch_site,,,,,,,,complete
rexxcps-noopt,branch,BRF_ID_REG,,171,416,0,0,0,0,0,0,416,0,0,strip,branch_site,,,,,,,,complete
rexxcps-noopt,branch,BGE_ID_REG_INT,,181,416,0,0,0,0,0,416,0,0,0,strip,branch_site,,,,,,,,complete
rexxcps-noopt,branch,BRT_ID_REG,,191,416,0,0,0,0,0,0,416,0,0,strip,branch_site,,,,,,,,complete
rexxcps-noopt,branch,BRF_ID_REG,,198,416,0,0,0,0,0,0,416,0,0,strip,branch_site,,,,,,,,complete
rexxcps-noopt,branch,BRF_ID_REG,,213,416,0,0,0,0,0,416,0,0,0,strip,branch_site,,,,,,,,complete
rexxcps-noopt,branch,BR_ID,,222,416,0,0,0,0,0,416,0,0,0,strip,branch_site,,,,,,,,complete
rexxcps-noopt,branch,BRF_ID_REG,,312,416,0,0,0,0,0,0,416,0,0,strip,branch_site,,,,,,,,complete
rexxcps-noopt,branch,BRF_ID_REG,,319,416,0,0,0,0,0,0,416,0,0,strip,branch_site,,,,,,,,complete
rexxcps-noopt,branch,BRF_ID_REG,,12502,400,0,0,0,0,0,0,400,0,0,trace,branch_site,,,,,,,,complete
rexxcps-noopt,branch,BRF_ID_REG,,12513,400,0,0,0,0,0,0,400,0,0,trace,branch_site,,,,,,,,complete
rexxcps-noopt,branch,BR_ID,,12516,400,0,0,0,0,0,400,0,0,0,trace,branch_site,,,,,,,,complete
rexxcps-noopt,branch,BRF_ID_REG,,12528,400,0,0,0,0,0,400,0,0,0,trace,branch_site,,,,,,,,complete
rexxcps-noopt,branch,BRF_ID_REG,,12564,400,0,0,0,0,0,400,0,0,0,trace,branch_site,,,,,,,,complete
rexxcps-noopt,branch,BRF_ID_REG,,12577,400,0,0,0,0,0,400,0,0,0,trace,branch_site,,,,,,,,complete
rexxcps-noopt,branch,BRF_ID_REG,,12618,400,0,0,0,0,0,400,0,0,0,trace,branch_site,,,,,,,,complete
rexxcps-noopt,branch,BRF_ID_REG,,12631,400,0,0,0,0,0,400,0,0,0,trace,branch_site,,,,,,,,complete
rexxcps-noopt,branch,BNE_ID_REG_INT,,12637,400,0,0,0,0,0,400,0,0,0,trace,branch_site,,,,,,,,complete
rexxcps-noopt,branch,BNE_ID_REG_REG,,12649,400,0,0,0,0,0,400,0,0,0,trace,branch_site,,,,,,,,complete
rexxcps-noopt,branch,BRF_ID_REG,,12662,400,0,0,0,0,0,0,400,0,0,trace,branch_site,,,,,,,,complete
rexxcps-noopt,branch,BR_ID,,12675,400,0,0,0,0,0,400,0,0,0,trace,branch_site,,,,,,,,complete
rexxcps-noopt,branch,BRT_ID_REG,,12704,400,0,0,0,0,0,0,400,0,0,trace,branch_site,,,,,,,,complete
rexxcps-noopt,branch,BRF_ID_REG,,12737,400,0,0,0,0,0,400,0,0,0,trace,branch_site,,,,,,,,complete
rexxcps-noopt,branch,BRF_ID_REG,,12750,400,0,0,0,0,0,400,0,0,0,trace,branch_site,,,,,,,,complete
rexxcps-noopt,branch,BNE_ID_REG_INT,,12756,400,0,0,0,0,0,400,0,0,0,trace,branch_site,,,,,,,,complete
rexxcps-noopt,branch,BNE_ID_REG_REG,,12768,400,0,0,0,0,0,400,0,0,0,trace,branch_site,,,,,,,,complete
rexxcps-noopt,branch,BRF_ID_REG,,12781,400,0,0,0,0,0,0,400,0,0,trace,branch_site,,,,,,,,complete
rexxcps-noopt,branch,BR_ID,,12794,400,0,0,0,0,0,400,0,0,0,trace,branch_site,,,,,,,,complete
rexxcps-noopt,branch,BRF_ID_REG,,12823,400,0,0,0,0,0,400,0,0,0,trace,branch_site,,,,,,,,complete
rexxcps-noopt,branch,BRF_ID_REG,,12920,400,0,0,0,0,0,400,0,0,0,trace,branch_site,,,,,,,,complete
rexxcps-noopt,branch,BR_ID,,12943,400,0,0,0,0,0,400,0,0,0,trace,branch_site,,,,,,,,complete
rexxcps-noopt,branch,BRT_ID_REG,,12949,400,0,0,0,0,0,0,400,0,0,trace,branch_site,,,,,,,,complete
rexxcps-noopt,branch,BRF_ID_REG,,12977,400,0,0,0,0,0,400,0,0,0,trace,branch_site,,,,,,,,complete
rexxcps-noopt,branch,BRF_ID_REG,,12990,400,0,0,0,0,0,400,0,0,0,trace,branch_site,,,,,,,,complete
rexxcps-noopt,branch,BGE_ID_REG_INT,,13007,400,0,0,0,0,0,400,0,0,0,trace,branch_site,,,,,,,,complete
rexxcps-noopt,branch,BGE_ID_REG_REG,,13017,400,0,0,0,0,0,400,0,0,0,trace,branch_site,,,,,,,,complete
rexxcps-noopt,branch,BRF_ID_REG,,13028,400,0,0,0,0,0,0,400,0,0,trace,branch_site,,,,,,,,complete
rexxcps-noopt,branch,BRF_ID_REG,,13035,400,0,0,0,0,0,0,400,0,0,trace,branch_site,,,,,,,,complete
rexxcps-noopt,branch,BRF_ID_REG,,13042,400,0,0,0,0,0,400,0,0,0,trace,branch_site,,,,,,,,complete
rexxcps-noopt,branch,BRF_ID_REG,,13056,400,0,0,0,0,0,400,0,0,0,trace,branch_site,,,,,,,,complete
rexxcps-noopt,branch,BLE_ID_REG_INT,,13075,400,0,0,0,0,0,400,0,0,0,trace,branch_site,,,,,,,,complete
rexxcps-noopt,branch,BR_ID,,13090,400,0,0,0,0,0,400,0,0,0,trace,branch_site,,,,,,,,complete
rexxcps-noopt,branch,BRTPANDT_ID_REG_INT,,4,400,0,0,0,0,0,0,400,0,0,pos,branch_site,,,,,,,,complete
rexxcps-noopt,branch,BRF_ID_REG,,18,400,0,0,0,0,0,400,0,0,0,pos,branch_site,,,,,,,,complete
rexxcps-noopt,branch,BRT_ID_REG,,28,400,0,0,0,0,0,0,400,0,0,pos,branch_site,,,,,,,,complete
rexxcps-noopt,branch,BRF_ID_REG,,35,400,0,0,0,0,0,400,0,0,0,pos,branch_site,,,,,,,,complete
rexxcps-noopt,branch,BRF_ID_REG,,13117,400,0,0,0,0,0,0,400,0,0,trace,branch_site,,,,,,,,complete
rexxcps-noopt,branch,BR_ID,,13126,400,0,0,0,0,0,400,0,0,0,trace,branch_site,,,,,,,,complete
rexxcps-noopt,branch,BRF_ID_REG,,13143,400,0,0,0,0,0,400,0,0,0,trace,branch_site,,,,,,,,complete
rexxcps-noopt,branch,BRF_ID_REG,,13173,400,0,0,0,0,0,400,0,0,0,trace,branch_site,,,,,,,,complete
rexxcps-noopt,branch,BRF_ID_REG,,13201,400,0,0,0,0,0,400,0,0,0,trace,branch_site,,,,,,,,complete
rexxcps-noopt,branch,BRF_ID_REG,,13213,400,0,0,0,0,0,400,0,0,0,trace,branch_site,,,,,,,,complete
rexxcps-noopt,branch,BR_ID,,13237,400,0,0,0,0,0,400,0,0,0,trace,branch_site,,,,,,,,complete
rexxcps-noopt,branch,BRF_ID_REG,,13243,400,0,0,0,0,0,400,0,0,0,trace,branch_site,,,,,,,,complete
rexxcps-noopt,branch,BRF_ID_REG,,13271,400,0,0,0,0,0,400,0,0,0,trace,branch_site,,,,,,,,complete
rexxcps-noopt,branch,BRF_ID_REG,,13283,400,0,0,0,0,0,400,0,0,0,trace,branch_site,,,,,,,,complete
rexxcps-noopt,branch,BR_ID,,13307,400,0,0,0,0,0,400,0,0,0,trace,branch_site,,,,,,,,complete
rexxcps-noopt,branch,BRF_ID_REG,,13313,400,0,0,0,0,0,400,0,0,0,trace,branch_site,,,,,,,,complete
rexxcps-noopt,branch,BRT_ID_REG,,13325,400,0,0,0,0,0,0,400,0,0,trace,branch_site,,,,,,,,complete
rexxcps-noopt,branch,BRT_ID_REG,,13332,400,0,0,0,0,0,0,400,0,0,trace,branch_site,,,,,,,,complete
rexxcps-noopt,branch,BRTF_ID_ID_REG,,13339,400,0,0,0,0,0,400,0,0,0,trace,branch_site,,,,,,,,complete
rexxcps-noopt,branch,BRF_ID_REG,,13374,400,0,0,0,0,0,400,0,0,0,trace,branch_site,,,,,,,,complete
rexxcps-noopt,branch,BRF_ID_REG,,13386,400,0,0,0,0,0,400,0,0,0,trace,branch_site,,,,,,,,complete
rexxcps-noopt,branch,BR_ID,,13410,400,0,0,0,0,0,400,0,0,0,trace,branch_site,,,,,,,,complete
rexxcps-noopt,branch,BRF_ID_REG,,13416,400,0,0,0,0,0,400,0,0,0,trace,branch_site,,,,,,,,complete
rexxcps-noopt,branch,BRF_ID_REG,,13444,400,0,0,0,0,0,400,0,0,0,trace,branch_site,,,,,,,,complete
rexxcps-noopt,branch,BRF_ID_REG,,13456,400,0,0,0,0,0,400,0,0,0,trace,branch_site,,,,,,,,complete
rexxcps-noopt,branch,BR_ID,,13480,400,0,0,0,0,0,400,0,0,0,trace,branch_site,,,,,,,,complete
rexxcps-noopt,branch,BRF_ID_REG,,13486,400,0,0,0,0,0,400,0,0,0,trace,branch_site,,,,,,,,complete
rexxcps-noopt,branch,BRF_ID_REG,,13514,400,0,0,0,0,0,400,0,0,0,trace,branch_site,,,,,,,,complete
rexxcps-noopt,branch,BRF_ID_REG,,13526,400,0,0,0,0,0,400,0,0,0,trace,branch_site,,,,,,,,complete
rexxcps-noopt,branch,BR_ID,,13550,400,0,0,0,0,0,400,0,0,0,trace,branch_site,,,,,,,,complete
rexxcps-noopt,branch,BRF_ID_REG,,13556,400,0,0,0,0,0,400,0,0,0,trace,branch_site,,,,,,,,complete
rexxcps-noopt,branch,BRF_ID_REG,,13584,400,0,0,0,0,0,400,0,0,0,trace,branch_site,,,,,,,,complete
rexxcps-noopt,branch,BRF_ID_REG,,13596,400,0,0,0,0,0,400,0,0,0,trace,branch_site,,,,,,,,complete
rexxcps-noopt,branch,BR_ID,,13620,400,0,0,0,0,0,400,0,0,0,trace,branch_site,,,,,,,,complete
rexxcps-noopt,branch,BRF_ID_REG,,13626,400,0,0,0,0,0,400,0,0,0,trace,branch_site,,,,,,,,complete
rexxcps-noopt,branch,BRF_ID_REG,,13654,400,0,0,0,0,0,400,0,0,0,trace,branch_site,,,,,,,,complete
rexxcps-noopt,branch,BRF_ID_REG,,13666,400,0,0,0,0,0,400,0,0,0,trace,branch_site,,,,,,,,complete
rexxcps-noopt,branch,BR_ID,,13690,400,0,0,0,0,0,400,0,0,0,trace,branch_site,,,,,,,,complete
rexxcps-noopt,branch,BRF_ID_REG,,13696,400,0,0,0,0,0,400,0,0,0,trace,branch_site,,,,,,,,complete
rexxcps-noopt,branch,BRF_ID_REG,,13724,400,0,0,0,0,0,400,0,0,0,trace,branch_site,,,,,,,,complete
rexxcps-noopt,branch,BRF_ID_REG,,13736,400,0,0,0,0,0,400,0,0,0,trace,branch_site,,,,,,,,complete
rexxcps-noopt,branch,BR_ID,,13760,400,0,0,0,0,0,400,0,0,0,trace,branch_site,,,,,,,,complete
rexxcps-noopt,branch,BRF_ID_REG,,13766,400,0,0,0,0,0,400,0,0,0,trace,branch_site,,,,,,,,complete
rexxcps-noopt,branch,BRF_ID_REG,,13794,400,0,0,0,0,0,400,0,0,0,trace,branch_site,,,,,,,,complete
rexxcps-noopt,branch,BRF_ID_REG,,13806,400,0,0,0,0,0,400,0,0,0,trace,branch_site,,,,,,,,complete
rexxcps-noopt,branch,BR_ID,,13830,400,0,0,0,0,0,400,0,0,0,trace,branch_site,,,,,,,,complete
rexxcps-noopt,branch,BRF_ID_REG,,13836,400,0,0,0,0,0,400,0,0,0,trace,branch_site,,,,,,,,complete
rexxcps-noopt,branch,BRF_ID_REG,,13864,400,0,0,0,0,0,400,0,0,0,trace,branch_site,,,,,,,,complete
rexxcps-noopt,branch,BRF_ID_REG,,13876,400,0,0,0,0,0,400,0,0,0,trace,branch_site,,,,,,,,complete
rexxcps-noopt,branch,BR_ID,,13900,400,0,0,0,0,0,400,0,0,0,trace,branch_site,,,,,,,,complete
rexxcps-noopt,branch,BRF_ID_REG,,13906,400,0,0,0,0,0,400,0,0,0,trace,branch_site,,,,,,,,complete
rexxcps-noopt,branch,BRF_ID_REG,,13934,400,0,0,0,0,0,400,0,0,0,trace,branch_site,,,,,,,,complete
rexxcps-noopt,branch,BRF_ID_REG,,13946,400,0,0,0,0,0,400,0,0,0,trace,branch_site,,,,,,,,complete
rexxcps-noopt,branch,BR_ID,,13970,400,0,0,0,0,0,400,0,0,0,trace,branch_site,,,,,,,,complete
rexxcps-noopt,branch,BRF_ID_REG,,13976,400,0,0,0,0,0,400,0,0,0,trace,branch_site,,,,,,,,complete
rexxcps-noopt,branch,BRF_ID_REG,,14004,400,0,0,0,0,0,400,0,0,0,trace,branch_site,,,,,,,,complete
rexxcps-noopt,branch,BRF_ID_REG,,14019,400,0,0,0,0,0,400,0,0,0,trace,branch_site,,,,,,,,complete
rexxcps-noopt,branch,BR_ID,,14043,400,0,0,0,0,0,400,0,0,0,trace,branch_site,,,,,,,,complete
rexxcps-noopt,branch,BRF_ID_REG,,14049,400,0,0,0,0,0,400,0,0,0,trace,branch_site,,,,,,,,complete
rexxcps-noopt,branch,BRF_ID_REG,,14077,400,0,0,0,0,0,400,0,0,0,trace,branch_site,,,,,,,,complete
rexxcps-noopt,branch,BRF_ID_REG,,14092,400,0,0,0,0,0,400,0,0,0,trace,branch_site,,,,,,,,complete
rexxcps-noopt,branch,BR_ID,,14116,400,0,0,0,0,0,400,0,0,0,trace,branch_site,,,,,,,,complete
rexxcps-noopt,branch,BRF_ID_REG,,14122,400,0,0,0,0,0,400,0,0,0,trace,branch_site,,,,,,,,complete
rexxcps-noopt,branch,BRF_ID_REG,,14150,400,0,0,0,0,0,400,0,0,0,trace,branch_site,,,,,,,,complete
rexxcps-noopt,branch,BRF_ID_REG,,14165,400,0,0,0,0,0,400,0,0,0,trace,branch_site,,,,,,,,complete
rexxcps-noopt,branch,BR_ID,,14189,400,0,0,0,0,0,400,0,0,0,trace,branch_site,,,,,,,,complete
rexxcps-noopt,branch,BRF_ID_REG,,14195,400,0,0,0,0,0,400,0,0,0,trace,branch_site,,,,,,,,complete
rexxcps-noopt,branch,BRF_ID_REG,,14223,400,0,0,0,0,0,400,0,0,0,trace,branch_site,,,,,,,,complete
rexxcps-noopt,branch,BRF_ID_REG,,14238,400,0,0,0,0,0,400,0,0,0,trace,branch_site,,,,,,,,complete
rexxcps-noopt,branch,BR_ID,,14262,400,0,0,0,0,0,400,0,0,0,trace,branch_site,,,,,,,,complete
rexxcps-noopt,branch,BRF_ID_REG,,14268,400,0,0,0,0,0,0,400,0,0,trace,branch_site,,,,,,,,complete
rexxcps-noopt,branch,BR_ID,,14274,400,0,0,0,0,0,400,0,0,0,trace,branch_site,,,,,,,,complete
rexxcps-noopt,branch,BNE_ID_REG_INT,,11972,400,0,0,0,0,0,1,399,0,0,trace,branch_site,,,,,,,,complete
rexxcps-noopt,branch,BRF_ID_REG,,4214,16,0,0,0,0,0,16,0,0,0,trace,branch_site,,,,,,,,complete
rexxcps-noopt,branch,BRF_ID_REG,,4255,16,0,0,0,0,0,16,0,0,0,trace,branch_site,,,,,,,,complete
rexxcps-noopt,branch,BRF_ID_REG,,4268,16,0,0,0,0,0,16,0,0,0,trace,branch_site,,,,,,,,complete
rexxcps-noopt,branch,BNE_ID_REG_INT,,4274,16,0,0,0,0,0,16,0,0,0,trace,branch_site,,,,,,,,complete
rexxcps-noopt,branch,BNE_ID_REG_REG,,4286,16,0,0,0,0,0,16,0,0,0,trace,branch_site,,,,,,,,complete
rexxcps-noopt,branch,BRF_ID_REG,,4299,16,0,0,0,0,0,0,16,0,0,trace,branch_site,,,,,,,,complete
rexxcps-noopt,branch,BR_ID,,4312,16,0,0,0,0,0,16,0,0,0,trace,branch_site,,,,,,,,complete
rexxcps-noopt,branch,BRF_ID_REG,,4341,16,0,0,0,0,0,16,0,0,0,trace,branch_site,,,,,,,,complete
rexxcps-noopt,branch,BRF_ID_REG,,4465,16,0,0,0,0,0,16,0,0,0,trace,branch_site,,,,,,,,complete
rexxcps-noopt,branch,BRF_ID_REG,,4478,16,0,0,0,0,0,16,0,0,0,trace,branch_site,,,,,,,,complete
rexxcps-noopt,branch,BNE_ID_REG_INT,,4484,16,0,0,0,0,0,16,0,0,0,trace,branch_site,,,,,,,,complete
rexxcps-noopt,branch,BNE_ID_REG_REG,,4496,16,0,0,0,0,0,16,0,0,0,trace,branch_site,,,,,,,,complete
rexxcps-noopt,branch,BRF_ID_REG,,4509,16,0,0,0,0,0,0,16,0,0,trace,branch_site,,,,,,,,complete
rexxcps-noopt,branch,BR_ID,,4526,16,0,0,0,0,0,16,0,0,0,trace,branch_site,,,,,,,,complete
rexxcps-noopt,branch,BRF_ID_REG,,4555,16,0,0,0,0,0,16,0,0,0,trace,branch_site,,,,,,,,complete
rexxcps-noopt,branch,BR_ID,,4690,16,0,0,0,0,0,16,0,0,0,trace,branch_site,,,,,,,,complete
rexxcps-noopt,branch,BRF_ID_REG,,4699,16,0,0,0,0,0,16,0,0,0,trace,branch_site,,,,,,,,complete
rexxcps-noopt,branch,BRT_ID_REG,,4738,136,0,0,0,0,0,16,120,0,0,trace,branch_site,,,,,,,,complete
rexxcps-noopt,branch,BR_ID,,4772,16,0,0,0,0,0,16,0,0,0,trace,branch_site,,,,,,,,complete
rexxcps-noopt,branch,BRF_ID_REG,,4780,16,0,0,0,0,0,16,0,0,0,trace,branch_site,,,,,,,,complete
rexxcps-noopt,branch,BRF_ID_REG,,4752,120,0,0,0,0,0,120,0,0,0,trace,branch_site,,,,,,,,complete
rexxcps-noopt,branch,BCTP_ID_REG,,4763,120,0,0,0,0,0,120,0,120,0,trace,branch_site,,,,,,,,complete
rexxcps-noopt,branch,BRF_ID_REG,,12463,399,0,0,0,0,0,399,0,0,0,trace,branch_site,,,,,,,,complete
rexxcps-noopt,branch,BRF_ID_REG,,9574,200,0,0,0,0,0,200,0,0,0,trace,branch_site,,,,,,,,complete
rexxcps-noopt,branch,BRF_ID_REG,,9671,200,0,0,0,0,0,0,200,0,0,trace,branch_site,,,,,,,,complete
rexxcps-noopt,branch,BNE_ID_REG_INT,,11161,200,0,0,0,0,0,0,200,0,0,trace,branch_site,,,,,,,,complete
rexxcps-noopt,branch,BRF_ID_REG,,475,200,0,0,0,0,0,0,200,0,0,benchmark_rexxcps_levelb_noopt,branch_site,,,,,,,,complete
rexxcps-noopt,branch,BR_ID,,479,200,0,0,0,0,0,200,0,0,0,benchmark_rexxcps_levelb_noopt,branch_site,,,,,,,,complete
rexxcps-noopt,branch,BCF_ID_REG,,523,1300,0,0,0,0,0,200,1100,0,0,benchmark_rexxcps_levelb_noopt,branch_site,,,,,,,,complete
rexxcps-noopt,branch,BRT_ID_REG,,542,16500,0,0,0,0,0,1100,15400,0,0,benchmark_rexxcps_levelb_noopt,branch_site,,,,,,,,complete
rexxcps-noopt,branch,BRTPANDT_ID_REG_INT,,4,46200,0,0,0,0,0,46200,0,0,0,substr,branch_site,,,,,,,,complete
rexxcps-noopt,branch,BRTPANDT_ID_REG_INT,,16,46200,0,0,0,0,0,46200,0,0,0,substr,branch_site,,,,,,,,complete
rexxcps-noopt,branch,BRTPANDT_ID_REG_INT,,26,46200,0,0,0,0,0,0,46200,0,0,substr,branch_site,,,,,,,,complete
rexxcps-noopt,branch,BR_ID,,36,46200,0,0,0,0,0,46200,0,0,0,substr,branch_site,,,,,,,,complete
rexxcps-noopt,branch,BRF_ID_REG,,71,46200,0,0,0,0,0,46200,0,0,0,substr,branch_site,,,,,,,,complete
rexxcps-noopt,branch,BRF_ID_REG,,77,46200,0,0,0,0,0,0,46200,0,0,substr,branch_site,,,,,,,,complete
rexxcps-noopt,branch,BRTF_ID_ID_REG,,84,46200,0,0,0,0,0,46200,0,0,0,substr,branch_site,,,,,,,,complete
rexxcps-noopt,branch,BRF_ID_REG,,104,46200,0,0,0,0,0,46200,0,0,0,substr,branch_site,,,,,,,,complete
rexxcps-noopt,branch,BGE_ID_REG_INT,,121,46200,0,0,0,0,0,46200,0,0,0,substr,branch_site,,,,,,,,complete
rexxcps-noopt,branch,BRF_ID_REG,,131,46200,0,0,0,0,0,46200,0,0,0,substr,branch_site,,,,,,,,complete
rexxcps-noopt,branch,BNE_ID_REG_INT,,155,46200,0,0,0,0,0,46200,0,0,0,substr,branch_site,,,,,,,,complete
rexxcps-noopt,branch,BGE_ID_REG_REG,,164,46200,0,0,0,0,0,46200,0,0,0,substr,branch_site,,,,,,,,complete
rexxcps-noopt,branch,BRF_ID_REG,,175,46200,0,0,0,0,0,0,46200,0,0,substr,branch_site,,,,,,,,complete
rexxcps-noopt,branch,BRF_ID_REG,,182,46200,0,0,0,0,0,15400,30800,0,0,substr,branch_site,,,,,,,,complete
rexxcps-noopt,branch,BRF_ID_REG,,189,46200,0,0,0,0,0,46200,0,0,0,substr,branch_site,,,,,,,,complete
rexxcps-noopt,branch,BRF_ID_REG,,203,46200,0,0,0,0,0,46200,0,0,0,substr,branch_site,,,,,,,,complete
rexxcps-noopt,branch,BLE_ID_REG_INT,,219,46200,0,0,0,0,0,46200,0,0,0,substr,branch_site,,,,,,,,complete
rexxcps-noopt,branch,BRF_ID_REG,,668,15400,0,0,0,0,0,15400,0,0,0,benchmark_rexxcps_levelb_noopt,branch_site,,,,,,,,complete
rexxcps-noopt,branch,BRT_ID_REG,,680,46200,0,0,0,0,0,0,46200,0,0,benchmark_rexxcps_levelb_noopt,branch_site,,,,,,,,complete
rexxcps-noopt,branch,BRTF_ID_ID_REG,,687,46200,0,0,0,0,0,46200,0,0,0,benchmark_rexxcps_levelb_noopt,branch_site,,,,,,,,complete
rexxcps-noopt,branch,BRF_ID_REG,,721,30800,0,0,0,0,0,30800,0,0,0,benchmark_rexxcps_levelb_noopt,branch_site,,,,,,,,complete
rexxcps-noopt,branch,BRF_ID_REG,,748,30800,0,0,0,0,0,30800,0,0,0,benchmark_rexxcps_levelb_noopt,branch_site,,,,,,,,complete
rexxcps-noopt,branch,BRF_ID_REG,,762,30800,0,0,0,0,0,30800,0,0,0,benchmark_rexxcps_levelb_noopt,branch_site,,,,,,,,complete
rexxcps-noopt,branch,BRF_ID_REG,,797,30800,0,0,0,0,0,30800,0,0,0,benchmark_rexxcps_levelb_noopt,branch_site,,,,,,,,complete
rexxcps-noopt,branch,BRF_ID_REG,,825,30800,0,0,0,0,0,30800,0,0,0,benchmark_rexxcps_levelb_noopt,branch_site,,,,,,,,complete
rexxcps-noopt,branch,BRF_ID_REG,,834,30800,0,0,0,0,0,0,30800,0,0,benchmark_rexxcps_levelb_noopt,branch_site,,,,,,,,complete
rexxcps-noopt,branch,BRF_ID_REG,,883,30800,0,0,0,0,0,30800,0,0,0,benchmark_rexxcps_levelb_noopt,branch_site,,,,,,,,complete
rexxcps-noopt,branch,BR_ID,,888,30800,0,0,0,0,0,30800,0,0,0,benchmark_rexxcps_levelb_noopt,branch_site,,,,,,,,complete
rexxcps-noopt,branch,BR_ID,,894,30800,0,0,0,0,0,30800,0,30800,0,benchmark_rexxcps_levelb_noopt,branch_site,,,,,,,,complete
rexxcps-noopt,branch,BRF_ID_REG,,909,15400,0,0,0,0,0,15400,0,0,0,benchmark_rexxcps_levelb_noopt,branch_site,,,,,,,,complete
rexxcps-noopt,branch,BRF_ID_REG,,937,15400,0,0,0,0,0,15400,0,0,0,benchmark_rexxcps_levelb_noopt,branch_site,,,,,,,,complete
rexxcps-noopt,branch,BRF_ID_REG,,957,15400,0,0,0,0,0,15400,0,0,0,benchmark_rexxcps_levelb_noopt,branch_site,,,,,,,,complete
rexxcps-noopt,branch,BRF_ID_REG,,968,15400,0,0,0,0,0,1100,14300,0,0,benchmark_rexxcps_levelb_noopt,branch_site,,,,,,,,complete
rexxcps-noopt,branch,BRF_ID_REG,,1035,1100,0,0,0,0,0,0,1100,0,0,benchmark_rexxcps_levelb_noopt,branch_site,,,,,,,,complete
rexxcps-noopt,branch,BRF_ID_REG,,1044,15400,0,0,0,0,0,0,15400,0,0,benchmark_rexxcps_levelb_noopt,branch_site,,,,,,,,complete
rexxcps-noopt,branch,BRF_ID_REG,,1054,15400,0,0,0,0,0,15400,0,0,0,benchmark_rexxcps_levelb_noopt,branch_site,,,,,,,,complete
rexxcps-noopt,branch,BRF_ID_REG,,1082,15400,0,0,0,0,0,15400,0,0,0,benchmark_rexxcps_levelb_noopt,branch_site,,,,,,,,complete
rexxcps-noopt,branch,BRF_ID_REG,,1093,15400,0,0,0,0,0,0,15400,0,0,benchmark_rexxcps_levelb_noopt,branch_site,,,,,,,,complete
rexxcps-noopt,branch,BR_ID,,1154,15400,0,0,0,0,0,15400,0,0,0,benchmark_rexxcps_levelb_noopt,branch_site,,,,,,,,complete
rexxcps-noopt,branch,BCF_ID_REG,,1743,30800,0,0,0,0,0,15400,15400,0,0,benchmark_rexxcps_levelb_noopt,branch_site,,,,,,,,complete
rexxcps-noopt,branch,BR_ID,,1793,15400,0,0,0,0,0,15400,0,15400,0,benchmark_rexxcps_levelb_noopt,branch_site,,,,,,,,complete
rexxcps-noopt,branch,BR_ID,,1353,15400,0,0,0,0,0,15400,0,15400,0,benchmark_rexxcps_levelb_noopt,branch_site,,,,,,,,complete
rexxcps-noopt,branch,BR_ID,,1029,14300,0,0,0,0,0,14300,0,0,0,benchmark_rexxcps_levelb_noopt,branch_site,,,,,,,,complete
rexxcps-noopt,branch,BR_ID,,1357,1100,0,0,0,0,0,1100,0,1100,0,benchmark_rexxcps_levelb_noopt,branch_site,,,,,,,,complete
rexxcps-noopt,branch,BEQ_ID_REG_INT,,10018,200,0,0,0,0,0,200,0,0,0,trace,branch_site,,,,,,,,complete
rexxcps-noopt,branch,BRF_ID_REG,,10028,200,0,0,0,0,0,0,200,0,0,trace,branch_site,,,,,,,,complete
rexxcps-noopt,branch,BRF_ID_REG,,1392,200,0,0,0,0,0,200,0,0,0,benchmark_rexxcps_levelb_noopt,branch_site,,,,,,,,complete
rexxcps-noopt,branch,BR_ID,,1400,200,0,0,0,0,0,200,0,200,0,benchmark_rexxcps_levelb_noopt,branch_site,,,,,,,,complete
rexxcps-noopt,branch,BRT_ID_REG,,1409,2,0,0,0,0,0,1,1,0,0,benchmark_rexxcps_levelb_noopt,branch_site,,,,,,,,complete
rexxcps-noopt,branch,BRF_ID_REG,,1416,2,0,0,0,0,0,1,1,0,0,benchmark_rexxcps_levelb_noopt,branch_site,,,,,,,,complete
rexxcps-noopt,branch,BRF_ID_REG,,1425,1,0,0,0,0,0,1,0,0,0,benchmark_rexxcps_levelb_noopt,branch_site,,,,,,,,complete
rexxcps-noopt,branch,BRTPANDT_ID_REG_INT,,6,1,0,0,0,0,0,0,1,0,0,floattrunc,branch_site,,,,,,,,complete
rexxcps-noopt,branch,BRF_ID_REG,,62,1,0,0,0,0,0,1,0,0,0,floattrunc,branch_site,,,,,,,,complete
rexxcps-noopt,branch,BRT_ID_REG,,76,1,0,0,0,0,0,0,1,0,0,floattrunc,branch_site,,,,,,,,complete
rexxcps-noopt,branch,BRT_ID_REG,,83,1,0,0,0,0,0,0,1,0,0,floattrunc,branch_site,,,,,,,,complete
rexxcps-noopt,branch,BRTF_ID_ID_REG,,90,1,0,0,0,0,0,1,0,0,0,floattrunc,branch_site,,,,,,,,complete
rexxcps-noopt,branch,BRTF_ID_ID_REG,,104,1,0,0,0,0,0,1,0,0,0,floattrunc,branch_site,,,,,,,,complete
rexxcps-noopt,branch,BRTF_ID_ID_REG,,118,1,0,0,0,0,0,1,0,0,0,floattrunc,branch_site,,,,,,,,complete
rexxcps-noopt,branch,BRTF_ID_ID_REG,,132,1,0,0,0,0,0,1,0,0,0,floattrunc,branch_site,,,,,,,,complete
rexxcps-noopt,branch,BRF_ID_REG,,156,1,0,0,0,0,0,1,0,0,0,floattrunc,branch_site,,,,,,,,complete
rexxcps-noopt,branch,BRF_ID_REG,,182,1,0,0,0,0,0,1,0,0,0,floattrunc,branch_site,,,,,,,,complete
rexxcps-noopt,branch,BRF_ID_REG,,214,1,0,0,0,0,0,0,1,0,0,floattrunc,branch_site,,,,,,,,complete
rexxcps-noopt,branch,BRF_ID_REG,,236,1,0,0,0,0,0,0,1,0,0,floattrunc,branch_site,,,,,,,,complete
rexxcps-noopt,branch,BRF_ID_REG,,257,1,0,0,0,0,0,1,0,0,0,floattrunc,branch_site,,,,,,,,complete
rexxcps-noopt,branch,BRF_ID_REG,,267,1,0,0,0,0,0,1,0,0,0,floattrunc,branch_site,,,,,,,,complete
rexxcps-noopt,branch,BRF_ID_REG,,279,1,0,0,0,0,0,0,1,0,0,floattrunc,branch_site,,,,,,,,complete
rexxcps-noopt,branch,BR_ID,,295,1,0,0,0,0,0,1,0,0,0,floattrunc,branch_site,,,,,,,,complete
rexxcps-noopt,branch,BNE_ID_REG_INT,,315,1,0,0,0,0,0,0,1,0,0,floattrunc,branch_site,,,,,,,,complete
rexxcps-noopt,branch,BR_ID,,1463,1,0,0,0,0,0,1,0,1,0,benchmark_rexxcps_levelb_noopt,branch_site,,,,,,,,complete
rexxcps-noopt,branch,BR_ID,,1419,1,0,0,0,0,0,1,0,0,0,benchmark_rexxcps_levelb_noopt,branch_site,,,,,,,,complete
rexxcps-noopt,branch,BRTPANDT_ID_REG_INT,,4,2,0,0,0,0,0,0,2,0,0,floatformat,branch_site,,,,,,,,complete
rexxcps-noopt,branch,BRTPANDT_ID_REG_INT,,14,2,0,0,0,0,0,2,0,0,0,floatformat,branch_site,,,,,,,,complete
rexxcps-noopt,branch,BRTPANDT_ID_REG_INT,,24,2,0,0,0,0,0,0,2,0,0,floatformat,branch_site,,,,,,,,complete
rexxcps-noopt,branch,BRTPANDT_ID_REG_INT,,34,2,0,0,0,0,0,0,2,0,0,floatformat,branch_site,,,,,,,,complete
rexxcps-noopt,branch,BRT_ID_REG,,69,2,0,0,0,0,0,0,2,0,0,floatformat,branch_site,,,,,,,,complete
rexxcps-noopt,branch,BRT_ID_REG,,76,2,0,0,0,0,0,0,2,0,0,floatformat,branch_site,,,,,,,,complete
rexxcps-noopt,branch,BRTF_ID_ID_REG,,83,2,0,0,0,0,0,2,0,0,0,floatformat,branch_site,,,,,,,,complete
rexxcps-noopt,branch,BRTF_ID_ID_REG,,97,2,0,0,0,0,0,2,0,0,0,floatformat,branch_site,,,,,,,,complete
rexxcps-noopt,branch,BRTF_ID_ID_REG,,111,2,0,0,0,0,0,2,0,0,0,floatformat,branch_site,,,,,,,,complete
rexxcps-noopt,branch,BRTF_ID_ID_REG,,125,2,0,0,0,0,0,2,0,0,0,floatformat,branch_site,,,,,,,,complete
rexxcps-noopt,branch,BRTPANDT_ID_REG_INT,,6,2,0,0,0,0,0,0,2,0,0,_typedformat,branch_site,,,,,,,,complete
rexxcps-noopt,branch,BR_ID,,13,2,0,0,0,0,0,2,0,0,0,_typedformat,branch_site,,,,,,,,complete
rexxcps-noopt,branch,BRF_ID_REG,,39,2,0,0,0,0,0,2,0,0,0,_typedformat,branch_site,,,,,,,,complete
rexxcps-noopt,branch,BRF_ID_REG,,53,2,0,0,0,0,0,2,0,0,0,_typedformat,branch_site,,,,,,,,complete
rexxcps-noopt,branch,BRF_ID_REG,,59,2,0,0,0,0,0,0,2,0,0,_typedformat,branch_site,,,,,,,,complete
rexxcps-noopt,branch,BRTF_ID_ID_REG,,66,2,0,0,0,0,0,2,0,0,0,_typedformat,branch_site,,,,,,,,complete
rexxcps-noopt,branch,BRF_ID_REG,,79,2,0,0,0,0,0,2,0,0,0,_typedformat,branch_site,,,,,,,,complete
rexxcps-noopt,branch,BRF_ID_REG,,93,2,0,0,0,0,0,2,0,0,0,_typedformat,branch_site,,,,,,,,complete
rexxcps-noopt,branch,BRF_ID_REG,,99,2,0,0,0,0,0,2,0,0,0,_typedformat,branch_site,,,,,,,,complete
rexxcps-noopt,branch,BRF_ID_REG,,113,2,0,0,0,0,0,2,0,0,0,_typedformat,branch_site,,,,,,,,complete
rexxcps-noopt,branch,BRF_ID_REG,,122,2,0,0,0,0,0,0,2,0,0,_typedformat,branch_site,,,,,,,,complete
rexxcps-noopt,branch,BRF_ID_REG,,128,2,0,0,0,0,0,2,0,0,0,_typedformat,branch_site,,,,,,,,complete
rexxcps-noopt,branch,BRF_ID_REG,,141,2,0,0,0,0,0,2,0,0,0,_typedformat,branch_site,,,,,,,,complete
rexxcps-noopt,branch,BRF_ID_REG,,154,2,0,0,0,0,0,2,0,0,0,_typedformat,branch_site,,,,,,,,complete
rexxcps-noopt,branch,BGE_ID_REG_INT,,224,2,0,0,0,0,0,0,2,0,0,_typedformat,branch_site,,,,,,,,complete
rexxcps-noopt,branch,BRF_ID_REG,,236,2,0,0,0,0,0,2,0,0,0,_typedformat,branch_site,,,,,,,,complete
rexxcps-noopt,branch,BRF_ID_REG,,300,2,0,0,0,0,0,2,0,0,0,_typedformat,branch_site,,,,,,,,complete
rexxcps-noopt,branch,BRF_ID_REG,,351,2,0,0,0,0,0,2,0,0,0,_typedformat,branch_site,,,,,,,,complete
rexxcps-noopt,branch,BRF_ID_REG,,375,2,0,0,0,0,0,0,2,0,0,_typedformat,branch_site,,,,,,,,complete
rexxcps-noopt,branch,BRF_ID_REG,,403,2,0,0,0,0,0,0,2,0,0,_typedformat,branch_site,,,,,,,,complete
rexxcps-noopt,branch,BRT_ID_REG,,419,2,0,0,0,0,0,0,2,0,0,_typedformat,branch_site,,,,,,,,complete
rexxcps-noopt,branch,BRTF_ID_ID_REG,,425,2,0,0,0,0,0,2,0,0,0,_typedformat,branch_site,,,,,,,,complete
rexxcps-noopt,branch,BRF_ID_REG,,624,2,0,0,0,0,0,2,0,0,0,_typedformat,branch_site,,,,,,,,complete
rexxcps-noopt,branch,BRF_ID_REG,,642,2,0,0,0,0,0,2,0,0,0,_typedformat,branch_site,,,,,,,,complete
rexxcps-noopt,branch,BRF_ID_REG,,671,2,0,0,0,0,0,2,0,0,0,_typedformat,branch_site,,,,,,,,complete
rexxcps-noopt,branch,BRF_ID_REG,,692,2,0,0,0,0,0,2,0,0,0,_typedformat,branch_site,,,,,,,,complete
rexxcps-noopt,branch,BRF_ID_REG,,702,2,0,0,0,0,0,2,0,0,0,_typedformat,branch_site,,,,,,,,complete
rexxcps-noopt,branch,BRF_ID_REG,,723,2,0,0,0,0,0,0,2,0,0,_typedformat,branch_site,,,,,,,,complete
rexxcps-noopt,branch,BRF_ID_REG,,744,2,0,0,0,0,0,0,2,0,0,_typedformat,branch_site,,,,,,,,complete
rexxcps-noopt,branch,BRF_ID_REG,,767,2,0,0,0,0,0,2,0,0,0,_typedformat,branch_site,,,,,,,,complete
rexxcps-noopt,branch,BRF_ID_REG,,886,2,0,0,0,0,0,2,0,0,0,_typedformat,branch_site,,,,,,,,complete
rexxcps-noopt,branch,BRF_ID_REG,,963,2,0,0,0,0,0,2,0,0,0,_typedformat,branch_site,,,,,,,,complete
rexxcps-noopt,branch,BRF_ID_REG,,970,2,0,0,0,0,0,2,0,0,0,_typedformat,branch_site,,,,,,,,complete
rexxcps-noopt,branch,BRF_ID_REG,,1036,2,0,0,0,0,0,1,1,0,0,_typedformat,branch_site,,,,,,,,complete
rexxcps-noopt,branch,BRF_ID_REG,,1062,2,0,0,0,0,0,0,2,0,0,_typedformat,branch_site,,,,,,,,complete
rexxcps-noopt,branch,BRF_ID_REG,,1084,2,0,0,0,0,0,0,2,0,0,_typedformat,branch_site,,,,,,,,complete
rexxcps-noopt,branch,BRF_ID_REG,,1099,2,0,0,0,0,0,2,0,0,0,_typedformat,branch_site,,,,,,,,complete
rexxcps-noopt,branch,BRF_ID_REG,,1109,2,0,0,0,0,0,2,0,0,0,_typedformat,branch_site,,,,,,,,complete
rexxcps-noopt,branch,BRT_ID_REG,,1147,9,0,0,0,0,0,2,7,0,0,_typedformat,branch_site,,,,,,,,complete
rexxcps-noopt,branch,BRF_ID_REG,,1154,7,0,0,0,0,0,2,5,0,0,_typedformat,branch_site,,,,,,,,complete
rexxcps-noopt,branch,BRF_ID_REG,,1166,2,0,0,0,0,0,2,0,0,0,_typedformat,branch_site,,,,,,,,complete
rexxcps-noopt,branch,BRF_ID_REG,,1181,2,0,0,0,0,0,2,0,0,0,_typedformat,branch_site,,,,,,,,complete
rexxcps-noopt,branch,BRF_ID_REG,,1207,7,0,0,0,0,0,5,2,0,0,_typedformat,branch_site,,,,,,,,complete
rexxcps-noopt,branch,BRF_ID_REG,,1214,2,0,0,0,0,0,2,0,0,0,_typedformat,branch_site,,,,,,,,complete
rexxcps-noopt,branch,BRF_ID_REG,,1225,2,0,0,0,0,0,2,0,0,0,_typedformat,branch_site,,,,,,,,complete
rexxcps-noopt,branch,BRF_ID_REG,,1231,2,0,0,0,0,0,2,0,0,0,_typedformat,branch_site,,,,,,,,complete
rexxcps-noopt,branch,BCTP_ID_REG,,1243,7,0,0,0,0,0,7,0,7,0,_typedformat,branch_site,,,,,,,,complete
rexxcps-noopt,branch,BRF_ID_REG,,1249,2,0,0,0,0,0,2,0,0,0,_typedformat,branch_site,,,,,,,,complete
rexxcps-noopt,branch,BRTPANDT_ID_REG_INT,,4,1,0,0,0,0,0,0,1,0,0,left,branch_site,,,,,,,,complete
rexxcps-noopt,branch,BR_ID,,11,1,0,0,0,0,0,1,0,0,0,left,branch_site,,,,,,,,complete
rexxcps-noopt,branch,BRTPANDT_ID_REG_INT,,16,1,0,0,0,0,0,0,1,0,0,left,branch_site,,,,,,,,complete
rexxcps-noopt,branch,BR_ID,,26,1,0,0,0,0,0,1,0,0,0,left,branch_site,,,,,,,,complete
rexxcps-noopt,branch,BRF_ID_REG,,61,1,0,0,0,0,0,1,0,0,0,left,branch_site,,,,,,,,complete
rexxcps-noopt,branch,BRF_ID_REG,,74,1,0,0,0,0,0,1,0,0,0,left,branch_site,,,,,,,,complete
rexxcps-noopt,branch,BNE_ID_REG_INT,,80,1,0,0,0,0,0,1,0,0,0,left,branch_site,,,,,,,,complete
rexxcps-noopt,branch,BNE_ID_REG_REG,,89,1,0,0,0,0,0,1,0,0,0,left,branch_site,,,,,,,,complete
rexxcps-noopt,branch,BRF_ID_REG,,99,1,0,0,0,0,0,0,1,0,0,left,branch_site,,,,,,,,complete
rexxcps-noopt,branch,BRF_ID_REG,,1611,1,0,0,0,0,0,0,1,0,0,benchmark_rexxcps_levelb_noopt,branch_site,,,,,,,,complete
rexxcps-noopt,branch,BR_ID,,1614,1,0,0,0,0,0,1,0,0,0,benchmark_rexxcps_levelb_noopt,branch_site,,,,,,,,complete
rexxcps-noopt,branch,BR_ID,,1160,5,0,0,0,0,0,5,0,0,0,_typedformat,branch_site,,,,,,,,complete
rexxcps-noopt,census,call_path,direct_bytecode,,189843,0,0,0,0,0,,,,,,,,,,,,,,complete
rexxcps-noopt,census,call_path,direct_native,,0,0,0,0,0,0,,,,,,,,,,,,,,complete
rexxcps-noopt,census,call_path,dynamic_bytecode,,0,0,0,0,0,0,,,,,,,,,,,,,,complete
rexxcps-noopt,census,call_path,dynamic_native,,0,0,0,0,0,0,,,,,,,,,,,,,,complete
rexxcps-noopt,census,call_path,external_root,,1,0,0,0,0,0,,,,,,,,,,,,,,complete
rexxcps-noopt,census,call_path,signal_bytecode,,0,0,0,0,0,0,,,,,,,,,,,,,,complete
rexxcps-noopt,census,call_path,signal_native,,0,0,0,0,0,0,,,,,,,,,,,,,,complete
rexxcps-noopt,census,arity,1,,95601,0,0,0,0,0,,,,,,,,,,,,,,complete
rexxcps-noopt,census,arity,4,,61601,0,0,0,0,0,,,,,,,,,,,,,,complete
rexxcps-noopt,census,arity,0,,1003,0,0,0,0,0,,,,,,,,,,,,,,complete
rexxcps-noopt,census,arity,2,,30818,0,0,0,0,0,,,,,,,,,,,,,,complete
rexxcps-noopt,census,arity,3,,817,0,0,0,0,0,,,,,,,,,,,,,,complete
rexxcps-noopt,census,arity,5,,2,0,0,0,0,0,,,,,,,,,,,,,,complete
rexxcps-noopt,census,arity,9,,2,0,0,0,0,0,,,,,,,,,,,,,,complete
rexxcps-noopt,census,callable_kind,procedure,,189826,0,0,0,0,0,,,,,,,,,,,,,,complete
rexxcps-noopt,census,callable_kind,method,,16,0,0,0,0,0,,,,,,,,,,,,,,complete
rexxcps-noopt,census,callable_kind,factory,,2,0,0,0,0,0,,,,,,,,,,,,,,complete
rexxcps-noopt,census,callable_kind,native,,0,0,0,0,0,0,,,,,,,,,,,,,,complete
rexxcps-noopt,census,callable_kind,unknown,,0,0,0,0,0,0,,,,,,,,,,,,,,complete
rexxcps-noopt,census,frame_disposition,fresh,,25,0,0,0,0,0,,,,,,,,,,,,,,complete
rexxcps-noopt,census,frame_disposition,reused,,189819,0,0,0,0,0,,,,,,,,,,,,,,complete
rexxcps-noopt,census,frame_disposition,no_child_native,,0,0,0,0,0,0,,,,,,,,,,,,,,complete
rexxcps-noopt,census,frame_disposition,none_failed,,0,0,0,0,0,0,,,,,,,,,,,,,,complete
rexxcps-noopt,census,call_outcome,success,,189844,0,0,0,0,0,,,,,,,,,,,,,,complete
rexxcps-noopt,census,call_outcome,unresolved,,0,0,0,0,0,0,,,,,,,,,,,,,,complete
rexxcps-noopt,census,call_outcome,frame_failed,,0,0,0,0,0,0,,,,,,,,,,,,,,complete
rexxcps-noopt,census,call_outcome,invalid,,0,0,0,0,0,0,,,,,,,,,,,,,,complete
rexxcps-noopt,return,placement,void,,16216,0,0,0,0,0,,,,,,,,,,,,,,complete
rexxcps-noopt,return,placement,ret_reg_move_local,,172025,0,0,0,0,0,,,,,,,,,,,,,,complete
rexxcps-noopt,return,placement,ret_reg_copy_nonlocal,,0,0,0,0,0,0,,,,,,,,,,,,,,complete
rexxcps-noopt,return,placement,value_ignored,,0,0,0,0,0,0,,,,,,,,,,,,,,complete
rexxcps-noopt,return,placement,immediate,,1602,0,0,0,0,0,,,,,,,,,,,,,,complete
rexxcps-noopt,return,placement,terminal_external,,1,0,0,0,0,0,,,,,,,,,,,,,,complete
rexxcps-noopt,dynamic,srcmethodsel,attempt,,0,0,0,0,0,0,,,,,,,,,,,,,,complete
rexxcps-noopt,dynamic,srcmethodsel,success,,0,0,0,0,0,0,,,,,,,,,,,,,,complete
rexxcps-noopt,dynamic,srcmethodsel,failure,,0,0,0,0,0,0,,,,,,,,,,,,,,complete
rexxcps-noopt,dynamic,srcfprocsel,attempt,,0,0,0,0,0,0,,,,,,,,,,,,,,complete
rexxcps-noopt,dynamic,srcfprocsel,success,,0,0,0,0,0,0,,,,,,,,,,,,,,complete
rexxcps-noopt,dynamic,srcfprocsel,failure,,0,0,0,0,0,0,,,,,,,,,,,,,,complete
rexxcps-noopt,mechanics,call_window,setup_swaps,,33038,0,0,0,0,0,,,,,,,,,,,,,,complete
rexxcps-noopt,mechanics,call_window,normal_restoration_swaps,,33038,0,0,0,0,0,,,,,,,,,,,,,,complete
rexxcps-noopt,mechanics,call_window,unclassified_swaps,,46200,0,0,0,0,0,,,,,,,,,,,,,,complete
rexxcps-noopt,mechanics,call_window,defensive_argument_copies,,0,0,0,0,0,0,,,,,,,,,,,,,,complete
rexxcps-noopt,mechanics,call_window,unclassified_copies,,1266,0,0,0,0,0,,,,,,,,,,,,,,complete
rexxcps-noopt,mechanics,call_window,attribution_degraded,,0,0,0,0,0,0,,,,,,,,,,,,,,complete
rexxcps-noopt,unwind,signal,events,,0,0,0,0,0,0,,,,,,,,,,,,,,complete
rexxcps-noopt,unwind,signal,bytecode_frames_discarded,,0,0,0,0,0,0,,,,,,,,,,,,,,complete
rexxcps-noopt,unwind,signal,argument_windows_restored,,0,0,0,0,0,0,,,,,,,,,,,,,,complete
rexxcps-noopt,unwind,signal,argument_slots_restored,,0,0,0,0,0,0,,,,,,,,,,,,,,complete
rexxcps-noopt,unwind,signal,interrupted_native_windows_restored,,0,0,0,0,0,0,,,,,,,,,,,,,,complete
rexxcps-noopt,unwind,signal,interrupted_native_slots_restored,,0,0,0,0,0,0,,,,,,,,,,,,,,complete
rexxcps-noopt,unwind,signal,restoration_failures,,0,0,0,0,0,0,,,,,,,,,,,,,,complete
rexxcps-noopt,call,rexxcps_levelb.main,external_root,0,1,0,0,0,0,0,1,,,,benchmark_rexxcps_levelb_noopt,procedure,,,fresh,success,0,0,0,complete
rexxcps-noopt,call,rxfnsb.verify,direct_bytecode,107,1,0,0,0,0,0,4,,,,benchmark_rexxcps_levelb_noopt,procedure,,,fresh,success,1,1,0,complete
rexxcps-noopt,call,rxfnsb.version,direct_bytecode,180,1,0,0,0,0,0,0,,,,benchmark_rexxcps_levelb_noopt,procedure,,,fresh,success,0,0,0,complete
rexxcps-noopt,call,rxfnsb.word,direct_bytecode,196,1,0,0,0,0,0,2,,,,benchmark_rexxcps_levelb_noopt,procedure,,,fresh,success,1,1,0,complete
rexxcps-noopt,call,rxfnsb.stem.§factory,direct_bytecode,277,1,0,0,0,0,0,0,,,,benchmark_rexxcps_levelb_noopt,factory,,,fresh,success,0,0,0,complete
rexxcps-noopt,call,rxfnsb.stem.§factory,direct_bytecode,284,1,0,0,0,0,0,0,,,,benchmark_rexxcps_levelb_noopt,factory,,,reused,success,0,0,0,complete
rexxcps-noopt,call,rxfnsb.time,direct_bytecode,367,1,0,0,0,0,0,1,,,,benchmark_rexxcps_levelb_noopt,procedure,,,fresh,success,0,0,0,complete
rexxcps-noopt,call,_rxsysb._elapsed,direct_bytecode,272,1,0,0,0,0,0,1,,,,time,procedure,,,fresh,success,1,1,0,complete
rexxcps-noopt,call,_rxsysb._elapsed,direct_bytecode,302,600,0,0,0,0,0,1,,,,time,procedure,,,reused,success,0,0,0,complete
rexxcps-noopt,call,_rxsysb._elapsed,direct_bytecode,309,600,0,0,0,0,0,1,,,,time,procedure,,,reused,success,600,600,0,complete
rexxcps-noopt,call,rxfnsb.time,direct_bytecode,387,100,0,0,0,0,0,1,,,,benchmark_rexxcps_levelb_noopt,procedure,,,reused,success,0,0,0,complete
rexxcps-noopt,call,_rxsysb._elapsed,direct_bytecode,272,599,0,0,0,0,0,1,,,,time,procedure,,,reused,success,599,599,0,complete
rexxcps-noopt,call,rxfnsb.time,direct_bytecode,367,99,0,0,0,0,0,1,,,,benchmark_rexxcps_levelb_noopt,procedure,,,reused,success,0,0,0,complete
rexxcps-noopt,call,rxfnsb._trace_mode_from_option,direct_bytecode,442,1,0,0,0,0,0,1,,,,benchmark_rexxcps_levelb_noopt,procedure,,,fresh,success,1,1,0,complete
rexxcps-noopt,call,rxfnsb._trace_normalize_mode,direct_bytecode,14438,1,0,0,0,0,0,1,,,,trace,procedure,,,fresh,success,0,0,0,complete
rexxcps-noopt,call,rxfnsb.strip,direct_bytecode,12477,1,0,0,0,0,0,3,,,,trace,procedure,,,fresh,success,1,1,0,complete
rexxcps-noopt,call,rxfnsb.pos,direct_bytecode,13104,1,0,0,0,0,0,3,,,,trace,procedure,,,fresh,success,1,1,0,complete
rexxcps-noopt,call,rxfnsb._trace_set,direct_bytecode,455,1,0,0,0,0,0,1,,,,benchmark_rexxcps_levelb_noopt,procedure,,,fresh,success,0,0,0,complete
rexxcps-noopt,call,rxfnsb._trace_ensure_runtime,direct_bytecode,9560,1,0,0,0,0,0,0,,,,trace,procedure,,,fresh,success,0,0,0,complete
rexxcps-noopt,call,rxfnsb.tracecontroller.add_suppressed_namespace,direct_bytecode,12215,1,0,0,0,0,0,2,,,,trace,method,,,fresh,success,0,0,0,complete
rexxcps-noopt,call,rxfnsb.strip,direct_bytecode,4195,16,0,0,0,0,0,3,,,,trace,procedure,,,reused,success,16,16,0,complete
rexxcps-noopt,call,rxfnsb.tracecontroller.add_suppressed_namespace,direct_bytecode,12229,1,0,0,0,0,0,2,,,,trace,method,,,reused,success,0,0,0,complete
rexxcps-noopt,call,rxfnsb.tracecontroller.add_suppressed_namespace,direct_bytecode,12243,1,0,0,0,0,0,2,,,,trace,method,,,reused,success,0,0,0,complete
rexxcps-noopt,call,rxfnsb.tracecontroller.add_suppressed_namespace,direct_bytecode,12257,1,0,0,0,0,0,2,,,,trace,method,,,reused,success,0,0,0,complete
rexxcps-noopt,call,rxfnsb.tracecontroller.add_suppressed_namespace,direct_bytecode,12271,1,0,0,0,0,0,2,,,,trace,method,,,reused,success,0,0,0,complete
rexxcps-noopt,call,rxfnsb.tracecontroller.add_suppressed_namespace,direct_bytecode,12285,1,0,0,0,0,0,2,,,,trace,method,,,reused,success,0,0,0,complete
rexxcps-noopt,call,rxfnsb.tracecontroller.add_suppressed_namespace,direct_bytecode,12299,1,0,0,0,0,0,2,,,,trace,method,,,reused,success,0,0,0,complete
rexxcps-noopt,call,rxfnsb.tracecontroller.add_suppressed_namespace,direct_bytecode,12313,1,0,0,0,0,0,2,,,,trace,method,,,reused,success,0,0,0,complete
rexxcps-noopt,call,rxfnsb.tracecontroller.add_suppressed_namespace,direct_bytecode,12327,1,0,0,0,0,0,2,,,,trace,method,,,reused,success,0,0,0,complete
rexxcps-noopt,call,rxfnsb.tracecontroller.add_suppressed_namespace,direct_bytecode,12341,1,0,0,0,0,0,2,,,,trace,method,,,reused,success,0,0,0,complete
rexxcps-noopt,call,rxfnsb.tracecontroller.add_suppressed_namespace,direct_bytecode,12355,1,0,0,0,0,0,2,,,,trace,method,,,reused,success,0,0,0,complete
rexxcps-noopt,call,rxfnsb.tracecontroller.add_suppressed_namespace,direct_bytecode,12369,1,0,0,0,0,0,2,,,,trace,method,,,reused,success,0,0,0,complete
rexxcps-noopt,call,rxfnsb.tracecontroller.add_suppressed_namespace,direct_bytecode,12383,1,0,0,0,0,0,2,,,,trace,method,,,reused,success,0,0,0,complete
rexxcps-noopt,call,rxfnsb.tracecontroller.add_suppressed_namespace,direct_bytecode,12397,1,0,0,0,0,0,2,,,,trace,method,,,reused,success,0,0,0,complete
rexxcps-noopt,call,rxfnsb.tracecontroller.add_suppressed_namespace,direct_bytecode,12411,1,0,0,0,0,0,2,,,,trace,method,,,reused,success,0,0,0,complete
rexxcps-noopt,call,rxfnsb.tracecontroller.add_suppressed_namespace,direct_bytecode,12425,1,0,0,0,0,0,2,,,,trace,method,,,reused,success,0,0,0,complete
rexxcps-noopt,call,rxfnsb._trace_normalize_mode,direct_bytecode,9566,200,0,0,0,0,0,1,,,,trace,procedure,,,reused,success,0,0,0,complete
rexxcps-noopt,call,rxfnsb.strip,direct_bytecode,12477,399,0,0,0,0,0,3,,,,trace,procedure,,,reused,success,399,399,0,complete
rexxcps-noopt,call,rxfnsb.pos,direct_bytecode,13104,399,0,0,0,0,0,3,,,,trace,procedure,,,reused,success,399,399,0,complete
rexxcps-noopt,call,rxfnsb._trace_current_mode,direct_bytecode,464,1,0,0,0,0,0,0,,,,benchmark_rexxcps_levelb_noopt,procedure,,,fresh,success,0,0,0,complete
rexxcps-noopt,call,rxfnsb._trace_ensure_runtime,direct_bytecode,11158,200,0,0,0,0,0,0,,,,trace,procedure,,,reused,success,0,0,0,complete
rexxcps-noopt,call,rexxcps_levelb.__rxtrace_reset_display_state,direct_bytecode,468,1,0,0,0,0,0,0,,,,benchmark_rexxcps_levelb_noopt,procedure,,,fresh,success,0,0,0,complete
rexxcps-noopt,call,rxfnsb.time,direct_bytecode,514,200,0,0,0,0,0,1,,,,benchmark_rexxcps_levelb_noopt,procedure,,,reused,success,0,0,0,complete
rexxcps-noopt,call,rxfnsb.substr,direct_bytecode,640,1,0,0,0,0,0,4,,,,benchmark_rexxcps_levelb_noopt,procedure,,,fresh,success,0,0,0,complete
rexxcps-noopt,call,rxfnsb.length,direct_bytecode,734,1,0,0,0,0,0,1,,,,benchmark_rexxcps_levelb_noopt,procedure,,,fresh,success,0,0,0,complete
rexxcps-noopt,call,rxfnsb.substr,direct_bytecode,787,30800,0,0,0,0,0,4,,,,benchmark_rexxcps_levelb_noopt,procedure,,,reused,success,0,0,0,complete
rexxcps-noopt,call,rxfnsb.word,direct_bytecode,814,30800,0,0,0,0,0,2,,,,benchmark_rexxcps_levelb_noopt,procedure,,,reused,success,30800,30800,0,complete
rexxcps-noopt,call,rxfnsb.length,direct_bytecode,734,30799,0,0,0,0,0,1,,,,benchmark_rexxcps_levelb_noopt,procedure,,,reused,success,0,0,0,complete
rexxcps-noopt,call,rxfnsb.upper,direct_bytecode,1191,1,0,0,0,0,0,1,,,,benchmark_rexxcps_levelb_noopt,procedure,,,fresh,success,0,0,0,complete
rexxcps-noopt,call,rxfnsb.upper,direct_bytecode,1203,15400,0,0,0,0,0,1,,,,benchmark_rexxcps_levelb_noopt,procedure,,,reused,success,0,0,0,complete
rexxcps-noopt,call,rxfnsb.upper,direct_bytecode,1215,15400,0,0,0,0,0,1,,,,benchmark_rexxcps_levelb_noopt,procedure,,,reused,success,0,0,0,complete
rexxcps-noopt,call,rxfnsb.upper,direct_bytecode,1246,15400,0,0,0,0,0,1,,,,benchmark_rexxcps_levelb_noopt,procedure,,,reused,success,0,0,0,complete
rexxcps-noopt,call,rexxcps_levelb.cps_subroutine,direct_bytecode,1264,1,0,0,0,0,0,4,,,,benchmark_rexxcps_levelb_noopt,procedure,,,fresh,success,0,0,0,complete
rexxcps-noopt,call,rxfnsb.substr,direct_bytecode,640,15399,0,0,0,0,0,4,,,,benchmark_rexxcps_levelb_noopt,procedure,,,reused,success,0,0,0,complete
rexxcps-noopt,call,rxfnsb.upper,direct_bytecode,1191,15399,0,0,0,0,0,1,,,,benchmark_rexxcps_levelb_noopt,procedure,,,reused,success,0,0,0,complete
rexxcps-noopt,call,rexxcps_levelb.cps_subroutine,direct_bytecode,1264,15399,0,0,0,0,0,4,,,,benchmark_rexxcps_levelb_noopt,procedure,,,reused,success,0,0,0,complete
rexxcps-noopt,call,rxfnsb.time,direct_bytecode,1365,200,0,0,0,0,0,1,,,,benchmark_rexxcps_levelb_noopt,procedure,,,reused,success,0,0,0,complete
rexxcps-noopt,call,rxfnsb._trace_set_off,direct_bytecode,1384,1,0,0,0,0,0,0,,,,benchmark_rexxcps_levelb_noopt,procedure,,,fresh,success,0,0,0,complete
rexxcps-noopt,call,rxfnsb._trace_mode_from_option,direct_bytecode,442,199,0,0,0,0,0,1,,,,benchmark_rexxcps_levelb_noopt,procedure,,,reused,success,199,199,0,complete
rexxcps-noopt,call,rxfnsb._trace_normalize_mode,direct_bytecode,14438,199,0,0,0,0,0,1,,,,trace,procedure,,,reused,success,0,0,0,complete
rexxcps-noopt,call,rxfnsb._trace_set,direct_bytecode,455,199,0,0,0,0,0,1,,,,benchmark_rexxcps_levelb_noopt,procedure,,,reused,success,0,0,0,complete
rexxcps-noopt,call,rxfnsb._trace_ensure_runtime,direct_bytecode,9560,199,0,0,0,0,0,0,,,,trace,procedure,,,reused,success,0,0,0,complete
rexxcps-noopt,call,rxfnsb._trace_current_mode,direct_bytecode,464,199,0,0,0,0,0,0,,,,benchmark_rexxcps_levelb_noopt,procedure,,,reused,success,0,0,0,complete
rexxcps-noopt,call,rexxcps_levelb.__rxtrace_reset_display_state,direct_bytecode,468,199,0,0,0,0,0,0,,,,benchmark_rexxcps_levelb_noopt,procedure,,,reused,success,0,0,0,complete
rexxcps-noopt,call,rxfnsb._trace_set_off,direct_bytecode,1384,199,0,0,0,0,0,0,,,,benchmark_rexxcps_levelb_noopt,procedure,,,reused,success,0,0,0,complete
rexxcps-noopt,call,rxfnsb.floattrunc,direct_bytecode,1441,1,0,0,0,0,0,2,,,,benchmark_rexxcps_levelb_noopt,procedure,,,fresh,success,0,0,0,complete
rexxcps-noopt,call,rxfnsb.floatformat,direct_bytecode,1503,1,0,0,0,0,0,5,,,,benchmark_rexxcps_levelb_noopt,procedure,,,fresh,success,1,1,0,complete
rexxcps-noopt,call,_rxsysb._typedformat,direct_bytecode,160,1,0,0,0,0,0,9,,,,floatformat,procedure,,,fresh,success,9,9,0,complete
rexxcps-noopt,call,rxfnsb.left,direct_bytecode,1598,1,0,0,0,0,0,3,,,,benchmark_rexxcps_levelb_noopt,procedure,,,fresh,success,1,1,0,complete
rexxcps-noopt,call,rxfnsb.floatformat,direct_bytecode,1683,1,0,0,0,0,0,5,,,,benchmark_rexxcps_levelb_noopt,procedure,,,reused,success,0,0,0,complete
rexxcps-noopt,call,_rxsysb._typedformat,direct_bytecode,160,1,0,0,0,0,0,9,,,,floatformat,procedure,,,reused,success,9,9,0,complete
rexxcps-opt,status,instructions,complete,,0,0,0,0,0,0,,,,,,,,,,,,,,complete
rexxcps-opt,status,procedures,complete,,0,0,0,0,0,0,,,,,,,,,,,,,,complete
rexxcps-opt,status,allocations,complete,,0,0,0,0,0,0,,,,,,,,,,,,,,complete
rexxcps-opt,status,call_census,complete,,0,0,0,0,0,0,,,,,,,,,,,,,,complete
rexxcps-opt,status,frame_entry,complete,,0,0,0,0,0,0,,,,,,,,,,,,,,complete
rexxcps-opt,status,value_operations,complete,,0,0,0,0,0,0,,,,,,,,,,,,,,complete
rexxcps-opt,status,branch_sites,complete,,0,0,0,0,0,0,,,,,,,,,,,,,,complete
rexxcps-opt,value_operation,copy,empty,,193,0,0,0,0,0,,,,,,,,,,,0,0,,complete
rexxcps-opt,value_operation,copy,scalar,,1334,0,0,0,0,0,,,,,,,,,,,0,0,,complete
rexxcps-opt,value_operation,copy,string,,412,0,0,0,0,0,,,,,,,,,,,2635,14,,complete
rexxcps-opt,value_operation,copy,object,,63,0,0,0,0,0,,,,,,,,,,,5888,176,,complete
rexxcps-opt,value_operation,string_copy,scalar,,59407,0,0,0,0,0,,,,,,,,,,,0,0,,complete
rexxcps-opt,value_operation,string_copy,string,,803171,0,0,0,0,0,,,,,,,,,,,8826770,62,,complete
rexxcps-opt,value_operation,string_copy,compound,,88200,0,0,0,0,0,,,,,,,,,,,4151700,50,,complete
rexxcps-opt,value_operation,decimal_copy,decimal,,233100,0,0,0,0,0,,,,,,,,,,,10256400,44,,complete
rexxcps-opt,value_operation,integer_copy,scalar,,7572,0,0,0,0,0,,,,,,,,,,,60576,8,,complete
rexxcps-opt,value_operation,float_copy,scalar,,604,0,0,0,0,0,,,,,,,,,,,4832,8,,complete
rexxcps-opt,value_operation,move,empty,,400,0,0,0,0,0,,,,,,,,,,,0,0,,complete
rexxcps-opt,value_operation,move,scalar,,599,0,0,0,0,0,,,,,,,,,,,0,0,,complete
rexxcps-opt,value_operation,move,string,,1623,0,0,0,0,0,,,,,,,,,,,7962,62,,complete
rexxcps-opt,value_operation,move,object,,2,0,0,0,0,0,,,,,,,,,,,64,32,,complete
rexxcps-opt,value_operation,clear_contents,empty,,932,0,0,0,0,0,,,,,,,,,,,0,0,,complete
rexxcps-opt,value_operation,clear_contents,scalar,,1143,0,0,0,0,0,,,,,,,,,,,0,0,,complete
rexxcps-opt,value_operation,clear_contents,string,,1407,0,0,0,0,0,,,,,,,,,,,6944,89,,complete
rexxcps-opt,value_operation,clear_contents,decimal,,115502,0,0,0,0,0,,,,,,,,,,,5082088,44,,complete
rexxcps-opt,value_operation,clear_contents,object,,11,0,0,0,0,0,,,,,,,,,,,984,176,,complete
rexxcps-opt,value_operation,clear_contents,compound,,9,0,0,0,0,0,,,,,,,,,,,3085,1368,,complete
rexxcps-opt,value_operation,reset_reuse,empty,,2,0,0,0,0,0,,,,,,,,,,,0,0,,complete
rexxcps-opt,value_operation,reset_reuse,string,,105,0,0,0,0,0,,,,,,,,,,,685,14,,complete
rexxcps-opt,value_operation,destroy,empty,,750,0,0,0,0,0,,,,,,,,,,,0,0,,complete
rexxcps-opt,value_operation,destroy,scalar,,1143,0,0,0,0,0,,,,,,,,,,,0,0,,complete
rexxcps-opt,value_operation,destroy,string,,1407,0,0,0,0,0,,,,,,,,,,,6944,89,,complete
rexxcps-opt,value_operation,destroy,decimal,,115502,0,0,0,0,0,,,,,,,,,,,5082088,44,,complete
rexxcps-opt,value_operation,destroy,object,,11,0,0,0,0,0,,,,,,,,,,,984,176,,complete
rexxcps-opt,value_operation,destroy,compound,,9,0,0,0,0,0,,,,,,,,,,,3085,1368,,complete
rexxcps-opt,value_operation,clear,empty,,251,0,0,0,0,0,,,,,,,,,,,0,0,,complete
rexxcps-opt,value_operation,clear,scalar,,127,0,0,0,0,0,,,,,,,,,,,0,0,,complete
rexxcps-opt,value_operation,clear,string,,111,0,0,0,0,0,,,,,,,,,,,1079,89,,complete
rexxcps-opt,value_operation,clear,decimal,,115502,0,0,0,0,0,,,,,,,,,,,5082088,44,,complete
rexxcps-opt,value_operation,clear,object,,6,0,0,0,0,0,,,,,,,,,,,624,176,,complete
rexxcps-opt,value_operation,clear,compound,,9,0,0,0,0,0,,,,,,,,,,,3085,1368,,complete
rexxcps-opt,frame_entry,local_relink,fresh,446,21,0,0,0,0,0,,,,,,,,,,,,,,complete
rexxcps-opt,frame_entry,local_relink,reused,705864,34422,0,0,0,0,0,,,,,,,,,,,,,,complete
rexxcps-opt,frame_entry,global_relink,fresh,74,21,0,0,0,0,0,,,,,,,,,,,,,,complete
rexxcps-opt,frame_entry,global_relink,reused,106873,34422,0,0,0,0,0,,,,,,,,,,,,,,complete
rexxcps-opt,frame_entry,argument_count_reset,fresh,21,21,0,0,0,0,0,,,,,,,,,,,,,,complete
rexxcps-opt,frame_entry,argument_count_reset,reused,34422,34422,0,0,0,0,0,,,,,,,,,,,,,,complete
rexxcps-opt,frame_entry,inherited_context,fresh,20,20,0,0,0,0,0,,,,,,,,,,,,,,complete
rexxcps-opt,frame_entry,inherited_context,reused,34422,34422,0,0,0,0,0,,,,,,,,,,,,,,complete
rexxcps-opt,frame_entry,root_context,fresh,1,1,0,0,0,0,0,,,,,,,,,,,,,,complete
rexxcps-opt,frame_entry,finalize,fresh,21,21,0,0,0,0,0,,,,,,,,,,,,,,complete
rexxcps-opt,frame_entry,finalize,reused,34422,34422,0,0,0,0,0,,,,,,,,,,,,,,complete
rexxcps-opt,branch,BRTPANDT_ID_REG_INT,,6,1,0,0,0,0,0,0,1,0,0,benchmark_rexxcps_levelb_opt,branch_site,,,,,,,,complete
rexxcps-opt,branch,BR_ID,,13,1,0,0,0,0,0,1,0,0,0,benchmark_rexxcps_levelb_opt,branch_site,,,,,,,,complete
rexxcps-opt,branch,BRF_ID_REG,,32,1,0,0,0,0,0,0,1,0,0,benchmark_rexxcps_levelb_opt,branch_site,,,,,,,,complete
rexxcps-opt,branch,BRF_ID_REG,,43,1,0,0,0,0,0,1,0,0,0,benchmark_rexxcps_levelb_opt,branch_site,,,,,,,,complete
rexxcps-opt,branch,BRF_ID_REG,,68,1,0,0,0,0,0,1,0,0,0,benchmark_rexxcps_levelb_opt,branch_site,,,,,,,,complete
rexxcps-opt,branch,BRTPANDT_ID_REG_INT,,4,1,0,0,0,0,0,0,1,0,0,verify,branch_site,,,,,,,,complete
rexxcps-opt,branch,BR_ID,,14,1,0,0,0,0,0,1,0,0,0,verify,branch_site,,,,,,,,complete
rexxcps-opt,branch,BRTPANDT_ID_REG_INT,,31,1,0,0,0,0,0,0,1,0,0,verify,branch_site,,,,,,,,complete
rexxcps-opt,branch,BRF_ID_REG,,53,1,0,0,0,0,0,1,0,0,0,verify,branch_site,,,,,,,,complete
rexxcps-opt,branch,BRT_ID_REG,,67,1,0,0,0,0,0,0,1,0,0,verify,branch_site,,,,,,,,complete
rexxcps-opt,branch,BRF_ID_REG,,74,1,0,0,0,0,0,1,0,0,0,verify,branch_site,,,,,,,,complete
rexxcps-opt,branch,BRT_ID_REG,,86,1,0,0,0,0,0,1,0,0,0,verify,branch_site,,,,,,,,complete
rexxcps-opt,branch,BRF_ID_REG,,93,1,0,0,0,0,0,0,1,0,0,verify,branch_site,,,,,,,,complete
rexxcps-opt,branch,BR_ID,,99,1,0,0,0,0,0,1,0,0,0,verify,branch_site,,,,,,,,complete
rexxcps-opt,branch,BRF_ID_REG,,108,1,0,0,0,0,0,1,0,0,0,verify,branch_site,,,,,,,,complete
rexxcps-opt,branch,BRT_ID_REG,,121,1,0,0,0,0,0,0,1,0,0,verify,branch_site,,,,,,,,complete
rexxcps-opt,branch,BRF_ID_REG,,128,1,0,0,0,0,0,1,0,0,0,verify,branch_site,,,,,,,,complete
rexxcps-opt,branch,BRF_ID_REG,,140,1,0,0,0,0,0,1,0,0,0,verify,branch_site,,,,,,,,complete
rexxcps-opt,branch,BRT_ID_REG,,162,2,0,0,0,0,0,1,1,0,0,verify,branch_site,,,,,,,,complete
rexxcps-opt,branch,BRF_ID_REG,,177,1,0,0,0,0,0,0,1,0,0,verify,branch_site,,,,,,,,complete
rexxcps-opt,branch,BRF_ID_REG,,191,1,0,0,0,0,0,1,0,0,0,verify,branch_site,,,,,,,,complete
rexxcps-opt,branch,BCTP_ID_REG,,200,1,0,0,0,0,0,1,0,1,0,verify,branch_site,,,,,,,,complete
rexxcps-opt,branch,BRF_ID_REG,,113,1,0,0,0,0,0,1,0,0,0,benchmark_rexxcps_levelb_opt,branch_site,,,,,,,,complete
rexxcps-opt,branch,BRF_ID_REG,,144,1,0,0,0,0,0,1,0,0,0,benchmark_rexxcps_levelb_opt,branch_site,,,,,,,,complete
rexxcps-opt,branch,BRTPANDT_ID_REG_INT,,4,1,0,0,0,0,0,0,1,0,0,word,branch_site,,,,,,,,complete
rexxcps-opt,branch,BR_ID,,11,1,0,0,0,0,0,1,0,0,0,word,branch_site,,,,,,,,complete
rexxcps-opt,branch,BRF_ID_REG,,20,1,0,0,0,0,0,1,0,0,0,word,branch_site,,,,,,,,complete
rexxcps-opt,branch,BRF_ID_REG,,33,1,0,0,0,0,0,1,0,0,0,word,branch_site,,,,,,,,complete
rexxcps-opt,branch,BRF_ID_REG,,60,1,0,0,0,0,0,0,1,0,0,word,branch_site,,,,,,,,complete
rexxcps-opt,branch,BRF_ID_REG,,71,1,0,0,0,0,0,1,0,0,0,word,branch_site,,,,,,,,complete
rexxcps-opt,branch,BRF_ID_REG,,88,1,0,0,0,0,0,0,1,0,0,word,branch_site,,,,,,,,complete
rexxcps-opt,branch,BRF_ID_REG,,95,1,0,0,0,0,0,1,0,0,0,word,branch_site,,,,,,,,complete
rexxcps-opt,branch,BGE_ID_REG_INT,,234,1,0,0,0,0,0,0,1,0,0,benchmark_rexxcps_levelb_opt,branch_site,,,,,,,,complete
rexxcps-opt,branch,BRT_ID_REG,,279,101,0,0,0,0,0,1,100,0,0,benchmark_rexxcps_levelb_opt,branch_site,,,,,,,,complete
rexxcps-opt,branch,BRTPANDT_ID_REG_INT,,4,600,0,0,0,0,0,600,0,0,0,time,branch_site,,,,,,,,complete
rexxcps-opt,branch,BRF_ID_REG,,24,600,0,0,0,0,0,600,0,0,0,time,branch_site,,,,,,,,complete
rexxcps-opt,branch,BRF_ID_REG,,39,600,0,0,0,0,0,600,0,0,0,time,branch_site,,,,,,,,complete
rexxcps-opt,branch,BRF_ID_REG,,53,600,0,0,0,0,0,600,0,0,0,time,branch_site,,,,,,,,complete
rexxcps-opt,branch,BRF_ID_REG,,67,600,0,0,0,0,0,600,0,0,0,time,branch_site,,,,,,,,complete
rexxcps-opt,branch,BRF_ID_REG,,81,600,0,0,0,0,0,600,0,0,0,time,branch_site,,,,,,,,complete
rexxcps-opt,branch,BRT_ID_REG,,99,600,0,0,0,0,0,0,600,0,0,time,branch_site,,,,,,,,complete
rexxcps-opt,branch,BRT_ID_REG,,106,600,0,0,0,0,0,0,600,0,0,time,branch_site,,,,,,,,complete
rexxcps-opt,branch,BRTF_ID_ID_REG,,113,600,0,0,0,0,0,600,0,0,0,time,branch_site,,,,,,,,complete
rexxcps-opt,branch,BRT_ID_REG,,130,600,0,0,0,0,0,0,600,0,0,time,branch_site,,,,,,,,complete
rexxcps-opt,branch,BRT_ID_REG,,137,600,0,0,0,0,0,0,600,0,0,time,branch_site,,,,,,,,complete
rexxcps-opt,branch,BRTF_ID_ID_REG,,144,600,0,0,0,0,0,600,0,0,0,time,branch_site,,,,,,,,complete
rexxcps-opt,branch,BRT_ID_REG,,161,600,0,0,0,0,0,0,600,0,0,time,branch_site,,,,,,,,complete
rexxcps-opt,branch,BRT_ID_REG,,168,600,0,0,0,0,0,600,0,0,0,time,branch_site,,,,,,,,complete
rexxcps-opt,branch,BRF_ID_REG,,182,600,0,0,0,0,0,0,600,0,0,time,branch_site,,,,,,,,complete
rexxcps-opt,branch,BRF_ID_REG,,192,600,0,0,0,0,0,600,0,0,0,time,branch_site,,,,,,,,complete
rexxcps-opt,branch,BRF_ID_REG,,202,600,0,0,0,0,0,600,0,0,0,time,branch_site,,,,,,,,complete
rexxcps-opt,branch,BRF_ID_REG,,212,600,0,0,0,0,0,600,0,0,0,time,branch_site,,,,,,,,complete
rexxcps-opt,branch,BRF_ID_REG,,248,600,0,0,0,0,0,600,0,0,0,time,branch_site,,,,,,,,complete
rexxcps-opt,branch,BRT_ID_REG,,259,600,0,0,0,0,0,0,600,0,0,time,branch_site,,,,,,,,complete
rexxcps-opt,branch,BRF_ID_REG,,266,600,0,0,0,0,0,0,600,0,0,time,branch_site,,,,,,,,complete
rexxcps-opt,branch,BRF_ID_REG,,4,1800,0,0,0,0,0,601,1199,0,0,/tmp/crexx-perf2-linux-x64.d5f0827ca/source/lib/rxfnsb/rxas/_elapsed,branch_site,,,,,,,,complete
rexxcps-opt,branch,BGE_ID_REG_INT,,281,600,0,0,0,0,0,600,0,0,0,time,branch_site,,,,,,,,complete
rexxcps-opt,branch,BRF_ID_REG,,293,600,0,0,0,0,0,0,600,0,0,time,branch_site,,,,,,,,complete
rexxcps-opt,branch,BEQ_ID_REG_INT,,7,1199,0,0,0,0,0,600,599,0,0,/tmp/crexx-perf2-linux-x64.d5f0827ca/source/lib/rxfnsb/rxas/_elapsed,branch_site,,,,,,,,complete
rexxcps-opt,branch,BCF_ID_REG,,297,200,0,0,0,0,0,100,100,0,0,benchmark_rexxcps_levelb_opt,branch_site,,,,,,,,complete
rexxcps-opt,branch,BR_ID,,300,100,0,0,0,0,0,100,0,100,0,benchmark_rexxcps_levelb_opt,branch_site,,,,,,,,complete
rexxcps-opt,branch,BCTP_ID_REG,,323,100,0,0,0,0,0,100,0,100,0,benchmark_rexxcps_levelb_opt,branch_site,,,,,,,,complete
rexxcps-opt,branch,BRT_ID_REG,,340,2,0,0,0,0,0,0,2,0,0,benchmark_rexxcps_levelb_opt,branch_site,,,,,,,,complete
rexxcps-opt,branch,BRT_ID_REG,,356,202,0,0,0,0,0,2,200,0,0,benchmark_rexxcps_levelb_opt,branch_site,,,,,,,,complete
rexxcps-opt,branch,BRF_ID_REG,,12456,400,0,0,0,0,0,1,399,0,0,trace,branch_site,,,,,,,,complete
rexxcps-opt,branch,BRTPANDT_ID_REG_INT,,4,416,0,0,0,0,0,0,416,0,0,strip,branch_site,,,,,,,,complete
rexxcps-opt,branch,BR_ID,,11,416,0,0,0,0,0,416,0,0,0,strip,branch_site,,,,,,,,complete
rexxcps-opt,branch,BRTPANDT_ID_REG_INT,,16,416,0,0,0,0,0,0,416,0,0,strip,branch_site,,,,,,,,complete
rexxcps-opt,branch,BRTPANDT_ID_REG_INT,,26,416,0,0,0,0,0,0,416,0,0,strip,branch_site,,,,,,,,complete
rexxcps-opt,branch,BR_ID,,36,416,0,0,0,0,0,416,0,0,0,strip,branch_site,,,,,,,,complete
rexxcps-opt,branch,BRF_ID_REG,,78,416,0,0,0,0,0,416,0,0,0,strip,branch_site,,,,,,,,complete
rexxcps-opt,branch,BRF_ID_REG,,95,416,0,0,0,0,0,0,416,0,0,strip,branch_site,,,,,,,,complete
rexxcps-opt,branch,BRF_ID_REG,,102,416,0,0,0,0,0,0,416,0,0,strip,branch_site,,,,,,,,complete
rexxcps-opt,branch,BRTF_ID_ID_REG,,109,416,0,0,0,0,0,416,0,0,0,strip,branch_site,,,,,,,,complete
rexxcps-opt,branch,BRF_ID_REG,,122,416,0,0,0,0,0,416,0,0,0,strip,branch_site,,,,,,,,complete
rexxcps-opt,branch,BNE_ID_REG_INT,,148,416,0,0,0,0,0,416,0,0,0,strip,branch_site,,,,,,,,complete
rexxcps-opt,branch,BRF_ID_REG,,157,416,0,0,0,0,0,0,416,0,0,strip,branch_site,,,,,,,,complete
rexxcps-opt,branch,BRT_ID_REG,,164,416,0,0,0,0,0,0,416,0,0,strip,branch_site,,,,,,,,complete
rexxcps-opt,branch,BRF_ID_REG,,171,416,0,0,0,0,0,0,416,0,0,strip,branch_site,,,,,,,,complete
rexxcps-opt,branch,BGE_ID_REG_INT,,181,416,0,0,0,0,0,416,0,0,0,strip,branch_site,,,,,,,,complete
rexxcps-opt,branch,BRT_ID_REG,,191,416,0,0,0,0,0,0,416,0,0,strip,branch_site,,,,,,,,complete
rexxcps-opt,branch,BRF_ID_REG,,198,416,0,0,0,0,0,0,416,0,0,strip,branch_site,,,,,,,,complete
rexxcps-opt,branch,BRF_ID_REG,,213,416,0,0,0,0,0,416,0,0,0,strip,branch_site,,,,,,,,complete
rexxcps-opt,branch,BR_ID,,222,416,0,0,0,0,0,416,0,0,0,strip,branch_site,,,,,,,,complete
rexxcps-opt,branch,BRF_ID_REG,,312,416,0,0,0,0,0,0,416,0,0,strip,branch_site,,,,,,,,complete
rexxcps-opt,branch,BRF_ID_REG,,319,416,0,0,0,0,0,0,416,0,0,strip,branch_site,,,,,,,,complete
rexxcps-opt,branch,BRF_ID_REG,,12502,400,0,0,0,0,0,0,400,0,0,trace,branch_site,,,,,,,,complete
rexxcps-opt,branch,BRF_ID_REG,,12513,400,0,0,0,0,0,0,400,0,0,trace,branch_site,,,,,,,,complete
rexxcps-opt,branch,BR_ID,,12516,400,0,0,0,0,0,400,0,0,0,trace,branch_site,,,,,,,,complete
rexxcps-opt,branch,BRF_ID_REG,,12528,400,0,0,0,0,0,400,0,0,0,trace,branch_site,,,,,,,,complete
rexxcps-opt,branch,BRF_ID_REG,,12564,400,0,0,0,0,0,400,0,0,0,trace,branch_site,,,,,,,,complete
rexxcps-opt,branch,BRF_ID_REG,,12577,400,0,0,0,0,0,400,0,0,0,trace,branch_site,,,,,,,,complete
rexxcps-opt,branch,BRF_ID_REG,,12618,400,0,0,0,0,0,400,0,0,0,trace,branch_site,,,,,,,,complete
rexxcps-opt,branch,BRF_ID_REG,,12631,400,0,0,0,0,0,400,0,0,0,trace,branch_site,,,,,,,,complete
rexxcps-opt,branch,BNE_ID_REG_INT,,12637,400,0,0,0,0,0,400,0,0,0,trace,branch_site,,,,,,,,complete
rexxcps-opt,branch,BNE_ID_REG_REG,,12649,400,0,0,0,0,0,400,0,0,0,trace,branch_site,,,,,,,,complete
rexxcps-opt,branch,BRF_ID_REG,,12662,400,0,0,0,0,0,0,400,0,0,trace,branch_site,,,,,,,,complete
rexxcps-opt,branch,BR_ID,,12675,400,0,0,0,0,0,400,0,0,0,trace,branch_site,,,,,,,,complete
rexxcps-opt,branch,BRT_ID_REG,,12704,400,0,0,0,0,0,0,400,0,0,trace,branch_site,,,,,,,,complete
rexxcps-opt,branch,BRF_ID_REG,,12737,400,0,0,0,0,0,400,0,0,0,trace,branch_site,,,,,,,,complete
rexxcps-opt,branch,BRF_ID_REG,,12750,400,0,0,0,0,0,400,0,0,0,trace,branch_site,,,,,,,,complete
rexxcps-opt,branch,BNE_ID_REG_INT,,12756,400,0,0,0,0,0,400,0,0,0,trace,branch_site,,,,,,,,complete
rexxcps-opt,branch,BNE_ID_REG_REG,,12768,400,0,0,0,0,0,400,0,0,0,trace,branch_site,,,,,,,,complete
rexxcps-opt,branch,BRF_ID_REG,,12781,400,0,0,0,0,0,0,400,0,0,trace,branch_site,,,,,,,,complete
rexxcps-opt,branch,BR_ID,,12794,400,0,0,0,0,0,400,0,0,0,trace,branch_site,,,,,,,,complete
rexxcps-opt,branch,BRF_ID_REG,,12823,400,0,0,0,0,0,400,0,0,0,trace,branch_site,,,,,,,,complete
rexxcps-opt,branch,BRF_ID_REG,,12920,400,0,0,0,0,0,400,0,0,0,trace,branch_site,,,,,,,,complete
rexxcps-opt,branch,BR_ID,,12943,400,0,0,0,0,0,400,0,0,0,trace,branch_site,,,,,,,,complete
rexxcps-opt,branch,BRT_ID_REG,,12949,400,0,0,0,0,0,0,400,0,0,trace,branch_site,,,,,,,,complete
rexxcps-opt,branch,BRF_ID_REG,,12977,400,0,0,0,0,0,400,0,0,0,trace,branch_site,,,,,,,,complete
rexxcps-opt,branch,BRF_ID_REG,,12990,400,0,0,0,0,0,400,0,0,0,trace,branch_site,,,,,,,,complete
rexxcps-opt,branch,BGE_ID_REG_INT,,13007,400,0,0,0,0,0,400,0,0,0,trace,branch_site,,,,,,,,complete
rexxcps-opt,branch,BGE_ID_REG_REG,,13017,400,0,0,0,0,0,400,0,0,0,trace,branch_site,,,,,,,,complete
rexxcps-opt,branch,BRF_ID_REG,,13028,400,0,0,0,0,0,0,400,0,0,trace,branch_site,,,,,,,,complete
rexxcps-opt,branch,BRF_ID_REG,,13035,400,0,0,0,0,0,0,400,0,0,trace,branch_site,,,,,,,,complete
rexxcps-opt,branch,BRF_ID_REG,,13042,400,0,0,0,0,0,400,0,0,0,trace,branch_site,,,,,,,,complete
rexxcps-opt,branch,BRF_ID_REG,,13056,400,0,0,0,0,0,400,0,0,0,trace,branch_site,,,,,,,,complete
rexxcps-opt,branch,BLE_ID_REG_INT,,13075,400,0,0,0,0,0,400,0,0,0,trace,branch_site,,,,,,,,complete
rexxcps-opt,branch,BR_ID,,13090,400,0,0,0,0,0,400,0,0,0,trace,branch_site,,,,,,,,complete
rexxcps-opt,branch,BRTPANDT_ID_REG_INT,,4,400,0,0,0,0,0,0,400,0,0,pos,branch_site,,,,,,,,complete
rexxcps-opt,branch,BRF_ID_REG,,18,400,0,0,0,0,0,400,0,0,0,pos,branch_site,,,,,,,,complete
rexxcps-opt,branch,BRT_ID_REG,,28,400,0,0,0,0,0,0,400,0,0,pos,branch_site,,,,,,,,complete
rexxcps-opt,branch,BRF_ID_REG,,35,400,0,0,0,0,0,400,0,0,0,pos,branch_site,,,,,,,,complete
rexxcps-opt,branch,BRF_ID_REG,,13117,400,0,0,0,0,0,0,400,0,0,trace,branch_site,,,,,,,,complete
rexxcps-opt,branch,BR_ID,,13126,400,0,0,0,0,0,400,0,0,0,trace,branch_site,,,,,,,,complete
rexxcps-opt,branch,BRF_ID_REG,,13143,400,0,0,0,0,0,400,0,0,0,trace,branch_site,,,,,,,,complete
rexxcps-opt,branch,BRF_ID_REG,,13173,400,0,0,0,0,0,400,0,0,0,trace,branch_site,,,,,,,,complete
rexxcps-opt,branch,BRF_ID_REG,,13201,400,0,0,0,0,0,400,0,0,0,trace,branch_site,,,,,,,,complete
rexxcps-opt,branch,BRF_ID_REG,,13213,400,0,0,0,0,0,400,0,0,0,trace,branch_site,,,,,,,,complete
rexxcps-opt,branch,BR_ID,,13237,400,0,0,0,0,0,400,0,0,0,trace,branch_site,,,,,,,,complete
rexxcps-opt,branch,BRF_ID_REG,,13243,400,0,0,0,0,0,400,0,0,0,trace,branch_site,,,,,,,,complete
rexxcps-opt,branch,BRF_ID_REG,,13271,400,0,0,0,0,0,400,0,0,0,trace,branch_site,,,,,,,,complete
rexxcps-opt,branch,BRF_ID_REG,,13283,400,0,0,0,0,0,400,0,0,0,trace,branch_site,,,,,,,,complete
rexxcps-opt,branch,BR_ID,,13307,400,0,0,0,0,0,400,0,0,0,trace,branch_site,,,,,,,,complete
rexxcps-opt,branch,BRF_ID_REG,,13313,400,0,0,0,0,0,400,0,0,0,trace,branch_site,,,,,,,,complete
rexxcps-opt,branch,BRT_ID_REG,,13325,400,0,0,0,0,0,0,400,0,0,trace,branch_site,,,,,,,,complete
rexxcps-opt,branch,BRT_ID_REG,,13332,400,0,0,0,0,0,0,400,0,0,trace,branch_site,,,,,,,,complete
rexxcps-opt,branch,BRTF_ID_ID_REG,,13339,400,0,0,0,0,0,400,0,0,0,trace,branch_site,,,,,,,,complete
rexxcps-opt,branch,BRF_ID_REG,,13374,400,0,0,0,0,0,400,0,0,0,trace,branch_site,,,,,,,,complete
rexxcps-opt,branch,BRF_ID_REG,,13386,400,0,0,0,0,0,400,0,0,0,trace,branch_site,,,,,,,,complete
rexxcps-opt,branch,BR_ID,,13410,400,0,0,0,0,0,400,0,0,0,trace,branch_site,,,,,,,,complete
rexxcps-opt,branch,BRF_ID_REG,,13416,400,0,0,0,0,0,400,0,0,0,trace,branch_site,,,,,,,,complete
rexxcps-opt,branch,BRF_ID_REG,,13444,400,0,0,0,0,0,400,0,0,0,trace,branch_site,,,,,,,,complete
rexxcps-opt,branch,BRF_ID_REG,,13456,400,0,0,0,0,0,400,0,0,0,trace,branch_site,,,,,,,,complete
rexxcps-opt,branch,BR_ID,,13480,400,0,0,0,0,0,400,0,0,0,trace,branch_site,,,,,,,,complete
rexxcps-opt,branch,BRF_ID_REG,,13486,400,0,0,0,0,0,400,0,0,0,trace,branch_site,,,,,,,,complete
rexxcps-opt,branch,BRF_ID_REG,,13514,400,0,0,0,0,0,400,0,0,0,trace,branch_site,,,,,,,,complete
rexxcps-opt,branch,BRF_ID_REG,,13526,400,0,0,0,0,0,400,0,0,0,trace,branch_site,,,,,,,,complete
rexxcps-opt,branch,BR_ID,,13550,400,0,0,0,0,0,400,0,0,0,trace,branch_site,,,,,,,,complete
rexxcps-opt,branch,BRF_ID_REG,,13556,400,0,0,0,0,0,400,0,0,0,trace,branch_site,,,,,,,,complete
rexxcps-opt,branch,BRF_ID_REG,,13584,400,0,0,0,0,0,400,0,0,0,trace,branch_site,,,,,,,,complete
rexxcps-opt,branch,BRF_ID_REG,,13596,400,0,0,0,0,0,400,0,0,0,trace,branch_site,,,,,,,,complete
rexxcps-opt,branch,BR_ID,,13620,400,0,0,0,0,0,400,0,0,0,trace,branch_site,,,,,,,,complete
rexxcps-opt,branch,BRF_ID_REG,,13626,400,0,0,0,0,0,400,0,0,0,trace,branch_site,,,,,,,,complete
rexxcps-opt,branch,BRF_ID_REG,,13654,400,0,0,0,0,0,400,0,0,0,trace,branch_site,,,,,,,,complete
rexxcps-opt,branch,BRF_ID_REG,,13666,400,0,0,0,0,0,400,0,0,0,trace,branch_site,,,,,,,,complete
rexxcps-opt,branch,BR_ID,,13690,400,0,0,0,0,0,400,0,0,0,trace,branch_site,,,,,,,,complete
rexxcps-opt,branch,BRF_ID_REG,,13696,400,0,0,0,0,0,400,0,0,0,trace,branch_site,,,,,,,,complete
rexxcps-opt,branch,BRF_ID_REG,,13724,400,0,0,0,0,0,400,0,0,0,trace,branch_site,,,,,,,,complete
rexxcps-opt,branch,BRF_ID_REG,,13736,400,0,0,0,0,0,400,0,0,0,trace,branch_site,,,,,,,,complete
rexxcps-opt,branch,BR_ID,,13760,400,0,0,0,0,0,400,0,0,0,trace,branch_site,,,,,,,,complete
rexxcps-opt,branch,BRF_ID_REG,,13766,400,0,0,0,0,0,400,0,0,0,trace,branch_site,,,,,,,,complete
rexxcps-opt,branch,BRF_ID_REG,,13794,400,0,0,0,0,0,400,0,0,0,trace,branch_site,,,,,,,,complete
rexxcps-opt,branch,BRF_ID_REG,,13806,400,0,0,0,0,0,400,0,0,0,trace,branch_site,,,,,,,,complete
rexxcps-opt,branch,BR_ID,,13830,400,0,0,0,0,0,400,0,0,0,trace,branch_site,,,,,,,,complete
rexxcps-opt,branch,BRF_ID_REG,,13836,400,0,0,0,0,0,400,0,0,0,trace,branch_site,,,,,,,,complete
rexxcps-opt,branch,BRF_ID_REG,,13864,400,0,0,0,0,0,400,0,0,0,trace,branch_site,,,,,,,,complete
rexxcps-opt,branch,BRF_ID_REG,,13876,400,0,0,0,0,0,400,0,0,0,trace,branch_site,,,,,,,,complete
rexxcps-opt,branch,BR_ID,,13900,400,0,0,0,0,0,400,0,0,0,trace,branch_site,,,,,,,,complete
rexxcps-opt,branch,BRF_ID_REG,,13906,400,0,0,0,0,0,400,0,0,0,trace,branch_site,,,,,,,,complete
rexxcps-opt,branch,BRF_ID_REG,,13934,400,0,0,0,0,0,400,0,0,0,trace,branch_site,,,,,,,,complete
rexxcps-opt,branch,BRF_ID_REG,,13946,400,0,0,0,0,0,400,0,0,0,trace,branch_site,,,,,,,,complete
rexxcps-opt,branch,BR_ID,,13970,400,0,0,0,0,0,400,0,0,0,trace,branch_site,,,,,,,,complete
rexxcps-opt,branch,BRF_ID_REG,,13976,400,0,0,0,0,0,400,0,0,0,trace,branch_site,,,,,,,,complete
rexxcps-opt,branch,BRF_ID_REG,,14004,400,0,0,0,0,0,400,0,0,0,trace,branch_site,,,,,,,,complete
rexxcps-opt,branch,BRF_ID_REG,,14019,400,0,0,0,0,0,400,0,0,0,trace,branch_site,,,,,,,,complete
rexxcps-opt,branch,BR_ID,,14043,400,0,0,0,0,0,400,0,0,0,trace,branch_site,,,,,,,,complete
rexxcps-opt,branch,BRF_ID_REG,,14049,400,0,0,0,0,0,400,0,0,0,trace,branch_site,,,,,,,,complete
rexxcps-opt,branch,BRF_ID_REG,,14077,400,0,0,0,0,0,400,0,0,0,trace,branch_site,,,,,,,,complete
rexxcps-opt,branch,BRF_ID_REG,,14092,400,0,0,0,0,0,400,0,0,0,trace,branch_site,,,,,,,,complete
rexxcps-opt,branch,BR_ID,,14116,400,0,0,0,0,0,400,0,0,0,trace,branch_site,,,,,,,,complete
rexxcps-opt,branch,BRF_ID_REG,,14122,400,0,0,0,0,0,400,0,0,0,trace,branch_site,,,,,,,,complete
rexxcps-opt,branch,BRF_ID_REG,,14150,400,0,0,0,0,0,400,0,0,0,trace,branch_site,,,,,,,,complete
rexxcps-opt,branch,BRF_ID_REG,,14165,400,0,0,0,0,0,400,0,0,0,trace,branch_site,,,,,,,,complete
rexxcps-opt,branch,BR_ID,,14189,400,0,0,0,0,0,400,0,0,0,trace,branch_site,,,,,,,,complete
rexxcps-opt,branch,BRF_ID_REG,,14195,400,0,0,0,0,0,400,0,0,0,trace,branch_site,,,,,,,,complete
rexxcps-opt,branch,BRF_ID_REG,,14223,400,0,0,0,0,0,400,0,0,0,trace,branch_site,,,,,,,,complete
rexxcps-opt,branch,BRF_ID_REG,,14238,400,0,0,0,0,0,400,0,0,0,trace,branch_site,,,,,,,,complete
rexxcps-opt,branch,BR_ID,,14262,400,0,0,0,0,0,400,0,0,0,trace,branch_site,,,,,,,,complete
rexxcps-opt,branch,BRF_ID_REG,,14268,400,0,0,0,0,0,0,400,0,0,trace,branch_site,,,,,,,,complete
rexxcps-opt,branch,BR_ID,,14274,400,0,0,0,0,0,400,0,0,0,trace,branch_site,,,,,,,,complete
rexxcps-opt,branch,BNE_ID_REG_INT,,11972,400,0,0,0,0,0,1,399,0,0,trace,branch_site,,,,,,,,complete
rexxcps-opt,branch,BRF_ID_REG,,4214,16,0,0,0,0,0,16,0,0,0,trace,branch_site,,,,,,,,complete
rexxcps-opt,branch,BRF_ID_REG,,4255,16,0,0,0,0,0,16,0,0,0,trace,branch_site,,,,,,,,complete
rexxcps-opt,branch,BRF_ID_REG,,4268,16,0,0,0,0,0,16,0,0,0,trace,branch_site,,,,,,,,complete
rexxcps-opt,branch,BNE_ID_REG_INT,,4274,16,0,0,0,0,0,16,0,0,0,trace,branch_site,,,,,,,,complete
rexxcps-opt,branch,BNE_ID_REG_REG,,4286,16,0,0,0,0,0,16,0,0,0,trace,branch_site,,,,,,,,complete
rexxcps-opt,branch,BRF_ID_REG,,4299,16,0,0,0,0,0,0,16,0,0,trace,branch_site,,,,,,,,complete
rexxcps-opt,branch,BR_ID,,4312,16,0,0,0,0,0,16,0,0,0,trace,branch_site,,,,,,,,complete
rexxcps-opt,branch,BRF_ID_REG,,4341,16,0,0,0,0,0,16,0,0,0,trace,branch_site,,,,,,,,complete
rexxcps-opt,branch,BRF_ID_REG,,4465,16,0,0,0,0,0,16,0,0,0,trace,branch_site,,,,,,,,complete
rexxcps-opt,branch,BRF_ID_REG,,4478,16,0,0,0,0,0,16,0,0,0,trace,branch_site,,,,,,,,complete
rexxcps-opt,branch,BNE_ID_REG_INT,,4484,16,0,0,0,0,0,16,0,0,0,trace,branch_site,,,,,,,,complete
rexxcps-opt,branch,BNE_ID_REG_REG,,4496,16,0,0,0,0,0,16,0,0,0,trace,branch_site,,,,,,,,complete
rexxcps-opt,branch,BRF_ID_REG,,4509,16,0,0,0,0,0,0,16,0,0,trace,branch_site,,,,,,,,complete
rexxcps-opt,branch,BR_ID,,4526,16,0,0,0,0,0,16,0,0,0,trace,branch_site,,,,,,,,complete
rexxcps-opt,branch,BRF_ID_REG,,4555,16,0,0,0,0,0,16,0,0,0,trace,branch_site,,,,,,,,complete
rexxcps-opt,branch,BR_ID,,4690,16,0,0,0,0,0,16,0,0,0,trace,branch_site,,,,,,,,complete
rexxcps-opt,branch,BRF_ID_REG,,4699,16,0,0,0,0,0,16,0,0,0,trace,branch_site,,,,,,,,complete
rexxcps-opt,branch,BRT_ID_REG,,4738,136,0,0,0,0,0,16,120,0,0,trace,branch_site,,,,,,,,complete
rexxcps-opt,branch,BR_ID,,4772,16,0,0,0,0,0,16,0,0,0,trace,branch_site,,,,,,,,complete
rexxcps-opt,branch,BRF_ID_REG,,4780,16,0,0,0,0,0,16,0,0,0,trace,branch_site,,,,,,,,complete
rexxcps-opt,branch,BRF_ID_REG,,4752,120,0,0,0,0,0,120,0,0,0,trace,branch_site,,,,,,,,complete
rexxcps-opt,branch,BCTP_ID_REG,,4763,120,0,0,0,0,0,120,0,120,0,trace,branch_site,,,,,,,,complete
rexxcps-opt,branch,BRF_ID_REG,,12463,399,0,0,0,0,0,399,0,0,0,trace,branch_site,,,,,,,,complete
rexxcps-opt,branch,BRF_ID_REG,,9574,200,0,0,0,0,0,200,0,0,0,trace,branch_site,,,,,,,,complete
rexxcps-opt,branch,BRF_ID_REG,,9671,200,0,0,0,0,0,0,200,0,0,trace,branch_site,,,,,,,,complete
rexxcps-opt,branch,BNE_ID_REG_INT,,11161,200,0,0,0,0,0,0,200,0,0,trace,branch_site,,,,,,,,complete
rexxcps-opt,branch,BRF_ID_REG,,394,200,0,0,0,0,0,0,200,0,0,benchmark_rexxcps_levelb_opt,branch_site,,,,,,,,complete
rexxcps-opt,branch,BR_ID,,398,200,0,0,0,0,0,200,0,0,0,benchmark_rexxcps_levelb_opt,branch_site,,,,,,,,complete
rexxcps-opt,branch,BCF_ID_REG,,442,2300,0,0,0,0,0,200,2100,0,0,benchmark_rexxcps_levelb_opt,branch_site,,,,,,,,complete
rexxcps-opt,branch,BRT_ID_REG,,461,31500,0,0,0,0,0,2100,29400,2100,0,benchmark_rexxcps_levelb_opt,branch_site,,,,,,,,complete
rexxcps-opt,branch,BRF_ID_REG,,515,29400,0,0,0,0,0,29400,0,0,0,benchmark_rexxcps_levelb_opt,branch_site,,,,,,,,complete
rexxcps-opt,branch,BRT_ID_REG,,533,88200,0,0,0,0,0,29400,58800,0,0,benchmark_rexxcps_levelb_opt,branch_site,,,,,,,,complete
rexxcps-opt,branch,BRF_ID_REG,,555,58800,0,0,0,0,0,58800,0,0,0,benchmark_rexxcps_levelb_opt,branch_site,,,,,,,,complete
rexxcps-opt,branch,BR_ID,,571,58800,0,0,0,0,0,58800,0,0,0,benchmark_rexxcps_levelb_opt,branch_site,,,,,,,,complete
rexxcps-opt,branch,BLE_ID_REG_INT,,577,58800,0,0,0,0,0,58800,0,0,0,benchmark_rexxcps_levelb_opt,branch_site,,,,,,,,complete
rexxcps-opt,branch,BRF_ID_REG,,592,58800,0,0,0,0,0,58800,0,0,0,benchmark_rexxcps_levelb_opt,branch_site,,,,,,,,complete
rexxcps-opt,branch,BRF_ID_REG,,601,58800,0,0,0,0,0,0,58800,0,0,benchmark_rexxcps_levelb_opt,branch_site,,,,,,,,complete
rexxcps-opt,branch,BRF_ID_REG,,642,58800,0,0,0,0,0,58800,0,0,0,benchmark_rexxcps_levelb_opt,branch_site,,,,,,,,complete
rexxcps-opt,branch,BR_ID,,653,58800,0,0,0,0,0,58800,0,58800,0,benchmark_rexxcps_levelb_opt,branch_site,,,,,,,,complete
rexxcps-opt,branch,BRF_ID_REG,,668,29400,0,0,0,0,0,29400,0,0,0,benchmark_rexxcps_levelb_opt,branch_site,,,,,,,,complete
rexxcps-opt,branch,BRF_ID_REG,,691,29400,0,0,0,0,0,29400,0,0,0,benchmark_rexxcps_levelb_opt,branch_site,,,,,,,,complete
rexxcps-opt,branch,BRF_ID_REG,,702,29400,0,0,0,0,0,29400,0,0,0,benchmark_rexxcps_levelb_opt,branch_site,,,,,,,,complete
rexxcps-opt,branch,BRF_ID_REG,,713,29400,0,0,0,0,0,2100,27300,0,0,benchmark_rexxcps_levelb_opt,branch_site,,,,,,,,complete
rexxcps-opt,branch,BRF_ID_REG,,750,2100,0,0,0,0,0,0,2100,0,0,benchmark_rexxcps_levelb_opt,branch_site,,,,,,,,complete
rexxcps-opt,branch,BRF_ID_REG,,763,29400,0,0,0,0,0,29400,0,0,0,benchmark_rexxcps_levelb_opt,branch_site,,,,,,,,complete
rexxcps-opt,branch,BRF_ID_REG,,786,29400,0,0,0,0,0,29400,0,0,0,benchmark_rexxcps_levelb_opt,branch_site,,,,,,,,complete
rexxcps-opt,branch,BRF_ID_REG,,797,29400,0,0,0,0,0,0,29400,0,0,benchmark_rexxcps_levelb_opt,branch_site,,,,,,,,complete
rexxcps-opt,branch,BR_ID,,828,29400,0,0,0,0,0,29400,0,0,0,benchmark_rexxcps_levelb_opt,branch_site,,,,,,,,complete
rexxcps-opt,branch,BCF_ID_REG,,1255,58800,0,0,0,0,0,29400,29400,0,0,benchmark_rexxcps_levelb_opt,branch_site,,,,,,,,complete
rexxcps-opt,branch,BR_ID,,1295,29400,0,0,0,0,0,29400,0,29400,0,benchmark_rexxcps_levelb_opt,branch_site,,,,,,,,complete
rexxcps-opt,branch,BCTP_ID_REG,,965,29400,0,0,0,0,0,29400,0,29400,0,benchmark_rexxcps_levelb_opt,branch_site,,,,,,,,complete
rexxcps-opt,branch,BR_ID,,744,27300,0,0,0,0,0,27300,0,0,0,benchmark_rexxcps_levelb_opt,branch_site,,,,,,,,complete
rexxcps-opt,branch,BEQ_ID_REG_INT,,10018,200,0,0,0,0,0,200,0,0,0,trace,branch_site,,,,,,,,complete
rexxcps-opt,branch,BRF_ID_REG,,10028,200,0,0,0,0,0,0,200,0,0,trace,branch_site,,,,,,,,complete
rexxcps-opt,branch,BRF_ID_REG,,1003,200,0,0,0,0,0,200,0,0,0,benchmark_rexxcps_levelb_opt,branch_site,,,,,,,,complete
rexxcps-opt,branch,BCTP_ID_REG,,1009,200,0,0,0,0,0,200,0,200,0,benchmark_rexxcps_levelb_opt,branch_site,,,,,,,,complete
rexxcps-opt,branch,BRT_ID_REG,,1019,2,0,0,0,0,0,1,1,0,0,benchmark_rexxcps_levelb_opt,branch_site,,,,,,,,complete
rexxcps-opt,branch,BRF_ID_REG,,1026,2,0,0,0,0,0,1,1,0,0,benchmark_rexxcps_levelb_opt,branch_site,,,,,,,,complete
rexxcps-opt,branch,BRF_ID_REG,,1035,1,0,0,0,0,0,1,0,0,0,benchmark_rexxcps_levelb_opt,branch_site,,,,,,,,complete
rexxcps-opt,branch,BRTPANDT_ID_REG_INT,,6,1,0,0,0,0,0,0,1,0,0,floattrunc,branch_site,,,,,,,,complete
rexxcps-opt,branch,BRF_ID_REG,,62,1,0,0,0,0,0,1,0,0,0,floattrunc,branch_site,,,,,,,,complete
rexxcps-opt,branch,BRT_ID_REG,,76,1,0,0,0,0,0,0,1,0,0,floattrunc,branch_site,,,,,,,,complete
rexxcps-opt,branch,BRT_ID_REG,,83,1,0,0,0,0,0,0,1,0,0,floattrunc,branch_site,,,,,,,,complete
rexxcps-opt,branch,BRTF_ID_ID_REG,,90,1,0,0,0,0,0,1,0,0,0,floattrunc,branch_site,,,,,,,,complete
rexxcps-opt,branch,BRTF_ID_ID_REG,,104,1,0,0,0,0,0,1,0,0,0,floattrunc,branch_site,,,,,,,,complete
rexxcps-opt,branch,BRTF_ID_ID_REG,,118,1,0,0,0,0,0,1,0,0,0,floattrunc,branch_site,,,,,,,,complete
rexxcps-opt,branch,BRTF_ID_ID_REG,,132,1,0,0,0,0,0,1,0,0,0,floattrunc,branch_site,,,,,,,,complete
rexxcps-opt,branch,BRF_ID_REG,,156,1,0,0,0,0,0,1,0,0,0,floattrunc,branch_site,,,,,,,,complete
rexxcps-opt,branch,BRF_ID_REG,,182,1,0,0,0,0,0,1,0,0,0,floattrunc,branch_site,,,,,,,,complete
rexxcps-opt,branch,BRF_ID_REG,,214,1,0,0,0,0,0,0,1,0,0,floattrunc,branch_site,,,,,,,,complete
rexxcps-opt,branch,BRF_ID_REG,,236,1,0,0,0,0,0,0,1,0,0,floattrunc,branch_site,,,,,,,,complete
rexxcps-opt,branch,BRF_ID_REG,,257,1,0,0,0,0,0,1,0,0,0,floattrunc,branch_site,,,,,,,,complete
rexxcps-opt,branch,BRF_ID_REG,,267,1,0,0,0,0,0,1,0,0,0,floattrunc,branch_site,,,,,,,,complete
rexxcps-opt,branch,BRF_ID_REG,,279,1,0,0,0,0,0,0,1,0,0,floattrunc,branch_site,,,,,,,,complete
rexxcps-opt,branch,BR_ID,,295,1,0,0,0,0,0,1,0,0,0,floattrunc,branch_site,,,,,,,,complete
rexxcps-opt,branch,BNE_ID_REG_INT,,315,1,0,0,0,0,0,0,1,0,0,floattrunc,branch_site,,,,,,,,complete
rexxcps-opt,branch,BCTP_ID_REG,,1071,1,0,0,0,0,0,1,0,1,0,benchmark_rexxcps_levelb_opt,branch_site,,,,,,,,complete
rexxcps-opt,branch,BR_ID,,1029,1,0,0,0,0,0,1,0,0,0,benchmark_rexxcps_levelb_opt,branch_site,,,,,,,,complete
rexxcps-opt,branch,BRTPANDT_ID_REG_INT,,4,2,0,0,0,0,0,0,2,0,0,floatformat,branch_site,,,,,,,,complete
rexxcps-opt,branch,BRTPANDT_ID_REG_INT,,14,2,0,0,0,0,0,2,0,0,0,floatformat,branch_site,,,,,,,,complete
rexxcps-opt,branch,BRTPANDT_ID_REG_INT,,24,2,0,0,0,0,0,0,2,0,0,floatformat,branch_site,,,,,,,,complete
rexxcps-opt,branch,BRTPANDT_ID_REG_INT,,34,2,0,0,0,0,0,0,2,0,0,floatformat,branch_site,,,,,,,,complete
rexxcps-opt,branch,BRT_ID_REG,,69,2,0,0,0,0,0,0,2,0,0,floatformat,branch_site,,,,,,,,complete
rexxcps-opt,branch,BRT_ID_REG,,76,2,0,0,0,0,0,0,2,0,0,floatformat,branch_site,,,,,,,,complete
rexxcps-opt,branch,BRTF_ID_ID_REG,,83,2,0,0,0,0,0,2,0,0,0,floatformat,branch_site,,,,,,,,complete
rexxcps-opt,branch,BRTF_ID_ID_REG,,97,2,0,0,0,0,0,2,0,0,0,floatformat,branch_site,,,,,,,,complete
rexxcps-opt,branch,BRTF_ID_ID_REG,,111,2,0,0,0,0,0,2,0,0,0,floatformat,branch_site,,,,,,,,complete
rexxcps-opt,branch,BRTF_ID_ID_REG,,125,2,0,0,0,0,0,2,0,0,0,floatformat,branch_site,,,,,,,,complete
rexxcps-opt,branch,BRTPANDT_ID_REG_INT,,6,2,0,0,0,0,0,0,2,0,0,_typedformat,branch_site,,,,,,,,complete
rexxcps-opt,branch,BR_ID,,13,2,0,0,0,0,0,2,0,0,0,_typedformat,branch_site,,,,,,,,complete
rexxcps-opt,branch,BRF_ID_REG,,39,2,0,0,0,0,0,2,0,0,0,_typedformat,branch_site,,,,,,,,complete
rexxcps-opt,branch,BRF_ID_REG,,53,2,0,0,0,0,0,2,0,0,0,_typedformat,branch_site,,,,,,,,complete
rexxcps-opt,branch,BRF_ID_REG,,59,2,0,0,0,0,0,0,2,0,0,_typedformat,branch_site,,,,,,,,complete
rexxcps-opt,branch,BRTF_ID_ID_REG,,66,2,0,0,0,0,0,2,0,0,0,_typedformat,branch_site,,,,,,,,complete
rexxcps-opt,branch,BRF_ID_REG,,79,2,0,0,0,0,0,2,0,0,0,_typedformat,branch_site,,,,,,,,complete
rexxcps-opt,branch,BRF_ID_REG,,93,2,0,0,0,0,0,2,0,0,0,_typedformat,branch_site,,,,,,,,complete
rexxcps-opt,branch,BRF_ID_REG,,99,2,0,0,0,0,0,2,0,0,0,_typedformat,branch_site,,,,,,,,complete
rexxcps-opt,branch,BRF_ID_REG,,113,2,0,0,0,0,0,2,0,0,0,_typedformat,branch_site,,,,,,,,complete
rexxcps-opt,branch,BRF_ID_REG,,122,2,0,0,0,0,0,0,2,0,0,_typedformat,branch_site,,,,,,,,complete
rexxcps-opt,branch,BRF_ID_REG,,128,2,0,0,0,0,0,2,0,0,0,_typedformat,branch_site,,,,,,,,complete
rexxcps-opt,branch,BRF_ID_REG,,141,2,0,0,0,0,0,2,0,0,0,_typedformat,branch_site,,,,,,,,complete
rexxcps-opt,branch,BRF_ID_REG,,154,2,0,0,0,0,0,2,0,0,0,_typedformat,branch_site,,,,,,,,complete
rexxcps-opt,branch,BGE_ID_REG_INT,,224,2,0,0,0,0,0,0,2,0,0,_typedformat,branch_site,,,,,,,,complete
rexxcps-opt,branch,BRF_ID_REG,,236,2,0,0,0,0,0,2,0,0,0,_typedformat,branch_site,,,,,,,,complete
rexxcps-opt,branch,BRF_ID_REG,,300,2,0,0,0,0,0,2,0,0,0,_typedformat,branch_site,,,,,,,,complete
rexxcps-opt,branch,BRF_ID_REG,,351,2,0,0,0,0,0,2,0,0,0,_typedformat,branch_site,,,,,,,,complete
rexxcps-opt,branch,BRF_ID_REG,,375,2,0,0,0,0,0,0,2,0,0,_typedformat,branch_site,,,,,,,,complete
rexxcps-opt,branch,BRF_ID_REG,,403,2,0,0,0,0,0,0,2,0,0,_typedformat,branch_site,,,,,,,,complete
rexxcps-opt,branch,BRT_ID_REG,,419,2,0,0,0,0,0,0,2,0,0,_typedformat,branch_site,,,,,,,,complete
rexxcps-opt,branch,BRTF_ID_ID_REG,,425,2,0,0,0,0,0,2,0,0,0,_typedformat,branch_site,,,,,,,,complete
rexxcps-opt,branch,BRF_ID_REG,,624,2,0,0,0,0,0,2,0,0,0,_typedformat,branch_site,,,,,,,,complete
rexxcps-opt,branch,BRF_ID_REG,,642,2,0,0,0,0,0,2,0,0,0,_typedformat,branch_site,,,,,,,,complete
rexxcps-opt,branch,BRF_ID_REG,,671,2,0,0,0,0,0,2,0,0,0,_typedformat,branch_site,,,,,,,,complete
rexxcps-opt,branch,BRF_ID_REG,,692,2,0,0,0,0,0,2,0,0,0,_typedformat,branch_site,,,,,,,,complete
rexxcps-opt,branch,BRF_ID_REG,,702,2,0,0,0,0,0,2,0,0,0,_typedformat,branch_site,,,,,,,,complete
rexxcps-opt,branch,BRF_ID_REG,,723,2,0,0,0,0,0,0,2,0,0,_typedformat,branch_site,,,,,,,,complete
rexxcps-opt,branch,BRF_ID_REG,,744,2,0,0,0,0,0,0,2,0,0,_typedformat,branch_site,,,,,,,,complete
rexxcps-opt,branch,BRF_ID_REG,,767,2,0,0,0,0,0,2,0,0,0,_typedformat,branch_site,,,,,,,,complete
rexxcps-opt,branch,BRF_ID_REG,,886,2,0,0,0,0,0,2,0,0,0,_typedformat,branch_site,,,,,,,,complete
rexxcps-opt,branch,BRF_ID_REG,,963,2,0,0,0,0,0,2,0,0,0,_typedformat,branch_site,,,,,,,,complete
rexxcps-opt,branch,BRF_ID_REG,,970,2,0,0,0,0,0,2,0,0,0,_typedformat,branch_site,,,,,,,,complete
rexxcps-opt,branch,BRF_ID_REG,,1036,2,0,0,0,0,0,1,1,0,0,_typedformat,branch_site,,,,,,,,complete
rexxcps-opt,branch,BRF_ID_REG,,1062,2,0,0,0,0,0,0,2,0,0,_typedformat,branch_site,,,,,,,,complete
rexxcps-opt,branch,BRF_ID_REG,,1084,2,0,0,0,0,0,0,2,0,0,_typedformat,branch_site,,,,,,,,complete
rexxcps-opt,branch,BRF_ID_REG,,1099,2,0,0,0,0,0,2,0,0,0,_typedformat,branch_site,,,,,,,,complete
rexxcps-opt,branch,BRF_ID_REG,,1109,2,0,0,0,0,0,2,0,0,0,_typedformat,branch_site,,,,,,,,complete
rexxcps-opt,branch,BRT_ID_REG,,1147,10,0,0,0,0,0,2,8,0,0,_typedformat,branch_site,,,,,,,,complete
rexxcps-opt,branch,BRF_ID_REG,,1154,8,0,0,0,0,0,2,6,0,0,_typedformat,branch_site,,,,,,,,complete
rexxcps-opt,branch,BRF_ID_REG,,1166,2,0,0,0,0,0,2,0,0,0,_typedformat,branch_site,,,,,,,,complete
rexxcps-opt,branch,BRF_ID_REG,,1181,2,0,0,0,0,0,2,0,0,0,_typedformat,branch_site,,,,,,,,complete
rexxcps-opt,branch,BRF_ID_REG,,1207,8,0,0,0,0,0,6,2,0,0,_typedformat,branch_site,,,,,,,,complete
rexxcps-opt,branch,BRF_ID_REG,,1214,2,0,0,0,0,0,2,0,0,0,_typedformat,branch_site,,,,,,,,complete
rexxcps-opt,branch,BRF_ID_REG,,1225,2,0,0,0,0,0,2,0,0,0,_typedformat,branch_site,,,,,,,,complete
rexxcps-opt,branch,BRF_ID_REG,,1231,2,0,0,0,0,0,2,0,0,0,_typedformat,branch_site,,,,,,,,complete
rexxcps-opt,branch,BCTP_ID_REG,,1243,8,0,0,0,0,0,8,0,8,0,_typedformat,branch_site,,,,,,,,complete
rexxcps-opt,branch,BRF_ID_REG,,1249,2,0,0,0,0,0,2,0,0,0,_typedformat,branch_site,,,,,,,,complete
rexxcps-opt,branch,BR_ID,,1160,6,0,0,0,0,0,6,0,0,0,_typedformat,branch_site,,,,,,,,complete
rexxcps-opt,census,call_path,direct_bytecode,,34442,0,0,0,0,0,,,,,,,,,,,,,,complete
rexxcps-opt,census,call_path,direct_native,,0,0,0,0,0,0,,,,,,,,,,,,,,complete
rexxcps-opt,census,call_path,dynamic_bytecode,,0,0,0,0,0,0,,,,,,,,,,,,,,complete
rexxcps-opt,census,call_path,dynamic_native,,0,0,0,0,0,0,,,,,,,,,,,,,,complete
rexxcps-opt,census,call_path,external_root,,1,0,0,0,0,0,,,,,,,,,,,,,,complete
rexxcps-opt,census,call_path,signal_bytecode,,0,0,0,0,0,0,,,,,,,,,,,,,,complete
rexxcps-opt,census,call_path,signal_native,,0,0,0,0,0,0,,,,,,,,,,,,,,complete
rexxcps-opt,census,arity,1,,3201,0,0,0,0,0,,,,,,,,,,,,,,complete
rexxcps-opt,census,arity,4,,29401,0,0,0,0,0,,,,,,,,,,,,,,complete
rexxcps-opt,census,arity,0,,1003,0,0,0,0,0,,,,,,,,,,,,,,complete
rexxcps-opt,census,arity,2,,18,0,0,0,0,0,,,,,,,,,,,,,,complete
rexxcps-opt,census,arity,3,,816,0,0,0,0,0,,,,,,,,,,,,,,complete
rexxcps-opt,census,arity,5,,2,0,0,0,0,0,,,,,,,,,,,,,,complete
rexxcps-opt,census,arity,9,,2,0,0,0,0,0,,,,,,,,,,,,,,complete
rexxcps-opt,census,callable_kind,procedure,,34425,0,0,0,0,0,,,,,,,,,,,,,,complete
rexxcps-opt,census,callable_kind,method,,16,0,0,0,0,0,,,,,,,,,,,,,,complete
rexxcps-opt,census,callable_kind,factory,,2,0,0,0,0,0,,,,,,,,,,,,,,complete
rexxcps-opt,census,callable_kind,native,,0,0,0,0,0,0,,,,,,,,,,,,,,complete
rexxcps-opt,census,callable_kind,unknown,,0,0,0,0,0,0,,,,,,,,,,,,,,complete
rexxcps-opt,census,frame_disposition,fresh,,21,0,0,0,0,0,,,,,,,,,,,,,,complete
rexxcps-opt,census,frame_disposition,reused,,34422,0,0,0,0,0,,,,,,,,,,,,,,complete
rexxcps-opt,census,frame_disposition,no_child_native,,0,0,0,0,0,0,,,,,,,,,,,,,,complete
rexxcps-opt,census,frame_disposition,none_failed,,0,0,0,0,0,0,,,,,,,,,,,,,,complete
rexxcps-opt,census,call_outcome,success,,34443,0,0,0,0,0,,,,,,,,,,,,,,complete
rexxcps-opt,census,call_outcome,unresolved,,0,0,0,0,0,0,,,,,,,,,,,,,,complete
rexxcps-opt,census,call_outcome,frame_failed,,0,0,0,0,0,0,,,,,,,,,,,,,,complete
rexxcps-opt,census,call_outcome,invalid,,0,0,0,0,0,0,,,,,,,,,,,,,,complete
rexxcps-opt,return,placement,void,,30216,0,0,0,0,0,,,,,,,,,,,,,,complete
rexxcps-opt,return,placement,ret_reg_move_local,,2624,0,0,0,0,0,,,,,,,,,,,,,,complete
rexxcps-opt,return,placement,ret_reg_copy_nonlocal,,0,0,0,0,0,0,,,,,,,,,,,,,,complete
rexxcps-opt,return,placement,value_ignored,,0,0,0,0,0,0,,,,,,,,,,,,,,complete
rexxcps-opt,return,placement,immediate,,1602,0,0,0,0,0,,,,,,,,,,,,,,complete
rexxcps-opt,return,placement,terminal_external,,1,0,0,0,0,0,,,,,,,,,,,,,,complete
rexxcps-opt,dynamic,srcmethodsel,attempt,,0,0,0,0,0,0,,,,,,,,,,,,,,complete
rexxcps-opt,dynamic,srcmethodsel,success,,0,0,0,0,0,0,,,,,,,,,,,,,,complete
rexxcps-opt,dynamic,srcmethodsel,failure,,0,0,0,0,0,0,,,,,,,,,,,,,,complete
rexxcps-opt,dynamic,srcfprocsel,attempt,,0,0,0,0,0,0,,,,,,,,,,,,,,complete
rexxcps-opt,dynamic,srcfprocsel,success,,0,0,0,0,0,0,,,,,,,,,,,,,,complete
rexxcps-opt,dynamic,srcfprocsel,failure,,0,0,0,0,0,0,,,,,,,,,,,,,,complete
rexxcps-opt,mechanics,call_window,setup_swaps,,2036,0,0,0,0,0,,,,,,,,,,,,,,complete
rexxcps-opt,mechanics,call_window,normal_restoration_swaps,,2036,0,0,0,0,0,,,,,,,,,,,,,,complete
rexxcps-opt,mechanics,call_window,unclassified_swaps,,0,0,0,0,0,0,,,,,,,,,,,,,,complete
rexxcps-opt,mechanics,call_window,defensive_argument_copies,,0,0,0,0,0,0,,,,,,,,,,,,,,complete
rexxcps-opt,mechanics,call_window,unclassified_copies,,1266,0,0,0,0,0,,,,,,,,,,,,,,complete
rexxcps-opt,mechanics,call_window,attribution_degraded,,0,0,0,0,0,0,,,,,,,,,,,,,,complete
rexxcps-opt,unwind,signal,events,,0,0,0,0,0,0,,,,,,,,,,,,,,complete
rexxcps-opt,unwind,signal,bytecode_frames_discarded,,0,0,0,0,0,0,,,,,,,,,,,,,,complete
rexxcps-opt,unwind,signal,argument_windows_restored,,0,0,0,0,0,0,,,,,,,,,,,,,,complete
rexxcps-opt,unwind,signal,argument_slots_restored,,0,0,0,0,0,0,,,,,,,,,,,,,,complete
rexxcps-opt,unwind,signal,interrupted_native_windows_restored,,0,0,0,0,0,0,,,,,,,,,,,,,,complete
rexxcps-opt,unwind,signal,interrupted_native_slots_restored,,0,0,0,0,0,0,,,,,,,,,,,,,,complete
rexxcps-opt,unwind,signal,restoration_failures,,0,0,0,0,0,0,,,,,,,,,,,,,,complete
rexxcps-opt,call,rexxcps_levelb.main,external_root,0,1,0,0,0,0,0,1,,,,benchmark_rexxcps_levelb_opt,procedure,,,fresh,success,0,0,0,complete
rexxcps-opt,call,rxfnsb.verify,direct_bytecode,98,1,0,0,0,0,0,4,,,,benchmark_rexxcps_levelb_opt,procedure,,,fresh,success,1,1,0,complete
rexxcps-opt,call,rxfnsb.version,direct_bytecode,168,1,0,0,0,0,0,0,,,,benchmark_rexxcps_levelb_opt,procedure,,,fresh,success,0,0,0,complete
rexxcps-opt,call,rxfnsb.word,direct_bytecode,180,1,0,0,0,0,0,2,,,,benchmark_rexxcps_levelb_opt,procedure,,,fresh,success,0,0,0,complete
rexxcps-opt,call,rxfnsb.stem.§factory,direct_bytecode,243,1,0,0,0,0,0,0,,,,benchmark_rexxcps_levelb_opt,factory,,,fresh,success,0,0,0,complete
rexxcps-opt,call,rxfnsb.stem.§factory,direct_bytecode,250,1,0,0,0,0,0,0,,,,benchmark_rexxcps_levelb_opt,factory,,,reused,success,0,0,0,complete
rexxcps-opt,call,rxfnsb.time,direct_bytecode,288,1,0,0,0,0,0,1,,,,benchmark_rexxcps_levelb_opt,procedure,,,fresh,success,0,0,0,complete
rexxcps-opt,call,_rxsysb._elapsed,direct_bytecode,272,1,0,0,0,0,0,1,,,,time,procedure,,,fresh,success,1,1,0,complete
rexxcps-opt,call,_rxsysb._elapsed,direct_bytecode,302,600,0,0,0,0,0,1,,,,time,procedure,,,reused,success,0,0,0,complete
rexxcps-opt,call,_rxsysb._elapsed,direct_bytecode,309,600,0,0,0,0,0,1,,,,time,procedure,,,reused,success,600,600,0,complete
rexxcps-opt,call,rxfnsb.time,direct_bytecode,308,100,0,0,0,0,0,1,,,,benchmark_rexxcps_levelb_opt,procedure,,,reused,success,0,0,0,complete
rexxcps-opt,call,_rxsysb._elapsed,direct_bytecode,272,599,0,0,0,0,0,1,,,,time,procedure,,,reused,success,599,599,0,complete
rexxcps-opt,call,rxfnsb.time,direct_bytecode,288,99,0,0,0,0,0,1,,,,benchmark_rexxcps_levelb_opt,procedure,,,reused,success,0,0,0,complete
rexxcps-opt,call,rxfnsb._trace_mode_from_option,direct_bytecode,365,1,0,0,0,0,0,1,,,,benchmark_rexxcps_levelb_opt,procedure,,,fresh,success,0,0,0,complete
rexxcps-opt,call,rxfnsb._trace_normalize_mode,direct_bytecode,14438,1,0,0,0,0,0,1,,,,trace,procedure,,,fresh,success,0,0,0,complete
rexxcps-opt,call,rxfnsb.strip,direct_bytecode,12477,1,0,0,0,0,0,3,,,,trace,procedure,,,fresh,success,1,1,0,complete
rexxcps-opt,call,rxfnsb.pos,direct_bytecode,13104,1,0,0,0,0,0,3,,,,trace,procedure,,,fresh,success,1,1,0,complete
rexxcps-opt,call,rxfnsb._trace_set,direct_bytecode,374,1,0,0,0,0,0,1,,,,benchmark_rexxcps_levelb_opt,procedure,,,fresh,success,0,0,0,complete
rexxcps-opt,call,rxfnsb._trace_ensure_runtime,direct_bytecode,9560,1,0,0,0,0,0,0,,,,trace,procedure,,,fresh,success,0,0,0,complete
rexxcps-opt,call,rxfnsb.tracecontroller.add_suppressed_namespace,direct_bytecode,12215,1,0,0,0,0,0,2,,,,trace,method,,,fresh,success,0,0,0,complete
rexxcps-opt,call,rxfnsb.strip,direct_bytecode,4195,16,0,0,0,0,0,3,,,,trace,procedure,,,reused,success,16,16,0,complete
rexxcps-opt,call,rxfnsb.tracecontroller.add_suppressed_namespace,direct_bytecode,12229,1,0,0,0,0,0,2,,,,trace,method,,,reused,success,0,0,0,complete
rexxcps-opt,call,rxfnsb.tracecontroller.add_suppressed_namespace,direct_bytecode,12243,1,0,0,0,0,0,2,,,,trace,method,,,reused,success,0,0,0,complete
rexxcps-opt,call,rxfnsb.tracecontroller.add_suppressed_namespace,direct_bytecode,12257,1,0,0,0,0,0,2,,,,trace,method,,,reused,success,0,0,0,complete
rexxcps-opt,call,rxfnsb.tracecontroller.add_suppressed_namespace,direct_bytecode,12271,1,0,0,0,0,0,2,,,,trace,method,,,reused,success,0,0,0,complete
rexxcps-opt,call,rxfnsb.tracecontroller.add_suppressed_namespace,direct_bytecode,12285,1,0,0,0,0,0,2,,,,trace,method,,,reused,success,0,0,0,complete
rexxcps-opt,call,rxfnsb.tracecontroller.add_suppressed_namespace,direct_bytecode,12299,1,0,0,0,0,0,2,,,,trace,method,,,reused,success,0,0,0,complete
rexxcps-opt,call,rxfnsb.tracecontroller.add_suppressed_namespace,direct_bytecode,12313,1,0,0,0,0,0,2,,,,trace,method,,,reused,success,0,0,0,complete
rexxcps-opt,call,rxfnsb.tracecontroller.add_suppressed_namespace,direct_bytecode,12327,1,0,0,0,0,0,2,,,,trace,method,,,reused,success,0,0,0,complete
rexxcps-opt,call,rxfnsb.tracecontroller.add_suppressed_namespace,direct_bytecode,12341,1,0,0,0,0,0,2,,,,trace,method,,,reused,success,0,0,0,complete
rexxcps-opt,call,rxfnsb.tracecontroller.add_suppressed_namespace,direct_bytecode,12355,1,0,0,0,0,0,2,,,,trace,method,,,reused,success,0,0,0,complete
rexxcps-opt,call,rxfnsb.tracecontroller.add_suppressed_namespace,direct_bytecode,12369,1,0,0,0,0,0,2,,,,trace,method,,,reused,success,0,0,0,complete
rexxcps-opt,call,rxfnsb.tracecontroller.add_suppressed_namespace,direct_bytecode,12383,1,0,0,0,0,0,2,,,,trace,method,,,reused,success,0,0,0,complete
rexxcps-opt,call,rxfnsb.tracecontroller.add_suppressed_namespace,direct_bytecode,12397,1,0,0,0,0,0,2,,,,trace,method,,,reused,success,0,0,0,complete
rexxcps-opt,call,rxfnsb.tracecontroller.add_suppressed_namespace,direct_bytecode,12411,1,0,0,0,0,0,2,,,,trace,method,,,reused,success,0,0,0,complete
rexxcps-opt,call,rxfnsb.tracecontroller.add_suppressed_namespace,direct_bytecode,12425,1,0,0,0,0,0,2,,,,trace,method,,,reused,success,0,0,0,complete
rexxcps-opt,call,rxfnsb._trace_normalize_mode,direct_bytecode,9566,200,0,0,0,0,0,1,,,,trace,procedure,,,reused,success,0,0,0,complete
rexxcps-opt,call,rxfnsb.strip,direct_bytecode,12477,399,0,0,0,0,0,3,,,,trace,procedure,,,reused,success,399,399,0,complete
rexxcps-opt,call,rxfnsb.pos,direct_bytecode,13104,399,0,0,0,0,0,3,,,,trace,procedure,,,reused,success,399,399,0,complete
rexxcps-opt,call,rxfnsb._trace_current_mode,direct_bytecode,383,1,0,0,0,0,0,0,,,,benchmark_rexxcps_levelb_opt,procedure,,,fresh,success,0,0,0,complete
rexxcps-opt,call,rxfnsb._trace_ensure_runtime,direct_bytecode,11158,200,0,0,0,0,0,0,,,,trace,procedure,,,reused,success,0,0,0,complete
rexxcps-opt,call,rexxcps_levelb.__rxtrace_reset_display_state,direct_bytecode,387,1,0,0,0,0,0,0,,,,benchmark_rexxcps_levelb_opt,procedure,,,fresh,success,0,0,0,complete
rexxcps-opt,call,rxfnsb.time,direct_bytecode,433,200,0,0,0,0,0,1,,,,benchmark_rexxcps_levelb_opt,procedure,,,reused,success,0,0,0,complete
rexxcps-opt,call,rexxcps_levelb.cps_subroutine,direct_bytecode,878,1,0,0,0,0,0,4,,,,benchmark_rexxcps_levelb_opt,procedure,,,fresh,success,0,0,0,complete
rexxcps-opt,call,rexxcps_levelb.cps_subroutine,direct_bytecode,878,29399,0,0,0,0,0,4,,,,benchmark_rexxcps_levelb_opt,procedure,,,reused,success,0,0,0,complete
rexxcps-opt,call,rxfnsb.time,direct_bytecode,976,200,0,0,0,0,0,1,,,,benchmark_rexxcps_levelb_opt,procedure,,,reused,success,0,0,0,complete
rexxcps-opt,call,rxfnsb._trace_set_off,direct_bytecode,995,1,0,0,0,0,0,0,,,,benchmark_rexxcps_levelb_opt,procedure,,,fresh,success,0,0,0,complete
rexxcps-opt,call,rxfnsb._trace_mode_from_option,direct_bytecode,365,199,0,0,0,0,0,1,,,,benchmark_rexxcps_levelb_opt,procedure,,,reused,success,0,0,0,complete
rexxcps-opt,call,rxfnsb._trace_normalize_mode,direct_bytecode,14438,199,0,0,0,0,0,1,,,,trace,procedure,,,reused,success,0,0,0,complete
rexxcps-opt,call,rxfnsb._trace_set,direct_bytecode,374,199,0,0,0,0,0,1,,,,benchmark_rexxcps_levelb_opt,procedure,,,reused,success,0,0,0,complete
rexxcps-opt,call,rxfnsb._trace_ensure_runtime,direct_bytecode,9560,199,0,0,0,0,0,0,,,,trace,procedure,,,reused,success,0,0,0,complete
rexxcps-opt,call,rxfnsb._trace_current_mode,direct_bytecode,383,199,0,0,0,0,0,0,,,,benchmark_rexxcps_levelb_opt,procedure,,,reused,success,0,0,0,complete
rexxcps-opt,call,rexxcps_levelb.__rxtrace_reset_display_state,direct_bytecode,387,199,0,0,0,0,0,0,,,,benchmark_rexxcps_levelb_opt,procedure,,,reused,success,0,0,0,complete
rexxcps-opt,call,rxfnsb._trace_set_off,direct_bytecode,995,199,0,0,0,0,0,0,,,,benchmark_rexxcps_levelb_opt,procedure,,,reused,success,0,0,0,complete
rexxcps-opt,call,rxfnsb.floattrunc,direct_bytecode,1051,1,0,0,0,0,0,2,,,,benchmark_rexxcps_levelb_opt,procedure,,,fresh,success,0,0,0,complete
rexxcps-opt,call,rxfnsb.floatformat,direct_bytecode,1109,1,0,0,0,0,0,5,,,,benchmark_rexxcps_levelb_opt,procedure,,,fresh,success,1,1,0,complete
rexxcps-opt,call,_rxsysb._typedformat,direct_bytecode,160,1,0,0,0,0,0,9,,,,floatformat,procedure,,,fresh,success,9,9,0,complete
rexxcps-opt,call,rxfnsb.floatformat,direct_bytecode,1204,1,0,0,0,0,0,5,,,,benchmark_rexxcps_levelb_opt,procedure,,,reused,success,0,0,0,complete
rexxcps-opt,call,_rxsysb._typedformat,direct_bytecode,160,1,0,0,0,0,0,9,,,,floatformat,procedure,,,reused,success,9,9,0,complete
