sample_id,stream,line_number,text
rss-Sieve-sieve-rxvm-recorded-1,stdout,1,benchmark=awfy_sieve repetitions=5500 result=669
rss-Sieve-sieve-rxvm-recorded-1,stdout,2,PASS: AWFY Sieve
rss-Sieve-sieve-rxvm-recorded-1,stderr,1,"	Command being timed: ""/tmp/crexx-perf2-linux-x64.d5f0827ca/clang-release/bin/rxvm /tmp/crexx-perf2-linux-x64.d5f0827ca/clang-release/tests/benchmarks/benchmark_awfy_sieve_opt.rxbin /tmp/crexx-perf2-linux-x64.d5f0827ca/clang-release/bin/library.rxbin -a 5500"""
rss-Sieve-sieve-rxvm-recorded-1,stderr,2,	User time (seconds): 3.23
rss-Sieve-sieve-rxvm-recorded-1,stderr,3,	System time (seconds): 0.00
rss-Sieve-sieve-rxvm-recorded-1,stderr,4,	Percent of CPU this job got: 99%
rss-Sieve-sieve-rxvm-recorded-1,stderr,5,	Elapsed (wall clock) time (h:mm:ss or m:ss): 0:03.24
rss-Sieve-sieve-rxvm-recorded-1,stderr,6,	Average shared text size (kbytes): 0
rss-Sieve-sieve-rxvm-recorded-1,stderr,7,	Average unshared data size (kbytes): 0
rss-Sieve-sieve-rxvm-recorded-1,stderr,8,	Average stack size (kbytes): 0
rss-Sieve-sieve-rxvm-recorded-1,stderr,9,	Average total size (kbytes): 0
rss-Sieve-sieve-rxvm-recorded-1,stderr,10,	Maximum resident set size (kbytes): 14084
rss-Sieve-sieve-rxvm-recorded-1,stderr,11,	Average resident set size (kbytes): 0
rss-Sieve-sieve-rxvm-recorded-1,stderr,12,	Major (requiring I/O) page faults: 0
rss-Sieve-sieve-rxvm-recorded-1,stderr,13,	Minor (reclaiming a frame) page faults: 3505
rss-Sieve-sieve-rxvm-recorded-1,stderr,14,	Voluntary context switches: 1
rss-Sieve-sieve-rxvm-recorded-1,stderr,15,	Involuntary context switches: 47
rss-Sieve-sieve-rxvm-recorded-1,stderr,16,	Swaps: 0
rss-Sieve-sieve-rxvm-recorded-1,stderr,17,	File system inputs: 0
rss-Sieve-sieve-rxvm-recorded-1,stderr,18,	File system outputs: 0
rss-Sieve-sieve-rxvm-recorded-1,stderr,19,	Socket messages sent: 0
rss-Sieve-sieve-rxvm-recorded-1,stderr,20,	Socket messages received: 0
rss-Sieve-sieve-rxvm-recorded-1,stderr,21,	Signals delivered: 0
rss-Sieve-sieve-rxvm-recorded-1,stderr,22,	Page size (bytes): 4096
rss-Sieve-sieve-rxvm-recorded-1,stderr,23,	Exit status: 0
rss-Sieve-sieve-rxbvm-recorded-1,stdout,1,benchmark=awfy_sieve repetitions=5500 result=669
rss-Sieve-sieve-rxbvm-recorded-1,stdout,2,PASS: AWFY Sieve
rss-Sieve-sieve-rxbvm-recorded-1,stderr,1,"	Command being timed: ""/tmp/crexx-perf2-linux-x64.d5f0827ca/clang-release/bin/rxbvm /tmp/crexx-perf2-linux-x64.d5f0827ca/clang-release/tests/benchmarks/benchmark_awfy_sieve_opt.rxbin /tmp/crexx-perf2-linux-x64.d5f0827ca/clang-release/bin/library.rxbin -a 5500"""
rss-Sieve-sieve-rxbvm-recorded-1,stderr,2,	User time (seconds): 3.27
rss-Sieve-sieve-rxbvm-recorded-1,stderr,3,	System time (seconds): 0.00
rss-Sieve-sieve-rxbvm-recorded-1,stderr,4,	Percent of CPU this job got: 100%
rss-Sieve-sieve-rxbvm-recorded-1,stderr,5,	Elapsed (wall clock) time (h:mm:ss or m:ss): 0:03.27
rss-Sieve-sieve-rxbvm-recorded-1,stderr,6,	Average shared text size (kbytes): 0
rss-Sieve-sieve-rxbvm-recorded-1,stderr,7,	Average unshared data size (kbytes): 0
rss-Sieve-sieve-rxbvm-recorded-1,stderr,8,	Average stack size (kbytes): 0
rss-Sieve-sieve-rxbvm-recorded-1,stderr,9,	Average total size (kbytes): 0
rss-Sieve-sieve-rxbvm-recorded-1,stderr,10,	Maximum resident set size (kbytes): 14020
rss-Sieve-sieve-rxbvm-recorded-1,stderr,11,	Average resident set size (kbytes): 0
rss-Sieve-sieve-rxbvm-recorded-1,stderr,12,	Major (requiring I/O) page faults: 0
rss-Sieve-sieve-rxbvm-recorded-1,stderr,13,	Minor (reclaiming a frame) page faults: 3503
rss-Sieve-sieve-rxbvm-recorded-1,stderr,14,	Voluntary context switches: 1
rss-Sieve-sieve-rxbvm-recorded-1,stderr,15,	Involuntary context switches: 29
rss-Sieve-sieve-rxbvm-recorded-1,stderr,16,	Swaps: 0
rss-Sieve-sieve-rxbvm-recorded-1,stderr,17,	File system inputs: 0
rss-Sieve-sieve-rxbvm-recorded-1,stderr,18,	File system outputs: 0
rss-Sieve-sieve-rxbvm-recorded-1,stderr,19,	Socket messages sent: 0
rss-Sieve-sieve-rxbvm-recorded-1,stderr,20,	Socket messages received: 0
rss-Sieve-sieve-rxbvm-recorded-1,stderr,21,	Signals delivered: 0
rss-Sieve-sieve-rxbvm-recorded-1,stderr,22,	Page size (bytes): 4096
rss-Sieve-sieve-rxbvm-recorded-1,stderr,23,	Exit status: 0
rss-Sieve-sieve-oorexx-recorded-1,stdout,1,benchmark=awfy_sieve repetitions=5500 result=669
rss-Sieve-sieve-oorexx-recorded-1,stdout,2,PASS: AWFY Sieve Classic port
rss-Sieve-sieve-oorexx-recorded-1,stderr,1,"	Command being timed: ""/home/adrian/.local/opt/oorexx/5.1.0-12973/bin/rexx /tmp/crexx-perf2-linux-x64.d5f0827ca/source/tests/benchmarks/cross-runtime/classic/awfy_sieve.rex 5500"""
rss-Sieve-sieve-oorexx-recorded-1,stderr,2,	User time (seconds): 23.58
rss-Sieve-sieve-oorexx-recorded-1,stderr,3,	System time (seconds): 0.00
rss-Sieve-sieve-oorexx-recorded-1,stderr,4,	Percent of CPU this job got: 99%
rss-Sieve-sieve-oorexx-recorded-1,stderr,5,	Elapsed (wall clock) time (h:mm:ss or m:ss): 0:23.58
rss-Sieve-sieve-oorexx-recorded-1,stderr,6,	Average shared text size (kbytes): 0
rss-Sieve-sieve-oorexx-recorded-1,stderr,7,	Average unshared data size (kbytes): 0
rss-Sieve-sieve-oorexx-recorded-1,stderr,8,	Average stack size (kbytes): 0
rss-Sieve-sieve-oorexx-recorded-1,stderr,9,	Average total size (kbytes): 0
rss-Sieve-sieve-oorexx-recorded-1,stderr,10,	Maximum resident set size (kbytes): 21204
rss-Sieve-sieve-oorexx-recorded-1,stderr,11,	Average resident set size (kbytes): 0
rss-Sieve-sieve-oorexx-recorded-1,stderr,12,	Major (requiring I/O) page faults: 0
rss-Sieve-sieve-oorexx-recorded-1,stderr,13,	Minor (reclaiming a frame) page faults: 3883
rss-Sieve-sieve-oorexx-recorded-1,stderr,14,	Voluntary context switches: 4
rss-Sieve-sieve-oorexx-recorded-1,stderr,15,	Involuntary context switches: 248
rss-Sieve-sieve-oorexx-recorded-1,stderr,16,	Swaps: 0
rss-Sieve-sieve-oorexx-recorded-1,stderr,17,	File system inputs: 0
rss-Sieve-sieve-oorexx-recorded-1,stderr,18,	File system outputs: 0
rss-Sieve-sieve-oorexx-recorded-1,stderr,19,	Socket messages sent: 0
rss-Sieve-sieve-oorexx-recorded-1,stderr,20,	Socket messages received: 0
rss-Sieve-sieve-oorexx-recorded-1,stderr,21,	Signals delivered: 0
rss-Sieve-sieve-oorexx-recorded-1,stderr,22,	Page size (bytes): 4096
rss-Sieve-sieve-oorexx-recorded-1,stderr,23,	Exit status: 0
rss-Sieve-sieve-netrexx-recorded-1,stdout,1,benchmark=awfy_sieve repetitions=5500 result=669
rss-Sieve-sieve-netrexx-recorded-1,stdout,2,PASS: AWFY Sieve NetRexx decimal port
rss-Sieve-sieve-netrexx-recorded-1,stderr,1,"	Command being timed: ""/home/adrian/.local/opt/temurin/26.0.1+8/bin/java -cp /tmp/crexx-perf2-linux-x64.d5f0827ca/formal-netrexx:/home/adrian/.local/opt/netrexx/5.10-GA/runlib/NetRexxR.jar awfy_sieve 5500"""
rss-Sieve-sieve-netrexx-recorded-1,stderr,2,	User time (seconds): 6.14
rss-Sieve-sieve-netrexx-recorded-1,stderr,3,	System time (seconds): 0.20
rss-Sieve-sieve-netrexx-recorded-1,stderr,4,	Percent of CPU this job got: 104%
rss-Sieve-sieve-netrexx-recorded-1,stderr,5,	Elapsed (wall clock) time (h:mm:ss or m:ss): 0:06.08
rss-Sieve-sieve-netrexx-recorded-1,stderr,6,	Average shared text size (kbytes): 0
rss-Sieve-sieve-netrexx-recorded-1,stderr,7,	Average unshared data size (kbytes): 0
rss-Sieve-sieve-netrexx-recorded-1,stderr,8,	Average stack size (kbytes): 0
rss-Sieve-sieve-netrexx-recorded-1,stderr,9,	Average total size (kbytes): 0
rss-Sieve-sieve-netrexx-recorded-1,stderr,10,	Maximum resident set size (kbytes): 416500
rss-Sieve-sieve-netrexx-recorded-1,stderr,11,	Average resident set size (kbytes): 0
rss-Sieve-sieve-netrexx-recorded-1,stderr,12,	Major (requiring I/O) page faults: 0
rss-Sieve-sieve-netrexx-recorded-1,stderr,13,	Minor (reclaiming a frame) page faults: 102750
rss-Sieve-sieve-netrexx-recorded-1,stderr,14,	Voluntary context switches: 4555
rss-Sieve-sieve-netrexx-recorded-1,stderr,15,	Involuntary context switches: 121
rss-Sieve-sieve-netrexx-recorded-1,stderr,16,	Swaps: 0
rss-Sieve-sieve-netrexx-recorded-1,stderr,17,	File system inputs: 0
rss-Sieve-sieve-netrexx-recorded-1,stderr,18,	File system outputs: 0
rss-Sieve-sieve-netrexx-recorded-1,stderr,19,	Socket messages sent: 0
rss-Sieve-sieve-netrexx-recorded-1,stderr,20,	Socket messages received: 0
rss-Sieve-sieve-netrexx-recorded-1,stderr,21,	Signals delivered: 0
rss-Sieve-sieve-netrexx-recorded-1,stderr,22,	Page size (bytes): 4096
rss-Sieve-sieve-netrexx-recorded-1,stderr,23,	Exit status: 0
rss-Sieve-sieve-rxbvm-recorded-2,stdout,1,benchmark=awfy_sieve repetitions=5500 result=669
rss-Sieve-sieve-rxbvm-recorded-2,stdout,2,PASS: AWFY Sieve
rss-Sieve-sieve-rxbvm-recorded-2,stderr,1,"	Command being timed: ""/tmp/crexx-perf2-linux-x64.d5f0827ca/clang-release/bin/rxbvm /tmp/crexx-perf2-linux-x64.d5f0827ca/clang-release/tests/benchmarks/benchmark_awfy_sieve_opt.rxbin /tmp/crexx-perf2-linux-x64.d5f0827ca/clang-release/bin/library.rxbin -a 5500"""
rss-Sieve-sieve-rxbvm-recorded-2,stderr,2,	User time (seconds): 3.45
rss-Sieve-sieve-rxbvm-recorded-2,stderr,3,	System time (seconds): 0.00
rss-Sieve-sieve-rxbvm-recorded-2,stderr,4,	Percent of CPU this job got: 100%
rss-Sieve-sieve-rxbvm-recorded-2,stderr,5,	Elapsed (wall clock) time (h:mm:ss or m:ss): 0:03.46
rss-Sieve-sieve-rxbvm-recorded-2,stderr,6,	Average shared text size (kbytes): 0
rss-Sieve-sieve-rxbvm-recorded-2,stderr,7,	Average unshared data size (kbytes): 0
rss-Sieve-sieve-rxbvm-recorded-2,stderr,8,	Average stack size (kbytes): 0
rss-Sieve-sieve-rxbvm-recorded-2,stderr,9,	Average total size (kbytes): 0
rss-Sieve-sieve-rxbvm-recorded-2,stderr,10,	Maximum resident set size (kbytes): 14124
rss-Sieve-sieve-rxbvm-recorded-2,stderr,11,	Average resident set size (kbytes): 0
rss-Sieve-sieve-rxbvm-recorded-2,stderr,12,	Major (requiring I/O) page faults: 0
rss-Sieve-sieve-rxbvm-recorded-2,stderr,13,	Minor (reclaiming a frame) page faults: 3504
rss-Sieve-sieve-rxbvm-recorded-2,stderr,14,	Voluntary context switches: 1
rss-Sieve-sieve-rxbvm-recorded-2,stderr,15,	Involuntary context switches: 32
rss-Sieve-sieve-rxbvm-recorded-2,stderr,16,	Swaps: 0
rss-Sieve-sieve-rxbvm-recorded-2,stderr,17,	File system inputs: 0
rss-Sieve-sieve-rxbvm-recorded-2,stderr,18,	File system outputs: 0
rss-Sieve-sieve-rxbvm-recorded-2,stderr,19,	Socket messages sent: 0
rss-Sieve-sieve-rxbvm-recorded-2,stderr,20,	Socket messages received: 0
rss-Sieve-sieve-rxbvm-recorded-2,stderr,21,	Signals delivered: 0
rss-Sieve-sieve-rxbvm-recorded-2,stderr,22,	Page size (bytes): 4096
rss-Sieve-sieve-rxbvm-recorded-2,stderr,23,	Exit status: 0
rss-Sieve-sieve-oorexx-recorded-2,stdout,1,benchmark=awfy_sieve repetitions=5500 result=669
rss-Sieve-sieve-oorexx-recorded-2,stdout,2,PASS: AWFY Sieve Classic port
rss-Sieve-sieve-oorexx-recorded-2,stderr,1,"	Command being timed: ""/home/adrian/.local/opt/oorexx/5.1.0-12973/bin/rexx /tmp/crexx-perf2-linux-x64.d5f0827ca/source/tests/benchmarks/cross-runtime/classic/awfy_sieve.rex 5500"""
rss-Sieve-sieve-oorexx-recorded-2,stderr,2,	User time (seconds): 22.52
rss-Sieve-sieve-oorexx-recorded-2,stderr,3,	System time (seconds): 0.00
rss-Sieve-sieve-oorexx-recorded-2,stderr,4,	Percent of CPU this job got: 99%
rss-Sieve-sieve-oorexx-recorded-2,stderr,5,	Elapsed (wall clock) time (h:mm:ss or m:ss): 0:22.53
rss-Sieve-sieve-oorexx-recorded-2,stderr,6,	Average shared text size (kbytes): 0
rss-Sieve-sieve-oorexx-recorded-2,stderr,7,	Average unshared data size (kbytes): 0
rss-Sieve-sieve-oorexx-recorded-2,stderr,8,	Average stack size (kbytes): 0
rss-Sieve-sieve-oorexx-recorded-2,stderr,9,	Average total size (kbytes): 0
rss-Sieve-sieve-oorexx-recorded-2,stderr,10,	Maximum resident set size (kbytes): 20984
rss-Sieve-sieve-oorexx-recorded-2,stderr,11,	Average resident set size (kbytes): 0
rss-Sieve-sieve-oorexx-recorded-2,stderr,12,	Major (requiring I/O) page faults: 0
rss-Sieve-sieve-oorexx-recorded-2,stderr,13,	Minor (reclaiming a frame) page faults: 3884
rss-Sieve-sieve-oorexx-recorded-2,stderr,14,	Voluntary context switches: 4
rss-Sieve-sieve-oorexx-recorded-2,stderr,15,	Involuntary context switches: 216
rss-Sieve-sieve-oorexx-recorded-2,stderr,16,	Swaps: 0
rss-Sieve-sieve-oorexx-recorded-2,stderr,17,	File system inputs: 0
rss-Sieve-sieve-oorexx-recorded-2,stderr,18,	File system outputs: 0
rss-Sieve-sieve-oorexx-recorded-2,stderr,19,	Socket messages sent: 0
rss-Sieve-sieve-oorexx-recorded-2,stderr,20,	Socket messages received: 0
rss-Sieve-sieve-oorexx-recorded-2,stderr,21,	Signals delivered: 0
rss-Sieve-sieve-oorexx-recorded-2,stderr,22,	Page size (bytes): 4096
rss-Sieve-sieve-oorexx-recorded-2,stderr,23,	Exit status: 0
rss-Sieve-sieve-netrexx-recorded-2,stdout,1,benchmark=awfy_sieve repetitions=5500 result=669
rss-Sieve-sieve-netrexx-recorded-2,stdout,2,PASS: AWFY Sieve NetRexx decimal port
rss-Sieve-sieve-netrexx-recorded-2,stderr,1,"	Command being timed: ""/home/adrian/.local/opt/temurin/26.0.1+8/bin/java -cp /tmp/crexx-perf2-linux-x64.d5f0827ca/formal-netrexx:/home/adrian/.local/opt/netrexx/5.10-GA/runlib/NetRexxR.jar awfy_sieve 5500"""
rss-Sieve-sieve-netrexx-recorded-2,stderr,2,	User time (seconds): 6.17
rss-Sieve-sieve-netrexx-recorded-2,stderr,3,	System time (seconds): 0.19
rss-Sieve-sieve-netrexx-recorded-2,stderr,4,	Percent of CPU this job got: 104%
rss-Sieve-sieve-netrexx-recorded-2,stderr,5,	Elapsed (wall clock) time (h:mm:ss or m:ss): 0:06.08
rss-Sieve-sieve-netrexx-recorded-2,stderr,6,	Average shared text size (kbytes): 0
rss-Sieve-sieve-netrexx-recorded-2,stderr,7,	Average unshared data size (kbytes): 0
rss-Sieve-sieve-netrexx-recorded-2,stderr,8,	Average stack size (kbytes): 0
rss-Sieve-sieve-netrexx-recorded-2,stderr,9,	Average total size (kbytes): 0
rss-Sieve-sieve-netrexx-recorded-2,stderr,10,	Maximum resident set size (kbytes): 417608
rss-Sieve-sieve-netrexx-recorded-2,stderr,11,	Average resident set size (kbytes): 0
rss-Sieve-sieve-netrexx-recorded-2,stderr,12,	Major (requiring I/O) page faults: 0
rss-Sieve-sieve-netrexx-recorded-2,stderr,13,	Minor (reclaiming a frame) page faults: 103977
rss-Sieve-sieve-netrexx-recorded-2,stderr,14,	Voluntary context switches: 4616
rss-Sieve-sieve-netrexx-recorded-2,stderr,15,	Involuntary context switches: 123
rss-Sieve-sieve-netrexx-recorded-2,stderr,16,	Swaps: 0
rss-Sieve-sieve-netrexx-recorded-2,stderr,17,	File system inputs: 0
rss-Sieve-sieve-netrexx-recorded-2,stderr,18,	File system outputs: 0
rss-Sieve-sieve-netrexx-recorded-2,stderr,19,	Socket messages sent: 0
rss-Sieve-sieve-netrexx-recorded-2,stderr,20,	Socket messages received: 0
rss-Sieve-sieve-netrexx-recorded-2,stderr,21,	Signals delivered: 0
rss-Sieve-sieve-netrexx-recorded-2,stderr,22,	Page size (bytes): 4096
rss-Sieve-sieve-netrexx-recorded-2,stderr,23,	Exit status: 0
rss-Sieve-sieve-rxvm-recorded-2,stdout,1,benchmark=awfy_sieve repetitions=5500 result=669
rss-Sieve-sieve-rxvm-recorded-2,stdout,2,PASS: AWFY Sieve
rss-Sieve-sieve-rxvm-recorded-2,stderr,1,"	Command being timed: ""/tmp/crexx-perf2-linux-x64.d5f0827ca/clang-release/bin/rxvm /tmp/crexx-perf2-linux-x64.d5f0827ca/clang-release/tests/benchmarks/benchmark_awfy_sieve_opt.rxbin /tmp/crexx-perf2-linux-x64.d5f0827ca/clang-release/bin/library.rxbin -a 5500"""
rss-Sieve-sieve-rxvm-recorded-2,stderr,2,	User time (seconds): 3.14
rss-Sieve-sieve-rxvm-recorded-2,stderr,3,	System time (seconds): 0.00
rss-Sieve-sieve-rxvm-recorded-2,stderr,4,	Percent of CPU this job got: 99%
rss-Sieve-sieve-rxvm-recorded-2,stderr,5,	Elapsed (wall clock) time (h:mm:ss or m:ss): 0:03.15
rss-Sieve-sieve-rxvm-recorded-2,stderr,6,	Average shared text size (kbytes): 0
rss-Sieve-sieve-rxvm-recorded-2,stderr,7,	Average unshared data size (kbytes): 0
rss-Sieve-sieve-rxvm-recorded-2,stderr,8,	Average stack size (kbytes): 0
rss-Sieve-sieve-rxvm-recorded-2,stderr,9,	Average total size (kbytes): 0
rss-Sieve-sieve-rxvm-recorded-2,stderr,10,	Maximum resident set size (kbytes): 14092
rss-Sieve-sieve-rxvm-recorded-2,stderr,11,	Average resident set size (kbytes): 0
rss-Sieve-sieve-rxvm-recorded-2,stderr,12,	Major (requiring I/O) page faults: 0
rss-Sieve-sieve-rxvm-recorded-2,stderr,13,	Minor (reclaiming a frame) page faults: 3507
rss-Sieve-sieve-rxvm-recorded-2,stderr,14,	Voluntary context switches: 1
rss-Sieve-sieve-rxvm-recorded-2,stderr,15,	Involuntary context switches: 26
rss-Sieve-sieve-rxvm-recorded-2,stderr,16,	Swaps: 0
rss-Sieve-sieve-rxvm-recorded-2,stderr,17,	File system inputs: 0
rss-Sieve-sieve-rxvm-recorded-2,stderr,18,	File system outputs: 0
rss-Sieve-sieve-rxvm-recorded-2,stderr,19,	Socket messages sent: 0
rss-Sieve-sieve-rxvm-recorded-2,stderr,20,	Socket messages received: 0
rss-Sieve-sieve-rxvm-recorded-2,stderr,21,	Signals delivered: 0
rss-Sieve-sieve-rxvm-recorded-2,stderr,22,	Page size (bytes): 4096
rss-Sieve-sieve-rxvm-recorded-2,stderr,23,	Exit status: 0
rss-Sieve-sieve-oorexx-recorded-3,stdout,1,benchmark=awfy_sieve repetitions=5500 result=669
rss-Sieve-sieve-oorexx-recorded-3,stdout,2,PASS: AWFY Sieve Classic port
rss-Sieve-sieve-oorexx-recorded-3,stderr,1,"	Command being timed: ""/home/adrian/.local/opt/oorexx/5.1.0-12973/bin/rexx /tmp/crexx-perf2-linux-x64.d5f0827ca/source/tests/benchmarks/cross-runtime/classic/awfy_sieve.rex 5500"""
rss-Sieve-sieve-oorexx-recorded-3,stderr,2,	User time (seconds): 22.55
rss-Sieve-sieve-oorexx-recorded-3,stderr,3,	System time (seconds): 0.00
rss-Sieve-sieve-oorexx-recorded-3,stderr,4,	Percent of CPU this job got: 99%
rss-Sieve-sieve-oorexx-recorded-3,stderr,5,	Elapsed (wall clock) time (h:mm:ss or m:ss): 0:22.56
rss-Sieve-sieve-oorexx-recorded-3,stderr,6,	Average shared text size (kbytes): 0
rss-Sieve-sieve-oorexx-recorded-3,stderr,7,	Average unshared data size (kbytes): 0
rss-Sieve-sieve-oorexx-recorded-3,stderr,8,	Average stack size (kbytes): 0
rss-Sieve-sieve-oorexx-recorded-3,stderr,9,	Average total size (kbytes): 0
rss-Sieve-sieve-oorexx-recorded-3,stderr,10,	Maximum resident set size (kbytes): 21036
rss-Sieve-sieve-oorexx-recorded-3,stderr,11,	Average resident set size (kbytes): 0
rss-Sieve-sieve-oorexx-recorded-3,stderr,12,	Major (requiring I/O) page faults: 0
rss-Sieve-sieve-oorexx-recorded-3,stderr,13,	Minor (reclaiming a frame) page faults: 3884
rss-Sieve-sieve-oorexx-recorded-3,stderr,14,	Voluntary context switches: 4
rss-Sieve-sieve-oorexx-recorded-3,stderr,15,	Involuntary context switches: 258
rss-Sieve-sieve-oorexx-recorded-3,stderr,16,	Swaps: 0
rss-Sieve-sieve-oorexx-recorded-3,stderr,17,	File system inputs: 0
rss-Sieve-sieve-oorexx-recorded-3,stderr,18,	File system outputs: 0
rss-Sieve-sieve-oorexx-recorded-3,stderr,19,	Socket messages sent: 0
rss-Sieve-sieve-oorexx-recorded-3,stderr,20,	Socket messages received: 0
rss-Sieve-sieve-oorexx-recorded-3,stderr,21,	Signals delivered: 0
rss-Sieve-sieve-oorexx-recorded-3,stderr,22,	Page size (bytes): 4096
rss-Sieve-sieve-oorexx-recorded-3,stderr,23,	Exit status: 0
rss-Sieve-sieve-netrexx-recorded-3,stdout,1,benchmark=awfy_sieve repetitions=5500 result=669
rss-Sieve-sieve-netrexx-recorded-3,stdout,2,PASS: AWFY Sieve NetRexx decimal port
rss-Sieve-sieve-netrexx-recorded-3,stderr,1,"	Command being timed: ""/home/adrian/.local/opt/temurin/26.0.1+8/bin/java -cp /tmp/crexx-perf2-linux-x64.d5f0827ca/formal-netrexx:/home/adrian/.local/opt/netrexx/5.10-GA/runlib/NetRexxR.jar awfy_sieve 5500"""
rss-Sieve-sieve-netrexx-recorded-3,stderr,2,	User time (seconds): 6.14
rss-Sieve-sieve-netrexx-recorded-3,stderr,3,	System time (seconds): 0.20
rss-Sieve-sieve-netrexx-recorded-3,stderr,4,	Percent of CPU this job got: 104%
rss-Sieve-sieve-netrexx-recorded-3,stderr,5,	Elapsed (wall clock) time (h:mm:ss or m:ss): 0:06.04
rss-Sieve-sieve-netrexx-recorded-3,stderr,6,	Average shared text size (kbytes): 0
rss-Sieve-sieve-netrexx-recorded-3,stderr,7,	Average unshared data size (kbytes): 0
rss-Sieve-sieve-netrexx-recorded-3,stderr,8,	Average stack size (kbytes): 0
rss-Sieve-sieve-netrexx-recorded-3,stderr,9,	Average total size (kbytes): 0
rss-Sieve-sieve-netrexx-recorded-3,stderr,10,	Maximum resident set size (kbytes): 418932
rss-Sieve-sieve-netrexx-recorded-3,stderr,11,	Average resident set size (kbytes): 0
rss-Sieve-sieve-netrexx-recorded-3,stderr,12,	Major (requiring I/O) page faults: 0
rss-Sieve-sieve-netrexx-recorded-3,stderr,13,	Minor (reclaiming a frame) page faults: 103258
rss-Sieve-sieve-netrexx-recorded-3,stderr,14,	Voluntary context switches: 4526
rss-Sieve-sieve-netrexx-recorded-3,stderr,15,	Involuntary context switches: 121
rss-Sieve-sieve-netrexx-recorded-3,stderr,16,	Swaps: 0
rss-Sieve-sieve-netrexx-recorded-3,stderr,17,	File system inputs: 0
rss-Sieve-sieve-netrexx-recorded-3,stderr,18,	File system outputs: 0
rss-Sieve-sieve-netrexx-recorded-3,stderr,19,	Socket messages sent: 0
rss-Sieve-sieve-netrexx-recorded-3,stderr,20,	Socket messages received: 0
rss-Sieve-sieve-netrexx-recorded-3,stderr,21,	Signals delivered: 0
rss-Sieve-sieve-netrexx-recorded-3,stderr,22,	Page size (bytes): 4096
rss-Sieve-sieve-netrexx-recorded-3,stderr,23,	Exit status: 0
rss-Sieve-sieve-rxvm-recorded-3,stdout,1,benchmark=awfy_sieve repetitions=5500 result=669
rss-Sieve-sieve-rxvm-recorded-3,stdout,2,PASS: AWFY Sieve
rss-Sieve-sieve-rxvm-recorded-3,stderr,1,"	Command being timed: ""/tmp/crexx-perf2-linux-x64.d5f0827ca/clang-release/bin/rxvm /tmp/crexx-perf2-linux-x64.d5f0827ca/clang-release/tests/benchmarks/benchmark_awfy_sieve_opt.rxbin /tmp/crexx-perf2-linux-x64.d5f0827ca/clang-release/bin/library.rxbin -a 5500"""
rss-Sieve-sieve-rxvm-recorded-3,stderr,2,	User time (seconds): 3.06
rss-Sieve-sieve-rxvm-recorded-3,stderr,3,	System time (seconds): 0.00
rss-Sieve-sieve-rxvm-recorded-3,stderr,4,	Percent of CPU this job got: 100%
rss-Sieve-sieve-rxvm-recorded-3,stderr,5,	Elapsed (wall clock) time (h:mm:ss or m:ss): 0:03.06
rss-Sieve-sieve-rxvm-recorded-3,stderr,6,	Average shared text size (kbytes): 0
rss-Sieve-sieve-rxvm-recorded-3,stderr,7,	Average unshared data size (kbytes): 0
rss-Sieve-sieve-rxvm-recorded-3,stderr,8,	Average stack size (kbytes): 0
rss-Sieve-sieve-rxvm-recorded-3,stderr,9,	Average total size (kbytes): 0
rss-Sieve-sieve-rxvm-recorded-3,stderr,10,	Maximum resident set size (kbytes): 14040
rss-Sieve-sieve-rxvm-recorded-3,stderr,11,	Average resident set size (kbytes): 0
rss-Sieve-sieve-rxvm-recorded-3,stderr,12,	Major (requiring I/O) page faults: 0
rss-Sieve-sieve-rxvm-recorded-3,stderr,13,	Minor (reclaiming a frame) page faults: 3506
rss-Sieve-sieve-rxvm-recorded-3,stderr,14,	Voluntary context switches: 1
rss-Sieve-sieve-rxvm-recorded-3,stderr,15,	Involuntary context switches: 28
rss-Sieve-sieve-rxvm-recorded-3,stderr,16,	Swaps: 0
rss-Sieve-sieve-rxvm-recorded-3,stderr,17,	File system inputs: 0
rss-Sieve-sieve-rxvm-recorded-3,stderr,18,	File system outputs: 0
rss-Sieve-sieve-rxvm-recorded-3,stderr,19,	Socket messages sent: 0
rss-Sieve-sieve-rxvm-recorded-3,stderr,20,	Socket messages received: 0
rss-Sieve-sieve-rxvm-recorded-3,stderr,21,	Signals delivered: 0
rss-Sieve-sieve-rxvm-recorded-3,stderr,22,	Page size (bytes): 4096
rss-Sieve-sieve-rxvm-recorded-3,stderr,23,	Exit status: 0
rss-Sieve-sieve-rxbvm-recorded-3,stdout,1,benchmark=awfy_sieve repetitions=5500 result=669
rss-Sieve-sieve-rxbvm-recorded-3,stdout,2,PASS: AWFY Sieve
rss-Sieve-sieve-rxbvm-recorded-3,stderr,1,"	Command being timed: ""/tmp/crexx-perf2-linux-x64.d5f0827ca/clang-release/bin/rxbvm /tmp/crexx-perf2-linux-x64.d5f0827ca/clang-release/tests/benchmarks/benchmark_awfy_sieve_opt.rxbin /tmp/crexx-perf2-linux-x64.d5f0827ca/clang-release/bin/library.rxbin -a 5500"""
rss-Sieve-sieve-rxbvm-recorded-3,stderr,2,	User time (seconds): 3.22
rss-Sieve-sieve-rxbvm-recorded-3,stderr,3,	System time (seconds): 0.00
rss-Sieve-sieve-rxbvm-recorded-3,stderr,4,	Percent of CPU this job got: 99%
rss-Sieve-sieve-rxbvm-recorded-3,stderr,5,	Elapsed (wall clock) time (h:mm:ss or m:ss): 0:03.23
rss-Sieve-sieve-rxbvm-recorded-3,stderr,6,	Average shared text size (kbytes): 0
rss-Sieve-sieve-rxbvm-recorded-3,stderr,7,	Average unshared data size (kbytes): 0
rss-Sieve-sieve-rxbvm-recorded-3,stderr,8,	Average stack size (kbytes): 0
rss-Sieve-sieve-rxbvm-recorded-3,stderr,9,	Average total size (kbytes): 0
rss-Sieve-sieve-rxbvm-recorded-3,stderr,10,	Maximum resident set size (kbytes): 14040
rss-Sieve-sieve-rxbvm-recorded-3,stderr,11,	Average resident set size (kbytes): 0
rss-Sieve-sieve-rxbvm-recorded-3,stderr,12,	Major (requiring I/O) page faults: 0
rss-Sieve-sieve-rxbvm-recorded-3,stderr,13,	Minor (reclaiming a frame) page faults: 3503
rss-Sieve-sieve-rxbvm-recorded-3,stderr,14,	Voluntary context switches: 1
rss-Sieve-sieve-rxbvm-recorded-3,stderr,15,	Involuntary context switches: 33
rss-Sieve-sieve-rxbvm-recorded-3,stderr,16,	Swaps: 0
rss-Sieve-sieve-rxbvm-recorded-3,stderr,17,	File system inputs: 0
rss-Sieve-sieve-rxbvm-recorded-3,stderr,18,	File system outputs: 0
rss-Sieve-sieve-rxbvm-recorded-3,stderr,19,	Socket messages sent: 0
rss-Sieve-sieve-rxbvm-recorded-3,stderr,20,	Socket messages received: 0
rss-Sieve-sieve-rxbvm-recorded-3,stderr,21,	Signals delivered: 0
rss-Sieve-sieve-rxbvm-recorded-3,stderr,22,	Page size (bytes): 4096
rss-Sieve-sieve-rxbvm-recorded-3,stderr,23,	Exit status: 0
rss-Permute-permute-rxvm-recorded-1,stdout,1,benchmark=awfy_permute repetitions=5000 result=8660
rss-Permute-permute-rxvm-recorded-1,stdout,2,PASS: AWFY Permute
rss-Permute-permute-rxvm-recorded-1,stderr,1,"	Command being timed: ""/tmp/crexx-perf2-linux-x64.d5f0827ca/clang-release/bin/rxvm /tmp/crexx-perf2-linux-x64.d5f0827ca/clang-release/tests/benchmarks/benchmark_awfy_permute_opt.rxbin /tmp/crexx-perf2-linux-x64.d5f0827ca/clang-release/bin/library.rxbin -a 5000"""
rss-Permute-permute-rxvm-recorded-1,stderr,2,	User time (seconds): 5.75
rss-Permute-permute-rxvm-recorded-1,stderr,3,	System time (seconds): 0.00
rss-Permute-permute-rxvm-recorded-1,stderr,4,	Percent of CPU this job got: 99%
rss-Permute-permute-rxvm-recorded-1,stderr,5,	Elapsed (wall clock) time (h:mm:ss or m:ss): 0:05.75
rss-Permute-permute-rxvm-recorded-1,stderr,6,	Average shared text size (kbytes): 0
rss-Permute-permute-rxvm-recorded-1,stderr,7,	Average unshared data size (kbytes): 0
rss-Permute-permute-rxvm-recorded-1,stderr,8,	Average stack size (kbytes): 0
rss-Permute-permute-rxvm-recorded-1,stderr,9,	Average total size (kbytes): 0
rss-Permute-permute-rxvm-recorded-1,stderr,10,	Maximum resident set size (kbytes): 14004
rss-Permute-permute-rxvm-recorded-1,stderr,11,	Average resident set size (kbytes): 0
rss-Permute-permute-rxvm-recorded-1,stderr,12,	Major (requiring I/O) page faults: 0
rss-Permute-permute-rxvm-recorded-1,stderr,13,	Minor (reclaiming a frame) page faults: 3000
rss-Permute-permute-rxvm-recorded-1,stderr,14,	Voluntary context switches: 1
rss-Permute-permute-rxvm-recorded-1,stderr,15,	Involuntary context switches: 58
rss-Permute-permute-rxvm-recorded-1,stderr,16,	Swaps: 0
rss-Permute-permute-rxvm-recorded-1,stderr,17,	File system inputs: 0
rss-Permute-permute-rxvm-recorded-1,stderr,18,	File system outputs: 0
rss-Permute-permute-rxvm-recorded-1,stderr,19,	Socket messages sent: 0
rss-Permute-permute-rxvm-recorded-1,stderr,20,	Socket messages received: 0
rss-Permute-permute-rxvm-recorded-1,stderr,21,	Signals delivered: 0
rss-Permute-permute-rxvm-recorded-1,stderr,22,	Page size (bytes): 4096
rss-Permute-permute-rxvm-recorded-1,stderr,23,	Exit status: 0
rss-Permute-permute-rxbvm-recorded-1,stdout,1,benchmark=awfy_permute repetitions=5000 result=8660
rss-Permute-permute-rxbvm-recorded-1,stdout,2,PASS: AWFY Permute
rss-Permute-permute-rxbvm-recorded-1,stderr,1,"	Command being timed: ""/tmp/crexx-perf2-linux-x64.d5f0827ca/clang-release/bin/rxbvm /tmp/crexx-perf2-linux-x64.d5f0827ca/clang-release/tests/benchmarks/benchmark_awfy_permute_opt.rxbin /tmp/crexx-perf2-linux-x64.d5f0827ca/clang-release/bin/library.rxbin -a 5000"""
rss-Permute-permute-rxbvm-recorded-1,stderr,2,	User time (seconds): 5.46
rss-Permute-permute-rxbvm-recorded-1,stderr,3,	System time (seconds): 0.00
rss-Permute-permute-rxbvm-recorded-1,stderr,4,	Percent of CPU this job got: 99%
rss-Permute-permute-rxbvm-recorded-1,stderr,5,	Elapsed (wall clock) time (h:mm:ss or m:ss): 0:05.47
rss-Permute-permute-rxbvm-recorded-1,stderr,6,	Average shared text size (kbytes): 0
rss-Permute-permute-rxbvm-recorded-1,stderr,7,	Average unshared data size (kbytes): 0
rss-Permute-permute-rxbvm-recorded-1,stderr,8,	Average stack size (kbytes): 0
rss-Permute-permute-rxbvm-recorded-1,stderr,9,	Average total size (kbytes): 0
rss-Permute-permute-rxbvm-recorded-1,stderr,10,	Maximum resident set size (kbytes): 14032
rss-Permute-permute-rxbvm-recorded-1,stderr,11,	Average resident set size (kbytes): 0
rss-Permute-permute-rxbvm-recorded-1,stderr,12,	Major (requiring I/O) page faults: 0
rss-Permute-permute-rxbvm-recorded-1,stderr,13,	Minor (reclaiming a frame) page faults: 2996
rss-Permute-permute-rxbvm-recorded-1,stderr,14,	Voluntary context switches: 1
rss-Permute-permute-rxbvm-recorded-1,stderr,15,	Involuntary context switches: 48
rss-Permute-permute-rxbvm-recorded-1,stderr,16,	Swaps: 0
rss-Permute-permute-rxbvm-recorded-1,stderr,17,	File system inputs: 0
rss-Permute-permute-rxbvm-recorded-1,stderr,18,	File system outputs: 0
rss-Permute-permute-rxbvm-recorded-1,stderr,19,	Socket messages sent: 0
rss-Permute-permute-rxbvm-recorded-1,stderr,20,	Socket messages received: 0
rss-Permute-permute-rxbvm-recorded-1,stderr,21,	Signals delivered: 0
rss-Permute-permute-rxbvm-recorded-1,stderr,22,	Page size (bytes): 4096
rss-Permute-permute-rxbvm-recorded-1,stderr,23,	Exit status: 0
rss-Permute-permute-oorexx-recorded-1,stdout,1,benchmark=awfy_permute repetitions=5000 result=8660
rss-Permute-permute-oorexx-recorded-1,stdout,2,PASS: AWFY Permute Classic procedural port
rss-Permute-permute-oorexx-recorded-1,stderr,1,"	Command being timed: ""/home/adrian/.local/opt/oorexx/5.1.0-12973/bin/rexx /tmp/crexx-perf2-linux-x64.d5f0827ca/source/tests/benchmarks/cross-runtime/classic/awfy_permute.rex 5000"""
rss-Permute-permute-oorexx-recorded-1,stderr,2,	User time (seconds): 55.45
rss-Permute-permute-oorexx-recorded-1,stderr,3,	System time (seconds): 0.01
rss-Permute-permute-oorexx-recorded-1,stderr,4,	Percent of CPU this job got: 99%
rss-Permute-permute-oorexx-recorded-1,stderr,5,	Elapsed (wall clock) time (h:mm:ss or m:ss): 0:55.47
rss-Permute-permute-oorexx-recorded-1,stderr,6,	Average shared text size (kbytes): 0
rss-Permute-permute-oorexx-recorded-1,stderr,7,	Average unshared data size (kbytes): 0
rss-Permute-permute-oorexx-recorded-1,stderr,8,	Average stack size (kbytes): 0
rss-Permute-permute-oorexx-recorded-1,stderr,9,	Average total size (kbytes): 0
rss-Permute-permute-oorexx-recorded-1,stderr,10,	Maximum resident set size (kbytes): 21152
rss-Permute-permute-oorexx-recorded-1,stderr,11,	Average resident set size (kbytes): 0
rss-Permute-permute-oorexx-recorded-1,stderr,12,	Major (requiring I/O) page faults: 0
rss-Permute-permute-oorexx-recorded-1,stderr,13,	Minor (reclaiming a frame) page faults: 3884
rss-Permute-permute-oorexx-recorded-1,stderr,14,	Voluntary context switches: 4
rss-Permute-permute-oorexx-recorded-1,stderr,15,	Involuntary context switches: 562
rss-Permute-permute-oorexx-recorded-1,stderr,16,	Swaps: 0
rss-Permute-permute-oorexx-recorded-1,stderr,17,	File system inputs: 0
rss-Permute-permute-oorexx-recorded-1,stderr,18,	File system outputs: 0
rss-Permute-permute-oorexx-recorded-1,stderr,19,	Socket messages sent: 0
rss-Permute-permute-oorexx-recorded-1,stderr,20,	Socket messages received: 0
rss-Permute-permute-oorexx-recorded-1,stderr,21,	Signals delivered: 0
rss-Permute-permute-oorexx-recorded-1,stderr,22,	Page size (bytes): 4096
rss-Permute-permute-oorexx-recorded-1,stderr,23,	Exit status: 0
rss-Permute-permute-netrexx-recorded-1,stdout,1,benchmark=awfy_permute repetitions=5000 result=8660
rss-Permute-permute-netrexx-recorded-1,stdout,2,PASS: AWFY Permute NetRexx decimal port
rss-Permute-permute-netrexx-recorded-1,stderr,1,"	Command being timed: ""/home/adrian/.local/opt/temurin/26.0.1+8/bin/java -cp /tmp/crexx-perf2-linux-x64.d5f0827ca/formal-netrexx:/home/adrian/.local/opt/netrexx/5.10-GA/runlib/NetRexxR.jar awfy_permute 5000"""
rss-Permute-permute-netrexx-recorded-1,stderr,2,	User time (seconds): 3.64
rss-Permute-permute-netrexx-recorded-1,stderr,3,	System time (seconds): 0.20
rss-Permute-permute-netrexx-recorded-1,stderr,4,	Percent of CPU this job got: 111%
rss-Permute-permute-netrexx-recorded-1,stderr,5,	Elapsed (wall clock) time (h:mm:ss or m:ss): 0:03.46
rss-Permute-permute-netrexx-recorded-1,stderr,6,	Average shared text size (kbytes): 0
rss-Permute-permute-netrexx-recorded-1,stderr,7,	Average unshared data size (kbytes): 0
rss-Permute-permute-netrexx-recorded-1,stderr,8,	Average stack size (kbytes): 0
rss-Permute-permute-netrexx-recorded-1,stderr,9,	Average total size (kbytes): 0
rss-Permute-permute-netrexx-recorded-1,stderr,10,	Maximum resident set size (kbytes): 404160
rss-Permute-permute-netrexx-recorded-1,stderr,11,	Average resident set size (kbytes): 0
rss-Permute-permute-netrexx-recorded-1,stderr,12,	Major (requiring I/O) page faults: 0
rss-Permute-permute-netrexx-recorded-1,stderr,13,	Minor (reclaiming a frame) page faults: 97590
rss-Permute-permute-netrexx-recorded-1,stderr,14,	Voluntary context switches: 2446
rss-Permute-permute-netrexx-recorded-1,stderr,15,	Involuntary context switches: 75
rss-Permute-permute-netrexx-recorded-1,stderr,16,	Swaps: 0
rss-Permute-permute-netrexx-recorded-1,stderr,17,	File system inputs: 0
rss-Permute-permute-netrexx-recorded-1,stderr,18,	File system outputs: 0
rss-Permute-permute-netrexx-recorded-1,stderr,19,	Socket messages sent: 0
rss-Permute-permute-netrexx-recorded-1,stderr,20,	Socket messages received: 0
rss-Permute-permute-netrexx-recorded-1,stderr,21,	Signals delivered: 0
rss-Permute-permute-netrexx-recorded-1,stderr,22,	Page size (bytes): 4096
rss-Permute-permute-netrexx-recorded-1,stderr,23,	Exit status: 0
rss-Permute-permute-rxbvm-recorded-2,stdout,1,benchmark=awfy_permute repetitions=5000 result=8660
rss-Permute-permute-rxbvm-recorded-2,stdout,2,PASS: AWFY Permute
rss-Permute-permute-rxbvm-recorded-2,stderr,1,"	Command being timed: ""/tmp/crexx-perf2-linux-x64.d5f0827ca/clang-release/bin/rxbvm /tmp/crexx-perf2-linux-x64.d5f0827ca/clang-release/tests/benchmarks/benchmark_awfy_permute_opt.rxbin /tmp/crexx-perf2-linux-x64.d5f0827ca/clang-release/bin/library.rxbin -a 5000"""
rss-Permute-permute-rxbvm-recorded-2,stderr,2,	User time (seconds): 5.48
rss-Permute-permute-rxbvm-recorded-2,stderr,3,	System time (seconds): 0.00
rss-Permute-permute-rxbvm-recorded-2,stderr,4,	Percent of CPU this job got: 99%
rss-Permute-permute-rxbvm-recorded-2,stderr,5,	Elapsed (wall clock) time (h:mm:ss or m:ss): 0:05.49
rss-Permute-permute-rxbvm-recorded-2,stderr,6,	Average shared text size (kbytes): 0
rss-Permute-permute-rxbvm-recorded-2,stderr,7,	Average unshared data size (kbytes): 0
rss-Permute-permute-rxbvm-recorded-2,stderr,8,	Average stack size (kbytes): 0
rss-Permute-permute-rxbvm-recorded-2,stderr,9,	Average total size (kbytes): 0
rss-Permute-permute-rxbvm-recorded-2,stderr,10,	Maximum resident set size (kbytes): 14068
rss-Permute-permute-rxbvm-recorded-2,stderr,11,	Average resident set size (kbytes): 0
rss-Permute-permute-rxbvm-recorded-2,stderr,12,	Major (requiring I/O) page faults: 0
rss-Permute-permute-rxbvm-recorded-2,stderr,13,	Minor (reclaiming a frame) page faults: 2998
rss-Permute-permute-rxbvm-recorded-2,stderr,14,	Voluntary context switches: 1
rss-Permute-permute-rxbvm-recorded-2,stderr,15,	Involuntary context switches: 56
rss-Permute-permute-rxbvm-recorded-2,stderr,16,	Swaps: 0
rss-Permute-permute-rxbvm-recorded-2,stderr,17,	File system inputs: 0
rss-Permute-permute-rxbvm-recorded-2,stderr,18,	File system outputs: 0
rss-Permute-permute-rxbvm-recorded-2,stderr,19,	Socket messages sent: 0
rss-Permute-permute-rxbvm-recorded-2,stderr,20,	Socket messages received: 0
rss-Permute-permute-rxbvm-recorded-2,stderr,21,	Signals delivered: 0
rss-Permute-permute-rxbvm-recorded-2,stderr,22,	Page size (bytes): 4096
rss-Permute-permute-rxbvm-recorded-2,stderr,23,	Exit status: 0
rss-Permute-permute-oorexx-recorded-2,stdout,1,benchmark=awfy_permute repetitions=5000 result=8660
rss-Permute-permute-oorexx-recorded-2,stdout,2,PASS: AWFY Permute Classic procedural port
rss-Permute-permute-oorexx-recorded-2,stderr,1,"	Command being timed: ""/home/adrian/.local/opt/oorexx/5.1.0-12973/bin/rexx /tmp/crexx-perf2-linux-x64.d5f0827ca/source/tests/benchmarks/cross-runtime/classic/awfy_permute.rex 5000"""
rss-Permute-permute-oorexx-recorded-2,stderr,2,	User time (seconds): 55.76
rss-Permute-permute-oorexx-recorded-2,stderr,3,	System time (seconds): 0.00
rss-Permute-permute-oorexx-recorded-2,stderr,4,	Percent of CPU this job got: 99%
rss-Permute-permute-oorexx-recorded-2,stderr,5,	Elapsed (wall clock) time (h:mm:ss or m:ss): 0:55.77
rss-Permute-permute-oorexx-recorded-2,stderr,6,	Average shared text size (kbytes): 0
rss-Permute-permute-oorexx-recorded-2,stderr,7,	Average unshared data size (kbytes): 0
rss-Permute-permute-oorexx-recorded-2,stderr,8,	Average stack size (kbytes): 0
rss-Permute-permute-oorexx-recorded-2,stderr,9,	Average total size (kbytes): 0
rss-Permute-permute-oorexx-recorded-2,stderr,10,	Maximum resident set size (kbytes): 21208
rss-Permute-permute-oorexx-recorded-2,stderr,11,	Average resident set size (kbytes): 0
rss-Permute-permute-oorexx-recorded-2,stderr,12,	Major (requiring I/O) page faults: 0
rss-Permute-permute-oorexx-recorded-2,stderr,13,	Minor (reclaiming a frame) page faults: 3884
rss-Permute-permute-oorexx-recorded-2,stderr,14,	Voluntary context switches: 4
rss-Permute-permute-oorexx-recorded-2,stderr,15,	Involuntary context switches: 610
rss-Permute-permute-oorexx-recorded-2,stderr,16,	Swaps: 0
rss-Permute-permute-oorexx-recorded-2,stderr,17,	File system inputs: 0
rss-Permute-permute-oorexx-recorded-2,stderr,18,	File system outputs: 0
rss-Permute-permute-oorexx-recorded-2,stderr,19,	Socket messages sent: 0
rss-Permute-permute-oorexx-recorded-2,stderr,20,	Socket messages received: 0
rss-Permute-permute-oorexx-recorded-2,stderr,21,	Signals delivered: 0
rss-Permute-permute-oorexx-recorded-2,stderr,22,	Page size (bytes): 4096
rss-Permute-permute-oorexx-recorded-2,stderr,23,	Exit status: 0
rss-Permute-permute-netrexx-recorded-2,stdout,1,benchmark=awfy_permute repetitions=5000 result=8660
rss-Permute-permute-netrexx-recorded-2,stdout,2,PASS: AWFY Permute NetRexx decimal port
rss-Permute-permute-netrexx-recorded-2,stderr,1,"	Command being timed: ""/home/adrian/.local/opt/temurin/26.0.1+8/bin/java -cp /tmp/crexx-perf2-linux-x64.d5f0827ca/formal-netrexx:/home/adrian/.local/opt/netrexx/5.10-GA/runlib/NetRexxR.jar awfy_permute 5000"""
rss-Permute-permute-netrexx-recorded-2,stderr,2,	User time (seconds): 3.70
rss-Permute-permute-netrexx-recorded-2,stderr,3,	System time (seconds): 0.10
rss-Permute-permute-netrexx-recorded-2,stderr,4,	Percent of CPU this job got: 111%
rss-Permute-permute-netrexx-recorded-2,stderr,5,	Elapsed (wall clock) time (h:mm:ss or m:ss): 0:03.41
rss-Permute-permute-netrexx-recorded-2,stderr,6,	Average shared text size (kbytes): 0
rss-Permute-permute-netrexx-recorded-2,stderr,7,	Average unshared data size (kbytes): 0
rss-Permute-permute-netrexx-recorded-2,stderr,8,	Average stack size (kbytes): 0
rss-Permute-permute-netrexx-recorded-2,stderr,9,	Average total size (kbytes): 0
rss-Permute-permute-netrexx-recorded-2,stderr,10,	Maximum resident set size (kbytes): 230876
rss-Permute-permute-netrexx-recorded-2,stderr,11,	Average resident set size (kbytes): 0
rss-Permute-permute-netrexx-recorded-2,stderr,12,	Major (requiring I/O) page faults: 0
rss-Permute-permute-netrexx-recorded-2,stderr,13,	Minor (reclaiming a frame) page faults: 52371
rss-Permute-permute-netrexx-recorded-2,stderr,14,	Voluntary context switches: 2592
rss-Permute-permute-netrexx-recorded-2,stderr,15,	Involuntary context switches: 51
rss-Permute-permute-netrexx-recorded-2,stderr,16,	Swaps: 0
rss-Permute-permute-netrexx-recorded-2,stderr,17,	File system inputs: 0
rss-Permute-permute-netrexx-recorded-2,stderr,18,	File system outputs: 0
rss-Permute-permute-netrexx-recorded-2,stderr,19,	Socket messages sent: 0
rss-Permute-permute-netrexx-recorded-2,stderr,20,	Socket messages received: 0
rss-Permute-permute-netrexx-recorded-2,stderr,21,	Signals delivered: 0
rss-Permute-permute-netrexx-recorded-2,stderr,22,	Page size (bytes): 4096
rss-Permute-permute-netrexx-recorded-2,stderr,23,	Exit status: 0
rss-Permute-permute-rxvm-recorded-2,stdout,1,benchmark=awfy_permute repetitions=5000 result=8660
rss-Permute-permute-rxvm-recorded-2,stdout,2,PASS: AWFY Permute
rss-Permute-permute-rxvm-recorded-2,stderr,1,"	Command being timed: ""/tmp/crexx-perf2-linux-x64.d5f0827ca/clang-release/bin/rxvm /tmp/crexx-perf2-linux-x64.d5f0827ca/clang-release/tests/benchmarks/benchmark_awfy_permute_opt.rxbin /tmp/crexx-perf2-linux-x64.d5f0827ca/clang-release/bin/library.rxbin -a 5000"""
rss-Permute-permute-rxvm-recorded-2,stderr,2,	User time (seconds): 5.80
rss-Permute-permute-rxvm-recorded-2,stderr,3,	System time (seconds): 0.00
rss-Permute-permute-rxvm-recorded-2,stderr,4,	Percent of CPU this job got: 99%
rss-Permute-permute-rxvm-recorded-2,stderr,5,	Elapsed (wall clock) time (h:mm:ss or m:ss): 0:05.81
rss-Permute-permute-rxvm-recorded-2,stderr,6,	Average shared text size (kbytes): 0
rss-Permute-permute-rxvm-recorded-2,stderr,7,	Average unshared data size (kbytes): 0
rss-Permute-permute-rxvm-recorded-2,stderr,8,	Average stack size (kbytes): 0
rss-Permute-permute-rxvm-recorded-2,stderr,9,	Average total size (kbytes): 0
rss-Permute-permute-rxvm-recorded-2,stderr,10,	Maximum resident set size (kbytes): 14004
rss-Permute-permute-rxvm-recorded-2,stderr,11,	Average resident set size (kbytes): 0
rss-Permute-permute-rxvm-recorded-2,stderr,12,	Major (requiring I/O) page faults: 0
rss-Permute-permute-rxvm-recorded-2,stderr,13,	Minor (reclaiming a frame) page faults: 2999
rss-Permute-permute-rxvm-recorded-2,stderr,14,	Voluntary context switches: 1
rss-Permute-permute-rxvm-recorded-2,stderr,15,	Involuntary context switches: 58
rss-Permute-permute-rxvm-recorded-2,stderr,16,	Swaps: 0
rss-Permute-permute-rxvm-recorded-2,stderr,17,	File system inputs: 0
rss-Permute-permute-rxvm-recorded-2,stderr,18,	File system outputs: 0
rss-Permute-permute-rxvm-recorded-2,stderr,19,	Socket messages sent: 0
rss-Permute-permute-rxvm-recorded-2,stderr,20,	Socket messages received: 0
rss-Permute-permute-rxvm-recorded-2,stderr,21,	Signals delivered: 0
rss-Permute-permute-rxvm-recorded-2,stderr,22,	Page size (bytes): 4096
rss-Permute-permute-rxvm-recorded-2,stderr,23,	Exit status: 0
rss-Permute-permute-oorexx-recorded-3,stdout,1,benchmark=awfy_permute repetitions=5000 result=8660
rss-Permute-permute-oorexx-recorded-3,stdout,2,PASS: AWFY Permute Classic procedural port
rss-Permute-permute-oorexx-recorded-3,stderr,1,"	Command being timed: ""/home/adrian/.local/opt/oorexx/5.1.0-12973/bin/rexx /tmp/crexx-perf2-linux-x64.d5f0827ca/source/tests/benchmarks/cross-runtime/classic/awfy_permute.rex 5000"""
rss-Permute-permute-oorexx-recorded-3,stderr,2,	User time (seconds): 54.88
rss-Permute-permute-oorexx-recorded-3,stderr,3,	System time (seconds): 0.00
rss-Permute-permute-oorexx-recorded-3,stderr,4,	Percent of CPU this job got: 99%
rss-Permute-permute-oorexx-recorded-3,stderr,5,	Elapsed (wall clock) time (h:mm:ss or m:ss): 0:54.89
rss-Permute-permute-oorexx-recorded-3,stderr,6,	Average shared text size (kbytes): 0
rss-Permute-permute-oorexx-recorded-3,stderr,7,	Average unshared data size (kbytes): 0
rss-Permute-permute-oorexx-recorded-3,stderr,8,	Average stack size (kbytes): 0
rss-Permute-permute-oorexx-recorded-3,stderr,9,	Average total size (kbytes): 0
rss-Permute-permute-oorexx-recorded-3,stderr,10,	Maximum resident set size (kbytes): 21204
rss-Permute-permute-oorexx-recorded-3,stderr,11,	Average resident set size (kbytes): 0
rss-Permute-permute-oorexx-recorded-3,stderr,12,	Major (requiring I/O) page faults: 0
rss-Permute-permute-oorexx-recorded-3,stderr,13,	Minor (reclaiming a frame) page faults: 3885
rss-Permute-permute-oorexx-recorded-3,stderr,14,	Voluntary context switches: 5
rss-Permute-permute-oorexx-recorded-3,stderr,15,	Involuntary context switches: 598
rss-Permute-permute-oorexx-recorded-3,stderr,16,	Swaps: 0
rss-Permute-permute-oorexx-recorded-3,stderr,17,	File system inputs: 0
rss-Permute-permute-oorexx-recorded-3,stderr,18,	File system outputs: 0
rss-Permute-permute-oorexx-recorded-3,stderr,19,	Socket messages sent: 0
rss-Permute-permute-oorexx-recorded-3,stderr,20,	Socket messages received: 0
rss-Permute-permute-oorexx-recorded-3,stderr,21,	Signals delivered: 0
rss-Permute-permute-oorexx-recorded-3,stderr,22,	Page size (bytes): 4096
rss-Permute-permute-oorexx-recorded-3,stderr,23,	Exit status: 0
rss-Permute-permute-netrexx-recorded-3,stdout,1,benchmark=awfy_permute repetitions=5000 result=8660
rss-Permute-permute-netrexx-recorded-3,stdout,2,PASS: AWFY Permute NetRexx decimal port
rss-Permute-permute-netrexx-recorded-3,stderr,1,"	Command being timed: ""/home/adrian/.local/opt/temurin/26.0.1+8/bin/java -cp /tmp/crexx-perf2-linux-x64.d5f0827ca/formal-netrexx:/home/adrian/.local/opt/netrexx/5.10-GA/runlib/NetRexxR.jar awfy_permute 5000"""
rss-Permute-permute-netrexx-recorded-3,stderr,2,	User time (seconds): 3.97
rss-Permute-permute-netrexx-recorded-3,stderr,3,	System time (seconds): 0.13
rss-Permute-permute-netrexx-recorded-3,stderr,4,	Percent of CPU this job got: 110%
rss-Permute-permute-netrexx-recorded-3,stderr,5,	Elapsed (wall clock) time (h:mm:ss or m:ss): 0:03.72
rss-Permute-permute-netrexx-recorded-3,stderr,6,	Average shared text size (kbytes): 0
rss-Permute-permute-netrexx-recorded-3,stderr,7,	Average unshared data size (kbytes): 0
rss-Permute-permute-netrexx-recorded-3,stderr,8,	Average stack size (kbytes): 0
rss-Permute-permute-netrexx-recorded-3,stderr,9,	Average total size (kbytes): 0
rss-Permute-permute-netrexx-recorded-3,stderr,10,	Maximum resident set size (kbytes): 226788
rss-Permute-permute-netrexx-recorded-3,stderr,11,	Average resident set size (kbytes): 0
rss-Permute-permute-netrexx-recorded-3,stderr,12,	Major (requiring I/O) page faults: 0
rss-Permute-permute-netrexx-recorded-3,stderr,13,	Minor (reclaiming a frame) page faults: 51223
rss-Permute-permute-netrexx-recorded-3,stderr,14,	Voluntary context switches: 2704
rss-Permute-permute-netrexx-recorded-3,stderr,15,	Involuntary context switches: 38
rss-Permute-permute-netrexx-recorded-3,stderr,16,	Swaps: 0
rss-Permute-permute-netrexx-recorded-3,stderr,17,	File system inputs: 0
rss-Permute-permute-netrexx-recorded-3,stderr,18,	File system outputs: 0
rss-Permute-permute-netrexx-recorded-3,stderr,19,	Socket messages sent: 0
rss-Permute-permute-netrexx-recorded-3,stderr,20,	Socket messages received: 0
rss-Permute-permute-netrexx-recorded-3,stderr,21,	Signals delivered: 0
rss-Permute-permute-netrexx-recorded-3,stderr,22,	Page size (bytes): 4096
rss-Permute-permute-netrexx-recorded-3,stderr,23,	Exit status: 0
rss-Permute-permute-rxvm-recorded-3,stdout,1,benchmark=awfy_permute repetitions=5000 result=8660
rss-Permute-permute-rxvm-recorded-3,stdout,2,PASS: AWFY Permute
rss-Permute-permute-rxvm-recorded-3,stderr,1,"	Command being timed: ""/tmp/crexx-perf2-linux-x64.d5f0827ca/clang-release/bin/rxvm /tmp/crexx-perf2-linux-x64.d5f0827ca/clang-release/tests/benchmarks/benchmark_awfy_permute_opt.rxbin /tmp/crexx-perf2-linux-x64.d5f0827ca/clang-release/bin/library.rxbin -a 5000"""
rss-Permute-permute-rxvm-recorded-3,stderr,2,	User time (seconds): 6.04
rss-Permute-permute-rxvm-recorded-3,stderr,3,	System time (seconds): 0.00
rss-Permute-permute-rxvm-recorded-3,stderr,4,	Percent of CPU this job got: 99%
rss-Permute-permute-rxvm-recorded-3,stderr,5,	Elapsed (wall clock) time (h:mm:ss or m:ss): 0:06.04
rss-Permute-permute-rxvm-recorded-3,stderr,6,	Average shared text size (kbytes): 0
rss-Permute-permute-rxvm-recorded-3,stderr,7,	Average unshared data size (kbytes): 0
rss-Permute-permute-rxvm-recorded-3,stderr,8,	Average stack size (kbytes): 0
rss-Permute-permute-rxvm-recorded-3,stderr,9,	Average total size (kbytes): 0
rss-Permute-permute-rxvm-recorded-3,stderr,10,	Maximum resident set size (kbytes): 14160
rss-Permute-permute-rxvm-recorded-3,stderr,11,	Average resident set size (kbytes): 0
rss-Permute-permute-rxvm-recorded-3,stderr,12,	Major (requiring I/O) page faults: 0
rss-Permute-permute-rxvm-recorded-3,stderr,13,	Minor (reclaiming a frame) page faults: 3001
rss-Permute-permute-rxvm-recorded-3,stderr,14,	Voluntary context switches: 1
rss-Permute-permute-rxvm-recorded-3,stderr,15,	Involuntary context switches: 70
rss-Permute-permute-rxvm-recorded-3,stderr,16,	Swaps: 0
rss-Permute-permute-rxvm-recorded-3,stderr,17,	File system inputs: 0
rss-Permute-permute-rxvm-recorded-3,stderr,18,	File system outputs: 0
rss-Permute-permute-rxvm-recorded-3,stderr,19,	Socket messages sent: 0
rss-Permute-permute-rxvm-recorded-3,stderr,20,	Socket messages received: 0
rss-Permute-permute-rxvm-recorded-3,stderr,21,	Signals delivered: 0
rss-Permute-permute-rxvm-recorded-3,stderr,22,	Page size (bytes): 4096
rss-Permute-permute-rxvm-recorded-3,stderr,23,	Exit status: 0
rss-Permute-permute-rxbvm-recorded-3,stdout,1,benchmark=awfy_permute repetitions=5000 result=8660
rss-Permute-permute-rxbvm-recorded-3,stdout,2,PASS: AWFY Permute
rss-Permute-permute-rxbvm-recorded-3,stderr,1,"	Command being timed: ""/tmp/crexx-perf2-linux-x64.d5f0827ca/clang-release/bin/rxbvm /tmp/crexx-perf2-linux-x64.d5f0827ca/clang-release/tests/benchmarks/benchmark_awfy_permute_opt.rxbin /tmp/crexx-perf2-linux-x64.d5f0827ca/clang-release/bin/library.rxbin -a 5000"""
rss-Permute-permute-rxbvm-recorded-3,stderr,2,	User time (seconds): 5.53
rss-Permute-permute-rxbvm-recorded-3,stderr,3,	System time (seconds): 0.00
rss-Permute-permute-rxbvm-recorded-3,stderr,4,	Percent of CPU this job got: 99%
rss-Permute-permute-rxbvm-recorded-3,stderr,5,	Elapsed (wall clock) time (h:mm:ss or m:ss): 0:05.54
rss-Permute-permute-rxbvm-recorded-3,stderr,6,	Average shared text size (kbytes): 0
rss-Permute-permute-rxbvm-recorded-3,stderr,7,	Average unshared data size (kbytes): 0
rss-Permute-permute-rxbvm-recorded-3,stderr,8,	Average stack size (kbytes): 0
rss-Permute-permute-rxbvm-recorded-3,stderr,9,	Average total size (kbytes): 0
rss-Permute-permute-rxbvm-recorded-3,stderr,10,	Maximum resident set size (kbytes): 14072
rss-Permute-permute-rxbvm-recorded-3,stderr,11,	Average resident set size (kbytes): 0
rss-Permute-permute-rxbvm-recorded-3,stderr,12,	Major (requiring I/O) page faults: 0
rss-Permute-permute-rxbvm-recorded-3,stderr,13,	Minor (reclaiming a frame) page faults: 2997
rss-Permute-permute-rxbvm-recorded-3,stderr,14,	Voluntary context switches: 1
rss-Permute-permute-rxbvm-recorded-3,stderr,15,	Involuntary context switches: 52
rss-Permute-permute-rxbvm-recorded-3,stderr,16,	Swaps: 0
rss-Permute-permute-rxbvm-recorded-3,stderr,17,	File system inputs: 0
rss-Permute-permute-rxbvm-recorded-3,stderr,18,	File system outputs: 0
rss-Permute-permute-rxbvm-recorded-3,stderr,19,	Socket messages sent: 0
rss-Permute-permute-rxbvm-recorded-3,stderr,20,	Socket messages received: 0
rss-Permute-permute-rxbvm-recorded-3,stderr,21,	Signals delivered: 0
rss-Permute-permute-rxbvm-recorded-3,stderr,22,	Page size (bytes): 4096
rss-Permute-permute-rxbvm-recorded-3,stderr,23,	Exit status: 0
rss-Bounce-bounce-rxvm-recorded-1,stdout,1,benchmark=awfy_bounce repetitions=4200 result=1331
rss-Bounce-bounce-rxvm-recorded-1,stdout,2,PASS: AWFY Bounce
rss-Bounce-bounce-rxvm-recorded-1,stderr,1,"	Command being timed: ""/tmp/crexx-perf2-linux-x64.d5f0827ca/clang-release/bin/rxvm /tmp/crexx-perf2-linux-x64.d5f0827ca/clang-release/tests/benchmarks/benchmark_awfy_bounce_opt.rxbin /tmp/crexx-perf2-linux-x64.d5f0827ca/clang-release/bin/library.rxbin -a 4200"""
rss-Bounce-bounce-rxvm-recorded-1,stderr,2,	User time (seconds): 3.27
rss-Bounce-bounce-rxvm-recorded-1,stderr,3,	System time (seconds): 0.00
rss-Bounce-bounce-rxvm-recorded-1,stderr,4,	Percent of CPU this job got: 99%
rss-Bounce-bounce-rxvm-recorded-1,stderr,5,	Elapsed (wall clock) time (h:mm:ss or m:ss): 0:03.27
rss-Bounce-bounce-rxvm-recorded-1,stderr,6,	Average shared text size (kbytes): 0
rss-Bounce-bounce-rxvm-recorded-1,stderr,7,	Average unshared data size (kbytes): 0
rss-Bounce-bounce-rxvm-recorded-1,stderr,8,	Average stack size (kbytes): 0
rss-Bounce-bounce-rxvm-recorded-1,stderr,9,	Average total size (kbytes): 0
rss-Bounce-bounce-rxvm-recorded-1,stderr,10,	Maximum resident set size (kbytes): 14096
rss-Bounce-bounce-rxvm-recorded-1,stderr,11,	Average resident set size (kbytes): 0
rss-Bounce-bounce-rxvm-recorded-1,stderr,12,	Major (requiring I/O) page faults: 0
rss-Bounce-bounce-rxvm-recorded-1,stderr,13,	Minor (reclaiming a frame) page faults: 3063
rss-Bounce-bounce-rxvm-recorded-1,stderr,14,	Voluntary context switches: 1
rss-Bounce-bounce-rxvm-recorded-1,stderr,15,	Involuntary context switches: 36
rss-Bounce-bounce-rxvm-recorded-1,stderr,16,	Swaps: 0
rss-Bounce-bounce-rxvm-recorded-1,stderr,17,	File system inputs: 0
rss-Bounce-bounce-rxvm-recorded-1,stderr,18,	File system outputs: 0
rss-Bounce-bounce-rxvm-recorded-1,stderr,19,	Socket messages sent: 0
rss-Bounce-bounce-rxvm-recorded-1,stderr,20,	Socket messages received: 0
rss-Bounce-bounce-rxvm-recorded-1,stderr,21,	Signals delivered: 0
rss-Bounce-bounce-rxvm-recorded-1,stderr,22,	Page size (bytes): 4096
rss-Bounce-bounce-rxvm-recorded-1,stderr,23,	Exit status: 0
rss-Bounce-bounce-rxbvm-recorded-1,stdout,1,benchmark=awfy_bounce repetitions=4200 result=1331
rss-Bounce-bounce-rxbvm-recorded-1,stdout,2,PASS: AWFY Bounce
rss-Bounce-bounce-rxbvm-recorded-1,stderr,1,"	Command being timed: ""/tmp/crexx-perf2-linux-x64.d5f0827ca/clang-release/bin/rxbvm /tmp/crexx-perf2-linux-x64.d5f0827ca/clang-release/tests/benchmarks/benchmark_awfy_bounce_opt.rxbin /tmp/crexx-perf2-linux-x64.d5f0827ca/clang-release/bin/library.rxbin -a 4200"""
rss-Bounce-bounce-rxbvm-recorded-1,stderr,2,	User time (seconds): 2.99
rss-Bounce-bounce-rxbvm-recorded-1,stderr,3,	System time (seconds): 0.00
rss-Bounce-bounce-rxbvm-recorded-1,stderr,4,	Percent of CPU this job got: 99%
rss-Bounce-bounce-rxbvm-recorded-1,stderr,5,	Elapsed (wall clock) time (h:mm:ss or m:ss): 0:03.00
rss-Bounce-bounce-rxbvm-recorded-1,stderr,6,	Average shared text size (kbytes): 0
rss-Bounce-bounce-rxbvm-recorded-1,stderr,7,	Average unshared data size (kbytes): 0
rss-Bounce-bounce-rxbvm-recorded-1,stderr,8,	Average stack size (kbytes): 0
rss-Bounce-bounce-rxbvm-recorded-1,stderr,9,	Average total size (kbytes): 0
rss-Bounce-bounce-rxbvm-recorded-1,stderr,10,	Maximum resident set size (kbytes): 13996
rss-Bounce-bounce-rxbvm-recorded-1,stderr,11,	Average resident set size (kbytes): 0
rss-Bounce-bounce-rxbvm-recorded-1,stderr,12,	Major (requiring I/O) page faults: 0
rss-Bounce-bounce-rxbvm-recorded-1,stderr,13,	Minor (reclaiming a frame) page faults: 3060
rss-Bounce-bounce-rxbvm-recorded-1,stderr,14,	Voluntary context switches: 1
rss-Bounce-bounce-rxbvm-recorded-1,stderr,15,	Involuntary context switches: 32
rss-Bounce-bounce-rxbvm-recorded-1,stderr,16,	Swaps: 0
rss-Bounce-bounce-rxbvm-recorded-1,stderr,17,	File system inputs: 0
rss-Bounce-bounce-rxbvm-recorded-1,stderr,18,	File system outputs: 0
rss-Bounce-bounce-rxbvm-recorded-1,stderr,19,	Socket messages sent: 0
rss-Bounce-bounce-rxbvm-recorded-1,stderr,20,	Socket messages received: 0
rss-Bounce-bounce-rxbvm-recorded-1,stderr,21,	Signals delivered: 0
rss-Bounce-bounce-rxbvm-recorded-1,stderr,22,	Page size (bytes): 4096
rss-Bounce-bounce-rxbvm-recorded-1,stderr,23,	Exit status: 0
rss-Bounce-bounce-oorexx-recorded-1,stdout,1,benchmark=awfy_bounce repetitions=4200 result=1331
rss-Bounce-bounce-oorexx-recorded-1,stdout,2,PASS: AWFY Bounce ooRexx object port
rss-Bounce-bounce-oorexx-recorded-1,stderr,1,"	Command being timed: ""/home/adrian/.local/opt/oorexx/5.1.0-12973/bin/rexx /tmp/crexx-perf2-linux-x64.d5f0827ca/source/tests/benchmarks/cross-runtime/oorexx/awfy_bounce.rex 4200"""
rss-Bounce-bounce-oorexx-recorded-1,stderr,2,	User time (seconds): 16.00
rss-Bounce-bounce-oorexx-recorded-1,stderr,3,	System time (seconds): 0.00
rss-Bounce-bounce-oorexx-recorded-1,stderr,4,	Percent of CPU this job got: 99%
rss-Bounce-bounce-oorexx-recorded-1,stderr,5,	Elapsed (wall clock) time (h:mm:ss or m:ss): 0:16.01
rss-Bounce-bounce-oorexx-recorded-1,stderr,6,	Average shared text size (kbytes): 0
rss-Bounce-bounce-oorexx-recorded-1,stderr,7,	Average unshared data size (kbytes): 0
rss-Bounce-bounce-oorexx-recorded-1,stderr,8,	Average stack size (kbytes): 0
rss-Bounce-bounce-oorexx-recorded-1,stderr,9,	Average total size (kbytes): 0
rss-Bounce-bounce-oorexx-recorded-1,stderr,10,	Maximum resident set size (kbytes): 21212
rss-Bounce-bounce-oorexx-recorded-1,stderr,11,	Average resident set size (kbytes): 0
rss-Bounce-bounce-oorexx-recorded-1,stderr,12,	Major (requiring I/O) page faults: 0
rss-Bounce-bounce-oorexx-recorded-1,stderr,13,	Minor (reclaiming a frame) page faults: 3883
rss-Bounce-bounce-oorexx-recorded-1,stderr,14,	Voluntary context switches: 5
rss-Bounce-bounce-oorexx-recorded-1,stderr,15,	Involuntary context switches: 172
rss-Bounce-bounce-oorexx-recorded-1,stderr,16,	Swaps: 0
rss-Bounce-bounce-oorexx-recorded-1,stderr,17,	File system inputs: 0
rss-Bounce-bounce-oorexx-recorded-1,stderr,18,	File system outputs: 0
rss-Bounce-bounce-oorexx-recorded-1,stderr,19,	Socket messages sent: 0
rss-Bounce-bounce-oorexx-recorded-1,stderr,20,	Socket messages received: 0
rss-Bounce-bounce-oorexx-recorded-1,stderr,21,	Signals delivered: 0
rss-Bounce-bounce-oorexx-recorded-1,stderr,22,	Page size (bytes): 4096
rss-Bounce-bounce-oorexx-recorded-1,stderr,23,	Exit status: 0
rss-Bounce-bounce-netrexx-recorded-1,stdout,1,benchmark=awfy_bounce repetitions=4200 result=1331
rss-Bounce-bounce-netrexx-recorded-1,stdout,2,PASS: AWFY Bounce NetRexx decimal port
rss-Bounce-bounce-netrexx-recorded-1,stderr,1,"	Command being timed: ""/home/adrian/.local/opt/temurin/26.0.1+8/bin/java -cp /tmp/crexx-perf2-linux-x64.d5f0827ca/formal-netrexx:/home/adrian/.local/opt/netrexx/5.10-GA/runlib/NetRexxR.jar awfy_bounce 4200"""
rss-Bounce-bounce-netrexx-recorded-1,stderr,2,	User time (seconds): 6.58
rss-Bounce-bounce-netrexx-recorded-1,stderr,3,	System time (seconds): 0.11
rss-Bounce-bounce-netrexx-recorded-1,stderr,4,	Percent of CPU this job got: 108%
rss-Bounce-bounce-netrexx-recorded-1,stderr,5,	Elapsed (wall clock) time (h:mm:ss or m:ss): 0:06.19
rss-Bounce-bounce-netrexx-recorded-1,stderr,6,	Average shared text size (kbytes): 0
rss-Bounce-bounce-netrexx-recorded-1,stderr,7,	Average unshared data size (kbytes): 0
rss-Bounce-bounce-netrexx-recorded-1,stderr,8,	Average stack size (kbytes): 0
rss-Bounce-bounce-netrexx-recorded-1,stderr,9,	Average total size (kbytes): 0
rss-Bounce-bounce-netrexx-recorded-1,stderr,10,	Maximum resident set size (kbytes): 203684
rss-Bounce-bounce-netrexx-recorded-1,stderr,11,	Average resident set size (kbytes): 0
rss-Bounce-bounce-netrexx-recorded-1,stderr,12,	Major (requiring I/O) page faults: 0
rss-Bounce-bounce-netrexx-recorded-1,stderr,13,	Minor (reclaiming a frame) page faults: 45288
rss-Bounce-bounce-netrexx-recorded-1,stderr,14,	Voluntary context switches: 4664
rss-Bounce-bounce-netrexx-recorded-1,stderr,15,	Involuntary context switches: 58
rss-Bounce-bounce-netrexx-recorded-1,stderr,16,	Swaps: 0
rss-Bounce-bounce-netrexx-recorded-1,stderr,17,	File system inputs: 0
rss-Bounce-bounce-netrexx-recorded-1,stderr,18,	File system outputs: 0
rss-Bounce-bounce-netrexx-recorded-1,stderr,19,	Socket messages sent: 0
rss-Bounce-bounce-netrexx-recorded-1,stderr,20,	Socket messages received: 0
rss-Bounce-bounce-netrexx-recorded-1,stderr,21,	Signals delivered: 0
rss-Bounce-bounce-netrexx-recorded-1,stderr,22,	Page size (bytes): 4096
rss-Bounce-bounce-netrexx-recorded-1,stderr,23,	Exit status: 0
rss-Bounce-bounce-rxbvm-recorded-2,stdout,1,benchmark=awfy_bounce repetitions=4200 result=1331
rss-Bounce-bounce-rxbvm-recorded-2,stdout,2,PASS: AWFY Bounce
rss-Bounce-bounce-rxbvm-recorded-2,stderr,1,"	Command being timed: ""/tmp/crexx-perf2-linux-x64.d5f0827ca/clang-release/bin/rxbvm /tmp/crexx-perf2-linux-x64.d5f0827ca/clang-release/tests/benchmarks/benchmark_awfy_bounce_opt.rxbin /tmp/crexx-perf2-linux-x64.d5f0827ca/clang-release/bin/library.rxbin -a 4200"""
rss-Bounce-bounce-rxbvm-recorded-2,stderr,2,	User time (seconds): 2.98
rss-Bounce-bounce-rxbvm-recorded-2,stderr,3,	System time (seconds): 0.00
rss-Bounce-bounce-rxbvm-recorded-2,stderr,4,	Percent of CPU this job got: 99%
rss-Bounce-bounce-rxbvm-recorded-2,stderr,5,	Elapsed (wall clock) time (h:mm:ss or m:ss): 0:02.99
rss-Bounce-bounce-rxbvm-recorded-2,stderr,6,	Average shared text size (kbytes): 0
rss-Bounce-bounce-rxbvm-recorded-2,stderr,7,	Average unshared data size (kbytes): 0
rss-Bounce-bounce-rxbvm-recorded-2,stderr,8,	Average stack size (kbytes): 0
rss-Bounce-bounce-rxbvm-recorded-2,stderr,9,	Average total size (kbytes): 0
rss-Bounce-bounce-rxbvm-recorded-2,stderr,10,	Maximum resident set size (kbytes): 13964
rss-Bounce-bounce-rxbvm-recorded-2,stderr,11,	Average resident set size (kbytes): 0
rss-Bounce-bounce-rxbvm-recorded-2,stderr,12,	Major (requiring I/O) page faults: 0
rss-Bounce-bounce-rxbvm-recorded-2,stderr,13,	Minor (reclaiming a frame) page faults: 3059
rss-Bounce-bounce-rxbvm-recorded-2,stderr,14,	Voluntary context switches: 1
rss-Bounce-bounce-rxbvm-recorded-2,stderr,15,	Involuntary context switches: 36
rss-Bounce-bounce-rxbvm-recorded-2,stderr,16,	Swaps: 0
rss-Bounce-bounce-rxbvm-recorded-2,stderr,17,	File system inputs: 0
rss-Bounce-bounce-rxbvm-recorded-2,stderr,18,	File system outputs: 0
rss-Bounce-bounce-rxbvm-recorded-2,stderr,19,	Socket messages sent: 0
rss-Bounce-bounce-rxbvm-recorded-2,stderr,20,	Socket messages received: 0
rss-Bounce-bounce-rxbvm-recorded-2,stderr,21,	Signals delivered: 0
rss-Bounce-bounce-rxbvm-recorded-2,stderr,22,	Page size (bytes): 4096
rss-Bounce-bounce-rxbvm-recorded-2,stderr,23,	Exit status: 0
rss-Bounce-bounce-oorexx-recorded-2,stdout,1,benchmark=awfy_bounce repetitions=4200 result=1331
rss-Bounce-bounce-oorexx-recorded-2,stdout,2,PASS: AWFY Bounce ooRexx object port
rss-Bounce-bounce-oorexx-recorded-2,stderr,1,"	Command being timed: ""/home/adrian/.local/opt/oorexx/5.1.0-12973/bin/rexx /tmp/crexx-perf2-linux-x64.d5f0827ca/source/tests/benchmarks/cross-runtime/oorexx/awfy_bounce.rex 4200"""
rss-Bounce-bounce-oorexx-recorded-2,stderr,2,	User time (seconds): 15.76
rss-Bounce-bounce-oorexx-recorded-2,stderr,3,	System time (seconds): 0.00
rss-Bounce-bounce-oorexx-recorded-2,stderr,4,	Percent of CPU this job got: 99%
rss-Bounce-bounce-oorexx-recorded-2,stderr,5,	Elapsed (wall clock) time (h:mm:ss or m:ss): 0:15.77
rss-Bounce-bounce-oorexx-recorded-2,stderr,6,	Average shared text size (kbytes): 0
rss-Bounce-bounce-oorexx-recorded-2,stderr,7,	Average unshared data size (kbytes): 0
rss-Bounce-bounce-oorexx-recorded-2,stderr,8,	Average stack size (kbytes): 0
rss-Bounce-bounce-oorexx-recorded-2,stderr,9,	Average total size (kbytes): 0
rss-Bounce-bounce-oorexx-recorded-2,stderr,10,	Maximum resident set size (kbytes): 21212
rss-Bounce-bounce-oorexx-recorded-2,stderr,11,	Average resident set size (kbytes): 0
rss-Bounce-bounce-oorexx-recorded-2,stderr,12,	Major (requiring I/O) page faults: 0
rss-Bounce-bounce-oorexx-recorded-2,stderr,13,	Minor (reclaiming a frame) page faults: 3883
rss-Bounce-bounce-oorexx-recorded-2,stderr,14,	Voluntary context switches: 4
rss-Bounce-bounce-oorexx-recorded-2,stderr,15,	Involuntary context switches: 171
rss-Bounce-bounce-oorexx-recorded-2,stderr,16,	Swaps: 0
rss-Bounce-bounce-oorexx-recorded-2,stderr,17,	File system inputs: 0
rss-Bounce-bounce-oorexx-recorded-2,stderr,18,	File system outputs: 0
rss-Bounce-bounce-oorexx-recorded-2,stderr,19,	Socket messages sent: 0
rss-Bounce-bounce-oorexx-recorded-2,stderr,20,	Socket messages received: 0
rss-Bounce-bounce-oorexx-recorded-2,stderr,21,	Signals delivered: 0
rss-Bounce-bounce-oorexx-recorded-2,stderr,22,	Page size (bytes): 4096
rss-Bounce-bounce-oorexx-recorded-2,stderr,23,	Exit status: 0
rss-Bounce-bounce-netrexx-recorded-2,stdout,1,benchmark=awfy_bounce repetitions=4200 result=1331
rss-Bounce-bounce-netrexx-recorded-2,stdout,2,PASS: AWFY Bounce NetRexx decimal port
rss-Bounce-bounce-netrexx-recorded-2,stderr,1,"	Command being timed: ""/home/adrian/.local/opt/temurin/26.0.1+8/bin/java -cp /tmp/crexx-perf2-linux-x64.d5f0827ca/formal-netrexx:/home/adrian/.local/opt/netrexx/5.10-GA/runlib/NetRexxR.jar awfy_bounce 4200"""
rss-Bounce-bounce-netrexx-recorded-2,stderr,2,	User time (seconds): 6.54
rss-Bounce-bounce-netrexx-recorded-2,stderr,3,	System time (seconds): 0.11
rss-Bounce-bounce-netrexx-recorded-2,stderr,4,	Percent of CPU this job got: 108%
rss-Bounce-bounce-netrexx-recorded-2,stderr,5,	Elapsed (wall clock) time (h:mm:ss or m:ss): 0:06.14
rss-Bounce-bounce-netrexx-recorded-2,stderr,6,	Average shared text size (kbytes): 0
rss-Bounce-bounce-netrexx-recorded-2,stderr,7,	Average unshared data size (kbytes): 0
rss-Bounce-bounce-netrexx-recorded-2,stderr,8,	Average stack size (kbytes): 0
rss-Bounce-bounce-netrexx-recorded-2,stderr,9,	Average total size (kbytes): 0
rss-Bounce-bounce-netrexx-recorded-2,stderr,10,	Maximum resident set size (kbytes): 169468
rss-Bounce-bounce-netrexx-recorded-2,stderr,11,	Average resident set size (kbytes): 0
rss-Bounce-bounce-netrexx-recorded-2,stderr,12,	Major (requiring I/O) page faults: 0
rss-Bounce-bounce-netrexx-recorded-2,stderr,13,	Minor (reclaiming a frame) page faults: 36823
rss-Bounce-bounce-netrexx-recorded-2,stderr,14,	Voluntary context switches: 4617
rss-Bounce-bounce-netrexx-recorded-2,stderr,15,	Involuntary context switches: 68
rss-Bounce-bounce-netrexx-recorded-2,stderr,16,	Swaps: 0
rss-Bounce-bounce-netrexx-recorded-2,stderr,17,	File system inputs: 0
rss-Bounce-bounce-netrexx-recorded-2,stderr,18,	File system outputs: 0
rss-Bounce-bounce-netrexx-recorded-2,stderr,19,	Socket messages sent: 0
rss-Bounce-bounce-netrexx-recorded-2,stderr,20,	Socket messages received: 0
rss-Bounce-bounce-netrexx-recorded-2,stderr,21,	Signals delivered: 0
rss-Bounce-bounce-netrexx-recorded-2,stderr,22,	Page size (bytes): 4096
rss-Bounce-bounce-netrexx-recorded-2,stderr,23,	Exit status: 0
rss-Bounce-bounce-rxvm-recorded-2,stdout,1,benchmark=awfy_bounce repetitions=4200 result=1331
rss-Bounce-bounce-rxvm-recorded-2,stdout,2,PASS: AWFY Bounce
rss-Bounce-bounce-rxvm-recorded-2,stderr,1,"	Command being timed: ""/tmp/crexx-perf2-linux-x64.d5f0827ca/clang-release/bin/rxvm /tmp/crexx-perf2-linux-x64.d5f0827ca/clang-release/tests/benchmarks/benchmark_awfy_bounce_opt.rxbin /tmp/crexx-perf2-linux-x64.d5f0827ca/clang-release/bin/library.rxbin -a 4200"""
rss-Bounce-bounce-rxvm-recorded-2,stderr,2,	User time (seconds): 3.15
rss-Bounce-bounce-rxvm-recorded-2,stderr,3,	System time (seconds): 0.00
rss-Bounce-bounce-rxvm-recorded-2,stderr,4,	Percent of CPU this job got: 99%
rss-Bounce-bounce-rxvm-recorded-2,stderr,5,	Elapsed (wall clock) time (h:mm:ss or m:ss): 0:03.15
rss-Bounce-bounce-rxvm-recorded-2,stderr,6,	Average shared text size (kbytes): 0
rss-Bounce-bounce-rxvm-recorded-2,stderr,7,	Average unshared data size (kbytes): 0
rss-Bounce-bounce-rxvm-recorded-2,stderr,8,	Average stack size (kbytes): 0
rss-Bounce-bounce-rxvm-recorded-2,stderr,9,	Average total size (kbytes): 0
rss-Bounce-bounce-rxvm-recorded-2,stderr,10,	Maximum resident set size (kbytes): 14032
rss-Bounce-bounce-rxvm-recorded-2,stderr,11,	Average resident set size (kbytes): 0
rss-Bounce-bounce-rxvm-recorded-2,stderr,12,	Major (requiring I/O) page faults: 0
rss-Bounce-bounce-rxvm-recorded-2,stderr,13,	Minor (reclaiming a frame) page faults: 3061
rss-Bounce-bounce-rxvm-recorded-2,stderr,14,	Voluntary context switches: 1
rss-Bounce-bounce-rxvm-recorded-2,stderr,15,	Involuntary context switches: 27
rss-Bounce-bounce-rxvm-recorded-2,stderr,16,	Swaps: 0
rss-Bounce-bounce-rxvm-recorded-2,stderr,17,	File system inputs: 0
rss-Bounce-bounce-rxvm-recorded-2,stderr,18,	File system outputs: 0
rss-Bounce-bounce-rxvm-recorded-2,stderr,19,	Socket messages sent: 0
rss-Bounce-bounce-rxvm-recorded-2,stderr,20,	Socket messages received: 0
rss-Bounce-bounce-rxvm-recorded-2,stderr,21,	Signals delivered: 0
rss-Bounce-bounce-rxvm-recorded-2,stderr,22,	Page size (bytes): 4096
rss-Bounce-bounce-rxvm-recorded-2,stderr,23,	Exit status: 0
rss-Bounce-bounce-oorexx-recorded-3,stdout,1,benchmark=awfy_bounce repetitions=4200 result=1331
rss-Bounce-bounce-oorexx-recorded-3,stdout,2,PASS: AWFY Bounce ooRexx object port
rss-Bounce-bounce-oorexx-recorded-3,stderr,1,"	Command being timed: ""/home/adrian/.local/opt/oorexx/5.1.0-12973/bin/rexx /tmp/crexx-perf2-linux-x64.d5f0827ca/source/tests/benchmarks/cross-runtime/oorexx/awfy_bounce.rex 4200"""
rss-Bounce-bounce-oorexx-recorded-3,stderr,2,	User time (seconds): 16.17
rss-Bounce-bounce-oorexx-recorded-3,stderr,3,	System time (seconds): 0.00
rss-Bounce-bounce-oorexx-recorded-3,stderr,4,	Percent of CPU this job got: 99%
rss-Bounce-bounce-oorexx-recorded-3,stderr,5,	Elapsed (wall clock) time (h:mm:ss or m:ss): 0:16.17
rss-Bounce-bounce-oorexx-recorded-3,stderr,6,	Average shared text size (kbytes): 0
rss-Bounce-bounce-oorexx-recorded-3,stderr,7,	Average unshared data size (kbytes): 0
rss-Bounce-bounce-oorexx-recorded-3,stderr,8,	Average stack size (kbytes): 0
rss-Bounce-bounce-oorexx-recorded-3,stderr,9,	Average total size (kbytes): 0
rss-Bounce-bounce-oorexx-recorded-3,stderr,10,	Maximum resident set size (kbytes): 21200
rss-Bounce-bounce-oorexx-recorded-3,stderr,11,	Average resident set size (kbytes): 0
rss-Bounce-bounce-oorexx-recorded-3,stderr,12,	Major (requiring I/O) page faults: 0
rss-Bounce-bounce-oorexx-recorded-3,stderr,13,	Minor (reclaiming a frame) page faults: 3882
rss-Bounce-bounce-oorexx-recorded-3,stderr,14,	Voluntary context switches: 5
rss-Bounce-bounce-oorexx-recorded-3,stderr,15,	Involuntary context switches: 152
rss-Bounce-bounce-oorexx-recorded-3,stderr,16,	Swaps: 0
rss-Bounce-bounce-oorexx-recorded-3,stderr,17,	File system inputs: 0
rss-Bounce-bounce-oorexx-recorded-3,stderr,18,	File system outputs: 0
rss-Bounce-bounce-oorexx-recorded-3,stderr,19,	Socket messages sent: 0
rss-Bounce-bounce-oorexx-recorded-3,stderr,20,	Socket messages received: 0
rss-Bounce-bounce-oorexx-recorded-3,stderr,21,	Signals delivered: 0
rss-Bounce-bounce-oorexx-recorded-3,stderr,22,	Page size (bytes): 4096
rss-Bounce-bounce-oorexx-recorded-3,stderr,23,	Exit status: 0
rss-Bounce-bounce-netrexx-recorded-3,stdout,1,benchmark=awfy_bounce repetitions=4200 result=1331
rss-Bounce-bounce-netrexx-recorded-3,stdout,2,PASS: AWFY Bounce NetRexx decimal port
rss-Bounce-bounce-netrexx-recorded-3,stderr,1,"	Command being timed: ""/home/adrian/.local/opt/temurin/26.0.1+8/bin/java -cp /tmp/crexx-perf2-linux-x64.d5f0827ca/formal-netrexx:/home/adrian/.local/opt/netrexx/5.10-GA/runlib/NetRexxR.jar awfy_bounce 4200"""
rss-Bounce-bounce-netrexx-recorded-3,stderr,2,	User time (seconds): 6.40
rss-Bounce-bounce-netrexx-recorded-3,stderr,3,	System time (seconds): 0.12
rss-Bounce-bounce-netrexx-recorded-3,stderr,4,	Percent of CPU this job got: 107%
rss-Bounce-bounce-netrexx-recorded-3,stderr,5,	Elapsed (wall clock) time (h:mm:ss or m:ss): 0:06.04
rss-Bounce-bounce-netrexx-recorded-3,stderr,6,	Average shared text size (kbytes): 0
rss-Bounce-bounce-netrexx-recorded-3,stderr,7,	Average unshared data size (kbytes): 0
rss-Bounce-bounce-netrexx-recorded-3,stderr,8,	Average stack size (kbytes): 0
rss-Bounce-bounce-netrexx-recorded-3,stderr,9,	Average total size (kbytes): 0
rss-Bounce-bounce-netrexx-recorded-3,stderr,10,	Maximum resident set size (kbytes): 252612
rss-Bounce-bounce-netrexx-recorded-3,stderr,11,	Average resident set size (kbytes): 0
rss-Bounce-bounce-netrexx-recorded-3,stderr,12,	Major (requiring I/O) page faults: 0
rss-Bounce-bounce-netrexx-recorded-3,stderr,13,	Minor (reclaiming a frame) page faults: 57697
rss-Bounce-bounce-netrexx-recorded-3,stderr,14,	Voluntary context switches: 4177
rss-Bounce-bounce-netrexx-recorded-3,stderr,15,	Involuntary context switches: 67
rss-Bounce-bounce-netrexx-recorded-3,stderr,16,	Swaps: 0
rss-Bounce-bounce-netrexx-recorded-3,stderr,17,	File system inputs: 0
rss-Bounce-bounce-netrexx-recorded-3,stderr,18,	File system outputs: 0
rss-Bounce-bounce-netrexx-recorded-3,stderr,19,	Socket messages sent: 0
rss-Bounce-bounce-netrexx-recorded-3,stderr,20,	Socket messages received: 0
rss-Bounce-bounce-netrexx-recorded-3,stderr,21,	Signals delivered: 0
rss-Bounce-bounce-netrexx-recorded-3,stderr,22,	Page size (bytes): 4096
rss-Bounce-bounce-netrexx-recorded-3,stderr,23,	Exit status: 0
rss-Bounce-bounce-rxvm-recorded-3,stdout,1,benchmark=awfy_bounce repetitions=4200 result=1331
rss-Bounce-bounce-rxvm-recorded-3,stdout,2,PASS: AWFY Bounce
rss-Bounce-bounce-rxvm-recorded-3,stderr,1,"	Command being timed: ""/tmp/crexx-perf2-linux-x64.d5f0827ca/clang-release/bin/rxvm /tmp/crexx-perf2-linux-x64.d5f0827ca/clang-release/tests/benchmarks/benchmark_awfy_bounce_opt.rxbin /tmp/crexx-perf2-linux-x64.d5f0827ca/clang-release/bin/library.rxbin -a 4200"""
rss-Bounce-bounce-rxvm-recorded-3,stderr,2,	User time (seconds): 3.18
rss-Bounce-bounce-rxvm-recorded-3,stderr,3,	System time (seconds): 0.00
rss-Bounce-bounce-rxvm-recorded-3,stderr,4,	Percent of CPU this job got: 99%
rss-Bounce-bounce-rxvm-recorded-3,stderr,5,	Elapsed (wall clock) time (h:mm:ss or m:ss): 0:03.19
rss-Bounce-bounce-rxvm-recorded-3,stderr,6,	Average shared text size (kbytes): 0
rss-Bounce-bounce-rxvm-recorded-3,stderr,7,	Average unshared data size (kbytes): 0
rss-Bounce-bounce-rxvm-recorded-3,stderr,8,	Average stack size (kbytes): 0
rss-Bounce-bounce-rxvm-recorded-3,stderr,9,	Average total size (kbytes): 0
rss-Bounce-bounce-rxvm-recorded-3,stderr,10,	Maximum resident set size (kbytes): 13988
rss-Bounce-bounce-rxvm-recorded-3,stderr,11,	Average resident set size (kbytes): 0
rss-Bounce-bounce-rxvm-recorded-3,stderr,12,	Major (requiring I/O) page faults: 0
rss-Bounce-bounce-rxvm-recorded-3,stderr,13,	Minor (reclaiming a frame) page faults: 3062
rss-Bounce-bounce-rxvm-recorded-3,stderr,14,	Voluntary context switches: 1
rss-Bounce-bounce-rxvm-recorded-3,stderr,15,	Involuntary context switches: 38
rss-Bounce-bounce-rxvm-recorded-3,stderr,16,	Swaps: 0
rss-Bounce-bounce-rxvm-recorded-3,stderr,17,	File system inputs: 0
rss-Bounce-bounce-rxvm-recorded-3,stderr,18,	File system outputs: 0
rss-Bounce-bounce-rxvm-recorded-3,stderr,19,	Socket messages sent: 0
rss-Bounce-bounce-rxvm-recorded-3,stderr,20,	Socket messages received: 0
rss-Bounce-bounce-rxvm-recorded-3,stderr,21,	Signals delivered: 0
rss-Bounce-bounce-rxvm-recorded-3,stderr,22,	Page size (bytes): 4096
rss-Bounce-bounce-rxvm-recorded-3,stderr,23,	Exit status: 0
rss-Bounce-bounce-rxbvm-recorded-3,stdout,1,benchmark=awfy_bounce repetitions=4200 result=1331
rss-Bounce-bounce-rxbvm-recorded-3,stdout,2,PASS: AWFY Bounce
rss-Bounce-bounce-rxbvm-recorded-3,stderr,1,"	Command being timed: ""/tmp/crexx-perf2-linux-x64.d5f0827ca/clang-release/bin/rxbvm /tmp/crexx-perf2-linux-x64.d5f0827ca/clang-release/tests/benchmarks/benchmark_awfy_bounce_opt.rxbin /tmp/crexx-perf2-linux-x64.d5f0827ca/clang-release/bin/library.rxbin -a 4200"""
rss-Bounce-bounce-rxbvm-recorded-3,stderr,2,	User time (seconds): 2.96
rss-Bounce-bounce-rxbvm-recorded-3,stderr,3,	System time (seconds): 0.00
rss-Bounce-bounce-rxbvm-recorded-3,stderr,4,	Percent of CPU this job got: 99%
rss-Bounce-bounce-rxbvm-recorded-3,stderr,5,	Elapsed (wall clock) time (h:mm:ss or m:ss): 0:02.97
rss-Bounce-bounce-rxbvm-recorded-3,stderr,6,	Average shared text size (kbytes): 0
rss-Bounce-bounce-rxbvm-recorded-3,stderr,7,	Average unshared data size (kbytes): 0
rss-Bounce-bounce-rxbvm-recorded-3,stderr,8,	Average stack size (kbytes): 0
rss-Bounce-bounce-rxbvm-recorded-3,stderr,9,	Average total size (kbytes): 0
rss-Bounce-bounce-rxbvm-recorded-3,stderr,10,	Maximum resident set size (kbytes): 14028
rss-Bounce-bounce-rxbvm-recorded-3,stderr,11,	Average resident set size (kbytes): 0
rss-Bounce-bounce-rxbvm-recorded-3,stderr,12,	Major (requiring I/O) page faults: 0
rss-Bounce-bounce-rxbvm-recorded-3,stderr,13,	Minor (reclaiming a frame) page faults: 3060
rss-Bounce-bounce-rxbvm-recorded-3,stderr,14,	Voluntary context switches: 1
rss-Bounce-bounce-rxbvm-recorded-3,stderr,15,	Involuntary context switches: 26
rss-Bounce-bounce-rxbvm-recorded-3,stderr,16,	Swaps: 0
rss-Bounce-bounce-rxbvm-recorded-3,stderr,17,	File system inputs: 0
rss-Bounce-bounce-rxbvm-recorded-3,stderr,18,	File system outputs: 0
rss-Bounce-bounce-rxbvm-recorded-3,stderr,19,	Socket messages sent: 0
rss-Bounce-bounce-rxbvm-recorded-3,stderr,20,	Socket messages received: 0
rss-Bounce-bounce-rxbvm-recorded-3,stderr,21,	Signals delivered: 0
rss-Bounce-bounce-rxbvm-recorded-3,stderr,22,	Page size (bytes): 4096
rss-Bounce-bounce-rxbvm-recorded-3,stderr,23,	Exit status: 0
rss-Richards-richards-rxvm-recorded-1,stdout,1,benchmark=awfy_richards repetitions=20 queue_packets=23246 holds=9297
rss-Richards-richards-rxvm-recorded-1,stdout,2,PASS: AWFY Richards
rss-Richards-richards-rxvm-recorded-1,stderr,1,"	Command being timed: ""/tmp/crexx-perf2-linux-x64.d5f0827ca/clang-release/bin/rxvm /tmp/crexx-perf2-linux-x64.d5f0827ca/clang-release/tests/benchmarks/benchmark_awfy_richards_opt.rxbin /tmp/crexx-perf2-linux-x64.d5f0827ca/clang-release/bin/library.rxbin -a 20"""
rss-Richards-richards-rxvm-recorded-1,stderr,2,	User time (seconds): 19.58
rss-Richards-richards-rxvm-recorded-1,stderr,3,	System time (seconds): 0.00
rss-Richards-richards-rxvm-recorded-1,stderr,4,	Percent of CPU this job got: 99%
rss-Richards-richards-rxvm-recorded-1,stderr,5,	Elapsed (wall clock) time (h:mm:ss or m:ss): 0:19.59
rss-Richards-richards-rxvm-recorded-1,stderr,6,	Average shared text size (kbytes): 0
rss-Richards-richards-rxvm-recorded-1,stderr,7,	Average unshared data size (kbytes): 0
rss-Richards-richards-rxvm-recorded-1,stderr,8,	Average stack size (kbytes): 0
rss-Richards-richards-rxvm-recorded-1,stderr,9,	Average total size (kbytes): 0
rss-Richards-richards-rxvm-recorded-1,stderr,10,	Maximum resident set size (kbytes): 14384
rss-Richards-richards-rxvm-recorded-1,stderr,11,	Average resident set size (kbytes): 0
rss-Richards-richards-rxvm-recorded-1,stderr,12,	Major (requiring I/O) page faults: 0
rss-Richards-richards-rxvm-recorded-1,stderr,13,	Minor (reclaiming a frame) page faults: 3183
rss-Richards-richards-rxvm-recorded-1,stderr,14,	Voluntary context switches: 1
rss-Richards-richards-rxvm-recorded-1,stderr,15,	Involuntary context switches: 196
rss-Richards-richards-rxvm-recorded-1,stderr,16,	Swaps: 0
rss-Richards-richards-rxvm-recorded-1,stderr,17,	File system inputs: 0
rss-Richards-richards-rxvm-recorded-1,stderr,18,	File system outputs: 0
rss-Richards-richards-rxvm-recorded-1,stderr,19,	Socket messages sent: 0
rss-Richards-richards-rxvm-recorded-1,stderr,20,	Socket messages received: 0
rss-Richards-richards-rxvm-recorded-1,stderr,21,	Signals delivered: 0
rss-Richards-richards-rxvm-recorded-1,stderr,22,	Page size (bytes): 4096
rss-Richards-richards-rxvm-recorded-1,stderr,23,	Exit status: 0
rss-Richards-richards-rxbvm-recorded-1,stdout,1,benchmark=awfy_richards repetitions=20 queue_packets=23246 holds=9297
rss-Richards-richards-rxbvm-recorded-1,stdout,2,PASS: AWFY Richards
rss-Richards-richards-rxbvm-recorded-1,stderr,1,"	Command being timed: ""/tmp/crexx-perf2-linux-x64.d5f0827ca/clang-release/bin/rxbvm /tmp/crexx-perf2-linux-x64.d5f0827ca/clang-release/tests/benchmarks/benchmark_awfy_richards_opt.rxbin /tmp/crexx-perf2-linux-x64.d5f0827ca/clang-release/bin/library.rxbin -a 20"""
rss-Richards-richards-rxbvm-recorded-1,stderr,2,	User time (seconds): 19.79
rss-Richards-richards-rxbvm-recorded-1,stderr,3,	System time (seconds): 0.00
rss-Richards-richards-rxbvm-recorded-1,stderr,4,	Percent of CPU this job got: 99%
rss-Richards-richards-rxbvm-recorded-1,stderr,5,	Elapsed (wall clock) time (h:mm:ss or m:ss): 0:19.80
rss-Richards-richards-rxbvm-recorded-1,stderr,6,	Average shared text size (kbytes): 0
rss-Richards-richards-rxbvm-recorded-1,stderr,7,	Average unshared data size (kbytes): 0
rss-Richards-richards-rxbvm-recorded-1,stderr,8,	Average stack size (kbytes): 0
rss-Richards-richards-rxbvm-recorded-1,stderr,9,	Average total size (kbytes): 0
rss-Richards-richards-rxbvm-recorded-1,stderr,10,	Maximum resident set size (kbytes): 14444
rss-Richards-richards-rxbvm-recorded-1,stderr,11,	Average resident set size (kbytes): 0
rss-Richards-richards-rxbvm-recorded-1,stderr,12,	Major (requiring I/O) page faults: 0
rss-Richards-richards-rxbvm-recorded-1,stderr,13,	Minor (reclaiming a frame) page faults: 3177
rss-Richards-richards-rxbvm-recorded-1,stderr,14,	Voluntary context switches: 1
rss-Richards-richards-rxbvm-recorded-1,stderr,15,	Involuntary context switches: 223
rss-Richards-richards-rxbvm-recorded-1,stderr,16,	Swaps: 0
rss-Richards-richards-rxbvm-recorded-1,stderr,17,	File system inputs: 0
rss-Richards-richards-rxbvm-recorded-1,stderr,18,	File system outputs: 0
rss-Richards-richards-rxbvm-recorded-1,stderr,19,	Socket messages sent: 0
rss-Richards-richards-rxbvm-recorded-1,stderr,20,	Socket messages received: 0
rss-Richards-richards-rxbvm-recorded-1,stderr,21,	Signals delivered: 0
rss-Richards-richards-rxbvm-recorded-1,stderr,22,	Page size (bytes): 4096
rss-Richards-richards-rxbvm-recorded-1,stderr,23,	Exit status: 0
rss-Richards-richards-oorexx-recorded-1,stdout,1,benchmark=awfy_richards repetitions=20 queue_packets=23246 holds=9297
rss-Richards-richards-oorexx-recorded-1,stdout,2,PASS: AWFY Richards ooRexx port
rss-Richards-richards-oorexx-recorded-1,stderr,1,"	Command being timed: ""/home/adrian/.local/opt/oorexx/5.1.0-12973/bin/rexx /tmp/crexx-perf2-linux-x64.d5f0827ca/source/tests/benchmarks/cross-runtime/oorexx/awfy_richards.rex 20"""
rss-Richards-richards-oorexx-recorded-1,stderr,2,	User time (seconds): 6.64
rss-Richards-richards-oorexx-recorded-1,stderr,3,	System time (seconds): 0.00
rss-Richards-richards-oorexx-recorded-1,stderr,4,	Percent of CPU this job got: 99%
rss-Richards-richards-oorexx-recorded-1,stderr,5,	Elapsed (wall clock) time (h:mm:ss or m:ss): 0:06.65
rss-Richards-richards-oorexx-recorded-1,stderr,6,	Average shared text size (kbytes): 0
rss-Richards-richards-oorexx-recorded-1,stderr,7,	Average unshared data size (kbytes): 0
rss-Richards-richards-oorexx-recorded-1,stderr,8,	Average stack size (kbytes): 0
rss-Richards-richards-oorexx-recorded-1,stderr,9,	Average total size (kbytes): 0
rss-Richards-richards-oorexx-recorded-1,stderr,10,	Maximum resident set size (kbytes): 21208
rss-Richards-richards-oorexx-recorded-1,stderr,11,	Average resident set size (kbytes): 0
rss-Richards-richards-oorexx-recorded-1,stderr,12,	Major (requiring I/O) page faults: 0
rss-Richards-richards-oorexx-recorded-1,stderr,13,	Minor (reclaiming a frame) page faults: 3890
rss-Richards-richards-oorexx-recorded-1,stderr,14,	Voluntary context switches: 4
rss-Richards-richards-oorexx-recorded-1,stderr,15,	Involuntary context switches: 66
rss-Richards-richards-oorexx-recorded-1,stderr,16,	Swaps: 0
rss-Richards-richards-oorexx-recorded-1,stderr,17,	File system inputs: 0
rss-Richards-richards-oorexx-recorded-1,stderr,18,	File system outputs: 0
rss-Richards-richards-oorexx-recorded-1,stderr,19,	Socket messages sent: 0
rss-Richards-richards-oorexx-recorded-1,stderr,20,	Socket messages received: 0
rss-Richards-richards-oorexx-recorded-1,stderr,21,	Signals delivered: 0
rss-Richards-richards-oorexx-recorded-1,stderr,22,	Page size (bytes): 4096
rss-Richards-richards-oorexx-recorded-1,stderr,23,	Exit status: 0
rss-Richards-richards-netrexx-recorded-1,stdout,1,benchmark=awfy_richards repetitions=20 queue_packets=23246 holds=9297
rss-Richards-richards-netrexx-recorded-1,stdout,2,PASS: AWFY Richards NetRexx decimal port
rss-Richards-richards-netrexx-recorded-1,stderr,1,"	Command being timed: ""/home/adrian/.local/opt/temurin/26.0.1+8/bin/java -cp /tmp/crexx-perf2-linux-x64.d5f0827ca/formal-netrexx:/home/adrian/.local/opt/netrexx/5.10-GA/runlib/NetRexxR.jar awfy_richards 20"""
rss-Richards-richards-netrexx-recorded-1,stderr,2,	User time (seconds): 5.14
rss-Richards-richards-netrexx-recorded-1,stderr,3,	System time (seconds): 0.15
rss-Richards-richards-netrexx-recorded-1,stderr,4,	Percent of CPU this job got: 160%
rss-Richards-richards-netrexx-recorded-1,stderr,5,	Elapsed (wall clock) time (h:mm:ss or m:ss): 0:03.31
rss-Richards-richards-netrexx-recorded-1,stderr,6,	Average shared text size (kbytes): 0
rss-Richards-richards-netrexx-recorded-1,stderr,7,	Average unshared data size (kbytes): 0
rss-Richards-richards-netrexx-recorded-1,stderr,8,	Average stack size (kbytes): 0
rss-Richards-richards-netrexx-recorded-1,stderr,9,	Average total size (kbytes): 0
rss-Richards-richards-netrexx-recorded-1,stderr,10,	Maximum resident set size (kbytes): 207952
rss-Richards-richards-netrexx-recorded-1,stderr,11,	Average resident set size (kbytes): 0
rss-Richards-richards-netrexx-recorded-1,stderr,12,	Major (requiring I/O) page faults: 0
rss-Richards-richards-netrexx-recorded-1,stderr,13,	Minor (reclaiming a frame) page faults: 46541
rss-Richards-richards-netrexx-recorded-1,stderr,14,	Voluntary context switches: 2315
rss-Richards-richards-netrexx-recorded-1,stderr,15,	Involuntary context switches: 38
rss-Richards-richards-netrexx-recorded-1,stderr,16,	Swaps: 0
rss-Richards-richards-netrexx-recorded-1,stderr,17,	File system inputs: 0
rss-Richards-richards-netrexx-recorded-1,stderr,18,	File system outputs: 0
rss-Richards-richards-netrexx-recorded-1,stderr,19,	Socket messages sent: 0
rss-Richards-richards-netrexx-recorded-1,stderr,20,	Socket messages received: 0
rss-Richards-richards-netrexx-recorded-1,stderr,21,	Signals delivered: 0
rss-Richards-richards-netrexx-recorded-1,stderr,22,	Page size (bytes): 4096
rss-Richards-richards-netrexx-recorded-1,stderr,23,	Exit status: 0
rss-Richards-richards-rxbvm-recorded-2,stdout,1,benchmark=awfy_richards repetitions=20 queue_packets=23246 holds=9297
rss-Richards-richards-rxbvm-recorded-2,stdout,2,PASS: AWFY Richards
rss-Richards-richards-rxbvm-recorded-2,stderr,1,"	Command being timed: ""/tmp/crexx-perf2-linux-x64.d5f0827ca/clang-release/bin/rxbvm /tmp/crexx-perf2-linux-x64.d5f0827ca/clang-release/tests/benchmarks/benchmark_awfy_richards_opt.rxbin /tmp/crexx-perf2-linux-x64.d5f0827ca/clang-release/bin/library.rxbin -a 20"""
rss-Richards-richards-rxbvm-recorded-2,stderr,2,	User time (seconds): 22.59
rss-Richards-richards-rxbvm-recorded-2,stderr,3,	System time (seconds): 0.00
rss-Richards-richards-rxbvm-recorded-2,stderr,4,	Percent of CPU this job got: 99%
rss-Richards-richards-rxbvm-recorded-2,stderr,5,	Elapsed (wall clock) time (h:mm:ss or m:ss): 0:22.60
rss-Richards-richards-rxbvm-recorded-2,stderr,6,	Average shared text size (kbytes): 0
rss-Richards-richards-rxbvm-recorded-2,stderr,7,	Average unshared data size (kbytes): 0
rss-Richards-richards-rxbvm-recorded-2,stderr,8,	Average stack size (kbytes): 0
rss-Richards-richards-rxbvm-recorded-2,stderr,9,	Average total size (kbytes): 0
rss-Richards-richards-rxbvm-recorded-2,stderr,10,	Maximum resident set size (kbytes): 14392
rss-Richards-richards-rxbvm-recorded-2,stderr,11,	Average resident set size (kbytes): 0
rss-Richards-richards-rxbvm-recorded-2,stderr,12,	Major (requiring I/O) page faults: 0
rss-Richards-richards-rxbvm-recorded-2,stderr,13,	Minor (reclaiming a frame) page faults: 3181
rss-Richards-richards-rxbvm-recorded-2,stderr,14,	Voluntary context switches: 1
rss-Richards-richards-rxbvm-recorded-2,stderr,15,	Involuntary context switches: 388
rss-Richards-richards-rxbvm-recorded-2,stderr,16,	Swaps: 0
rss-Richards-richards-rxbvm-recorded-2,stderr,17,	File system inputs: 0
rss-Richards-richards-rxbvm-recorded-2,stderr,18,	File system outputs: 0
rss-Richards-richards-rxbvm-recorded-2,stderr,19,	Socket messages sent: 0
rss-Richards-richards-rxbvm-recorded-2,stderr,20,	Socket messages received: 0
rss-Richards-richards-rxbvm-recorded-2,stderr,21,	Signals delivered: 0
rss-Richards-richards-rxbvm-recorded-2,stderr,22,	Page size (bytes): 4096
rss-Richards-richards-rxbvm-recorded-2,stderr,23,	Exit status: 0
rss-Richards-richards-oorexx-recorded-2,stdout,1,benchmark=awfy_richards repetitions=20 queue_packets=23246 holds=9297
rss-Richards-richards-oorexx-recorded-2,stdout,2,PASS: AWFY Richards ooRexx port
rss-Richards-richards-oorexx-recorded-2,stderr,1,"	Command being timed: ""/home/adrian/.local/opt/oorexx/5.1.0-12973/bin/rexx /tmp/crexx-perf2-linux-x64.d5f0827ca/source/tests/benchmarks/cross-runtime/oorexx/awfy_richards.rex 20"""
rss-Richards-richards-oorexx-recorded-2,stderr,2,	User time (seconds): 7.49
rss-Richards-richards-oorexx-recorded-2,stderr,3,	System time (seconds): 0.01
rss-Richards-richards-oorexx-recorded-2,stderr,4,	Percent of CPU this job got: 99%
rss-Richards-richards-oorexx-recorded-2,stderr,5,	Elapsed (wall clock) time (h:mm:ss or m:ss): 0:07.52
rss-Richards-richards-oorexx-recorded-2,stderr,6,	Average shared text size (kbytes): 0
rss-Richards-richards-oorexx-recorded-2,stderr,7,	Average unshared data size (kbytes): 0
rss-Richards-richards-oorexx-recorded-2,stderr,8,	Average stack size (kbytes): 0
rss-Richards-richards-oorexx-recorded-2,stderr,9,	Average total size (kbytes): 0
rss-Richards-richards-oorexx-recorded-2,stderr,10,	Maximum resident set size (kbytes): 21036
rss-Richards-richards-oorexx-recorded-2,stderr,11,	Average resident set size (kbytes): 0
rss-Richards-richards-oorexx-recorded-2,stderr,12,	Major (requiring I/O) page faults: 0
rss-Richards-richards-oorexx-recorded-2,stderr,13,	Minor (reclaiming a frame) page faults: 3890
rss-Richards-richards-oorexx-recorded-2,stderr,14,	Voluntary context switches: 4
rss-Richards-richards-oorexx-recorded-2,stderr,15,	Involuntary context switches: 823
rss-Richards-richards-oorexx-recorded-2,stderr,16,	Swaps: 0
rss-Richards-richards-oorexx-recorded-2,stderr,17,	File system inputs: 0
rss-Richards-richards-oorexx-recorded-2,stderr,18,	File system outputs: 0
rss-Richards-richards-oorexx-recorded-2,stderr,19,	Socket messages sent: 0
rss-Richards-richards-oorexx-recorded-2,stderr,20,	Socket messages received: 0
rss-Richards-richards-oorexx-recorded-2,stderr,21,	Signals delivered: 0
rss-Richards-richards-oorexx-recorded-2,stderr,22,	Page size (bytes): 4096
rss-Richards-richards-oorexx-recorded-2,stderr,23,	Exit status: 0
rss-Richards-richards-netrexx-recorded-2,stdout,1,benchmark=awfy_richards repetitions=20 queue_packets=23246 holds=9297
rss-Richards-richards-netrexx-recorded-2,stdout,2,PASS: AWFY Richards NetRexx decimal port
rss-Richards-richards-netrexx-recorded-2,stderr,1,"	Command being timed: ""/home/adrian/.local/opt/temurin/26.0.1+8/bin/java -cp /tmp/crexx-perf2-linux-x64.d5f0827ca/formal-netrexx:/home/adrian/.local/opt/netrexx/5.10-GA/runlib/NetRexxR.jar awfy_richards 20"""
rss-Richards-richards-netrexx-recorded-2,stderr,2,	User time (seconds): 5.60
rss-Richards-richards-netrexx-recorded-2,stderr,3,	System time (seconds): 0.13
rss-Richards-richards-netrexx-recorded-2,stderr,4,	Percent of CPU this job got: 144%
rss-Richards-richards-netrexx-recorded-2,stderr,5,	Elapsed (wall clock) time (h:mm:ss or m:ss): 0:03.96
rss-Richards-richards-netrexx-recorded-2,stderr,6,	Average shared text size (kbytes): 0
rss-Richards-richards-netrexx-recorded-2,stderr,7,	Average unshared data size (kbytes): 0
rss-Richards-richards-netrexx-recorded-2,stderr,8,	Average stack size (kbytes): 0
rss-Richards-richards-netrexx-recorded-2,stderr,9,	Average total size (kbytes): 0
rss-Richards-richards-netrexx-recorded-2,stderr,10,	Maximum resident set size (kbytes): 203044
rss-Richards-richards-netrexx-recorded-2,stderr,11,	Average resident set size (kbytes): 0
rss-Richards-richards-netrexx-recorded-2,stderr,12,	Major (requiring I/O) page faults: 0
rss-Richards-richards-netrexx-recorded-2,stderr,13,	Minor (reclaiming a frame) page faults: 45260
rss-Richards-richards-netrexx-recorded-2,stderr,14,	Voluntary context switches: 2415
rss-Richards-richards-netrexx-recorded-2,stderr,15,	Involuntary context switches: 200
rss-Richards-richards-netrexx-recorded-2,stderr,16,	Swaps: 0
rss-Richards-richards-netrexx-recorded-2,stderr,17,	File system inputs: 0
rss-Richards-richards-netrexx-recorded-2,stderr,18,	File system outputs: 0
rss-Richards-richards-netrexx-recorded-2,stderr,19,	Socket messages sent: 0
rss-Richards-richards-netrexx-recorded-2,stderr,20,	Socket messages received: 0
rss-Richards-richards-netrexx-recorded-2,stderr,21,	Signals delivered: 0
rss-Richards-richards-netrexx-recorded-2,stderr,22,	Page size (bytes): 4096
rss-Richards-richards-netrexx-recorded-2,stderr,23,	Exit status: 0
rss-Richards-richards-rxvm-recorded-2,stdout,1,benchmark=awfy_richards repetitions=20 queue_packets=23246 holds=9297
rss-Richards-richards-rxvm-recorded-2,stdout,2,PASS: AWFY Richards
rss-Richards-richards-rxvm-recorded-2,stderr,1,"	Command being timed: ""/tmp/crexx-perf2-linux-x64.d5f0827ca/clang-release/bin/rxvm /tmp/crexx-perf2-linux-x64.d5f0827ca/clang-release/tests/benchmarks/benchmark_awfy_richards_opt.rxbin /tmp/crexx-perf2-linux-x64.d5f0827ca/clang-release/bin/library.rxbin -a 20"""
rss-Richards-richards-rxvm-recorded-2,stderr,2,	User time (seconds): 23.53
rss-Richards-richards-rxvm-recorded-2,stderr,3,	System time (seconds): 0.00
rss-Richards-richards-rxvm-recorded-2,stderr,4,	Percent of CPU this job got: 99%
rss-Richards-richards-rxvm-recorded-2,stderr,5,	Elapsed (wall clock) time (h:mm:ss or m:ss): 0:23.56
rss-Richards-richards-rxvm-recorded-2,stderr,6,	Average shared text size (kbytes): 0
rss-Richards-richards-rxvm-recorded-2,stderr,7,	Average unshared data size (kbytes): 0
rss-Richards-richards-rxvm-recorded-2,stderr,8,	Average stack size (kbytes): 0
rss-Richards-richards-rxvm-recorded-2,stderr,9,	Average total size (kbytes): 0
rss-Richards-richards-rxvm-recorded-2,stderr,10,	Maximum resident set size (kbytes): 14244
rss-Richards-richards-rxvm-recorded-2,stderr,11,	Average resident set size (kbytes): 0
rss-Richards-richards-rxvm-recorded-2,stderr,12,	Major (requiring I/O) page faults: 0
rss-Richards-richards-rxvm-recorded-2,stderr,13,	Minor (reclaiming a frame) page faults: 3180
rss-Richards-richards-rxvm-recorded-2,stderr,14,	Voluntary context switches: 1
rss-Richards-richards-rxvm-recorded-2,stderr,15,	Involuntary context switches: 1293
rss-Richards-richards-rxvm-recorded-2,stderr,16,	Swaps: 0
rss-Richards-richards-rxvm-recorded-2,stderr,17,	File system inputs: 0
rss-Richards-richards-rxvm-recorded-2,stderr,18,	File system outputs: 0
rss-Richards-richards-rxvm-recorded-2,stderr,19,	Socket messages sent: 0
rss-Richards-richards-rxvm-recorded-2,stderr,20,	Socket messages received: 0
rss-Richards-richards-rxvm-recorded-2,stderr,21,	Signals delivered: 0
rss-Richards-richards-rxvm-recorded-2,stderr,22,	Page size (bytes): 4096
rss-Richards-richards-rxvm-recorded-2,stderr,23,	Exit status: 0
rss-Richards-richards-oorexx-recorded-3,stdout,1,benchmark=awfy_richards repetitions=20 queue_packets=23246 holds=9297
rss-Richards-richards-oorexx-recorded-3,stdout,2,PASS: AWFY Richards ooRexx port
rss-Richards-richards-oorexx-recorded-3,stderr,1,"	Command being timed: ""/home/adrian/.local/opt/oorexx/5.1.0-12973/bin/rexx /tmp/crexx-perf2-linux-x64.d5f0827ca/source/tests/benchmarks/cross-runtime/oorexx/awfy_richards.rex 20"""
rss-Richards-richards-oorexx-recorded-3,stderr,2,	User time (seconds): 7.07
rss-Richards-richards-oorexx-recorded-3,stderr,3,	System time (seconds): 0.00
rss-Richards-richards-oorexx-recorded-3,stderr,4,	Percent of CPU this job got: 99%
rss-Richards-richards-oorexx-recorded-3,stderr,5,	Elapsed (wall clock) time (h:mm:ss or m:ss): 0:07.08
rss-Richards-richards-oorexx-recorded-3,stderr,6,	Average shared text size (kbytes): 0
rss-Richards-richards-oorexx-recorded-3,stderr,7,	Average unshared data size (kbytes): 0
rss-Richards-richards-oorexx-recorded-3,stderr,8,	Average stack size (kbytes): 0
rss-Richards-richards-oorexx-recorded-3,stderr,9,	Average total size (kbytes): 0
rss-Richards-richards-oorexx-recorded-3,stderr,10,	Maximum resident set size (kbytes): 21204
rss-Richards-richards-oorexx-recorded-3,stderr,11,	Average resident set size (kbytes): 0
rss-Richards-richards-oorexx-recorded-3,stderr,12,	Major (requiring I/O) page faults: 0
rss-Richards-richards-oorexx-recorded-3,stderr,13,	Minor (reclaiming a frame) page faults: 3890
rss-Richards-richards-oorexx-recorded-3,stderr,14,	Voluntary context switches: 5
rss-Richards-richards-oorexx-recorded-3,stderr,15,	Involuntary context switches: 207
rss-Richards-richards-oorexx-recorded-3,stderr,16,	Swaps: 0
rss-Richards-richards-oorexx-recorded-3,stderr,17,	File system inputs: 0
rss-Richards-richards-oorexx-recorded-3,stderr,18,	File system outputs: 0
rss-Richards-richards-oorexx-recorded-3,stderr,19,	Socket messages sent: 0
rss-Richards-richards-oorexx-recorded-3,stderr,20,	Socket messages received: 0
rss-Richards-richards-oorexx-recorded-3,stderr,21,	Signals delivered: 0
rss-Richards-richards-oorexx-recorded-3,stderr,22,	Page size (bytes): 4096
rss-Richards-richards-oorexx-recorded-3,stderr,23,	Exit status: 0
rss-Richards-richards-netrexx-recorded-3,stdout,1,benchmark=awfy_richards repetitions=20 queue_packets=23246 holds=9297
rss-Richards-richards-netrexx-recorded-3,stdout,2,PASS: AWFY Richards NetRexx decimal port
rss-Richards-richards-netrexx-recorded-3,stderr,1,"	Command being timed: ""/home/adrian/.local/opt/temurin/26.0.1+8/bin/java -cp /tmp/crexx-perf2-linux-x64.d5f0827ca/formal-netrexx:/home/adrian/.local/opt/netrexx/5.10-GA/runlib/NetRexxR.jar awfy_richards 20"""
rss-Richards-richards-netrexx-recorded-3,stderr,2,	User time (seconds): 5.19
rss-Richards-richards-netrexx-recorded-3,stderr,3,	System time (seconds): 0.16
rss-Richards-richards-netrexx-recorded-3,stderr,4,	Percent of CPU this job got: 155%
rss-Richards-richards-netrexx-recorded-3,stderr,5,	Elapsed (wall clock) time (h:mm:ss or m:ss): 0:03.45
rss-Richards-richards-netrexx-recorded-3,stderr,6,	Average shared text size (kbytes): 0
rss-Richards-richards-netrexx-recorded-3,stderr,7,	Average unshared data size (kbytes): 0
rss-Richards-richards-netrexx-recorded-3,stderr,8,	Average stack size (kbytes): 0
rss-Richards-richards-netrexx-recorded-3,stderr,9,	Average total size (kbytes): 0
rss-Richards-richards-netrexx-recorded-3,stderr,10,	Maximum resident set size (kbytes): 205576
rss-Richards-richards-netrexx-recorded-3,stderr,11,	Average resident set size (kbytes): 0
rss-Richards-richards-netrexx-recorded-3,stderr,12,	Major (requiring I/O) page faults: 0
rss-Richards-richards-netrexx-recorded-3,stderr,13,	Minor (reclaiming a frame) page faults: 45977
rss-Richards-richards-netrexx-recorded-3,stderr,14,	Voluntary context switches: 2294
rss-Richards-richards-netrexx-recorded-3,stderr,15,	Involuntary context switches: 98
rss-Richards-richards-netrexx-recorded-3,stderr,16,	Swaps: 0
rss-Richards-richards-netrexx-recorded-3,stderr,17,	File system inputs: 0
rss-Richards-richards-netrexx-recorded-3,stderr,18,	File system outputs: 0
rss-Richards-richards-netrexx-recorded-3,stderr,19,	Socket messages sent: 0
rss-Richards-richards-netrexx-recorded-3,stderr,20,	Socket messages received: 0
rss-Richards-richards-netrexx-recorded-3,stderr,21,	Signals delivered: 0
rss-Richards-richards-netrexx-recorded-3,stderr,22,	Page size (bytes): 4096
rss-Richards-richards-netrexx-recorded-3,stderr,23,	Exit status: 0
rss-Richards-richards-rxvm-recorded-3,stdout,1,benchmark=awfy_richards repetitions=20 queue_packets=23246 holds=9297
rss-Richards-richards-rxvm-recorded-3,stdout,2,PASS: AWFY Richards
rss-Richards-richards-rxvm-recorded-3,stderr,1,"	Command being timed: ""/tmp/crexx-perf2-linux-x64.d5f0827ca/clang-release/bin/rxvm /tmp/crexx-perf2-linux-x64.d5f0827ca/clang-release/tests/benchmarks/benchmark_awfy_richards_opt.rxbin /tmp/crexx-perf2-linux-x64.d5f0827ca/clang-release/bin/library.rxbin -a 20"""
rss-Richards-richards-rxvm-recorded-3,stderr,2,	User time (seconds): 21.22
rss-Richards-richards-rxvm-recorded-3,stderr,3,	System time (seconds): 0.01
rss-Richards-richards-rxvm-recorded-3,stderr,4,	Percent of CPU this job got: 99%
rss-Richards-richards-rxvm-recorded-3,stderr,5,	Elapsed (wall clock) time (h:mm:ss or m:ss): 0:21.27
rss-Richards-richards-rxvm-recorded-3,stderr,6,	Average shared text size (kbytes): 0
rss-Richards-richards-rxvm-recorded-3,stderr,7,	Average unshared data size (kbytes): 0
rss-Richards-richards-rxvm-recorded-3,stderr,8,	Average stack size (kbytes): 0
rss-Richards-richards-rxvm-recorded-3,stderr,9,	Average total size (kbytes): 0
rss-Richards-richards-rxvm-recorded-3,stderr,10,	Maximum resident set size (kbytes): 14384
rss-Richards-richards-rxvm-recorded-3,stderr,11,	Average resident set size (kbytes): 0
rss-Richards-richards-rxvm-recorded-3,stderr,12,	Major (requiring I/O) page faults: 0
rss-Richards-richards-rxvm-recorded-3,stderr,13,	Minor (reclaiming a frame) page faults: 3181
rss-Richards-richards-rxvm-recorded-3,stderr,14,	Voluntary context switches: 1
rss-Richards-richards-rxvm-recorded-3,stderr,15,	Involuntary context switches: 2095
rss-Richards-richards-rxvm-recorded-3,stderr,16,	Swaps: 0
rss-Richards-richards-rxvm-recorded-3,stderr,17,	File system inputs: 0
rss-Richards-richards-rxvm-recorded-3,stderr,18,	File system outputs: 0
rss-Richards-richards-rxvm-recorded-3,stderr,19,	Socket messages sent: 0
rss-Richards-richards-rxvm-recorded-3,stderr,20,	Socket messages received: 0
rss-Richards-richards-rxvm-recorded-3,stderr,21,	Signals delivered: 0
rss-Richards-richards-rxvm-recorded-3,stderr,22,	Page size (bytes): 4096
rss-Richards-richards-rxvm-recorded-3,stderr,23,	Exit status: 0
rss-Richards-richards-rxbvm-recorded-3,stdout,1,benchmark=awfy_richards repetitions=20 queue_packets=23246 holds=9297
rss-Richards-richards-rxbvm-recorded-3,stdout,2,PASS: AWFY Richards
rss-Richards-richards-rxbvm-recorded-3,stderr,1,"	Command being timed: ""/tmp/crexx-perf2-linux-x64.d5f0827ca/clang-release/bin/rxbvm /tmp/crexx-perf2-linux-x64.d5f0827ca/clang-release/tests/benchmarks/benchmark_awfy_richards_opt.rxbin /tmp/crexx-perf2-linux-x64.d5f0827ca/clang-release/bin/library.rxbin -a 20"""
rss-Richards-richards-rxbvm-recorded-3,stderr,2,	User time (seconds): 20.34
rss-Richards-richards-rxbvm-recorded-3,stderr,3,	System time (seconds): 0.00
rss-Richards-richards-rxbvm-recorded-3,stderr,4,	Percent of CPU this job got: 99%
rss-Richards-richards-rxbvm-recorded-3,stderr,5,	Elapsed (wall clock) time (h:mm:ss or m:ss): 0:20.36
rss-Richards-richards-rxbvm-recorded-3,stderr,6,	Average shared text size (kbytes): 0
rss-Richards-richards-rxbvm-recorded-3,stderr,7,	Average unshared data size (kbytes): 0
rss-Richards-richards-rxbvm-recorded-3,stderr,8,	Average stack size (kbytes): 0
rss-Richards-richards-rxbvm-recorded-3,stderr,9,	Average total size (kbytes): 0
rss-Richards-richards-rxbvm-recorded-3,stderr,10,	Maximum resident set size (kbytes): 14348
rss-Richards-richards-rxbvm-recorded-3,stderr,11,	Average resident set size (kbytes): 0
rss-Richards-richards-rxbvm-recorded-3,stderr,12,	Major (requiring I/O) page faults: 0
rss-Richards-richards-rxbvm-recorded-3,stderr,13,	Minor (reclaiming a frame) page faults: 3180
rss-Richards-richards-rxbvm-recorded-3,stderr,14,	Voluntary context switches: 1
rss-Richards-richards-rxbvm-recorded-3,stderr,15,	Involuntary context switches: 1181
rss-Richards-richards-rxbvm-recorded-3,stderr,16,	Swaps: 0
rss-Richards-richards-rxbvm-recorded-3,stderr,17,	File system inputs: 0
rss-Richards-richards-rxbvm-recorded-3,stderr,18,	File system outputs: 0
rss-Richards-richards-rxbvm-recorded-3,stderr,19,	Socket messages sent: 0
rss-Richards-richards-rxbvm-recorded-3,stderr,20,	Socket messages received: 0
rss-Richards-richards-rxbvm-recorded-3,stderr,21,	Signals delivered: 0
rss-Richards-richards-rxbvm-recorded-3,stderr,22,	Page size (bytes): 4096
rss-Richards-richards-rxbvm-recorded-3,stderr,23,	Exit status: 0
rss-Base64-base64-rxvm-recorded-1,stdout,1,benchmark=base64_roundtrip repetitions=2500 encoded_length=1368 checksum=130560
rss-Base64-base64-rxvm-recorded-1,stdout,2,PASS: Base64 Roundtrip
rss-Base64-base64-rxvm-recorded-1,stderr,1,"	Command being timed: ""/tmp/crexx-perf2-linux-x64.d5f0827ca/clang-release/bin/rxvm /tmp/crexx-perf2-linux-x64.d5f0827ca/clang-release/tests/benchmarks/benchmark_base64_roundtrip_opt.rxbin /tmp/crexx-perf2-linux-x64.d5f0827ca/clang-release/bin/library.rxbin -a 2500"""
rss-Base64-base64-rxvm-recorded-1,stderr,2,	User time (seconds): 4.71
rss-Base64-base64-rxvm-recorded-1,stderr,3,	System time (seconds): 0.00
rss-Base64-base64-rxvm-recorded-1,stderr,4,	Percent of CPU this job got: 99%
rss-Base64-base64-rxvm-recorded-1,stderr,5,	Elapsed (wall clock) time (h:mm:ss or m:ss): 0:04.72
rss-Base64-base64-rxvm-recorded-1,stderr,6,	Average shared text size (kbytes): 0
rss-Base64-base64-rxvm-recorded-1,stderr,7,	Average unshared data size (kbytes): 0
rss-Base64-base64-rxvm-recorded-1,stderr,8,	Average stack size (kbytes): 0
rss-Base64-base64-rxvm-recorded-1,stderr,9,	Average total size (kbytes): 0
rss-Base64-base64-rxvm-recorded-1,stderr,10,	Maximum resident set size (kbytes): 14160
rss-Base64-base64-rxvm-recorded-1,stderr,11,	Average resident set size (kbytes): 0
rss-Base64-base64-rxvm-recorded-1,stderr,12,	Major (requiring I/O) page faults: 0
rss-Base64-base64-rxvm-recorded-1,stderr,13,	Minor (reclaiming a frame) page faults: 3026
rss-Base64-base64-rxvm-recorded-1,stderr,14,	Voluntary context switches: 1
rss-Base64-base64-rxvm-recorded-1,stderr,15,	Involuntary context switches: 235
rss-Base64-base64-rxvm-recorded-1,stderr,16,	Swaps: 0
rss-Base64-base64-rxvm-recorded-1,stderr,17,	File system inputs: 0
rss-Base64-base64-rxvm-recorded-1,stderr,18,	File system outputs: 0
rss-Base64-base64-rxvm-recorded-1,stderr,19,	Socket messages sent: 0
rss-Base64-base64-rxvm-recorded-1,stderr,20,	Socket messages received: 0
rss-Base64-base64-rxvm-recorded-1,stderr,21,	Signals delivered: 0
rss-Base64-base64-rxvm-recorded-1,stderr,22,	Page size (bytes): 4096
rss-Base64-base64-rxvm-recorded-1,stderr,23,	Exit status: 0
rss-Base64-base64-rxbvm-recorded-1,stdout,1,benchmark=base64_roundtrip repetitions=2500 encoded_length=1368 checksum=130560
rss-Base64-base64-rxbvm-recorded-1,stdout,2,PASS: Base64 Roundtrip
rss-Base64-base64-rxbvm-recorded-1,stderr,1,"	Command being timed: ""/tmp/crexx-perf2-linux-x64.d5f0827ca/clang-release/bin/rxbvm /tmp/crexx-perf2-linux-x64.d5f0827ca/clang-release/tests/benchmarks/benchmark_base64_roundtrip_opt.rxbin /tmp/crexx-perf2-linux-x64.d5f0827ca/clang-release/bin/library.rxbin -a 2500"""
rss-Base64-base64-rxbvm-recorded-1,stderr,2,	User time (seconds): 4.84
rss-Base64-base64-rxbvm-recorded-1,stderr,3,	System time (seconds): 0.00
rss-Base64-base64-rxbvm-recorded-1,stderr,4,	Percent of CPU this job got: 99%
rss-Base64-base64-rxbvm-recorded-1,stderr,5,	Elapsed (wall clock) time (h:mm:ss or m:ss): 0:04.85
rss-Base64-base64-rxbvm-recorded-1,stderr,6,	Average shared text size (kbytes): 0
rss-Base64-base64-rxbvm-recorded-1,stderr,7,	Average unshared data size (kbytes): 0
rss-Base64-base64-rxbvm-recorded-1,stderr,8,	Average stack size (kbytes): 0
rss-Base64-base64-rxbvm-recorded-1,stderr,9,	Average total size (kbytes): 0
rss-Base64-base64-rxbvm-recorded-1,stderr,10,	Maximum resident set size (kbytes): 14128
rss-Base64-base64-rxbvm-recorded-1,stderr,11,	Average resident set size (kbytes): 0
rss-Base64-base64-rxbvm-recorded-1,stderr,12,	Major (requiring I/O) page faults: 0
rss-Base64-base64-rxbvm-recorded-1,stderr,13,	Minor (reclaiming a frame) page faults: 3023
rss-Base64-base64-rxbvm-recorded-1,stderr,14,	Voluntary context switches: 1
rss-Base64-base64-rxbvm-recorded-1,stderr,15,	Involuntary context switches: 210
rss-Base64-base64-rxbvm-recorded-1,stderr,16,	Swaps: 0
rss-Base64-base64-rxbvm-recorded-1,stderr,17,	File system inputs: 0
rss-Base64-base64-rxbvm-recorded-1,stderr,18,	File system outputs: 0
rss-Base64-base64-rxbvm-recorded-1,stderr,19,	Socket messages sent: 0
rss-Base64-base64-rxbvm-recorded-1,stderr,20,	Socket messages received: 0
rss-Base64-base64-rxbvm-recorded-1,stderr,21,	Signals delivered: 0
rss-Base64-base64-rxbvm-recorded-1,stderr,22,	Page size (bytes): 4096
rss-Base64-base64-rxbvm-recorded-1,stderr,23,	Exit status: 0
rss-Base64-base64-oorexx-recorded-1,stdout,1,benchmark=base64_roundtrip repetitions=2500 encoded_length=1368 checksum=130560
rss-Base64-base64-oorexx-recorded-1,stdout,2,PASS: Base64 Roundtrip ooRexx port
rss-Base64-base64-oorexx-recorded-1,stderr,1,"	Command being timed: ""/home/adrian/.local/opt/oorexx/5.1.0-12973/bin/rexx /tmp/crexx-perf2-linux-x64.d5f0827ca/source/tests/benchmarks/cross-runtime/oorexx/base64_roundtrip.rex 2500"""
rss-Base64-base64-oorexx-recorded-1,stderr,2,	User time (seconds): 4.15
rss-Base64-base64-oorexx-recorded-1,stderr,3,	System time (seconds): 0.00
rss-Base64-base64-oorexx-recorded-1,stderr,4,	Percent of CPU this job got: 99%
rss-Base64-base64-oorexx-recorded-1,stderr,5,	Elapsed (wall clock) time (h:mm:ss or m:ss): 0:04.16
rss-Base64-base64-oorexx-recorded-1,stderr,6,	Average shared text size (kbytes): 0
rss-Base64-base64-oorexx-recorded-1,stderr,7,	Average unshared data size (kbytes): 0
rss-Base64-base64-oorexx-recorded-1,stderr,8,	Average stack size (kbytes): 0
rss-Base64-base64-oorexx-recorded-1,stderr,9,	Average total size (kbytes): 0
rss-Base64-base64-oorexx-recorded-1,stderr,10,	Maximum resident set size (kbytes): 21208
rss-Base64-base64-oorexx-recorded-1,stderr,11,	Average resident set size (kbytes): 0
rss-Base64-base64-oorexx-recorded-1,stderr,12,	Major (requiring I/O) page faults: 0
rss-Base64-base64-oorexx-recorded-1,stderr,13,	Minor (reclaiming a frame) page faults: 3883
rss-Base64-base64-oorexx-recorded-1,stderr,14,	Voluntary context switches: 5
rss-Base64-base64-oorexx-recorded-1,stderr,15,	Involuntary context switches: 191
rss-Base64-base64-oorexx-recorded-1,stderr,16,	Swaps: 0
rss-Base64-base64-oorexx-recorded-1,stderr,17,	File system inputs: 0
rss-Base64-base64-oorexx-recorded-1,stderr,18,	File system outputs: 0
rss-Base64-base64-oorexx-recorded-1,stderr,19,	Socket messages sent: 0
rss-Base64-base64-oorexx-recorded-1,stderr,20,	Socket messages received: 0
rss-Base64-base64-oorexx-recorded-1,stderr,21,	Signals delivered: 0
rss-Base64-base64-oorexx-recorded-1,stderr,22,	Page size (bytes): 4096
rss-Base64-base64-oorexx-recorded-1,stderr,23,	Exit status: 0
rss-Base64-base64-netrexx-recorded-1,stdout,1,benchmark=base64_roundtrip repetitions=2500 encoded_length=1368 checksum=130560
rss-Base64-base64-netrexx-recorded-1,stdout,2,PASS: Base64 Roundtrip NetRexx decimal port
rss-Base64-base64-netrexx-recorded-1,stderr,1,"	Command being timed: ""/home/adrian/.local/opt/temurin/26.0.1+8/bin/java -cp /tmp/crexx-perf2-linux-x64.d5f0827ca/formal-netrexx:/home/adrian/.local/opt/netrexx/5.10-GA/runlib/NetRexxR.jar base64_roundtrip 2500"""
rss-Base64-base64-netrexx-recorded-1,stderr,2,	User time (seconds): 4.99
rss-Base64-base64-netrexx-recorded-1,stderr,3,	System time (seconds): 0.10
rss-Base64-base64-netrexx-recorded-1,stderr,4,	Percent of CPU this job got: 136%
rss-Base64-base64-netrexx-recorded-1,stderr,5,	Elapsed (wall clock) time (h:mm:ss or m:ss): 0:03.74
rss-Base64-base64-netrexx-recorded-1,stderr,6,	Average shared text size (kbytes): 0
rss-Base64-base64-netrexx-recorded-1,stderr,7,	Average unshared data size (kbytes): 0
rss-Base64-base64-netrexx-recorded-1,stderr,8,	Average stack size (kbytes): 0
rss-Base64-base64-netrexx-recorded-1,stderr,9,	Average total size (kbytes): 0
rss-Base64-base64-netrexx-recorded-1,stderr,10,	Maximum resident set size (kbytes): 179836
rss-Base64-base64-netrexx-recorded-1,stderr,11,	Average resident set size (kbytes): 0
rss-Base64-base64-netrexx-recorded-1,stderr,12,	Major (requiring I/O) page faults: 0
rss-Base64-base64-netrexx-recorded-1,stderr,13,	Minor (reclaiming a frame) page faults: 39423
rss-Base64-base64-netrexx-recorded-1,stderr,14,	Voluntary context switches: 2894
rss-Base64-base64-netrexx-recorded-1,stderr,15,	Involuntary context switches: 143
rss-Base64-base64-netrexx-recorded-1,stderr,16,	Swaps: 0
rss-Base64-base64-netrexx-recorded-1,stderr,17,	File system inputs: 0
rss-Base64-base64-netrexx-recorded-1,stderr,18,	File system outputs: 0
rss-Base64-base64-netrexx-recorded-1,stderr,19,	Socket messages sent: 0
rss-Base64-base64-netrexx-recorded-1,stderr,20,	Socket messages received: 0
rss-Base64-base64-netrexx-recorded-1,stderr,21,	Signals delivered: 0
rss-Base64-base64-netrexx-recorded-1,stderr,22,	Page size (bytes): 4096
rss-Base64-base64-netrexx-recorded-1,stderr,23,	Exit status: 0
rss-Base64-base64-rxbvm-recorded-2,stdout,1,benchmark=base64_roundtrip repetitions=2500 encoded_length=1368 checksum=130560
rss-Base64-base64-rxbvm-recorded-2,stdout,2,PASS: Base64 Roundtrip
rss-Base64-base64-rxbvm-recorded-2,stderr,1,"	Command being timed: ""/tmp/crexx-perf2-linux-x64.d5f0827ca/clang-release/bin/rxbvm /tmp/crexx-perf2-linux-x64.d5f0827ca/clang-release/tests/benchmarks/benchmark_base64_roundtrip_opt.rxbin /tmp/crexx-perf2-linux-x64.d5f0827ca/clang-release/bin/library.rxbin -a 2500"""
rss-Base64-base64-rxbvm-recorded-2,stderr,2,	User time (seconds): 4.69
rss-Base64-base64-rxbvm-recorded-2,stderr,3,	System time (seconds): 0.00
rss-Base64-base64-rxbvm-recorded-2,stderr,4,	Percent of CPU this job got: 99%
rss-Base64-base64-rxbvm-recorded-2,stderr,5,	Elapsed (wall clock) time (h:mm:ss or m:ss): 0:04.69
rss-Base64-base64-rxbvm-recorded-2,stderr,6,	Average shared text size (kbytes): 0
rss-Base64-base64-rxbvm-recorded-2,stderr,7,	Average unshared data size (kbytes): 0
rss-Base64-base64-rxbvm-recorded-2,stderr,8,	Average stack size (kbytes): 0
rss-Base64-base64-rxbvm-recorded-2,stderr,9,	Average total size (kbytes): 0
rss-Base64-base64-rxbvm-recorded-2,stderr,10,	Maximum resident set size (kbytes): 14068
rss-Base64-base64-rxbvm-recorded-2,stderr,11,	Average resident set size (kbytes): 0
rss-Base64-base64-rxbvm-recorded-2,stderr,12,	Major (requiring I/O) page faults: 0
rss-Base64-base64-rxbvm-recorded-2,stderr,13,	Minor (reclaiming a frame) page faults: 3023
rss-Base64-base64-rxbvm-recorded-2,stderr,14,	Voluntary context switches: 1
rss-Base64-base64-rxbvm-recorded-2,stderr,15,	Involuntary context switches: 172
rss-Base64-base64-rxbvm-recorded-2,stderr,16,	Swaps: 0
rss-Base64-base64-rxbvm-recorded-2,stderr,17,	File system inputs: 0
rss-Base64-base64-rxbvm-recorded-2,stderr,18,	File system outputs: 0
rss-Base64-base64-rxbvm-recorded-2,stderr,19,	Socket messages sent: 0
rss-Base64-base64-rxbvm-recorded-2,stderr,20,	Socket messages received: 0
rss-Base64-base64-rxbvm-recorded-2,stderr,21,	Signals delivered: 0
rss-Base64-base64-rxbvm-recorded-2,stderr,22,	Page size (bytes): 4096
rss-Base64-base64-rxbvm-recorded-2,stderr,23,	Exit status: 0
rss-Base64-base64-oorexx-recorded-2,stdout,1,benchmark=base64_roundtrip repetitions=2500 encoded_length=1368 checksum=130560
rss-Base64-base64-oorexx-recorded-2,stdout,2,PASS: Base64 Roundtrip ooRexx port
rss-Base64-base64-oorexx-recorded-2,stderr,1,"	Command being timed: ""/home/adrian/.local/opt/oorexx/5.1.0-12973/bin/rexx /tmp/crexx-perf2-linux-x64.d5f0827ca/source/tests/benchmarks/cross-runtime/oorexx/base64_roundtrip.rex 2500"""
rss-Base64-base64-oorexx-recorded-2,stderr,2,	User time (seconds): 4.14
rss-Base64-base64-oorexx-recorded-2,stderr,3,	System time (seconds): 0.00
rss-Base64-base64-oorexx-recorded-2,stderr,4,	Percent of CPU this job got: 99%
rss-Base64-base64-oorexx-recorded-2,stderr,5,	Elapsed (wall clock) time (h:mm:ss or m:ss): 0:04.14
rss-Base64-base64-oorexx-recorded-2,stderr,6,	Average shared text size (kbytes): 0
rss-Base64-base64-oorexx-recorded-2,stderr,7,	Average unshared data size (kbytes): 0
rss-Base64-base64-oorexx-recorded-2,stderr,8,	Average stack size (kbytes): 0
rss-Base64-base64-oorexx-recorded-2,stderr,9,	Average total size (kbytes): 0
rss-Base64-base64-oorexx-recorded-2,stderr,10,	Maximum resident set size (kbytes): 21204
rss-Base64-base64-oorexx-recorded-2,stderr,11,	Average resident set size (kbytes): 0
rss-Base64-base64-oorexx-recorded-2,stderr,12,	Major (requiring I/O) page faults: 0
rss-Base64-base64-oorexx-recorded-2,stderr,13,	Minor (reclaiming a frame) page faults: 3884
rss-Base64-base64-oorexx-recorded-2,stderr,14,	Voluntary context switches: 5
rss-Base64-base64-oorexx-recorded-2,stderr,15,	Involuntary context switches: 146
rss-Base64-base64-oorexx-recorded-2,stderr,16,	Swaps: 0
rss-Base64-base64-oorexx-recorded-2,stderr,17,	File system inputs: 0
rss-Base64-base64-oorexx-recorded-2,stderr,18,	File system outputs: 0
rss-Base64-base64-oorexx-recorded-2,stderr,19,	Socket messages sent: 0
rss-Base64-base64-oorexx-recorded-2,stderr,20,	Socket messages received: 0
rss-Base64-base64-oorexx-recorded-2,stderr,21,	Signals delivered: 0
rss-Base64-base64-oorexx-recorded-2,stderr,22,	Page size (bytes): 4096
rss-Base64-base64-oorexx-recorded-2,stderr,23,	Exit status: 0
rss-Base64-base64-netrexx-recorded-2,stdout,1,benchmark=base64_roundtrip repetitions=2500 encoded_length=1368 checksum=130560
rss-Base64-base64-netrexx-recorded-2,stdout,2,PASS: Base64 Roundtrip NetRexx decimal port
rss-Base64-base64-netrexx-recorded-2,stderr,1,"	Command being timed: ""/home/adrian/.local/opt/temurin/26.0.1+8/bin/java -cp /tmp/crexx-perf2-linux-x64.d5f0827ca/formal-netrexx:/home/adrian/.local/opt/netrexx/5.10-GA/runlib/NetRexxR.jar base64_roundtrip 2500"""
rss-Base64-base64-netrexx-recorded-2,stderr,2,	User time (seconds): 4.96
rss-Base64-base64-netrexx-recorded-2,stderr,3,	System time (seconds): 0.13
rss-Base64-base64-netrexx-recorded-2,stderr,4,	Percent of CPU this job got: 136%
rss-Base64-base64-netrexx-recorded-2,stderr,5,	Elapsed (wall clock) time (h:mm:ss or m:ss): 0:03.74
rss-Base64-base64-netrexx-recorded-2,stderr,6,	Average shared text size (kbytes): 0
rss-Base64-base64-netrexx-recorded-2,stderr,7,	Average unshared data size (kbytes): 0
rss-Base64-base64-netrexx-recorded-2,stderr,8,	Average stack size (kbytes): 0
rss-Base64-base64-netrexx-recorded-2,stderr,9,	Average total size (kbytes): 0
rss-Base64-base64-netrexx-recorded-2,stderr,10,	Maximum resident set size (kbytes): 230144
rss-Base64-base64-netrexx-recorded-2,stderr,11,	Average resident set size (kbytes): 0
rss-Base64-base64-netrexx-recorded-2,stderr,12,	Major (requiring I/O) page faults: 1
rss-Base64-base64-netrexx-recorded-2,stderr,13,	Minor (reclaiming a frame) page faults: 52240
rss-Base64-base64-netrexx-recorded-2,stderr,14,	Voluntary context switches: 2629
rss-Base64-base64-netrexx-recorded-2,stderr,15,	Involuntary context switches: 110
rss-Base64-base64-netrexx-recorded-2,stderr,16,	Swaps: 0
rss-Base64-base64-netrexx-recorded-2,stderr,17,	File system inputs: 0
rss-Base64-base64-netrexx-recorded-2,stderr,18,	File system outputs: 0
rss-Base64-base64-netrexx-recorded-2,stderr,19,	Socket messages sent: 0
rss-Base64-base64-netrexx-recorded-2,stderr,20,	Socket messages received: 0
rss-Base64-base64-netrexx-recorded-2,stderr,21,	Signals delivered: 0
rss-Base64-base64-netrexx-recorded-2,stderr,22,	Page size (bytes): 4096
rss-Base64-base64-netrexx-recorded-2,stderr,23,	Exit status: 0
rss-Base64-base64-rxvm-recorded-2,stdout,1,benchmark=base64_roundtrip repetitions=2500 encoded_length=1368 checksum=130560
rss-Base64-base64-rxvm-recorded-2,stdout,2,PASS: Base64 Roundtrip
rss-Base64-base64-rxvm-recorded-2,stderr,1,"	Command being timed: ""/tmp/crexx-perf2-linux-x64.d5f0827ca/clang-release/bin/rxvm /tmp/crexx-perf2-linux-x64.d5f0827ca/clang-release/tests/benchmarks/benchmark_base64_roundtrip_opt.rxbin /tmp/crexx-perf2-linux-x64.d5f0827ca/clang-release/bin/library.rxbin -a 2500"""
rss-Base64-base64-rxvm-recorded-2,stderr,2,	User time (seconds): 4.70
rss-Base64-base64-rxvm-recorded-2,stderr,3,	System time (seconds): 0.00
rss-Base64-base64-rxvm-recorded-2,stderr,4,	Percent of CPU this job got: 99%
rss-Base64-base64-rxvm-recorded-2,stderr,5,	Elapsed (wall clock) time (h:mm:ss or m:ss): 0:04.71
rss-Base64-base64-rxvm-recorded-2,stderr,6,	Average shared text size (kbytes): 0
rss-Base64-base64-rxvm-recorded-2,stderr,7,	Average unshared data size (kbytes): 0
rss-Base64-base64-rxvm-recorded-2,stderr,8,	Average stack size (kbytes): 0
rss-Base64-base64-rxvm-recorded-2,stderr,9,	Average total size (kbytes): 0
rss-Base64-base64-rxvm-recorded-2,stderr,10,	Maximum resident set size (kbytes): 14196
rss-Base64-base64-rxvm-recorded-2,stderr,11,	Average resident set size (kbytes): 0
rss-Base64-base64-rxvm-recorded-2,stderr,12,	Major (requiring I/O) page faults: 0
rss-Base64-base64-rxvm-recorded-2,stderr,13,	Minor (reclaiming a frame) page faults: 3024
rss-Base64-base64-rxvm-recorded-2,stderr,14,	Voluntary context switches: 1
rss-Base64-base64-rxvm-recorded-2,stderr,15,	Involuntary context switches: 151
rss-Base64-base64-rxvm-recorded-2,stderr,16,	Swaps: 0
rss-Base64-base64-rxvm-recorded-2,stderr,17,	File system inputs: 0
rss-Base64-base64-rxvm-recorded-2,stderr,18,	File system outputs: 0
rss-Base64-base64-rxvm-recorded-2,stderr,19,	Socket messages sent: 0
rss-Base64-base64-rxvm-recorded-2,stderr,20,	Socket messages received: 0
rss-Base64-base64-rxvm-recorded-2,stderr,21,	Signals delivered: 0
rss-Base64-base64-rxvm-recorded-2,stderr,22,	Page size (bytes): 4096
rss-Base64-base64-rxvm-recorded-2,stderr,23,	Exit status: 0
rss-Base64-base64-oorexx-recorded-3,stdout,1,benchmark=base64_roundtrip repetitions=2500 encoded_length=1368 checksum=130560
rss-Base64-base64-oorexx-recorded-3,stdout,2,PASS: Base64 Roundtrip ooRexx port
rss-Base64-base64-oorexx-recorded-3,stderr,1,"	Command being timed: ""/home/adrian/.local/opt/oorexx/5.1.0-12973/bin/rexx /tmp/crexx-perf2-linux-x64.d5f0827ca/source/tests/benchmarks/cross-runtime/oorexx/base64_roundtrip.rex 2500"""
rss-Base64-base64-oorexx-recorded-3,stderr,2,	User time (seconds): 4.10
rss-Base64-base64-oorexx-recorded-3,stderr,3,	System time (seconds): 0.00
rss-Base64-base64-oorexx-recorded-3,stderr,4,	Percent of CPU this job got: 99%
rss-Base64-base64-oorexx-recorded-3,stderr,5,	Elapsed (wall clock) time (h:mm:ss or m:ss): 0:04.11
rss-Base64-base64-oorexx-recorded-3,stderr,6,	Average shared text size (kbytes): 0
rss-Base64-base64-oorexx-recorded-3,stderr,7,	Average unshared data size (kbytes): 0
rss-Base64-base64-oorexx-recorded-3,stderr,8,	Average stack size (kbytes): 0
rss-Base64-base64-oorexx-recorded-3,stderr,9,	Average total size (kbytes): 0
rss-Base64-base64-oorexx-recorded-3,stderr,10,	Maximum resident set size (kbytes): 21204
rss-Base64-base64-oorexx-recorded-3,stderr,11,	Average resident set size (kbytes): 0
rss-Base64-base64-oorexx-recorded-3,stderr,12,	Major (requiring I/O) page faults: 0
rss-Base64-base64-oorexx-recorded-3,stderr,13,	Minor (reclaiming a frame) page faults: 3883
rss-Base64-base64-oorexx-recorded-3,stderr,14,	Voluntary context switches: 4
rss-Base64-base64-oorexx-recorded-3,stderr,15,	Involuntary context switches: 138
rss-Base64-base64-oorexx-recorded-3,stderr,16,	Swaps: 0
rss-Base64-base64-oorexx-recorded-3,stderr,17,	File system inputs: 0
rss-Base64-base64-oorexx-recorded-3,stderr,18,	File system outputs: 0
rss-Base64-base64-oorexx-recorded-3,stderr,19,	Socket messages sent: 0
rss-Base64-base64-oorexx-recorded-3,stderr,20,	Socket messages received: 0
rss-Base64-base64-oorexx-recorded-3,stderr,21,	Signals delivered: 0
rss-Base64-base64-oorexx-recorded-3,stderr,22,	Page size (bytes): 4096
rss-Base64-base64-oorexx-recorded-3,stderr,23,	Exit status: 0
rss-Base64-base64-netrexx-recorded-3,stdout,1,benchmark=base64_roundtrip repetitions=2500 encoded_length=1368 checksum=130560
rss-Base64-base64-netrexx-recorded-3,stdout,2,PASS: Base64 Roundtrip NetRexx decimal port
rss-Base64-base64-netrexx-recorded-3,stderr,1,"	Command being timed: ""/home/adrian/.local/opt/temurin/26.0.1+8/bin/java -cp /tmp/crexx-perf2-linux-x64.d5f0827ca/formal-netrexx:/home/adrian/.local/opt/netrexx/5.10-GA/runlib/NetRexxR.jar base64_roundtrip 2500"""
rss-Base64-base64-netrexx-recorded-3,stderr,2,	User time (seconds): 5.04
rss-Base64-base64-netrexx-recorded-3,stderr,3,	System time (seconds): 0.14
rss-Base64-base64-netrexx-recorded-3,stderr,4,	Percent of CPU this job got: 135%
rss-Base64-base64-netrexx-recorded-3,stderr,5,	Elapsed (wall clock) time (h:mm:ss or m:ss): 0:03.84
rss-Base64-base64-netrexx-recorded-3,stderr,6,	Average shared text size (kbytes): 0
rss-Base64-base64-netrexx-recorded-3,stderr,7,	Average unshared data size (kbytes): 0
rss-Base64-base64-netrexx-recorded-3,stderr,8,	Average stack size (kbytes): 0
rss-Base64-base64-netrexx-recorded-3,stderr,9,	Average total size (kbytes): 0
rss-Base64-base64-netrexx-recorded-3,stderr,10,	Maximum resident set size (kbytes): 267288
rss-Base64-base64-netrexx-recorded-3,stderr,11,	Average resident set size (kbytes): 0
rss-Base64-base64-netrexx-recorded-3,stderr,12,	Major (requiring I/O) page faults: 0
rss-Base64-base64-netrexx-recorded-3,stderr,13,	Minor (reclaiming a frame) page faults: 61463
rss-Base64-base64-netrexx-recorded-3,stderr,14,	Voluntary context switches: 2544
rss-Base64-base64-netrexx-recorded-3,stderr,15,	Involuntary context switches: 190
rss-Base64-base64-netrexx-recorded-3,stderr,16,	Swaps: 0
rss-Base64-base64-netrexx-recorded-3,stderr,17,	File system inputs: 0
rss-Base64-base64-netrexx-recorded-3,stderr,18,	File system outputs: 0
rss-Base64-base64-netrexx-recorded-3,stderr,19,	Socket messages sent: 0
rss-Base64-base64-netrexx-recorded-3,stderr,20,	Socket messages received: 0
rss-Base64-base64-netrexx-recorded-3,stderr,21,	Signals delivered: 0
rss-Base64-base64-netrexx-recorded-3,stderr,22,	Page size (bytes): 4096
rss-Base64-base64-netrexx-recorded-3,stderr,23,	Exit status: 0
rss-Base64-base64-rxvm-recorded-3,stdout,1,benchmark=base64_roundtrip repetitions=2500 encoded_length=1368 checksum=130560
rss-Base64-base64-rxvm-recorded-3,stdout,2,PASS: Base64 Roundtrip
rss-Base64-base64-rxvm-recorded-3,stderr,1,"	Command being timed: ""/tmp/crexx-perf2-linux-x64.d5f0827ca/clang-release/bin/rxvm /tmp/crexx-perf2-linux-x64.d5f0827ca/clang-release/tests/benchmarks/benchmark_base64_roundtrip_opt.rxbin /tmp/crexx-perf2-linux-x64.d5f0827ca/clang-release/bin/library.rxbin -a 2500"""
rss-Base64-base64-rxvm-recorded-3,stderr,2,	User time (seconds): 4.66
rss-Base64-base64-rxvm-recorded-3,stderr,3,	System time (seconds): 0.00
rss-Base64-base64-rxvm-recorded-3,stderr,4,	Percent of CPU this job got: 99%
rss-Base64-base64-rxvm-recorded-3,stderr,5,	Elapsed (wall clock) time (h:mm:ss or m:ss): 0:04.67
rss-Base64-base64-rxvm-recorded-3,stderr,6,	Average shared text size (kbytes): 0
rss-Base64-base64-rxvm-recorded-3,stderr,7,	Average unshared data size (kbytes): 0
rss-Base64-base64-rxvm-recorded-3,stderr,8,	Average stack size (kbytes): 0
rss-Base64-base64-rxvm-recorded-3,stderr,9,	Average total size (kbytes): 0
rss-Base64-base64-rxvm-recorded-3,stderr,10,	Maximum resident set size (kbytes): 14188
rss-Base64-base64-rxvm-recorded-3,stderr,11,	Average resident set size (kbytes): 0
rss-Base64-base64-rxvm-recorded-3,stderr,12,	Major (requiring I/O) page faults: 0
rss-Base64-base64-rxvm-recorded-3,stderr,13,	Minor (reclaiming a frame) page faults: 3026
rss-Base64-base64-rxvm-recorded-3,stderr,14,	Voluntary context switches: 1
rss-Base64-base64-rxvm-recorded-3,stderr,15,	Involuntary context switches: 244
rss-Base64-base64-rxvm-recorded-3,stderr,16,	Swaps: 0
rss-Base64-base64-rxvm-recorded-3,stderr,17,	File system inputs: 0
rss-Base64-base64-rxvm-recorded-3,stderr,18,	File system outputs: 0
rss-Base64-base64-rxvm-recorded-3,stderr,19,	Socket messages sent: 0
rss-Base64-base64-rxvm-recorded-3,stderr,20,	Socket messages received: 0
rss-Base64-base64-rxvm-recorded-3,stderr,21,	Signals delivered: 0
rss-Base64-base64-rxvm-recorded-3,stderr,22,	Page size (bytes): 4096
rss-Base64-base64-rxvm-recorded-3,stderr,23,	Exit status: 0
rss-Base64-base64-rxbvm-recorded-3,stdout,1,benchmark=base64_roundtrip repetitions=2500 encoded_length=1368 checksum=130560
rss-Base64-base64-rxbvm-recorded-3,stdout,2,PASS: Base64 Roundtrip
rss-Base64-base64-rxbvm-recorded-3,stderr,1,"	Command being timed: ""/tmp/crexx-perf2-linux-x64.d5f0827ca/clang-release/bin/rxbvm /tmp/crexx-perf2-linux-x64.d5f0827ca/clang-release/tests/benchmarks/benchmark_base64_roundtrip_opt.rxbin /tmp/crexx-perf2-linux-x64.d5f0827ca/clang-release/bin/library.rxbin -a 2500"""
rss-Base64-base64-rxbvm-recorded-3,stderr,2,	User time (seconds): 4.78
rss-Base64-base64-rxbvm-recorded-3,stderr,3,	System time (seconds): 0.00
rss-Base64-base64-rxbvm-recorded-3,stderr,4,	Percent of CPU this job got: 99%
rss-Base64-base64-rxbvm-recorded-3,stderr,5,	Elapsed (wall clock) time (h:mm:ss or m:ss): 0:04.78
rss-Base64-base64-rxbvm-recorded-3,stderr,6,	Average shared text size (kbytes): 0
rss-Base64-base64-rxbvm-recorded-3,stderr,7,	Average unshared data size (kbytes): 0
rss-Base64-base64-rxbvm-recorded-3,stderr,8,	Average stack size (kbytes): 0
rss-Base64-base64-rxbvm-recorded-3,stderr,9,	Average total size (kbytes): 0
rss-Base64-base64-rxbvm-recorded-3,stderr,10,	Maximum resident set size (kbytes): 14216
rss-Base64-base64-rxbvm-recorded-3,stderr,11,	Average resident set size (kbytes): 0
rss-Base64-base64-rxbvm-recorded-3,stderr,12,	Major (requiring I/O) page faults: 0
rss-Base64-base64-rxbvm-recorded-3,stderr,13,	Minor (reclaiming a frame) page faults: 3025
rss-Base64-base64-rxbvm-recorded-3,stderr,14,	Voluntary context switches: 1
rss-Base64-base64-rxbvm-recorded-3,stderr,15,	Involuntary context switches: 215
rss-Base64-base64-rxbvm-recorded-3,stderr,16,	Swaps: 0
rss-Base64-base64-rxbvm-recorded-3,stderr,17,	File system inputs: 0
rss-Base64-base64-rxbvm-recorded-3,stderr,18,	File system outputs: 0
rss-Base64-base64-rxbvm-recorded-3,stderr,19,	Socket messages sent: 0
rss-Base64-base64-rxbvm-recorded-3,stderr,20,	Socket messages received: 0
rss-Base64-base64-rxbvm-recorded-3,stderr,21,	Signals delivered: 0
rss-Base64-base64-rxbvm-recorded-3,stderr,22,	Page size (bytes): 4096
rss-Base64-base64-rxbvm-recorded-3,stderr,23,	Exit status: 0
rss-Towers-towers-rxvm-recorded-1,stdout,1,benchmark=awfy_towers repetitions=100 result=8191
rss-Towers-towers-rxvm-recorded-1,stdout,2,PASS: AWFY Towers
rss-Towers-towers-rxvm-recorded-1,stderr,1,"	Command being timed: ""/tmp/crexx-perf2-linux-x64.d5f0827ca/clang-release/bin/rxvm /tmp/crexx-perf2-linux-x64.d5f0827ca/clang-release/tests/benchmarks/benchmark_awfy_towers_opt.rxbin /tmp/crexx-perf2-linux-x64.d5f0827ca/clang-release/bin/library.rxbin -a 100"""
rss-Towers-towers-rxvm-recorded-1,stderr,2,	User time (seconds): 10.39
rss-Towers-towers-rxvm-recorded-1,stderr,3,	System time (seconds): 0.00
rss-Towers-towers-rxvm-recorded-1,stderr,4,	Percent of CPU this job got: 99%
rss-Towers-towers-rxvm-recorded-1,stderr,5,	Elapsed (wall clock) time (h:mm:ss or m:ss): 0:10.40
rss-Towers-towers-rxvm-recorded-1,stderr,6,	Average shared text size (kbytes): 0
rss-Towers-towers-rxvm-recorded-1,stderr,7,	Average unshared data size (kbytes): 0
rss-Towers-towers-rxvm-recorded-1,stderr,8,	Average stack size (kbytes): 0
rss-Towers-towers-rxvm-recorded-1,stderr,9,	Average total size (kbytes): 0
rss-Towers-towers-rxvm-recorded-1,stderr,10,	Maximum resident set size (kbytes): 14200
rss-Towers-towers-rxvm-recorded-1,stderr,11,	Average resident set size (kbytes): 0
rss-Towers-towers-rxvm-recorded-1,stderr,12,	Major (requiring I/O) page faults: 0
rss-Towers-towers-rxvm-recorded-1,stderr,13,	Minor (reclaiming a frame) page faults: 3297
rss-Towers-towers-rxvm-recorded-1,stderr,14,	Voluntary context switches: 1
rss-Towers-towers-rxvm-recorded-1,stderr,15,	Involuntary context switches: 259
rss-Towers-towers-rxvm-recorded-1,stderr,16,	Swaps: 0
rss-Towers-towers-rxvm-recorded-1,stderr,17,	File system inputs: 0
rss-Towers-towers-rxvm-recorded-1,stderr,18,	File system outputs: 0
rss-Towers-towers-rxvm-recorded-1,stderr,19,	Socket messages sent: 0
rss-Towers-towers-rxvm-recorded-1,stderr,20,	Socket messages received: 0
rss-Towers-towers-rxvm-recorded-1,stderr,21,	Signals delivered: 0
rss-Towers-towers-rxvm-recorded-1,stderr,22,	Page size (bytes): 4096
rss-Towers-towers-rxvm-recorded-1,stderr,23,	Exit status: 0
rss-Towers-towers-rxbvm-recorded-1,stdout,1,benchmark=awfy_towers repetitions=100 result=8191
rss-Towers-towers-rxbvm-recorded-1,stdout,2,PASS: AWFY Towers
rss-Towers-towers-rxbvm-recorded-1,stderr,1,"	Command being timed: ""/tmp/crexx-perf2-linux-x64.d5f0827ca/clang-release/bin/rxbvm /tmp/crexx-perf2-linux-x64.d5f0827ca/clang-release/tests/benchmarks/benchmark_awfy_towers_opt.rxbin /tmp/crexx-perf2-linux-x64.d5f0827ca/clang-release/bin/library.rxbin -a 100"""
rss-Towers-towers-rxbvm-recorded-1,stderr,2,	User time (seconds): 9.35
rss-Towers-towers-rxbvm-recorded-1,stderr,3,	System time (seconds): 0.00
rss-Towers-towers-rxbvm-recorded-1,stderr,4,	Percent of CPU this job got: 99%
rss-Towers-towers-rxbvm-recorded-1,stderr,5,	Elapsed (wall clock) time (h:mm:ss or m:ss): 0:09.36
rss-Towers-towers-rxbvm-recorded-1,stderr,6,	Average shared text size (kbytes): 0
rss-Towers-towers-rxbvm-recorded-1,stderr,7,	Average unshared data size (kbytes): 0
rss-Towers-towers-rxbvm-recorded-1,stderr,8,	Average stack size (kbytes): 0
rss-Towers-towers-rxbvm-recorded-1,stderr,9,	Average total size (kbytes): 0
rss-Towers-towers-rxbvm-recorded-1,stderr,10,	Maximum resident set size (kbytes): 14112
rss-Towers-towers-rxbvm-recorded-1,stderr,11,	Average resident set size (kbytes): 0
rss-Towers-towers-rxbvm-recorded-1,stderr,12,	Major (requiring I/O) page faults: 0
rss-Towers-towers-rxbvm-recorded-1,stderr,13,	Minor (reclaiming a frame) page faults: 3294
rss-Towers-towers-rxbvm-recorded-1,stderr,14,	Voluntary context switches: 1
rss-Towers-towers-rxbvm-recorded-1,stderr,15,	Involuntary context switches: 438
rss-Towers-towers-rxbvm-recorded-1,stderr,16,	Swaps: 0
rss-Towers-towers-rxbvm-recorded-1,stderr,17,	File system inputs: 0
rss-Towers-towers-rxbvm-recorded-1,stderr,18,	File system outputs: 0
rss-Towers-towers-rxbvm-recorded-1,stderr,19,	Socket messages sent: 0
rss-Towers-towers-rxbvm-recorded-1,stderr,20,	Socket messages received: 0
rss-Towers-towers-rxbvm-recorded-1,stderr,21,	Signals delivered: 0
rss-Towers-towers-rxbvm-recorded-1,stderr,22,	Page size (bytes): 4096
rss-Towers-towers-rxbvm-recorded-1,stderr,23,	Exit status: 0
rss-Towers-towers-oorexx-recorded-1,stdout,1,benchmark=awfy_towers repetitions=100 result=8191
rss-Towers-towers-oorexx-recorded-1,stdout,2,PASS: AWFY Towers ooRexx object port
rss-Towers-towers-oorexx-recorded-1,stderr,1,"	Command being timed: ""/home/adrian/.local/opt/oorexx/5.1.0-12973/bin/rexx /tmp/crexx-perf2-linux-x64.d5f0827ca/source/tests/benchmarks/cross-runtime/classic/awfy_towers.rex 100"""
rss-Towers-towers-oorexx-recorded-1,stderr,2,	User time (seconds): 4.18
rss-Towers-towers-oorexx-recorded-1,stderr,3,	System time (seconds): 0.00
rss-Towers-towers-oorexx-recorded-1,stderr,4,	Percent of CPU this job got: 99%
rss-Towers-towers-oorexx-recorded-1,stderr,5,	Elapsed (wall clock) time (h:mm:ss or m:ss): 0:04.19
rss-Towers-towers-oorexx-recorded-1,stderr,6,	Average shared text size (kbytes): 0
rss-Towers-towers-oorexx-recorded-1,stderr,7,	Average unshared data size (kbytes): 0
rss-Towers-towers-oorexx-recorded-1,stderr,8,	Average stack size (kbytes): 0
rss-Towers-towers-oorexx-recorded-1,stderr,9,	Average total size (kbytes): 0
rss-Towers-towers-oorexx-recorded-1,stderr,10,	Maximum resident set size (kbytes): 21036
rss-Towers-towers-oorexx-recorded-1,stderr,11,	Average resident set size (kbytes): 0
rss-Towers-towers-oorexx-recorded-1,stderr,12,	Major (requiring I/O) page faults: 0
rss-Towers-towers-oorexx-recorded-1,stderr,13,	Minor (reclaiming a frame) page faults: 3887
rss-Towers-towers-oorexx-recorded-1,stderr,14,	Voluntary context switches: 4
rss-Towers-towers-oorexx-recorded-1,stderr,15,	Involuntary context switches: 175
rss-Towers-towers-oorexx-recorded-1,stderr,16,	Swaps: 0
rss-Towers-towers-oorexx-recorded-1,stderr,17,	File system inputs: 0
rss-Towers-towers-oorexx-recorded-1,stderr,18,	File system outputs: 0
rss-Towers-towers-oorexx-recorded-1,stderr,19,	Socket messages sent: 0
rss-Towers-towers-oorexx-recorded-1,stderr,20,	Socket messages received: 0
rss-Towers-towers-oorexx-recorded-1,stderr,21,	Signals delivered: 0
rss-Towers-towers-oorexx-recorded-1,stderr,22,	Page size (bytes): 4096
rss-Towers-towers-oorexx-recorded-1,stderr,23,	Exit status: 0
rss-Towers-towers-netrexx-recorded-1,stdout,1,benchmark=awfy_towers repetitions=100 result=8191
rss-Towers-towers-netrexx-recorded-1,stdout,2,PASS: AWFY Towers NetRexx port
rss-Towers-towers-netrexx-recorded-1,stderr,1,"	Command being timed: ""/home/adrian/.local/opt/temurin/26.0.1+8/bin/java -cp /tmp/crexx-perf2-linux-x64.d5f0827ca/formal-netrexx:/home/adrian/.local/opt/netrexx/5.10-GA/runlib/NetRexxR.jar awfy_towers 100"""
rss-Towers-towers-netrexx-recorded-1,stderr,2,	User time (seconds): 0.08
rss-Towers-towers-netrexx-recorded-1,stderr,3,	System time (seconds): 0.02
rss-Towers-towers-netrexx-recorded-1,stderr,4,	Percent of CPU this job got: 158%
rss-Towers-towers-netrexx-recorded-1,stderr,5,	Elapsed (wall clock) time (h:mm:ss or m:ss): 0:00.06
rss-Towers-towers-netrexx-recorded-1,stderr,6,	Average shared text size (kbytes): 0
rss-Towers-towers-netrexx-recorded-1,stderr,7,	Average unshared data size (kbytes): 0
rss-Towers-towers-netrexx-recorded-1,stderr,8,	Average stack size (kbytes): 0
rss-Towers-towers-netrexx-recorded-1,stderr,9,	Average total size (kbytes): 0
rss-Towers-towers-netrexx-recorded-1,stderr,10,	Maximum resident set size (kbytes): 44688
rss-Towers-towers-netrexx-recorded-1,stderr,11,	Average resident set size (kbytes): 0
rss-Towers-towers-netrexx-recorded-1,stderr,12,	Major (requiring I/O) page faults: 0
rss-Towers-towers-netrexx-recorded-1,stderr,13,	Minor (reclaiming a frame) page faults: 5663
rss-Towers-towers-netrexx-recorded-1,stderr,14,	Voluntary context switches: 140
rss-Towers-towers-netrexx-recorded-1,stderr,15,	Involuntary context switches: 5
rss-Towers-towers-netrexx-recorded-1,stderr,16,	Swaps: 0
rss-Towers-towers-netrexx-recorded-1,stderr,17,	File system inputs: 0
rss-Towers-towers-netrexx-recorded-1,stderr,18,	File system outputs: 0
rss-Towers-towers-netrexx-recorded-1,stderr,19,	Socket messages sent: 0
rss-Towers-towers-netrexx-recorded-1,stderr,20,	Socket messages received: 0
rss-Towers-towers-netrexx-recorded-1,stderr,21,	Signals delivered: 0
rss-Towers-towers-netrexx-recorded-1,stderr,22,	Page size (bytes): 4096
rss-Towers-towers-netrexx-recorded-1,stderr,23,	Exit status: 0
rss-Towers-towers-rxbvm-recorded-2,stdout,1,benchmark=awfy_towers repetitions=100 result=8191
rss-Towers-towers-rxbvm-recorded-2,stdout,2,PASS: AWFY Towers
rss-Towers-towers-rxbvm-recorded-2,stderr,1,"	Command being timed: ""/tmp/crexx-perf2-linux-x64.d5f0827ca/clang-release/bin/rxbvm /tmp/crexx-perf2-linux-x64.d5f0827ca/clang-release/tests/benchmarks/benchmark_awfy_towers_opt.rxbin /tmp/crexx-perf2-linux-x64.d5f0827ca/clang-release/bin/library.rxbin -a 100"""
rss-Towers-towers-rxbvm-recorded-2,stderr,2,	User time (seconds): 9.22
rss-Towers-towers-rxbvm-recorded-2,stderr,3,	System time (seconds): 0.00
rss-Towers-towers-rxbvm-recorded-2,stderr,4,	Percent of CPU this job got: 99%
rss-Towers-towers-rxbvm-recorded-2,stderr,5,	Elapsed (wall clock) time (h:mm:ss or m:ss): 0:09.23
rss-Towers-towers-rxbvm-recorded-2,stderr,6,	Average shared text size (kbytes): 0
rss-Towers-towers-rxbvm-recorded-2,stderr,7,	Average unshared data size (kbytes): 0
rss-Towers-towers-rxbvm-recorded-2,stderr,8,	Average stack size (kbytes): 0
rss-Towers-towers-rxbvm-recorded-2,stderr,9,	Average total size (kbytes): 0
rss-Towers-towers-rxbvm-recorded-2,stderr,10,	Maximum resident set size (kbytes): 14032
rss-Towers-towers-rxbvm-recorded-2,stderr,11,	Average resident set size (kbytes): 0
rss-Towers-towers-rxbvm-recorded-2,stderr,12,	Major (requiring I/O) page faults: 0
rss-Towers-towers-rxbvm-recorded-2,stderr,13,	Minor (reclaiming a frame) page faults: 3293
rss-Towers-towers-rxbvm-recorded-2,stderr,14,	Voluntary context switches: 1
rss-Towers-towers-rxbvm-recorded-2,stderr,15,	Involuntary context switches: 331
rss-Towers-towers-rxbvm-recorded-2,stderr,16,	Swaps: 0
rss-Towers-towers-rxbvm-recorded-2,stderr,17,	File system inputs: 0
rss-Towers-towers-rxbvm-recorded-2,stderr,18,	File system outputs: 0
rss-Towers-towers-rxbvm-recorded-2,stderr,19,	Socket messages sent: 0
rss-Towers-towers-rxbvm-recorded-2,stderr,20,	Socket messages received: 0
rss-Towers-towers-rxbvm-recorded-2,stderr,21,	Signals delivered: 0
rss-Towers-towers-rxbvm-recorded-2,stderr,22,	Page size (bytes): 4096
rss-Towers-towers-rxbvm-recorded-2,stderr,23,	Exit status: 0
rss-Towers-towers-oorexx-recorded-2,stdout,1,benchmark=awfy_towers repetitions=100 result=8191
rss-Towers-towers-oorexx-recorded-2,stdout,2,PASS: AWFY Towers ooRexx object port
rss-Towers-towers-oorexx-recorded-2,stderr,1,"	Command being timed: ""/home/adrian/.local/opt/oorexx/5.1.0-12973/bin/rexx /tmp/crexx-perf2-linux-x64.d5f0827ca/source/tests/benchmarks/cross-runtime/classic/awfy_towers.rex 100"""
rss-Towers-towers-oorexx-recorded-2,stderr,2,	User time (seconds): 4.21
rss-Towers-towers-oorexx-recorded-2,stderr,3,	System time (seconds): 0.00
rss-Towers-towers-oorexx-recorded-2,stderr,4,	Percent of CPU this job got: 99%
rss-Towers-towers-oorexx-recorded-2,stderr,5,	Elapsed (wall clock) time (h:mm:ss or m:ss): 0:04.22
rss-Towers-towers-oorexx-recorded-2,stderr,6,	Average shared text size (kbytes): 0
rss-Towers-towers-oorexx-recorded-2,stderr,7,	Average unshared data size (kbytes): 0
rss-Towers-towers-oorexx-recorded-2,stderr,8,	Average stack size (kbytes): 0
rss-Towers-towers-oorexx-recorded-2,stderr,9,	Average total size (kbytes): 0
rss-Towers-towers-oorexx-recorded-2,stderr,10,	Maximum resident set size (kbytes): 21204
rss-Towers-towers-oorexx-recorded-2,stderr,11,	Average resident set size (kbytes): 0
rss-Towers-towers-oorexx-recorded-2,stderr,12,	Major (requiring I/O) page faults: 0
rss-Towers-towers-oorexx-recorded-2,stderr,13,	Minor (reclaiming a frame) page faults: 3888
rss-Towers-towers-oorexx-recorded-2,stderr,14,	Voluntary context switches: 4
rss-Towers-towers-oorexx-recorded-2,stderr,15,	Involuntary context switches: 196
rss-Towers-towers-oorexx-recorded-2,stderr,16,	Swaps: 0
rss-Towers-towers-oorexx-recorded-2,stderr,17,	File system inputs: 0
rss-Towers-towers-oorexx-recorded-2,stderr,18,	File system outputs: 0
rss-Towers-towers-oorexx-recorded-2,stderr,19,	Socket messages sent: 0
rss-Towers-towers-oorexx-recorded-2,stderr,20,	Socket messages received: 0
rss-Towers-towers-oorexx-recorded-2,stderr,21,	Signals delivered: 0
rss-Towers-towers-oorexx-recorded-2,stderr,22,	Page size (bytes): 4096
rss-Towers-towers-oorexx-recorded-2,stderr,23,	Exit status: 0
rss-Towers-towers-netrexx-recorded-2,stdout,1,benchmark=awfy_towers repetitions=100 result=8191
rss-Towers-towers-netrexx-recorded-2,stdout,2,PASS: AWFY Towers NetRexx port
rss-Towers-towers-netrexx-recorded-2,stderr,1,"	Command being timed: ""/home/adrian/.local/opt/temurin/26.0.1+8/bin/java -cp /tmp/crexx-perf2-linux-x64.d5f0827ca/formal-netrexx:/home/adrian/.local/opt/netrexx/5.10-GA/runlib/NetRexxR.jar awfy_towers 100"""
rss-Towers-towers-netrexx-recorded-2,stderr,2,	User time (seconds): 0.09
rss-Towers-towers-netrexx-recorded-2,stderr,3,	System time (seconds): 0.01
rss-Towers-towers-netrexx-recorded-2,stderr,4,	Percent of CPU this job got: 160%
rss-Towers-towers-netrexx-recorded-2,stderr,5,	Elapsed (wall clock) time (h:mm:ss or m:ss): 0:00.06
rss-Towers-towers-netrexx-recorded-2,stderr,6,	Average shared text size (kbytes): 0
rss-Towers-towers-netrexx-recorded-2,stderr,7,	Average unshared data size (kbytes): 0
rss-Towers-towers-netrexx-recorded-2,stderr,8,	Average stack size (kbytes): 0
rss-Towers-towers-netrexx-recorded-2,stderr,9,	Average total size (kbytes): 0
rss-Towers-towers-netrexx-recorded-2,stderr,10,	Maximum resident set size (kbytes): 44636
rss-Towers-towers-netrexx-recorded-2,stderr,11,	Average resident set size (kbytes): 0
rss-Towers-towers-netrexx-recorded-2,stderr,12,	Major (requiring I/O) page faults: 0
rss-Towers-towers-netrexx-recorded-2,stderr,13,	Minor (reclaiming a frame) page faults: 5662
rss-Towers-towers-netrexx-recorded-2,stderr,14,	Voluntary context switches: 144
rss-Towers-towers-netrexx-recorded-2,stderr,15,	Involuntary context switches: 7
rss-Towers-towers-netrexx-recorded-2,stderr,16,	Swaps: 0
rss-Towers-towers-netrexx-recorded-2,stderr,17,	File system inputs: 0
rss-Towers-towers-netrexx-recorded-2,stderr,18,	File system outputs: 0
rss-Towers-towers-netrexx-recorded-2,stderr,19,	Socket messages sent: 0
rss-Towers-towers-netrexx-recorded-2,stderr,20,	Socket messages received: 0
rss-Towers-towers-netrexx-recorded-2,stderr,21,	Signals delivered: 0
rss-Towers-towers-netrexx-recorded-2,stderr,22,	Page size (bytes): 4096
rss-Towers-towers-netrexx-recorded-2,stderr,23,	Exit status: 0
rss-Towers-towers-rxvm-recorded-2,stdout,1,benchmark=awfy_towers repetitions=100 result=8191
rss-Towers-towers-rxvm-recorded-2,stdout,2,PASS: AWFY Towers
rss-Towers-towers-rxvm-recorded-2,stderr,1,"	Command being timed: ""/tmp/crexx-perf2-linux-x64.d5f0827ca/clang-release/bin/rxvm /tmp/crexx-perf2-linux-x64.d5f0827ca/clang-release/tests/benchmarks/benchmark_awfy_towers_opt.rxbin /tmp/crexx-perf2-linux-x64.d5f0827ca/clang-release/bin/library.rxbin -a 100"""
rss-Towers-towers-rxvm-recorded-2,stderr,2,	User time (seconds): 9.57
rss-Towers-towers-rxvm-recorded-2,stderr,3,	System time (seconds): 0.00
rss-Towers-towers-rxvm-recorded-2,stderr,4,	Percent of CPU this job got: 99%
rss-Towers-towers-rxvm-recorded-2,stderr,5,	Elapsed (wall clock) time (h:mm:ss or m:ss): 0:09.57
rss-Towers-towers-rxvm-recorded-2,stderr,6,	Average shared text size (kbytes): 0
rss-Towers-towers-rxvm-recorded-2,stderr,7,	Average unshared data size (kbytes): 0
rss-Towers-towers-rxvm-recorded-2,stderr,8,	Average stack size (kbytes): 0
rss-Towers-towers-rxvm-recorded-2,stderr,9,	Average total size (kbytes): 0
rss-Towers-towers-rxvm-recorded-2,stderr,10,	Maximum resident set size (kbytes): 14260
rss-Towers-towers-rxvm-recorded-2,stderr,11,	Average resident set size (kbytes): 0
rss-Towers-towers-rxvm-recorded-2,stderr,12,	Major (requiring I/O) page faults: 0
rss-Towers-towers-rxvm-recorded-2,stderr,13,	Minor (reclaiming a frame) page faults: 3297
rss-Towers-towers-rxvm-recorded-2,stderr,14,	Voluntary context switches: 1
rss-Towers-towers-rxvm-recorded-2,stderr,15,	Involuntary context switches: 316
rss-Towers-towers-rxvm-recorded-2,stderr,16,	Swaps: 0
rss-Towers-towers-rxvm-recorded-2,stderr,17,	File system inputs: 0
rss-Towers-towers-rxvm-recorded-2,stderr,18,	File system outputs: 0
rss-Towers-towers-rxvm-recorded-2,stderr,19,	Socket messages sent: 0
rss-Towers-towers-rxvm-recorded-2,stderr,20,	Socket messages received: 0
rss-Towers-towers-rxvm-recorded-2,stderr,21,	Signals delivered: 0
rss-Towers-towers-rxvm-recorded-2,stderr,22,	Page size (bytes): 4096
rss-Towers-towers-rxvm-recorded-2,stderr,23,	Exit status: 0
rss-Towers-towers-oorexx-recorded-3,stdout,1,benchmark=awfy_towers repetitions=100 result=8191
rss-Towers-towers-oorexx-recorded-3,stdout,2,PASS: AWFY Towers ooRexx object port
rss-Towers-towers-oorexx-recorded-3,stderr,1,"	Command being timed: ""/home/adrian/.local/opt/oorexx/5.1.0-12973/bin/rexx /tmp/crexx-perf2-linux-x64.d5f0827ca/source/tests/benchmarks/cross-runtime/classic/awfy_towers.rex 100"""
rss-Towers-towers-oorexx-recorded-3,stderr,2,	User time (seconds): 4.22
rss-Towers-towers-oorexx-recorded-3,stderr,3,	System time (seconds): 0.00
rss-Towers-towers-oorexx-recorded-3,stderr,4,	Percent of CPU this job got: 99%
rss-Towers-towers-oorexx-recorded-3,stderr,5,	Elapsed (wall clock) time (h:mm:ss or m:ss): 0:04.23
rss-Towers-towers-oorexx-recorded-3,stderr,6,	Average shared text size (kbytes): 0
rss-Towers-towers-oorexx-recorded-3,stderr,7,	Average unshared data size (kbytes): 0
rss-Towers-towers-oorexx-recorded-3,stderr,8,	Average stack size (kbytes): 0
rss-Towers-towers-oorexx-recorded-3,stderr,9,	Average total size (kbytes): 0
rss-Towers-towers-oorexx-recorded-3,stderr,10,	Maximum resident set size (kbytes): 21204
rss-Towers-towers-oorexx-recorded-3,stderr,11,	Average resident set size (kbytes): 0
rss-Towers-towers-oorexx-recorded-3,stderr,12,	Major (requiring I/O) page faults: 0
rss-Towers-towers-oorexx-recorded-3,stderr,13,	Minor (reclaiming a frame) page faults: 3888
rss-Towers-towers-oorexx-recorded-3,stderr,14,	Voluntary context switches: 5
rss-Towers-towers-oorexx-recorded-3,stderr,15,	Involuntary context switches: 124
rss-Towers-towers-oorexx-recorded-3,stderr,16,	Swaps: 0
rss-Towers-towers-oorexx-recorded-3,stderr,17,	File system inputs: 0
rss-Towers-towers-oorexx-recorded-3,stderr,18,	File system outputs: 0
rss-Towers-towers-oorexx-recorded-3,stderr,19,	Socket messages sent: 0
rss-Towers-towers-oorexx-recorded-3,stderr,20,	Socket messages received: 0
rss-Towers-towers-oorexx-recorded-3,stderr,21,	Signals delivered: 0
rss-Towers-towers-oorexx-recorded-3,stderr,22,	Page size (bytes): 4096
rss-Towers-towers-oorexx-recorded-3,stderr,23,	Exit status: 0
rss-Towers-towers-netrexx-recorded-3,stdout,1,benchmark=awfy_towers repetitions=100 result=8191
rss-Towers-towers-netrexx-recorded-3,stdout,2,PASS: AWFY Towers NetRexx port
rss-Towers-towers-netrexx-recorded-3,stderr,1,"	Command being timed: ""/home/adrian/.local/opt/temurin/26.0.1+8/bin/java -cp /tmp/crexx-perf2-linux-x64.d5f0827ca/formal-netrexx:/home/adrian/.local/opt/netrexx/5.10-GA/runlib/NetRexxR.jar awfy_towers 100"""
rss-Towers-towers-netrexx-recorded-3,stderr,2,	User time (seconds): 0.08
rss-Towers-towers-netrexx-recorded-3,stderr,3,	System time (seconds): 0.01
rss-Towers-towers-netrexx-recorded-3,stderr,4,	Percent of CPU this job got: 163%
rss-Towers-towers-netrexx-recorded-3,stderr,5,	Elapsed (wall clock) time (h:mm:ss or m:ss): 0:00.06
rss-Towers-towers-netrexx-recorded-3,stderr,6,	Average shared text size (kbytes): 0
rss-Towers-towers-netrexx-recorded-3,stderr,7,	Average unshared data size (kbytes): 0
rss-Towers-towers-netrexx-recorded-3,stderr,8,	Average stack size (kbytes): 0
rss-Towers-towers-netrexx-recorded-3,stderr,9,	Average total size (kbytes): 0
rss-Towers-towers-netrexx-recorded-3,stderr,10,	Maximum resident set size (kbytes): 44976
rss-Towers-towers-netrexx-recorded-3,stderr,11,	Average resident set size (kbytes): 0
rss-Towers-towers-netrexx-recorded-3,stderr,12,	Major (requiring I/O) page faults: 0
rss-Towers-towers-netrexx-recorded-3,stderr,13,	Minor (reclaiming a frame) page faults: 5663
rss-Towers-towers-netrexx-recorded-3,stderr,14,	Voluntary context switches: 138
rss-Towers-towers-netrexx-recorded-3,stderr,15,	Involuntary context switches: 7
rss-Towers-towers-netrexx-recorded-3,stderr,16,	Swaps: 0
rss-Towers-towers-netrexx-recorded-3,stderr,17,	File system inputs: 0
rss-Towers-towers-netrexx-recorded-3,stderr,18,	File system outputs: 0
rss-Towers-towers-netrexx-recorded-3,stderr,19,	Socket messages sent: 0
rss-Towers-towers-netrexx-recorded-3,stderr,20,	Socket messages received: 0
rss-Towers-towers-netrexx-recorded-3,stderr,21,	Signals delivered: 0
rss-Towers-towers-netrexx-recorded-3,stderr,22,	Page size (bytes): 4096
rss-Towers-towers-netrexx-recorded-3,stderr,23,	Exit status: 0
rss-Towers-towers-rxvm-recorded-3,stdout,1,benchmark=awfy_towers repetitions=100 result=8191
rss-Towers-towers-rxvm-recorded-3,stdout,2,PASS: AWFY Towers
rss-Towers-towers-rxvm-recorded-3,stderr,1,"	Command being timed: ""/tmp/crexx-perf2-linux-x64.d5f0827ca/clang-release/bin/rxvm /tmp/crexx-perf2-linux-x64.d5f0827ca/clang-release/tests/benchmarks/benchmark_awfy_towers_opt.rxbin /tmp/crexx-perf2-linux-x64.d5f0827ca/clang-release/bin/library.rxbin -a 100"""
rss-Towers-towers-rxvm-recorded-3,stderr,2,	User time (seconds): 8.98
rss-Towers-towers-rxvm-recorded-3,stderr,3,	System time (seconds): 0.00
rss-Towers-towers-rxvm-recorded-3,stderr,4,	Percent of CPU this job got: 99%
rss-Towers-towers-rxvm-recorded-3,stderr,5,	Elapsed (wall clock) time (h:mm:ss or m:ss): 0:08.99
rss-Towers-towers-rxvm-recorded-3,stderr,6,	Average shared text size (kbytes): 0
rss-Towers-towers-rxvm-recorded-3,stderr,7,	Average unshared data size (kbytes): 0
rss-Towers-towers-rxvm-recorded-3,stderr,8,	Average stack size (kbytes): 0
rss-Towers-towers-rxvm-recorded-3,stderr,9,	Average total size (kbytes): 0
rss-Towers-towers-rxvm-recorded-3,stderr,10,	Maximum resident set size (kbytes): 14184
rss-Towers-towers-rxvm-recorded-3,stderr,11,	Average resident set size (kbytes): 0
rss-Towers-towers-rxvm-recorded-3,stderr,12,	Major (requiring I/O) page faults: 0
rss-Towers-towers-rxvm-recorded-3,stderr,13,	Minor (reclaiming a frame) page faults: 3297
rss-Towers-towers-rxvm-recorded-3,stderr,14,	Voluntary context switches: 1
rss-Towers-towers-rxvm-recorded-3,stderr,15,	Involuntary context switches: 309
rss-Towers-towers-rxvm-recorded-3,stderr,16,	Swaps: 0
rss-Towers-towers-rxvm-recorded-3,stderr,17,	File system inputs: 0
rss-Towers-towers-rxvm-recorded-3,stderr,18,	File system outputs: 0
rss-Towers-towers-rxvm-recorded-3,stderr,19,	Socket messages sent: 0
rss-Towers-towers-rxvm-recorded-3,stderr,20,	Socket messages received: 0
rss-Towers-towers-rxvm-recorded-3,stderr,21,	Signals delivered: 0
rss-Towers-towers-rxvm-recorded-3,stderr,22,	Page size (bytes): 4096
rss-Towers-towers-rxvm-recorded-3,stderr,23,	Exit status: 0
rss-Towers-towers-rxbvm-recorded-3,stdout,1,benchmark=awfy_towers repetitions=100 result=8191
rss-Towers-towers-rxbvm-recorded-3,stdout,2,PASS: AWFY Towers
rss-Towers-towers-rxbvm-recorded-3,stderr,1,"	Command being timed: ""/tmp/crexx-perf2-linux-x64.d5f0827ca/clang-release/bin/rxbvm /tmp/crexx-perf2-linux-x64.d5f0827ca/clang-release/tests/benchmarks/benchmark_awfy_towers_opt.rxbin /tmp/crexx-perf2-linux-x64.d5f0827ca/clang-release/bin/library.rxbin -a 100"""
rss-Towers-towers-rxbvm-recorded-3,stderr,2,	User time (seconds): 9.07
rss-Towers-towers-rxbvm-recorded-3,stderr,3,	System time (seconds): 0.00
rss-Towers-towers-rxbvm-recorded-3,stderr,4,	Percent of CPU this job got: 99%
rss-Towers-towers-rxbvm-recorded-3,stderr,5,	Elapsed (wall clock) time (h:mm:ss or m:ss): 0:09.08
rss-Towers-towers-rxbvm-recorded-3,stderr,6,	Average shared text size (kbytes): 0
rss-Towers-towers-rxbvm-recorded-3,stderr,7,	Average unshared data size (kbytes): 0
rss-Towers-towers-rxbvm-recorded-3,stderr,8,	Average stack size (kbytes): 0
rss-Towers-towers-rxbvm-recorded-3,stderr,9,	Average total size (kbytes): 0
rss-Towers-towers-rxbvm-recorded-3,stderr,10,	Maximum resident set size (kbytes): 14168
rss-Towers-towers-rxbvm-recorded-3,stderr,11,	Average resident set size (kbytes): 0
rss-Towers-towers-rxbvm-recorded-3,stderr,12,	Major (requiring I/O) page faults: 0
rss-Towers-towers-rxbvm-recorded-3,stderr,13,	Minor (reclaiming a frame) page faults: 3294
rss-Towers-towers-rxbvm-recorded-3,stderr,14,	Voluntary context switches: 1
rss-Towers-towers-rxbvm-recorded-3,stderr,15,	Involuntary context switches: 302
rss-Towers-towers-rxbvm-recorded-3,stderr,16,	Swaps: 0
rss-Towers-towers-rxbvm-recorded-3,stderr,17,	File system inputs: 0
rss-Towers-towers-rxbvm-recorded-3,stderr,18,	File system outputs: 0
rss-Towers-towers-rxbvm-recorded-3,stderr,19,	Socket messages sent: 0
rss-Towers-towers-rxbvm-recorded-3,stderr,20,	Socket messages received: 0
rss-Towers-towers-rxbvm-recorded-3,stderr,21,	Signals delivered: 0
rss-Towers-towers-rxbvm-recorded-3,stderr,22,	Page size (bytes): 4096
rss-Towers-towers-rxbvm-recorded-3,stderr,23,	Exit status: 0
rss-RexxCPS-rexxcps-rxvm-recorded-1,stdout,1,----- REXXCPS 2.2d -- Measuring cREXX clauses/second -----
rss-RexxCPS-rexxcps-rxvm-recorded-1,stdout,2, cREXX version is: linux 64 crexx-1.0.0-beta.3+local.gd5f0827ca270 20260728
rss-RexxCPS-rexxcps-rxvm-recorded-1,stdout,3,       System is: linux
rss-RexxCPS-rexxcps-rxvm-recorded-1,stdout,4,REXXCPS-PROVENANCE contract=canonical-default argv_count=0 initial_count=100 averaging=100
rss-RexxCPS-rexxcps-rxvm-recorded-1,stdout,5,        Averaged: 200 x 100 iterations of 1000 clauses (over 1.5 s)
rss-RexxCPS-rexxcps-rxvm-recorded-1,stdout,6,REXXCPS-EFFECTIVE contract=canonical-default initial_count=100 effective_count=200 averaging=100 calibrated=1
rss-RexxCPS-rexxcps-rxvm-recorded-1,stdout,7,
rss-RexxCPS-rexxcps-rxvm-recorded-1,stdout,8,     Performance: 12977095 cREXX clauses per second
rss-RexxCPS-rexxcps-rxvm-recorded-1,stdout,9,
rss-RexxCPS-rexxcps-rxvm-recorded-1,stdout,10,PASS: RexxCPS 2.2d cREXX port
rss-RexxCPS-rexxcps-rxvm-recorded-1,stderr,1,"	Command being timed: ""/tmp/crexx-perf2-linux-x64.d5f0827ca/clang-release/bin/rxvm /tmp/crexx-perf2-linux-x64.d5f0827ca/clang-release/tests/benchmarks/benchmark_rexxcps_levelb_opt.rxbin /tmp/crexx-perf2-linux-x64.d5f0827ca/clang-release/bin/library.rxbin -a"""
rss-RexxCPS-rexxcps-rxvm-recorded-1,stderr,2,	User time (seconds): 2.34
rss-RexxCPS-rexxcps-rxvm-recorded-1,stderr,3,	System time (seconds): 0.00
rss-RexxCPS-rexxcps-rxvm-recorded-1,stderr,4,	Percent of CPU this job got: 99%
rss-RexxCPS-rexxcps-rxvm-recorded-1,stderr,5,	Elapsed (wall clock) time (h:mm:ss or m:ss): 0:02.35
rss-RexxCPS-rexxcps-rxvm-recorded-1,stderr,6,	Average shared text size (kbytes): 0
rss-RexxCPS-rexxcps-rxvm-recorded-1,stderr,7,	Average unshared data size (kbytes): 0
rss-RexxCPS-rexxcps-rxvm-recorded-1,stderr,8,	Average stack size (kbytes): 0
rss-RexxCPS-rexxcps-rxvm-recorded-1,stderr,9,	Average total size (kbytes): 0
rss-RexxCPS-rexxcps-rxvm-recorded-1,stderr,10,	Maximum resident set size (kbytes): 14360
rss-RexxCPS-rexxcps-rxvm-recorded-1,stderr,11,	Average resident set size (kbytes): 0
rss-RexxCPS-rexxcps-rxvm-recorded-1,stderr,12,	Major (requiring I/O) page faults: 0
rss-RexxCPS-rexxcps-rxvm-recorded-1,stderr,13,	Minor (reclaiming a frame) page faults: 3127
rss-RexxCPS-rexxcps-rxvm-recorded-1,stderr,14,	Voluntary context switches: 1
rss-RexxCPS-rexxcps-rxvm-recorded-1,stderr,15,	Involuntary context switches: 72
rss-RexxCPS-rexxcps-rxvm-recorded-1,stderr,16,	Swaps: 0
rss-RexxCPS-rexxcps-rxvm-recorded-1,stderr,17,	File system inputs: 0
rss-RexxCPS-rexxcps-rxvm-recorded-1,stderr,18,	File system outputs: 0
rss-RexxCPS-rexxcps-rxvm-recorded-1,stderr,19,	Socket messages sent: 0
rss-RexxCPS-rexxcps-rxvm-recorded-1,stderr,20,	Socket messages received: 0
rss-RexxCPS-rexxcps-rxvm-recorded-1,stderr,21,	Signals delivered: 0
rss-RexxCPS-rexxcps-rxvm-recorded-1,stderr,22,	Page size (bytes): 4096
rss-RexxCPS-rexxcps-rxvm-recorded-1,stderr,23,	Exit status: 0
rss-RexxCPS-rexxcps-rxbvm-recorded-1,stdout,1,----- REXXCPS 2.2d -- Measuring cREXX clauses/second -----
rss-RexxCPS-rexxcps-rxbvm-recorded-1,stdout,2, cREXX version is: linux 64 crexx-1.0.0-beta.3+local.gd5f0827ca270 20260728
rss-RexxCPS-rexxcps-rxbvm-recorded-1,stdout,3,       System is: linux
rss-RexxCPS-rexxcps-rxbvm-recorded-1,stdout,4,REXXCPS-PROVENANCE contract=canonical-default argv_count=0 initial_count=100 averaging=100
rss-RexxCPS-rexxcps-rxbvm-recorded-1,stdout,5,        Averaged: 200 x 100 iterations of 1000 clauses (over 1.5 s)
rss-RexxCPS-rexxcps-rxbvm-recorded-1,stdout,6,REXXCPS-EFFECTIVE contract=canonical-default initial_count=100 effective_count=200 averaging=100 calibrated=1
rss-RexxCPS-rexxcps-rxbvm-recorded-1,stdout,7,
rss-RexxCPS-rexxcps-rxbvm-recorded-1,stdout,8,     Performance: 13359286 cREXX clauses per second
rss-RexxCPS-rexxcps-rxbvm-recorded-1,stdout,9,
rss-RexxCPS-rexxcps-rxbvm-recorded-1,stdout,10,PASS: RexxCPS 2.2d cREXX port
rss-RexxCPS-rexxcps-rxbvm-recorded-1,stderr,1,"	Command being timed: ""/tmp/crexx-perf2-linux-x64.d5f0827ca/clang-release/bin/rxbvm /tmp/crexx-perf2-linux-x64.d5f0827ca/clang-release/tests/benchmarks/benchmark_rexxcps_levelb_opt.rxbin /tmp/crexx-perf2-linux-x64.d5f0827ca/clang-release/bin/library.rxbin -a"""
rss-RexxCPS-rexxcps-rxbvm-recorded-1,stderr,2,	User time (seconds): 2.29
rss-RexxCPS-rexxcps-rxbvm-recorded-1,stderr,3,	System time (seconds): 0.00
rss-RexxCPS-rexxcps-rxbvm-recorded-1,stderr,4,	Percent of CPU this job got: 99%
rss-RexxCPS-rexxcps-rxbvm-recorded-1,stderr,5,	Elapsed (wall clock) time (h:mm:ss or m:ss): 0:02.30
rss-RexxCPS-rexxcps-rxbvm-recorded-1,stderr,6,	Average shared text size (kbytes): 0
rss-RexxCPS-rexxcps-rxbvm-recorded-1,stderr,7,	Average unshared data size (kbytes): 0
rss-RexxCPS-rexxcps-rxbvm-recorded-1,stderr,8,	Average stack size (kbytes): 0
rss-RexxCPS-rexxcps-rxbvm-recorded-1,stderr,9,	Average total size (kbytes): 0
rss-RexxCPS-rexxcps-rxbvm-recorded-1,stderr,10,	Maximum resident set size (kbytes): 14308
rss-RexxCPS-rexxcps-rxbvm-recorded-1,stderr,11,	Average resident set size (kbytes): 0
rss-RexxCPS-rexxcps-rxbvm-recorded-1,stderr,12,	Major (requiring I/O) page faults: 0
rss-RexxCPS-rexxcps-rxbvm-recorded-1,stderr,13,	Minor (reclaiming a frame) page faults: 3124
rss-RexxCPS-rexxcps-rxbvm-recorded-1,stderr,14,	Voluntary context switches: 1
rss-RexxCPS-rexxcps-rxbvm-recorded-1,stderr,15,	Involuntary context switches: 64
rss-RexxCPS-rexxcps-rxbvm-recorded-1,stderr,16,	Swaps: 0
rss-RexxCPS-rexxcps-rxbvm-recorded-1,stderr,17,	File system inputs: 0
rss-RexxCPS-rexxcps-rxbvm-recorded-1,stderr,18,	File system outputs: 0
rss-RexxCPS-rexxcps-rxbvm-recorded-1,stderr,19,	Socket messages sent: 0
rss-RexxCPS-rexxcps-rxbvm-recorded-1,stderr,20,	Socket messages received: 0
rss-RexxCPS-rexxcps-rxbvm-recorded-1,stderr,21,	Signals delivered: 0
rss-RexxCPS-rexxcps-rxbvm-recorded-1,stderr,22,	Page size (bytes): 4096
rss-RexxCPS-rexxcps-rxbvm-recorded-1,stderr,23,	Exit status: 0
rss-RexxCPS-rexxcps-oorexx-recorded-1,stdout,1,----- REXXCPS 2.2 -- Measuring REXX clauses/second -----
rss-RexxCPS-rexxcps-oorexx-recorded-1,stdout,2, REXX version is: REXX-ooRexx_5.1.0(MT)_64-bit 6.05 2 May 2025
rss-RexxCPS-rexxcps-oorexx-recorded-1,stdout,3,       System is: LINUX
rss-RexxCPS-rexxcps-oorexx-recorded-1,stdout,4,        Averaged: 200 x 100 iterations of 1000 clauses (over 1.8s)
rss-RexxCPS-rexxcps-oorexx-recorded-1,stdout,5,
rss-RexxCPS-rexxcps-oorexx-recorded-1,stdout,6,     Performance: 11166784 REXX clauses per second
rss-RexxCPS-rexxcps-oorexx-recorded-1,stdout,7,
rss-RexxCPS-rexxcps-oorexx-recorded-1,stderr,1,"	Command being timed: ""/home/adrian/.local/opt/oorexx/5.1.0-12973/bin/rexx /tmp/crexx-perf2-linux-x64.d5f0827ca/source/tests/benchmarks/cross-runtime/rexxcps/rexxcps_2_2.rex"""
rss-RexxCPS-rexxcps-oorexx-recorded-1,stderr,2,	User time (seconds): 2.76
rss-RexxCPS-rexxcps-oorexx-recorded-1,stderr,3,	System time (seconds): 0.00
rss-RexxCPS-rexxcps-oorexx-recorded-1,stderr,4,	Percent of CPU this job got: 99%
rss-RexxCPS-rexxcps-oorexx-recorded-1,stderr,5,	Elapsed (wall clock) time (h:mm:ss or m:ss): 0:02.78
rss-RexxCPS-rexxcps-oorexx-recorded-1,stderr,6,	Average shared text size (kbytes): 0
rss-RexxCPS-rexxcps-oorexx-recorded-1,stderr,7,	Average unshared data size (kbytes): 0
rss-RexxCPS-rexxcps-oorexx-recorded-1,stderr,8,	Average stack size (kbytes): 0
rss-RexxCPS-rexxcps-oorexx-recorded-1,stderr,9,	Average total size (kbytes): 0
rss-RexxCPS-rexxcps-oorexx-recorded-1,stderr,10,	Maximum resident set size (kbytes): 21036
rss-RexxCPS-rexxcps-oorexx-recorded-1,stderr,11,	Average resident set size (kbytes): 0
rss-RexxCPS-rexxcps-oorexx-recorded-1,stderr,12,	Major (requiring I/O) page faults: 0
rss-RexxCPS-rexxcps-oorexx-recorded-1,stderr,13,	Minor (reclaiming a frame) page faults: 3890
rss-RexxCPS-rexxcps-oorexx-recorded-1,stderr,14,	Voluntary context switches: 4
rss-RexxCPS-rexxcps-oorexx-recorded-1,stderr,15,	Involuntary context switches: 92
rss-RexxCPS-rexxcps-oorexx-recorded-1,stderr,16,	Swaps: 0
rss-RexxCPS-rexxcps-oorexx-recorded-1,stderr,17,	File system inputs: 0
rss-RexxCPS-rexxcps-oorexx-recorded-1,stderr,18,	File system outputs: 0
rss-RexxCPS-rexxcps-oorexx-recorded-1,stderr,19,	Socket messages sent: 0
rss-RexxCPS-rexxcps-oorexx-recorded-1,stderr,20,	Socket messages received: 0
rss-RexxCPS-rexxcps-oorexx-recorded-1,stderr,21,	Signals delivered: 0
rss-RexxCPS-rexxcps-oorexx-recorded-1,stderr,22,	Page size (bytes): 4096
rss-RexxCPS-rexxcps-oorexx-recorded-1,stderr,23,	Exit status: 0
rss-RexxCPS-rexxcps-regina-recorded-1,stdout,1,----- REXXCPS 2.2 -- Measuring REXX clauses/second -----
rss-RexxCPS-rexxcps-regina-recorded-1,stdout,2, REXX version is: REXX-Regina_3.9.7(MT) 5.00 18 Mar 2025
rss-RexxCPS-rexxcps-regina-recorded-1,stdout,3,       System is: UNIX
rss-RexxCPS-rexxcps-regina-recorded-1,stdout,4,        Averaged: 200 x 100 iterations of 1000 clauses (over 1.6s)
rss-RexxCPS-rexxcps-regina-recorded-1,stdout,5,
rss-RexxCPS-rexxcps-regina-recorded-1,stdout,6,     Performance: 12294603 REXX clauses per second
rss-RexxCPS-rexxcps-regina-recorded-1,stdout,7,
rss-RexxCPS-rexxcps-regina-recorded-1,stderr,1,"	Command being timed: ""/home/adrian/.local/opt/regina/3.9.7/bin/regina /tmp/crexx-perf2-linux-x64.d5f0827ca/source/tests/benchmarks/cross-runtime/rexxcps/rexxcps_2_2.rex"""
rss-RexxCPS-rexxcps-regina-recorded-1,stderr,2,	User time (seconds): 2.46
rss-RexxCPS-rexxcps-regina-recorded-1,stderr,3,	System time (seconds): 0.00
rss-RexxCPS-rexxcps-regina-recorded-1,stderr,4,	Percent of CPU this job got: 99%
rss-RexxCPS-rexxcps-regina-recorded-1,stderr,5,	Elapsed (wall clock) time (h:mm:ss or m:ss): 0:02.46
rss-RexxCPS-rexxcps-regina-recorded-1,stderr,6,	Average shared text size (kbytes): 0
rss-RexxCPS-rexxcps-regina-recorded-1,stderr,7,	Average unshared data size (kbytes): 0
rss-RexxCPS-rexxcps-regina-recorded-1,stderr,8,	Average stack size (kbytes): 0
rss-RexxCPS-rexxcps-regina-recorded-1,stderr,9,	Average total size (kbytes): 0
rss-RexxCPS-rexxcps-regina-recorded-1,stderr,10,	Maximum resident set size (kbytes): 3288
rss-RexxCPS-rexxcps-regina-recorded-1,stderr,11,	Average resident set size (kbytes): 0
rss-RexxCPS-rexxcps-regina-recorded-1,stderr,12,	Major (requiring I/O) page faults: 0
rss-RexxCPS-rexxcps-regina-recorded-1,stderr,13,	Minor (reclaiming a frame) page faults: 307
rss-RexxCPS-rexxcps-regina-recorded-1,stderr,14,	Voluntary context switches: 1
rss-RexxCPS-rexxcps-regina-recorded-1,stderr,15,	Involuntary context switches: 76
rss-RexxCPS-rexxcps-regina-recorded-1,stderr,16,	Swaps: 0
rss-RexxCPS-rexxcps-regina-recorded-1,stderr,17,	File system inputs: 0
rss-RexxCPS-rexxcps-regina-recorded-1,stderr,18,	File system outputs: 0
rss-RexxCPS-rexxcps-regina-recorded-1,stderr,19,	Socket messages sent: 0
rss-RexxCPS-rexxcps-regina-recorded-1,stderr,20,	Socket messages received: 0
rss-RexxCPS-rexxcps-regina-recorded-1,stderr,21,	Signals delivered: 0
rss-RexxCPS-rexxcps-regina-recorded-1,stderr,22,	Page size (bytes): 4096
rss-RexxCPS-rexxcps-regina-recorded-1,stderr,23,	Exit status: 0
rss-RexxCPS-rexxcps-netrexx-recorded-1,stdout,1,----- REXXCPS 2.2n -- Measuring NetRexx clauses/second -----
rss-RexxCPS-rexxcps-netrexx-recorded-1,stdout,2, NetRexx version is: NetRexx 5.10 20 Mar 2026
rss-RexxCPS-rexxcps-netrexx-recorded-1,stdout,3,          System is: Java
rss-RexxCPS-rexxcps-netrexx-recorded-1,stdout,4,          Averaging: 100 measures of 100 iterations
rss-RexxCPS-rexxcps-netrexx-recorded-1,stdout,5,                       of 1000 clauses (over 1.403262964    s)
rss-RexxCPS-rexxcps-netrexx-recorded-1,stdout,6,
rss-RexxCPS-rexxcps-netrexx-recorded-1,stdout,7,Total (full DOs): 1.403262964 secs (average of 100 measures of 100 iterations)
rss-RexxCPS-rexxcps-netrexx-recorded-1,stdout,8,Time for one iteration (1000 clauses) was: 0.0001402802893 seconds
rss-RexxCPS-rexxcps-netrexx-recorded-1,stdout,9,
rss-RexxCPS-rexxcps-netrexx-recorded-1,stdout,10,     Performance: 7_128_585 NetRexx clauses per second
rss-RexxCPS-rexxcps-netrexx-recorded-1,stdout,11,                ( 7.129E+6 cps)
rss-RexxCPS-rexxcps-netrexx-recorded-1,stdout,12,
rss-RexxCPS-rexxcps-netrexx-recorded-1,stdout,13,PASS: RexxCPS 2.2n NetRexx disclosed adaptation
rss-RexxCPS-rexxcps-netrexx-recorded-1,stderr,1,"	Command being timed: ""/home/adrian/.local/opt/temurin/26.0.1+8/bin/java -cp /tmp/crexx-perf2-linux-x64.d5f0827ca/formal-netrexx:/home/adrian/.local/opt/netrexx/5.10-GA/runlib/NetRexxR.jar rexxcps_2_2n"""
rss-RexxCPS-rexxcps-netrexx-recorded-1,stderr,2,	User time (seconds): 3.19
rss-RexxCPS-rexxcps-netrexx-recorded-1,stderr,3,	System time (seconds): 0.21
rss-RexxCPS-rexxcps-netrexx-recorded-1,stderr,4,	Percent of CPU this job got: 229%
rss-RexxCPS-rexxcps-netrexx-recorded-1,stderr,5,	Elapsed (wall clock) time (h:mm:ss or m:ss): 0:01.48
rss-RexxCPS-rexxcps-netrexx-recorded-1,stderr,6,	Average shared text size (kbytes): 0
rss-RexxCPS-rexxcps-netrexx-recorded-1,stderr,7,	Average unshared data size (kbytes): 0
rss-RexxCPS-rexxcps-netrexx-recorded-1,stderr,8,	Average stack size (kbytes): 0
rss-RexxCPS-rexxcps-netrexx-recorded-1,stderr,9,	Average total size (kbytes): 0
rss-RexxCPS-rexxcps-netrexx-recorded-1,stderr,10,	Maximum resident set size (kbytes): 389156
rss-RexxCPS-rexxcps-netrexx-recorded-1,stderr,11,	Average resident set size (kbytes): 0
rss-RexxCPS-rexxcps-netrexx-recorded-1,stderr,12,	Major (requiring I/O) page faults: 0
rss-RexxCPS-rexxcps-netrexx-recorded-1,stderr,13,	Minor (reclaiming a frame) page faults: 91670
rss-RexxCPS-rexxcps-netrexx-recorded-1,stderr,14,	Voluntary context switches: 1195
rss-RexxCPS-rexxcps-netrexx-recorded-1,stderr,15,	Involuntary context switches: 112
rss-RexxCPS-rexxcps-netrexx-recorded-1,stderr,16,	Swaps: 0
rss-RexxCPS-rexxcps-netrexx-recorded-1,stderr,17,	File system inputs: 0
rss-RexxCPS-rexxcps-netrexx-recorded-1,stderr,18,	File system outputs: 0
rss-RexxCPS-rexxcps-netrexx-recorded-1,stderr,19,	Socket messages sent: 0
rss-RexxCPS-rexxcps-netrexx-recorded-1,stderr,20,	Socket messages received: 0
rss-RexxCPS-rexxcps-netrexx-recorded-1,stderr,21,	Signals delivered: 0
rss-RexxCPS-rexxcps-netrexx-recorded-1,stderr,22,	Page size (bytes): 4096
rss-RexxCPS-rexxcps-netrexx-recorded-1,stderr,23,	Exit status: 0
rss-RexxCPS-rexxcps-rxbvm-recorded-2,stdout,1,----- REXXCPS 2.2d -- Measuring cREXX clauses/second -----
rss-RexxCPS-rexxcps-rxbvm-recorded-2,stdout,2, cREXX version is: linux 64 crexx-1.0.0-beta.3+local.gd5f0827ca270 20260728
rss-RexxCPS-rexxcps-rxbvm-recorded-2,stdout,3,       System is: linux
rss-RexxCPS-rexxcps-rxbvm-recorded-2,stdout,4,REXXCPS-PROVENANCE contract=canonical-default argv_count=0 initial_count=100 averaging=100
rss-RexxCPS-rexxcps-rxbvm-recorded-2,stdout,5,        Averaged: 200 x 100 iterations of 1000 clauses (over 1.5 s)
rss-RexxCPS-rexxcps-rxbvm-recorded-2,stdout,6,REXXCPS-EFFECTIVE contract=canonical-default initial_count=100 effective_count=200 averaging=100 calibrated=1
rss-RexxCPS-rexxcps-rxbvm-recorded-2,stdout,7,
rss-RexxCPS-rexxcps-rxbvm-recorded-2,stdout,8,     Performance: 13564895 cREXX clauses per second
rss-RexxCPS-rexxcps-rxbvm-recorded-2,stdout,9,
rss-RexxCPS-rexxcps-rxbvm-recorded-2,stdout,10,PASS: RexxCPS 2.2d cREXX port
rss-RexxCPS-rexxcps-rxbvm-recorded-2,stderr,1,"	Command being timed: ""/tmp/crexx-perf2-linux-x64.d5f0827ca/clang-release/bin/rxbvm /tmp/crexx-perf2-linux-x64.d5f0827ca/clang-release/tests/benchmarks/benchmark_rexxcps_levelb_opt.rxbin /tmp/crexx-perf2-linux-x64.d5f0827ca/clang-release/bin/library.rxbin -a"""
rss-RexxCPS-rexxcps-rxbvm-recorded-2,stderr,2,	User time (seconds): 2.25
rss-RexxCPS-rexxcps-rxbvm-recorded-2,stderr,3,	System time (seconds): 0.00
rss-RexxCPS-rexxcps-rxbvm-recorded-2,stderr,4,	Percent of CPU this job got: 99%
rss-RexxCPS-rexxcps-rxbvm-recorded-2,stderr,5,	Elapsed (wall clock) time (h:mm:ss or m:ss): 0:02.26
rss-RexxCPS-rexxcps-rxbvm-recorded-2,stderr,6,	Average shared text size (kbytes): 0
rss-RexxCPS-rexxcps-rxbvm-recorded-2,stderr,7,	Average unshared data size (kbytes): 0
rss-RexxCPS-rexxcps-rxbvm-recorded-2,stderr,8,	Average stack size (kbytes): 0
rss-RexxCPS-rexxcps-rxbvm-recorded-2,stderr,9,	Average total size (kbytes): 0
rss-RexxCPS-rexxcps-rxbvm-recorded-2,stderr,10,	Maximum resident set size (kbytes): 14328
rss-RexxCPS-rexxcps-rxbvm-recorded-2,stderr,11,	Average resident set size (kbytes): 0
rss-RexxCPS-rexxcps-rxbvm-recorded-2,stderr,12,	Major (requiring I/O) page faults: 0
rss-RexxCPS-rexxcps-rxbvm-recorded-2,stderr,13,	Minor (reclaiming a frame) page faults: 3124
rss-RexxCPS-rexxcps-rxbvm-recorded-2,stderr,14,	Voluntary context switches: 1
rss-RexxCPS-rexxcps-rxbvm-recorded-2,stderr,15,	Involuntary context switches: 180
rss-RexxCPS-rexxcps-rxbvm-recorded-2,stderr,16,	Swaps: 0
rss-RexxCPS-rexxcps-rxbvm-recorded-2,stderr,17,	File system inputs: 0
rss-RexxCPS-rexxcps-rxbvm-recorded-2,stderr,18,	File system outputs: 0
rss-RexxCPS-rexxcps-rxbvm-recorded-2,stderr,19,	Socket messages sent: 0
rss-RexxCPS-rexxcps-rxbvm-recorded-2,stderr,20,	Socket messages received: 0
rss-RexxCPS-rexxcps-rxbvm-recorded-2,stderr,21,	Signals delivered: 0
rss-RexxCPS-rexxcps-rxbvm-recorded-2,stderr,22,	Page size (bytes): 4096
rss-RexxCPS-rexxcps-rxbvm-recorded-2,stderr,23,	Exit status: 0
rss-RexxCPS-rexxcps-oorexx-recorded-2,stdout,1,----- REXXCPS 2.2 -- Measuring REXX clauses/second -----
rss-RexxCPS-rexxcps-oorexx-recorded-2,stdout,2, REXX version is: REXX-ooRexx_5.1.0(MT)_64-bit 6.05 2 May 2025
rss-RexxCPS-rexxcps-oorexx-recorded-2,stdout,3,       System is: LINUX
rss-RexxCPS-rexxcps-oorexx-recorded-2,stdout,4,        Averaged: 200 x 100 iterations of 1000 clauses (over 1.8s)
rss-RexxCPS-rexxcps-oorexx-recorded-2,stdout,5,
rss-RexxCPS-rexxcps-oorexx-recorded-2,stdout,6,     Performance: 11400286 REXX clauses per second
rss-RexxCPS-rexxcps-oorexx-recorded-2,stdout,7,
rss-RexxCPS-rexxcps-oorexx-recorded-2,stderr,1,"	Command being timed: ""/home/adrian/.local/opt/oorexx/5.1.0-12973/bin/rexx /tmp/crexx-perf2-linux-x64.d5f0827ca/source/tests/benchmarks/cross-runtime/rexxcps/rexxcps_2_2.rex"""
rss-RexxCPS-rexxcps-oorexx-recorded-2,stderr,2,	User time (seconds): 2.64
rss-RexxCPS-rexxcps-oorexx-recorded-2,stderr,3,	System time (seconds): 0.01
rss-RexxCPS-rexxcps-oorexx-recorded-2,stderr,4,	Percent of CPU this job got: 99%
rss-RexxCPS-rexxcps-oorexx-recorded-2,stderr,5,	Elapsed (wall clock) time (h:mm:ss or m:ss): 0:02.66
rss-RexxCPS-rexxcps-oorexx-recorded-2,stderr,6,	Average shared text size (kbytes): 0
rss-RexxCPS-rexxcps-oorexx-recorded-2,stderr,7,	Average unshared data size (kbytes): 0
rss-RexxCPS-rexxcps-oorexx-recorded-2,stderr,8,	Average stack size (kbytes): 0
rss-RexxCPS-rexxcps-oorexx-recorded-2,stderr,9,	Average total size (kbytes): 0
rss-RexxCPS-rexxcps-oorexx-recorded-2,stderr,10,	Maximum resident set size (kbytes): 21036
rss-RexxCPS-rexxcps-oorexx-recorded-2,stderr,11,	Average resident set size (kbytes): 0
rss-RexxCPS-rexxcps-oorexx-recorded-2,stderr,12,	Major (requiring I/O) page faults: 0
rss-RexxCPS-rexxcps-oorexx-recorded-2,stderr,13,	Minor (reclaiming a frame) page faults: 3890
rss-RexxCPS-rexxcps-oorexx-recorded-2,stderr,14,	Voluntary context switches: 4
rss-RexxCPS-rexxcps-oorexx-recorded-2,stderr,15,	Involuntary context switches: 105
rss-RexxCPS-rexxcps-oorexx-recorded-2,stderr,16,	Swaps: 0
rss-RexxCPS-rexxcps-oorexx-recorded-2,stderr,17,	File system inputs: 0
rss-RexxCPS-rexxcps-oorexx-recorded-2,stderr,18,	File system outputs: 0
rss-RexxCPS-rexxcps-oorexx-recorded-2,stderr,19,	Socket messages sent: 0
rss-RexxCPS-rexxcps-oorexx-recorded-2,stderr,20,	Socket messages received: 0
rss-RexxCPS-rexxcps-oorexx-recorded-2,stderr,21,	Signals delivered: 0
rss-RexxCPS-rexxcps-oorexx-recorded-2,stderr,22,	Page size (bytes): 4096
rss-RexxCPS-rexxcps-oorexx-recorded-2,stderr,23,	Exit status: 0
rss-RexxCPS-rexxcps-regina-recorded-2,stdout,1,----- REXXCPS 2.2 -- Measuring REXX clauses/second -----
rss-RexxCPS-rexxcps-regina-recorded-2,stdout,2, REXX version is: REXX-Regina_3.9.7(MT) 5.00 18 Mar 2025
rss-RexxCPS-rexxcps-regina-recorded-2,stdout,3,       System is: UNIX
rss-RexxCPS-rexxcps-regina-recorded-2,stdout,4,        Averaged: 200 x 100 iterations of 1000 clauses (over 1.6s)
rss-RexxCPS-rexxcps-regina-recorded-2,stdout,5,
rss-RexxCPS-rexxcps-regina-recorded-2,stdout,6,     Performance: 12141750 REXX clauses per second
rss-RexxCPS-rexxcps-regina-recorded-2,stdout,7,
rss-RexxCPS-rexxcps-regina-recorded-2,stderr,1,"	Command being timed: ""/home/adrian/.local/opt/regina/3.9.7/bin/regina /tmp/crexx-perf2-linux-x64.d5f0827ca/source/tests/benchmarks/cross-runtime/rexxcps/rexxcps_2_2.rex"""
rss-RexxCPS-rexxcps-regina-recorded-2,stderr,2,	User time (seconds): 2.46
rss-RexxCPS-rexxcps-regina-recorded-2,stderr,3,	System time (seconds): 0.00
rss-RexxCPS-rexxcps-regina-recorded-2,stderr,4,	Percent of CPU this job got: 99%
rss-RexxCPS-rexxcps-regina-recorded-2,stderr,5,	Elapsed (wall clock) time (h:mm:ss or m:ss): 0:02.47
rss-RexxCPS-rexxcps-regina-recorded-2,stderr,6,	Average shared text size (kbytes): 0
rss-RexxCPS-rexxcps-regina-recorded-2,stderr,7,	Average unshared data size (kbytes): 0
rss-RexxCPS-rexxcps-regina-recorded-2,stderr,8,	Average stack size (kbytes): 0
rss-RexxCPS-rexxcps-regina-recorded-2,stderr,9,	Average total size (kbytes): 0
rss-RexxCPS-rexxcps-regina-recorded-2,stderr,10,	Maximum resident set size (kbytes): 3216
rss-RexxCPS-rexxcps-regina-recorded-2,stderr,11,	Average resident set size (kbytes): 0
rss-RexxCPS-rexxcps-regina-recorded-2,stderr,12,	Major (requiring I/O) page faults: 0
rss-RexxCPS-rexxcps-regina-recorded-2,stderr,13,	Minor (reclaiming a frame) page faults: 307
rss-RexxCPS-rexxcps-regina-recorded-2,stderr,14,	Voluntary context switches: 1
rss-RexxCPS-rexxcps-regina-recorded-2,stderr,15,	Involuntary context switches: 85
rss-RexxCPS-rexxcps-regina-recorded-2,stderr,16,	Swaps: 0
rss-RexxCPS-rexxcps-regina-recorded-2,stderr,17,	File system inputs: 0
rss-RexxCPS-rexxcps-regina-recorded-2,stderr,18,	File system outputs: 0
rss-RexxCPS-rexxcps-regina-recorded-2,stderr,19,	Socket messages sent: 0
rss-RexxCPS-rexxcps-regina-recorded-2,stderr,20,	Socket messages received: 0
rss-RexxCPS-rexxcps-regina-recorded-2,stderr,21,	Signals delivered: 0
rss-RexxCPS-rexxcps-regina-recorded-2,stderr,22,	Page size (bytes): 4096
rss-RexxCPS-rexxcps-regina-recorded-2,stderr,23,	Exit status: 0
rss-RexxCPS-rexxcps-netrexx-recorded-2,stdout,1,----- REXXCPS 2.2n -- Measuring NetRexx clauses/second -----
rss-RexxCPS-rexxcps-netrexx-recorded-2,stdout,2, NetRexx version is: NetRexx 5.10 20 Mar 2026
rss-RexxCPS-rexxcps-netrexx-recorded-2,stdout,3,          System is: Java
rss-RexxCPS-rexxcps-netrexx-recorded-2,stdout,4,          Averaging: 100 measures of 100 iterations
rss-RexxCPS-rexxcps-netrexx-recorded-2,stdout,5,                       of 1000 clauses (over 1.292554543    s)
rss-RexxCPS-rexxcps-netrexx-recorded-2,stdout,6,
rss-RexxCPS-rexxcps-netrexx-recorded-2,stdout,7,Total (full DOs): 1.292554543 secs (average of 100 measures of 100 iterations)
rss-RexxCPS-rexxcps-netrexx-recorded-2,stdout,8,Time for one iteration (1000 clauses) was: 0.0001292123774 seconds
rss-RexxCPS-rexxcps-netrexx-recorded-2,stdout,9,
rss-RexxCPS-rexxcps-netrexx-recorded-2,stdout,10,     Performance: 7_739_197 NetRexx clauses per second
rss-RexxCPS-rexxcps-netrexx-recorded-2,stdout,11,                ( 7.739E+6 cps)
rss-RexxCPS-rexxcps-netrexx-recorded-2,stdout,12,
rss-RexxCPS-rexxcps-netrexx-recorded-2,stdout,13,PASS: RexxCPS 2.2n NetRexx disclosed adaptation
rss-RexxCPS-rexxcps-netrexx-recorded-2,stderr,1,"	Command being timed: ""/home/adrian/.local/opt/temurin/26.0.1+8/bin/java -cp /tmp/crexx-perf2-linux-x64.d5f0827ca/formal-netrexx:/home/adrian/.local/opt/netrexx/5.10-GA/runlib/NetRexxR.jar rexxcps_2_2n"""
rss-RexxCPS-rexxcps-netrexx-recorded-2,stderr,2,	User time (seconds): 2.63
rss-RexxCPS-rexxcps-netrexx-recorded-2,stderr,3,	System time (seconds): 0.18
rss-RexxCPS-rexxcps-netrexx-recorded-2,stderr,4,	Percent of CPU this job got: 205%
rss-RexxCPS-rexxcps-netrexx-recorded-2,stderr,5,	Elapsed (wall clock) time (h:mm:ss or m:ss): 0:01.37
rss-RexxCPS-rexxcps-netrexx-recorded-2,stderr,6,	Average shared text size (kbytes): 0
rss-RexxCPS-rexxcps-netrexx-recorded-2,stderr,7,	Average unshared data size (kbytes): 0
rss-RexxCPS-rexxcps-netrexx-recorded-2,stderr,8,	Average stack size (kbytes): 0
rss-RexxCPS-rexxcps-netrexx-recorded-2,stderr,9,	Average total size (kbytes): 0
rss-RexxCPS-rexxcps-netrexx-recorded-2,stderr,10,	Maximum resident set size (kbytes): 383204
rss-RexxCPS-rexxcps-netrexx-recorded-2,stderr,11,	Average resident set size (kbytes): 0
rss-RexxCPS-rexxcps-netrexx-recorded-2,stderr,12,	Major (requiring I/O) page faults: 0
rss-RexxCPS-rexxcps-netrexx-recorded-2,stderr,13,	Minor (reclaiming a frame) page faults: 90130
rss-RexxCPS-rexxcps-netrexx-recorded-2,stderr,14,	Voluntary context switches: 1170
rss-RexxCPS-rexxcps-netrexx-recorded-2,stderr,15,	Involuntary context switches: 83
rss-RexxCPS-rexxcps-netrexx-recorded-2,stderr,16,	Swaps: 0
rss-RexxCPS-rexxcps-netrexx-recorded-2,stderr,17,	File system inputs: 0
rss-RexxCPS-rexxcps-netrexx-recorded-2,stderr,18,	File system outputs: 0
rss-RexxCPS-rexxcps-netrexx-recorded-2,stderr,19,	Socket messages sent: 0
rss-RexxCPS-rexxcps-netrexx-recorded-2,stderr,20,	Socket messages received: 0
rss-RexxCPS-rexxcps-netrexx-recorded-2,stderr,21,	Signals delivered: 0
rss-RexxCPS-rexxcps-netrexx-recorded-2,stderr,22,	Page size (bytes): 4096
rss-RexxCPS-rexxcps-netrexx-recorded-2,stderr,23,	Exit status: 0
rss-RexxCPS-rexxcps-rxvm-recorded-2,stdout,1,----- REXXCPS 2.2d -- Measuring cREXX clauses/second -----
rss-RexxCPS-rexxcps-rxvm-recorded-2,stdout,2, cREXX version is: linux 64 crexx-1.0.0-beta.3+local.gd5f0827ca270 20260728
rss-RexxCPS-rexxcps-rxvm-recorded-2,stdout,3,       System is: linux
rss-RexxCPS-rexxcps-rxvm-recorded-2,stdout,4,REXXCPS-PROVENANCE contract=canonical-default argv_count=0 initial_count=100 averaging=100
rss-RexxCPS-rexxcps-rxvm-recorded-2,stdout,5,        Averaged: 200 x 100 iterations of 1000 clauses (over 1.5 s)
rss-RexxCPS-rexxcps-rxvm-recorded-2,stdout,6,REXXCPS-EFFECTIVE contract=canonical-default initial_count=100 effective_count=200 averaging=100 calibrated=1
rss-RexxCPS-rexxcps-rxvm-recorded-2,stdout,7,
rss-RexxCPS-rexxcps-rxvm-recorded-2,stdout,8,     Performance: 13728975 cREXX clauses per second
rss-RexxCPS-rexxcps-rxvm-recorded-2,stdout,9,
rss-RexxCPS-rexxcps-rxvm-recorded-2,stdout,10,PASS: RexxCPS 2.2d cREXX port
rss-RexxCPS-rexxcps-rxvm-recorded-2,stderr,1,"	Command being timed: ""/tmp/crexx-perf2-linux-x64.d5f0827ca/clang-release/bin/rxvm /tmp/crexx-perf2-linux-x64.d5f0827ca/clang-release/tests/benchmarks/benchmark_rexxcps_levelb_opt.rxbin /tmp/crexx-perf2-linux-x64.d5f0827ca/clang-release/bin/library.rxbin -a"""
rss-RexxCPS-rexxcps-rxvm-recorded-2,stderr,2,	User time (seconds): 2.22
rss-RexxCPS-rexxcps-rxvm-recorded-2,stderr,3,	System time (seconds): 0.00
rss-RexxCPS-rexxcps-rxvm-recorded-2,stderr,4,	Percent of CPU this job got: 99%
rss-RexxCPS-rexxcps-rxvm-recorded-2,stderr,5,	Elapsed (wall clock) time (h:mm:ss or m:ss): 0:02.23
rss-RexxCPS-rexxcps-rxvm-recorded-2,stderr,6,	Average shared text size (kbytes): 0
rss-RexxCPS-rexxcps-rxvm-recorded-2,stderr,7,	Average unshared data size (kbytes): 0
rss-RexxCPS-rexxcps-rxvm-recorded-2,stderr,8,	Average stack size (kbytes): 0
rss-RexxCPS-rexxcps-rxvm-recorded-2,stderr,9,	Average total size (kbytes): 0
rss-RexxCPS-rexxcps-rxvm-recorded-2,stderr,10,	Maximum resident set size (kbytes): 14324
rss-RexxCPS-rexxcps-rxvm-recorded-2,stderr,11,	Average resident set size (kbytes): 0
rss-RexxCPS-rexxcps-rxvm-recorded-2,stderr,12,	Major (requiring I/O) page faults: 0
rss-RexxCPS-rexxcps-rxvm-recorded-2,stderr,13,	Minor (reclaiming a frame) page faults: 3126
rss-RexxCPS-rexxcps-rxvm-recorded-2,stderr,14,	Voluntary context switches: 1
rss-RexxCPS-rexxcps-rxvm-recorded-2,stderr,15,	Involuntary context switches: 136
rss-RexxCPS-rexxcps-rxvm-recorded-2,stderr,16,	Swaps: 0
rss-RexxCPS-rexxcps-rxvm-recorded-2,stderr,17,	File system inputs: 0
rss-RexxCPS-rexxcps-rxvm-recorded-2,stderr,18,	File system outputs: 0
rss-RexxCPS-rexxcps-rxvm-recorded-2,stderr,19,	Socket messages sent: 0
rss-RexxCPS-rexxcps-rxvm-recorded-2,stderr,20,	Socket messages received: 0
rss-RexxCPS-rexxcps-rxvm-recorded-2,stderr,21,	Signals delivered: 0
rss-RexxCPS-rexxcps-rxvm-recorded-2,stderr,22,	Page size (bytes): 4096
rss-RexxCPS-rexxcps-rxvm-recorded-2,stderr,23,	Exit status: 0
rss-RexxCPS-rexxcps-oorexx-recorded-3,stdout,1,----- REXXCPS 2.2 -- Measuring REXX clauses/second -----
rss-RexxCPS-rexxcps-oorexx-recorded-3,stdout,2, REXX version is: REXX-ooRexx_5.1.0(MT)_64-bit 6.05 2 May 2025
rss-RexxCPS-rexxcps-oorexx-recorded-3,stdout,3,       System is: LINUX
rss-RexxCPS-rexxcps-oorexx-recorded-3,stdout,4,        Averaged: 200 x 100 iterations of 1000 clauses (over 1.7s)
rss-RexxCPS-rexxcps-oorexx-recorded-3,stdout,5,
rss-RexxCPS-rexxcps-oorexx-recorded-3,stdout,6,     Performance: 11447470 REXX clauses per second
rss-RexxCPS-rexxcps-oorexx-recorded-3,stdout,7,
rss-RexxCPS-rexxcps-oorexx-recorded-3,stderr,1,"	Command being timed: ""/home/adrian/.local/opt/oorexx/5.1.0-12973/bin/rexx /tmp/crexx-perf2-linux-x64.d5f0827ca/source/tests/benchmarks/cross-runtime/rexxcps/rexxcps_2_2.rex"""
rss-RexxCPS-rexxcps-oorexx-recorded-3,stderr,2,	User time (seconds): 2.62
rss-RexxCPS-rexxcps-oorexx-recorded-3,stderr,3,	System time (seconds): 0.01
rss-RexxCPS-rexxcps-oorexx-recorded-3,stderr,4,	Percent of CPU this job got: 99%
rss-RexxCPS-rexxcps-oorexx-recorded-3,stderr,5,	Elapsed (wall clock) time (h:mm:ss or m:ss): 0:02.64
rss-RexxCPS-rexxcps-oorexx-recorded-3,stderr,6,	Average shared text size (kbytes): 0
rss-RexxCPS-rexxcps-oorexx-recorded-3,stderr,7,	Average unshared data size (kbytes): 0
rss-RexxCPS-rexxcps-oorexx-recorded-3,stderr,8,	Average stack size (kbytes): 0
rss-RexxCPS-rexxcps-oorexx-recorded-3,stderr,9,	Average total size (kbytes): 0
rss-RexxCPS-rexxcps-oorexx-recorded-3,stderr,10,	Maximum resident set size (kbytes): 21036
rss-RexxCPS-rexxcps-oorexx-recorded-3,stderr,11,	Average resident set size (kbytes): 0
rss-RexxCPS-rexxcps-oorexx-recorded-3,stderr,12,	Major (requiring I/O) page faults: 0
rss-RexxCPS-rexxcps-oorexx-recorded-3,stderr,13,	Minor (reclaiming a frame) page faults: 3890
rss-RexxCPS-rexxcps-oorexx-recorded-3,stderr,14,	Voluntary context switches: 4
rss-RexxCPS-rexxcps-oorexx-recorded-3,stderr,15,	Involuntary context switches: 158
rss-RexxCPS-rexxcps-oorexx-recorded-3,stderr,16,	Swaps: 0
rss-RexxCPS-rexxcps-oorexx-recorded-3,stderr,17,	File system inputs: 0
rss-RexxCPS-rexxcps-oorexx-recorded-3,stderr,18,	File system outputs: 0
rss-RexxCPS-rexxcps-oorexx-recorded-3,stderr,19,	Socket messages sent: 0
rss-RexxCPS-rexxcps-oorexx-recorded-3,stderr,20,	Socket messages received: 0
rss-RexxCPS-rexxcps-oorexx-recorded-3,stderr,21,	Signals delivered: 0
rss-RexxCPS-rexxcps-oorexx-recorded-3,stderr,22,	Page size (bytes): 4096
rss-RexxCPS-rexxcps-oorexx-recorded-3,stderr,23,	Exit status: 0
rss-RexxCPS-rexxcps-regina-recorded-3,stdout,1,----- REXXCPS 2.2 -- Measuring REXX clauses/second -----
rss-RexxCPS-rexxcps-regina-recorded-3,stdout,2, REXX version is: REXX-Regina_3.9.7(MT) 5.00 18 Mar 2025
rss-RexxCPS-rexxcps-regina-recorded-3,stdout,3,       System is: UNIX
rss-RexxCPS-rexxcps-regina-recorded-3,stdout,4,        Averaged: 200 x 100 iterations of 1000 clauses (over 1.6s)
rss-RexxCPS-rexxcps-regina-recorded-3,stdout,5,
rss-RexxCPS-rexxcps-regina-recorded-3,stdout,6,     Performance: 12220017 REXX clauses per second
rss-RexxCPS-rexxcps-regina-recorded-3,stdout,7,
rss-RexxCPS-rexxcps-regina-recorded-3,stderr,1,"	Command being timed: ""/home/adrian/.local/opt/regina/3.9.7/bin/regina /tmp/crexx-perf2-linux-x64.d5f0827ca/source/tests/benchmarks/cross-runtime/rexxcps/rexxcps_2_2.rex"""
rss-RexxCPS-rexxcps-regina-recorded-3,stderr,2,	User time (seconds): 2.46
rss-RexxCPS-rexxcps-regina-recorded-3,stderr,3,	System time (seconds): 0.00
rss-RexxCPS-rexxcps-regina-recorded-3,stderr,4,	Percent of CPU this job got: 99%
rss-RexxCPS-rexxcps-regina-recorded-3,stderr,5,	Elapsed (wall clock) time (h:mm:ss or m:ss): 0:02.46
rss-RexxCPS-rexxcps-regina-recorded-3,stderr,6,	Average shared text size (kbytes): 0
rss-RexxCPS-rexxcps-regina-recorded-3,stderr,7,	Average unshared data size (kbytes): 0
rss-RexxCPS-rexxcps-regina-recorded-3,stderr,8,	Average stack size (kbytes): 0
rss-RexxCPS-rexxcps-regina-recorded-3,stderr,9,	Average total size (kbytes): 0
rss-RexxCPS-rexxcps-regina-recorded-3,stderr,10,	Maximum resident set size (kbytes): 3200
rss-RexxCPS-rexxcps-regina-recorded-3,stderr,11,	Average resident set size (kbytes): 0
rss-RexxCPS-rexxcps-regina-recorded-3,stderr,12,	Major (requiring I/O) page faults: 0
rss-RexxCPS-rexxcps-regina-recorded-3,stderr,13,	Minor (reclaiming a frame) page faults: 309
rss-RexxCPS-rexxcps-regina-recorded-3,stderr,14,	Voluntary context switches: 1
rss-RexxCPS-rexxcps-regina-recorded-3,stderr,15,	Involuntary context switches: 143
rss-RexxCPS-rexxcps-regina-recorded-3,stderr,16,	Swaps: 0
rss-RexxCPS-rexxcps-regina-recorded-3,stderr,17,	File system inputs: 0
rss-RexxCPS-rexxcps-regina-recorded-3,stderr,18,	File system outputs: 0
rss-RexxCPS-rexxcps-regina-recorded-3,stderr,19,	Socket messages sent: 0
rss-RexxCPS-rexxcps-regina-recorded-3,stderr,20,	Socket messages received: 0
rss-RexxCPS-rexxcps-regina-recorded-3,stderr,21,	Signals delivered: 0
rss-RexxCPS-rexxcps-regina-recorded-3,stderr,22,	Page size (bytes): 4096
rss-RexxCPS-rexxcps-regina-recorded-3,stderr,23,	Exit status: 0
rss-RexxCPS-rexxcps-netrexx-recorded-3,stdout,1,----- REXXCPS 2.2n -- Measuring NetRexx clauses/second -----
rss-RexxCPS-rexxcps-netrexx-recorded-3,stdout,2, NetRexx version is: NetRexx 5.10 20 Mar 2026
rss-RexxCPS-rexxcps-netrexx-recorded-3,stdout,3,          System is: Java
rss-RexxCPS-rexxcps-netrexx-recorded-3,stdout,4,          Averaging: 100 measures of 100 iterations
rss-RexxCPS-rexxcps-netrexx-recorded-3,stdout,5,                       of 1000 clauses (over 1.334292989    s)
rss-RexxCPS-rexxcps-netrexx-recorded-3,stdout,6,
rss-RexxCPS-rexxcps-netrexx-recorded-3,stdout,7,Total (full DOs): 1.334292989 secs (average of 100 measures of 100 iterations)
rss-RexxCPS-rexxcps-netrexx-recorded-3,stdout,8,Time for one iteration (1000 clauses) was: 0.0001333738409 seconds
rss-RexxCPS-rexxcps-netrexx-recorded-3,stdout,9,
rss-RexxCPS-rexxcps-netrexx-recorded-3,stdout,10,     Performance: 7_497_722 NetRexx clauses per second
rss-RexxCPS-rexxcps-netrexx-recorded-3,stdout,11,                ( 7.498E+6 cps)
rss-RexxCPS-rexxcps-netrexx-recorded-3,stdout,12,
rss-RexxCPS-rexxcps-netrexx-recorded-3,stdout,13,PASS: RexxCPS 2.2n NetRexx disclosed adaptation
rss-RexxCPS-rexxcps-netrexx-recorded-3,stderr,1,"	Command being timed: ""/home/adrian/.local/opt/temurin/26.0.1+8/bin/java -cp /tmp/crexx-perf2-linux-x64.d5f0827ca/formal-netrexx:/home/adrian/.local/opt/netrexx/5.10-GA/runlib/NetRexxR.jar rexxcps_2_2n"""
rss-RexxCPS-rexxcps-netrexx-recorded-3,stderr,2,	User time (seconds): 2.99
rss-RexxCPS-rexxcps-netrexx-recorded-3,stderr,3,	System time (seconds): 0.20
rss-RexxCPS-rexxcps-netrexx-recorded-3,stderr,4,	Percent of CPU this job got: 225%
rss-RexxCPS-rexxcps-netrexx-recorded-3,stderr,5,	Elapsed (wall clock) time (h:mm:ss or m:ss): 0:01.41
rss-RexxCPS-rexxcps-netrexx-recorded-3,stderr,6,	Average shared text size (kbytes): 0
rss-RexxCPS-rexxcps-netrexx-recorded-3,stderr,7,	Average unshared data size (kbytes): 0
rss-RexxCPS-rexxcps-netrexx-recorded-3,stderr,8,	Average stack size (kbytes): 0
rss-RexxCPS-rexxcps-netrexx-recorded-3,stderr,9,	Average total size (kbytes): 0
rss-RexxCPS-rexxcps-netrexx-recorded-3,stderr,10,	Maximum resident set size (kbytes): 443072
rss-RexxCPS-rexxcps-netrexx-recorded-3,stderr,11,	Average resident set size (kbytes): 0
rss-RexxCPS-rexxcps-netrexx-recorded-3,stderr,12,	Major (requiring I/O) page faults: 0
rss-RexxCPS-rexxcps-netrexx-recorded-3,stderr,13,	Minor (reclaiming a frame) page faults: 105229
rss-RexxCPS-rexxcps-netrexx-recorded-3,stderr,14,	Voluntary context switches: 1056
rss-RexxCPS-rexxcps-netrexx-recorded-3,stderr,15,	Involuntary context switches: 69
rss-RexxCPS-rexxcps-netrexx-recorded-3,stderr,16,	Swaps: 0
rss-RexxCPS-rexxcps-netrexx-recorded-3,stderr,17,	File system inputs: 0
rss-RexxCPS-rexxcps-netrexx-recorded-3,stderr,18,	File system outputs: 0
rss-RexxCPS-rexxcps-netrexx-recorded-3,stderr,19,	Socket messages sent: 0
rss-RexxCPS-rexxcps-netrexx-recorded-3,stderr,20,	Socket messages received: 0
rss-RexxCPS-rexxcps-netrexx-recorded-3,stderr,21,	Signals delivered: 0
rss-RexxCPS-rexxcps-netrexx-recorded-3,stderr,22,	Page size (bytes): 4096
rss-RexxCPS-rexxcps-netrexx-recorded-3,stderr,23,	Exit status: 0
rss-RexxCPS-rexxcps-rxvm-recorded-3,stdout,1,----- REXXCPS 2.2d -- Measuring cREXX clauses/second -----
rss-RexxCPS-rexxcps-rxvm-recorded-3,stdout,2, cREXX version is: linux 64 crexx-1.0.0-beta.3+local.gd5f0827ca270 20260728
rss-RexxCPS-rexxcps-rxvm-recorded-3,stdout,3,       System is: linux
rss-RexxCPS-rexxcps-rxvm-recorded-3,stdout,4,REXXCPS-PROVENANCE contract=canonical-default argv_count=0 initial_count=100 averaging=100
rss-RexxCPS-rexxcps-rxvm-recorded-3,stdout,5,        Averaged: 200 x 100 iterations of 1000 clauses (over 1.5 s)
rss-RexxCPS-rexxcps-rxvm-recorded-3,stdout,6,REXXCPS-EFFECTIVE contract=canonical-default initial_count=100 effective_count=200 averaging=100 calibrated=1
rss-RexxCPS-rexxcps-rxvm-recorded-3,stdout,7,
rss-RexxCPS-rexxcps-rxvm-recorded-3,stdout,8,     Performance: 13164009 cREXX clauses per second
rss-RexxCPS-rexxcps-rxvm-recorded-3,stdout,9,
rss-RexxCPS-rexxcps-rxvm-recorded-3,stdout,10,PASS: RexxCPS 2.2d cREXX port
rss-RexxCPS-rexxcps-rxvm-recorded-3,stderr,1,"	Command being timed: ""/tmp/crexx-perf2-linux-x64.d5f0827ca/clang-release/bin/rxvm /tmp/crexx-perf2-linux-x64.d5f0827ca/clang-release/tests/benchmarks/benchmark_rexxcps_levelb_opt.rxbin /tmp/crexx-perf2-linux-x64.d5f0827ca/clang-release/bin/library.rxbin -a"""
rss-RexxCPS-rexxcps-rxvm-recorded-3,stderr,2,	User time (seconds): 2.29
rss-RexxCPS-rexxcps-rxvm-recorded-3,stderr,3,	System time (seconds): 0.00
rss-RexxCPS-rexxcps-rxvm-recorded-3,stderr,4,	Percent of CPU this job got: 99%
rss-RexxCPS-rexxcps-rxvm-recorded-3,stderr,5,	Elapsed (wall clock) time (h:mm:ss or m:ss): 0:02.30
rss-RexxCPS-rexxcps-rxvm-recorded-3,stderr,6,	Average shared text size (kbytes): 0
rss-RexxCPS-rexxcps-rxvm-recorded-3,stderr,7,	Average unshared data size (kbytes): 0
rss-RexxCPS-rexxcps-rxvm-recorded-3,stderr,8,	Average stack size (kbytes): 0
rss-RexxCPS-rexxcps-rxvm-recorded-3,stderr,9,	Average total size (kbytes): 0
rss-RexxCPS-rexxcps-rxvm-recorded-3,stderr,10,	Maximum resident set size (kbytes): 14340
rss-RexxCPS-rexxcps-rxvm-recorded-3,stderr,11,	Average resident set size (kbytes): 0
rss-RexxCPS-rexxcps-rxvm-recorded-3,stderr,12,	Major (requiring I/O) page faults: 0
rss-RexxCPS-rexxcps-rxvm-recorded-3,stderr,13,	Minor (reclaiming a frame) page faults: 3127
rss-RexxCPS-rexxcps-rxvm-recorded-3,stderr,14,	Voluntary context switches: 1
rss-RexxCPS-rexxcps-rxvm-recorded-3,stderr,15,	Involuntary context switches: 73
rss-RexxCPS-rexxcps-rxvm-recorded-3,stderr,16,	Swaps: 0
rss-RexxCPS-rexxcps-rxvm-recorded-3,stderr,17,	File system inputs: 0
rss-RexxCPS-rexxcps-rxvm-recorded-3,stderr,18,	File system outputs: 0
rss-RexxCPS-rexxcps-rxvm-recorded-3,stderr,19,	Socket messages sent: 0
rss-RexxCPS-rexxcps-rxvm-recorded-3,stderr,20,	Socket messages received: 0
rss-RexxCPS-rexxcps-rxvm-recorded-3,stderr,21,	Signals delivered: 0
rss-RexxCPS-rexxcps-rxvm-recorded-3,stderr,22,	Page size (bytes): 4096
rss-RexxCPS-rexxcps-rxvm-recorded-3,stderr,23,	Exit status: 0
rss-RexxCPS-rexxcps-rxbvm-recorded-3,stdout,1,----- REXXCPS 2.2d -- Measuring cREXX clauses/second -----
rss-RexxCPS-rexxcps-rxbvm-recorded-3,stdout,2, cREXX version is: linux 64 crexx-1.0.0-beta.3+local.gd5f0827ca270 20260728
rss-RexxCPS-rexxcps-rxbvm-recorded-3,stdout,3,       System is: linux
rss-RexxCPS-rexxcps-rxbvm-recorded-3,stdout,4,REXXCPS-PROVENANCE contract=canonical-default argv_count=0 initial_count=100 averaging=100
rss-RexxCPS-rexxcps-rxbvm-recorded-3,stdout,5,        Averaged: 200 x 100 iterations of 1000 clauses (over 1.6 s)
rss-RexxCPS-rexxcps-rxbvm-recorded-3,stdout,6,REXXCPS-EFFECTIVE contract=canonical-default initial_count=100 effective_count=200 averaging=100 calibrated=1
rss-RexxCPS-rexxcps-rxbvm-recorded-3,stdout,7,
rss-RexxCPS-rexxcps-rxbvm-recorded-3,stdout,8,     Performance: 12490086 cREXX clauses per second
rss-RexxCPS-rexxcps-rxbvm-recorded-3,stdout,9,
rss-RexxCPS-rexxcps-rxbvm-recorded-3,stdout,10,PASS: RexxCPS 2.2d cREXX port
rss-RexxCPS-rexxcps-rxbvm-recorded-3,stderr,1,"	Command being timed: ""/tmp/crexx-perf2-linux-x64.d5f0827ca/clang-release/bin/rxbvm /tmp/crexx-perf2-linux-x64.d5f0827ca/clang-release/tests/benchmarks/benchmark_rexxcps_levelb_opt.rxbin /tmp/crexx-perf2-linux-x64.d5f0827ca/clang-release/bin/library.rxbin -a"""
rss-RexxCPS-rexxcps-rxbvm-recorded-3,stderr,2,	User time (seconds): 2.42
rss-RexxCPS-rexxcps-rxbvm-recorded-3,stderr,3,	System time (seconds): 0.00
rss-RexxCPS-rexxcps-rxbvm-recorded-3,stderr,4,	Percent of CPU this job got: 99%
rss-RexxCPS-rexxcps-rxbvm-recorded-3,stderr,5,	Elapsed (wall clock) time (h:mm:ss or m:ss): 0:02.43
rss-RexxCPS-rexxcps-rxbvm-recorded-3,stderr,6,	Average shared text size (kbytes): 0
rss-RexxCPS-rexxcps-rxbvm-recorded-3,stderr,7,	Average unshared data size (kbytes): 0
rss-RexxCPS-rexxcps-rxbvm-recorded-3,stderr,8,	Average stack size (kbytes): 0
rss-RexxCPS-rexxcps-rxbvm-recorded-3,stderr,9,	Average total size (kbytes): 0
rss-RexxCPS-rexxcps-rxbvm-recorded-3,stderr,10,	Maximum resident set size (kbytes): 14372
rss-RexxCPS-rexxcps-rxbvm-recorded-3,stderr,11,	Average resident set size (kbytes): 0
rss-RexxCPS-rexxcps-rxbvm-recorded-3,stderr,12,	Major (requiring I/O) page faults: 0
rss-RexxCPS-rexxcps-rxbvm-recorded-3,stderr,13,	Minor (reclaiming a frame) page faults: 3125
rss-RexxCPS-rexxcps-rxbvm-recorded-3,stderr,14,	Voluntary context switches: 1
rss-RexxCPS-rexxcps-rxbvm-recorded-3,stderr,15,	Involuntary context switches: 91
rss-RexxCPS-rexxcps-rxbvm-recorded-3,stderr,16,	Swaps: 0
rss-RexxCPS-rexxcps-rxbvm-recorded-3,stderr,17,	File system inputs: 0
rss-RexxCPS-rexxcps-rxbvm-recorded-3,stderr,18,	File system outputs: 0
rss-RexxCPS-rexxcps-rxbvm-recorded-3,stderr,19,	Socket messages sent: 0
rss-RexxCPS-rexxcps-rxbvm-recorded-3,stderr,20,	Socket messages received: 0
rss-RexxCPS-rexxcps-rxbvm-recorded-3,stderr,21,	Signals delivered: 0
rss-RexxCPS-rexxcps-rxbvm-recorded-3,stderr,22,	Page size (bytes): 4096
rss-RexxCPS-rexxcps-rxbvm-recorded-3,stderr,23,	Exit status: 0
