Command: cmake --build cmake-build-debugasan --parallel 4
ASAN_OPTIONS=detect_leaks=0

-- CMake Version: 4.3.2
-- CREXX Version: crexx-1.0.0-beta.3+local.g36bced241809.dirty
-- CREXX Build Channel: local
-- CREXX Build Timestamp: 20260807T121554Z
-- CREXX Build Commit: 36bced241809
-- CMake Generator: Unix Makefiles
-- cREXX build resources: profile=developer-fast, vm-compile=4, native-link=6, backend=generator default
-- Using local DSL-Syntax-Highlighter at /Users/adrian/CLionProjects/CREXX/../DSL-Syntax-Highlighter
-- C compiler flags: -fsanitize=address -fno-omit-frame-pointer
-- C++ compiler flags:  -W -Wall -Wextra -Weffc++ -pedantic -Wformat=2 -Wredundant-decls -Wconversion -Wsign-conversion -Werror=return-type -Weverything -Wno-unknown-warning-option -Wno-reserved-id-macro -Wno-padded -Wno-nested-anon-types -Wno-reserved-identifier -Wno-shadow-field-in-constructor -Wno-undefined-func-template -Wno-c++98-compat -Wno-c++98-compat-pedantic -Wno-unsafe-pointer-arithmetic -Wno-unsafe-buffer-usage -Wno-exit-time-destructors -Wno-switch-enum -fdiagnostics-color=always -fsanitize=address -fno-omit-frame-pointer
-- Linker flags for executables: -fsanitize=address
-- Linker flags for shared libs: -fsanitize=address
-- Debug C compiler flags: -g
-- Debug C++ compiler flags: -g
-- Debug linker flags for executables: 
-- Debug linker flags for shared libs: 
-- cREXX VM handler panel: profile-20
-- cREXX VM core socket TLS backend: NETWORK
-- cREXX product VM: rxvm -> rxbvm (AppleClang)
-- llama.cpp version: 0.4.0
CMAKE_BUILD_TYPE=Debug
-- Warning: ccache not found - consider installing it for faster compilation or disable this warning with GGML_CCACHE=OFF
-- CMAKE_SYSTEM_PROCESSOR: arm64
-- GGML_SYSTEM_ARCH: ARM
-- Including CPU backend
-- Accelerate framework found
-- ARM detected
-- Checking for ARM features using flags:
-- Adding CPU backend variant ggml-cpu:  
-- Metal framework found
-- Including METAL backend
-- ggml version: 0.23.0
-- ggml commit:  5266f24da75dc449bd56cbed7addb9c8e4a6a73e
-- Legacy OpenSSL socket plugin is disabled; use VM core sockets/rxsocket instead.
-- GTK Gui support is disabled, skipping subdirectory.
-- Building with ODBC support enabled.
-- Configuring done (2.0s)
-- Generating done (2.5s)
-- Build files have been written to: /Users/adrian/CLionProjects/CREXX/cmake-build-debugasan
[  0%] Built target lemon
[  0%] Built target dslsyntax_editor
[  0%] Built target re2c_objects_autogen_ver_to_vernum
[  0%] Building C object platform/CMakeFiles/test_mainframe_handlers_utf8.dir/tests/test_mainframe_handlers.c.o
[  1%] Built target re2c_objects_autogen
[  1%] Building C object platform/CMakeFiles/test_mainframe_stdio.dir/tests/test_mainframe_stdio.c.o
[  1%] Building C object platform/CMakeFiles/test_mainframe_handlers_byte.dir/tests/test_mainframe_handlers.c.o
[  1%] Built target platform
[  1%] Building C object platform/CMakeFiles/test_mainframe_handlers_byte.dir/platform.c.o
[  1%] Building C object platform/CMakeFiles/platform_cms_harness.dir/platform_cms_harness.c.o
[  1%] Building C object platform/CMakeFiles/test_mainframe_handlers_utf8.dir/platform.c.o
[  1%] Building C object platform/CMakeFiles/test_mainframe_stdio.dir/platform.c.o
[  1%] Building C object platform/CMakeFiles/platform_cms_harness.dir/platform.c.o
[  1%] Building C object platform/CMakeFiles/test_mainframe_handlers_byte.dir/platform_tso.c.o
[  1%] Building C object platform/CMakeFiles/test_mainframe_handlers_utf8.dir/platform_tso.c.o
[  1%] Building C object platform/CMakeFiles/test_mainframe_stdio.dir/platform_tso.c.o
[  1%] Building C object platform/CMakeFiles/test_mainframe_handlers_byte.dir/platform_native.c.o
[  1%] Building C object platform/CMakeFiles/test_mainframe_handlers_utf8.dir/platform_native.c.o
[  2%] Building C object platform/CMakeFiles/test_mainframe_stdio.dir/platform_native.c.o
[  2%] Building C object platform/CMakeFiles/platform_cms_harness.dir/platform_tso.c.o
[  2%] Building C object platform/CMakeFiles/test_mainframe_stdio.dir/text_codec.c.o
[  2%] Building C object platform/CMakeFiles/test_mainframe_handlers_byte.dir/text_codec.c.o
[  2%] Building C object platform/CMakeFiles/test_mainframe_handlers_utf8.dir/text_codec.c.o
[  2%] Building C object platform/CMakeFiles/platform_cms_harness.dir/platform_native.c.o
[  2%] Building C object platform/CMakeFiles/platform_cms_harness.dir/text_codec.c.o
[  2%] Building C object platform/CMakeFiles/test_mainframe_handlers_byte.dir/oom.c.o
[  2%] Building C object platform/CMakeFiles/test_mainframe_stdio.dir/oom.c.o
[  2%] Building C object platform/CMakeFiles/test_mainframe_handlers_utf8.dir/oom.c.o
[  2%] Building C object platform/CMakeFiles/platform_cms_harness.dir/oom.c.o
[  2%] Linking C executable ../bin/test_mainframe_stdio
[  2%] Linking C executable ../bin/test_mainframe_handlers_byte
[  2%] Linking C executable ../bin/test_mainframe_handlers_utf8
[  2%] Linking C executable ../bin/platform_cms_harness
[  2%] Built target test_mainframe_handlers_byte
[  2%] Built target test_mainframe_handlers_utf8
[  2%] Built target test_mainframe_stdio
[  2%] Building C object platform/CMakeFiles/platform_cms31_harness.dir/platform_cms_harness.c.o
[  2%] Building C object platform/CMakeFiles/test_native_raw_cms.dir/tests/test_native_raw_adapter.c.o
[  2%] Building C object platform/CMakeFiles/test_native_raw_tso.dir/tests/test_native_raw_adapter.c.o
[  2%] Built target platform_cms_harness
[  2%] Building C object platform/CMakeFiles/text_fixture_codec.dir/tests/text_fixture_codec.c.o
[  2%] Building C object platform/CMakeFiles/platform_cms31_harness.dir/platform.c.o
[  2%] Building C object platform/CMakeFiles/test_native_raw_cms.dir/platform.c.o
[  2%] Building C object platform/CMakeFiles/test_native_raw_tso.dir/platform.c.o
[  2%] Building C object platform/CMakeFiles/text_fixture_codec.dir/text_codec.c.o
[  2%] Building C object platform/CMakeFiles/platform_cms31_harness.dir/platform_tso.c.o
[  2%] Linking C executable ../bin/text_fixture_codec
[  2%] Building C object platform/CMakeFiles/test_native_raw_tso.dir/platform_native.c.o
[  2%] Building C object platform/CMakeFiles/test_native_raw_cms.dir/platform_native.c.o
[  2%] Building C object platform/CMakeFiles/platform_cms31_harness.dir/platform_native.c.o
[  2%] Built target text_fixture_codec
[  2%] Building C object platform/CMakeFiles/test_native_raw_tso.dir/text_codec.c.o
[  2%] Building C object platform/CMakeFiles/platform_cms_directory_harness.dir/tests/cms_directory.c.o
[  2%] Building C object platform/CMakeFiles/test_native_raw_cms.dir/text_codec.c.o
[  2%] Building C object platform/CMakeFiles/platform_cms31_harness.dir/text_codec.c.o
[  3%] Building C object platform/CMakeFiles/platform_cms_directory_harness.dir/platform.c.o
[  3%] Building C object platform/CMakeFiles/test_native_raw_tso.dir/oom.c.o
[  3%] Building C object platform/CMakeFiles/test_native_raw_cms.dir/oom.c.o
[  3%] Building C object platform/CMakeFiles/platform_cms31_harness.dir/oom.c.o
[  3%] Building C object platform/CMakeFiles/test_native_raw_tso.dir/rxinteger.c.o
[  3%] Building C object platform/CMakeFiles/test_native_raw_cms.dir/rxinteger.c.o
[  3%] Linking C executable ../bin/platform_cms31_harness
[  3%] Building C object platform/CMakeFiles/platform_cms_directory_harness.dir/platform_tso.c.o
[  3%] Building C object platform/CMakeFiles/test_native_raw_cms.dir/__/interpreter/rxenv.c.o
[  3%] Building C object platform/CMakeFiles/test_native_raw_tso.dir/__/interpreter/rxenv.c.o
[  3%] Building C object platform/CMakeFiles/platform_cms_directory_harness.dir/platform_native.c.o
[  3%] Built target platform_cms31_harness
[  3%] Building C object platform/CMakeFiles/test_oom_mainframe.dir/tests/test_oom_mainframe.c.o
[  3%] Building C object platform/CMakeFiles/platform_cms_directory_harness.dir/text_codec.c.o
[  3%] Building C object platform/CMakeFiles/test_native_raw_tso.dir/platform_tso.c.o
[  3%] Linking C executable ../bin/test_native_raw_cms
[  3%] Building C object platform/CMakeFiles/test_oom_mainframe.dir/text_codec.c.o
[  3%] Building C object platform/CMakeFiles/platform_cms_directory_harness.dir/oom.c.o
[  3%] Linking C executable ../bin/test_native_raw_tso
[  3%] Built target test_native_raw_cms
[  3%] Building C object platform/CMakeFiles/platform_terminal_harness.dir/platform_terminal_harness.c.o
[  3%] Linking C executable ../bin/test_oom_mainframe
[  3%] Linking C executable ../bin/platform_cms_directory_harness
[  3%] Built target test_native_raw_tso
[  3%] Building C object platform/CMakeFiles/test_oom_diagnostic.dir/tests/test_oom.c.o
[  3%] Linking C executable ../bin/platform_terminal_harness
[  3%] Built target test_oom_mainframe
[  3%] Built target platform_cms_directory_harness
[  3%] Building C object platform/CMakeFiles/test_oom_diagnostic.dir/text_codec.c.o
[  3%] Building C object platform/CMakeFiles/test_text_codec.dir/tests/test_text_codec.c.o
[  3%] Built target platform_terminal_harness
[  4%] Built target avl_tree
[  5%] Linking C executable ../bin/test_oom_diagnostic
[  5%] Building C object cpacker/CMakeFiles/rxcpack.dir/rxcpack.c.o
[  5%] Building C object platform/CMakeFiles/test_text_codec.dir/text_codec.c.o
[  6%] Built target rxbin
[  6%] Built target dslsyntax_parser
[  6%] Built target test_oom_diagnostic
[  6%] Linking C executable ../bin/rxcpack
[  6%] Linking C executable ../bin/test_text_codec
[  6%] Built target rxvmmemory
[  6%] Building C object interpreter/CMakeFiles/rxbvm_core_objects.dir/rxvmintp.c.o
[  6%] Building C object interpreter/CMakeFiles/rxvm_platform_objects.dir/rxvmsock.c.o
[  6%] Built target rxcpack
[  6%] Built target test_text_codec
[  6%] Building C object rxpa/CMakeFiles/rxpa.dir/rxpa.c.o
[  6%] Built target decnumber
[  6%] Built target mutate_rxbin_feature
In file included from /Users/adrian/CLionProjects/CREXX/interpreter/rxvmsock.c:65:
/Users/adrian/CLionProjects/CREXX/interpreter/rxvmvars.h:2899:13: warning: 'sprintf' is deprecated: This function is provided for compatibility reasons only.  Due to security concerns inherent in the design of sprintf(3), it is highly recommended that you use snprintf(3) instead. [-Wdeprecated-declarations]
 2899 |             sprintf(formatted_output, scientific_format, coefficient, exponent);
      |             ^
/Library/Developer/CommandLineTools/SDKs/MacOSX.sdk/usr/include/_stdio.h:278:1: note: 'sprintf' has been explicitly marked deprecated here
  278 | __deprecated_msg("This function is provided for compatibility reasons only.  Due to security concerns inherent in the design of sprintf(3), it is highly recommended that you use snprintf(3) instead.")
      | ^
/Library/Developer/CommandLineTools/SDKs/MacOSX.sdk/usr/include/sys/cdefs.h:227:48: note: expanded from macro '__deprecated_msg'
  227 |         #define __deprecated_msg(_msg) __attribute__((__deprecated__(_msg)))
      |                                                       ^
In file included from /Users/adrian/CLionProjects/CREXX/interpreter/rxvmsock.c:65:
/Users/adrian/CLionProjects/CREXX/interpreter/rxvmvars.h:3034:5: warning: 'sprintf' is deprecated: This function is provided for compatibility reasons only.  Due to security concerns inherent in the design of sprintf(3), it is highly recommended that you use snprintf(3) instead. [-Wdeprecated-declarations]
 3034 |     sprintf(formatted_output, engineering_format, eng_exp);
      |     ^
/Library/Developer/CommandLineTools/SDKs/MacOSX.sdk/usr/include/_stdio.h:278:1: note: 'sprintf' has been explicitly marked deprecated here
  278 | __deprecated_msg("This function is provided for compatibility reasons only.  Due to security concerns inherent in the design of sprintf(3), it is highly recommended that you use snprintf(3) instead.")
      | ^
/Library/Developer/CommandLineTools/SDKs/MacOSX.sdk/usr/include/sys/cdefs.h:227:48: note: expanded from macro '__deprecated_msg'
  227 |         #define __deprecated_msg(_msg) __attribute__((__deprecated__(_msg)))
      |                                                       ^
/Users/adrian/CLionProjects/CREXX/rxpa/rxpa.c:175:9: warning: 'sprintf' is deprecated: This function is provided for compatibility reasons only.  Due to security concerns inherent in the design of sprintf(3), it is highly recommended that you use snprintf(3) instead. [-Wdeprecated-declarations]
  175 |         sprintf(full_file_name, "%s/%s", dir, file_name);
      |         ^
/Library/Developer/CommandLineTools/SDKs/MacOSX.sdk/usr/include/_stdio.h:278:1: note: 'sprintf' has been explicitly marked deprecated here
  278 | __deprecated_msg("This function is provided for compatibility reasons only.  Due to security concerns inherent in the design of sprintf(3), it is highly recommended that you use snprintf(3) instead.")
      | ^
/Library/Developer/CommandLineTools/SDKs/MacOSX.sdk/usr/include/sys/cdefs.h:227:48: note: expanded from macro '__deprecated_msg'
  227 |         #define __deprecated_msg(_msg) __attribute__((__deprecated__(_msg)))
      |                                                       ^
In file included from /Users/adrian/CLionProjects/CREXX/interpreter/rxvmintp.c:96:
/Users/adrian/CLionProjects/CREXX/interpreter/rxvmvars.h:2899:13: warning: 'sprintf' is deprecated: This function is provided for compatibility reasons only.  Due to security concerns inherent in the design of sprintf(3), it is highly recommended that you use snprintf(3) instead. [-Wdeprecated-declarations]
 2899 |          /Users/adrian/CLionProjects/CREXX/rxpa/rxpa.c:209:9: warning: 'sprintf' is deprecated: This function is provided for compatibility reasons only.  Due to security concerns inherent in the design of sprintf(3), it is highly recommended that you use snprintf(3) instead. [-Wdeprecated-declarations]
   209 |        sprintf   sprintf(relative_path, "./%s", full_file_name);
      |         ^
(formatted_outp/Library/Developer/CommandLineTools/SDKs/MacOSX.sdk/usr/include/_stdio.h:278ut, scie:1: note: 'sprintf' has been explicitly marked deprecated here
nt  278 | __dific_format, ceprecated_msoefficient, exponent);
      |             ^
g("This functio/Library/Developer/CommandLineTools/SDKs/MacOSX.sdk/usr/include/_stdio.h:278:n is pr1: note: 'sprintf' has been explicitly marked deprecated here
ovided f  278 | __deprecaor coted_msg("This funmpatibility rection is asprovided for compatibility reasons only.  Due to security concerns inherent in the design of sprintf(3), it is highly recommended that you use snprintf(3) insteaons only.  Due to security concerns inherent in the design of sprintf(3), it is highly recomd.")
      | mended that ^
you use snprintf(3) instea/Library/Developer/CommandLineTools/SDKs/MacOSX.sdk/usr/include/sys/cdefs.h:227d.")
      | ^
:48:/Library/Developer/CommandLineTools/SDKs/MacOSX.sdk/usr/include/sys/cdefs.h:227:48: note: expanded from macro '__deprecated_msg'
 note: expanded from macro '__deprecated_msg'
    227 |         #defin227 |         #define _e __deprecated__deprecated_msg(_msg)ms _g(_attrib_msg) ute__((__deprecated__(_ms__ag)))
      | ttribute                                                      ^
__((__deprecated__(_msg)))
      |                                                       ^
In file included from /Users/adrian/CLionProjects/CREXX/interpreter/rxvmintp.c:96:
/Users/adrian/CLionProjects/CREXX/interpreter/rxvmvars.h:3034:5: warning: 'sprintf' is deprecated: This function is provided for compatibility reasons only.  Due to security concerns inherent in the design of sprintf(3), it is highly recommended that you use snprintf(3) instead. [-Wdeprecated-declarations]
 3034 |     sprintf(formatted_output, engineering_format, eng_exp);
      |     ^
/Library/Developer/CommandLineTools/SDKs/MacOSX.sdk/usr/include/_stdio.h:278:1: note: 'sprintf' has been explicitly marked deprecated here
  278 | __deprecated_msg("This function is provided for compatibility reasons only.  Due to security concerns inherent in the design of sprintf(3), it is highly recommended that you use snprintf(3) instead.")
      | ^
/Library/Developer/CommandLineTools/SDKs/MacOSX.sdk/usr/include/sys/cdefs.h:227:48: note: expanded from macro '__deprecated_msg'
  227 |         #define __deprecated_msg(_msg) __attribute__((__deprecated__(_msg)))
      |                                                       ^
2 warnings generated.
[  6%] Built target crexx_fake_editor
[  6%] Linking C static library ../bin/librxpa.a
[  6%] Built target rxlink
[  6%] Building C object interpreter/CMakeFiles/rxbvm_core_objects.dir/rxvmprogram.c.o
[  6%] Built target rxpa
[  6%] Building C object interpreter/CMakeFiles/rxpashim.dir/rxpashim.c.o
[  6%] Building C object interpreter/CMakeFiles/rxbvm_core_objects.dir/rxvmexecutor.c.o
2 warnings generated.
[  6%] Linking C static library ../bin/librxpashim.a
[  6%] Built target rxvm_platform_objects
In file included from /Users/adrian/CLionProjects/CREXX/interpreter/rxvmexecutor.c:13:
/Users/adrian/CLionProjects/CREXX/interpreter/rxvmvars.h:2899:13: warning: 'sprintf' is deprecated: This function is provided for compatibility reasons only.  Due to security concerns inherent in the design of sprintf(3), it is highly recommended that you use snprintf(3) instead. [-Wdeprecated-declarations]
 2899 |             sprintf(formatted_output, scientific_format, coefficient, exponent);
      |             ^
/Library/Developer/CommandLineTools/SDKs/MacOSX.sdk/usr/include/_stdio.h:278:1: note: 'sprintf' has been explicitly marked deprecated here
  278 | __deprecated_msg("This function is provided for compatibility reasons only.  Due to security concerns inherent in the design of sprintf(3), it is highly recommended that you use snprintf(3) instead.")
      | ^
/Library/Developer/CommandLineTools/SDKs/MacOSX.sdk/usr/include/sys/cdefs.h:227:48: note: expanded from macro '__deprecated_msg'
  227 |         #define __deprecated_msg(_msg) __attribute__((__deprecated__(_msg)))
      |                                                       ^
In file included from /Users/adrian/CLionProjects/CREXX/interpreter/rxvmexecutor.c:13:
/Users/adrian/CLionProjects/CREXX/interpreter/rxvmvars.h:3034:5: warning: 'sprintf' is deprecated: This function is provided for compatibility reasons only.  Due to security concerns inherent in the design of sprintf(3), it is highly recommended that you use snprintf(3) instead. [-Wdeprecated-declarations]
 3034 |     sprintf(formatted_output, engineering_format, eng_exp);
      |     ^
/Library/Developer/CommandLineTools/SDKs/MacOSX.sdk/usr/include/_stdio.h:278:1: note: 'sprintf' has been explicitly marked deprecated here
  278 | __deprecated_msg("This function is provided for compatibility reasons only.  Due to security concerns inherent in the design of sprintf(3), it is highly recommended that you use snprintf(3) instead.")
      | ^
/Library/Developer/CommandLineTools/SDKs/MacOSX.sdk/usr/include/sys/cdefs.h:227:48: note: expanded from macro '__deprecated_msg'
  227 |         #define __deprecated_msg(_msg) __attribute__((__deprecated__(_msg)))
      |                                                       ^
[  6%] Building C object lib/plugins/hash/CMakeFiles/_hash.dir/rx_hash.c.o
[  6%] Built target rxpashim
[  6%] Building C object lib/plugins/fs/CMakeFiles/fs.dir/rxfs.c.o
[  6%] Linking C shared module ../../../bin/rx_hash.rxplugin
2 warnings generated.
[  6%] Building C object lib/plugins/platform/CMakeFiles/_platform.dir/rxplatform.c.o
[  6%] Built target _hash
[  6%] Linking C shared module ../../../bin/rxfs.rxplugin
[  6%] Building C object lib/plugins/keyaccess/CMakeFiles/_keyaccess.dir/keyaccess.c.o
[  6%] Linking C shared module ../../../bin/rxplatform.rxplugin
[  6%] Built target fs
[  6%] Built target _platform
[  6%] Linking C shared module ../../../bin/rx_keyaccess.rxplugin
[  6%] Building C object lib/plugins/id/CMakeFiles/id.dir/id.c.o
[  6%] Building C object lib/plugins/float/CMakeFiles/float.dir/rxfloat.c.o
[  6%] Built target _keyaccess
[  6%] Building C object interpreter/CMakeFiles/rxbvm_core_objects.dir/rxvmchannel.c.o
[  6%] Linking C shared module ../../../bin/rxid.rxplugin
[  6%] Linking C shared module ../../../bin/rxfloat.rxplugin
[  6%] Built target id
[  6%] Built target float
[  6%] Building C object lib/plugins/float/CMakeFiles/float_static.dir/rxfloat.c.o
[  6%] Building C object lib/plugins/hash/CMakeFiles/_hash_static.dir/rx_hash.c.o
[  6%] Building C object interpreter/CMakeFiles/rxbvm_core_objects.dir/rxvmchannel_process.c.o
[  6%] Linking C static library ../../../bin/rxfloat_static.a
[  6%] Linking C static library ../../../bin/rx_hash_static.a
[  6%] Building C object interpreter/CMakeFiles/rxbvm_core_objects.dir/rxvmchannel_child.c.o
[  6%] Built target float_static
[  6%] Built target _hash_static
[  6%] Building C object interpreter/CMakeFiles/rxbvm_core_objects.dir/rxvmactive.c.o
[  6%] Building C object lib/plugins/keyaccess/CMakeFiles/_keyaccess_static.dir/keyaccess.c.o
[  6%] Building C object interpreter/CMakeFiles/rxbvm_core_objects.dir/rxvmload.c.o
[  6%] Building C object interpreter/CMakeFiles/rxbvm_core_objects.dir/interrupt.c.o
In file included from /Users/adrian/CLionProjects/CREXX/interpreter/rxvmload.c:45:
/Users/adrian/CLionProjects/CREXX/interpreter/rxvmvars.h:2899:13: warning: 'sprintf' is deprecated: This function is provided for compatibility reasons only.  Due to security concerns inherent in the design of sprintf(3), it is highly recommended that you use snprintf(3) instead. [-Wdeprecated-declarations]
 2899 |             sprintf(formatted_output, scientific_format, coefficient, exponent);
      |             ^
/Library/Developer/CommandLineTools/SDKs/MacOSX.sdk/usr/include/_stdio.h:278:1: note: 'sprintf' has been explicitly marked deprecated here
  278 | __deprecated_msg("This function is provided for compatibility reasons only.  Due to security concerns inherent in the design of sprintf(3), it is highly recommended that you use snprintf(3) instead.")
      | ^
/Library/Developer/CommandLineTools/SDKs/MacOSX.sdk/usr/include/sys/cdefs.h:227:48: note: expanded from macro '__deprecated_msg'
  227 |         #define __deprecated_msg(_msg) __attribute__((__deprecated__(_msg)))
      |                                                       ^
In file included from /Users/adrian/CLionProjects/CREXX/interpreter/rxvmload.c:45:
/Users/adrian/CLionProjects/CREXX/interpreter/rxvmvars.h:3034:5: warning: 'sprintf' is deprecated: This function is provided for compatibility reasons only.  Due to security concerns inherent in the design of sprintf(3), it is highly recommended that you use snprintf(3) instead. [-Wdeprecated-declarations]
 3034 |     sprintf(formatted_output, engineering_format, eng_exp);
      |     ^
/Library/Developer/CommandLineTools/SDKs/MacOSX.sdk/usr/include/_stdio.h:278:1: note: 'sprintf' has been explicitly marked deprecated here
  278 | __deprecated_msg("This function is provided for compatibility reasons only.  Due to security concerns inherent in the design of sprintf(3), it is highly recommended that you use snprintf(3) instead.")
      | ^
/Library/Developer/CommandLineTools/SDKs/MacOSX.sdk/usr/include/sys/cdefs.h:227:48: note: expanded from macro '__deprecated_msg'
  227 |         #define __deprecated_msg(_msg) __attribute__((__deprecated__(_msg)))
      |                                                       ^
/Users/adrian/CLionProjects/CREXX/interpreter/rxvmload.c:1303:18: warning: 'sprintf' is deprecated: This function is provided for compatibility reasons only.  Due to security concerns inherent in the design of sprintf(3), it is highly recommended that you use snprintf(3) instead. [-Wdeprecated-declarations]
 1303 |             else sprintf(full_file_name, "%s.rxplugin", file_name);
      |                  ^
/Library/Developer/CommandLineTools/SDKs/MacOSX.sdk/usr/include/_stdio.h:278:1: note: 'sprintf' has been explicitly marked deprecated here
  278 | __deprecated_msg("This function is provided for compatibility reasons only.  Due to security concerns inherent in the design of sprintf(3), it is highly recommended that you use snprintf(3) instead.")
      | ^
/Library/Developer/CommandLineTools/SDKs/MacOSX.sdk/usr/include/sys/cdefs.h:227:48: note: expanded from macro '__deprecated_msg'
  227 |         #define __deprecated_msg(_msg) __attribute__((__deprecated__(_msg)))
      |                                                       ^
[  6%] Linking C static library ../../../bin/rx_keyaccess_static.a
[  6%] Building C object interpreter/CMakeFiles/rxbvm_core_objects.dir/rxspawn.c.o
[  6%] Built target _keyaccess_static
3 warnings generated.
In file included from /Users/adrian/CLionProjects/CREXX/interpreter/rxspawn.c:68:
/Users/adrian/CLionProjects/CREXX/interpreter/rxvmvars.h:2899:13: warning: 'sprintf' is deprecated: This function is provided for compatibility reasons only.  Due to security concerns inherent in the design of sprintf(3), it is highly recommended that you use snprintf(3) instead. [-Wdeprecated-declarations]
 2899 |             sprintf(formatted_output, scientific_format, coefficient, exponent);
      |             ^
/Library/Developer/CommandLineTools/SDKs/MacOSX.sdk/usr/include/_stdio.h:278:1: note: 'sprintf' has been explicitly marked deprecated here
  278 | __deprecated_msg("This function is provided for compatibility reasons only.  Due to security concerns inherent in the design of sprintf(3), it is highly recommended that you use snprintf(3) instead.")
      | ^
/Library/Developer/CommandLineTools/SDKs/MacOSX.sdk/usr/include/sys/cdefs.h:227:48: note: expanded from macro '__deprecated_msg'
  227 |         #define __deprecated_msg(_msg) __attribute__((__deprecated__(_msg)))
      |                                                       ^
In file included from /Users/adrian/CLionProjects/CREXX/interpreter/rxspawn.c:68:
/Users/adrian/CLionProjects/CREXX/interpreter/rxvmvars.h:3034:5: warning: 'sprintf' is deprecated: This function is provided for compatibility reasons only.  Due to security concerns inherent in the design of sprintf(3), it is highly recommended that you use snprintf(3) instead. [-Wdeprecated-declarations]
 3034 |     sprintf(formatted_output, engineering_format, eng_exp);
      |     ^
/Library/Developer/CommandLineTools/SDKs/MacOSX.sdk/usr/include/_stdio.h:278:1: note: 'sprintf' has been explicitly marked deprecated here
  278 | __deprecated_msg("This function is provided for compatibility reasons only.  Due to security concerns inherent in the design of sprintf(3), it is highly recommended that you use snprintf(3) instead.")
      | ^
/Library/Developer/CommandLineTools/SDKs/MacOSX.sdk/usr/include/sys/cdefs.h:227:48: note: expanded from macro '__deprecated_msg'
  227 |         #define __deprecated_msg(_msg) __attribute__((__deprecated__(_msg)))
      |                                                       ^
/Users/adrian/CLionProjects/CREXX/interpreter/rxspawn.c:924:9: warning: 'sprintf' is deprecated: This function is provided for compatibility reasons only.  Due to security concerns inherent in the design of sprintf(3), it is highly recommended that you use snprintf(3) instead. [-Wdeprecated-declarations]
  924 |         sprintf(candidate, "%s/%s", directory, exe);
      |         ^
/Library/Developer/CommandLineTools/SDKs/MacOSX.sdk/usr/include/_stdio.h:278:1: note: 'sprintf' has been explicitly marked deprecated here
  278 | __deprecated_msg("This function is provided for compatibility reasons only.  Due to security concerns inherent in the design of sprintf(3), it is highly recommended that you use snprintf(3) instead.")
      | ^
/Library/Developer/CommandLineTools/SDKs/MacOSX.sdk/usr/include/sys/cdefs.h:227:48: note: expanded from macro '__deprecated_msg'
  227 |         #define __deprecated_msg(_msg) __attribute__((__deprecated__(_msg)))
      |                                                       ^
[  6%] Building C object interpreter/CMakeFiles/rxbvm_core_objects.dir/rxcrexxcmd.c.o
[  7%] Building C object lib/plugins/llist/CMakeFiles/_llist.dir/llist.c.o
/Users/adrian/CLionProjects/CREXX/lib/plugins/llist/llist.c:517:9: warning: 'sprintf' is deprecated: This function is provided for compatibility reasons only.  Due to security concerns inherent in the design of sprintf(3), it is highly recommended that you use snprintf(3) instead. [-Wdeprecated-declarations]
  517 |         sprintf(endOfListMessage, "$END-OF-LLIST-%d$", (int)qname);
      |         ^
/Library/Developer/CommandLineTools/SDKs/MacOSX.sdk/usr/include/_stdio.h:278:1: note: 'sprintf' has been explicitly marked deprecated here
  278 | __deprecated_msg("This function is provided for compatibility reasons only.  Due to security concerns inherent in the design of sprintf(3), it is highly recommended that you use snprintf(3) instead.")
      | ^
/Library/Developer/CommandLineTools/SDKs/MacOSX.sdk/usr/include/sys/cdefs.h:227:48: note: expanded from macro '__deprecated_msg'
  227 |         #define __deprecated_msg(_msg) __attribute__((__deprecated__(_msg)))
      |                                                       ^
/Users/adrian/CLionProjects/CREXX/lib/plugins/llist/llist.c:547:9: warning: 'sprintf' is deprecated: This function is provided for compatibility reasons only.  Due to security concerns inherent in the design of sprintf(3), it is highly recommended that you use snprintf(3) instead. [-Wdeprecated-declarations]
  547 |         sprintf(emptyListMsg, "$EMPTY-LLIST-%d$", (int)qname);
      |         ^
/Library/Developer/CommandLineTools/SDKs/MacOSX.sdk/usr/include/_stdio.h:278:1: note: 'sprintf' has been explicitly marked deprecated here
  278 | __deprecated_msg("This function is provided for compatibility reasons only.  Due to security concerns inherent in the design of sprintf(3), it is highly recommended that you use snprintf(3) instead.")
      | ^
/Library/Developer/CommandLineTools/SDKs/MacOSX.sdk/usr/include/sys/cdefs.h:227:48: note: expanded from macro '__deprecated_msg'
  227 |         #define __deprecated_msg(_msg) __attribute__((__deprecated__(_msg)))
      |                                                       ^
2 warnings generated.
[  7%] Linking C shared module ../../../bin/rx_llist.rxplugin
3 warnings generated.
[  7%] Building C object interpreter/CMakeFiles/rxbvm_core_objects.dir/exitfunc.c.o
[  7%] Building C object interpreter/CMakeFiles/rxbvm_core_objects.dir/rxpacallmethod.c.o
[  7%] Built target _llist
[  7%] Building C object lib/plugins/llist/CMakeFiles/_llist_static.dir/llist.c.o
[  7%] Building C object interpreter/CMakeFiles/rxbvm_core_objects.dir/rxpafuncs.c.o
In file included from /Users/adrian/CLionProjects/CREXX/interpreter/rxpacallmethod.c:32:
/Users/adrian/CLionProjects/CREXX/interpreter/rxvmvars.h:2899:13: warning: 'sprintf' is deprecated: This function is provided for compatibility reasons only.  Due to security concerns inherent in the design of sprintf(3), it is highly recommended that you use snprintf(3) instead. [-Wdeprecated-declarations]
 2899 |             sprintf(formatted_output, scientific_format, coefficient, exponent);
      |             ^
/Library/Developer/CommandLineTools/SDKs/MacOSX.sdk/usr/include/_stdio.h:278:1: note: 'sprintf' has been explicitly marked deprecated here
  278 | __deprecated_msg("This function is provided for compatibility reasons only.  Due to security concerns inherent in the design of sprintf(3), it is highly recommended that you use snprintf(3) instead.")
      | ^
/Library/Developer/CommandLineTools/SDKs/MacOSX.sdk/usr/include/sys/cdefs.h:227:48: note: expanded from macro '__deprecated_msg'
  227 |         #define __deprecated_msg(_msg) __attribute__((__deprecated__(_msg)))
      |                                                       ^
In file included from /Users/adrian/CLionProjects/CREXX/interpreter/rxpacallmethod.c:32:
/Users/adrian/CLionProjects/CREXX/interpreter/rxvmvars.h:3034:5: warning: 'sprintf' is deprecated: This function is provided for compatibility reasons only.  Due to security concerns inherent in the design of sprintf(3), it is highly recommended that you use snprintf(3) instead. [-Wdeprecated-declarations]
 3034 |     sprintf(formatted_output, engineering_format, eng_exp);
      |     ^
/Library/Developer/CommandLineTools/SDKs/MacOSX.sdk/usr/include/_stdio.h:278:1: note: 'sprintf' has been explicitly marked deprecated here
  278 | __deprecated_msg("This function is provided for compatibility reasons only.  Due to security concerns inherent in the design of sprintf(3), it is highly recommended that you use snprintf(3) instead.")
      | ^
/Library/Developer/CommandLineTools/SDKs/MacOSX.sdk/usr/include/sys/cdefs.h:227:48: note: expanded from macro '__deprecated_msg'
  227 |         #define __deprecated_msg(_msg) __attribute__((__deprecated__(_msg)))
      |                                                       ^
2 warnings generated.
/Users/adrian/CLionProjects/CREXX/lib/plugins/llist/llist.c:517:9: warning: 'sprintf' is deprecated: This function is provided for compatibility reasons only.  Due to security concerns inherent in the design of sprintf(3), it is highly recommended that you use snprintf(3) instead. [-Wdeprecated-declarations]
  517 |         sprintf(endOfListMessage, "$END-OF-LLIST-%d$", (int)qname);
      |         ^
/Library/Developer/CommandLineTools/SDKs/MacOSX.sdk/usr/include/_stdio.h:278:1: note: 'sprintf' has been explicitly marked deprecated here
  278 | __deprecated_msg("This function is provided for compatibility reasons only.  Due to security concerns inherent in the design of sprintf(3), it is highly recommended that you use snprintf(3) instead.")
      | ^
/Library/Developer/CommandLineTools/SDKs/MacOSX.sdk/usr/include/sys/cdefs.h:227:48: note: expanded from macro '__deprecated_msg'
  227 |         #define __deprecated_msg(_msg) __attribute__((__deprecated__(_msg)))
      |                                                       ^
/Users/adrian/CLionProjects/CREXX/lib/plugins/llist/llist.c:547:9: warning: 'sprintf' is deprecated: This function is provided for compatibility reasons only.  Due to security concerns inherent in the design of sprintf(3), it is highly recommended that you use snprintf(3) instead. [-Wdeprecated-declarations]
  547 |         sprintf(emptyListMsg, "$EMPTY-LLIST-%d$", (int)qname);
      |         ^
/Library/Developer/CommandLineTools/SDKs/MacOSX.sdk/usr/include/_stdio.h:278:1: note: 'sprintf' has been explicitly marked deprecated here
  278 | __deprecated_msg("This function is provided for compatibility reasons only.  Due to security concerns inherent in the design of sprintf(3), it is highly recommended that you use snprintf(3) instead.")
      | ^
/Library/Developer/CommandLineTools/SDKs/MacOSX.sdk/usr/include/sys/cdefs.h:227:48: note: expanded from macro '__deprecated_msg'
  227 |         #define __deprecated_msg(_msg) __attribute__((__deprecated__(_msg)))
      |                                                       ^
[  8%] Building C object interpreter/CMakeFiles/rxbvm_core_objects.dir/rxvml/rxvm_run.c.o
2 warnings generated.
In file included from /Users/adrian/CLionProjects/CREXX/interpreter/rxpafuncs.c:34:
/Users/adrian/CLionProjects/CREXX/interpreter/rxvmvars.h:2899:13: warning: 'sprintf' is deprecated: This function is provided for compatibility reasons only.  Due to security concerns inherent in the design of sprintf(3), it is highly recommended that you use snprintf(3) instead. [-Wdeprecated-declarations]
 2899 |             sprintf(formatted_output, scientific_format, coefficient, exponent);
      |             ^
/Library/Developer/CommandLineTools/SDKs/MacOSX.sdk/usr/include/_stdio.h:278:1: note: 'sprintf' has been explicitly marked deprecated here
  278 | __deprecated_msg("This function is provided for compatibility reasons only.  Due to security concerns inherent in the design of sprintf(3), it is highly recommended that you use snprintf(3) instead.")
      | ^
/Library/Developer/CommandLineTools/SDKs/MacOSX.sdk/usr/include/sys/cdefs.h:227:48: note: expanded from macro '__deprecated_msg'
  227 |         #define __deprecated_msg(_msg) __attribute__((__deprecated__(_msg)))
      |                                                       ^
In file included from /Users/adrian/CLionProjects/CREXX/interpreter/rxpafuncs.c:34:
/Users/adrian/CLionProjects/CREXX/interpreter/rxvmvars.h:3034:5: warning: 'sprintf' is deprecated: This function is provided for compatibility reasons only.  Due to security concerns inherent in the design of sprintf(3), it is highly recommended that you use snprintf(3) instead. [-Wdeprecated-declarations]
 3034 |     sprintf(formatted_output, engineering_format, eng_exp);
      |     ^
/Library/Developer/CommandLineTools/SDKs/MacOSX.sdk/usr/include/_stdio.h:278:1: note: 'sprintf' has been explicitly marked deprecated here
  278 | __deprecated_msg("This function is provided for compatibility reasons only.  Due to security concerns inherent in the design of sprintf(3), it is highly recommended that you use snprintf(3) instead.")
      | ^
/Library/Developer/CommandLineTools/SDKs/MacOSX.sdk/usr/include/sys/cdefs.h:227:48: note: expanded from macro '__deprecated_msg'
  227 |         #define __deprecated_msg(_msg) __attribute__((__deprecated__(_msg)))
      |                                                       ^
[  8%] Linking C static library ../../../bin/rx_llist_static.a
2 warnings generated.
In file included from /Users/adrian/CLionProjects/CREXX/interpreter/rxvml/rxvm_run.c:30:
/Users/adrian/CLionProjects/CREXX/interpreter/rxvml/../rxvmvars.h:2899:13: warning: 'sprintf' is deprecated: This function is provided for compatibility reasons only.  Due to security concerns inherent in the design of sprintf(3), it is highly recommended that you use snprintf(3) instead. [-Wdeprecated-declarations]
 2899 |             sprintf(formatted_output, scientific_format, coefficient, exponent);
      |             ^
/Library/Developer/CommandLineTools/SDKs/MacOSX.sdk/usr/include/_stdio.h:278:1: note: 'sprintf' has been explicitly marked deprecated here
  278 | __deprecated_msg("This function is provided for compatibility reasons only.  Due to security concerns inherent in the design of sprintf(3), it is highly recommended that you use snprintf(3) instead.")
      | ^
/Library/Developer/CommandLineTools/SDKs/MacOSX.sdk/usr/include/sys/cdefs.h:227:48: note: expanded from macro '__deprecated_msg'
  227 |         #define __deprecated_msg(_msg) __attribute__((__deprecated__(_msg)))
      |                                                       ^
In file included from /Users/adrian/CLionProjects/CREXX/interpreter/rxvml/rxvm_run.c:30:
/Users/adrian/CLionProjects/CREXX/interpreter/rxvml/../rxvmvars.h:3034:5: warning: 'sprintf' is deprecated: This function is provided for compatibility reasons only.  Due to security concerns inherent in the design of sprintf(3), it is highly recommended that you use snprintf(3) instead. [-Wdeprecated-declarations]
 3034 |     sprintf(formatted_output, engineering_format, eng_exp);
      |     ^
/Library/Developer/CommandLineTools/SDKs/MacOSX.sdk/usr/include/_stdio.h:278:1: note: 'sprintf' has been explicitly marked deprecated here
  278 | __deprecated_msg("This function is provided for compatibility reasons only.  Due to security concerns inherent in the design of sprintf(3), it is highly recommended that you use snprintf(3) instead.")
      | ^
/Library/Developer/CommandLineTools/SDKs/MacOSX.sdk/usr/include/sys/cdefs.h:227:48: note: expanded from macro '__deprecated_msg'
  227 |         #define __deprecated_msg(_msg) __attribute__((__deprecated__(_msg)))
      |                                                       ^
[  8%] Building C object lib/plugins/treemap/CMakeFiles/_treemap.dir/treemap.c.o
[  8%] Built target _llist_static
2 warnings generated.
[  8%] Building C object lib/plugins/treemap/CMakeFiles/_treemap_static.dir/treemap.c.o
[  8%] Building C object lib/plugins/fs/CMakeFiles/fs_static.dir/rxfs.c.o
[  8%] Linking C shared module ../../../bin/rx_treemap.rxplugin
[  8%] Linking C static library ../../../bin/rx_treemap_static.a
[  8%] Linking C static library ../../../bin/rxfs_static.a
[  8%] Built target _treemap
[  8%] Built target _treemap_static
[  8%] Building C object lib/plugins/platform/CMakeFiles/_platform_static.dir/rxplatform.c.o
[  8%] Built target address_spawn_group_fixture
[  8%] Built target fs_static
[  8%] Building C object disassembler/CMakeFiles/rxdas.dir/rxdamain.c.o
[  8%] Built target rxlink_concat_files
[  8%] Linking C static library ../../../bin/rxplatform_static.a
[  8%] Built target mutate_graph_rxbin
/Users/adrian/CLionProjects/CREXX/disassembler/rxdamain.c:155:9: warning: 'sprintf' is deprecated: This function is provided for compatibility reasons only.  Due to security concerns inherent in the design of sprintf(3), it is highly recommended that you use snprintf(3) instead. [-Wdeprecated-declarations]
  155 |         sprintf(combined_location, ".;%s;%s", location, exe_path);
      |         ^
/Library/Developer/CommandLineTools/SDKs/MacOSX.sdk/usr/include/_stdio.h:278:1: note: 'sprintf' has been explicitly marked deprecated here
  278 | __deprecated_msg("This function is provided for compatibility reasons only.  Due to security concerns inherent in the design of sprintf(3), it is highly recommended that you use snprintf(3) instead.")
      | ^
/Library/Developer/CommandLineTools/SDKs/MacOSX.sdk/usr/include/sys/cdefs.h:227:48: note: expanded from macro '__deprecated_msg'
  227 |         #define __deprecated_msg(_msg) __attribute__((__deprecated__(_msg)))
      |                                                       ^
/Users/adrian/CLionProjects/CREXX/disassembler/rxdamain.c:159:9: warning: 'sprintf' is deprecated: This function is provided for compatibility reasons only.  Due to security concerns inherent in the design of sprintf(3), it is highly recommended that you use snprintf(3) instead. [-Wdeprecated-declarations]
  159 |         sprintf(combined_location, ".;%s", exe_path);
      |         ^
/Library/Developer/CommandLineTools/SDKs/MacOSX.sdk/usr/include/_stdio.h:278:1: note: 'sprintf' has been explicitly marked deprecated here
  278 | __deprecated_msg("This function is provided for compatibility reasons only.  Due to security concerns inherent in the design of sprintf(3), it is highly recommended that you use snprintf(3) instead.")
      | ^
/Library/Developer/CommandLineTools/SDKs/MacOSX.sdk/usr/include/sys/cdefs.h:227:48: note: expanded from macro '__deprecated_msg'
  227 |         #define __deprecated_msg(_msg) __attribute__((__deprecated__(_msg)))
      |                                                       ^
2 warnings generated.
[  8%] Building C object disassembler/CMakeFiles/rxdas.dir/rxdadism.c.o
[  8%] Building C object interpreter/CMakeFiles/rxtvm_core_objects.dir/rxvmintp.c.o
[  8%] Built target _platform_static
In file included from /Users/adrian/CLionProjects/CREXX/interpreter/rxvmintp.c:96:
/Users/adrian/CLionProjects/CREXX/interpreter/rxvmvars.h:2899:13: warning: 'sprintf' is deprecated: This function is provided for compatibility reasons only.  Due to security concerns inherent in the design of sprintf(3), it is highly recommended that you use snprintf(3) instead. [-Wdeprecated-declarations]
 2899 |             sprintf(formatted_output, scientific_format, coefficient, exponent);
      |             ^
/Library/Developer/CommandLineTools/SDKs/MacOSX.sdk/usr/include/_stdio.h:278:1: note: 'sprintf' has been explicitly marked deprecated here
  278 | __deprecated_msg("This function is provided for compatibility reasons only.  Due to security concerns inherent in the design of sprintf(3), it is highly recommended that you use snprintf(3) instead.")
      | ^
/Library/Developer/CommandLineTools/SDKs/MacOSX.sdk/usr/include/sys/cdefs.h:227:48: note: expanded from macro '__deprecated_msg'
  227 |         #define __deprecated_msg(_msg) __attribute__((__deprecated__(_msg)))
      |                                                       ^
In file included from /Users/adrian/CLionProjects/CREXX/interpreter/rxvmintp.c:96:
/Users/adrian/CLionProjects/CREXX/interpreter/rxvmvars.h:3034:5: warning: 'sprintf' is deprecated: This function is provided for compatibility reasons only.  Due to security concerns inherent in the design of sprintf(3), it is highly recommended that you use snprintf(3) instead. [-Wdeprecated-declarations]
 3034 |     sprintf(formatted_output, engineering_format, eng_exp);
      |     ^
/Library/Developer/CommandLineTools/SDKs/MacOSX.sdk/usr/include/_stdio.h:278:1: note: 'sprintf' has been explicitly marked deprecated here
  278 | __deprecated_msg("This function is provided for compatibility reasons only.  Due to security concerns inherent in the design of sprintf(3), it is highly recommended that you use snprintf(3) instead.")
      | ^
/Library/Developer/CommandLineTools/SDKs/MacOSX.sdk/usr/include/sys/cdefs.h:227:48: note: expanded from macro '__deprecated_msg'
  227 |         #define __deprecated_msg(_msg) __attribute__((__deprecated__(_msg)))
      |                                                       ^
[  8%] Building C object interpreter/CMakeFiles/rxbvm_instrumented_core_objects.dir/rxvmintp.c.o
[  8%] Linking C executable ../bin/rxdas
In file included from /Users/adrian/CLionProjects/CREXX/interpreter/rxvmintp.c:96:
/Users/adrian/CLionProjects/CREXX/interpreter/rxvmvars.h:2899:13: warning: 'sprintf' is deprecated: This function is provided for compatibility reasons only.  Due to security concerns inherent in the design of sprintf(3), it is highly recommended that you use snprintf(3) instead. [-Wdeprecated-declarations]
 2899 |             sprintf(formatted_output, scientific_format, coefficient, exponent);
      |             ^
/Library/Developer/CommandLineTools/SDKs/MacOSX.sdk/usr/include/_stdio.h:278:1: note: 'sprintf' has been explicitly marked deprecated here
  278 | __deprecated_msg("This function is provided for compatibility reasons only.  Due to security concerns inherent in the design of sprintf(3), it is highly recommended that you use snprintf(3) instead.")
      | ^
/Library/Developer/CommandLineTools/SDKs/MacOSX.sdk/usr/include/sys/cdefs.h:227:48: note: expanded from macro '__deprecated_msg'
  227 |         #define __deprecated_msg(_msg) __attribute__((__deprecated__(_msg)))
      |                                                       ^
In file included from /Users/adrian/CLionProjects/CREXX/interpreter/rxvmintp.c:96:
/Users/adrian/CLionProjects/CREXX/interpreter/rxvmvars.h:3034:5: warning: 'sprintf' is deprecated: This function is provided for compatibility reasons only.  Due to security concerns inherent in the design of sprintf(3), it is highly recommended that you use snprintf(3) instead. [-Wdeprecated-declarations]
 3034 |     sprintf(formatted_output, engineering_format, eng_exp);
      |     ^
/Library/Developer/CommandLineTools/SDKs/MacOSX.sdk/usr/include/_stdio.h:278:1: note: 'sprintf' has been explicitly marked deprecated here
  278 | __deprecated_msg("This function is provided for compatibility reasons only.  Due to security concerns inherent in the design of sprintf(3), it is highly recommended that you use snprintf(3) instead.")
      | ^
/Library/Developer/CommandLineTools/SDKs/MacOSX.sdk/usr/include/sys/cdefs.h:227:48: note: expanded from macro '__deprecated_msg'
  227 |         #define __deprecated_msg(_msg) __attribute__((__deprecated__(_msg)))
      |                                                       ^
[  8%] Built target rxdas
[  8%] Building C object interpreter/CMakeFiles/rxtvm_instrumented_core_objects.dir/rxvmintp.c.o
In file included from /Users/adrian/CLionProjects/CREXX/interpreter/rxvmintp.c:96:
/Users/adrian/CLionProjects/CREXX/interpreter/rxvmvars.h:2899:13: warning: 'sprintf' is deprecated: This function is provided for compatibility reasons only.  Due to security concerns inherent in the design of sprintf(3), it is highly recommended that you use snprintf(3) instead. [-Wdeprecated-declarations]
 2899 |             sprintf(formatted_output, scientific_format, coefficient, exponent);
      |             ^
/Library/Developer/CommandLineTools/SDKs/MacOSX.sdk/usr/include/_stdio.h:278:1: note: 'sprintf' has been explicitly marked deprecated here
  278 | __deprecated_msg("This function is provided for compatibility reasons only.  Due to security concerns inherent in the design of sprintf(3), it is highly recommended that you use snprintf(3) instead.")
      | ^
/Library/Developer/CommandLineTools/SDKs/MacOSX.sdk/usr/include/sys/cdefs.h:227:48: note: expanded from macro '__deprecated_msg'
  227 |         #define __deprecated_msg(_msg) __attribute__((__deprecated__(_msg)))
      |                                                       ^
In file included from /Users/adrian/CLionProjects/CREXX/interpreter/rxvmintp.c:96:
/Users/adrian/CLionProjects/CREXX/interpreter/rxvmvars.h:3034:5: warning: 'sprintf' is deprecated: This function is provided for compatibility reasons only.  Due to security concerns inherent in the design of sprintf(3), it is highly recommended that you use snprintf(3) instead. [-Wdeprecated-declarations]
 3034 |     sprintf(formatted_output, engineering_format, eng_exp);
      |     ^
/Library/Developer/CommandLineTools/SDKs/MacOSX.sdk/usr/include/_stdio.h:278:1: note: 'sprintf' has been explicitly marked deprecated here
  278 | __deprecated_msg("This function is provided for compatibility reasons only.  Due to security concerns inherent in the design of sprintf(3), it is highly recommended that you use snprintf(3) instead.")
      | ^
/Library/Developer/CommandLineTools/SDKs/MacOSX.sdk/usr/include/sys/cdefs.h:227:48: note: expanded from macro '__deprecated_msg'
  227 |         #define __deprecated_msg(_msg) __attribute__((__deprecated__(_msg)))
      |                                                       ^
2 warnings generated.
[  8%] Built target rxbvm_core_objects
[  8%] Building C object interpreter/CMakeFiles/rxvm_platform_notls_objects.dir/rxvmsock.c.o
In file included from /Users/adrian/CLionProjects/CREXX/interpreter/rxvmsock.c:65:
/Users/adrian/CLionProjects/CREXX/interpreter/rxvmvars.h:2899:13: warning: 'sprintf' is deprecated: This function is provided for compatibility reasons only.  Due to security concerns inherent in the design of sprintf(3), it is highly recommended that you use snprintf(3) instead. [-Wdeprecated-declarations]
 2899 |             sprintf(formatted_output, scientific_format, coefficient, exponent);
      |             ^
/Library/Developer/CommandLineTools/SDKs/MacOSX.sdk/usr/include/_stdio.h:278:1: note: 'sprintf' has been explicitly marked deprecated here
  278 | __deprecated_msg("This function is provided for compatibility reasons only.  Due to security concerns inherent in the design of sprintf(3), it is highly recommended that you use snprintf(3) instead.")
      | ^
/Library/Developer/CommandLineTools/SDKs/MacOSX.sdk/usr/include/sys/cdefs.h:227:48: note: expanded from macro '__deprecated_msg'
  227 |         #define __deprecated_msg(_msg) __attribute__((__deprecated__(_msg)))
      |                                                       ^
In file included from /Users/adrian/CLionProjects/CREXX/interpreter/rxvmsock.c:65:
/Users/adrian/CLionProjects/CREXX/interpreter/rxvmvars.h:3034:5: warning: 'sprintf' is deprecated: This function is provided for compatibility reasons only.  Due to security concerns inherent in the design of sprintf(3), it is highly recommended that you use snprintf(3) instead. [-Wdeprecated-declarations]
 3034 |     sprintf(formatted_output, engineering_format, eng_exp);
      |     ^
/Library/Developer/CommandLineTools/SDKs/MacOSX.sdk/usr/include/_stdio.h:278:1: note: 'sprintf' has been explicitly marked deprecated here
  278 | __deprecated_msg("This function is provided for compatibility reasons only.  Due to security concerns inherent in the design of sprintf(3), it is highly recommended that you use snprintf(3) instead.")
      | ^
/Library/Developer/CommandLineTools/SDKs/MacOSX.sdk/usr/include/sys/cdefs.h:227:48: note: expanded from macro '__deprecated_msg'
  227 |         #define __deprecated_msg(_msg) __attribute__((__deprecated__(_msg)))
      |                                                       ^
2 warnings generated.
[  8%] Built target rxvm_platform_notls_objects
[  8%] Building C object interpreter/CMakeFiles/rxseq.dir/rxseqmain.c.o
[  8%] Building C object interpreter/CMakeFiles/rxseq.dir/rxseqfile.c.o
[  8%] Linking C executable ../bin/rxseq
[  8%] Built target rxseq
[  8%] Building C object interpreter/CMakeFiles/test_rxseqfile.dir/tests/test_rxseqfile.c.o
[  8%] Building C object interpreter/CMakeFiles/test_rxseqfile.dir/rxseqfile.c.o
[  8%] Linking C executable ../bin/test_rxseqfile
[  8%] Built target test_rxseqfile
[  8%] Building C object interpreter/CMakeFiles/test_rxvmfile.dir/tests/test_rxvmfile.c.o
[  8%] Linking C executable ../bin/test_rxvmfile
[  8%] Built target test_rxvmfile
[  8%] Building C object interpreter/CMakeFiles/test_rxspawn_posix_termination.dir/tests/test_rxspawn_posix_termination.c.o
[  8%] Linking C executable ../bin/test_rxspawn_posix_termination
[  8%] Built target test_rxspawn_posix_termination
[  8%] Building C object interpreter/CMakeFiles/test_rxvmmemory.dir/tests/test_rxvmmemory.c.o
[  8%] Linking C executable test_rxvmmemory
[  8%] Built target test_rxvmmemory
[  8%] Building C object interpreter/CMakeFiles/test_rxvmworker.dir/tests/test_rxvmworker.c.o
[  8%] Building C object interpreter/CMakeFiles/test_rxvmworker.dir/rxvmworker.c.o
[  8%] Linking C executable test_rxvmworker
[  8%] Built target test_rxvmworker
[  8%] Building C object interpreter/CMakeFiles/rxtvm_instrumented_core_objects.dir/rxvmworker.c.o
[  8%] Building C object interpreter/CMakeFiles/rxtvm_instrumented_core_objects.dir/rxvmprogram.c.o
[  8%] Building C object interpreter/CMakeFiles/rxtvm_instrumented_core_objects.dir/rxvmexecutor.c.o
In file included from /Users/adrian/CLionProjects/CREXX/interpreter/rxvmexecutor.c:13:
/Users/adrian/CLionProjects/CREXX/interpreter/rxvmvars.h:2899:13: warning: 'sprintf' is deprecated: This function is provided for compatibility reasons only.  Due to security concerns inherent in the design of sprintf(3), it is highly recommended that you use snprintf(3) instead. [-Wdeprecated-declarations]
 2899 |             sprintf(formatted_output, scientific_format, coefficient, exponent);
      |             ^
/Library/Developer/CommandLineTools/SDKs/MacOSX.sdk/usr/include/_stdio.h:278:1: note: 'sprintf' has been explicitly marked deprecated here
  278 | __deprecated_msg("This function is provided for compatibility reasons only.  Due to security concerns inherent in the design of sprintf(3), it is highly recommended that you use snprintf(3) instead.")
      | ^
/Library/Developer/CommandLineTools/SDKs/MacOSX.sdk/usr/include/sys/cdefs.h:227:48: note: expanded from macro '__deprecated_msg'
  227 |         #define __deprecated_msg(_msg) __attribute__((__deprecated__(_msg)))
      |                                                       ^
In file included from /Users/adrian/CLionProjects/CREXX/interpreter/rxvmexecutor.c:13:
/Users/adrian/CLionProjects/CREXX/interpreter/rxvmvars.h:3034:5: warning: 'sprintf' is deprecated: This function is provided for compatibility reasons only.  Due to security concerns inherent in the design of sprintf(3), it is highly recommended that you use snprintf(3) instead. [-Wdeprecated-declarations]
 3034 |     sprintf(formatted_output, engineering_format, eng_exp);
      |     ^
/Library/Developer/CommandLineTools/SDKs/MacOSX.sdk/usr/include/_stdio.h:278:1: note: 'sprintf' has been explicitly marked deprecated here
  278 | __deprecated_msg("This function is provided for compatibility reasons only.  Due to security concerns inherent in the design of sprintf(3), it is highly recommended that you use snprintf(3) instead.")
      | ^
/Library/Developer/CommandLineTools/SDKs/MacOSX.sdk/usr/include/sys/cdefs.h:227:48: note: expanded from macro '__deprecated_msg'
  227 |         #define __deprecated_msg(_msg) __attribute__((__deprecated__(_msg)))
      |                                                       ^
2 warnings generated.
2 warnings generated.
[  8%] Building C object interpreter/CMakeFiles/rxtvm_instrumented_core_objects.dir/rxvmchannel.c.o
[  8%] Building C object interpreter/CMakeFiles/rxtvm_core_objects.dir/rxvmworker.c.o
[  8%] Building C object interpreter/CMakeFiles/rxtvm_core_objects.dir/rxvmprogram.c.o
[  8%] Building C object interpreter/CMakeFiles/rxtvm_core_objects.dir/rxvmexecutor.c.o
[  8%] Building C object lib/plugins/CMakeFiles/_rxpa_session_failure.dir/__/__/interpreter/tests/rxpa_session_failure_plugin.c.o
In file included from /Users/adrian/CLionProjects/CREXX/interpreter/rxvmexecutor.c:13:
/Users/adrian/CLionProjects/CREXX/interpreter/rxvmvars.h:2899:13: warning: 'sprintf' is deprecated: This function is provided for compatibility reasons only.  Due to security concerns inherent in the design of sprintf(3), it is highly recommended that you use snprintf(3) instead. [-Wdeprecated-declarations]
 2899 |             sprintf(formatted_output, scientific_format, coefficient, exponent);
      |             ^
/Library/Developer/CommandLineTools/SDKs/MacOSX.sdk/usr/include/_stdio.h:278:1: note: 'sprintf' has been explicitly marked deprecated here
  278 | __deprecated_msg("This function is provided for compatibility reasons only.  Due to security concerns inherent in the design of sprintf(3), it is highly recommended that you use snprintf(3) instead.")
      | ^
/Library/Developer/CommandLineTools/SDKs/MacOSX.sdk/usr/include/sys/cdefs.h:227:48: note: expanded from macro '__deprecated_msg'
  227 |         #define __deprecated_msg(_msg) __attribute__((__deprecated__(_msg)))
      |                                                       ^
In file included from /Users/adrian/CLionProjects/CREXX/interpreter/rxvmexecutor.c:13:
/Users/adrian/CLionProjects/CREXX/interpreter/rxvmvars.h:3034:5: warning: 'sprintf' is deprecated: This function is provided for compatibility reasons only.  Due to security concerns inherent in the design of sprintf(3), it is highly recommended that you use snprintf(3) instead. [-Wdeprecated-declarations]
 3034 |     sprintf(formatted_output, engineering_format, eng_exp);
      |     ^
/Library/Developer/CommandLineTools/SDKs/MacOSX.sdk/usr/include/_stdio.h:278:1: note: 'sprintf' has been explicitly marked deprecated here
  278 | __deprecated_msg("This function is provided for compatibility reasons only.  Due to security concerns inherent in the design of sprintf(3), it is highly recommended that you use snprintf(3) instead.")
      | ^
/Library/Developer/CommandLineTools/SDKs/MacOSX.sdk/usr/include/sys/cdefs.h:227:48: note: expanded from macro '__deprecated_msg'
  227 |         #define __deprecated_msg(_msg) __attribute__((__deprecated__(_msg)))
      |                                                       ^
[  8%] Linking C shared module ../../bin/rx_rxpa_session_failure.rxplugin
[  8%] Built target _rxpa_session_failure
2 warnings generated.
[  8%] Building C object interpreter/CMakeFiles/rxtvm_core_objects.dir/rxvmchannel.c.o
[  8%] Building C object lib/plugins/stats/CMakeFiles/stats.dir/rxstats.c.o
[  8%] Linking C shared module ../../../bin/rxstats.rxplugin
[  8%] Building C object interpreter/CMakeFiles/rxtvm_core_objects.dir/rxvmchannel_process.c.o
[  8%] Built target stats
[  8%] Building C object lib/plugins/stats/CMakeFiles/stats_static.dir/rxstats.c.o
[  8%] Building C object interpreter/CMakeFiles/rxtvm_core_objects.dir/rxvmprocessworker.c.o
[  8%] Linking C static library ../../../bin/rxstats_static.a
[  8%] Building C object interpreter/CMakeFiles/rxtvm_core_objects.dir/rxvmbyteendpoint.c.o
[  8%] Building C object interpreter/CMakeFiles/rxtvm_core_objects.dir/rxvmchannel_byte.c.o
[  8%] Built target stats_static
[  8%] Building C object interpreter/CMakeFiles/rxtvm_instrumented_core_objects.dir/rxvmchannel_process.c.o
[  8%] Building C object interpreter/CMakeFiles/rxtvm_core_objects.dir/rxvmchannel_child.c.o
[  8%] Building C object interpreter/CMakeFiles/rxtvm_instrumented_core_objects.dir/rxvmprocessworker.c.o
[  8%] Building C object interpreter/CMakeFiles/rxtvm_instrumented_core_objects.dir/rxvmbyteendpoint.c.o
[  8%] Building C object interpreter/CMakeFiles/rxtvm_core_objects.dir/rxvmactive.c.o
[  9%] Building C object interpreter/CMakeFiles/rxtvm_instrumented_core_objects.dir/rxvmchannel_byte.c.o
[  9%] Building C object interpreter/CMakeFiles/rxtvm_core_objects.dir/rxvmload.c.o
2 warnings generated.
[  9%] Building C object interpreter/CMakeFiles/rxbvm_instrumented_core_objects.dir/rxvmworker.c.o
In file included from /Users/adrian/CLionProjects/CREXX/interpreter/rxvmload.c:45:
/Users/adrian/CLionProjects/CREXX/interpreter/rxvmvars.h:2899:13: warning: 'sprintf' is deprecated: This function is provided for compatibility reasons only.  Due to security concerns inherent in the design of sprintf(3), it is highly recommended that you use snprintf(3) instead. [-Wdeprecated-declarations]
 2899 |             sprintf(formatted_output, scientific_format, coefficient, exponent);
      |             ^
/Library/Developer/CommandLineTools/SDKs/MacOSX.sdk/usr/include/_stdio.h:278:1: note: 'sprintf' has been explicitly marked deprecated here
  278 | __deprecated_msg("This function is provided for compatibility reasons only.  Due to security concerns inherent in the design of sprintf(3), it is highly recommended that you use snprintf(3) instead.")
      | ^
/Library/Developer/CommandLineTools/SDKs/MacOSX.sdk/usr/include/sys/cdefs.h:227:48: note: expanded from macro '__deprecated_msg'
  227 |         #define __deprecated_msg(_msg) __attribute__((__deprecated__(_msg)))
      |                                                       ^
In file included from /Users/adrian/CLionProjects/CREXX/interpreter/rxvmload.c:45:
/Users/adrian/CLionProjects/CREXX/interpreter/rxvmvars.h:3034:5: warning: 'sprintf' is deprecated: This function is provided for compatibility reasons only.  Due to security concerns inherent in the design of sprintf(3), it is highly recommended that you use snprintf(3) instead. [-Wdeprecated-declarations]
 3034 |     sprintf(formatted_output, engineering_format, eng_exp);
      |     ^
/Library/Developer/CommandLineTools/SDKs/MacOSX.sdk/usr/include/_stdio.h:278:1: note: 'sprintf' has been explicitly marked deprecated here
  278 | __deprecated_msg("This function is provided for compatibility reasons only.  Due to security concerns inherent in the design of sprintf(3), it is highly recommended that you use snprintf(3) instead.")
      | ^
/Library/Developer/CommandLineTools/SDKs/MacOSX.sdk/usr/include/sys/cdefs.h:227:48: note: expanded from macro '__deprecated_msg'
  227 |         #define __deprecated_msg(_msg) __attribute__((__deprecated__(_msg)))
      |                                                       ^
/Users/adrian/CLionProjects/CREXX/interpreter/rxvmload.c:1303:18: warning: 'sprintf' is deprecated: This function is provided for compatibility reasons only.  Due to security concerns inherent in the design of sprintf(3), it is highly recommended that you use snprintf(3) instead. [-Wdeprecated-declarations]
 1303 |             else sprintf(full_file_name, "%s.rxplugin", file_name);
      |                  ^
/Library/Developer/CommandLineTools/SDKs/MacOSX.sdk/usr/include/_stdio.h:278:1: note: 'sprintf' has been explicitly marked deprecated here
  278 | __deprecated_msg("This function is provided for compatibility reasons only.  Due to security concerns inherent in the design of sprintf(3), it is highly recommended that you use snprintf(3) instead.")
      | ^
/Library/Developer/CommandLineTools/SDKs/MacOSX.sdk/usr/include/sys/cdefs.h:227:48: note: expanded from macro '__deprecated_msg'
  227 |         #define __deprecated_msg(_msg) __attribute__((__deprecated__(_msg)))
      |                                                       ^
[  9%] Building C object interpreter/CMakeFiles/rxtvm_instrumented_core_objects.dir/rxvmchannel_child.c.o
[  9%] Building C object interpreter/CMakeFiles/rxbvm_instrumented_core_objects.dir/rxvmprogram.c.o
2 warnings generated.
3 warnings generated.
[  9%] Building C object interpreter/CMakeFiles/rxbvm_instrumented_core_objects.dir/rxvmexecutor.c.o
[  9%] Building C object interpreter/CMakeFiles/rxtvm_core_objects.dir/interrupt.c.o
[  9%] Building C object interpreter/CMakeFiles/rxtvm_instrumented_core_objects.dir/rxvmload.c.o
[  9%] Building C object interpreter/CMakeFiles/rxtvm_instrumented_core_objects.dir/rxvmactive.c.o
In file included from /Users/adrian/CLionProjects/CREXX/interpreter/rxvmexecutor.c:13:
/Users/adrian/CLionProjects/CREXX/interpreter/rxvmvars.h:2899:13: warning: 'sprintf' is deprecated: This function is provided for compatibility reasons only.  Due to security concerns inherent in the design of sprintf(3), it is highly recommended that you use snprintf(3) instead. [-Wdeprecated-declarations]
 2899 |             sprintf(formatted_output, scientific_format, coefficient, exponent);
      |             ^
/Library/Developer/CommandLineTools/SDKs/MacOSX.sdk/usr/include/_stdio.h:278:1: note: 'sprintf' has been explicitly marked deprecated here
  278 | __deprecated_msg("This function is provided for compatibility reasons only.  Due to security concerns inherent in the design of sprintf(3), it is highly recommended that you use snprintf(3) instead.")
      | ^
/Library/Developer/CommandLineTools/SDKs/MacOSX.sdk/usr/include/sys/cdefs.h:227:48: note: expanded from macro '__deprecated_msg'
  227 |         #define __deprecated_msg(_msg) __attribute__((__deprecated__(_msg)))
      |                                                       ^
In file included from /Users/adrian/CLionProjects/CREXX/interpreter/rxvmexecutor.c:13:
/Users/adrian/CLionProjects/CREXX/interpreter/rxvmvars.h:3034:5: warning: 'sprintf' is deprecated: This function is provided for compatibility reasons only.  Due to security concerns inherent in the design of sprintf(3), it is highly recommended that you use snprintf(3) instead. [-Wdeprecated-declarations]
 3034 |     sprintf(formatted_output, engineering_format, eng_exp);
      |     ^
/Library/Developer/CommandLineTools/SDKs/MacOSX.sdk/usr/include/_stdio.h:278:1: note: 'sprintf' has been explicitly marked deprecated here
  278 | __deprecated_msg("This function is provided for compatibility reasons only.  Due to security concerns inherent in the design of sprintf(3), it is highly recommended that you use snprintf(3) instead.")
      | ^
/Library/Developer/CommandLineTools/SDKs/MacOSX.sdk/usr/include/sys/cdefs.h:227:48: note: expanded from macro '__deprecated_msg'
  227 |         #define __deprecated_msg(_msg) __attribute__((__deprecated__(_msg)))
      |                                                       ^
In file included from /Users/adrian/CLionProjects/CREXX/interpreter/rxvmload.c:45:
/Users/adrian/CLionProjects/CREXX/interpreter/rxvmvars.h:2899:13: warning: 'sprintf' is deprecated: This function is provided for compatibility reasons only.  Due to security concerns inherent in the design of sprintf(3), it is highly recommended that you use snprintf(3) instead. [-Wdeprecated-declarations]
 2899 |             sprintf(formatted_output, scientific_format, coefficient, exponent);
      |             ^
/Library/Developer/CommandLineTools/SDKs/MacOSX.sdk/usr/include/_stdio.h:278:1: note: 'sprintf' has been explicitly marked deprecated here
  278 | __deprecated_msg("This function is provided for compatibility reasons only.  Due to security concerns inherent in the design of sprintf(3), it is highly recommended that you use snprintf(3) instead.")
      | ^
/Library/Developer/CommandLineTools/SDKs/MacOSX.sdk/usr/include/sys/cdefs.h:227:48: note: expanded from macro '__deprecated_msg'
  227 |         #define __deprecated_msg(_msg) __attribute__((__deprecated__(_msg)))
      |                                                       ^
In file included from /Users/adrian/CLionProjects/CREXX/interpreter/rxvmload.c:45:
/Users/adrian/CLionProjects/CREXX/interpreter/rxvmvars.h:3034:5: warning: 'sprintf' is deprecated: This function is provided for compatibility reasons only.  Due to security concerns inherent in the design of sprintf(3), it is highly recommended that you use snprintf(3) instead. [-Wdeprecated-declarations]
 3034 |     sprintf(formatted_output, engineering_format, eng_exp);
      |     ^
/Library/Developer/CommandLineTools/SDKs/MacOSX.sdk/usr/include/_stdio.h:278:1: note: 'sprintf' has been explicitly marked deprecated here
  278 | __deprecated_msg("This function is provided for compatibility reasons only.  Due to security concerns inherent in the design of sprintf(3), it is highly recommended that you use snprintf(3) instead.")
      | ^
/Library/Developer/CommandLineTools/SDKs/MacOSX.sdk/usr/include/sys/cdefs.h:227:48: note: expanded from macro '__deprecated_msg'
  227 |         #define __deprecated_msg(_msg) __attribute__((__deprecated__(_msg)))
      |                                                       ^
/Users/adrian/CLionProjects/CREXX/interpreter/rxvmload.c:1303:18: warning: 'sprintf' is deprecated: This function is provided for compatibility reasons only.  Due to security concerns inherent in the design of sprintf(3), it is highly recommended that you use snprintf(3) instead. [-Wdeprecated-declarations]
 1303 |             else sprintf(full_file_name, "%s.rxplugin", file_name);
      |                  ^
/Library/Developer/CommandLineTools/SDKs/MacOSX.sdk/usr/include/_stdio.h:278:1: note: 'sprintf' has been explicitly marked deprecated here
  278 | __deprecated_msg("This function is provided for compatibility reasons only.  Due to security concerns inherent in the design of sprintf(3), it is highly recommended that you use snprintf(3) instead.")
      | ^
/Library/Developer/CommandLineTools/SDKs/MacOSX.sdk/usr/include/sys/cdefs.h:227:48: note: expanded from macro '__deprecated_msg'
  227 |         #define __deprecated_msg(_msg) __attribute__((__deprecated__(_msg)))
      |                                                       ^
[  9%] Building C object interpreter/CMakeFiles/rxtvm_instrumented_core_objects.dir/interrupt.c.o
[  9%] Building C object interpreter/CMakeFiles/rxtvm_core_objects.dir/rxspawn.c.o
In file included from /Users/adrian/CLionProjects/CREXX/interpreter/rxspawn.c:68:
/Users/adrian/CLionProjects/CREXX/interpreter/rxvmvars.h:2899:13: warning: 'sprintf' is deprecated: This function is provided for compatibility reasons only.  Due to security concerns inherent in the design of sprintf(3), it is highly recommended that you use snprintf(3) instead. [-Wdeprecated-declarations]
 2899 |             sprintf(formatted_output, scientific_format, coefficient, exponent);
      |             ^
/Library/Developer/CommandLineTools/SDKs/MacOSX.sdk/usr/include/_stdio.h:278:1: note: 'sprintf' has been explicitly marked deprecated here
  278 | __deprecated_msg("This function is provided for compatibility reasons only.  Due to security concerns inherent in the design of sprintf(3), it is highly recommended that you use snprintf(3) instead.")
      | ^
/Library/Developer/CommandLineTools/SDKs/MacOSX.sdk/usr/include/sys/cdefs.h:227:48: note: expanded from macro '__deprecated_msg'
  227 |         #define __deprecated_msg(_msg) __attribute__((__deprecated__(_msg)))
      |                                                       ^
2 warnings generated.
In file included from /Users/adrian/CLionProjects/CREXX/interpreter/rxspawn.c:68:
/Users/adrian/CLionProjects/CREXX/interpreter/rxvmvars.h:3034:5: warning: 'sprintf' is deprecated: This function is provided for compatibility reasons only.  Due to security concerns inherent in the design of sprintf(3), it is highly recommended that you use snprintf(3) instead. [-Wdeprecated-declarations]
 3034 |     sprintf(formatted_output, engineering_format, eng_exp);
      |     ^
/Library/Developer/CommandLineTools/SDKs/MacOSX.sdk/usr/include/_stdio.h:278:1: note: 'sprintf' has been explicitly marked deprecated here
  278 | __deprecated_msg("This function is provided for compatibility reasons only.  Due to security concerns inherent in the design of sprintf(3), it is highly recommended that you use snprintf(3) instead.")
      | ^
/Library/Developer/CommandLineTools/SDKs/MacOSX.sdk/usr/include/sys/cdefs.h:227:48: note: expanded from macro '__deprecated_msg'
  227 |         #define __deprecated_msg(_msg) __attribute__((__deprecated__(_msg)))
      |                                                       ^
/Users/adrian/CLionProjects/CREXX/interpreter/rxspawn.c:924:9: warning: 'sprintf' is deprecated: This function is provided for compatibility reasons only.  Due to security concerns inherent in the design of sprintf(3), it is highly recommended that you use snprintf(3) instead. [-Wdeprecated-declarations]
  924 |         sprintf(candidate, "%s/%s", directory, exe);
      |         ^
/Library/Developer/CommandLineTools/SDKs/MacOSX.sdk/usr/include/_stdio.h:278:1: note: 'sprintf' has been explicitly marked deprecated here
  278 | __deprecated_msg("This function is provided for compatibility reasons only.  Due to security concerns inherent in the design of sprintf(3), it is highly recommended that you use snprintf(3) instead.")
      | ^
/Library/Developer/CommandLineTools/SDKs/MacOSX.sdk/usr/include/sys/cdefs.h:227:48: note: expanded from macro '__deprecated_msg'
  227 |         #define __deprecated_msg(_msg) __attribute__((__deprecated__(_msg)))
      |                                                       ^
[  9%] Building C object interpreter/CMakeFiles/rxtvm_instrumented_core_objects.dir/rxspawn.c.o
3 warnings generated.
[  9%] Building C object interpreter/CMakeFiles/rxbvm_instrumented_core_objects.dir/rxvmchannel.c.o
[  9%] Building C object interpreter/CMakeFiles/rxtvm_instrumented_core_objects.dir/rxenv.c.o
In file included from /Users/adrian/CLionProjects/CREXX/interpreter/rxspawn.c:68:
/Users/adrian/CLionProjects/CREXX/interpreter/rxvmvars.h:2899:13: warning: 'sprintf' is deprecated: This function is provided for compatibility reasons only.  Due to security concerns inherent in the design of sprintf(3), it is highly recommended that you use snprintf(3) instead. [-Wdeprecated-declarations]
 2899 |             sprintf(formatted_output, scientific_format, coefficient, exponent);
      |             ^
/Library/Developer/CommandLineTools/SDKs/MacOSX.sdk/usr/include/_stdio.h:278:1: note: 'sprintf' has been explicitly marked deprecated here
  278 | __deprecated_msg("This function is provided for compatibility reasons only.  Due to security concerns inherent in the design of sprintf(3), it is highly recommended that you use snprintf(3) instead.")
      | ^
/Library/Developer/CommandLineTools/SDKs/MacOSX.sdk/usr/include/sys/cdefs.h:227:48: note: expanded from macro '__deprecated_msg'
  227 |         #define __deprecated_msg(_msg) __attribute__((__deprecated__(_msg)))
      |                                                       ^
In file included from /Users/adrian/CLionProjects/CREXX/interpreter/rxspawn.c:68:
/Users/adrian/CLionProjects/CREXX/interpreter/rxvmvars.h:3034:5: warning: 'sprintf' is deprecated: This function is provided for compatibility reasons only.  Due to security concerns inherent in the design of sprintf(3), it is highly recommended that you use snprintf(3) instead. [-Wdeprecated-declarations]
 3034 |     sprintf(formatted_output, engineering_format, eng_exp);
      |     ^
/Library/Developer/CommandLineTools/SDKs/MacOSX.sdk/usr/include/_stdio.h:278:1: note: 'sprintf' has been explicitly marked deprecated here
  278 | __deprecated_msg("This function is provided for compatibility reasons only.  Due to security concerns inherent in the design of sprintf(3), it is highly recommended that you use snprintf(3) instead.")
      | ^
/Library/Developer/CommandLineTools/SDKs/MacOSX.sdk/usr/include/sys/cdefs.h:227:48: note: expanded from macro '__deprecated_msg'
  227 |         #define __deprecated_msg(_msg) __attribute__((__deprecated__(_msg)))
      |                                                       ^
/Users/adrian/CLionProjects/CREXX/interpreter/rxspawn.c:924:9: warning: 'sprintf' is deprecated: This function is provided for compatibility reasons only.  Due to security concerns inherent in the design of sprintf(3), it is highly recommended that you use snprintf(3) instead. [-Wdeprecated-declarations]
  924 |         sprintf(candidate, "%s/%s", directory, exe);
      |         ^
/Library/Developer/CommandLineTools/SDKs/MacOSX.sdk/usr/include/_stdio.h:278:1: note: 'sprintf' has been explicitly marked deprecated here
  278 | __deprecated_msg("This function is provided for compatibility reasons only.  Due to security concerns inherent in the design of sprintf(3), it is highly recommended that you use snprintf(3) instead.")
      | ^
/Library/Developer/CommandLineTools/SDKs/MacOSX.sdk/usr/include/sys/cdefs.h:227:48: note: expanded from macro '__deprecated_msg'
  227 |         #define __deprecated_msg(_msg) __attribute__((__deprecated__(_msg)))
      |                                                       ^
[  9%] Building C object interpreter/CMakeFiles/rxtvm_instrumented_core_objects.dir/rxcrexxcmd.c.o
3 warnings generated.
[  9%] Building C object interpreter/CMakeFiles/rxtvm_core_objects.dir/rxenv.c.o
[  9%] Building C object interpreter/CMakeFiles/rxbvm_instrumented_core_objects.dir/rxvmchannel_process.c.o
3 warnings generated.
[  9%] Building C object interpreter/CMakeFiles/rxtvm_core_objects.dir/rxcrexxcmd.c.o
[  9%] Building C object interpreter/CMakeFiles/rxtvm_instrumented_core_objects.dir/exitfunc.c.o
[  9%] Building C object lib/plugins/vector/CMakeFiles/vector.dir/rxvector.c.o
[  9%] Building C object interpreter/CMakeFiles/rxtvm_instrumented_core_objects.dir/rxpacallmethod.c.o
[  9%] Building C object interpreter/CMakeFiles/rxbvm_instrumented_core_objects.dir/rxvmprocessworker.c.o
In file included from /Users/adrian/CLionProjects/CREXX/interpreter/rxpacallmethod.c:32:
/Users/adrian/CLionProjects/CREXX/interpreter/rxvmvars.h:2899:13: warning: 'sprintf' is deprecated: This function is provided for compatibility reasons only.  Due to security concerns inherent in the design of sprintf(3), it is highly recommended that you use snprintf(3) instead. [-Wdeprecated-declarations]
 2899 |             sprintf(formatted_output, scientific_format, coefficient, exponent);
      |             ^
/Library/Developer/CommandLineTools/SDKs/MacOSX.sdk/usr/include/_stdio.h:278:1: note: 'sprintf' has been explicitly marked deprecated here
  278 | __deprecated_msg("This function is provided for compatibility reasons only.  Due to security concerns inherent in the design of sprintf(3), it is highly recommended that you use snprintf(3) instead.")
      | ^
/Library/Developer/CommandLineTools/SDKs/MacOSX.sdk/usr/include/sys/cdefs.h:227:48: note: expanded from macro '__deprecated_msg'
  227 |         #define __deprecated_msg(_msg) __attribute__((__deprecated__(_msg)))
      |                                                       ^
In file included from /Users/adrian/CLionProjects/CREXX/interpreter/rxpacallmethod.c:32:
/Users/adrian/CLionProjects/CREXX/interpreter/rxvmvars.h:3034:5: warning: 'sprintf' is deprecated: This function is provided for compatibility reasons only.  Due to security concerns inherent in the design of sprintf(3), it is highly recommended that you use snprintf(3) instead. [-Wdeprecated-declarations]
 3034 |     sprintf(formatted_output, engineering_format, eng_exp);
      |     ^
/Library/Developer/CommandLineTools/SDKs/MacOSX.sdk/usr/include/_stdio.h:278:1: note: 'sprintf' has been explicitly marked deprecated here
  278 | __deprecated_msg("This function is provided for compatibility reasons only.  Due to security concerns inherent in the design of sprintf(3), it is highly recommended that you use snprintf(3) instead.")
      | ^
/Library/Developer/CommandLineTools/SDKs/MacOSX.sdk/usr/include/sys/cdefs.h:227:48: note: expanded from macro '__deprecated_msg'
  227 |         #define __deprecated_msg(_msg) __attribute__((__deprecated__(_msg)))
      |                                                       ^
[  9%] Building C object interpreter/CMakeFiles/rxtvm_core_objects.dir/exitfunc.c.o
[  9%] Building C object interpreter/CMakeFiles/rxbvm_instrumented_core_objects.dir/rxvmbyteendpoint.c.o
[  9%] Building C object lib/plugins/vector/CMakeFiles/vector.dir/rxvector_index.c.o
2 warnings generated.
[  9%] Building C object interpreter/CMakeFiles/rxtvm_instrumented_core_objects.dir/rxpafuncs.c.o
[  9%] Building C object interpreter/CMakeFiles/rxbvm_instrumented_core_objects.dir/rxvmchannel_byte.c.o
[  9%] Building C object interpreter/CMakeFiles/rxtvm_core_objects.dir/rxpacallmethod.c.o
[  9%] Linking C shared module ../../../bin/rxvector.rxplugin
In file included from /Users/adrian/CLionProjects/CREXX/interpreter/rxpafuncs.c:34:
/Users/adrian/CLionProjects/CREXX/interpreter/rxvmvars.h:2899:13: warning: 'sprintf' is deprecated: This function is provided for compatibility reasons only.  Due to security concerns inherent in the design of sprintf(3), it is highly recommended that you use snprintf(3) instead. [-Wdeprecated-declarations]
 2899 |             sprintf(formatted_output, scientific_format, coefficient, exponent);
      |             ^
/Library/Developer/CommandLineTools/SDKs/MacOSX.sdk/usr/include/_stdio.h:278:1: note: 'sprintf' has been explicitly marked deprecated here
  278 | __deprecated_msg("This function is provided for compatibility reasons only.  Due to security concerns inherent in the design of sprintf(3), it is highly recommended that you use snprintf(3) instead.")
      | ^
/Library/Developer/CommandLineTools/SDKs/MacOSX.sdk/usr/include/sys/cdefs.h:227:48: note: expanded from macro '__deprecated_msg'
  227 |         #define __deprecated_msg(_msg) __attribute__((__deprecated__(_msg)))
      |                                                       ^
In file included from /Users/adrian/CLionProjects/CREXX/interpreter/rxpafuncs.c:34:
/Users/adrian/CLionProjects/CREXX/interpreter/rxvmvars.h:3034:5: warning: 'sprintf' is deprecated: This function is provided for compatibility reasons only.  Due to security concerns inherent in the design of sprintf(3), it is highly recommended that you use snprintf(3) instead. [-Wdeprecated-declarations]
 3034 |     sprintf(formatted_output, engineering_format, eng_exp);
      |     ^
/Library/Developer/CommandLineTools/SDKs/MacOSX.sdk/usr/include/_stdio.h:278:1: note: 'sprintf' has been explicitly marked deprecated here
  278 | __deprecated_msg("This function is provided for compatibility reasons only.  Due to security concerns inherent in the design of sprintf(3), it is highly recommended that you use snprintf(3) instead.")
      | ^
/Library/Developer/CommandLineTools/SDKs/MacOSX.sdk/usr/include/sys/cdefs.h:227:48: note: expanded from macro '__deprecated_msg'
  227 |         #define __deprecated_msg(_msg) __attribute__((__deprecated__(_msg)))
      |                                                       ^
In file included from /Users/adrian/CLionProjects/CREXX/interpreter/rxpacallmethod.c:32:
/Users/adrian/CLionProjects/CREXX/interpreter/rxvmvars.h:2899:13: warning: 'sprintf' is deprecated: This function is provided for compatibility reasons only.  Due to security concerns inherent in the design of sprintf(3), it is highly recommended that you use snprintf(3) instead. [-Wdeprecated-declarations]
 2899 |             sprintf(formatted_output, scientific_format, coefficient, exponent);
      |             ^
/Library/Developer/CommandLineTools/SDKs/MacOSX.sdk/usr/include/_stdio.h:278:1: note: 'sprintf' has been explicitly marked deprecated here
  278 | __deprecated_msg("This function is provided for compatibility reasons only.  Due to security concerns inherent in the design of sprintf(3), it is highly recommended that you use snprintf(3) instead.")
      | ^
/Library/Developer/CommandLineTools/SDKs/MacOSX.sdk/usr/include/sys/cdefs.h:227:48: note: expanded from macro '__deprecated_msg'
  227 |         #define __deprecated_msg(_msg) __attribute__((__deprecated__(_msg)))
      |                                                       ^
In file included from /Users/adrian/CLionProjects/CREXX/interpreter/rxpacallmethod.c:32:
/Users/adrian/CLionProjects/CREXX/interpreter/rxvmvars.h:3034:5: warning: 'sprintf' is deprecated: This function is provided for compatibility reasons only.  Due to security concerns inherent in the design of sprintf(3), it is highly recommended that you use snprintf(3) instead. [-Wdeprecated-declarations]
 3034 |     sprintf(formatted_output, engineering_format, eng_exp);
      |     ^
/Library/Developer/CommandLineTools/SDKs/MacOSX.sdk/usr/include/_stdio.h:278:1: note: 'sprintf' has been explicitly marked deprecated here
  278 | __deprecated_msg("This function is provided for compatibility reasons only.  Due to security concerns inherent in the design of sprintf(3), it is highly recommended that you use snprintf(3) instead.")
      | ^
/Library/Developer/CommandLineTools/SDKs/MacOSX.sdk/usr/include/sys/cdefs.h:227:48: note: expanded from macro '__deprecated_msg'
  227 |         #define __deprecated_msg(_msg) __attribute__((__deprecated__(_msg)))
      |                                                       ^
2 warnings generated.
2 warnings generated.
[  9%] Building C object interpreter/CMakeFiles/rxtvm_instrumented_core_objects.dir/rxvml/rxvm_run.c.o
[  9%] Building C object interpreter/CMakeFiles/rxbvm_instrumented_core_objects.dir/rxvmchannel_child.c.o
[  9%] Building C object interpreter/CMakeFiles/rxtvm_core_objects.dir/rxpafuncs.c.o
[  9%] Built target vector
[  9%] Building C object lib/plugins/vector/CMakeFiles/vector_static.dir/rxvector.c.o
In file included from /Users/adrian/CLionProjects/CREXX/interpreter/rxvml/rxvm_run.c:30:
/Users/adrian/CLionProjects/CREXX/interpreter/rxvml/../rxvmvars.h:2899:13: warning: 'sprintf' is deprecated: This function is provided for compatibility reasons only.  Due to security concerns inherent in the design of sprintf(3), it is highly recommended that you use snprintf(3) instead. [-Wdeprecated-declarations]
 2899 |             sprintf(formatted_output, scientific_format, coefficient, exponent);
      |             ^
/Library/Developer/CommandLineTools/SDKs/MacOSX.sdk/usr/include/_stdio.h:278:1: note: 'sprintf' has been explicitly marked deprecated here
  278 | __deprecated_msg("This function is provided for compatibility reasons only.  Due to security concerns inherent in the design of sprintf(3), it is highly recommended that you use snprintf(3) instead.")
      | ^
/Library/Developer/CommandLineTools/SDKs/MacOSX.sdk/usr/include/sys/cdefs.h:227:48: note: expanded from macro '__deprecated_msg'
  227 |         #define __deprecated_msg(_msg) __attribute__((__deprecated__(_msg)))
      |                                                       ^
In file included from /Users/adrian/CLionProjects/CREXX/interpreter/rxvml/rxvm_run.c:30:
/Users/adrian/CLionProjects/CREXX/interpreter/rxvml/../rxvmvars.h:3034:5: warning: 'sprintf' is deprecated: This function is provided for compatibility reasons only.  Due to security concerns inherent in the design of sprintf(3), it is highly recommended that you use snprintf(3) instead. [-Wdeprecated-declarations]
 3034 |     sprintf(formatted_output, engineering_format, eng_exp);
      |     ^
/Library/Developer/CommandLineTools/SDKs/MacOSX.sdk/usr/include/_stdio.h:278:1: note: 'sprintf' has been explicitly marked deprecated here
  278 | __deprecated_msg("This function is provided for compatibility reasons only.  Due to security concerns inherent in the design of sprintf(3), it is highly recommended that you use snprintf(3) instead.")
      | ^
/Library/Developer/CommandLineTools/SDKs/MacOSX.sdk/usr/include/sys/cdefs.h:227:48: note: expanded from macro '__deprecated_msg'
  227 |         #define __deprecated_msg(_msg) __attribute__((__deprecated__(_msg)))
      |                                                       ^
In file included from /Users/adrian/CLionProjects/CREXX/interpreter/rxpafuncs.c:34:
/Users/adrian/CLionProjects/CREXX/interpreter/rxvmvars.h:2899:13: warning: 'sprintf' is deprecated: This function is provided for compatibility reasons only.  Due to security concerns inherent in the design of sprintf(3), it is highly recommended that you use snprintf(3) instead. [-Wdeprecated-declarations]
 2899 |             sprintf(formatted_output, scientific_format, coefficient, exponent);
      |             ^
/Library/Developer/CommandLineTools/SDKs/MacOSX.sdk/usr/include/_stdio.h:278:1: note: 'sprintf' has been explicitly marked deprecated here
  278 | __deprecated_msg("This function is provided for compatibility reasons only.  Due to security concerns inherent in the design of sprintf(3), it is highly recommended that you use snprintf(3) instead.")
      | ^
/Library/Developer/CommandLineTools/SDKs/MacOSX.sdk/usr/include/sys/cdefs.h:227:48: note: expanded from macro '__deprecated_msg'
  227 |         #define __deprecated_msg(_msg) __attribute__((__deprecated__(_msg)))
      |                                                       ^
In file included from /Users/adrian/CLionProjects/CREXX/interpreter/rxpafuncs.c:34:
/Users/adrian/CLionProjects/CREXX/interpreter/rxvmvars.h:3034:5: warning: 'sprintf' is deprecated: This function is provided for compatibility reasons only.  Due to security concerns inherent in the design of sprintf(3), it is highly recommended that you use snprintf(3) instead. [-Wdeprecated-declarations]
 3034 |     sprintf(formatted_output, engineering_format, eng_exp);
      |     ^
/Library/Developer/CommandLineTools/SDKs/MacOSX.sdk/usr/include/_stdio.h:278:1: note: 'sprintf' has been explicitly marked deprecated here
  278 | __deprecated_msg("This function is provided for compatibility reasons only.  Due to security concerns inherent in the design of sprintf(3), it is highly recommended that you use snprintf(3) instead.")
      | ^
/Library/Developer/CommandLineTools/SDKs/MacOSX.sdk/usr/include/sys/cdefs.h:227:48: note: expanded from macro '__deprecated_msg'
  227 |         #define __deprecated_msg(_msg) __attribute__((__deprecated__(_msg)))
      |                                                       ^
2 warnings generated.
[  9%] Building C object interpreter/CMakeFiles/rxbvm_instrumented_core_objects.dir/rxvmactive.c.o
[  9%] Built target rxtvm_instrumented_core_objects
2 warnings generated.
[  9%] Building C object interpreter/CMakeFiles/rxtvm_core_objects.dir/rxvml/rxvm_run.c.o
[  9%] Building C object lib/plugins/stack/CMakeFiles/_stack.dir/stack.c.o
[  9%] Building C object lib/plugins/vector/CMakeFiles/vector_static.dir/rxvector_index.c.o
[  9%] Building C object interpreter/CMakeFiles/rxbvm_instrumented_core_objects.dir/rxvmload.c.o
In file included from /Users/adrian/CLionProjects/CREXX/interpreter/rxvml/rxvm_run.c:30:
/Users/adrian/CLionProjects/CREXX/interpreter/rxvml/../rxvmvars.h:2899:13: warning: 'sprintf' is deprecated: This function is provided for compatibility reasons only.  Due to security concerns inherent in the design of sprintf(3), it is highly recommended that you use snprintf(3) instead. [-Wdeprecated-declarations]
 2899 |             sprintf(formatted_output, scientific_format, coefficient, exponent);
      |             ^
/Library/Developer/CommandLineTools/SDKs/MacOSX.sdk/usr/include/_stdio.h:278:1: note: 'sprintf' has been explicitly marked deprecated here
  278 | __deprecated_msg("This function is provided for compatibility reasons only.  Due to security concerns inherent in the design of sprintf(3), it is highly recommended that you use snprintf(3) instead.")
      | ^
/Library/Developer/CommandLineTools/SDKs/MacOSX.sdk/usr/include/sys/cdefs.h:227:48: note: expanded from macro '__deprecated_msg'
  227 |         #define __deprecated_msg(_msg) __attribute__((__deprecated__(_msg)))
      |                                                       ^
In file included from /Users/adrian/CLionProjects/CREXX/interpreter/rxvml/rxvm_run.c:30:
/Users/adrian/CLionProjects/CREXX/interpreter/rxvml/../rxvmvars.h:3034:5: warning: 'sprintf' is deprecated: This function is provided for compatibility reasons only.  Due to security concerns inherent in the design of sprintf(3), it is highly recommended that you use snprintf(3) instead. [-Wdeprecated-declarations]
 3034 |     sprintf(formatted_output, engineering_format, eng_exp);
      |     ^
/Library/Developer/CommandLineTools/SDKs/MacOSX.sdk/usr/include/_stdio.h:278:1: note: 'sprintf' has been explicitly marked deprecated here
  278 | __deprecated_msg("This function is provided for compatibility reasons only.  Due to security concerns inherent in the design of sprintf(3), it is highly recommended that you use snprintf(3) instead.")
      | ^
/Library/Developer/CommandLineTools/SDKs/MacOSX.sdk/usr/include/sys/cdefs.h:227:48: note: expanded from macro '__deprecated_msg'
  227 |         #define __deprecated_msg(_msg) __attribute__((__deprecated__(_msg)))
      |                                                       ^
[  9%] Linking C static library ../../../bin/rxvector_static.a
[  9%] Linking C shared module ../../../bin/rx_stack.rxplugin
2 warnings generated.
[ 10%] Built target rxtvm_core_objects
In file included from /Users/adrian/CLionProjects/CREXX/interpreter/rxvmload.c:45:
/Users/adrian/CLionProjects/CREXX/interpreter/rxvmvars.h:2899:13: warning: 'sprintf' is deprecated: This function is provided for compatibility reasons only.  Due to security concerns inherent in the design of sprintf(3), it is highly recommended that you use snprintf(3) instead. [-Wdeprecated-declarations]
 2899 |             sprintf(formatted_output, scientific_format, coefficient, exponent);
      |             ^
/Library/Developer/CommandLineTools/SDKs/MacOSX.sdk/usr/include/_stdio.h:278:1: note: 'sprintf' has been explicitly marked deprecated here
  278 | __deprecated_msg("This function is provided for compatibility reasons only.  Due to security concerns inherent in the design of sprintf(3), it is highly recommended that you use snprintf(3) instead.")
      | ^
/Library/Developer/CommandLineTools/SDKs/MacOSX.sdk/usr/include/sys/cdefs.h:227:48: note: expanded from macro '__deprecated_msg'
  227 |         #define __deprecated_msg(_msg) __attribute__((__deprecated__(_msg)))
      |                                                       ^
In file included from /Users/adrian/CLionProjects/CREXX/interpreter/rxvmload.c:45:
/Users/adrian/CLionProjects/CREXX/interpreter/rxvmvars.h:3034:5: warning: 'sprintf' is deprecated: This function is provided for compatibility reasons only.  Due to security concerns inherent in the design of sprintf(3), it is highly recommended that you use snprintf(3) instead. [-Wdeprecated-declarations]
 3034 |     sprintf(formatted_output, engineering_format, eng_exp);
      |     ^
/Library/Developer/CommandLineTools/SDKs/MacOSX.sdk/usr/include/_stdio.h:278:1: note: 'sprintf' has been explicitly marked deprecated here
  278 | __deprecated_msg("This function is provided for compatibility reasons only.  Due to security concerns inherent in the design of sprintf(3), it is highly recommended that you use snprintf(3) instead.")
      | ^
/Library/Developer/CommandLineTools/SDKs/MacOSX.sdk/usr/include/sys/cdefs.h:227:48: note: expanded from macro '__deprecated_msg'
  227 |         #define __deprecated_msg(_msg) __attribute__((__deprecated__(_msg)))
      |                                                       ^
/Users/adrian/CLionProjects/CREXX/interpreter/rxvmload.c:1303:18: warning: 'sprintf' is deprecated: This function is provided for compatibility reasons only.  Due to security concerns inherent in the design of sprintf(3), it is highly recommended that you use snprintf(3) instead. [-Wdeprecated-declarations]
 1303 |             else sprintf(full_file_name, "%s.rxplugin", file_name);
      |                  ^
/Library/Developer/CommandLineTools/SDKs/MacOSX.sdk/usr/include/_stdio.h:278:1: note: 'sprintf' has been explicitly marked deprecated here
  278 | __deprecated_msg("This function is provided for compatibility reasons only.  Due to security concerns inherent in the design of sprintf(3), it is highly recommended that you use snprintf(3) instead.")
      | ^
/Library/Developer/CommandLineTools/SDKs/MacOSX.sdk/usr/include/sys/cdefs.h:227:48: note: expanded from macro '__deprecated_msg'
  227 |         #define __deprecated_msg(_msg) __attribute__((__deprecated__(_msg)))
      |                                                       ^
[ 10%] Building C object lib/plugins/stack/CMakeFiles/_stack_static.dir/stack.c.o
[ 10%] Built target _stack
[ 10%] Building C object lib/plugins/cipher/CMakeFiles/_cipher.dir/cipher.c.o
[ 10%] Built target vector_static
[ 10%] Linking C static library ../../../bin/rx_stack_static.a
3 warnings generated.
/Users/adrian/CLionProjects/CREXX/lib/plugins/cipher/cipher.c:99:9: warning: 'sprintf' is deprecated: This function is provided for compatibility reasons only.  Due to security concerns inherent in the design of sprintf(3), it is highly recommended that you use snprintf(3) instead. [-Wdeprecated-declarations]
   99 |         sprintf(result+i*2,"%02x", digest[i]);
      |         ^
/Library/Developer/CommandLineTools/SDKs/MacOSX.sdk/usr/include/_stdio.h:278:1: note: 'sprintf' has been explicitly marked deprecated here
[ 10%] Building C object lib/plugins/cipher/CMakeFiles/_cipher_static.dir/cipher.c.o
  278 | __deprecated_msg("This function is provided for compatibility reasons only.  Due to security concerns inherent in the design of sprintf(3), it is highly recommended that you use snprintf(3) instead.")
      | ^
/Library/Developer/CommandLineTools/SDKs/MacOSX.sdk/usr/include/sys/cdefs.h:227:48: note: expanded from macro '__deprecated_msg'
  227 |         #define __deprecated_msg(_msg) __attribute__((__deprecated__(_msg)))
      |                                                       ^
[ 10%] Building C object interpreter/CMakeFiles/rxbvm_instrumented_core_objects.dir/interrupt.c.o
1 warning generated.
[ 10%] Linking C shared module ../../../bin/rx_cipher.rxplugin
/Users/adrian/CLionProjects/CREXX/lib/plugins/cipher/cipher.c:99:9: warning: 'sprintf' is deprecated: This function is provided for compatibility reasons only.  Due to security concerns inherent in the design of sprintf(3), it is highly recommended that you use snprintf(3) instead. [-Wdeprecated-declarations]
   99 |         sprintf(result+i*2,"%02x", digest[i]);
      |         ^
/Library/Developer/CommandLineTools/SDKs/MacOSX.sdk/usr/include/_stdio.h:278:1: note: 'sprintf' has been explicitly marked deprecated here
  278 | __deprecated_msg("This function is provided for compatibility reasons only.  Due to security concerns inherent in the design of sprintf(3), it is highly recommended that you use snprintf(3) instead.")
      | ^
/Library/Developer/CommandLineTools/SDKs/MacOSX.sdk/usr/include/sys/cdefs.h:227:48: note: expanded from macro '__deprecated_msg'
  227 |         #define __deprecated_msg(_msg) __attribute__((__deprecated__(_msg)))
      |                                                       ^
1 warning generated.
[ 10%] Built target _stack_static
[ 10%] Linking C static library ../../../bin/rx_cipher_static.a
[ 10%] Building C object interpreter/CMakeFiles/rxbvm_instrumented_core_objects.dir/rxspawn.c.o
[ 10%] Built target _cipher
[ 10%] Building C object lib/plugins/strings/CMakeFiles/_strings.dir/strings.c.o
[ 10%] Building C object lib/plugins/getpi/CMakeFiles/_getpi.dir/getpi.c.o
[ 10%] Built target _cipher_static
In file included from /Users/adrian/CLionProjects/CREXX/interpreter/rxspawn.c:68:
/Users/adrian/CLionProjects/CREXX/interpreter/rxvmvars.h:2899:13: warning: 'sprintf' is deprecated: This function is provided for compatibility reasons only.  Due to security concerns inherent in the design of sprintf(3), it is highly recommended that you use snprintf(3) instead. [-Wdeprecated-declarations]
 2899 |             sprintf(formatted_output, scientific_format, coefficient, exponent);
      |             ^
/Library/Developer/CommandLineTools/SDKs/MacOSX.sdk/usr/include/_stdio.h:278:1: note: 'sprintf' has been explicitly marked deprecated here
  278 | __deprecated_msg("This function is provided for compatibility reasons only.  Due to security concerns inherent in the design of sprintf(3), it is highly recommended that you use snprintf(3) instead.")
      | ^
/Library/Developer/CommandLineTools/SDKs/MacOSX.sdk/usr/include/sys/cdefs.h:227:48: note: expanded from macro '__deprecated_msg'
  227 |         #define __deprecated_msg(_msg) __attribute__((__deprecated__(_msg)))
      |                                                       ^
In file included from /Users/adrian/CLionProjects/CREXX/interpreter/rxspawn.c:68:
/Users/adrian/CLionProjects/CREXX/interpreter/rxvmvars.h:3034:5: warning: 'sprintf' is deprecated: This function is provided for compatibility reasons only.  Due to security concerns inherent in the design of sprintf(3), it is highly recommended that you use snprintf(3) instead. [-Wdeprecated-declarations]
 3034 |     sprintf(formatted_output, engineering_format, eng_exp);
      |     ^
/Library/Developer/CommandLineTools/SDKs/MacOSX.sdk/usr/include/_stdio.h:278:1: note: 'sprintf' has been explicitly marked deprecated here
  278 | __deprecated_msg("This function is provided for compatibility reasons only.  Due to security concerns inherent in the design of sprintf(3), it is highly recommended that you use snprintf(3) instead.")
      | ^
/Library/Developer/CommandLineTools/SDKs/MacOSX.sdk/usr/include/sys/cdefs.h:227:48: note: expanded from macro '__deprecated_msg'
  227 |         #define __deprecated_msg(_msg) __attribute__((__deprecated__(_msg)))
      |                                                       ^
/Users/adrian/CLionProjects/CREXX/interpreter/rxspawn.c:924:9: warning: 'sprintf' is deprecated: This function is provided for compatibility reasons only.  Due to security concerns inherent in the design of sprintf(3), it is highly recommended that you use snprintf(3) instead. [-Wdeprecated-declarations]
  924 |         sprintf(candidate, "%s/%s", directory, exe);
      |         ^
/Library/Developer/CommandLineTools/SDKs/MacOSX.sdk/usr/include/_stdio.h:278:1: note: 'sprintf' has been explicitly marked deprecated here
  278 | __deprecated_msg("This function is provided for compatibility reasons only.  Due to security concerns inherent in the design of sprintf(3), it is highly recommended that you use snprintf(3) instead.")
      | ^
/Library/Developer/CommandLineTools/SDKs/MacOSX.sdk/usr/include/sys/cdefs.h:227:48: note: expanded from macro '__deprecated_msg'
  227 |         #define __deprecated_msg(_msg) __attribute__((__deprecated__(_msg)))
      |                                                       ^
[ 10%] Building C object lib/plugins/id/CMakeFiles/id_static.dir/id.c.o
[ 10%] Linking C shared module ../../../bin/rx_strings.rxplugin
[ 10%] Linking C shared module ../../../bin/rx_getpi.rxplugin
[ 10%] Built target _getpi
[ 10%] Built target _strings
[ 10%] Linking C static library ../../../bin/rxid_static.a
[ 10%] Building C object interpreter/CMakeFiles/rxbvm_instrumented_core_objects.dir/rxenv.c.o
3 warnings generated.
[ 10%] Building C object interpreter/CMakeFiles/rxpa_host_fixture_modern.dir/tests/rxpa_host_service_fixture.c.o
[ 10%] Building C object interpreter/CMakeFiles/rxbvm_instrumented_core_objects.dir/rxcrexxcmd.c.o
[ 10%] Building C object interpreter/CMakeFiles/rxbvm_instrumented_core_objects.dir/exitfunc.c.o
[ 10%] Linking C shared module rxpa_host_fixture_modern.rxplugin
[ 10%] Built target id_static
[ 11%] Building C object interpreter/CMakeFiles/rxpa_host_fixture_old.dir/tests/rxpa_host_service_fixture.c.o
[ 11%] Building C object interpreter/CMakeFiles/rxbvm_instrumented_core_objects.dir/rxpacallmethod.c.o
[ 11%] Built target rxpa_host_fixture_modern
[ 11%] Building C object lib/plugins/odbc/CMakeFiles/_odbc_mock.dir/odbc.c.o
[ 11%] Building C object interpreter/CMakeFiles/rxbvm_instrumented_core_objects.dir/rxpafuncs.c.o
[ 11%] Linking C shared module rxpa_host_fixture_old.rxplugin
In file included from /Users/adrian/CLionProjects/CREXX/interpreter/rxpacallmethod.c:32:
/Users/adrian/CLionProjects/CREXX/interpreter/rxvmvars.h:2899:13: warning: 'sprintf' is deprecated: This function is provided for compatibility reasons only.  Due to security concerns inherent in the design of sprintf(3), it is highly recommended that you use snprintf(3) instead. [-Wdeprecated-declarations]
 2899 |             sprintf(formatted_output, scientific_format, coefficient, exponent);
      |             ^
/Library/Developer/CommandLineTools/SDKs/MacOSX.sdk/usr/include/_stdio.h:278:1: note: 'sprintf' has been explicitly marked deprecated here
  278 | __deprecated_msg("This function is provided for compatibility reasons only.  Due to security concerns inherent in the design of sprintf(3), it is highly recommended that you use snprintf(3) instead.")
      | ^
/Library/Developer/CommandLineTools/SDKs/MacOSX.sdk/usr/include/sys/cdefs.h:227:48: note: expanded from macro '__deprecated_msg'
  227 |         #define __deprecated_msg(_msg) __attribute__((__deprecated__(_msg)))
      |                                                       ^
In file included from /Users/adrian/CLionProjects/CREXX/interpreter/rxpacallmethod.c:32:
/Users/adrian/CLionProjects/CREXX/interpreter/rxvmvars.h:3034:5: warning: 'sprintf' is deprecated: This function is provided for compatibility reasons only.  Due to security concerns inherent in the design of sprintf(3), it is highly recommended that you use snprintf(3) instead. [-Wdeprecated-declarations]
 3034 |     sprintf(formatted_output, engineering_format, eng_exp);
      |     ^
/Library/Developer/CommandLineTools/SDKs/MacOSX.sdk/usr/include/_stdio.h:278:1: note: 'sprintf' has been explicitly marked deprecated here
  278 | __deprecated_msg("This function is provided for compatibility reasons only.  Due to security concerns inherent in the design of sprintf(3), it is highly recommended that you use snprintf(3) instead.")
      | ^
/Library/Developer/CommandLineTools/SDKs/MacOSX.sdk/usr/include/sys/cdefs.h:227:48: note: expanded from macro '__deprecated_msg'
  227 |         #define __deprecated_msg(_msg) __attribute__((__deprecated__(_msg)))
      |                                                       ^
2 warnings generated.
In file included from /Users/adrian/CLionProjects/CREXX/interpreter/rxpafuncs.c:34:
/Users/adrian/CLionProjects/CREXX/interpreter/rxvmvars.h:2899:13: warning: 'sprintf' is deprecated: This function is provided for compatibility reasons only.  Due to security concerns inherent in the design of sprintf(3), it is highly recommended that you use snprintf(3) instead. [-Wdeprecated-declarations]
 2899 |             sprintf(formatted_output, scientific_format, coefficient, exponent);
      |             ^
/Library/Developer/CommandLineTools/SDKs/MacOSX.sdk/usr/include/_stdio.h:278:1: note: 'sprintf' has been explicitly marked deprecated here
  278 | __deprecated_msg("This function is provided for compatibility reasons only.  Due to security concerns inherent in the design of sprintf(3), it is highly recommended that you use snprintf(3) instead.")
      | ^
/Library/Developer/CommandLineTools/SDKs/MacOSX.sdk/usr/include/sys/cdefs.h:227:48: note: expanded from macro '__deprecated_msg'
  227 |         #define __deprecated_msg(_msg) __attribute__((__deprecated__(_msg)))
      |                                                       ^
In file included from /Users/adrian/CLionProjects/CREXX/interpreter/rxpafuncs.c:34:
/Users/adrian/CLionProjects/CREXX/interpreter/rxvmvars.h:3034:5: warning: 'sprintf' is deprecated: This function is provided for compatibility reasons only.  Due to security concerns inherent in the design of sprintf(3), it is highly recommended that you use snprintf(3) instead. [-Wdeprecated-declarations]
 3034 |     sprintf(formatted_output, engineering_format, eng_exp);
      |     ^
/Library/Developer/CommandLineTools/SDKs/MacOSX.sdk/usr/include/_stdio.h:278:1: note: 'sprintf' has been explicitly marked deprecated here
  278 | __deprecated_msg("This function is provided for compatibility reasons only.  Due to security concerns inherent in the design of sprintf(3), it is highly recommended that you use snprintf(3) instead.")
      | ^
/Library/Developer/CommandLineTools/SDKs/MacOSX.sdk/usr/include/sys/cdefs.h:227:48: note: expanded from macro '__deprecated_msg'
  227 |         #define __deprecated_msg(_msg) __attribute__((__deprecated__(_msg)))
      |                                                       ^
[ 11%] Built target test_jtable_policy
[ 11%] Built target rxpa_host_fixture_old
2 warnings generated.
[ 11%] Linking C shared module mock/rx_odbc.rxplugin
[ 11%] Building C object interpreter/CMakeFiles/test_signal_mask.dir/tests/test_signal_mask.c.o
[ 11%] Building C object interpreter/CMakeFiles/mutate_jtable_rxbin.dir/tests/mutate_jtable_rxbin.c.o
[ 11%] Building C object interpreter/CMakeFiles/rxbvm_instrumented_core_objects.dir/rxvml/rxvm_run.c.o
[ 11%] Linking C executable test_signal_mask
[ 11%] Built target _odbc_mock
[ 11%] Linking C executable mutate_jtable_rxbin
In file included from /Users/adrian/CLionProjects/CREXX/interpreter/rxvml/rxvm_run.c:30:
/Users/adrian/CLionProjects/CREXX/interpreter/rxvml/../rxvmvars.h:2899:13: warning: 'sprintf' is deprecated: This function is provided for compatibility reasons only.  Due to security concerns inherent in the design of sprintf(3), it is highly recommended that you use snprintf(3) instead. [-Wdeprecated-declarations]
 2899 |             sprintf(formatted_output, scientific_format, coefficient, exponent);
      |             ^
/Library/Developer/CommandLineTools/SDKs/MacOSX.sdk/usr/include/_stdio.h:278:1: note: 'sprintf' has been explicitly marked deprecated here
  278 | __deprecated_msg("This function is provided for compatibility reasons only.  Due to security concerns inherent in the design of sprintf(3), it is highly recommended that you use snprintf(3) instead.")
      | ^
/Library/Developer/CommandLineTools/SDKs/MacOSX.sdk/usr/include/sys/cdefs.h:227:48: note: expanded from macro '__deprecated_msg'
  227 |         #define __deprecated_msg(_msg) __attribute__((__deprecated__(_msg)))
      |                                                       ^
In file included from /Users/adrian/CLionProjects/CREXX/interpreter/rxvml/rxvm_run.c:30:
/Users/adrian/CLionProjects/CREXX/interpreter/rxvml/../rxvmvars.h:3034:5: warning: 'sprintf' is deprecated: This function is provided for compatibility reasons only.  Due to security concerns inherent in the design of sprintf(3), it is highly recommended that you use snprintf(3) instead. [-Wdeprecated-declarations]
 3034 |     sprintf(formatted_output, engineering_format, eng_exp);
      |     ^
/Library/Developer/CommandLineTools/SDKs/MacOSX.sdk/usr/include/_stdio.h:278:1: note: 'sprintf' has been explicitly marked deprecated here
  278 | __deprecated_msg("This function is provided for compatibility reasons only.  Due to security concerns inherent in the design of sprintf(3), it is highly recommended that you use snprintf(3) instead.")
      | ^
/Library/Developer/CommandLineTools/SDKs/MacOSX.sdk/usr/include/sys/cdefs.h:227:48: note: expanded from macro '__deprecated_msg'
  227 |         #define __deprecated_msg(_msg) __attribute__((__deprecated__(_msg)))
      |                                                       ^
[ 11%] Building C object interpreter/CMakeFiles/mutate_retired_process_opcode.dir/tests/mutate_retired_process_opcode.c.o
2 warnings generated.
[ 11%] Built target rxbvm_instrumented_core_objects
[ 11%] Built target test_signal_mask
[ 11%] Built target mutate_jtable_rxbin
[ 11%] Building C object interpreter/CMakeFiles/_e5native.dir/tests/e5_native_return_plugin.c.o
[ 11%] Building C object interpreter/CMakeFiles/_e5native_static.dir/tests/e5_native_return_plugin.c.o
[ 11%] Linking C executable mutate_retired_process_opcode
[ 11%] Built target decnumber_test
[ 11%] Stage rxpp macro support files ...
[ 11%] Linking C static library rx_e5native_static.a
[ 11%] Linking C shared module ../bin/rx_e5native.rxplugin
[ 11%] Built target rxpp_support_files
[ 11%] Built target mutate_retired_process_opcode
[ 11%] Building C object preprocessor/CMakeFiles/precomp_static.dir/precomp.c.o
[ 11%] Building C object preprocessor/CMakeFiles/precomp.dir/precomp.c.o
[ 11%] Built target _e5native
[ 11%] Built target _e5native_static
[ 11%] Built target address_argv_fixture
[ 11%] Built target address_spawn_transfer_fixture
[ 11%] Built target linein_tty_harness
[ 11%] Built target linein_stdin_harness
[ 11%] Linking C static library ../bin/rxprecomp_static.a
[ 11%] Linking C shared module ../bin/rxprecomp.rxplugin
[ 11%] Building C object lib/plugins/vector/CMakeFiles/rxvector_index_core_test.dir/rxvector_index_test.c.o
[ 11%] Building C object lib/plugins/arrays/CMakeFiles/_arrays.dir/arrays.c.o
[ 11%] Built target precomp_static
[ 11%] Built target precomp
[ 11%] Building C object lib/plugins/vector/CMakeFiles/rxvector_index_core_test.dir/rxvector_index.c.o
[ 11%] Building C object lib/plugins/sqlite/CMakeFiles/crexx_sqlite3_objects.dir/vendor/sqlite3.c.o
[ 11%] Linking C shared module ../../../bin/rx_arrays.rxplugin
[ 12%] Built target ggml-base
[ 12%] Building C object lib/plugins/vector/CMakeFiles/rxvector_index_core_test.dir/rxvector.c.o
[ 12%] Building CXX object lib/plugins/llama/CMakeFiles/crexx-provider-package.dir/provider_package.cpp.o
[ 12%] Built target _arrays
[ 12%] Linking C executable ../../../bin/rxvector_index_core_test
[ 12%] Building CXX object lib/plugins/llama/CMakeFiles/rxllama_package_utf8_cxx17.dir/__/__/__/tests/native-inference/package_utf8.cpp.o
[ 12%] Built target rxvector_index_core_test
[ 12%] Building CXX object lib/plugins/llama/CMakeFiles/rxllama_package_utf8_cxx20.dir/__/__/__/tests/native-inference/package_utf8.cpp.o
In file included from /Users/adrian/CLionProjects/CREXX/tests/native-inference/package_utf8.cpp:2:
/Users/adrian/CLionProjects/CREXX/lib/plugins/llama/package.hpp:37:18: warning: 'u8path<std::string, 0>' is deprecated [-Wdeprecated-declarations]
   37 |     auto p = fs::u8path(name);
      |                  ^
/Library/Developer/CommandLineTools/SDKs/MacOSX.sdk/usr/include/c++/v1/__filesystem/u8path.h:73:23: note: 'u8path<std::string, 0>' has been explicitly marked deprecated here
   73 | _LIBCPP_HIDE_FROM_ABI _LIBCPP_DEPRECATED_WITH_CHAR8_T path u8path(const _Source& __s) {
      |                       ^
/Library/Developer/CommandLineTools/SDKs/MacOSX.sdk/usr/include/c++/v1/__config:607:45: note: expanded from macro '_LIBCPP_DEPRECATED_WITH_CHAR8_T'
  607 | #    define _LIBCPP_DEPRECATED_WITH_CHAR8_T _LIBCPP_DEPRECATED
      |                                             ^
/Library/Developer/CommandLineTools/SDKs/MacOSX.sdk/usr/include/c++/v1/__config:554:49: note: expanded from macro '_LIBCPP_DEPRECATED'
  554 | #      define _LIBCPP_DEPRECATED __attribute__((__deprecated__))
      |                                                 ^
/Users/adrian/CLionProjects/CREXX/tests/native-inference/package_utf8.cpp:11:44: warning: 'u8path<std::string, 0>' is deprecated [-Wdeprecated-declarations]
   11 |         const auto path = std::filesystem::u8path(expected);
      |                                            ^
/Library/Developer/CommandLineTools/SDKs/MacOSX.sdk/usr/include/c++/v1/__filesystem/u8path.h:73:23: note: 'u8path<std::string, 0>' has been explicitly marked deprecated here
   73 | _LIBCPP_HIDE_FROM_ABI _LIBCPP_DEPRECATED_WITH_CHAR8_T path u8path(const _Source& __s) {
      |                       ^
/Library/Developer/CommandLineTools/SDKs/MacOSX.sdk/usr/include/c++/v1/__config:607:45: note: expanded from macro '_LIBCPP_DEPRECATED_WITH_CHAR8_T'
  607 | #    define _LIBCPP_DEPRECATED_WITH_CHAR8_T _LIBCPP_DEPRECATED
      |                                             ^
/Library/Developer/CommandLineTools/SDKs/MacOSX.sdk/usr/include/c++/v1/__config:554:49: note: expanded from macro '_LIBCPP_DEPRECATED'
  554 | #      define _LIBCPP_DEPRECATED __attribute__((__deprecated__))
      |                                                 ^
[ 12%] Linking CXX executable tests/rxllama_package_utf8_cxx17
[ 12%] Built target rxllama_package_utf8_cxx17
[ 12%] Building C object lib/plugins/llama/CMakeFiles/rxllama_text_old_host.dir/__/__/__/tests/native-inference/text_old_host.c.o
[ 12%] Linking C executable tests/rxllama_text_old_host
[ 12%] Built target rxllama_text_old_host
[ 12%] Built target vendor-hash
2 warnings generated.
[ 12%] Linking CXX executable tests/rxllama_package_utf8_cxx20
[ 13%] Building C object lib/plugins/keyaccess/CMakeFiles/keyaccess_compact_failure_test.dir/keyaccess_compact_failure_test.c.o
[ 13%] Built target rxllama_package_utf8_cxx20
[ 13%] Building C object lib/plugins/console/CMakeFiles/console.dir/rxconsole.c.o
[ 13%] Linking C executable keyaccess_compact_failure_test
[ 13%] Building C object lib/plugins/console/CMakeFiles/console.dir/rxconsole_core.c.o
[ 13%] Built target keyaccess_compact_failure_test
[ 13%] Building C object lib/plugins/console/CMakeFiles/console_static.dir/rxconsole.c.o
[ 13%] Building C object lib/plugins/console/CMakeFiles/console.dir/rxconsole_decode.c.o
[ 13%] Building C object lib/plugins/console/CMakeFiles/console_static.dir/rxconsole_core.c.o
[ 13%] Linking CXX executable ../../../bin/crexx-provider-package
[ 14%] Linking C shared module ../../../bin/rxconsole.rxplugin
[ 14%] Building C object lib/plugins/console/CMakeFiles/console_static.dir/rxconsole_decode.c.o
[ 14%] Built target crexx-provider-package
[ 14%] Built target console
[ 14%] Building C object lib/plugins/console/CMakeFiles/rxconsole_decoder_test.dir/tests/test_decoder.c.o
[ 14%] Linking C static library ../../../bin/rxconsole_static.a
[ 14%] Building C object lib/plugins/recv390/CMakeFiles/_recv390.dir/recv390.c.o
[ 14%] Building C object lib/plugins/console/CMakeFiles/rxconsole_decoder_test.dir/rxconsole_decode.c.o
/Users/adrian/CLionProjects/CREXX/lib/plugins/recv390/recv390.c:1387:9: warning: 'sprintf' is deprecated: This function is provided for compatibility reasons only.  Due to security concerns inherent in the design of sprintf(3), it is highly recommended that you use snprintf(3) instead. [-Wdeprecated-declarations]
 1387 |         sprintf(work, " %.6X", temp);                           // make display hex, use upper case letters
      |         ^
/Library/Developer/CommandLineTools/SDKs/MacOSX.sdk/usr/include/_stdio.h:278:1: note: 'sprintf' has been explicitly marked deprecated here
  278 | __deprecated_msg("This function is provided for compatibility reasons only.  Due to security concerns inherent in the design of sprintf(3), it is highly recommended that you use snprintf(3) instead.")
      | ^
/Library/Developer/CommandLineTools/SDKs/MacOSX.sdk/usr/include/sys/cdefs.h:227:48: note: expanded from macro '__deprecated_msg'
  227 |         #define __deprecated_msg(_msg) __attribute__((__deprecated__(_msg)))
      |                                                       ^
/Users/adrian/CLionProjects/CREXX/lib/plugins/recv390/recv390.c:1390:9: warning: 'sprintf' is deprecated: This function is provided for compatibility reasons only.  Due to security concerns inherent in the design of sprintf(3), it is highly recommended that you use snprintf(3) instead. [-Wdeprecated-declarations]
 1390 |         sprintf(work, " %.2X", temp);
      |         ^
/Library/Developer/CommandLineTools/SDKs/MacOSX.sdk/usr/include/_stdio.h:278:1: note: 'sprintf' has been explicitly marked deprecated here
  278 | __deprecated_msg("This function is provided for compatibility reasons only.  Due to security concerns inherent in the design of sprintf(3), it is highly recommended that you use snprintf(3) instead.")
      | ^
/Library/Developer/CommandLineTools/SDKs/MacOSX.sdk/usr/include/sys/cdefs.h:227:48: note: expanded from macro '__deprecated_msg'
  227 |         #define __deprecated_msg(_msg) __attribute__((__deprecated__(_msg)))
      |                                                       ^
/Users/adrian/CLionProjects/CREXX/lib/plugins/recv390/recv390.c:1400:17: warning: 'sprintf' is deprecated: This function is provided for compatibility reasons only.  Due to security concerns inherent in the design of sprintf(3), it is highly recommended that you use snprintf(3) instead. [-Wdeprecated-declarations]
 1400 |                 sprintf(work, "%.2X", scr);                     // list userdata
      |                 ^
/Library/Developer/CommandLineTools/SDKs/MacOSX.sdk/usr/include/_stdio.h:278:1: note: 'sprintf' has been explicitly marked deprecated here
  278 | __deprecated_msg("This function is provided for compatibility reasons only.  Due to security concerns inherent in the design of sprintf(3), it is highly recommended that you use snprintf(3) instead.")
      | ^
/Library/Developer/CommandLineTools/SDKs/MacOSX.sdk/usr/include/sys/cdefs.h:227:48: note: expanded from macro '__deprecated_msg'
  227 |         #define __deprecated_msg(_msg) __attribute__((__deprecated__(_msg)))
      |                                                       ^
/Users/adrian/CLionProjects/CREXX/lib/plugins/recv390/recv390.c:1405:13: warning: 'sprintf' is deprecated: This function is provided for compatibility reasons only.  Due to security concerns inherent in the design of sprintf(3), it is highly recommended that you use snprintf(3) instead. [-Wdeprecated-declarations]
 1405 |             sprintf(work, " %.2d.", temp);
      |             ^
/Library/Developer/CommandLineTools/SDKs/MacOSX.sdk/usr/include/_stdio.h:278:1: note: 'sprintf' has been explicitly marked deprecated here
  278 | __deprecated_msg("This function is provided for compatibility reasons only.  Due to security concerns inherent in the design of sprintf(3), it is highly recommended that you use snprintf(3) instead.")
      | ^
/Library/Developer/CommandLineTools/SDKs/MacOSX.sdk/usr/include/sys/cdefs.h:227:48: note: expanded from macro '__deprecated_msg'
  227 |         #define __deprecated_msg(_msg) __attribute__((__deprecated__(_msg)))
      |                                                       ^
/Users/adrian/CLionProjects/CREXX/lib/plugins/recv390/recv390.c:1408:13: warning: 'sprintf' is deprecated: This function is provided for compatibility reasons only.  Due to security concerns inherent in the design of sprintf(3), it is highly recommended that you use snprintf(3) instead. [-Wdeprecated-declarations]
 1408 |             sprintf(work, "%.2d", temp);
      |             ^
/Library/Developer/CommandLineTools/SDKs/MacOSX.sdk/usr/include/_stdio.h:278:1: note: 'sprintf' has been explicitly marked deprecated here
  278 | __deprecated_msg("This function is provided for compatibility reasons only.  Due to security concerns inherent in the design of sprintf(3), it is highly recommended that you use snprintf(3) instead.")
      | ^
/Library/Developer/CommandLineTools/SDKs/MacOSX.sdk/usr/include/sys/cdefs.h:227:48: note: expanded from macro '__deprecated_msg'
  227 |         #define __deprecated_msg(_msg) __attribute__((__deprecated__(_msg)))
      |                                                       ^
/Users/adrian/CLionProjects/CREXX/lib/plugins/recv390/recv390.c:1414:13: warning: 'sprintf' is deprecated: This function is provided for compatibility reasons only.  Due to security concerns inherent in the design of sprintf(3), it is highly recommended that you use snprintf(3) instead. [-Wdeprecated-declarations]
 1414 |             sprintf(work, " %.2x", temp);
      |             ^
/Library/Developer/CommandLineTools/SDKs/MacOSX.sdk/usr/include/_stdio.h:278:1: note: 'sprintf' has been explicitly marked deprecated here
  278 | __deprecated_msg("This function is provided for compatibility reasons only.  Due to security concerns inherent in the design of sprintf(3), it is highly recommended that you use snprintf(3) instead.")
      | ^
/Library/Developer/CommandLineTools/SDKs/MacOSX.sdk/usr/include/sys/cdefs.h:227:48: note: expanded from macro '__deprecated_msg'
  227 |         #define __deprecated_msg(_msg) __attribute__((__deprecated__(_msg)))
      |                                                       ^
/Users/adrian/CLionProjects/CREXX/lib/plugins/recv390/recv390.c:1417:13: warning: 'sprintf' is deprecated: This function is provided for compatibility reasons only.  Due to security concerns inherent in the design of sprintf(3), it is highly recommended that you use snprintf(3) instead. [-Wdeprecated-declarations]
 1417 |             sprintf(work, ":%.2x", temp);
      |             ^
/Library/Developer/CommandLineTools/SDKs/MacOSX.sdk/usr/include/_stdio.h:278:1: note: 'sprintf' has been explicitly marked deprecated here
  278 | __deprecated_msg("This function is provided for compatibility reasons only.  Due to security concerns inherent in the design of sprintf(3), it is highly recommended that you use snprintf(3) instead.")
      | ^
/Library/Developer/CommandLineTools/SDKs/MacOSX.sdk/usr/include/sys/cdefs.h:227:48: note: expanded from macro '__deprecated_msg'
  227 |         #define __deprecated_msg(_msg) __attribute__((__deprecated__(_msg)))
      |                                                       ^
/Users/adrian/CLionProjects/CREXX/lib/plugins/recv390/recv390.c:1420:13: warning: 'sprintf' is deprecated: This function is provided for compatibility reasons only.  Due to security concerns inherent in the design of sprintf(3), it is highly recommended that you use snprintf(3) instead. [-Wdeprecated-declarations]
 1420 |             sprintf(work, " %5d", temp);
      |             ^
/Library/Developer/CommandLineTools/SDKs/MacOSX.sdk/usr/include/_stdio.h:278:1: note: 'sprintf' has been explicitly marked deprecated here
  278 | __deprecated_msg("This function is provided for compatibility reasons only.  Due to security concerns inherent in the design of sprintf(3), it is highly recommended that you use snprintf(3) instead.")
      | ^
/Library/Developer/CommandLineTools/SDKs/MacOSX.sdk/usr/include/sys/cdefs.h:227:48: note: expanded from macro '__deprecated_msg'
  227 |         #define __deprecated_msg(_msg) __attribute__((__deprecated__(_msg)))
      |                                                       ^
/Users/adrian/CLionProjects/CREXX/lib/plugins/recv390/recv390.c:1423:13: warning: 'sprintf' is deprecated: This function is provided for compatibility reasons only.  Due to security concerns inherent in the design of sprintf(3), it is highly recommended that you use snprintf(3) instead. [-Wdeprecated-declarations]
 1423 |             sprintf(work, " %5d", temp);
      |             ^
/Library/Developer/CommandLineTools/SDKs/MacOSX.sdk/usr/include/_stdio.h:278:1: note: 'sprintf' has been explicitly marked deprecated here
  278 | __deprecated_msg("This function is provided for compatibility reasons only.  Due to security concerns inherent in the design of sprintf(3), it is highly recommended that you use snprintf(3) instead.")
      | ^
/Library/Developer/CommandLineTools/SDKs/MacOSX.sdk/usr/include/sys/cdefs.h:227:48: note: expanded from macro '__deprecated_msg'
  227 |         #define __deprecated_msg(_msg) __attribute__((__deprecated__(_msg)))
      |                                                       ^
/Users/adrian/CLionProjects/CREXX/lib/plugins/recv390/recv390.c:1426:13: warning: 'sprintf' is deprecated: This function is provided for compatibility reasons only.  Due to security concerns inherent in the design of sprintf(3), it is highly recommended that you use snprintf(3) instead. [-Wdeprecated-declarations]
 1426 |             sprintf(work, " %5d ", temp);
      |             ^
/Library/Developer/CommandLineTools/SDKs/MacOSX.sdk/usr/include/_stdio.h:278:1: note: 'sprintf' has been explicitly marked deprecated here
  278 | __deprecated_msg("This function is provided for compatibility reasons only.  Due to security concerns inherent in the design of sprintf(3), it is highly recommended that you use snprintf(3) instead.")
      | ^
/Library/Developer/CommandLineTools/SDKs/MacOSX.sdk/usr/include/sys/cdefs.h:227:48: note: expanded from macro '__deprecated_msg'
  227 |         #define __deprecated_msg(_msg) __attribute__((__deprecated__(_msg)))
      |                                                       ^
/Users/adrian/CLionProjects/CREXX/lib/plugins/recv390/recv390.c:2254:9: warning: 'sprintf' is deprecated: This function is provided for compatibility reasons only.  Due to security concerns inherent in the design of sprintf(3), it is highly recommended that you use snprintf(3) instead. [-Wdeprecated-declarations]
 2254 |         sprintf(hdrbuf, "<snap> %p.%d (0x%.4X) %s\n", ptr, len, len, title);
      |         ^
/Library/Developer/CommandLineTools/SDKs/MacOSX.sdk/usr/include/_stdio.h:278:1: note: 'sprintf' has been explicitly marked deprecated here
  278 | __deprecated_msg("This function is provided for compatibility reasons only.  Due to security concerns inherent in the design of sprintf(3), it is highly recommended that you use snprintf(3) instead.")
      | ^
/Library/Developer/CommandLineTools/SDKs/MacOSX.sdk/usr/include/sys/cdefs.h:227:48: note: expanded from macro '__deprecated_msg'
  227 |         #define __deprecated_msg(_msg) __attribute__((__deprecated__(_msg)))
      |                                                       ^
/Users/adrian/CLionProjects/CREXX/lib/plugins/recv390/recv390.c:2267:17: warning: 'sprintf' is deprecated: This function is provided for compatibility reasons only.  Due to security concerns inherent in the design of sprintf(3), it is highly recommended that you use snprintf(3) instead. [-Wdeprecated-declarations]
 2267 |             x = sprintf(prtbuf, "%.8lX %.4x  ",
      |                 ^
/Library/Developer/CommandLineTools/SDKs/MacOSX.sdk/usr/include/_stdio.h:278:1: note: 'sprintf' has been explicitly marked deprecated here
  278 | __deprecated_msg("This function is provided for compatibility reasons only.  Due to security concerns inherent in the design of sprintf(3), it is highly recommended that you use snprintf(3) instead.")
      | ^
/Library/Developer/CommandLineTools/SDKs/MacOSX.sdk/usr/include/sys/cdefs.h:227:48: note: expanded from macro '__deprecated_msg'
  227 |         #define __deprecated_msg(_msg) __attribute__((__deprecated__(_msg)))
      |                                                       ^
/Users/adrian/CLionProjects/CREXX/lib/plugins/recv390/recv390.c:2271:17: warning: 'sprintf' is deprecated: This function is provided for compatibility reasons only.  Due to security concerns inherent in the design of sprintf(3), it is highly recommended that you use snprintf(3) instead. [-Wdeprecated-declarations]
 2271 |             x = sprintf(prtbuf, "%.4x  ", i + offset);
      |                 ^
/Library/Developer/CommandLineTools/SDKs/MacOSX.sdk/usr/include/_stdio.h:278:1: note: 'sprintf' has been explicitly marked deprecated here
  278 | __deprecated_msg("This function is provided for compatibility reasons only.  Due to security concerns inherent in the design of sprintf(3), it is highly recommended that you use snprintf(3) instead.")
      | ^
/Library/Developer/CommandLineTools/SDKs/MacOSX.sdk/usr/include/sys/cdefs.h:227:48: note: expanded from macro '__deprecated_msg'
  227 |         #define __deprecated_msg(_msg) __attribute__((__deprecated__(_msg)))
      |                                                       ^
/Users/adrian/CLionProjects/CREXX/lib/plugins/recv390/recv390.c:2279:21: warning: 'sprintf' is deprecated: This function is provided for compatibility reasons only.  Due to security concerns inherent in the design of sprintf(3), it is highly recommended that you use snprintf(3) instead. [-Wdeprecated-declarations]
 2279 |                     sprintf(&prtbuf[x], "%.2x", workint);
      |                     ^
/Library/Developer/CommandLineTools/SDKs/MacOSX.sdk/usr/include/_stdio.h:278:1: note: 'sprintf' has been explicitly marked deprecated here
  278 | __deprecated_msg("This function is provided for compatibility reasons only.  Due to security concerns inherent in the design of sprintf(3), it is highly recommended that you use snprintf(3) instead.")
      | ^
/Library/Developer/CommandLineTools/SDKs/MacOSX.sdk/usr/include/sys/cdefs.h:227:48: note: expanded from macro '__deprecated_msg'
  227 |         #define __deprecated_msg(_msg) __attribute__((__deprecated__(_msg)))
      |                                                       ^
[ 14%] Built target console_static
14 warnings generated.
[ 14%] Linking C executable ../../../bin/rxconsole_decoder_test
[ 14%] Linking C shared module ../../../bin/rx_recv390.rxplugin
[ 14%] Building C object lib/plugins/recv390/CMakeFiles/_recv390_static.dir/recv390.c.o
[ 14%] Built target rxconsole_decoder_test
/Users/adrian/CLionProjects/CREXX/lib/plugins/recv390/recv390.c:1387:9: warning: 'sprintf' is deprecated: This function is provided for compatibility reasons only.  Due to security concerns inherent in the design of sprintf(3), it is highly recommended that you use snprintf(3) instead. [-Wdeprecated-declarations]
 1387 |         sprintf(work, " %.6X", temp);                           // make display hex, use upper case letters
      |         ^
/Library/Developer/CommandLineTools/SDKs/MacOSX.sdk/usr/include/_stdio.h:278:1: note: 'sprintf' has been explicitly marked deprecated here
  278 | __deprecated_msg("This function is provided for compatibility reasons only.  Due to security concerns inherent in the design of sprintf(3), it is highly recommended that you use snprintf(3) instead.")
      | ^
/Library/Developer/CommandLineTools/SDKs/MacOSX.sdk/usr/include/sys/cdefs.h:227:48: note: expanded from macro '__deprecated_msg'
  227 |         #define __deprecated_msg(_msg) __attribute__((__deprecated__(_msg)))
      |                                                       ^
/Users/adrian/CLionProjects/CREXX/lib/plugins/recv390/recv390.c:1390:9: warning: 'sprintf' is deprecated: This function is provided for compatibility reasons only.  Due to security concerns inherent in the design of sprintf(3), it is highly recommended that you use snprintf(3) instead. [-Wdeprecated-declarations]
 1390 |         sprintf(work, " %.2X", temp);
      |         ^
/Library/Developer/CommandLineTools/SDKs/MacOSX.sdk/usr/include/_stdio.h:278:1: note: 'sprintf' has been explicitly marked deprecated here
  278 | __deprecated_msg("This function is provided for compatibility reasons only.  Due to security concerns inherent in the design of sprintf(3), it is highly recommended that you use snprintf(3) instead.")
      | ^
/Library/Developer/CommandLineTools/SDKs/MacOSX.sdk/usr/include/sys/cdefs.h:227:48: note: expanded from macro '__deprecated_msg'
  227 |         #define __deprecated_msg(_msg) __attribute__((__deprecated__(_msg)))
      |                                                       ^
/Users/adrian/CLionProjects/CREXX/lib/plugins/recv390/recv390.c:1400:17: warning: 'sprintf' is deprecated: This function is provided for compatibility reasons only.  Due to security concerns inherent in the design of sprintf(3), it is highly recommended that you use snprintf(3) instead. [-Wdeprecated-declarations]
 1400 |                 sprintf(work, "%.2X", scr);                     // list userdata
      |                 ^
/Library/Developer/CommandLineTools/SDKs/MacOSX.sdk/usr/include/_stdio.h:278:1: note: 'sprintf' has been explicitly marked deprecated here
  278 | __deprecated_msg("This function is provided for compatibility reasons only.  Due to security concerns inherent in the design of sprintf(3), it is highly recommended that you use snprintf(3) instead.")
      | ^
/Library/Developer/CommandLineTools/SDKs/MacOSX.sdk/usr/include/sys/cdefs.h:227:48: note: expanded from macro '__deprecated_msg'
  227 |         #define __deprecated_msg(_msg) __attribute__((__deprecated__(_msg)))
      |                                                       ^
/Users/adrian/CLionProjects/CREXX/lib/plugins/recv390/recv390.c:1405:13: warning: 'sprintf' is deprecated: This function is provided for compatibility reasons only.  Due to security concerns inherent in the design of sprintf(3), it is highly recommended that you use snprintf(3) instead. [-Wdeprecated-declarations]
 1405 |             sprintf(work, " %.2d.", temp);
      |             ^
/Library/Developer/CommandLineTools/SDKs/MacOSX.sdk/usr/include/_stdio.h:278:1: note: 'sprintf' has been explicitly marked deprecated here
  278 | __deprecated_msg("This function is provided for compatibility reasons only.  Due to security concerns inherent in the design of sprintf(3), it is highly recommended that you use snprintf(3) instead.")
      | ^
/Library/Developer/CommandLineTools/SDKs/MacOSX.sdk/usr/include/sys/cdefs.h:227:48: note: expanded from macro '__deprecated_msg'
  227 |         #define __deprecated_msg(_msg) __attribute__((__deprecated__(_msg)))
      |                                                       ^
/Users/adrian/CLionProjects/CREXX/lib/plugins/recv390/recv390.c:1408:13: warning: 'sprintf' is deprecated: This function is provided for compatibility reasons only.  Due to security concerns inherent in the design of sprintf(3), it is highly recommended that you use snprintf(3) instead. [-Wdeprecated-declarations]
 1408 |             sprintf(work, "%.2d", temp);
      |             ^
/Library/Developer/CommandLineTools/SDKs/MacOSX.sdk/usr/include/_stdio.h:278:1: note: 'sprintf' has been explicitly marked deprecated here
  278 | __deprecated_msg("This function is provided for compatibility reasons only.  Due to security concerns inherent [ 14%] Built target _recv390
in the design of sprintf(3), it is highly recommended that you use snprintf(3) instead.")
      | ^
/Library/Developer/CommandLineTools/SDKs/MacOSX.sdk/usr/include/sys/cdefs.h:227:48: note: expanded from macro '__deprecated_msg'
  227 |         #define __deprecated_msg(_msg) __attribute__((__deprecated__(_msg)))
      |                                                       ^
/Users/adrian/CLionProjects/CREXX/lib/plugins/recv390/recv390.c:1414:13: warning: 'sprintf' is deprecated: This function is provided for compatibility reasons only.  Due to security concerns inherent in the design of sprintf(3), it is highly recommended that you use snprintf(3) instead. [-Wdeprecated-declarations]
 1414 |             sprintf(work, " %.2x", temp);
      |             ^
/Library/Developer/CommandLineTools/SDKs/MacOSX.sdk/usr/include/_stdio.h:278:1: note: 'sprintf' has been explicitly marked deprecated here
  278 | __deprecated_msg("This function is provided for compatibility reasons only.  Due to security concerns inherent in the design of sprintf(3), it is highly recommended that you use snprintf(3) instead.")
      | ^
/Library/Developer/CommandLineTools/SDKs/MacOSX.sdk/usr/include/sys/cdefs.h:227:48: note: expanded from macro '__deprecated_msg'
  227 |         #define __deprecated_msg(_msg) __attribute__((__deprecated__(_msg)))
      |                                                       ^
/Users/adrian/CLionProjects/CREXX/lib/plugins/recv390/recv390.c:1417:13: warning: 'sprintf' is deprecated: This function is provided for compatibility reasons only.  Due to security concerns inherent in the design of sprintf(3), it is highly recommended that you use snprintf(3) instead. [-Wdeprecated-declarations]
 1417 |             sprintf(work, ":%.2x", temp);
      |             ^
/Library/Developer/CommandLineTools/SDKs/MacOSX.sdk/usr/include/_stdio.h:278:1: note: 'sprintf' has been explicitly marked deprecated here
  278 | __deprecated_msg("This function is provided for compatibility reasons only.  Due to security concerns inherent in the design of sprintf(3), it is highly recommended that you use snprintf(3) instead.")
      | ^
/Library/Developer/CommandLineTools/SDKs/MacOSX.sdk/usr/include/sys/cdefs.h:227:48: note: expanded from macro '__deprecated_msg'
  227 |         #define __deprecated_msg(_msg) __attribute__((__deprecated__(_msg)))
      |                                                       ^
/Users/adrian/CLionProjects/CREXX/lib/plugins/recv390/recv390.c:1420:13: warning: 'sprintf' is deprecated: This function is provided for compatibility reasons only.  Due to security concerns inherent in the design of sprintf(3), it is highly recommended that you use snprintf(3) instead. [-Wdeprecated-declarations]
 1420 |             sprintf(work, " %5d", temp);
      |             ^
/Library/Developer/CommandLineTools/SDKs/MacOSX.sdk/usr/include/_stdio.h:278:1: note: 'sprintf' has been explicitly marked deprecated here
  278 | __deprecated_msg("This function is provided for compatibility reasons only.  Due to security concerns inherent in the design of sprintf(3), it is highly recommended that you use snprintf(3) instead.")
      | ^
/Library/Developer/CommandLineTools/SDKs/MacOSX.sdk/usr/include/sys/cdefs.h:227:48: note: expanded from macro '__deprecated_msg'
  227 |         #define __deprecated_msg(_msg) __attribute__((__deprecated__(_msg)))
      |                                                       ^
/Users/adrian/CLionProjects/CREXX/lib/plugins/recv390/recv390.c:1423:13: warning: 'sprintf' is deprecated: This function is provided for compatibility reasons only.  Due to security concerns inherent in the design of sprintf(3), it is highly recommended that you use snprintf(3) instead. [-Wdeprecated-declarations]
 1423 |             sprintf(work, " %5d", temp);
      |             ^
/Library/Developer/CommandLineTools/SDKs/MacOSX.sdk/usr/include/_stdio.h:278:1: note: 'sprintf' has been explicitly marked deprecated here
  278 | __deprecated_msg("This function is provided for compatibility reasons only.  Due to security concerns inherent in the design of sprintf(3), it is highly recommended that you use snprintf(3) instead.")
      | ^
/Library/Developer/CommandLineTools/SDKs/MacOSX.sdk/usr/include/sys/cdefs.h:227:48: note: expanded from macro '__deprecated_msg'
  227 |         #define __deprecated_msg(_msg) __attribute__((__deprecated__(_msg)))
      |                                                       ^
/Users/adrian/CLionProjects/CREXX/lib/plugins/recv390/recv390.c:1426:13: warning: 'sprintf' is deprecated: This function is provided for compatibility reasons only.  Due to security concerns inherent in the design of sprintf(3), it is highly recommended that you use snprintf(3) instead. [-Wdeprecated-declarations]
 1426 |             sprintf(work, " %5d ", temp);
      |             ^
/Library/Developer/CommandLineTools/SDKs/MacOSX.sdk/usr/include/_stdio.h:278:1: note: 'sprintf' has been explicitly marked deprecated here
  278 | __deprecated_msg("This function is provided for compatibility reasons only.  Due to security concerns inherent in the design of sprintf(3), it is highly recommended that you use snprintf(3) instead.")
      | ^
/Library/Developer/CommandLineTools/SDKs/MacOSX.sdk/usr/include/sys/cdefs.h:227:48: note: expanded from macro '__deprecated_msg'
  227 |         #define __deprecated_msg(_msg) __attribute__((__deprecated__(_msg)))
      |                                                       ^
/Users/adrian/CLionProjects/CREXX/lib/plugins/recv390/recv390.c:2254:9: warning: 'sprintf' is deprecated: This function is provided for compatibility reasons only.  Due to security concerns inherent in the design of sprintf(3), it is highly recommended that you use snprintf(3) instead. [-Wdeprecated-declarations]
 2254 |         sprintf(hdrbuf, "<snap> %p.%d (0x%.4X) %s\n", ptr, len, len, title);
      |         ^
/Library/Developer/CommandLineTools/SDKs/MacOSX.sdk/usr/include/_stdio.h:278:1: note: 'sprintf' has been explicitly marked deprecated here
  278 | __deprecated_msg("This function is provided for compatibility reasons only.  Due to security concerns inherent in the design of sprintf(3), it is highly recommended that you use snprintf(3) instead.")
      | ^
/Library/Developer/CommandLineTools/SDKs/MacOSX.sdk/usr/include/sys/cdefs.h:227:48: note: expanded from macro '__deprecated_msg'
  227 |         #define __deprecated_msg(_msg) __attribute__((__deprecated__(_msg)))
      |                                                       ^
/Users/adrian/CLionProjects/CREXX/lib/plugins/recv390/recv390.c:2267:17: warning: 'sprintf' is deprecated: This function is provided for compatibility reasons only.  Due to security concerns inherent in the design of sprintf(3), it is highly recommended that you use snprintf(3) instead. [-Wdeprecated-declarations]
 2267 |             x = sprintf(prtbuf, "%.8lX %.4x  ",
      |                 ^
/Library/Developer/CommandLineTools/SDKs/MacOSX.sdk/usr/include/_stdio.h:278:1: note: 'sprintf' has been explicitly marked deprecated here
  278 | __deprecated_msg("This function is provided for compatibility reasons only.  Due to security concerns inherent in the design of sprintf(3), it is highly recommended that you use snprintf(3) instead.")
      | ^
/Library/Developer/CommandLineTools/SDKs/MacOSX.sdk/usr/include/sys/cdefs.h:227:48: note: expanded from macro '__deprecated_msg'
  227 |         #define __deprecated_msg(_msg) __attribute__((__deprecated__(_msg)))
      |                                                       ^
/Users/adrian/CLionProjects/CREXX/lib/plugins/recv390/recv390.c:2271:17: warning: 'sprintf' is deprecated: This function is provided for compatibility reasons only.  Due to security concerns inherent in the design of sprintf(3), it is highly recommended that you use snprintf(3) instead. [-Wdeprecated-declarations]
 2271 |             x = sprintf(prtbuf, "%.4x  ", i + offset);
      |                 ^
/Library/Developer/CommandLineTools/SDKs/MacOSX.sdk/usr/include/_stdio.h:278:1: note: 'sprintf' has been explicitly marked deprecated here
  278 | __deprecated_msg("This function is provided for compatibility reasons only.  Due to security concerns inherent in the design of sprintf(3), it is highly recommended that you use snprintf(3) instead.")
      | ^
/Library/Developer/CommandLineTools/SDKs/MacOSX.sdk/usr/include/sys/cdefs.h:227:48: note: expanded from macro '__deprecated_msg'
  227 |         #define __deprecated_msg(_msg) __attribute__((__deprecated__(_msg)))
      |                                                       ^
/Users/adrian/CLionProjects/CREXX/lib/plugins/recv390/recv390.c:2279:21: warning: 'sprintf' is deprecated: This function is provided for compatibility reasons only.  Due to security concerns inherent in the design of sprintf(3), it is highly recommended that you use snprintf(3) instead. [-Wdeprecated-declarations]
 2279 |                     sprintf(&prtbuf[x], "%.2x", workint);
      |                     ^
/Library/Developer/CommandLineTools/SDKs/MacOSX.sdk/usr/include/_stdio.h:278:1: note: 'sprintf' has been explicitly marked deprecated here
  278 | __deprecated_msg("This function is provided for compatibility reasons only.  Due to security concerns inherent in the design of sprintf(3), it is highly recommended that you use snprintf(3) instead.")
      | ^
/Library/Developer/CommandLineTools/SDKs/MacOSX.sdk/usr/include/sys/cdefs.h:227:48: note: expanded from macro '__deprecated_msg'
  227 |         #define __deprecated_msg(_msg) __attribute__((__deprecated__(_msg)))
      |                                                       ^
[ 14%] Building C object lib/plugins/map/CMakeFiles/_map.dir/map.c.o
[ 14%] Building C object lib/plugins/rxtcp/CMakeFiles/_rxtcp.dir/rxtcp.c.o
14 warnings generated.
[ 14%] Linking C static library ../../../bin/rx_recv390_static.a
[ 14%] Linking C shared module ../../../bin/rx_map.rxplugin
[ 14%] Linking C shared module ../../../bin/rx_rxtcp.rxplugin
[ 14%] Built target _recv390_static
[ 14%] Building C object lib/plugins/rxtcp/CMakeFiles/_rxtcp_static.dir/rxtcp.c.o
[ 14%] Built target _map
[ 14%] Built target _rxtcp
[ 14%] Building C object lib/plugins/odbc/CMakeFiles/_odbc_static.dir/odbc.c.o
[ 14%] Building C object lib/plugins/odbc/CMakeFiles/_odbc.dir/odbc.c.o
[ 14%] Linking C static library ../../../bin/rx_rxtcp_static.a
[ 14%] Linking C static library ../../../bin/rx_odbc_static.a
[ 14%] Built target _rxtcp_static
[ 14%] Linking C shared module ../../../bin/rx_odbc.rxplugin
[ 14%] Building C object tests/CMakeFiles/test_rxinteger_contract.dir/test_rxinteger_contract.c.o
[ 14%] Built target _odbc
[ 14%] Built target _odbc_static
[ 14%] Linking C executable test_rxinteger_contract
[ 14%] Built target test_rxop_metadata
[ 14%] Built target signal_tester
[ 14%] Building C object tests/rxpa/CMakeFiles/_rcc_provider.dir/rcc_provider.c.o
[ 15%] Building C object tests/rxpa/CMakeFiles/_rcc_provider_static.dir/rcc_provider.c.o
[ 15%] Built target test_rxinteger_contract
[ 15%] Linking C static library ../rx_rcc_provider_static.a
[ 15%] Linking C shared module ../../bin/rx_rcc_provider.rxplugin
[ 15%] Building C object tests/rxpa/CMakeFiles/_cri17_attached.dir/cri17_attached_provider.c.o
[ 15%] Linking C shared module rx_cri17provider.rxplugin
[ 15%] Built target _rcc_provider
[ 15%] Built target _rcc_provider_static
[ 15%] Building C object tests/rxpa/CMakeFiles/_cri17_attached_static.dir/cri17_attached_provider.c.o
[ 15%] Building C object tests/rxpa/CMakeFiles/_rxpa_bench_reentrant.dir/rxpa_call_kernel.c.o
[ 15%] Built target _cri17_attached
[ 15%] Linking C shared module rx_rxpa_bench_reentrant.rxplugin
[ 15%] Linking C static library ../rx_cri17provider_static.a
[ 15%] Building C object tests/rxpa/CMakeFiles/_rxpa_bench_legacy.dir/rxpa_call_kernel.c.o
[ 15%] Linking C shared module rx_rxpa_bench_legacy.rxplugin
[ 15%] Built target _rxpa_bench_reentrant
[ 15%] Building C object tests/rxpa/CMakeFiles/_rxpa_bench_session.dir/rxpa_call_kernel.c.o
[ 15%] Built target _cri17_attached_static
[ 15%] Built target _rxpa_bench_legacy
[ 16%] Building C object tests/rxpa/CMakeFiles/_rxpa_objects.dir/rxpa_objects.c.o
[ 16%] Building C object tests/rxpa/CMakeFiles/_rxpa_objects_static.dir/rxpa_objects.c.o
[ 16%] Linking C shared module rx_rxpa_bench_session.rxplugin
[ 16%] Linking C shared module rx_rxpa_objects.rxplugin
[ 16%] Built target _rxpa_bench_session
[ 16%] Linking C static library ../rx_rxpa_objects_static.a
[ 16%] Building C object tests/rxpa/CMakeFiles/_rxpa_objects_decl.dir/rxpa_objects.c.o
[ 16%] Built target _rxpa_objects
[ 16%] Linking C static library ../rx_rxpa_objects_decl.a
[ 16%] Building C object tests/rxpa/CMakeFiles/_rxpa_callmethod_static.dir/rxpa_callmethod.c.o
[ 16%] Built target _rxpa_objects_static
[ 16%] Building C object tests/rxpa/CMakeFiles/_rxpalink_decl.dir/rxpa_staticlink.c.o
[ 16%] Built target _rxpa_objects_decl
[ 16%] Linking C static library ../rx_rxpa_callmethod_static.a
[ 16%] Building C object tests/rxpa/CMakeFiles/_rxpa_classdecl_static_decl.dir/rxpa_classdecl.c.o
[ 16%] Linking C static library ../rx_rxpalink_decl.a
[ 16%] Built target _rxpa_callmethod_static
[ 16%] Linking C static library ../rx_rxpa_classdecl_static_decl.a
[ 16%] Building C object tests/rxpa/CMakeFiles/_rxpalink_static.dir/rxpa_staticlink.c.o
[ 16%] Built target _rxpalink_decl
[ 16%] Building C object tests/rxpa/CMakeFiles/_testfuncs_static.dir/rxpa_functests.c.o
[ 16%] Built target _rxpa_classdecl_static_decl
[ 16%] Linking C static library ../rx_rxpalink_static.a
/Users/adrian/CLionProjects/CREXX/tests/rxpa/rxpa_functests.c:119:5: warning: 'sprintf' is deprecated: This function is provided for compatibility reasons only.  Due to security concerns inherent in the design of sprintf(3), it is highly recommended that you use snprintf(3) instead. [-Wdeprecated-declarations]
  119 |     sprintf(buffer, "%s%s", GETSTRING(ARG(0)), GETSTRING(ARG(1)));
      |     ^
/Library/Developer/CommandLineTools/SDKs/MacOSX.sdk/usr/include/_stdio.h:278:1: note: 'sprintf' has been explicitly marked deprecated here
  278 | __deprecated_msg("This function is provided for compatibility reasons only.  Due to security concerns inherent in the design of sprintf(3), it is highly recommended that you use snprintf(3) instead.")
      | ^
/Library/Developer/CommandLineTools/SDKs/MacOSX.sdk/usr/include/sys/cdefs.h:227:48: note: expanded from macro '__deprecated_msg'
  227 |         #define __deprecated_msg(_msg) __attribute__((__deprecated__(_msg)))
      |                                                       ^
/Users/adrian/CLionProjects/CREXX/tests/rxpa/rxpa_functests.c:139:5: warning: 'sprintf' is deprecated: This function is provided for compatibility reasons only.  Due to security concerns inherent in the design of sprintf(3), it is highly recommended that you use snprintf(3) instead. [-Wdeprecated-declarations]
  139 |     sprintf(buffer, "%s%s", GETSTRING(ARG(0)), GETSTRING(ARG(1)));
      |     ^
/Library/Developer/CommandLineTools/SDKs/MacOSX.sdk/usr/include/_stdio.h:278:1: note: 'sprintf' has been explicitly marked deprecated here
  278 | __deprecated_msg("This function is provided for compatibility reasons only.  Due to security concerns inherent in the design of sprintf(3), it is highly recommended that you use snprintf(3) instead.")
      | ^
/Library/Developer/CommandLineTools/SDKs/MacOSX.sdk/usr/include/sys/cdefs.h:227:48: note: expanded from macro '__deprecated_msg'
  227 |         #define __deprecated_msg(_msg) __attribute__((__deprecated__(_msg)))
      |                                                       ^
[ 16%] Building C object crexx_driver/tests/CMakeFiles/project_failure_helper.dir/project_failure_helper.c.o
2 warnings generated.
[ 17%] Linking C static library ../rx_testfuncs_static.a
[ 17%] Built target _rxpalink_static
[ 17%] Linking C executable ../../bin/project_failure_helper
[ 17%] Built target crexx_sqlite3_objects
[ 18%] Built target parser_tester
[ 18%] Built target _testfuncs_static
[ 18%] Building C object binutils/CMakeFiles/test_record_allocation.dir/tests/test_record_allocation.c.o
[ 18%] Built target project_failure_helper
[ 18%] Building C object binutils/CMakeFiles/test_compression_workspace.dir/tests/test_compression_workspace.c.o
[ 18%] Linking C executable ../bin/test_rxsha256
[ 18%] Built target test_rxsha256
[ 18%] Linking C executable ../bin/test_compression_workspace
[ 18%] Building C object binutils/CMakeFiles/test_rxgraph.dir/tests/test_rxgraph.c.o
[ 18%] Linking C executable ../bin/test_record_allocation
[ 18%] Built target test_compression_workspace
[ 18%] Built target test_record_allocation
[ 18%] Linking C executable ../bin/test_rxgraph
[ 18%] Built target rxas_test_flatten
[ 18%] Building C object contract/CMakeFiles/crexx-contract.dir/contract_model.c.o
[ 18%] Built target rxvmref
[ 18%] Built target test_rxgraph
[ 18%] Building C object interpreter/CMakeFiles/test_rxpa_odbc_old_host.dir/tests/test_rxpa_odbc_old_host.c.o
[ 18%] Building C object interpreter/CMakeFiles/test_rxpa_utf_validation.dir/tests/test_rxpa_utf_validation.c.o
[ 22%] Built target re2c
[ 22%] Linking C executable ../bin/crexx-contract
[ 22%] Building C object lib/plugins/sqlite/CMakeFiles/sqlite.dir/rxsqlite.c.o
In file included from /Users/adrian/CLionProjects/CREXX/interpreter/tests/test_rxpa_utf_validation.c:8:
/Users/adrian/CLionProjects/CREXX/interpreter/rxvmvars.h:2899:13: warning: 'sprintf' is deprecated: This function is provided for compatibility reasons only.  Due to security concerns inherent in the design of sprintf(3), it is highly recommended that you use snprintf(3) instead. [-Wdeprecated-declarations]
 2899 | [ 23%] Linking C executable test_rxpa_odbc_old_host
            sprintf(formatted_output, scientific_format, coefficient, exponent);
      |             ^
/Library/Developer/CommandLineTools/SDKs/MacOSX.sdk/usr/include/_stdio.h:278:1: note: 'sprintf' has been explicitly marked deprecated here
  278 | __deprecated_msg("This function is provided for compatibility reasons only.  Due to security concerns inherent in the design of sprintf(3), it is highly recommended that you use snprintf(3) instead.")
      | ^
/Library/Developer/CommandLineTools/SDKs/MacOSX.sdk/usr/include/sys/cdefs.h:227:48: note: expanded from macro '__deprecated_msg'
  227 |         #define __deprecated_msg(_msg) __attribute__((__deprecated__(_msg)))
      |                                                       ^
In file included from /Users/adrian/CLionProjects/CREXX/interpreter/tests/test_rxpa_utf_validation.c:8:
/Users/adrian/CLionProjects/CREXX/interpreter/rxvmvars.h:3034:5: warning: 'sprintf' is deprecated: This function is provided for compatibility reasons only.  Due to security concerns inherent in the design of sprintf(3), it is highly recommended that you use snprintf(3) instead. [-Wdeprecated-declarations]
 3034 |     sprintf(formatted_output, engineering_format, eng_exp);
      |     ^
/Library/Developer/CommandLineTools/SDKs/MacOSX.sdk/usr/include/_stdio.h:278:1: note: 'sprintf' has been explicitly marked deprecated here
  278 | __deprecated_msg("This function is provided for compatibility reasons only.  Due to security concerns inherent in the design of sprintf(3), it is highly recommended that you use snprintf(3) instead.")
      | ^
/Library/Developer/CommandLineTools/SDKs/MacOSX.sdk/usr/include/sys/cdefs.h:227:48: note: expanded from macro '__deprecated_msg'
  227 |         #define __deprecated_msg(_msg) __attribute__((__deprecated__(_msg)))
      |                                                       ^
2 warnings generated.
[ 23%] Building C object interpreter/CMakeFiles/test_rxpa_utf_validation.dir/rxpafuncs.c.o
[ 23%] Built target crexx-contract
[ 23%] Built target test_rxpa_odbc_old_host
[ 23%] Building C object lib/plugins/sqlite/CMakeFiles/sqlite_static.dir/rxsqlite.c.o
In file included from /Users/adrian/CLionProjects/CREXX/interpreter/rxpafuncs.c:34:
/Users/adrian/CLionProjects/CREXX/interpreter/rxvmvars.h:2899:13: warning: 'sprintf' is deprecated: This function is provided for compatibility reasons only.  Due to security concerns inherent in the design of sprintf(3), it is highly recommended that you use snprintf(3) instead. [-Wdeprecated-declarations]
 2899 |             sprintf(formatted_output, scientific_format, coefficient, exponent);
      |             ^
/Library/Developer/CommandLineTools/SDKs/MacOSX.sdk/usr/include/_stdio.h:278:1: note: 'sprintf' has been explicitly marked deprecated here
  278 | __deprecated_msg("This function is provided for compatibility reasons only.  Due to security concerns inherent in the design of sprintf(3), it is highly recommended that you use snprintf(3) instead.")
      | ^
/Library/Developer/CommandLineTools/SDKs/MacOSX.sdk/usr/include/sys/cdefs.h:227:48: note: expanded from macro '__deprecated_msg'
  227 |         #define __deprecated_msg(_msg) __attribute__((__deprecated__(_msg)))
      |                                                       ^
In file included from /Users/adrian/CLionProjects/CREXX/interpreter/rxpafuncs.c:34:
/Users/adrian/CLionProjects/CREXX/interpreter/rxvmvars.h:3034:5: warning: 'sprintf' is deprecated: This function is provided for compatibility reasons only.  Due to security concerns inherent in the design of sprintf(3), it is highly recommended that you use snprintf(3) instead. [-Wdeprecated-declarations]
 3034 |     sprintf(formatted_output, engineering_format, eng_exp);
      |     ^
/Library/Developer/CommandLineTools/SDKs/MacOSX.sdk/usr/include/_stdio.h:278:1: note: 'sprintf' has been explicitly marked deprecated here
  278 | __deprecated_msg("This function is provided for compatibility reasons only.  Due to security concerns inherent in the design of sprintf(3), it is highly recommended that you use snprintf(3) instead.")
      | ^
/Library/Developer/CommandLineTools/SDKs/MacOSX.sdk/usr/include/sys/cdefs.h:227:48: note: expanded from macro '__deprecated_msg'
  227 |         #define __deprecated_msg(_msg) __attribute__((__deprecated__(_msg)))
      |                                                       ^
[ 23%] Building C object lib/plugins/sqlite/CMakeFiles/rxsqlite_thread_test.dir/tests/rxsqlite_thread_test.c.o
[ 23%] Linking C shared module ../../../bin/rxsqlite.rxplugin
2 warnings generated.
[ 23%] Building C object interpreter/CMakeFiles/test_rxpa_utf_validation.dir/rxvmactive.c.o
[ 23%] Linking C static library ../../../bin/rxsqlite_static.a
[ 23%] Built target sqlite
[ 23%] Building C object interpreter/CMakeFiles/test_rxpa_utf_validation.dir/rxvmworker.c.o
[ 23%] Linking C executable rxsqlite_thread_test
[ 23%] Linking C executable test_rxpa_utf_validation
[ 23%] Built target sqlite_static
[ 25%] Built target ggml-metal
[ 25%] Built target rxsqlite_thread_test
[ 25%] Built target rxvmplugin
[ 25%] Building C object assembler/CMakeFiles/rxaslib.dir/rxas_opt.c.o
[ 25%] Built target test_rxpa_utf_validation
[ 25%] Building C object interpreter/CMakeFiles/test_value_factory_allocation.dir/tests/test_value_factory_allocation.c.o
[ 25%] Building C object interpreter/CMakeFiles/ts_regvalue_tester.dir/tests/ts_regvalue_tester.c.o
In file included from /Users/adrian/CLionProjects/CREXX/interpreter/tests/test_value_factory_allocation.c:25:
/Users/adrian/CLionProjects/CREXX/interpreter/./rxvmvars.h:2899:13: warning: 'sprintf' is deprecated: This function is provided for compatibility reasons only.  Due to security concerns inherent in the design of sprintf(3), it is highly recommended that you use snprintf(3) instead. [-Wdeprecated-declarations]
 2899 |             sprintf(formatted_output, scientific_format, coefficient, exponent);
      |             ^
/Library/Developer/CommandLineTools/SDKs/MacOSX.sdk/usr/include/_stdio.h:278:1: note: 'sprintf' has been explicitly marked deprecated here
  278 | __deprecated_msg("This function is provided for compatibility reasons only.  Due to security concerns inherent in the design of sprintf(3), it is highly recommended that you use snprintf(3) instead.")
      | ^
/Library/Developer/CommandLineTools/SDKs/MacOSX.sdk/usr/include/sys/cdefs.h:227:48: note: expanded from macro '__deprecated_msg'
  227 |         #define __deprecated_msg(_msg) __attribute__((__deprecated__(_msg)))
      |                                                       ^
In file included from /Users/adrian/CLionProjects/CREXX/interpreter/tests/test_value_factory_allocation.c:25:
/Users/adrian/CLionProjects/CREXX/interpreter/./rxvmvars.h:3034:5: warning: 'sprintf' is deprecated: This function is provided for compatibility reasons only.  Due to security concerns inherent in the design of sprintf(3), it is highly recommended that you use snprintf(3) instead. [-Wdeprecated-declarations]
 3034 |     sprintf(formatted_output, engineering_format, eng_exp);
      |     ^
/Library/Developer/CommandLineTools/SDKs/MacOSX.sdk/usr/include/_stdio.h:278:1: note: 'sprintf' has been explicitly marked deprecated here
  278 | __deprecated_msg("This function is provided for compatibility reasons only.  Due to security concerns inherent in the design of sprintf(3), it is highly recommended that you use snprintf(3) instead.")
      | ^
/Library/Developer/CommandLineTools/SDKs/MacOSX.sdk/usr/include/sys/cdefs.h:227:48: note: expanded from macro '__deprecated_msg'
  227 |         #define __deprecated_msg(_msg) __attribute__((__deprecated__(_msg)))
      |                                                       ^
2 warnings generated.
[ 25%] Built target ggml-cpu
In file included from /Users/adrian/CLionProjects/CREXX/interpreter/tests/ts_regvalue_tester.c:15:
/Users/adrian/CLionProjects/CREXX/interpreter/rxvmvars.h:2899:13: warning: 'sprintf' is deprecated: This function is provided for compatibility reasons only.  Due to security concerns inherent in the design of sprintf(3), it is highly recommended that you use snprintf(3) instead. [-Wdeprecated-declarations]
 2899 |             sprintf(formatted_output, scientific_format, coefficient, exponent);
      |             ^
/Library/Developer/CommandLineTools/SDKs/MacOSX.sdk/usr/include/_stdio.h:278:1: note: 'sprintf' has been explicitly marked deprecated here
  278 | __deprecated_msg("This function is provided for compatibility reasons only.  Due to security concerns inherent in the design of sprintf(3), it is highly recommended that you use snprintf(3) instead.")
      | ^
[ 25%] Linking C executable test_value_factory_allocation
/Library/Developer/CommandLineTools/SDKs/MacOSX.sdk/usr/include/sys/cdefs.h:227:48: note: expanded from macro '__deprecated_msg'
  227 |         #define __deprecated_msg(_msg) __attribute__((__deprecated__(_msg)))
      |                                                       ^
In file included from /Users/adrian/CLionProjects/CREXX/interpreter/tests/ts_regvalue_tester.c:15:
/Users/adrian/CLionProjects/CREXX/interpreter/rxvmvars.h:3034:5: warning: 'sprintf' is deprecated: This function is provided for compatibility reasons only.  Due to security concerns inherent in the design of sprintf(3), it is highly recommended that you use snprintf(3) instead. [-Wdeprecated-declarations]
 3034 |     sprintf(formatted_output, engineering_format, eng_exp);
      |     ^
/Library/Developer/CommandLineTools/SDKs/MacOSX.sdk/usr/include/_stdio.h:278:1: note: 'sprintf' has been explicitly marked deprecated here
  278 | __deprecated_msg("This function is provided for compatibility reasons only.  Due to security concerns inherent in the design of sprintf(3), it is highly recommended that you use snprintf(3) instead.")
      | ^
/Library/Developer/CommandLineTools/SDKs/MacOSX.sdk/usr/include/sys/cdefs.h:227:48: note: expanded from macro '__deprecated_msg'
  227 |         #define __deprecated_msg(_msg) __attribute__((__deprecated__(_msg)))
      |                                                       ^
[ 25%] Building C object assembler/CMakeFiles/rxaslib.dir/rxas_flow.c.o
[ 25%] Building C object interpreter/CMakeFiles/test_rxvmstem.dir/tests/test_rxvmstem.c.o
[ 25%] Built target test_value_factory_allocation
In file included from /Users/adrian/CLionProjects/CREXX/interpreter/tests/test_rxvmstem.c:26:
In file included from /Users/adrian/CLionProjects/CREXX/interpreter/rxvmstem.h:32:
/Users/adrian/CLionProjects/CREXX/interpreter/rxvmvars.h:2899:13: warning: 'sprintf' is deprecated: This function is provided for compatibility reasons only.  Due to security concerns inherent in the design of sprintf(3), it is highly recommended that you use snprintf(3) instead. [-Wdeprecated-declarations]
 2899 |             sprintf(formatted_output, scientific_format, coefficient, exponent);
      |             ^
/Library/Developer/CommandLineTools/SDKs/MacOSX.sdk/usr/include/_stdio.h:278:1: note: 'sprintf' has been explicitly marked deprecated here
  278 | __deprecated_msg("This function is provided for compatibility reasons only.  Due to security concerns inherent in the design of sprintf(3), it is highly recommended that you use snprintf(3) instead.")
      | ^
/Library/Developer/CommandLineTools/SDKs/MacOSX.sdk/usr/include/sys/cdefs.h:227:48: note: expanded from macro '__deprecated_msg'
  227 |         #define __deprecated_msg(_msg) __attribute__((__deprecated__(_msg)))
      |                                                       ^
In file included from /Users/adrian/CLionProjects/CREXX/interpreter/tests/test_rxvmstem.c:26:
In file included from /Users/adrian/CLionProjects/CREXX/interpreter/rxvmstem.h:32:
/Users/adrian/CLionProjects/CREXX/interpreter/rxvmvars.h:3034:5: warning: 'sprintf' is deprecated: This function is provided for compatibility reasons only.  Due to security concerns inherent in the design of sprintf(3), it is highly recommended that you use snprintf(3) instead. [-Wdeprecated-declarations]
 3034 |     sprintf(formatted_output, engineering_format, eng_exp);
      |     ^
/Library/Developer/CommandLineTools/SDKs/MacOSX.sdk/usr/include/_stdio.h:278:1: note: 'sprintf' has been explicitly marked deprecated here
  278 | __deprecated_msg("This function is provided for compatibility reasons only.  Due to security concerns inherent in the design of sprintf(3), it is highly recommended that you use snprintf(3) instead.")
      | ^
/Library/Developer/CommandLineTools/SDKs/MacOSX.sdk/usr/include/sys/cdefs.h:227:48: note: expanded from macro '__deprecated_msg'
  227 |         #define __deprecated_msg(_msg) __attribute__((__deprecated__(_msg)))
      |                                                       ^
2 warnings generated.
[ 25%] Building C object interpreter/CMakeFiles/test_rxvmstem_allocator_family.dir/tests/test_rxvmstem_allocator_family.c.o
[ 25%] Linking C executable ts_regvalue_tester
2 warnings generated.
In file included from /Users/adrian/CLionProjects/CREXX/interpreter/tests/test_rxvmstem_allocator_family.c:9:
In file included from /Users/adrian/CLionProjects/CREXX/interpreter/rxvmstem.h:32:
/Users/adrian/CLionProjects/CREXX/interpreter/rxvmvars.h:2899:13: warning: 'sprintf' is deprecated: This function is provided for compatibility reasons only.  Due to security concerns inherent in the design of sprintf(3), it is highly recommended that you use snprintf(3) instead. [-Wdeprecated-declarations]
 2899 |             sprintf(formatted_output, scientific_format, coefficient, exponent);
      |             ^
/Library/Developer/CommandLineTools/SDKs/MacOSX.sdk/usr/include/_stdio.h:278:1: note: 'sprintf' has been explicitly marked deprecated here
  278 | __deprecated_msg("This function is provided for compatibility reasons only.  Due to security concerns inherent in the design of sprintf(3), it is highly recommended that you use snprintf(3) instead.")
      | ^
/Library/Developer/CommandLineTools/SDKs/MacOSX.sdk/usr/include/sys/cdefs.h:227:48: note: expanded from macro '__deprecated_msg'
  227 |         #define __deprecated_msg(_msg) __attribute__((__deprecated__(_msg)))
      |                                                       ^
In file included from /Users/adrian/CLionProjects/CREXX/interpreter/tests/test_rxvmstem_allocator_family.c:9:
In file included from /Users/adrian/CLionProjects/CREXX/interpreter/rxvmstem.h:32:
/Users/adrian/CLionProjects/CREXX/interpreter/rxvmvars.h:3034:5: warning: 'sprintf' is deprecated: This function is provided for compatibility reasons only.  Due to security concerns inherent in the design of sprintf(3), it is highly recommended that you use snprintf(3) instead. [-Wdeprecated-declarations]
 3034 |     sprintf(formatted_output, engineering_format, eng_exp);
      |     ^
/Library/Developer/CommandLineTools/SDKs/MacOSX.sdk/usr/include/_stdio.h[ 25%] Linking C executable test_rxvmstem
:278:1: note: 'sprintf' has been explicitly marked deprecated here
  278 | __deprecated_msg("This function is provided for compatibility reasons only.  Due to security concerns inherent in the design of sprintf(3), it is highly recommended that you use snprintf(3) instead.")
      | ^
/Library/Developer/CommandLineTools/SDKs/MacOSX.sdk/usr/include/sys/cdefs.h:227:48: note: expanded from macro '__deprecated_msg'
  227 |         #define __deprecated_msg(_msg) __attribute__((__deprecated__(_msg)))
      |                                                       ^
[ 25%] Built target ts_regvalue_tester
2 warnings generated.
[ 25%] Building C object interpreter/rxvmplugin/rxvmplugins/db_decimal/CMakeFiles/db_decimal_dynamic.dir/db_decimal.c.o
[ 25%] Linking C executable test_rxvmstem_allocator_family
[ 25%] Building C object assembler/CMakeFiles/rxaslib.dir/rxas_flow_batch.c.o
[ 25%] Built target test_rxvmstem
[ 25%] Building C object interpreter/rxvmplugin/rxvmplugins/db_decimal/CMakeFiles/db_decimal_manual.dir/db_decimal.c.o
/Users/adrian/CLionProjects/CREXX/interpreter/rxvmplugin/rxvmplugins/db_decimal/db_decimal.c:818:5: warning: 'sprintf' is deprecated: This function is provided for compatibility reasons only.  Due to security concerns inherent in the design of sprintf(3), it is highly recommended that you use snprintf(3) instead. [-Wdeprecated-declarations]
  818 |     sprintf(coefficient, is_negative ? "-%.*Lf" : "%.*Lf", (int)((dbcontext*)(plugin->base.private_context))->digits - 1, coeff);
      |     ^
/Library/Developer/CommandLineTools/SDKs/MacOSX.sdk/usr/include/_stdio.h:278:1: note: 'sprintf' has been explicitly marked deprecated here
  278 | __deprecated_msg("This function is provided for compatibility reasons only.  Due to security concerns inherent in the design of sprintf(3), it is highly recommended that you use snprintf(3) instead.")
      | ^
/Library/Developer/CommandLineTools/SDKs/MacOSX.sdk/usr/include/sys/cdefs.h:227:48: note: expanded from macro '__deprecated_msg'
  227 |         #define __deprecated_msg(_msg) __attribute__((__deprecated__(_msg)))
      |                                                       ^
[ 25%] Built target test_rxvmstem_allocator_family
1 warning generated.
[ 25%] Building C object assembler/CMakeFiles/rxaslib.dir/rxas_flow_graph.c.o
[ 25%] Linking C shared module ../../../../bin/rxvm_db_decimal.rxvmplugin
/Users/adrian/CLionProjects/CREXX/interpreter/rxvmplugin/rxvmplugins/db_decimal/db_decimal.c:818:5: warning: 'sprintf' is deprecated: This function is provided for compatibility reasons only.  Due to security concerns inherent in the design of sprintf(3), it is highly recommended that you use snprintf(3) instead. [-Wdeprecated-declarations]
  818 |     sprintf(coefficient, is_negative ? "-%.*Lf" : "%.*Lf", (int)((dbcontext*)(plugin->base.private_context))->digits - 1, coeff);
      |     ^
/Library/Developer/CommandLineTools/SDKs/MacOSX.sdk/usr/include/_stdio.h:278:1: note: 'sprintf' has been explicitly marked deprecated here
  278 | __deprecated_msg("This function is provided for compatibility reasons only.  Due to security concerns inherent in the design of sprintf(3), it is highly recommended that you use snprintf(3) instead.")
      | ^
/Library/Developer/CommandLineTools/SDKs/MacOSX.sdk/usr/include/sys/cdefs.h:227:48: note: expanded from macro '__deprecated_msg'
  227 |         #define __deprecated_msg(_msg) __attribute__((__deprecated__(_msg)))
      |                                                       ^
[ 25%] Building C object interpreter/rxvmplugin/rxvmplugins/mc_decimal/CMakeFiles/mc_decimal.dir/mc_decimal.c.o
1 warning generated.
[ 25%] Linking C static library ../../../../bin/rxvm_db_decimal_manual.a
[ 25%] Built target db_decimal_dynamic
[ 25%] Building C object assembler/CMakeFiles/rxaslib.dir/rxas_flow_rewrite.c.o
[ 25%] Linking C static library ../../../../bin/rxvm_mc_decimal.a
[ 25%] Built target ggml
[ 25%] Built target db_decimal_manual
[ 25%] Building C object assembler/CMakeFiles/rxaslib.dir/rxas_flow_signal.c.o
[ 25%] Built target mc_decimal_manual
[ 25%] Built target mc_decimal
[ 25%] Building C object assembler/CMakeFiles/rxaslib.dir/rxas_flow_ssa.c.o
[ 26%] Building C object interpreter/rxvmplugin/rxvmplugins/mc_decimal/CMakeFiles/mc_decimal_dynamic.dir/mc_decimal.c.o
[ 26%] Building C object interpreter/CMakeFiles/rxtvm.dir/rxvmmain.c.o
[ 26%] Building C object assembler/CMakeFiles/rxaslib.dir/rxas_flow_use.c.o
/Users/adrian/CLionProjects/CREXX/interpreter/rxvmmain.c:387:13: warning: 'sprintf' is deprecated: This function is provided for compatibility reasons only.  Due to security concerns inherent in the design of sprintf(3), it is highly recommended that you use snprintf(3) instead. [-Wdeprecated-declarations]
  387 |             sprintf(installed_provider_path, "%s/providers", exe_path);
      |             ^
/Library/Developer/CommandLineTools/SDKs/MacOSX.sdk/usr/include/_stdio.h:278:1: note: 'sprintf' has been explicitly marked deprecated here
  278 | __deprecated_msg("This function is provided for compatibility reasons only.  Due to security concerns inherent in the design of sprintf(3), it is highly recommended that you use snprintf(3) instead.")
      | ^
/Library/Developer/CommandLineTools/SDKs/MacOSX.sdk/usr/include/sys/cdefs.h:227:48: note: expanded from macro '__deprecated_msg'
  227 |         #define __deprecated_msg(_msg) __attribute__((__deprecated__(_msg)))
      |                                                       ^
/Users/adrian/CLionProjects/CREXX/interpreter/rxvmmain.c:404:9: warning: 'sprintf' is deprecated: This function is provided for compatibility reasons only.  Due to security concerns inherent in the design of sprintf(3), it is highly recommended that you use snprintf(3) instead. [-Wdeprecated-declarations]
  404 |         sprintf(combined_location, ".;%s;%s", context.location, exe_path);
      |         ^
/Library/Developer/CommandLineTools/SDKs/MacOSX.sdk/usr/include/_stdio.h:278:1: note: 'sprintf' has been explicitly marked deprecated here
  278 | __deprecated_msg("This function is provided for compatibility reasons only.  Due to security concerns inherent in the design of sprintf(3), it is highly recommended that you use snprintf(3) instead.")
      | ^
/Library/Developer/CommandLineTools/SDKs/MacOSX.sdk/usr/include/sys/cdefs.h:227:48: note: expanded from macro '__deprecated_msg'
  227 |         #define __deprecated_msg(_msg) __attribute__((__deprecated__(_msg)))
      |                                                       ^
/Users/adrian/CLionProjects/CREXX/interpreter/rxvmmain.c:408:9: warning: 'sprintf' is deprecated: This function is provided for compatibility reasons only.  Due to security concerns inherent in the design of sprintf(3), it is highly recommended that you use snprintf(3) instead. [-Wdeprecated-declarations]
  408 |         sprintf(combined_location, ".;%s", exe_path);
      |         ^
/Library/Developer/CommandLineTools/SDKs/MacOSX.sdk/usr/include/_stdio.h:278:1: note: 'sprintf' has been explicitly marked deprecated here
  278 | __deprecated_msg("This function is provided for compatibility reasons only.  Due to security concerns inherent in the design of sprintf(3), it is highly recommended that you use snprintf(3) instead.")
      | ^
/Library/Developer/CommandLineTools/SDKs/MacOSX.sdk/usr/include/sys/cdefs.h:227:48: note: expanded from macro '__deprecated_msg'
  227 |         #define __deprecated_msg(_msg) __attribute__((__deprecated__(_msg)))
      |                                                       ^
3 warnings generated.
[ 26%] Linking C shared module ../../../../bin/rxvm_mc_decimal.rxvmplugin
[ 26%] Linking C executable ../bin/rxtvm
[ 26%] Built target mc_decimal_dynamic
[ 26%] Building C object assembler/CMakeFiles/rxaslib.dir/rxas_flow_proof.c.o
[ 26%] Building C object assembler/CMakeFiles/rxaslib.dir/rxasgrmr.c.o
[ 26%] Building C object interpreter/CMakeFiles/rxbvm_instrumented.dir/rxvmmain.c.o
[ 26%] Built target rxtvm
[ 26%] Building C object interpreter/CMakeFiles/rxtvm_instrumented.dir/rxvmmain.c.o
/Users/adrian/CLionProjects/CREXX/interpreter/rxvmmain.c:387:13: warning: 'sprintf' is deprecated: This function is provided for compatibility reasons only.  Due to security concerns inherent in the design of sprintf(3), it is highly recommended that you use snprintf(3) instead. [-Wdeprecated-declarations]
  387 |             sprintf(installed_provider_path, "%s/providers", exe_path);
      |             ^
/Library/Developer/CommandLineTools/SDKs/MacOSX.sdk/usr/include/_stdio.h:278:1: note: 'sprintf' has been explicitly marked deprecated here
  278 | __deprecated_msg("This function is provided for compatibility reasons only.  Due to security concerns inherent in the design of sprintf(3), it is highly recommended that you use snprintf(3) instead.")
      | ^
/Library/Developer/CommandLineTools/SDKs/MacOSX.sdk/usr/include/sys/cdefs.h:227:48: note: expanded from macro '__deprecated_msg'
  227 |         #define __deprecated_msg(_msg) __attribute__((__deprecated__(_msg)))
      |                                                       ^
/Users/adrian/CLionProjects/CREXX/interpreter/rxvmmain.c:404:9: warning: 'sprintf' is deprecated: This function is provided for compatibility reasons only.  Due to security concerns inherent in the design of sprintf(3), it is highly recommended that you use snprintf(3) instead. [-Wdeprecated-declarations]
  404 |         sprintf(combined_location, ".;%s;%s", context.location, exe_path);
      |         ^
/Library/Developer/CommandLineTools/SDKs/MacOSX.sdk/usr/include/_stdio.h:278:1: note: 'sprintf' has been explicitly marked deprecated here
  278 | __deprecated_msg("This function is provided for compatibility reasons only.  Due to security concerns inherent in the design of sprintf(3), it is highly recommended that you use snprintf(3) instead.")
      | ^
/Library/Developer/CommandLineTools/SDKs/MacOSX.sdk/usr/include/sys/cdefs.h:227:48: note: expanded from macro '__deprecated_msg'
  227 |         #define __deprecated_msg(_msg) __attribute__((__deprecated__(_msg)))
      |                                                       ^
/Users/adrian/CLionProjects/CREXX/interpreter/rxvmmain.c:408:9: warning: 'sprintf' is deprecated: This function is provided for compatibility reasons only.  Due to security concerns inherent in the design of sprintf(3), it is highly recommended that you use snprintf(3) instead. [-Wdeprecated-declarations]
  408 |         sprintf(combined_location, ".;%s", exe_path);
      |         ^
/Library/Developer/CommandLineTools/SDKs/MacOSX.sdk/usr/include/_stdio.h:278:1: note: 'sprintf' has been explicitly marked deprecated here
  278 | __deprecated_msg("This function is provided for compatibility reasons only.  Due to security concerns inherent in the design of sprintf(3), it is highly recommended that you use snprintf(3) instead.")
      | ^
/Library/Developer/CommandLineTools/SDKs/MacOSX.sdk/usr/include/sys/cdefs.h:227:48: note: expanded from macro '__deprecated_msg'
  227 |         #define __deprecated_msg(_msg) __attribute__((__deprecated__(_msg)))
      |                                                       ^
3 warnings generated.
[ 26%] Building C object assembler/CMakeFiles/rxaslib.dir/rxasassm.c.o
[ 26%] Linking C executable ../bin/rxbvm_instrumented
/Users/adrian/CLionProjects/CREXX/interpreter/rxvmmain.c:387:13: warning: 'sprintf' is deprecated: This function is provided for compatibility reasons only.  Due to security concerns inherent in the design of sprintf(3), it is highly recommended that you use snprintf(3) instead. [-Wdeprecated-declarations]
  387 |             sprintf(installed_provider_path, "%s/providers", exe_path);
      |             ^
/Library/Developer/CommandLineTools/SDKs/MacOSX.sdk/usr/include/_stdio.h:278:1: note: 'sprintf' has been explicitly marked deprecated here
  278 | __deprecated_msg("This function is provided for compatibility reasons only.  Due to security concerns inherent in the design of sprintf(3), it is highly recommended that you use snprintf(3) instead.")
      | ^
/Library/Developer/CommandLineTools/SDKs/MacOSX.sdk/usr/include/sys/cdefs.h:227:48: note: expanded from macro '__deprecated_msg'
  227 |         #define __deprecated_msg(_msg) __attribute__((__deprecated__(_msg)))
      |                                                       ^
/Users/adrian/CLionProjects/CREXX/interpreter/rxvmmain.c:404:9: warning: 'sprintf' is deprecated: This function is provided for compatibility reasons only.  Due to security concerns inherent in the design of sprintf(3), it is highly recommended that you use snprintf(3) instead. [-Wdeprecated-declarations]
  404 |         sprintf(combined_location, ".;%s;%s", context.location, exe_path);
      |         ^
/Library/Developer/CommandLineTools/SDKs/MacOSX.sdk/usr/include/_stdio.h:278:1: note: 'sprintf' has been explicitly marked deprecated here
  278 | __deprecated_msg("This function is provided for compatibility reasons only.  Due to security concerns inherent in the design of sprintf(3), it is highly recommended that you use snprintf(3) instead.")
      | ^
/Library/Developer/CommandLineTools/SDKs/MacOSX.sdk/usr/include/sys/cdefs.h:227:48: note: expanded from macro '__deprecated_msg'
  227 |         #define __deprecated_msg(_msg) __attribute__((__deprecated__(_msg)))
      |                                                       ^
/Users/adrian/CLionProjects/CREXX/interpreter/rxvmmain.c:408:9: warning: 'sprintf' is deprecated: This function is provided for compatibility reasons only.  Due to security concerns inherent in the design of sprintf(3), it is highly recommended that you use snprintf(3) instead. [-Wdeprecated-declarations]
  408 |         sprintf(combined_location, ".;%s", exe_path);
      |         ^
/Library/Developer/CommandLineTools/SDKs/MacOSX.sdk/usr/include/_stdio.h:278:1: note: 'sprintf' has been explicitly marked deprecated here
  278 | __deprecated_msg("This function is provided for compatibility reasons only.  Due to security concerns inherent in the design of sprintf(3), it is highly recommended that you use snprintf(3) instead.")
      | ^
/Library/Developer/CommandLineTools/SDKs/MacOSX.sdk/usr/include/sys/cdefs.h:227:48: note: expanded from macro '__deprecated_msg'
  227 |         #define __deprecated_msg(_msg) __attribute__((__deprecated__(_msg)))
      |                                                       ^
3 warnings generated.
[ 26%] Linking C executable ../bin/rxtvm_instrumented
[ 26%] Built target rxbvm_instrumented
[ 26%] Building C object interpreter/rxvmplugin/rxvmplugins/mc_decimal/CMakeFiles/mc_decimal_test_harness.dir/mc_decimal_sanity_harness_test.c.o
[ 26%] Built target rxtvm_instrumented
[ 26%] Building C object interpreter/rxvmplugin/rxvmplugins/mc_decimal/CMakeFiles/mc_decimal_dyn_test_harness.dir/mc_decimal_sanity_harness_test.c.o
In file included from /Users/adrian/CLionProjects/CREXX/interpreter/rxvmplugin/rxvmplugins/mc_decimal/mc_decimal_sanity_harness_test.c:10:
/Users/adrian/CLionProjects/CREXX/interpreter/rxvmvars.h:2899:13: warning: 'sprintf' is deprecated: This function is provided for compatibility reasons only.  Due to security concerns inherent in the design of sprintf(3), it is highly recommended that you use snprintf(3) instead. [-Wdeprecated-declarations]
 2899 |             sprintf(formatted_output, scientific_format, coefficient, exponent);
      |             ^
/Library/Developer/CommandLineTools/SDKs/MacOSX.sdk/usr/include/_stdio.h:278:1: note: 'sprintf' has been explicitly marked deprecated here
  278 | __deprecated_msg("This function is provided for compatibility reasons only.  Due to security concerns inherent in the design of sprintf(3), it is highly recommended that you use snprintf(3) instead.")
      | ^
/Library/Developer/CommandLineTools/SDKs/MacOSX.sdk/usr/include/sys/cdefs.h:227:48: note: expanded from macro '__deprecated_msg'
  227 |         #define __deprecated_msg(_msg) __attribute__((__deprecated__(_msg)))
      |                                                       ^
In file included from /Users/adrian/CLionProjects/CREXX/interpreter/rxvmplugin/rxvmplugins/mc_decimal/mc_decimal_sanity_harness_test.c:10:
/Users/adrian/CLionProjects/CREXX/interpreter/rxvmvars.h:3034:5: warning: 'sprintf' is deprecated: This function is provided for compatibility reasons only.  Due to security concerns inherent in the design of sprintf(3), it is highly recommended that you use snprintf(3) instead. [-Wdeprecated-declarations]
 3034 |     sprintf(formatted_output, engineering_format, en[ 26%] Building C object assembler/CMakeFiles/rxaslib.dir/rxaslib.c.o
g_exp);
      |     ^
/Library/Developer/CommandLineTools/SDKs/MacOSX.sdk/usr/include/_stdio.h:278:1: note: 'sprintf' has been explicitly marked deprecated here
  278 | __deprecated_msg("This function is provided for compatibility reasons only.  Due to security concerns inherent in the design of sprintf(3), it is highly recommended that you use snprintf(3) instead.")
      | ^
/Library/Developer/CommandLineTools/SDKs/MacOSX.sdk/usr/include/sys/cdefs.h:227:48: note: expanded from macro '__deprecated_msg'
  227 |         #define __deprecated_msg(_msg) __attribute__((__deprecated__(_msg)))
      |                                                       ^
2 warnings generated.
[ 26%] Linking C executable mc_decimal_test_harness
In file included from /Users/adrian/CLionProjects/CREXX/interpreter/rxvmplugin/rxvmplugins/mc_decimal/mc_decimal_sanity_harness_test.c:10:
/Users/adrian/CLionProjects/CREXX/interpreter/rxvmvars.h:2899:13: warning: 'sprintf' is deprecated: This function is provided for compatibility reasons only.  Due to security concerns inherent in the design of sprintf(3), it is highly recommended that you use snprintf(3) instead. [-Wdeprecated-declarations]
 2899 |             sprintf(formatted_output, scientific_format, coefficient, exponent);
      |             ^
/Library/Developer/CommandLineTools/SDKs/MacOSX.sdk/usr/include/_stdio.h:278:1: note: 'sprintf' has been explicitly marked deprecated here
  278 | __deprecated_msg("This function is provided for compatibility reasons only.  Due to security concerns inherent in the design of sprintf(3), it is highly recommended that you use snprintf(3) instead.")
      | ^
/Library/Developer/CommandLineTools/SDKs/MacOSX.sdk/usr/include/sys/cdefs.h:227:48: note: expanded from macro '__deprecated_msg'
  227 |         #define __deprecated_msg(_msg) __attribute__((__deprecated__(_msg)))
      |                                                       ^
In file included from /Users/adrian/CLionProjects/CREXX/interpreter/rxvmplugin/rxvmplugins/mc_decimal/mc_decimal_sanity_harness_test.c:10:
/Users/adrian/CLionProjects/CREXX/interpreter/rxvmvars.h:3034:5: warning: 'sprintf' is deprecated: This function is provided for compatibility reasons only.  Due to security concerns inherent in the design of sprintf(3), it is highly recommended that you use snprintf(3) instead. [-Wdeprecated-declarations]
 3034 |     sprintf(formatted_output, engineering_format, eng_exp);
      |     ^
/Library/Developer/CommandLineTools/SDKs/MacOSX.sdk/usr/include/_stdio.h:278:1: note: 'sprintf' has been explicitly marked deprecated here
  278 | __deprecated_msg("This function is provided for compatibility reasons only.  Due to security concerns inherent in the design of sprintf(3), it is highly recommended that you use snprintf(3) instead.")
      | ^
/Library/Developer/CommandLineTools/SDKs/MacOSX.sdk/usr/include/sys/cdefs.h:227:48: note: expanded from macro '__deprecated_msg'
  227 |         #define __deprecated_msg(_msg) __attribute__((__deprecated__(_msg)))
      |                                                       ^
[ 26%] Building C object assembler/CMakeFiles/rxaslib.dir/rxas_dsl.c.o
2 warnings generated.
[ 26%] Linking C executable mc_decimal_dyn_test_harness
[ 26%] Building C object interpreter/rxvmplugin/rxvmplugins/mc_decimal/CMakeFiles/mc_decimal_manual_test_harness.dir/mc_decimal_sanity_harness_test.c.o
[ 26%] Built target mc_decimal_test_harness
[ 26%] Building C object interpreter/rxvmplugin/rxvmplugins/mc_decimal/CMakeFiles/mc_decimal_full_tests.dir/mc_decimal_full_tests.c.o
[ 26%] Built target mc_decimal_dyn_test_harness
[ 26%] Linking C static library ../bin/librxaslib.a
In file included from /Users/adrian/CLionProjects/CREXX/interpreter/rxvmplugin/rxvmplugins/mc_decimal/mc_decimal_sanity_harness_test.c:10:
/Users/adrian/CLionProjects/CREXX/interpreter/rxvmvars.h:2899:13: warning: 'sprintf' is deprecated: This function is provided for compatibility reasons only.  Due to security concerns inherent in the design of sprintf(3), it is highly recommended that you use snprintf(3) instead. [-Wdeprecated-declarations]
 2899 |             sprintf(formatted_output, scientific_format, coefficient, exponent);
      |             ^
/Library/Developer/CommandLineTools/SDKs/MacOSX.sdk/usr/include/_stdio.h:278:1: note: 'sprintf' has been explicitly marked deprecated here
  278 | __deprecated_msg("This function is provided for compatibility reasons only.  Due to security concerns inherent in the design of sprintf(3), it is highly recommended that you use snprintf(3) instead.")
      | ^
/Library/Developer/CommandLineTools/SDKs/MacOSX.sdk/usr/include/sys/cdefs.h:227:48: note: expanded from macro '__deprecated_msg'
  227 |         #define __deprecated_msg(_msg) __attribute__((__deprecated__(_msg)))
      |                                                       ^
In file included from /Users/adrian/CLionProjects/CREXX/interpreter/rxvmplugin/rxvmplugins/mc_decimal/mc_decimal_sanity_harness_test.c:10:
/Users/adrian/CLionProjects/CREXX/interpreter/rxvmvars.h:3034:5: warning: 'sprintf' is deprecated: This function is provided for compatibility reasons only.  Due to security concerns inherent in the design of sprintf(3), it is highly recommended that you use snprintf(3) instead. [-Wdeprecated-declarations]
 3034 |     sprintf(formatted_output, engineering_format, eng_exp);
      |     ^
/Library/Developer/CommandLineTools/SDKs/MacOSX.sdk/usr/include/_stdio.h:278:1: note: 'sprintf' has been explicitly marked deprecated here
  278 | __deprecated_msg("This function is provided for compatibility reasons only.  Due to security concerns inherent in the design of sprintf(3), it is highly recommended that you use snprintf(3) instead.")
      | ^
/Library/Developer/CommandLineTools/SDKs/MacOSX.sdk/usr/include/sys/cdefs.h:227:48: note: expanded from macro '__deprecated_msg'
  227 |         #define __deprecated_msg(_msg) __attribute__((__deprecated__(_msg)))
      |                                                       ^
[ 26%] Building C object interpreter/rxvmplugin/rxvmplugins/db_decimal/CMakeFiles/db_decimal_tests.dir/db_decimal_tests.c.o
2 warnings generated.
[ 26%] Linking C executable mc_decimal_manual_test_harness
In file included from /Users/adrian/CLionProjects/CREXX/interpreter/rxvmplugin/rxvmplugins/mc_decimal/mc_decimal_full_tests.c:16:
/Users/adrian/CLionProjects/CREXX/interpreter/rxvmvars.h:2899:13: warning: 'sprintf' is deprecated: This function is provided for compatibility reasons only.  Due to security concerns inherent in the design of sprintf(3), it is highly recommended that you use snprintf(3) instead. [-Wdeprecated-declarations]
 2899 |             sprintf(formatted_output, scientific_format, coefficient, exponent);
      |             ^
/Library/Developer/CommandLineTools/SDKs/MacOSX.sdk/usr/include/_stdio.h:278:1: note: 'sprintf' has been explicitly marked deprecated here
  278 | __deprecated_msg("This function is provided for compatibility reasons only.  Due to security concerns inherent in the design of sprintf(3), it is highly recommended that you use snprintf(3) instead.")
      | ^
/Library/Developer/CommandLineTools/SDKs/MacOSX.sdk/usr/include/sys/cdefs.h:227:48: note: expanded from macro '__deprecated_msg'
  227 |         #define __deprecated_msg(_msg) __attribute__((__deprecated__(_msg)))
      |                                                       ^
In file included from /Users/adrian/CLionProjects/CREXX/interpreter/rxvmplugin/rxvmplugins/mc_decimal/mc_decimal_full_tests.c:16:
/Users/adrian/CLionProjects/CREXX/interpreter/rxvmvars.h:3034:5: warning: 'sprintf' is deprecated: This function is provided for compatibility reasons only.  Due to security concerns inherent in the design of sprintf(3), it is highly recommended that you use snprintf(3) instead. [-Wdeprecated-declarations]
 3034 |     sprintf(formatted_output, engineering_format, eng_exp);
      |     ^
/Library/Developer/CommandLineTools/SDKs/MacOSX.sdk/usr/include/_stdio.h:278:1: note: 'sprintf' has been explicitly marked deprecated here
  278 | __deprecated_msg("This function is provided for compatibility reasons only.  Due to security concerns inherent in the design of sprintf(3), it is highly recommended that you use snprintf(3) instead.")
      | ^
/Library/Developer/CommandLineTools/SDKs/MacOSX.sdk/usr/include/sys/cdefs.h:227:48: note: expanded from macro '__deprecated_msg'
  227 |         #define __deprecated_msg(_msg) __attribute__((__deprecated__(_msg)))
      |                                                       ^
/Users/adrian/CLionProjects/CREXX/interpreter/rxvmplugin/rxvmplugins/mc_decimal/mc_decimal_full_tests.c:291:5: warning: 'sprintf' is deprecated: This function is provided for compatibility reasons only.  Due to security concerns inherent in the design of sprintf(3), it is highly recommended that you use snprintf(3) instead. [-Wdeprecated-declarations]
  291 |     sprintf(buffer, "%f", result);
      |     ^
/Library/Developer/CommandLineTools/SDKs/MacOSX.sdk/usr/include/_stdio.h:278:1: note: 'sprintf' has been explicitly marked deprecated here
  278 | __deprecated_msg("This function is provided for compatibility reasons only.  Due to security concerns inherent in the design of sprintf(3), it is highly recommended that you use snprintf(3) instead.")
      | ^
/Library/Developer/CommandLineTools/SDKs/MacOSX.sdk/usr/include/sys/cdefs.h:227:48: note: expanded from macro '__deprecated_msg'
  227 |         #define __deprecated_msg(_msg) __attribute__((__deprecated__(_msg)))
      |                                                       ^
/Users/adrian/CLionProjects/CREXX/interpreter/rxvmplugin/rxvmplugins/mc_decimal/mc_decimal_full_tests.c:302:5: warning: 'sprintf' is deprecated: This function is provided for compatibility reasons only.  Due to security concerns inherent in the design of sprintf(3), it is highly recommended that you use snprintf(3) instead. [-Wdeprecated-declarations]
  302 |     sprintf(buffer, "%f", result);
      |     ^
/Library/Developer/CommandLineTools/SDKs/MacOSX.sdk/usr/include/_stdio.h:278:1: note: 'sprintf' has been explicitly marked deprecated here
  278 | __deprecated_msg("This function is provided for compatibility reasons only.  Due to security concerns inherent in the design of sprintf(3), it is highly recommended that you use snprintf(3) instead.")
      | ^
/Library/Developer/CommandLineTools/SDKs/MacOSX.sdk/usr/include/sys/cdefs.h:227:48: note: expanded from macro '__deprecated_msg'
  227 |         #define __deprecated_msg(_msg) __attribute__((__deprecated__(_msg)))
      |                                                       ^
/Users/adrian/CLionProjects/CREXX/interpreter/rxvmplugin/rxvmplugins/mc_decimal/mc_decimal_full_tests.c:313:5: warning: 'sprintf' is deprecated: This function is provided for compatibility reasons only.  Due to security concerns inherent in the design of sprintf(3), it is highly recommended that you use snprintf(3) instead. [-Wdeprecated-declarations]
  313 |     sprintf(buffer, "%f", result);
      |     ^
/Library/Developer/CommandLineTools/SDKs/MacOSX.sdk/usr/include/_stdio.h:278:1: note: 'sprintf' has been explicitly marked deprecated here
  278 | __deprecated_msg("This function is provided for compatibility reasons only.  Due to security concerns inherent in the design of sprintf(3), it is highly recommended that you use snprintf(3) instead.")
      | ^
/Library/Developer/CommandLineTools/SDKs/MacOSX.sdk/usr/include/sys/cdefs.h:227:48: note: expanded from macro '__deprecated_msg'
  227 |         #define __deprecated_msg(_msg) __attribute__((__deprecated__(_msg)))
      |                                                       ^
/Users/adrian/CLionProjects/CREXX/interpreter/rxvmplugin/rxvmplugins/mc_decimal/mc_decimal_full_tests.c:324:5: warning: 'sprintf' is deprecated: This function is provided for compatibility reasons only.  Due to security concerns inherent in the design of sprintf(3), it is highly recommended that you use snprintf(3) instead. [-Wdeprecated-declarations]
  324 |     sprintf(buffer, "%f", result);
      |     ^
/Library/Developer/CommandLineTools/SDKs/MacOSX.sdk/usr/include/_stdio.h:278:1: note: 'sprintf' has been explicitly marked deprecated here
  278 | __deprecated_msg("This function is provided for compatibility reasons only.  Due to security concerns inherent in the design of sprintf(3), it is highly recommended that you use snprintf(3) instead.")
      | ^
/Library/Developer/CommandLineTools/SDKs/MacOSX.sdk/usr/include/sys/cdefs.h:227:48: note: expanded from macro '__deprecated_msg'
  227 |         #define __deprecated_msg(_msg) __attribute__((__deprecated__(_msg)))
      |                                                       ^
/Users/adrian/CLionProjects/CREXX/interpreter/rxvmplugin/rxvmplugins/mc_decimal/mc_decimal_full_tests.c:335:5: warning: 'sprintf' is deprecated: This function is provided for compatibility reasons only.  Due to security concerns inherent in the design of sprintf(3), it is highly recommended that you use snprintf(3) instead. [-Wdeprecated-declarations]
  335 |     sprintf(buffer, "%f", result);
      |     ^
/Library/Developer/CommandLineTools/SDKs/MacOSX.sdk/usr/include/_stdio.h:278:1: note: 'sprintf' has been explicitly marked deprecated here
  278 | __deprecated_msg("This function is provided for compatibility reasons only.  Due to security concerns inherent in the design of sprintf(3), it is highly recommended that you use snprintf(3) instead.")
      | ^
/Library/Developer/CommandLineTools/SDKs/MacOSX.sdk/usr/include/sys/cdefs.h:227:48: note: expanded from macro '__deprecated_msg'
  227 |         #define __deprecated_msg(_msg) __attribute__((__deprecated__(_msg)))
      |                                                       ^
/Users/adrian/CLionProjects/CREXX/interpreter/rxvmplugin/rxvmplugins/mc_decimal/mc_decimal_full_tests.c:346:5: warning: 'sprintf' is deprecated: This function is provided for compatibility reasons only.  Due to security concerns inherent in the design of sprintf(3), it is highly recommended that you use snprintf(3) instead. [-Wdeprecated-declarations]
  346 |     sprintf(buffer, "%f", result);
      |     ^
/Library/Developer/CommandLineTools/SDKs/MacOSX.sdk/usr/include/_stdio.h:278:1: note: 'sprintf' has been explicitly marked deprecated here
  278 | __deprecated_msg("This function is provided for compatibility reasons only.  Due to security concerns inherent in the design of sprintf(3), it is highly recommended that you use snprintf(3) instead.")
      | ^
/Library/Developer/CommandLineTools/SDKs/MacOSX.sdk/usr/include/sys/cdefs.h:227:48: note: expanded from macro '__deprecated_msg'
  227 |         #define __deprecated_msg(_msg) __attribute__((__deprecated__(_msg)))
      |                                                       ^
[ 26%] Built target rxaslib
In file included from /Users/adrian/CLionProjects/CREXX/interpreter/rxvmplugin/rxvmplugins/db_decimal/db_decimal_tests.c:17:
/Users/adrian/CLionProjects/CREXX/interpreter/rxvmvars.h:2899:13: warning: 'sprintf' is deprecated: This function is provided for compatibility reasons only.  Due to security concerns inherent in the design of sprintf(3), it is highly recommended that you use snprintf(3) instead. [-Wdeprecated-declarations]
 2899 |             sprintf(formatted_output, scientific_format, coefficient, exponent);
      |             ^
/Library/Developer/CommandLineTools/SDKs/MacOSX.sdk/usr/include/_stdio.h:278:1: note: 'sprintf' has been explicitly marked deprecated here
  278 | __deprecated_msg("This function is provided for compatibility reasons only.  Due to security concerns inherent in the design of sprintf(3), it is highly recommended that you use snprintf(3) instead.")
      | ^
/Library/Developer/CommandLineTools/SDKs/MacOSX.sdk/usr/include/sys/cdefs.h:227:48: note: expanded from macro '__deprecated_msg'
  227 |         #define __deprecated_msg(_msg) __attribute__((__deprecated__(_msg)))
      |                                                       ^
In file included from /Users/adrian/CLionProjects/CREXX/interpreter/rxvmplugin/rxvmplugins/db_decimal/db_decimal_tests.c:17:
/Users/adrian/CLionProjects/CREXX/interpreter/rxvmvars.h:3034:5: warning: 'sprintf' is deprecated: This function is provided for compatibility reasons only.  Due to security concerns inherent in the design of sprintf(3), it is highly recommended that you use snprintf(3) instead. [-Wdeprecated-declarations]
 3034 |     sprintf(formatted_output, engineering_format, eng_exp);
      |     ^
/Library/Developer/CommandLineTools/SDKs/MacOSX.sdk/usr/include/_stdio.h:278:1: note: 'sprintf' has been explicitly marked deprecated here
  278 | __deprecated_msg("This function is provided for compatibility reasons only.  Due to security concerns inherent in the design of sprintf(3), it is highly recommended that you use snprintf(3) instead.")
      | ^
/Library/Developer/CommandLineTools/SDKs/MacOSX.sdk/usr/include/sys/cdefs.h:227:48: note: expanded from macro '__deprecated_msg'
  227 |         #define __deprecated_msg(_msg) __attribute__((__deprecated__(_msg)))
      |                                                       ^
/Users/adrian/CLionProjects/CREXX/interpreter/rxvmplugin/rxvmplugins/db_decimal/db_decimal_tests.c:350:5: warning: 'sprintf' is deprecated: This function is provided for compatibility reasons only.  Due to security concerns inherent in the design of sprintf(3), it is highly recommended that you use snprintf(3) instead. [-Wdeprecated-declarations]
  350 |     sprintf(buffer, "%f", result);
      |     ^
/Library/Developer/CommandLineTools/SDKs/MacOSX.sdk/usr/include/_stdio.h:278:1: note: 'sprintf' has been explicitly marked deprecated here
  278 | __deprecated_msg("This function is provided for compatibility reasons only.  Due to security concerns inherent in the design of sprintf(3), it is highly recommended that you use snprintf(3) instead.")
      | ^
/Library/Developer/CommandLineTools/SDKs/MacOSX.sdk/usr/include/sys/cdefs.h:227:48: note: expanded from macro '__deprecated_msg'
  227 |         #define __deprecated_msg(_msg) __attribute__((__deprecated__(_msg)))
      |                                                       ^
/Users/adrian/CLionProjects/CREXX/interpreter/rxvmplugin/rxvmplugins/db_decimal/db_decimal_tests.c:361:5: warning: 'sprintf' is deprecated: This function is provided for compatibility reasons only.  Due to security concerns inherent in the design of sprintf(3), it is highly recommended that you use snprintf(3) instead. [-Wdeprecated-declarations]
  361 |     sprintf(buffer, "%f", result);
      |     ^
/Library/Developer/CommandLineTools/SDKs/MacOSX.sdk/usr/include/_stdio.h:278:1: note: 'sprintf' has been explicitly marked deprecated here
  278 | __deprecated_msg("This function is provided for compatibility reasons only.  Due to security concerns inherent in the design of sprintf(3), it is highly recommended that you use snprintf(3) instead.")
      | ^
/Library/Developer/CommandLineTools/SDKs/MacOSX.sdk/usr/include/sys/cdefs.h:227:48: note: expanded from macro '__deprecated_msg'
  227 |         #define __deprecated_msg(_msg) __attribute__((__deprecated__(_msg)))
      |                                                       ^
/Users/adrian/CLionProjects/CREXX/interpreter/rxvmplugin/rxvmplugins/db_decimal/db_decimal_tests.c:372:5: warning: 'sprintf' is deprecated: This function is provided for compatibility reasons only.  Due to security concerns inherent in the design of sprintf(3), it is highly recommended that you use snprintf(3) instead. [-Wdeprecated-declarations]
  372 |     sprintf(buffer, "%f", result);
      |     ^
/Library/Developer/CommandLineTools/SDKs/MacOSX.sdk/usr/include/_stdio.h:278:1: note: 'sprintf' has been explicitly marked deprecated here
  278 | __deprecated_msg("This function is provided for compatibility reasons only.  Due to security concerns inherent in the design of sprintf(3), it is highly recommended that you use snprintf(3) instead.")
      | ^
/Library/Developer/CommandLineTools/SDKs/MacOSX.sdk/usr/include/sys/cdefs.h:227:48: note: expanded from macro '__deprecated_msg'
  227 |         #define __deprecated_msg(_msg) __attribute__((__deprecated__(_msg)))
      |                                                       ^
/Users/adrian/CLionProjects/CREXX/interpreter/rxvmplugin/rxvmplugins/db_decimal/db_decimal_tests.c:383:5: warning: 'sprintf' is deprecated: This function is provided for compatibility reasons only.  Due to security concerns inherent in the design of sprintf(3), it is highly recommended that you use snprintf(3) instead. [-Wdeprecated-declarations]
  383 |     sprintf(buffer, "%f", result);
      |     ^
/Library/Developer/CommandLineTools/SDKs/MacOSX.sdk/usr/include/_stdio.h:278:1: note: 'sprintf' has been explicitly marked deprecated here
  278 | __deprecated_msg("This function is provided for compatibility reasons only.  Due to security concerns inherent in the design of sprintf(3), it is highly recommended that you use snprintf(3) instead.")
      | ^
/Library/Developer/CommandLineTools/SDKs/MacOSX.sdk/usr/include/sys/cdefs.h:227:48: note: expanded from macro '__deprecated_msg'
  227 |         #define __deprecated_msg(_msg) __attribute__((__deprecated__(_msg)))
      |                                                       ^
/Users/adrian/CLionProjects/CREXX/interpreter/rxvmplugin/rxvmplugins/db_decimal/db_decimal_tests.c:394:5: warning: 'sprintf' is deprecated: This function is provided for compatibility reasons only.  Due to security concerns inherent in the design of sprintf(3), it is highly recommended that you use snprintf(3) instead. [-Wdeprecated-declarations]
  394 |     sprintf(buffer, "%f", result);
      |     ^
/Library/Developer/CommandLineTools/SDKs/MacOSX.sdk/usr/include/_stdio.h:278:1: note: 'sprintf' has been explicitly marked deprecated here
  278 | __deprecated_msg("This function is provided for compatibility reasons only.  Due to security concerns inherent in the design of sprintf(3), it is highly recommended that you use snprintf(3) instead.")
      | ^
/Library/Developer/CommandLineTools/SDKs/MacOSX.sdk/usr/include/sys/cdefs.h:227:48: note: expanded from macro '__deprecated_msg'
  227 |         #define __deprecated_msg(_msg) __attribute__((__deprecated__(_msg)))
      |                                                       ^
/Users/adrian/CLionProjects/CREXX/interpreter/rxvmplugin/rxvmplugins/db_decimal/db_decimal_tests.c:405:5: warning: 'sprintf' is deprecated: This function is provided for compatibility reasons only.  Due to security concerns inherent in the design of sprintf(3), it is highly recommended that you use snprintf(3) instead. [-Wdeprecated-declarations]
  405 |     sprintf(buffer, "%f", result);
      |     ^
/Library/Developer/CommandLineTools/SDKs/MacOSX.sdk/usr/include/_stdio.h:278:1: note: 'sprintf' has been explicitly marked deprecated here
  278 | __deprecated_msg("This function is provided for compatibility reasons only.  Due to security concerns inherent in the design of sprintf(3), it is highly recommended that you use snprintf(3) instead.")
      | ^
/Library/Developer/CommandLineTools/SDKs/MacOSX.sdk/usr/include/sys/cdefs.h:227:48: note: expanded from macro '__deprecated_msg'
  227 |         #define __deprecated_msg(_msg) __attribute__((__deprecated__(_msg)))
      |                                                       ^
/Users/adrian/CLionProjects/CREXX/interpreter/rxvmplugin/rxvmplugins/db_decimal/db_decimal_tests.c:720:5: warning: 'sprintf' is deprecated: This function is provided for compatibility reasons only.  Due to security concerns inherent in the design of sprintf(3), it is highly recommended that you use snprintf(3) instead. [-Wdeprecated-declarations]
  720 |     sprintf(bignum, "%Lg", LDBL_MAX / 3 * 2);
      |     ^
/Library/Developer/CommandLineTools/SDKs/MacOSX.sdk/usr/include/_stdio.h:278:1: note: 'sprintf' has been explicitly marked deprecated here
  278 | __deprecated_msg("This function is provided for compatibility reasons only.  Due to security concerns inherent in the design of sprintf(3), it is highly recommended that you use snprintf(3) instead.")
      | ^
/Library/Developer/CommandLineTools/SDKs/MacOSX.sdk/usr/include/sys/cdefs.h:227:48: note: expanded from macro '__deprecated_msg'
  227 |         #define __deprecated_msg(_msg) __attribute__((__deprecated__(_msg)))
      |                                                       ^
/Users/adrian/CLionProjects/CREXX/interpreter/rxvmplugin/rxvmplugins/db_decimal/db_decimal_tests.c:889:5: warning: 'sprintf' is deprecated: This function is provided for compatibility reasons only.  Due to security concerns inherent in the design of sprintf(3), it is highly recommended that you use snprintf(3) instead. [-Wdeprecated-declarations]
  889 |     sprintf(bignum, "%Lg", LDBL_MAX / 3 * 2);
      |     ^
/Library/Developer/CommandLineTools/SDKs/MacOSX.sdk/usr/include/_stdio.h:278:1: note: 'sprintf' has been explicitly marked deprecated here
  278 | __deprecated_msg("This function is provided for compatibility reasons only.  Due to security concerns inherent in the design of sprintf(3), it is highly recommended that you use snprintf(3) instead.")
      | ^
/Library/Developer/CommandLineTools/SDKs/MacOSX.sdk/usr/include/sys/cdefs.h:227:48: note: expanded from macro '__deprecated_msg'
  227 |         #define __deprecated_msg(_msg) __attribute__((__deprecated__(_msg)))
      |                                                       ^
/Users/adrian/CLionProjects/CREXX/interpreter/rxvmplugin/rxvmplugins/db_decimal/db_decimal_tests.c:892:5: warning: 'sprintf' is deprecated: This function is provided for compatibility reasons only.  Due to security concerns inherent in the design of sprintf(3), it is highly recommended that you use snprintf(3) instead. [-Wdeprecated-declarations]
  892 |     sprintf(bignum, "-%Lg", LDBL_MAX / 3 * 2);
      |     ^
/Library/Developer/CommandLineTools/SDKs/MacOSX.sdk/usr/include/_stdio.h:278:1: note: 'sprintf' has been explicitly marked deprecated here
  278 | __deprecated_msg("This function is provided for compatibility reasons only.  Due to security concerns inherent in the design of sprintf(3), it is highly recommended that you use snprintf(3) instead.")
      | ^
/Library/Developer/CommandLineTools/SDKs/MacOSX.sdk/usr/include/sys/cdefs.h:227:48: note: expanded from macro '__deprecated_msg'
  227 |         #define __deprecated_msg(_msg) __attribute__((__deprecated__(_msg)))
      |                                                       ^
/Users/adrian/CLionProjects/CREXX/interpreter/rxvmplugin/rxvmplugins/db_decimal/db_decimal_tests.c:1074:5: warning: 'sprintf' is deprecated: This function is provided for compatibility reasons only.  Due to security concerns inherent in the design of sprintf(3), it is highly recommended that you use snprintf(3) instead. [-Wdeprecated-declarations]
 1074 |     sprintf(bignum, "%Lg", LDBL_MAX / 3 * 2);
      |     ^
/Library/Developer/CommandLineTools/SDKs/MacOSX.sdk/usr/include/_stdio.h:278:1: note: 'sprintf' has been explicitly marked deprecated here
  278 | __deprecated_msg("This function is provided for compatibility reasons only.  Due to security concerns inherent in the design of sprintf(3), it is highly recommended that you use snprintf(3) instead.")
      | ^
/Library/Developer/CommandLineTools/SDKs/MacOSX.sdk/usr/include/sys/cdefs.h:227:48: note: expanded from macro '__deprecated_msg'
  227 |         #define __deprecated_msg(_msg) __attribute__((__deprecated__(_msg)))
      |                                                       ^
/Users/adrian/CLionProjects/CREXX/interpreter/rxvmplugin/rxvmplugins/db_decimal/db_decimal_tests.c:1245:5: warning: 'sprintf' is deprecated: This function is provided for compatibility reasons only.  Due to security concerns inherent in the design of sprintf(3), it is highly recommended that you use snprintf(3) instead. [-Wdeprecated-declarations]
 1245 |     sprintf(bignum, "%Lg", LDBL_MAX / 3 * 2);
      |     ^
/Library/Developer/CommandLineTools/SDKs/MacOSX.sdk/usr/include/_stdio.h:278:1: note: 'sprintf' has been explicitly marked deprecated here
  278 | __deprecated_msg("This function is provided for compatibility reasons only.  Due to security concerns inherent in the design of sprintf(3), it is highly recommended that you use snprintf(3) instead.")
      | ^
/Library/Developer/CommandLineTools/SDKs/MacOSX.sdk/usr/include/sys/cdefs.h:227:48: note: expanded from macro '__deprecated_msg'
  227 |         #define __deprecated_msg(_msg) __attribute__((__deprecated__(_msg)))
      |                                                       ^
8 warnings generated.
[ 26%] Linking C executable mc_decimal_full_tests
[ 26%] Built target mc_decimal_manual_test_harness
[ 26%] Building C object tests/CMakeFiles/test_rxas_flow_graph.dir/test_rxas_flow_graph.c.o
13 warnings generated.
[ 26%] Linking C executable db_decimal_tests
[ 26%] Built target mc_decimal_full_tests
[ 26%] Building C object tests/performance/CMakeFiles/decimal_gate1_adapter.dir/decimal/decimal_gate1_adapter.c.o
[ 26%] Built target db_decimal_tests
In file included from /Users/adrian/CLionProjects/CREXX/tests/performance/decimal/decimal_gate1_adapter.c:17:
/Users/adrian/CLionProjects/CREXX/interpreter/rxvmvars.h:2899:13: warning: 'sprintf' is deprecated: This function is provided for compatibility reasons only.  Due to security concerns inherent in the design of sprintf(3), it is highly recommended that you use snprintf(3) instead. [-Wdeprecated-declarations]
 2899 |             sprintf(formatted_output, scientific_format, coefficient, exponent);
      |             ^
/Library/Developer/CommandLineTools/SDKs/MacOSX.sdk/usr/include/_stdio.h:278:1: note: 'sprintf' has been explicitly marked deprecated here
  278 | __deprecated_msg("This function is provided for compatibility reasons only.  Due to security concerns inherent in the design of sprintf(3), it is highly recommended that you use snprintf(3) instead.")
      | ^
/Library/Developer/CommandLineTools/SDKs/MacOSX.sdk/usr/include/sys/cdefs.h:227:48: note: expanded from macro '__deprecated_msg'
  227 |         #define __deprecated_msg(_msg) __attribute__((__deprecated__(_msg)))
      |                                                       ^
In file included from /Users/adrian/CLionProjects/CREXX/tests/performance/decimal/decimal_gate1_adapter.c:17:
/Users/adrian/CLionProjects/CREXX/interpreter/rxvmvars.h:3034:5: warning: 'sprintf' is deprecated: This function is provided for compatibility reasons only.  Due to security concerns inherent in the design of sprintf(3), it is highly recommended that you use snprintf(3) instead. [-Wdeprecated-declarations]
 3034 |     sprintf(formatted_output, engineering_format, eng_exp);
      |     ^
/Library/Developer/CommandLineTools/SDKs/MacOSX.sdk/usr/include/_stdio.h:278:1: note: 'sprintf' has been explicitly marked deprecated here
  278 | __deprecated_msg("This function is provided for compatibility reasons only.  Due to security concerns inherent in the design of sprintf(3), it is highly recommended that you use snprintf(3) instead.")
      | ^
/Library/Developer/CommandLineTools/SDKs/MacOSX.sdk/usr/include/sys/cdefs.h:227:48: note: expanded from macro '__deprecated_msg'
  227 |         #define __deprecated_msg(_msg) __attribute__((__deprecated__(_msg)))
      |                                                       ^
[ 26%] Building C object tests/rxpa/CMakeFiles/testvm.dir/__/__/interpreter/rxvmmain.c.o
2 warnings generated.
[ 26%] Linking C executable test_rxas_flow_graph
[ 26%] Linking C executable decimal_gate1_adapter
/Users/adrian/CLionProjects/CREXX/interpreter/rxvmmain.c:387:13: warning: 'sprintf' is deprecated: This function is provided for compatibility reasons only.  Due to security concerns inherent in the design of sprintf(3), it is highly recommended that you use snprintf(3) instead. [-Wdeprecated-declarations]
  387 |             sprintf(installed_provider_path, "%s/providers", exe_path);
      |             ^
/Library/Developer/CommandLineTools/SDKs/MacOSX.sdk/usr/include/_stdio.h:278:1: note: 'sprintf' has been explicitly marked deprecated here
  278 | __deprecated_msg("This function is provided for compatibility reasons only.  Due to security concerns inherent in the design of sprintf(3), it is highly recommended that you use snprintf(3) instead.")
      | ^
/Library/Developer/CommandLineTools/SDKs/MacOSX.sdk/usr/include/sys/cdefs.h:227:48: note: expanded from macro '__deprecated_msg'
  227 |         #define __deprecated_msg(_msg) __attribute__((__deprecated__(_msg)))
      |                                                       ^
/Users/adrian/CLionProjects/CREXX/interpreter/rxvmmain.c:404:9: warning: 'sprintf' is deprecated: This function is provided for compatibility reasons only.  Due to security concerns inherent in the design of sprintf(3), it is highly recommended that you use snprintf(3) instead. [-Wdeprecated-declarations]
  404 |         sprintf(combined_location, ".;%s;%s", context.location, exe_path);
      |         ^
/Library/Developer/CommandLineTools/SDKs/MacOSX.sdk/usr/include/_stdio.h:278:1: note: 'sprintf' has been explicitly marked deprecated here
  278 | __deprecated_msg("This function is provided for compatibility reasons only.  Due to security concerns inherent in the design of sprintf(3), it is highly recommended that you use snprintf(3) instead.")
      | ^
/Library/Developer/CommandLineTools/SDKs/MacOSX.sdk/usr/include/sys/cdefs.h:227:48: note: expanded from macro '__deprecated_msg'
  227 |         #define __deprecated_msg(_msg) __attribute__((__deprecated__(_msg)))
      |                                                       ^
/Users/adrian/CLionProjects/CREXX/interpreter/rxvmmain.c:408:9: warning: 'sprintf' is deprecated: This function is provided for compatibility reasons only.  Due to security concerns inherent in the design of sprintf(3), it is highly recommended that you use snprintf(3) instead. [-Wdeprecated-declarations]
  408 |         sprintf(combined_location, ".;%s", exe_path);
      |         ^
/Library/Developer/CommandLineTools/SDKs/MacOSX.sdk/usr/include/_stdio.h:278:1: note: 'sprintf' has been explicitly marked deprecated here
  278 | __deprecated_msg("This function is provided for compatibility reasons only.  Due to security concerns inherent in the design of sprintf(3), it is highly recommended that you use snprintf(3) instead.")
      | ^
/Library/Developer/CommandLineTools/SDKs/MacOSX.sdk/usr/include/sys/cdefs.h:227:48: note: expanded from macro '__deprecated_msg'
  227 |         #define __deprecated_msg(_msg) __attribute__((__deprecated__(_msg)))
      |                                                       ^
3 warnings generated.
[ 26%] Linking C executable ../testvm
[ 26%] Built target decimal_gate1_adapter
[ 26%] Built target test_rxas_flow_graph
[ 26%] Building C object tests/rxpa/CMakeFiles/funcvm.dir/__/__/interpreter/rxvmmain.c.o
[ 26%] Building C object assembler/CMakeFiles/rxas.dir/rxasmain.c.o
[ 26%] Built target testvm
/Users/adrian/CLionProjects/CREXX/assembler/rxasmain.c:275:9: warning: 'sprintf' is deprecated: This function is provided for compatibility reasons only.  Due to security concerns inherent in the design of sprintf(3), it is highly recommended that you use snprintf(3) instead. [-Wdeprecated-declarations]
  275 |         sprintf(combined_location, ".;%s;%s", scanner.location, exe_path);
      |         ^
/Library/Developer/CommandLineTools/SDKs/MacOSX.sdk/usr/include/_stdio.h:278:1: note: 'sprintf' has been explicitly marked deprecated here
  278 | __deprecated_msg("This function is provided for compatibility reasons only.  Due to security concerns inherent in the design of sprintf(3), it is highly recommended that you use snprintf(3) instead.")
      | ^
/Library/Developer/CommandLineTools/SDKs/MacOSX.sdk/usr/include/sys/cdefs.h:227:48:/Users/adrian/CLionProjects/CREXX/interpreter/rxvmmain.c:387:13 note: expanded from macro '__deprecated_msg'
: warning: 'sprintf' is deprecated: This function is provided for compatibility reasons only.  Due to security concerns inherent in the design of sprintf(3), it is highly recommended that you use snprintf(3) instead. [-Wdeprecated-declarations]  227 |         #de
  387 |        fine __deprec     spated_mrintfsg(_msg) _(ins_attribute__((__dtalled_providereprec_path,ated "%s/provi__(_msdersg)))
      |                                                       ^
", exe_path);
      |             ^
/Library/Developer/CommandLineTools/SDKs/MacOSX.sdk/usr/include/_stdio.h:278:1: note: 'sprintf' has been explicitly marked deprecated here
/Users/adrian/CLionProjects/CREXX/assembler/rxasmain.c:283:  278 | __depr9: warning: 'sprintf' is deprecated: This function is provided for compatibility reasons only.  Due to security concerns inherent in the design of sprintf(3), it is highly recommended that you use snprintf(3) instead. [-Wdeprecated-declarations]
eca  283 |        ted_ms spring("This funtf(comction is provbined_lided for coocatmpation, "ibilit.;%s", exe_path);
      |         ^y reason
/Library/Developer/CommandLineTools/SDKs/MacOSX.sdk/usr/include/_stdio.h:278:s only.  1: note: 'sprintf' has been explicitly marked deprecated here
Du  278 | _e to_deprecated securi_msg("Thty concerns is functioinheren is pnt in therovided f desor cignompa of tibsprintf(3), it is highly recomility reasons mended thonly.  at yDue ou uto secse surity concerns inherent in tnprintf(3) ihe desnsteign of sprad.")
      | ^intf(3
), it is h/Library/Developer/CommandLineTools/SDKs/MacOSX.sdk/usr/include/sys/cdefs.h:227:48: note: expanded from macro '__deprecated_msg'
ighly   227 |         #define __recommdeprecatended thed_msg(_mat you sg) use sn__attribute_printf(3) i_((__deprnsteadecated.")
__(_msg)))
      |                                                       ^
      | ^
/Library/Developer/CommandLineTools/SDKs/MacOSX.sdk/usr/include/sys/cdefs.h:227:48: note: expanded from macro '__deprecated_msg'
  227 |         #define __depreca/Users/adrian/CLionProjects/CREXX/interpreter/rxvmmain.c:404:9: warning: 'sprintf' is deprecated: This function is provided for compatibility reasons only.  Due to security concerns inherent in the design of sprintf(3), it is highly recommended that you use snprintf(3) instead. [-Wdeprecated-declarations]
ted_  404 |       msg(_m  sprintf(csg) __ombinedattrib_locute__((_ation, "_deprecate.;%s;%d__(_ms", sg)))context
      |                                                       ^.loc
ation, exe_path);
      |         ^
/Library/Developer/CommandLineTools/SDKs/MacOSX.sdk/usr/include/_stdio.h:278:1: note: 'sprintf' has been explicitly marked deprecated here
  278 | __deprecated_msg("This function is provided for compatibility reasons only.  Due to security concerns inherent in the design of sprintf(3), it is highly recommended that you use snprintf(3) instead.")
      | ^
/Library/Developer/CommandLineTools/SDKs/MacOSX.sdk/usr/include/sys/cdefs.h:227:48: note: expanded from macro '__deprecated_msg'
  227 |         #define __deprecated_msg(_msg) __attribute__((__deprecated__(_msg)))
      |                                                       ^
/Users/adrian/CLionProjects/CREXX/interpreter/rxvmmain.c:408:9: warning: 'sprintf' is deprecated: This function is provided for compatibility reasons only.  Due to security concerns inherent in the design of sprintf(3), it is highly recommended that you use snprintf(3) instead. [-Wdeprecated-declarations]
  408 |         sprintf(combined_location, ".;%s", exe_path);
      |         ^
/Library/Developer/CommandLineTools/SDKs/MacOSX.sdk/usr/include/_stdio.h:278:1: note: 'sprintf' has been explicitly marked deprecated here
  278 | __deprecated_msg("This function is provided for compatibility reasons only.  Due to security concerns inherent in the design of sprintf(3), it is highly recommended that you use snprintf(3) instead.")
      | ^
/Library/Developer/CommandLineTools/SDKs/MacOSX.sdk/usr/include/sys/cdefs.h:227:48: note: expanded from macro '__deprecated_msg'
  227 |         #define __deprecated_msg(_msg) __attribute__((__deprecated__(_msg)))
      |                                                       ^
[ 26%] Building C object interpreter/CMakeFiles/rxbvml.dir/rxvmlib.c.o
2 warnings generated.
3 warnings generated.
[ 26%] Linking C executable ../bin/rxas
[ 26%] Linking C executable ../funcvm
[ 26%] Building C object interpreter/CMakeFiles/rxbvml.dir/rxvml.c.o
[ 26%] Built target rxas
[ 26%] Built target funcvm
[ 26%] Building C object interpreter/CMakeFiles/rxvml.dir/rxvmlib.c.o
[ 26%] Building C object interpreter/CMakeFiles/rxbvm.dir/rxvmmain.c.o
In file included from /Users/adrian/CLionProjects/CREXX/interpreter/rxvml.c:32:
/Users/adrian/CLionProjects/CREXX/interpreter/rxvmvars.h:2899:13: warning: 'sprintf' is deprecated: This function is provided for compatibility reasons only.  Due to security concerns inherent in the design of sprintf(3), it is highly recommended that you use snprintf(3) instead. [-Wdeprecated-declarations]
 2899 |             sprintf(formatted_output, scientific_format, coefficient, exponent);
      |             ^
/Library/Developer/CommandLineTools/SDKs/MacOSX.sdk/usr/include/_stdio.h:278:1: note: 'sprintf' has been explicitly marked deprecated here
  278 | __deprecated_msg("This function is provided for compatibility reasons only.  Due to security concerns inherent in the design of sprintf(3), it is highly recommended that you use snprintf(3) instead.")
      | ^
/Library/Developer/CommandLineTools/SDKs/MacOSX.sdk/usr/include/sys/cdefs.h:227:48: note: expanded from macro '__deprecated_msg'
  227 |         #define __deprecated_msg(_msg) __attribute__((__deprecated__(_msg)))
      |                                                       ^
In file included from /Users/adrian/CLionProjects/CREXX/interpreter/rxvml.c:32:
/Users/adrian/CLionProjects/CREXX/interpreter/rxvmvars.h:3034:5: warning: 'sprintf' is deprecated: This function is provided for compatibility reasons only.  Due to security concerns inherent in the design of sprintf(3), it is highly recommended that you use snprintf(3) instead. [-Wdeprecated-declarations]
 3034 |     sprintf(formatted_output, engineering_format, eng_exp);
      |     ^
/Library/Developer/CommandLineTools/SDKs/MacOSX.sdk/usr/include/_stdio.h:278:1: note: 'sprintf' has been explicitly marked deprecated here
  278 | __deprecated_msg("This function is provided for compatibility reasons only.  Due to security concerns inherent in the design of sprintf(3), it is highly recommended that you use snprintf(3) instead.")
      | ^
/Library/Developer/CommandLineTools/SDKs/MacOSX.sdk/usr/include/sys/cdefs.h:227:48: note: expanded from macro '__deprecated_msg'
  227 |         #define __deprecated_msg(_msg) __attribute__((__deprecated__(_msg)))
      |                                                       ^
/Users/adrian/CLionProjects/CREXX/interpreter/rxvmmain.c:387:13: warning: 'sprintf' is deprecated: This function is provided for compatibility reasons only.  Due to security concerns inherent in the design of sprintf(3), it is highly recommended that you use snprintf(3) instead. [-Wdeprecated-declarations]
  387 |             sprintf(installed_provider_path, "%s/providers", exe_path);
      |             ^
/Library/Developer/CommandLineTools/SDKs/MacOSX.sdk/usr/include/_stdio.h:278:1: note: 'sprintf' has been explicitly marked deprecated here
  278 | __deprecated_msg("This function is provided for compatibility reasons only.  Due to security concerns inherent in the design of sprintf(3), it is highly recommended that you use snprintf(3) instead.")
      | ^
/Library/Developer/CommandLineTools/SDKs/MacOSX.sdk/usr/include/sys/cdefs.h:227:48: note: expanded from macro '__deprecated_msg'
  227 |         #define __deprecated_msg(_msg) __attribute__((__deprecated__(_msg)))
      |                                                       ^
/Users/adrian/CLionProjects/CREXX/interpreter/rxvmmain.c:404:9: warning: 'sprintf' is deprecated: This function is provided for compatibility reasons only.  Due to security concerns inherent in the design of sprintf(3), it is highly recommended that you use snprintf(3) instead. [-Wdeprecated-declarations]
  404 |         sprintf(combined_location, ".;%s;%s", context.location, exe_path);
      |         ^
/Library/Developer/CommandLineTools/SDKs/MacOSX.sdk/usr/include/_stdio.h:278:1: note: 'sprintf' has been explicitly marked deprecated here
  278 | __deprecated_msg("This function is provided for compatibility reasons only.  Due to security concerns inherent in the design of sprintf(3), it is highly recommended that you use snprintf(3) instead.")
      | ^
/Library/Developer/CommandLineTools/SDKs/MacOSX.sdk/usr/include/sys/cdefs.h:227:48: note: expanded from macro '__deprecated_msg'
  227 |         #define __deprecated_msg(_msg) __attribute__((__deprecated__(_msg)))
      |                                                       ^
/Users/adrian/CLionProjects/CREXX/interpreter/rxvmmain.c:408:9: warning: 'sprintf' is deprecated: This function is provided for compatibility reasons only.  Due to security concerns inherent in the design of sprintf(3), it is highly recommended that you use snprintf(3) instead. [-Wdeprecated-declarations]
  408 |         sprintf(combined_location, ".;%s", exe_path);
      |         ^
/Library/Developer/CommandLineTools/SDKs/MacOSX.sdk/usr/include/_stdio.h:278:1: note: 'sprintf' has been explicitly marked deprecated here
  278 | __deprecated_msg("This function is provided for compatibility reasons only.  Due to security concerns inherent in the design of sprintf(3), it is highly recommended that you use snprintf(3) instead.")
      | ^
/Library/Developer/CommandLineTools/SDKs/MacOSX.sdk/usr/include/sys/cdefs.h:227:48: note: expanded from macro '__deprecated_msg'
  227 |         #define __deprecated_msg(_msg) __attribute__((__deprecated__(_msg)))
      |                                                       ^
3 warnings generated.
[ 26%] Building C object interpreter/CMakeFiles/rxvml.dir/rxvml.c.o
[ 26%] Linking C executable ../bin/rxbvm
2 warnings generated.
[ 26%] Linking C static library ../bin/librxbvml.a
In file included from /Users/adrian/CLionProjects/CREXX/interpreter/rxvml.c:32:
/Users/adrian/CLionProjects/CREXX/interpreter/rxvmvars.h:2899:13: warning: 'sprintf' is deprecated: This function is provided for compatibility reasons only.  Due to security concerns inherent in the design of sprintf(3), it is highly recommended that you use snprintf(3) instead. [-Wdeprecated-declarations]
 2899 |             sprintf(formatted_output, scientific_format, coefficient, exponent);
      |             ^
/Library/Developer/CommandLineTools/SDKs/MacOSX.sdk/usr/include/_stdio.h:278:1: note: 'sprintf' has been explicitly marked deprecated here
  278 | __deprecated_msg("This function is provided for compatibility reasons only.  Due to security concerns inherent in the design of sprintf(3), it is highly recommended that you use snprintf(3) instead.")
      | ^
/Library/Developer/CommandLineTools/SDKs/MacOSX.sdk/usr/include/sys/cdefs.h:227:48: note: expanded from macro '__deprecated_msg'
  227 |         #define __deprecated_msg(_msg) __attribute__((__deprecated__(_msg)))
      |                                                       ^
In file included from /Users/adrian/CLionProjects/CREXX/interpreter/rxvml.c:32:
/Users/adrian/CLionProjects/CREXX/interpreter/rxvmvars.h:3034:5: warning: 'sprintf' is deprecated: This function is provided for compatibility reasons only.  Due to security concerns inherent in the design of sprintf(3), it is highly recommended that you use snprintf(3) instead. [-Wdeprecated-declarations]
 3034 |     sprintf(formatted_output, engineering_format, eng_exp);
      |     ^
/Library/Developer/CommandLineTools/SDKs/MacOSX.sdk/usr/include/_stdio.h:278:1: note: 'sprintf' has been explicitly marked deprecated here
  278 | __deprecated_msg("This function is provided for compatibility reasons only.  Due to security concerns inherent in the design of sprintf(3), it is highly recommended that you use snprintf(3) instead.")
      | ^
/Library/Developer/CommandLineTools/SDKs/MacOSX.sdk/usr/include/sys/cdefs.h:227:48: note: expanded from macro '__deprecated_msg'
  227 |         #define __deprecated_msg(_msg) __attribute__((__deprecated__(_msg)))
      |                                                       ^
[ 26%] Built target rxbvm
[ 26%] cREXX RXAS jump-table corruption base (linear) ...
[ 26%] Built target rxbvml
2 warnings generated.
[ 26%] cREXX RXAS jump-table corruption base (openhash) ...
[ 26%] Linking C static library ../bin/librxvml.a
[ 26%] Built target rxvml
[ 26%] cREXX RXAS jump-table corruption base (acph) ...
[ 33%] Built target llama
[ 33%] Assembling PERF3-13 E5 sparse progress fixture ...
[ 33%] Built target test_persistent_worker_sparse_bin
[ 33%] Built target prepare_tests_jump_table_corruption_linear
[ 33%] Built target prepare_tests_jump_table_corruption_openhash
[ 33%] Built target prepare_tests_jump_table_corruption_acph
[ 33%] Linking archive-level db_decimal regression harness ...
[ 33%] Built target rxas_optimizer_test_prereqs
[ 33%] Building CXX object lib/plugins/llama/CMakeFiles/rxllama_model_geometry.dir/__/__/__/tests/native-inference/model_geometry.cpp.o
[ 33%] Building CXX object lib/plugins/llama/CMakeFiles/crexx_llama_bridge.dir/bridge.cpp.o
[ 34%] Building C object compiler/CMakeFiles/rxclib.dir/rxcpmain.c.o
/Users/adrian/CLionProjects/CREXX/compiler/rxcpmain.c:639:13: warning: 'sprintf' is deprecated: This function is provided for compatibility reasons only.  Due to security concerns inherent in the design of sprintf(3), it is highly recommended that you use snprintf(3) instead. [-Wdeprecated-declarations]
  639 |             sprintf(combined_import_locations, "%s;%s", user_import_locations, exe_path);
      |             ^
/Library/Developer/CommandLineTools/SDKs/MacOSX.sdk/usr/include/_stdio.h:278:1: note: 'sprintf' has been explicitly marked deprecated here
  278 | __deprecated_msg("This function is provided for compatibility reasons only.  Due to security concerns inherent in the design of sprintf(3), it is highly recommended that you use snprintf(3) instead.")
      | ^
/Library/Developer/CommandLineTools/SDKs/MacOSX.sdk/usr/include/sys/cdefs.h:227:48: note: expanded from macro '__deprecated_msg'
  227 |         #define __deprecated_msg(_msg) __attribute__((__deprecated__(_msg)))
      |                                                       ^
/Users/adrian/CLionProjects/CREXX/compiler/rxcpmain.c:649:13: warning: 'sprintf' is deprecated: This function is provided for compatibility reasons only.  Due to security concerns inherent in the design of sprintf(3), it is highly recommended that you use snprintf(3) instead. [-Wdeprecated-declarations]
  649 |             sprintf(combined_import_locations, "%s", exe_path);
      |             ^
/Library/Developer/CommandLineTools/SDKs/MacOSX.sdk/usr/include/_stdio.h:278:1: note: 'sprintf' has been explicitly marked deprecated here
  278 | __deprecated_msg("This function is provided for compatibility reasons only.  Due to security concerns inherent in the design of sprintf(3), it is highly recommended that you use snprintf(3) instead.")
      | ^
/Library/Developer/CommandLineTools/SDKs/MacOSX.sdk/usr/include/sys/cdefs.h:227:48: note: expanded from macro '__deprecated_msg'
  227 |         #define __deprecated_msg(_msg) __attribute__((__deprecated__(_msg)))
      |                                                       ^
2 warnings generated.
[ 34%] Building C object compiler/CMakeFiles/rxclib.dir/rxcp_ast_core.c.o
/Users/adrian/CLionProjects/CREXX/compiler/rxcp_ast_core.c:2027:18: warning: 'sprintf' is deprecated: This function is provided for compatibility reasons only.  Due to security concerns inherent in the design of sprintf(3), it is highly recommended that you use snprintf(3) instead. [-Wdeprecated-declarations]
 2027 |             c += sprintf(result + c, "%d", num_elements[i]);
      |                  ^
/Library/Developer/CommandLineTools/SDKs/MacOSX.sdk/usr/include/_stdio.h:278:1: note: 'sprintf' has been explicitly marked deprecated here
  278 | __deprecated_msg("This function is provided for compatibility reasons only.  Due to security concerns inherent in the design of sprintf(3), it is highly recommended that you use snprintf(3) instead.")
      | ^
/Library/Developer/CommandLineTools/SDKs/MacOSX.sdk/usr/include/sys/cdefs.h:227:48: note: expanded from macro '__deprecated_msg'
  227 |         #define __deprecated_msg(_msg) __attribute__((__deprecated__(_msg)))
      |                                                       ^
/Users/adrian/CLionProjects/CREXX/compiler/rxcp_ast_core.c:2030:18: warning: 'sprintf' is deprecated: This function is provided for compatibility reasons only.  Due to security concerns inherent in the design of sprintf(3), it is highly recommended that you use snprintf(3) instead. [-Wdeprecated-declarations]
 2030 |             c += sprintf(result + c, "%d to *", base[i]);
      |                  ^
/Library/Developer/CommandLineTools/SDKs/MacOSX.sdk/usr/include/_stdio.h:278:1: note: 'sprintf' has been explicitly marked deprecated here
  278 | __deprecated_msg("This function is provided for compatibility reasons only.  Due to security concerns inherent in the design of sprintf(3), it is highly recommended that you use snprintf(3) instead.")
      | ^
/Library/Developer/CommandLineTools/SDKs/MacOSX.sdk/usr/include/sys/cdefs.h:227:48: note: expanded from macro '__deprecated_msg'
  227 |         #define __deprecated_msg(_msg) __attribute__((__deprecated__(_msg)))
      |                                                       ^
/Users/adrian/CLionProjects/CREXX/compiler/rxcp_ast_core.c:2033:18: warning: 'sprintf' is deprecated: This function is provided for compatibility reasons only.  Due to security concerns inherent in the design of sprintf(3), it is highly recommended that you use snprintf(3) instead. [-Wdeprecated-declarations]
 2033 |             c += sprintf(result + c, "%d to %d", base[i], base[i] + num_elements[i] - 1);
      |                  ^
/Library/Developer/CommandLineTools/SDKs/MacOSX.sdk/usr/include/_stdio.h:278:1: note: 'sprintf' has been explicitly marked deprecated here
  278 | __deprecated_msg("This function is provided for compatibility reasons only.  Due to security concerns inherent in the design of sprintf(3), it is highly recommended that you use snprintf(3) instead.")
      | ^
/Library/Developer/CommandLineTools/SDKs/MacOSX.sdk/usr/include/sys/cdefs.h:227:48: note: expanded from macro '__deprecated_msg'
  227 |         #define __deprecated_msg(_msg) __attribute__((__deprecated__(_msg)))
      |                                                       ^
[ 34%] Built target test_db_decimal_archive_link_bin
[ 34%] cREXX assemble _elapsed ...
3 warnings generated.
[ 34%] Building C object compiler/CMakeFiles/rxclib.dir/rxcp_ast_print.c.o
/Users/adrian/CLionProjects/CREXX/compiler/rxcp_ast_print.c:327:9: warning: 'sprintf' is deprecated: This function is provided for compatibility reasons only.  Due to security concerns inherent in the design of sprintf(3), it is highly recommended that you use snprintf(3) instead. [-Wdeprecated-declarations]
  327 |         sprintf(reg,"%c%d",symbol->register_type,symbol->register_num);
      |         ^
/Library/Developer/CommandLineTools/SDKs/MacOSX.sdk/usr/include/_stdio.h:278:1: note: 'sprintf' has been explicitly marked deprecated here
  278 | __deprecated_msg("This function is provided for compatibility reasons only.  Due to security concerns inherent in the design of sprintf(3), it is highly recommended that you use snprintf(3) instead.")
      | ^
/Library/Developer/CommandLineTools/SDKs/MacOSX.sdk/usr/include/sys/cdefs.h:227:48: note: expanded from macro '__deprecated_msg'
  227 |         #define __deprecated_msg(_msg) __attribute__((__deprecated__(_msg)))
      |                                                       ^
/Users/adrian/CLionProjects/CREXX/compiler/rxcp_ast_print.c:588:17: warning: 'sprintf' is deprecated: This function is provided for compatibility reasons only.  Due to security concerns inherent in the design of sprintf(3), it is highly recommended that you use snprintf(3) instead. [-Wdeprecated-declarations]
  588 |                 sprintf(value_type_buffer,"\n%c%d, r%d-r%d",
      |                 ^
/Library/Developer/CommandLineTools/SDKs/MacOSX.sdk/usr/include/_stdio.h:278:1: note: 'sprintf' has been explicitly marked deprecated here
  278 | __deprecated_msg("This function is provided for compatibility reasons only.  Due to security concerns inherent in the design of sprintf(3), it is highly recommended that you use snprintf(3) instead.")
      | ^
/Library/Developer/CommandLineTools/SDKs/MacOSX.sdk/usr/include/sys/cdefs.h:227:48: note: expanded from macro '__deprecated_msg'
  227 |         #define __deprecated_msg(_msg) __attribute__((__deprecated__(_msg)))
      |                                                       ^
/Users/adrian/CLionProjects/CREXX/compiler/rxcp_ast_print.c:593:17: warning: 'sprintf' is deprecated: This function is provided for compatibility reasons only.  Due to security concerns inherent in the design of sprintf(3), it is highly recommended that you use snprintf(3) instead. [-Wdeprecated-declarations]
  593 |                 sprintf(value_type_buffer,"\n%c%d", node->register_type, node->register_num);
      |                 ^
/Library/Developer/CommandLineTools/SDKs/MacOSX.sdk/usr/include/_stdio.h:278:1: note: 'sprintf' has been explicitly marked deprecated here
  278 | __deprecated_msg("This function is provided for compatibility reasons only.  Due to security concerns inherent in the design of sprintf(3), it is highly recommended that you use snprintf(3) instead.")
      | ^
/Library/Developer/CommandLineTools/SDKs/MacOSX.sdk/usr/include/sys/cdefs.h:227:48: note: expanded from macro '__deprecated_msg'
  227 |         #define __deprecated_msg(_msg) __attribute__((__deprecated__(_msg)))
      |                                                       ^
[ 35%] cREXX RXAS Library Archive ...
3 warnings generated.
[ 35%] Building C object compiler/CMakeFiles/rxclib.dir/rxcp_ast_walk.c.o
[ 35%] Built target library-rxas
[ 35%] Building C object compiler/tests/CMakeFiles/test_rxvml_utf_boundaries.dir/src/test_rxvml_utf_boundaries.c.o
[ 35%] Building C object compiler/CMakeFiles/rxclib.dir/rxcp_util.c.o
[ 35%] Linking C executable test_rxvml_utf_boundaries
[ 35%] Building C object compiler/CMakeFiles/rxclib.dir/rxcp_diag_fallback.c.o
[ 35%] Built target test_rxvml_utf_boundaries
[ 35%] Building C object lib/plugins/llama/CMakeFiles/crexx_llama_bridge.dir/__/__/__/binutils/rxsha256.c.o
[ 35%] Building C object compiler/CMakeFiles/rxclib.dir/rxcp_dsl.c.o
[ 35%] Building C object interpreter/CMakeFiles/crexxsaa.dir/crexxsaa.c.o
[ 35%] Building C object compiler/CMakeFiles/rxclib.dir/rxcp_highlight_controller.c.o
[ 35%] Linking C shared library ../bin/libcrexxsaa.dylib
[ 35%] Building C object compiler/CMakeFiles/rxclib.dir/rxcp_source_tree.c.o
[ 35%] Built target crexxsaa
[ 35%] Building C object compiler/CMakeFiles/rxclib.dir/rxcp_source_ext.c.o
[ 35%] Building C object compiler/CMakeFiles/rxclib.dir/rxcp_srcmap.c.o
[ 35%] Building C object compiler/CMakeFiles/rxclib.dir/rxcposcn.c.o
[ 35%] Building C object compiler/CMakeFiles/rxclib.dir/rxcpopgr.c.o
[ 35%] Building C object compiler/CMakeFiles/rxclib.dir/rxcpopar.c.o
[ 35%] Building C object compiler/CMakeFiles/rxclib.dir/rexbscan.c.o
[ 35%] Building C object compiler/CMakeFiles/rxclib.dir/rxcpbgmr.c.o
[ 36%] Linking CXX executable ../../../bin/rxllama_model_geometry
[ 36%] Built target rxllama_model_geometry
[ 36%] Built target rxvm
[ 36%] Building C object interpreter/CMakeFiles/test_rxspawn_inheritance.dir/tests/test_rxspawn_inheritance.c.o
[ 36%] Building C object compiler/CMakeFiles/rxclib.dir/rxcpbpar.c.o
In file included from /Users/adrian/CLionProjects/CREXX/interpreter/tests/test_rxspawn_inheritance.c:17:
In file included from /Users/adrian/CLionProjects/CREXX/interpreter/tests/../rxspawn.c:68:
/Users/adrian/CLionProjects/CREXX/interpreter/tests/../rxvmvars.h:2899:13: warning: 'sprintf' is deprecated: This function is provided for compatibility reasons only.  Due to security concerns inherent in the design of sprintf(3), it is highly recommended that you use snprintf(3) instead. [-Wdeprecated-declarations]
 2899 |             sprintf(formatted_output, scientific_format, coefficient, exponent);
      |             ^
/Library/Developer/CommandLineTools/SDKs/MacOSX.sdk/usr/include/_stdio.h:278:1: note: 'sprintf' has been explicitly marked deprecated here
  278 | __deprecated_msg("This function is provided for compatibility reasons only.  Due to security concerns inherent in the design of sprintf(3), it is highly recommended that you use snprintf(3) instead.")
      | ^
/Library/Developer/CommandLineTools/SDKs/MacOSX.sdk/usr/include/sys/cdefs.h:227:48: note: expanded from macro '__deprecated_msg'
  227 |         #define __deprecated_msg(_msg) __attribute__((__deprecated__(_msg)))
      |                                                       ^
In file included from /Users/adrian/CLionProjects/CREXX/interpreter/tests/test_rxspawn_inheritance.c:17:
In file included from /Users/adrian/CLionProjects/CREXX/interpreter/tests/../rxspawn.c:68:
/Users/adrian/CLionProjects/CREXX/interpreter/tests/../rxvmvars.h:3034:5: warning: 'sprintf' is deprecated: This function is provided for compatibility reasons only.  Due to security concerns inherent in the design of sprintf(3), it is highly recommended that you use snprintf(3) instead. [-Wdeprecated-declarations]
 3034 |     sprintf(formatted_output, engineering_format, eng_exp);
      |     ^
/Library/Developer/CommandLineTools/SDKs/MacOSX.sdk/usr/include/_stdio.h:278:1: note: 'sprintf' has been explicitly marked deprecated here
  278 | __deprecated_msg("This function is provided for compatibility reasons only.  Due to security concerns inherent in the design of sprintf(3), it is highly recommended that you use snprintf(3) instead.")
      | ^
/Library/Developer/CommandLineTools/SDKs/MacOSX.sdk/usr/include/sys/cdefs.h:227:48: note: expanded from macro '__deprecated_msg'
  227 |         #define __deprecated_msg(_msg) __attribute__((__deprecated__(_msg)))
      |                                                       ^
In file included from /Users/adrian/CLionProjects/CREXX/interpreter/tests/test_rxspawn_inheritance.c:17:
/Users/adrian/CLionProjects/CREXX/interpreter/tests/../rxspawn.c:924:9: warning: 'sprintf' is deprecated: This function is provided for compatibility reasons only.  Due to security concerns inherent in the design of sprintf(3), it is highly recommended that you use snprintf(3) instead. [-Wdeprecated-declarations]
  924 |         sprintf(candidate, "%s/%s", directory, exe);
      |         ^
/Library/Developer/CommandLineTools/SDKs/MacOSX.sdk/usr/include/_stdio.h:278:1: note: 'sprintf' has been explicitly marked deprecated here
  278 | __deprecated_msg("This function is provided for compatibility reasons only.  Due to security concerns inherent in the design of sprintf(3), it is highly recommended that you use snprintf(3) instead.")
      | ^
/Library/Developer/CommandLineTools/SDKs/MacOSX.sdk/usr/include/sys/cdefs.h:227:48: note: expanded from macro '__deprecated_msg'
  227 |         #define __deprecated_msg(_msg) __attribute__((__deprecated__(_msg)))
      |                                                       ^
[ 36%] Building C object compiler/CMakeFiles/rxclib.dir/rexcscan.c.o
3 warnings generated.
[ 36%] Linking C executable ../bin/test_rxspawn_inheritance
[ 36%] Built target test_rxspawn_inheritance
[ 36%] Building C object interpreter/CMakeFiles/test_rxcrexxcmd_flush.dir/tests/test_rxcrexxcmd_flush.c.o
[ 36%] Linking C executable ../bin/test_rxcrexxcmd_flush
[ 36%] Built target test_rxcrexxcmd_flush
[ 36%] Building C object interpreter/CMakeFiles/test_rxspawn_diagnostics.dir/tests/test_rxspawn_diagnostics.c.o
[ 36%] Building C object compiler/CMakeFiles/rxclib.dir/rxcpcgmr.c.o
[ 36%] Linking C executable ../bin/test_rxspawn_diagnostics
[ 36%] Built target test_rxspawn_diagnostics
[ 36%] Building C object interpreter/CMakeFiles/crexxsaa_tool.dir/crexxsaa_tool.c.o
[ 36%] Building C object compiler/CMakeFiles/rxclib.dir/rxcpcpar.c.o
[ 36%] Linking C executable ../bin/crexxsaa
[ 36%] Built target crexxsaa_tool
[ 36%] Building C object interpreter/CMakeFiles/test_rxvmchannel_registry.dir/tests/test_rxvmchannel_registry.c.o
[ 36%] Linking CXX shared library ../../../bin/providers/libcrexx-llama.dylib
[ 36%] Building C object compiler/CMakeFiles/rxclib.dir/rxcpcdiag.c.o
[ 36%] Assembling Gate F F1e process channel fixture ...
[ 36%] Linking C executable test_rxvmchannel_registry
[ 36%] Built target crexx_llama_bridge
[ 36%] Building C object compiler/CMakeFiles/rxclib.dir/rxcpcsym.c.o
[ 36%] Building C object interpreter/CMakeFiles/test_rxvmbyteendpoint.dir/tests/test_rxvmbyteendpoint.c.o
[ 36%] Built target test_gate_f_channel_process_bin
[ 36%] Built target test_rxvmchannel_registry
[ 36%] Building C object compiler/CMakeFiles/rxclib.dir/rxcpcval.c.o
[ 36%] Building C object interpreter/CMakeFiles/test_rxvmchannel_byte.dir/tests/test_rxvmchannel_byte.c.o
[ 36%] Linking C executable test_rxvmbyteendpoint
[ 36%] Building C object interpreter/CMakeFiles/test_rxvmchannel_lifetime.dir/tests/test_rxvmchannel_lifetime.c.o
[ 36%] Building C object compiler/CMakeFiles/rxclib.dir/rxcp_val_sym.c.o
[ 36%] Built target test_rxvmbyteendpoint
[ 37%] Linking C executable test_rxvmchannel_byte
[ 37%] Linking C executable test_rxvmchannel_lifetime
[ 37%] Building C object interpreter/CMakeFiles/test_rxvmactive.dir/tests/test_rxvmactive.c.o
/Users/adrian/CLionProjects/CREXX/compiler/rxcp_val_sym.c:919:37: warning: 'sprintf' is deprecated: This function is provided for compatibility reasons only.  Due to security concerns inherent in the design of sprintf(3), it is highly recommended that you use snprintf(3) instead. [-Wdeprecated-declarations]
  919 |                                     sprintf(reg_str, "%d", next_free);
      |                                     ^
/Library/Developer/CommandLineTools/SDKs/MacOSX.sdk/usr/include/_stdio.h:278:1: note: 'sprintf' has been explicitly marked deprecated here
  278 | __deprecated_msg("This function is provided for compatibility reasons only.  Due to security concerns inherent in the design of sprintf(3), it is highly recommended that you use snprintf(3) instead.")
      | ^
/Library/Developer/CommandLineTools/SDKs/MacOSX.sdk/usr/include/sys/cdefs.h:227:48: note: expanded from macro '__deprecated_msg'
  227 |         #define __deprecated_msg(_msg) __attribute__((__deprecated__(_msg)))
      |                                                       ^
1 warning generated.
[ 37%] Built target test_rxvmchannel_byte
[ 37%] Linking C executable test_rxvmactive
[ 37%] Built target test_rxvmchannel_lifetime
[ 37%] Building C object compiler/CMakeFiles/rxclib.dir/rxcp_val_type.c.o
[ 37%] Building C object interpreter/CMakeFiles/test_rxvmplugin_context.dir/tests/test_rxvmplugin_context.c.o
[ 37%] Building C object interpreter/CMakeFiles/test_rxpa_concurrency.dir/tests/test_rxpa_concurrency.c.o
In file included from /Users/adrian/CLionProjects/CREXX/compiler/rxcp_val_type.c:51:
/Users/adrian/CLionProjects/CREXX/interpreter/rxvmvars.h:2899:13: warning: 'sprintf' is deprecated: This function is provided for compatibility reasons only.  Due to security concerns inherent in the design of sprintf(3), it is highly recommended that you use snprintf(3) instead. [-Wdeprecated-declarations]
 2899 |             sprintf(formatted_output, scientific_format, coefficient, exponent);
      |             ^
/Library/Developer/CommandLineTools/SDKs/MacOSX.sdk/usr/include/_stdio.h:278:1: note: 'sprintf' has been explicitly marked deprecated here
  278 | __deprecated_msg("This function is provided for compatibility reasons only.  Due to security concerns inherent in the design of sprintf(3), it is highly recommended that you use snprintf(3) instead.")
      | ^
/Library/Developer/CommandLineTools/SDKs/MacOSX.sdk/usr/include/sys/cdefs.h:227:48: note: expanded from macro '__deprecated_msg'
  227 |         #define __deprecated_msg(_msg) __attribute__((__deprecated__(_msg)))
      |                                                       ^
In file included from /Users/adrian/CLionProjects/CREXX/compiler/rxcp_val_type.c:51:
/Users/adrian/CLionProjects/CREXX/interpreter/rxvmvars.h:3034:5: warning: 'sprintf' is deprecated: This function is provided for compatibility reasons only.  Due to security concerns inherent in the design of sprintf(3), it is highly recommended that you use snprintf(3) instead. [-Wdeprecated-declarations]
 3034 |     sprintf(formatted_output, engineering_format, eng_exp);
      |     ^
/Library/Developer/CommandLineTools/SDKs/MacOSX.sdk/usr/include/_stdio.h:278:1: note: 'sprintf' has been explicitly marked deprecated here
  278 | __deprecated_msg("This function is provided for compatibility reasons only.  Due to security concerns inherent in the design of sprintf(3), it is highly recommended that you use snprintf(3) instead.")
      | ^
/Library/Developer/CommandLineTools/SDKs/MacOSX.sdk/usr/include/sys/cdefs.h:227:48: note: expanded from macro '__deprecated_msg'
  227 |         #define __deprecated_msg(_msg) __attribute__((__deprecated__(_msg)))
      |                                                       ^
[ 37%] Built target test_rxvmactive
In file included from /Users/adrian/CLionProjects/CREXX/interpreter/tests/test_rxpa_concurrency.c:8:
/Users/adrian/CLionProjects/CREXX/interpreter/rxvmvars.h:2899:13: warning: 'sprintf' is deprecated: This function is provided for compatibility reasons only.  Due to security concerns inherent in the design of sprintf(3), it is highly recommended that you use snprintf(3) instead. [-Wdeprecated-declarations]
 2899 |             sprintf(formatted_output, scientific_format, coefficient, exponent);
      |             ^
/Library/Developer/CommandLineTools/SDKs/MacOSX.sdk/usr/include/_stdio.h:278:1: note: 'sprintf' has been explicitly marked deprecated here
  278 | __deprecated_msg("This function is provided for compatibility reasons only.  Due to security concerns inherent in the design of sprintf(3), it is highly recommended that you use snprintf(3) instead.")
      | ^
/Library/Developer/CommandLineTools/SDKs/MacOSX.sdk/usr/include/sys/cdefs.h:227:48: note: expanded from macro '__deprecated_msg'
  227 |         #define __deprecated_msg(_msg) __attribute__((__deprecated__(_msg)))
      |                                                       ^
In file included from /Users/adrian/CLionProjects/CREXX/interpreter/tests/test_rxpa_concurrency.c:8:
/Users/adrian/CLionProjects/CREXX/interpreter/rxvmvars.h:3034:5: warning: 'sprintf' is deprecated: This function is provided for compatibility reasons only.  Due to security concerns inherent in the design of sprintf(3), it is highly recommended that you use snprintf(3) instead. [-Wdeprecated-declarations]
 3034 |     sprintf(formatted_output, engineering_format, eng_exp);
      |     ^
/Library/Developer/CommandLineTools/SDKs/MacOSX.sdk/usr/include/_stdio.h:278:1: note: 'sprintf' has been explicitly marked deprecated here
  278 | __deprecated_msg("This function is provided for compatibility reasons only.  Due to security concerns inherent in the design of sprintf(3), it is highly recommended that you use snprintf(3) instead.")
      | ^
/Library/Developer/CommandLineTools/SDKs/MacOSX.sdk/usr/include/sys/cdefs.h:227:48: note: expanded from macro '__deprecated_msg'
  227 |         #define __deprecated_msg(_msg) __attribute__((__deprecated__(_msg)))
      |                                                       ^
[ 37%] Linking C executable test_rxvmplugin_context
[ 38%] Building C object compiler/CMakeFiles/rxclib.dir/rxcp_val_trans.c.o
2 warnings generated.
[ 38%] Linking C executable test_rxpa_concurrency
2 warnings generated.
[ 38%] Built target test_rxvmplugin_context
[ 38%] Building C object compiler/CMakeFiles/rxclib.dir/rxcp_ast_rewrite.c.o
[ 38%] Building C object interpreter/CMakeFiles/test_rxpa_host_services.dir/tests/test_rxpa_host_services.c.o
[ 38%] Building C object interpreter/CMakeFiles/test_rxpa_worker_startup.dir/tests/test_rxpa_worker_startup.c.o
In file included from /Users/adrian/CLionProjects/CREXX/interpreter/tests/test_rxpa_host_services.c:3:
In file included from /Users/adrian/CLionProjects/CREXX/interpreter/tests/test_rxpa_concurrency.c:8:
/Users/adrian/CLionProjects/CREXX/interpreter/rxvmvars.h:2899:13: warning: 'sprintf' is deprecated: This function is provided for compatibility reasons only.  Due to security concerns inherent in the design of sprintf(3), it is highly recommended that you use snprintf(3) instead. [-Wdeprecated-declarations]
 2899 |             sprintf(formatted_output, scientific_format, coefficient, exponent);
      |             ^
/Library/Developer/CommandLineTools/SDKs/MacOSX.sdk/usr/include/_stdio.h:278:1: note: 'sprintf' has been explicitly marked deprecated here
  278 | __deprecated_msg("This function is provided for compatibility reasons only.  Due to security concerns inherent in the design of sprintf(3), it is highly recommended that you use snprintf(3) instead.")
      | ^
/Library/Developer/CommandLineTools/SDKs/MacOSX.sdk/usr/include/sys/cdefs.h:227:48: note: expanded from macro '__deprecated_msg'
  227 |         #define __deprecated_msg(_msg) __attribute__((__deprecated__(_msg)))
      |                                                       ^
In file included from /Users/adrian/CLionProjects/CREXX/interpreter/tests/test_rxpa_host_services.c:3:
In file included from /Users/adrian/CLionProjects/CREXX/interpreter/tests/test_rxpa_concurrency.c:8:
/Users/adrian/CLionProjects/CREXX/interpreter/rxvmvars.h:3034:5: warning: 'sprintf' is deprecated: This function is provided for compatibility reasons only.  Due to security concerns inherent in the design of sprintf(3), it is highly recommended that you use snprintf(3) instead. [-Wdeprecated-declarations]
 3034 |     sprintf(formatted_output, engineering_format, eng_exp);
      |     ^
/Library/Developer/CommandLineTools/SDKs/MacOSX.sdk/usr/include/_stdio.h:278:1: note: 'sprintf' has been explicitly marked deprecated here
  278 | __deprecated_msg("This function is provided for compatibility reasons only.  Due to security concerns inherent in the design of sprintf(3), it is highly recommended that you use snprintf(3) instead.")
      | ^
/Library/Developer/CommandLineTools/SDKs/MacOSX.sdk/usr/include/sys/cdefs.h:227:48: note: expanded from macro '__deprecated_msg'
  227 |         #define __deprecated_msg(_msg) __attribute__((__deprecated__(_msg)))
      |                                                       ^
[ 38%] Built target test_rxpa_concurrency
[ 38%] Building C object compiler/CMakeFiles/rxclib.dir/rxcp_val_check.c.o
In file included from /Users/adrian/CLionProjects/CREXX/interpreter/tests/test_rxpa_worker_startup.c:4:
In file included from /Users/adrian/CLionProjects/CREXX/interpreter/tests/test_rxpa_concurrency.c:8:
/Users/adrian/CLionProjects/CREXX/interpreter/rxvmvars.h:2899:13: warning: 'sprintf' is deprecated: This function is provided for compatibility reasons only.  Due to security concerns inherent in the design of sprintf(3), it is highly recommended that you use snprintf(3) instead. [-Wdeprecated-declarations]
 2899 |             sprintf(formatted_output, scientific_format, coefficient, exponent);
      |             ^
/Library/Developer/CommandLineTools/SDKs/MacOSX.sdk/usr/include/_stdio.h:278:1: note: 'sprintf' has been explicitly marked deprecated here
  278 | __deprecated_msg("This function is provided for compatibility reasons only.  Due to security concerns inherent in the design of sprintf(3), it is highly recommended that you use snprintf(3) instead.")
      | ^
/Library/Developer/CommandLineTools/SDKs/MacOSX.sdk/usr/include/sys/cdefs.h:227:48: note: expanded from macro '__deprecated_msg'
  227 |         #define __deprecated_msg(_msg) __attribute__((__deprecated__(_msg)))
      |                                                       ^
In file included from /Users/adrian/CLionProjects/CREXX/interpreter/tests/test_rxpa_worker_startup.c:4:
In file included from /Users/adrian/CLionProjects/CREXX/interpreter/tests/test_rxpa_concurrency.c:8:
/Users/adrian/CLionProjects/CREXX/interpreter/rxvmvars.h:3034:5: warning: 'sprintf' is deprecated: This function is provided for compatibility reasons only.  Due to security concerns inherent in the design of sprintf(3), it is highly recommended that you use snprintf(3) instead. [-Wdeprecated-declarations]
 3034 |     sprintf(formatted_output, engineering_format, eng_exp);
      |     ^
/Library/Developer/CommandLineTools/SDKs/MacOSX.sdk/usr/include/_stdio.h:278:1: note: 'sprintf' has been explicitly marked deprecated here
  278 | __deprecated_msg("This function is provided for compatibility reasons only.  Due to security concerns inherent in the design of sprintf(3), it is highly recommended that you use snprintf(3) instead.")
      | ^
/Library/Developer/CommandLineTools/SDKs/MacOSX.sdk/usr/include/sys/cdefs.h:227:48: note: expanded from macro '__deprecated_msg'
  227 |         #define __deprecated_msg(_msg) __attribute__((__deprecated__(_msg)))
      |                                                       ^
[ 38%] Building C object interpreter/CMakeFiles/test_rxpa_odbc.dir/tests/test_rxpa_odbc.c.o
2 warnings generated.
2 warnings generated.
[ 38%] Linking C executable test_rxpa_host_services
In file included from /Users/adrian/CLionProjects/CREXX/interpreter/tests/test_rxpa_odbc.c:3:
/Users/adrian/CLionProjects/CREXX/interpreter/rxvmvars.h:2899:13: warning: 'sprintf' is deprecated: This function is provided for compatibility reasons only.  Due to security concerns inherent in the design of sprintf(3), it is highly recommended that you use snprintf(3) instead. [-Wdeprecated-declarations]
 2899 |             sprintf(formatted_output, scientific_format, coefficient, exponent);
      |             ^
/Library/Developer/CommandLineTools/SDKs/MacOSX.sdk/usr/include/_stdio.h:278:1: note: 'sprintf' has been explicitly marked deprecated here
  278 | __deprecated_msg("This function is provided for compatibility reasons only.  Due to security concerns inherent in the design of sprintf(3), it is highly recommended that you use snprintf(3) instead.")
      | ^
/Library/Developer/CommandLineTools/SDKs/MacOSX.sdk/usr/include/sys/cdefs.h:227:48: note: expanded from macro '__deprecated_msg'
  227 |         #define __deprecated_msg(_msg) __attribute__((__deprecated__(_msg)))
      |                                                       ^
In file included from /Users/adrian/CLionProjects/CREXX/interpreter/tests/test_rxpa_odbc.c:3:
/Users/adrian/CLionProjects/CREXX/interpreter/rxvmvars.h:3034:5: warning: 'sprintf' is deprecated: This function is provided for compatibility reasons only.  Due to security concerns inherent in the design of sprintf(3), it is highly recommended that you use snprintf(3) instead. [-Wdeprecated-declarations]
 3034 |     sprintf(formatted_output, engineering_format, eng_exp);
      |     ^
/Library/Developer/CommandLineTools/SDKs/MacOSX.sdk/usr/include/_stdio.h:278:1: note: 'sprintf' has been explicitly marked deprecated here
  278 | __deprecated_msg("This function is provided for compatibility reasons only.  Due to security concerns inherent in the design of sprintf(3), it is highly recommended that you use snprintf(3) instead.")
      | ^
/Library/Developer/CommandLineTools/SDKs/MacOSX.sdk/usr/include/sys/cdefs.h:227:48: note: expanded from macro '__deprecated_msg'
  227 |         #define __deprecated_msg(_msg) __attribute__((__deprecated__(_msg)))
      |                                                       ^
[ 38%] Linking C executable test_rxpa_worker_startup
[ 38%] Building C object compiler/CMakeFiles/rxclib.dir/rxcp_val_plugin.c.o
2 warnings generated.
[ 38%] Linking C executable test_rxpa_odbc
[ 38%] Built target test_rxpa_host_services
[ 38%] Built target test_rxpa_worker_startup
[ 38%] Building C object compiler/CMakeFiles/rxclib.dir/rxcp_val_orch.c.o
[ 38%] cREXX RXAS Instruction Tests (raise uncaptured signal) ...
[ 38%] cREXX RXAS Instruction Tests (fallback panic source reporting) ...
[ 38%] Built target test_rxpa_odbc
[ 38%] cREXX RXAS Instruction Tests (breakpoint address reporting) ...
[ 38%] Built target run_tests_signals
[ 38%] Built target run_tests_panic_source
[ 38%] Building C object compiler/CMakeFiles/rxclib.dir/rxcpsymb.c.o
[ 38%] cREXX RXAS Instruction Tests (register flag partitioning) ...
[ 38%] cREXX RXAS Instruction Tests (UTF flag cache) ...
[ 38%] Built target run_tests_breakpoint_address
[ 38%] cREXX RXAS Instruction Tests (attribute bulk insert/delete) ...
[ 38%] Built target run_tests_register_flags
[ 38%] Built target run_tests_utf_flags
[ 38%] cREXX RXAS Instruction Tests (reference value instructions) ...
[ 38%] Building C object compiler/CMakeFiles/rxclib.dir/rxcp_fixup.c.o
[ 38%] cREXX RXAS Instruction Tests (PERF2-02 direct reference guards) ...
[ 38%] Built target run_tests_attributes
[ 38%] Building C object compiler/CMakeFiles/rxclib.dir/rxcp_ast_val.c.o
[ 38%] cREXX RXAS Instruction Tests (PERF2-05 partial reference materialization) ...
[ 38%] Built target run_tests_perf2_reference_guards
[ 38%] Building C object compiler/CMakeFiles/rxclib.dir/rxcp_remap.c.o
[ 38%] cREXX RXAS Instruction Tests (PERF2-05 exact reference relink) ...
[ 38%] Built target run_tests_references
[ 38%] Built target run_tests_perf2_partial_reference_materialization
[ 38%] cREXX RXAS Instruction Tests (object initialization lifecycle instructions) ...
[ 38%] Building C object compiler/CMakeFiles/rxclib.dir/rxcp_remap_build.c.o
[ 38%] cREXX RXAS Instruction Tests (signal call argument attributes) ...
[ 38%] Built target run_tests_perf2_exact_relink
[ 38%] Built target run_tests_object_initialization
[ 38%] Building C object compiler/CMakeFiles/rxclib.dir/rxcp_task_lower.c.o
[ 38%] cREXX RXAS Instruction Tests (signal handler response modes) ...
[ 38%] Built target run_tests_signal_call_attrs
[ 38%] cREXX RXAS Instruction Tests (signal call-window mapping unwind) ...
[ 38%] cREXX RXAS Instruction Tests (signal mask boundary handling) ...
[ 38%] Built target run_tests_signal_handler_modes
[ 38%] Building C object compiler/CMakeFiles/rxclib.dir/rxcp_levelc_lower.c.o
[ 38%] cREXX RXAS Instruction Tests (signal silent halt response) ...
[ 38%] Built target run_tests_signal_call_unwind
[ 38%] Built target run_tests_signal_mask_bounds
[ 38%] cREXX RXAS Instruction Tests (signal frame handler table scope) ...
[ 38%] cREXX RXAS Instruction Tests (nested pending signal delivery) ...
[ 38%] Built target run_tests_signal_silent_halt
[ 38%] Built target run_tests_signal_frame_scope
[ 38%] cREXX RXAS Instruction Tests (action-aware signal handlers) ...
[ 38%] Built target run_tests_signal_nested_pending
[ 38%] cREXX RXAS Instruction Tests (retired signal retry marker) ...
[ 38%] cREXX RXAS Instruction Tests (signal handler push/pop scope) ...
[ 38%] Built target run_tests_signal_actions
[ 38%] Built target run_tests_signal_retry_retired
[ 38%] cREXX RXAS Instruction Tests (signal branch with bound value) ...
[ 38%] Building C object compiler/CMakeFiles/rxclib.dir/rxcp_inline.c.o
[ 40%] cREXX RXAS Instruction Tests (source-preserving signal validation) ...
[ 40%] Built target run_tests_signal_pushpop
[ 40%] cREXX RXAS Instruction Tests (NR-09 large instructions) ...
[ 40%] Built target run_tests_signal_branch_value
[ 40%] Built target run_tests_signal_origin
[ 40%] cREXX RXAS Basic Instruction Tests ...
[ 40%] cREXX RXAS Integer Math Instruction Tests ...
[ 40%] Built target run_tests_nr09_superinstructions
[ 40%] cREXX RXAS Instruction Tests (signed 64-bit integer contract) ...
[ 40%] Built target run_tests_basic
[ 40%] cREXX RXAS Float Math Instruction Tests ...
[ 40%] Built target run_tests_int_math
[ 40%] cREXX RXAS Float Constant Pool Tests ...
[ 40%] Built target run_tests_int_contract
[ 40%] Building C object compiler/CMakeFiles/rxclib.dir/rxcp_inline_rules.c.o
[ 40%] cREXX RXBIN 007 portable-format tests ...
[ 40%] Built target run_tests_float_math
[ 40%] Built target run_tests_float_pool
[ 40%] cREXX RXAS String Instruction Tests ...
[ 40%] Building C object compiler/CMakeFiles/rxclib.dir/rxcpemit.c.o
[ 40%] cREXX RXAS Logic and Flow Instruction Tests ...
[ 40%] Built target run_tests_compact_format
[ 40%] cREXX RXAS System and I/O Instruction Tests ...
[ 40%] Building C object compiler/CMakeFiles/rxclib.dir/rxcp_emit_core.c.o
[ 40%] Built target run_tests_logic_flow
[ 40%] Built target run_tests_string
[ 40%] cREXX RXAS Instruction Tests (binary buffer and I/O) ...
[ 40%] cREXX RXAS Instruction Tests (typed binary memory operations) ...
[ 40%] Built target run_tests_system_io
[ 40%] Assembling Gate F F1c local channel fixture ...
[ 40%] Building C object compiler/CMakeFiles/rxclib.dir/rxcp_emit_super.c.o
[ 40%] Building C object compiler/CMakeFiles/rxclib.dir/rxcp_emit_reg.c.o
[ 40%] Built target run_tests_binary
[ 40%] Assembling retired process-opcode base fixture ...
[ 40%] Built target run_tests_binary_memory
[ 40%] Assembling Gate F F1b channel benchmark ...
[ 40%] Building C object compiler/CMakeFiles/rxclib.dir/rxcp_emit_expr.c.o
[ 40%] Injecting retired process opcode 466 into stale RXBIN fixture ...
[ 40%] Built target test_gate_f_channel_benchmark_bin
[ 40%] cREXX RXAS Instruction Tests (linear jump table dispatch) ...
[ 40%] Built target test_gate_f_channel_local_bin
[ 40%] Building C object compiler/CMakeFiles/rxclib.dir/rxcp_emit_flow.c.o
[ 40%] cREXX RXAS Instruction Tests (linear jump table source matrix) ...
[ 40%] Built target run_tests_jump_table
[ 40%] Building C object compiler/CMakeFiles/rxclib.dir/rxcp_emit_proc.c.o
[ 40%] cREXX RXAS Instruction Tests (openhash jump table source matrix) ...
[ 40%] Built target run_tests_jump_table_linear_sources
[ 40%] cREXX RXAS Instruction Tests (acph jump table source matrix) ...
[ 40%] Building C object compiler/CMakeFiles/rxclib.dir/rxcp_emit_meta.c.o
[ 40%] Built target run_tests_jump_table_openhash_sources
[ 40%] Building C object compiler/CMakeFiles/rxclib.dir/rxcp_opt.c.o
[ 40%] cREXX RXAS Instruction Tests (auto jump table source matrix) ...
[ 40%] Injecting retired process opcode 467 into stale RXBIN fixture ...
[ 40%] Built target run_tests_jump_table_acph_sources
In file included from /Users/adrian/CLionProjects/CREXX/compiler/rxcp_opt.c:75:
/Users/adrian/CLionProjects/CREXX/interpreter/rxvmvars.h:2899:13: warning: 'sprintf' is deprecated: This function is provided for compatibility reasons only.  Due to security concerns inherent in the design of sprintf(3), it is highly recommended that you use snprintf(3) instead. [-Wdeprecated-declarations]
 2899 |             sprintf(formatted_output, scientific_format, coefficient, exponent);
      |             ^
/Library/Developer/CommandLineTools/SDKs/MacOSX.sdk/usr/include/_stdio.h:278:1: note: 'sprintf' has been explicitly marked deprecated here
  278 | __deprecated_msg("This function is provided for compatibility reasons only.  Due to security concerns inherent in the design of sprintf(3), it is highly recommended that you use snprintf(3) instead.")
      | ^
/Library/Developer/CommandLineTools/SDKs/MacOSX.sdk/usr/include/sys/cdefs.h:227:48: note: expanded from macro '__deprecated_msg'
  227 |         #define __deprecated_msg(_msg) __attribute__((__deprecated__(_msg)))
      |                                                       ^
In file included from /Users/adrian/CLionProjects/CREXX/compiler/rxcp_opt.c:75:
/Users/adrian/CLionProjects/CREXX/interpreter/rxvmvars.h:3034:5: warning: 'sprintf' is deprecated: This function is provided for compatibility reasons only.  Due to security concerns inherent in the design of sprintf(3), it is highly recommended that you use snprintf(3) instead. [-Wdeprecated-declarations]
 3034 |     sprintf(formatted_output, engineering_format, eng_exp);
      |     ^
/Library/Developer/CommandLineTools/SDKs/MacOSX.sdk/usr/include/_stdio.h:278:1: note: 'sprintf' has been explicitly marked deprecated here
  278 | __deprecated_msg("This function is provided for compatibility reasons only.  Due to security concerns inherent in the design of sprintf(3), it is highly recommended that you use snprintf(3) instead.")
      | ^
/Library/Developer/CommandLineTools/SDKs/MacOSX.sdk/usr/include/sys/cdefs.h:227:48: note: expanded from macro '__deprecated_msg'
  227 |         #define __deprecated_msg(_msg) __attribute__((__deprecated__(_msg)))
      |                                                       ^
[ 40%] cREXX RXAS Instruction Tests (open-hash and ACPH jump table edge cases) ...
[ 40%] Injecting retired process opcode 468 into stale RXBIN fixture ...
[ 40%] Built target run_tests_jump_table_auto_sources
[ 41%] cREXX RXAS Instruction Tests (auto jump table policy paths) ...
2 warnings generated.
[ 41%] Building C object compiler/CMakeFiles/rxclib.dir/rxcp_partial_call.c.o
[ 41%] Built target run_tests_jump_table_hash_edges
[ 41%] cREXX RXAS Instruction Tests (Rexx padded and numeric string jump tables) ...
[ 41%] Injecting retired process opcode 469 into stale RXBIN fixture ...
In file included from /Users/adrian/CLionProjects/CREXX/compiler/rxcp_partial_call.c:19:
/Users/adrian/CLionProjects/CREXX/interpreter/rxvmvars.h:2899:13: warning: 'sprintf' is deprecated: This function is provided for compatibility reasons only.  Due to security concerns inherent in the design of sprintf(3), it is highly recommended that you use snprintf(3) instead. [-Wdeprecated-declarations]
 2899 |             sprintf(formatted_output, scientific_format, coefficient, exponent);
      |             ^
/Library/Developer/CommandLineTools/SDKs/MacOSX.sdk/usr/include/_stdio.h:278:1: note: 'sprintf' has been explicitly marked deprecated here
  278 | __deprecated_msg("This function is provided for compatibility reasons only.  Due to security concerns inherent in the design of sprintf(3), it is highly recommended that you use snprintf(3) instead.")
      | ^
/Library/Developer/CommandLineTools/SDKs/MacOSX.sdk/usr/include/sys/cdefs.h:227:48: note: expanded from macro '__deprecated_msg'
  227 |         #define __deprecated_msg(_msg) __attribute__((__deprecated__(_msg)))
      |                                                       ^
In file included from /Users/adrian/CLionProjects/CREXX/compiler/rxcp_partial_call.c:19:
/Users/adrian/CLionProjects/CREXX/interpreter/rxvmvars.h:3034:5: warning: 'sprintf' is deprecated: This function is provided for compatibility reasons only.  Due to security concerns inherent in the design of sprintf(3), it is highly recommended that you use snprintf(3) instead. [-Wdeprecated-declarations]
 3034 |     sprintf(formatted_output, engineering_format, eng_exp);
      |     ^
/Library/Developer/CommandLineTools/SDKs/MacOSX.sdk/usr/include/_stdio.h:278:1: note: 'sprintf' has been explicitly marked deprecated here
  278 | __deprecated_msg("This function is provided for compatibility reasons only.  Due to security concerns inherent in the design of sprintf(3), it is highly recommended that you use snprintf(3) instead.")
      | ^
/Library/Developer/CommandLineTools/SDKs/MacOSX.sdk/usr/include/sys/cdefs.h:227:48: note: expanded from macro '__deprecated_msg'
  227 |         #define __deprecated_msg(_msg) __attribute__((__deprecated__(_msg)))
      |                                                       ^
[ 41%] Built target run_tests_jump_table_auto_edges
[ 41%] cREXX RXAS Instruction Tests (jump table syntax and value boundaries) ...
2 warnings generated.
[ 41%] Building C object compiler/CMakeFiles/rxclib.dir/rxcp_flow.c.o
[ 41%] Injecting retired process opcode 470 into stale RXBIN fixture ...
[ 41%] Built target run_tests_jump_table_rexx_strings
[ 41%] Mutating jump table rxasjtablecorruptalgorithm (algorithm) ...
[ 41%] Built target run_tests_jump_table_boundaries
[ 42%] Mutating jump table rxasjtablecorruptheader (header) ...
[ 42%] Injecting retired process opcode 471 into stale RXBIN fixture ...
[ 42%] Building C object compiler/CMakeFiles/rxclib.dir/rxcp_dispatch.c.o
[ 42%] Building C object compiler/CMakeFiles/rxclib.dir/rxcpfunc.c.o
[ 42%] Built target test_retired_process_opcode_bin
[ 42%] Mutating jump table rxasjtablecorruptlinearkey (linear-key-offset) ...
[ 42%] Building C object compiler/CMakeFiles/rxclib.dir/rxcp_import_report.c.o
/Users/adrian/CLionProjects/CREXX/compiler/rxcp_import_report.c:454:5: warning: 'sprintf' is deprecated: This function is provided for compatibility reasons only.  Due to security concerns inherent in the design of sprintf(3), it is highly recommended that you use snprintf(3) instead. [-Wdeprecated-declarations]
  454 |     sprintf(primary_path, "@primary-source/0/%s", owner->file_name ? owner->file_name : "unknown");
      |     ^
/Library/Developer/CommandLineTools/SDKs/MacOSX.sdk/usr/include/_stdio.h:278:1: note: 'sprintf' has been explicitly marked deprecated here
  278 | __deprecated_msg("This function is provided for compatibility reasons only.  Due to security concerns inherent in the design of sprintf(3), it is highly recommended that you use snprintf(3) instead.")
      | ^
/Library/Developer/CommandLineTools/SDKs/MacOSX.sdk/usr/include/sys/cdefs.h:227:48: note: expanded from macro '__deprecated_msg'
  227 |         #define __deprecated_msg(_msg) __attribute__((__deprecated__(_msg)))
      |                                                       ^
[ 42%] Built target run_rxasjtablecorruptlinearkey
[ 42%] Built target run_rxasjtablecorruptalgorithm
[ 42%] Built target run_rxasjtablecorruptheader
1 warning generated.
[ 42%] Building C object compiler/CMakeFiles/rxclib.dir/rxcp_project_dependencies.c.o
[ 42%] Building C object compiler/CMakeFiles/rxclib.dir/rxcp_exit.c.o
[ 42%] Mutating jump table rxasjtablecorruptlineartarget (linear-target) ...
[ 42%] Mutating jump table rxasjtablecorruptopenslot (open-slot-offset) ...
In file included from /Users/adrian/CLionProjects/CREXX/compiler/rxcp_exit.c:33:
/Users/adrian/CLionProjects/CREXX/interpreter/rxvmvars.h:2899:13: warning: 'sprintf' is deprecated: This function is provided for compatibility reasons only.  Due to security concerns inherent in the design of sprintf(3), it is highly recommended that you use snprintf(3) instead. [-Wdeprecated-declarations]
 2899 |             sprintf(formatted_output, scientific_format, coefficient, exponent);
      |             ^
/Library/Developer/CommandLineTools/SDKs/MacOSX.sdk/usr/include/_stdio.h:278:1: note: 'sprintf' has been explicitly marked deprecated here
  278 | __deprecated_msg("This function is provided for compatibility reasons only.  Due to security concerns inherent in the design of sprintf(3), it is highly recommended that you use snprintf(3) instead.")
      | ^
/Library/Developer/CommandLineTools/SDKs/MacOSX.sdk/usr/include/sys/cdefs.h:227:48: note: expanded from macro '__deprecated_msg'
  227 |         #define __deprecated_msg(_msg) __attribute__((__deprecated__(_msg)))
      |                                                       ^
In file included from /Users/adrian/CLionProjects/CREXX/compiler/rxcp_exit.c:33:
/Users/adrian/CLionProjects/CREXX/interpreter/rxvmvars.h:3034:5: warning: 'sprintf' is deprecated: This function is provided for compatibility reasons only.  Due to security concerns inherent in the design of sprintf(3), it is highly recommended that you use snprintf(3) instead. [-Wdeprecated-declarations]
 3034 |     sprintf(formatted_output, engineering_format, eng_exp);
      |     ^
/Library/Developer/CommandLineTools/SDKs/MacOSX.sdk/usr/include/_stdio.h:278:1: note: 'sprintf' has been explicitly marked deprecated here
  278 | __deprecated_msg("This function is provided for compatibility reasons only.  Due to security concerns inherent in the design of sprintf(3), it is highly recommended that you use snprintf(3) instead.")
      | ^
/Library/Developer/CommandLineTools/SDKs/MacOSX.sdk/usr/include/sys/cdefs.h:227:48: note: expanded from macro '__deprecated_msg'
  227 |         #define __deprecated_msg(_msg) __attribute__((__deprecated__(_msg)))
      |                                                       ^
[ 42%] Mutating jump table rxasjtablecorruptacphslot (acph-slot-kind) ...
[ 42%] Built target run_rxasjtablecorruptopenslot
[ 42%] Built target run_rxasjtablecorruptlineartarget
2 warnings generated.
[ 42%] Mutating jump table rxasjtablecorruptacphtarget (acph-target) ...
[ 42%] cREXX RXAS Socket Instruction Tests ...
[ 42%] Linking C static library ../bin/librxclib.a
[ 42%] Built target run_rxasjtablecorruptacphslot
[ 42%] cREXX RXAS Decimal Instruction Tests ...
[ 43%] Built target rxclib
[ 43%] Built target run_rxasjtablecorruptacphtarget
[ 43%] cREXX RXAS Conversion Instruction Tests ...
[ 43%] cREXX RXAS Object Instruction Tests ...
[ 43%] Built target run_tests_socket
[ 43%] cREXX RXAS Reflection Instruction Tests ...
[ 43%] Built target run_tests_objects
[ 43%] cREXX RXAS Interface Dispatch Instruction Tests ...
[ 43%] Built target run_tests_conversion
[ 43%] Built target run_tests_reflection
[ 43%] cREXX RXAS Instruction Tests (descriptor selector contracts) ...
[ 43%] cREXX RXAS Stress Instruction Tests ...
[ 43%] Built target run_tests_decimal
[ 43%] cREXX RXAS Instruction Tests (remaining deterministic instruction gaps) ...
[ 43%] Built target run_tests_interfaces
[ 43%] Built target run_tests_selector_descriptors
[ 43%] Built target run_tests_stress
[ 43%] cREXX RXAS Instruction Tests (arbitrary operand pipeline) ...
[ 43%] Building C object lib/plugins/llama/CMakeFiles/llama_provider.dir/rxllama.c.o
[ 43%] Building C object lib/plugins/llama/CMakeFiles/llama_provider_static.dir/rxllama.c.o
[ 43%] Built target run_tests_instruction_gaps
[ 43%] Built target run_tests_wide_operands
[ 43%] Building CXX object lib/plugins/llama/CMakeFiles/rxllama_release_engine_smoke.dir/__/__/__/tests/native-inference/release_engine_smoke.cpp.o
[ 43%] Building CXX object lib/plugins/llama/CMakeFiles/rxllama_model_compatibility.dir/__/__/__/tests/native-inference/model_compatibility.cpp.o
[ 43%] Linking C static library ../../../bin/rxllama_static.a
[ 43%] Linking C shared module ../../../bin/rxllama.rxplugin
[ 43%] Built target llama_provider_static
[ 43%] Built target llama_provider
[ 43%] Building CXX object lib/plugins/llama/CMakeFiles/rxllama_embedding_reference.dir/__/__/__/tests/native-inference/embedding_reference_control.cpp.o
[ 43%] Building CXX object lib/plugins/llama/CMakeFiles/rxllama_embedding_bridge.dir/__/__/__/tests/native-inference/embedding_bridge.cpp.o
[ 43%] Linking CXX executable tests/rxllama_release_engine_smoke
[ 43%] Built target rxllama_release_engine_smoke
[ 43%] Building CXX object lib/plugins/llama/CMakeFiles/rxllama_generation_bridge.dir/__/__/__/tests/native-inference/generation_bridge.cpp.o
[ 43%] Linking CXX executable tests/rxllama_model_compatibility
[ 43%] Built target rxllama_model_compatibility
[ 43%] Building CXX object lib/plugins/llama/CMakeFiles/rxllama_generation_reference.dir/__/__/__/tests/native-inference/generation_reference_control.cpp.o
[ 43%] Linking CXX executable tests/rxllama_embedding_reference
[ 43%] Built target rxllama_embedding_reference
[ 43%] Linking CXX executable tests/rxllama_embedding_bridge
[ 43%] Building CXX object lib/plugins/llama/CMakeFiles/rxllama_bridge_lifecycle.dir/__/__/__/tests/native-inference/bridge_lifecycle.cpp.o
[ 43%] Built target rxllama_embedding_bridge
[ 43%] Generating whole_procedure_runtime_rxvm_noopt.rxbin
[ 43%] Built target whole_procedure_runtime_rxvm_noopt_artifact
[ 44%] Generating whole_procedure_runtime_rxvm_opt.rxbin
[ 44%] Built target whole_procedure_runtime_rxvm_opt_artifact
[ 44%] Generating nr18_flow_runtime_rxvm_noopt.rxbin
[ 44%] Linking CXX executable tests/rxllama_generation_reference
[ 44%] Built target rxllama_generation_reference
[ 44%] Generating nr18_flow_runtime_rxvm_opt.rxbin
[ 44%] Built target nr18_flow_runtime_rxvm_noopt_artifact
[ 44%] Generating storage_identity_runtime_rxvm_noopt.rxbin
[ 44%] Linking CXX executable tests/rxllama_bridge_lifecycle
[ 44%] Built target nr18_flow_runtime_rxvm_opt_artifact
[ 44%] Linking CXX executable tests/rxllama_generation_bridge
[ 44%] Built target storage_identity_runtime_rxvm_noopt_artifact
[ 45%] Generating storage_identity_runtime_rxvm_opt.rxbin
[ 45%] Generating entry_alias_runtime_rxvm_noopt.rxbin
[ 45%] Built target rxllama_bridge_lifecycle
[ 45%] Built target rxllama_generation_bridge
[ 45%] Generating entry_alias_runtime_rxvm_opt.rxbin
[ 45%] Generating redundant_itos_runtime_rxvm_noopt.rxbin
[ 45%] Built target storage_identity_runtime_rxvm_opt_artifact
[ 45%] Built target entry_alias_runtime_rxvm_noopt_artifact
[ 45%] Generating redundant_itos_runtime_rxvm_opt.rxbin
[ 45%] Generating signal_contract_runtime_rxvm_noopt.rxbin
[ 45%] Built target entry_alias_runtime_rxvm_opt_artifact
[ 45%] Built target redundant_itos_runtime_rxvm_noopt_artifact
[ 45%] Generating signal_contract_runtime_rxvm_opt.rxbin
[ 45%] Generating copied_xtoy_component_placement_runtime_rxvm_noopt.rxbin
[ 45%] Built target redundant_itos_runtime_rxvm_opt_artifact
[ 45%] Built target signal_contract_runtime_rxvm_noopt_artifact
[ 45%] Generating copied_xtoy_component_placement_runtime_rxvm_opt.rxbin
[ 45%] Generating branch_thread_runtime_rxvm_noopt.rxbin
[ 45%] Built target copied_xtoy_component_placement_runtime_rxvm_noopt_artifact
[ 45%] Built target signal_contract_runtime_rxvm_opt_artifact
[ 45%] cREXX RXAS intr_test - Native Signal Test Harness ...
[ 45%] Generating branch_thread_runtime_rxvm_opt.rxbin
[ 45%] Built target copied_xtoy_component_placement_runtime_rxvm_opt_artifact
[ 45%] Built target branch_thread_runtime_rxvm_noopt_artifact
[ 45%] Generating reference_iterator_system_rxvm_opt.rxbin
[ 45%] Generating reference_iterator_system_rxvm_noopt.rxbin
[ 45%] Built target branch_thread_runtime_rxvm_opt_artifact
[ 45%] Built target intr_test
[ 45%] Generating reference_iterator_perf_rxvm_noopt.rxbin
[ 45%] Generating reference_iterator_perf_rxvm_opt.rxbin
[ 45%] Built target reference_iterator_system_rxvm_noopt_artifact
[ 45%] Built target reference_iterator_system_rxvm_opt_artifact
[ 45%] Built target reference_iterator_perf_rxvm_noopt_artifact
[ 45%] Generating reference_generated_contract_rxvm_noopt.rxbin
[ 45%] Generating reference_generated_contract_rxvm_opt.rxbin
[ 45%] Building C object tests/rxpa/CMakeFiles/_rxpa_invalid_manifest.dir/rxpa_invalid_manifest.c.o
[ 45%] Built target reference_iterator_perf_rxvm_opt_artifact
[ 45%] Linking C executable ../bin/rxc
[ 45%] Linking C shared module rx_rxpa_invalid_manifest.rxplugin
[ 45%] Built target reference_generated_contract_rxvm_noopt_artifact
[ 45%] Building C object compiler/tests/CMakeFiles/test_symbol_allocation.dir/test_symbol_allocation.c.o
[ 45%] Built target reference_generated_contract_rxvm_opt_artifact
[ 45%] Building C object compiler/tests/CMakeFiles/test_ast_allocation.dir/test_ast_allocation.c.o
[ 45%] Built target _rxpa_invalid_manifest
[ 45%] Built target rxc
[ 45%] Building C object compiler/tests/CMakeFiles/test_frame_control_ast.dir/test_frame_control_ast.c.o
[ 45%] Building C object compiler/tests/CMakeFiles/test_import_directory_errors.dir/test_import_directory_errors.c.o
In file included from /Users/adrian/CLionProjects/CREXX/compiler/tests/test_ast_allocation.c:24:
/Users/adrian/CLionProjects/CREXX/compiler/tests/../rxcp_ast_core.c:2027:18: warning: 'sprintf' is deprecated: This function is provided for compatibility reasons only.  Due to security concerns inherent in the design of sprintf(3), it is highly recommended that you use snprintf(3) instead. [-Wdeprecated-declarations]
 2027 |             c += sprintf(result + c, "%d", num_elements[i]);
      |                  ^
/Library/Developer/CommandLineTools/SDKs/MacOSX.sdk/usr/include/_stdio.h:278:1: note: 'sprintf' has been explicitly marked deprecated here
  278 | __deprecated_msg("This function is provided for compatibility reasons only.  Due to security concerns inherent in the design of sprintf(3), it is highly recommended that you use snprintf(3) instead.")
      | ^
/Library/Developer/CommandLineTools/SDKs/MacOSX.sdk/usr/include/sys/cdefs.h:227:48: note: expanded from macro '__deprecated_msg'
  227 |         #define __deprecated_msg(_msg) __attribute__((__deprecated__(_msg)))
      |                                                       ^
In file included from /Users/adrian/CLionProjects/CREXX/compiler/tests/test_ast_allocation.c:24:
/Users/adrian/CLionProjects/CREXX/compiler/tests/../rxcp_ast_core.c:2030:18: warning: 'sprintf' is deprecated: This function is provided for compatibility reasons only.  Due to security concerns inherent in the design of sprintf(3), it is highly recommended that you use snprintf(3) instead. [-Wdeprecated-declarations]
 2030 |             c += sprintf(result + c, "%d to *", base[i]);
      |                  ^
/Library/Developer/CommandLineTools/SDKs/MacOSX.sdk/usr/include/_stdio.h:278:1: note: 'sprintf' has been explicitly marked deprecated here
  278 | __deprecated_msg("This function is provided for compatibility reasons only.  Due to security concerns inherent in the design of sprintf(3), it is highly recommended that you use snprintf(3) instead.")
      | ^
/Library/Developer/CommandLineTools/SDKs/MacOSX.sdk/usr/include/sys/cdefs.h:227:48: note: expanded from macro '__deprecated_msg'
  227 |         #define __deprecated_msg(_msg) __attribute__((__deprecated__(_msg)))
      |                                                       ^
In file included from /Users/adrian/CLionProjects/CREXX/compiler/tests/test_ast_allocation.c:24:
/Users/adrian/CLionProjects/CREXX/compiler/tests/../rxcp_ast_core.c:2033:18: warning: 'sprintf' is deprecated: This function is provided for compatibility reasons only.  Due to security concerns inherent in the design of sprintf(3), it is highly recommended that you use snprintf(3) instead. [-Wdeprecated-declarations]
 2033 |             c += sprintf(result + c, "%d to %d", base[i], base[i] + num_elements[i] - 1);
      |                  ^
/Library/Developer/CommandLineTools/SDKs/MacOSX.sdk/usr/include/_stdio.h:278:1: note: 'sprintf' has been explicitly marked deprecated here
  278 | __deprecated_msg("This function is provided for compatibility reasons only.  Due to security concerns inherent in the design of sprintf(3), it is highly recommended that you use snprintf(3) instead.")
      | ^
/Library/Developer/CommandLineTools/SDKs/MacOSX.sdk/usr/include/sys/cdefs.h:227:48: note: expanded from macro '__deprecated_msg'
  227 |         #define __deprecated_msg(_msg) __attribute__((__deprecated__(_msg)))
      |                                                       ^
[ 45%] Linking C executable test_frame_control_ast
[ 45%] Linking C executable test_symbol_allocation
3 warnings generated.
[ 45%] Linking C executable test_ast_allocation
[ 45%] Built target test_frame_control_ast
[ 45%] Built target test_symbol_allocation
[ 46%] Built target crexx_test_driver
[ 46%] Building C object compiler/tests/CMakeFiles/test_import_discovery_snapshot.dir/test_import_discovery_snapshot.c.o
[ 46%] Built target test_ast_allocation
[ 46%] Linking C executable test_import_directory_errors
[ 46%] Building C object compiler/tests/CMakeFiles/test_project_dependencies.dir/test_project_dependencies.c.o
[ 46%] Building C object compiler/tests/CMakeFiles/test_import_resolution_report.dir/test_import_resolution_report.c.o
[ 46%] Linking C executable test_import_discovery_snapshot
[ 46%] Linking C executable test_project_dependencies
[ 46%] Built target test_import_directory_errors
[ 46%] Linking C executable test_import_resolution_report
[ 46%] Building C object compiler/tests/CMakeFiles/test_rxcp_super_combiner.dir/test_rxcp_super_combiner.c.o
[ 46%] Built target test_import_discovery_snapshot
[ 46%] Built target test_project_dependencies
[ 46%] Building token.rxbin
[ 46%] Linking C executable test_rxcp_super_combiner
[ 46%] Built target test_import_resolution_report
[ 46%] cREXX compile and assemble _address ...
[ 46%] Building C object compiler/tests/CMakeFiles/test_source_provenance.dir/src/test_source_provenance.c.o
[ 46%] Built target test_rxcp_super_combiner
[ 46%] Linking C executable test_source_provenance
[ 46%] Building C object compiler/tests/CMakeFiles/test_levelc_tree_boundary.dir/src/test_levelc_tree_boundary.c.o
[ 46%] Linking C executable test_levelc_tree_boundary
[ 46%] Built target test_source_provenance
[ 46%] Building C object compiler/tests/CMakeFiles/test_highlight_cache.dir/src/test_highlight_cache.c.o
[ 46%] Built target test_levelc_tree_boundary
[ 46%] Building C object compiler/tests/CMakeFiles/test_source_semantics.dir/src/test_source_semantics.c.o
[ 46%] Linking C executable test_highlight_cache
[ 46%] Linking C executable test_source_semantics
[ 46%] Built target test_highlight_cache
[ 46%] Linking C executable test_highlight_editor_diagnostics
[ 46%] Built target test_source_semantics
[ 46%] Built target rxlink_test_prereqs
[ 46%] Built target test_highlight_editor_diagnostics
[ 46%] cREXX RXLINK fixture tests_link_root ...
[ 46%] cREXX RXLINK fixture tests_link_root ...
[ 46%] cREXX RXLINK fixture tests_link_provider_a ...
[ 46%] cREXX RXLINK fixture tests_link_provider_a ...
[ 46%] cREXX RXLINK success fixture ...
[ 46%] cREXX RXLINK inline-metadata fixture ...
[ 46%] Built target tests_linked_success_artifact
[ 46%] Built target tests_linked_inline_artifact
[ 46%] cREXX RXLINK stripped fixture ...
[ 47%] cREXX RXLINK fixture tests_link_provider_b ...
[ 47%] Built target token_bin
[ 47%] cREXX RXLINK fixture tests_link_interface_root ...
[ 47%] cREXX RXLINK control-file fixture ...
[ 47%] Built target tests_linked_stripped_artifact
[ 47%] cREXX RXLINK fixture tests_link_srcfproc_root ...
[ 47%] cREXX RXLINK fixture tests_link_interface_impl ...
[ 47%] Built target tests_linked_omit_artifact
[ 47%] cREXX RXLINK fixture tests_link_srcmethod_root ...
[ 47%] cREXX RXLINK fixture tests_link_srcfproc_contract ...
[ 47%] cREXX RXLINK interface fixture ...
[ 47%] cREXX RXLINK fixture tests_link_srcmethod_provider ...
[ 47%] cREXX RXLINK srcfprocsel fixture ...
[ 47%] Built target tests_linked_interface_artifact
[ 47%] cREXX RXLINK record-stream concat fixture ...
[ 47%] Built target tests_linked_srcfproc_artifact
[ 47%] cREXX RXLINK srcmethodsel fixture ...
[ 47%] Built target rxdas_test_prereqs
[ 47%] Built target tests_record_stream_combo_artifact
[ 47%] Building C object interpreter/CMakeFiles/test_rxvmchannel_process.dir/tests/test_rxvmchannel_process.c.o
[ 48%] Building C object interpreter/CMakeFiles/test_float_pool_format.dir/tests/test_float_pool_format.c.o
[ 48%] Built target tests_linked_srcmethod_artifact
[ 48%] Linking C executable test_rxvmchannel_process
[ 48%] Linking C executable test_float_pool_format
[ 48%] Building C object interpreter/CMakeFiles/test_compact_format.dir/tests/test_compact_format.c.o
[ 48%] Built target test_float_pool_format
[ 48%] Linking C executable test_compact_format
[ 48%] Built target test_rxvmchannel_process
[ 48%] Built target whole_procedure_runtime
[ 48%] Built target nr18_flow_runtime
[ 48%] Built target test_compact_format
[ 48%] Built target storage_identity_runtime
[ 48%] Built target entry_alias_runtime
[ 48%] Built target redundant_itos_runtime
[ 48%] Built target signal_contract_runtime
[ 48%] Built target copied_xtoy_component_placement_runtime
[ 48%] Built target branch_thread_runtime
[ 48%] Built target reference_iterator_system
[ 48%] Built target reference_iterator_perf
[ 48%] Built target tests_link_root_fixture
[ 48%] Built target reference_generated_contract
[ 48%] Built target tests_link_provider_a_fixture
[ 48%] Built target tests_link_provider_b_fixture
[ 48%] Built target tests_link_interface_impl_fixture
[ 48%] Built target tests_link_interface_root_fixture
[ 48%] Built target tests_link_srcfproc_contract_fixture
[ 48%] Built target tests_link_srcfproc_root_fixture
[ 48%] Built target tests_link_srcmethod_root_fixture
[ 48%] Built target tests_link_srcmethod_provider_fixture
[ 48%] cREXX RXLINK fixture tests_link_signature_bad_impl ...
[ 48%] Building C object linker/CMakeFiles/test_linked_format.dir/tests/test_linked_format.c.o
[ 48%] Linking C executable test_linked_format
[ 48%] Built target tests_link_signature_bad_impl_fixture
[ 48%] cREXX RXDAS roundtrip fixture tests_basic ...
[ 48%] Built target test_linked_format
[ 48%] cREXX RXDAS roundtrip fixture tests_int_contract ...
[ 48%] Built target llama_provider_runtime_package
[ 49%] cREXX RXDAS roundtrip fixture tests_float_pool ...
[ 49%] Built target rxdas_roundtrip_basic_artifact
[ 49%] Built target rxdas_roundtrip_int64_contract_artifact
[ 49%] cREXX RXDAS roundtrip fixture tests_compact_format ...
[ 49%] cREXX RXDAS roundtrip fixture tests_wide_operands ...
[ 49%] Built target rxdas_roundtrip_float_pool_artifact
[ 49%] cREXX RXDAS roundtrip fixture tests_interfaces ...
[ 49%] Built target rxdas_roundtrip_compact_format_artifact
[ 49%] Built target rxdas_roundtrip_wide_operands_artifact
[ 49%] cREXX RXDAS roundtrip fixture tests_disassembler_roundtrip ...
[ 49%] cREXX RXDAS roundtrip fixture tests_disassembler_imported ...
[ 49%] Built target rxdas_roundtrip_interfaces_artifact
[ 49%] cREXX RXDAS roundtrip fixture tests_binary ...
[ 49%] Built target rxdas_roundtrip_metadata_artifact
[ 49%] Built target rxdas_roundtrip_imported_artifact
[ 49%] cREXX RXDAS roundtrip fixture tests_rxdas_large_binary ...
[ 49%] cREXX RXDAS roundtrip fixture tests_jump_table ...
[ 49%] Built target rxdas_roundtrip_large_binary_alias_artifact
[ 49%] Built target rxdas_roundtrip_binary_artifact
[ 49%] cREXX RXDAS roundtrip fixture tests_jump_table_hash_edges ...
[ 49%] Built target rxdas_roundtrip_jtable_linear_artifact
[ 49%] cREXX RXDAS roundtrip fixture tests_jump_table_rexx_strings ...
[ 49%] Building C object disassembler/CMakeFiles/test_disassembler_dump.dir/tests/test_disassembler_dump.c.o
[ 49%] Building C object disassembler/CMakeFiles/test_disassembler_dump.dir/rxdadism.c.o
[ 49%] Built target rxdas_roundtrip_jtable_hash_artifact
[ 49%] Built target rxdas_roundtrip_jtable_rexx_strings_artifact
[ 49%] Built target rxdas_graph_error_artifact
[ 49%] Linking C executable test_disassembler_dump
[ 49%] Built target test_disassembler_dump
[ 49%] cREXX compile and assemble _rxsystem ...
[ 49%] cREXX compile and assemble _jdn ...
[ 49%] cREXX compile and assemble _datei ...
[ 49%] cREXX compile and assemble _dateo ...
[ 49%] cREXX compile and assemble _ftrunc ...
[ 49%] cREXX compile and assemble _itrunc ...
[ 49%] cREXX compile and assemble _typedformat ...
[ 49%] cREXX compile and assemble abbrev ...
[ 49%] cREXX compile and assemble abs ...
[ 49%] cREXX compile and assemble intabs ...
[ 49%] cREXX compile and assemble floatabs ...
[ 49%] cREXX compile and assemble b2x ...
[ 49%] cREXX compile and assemble b2d ...
[ 49%] cREXX compile and assemble binary ...
[ 49%] cREXX compile and assemble c2x ...
[ 49%] cREXX compile and assemble c2d ...
[ 49%] cREXX compile and assemble center ...
[ 49%] cREXX compile and assemble centre ...
[ 50%] cREXX compile and assemble changestr ...
[ 50%] cREXX compile and assemble compare ...
[ 50%] cREXX compile and assemble copies ...
[ 50%] cREXX compile and assemble countstr ...
[ 50%] cREXX compile and assemble d2b ...
[ 50%] cREXX compile and assemble d2c ...
[ 50%] cREXX compile and assemble d2x ...
[ 50%] cREXX compile and assemble date ...
[ 50%] cREXX compile and assemble delstr ...
[ 50%] cREXX compile and assemble delword ...
[ 50%] cREXX compile and assemble fileio ...
[ 50%] cREXX compile and assemble filter ...
[ 50%] cREXX compile and assemble format ...
[ 50%] cREXX compile and assemble intformat ...
[ 50%] cREXX compile and assemble floatformat ...
[ 50%] cREXX compile and assemble fnv ...
[ 50%] cREXX compile and assemble getenv ...
[ 51%] cREXX compile and assemble insert ...
[ 51%] cREXX compile and assemble length ...
[ 51%] cREXX compile and assemble linesize ...
[ 51%] cREXX compile and assemble loadmodule ...
[ 51%] cREXX compile and assemble lower ...
[ 51%] cREXX compile and assemble max ...
[ 51%] cREXX compile and assemble intmax ...
[ 51%] cREXX compile and assemble floatmax ...
[ 51%] cREXX compile and assemble min ...
[ 51%] cREXX compile and assemble intmin ...
[ 51%] cREXX compile and assemble floatmin ...
[ 51%] cREXX compile and assemble numeric ...
[ 51%] cREXX compile and assemble overlay ...
[ 51%] cREXX compile and assemble pos ...
[ 51%] cREXX compile and assemble qscan ...
[ 51%] cREXX compile and assemble qpos ...
[ 51%] cREXX compile and assemble qsplit ...
[ 51%] cREXX compile and assemble qsplitsafe ...
[ 51%] cREXX compile and assemble qextractall ...
[ 52%] cREXX compile and assemble qextractpair ...
[ 52%] cREXX compile and assemble qstripcomment ...
[ 52%] cREXX compile and assemble qremoveall ...
[ 52%] cREXX compile and assemble fsayfmt ...
[ 52%] cREXX compile and assemble lastpos ...
[ 52%] cREXX compile and assemble left ...
[ 52%] cREXX compile and assemble right ...
[ 52%] cREXX compile and assemble raise ...
[ 52%] cREXX compile and assemble reverse ...
[ 52%] cREXX compile and assemble signal ...
[ 52%] cREXX compile and assemble trace ...
[ 52%] cREXX compile and assemble sign ...
[ 52%] cREXX compile and assemble intsign ...
[ 52%] cREXX compile and assemble floatsign ...
[ 52%] cREXX compile and assemble space ...
[ 52%] cREXX compile and assemble strip ...
[ 52%] cREXX compile and assemble substr ...
[ 52%] cREXX compile and assemble substro ...
[ 52%] cREXX compile and assemble symbol ...
[ 52%] cREXX compile and assemble time ...
[ 52%] cREXX compile and assemble translate ...
[ 52%] cREXX compile and assemble trunc ...
[ 52%] cREXX compile and assemble floattrunc ...
[ 52%] cREXX compile and assemble upper ...
[ 52%] cREXX compile and assemble value ...
[ 52%] cREXX compile and assemble verify ...
[ 52%] cREXX compile and assemble version ...
[ 53%] cREXX compile and assemble sourceinfo ...
[ 53%] cREXX compile and assemble word ...
[ 53%] cREXX compile and assemble words ...
[ 53%] cREXX compile and assemble wordindex ...
[ 53%] cREXX compile and assemble subword ...
[ 53%] cREXX compile and assemble wordlength ...
[ 53%] cREXX compile and assemble wordpos ...
[ 53%] cREXX compile and assemble qword ...
[ 53%] cREXX compile and assemble qwordlength ...
[ 53%] cREXX compile and assemble qwords ...
[ 53%] cREXX compile and assemble qwordindex ...
[ 53%] cREXX compile and assemble qwordpos ...
[ 53%] cREXX compile and assemble qsubword ...
[ 53%] cREXX compile and assemble regex ...
[ 53%] cREXX compile and assemble x2b ...
[ 53%] cREXX compile and assemble x2c ...
[ 53%] cREXX compile and assemble x2d ...
[ 53%] cREXX compile and assemble random ...
[ 53%] cREXX compile and assemble reradix ...
[ 53%] cREXX compile and assemble sequence ...
[ 53%] cREXX compile and assemble find ...
[ 53%] cREXX compile and assemble index ...
[ 53%] cREXX compile and assemble xrange ...
[ 53%] cREXX compile and assemble parsecompile ...
[ 53%] cREXX compile and assemble parsestring ...
[ 53%] cREXX compile and assemble parse ...
[ 53%] cREXX compile and assemble datatype ...
[ 53%] cREXX compile and assemble arrayfind ...
[ 53%] cREXX compile and assemble splice ...
[ 53%] cREXX compile and assemble arrayinsert ...
[ 53%] cREXX compile and assemble arraydelete ...
[ 53%] cREXX compile and assemble arrayappend ...
[ 53%] cREXX compile and assemble arrayprepend ...
[ 53%] cREXX compile and assemble objectarrayinsert ...
[ 53%] cREXX compile and assemble objectarraydelete ...
[ 53%] cREXX compile and assemble objectarrayappend ...
[ 53%] cREXX compile and assemble objectarrayprepend ...
[ 53%] cREXX compile and assemble objectarraydrop ...
[ 53%] cREXX compile and assemble objectarraymove ...
[ 53%] cREXX compile and assemble arraypop ...
[ 53%] cREXX compile and assemble arrayshift ...
[ 53%] cREXX compile and assemble arrayget ...
[ 53%] cREXX compile and assemble arrayset ...
[ 53%] cREXX compile and assemble arraycontains ...
[ 53%] cREXX compile and assemble arrayindexof ...
[ 53%] cREXX compile and assemble arrayreverse ...
[ 53%] cREXX compile and assemble arrayjoin ...
[ 53%] cREXX compile and assemble arraysort ...
[ 53%] cREXX compile and assemble arraycopy ...
[ 53%] cREXX compile and assemble arraydrop ...
[ 53%] cREXX compile and assemble arrayhi ...
[ 53%] cREXX compile and assemble arraymove ...
[ 53%] cREXX compile and assemble fmtmask ...
[ 53%] cREXX compile and assemble compilemask ...
[ 53%] cREXX compile and assemble runmask ...
[ 53%] cREXX compile and assemble stem ...
[ 53%] cREXX compile and assemble rxjson ...
[ 53%] cREXX compile and assemble rxsocket ...
[ 53%] cREXX compile and assemble wordrep ...
[ 53%] cREXX compile and assemble rxqueue ...
[ 54%] cREXX compile and assemble afterword ...
[ 54%] cREXX REXX Library Archive ...
[ 54%] Built target library-rexx
[ 54%] cREXX Linked Library Image ...
[ 54%] Built target library
[ 54%] Staging deterministic compiler-exit imports ...
[ 54%] Staging deterministic Level L imports ...
[ 54%] Building C object tests/rxpa/CMakeFiles/_rxpa_dynlink.dir/rxpa_dynlink.c.o
[ 54%] Building C object tests/rxpa/CMakeFiles/_rxpa_classdecl.dir/rxpa_classdecl.c.o
[ 54%] Built target rxfnsl_imports
[ 54%] Built target compiler_exit_imports
[ 54%] Linking C shared module rx_rxpa_classdecl.rxplugin
[ 54%] Linking C shared module rx_rxpa_dynlink.rxplugin
[ 54%] Building C object tests/rxpa/CMakeFiles/_rxpa_callmethod.dir/rxpa_callmethod.c.o
[ 54%] Building C object tests/rxpa/CMakeFiles/_rxpa_bad_signatures.dir/rxpa_bad_signatures.c.o
[ 54%] Linking C shared module rx_rxpa_callmethod.rxplugin
[ 54%] Linking C shared module rx_rxpa_bad_signatures.rxplugin
[ 54%] Built target _rxpa_classdecl
[ 54%] Built target _rxpa_dynlink
[ 54%] Building C object tests/rxpa/CMakeFiles/rxc_classdecl_static.dir/__/__/compiler/rxc_main.c.o
[ 54%] Building C object tests/rxpa/CMakeFiles/rxc_staticlink.dir/__/__/compiler/rxc_main.c.o
[ 54%] Built target _rxpa_callmethod
[ 54%] Built target _rxpa_bad_signatures
[ 54%] Linking C executable ../rxc_classdecl_static
[ 54%] Linking C executable ../rxc_staticlink
[ 54%] Building C object tests/rxpa/CMakeFiles/_testfuncs_dynamic.dir/rxpa_functests.c.o
[ 54%] Building C object tests/rxpa/multplugins/CMakeFiles/_plugin1.dir/plugin1.c.o
/Users/adrian/CLionProjects/CREXX/tests/rxpa/rxpa_functests.c:119:5: warning: 'sprintf' is deprecated: This function is provided for compatibility reasons only.  Due to security concerns inherent in the design of sprintf(3), it is highly recommended that you use snprintf(3) instead. [-Wdeprecated-declarations]
  119 |     sprintf(buffer, "%s%s", GETSTRING(ARG(0)), GETSTRING(ARG(1)));
      |     ^
/Library/Developer/CommandLineTools/SDKs/MacOSX.sdk/usr/include/_stdio.h:278:1: note: 'sprintf' has been explicitly marked deprecated here
  278 | __deprecated_msg("This function is provided for compatibility reasons only.  Due to security concerns inherent in the design of sprintf(3), it is highly recommended that you use snprintf(3) instead.")
      | ^
/Library/Developer/CommandLineTools/SDKs/MacOSX.sdk/usr/include/sys/cdefs.h:227:48: note: expanded from macro '__deprecated_msg'
  227 |         #define __deprecated_msg(_msg) __attribute__((__deprecated__(_msg)))
      |                                                       ^
/Users/adrian/CLionProjects/CREXX/tests/rxpa/rxpa_functests.c:139:5: warning: 'sprintf' is deprecated: This function is provided for compatibility reasons only.  Due to security concerns inherent in the design of sprintf(3), it is highly recommended that you use snprintf(3) instead. [-Wdeprecated-declarations]
  139 |     sprintf(buffer, "%s%s", GETSTRING(ARG(0)), GETSTRING(ARG(1)));
      |     ^
/Library/Developer/CommandLineTools/SDKs/MacOSX.sdk/usr/include/_stdio.h:278:1: note: 'sprintf' has been explicitly marked deprecated here
  278 | __deprecated_msg("This function is provided for compatibility reasons only.  Due to security concerns inherent in the design of sprintf(3), it is highly recommended that you use snprintf(3) instead.")
      | ^
/Library/Developer/CommandLineTools/SDKs/MacOSX.sdk/usr/include/sys/cdefs.h:227:48: note: expanded from macro '__deprecated_msg'
  227 |         #define __deprecated_msg(_msg) __attribute__((__deprecated__(_msg)))
      |                                                       ^
2 warnings generated.
[ 54%] Linking C shared module rx_plugin1.rxplugin
[ 54%] Linking C shared module rx_testfuncs_dynamic.rxplugin
[ 54%] Built target rxc_staticlink
[ 54%] Built target rxc_classdecl_static
[ 54%] Built target _plugin1
[ 54%] Building C object tests/rxpa/multplugins/CMakeFiles/_plugin2.dir/plugin2.c.o
[ 54%] Built target _testfuncs_dynamic
[ 54%] Building Dump.rxbin
[ 54%] Building Query.rxbin
[ 54%] Building Sort.rxbin
[ 54%] Linking C shared module rx_plugin2.rxplugin
[ 54%] Built target _plugin2
[ 54%] Building Sortx.rxbin
[ 54%] Built target exit_query_bin
[ 54%] Built target exit_dump_bin
[ 54%] Building Address.rxbin
[ 54%] Building Execio.rxbin
[ 54%] Built target exit_sort_bin
[ 54%] Building Add.rxbin
[ 54%] Built target exit_sortx_bin
[ 54%] Building Fsay.rxbin
[ 54%] Built target exit_add_bin
[ 54%] Building Msay.rxbin
[ 54%] Built target exit_fsay_bin
[ 54%] Building Parse.rxbin
[ 54%] Built target exit_execio_bin
[ 55%] Building Signal.rxbin
[ 55%] Built target exit_msay_bin
[ 55%] Building Trace.rxbin
[ 55%] Built target exit_signal_bin
[ 55%] Building RexxScript.rxbin
[ 55%] Built target exit_trace_bin
[ 55%] Building Substr.rxbin
[ 55%] Built target exit_substr_bin
[ 55%] Building Dummy.rxbin
[ 55%] Built target exit_rexxscript_bin
[ 55%] Building Queue.rxbin
[ 55%] Built target exit_dummy_bin
[ 55%] Building exittestsupport.rxbin
[ 55%] Built target exit_rxqueue_bin
[ 55%] cREXX compile and assemble tinyexpr ...
[ 55%] Built target exit_address_bin
[ 55%] Built target exit_test_support_bin
[ 55%] cREXX Linked Level L Library Image ...
[ 55%] Built target rxfnsl
[ 55%] Built target exit_parse_bin
[ 55%] Building rxcexits.rxbin (bundled via concatenation)
[ 55%] Built target compiler_exit_bin
[ 55%] Compiling cms_address_environment.crexx ...
[ 56%] Compiling stub_plugin.crexx ...
[ 56%] Staging immutable class library compiler imports ...
[ 56%] Compiling kv_address_demo.crexx ...
[ 56%] Built target classlib_imports
[ 56%] Compiling address_callback_host.crexx ...
[ 56%] Built target stub_plugin_bin
[ 56%] Compiling e2_active_context.crexx ...
[ 56%] Built target native_kv_address_demo_bin
[ 56%] Compiling say_bytes_host.crexx ...
[ 56%] Built target address_callback_host_bin
[ 56%] Compiling dynamic_load_provider.crexx ...
[ 56%] Compiling address_cms_host.crexx ...
[ 56%] Built target say_bytes_host_bin
[ 56%] Staging immutable native-backed class library compiler imports ...
[ 56%] Built target classlib_native_imports
[ 56%] Compiling crexxsaa_variables_host.crexx ...
[ 56%] Built target e2_active_context_bin
[ 56%] Building C object compiler/tests/CMakeFiles/test_crexxsaa_status.dir/src/test_crexxsaa_status.c.o
[ 56%] Linking C executable test_crexxsaa_status
[ 56%] Built target test_crexxsaa_status
[ 56%] Compiling crexxsaa_arg_length_hosted.crexx ...
[ 56%] Compiling dynamic_load_host.crexx ...
[ 56%] Built target crexxsaa_variables_host_bin
[ 56%] Compiling test_dump.crexx with exit (noopt)
[ 56%] Built target crexxsaa_arg_length_hosted_bin
[ 56%] Compiling cms_address_demo.crexx ...
[ 56%] Compiling test_query.crexx with exit (noopt)
[ 56%] Compiling test_dump.crexx with exit (opt)
[ 56%] Compiling test_query.crexx with exit (opt)
[ 56%] Built target address_cms_fixture_bin
[ 56%] Compiling test_sort.crexx with exit (noopt)
[ 56%] Built target test_dump_bin
[ 56%] Compiling test_sortx.crexx with exit (noopt)
[ 56%] Built target test_query_bin
[ 56%] Compiling test_address.crexx with exit (noopt)
[ 56%] Compiling test_sort.crexx with exit (opt)
[ 56%] Compiling test_sortx.crexx with exit (opt)
[ 56%] Compiling test_address.crexx with exit (opt)
[ 56%] Built target test_sort_bin
[ 56%] Compiling test_address_direct.crexx with exit (noopt)
[ 56%] Built target test_sortx_bin
[ 56%] Compiling test_address_after_signal_block.crexx with exit (noopt)
[ 56%] Built target test_address_bin
[ 56%] Compiling test_execio.crexx with exit (noopt)
[ 56%] Compiling test_address_direct.crexx with exit (opt)
[ 56%] Compiling test_address_after_signal_block.crexx with exit (opt)
[ 56%] Compiling test_execio.crexx with exit (opt)
[ 56%] Built target test_address_after_signal_block_bin
[ 56%] Compiling test_add.crexx with exit (noopt)
[ 56%] Built target test_execio_bin
[ 56%] Compiling test_fsay.crexx with exit (noopt)
[ 56%] Built target test_address_direct_bin
[ 56%] Compiling test_msay.crexx with exit (noopt)
[ 56%] Compiling test_add.crexx with exit (opt)
[ 56%] Compiling test_fsay.crexx with exit (opt)
[ 56%] Compiling test_msay.crexx with exit (opt)
[ 56%] Built target test_add_bin
[ 56%] Compiling test_parse.crexx with exit (noopt)
[ 56%] Built target test_fsay_bin
[ 56%] Compiling test_parse_direct.crexx with exit (noopt)
[ 56%] Built target test_msay_bin
[ 56%] Compiling test_parse_compiled_patterns.crexx with exit (noopt)
[ 56%] Compiling test_parse_direct.crexx with exit (opt)
[ 56%] Compiling test_parse_compiled_patterns.crexx with exit (opt)
[ 56%] Compiling test_parse.crexx with exit (opt)
[ 56%] Built target test_parse_direct_bin
[ 56%] Compiling test_signal.crexx with exit (noopt)
[ 56%] Built target test_parse_compiled_patterns_bin
[ 56%] Compiling test_signal_direct.crexx with exit (noopt)
[ 56%] Compiling test_signal.crexx with exit (opt)
[ 56%] Compiling test_signal_direct.crexx with exit (opt)
[ 56%] Built target test_signal_bin
[ 56%] Compiling test_signal_block.crexx with exit (noopt)
[ 57%] Compiling test_signal_block.crexx with exit (opt)
[ 57%] Built target test_signal_direct_bin
[ 57%] Compiling test_signal_block_levelg.crexx with exit (noopt)
[ 57%] Built target test_signal_block_bin
[ 57%] Compiling reference_source_invalid_signal.crexx with exit (noopt)
[ 57%] Compiling test_signal_block_levelg.crexx with exit (opt)
[ 57%] Compiling reference_source_invalid_signal.crexx with exit (opt)
[ 57%] Built target test_signal_block_levelg_bin
[ 57%] Compiling test_trace_direct.crexx with exit (noopt)
[ 57%] Built target reference_source_invalid_signal_bin
[ 57%] Compiling test_substr.crexx with exit (noopt)
[ 57%] Compiling test_trace_direct.crexx with exit (opt)
[ 57%] Compiling test_substr.crexx with exit (opt)
[ 57%] Built target test_substr_bin
[ 57%] Compiling test_dummy.crexx with exit (noopt)
[ 57%] Compiling test_dummy.crexx with exit (opt)
[ 57%] Built target test_trace_direct_bin
[ 57%] Compiling test_rxqueue.crexx with exit (noopt)
[ 57%] Built target test_dummy_bin
[ 57%] Staging deterministic debugger imports ...
[ 57%] Built target debugger_imports
[ 57%] Compiling test_reentrancy.crexx ...
[ 57%] Compiling test_rxqueue.crexx with exit (opt)
[ 57%] Built target test_reentrancy_bin
[ 57%] Compiling RCC-3 module initializer fixtures ...
[ 57%] Built target test_rxqueue_bin
[ 57%] Compiling PERF3-13 E4 program-generation controls ...
[ 57%] Built target dynamic_load_fixture_bin
[ 57%] Compiling PERF3-13 E5 native-doorbell control ...
[ 57%] Built target test_persistent_worker_executor_bin
[ 57%] Generating ts_stem_errors_opt.rxbin
[ 57%] Built target test_program_generation_control_bins
[ 57%] Generating ts_stem_errors_noopt.rxbin
[ 57%] Built target ts_stem_errors_opt_artifact
[ 57%] Building the LOADMODULE focused provider
[ 57%] Built target ts_stem_errors_noopt_artifact
[ 57%] Generating tlinesz_opt.rxbin
[ 57%] Built target ts_loadmodule_provider_artifact
[ 57%] Generating tlinesz_noopt.rxbin
[ 57%] Built target tlinesz_opt_artifact
[ 57%] Generating ts_abbrev_opt.rxbin
[ 57%] Built target test_module_initializer_bins
[ 57%] Generating ts_abbrev_noopt.rxbin
[ 57%] Built target tlinesz_noopt_artifact
[ 57%] Generating ts_abs_opt.rxbin
[ 57%] Built target ts_abbrev_opt_artifact
[ 57%] Generating ts_abs_noopt.rxbin
[ 57%] Built target ts_abbrev_noopt_artifact
[ 57%] Generating ts_typed_numeric_opt.rxbin
[ 57%] Built target ts_abs_opt_artifact
[ 57%] Generating ts_typed_numeric_noopt.rxbin
[ 57%] Built target ts_abs_noopt_artifact
[ 57%] Generating ts_address_protocol_opt.rxbin
[ 57%] Built target ts_typed_numeric_noopt_artifact
[ 57%] Generating ts_address_protocol_noopt.rxbin
[ 57%] Built target ts_typed_numeric_opt_artifact
[ 57%] Generating ts_address_opt.rxbin
[ 57%] Built target ts_address_protocol_noopt_artifact
[ 57%] Generating ts_address_noopt.rxbin
[ 57%] Built target ts_address_protocol_opt_artifact
[ 57%] Generating ts_address_crexx_opt.rxbin
[ 57%] Built target ts_address_opt_artifact
[ 57%] Generating ts_address_crexx_noopt.rxbin
[ 57%] Built target ts_address_noopt_artifact
[ 57%] Generating ts_address_capture_opt.rxbin
[ 57%] Built target ts_address_crexx_noopt_artifact
[ 57%] Generating ts_address_capture_noopt.rxbin
[ 57%] Built target ts_address_capture_opt_artifact
[ 57%] Generating ts_address_argv_opt.rxbin
[ 57%] Built target ts_address_capture_noopt_artifact
[ 57%] Generating ts_address_argv_noopt.rxbin
[ 57%] Built target ts_address_argv_opt_artifact
[ 58%] Generating ts_address_array_lifecycle_opt.rxbin
[ 58%] Built target ts_address_argv_noopt_artifact
[ 58%] Generating ts_address_array_lifecycle_noopt.rxbin
[ 58%] Built target ts_address_array_lifecycle_opt_artifact
[ 58%] Generating ts_address_spawn_transfer_opt.rxbin
[ 58%] Built target ts_address_array_lifecycle_noopt_artifact
[ 58%] Generating ts_address_spawn_transfer_noopt.rxbin
[ 58%] Built target ts_address_spawn_transfer_noopt_artifact
[ 58%] Generating ts_binary_opt.rxbin
[ 58%] Built target ts_address_spawn_transfer_opt_artifact
[ 58%] Generating ts_binary_noopt.rxbin
[ 58%] Built target ts_binary_noopt_artifact
[ 58%] Generating ts_c2x_opt.rxbin
[ 58%] Built target ts_binary_opt_artifact
[ 58%] Generating ts_c2x_noopt.rxbin
[ 58%] Built target ts_c2x_opt_artifact
[ 58%] Generating ts_center_opt.rxbin
[ 58%] Built target ts_c2x_noopt_artifact
[ 58%] Generating ts_center_noopt.rxbin
[ 58%] Built target ts_center_noopt_artifact
[ 58%] Generating ts_changestr_opt.rxbin
[ 58%] Built target ts_center_opt_artifact
[ 58%] Generating ts_changestr_noopt.rxbin
[ 58%] Built target ts_changestr_noopt_artifact
[ 58%] Generating ts_compare_opt.rxbin
[ 58%] Built target ts_changestr_opt_artifact
[ 58%] Generating ts_compare_noopt.rxbin
[ 58%] Built target ts_compare_noopt_artifact
[ 58%] Generating ts_countstr_opt.rxbin
[ 58%] Built target ts_compare_opt_artifact
[ 58%] Generating ts_countstr_noopt.rxbin
[ 58%] Built target ts_countstr_opt_artifact
[ 58%] Generating ts_d2c_opt.rxbin
[ 58%] Built target ts_countstr_noopt_artifact
[ 58%] Generating ts_d2c_noopt.rxbin
[ 58%] Built target ts_d2c_noopt_artifact
[ 58%] Generating ts_d2x_opt.rxbin
[ 58%] Built target ts_d2c_opt_artifact
[ 58%] Generating ts_d2x_noopt.rxbin
[ 58%] Built target ts_d2x_noopt_artifact
[ 58%] Generating ts_date_opt.rxbin
[ 58%] Built target ts_d2x_opt_artifact
[ 58%] Generating ts_date_noopt.rxbin
[ 58%] Built target ts_date_noopt_artifact
[ 58%] Generating ts_date2_opt.rxbin
[ 58%] Built target test_parse_bin
[ 58%] Generating ts_date2_noopt.rxbin
[ 58%] Built target ts_date_opt_artifact
[ 58%] Generating ts_date_core_opt.rxbin
[ 58%] Built target ts_date2_noopt_artifact
[ 58%] Generating ts_date_core_noopt.rxbin
[ 58%] Built target ts_date2_opt_artifact
[ 58%] Generating ts_delstr_opt.rxbin
[ 58%] Built target ts_date_core_opt_artifact
[ 58%] Generating ts_delstr_noopt.rxbin
[ 58%] Built target ts_date_core_noopt_artifact
[ 58%] Built target ts_delstr_opt_artifact
[ 58%] Generating ts_delword_opt.rxbin
[ 58%] Generating ts_delword_noopt.rxbin
[ 58%] Built target ts_delstr_noopt_artifact
[ 58%] Generating ts_fileio_binary_opt.rxbin
[ 58%] Built target ts_delword_noopt_artifact
[ 58%] Generating ts_fileio_binary_noopt.rxbin
[ 58%] Built target ts_delword_opt_artifact
[ 58%] Generating ts_fileio_chars_opt.rxbin
[ 58%] Built target ts_fileio_binary_opt_artifact
[ 58%] Generating ts_fileio_chars_noopt.rxbin
[ 58%] Built target ts_fileio_binary_noopt_artifact
[ 58%] Generating ts_format_opt.rxbin
[ 58%] Built target ts_fileio_chars_opt_artifact
[ 58%] Generating ts_format_noopt.rxbin
[ 58%] Built target ts_fileio_chars_noopt_artifact
[ 58%] Generating ts_fnv_opt.rxbin
[ 58%] Built target ts_address_crexx_opt_artifact
[ 58%] Generating ts_fnv_noopt.rxbin
[ 58%] Built target ts_format_opt_artifact
[ 58%] Generating ts_fsayfmt_opt.rxbin
[ 58%] Built target ts_format_noopt_artifact
[ 58%] Generating ts_fsayfmt_noopt.rxbin
[ 58%] Built target ts_fnv_opt_artifact
[ 58%] Generating ts_insert_opt.rxbin
[ 58%] Built target ts_fnv_noopt_artifact
[ 58%] Generating ts_insert_noopt.rxbin
[ 58%] Built target ts_fsayfmt_noopt_artifact
[ 58%] Generating ts_left_opt.rxbin
[ 58%] Built target ts_fsayfmt_opt_artifact
[ 58%] Generating ts_left_noopt.rxbin
[ 58%] Built target ts_insert_noopt_artifact
[ 58%] Generating ts_length_opt.rxbin
[ 58%] Built target ts_insert_opt_artifact
[ 58%] Generating ts_length_noopt.rxbin
[ 58%] Built target ts_left_opt_artifact
[ 58%] Generating ts_lower_opt.rxbin
[ 58%] Built target ts_left_noopt_artifact
[ 58%] Generating ts_lower_noopt.rxbin
[ 58%] Built target ts_length_opt_artifact
[ 58%] Built target ts_length_noopt_artifact
[ 58%] Generating ts_min_max_opt.rxbin
[ 58%] Generating ts_min_max_noopt.rxbin
[ 58%] Built target ts_lower_opt_artifact
[ 58%] Generating ts_overlay_opt.rxbin
[ 58%] Built target ts_lower_noopt_artifact
[ 58%] Generating ts_overlay_noopt.rxbin
[ 58%] Built target ts_min_max_opt_artifact
[ 58%] Built target ts_min_max_noopt_artifact
[ 58%] Generating ts_pos_opt.rxbin
[ 58%] Generating ts_pos_noopt.rxbin
[ 58%] Built target ts_overlay_opt_artifact
[ 58%] Generating ts_qpos_opt.rxbin
[ 58%] Built target ts_overlay_noopt_artifact
[ 58%] Generating ts_qpos_noopt.rxbin
[ 58%] Built target ts_pos_noopt_artifact
[ 58%] Generating ts_qlibrary_opt.rxbin
[ 58%] Built target ts_pos_opt_artifact
[ 58%] Generating ts_qlibrary_noopt.rxbin
[ 58%] Built target ts_qpos_opt_artifact
[ 58%] Generating ts_random_opt.rxbin
[ 58%] Built target ts_qpos_noopt_artifact
[ 58%] Generating ts_random_noopt.rxbin
[ 58%] Built target ts_qlibrary_noopt_artifact
[ 58%] Generating ts_reverse_opt.rxbin
[ 58%] Built target ts_qlibrary_opt_artifact
[ 58%] Generating ts_reverse_noopt.rxbin
[ 58%] Built target ts_random_noopt_artifact
[ 58%] Generating ts_regex_opt.rxbin
[ 58%] Built target ts_random_opt_artifact
[ 58%] Generating ts_regex_noopt.rxbin
[ 58%] Built target ts_reverse_opt_artifact
[ 58%] Generating ts_right_opt.rxbin
[ 58%] Built target ts_reverse_noopt_artifact
[ 58%] Generating ts_right_noopt.rxbin
[ 58%] Built target ts_regex_noopt_artifact
[ 58%] Generating ts_sign_opt.rxbin
[ 58%] Built target ts_right_opt_artifact
[ 58%] Generating ts_sign_noopt.rxbin
[ 58%] Built target ts_right_noopt_artifact
[ 58%] Generating ts_space_opt.rxbin
[ 58%] Built target ts_sign_opt_artifact
[ 58%] Generating ts_space_noopt.rxbin
[ 58%] Built target ts_sign_noopt_artifact
[ 58%] Generating ts_strip_opt.rxbin
[ 58%] Built target ts_regex_opt_artifact
[ 58%] Generating ts_strip_noopt.rxbin
[ 58%] Built target ts_space_opt_artifact
[ 58%] Generating ts_symbol_opt.rxbin
[ 58%] Built target ts_space_noopt_artifact
[ 58%] Generating ts_symbol_noopt.rxbin
[ 58%] Built target ts_strip_opt_artifact
[ 58%] Generating ts_test_opt.rxbin
[ 58%] Built target ts_strip_noopt_artifact
[ 58%] Generating ts_test_noopt.rxbin
[ 58%] Built target ts_symbol_opt_artifact
[ 58%] Generating ts_time_opt.rxbin
[ 58%] Built target ts_symbol_noopt_artifact
[ 58%] Generating ts_time_noopt.rxbin
[ 58%] Built target ts_test_opt_artifact
[ 58%] Generating ts_trace_opt.rxbin
[ 58%] Built target ts_test_noopt_artifact
[ 58%] Generating ts_trace_noopt.rxbin
[ 58%] Built target ts_time_noopt_artifact
[ 58%] Generating ts_translate_opt.rxbin
[ 58%] Built target ts_time_opt_artifact
[ 58%] Generating ts_translate_noopt.rxbin
[ 58%] Built target ts_trace_noopt_artifact
[ 58%] Generating ts_trunc_opt.rxbin
[ 58%] Built target ts_translate_opt_artifact
[ 58%] Generating ts_trunc_noopt.rxbin
[ 58%] Built target ts_translate_noopt_artifact
[ 58%] Generating ts_upper_opt.rxbin
[ 58%] Built target ts_trunc_opt_artifact
[ 58%] Generating ts_upper_noopt.rxbin
[ 58%] Built target ts_trunc_noopt_artifact
[ 58%] Generating ts_upper_lower_opt.rxbin
[ 58%] Built target ts_upper_opt_artifact
[ 58%] Generating ts_upper_lower_noopt.rxbin
[ 58%] Built target ts_upper_noopt_artifact
[ 58%] Generating ts_version_opt.rxbin
[ 58%] Built target ts_upper_lower_opt_artifact
[ 58%] Built target ts_upper_lower_noopt_artifact
[ 58%] Generating ts_version_noopt.rxbin
[ 58%] Generating ts_sourceinfo_opt.rxbin
[ 58%] Built target ts_version_opt_artifact
[ 58%] Generating ts_sourceinfo_noopt.rxbin
[ 58%] Built target ts_version_noopt_artifact
[ 58%] Generating ts_value_opt.rxbin
[ 58%] Built target ts_sourceinfo_opt_artifact
[ 58%] Generating ts_value_noopt.rxbin
[ 58%] Built target ts_sourceinfo_noopt_artifact
[ 58%] Generating ts_verify_opt.rxbin
[ 58%] Built target ts_value_noopt_artifact
[ 58%] Generating ts_verify_noopt.rxbin
[ 58%] Built target ts_value_opt_artifact
[ 58%] Generating ts_wordlength_opt.rxbin
[ 58%] Built target ts_trace_opt_artifact
[ 58%] Generating ts_wordlength_noopt.rxbin
[ 58%] Built target ts_verify_opt_artifact
[ 58%] Generating ts_wordpos_opt.rxbin
[ 58%] Built target ts_verify_noopt_artifact
[ 58%] Generating ts_wordpos_noopt.rxbin
[ 58%] Built target ts_wordlength_opt_artifact
[ 58%] Generating ts_wrdix_opt.rxbin
[ 58%] Built target ts_wordlength_noopt_artifact
[ 58%] Generating ts_wrdix_noopt.rxbin
[ 58%] Built target ts_wordpos_opt_artifact
[ 58%] Generating ts_x2b_opt.rxbin
[ 58%] Built target ts_wordpos_noopt_artifact
[ 58%] Generating ts_x2b_noopt.rxbin
[ 58%] Built target ts_wrdix_opt_artifact
[ 58%] Generating ts_x2c_opt.rxbin
[ 58%] Built target ts_wrdix_noopt_artifact
[ 58%] Generating ts_x2c_noopt.rxbin
[ 58%] Built target ts_x2b_opt_artifact
[ 58%] Generating ts_x2d_opt.rxbin
[ 58%] Built target ts_x2b_noopt_artifact
[ 58%] Generating ts_x2d_noopt.rxbin
[ 58%] Built target ts_x2c_noopt_artifact
[ 58%] Generating tscopies_opt.rxbin
[ 58%] Built target ts_x2c_opt_artifact
[ 58%] Generating tscopies_noopt.rxbin
[ 58%] Built target ts_x2d_opt_artifact
[ 58%] Generating tslastpos_opt.rxbin
[ 58%] Built target ts_x2d_noopt_artifact
[ 58%] Generating tslastpos_noopt.rxbin
[ 58%] Built target tscopies_noopt_artifact
[ 58%] Built target tscopies_opt_artifact
[ 58%] Generating tsubstr_opt.rxbin
[ 58%] Generating tsubstr_noopt.rxbin
[ 58%] Built target tslastpos_opt_artifact
[ 58%] Built target tslastpos_noopt_artifact
[ 58%] Generating tsword_opt.rxbin
[ 58%] Generating tsword_noopt.rxbin
[ 58%] Built target tsubstr_noopt_artifact
[ 60%] Generating ts_words_opt.rxbin
[ 60%] Built target tsubstr_opt_artifact
[ 60%] Generating ts_words_noopt.rxbin
[ 60%] Built target tsword_noopt_artifact
[ 60%] Generating ts_reradix_opt.rxbin
[ 60%] Built target tsword_opt_artifact
[ 60%] Generating ts_reradix_noopt.rxbin
[ 60%] Built target ts_words_opt_artifact
[ 60%] Generating ts_sequence_opt.rxbin
[ 60%] Built target ts_words_noopt_artifact
[ 60%] Generating ts_sequence_noopt.rxbin
[ 60%] Built target ts_reradix_noopt_artifact
[ 60%] Generating ts_find_opt.rxbin
[ 60%] Built target ts_reradix_opt_artifact
[ 60%] Generating ts_find_noopt.rxbin
[ 60%] Built target ts_sequence_noopt_artifact
[ 60%] Generating ts_index_opt.rxbin
[ 60%] Built target ts_sequence_opt_artifact
[ 60%] Generating ts_index_noopt.rxbin
[ 60%] Built target ts_find_noopt_artifact
[ 60%] Built target ts_find_opt_artifact
[ 60%] Generating ts_parse_opt.rxbin
[ 60%] Generating ts_parse_noopt.rxbin
[ 60%] Built target ts_index_noopt_artifact
[ 61%] Generating ts_datatype_opt.rxbin
[ 61%] Built target ts_index_opt_artifact
[ 61%] Generating ts_datatype_noopt.rxbin
[ 61%] Built target ts_parse_noopt_artifact
[ 61%] Generating ts_numeric_opt.rxbin
[ 61%] Built target ts_datatype_noopt_artifact
[ 61%] Generating ts_numeric_noopt.rxbin
[ 61%] Built target ts_datatype_opt_artifact
[ 61%] Generating ts_splice_opt.rxbin
[ 61%] Built target ts_parse_opt_artifact
[ 61%] Generating ts_splice_noopt.rxbin
[ 61%] Built target ts_numeric_opt_artifact
[ 61%] Generating ts_arraydelete_opt.rxbin
[ 61%] Built target ts_numeric_noopt_artifact
[ 61%] Generating ts_arraydelete_noopt.rxbin
[ 61%] Built target ts_splice_opt_artifact
[ 61%] Generating ts_arraydelete_focused_opt.rxbin
[ 61%] Built target ts_splice_noopt_artifact
[ 61%] Generating ts_arraydelete_focused_noopt.rxbin
[ 61%] Built target ts_arraydelete_noopt_artifact
[ 61%] Generating ts_arrayappend_opt.rxbin
[ 61%] Built target ts_arraydelete_opt_artifact
[ 61%] Generating ts_arrayappend_noopt.rxbin
[ 61%] Built target ts_arraydelete_focused_opt_artifact
[ 61%] Generating ts_arraycontains_opt.rxbin
[ 61%] Built target ts_arraydelete_focused_noopt_artifact
[ 61%] Generating ts_arraycontains_noopt.rxbin
[ 61%] Built target ts_arrayappend_opt_artifact
[ 61%] Generating ts_arraycopy_opt.rxbin
[ 61%] Built target ts_arrayappend_noopt_artifact
[ 61%] Generating ts_arraycopy_noopt.rxbin
[ 61%] Built target ts_arraycontains_opt_artifact
[ 61%] Generating ts_arraydrop_opt.rxbin
[ 61%] Built target ts_arraycontains_noopt_artifact
[ 61%] Generating ts_arraydrop_noopt.rxbin
[ 61%] Built target ts_arraycopy_opt_artifact
[ 61%] Generating ts_arrayfind_opt.rxbin
[ 61%] Built target ts_arraycopy_noopt_artifact
[ 61%] Generating ts_arrayfind_noopt.rxbin
[ 61%] Built target ts_arraydrop_opt_artifact
[ 61%] Generating ts_arrayget_opt.rxbin
[ 61%] Built target ts_arraydrop_noopt_artifact
[ 62%] Generating ts_arrayget_noopt.rxbin
[ 62%] Built target ts_arrayfind_opt_artifact
[ 62%] Generating ts_arrayhi_opt.rxbin
[ 62%] Built target ts_arrayfind_noopt_artifact
[ 62%] Generating ts_arrayhi_noopt.rxbin
[ 62%] Built target ts_arrayget_opt_artifact
[ 62%] Generating ts_arrayindexof_opt.rxbin
[ 62%] Built target ts_arrayget_noopt_artifact
[ 62%] Generating ts_arrayindexof_noopt.rxbin
[ 62%] Built target ts_arrayhi_opt_artifact
[ 62%] Generating ts_arrayinsert_opt.rxbin
[ 62%] Built target ts_arrayhi_noopt_artifact
[ 62%] Generating ts_arrayinsert_noopt.rxbin
[ 62%] Built target ts_arrayindexof_opt_artifact
[ 62%] Generating ts_arrayjoin_opt.rxbin
[ 62%] Built target ts_arrayindexof_noopt_artifact
[ 62%] Generating ts_arrayjoin_noopt.rxbin
[ 62%] Built target ts_arrayinsert_noopt_artifact
[ 62%] Generating ts_arraymove_opt.rxbin
[ 62%] Built target ts_arrayinsert_opt_artifact
[ 62%] Generating ts_arraymove_noopt.rxbin
[ 62%] Built target ts_arrayjoin_opt_artifact
[ 62%] Generating ts_arraypop_opt.rxbin
[ 62%] Built target ts_arrayjoin_noopt_artifact
[ 62%] Generating ts_arraypop_noopt.rxbin
[ 62%] Built target ts_arraymove_noopt_artifact
[ 62%] Generating ts_arrayprepend_opt.rxbin
[ 62%] Built target ts_arraymove_opt_artifact
[ 62%] Generating ts_arrayprepend_noopt.rxbin
[ 62%] Built target ts_arraypop_opt_artifact
[ 62%] Generating ts_arrayreverse_opt.rxbin
[ 62%] Built target ts_arraypop_noopt_artifact
[ 62%] Generating ts_arrayreverse_noopt.rxbin
[ 62%] Built target ts_arrayprepend_opt_artifact
[ 62%] Generating ts_arrayset_opt.rxbin
[ 62%] Built target ts_arrayprepend_noopt_artifact
[ 62%] Generating ts_arrayset_noopt.rxbin
[ 62%] Built target ts_arrayreverse_noopt_artifact
[ 62%] Built target ts_arrayreverse_opt_artifact
[ 62%] Generating ts_arrayshift_opt.rxbin
[ 62%] Generating ts_arrayshift_noopt.rxbin
[ 62%] Built target ts_arrayset_noopt_artifact
[ 62%] Generating ts_arraysort_opt.rxbin
[ 62%] Built target ts_arrayset_opt_artifact
[ 62%] Generating ts_arraysort_noopt.rxbin
[ 62%] Built target ts_arrayshift_noopt_artifact
[ 63%] Generating ts_b2d_opt.rxbin
[ 63%] Built target ts_arrayshift_opt_artifact
[ 63%] Generating ts_b2d_noopt.rxbin
[ 63%] Built target ts_arraysort_noopt_artifact
[ 63%] Generating ts_b2x_opt.rxbin
[ 63%] Built target ts_arraysort_opt_artifact
[ 63%] Generating ts_b2x_noopt.rxbin
[ 63%] Built target ts_b2d_noopt_artifact
[ 63%] Generating ts_c2d_opt.rxbin
[ 63%] Built target ts_b2d_opt_artifact
[ 63%] Generating ts_c2d_noopt.rxbin
[ 63%] Built target ts_b2x_noopt_artifact
[ 63%] Generating ts_centre_opt.rxbin
[ 63%] Built target ts_b2x_opt_artifact
[ 63%] Generating ts_centre_noopt.rxbin
[ 63%] Built target ts_c2d_opt_artifact
[ 63%] Generating ts_d2b_opt.rxbin
[ 63%] Built target ts_c2d_noopt_artifact
[ 63%] Generating ts_d2b_noopt.rxbin
[ 63%] Built target ts_centre_noopt_artifact
[ 63%] Generating ts_ftrunc_opt.rxbin
[ 63%] Built target ts_centre_opt_artifact
[ 63%] Generating ts_ftrunc_noopt.rxbin
[ 63%] Built target ts_d2b_noopt_artifact
[ 63%] Generating ts_getenv_opt.rxbin
[ 63%] Built target ts_d2b_opt_artifact
[ 63%] Generating ts_getenv_noopt.rxbin
[ 63%] Built target ts_ftrunc_opt_artifact
[ 63%] Generating ts_itrunc_opt.rxbin
[ 63%] Built target ts_ftrunc_noopt_artifact
[ 63%] Generating ts_itrunc_noopt.rxbin
[ 63%] Built target ts_getenv_opt_artifact
[ 63%] Built target ts_getenv_noopt_artifact
[ 63%] Generating ts_loadmodule_opt.rxbin
[ 64%] Generating ts_loadmodule_noopt.rxbin
[ 64%] Built target ts_itrunc_opt_artifact
[ 64%] Built target ts_itrunc_noopt_artifact
[ 64%] Generating ts_max_opt.rxbin
[ 64%] Generating ts_max_noopt.rxbin
[ 64%] Built target ts_loadmodule_noopt_artifact
[ 64%] Built target ts_loadmodule_opt_artifact
[ 64%] Generating ts_min_opt.rxbin
[ 64%] Generating ts_min_noopt.rxbin
[ 64%] Built target ts_max_noopt_artifact
[ 64%] Generating ts_objectarrayappend_opt.rxbin
[ 64%] Built target ts_min_noopt_artifact
[ 64%] Built target ts_max_opt_artifact
[ 65%] Generating ts_objectarrayappend_noopt.rxbin
[ 65%] Generating ts_objectarraydelete_opt.rxbin
[ 65%] Built target ts_min_opt_artifact
[ 65%] Generating ts_objectarraydelete_noopt.rxbin
[ 65%] Built target ts_objectarrayappend_noopt_artifact
[ 65%] Built target ts_objectarrayappend_opt_artifact
[ 65%] Generating ts_objectarraydrop_opt.rxbin
[ 65%] Generating ts_objectarraydrop_noopt.rxbin
[ 65%] Built target ts_objectarraydelete_noopt_artifact
[ 65%] Generating ts_objectarrayinsert_opt.rxbin
[ 65%] Built target ts_objectarraydelete_opt_artifact
[ 65%] Generating ts_objectarrayinsert_noopt.rxbin
[ 65%] Built target ts_objectarraydrop_noopt_artifact
[ 65%] Built target ts_objectarraydrop_opt_artifact
[ 65%] Generating ts_objectarraymove_opt.rxbin
[ 65%] Generating ts_objectarraymove_noopt.rxbin
[ 65%] Built target ts_objectarrayinsert_noopt_artifact
[ 65%] Generating ts_objectarrayprepend_opt.rxbin
[ 65%] Built target ts_objectarrayinsert_opt_artifact
[ 65%] Generating ts_objectarrayprepend_noopt.rxbin
[ 65%] Built target ts_objectarraymove_noopt_artifact
[ 66%] Generating ts_qwordlength_opt.rxbin
[ 66%] Built target ts_objectarraymove_opt_artifact
[ 66%] Generating ts_qwordlength_noopt.rxbin
[ 66%] Built target ts_objectarrayprepend_opt_artifact
[ 66%] Generating ts_raise_opt.rxbin
[ 66%] Built target ts_objectarrayprepend_noopt_artifact
[ 66%] Generating ts_raise_noopt.rxbin
[ 66%] Built target ts_qwordlength_opt_artifact
[ 66%] Generating ts_rxsystem_opt.rxbin
[ 66%] Built target ts_qwordlength_noopt_artifact
[ 66%] Generating ts_rxsystem_noopt.rxbin
[ 66%] Built target ts_raise_opt_artifact
[ 66%] Generating ts_rxsystem_exit_opt.rxbin
[ 66%] Built target ts_raise_noopt_artifact
[ 66%] Generating ts_rxsystem_exit_noopt.rxbin
[ 66%] Built target ts_rxsystem_opt_artifact
[ 66%] Built target ts_rxsystem_noopt_artifact
[ 66%] Generating ts_rxqueue_opt.rxbin
[ 66%] Generating ts_rxqueue_noopt.rxbin
[ 66%] Built target ts_rxsystem_exit_opt_artifact
[ 66%] Generating ts_signal_opt.rxbin
[ 66%] Built target ts_rxsystem_exit_noopt_artifact
[ 66%] Generating ts_signal_noopt.rxbin
[ 66%] Built target ts_rxqueue_noopt_artifact
[ 66%] Generating ts_substro_opt.rxbin
[ 66%] Built target ts_signal_noopt_artifact
[ 66%] Generating ts_substro_noopt.rxbin
[ 66%] Built target ts_signal_opt_artifact
[ 66%] Generating ts_subword_opt.rxbin
[ 66%] Built target ts_substro_noopt_artifact
[ 67%] Generating ts_subword_noopt.rxbin
[ 67%] Built target ts_substro_opt_artifact
[ 67%] Generating ts_xrange_opt.rxbin
[ 67%] Built target ts_subword_opt_artifact
[ 67%] Generating ts_xrange_noopt.rxbin
[ 67%] Built target ts_subword_noopt_artifact
[ 67%] Generating ts_objectarray_opt.rxbin
[ 67%] Built target ts_rxqueue_opt_artifact
[ 67%] Generating ts_objectarray_noopt.rxbin
[ 67%] Built target ts_xrange_opt_artifact
[ 67%] Generating ts_stem_opt.rxbin
[ 67%] Built target ts_xrange_noopt_artifact
[ 67%] Generating ts_stem_noopt.rxbin
[ 67%] Built target ts_objectarray_noopt_artifact
[ 67%] Generating ts_rxjson_opt.rxbin
[ 67%] Built target ts_objectarray_opt_artifact
[ 67%] Generating ts_rxjson_noopt.rxbin
[ 67%] Built target ts_stem_noopt_artifact
[ 67%] Generating ts_rxjson_document_opt.rxbin
[ 67%] Built target ts_stem_opt_artifact
[ 67%] Generating ts_rxjson_document_noopt.rxbin
[ 67%] Built target ts_rxjson_noopt_artifact
[ 67%] Generating ts_rxjson_numeric_projection_opt.rxbin
[ 67%] Built target ts_rxjson_opt_artifact
[ 67%] Generating ts_rxjson_numeric_projection_noopt.rxbin
[ 67%] Built target ts_rxjson_document_noopt_artifact
[ 67%] Generating ts_rxjson_noisy_contract_opt.rxbin
[ 67%] Built target ts_rxjson_numeric_projection_noopt_artifact
[ 67%] Generating ts_rxjson_noisy_contract_noopt.rxbin
[ 67%] Built target ts_rxjson_numeric_projection_opt_artifact
[ 68%] Generating ts_rxsocket_opt.rxbin
[ 68%] Built target ts_rxjson_document_opt_artifact
[ 68%] Generating ts_rxsocket_noopt.rxbin
[ 68%] Built target ts_rxjson_noisy_contract_opt_artifact
[ 68%] Generating ts_socket_tls_live_opt.rxbin
[ 68%] Built target ts_rxjson_noisy_contract_noopt_artifact
[ 68%] Generating ts_socket_tls_live_noopt.rxbin
[ 68%] Built target ts_rxsocket_noopt_artifact
[ 68%] Generating ts_afterword_opt.rxbin
[ 68%] Built target ts_rxsocket_opt_artifact
[ 68%] Generating ts_afterword_noopt.rxbin
[ 68%] Built target ts_socket_tls_live_opt_artifact
[ 68%] Generating ts_arraysort_errors_opt.rxbin
[ 68%] Built target ts_socket_tls_live_noopt_artifact
[ 68%] Generating ts_arraysort_errors_noopt.rxbin
[ 68%] Built target ts_afterword_opt_artifact
[ 68%] Built target ts_afterword_noopt_artifact
[ 68%] Generating we_noopt.rxbin
[ 68%] Generating we_opt.rxbin
[ 68%] Built target ts_arraysort_errors_opt_artifact
[ 68%] Generating ts_tinyexpr_opt.rxbin
[ 68%] Built target ts_arraysort_errors_noopt_artifact
[ 68%] Generating ts_tinyexpr_noopt.rxbin
[ 68%] Built target we_noopt_artifact
[ 68%] Generating arrays_test_opt.rxbin
[ 68%] Built target ts_tinyexpr_opt_artifact
[ 68%] Generating arrays_test_noopt.rxbin
[ 68%] Built target we_opt_artifact
[ 68%] Generating numeric_test_support.rxbin
[ 68%] Built target ts_tinyexpr_noopt_artifact
[ 68%] Generating stack_test_opt.rxbin
[ 68%] Built target arrays_test_noopt_artifact
[ 68%] Generating stack_test_noopt.rxbin
[ 68%] Built target arrays_test_opt_artifact
[ 68%] Generating cipher_test_opt.rxbin
[ 68%] Built target rxfloat_numeric_test_support
[ 68%] Generating cipher_test_noopt.rxbin
[ 68%] Built target stack_test_opt_artifact
[ 68%] Generating rx_hash_rxtvm_opt.rxbin
[ 68%] Built target stack_test_noopt_artifact
[ 68%] Generating rx_hash_rxbvm_noopt.rxbin
[ 68%] Built target cipher_test_opt_artifact
[ 68%] Generating rx_hash_rxbvm_opt.rxbin
[ 68%] Built target cipher_test_noopt_artifact
[ 68%] Generating rx_hash_rxtvm_noopt.rxbin
[ 68%] Built target rx_hash_rxbvm_noopt_artifact
[ 68%] Generating rxsqlite_typed_rxbvm_noopt.rxbin
[ 68%] Built target rx_hash_rxtvm_noopt_artifact
[ 68%] Generating rxsqlite_typed_rxbvm_opt.rxbin
[ 68%] Built target rxsqlite_typed_rxbvm_noopt_artifact
[ 68%] Generating rxsqlite_file_rxbvm_noopt.rxbin
[ 68%] Built target rxsqlite_file_rxbvm_noopt_artifact
[ 68%] Generating rxsqlite_file_rxbvm_opt.rxbin
[ 68%] Built target rxsqlite_typed_rxbvm_opt_artifact
[ 68%] Generating rxsqlite_typed_rxtvm_noopt.rxbin
[ 68%] Built target rx_hash_rxtvm_opt_artifact
[ 68%] Generating rxsqlite_typed_rxtvm_opt.rxbin
[ 68%] Built target rx_hash_rxbvm_opt_artifact
[ 68%] Generating rxsqlite_file_rxtvm_noopt.rxbin
[ 68%] Built target rxsqlite_typed_rxtvm_noopt_artifact
[ 68%] Generating rxsqlite_file_rxtvm_opt.rxbin
[ 68%] Built target rxsqlite_file_rxbvm_opt_artifact
[ 68%] Generating strings_test_opt.rxbin
[ 68%] Built target rxsqlite_file_rxtvm_noopt_artifact
[ 68%] Generating strings_test_noopt.rxbin
[ 68%] Built target rxsqlite_typed_rxtvm_opt_artifact
[ 68%] Built target strings_test_opt_artifact
[ 68%] Generating getpi_test_opt.rxbin
[ 68%] Generating getpi_test_noopt.rxbin
[ 68%] Built target rxsqlite_file_rxtvm_opt_artifact
[ 68%] Generating keyaccess_test_opt.rxbin
[ 68%] Built target strings_test_noopt_artifact
[ 68%] Generating keyaccess_test_noopt.rxbin
[ 68%] Built target getpi_test_opt_artifact
[ 68%] Built target getpi_test_noopt_artifact
[ 68%] Generating llist_test_opt.rxbin
[ 68%] Generating llist_test_noopt.rxbin
[ 68%] Built target keyaccess_test_opt_artifact
[ 68%] Generating rxid_rxtvm_opt.rxbin
[ 68%] Built target keyaccess_test_noopt_artifact
[ 68%] Generating rxid_rxbvm_noopt.rxbin
[ 68%] Built target llist_test_noopt_artifact
[ 68%] Built target llist_test_opt_artifact
[ 68%] Generating rxid_rxbvm_opt.rxbin
[ 68%] Generating rxid_rxtvm_noopt.rxbin
[ 68%] Built target rxid_rxtvm_opt_artifact
[ 68%] Generating rxfs_rxtvm_opt.rxbin
[ 68%] Built target rxid_rxbvm_noopt_artifact
[ 68%] Generating rxfs_rxbvm_noopt.rxbin
[ 68%] Built target rxid_rxtvm_noopt_artifact
[ 68%] Generating rxfs_rxbvm_opt.rxbin
[ 68%] Built target rxid_rxbvm_opt_artifact
[ 68%] Generating rxfs_rxtvm_noopt.rxbin
[ 68%] Built target rxfs_rxbvm_noopt_artifact
[ 68%] Generating console_pty.rxbin
[ 68%] Built target rxfs_rxtvm_opt_artifact
[ 68%] Generating rxconsole_levelb_noopt.rxbin
[ 68%] Built target rxfs_rxtvm_noopt_artifact
[ 68%] Generating rxconsole_levelb_opt.rxbin
[ 68%] Built target rxfs_rxbvm_opt_artifact
[ 68%] Generating rxplatform_rxtvm_opt.rxbin
[ 68%] Built target rxconsole_pty_artifact
[ 68%] Generating rxplatform_rxbvm_noopt.rxbin
[ 68%] Built target rxconsole_levelb_noopt_artifact
[ 68%] Generating rxplatform_rxbvm_opt.rxbin
[ 68%] Built target rxconsole_levelb_opt_artifact
[ 68%] Generating rxplatform_rxtvm_noopt.rxbin
[ 68%] Built target rxplatform_rxtvm_opt_artifact
[ 68%] Generating tcp_test_opt.rxbin
[ 68%] Built target rxplatform_rxbvm_noopt_artifact
[ 68%] Generating tcp_test_noopt.rxbin
[ 68%] Built target rxplatform_rxbvm_opt_artifact
[ 68%] Generating odbc_test.rxbin
[ 68%] Built target rxplatform_rxtvm_noopt_artifact
[ 68%] Generating odbc_mock_prepared.rxbin
[ 68%] Built target tcp_test_opt_artifact
[ 68%] Generating odbc_sqlite_prepared.rxbin
[ 68%] Built target tcp_test_noopt_artifact
[ 68%] Staging deterministic vector-library imports ...
[ 68%] Built target veclib_imports
[ 68%] Generating numeric_test_support.rxbin
Warning in odbc_test.crexx @ 121:6 - #NOT_IN_SAME_SCOPE: Implicit use creates a separate binding; the earlier same-named binding is at line 77, column 6. Declare this binding explicitly if intentional., "col"
Warning in odbc_test.crexx @ 148:6 - #NOT_IN_SAME_SCOPE: Implicit use creates a separate binding; the earlier same-named binding is at line 77, column 6. Declare this binding explicitly if intentional., "col"
Warning in odbc_test.crexx @ 155:6 - #NOT_IN_SAME_SCOPE: Implicit use creates a separate binding; the earlier same-named binding is at line 128, column 6. Declare this binding explicitly if intentional., "colx"
Warning in odbc_test.crexx @ 156:9 - #NOT_IN_SAME_SCOPE: Implicit use creates a separate binding; the earlier same-named binding is at line 129, column 9. Declare this binding explicitly if intentional., "coli"
4 warning(s) in source file
[ 68%] Built target odbc_mock_prepared_runtime
[ 68%] Built target odbc_test
[ 68%] Building experimental backend-neutral Level G UI library
[ 68%] Generating ascommon_noopt.rxbin
[ 68%] Built target ascommon_noopt_artifact
[ 68%] Generating ascommon_opt.rxbin
[ 68%] Built target ascommon_opt_artifact
[ 68%] Generating concatenation_noopt.rxbin
[ 68%] Built target odbc_sqlite_prepared_runtime
[ 68%] Generating concatenation_opt.rxbin
[ 68%] Built target rxfnsg_numeric_test_support
[ 68%] Generating benchmark_awfy_sieve_noopt.rxbin
[ 68%] Built target concatenation_noopt_artifact
[ 68%] Generating benchmark_awfy_sieve_opt.rxbin
[ 68%] Built target concatenation_opt_artifact
[ 68%] Generating benchmark_awfy_permute_noopt.rxbin
[ 68%] Built target benchmark_awfy_sieve_noopt_artifact
[ 68%] Built target ui
[ 68%] Generating benchmark_awfy_mandelbrot_noopt.rxbin
[ 68%] Generating benchmark_awfy_permute_opt.rxbin
[ 68%] Built target benchmark_awfy_sieve_opt_artifact
[ 68%] Generating benchmark_awfy_mandelbrot_opt.rxbin
[ 68%] Built target benchmark_awfy_permute_noopt_artifact
[ 68%] Generating benchmark_awfy_mandelbrot_hoisted_control_noopt.rxbin
[ 68%] Built target benchmark_awfy_mandelbrot_noopt_artifact
[ 68%] Generating benchmark_awfy_mandelbrot_hoisted_control_opt.rxbin
[ 68%] Built target benchmark_awfy_permute_opt_artifact
[ 68%] Generating benchmark_awfy_towers_noopt.rxbin
[ 68%] Built target benchmark_awfy_mandelbrot_opt_artifact
[ 68%] Generating benchmark_awfy_towers_opt.rxbin
[ 68%] Built target benchmark_awfy_mandelbrot_hoisted_control_noopt_artifact
[ 68%] Generating benchmark_awfy_bounce_noopt.rxbin
[ 68%] Built target benchmark_awfy_towers_noopt_artifact
[ 68%] Built target benchmark_awfy_mandelbrot_hoisted_control_opt_artifact
[ 68%] Generating benchmark_awfy_bounce_opt.rxbin
[ 68%] Generating benchmark_awfy_storage_noopt.rxbin
[ 68%] Built target benchmark_awfy_towers_opt_artifact
[ 68%] Generating benchmark_awfy_storage_opt.rxbin
[ 68%] Built target benchmark_awfy_bounce_noopt_artifact
[ 68%] Generating benchmark_awfy_list_noopt.rxbin
[ 68%] Built target benchmark_awfy_storage_noopt_artifact
[ 68%] Generating benchmark_awfy_list_opt.rxbin
[ 68%] Built target benchmark_awfy_bounce_opt_artifact
[ 68%] Generating benchmark_awfy_richards_noopt.rxbin
[ 68%] Built target benchmark_awfy_storage_opt_artifact
[ 69%] Generating benchmark_awfy_richards_opt.rxbin
[ 69%] Built target benchmark_awfy_list_noopt_artifact
[ 69%] Generating benchmark_awfy_queens_noopt.rxbin
[ 69%] Built target benchmark_awfy_list_opt_artifact
[ 69%] Generating benchmark_awfy_queens_opt.rxbin
[ 69%] Built target benchmark_awfy_richards_noopt_artifact
[ 69%] Generating benchmark_awfy_deltablue_noopt.rxbin
[ 69%] Built target benchmark_awfy_queens_noopt_artifact
[ 69%] Generating benchmark_awfy_deltablue_opt.rxbin
[ 69%] Built target benchmark_awfy_richards_opt_artifact
[ 69%] Generating benchmark_awfy_cd_noopt.rxbin
[ 69%] Built target benchmark_awfy_queens_opt_artifact
[ 69%] Generating benchmark_awfy_cd_opt.rxbin
[ 69%] Built target benchmark_awfy_deltablue_noopt_artifact
[ 69%] Generating benchmark_awfy_havlak_noopt.rxbin
[ 69%] Built target benchmark_awfy_cd_noopt_artifact
[ 69%] Generating benchmark_awfy_havlak_opt.rxbin
[ 69%] Built target benchmark_awfy_deltablue_opt_artifact
[ 69%] Generating benchmark_awfy_json_noopt.rxbin
[ 69%] Built target benchmark_awfy_havlak_noopt_artifact
[ 69%] Generating benchmark_awfy_json_opt.rxbin
[ 69%] Built target benchmark_awfy_cd_opt_artifact
[ 69%] Generating benchmark_json_parser_noopt.rxbin
[ 69%] Built target benchmark_awfy_json_noopt_artifact
[ 69%] Generating benchmark_json_parser_opt.rxbin
[ 69%] Built target benchmark_awfy_json_opt_artifact
[ 69%] Generating benchmark_json_parse_noopt.rxbin
[ 69%] Built target benchmark_awfy_havlak_opt_artifact
[ 69%] Generating benchmark_json_parse_opt.rxbin
[ 69%] Built target benchmark_json_parser_noopt_artifact
[ 69%] Generating benchmark_json_query_noopt.rxbin
[ 69%] Built target benchmark_json_parser_opt_artifact
[ 69%] Generating benchmark_json_query_opt.rxbin
[ 69%] Built target benchmark_json_parse_noopt_artifact
[ 69%] Generating benchmark_base64_roundtrip_noopt.rxbin
[ 69%] Built target benchmark_json_parse_opt_artifact
[ 69%] Generating benchmark_base64_roundtrip_opt.rxbin
[ 69%] Built target benchmark_json_query_noopt_artifact
[ 69%] Generating benchmark_base64_roundtrip_v2_noopt.rxbin
[ 69%] Built target benchmark_json_query_opt_artifact
[ 69%] Generating benchmark_base64_roundtrip_v2_opt.rxbin
[ 69%] Built target benchmark_base64_roundtrip_noopt_artifact
[ 69%] Generating benchmark_parse_frozen_noopt.rxbin
[ 69%] Built target benchmark_base64_roundtrip_opt_artifact
[ 69%] Generating benchmark_parse_frozen_opt.rxbin
[ 69%] Built target benchmark_base64_roundtrip_v2_noopt_artifact
[ 69%] Generating benchmark_parse_frozen_generic_noopt.rxbin
[ 69%] Built target benchmark_base64_roundtrip_v2_opt_artifact
[ 69%] Generating benchmark_parse_frozen_generic_opt.rxbin
[ 69%] Built target benchmark_parse_frozen_noopt_artifact
[ 69%] Generating benchmark_rexxcps_levelb_noopt.rxbin
[ 69%] Built target benchmark_parse_frozen_generic_noopt_artifact
[ 69%] Generating benchmark_rexxcps_levelb_opt.rxbin
[ 69%] Built target benchmark_parse_frozen_opt_artifact
[ 69%] Generating benchmark_awfy_nbody_noopt.rxbin
[ 69%] Built target benchmark_rexxcps_levelb_noopt_artifact
[ 69%] Generating benchmark_awfy_nbody_opt.rxbin
[ 69%] Built target benchmark_awfy_nbody_noopt_artifact
[ 69%] Generating benchmark_rexxcps_levelb_opaque_noopt.rxbin
[ 69%] Built target benchmark_parse_frozen_generic_opt_artifact
[ 69%] Generating benchmark_rexxcps_levelb_opaque_opt.rxbin
[ 69%] Built target benchmark_awfy_nbody_opt_artifact
[ 69%] Generating benchmark_runner_noopt.rxbin
[ 69%] Built target benchmark_rexxcps_levelb_opaque_noopt_artifact
[ 69%] Generating benchmark_runner_opt.rxbin
[ 69%] Built target benchmark_runner_noopt_artifact
[ 69%] Generating nr03_evidence_tool_selftest_noopt.rxbin
[ 69%] Built target benchmark_rexxcps_levelb_opt_artifact
[ 69%] Generating nr03_evidence_tool_selftest_opt.rxbin
[ 69%] Built target benchmark_runner_opt_artifact
[ 69%] Generating nr10_cross_runtime_matrix_selftest_noopt.rxbin
[ 69%] Built target nr03_evidence_tool_selftest_noopt_artifact
[ 69%] Built target benchmark_rexxcps_levelb_opaque_opt_artifact
[ 69%] Generating nr10_cross_runtime_matrix_selftest_opt.rxbin
[ 69%] Generating nr10_lifecycle_tool_selftest_noopt.rxbin
[ 69%] Built target nr10_cross_runtime_matrix_selftest_noopt_artifact
[ 69%] Generating nr10_lifecycle_tool_selftest_opt.rxbin
[ 69%] Built target nr10_lifecycle_tool_selftest_noopt_artifact
[ 69%] Generating nr10_artifact_inventory_selftest_noopt.rxbin
[ 69%] Built target nr10_artifact_inventory_selftest_noopt_artifact
[ 69%] Generating nr10_artifact_inventory_selftest_opt.rxbin
[ 69%] Built target nr03_evidence_tool_selftest_opt_artifact
[ 69%] Generating perf3_fusion_inventory_selftest_noopt.rxbin
[ 69%] Built target nr10_artifact_inventory_selftest_opt_artifact
[ 69%] Generating perf3_fusion_inventory_selftest_opt.rxbin
[ 69%] Built target nr10_lifecycle_tool_selftest_opt_artifact
[ 69%] Generating rcc_provider_autoload_noopt.rxbin
[ 69%] Built target perf3_fusion_inventory_selftest_noopt_artifact
[ 69%] Generating rcc_provider_autoload_opt.rxbin
[ 69%] Built target perf3_fusion_inventory_selftest_opt_artifact
[ 69%] Generating rxpa_callmethod_run_noopt.rxbin
[ 69%] Built target nr10_cross_runtime_matrix_selftest_opt_artifact
[ 69%] Generating rxpa_callmethod_run_opt.rxbin
[ 69%] Built target rcc_provider_autoload_noopt_artifact
[ 69%] Built target rcc_provider_autoload_opt_artifact
[ 69%] Generating rxpa_dynlink_run_noopt.rxbin
[ 69%] Generating rxpa_dynlink_run_opt.rxbin
[ 69%] Built target rxpa_callmethod_run_noopt_artifact
[ 69%] Generating rxpa_staticlink_run_noopt.rxbin
[ 69%] Built target rxpa_callmethod_run_opt_artifact
[ 69%] Generating rxpa_staticlink_run_opt.rxbin
[ 69%] Built target rxpa_dynlink_run_opt_artifact
[ 69%] Built target rxpa_dynlink_run_noopt_artifact
[ 69%] Generating rxpa_callmethod_static_run_noopt.rxbin
[ 69%] Generating rxpa_callmethod_static_run_opt.rxbin
[ 69%] Built target rxpa_staticlink_run_noopt_artifact
[ 69%] Built target rxpa_staticlink_run_opt_artifact
[ 69%] Generating rxpa_signal_funcs_dynamic_noopt.rxbin
[ 69%] Generating rxpa_signal_funcs_dynamic_opt.rxbin
[ 69%] Built target rxpa_callmethod_static_run_noopt_artifact
[ 70%] Generating rxpa_signal_funcs_static_noopt.rxbin
[ 70%] Built target rxpa_callmethod_static_run_opt_artifact
[ 70%] Generating rxpa_signal_funcs_static_opt.rxbin
[ 70%] Built target rxpa_signal_funcs_dynamic_noopt_artifact
[ 70%] Generating rxpa_string_funcs_dynamic_noopt.rxbin
[ 70%] Built target rxpa_signal_funcs_dynamic_opt_artifact
[ 70%] Generating rxpa_string_funcs_dynamic_opt.rxbin
[ 70%] Built target rxpa_signal_funcs_static_noopt_artifact
[ 70%] Built target rxpa_signal_funcs_static_opt_artifact
[ 70%] Generating rxpa_string_funcs_static_noopt.rxbin
[ 70%] Generating rxpa_string_funcs_static_opt.rxbin
[ 70%] Built target rxpa_string_funcs_dynamic_noopt_artifact
[ 70%] Generating rxpa_int_funcs_dynamic_noopt.rxbin
[ 70%] Built target rxpa_string_funcs_dynamic_opt_artifact
[ 70%] Generating rxpa_int_funcs_dynamic_opt.rxbin
[ 70%] Built target rxpa_string_funcs_static_noopt_artifact
[ 70%] Generating rxpa_int_funcs_static_noopt.rxbin
[ 70%] Built target rxpa_string_funcs_static_opt_artifact
[ 70%] Generating rxpa_int_funcs_static_opt.rxbin
[ 70%] Built target rxpa_int_funcs_dynamic_noopt_artifact
[ 70%] Generating rxpa_float_funcs_dynamic_noopt.rxbin
[ 70%] Built target rxpa_int_funcs_dynamic_opt_artifact
[ 70%] Generating rxpa_float_funcs_dynamic_opt.rxbin
[ 70%] Built target rxpa_int_funcs_static_noopt_artifact
[ 70%] Generating rxpa_float_funcs_static_noopt.rxbin
[ 70%] Built target rxpa_int_funcs_static_opt_artifact
[ 70%] Generating rxpa_float_funcs_static_opt.rxbin
[ 70%] Built target rxpa_float_funcs_dynamic_noopt_artifact
[ 70%] Generating rxpa_array_push_funcs_dynamic_noopt.rxbin
[ 70%] Built target rxpa_float_funcs_dynamic_opt_artifact
[ 70%] Generating rxpa_array_push_funcs_dynamic_opt.rxbin
[ 70%] Built target rxpa_float_funcs_static_noopt_artifact
[ 70%] Generating rxpa_array_push_funcs_static_noopt.rxbin
[ 70%] Built target rxpa_float_funcs_static_opt_artifact
[ 70%] Generating rxpa_array_push_funcs_static_opt.rxbin
[ 70%] Built target rxpa_array_push_funcs_dynamic_noopt_artifact
[ 70%] Generating rxpa_native_payload_funcs_dynamic_noopt.rxbin
[ 70%] Built target rxpa_array_push_funcs_dynamic_opt_artifact
[ 70%] Generating rxpa_native_payload_funcs_dynamic_opt.rxbin
[ 70%] Built target rxpa_array_push_funcs_static_noopt_artifact
[ 70%] Built target rxpa_array_push_funcs_static_opt_artifact
[ 70%] Generating rxpa_native_payload_funcs_static_noopt.rxbin
[ 70%] Generating rxpa_native_payload_funcs_static_opt.rxbin
[ 70%] Built target rxpa_native_payload_funcs_dynamic_noopt_artifact
[ 70%] Generating rxpa_native_unwind_funcs_dynamic_noopt.rxbin
[ 70%] Built target rxpa_native_payload_funcs_dynamic_opt_artifact
[ 70%] Generating rxpa_native_unwind_funcs_dynamic_opt.rxbin
[ 70%] Built target rxpa_native_payload_funcs_static_noopt_artifact
[ 70%] Built target rxpa_native_payload_funcs_static_opt_artifact
[ 70%] Generating rxpa_native_unwind_funcs_static_noopt.rxbin
[ 70%] Generating rxpa_native_unwind_funcs_static_opt.rxbin
[ 70%] Built target rxpa_native_unwind_funcs_dynamic_opt_artifact
[ 70%] Built target rxpa_native_unwind_funcs_dynamic_noopt_artifact
[ 70%] Generating rxpa_mult_test_noopt.rxbin
[ 70%] Generating rxpa_mult_test_opt.rxbin
[ 70%] Built target rxpa_mult_test_opt_artifact
[ 70%] Built target rxpa_mult_test_noopt_artifact
[ 70%] Building C object compiler/tests/CMakeFiles/test_address_bridge.dir/src/test_address_bridge.c.o
[ 71%] Building C object compiler/tests/CMakeFiles/test_bridge.dir/src/test_bridge.c.o
[ 71%] Linking C executable test_address_bridge
[ 71%] Linking C executable test_bridge
[ 71%] Built target test_address_bridge
[ 71%] Built target test_bridge
[ 71%] cREXX compile and assemble StringIterator ...
[ 71%] Building C object compiler/tests/CMakeFiles/native_kv_address_demo.dir/__/__/demos/native/kv/kv_address_demo.c.o
[ 71%] Linking C executable native_kv_address_demo
[ 71%] Built target native_kv_address_demo
[ 71%] Building C object compiler/tests/CMakeFiles/test_address_callback_host.dir/src/test_address_callback_host.c.o
[ 71%] Linking C executable test_address_callback_host
[ 71%] Built target test_address_callback_host
[ 71%] Building C object compiler/tests/CMakeFiles/test_e2_active_context.dir/src/test_e2_active_context.c.o
[ 71%] Linking C executable test_e2_active_context
[ 71%] Built target test_e2_active_context
[ 71%] Building C object compiler/tests/CMakeFiles/test_say_bytes_host.dir/src/test_say_bytes_host.c.o
[ 71%] Linking C executable test_say_bytes_host
[ 71%] Built target test_say_bytes_host
[ 71%] Building C object compiler/tests/CMakeFiles/test_dynamic_load.dir/src/test_dynamic_load.c.o
[ 71%] Linking C executable test_dynamic_load
[ 71%] Built target test_dynamic_load
[ 71%] cREXX compile and assemble native-backed classlib adapter Id ...
[ 71%] cREXX compile and assemble ObjectIterator ...
[ 71%] cREXX compile and assemble native-backed classlib adapter KeyDB ...
[ 71%] cREXX compile and assemble Iterator ...
[ 71%] cREXX compile and assemble ObjectPrintable ...
[ 71%] cREXX compile and assemble native-backed classlib adapter Os ...
[ 71%] Built target rxpa_native_unwind_funcs_static_noopt_artifact
[ 71%] Built target rxpa_native_unwind_funcs_static_opt_artifact
[ 71%] Building C object compiler/tests/CMakeFiles/test_crexxsaa_variables.dir/src/test_crexxsaa_variables.c.o
[ 71%] Building C object compiler/tests/CMakeFiles/test_crexxsaa_arg_lengths.dir/src/test_crexxsaa_arg_lengths.c.o
[ 71%] Linking C executable test_crexxsaa_variables
[ 71%] Linking C executable test_crexxsaa_arg_lengths
[ 71%] Built target test_crexxsaa_arg_lengths
[ 71%] Built target test_crexxsaa_variables
[ 72%] cREXX compile and assemble rxdb_gui ...
[ 72%] Linking C executable test_reentrancy
[ 72%] Built target test_reentrancy
[ 72%] Building C object interpreter/CMakeFiles/module_initializers-rxvml.dir/tests/test_module_initializers.c.o
[ 72%] Linking C executable module_initializers-rxvml
[ 72%] cREXX compile and assemble Printable ...
[ 72%] Built target module_initializers-rxvml
[ 72%] Building C object interpreter/CMakeFiles/module_initializers-rxbvml.dir/tests/test_module_initializers.c.o
[ 72%] Linking C executable module_initializers-rxbvml
[ 72%] Built target module_initializers-rxbvml
[ 72%] Building C object interpreter/CMakeFiles/module_initializers-rxtvml.dir/tests/test_module_initializers.c.o
[ 72%] Building C object interpreter/CMakeFiles/module_initializers-rxtvml.dir/rxvml.c.o
In file included from /Users/adrian/CLionProjects/CREXX/interpreter/rxvml.c:32:
/Users/adrian/CLionProjects/CREXX/interpreter/rxvmvars.h:2899:13: warning: 'sprintf' is deprecated: This function is provided for compatibility reasons only.  Due to security concerns inherent in the design of sprintf(3), it is highly recommended that you use snprintf(3) instead. [-Wdeprecated-declarations]
 2899 |             sprintf(formatted_output, scientific_format, coefficient, exponent);
      |             ^
/Library/Developer/CommandLineTools/SDKs/MacOSX.sdk/usr/include/_stdio.h:278:1: note: 'sprintf' has been explicitly marked deprecated here
  278 | __deprecated_msg("This function is provided for compatibility reasons only.  Due to security concerns inherent in the design of sprintf(3), it is highly recommended that you use snprintf(3) instead.")
      | ^
/Library/Developer/CommandLineTools/SDKs/MacOSX.sdk/usr/include/sys/cdefs.h:227:48: note: expanded from macro '__deprecated_msg'
  227 |         #define __deprecated_msg(_msg) __attribute__((__deprecated__(_msg)))
      |                                                       ^
In file included from /Users/adrian/CLionProjects/CREXX/interpreter/rxvml.c:32:
/Users/adrian/CLionProjects/CREXX/interpreter/rxvmvars.h:3034:5: warning: 'sprintf' is deprecated: This function is provided for compatibility reasons only.  Due to security concerns inherent in the design of sprintf(3), it is highly recommended that you use snprintf(3) instead. [-Wdeprecated-declarations]
 3034 |     sprintf(formatted_output, engineering_format, eng_exp);
      |     ^
/Library/Developer/CommandLineTools/SDKs/MacOSX.sdk/usr/include/_stdio.h:278:1: note: 'sprintf' has been explicitly marked deprecated here
  278 | __deprecated_msg("This function is provided for compatibility reasons only.  Due to security concerns inherent in the design of sprintf(3), it is highly recommended that you use snprintf(3) instead.")
      | ^
/Library/Developer/CommandLineTools/SDKs/MacOSX.sdk/usr/include/sys/cdefs.h:227:48: note: expanded from macro '__deprecated_msg'
  227 |         #define __deprecated_msg(_msg) __attribute__((__deprecated__(_msg)))
      |                                                       ^
2 warnings generated.
[ 72%] Linking C executable module_initializers-rxtvml
[ 72%] Built target module_initializers-rxtvml
[ 72%] Building C object interpreter/CMakeFiles/program_generation_control-rxvml.dir/tests/test_program_generation_control.c.o
[ 72%] Linking C executable program_generation_control-rxvml
[ 72%] Built target program_generation_control-rxvml
[ 72%] Building C object interpreter/CMakeFiles/program_generation_control-rxbvml.dir/tests/test_program_generation_control.c.o
[ 72%] Linking C executable program_generation_control-rxbvml
[ 72%] Built target program_generation_control-rxbvml
[ 72%] Building C object interpreter/CMakeFiles/program_generation_control-rxtvml.dir/tests/test_program_generation_control.c.o
[ 72%] cREXX Linked native-backed Class Library Adapter Image ...
[ 73%] Building C object interpreter/CMakeFiles/program_generation_control-rxtvml.dir/rxvml.c.o
[ 73%] Staging deterministic rxdb GUI metadata ...
In file included from /Users/adrian/CLionProjects/CREXX/interpreter/rxvml.c:32:
/Users/adrian/CLionProjects/CREXX/interpreter/rxvmvars.h:2899:13: warning: 'sprintf' is deprecated: This function is provided for compatibility reasons only.  Due to security concerns inherent in the design of sprintf(3), it is highly recommended that you use snprintf(3) instead. [-Wdeprecated-declarations]
 2899 |             sprintf(formatted_output, scientific_format, coefficient, exponent);
      |             ^
/Library/Developer/CommandLineTools/SDKs/MacOSX.sdk/usr/include/_stdio.h:278:1: note: 'sprintf' has been explicitly marked deprecated here
  278 | __deprecated_msg("This function is provided for compatibility reasons only.  Due to security concerns inherent in the design of sprintf(3), it is highly recommended that you use snprintf(3) instead.")
      | ^
/Library/Developer/CommandLineTools/SDKs/MacOSX.sdk/usr/include/sys/cdefs.h:227:48: note: expanded from macro '__deprecated_msg'
  227 |         #define __deprecated_msg(_msg) __attribute__((__deprecated__(_msg)))
      |                                                       ^
In file included from /Users/adrian/CLionProjects/CREXX/interpreter/rxvml.c:32:
/Users/adrian/CLionProjects/CREXX/interpreter/rxvmvars.h:3034:5: warning: 'sprintf' is deprecated: This function is provided for compatibility reasons only.  Due to security concerns inherent in the design of sprintf(3), it is highly recommended that you use snprintf(3) instead. [-Wdeprecated-declarations]
 3034 |     sprintf(formatted_output, engineering_format, eng_exp);
      |     ^
/Library/Developer/CommandLineTools/SDKs/MacOSX.sdk/usr/include/_stdio.h:278:1: note: 'sprintf' has been explicitly marked deprecated here
  278 | __deprecated_msg("This function is provided for compatibility reasons only.  Due to security concerns inherent in the design of sprintf(3), it is highly recommended that you use snprintf(3) instead.")
      | ^
/Library/Developer/CommandLineTools/SDKs/MacOSX.sdk/usr/include/sys/cdefs.h:227:48: note: expanded from macro '__deprecated_msg'
  227 |         #define __deprecated_msg(_msg) __attribute__((__deprecated__(_msg)))
      |                                                       ^
[ 73%] Built target debugger_gui_imports
[ 73%] Building C object interpreter/CMakeFiles/persistent_worker_executor-rxvml.dir/tests/test_persistent_worker_executor.c.o
[ 74%] cREXX compile and assemble ObjectEquatable ...
[ 74%] Publishing native-backed class library image ...
2 warnings generated.
[ 74%] Linking C executable program_generation_control-rxtvml
[ 74%] Built target classlib_native
[ 74%] Linking C executable persistent_worker_executor-rxvml
[ 74%] Building C object interpreter/CMakeFiles/persistent_worker_executor-rxbvml.dir/tests/test_persistent_worker_executor.c.o
[ 74%] Built target program_generation_control-rxtvml
[ 74%] cREXX compile and assemble ObjectKeyStrategy ...
[ 74%] Built target persistent_worker_executor-rxvml
[ 74%] Linking C executable persistent_worker_executor-rxbvml
[ 74%] Building C object interpreter/CMakeFiles/persistent_worker_executor-rxtvml.dir/tests/test_persistent_worker_executor.c.o
[ 74%] Built target persistent_worker_executor-rxbvml
[ 74%] Building C object interpreter/CMakeFiles/persistent_worker_executor-rxtvml.dir/rxvml.c.o
[ 74%] Built target ts_stem_errors
[ 74%] Built target tlinesz
In file included from /Users/adrian/CLionProjects/CREXX/interpreter/rxvml.c:32:
/Users/adrian/CLionProjects/CREXX/interpreter/rxvmvars.h:2899:13: warning: 'sprintf' is deprecated: This function is provided for compatibility reasons only.  Due to security concerns inherent in the design of sprintf(3), it is highly recommended that you use snprintf(3) instead. [-Wdeprecated-declarations]
 2899 |             sprintf(formatted_output, scientific_format, coefficient, exponent);
      |             ^
/Library/Developer/CommandLineTools/SDKs/MacOSX.sdk/usr/include/_stdio.h:278:1: note: 'sprintf' has been explicitly marked deprecated here
  278 | __deprecated_msg("This function is provided for compatibility reasons only.  Due to security concerns inherent in the design of sprintf(3), it is highly recommended that you use snprintf(3) instead.")
      | ^
/Library/Developer/CommandLineTools/SDKs/MacOSX.sdk/usr/include/sys/cdefs.h:227:48: note: expanded from macro '__deprecated_msg'
  227 |         #define __deprecated_msg(_msg) __attribute__((__deprecated__(_msg)))
      |                                                       ^
In file included from /Users/adrian/CLionProjects/CREXX/interpreter/rxvml.c:32:
/Users/adrian/CLionProjects/CREXX/interpreter/rxvmvars.h:3034:5: warning: 'sprintf' is deprecated: This function is provided for compatibility reasons only.  Due to security concerns inherent in the design of sprintf(3), it is highly recommended that you use snprintf(3) instead. [-Wdeprecated-declarations]
 3034 |     sprintf(formatted_output, engineering_format, eng_exp);
      |     ^
/Library/Developer/CommandLineTools/SDKs/MacOSX.sdk/usr/include/_stdio.h:278:1: note: 'sprintf' has been explicitly marked deprecated here
  278 | __deprecated_msg("This function is provided for compatibility reasons only.  Due to security concerns inherent in the design of sprintf(3), it is highly recommended that you use snprintf(3) instead.")
      | ^
/Library/Developer/CommandLineTools/SDKs/MacOSX.sdk/usr/include/sys/cdefs.h:227:48: note: expanded from macro '__deprecated_msg'
  227 |         #define __deprecated_msg(_msg) __attribute__((__deprecated__(_msg)))
      |                                                       ^
[ 74%] Built target ts_abbrev
[ 74%] Built target ts_abs
[ 74%] Built target ts_typed_numeric
[ 74%] Built target ts_address_protocol
2 warnings generated.
[ 74%] Linking C executable persistent_worker_executor-rxtvml
[ 74%] Built target ts_address
[ 74%] Built target ts_address_crexx
[ 74%] Built target ts_address_capture
[ 74%] Built target ts_address_argv
[ 74%] Built target persistent_worker_executor-rxtvml
[ 74%] Built target ts_address_array_lifecycle
[ 74%] Built target ts_address_spawn_transfer
[ 74%] Built target ts_binary
[ 74%] Built target ts_c2x
[ 74%] Built target ts_center
[ 74%] Built target ts_changestr
[ 74%] Built target ts_compare
[ 74%] Built target ts_countstr
[ 74%] Built target ts_d2x
[ 74%] Built target ts_d2c
[ 74%] cREXX compile and assemble ObjectObjectTreeMapIterator ...
[ 74%] Built target ts_date
[ 74%] Built target ts_date2
[ 74%] Built target ts_date_core
[ 74%] Built target ts_delstr
[ 74%] Built target ts_delword
[ 74%] Built target ts_fileio_binary
[ 74%] Built target ts_fileio_chars
[ 74%] Built target ts_format
[ 74%] Built target ts_fnv
[ 74%] Built target ts_fsayfmt
[ 74%] cREXX compile and assemble ObjectObjectHashMapIterator ...
[ 74%] cREXX compile and assemble TreeMapIterator ...
[ 74%] cREXX compile and assemble ObjectComparator ...
[ 74%] cREXX compile and assemble Map ...
[ 74%] cREXX compile and assemble Bag ...
[ 74%] cREXX compile and assemble Comparator ...
[ 74%] cREXX compile and assemble StringTreeSetIterator ...
[ 74%] cREXX compile and assemble StringHashMapIterator ...
[ 74%] cREXX compile and assemble StringObjectHashMapIterator ...
[ 74%] cREXX compile and assemble StringHashSetIterator ...
[ 74%] cREXX compile and assemble StringLinkedList ...
[ 74%] cREXX compile and assemble ObjectLinkedList ...
[ 74%] cREXX compile and assemble Rexx ...
[ 74%] cREXX compile and assemble StringStack ...
[ 74%] cREXX compile and assemble ObjectStack ...
[ 74%] cREXX compile and assemble StringTreeMapIterator ...
[ 74%] cREXX compile and assemble StringObjectTreeMapIterator ...
[ 74%] cREXX compile and assemble Qfind ...
[ 74%] cREXX compile and assemble Scanlex ...
[ 74%] cREXX compile and assemble Concurrency ...
[ 74%] cREXX compile and assemble DateTime ...
[ 74%] cREXX compile and assemble OffsetDateTime ...
[ 74%] Built target ts_insert
[ 74%] Built target ts_left
[ 74%] Built target ts_length
[ 74%] Built target ts_lower
[ 74%] Built target ts_min_max
[ 74%] Built target ts_overlay
[ 74%] Built target ts_pos
[ 74%] Built target ts_qpos
[ 74%] Built target ts_qlibrary
[ 74%] Built target ts_random
[ 74%] Built target ts_reverse
[ 74%] Built target ts_regex
[ 74%] Built target ts_right
[ 74%] Built target ts_sign
[ 74%] Built target ts_space
[ 74%] cREXX compile and assemble StringIterable ...
[ 74%] Built target ts_strip
[ 74%] cREXX compile and assemble ObjectIterable ...
[ 74%] Built target ts_symbol
[ 74%] Built target ts_test
[ 74%] Built target ts_time
[ 74%] Built target ts_trace
[ 74%] Built target ts_translate
[ 74%] Built target ts_trunc
[ 74%] Built target ts_upper
[ 74%] Built target ts_upper_lower
[ 74%] Built target ts_version
[ 74%] Built target ts_sourceinfo
[ 74%] Built target ts_value
[ 74%] cREXX compile and assemble Iterable ...
[ 74%] cREXX compile and assemble ObjectObjectTreeMap ...
[ 74%] cREXX compile and assemble ObjectObjectHashMap ...
[ 74%] cREXX compile and assemble ArrayBagIterator ...
[ 74%] cREXX compile and assemble TreeMap ...
[ 74%] cREXX compile and assemble RexxComparator ...
[ 74%] cREXX compile and assemble StringTreeSet ...
[ 74%] cREXX compile and assemble StringHashSet ...
[ 74%] cREXX compile and assemble ISO8601 ...
[ 74%] Built target ts_verify
[ 74%] Built target ts_wordlength
[ 74%] Built target ts_wordpos
[ 74%] Built target ts_wrdix
[ 74%] Built target ts_x2b
[ 74%] Built target ts_x2c
[ 74%] Built target ts_x2d
[ 74%] Built target tscopies
[ 74%] Built target tslastpos
[ 74%] Built target tsubstr
[ 74%] Built target tsword
[ 74%] Built target ts_words
[ 74%] Built target ts_reradix
[ 74%] Built target ts_sequence
[ 74%] Built target ts_find
[ 74%] Built target ts_index
[ 74%] Built target ts_parse
[ 74%] Built target ts_datatype
[ 74%] Built target ts_numeric
[ 74%] Built target ts_splice
[ 74%] Built target ts_arraydelete
[ 74%] cREXX compile and assemble StringArrayList ...
[ 74%] Built target ts_arraydelete_focused
[ 74%] Built target ts_arrayappend
[ 74%] Built target ts_arraycontains
[ 74%] Built target ts_arraycopy
[ 74%] Built target ts_arraydrop
[ 74%] Built target ts_arrayfind
[ 74%] Built target ts_arrayget
[ 74%] Built target ts_arrayhi
[ 74%] Built target ts_arrayindexof
[ 74%] Built target ts_arrayinsert
[ 74%] Built target ts_arrayjoin
[ 74%] Built target ts_arraymove
[ 74%] Built target ts_arraypop
[ 74%] Built target ts_arrayprepend
[ 74%] cREXX compile and assemble ObjectArrayList ...
[ 74%] Built target ts_arrayreverse
[ 74%] Built target ts_arrayset
[ 74%] Built target ts_arrayshift
[ 74%] Built target ts_arraysort
[ 74%] Built target ts_b2d
[ 74%] Built target ts_b2x
[ 74%] Built target ts_c2d
[ 74%] Built target ts_centre
[ 74%] Built target ts_d2b
[ 74%] Built target ts_ftrunc
[ 74%] Built target ts_getenv
[ 74%] Built target ts_itrunc
[ 74%] Built target ts_loadmodule
[ 74%] Built target ts_max
[ 74%] Built target ts_min
[ 74%] Built target ts_objectarrayappend
[ 74%] Built target ts_objectarraydelete
[ 74%] Built target ts_objectarraydrop
[ 74%] Built target ts_objectarrayinsert
[ 74%] cREXX compile and assemble ArrayList ...
[ 74%] cREXX compile and assemble ArrayBag ...
[ 74%] cREXX compile and assemble StringHashMap ...
[ 75%] cREXX compile and assemble StringObjectHashMap ...
[ 75%] cREXX compile and assemble StringTreeMap ...
[ 75%] cREXX compile and assemble StringOldTreeMap ...
[ 75%] cREXX compile and assemble StringObjectTreeMap ...
[ 75%] Built target ts_objectarraymove
[ 75%] Built target ts_objectarrayprepend
[ 75%] Built target ts_qwordlength
[ 75%] Built target ts_raise
[ 75%] Built target ts_rxsystem
[ 75%] Built target ts_rxsystem_exit
[ 75%] Built target ts_rxqueue
[ 75%] Built target ts_signal
[ 75%] Built target ts_substro
[ 75%] Built target ts_subword
[ 75%] Built target ts_xrange
[ 75%] Built target ts_objectarray
[ 75%] Built target ts_stem
[ 75%] Built target ts_rxjson
[ 75%] Built target ts_rxjson_document
[ 75%] Built target ts_rxjson_numeric_projection
[ 75%] Built target ts_rxjson_noisy_contract
[ 75%] Built target ts_rxsocket
[ 75%] Built target ts_socket_tls_live
[ 75%] Built target ts_afterword
[ 75%] Built target ts_arraysort_errors
[ 75%] Generating test1_noopt.rxbin
[ 75%] cREXX compile and assemble StringArrayListIterator ...
[ 75%] cREXX compile and assemble ObjectArrayListIterator ...
[ 75%] cREXX compile and assemble ArrayListIterator ...
[ 75%] Generating test1_opt.rxbin
[ 75%] Built target test1_noopt_artifact
[ 75%] Built target we
[ 75%] Built target ts_tinyexpr
[ 75%] Built target arrays_test
[ 75%] Generating rxfloat_rxtvm_opt.rxbin
[ 75%] Generating rxfloat_rxbvm_noopt.rxbin
[ 75%] cREXX Linked Class Library Image ...
[ 75%] Publishing consolidated class library image ...
[ 75%] Built target classlib
[ 75%] Generating rxfloat_rxbvm_opt.rxbin
[ 75%] Built target test1_opt_artifact
[ 75%] Generating rxfloat_rxtvm_noopt.rxbin
[ 75%] Built target rxfloat_rxbvm_noopt_artifact
[ 75%] Built target stack_test
[ 75%] Built target cipher_test
[ 75%] Built target rx_hash_test
[ 76%] Staging deterministic rxsqlite ADDRESS imports ...
[ 76%] Built target rxsqlite_address_imports
[ 76%] Built target strings_test
[ 76%] Built target getpi_test
[ 76%] Built target keyaccess_test
[ 76%] Built target llist_test
[ 76%] Built target rxid_test
[ 76%] Built target rxfs_test
[ 76%] Built target rxconsole_test_artifacts
[ 76%] Built target rxplatform_test
[ 76%] Built target tcp_test
[ 76%] cREXX compile and assemble veclib ...
[ 76%] Built target rxfloat_rxtvm_noopt_artifact
[ 76%] Generating testChannelRequestRelease_rxtvm_opt.rxbin
[ 76%] Built target rxfloat_rxtvm_opt_artifact
[ 76%] Generating testChannelRequestRelease_rxbvm_noopt.rxbin
[ 76%] Built target veclib
[ 76%] Generating testChannelRequestRelease_rxbvm_opt.rxbin
[ 76%] Built target rxfloat_rxbvm_opt_artifact
[ 76%] Generating testChannelRequestRelease_rxtvm_noopt.rxbin
[ 76%] Built target testChannelRequestRelease_rxtvm_opt_artifact
[ 76%] Built target testChannelRequestRelease_rxbvm_noopt_artifact
[ 76%] Generating testrexx0_opt.rxbin
[ 76%] Generating testrexx0_noopt.rxbin
[ 76%] Built target testChannelRequestRelease_rxbvm_opt_artifact
[ 76%] Generating testrexx_opt.rxbin
[ 76%] Built target testChannelRequestRelease_rxtvm_noopt_artifact
[ 76%] Generating testrexx_noopt.rxbin
[ 76%] Built target testrexx0_noopt_artifact
[ 76%] Generating testStringArrayList_opt.rxbin
[ 76%] Built target testrexx_noopt_artifact
[ 76%] Generating testStringArrayList_noopt.rxbin
[ 76%] Built target testStringArrayList_opt_artifact
[ 76%] Generating testStringHashMap_opt.rxbin
[ 76%] Built target testStringArrayList_noopt_artifact
[ 76%] Generating testStringHashMap_noopt.rxbin
[ 76%] Built target testStringHashMap_opt_artifact
[ 76%] Generating testStringHashSet_opt.rxbin
[ 76%] Built target testStringHashMap_noopt_artifact
[ 76%] Generating testStringHashSet_noopt.rxbin
[ 76%] Built target testStringHashSet_opt_artifact
[ 76%] Generating testStringLinkedList_opt.rxbin
[ 76%] Built target testStringHashSet_noopt_artifact
[ 76%] Generating testStringLinkedList_noopt.rxbin
[ 76%] Built target testStringLinkedList_noopt_artifact
[ 77%] Generating testStringTreeMap_opt.rxbin
[ 77%] Built target testStringLinkedList_opt_artifact
[ 77%] Generating testStringTreeMap_noopt.rxbin
[ 77%] Built target testrexx_opt_artifact
[ 77%] Generating testStringTreeSet_opt.rxbin
[ 77%] Built target testStringTreeMap_noopt_artifact
[ 77%] Generating testStringTreeSet_noopt.rxbin
[ 77%] Built target testStringTreeMap_opt_artifact
[ 77%] Generating testStringStack_opt.rxbin
[ 77%] Built target testStringTreeSet_noopt_artifact
[ 77%] Generating testStringStack_noopt.rxbin
[ 77%] Built target testStringStack_opt_artifact
[ 77%] Generating testObjectCollections_opt.rxbin
[ 77%] Built target testStringStack_noopt_artifact
[ 77%] Generating testObjectCollections_noopt.rxbin
[ 77%] Built target testStringTreeSet_opt_artifact
[ 77%] Generating testStringObjectMaps_opt.rxbin
[ 77%] Built target testObjectCollections_noopt_artifact
[ 77%] Generating testStringObjectMaps_noopt.rxbin
[ 77%] Built target testObjectCollections_opt_artifact
[ 77%] Generating testObjectObjectTreeMap_opt.rxbin
[ 77%] Built target testStringObjectMaps_noopt_artifact
[ 77%] Generating testObjectObjectTreeMap_noopt.rxbin
[ 77%] Built target testObjectObjectTreeMap_opt_artifact
[ 77%] Generating testObjectObjectHashMap_opt.rxbin
[ 77%] Built target testObjectObjectTreeMap_noopt_artifact
[ 77%] Generating testObjectObjectHashMap_noopt.rxbin
[ 77%] Built target testObjectObjectHashMap_opt_artifact
[ 77%] Generating testObjectEquality_opt.rxbin
[ 77%] Built target testObjectObjectHashMap_noopt_artifact
[ 77%] Generating testObjectEquality_noopt.rxbin
[ 77%] Built target testObjectEquality_opt_artifact
[ 77%] Generating testTreeMap_opt.rxbin
[ 77%] Built target testObjectEquality_noopt_artifact
[ 77%] Generating testTreeMap_noopt.rxbin
[ 77%] Built target testTreeMap_noopt_artifact
[ 77%] Generating testRexxComparator_opt.rxbin
[ 77%] Built target testTreeMap_opt_artifact
[ 77%] Generating testRexxComparator_noopt.rxbin
[ 77%] Built target testRexxComparator_opt_artifact
[ 77%] Generating testQfind_opt.rxbin
[ 77%] Built target testRexxComparator_noopt_artifact
[ 77%] Generating testQfind_noopt.rxbin
[ 77%] Built target testQfind_opt_artifact
[ 77%] Generating testTokenise_opt.rxbin
[ 77%] Built target testQfind_noopt_artifact
[ 77%] Generating testTokenise_noopt.rxbin
[ 77%] Built target testTokenise_noopt_artifact
[ 77%] Generating testJSON_opt.rxbin
[ 77%] Built target testTokenise_opt_artifact
[ 77%] Generating testJSON_noopt.rxbin
[ 77%] Built target testJSON_opt_artifact
[ 77%] Generating testConcurrency_opt.rxbin
[ 77%] Built target testJSON_noopt_artifact
[ 77%] Generating testConcurrency_noopt.rxbin
[ 77%] Built target testStringObjectMaps_opt_artifact
[ 77%] Generating testDateTime_opt.rxbin
[ 77%] Built target testConcurrency_noopt_artifact
[ 77%] Generating testDateTime_noopt.rxbin
[ 77%] Built target testDateTime_noopt_artifact
[ 77%] Generating testid_opt.rxbin
[ 77%] Built target testDateTime_opt_artifact
[ 77%] Generating testid_noopt.rxbin
[ 77%] Built target testConcurrency_opt_artifact
[ 77%] Generating docs_concurrency_taskwork_rxtvm_opt.rxbin
[ 77%] Built target testid_opt_artifact
[ 77%] Generating docs_concurrency_basic_rxbvm_noopt.rxbin
[ 77%] Built target testid_noopt_artifact
[ 77%] Generating docs_concurrency_basic_rxbvm_opt.rxbin
[ 77%] Built target docs_concurrency_taskwork_rxtvm_opt_artifact
[ 77%] Generating docs_concurrency_basic_rxtvm_noopt.rxbin
[ 77%] Built target docs_concurrency_basic_rxbvm_noopt_artifact
[ 77%] Generating docs_concurrency_basic_rxtvm_opt.rxbin
[ 77%] Built target docs_concurrency_basic_rxbvm_opt_artifact
[ 77%] Generating docs_concurrency_providers_rxbvm_noopt.rxbin
[ 77%] Built target docs_concurrency_basic_rxtvm_noopt_artifact
[ 77%] Generating docs_concurrency_providers_rxbvm_opt.rxbin
[ 77%] Built target docs_concurrency_basic_rxtvm_opt_artifact
[ 77%] Generating docs_concurrency_providers_rxtvm_noopt.rxbin
[ 77%] Built target docs_concurrency_providers_rxbvm_noopt_artifact
[ 77%] Generating docs_concurrency_providers_rxtvm_opt.rxbin
[ 77%] Built target docs_concurrency_providers_rxbvm_opt_artifact
[ 77%] Generating docs_concurrency_transferable_objects_rxbvm_noopt.rxbin
[ 77%] Built target docs_concurrency_providers_rxtvm_noopt_artifact
[ 77%] Generating docs_concurrency_transferable_objects_rxbvm_opt.rxbin
[ 77%] Built target docs_concurrency_providers_rxtvm_opt_artifact
[ 77%] Generating docs_concurrency_transferable_objects_rxtvm_noopt.rxbin
[ 77%] Built target docs_concurrency_transferable_objects_rxbvm_noopt_artifact
[ 77%] Generating docs_concurrency_transferable_objects_rxtvm_opt.rxbin
[ 77%] Built target docs_concurrency_transferable_objects_rxbvm_opt_artifact
[ 77%] Generating docs_concurrency_taskwork_rxbvm_noopt.rxbin
[ 77%] Built target docs_concurrency_transferable_objects_rxtvm_noopt_artifact
[ 78%] Generating docs_concurrency_taskwork_rxbvm_opt.rxbin
[ 78%] Built target docs_concurrency_transferable_objects_rxtvm_opt_artifact
[ 78%] Generating docs_concurrency_taskwork_rxtvm_noopt.rxbin
[ 78%] Built target docs_concurrency_taskwork_rxbvm_noopt_artifact
[ 78%] Generating testTaskContextEndpoint_rxtvm_opt.rxbin
[ 78%] Built target docs_concurrency_taskwork_rxbvm_opt_artifact
[ 78%] Generating testTaskContextEndpoint_rxbvm_noopt.rxbin
[ 78%] Built target docs_concurrency_taskwork_rxtvm_noopt_artifact
[ 78%] Generating testTaskContextEndpoint_rxbvm_opt.rxbin
[ 78%] Built target testTaskContextEndpoint_rxtvm_opt_artifact
[ 78%] Generating testTaskContextEndpoint_rxtvm_noopt.rxbin
[ 78%] Built target testTaskContextEndpoint_rxbvm_noopt_artifact
[ 78%] Generating testChannelRequestWait_rxtvm_opt.rxbin
[ 78%] Built target testTaskContextEndpoint_rxbvm_opt_artifact
[ 78%] Generating testChannelRequestWait_rxbvm_noopt.rxbin
[ 78%] Built target testTaskContextEndpoint_rxtvm_noopt_artifact
[ 78%] Generating testChannelRequestWait_rxbvm_opt.rxbin
[ 78%] Built target testChannelRequestWait_rxtvm_opt_artifact
[ 78%] Generating testChannelRequestWait_rxtvm_noopt.rxbin
[ 78%] Built target testChannelRequestWait_rxbvm_noopt_artifact
[ 78%] Generating UI contract v0 bindings and schema
[ 78%] Generating ../../bin/ui_catalog.rxbin
[ 78%] Built target testChannelRequestWait_rxbvm_opt_artifact
[ 78%] Built target ascommon
[ 78%] Generating asutf_noopt.rxbin
[ 78%] Built target testChannelRequestWait_rxtvm_noopt_artifact
[ 78%] Generating asutf_opt.rxbin
[ 78%] Built target asutf_noopt_artifact
[ 78%] Built target concatenation_artifact
[ 78%] Built target language_benchmarks
[ 78%] Built target asutf_opt_artifact
[ 78%] Generating cri17_attached_provider_noopt.rxbin
[ 78%] Generating cri17_attached_provider_opt.rxbin
[ 78%] Built target ui_catalog
[ 78%] Built target rcc_provider_autoload_test
[ 78%] Built target rxpa_callmethod_run
[ 78%] Built target rxpa_dynlink_run
[ 78%] Built target rxpa_staticlink_run
[ 78%] Built target rxpa_callmethod_static_run
[ 78%] Built target rxpa_signal_funcs_dynamic
[ 78%] Built target rxpa_signal_funcs_static
[ 78%] Built target rxpa_string_funcs_dynamic
[ 78%] Built target rxpa_string_funcs_static
[ 78%] Built target rxpa_int_funcs_dynamic
[ 78%] Built target rxpa_int_funcs_static
[ 78%] Built target rxpa_float_funcs_dynamic
[ 78%] Built target rxpa_float_funcs_static
[ 78%] Built target rxpa_array_push_funcs_dynamic
[ 78%] Built target rxpa_array_push_funcs_static
[ 78%] Built target rxpa_native_payload_funcs_dynamic
[ 78%] Built target rxpa_native_payload_funcs_static
[ 78%] Built target rxpa_native_unwind_funcs_dynamic
[ 78%] Built target rxpa_native_unwind_funcs_static
[ 78%] Built target rxpa_mult_test
[ 78%] Staging exact imports for the Level B Level G builder ...
[ 78%] Built target stage_g_builder_imports
[ 78%] Staging immutable rxfnsc compiler imports ...
[ 78%] Built target rxfnsc_imports
[ 78%] Compiling test_address_parallel_spawn.crexx with exit (noopt)
[ 78%] Compiling test_address_parallel_spawn.crexx with exit (opt)
[ 78%] Built target test_address_parallel_spawn_bin
[ 78%] cREXX compile, assemble, link and package rxdb ...
[ 78%] Built target cri17_attached_provider_noopt_artifact
[ 78%] Generating crexxbrexx_opt.rxbin
[ 78%] Built target cri17_attached_provider_opt_artifact
[ 78%] Generating crexxbrexx_noopt.rxbin
[ 78%] Building C object debugger/CMakeFiles/rxdb.dir/rxdb.c.o
[ 78%] Linking C executable ../bin/rxdb
[ 78%] Built target rxdb
[ 78%] Built target test1
[ 78%] Built target testrxfnsl
[ 78%] Built target rxfloat_test
[ 78%] Building the rxsqlite Level-G ADDRESS facade ...
[ 78%] Built target crexxbrexx_opt_artifact
[ 78%] Built target testChannelRequestRelease
[ 78%] Built target testrexx
[ 78%] Built target testStringArrayList
[ 78%] Built target testStringHashMap
[ 78%] Built target testStringHashSet
[ 78%] Built target crexxbrexx_noopt_artifact
[ 78%] Built target testStringLinkedList
[ 78%] Built target testStringTreeMap
[ 78%] Built target testStringStack
[ 78%] Built target testStringTreeSet
[ 78%] Built target testStringObjectMaps
[ 78%] Built target testObjectCollections
[ 78%] Built target testObjectObjectHashMap
[ 78%] Built target testObjectObjectTreeMap
[ 78%] Built target testTreeMap
[ 78%] Built target testObjectEquality
[ 78%] Built target testQfind
[ 78%] Built target testRexxComparator
[ 78%] Built target testJSON
[ 78%] Built target testTokenise
[ 78%] Built target testDateTime
[ 78%] Built target testConcurrency
[ 78%] Built target testid
[ 80%] Generating testKeyDB_opt.rxbin
[ 80%] Generating testKeyDB_noopt.rxbin
[ 80%] Built target testKeyDB_noopt_artifact
[ 80%] Built target concurrency_doc_examples
[ 80%] Built target testTaskContextEndpoint
[ 80%] Built target testChannelRequestWait
[ 80%] Generating ../../bin/ui_contract.rxbin
[ 80%] Built target rxsqlite_address
[ 80%] Built target asutf
[ 80%] Generating basic_noopt.rxbin
[ 80%] Built target testKeyDB_opt_artifact
[ 80%] Generating basic_opt.rxbin
[ 80%] Built target basic_noopt_artifact
[ 80%] Built target cri17_attached_provider_test
[ 80%] Building C object tests/rxpa/CMakeFiles/cri17_attached_provider_control-rxvml.dir/cri17_attached_provider_control.c.o
[ 80%] Linking C executable ../cri17_attached_provider_control-rxvml
[ 80%] Built target cri17_attached_provider_control-rxvml
[ 80%] Building C object tests/rxpa/CMakeFiles/cri17_attached_provider_control-rxbvml.dir/cri17_attached_provider_control.c.o
[ 80%] Linking C executable ../cri17_attached_provider_control-rxbvml
[ 80%] Built target cri17_attached_provider_control-rxbvml
[ 80%] Bootstrapping the Level B Level G builder ...
[ 80%] Built target basic_opt_artifact
[ 80%] cREXX compile and assemble rxfnsc runtime RexxValue ...
[ 80%] Built target ui_contract
[ 80%] Built target crexxbrexx
[ 80%] Generating rxsqlite_address_opt.rxbin
[ 80%] cREXX compile and assemble rxfnsc runtime RexxStem ...
[ 80%] cREXX compile and assemble rxfnsc runtime RexxClassicConfig ...
[ 80%] Built target rxsqlite_address_opt_artifact
[ 80%] Generating rxsqlite_attached_noopt.rxbin
[ 80%] cREXX compile and assemble rxfnsc runtime RexxClassicDatatype ...
[ 80%] Built target rxsqlite_attached_noopt_artifact
[ 80%] Generating rxsqlite_attached_opt.rxbin
[ 80%] cREXX compile and assemble rxfnsc runtime RexxClassicCharacterScan ...
[ 80%] Built target rxsqlite_attached_opt_artifact
[ 80%] Generating rxsqlite_address_noopt.rxbin
[ 80%] cREXX compile and assemble rxfnsc runtime RexxClassicCharacterOps ...
[ 80%] Built target rxsqlite_address_noopt_artifact
[ 80%] Built target testKeyDB
[ 80%] Generating testOS_opt.rxbin
[ 80%] cREXX compile and assemble rxfnsc runtime RexxClassicEncoding ...
[ 80%] cREXX compile and assemble rxfnsc runtime RexxClassicState ...
[ 80%] Built target testOS_opt_artifact
[ 80%] Generating testOS_noopt.rxbin
[ 80%] cREXX compile and assemble rxfnsc runtime RexxClassicAddress ...
[ 80%] Built target testOS_noopt_artifact
[ 80%] Generating ../../bin/ui_local_resources.rxbin
[ 80%] Building Level G and Unicode with the Level B builder ...
[ 80%] cREXX compile and assemble rxfnsc runtime RexxVariablePool ...
[ 80%] Built target ui_local_resources
[ 80%] Generating ../../bin/ui_dialogs.rxbin
WAVE: G1 independent base members jobs=5
START: G member httpcore
START: G member integer
START: G member decimal
START: G member httpcodec
START: G member packednumeric
[ 80%] cREXX compile and assemble rxfnsc runtime RexxActivationArguments ...
[ 80%] Built target ui_dialogs
[ 80%] cREXX compile and assemble rxfnsc runtime RexxClassicConditionEvent ...
BUILT: G member integer
BUILT: G member decimal
BUILT: G member packednumeric
BUILT: G member httpcodec
[ 80%] cREXX compile and assemble rxfnsc runtime RexxClassicDiagnosticCatalog ...
Warning in RexxActivationArguments.crexx @ 275:8 - #SHADOWING: Symbol shadows an earlier declaration., "index"
Warning in RexxActivationArguments.crexx @ 276:46 - #SHADOWING: Symbol shadows an earlier declaration., "index"
2 warning(s) in source file
[ 80%] cREXX compile and assemble rxfnsc runtime RexxDoState ...
[ 80%] cREXX compile and assemble rxfnsc runtime RexxClassicBifs ...
BUILT: G member httpcore
WAVE: G2 public HTTP jobs=1
START: G member http
[ 80%] cREXX compile and assemble rxfnsc runtime RexxClassicBitFunctions ...
[ 80%] cREXX compile and assemble rxfnsc runtime RexxClassicBifAbbrev ...
[ 80%] cREXX compile and assemble rxfnsc runtime RexxClassicBifAbs ...
[ 80%] cREXX compile and assemble rxfnsc runtime RexxClassicBifAddress ...
BUILT: G member http
WAVE: G3 HTTP consumers jobs=2
[ 80%] cREXX compile and assemble rxfnsc runtime RexxClassicBifArg ...
START: G member httpserver
START: G member llm
[ 80%] Generating ../../bin/ui_terminal_view.rxbin
BUILT: G member httpserver
[ 80%] cREXX compile and assemble rxfnsc runtime RexxClassicBifCondition ...
[ 80%] Built target ui_terminal_view
[ 80%] Generating ui_driver_probe.rxbin
BUILT: G member llm
WAVE: U1 independent table tools jobs=6
START: G member unicode_normprops
START: G member casefold_table
START: G member level_l_gennorm2
START: G member encoding_table
START: G member case_mapping_table
START: G member grapheme_table
[ 80%] Built target ui_driver_probe
[ 80%] Generating ui_standard_dialogs_noopt.rxbin
BUILT: G member level_l_gennorm2
BUILT: G member case_mapping_table
BUILT: G member grapheme_table
BUILT: G member encoding_table
BUILT: G member unicode_normprops
[ 81%] cREXX compile and assemble rxfnsc runtime RexxClassicBifB2x ...
BUILT: G member casefold_table
[ 81%] Built target ui_standard_dialogs_noopt_artifact
[ 81%] Generating ui_standard_dialogs_opt.rxbin
WAVE: U2 dependent generators jobs=5
START: G member generate_casefold
START: G member unicode_gennorm2
START: G member generate_case_mapping
START: G member generate_grapheme
START: G member generate_encoding
[ 81%] Built target ui_standard_dialogs_opt_artifact
[ 81%] Generating ui_contract_v0_noopt.rxbin
[ 81%] cREXX compile and assemble rxfnsc runtime RexxClassicBifBitand ...
BUILT: G member generate_casefold
BUILT: G member generate_case_mapping
BUILT: G member generate_grapheme
BUILT: G member generate_encoding
[ 81%] cREXX compile and assemble rxfnsc runtime RexxClassicBifBitor ...
[ 81%] Built target ui_contract_v0_noopt_artifact
[ 82%] Generating ui_contract_v0_opt.rxbin
[ 82%] cREXX compile and assemble rxfnsc runtime RexxClassicBifBitxor ...
BUILT: G member unicode_gennorm2
WAVE: U3 normalization data tool jobs=1
START: G member unicode_data
[ 82%] cREXX compile and assemble rxfnsc runtime RexxClassicBifC2d ...
BUILT: G member unicode_data
WAVE: U4 prepared normalization table jobs=1
START: G member unicode_d
[ 82%] cREXX compile and assemble rxfnsc runtime RexxClassicBifC2x ...
[ 82%] cREXX compile and assemble rxfnsc runtime RexxClassicBifCenter ...
[ 82%] cREXX compile and assemble rxfnsc runtime RexxClassicBifChangestr ...
BUILT: G member unicode_d
WAVE: U5 normalization generator jobs=1
START: G member generate_normalization
[ 82%] cREXX compile and assemble rxfnsc runtime RexxClassicBifCompare ...
[ 82%] Built target ui_contract_v0_opt_artifact
[ 82%] cREXX compile and assemble rxfnsc runtime RexxClassicBifCopies ...
BUILT: G member generate_normalization
SKIP: link encoding generator
SKIP: link case-fold generator
SKIP: link case-mapping generator
SKIP: link grapheme generator
SKIP: link normalization generator
[ 82%] cREXX compile and assemble rxfnsc runtime RexxClassicBifCountstr ...
[ 82%] cREXX compile and assemble rxfnsc runtime RexxClassicBifD2x ...
WAVE: U7 generate runtime sources jobs=5
START: generate encoding source
START: generate case-fold source
START: generate case-mapping source
START: generate normalization source
START: generate grapheme source
BUILT: generate encoding source
[ 82%] cREXX compile and assemble rxfnsc runtime RexxClassicBifD2c ...
BUILT: generate grapheme source
[ 82%] cREXX compile and assemble rxfnsc runtime RexxClassicBifDate ...
BUILT: generate case-fold source
[ 82%] Built target basic
[ 82%] Generating levelbfunc_noopt.rxbin
[ 82%] cREXX compile and assemble rxfnsc runtime RexxClassicBifDatatype ...
[ 82%] Built target levelbfunc_noopt_artifact
[ 82%] Generating levelbfunc_opt.rxbin
BUILT: generate case-mapping source
[ 82%] cREXX compile and assemble rxfnsc runtime RexxClassicBifDelstr ...
[ 82%] Built target levelbfunc_opt_artifact
[ 82%] cREXX compile and assemble rxfnsc runtime RexxClassicBifDelword ...
[ 82%] cREXX compile and assemble rxfnsc runtime RexxClassicBifErrortext ...
[ 82%] cREXX compile and assemble rxfnsc runtime RexxClassicBifFormat ...
BUILT: generate normalization source
[ 82%] cREXX compile and assemble rxfnsc runtime RexxClassicBifInsert ...
[ 82%] cREXX compile and assemble rxfnsc runtime RexxClassicBifLastpos ...
WAVE: U8 private Unicode runtimes jobs=5
START: G member unicode_codec
START: G member unicode_casefold
START: G member unicode_grapheme
START: G member unicode_normalization
START: G member unicode_case_mapping
[ 82%] cREXX compile and assemble rxfnsc runtime RexxClassicBifLeft ...
BUILT: G member unicode_casefold
BUILT: G member unicode_codec
BUILT: G member unicode_case_mapping
BUILT: G member unicode_grapheme
[ 82%] cREXX compile and assemble rxfnsc runtime RexxClassicBifLength ...
[ 82%] cREXX compile and assemble rxfnsc runtime RexxClassicBifMax ...
[ 82%] cREXX compile and assemble rxfnsc runtime RexxClassicBifMin ...
[ 82%] cREXX compile and assemble rxfnsc runtime RexxClassicBifNumeric ...
[ 83%] cREXX compile and assemble rxfnsc runtime RexxClassicBifOverlay ...
[ 83%] cREXX compile and assemble rxfnsc runtime RexxClassicBifPos ...
[ 83%] cREXX compile and assemble rxfnsc runtime RexxClassicBifQueued ...
BUILT: G member unicode_normalization
[ 83%] cREXX compile and assemble rxfnsc runtime RexxClassicBifRandom ...
WAVE: U9 public Unicode facade jobs=1
START: G member unicode
[ 83%] cREXX compile and assemble rxfnsc runtime RexxClassicBifReverse ...
BUILT: G member unicode
SKIP: Level G link
SKIP: Level G publish
[ 83%] Built target rxfnsg
[ 83%] Built target testperfbifs
[ 83%] Generating rxstats_rxtvm_opt.rxbin
[ 83%] cREXX compile and assemble rxfnsc runtime RexxClassicBifRight ...
[ 83%] cREXX compile and assemble rxfnsc runtime RexxClassicBifSign ...
[ 83%] Built target testrexx0_opt_artifact
[ 83%] Generating rxstats_rxbvm_noopt.rxbin
[ 83%] Built target rxstats_rxtvm_opt_artifact
[ 83%] Generating rxstats_rxbvm_opt.rxbin
[ 83%] cREXX compile and assemble rxfnsc runtime RexxClassicBifSourceline ...
[ 83%] Built target rxstats_rxbvm_noopt_artifact
[ 83%] Generating rxstats_rxtvm_noopt.rxbin
[ 83%] cREXX compile and assemble rxfnsc runtime RexxClassicBifSpace ...
[ 83%] Built target rxstats_rxbvm_opt_artifact
[ 83%] Generating rxvector_index_rxtvm_opt.rxbin
[ 83%] Built target rxstats_rxtvm_noopt_artifact
[ 83%] Generating rxvector_rxbvm_noopt.rxbin
Warning in rxvector_index_test.crexx @ 4:8 - #UNUSED_IMPORT: Import is recognised but not used., "rxfnsb"
Warning in rxvector_index_test.crexx @ 28:6 - #NOT_IN_SAME_SCOPE: Implicit use creates a separate binding; the earlier same-named binding is at line 25, column 6. Declare this binding explicitly if intentional., "n"
Warning in rxvector_index_test.crexx @ 45:5 - #NOT_IN_SAME_SCOPE: Implicit use creates a separate binding; the earlier same-named binding is at line 37, column 5. Declare this binding explicitly if intentional., "ignored"
3 warning(s) in source file
[ 83%] cREXX compile and assemble rxfnsc runtime RexxClassicBifStrip ...
[ 83%] Built target rxvector_index_rxtvm_opt_artifact
[ 83%] Generating rxvector_rxbvm_opt.rxbin
[ 83%] Built target rxvector_rxbvm_noopt_artifact
[ 83%] Generating rxvector_index_rxbvm_noopt.rxbin
[ 83%] cREXX compile and assemble rxfnsc runtime RexxClassicBifSubstr ...
Warning in rxvector_index_test.crexx @ 4:8 - #UNUSED_IMPORT: Import is recognised but not used., "rxfnsb"
Warning in rxvector_index_test.crexx @ 28:6 - #NOT_IN_SAME_SCOPE: Implicit use creates a separate binding; the earlier same-named binding is at line 25, column 6. Declare this binding explicitly if intentional., "n"
Warning in rxvector_index_test.crexx @ 45:5 - #NOT_IN_SAME_SCOPE: Implicit use creates a separate binding; the earlier same-named binding is at line 37, column 5. Declare this binding explicitly if intentional., "ignored"
3 warning(s) in source file
[ 83%] Built target rxvector_index_rxbvm_noopt_artifact
[ 83%] Generating rxvector_index_rxbvm_opt.rxbin
[ 83%] Built target rxvector_rxbvm_opt_artifact
[ 83%] Generating rxvector_rxtvm_noopt.rxbin
[ 83%] cREXX compile and assemble rxfnsc runtime RexxClassicBifSubword ...
Warning in rxvector_index_test.crexx @ 4:8 - #UNUSED_IMPORT: Import is recognised but not used., "rxfnsb"
Warning in rxvector_index_test.crexx @ 28:6 - #NOT_IN_SAME_SCOPE: Implicit use creates a separate binding; the earlier same-named binding is at line 25, column 6. Declare this binding explicitly if intentional., "n"
Warning in rxvector_index_test.crexx @ 45:5 - #NOT_IN_SAME_SCOPE: Implicit use creates a separate binding; the earlier same-named binding is at line 37, column 5. Declare this binding explicitly if intentional., "ignored"
3 warning(s) in source file
[ 83%] Built target rxvector_index_rxbvm_opt_artifact
[ 84%] Generating rxvector_rxtvm_opt.rxbin
[ 84%] cREXX compile and assemble rxfnsc runtime RexxClassicBifSymbol ...
[ 84%] Built target rxvector_rxtvm_noopt_artifact
[ 84%] Generating rxvector_index_rxtvm_noopt.rxbin
Warning in rxvector_index_test.crexx @ 4:8 - #UNUSED_IMPORT: Import is recognised but not used., "rxfnsb"
Warning in rxvector_index_test.crexx @ 28:6 - #NOT_IN_SAME_SCOPE: Implicit use creates a separate binding; the earlier same-named binding is at line 25, column 6. Declare this binding explicitly if intentional., "n"
Warning in rxvector_index_test.crexx @ 45:5 - #NOT_IN_SAME_SCOPE: Implicit use creates a separate binding; the earlier same-named binding is at line 37, column 5. Declare this binding explicitly if intentional., "ignored"
3 warning(s) in source file
[ 84%] Built target rxvector_index_rxtvm_noopt_artifact
[ 84%] Built target rxsqlite_test_artifacts
[ 84%] Built target testrexx0
[ 84%] Built target testOS
[ 84%] Generating ts_http_codec_rxtvm_opt.rxbin
[ 84%] cREXX compile and assemble rxfnsc runtime RexxClassicBifTime ...
[ 84%] Built target rxvector_rxtvm_opt_artifact
[ 85%] Generating ts_http_codec_rxbvm_noopt.rxbin
[ 85%] cREXX compile and assemble rxfnsc runtime RexxClassicBifTrace ...
[ 85%] Built target ts_http_codec_rxtvm_opt_artifact
[ 85%] Built target ts_http_codec_rxbvm_noopt_artifact
[ 85%] Generating ts_http_codec_rxbvm_opt.rxbin
[ 85%] Generating ts_http_codec_rxtvm_noopt.rxbin
[ 85%] Built target ts_http_codec_rxtvm_noopt_artifact
[ 85%] Generating llm_http_fixture_opt-linked.rxbin
[ 85%] Built target ts_http_codec_rxbvm_opt_artifact
[ 85%] Generating llm_http_fixture_noopt-linked.rxbin
[ 85%] cREXX compile and assemble rxfnsc runtime RexxClassicBifTranslate ...
[ 85%] cREXX compile and assemble rxfnsc runtime RexxClassicBifTrunc ...
[ 85%] cREXX compile and assemble rxfnsc runtime RexxClassicBifValue ...
[ 85%] cREXX compile and assemble rxfnsc runtime RexxClassicBifVerify ...
[ 85%] Built target ts_llm_http_fixture_noopt
[ 85%] Generating ts_math_numeric_rxtvm_opt.rxbin
[ 85%] Built target ts_llm_http_fixture_opt
[ 85%] Generating ts_math_numeric_rxbvm_noopt.rxbin
[ 85%] cREXX compile and assemble rxfnsc runtime RexxClassicBifWord ...
[ 85%] Built target ts_math_numeric_rxtvm_opt_artifact
[ 85%] Generating ts_math_numeric_rxbvm_opt.rxbin
[ 85%] Built target ts_math_numeric_rxbvm_noopt_artifact
[ 85%] Generating ts_math_numeric_rxtvm_noopt.rxbin
[ 85%] cREXX compile and assemble rxfnsc runtime RexxClassicBifWordindex ...
[ 85%] Built target ts_math_numeric_rxbvm_opt_artifact
[ 85%] Generating ts_math_integer_contract_rxtvm_opt.rxbin
[ 85%] Built target ts_math_numeric_rxtvm_noopt_artifact
[ 85%] Generating ts_math_integer_contract_rxbvm_noopt.rxbin
[ 85%] cREXX compile and assemble rxfnsc runtime RexxClassicBifWordlength ...
[ 85%] Built target ts_math_integer_contract_rxbvm_noopt_artifact
[ 85%] Generating ts_math_integer_contract_rxbvm_opt.rxbin
[ 85%] Built target ts_math_integer_contract_rxtvm_opt_artifact
[ 85%] Generating ts_math_integer_contract_rxtvm_noopt.rxbin
[ 85%] cREXX compile and assemble rxfnsc runtime RexxClassicBifWordpos ...
[ 85%] Built target ts_math_integer_contract_rxtvm_noopt_artifact
[ 85%] Generating ts_math_decimal_contract_rxtvm_opt.rxbin
[ 85%] Built target ts_math_integer_contract_rxbvm_opt_artifact
[ 85%] Generating ts_math_decimal_contract_rxbvm_noopt.rxbin
[ 85%] cREXX compile and assemble rxfnsc runtime RexxClassicBifWords ...
[ 85%] Built target ts_math_decimal_contract_rxbvm_noopt_artifact
[ 85%] Generating ts_math_decimal_contract_rxbvm_opt.rxbin
[ 85%] cREXX compile and assemble rxfnsc runtime RexxClassicBifX2b ...
[ 85%] cREXX compile and assemble rxfnsc runtime RexxClassicBifX2c ...
[ 85%] Built target ts_math_decimal_contract_rxtvm_opt_artifact
[ 85%] Generating ts_math_decimal_contract_rxtvm_noopt.rxbin
[ 85%] cREXX compile and assemble rxfnsc runtime RexxClassicBifX2d ...
[ 85%] Built target ts_math_decimal_contract_rxtvm_noopt_artifact
[ 85%] Generating ts_packed_numeric_rxtvm_opt.rxbin
[ 85%] Built target ts_math_decimal_contract_rxbvm_opt_artifact
[ 85%] Generating ts_packed_numeric_rxbvm_noopt.rxbin
[ 86%] cREXX compile and assemble rxfnsc runtime RexxClassicBifXrange ...
[ 86%] Built target ts_packed_numeric_rxbvm_noopt_artifact
[ 86%] Generating ts_packed_numeric_rxbvm_opt.rxbin
[ 86%] Built target ts_packed_numeric_rxtvm_opt_artifact
[ 86%] Generating ts_packed_numeric_rxtvm_noopt.rxbin
[ 86%] Built target rxunicode_casefold_source
[ 86%] Built target rxunicode_case_mapping_source
[ 86%] Generating ts_unicode_grapheme_rxtvm_opt.rxbin
[ 86%] Built target ts_packed_numeric_rxtvm_noopt_artifact
[ 86%] Generating ts_unicode_grapheme_rxbvm_noopt.rxbin
[ 86%] Built target ts_packed_numeric_rxbvm_opt_artifact
[ 86%] Generating ts_unicode_grapheme_rxbvm_opt.rxbin
[ 86%] cREXX Linked rxfnsc Runtime Library Image ...
[ 86%] Built target ts_unicode_grapheme_rxtvm_opt_artifact
[ 86%] Generating ts_unicode_grapheme_rxtvm_noopt.rxbin
[ 86%] Publishing consolidated rxfnsc runtime library image ...
[ 86%] Built target ts_unicode_grapheme_rxbvm_noopt_artifact
[ 86%] Built target rxfnsc
[ 86%] Generating ts_unicode_codec_rxtvm_opt.rxbin
[ 86%] Generating ts_unicode_codec_rxbvm_noopt.rxbin
[ 86%] Built target ts_unicode_grapheme_rxtvm_noopt_artifact
[ 87%] Generating ts_unicode_codec_rxbvm_opt.rxbin
[ 87%] Built target ts_unicode_grapheme_rxbvm_opt_artifact
[ 87%] Generating ts_unicode_codec_rxtvm_noopt.rxbin
[ 87%] Built target ts_unicode_codec_rxbvm_noopt_artifact
[ 87%] Generating ts_unicode_normalization_rxtvm_opt.rxbin
[ 87%] Built target ts_unicode_codec_rxtvm_noopt_artifact
[ 87%] Generating ts_unicode_normalization_rxbvm_noopt.rxbin
[ 87%] Built target ts_unicode_normalization_rxbvm_noopt_artifact
[ 87%] Generating ts_unicode_normalization_rxbvm_opt.rxbin
[ 87%] Built target ts_unicode_normalization_rxtvm_opt_artifact
[ 87%] Generating ts_unicode_normalization_rxtvm_noopt.rxbin
[ 87%] Built target ts_unicode_normalization_rxtvm_noopt_artifact
[ 87%] Generating ts_http_service_contract_opt.rxbin
[ 87%] Built target ts_unicode_codec_rxtvm_opt_artifact
[ 87%] Generating ts_http_service_contract_noopt.rxbin
[ 87%] Built target ts_unicode_normalization_rxbvm_opt_artifact
[ 87%] Generating ts_llm_ollama_opt.rxbin
[ 87%] Built target ts_http_service_contract_opt_artifact
[ 87%] Generating ts_llm_ollama_noopt.rxbin
[ 87%] Built target ts_unicode_codec_rxbvm_opt_artifact
[ 87%] Generating ts_llm_providers_opt.rxbin
[ 87%] Built target ts_http_service_contract_noopt_artifact
[ 87%] Generating ts_llm_providers_noopt.rxbin
[ 87%] Built target ts_llm_ollama_opt_artifact
[ 87%] Generating ts_llm_common_opt.rxbin
[ 87%] Built target ts_llm_ollama_noopt_artifact
[ 87%] Generating ts_llm_common_noopt.rxbin
[ 87%] Built target ts_llm_providers_opt_artifact
[ 87%] Generating ts_http_pooled_rxtvm_opt.rxbin
[ 87%] Built target ts_llm_providers_noopt_artifact
[ 87%] Generating ts_http_pooled_rxbvm_noopt.rxbin
[ 87%] Built target ts_llm_common_opt_artifact
[ 87%] Generating ts_http_pooled_rxbvm_opt.rxbin
[ 87%] Built target ts_llm_common_noopt_artifact
[ 87%] Generating ts_http_pooled_rxtvm_noopt.rxbin
[ 87%] Built target ts_http_pooled_rxbvm_noopt_artifact
[ 87%] Generating ts_http_server_rxtvm_opt.rxbin
[ 87%] Built target ts_http_pooled_rxtvm_opt_artifact
[ 87%] Generating ts_http_server_rxbvm_noopt.rxbin
[ 87%] Built target ts_http_pooled_rxtvm_noopt_artifact
[ 87%] Generating ts_http_server_rxbvm_opt.rxbin
[ 87%] Built target ts_http_pooled_rxbvm_opt_artifact
[ 87%] Generating ts_http_server_rxtvm_noopt.rxbin
[ 87%] Built target ts_http_server_rxbvm_noopt_artifact
[ 87%] Generating ts_http_server_failures_rxtvm_opt.rxbin
[ 87%] Built target ts_http_server_rxtvm_opt_artifact
[ 87%] Generating ts_http_server_failures_rxbvm_noopt.rxbin
[ 87%] Built target ts_http_server_rxtvm_noopt_artifact
[ 87%] Generating ts_http_server_failures_rxbvm_opt.rxbin
[ 87%] Built target ts_http_server_rxbvm_opt_artifact
[ 87%] Generating ts_http_server_failures_rxtvm_noopt.rxbin
[ 87%] Built target ts_http_server_failures_rxbvm_noopt_artifact
[ 87%] Generating ts_http_streaming_rxtvm_opt.rxbin
[ 87%] Built target ts_http_server_failures_rxtvm_opt_artifact
[ 87%] Generating ts_http_streaming_rxbvm_noopt.rxbin
[ 87%] Built target ts_http_server_failures_rxtvm_noopt_artifact
[ 88%] Generating ts_http_streaming_rxbvm_opt.rxbin
[ 88%] Built target ts_http_server_failures_rxbvm_opt_artifact
[ 88%] Generating ts_http_streaming_rxtvm_noopt.rxbin
[ 88%] Built target ts_http_streaming_rxbvm_noopt_artifact
[ 88%] Generating ts_http_crexx_rag_rxtvm_opt.rxbin
[ 88%] Built target ts_http_streaming_rxtvm_noopt_artifact
[ 88%] Generating ts_http_crexx_rag_rxbvm_noopt.rxbin
[ 88%] Built target ts_http_streaming_rxtvm_opt_artifact
[ 88%] Generating ts_http_crexx_rag_rxbvm_opt.rxbin
[ 88%] Built target ts_http_streaming_rxbvm_opt_artifact
[ 88%] Generating ts_http_crexx_rag_rxtvm_noopt.rxbin
[ 88%] Built target ts_http_crexx_rag_rxtvm_opt_artifact
[ 88%] Generating ts_http_tls_live_rxtvm_opt.rxbin
[ 88%] Built target ts_http_crexx_rag_rxbvm_noopt_artifact
[ 88%] Generating ts_http_tls_live_rxbvm_noopt.rxbin
[ 88%] Built target ts_http_crexx_rag_rxbvm_opt_artifact
[ 88%] Generating ts_http_tls_live_rxbvm_opt.rxbin
[ 88%] Built target ts_http_crexx_rag_rxtvm_noopt_artifact
[ 88%] Generating ts_http_tls_live_rxtvm_noopt.rxbin
[ 88%] Built target ts_http_tls_live_rxbvm_noopt_artifact
[ 88%] Generating ts_http_policy_rxtvm_opt.rxbin
[ 88%] Built target ts_http_tls_live_rxtvm_opt_artifact
[ 88%] Generating ts_http_policy_rxbvm_noopt.rxbin
[ 88%] Built target ts_http_tls_live_rxtvm_noopt_artifact
[ 88%] Generating ts_http_policy_rxbvm_opt.rxbin
[ 88%] Built target ts_http_tls_live_rxbvm_opt_artifact
[ 88%] Generating ts_http_policy_rxtvm_noopt.rxbin
[ 88%] Built target ts_http_policy_rxbvm_noopt_artifact
[ 88%] Generating testRexxClassicBifStrip_noopt.rxbin
[ 88%] Built target ts_http_policy_rxtvm_noopt_artifact
[ 88%] Generating testRexxClassicBifStrip_opt.rxbin
[ 88%] Built target ts_http_policy_rxtvm_opt_artifact
[ 88%] Generating testRexxClassicBifSubstr_noopt.rxbin
[ 88%] Built target testRexxClassicBifStrip_noopt_artifact
[ 88%] Generating testRexxClassicBifSubstr_opt.rxbin
[ 88%] Built target ts_http_policy_rxbvm_opt_artifact
[ 88%] Generating testRexxClassicBifSubword_noopt.rxbin
[ 88%] Built target testRexxClassicBifSubstr_noopt_artifact
[ 88%] Generating testRexxClassicBifSubword_opt.rxbin
[ 88%] Built target testRexxClassicBifStrip_opt_artifact
[ 88%] Generating testRexxClassicBifSymbol_noopt.rxbin
[ 88%] Built target testRexxClassicBifSubword_noopt_artifact
[ 88%] Generating testRexxClassicBifSymbol_opt.rxbin
[ 88%] Built target testRexxClassicBifSubstr_opt_artifact
[ 88%] Generating testRexxClassicBifTime_noopt.rxbin
[ 88%] Built target testRexxClassicBifSymbol_noopt_artifact
[ 88%] Generating testRexxClassicBifTime_opt.rxbin
[ 88%] Built target testRexxClassicBifSubword_opt_artifact
[ 88%] Generating testRexxClassicBifTrace_noopt.rxbin
[ 88%] Built target testRexxClassicBifTime_noopt_artifact
[ 88%] Generating testRexxClassicBifTrace_opt.rxbin
[ 88%] Built target testRexxClassicBifSymbol_opt_artifact
[ 88%] Generating testRexxClassicBifTranslate_noopt.rxbin
[ 88%] Built target testRexxClassicBifTrace_noopt_artifact
[ 88%] Generating testRexxClassicBifTranslate_opt.rxbin
[ 88%] Built target testRexxClassicBifTime_opt_artifact
[ 89%] Generating testRexxClassicBifTrunc_noopt.rxbin
[ 89%] Built target testRexxClassicBifTrace_opt_artifact
[ 89%] Generating testRexxClassicBifTrunc_opt.rxbin
[ 89%] Built target testRexxClassicBifTranslate_noopt_artifact
[ 89%] Generating testRexxClassicBifValue_noopt.rxbin
[ 89%] Built target testRexxClassicBifTranslate_opt_artifact
[ 89%] Generating testRexxClassicBifValue_opt.rxbin
[ 89%] Built target testRexxClassicBifTrunc_noopt_artifact
[ 89%] Generating testRexxClassicBifVerify_noopt.rxbin
[ 89%] Built target testRexxClassicBifValue_noopt_artifact
[ 89%] Generating testRexxClassicBifVerify_opt.rxbin
[ 89%] Built target testRexxClassicBifTrunc_opt_artifact
[ 89%] Generating testRexxClassicBifWord_noopt.rxbin
[ 89%] Built target testRexxClassicBifVerify_noopt_artifact
[ 89%] Generating testRexxClassicBifWord_opt.rxbin
[ 89%] Built target testRexxClassicBifValue_opt_artifact
[ 89%] Generating testRexxClassicBifWordindex_noopt.rxbin
[ 89%] Built target testRexxClassicBifWord_noopt_artifact
[ 89%] Generating testRexxClassicBifWordindex_opt.rxbin
[ 89%] Built target testRexxClassicBifVerify_opt_artifact
[ 89%] Generating testRexxClassicBifWordlength_noopt.rxbin
[ 89%] Built target testRexxClassicBifWord_opt_artifact
[ 89%] Generating testRexxClassicBifWordlength_opt.rxbin
[ 89%] Built target testRexxClassicBifWordindex_noopt_artifact
[ 89%] Generating testRexxClassicBifWordpos_noopt.rxbin
[ 89%] Built target testRexxClassicBifWordlength_noopt_artifact
[ 89%] Generating testRexxClassicBifWordpos_opt.rxbin
[ 89%] Built target testRexxClassicBifWordindex_opt_artifact
[ 89%] Generating testRexxClassicBifWords_noopt.rxbin
[ 89%] Built target testRexxClassicBifWordlength_opt_artifact
[ 89%] Generating testRexxClassicBifWords_opt.rxbin
[ 89%] Built target testRexxClassicBifWordpos_noopt_artifact
[ 89%] Generating testRexxClassicBifX2b_noopt.rxbin
[ 89%] Built target testRexxClassicBifWords_noopt_artifact
[ 89%] Generating testRexxClassicBifX2b_opt.rxbin
[ 89%] Built target testRexxClassicBifWordpos_opt_artifact
[ 89%] Generating testRexxClassicBifX2c_noopt.rxbin
[ 89%] Built target testRexxClassicBifWords_opt_artifact
[ 89%] Generating testRexxClassicBifX2c_opt.rxbin
[ 89%] Built target testRexxClassicBifX2b_noopt_artifact
[ 89%] Generating testRexxClassicBifX2d_noopt.rxbin
[ 89%] Built target testRexxClassicBifX2b_opt_artifact
[ 89%] Generating testRexxClassicBifX2d_opt.rxbin
[ 89%] Built target testRexxClassicBifX2c_noopt_artifact
[ 89%] Generating testRexxClassicBifXrange_noopt.rxbin
[ 89%] Built target testRexxClassicBifX2c_opt_artifact
[ 89%] Generating testRexxClassicBifXrange_opt.rxbin
[ 89%] Built target testRexxClassicBifX2d_noopt_artifact
[ 89%] Generating testRexxValue_opt.rxbin
[ 89%] Built target testRexxClassicBifXrange_noopt_artifact
[ 89%] Built target testRexxClassicBifX2d_opt_artifact
[ 89%] Generating testRexxValue_noopt.rxbin
[ 89%] Generating testRexxActivationArguments_opt.rxbin
[ 89%] Built target testRexxClassicBifXrange_opt_artifact
[ 89%] Generating testRexxActivationArguments_noopt.rxbin
[ 89%] Built target testRexxValue_noopt_artifact
[ 89%] Generating testRexxClassicConditionEvent_opt.rxbin
[ 89%] Built target testRexxActivationArguments_noopt_artifact
[ 90%] Generating testRexxClassicConditionEvent_noopt.rxbin
[ 90%] Built target testRexxActivationArguments_opt_artifact
[ 90%] Generating testRexxRuntimePools_opt.rxbin
[ 90%] Built target testRexxClassicConditionEvent_opt_artifact
[ 90%] Generating testRexxRuntimePools_noopt.rxbin
[ 90%] Built target testRexxValue_opt_artifact
[ 90%] Generating testRexxDoState_opt.rxbin
[ 90%] Built target testRexxClassicConditionEvent_noopt_artifact
[ 90%] Generating testRexxDoState_noopt.rxbin
[ 90%] Built target testRexxRuntimePools_noopt_artifact
[ 90%] Generating testRexxClassicBifs_opt.rxbin
[ 90%] Built target testRexxDoState_noopt_artifact
[ 90%] Generating testRexxClassicBifs_noopt.rxbin
[ 90%] Built target testRexxRuntimePools_opt_artifact
[ 90%] Built target testRexxDoState_opt_artifact
[ 90%] Generating testRexxClassicBifAbbrev_opt.rxbin
[ 90%] Generating testRexxClassicBifAbbrev_noopt.rxbin
[ 90%] Built target testRexxClassicBifs_noopt_artifact
[ 90%] Generating testRexxClassicBifAbs_opt.rxbin
[ 90%] Built target testRexxClassicBifAbbrev_noopt_artifact
[ 90%] Generating testRexxClassicBifAbs_noopt.rxbin
[ 90%] Built target testRexxClassicBifAbbrev_opt_artifact
[ 90%] Generating testRexxClassicBifAddress_opt.rxbin
[ 90%] Built target testRexxClassicBifs_opt_artifact
[ 90%] Generating testRexxClassicBifAddress_noopt.rxbin
[ 90%] Built target testRexxClassicBifAbs_opt_artifact
[ 90%] Generating testRexxClassicBifArg_opt.rxbin
[ 90%] Built target testRexxClassicBifAbs_noopt_artifact
[ 90%] Generating testRexxClassicBifArg_noopt.rxbin
[ 90%] Built target testRexxClassicBifAddress_opt_artifact
[ 90%] Generating testRexxClassicBifB2x_opt.rxbin
[ 90%] Built target testRexxClassicBifAddress_noopt_artifact
[ 90%] Generating testRexxClassicBifB2x_noopt.rxbin
[ 90%] Built target testRexxClassicBifArg_opt_artifact
[ 90%] Generating testRexxClassicBifBitwise_opt.rxbin
[ 90%] Built target testRexxClassicBifArg_noopt_artifact
[ 90%] Generating testRexxClassicBifBitwise_noopt.rxbin
[ 90%] Built target testRexxClassicBifB2x_noopt_artifact
[ 90%] Generating testRexxClassicBifC2d_opt.rxbin
[ 90%] Built target testRexxClassicBifB2x_opt_artifact
[ 91%] Generating testRexxClassicBifC2d_noopt.rxbin
[ 91%] Built target testRexxClassicBifBitwise_noopt_artifact
[ 91%] Generating testRexxClassicBifC2x_opt.rxbin
[ 91%] Built target testRexxClassicBifC2d_noopt_artifact
[ 91%] Generating testRexxClassicBifC2x_noopt.rxbin
[ 91%] Built target testRexxClassicBifC2d_opt_artifact
[ 91%] Generating testRexxClassicBifCenter_opt.rxbin
[ 91%] Built target testRexxClassicBifBitwise_opt_artifact
[ 91%] Generating testRexxClassicBifCenter_noopt.rxbin
[ 91%] Built target testRexxClassicBifC2x_opt_artifact
[ 91%] Generating testRexxClassicBifCentre_opt.rxbin
[ 91%] Built target testRexxClassicBifC2x_noopt_artifact
[ 91%] Generating testRexxClassicBifCentre_noopt.rxbin
[ 91%] Built target testRexxClassicBifCenter_opt_artifact
[ 91%] Generating testRexxClassicBifChangestr_opt.rxbin
[ 91%] Built target testRexxClassicBifCenter_noopt_artifact
[ 91%] Generating testRexxClassicBifChangestr_noopt.rxbin
[ 91%] Built target testRexxClassicBifCentre_opt_artifact
[ 91%] Generating testRexxClassicBifCompare_opt.rxbin
[ 91%] Built target testRexxClassicBifCentre_noopt_artifact
[ 91%] Generating testRexxClassicBifCompare_noopt.rxbin
[ 91%] Built target testRexxClassicBifChangestr_noopt_artifact
[ 91%] Generating testRexxClassicBifCondition_opt.rxbin
[ 91%] Built target testRexxClassicBifChangestr_opt_artifact
[ 91%] Generating testRexxClassicBifCondition_noopt.rxbin
[ 91%] Built target testRexxClassicBifCompare_opt_artifact
[ 91%] Generating testRexxClassicBifCopies_opt.rxbin
[ 91%] Built target testRexxClassicBifCompare_noopt_artifact
[ 91%] Generating testRexxClassicBifCopies_noopt.rxbin
[ 91%] Built target testRexxClassicBifCondition_noopt_artifact
[ 91%] Generating testRexxClassicBifCountstr_opt.rxbin
[ 91%] Built target testRexxClassicBifCondition_opt_artifact
[ 91%] Generating testRexxClassicBifCountstr_noopt.rxbin
[ 91%] Built target testRexxClassicBifCopies_noopt_artifact
[ 91%] Generating testRexxClassicBifD2x_opt.rxbin
[ 91%] Built target testRexxClassicBifCopies_opt_artifact
[ 91%] Generating testRexxClassicBifD2x_noopt.rxbin
[ 91%] Built target testRexxClassicBifCountstr_opt_artifact
[ 91%] Generating testRexxClassicBifD2c_opt.rxbin
[ 91%] Built target testRexxClassicBifCountstr_noopt_artifact
[ 91%] Generating testRexxClassicBifD2c_noopt.rxbin
[ 91%] Built target testRexxClassicBifD2x_noopt_artifact
[ 91%] Generating testRexxClassicBifDate_opt.rxbin
[ 91%] Built target testRexxClassicBifD2x_opt_artifact
[ 91%] Generating testRexxClassicBifDate_noopt.rxbin
[ 91%] Built target testRexxClassicBifD2c_noopt_artifact
[ 91%] Built target testRexxClassicBifD2c_opt_artifact
[ 91%] Generating testRexxClassicBifDatatype_opt.rxbin
[ 91%] Generating testRexxClassicBifDatatype_noopt.rxbin
[ 91%] Built target testRexxClassicBifDate_noopt_artifact
[ 91%] Generating testRexxClassicBifDelstr_opt.rxbin
[ 91%] Built target testRexxClassicBifDate_opt_artifact
[ 92%] Generating testRexxClassicBifDelstr_noopt.rxbin
[ 92%] Built target testRexxClassicBifDatatype_noopt_artifact
[ 92%] Generating testRexxClassicBifDelword_opt.rxbin
[ 92%] Built target testRexxClassicBifDelstr_noopt_artifact
[ 92%] Generating testRexxClassicBifDelword_noopt.rxbin
[ 92%] Built target testRexxClassicBifDelstr_opt_artifact
[ 92%] Generating testRexxClassicBifErrortext_opt.rxbin
[ 92%] Built target testRexxClassicBifDatatype_opt_artifact
[ 92%] Generating testRexxClassicBifErrortext_noopt.rxbin
[ 92%] Built target testRexxClassicBifDelword_opt_artifact
[ 92%] Generating testRexxClassicBifFormat_opt.rxbin
[ 92%] Built target testRexxClassicBifDelword_noopt_artifact
[ 92%] Generating testRexxClassicBifFormat_noopt.rxbin
[ 92%] Built target testRexxClassicBifErrortext_opt_artifact
[ 92%] Generating testRexxClassicBifInsert_opt.rxbin
[ 92%] Built target testRexxClassicBifErrortext_noopt_artifact
[ 92%] Generating testRexxClassicBifInsert_noopt.rxbin
[ 92%] Built target testRexxClassicBifFormat_opt_artifact
[ 92%] Generating testRexxClassicBifLastpos_opt.rxbin
[ 92%] Built target testRexxClassicBifFormat_noopt_artifact
[ 92%] Generating testRexxClassicBifLastpos_noopt.rxbin
[ 92%] Built target testRexxClassicBifInsert_noopt_artifact
[ 92%] Generating testRexxClassicBifLeft_opt.rxbin
[ 92%] Built target testRexxClassicBifInsert_opt_artifact
[ 92%] Generating testRexxClassicBifLeft_noopt.rxbin
[ 92%] Built target testRexxClassicBifLastpos_noopt_artifact
[ 92%] Generating testRexxClassicBifLength_opt.rxbin
[ 92%] Built target testRexxClassicBifLastpos_opt_artifact
[ 92%] Generating testRexxClassicBifLength_noopt.rxbin
[ 92%] Built target testRexxClassicBifLeft_opt_artifact
[ 92%] Generating testRexxClassicBifMax_opt.rxbin
[ 92%] Built target testRexxClassicBifLeft_noopt_artifact
[ 92%] Generating testRexxClassicBifMax_noopt.rxbin
[ 92%] Built target testRexxClassicBifLength_opt_artifact
[ 92%] Generating testRexxClassicBifMin_opt.rxbin
[ 92%] Built target testRexxClassicBifLength_noopt_artifact
[ 92%] Generating testRexxClassicBifMin_noopt.rxbin
[ 92%] Built target testRexxClassicBifMax_opt_artifact
[ 92%] Generating testRexxClassicBifNumeric_opt.rxbin
[ 92%] Built target testRexxClassicBifMax_noopt_artifact
[ 92%] Generating testRexxClassicBifNumeric_noopt.rxbin
[ 92%] Built target testRexxClassicBifMin_noopt_artifact
[ 92%] Generating testRexxClassicBifOverlay_opt.rxbin
[ 92%] Built target testRexxClassicBifMin_opt_artifact
[ 92%] Generating testRexxClassicBifOverlay_noopt.rxbin
[ 92%] Built target testRexxClassicBifNumeric_opt_artifact
[ 92%] Built target testRexxClassicBifNumeric_noopt_artifact
[ 92%] Generating testRexxClassicBifPos_opt.rxbin
[ 92%] Generating testRexxClassicBifPos_noopt.rxbin
[ 92%] Built target testRexxClassicBifOverlay_noopt_artifact
[ 93%] Generating testRexxClassicBifQueued_opt.rxbin
[ 93%] Built target testRexxClassicBifOverlay_opt_artifact
[ 93%] Generating testRexxClassicBifQueued_noopt.rxbin
[ 93%] Built target testRexxClassicBifPos_noopt_artifact
[ 93%] Generating testRexxClassicBifRandom_opt.rxbin
[ 93%] Built target testRexxClassicBifPos_opt_artifact
[ 93%] Generating testRexxClassicBifRandom_noopt.rxbin
[ 93%] Built target testRexxClassicBifQueued_opt_artifact
[ 93%] Generating testRexxClassicBifReverse_opt.rxbin
[ 93%] Built target testRexxClassicBifQueued_noopt_artifact
[ 93%] Generating testRexxClassicBifReverse_noopt.rxbin
[ 93%] Built target testRexxClassicBifRandom_opt_artifact
[ 93%] Generating testRexxClassicBifRight_opt.rxbin
[ 93%] Built target testRexxClassicBifRandom_noopt_artifact
[ 93%] Generating testRexxClassicBifRight_noopt.rxbin
[ 93%] Built target testRexxClassicBifReverse_opt_artifact
[ 93%] Generating testRexxClassicBifSign_opt.rxbin
[ 93%] Built target testRexxClassicBifReverse_noopt_artifact
[ 93%] Generating testRexxClassicBifSign_noopt.rxbin
[ 93%] Built target testRexxClassicBifRight_noopt_artifact
[ 93%] Generating testRexxClassicBifSourceline_opt.rxbin
[ 93%] Built target testRexxClassicBifRight_opt_artifact
[ 93%] Generating testRexxClassicBifSourceline_noopt.rxbin
[ 93%] Built target testRexxClassicBifSign_opt_artifact
[ 93%] Generating testRexxClassicBifSpace_opt.rxbin
[ 93%] Built target testRexxClassicBifSign_noopt_artifact
[ 93%] Generating testRexxClassicBifSpace_noopt.rxbin
[ 93%] Built target testRexxClassicBifSourceline_opt_artifact
[ 93%] Building portable Level G cREXX TUI driver
[ 93%] Built target testRexxClassicBifSourceline_noopt_artifact
[ 93%] Generating ../../bin/ui_ansi.rxbin
[ 93%] Built target testRexxClassicBifSpace_noopt_artifact
[ 93%] Built target levelbfunc
[ 93%] Generating rxpa_objects_noopt-linked.rxbin
[ 93%] Built target testRexxClassicBifSpace_opt_artifact
[ 93%] Generating rxpa_objects_opt-linked.rxbin
[ 93%] Built target ui_tui
[ 93%] Compiling address_llm_host.crexx ...
[ 93%] Built target ui_ansi
[ 93%] Compiling Level C SAY host output fixture ...
[ 93%] Built target levelc_say_host_output_bin
[ 93%] Compiling Level C ADDRESS host callback fixture ...
[ 93%] Compiling llm_address_environment.crexx ...
[ 93%] Linking Level G LLM ADDRESS fixture with its concurrency classes ...
[ 93%] Generating rxpa_objects_class_only_noopt-linked.rxbin
[ 93%] Generating rxpa_objects_class_only_opt-linked.rxbin
[ 93%] Built target address_llm_fixture_bin
[ 93%] Compiling levelc_arg_host_entry.rexx ...
[ 93%] Built target levelc_arg_host_entry_bin
[ 93%] Compiling Level C CALL host provider ...
[ 93%] Compiling Level C CALL host entry ...
[ 93%] Built target levelc_call_host_entry_bin
[ 93%] Compiling Level C RETURN host entry ...
[ 93%] Built target levelc_return_status7_bin
[ 93%] Compiling Level C EXIT host entry ...
[ 93%] Generating rxpa_objects_workers_noopt-linked.rxbin
[ 93%] Generating rxpa_objects_workers_opt-linked.rxbin
[ 93%] Built target levelc_exit_status7_bin
[ 93%] Staging immutable RexxScript compiler imports ...
[ 93%] Built target rexxscript_imports
[ 93%] Compiling test_trace_exit.crexx with exit (noopt)
[ 93%] Compiling test_trace_exit.crexx with exit (opt)
[ 93%] Built target test_trace_exit_bin
[ 93%] Compiling test_trace_negated_string.crexx with exit (noopt)
[ 93%] Compiling test_trace_negated_string.crexx with exit (opt)
[ 93%] Built target test_trace_negated_string_bin
[ 93%] Compiling test_trace_results.crexx with exit (noopt)
[ 93%] Generating rxpa_objects_text_worker_noopt-linked.rxbin
[ 93%] Generating rxpa_objects_text_worker_opt-linked.rxbin
[ 93%] Compiling test_trace_results.crexx with exit (opt)
[ 93%] Built target test_trace_results_bin
[ 93%] Compiling test_trace_llm.crexx with exit (noopt)
[ 93%] Compiling test_trace_llm.crexx with exit (opt)
[ 93%] Built target test_trace_llm_bin
[ 93%] Compiling test_trace_stderr.crexx with exit (noopt)
[ 94%] Compiling test_trace_stderr.crexx with exit (opt)
[ 94%] Compiling test_trace_file.crexx with exit (noopt)
[ 94%] Built target rxpa_objects_artifacts
[ 94%] Compiling test_trace_normal_quiet.crexx with exit (noopt)
[ 94%] Built target test_trace_stderr_bin
[ 94%] Compiling test_trace_normal_command.crexx with exit (noopt)
[ 94%] Compiling test_trace_file.crexx with exit (opt)
[ 94%] Compiling test_trace_normal_quiet.crexx with exit (opt)
[ 94%] Compiling test_trace_normal_command.crexx with exit (opt)
[ 94%] Built target test_trace_file_bin
[ 94%] Compiling test_trace_env.crexx with exit (noopt)
[ 94%] Built target test_trace_normal_quiet_bin
[ 94%] Compiling test_trace_event_batch.crexx with exit (noopt)
[ 94%] Built target test_trace_normal_command_bin
[ 94%] Compiling test_trace_env.crexx with exit (noopt)
[ 94%] Compiling test_trace_env.crexx with exit (opt)
[ 94%] Compiling test_trace_event_batch.crexx with exit (opt)
[ 94%] Compiling test_trace_env.crexx with exit (opt)
[ 94%] Built target test_trace_env_bin
[ 94%] Compiling test_trace_env_ignored.crexx with exit (noopt)
[ 94%] Built target test_trace_event_batch_bin
[ 94%] Compiling test_trace_source_jump_helper.crexx (noopt)
[ 94%] Built target test_trace_env_invalid_bin
[ 94%] Compiling test_trace_namespace_commands.crexx with exit (noopt)
[ 94%] Compiling test_trace_source_jump_helper.crexx (opt)
[ 95%] Compiling test_trace_env_ignored.crexx with exit (opt)
[ 95%] Compiling test_trace_namespace_commands.crexx with exit (opt)
[ 95%] Compiling test_trace_source_jump.crexx with exit (noopt)
[ 95%] Built target test_trace_env_ignored_bin
[ 95%] Built target rxstats_test
[ 95%] Built target test_trace_namespace_commands_bin
[ 95%] Built target rxvector_test
[ 95%] Compiling test_trace_source_jump.crexx with exit (opt)
[ 95%] Built target testclasses
[ 95%] Built target ts_http_codec
[ 95%] Built target ts_llm_http_fixture
[ 95%] Built target ts_math_numeric
[ 95%] Built target ts_math_integer_contract
[ 95%] Built target ts_math_decimal_contract
[ 95%] Built target ts_packed_numeric
[ 95%] Generating ts_unicode_casefold_rxtvm_opt.rxbin
[ 95%] Generating ts_unicode_casefold_rxbvm_noopt.rxbin
[ 95%] Built target ts_unicode_casefold_rxbvm_noopt_artifact
[ 95%] Generating ts_unicode_casefold_rxbvm_opt.rxbin
[ 95%] Built target test_trace_source_jump_bin
[ 95%] Generating ts_unicode_casefold_rxtvm_noopt.rxbin
[ 95%] Built target ts_unicode_casefold_rxtvm_noopt_artifact
[ 95%] Generating ts_unicode_case_mapping_rxtvm_opt.rxbin
[ 95%] Built target ts_unicode_casefold_rxtvm_opt_artifact
[ 95%] Generating ts_unicode_case_mapping_rxbvm_noopt.rxbin
[ 95%] Built target ts_unicode_case_mapping_rxbvm_noopt_artifact
[ 95%] Generating ts_unicode_case_mapping_rxbvm_opt.rxbin
[ 95%] Built target ts_unicode_casefold_rxbvm_opt_artifact
[ 95%] Generating ts_unicode_case_mapping_rxtvm_noopt.rxbin
[ 95%] Built target ts_unicode_case_mapping_rxtvm_opt_artifact
[ 95%] Built target ts_unicode_grapheme
[ 95%] Built target ts_unicode_codec
[ 95%] Built target ts_unicode_normalization
[ 95%] Built target ts_http_service_contract
[ 95%] Built target ts_llm_ollama
[ 95%] Built target ts_llm_providers
[ 95%] Built target ts_llm_common
[ 95%] Built target ts_http_pooled
[ 95%] Built target ts_http_server
[ 95%] Built target ts_http_server_failures
[ 95%] Built target ts_http_streaming
[ 95%] Built target ts_http_crexx_rag
[ 95%] Built target ts_http_tls_live
[ 95%] Built target ts_http_policy
[ 95%] Built target testRexxClassicBifStrip
[ 95%] Built target testRexxClassicBifSubstr
[ 95%] Built target testRexxClassicBifSubword
[ 95%] Built target testRexxClassicBifSymbol
[ 95%] Built target testRexxClassicBifTime
[ 95%] Built target testRexxClassicBifTrace
[ 95%] Built target testRexxClassicBifTranslate
[ 95%] Built target testRexxClassicBifTrunc
[ 95%] Built target testRexxClassicBifValue
[ 95%] Built target testRexxClassicBifVerify
[ 95%] Built target testRexxClassicBifWord
[ 95%] Built target testRexxClassicBifWordindex
[ 95%] Built target testRexxClassicBifWordlength
[ 95%] Built target testRexxClassicBifWordpos
[ 95%] Built target testRexxClassicBifWords
[ 95%] Built target testRexxClassicBifX2b
[ 95%] Built target testRexxClassicBifX2c
[ 95%] Built target testRexxClassicBifX2d
[ 95%] Built target ts_unicode_case_mapping_rxtvm_noopt_artifact
[ 95%] Built target testRexxValue
[ 95%] Built target testRexxClassicBifXrange
[ 95%] Built target testRexxClassicConditionEvent
[ 95%] Built target testRexxActivationArguments
[ 95%] Built target testRexxDoState
[ 95%] Built target testRexxRuntimePools
[ 95%] Built target testRexxClassicBifAbbrev
[ 95%] Built target testRexxClassicBifs
[ 95%] Built target testRexxClassicBifAddress
[ 95%] Built target testRexxClassicBifAbs
[ 95%] Built target testRexxClassicBifB2x
[ 95%] Built target testRexxClassicBifArg
[ 95%] Built target testRexxClassicBifC2d
[ 95%] Built target testRexxClassicBifBitwise
[ 95%] Built target testRexxClassicBifC2x
[ 95%] Built target testRexxClassicBifCenter
[ 95%] Built target testRexxClassicBifCentre
[ 95%] Built target testRexxClassicBifChangestr
[ 95%] Built target testRexxClassicBifCondition
[ 95%] Built target testRexxClassicBifCompare
[ 95%] Built target testRexxClassicBifCopies
[ 95%] Built target testRexxClassicBifCountstr
[ 95%] Built target testRexxClassicBifD2c
[ 95%] Built target testRexxClassicBifD2x
[ 95%] Built target testRexxClassicBifDatatype
[ 95%] Built target testRexxClassicBifDate
[ 95%] Built target testRexxClassicBifDelword
[ 95%] Built target testRexxClassicBifDelstr
[ 95%] Built target testRexxClassicBifFormat
[ 95%] Built target testRexxClassicBifErrortext
[ 95%] Built target testRexxClassicBifInsert
[ 95%] Built target testRexxClassicBifLastpos
[ 95%] Built target testRexxClassicBifLength
[ 95%] Built target testRexxClassicBifLeft
[ 95%] Built target testRexxClassicBifMax
[ 95%] Built target testRexxClassicBifMin
[ 95%] Built target testRexxClassicBifNumeric
[ 95%] Built target testRexxClassicBifOverlay
[ 95%] Built target testRexxClassicBifPos
[ 95%] Built target testRexxClassicBifQueued
[ 95%] Built target testRexxClassicBifReverse
[ 95%] Built target testRexxClassicBifRandom
[ 95%] Built target testRexxClassicBifSign
[ 95%] Built target testRexxClassicBifRight
[ 95%] Built target testRexxClassicBifSourceline
[ 95%] Built target testRexxClassicBifSpace
[ 95%] Generating ui_ansi_edges_noopt.rxbin
[ 95%] Generating ui_ansi_edges_opt.rxbin
[ 95%] Built target ts_unicode_case_mapping_rxbvm_opt_artifact
[ 95%] Generating ui_tui_contract_noopt.rxbin
[ 95%] Built target ui_ansi_edges_noopt_artifact
[ 95%] Generating ui_tui_contract_opt.rxbin
[ 95%] Built target ui_ansi_edges_opt_artifact
[ 95%] Building C object compiler/tests/CMakeFiles/test_levelc_say_host_output.dir/src/test_levelc_say_host_output.c.o
[ 95%] Linking C executable test_levelc_say_host_output
[ 95%] Built target ui_tui_contract_noopt_artifact
[ 95%] Linking C executable test_levelc_arg_host_entry
[ 95%] Built target test_levelc_say_host_output
[ 95%] Building C object compiler/tests/CMakeFiles/test_levelc_call_host_entry.dir/src/test_levelc_call_host_entry.c.o
[ 95%] Built target test_levelc_arg_host_entry
[ 95%] Linking C executable test_levelc_call_host_entry
[ 95%] Building C object compiler/tests/CMakeFiles/test_levelc_return_host_entry.dir/src/test_levelc_completion_host_entry.c.o
[ 95%] Linking C executable test_levelc_return_host_entry
[ 95%] Built target test_levelc_call_host_entry
[ 95%] Linking C executable test_levelc_exit_host_entry
[ 95%] Built target test_levelc_return_host_entry
[ 95%] cREXX compile and assemble RexxScript runtime RexxScriptEvaluator ...
[ 96%] Built target test_levelc_exit_host_entry
[ 96%] Built target ts_unicode_casefold
[ 96%] Built target ts_unicode_case_mapping
[ 96%] Built target testrxfnsc
[ 96%] Built target testrxfnsg
[ 96%] Built target ui_tui_contract_opt_artifact
[ 96%] Built target ui_functional_tests
Warning in RexxScriptEvaluator.crexx @ 266:10 - #NOT_IN_SAME_SCOPE: Implicit use creates a separate binding; the earlier same-named binding is at line 249, column 8. Declare this binding explicitly if intentional., "i"
Warning in RexxScriptEvaluator.crexx @ 608:7 - #NOT_IN_SAME_SCOPE: Implicit use creates a separate binding; the earlier same-named binding is at line 600, column 7. Declare this binding explicitly if intentional., "expr"
2 warning(s) in source file
[ 96%] cREXX compile and assemble RexxScript runtime RexxScriptRuntime ...
[ 96%] cREXX compile and assemble RexxScript runtime RexxScriptEvaluateCompat ...
[ 96%] cREXX Linked RexxScript Runtime Library Image ...
[ 96%] Publishing consolidated RexxScript runtime library image ...
[ 96%] Built target rexxscript
[ 96%] Compiling test_rexxscript.crexx with exit (noopt)
[ 96%] C Packing cREXX Core Libraries ...
[ 96%] Staging deterministic crexx driver imports ...
[ 96%] Built target crexx_driver_imports
[ 96%] Compiling test_rexxscript_direct.crexx with exit (noopt)
[ 96%] Compiling test_rexxscript.crexx with exit (opt)
[ 96%] Compiling test_rexxscript_direct.crexx with exit (opt)
[ 96%] Built target packed_library
[ 96%] Stage immutable rxpp compiler imports ...
[ 96%] Built target rxpp_compiler_imports
[ 96%] Staging deterministic RexxScript runner imports ...
[ 96%] Built target rexxscript_runner_imports
[ 96%] Generating testRexxScriptRuntime_noopt.rxbin
[ 96%] Built target test_rexxscript_bin
[ 96%] Generating testRexxScriptRuntime_opt.rxbin
[ 96%] Built target testRexxScriptRuntime_noopt_artifact
[ 96%] Generating testRexxScriptCompat_noopt.rxbin
[ 96%] Built target test_rexxscript_direct_bin
[ 96%] Generating testRexxScriptCompat_opt.rxbin
[ 96%] Built target testRexxScriptCompat_noopt_artifact
[ 96%] Bootstrapping the installed crexx project-build worker ...
[ 96%] Built target testRexxScriptCompat_opt_artifact
[ 96%] Building C object interpreter/CMakeFiles/rxvme.dir/rxvmmain.c.o
/Users/adrian/CLionProjects/CREXX/interpreter/rxvmmain.c:387:13: warning: 'sprintf' is deprecated: This function is provided for compatibility reasons only.  Due to security concerns inherent in the design of sprintf(3), it is highly recommended that you use snprintf(3) instead. [-Wdeprecated-declarations]
  387 |             sprintf(installed_provider_path, "%s/providers", exe_path);
      |             ^
/Library/Developer/CommandLineTools/SDKs/MacOSX.sdk/usr/include/_stdio.h:278:1: note: 'sprintf' has been explicitly marked deprecated here
  278 | __deprecated_msg("This function is provided for compatibility reasons only.  Due to security concerns inherent in the design of sprintf(3), it is highly recommended that you use snprintf(3) instead.")
      | ^
/Library/Developer/CommandLineTools/SDKs/MacOSX.sdk/usr/include/sys/cdefs.h:227:48: note: expanded from macro '__deprecated_msg'
  227 |         #define __deprecated_msg(_msg) __attribute__((__deprecated__(_msg)))
      |                                                       ^
/Users/adrian/CLionProjects/CREXX/interpreter/rxvmmain.c:404:9: warning: 'sprintf' is deprecated: This function is provided for compatibility reasons only.  Due to security concerns inherent in the design of sprintf(3), it is highly recommended that you use snprintf(3) instead. [-Wdeprecated-declarations]
  404 |         sprintf(combined_location, ".;%s;%s", context.location, exe_path);
      |         ^
/Library/Developer/CommandLineTools/SDKs/MacOSX.sdk/usr/include/_stdio.h:278:1: note: 'sprintf' has been explicitly marked deprecated here
  278 | __deprecated_msg("This function is provided for compatibility reasons only.  Due to security concerns inherent in the design of sprintf(3), it is highly recommended that you use snprintf(3) instead.")
      | ^
/Library/Developer/CommandLineTools/SDKs/MacOSX.sdk/usr/include/sys/cdefs.h:227:48: note: expanded from macro '__deprecated_msg'
  227 |         #define __deprecated_msg(_msg) __attribute__((__deprecated__(_msg)))
      |                                                       ^
/Users/adrian/CLionProjects/CREXX/interpreter/rxvmmain.c:408:9: warning: 'sprintf' is deprecated: This function is provided for compatibility reasons only.  Due to security concerns inherent in the design of sprintf(3), it is highly recommended that you use snprintf(3) instead. [-Wdeprecated-declarations]
  408 |         sprintf(combined_location, ".;%s", exe_path);
      |         ^
/Library/Developer/CommandLineTools/SDKs/MacOSX.sdk/usr/include/_stdio.h:278:1: note: 'sprintf' has been explicitly marked deprecated here
  278 | __deprecated_msg("This function is provided for compatibility reasons only.  Due to security concerns inherent in the design of sprintf(3), it is highly recommended that you use snprintf(3) instead.")
      | ^
/Library/Developer/CommandLineTools/SDKs/MacOSX.sdk/usr/include/sys/cdefs.h:227:48: note: expanded from macro '__deprecated_msg'
  227 |         #define __deprecated_msg(_msg) __attribute__((__deprecated__(_msg)))
      |                                                       ^
3 warnings generated.
[ 96%] Building C object interpreter/CMakeFiles/rxvme.dir/library.c.o
[ 96%] Built target crexx_build_worker
[ 96%] Building C object interpreter/CMakeFiles/rxbvme.dir/rxvmmain.c.o
/Users/adrian/CLionProjects/CREXX/interpreter/rxvmmain.c:387:13: warning: 'sprintf' is deprecated: This function is provided for compatibility reasons only.  Due to security concerns inherent in the design of sprintf(3), it is highly recommended that you use snprintf(3) instead. [-Wdeprecated-declarations]
  387 |             sprintf(installed_provider_path, "%s/providers", exe_path);
      |             ^
/Library/Developer/CommandLineTools/SDKs/MacOSX.sdk/usr/include/_stdio.h:278:1: note: 'sprintf' has been explicitly marked deprecated here
  278 | __deprecated_msg("This function is provided for compatibility reasons only.  Due to security concerns inherent in the design of sprintf(3), it is highly recommended that you use snprintf(3) instead.")
      | ^
/Library/Developer/CommandLineTools/SDKs/MacOSX.sdk/usr/include/sys/cdefs.h:227:48: note: expanded from macro '__deprecated_msg'
  227 |         #define __deprecated_msg(_msg) __attribute__((__deprecated__(_msg)))
      |                                                       ^
/Users/adrian/CLionProjects/CREXX/interpreter/rxvmmain.c:404:9: warning: 'sprintf' is deprecated: This function is provided for compatibility reasons only.  Due to security concerns inherent in the design of sprintf(3), it is highly recommended that you use snprintf(3) instead. [-Wdeprecated-declarations]
  404 |         sprintf(combined_location, ".;%s;%s", context.location, exe_path);
      |         ^
/Library/Developer/CommandLineTools/SDKs/MacOSX.sdk/usr/include/_stdio.h:278:1: note: 'sprintf' has been explicitly marked deprecated here
  278 | __deprecated_msg("This function is provided for compatibility reasons only.  Due to security concerns inherent in the design of sprintf(3), it is highly recommended that you use snprintf(3) instead.")
      | ^
/Library/Developer/CommandLineTools/SDKs/MacOSX.sdk/usr/include/sys/cdefs.h:227:48: note: expanded from macro '__deprecated_msg'
  227 |         #define __deprecated_msg(_msg) __attribute__((__deprecated__(_msg)))
      |                                                       ^
/Users/adrian/CLionProjects/CREXX/interpreter/rxvmmain.c:408:9: warning: 'sprintf' is deprecated: This function is provided for compatibility reasons only.  Due to security concerns inherent in the design of sprintf(3), it is highly recommended that you use snprintf(3) instead. [-Wdeprecated-declarations]
  408 |         sprintf(combined_location, ".;%s", exe_path);
      |         ^
/Library/Developer/CommandLineTools/SDKs/MacOSX.sdk/usr/include/_stdio.h:278:1: note: 'sprintf' has been explicitly marked deprecated here
  278 | __deprecated_msg("This function is provided for compatibility reasons only.  Due to security concerns inherent in the design of sprintf(3), it is highly recommended that you use snprintf(3) instead.")
      | ^
/Library/Developer/CommandLineTools/SDKs/MacOSX.sdk/usr/include/sys/cdefs.h:227:48: note: expanded from macro '__deprecated_msg'
  227 |         #define __deprecated_msg(_msg) __attribute__((__deprecated__(_msg)))
      |                                                       ^
3 warnings generated.
[ 96%] Building C object interpreter/CMakeFiles/rxbvme.dir/library.c.o
[ 96%] Built target testRexxScriptRuntime_opt_artifact
[ 96%] Compile and assemble rxpp in its private member directory ...
[ 96%] Linking C executable ../bin/rxvme
[ 96%] Built target rxvme
Warning in rxpp.crexx @ 985:4 - #NOT_IN_SAME_SCOPE: Implicit use creates a separate binding; the earlier same-named binding is at line 977, column 7. Declare this binding explicitly if intentional., "i"
Warning in rxpp.crexx @ 2084:9 - #NOT_IN_SAME_SCOPE: Implicit use creates a separate binding; the earlier same-named binding is at line 2060, column 9. Declare this binding explicitly if intentional., "p"
Warning in rxpp.crexx @ 2239:4 - #NOT_IN_SAME_SCOPE: Implicit use creates a separate binding; the earlier same-named binding is at line 2234, column 6. Declare this binding explicitly if intentional., "cmt"
3 warning(s) in source file
[ 96%] Built target testRexxScriptRuntime
[ 96%] Built target testRexxScriptCompat
[ 96%] cREXX compile, assemble, link and package crexx ...
[ 97%] Linking C executable ../bin/rxbvme
[ 97%] Built target rxbvme
[ 97%] Building the linein(stdin) prompt regression
[ 97%] Built target ts_linein_stdin_artifact
[ 97%] cREXX compile, assemble, link and package standalone RexxScript runner ...
[ 98%] Building C object rexxscript/CMakeFiles/rexxscript_cli.dir/RexxScriptRunner.c.o
[ 98%] Built target levelc_address_host_callback_bin
[ 98%] Linking C executable test_levelc_address_host_callback
[ 98%] Built target test_levelc_address_host_callback
[ 98%] Built target testbifs
[ 98%] Linking C executable ../bin/rexxscript
[ 98%] Built target rexxscript_cli
[ 98%] Built target testrexxscript
[ 98%] Link the private rxpp runtime image ...
[ 98%] Package the private rxpp runtime image as C ...
[ 98%] Building C object preprocessor/CMakeFiles/rxpp.dir/generated/rxpp/rxpp.c.o
[ 98%] Linking C executable ../bin/rxpp
[ 98%] Built target rxpp
[ 98%] Generating treemap_test.crexx
[ 98%] Generating treemap_test.crexx
[ 98%] Linking C executable ../bin/rxpp-sh
[ 98%] Built target rxpp_sh
[ 98%] Generating recv390_test.crexx
[ 98%] Generating treemap_test_opt.rxbin
[ 98%] Generating treemap_test_noopt.rxbin
[ 98%] Generating recv390_test_opt.rxbin
[ 98%] Built target treemap_test_noopt_artifact
[ 98%] Built target treemap_test_opt_artifact
[ 98%] Generating recv390_test_noopt.rxbin
[ 98%] Generating map_test.crexx
[ 98%] Built target recv390_test_opt_artifact
[ 98%] Generating map_test.crexx
[ 98%] Generating map_test_opt.rxbin
[ 98%] Generating map_test_noopt.rxbin
[ 98%] Built target recv390_test_noopt_artifact
[ 98%] Built target rxpa_treemap_test
[ 98%] Built target rxpa_recv390_test
[ 98%] Built target map_test_opt_artifact
[ 98%] Built target map_test_noopt_artifact
[ 98%] Built target rxpa_map_test
[ 98%] Building C object crexx_driver/CMakeFiles/crexx.dir/crexx.c.o
[ 98%] Linking C executable ../bin/crexx
[ 98%] Built target crexx
[100%] Compiling dynamic interface contract ...
[100%] Compiling dynamic interface host ...
[100%] Compiling dynamic interface provider ...
[100%] Built target dynamic_interface_fixture_bin
